{
"type": "FeatureCollection",
"name": "blocks",
"crs": { "type": "name", "properties": { "name": "urn:ogc:def:crs:OGC:1.3:CRS84" } },
"xy_coordinate_resolution": 0.0001,
"features": [
{ "type": "Feature", "properties": { "area_id": "KGIS-T-0101", "name_en": "Chikkodi", "name_kn": "ಚಿಕ್ಕೋಡಿ", "level": "block", "parent_id": "KGIS-D-01", "district_en": "Belagavi", "lgd_code": "5433" }, "geometry": { "type": "Polygon", "coordinates": [ [ [ 74.6583, 16.6054 ], [ 74.6722, 16.6105 ], [ 74.6819, 16.6066 ], [ 74.6864, 16.6075 ], [ 74.6876, 16.6042 ], [ 74.6922, 16.6036 ], [ 74.6921, 16.5942 ], [ 74.7256, 16.5987 ], [ 74.7256, 16.6083 ], [ 74.7522, 16.6089 ], [ 74.771, 16.6058 ], [ 74.7771, 16.5716 ], [ 74.7605, 16.5679 ], [ 74.7481, 16.5683 ], [ 74.7421, 16.5718 ], [ 74.7379, 16.5792 ], [ 74.7269, 16.5807 ], [ 74.7138, 16.5741 ], [ 74.6983, 16.5573 ], [ 74.6879, 16.5513 ], [ 74.6835, 16.5523 ], [ 74.6781, 16.5416 ], [ 74.6814, 16.5388 ], [ 74.6771, 16.5363 ], [ 74.679, 16.5313 ], [ 74.6835, 16.529 ], [ 74.6849, 16.5157 ], [ 74.6815, 16.5148 ], [ 74.6801, 16.5108 ], [ 74.6811, 16.4987 ], [ 74.6756, 16.4844 ], [ 74.6764, 16.479 ], [ 74.6789, 16.481 ], [ 74.6788, 16.4732 ], [ 74.6725, 16.4561 ], [ 74.6811, 16.4542 ], [ 74.6861, 16.4477 ], [ 74.6977, 16.4424 ], [ 74.6937, 16.4158 ], [ 74.7001, 16.4161 ], [ 74.704, 16.4062 ], [ 74.7024, 16.4022 ], [ 74.7054, 16.3974 ], [ 74.7011, 16.3907 ], [ 74.7236, 16.4009 ], [ 74.7288, 16.3811 ], [ 74.741, 16.3787 ], [ 74.7476, 16.3794 ], [ 74.753, 16.3843 ], [ 74.7543, 16.3885 ], [ 74.7611, 16.3932 ], [ 74.7629, 16.4005 ], [ 74.7729, 16.3954 ], [ 74.7712, 16.3923 ], [ 74.7759, 16.3867 ], [ 74.7772, 16.3632 ], [ 74.7718, 16.3428 ], [ 74.768, 16.3371 ], [ 74.7691, 16.3308 ], [ 74.7838, 16.3325 ], [ 74.7997, 16.3393 ], [ 74.8012, 16.3286 ], [ 74.8033, 16.3287 ], [ 74.8032, 16.3208 ], [ 74.7868, 16.3155 ], [ 74.7799, 16.3058 ], [ 74.7752, 16.2922 ], [ 74.7537, 16.284 ], [ 74.7537, 16.2914 ], [ 74.7458, 16.2938 ], [ 74.7458, 16.2963 ], [ 74.7334, 16.2965 ], [ 74.7341, 16.3064 ], [ 74.7243, 16.3071 ], [ 74.7231, 16.3118 ], [ 74.7188, 16.3152 ], [ 74.6966, 16.3163 ], [ 74.6927, 16.3146 ], [ 74.6763, 16.3228 ], [ 74.6555, 16.3199 ], [ 74.6437, 16.3159 ], [ 74.6455, 16.3029 ], [ 74.628, 16.3111 ], [ 74.6219, 16.3115 ], [ 74.6201, 16.3381 ], [ 74.6227, 16.345 ], [ 74.605, 16.3468 ], [ 74.6026, 16.3528 ], [ 74.5894, 16.3461 ], [ 74.5931, 16.3242 ], [ 74.5838, 16.3134 ], [ 74.5836, 16.3099 ], [ 74.5519, 16.3233 ], [ 74.5501, 16.3338 ], [ 74.5412, 16.3337 ], [ 74.5407, 16.3392 ], [ 74.5284, 16.3364 ], [ 74.5005, 16.3371 ], [ 74.4986, 16.3168 ], [ 74.4893, 16.3146 ], [ 74.4867, 16.3232 ], [ 74.4783, 16.3288 ], [ 74.4717, 16.3382 ], [ 74.4721, 16.3542 ], [ 74.4706, 16.3527 ], [ 74.4691, 16.3559 ], [ 74.4669, 16.3541 ], [ 74.4652, 16.3554 ], [ 74.4657, 16.3597 ], [ 74.4617, 16.3627 ], [ 74.4639, 16.3674 ], [ 74.4598, 16.3649 ], [ 74.462, 16.3524 ], [ 74.4562, 16.3516 ], [ 74.4609, 16.3492 ], [ 74.4567, 16.3476 ], [ 74.4595, 16.3429 ], [ 74.4562, 16.3447 ], [ 74.4556, 16.3427 ], [ 74.4514, 16.3482 ], [ 74.4491, 16.3475 ], [ 74.4463, 16.3505 ], [ 74.4386, 16.3492 ], [ 74.4335, 16.3582 ], [ 74.4342, 16.3636 ], [ 74.4287, 16.3603 ], [ 74.4302, 16.358 ], [ 74.4186, 16.3475 ], [ 74.4172, 16.3514 ], [ 74.4196, 16.3565 ], [ 74.4173, 16.3577 ], [ 74.4154, 16.3685 ], [ 74.4167, 16.3749 ], [ 74.4123, 16.3816 ], [ 74.4145, 16.3834 ], [ 74.4143, 16.3891 ], [ 74.4072, 16.3992 ], [ 74.4061, 16.4125 ], [ 74.4019, 16.4189 ], [ 74.4029, 16.4285 ], [ 74.4142, 16.4294 ], [ 74.416, 16.4314 ], [ 74.42, 16.4555 ], [ 74.4362, 16.4572 ], [ 74.4347, 16.4667 ], [ 74.4362, 16.4675 ], [ 74.4457, 16.4688 ], [ 74.4502, 16.4732 ], [ 74.4654, 16.4694 ], [ 74.4864, 16.474 ], [ 74.4885, 16.4765 ], [ 74.4915, 16.474 ], [ 74.4955, 16.4743 ], [ 74.4976, 16.4863 ], [ 74.5013, 16.4925 ], [ 74.482, 16.5026 ], [ 74.4751, 16.5086 ], [ 74.4993, 16.5199 ], [ 74.4982, 16.5282 ], [ 74.4956, 16.5277 ], [ 74.4913, 16.5403 ], [ 74.4889, 16.559 ], [ 74.495, 16.5563 ], [ 74.4991, 16.5574 ], [ 74.497, 16.5746 ], [ 74.5023, 16.5822 ], [ 74.5103, 16.5784 ], [ 74.5178, 16.5819 ], [ 74.5249, 16.5773 ], [ 74.5251, 16.5809 ], [ 74.528, 16.5798 ], [ 74.5239, 16.5826 ], [ 74.5218, 16.5878 ], [ 74.531, 16.5931 ], [ 74.535, 16.5984 ], [ 74.5473, 16.5949 ], [ 74.5591, 16.5951 ], [ 74.5669, 16.585 ], [ 74.5651, 16.5802 ], [ 74.5562, 16.5732 ], [ 74.5553, 16.5639 ], [ 74.56, 16.5635 ], [ 74.5676, 16.5555 ], [ 74.5723, 16.5548 ], [ 74.5749, 16.5602 ], [ 74.5842, 16.558 ], [ 74.5876, 16.5663 ], [ 74.6001, 16.5647 ], [ 74.6044, 16.5697 ], [ 74.608, 16.5693 ], [ 74.6174, 16.5763 ], [ 74.6189, 16.5843 ], [ 74.6234, 16.5796 ], [ 74.6295, 16.5781 ], [ 74.6331, 16.5838 ], [ 74.6344, 16.5833 ], [ 74.6352, 16.5837 ], [ 74.6314, 16.5919 ], [ 74.6327, 16.6055 ], [ 74.6387, 16.6118 ], [ 74.6464, 16.6118 ], [ 74.6583, 16.6054 ] ] ] } },
{ "type": "Feature", "properties": { "area_id": "KGIS-T-0102", "name_en": "Athani", "name_kn": "ಅಥಣಿ", "level": "block", "parent_id": "KGIS-D-01", "district_en": "Belagavi", "lgd_code": null }, "geometry": { "type": "Polygon", "coordinates": [ [ [ 75.2795, 16.9569 ], [ 75.3416, 16.9562 ], [ 75.342, 16.946 ], [ 75.3345, 16.9121 ], [ 75.3358, 16.8689 ], [ 75.3581, 16.8713 ], [ 75.3692, 16.8667 ], [ 75.395, 16.863 ], [ 75.3814, 16.8341 ], [ 75.3789, 16.8232 ], [ 75.3788, 16.7984 ], [ 75.3811, 16.7986 ], [ 75.386, 16.7635 ], [ 75.3852, 16.7614 ], [ 75.3665, 16.7598 ], [ 75.3665, 16.7434 ], [ 75.3624, 16.7301 ], [ 75.3655, 16.7225 ], [ 75.3636, 16.7201 ], [ 75.3649, 16.7174 ], [ 75.3623, 16.7143 ], [ 75.3168, 16.7185 ], [ 75.2879, 16.7144 ], [ 75.2646, 16.6916 ], [ 75.2628, 16.6804 ], [ 75.2681, 16.6409 ], [ 75.2618, 16.62 ], [ 75.2555, 16.6186 ], [ 75.2585, 16.6125 ], [ 75.2566, 16.6096 ], [ 75.2599, 16.6074 ], [ 75.2516, 16.6048 ], [ 75.2325, 16.6142 ], [ 75.2244, 16.6156 ], [ 75.1801, 16.6039 ], [ 75.1708, 16.599 ], [ 75.1587, 16.5857 ], [ 75.159, 16.5666 ], [ 75.1663, 16.5543 ], [ 75.1671, 16.545 ], [ 75.1628, 16.5333 ], [ 75.1554, 16.5272 ], [ 75.132, 16.5214 ], [ 75.1202, 16.5066 ], [ 75.1123, 16.5056 ], [ 75.1044, 16.5109 ], [ 75.0993, 16.5273 ], [ 75.0889, 16.5394 ], [ 75.0863, 16.5542 ], [ 75.0817, 16.5607 ], [ 75.0716, 16.5667 ], [ 75.0675, 16.5501 ], [ 75.0673, 16.5391 ], [ 75.0073, 16.5382 ], [ 75.0087, 16.5428 ], [ 74.9955, 16.5644 ], [ 74.9947, 16.5747 ], [ 74.9852, 16.5747 ], [ 74.9649, 16.5852 ], [ 74.9622, 16.5874 ], [ 74.9583, 16.6078 ], [ 74.9526, 16.6092 ], [ 74.9529, 16.6127 ], [ 74.9408, 16.6183 ], [ 74.9493, 16.6439 ], [ 74.9593, 16.658 ], [ 74.9639, 16.66 ], [ 74.9641, 16.6657 ], [ 74.9604, 16.6738 ], [ 74.962, 16.678 ], [ 74.9654, 16.6788 ], [ 74.9683, 16.729 ], [ 74.9603, 16.7508 ], [ 74.9562, 16.7522 ], [ 74.9556, 16.7558 ], [ 74.9268, 16.7556 ], [ 74.9275, 16.7646 ], [ 74.9199, 16.7685 ], [ 74.9187, 16.7749 ], [ 74.9103, 16.7898 ], [ 74.9082, 16.8237 ], [ 74.9099, 16.8364 ], [ 74.9073, 16.8503 ], [ 74.9014, 16.8626 ], [ 74.926, 16.864 ], [ 74.9236, 16.8672 ], [ 74.9254, 16.8722 ], [ 74.9352, 16.871 ], [ 74.9356, 16.8789 ], [ 74.9445, 16.8825 ], [ 74.9603, 16.881 ], [ 74.9637, 16.9108 ], [ 74.9585, 16.9053 ], [ 74.9545, 16.9051 ], [ 74.955, 16.91 ], [ 74.945, 16.9103 ], [ 74.9382, 16.917 ], [ 74.9327, 16.9186 ], [ 74.9339, 16.924 ], [ 74.9214, 16.9297 ], [ 74.9232, 16.9396 ], [ 74.9338, 16.9456 ], [ 74.9472, 16.9401 ], [ 74.9492, 16.9346 ], [ 74.9577, 16.9286 ], [ 74.964, 16.9283 ], [ 74.9646, 16.9312 ], [ 74.9598, 16.9337 ], [ 74.9589, 16.9373 ], [ 74.96, 16.9399 ], [ 74.967, 16.9412 ], [ 74.9641, 16.9475 ], [ 74.9735, 16.951 ], [ 74.9935, 16.9522 ], [ 75.0054, 16.9466 ], [ 75.0269, 16.9449 ], [ 75.0251, 16.9393 ], [ 75.0258, 16.9287 ], [ 75.0263, 16.9322 ], [ 75.0358, 16.9332 ], [ 75.04, 16.9359 ], [ 75.0412, 16.9406 ], [ 75.0452, 16.9423 ], [ 75.0611, 16.9416 ], [ 75.0727, 16.9467 ], [ 75.0746, 16.9505 ], [ 75.0782, 16.9493 ], [ 75.0901, 16.952 ], [ 75.0923, 16.9259 ], [ 75.0961, 16.9139 ], [ 75.1175, 16.9135 ], [ 75.12, 16.9024 ], [ 75.135, 16.8947 ], [ 75.1327, 16.89 ], [ 75.1363, 16.8744 ], [ 75.1648, 16.867 ], [ 75.1765, 16.868 ], [ 75.1888, 16.875 ], [ 75.1819, 16.8435 ], [ 75.2175, 16.8419 ], [ 75.228, 16.8434 ], [ 75.2377, 16.8677 ], [ 75.2655, 16.8631 ], [ 75.2825, 16.881 ], [ 75.2898, 16.9047 ], [ 75.2824, 16.9121 ], [ 75.28, 16.9237 ], [ 75.2795, 16.9569 ] ] ] } },
{ "type": "Feature", "properties": { "area_id": "KGIS-T-0103", "name_en": "Raibag", "name_kn": "", "level": "block", "parent_id": "KGIS-D-01", "district_en": "Belagavi", "lgd_code": null }, "geometry": { "type": "MultiPolygon", "coordinates": [ [ [ [ 75.0419, 16.4541 ], [ 75.0412, 16.439 ], [ 75.0374, 16.4393 ], [ 75.039, 16.453 ], [ 75.0419, 16.4541 ] ] ], [ [ [ 74.8813, 16.6568 ], [ 74.8966, 16.6527 ], [ 74.9051, 16.6462 ], [ 74.9122, 16.6359 ], [ 74.9149, 16.6245 ], [ 74.9236, 16.6135 ], [ 74.9346, 16.6111 ], [ 74.9388, 16.6134 ], [ 74.9408, 16.6183 ], [ 74.9512, 16.6137 ], [ 74.9526, 16.6092 ], [ 74.9583, 16.6078 ], [ 74.9622, 16.5874 ], [ 74.9852, 16.5747 ], [ 74.9947, 16.5747 ], [ 74.9955, 16.5644 ], [ 75.0087, 16.5428 ], [ 75.0064, 16.5338 ], [ 75.0008, 16.5302 ], [ 74.9978, 16.5175 ], [ 74.9949, 16.5167 ], [ 74.9883, 16.5004 ], [ 74.989, 16.4782 ], [ 74.986, 16.4662 ], [ 74.9863, 16.4628 ], [ 74.9909, 16.4625 ], [ 74.9915, 16.459 ], [ 74.9885, 16.4533 ], [ 74.999, 16.4546 ], [ 75.0023, 16.458 ], [ 75.0157, 16.4586 ], [ 75.0147, 16.4529 ], [ 75.0175, 16.4394 ], [ 75.0231, 16.4399 ], [ 75.0232, 16.4353 ], [ 75.0282, 16.433 ], [ 75.0774, 16.4376 ], [ 75.0717, 16.404 ], [ 75.0502, 16.3999 ], [ 75.0484, 16.3959 ], [ 75.039, 16.3975 ], [ 75.0344, 16.3846 ], [ 75.0335, 16.3674 ], [ 75.0219, 16.3676 ], [ 75.0233, 16.3757 ], [ 75.0107, 16.3783 ], [ 75.0072, 16.3804 ], [ 75.006, 16.3848 ], [ 74.9929, 16.3837 ], [ 74.9841, 16.3954 ], [ 74.9607, 16.3939 ], [ 74.961, 16.3822 ], [ 74.9588, 16.3794 ], [ 74.9447, 16.3725 ], [ 74.9442, 16.3693 ], [ 74.9281, 16.3662 ], [ 74.9264, 16.3497 ], [ 74.9144, 16.3498 ], [ 74.9175, 16.3461 ], [ 74.9171, 16.3313 ], [ 74.9123, 16.3209 ], [ 74.9087, 16.3234 ], [ 74.9075, 16.3203 ], [ 74.9056, 16.3206 ], [ 74.8954, 16.3287 ], [ 74.8826, 16.3281 ], [ 74.8769, 16.3213 ], [ 74.8649, 16.3221 ], [ 74.8648, 16.3195 ], [ 74.8393, 16.3145 ], [ 74.8337, 16.3165 ], [ 74.832, 16.3204 ], [ 74.8284, 16.3201 ], [ 74.8286, 16.3232 ], [ 74.8012, 16.3286 ], [ 74.7997, 16.3393 ], [ 74.7838, 16.3325 ], [ 74.7691, 16.3308 ], [ 74.768, 16.3371 ], [ 74.7718, 16.3428 ], [ 74.7772, 16.3632 ], [ 74.7759, 16.3867 ], [ 74.7712, 16.3923 ], [ 74.7729, 16.3954 ], [ 74.7629, 16.4005 ], [ 74.7611, 16.3932 ], [ 74.7543, 16.3885 ], [ 74.753, 16.3843 ], [ 74.7476, 16.3794 ], [ 74.741, 16.3787 ], [ 74.7288, 16.3811 ], [ 74.7236, 16.4009 ], [ 74.7011, 16.3907 ], [ 74.7054, 16.3974 ], [ 74.7024, 16.4022 ], [ 74.704, 16.4062 ], [ 74.7001, 16.4161 ], [ 74.6937, 16.4158 ], [ 74.6977, 16.4424 ], [ 74.6861, 16.4477 ], [ 74.6811, 16.4542 ], [ 74.6725, 16.4561 ], [ 74.6788, 16.4732 ], [ 74.6789, 16.481 ], [ 74.6764, 16.479 ], [ 74.6756, 16.4844 ], [ 74.6811, 16.4987 ], [ 74.6801, 16.5108 ], [ 74.6815, 16.5148 ], [ 74.6849, 16.5157 ], [ 74.6855, 16.5213 ], [ 74.6835, 16.529 ], [ 74.679, 16.5313 ], [ 74.6772, 16.5366 ], [ 74.6814, 16.5388 ], [ 74.6781, 16.5416 ], [ 74.6835, 16.5523 ], [ 74.6879, 16.5513 ], [ 74.6983, 16.5573 ], [ 74.7138, 16.5741 ], [ 74.7269, 16.5807 ], [ 74.7361, 16.5801 ], [ 74.7446, 16.5697 ], [ 74.756, 16.5677 ], [ 74.7789, 16.5721 ], [ 74.7948, 16.5779 ], [ 74.8046, 16.5913 ], [ 74.8094, 16.6433 ], [ 74.8158, 16.6439 ], [ 74.8284, 16.636 ], [ 74.8434, 16.6347 ], [ 74.8585, 16.643 ], [ 74.8719, 16.6552 ], [ 74.8813, 16.6568 ] ], [ [ 75.0274, 16.3954 ], [ 75.0275, 16.3914 ], [ 75.0274, 16.3912 ], [ 75.0313, 16.3954 ], [ 75.0274, 16.3954 ] ] ] ] } },
{ "type": "Feature", "properties": { "area_id": "KGIS-T-0104", "name_en": "Gokak", "name_kn": "ಗೋಕಾಕ", "level": "block", "parent_id": "KGIS-D-01", "district_en": "Belagavi", "lgd_code": "5436" }, "geometry": { "type": "Polygon", "coordinates": [ [ [ 74.8033, 16.3287 ], [ 74.8286, 16.3232 ], [ 74.8284, 16.3201 ], [ 74.832, 16.3204 ], [ 74.8337, 16.3109 ], [ 74.8276, 16.2997 ], [ 74.8174, 16.2992 ], [ 74.8172, 16.2922 ], [ 74.8264, 16.2884 ], [ 74.8309, 16.2688 ], [ 74.8325, 16.2481 ], [ 74.8178, 16.2526 ], [ 74.8043, 16.2503 ], [ 74.8055, 16.2487 ], [ 74.7921, 16.2433 ], [ 74.8028, 16.2059 ], [ 74.8085, 16.2044 ], [ 74.8104, 16.1971 ], [ 74.827, 16.1966 ], [ 74.8426, 16.2066 ], [ 74.8469, 16.2143 ], [ 74.8449, 16.2348 ], [ 74.8692, 16.2403 ], [ 74.8889, 16.2477 ], [ 74.897, 16.2241 ], [ 74.9052, 16.217 ], [ 74.9065, 16.212 ], [ 74.9028, 16.2094 ], [ 74.9072, 16.2052 ], [ 74.9118, 16.2062 ], [ 74.9184, 16.2172 ], [ 74.9205, 16.2166 ], [ 74.9206, 16.2217 ], [ 74.9332, 16.2241 ], [ 74.9406, 16.2319 ], [ 74.9483, 16.2363 ], [ 74.956, 16.2367 ], [ 74.9585, 16.2409 ], [ 74.958, 16.2364 ], [ 74.9596, 16.237 ], [ 74.9613, 16.2316 ], [ 74.9729, 16.2258 ], [ 74.9753, 16.2195 ], [ 74.981, 16.2145 ], [ 75.0049, 16.2054 ], [ 75.0095, 16.2068 ], [ 75.0133, 16.2036 ], [ 75.0195, 16.2043 ], [ 75.0212, 16.2072 ], [ 75.0227, 16.2284 ], [ 75.0412, 16.2283 ], [ 75.0558, 16.2334 ], [ 75.0584, 16.232 ], [ 75.1179, 16.24 ], [ 75.1176, 16.2309 ], [ 75.1234, 16.201 ], [ 75.1217, 16.1911 ], [ 75.1237, 16.1772 ], [ 75.1159, 16.1749 ], [ 75.1161, 16.1701 ], [ 75.0965, 16.167 ], [ 75.0955, 16.146 ], [ 75.0694, 16.1473 ], [ 75.053, 16.1572 ], [ 75.0481, 16.1561 ], [ 75.0373, 16.1421 ], [ 75.0367, 16.1246 ], [ 75.0252, 16.123 ], [ 75.0256, 16.1206 ], [ 75.0163, 16.1206 ], [ 74.9987, 16.13 ], [ 74.9756, 16.1249 ], [ 74.9775, 16.1193 ], [ 74.9763, 16.1126 ], [ 74.9801, 16.1032 ], [ 74.9768, 16.1013 ], [ 74.9756, 16.0944 ], [ 74.9801, 16.0877 ], [ 74.9787, 16.0748 ], [ 74.9656, 16.0759 ], [ 74.9634, 16.0526 ], [ 74.9607, 16.0497 ], [ 74.9504, 16.0458 ], [ 74.9487, 16.0405 ], [ 74.9363, 16.0331 ], [ 74.9256, 16.034 ], [ 74.9303, 16.0226 ], [ 74.9181, 16.0139 ], [ 74.9157, 16.005 ], [ 74.9129, 16.003 ], [ 74.9054, 16.0005 ], [ 74.9049, 16.0043 ], [ 74.8764, 16.0053 ], [ 74.8724, 16.0041 ], [ 74.8682, 15.9935 ], [ 74.8573, 15.9875 ], [ 74.8442, 15.9867 ], [ 74.8445, 15.9896 ], [ 74.801, 15.9919 ], [ 74.7661, 15.9896 ], [ 74.7575, 15.9801 ], [ 74.7501, 15.9767 ], [ 74.7391, 15.9786 ], [ 74.7289, 15.9682 ], [ 74.7194, 15.9664 ], [ 74.6973, 15.9553 ], [ 74.6933, 15.9502 ], [ 74.6973, 15.9486 ], [ 74.695, 15.945 ], [ 74.6871, 15.9435 ], [ 74.6768, 15.947 ], [ 74.6757, 15.9539 ], [ 74.6717, 15.9555 ], [ 74.6753, 15.9558 ], [ 74.6725, 15.9636 ], [ 74.6759, 15.9759 ], [ 74.6759, 15.9915 ], [ 74.6706, 15.991 ], [ 74.6694, 15.9978 ], [ 74.6637, 15.999 ], [ 74.6629, 16.0131 ], [ 74.6463, 16.0091 ], [ 74.6434, 16.0205 ], [ 74.6501, 16.0275 ], [ 74.6608, 16.0303 ], [ 74.6647, 16.0375 ], [ 74.6592, 16.0538 ], [ 74.6632, 16.0525 ], [ 74.6703, 16.0601 ], [ 74.6764, 16.0612 ], [ 74.6764, 16.0681 ], [ 74.6686, 16.071 ], [ 74.668, 16.0775 ], [ 74.6724, 16.0782 ], [ 74.6725, 16.085 ], [ 74.6752, 16.0875 ], [ 74.6738, 16.0932 ], [ 74.6782, 16.0944 ], [ 74.6864, 16.091 ], [ 74.6945, 16.0913 ], [ 74.6979, 16.0964 ], [ 74.71, 16.0976 ], [ 74.7143, 16.1098 ], [ 74.7191, 16.1127 ], [ 74.7229, 16.1108 ], [ 74.7256, 16.1014 ], [ 74.7354, 16.0885 ], [ 74.7659, 16.0987 ], [ 74.764, 16.1029 ], [ 74.7686, 16.1114 ], [ 74.7602, 16.1268 ], [ 74.7459, 16.1223 ], [ 74.745, 16.1275 ], [ 74.7411, 16.1299 ], [ 74.7239, 16.1288 ], [ 74.7147, 16.1385 ], [ 74.7083, 16.1519 ], [ 74.7145, 16.1527 ], [ 74.7072, 16.1714 ], [ 74.7135, 16.1723 ], [ 74.7219, 16.1685 ], [ 74.7221, 16.1723 ], [ 74.7272, 16.1762 ], [ 74.7282, 16.1965 ], [ 74.7243, 16.1987 ], [ 74.727, 16.2022 ], [ 74.7203, 16.2059 ], [ 74.7113, 16.2018 ], [ 74.6994, 16.2011 ], [ 74.698, 16.2131 ], [ 74.6881, 16.2216 ], [ 74.6875, 16.225 ], [ 74.6911, 16.2261 ], [ 74.69, 16.2308 ], [ 74.6938, 16.2389 ], [ 74.7066, 16.2425 ], [ 74.722, 16.2412 ], [ 74.7347, 16.2299 ], [ 74.7436, 16.2293 ], [ 74.7497, 16.2435 ], [ 74.7431, 16.26 ], [ 74.7381, 16.2576 ], [ 74.7374, 16.2621 ], [ 74.7537, 16.284 ], [ 74.7752, 16.2922 ], [ 74.7816, 16.309 ], [ 74.7868, 16.3155 ], [ 74.8032, 16.3208 ], [ 74.8033, 16.3287 ] ] ] } },
{ "type": "Feature", "properties": { "area_id": "KGIS-T-0105", "name_en": "Hukkeri", "name_kn": "ಹುಕ್ಕೇರಿ", "level": "block", "parent_id": "KGIS-D-01", "district_en": "Belagavi", "lgd_code": "5437" }, "geometry": { "type": "Polygon", "coordinates": [ [ [ 74.4655, 16.3552 ], [ 74.4691, 16.3559 ], [ 74.4706, 16.3527 ], [ 74.4721, 16.3542 ], [ 74.4717, 16.3382 ], [ 74.4783, 16.3288 ], [ 74.4867, 16.3232 ], [ 74.4893, 16.3146 ], [ 74.4986, 16.3168 ], [ 74.5005, 16.3371 ], [ 74.5284, 16.3364 ], [ 74.5407, 16.3392 ], [ 74.5412, 16.3337 ], [ 74.5501, 16.3338 ], [ 74.5519, 16.3233 ], [ 74.5844, 16.31 ], [ 74.5838, 16.3134 ], [ 74.5931, 16.3242 ], [ 74.5894, 16.3461 ], [ 74.6026, 16.3528 ], [ 74.605, 16.3468 ], [ 74.6227, 16.345 ], [ 74.6201, 16.3381 ], [ 74.6219, 16.3115 ], [ 74.628, 16.3111 ], [ 74.6455, 16.3029 ], [ 74.6437, 16.3159 ], [ 74.6555, 16.3199 ], [ 74.6763, 16.3228 ], [ 74.6927, 16.3146 ], [ 74.6966, 16.3163 ], [ 74.7188, 16.3152 ], [ 74.7231, 16.3118 ], [ 74.7243, 16.3071 ], [ 74.7341, 16.3064 ], [ 74.7334, 16.2965 ], [ 74.7458, 16.2963 ], [ 74.7458, 16.2938 ], [ 74.7537, 16.2914 ], [ 74.7529, 16.2826 ], [ 74.7374, 16.2621 ], [ 74.7381, 16.2576 ], [ 74.7431, 16.26 ], [ 74.7489, 16.2467 ], [ 74.7498, 16.2419 ], [ 74.7473, 16.2408 ], [ 74.745, 16.2306 ], [ 74.7347, 16.2299 ], [ 74.722, 16.2412 ], [ 74.7066, 16.2425 ], [ 74.6938, 16.2389 ], [ 74.69, 16.2308 ], [ 74.6911, 16.2261 ], [ 74.6878, 16.2254 ], [ 74.6874, 16.2232 ], [ 74.6997, 16.2092 ], [ 74.6986, 16.1965 ], [ 74.7013, 16.1951 ], [ 74.7023, 16.1825 ], [ 74.7145, 16.1527 ], [ 74.7083, 16.1519 ], [ 74.7147, 16.1385 ], [ 74.7239, 16.1288 ], [ 74.7411, 16.1299 ], [ 74.745, 16.1275 ], [ 74.7459, 16.1223 ], [ 74.7602, 16.1268 ], [ 74.768, 16.1149 ], [ 74.7682, 16.1094 ], [ 74.764, 16.1029 ], [ 74.7659, 16.0987 ], [ 74.7354, 16.0885 ], [ 74.7256, 16.1014 ], [ 74.7229, 16.1108 ], [ 74.7191, 16.1127 ], [ 74.7143, 16.1098 ], [ 74.71, 16.0976 ], [ 74.6979, 16.0964 ], [ 74.6945, 16.0913 ], [ 74.6746, 16.094 ], [ 74.6752, 16.0875 ], [ 74.6725, 16.085 ], [ 74.6724, 16.0782 ], [ 74.668, 16.0775 ], [ 74.6686, 16.071 ], [ 74.6764, 16.0681 ], [ 74.6764, 16.0612 ], [ 74.6703, 16.0601 ], [ 74.6647, 16.0533 ], [ 74.6607, 16.0546 ], [ 74.6491, 16.0466 ], [ 74.6492, 16.043 ], [ 74.6441, 16.0386 ], [ 74.6456, 16.0338 ], [ 74.6422, 16.0129 ], [ 74.636, 16.0116 ], [ 74.6227, 16.0195 ], [ 74.6077, 16.0158 ], [ 74.5942, 16.0169 ], [ 74.5936, 16.0094 ], [ 74.5972, 15.9991 ], [ 74.5964, 15.9895 ], [ 74.5927, 15.9886 ], [ 74.5952, 15.9823 ], [ 74.5884, 15.9787 ], [ 74.5897, 15.9763 ], [ 74.5872, 15.9714 ], [ 74.5899, 15.9664 ], [ 74.5877, 15.9656 ], [ 74.5833, 15.9675 ], [ 74.5772, 15.9785 ], [ 74.5779, 15.9821 ], [ 74.5683, 15.9858 ], [ 74.5647, 15.9963 ], [ 74.5623, 15.9975 ], [ 74.5623, 16.0083 ], [ 74.5473, 16.0281 ], [ 74.5428, 16.0393 ], [ 74.538, 16.0391 ], [ 74.5139, 16.0516 ], [ 74.517, 16.071 ], [ 74.5126, 16.0695 ], [ 74.5083, 16.0633 ], [ 74.4939, 16.0558 ], [ 74.4888, 16.0468 ], [ 74.473, 16.0572 ], [ 74.4686, 16.0565 ], [ 74.4594, 16.0474 ], [ 74.449, 16.0539 ], [ 74.4431, 16.0523 ], [ 74.4301, 16.0593 ], [ 74.4225, 16.0554 ], [ 74.4155, 16.0549 ], [ 74.4108, 16.0569 ], [ 74.4076, 16.064 ], [ 74.4012, 16.0573 ], [ 74.3904, 16.0623 ], [ 74.383, 16.0539 ], [ 74.3732, 16.0552 ], [ 74.3655, 16.0523 ], [ 74.3601, 16.0533 ], [ 74.3717, 16.0675 ], [ 74.3724, 16.0785 ], [ 74.382, 16.0797 ], [ 74.3837, 16.0834 ], [ 74.3914, 16.0805 ], [ 74.3898, 16.0896 ], [ 74.4072, 16.0941 ], [ 74.4102, 16.1027 ], [ 74.4274, 16.1125 ], [ 74.4432, 16.1056 ], [ 74.4589, 16.1049 ], [ 74.4592, 16.1004 ], [ 74.4729, 16.0929 ], [ 74.4731, 16.0908 ], [ 74.4822, 16.0895 ], [ 74.4847, 16.0912 ], [ 74.4859, 16.1004 ], [ 74.4909, 16.1032 ], [ 74.491, 16.1121 ], [ 74.4848, 16.1423 ], [ 74.4798, 16.1452 ], [ 74.4797, 16.1478 ], [ 74.4881, 16.1568 ], [ 74.4893, 16.1773 ], [ 74.4939, 16.1867 ], [ 74.5056, 16.1895 ], [ 74.5074, 16.1947 ], [ 74.5061, 16.2007 ], [ 74.508, 16.2022 ], [ 74.5007, 16.2044 ], [ 74.4958, 16.2125 ], [ 74.4954, 16.2167 ], [ 74.5023, 16.2217 ], [ 74.5015, 16.2262 ], [ 74.4958, 16.2341 ], [ 74.4904, 16.2345 ], [ 74.4801, 16.2499 ], [ 74.4778, 16.2503 ], [ 74.4689, 16.2396 ], [ 74.4559, 16.244 ], [ 74.4548, 16.2532 ], [ 74.4368, 16.2512 ], [ 74.4364, 16.2576 ], [ 74.4176, 16.2581 ], [ 74.4161, 16.2801 ], [ 74.4136, 16.2836 ], [ 74.3856, 16.2769 ], [ 74.3833, 16.2919 ], [ 74.375, 16.2958 ], [ 74.3724, 16.2968 ], [ 74.3694, 16.2922 ], [ 74.3637, 16.2936 ], [ 74.3618, 16.2916 ], [ 74.3452, 16.2935 ], [ 74.3429, 16.2906 ], [ 74.3535, 16.2833 ], [ 74.349, 16.2756 ], [ 74.3434, 16.2784 ], [ 74.3438, 16.2736 ], [ 74.3385, 16.2712 ], [ 74.3337, 16.2754 ], [ 74.3351, 16.2687 ], [ 74.3281, 16.2682 ], [ 74.325, 16.2714 ], [ 74.3211, 16.2843 ], [ 74.3265, 16.2852 ], [ 74.325, 16.288 ], [ 74.3282, 16.293 ], [ 74.3384, 16.29 ], [ 74.3394, 16.2926 ], [ 74.3426, 16.2909 ], [ 74.3437, 16.296 ], [ 74.3427, 16.2983 ], [ 74.3405, 16.2977 ], [ 74.3401, 16.3026 ], [ 74.336, 16.3073 ], [ 74.3318, 16.3048 ], [ 74.3343, 16.3081 ], [ 74.3315, 16.3138 ], [ 74.3241, 16.3119 ], [ 74.3231, 16.3156 ], [ 74.3334, 16.3201 ], [ 74.346, 16.3189 ], [ 74.3406, 16.3303 ], [ 74.3457, 16.329 ], [ 74.3499, 16.3309 ], [ 74.3488, 16.3278 ], [ 74.3521, 16.3238 ], [ 74.3557, 16.326 ], [ 74.3569, 16.3303 ], [ 74.3686, 16.3315 ], [ 74.365, 16.3396 ], [ 74.364, 16.3532 ], [ 74.3672, 16.352 ], [ 74.3704, 16.3598 ], [ 74.3765, 16.3608 ], [ 74.3799, 16.352 ], [ 74.3849, 16.3518 ], [ 74.3885, 16.3484 ], [ 74.4013, 16.353 ], [ 74.402, 16.3424 ], [ 74.4068, 16.3415 ], [ 74.4075, 16.3471 ], [ 74.4186, 16.3475 ], [ 74.4302, 16.358 ], [ 74.4287, 16.3603 ], [ 74.4326, 16.3634 ], [ 74.4342, 16.3636 ], [ 74.4335, 16.3582 ], [ 74.4386, 16.3492 ], [ 74.4463, 16.3505 ], [ 74.4491, 16.3475 ], [ 74.4514, 16.3482 ], [ 74.4556, 16.3427 ], [ 74.4562, 16.3447 ], [ 74.4597, 16.3431 ], [ 74.4567, 16.3476 ], [ 74.4609, 16.3492 ], [ 74.4562, 16.3516 ], [ 74.462, 16.3524 ], [ 74.4598, 16.3649 ], [ 74.4639, 16.3674 ], [ 74.4617, 16.3627 ], [ 74.4657, 16.3597 ], [ 74.4655, 16.3552 ] ] ] } },
{ "type": "Feature", "properties": { "area_id": "KGIS-T-0106", "name_en": "Belagavi", "name_kn": "ಬೆಳಗಾವಿ", "level": "block", "parent_id": "KGIS-D-01", "district_en": "Belagavi", "lgd_code": "5438" }, "geometry": { "type": "MultiPolygon", "coordinates": [ [ [ [ 74.6353, 15.6854 ], [ 74.6406, 15.6833 ], [ 74.6354, 15.6831 ], [ 74.6353, 15.6854 ] ] ], [ [ [ 74.3052, 15.8057 ], [ 74.314, 15.7999 ], [ 74.3141, 15.7965 ], [ 74.3102, 15.7916 ], [ 74.3025, 15.7875 ], [ 74.2939, 15.7959 ], [ 74.2895, 15.7871 ], [ 74.2665, 15.7975 ], [ 74.269, 15.816 ], [ 74.2629, 15.8294 ], [ 74.2926, 15.8322 ], [ 74.3052, 15.8057 ] ] ], [ [ [ 74.517, 16.071 ], [ 74.514, 16.0604 ], [ 74.5139, 16.0516 ], [ 74.538, 16.0391 ], [ 74.5428, 16.0393 ], [ 74.5473, 16.0281 ], [ 74.5623, 16.0083 ], [ 74.5623, 15.9975 ], [ 74.5647, 15.9963 ], [ 74.5683, 15.9858 ], [ 74.5779, 15.9821 ], [ 74.5772, 15.9785 ], [ 74.5849, 15.9663 ], [ 74.5899, 15.9664 ], [ 74.5872, 15.9714 ], [ 74.5897, 15.9763 ], [ 74.5884, 15.9787 ], [ 74.5952, 15.9823 ], [ 74.5927, 15.9886 ], [ 74.5964, 15.9895 ], [ 74.5972, 15.9991 ], [ 74.5936, 16.0094 ], [ 74.5942, 16.0169 ], [ 74.6077, 16.0158 ], [ 74.6227, 16.0195 ], [ 74.636, 16.0116 ], [ 74.641, 16.0123 ], [ 74.6437, 16.0154 ], [ 74.6463, 16.0091 ], [ 74.6629, 16.0131 ], [ 74.6637, 15.999 ], [ 74.6694, 15.9978 ], [ 74.6706, 15.991 ], [ 74.6759, 15.9915 ], [ 74.6759, 15.9759 ], [ 74.6725, 15.9636 ], [ 74.6753, 15.9558 ], [ 74.6717, 15.9555 ], [ 74.6757, 15.9539 ], [ 74.6763, 15.9473 ], [ 74.6871, 15.9435 ], [ 74.6842, 15.9345 ], [ 74.6918, 15.9293 ], [ 74.6927, 15.9258 ], [ 74.6902, 15.9223 ], [ 74.6825, 15.9184 ], [ 74.6818, 15.9121 ], [ 74.6888, 15.9054 ], [ 74.6923, 15.9055 ], [ 74.6991, 15.87 ], [ 74.6903, 15.8625 ], [ 74.6897, 15.8589 ], [ 74.6836, 15.8525 ], [ 74.6786, 15.8522 ], [ 74.6768, 15.8476 ], [ 74.669, 15.8463 ], [ 74.6591, 15.8503 ], [ 74.658, 15.8478 ], [ 74.6511, 15.8457 ], [ 74.6379, 15.8364 ], [ 74.6416, 15.8244 ], [ 74.637, 15.8163 ], [ 74.631, 15.8136 ], [ 74.6323, 15.803 ], [ 74.6391, 15.8056 ], [ 74.6672, 15.8034 ], [ 74.6695, 15.7926 ], [ 74.6653, 15.791 ], [ 74.6661, 15.7802 ], [ 74.6682, 15.7806 ], [ 74.6715, 15.7673 ], [ 74.669, 15.7575 ], [ 74.6726, 15.7535 ], [ 74.6753, 15.7535 ], [ 74.674, 15.7518 ], [ 74.68, 15.753 ], [ 74.6815, 15.746 ], [ 74.6756, 15.7419 ], [ 74.6782, 15.7228 ], [ 74.6749, 15.7197 ], [ 74.6677, 15.7216 ], [ 74.6682, 15.7141 ], [ 74.6373, 15.7069 ], [ 74.633, 15.7012 ], [ 74.6316, 15.6935 ], [ 74.595, 15.6966 ], [ 74.5951, 15.7002 ], [ 74.5875, 15.702 ], [ 74.584, 15.7086 ], [ 74.5687, 15.7037 ], [ 74.5629, 15.7116 ], [ 74.5578, 15.7134 ], [ 74.5554, 15.7108 ], [ 74.5409, 15.7158 ], [ 74.54, 15.7204 ], [ 74.5349, 15.7207 ], [ 74.5291, 15.7333 ], [ 74.5187, 15.7323 ], [ 74.5159, 15.7208 ], [ 74.5117, 15.7174 ], [ 74.4972, 15.7189 ], [ 74.494, 15.7215 ], [ 74.4909, 15.7208 ], [ 74.4905, 15.7232 ], [ 74.4717, 15.7235 ], [ 74.4695, 15.717 ], [ 74.464, 15.7142 ], [ 74.4524, 15.7243 ], [ 74.4505, 15.7351 ], [ 74.4417, 15.746 ], [ 74.4256, 15.7403 ], [ 74.405, 15.7455 ], [ 74.3886, 15.7516 ], [ 74.3916, 15.7605 ], [ 74.3746, 15.7666 ], [ 74.3624, 15.7659 ], [ 74.3599, 15.7627 ], [ 74.3602, 15.7571 ], [ 74.3525, 15.7528 ], [ 74.3438, 15.7437 ], [ 74.3332, 15.7429 ], [ 74.3418, 15.7556 ], [ 74.3405, 15.7647 ], [ 74.3463, 15.7645 ], [ 74.3509, 15.7708 ], [ 74.3588, 15.775 ], [ 74.3622, 15.7824 ], [ 74.3682, 15.7858 ], [ 74.3722, 15.7979 ], [ 74.3687, 15.8065 ], [ 74.37, 15.8119 ], [ 74.3614, 15.8152 ], [ 74.3602, 15.8176 ], [ 74.3655, 15.819 ], [ 74.3661, 15.8256 ], [ 74.3727, 15.8321 ], [ 74.3765, 15.8313 ], [ 74.3788, 15.837 ], [ 74.3805, 15.8383 ], [ 74.3798, 15.8364 ], [ 74.381, 15.8353 ], [ 74.384, 15.8405 ], [ 74.3832, 15.8494 ], [ 74.3448, 15.8503 ], [ 74.3379, 15.8549 ], [ 74.3432, 15.8572 ], [ 74.3464, 15.8603 ], [ 74.3452, 15.863 ], [ 74.358, 15.8735 ], [ 74.3632, 15.8751 ], [ 74.3653, 15.8823 ], [ 74.3645, 15.8936 ], [ 74.3687, 15.8939 ], [ 74.366, 15.8909 ], [ 74.3786, 15.8802 ], [ 74.3825, 15.8604 ], [ 74.3867, 15.86 ], [ 74.3877, 15.8541 ], [ 74.3911, 15.8548 ], [ 74.3976, 15.8506 ], [ 74.4061, 15.8551 ], [ 74.4064, 15.8646 ], [ 74.3975, 15.8699 ], [ 74.3928, 15.8785 ], [ 74.3969, 15.8807 ], [ 74.394, 15.9 ], [ 74.3846, 15.9034 ], [ 74.4087, 15.9317 ], [ 74.4169, 15.9383 ], [ 74.4308, 15.9567 ], [ 74.4393, 15.9768 ], [ 74.4375, 15.9802 ], [ 74.4439, 15.9864 ], [ 74.4427, 15.9916 ], [ 74.4465, 15.9969 ], [ 74.4444, 16.0033 ], [ 74.4471, 16.0036 ], [ 74.4553, 16.019 ], [ 74.4633, 16.0405 ], [ 74.4623, 16.0501 ], [ 74.4686, 16.0565 ], [ 74.473, 16.0572 ], [ 74.4888, 16.0468 ], [ 74.4939, 16.0558 ], [ 74.5083, 16.0633 ], [ 74.513, 16.0698 ], [ 74.517, 16.071 ] ] ], [ [ [ 74.6588, 16.0517 ], [ 74.6647, 16.0375 ], [ 74.6608, 16.0303 ], [ 74.6501, 16.0275 ], [ 74.6434, 16.0204 ], [ 74.6456, 16.0338 ], [ 74.6443, 16.0395 ], [ 74.6492, 16.043 ], [ 74.6488, 16.0461 ], [ 74.6543, 16.0514 ], [ 74.6588, 16.0517 ] ] ], [ [ [ 74.4108, 16.0569 ], [ 74.4151, 16.0554 ], [ 74.404, 16.0509 ], [ 74.4011, 16.0454 ], [ 74.3813, 16.0357 ], [ 74.3707, 16.0386 ], [ 74.3779, 16.0528 ], [ 74.3863, 16.0558 ], [ 74.3896, 16.0621 ], [ 74.3948, 16.0616 ], [ 74.3997, 16.057 ], [ 74.4076, 16.064 ], [ 74.4108, 16.0569 ] ] ] ] } },
{ "type": "Feature", "properties": { "area_id": "KGIS-T-0107", "name_en": "Khanapur", "name_kn": "ಖಾನಾಪುರ", "level": "block", "parent_id": "KGIS-D-01", "district_en": "Belagavi", "lgd_code": "5439" }, "geometry": { "type": "Polygon", "coordinates": [ [ [ 74.2289, 15.7892 ], [ 74.2347, 15.7791 ], [ 74.2281, 15.7674 ], [ 74.228, 15.7562 ], [ 74.2337, 15.7484 ], [ 74.2366, 15.7482 ], [ 74.2359, 15.7455 ], [ 74.2412, 15.7431 ], [ 74.2537, 15.745 ], [ 74.2688, 15.7545 ], [ 74.2853, 15.741 ], [ 74.2949, 15.7437 ], [ 74.3083, 15.7496 ], [ 74.3095, 15.7558 ], [ 74.3181, 15.7575 ], [ 74.3189, 15.766 ], [ 74.3239, 15.7724 ], [ 74.3406, 15.7644 ], [ 74.3418, 15.7556 ], [ 74.3332, 15.7429 ], [ 74.3438, 15.7437 ], [ 74.3525, 15.7528 ], [ 74.3602, 15.7571 ], [ 74.3599, 15.7627 ], [ 74.3624, 15.7659 ], [ 74.3746, 15.7666 ], [ 74.3916, 15.7605 ], [ 74.3886, 15.7516 ], [ 74.405, 15.7455 ], [ 74.4256, 15.7403 ], [ 74.4417, 15.746 ], [ 74.4505, 15.7351 ], [ 74.4524, 15.7243 ], [ 74.464, 15.7142 ], [ 74.4695, 15.717 ], [ 74.4717, 15.7235 ], [ 74.4905, 15.7232 ], [ 74.4909, 15.7208 ], [ 74.494, 15.7215 ], [ 74.4972, 15.7189 ], [ 74.5117, 15.7174 ], [ 74.5159, 15.7208 ], [ 74.5187, 15.7323 ], [ 74.5291, 15.7333 ], [ 74.5349, 15.7207 ], [ 74.54, 15.7204 ], [ 74.5409, 15.7158 ], [ 74.5554, 15.7108 ], [ 74.5578, 15.7134 ], [ 74.5629, 15.7116 ], [ 74.5629, 15.7096 ], [ 74.569, 15.7037 ], [ 74.584, 15.7086 ], [ 74.5875, 15.702 ], [ 74.5951, 15.7002 ], [ 74.595, 15.6966 ], [ 74.631, 15.6933 ], [ 74.6373, 15.7069 ], [ 74.6503, 15.7084 ], [ 74.6572, 15.6951 ], [ 74.6613, 15.6956 ], [ 74.6628, 15.6915 ], [ 74.669, 15.6918 ], [ 74.6712, 15.684 ], [ 74.6846, 15.6817 ], [ 74.6846, 15.6778 ], [ 74.6911, 15.6703 ], [ 74.6895, 15.6651 ], [ 74.6912, 15.6544 ], [ 74.7026, 15.654 ], [ 74.703, 15.6508 ], [ 74.7168, 15.6502 ], [ 74.7229, 15.6477 ], [ 74.7202, 15.6462 ], [ 74.7196, 15.6361 ], [ 74.7164, 15.6358 ], [ 74.7173, 15.6267 ], [ 74.7047, 15.6312 ], [ 74.704, 15.6125 ], [ 74.7054, 15.6068 ], [ 74.7075, 15.607 ], [ 74.7087, 15.5986 ], [ 74.7035, 15.5968 ], [ 74.7092, 15.5882 ], [ 74.7147, 15.5883 ], [ 74.7141, 15.5822 ], [ 74.7058, 15.579 ], [ 74.7044, 15.5733 ], [ 74.7055, 15.5693 ], [ 74.7112, 15.5683 ], [ 74.7131, 15.5624 ], [ 74.7181, 15.5592 ], [ 74.7336, 15.5583 ], [ 74.7316, 15.5133 ], [ 74.7427, 15.4939 ], [ 74.7379, 15.4904 ], [ 74.727, 15.4883 ], [ 74.7267, 15.4861 ], [ 74.7301, 15.482 ], [ 74.7309, 15.4768 ], [ 74.7288, 15.4757 ], [ 74.7321, 15.4693 ], [ 74.7361, 15.4659 ], [ 74.7434, 15.4662 ], [ 74.7439, 15.4631 ], [ 74.7418, 15.4618 ], [ 74.7424, 15.4518 ], [ 74.7383, 15.449 ], [ 74.7401, 15.4477 ], [ 74.7355, 15.4441 ], [ 74.7367, 15.44 ], [ 74.7299, 15.4354 ], [ 74.7316, 15.4334 ], [ 74.7294, 15.4308 ], [ 74.7334, 15.4226 ], [ 74.7409, 15.4192 ], [ 74.7411, 15.411 ], [ 74.7319, 15.408 ], [ 74.7166, 15.4112 ], [ 74.7063, 15.4073 ], [ 74.6986, 15.4098 ], [ 74.6889, 15.3987 ], [ 74.6491, 15.3906 ], [ 74.6419, 15.3827 ], [ 74.6351, 15.3682 ], [ 74.6138, 15.3593 ], [ 74.6012, 15.3694 ], [ 74.5957, 15.3778 ], [ 74.5877, 15.3805 ], [ 74.5741, 15.3922 ], [ 74.5676, 15.4034 ], [ 74.5542, 15.409 ], [ 74.5471, 15.4148 ], [ 74.5337, 15.4187 ], [ 74.5165, 15.402 ], [ 74.5099, 15.4029 ], [ 74.5061, 15.4125 ], [ 74.5096, 15.4276 ], [ 74.5061, 15.4336 ], [ 74.4946, 15.4384 ], [ 74.4913, 15.4354 ], [ 74.4918, 15.4438 ], [ 74.4879, 15.4382 ], [ 74.4844, 15.4373 ], [ 74.4817, 15.4303 ], [ 74.4777, 15.4289 ], [ 74.4724, 15.4329 ], [ 74.4629, 15.4331 ], [ 74.4562, 15.4244 ], [ 74.4604, 15.4206 ], [ 74.4457, 15.4196 ], [ 74.452, 15.408 ], [ 74.4395, 15.406 ], [ 74.4344, 15.402 ], [ 74.4327, 15.3972 ], [ 74.4289, 15.3987 ], [ 74.4228, 15.4219 ], [ 74.4221, 15.4632 ], [ 74.4192, 15.4647 ], [ 74.4179, 15.4694 ], [ 74.4121, 15.4742 ], [ 74.4043, 15.4734 ], [ 74.3864, 15.4836 ], [ 74.3736, 15.4796 ], [ 74.3417, 15.5182 ], [ 74.3269, 15.5163 ], [ 74.2971, 15.5201 ], [ 74.2908, 15.5235 ], [ 74.2785, 15.5215 ], [ 74.2813, 15.5246 ], [ 74.2823, 15.5312 ], [ 74.2777, 15.546 ], [ 74.2643, 15.5579 ], [ 74.2627, 15.564 ], [ 74.2588, 15.5597 ], [ 74.2493, 15.5666 ], [ 74.2456, 15.5664 ], [ 74.2506, 15.5759 ], [ 74.2487, 15.5788 ], [ 74.2585, 15.5924 ], [ 74.2598, 15.6076 ], [ 74.2644, 15.6151 ], [ 74.2559, 15.6244 ], [ 74.2469, 15.6209 ], [ 74.2449, 15.6251 ], [ 74.252, 15.6535 ], [ 74.2383, 15.6625 ], [ 74.2359, 15.6687 ], [ 74.2297, 15.6671 ], [ 74.2286, 15.6647 ], [ 74.2227, 15.6684 ], [ 74.2176, 15.6623 ], [ 74.2156, 15.6627 ], [ 74.2228, 15.6559 ], [ 74.2178, 15.6523 ], [ 74.2055, 15.6504 ], [ 74.2036, 15.6562 ], [ 74.2046, 15.6631 ], [ 74.1889, 15.6658 ], [ 74.1863, 15.674 ], [ 74.1907, 15.6749 ], [ 74.1904, 15.6821 ], [ 74.1881, 15.6803 ], [ 74.1815, 15.682 ], [ 74.1725, 15.6736 ], [ 74.1666, 15.6719 ], [ 74.1633, 15.6532 ], [ 74.156, 15.6539 ], [ 74.1526, 15.6493 ], [ 74.1485, 15.6512 ], [ 74.1352, 15.6483 ], [ 74.1184, 15.6524 ], [ 74.112, 15.6566 ], [ 74.1008, 15.6573 ], [ 74.0921, 15.6623 ], [ 74.0866, 15.6692 ], [ 74.0866, 15.672 ], [ 74.0902, 15.6738 ], [ 74.1006, 15.6712 ], [ 74.1084, 15.6722 ], [ 74.1236, 15.6799 ], [ 74.1324, 15.6933 ], [ 74.1309, 15.7013 ], [ 74.1334, 15.7032 ], [ 74.1329, 15.7057 ], [ 74.1267, 15.7082 ], [ 74.127, 15.7189 ], [ 74.1222, 15.7209 ], [ 74.1264, 15.7251 ], [ 74.1312, 15.7233 ], [ 74.134, 15.7303 ], [ 74.1505, 15.736 ], [ 74.1487, 15.7388 ], [ 74.1515, 15.7429 ], [ 74.1618, 15.7515 ], [ 74.189, 15.7526 ], [ 74.2026, 15.7583 ], [ 74.2054, 15.7729 ], [ 74.2097, 15.782 ], [ 74.2138, 15.7806 ], [ 74.2193, 15.7859 ], [ 74.2289, 15.7892 ] ], [ [ 74.6386, 15.6852 ], [ 74.6354, 15.6831 ], [ 74.6406, 15.6833 ], [ 74.6386, 15.6852 ] ] ] } },
{ "type": "Feature", "properties": { "area_id": "KGIS-T-0108", "name_en": "Savadatti", "name_kn": "ಸವದತ್ತಿ", "level": "block", "parent_id": "KGIS-D-01", "district_en": "Belagavi", "lgd_code": "5441" }, "geometry": { "type": "Polygon", "coordinates": [ [ [ 75.0681, 16.1477 ], [ 75.0959, 16.1459 ], [ 75.0918, 16.1225 ], [ 75.0863, 16.1227 ], [ 75.0861, 16.119 ], [ 75.0775, 16.118 ], [ 75.0716, 16.1137 ], [ 75.0762, 16.0908 ], [ 75.0996, 16.0916 ], [ 75.1003, 16.0719 ], [ 75.0943, 16.0667 ], [ 75.0895, 16.057 ], [ 75.0872, 16.057 ], [ 75.0909, 16.0407 ], [ 75.0874, 16.0372 ], [ 75.0901, 16.031 ], [ 75.0976, 16.0306 ], [ 75.0971, 16.0274 ], [ 75.1085, 16.0226 ], [ 75.0891, 16.0091 ], [ 75.088, 15.9997 ], [ 75.0914, 15.9914 ], [ 75.0785, 15.9914 ], [ 75.0731, 15.9694 ], [ 75.0705, 15.9477 ], [ 75.0736, 15.9324 ], [ 75.0898, 15.9286 ], [ 75.0874, 15.9063 ], [ 75.1039, 15.9101 ], [ 75.1141, 15.9086 ], [ 75.1319, 15.9184 ], [ 75.144, 15.9187 ], [ 75.1452, 15.9234 ], [ 75.1545, 15.9213 ], [ 75.165, 15.9241 ], [ 75.1945, 15.9222 ], [ 75.1928, 15.9113 ], [ 75.197, 15.8912 ], [ 75.1797, 15.8925 ], [ 75.1808, 15.8763 ], [ 75.1895, 15.864 ], [ 75.193, 15.862 ], [ 75.1955, 15.8667 ], [ 75.2068, 15.8712 ], [ 75.2143, 15.8703 ], [ 75.2147, 15.8737 ], [ 75.2205, 15.8767 ], [ 75.2288, 15.8751 ], [ 75.2306, 15.8846 ], [ 75.2452, 15.8954 ], [ 75.2447, 15.9007 ], [ 75.2541, 15.9023 ], [ 75.2709, 15.899 ], [ 75.2823, 15.8728 ], [ 75.285, 15.84 ], [ 75.3029, 15.8157 ], [ 75.3054, 15.7664 ], [ 75.3176, 15.7642 ], [ 75.3183, 15.7531 ], [ 75.3138, 15.7303 ], [ 75.2933, 15.7283 ], [ 75.2931, 15.7413 ], [ 75.2752, 15.7407 ], [ 75.2737, 15.7232 ], [ 75.2767, 15.7221 ], [ 75.2785, 15.69 ], [ 75.2719, 15.6614 ], [ 75.2732, 15.6481 ], [ 75.2488, 15.6471 ], [ 75.2361, 15.6793 ], [ 75.2181, 15.6774 ], [ 75.2184, 15.681 ], [ 75.2034, 15.6814 ], [ 75.2023, 15.6492 ], [ 75.1869, 15.6493 ], [ 75.1835, 15.6577 ], [ 75.1804, 15.6561 ], [ 75.1715, 15.6604 ], [ 75.1554, 15.6593 ], [ 75.1512, 15.6617 ], [ 75.1491, 15.659 ], [ 75.1472, 15.6606 ], [ 75.1402, 15.6584 ], [ 75.1324, 15.6604 ], [ 75.1288, 15.6649 ], [ 75.1231, 15.6665 ], [ 75.1233, 15.6685 ], [ 75.1072, 15.6722 ], [ 75.105, 15.6612 ], [ 75.1007, 15.6622 ], [ 75.0969, 15.6275 ], [ 75.0922, 15.6085 ], [ 75.0826, 15.617 ], [ 75.0802, 15.6225 ], [ 75.064, 15.6251 ], [ 75.0619, 15.6302 ], [ 75.0557, 15.6326 ], [ 75.0633, 15.6692 ], [ 75.0596, 15.683 ], [ 75.0498, 15.6828 ], [ 75.0469, 15.6704 ], [ 75.0285, 15.6701 ], [ 75.0275, 15.652 ], [ 75.0233, 15.6521 ], [ 75.0194, 15.6448 ], [ 74.9917, 15.65 ], [ 74.995, 15.6863 ], [ 75.0104, 15.6887 ], [ 75.0124, 15.7015 ], [ 75.0127, 15.7116 ], [ 75.0042, 15.7164 ], [ 75.0014, 15.731 ], [ 74.9867, 15.7315 ], [ 74.9621, 15.7265 ], [ 74.9593, 15.7614 ], [ 74.9525, 15.7745 ], [ 74.952, 15.7832 ], [ 74.9437, 15.7837 ], [ 74.9415, 15.7726 ], [ 74.9347, 15.7894 ], [ 74.9012, 15.7914 ], [ 74.8985, 15.81 ], [ 74.892, 15.8087 ], [ 74.8856, 15.8153 ], [ 74.8829, 15.8222 ], [ 74.8775, 15.8223 ], [ 74.8771, 15.8268 ], [ 74.8648, 15.8307 ], [ 74.864, 15.8415 ], [ 74.8344, 15.8364 ], [ 74.8277, 15.8371 ], [ 74.8205, 15.8392 ], [ 74.8142, 15.8475 ], [ 74.8105, 15.8485 ], [ 74.8076, 15.8552 ], [ 74.8016, 15.8831 ], [ 74.8133, 15.8911 ], [ 74.8414, 15.9029 ], [ 74.8344, 15.9213 ], [ 74.8302, 15.9437 ], [ 74.8312, 15.9519 ], [ 74.8406, 15.9611 ], [ 74.8442, 15.9867 ], [ 74.8573, 15.9875 ], [ 74.8682, 15.9935 ], [ 74.8724, 16.0041 ], [ 74.8764, 16.0053 ], [ 74.9049, 16.0043 ], [ 74.9054, 16.0005 ], [ 74.9129, 16.003 ], [ 74.9157, 16.005 ], [ 74.9181, 16.0139 ], [ 74.9303, 16.0226 ], [ 74.9256, 16.034 ], [ 74.9363, 16.0331 ], [ 74.9487, 16.0405 ], [ 74.9504, 16.0458 ], [ 74.9627, 16.0513 ], [ 74.9656, 16.0759 ], [ 74.9787, 16.0748 ], [ 74.9801, 16.0877 ], [ 74.9756, 16.0944 ], [ 74.9768, 16.1013 ], [ 74.9801, 16.1032 ], [ 74.9763, 16.1126 ], [ 74.9775, 16.1193 ], [ 74.9756, 16.1249 ], [ 74.9987, 16.13 ], [ 75.0163, 16.1206 ], [ 75.0256, 16.1206 ], [ 75.0252, 16.123 ], [ 75.0367, 16.1246 ], [ 75.0373, 16.1421 ], [ 75.0481, 16.1561 ], [ 75.053, 16.1572 ], [ 75.0681, 16.1477 ] ] ] } },
{ "type": "Feature", "properties": { "area_id": "KGIS-T-0109", "name_en": "Bailhongal", "name_kn": "ಬೈಲಹೊಂಗಲ", "level": "block", "parent_id": "KGIS-D-01", "district_en": "Belagavi", "lgd_code": null }, "geometry": { "type": "Polygon", "coordinates": [ [ [ 74.802, 15.9915 ], [ 74.8445, 15.9896 ], [ 74.8406, 15.9611 ], [ 74.8312, 15.9519 ], [ 74.8302, 15.9437 ], [ 74.8344, 15.9213 ], [ 74.8414, 15.9029 ], [ 74.8133, 15.8911 ], [ 74.8016, 15.8831 ], [ 74.8105, 15.8485 ], [ 74.8142, 15.8475 ], [ 74.8205, 15.8392 ], [ 74.8323, 15.8363 ], [ 74.864, 15.8415 ], [ 74.8648, 15.8307 ], [ 74.8771, 15.8268 ], [ 74.8775, 15.8223 ], [ 74.8829, 15.8222 ], [ 74.8856, 15.8153 ], [ 74.892, 15.8087 ], [ 74.8985, 15.81 ], [ 74.9012, 15.7914 ], [ 74.9347, 15.7894 ], [ 74.9415, 15.7726 ], [ 74.9437, 15.7837 ], [ 74.952, 15.7832 ], [ 74.9525, 15.7745 ], [ 74.9593, 15.7614 ], [ 74.9621, 15.7265 ], [ 74.9867, 15.7315 ], [ 75.0014, 15.731 ], [ 75.0042, 15.7164 ], [ 75.0127, 15.7116 ], [ 75.0104, 15.6887 ], [ 74.995, 15.6863 ], [ 74.9916, 15.651 ], [ 74.9787, 15.6483 ], [ 74.9669, 15.6531 ], [ 74.9642, 15.6454 ], [ 74.9652, 15.6264 ], [ 74.9445, 15.6224 ], [ 74.9327, 15.6226 ], [ 74.9125, 15.6305 ], [ 74.892, 15.6307 ], [ 74.8872, 15.6298 ], [ 74.8819, 15.6236 ], [ 74.8776, 15.6222 ], [ 74.878, 15.6171 ], [ 74.8555, 15.6122 ], [ 74.8505, 15.6311 ], [ 74.8378, 15.6265 ], [ 74.8372, 15.6295 ], [ 74.8343, 15.6294 ], [ 74.8338, 15.6369 ], [ 74.8455, 15.6405 ], [ 74.8527, 15.6483 ], [ 74.8498, 15.665 ], [ 74.8605, 15.6689 ], [ 74.8626, 15.6637 ], [ 74.8698, 15.663 ], [ 74.8775, 15.675 ], [ 74.8701, 15.6759 ], [ 74.8683, 15.6824 ], [ 74.8629, 15.6814 ], [ 74.8599, 15.6937 ], [ 74.8617, 15.6943 ], [ 74.8614, 15.7087 ], [ 74.8533, 15.7229 ], [ 74.8454, 15.7218 ], [ 74.8459, 15.7148 ], [ 74.8411, 15.7142 ], [ 74.8432, 15.7003 ], [ 74.835, 15.6977 ], [ 74.8288, 15.7059 ], [ 74.8191, 15.7056 ], [ 74.8155, 15.7106 ], [ 74.8135, 15.7102 ], [ 74.814, 15.7081 ], [ 74.8084, 15.7082 ], [ 74.81, 15.7033 ], [ 74.7938, 15.6998 ], [ 74.7931, 15.7028 ], [ 74.7979, 15.7074 ], [ 74.7946, 15.7111 ], [ 74.7911, 15.7234 ], [ 74.7921, 15.7258 ], [ 74.7983, 15.7279 ], [ 74.7923, 15.7318 ], [ 74.7862, 15.7232 ], [ 74.7729, 15.718 ], [ 74.7644, 15.7215 ], [ 74.7589, 15.7184 ], [ 74.7561, 15.723 ], [ 74.7473, 15.7264 ], [ 74.7446, 15.7234 ], [ 74.7464, 15.7162 ], [ 74.7436, 15.7107 ], [ 74.7463, 15.7081 ], [ 74.7502, 15.7108 ], [ 74.7506, 15.7079 ], [ 74.7478, 15.7045 ], [ 74.7385, 15.7031 ], [ 74.7287, 15.7083 ], [ 74.7246, 15.7142 ], [ 74.7179, 15.7182 ], [ 74.7116, 15.743 ], [ 74.7147, 15.7484 ], [ 74.7041, 15.7467 ], [ 74.6973, 15.7483 ], [ 74.6961, 15.7517 ], [ 74.6816, 15.7457 ], [ 74.68, 15.753 ], [ 74.674, 15.7518 ], [ 74.6753, 15.7535 ], [ 74.6699, 15.7555 ], [ 74.6711, 15.7711 ], [ 74.6682, 15.7806 ], [ 74.6661, 15.7802 ], [ 74.6653, 15.791 ], [ 74.6695, 15.7926 ], [ 74.6672, 15.8034 ], [ 74.6391, 15.8056 ], [ 74.6323, 15.803 ], [ 74.631, 15.8136 ], [ 74.637, 15.8163 ], [ 74.6416, 15.8244 ], [ 74.6379, 15.8364 ], [ 74.6511, 15.8457 ], [ 74.658, 15.8478 ], [ 74.6591, 15.8503 ], [ 74.669, 15.8463 ], [ 74.6768, 15.8476 ], [ 74.6786, 15.8522 ], [ 74.6836, 15.8525 ], [ 74.6897, 15.8589 ], [ 74.6903, 15.8625 ], [ 74.6991, 15.87 ], [ 74.6923, 15.9055 ], [ 74.6888, 15.9054 ], [ 74.6818, 15.9121 ], [ 74.6825, 15.9184 ], [ 74.6927, 15.9258 ], [ 74.6918, 15.9293 ], [ 74.6842, 15.9345 ], [ 74.6871, 15.9435 ], [ 74.695, 15.945 ], [ 74.6973, 15.9486 ], [ 74.6933, 15.9502 ], [ 74.6947, 15.9528 ], [ 74.7194, 15.9664 ], [ 74.7289, 15.9682 ], [ 74.7391, 15.9786 ], [ 74.7501, 15.9767 ], [ 74.7575, 15.9801 ], [ 74.7661, 15.9896 ], [ 74.802, 15.9915 ] ] ] } },
{ "type": "Feature", "properties": { "area_id": "KGIS-T-0110", "name_en": "Ramadurg", "name_kn": "ರಾಮದುರ್ಗ", "level": "block", "parent_id": "KGIS-D-01", "district_en": "Belagavi", "lgd_code": "5442" }, "geometry": { "type": "Polygon", "coordinates": [ [ [ 75.2485, 16.2044 ], [ 75.2703, 16.2075 ], [ 75.2807, 16.1999 ], [ 75.2857, 16.2021 ], [ 75.2867, 16.2002 ], [ 75.2887, 16.1917 ], [ 75.2862, 16.1889 ], [ 75.2847, 16.1768 ], [ 75.2926, 16.1725 ], [ 75.2757, 16.1204 ], [ 75.3277, 16.1155 ], [ 75.3387, 16.1207 ], [ 75.3416, 16.1245 ], [ 75.3464, 16.1232 ], [ 75.3538, 16.1281 ], [ 75.3536, 16.1163 ], [ 75.3555, 16.1151 ], [ 75.4002, 16.1134 ], [ 75.4045, 16.1137 ], [ 75.407, 16.1255 ], [ 75.4121, 16.1303 ], [ 75.419, 16.1001 ], [ 75.4296, 16.0969 ], [ 75.4277, 16.0937 ], [ 75.4305, 16.0805 ], [ 75.4274, 16.0579 ], [ 75.4185, 16.0565 ], [ 75.416, 16.0532 ], [ 75.416, 16.0325 ], [ 75.4231, 16.0326 ], [ 75.4268, 16.0077 ], [ 75.4389, 16.0041 ], [ 75.4308, 15.9707 ], [ 75.4398, 15.9661 ], [ 75.4285, 15.9375 ], [ 75.4305, 15.9349 ], [ 75.4248, 15.9219 ], [ 75.4407, 15.9183 ], [ 75.437, 15.8936 ], [ 75.4464, 15.8932 ], [ 75.4436, 15.888 ], [ 75.4497, 15.8872 ], [ 75.4489, 15.885 ], [ 75.4529, 15.8821 ], [ 75.4511, 15.863 ], [ 75.4576, 15.8614 ], [ 75.458, 15.8538 ], [ 75.4578, 15.8178 ], [ 75.4553, 15.8179 ], [ 75.4529, 15.8105 ], [ 75.4514, 15.8108 ], [ 75.4477, 15.7937 ], [ 75.4397, 15.7951 ], [ 75.4366, 15.7781 ], [ 75.414, 15.7841 ], [ 75.4241, 15.8254 ], [ 75.425, 15.8424 ], [ 75.4075, 15.8386 ], [ 75.403, 15.8419 ], [ 75.3956, 15.8387 ], [ 75.3852, 15.8386 ], [ 75.3819, 15.8403 ], [ 75.3824, 15.8435 ], [ 75.3756, 15.846 ], [ 75.3649, 15.8043 ], [ 75.3409, 15.8045 ], [ 75.3389, 15.8277 ], [ 75.33, 15.8245 ], [ 75.333, 15.8166 ], [ 75.3268, 15.813 ], [ 75.3207, 15.8105 ], [ 75.3201, 15.8128 ], [ 75.303, 15.8124 ], [ 75.3029, 15.8157 ], [ 75.285, 15.84 ], [ 75.2823, 15.8728 ], [ 75.2695, 15.8999 ], [ 75.2541, 15.9023 ], [ 75.2447, 15.9007 ], [ 75.2452, 15.8954 ], [ 75.2306, 15.8846 ], [ 75.2288, 15.8751 ], [ 75.2205, 15.8767 ], [ 75.2147, 15.8737 ], [ 75.2143, 15.8703 ], [ 75.2068, 15.8712 ], [ 75.1955, 15.8667 ], [ 75.193, 15.862 ], [ 75.1832, 15.8709 ], [ 75.1793, 15.8869 ], [ 75.1797, 15.8925 ], [ 75.197, 15.8912 ], [ 75.1928, 15.9113 ], [ 75.1945, 15.9222 ], [ 75.165, 15.9241 ], [ 75.1545, 15.9213 ], [ 75.1452, 15.9234 ], [ 75.144, 15.9187 ], [ 75.1319, 15.9184 ], [ 75.1141, 15.9086 ], [ 75.1016, 15.9099 ], [ 75.0878, 15.9061 ], [ 75.0898, 15.9286 ], [ 75.0736, 15.9324 ], [ 75.0705, 15.9531 ], [ 75.0785, 15.9914 ], [ 75.091, 15.9909 ], [ 75.088, 15.9997 ], [ 75.0891, 16.0091 ], [ 75.1083, 16.0213 ], [ 75.0971, 16.0274 ], [ 75.0976, 16.0306 ], [ 75.0901, 16.031 ], [ 75.0874, 16.0372 ], [ 75.0909, 16.0407 ], [ 75.0872, 16.057 ], [ 75.0895, 16.057 ], [ 75.0943, 16.0667 ], [ 75.1003, 16.0719 ], [ 75.0996, 16.0916 ], [ 75.0762, 16.0908 ], [ 75.0716, 16.1137 ], [ 75.0775, 16.118 ], [ 75.0861, 16.119 ], [ 75.0863, 16.1227 ], [ 75.0918, 16.1225 ], [ 75.096, 16.1401 ], [ 75.0965, 16.167 ], [ 75.1161, 16.1701 ], [ 75.1159, 16.1749 ], [ 75.1237, 16.1772 ], [ 75.1235, 16.1893 ], [ 75.149, 16.187 ], [ 75.1568, 16.1821 ], [ 75.1761, 16.1877 ], [ 75.2075, 16.1842 ], [ 75.2112, 16.1946 ], [ 75.2281, 16.2025 ], [ 75.232, 16.2098 ], [ 75.2485, 16.2044 ] ] ] } },
{ "type": "Feature", "properties": { "area_id": "KGIS-T-0111", "name_en": "Kitthuru", "name_kn": "ಕಿತ್ತೂರು", "level": "block", "parent_id": "KGIS-D-01", "district_en": "Belagavi", "lgd_code": null }, "geometry": { "type": "Polygon", "coordinates": [ [ [ 74.6973, 15.7483 ], [ 74.7147, 15.7484 ], [ 74.7116, 15.743 ], [ 74.7179, 15.7182 ], [ 74.7246, 15.7142 ], [ 74.7287, 15.7083 ], [ 74.7396, 15.7028 ], [ 74.7478, 15.7045 ], [ 74.7506, 15.7079 ], [ 74.7502, 15.7108 ], [ 74.7463, 15.7081 ], [ 74.7436, 15.7107 ], [ 74.7464, 15.7162 ], [ 74.7446, 15.7234 ], [ 74.7473, 15.7264 ], [ 74.7561, 15.723 ], [ 74.7589, 15.7184 ], [ 74.7644, 15.7215 ], [ 74.7729, 15.718 ], [ 74.7862, 15.7232 ], [ 74.7904, 15.7313 ], [ 74.7935, 15.7317 ], [ 74.7983, 15.7279 ], [ 74.7921, 15.7258 ], [ 74.7911, 15.7234 ], [ 74.7946, 15.7111 ], [ 74.7979, 15.7074 ], [ 74.7931, 15.7028 ], [ 74.7938, 15.6998 ], [ 74.81, 15.7033 ], [ 74.8084, 15.7082 ], [ 74.814, 15.7081 ], [ 74.8135, 15.7102 ], [ 74.8155, 15.7106 ], [ 74.8191, 15.7056 ], [ 74.8288, 15.7059 ], [ 74.835, 15.6977 ], [ 74.8432, 15.7003 ], [ 74.8411, 15.7142 ], [ 74.8459, 15.7148 ], [ 74.8454, 15.7218 ], [ 74.8533, 15.7229 ], [ 74.8614, 15.7087 ], [ 74.8617, 15.6943 ], [ 74.8599, 15.6937 ], [ 74.8629, 15.6814 ], [ 74.8683, 15.6824 ], [ 74.8701, 15.6759 ], [ 74.8775, 15.675 ], [ 74.8698, 15.663 ], [ 74.8626, 15.6637 ], [ 74.8605, 15.6689 ], [ 74.8498, 15.665 ], [ 74.8527, 15.6483 ], [ 74.8455, 15.6405 ], [ 74.8338, 15.6369 ], [ 74.8343, 15.6294 ], [ 74.8372, 15.6295 ], [ 74.8378, 15.6265 ], [ 74.8505, 15.6311 ], [ 74.8557, 15.6111 ], [ 74.843, 15.6078 ], [ 74.8404, 15.6082 ], [ 74.8387, 15.612 ], [ 74.8286, 15.6084 ], [ 74.83, 15.5901 ], [ 74.8322, 15.591 ], [ 74.8378, 15.5771 ], [ 74.8409, 15.5746 ], [ 74.8235, 15.5679 ], [ 74.82, 15.5656 ], [ 74.8203, 15.562 ], [ 74.8079, 15.5534 ], [ 74.8077, 15.5504 ], [ 74.7972, 15.5476 ], [ 74.8116, 15.5204 ], [ 74.8094, 15.5106 ], [ 74.8144, 15.504 ], [ 74.802, 15.5015 ], [ 74.8055, 15.4974 ], [ 74.7973, 15.4975 ], [ 74.7987, 15.4936 ], [ 74.7944, 15.4875 ], [ 74.786, 15.4858 ], [ 74.7854, 15.4714 ], [ 74.7783, 15.4585 ], [ 74.7689, 15.4705 ], [ 74.7645, 15.4732 ], [ 74.7602, 15.4708 ], [ 74.7557, 15.4765 ], [ 74.7533, 15.4839 ], [ 74.7543, 15.488 ], [ 74.7498, 15.4907 ], [ 74.7482, 15.4954 ], [ 74.7424, 15.4941 ], [ 74.7321, 15.5109 ], [ 74.7311, 15.5266 ], [ 74.7336, 15.5583 ], [ 74.7181, 15.5592 ], [ 74.7131, 15.5624 ], [ 74.7112, 15.5683 ], [ 74.7052, 15.5698 ], [ 74.7054, 15.5786 ], [ 74.7141, 15.5822 ], [ 74.7147, 15.5884 ], [ 74.7092, 15.5882 ], [ 74.7035, 15.5968 ], [ 74.7087, 15.5986 ], [ 74.7075, 15.607 ], [ 74.7054, 15.6068 ], [ 74.704, 15.6125 ], [ 74.7047, 15.6312 ], [ 74.7173, 15.6267 ], [ 74.7164, 15.6358 ], [ 74.7196, 15.6361 ], [ 74.7202, 15.6462 ], [ 74.7229, 15.6477 ], [ 74.7168, 15.6502 ], [ 74.703, 15.6508 ], [ 74.7026, 15.654 ], [ 74.6912, 15.6544 ], [ 74.6895, 15.6651 ], [ 74.6911, 15.6703 ], [ 74.6846, 15.6778 ], [ 74.6846, 15.6817 ], [ 74.6712, 15.684 ], [ 74.669, 15.6918 ], [ 74.6628, 15.6915 ], [ 74.6613, 15.6956 ], [ 74.6572, 15.6951 ], [ 74.6502, 15.7084 ], [ 74.6682, 15.7141 ], [ 74.6687, 15.7224 ], [ 74.6715, 15.72 ], [ 74.6772, 15.7201 ], [ 74.6783, 15.7246 ], [ 74.6759, 15.7309 ], [ 74.6778, 15.7366 ], [ 74.6756, 15.7419 ], [ 74.6823, 15.7475 ], [ 74.6966, 15.7518 ], [ 74.6973, 15.7483 ] ] ] } },
{ "type": "Feature", "properties": { "area_id": "KGIS-T-0112", "name_en": "Nippani", "name_kn": "", "level": "block", "parent_id": "KGIS-D-01", "district_en": "Belagavi", "lgd_code": null }, "geometry": { "type": "Polygon", "coordinates": [ [ [ 74.4729, 16.6647 ], [ 74.4752, 16.6475 ], [ 74.49, 16.6303 ], [ 74.4956, 16.63 ], [ 74.5037, 16.6338 ], [ 74.5448, 16.6355 ], [ 74.5451, 16.6291 ], [ 74.5428, 16.6266 ], [ 74.5448, 16.5954 ], [ 74.5359, 16.5988 ], [ 74.531, 16.5931 ], [ 74.5224, 16.5886 ], [ 74.5219, 16.5853 ], [ 74.528, 16.5798 ], [ 74.5251, 16.5809 ], [ 74.5249, 16.5773 ], [ 74.5178, 16.5819 ], [ 74.5103, 16.5784 ], [ 74.5023, 16.5822 ], [ 74.497, 16.5746 ], [ 74.4991, 16.5574 ], [ 74.495, 16.5563 ], [ 74.4889, 16.559 ], [ 74.4913, 16.5403 ], [ 74.4956, 16.5277 ], [ 74.4982, 16.5282 ], [ 74.4993, 16.5199 ], [ 74.4751, 16.5086 ], [ 74.482, 16.5026 ], [ 74.5013, 16.4925 ], [ 74.4976, 16.4863 ], [ 74.4955, 16.4743 ], [ 74.4915, 16.474 ], [ 74.4885, 16.4765 ], [ 74.4864, 16.474 ], [ 74.4654, 16.4694 ], [ 74.4502, 16.4732 ], [ 74.4457, 16.4688 ], [ 74.4362, 16.4675 ], [ 74.4347, 16.4667 ], [ 74.4362, 16.4572 ], [ 74.42, 16.4555 ], [ 74.416, 16.4314 ], [ 74.4142, 16.4294 ], [ 74.4029, 16.4285 ], [ 74.4019, 16.4189 ], [ 74.4061, 16.4125 ], [ 74.4072, 16.3992 ], [ 74.4143, 16.3891 ], [ 74.4145, 16.3834 ], [ 74.4123, 16.3816 ], [ 74.4167, 16.3749 ], [ 74.4154, 16.3685 ], [ 74.4173, 16.3577 ], [ 74.4196, 16.3565 ], [ 74.4172, 16.3514 ], [ 74.4186, 16.3475 ], [ 74.4075, 16.3471 ], [ 74.4082, 16.3415 ], [ 74.4021, 16.3423 ], [ 74.4013, 16.353 ], [ 74.3885, 16.3484 ], [ 74.3849, 16.3518 ], [ 74.3799, 16.352 ], [ 74.3765, 16.3608 ], [ 74.3726, 16.3604 ], [ 74.3694, 16.3588 ], [ 74.3672, 16.352 ], [ 74.364, 16.3532 ], [ 74.365, 16.3396 ], [ 74.3686, 16.3315 ], [ 74.3569, 16.3303 ], [ 74.3557, 16.326 ], [ 74.3521, 16.3238 ], [ 74.3488, 16.3278 ], [ 74.3499, 16.3309 ], [ 74.3457, 16.329 ], [ 74.3406, 16.3303 ], [ 74.3454, 16.3237 ], [ 74.346, 16.3189 ], [ 74.3437, 16.3178 ], [ 74.3355, 16.3187 ], [ 74.3301, 16.326 ], [ 74.3264, 16.3231 ], [ 74.3205, 16.3231 ], [ 74.3147, 16.3265 ], [ 74.322, 16.334 ], [ 74.3147, 16.3404 ], [ 74.3202, 16.3433 ], [ 74.3273, 16.3422 ], [ 74.3156, 16.3559 ], [ 74.3184, 16.354 ], [ 74.3251, 16.3584 ], [ 74.3198, 16.368 ], [ 74.3201, 16.376 ], [ 74.317, 16.3791 ], [ 74.3251, 16.3787 ], [ 74.3282, 16.385 ], [ 74.3272, 16.3918 ], [ 74.3362, 16.3945 ], [ 74.3405, 16.3902 ], [ 74.3415, 16.3829 ], [ 74.3459, 16.3777 ], [ 74.3478, 16.3671 ], [ 74.3535, 16.366 ], [ 74.3526, 16.3818 ], [ 74.3569, 16.3833 ], [ 74.3584, 16.3912 ], [ 74.363, 16.3955 ], [ 74.3635, 16.4048 ], [ 74.3516, 16.4064 ], [ 74.3356, 16.4012 ], [ 74.3326, 16.4123 ], [ 74.3278, 16.419 ], [ 74.337, 16.4288 ], [ 74.3324, 16.436 ], [ 74.3359, 16.4455 ], [ 74.3293, 16.4473 ], [ 74.3322, 16.4553 ], [ 74.3118, 16.4532 ], [ 74.306, 16.4552 ], [ 74.2969, 16.464 ], [ 74.2917, 16.4614 ], [ 74.2895, 16.4628 ], [ 74.2882, 16.4766 ], [ 74.292, 16.4854 ], [ 74.2914, 16.5047 ], [ 74.2793, 16.5047 ], [ 74.2742, 16.4935 ], [ 74.2748, 16.4853 ], [ 74.2607, 16.4797 ], [ 74.2571, 16.4892 ], [ 74.2478, 16.4962 ], [ 74.2546, 16.5008 ], [ 74.2649, 16.5007 ], [ 74.2781, 16.5046 ], [ 74.2758, 16.5211 ], [ 74.2696, 16.5221 ], [ 74.2639, 16.5397 ], [ 74.272, 16.5482 ], [ 74.2811, 16.5415 ], [ 74.2807, 16.5326 ], [ 74.2835, 16.525 ], [ 74.2911, 16.5339 ], [ 74.3012, 16.53 ], [ 74.3066, 16.504 ], [ 74.3112, 16.5036 ], [ 74.3165, 16.5044 ], [ 74.3163, 16.5555 ], [ 74.324, 16.5575 ], [ 74.3349, 16.5488 ], [ 74.3393, 16.5488 ], [ 74.3466, 16.5562 ], [ 74.3544, 16.5557 ], [ 74.3535, 16.5593 ], [ 74.3562, 16.56 ], [ 74.3603, 16.5556 ], [ 74.3577, 16.5555 ], [ 74.3566, 16.5524 ], [ 74.3583, 16.539 ], [ 74.3728, 16.5351 ], [ 74.3773, 16.5287 ], [ 74.381, 16.5292 ], [ 74.3873, 16.536 ], [ 74.3889, 16.5524 ], [ 74.3871, 16.56 ], [ 74.3935, 16.5653 ], [ 74.3905, 16.5679 ], [ 74.3956, 16.5731 ], [ 74.3967, 16.5829 ], [ 74.4179, 16.5861 ], [ 74.4221, 16.5847 ], [ 74.4263, 16.5961 ], [ 74.4352, 16.6009 ], [ 74.4663, 16.6053 ], [ 74.4641, 16.6159 ], [ 74.4658, 16.6242 ], [ 74.4589, 16.6341 ], [ 74.4554, 16.6471 ], [ 74.4587, 16.649 ], [ 74.4561, 16.6558 ], [ 74.4634, 16.6584 ], [ 74.4701, 16.6647 ], [ 74.4729, 16.6647 ] ] ] } },
{ "type": "Feature", "properties": { "area_id": "KGIS-T-0113", "name_en": "Kagavada", "name_kn": "", "level": "block", "parent_id": "KGIS-D-01", "district_en": "Belagavi", "lgd_code": null }, "geometry": { "type": "Polygon", "coordinates": [ [ [ 74.665, 16.6648 ], [ 74.6796, 16.6662 ], [ 74.6791, 16.6732 ], [ 74.6894, 16.6769 ], [ 74.6887, 16.6816 ], [ 74.6815, 16.6811 ], [ 74.6812, 16.6839 ], [ 74.6813, 16.6867 ], [ 74.6892, 16.6864 ], [ 74.6893, 16.708 ], [ 74.6864, 16.7133 ], [ 74.6909, 16.7185 ], [ 74.6934, 16.7162 ], [ 74.7028, 16.7155 ], [ 74.7274, 16.7169 ], [ 74.7275, 16.7198 ], [ 74.7321, 16.7185 ], [ 74.737, 16.7237 ], [ 74.7531, 16.7314 ], [ 74.76, 16.7414 ], [ 74.7696, 16.7454 ], [ 74.7718, 16.7509 ], [ 74.7842, 16.7508 ], [ 74.7954, 16.7473 ], [ 74.7982, 16.7538 ], [ 74.8443, 16.762 ], [ 74.8498, 16.7726 ], [ 74.8654, 16.764 ], [ 74.8686, 16.7742 ], [ 74.891, 16.7713 ], [ 74.9194, 16.7727 ], [ 74.9199, 16.7685 ], [ 74.9275, 16.7646 ], [ 74.9268, 16.7556 ], [ 74.9556, 16.7558 ], [ 74.9562, 16.7522 ], [ 74.9603, 16.7508 ], [ 74.9683, 16.729 ], [ 74.9654, 16.6788 ], [ 74.962, 16.678 ], [ 74.9604, 16.6738 ], [ 74.9641, 16.6657 ], [ 74.9639, 16.66 ], [ 74.9593, 16.658 ], [ 74.9493, 16.6439 ], [ 74.9442, 16.625 ], [ 74.9375, 16.612 ], [ 74.9236, 16.6135 ], [ 74.9149, 16.6245 ], [ 74.9122, 16.6359 ], [ 74.9071, 16.644 ], [ 74.8966, 16.6527 ], [ 74.8868, 16.6566 ], [ 74.8719, 16.6552 ], [ 74.8585, 16.643 ], [ 74.8434, 16.6347 ], [ 74.8248, 16.6371 ], [ 74.8127, 16.6443 ], [ 74.8078, 16.6405 ], [ 74.8036, 16.5884 ], [ 74.7937, 16.5771 ], [ 74.7771, 16.5716 ], [ 74.771, 16.6058 ], [ 74.7522, 16.6089 ], [ 74.7256, 16.6083 ], [ 74.7256, 16.5987 ], [ 74.6921, 16.5942 ], [ 74.6918, 16.6042 ], [ 74.6876, 16.6042 ], [ 74.6864, 16.6075 ], [ 74.6819, 16.6066 ], [ 74.6721, 16.6096 ], [ 74.6722, 16.6119 ], [ 74.6757, 16.61 ], [ 74.6782, 16.6119 ], [ 74.6842, 16.6074 ], [ 74.6865, 16.6084 ], [ 74.6845, 16.6099 ], [ 74.6871, 16.6093 ], [ 74.6872, 16.6161 ], [ 74.672, 16.6241 ], [ 74.6668, 16.6298 ], [ 74.6582, 16.6305 ], [ 74.6517, 16.6374 ], [ 74.6585, 16.6456 ], [ 74.665, 16.6648 ] ] ] } },
{ "type": "Feature", "properties": { "area_id": "KGIS-T-0114", "name_en": "Mudalagi", "name_kn": "ಮುಡಲಗಿ", "level": "block", "parent_id": "KGIS-D-01", "district_en": "Belagavi", "lgd_code": null }, "geometry": { "type": "MultiPolygon", "coordinates": [ [ [ [ 74.723, 16.205 ], [ 74.727, 16.2022 ], [ 74.7243, 16.1987 ], [ 74.7282, 16.1965 ], [ 74.7272, 16.1762 ], [ 74.7221, 16.1723 ], [ 74.7219, 16.1685 ], [ 74.7135, 16.1723 ], [ 74.7072, 16.1714 ], [ 74.7018, 16.1841 ], [ 74.6994, 16.2011 ], [ 74.7113, 16.2018 ], [ 74.7156, 16.2054 ], [ 74.723, 16.205 ] ] ], [ [ [ 74.9841, 16.3954 ], [ 74.9929, 16.3837 ], [ 75.006, 16.3848 ], [ 75.0072, 16.3804 ], [ 75.0107, 16.3783 ], [ 75.0233, 16.3757 ], [ 75.0219, 16.3676 ], [ 75.0335, 16.3674 ], [ 75.0341, 16.339 ], [ 75.0437, 16.3196 ], [ 75.0578, 16.3315 ], [ 75.063, 16.3261 ], [ 75.0775, 16.332 ], [ 75.0882, 16.3298 ], [ 75.0956, 16.3249 ], [ 75.1094, 16.3285 ], [ 75.116, 16.3262 ], [ 75.124, 16.3308 ], [ 75.1311, 16.331 ], [ 75.1384, 16.326 ], [ 75.1291, 16.2962 ], [ 75.1296, 16.287 ], [ 75.156, 16.2805 ], [ 75.17, 16.2803 ], [ 75.1783, 16.2749 ], [ 75.2049, 16.2725 ], [ 75.2176, 16.2686 ], [ 75.2246, 16.2624 ], [ 75.2341, 16.2596 ], [ 75.2323, 16.2502 ], [ 75.2393, 16.2511 ], [ 75.2306, 16.2351 ], [ 75.2302, 16.2246 ], [ 75.2336, 16.2124 ], [ 75.2281, 16.2025 ], [ 75.2112, 16.1946 ], [ 75.2075, 16.1842 ], [ 75.1761, 16.1877 ], [ 75.1568, 16.1821 ], [ 75.149, 16.187 ], [ 75.1222, 16.1894 ], [ 75.1234, 16.201 ], [ 75.1176, 16.2309 ], [ 75.1179, 16.24 ], [ 75.0584, 16.232 ], [ 75.0558, 16.2334 ], [ 75.0412, 16.2283 ], [ 75.0227, 16.2284 ], [ 75.0212, 16.2072 ], [ 75.0195, 16.2043 ], [ 75.0133, 16.2036 ], [ 75.0095, 16.2068 ], [ 75.0049, 16.2054 ], [ 74.981, 16.2145 ], [ 74.9753, 16.2195 ], [ 74.9729, 16.2258 ], [ 74.9613, 16.2316 ], [ 74.9596, 16.237 ], [ 74.958, 16.2364 ], [ 74.9585, 16.2409 ], [ 74.956, 16.2367 ], [ 74.9483, 16.2363 ], [ 74.9406, 16.2319 ], [ 74.9332, 16.2241 ], [ 74.9206, 16.2217 ], [ 74.9205, 16.2166 ], [ 74.9184, 16.2172 ], [ 74.9118, 16.2062 ], [ 74.9072, 16.2052 ], [ 74.9028, 16.2094 ], [ 74.9065, 16.212 ], [ 74.9052, 16.217 ], [ 74.897, 16.2241 ], [ 74.8889, 16.2477 ], [ 74.8692, 16.2403 ], [ 74.8449, 16.2348 ], [ 74.8469, 16.2143 ], [ 74.8426, 16.2066 ], [ 74.827, 16.1966 ], [ 74.8104, 16.1971 ], [ 74.8085, 16.2044 ], [ 74.8028, 16.2059 ], [ 74.7921, 16.2433 ], [ 74.8055, 16.2487 ], [ 74.8043, 16.2503 ], [ 74.8178, 16.2526 ], [ 74.8325, 16.2481 ], [ 74.8309, 16.2688 ], [ 74.8264, 16.2884 ], [ 74.8172, 16.2922 ], [ 74.8174, 16.2992 ], [ 74.8276, 16.2997 ], [ 74.8337, 16.3109 ], [ 74.8339, 16.3167 ], [ 74.8423, 16.3142 ], [ 74.8648, 16.3195 ], [ 74.8649, 16.3221 ], [ 74.8766, 16.3212 ], [ 74.8826, 16.3281 ], [ 74.8954, 16.3287 ], [ 74.9056, 16.3206 ], [ 74.9075, 16.3203 ], [ 74.9087, 16.3234 ], [ 74.9123, 16.3209 ], [ 74.9171, 16.3313 ], [ 74.9175, 16.3461 ], [ 74.9144, 16.3498 ], [ 74.9264, 16.3497 ], [ 74.9281, 16.3662 ], [ 74.9442, 16.3693 ], [ 74.9447, 16.3725 ], [ 74.9588, 16.3794 ], [ 74.961, 16.3822 ], [ 74.9607, 16.3939 ], [ 74.9841, 16.3954 ] ] ], [ [ [ 75.0313, 16.3954 ], [ 75.0292, 16.3931 ], [ 75.0274, 16.3912 ], [ 75.0275, 16.3965 ], [ 75.0313, 16.3954 ] ] ] ] } },
{ "type": "Feature", "properties": { "area_id": "KGIS-T-0201", "name_en": "Jamakhandi", "name_kn": "ಜಮಖಂಡಿ", "level": "block", "parent_id": "KGIS-D-02", "district_en": "Bagalkot", "lgd_code": "5443" }, "geometry": { "type": "Polygon", "coordinates": [ [ [ 75.421, 16.7677 ], [ 75.4324, 16.7658 ], [ 75.4466, 16.7554 ], [ 75.4663, 16.7547 ], [ 75.4767, 16.7478 ], [ 75.4925, 16.7459 ], [ 75.4881, 16.6945 ], [ 75.463, 16.6997 ], [ 75.4376, 16.6979 ], [ 75.4471, 16.6653 ], [ 75.4548, 16.6643 ], [ 75.4622, 16.6296 ], [ 75.4619, 16.6222 ], [ 75.4744, 16.6115 ], [ 75.4849, 16.6063 ], [ 75.4912, 16.5995 ], [ 75.4933, 16.5918 ], [ 75.4918, 16.5849 ], [ 75.4855, 16.5805 ], [ 75.4841, 16.5724 ], [ 75.4731, 16.5665 ], [ 75.4724, 16.5637 ], [ 75.4811, 16.561 ], [ 75.4797, 16.5573 ], [ 75.4882, 16.5547 ], [ 75.4885, 16.5325 ], [ 75.4909, 16.5239 ], [ 75.4854, 16.5074 ], [ 75.4549, 16.5056 ], [ 75.4542, 16.5104 ], [ 75.4414, 16.5247 ], [ 75.4336, 16.5292 ], [ 75.425, 16.5293 ], [ 75.4147, 16.4945 ], [ 75.4072, 16.4928 ], [ 75.4129, 16.4668 ], [ 75.3939, 16.4626 ], [ 75.4006, 16.4351 ], [ 75.4053, 16.4346 ], [ 75.4048, 16.4307 ], [ 75.4082, 16.4294 ], [ 75.4084, 16.4059 ], [ 75.3902, 16.4013 ], [ 75.3895, 16.4073 ], [ 75.379, 16.4077 ], [ 75.3544, 16.4032 ], [ 75.3385, 16.4069 ], [ 75.3382, 16.4023 ], [ 75.3363, 16.4023 ], [ 75.3379, 16.4068 ], [ 75.3341, 16.4061 ], [ 75.334, 16.4097 ], [ 75.3309, 16.4084 ], [ 75.3311, 16.4106 ], [ 75.3294, 16.4084 ], [ 75.3265, 16.4117 ], [ 75.3248, 16.4092 ], [ 75.3049, 16.4132 ], [ 75.2973, 16.4184 ], [ 75.2976, 16.4206 ], [ 75.2702, 16.4262 ], [ 75.2472, 16.4349 ], [ 75.2129, 16.4304 ], [ 75.2125, 16.4592 ], [ 75.2043, 16.5184 ], [ 75.2046, 16.5317 ], [ 75.2106, 16.5315 ], [ 75.2138, 16.5711 ], [ 75.179, 16.5745 ], [ 75.1773, 16.5786 ], [ 75.1591, 16.5873 ], [ 75.1759, 16.6023 ], [ 75.2014, 16.6083 ], [ 75.2172, 16.6149 ], [ 75.2325, 16.6142 ], [ 75.2516, 16.6048 ], [ 75.2598, 16.6073 ], [ 75.2566, 16.6096 ], [ 75.2585, 16.6125 ], [ 75.2555, 16.6186 ], [ 75.2618, 16.62 ], [ 75.2681, 16.6409 ], [ 75.2628, 16.6804 ], [ 75.265, 16.6928 ], [ 75.2892, 16.715 ], [ 75.3168, 16.7185 ], [ 75.3625, 16.7143 ], [ 75.3655, 16.7225 ], [ 75.3624, 16.7301 ], [ 75.3665, 16.7434 ], [ 75.3665, 16.7598 ], [ 75.3795, 16.7623 ], [ 75.3917, 16.7624 ], [ 75.3926, 16.7599 ], [ 75.4068, 16.7616 ], [ 75.4125, 16.7664 ], [ 75.421, 16.7677 ] ] ] } },
{ "type": "Feature", "properties": { "area_id": "KGIS-T-0202", "name_en": "Bilagi", "name_kn": "ಬೀಳಗಿ", "level": "block", "parent_id": "KGIS-D-02", "district_en": "Bagalkot", "lgd_code": null }, "geometry": { "type": "Polygon", "coordinates": [ [ [ 75.4552, 16.5075 ], [ 75.4606, 16.4863 ], [ 75.4651, 16.4782 ], [ 75.4652, 16.4726 ], [ 75.4328, 16.4388 ], [ 75.4324, 16.4355 ], [ 75.434, 16.4287 ], [ 75.45, 16.414 ], [ 75.458, 16.4136 ], [ 75.4622, 16.4179 ], [ 75.4809, 16.4161 ], [ 75.4877, 16.4183 ], [ 75.4945, 16.4231 ], [ 75.4988, 16.4319 ], [ 75.4964, 16.4469 ], [ 75.4994, 16.454 ], [ 75.5265, 16.465 ], [ 75.5389, 16.4662 ], [ 75.5479, 16.4615 ], [ 75.5521, 16.4554 ], [ 75.5548, 16.4281 ], [ 75.5663, 16.4127 ], [ 75.5755, 16.4131 ], [ 75.5852, 16.4342 ], [ 75.6014, 16.4475 ], [ 75.631, 16.445 ], [ 75.6422, 16.4408 ], [ 75.6713, 16.4236 ], [ 75.6727, 16.4252 ], [ 75.677, 16.4238 ], [ 75.6809, 16.4198 ], [ 75.6791, 16.4174 ], [ 75.6901, 16.4108 ], [ 75.7063, 16.4054 ], [ 75.719, 16.3897 ], [ 75.7633, 16.3836 ], [ 75.7958, 16.3717 ], [ 75.8132, 16.3704 ], [ 75.8277, 16.3614 ], [ 75.8374, 16.3499 ], [ 75.8292, 16.3484 ], [ 75.8194, 16.339 ], [ 75.8118, 16.3362 ], [ 75.8063, 16.3311 ], [ 75.7929, 16.33 ], [ 75.7838, 16.3342 ], [ 75.7784, 16.3338 ], [ 75.7783, 16.3247 ], [ 75.7872, 16.3148 ], [ 75.7844, 16.3065 ], [ 75.7727, 16.3092 ], [ 75.763, 16.3171 ], [ 75.75, 16.3176 ], [ 75.7483, 16.3119 ], [ 75.7519, 16.3057 ], [ 75.7529, 16.2967 ], [ 75.749, 16.2936 ], [ 75.7333, 16.2894 ], [ 75.7374, 16.2734 ], [ 75.7359, 16.2694 ], [ 75.7329, 16.2656 ], [ 75.7218, 16.2601 ], [ 75.7223, 16.2466 ], [ 75.7205, 16.2476 ], [ 75.719, 16.2439 ], [ 75.7059, 16.2404 ], [ 75.6984, 16.2235 ], [ 75.6821, 16.2306 ], [ 75.6706, 16.2323 ], [ 75.6538, 16.2436 ], [ 75.656, 16.2488 ], [ 75.6512, 16.2446 ], [ 75.6315, 16.2479 ], [ 75.6273, 16.2219 ], [ 75.6308, 16.2204 ], [ 75.625, 16.215 ], [ 75.6176, 16.2144 ], [ 75.6172, 16.2235 ], [ 75.6198, 16.2303 ], [ 75.6178, 16.2321 ], [ 75.5986, 16.2291 ], [ 75.5792, 16.2376 ], [ 75.5673, 16.2393 ], [ 75.5566, 16.2361 ], [ 75.5466, 16.2289 ], [ 75.5406, 16.2389 ], [ 75.5275, 16.2423 ], [ 75.5235, 16.2378 ], [ 75.5206, 16.2276 ], [ 75.514, 16.2211 ], [ 75.4967, 16.2238 ], [ 75.4935, 16.2252 ], [ 75.4934, 16.2293 ], [ 75.4907, 16.2269 ], [ 75.4869, 16.2291 ], [ 75.4826, 16.2431 ], [ 75.4693, 16.2358 ], [ 75.4592, 16.2382 ], [ 75.452, 16.246 ], [ 75.4337, 16.2534 ], [ 75.4331, 16.2618 ], [ 75.4283, 16.2696 ], [ 75.4298, 16.304 ], [ 75.4771, 16.2802 ], [ 75.4942, 16.3391 ], [ 75.4918, 16.3457 ], [ 75.4957, 16.3477 ], [ 75.4967, 16.3528 ], [ 75.4933, 16.3521 ], [ 75.4695, 16.3598 ], [ 75.4593, 16.3657 ], [ 75.4251, 16.3719 ], [ 75.4131, 16.377 ], [ 75.404, 16.3748 ], [ 75.3965, 16.3821 ], [ 75.3902, 16.4013 ], [ 75.4084, 16.4059 ], [ 75.4082, 16.4294 ], [ 75.4048, 16.4307 ], [ 75.4053, 16.4346 ], [ 75.4006, 16.4351 ], [ 75.3939, 16.4626 ], [ 75.4129, 16.4668 ], [ 75.4072, 16.4928 ], [ 75.4147, 16.4945 ], [ 75.425, 16.5293 ], [ 75.4336, 16.5292 ], [ 75.4414, 16.5247 ], [ 75.4552, 16.5075 ] ] ] } },
{ "type": "Feature", "properties": { "area_id": "KGIS-T-0203", "name_en": "Mudhol", "name_kn": "ಮುಧೋಳ", "level": "block", "parent_id": "KGIS-D-02", "district_en": "Bagalkot", "lgd_code": "5445" }, "geometry": { "type": "Polygon", "coordinates": [ [ [ 75.2475, 16.4348 ], [ 75.2702, 16.4262 ], [ 75.2976, 16.4206 ], [ 75.2973, 16.4184 ], [ 75.3049, 16.4132 ], [ 75.3248, 16.4092 ], [ 75.3265, 16.4117 ], [ 75.3294, 16.4084 ], [ 75.3311, 16.4106 ], [ 75.3309, 16.4084 ], [ 75.334, 16.4097 ], [ 75.3341, 16.4061 ], [ 75.3379, 16.4068 ], [ 75.3363, 16.4023 ], [ 75.3382, 16.4023 ], [ 75.3385, 16.4069 ], [ 75.3544, 16.4032 ], [ 75.379, 16.4077 ], [ 75.3895, 16.4073 ], [ 75.3951, 16.3852 ], [ 75.404, 16.3748 ], [ 75.4131, 16.377 ], [ 75.4251, 16.3719 ], [ 75.4593, 16.3657 ], [ 75.4695, 16.3598 ], [ 75.4933, 16.3521 ], [ 75.4967, 16.3528 ], [ 75.4957, 16.3477 ], [ 75.4918, 16.3457 ], [ 75.4942, 16.3391 ], [ 75.4771, 16.2802 ], [ 75.4298, 16.304 ], [ 75.4283, 16.2696 ], [ 75.4331, 16.2618 ], [ 75.4337, 16.2534 ], [ 75.4439, 16.249 ], [ 75.4479, 16.1834 ], [ 75.4448, 16.1814 ], [ 75.4451, 16.1708 ], [ 75.4411, 16.1681 ], [ 75.4379, 16.1602 ], [ 75.4349, 16.1592 ], [ 75.4351, 16.1562 ], [ 75.4237, 16.1408 ], [ 75.4179, 16.1348 ], [ 75.4128, 16.1338 ], [ 75.4072, 16.1259 ], [ 75.4045, 16.1137 ], [ 75.3555, 16.1151 ], [ 75.3536, 16.1163 ], [ 75.3538, 16.1281 ], [ 75.3464, 16.1232 ], [ 75.3416, 16.1245 ], [ 75.3387, 16.1207 ], [ 75.3277, 16.1155 ], [ 75.2757, 16.1204 ], [ 75.2926, 16.1725 ], [ 75.2847, 16.1768 ], [ 75.2862, 16.1889 ], [ 75.2887, 16.1917 ], [ 75.2857, 16.2021 ], [ 75.2807, 16.1999 ], [ 75.2703, 16.2075 ], [ 75.2493, 16.2043 ], [ 75.2324, 16.2096 ], [ 75.2331, 16.2187 ], [ 75.2298, 16.2315 ], [ 75.2393, 16.2511 ], [ 75.2323, 16.2502 ], [ 75.2341, 16.2596 ], [ 75.2246, 16.2624 ], [ 75.2176, 16.2686 ], [ 75.1951, 16.2744 ], [ 75.1783, 16.2749 ], [ 75.17, 16.2803 ], [ 75.156, 16.2805 ], [ 75.1296, 16.287 ], [ 75.1291, 16.2962 ], [ 75.1384, 16.326 ], [ 75.1305, 16.3317 ], [ 75.135, 16.3558 ], [ 75.1204, 16.3581 ], [ 75.1163, 16.3715 ], [ 75.121, 16.4094 ], [ 75.1244, 16.4139 ], [ 75.1511, 16.4182 ], [ 75.1523, 16.4207 ], [ 75.1632, 16.4242 ], [ 75.1815, 16.4202 ], [ 75.2103, 16.4301 ], [ 75.2475, 16.4348 ] ] ] } },
{ "type": "Feature", "properties": { "area_id": "KGIS-T-0204", "name_en": "Badami", "name_kn": "ಬಾದಾಮಿ", "level": "block", "parent_id": "KGIS-D-02", "district_en": "Bagalkot", "lgd_code": "5446" }, "geometry": { "type": "MultiPolygon", "coordinates": [ [ [ [ 75.4351, 16.1562 ], [ 75.4826, 16.1512 ], [ 75.5023, 16.1451 ], [ 75.5083, 16.1396 ], [ 75.5094, 16.1353 ], [ 75.5354, 16.1372 ], [ 75.5555, 16.1334 ], [ 75.5602, 16.1437 ], [ 75.569, 16.1464 ], [ 75.5726, 16.151 ], [ 75.5832, 16.1516 ], [ 75.593, 16.1447 ], [ 75.5954, 16.1525 ], [ 75.6056, 16.1482 ], [ 75.6307, 16.1446 ], [ 75.6227, 16.1057 ], [ 75.6107, 16.1047 ], [ 75.6141, 16.0836 ], [ 75.606, 16.0795 ], [ 75.586, 16.0754 ], [ 75.585, 16.055 ], [ 75.597, 16.0501 ], [ 75.6109, 16.049 ], [ 75.6131, 16.0368 ], [ 75.6297, 16.046 ], [ 75.6402, 16.0295 ], [ 75.6534, 16.0302 ], [ 75.6673, 16.0271 ], [ 75.668, 16.025 ], [ 75.677, 16.0297 ], [ 75.6822, 16.0406 ], [ 75.6884, 16.0419 ], [ 75.6896, 16.0325 ], [ 75.6921, 16.033 ], [ 75.6984, 16.0157 ], [ 75.6986, 16.0035 ], [ 75.7114, 15.9956 ], [ 75.7121, 15.9856 ], [ 75.7369, 15.9868 ], [ 75.7394, 15.978 ], [ 75.7642, 15.9727 ], [ 75.7661, 15.9749 ], [ 75.7854, 15.9765 ], [ 75.7918, 15.9802 ], [ 75.7899, 15.9837 ], [ 75.7992, 15.9839 ], [ 75.8011, 15.9796 ], [ 75.8064, 15.9819 ], [ 75.8067, 15.9792 ], [ 75.8015, 15.9767 ], [ 75.8032, 15.975 ], [ 75.8131, 15.9812 ], [ 75.8183, 15.9812 ], [ 75.8187, 15.9651 ], [ 75.8092, 15.9579 ], [ 75.8161, 15.9522 ], [ 75.818, 15.9462 ], [ 75.816, 15.9428 ], [ 75.8026, 15.9393 ], [ 75.8051, 15.9277 ], [ 75.8122, 15.9226 ], [ 75.7898, 15.9225 ], [ 75.7892, 15.9242 ], [ 75.7771, 15.9191 ], [ 75.7764, 15.9136 ], [ 75.7805, 15.9058 ], [ 75.7759, 15.9026 ], [ 75.7804, 15.8971 ], [ 75.7866, 15.8984 ], [ 75.8111, 15.8942 ], [ 75.8116, 15.9001 ], [ 75.8276, 15.9003 ], [ 75.83, 15.8972 ], [ 75.8301, 15.8875 ], [ 75.8331, 15.8868 ], [ 75.8354, 15.8828 ], [ 75.834, 15.878 ], [ 75.8317, 15.8785 ], [ 75.8278, 15.8662 ], [ 75.8378, 15.8652 ], [ 75.8399, 15.8716 ], [ 75.8482, 15.8714 ], [ 75.8475, 15.8618 ], [ 75.8495, 15.8591 ], [ 75.8451, 15.838 ], [ 75.8255, 15.8384 ], [ 75.8267, 15.8422 ], [ 75.8208, 15.8454 ], [ 75.8201, 15.8513 ], [ 75.8121, 15.8471 ], [ 75.8097, 15.8511 ], [ 75.7975, 15.8476 ], [ 75.7937, 15.8496 ], [ 75.7873, 15.8488 ], [ 75.7802, 15.8532 ], [ 75.7765, 15.8477 ], [ 75.7741, 15.828 ], [ 75.7772, 15.8275 ], [ 75.7797, 15.8173 ], [ 75.7514, 15.8157 ], [ 75.7437, 15.813 ], [ 75.7359, 15.814 ], [ 75.7361, 15.8166 ], [ 75.7215, 15.8183 ], [ 75.715, 15.8274 ], [ 75.7069, 15.8294 ], [ 75.7056, 15.8272 ], [ 75.6959, 15.8249 ], [ 75.6875, 15.831 ], [ 75.6811, 15.83 ], [ 75.6807, 15.8232 ], [ 75.6764, 15.8222 ], [ 75.6743, 15.8239 ], [ 75.6757, 15.8302 ], [ 75.6693, 15.8376 ], [ 75.6635, 15.8371 ], [ 75.6552, 15.828 ], [ 75.6422, 15.8333 ], [ 75.6439, 15.8418 ], [ 75.6368, 15.8419 ], [ 75.6347, 15.8333 ], [ 75.6313, 15.8318 ], [ 75.6321, 15.8345 ], [ 75.6267, 15.8329 ], [ 75.6207, 15.836 ], [ 75.6186, 15.8214 ], [ 75.606, 15.8253 ], [ 75.6079, 15.8279 ], [ 75.6063, 15.8311 ], [ 75.6033, 15.8289 ], [ 75.5947, 15.8296 ], [ 75.5861, 15.8347 ], [ 75.5767, 15.8243 ], [ 75.5764, 15.8304 ], [ 75.5648, 15.8311 ], [ 75.57, 15.8361 ], [ 75.5638, 15.8373 ], [ 75.5601, 15.8356 ], [ 75.5592, 15.8298 ], [ 75.5519, 15.8247 ], [ 75.5506, 15.8271 ], [ 75.5557, 15.833 ], [ 75.5469, 15.8366 ], [ 75.5292, 15.8354 ], [ 75.5309, 15.8418 ], [ 75.5215, 15.842 ], [ 75.5211, 15.8465 ], [ 75.5129, 15.8504 ], [ 75.5145, 15.853 ], [ 75.5207, 15.8532 ], [ 75.5191, 15.8584 ], [ 75.5082, 15.8607 ], [ 75.5067, 15.8566 ], [ 75.5022, 15.8581 ], [ 75.5049, 15.8625 ], [ 75.4962, 15.8727 ], [ 75.4879, 15.8765 ], [ 75.4832, 15.8734 ], [ 75.4804, 15.8767 ], [ 75.4787, 15.8746 ], [ 75.4815, 15.872 ], [ 75.479, 15.8711 ], [ 75.475, 15.8725 ], [ 75.474, 15.8746 ], [ 75.476, 15.8757 ], [ 75.4663, 15.877 ], [ 75.466, 15.8811 ], [ 75.4609, 15.8795 ], [ 75.4593, 15.8838 ], [ 75.462, 15.8881 ], [ 75.4443, 15.8869 ], [ 75.4432, 15.8901 ], [ 75.4463, 15.8907 ], [ 75.4464, 15.8932 ], [ 75.437, 15.8936 ], [ 75.4407, 15.9183 ], [ 75.4248, 15.9219 ], [ 75.4305, 15.9349 ], [ 75.4285, 15.9375 ], [ 75.4398, 15.9661 ], [ 75.4308, 15.9707 ], [ 75.4389, 16.0041 ], [ 75.4268, 16.0077 ], [ 75.4231, 16.0326 ], [ 75.416, 16.0325 ], [ 75.416, 16.0532 ], [ 75.4185, 16.0565 ], [ 75.4274, 16.0579 ], [ 75.4305, 16.0805 ], [ 75.4277, 16.0937 ], [ 75.4296, 16.0969 ], [ 75.419, 16.1001 ], [ 75.412, 16.1305 ], [ 75.4128, 16.1338 ], [ 75.4179, 16.1348 ], [ 75.4237, 16.1408 ], [ 75.4351, 16.1562 ] ] ], [ [ [ 75.6434, 16.13 ], [ 75.6786, 16.1268 ], [ 75.679, 16.1206 ], [ 75.6785, 16.1123 ], [ 75.6743, 16.1047 ], [ 75.6453, 16.1092 ], [ 75.6406, 16.1278 ], [ 75.6434, 16.13 ] ] ] ] } },
{ "type": "Feature", "properties": { "area_id": "KGIS-T-0205", "name_en": "Bagalkote", "name_kn": "ಬಾಗಲಕೋಟೆ", "level": "block", "parent_id": "KGIS-D-02", "district_en": "Bagalkot", "lgd_code": "5447" }, "geometry": { "type": "Polygon", "coordinates": [ [ [ 75.8791, 16.3401 ], [ 75.8856, 16.3311 ], [ 75.894, 16.3248 ], [ 75.9241, 16.3178 ], [ 75.9409, 16.3082 ], [ 75.9519, 16.2986 ], [ 75.9575, 16.2969 ], [ 75.9736, 16.3001 ], [ 75.9904, 16.2994 ], [ 76.0022, 16.3037 ], [ 76.0251, 16.3008 ], [ 76.0356, 16.2852 ], [ 76.0556, 16.2719 ], [ 76.0188, 16.241 ], [ 76.0077, 16.2399 ], [ 75.9965, 16.2201 ], [ 75.9962, 16.2159 ], [ 75.9516, 16.2205 ], [ 75.9442, 16.1965 ], [ 75.9396, 16.1709 ], [ 75.9195, 16.1729 ], [ 75.9181, 16.1696 ], [ 75.9105, 16.1697 ], [ 75.9081, 16.1672 ], [ 75.9048, 16.1622 ], [ 75.905, 16.1571 ], [ 75.8892, 16.1571 ], [ 75.8858, 16.1573 ], [ 75.8831, 16.1675 ], [ 75.8748, 16.1704 ], [ 75.8753, 16.1731 ], [ 75.8719, 16.1739 ], [ 75.8676, 16.1535 ], [ 75.8725, 16.1515 ], [ 75.8698, 16.1474 ], [ 75.8708, 16.142 ], [ 75.8904, 16.1189 ], [ 75.8873, 16.1108 ], [ 75.8766, 16.1123 ], [ 75.8781, 16.1175 ], [ 75.8681, 16.1233 ], [ 75.8703, 16.1419 ], [ 75.8637, 16.1437 ], [ 75.8646, 16.1526 ], [ 75.8588, 16.1531 ], [ 75.8592, 16.1559 ], [ 75.8423, 16.1571 ], [ 75.8377, 16.14 ], [ 75.8457, 16.1359 ], [ 75.8412, 16.1292 ], [ 75.8384, 16.1058 ], [ 75.8304, 16.0915 ], [ 75.8053, 16.0929 ], [ 75.7888, 16.0883 ], [ 75.7969, 16.0843 ], [ 75.781, 16.0664 ], [ 75.7724, 16.0651 ], [ 75.7674, 16.0685 ], [ 75.7646, 16.0842 ], [ 75.7353, 16.0847 ], [ 75.7324, 16.0956 ], [ 75.7319, 16.111 ], [ 75.7119, 16.1123 ], [ 75.6878, 16.1091 ], [ 75.6788, 16.1117 ], [ 75.6786, 16.1268 ], [ 75.6434, 16.13 ], [ 75.6416, 16.145 ], [ 75.6056, 16.1482 ], [ 75.5954, 16.1525 ], [ 75.593, 16.1447 ], [ 75.5832, 16.1516 ], [ 75.5726, 16.151 ], [ 75.569, 16.1464 ], [ 75.5602, 16.1437 ], [ 75.5555, 16.1334 ], [ 75.5354, 16.1372 ], [ 75.5094, 16.1353 ], [ 75.5083, 16.1396 ], [ 75.5023, 16.1451 ], [ 75.4826, 16.1512 ], [ 75.4351, 16.1562 ], [ 75.4349, 16.1592 ], [ 75.4379, 16.1602 ], [ 75.4411, 16.1681 ], [ 75.4451, 16.1708 ], [ 75.4448, 16.1814 ], [ 75.4479, 16.1834 ], [ 75.4439, 16.249 ], [ 75.452, 16.246 ], [ 75.4582, 16.2387 ], [ 75.4678, 16.2358 ], [ 75.4826, 16.2431 ], [ 75.4869, 16.2291 ], [ 75.4907, 16.2269 ], [ 75.4934, 16.2293 ], [ 75.4935, 16.2252 ], [ 75.4967, 16.2238 ], [ 75.5123, 16.2212 ], [ 75.5198, 16.2264 ], [ 75.5235, 16.2378 ], [ 75.5275, 16.2423 ], [ 75.5406, 16.2389 ], [ 75.5466, 16.2289 ], [ 75.5566, 16.2361 ], [ 75.5673, 16.2393 ], [ 75.5792, 16.2376 ], [ 75.5986, 16.2291 ], [ 75.6178, 16.2321 ], [ 75.6198, 16.2303 ], [ 75.6172, 16.2235 ], [ 75.6176, 16.2144 ], [ 75.625, 16.215 ], [ 75.6308, 16.2204 ], [ 75.6273, 16.2219 ], [ 75.6315, 16.2479 ], [ 75.6512, 16.2446 ], [ 75.656, 16.2488 ], [ 75.6538, 16.2436 ], [ 75.6706, 16.2323 ], [ 75.6821, 16.2306 ], [ 75.6984, 16.2235 ], [ 75.7059, 16.2404 ], [ 75.719, 16.2439 ], [ 75.7205, 16.2476 ], [ 75.7223, 16.2466 ], [ 75.7218, 16.2601 ], [ 75.7329, 16.2656 ], [ 75.7359, 16.2694 ], [ 75.7374, 16.2734 ], [ 75.7333, 16.2894 ], [ 75.749, 16.2936 ], [ 75.7529, 16.2967 ], [ 75.7519, 16.3057 ], [ 75.7483, 16.3119 ], [ 75.75, 16.3176 ], [ 75.763, 16.3171 ], [ 75.7727, 16.3092 ], [ 75.7844, 16.3065 ], [ 75.7872, 16.3148 ], [ 75.7783, 16.3247 ], [ 75.7784, 16.3338 ], [ 75.7838, 16.3342 ], [ 75.7929, 16.33 ], [ 75.8063, 16.3311 ], [ 75.8321, 16.3496 ], [ 75.8699, 16.3459 ], [ 75.8791, 16.3401 ] ] ] } },
{ "type": "Feature", "properties": { "area_id": "KGIS-T-0206", "name_en": "Hungund", "name_kn": "", "level": "block", "parent_id": "KGIS-D-02", "district_en": "Bagalkot", "lgd_code": "5448" }, "geometry": { "type": "Polygon", "coordinates": [ [ [ 76.0688, 16.2447 ], [ 76.0616, 16.236 ], [ 76.0598, 16.2265 ], [ 76.0625, 16.2158 ], [ 76.0712, 16.2092 ], [ 76.0951, 16.1998 ], [ 76.1067, 16.1895 ], [ 76.1258, 16.1879 ], [ 76.1337, 16.1822 ], [ 76.1408, 16.1803 ], [ 76.156, 16.1847 ], [ 76.1755, 16.1829 ], [ 76.2189, 16.1719 ], [ 76.2123, 16.1532 ], [ 76.2143, 16.1383 ], [ 76.2087, 16.1215 ], [ 76.1923, 16.1225 ], [ 76.1862, 16.1086 ], [ 76.173, 16.1046 ], [ 76.1722, 16.0971 ], [ 76.1696, 16.0945 ], [ 76.167, 16.0927 ], [ 76.1583, 16.0941 ], [ 76.1566, 16.0864 ], [ 76.1431, 16.087 ], [ 76.1383, 16.071 ], [ 76.1268, 16.0463 ], [ 76.1211, 16.0426 ], [ 76.1189, 16.0434 ], [ 76.1173, 16.038 ], [ 76.1144, 16.0369 ], [ 76.1061, 16.0348 ], [ 76.0991, 16.0373 ], [ 76.0957, 16.011 ], [ 76.075, 16.0096 ], [ 76.0564, 16.0115 ], [ 76.0565, 16.0056 ], [ 76.052, 16.006 ], [ 76.0516, 16.0034 ], [ 76.0232, 16.0088 ], [ 76.0166, 16.002 ], [ 76.0114, 16.0013 ], [ 75.9895, 16.0048 ], [ 75.9867, 15.9947 ], [ 75.9796, 15.9918 ], [ 75.9735, 15.9927 ], [ 75.9723, 16.0164 ], [ 75.9515, 16.013 ], [ 75.9517, 16.0107 ], [ 75.9361, 16.0173 ], [ 75.9195, 16.0192 ], [ 75.9201, 16.0221 ], [ 75.9311, 16.0305 ], [ 75.9327, 16.0403 ], [ 75.9229, 16.0452 ], [ 75.9107, 16.0482 ], [ 75.91, 16.0272 ], [ 75.8903, 16.0173 ], [ 75.8873, 16.0116 ], [ 75.8818, 16.0137 ], [ 75.8829, 16.0096 ], [ 75.8807, 16.0088 ], [ 75.885, 16.0031 ], [ 75.877, 16.0078 ], [ 75.8793, 16.0131 ], [ 75.8653, 16.0204 ], [ 75.8516, 16.0223 ], [ 75.8439, 16.0297 ], [ 75.8432, 16.0325 ], [ 75.8532, 16.0385 ], [ 75.848, 16.0441 ], [ 75.853, 16.0455 ], [ 75.8564, 16.0497 ], [ 75.8517, 16.0641 ], [ 75.8598, 16.0773 ], [ 75.8469, 16.0891 ], [ 75.8395, 16.0923 ], [ 75.8304, 16.0915 ], [ 75.8384, 16.1058 ], [ 75.8412, 16.1292 ], [ 75.8457, 16.1359 ], [ 75.8377, 16.14 ], [ 75.8423, 16.1571 ], [ 75.8592, 16.1559 ], [ 75.8588, 16.1531 ], [ 75.8646, 16.1526 ], [ 75.8637, 16.1437 ], [ 75.8703, 16.1419 ], [ 75.8681, 16.1233 ], [ 75.8781, 16.1175 ], [ 75.8766, 16.1123 ], [ 75.8873, 16.1108 ], [ 75.8904, 16.1189 ], [ 75.8708, 16.142 ], [ 75.8698, 16.1474 ], [ 75.8725, 16.1515 ], [ 75.8676, 16.1535 ], [ 75.8719, 16.1739 ], [ 75.8753, 16.1731 ], [ 75.8748, 16.1704 ], [ 75.8831, 16.1675 ], [ 75.8858, 16.1573 ], [ 75.8892, 16.1571 ], [ 75.905, 16.1571 ], [ 75.9048, 16.1622 ], [ 75.9081, 16.1672 ], [ 75.9105, 16.1697 ], [ 75.9181, 16.1696 ], [ 75.9195, 16.1729 ], [ 75.9396, 16.1709 ], [ 75.9442, 16.1965 ], [ 75.9516, 16.2205 ], [ 75.9962, 16.2159 ], [ 75.9965, 16.2201 ], [ 76.0077, 16.2399 ], [ 76.0188, 16.241 ], [ 76.0556, 16.2719 ], [ 76.0699, 16.2559 ], [ 76.0688, 16.2447 ] ] ] } },
{ "type": "Feature", "properties": { "area_id": "KGIS-T-0207", "name_en": "Guledagudda", "name_kn": "ಗುಳೇದಗುಡ್ಡ", "level": "block", "parent_id": "KGIS-D-02", "district_en": "Bagalkot", "lgd_code": null }, "geometry": { "type": "Polygon", "coordinates": [ [ [ 75.6416, 16.145 ], [ 75.6434, 16.13 ], [ 75.6406, 16.1278 ], [ 75.6453, 16.1092 ], [ 75.6743, 16.1047 ], [ 75.6785, 16.1123 ], [ 75.6878, 16.1091 ], [ 75.7119, 16.1123 ], [ 75.7319, 16.111 ], [ 75.7324, 16.0956 ], [ 75.7353, 16.0847 ], [ 75.7646, 16.0842 ], [ 75.7674, 16.0685 ], [ 75.7724, 16.0651 ], [ 75.781, 16.0664 ], [ 75.7892, 16.0773 ], [ 75.7914, 16.0763 ], [ 75.7926, 16.0814 ], [ 75.7969, 16.0843 ], [ 75.7885, 16.0881 ], [ 75.7997, 16.0922 ], [ 75.8395, 16.0923 ], [ 75.8469, 16.0891 ], [ 75.8598, 16.0773 ], [ 75.8517, 16.0641 ], [ 75.8564, 16.0497 ], [ 75.853, 16.0455 ], [ 75.848, 16.0441 ], [ 75.8532, 16.0385 ], [ 75.8428, 16.0313 ], [ 75.8516, 16.0223 ], [ 75.8653, 16.0204 ], [ 75.8793, 16.0131 ], [ 75.8768, 16.0083 ], [ 75.8788, 16.0055 ], [ 75.8739, 15.9994 ], [ 75.8734, 15.9919 ], [ 75.8674, 15.9883 ], [ 75.849, 15.985 ], [ 75.8512, 15.9786 ], [ 75.8565, 15.9786 ], [ 75.8543, 15.9764 ], [ 75.8605, 15.9645 ], [ 75.8559, 15.9588 ], [ 75.8589, 15.955 ], [ 75.8528, 15.9526 ], [ 75.8546, 15.9484 ], [ 75.8507, 15.9419 ], [ 75.8554, 15.9343 ], [ 75.8405, 15.9309 ], [ 75.8365, 15.9277 ], [ 75.8364, 15.9247 ], [ 75.8303, 15.9246 ], [ 75.8277, 15.9271 ], [ 75.8101, 15.925 ], [ 75.8051, 15.9277 ], [ 75.8028, 15.94 ], [ 75.816, 15.9428 ], [ 75.818, 15.9462 ], [ 75.8161, 15.9522 ], [ 75.8092, 15.9579 ], [ 75.8187, 15.9651 ], [ 75.8183, 15.9812 ], [ 75.8131, 15.9812 ], [ 75.8032, 15.975 ], [ 75.8015, 15.9767 ], [ 75.8067, 15.9792 ], [ 75.8064, 15.9819 ], [ 75.8011, 15.9796 ], [ 75.7992, 15.9839 ], [ 75.7899, 15.9837 ], [ 75.7918, 15.9802 ], [ 75.7854, 15.9765 ], [ 75.7661, 15.9749 ], [ 75.7642, 15.9727 ], [ 75.7394, 15.978 ], [ 75.7369, 15.9868 ], [ 75.7121, 15.9856 ], [ 75.7114, 15.9956 ], [ 75.6986, 16.0035 ], [ 75.6984, 16.0157 ], [ 75.6921, 16.033 ], [ 75.6896, 16.0325 ], [ 75.6884, 16.0419 ], [ 75.6822, 16.0406 ], [ 75.677, 16.0297 ], [ 75.668, 16.025 ], [ 75.6673, 16.0271 ], [ 75.6534, 16.0302 ], [ 75.6402, 16.0295 ], [ 75.6297, 16.046 ], [ 75.6131, 16.0368 ], [ 75.6109, 16.049 ], [ 75.597, 16.0501 ], [ 75.585, 16.055 ], [ 75.586, 16.0754 ], [ 75.606, 16.0795 ], [ 75.6141, 16.0836 ], [ 75.6107, 16.1047 ], [ 75.6227, 16.1057 ], [ 75.6307, 16.1446 ], [ 75.6416, 16.145 ] ] ] } },
{ "type": "Feature", "properties": { "area_id": "KGIS-T-0208", "name_en": "Ilkal", "name_kn": "", "level": "block", "parent_id": "KGIS-D-02", "district_en": "Bagalkot", "lgd_code": null }, "geometry": { "type": "MultiPolygon", "coordinates": [ [ [ [ 75.9107, 16.0482 ], [ 75.9327, 16.0403 ], [ 75.9316, 16.032 ], [ 75.9201, 16.0221 ], [ 75.9195, 16.0192 ], [ 75.9361, 16.0173 ], [ 75.9517, 16.0107 ], [ 75.9515, 16.013 ], [ 75.9723, 16.0164 ], [ 75.9735, 15.9927 ], [ 75.9819, 15.9917 ], [ 75.9761, 15.9896 ], [ 75.9737, 15.9861 ], [ 75.9757, 15.9604 ], [ 75.9739, 15.9542 ], [ 75.9776, 15.9518 ], [ 75.9769, 15.9313 ], [ 75.9737, 15.9228 ], [ 75.9743, 15.8979 ], [ 75.9783, 15.8881 ], [ 75.9789, 15.8709 ], [ 75.9747, 15.8618 ], [ 75.9655, 15.859 ], [ 75.9626, 15.8655 ], [ 75.9445, 15.8663 ], [ 75.942, 15.8742 ], [ 75.9284, 15.8752 ], [ 75.9272, 15.8974 ], [ 75.902, 15.9228 ], [ 75.9029, 15.9186 ], [ 75.8918, 15.9168 ], [ 75.8833, 15.9239 ], [ 75.8791, 15.9313 ], [ 75.8668, 15.9315 ], [ 75.8549, 15.9356 ], [ 75.8509, 15.9408 ], [ 75.8546, 15.9484 ], [ 75.8528, 15.9526 ], [ 75.8589, 15.955 ], [ 75.8559, 15.9588 ], [ 75.8605, 15.9639 ], [ 75.8543, 15.9764 ], [ 75.8565, 15.9786 ], [ 75.8512, 15.9786 ], [ 75.849, 15.985 ], [ 75.8674, 15.9883 ], [ 75.8734, 15.9919 ], [ 75.8739, 15.9994 ], [ 75.8783, 16.0069 ], [ 75.885, 16.0031 ], [ 75.8807, 16.0088 ], [ 75.8829, 16.0096 ], [ 75.8818, 16.0137 ], [ 75.8873, 16.0116 ], [ 75.8903, 16.0173 ], [ 75.91, 16.0272 ], [ 75.9107, 16.0482 ] ] ], [ [ [ 76.2466, 16.1269 ], [ 76.2446, 16.1132 ], [ 76.2542, 16.1095 ], [ 76.2531, 16.1041 ], [ 76.2558, 16.0974 ], [ 76.262, 16.0972 ], [ 76.2678, 16.1097 ], [ 76.3042, 16.1016 ], [ 76.3203, 16.0937 ], [ 76.3325, 16.0913 ], [ 76.3275, 16.0775 ], [ 76.2992, 16.0842 ], [ 76.2938, 16.0888 ], [ 76.2588, 16.0912 ], [ 76.2604, 16.074 ], [ 76.3039, 16.0735 ], [ 76.3032, 16.0674 ], [ 76.3071, 16.0659 ], [ 76.3033, 16.0394 ], [ 76.3055, 16.0256 ], [ 76.3111, 16.0138 ], [ 76.3117, 16.0004 ], [ 76.2979, 15.9989 ], [ 76.2965, 15.9923 ], [ 76.2999, 15.9765 ], [ 76.3093, 15.957 ], [ 76.3225, 15.956 ], [ 76.3286, 15.9323 ], [ 76.3129, 15.9289 ], [ 76.3127, 15.9222 ], [ 76.3026, 15.9238 ], [ 76.3018, 15.9305 ], [ 76.2857, 15.9303 ], [ 76.2854, 15.9026 ], [ 76.2797, 15.903 ], [ 76.2759, 15.9037 ], [ 76.2774, 15.9094 ], [ 76.2741, 15.9105 ], [ 76.2717, 15.9047 ], [ 76.2618, 15.9067 ], [ 76.2611, 15.9148 ], [ 76.2569, 15.9153 ], [ 76.2569, 15.9229 ], [ 76.2301, 15.9233 ], [ 76.2265, 15.9409 ], [ 76.2005, 15.944 ], [ 76.2005, 15.9364 ], [ 76.1949, 15.9324 ], [ 76.172, 15.9317 ], [ 76.1719, 15.9248 ], [ 76.1599, 15.9211 ], [ 76.1539, 15.9149 ], [ 76.1453, 15.8951 ], [ 76.1253, 15.8941 ], [ 76.1173, 15.886 ], [ 76.1033, 15.8938 ], [ 76.1016, 15.9005 ], [ 76.0706, 15.9025 ], [ 76.0585, 15.906 ], [ 76.0638, 15.9158 ], [ 76.0627, 15.9215 ], [ 76.0712, 15.949 ], [ 76.0728, 15.9654 ], [ 76.0848, 15.996 ], [ 76.0801, 16.01 ], [ 76.0957, 16.011 ], [ 76.0991, 16.0373 ], [ 76.1061, 16.0348 ], [ 76.1144, 16.0369 ], [ 76.1173, 16.038 ], [ 76.1189, 16.0434 ], [ 76.1211, 16.0426 ], [ 76.1268, 16.0463 ], [ 76.1383, 16.071 ], [ 76.1431, 16.087 ], [ 76.1566, 16.0864 ], [ 76.1583, 16.0941 ], [ 76.167, 16.0927 ], [ 76.1696, 16.0945 ], [ 76.1722, 16.0971 ], [ 76.173, 16.1046 ], [ 76.1862, 16.1086 ], [ 76.1923, 16.1225 ], [ 76.2087, 16.1215 ], [ 76.2143, 16.1383 ], [ 76.2123, 16.1532 ], [ 76.2189, 16.1719 ], [ 76.2385, 16.1652 ], [ 76.2343, 16.1305 ], [ 76.2466, 16.1269 ] ] ] ] } },
{ "type": "Feature", "properties": { "area_id": "KGIS-T-0209", "name_en": "Rabakavi Banahatti", "name_kn": "ರಬಕವಿ ಬನಹಟ್ಟಿ", "level": "block", "parent_id": "KGIS-D-02", "district_en": "Bagalkot", "lgd_code": null }, "geometry": { "type": "Polygon", "coordinates": [ [ [ 75.179, 16.5745 ], [ 75.2138, 16.5711 ], [ 75.2106, 16.5315 ], [ 75.2046, 16.5317 ], [ 75.2043, 16.5184 ], [ 75.2125, 16.4592 ], [ 75.2129, 16.4304 ], [ 75.1829, 16.4205 ], [ 75.1632, 16.4242 ], [ 75.1523, 16.4207 ], [ 75.1511, 16.4182 ], [ 75.1244, 16.4139 ], [ 75.121, 16.4094 ], [ 75.1162, 16.3723 ], [ 75.1204, 16.3581 ], [ 75.135, 16.3558 ], [ 75.1308, 16.331 ], [ 75.124, 16.3308 ], [ 75.116, 16.3262 ], [ 75.1094, 16.3285 ], [ 75.0956, 16.3249 ], [ 75.0882, 16.3298 ], [ 75.0775, 16.332 ], [ 75.063, 16.3261 ], [ 75.0578, 16.3315 ], [ 75.0437, 16.3196 ], [ 75.0339, 16.3398 ], [ 75.0344, 16.385 ], [ 75.039, 16.3975 ], [ 75.0484, 16.3959 ], [ 75.0502, 16.3999 ], [ 75.0717, 16.404 ], [ 75.0774, 16.4376 ], [ 75.0282, 16.433 ], [ 75.0232, 16.4353 ], [ 75.0231, 16.4399 ], [ 75.0175, 16.4394 ], [ 75.0147, 16.4529 ], [ 75.0157, 16.4586 ], [ 75.0023, 16.458 ], [ 74.999, 16.4546 ], [ 74.9885, 16.4533 ], [ 74.9915, 16.459 ], [ 74.9909, 16.4625 ], [ 74.9863, 16.4628 ], [ 74.986, 16.4662 ], [ 74.989, 16.4782 ], [ 74.9882, 16.5001 ], [ 74.9949, 16.5167 ], [ 74.9978, 16.5175 ], [ 75.0008, 16.5302 ], [ 75.0064, 16.5338 ], [ 75.0073, 16.5382 ], [ 75.0673, 16.5391 ], [ 75.0675, 16.5501 ], [ 75.0716, 16.5667 ], [ 75.0817, 16.5607 ], [ 75.0863, 16.5542 ], [ 75.0889, 16.5394 ], [ 75.0993, 16.5273 ], [ 75.1044, 16.5109 ], [ 75.1155, 16.5052 ], [ 75.1246, 16.51 ], [ 75.132, 16.5214 ], [ 75.1554, 16.5272 ], [ 75.1628, 16.5333 ], [ 75.1671, 16.545 ], [ 75.1663, 16.5543 ], [ 75.159, 16.5666 ], [ 75.1588, 16.5862 ], [ 75.1773, 16.5786 ], [ 75.179, 16.5745 ] ], [ [ 75.039, 16.4509 ], [ 75.0374, 16.4393 ], [ 75.0412, 16.439 ], [ 75.0419, 16.4541 ], [ 75.039, 16.4509 ] ] ] } },
{ "type": "Feature", "properties": { "area_id": "KGIS-T-0301", "name_en": "Bijapur", "name_kn": "ವಿಜಯಪುರ ತಾಲುಕು", "level": "block", "parent_id": "KGIS-D-03", "district_en": "Vijayapura", "lgd_code": null }, "geometry": { "type": "Polygon", "coordinates": [ [ [ 75.7426, 17.0697 ], [ 75.7492, 17.0678 ], [ 75.7507, 17.0703 ], [ 75.7527, 17.0691 ], [ 75.7599, 17.0719 ], [ 75.7658, 17.0696 ], [ 75.7658, 17.0254 ], [ 75.7795, 17.023 ], [ 75.796, 17.0142 ], [ 75.7983, 17.0011 ], [ 75.8093, 17.0037 ], [ 75.8323, 17.0026 ], [ 75.8351, 16.9964 ], [ 75.8336, 16.9763 ], [ 75.8431, 16.97 ], [ 75.8603, 16.9773 ], [ 75.8627, 16.973 ], [ 75.8592, 16.9694 ], [ 75.8599, 16.9594 ], [ 75.8745, 16.9564 ], [ 75.8831, 16.9583 ], [ 75.8873, 16.9465 ], [ 75.8893, 16.946 ], [ 75.8906, 16.9484 ], [ 75.8976, 16.9501 ], [ 75.9014, 16.9548 ], [ 75.9056, 16.9536 ], [ 75.9084, 16.9568 ], [ 75.9024, 16.9793 ], [ 75.9069, 16.9796 ], [ 75.9111, 16.9764 ], [ 75.9158, 16.9773 ], [ 75.9286, 16.9691 ], [ 75.9222, 16.9608 ], [ 75.9312, 16.9428 ], [ 75.931, 16.9326 ], [ 75.9529, 16.9338 ], [ 75.9553, 16.9188 ], [ 75.9819, 16.9233 ], [ 75.9968, 16.9207 ], [ 76.0026, 16.9061 ], [ 75.9987, 16.8827 ], [ 75.9948, 16.8731 ], [ 75.9987, 16.8688 ], [ 76.026, 16.8544 ], [ 76.0251, 16.8518 ], [ 76.0193, 16.8492 ], [ 76.0194, 16.8249 ], [ 76.0009, 16.809 ], [ 75.9986, 16.802 ], [ 75.9948, 16.742 ], [ 75.9823, 16.7446 ], [ 75.9826, 16.7572 ], [ 75.9666, 16.7579 ], [ 75.962, 16.7723 ], [ 75.9472, 16.7693 ], [ 75.9167, 16.7715 ], [ 75.9139, 16.7581 ], [ 75.9094, 16.7574 ], [ 75.8981, 16.7618 ], [ 75.8918, 16.7681 ], [ 75.8787, 16.7721 ], [ 75.8781, 16.7695 ], [ 75.8749, 16.7706 ], [ 75.8746, 16.7666 ], [ 75.8543, 16.766 ], [ 75.851, 16.7567 ], [ 75.8471, 16.7529 ], [ 75.8453, 16.7484 ], [ 75.8493, 16.7472 ], [ 75.8525, 16.7377 ], [ 75.8498, 16.7297 ], [ 75.8499, 16.7108 ], [ 75.7718, 16.7134 ], [ 75.7659, 16.7123 ], [ 75.7639, 16.7085 ], [ 75.7656, 16.7066 ], [ 75.7239, 16.7073 ], [ 75.7121, 16.7034 ], [ 75.7121, 16.7012 ], [ 75.6929, 16.6979 ], [ 75.6887, 16.7176 ], [ 75.6937, 16.739 ], [ 75.6812, 16.7403 ], [ 75.6821, 16.7443 ], [ 75.6759, 16.7448 ], [ 75.675, 16.7414 ], [ 75.6663, 16.744 ], [ 75.6694, 16.7514 ], [ 75.6643, 16.7537 ], [ 75.6674, 16.7608 ], [ 75.6664, 16.7644 ], [ 75.6635, 16.7642 ], [ 75.6633, 16.7682 ], [ 75.6717, 16.771 ], [ 75.6628, 16.7948 ], [ 75.6644, 16.8081 ], [ 75.6628, 16.8119 ], [ 75.6661, 16.8212 ], [ 75.67, 16.8223 ], [ 75.6724, 16.8351 ], [ 75.6721, 16.8438 ], [ 75.6693, 16.8498 ], [ 75.6714, 16.8503 ], [ 75.6746, 16.8602 ], [ 75.6823, 16.8588 ], [ 75.6881, 16.864 ], [ 75.6901, 16.87 ], [ 75.6869, 16.8852 ], [ 75.6914, 16.8939 ], [ 75.6938, 16.894 ], [ 75.6945, 16.8998 ], [ 75.7031, 16.8997 ], [ 75.7088, 16.9044 ], [ 75.7154, 16.9041 ], [ 75.7163, 16.9104 ], [ 75.7284, 16.9084 ], [ 75.7319, 16.9113 ], [ 75.7408, 16.9119 ], [ 75.7436, 16.9108 ], [ 75.7427, 16.9005 ], [ 75.7394, 16.893 ], [ 75.7207, 16.8701 ], [ 75.7259, 16.8657 ], [ 75.7261, 16.8558 ], [ 75.74, 16.8532 ], [ 75.7477, 16.8547 ], [ 75.757, 16.8757 ], [ 75.7833, 16.9018 ], [ 75.7813, 16.9266 ], [ 75.7861, 16.9387 ], [ 75.7743, 16.9406 ], [ 75.7535, 16.9323 ], [ 75.7333, 16.9325 ], [ 75.7383, 16.9464 ], [ 75.7091, 16.9508 ], [ 75.7073, 16.9552 ], [ 75.6912, 16.97 ], [ 75.6763, 16.9689 ], [ 75.6732, 16.9705 ], [ 75.6718, 16.9763 ], [ 75.6657, 16.9797 ], [ 75.6698, 17.038 ], [ 75.6518, 17.0331 ], [ 75.6403, 17.0376 ], [ 75.6501, 17.0574 ], [ 75.659, 17.0638 ], [ 75.6764, 17.0653 ], [ 75.6778, 17.0709 ], [ 75.6935, 17.0741 ], [ 75.711, 17.0829 ], [ 75.7193, 17.0843 ], [ 75.718, 17.09 ], [ 75.7269, 17.0896 ], [ 75.7426, 17.0697 ] ] ] } },
{ "type": "Feature", "properties": { "area_id": "KGIS-T-0302", "name_en": "Indi", "name_kn": "ಇಂಡಿ", "level": "block", "parent_id": "KGIS-D-03", "district_en": "Vijayapura", "lgd_code": "5450" }, "geometry": { "type": "Polygon", "coordinates": [ [ [ 76.0644, 17.3539 ], [ 76.0743, 17.3359 ], [ 76.0642, 17.3153 ], [ 76.0665, 17.3091 ], [ 76.0733, 17.3042 ], [ 76.0937, 17.2975 ], [ 76.099, 17.2897 ], [ 76.0978, 17.2834 ], [ 76.0894, 17.2745 ], [ 76.0866, 17.2668 ], [ 76.0879, 17.2569 ], [ 76.1223, 17.2484 ], [ 76.1673, 17.2091 ], [ 76.1778, 17.1922 ], [ 76.195, 17.1843 ], [ 76.1956, 17.1766 ], [ 76.1853, 17.1787 ], [ 76.1773, 17.1713 ], [ 76.1728, 17.1704 ], [ 76.1707, 17.1645 ], [ 76.1742, 17.164 ], [ 76.1742, 17.162 ], [ 76.1661, 17.1517 ], [ 76.195, 17.144 ], [ 76.1931, 17.1307 ], [ 76.1946, 17.1214 ], [ 76.1744, 17.119 ], [ 76.1718, 17.1169 ], [ 76.1723, 17.1126 ], [ 76.176, 17.1095 ], [ 76.1706, 17.1087 ], [ 76.172, 17.1006 ], [ 76.168, 17.0983 ], [ 76.1697, 17.0926 ], [ 76.1684, 17.0882 ], [ 76.163, 17.0825 ], [ 76.1595, 17.0824 ], [ 76.1598, 17.0729 ], [ 76.1505, 17.066 ], [ 76.1472, 17.0595 ], [ 76.135, 17.0624 ], [ 76.1232, 17.0616 ], [ 76.1129, 17.0543 ], [ 76.1123, 17.0466 ], [ 76.1034, 17.0338 ], [ 76.1005, 17.0226 ], [ 76.0969, 17.0213 ], [ 76.0963, 17.0169 ], [ 76.087, 17.0194 ], [ 76.0753, 17.0275 ], [ 76.0695, 17.0277 ], [ 76.0632, 17.0139 ], [ 76.0603, 16.9994 ], [ 76.0926, 16.9922 ], [ 76.0935, 16.9803 ], [ 76.0804, 16.9789 ], [ 76.061, 16.9689 ], [ 76.0578, 16.9716 ], [ 76.0573, 16.9844 ], [ 76.0306, 16.9871 ], [ 76.0312, 16.9826 ], [ 76.0233, 16.974 ], [ 76.0127, 16.9757 ], [ 76.0072, 16.9731 ], [ 76.007, 16.9706 ], [ 75.9991, 16.9688 ], [ 76.0004, 16.9601 ], [ 75.9845, 16.959 ], [ 75.9844, 16.9621 ], [ 75.9634, 16.9633 ], [ 75.955, 16.9471 ], [ 75.9529, 16.9338 ], [ 75.935, 16.9324 ], [ 75.931, 16.9326 ], [ 75.9312, 16.9428 ], [ 75.9222, 16.9608 ], [ 75.9286, 16.9691 ], [ 75.9158, 16.9773 ], [ 75.9111, 16.9764 ], [ 75.9069, 16.9796 ], [ 75.9024, 16.9793 ], [ 75.9084, 16.9568 ], [ 75.9056, 16.9536 ], [ 75.9014, 16.9548 ], [ 75.8968, 16.9495 ], [ 75.8873, 16.9465 ], [ 75.8831, 16.9583 ], [ 75.8745, 16.9564 ], [ 75.8599, 16.9594 ], [ 75.8592, 16.9694 ], [ 75.8627, 16.973 ], [ 75.8603, 16.9773 ], [ 75.8431, 16.97 ], [ 75.8336, 16.9763 ], [ 75.8351, 16.9964 ], [ 75.8323, 17.0026 ], [ 75.8093, 17.0037 ], [ 75.7983, 17.0011 ], [ 75.796, 17.0142 ], [ 75.7795, 17.023 ], [ 75.7658, 17.0254 ], [ 75.7658, 17.0696 ], [ 75.7585, 17.0719 ], [ 75.7527, 17.0691 ], [ 75.7507, 17.0703 ], [ 75.7492, 17.0678 ], [ 75.7431, 17.0685 ], [ 75.7354, 17.0803 ], [ 75.7239, 17.0902 ], [ 75.7227, 17.129 ], [ 75.7317, 17.1451 ], [ 75.7309, 17.1644 ], [ 75.7249, 17.1658 ], [ 75.7326, 17.1808 ], [ 75.7319, 17.1889 ], [ 75.7415, 17.1917 ], [ 75.7745, 17.1741 ], [ 75.7852, 17.1732 ], [ 75.7931, 17.1951 ], [ 75.79, 17.2207 ], [ 75.7871, 17.2182 ], [ 75.7829, 17.2189 ], [ 75.7568, 17.229 ], [ 75.7599, 17.2346 ], [ 75.7581, 17.2352 ], [ 75.759, 17.2626 ], [ 75.7628, 17.2817 ], [ 75.7781, 17.2846 ], [ 75.7837, 17.2835 ], [ 75.783, 17.277 ], [ 75.792, 17.274 ], [ 75.8008, 17.2766 ], [ 75.8066, 17.2817 ], [ 75.8173, 17.299 ], [ 75.814, 17.3029 ], [ 75.8225, 17.306 ], [ 75.8375, 17.3073 ], [ 75.8471, 17.3037 ], [ 75.8607, 17.2916 ], [ 75.8605, 17.2881 ], [ 75.8793, 17.2865 ], [ 75.8838, 17.2836 ], [ 75.9121, 17.2779 ], [ 75.9152, 17.289 ], [ 75.914, 17.2981 ], [ 75.8876, 17.303 ], [ 75.8884, 17.3233 ], [ 75.8818, 17.3378 ], [ 75.8866, 17.3411 ], [ 75.8913, 17.3502 ], [ 75.8943, 17.3484 ], [ 75.9012, 17.3511 ], [ 75.9083, 17.347 ], [ 75.922, 17.3307 ], [ 75.9323, 17.3243 ], [ 75.9662, 17.3369 ], [ 75.9891, 17.3376 ], [ 75.9969, 17.3401 ], [ 75.9992, 17.3381 ], [ 76.0108, 17.3548 ], [ 76.0243, 17.3512 ], [ 76.0338, 17.3516 ], [ 76.0338, 17.3507 ], [ 76.034, 17.3542 ], [ 76.0515, 17.3583 ], [ 76.0602, 17.3575 ], [ 76.0644, 17.3539 ] ], [ [ 76.0338, 17.3506 ], [ 76.0346, 17.3507 ], [ 76.0338, 17.3507 ], [ 76.0338, 17.3506 ] ], [ [ 76.0345, 17.3497 ], [ 76.0344, 17.3488 ], [ 76.0344, 17.3478 ], [ 76.0346, 17.3502 ], [ 76.0345, 17.3497 ] ] ] } },
{ "type": "Feature", "properties": { "area_id": "KGIS-T-0303", "name_en": "Sindagi", "name_kn": "ಸಿಂದಗಿ", "level": "block", "parent_id": "KGIS-D-03", "district_en": "Vijayapura", "lgd_code": "5451" }, "geometry": { "type": "Polygon", "coordinates": [ [ [ 76.3675, 17.17 ], [ 76.3679, 17.1604 ], [ 76.3601, 17.1477 ], [ 76.3599, 17.1409 ], [ 76.3676, 17.1384 ], [ 76.3885, 17.1463 ], [ 76.3948, 17.1406 ], [ 76.3905, 17.1312 ], [ 76.3683, 17.1237 ], [ 76.3626, 17.1139 ], [ 76.3666, 17.1076 ], [ 76.3793, 17.1042 ], [ 76.3786, 17.1018 ], [ 76.3877, 17.0944 ], [ 76.386, 17.0785 ], [ 76.389, 17.0724 ], [ 76.3982, 17.0713 ], [ 76.4081, 17.0862 ], [ 76.4277, 17.1001 ], [ 76.4297, 17.0989 ], [ 76.4318, 17.0583 ], [ 76.4309, 17.0531 ], [ 76.4272, 17.0534 ], [ 76.4312, 17.0296 ], [ 76.4378, 17.0269 ], [ 76.4333, 17.0245 ], [ 76.4411, 16.9991 ], [ 76.4368, 16.9818 ], [ 76.4245, 16.9784 ], [ 76.4006, 16.9773 ], [ 76.4024, 16.9433 ], [ 76.3993, 16.9353 ], [ 76.4181, 16.9279 ], [ 76.428, 16.9272 ], [ 76.434, 16.9435 ], [ 76.4475, 16.9406 ], [ 76.4518, 16.9275 ], [ 76.4587, 16.9277 ], [ 76.4642, 16.9167 ], [ 76.4658, 16.9023 ], [ 76.4338, 16.8978 ], [ 76.4334, 16.8822 ], [ 76.4368, 16.8819 ], [ 76.438, 16.8683 ], [ 76.4588, 16.8673 ], [ 76.4623, 16.8493 ], [ 76.4674, 16.8495 ], [ 76.4708, 16.8469 ], [ 76.4709, 16.8391 ], [ 76.4638, 16.839 ], [ 76.4597, 16.8329 ], [ 76.4296, 16.8371 ], [ 76.4291, 16.8509 ], [ 76.4044, 16.8538 ], [ 76.4046, 16.8586 ], [ 76.3865, 16.8563 ], [ 76.3742, 16.8584 ], [ 76.3661, 16.8476 ], [ 76.3588, 16.8425 ], [ 76.3512, 16.8193 ], [ 76.4139, 16.8135 ], [ 76.4103, 16.7987 ], [ 76.4011, 16.8009 ], [ 76.3962, 16.8057 ], [ 76.3905, 16.8022 ], [ 76.3778, 16.8011 ], [ 76.3706, 16.7675 ], [ 76.3836, 16.7693 ], [ 76.4114, 16.7681 ], [ 76.4113, 16.7645 ], [ 76.4185, 16.7646 ], [ 76.4184, 16.7689 ], [ 76.4355, 16.7646 ], [ 76.4427, 16.7571 ], [ 76.4386, 16.7524 ], [ 76.4402, 16.7425 ], [ 76.4287, 16.7382 ], [ 76.429, 16.734 ], [ 76.423, 16.7301 ], [ 76.4122, 16.7286 ], [ 76.4015, 16.7223 ], [ 76.3923, 16.7211 ], [ 76.3945, 16.7419 ], [ 76.3744, 16.7434 ], [ 76.3693, 16.7582 ], [ 76.3687, 16.7671 ], [ 76.3391, 16.7574 ], [ 76.3075, 16.7684 ], [ 76.3012, 16.7672 ], [ 76.3025, 16.7627 ], [ 76.2996, 16.7623 ], [ 76.2938, 16.746 ], [ 76.2773, 16.7446 ], [ 76.2742, 16.7333 ], [ 76.2705, 16.7323 ], [ 76.2696, 16.7286 ], [ 76.2635, 16.724 ], [ 76.2568, 16.7129 ], [ 76.2566, 16.7081 ], [ 76.2431, 16.7036 ], [ 76.2421, 16.6994 ], [ 76.2208, 16.7018 ], [ 76.226, 16.7214 ], [ 76.2376, 16.7413 ], [ 76.2378, 16.7636 ], [ 76.2455, 16.7689 ], [ 76.268, 16.7766 ], [ 76.261, 16.7786 ], [ 76.2601, 16.7816 ], [ 76.2435, 16.7841 ], [ 76.2436, 16.7875 ], [ 76.2348, 16.7843 ], [ 76.221, 16.788 ], [ 76.2162, 16.7928 ], [ 76.1812, 16.7937 ], [ 76.174, 16.803 ], [ 76.166, 16.8047 ], [ 76.1673, 16.8252 ], [ 76.163, 16.8314 ], [ 76.1527, 16.8373 ], [ 76.1409, 16.8388 ], [ 76.1068, 16.837 ], [ 76.0982, 16.8332 ], [ 76.0988, 16.846 ], [ 76.0924, 16.8499 ], [ 76.0925, 16.8524 ], [ 76.085, 16.852 ], [ 76.0954, 16.8662 ], [ 76.0996, 16.8669 ], [ 76.1029, 16.8756 ], [ 76.1158, 16.8783 ], [ 76.1143, 16.8986 ], [ 76.1131, 16.9013 ], [ 76.103, 16.9023 ], [ 76.0773, 16.9014 ], [ 76.0753, 16.8924 ], [ 76.071, 16.8937 ], [ 76.0716, 16.8991 ], [ 76.0644, 16.8985 ], [ 76.0647, 16.903 ], [ 76.0561, 16.9053 ], [ 76.0565, 16.9381 ], [ 76.0613, 16.9562 ], [ 76.0591, 16.967 ], [ 76.0801, 16.9788 ], [ 76.0935, 16.9803 ], [ 76.0926, 16.9922 ], [ 76.0603, 16.9994 ], [ 76.0632, 17.0139 ], [ 76.0699, 17.0283 ], [ 76.0963, 17.0169 ], [ 76.0969, 17.0213 ], [ 76.1005, 17.0226 ], [ 76.1034, 17.0338 ], [ 76.1123, 17.0466 ], [ 76.1129, 17.0543 ], [ 76.1172, 17.0582 ], [ 76.1292, 17.0623 ], [ 76.1468, 17.0592 ], [ 76.153, 17.0686 ], [ 76.1596, 17.0726 ], [ 76.1595, 17.0824 ], [ 76.163, 17.0825 ], [ 76.1691, 17.0902 ], [ 76.168, 17.0983 ], [ 76.172, 17.1006 ], [ 76.1706, 17.1087 ], [ 76.176, 17.1093 ], [ 76.1723, 17.1126 ], [ 76.1718, 17.1169 ], [ 76.1744, 17.119 ], [ 76.1946, 17.1214 ], [ 76.1931, 17.1307 ], [ 76.195, 17.144 ], [ 76.1661, 17.1517 ], [ 76.1742, 17.162 ], [ 76.1742, 17.164 ], [ 76.1707, 17.1645 ], [ 76.1728, 17.1704 ], [ 76.1773, 17.1713 ], [ 76.1853, 17.1787 ], [ 76.1956, 17.1766 ], [ 76.1951, 17.184 ], [ 76.2207, 17.1859 ], [ 76.221, 17.1764 ], [ 76.2335, 17.1671 ], [ 76.2406, 17.1519 ], [ 76.2517, 17.1495 ], [ 76.2616, 17.1507 ], [ 76.2692, 17.1596 ], [ 76.2791, 17.1665 ], [ 76.2841, 17.1673 ], [ 76.2855, 17.1647 ], [ 76.3098, 17.1705 ], [ 76.3269, 17.169 ], [ 76.3423, 17.1769 ], [ 76.3543, 17.1866 ], [ 76.3629, 17.1833 ], [ 76.3675, 17.17 ] ] ] } },
{ "type": "Feature", "properties": { "area_id": "KGIS-T-0304", "name_en": "Basavan Bagewadi", "name_kn": "ಬಸವನ ಬಾಗೇವಾಡಿ", "level": "block", "parent_id": "KGIS-D-03", "district_en": "Vijayapura", "lgd_code": null }, "geometry": { "type": "Polygon", "coordinates": [ [ [ 75.962, 16.7723 ], [ 75.9666, 16.7579 ], [ 75.9826, 16.7572 ], [ 75.9823, 16.7446 ], [ 75.9892, 16.7428 ], [ 75.9948, 16.742 ], [ 75.9952, 16.7624 ], [ 76.0071, 16.7592 ], [ 76.0258, 16.7602 ], [ 76.0266, 16.7315 ], [ 76.0141, 16.7325 ], [ 76.0133, 16.7249 ], [ 76.0214, 16.7243 ], [ 76.0253, 16.7201 ], [ 76.041, 16.7159 ], [ 76.043, 16.7098 ], [ 76.0454, 16.7098 ], [ 76.0452, 16.6976 ], [ 76.0487, 16.6958 ], [ 76.0891, 16.6947 ], [ 76.0859, 16.6556 ], [ 76.1353, 16.645 ], [ 76.1357, 16.6422 ], [ 76.1394, 16.643 ], [ 76.1389, 16.6379 ], [ 76.1457, 16.6364 ], [ 76.1509, 16.6373 ], [ 76.1565, 16.644 ], [ 76.1602, 16.6447 ], [ 76.1615, 16.6532 ], [ 76.1701, 16.6609 ], [ 76.1784, 16.6555 ], [ 76.2107, 16.6627 ], [ 76.2244, 16.6502 ], [ 76.2242, 16.6468 ], [ 76.207, 16.641 ], [ 76.1725, 16.6351 ], [ 76.1728, 16.6284 ], [ 76.1672, 16.629 ], [ 76.1661, 16.6243 ], [ 76.1617, 16.6244 ], [ 76.1615, 16.6216 ], [ 76.1585, 16.6213 ], [ 76.156, 16.613 ], [ 76.157, 16.6101 ], [ 76.1668, 16.6038 ], [ 76.1893, 16.6108 ], [ 76.2011, 16.5954 ], [ 76.2033, 16.586 ], [ 76.2141, 16.5844 ], [ 76.2115, 16.5727 ], [ 76.2006, 16.5483 ], [ 76.1673, 16.5521 ], [ 76.1524, 16.5587 ], [ 76.1367, 16.5603 ], [ 76.1354, 16.5468 ], [ 76.1374, 16.5452 ], [ 76.1215, 16.4978 ], [ 76.1036, 16.4804 ], [ 76.0828, 16.4824 ], [ 76.0806, 16.4754 ], [ 76.0655, 16.4721 ], [ 76.0549, 16.4732 ], [ 76.0424, 16.4595 ], [ 76.0329, 16.4409 ], [ 76.0138, 16.4536 ], [ 76.0157, 16.4723 ], [ 75.9957, 16.4746 ], [ 75.9919, 16.4908 ], [ 75.9837, 16.4954 ], [ 75.966, 16.4981 ], [ 75.9633, 16.4768 ], [ 75.9558, 16.4823 ], [ 75.9522, 16.4722 ], [ 75.9449, 16.4635 ], [ 75.9308, 16.4555 ], [ 75.9198, 16.454 ], [ 75.9166, 16.4787 ], [ 75.9086, 16.4812 ], [ 75.9131, 16.4978 ], [ 75.9004, 16.4989 ], [ 75.8804, 16.5051 ], [ 75.8579, 16.5021 ], [ 75.8533, 16.507 ], [ 75.8543, 16.5134 ], [ 75.8518, 16.5137 ], [ 75.8542, 16.5207 ], [ 75.8509, 16.5365 ], [ 75.8486, 16.5376 ], [ 75.8513, 16.5383 ], [ 75.8508, 16.5446 ], [ 75.8533, 16.5452 ], [ 75.8536, 16.5494 ], [ 75.8555, 16.5498 ], [ 75.8542, 16.5695 ], [ 75.8502, 16.5695 ], [ 75.8528, 16.5869 ], [ 75.8257, 16.5836 ], [ 75.8259, 16.5914 ], [ 75.8188, 16.5892 ], [ 75.798, 16.5906 ], [ 75.7672, 16.5998 ], [ 75.7689, 16.6295 ], [ 75.7666, 16.6422 ], [ 75.7557, 16.6505 ], [ 75.7526, 16.6498 ], [ 75.7495, 16.6567 ], [ 75.743, 16.6597 ], [ 75.7392, 16.6707 ], [ 75.7407, 16.6734 ], [ 75.7387, 16.6752 ], [ 75.7448, 16.6791 ], [ 75.7428, 16.6807 ], [ 75.7517, 16.6827 ], [ 75.752, 16.6864 ], [ 75.7621, 16.6962 ], [ 75.7618, 16.7004 ], [ 75.7643, 16.7032 ], [ 75.7628, 16.7037 ], [ 75.7663, 16.7051 ], [ 75.7639, 16.7085 ], [ 75.7659, 16.7123 ], [ 75.7924, 16.7141 ], [ 75.807, 16.7117 ], [ 75.8499, 16.7108 ], [ 75.8498, 16.7297 ], [ 75.8525, 16.7377 ], [ 75.8493, 16.7472 ], [ 75.8453, 16.7484 ], [ 75.8543, 16.766 ], [ 75.8746, 16.7666 ], [ 75.8749, 16.7706 ], [ 75.8781, 16.7695 ], [ 75.8787, 16.7721 ], [ 75.8814, 16.7723 ], [ 75.9094, 16.7574 ], [ 75.9139, 16.7581 ], [ 75.9167, 16.7715 ], [ 75.9472, 16.7693 ], [ 75.962, 16.7723 ] ] ] } },
{ "type": "Feature", "properties": { "area_id": "KGIS-T-0305", "name_en": "Muddebihal", "name_kn": "ಮುದ್ದೇಬಿಹಾಳ", "level": "block", "parent_id": "KGIS-D-03", "district_en": "Vijayapura", "lgd_code": "5453" }, "geometry": { "type": "Polygon", "coordinates": [ [ [ 76.1649, 16.5116 ], [ 76.1816, 16.5 ], [ 76.1923, 16.4985 ], [ 76.1934, 16.4892 ], [ 76.1859, 16.4768 ], [ 76.186, 16.465 ], [ 76.2097, 16.4602 ], [ 76.2111, 16.457 ], [ 76.2191, 16.4585 ], [ 76.2102, 16.4352 ], [ 76.2196, 16.4346 ], [ 76.2289, 16.4218 ], [ 76.2584, 16.4225 ], [ 76.258, 16.4118 ], [ 76.2511, 16.3928 ], [ 76.2587, 16.3631 ], [ 76.2619, 16.3625 ], [ 76.2629, 16.3593 ], [ 76.2712, 16.3573 ], [ 76.2791, 16.3612 ], [ 76.2781, 16.3658 ], [ 76.2822, 16.3799 ], [ 76.3045, 16.3789 ], [ 76.3137, 16.3553 ], [ 76.3143, 16.3482 ], [ 76.3142, 16.3459 ], [ 76.3052, 16.3455 ], [ 76.3037, 16.341 ], [ 76.2919, 16.335 ], [ 76.2923, 16.3255 ], [ 76.2951, 16.3244 ], [ 76.2952, 16.3204 ], [ 76.3028, 16.3189 ], [ 76.2986, 16.2991 ], [ 76.2997, 16.2833 ], [ 76.3184, 16.287 ], [ 76.3206, 16.2867 ], [ 76.3206, 16.2825 ], [ 76.3394, 16.2795 ], [ 76.3412, 16.2773 ], [ 76.3479, 16.2776 ], [ 76.3485, 16.2595 ], [ 76.3453, 16.2496 ], [ 76.3497, 16.2371 ], [ 76.3526, 16.2346 ], [ 76.3508, 16.2267 ], [ 76.347, 16.2229 ], [ 76.3447, 16.2106 ], [ 76.3301, 16.1935 ], [ 76.3056, 16.1856 ], [ 76.3034, 16.1882 ], [ 76.2971, 16.1854 ], [ 76.2901, 16.1685 ], [ 76.2788, 16.1525 ], [ 76.2698, 16.1521 ], [ 76.2434, 16.1642 ], [ 76.1755, 16.1829 ], [ 76.156, 16.1847 ], [ 76.1408, 16.1803 ], [ 76.1337, 16.1822 ], [ 76.1258, 16.1879 ], [ 76.1037, 16.1911 ], [ 76.0951, 16.1998 ], [ 76.0712, 16.2092 ], [ 76.0625, 16.2158 ], [ 76.0598, 16.2265 ], [ 76.0611, 16.2344 ], [ 76.0688, 16.2447 ], [ 76.0703, 16.2543 ], [ 76.0644, 16.2629 ], [ 76.0539, 16.2734 ], [ 76.0356, 16.2852 ], [ 76.0268, 16.2999 ], [ 76.0074, 16.3039 ], [ 75.999, 16.3021 ], [ 76.0005, 16.3374 ], [ 75.989, 16.3379 ], [ 75.991, 16.3477 ], [ 75.9958, 16.354 ], [ 75.9964, 16.3658 ], [ 76.0028, 16.3786 ], [ 76.0132, 16.3834 ], [ 76.011, 16.3884 ], [ 76.0193, 16.4041 ], [ 76.0186, 16.4115 ], [ 76.022, 16.4167 ], [ 76.0197, 16.4178 ], [ 76.0239, 16.4277 ], [ 76.0323, 16.4364 ], [ 76.0361, 16.4497 ], [ 76.0501, 16.4698 ], [ 76.0539, 16.4701 ], [ 76.0549, 16.4732 ], [ 76.0655, 16.4721 ], [ 76.0806, 16.4754 ], [ 76.0828, 16.4824 ], [ 76.1036, 16.4804 ], [ 76.1211, 16.4976 ], [ 76.1252, 16.4947 ], [ 76.1279, 16.496 ], [ 76.1301, 16.4926 ], [ 76.1398, 16.4884 ], [ 76.1421, 16.4845 ], [ 76.1537, 16.4799 ], [ 76.1649, 16.5116 ] ] ] } },
{ "type": "Feature", "properties": { "area_id": "KGIS-T-0306", "name_en": "Nidagundi", "name_kn": "ನಿಡಗುಂದಿ", "level": "block", "parent_id": "KGIS-D-03", "district_en": "Vijayapura", "lgd_code": null }, "geometry": { "type": "MultiPolygon", "coordinates": [ [ [ [ 75.8579, 16.5021 ], [ 75.8804, 16.5051 ], [ 75.9004, 16.4989 ], [ 75.9131, 16.4978 ], [ 75.9086, 16.4812 ], [ 75.9166, 16.4787 ], [ 75.9198, 16.454 ], [ 75.9308, 16.4555 ], [ 75.9449, 16.4635 ], [ 75.9522, 16.4722 ], [ 75.9558, 16.4823 ], [ 75.9633, 16.4768 ], [ 75.966, 16.4981 ], [ 75.9899, 16.4925 ], [ 75.9957, 16.4746 ], [ 76.0157, 16.4723 ], [ 76.0138, 16.4536 ], [ 76.033, 16.4408 ], [ 76.0323, 16.4364 ], [ 76.0248, 16.4297 ], [ 76.0197, 16.4178 ], [ 76.022, 16.4167 ], [ 76.0186, 16.4115 ], [ 76.0193, 16.4041 ], [ 76.011, 16.3884 ], [ 76.0132, 16.3834 ], [ 76.0011, 16.3759 ], [ 75.9964, 16.3658 ], [ 75.9958, 16.354 ], [ 75.991, 16.3477 ], [ 75.989, 16.3379 ], [ 76.0005, 16.3374 ], [ 75.9981, 16.3014 ], [ 75.9575, 16.2969 ], [ 75.9519, 16.2986 ], [ 75.9409, 16.3082 ], [ 75.9241, 16.3178 ], [ 75.894, 16.3248 ], [ 75.8856, 16.3311 ], [ 75.8789, 16.3404 ], [ 75.8699, 16.3459 ], [ 75.8374, 16.3499 ], [ 75.8277, 16.3614 ], [ 75.8132, 16.3704 ], [ 75.7958, 16.3717 ], [ 75.7806, 16.3782 ], [ 75.7981, 16.4145 ], [ 75.8222, 16.4141 ], [ 75.8299, 16.4385 ], [ 75.8362, 16.4393 ], [ 75.8349, 16.4609 ], [ 75.842, 16.4759 ], [ 75.844, 16.4759 ], [ 75.8347, 16.4993 ], [ 75.8507, 16.5085 ], [ 75.8579, 16.5021 ] ] ], [ [ [ 75.8031, 16.4346 ], [ 75.7977, 16.4178 ], [ 75.786, 16.4301 ], [ 75.7683, 16.4323 ], [ 75.7726, 16.4441 ], [ 75.7887, 16.4415 ], [ 75.7869, 16.4388 ], [ 75.8031, 16.4346 ] ] ] ] } },
{ "type": "Feature", "properties": { "area_id": "KGIS-T-0307", "name_en": "Babaleshwara", "name_kn": "ಬಬಲೇಶ್ವರ", "level": "block", "parent_id": "KGIS-D-03", "district_en": "Vijayapura", "lgd_code": null }, "geometry": { "type": "Polygon", "coordinates": [ [ [ 75.5992, 16.7835 ], [ 75.6138, 16.748 ], [ 75.6645, 16.7537 ], [ 75.6694, 16.7514 ], [ 75.6663, 16.744 ], [ 75.675, 16.7414 ], [ 75.6759, 16.7448 ], [ 75.6821, 16.7443 ], [ 75.6812, 16.7403 ], [ 75.6937, 16.739 ], [ 75.6887, 16.7176 ], [ 75.6929, 16.6979 ], [ 75.7121, 16.7012 ], [ 75.7121, 16.7034 ], [ 75.7239, 16.7073 ], [ 75.7664, 16.7057 ], [ 75.7629, 16.7038 ], [ 75.7621, 16.6962 ], [ 75.752, 16.6864 ], [ 75.7517, 16.6827 ], [ 75.7428, 16.6807 ], [ 75.7447, 16.6789 ], [ 75.7402, 16.677 ], [ 75.7366, 16.6708 ], [ 75.7325, 16.6705 ], [ 75.7325, 16.6686 ], [ 75.7221, 16.6705 ], [ 75.717, 16.6691 ], [ 75.7131, 16.6266 ], [ 75.7176, 16.5966 ], [ 75.7156, 16.5636 ], [ 75.7086, 16.5517 ], [ 75.691, 16.5379 ], [ 75.6672, 16.5491 ], [ 75.6602, 16.558 ], [ 75.6419, 16.5521 ], [ 75.647, 16.5521 ], [ 75.6399, 16.5298 ], [ 75.6457, 16.5286 ], [ 75.6461, 16.5189 ], [ 75.6407, 16.5177 ], [ 75.6294, 16.4939 ], [ 75.6423, 16.4947 ], [ 75.6528, 16.4808 ], [ 75.6427, 16.4404 ], [ 75.631, 16.445 ], [ 75.6014, 16.4475 ], [ 75.5852, 16.4342 ], [ 75.5755, 16.4131 ], [ 75.5663, 16.4127 ], [ 75.5553, 16.4265 ], [ 75.5525, 16.4438 ], [ 75.554, 16.4494 ], [ 75.5505, 16.458 ], [ 75.5423, 16.4651 ], [ 75.5305, 16.4661 ], [ 75.4994, 16.454 ], [ 75.4964, 16.4469 ], [ 75.4988, 16.4319 ], [ 75.4913, 16.4205 ], [ 75.4838, 16.4166 ], [ 75.4622, 16.4179 ], [ 75.458, 16.4136 ], [ 75.45, 16.414 ], [ 75.434, 16.4287 ], [ 75.4328, 16.4388 ], [ 75.4652, 16.4726 ], [ 75.4562, 16.5057 ], [ 75.4854, 16.5074 ], [ 75.4909, 16.5239 ], [ 75.4885, 16.5325 ], [ 75.4882, 16.5547 ], [ 75.4797, 16.5573 ], [ 75.4811, 16.561 ], [ 75.4724, 16.5637 ], [ 75.4731, 16.5665 ], [ 75.4841, 16.5724 ], [ 75.4855, 16.5805 ], [ 75.4918, 16.5849 ], [ 75.4933, 16.5918 ], [ 75.4912, 16.5995 ], [ 75.4849, 16.6063 ], [ 75.4744, 16.6115 ], [ 75.4619, 16.6222 ], [ 75.4622, 16.6296 ], [ 75.4548, 16.6643 ], [ 75.4471, 16.6653 ], [ 75.4376, 16.6979 ], [ 75.463, 16.6997 ], [ 75.4881, 16.6945 ], [ 75.492, 16.7455 ], [ 75.5105, 16.7469 ], [ 75.5107, 16.7564 ], [ 75.5158, 16.7717 ], [ 75.522, 16.769 ], [ 75.5308, 16.7703 ], [ 75.5344, 16.7644 ], [ 75.5385, 16.7651 ], [ 75.5417, 16.762 ], [ 75.5445, 16.7659 ], [ 75.5524, 16.76 ], [ 75.5543, 16.7693 ], [ 75.5617, 16.7735 ], [ 75.5857, 16.7808 ], [ 75.5992, 16.7835 ] ] ] } },
{ "type": "Feature", "properties": { "area_id": "KGIS-T-0308", "name_en": "Chadachana", "name_kn": "ಚಡಚಣ", "level": "block", "parent_id": "KGIS-D-03", "district_en": "Vijayapura", "lgd_code": null }, "geometry": { "type": "Polygon", "coordinates": [ [ [ 75.6615, 17.4599 ], [ 75.6741, 17.4603 ], [ 75.6782, 17.456 ], [ 75.6791, 17.4351 ], [ 75.6851, 17.4179 ], [ 75.6894, 17.4129 ], [ 75.7018, 17.4095 ], [ 75.7162, 17.4108 ], [ 75.7269, 17.4223 ], [ 75.733, 17.4225 ], [ 75.7508, 17.4099 ], [ 75.7657, 17.408 ], [ 75.7685, 17.4046 ], [ 75.7726, 17.3874 ], [ 75.7803, 17.3786 ], [ 75.7889, 17.3732 ], [ 75.8037, 17.3698 ], [ 75.8134, 17.3759 ], [ 75.8127, 17.3966 ], [ 75.8176, 17.4076 ], [ 75.8161, 17.4146 ], [ 75.8197, 17.4214 ], [ 75.8319, 17.423 ], [ 75.851, 17.4133 ], [ 75.8558, 17.4061 ], [ 75.8574, 17.389 ], [ 75.8607, 17.3862 ], [ 75.8743, 17.3993 ], [ 75.875, 17.4167 ], [ 75.8801, 17.4196 ], [ 75.8864, 17.4182 ], [ 75.8946, 17.4058 ], [ 75.8982, 17.3771 ], [ 75.8917, 17.3593 ], [ 75.8981, 17.3511 ], [ 75.8961, 17.3486 ], [ 75.8913, 17.3502 ], [ 75.8866, 17.3411 ], [ 75.8818, 17.3378 ], [ 75.8884, 17.3233 ], [ 75.8876, 17.303 ], [ 75.9139, 17.2982 ], [ 75.9153, 17.2916 ], [ 75.9121, 17.2779 ], [ 75.9012, 17.2792 ], [ 75.8793, 17.2865 ], [ 75.8605, 17.2881 ], [ 75.8607, 17.2916 ], [ 75.8442, 17.3055 ], [ 75.8277, 17.3068 ], [ 75.8135, 17.3025 ], [ 75.8173, 17.299 ], [ 75.8066, 17.2817 ], [ 75.8008, 17.2766 ], [ 75.792, 17.274 ], [ 75.783, 17.277 ], [ 75.7837, 17.2835 ], [ 75.7781, 17.2846 ], [ 75.7634, 17.2826 ], [ 75.759, 17.2626 ], [ 75.7581, 17.2352 ], [ 75.7599, 17.2346 ], [ 75.7568, 17.229 ], [ 75.7829, 17.2189 ], [ 75.7871, 17.2182 ], [ 75.79, 17.2207 ], [ 75.7932, 17.196 ], [ 75.7885, 17.1802 ], [ 75.7852, 17.1732 ], [ 75.7745, 17.1741 ], [ 75.7466, 17.1899 ], [ 75.7415, 17.1917 ], [ 75.7319, 17.1889 ], [ 75.7326, 17.1808 ], [ 75.7249, 17.1658 ], [ 75.7309, 17.1644 ], [ 75.7317, 17.1451 ], [ 75.7227, 17.129 ], [ 75.7239, 17.0902 ], [ 75.718, 17.09 ], [ 75.7193, 17.0843 ], [ 75.6792, 17.0698 ], [ 75.6743, 17.0922 ], [ 75.6761, 17.0951 ], [ 75.6734, 17.1013 ], [ 75.6724, 17.1157 ], [ 75.6504, 17.1155 ], [ 75.6502, 17.1347 ], [ 75.6475, 17.1347 ], [ 75.6454, 17.1435 ], [ 75.6284, 17.1621 ], [ 75.6254, 17.1739 ], [ 75.6284, 17.1887 ], [ 75.6403, 17.1892 ], [ 75.6403, 17.1939 ], [ 75.6449, 17.1994 ], [ 75.6561, 17.206 ], [ 75.6622, 17.2145 ], [ 75.6577, 17.2628 ], [ 75.6549, 17.2724 ], [ 75.6274, 17.2738 ], [ 75.6294, 17.2808 ], [ 75.6252, 17.2848 ], [ 75.622, 17.2951 ], [ 75.6033, 17.3047 ], [ 75.6124, 17.327 ], [ 75.6102, 17.3446 ], [ 75.5954, 17.3459 ], [ 75.5816, 17.3509 ], [ 75.5754, 17.384 ], [ 75.5891, 17.3859 ], [ 75.605, 17.3941 ], [ 75.6135, 17.3915 ], [ 75.6122, 17.4066 ], [ 75.6066, 17.4201 ], [ 75.6137, 17.4243 ], [ 75.6214, 17.4587 ], [ 75.6273, 17.4623 ], [ 75.6341, 17.4795 ], [ 75.6508, 17.4715 ], [ 75.6615, 17.4599 ] ] ] } },
{ "type": "Feature", "properties": { "area_id": "KGIS-T-0309", "name_en": "Talikote", "name_kn": "", "level": "block", "parent_id": "KGIS-D-03", "district_en": "Vijayapura", "lgd_code": null }, "geometry": { "type": "Polygon", "coordinates": [ [ [ 76.3281, 16.7209 ], [ 76.3256, 16.7124 ], [ 76.3279, 16.6926 ], [ 76.342, 16.6904 ], [ 76.3437, 16.6802 ], [ 76.3479, 16.681 ], [ 76.3507, 16.6733 ], [ 76.3708, 16.6763 ], [ 76.3965, 16.6729 ], [ 76.3975, 16.6899 ], [ 76.4268, 16.6887 ], [ 76.4203, 16.6723 ], [ 76.4062, 16.6554 ], [ 76.4028, 16.64 ], [ 76.4043, 16.6274 ], [ 76.4088, 16.6215 ], [ 76.4101, 16.6137 ], [ 76.4161, 16.6026 ], [ 76.4133, 16.5898 ], [ 76.4162, 16.59 ], [ 76.4232, 16.5735 ], [ 76.4227, 16.5508 ], [ 76.4341, 16.5187 ], [ 76.4329, 16.5056 ], [ 76.4298, 16.4984 ], [ 76.435, 16.4358 ], [ 76.4041, 16.4327 ], [ 76.3901, 16.4378 ], [ 76.3848, 16.4257 ], [ 76.3583, 16.4224 ], [ 76.3546, 16.4223 ], [ 76.3503, 16.427 ], [ 76.332, 16.4272 ], [ 76.3334, 16.4167 ], [ 76.3305, 16.4097 ], [ 76.337, 16.4056 ], [ 76.332, 16.3969 ], [ 76.3228, 16.396 ], [ 76.3202, 16.3977 ], [ 76.317, 16.3945 ], [ 76.3096, 16.3972 ], [ 76.3045, 16.3789 ], [ 76.2822, 16.3799 ], [ 76.2781, 16.3658 ], [ 76.2791, 16.3612 ], [ 76.2695, 16.3575 ], [ 76.2629, 16.3593 ], [ 76.2619, 16.3625 ], [ 76.2582, 16.3638 ], [ 76.2513, 16.3905 ], [ 76.258, 16.4118 ], [ 76.2584, 16.4225 ], [ 76.2267, 16.4228 ], [ 76.2196, 16.4346 ], [ 76.2102, 16.4352 ], [ 76.2191, 16.4585 ], [ 76.2111, 16.457 ], [ 76.2097, 16.4602 ], [ 76.186, 16.465 ], [ 76.1859, 16.4768 ], [ 76.1934, 16.4892 ], [ 76.1923, 16.4985 ], [ 76.1796, 16.5008 ], [ 76.1649, 16.5116 ], [ 76.1537, 16.4799 ], [ 76.1421, 16.4845 ], [ 76.1398, 16.4884 ], [ 76.1301, 16.4926 ], [ 76.1279, 16.496 ], [ 76.1252, 16.4947 ], [ 76.1211, 16.4976 ], [ 76.1293, 16.5167 ], [ 76.1374, 16.5452 ], [ 76.1354, 16.5468 ], [ 76.1367, 16.5603 ], [ 76.1524, 16.5587 ], [ 76.1673, 16.5521 ], [ 76.1995, 16.5481 ], [ 76.2115, 16.5727 ], [ 76.2141, 16.5844 ], [ 76.2033, 16.586 ], [ 76.2011, 16.5954 ], [ 76.1893, 16.6108 ], [ 76.1668, 16.6038 ], [ 76.1558, 16.6116 ], [ 76.1585, 16.6213 ], [ 76.1615, 16.6216 ], [ 76.1617, 16.6244 ], [ 76.1661, 16.6243 ], [ 76.1672, 16.629 ], [ 76.1728, 16.6284 ], [ 76.1725, 16.6351 ], [ 76.1918, 16.6371 ], [ 76.1931, 16.6301 ], [ 76.1987, 16.6247 ], [ 76.2074, 16.6256 ], [ 76.2137, 16.63 ], [ 76.2165, 16.6275 ], [ 76.2223, 16.6325 ], [ 76.2256, 16.6298 ], [ 76.2299, 16.6315 ], [ 76.2309, 16.6286 ], [ 76.2331, 16.6304 ], [ 76.236, 16.6252 ], [ 76.24, 16.6246 ], [ 76.2402, 16.6218 ], [ 76.2505, 16.6222 ], [ 76.2625, 16.6104 ], [ 76.2655, 16.6148 ], [ 76.2901, 16.6133 ], [ 76.287, 16.6262 ], [ 76.2718, 16.6227 ], [ 76.2698, 16.6265 ], [ 76.2721, 16.6415 ], [ 76.2749, 16.645 ], [ 76.2798, 16.6796 ], [ 76.2871, 16.7014 ], [ 76.3029, 16.7029 ], [ 76.3185, 16.7135 ], [ 76.3229, 16.7194 ], [ 76.3281, 16.7209 ] ] ] } },
{ "type": "Feature", "properties": { "area_id": "KGIS-T-0310", "name_en": "Tikota", "name_kn": "", "level": "block", "parent_id": "KGIS-D-03", "district_en": "Vijayapura", "lgd_code": null }, "geometry": { "type": "Polygon", "coordinates": [ [ [ 75.5671, 17.009 ], [ 75.6069, 17.005 ], [ 75.6078, 16.9714 ], [ 75.6366, 16.9687 ], [ 75.6383, 16.9579 ], [ 75.6429, 16.9544 ], [ 75.6467, 16.9539 ], [ 75.6487, 16.9593 ], [ 75.6562, 16.9616 ], [ 75.6704, 16.962 ], [ 75.68, 16.9702 ], [ 75.6907, 16.9701 ], [ 75.7073, 16.9552 ], [ 75.7091, 16.9508 ], [ 75.7383, 16.9464 ], [ 75.7333, 16.9325 ], [ 75.7535, 16.9323 ], [ 75.7743, 16.9406 ], [ 75.7861, 16.9387 ], [ 75.7813, 16.9266 ], [ 75.7833, 16.9018 ], [ 75.757, 16.8757 ], [ 75.7477, 16.8547 ], [ 75.74, 16.8532 ], [ 75.7261, 16.8558 ], [ 75.7259, 16.8657 ], [ 75.7207, 16.8701 ], [ 75.7394, 16.893 ], [ 75.7427, 16.9005 ], [ 75.7436, 16.9111 ], [ 75.7319, 16.9113 ], [ 75.7284, 16.9084 ], [ 75.7163, 16.9104 ], [ 75.7154, 16.9041 ], [ 75.7088, 16.9044 ], [ 75.7031, 16.8997 ], [ 75.6945, 16.8998 ], [ 75.6938, 16.894 ], [ 75.6914, 16.8939 ], [ 75.6869, 16.8852 ], [ 75.6901, 16.87 ], [ 75.6881, 16.864 ], [ 75.6823, 16.8588 ], [ 75.6746, 16.8602 ], [ 75.6714, 16.8503 ], [ 75.6693, 16.8498 ], [ 75.6721, 16.8438 ], [ 75.6724, 16.8351 ], [ 75.67, 16.8223 ], [ 75.6661, 16.8212 ], [ 75.6628, 16.8119 ], [ 75.6644, 16.8081 ], [ 75.6628, 16.7948 ], [ 75.6717, 16.771 ], [ 75.6633, 16.7682 ], [ 75.6635, 16.7642 ], [ 75.6664, 16.7644 ], [ 75.6674, 16.7611 ], [ 75.6649, 16.7542 ], [ 75.6138, 16.748 ], [ 75.5992, 16.7835 ], [ 75.5617, 16.7735 ], [ 75.5543, 16.7693 ], [ 75.5524, 16.76 ], [ 75.5445, 16.7659 ], [ 75.5417, 16.762 ], [ 75.5385, 16.7651 ], [ 75.5344, 16.7644 ], [ 75.5308, 16.7703 ], [ 75.522, 16.769 ], [ 75.5158, 16.7717 ], [ 75.5107, 16.7564 ], [ 75.5105, 16.7469 ], [ 75.4767, 16.7478 ], [ 75.4671, 16.7545 ], [ 75.4466, 16.7554 ], [ 75.4324, 16.7658 ], [ 75.424, 16.7683 ], [ 75.4128, 16.7665 ], [ 75.4068, 16.7616 ], [ 75.3926, 16.7599 ], [ 75.3927, 16.7622 ], [ 75.3854, 16.7624 ], [ 75.3811, 16.7986 ], [ 75.3788, 16.7984 ], [ 75.3789, 16.8232 ], [ 75.3814, 16.8341 ], [ 75.395, 16.863 ], [ 75.3692, 16.8667 ], [ 75.3581, 16.8713 ], [ 75.3358, 16.8689 ], [ 75.3345, 16.9121 ], [ 75.342, 16.946 ], [ 75.3416, 16.9565 ], [ 75.3549, 16.9602 ], [ 75.3686, 16.9722 ], [ 75.3922, 16.9804 ], [ 75.4121, 16.9744 ], [ 75.428, 16.9667 ], [ 75.4422, 16.9826 ], [ 75.4656, 16.9885 ], [ 75.4686, 16.9798 ], [ 75.483, 16.977 ], [ 75.4883, 16.9621 ], [ 75.489, 16.9446 ], [ 75.5094, 16.9507 ], [ 75.5286, 16.9695 ], [ 75.5386, 16.9658 ], [ 75.5637, 16.968 ], [ 75.5673, 16.9661 ], [ 75.5655, 16.9842 ], [ 75.5671, 17.009 ] ] ] } },
{ "type": "Feature", "properties": { "area_id": "KGIS-T-0311", "name_en": "Kolhara", "name_kn": "ಕೋಲ್ಹಾರ", "level": "block", "parent_id": "KGIS-D-03", "district_en": "Vijayapura", "lgd_code": null }, "geometry": { "type": "Polygon", "coordinates": [ [ [ 75.7393, 16.6736 ], [ 75.7423, 16.6605 ], [ 75.7495, 16.6567 ], [ 75.7526, 16.6498 ], [ 75.7557, 16.6505 ], [ 75.7666, 16.6422 ], [ 75.7689, 16.6295 ], [ 75.7672, 16.5998 ], [ 75.798, 16.5906 ], [ 75.8188, 16.5892 ], [ 75.8259, 16.5914 ], [ 75.8257, 16.5836 ], [ 75.8528, 16.5869 ], [ 75.8502, 16.5695 ], [ 75.8542, 16.5695 ], [ 75.8555, 16.5498 ], [ 75.8536, 16.5494 ], [ 75.8533, 16.5452 ], [ 75.8508, 16.5446 ], [ 75.8513, 16.5383 ], [ 75.8486, 16.5376 ], [ 75.8509, 16.5365 ], [ 75.8528, 16.5287 ], [ 75.8544, 16.5193 ], [ 75.8518, 16.5137 ], [ 75.8543, 16.5134 ], [ 75.8546, 16.5084 ], [ 75.8507, 16.5085 ], [ 75.8347, 16.4993 ], [ 75.844, 16.4759 ], [ 75.842, 16.4759 ], [ 75.8349, 16.4609 ], [ 75.8362, 16.4393 ], [ 75.8299, 16.4385 ], [ 75.8222, 16.4141 ], [ 75.7981, 16.4145 ], [ 75.7806, 16.3782 ], [ 75.7633, 16.3836 ], [ 75.719, 16.3897 ], [ 75.7063, 16.4054 ], [ 75.6901, 16.4108 ], [ 75.6791, 16.4174 ], [ 75.6809, 16.4198 ], [ 75.677, 16.4238 ], [ 75.6727, 16.4252 ], [ 75.6713, 16.4236 ], [ 75.6427, 16.4404 ], [ 75.6528, 16.4808 ], [ 75.6423, 16.4947 ], [ 75.6294, 16.4939 ], [ 75.6407, 16.5177 ], [ 75.6461, 16.5189 ], [ 75.6457, 16.5286 ], [ 75.6399, 16.5298 ], [ 75.647, 16.5521 ], [ 75.6419, 16.5521 ], [ 75.6602, 16.558 ], [ 75.6672, 16.5491 ], [ 75.691, 16.5379 ], [ 75.7086, 16.5517 ], [ 75.7137, 16.5597 ], [ 75.7176, 16.5966 ], [ 75.7131, 16.6263 ], [ 75.717, 16.6691 ], [ 75.7221, 16.6705 ], [ 75.7325, 16.6686 ], [ 75.7393, 16.6736 ] ], [ [ 75.7683, 16.4323 ], [ 75.786, 16.4301 ], [ 75.7977, 16.4178 ], [ 75.8032, 16.4347 ], [ 75.7869, 16.4388 ], [ 75.7887, 16.4415 ], [ 75.7726, 16.4441 ], [ 75.7683, 16.4323 ] ] ] } },
{ "type": "Feature", "properties": { "area_id": "KGIS-T-0312", "name_en": "Devara Hipparagi", "name_kn": "ಸಿಂದಗಿ", "level": "block", "parent_id": "KGIS-D-03", "district_en": "Vijayapura", "lgd_code": null }, "geometry": { "type": "Polygon", "coordinates": [ [ [ 76.0306, 16.9871 ], [ 76.0573, 16.9844 ], [ 76.0578, 16.9716 ], [ 76.061, 16.9689 ], [ 76.0591, 16.967 ], [ 76.0604, 16.9493 ], [ 76.0565, 16.9381 ], [ 76.0561, 16.9053 ], [ 76.0647, 16.903 ], [ 76.0644, 16.8985 ], [ 76.0716, 16.8991 ], [ 76.071, 16.8937 ], [ 76.0753, 16.8924 ], [ 76.0773, 16.9014 ], [ 76.103, 16.9023 ], [ 76.1131, 16.9013 ], [ 76.1143, 16.8986 ], [ 76.1158, 16.8783 ], [ 76.1029, 16.8756 ], [ 76.0996, 16.8669 ], [ 76.0954, 16.8662 ], [ 76.085, 16.852 ], [ 76.0925, 16.8524 ], [ 76.0924, 16.8499 ], [ 76.0988, 16.846 ], [ 76.0982, 16.8332 ], [ 76.1068, 16.837 ], [ 76.1409, 16.8388 ], [ 76.1527, 16.8373 ], [ 76.163, 16.8314 ], [ 76.1673, 16.8252 ], [ 76.166, 16.8047 ], [ 76.174, 16.803 ], [ 76.1812, 16.7937 ], [ 76.2162, 16.7928 ], [ 76.221, 16.788 ], [ 76.2348, 16.7843 ], [ 76.2436, 16.7875 ], [ 76.2435, 16.7841 ], [ 76.2601, 16.7816 ], [ 76.261, 16.7786 ], [ 76.268, 16.7766 ], [ 76.2455, 16.7689 ], [ 76.2378, 16.7636 ], [ 76.2376, 16.7413 ], [ 76.226, 16.7214 ], [ 76.2208, 16.7018 ], [ 76.2421, 16.6994 ], [ 76.2431, 16.7036 ], [ 76.2566, 16.7081 ], [ 76.2568, 16.7129 ], [ 76.2635, 16.724 ], [ 76.2696, 16.7286 ], [ 76.2705, 16.7323 ], [ 76.2742, 16.7333 ], [ 76.2773, 16.7446 ], [ 76.2938, 16.746 ], [ 76.2996, 16.7623 ], [ 76.3025, 16.7627 ], [ 76.3012, 16.7672 ], [ 76.3102, 16.7686 ], [ 76.3391, 16.7574 ], [ 76.3687, 16.7671 ], [ 76.3693, 16.7582 ], [ 76.3744, 16.7434 ], [ 76.3945, 16.7419 ], [ 76.3923, 16.7211 ], [ 76.4015, 16.7223 ], [ 76.4122, 16.7286 ], [ 76.423, 16.7301 ], [ 76.4227, 16.7176 ], [ 76.4426, 16.7138 ], [ 76.4466, 16.7234 ], [ 76.4595, 16.7233 ], [ 76.4617, 16.7087 ], [ 76.4584, 16.709 ], [ 76.4527, 16.7145 ], [ 76.4408, 16.7094 ], [ 76.4376, 16.703 ], [ 76.4315, 16.701 ], [ 76.4304, 16.6964 ], [ 76.4255, 16.6959 ], [ 76.4268, 16.6887 ], [ 76.3975, 16.6899 ], [ 76.3965, 16.6729 ], [ 76.3708, 16.6763 ], [ 76.3507, 16.6733 ], [ 76.3479, 16.681 ], [ 76.3437, 16.6802 ], [ 76.342, 16.6904 ], [ 76.3279, 16.6926 ], [ 76.3256, 16.7124 ], [ 76.3258, 16.7159 ], [ 76.3276, 16.717 ], [ 76.3288, 16.7206 ], [ 76.3281, 16.7209 ], [ 76.3229, 16.7194 ], [ 76.3076, 16.7051 ], [ 76.3015, 16.7024 ], [ 76.2871, 16.7014 ], [ 76.2798, 16.6796 ], [ 76.2749, 16.645 ], [ 76.2721, 16.6415 ], [ 76.2698, 16.6265 ], [ 76.2718, 16.6227 ], [ 76.287, 16.6262 ], [ 76.2901, 16.6133 ], [ 76.2655, 16.6148 ], [ 76.2625, 16.6104 ], [ 76.2531, 16.6206 ], [ 76.2402, 16.6218 ], [ 76.2394, 16.6253 ], [ 76.2362, 16.625 ], [ 76.2331, 16.6304 ], [ 76.2309, 16.6286 ], [ 76.2299, 16.6315 ], [ 76.2256, 16.6298 ], [ 76.2223, 16.6325 ], [ 76.2165, 16.6275 ], [ 76.2137, 16.63 ], [ 76.2074, 16.6256 ], [ 76.1969, 16.6252 ], [ 76.1931, 16.6301 ], [ 76.1918, 16.6371 ], [ 76.2242, 16.6468 ], [ 76.2238, 16.6514 ], [ 76.2107, 16.6627 ], [ 76.1784, 16.6555 ], [ 76.1701, 16.6609 ], [ 76.1672, 16.6599 ], [ 76.1615, 16.6532 ], [ 76.1602, 16.6447 ], [ 76.1565, 16.644 ], [ 76.1509, 16.6373 ], [ 76.1457, 16.6364 ], [ 76.1389, 16.6379 ], [ 76.1394, 16.643 ], [ 76.1357, 16.6422 ], [ 76.1353, 16.645 ], [ 76.0859, 16.6556 ], [ 76.0891, 16.6947 ], [ 76.0544, 16.6948 ], [ 76.0452, 16.6976 ], [ 76.0454, 16.7098 ], [ 76.043, 16.7098 ], [ 76.041, 16.7159 ], [ 76.0253, 16.7201 ], [ 76.0214, 16.7243 ], [ 76.0133, 16.7249 ], [ 76.0141, 16.7325 ], [ 76.0266, 16.7315 ], [ 76.0258, 16.7602 ], [ 76.0071, 16.7592 ], [ 75.9952, 16.7624 ], [ 76.0002, 16.8073 ], [ 76.0194, 16.8249 ], [ 76.0193, 16.8492 ], [ 76.0251, 16.8518 ], [ 76.026, 16.8544 ], [ 75.9987, 16.8688 ], [ 75.9948, 16.8731 ], [ 75.9987, 16.8827 ], [ 76.0026, 16.9061 ], [ 75.9959, 16.9217 ], [ 75.9819, 16.9233 ], [ 75.9553, 16.9188 ], [ 75.9529, 16.9334 ], [ 75.955, 16.9471 ], [ 75.9634, 16.9633 ], [ 75.9844, 16.9621 ], [ 75.9845, 16.959 ], [ 76.0004, 16.9601 ], [ 75.9991, 16.9688 ], [ 76.007, 16.9706 ], [ 76.0072, 16.9731 ], [ 76.0127, 16.9757 ], [ 76.0233, 16.974 ], [ 76.0312, 16.9826 ], [ 76.0306, 16.9871 ] ] ] } },
{ "type": "Feature", "properties": { "area_id": "KGIS-T-0401", "name_en": "Aland", "name_kn": "ಆಳಂದ", "level": "block", "parent_id": "KGIS-D-04", "district_en": "Kalburgi", "lgd_code": "5580" }, "geometry": { "type": "MultiPolygon", "coordinates": [ [ [ [ 76.6254, 17.7594 ], [ 76.6318, 17.7557 ], [ 76.628, 17.7509 ], [ 76.6335, 17.7285 ], [ 76.6534, 17.7223 ], [ 76.6595, 17.7095 ], [ 76.6652, 17.6878 ], [ 76.6731, 17.6911 ], [ 76.6843, 17.6858 ], [ 76.6882, 17.6802 ], [ 76.6915, 17.6816 ], [ 76.6952, 17.677 ], [ 76.6953, 17.6624 ], [ 76.7071, 17.6628 ], [ 76.7109, 17.6609 ], [ 76.7119, 17.6558 ], [ 76.7, 17.6476 ], [ 76.6989, 17.642 ], [ 76.7145, 17.639 ], [ 76.7207, 17.654 ], [ 76.7322, 17.6588 ], [ 76.7327, 17.6653 ], [ 76.773, 17.6657 ], [ 76.7715, 17.6461 ], [ 76.7735, 17.6388 ], [ 76.777, 17.6363 ], [ 76.7742, 17.6222 ], [ 76.7812, 17.6203 ], [ 76.791, 17.6096 ], [ 76.7896, 17.6054 ], [ 76.8098, 17.5996 ], [ 76.8076, 17.5964 ], [ 76.8159, 17.5911 ], [ 76.8147, 17.5839 ], [ 76.8093, 17.5823 ], [ 76.8076, 17.5774 ], [ 76.802, 17.5782 ], [ 76.8, 17.5759 ], [ 76.8009, 17.5677 ], [ 76.8065, 17.5668 ], [ 76.807, 17.564 ], [ 76.8226, 17.5626 ], [ 76.823, 17.5515 ], [ 76.8156, 17.5512 ], [ 76.8058, 17.5439 ], [ 76.8086, 17.524 ], [ 76.8215, 17.5252 ], [ 76.8258, 17.5211 ], [ 76.8329, 17.5207 ], [ 76.8331, 17.5075 ], [ 76.8308, 17.5074 ], [ 76.8297, 17.5038 ], [ 76.8168, 17.5035 ], [ 76.8147, 17.4898 ], [ 76.7909, 17.4852 ], [ 76.7739, 17.4846 ], [ 76.7718, 17.4737 ], [ 76.7514, 17.4668 ], [ 76.7533, 17.4588 ], [ 76.7585, 17.4513 ], [ 76.7333, 17.4498 ], [ 76.74, 17.4368 ], [ 76.7285, 17.4345 ], [ 76.7229, 17.4265 ], [ 76.7063, 17.4291 ], [ 76.6985, 17.4381 ], [ 76.6975, 17.4424 ], [ 76.6945, 17.4448 ], [ 76.6903, 17.4431 ], [ 76.6807, 17.4343 ], [ 76.6785, 17.4252 ], [ 76.6817, 17.4243 ], [ 76.6873, 17.4092 ], [ 76.6922, 17.4091 ], [ 76.6912, 17.4056 ], [ 76.6985, 17.4011 ], [ 76.6983, 17.3897 ], [ 76.6681, 17.3757 ], [ 76.658, 17.3759 ], [ 76.6577, 17.3711 ], [ 76.6612, 17.3713 ], [ 76.6604, 17.3614 ], [ 76.631, 17.3658 ], [ 76.6189, 17.3702 ], [ 76.6165, 17.3602 ], [ 76.6023, 17.3471 ], [ 76.5929, 17.3456 ], [ 76.5569, 17.3473 ], [ 76.5516, 17.341 ], [ 76.5344, 17.3412 ], [ 76.5278, 17.3434 ], [ 76.5173, 17.336 ], [ 76.5172, 17.3253 ], [ 76.4743, 17.3342 ], [ 76.4723, 17.3459 ], [ 76.4734, 17.3588 ], [ 76.4613, 17.3577 ], [ 76.4483, 17.3605 ], [ 76.4479, 17.3689 ], [ 76.4335, 17.3742 ], [ 76.4113, 17.3784 ], [ 76.4091, 17.3707 ], [ 76.3631, 17.3774 ], [ 76.3705, 17.4083 ], [ 76.3714, 17.436 ], [ 76.3587, 17.4373 ], [ 76.3328, 17.4347 ], [ 76.3332, 17.4556 ], [ 76.3309, 17.4555 ], [ 76.3295, 17.4706 ], [ 76.3463, 17.4729 ], [ 76.3686, 17.4833 ], [ 76.3754, 17.4895 ], [ 76.3752, 17.4941 ], [ 76.3644, 17.4961 ], [ 76.3461, 17.4922 ], [ 76.343, 17.5018 ], [ 76.3457, 17.5137 ], [ 76.3652, 17.5173 ], [ 76.367, 17.5202 ], [ 76.363, 17.5378 ], [ 76.349, 17.5396 ], [ 76.3402, 17.5437 ], [ 76.3352, 17.5661 ], [ 76.333, 17.5654 ], [ 76.3309, 17.5974 ], [ 76.336, 17.5985 ], [ 76.3477, 17.5957 ], [ 76.3678, 17.5973 ], [ 76.3806, 17.6036 ], [ 76.3895, 17.6023 ], [ 76.3969, 17.6048 ], [ 76.4186, 17.6051 ], [ 76.4268, 17.6313 ], [ 76.4274, 17.6474 ], [ 76.444, 17.6423 ], [ 76.4413, 17.6491 ], [ 76.4523, 17.6488 ], [ 76.4515, 17.6559 ], [ 76.4581, 17.659 ], [ 76.4889, 17.6615 ], [ 76.4832, 17.6802 ], [ 76.4863, 17.7158 ], [ 76.5122, 17.7196 ], [ 76.5239, 17.7153 ], [ 76.5274, 17.7382 ], [ 76.5238, 17.7602 ], [ 76.5306, 17.7585 ], [ 76.5609, 17.7664 ], [ 76.5725, 17.7613 ], [ 76.5643, 17.7509 ], [ 76.5676, 17.7456 ], [ 76.5707, 17.7057 ], [ 76.5786, 17.7051 ], [ 76.5878, 17.7077 ], [ 76.594, 17.7226 ], [ 76.6007, 17.7261 ], [ 76.604, 17.7588 ], [ 76.607, 17.7608 ], [ 76.6115, 17.7711 ], [ 76.6167, 17.7703 ], [ 76.6254, 17.7594 ] ] ], [ [ [ 76.7003, 17.7085 ], [ 76.712, 17.6989 ], [ 76.7118, 17.6945 ], [ 76.7034, 17.6933 ], [ 76.694, 17.6959 ], [ 76.6912, 17.7008 ], [ 76.6923, 17.7069 ], [ 76.7003, 17.7085 ] ] ] ] } },
{ "type": "Feature", "properties": { "area_id": "KGIS-T-0402", "name_en": "Afzalpur", "name_kn": "ಅಫ್ಜಲಪುರ", "level": "block", "parent_id": "KGIS-D-04", "district_en": "Kalburgi", "lgd_code": "5581" }, "geometry": { "type": "Polygon", "coordinates": [ [ [ 76.4113, 17.3784 ], [ 76.4479, 17.3689 ], [ 76.4483, 17.3605 ], [ 76.4613, 17.3577 ], [ 76.4734, 17.3588 ], [ 76.4723, 17.3459 ], [ 76.4743, 17.3342 ], [ 76.5172, 17.3253 ], [ 76.5173, 17.336 ], [ 76.5278, 17.3434 ], [ 76.5344, 17.3412 ], [ 76.5516, 17.341 ], [ 76.5569, 17.3473 ], [ 76.5929, 17.3456 ], [ 76.6023, 17.3471 ], [ 76.6165, 17.3602 ], [ 76.6189, 17.3702 ], [ 76.6524, 17.3612 ], [ 76.6641, 17.3613 ], [ 76.663, 17.3498 ], [ 76.6561, 17.3324 ], [ 76.6531, 17.3324 ], [ 76.649, 17.3267 ], [ 76.6464, 17.3284 ], [ 76.6391, 17.3217 ], [ 76.6383, 17.317 ], [ 76.6291, 17.3105 ], [ 76.6362, 17.2839 ], [ 76.6385, 17.2835 ], [ 76.639, 17.2791 ], [ 76.6605, 17.2782 ], [ 76.6685, 17.2795 ], [ 76.6686, 17.2874 ], [ 76.6771, 17.2857 ], [ 76.6799, 17.288 ], [ 76.6945, 17.2874 ], [ 76.6937, 17.2721 ], [ 76.7096, 17.27 ], [ 76.7076, 17.2418 ], [ 76.7049, 17.2328 ], [ 76.6939, 17.2357 ], [ 76.6851, 17.2338 ], [ 76.674, 17.2355 ], [ 76.671, 17.2297 ], [ 76.6716, 17.2053 ], [ 76.6872, 17.1989 ], [ 76.6865, 17.1832 ], [ 76.6762, 17.1832 ], [ 76.654, 17.1909 ], [ 76.6535, 17.1885 ], [ 76.6395, 17.1881 ], [ 76.6412, 17.1714 ], [ 76.6375, 17.1528 ], [ 76.6123, 17.1545 ], [ 76.6124, 17.1405 ], [ 76.6063, 17.1294 ], [ 76.6028, 17.1152 ], [ 76.6102, 17.1133 ], [ 76.6055, 17.0876 ], [ 76.6059, 17.0665 ], [ 76.6026, 17.0595 ], [ 76.5809, 17.0659 ], [ 76.5602, 17.0616 ], [ 76.5603, 17.0705 ], [ 76.5839, 17.0842 ], [ 76.5855, 17.0871 ], [ 76.5858, 17.0981 ], [ 76.5734, 17.1081 ], [ 76.5664, 17.1064 ], [ 76.5595, 17.1001 ], [ 76.5294, 17.0951 ], [ 76.5204, 17.0889 ], [ 76.5138, 17.0898 ], [ 76.5089, 17.0967 ], [ 76.5125, 17.1102 ], [ 76.5197, 17.1216 ], [ 76.5326, 17.1275 ], [ 76.5482, 17.1266 ], [ 76.558, 17.1352 ], [ 76.565, 17.1477 ], [ 76.5685, 17.1624 ], [ 76.5778, 17.1728 ], [ 76.5777, 17.176 ], [ 76.5742, 17.179 ], [ 76.5527, 17.1861 ], [ 76.5482, 17.1842 ], [ 76.5418, 17.1751 ], [ 76.5256, 17.1775 ], [ 76.5185, 17.1758 ], [ 76.5161, 17.173 ], [ 76.5145, 17.1611 ], [ 76.501, 17.1447 ], [ 76.4916, 17.1379 ], [ 76.4662, 17.1473 ], [ 76.4501, 17.1476 ], [ 76.4475, 17.1435 ], [ 76.4527, 17.1325 ], [ 76.4522, 17.1279 ], [ 76.4472, 17.1249 ], [ 76.4251, 17.1229 ], [ 76.4202, 17.1202 ], [ 76.4198, 17.1161 ], [ 76.4278, 17.1038 ], [ 76.4276, 17.1001 ], [ 76.4081, 17.0862 ], [ 76.3982, 17.0713 ], [ 76.3917, 17.071 ], [ 76.386, 17.0785 ], [ 76.3877, 17.0944 ], [ 76.3786, 17.1018 ], [ 76.3793, 17.1042 ], [ 76.3666, 17.1076 ], [ 76.3626, 17.1139 ], [ 76.3683, 17.1237 ], [ 76.3905, 17.1312 ], [ 76.3948, 17.1406 ], [ 76.3885, 17.1463 ], [ 76.3676, 17.1384 ], [ 76.3599, 17.1409 ], [ 76.3601, 17.1477 ], [ 76.3671, 17.1576 ], [ 76.3681, 17.1637 ], [ 76.3651, 17.1792 ], [ 76.3601, 17.1855 ], [ 76.3507, 17.1849 ], [ 76.3423, 17.1769 ], [ 76.3269, 17.169 ], [ 76.3098, 17.1705 ], [ 76.2855, 17.1647 ], [ 76.2841, 17.1673 ], [ 76.2791, 17.1665 ], [ 76.2595, 17.1498 ], [ 76.2421, 17.1508 ], [ 76.2335, 17.1671 ], [ 76.221, 17.1764 ], [ 76.2207, 17.1859 ], [ 76.1987, 17.1834 ], [ 76.1866, 17.1869 ], [ 76.1778, 17.1922 ], [ 76.1639, 17.2124 ], [ 76.1223, 17.2484 ], [ 76.0879, 17.2569 ], [ 76.0866, 17.2668 ], [ 76.0894, 17.2745 ], [ 76.0978, 17.2834 ], [ 76.0983, 17.2919 ], [ 76.0937, 17.2975 ], [ 76.068, 17.3068 ], [ 76.0642, 17.3153 ], [ 76.0739, 17.3362 ], [ 76.079, 17.3313 ], [ 76.0882, 17.3369 ], [ 76.088, 17.3423 ], [ 76.0914, 17.3496 ], [ 76.0891, 17.3528 ], [ 76.0995, 17.3645 ], [ 76.1197, 17.3711 ], [ 76.1316, 17.3589 ], [ 76.1473, 17.3499 ], [ 76.1466, 17.348 ], [ 76.1484, 17.3475 ], [ 76.1488, 17.3498 ], [ 76.1625, 17.3448 ], [ 76.1649, 17.3031 ], [ 76.1758, 17.3007 ], [ 76.1808, 17.3094 ], [ 76.1827, 17.3186 ], [ 76.1791, 17.3184 ], [ 76.1757, 17.3264 ], [ 76.1702, 17.3524 ], [ 76.1955, 17.3631 ], [ 76.2124, 17.3619 ], [ 76.2288, 17.3654 ], [ 76.2277, 17.376 ], [ 76.242, 17.3792 ], [ 76.2447, 17.379 ], [ 76.2446, 17.3716 ], [ 76.2505, 17.3693 ], [ 76.2508, 17.3608 ], [ 76.2582, 17.3605 ], [ 76.2669, 17.3635 ], [ 76.2718, 17.3606 ], [ 76.2763, 17.3344 ], [ 76.3173, 17.3321 ], [ 76.319, 17.3363 ], [ 76.3105, 17.3457 ], [ 76.3111, 17.3475 ], [ 76.3458, 17.3544 ], [ 76.3541, 17.3253 ], [ 76.3539, 17.3144 ], [ 76.3826, 17.314 ], [ 76.385, 17.3238 ], [ 76.3964, 17.347 ], [ 76.4121, 17.3509 ], [ 76.4087, 17.3689 ], [ 76.4113, 17.3784 ] ] ] } },
{ "type": "Feature", "properties": { "area_id": "KGIS-T-0403", "name_en": "Gulbarga", "name_kn": "", "level": "block", "parent_id": "KGIS-D-04", "district_en": "Kalburgi", "lgd_code": null }, "geometry": { "type": "Polygon", "coordinates": [ [ [ 76.8202, 17.4911 ], [ 76.8235, 17.4846 ], [ 76.8449, 17.48 ], [ 76.8586, 17.4824 ], [ 76.8601, 17.4644 ], [ 76.8631, 17.4642 ], [ 76.863, 17.4619 ], [ 76.8749, 17.461 ], [ 76.901, 17.4676 ], [ 76.921, 17.4644 ], [ 76.93, 17.4651 ], [ 76.9394, 17.4701 ], [ 76.945, 17.4667 ], [ 76.9563, 17.465 ], [ 76.9624, 17.4658 ], [ 76.9676, 17.4702 ], [ 76.9718, 17.4685 ], [ 76.9785, 17.4576 ], [ 76.9795, 17.4495 ], [ 76.9979, 17.4451 ], [ 76.999, 17.44 ], [ 77.0055, 17.4357 ], [ 77.007, 17.4319 ], [ 77.0002, 17.4047 ], [ 76.9702, 17.4015 ], [ 76.9672, 17.3857 ], [ 76.9636, 17.3793 ], [ 76.9971, 17.3779 ], [ 77.0146, 17.381 ], [ 77.0313, 17.3755 ], [ 77.0363, 17.362 ], [ 77.0436, 17.3522 ], [ 77.0295, 17.3349 ], [ 77.0263, 17.3276 ], [ 77.0438, 17.3211 ], [ 77.0433, 17.3175 ], [ 77.0316, 17.3095 ], [ 77.0199, 17.306 ], [ 77.007, 17.317 ], [ 76.9987, 17.3195 ], [ 76.9881, 17.3177 ], [ 76.9867, 17.3116 ], [ 76.9886, 17.3007 ], [ 77.0002, 17.3 ], [ 77.0038, 17.289 ], [ 77.0023, 17.2798 ], [ 76.9984, 17.2768 ], [ 76.9845, 17.2779 ], [ 76.9808, 17.2752 ], [ 76.9797, 17.2691 ], [ 76.9725, 17.2666 ], [ 76.9715, 17.258 ], [ 76.9556, 17.2562 ], [ 76.9287, 17.2592 ], [ 76.9271, 17.2324 ], [ 76.9228, 17.2086 ], [ 76.9167, 17.208 ], [ 76.9144, 17.2184 ], [ 76.9059, 17.2183 ], [ 76.9037, 17.2352 ], [ 76.8737, 17.2414 ], [ 76.8735, 17.2481 ], [ 76.8647, 17.2452 ], [ 76.8571, 17.2311 ], [ 76.8561, 17.2221 ], [ 76.8517, 17.2209 ], [ 76.841, 17.2117 ], [ 76.8302, 17.1956 ], [ 76.8371, 17.1822 ], [ 76.8502, 17.1835 ], [ 76.8813, 17.1763 ], [ 76.8796, 17.1489 ], [ 76.8728, 17.1476 ], [ 76.8707, 17.1318 ], [ 76.87, 17.1233 ], [ 76.8747, 17.0978 ], [ 76.8693, 17.0981 ], [ 76.8639, 17.0761 ], [ 76.8484, 17.0615 ], [ 76.8426, 17.0481 ], [ 76.83, 17.0442 ], [ 76.8142, 17.0443 ], [ 76.7984, 17.0595 ], [ 76.7875, 17.0766 ], [ 76.7624, 17.0879 ], [ 76.7609, 17.0916 ], [ 76.7633, 17.0975 ], [ 76.7756, 17.1032 ], [ 76.7777, 17.139 ], [ 76.7741, 17.1576 ], [ 76.765, 17.1636 ], [ 76.7557, 17.1659 ], [ 76.7487, 17.165 ], [ 76.7406, 17.1582 ], [ 76.7012, 17.1005 ], [ 76.6997, 17.0925 ], [ 76.7031, 17.0785 ], [ 76.6967, 17.0602 ], [ 76.6884, 17.062 ], [ 76.6805, 17.0681 ], [ 76.662, 17.0904 ], [ 76.6067, 17.0807 ], [ 76.6055, 17.0876 ], [ 76.6102, 17.1133 ], [ 76.6028, 17.1152 ], [ 76.6063, 17.1294 ], [ 76.6124, 17.1405 ], [ 76.6123, 17.1545 ], [ 76.6375, 17.1528 ], [ 76.6412, 17.1714 ], [ 76.6395, 17.1881 ], [ 76.6535, 17.1885 ], [ 76.654, 17.1909 ], [ 76.6762, 17.1832 ], [ 76.6865, 17.1832 ], [ 76.6872, 17.1989 ], [ 76.6716, 17.2053 ], [ 76.671, 17.2297 ], [ 76.674, 17.2355 ], [ 76.6851, 17.2338 ], [ 76.6939, 17.2357 ], [ 76.7049, 17.2328 ], [ 76.7076, 17.2418 ], [ 76.7096, 17.27 ], [ 76.6937, 17.2721 ], [ 76.6945, 17.2874 ], [ 76.6799, 17.288 ], [ 76.6771, 17.2857 ], [ 76.6686, 17.2874 ], [ 76.6685, 17.2795 ], [ 76.6664, 17.2791 ], [ 76.6532, 17.2798 ], [ 76.6465, 17.2775 ], [ 76.639, 17.2791 ], [ 76.6292, 17.3079 ], [ 76.6326, 17.3145 ], [ 76.6383, 17.317 ], [ 76.6394, 17.3221 ], [ 76.6464, 17.3284 ], [ 76.649, 17.3267 ], [ 76.6531, 17.3324 ], [ 76.6561, 17.3324 ], [ 76.663, 17.3498 ], [ 76.6641, 17.3613 ], [ 76.6604, 17.3614 ], [ 76.6612, 17.3713 ], [ 76.6577, 17.3711 ], [ 76.658, 17.3759 ], [ 76.6681, 17.3757 ], [ 76.6983, 17.3897 ], [ 76.6985, 17.4011 ], [ 76.6912, 17.4056 ], [ 76.6922, 17.4091 ], [ 76.6858, 17.4111 ], [ 76.6817, 17.4243 ], [ 76.6785, 17.4252 ], [ 76.6801, 17.4331 ], [ 76.6945, 17.4448 ], [ 76.7063, 17.4291 ], [ 76.7229, 17.4265 ], [ 76.7285, 17.4345 ], [ 76.74, 17.4368 ], [ 76.7333, 17.4498 ], [ 76.7585, 17.4513 ], [ 76.7533, 17.4588 ], [ 76.7514, 17.4668 ], [ 76.7718, 17.4737 ], [ 76.7739, 17.4846 ], [ 76.7909, 17.4852 ], [ 76.8202, 17.4911 ] ] ] } },
{ "type": "Feature", "properties": { "area_id": "KGIS-T-0404", "name_en": "Chincholi", "name_kn": "ಚಿಂಚೋಳಿ", "level": "block", "parent_id": "KGIS-D-04", "district_en": "Kalburgi", "lgd_code": "5583" }, "geometry": { "type": "Polygon", "coordinates": [ [ [ 77.1488, 17.6323 ], [ 77.155, 17.6284 ], [ 77.1713, 17.6271 ], [ 77.1702, 17.6218 ], [ 77.173, 17.6242 ], [ 77.1825, 17.6183 ], [ 77.1939, 17.6152 ], [ 77.1956, 17.6287 ], [ 77.1986, 17.6319 ], [ 77.2064, 17.6264 ], [ 77.2101, 17.6291 ], [ 77.22, 17.6289 ], [ 77.2217, 17.6315 ], [ 77.2282, 17.6299 ], [ 77.231, 17.632 ], [ 77.2333, 17.63 ], [ 77.2443, 17.6296 ], [ 77.2584, 17.6231 ], [ 77.2749, 17.6272 ], [ 77.2795, 17.6177 ], [ 77.284, 17.619 ], [ 77.2868, 17.617 ], [ 77.2851, 17.6149 ], [ 77.2912, 17.611 ], [ 77.296, 17.6141 ], [ 77.2944, 17.6085 ], [ 77.2989, 17.6064 ], [ 77.2976, 17.6032 ], [ 77.3003, 17.598 ], [ 77.3045, 17.5984 ], [ 77.3132, 17.5942 ], [ 77.3432, 17.588 ], [ 77.3497, 17.5992 ], [ 77.3577, 17.601 ], [ 77.3771, 17.5943 ], [ 77.3786, 17.5835 ], [ 77.4083, 17.583 ], [ 77.4283, 17.5873 ], [ 77.4599, 17.5806 ], [ 77.4676, 17.5778 ], [ 77.4729, 17.5728 ], [ 77.4766, 17.5733 ], [ 77.4778, 17.5693 ], [ 77.493, 17.5681 ], [ 77.4922, 17.5628 ], [ 77.499, 17.552 ], [ 77.5002, 17.5432 ], [ 77.5127, 17.5445 ], [ 77.5237, 17.5626 ], [ 77.5259, 17.5734 ], [ 77.5325, 17.577 ], [ 77.5363, 17.5771 ], [ 77.5427, 17.5714 ], [ 77.5477, 17.5616 ], [ 77.5492, 17.5506 ], [ 77.5559, 17.5554 ], [ 77.5621, 17.5525 ], [ 77.5684, 17.5572 ], [ 77.5883, 17.5599 ], [ 77.5885, 17.5652 ], [ 77.592, 17.5651 ], [ 77.594, 17.5643 ], [ 77.5969, 17.5535 ], [ 77.5956, 17.5359 ], [ 77.6033, 17.536 ], [ 77.6095, 17.5326 ], [ 77.6126, 17.5348 ], [ 77.6195, 17.5292 ], [ 77.635, 17.5331 ], [ 77.6393, 17.524 ], [ 77.663, 17.5231 ], [ 77.6678, 17.5138 ], [ 77.6756, 17.5072 ], [ 77.6783, 17.5063 ], [ 77.6745, 17.5101 ], [ 77.6831, 17.5072 ], [ 77.6879, 17.5126 ], [ 77.6921, 17.4962 ], [ 77.6879, 17.4908 ], [ 77.689, 17.4844 ], [ 77.683, 17.4743 ], [ 77.6585, 17.4805 ], [ 77.6522, 17.4843 ], [ 77.6554, 17.5052 ], [ 77.6485, 17.4965 ], [ 77.6442, 17.4778 ], [ 77.6387, 17.4735 ], [ 77.6168, 17.4741 ], [ 77.6135, 17.4721 ], [ 77.6116, 17.4666 ], [ 77.6137, 17.4667 ], [ 77.6146, 17.4597 ], [ 77.6144, 17.4463 ], [ 77.6029, 17.4445 ], [ 77.5851, 17.4547 ], [ 77.5788, 17.4558 ], [ 77.5791, 17.4582 ], [ 77.5749, 17.4443 ], [ 77.5765, 17.4305 ], [ 77.56, 17.4319 ], [ 77.5384, 17.4413 ], [ 77.5369, 17.4456 ], [ 77.5323, 17.445 ], [ 77.5175, 17.4323 ], [ 77.5143, 17.4357 ], [ 77.5156, 17.4191 ], [ 77.5105, 17.414 ], [ 77.5132, 17.4155 ], [ 77.5403, 17.4076 ], [ 77.5235, 17.388 ], [ 77.5273, 17.381 ], [ 77.5325, 17.381 ], [ 77.5297, 17.371 ], [ 77.5242, 17.3641 ], [ 77.5055, 17.3585 ], [ 77.5033, 17.3552 ], [ 77.4886, 17.3587 ], [ 77.4835, 17.3549 ], [ 77.4747, 17.3616 ], [ 77.4793, 17.3705 ], [ 77.4529, 17.3738 ], [ 77.4514, 17.3527 ], [ 77.4568, 17.3492 ], [ 77.4567, 17.3233 ], [ 77.4515, 17.3233 ], [ 77.4522, 17.3177 ], [ 77.4481, 17.3067 ], [ 77.4458, 17.307 ], [ 77.4431, 17.3006 ], [ 77.4403, 17.3005 ], [ 77.4373, 17.2924 ], [ 77.4549, 17.2881 ], [ 77.459, 17.2795 ], [ 77.4544, 17.2764 ], [ 77.4525, 17.2701 ], [ 77.4447, 17.2707 ], [ 77.4366, 17.26 ], [ 77.4261, 17.2559 ], [ 77.421, 17.2449 ], [ 77.4207, 17.2367 ], [ 77.4115, 17.2369 ], [ 77.4078, 17.2397 ], [ 77.4052, 17.2356 ], [ 77.3852, 17.224 ], [ 77.3814, 17.2512 ], [ 77.3686, 17.255 ], [ 77.3657, 17.2454 ], [ 77.3413, 17.242 ], [ 77.3399, 17.2475 ], [ 77.3363, 17.2476 ], [ 77.3333, 17.2585 ], [ 77.3242, 17.2598 ], [ 77.3167, 17.254 ], [ 77.3044, 17.2567 ], [ 77.2797, 17.2556 ], [ 77.268, 17.2611 ], [ 77.2611, 17.2886 ], [ 77.261, 17.3017 ], [ 77.265, 17.3142 ], [ 77.2621, 17.3534 ], [ 77.269, 17.359 ], [ 77.2742, 17.3681 ], [ 77.2849, 17.3719 ], [ 77.2916, 17.3962 ], [ 77.2893, 17.3974 ], [ 77.2849, 17.4102 ], [ 77.2772, 17.4102 ], [ 77.2791, 17.4161 ], [ 77.2841, 17.4202 ], [ 77.2804, 17.4385 ], [ 77.2851, 17.4433 ], [ 77.2798, 17.4449 ], [ 77.2779, 17.468 ], [ 77.2743, 17.4713 ], [ 77.2623, 17.4745 ], [ 77.2704, 17.4927 ], [ 77.2529, 17.4895 ], [ 77.2323, 17.4945 ], [ 77.2375, 17.5039 ], [ 77.2373, 17.5113 ], [ 77.2071, 17.5086 ], [ 77.2045, 17.5068 ], [ 77.1996, 17.4887 ], [ 77.1795, 17.4843 ], [ 77.1757, 17.4811 ], [ 77.1723, 17.4819 ], [ 77.1686, 17.4726 ], [ 77.1605, 17.4688 ], [ 77.1538, 17.4592 ], [ 77.1458, 17.4554 ], [ 77.1463, 17.4593 ], [ 77.1519, 17.4639 ], [ 77.1522, 17.4716 ], [ 77.1551, 17.4749 ], [ 77.1501, 17.4739 ], [ 77.1481, 17.481 ], [ 77.1562, 17.4905 ], [ 77.1519, 17.492 ], [ 77.145, 17.501 ], [ 77.148, 17.5146 ], [ 77.1466, 17.517 ], [ 77.1579, 17.523 ], [ 77.1607, 17.5321 ], [ 77.1695, 17.5415 ], [ 77.1693, 17.5459 ], [ 77.1613, 17.5486 ], [ 77.1621, 17.5529 ], [ 77.1574, 17.5668 ], [ 77.1709, 17.577 ], [ 77.1595, 17.5773 ], [ 77.1604, 17.5847 ], [ 77.1551, 17.5848 ], [ 77.1496, 17.5912 ], [ 77.1416, 17.5944 ], [ 77.1426, 17.6031 ], [ 77.1343, 17.6029 ], [ 77.1376, 17.624 ], [ 77.1432, 17.6259 ], [ 77.1448, 17.632 ], [ 77.1488, 17.6323 ] ] ] } },
{ "type": "Feature", "properties": { "area_id": "KGIS-T-0405", "name_en": "Sedam", "name_kn": "ಸೇಡಂ", "level": "block", "parent_id": "KGIS-D-04", "district_en": "Kalburgi", "lgd_code": "5584" }, "geometry": { "type": "Polygon", "coordinates": [ [ [ 77.1985, 17.2659 ], [ 77.2009, 17.2544 ], [ 77.2258, 17.2512 ], [ 77.2276, 17.2463 ], [ 77.235, 17.246 ], [ 77.2349, 17.2486 ], [ 77.2566, 17.2487 ], [ 77.2593, 17.2631 ], [ 77.2797, 17.2556 ], [ 77.3044, 17.2567 ], [ 77.3167, 17.254 ], [ 77.3242, 17.2598 ], [ 77.3333, 17.2585 ], [ 77.3363, 17.2476 ], [ 77.3399, 17.2475 ], [ 77.3413, 17.242 ], [ 77.3657, 17.2454 ], [ 77.3686, 17.255 ], [ 77.3822, 17.2504 ], [ 77.3851, 17.2241 ], [ 77.3802, 17.2211 ], [ 77.3894, 17.2151 ], [ 77.4021, 17.214 ], [ 77.4021, 17.2105 ], [ 77.3985, 17.2102 ], [ 77.3967, 17.2074 ], [ 77.3939, 17.1941 ], [ 77.3823, 17.1971 ], [ 77.3716, 17.1958 ], [ 77.3736, 17.1937 ], [ 77.3691, 17.1869 ], [ 77.3712, 17.1827 ], [ 77.3696, 17.1764 ], [ 77.3653, 17.1715 ], [ 77.3669, 17.1689 ], [ 77.3616, 17.164 ], [ 77.3643, 17.1588 ], [ 77.3674, 17.1592 ], [ 77.3661, 17.1549 ], [ 77.38, 17.1521 ], [ 77.3782, 17.1401 ], [ 77.4047, 17.1355 ], [ 77.4074, 17.126 ], [ 77.4312, 17.1188 ], [ 77.4436, 17.1235 ], [ 77.4596, 17.1146 ], [ 77.4647, 17.1066 ], [ 77.4614, 17.0914 ], [ 77.4648, 17.0909 ], [ 77.4754, 17.0803 ], [ 77.4826, 17.08 ], [ 77.4809, 17.0749 ], [ 77.4791, 17.075 ], [ 77.4837, 17.0589 ], [ 77.4909, 17.0501 ], [ 77.4897, 17.0471 ], [ 77.4976, 17.0439 ], [ 77.4958, 17.0294 ], [ 77.5031, 17.014 ], [ 77.5023, 17.0098 ], [ 77.498, 17.0096 ], [ 77.4929, 17.0043 ], [ 77.4869, 17.0034 ], [ 77.4809, 16.9979 ], [ 77.4791, 16.9946 ], [ 77.4828, 16.99 ], [ 77.482, 16.9728 ], [ 77.473, 16.9578 ], [ 77.466, 16.9589 ], [ 77.465, 16.9571 ], [ 77.4667, 16.9504 ], [ 77.465, 16.9442 ], [ 77.4681, 16.9398 ], [ 77.4648, 16.9294 ], [ 77.4692, 16.928 ], [ 77.4696, 16.9216 ], [ 77.4665, 16.9153 ], [ 77.4591, 16.9175 ], [ 77.4585, 16.9151 ], [ 77.4538, 16.9143 ], [ 77.4543, 16.9105 ], [ 77.4579, 16.9089 ], [ 77.456, 16.9001 ], [ 77.459, 16.8949 ], [ 77.4558, 16.8855 ], [ 77.4246, 16.8851 ], [ 77.4182, 16.882 ], [ 77.4157, 16.877 ], [ 77.4097, 16.8735 ], [ 77.4092, 16.8786 ], [ 77.4014, 16.8822 ], [ 77.4044, 16.8951 ], [ 77.3998, 16.8962 ], [ 77.3996, 16.8989 ], [ 77.4046, 16.8969 ], [ 77.406, 16.9018 ], [ 77.4041, 16.9003 ], [ 77.396, 16.9037 ], [ 77.3885, 16.8912 ], [ 77.3873, 16.8979 ], [ 77.3845, 16.8983 ], [ 77.383, 16.8945 ], [ 77.3801, 16.8964 ], [ 77.3762, 16.8951 ], [ 77.3761, 16.8981 ], [ 77.3703, 16.8979 ], [ 77.3662, 16.9042 ], [ 77.3504, 16.9077 ], [ 77.3411, 16.9346 ], [ 77.34, 16.9313 ], [ 77.3361, 16.9305 ], [ 77.3203, 16.9363 ], [ 77.3112, 16.9277 ], [ 77.2939, 16.933 ], [ 77.2895, 16.9374 ], [ 77.2733, 16.9282 ], [ 77.2657, 16.9298 ], [ 77.2621, 16.928 ], [ 77.2502, 16.9337 ], [ 77.2462, 16.9324 ], [ 77.245, 16.9395 ], [ 77.2422, 16.9421 ], [ 77.2316, 16.9381 ], [ 77.2314, 16.943 ], [ 77.2268, 16.9405 ], [ 77.2116, 16.9444 ], [ 77.2189, 16.9507 ], [ 77.2199, 16.9561 ], [ 77.217, 16.9666 ], [ 77.2102, 16.9674 ], [ 77.2071, 16.9851 ], [ 77.2281, 16.9912 ], [ 77.2283, 16.9943 ], [ 77.2184, 17.0202 ], [ 77.2195, 17.0272 ], [ 77.2126, 17.0272 ], [ 77.2132, 17.032 ], [ 77.21, 17.0376 ], [ 77.1994, 17.0424 ], [ 77.1963, 17.0499 ], [ 77.192, 17.051 ], [ 77.1914, 17.0726 ], [ 77.2051, 17.0909 ], [ 77.2067, 17.1097 ], [ 77.1956, 17.1097 ], [ 77.1944, 17.1235 ], [ 77.1724, 17.1228 ], [ 77.1721, 17.1194 ], [ 77.1635, 17.1211 ], [ 77.1649, 17.1176 ], [ 77.1515, 17.1185 ], [ 77.1515, 17.1204 ], [ 77.1556, 17.1202 ], [ 77.1539, 17.1279 ], [ 77.1564, 17.1283 ], [ 77.1579, 17.1361 ], [ 77.1548, 17.1447 ], [ 77.1517, 17.1453 ], [ 77.1516, 17.1515 ], [ 77.1313, 17.1549 ], [ 77.1296, 17.1616 ], [ 77.1264, 17.1642 ], [ 77.1182, 17.1606 ], [ 77.1149, 17.1704 ], [ 77.1102, 17.17 ], [ 77.108, 17.1756 ], [ 77.129, 17.1829 ], [ 77.1264, 17.1913 ], [ 77.1265, 17.2054 ], [ 77.1513, 17.2084 ], [ 77.1503, 17.2156 ], [ 77.1535, 17.2155 ], [ 77.1535, 17.236 ], [ 77.1747, 17.2372 ], [ 77.1815, 17.2492 ], [ 77.1845, 17.2631 ], [ 77.1985, 17.2659 ] ] ] } },
{ "type": "Feature", "properties": { "area_id": "KGIS-T-0406", "name_en": "Chittapur", "name_kn": "", "level": "block", "parent_id": "KGIS-D-04", "district_en": "Kalburgi", "lgd_code": "5585" }, "geometry": { "type": "Polygon", "coordinates": [ [ [ 77.0058, 17.317 ], [ 77.0199, 17.306 ], [ 77.0316, 17.3095 ], [ 77.0443, 17.3173 ], [ 77.0543, 17.31 ], [ 77.0523, 17.2982 ], [ 77.0538, 17.2963 ], [ 77.0625, 17.2945 ], [ 77.0611, 17.2887 ], [ 77.0729, 17.2866 ], [ 77.0773, 17.2821 ], [ 77.0781, 17.2856 ], [ 77.0919, 17.2915 ], [ 77.0975, 17.2873 ], [ 77.1008, 17.2811 ], [ 77.0996, 17.2608 ], [ 77.1052, 17.2452 ], [ 77.1261, 17.2453 ], [ 77.1338, 17.243 ], [ 77.1366, 17.2398 ], [ 77.1356, 17.2341 ], [ 77.1534, 17.2358 ], [ 77.1535, 17.2155 ], [ 77.1503, 17.2156 ], [ 77.1513, 17.2084 ], [ 77.1265, 17.2054 ], [ 77.1264, 17.1913 ], [ 77.129, 17.1829 ], [ 77.108, 17.1756 ], [ 77.1102, 17.17 ], [ 77.1149, 17.1704 ], [ 77.1182, 17.1606 ], [ 77.1264, 17.1642 ], [ 77.1296, 17.1616 ], [ 77.1313, 17.1549 ], [ 77.1516, 17.1515 ], [ 77.1517, 17.1453 ], [ 77.1548, 17.1447 ], [ 77.1579, 17.1361 ], [ 77.1564, 17.1283 ], [ 77.1539, 17.1279 ], [ 77.1556, 17.1202 ], [ 77.1515, 17.1204 ], [ 77.1515, 17.1185 ], [ 77.1649, 17.1176 ], [ 77.1635, 17.1211 ], [ 77.1721, 17.1194 ], [ 77.1724, 17.1228 ], [ 77.1944, 17.1235 ], [ 77.1956, 17.1097 ], [ 77.2067, 17.1097 ], [ 77.2051, 17.0909 ], [ 77.1914, 17.0726 ], [ 77.192, 17.051 ], [ 77.1963, 17.0499 ], [ 77.1994, 17.0424 ], [ 77.21, 17.0376 ], [ 77.2132, 17.032 ], [ 77.2126, 17.0272 ], [ 77.2195, 17.0272 ], [ 77.2184, 17.0202 ], [ 77.2245, 17.0081 ], [ 77.2281, 16.9912 ], [ 77.2071, 16.9851 ], [ 77.2102, 16.9674 ], [ 77.217, 16.9666 ], [ 77.2199, 16.9561 ], [ 77.2189, 16.9507 ], [ 77.2128, 16.947 ], [ 77.2078, 16.9376 ], [ 77.2009, 16.9359 ], [ 77.1968, 16.9306 ], [ 77.1919, 16.9289 ], [ 77.1847, 16.9354 ], [ 77.1496, 16.9263 ], [ 77.1262, 16.9176 ], [ 77.128, 16.9175 ], [ 77.1202, 16.9099 ], [ 77.106, 16.9024 ], [ 77.0931, 16.9055 ], [ 77.0879, 16.9204 ], [ 77.0872, 16.9318 ], [ 77.0823, 16.9407 ], [ 77.073, 16.9372 ], [ 77.0723, 16.9319 ], [ 77.0686, 16.9323 ], [ 77.0706, 16.9533 ], [ 77.0639, 16.9538 ], [ 77.0649, 16.9514 ], [ 77.0457, 16.9323 ], [ 77.0412, 16.923 ], [ 77.0243, 16.9247 ], [ 77.0199, 16.9275 ], [ 77.0176, 16.899 ], [ 77.0333, 16.8931 ], [ 77.0333, 16.8847 ], [ 77.0416, 16.8827 ], [ 77.0434, 16.8716 ], [ 77.0419, 16.8684 ], [ 77.0207, 16.8685 ], [ 77.0075, 16.8578 ], [ 77.0003, 16.86 ], [ 76.9796, 16.8596 ], [ 76.9788, 16.8544 ], [ 76.9833, 16.8398 ], [ 76.9953, 16.8375 ], [ 76.9905, 16.8119 ], [ 76.9803, 16.8092 ], [ 76.9491, 16.8293 ], [ 76.9286, 16.8319 ], [ 76.9242, 16.8297 ], [ 76.9193, 16.8182 ], [ 76.912, 16.8164 ], [ 76.9069, 16.8222 ], [ 76.9035, 16.8332 ], [ 76.9028, 16.8559 ], [ 76.9157, 16.8617 ], [ 76.9274, 16.8796 ], [ 76.9346, 16.8831 ], [ 76.9502, 16.885 ], [ 76.9527, 16.891 ], [ 76.9374, 16.9288 ], [ 76.9306, 16.9549 ], [ 76.9307, 16.9636 ], [ 76.9394, 16.9808 ], [ 76.939, 16.9878 ], [ 76.9341, 16.9972 ], [ 76.9158, 17.0093 ], [ 76.9133, 17.0159 ], [ 76.9262, 17.0391 ], [ 76.9188, 17.0441 ], [ 76.9062, 17.0435 ], [ 76.9053, 17.0502 ], [ 76.9111, 17.0553 ], [ 76.9321, 17.0592 ], [ 76.9456, 17.0752 ], [ 76.9505, 17.0957 ], [ 76.9585, 17.1124 ], [ 76.9672, 17.1413 ], [ 76.9615, 17.1498 ], [ 76.9624, 17.1543 ], [ 76.9783, 17.161 ], [ 76.9962, 17.1635 ], [ 77.0066, 17.1714 ], [ 77.0067, 17.174 ], [ 77.0021, 17.1933 ], [ 76.9789, 17.1976 ], [ 76.9745, 17.2024 ], [ 76.9733, 17.2199 ], [ 76.9512, 17.2193 ], [ 76.9499, 17.2063 ], [ 76.9227, 17.2084 ], [ 76.9271, 17.2324 ], [ 76.9287, 17.2592 ], [ 76.9556, 17.2562 ], [ 76.9715, 17.258 ], [ 76.9725, 17.2666 ], [ 76.9797, 17.2691 ], [ 76.9808, 17.2752 ], [ 76.9845, 17.2779 ], [ 76.9984, 17.2768 ], [ 77.0023, 17.2798 ], [ 77.0038, 17.289 ], [ 77.0021, 17.2945 ], [ 77.0002, 17.3 ], [ 76.9886, 17.3007 ], [ 76.9867, 17.3116 ], [ 76.9881, 17.3177 ], [ 76.9987, 17.3195 ], [ 77.0058, 17.317 ] ] ] } },
{ "type": "Feature", "properties": { "area_id": "KGIS-T-0407", "name_en": "Jevargi", "name_kn": "ಜೇವರ್ಗಿ", "level": "block", "parent_id": "KGIS-D-04", "district_en": "Kalburgi", "lgd_code": "5586" }, "geometry": { "type": "MultiPolygon", "coordinates": [ [ [ [ 76.7285, 16.7716 ], [ 76.7402, 16.7699 ], [ 76.7388, 16.7517 ], [ 76.7238, 16.7526 ], [ 76.7285, 16.7716 ] ] ], [ [ [ 76.7219, 16.789 ], [ 76.7247, 16.7853 ], [ 76.719, 16.7779 ], [ 76.709, 16.7805 ], [ 76.7092, 16.7926 ], [ 76.7219, 16.789 ] ] ], [ [ [ 76.5767, 17.1714 ], [ 76.5685, 17.1624 ], [ 76.5639, 17.145 ], [ 76.5544, 17.1307 ], [ 76.5458, 17.1261 ], [ 76.5326, 17.1275 ], [ 76.5254, 17.1257 ], [ 76.5197, 17.1216 ], [ 76.509, 17.1016 ], [ 76.5113, 17.092 ], [ 76.5194, 17.0889 ], [ 76.5294, 17.0951 ], [ 76.5595, 17.1001 ], [ 76.5715, 17.1085 ], [ 76.5829, 17.1019 ], [ 76.5862, 17.0959 ], [ 76.5839, 17.0842 ], [ 76.5603, 17.0705 ], [ 76.5592, 17.0644 ], [ 76.561, 17.0609 ], [ 76.5809, 17.0659 ], [ 76.6026, 17.0595 ], [ 76.6059, 17.0665 ], [ 76.6069, 17.081 ], [ 76.6583, 17.0906 ], [ 76.662, 17.0904 ], [ 76.6805, 17.0681 ], [ 76.6884, 17.062 ], [ 76.6967, 17.0602 ], [ 76.7031, 17.0785 ], [ 76.6997, 17.0925 ], [ 76.7012, 17.1005 ], [ 76.7373, 17.1539 ], [ 76.7487, 17.165 ], [ 76.7557, 17.1659 ], [ 76.7695, 17.1614 ], [ 76.776, 17.1544 ], [ 76.7777, 17.139 ], [ 76.7762, 17.1058 ], [ 76.7704, 17.0995 ], [ 76.7633, 17.0975 ], [ 76.7609, 17.0916 ], [ 76.766, 17.0849 ], [ 76.7898, 17.0745 ], [ 76.7984, 17.0595 ], [ 76.8089, 17.0512 ], [ 76.8119, 17.0455 ], [ 76.8263, 17.0439 ], [ 76.8388, 17.0462 ], [ 76.8445, 17.0505 ], [ 76.8484, 17.0615 ], [ 76.8541, 17.0651 ], [ 76.858, 17.0637 ], [ 76.871, 17.048 ], [ 76.8856, 17.0421 ], [ 76.9147, 17.0449 ], [ 76.9251, 17.041 ], [ 76.9253, 17.0351 ], [ 76.9139, 17.02 ], [ 76.9133, 17.0159 ], [ 76.9158, 17.0093 ], [ 76.9341, 16.9972 ], [ 76.939, 16.9878 ], [ 76.9394, 16.9808 ], [ 76.9307, 16.9636 ], [ 76.9306, 16.9549 ], [ 76.9374, 16.9288 ], [ 76.9522, 16.8936 ], [ 76.9521, 16.8865 ], [ 76.9301, 16.8813 ], [ 76.921, 16.8702 ], [ 76.9133, 16.8754 ], [ 76.902, 16.8786 ], [ 76.9024, 16.8935 ], [ 76.8705, 16.8965 ], [ 76.8707, 16.8931 ], [ 76.8567, 16.8921 ], [ 76.8543, 16.8779 ], [ 76.8487, 16.8751 ], [ 76.8457, 16.8684 ], [ 76.835, 16.8675 ], [ 76.8281, 16.8703 ], [ 76.8288, 16.873 ], [ 76.8169, 16.874 ], [ 76.8113, 16.8557 ], [ 76.8021, 16.8492 ], [ 76.7913, 16.8501 ], [ 76.7891, 16.8375 ], [ 76.759, 16.8453 ], [ 76.7535, 16.8381 ], [ 76.7583, 16.8314 ], [ 76.754, 16.822 ], [ 76.7568, 16.817 ], [ 76.7547, 16.8145 ], [ 76.7326, 16.8198 ], [ 76.7353, 16.8313 ], [ 76.7165, 16.8345 ], [ 76.7144, 16.8365 ], [ 76.7148, 16.8456 ], [ 76.7176, 16.8499 ], [ 76.7236, 16.8538 ], [ 76.7324, 16.8554 ], [ 76.7329, 16.8673 ], [ 76.7329, 16.872 ], [ 76.7142, 16.8729 ], [ 76.7141, 16.8845 ], [ 76.7258, 16.9095 ], [ 76.7277, 16.9216 ], [ 76.7202, 16.9377 ], [ 76.7163, 16.9404 ], [ 76.6957, 16.9454 ], [ 76.6731, 16.9414 ], [ 76.6687, 16.9548 ], [ 76.657, 16.9541 ], [ 76.6563, 16.9595 ], [ 76.6433, 16.958 ], [ 76.6259, 16.9617 ], [ 76.6091, 16.9552 ], [ 76.588, 16.9522 ], [ 76.5763, 16.954 ], [ 76.5597, 16.9642 ], [ 76.5459, 16.9603 ], [ 76.5259, 16.9679 ], [ 76.5203, 16.9575 ], [ 76.5045, 16.9628 ], [ 76.4948, 16.9625 ], [ 76.4955, 16.9802 ], [ 76.4799, 16.9881 ], [ 76.478, 16.9966 ], [ 76.4705, 17.0011 ], [ 76.4619, 16.9921 ], [ 76.4569, 16.9933 ], [ 76.454, 16.9914 ], [ 76.4527, 16.9779 ], [ 76.4581, 16.9679 ], [ 76.4634, 16.965 ], [ 76.4516, 16.9415 ], [ 76.4476, 16.9402 ], [ 76.434, 16.9435 ], [ 76.428, 16.9272 ], [ 76.4181, 16.9279 ], [ 76.3993, 16.9353 ], [ 76.4024, 16.9433 ], [ 76.4006, 16.9773 ], [ 76.4245, 16.9784 ], [ 76.4368, 16.9818 ], [ 76.4411, 16.9991 ], [ 76.4333, 17.0245 ], [ 76.4378, 17.0269 ], [ 76.4312, 17.0296 ], [ 76.4272, 17.0534 ], [ 76.4309, 17.0531 ], [ 76.4318, 17.0583 ], [ 76.4297, 17.0989 ], [ 76.422, 17.1111 ], [ 76.4202, 17.1202 ], [ 76.4251, 17.1229 ], [ 76.4472, 17.1249 ], [ 76.4522, 17.1279 ], [ 76.4527, 17.1325 ], [ 76.4475, 17.1435 ], [ 76.4501, 17.1476 ], [ 76.4662, 17.1473 ], [ 76.4867, 17.1381 ], [ 76.4946, 17.1394 ], [ 76.5145, 17.1611 ], [ 76.5161, 17.173 ], [ 76.5213, 17.1771 ], [ 76.5418, 17.1751 ], [ 76.5482, 17.1842 ], [ 76.5527, 17.1861 ], [ 76.5742, 17.179 ], [ 76.5777, 17.176 ], [ 76.5767, 17.1714 ] ] ] ] } },
{ "type": "Feature", "properties": { "area_id": "KGIS-T-0411", "name_en": "Kalagi", "name_kn": "ಕಾಳಗಿ", "level": "block", "parent_id": "KGIS-D-04", "district_en": "Kalburgi", "lgd_code": null }, "geometry": { "type": "Polygon", "coordinates": [ [ [ 77.0986, 17.5399 ], [ 77.0928, 17.5101 ], [ 77.1081, 17.5114 ], [ 77.1273, 17.5297 ], [ 77.143, 17.515 ], [ 77.1466, 17.517 ], [ 77.148, 17.5146 ], [ 77.145, 17.501 ], [ 77.1519, 17.492 ], [ 77.1562, 17.4905 ], [ 77.1481, 17.481 ], [ 77.1501, 17.4739 ], [ 77.1551, 17.4749 ], [ 77.1522, 17.4716 ], [ 77.1519, 17.4639 ], [ 77.1463, 17.4593 ], [ 77.1458, 17.4554 ], [ 77.1538, 17.4592 ], [ 77.1605, 17.4688 ], [ 77.1686, 17.4726 ], [ 77.1723, 17.4819 ], [ 77.1757, 17.4811 ], [ 77.1795, 17.4843 ], [ 77.1996, 17.4887 ], [ 77.2045, 17.5068 ], [ 77.211, 17.5097 ], [ 77.2373, 17.5113 ], [ 77.2375, 17.5039 ], [ 77.2323, 17.4945 ], [ 77.2529, 17.4895 ], [ 77.2711, 17.4918 ], [ 77.2623, 17.4745 ], [ 77.2743, 17.4713 ], [ 77.2779, 17.468 ], [ 77.2798, 17.4449 ], [ 77.2851, 17.4433 ], [ 77.2804, 17.4385 ], [ 77.2841, 17.4202 ], [ 77.2791, 17.4161 ], [ 77.2772, 17.4102 ], [ 77.2849, 17.4102 ], [ 77.2893, 17.3974 ], [ 77.2916, 17.3962 ], [ 77.2849, 17.3719 ], [ 77.2742, 17.3681 ], [ 77.269, 17.359 ], [ 77.2621, 17.3536 ], [ 77.265, 17.3142 ], [ 77.261, 17.3017 ], [ 77.2611, 17.2886 ], [ 77.268, 17.2611 ], [ 77.2593, 17.2631 ], [ 77.2566, 17.2487 ], [ 77.2349, 17.2486 ], [ 77.235, 17.246 ], [ 77.2272, 17.2463 ], [ 77.2258, 17.2512 ], [ 77.2009, 17.2544 ], [ 77.1985, 17.2659 ], [ 77.1845, 17.2631 ], [ 77.1815, 17.2492 ], [ 77.1747, 17.2372 ], [ 77.162, 17.2379 ], [ 77.1363, 17.234 ], [ 77.1349, 17.2361 ], [ 77.1366, 17.2398 ], [ 77.1338, 17.243 ], [ 77.1261, 17.2453 ], [ 77.1052, 17.2452 ], [ 77.1024, 17.2549 ], [ 77.1003, 17.2547 ], [ 77.1012, 17.2787 ], [ 77.0975, 17.2873 ], [ 77.0919, 17.2915 ], [ 77.0879, 17.291 ], [ 77.0781, 17.2856 ], [ 77.0773, 17.2821 ], [ 77.0729, 17.2866 ], [ 77.0636, 17.2873 ], [ 77.0611, 17.2887 ], [ 77.0625, 17.2945 ], [ 77.0525, 17.2976 ], [ 77.0547, 17.3057 ], [ 77.0529, 17.3121 ], [ 77.0431, 17.3173 ], [ 77.0438, 17.3211 ], [ 77.0263, 17.3276 ], [ 77.0295, 17.3349 ], [ 77.0436, 17.3522 ], [ 77.0363, 17.362 ], [ 77.0313, 17.3755 ], [ 77.0146, 17.381 ], [ 76.9971, 17.3779 ], [ 76.9636, 17.3793 ], [ 76.9672, 17.3857 ], [ 76.9702, 17.4015 ], [ 77.0002, 17.4047 ], [ 77.007, 17.4335 ], [ 76.999, 17.44 ], [ 76.9988, 17.4503 ], [ 77.0003, 17.4533 ], [ 77.0155, 17.4559 ], [ 77.0196, 17.4666 ], [ 77.0343, 17.4772 ], [ 77.0443, 17.4815 ], [ 77.0466, 17.4899 ], [ 77.0459, 17.5075 ], [ 77.0505, 17.5064 ], [ 77.0636, 17.5136 ], [ 77.0782, 17.5316 ], [ 77.0835, 17.5447 ], [ 77.0986, 17.5399 ] ] ] } },
{ "type": "Feature", "properties": { "area_id": "KGIS-T-0412", "name_en": "Kamalapura", "name_kn": "ಕಮಲಾಪುರ", "level": "block", "parent_id": "KGIS-D-04", "district_en": "Kalburgi", "lgd_code": null }, "geometry": { "type": "Polygon", "coordinates": [ [ [ 76.9805, 17.6976 ], [ 77.0006, 17.6955 ], [ 77.0066, 17.6877 ], [ 77.0138, 17.685 ], [ 77.0181, 17.6794 ], [ 77.0333, 17.6823 ], [ 77.0349, 17.6718 ], [ 77.0393, 17.6717 ], [ 77.041, 17.6676 ], [ 77.058, 17.6734 ], [ 77.0734, 17.6618 ], [ 77.0808, 17.6622 ], [ 77.0852, 17.6589 ], [ 77.0894, 17.6687 ], [ 77.1043, 17.6686 ], [ 77.1063, 17.6733 ], [ 77.1146, 17.6779 ], [ 77.1177, 17.686 ], [ 77.1269, 17.6863 ], [ 77.1282, 17.6818 ], [ 77.1327, 17.6822 ], [ 77.1319, 17.6611 ], [ 77.1449, 17.6556 ], [ 77.1434, 17.6468 ], [ 77.1497, 17.6425 ], [ 77.1513, 17.6372 ], [ 77.1498, 17.632 ], [ 77.1448, 17.632 ], [ 77.1432, 17.6259 ], [ 77.1376, 17.624 ], [ 77.1343, 17.6029 ], [ 77.1426, 17.6031 ], [ 77.1416, 17.5944 ], [ 77.1496, 17.5912 ], [ 77.1551, 17.5848 ], [ 77.1604, 17.5847 ], [ 77.1595, 17.5773 ], [ 77.1709, 17.577 ], [ 77.1574, 17.5668 ], [ 77.1621, 17.5529 ], [ 77.1613, 17.5486 ], [ 77.1693, 17.5459 ], [ 77.1703, 17.5436 ], [ 77.1607, 17.5321 ], [ 77.1579, 17.523 ], [ 77.143, 17.515 ], [ 77.1273, 17.5297 ], [ 77.1081, 17.5114 ], [ 77.0928, 17.5101 ], [ 77.0986, 17.5399 ], [ 77.0835, 17.5447 ], [ 77.0782, 17.5316 ], [ 77.0636, 17.5136 ], [ 77.0505, 17.5064 ], [ 77.0459, 17.5075 ], [ 77.0466, 17.4899 ], [ 77.0443, 17.4815 ], [ 77.0343, 17.4772 ], [ 77.0196, 17.4666 ], [ 77.0155, 17.4559 ], [ 77.0003, 17.4533 ], [ 76.9979, 17.4448 ], [ 76.9795, 17.4495 ], [ 76.9779, 17.4589 ], [ 76.9694, 17.4699 ], [ 76.9563, 17.465 ], [ 76.945, 17.4667 ], [ 76.9394, 17.4701 ], [ 76.93, 17.4651 ], [ 76.921, 17.4644 ], [ 76.901, 17.4676 ], [ 76.8749, 17.461 ], [ 76.863, 17.4619 ], [ 76.8631, 17.4642 ], [ 76.8601, 17.4644 ], [ 76.8586, 17.4824 ], [ 76.8449, 17.48 ], [ 76.8235, 17.4846 ], [ 76.8217, 17.491 ], [ 76.8158, 17.4903 ], [ 76.8168, 17.5035 ], [ 76.83, 17.504 ], [ 76.8308, 17.5074 ], [ 76.8331, 17.5075 ], [ 76.8334, 17.5153 ], [ 76.8329, 17.5207 ], [ 76.8258, 17.5211 ], [ 76.8215, 17.5252 ], [ 76.8086, 17.524 ], [ 76.8065, 17.5328 ], [ 76.8058, 17.5439 ], [ 76.8156, 17.5512 ], [ 76.823, 17.5515 ], [ 76.8226, 17.5626 ], [ 76.8076, 17.5638 ], [ 76.8065, 17.5668 ], [ 76.8009, 17.5677 ], [ 76.8007, 17.5777 ], [ 76.8076, 17.5774 ], [ 76.8093, 17.5823 ], [ 76.8162, 17.5858 ], [ 76.8159, 17.5911 ], [ 76.8076, 17.5964 ], [ 76.8098, 17.5996 ], [ 76.7896, 17.6054 ], [ 76.791, 17.6096 ], [ 76.7812, 17.6203 ], [ 76.7742, 17.6222 ], [ 76.777, 17.6363 ], [ 76.7852, 17.6369 ], [ 76.7844, 17.6393 ], [ 76.789, 17.6428 ], [ 76.7875, 17.6475 ], [ 76.792, 17.6528 ], [ 76.8072, 17.6503 ], [ 76.8069, 17.6485 ], [ 76.8223, 17.6515 ], [ 76.8353, 17.6494 ], [ 76.8418, 17.6538 ], [ 76.8554, 17.6436 ], [ 76.867, 17.6471 ], [ 76.8831, 17.6428 ], [ 76.8989, 17.6449 ], [ 76.9076, 17.6349 ], [ 76.9142, 17.639 ], [ 76.9293, 17.6372 ], [ 76.9247, 17.6247 ], [ 76.9195, 17.6218 ], [ 76.9222, 17.6181 ], [ 76.9219, 17.6099 ], [ 76.9294, 17.606 ], [ 76.9413, 17.6067 ], [ 76.9413, 17.6098 ], [ 76.9513, 17.6205 ], [ 76.952, 17.6242 ], [ 76.9573, 17.6206 ], [ 76.9572, 17.6344 ], [ 76.9606, 17.6386 ], [ 76.9837, 17.653 ], [ 76.9831, 17.6629 ], [ 76.9775, 17.6656 ], [ 76.9762, 17.6806 ], [ 76.9822, 17.6948 ], [ 76.9805, 17.6976 ] ] ] } },
{ "type": "Feature", "properties": { "area_id": "KGIS-T-0413", "name_en": "Yadrami", "name_kn": "ಯದ್ರಾಮಿ", "level": "block", "parent_id": "KGIS-D-04", "district_en": "Kalburgi", "lgd_code": null }, "geometry": { "type": "Polygon", "coordinates": [ [ [ 76.478, 16.9966 ], [ 76.4805, 16.9876 ], [ 76.4955, 16.9802 ], [ 76.4948, 16.9625 ], [ 76.5045, 16.9628 ], [ 76.5203, 16.9575 ], [ 76.5259, 16.9679 ], [ 76.5459, 16.9603 ], [ 76.5597, 16.9642 ], [ 76.5763, 16.954 ], [ 76.588, 16.9522 ], [ 76.6091, 16.9552 ], [ 76.6259, 16.9617 ], [ 76.6433, 16.958 ], [ 76.6563, 16.9595 ], [ 76.657, 16.9541 ], [ 76.6687, 16.9548 ], [ 76.6731, 16.9414 ], [ 76.6957, 16.9454 ], [ 76.7191, 16.9389 ], [ 76.7277, 16.92 ], [ 76.7258, 16.9095 ], [ 76.7141, 16.8845 ], [ 76.7142, 16.8729 ], [ 76.7329, 16.872 ], [ 76.7324, 16.8554 ], [ 76.7236, 16.8538 ], [ 76.7176, 16.8499 ], [ 76.7148, 16.8456 ], [ 76.7144, 16.8365 ], [ 76.7165, 16.8345 ], [ 76.7353, 16.8313 ], [ 76.7326, 16.8198 ], [ 76.7449, 16.8162 ], [ 76.7454, 16.7781 ], [ 76.7365, 16.7763 ], [ 76.7346, 16.7792 ], [ 76.7273, 16.7813 ], [ 76.7236, 16.7855 ], [ 76.7234, 16.7892 ], [ 76.7092, 16.7926 ], [ 76.7022, 16.7883 ], [ 76.699, 16.7902 ], [ 76.6975, 16.7858 ], [ 76.6795, 16.7848 ], [ 76.6758, 16.7655 ], [ 76.661, 16.7672 ], [ 76.6532, 16.7558 ], [ 76.6546, 16.7378 ], [ 76.6593, 16.7256 ], [ 76.6455, 16.7327 ], [ 76.6353, 16.7349 ], [ 76.6352, 16.7451 ], [ 76.6227, 16.7422 ], [ 76.6238, 16.7652 ], [ 76.5998, 16.7671 ], [ 76.5813, 16.7657 ], [ 76.5812, 16.7586 ], [ 76.5713, 16.7561 ], [ 76.5703, 16.7525 ], [ 76.5537, 16.753 ], [ 76.5535, 16.7511 ], [ 76.5489, 16.7513 ], [ 76.5474, 16.7474 ], [ 76.5156, 16.7506 ], [ 76.5024, 16.7385 ], [ 76.5031, 16.7231 ], [ 76.4809, 16.7119 ], [ 76.461, 16.711 ], [ 76.4595, 16.7233 ], [ 76.4506, 16.7245 ], [ 76.4466, 16.7234 ], [ 76.4426, 16.7138 ], [ 76.4227, 16.7176 ], [ 76.4228, 16.7307 ], [ 76.429, 16.734 ], [ 76.4287, 16.7382 ], [ 76.4402, 16.7425 ], [ 76.4386, 16.7524 ], [ 76.4427, 16.7571 ], [ 76.4406, 16.7599 ], [ 76.4355, 16.7646 ], [ 76.4184, 16.7689 ], [ 76.4185, 16.7646 ], [ 76.4113, 16.7645 ], [ 76.4114, 16.7681 ], [ 76.3836, 16.7693 ], [ 76.3706, 16.7675 ], [ 76.3778, 16.8011 ], [ 76.3905, 16.8022 ], [ 76.3962, 16.8057 ], [ 76.4011, 16.8009 ], [ 76.4103, 16.7987 ], [ 76.4139, 16.8135 ], [ 76.3512, 16.8193 ], [ 76.3588, 16.8425 ], [ 76.3661, 16.8476 ], [ 76.3742, 16.8584 ], [ 76.3865, 16.8563 ], [ 76.4046, 16.8586 ], [ 76.4044, 16.8538 ], [ 76.4291, 16.8509 ], [ 76.4296, 16.8371 ], [ 76.4597, 16.8329 ], [ 76.4638, 16.839 ], [ 76.4709, 16.8391 ], [ 76.4708, 16.8469 ], [ 76.4674, 16.8495 ], [ 76.4623, 16.8493 ], [ 76.4588, 16.8673 ], [ 76.438, 16.8683 ], [ 76.4368, 16.8819 ], [ 76.4334, 16.8822 ], [ 76.4338, 16.8978 ], [ 76.4658, 16.9023 ], [ 76.4631, 16.919 ], [ 76.4587, 16.9277 ], [ 76.4518, 16.9275 ], [ 76.4476, 16.9402 ], [ 76.4516, 16.9415 ], [ 76.4632, 16.9628 ], [ 76.4527, 16.9779 ], [ 76.4537, 16.9899 ], [ 76.4558, 16.993 ], [ 76.4619, 16.9921 ], [ 76.4705, 17.0011 ], [ 76.478, 16.9966 ] ] ] } },
{ "type": "Feature", "properties": { "area_id": "KGIS-T-0417", "name_en": "Shahbadha", "name_kn": "", "level": "block", "parent_id": "KGIS-D-04", "district_en": "Kalburgi", "lgd_code": null }, "geometry": { "type": "Polygon", "coordinates": [ [ [ 76.8736, 17.2475 ], [ 76.8737, 17.2414 ], [ 76.9037, 17.2352 ], [ 76.9059, 17.2183 ], [ 76.9144, 17.2184 ], [ 76.9167, 17.208 ], [ 76.9499, 17.2063 ], [ 76.9512, 17.2193 ], [ 76.9733, 17.2199 ], [ 76.9745, 17.2024 ], [ 76.9789, 17.1976 ], [ 77.0021, 17.1933 ], [ 77.0067, 17.174 ], [ 77.0066, 17.1714 ], [ 76.9962, 17.1635 ], [ 76.9783, 17.161 ], [ 76.9624, 17.1543 ], [ 76.9615, 17.1498 ], [ 76.9672, 17.1413 ], [ 76.9585, 17.1124 ], [ 76.9505, 17.0957 ], [ 76.9456, 17.0752 ], [ 76.9321, 17.0592 ], [ 76.9111, 17.0553 ], [ 76.9053, 17.0502 ], [ 76.9062, 17.0435 ], [ 76.8969, 17.0418 ], [ 76.8856, 17.0421 ], [ 76.871, 17.048 ], [ 76.858, 17.0637 ], [ 76.8544, 17.0651 ], [ 76.8639, 17.0761 ], [ 76.8693, 17.0981 ], [ 76.8747, 17.0978 ], [ 76.87, 17.1233 ], [ 76.8707, 17.1318 ], [ 76.8728, 17.1476 ], [ 76.8796, 17.1489 ], [ 76.8813, 17.1763 ], [ 76.8502, 17.1835 ], [ 76.8371, 17.1822 ], [ 76.8302, 17.1956 ], [ 76.841, 17.2117 ], [ 76.8517, 17.2209 ], [ 76.8561, 17.2221 ], [ 76.8571, 17.2311 ], [ 76.866, 17.2468 ], [ 76.8736, 17.2475 ] ] ] } },
{ "type": "Feature", "properties": { "area_id": "KGIS-T-0501", "name_en": "Basavakalyan", "name_kn": "ಬಸವಕಲ್ಯಾಣ", "level": "block", "parent_id": "KGIS-D-05", "district_en": "Bidar", "lgd_code": "5454" }, "geometry": { "type": "Polygon", "coordinates": [ [ [ 76.9184, 17.9562 ], [ 76.9458, 17.9535 ], [ 76.9471, 17.9371 ], [ 76.9556, 17.9347 ], [ 76.9562, 17.9323 ], [ 76.9955, 17.9236 ], [ 77.0061, 17.9312 ], [ 77.0138, 17.9272 ], [ 77.0233, 17.9138 ], [ 77.0342, 17.9095 ], [ 77.0342, 17.9073 ], [ 77.0431, 17.9061 ], [ 77.0462, 17.9006 ], [ 77.0428, 17.8899 ], [ 77.0482, 17.8766 ], [ 77.0694, 17.875 ], [ 77.0679, 17.8559 ], [ 77.0702, 17.8447 ], [ 77.0739, 17.8433 ], [ 77.0709, 17.8323 ], [ 77.0726, 17.8248 ], [ 77.0699, 17.8228 ], [ 77.0806, 17.8121 ], [ 77.0773, 17.8056 ], [ 77.0802, 17.794 ], [ 77.0775, 17.7852 ], [ 77.0687, 17.7857 ], [ 77.0608, 17.7724 ], [ 77.0617, 17.7656 ], [ 77.0709, 17.7504 ], [ 77.073, 17.7513 ], [ 77.0739, 17.7465 ], [ 77.0712, 17.7413 ], [ 77.0665, 17.7422 ], [ 77.0668, 17.7404 ], [ 77.0642, 17.7402 ], [ 77.0551, 17.7306 ], [ 77.0511, 17.7069 ], [ 77.0612, 17.7044 ], [ 77.0607, 17.6979 ], [ 77.0633, 17.6911 ], [ 77.0599, 17.6728 ], [ 77.0481, 17.6713 ], [ 77.041, 17.6676 ], [ 77.0393, 17.6717 ], [ 77.0349, 17.6718 ], [ 77.0333, 17.6823 ], [ 77.0181, 17.6794 ], [ 77.0138, 17.685 ], [ 77.0066, 17.6877 ], [ 77.0006, 17.6955 ], [ 76.9808, 17.6981 ], [ 76.9825, 17.6961 ], [ 76.9802, 17.6874 ], [ 76.9762, 17.6806 ], [ 76.9775, 17.6656 ], [ 76.9831, 17.6629 ], [ 76.9837, 17.653 ], [ 76.9606, 17.6386 ], [ 76.9572, 17.6344 ], [ 76.9573, 17.6206 ], [ 76.952, 17.6242 ], [ 76.9513, 17.6205 ], [ 76.9413, 17.6098 ], [ 76.9413, 17.6067 ], [ 76.9294, 17.606 ], [ 76.9219, 17.6099 ], [ 76.9222, 17.6181 ], [ 76.9195, 17.6218 ], [ 76.9247, 17.6247 ], [ 76.9293, 17.6372 ], [ 76.9142, 17.639 ], [ 76.9076, 17.6349 ], [ 76.8989, 17.6449 ], [ 76.8831, 17.6428 ], [ 76.867, 17.6471 ], [ 76.8554, 17.6436 ], [ 76.8418, 17.6538 ], [ 76.8353, 17.6494 ], [ 76.8223, 17.6515 ], [ 76.8069, 17.6485 ], [ 76.8072, 17.6503 ], [ 76.792, 17.6528 ], [ 76.7875, 17.6475 ], [ 76.789, 17.6428 ], [ 76.7844, 17.6393 ], [ 76.7852, 17.6369 ], [ 76.7769, 17.6363 ], [ 76.7735, 17.6388 ], [ 76.7715, 17.6461 ], [ 76.7719, 17.6661 ], [ 76.7327, 17.6653 ], [ 76.7322, 17.6588 ], [ 76.7207, 17.654 ], [ 76.7145, 17.639 ], [ 76.6989, 17.642 ], [ 76.6987, 17.6462 ], [ 76.7088, 17.6523 ], [ 76.7122, 17.6577 ], [ 76.709, 17.6625 ], [ 76.6949, 17.6629 ], [ 76.6952, 17.677 ], [ 76.6899, 17.6841 ], [ 76.6935, 17.696 ], [ 76.7034, 17.6933 ], [ 76.7118, 17.6945 ], [ 76.7126, 17.6967 ], [ 76.7111, 17.6998 ], [ 76.7005, 17.7062 ], [ 76.7054, 17.7231 ], [ 76.6993, 17.7284 ], [ 76.7283, 17.7376 ], [ 76.7242, 17.7501 ], [ 76.7184, 17.7519 ], [ 76.7216, 17.7698 ], [ 76.7127, 17.7741 ], [ 76.7143, 17.7813 ], [ 76.7214, 17.7882 ], [ 76.7407, 17.7798 ], [ 76.7439, 17.7801 ], [ 76.7425, 17.7841 ], [ 76.7512, 17.7851 ], [ 76.7513, 17.7872 ], [ 76.7619, 17.7874 ], [ 76.7658, 17.7919 ], [ 76.7663, 17.7989 ], [ 76.7793, 17.7982 ], [ 76.7788, 17.8022 ], [ 76.7826, 17.8069 ], [ 76.7812, 17.815 ], [ 76.7839, 17.8201 ], [ 76.7907, 17.8251 ], [ 76.7869, 17.8332 ], [ 76.775, 17.8413 ], [ 76.774, 17.8462 ], [ 76.7683, 17.8517 ], [ 76.7655, 17.8512 ], [ 76.7539, 17.8577 ], [ 76.7384, 17.856 ], [ 76.74, 17.8995 ], [ 76.7588, 17.8996 ], [ 76.7683, 17.9024 ], [ 76.7734, 17.8914 ], [ 76.7738, 17.8785 ], [ 76.8052, 17.8709 ], [ 76.8081, 17.8714 ], [ 76.8101, 17.8874 ], [ 76.8176, 17.8868 ], [ 76.8195, 17.8839 ], [ 76.8259, 17.886 ], [ 76.8326, 17.8826 ], [ 76.8325, 17.8933 ], [ 76.8396, 17.8998 ], [ 76.8471, 17.9013 ], [ 76.8717, 17.899 ], [ 76.8842, 17.8943 ], [ 76.8837, 17.8994 ], [ 76.8936, 17.8999 ], [ 76.8937, 17.9063 ], [ 76.8962, 17.906 ], [ 76.8963, 17.9108 ], [ 76.8988, 17.9093 ], [ 76.9015, 17.9145 ], [ 76.9004, 17.9175 ], [ 76.9147, 17.9148 ], [ 76.9189, 17.9164 ], [ 76.9184, 17.9562 ] ] ] } },
{ "type": "Feature", "properties": { "area_id": "KGIS-T-0502", "name_en": "Bhalki", "name_kn": "ಭಾಲ್ಕಿ", "level": "block", "parent_id": "KGIS-D-05", "district_en": "Bidar", "lgd_code": "5455" }, "geometry": { "type": "Polygon", "coordinates": [ [ [ 77.1278, 18.2084 ], [ 77.1262, 18.2074 ], [ 77.133, 18.2064 ], [ 77.1385, 18.2012 ], [ 77.1333, 18.1929 ], [ 77.1331, 18.184 ], [ 77.1337, 18.1818 ], [ 77.1364, 18.1819 ], [ 77.137, 18.1859 ], [ 77.1399, 18.187 ], [ 77.1408, 18.1818 ], [ 77.1433, 18.1816 ], [ 77.1436, 18.1777 ], [ 77.1411, 18.1779 ], [ 77.1475, 18.1737 ], [ 77.1478, 18.1669 ], [ 77.1454, 18.1627 ], [ 77.1489, 18.1546 ], [ 77.1536, 18.1535 ], [ 77.1609, 18.1582 ], [ 77.1696, 18.1689 ], [ 77.1781, 18.1712 ], [ 77.1815, 18.1677 ], [ 77.1834, 18.1463 ], [ 77.1864, 18.1397 ], [ 77.1966, 18.1392 ], [ 77.204, 18.1443 ], [ 77.2125, 18.1669 ], [ 77.2157, 18.1677 ], [ 77.2215, 18.1634 ], [ 77.2203, 18.1552 ], [ 77.2278, 18.1472 ], [ 77.2352, 18.1513 ], [ 77.2378, 18.1604 ], [ 77.2484, 18.1597 ], [ 77.2617, 18.1543 ], [ 77.262, 18.1496 ], [ 77.2727, 18.1319 ], [ 77.293, 18.135 ], [ 77.3003, 18.1282 ], [ 77.3157, 18.1197 ], [ 77.322, 18.1196 ], [ 77.3304, 18.1244 ], [ 77.3463, 18.1207 ], [ 77.3492, 18.1189 ], [ 77.3533, 18.1077 ], [ 77.3675, 18.0993 ], [ 77.3698, 18.1057 ], [ 77.4008, 18.104 ], [ 77.3989, 18.0903 ], [ 77.3859, 18.0756 ], [ 77.3856, 18.0703 ], [ 77.3925, 18.0524 ], [ 77.3958, 18.0508 ], [ 77.4067, 18.0521 ], [ 77.4127, 18.0465 ], [ 77.4133, 18.0429 ], [ 77.4091, 18.0349 ], [ 77.3986, 18.0324 ], [ 77.3953, 18.0153 ], [ 77.3907, 18.0075 ], [ 77.3799, 18.0072 ], [ 77.3778, 17.9839 ], [ 77.3808, 17.9752 ], [ 77.3849, 17.976 ], [ 77.3824, 17.9674 ], [ 77.3991, 17.9702 ], [ 77.3975, 17.9585 ], [ 77.4002, 17.9483 ], [ 77.3817, 17.9474 ], [ 77.3822, 17.9421 ], [ 77.3981, 17.9276 ], [ 77.3882, 17.9149 ], [ 77.3799, 17.91 ], [ 77.3655, 17.9108 ], [ 77.362, 17.9023 ], [ 77.3628, 17.8987 ], [ 77.3662, 17.8999 ], [ 77.365, 17.8967 ], [ 77.3678, 17.8933 ], [ 77.3699, 17.8972 ], [ 77.3721, 17.897 ], [ 77.3796, 17.891 ], [ 77.371, 17.8751 ], [ 77.3588, 17.8698 ], [ 77.346, 17.8705 ], [ 77.3401, 17.8653 ], [ 77.3328, 17.8664 ], [ 77.3306, 17.8624 ], [ 77.3323, 17.8587 ], [ 77.3309, 17.8549 ], [ 77.3276, 17.8529 ], [ 77.3148, 17.8546 ], [ 77.3196, 17.8592 ], [ 77.3202, 17.8643 ], [ 77.3184, 17.8649 ], [ 77.3227, 17.8713 ], [ 77.3178, 17.8802 ], [ 77.3134, 17.8794 ], [ 77.3133, 17.8881 ], [ 77.2899, 17.8779 ], [ 77.2795, 17.8846 ], [ 77.2772, 17.8796 ], [ 77.2675, 17.8776 ], [ 77.2559, 17.8813 ], [ 77.2534, 17.8854 ], [ 77.242, 17.8843 ], [ 77.2307, 17.8868 ], [ 77.2297, 17.8795 ], [ 77.221, 17.8852 ], [ 77.222, 17.8896 ], [ 77.2038, 17.8819 ], [ 77.2048, 17.8805 ], [ 77.1955, 17.8835 ], [ 77.1957, 17.8964 ], [ 77.1832, 17.8956 ], [ 77.1851, 17.904 ], [ 77.1789, 17.9057 ], [ 77.1829, 17.9147 ], [ 77.1889, 17.9124 ], [ 77.1895, 17.9154 ], [ 77.1941, 17.9176 ], [ 77.1916, 17.9206 ], [ 77.1957, 17.9213 ], [ 77.1961, 17.9236 ], [ 77.1898, 17.9233 ], [ 77.1809, 17.9162 ], [ 77.1669, 17.9203 ], [ 77.169, 17.939 ], [ 77.1443, 17.9441 ], [ 77.1402, 17.9429 ], [ 77.1366, 17.9301 ], [ 77.129, 17.9264 ], [ 77.124, 17.9293 ], [ 77.1114, 17.93 ], [ 77.1069, 17.94 ], [ 77.0942, 17.943 ], [ 77.0947, 17.9522 ], [ 77.0901, 17.9548 ], [ 77.0868, 17.9725 ], [ 77.0755, 17.9767 ], [ 77.0588, 17.975 ], [ 77.0627, 17.9803 ], [ 77.0561, 17.9845 ], [ 77.0563, 17.9909 ], [ 77.0577, 18.0002 ], [ 77.0601, 18.0003 ], [ 77.0623, 18.0051 ], [ 77.0643, 18.0196 ], [ 77.0581, 18.0224 ], [ 77.0441, 18.021 ], [ 77.0437, 18.0251 ], [ 77.0493, 18.0262 ], [ 77.0526, 18.0398 ], [ 77.0492, 18.0458 ], [ 77.0317, 18.0493 ], [ 77.0318, 18.0522 ], [ 77.0177, 18.0631 ], [ 77.0122, 18.0616 ], [ 76.9994, 18.0668 ], [ 76.9919, 18.0644 ], [ 76.9908, 18.0472 ], [ 76.9846, 18.0456 ], [ 76.9811, 18.026 ], [ 76.9602, 18.0329 ], [ 76.9566, 18.038 ], [ 76.9547, 18.0367 ], [ 76.9539, 18.0427 ], [ 76.9436, 18.0463 ], [ 76.9512, 18.0604 ], [ 76.9486, 18.063 ], [ 76.9505, 18.0655 ], [ 76.944, 18.0834 ], [ 76.9623, 18.0906 ], [ 76.9652, 18.0996 ], [ 76.9543, 18.1105 ], [ 76.9375, 18.1146 ], [ 76.9305, 18.1131 ], [ 76.9217, 18.1177 ], [ 76.918, 18.1241 ], [ 76.9234, 18.13 ], [ 76.9325, 18.1336 ], [ 76.9293, 18.1388 ], [ 76.9215, 18.1441 ], [ 76.929, 18.154 ], [ 76.9303, 18.1594 ], [ 76.9371, 18.1598 ], [ 76.9425, 18.1566 ], [ 76.9484, 18.1694 ], [ 76.9513, 18.1883 ], [ 76.9624, 18.1904 ], [ 76.9773, 18.1895 ], [ 76.9789, 18.1926 ], [ 76.9914, 18.1907 ], [ 76.9906, 18.1858 ], [ 76.9946, 18.1827 ], [ 76.9945, 18.1752 ], [ 76.9981, 18.165 ], [ 77.002, 18.1614 ], [ 77.0238, 18.1585 ], [ 77.0261, 18.1667 ], [ 77.0236, 18.1754 ], [ 77.0321, 18.1775 ], [ 77.0336, 18.1822 ], [ 77.0522, 18.1738 ], [ 77.0531, 18.1607 ], [ 77.0643, 18.1518 ], [ 77.0826, 18.1517 ], [ 77.1001, 18.159 ], [ 77.1055, 18.1563 ], [ 77.1128, 18.157 ], [ 77.1172, 18.1645 ], [ 77.1169, 18.17 ], [ 77.0976, 18.1955 ], [ 77.1098, 18.2029 ], [ 77.1235, 18.2053 ], [ 77.1232, 18.209 ], [ 77.1278, 18.2084 ] ], [ [ 77.228, 17.899 ], [ 77.2275, 17.8933 ], [ 77.2317, 17.8981 ], [ 77.228, 17.899 ] ], [ [ 77.2015, 17.8925 ], [ 77.1999, 17.8882 ], [ 77.2029, 17.8885 ], [ 77.2015, 17.8925 ] ], [ [ 77.2046, 17.8905 ], [ 77.207, 17.891 ], [ 77.205, 17.8921 ], [ 77.2046, 17.8905 ] ], [ [ 77.2071, 17.9311 ], [ 77.2078, 17.9267 ], [ 77.2081, 17.9312 ], [ 77.2071, 17.9311 ] ], [ [ 77.2031, 17.9213 ], [ 77.2024, 17.919 ], [ 77.2042, 17.919 ], [ 77.2031, 17.9213 ] ], [ [ 77.1925, 17.9089 ], [ 77.1922, 17.9039 ], [ 77.1922, 17.9036 ], [ 77.1925, 17.9089 ] ], [ [ 77.2068, 17.8962 ], [ 77.2052, 17.8976 ], [ 77.205, 17.8965 ], [ 77.2068, 17.8962 ] ] ] } },
{ "type": "Feature", "properties": { "area_id": "KGIS-T-0503", "name_en": "Aurad", "name_kn": "ಔರಾದ್", "level": "block", "parent_id": "KGIS-D-05", "district_en": "Bidar", "lgd_code": "5456" }, "geometry": { "type": "Polygon", "coordinates": [ [ [ 77.3663, 18.4504 ], [ 77.3692, 18.4472 ], [ 77.3635, 18.4364 ], [ 77.3653, 18.4354 ], [ 77.3636, 18.4311 ], [ 77.3671, 18.4287 ], [ 77.3671, 18.4188 ], [ 77.3699, 18.4183 ], [ 77.3682, 18.4132 ], [ 77.3725, 18.4009 ], [ 77.3791, 18.4023 ], [ 77.3842, 18.3999 ], [ 77.4008, 18.4023 ], [ 77.4143, 18.3925 ], [ 77.4101, 18.3775 ], [ 77.4014, 18.371 ], [ 77.3949, 18.3693 ], [ 77.3995, 18.3603 ], [ 77.4004, 18.3474 ], [ 77.3952, 18.3479 ], [ 77.3953, 18.3432 ], [ 77.3829, 18.3406 ], [ 77.3814, 18.3311 ], [ 77.3762, 18.3325 ], [ 77.3697, 18.3242 ], [ 77.3565, 18.3207 ], [ 77.3658, 18.3089 ], [ 77.3855, 18.3087 ], [ 77.3937, 18.304 ], [ 77.4005, 18.3049 ], [ 77.4028, 18.3026 ], [ 77.4121, 18.3021 ], [ 77.4169, 18.3065 ], [ 77.4257, 18.3079 ], [ 77.4286, 18.3122 ], [ 77.4377, 18.3103 ], [ 77.4368, 18.2922 ], [ 77.441, 18.2822 ], [ 77.4462, 18.2835 ], [ 77.4474, 18.2698 ], [ 77.4517, 18.2699 ], [ 77.4509, 18.2679 ], [ 77.4643, 18.2628 ], [ 77.4751, 18.2652 ], [ 77.4802, 18.2723 ], [ 77.4899, 18.268 ], [ 77.4937, 18.2692 ], [ 77.4965, 18.2744 ], [ 77.5023, 18.2781 ], [ 77.505, 18.2843 ], [ 77.5078, 18.2846 ], [ 77.5106, 18.298 ], [ 77.509, 18.3067 ], [ 77.5129, 18.3102 ], [ 77.5233, 18.3085 ], [ 77.5351, 18.2976 ], [ 77.5483, 18.2947 ], [ 77.5607, 18.2846 ], [ 77.5663, 18.2869 ], [ 77.5724, 18.295 ], [ 77.5736, 18.2904 ], [ 77.5785, 18.2865 ], [ 77.5985, 18.283 ], [ 77.6033, 18.2801 ], [ 77.5946, 18.2646 ], [ 77.5909, 18.2612 ], [ 77.5817, 18.2591 ], [ 77.5725, 18.2433 ], [ 77.5721, 18.2399 ], [ 77.5786, 18.2348 ], [ 77.5864, 18.2178 ], [ 77.5809, 18.2165 ], [ 77.577, 18.2015 ], [ 77.5657, 18.2039 ], [ 77.563, 18.1955 ], [ 77.57, 18.1929 ], [ 77.5746, 18.1745 ], [ 77.584, 18.161 ], [ 77.5917, 18.1558 ], [ 77.5974, 18.1568 ], [ 77.5939, 18.1361 ], [ 77.6023, 18.1052 ], [ 77.5977, 18.0975 ], [ 77.5959, 18.0856 ], [ 77.5683, 18.0777 ], [ 77.5605, 18.0719 ], [ 77.5578, 18.0641 ], [ 77.5484, 18.0641 ], [ 77.5482, 18.0533 ], [ 77.5512, 18.0499 ], [ 77.5464, 18.0361 ], [ 77.5205, 18.0466 ], [ 77.5132, 18.0572 ], [ 77.4986, 18.0603 ], [ 77.4971, 18.0544 ], [ 77.5007, 18.0436 ], [ 77.4921, 18.0371 ], [ 77.4861, 18.0241 ], [ 77.4824, 18.0223 ], [ 77.4753, 18.0269 ], [ 77.4701, 18.0359 ], [ 77.4515, 18.0419 ], [ 77.4434, 18.0562 ], [ 77.4427, 18.0601 ], [ 77.4463, 18.0676 ], [ 77.4414, 18.0782 ], [ 77.4342, 18.0857 ], [ 77.4286, 18.0847 ], [ 77.423, 18.0792 ], [ 77.4206, 18.0635 ], [ 77.4046, 18.0515 ], [ 77.3934, 18.0518 ], [ 77.3851, 18.0741 ], [ 77.3989, 18.0903 ], [ 77.4008, 18.104 ], [ 77.3698, 18.1057 ], [ 77.3675, 18.0993 ], [ 77.3533, 18.1077 ], [ 77.3492, 18.1189 ], [ 77.3433, 18.1213 ], [ 77.3488, 18.12 ], [ 77.3461, 18.1292 ], [ 77.3492, 18.1399 ], [ 77.3483, 18.1432 ], [ 77.3421, 18.1445 ], [ 77.3422, 18.1469 ], [ 77.3447, 18.1492 ], [ 77.3558, 18.1479 ], [ 77.359, 18.1531 ], [ 77.364, 18.1779 ], [ 77.3599, 18.1856 ], [ 77.3647, 18.1953 ], [ 77.363, 18.2014 ], [ 77.3694, 18.2138 ], [ 77.3647, 18.2159 ], [ 77.3492, 18.2031 ], [ 77.3347, 18.2074 ], [ 77.3393, 18.2224 ], [ 77.3362, 18.2344 ], [ 77.339, 18.2524 ], [ 77.3489, 18.2624 ], [ 77.3434, 18.2645 ], [ 77.337, 18.253 ], [ 77.335, 18.2555 ], [ 77.3261, 18.251 ], [ 77.3177, 18.2522 ], [ 77.313, 18.2562 ], [ 77.3113, 18.2625 ], [ 77.3063, 18.2637 ], [ 77.3061, 18.2745 ], [ 77.3097, 18.2752 ], [ 77.3136, 18.2811 ], [ 77.3153, 18.2933 ], [ 77.3128, 18.2944 ], [ 77.3194, 18.3135 ], [ 77.3176, 18.3193 ], [ 77.3132, 18.3191 ], [ 77.3038, 18.3398 ], [ 77.3049, 18.3663 ], [ 77.308, 18.3738 ], [ 77.3034, 18.391 ], [ 77.3072, 18.3924 ], [ 77.3053, 18.4058 ], [ 77.3105, 18.4072 ], [ 77.3108, 18.414 ], [ 77.3162, 18.4221 ], [ 77.323, 18.4214 ], [ 77.3263, 18.4169 ], [ 77.3362, 18.4218 ], [ 77.3398, 18.4252 ], [ 77.34, 18.4382 ], [ 77.3436, 18.443 ], [ 77.347, 18.4424 ], [ 77.3535, 18.45 ], [ 77.3663, 18.4504 ] ] ] } },
{ "type": "Feature", "properties": { "area_id": "KGIS-T-0504", "name_en": "Bidar", "name_kn": "ಬೀದರ್", "level": "block", "parent_id": "KGIS-D-05", "district_en": "Bidar", "lgd_code": "5457" }, "geometry": { "type": "MultiPolygon", "coordinates": [ [ [ [ 77.524, 17.7858 ], [ 77.5256, 17.7825 ], [ 77.5216, 17.7827 ], [ 77.524, 17.7858 ] ] ], [ [ [ 77.4412, 18.0782 ], [ 77.4463, 18.0676 ], [ 77.4427, 18.0601 ], [ 77.4439, 18.054 ], [ 77.4515, 18.0419 ], [ 77.4701, 18.0359 ], [ 77.4753, 18.0269 ], [ 77.4809, 18.023 ], [ 77.4861, 18.0241 ], [ 77.4921, 18.0371 ], [ 77.5002, 18.0424 ], [ 77.4971, 18.0544 ], [ 77.498, 18.0601 ], [ 77.5084, 18.059 ], [ 77.5132, 18.0572 ], [ 77.5205, 18.0466 ], [ 77.5441, 18.0369 ], [ 77.5609, 18.0367 ], [ 77.58, 18.0326 ], [ 77.5843, 18.0279 ], [ 77.5864, 18.0154 ], [ 77.5903, 18.0127 ], [ 77.5961, 18.0138 ], [ 77.6002, 18.0212 ], [ 77.6029, 18.021 ], [ 77.6067, 18.0178 ], [ 77.6077, 18.0105 ], [ 77.6195, 18.0068 ], [ 77.6264, 17.9968 ], [ 77.6287, 17.9987 ], [ 77.6381, 17.9971 ], [ 77.649, 17.9999 ], [ 77.6527, 17.9953 ], [ 77.6487, 17.9794 ], [ 77.6562, 17.9706 ], [ 77.6514, 17.9614 ], [ 77.6503, 17.9501 ], [ 77.641, 17.9539 ], [ 77.6407, 17.952 ], [ 77.637, 17.9525 ], [ 77.6355, 17.9595 ], [ 77.6333, 17.9605 ], [ 77.6335, 17.9679 ], [ 77.6245, 17.9595 ], [ 77.6332, 17.9565 ], [ 77.633, 17.9495 ], [ 77.6326, 17.9465 ], [ 77.6221, 17.9449 ], [ 77.6183, 17.9383 ], [ 77.6222, 17.9289 ], [ 77.6189, 17.9037 ], [ 77.6043, 17.9073 ], [ 77.6, 17.904 ], [ 77.5862, 17.9083 ], [ 77.5848, 17.9005 ], [ 77.5864, 17.8934 ], [ 77.5958, 17.8821 ], [ 77.6009, 17.8809 ], [ 77.5984, 17.8733 ], [ 77.59, 17.8717 ], [ 77.5899, 17.875 ], [ 77.5834, 17.8774 ], [ 77.5796, 17.874 ], [ 77.5764, 17.8754 ], [ 77.5696, 17.8672 ], [ 77.5696, 17.8516 ], [ 77.5648, 17.8512 ], [ 77.5673, 17.8452 ], [ 77.5605, 17.8379 ], [ 77.5536, 17.8201 ], [ 77.5486, 17.8195 ], [ 77.547, 17.8284 ], [ 77.5289, 17.83 ], [ 77.5273, 17.8272 ], [ 77.5288, 17.8131 ], [ 77.5141, 17.8038 ], [ 77.5084, 17.7876 ], [ 77.506, 17.7864 ], [ 77.5223, 17.7805 ], [ 77.5271, 17.7815 ], [ 77.534, 17.7783 ], [ 77.5383, 17.7797 ], [ 77.5397, 17.7744 ], [ 77.5553, 17.7636 ], [ 77.5689, 17.7664 ], [ 77.5669, 17.7591 ], [ 77.5703, 17.7418 ], [ 77.5664, 17.7396 ], [ 77.5657, 17.7413 ], [ 77.5623, 17.7401 ], [ 77.5627, 17.7424 ], [ 77.5603, 17.7401 ], [ 77.5601, 17.7419 ], [ 77.5565, 17.7367 ], [ 77.5503, 17.7368 ], [ 77.5466, 17.732 ], [ 77.5223, 17.727 ], [ 77.5064, 17.7159 ], [ 77.4966, 17.7163 ], [ 77.4923, 17.708 ], [ 77.4865, 17.7083 ], [ 77.4812, 17.7047 ], [ 77.4755, 17.7052 ], [ 77.4629, 17.7011 ], [ 77.4588, 17.6964 ], [ 77.4529, 17.6948 ], [ 77.4526, 17.6914 ], [ 77.4553, 17.6895 ], [ 77.4546, 17.6838 ], [ 77.4476, 17.6834 ], [ 77.4259, 17.6879 ], [ 77.4056, 17.6887 ], [ 77.3919, 17.6966 ], [ 77.3921, 17.7066 ], [ 77.3887, 17.7127 ], [ 77.3821, 17.7172 ], [ 77.3743, 17.7189 ], [ 77.3883, 17.7447 ], [ 77.3864, 17.7469 ], [ 77.3744, 17.7367 ], [ 77.3537, 17.7344 ], [ 77.3468, 17.7358 ], [ 77.3417, 17.7257 ], [ 77.3389, 17.7267 ], [ 77.3366, 17.7227 ], [ 77.3311, 17.7231 ], [ 77.3301, 17.7335 ], [ 77.3277, 17.7372 ], [ 77.3237, 17.7381 ], [ 77.3228, 17.7485 ], [ 77.3166, 17.7621 ], [ 77.3143, 17.7593 ], [ 77.2885, 17.7627 ], [ 77.2951, 17.7771 ], [ 77.2948, 17.7793 ], [ 77.2873, 17.7801 ], [ 77.2927, 17.8049 ], [ 77.2961, 17.8041 ], [ 77.2976, 17.8076 ], [ 77.298, 17.811 ], [ 77.2947, 17.8151 ], [ 77.303, 17.8149 ], [ 77.3031, 17.8179 ], [ 77.3102, 17.8168 ], [ 77.3174, 17.8197 ], [ 77.3166, 17.8332 ], [ 77.3189, 17.833 ], [ 77.3218, 17.8413 ], [ 77.3283, 17.8391 ], [ 77.3302, 17.8418 ], [ 77.3267, 17.8452 ], [ 77.3273, 17.8482 ], [ 77.3312, 17.8471 ], [ 77.33, 17.8531 ], [ 77.3323, 17.8587 ], [ 77.3306, 17.8624 ], [ 77.3328, 17.8664 ], [ 77.3401, 17.8653 ], [ 77.346, 17.8705 ], [ 77.3596, 17.87 ], [ 77.371, 17.8751 ], [ 77.3759, 17.8818 ], [ 77.3796, 17.891 ], [ 77.3721, 17.897 ], [ 77.3699, 17.8972 ], [ 77.3678, 17.8933 ], [ 77.365, 17.8967 ], [ 77.3662, 17.8999 ], [ 77.3628, 17.8987 ], [ 77.362, 17.9023 ], [ 77.3655, 17.9108 ], [ 77.3799, 17.91 ], [ 77.3882, 17.9149 ], [ 77.3981, 17.9276 ], [ 77.3822, 17.9421 ], [ 77.3817, 17.9474 ], [ 77.4002, 17.9483 ], [ 77.3975, 17.9585 ], [ 77.3991, 17.9702 ], [ 77.3824, 17.9674 ], [ 77.3849, 17.976 ], [ 77.3808, 17.9752 ], [ 77.3778, 17.9839 ], [ 77.3799, 18.0072 ], [ 77.3907, 18.0075 ], [ 77.3953, 18.0153 ], [ 77.3986, 18.0324 ], [ 77.4091, 18.0349 ], [ 77.4131, 18.0458 ], [ 77.406, 18.0526 ], [ 77.4213, 18.0642 ], [ 77.4214, 18.076 ], [ 77.4237, 18.0804 ], [ 77.4305, 18.0857 ], [ 77.4342, 18.0857 ], [ 77.4412, 18.0782 ] ] ] ] } },
{ "type": "Feature", "properties": { "area_id": "KGIS-T-0505", "name_en": "Humnabad", "name_kn": "ಹುಮನಾಬಾದ್", "level": "block", "parent_id": "KGIS-D-05", "district_en": "Bidar", "lgd_code": null }, "geometry": { "type": "MultiPolygon", "coordinates": [ [ [ [ 77.1462, 17.9438 ], [ 77.169, 17.939 ], [ 77.1669, 17.9203 ], [ 77.1809, 17.9162 ], [ 77.1898, 17.9233 ], [ 77.1961, 17.9236 ], [ 77.1957, 17.9213 ], [ 77.1916, 17.9206 ], [ 77.1941, 17.9176 ], [ 77.1895, 17.9154 ], [ 77.1889, 17.9124 ], [ 77.1829, 17.9147 ], [ 77.1789, 17.9057 ], [ 77.1851, 17.904 ], [ 77.1832, 17.8956 ], [ 77.1957, 17.8964 ], [ 77.1955, 17.8835 ], [ 77.2003, 17.8817 ], [ 77.2048, 17.8805 ], [ 77.2038, 17.8819 ], [ 77.222, 17.8896 ], [ 77.221, 17.8852 ], [ 77.2297, 17.8795 ], [ 77.2307, 17.8868 ], [ 77.242, 17.8843 ], [ 77.2534, 17.8854 ], [ 77.2559, 17.8813 ], [ 77.2675, 17.8776 ], [ 77.2772, 17.8796 ], [ 77.2795, 17.8846 ], [ 77.2899, 17.8779 ], [ 77.3133, 17.8881 ], [ 77.3134, 17.8794 ], [ 77.3178, 17.8802 ], [ 77.3227, 17.8713 ], [ 77.3184, 17.8649 ], [ 77.3202, 17.8643 ], [ 77.3196, 17.8592 ], [ 77.3146, 17.855 ], [ 77.33, 17.8531 ], [ 77.3312, 17.8471 ], [ 77.3273, 17.8482 ], [ 77.3267, 17.8452 ], [ 77.3306, 17.8432 ], [ 77.3287, 17.8391 ], [ 77.3218, 17.8413 ], [ 77.3189, 17.833 ], [ 77.3166, 17.8332 ], [ 77.3174, 17.8197 ], [ 77.3102, 17.8168 ], [ 77.3031, 17.8179 ], [ 77.303, 17.8149 ], [ 77.2947, 17.8151 ], [ 77.298, 17.811 ], [ 77.2976, 17.8076 ], [ 77.2961, 17.8041 ], [ 77.2927, 17.8049 ], [ 77.2872, 17.78 ], [ 77.2689, 17.7807 ], [ 77.2658, 17.7763 ], [ 77.259, 17.7766 ], [ 77.2576, 17.7732 ], [ 77.2497, 17.773 ], [ 77.2446, 17.792 ], [ 77.2379, 17.7882 ], [ 77.2315, 17.7879 ], [ 77.2204, 17.776 ], [ 77.2261, 17.765 ], [ 77.2272, 17.7467 ], [ 77.2231, 17.7388 ], [ 77.2193, 17.7402 ], [ 77.2074, 17.7372 ], [ 77.1962, 17.7268 ], [ 77.1876, 17.7273 ], [ 77.1777, 17.7111 ], [ 77.164, 17.7106 ], [ 77.164, 17.7075 ], [ 77.1558, 17.7088 ], [ 77.1541, 17.7007 ], [ 77.1449, 17.6987 ], [ 77.1364, 17.6826 ], [ 77.1282, 17.6818 ], [ 77.1269, 17.6863 ], [ 77.1177, 17.686 ], [ 77.1146, 17.6779 ], [ 77.1063, 17.6733 ], [ 77.1043, 17.6686 ], [ 77.0894, 17.6687 ], [ 77.0852, 17.6589 ], [ 77.0808, 17.6622 ], [ 77.074, 17.6615 ], [ 77.0596, 17.6725 ], [ 77.0633, 17.6911 ], [ 77.0607, 17.6979 ], [ 77.0612, 17.7044 ], [ 77.0511, 17.7069 ], [ 77.0553, 17.7315 ], [ 77.0642, 17.7402 ], [ 77.0668, 17.7404 ], [ 77.0665, 17.7422 ], [ 77.0712, 17.7413 ], [ 77.0739, 17.7464 ], [ 77.073, 17.7513 ], [ 77.0709, 17.7504 ], [ 77.0617, 17.7656 ], [ 77.0608, 17.7717 ], [ 77.0617, 17.7766 ], [ 77.0676, 17.7811 ], [ 77.0687, 17.7857 ], [ 77.0775, 17.7853 ], [ 77.0802, 17.794 ], [ 77.0773, 17.8056 ], [ 77.0806, 17.8121 ], [ 77.0699, 17.8228 ], [ 77.0726, 17.8248 ], [ 77.0709, 17.8323 ], [ 77.0739, 17.8433 ], [ 77.0702, 17.8447 ], [ 77.0679, 17.8559 ], [ 77.0694, 17.875 ], [ 77.0482, 17.8766 ], [ 77.0428, 17.8899 ], [ 77.0462, 17.9006 ], [ 77.0431, 17.9061 ], [ 77.0537, 17.9171 ], [ 77.0741, 17.9204 ], [ 77.0795, 17.9191 ], [ 77.0826, 17.9319 ], [ 77.0866, 17.9336 ], [ 77.0869, 17.9377 ], [ 77.0899, 17.937 ], [ 77.0942, 17.9401 ], [ 77.0948, 17.9427 ], [ 77.1069, 17.94 ], [ 77.1114, 17.93 ], [ 77.124, 17.9293 ], [ 77.129, 17.9264 ], [ 77.1366, 17.9301 ], [ 77.1402, 17.9429 ], [ 77.1462, 17.9438 ] ] ], [ [ [ 77.2029, 17.8885 ], [ 77.199, 17.8898 ], [ 77.2015, 17.8925 ], [ 77.2029, 17.8885 ] ] ], [ [ [ 77.2061, 17.8892 ], [ 77.205, 17.8921 ], [ 77.207, 17.891 ], [ 77.2061, 17.8892 ] ] ], [ [ [ 77.2274, 17.8936 ], [ 77.228, 17.899 ], [ 77.2317, 17.8981 ], [ 77.2293, 17.8945 ], [ 77.2274, 17.8936 ] ] ], [ [ [ 77.2068, 17.8962 ], [ 77.2052, 17.8976 ], [ 77.207, 17.8974 ], [ 77.2068, 17.8962 ] ] ], [ [ [ 77.1932, 17.9052 ], [ 77.1924, 17.9066 ], [ 77.1925, 17.9089 ], [ 77.1932, 17.9052 ] ] ], [ [ [ 77.204, 17.919 ], [ 77.2018, 17.9197 ], [ 77.202, 17.9213 ], [ 77.2031, 17.9213 ], [ 77.204, 17.919 ] ] ], [ [ [ 77.2078, 17.9267 ], [ 77.2071, 17.9311 ], [ 77.2081, 17.9312 ], [ 77.2078, 17.9267 ] ] ] ] } },
{ "type": "Feature", "properties": { "area_id": "KGIS-T-0506", "name_en": "Chittaguppa", "name_kn": "ಚಿಟಗುಪ್ಪಾ", "level": "block", "parent_id": "KGIS-D-05", "district_en": "Bidar", "lgd_code": null }, "geometry": { "type": "Polygon", "coordinates": [ [ [ 77.2444, 17.7921 ], [ 77.2497, 17.773 ], [ 77.2576, 17.7732 ], [ 77.259, 17.7766 ], [ 77.2658, 17.7763 ], [ 77.2662, 17.779 ], [ 77.2729, 17.7813 ], [ 77.2948, 17.7793 ], [ 77.2885, 17.7627 ], [ 77.3143, 17.7593 ], [ 77.3166, 17.7621 ], [ 77.3228, 17.7485 ], [ 77.3237, 17.7381 ], [ 77.3277, 17.7372 ], [ 77.3301, 17.7335 ], [ 77.3311, 17.7231 ], [ 77.3366, 17.7227 ], [ 77.3389, 17.7267 ], [ 77.3417, 17.7257 ], [ 77.3468, 17.7358 ], [ 77.3537, 17.7344 ], [ 77.3744, 17.7367 ], [ 77.3864, 17.7469 ], [ 77.3883, 17.7447 ], [ 77.3743, 17.7189 ], [ 77.3821, 17.7172 ], [ 77.3887, 17.7127 ], [ 77.3921, 17.7066 ], [ 77.3922, 17.6963 ], [ 77.4056, 17.6887 ], [ 77.4543, 17.6838 ], [ 77.4551, 17.6746 ], [ 77.4485, 17.6533 ], [ 77.4563, 17.6321 ], [ 77.4522, 17.6242 ], [ 77.4492, 17.6092 ], [ 77.4448, 17.6091 ], [ 77.4465, 17.5996 ], [ 77.4439, 17.5927 ], [ 77.4445, 17.5835 ], [ 77.4283, 17.5873 ], [ 77.4083, 17.583 ], [ 77.3786, 17.5835 ], [ 77.3771, 17.5943 ], [ 77.3577, 17.601 ], [ 77.3497, 17.5992 ], [ 77.3432, 17.588 ], [ 77.3132, 17.5942 ], [ 77.3045, 17.5984 ], [ 77.3003, 17.598 ], [ 77.2976, 17.6032 ], [ 77.2989, 17.6064 ], [ 77.2944, 17.6085 ], [ 77.296, 17.6141 ], [ 77.2912, 17.611 ], [ 77.2851, 17.6149 ], [ 77.2868, 17.617 ], [ 77.284, 17.619 ], [ 77.2795, 17.6177 ], [ 77.2749, 17.6272 ], [ 77.2584, 17.6231 ], [ 77.2443, 17.6296 ], [ 77.2333, 17.63 ], [ 77.231, 17.632 ], [ 77.2282, 17.6299 ], [ 77.2217, 17.6315 ], [ 77.22, 17.6289 ], [ 77.2101, 17.6291 ], [ 77.2064, 17.6264 ], [ 77.1986, 17.6319 ], [ 77.1956, 17.6287 ], [ 77.1939, 17.6152 ], [ 77.1825, 17.6183 ], [ 77.173, 17.6242 ], [ 77.1702, 17.6218 ], [ 77.1713, 17.6271 ], [ 77.155, 17.6284 ], [ 77.1509, 17.6313 ], [ 77.1505, 17.6414 ], [ 77.1433, 17.6471 ], [ 77.1449, 17.6556 ], [ 77.1319, 17.6611 ], [ 77.1327, 17.6814 ], [ 77.1364, 17.6826 ], [ 77.1449, 17.6987 ], [ 77.1541, 17.7007 ], [ 77.1558, 17.7088 ], [ 77.164, 17.7075 ], [ 77.164, 17.7106 ], [ 77.1777, 17.7111 ], [ 77.1876, 17.7273 ], [ 77.1962, 17.7268 ], [ 77.2074, 17.7372 ], [ 77.2193, 17.7402 ], [ 77.2231, 17.7388 ], [ 77.2272, 17.7467 ], [ 77.2261, 17.765 ], [ 77.2204, 17.776 ], [ 77.2315, 17.7879 ], [ 77.2379, 17.7882 ], [ 77.2444, 17.7921 ] ] ] } },
{ "type": "Feature", "properties": { "area_id": "KGIS-T-0507", "name_en": "Kamalanagara", "name_kn": "ಕಮಲನಗರ", "level": "block", "parent_id": "KGIS-D-05", "district_en": "Bidar", "lgd_code": null }, "geometry": { "type": "MultiPolygon", "coordinates": [ [ [ [ 77.3147, 18.4399 ], [ 77.311, 18.4372 ], [ 77.3162, 18.4221 ], [ 77.3108, 18.414 ], [ 77.3105, 18.4072 ], [ 77.3053, 18.4058 ], [ 77.3072, 18.3924 ], [ 77.3035, 18.3904 ], [ 77.308, 18.3738 ], [ 77.3049, 18.3663 ], [ 77.3047, 18.3477 ], [ 77.3027, 18.3472 ], [ 77.3105, 18.324 ], [ 77.3132, 18.3191 ], [ 77.3166, 18.32 ], [ 77.3192, 18.3176 ], [ 77.3194, 18.3135 ], [ 77.3128, 18.2944 ], [ 77.3153, 18.2933 ], [ 77.3136, 18.2811 ], [ 77.3097, 18.2752 ], [ 77.3061, 18.2745 ], [ 77.3063, 18.2637 ], [ 77.3113, 18.2625 ], [ 77.313, 18.2562 ], [ 77.3177, 18.2522 ], [ 77.3261, 18.251 ], [ 77.335, 18.2555 ], [ 77.337, 18.253 ], [ 77.3434, 18.2645 ], [ 77.3489, 18.2624 ], [ 77.339, 18.2524 ], [ 77.3362, 18.2344 ], [ 77.3393, 18.2224 ], [ 77.3347, 18.2074 ], [ 77.3492, 18.2031 ], [ 77.3647, 18.2159 ], [ 77.3694, 18.2138 ], [ 77.363, 18.2014 ], [ 77.3647, 18.1953 ], [ 77.3599, 18.1856 ], [ 77.364, 18.1779 ], [ 77.359, 18.1531 ], [ 77.3558, 18.1479 ], [ 77.3447, 18.1492 ], [ 77.3422, 18.1469 ], [ 77.3421, 18.1445 ], [ 77.3487, 18.1425 ], [ 77.3461, 18.1292 ], [ 77.3487, 18.1199 ], [ 77.3304, 18.1244 ], [ 77.322, 18.1196 ], [ 77.3157, 18.1197 ], [ 77.3003, 18.1282 ], [ 77.293, 18.135 ], [ 77.2727, 18.1319 ], [ 77.262, 18.1496 ], [ 77.2617, 18.1543 ], [ 77.2484, 18.1597 ], [ 77.2378, 18.1604 ], [ 77.2352, 18.1513 ], [ 77.2278, 18.1472 ], [ 77.2203, 18.1552 ], [ 77.2215, 18.1634 ], [ 77.2157, 18.1677 ], [ 77.2125, 18.1669 ], [ 77.2047, 18.1452 ], [ 77.1966, 18.1392 ], [ 77.1864, 18.1397 ], [ 77.1849, 18.1418 ], [ 77.1815, 18.1677 ], [ 77.1781, 18.1712 ], [ 77.1696, 18.1689 ], [ 77.1604, 18.1577 ], [ 77.1504, 18.1536 ], [ 77.1454, 18.1627 ], [ 77.1478, 18.1669 ], [ 77.1475, 18.1737 ], [ 77.1415, 18.1764 ], [ 77.1436, 18.1793 ], [ 77.1433, 18.1816 ], [ 77.1408, 18.1818 ], [ 77.1403, 18.1868 ], [ 77.1337, 18.1818 ], [ 77.1333, 18.1929 ], [ 77.1385, 18.2012 ], [ 77.1338, 18.2059 ], [ 77.1403, 18.2076 ], [ 77.1427, 18.2169 ], [ 77.1517, 18.2175 ], [ 77.151, 18.2212 ], [ 77.1489, 18.2214 ], [ 77.1488, 18.2394 ], [ 77.1519, 18.2388 ], [ 77.1599, 18.2571 ], [ 77.1697, 18.2609 ], [ 77.171, 18.2773 ], [ 77.1747, 18.2848 ], [ 77.1874, 18.2849 ], [ 77.1979, 18.2768 ], [ 77.2136, 18.2808 ], [ 77.2095, 18.2884 ], [ 77.2102, 18.2947 ], [ 77.2055, 18.2941 ], [ 77.2037, 18.2968 ], [ 77.2023, 18.3094 ], [ 77.1988, 18.3146 ], [ 77.2021, 18.3218 ], [ 77.2116, 18.3162 ], [ 77.2149, 18.3234 ], [ 77.2188, 18.3256 ], [ 77.2225, 18.3393 ], [ 77.2294, 18.3476 ], [ 77.2196, 18.3489 ], [ 77.2243, 18.3566 ], [ 77.2254, 18.3651 ], [ 77.233, 18.3694 ], [ 77.2463, 18.3701 ], [ 77.2486, 18.3744 ], [ 77.2398, 18.3772 ], [ 77.2334, 18.388 ], [ 77.235, 18.4007 ], [ 77.2402, 18.4133 ], [ 77.2441, 18.4153 ], [ 77.2597, 18.4136 ], [ 77.2664, 18.4228 ], [ 77.2728, 18.4226 ], [ 77.2824, 18.4308 ], [ 77.2891, 18.4314 ], [ 77.304, 18.4402 ], [ 77.3132, 18.4414 ], [ 77.3147, 18.4399 ] ] ], [ [ [ 77.2807, 18.4753 ], [ 77.2999, 18.4761 ], [ 77.2993, 18.4652 ], [ 77.2906, 18.4553 ], [ 77.2673, 18.4543 ], [ 77.2751, 18.4776 ], [ 77.2807, 18.4753 ] ] ] ] } },
{ "type": "Feature", "properties": { "area_id": "KGIS-T-0508", "name_en": "Hulasuru", "name_kn": "", "level": "block", "parent_id": "KGIS-D-05", "district_en": "Bidar", "lgd_code": null }, "geometry": { "type": "Polygon", "coordinates": [ [ [ 77.0107, 18.062 ], [ 77.0177, 18.0631 ], [ 77.0318, 18.0522 ], [ 77.0317, 18.0493 ], [ 77.0481, 18.0462 ], [ 77.0525, 18.0426 ], [ 77.0493, 18.0262 ], [ 77.0437, 18.0251 ], [ 77.0441, 18.021 ], [ 77.0581, 18.0224 ], [ 77.0643, 18.0196 ], [ 77.0623, 18.0051 ], [ 77.0601, 18.0003 ], [ 77.0577, 18.0002 ], [ 77.0563, 17.9909 ], [ 77.0561, 17.9845 ], [ 77.0627, 17.9803 ], [ 77.0588, 17.975 ], [ 77.0755, 17.9767 ], [ 77.0868, 17.9725 ], [ 77.0901, 17.9548 ], [ 77.0947, 17.9522 ], [ 77.0942, 17.9401 ], [ 77.0899, 17.937 ], [ 77.0869, 17.9377 ], [ 77.0866, 17.9336 ], [ 77.0826, 17.9319 ], [ 77.0795, 17.9191 ], [ 77.0741, 17.9204 ], [ 77.0537, 17.9171 ], [ 77.0429, 17.9059 ], [ 77.0342, 17.9073 ], [ 77.0342, 17.9095 ], [ 77.0233, 17.9138 ], [ 77.0147, 17.9266 ], [ 77.0061, 17.9312 ], [ 76.9955, 17.9236 ], [ 76.9562, 17.9323 ], [ 76.9556, 17.9347 ], [ 76.9471, 17.9371 ], [ 76.9458, 17.9535 ], [ 76.9149, 17.9573 ], [ 76.9124, 17.975 ], [ 76.9134, 17.9932 ], [ 76.9125, 17.9967 ], [ 76.9065, 17.9967 ], [ 76.908, 17.9988 ], [ 76.9057, 18.0099 ], [ 76.9078, 18.0144 ], [ 76.9115, 18.0147 ], [ 76.9145, 18.0356 ], [ 76.9467, 18.0389 ], [ 76.953, 18.0417 ], [ 76.9547, 18.0367 ], [ 76.9566, 18.038 ], [ 76.9602, 18.0329 ], [ 76.9811, 18.026 ], [ 76.9846, 18.0456 ], [ 76.9908, 18.0472 ], [ 76.9919, 18.0644 ], [ 76.9994, 18.0668 ], [ 77.0107, 18.062 ] ] ] } },
{ "type": "Feature", "properties": { "area_id": "KGIS-T-0601", "name_en": "Lingasugur", "name_kn": "ಲಿಂಗಸುಗೂರು", "level": "block", "parent_id": "KGIS-D-06", "district_en": "Raichur", "lgd_code": "5459" }, "geometry": { "type": "Polygon", "coordinates": [ [ [ 76.6542, 16.357 ], [ 76.6868, 16.3583 ], [ 76.6924, 16.342 ], [ 76.7083, 16.3408 ], [ 76.7093, 16.3424 ], [ 76.7236, 16.3389 ], [ 76.7348, 16.3222 ], [ 76.7313, 16.302 ], [ 76.7405, 16.2926 ], [ 76.7626, 16.2805 ], [ 76.7647, 16.2634 ], [ 76.763, 16.2582 ], [ 76.729, 16.2461 ], [ 76.721, 16.2167 ], [ 76.7481, 16.2099 ], [ 76.7565, 16.2149 ], [ 76.7621, 16.2239 ], [ 76.7862, 16.2217 ], [ 76.7842, 16.2194 ], [ 76.7793, 16.2192 ], [ 76.7761, 16.2044 ], [ 76.7705, 16.1943 ], [ 76.7726, 16.1676 ], [ 76.7654, 16.1406 ], [ 76.7202, 16.156 ], [ 76.7097, 16.1574 ], [ 76.7082, 16.1551 ], [ 76.697, 16.1553 ], [ 76.6926, 16.147 ], [ 76.6884, 16.1474 ], [ 76.6911, 16.1262 ], [ 76.6838, 16.1225 ], [ 76.6801, 16.1161 ], [ 76.6678, 16.1197 ], [ 76.6632, 16.1124 ], [ 76.6582, 16.1127 ], [ 76.6547, 16.0873 ], [ 76.6505, 16.0874 ], [ 76.6441, 16.0789 ], [ 76.6338, 16.0795 ], [ 76.6247, 16.0869 ], [ 76.6127, 16.0908 ], [ 76.6127, 16.1022 ], [ 76.6093, 16.1028 ], [ 76.6118, 16.1147 ], [ 76.5847, 16.1222 ], [ 76.5834, 16.1151 ], [ 76.5809, 16.1157 ], [ 76.5789, 16.1071 ], [ 76.5721, 16.0976 ], [ 76.568, 16.096 ], [ 76.5541, 16.0985 ], [ 76.5514, 16.0892 ], [ 76.5485, 16.0897 ], [ 76.5476, 16.085 ], [ 76.5457, 16.085 ], [ 76.5455, 16.0791 ], [ 76.5296, 16.0779 ], [ 76.5285, 16.0797 ], [ 76.5167, 16.0801 ], [ 76.4995, 16.0793 ], [ 76.4986, 16.0772 ], [ 76.4854, 16.0784 ], [ 76.4858, 16.0809 ], [ 76.4733, 16.0828 ], [ 76.4716, 16.0787 ], [ 76.4657, 16.0773 ], [ 76.4507, 16.0535 ], [ 76.4483, 16.0405 ], [ 76.456, 16.0364 ], [ 76.4548, 16.0343 ], [ 76.458, 16.0327 ], [ 76.4599, 16.0264 ], [ 76.4665, 16.0253 ], [ 76.4658, 16.0232 ], [ 76.4721, 16.0209 ], [ 76.4816, 16.0256 ], [ 76.49, 16.0229 ], [ 76.4893, 16.0112 ], [ 76.4808, 16.0105 ], [ 76.4734, 16.0018 ], [ 76.4704, 15.9935 ], [ 76.4724, 15.9908 ], [ 76.471, 15.9845 ], [ 76.4653, 15.9856 ], [ 76.4572, 15.9806 ], [ 76.4551, 15.9684 ], [ 76.4567, 15.957 ], [ 76.4485, 15.9571 ], [ 76.4492, 15.9502 ], [ 76.4431, 15.9372 ], [ 76.4457, 15.9362 ], [ 76.4446, 15.9338 ], [ 76.4466, 15.9311 ], [ 76.4523, 15.9287 ], [ 76.455, 15.9159 ], [ 76.4682, 15.9055 ], [ 76.4614, 15.8846 ], [ 76.4946, 15.878 ], [ 76.4929, 15.8684 ], [ 76.5019, 15.8659 ], [ 76.4981, 15.8556 ], [ 76.4792, 15.854 ], [ 76.4568, 15.8622 ], [ 76.4496, 15.8533 ], [ 76.4168, 15.8648 ], [ 76.4221, 15.8732 ], [ 76.424, 15.888 ], [ 76.4264, 15.8906 ], [ 76.4038, 15.8995 ], [ 76.4034, 15.9021 ], [ 76.3751, 15.9022 ], [ 76.3736, 15.9176 ], [ 76.3702, 15.9129 ], [ 76.358, 15.9088 ], [ 76.3537, 15.9032 ], [ 76.3585, 15.9011 ], [ 76.3569, 15.8973 ], [ 76.3588, 15.8813 ], [ 76.3555, 15.8654 ], [ 76.3512, 15.8634 ], [ 76.3377, 15.8716 ], [ 76.3418, 15.8769 ], [ 76.3462, 15.8905 ], [ 76.3451, 15.9008 ], [ 76.3302, 15.9052 ], [ 76.3211, 15.9035 ], [ 76.3211, 15.9016 ], [ 76.3146, 15.8995 ], [ 76.3133, 15.8949 ], [ 76.3065, 15.8932 ], [ 76.3007, 15.8963 ], [ 76.2898, 15.8926 ], [ 76.2854, 15.9026 ], [ 76.2857, 15.9303 ], [ 76.3018, 15.9305 ], [ 76.3026, 15.9238 ], [ 76.3127, 15.9222 ], [ 76.3129, 15.9289 ], [ 76.3286, 15.9323 ], [ 76.3289, 15.9346 ], [ 76.3225, 15.956 ], [ 76.3093, 15.957 ], [ 76.2999, 15.9765 ], [ 76.2965, 15.9923 ], [ 76.2979, 15.9989 ], [ 76.3117, 16.0004 ], [ 76.3111, 16.0138 ], [ 76.3055, 16.0256 ], [ 76.3033, 16.0394 ], [ 76.3071, 16.0659 ], [ 76.3032, 16.0674 ], [ 76.3039, 16.0735 ], [ 76.2604, 16.074 ], [ 76.2588, 16.0912 ], [ 76.2938, 16.0888 ], [ 76.2992, 16.0842 ], [ 76.3275, 16.0775 ], [ 76.3325, 16.0913 ], [ 76.3203, 16.0937 ], [ 76.3042, 16.1016 ], [ 76.2678, 16.1097 ], [ 76.262, 16.0972 ], [ 76.2558, 16.0974 ], [ 76.2531, 16.1041 ], [ 76.2542, 16.1095 ], [ 76.2446, 16.1132 ], [ 76.2466, 16.1281 ], [ 76.2343, 16.1305 ], [ 76.2385, 16.1652 ], [ 76.2536, 16.1605 ], [ 76.2698, 16.1521 ], [ 76.2788, 16.1525 ], [ 76.2901, 16.1685 ], [ 76.2971, 16.1854 ], [ 76.3034, 16.1882 ], [ 76.3056, 16.1856 ], [ 76.3301, 16.1935 ], [ 76.3332, 16.1919 ], [ 76.3479, 16.1982 ], [ 76.3554, 16.2058 ], [ 76.3621, 16.2073 ], [ 76.3677, 16.2185 ], [ 76.3754, 16.2198 ], [ 76.3948, 16.23 ], [ 76.3993, 16.2396 ], [ 76.4149, 16.2416 ], [ 76.4138, 16.2505 ], [ 76.4323, 16.2607 ], [ 76.4499, 16.2759 ], [ 76.4536, 16.2732 ], [ 76.4638, 16.2781 ], [ 76.4635, 16.2811 ], [ 76.4769, 16.2908 ], [ 76.5, 16.2991 ], [ 76.4988, 16.3017 ], [ 76.5362, 16.3088 ], [ 76.5666, 16.3297 ], [ 76.5805, 16.331 ], [ 76.5902, 16.3398 ], [ 76.613, 16.3421 ], [ 76.6328, 16.3539 ], [ 76.6461, 16.3559 ], [ 76.6504, 16.3608 ], [ 76.6542, 16.357 ] ] ] } },
{ "type": "Feature", "properties": { "area_id": "KGIS-T-0602", "name_en": "Devdurga", "name_kn": "ದೇವದುರ್ಗ", "level": "block", "parent_id": "KGIS-D-06", "district_en": "Raichur", "lgd_code": "5460" }, "geometry": { "type": "MultiPolygon", "coordinates": [ [ [ [ 77.1768, 16.2369 ], [ 77.1795, 16.2345 ], [ 77.1789, 16.231 ], [ 77.1712, 16.2309 ], [ 77.1768, 16.2369 ] ] ], [ [ [ 76.9903, 16.5615 ], [ 77.0071, 16.5483 ], [ 77.0082, 16.5366 ], [ 77.0037, 16.5135 ], [ 77.0101, 16.5031 ], [ 77.0143, 16.5012 ], [ 77.0237, 16.5034 ], [ 77.0435, 16.5193 ], [ 77.0594, 16.5186 ], [ 77.0715, 16.5062 ], [ 77.0939, 16.4958 ], [ 77.106, 16.487 ], [ 77.1312, 16.4825 ], [ 77.1531, 16.4748 ], [ 77.1586, 16.4659 ], [ 77.1608, 16.442 ], [ 77.1738, 16.4302 ], [ 77.2068, 16.4264 ], [ 77.2246, 16.4218 ], [ 77.221, 16.4163 ], [ 77.2194, 16.4003 ], [ 77.2161, 16.3996 ], [ 77.2121, 16.3892 ], [ 77.2094, 16.3746 ], [ 77.2062, 16.3747 ], [ 77.2056, 16.3717 ], [ 77.2015, 16.3725 ], [ 77.1984, 16.3528 ], [ 77.1964, 16.353 ], [ 77.1939, 16.3452 ], [ 77.1992, 16.3429 ], [ 77.1991, 16.3377 ], [ 77.2046, 16.3402 ], [ 77.2043, 16.3351 ], [ 77.2127, 16.3325 ], [ 77.2175, 16.3334 ], [ 77.2193, 16.3298 ], [ 77.2153, 16.3299 ], [ 77.2155, 16.3229 ], [ 77.2108, 16.3228 ], [ 77.2108, 16.3202 ], [ 77.2062, 16.3195 ], [ 77.2026, 16.315 ], [ 77.202, 16.309 ], [ 77.2049, 16.3041 ], [ 77.2039, 16.2925 ], [ 77.2006, 16.2928 ], [ 77.1987, 16.2818 ], [ 77.1963, 16.2827 ], [ 77.1956, 16.2781 ], [ 77.1996, 16.277 ], [ 77.1994, 16.2731 ], [ 77.1915, 16.2719 ], [ 77.1924, 16.2814 ], [ 77.1855, 16.2871 ], [ 77.1858, 16.2907 ], [ 77.1767, 16.2927 ], [ 77.1727, 16.288 ], [ 77.1707, 16.2894 ], [ 77.1687, 16.2754 ], [ 77.1666, 16.2752 ], [ 77.1696, 16.2584 ], [ 77.1657, 16.2529 ], [ 77.1679, 16.2459 ], [ 77.1729, 16.2412 ], [ 77.1713, 16.2334 ], [ 77.1651, 16.2314 ], [ 77.1624, 16.2371 ], [ 77.1558, 16.237 ], [ 77.1559, 16.2411 ], [ 77.1502, 16.2411 ], [ 77.15, 16.2372 ], [ 77.1448, 16.2379 ], [ 77.1443, 16.2338 ], [ 77.1508, 16.2322 ], [ 77.1501, 16.2285 ], [ 77.1575, 16.2244 ], [ 77.1584, 16.2201 ], [ 77.162, 16.2203 ], [ 77.1618, 16.2074 ], [ 77.1542, 16.2032 ], [ 77.1508, 16.1924 ], [ 77.1216, 16.1942 ], [ 77.1188, 16.2035 ], [ 77.1161, 16.2034 ], [ 77.1153, 16.2072 ], [ 77.1178, 16.2079 ], [ 77.1183, 16.2113 ], [ 77.1072, 16.213 ], [ 77.1074, 16.2191 ], [ 77.0886, 16.2198 ], [ 77.0837, 16.199 ], [ 77.0816, 16.1992 ], [ 77.0811, 16.1972 ], [ 77.0801, 16.179 ], [ 77.0709, 16.1815 ], [ 77.0659, 16.1954 ], [ 77.0573, 16.1979 ], [ 77.0448, 16.1991 ], [ 77.0414, 16.1933 ], [ 77.0115, 16.1978 ], [ 76.9986, 16.1975 ], [ 76.9967, 16.1925 ], [ 76.9896, 16.1981 ], [ 76.9852, 16.1986 ], [ 76.9796, 16.1956 ], [ 76.9811, 16.193 ], [ 76.9794, 16.1913 ], [ 76.9726, 16.1942 ], [ 76.969, 16.2002 ], [ 76.9574, 16.204 ], [ 76.9568, 16.1922 ], [ 76.938, 16.1977 ], [ 76.9331, 16.1976 ], [ 76.933, 16.1912 ], [ 76.9126, 16.1956 ], [ 76.9078, 16.1932 ], [ 76.9005, 16.2018 ], [ 76.8961, 16.2029 ], [ 76.8718, 16.1875 ], [ 76.8664, 16.1899 ], [ 76.8621, 16.1963 ], [ 76.8511, 16.1996 ], [ 76.8507, 16.2069 ], [ 76.8393, 16.2114 ], [ 76.8398, 16.2169 ], [ 76.8335, 16.215 ], [ 76.8303, 16.221 ], [ 76.8125, 16.2222 ], [ 76.8076, 16.2202 ], [ 76.8062, 16.2159 ], [ 76.7897, 16.2262 ], [ 76.7868, 16.2218 ], [ 76.7839, 16.2214 ], [ 76.7621, 16.2239 ], [ 76.7565, 16.2149 ], [ 76.7481, 16.2099 ], [ 76.7213, 16.2162 ], [ 76.729, 16.2461 ], [ 76.763, 16.2582 ], [ 76.7647, 16.2634 ], [ 76.7626, 16.2805 ], [ 76.7405, 16.2926 ], [ 76.7313, 16.302 ], [ 76.7348, 16.3222 ], [ 76.7236, 16.3389 ], [ 76.7093, 16.3424 ], [ 76.7083, 16.3408 ], [ 76.6924, 16.342 ], [ 76.6868, 16.3583 ], [ 76.6526, 16.3571 ], [ 76.6504, 16.3608 ], [ 76.6654, 16.3732 ], [ 76.6852, 16.3787 ], [ 76.7098, 16.3901 ], [ 76.7078, 16.3944 ], [ 76.724, 16.4029 ], [ 76.7358, 16.4055 ], [ 76.7457, 16.4136 ], [ 76.7489, 16.4124 ], [ 76.7551, 16.4253 ], [ 76.7674, 16.4264 ], [ 76.7803, 16.4199 ], [ 76.7878, 16.4195 ], [ 76.8251, 16.4245 ], [ 76.8444, 16.4321 ], [ 76.8633, 16.4539 ], [ 76.8654, 16.4604 ], [ 76.8645, 16.4828 ], [ 76.8726, 16.4904 ], [ 76.8848, 16.4924 ], [ 76.9007, 16.487 ], [ 76.9064, 16.4873 ], [ 76.9593, 16.502 ], [ 76.9717, 16.5083 ], [ 76.9751, 16.5155 ], [ 76.9747, 16.5243 ], [ 76.9666, 16.5383 ], [ 76.9661, 16.5511 ], [ 76.9773, 16.5611 ], [ 76.9903, 16.5615 ] ] ] ] } },
{ "type": "Feature", "properties": { "area_id": "KGIS-T-0603", "name_en": "Raichur", "name_kn": "ರಾಯಚೂರು", "level": "block", "parent_id": "KGIS-D-06", "district_en": "Raichur", "lgd_code": "5461" }, "geometry": { "type": "Polygon", "coordinates": [ [ [ 77.2245, 16.4215 ], [ 77.2499, 16.4157 ], [ 77.2653, 16.4059 ], [ 77.2797, 16.4063 ], [ 77.2903, 16.4128 ], [ 77.3143, 16.4016 ], [ 77.3378, 16.3976 ], [ 77.3519, 16.387 ], [ 77.3784, 16.3895 ], [ 77.399, 16.3753 ], [ 77.4181, 16.3702 ], [ 77.4261, 16.3721 ], [ 77.433, 16.3779 ], [ 77.4543, 16.3838 ], [ 77.4631, 16.3852 ], [ 77.4773, 16.3822 ], [ 77.4883, 16.3861 ], [ 77.5221, 16.3786 ], [ 77.5245, 16.3772 ], [ 77.5231, 16.3746 ], [ 77.5324, 16.3667 ], [ 77.5786, 16.3423 ], [ 77.5865, 16.348 ], [ 77.5947, 16.3473 ], [ 77.5964, 16.3376 ], [ 77.5884, 16.3325 ], [ 77.5972, 16.3161 ], [ 77.5924, 16.3028 ], [ 77.5932, 16.297 ], [ 77.5975, 16.2933 ], [ 77.5822, 16.291 ], [ 77.5692, 16.3035 ], [ 77.5637, 16.3016 ], [ 77.5449, 16.2919 ], [ 77.5408, 16.2854 ], [ 77.5372, 16.267 ], [ 77.5299, 16.2726 ], [ 77.5295, 16.2755 ], [ 77.5183, 16.2791 ], [ 77.5128, 16.2753 ], [ 77.5078, 16.2757 ], [ 77.5022, 16.2621 ], [ 77.4898, 16.2552 ], [ 77.4926, 16.244 ], [ 77.4919, 16.2293 ], [ 77.4956, 16.2265 ], [ 77.5034, 16.2307 ], [ 77.5138, 16.2308 ], [ 77.5166, 16.2264 ], [ 77.5152, 16.2217 ], [ 77.512, 16.2207 ], [ 77.502, 16.2242 ], [ 77.4989, 16.2106 ], [ 77.4998, 16.1999 ], [ 77.4912, 16.1844 ], [ 77.4857, 16.1647 ], [ 77.4902, 16.1605 ], [ 77.4913, 16.1549 ], [ 77.4899, 16.12 ], [ 77.5015, 16.1203 ], [ 77.5109, 16.113 ], [ 77.5145, 16.1068 ], [ 77.5084, 16.1094 ], [ 77.5008, 16.1065 ], [ 77.4965, 16.0945 ], [ 77.4982, 16.0848 ], [ 77.5069, 16.0801 ], [ 77.5025, 16.0593 ], [ 77.4996, 16.0611 ], [ 77.4963, 16.0549 ], [ 77.4996, 16.0535 ], [ 77.4973, 16.0482 ], [ 77.4984, 16.0442 ], [ 77.4929, 16.0398 ], [ 77.4947, 16.0396 ], [ 77.4953, 16.0309 ], [ 77.5007, 16.0266 ], [ 77.5066, 16.0104 ], [ 77.5142, 16.0085 ], [ 77.5095, 15.9807 ], [ 77.5154, 15.968 ], [ 77.5193, 15.9672 ], [ 77.5174, 15.9466 ], [ 77.512, 15.9237 ], [ 77.4718, 15.9339 ], [ 77.464, 15.9331 ], [ 77.4467, 15.9416 ], [ 77.4403, 15.9409 ], [ 77.432, 15.9454 ], [ 77.4217, 15.945 ], [ 77.4116, 15.9399 ], [ 77.3974, 15.9427 ], [ 77.388, 15.9388 ], [ 77.3872, 15.9428 ], [ 77.3752, 15.944 ], [ 77.3728, 15.9402 ], [ 77.3672, 15.9444 ], [ 77.3559, 15.9458 ], [ 77.3567, 15.9534 ], [ 77.3061, 15.9525 ], [ 77.2979, 15.955 ], [ 77.2825, 15.9509 ], [ 77.2617, 15.9571 ], [ 77.2724, 15.9874 ], [ 77.2752, 15.9871 ], [ 77.2759, 16.0003 ], [ 77.2706, 16.0495 ], [ 77.2457, 16.0612 ], [ 77.2489, 16.0879 ], [ 77.2399, 16.0914 ], [ 77.248, 16.1324 ], [ 77.2569, 16.131 ], [ 77.2574, 16.1455 ], [ 77.255, 16.1455 ], [ 77.2474, 16.1681 ], [ 77.2393, 16.1682 ], [ 77.2327, 16.1711 ], [ 77.2267, 16.1749 ], [ 77.225, 16.1813 ], [ 77.1716, 16.1805 ], [ 77.1578, 16.1829 ], [ 77.157, 16.1922 ], [ 77.1507, 16.1922 ], [ 77.1542, 16.2032 ], [ 77.1618, 16.2074 ], [ 77.162, 16.2203 ], [ 77.1584, 16.2201 ], [ 77.1575, 16.2244 ], [ 77.1501, 16.2285 ], [ 77.1508, 16.2322 ], [ 77.1442, 16.234 ], [ 77.1448, 16.2379 ], [ 77.15, 16.2372 ], [ 77.1502, 16.2411 ], [ 77.1559, 16.2411 ], [ 77.1558, 16.237 ], [ 77.1624, 16.2371 ], [ 77.1651, 16.2314 ], [ 77.1713, 16.2334 ], [ 77.1729, 16.2412 ], [ 77.1679, 16.2459 ], [ 77.1657, 16.2529 ], [ 77.1696, 16.2584 ], [ 77.1666, 16.2752 ], [ 77.1687, 16.2754 ], [ 77.1707, 16.2894 ], [ 77.1727, 16.288 ], [ 77.1767, 16.2927 ], [ 77.1858, 16.2907 ], [ 77.1855, 16.2871 ], [ 77.1924, 16.2814 ], [ 77.1915, 16.2719 ], [ 77.1994, 16.2731 ], [ 77.1996, 16.277 ], [ 77.1956, 16.2781 ], [ 77.1963, 16.2827 ], [ 77.1987, 16.2818 ], [ 77.2006, 16.2928 ], [ 77.2039, 16.2925 ], [ 77.2049, 16.3041 ], [ 77.202, 16.309 ], [ 77.2026, 16.315 ], [ 77.2062, 16.3195 ], [ 77.2108, 16.3202 ], [ 77.2108, 16.3228 ], [ 77.2155, 16.3229 ], [ 77.2153, 16.3299 ], [ 77.2194, 16.3313 ], [ 77.2175, 16.3334 ], [ 77.2127, 16.3325 ], [ 77.2043, 16.3351 ], [ 77.2046, 16.3402 ], [ 77.1991, 16.3377 ], [ 77.1992, 16.3429 ], [ 77.1939, 16.3452 ], [ 77.1964, 16.353 ], [ 77.1984, 16.3528 ], [ 77.2015, 16.3725 ], [ 77.2056, 16.3717 ], [ 77.2062, 16.3747 ], [ 77.2094, 16.3746 ], [ 77.2121, 16.3892 ], [ 77.2161, 16.3996 ], [ 77.2194, 16.4003 ], [ 77.221, 16.4163 ], [ 77.2245, 16.4215 ] ], [ [ 77.1758, 16.237 ], [ 77.1712, 16.2309 ], [ 77.1789, 16.231 ], [ 77.1795, 16.2345 ], [ 77.1758, 16.237 ] ] ] } },
{ "type": "Feature", "properties": { "area_id": "KGIS-T-0604", "name_en": "Manvi", "name_kn": "ಮಾನ್ವಿ", "level": "block", "parent_id": "KGIS-D-06", "district_en": "Raichur", "lgd_code": "5462" }, "geometry": { "type": "Polygon", "coordinates": [ [ [ 77.1348, 16.0981 ], [ 77.1506, 16.0969 ], [ 77.1594, 16.0895 ], [ 77.168, 16.0975 ], [ 77.1681, 16.0953 ], [ 77.2399, 16.0914 ], [ 77.2489, 16.0879 ], [ 77.2457, 16.0612 ], [ 77.2706, 16.0495 ], [ 77.2759, 16.0003 ], [ 77.2752, 15.9871 ], [ 77.2724, 15.9874 ], [ 77.2617, 15.9574 ], [ 77.2497, 15.9607 ], [ 77.2376, 15.9546 ], [ 77.1852, 15.9552 ], [ 77.1732, 15.95 ], [ 77.1562, 15.951 ], [ 77.1555, 15.9534 ], [ 77.1491, 15.9505 ], [ 77.1506, 15.9446 ], [ 77.1403, 15.9363 ], [ 77.1252, 15.9301 ], [ 77.1068, 15.9269 ], [ 77.0913, 15.9138 ], [ 77.0739, 15.905 ], [ 77.0564, 15.8777 ], [ 77.032, 15.851 ], [ 77.0176, 15.8622 ], [ 77.009, 15.8631 ], [ 76.9973, 15.8758 ], [ 76.9859, 15.8712 ], [ 76.9746, 15.874 ], [ 76.9695, 15.8714 ], [ 76.9639, 15.8764 ], [ 76.9558, 15.8773 ], [ 76.9501, 15.882 ], [ 76.9433, 15.8792 ], [ 76.9383, 15.8806 ], [ 76.9226, 15.8949 ], [ 76.9151, 15.8956 ], [ 76.9082, 15.9047 ], [ 76.8997, 15.9079 ], [ 76.8853, 15.9224 ], [ 76.8735, 15.9265 ], [ 76.8653, 15.925 ], [ 76.8546, 15.9282 ], [ 76.8368, 15.9425 ], [ 76.8276, 15.9435 ], [ 76.8132, 15.9407 ], [ 76.8123, 15.9334 ], [ 76.8068, 15.9326 ], [ 76.8027, 15.9339 ], [ 76.7929, 15.9462 ], [ 76.7741, 15.9553 ], [ 76.775, 15.9627 ], [ 76.7871, 15.9661 ], [ 76.7924, 15.9791 ], [ 76.8051, 15.9759 ], [ 76.8107, 15.9761 ], [ 76.8112, 15.9803 ], [ 76.8152, 15.9806 ], [ 76.8658, 15.9793 ], [ 76.8626, 16.0052 ], [ 76.8649, 16.0144 ], [ 76.872, 16.0143 ], [ 76.8711, 16.0302 ], [ 76.8919, 16.0393 ], [ 76.9148, 16.0415 ], [ 76.9137, 16.061 ], [ 76.9228, 16.0604 ], [ 76.9224, 16.0546 ], [ 76.9284, 16.0544 ], [ 76.9291, 16.0637 ], [ 76.9783, 16.0636 ], [ 76.9867, 16.0591 ], [ 76.9946, 16.0491 ], [ 77.0213, 16.0486 ], [ 77.0341, 16.0455 ], [ 77.0558, 16.047 ], [ 77.0706, 16.0454 ], [ 77.0748, 16.0629 ], [ 77.0798, 16.0622 ], [ 77.0822, 16.0687 ], [ 77.0941, 16.0767 ], [ 77.1166, 16.0741 ], [ 77.1254, 16.0783 ], [ 77.1195, 16.0922 ], [ 77.1348, 16.0981 ] ] ] } },
{ "type": "Feature", "properties": { "area_id": "KGIS-T-0605", "name_en": "Sindhanur", "name_kn": "ಸಿಂಧನೂರು", "level": "block", "parent_id": "KGIS-D-06", "district_en": "Raichur", "lgd_code": "5463" }, "geometry": { "type": "Polygon", "coordinates": [ [ [ 76.8329, 15.9426 ], [ 76.8405, 15.9403 ], [ 76.8546, 15.9282 ], [ 76.8653, 15.925 ], [ 76.8735, 15.9265 ], [ 76.8853, 15.9224 ], [ 76.8997, 15.9079 ], [ 76.9082, 15.9047 ], [ 76.9151, 15.8956 ], [ 76.9226, 15.8949 ], [ 76.9383, 15.8806 ], [ 76.9433, 15.8792 ], [ 76.9501, 15.882 ], [ 76.9558, 15.8773 ], [ 76.9639, 15.8764 ], [ 76.9695, 15.8714 ], [ 76.9746, 15.874 ], [ 76.9859, 15.8712 ], [ 76.9923, 15.8751 ], [ 76.9982, 15.8754 ], [ 77.0081, 15.8639 ], [ 77.0188, 15.8615 ], [ 77.032, 15.851 ], [ 77.0338, 15.8466 ], [ 77.0285, 15.8354 ], [ 77.0244, 15.8376 ], [ 77.0178, 15.8244 ], [ 76.9957, 15.8075 ], [ 76.967, 15.7804 ], [ 76.9631, 15.774 ], [ 76.9525, 15.7663 ], [ 76.9404, 15.7618 ], [ 76.933, 15.7478 ], [ 76.9361, 15.7474 ], [ 76.9304, 15.7313 ], [ 76.9276, 15.7353 ], [ 76.9244, 15.7313 ], [ 76.9157, 15.703 ], [ 76.9086, 15.6932 ], [ 76.8877, 15.685 ], [ 76.8595, 15.6513 ], [ 76.8591, 15.6448 ], [ 76.832, 15.624 ], [ 76.829, 15.6194 ], [ 76.8357, 15.602 ], [ 76.8317, 15.5977 ], [ 76.8349, 15.5775 ], [ 76.834, 15.5664 ], [ 76.8308, 15.561 ], [ 76.8177, 15.5532 ], [ 76.8127, 15.5468 ], [ 76.7941, 15.5543 ], [ 76.7791, 15.5571 ], [ 76.7597, 15.5659 ], [ 76.7559, 15.5704 ], [ 76.7552, 15.5845 ], [ 76.7488, 15.59 ], [ 76.7373, 15.5933 ], [ 76.7242, 15.591 ], [ 76.7011, 15.5943 ], [ 76.7005, 15.5909 ], [ 76.6888, 15.5956 ], [ 76.6911, 15.6032 ], [ 76.68, 15.6066 ], [ 76.68, 15.6224 ], [ 76.6807, 15.6267 ], [ 76.6935, 15.6246 ], [ 76.6943, 15.6454 ], [ 76.6917, 15.6483 ], [ 76.6852, 15.6479 ], [ 76.6768, 15.6411 ], [ 76.6702, 15.639 ], [ 76.6719, 15.658 ], [ 76.6534, 15.6604 ], [ 76.6539, 15.6659 ], [ 76.6312, 15.6706 ], [ 76.6106, 15.6703 ], [ 76.5995, 15.6735 ], [ 76.598, 15.6958 ], [ 76.5757, 15.6989 ], [ 76.5759, 15.7006 ], [ 76.5623, 15.7056 ], [ 76.5616, 15.7028 ], [ 76.5507, 15.699 ], [ 76.5414, 15.6987 ], [ 76.5443, 15.7035 ], [ 76.5398, 15.7043 ], [ 76.5356, 15.7035 ], [ 76.5358, 15.6991 ], [ 76.5318, 15.6994 ], [ 76.5289, 15.7008 ], [ 76.5276, 15.7067 ], [ 76.5094, 15.717 ], [ 76.4917, 15.7081 ], [ 76.4907, 15.7131 ], [ 76.4854, 15.7139 ], [ 76.4824, 15.7193 ], [ 76.4462, 15.7342 ], [ 76.4439, 15.7389 ], [ 76.4476, 15.7444 ], [ 76.4396, 15.7495 ], [ 76.4381, 15.7578 ], [ 76.4395, 15.7843 ], [ 76.4337, 15.7874 ], [ 76.4221, 15.7859 ], [ 76.422, 15.7909 ], [ 76.415, 15.7916 ], [ 76.4128, 15.7965 ], [ 76.4129, 15.8042 ], [ 76.4173, 15.8066 ], [ 76.4205, 15.8056 ], [ 76.4218, 15.8125 ], [ 76.4256, 15.8134 ], [ 76.4384, 15.8248 ], [ 76.445, 15.8232 ], [ 76.4523, 15.8149 ], [ 76.4534, 15.8061 ], [ 76.4607, 15.798 ], [ 76.4588, 15.7908 ], [ 76.4818, 15.781 ], [ 76.4936, 15.7847 ], [ 76.5069, 15.7815 ], [ 76.5347, 15.7945 ], [ 76.5356, 15.7995 ], [ 76.5553, 15.7978 ], [ 76.5764, 15.7901 ], [ 76.6006, 15.7892 ], [ 76.6085, 15.8236 ], [ 76.6193, 15.8245 ], [ 76.6226, 15.8386 ], [ 76.6247, 15.8358 ], [ 76.6332, 15.8339 ], [ 76.6365, 15.8337 ], [ 76.6377, 15.8381 ], [ 76.6418, 15.8371 ], [ 76.6499, 15.8346 ], [ 76.6493, 15.831 ], [ 76.6672, 15.8288 ], [ 76.6721, 15.8311 ], [ 76.6814, 15.8266 ], [ 76.6859, 15.8287 ], [ 76.6882, 15.8418 ], [ 76.689, 15.8565 ], [ 76.6864, 15.8609 ], [ 76.6885, 15.8777 ], [ 76.6956, 15.8766 ], [ 76.697, 15.882 ], [ 76.7069, 15.8795 ], [ 76.7074, 15.8819 ], [ 76.7165, 15.8807 ], [ 76.7167, 15.8823 ], [ 76.7242, 15.8822 ], [ 76.7259, 15.8868 ], [ 76.741, 15.8815 ], [ 76.7425, 15.8991 ], [ 76.757, 15.8973 ], [ 76.7557, 15.8801 ], [ 76.7687, 15.8793 ], [ 76.766, 15.8576 ], [ 76.7719, 15.8567 ], [ 76.7722, 15.8643 ], [ 76.7747, 15.8738 ], [ 76.7773, 15.8731 ], [ 76.7782, 15.8824 ], [ 76.7905, 15.881 ], [ 76.7935, 15.8913 ], [ 76.7911, 15.8946 ], [ 76.8085, 15.8936 ], [ 76.8132, 15.9407 ], [ 76.8329, 15.9426 ] ] ] } },
{ "type": "Feature", "properties": { "area_id": "KGIS-T-0606", "name_en": "Maski", "name_kn": "ಮಸ್ಕಿ", "level": "block", "parent_id": "KGIS-D-06", "district_en": "Raichur", "lgd_code": null }, "geometry": { "type": "Polygon", "coordinates": [ [ [ 76.7097, 16.1574 ], [ 76.7654, 16.1406 ], [ 76.7778, 16.1283 ], [ 76.7745, 16.1008 ], [ 76.7717, 16.0994 ], [ 76.771, 16.0848 ], [ 76.7772, 16.0834 ], [ 76.7809, 16.0862 ], [ 76.7951, 16.0868 ], [ 76.7973, 16.0628 ], [ 76.801, 16.061 ], [ 76.8022, 16.0498 ], [ 76.8526, 16.0448 ], [ 76.8518, 16.034 ], [ 76.8711, 16.0302 ], [ 76.872, 16.0143 ], [ 76.8649, 16.0144 ], [ 76.8626, 16.0052 ], [ 76.8658, 15.9793 ], [ 76.8152, 15.9806 ], [ 76.8112, 15.9803 ], [ 76.8107, 15.9761 ], [ 76.8051, 15.9759 ], [ 76.7924, 15.9791 ], [ 76.7871, 15.9661 ], [ 76.775, 15.9627 ], [ 76.7741, 15.9553 ], [ 76.7929, 15.9462 ], [ 76.8027, 15.9339 ], [ 76.8123, 15.9334 ], [ 76.8085, 15.8936 ], [ 76.7911, 15.8946 ], [ 76.7935, 15.8913 ], [ 76.7905, 15.881 ], [ 76.7782, 15.8824 ], [ 76.7773, 15.8731 ], [ 76.7747, 15.8738 ], [ 76.7722, 15.8643 ], [ 76.7719, 15.8567 ], [ 76.766, 15.8576 ], [ 76.7687, 15.8793 ], [ 76.7557, 15.8801 ], [ 76.757, 15.8973 ], [ 76.7425, 15.8991 ], [ 76.741, 15.8815 ], [ 76.7259, 15.8868 ], [ 76.7242, 15.8822 ], [ 76.7167, 15.8823 ], [ 76.7165, 15.8807 ], [ 76.7074, 15.8819 ], [ 76.7069, 15.8795 ], [ 76.697, 15.882 ], [ 76.6956, 15.8766 ], [ 76.6885, 15.8777 ], [ 76.6864, 15.8609 ], [ 76.689, 15.8565 ], [ 76.6882, 15.8418 ], [ 76.6859, 15.8287 ], [ 76.6814, 15.8266 ], [ 76.6721, 15.8311 ], [ 76.6672, 15.8288 ], [ 76.6493, 15.831 ], [ 76.6499, 15.8346 ], [ 76.6418, 15.8371 ], [ 76.6377, 15.8381 ], [ 76.6365, 15.8337 ], [ 76.6332, 15.8339 ], [ 76.6247, 15.8358 ], [ 76.6226, 15.8386 ], [ 76.6193, 15.8245 ], [ 76.6085, 15.8236 ], [ 76.6006, 15.7892 ], [ 76.5764, 15.7901 ], [ 76.5553, 15.7978 ], [ 76.5356, 15.7995 ], [ 76.5347, 15.7945 ], [ 76.5069, 15.7815 ], [ 76.4936, 15.7847 ], [ 76.4818, 15.781 ], [ 76.4588, 15.7908 ], [ 76.4607, 15.798 ], [ 76.4534, 15.8061 ], [ 76.4523, 15.8149 ], [ 76.4423, 15.8244 ], [ 76.4489, 15.8364 ], [ 76.4543, 15.8604 ], [ 76.4568, 15.8622 ], [ 76.4792, 15.854 ], [ 76.4843, 15.8557 ], [ 76.4943, 15.8539 ], [ 76.4981, 15.8556 ], [ 76.5019, 15.8659 ], [ 76.4929, 15.8684 ], [ 76.4946, 15.878 ], [ 76.4614, 15.8846 ], [ 76.4682, 15.9055 ], [ 76.455, 15.9159 ], [ 76.4523, 15.9287 ], [ 76.4466, 15.9311 ], [ 76.4446, 15.9338 ], [ 76.4457, 15.9362 ], [ 76.4431, 15.9372 ], [ 76.4492, 15.9502 ], [ 76.4485, 15.9571 ], [ 76.4567, 15.957 ], [ 76.4551, 15.9684 ], [ 76.4572, 15.9806 ], [ 76.4653, 15.9856 ], [ 76.4726, 15.9861 ], [ 76.4704, 15.9935 ], [ 76.4734, 16.0018 ], [ 76.4808, 16.0105 ], [ 76.4893, 16.0112 ], [ 76.4897, 16.0139 ], [ 76.49, 16.0229 ], [ 76.4816, 16.0256 ], [ 76.4721, 16.0209 ], [ 76.4658, 16.0232 ], [ 76.4665, 16.0253 ], [ 76.4599, 16.0264 ], [ 76.458, 16.0327 ], [ 76.4548, 16.0343 ], [ 76.456, 16.0364 ], [ 76.4483, 16.0405 ], [ 76.4507, 16.0535 ], [ 76.4611, 16.072 ], [ 76.465, 16.0737 ], [ 76.4657, 16.0773 ], [ 76.4716, 16.0787 ], [ 76.4733, 16.0828 ], [ 76.4858, 16.0809 ], [ 76.4854, 16.0784 ], [ 76.4986, 16.0772 ], [ 76.4995, 16.0793 ], [ 76.5167, 16.0801 ], [ 76.5285, 16.0797 ], [ 76.5296, 16.0779 ], [ 76.5455, 16.0791 ], [ 76.5457, 16.085 ], [ 76.5476, 16.085 ], [ 76.5485, 16.0897 ], [ 76.5514, 16.0892 ], [ 76.5541, 16.0985 ], [ 76.568, 16.096 ], [ 76.5721, 16.0976 ], [ 76.5789, 16.1071 ], [ 76.5809, 16.1157 ], [ 76.5834, 16.1151 ], [ 76.5847, 16.1222 ], [ 76.6118, 16.1147 ], [ 76.6093, 16.1028 ], [ 76.6127, 16.1022 ], [ 76.6127, 16.0908 ], [ 76.6247, 16.0869 ], [ 76.6338, 16.0795 ], [ 76.6441, 16.0789 ], [ 76.6505, 16.0874 ], [ 76.6547, 16.0873 ], [ 76.6582, 16.1127 ], [ 76.6632, 16.1124 ], [ 76.6678, 16.1197 ], [ 76.6801, 16.1161 ], [ 76.6838, 16.1225 ], [ 76.6911, 16.1262 ], [ 76.6884, 16.1474 ], [ 76.6926, 16.147 ], [ 76.697, 16.1553 ], [ 76.7082, 16.1551 ], [ 76.7097, 16.1574 ] ] ] } },
{ "type": "Feature", "properties": { "area_id": "KGIS-T-0607", "name_en": "Sirivara", "name_kn": "", "level": "block", "parent_id": "KGIS-D-06", "district_en": "Raichur", "lgd_code": null }, "geometry": { "type": "Polygon", "coordinates": [ [ [ 76.7897, 16.2262 ], [ 76.8062, 16.2159 ], [ 76.8076, 16.2202 ], [ 76.8125, 16.2222 ], [ 76.8303, 16.221 ], [ 76.8335, 16.215 ], [ 76.8398, 16.2169 ], [ 76.8393, 16.2114 ], [ 76.8507, 16.2069 ], [ 76.8511, 16.1996 ], [ 76.8621, 16.1963 ], [ 76.8664, 16.1899 ], [ 76.8718, 16.1875 ], [ 76.8961, 16.2029 ], [ 76.9005, 16.2018 ], [ 76.9078, 16.1932 ], [ 76.9126, 16.1956 ], [ 76.933, 16.1912 ], [ 76.9331, 16.1976 ], [ 76.938, 16.1977 ], [ 76.9568, 16.1922 ], [ 76.9574, 16.204 ], [ 76.969, 16.2002 ], [ 76.9726, 16.1942 ], [ 76.9794, 16.1913 ], [ 76.9811, 16.193 ], [ 76.9796, 16.1956 ], [ 76.9852, 16.1986 ], [ 76.9896, 16.1981 ], [ 76.9967, 16.1925 ], [ 76.9986, 16.1975 ], [ 77.0115, 16.1978 ], [ 77.0414, 16.1933 ], [ 77.0448, 16.1991 ], [ 77.0573, 16.1979 ], [ 77.0659, 16.1954 ], [ 77.0709, 16.1815 ], [ 77.0778, 16.1791 ], [ 77.0801, 16.179 ], [ 77.0811, 16.1972 ], [ 77.0837, 16.199 ], [ 77.0886, 16.2198 ], [ 77.1074, 16.2191 ], [ 77.1072, 16.213 ], [ 77.1183, 16.2113 ], [ 77.1178, 16.2079 ], [ 77.1153, 16.2072 ], [ 77.1161, 16.2034 ], [ 77.1188, 16.2035 ], [ 77.1216, 16.1942 ], [ 77.157, 16.1922 ], [ 77.1578, 16.1829 ], [ 77.1716, 16.1805 ], [ 77.225, 16.1813 ], [ 77.2267, 16.1749 ], [ 77.2327, 16.1711 ], [ 77.2393, 16.1682 ], [ 77.2474, 16.1681 ], [ 77.255, 16.1455 ], [ 77.2574, 16.1455 ], [ 77.2569, 16.1311 ], [ 77.248, 16.1324 ], [ 77.2399, 16.0914 ], [ 77.1681, 16.0953 ], [ 77.168, 16.0975 ], [ 77.1594, 16.0895 ], [ 77.1502, 16.097 ], [ 77.1323, 16.0982 ], [ 77.1318, 16.0954 ], [ 77.1195, 16.0922 ], [ 77.1254, 16.0783 ], [ 77.1166, 16.0741 ], [ 77.0944, 16.0767 ], [ 77.0888, 16.0744 ], [ 77.0822, 16.0687 ], [ 77.0798, 16.0622 ], [ 77.0748, 16.0629 ], [ 77.0706, 16.0454 ], [ 77.0558, 16.047 ], [ 77.0341, 16.0455 ], [ 77.0213, 16.0486 ], [ 76.9946, 16.0491 ], [ 76.9867, 16.0591 ], [ 76.9783, 16.0636 ], [ 76.9291, 16.0637 ], [ 76.9284, 16.0544 ], [ 76.9224, 16.0546 ], [ 76.9228, 16.0604 ], [ 76.9137, 16.061 ], [ 76.9148, 16.0415 ], [ 76.8919, 16.0393 ], [ 76.869, 16.0305 ], [ 76.8518, 16.034 ], [ 76.8526, 16.0448 ], [ 76.8022, 16.0498 ], [ 76.801, 16.061 ], [ 76.7973, 16.0628 ], [ 76.7951, 16.0868 ], [ 76.7809, 16.0862 ], [ 76.7772, 16.0834 ], [ 76.771, 16.0848 ], [ 76.7717, 16.0994 ], [ 76.7745, 16.1008 ], [ 76.7783, 16.1271 ], [ 76.7653, 16.1404 ], [ 76.7726, 16.1676 ], [ 76.7698, 16.1913 ], [ 76.7761, 16.2044 ], [ 76.7793, 16.2192 ], [ 76.7842, 16.2194 ], [ 76.7897, 16.2262 ] ] ] } },
{ "type": "Feature", "properties": { "area_id": "KGIS-T-0701", "name_en": "Yelburga", "name_kn": "ಯಲಬುರ್ಗಾ", "level": "block", "parent_id": "KGIS-D-07", "district_en": "Koppal", "lgd_code": null }, "geometry": { "type": "MultiPolygon", "coordinates": [ [ [ [ 75.9102, 15.5128 ], [ 75.91, 15.5117 ], [ 75.91, 15.5128 ], [ 75.9102, 15.5128 ] ] ], [ [ [ 75.8972, 15.7504 ], [ 75.91, 15.744 ], [ 75.9097, 15.7317 ], [ 75.9207, 15.726 ], [ 75.9149, 15.6981 ], [ 75.9254, 15.6925 ], [ 75.9395, 15.6938 ], [ 75.9398, 15.6836 ], [ 75.9436, 15.6773 ], [ 75.9672, 15.6793 ], [ 75.9672, 15.6647 ], [ 75.9774, 15.6627 ], [ 76.0109, 15.6622 ], [ 76.0158, 15.6719 ], [ 76.0156, 15.6798 ], [ 75.9944, 15.6789 ], [ 75.9911, 15.6709 ], [ 75.9824, 15.6668 ], [ 75.9869, 15.6895 ], [ 75.9833, 15.69 ], [ 75.9838, 15.6938 ], [ 75.9924, 15.7072 ], [ 76.0042, 15.7119 ], [ 76.0048, 15.7157 ], [ 76.0189, 15.7152 ], [ 76.0225, 15.7092 ], [ 76.0303, 15.7152 ], [ 76.0406, 15.7177 ], [ 76.045, 15.7241 ], [ 76.0431, 15.7273 ], [ 76.044, 15.7421 ], [ 76.0481, 15.7438 ], [ 76.073, 15.7428 ], [ 76.0738, 15.7308 ], [ 76.0762, 15.7285 ], [ 76.0755, 15.7162 ], [ 76.0914, 15.72 ], [ 76.1089, 15.7282 ], [ 76.1127, 15.7195 ], [ 76.1127, 15.7131 ], [ 76.1347, 15.7102 ], [ 76.1434, 15.7149 ], [ 76.152, 15.7107 ], [ 76.154, 15.7133 ], [ 76.1631, 15.7104 ], [ 76.1653, 15.7136 ], [ 76.1789, 15.706 ], [ 76.1958, 15.7016 ], [ 76.2087, 15.7027 ], [ 76.209, 15.6995 ], [ 76.2221, 15.7022 ], [ 76.2359, 15.7009 ], [ 76.2431, 15.7049 ], [ 76.2699, 15.7052 ], [ 76.2787, 15.7233 ], [ 76.2767, 15.7253 ], [ 76.2695, 15.7247 ], [ 76.2648, 15.728 ], [ 76.2646, 15.7345 ], [ 76.2693, 15.7411 ], [ 76.2825, 15.741 ], [ 76.284, 15.7344 ], [ 76.2936, 15.7305 ], [ 76.2938, 15.7251 ], [ 76.3003, 15.724 ], [ 76.3008, 15.7198 ], [ 76.313, 15.7253 ], [ 76.32, 15.6993 ], [ 76.3159, 15.693 ], [ 76.3111, 15.6756 ], [ 76.3193, 15.6716 ], [ 76.3253, 15.6644 ], [ 76.3321, 15.6501 ], [ 76.3356, 15.6485 ], [ 76.3351, 15.643 ], [ 76.3372, 15.6429 ], [ 76.3329, 15.6374 ], [ 76.3213, 15.6389 ], [ 76.322, 15.6217 ], [ 76.3187, 15.6213 ], [ 76.3185, 15.6165 ], [ 76.3214, 15.6139 ], [ 76.3213, 15.6077 ], [ 76.3239, 15.6047 ], [ 76.3153, 15.5944 ], [ 76.2943, 15.6 ], [ 76.2899, 15.605 ], [ 76.2825, 15.6075 ], [ 76.2808, 15.6163 ], [ 76.2616, 15.6098 ], [ 76.2594, 15.6032 ], [ 76.2617, 15.5996 ], [ 76.2562, 15.5897 ], [ 76.2541, 15.5801 ], [ 76.2475, 15.5785 ], [ 76.2386, 15.5621 ], [ 76.2418, 15.5593 ], [ 76.2427, 15.5496 ], [ 76.2458, 15.5463 ], [ 76.2434, 15.5384 ], [ 76.2302, 15.5406 ], [ 76.2235, 15.5477 ], [ 76.2214, 15.5555 ], [ 76.2038, 15.5543 ], [ 76.1829, 15.5444 ], [ 76.1703, 15.5409 ], [ 76.1601, 15.5408 ], [ 76.1294, 15.5436 ], [ 76.1256, 15.5476 ], [ 76.1192, 15.5492 ], [ 76.1216, 15.555 ], [ 76.1199, 15.5551 ], [ 76.1101, 15.5548 ], [ 76.1097, 15.5525 ], [ 76.1042, 15.5498 ], [ 76.0976, 15.5519 ], [ 76.0918, 15.5489 ], [ 76.0812, 15.548 ], [ 76.0743, 15.5501 ], [ 76.0739, 15.5533 ], [ 76.0644, 15.5543 ], [ 76.0485, 15.5657 ], [ 76.0373, 15.5674 ], [ 76.0346, 15.5454 ], [ 76.0271, 15.5273 ], [ 76.0004, 15.5297 ], [ 75.9979, 15.5423 ], [ 75.9952, 15.5407 ], [ 75.993, 15.5478 ], [ 75.9911, 15.5617 ], [ 75.9833, 15.548 ], [ 75.973, 15.544 ], [ 75.9117, 15.5429 ], [ 75.9096, 15.5202 ], [ 75.9079, 15.5201 ], [ 75.9079, 15.5134 ], [ 75.9099, 15.5117 ], [ 75.8978, 15.5141 ], [ 75.898, 15.5086 ], [ 75.8742, 15.5084 ], [ 75.8599, 15.5135 ], [ 75.8675, 15.5611 ], [ 75.8664, 15.5955 ], [ 75.8787, 15.5973 ], [ 75.879, 15.5953 ], [ 75.8829, 15.5957 ], [ 75.8821, 15.5996 ], [ 75.8949, 15.6022 ], [ 75.895, 15.6062 ], [ 75.8977, 15.6059 ], [ 75.8991, 15.6205 ], [ 75.8983, 15.6244 ], [ 75.8939, 15.625 ], [ 75.8945, 15.6322 ], [ 75.886, 15.6339 ], [ 75.8887, 15.6538 ], [ 75.8872, 15.6685 ], [ 75.8846, 15.6719 ], [ 75.8706, 15.6733 ], [ 75.8702, 15.715 ], [ 75.8873, 15.7175 ], [ 75.8897, 15.7278 ], [ 75.8821, 15.7369 ], [ 75.8927, 15.7391 ], [ 75.8972, 15.7504 ] ] ] ] } },
{ "type": "Feature", "properties": { "area_id": "KGIS-T-0702", "name_en": "Kushtagi", "name_kn": "ಕುಷ್ಟಗಿ", "level": "block", "parent_id": "KGIS-D-07", "district_en": "Koppal", "lgd_code": "5465" }, "geometry": { "type": "Polygon", "coordinates": [ [ [ 76.0564, 16.0115 ], [ 76.0801, 16.01 ], [ 76.0848, 15.9972 ], [ 76.0728, 15.9654 ], [ 76.0712, 15.949 ], [ 76.0627, 15.9215 ], [ 76.0638, 15.9158 ], [ 76.0585, 15.906 ], [ 76.0706, 15.9025 ], [ 76.1016, 15.9005 ], [ 76.1033, 15.8938 ], [ 76.1172, 15.886 ], [ 76.1253, 15.8941 ], [ 76.1453, 15.8951 ], [ 76.1539, 15.9149 ], [ 76.1599, 15.9211 ], [ 76.1719, 15.9248 ], [ 76.172, 15.9317 ], [ 76.1949, 15.9324 ], [ 76.2005, 15.9364 ], [ 76.2005, 15.944 ], [ 76.2265, 15.9409 ], [ 76.2301, 15.9233 ], [ 76.2569, 15.9229 ], [ 76.2569, 15.9153 ], [ 76.2611, 15.9148 ], [ 76.2618, 15.9067 ], [ 76.2717, 15.9047 ], [ 76.2741, 15.9105 ], [ 76.277, 15.9097 ], [ 76.2759, 15.9037 ], [ 76.2854, 15.9026 ], [ 76.2898, 15.8926 ], [ 76.3007, 15.8963 ], [ 76.3065, 15.8932 ], [ 76.3133, 15.8949 ], [ 76.3146, 15.8995 ], [ 76.3211, 15.9016 ], [ 76.3211, 15.9035 ], [ 76.3302, 15.9052 ], [ 76.3451, 15.9008 ], [ 76.3462, 15.8905 ], [ 76.3418, 15.8769 ], [ 76.3377, 15.8716 ], [ 76.3507, 15.8634 ], [ 76.3555, 15.8654 ], [ 76.3588, 15.8813 ], [ 76.3569, 15.8973 ], [ 76.3585, 15.9011 ], [ 76.3537, 15.9032 ], [ 76.3623, 15.9116 ], [ 76.3702, 15.9129 ], [ 76.3729, 15.9175 ], [ 76.3751, 15.9022 ], [ 76.4034, 15.9021 ], [ 76.4038, 15.8995 ], [ 76.4264, 15.8906 ], [ 76.424, 15.888 ], [ 76.4221, 15.8732 ], [ 76.4168, 15.8648 ], [ 76.4496, 15.8533 ], [ 76.4517, 15.8552 ], [ 76.4511, 15.8439 ], [ 76.4423, 15.8235 ], [ 76.4364, 15.8238 ], [ 76.4256, 15.8134 ], [ 76.4218, 15.8125 ], [ 76.4205, 15.8056 ], [ 76.4173, 15.8066 ], [ 76.4129, 15.8042 ], [ 76.4128, 15.7965 ], [ 76.415, 15.7916 ], [ 76.422, 15.7909 ], [ 76.4221, 15.7859 ], [ 76.4337, 15.7874 ], [ 76.4395, 15.7843 ], [ 76.4381, 15.7578 ], [ 76.4396, 15.7495 ], [ 76.4476, 15.7444 ], [ 76.4439, 15.7389 ], [ 76.4462, 15.7342 ], [ 76.4824, 15.7193 ], [ 76.4844, 15.7154 ], [ 76.4766, 15.7083 ], [ 76.4733, 15.7086 ], [ 76.4673, 15.6837 ], [ 76.4583, 15.6864 ], [ 76.4595, 15.6841 ], [ 76.4533, 15.669 ], [ 76.4434, 15.6704 ], [ 76.4351, 15.6699 ], [ 76.4333, 15.6661 ], [ 76.4269, 15.6681 ], [ 76.4191, 15.6669 ], [ 76.4106, 15.6684 ], [ 76.41, 15.6717 ], [ 76.4009, 15.6731 ], [ 76.4006, 15.6802 ], [ 76.3958, 15.6815 ], [ 76.3931, 15.6915 ], [ 76.3778, 15.6892 ], [ 76.3798, 15.6715 ], [ 76.3753, 15.6674 ], [ 76.3698, 15.6756 ], [ 76.3613, 15.6764 ], [ 76.3601, 15.6651 ], [ 76.3566, 15.6632 ], [ 76.3549, 15.649 ], [ 76.3567, 15.6399 ], [ 76.3446, 15.6337 ], [ 76.3453, 15.6301 ], [ 76.3431, 15.6274 ], [ 76.3377, 15.635 ], [ 76.3329, 15.6374 ], [ 76.3372, 15.6429 ], [ 76.3351, 15.643 ], [ 76.3356, 15.6485 ], [ 76.3321, 15.6501 ], [ 76.3253, 15.6644 ], [ 76.3193, 15.6716 ], [ 76.3111, 15.6756 ], [ 76.3159, 15.693 ], [ 76.32, 15.6993 ], [ 76.313, 15.7253 ], [ 76.3008, 15.7198 ], [ 76.3003, 15.724 ], [ 76.2938, 15.7251 ], [ 76.2936, 15.7305 ], [ 76.284, 15.7344 ], [ 76.2825, 15.741 ], [ 76.2693, 15.7411 ], [ 76.2646, 15.7345 ], [ 76.2648, 15.728 ], [ 76.2695, 15.7247 ], [ 76.2767, 15.7253 ], [ 76.2787, 15.7233 ], [ 76.2699, 15.7052 ], [ 76.2431, 15.7049 ], [ 76.2359, 15.7009 ], [ 76.2221, 15.7022 ], [ 76.209, 15.6995 ], [ 76.2087, 15.7027 ], [ 76.192, 15.7022 ], [ 76.1733, 15.7082 ], [ 76.1653, 15.7136 ], [ 76.1631, 15.7104 ], [ 76.154, 15.7133 ], [ 76.152, 15.7107 ], [ 76.1434, 15.7149 ], [ 76.1347, 15.7102 ], [ 76.1127, 15.7131 ], [ 76.1127, 15.7195 ], [ 76.1089, 15.7282 ], [ 76.0914, 15.72 ], [ 76.0755, 15.7162 ], [ 76.0762, 15.7285 ], [ 76.0738, 15.7308 ], [ 76.073, 15.7428 ], [ 76.0502, 15.7444 ], [ 76.044, 15.7421 ], [ 76.0434, 15.7364 ], [ 76.037, 15.737 ], [ 76.0399, 15.7544 ], [ 76.0347, 15.7551 ], [ 76.0346, 15.757 ], [ 76.0406, 15.7632 ], [ 76.0391, 15.7711 ], [ 76.0342, 15.7703 ], [ 76.0198, 15.7758 ], [ 76.0186, 15.7791 ], [ 76.0125, 15.7798 ], [ 76.0099, 15.7841 ], [ 75.9934, 15.7811 ], [ 75.9902, 15.786 ], [ 75.9885, 15.8016 ], [ 75.9766, 15.8007 ], [ 75.9678, 15.7942 ], [ 75.9639, 15.7951 ], [ 75.9614, 15.7848 ], [ 75.9277, 15.7916 ], [ 75.9086, 15.8075 ], [ 75.8915, 15.815 ], [ 75.8739, 15.8282 ], [ 75.8451, 15.8381 ], [ 75.8495, 15.8591 ], [ 75.8475, 15.8618 ], [ 75.8482, 15.8714 ], [ 75.8399, 15.8716 ], [ 75.8378, 15.8652 ], [ 75.8278, 15.8662 ], [ 75.8317, 15.8785 ], [ 75.834, 15.878 ], [ 75.8354, 15.8828 ], [ 75.8331, 15.8868 ], [ 75.8301, 15.8875 ], [ 75.83, 15.8972 ], [ 75.8276, 15.9003 ], [ 75.8116, 15.9001 ], [ 75.8111, 15.8942 ], [ 75.7866, 15.8984 ], [ 75.7804, 15.8971 ], [ 75.7759, 15.9025 ], [ 75.7805, 15.9058 ], [ 75.7764, 15.9136 ], [ 75.7771, 15.9191 ], [ 75.7892, 15.9242 ], [ 75.7898, 15.9225 ], [ 75.8122, 15.9226 ], [ 75.811, 15.925 ], [ 75.8277, 15.9271 ], [ 75.8303, 15.9246 ], [ 75.8364, 15.9247 ], [ 75.8365, 15.9277 ], [ 75.8405, 15.9309 ], [ 75.8549, 15.9356 ], [ 75.8668, 15.9315 ], [ 75.8791, 15.9313 ], [ 75.888, 15.9192 ], [ 75.8969, 15.9167 ], [ 75.9029, 15.9186 ], [ 75.902, 15.9228 ], [ 75.9225, 15.9033 ], [ 75.9272, 15.8974 ], [ 75.9284, 15.8752 ], [ 75.942, 15.8742 ], [ 75.9445, 15.8663 ], [ 75.9626, 15.8655 ], [ 75.9655, 15.859 ], [ 75.9747, 15.8618 ], [ 75.9789, 15.8709 ], [ 75.979, 15.8829 ], [ 75.9771, 15.895 ], [ 75.9743, 15.8979 ], [ 75.9737, 15.9228 ], [ 75.9769, 15.9313 ], [ 75.9776, 15.9518 ], [ 75.9739, 15.9542 ], [ 75.9757, 15.9604 ], [ 75.9738, 15.9866 ], [ 75.9867, 15.9947 ], [ 75.9895, 16.0048 ], [ 76.0114, 16.0013 ], [ 76.0166, 16.002 ], [ 76.0232, 16.0088 ], [ 76.0516, 16.0034 ], [ 76.052, 16.006 ], [ 76.0565, 16.0056 ], [ 76.0564, 16.0115 ] ] ] } },
{ "type": "Feature", "properties": { "area_id": "KGIS-T-0703", "name_en": "Gangavathi", "name_kn": "ಗಂಗಾವತಿ", "level": "block", "parent_id": "KGIS-D-07", "district_en": "Koppal", "lgd_code": null }, "geometry": { "type": "Polygon", "coordinates": [ [ [ 76.5034, 15.5526 ], [ 76.5129, 15.5495 ], [ 76.5121, 15.5442 ], [ 76.5153, 15.5435 ], [ 76.5776, 15.5382 ], [ 76.579, 15.5214 ], [ 76.5985, 15.5184 ], [ 76.6103, 15.5197 ], [ 76.6096, 15.5143 ], [ 76.62, 15.5122 ], [ 76.6172, 15.4825 ], [ 76.6178, 15.4779 ], [ 76.6204, 15.4794 ], [ 76.6212, 15.45 ], [ 76.619, 15.45 ], [ 76.6187, 15.4438 ], [ 76.6115, 15.4433 ], [ 76.5964, 15.4263 ], [ 76.5945, 15.4164 ], [ 76.591, 15.4122 ], [ 76.5711, 15.402 ], [ 76.5574, 15.3988 ], [ 76.5475, 15.3853 ], [ 76.5235, 15.3701 ], [ 76.5218, 15.3666 ], [ 76.4932, 15.3452 ], [ 76.4901, 15.3442 ], [ 76.4771, 15.3484 ], [ 76.4674, 15.337 ], [ 76.4421, 15.3389 ], [ 76.4222, 15.3342 ], [ 76.4207, 15.3442 ], [ 76.4176, 15.3461 ], [ 76.4161, 15.3536 ], [ 76.416, 15.3678 ], [ 76.4116, 15.3685 ], [ 76.4102, 15.3716 ], [ 76.421, 15.3844 ], [ 76.4012, 15.3882 ], [ 76.3957, 15.4019 ], [ 76.3977, 15.4104 ], [ 76.3864, 15.4105 ], [ 76.3804, 15.4163 ], [ 76.3798, 15.4255 ], [ 76.3728, 15.4273 ], [ 76.3728, 15.4398 ], [ 76.3712, 15.4379 ], [ 76.3611, 15.4442 ], [ 76.3642, 15.4517 ], [ 76.3571, 15.4644 ], [ 76.3164, 15.4813 ], [ 76.3303, 15.4892 ], [ 76.3476, 15.4898 ], [ 76.3573, 15.501 ], [ 76.3763, 15.4969 ], [ 76.397, 15.487 ], [ 76.4056, 15.5048 ], [ 76.4028, 15.5078 ], [ 76.404, 15.5143 ], [ 76.4142, 15.5149 ], [ 76.4387, 15.5103 ], [ 76.448, 15.512 ], [ 76.4546, 15.5167 ], [ 76.4643, 15.5159 ], [ 76.4692, 15.534 ], [ 76.4772, 15.5338 ], [ 76.4804, 15.5525 ], [ 76.5034, 15.5526 ] ] ] } },
{ "type": "Feature", "properties": { "area_id": "KGIS-T-0704", "name_en": "Koppal", "name_kn": "ಕೊಪ್ಪಳ", "level": "block", "parent_id": "KGIS-D-07", "district_en": "Koppal", "lgd_code": "5467" }, "geometry": { "type": "Polygon", "coordinates": [ [ [ 76.2799, 15.6164 ], [ 76.2825, 15.6075 ], [ 76.2899, 15.605 ], [ 76.2943, 15.6 ], [ 76.3113, 15.5948 ], [ 76.3001, 15.561 ], [ 76.3016, 15.5587 ], [ 76.3136, 15.5589 ], [ 76.3081, 15.527 ], [ 76.3086, 15.4794 ], [ 76.3123, 15.4784 ], [ 76.3164, 15.4813 ], [ 76.3571, 15.4644 ], [ 76.3642, 15.4517 ], [ 76.3611, 15.4442 ], [ 76.3712, 15.4379 ], [ 76.3728, 15.4398 ], [ 76.3728, 15.4273 ], [ 76.3798, 15.4255 ], [ 76.3804, 15.4163 ], [ 76.3864, 15.4105 ], [ 76.3977, 15.4104 ], [ 76.3957, 15.4019 ], [ 76.4012, 15.3882 ], [ 76.421, 15.3844 ], [ 76.4102, 15.3716 ], [ 76.4116, 15.3685 ], [ 76.416, 15.3678 ], [ 76.4161, 15.3536 ], [ 76.4176, 15.3461 ], [ 76.4207, 15.3442 ], [ 76.4222, 15.3342 ], [ 76.4026, 15.3263 ], [ 76.3795, 15.3317 ], [ 76.3795, 15.3294 ], [ 76.3704, 15.3252 ], [ 76.3608, 15.3238 ], [ 76.3508, 15.3091 ], [ 76.35, 15.2992 ], [ 76.3449, 15.2899 ], [ 76.3438, 15.2731 ], [ 76.3334, 15.2648 ], [ 76.3274, 15.2637 ], [ 76.3071, 15.2397 ], [ 76.2788, 15.2205 ], [ 76.2695, 15.2072 ], [ 76.2578, 15.2061 ], [ 76.2541, 15.1961 ], [ 76.2485, 15.1909 ], [ 76.231, 15.1886 ], [ 76.2189, 15.1975 ], [ 76.2185, 15.203 ], [ 76.2322, 15.2268 ], [ 76.2305, 15.2312 ], [ 76.1882, 15.2356 ], [ 76.174, 15.2269 ], [ 76.1583, 15.2129 ], [ 76.1604, 15.2009 ], [ 76.1571, 15.1973 ], [ 76.1509, 15.1963 ], [ 76.1276, 15.2033 ], [ 76.114, 15.1998 ], [ 76.1085, 15.1926 ], [ 76.1024, 15.1687 ], [ 76.0949, 15.163 ], [ 76.0824, 15.1589 ], [ 76.0583, 15.1577 ], [ 76.0424, 15.1446 ], [ 76.0314, 15.1429 ], [ 76.0083, 15.1484 ], [ 75.9963, 15.1458 ], [ 75.9859, 15.151 ], [ 75.9771, 15.1511 ], [ 75.9704, 15.147 ], [ 75.9645, 15.1394 ], [ 75.9514, 15.1355 ], [ 75.9479, 15.1729 ], [ 75.9247, 15.1826 ], [ 75.926, 15.1947 ], [ 75.9244, 15.2058 ], [ 75.912, 15.2408 ], [ 75.9039, 15.2393 ], [ 75.9017, 15.2457 ], [ 75.9, 15.2456 ], [ 75.8949, 15.274 ], [ 75.8985, 15.2757 ], [ 75.8897, 15.2873 ], [ 75.8876, 15.2974 ], [ 75.8897, 15.2996 ], [ 75.8899, 15.3113 ], [ 75.893, 15.319 ], [ 75.8881, 15.353 ], [ 75.903, 15.3538 ], [ 75.903, 15.3593 ], [ 75.9191, 15.3559 ], [ 75.9617, 15.3561 ], [ 75.9627, 15.3449 ], [ 75.974, 15.3444 ], [ 75.971, 15.3332 ], [ 75.9726, 15.3289 ], [ 75.9854, 15.3287 ], [ 75.9859, 15.3195 ], [ 75.9895, 15.3194 ], [ 76.0006, 15.3071 ], [ 76.0, 15.3045 ], [ 76.018, 15.3082 ], [ 76.0191, 15.3141 ], [ 76.0332, 15.3225 ], [ 76.0553, 15.3428 ], [ 76.0542, 15.3489 ], [ 76.0614, 15.3618 ], [ 76.0625, 15.372 ], [ 76.0602, 15.3994 ], [ 76.0818, 15.3991 ], [ 76.1005, 15.4046 ], [ 76.0918, 15.4322 ], [ 76.0993, 15.4407 ], [ 76.1041, 15.4406 ], [ 76.0998, 15.4453 ], [ 76.1267, 15.4498 ], [ 76.1265, 15.4596 ], [ 76.1632, 15.458 ], [ 76.1687, 15.4631 ], [ 76.1724, 15.4722 ], [ 76.1839, 15.4881 ], [ 76.1868, 15.489 ], [ 76.1941, 15.4832 ], [ 76.2056, 15.4826 ], [ 76.2056, 15.4795 ], [ 76.2173, 15.4756 ], [ 76.2161, 15.4819 ], [ 76.2185, 15.4816 ], [ 76.2184, 15.4874 ], [ 76.2095, 15.4889 ], [ 76.2092, 15.4954 ], [ 76.211, 15.5031 ], [ 76.2146, 15.5022 ], [ 76.2242, 15.5066 ], [ 76.2268, 15.5176 ], [ 76.2233, 15.5314 ], [ 76.2273, 15.5417 ], [ 76.2434, 15.5384 ], [ 76.2458, 15.5463 ], [ 76.2427, 15.5496 ], [ 76.2418, 15.5593 ], [ 76.2386, 15.5621 ], [ 76.2475, 15.5785 ], [ 76.2541, 15.5801 ], [ 76.2562, 15.5897 ], [ 76.2617, 15.5996 ], [ 76.2594, 15.6032 ], [ 76.2612, 15.6094 ], [ 76.2779, 15.6141 ], [ 76.2777, 15.6165 ], [ 76.2799, 15.6164 ] ] ] } },
{ "type": "Feature", "properties": { "area_id": "KGIS-T-0705", "name_en": "Karatagi", "name_kn": "ಕರಟಗಿ", "level": "block", "parent_id": "KGIS-D-07", "district_en": "Koppal", "lgd_code": null }, "geometry": { "type": "Polygon", "coordinates": [ [ [ 76.5857, 15.6975 ], [ 76.598, 15.6958 ], [ 76.5995, 15.6735 ], [ 76.6106, 15.6703 ], [ 76.6312, 15.6706 ], [ 76.6539, 15.6659 ], [ 76.6534, 15.6604 ], [ 76.6719, 15.658 ], [ 76.6702, 15.639 ], [ 76.6768, 15.6411 ], [ 76.6852, 15.6479 ], [ 76.6924, 15.648 ], [ 76.6943, 15.6454 ], [ 76.6935, 15.6246 ], [ 76.6807, 15.6267 ], [ 76.68, 15.6224 ], [ 76.68, 15.6066 ], [ 76.6911, 15.6032 ], [ 76.6888, 15.5956 ], [ 76.7005, 15.5909 ], [ 76.7011, 15.5943 ], [ 76.7242, 15.591 ], [ 76.7373, 15.5933 ], [ 76.7488, 15.59 ], [ 76.7552, 15.5845 ], [ 76.7559, 15.5704 ], [ 76.7597, 15.5659 ], [ 76.7791, 15.5571 ], [ 76.7941, 15.5543 ], [ 76.8125, 15.5468 ], [ 76.8068, 15.5292 ], [ 76.8105, 15.5145 ], [ 76.7813, 15.493 ], [ 76.7425, 15.4911 ], [ 76.7239, 15.4928 ], [ 76.7079, 15.4879 ], [ 76.6938, 15.4786 ], [ 76.6949, 15.4767 ], [ 76.684, 15.4683 ], [ 76.6765, 15.4549 ], [ 76.6629, 15.4473 ], [ 76.6583, 15.449 ], [ 76.6469, 15.4447 ], [ 76.6187, 15.4438 ], [ 76.619, 15.45 ], [ 76.6212, 15.45 ], [ 76.6204, 15.4794 ], [ 76.6178, 15.4779 ], [ 76.6172, 15.4825 ], [ 76.62, 15.5122 ], [ 76.6096, 15.5143 ], [ 76.6103, 15.5197 ], [ 76.5985, 15.5184 ], [ 76.579, 15.5214 ], [ 76.5776, 15.5382 ], [ 76.5518, 15.5394 ], [ 76.5505, 15.5666 ], [ 76.5662, 15.5653 ], [ 76.5674, 15.5785 ], [ 76.5695, 15.578 ], [ 76.5687, 15.5976 ], [ 76.5707, 15.6017 ], [ 76.5504, 15.6044 ], [ 76.551, 15.6119 ], [ 76.554, 15.6158 ], [ 76.5542, 15.622 ], [ 76.5615, 15.6216 ], [ 76.5655, 15.6281 ], [ 76.5667, 15.6345 ], [ 76.564, 15.6479 ], [ 76.5842, 15.6845 ], [ 76.5857, 15.6975 ] ] ] } },
{ "type": "Feature", "properties": { "area_id": "KGIS-T-0706", "name_en": "Kukanuru", "name_kn": "", "level": "block", "parent_id": "KGIS-D-07", "district_en": "Koppal", "lgd_code": null }, "geometry": { "type": "Polygon", "coordinates": [ [ [ 76.0476, 15.5658 ], [ 76.0644, 15.5543 ], [ 76.0739, 15.5533 ], [ 76.0743, 15.5501 ], [ 76.0812, 15.548 ], [ 76.0918, 15.5489 ], [ 76.0976, 15.5519 ], [ 76.1042, 15.5498 ], [ 76.1097, 15.5525 ], [ 76.1101, 15.5548 ], [ 76.1199, 15.5551 ], [ 76.1216, 15.555 ], [ 76.1192, 15.5492 ], [ 76.1256, 15.5476 ], [ 76.1294, 15.5436 ], [ 76.1601, 15.5408 ], [ 76.1703, 15.5409 ], [ 76.1829, 15.5444 ], [ 76.2038, 15.5543 ], [ 76.2214, 15.5555 ], [ 76.2235, 15.5477 ], [ 76.2286, 15.5436 ], [ 76.2233, 15.5314 ], [ 76.2268, 15.5176 ], [ 76.2242, 15.5066 ], [ 76.2146, 15.5022 ], [ 76.211, 15.5031 ], [ 76.2094, 15.4967 ], [ 76.2095, 15.4889 ], [ 76.2184, 15.4874 ], [ 76.2185, 15.4816 ], [ 76.2161, 15.4819 ], [ 76.2173, 15.4756 ], [ 76.2056, 15.4795 ], [ 76.2056, 15.4826 ], [ 76.1941, 15.4832 ], [ 76.1868, 15.489 ], [ 76.1839, 15.4881 ], [ 76.1724, 15.4722 ], [ 76.1687, 15.4631 ], [ 76.1632, 15.458 ], [ 76.1265, 15.4596 ], [ 76.1267, 15.4498 ], [ 76.0998, 15.4453 ], [ 76.1041, 15.4406 ], [ 76.0993, 15.4407 ], [ 76.0918, 15.4322 ], [ 76.1005, 15.4046 ], [ 76.0818, 15.3991 ], [ 76.0602, 15.3994 ], [ 76.0625, 15.372 ], [ 76.0614, 15.3618 ], [ 76.0542, 15.3489 ], [ 76.0553, 15.3428 ], [ 76.0332, 15.3225 ], [ 76.0191, 15.3141 ], [ 76.018, 15.3082 ], [ 76.0, 15.3045 ], [ 76.0006, 15.3071 ], [ 75.9895, 15.3194 ], [ 75.9859, 15.3195 ], [ 75.9854, 15.3287 ], [ 75.9726, 15.3289 ], [ 75.971, 15.3332 ], [ 75.974, 15.3444 ], [ 75.9627, 15.3449 ], [ 75.9617, 15.3561 ], [ 75.9191, 15.3559 ], [ 75.9026, 15.3593 ], [ 75.904, 15.4028 ], [ 75.8865, 15.4082 ], [ 75.8654, 15.408 ], [ 75.8648, 15.423 ], [ 75.8593, 15.423 ], [ 75.8583, 15.4437 ], [ 75.8506, 15.4451 ], [ 75.8475, 15.4428 ], [ 75.8399, 15.443 ], [ 75.8364, 15.4471 ], [ 75.8233, 15.4516 ], [ 75.825, 15.4532 ], [ 75.8193, 15.4561 ], [ 75.8184, 15.469 ], [ 75.8125, 15.4673 ], [ 75.8092, 15.4878 ], [ 75.8156, 15.4871 ], [ 75.8145, 15.4956 ], [ 75.8232, 15.4968 ], [ 75.8187, 15.5082 ], [ 75.8315, 15.5071 ], [ 75.8322, 15.5099 ], [ 75.8491, 15.5129 ], [ 75.8499, 15.5157 ], [ 75.8766, 15.5078 ], [ 75.898, 15.5086 ], [ 75.8978, 15.5141 ], [ 75.9099, 15.5117 ], [ 75.9079, 15.5134 ], [ 75.9079, 15.5201 ], [ 75.9096, 15.5202 ], [ 75.9117, 15.5429 ], [ 75.973, 15.544 ], [ 75.9833, 15.548 ], [ 75.9911, 15.5617 ], [ 75.993, 15.5478 ], [ 75.9952, 15.5407 ], [ 75.9979, 15.5423 ], [ 76.0004, 15.5297 ], [ 76.0271, 15.5273 ], [ 76.0346, 15.5454 ], [ 76.0373, 15.5674 ], [ 76.0476, 15.5658 ] ], [ [ 75.91, 15.5128 ], [ 75.9102, 15.5117 ], [ 75.9102, 15.5128 ], [ 75.91, 15.5128 ] ] ] } },
{ "type": "Feature", "properties": { "area_id": "KGIS-T-0707", "name_en": "Kanakagiri", "name_kn": "ಕನಕಗಿರಿ", "level": "block", "parent_id": "KGIS-D-07", "district_en": "Koppal", "lgd_code": null }, "geometry": { "type": "Polygon", "coordinates": [ [ [ 76.5094, 15.717 ], [ 76.5276, 15.7067 ], [ 76.5289, 15.7008 ], [ 76.5318, 15.6994 ], [ 76.5358, 15.6991 ], [ 76.5356, 15.7035 ], [ 76.5398, 15.7043 ], [ 76.5443, 15.7035 ], [ 76.5414, 15.6987 ], [ 76.5507, 15.699 ], [ 76.5616, 15.7028 ], [ 76.5623, 15.7056 ], [ 76.5759, 15.7006 ], [ 76.5757, 15.6989 ], [ 76.5857, 15.6975 ], [ 76.5842, 15.6845 ], [ 76.564, 15.6479 ], [ 76.5667, 15.6345 ], [ 76.5655, 15.6281 ], [ 76.5615, 15.6216 ], [ 76.5542, 15.622 ], [ 76.554, 15.6158 ], [ 76.551, 15.6119 ], [ 76.5504, 15.6044 ], [ 76.5707, 15.6017 ], [ 76.5687, 15.5976 ], [ 76.5695, 15.578 ], [ 76.5674, 15.5785 ], [ 76.5662, 15.5653 ], [ 76.5505, 15.5666 ], [ 76.5518, 15.5394 ], [ 76.5121, 15.5442 ], [ 76.5129, 15.5495 ], [ 76.5034, 15.5526 ], [ 76.4804, 15.5525 ], [ 76.4772, 15.5338 ], [ 76.4692, 15.534 ], [ 76.4643, 15.5159 ], [ 76.4546, 15.5167 ], [ 76.448, 15.512 ], [ 76.4387, 15.5103 ], [ 76.4142, 15.5149 ], [ 76.404, 15.5143 ], [ 76.4028, 15.5078 ], [ 76.4056, 15.5048 ], [ 76.397, 15.487 ], [ 76.3763, 15.4969 ], [ 76.3573, 15.501 ], [ 76.3476, 15.4898 ], [ 76.3303, 15.4892 ], [ 76.3093, 15.4781 ], [ 76.3081, 15.527 ], [ 76.3136, 15.5589 ], [ 76.3016, 15.5587 ], [ 76.3001, 15.561 ], [ 76.3113, 15.5948 ], [ 76.3153, 15.5944 ], [ 76.3239, 15.6047 ], [ 76.3213, 15.6077 ], [ 76.3214, 15.6139 ], [ 76.3185, 15.6165 ], [ 76.3187, 15.6213 ], [ 76.322, 15.6217 ], [ 76.3213, 15.6389 ], [ 76.3366, 15.6359 ], [ 76.3431, 15.6274 ], [ 76.3453, 15.6301 ], [ 76.3446, 15.6337 ], [ 76.3507, 15.6382 ], [ 76.3559, 15.6387 ], [ 76.3566, 15.6632 ], [ 76.3601, 15.6651 ], [ 76.3613, 15.6764 ], [ 76.3696, 15.6757 ], [ 76.3753, 15.6674 ], [ 76.3777, 15.6689 ], [ 76.3798, 15.6715 ], [ 76.3778, 15.6892 ], [ 76.3931, 15.6915 ], [ 76.3958, 15.6815 ], [ 76.4006, 15.6802 ], [ 76.4009, 15.6731 ], [ 76.41, 15.6717 ], [ 76.4106, 15.6684 ], [ 76.4333, 15.6661 ], [ 76.4351, 15.6699 ], [ 76.4533, 15.669 ], [ 76.4595, 15.6841 ], [ 76.4583, 15.6864 ], [ 76.4673, 15.6837 ], [ 76.4733, 15.7086 ], [ 76.4766, 15.7083 ], [ 76.4803, 15.7135 ], [ 76.4845, 15.7147 ], [ 76.4907, 15.7131 ], [ 76.4917, 15.7081 ], [ 76.5094, 15.717 ] ] ] } },
{ "type": "Feature", "properties": { "area_id": "KGIS-T-0801", "name_en": "Naragund", "name_kn": "ನರಗುಂದ", "level": "block", "parent_id": "KGIS-D-08", "district_en": "Gadag", "lgd_code": "5468" }, "geometry": { "type": "Polygon", "coordinates": [ [ [ 75.462, 15.8881 ], [ 75.4593, 15.8838 ], [ 75.4609, 15.8795 ], [ 75.466, 15.8811 ], [ 75.4675, 15.8763 ], [ 75.476, 15.8757 ], [ 75.474, 15.8746 ], [ 75.475, 15.8725 ], [ 75.4815, 15.872 ], [ 75.4787, 15.8746 ], [ 75.4804, 15.8767 ], [ 75.4832, 15.8734 ], [ 75.4879, 15.8765 ], [ 75.4962, 15.8727 ], [ 75.5049, 15.8625 ], [ 75.5022, 15.8581 ], [ 75.5067, 15.8566 ], [ 75.5076, 15.8605 ], [ 75.5082, 15.8607 ], [ 75.5191, 15.8584 ], [ 75.5207, 15.8532 ], [ 75.5145, 15.853 ], [ 75.5129, 15.8504 ], [ 75.5211, 15.8465 ], [ 75.5215, 15.842 ], [ 75.5309, 15.8418 ], [ 75.5292, 15.8354 ], [ 75.5469, 15.8366 ], [ 75.5557, 15.833 ], [ 75.5505, 15.8259 ], [ 75.555, 15.8262 ], [ 75.5554, 15.8239 ], [ 75.5462, 15.8237 ], [ 75.5447, 15.7994 ], [ 75.5348, 15.7979 ], [ 75.5306, 15.7848 ], [ 75.5424, 15.7789 ], [ 75.5356, 15.7706 ], [ 75.5334, 15.7563 ], [ 75.5274, 15.7409 ], [ 75.5263, 15.7231 ], [ 75.5223, 15.7178 ], [ 75.5221, 15.7119 ], [ 75.5209, 15.7152 ], [ 75.5172, 15.7095 ], [ 75.5108, 15.7105 ], [ 75.5114, 15.7073 ], [ 75.5062, 15.7034 ], [ 75.507, 15.7005 ], [ 75.5052, 15.6997 ], [ 75.5003, 15.7026 ], [ 75.4978, 15.7002 ], [ 75.489, 15.6998 ], [ 75.4874, 15.7033 ], [ 75.4688, 15.7016 ], [ 75.4726, 15.6872 ], [ 75.4697, 15.6835 ], [ 75.4547, 15.6804 ], [ 75.4538, 15.6821 ], [ 75.4502, 15.6779 ], [ 75.4465, 15.681 ], [ 75.444, 15.676 ], [ 75.4453, 15.673 ], [ 75.4235, 15.6684 ], [ 75.4244, 15.6627 ], [ 75.4173, 15.6614 ], [ 75.4134, 15.6561 ], [ 75.4068, 15.6554 ], [ 75.3856, 15.6651 ], [ 75.3626, 15.669 ], [ 75.3599, 15.6457 ], [ 75.336, 15.6479 ], [ 75.3366, 15.674 ], [ 75.3115, 15.6811 ], [ 75.295, 15.6918 ], [ 75.2786, 15.6898 ], [ 75.2767, 15.7221 ], [ 75.2737, 15.7232 ], [ 75.2752, 15.7407 ], [ 75.2931, 15.7413 ], [ 75.2929, 15.7284 ], [ 75.2998, 15.7278 ], [ 75.3138, 15.7303 ], [ 75.3173, 15.7435 ], [ 75.3176, 15.7642 ], [ 75.3054, 15.7664 ], [ 75.303, 15.8124 ], [ 75.3201, 15.8128 ], [ 75.3207, 15.8105 ], [ 75.3268, 15.813 ], [ 75.333, 15.8166 ], [ 75.33, 15.8245 ], [ 75.3389, 15.8277 ], [ 75.3409, 15.8045 ], [ 75.3649, 15.8043 ], [ 75.3756, 15.846 ], [ 75.3824, 15.8435 ], [ 75.3819, 15.8403 ], [ 75.3852, 15.8386 ], [ 75.3956, 15.8387 ], [ 75.403, 15.8419 ], [ 75.4075, 15.8386 ], [ 75.425, 15.8424 ], [ 75.4241, 15.8254 ], [ 75.414, 15.7841 ], [ 75.4366, 15.7781 ], [ 75.4397, 15.7951 ], [ 75.4477, 15.7937 ], [ 75.4514, 15.8108 ], [ 75.4529, 15.8105 ], [ 75.4553, 15.8179 ], [ 75.4578, 15.8178 ], [ 75.4576, 15.8614 ], [ 75.4513, 15.8619 ], [ 75.4529, 15.8821 ], [ 75.4489, 15.885 ], [ 75.4497, 15.8872 ], [ 75.462, 15.8881 ] ] ] } },
{ "type": "Feature", "properties": { "area_id": "KGIS-T-0802", "name_en": "Rona", "name_kn": "ರೋಣ", "level": "block", "parent_id": "KGIS-D-08", "district_en": "Gadag", "lgd_code": null }, "geometry": { "type": "MultiPolygon", "coordinates": [ [ [ [ 75.637, 15.8417 ], [ 75.6439, 15.8418 ], [ 75.6422, 15.8333 ], [ 75.6552, 15.828 ], [ 75.6635, 15.8371 ], [ 75.6693, 15.8376 ], [ 75.6757, 15.8302 ], [ 75.6743, 15.8239 ], [ 75.6764, 15.8222 ], [ 75.6807, 15.8232 ], [ 75.6811, 15.83 ], [ 75.6875, 15.831 ], [ 75.6959, 15.8249 ], [ 75.7056, 15.8272 ], [ 75.7069, 15.8294 ], [ 75.715, 15.8274 ], [ 75.7215, 15.8183 ], [ 75.7361, 15.8166 ], [ 75.7359, 15.814 ], [ 75.7408, 15.813 ], [ 75.7797, 15.8173 ], [ 75.7794, 15.8194 ], [ 75.7905, 15.8248 ], [ 75.8129, 15.8257 ], [ 75.8192, 15.8203 ], [ 75.8161, 15.8147 ], [ 75.8086, 15.8131 ], [ 75.8062, 15.8084 ], [ 75.8018, 15.8082 ], [ 75.803, 15.7972 ], [ 75.8142, 15.7944 ], [ 75.8082, 15.7862 ], [ 75.8079, 15.7799 ], [ 75.8123, 15.7802 ], [ 75.8217, 15.7751 ], [ 75.8201, 15.7591 ], [ 75.8276, 15.7567 ], [ 75.8281, 15.7604 ], [ 75.8423, 15.7593 ], [ 75.8424, 15.734 ], [ 75.8395, 15.717 ], [ 75.8337, 15.7164 ], [ 75.8347, 15.6867 ], [ 75.8198, 15.6827 ], [ 75.8169, 15.6768 ], [ 75.8134, 15.6751 ], [ 75.8019, 15.6753 ], [ 75.7999, 15.6688 ], [ 75.8144, 15.6647 ], [ 75.8147, 15.6609 ], [ 75.8198, 15.6586 ], [ 75.8295, 15.6572 ], [ 75.8352, 15.6341 ], [ 75.8354, 15.6184 ], [ 75.8322, 15.6083 ], [ 75.8305, 15.6051 ], [ 75.8265, 15.6056 ], [ 75.8243, 15.6019 ], [ 75.7852, 15.5996 ], [ 75.777, 15.596 ], [ 75.7815, 15.5798 ], [ 75.7794, 15.554 ], [ 75.7609, 15.5547 ], [ 75.7617, 15.5499 ], [ 75.7531, 15.5489 ], [ 75.7531, 15.5507 ], [ 75.7404, 15.5528 ], [ 75.7415, 15.5329 ], [ 75.7391, 15.5328 ], [ 75.7389, 15.5283 ], [ 75.7312, 15.5268 ], [ 75.7268, 15.5216 ], [ 75.719, 15.522 ], [ 75.7168, 15.5268 ], [ 75.6866, 15.5229 ], [ 75.6861, 15.5287 ], [ 75.6804, 15.5293 ], [ 75.6732, 15.5403 ], [ 75.6652, 15.5404 ], [ 75.6639, 15.5447 ], [ 75.6658, 15.5509 ], [ 75.6629, 15.5521 ], [ 75.6544, 15.5676 ], [ 75.656, 15.5693 ], [ 75.6547, 15.5725 ], [ 75.6407, 15.584 ], [ 75.6415, 15.6252 ], [ 75.6299, 15.6261 ], [ 75.6278, 15.6403 ], [ 75.622, 15.6381 ], [ 75.6218, 15.628 ], [ 75.6132, 15.6275 ], [ 75.6111, 15.63 ], [ 75.6022, 15.628 ], [ 75.6005, 15.6308 ], [ 75.5712, 15.6212 ], [ 75.5501, 15.6207 ], [ 75.5543, 15.6469 ], [ 75.5022, 15.6476 ], [ 75.5005, 15.6608 ], [ 75.489, 15.6998 ], [ 75.4978, 15.7002 ], [ 75.5003, 15.7026 ], [ 75.5056, 15.6998 ], [ 75.5062, 15.7034 ], [ 75.5114, 15.7073 ], [ 75.5108, 15.7105 ], [ 75.5172, 15.7095 ], [ 75.5209, 15.7152 ], [ 75.5221, 15.7119 ], [ 75.5223, 15.7178 ], [ 75.5263, 15.7231 ], [ 75.5274, 15.7409 ], [ 75.5334, 15.7563 ], [ 75.5356, 15.7706 ], [ 75.5424, 15.7789 ], [ 75.5302, 15.7834 ], [ 75.5348, 15.7979 ], [ 75.5447, 15.7994 ], [ 75.5462, 15.8238 ], [ 75.5554, 15.8239 ], [ 75.555, 15.8269 ], [ 75.5598, 15.8305 ], [ 75.5601, 15.8356 ], [ 75.5638, 15.8373 ], [ 75.57, 15.8361 ], [ 75.5648, 15.8311 ], [ 75.5764, 15.8304 ], [ 75.5767, 15.8243 ], [ 75.5861, 15.8347 ], [ 75.5947, 15.8296 ], [ 75.6033, 15.8289 ], [ 75.6063, 15.8311 ], [ 75.6079, 15.8279 ], [ 75.606, 15.8253 ], [ 75.6186, 15.8214 ], [ 75.6207, 15.836 ], [ 75.6267, 15.8329 ], [ 75.6321, 15.8345 ], [ 75.6313, 15.8318 ], [ 75.6347, 15.8333 ], [ 75.637, 15.8417 ] ] ], [ [ [ 75.8383, 15.6988 ], [ 75.8602, 15.6939 ], [ 75.8606, 15.6826 ], [ 75.8526, 15.6811 ], [ 75.8378, 15.6834 ], [ 75.8364, 15.6886 ], [ 75.8383, 15.6988 ] ] ] ] } },
{ "type": "Feature", "properties": { "area_id": "KGIS-T-0803", "name_en": "Gadag", "name_kn": "ಗದಗ", "level": "block", "parent_id": "KGIS-D-08", "district_en": "Gadag", "lgd_code": "5470" }, "geometry": { "type": "Polygon", "coordinates": [ [ [ 75.6278, 15.6403 ], [ 75.6299, 15.6261 ], [ 75.6415, 15.6252 ], [ 75.6407, 15.584 ], [ 75.6547, 15.5725 ], [ 75.656, 15.5693 ], [ 75.6544, 15.5676 ], [ 75.6629, 15.5521 ], [ 75.6658, 15.5509 ], [ 75.6639, 15.5447 ], [ 75.6652, 15.5404 ], [ 75.6732, 15.5403 ], [ 75.6804, 15.5293 ], [ 75.6861, 15.5287 ], [ 75.6866, 15.5229 ], [ 75.7168, 15.5268 ], [ 75.719, 15.522 ], [ 75.7268, 15.5216 ], [ 75.7312, 15.5268 ], [ 75.7358, 15.5265 ], [ 75.7389, 15.5283 ], [ 75.7391, 15.5328 ], [ 75.7415, 15.5329 ], [ 75.7404, 15.5528 ], [ 75.7531, 15.5507 ], [ 75.7531, 15.5489 ], [ 75.7617, 15.5499 ], [ 75.7609, 15.5547 ], [ 75.7795, 15.554 ], [ 75.7797, 15.5485 ], [ 75.7865, 15.5468 ], [ 75.7892, 15.5437 ], [ 75.8, 15.5417 ], [ 75.8002, 15.5337 ], [ 75.8036, 15.5334 ], [ 75.8066, 15.5269 ], [ 75.8131, 15.5246 ], [ 75.8135, 15.5167 ], [ 75.8229, 15.499 ], [ 75.8232, 15.4968 ], [ 75.8145, 15.4956 ], [ 75.8156, 15.4871 ], [ 75.8092, 15.4878 ], [ 75.8125, 15.4673 ], [ 75.8184, 15.469 ], [ 75.8197, 15.4556 ], [ 75.8242, 15.454 ], [ 75.8233, 15.4516 ], [ 75.8268, 15.4498 ], [ 75.8364, 15.4471 ], [ 75.8391, 15.4432 ], [ 75.8475, 15.4428 ], [ 75.8506, 15.4451 ], [ 75.8583, 15.4437 ], [ 75.8594, 15.4233 ], [ 75.8238, 15.425 ], [ 75.8102, 15.4215 ], [ 75.8092, 15.4141 ], [ 75.7897, 15.4111 ], [ 75.7862, 15.4087 ], [ 75.7605, 15.4062 ], [ 75.7578, 15.3755 ], [ 75.759, 15.3564 ], [ 75.7368, 15.3583 ], [ 75.6993, 15.3571 ], [ 75.6919, 15.3541 ], [ 75.6909, 15.3481 ], [ 75.6793, 15.3468 ], [ 75.6711, 15.3345 ], [ 75.6643, 15.3322 ], [ 75.652, 15.3326 ], [ 75.6538, 15.3152 ], [ 75.6579, 15.3059 ], [ 75.6597, 15.2896 ], [ 75.6621, 15.2892 ], [ 75.6623, 15.2866 ], [ 75.6397, 15.2814 ], [ 75.6433, 15.2623 ], [ 75.6672, 15.2604 ], [ 75.6771, 15.2419 ], [ 75.6707, 15.2429 ], [ 75.657, 15.2374 ], [ 75.6395, 15.2348 ], [ 75.6307, 15.2129 ], [ 75.6275, 15.2104 ], [ 75.6151, 15.2164 ], [ 75.5951, 15.2214 ], [ 75.5932, 15.2457 ], [ 75.591, 15.2524 ], [ 75.5844, 15.2563 ], [ 75.5704, 15.256 ], [ 75.5431, 15.244 ], [ 75.5455, 15.2395 ], [ 75.5413, 15.2376 ], [ 75.5007, 15.2388 ], [ 75.4931, 15.2695 ], [ 75.4473, 15.2636 ], [ 75.4409, 15.292 ], [ 75.4415, 15.301 ], [ 75.45, 15.3014 ], [ 75.4494, 15.3275 ], [ 75.4535, 15.3414 ], [ 75.4574, 15.3419 ], [ 75.4545, 15.3603 ], [ 75.4485, 15.3592 ], [ 75.4453, 15.3863 ], [ 75.4686, 15.3856 ], [ 75.4696, 15.397 ], [ 75.4822, 15.3929 ], [ 75.4814, 15.3786 ], [ 75.485, 15.3781 ], [ 75.4859, 15.3719 ], [ 75.4899, 15.3724 ], [ 75.4904, 15.3679 ], [ 75.4932, 15.3685 ], [ 75.492, 15.3788 ], [ 75.4987, 15.4231 ], [ 75.4926, 15.4478 ], [ 75.4927, 15.4648 ], [ 75.4947, 15.4702 ], [ 75.4869, 15.4893 ], [ 75.471, 15.4931 ], [ 75.4736, 15.5197 ], [ 75.4766, 15.52 ], [ 75.4826, 15.5318 ], [ 75.5053, 15.5303 ], [ 75.5294, 15.5379 ], [ 75.5282, 15.5666 ], [ 75.5302, 15.5664 ], [ 75.5346, 15.591 ], [ 75.5377, 15.5913 ], [ 75.541, 15.5972 ], [ 75.5438, 15.6121 ], [ 75.549, 15.613 ], [ 75.5495, 15.6206 ], [ 75.5712, 15.6212 ], [ 75.6005, 15.6308 ], [ 75.6022, 15.628 ], [ 75.6111, 15.63 ], [ 75.6132, 15.6275 ], [ 75.6218, 15.628 ], [ 75.622, 15.6381 ], [ 75.6278, 15.6403 ] ] ] } },
{ "type": "Feature", "properties": { "area_id": "KGIS-T-0804", "name_en": "Shirahatti", "name_kn": "ಶಿರಹಟ್ಟಿ", "level": "block", "parent_id": "KGIS-D-08", "district_en": "Gadag", "lgd_code": "5471" }, "geometry": { "type": "Polygon", "coordinates": [ [ [ 75.5811, 15.2563 ], [ 75.591, 15.2523 ], [ 75.5951, 15.2214 ], [ 75.6151, 15.2164 ], [ 75.6275, 15.2104 ], [ 75.6307, 15.2129 ], [ 75.6395, 15.2348 ], [ 75.657, 15.2374 ], [ 75.6707, 15.2429 ], [ 75.6771, 15.2419 ], [ 75.6808, 15.2359 ], [ 75.6978, 15.2355 ], [ 75.7062, 15.2393 ], [ 75.715, 15.2387 ], [ 75.726, 15.2462 ], [ 75.7342, 15.2088 ], [ 75.7255, 15.2135 ], [ 75.7236, 15.2176 ], [ 75.7114, 15.2142 ], [ 75.7117, 15.1888 ], [ 75.7158, 15.1756 ], [ 75.7153, 15.1679 ], [ 75.7041, 15.1661 ], [ 75.718, 15.1397 ], [ 75.7156, 15.1374 ], [ 75.7257, 15.1332 ], [ 75.7471, 15.1126 ], [ 75.7391, 15.081 ], [ 75.7697, 15.0827 ], [ 75.7718, 15.0724 ], [ 75.7665, 15.0679 ], [ 75.7666, 15.0606 ], [ 75.7631, 15.0528 ], [ 75.7459, 15.0546 ], [ 75.7453, 15.0396 ], [ 75.7525, 14.9991 ], [ 75.7724, 15.0029 ], [ 75.7855, 15.0017 ], [ 75.7797, 14.9882 ], [ 75.7789, 14.977 ], [ 75.7612, 14.9668 ], [ 75.7547, 14.9568 ], [ 75.7412, 14.9447 ], [ 75.7343, 14.9443 ], [ 75.7214, 14.9507 ], [ 75.7012, 14.9469 ], [ 75.695, 14.9675 ], [ 75.6888, 14.9752 ], [ 75.6666, 14.9874 ], [ 75.6322, 14.9915 ], [ 75.6305, 14.9965 ], [ 75.6197, 15.0032 ], [ 75.6189, 15.0064 ], [ 75.5934, 15.0156 ], [ 75.5902, 15.0532 ], [ 75.5847, 15.0539 ], [ 75.5845, 15.0562 ], [ 75.595, 15.0683 ], [ 75.5985, 15.0646 ], [ 75.609, 15.0626 ], [ 75.6091, 15.0784 ], [ 75.6042, 15.0843 ], [ 75.5963, 15.0851 ], [ 75.5952, 15.0911 ], [ 75.5971, 15.092 ], [ 75.5959, 15.0976 ], [ 75.6055, 15.098 ], [ 75.6035, 15.1273 ], [ 75.6003, 15.1303 ], [ 75.6034, 15.1297 ], [ 75.6039, 15.1352 ], [ 75.5952, 15.144 ], [ 75.5785, 15.1487 ], [ 75.5776, 15.173 ], [ 75.557, 15.1769 ], [ 75.5597, 15.1793 ], [ 75.5583, 15.1908 ], [ 75.5543, 15.1896 ], [ 75.5416, 15.1914 ], [ 75.5378, 15.1947 ], [ 75.5222, 15.1971 ], [ 75.5155, 15.1955 ], [ 75.5145, 15.1978 ], [ 75.4939, 15.1994 ], [ 75.4911, 15.2034 ], [ 75.4479, 15.2114 ], [ 75.4436, 15.2223 ], [ 75.4479, 15.2229 ], [ 75.4476, 15.236 ], [ 75.4498, 15.2363 ], [ 75.4509, 15.2317 ], [ 75.4933, 15.2218 ], [ 75.5087, 15.2213 ], [ 75.5007, 15.2388 ], [ 75.5413, 15.2376 ], [ 75.5455, 15.2395 ], [ 75.5431, 15.244 ], [ 75.5704, 15.256 ], [ 75.5811, 15.2563 ] ] ] } },
{ "type": "Feature", "properties": { "area_id": "KGIS-T-0805", "name_en": "Mundargi", "name_kn": "ಮುಂಡರಗಿ", "level": "block", "parent_id": "KGIS-D-08", "district_en": "Gadag", "lgd_code": "5472" }, "geometry": { "type": "Polygon", "coordinates": [ [ [ 75.8238, 15.425 ], [ 75.8648, 15.423 ], [ 75.8654, 15.408 ], [ 75.8865, 15.4082 ], [ 75.904, 15.4028 ], [ 75.9019, 15.3754 ], [ 75.903, 15.3538 ], [ 75.8881, 15.353 ], [ 75.893, 15.319 ], [ 75.8899, 15.3113 ], [ 75.8897, 15.2996 ], [ 75.8876, 15.2974 ], [ 75.8897, 15.2873 ], [ 75.8985, 15.2757 ], [ 75.8949, 15.274 ], [ 75.9, 15.2456 ], [ 75.9017, 15.2457 ], [ 75.9039, 15.2393 ], [ 75.912, 15.2408 ], [ 75.9244, 15.2058 ], [ 75.926, 15.1947 ], [ 75.9247, 15.1826 ], [ 75.9479, 15.1729 ], [ 75.9514, 15.1355 ], [ 75.9298, 15.1408 ], [ 75.9107, 15.1353 ], [ 75.9022, 15.1304 ], [ 75.8979, 15.1178 ], [ 75.8859, 15.1083 ], [ 75.885, 15.1026 ], [ 75.8875, 15.0967 ], [ 75.9083, 15.0791 ], [ 75.9095, 15.0733 ], [ 75.9039, 15.056 ], [ 75.8841, 15.0528 ], [ 75.8777, 15.0394 ], [ 75.8722, 15.0349 ], [ 75.8589, 15.0364 ], [ 75.8511, 15.0438 ], [ 75.8446, 15.0438 ], [ 75.8371, 15.0399 ], [ 75.8346, 15.0312 ], [ 75.8308, 15.0281 ], [ 75.8091, 15.0263 ], [ 75.7997, 15.0138 ], [ 75.7885, 15.0064 ], [ 75.7855, 15.0017 ], [ 75.7724, 15.0029 ], [ 75.7528, 14.999 ], [ 75.7453, 15.0396 ], [ 75.7459, 15.0546 ], [ 75.7631, 15.0528 ], [ 75.7666, 15.0606 ], [ 75.7665, 15.0679 ], [ 75.7718, 15.0724 ], [ 75.7697, 15.0827 ], [ 75.7391, 15.081 ], [ 75.7471, 15.1126 ], [ 75.7257, 15.1332 ], [ 75.7156, 15.1374 ], [ 75.718, 15.1397 ], [ 75.7041, 15.1661 ], [ 75.7153, 15.1679 ], [ 75.7158, 15.1756 ], [ 75.7117, 15.1888 ], [ 75.7114, 15.2142 ], [ 75.7236, 15.2176 ], [ 75.7255, 15.2135 ], [ 75.7342, 15.2088 ], [ 75.726, 15.2462 ], [ 75.715, 15.2387 ], [ 75.7062, 15.2393 ], [ 75.6978, 15.2355 ], [ 75.6808, 15.2359 ], [ 75.6672, 15.2604 ], [ 75.6436, 15.261 ], [ 75.6397, 15.2814 ], [ 75.6623, 15.2866 ], [ 75.6621, 15.2892 ], [ 75.6597, 15.2896 ], [ 75.6579, 15.3059 ], [ 75.6538, 15.3152 ], [ 75.652, 15.3326 ], [ 75.6643, 15.3322 ], [ 75.6711, 15.3345 ], [ 75.6793, 15.3468 ], [ 75.6909, 15.3481 ], [ 75.6919, 15.3541 ], [ 75.6993, 15.3571 ], [ 75.7368, 15.3583 ], [ 75.759, 15.3564 ], [ 75.7578, 15.3755 ], [ 75.7605, 15.4062 ], [ 75.7862, 15.4087 ], [ 75.7897, 15.4111 ], [ 75.8092, 15.4141 ], [ 75.8102, 15.4215 ], [ 75.8238, 15.425 ] ] ] } },
{ "type": "Feature", "properties": { "area_id": "KGIS-T-0806", "name_en": "Gajendragad", "name_kn": "ಗಜೇಂದ್ರಗಡ", "level": "block", "parent_id": "KGIS-D-08", "district_en": "Gadag", "lgd_code": null }, "geometry": { "type": "Polygon", "coordinates": [ [ [ 75.7847, 15.8498 ], [ 75.7975, 15.8476 ], [ 75.8097, 15.8511 ], [ 75.8121, 15.8471 ], [ 75.8201, 15.8513 ], [ 75.8208, 15.8454 ], [ 75.8267, 15.8422 ], [ 75.8255, 15.8384 ], [ 75.8489, 15.838 ], [ 75.871, 15.8297 ], [ 75.9004, 15.8097 ], [ 75.9086, 15.8075 ], [ 75.9303, 15.7909 ], [ 75.9614, 15.7848 ], [ 75.9639, 15.7951 ], [ 75.9678, 15.7942 ], [ 75.9766, 15.8007 ], [ 75.9885, 15.8016 ], [ 75.9902, 15.786 ], [ 75.9934, 15.7811 ], [ 76.0099, 15.7841 ], [ 76.0125, 15.7798 ], [ 76.0186, 15.7791 ], [ 76.0198, 15.7758 ], [ 76.0342, 15.7703 ], [ 76.0391, 15.7711 ], [ 76.0402, 15.7659 ], [ 76.0406, 15.7632 ], [ 76.0347, 15.7551 ], [ 76.0399, 15.7544 ], [ 76.037, 15.737 ], [ 76.0435, 15.7364 ], [ 76.045, 15.7241 ], [ 76.043, 15.7201 ], [ 76.0303, 15.7152 ], [ 76.0225, 15.7092 ], [ 76.0189, 15.7152 ], [ 76.0048, 15.7157 ], [ 76.0042, 15.7119 ], [ 75.9924, 15.7072 ], [ 75.9837, 15.6935 ], [ 75.9833, 15.69 ], [ 75.9869, 15.6895 ], [ 75.9824, 15.6668 ], [ 75.9911, 15.6709 ], [ 75.9944, 15.6789 ], [ 76.0156, 15.6798 ], [ 76.0158, 15.6719 ], [ 76.0109, 15.6622 ], [ 75.9672, 15.6647 ], [ 75.9672, 15.6793 ], [ 75.9436, 15.6773 ], [ 75.9398, 15.6836 ], [ 75.9395, 15.6938 ], [ 75.9254, 15.6925 ], [ 75.9149, 15.6981 ], [ 75.9207, 15.726 ], [ 75.9097, 15.7317 ], [ 75.9102, 15.7437 ], [ 75.9068, 15.7471 ], [ 75.8974, 15.7506 ], [ 75.8927, 15.7391 ], [ 75.8821, 15.7369 ], [ 75.8895, 15.7253 ], [ 75.8873, 15.7175 ], [ 75.8702, 15.715 ], [ 75.8706, 15.6733 ], [ 75.8846, 15.6719 ], [ 75.8872, 15.6685 ], [ 75.8887, 15.6538 ], [ 75.886, 15.6339 ], [ 75.8945, 15.6322 ], [ 75.8939, 15.625 ], [ 75.8983, 15.6243 ], [ 75.8977, 15.6059 ], [ 75.895, 15.6062 ], [ 75.8949, 15.6022 ], [ 75.8821, 15.5996 ], [ 75.8829, 15.5957 ], [ 75.879, 15.5953 ], [ 75.8787, 15.5973 ], [ 75.8664, 15.5955 ], [ 75.8675, 15.5611 ], [ 75.8599, 15.5137 ], [ 75.8499, 15.5157 ], [ 75.8491, 15.5129 ], [ 75.8322, 15.5099 ], [ 75.8315, 15.5071 ], [ 75.8184, 15.5082 ], [ 75.8135, 15.5167 ], [ 75.8131, 15.5246 ], [ 75.8066, 15.5269 ], [ 75.8036, 15.5334 ], [ 75.8002, 15.5337 ], [ 75.8, 15.5417 ], [ 75.7892, 15.5437 ], [ 75.7796, 15.5486 ], [ 75.7815, 15.5798 ], [ 75.777, 15.596 ], [ 75.7852, 15.5996 ], [ 75.8243, 15.6019 ], [ 75.8265, 15.6056 ], [ 75.8305, 15.6051 ], [ 75.8346, 15.6138 ], [ 75.8352, 15.6341 ], [ 75.8295, 15.6572 ], [ 75.8198, 15.6586 ], [ 75.8147, 15.6609 ], [ 75.8144, 15.6647 ], [ 75.7999, 15.6688 ], [ 75.8019, 15.6753 ], [ 75.8134, 15.6751 ], [ 75.8169, 15.6768 ], [ 75.8198, 15.6827 ], [ 75.8347, 15.6867 ], [ 75.8337, 15.7164 ], [ 75.8395, 15.717 ], [ 75.8424, 15.735 ], [ 75.8423, 15.7593 ], [ 75.8281, 15.7604 ], [ 75.8276, 15.7567 ], [ 75.8201, 15.7591 ], [ 75.8217, 15.7751 ], [ 75.8123, 15.7802 ], [ 75.8079, 15.7799 ], [ 75.8082, 15.7862 ], [ 75.8142, 15.7944 ], [ 75.8029, 15.7974 ], [ 75.8018, 15.8082 ], [ 75.8062, 15.8084 ], [ 75.8086, 15.8131 ], [ 75.8161, 15.8147 ], [ 75.8192, 15.8203 ], [ 75.8127, 15.8257 ], [ 75.7905, 15.8248 ], [ 75.7794, 15.8194 ], [ 75.7772, 15.8275 ], [ 75.7741, 15.828 ], [ 75.7771, 15.8492 ], [ 75.7802, 15.8532 ], [ 75.7847, 15.8498 ] ], [ [ 75.8364, 15.6882 ], [ 75.8378, 15.6834 ], [ 75.8429, 15.682 ], [ 75.8606, 15.6826 ], [ 75.8602, 15.6939 ], [ 75.8383, 15.6988 ], [ 75.8364, 15.6882 ] ] ] } },
{ "type": "Feature", "properties": { "area_id": "KGIS-T-0807", "name_en": "Laxmeshwar", "name_kn": "", "level": "block", "parent_id": "KGIS-D-08", "district_en": "Gadag", "lgd_code": null }, "geometry": { "type": "MultiPolygon", "coordinates": [ [ [ [ 75.448, 15.2115 ], [ 75.4911, 15.2034 ], [ 75.4939, 15.1994 ], [ 75.5145, 15.1978 ], [ 75.5155, 15.1955 ], [ 75.5222, 15.1971 ], [ 75.5378, 15.1947 ], [ 75.5416, 15.1914 ], [ 75.5543, 15.1896 ], [ 75.5583, 15.1908 ], [ 75.5597, 15.1793 ], [ 75.557, 15.1769 ], [ 75.5776, 15.173 ], [ 75.5785, 15.1487 ], [ 75.5952, 15.144 ], [ 75.6039, 15.1352 ], [ 75.6034, 15.1297 ], [ 75.6003, 15.1303 ], [ 75.6035, 15.1273 ], [ 75.6055, 15.098 ], [ 75.5959, 15.0976 ], [ 75.5971, 15.092 ], [ 75.5952, 15.0911 ], [ 75.5963, 15.0851 ], [ 75.6042, 15.0843 ], [ 75.6091, 15.0784 ], [ 75.609, 15.0626 ], [ 75.5985, 15.0646 ], [ 75.595, 15.0683 ], [ 75.5845, 15.0562 ], [ 75.5847, 15.0539 ], [ 75.5902, 15.0532 ], [ 75.5934, 15.0156 ], [ 75.6189, 15.0064 ], [ 75.6197, 15.0032 ], [ 75.6321, 14.9948 ], [ 75.6296, 14.9839 ], [ 75.6178, 14.9809 ], [ 75.6188, 14.9742 ], [ 75.6096, 14.9735 ], [ 75.6112, 14.9579 ], [ 75.6024, 14.9546 ], [ 75.5896, 14.9585 ], [ 75.5836, 14.9686 ], [ 75.5641, 14.9721 ], [ 75.5652, 14.9795 ], [ 75.5413, 14.9783 ], [ 75.5424, 15.015 ], [ 75.538, 15.0191 ], [ 75.5407, 15.0205 ], [ 75.5333, 15.0346 ], [ 75.5205, 15.033 ], [ 75.5076, 15.044 ], [ 75.4947, 15.0464 ], [ 75.4762, 15.0439 ], [ 75.4682, 15.047 ], [ 75.4608, 15.0438 ], [ 75.4604, 15.0498 ], [ 75.4519, 15.0494 ], [ 75.4489, 15.0604 ], [ 75.4168, 15.0613 ], [ 75.4166, 15.0849 ], [ 75.4204, 15.0858 ], [ 75.4201, 15.0905 ], [ 75.4243, 15.0915 ], [ 75.4225, 15.0987 ], [ 75.4327, 15.1043 ], [ 75.434, 15.108 ], [ 75.4298, 15.1162 ], [ 75.4288, 15.1266 ], [ 75.4159, 15.1421 ], [ 75.4119, 15.1621 ], [ 75.4059, 15.1622 ], [ 75.4055, 15.1656 ], [ 75.3955, 15.1652 ], [ 75.3945, 15.1727 ], [ 75.4002, 15.1734 ], [ 75.3977, 15.187 ], [ 75.3983, 15.2008 ], [ 75.4327, 15.1988 ], [ 75.4336, 15.2097 ], [ 75.4493, 15.208 ], [ 75.448, 15.2115 ] ] ], [ [ [ 75.4259, 15.3018 ], [ 75.4417, 15.3017 ], [ 75.441, 15.2882 ], [ 75.4473, 15.2636 ], [ 75.4931, 15.2695 ], [ 75.4964, 15.2498 ], [ 75.5087, 15.2213 ], [ 75.4933, 15.2218 ], [ 75.4509, 15.2317 ], [ 75.4498, 15.2363 ], [ 75.4476, 15.236 ], [ 75.4479, 15.2229 ], [ 75.4436, 15.2223 ], [ 75.4404, 15.2273 ], [ 75.4228, 15.2263 ], [ 75.4217, 15.2351 ], [ 75.416, 15.2342 ], [ 75.4141, 15.2508 ], [ 75.4175, 15.2559 ], [ 75.4165, 15.2623 ], [ 75.4118, 15.2645 ], [ 75.4023, 15.2605 ], [ 75.4021, 15.2732 ], [ 75.4163, 15.2747 ], [ 75.4164, 15.2795 ], [ 75.4064, 15.2781 ], [ 75.4061, 15.2841 ], [ 75.4103, 15.2854 ], [ 75.4123, 15.3002 ], [ 75.4257, 15.2998 ], [ 75.4259, 15.3018 ] ] ] ] } },
{ "type": "Feature", "properties": { "area_id": "KGIS-T-0901", "name_en": "Dharwad", "name_kn": "ಧಾರವಾಡ", "level": "block", "parent_id": "KGIS-D-09", "district_en": "Dharwad", "lgd_code": "5473" }, "geometry": { "type": "Polygon", "coordinates": [ [ [ 75.0596, 15.683 ], [ 75.0633, 15.6692 ], [ 75.0557, 15.6326 ], [ 75.0619, 15.6302 ], [ 75.064, 15.6251 ], [ 75.0802, 15.6225 ], [ 75.0826, 15.617 ], [ 75.0898, 15.612 ], [ 75.0847, 15.5872 ], [ 75.0848, 15.5758 ], [ 75.0883, 15.5779 ], [ 75.0883, 15.5713 ], [ 75.1077, 15.5714 ], [ 75.1127, 15.5598 ], [ 75.1121, 15.5513 ], [ 75.1167, 15.5514 ], [ 75.1176, 15.543 ], [ 75.1754, 15.5467 ], [ 75.1798, 15.5318 ], [ 75.1785, 15.5219 ], [ 75.211, 15.5258 ], [ 75.2117, 15.5281 ], [ 75.2266, 15.5285 ], [ 75.2266, 15.5036 ], [ 75.2151, 15.5006 ], [ 75.2015, 15.4923 ], [ 75.1829, 15.4905 ], [ 75.1784, 15.4617 ], [ 75.1719, 15.4609 ], [ 75.1583, 15.454 ], [ 75.1431, 15.4341 ], [ 75.1419, 15.4224 ], [ 75.1396, 15.4254 ], [ 75.1355, 15.4249 ], [ 75.1273, 15.428 ], [ 75.1269, 15.43 ], [ 75.1139, 15.4328 ], [ 75.1028, 15.4316 ], [ 75.0955, 15.435 ], [ 75.0778, 15.4333 ], [ 75.0758, 15.4075 ], [ 75.0733, 15.4005 ], [ 75.0679, 15.4006 ], [ 75.0598, 15.4053 ], [ 75.0419, 15.4013 ], [ 75.0387, 15.3888 ], [ 75.0434, 15.372 ], [ 75.0284, 15.3677 ], [ 75.0215, 15.369 ], [ 75.0103, 15.3604 ], [ 74.9823, 15.3564 ], [ 74.9816, 15.3542 ], [ 74.9553, 15.3478 ], [ 74.9553, 15.3422 ], [ 74.946, 15.3385 ], [ 74.9424, 15.3504 ], [ 74.9314, 15.3498 ], [ 74.9281, 15.3371 ], [ 74.9309, 15.326 ], [ 74.9262, 15.3243 ], [ 74.917, 15.3373 ], [ 74.912, 15.3387 ], [ 74.89, 15.3342 ], [ 74.8874, 15.3336 ], [ 74.892, 15.3178 ], [ 74.8835, 15.3148 ], [ 74.8613, 15.3273 ], [ 74.8548, 15.3405 ], [ 74.8478, 15.3402 ], [ 74.8448, 15.336 ], [ 74.8356, 15.3347 ], [ 74.8321, 15.3365 ], [ 74.8253, 15.3452 ], [ 74.8246, 15.3548 ], [ 74.819, 15.3708 ], [ 74.8306, 15.3735 ], [ 74.8203, 15.3849 ], [ 74.8385, 15.398 ], [ 74.8316, 15.4138 ], [ 74.8324, 15.4235 ], [ 74.8402, 15.4266 ], [ 74.8458, 15.4175 ], [ 74.8511, 15.4224 ], [ 74.8549, 15.4219 ], [ 74.8598, 15.433 ], [ 74.857, 15.4377 ], [ 74.8512, 15.4395 ], [ 74.8498, 15.4481 ], [ 74.8527, 15.4494 ], [ 74.8524, 15.4515 ], [ 74.8586, 15.4515 ], [ 74.8646, 15.4563 ], [ 74.865, 15.4599 ], [ 74.8609, 15.474 ], [ 74.8393, 15.4676 ], [ 74.8356, 15.4783 ], [ 74.8395, 15.4789 ], [ 74.8383, 15.4894 ], [ 74.8404, 15.4916 ], [ 74.8311, 15.4888 ], [ 74.8266, 15.4833 ], [ 74.8144, 15.4786 ], [ 74.8091, 15.4851 ], [ 74.8037, 15.4965 ], [ 74.8055, 15.4974 ], [ 74.802, 15.5015 ], [ 74.8144, 15.504 ], [ 74.8094, 15.5106 ], [ 74.8116, 15.5204 ], [ 74.7972, 15.5476 ], [ 74.8077, 15.5504 ], [ 74.8079, 15.5534 ], [ 74.8203, 15.562 ], [ 74.82, 15.5656 ], [ 74.8235, 15.5679 ], [ 74.8409, 15.5746 ], [ 74.8378, 15.5771 ], [ 74.8322, 15.591 ], [ 74.83, 15.5901 ], [ 74.8286, 15.6084 ], [ 74.8387, 15.612 ], [ 74.8404, 15.6082 ], [ 74.8466, 15.6082 ], [ 74.8563, 15.6125 ], [ 74.878, 15.6171 ], [ 74.8776, 15.6222 ], [ 74.8819, 15.6236 ], [ 74.8872, 15.6298 ], [ 74.892, 15.6307 ], [ 74.9125, 15.6305 ], [ 74.9327, 15.6226 ], [ 74.9445, 15.6224 ], [ 74.9652, 15.6264 ], [ 74.9642, 15.6454 ], [ 74.9669, 15.6531 ], [ 74.9787, 15.6483 ], [ 74.9916, 15.651 ], [ 75.0194, 15.6448 ], [ 75.0233, 15.6521 ], [ 75.0275, 15.652 ], [ 75.0285, 15.6701 ], [ 75.0469, 15.6704 ], [ 75.0498, 15.6828 ], [ 75.0596, 15.683 ] ] ] } },
{ "type": "Feature", "properties": { "area_id": "KGIS-T-0902", "name_en": "Navalgund", "name_kn": "ನವಲಗುಂದ", "level": "block", "parent_id": "KGIS-D-09", "district_en": "Dharwad", "lgd_code": "5474" }, "geometry": { "type": "Polygon", "coordinates": [ [ [ 75.4874, 15.7033 ], [ 75.5005, 15.6608 ], [ 75.5022, 15.6476 ], [ 75.5543, 15.6469 ], [ 75.5499, 15.6286 ], [ 75.549, 15.613 ], [ 75.5438, 15.6121 ], [ 75.5421, 15.6013 ], [ 75.5404, 15.6013 ], [ 75.5371, 15.6054 ], [ 75.5325, 15.6051 ], [ 75.5325, 15.608 ], [ 75.5269, 15.608 ], [ 75.5298, 15.6183 ], [ 75.5266, 15.6184 ], [ 75.5269, 15.6222 ], [ 75.5177, 15.6217 ], [ 75.5174, 15.6261 ], [ 75.5091, 15.6255 ], [ 75.5065, 15.6356 ], [ 75.5086, 15.6374 ], [ 75.4941, 15.6368 ], [ 75.4933, 15.621 ], [ 75.4864, 15.6 ], [ 75.4653, 15.5974 ], [ 75.4631, 15.5993 ], [ 75.4642, 15.5823 ], [ 75.4685, 15.5726 ], [ 75.4373, 15.5673 ], [ 75.4392, 15.5448 ], [ 75.4213, 15.5437 ], [ 75.3983, 15.5475 ], [ 75.397, 15.5421 ], [ 75.3939, 15.5407 ], [ 75.3904, 15.5271 ], [ 75.3934, 15.5258 ], [ 75.39, 15.5089 ], [ 75.3756, 15.5094 ], [ 75.3764, 15.5069 ], [ 75.3723, 15.5056 ], [ 75.3725, 15.4906 ], [ 75.37, 15.4852 ], [ 75.3321, 15.4837 ], [ 75.3313, 15.4792 ], [ 75.3251, 15.4787 ], [ 75.2513, 15.4809 ], [ 75.2524, 15.5022 ], [ 75.2266, 15.5036 ], [ 75.2266, 15.5285 ], [ 75.2117, 15.5281 ], [ 75.211, 15.5258 ], [ 75.1785, 15.5219 ], [ 75.1798, 15.5318 ], [ 75.1754, 15.5467 ], [ 75.1176, 15.543 ], [ 75.1167, 15.5514 ], [ 75.1121, 15.5513 ], [ 75.1127, 15.5598 ], [ 75.1077, 15.5714 ], [ 75.0883, 15.5713 ], [ 75.0883, 15.5779 ], [ 75.0848, 15.5758 ], [ 75.0847, 15.5872 ], [ 75.0968, 15.6269 ], [ 75.1007, 15.6622 ], [ 75.105, 15.6612 ], [ 75.1072, 15.6722 ], [ 75.1233, 15.6685 ], [ 75.1231, 15.6665 ], [ 75.1288, 15.6649 ], [ 75.1324, 15.6604 ], [ 75.1402, 15.6584 ], [ 75.1472, 15.6606 ], [ 75.1491, 15.659 ], [ 75.1512, 15.6617 ], [ 75.1554, 15.6593 ], [ 75.1715, 15.6604 ], [ 75.1804, 15.6561 ], [ 75.1835, 15.6577 ], [ 75.1869, 15.6493 ], [ 75.2023, 15.6492 ], [ 75.2034, 15.6814 ], [ 75.2184, 15.681 ], [ 75.2181, 15.6774 ], [ 75.2361, 15.6793 ], [ 75.2488, 15.6471 ], [ 75.2732, 15.6481 ], [ 75.2719, 15.6614 ], [ 75.2773, 15.689 ], [ 75.295, 15.6918 ], [ 75.3115, 15.6811 ], [ 75.3366, 15.674 ], [ 75.336, 15.6479 ], [ 75.3599, 15.6457 ], [ 75.3626, 15.669 ], [ 75.3856, 15.6651 ], [ 75.4068, 15.6554 ], [ 75.4115, 15.6555 ], [ 75.4173, 15.6614 ], [ 75.4244, 15.6627 ], [ 75.4235, 15.6684 ], [ 75.4453, 15.673 ], [ 75.444, 15.676 ], [ 75.4465, 15.681 ], [ 75.4502, 15.6779 ], [ 75.4538, 15.6821 ], [ 75.4547, 15.6804 ], [ 75.4697, 15.6835 ], [ 75.4726, 15.6872 ], [ 75.4688, 15.7016 ], [ 75.4874, 15.7033 ] ] ] } },
{ "type": "Feature", "properties": { "area_id": "KGIS-T-0903", "name_en": "Hubli", "name_kn": "", "level": "block", "parent_id": "KGIS-D-09", "district_en": "Dharwad", "lgd_code": null }, "geometry": { "type": "MultiPolygon", "coordinates": [ [ [ [ 75.3646, 15.3601 ], [ 75.422, 15.362 ], [ 75.448, 15.3589 ], [ 75.4545, 15.3603 ], [ 75.4574, 15.3419 ], [ 75.4535, 15.3414 ], [ 75.4494, 15.3275 ], [ 75.45, 15.3014 ], [ 75.4258, 15.3019 ], [ 75.4257, 15.2998 ], [ 75.4123, 15.3002 ], [ 75.412, 15.2973 ], [ 75.3897, 15.2989 ], [ 75.3859, 15.324 ], [ 75.3544, 15.3231 ], [ 75.3527, 15.3298 ], [ 75.3497, 15.3305 ], [ 75.3463, 15.3502 ], [ 75.3557, 15.353 ], [ 75.3646, 15.3601 ] ] ], [ [ [ 75.2357, 15.5037 ], [ 75.2524, 15.5022 ], [ 75.2513, 15.4809 ], [ 75.3269, 15.4789 ], [ 75.3264, 15.4669 ], [ 75.3216, 15.4534 ], [ 75.3215, 15.4465 ], [ 75.3064, 15.4443 ], [ 75.305, 15.4274 ], [ 75.3183, 15.4242 ], [ 75.3198, 15.4165 ], [ 75.3266, 15.4111 ], [ 75.3313, 15.3708 ], [ 75.3365, 15.362 ], [ 75.3391, 15.3507 ], [ 75.3088, 15.3394 ], [ 75.2885, 15.3362 ], [ 75.2885, 15.3344 ], [ 75.2798, 15.3357 ], [ 75.2777, 15.3238 ], [ 75.2647, 15.3252 ], [ 75.2309, 15.3209 ], [ 75.2074, 15.3114 ], [ 75.201, 15.3058 ], [ 75.194, 15.296 ], [ 75.2045, 15.2636 ], [ 75.1972, 15.2424 ], [ 75.1746, 15.2362 ], [ 75.1751, 15.2235 ], [ 75.1794, 15.2121 ], [ 75.1722, 15.2026 ], [ 75.1739, 15.1977 ], [ 75.1678, 15.1957 ], [ 75.1688, 15.1747 ], [ 75.1659, 15.1736 ], [ 75.1662, 15.1706 ], [ 75.141, 15.1685 ], [ 75.1409, 15.1591 ], [ 75.1373, 15.158 ], [ 75.1371, 15.161 ], [ 75.1247, 15.1665 ], [ 75.1233, 15.1726 ], [ 75.1266, 15.1734 ], [ 75.126, 15.1759 ], [ 75.1149, 15.1814 ], [ 75.1168, 15.1941 ], [ 75.1105, 15.1964 ], [ 75.0948, 15.2141 ], [ 75.0849, 15.2133 ], [ 75.0782, 15.2097 ], [ 75.066, 15.2123 ], [ 75.0629, 15.2304 ], [ 75.0667, 15.2359 ], [ 75.0694, 15.2351 ], [ 75.0717, 15.2402 ], [ 75.0761, 15.2406 ], [ 75.0717, 15.2617 ], [ 75.0683, 15.2619 ], [ 75.0663, 15.266 ], [ 75.0677, 15.2803 ], [ 75.0555, 15.2962 ], [ 75.0553, 15.3063 ], [ 75.0458, 15.3019 ], [ 75.0379, 15.3137 ], [ 75.0302, 15.3189 ], [ 75.0201, 15.3369 ], [ 75.049, 15.346 ], [ 75.0492, 15.3495 ], [ 75.0584, 15.3478 ], [ 75.0608, 15.3324 ], [ 75.07, 15.3301 ], [ 75.0742, 15.3319 ], [ 75.0741, 15.3338 ], [ 75.0784, 15.3339 ], [ 75.0798, 15.3451 ], [ 75.0862, 15.3444 ], [ 75.0882, 15.3549 ], [ 75.0904, 15.3545 ], [ 75.0946, 15.3511 ], [ 75.099, 15.3508 ], [ 75.0995, 15.3416 ], [ 75.1046, 15.3339 ], [ 75.1002, 15.3284 ], [ 75.0994, 15.3179 ], [ 75.1036, 15.3178 ], [ 75.104, 15.3149 ], [ 75.1074, 15.314 ], [ 75.1098, 15.3176 ], [ 75.1235, 15.3201 ], [ 75.1239, 15.3236 ], [ 75.1308, 15.3226 ], [ 75.1326, 15.3112 ], [ 75.1372, 15.3027 ], [ 75.1649, 15.3103 ], [ 75.1625, 15.3203 ], [ 75.1394, 15.3198 ], [ 75.1403, 15.3308 ], [ 75.1435, 15.3313 ], [ 75.1442, 15.3249 ], [ 75.1464, 15.3245 ], [ 75.1819, 15.3258 ], [ 75.1805, 15.3312 ], [ 75.2014, 15.3354 ], [ 75.2096, 15.3414 ], [ 75.208, 15.3472 ], [ 75.2236, 15.3478 ], [ 75.2191, 15.3642 ], [ 75.1939, 15.3655 ], [ 75.1937, 15.3674 ], [ 75.1903, 15.3669 ], [ 75.189, 15.3727 ], [ 75.1864, 15.3724 ], [ 75.1796, 15.4037 ], [ 75.1825, 15.4045 ], [ 75.1795, 15.4171 ], [ 75.1707, 15.4138 ], [ 75.1607, 15.4141 ], [ 75.1539, 15.4199 ], [ 75.1507, 15.4187 ], [ 75.1417, 15.4224 ], [ 75.1431, 15.4341 ], [ 75.1583, 15.454 ], [ 75.1719, 15.4609 ], [ 75.1784, 15.4617 ], [ 75.1829, 15.4905 ], [ 75.2007, 15.4921 ], [ 75.2151, 15.5006 ], [ 75.2357, 15.5037 ] ] ] ] } },
{ "type": "Feature", "properties": { "area_id": "KGIS-T-0904", "name_en": "Kalgatgi", "name_kn": "", "level": "block", "parent_id": "KGIS-D-09", "district_en": "Dharwad", "lgd_code": "5476" }, "geometry": { "type": "Polygon", "coordinates": [ [ [ 75.0134, 15.364 ], [ 75.0218, 15.3451 ], [ 75.02, 15.3365 ], [ 75.0302, 15.3189 ], [ 75.0379, 15.3137 ], [ 75.0458, 15.3019 ], [ 75.0553, 15.3063 ], [ 75.0555, 15.2962 ], [ 75.0677, 15.2803 ], [ 75.0663, 15.266 ], [ 75.0683, 15.2619 ], [ 75.0717, 15.2617 ], [ 75.0761, 15.2406 ], [ 75.0717, 15.2402 ], [ 75.0694, 15.2351 ], [ 75.0667, 15.2359 ], [ 75.0629, 15.2304 ], [ 75.066, 15.2123 ], [ 75.0782, 15.2097 ], [ 75.0849, 15.2133 ], [ 75.0948, 15.2141 ], [ 75.1105, 15.1964 ], [ 75.1168, 15.1941 ], [ 75.1149, 15.1814 ], [ 75.1265, 15.1753 ], [ 75.1266, 15.1734 ], [ 75.1233, 15.1726 ], [ 75.1254, 15.1654 ], [ 75.1371, 15.161 ], [ 75.1338, 15.1483 ], [ 75.1304, 15.1448 ], [ 75.126, 15.1457 ], [ 75.1219, 15.1403 ], [ 75.1106, 15.1385 ], [ 75.1048, 15.1407 ], [ 75.1072, 15.1392 ], [ 75.1063, 15.1304 ], [ 75.1097, 15.1295 ], [ 75.1146, 15.1214 ], [ 75.1135, 15.1173 ], [ 75.0951, 15.114 ], [ 75.0952, 15.1102 ], [ 75.078, 15.1104 ], [ 75.0825, 15.0859 ], [ 75.0817, 15.0744 ], [ 75.0709, 15.0704 ], [ 75.0583, 15.0713 ], [ 75.0554, 15.0727 ], [ 75.0533, 15.0824 ], [ 75.0348, 15.0789 ], [ 75.0319, 15.0775 ], [ 75.0329, 15.0759 ], [ 75.0304, 15.0731 ], [ 75.02, 15.0701 ], [ 75.0184, 15.0726 ], [ 75.0129, 15.0681 ], [ 75.0074, 15.0713 ], [ 74.9985, 15.0697 ], [ 74.9918, 15.0736 ], [ 74.9789, 15.0689 ], [ 74.9633, 15.0694 ], [ 74.9573, 15.0641 ], [ 74.9509, 15.0676 ], [ 74.9442, 15.0642 ], [ 74.9403, 15.0666 ], [ 74.9394, 15.0572 ], [ 74.942, 15.056 ], [ 74.9401, 15.0519 ], [ 74.9314, 15.0519 ], [ 74.9304, 15.0493 ], [ 74.9242, 15.0484 ], [ 74.9227, 15.0448 ], [ 74.9188, 15.0441 ], [ 74.9173, 15.0389 ], [ 74.9104, 15.0403 ], [ 74.9079, 15.0497 ], [ 74.8917, 15.0446 ], [ 74.8861, 15.0631 ], [ 74.8874, 15.0664 ], [ 74.8774, 15.0738 ], [ 74.8798, 15.084 ], [ 74.8833, 15.0883 ], [ 74.89, 15.0907 ], [ 74.8926, 15.0966 ], [ 74.8888, 15.1 ], [ 74.8647, 15.1051 ], [ 74.8584, 15.1042 ], [ 74.8531, 15.1123 ], [ 74.8518, 15.1213 ], [ 74.8487, 15.1231 ], [ 74.845, 15.122 ], [ 74.8438, 15.1268 ], [ 74.8397, 15.1303 ], [ 74.8313, 15.133 ], [ 74.829, 15.1397 ], [ 74.8379, 15.144 ], [ 74.835, 15.1487 ], [ 74.8481, 15.1627 ], [ 74.8501, 15.1711 ], [ 74.8626, 15.1788 ], [ 74.8624, 15.1822 ], [ 74.8652, 15.1823 ], [ 74.8648, 15.1865 ], [ 74.8775, 15.193 ], [ 74.8724, 15.2162 ], [ 74.882, 15.2241 ], [ 74.8851, 15.2328 ], [ 74.8988, 15.2411 ], [ 74.9102, 15.2518 ], [ 74.9062, 15.2799 ], [ 74.8971, 15.3013 ], [ 74.8945, 15.2991 ], [ 74.8893, 15.3046 ], [ 74.8814, 15.2981 ], [ 74.875, 15.3002 ], [ 74.8781, 15.3099 ], [ 74.8756, 15.316 ], [ 74.8835, 15.3148 ], [ 74.892, 15.3178 ], [ 74.8874, 15.3336 ], [ 74.912, 15.3387 ], [ 74.917, 15.3373 ], [ 74.9262, 15.3243 ], [ 74.9309, 15.326 ], [ 74.9281, 15.3371 ], [ 74.9314, 15.3498 ], [ 74.9424, 15.3504 ], [ 74.946, 15.3385 ], [ 74.9553, 15.3422 ], [ 74.9553, 15.3478 ], [ 74.9816, 15.3542 ], [ 74.9823, 15.3564 ], [ 75.0026, 15.3584 ], [ 75.0048, 15.3607 ], [ 75.0103, 15.3604 ], [ 75.0134, 15.364 ] ] ] } },
{ "type": "Feature", "properties": { "area_id": "KGIS-T-0905", "name_en": "Kundgol", "name_kn": "", "level": "block", "parent_id": "KGIS-D-09", "district_en": "Dharwad", "lgd_code": "5477" }, "geometry": { "type": "Polygon", "coordinates": [ [ [ 75.3457, 15.3509 ], [ 75.3497, 15.3305 ], [ 75.3527, 15.3298 ], [ 75.3544, 15.3231 ], [ 75.3859, 15.324 ], [ 75.3897, 15.2989 ], [ 75.4119, 15.2975 ], [ 75.4103, 15.2854 ], [ 75.4061, 15.2841 ], [ 75.4064, 15.2781 ], [ 75.4164, 15.2795 ], [ 75.4168, 15.2756 ], [ 75.4021, 15.2732 ], [ 75.4023, 15.2605 ], [ 75.4118, 15.2645 ], [ 75.4165, 15.2623 ], [ 75.4175, 15.2559 ], [ 75.4141, 15.2508 ], [ 75.416, 15.2342 ], [ 75.4217, 15.2351 ], [ 75.4228, 15.2263 ], [ 75.4404, 15.2273 ], [ 75.4493, 15.208 ], [ 75.4336, 15.2097 ], [ 75.4327, 15.1988 ], [ 75.3983, 15.2008 ], [ 75.3977, 15.187 ], [ 75.4002, 15.1734 ], [ 75.3945, 15.1727 ], [ 75.3955, 15.1652 ], [ 75.4055, 15.1656 ], [ 75.4059, 15.1622 ], [ 75.4119, 15.1621 ], [ 75.4159, 15.1421 ], [ 75.4288, 15.1266 ], [ 75.4298, 15.1162 ], [ 75.434, 15.108 ], [ 75.4327, 15.1043 ], [ 75.4225, 15.0987 ], [ 75.4243, 15.0915 ], [ 75.4201, 15.0905 ], [ 75.4204, 15.0858 ], [ 75.4166, 15.0849 ], [ 75.4183, 15.0656 ], [ 75.4166, 15.0591 ], [ 75.4015, 15.0601 ], [ 75.3748, 15.0503 ], [ 75.367, 15.0504 ], [ 75.357, 15.0659 ], [ 75.3467, 15.0646 ], [ 75.3393, 15.0699 ], [ 75.3343, 15.0815 ], [ 75.3398, 15.0867 ], [ 75.339, 15.0911 ], [ 75.3497, 15.0943 ], [ 75.3504, 15.1017 ], [ 75.3396, 15.1067 ], [ 75.3369, 15.1116 ], [ 75.3357, 15.1613 ], [ 75.3056, 15.1541 ], [ 75.3059, 15.1383 ], [ 75.2867, 15.1368 ], [ 75.2883, 15.1293 ], [ 75.2721, 15.122 ], [ 75.2698, 15.1188 ], [ 75.2587, 15.1176 ], [ 75.2577, 15.0984 ], [ 75.2523, 15.098 ], [ 75.2506, 15.1073 ], [ 75.2391, 15.1068 ], [ 75.2387, 15.1094 ], [ 75.2256, 15.1071 ], [ 75.2251, 15.1002 ], [ 75.1882, 15.0986 ], [ 75.1866, 15.104 ], [ 75.1579, 15.102 ], [ 75.1584, 15.1105 ], [ 75.1439, 15.106 ], [ 75.1441, 15.1035 ], [ 75.1392, 15.1024 ], [ 75.1337, 15.1181 ], [ 75.1374, 15.1199 ], [ 75.1372, 15.1294 ], [ 75.1454, 15.1337 ], [ 75.1497, 15.1413 ], [ 75.1486, 15.1425 ], [ 75.1529, 15.1456 ], [ 75.1466, 15.1502 ], [ 75.1409, 15.1591 ], [ 75.141, 15.1685 ], [ 75.1662, 15.1706 ], [ 75.1659, 15.1736 ], [ 75.1688, 15.1747 ], [ 75.168, 15.1963 ], [ 75.1739, 15.1977 ], [ 75.1722, 15.2026 ], [ 75.1794, 15.2121 ], [ 75.1751, 15.2235 ], [ 75.1746, 15.2362 ], [ 75.1972, 15.2424 ], [ 75.2045, 15.2636 ], [ 75.2043, 15.269 ], [ 75.196, 15.2855 ], [ 75.1962, 15.2933 ], [ 75.194, 15.296 ], [ 75.197, 15.3011 ], [ 75.2074, 15.3114 ], [ 75.2309, 15.3209 ], [ 75.2647, 15.3252 ], [ 75.2777, 15.3238 ], [ 75.2798, 15.3357 ], [ 75.2885, 15.3344 ], [ 75.2885, 15.3362 ], [ 75.3088, 15.3394 ], [ 75.3421, 15.3517 ], [ 75.3457, 15.3509 ] ] ] } },
{ "type": "Feature", "properties": { "area_id": "KGIS-T-0906", "name_en": "Hubballi Nagara", "name_kn": "", "level": "block", "parent_id": "KGIS-D-09", "district_en": "Dharwad", "lgd_code": null }, "geometry": { "type": "Polygon", "coordinates": [ [ [ 75.0957, 15.4349 ], [ 75.1028, 15.4316 ], [ 75.1139, 15.4328 ], [ 75.1269, 15.43 ], [ 75.1273, 15.428 ], [ 75.1355, 15.4249 ], [ 75.1405, 15.425 ], [ 75.1431, 15.421 ], [ 75.1507, 15.4187 ], [ 75.1539, 15.4199 ], [ 75.1607, 15.4141 ], [ 75.1707, 15.4138 ], [ 75.1795, 15.4171 ], [ 75.1825, 15.4045 ], [ 75.1796, 15.4037 ], [ 75.1864, 15.3724 ], [ 75.189, 15.3727 ], [ 75.1903, 15.3669 ], [ 75.1937, 15.3674 ], [ 75.1939, 15.3655 ], [ 75.2191, 15.3642 ], [ 75.2236, 15.3478 ], [ 75.208, 15.3472 ], [ 75.2096, 15.3414 ], [ 75.2014, 15.3354 ], [ 75.1805, 15.3312 ], [ 75.1819, 15.3258 ], [ 75.1464, 15.3245 ], [ 75.1442, 15.3249 ], [ 75.1435, 15.3313 ], [ 75.1403, 15.3308 ], [ 75.1394, 15.3198 ], [ 75.1625, 15.3203 ], [ 75.1649, 15.3103 ], [ 75.1372, 15.3027 ], [ 75.1326, 15.3112 ], [ 75.1308, 15.3226 ], [ 75.1239, 15.3236 ], [ 75.1235, 15.3201 ], [ 75.1098, 15.3176 ], [ 75.1074, 15.314 ], [ 75.104, 15.3149 ], [ 75.1036, 15.3178 ], [ 75.0994, 15.3179 ], [ 75.1002, 15.3284 ], [ 75.1046, 15.3339 ], [ 75.0995, 15.3416 ], [ 75.099, 15.3508 ], [ 75.0946, 15.3511 ], [ 75.0904, 15.3545 ], [ 75.0882, 15.3549 ], [ 75.0862, 15.3444 ], [ 75.0798, 15.3451 ], [ 75.0784, 15.3339 ], [ 75.0741, 15.3338 ], [ 75.0742, 15.3319 ], [ 75.07, 15.3301 ], [ 75.0608, 15.3324 ], [ 75.0584, 15.3478 ], [ 75.0492, 15.3495 ], [ 75.049, 15.346 ], [ 75.0201, 15.3369 ], [ 75.0218, 15.3451 ], [ 75.014, 15.3575 ], [ 75.0134, 15.364 ], [ 75.0215, 15.369 ], [ 75.0284, 15.3677 ], [ 75.0434, 15.372 ], [ 75.0387, 15.3888 ], [ 75.0419, 15.4013 ], [ 75.0598, 15.4053 ], [ 75.0679, 15.4006 ], [ 75.0733, 15.4005 ], [ 75.0771, 15.4182 ], [ 75.0764, 15.4322 ], [ 75.0957, 15.4349 ] ] ] } },
{ "type": "Feature", "properties": { "area_id": "KGIS-T-0907", "name_en": "Alnavara", "name_kn": "ಅಳ್ನಾವರ", "level": "block", "parent_id": "KGIS-D-09", "district_en": "Dharwad", "lgd_code": null }, "geometry": { "type": "Polygon", "coordinates": [ [ [ 74.8032, 15.4973 ], [ 74.8144, 15.4786 ], [ 74.8266, 15.4833 ], [ 74.8311, 15.4888 ], [ 74.8404, 15.4916 ], [ 74.8383, 15.4894 ], [ 74.8395, 15.4789 ], [ 74.8356, 15.4783 ], [ 74.8393, 15.4676 ], [ 74.8609, 15.474 ], [ 74.865, 15.4599 ], [ 74.8646, 15.4563 ], [ 74.8586, 15.4515 ], [ 74.8524, 15.4515 ], [ 74.8527, 15.4494 ], [ 74.8498, 15.4481 ], [ 74.8512, 15.4395 ], [ 74.857, 15.4377 ], [ 74.8598, 15.433 ], [ 74.8549, 15.4219 ], [ 74.8511, 15.4224 ], [ 74.8458, 15.4175 ], [ 74.8402, 15.4266 ], [ 74.8324, 15.4235 ], [ 74.8316, 15.4138 ], [ 74.8385, 15.398 ], [ 74.8097, 15.3793 ], [ 74.7953, 15.3777 ], [ 74.7868, 15.3833 ], [ 74.7816, 15.3942 ], [ 74.7693, 15.4014 ], [ 74.7655, 15.3983 ], [ 74.7645, 15.4016 ], [ 74.7706, 15.4086 ], [ 74.7677, 15.4108 ], [ 74.7681, 15.4174 ], [ 74.7629, 15.4164 ], [ 74.7574, 15.4111 ], [ 74.7409, 15.4115 ], [ 74.7409, 15.4192 ], [ 74.7334, 15.4226 ], [ 74.7304, 15.4269 ], [ 74.7294, 15.4308 ], [ 74.7316, 15.4336 ], [ 74.7299, 15.4354 ], [ 74.7367, 15.44 ], [ 74.7355, 15.4441 ], [ 74.7392, 15.4453 ], [ 74.7383, 15.449 ], [ 74.7424, 15.4518 ], [ 74.7418, 15.4618 ], [ 74.7439, 15.4631 ], [ 74.7434, 15.4662 ], [ 74.7361, 15.4659 ], [ 74.7321, 15.4693 ], [ 74.7288, 15.4757 ], [ 74.7309, 15.4768 ], [ 74.7301, 15.482 ], [ 74.7267, 15.488 ], [ 74.7482, 15.4954 ], [ 74.7498, 15.4907 ], [ 74.7543, 15.488 ], [ 74.7533, 15.4839 ], [ 74.7557, 15.4765 ], [ 74.7602, 15.4708 ], [ 74.7645, 15.4732 ], [ 74.7689, 15.4705 ], [ 74.7783, 15.4585 ], [ 74.7854, 15.4714 ], [ 74.7869, 15.4784 ], [ 74.7852, 15.4847 ], [ 74.7944, 15.4875 ], [ 74.7987, 15.4936 ], [ 74.7973, 15.4975 ], [ 74.8032, 15.4973 ] ] ] } },
{ "type": "Feature", "properties": { "area_id": "KGIS-T-0908", "name_en": "Annigeri", "name_kn": "ಅಣ್ಣಿಗೇರಿ", "level": "block", "parent_id": "KGIS-D-09", "district_en": "Dharwad", "lgd_code": null }, "geometry": { "type": "Polygon", "coordinates": [ [ [ 75.494, 15.6366 ], [ 75.5086, 15.6374 ], [ 75.5065, 15.6356 ], [ 75.5091, 15.6255 ], [ 75.5174, 15.6261 ], [ 75.5177, 15.6217 ], [ 75.5269, 15.6222 ], [ 75.5266, 15.6184 ], [ 75.5298, 15.6183 ], [ 75.5269, 15.608 ], [ 75.5325, 15.608 ], [ 75.5325, 15.6051 ], [ 75.5371, 15.6054 ], [ 75.5421, 15.6013 ], [ 75.5377, 15.5913 ], [ 75.5346, 15.591 ], [ 75.5302, 15.5664 ], [ 75.5282, 15.5666 ], [ 75.5294, 15.5379 ], [ 75.5053, 15.5303 ], [ 75.4826, 15.5318 ], [ 75.4766, 15.52 ], [ 75.4736, 15.5197 ], [ 75.471, 15.4931 ], [ 75.4869, 15.4893 ], [ 75.4947, 15.4702 ], [ 75.4927, 15.4648 ], [ 75.4926, 15.4478 ], [ 75.4987, 15.4231 ], [ 75.492, 15.3788 ], [ 75.4931, 15.3683 ], [ 75.4904, 15.3679 ], [ 75.4899, 15.3724 ], [ 75.4859, 15.3719 ], [ 75.485, 15.3781 ], [ 75.4814, 15.3786 ], [ 75.4822, 15.3929 ], [ 75.4696, 15.397 ], [ 75.4686, 15.3856 ], [ 75.4453, 15.3863 ], [ 75.4486, 15.359 ], [ 75.4213, 15.362 ], [ 75.3655, 15.3602 ], [ 75.35, 15.3508 ], [ 75.3391, 15.3507 ], [ 75.3365, 15.362 ], [ 75.3313, 15.3708 ], [ 75.3268, 15.4105 ], [ 75.3198, 15.4165 ], [ 75.3183, 15.4242 ], [ 75.305, 15.4274 ], [ 75.3064, 15.4443 ], [ 75.3214, 15.4463 ], [ 75.3216, 15.4534 ], [ 75.3264, 15.4669 ], [ 75.3269, 15.4789 ], [ 75.3313, 15.4792 ], [ 75.3321, 15.4837 ], [ 75.37, 15.4852 ], [ 75.3725, 15.4906 ], [ 75.3723, 15.5056 ], [ 75.3764, 15.5069 ], [ 75.3756, 15.5094 ], [ 75.39, 15.5089 ], [ 75.3934, 15.5258 ], [ 75.3904, 15.5271 ], [ 75.3939, 15.5407 ], [ 75.397, 15.5421 ], [ 75.3983, 15.5475 ], [ 75.4213, 15.5437 ], [ 75.4392, 15.5448 ], [ 75.4373, 15.5673 ], [ 75.4685, 15.5726 ], [ 75.4642, 15.5823 ], [ 75.4631, 15.5993 ], [ 75.4653, 15.5974 ], [ 75.4864, 15.6 ], [ 75.4933, 15.621 ], [ 75.494, 15.6366 ] ] ] } },
{ "type": "Feature", "properties": { "area_id": "KGIS-T-1001", "name_en": "Karwar", "name_kn": "ಕಾರವಾರ", "level": "block", "parent_id": "KGIS-D-10", "district_en": "Uttara Kannada", "lgd_code": "5478" }, "geometry": { "type": "MultiPolygon", "coordinates": [ [ [ [ 74.2562, 14.7454 ], [ 74.2541, 14.7446 ], [ 74.2543, 14.7458 ], [ 74.2562, 14.7454 ] ] ], [ [ [ 74.1391, 14.7631 ], [ 74.1456, 14.7631 ], [ 74.1463, 14.7602 ], [ 74.1432, 14.7583 ], [ 74.1384, 14.7609 ], [ 74.1391, 14.7631 ] ] ], [ [ [ 74.1101, 14.8458 ], [ 74.1131, 14.8423 ], [ 74.1073, 14.8435 ], [ 74.1101, 14.8458 ] ] ], [ [ [ 74.1143, 14.8433 ], [ 74.1146, 14.8452 ], [ 74.1154, 14.8436 ], [ 74.1143, 14.8433 ] ] ], [ [ [ 74.1019, 14.8783 ], [ 74.1017, 14.8763 ], [ 74.1, 14.8767 ], [ 74.1019, 14.8783 ] ] ], [ [ [ 74.3085, 15.0208 ], [ 74.3131, 14.9933 ], [ 74.3162, 14.9904 ], [ 74.3273, 14.991 ], [ 74.3335, 14.9716 ], [ 74.3382, 14.9672 ], [ 74.3348, 14.9598 ], [ 74.3452, 14.9486 ], [ 74.365, 14.9454 ], [ 74.3693, 14.9254 ], [ 74.3875, 14.9254 ], [ 74.3992, 14.9051 ], [ 74.4061, 14.9196 ], [ 74.4226, 14.9083 ], [ 74.4211, 14.9221 ], [ 74.4408, 14.9595 ], [ 74.4548, 14.9349 ], [ 74.4559, 14.9365 ], [ 74.4537, 14.9326 ], [ 74.4621, 14.9172 ], [ 74.4618, 14.9049 ], [ 74.4676, 14.8926 ], [ 74.4816, 14.8967 ], [ 74.4923, 14.9139 ], [ 74.4976, 14.9182 ], [ 74.5172, 14.9246 ], [ 74.5275, 14.9217 ], [ 74.5218, 14.9021 ], [ 74.5249, 14.8963 ], [ 74.5137, 14.8827 ], [ 74.5045, 14.8809 ], [ 74.5127, 14.8662 ], [ 74.5116, 14.8607 ], [ 74.4917, 14.8493 ], [ 74.4949, 14.8464 ], [ 74.4794, 14.8319 ], [ 74.4828, 14.8294 ], [ 74.4756, 14.8263 ], [ 74.4717, 14.8179 ], [ 74.4527, 14.8004 ], [ 74.4344, 14.8082 ], [ 74.3932, 14.8353 ], [ 74.3612, 14.8399 ], [ 74.3459, 14.8486 ], [ 74.3378, 14.843 ], [ 74.3376, 14.8378 ], [ 74.3273, 14.8202 ], [ 74.3328, 14.8082 ], [ 74.3081, 14.805 ], [ 74.303, 14.7962 ], [ 74.2934, 14.7936 ], [ 74.2924, 14.7846 ], [ 74.2773, 14.7788 ], [ 74.2627, 14.7778 ], [ 74.2641, 14.7719 ], [ 74.2609, 14.767 ], [ 74.2627, 14.7613 ], [ 74.248, 14.7416 ], [ 74.2375, 14.7482 ], [ 74.2266, 14.7463 ], [ 74.2278, 14.7385 ], [ 74.2241, 14.7345 ], [ 74.2023, 14.7332 ], [ 74.2057, 14.726 ], [ 74.1934, 14.7264 ], [ 74.1949, 14.7294 ], [ 74.1897, 14.7401 ], [ 74.1802, 14.7508 ], [ 74.1718, 14.7511 ], [ 74.1729, 14.7545 ], [ 74.1591, 14.7547 ], [ 74.1598, 14.7506 ], [ 74.157, 14.7444 ], [ 74.1508, 14.7471 ], [ 74.1511, 14.7529 ], [ 74.1578, 14.76 ], [ 74.143, 14.78 ], [ 74.1215, 14.7794 ], [ 74.1231, 14.7802 ], [ 74.1214, 14.7836 ], [ 74.1154, 14.7897 ], [ 74.1109, 14.7842 ], [ 74.1086, 14.7844 ], [ 74.1104, 14.79 ], [ 74.1085, 14.7931 ], [ 74.104, 14.7921 ], [ 74.1005, 14.799 ], [ 74.0949, 14.8008 ], [ 74.0936, 14.8071 ], [ 74.0969, 14.8092 ], [ 74.1034, 14.8094 ], [ 74.1051, 14.8061 ], [ 74.1076, 14.8077 ], [ 74.1072, 14.8052 ], [ 74.1199, 14.8014 ], [ 74.1255, 14.8059 ], [ 74.1279, 14.8187 ], [ 74.1246, 14.8355 ], [ 74.1271, 14.8398 ], [ 74.1157, 14.8444 ], [ 74.1119, 14.8486 ], [ 74.1081, 14.869 ], [ 74.1039, 14.8769 ], [ 74.0999, 14.8809 ], [ 74.1008, 14.8912 ], [ 74.0957, 14.898 ], [ 74.0854, 14.8999 ], [ 74.0902, 14.903 ], [ 74.0945, 14.9108 ], [ 74.1014, 14.915 ], [ 74.1051, 14.9128 ], [ 74.1083, 14.9134 ], [ 74.109, 14.9168 ], [ 74.1206, 14.9176 ], [ 74.1248, 14.9252 ], [ 74.1301, 14.9249 ], [ 74.1354, 14.9202 ], [ 74.1402, 14.9237 ], [ 74.1465, 14.9184 ], [ 74.1543, 14.9177 ], [ 74.1605, 14.9131 ], [ 74.1651, 14.9197 ], [ 74.1537, 14.9403 ], [ 74.1551, 14.9464 ], [ 74.1586, 14.9491 ], [ 74.1594, 14.956 ], [ 74.1642, 14.9589 ], [ 74.1807, 14.9576 ], [ 74.181, 14.9502 ], [ 74.1949, 14.9429 ], [ 74.197, 14.9381 ], [ 74.1939, 14.9326 ], [ 74.2016, 14.9256 ], [ 74.2091, 14.9376 ], [ 74.2135, 14.9405 ], [ 74.2149, 14.9497 ], [ 74.219, 14.9459 ], [ 74.2256, 14.9503 ], [ 74.2306, 14.9498 ], [ 74.2314, 14.9582 ], [ 74.2379, 14.966 ], [ 74.2525, 14.9597 ], [ 74.2553, 14.9708 ], [ 74.2587, 14.9706 ], [ 74.2621, 14.9762 ], [ 74.2665, 14.9781 ], [ 74.2547, 14.9892 ], [ 74.2558, 14.9952 ], [ 74.2701, 14.9983 ], [ 74.2713, 15.0074 ], [ 74.2814, 15.021 ], [ 74.2819, 15.0306 ], [ 74.2899, 15.0385 ], [ 74.295, 15.04 ], [ 74.2947, 15.0448 ], [ 74.3028, 15.0503 ], [ 74.3215, 15.0407 ], [ 74.3179, 15.0337 ], [ 74.3205, 15.0294 ], [ 74.3186, 15.0248 ], [ 74.315, 15.02 ], [ 74.3085, 15.0208 ] ] ], [ [ [ 74.1564, 14.9203 ], [ 74.1595, 14.9218 ], [ 74.1599, 14.9215 ], [ 74.1584, 14.9191 ], [ 74.1564, 14.9203 ] ] ] ] } },
{ "type": "Feature", "properties": { "area_id": "KGIS-T-1002", "name_en": "Joida", "name_kn": "", "level": "block", "parent_id": "KGIS-D-10", "district_en": "Uttara Kannada", "lgd_code": null }, "geometry": { "type": "Polygon", "coordinates": [ [ [ 74.2908, 15.5235 ], [ 74.3269, 15.5163 ], [ 74.3417, 15.5182 ], [ 74.3736, 15.4796 ], [ 74.3864, 15.4836 ], [ 74.4043, 15.4734 ], [ 74.4121, 15.4742 ], [ 74.4179, 15.4694 ], [ 74.4192, 15.4647 ], [ 74.4221, 15.4632 ], [ 74.4228, 15.4219 ], [ 74.4289, 15.3987 ], [ 74.4327, 15.3972 ], [ 74.4344, 15.402 ], [ 74.4395, 15.406 ], [ 74.452, 15.408 ], [ 74.4457, 15.4196 ], [ 74.4604, 15.4206 ], [ 74.4562, 15.4244 ], [ 74.4629, 15.4331 ], [ 74.4724, 15.4329 ], [ 74.4777, 15.4289 ], [ 74.4817, 15.4303 ], [ 74.4844, 15.4373 ], [ 74.4879, 15.4382 ], [ 74.4918, 15.4438 ], [ 74.4913, 15.4354 ], [ 74.4946, 15.4384 ], [ 74.5061, 15.4336 ], [ 74.5096, 15.4276 ], [ 74.5061, 15.4125 ], [ 74.5099, 15.4029 ], [ 74.5165, 15.402 ], [ 74.5337, 15.4187 ], [ 74.5471, 15.4148 ], [ 74.5542, 15.409 ], [ 74.5676, 15.4034 ], [ 74.5741, 15.3922 ], [ 74.5877, 15.3805 ], [ 74.5957, 15.3778 ], [ 74.6012, 15.3694 ], [ 74.6138, 15.3593 ], [ 74.6133, 15.3508 ], [ 74.6009, 15.3351 ], [ 74.5986, 15.329 ], [ 74.6009, 15.3251 ], [ 74.5961, 15.3219 ], [ 74.5721, 15.3175 ], [ 74.5645, 15.3077 ], [ 74.5733, 15.2947 ], [ 74.6054, 15.2925 ], [ 74.6045, 15.2883 ], [ 74.607, 15.2838 ], [ 74.6055, 15.2774 ], [ 74.6028, 15.2757 ], [ 74.5957, 15.2572 ], [ 74.6089, 15.2586 ], [ 74.6152, 15.2564 ], [ 74.6184, 15.2367 ], [ 74.6166, 15.2362 ], [ 74.6174, 15.2253 ], [ 74.6258, 15.2019 ], [ 74.6236, 15.1648 ], [ 74.6274, 15.1572 ], [ 74.6286, 15.1412 ], [ 74.6385, 15.1134 ], [ 74.6403, 15.0827 ], [ 74.6365, 15.0827 ], [ 74.634, 15.0766 ], [ 74.62, 15.0661 ], [ 74.604, 15.0632 ], [ 74.6006, 15.0527 ], [ 74.602, 15.0292 ], [ 74.5808, 15.0149 ], [ 74.5829, 15.0012 ], [ 74.5669, 14.9778 ], [ 74.5672, 14.9652 ], [ 74.5634, 14.9466 ], [ 74.5454, 14.942 ], [ 74.5409, 14.9354 ], [ 74.5379, 14.9225 ], [ 74.5334, 14.9195 ], [ 74.5172, 14.9246 ], [ 74.4976, 14.9182 ], [ 74.4906, 14.9114 ], [ 74.4866, 14.902 ], [ 74.4766, 14.8942 ], [ 74.4676, 14.8926 ], [ 74.4618, 14.9049 ], [ 74.4621, 14.9172 ], [ 74.4537, 14.9326 ], [ 74.4559, 14.9365 ], [ 74.4548, 14.9349 ], [ 74.4408, 14.9595 ], [ 74.4211, 14.9221 ], [ 74.4226, 14.9083 ], [ 74.4061, 14.9196 ], [ 74.3992, 14.9051 ], [ 74.3875, 14.9254 ], [ 74.3693, 14.9254 ], [ 74.365, 14.9454 ], [ 74.3452, 14.9486 ], [ 74.3348, 14.9598 ], [ 74.3382, 14.9672 ], [ 74.3335, 14.9716 ], [ 74.3273, 14.991 ], [ 74.3162, 14.9904 ], [ 74.3131, 14.9933 ], [ 74.3085, 15.0206 ], [ 74.315, 15.02 ], [ 74.3186, 15.0248 ], [ 74.3205, 15.0294 ], [ 74.3179, 15.0337 ], [ 74.3215, 15.0407 ], [ 74.3048, 15.0503 ], [ 74.2947, 15.0448 ], [ 74.2903, 15.0539 ], [ 74.291, 15.0667 ], [ 74.2808, 15.0685 ], [ 74.2756, 15.0958 ], [ 74.2727, 15.0979 ], [ 74.2764, 15.1058 ], [ 74.2826, 15.1067 ], [ 74.2839, 15.1195 ], [ 74.2865, 15.1223 ], [ 74.2836, 15.1312 ], [ 74.2858, 15.1349 ], [ 74.2859, 15.1497 ], [ 74.2923, 15.1485 ], [ 74.2956, 15.151 ], [ 74.3146, 15.1803 ], [ 74.31, 15.2057 ], [ 74.3004, 15.2168 ], [ 74.2914, 15.2341 ], [ 74.2868, 15.2327 ], [ 74.2597, 15.2412 ], [ 74.2519, 15.2506 ], [ 74.2506, 15.2596 ], [ 74.2612, 15.2609 ], [ 74.272, 15.2817 ], [ 74.2768, 15.2835 ], [ 74.2824, 15.2804 ], [ 74.2936, 15.2847 ], [ 74.2946, 15.2893 ], [ 74.3083, 15.2836 ], [ 74.3264, 15.284 ], [ 74.3362, 15.2956 ], [ 74.3208, 15.3143 ], [ 74.3169, 15.3298 ], [ 74.322, 15.3435 ], [ 74.3184, 15.3576 ], [ 74.314, 15.3604 ], [ 74.3147, 15.3641 ], [ 74.3213, 15.3685 ], [ 74.2978, 15.3833 ], [ 74.2848, 15.3851 ], [ 74.2787, 15.3928 ], [ 74.2787, 15.4056 ], [ 74.2708, 15.4185 ], [ 74.2709, 15.4245 ], [ 74.2761, 15.4326 ], [ 74.2749, 15.4484 ], [ 74.2653, 15.4725 ], [ 74.249, 15.4916 ], [ 74.251, 15.5002 ], [ 74.2543, 15.5038 ], [ 74.2751, 15.5144 ], [ 74.279, 15.5193 ], [ 74.2781, 15.5215 ], [ 74.2908, 15.5235 ] ] ] } },
{ "type": "Feature", "properties": { "area_id": "KGIS-T-1003", "name_en": "Haliyal", "name_kn": "ಹಳಿಯಾಳ", "level": "block", "parent_id": "KGIS-D-10", "district_en": "Uttara Kannada", "lgd_code": "5480" }, "geometry": { "type": "MultiPolygon", "coordinates": [ [ [ [ 74.6387, 15.1112 ], [ 74.6294, 15.1391 ], [ 74.6676, 15.1496 ], [ 74.6908, 15.1395 ], [ 74.6387, 15.1112 ] ] ], [ [ [ 74.7675, 15.4173 ], [ 74.7677, 15.4108 ], [ 74.7706, 15.4086 ], [ 74.7645, 15.4016 ], [ 74.7655, 15.3983 ], [ 74.7693, 15.4014 ], [ 74.7816, 15.3942 ], [ 74.7854, 15.3851 ], [ 74.7923, 15.3788 ], [ 74.8097, 15.3793 ], [ 74.8202, 15.3852 ], [ 74.8306, 15.3735 ], [ 74.819, 15.3708 ], [ 74.8246, 15.3548 ], [ 74.8253, 15.3452 ], [ 74.8321, 15.3365 ], [ 74.8356, 15.3347 ], [ 74.8448, 15.336 ], [ 74.8478, 15.3402 ], [ 74.8548, 15.3405 ], [ 74.8611, 15.3276 ], [ 74.8775, 15.317 ], [ 74.8756, 15.316 ], [ 74.878, 15.3087 ], [ 74.875, 15.3002 ], [ 74.8814, 15.2981 ], [ 74.8893, 15.3046 ], [ 74.8945, 15.2991 ], [ 74.8971, 15.3013 ], [ 74.9062, 15.2799 ], [ 74.9102, 15.2518 ], [ 74.8988, 15.2411 ], [ 74.8851, 15.2328 ], [ 74.882, 15.2241 ], [ 74.8724, 15.2162 ], [ 74.8775, 15.193 ], [ 74.8648, 15.1865 ], [ 74.8652, 15.1823 ], [ 74.8624, 15.1822 ], [ 74.8626, 15.1788 ], [ 74.8501, 15.1711 ], [ 74.8481, 15.1627 ], [ 74.835, 15.1487 ], [ 74.8379, 15.144 ], [ 74.829, 15.1397 ], [ 74.829, 15.1364 ], [ 74.8248, 15.1346 ], [ 74.8193, 15.1407 ], [ 74.8234, 15.1441 ], [ 74.8201, 15.1459 ], [ 74.8211, 15.1516 ], [ 74.8193, 15.1535 ], [ 74.8126, 15.1541 ], [ 74.8111, 15.1512 ], [ 74.793, 15.1463 ], [ 74.7948, 15.1395 ], [ 74.7933, 15.132 ], [ 74.7894, 15.1299 ], [ 74.7817, 15.132 ], [ 74.7846, 15.1169 ], [ 74.7744, 15.1002 ], [ 74.7661, 15.1018 ], [ 74.7595, 15.1001 ], [ 74.754, 15.1029 ], [ 74.752, 15.0923 ], [ 74.7428, 15.0846 ], [ 74.733, 15.0896 ], [ 74.7315, 15.095 ], [ 74.727, 15.0979 ], [ 74.7297, 15.113 ], [ 74.7161, 15.1469 ], [ 74.7175, 15.1495 ], [ 74.7565, 15.1581 ], [ 74.7597, 15.1647 ], [ 74.7593, 15.1731 ], [ 74.7388, 15.177 ], [ 74.7301, 15.1744 ], [ 74.7076, 15.1849 ], [ 74.698, 15.1944 ], [ 74.6948, 15.19 ], [ 74.6836, 15.1847 ], [ 74.6825, 15.1815 ], [ 74.6649, 15.1859 ], [ 74.6718, 15.1968 ], [ 74.689, 15.2044 ], [ 74.7013, 15.2027 ], [ 74.7013, 15.2076 ], [ 74.7147, 15.212 ], [ 74.688, 15.2224 ], [ 74.6837, 15.2432 ], [ 74.697, 15.2551 ], [ 74.6974, 15.2697 ], [ 74.6886, 15.2702 ], [ 74.6919, 15.2764 ], [ 74.6964, 15.2763 ], [ 74.6989, 15.2797 ], [ 74.6969, 15.2988 ], [ 74.7005, 15.2988 ], [ 74.7055, 15.3061 ], [ 74.7131, 15.3111 ], [ 74.7087, 15.3132 ], [ 74.7071, 15.3174 ], [ 74.71, 15.32 ], [ 74.6915, 15.3158 ], [ 74.6685, 15.3159 ], [ 74.6578, 15.3256 ], [ 74.654, 15.3407 ], [ 74.6749, 15.3453 ], [ 74.6713, 15.3647 ], [ 74.691, 15.3628 ], [ 74.702, 15.3685 ], [ 74.7123, 15.3671 ], [ 74.725, 15.37 ], [ 74.7246, 15.3813 ], [ 74.7194, 15.3821 ], [ 74.7047, 15.3774 ], [ 74.695, 15.3848 ], [ 74.6845, 15.3863 ], [ 74.6787, 15.3844 ], [ 74.6774, 15.3871 ], [ 74.6986, 15.4098 ], [ 74.7063, 15.4073 ], [ 74.7175, 15.4111 ], [ 74.7319, 15.408 ], [ 74.7457, 15.4126 ], [ 74.7484, 15.4106 ], [ 74.7574, 15.4111 ], [ 74.7629, 15.4164 ], [ 74.7675, 15.4173 ] ], [ [ 74.7672, 15.2182 ], [ 74.7673, 15.2186 ], [ 74.7674, 15.2188 ], [ 74.7672, 15.2182 ] ] ] ] } },
{ "type": "Feature", "properties": { "area_id": "KGIS-T-1004", "name_en": "Yellapur", "name_kn": "", "level": "block", "parent_id": "KGIS-D-10", "district_en": "Uttara Kannada", "lgd_code": "5481" }, "geometry": { "type": "Polygon", "coordinates": [ [ [ 74.8193, 15.1535 ], [ 74.8198, 15.1466 ], [ 74.8234, 15.1441 ], [ 74.8196, 15.1402 ], [ 74.8248, 15.1346 ], [ 74.829, 15.1364 ], [ 74.8294, 15.1394 ], [ 74.8313, 15.133 ], [ 74.8397, 15.1303 ], [ 74.8438, 15.1268 ], [ 74.845, 15.122 ], [ 74.8487, 15.1231 ], [ 74.8518, 15.1213 ], [ 74.8531, 15.1123 ], [ 74.8584, 15.1042 ], [ 74.8647, 15.1051 ], [ 74.8903, 15.0993 ], [ 74.8926, 15.0966 ], [ 74.89, 15.0907 ], [ 74.8816, 15.0866 ], [ 74.8774, 15.0738 ], [ 74.8874, 15.0664 ], [ 74.8861, 15.0631 ], [ 74.8917, 15.0446 ], [ 74.906, 15.0499 ], [ 74.9101, 15.0432 ], [ 74.9093, 15.0384 ], [ 74.9065, 15.0368 ], [ 74.9091, 15.0341 ], [ 74.8997, 15.0294 ], [ 74.8974, 15.0238 ], [ 74.893, 15.0263 ], [ 74.8897, 15.0248 ], [ 74.8859, 15.0005 ], [ 74.8793, 14.9977 ], [ 74.8759, 14.9875 ], [ 74.8708, 14.985 ], [ 74.8704, 14.9719 ], [ 74.8656, 14.9658 ], [ 74.8836, 14.9603 ], [ 74.8923, 14.9356 ], [ 74.9185, 14.9142 ], [ 74.935, 14.9096 ], [ 74.9311, 14.9033 ], [ 74.9137, 14.9017 ], [ 74.9147, 14.8841 ], [ 74.918, 14.8721 ], [ 74.9234, 14.863 ], [ 74.9134, 14.8562 ], [ 74.9053, 14.8358 ], [ 74.9044, 14.8247 ], [ 74.9149, 14.8323 ], [ 74.9422, 14.8398 ], [ 74.9441, 14.8352 ], [ 74.9396, 14.8193 ], [ 74.9267, 14.8028 ], [ 74.9079, 14.8101 ], [ 74.9072, 14.795 ], [ 74.9141, 14.7816 ], [ 74.9118, 14.7792 ], [ 74.9179, 14.7664 ], [ 74.9069, 14.7699 ], [ 74.8939, 14.7683 ], [ 74.8836, 14.7598 ], [ 74.8873, 14.7483 ], [ 74.8842, 14.7502 ], [ 74.8791, 14.7394 ], [ 74.8653, 14.7354 ], [ 74.8618, 14.7371 ], [ 74.847, 14.7324 ], [ 74.8464, 14.7479 ], [ 74.8307, 14.7394 ], [ 74.8265, 14.7416 ], [ 74.8243, 14.747 ], [ 74.8175, 14.7457 ], [ 74.8181, 14.7423 ], [ 74.8139, 14.7377 ], [ 74.8098, 14.74 ], [ 74.8103, 14.7464 ], [ 74.8063, 14.7505 ], [ 74.8025, 14.7499 ], [ 74.8011, 14.7525 ], [ 74.7959, 14.7496 ], [ 74.7919, 14.7563 ], [ 74.7906, 14.7533 ], [ 74.7846, 14.7521 ], [ 74.7785, 14.7587 ], [ 74.7773, 14.7701 ], [ 74.7732, 14.7711 ], [ 74.7717, 14.7757 ], [ 74.7685, 14.7743 ], [ 74.7668, 14.7775 ], [ 74.7596, 14.7756 ], [ 74.7606, 14.7962 ], [ 74.7536, 14.7984 ], [ 74.7503, 14.8278 ], [ 74.7451, 14.833 ], [ 74.7404, 14.8333 ], [ 74.7388, 14.8377 ], [ 74.7127, 14.8334 ], [ 74.6832, 14.8337 ], [ 74.67, 14.8295 ], [ 74.663, 14.8306 ], [ 74.6586, 14.8353 ], [ 74.6393, 14.836 ], [ 74.6272, 14.8215 ], [ 74.6159, 14.8156 ], [ 74.6152, 14.8081 ], [ 74.6084, 14.7997 ], [ 74.6057, 14.8069 ], [ 74.6069, 14.8087 ], [ 74.6045, 14.8095 ], [ 74.6045, 14.8208 ], [ 74.5991, 14.8281 ], [ 74.5998, 14.8306 ], [ 74.5932, 14.8345 ], [ 74.5864, 14.844 ], [ 74.575, 14.8646 ], [ 74.5743, 14.87 ], [ 74.5703, 14.8676 ], [ 74.5701, 14.8707 ], [ 74.5677, 14.8687 ], [ 74.5649, 14.8722 ], [ 74.5551, 14.8609 ], [ 74.564, 14.8439 ], [ 74.5646, 14.8351 ], [ 74.5761, 14.8244 ], [ 74.5767, 14.8059 ], [ 74.5689, 14.7942 ], [ 74.5634, 14.7926 ], [ 74.5523, 14.7985 ], [ 74.5494, 14.7933 ], [ 74.5417, 14.793 ], [ 74.5411, 14.7785 ], [ 74.5355, 14.776 ], [ 74.5296, 14.7785 ], [ 74.5222, 14.7691 ], [ 74.5145, 14.7684 ], [ 74.5037, 14.7847 ], [ 74.4967, 14.7902 ], [ 74.4782, 14.7737 ], [ 74.4701, 14.7539 ], [ 74.4463, 14.7598 ], [ 74.4297, 14.7567 ], [ 74.4223, 14.7605 ], [ 74.424, 14.7695 ], [ 74.4198, 14.7766 ], [ 74.4371, 14.7798 ], [ 74.4573, 14.7917 ], [ 74.4587, 14.7974 ], [ 74.4526, 14.8004 ], [ 74.4717, 14.8179 ], [ 74.4756, 14.8263 ], [ 74.4828, 14.8294 ], [ 74.4794, 14.8319 ], [ 74.4949, 14.8464 ], [ 74.4917, 14.8493 ], [ 74.5116, 14.8607 ], [ 74.5127, 14.8662 ], [ 74.5045, 14.8809 ], [ 74.5137, 14.8827 ], [ 74.5249, 14.8963 ], [ 74.5218, 14.9021 ], [ 74.5269, 14.9211 ], [ 74.532, 14.919 ], [ 74.5379, 14.9225 ], [ 74.5409, 14.9354 ], [ 74.5459, 14.9423 ], [ 74.5514, 14.9423 ], [ 74.565, 14.949 ], [ 74.5669, 14.9778 ], [ 74.5829, 15.0012 ], [ 74.5808, 15.0149 ], [ 74.602, 15.0292 ], [ 74.6006, 15.0527 ], [ 74.604, 15.0632 ], [ 74.62, 15.0661 ], [ 74.634, 15.0766 ], [ 74.6377, 15.0837 ], [ 74.6474, 15.078 ], [ 74.6746, 15.0981 ], [ 74.683, 15.0929 ], [ 74.6882, 15.0982 ], [ 74.6948, 15.0978 ], [ 74.7007, 15.1045 ], [ 74.7107, 15.0874 ], [ 74.7176, 15.0808 ], [ 74.7246, 15.0841 ], [ 74.7313, 15.0832 ], [ 74.7331, 15.0897 ], [ 74.7432, 15.0846 ], [ 74.752, 15.0923 ], [ 74.754, 15.1029 ], [ 74.7595, 15.1001 ], [ 74.7661, 15.1018 ], [ 74.7744, 15.1002 ], [ 74.7846, 15.1169 ], [ 74.7817, 15.132 ], [ 74.7894, 15.1299 ], [ 74.7933, 15.132 ], [ 74.7948, 15.1395 ], [ 74.793, 15.1463 ], [ 74.8111, 15.1512 ], [ 74.8134, 15.1542 ], [ 74.8193, 15.1535 ] ] ] } },
{ "type": "Feature", "properties": { "area_id": "KGIS-T-1005", "name_en": "Mundgod", "name_kn": "", "level": "block", "parent_id": "KGIS-D-10", "district_en": "Uttara Kannada", "lgd_code": "5482" }, "geometry": { "type": "Polygon", "coordinates": [ [ [ 75.0533, 15.0824 ], [ 75.0554, 15.0727 ], [ 75.0583, 15.0713 ], [ 75.0709, 15.0704 ], [ 75.0825, 15.0746 ], [ 75.0739, 15.0524 ], [ 75.0724, 15.0414 ], [ 75.077, 15.0379 ], [ 75.0715, 15.0179 ], [ 75.0681, 15.0147 ], [ 75.0732, 14.9997 ], [ 75.0759, 14.974 ], [ 75.0816, 14.9695 ], [ 75.0845, 14.9566 ], [ 75.1002, 14.9553 ], [ 75.095, 14.9508 ], [ 75.0978, 14.9474 ], [ 75.0971, 14.9432 ], [ 75.1034, 14.9351 ], [ 75.1023, 14.9276 ], [ 75.0854, 14.9268 ], [ 75.0872, 14.921 ], [ 75.0803, 14.9224 ], [ 75.0671, 14.9191 ], [ 75.0711, 14.8718 ], [ 75.0739, 14.8676 ], [ 75.0709, 14.8676 ], [ 75.0697, 14.8633 ], [ 75.0741, 14.8561 ], [ 75.0677, 14.8368 ], [ 75.0718, 14.834 ], [ 75.0738, 14.8262 ], [ 75.0905, 14.8202 ], [ 75.0917, 14.8111 ], [ 75.0739, 14.8082 ], [ 75.0553, 14.8146 ], [ 75.056, 14.8051 ], [ 75.0688, 14.798 ], [ 75.0692, 14.787 ], [ 75.0671, 14.7861 ], [ 75.0708, 14.7824 ], [ 75.0663, 14.783 ], [ 75.0636, 14.7766 ], [ 75.0524, 14.7768 ], [ 75.0499, 14.7735 ], [ 75.0461, 14.773 ], [ 75.0406, 14.7741 ], [ 75.0416, 14.7593 ], [ 75.0436, 14.7537 ], [ 75.0469, 14.7519 ], [ 75.0477, 14.7441 ], [ 75.0438, 14.7433 ], [ 75.0447, 14.739 ], [ 75.0371, 14.7385 ], [ 75.0384, 14.7277 ], [ 75.0335, 14.7274 ], [ 75.0307, 14.7299 ], [ 75.0277, 14.7254 ], [ 75.0259, 14.7269 ], [ 75.0181, 14.7238 ], [ 75.0146, 14.7206 ], [ 75.0145, 14.7172 ], [ 75.0065, 14.7192 ], [ 74.9942, 14.6951 ], [ 74.9776, 14.698 ], [ 74.9674, 14.7033 ], [ 74.9699, 14.7118 ], [ 74.9719, 14.7119 ], [ 74.979, 14.7253 ], [ 74.9551, 14.7322 ], [ 74.9515, 14.7405 ], [ 74.9467, 14.7378 ], [ 74.9355, 14.7374 ], [ 74.9246, 14.7431 ], [ 74.9198, 14.7487 ], [ 74.9158, 14.7447 ], [ 74.9131, 14.7473 ], [ 74.9096, 14.746 ], [ 74.8953, 14.7492 ], [ 74.8923, 14.7464 ], [ 74.8862, 14.7493 ], [ 74.8836, 14.7598 ], [ 74.8939, 14.7683 ], [ 74.9069, 14.7699 ], [ 74.9179, 14.7664 ], [ 74.9118, 14.7792 ], [ 74.9141, 14.7816 ], [ 74.9072, 14.795 ], [ 74.9079, 14.8101 ], [ 74.9267, 14.8028 ], [ 74.9396, 14.8193 ], [ 74.9442, 14.8342 ], [ 74.9422, 14.8398 ], [ 74.9149, 14.8323 ], [ 74.9044, 14.8247 ], [ 74.9053, 14.8358 ], [ 74.9134, 14.8562 ], [ 74.9234, 14.863 ], [ 74.918, 14.8721 ], [ 74.9147, 14.8841 ], [ 74.9137, 14.9017 ], [ 74.9311, 14.9033 ], [ 74.935, 14.9096 ], [ 74.9185, 14.9142 ], [ 74.8923, 14.9356 ], [ 74.8836, 14.9603 ], [ 74.8656, 14.9666 ], [ 74.8704, 14.9719 ], [ 74.8708, 14.985 ], [ 74.8759, 14.9875 ], [ 74.8793, 14.9977 ], [ 74.8859, 15.0005 ], [ 74.8897, 15.0248 ], [ 74.893, 15.0263 ], [ 74.8974, 15.0238 ], [ 74.8997, 15.0294 ], [ 74.9091, 15.0341 ], [ 74.9065, 15.0361 ], [ 74.9093, 15.04 ], [ 74.9173, 15.0389 ], [ 74.9188, 15.0441 ], [ 74.9227, 15.0448 ], [ 74.9242, 15.0484 ], [ 74.9304, 15.0493 ], [ 74.9314, 15.0519 ], [ 74.9401, 15.0519 ], [ 74.942, 15.056 ], [ 74.9394, 15.0572 ], [ 74.9403, 15.0666 ], [ 74.9442, 15.0642 ], [ 74.9509, 15.0676 ], [ 74.9573, 15.0641 ], [ 74.9633, 15.0694 ], [ 74.9789, 15.0689 ], [ 74.9918, 15.0736 ], [ 74.9985, 15.0697 ], [ 75.0074, 15.0713 ], [ 75.0129, 15.0681 ], [ 75.0184, 15.0726 ], [ 75.02, 15.0701 ], [ 75.0304, 15.0731 ], [ 75.0329, 15.0759 ], [ 75.0319, 15.0775 ], [ 75.0348, 15.0789 ], [ 75.0433, 15.0794 ], [ 75.0465, 15.0818 ], [ 75.0533, 15.0824 ] ] ] } },
{ "type": "Feature", "properties": { "area_id": "KGIS-T-1006", "name_en": "Sirsi", "name_kn": "", "level": "block", "parent_id": "KGIS-D-10", "district_en": "Uttara Kannada", "lgd_code": "5483" }, "geometry": { "type": "Polygon", "coordinates": [ [ [ 74.7388, 14.8377 ], [ 74.7503, 14.8278 ], [ 74.7536, 14.7984 ], [ 74.7606, 14.7962 ], [ 74.7596, 14.7756 ], [ 74.7668, 14.7775 ], [ 74.7685, 14.7743 ], [ 74.7717, 14.7757 ], [ 74.7732, 14.7711 ], [ 74.7773, 14.7701 ], [ 74.7785, 14.7587 ], [ 74.7846, 14.7521 ], [ 74.7906, 14.7533 ], [ 74.7919, 14.7563 ], [ 74.7959, 14.7496 ], [ 74.8011, 14.7525 ], [ 74.8025, 14.7499 ], [ 74.8063, 14.7505 ], [ 74.8103, 14.7464 ], [ 74.8098, 14.74 ], [ 74.8139, 14.7377 ], [ 74.8181, 14.7423 ], [ 74.8175, 14.7457 ], [ 74.8243, 14.747 ], [ 74.8265, 14.7416 ], [ 74.8307, 14.7394 ], [ 74.8464, 14.7479 ], [ 74.847, 14.7324 ], [ 74.8534, 14.7329 ], [ 74.8591, 14.7365 ], [ 74.8653, 14.7354 ], [ 74.8791, 14.7394 ], [ 74.8843, 14.7502 ], [ 74.8923, 14.7464 ], [ 74.8953, 14.7492 ], [ 74.9096, 14.746 ], [ 74.9131, 14.7473 ], [ 74.9158, 14.7447 ], [ 74.9198, 14.7487 ], [ 74.9246, 14.7431 ], [ 74.9355, 14.7374 ], [ 74.9467, 14.7378 ], [ 74.9515, 14.7405 ], [ 74.9541, 14.7378 ], [ 74.954, 14.7331 ], [ 74.9619, 14.7287 ], [ 74.9779, 14.7272 ], [ 74.9788, 14.7245 ], [ 74.9731, 14.7174 ], [ 74.9719, 14.7119 ], [ 74.9699, 14.7118 ], [ 74.9674, 14.7033 ], [ 74.9774, 14.6981 ], [ 74.9942, 14.6951 ], [ 75.0065, 14.7192 ], [ 75.0161, 14.718 ], [ 75.017, 14.7107 ], [ 75.0215, 14.7115 ], [ 75.0246, 14.7083 ], [ 75.0329, 14.71 ], [ 75.0322, 14.6949 ], [ 75.0359, 14.6765 ], [ 75.0306, 14.6725 ], [ 75.0313, 14.6651 ], [ 75.0353, 14.658 ], [ 75.0409, 14.6608 ], [ 75.0451, 14.6541 ], [ 75.0525, 14.6486 ], [ 75.0502, 14.6419 ], [ 75.0395, 14.637 ], [ 75.0275, 14.616 ], [ 75.0264, 14.6087 ], [ 75.0241, 14.6078 ], [ 75.0257, 14.605 ], [ 75.0229, 14.6019 ], [ 75.0279, 14.5847 ], [ 75.0228, 14.5793 ], [ 75.0256, 14.5769 ], [ 75.0208, 14.5747 ], [ 75.0207, 14.5713 ], [ 75.0239, 14.5607 ], [ 75.0346, 14.5591 ], [ 75.04, 14.5487 ], [ 75.0444, 14.5458 ], [ 75.0548, 14.5487 ], [ 75.0607, 14.5445 ], [ 75.0587, 14.5409 ], [ 75.0533, 14.5387 ], [ 75.0522, 14.5339 ], [ 75.0377, 14.5287 ], [ 75.0421, 14.5153 ], [ 75.0408, 14.5001 ], [ 75.0309, 14.5003 ], [ 75.0195, 14.4971 ], [ 75.0064, 14.4881 ], [ 75.0087, 14.4845 ], [ 75.004, 14.48 ], [ 74.9955, 14.4773 ], [ 74.9896, 14.4723 ], [ 74.9846, 14.4883 ], [ 74.9928, 14.4952 ], [ 74.9906, 14.4958 ], [ 74.9882, 14.5057 ], [ 74.9825, 14.5129 ], [ 74.9794, 14.5133 ], [ 74.9795, 14.5168 ], [ 74.9736, 14.5174 ], [ 74.9724, 14.5197 ], [ 74.9745, 14.5245 ], [ 74.9804, 14.5256 ], [ 74.9779, 14.5335 ], [ 74.9784, 14.5493 ], [ 74.9623, 14.551 ], [ 74.9557, 14.5547 ], [ 74.9565, 14.5508 ], [ 74.9505, 14.5367 ], [ 74.9451, 14.533 ], [ 74.9428, 14.5343 ], [ 74.9439, 14.5319 ], [ 74.939, 14.5263 ], [ 74.9403, 14.5243 ], [ 74.9377, 14.5187 ], [ 74.9284, 14.5285 ], [ 74.9123, 14.5286 ], [ 74.9039, 14.5316 ], [ 74.9014, 14.5294 ], [ 74.8912, 14.5353 ], [ 74.8917, 14.5441 ], [ 74.885, 14.5546 ], [ 74.8738, 14.5581 ], [ 74.8544, 14.5529 ], [ 74.8501, 14.5496 ], [ 74.8477, 14.5459 ], [ 74.854, 14.5375 ], [ 74.8557, 14.5392 ], [ 74.8622, 14.5349 ], [ 74.8429, 14.5279 ], [ 74.8423, 14.5244 ], [ 74.8278, 14.5276 ], [ 74.821, 14.5222 ], [ 74.8194, 14.5231 ], [ 74.8202, 14.5299 ], [ 74.8121, 14.531 ], [ 74.8115, 14.5227 ], [ 74.8052, 14.5224 ], [ 74.8038, 14.5197 ], [ 74.8012, 14.5203 ], [ 74.8026, 14.5228 ], [ 74.7969, 14.5232 ], [ 74.7906, 14.5218 ], [ 74.789, 14.5184 ], [ 74.7837, 14.5183 ], [ 74.7816, 14.5212 ], [ 74.7839, 14.5251 ], [ 74.7782, 14.5258 ], [ 74.7766, 14.5233 ], [ 74.7731, 14.5233 ], [ 74.7754, 14.5195 ], [ 74.7731, 14.518 ], [ 74.7655, 14.518 ], [ 74.7623, 14.5226 ], [ 74.7583, 14.5226 ], [ 74.7497, 14.5193 ], [ 74.7505, 14.517 ], [ 74.7466, 14.5173 ], [ 74.7435, 14.5045 ], [ 74.7336, 14.5098 ], [ 74.7327, 14.5078 ], [ 74.7302, 14.5118 ], [ 74.7311, 14.5164 ], [ 74.7253, 14.5127 ], [ 74.7229, 14.5149 ], [ 74.7109, 14.5055 ], [ 74.7036, 14.5072 ], [ 74.6941, 14.5155 ], [ 74.6898, 14.5109 ], [ 74.6761, 14.508 ], [ 74.6712, 14.5039 ], [ 74.6606, 14.505 ], [ 74.6604, 14.5071 ], [ 74.6351, 14.5033 ], [ 74.6366, 14.4726 ], [ 74.6139, 14.466 ], [ 74.5991, 14.4763 ], [ 74.5907, 14.4772 ], [ 74.5807, 14.4827 ], [ 74.573, 14.4913 ], [ 74.5715, 14.4965 ], [ 74.5694, 14.5079 ], [ 74.5716, 14.5215 ], [ 74.5687, 14.5268 ], [ 74.5742, 14.5363 ], [ 74.5799, 14.5578 ], [ 74.5828, 14.5589 ], [ 74.5807, 14.5798 ], [ 74.5829, 14.6021 ], [ 74.5741, 14.6078 ], [ 74.5681, 14.6197 ], [ 74.5753, 14.6352 ], [ 74.5739, 14.6346 ], [ 74.5708, 14.6431 ], [ 74.5786, 14.6533 ], [ 74.5732, 14.6855 ], [ 74.6022, 14.6939 ], [ 74.6072, 14.6893 ], [ 74.6083, 14.6934 ], [ 74.6115, 14.6927 ], [ 74.6126, 14.709 ], [ 74.6173, 14.7262 ], [ 74.6107, 14.7429 ], [ 74.6299, 14.7653 ], [ 74.6321, 14.776 ], [ 74.6539, 14.7804 ], [ 74.6446, 14.7983 ], [ 74.6331, 14.8081 ], [ 74.6807, 14.8095 ], [ 74.7081, 14.817 ], [ 74.6935, 14.8333 ], [ 74.7127, 14.8334 ], [ 74.7339, 14.8383 ], [ 74.7388, 14.8377 ] ] ] } },
{ "type": "Feature", "properties": { "area_id": "KGIS-T-1007", "name_en": "Ankola", "name_kn": "ಅಂಕೋಲ", "level": "block", "parent_id": "KGIS-D-10", "district_en": "Uttara Kannada", "lgd_code": "5484" }, "geometry": { "type": "MultiPolygon", "coordinates": [ [ [ [ 74.2808, 14.6561 ], [ 74.2804, 14.6563 ], [ 74.2807, 14.6564 ], [ 74.2808, 14.6561 ] ] ], [ [ [ 74.5701, 14.8707 ], [ 74.5703, 14.8676 ], [ 74.5743, 14.87 ], [ 74.5777, 14.8592 ], [ 74.5932, 14.8345 ], [ 74.5998, 14.8306 ], [ 74.5991, 14.8281 ], [ 74.6045, 14.8208 ], [ 74.6045, 14.8095 ], [ 74.6069, 14.8087 ], [ 74.6074, 14.7999 ], [ 74.6095, 14.7995 ], [ 74.6115, 14.8054 ], [ 74.6152, 14.8081 ], [ 74.6167, 14.8166 ], [ 74.6272, 14.8215 ], [ 74.6405, 14.8363 ], [ 74.6586, 14.8353 ], [ 74.667, 14.8295 ], [ 74.6929, 14.8341 ], [ 74.7081, 14.817 ], [ 74.6807, 14.8095 ], [ 74.6331, 14.8081 ], [ 74.6446, 14.7983 ], [ 74.6539, 14.7804 ], [ 74.6321, 14.776 ], [ 74.6299, 14.7653 ], [ 74.6107, 14.7429 ], [ 74.6173, 14.7262 ], [ 74.6126, 14.709 ], [ 74.6115, 14.6927 ], [ 74.6083, 14.6934 ], [ 74.6072, 14.6893 ], [ 74.6022, 14.6939 ], [ 74.5732, 14.6855 ], [ 74.5786, 14.6533 ], [ 74.5708, 14.6431 ], [ 74.5739, 14.6346 ], [ 74.5753, 14.6352 ], [ 74.5681, 14.6197 ], [ 74.5742, 14.608 ], [ 74.5479, 14.5879 ], [ 74.549, 14.5848 ], [ 74.5426, 14.5756 ], [ 74.5412, 14.5775 ], [ 74.5358, 14.5767 ], [ 74.5323, 14.5649 ], [ 74.5197, 14.5689 ], [ 74.5179, 14.5645 ], [ 74.5034, 14.5538 ], [ 74.5033, 14.5483 ], [ 74.492, 14.5336 ], [ 74.4888, 14.5251 ], [ 74.4827, 14.5195 ], [ 74.4828, 14.527 ], [ 74.4612, 14.5218 ], [ 74.4735, 14.5326 ], [ 74.4653, 14.5434 ], [ 74.4723, 14.5597 ], [ 74.4639, 14.5636 ], [ 74.4662, 14.5681 ], [ 74.4577, 14.5644 ], [ 74.4559, 14.5664 ], [ 74.4582, 14.5685 ], [ 74.4543, 14.5696 ], [ 74.4533, 14.5728 ], [ 74.4579, 14.574 ], [ 74.4577, 14.5781 ], [ 74.4727, 14.5923 ], [ 74.461, 14.6028 ], [ 74.4576, 14.5983 ], [ 74.4403, 14.6069 ], [ 74.4426, 14.6077 ], [ 74.4413, 14.6108 ], [ 74.4363, 14.6105 ], [ 74.4257, 14.598 ], [ 74.4268, 14.5902 ], [ 74.4314, 14.5885 ], [ 74.4369, 14.5658 ], [ 74.418, 14.5637 ], [ 74.391, 14.5661 ], [ 74.4001, 14.5708 ], [ 74.3997, 14.5747 ], [ 74.3899, 14.575 ], [ 74.3854, 14.5718 ], [ 74.3747, 14.574 ], [ 74.3771, 14.5859 ], [ 74.3696, 14.5829 ], [ 74.3639, 14.5755 ], [ 74.3596, 14.5775 ], [ 74.3482, 14.5726 ], [ 74.3444, 14.5738 ], [ 74.3486, 14.578 ], [ 74.3474, 14.5821 ], [ 74.3258, 14.5787 ], [ 74.3233, 14.583 ], [ 74.3178, 14.5823 ], [ 74.3161, 14.5911 ], [ 74.3176, 14.5989 ], [ 74.3085, 14.6008 ], [ 74.3015, 14.5931 ], [ 74.2961, 14.5953 ], [ 74.2943, 14.594 ], [ 74.2942, 14.5991 ], [ 74.2964, 14.6011 ], [ 74.2913, 14.6013 ], [ 74.2902, 14.6044 ], [ 74.2799, 14.6111 ], [ 74.2761, 14.6247 ], [ 74.2708, 14.6277 ], [ 74.2723, 14.6294 ], [ 74.2794, 14.6257 ], [ 74.2853, 14.6341 ], [ 74.2849, 14.6472 ], [ 74.2808, 14.6493 ], [ 74.2822, 14.652 ], [ 74.2817, 14.6551 ], [ 74.2792, 14.659 ], [ 74.2806, 14.661 ], [ 74.2756, 14.6663 ], [ 74.2777, 14.6695 ], [ 74.2756, 14.67 ], [ 74.2814, 14.6718 ], [ 74.2827, 14.6762 ], [ 74.2688, 14.7032 ], [ 74.2608, 14.7076 ], [ 74.257, 14.7065 ], [ 74.265, 14.7114 ], [ 74.263, 14.7113 ], [ 74.2638, 14.7174 ], [ 74.248, 14.7416 ], [ 74.2627, 14.7613 ], [ 74.2609, 14.767 ], [ 74.2641, 14.7719 ], [ 74.2627, 14.7778 ], [ 74.2773, 14.7788 ], [ 74.2924, 14.7846 ], [ 74.2934, 14.7936 ], [ 74.303, 14.7962 ], [ 74.3081, 14.805 ], [ 74.3328, 14.8082 ], [ 74.3273, 14.8202 ], [ 74.3376, 14.8378 ], [ 74.3378, 14.843 ], [ 74.3459, 14.8486 ], [ 74.3612, 14.8399 ], [ 74.3932, 14.8353 ], [ 74.4344, 14.8082 ], [ 74.4587, 14.7974 ], [ 74.4573, 14.7917 ], [ 74.4371, 14.7798 ], [ 74.4198, 14.7766 ], [ 74.424, 14.7695 ], [ 74.4223, 14.7605 ], [ 74.4297, 14.7567 ], [ 74.4463, 14.7598 ], [ 74.4701, 14.7539 ], [ 74.4782, 14.7737 ], [ 74.4967, 14.7902 ], [ 74.5037, 14.7847 ], [ 74.5129, 14.7685 ], [ 74.5222, 14.7691 ], [ 74.5296, 14.7785 ], [ 74.5355, 14.776 ], [ 74.5411, 14.7785 ], [ 74.5417, 14.793 ], [ 74.5494, 14.7933 ], [ 74.5523, 14.7985 ], [ 74.5634, 14.7926 ], [ 74.5689, 14.7942 ], [ 74.5747, 14.8015 ], [ 74.5767, 14.8059 ], [ 74.5761, 14.8244 ], [ 74.5646, 14.8351 ], [ 74.564, 14.8439 ], [ 74.5551, 14.8609 ], [ 74.5649, 14.8722 ], [ 74.5677, 14.8687 ], [ 74.5701, 14.8707 ] ], [ [ 74.2562, 14.7454 ], [ 74.2555, 14.7446 ], [ 74.2562, 14.7442 ], [ 74.2562, 14.7454 ] ] ], [ [ [ 74.2542, 14.7217 ], [ 74.2545, 14.7245 ], [ 74.2566, 14.7242 ], [ 74.2563, 14.7211 ], [ 74.2542, 14.7217 ] ] ] ] } },
{ "type": "Feature", "properties": { "area_id": "KGIS-T-1008", "name_en": "Kumta", "name_kn": "ಕುಮಟಾ", "level": "block", "parent_id": "KGIS-D-10", "district_en": "Uttara Kannada", "lgd_code": "5485" }, "geometry": { "type": "Polygon", "coordinates": [ [ [ 74.4424, 14.6073 ], [ 74.4403, 14.6069 ], [ 74.4576, 14.5983 ], [ 74.461, 14.6028 ], [ 74.4727, 14.5923 ], [ 74.4577, 14.5781 ], [ 74.4579, 14.574 ], [ 74.4533, 14.5728 ], [ 74.4543, 14.5696 ], [ 74.4582, 14.5685 ], [ 74.4559, 14.5664 ], [ 74.4577, 14.5644 ], [ 74.4662, 14.5681 ], [ 74.4639, 14.5636 ], [ 74.4723, 14.5597 ], [ 74.4653, 14.5434 ], [ 74.4735, 14.5326 ], [ 74.4612, 14.5218 ], [ 74.4828, 14.527 ], [ 74.4827, 14.5195 ], [ 74.4888, 14.5251 ], [ 74.492, 14.5336 ], [ 74.5033, 14.5483 ], [ 74.5034, 14.5538 ], [ 74.5179, 14.5645 ], [ 74.5197, 14.5689 ], [ 74.5323, 14.5649 ], [ 74.5358, 14.5767 ], [ 74.5412, 14.5775 ], [ 74.5426, 14.5756 ], [ 74.549, 14.5848 ], [ 74.5479, 14.5879 ], [ 74.573, 14.6075 ], [ 74.5829, 14.6021 ], [ 74.5807, 14.5798 ], [ 74.5828, 14.5589 ], [ 74.5799, 14.5578 ], [ 74.5742, 14.5363 ], [ 74.5687, 14.5268 ], [ 74.5716, 14.5215 ], [ 74.5694, 14.5079 ], [ 74.573, 14.4913 ], [ 74.581, 14.4823 ], [ 74.5907, 14.4772 ], [ 74.5991, 14.4763 ], [ 74.6139, 14.466 ], [ 74.6321, 14.4713 ], [ 74.6295, 14.459 ], [ 74.6342, 14.4637 ], [ 74.6387, 14.4644 ], [ 74.6522, 14.4808 ], [ 74.6683, 14.4752 ], [ 74.6915, 14.4831 ], [ 74.6962, 14.4733 ], [ 74.6893, 14.4629 ], [ 74.6704, 14.449 ], [ 74.6787, 14.4443 ], [ 74.6756, 14.4315 ], [ 74.6593, 14.4351 ], [ 74.6537, 14.432 ], [ 74.6729, 14.4133 ], [ 74.665, 14.3889 ], [ 74.6388, 14.3823 ], [ 74.6278, 14.3741 ], [ 74.6146, 14.3718 ], [ 74.5852, 14.3762 ], [ 74.5859, 14.3736 ], [ 74.563, 14.3624 ], [ 74.5484, 14.364 ], [ 74.5473, 14.3668 ], [ 74.5633, 14.3972 ], [ 74.5451, 14.4042 ], [ 74.5407, 14.4083 ], [ 74.5348, 14.4089 ], [ 74.5302, 14.417 ], [ 74.5327, 14.4265 ], [ 74.5151, 14.4282 ], [ 74.5046, 14.416 ], [ 74.5011, 14.416 ], [ 74.4946, 14.4314 ], [ 74.4883, 14.4327 ], [ 74.4872, 14.4286 ], [ 74.4816, 14.4301 ], [ 74.4771, 14.4226 ], [ 74.4765, 14.4175 ], [ 74.4788, 14.4154 ], [ 74.4765, 14.4134 ], [ 74.4789, 14.4108 ], [ 74.4724, 14.3985 ], [ 74.465, 14.395 ], [ 74.4655, 14.389 ], [ 74.4609, 14.3854 ], [ 74.4613, 14.3831 ], [ 74.4395, 14.3831 ], [ 74.4347, 14.3789 ], [ 74.437, 14.375 ], [ 74.4292, 14.3721 ], [ 74.4215, 14.3544 ], [ 74.4153, 14.3538 ], [ 74.4136, 14.3454 ], [ 74.4091, 14.345 ], [ 74.4067, 14.357 ], [ 74.4046, 14.3577 ], [ 74.406, 14.3599 ], [ 74.4029, 14.3705 ], [ 74.4059, 14.3704 ], [ 74.3975, 14.4096 ], [ 74.395, 14.4167 ], [ 74.3857, 14.4158 ], [ 74.3792, 14.4219 ], [ 74.3791, 14.425 ], [ 74.3821, 14.4261 ], [ 74.3786, 14.431 ], [ 74.3821, 14.4329 ], [ 74.3819, 14.4388 ], [ 74.3738, 14.4604 ], [ 74.3761, 14.4606 ], [ 74.3736, 14.4686 ], [ 74.3723, 14.4708 ], [ 74.37, 14.4699 ], [ 74.3594, 14.498 ], [ 74.3609, 14.4996 ], [ 74.3588, 14.5025 ], [ 74.3545, 14.5022 ], [ 74.3551, 14.5094 ], [ 74.3407, 14.5138 ], [ 74.3377, 14.5187 ], [ 74.3274, 14.5154 ], [ 74.326, 14.5198 ], [ 74.3101, 14.5209 ], [ 74.3166, 14.5275 ], [ 74.3165, 14.5308 ], [ 74.312, 14.5319 ], [ 74.3112, 14.5364 ], [ 74.3151, 14.5423 ], [ 74.2943, 14.594 ], [ 74.2961, 14.5953 ], [ 74.3015, 14.5931 ], [ 74.3085, 14.6008 ], [ 74.3176, 14.5989 ], [ 74.3161, 14.5911 ], [ 74.3178, 14.5823 ], [ 74.3233, 14.583 ], [ 74.3258, 14.5787 ], [ 74.3474, 14.5821 ], [ 74.3486, 14.578 ], [ 74.3444, 14.5738 ], [ 74.3482, 14.5726 ], [ 74.3596, 14.5775 ], [ 74.3639, 14.5755 ], [ 74.3696, 14.5829 ], [ 74.3771, 14.5859 ], [ 74.3747, 14.574 ], [ 74.3854, 14.5718 ], [ 74.3899, 14.575 ], [ 74.3997, 14.5747 ], [ 74.4001, 14.5708 ], [ 74.3921, 14.5654 ], [ 74.4237, 14.5643 ], [ 74.4369, 14.5658 ], [ 74.4314, 14.5885 ], [ 74.4268, 14.5902 ], [ 74.4257, 14.598 ], [ 74.4363, 14.6105 ], [ 74.4421, 14.6102 ], [ 74.4424, 14.6073 ] ] ] } },
{ "type": "Feature", "properties": { "area_id": "KGIS-T-1009", "name_en": "Siddapur", "name_kn": "ಸಿದ್ದಾಪುರ", "level": "block", "parent_id": "KGIS-D-10", "district_en": "Uttara Kannada", "lgd_code": "5486" }, "geometry": { "type": "Polygon", "coordinates": [ [ [ 74.8858, 14.5534 ], [ 74.8917, 14.5441 ], [ 74.8898, 14.5364 ], [ 74.9014, 14.5294 ], [ 74.9024, 14.5155 ], [ 74.8989, 14.5092 ], [ 74.8955, 14.5083 ], [ 74.8889, 14.48 ], [ 74.8937, 14.4737 ], [ 74.8983, 14.4743 ], [ 74.9177, 14.467 ], [ 74.9204, 14.4589 ], [ 74.9089, 14.4579 ], [ 74.8989, 14.4646 ], [ 74.8885, 14.4603 ], [ 74.8739, 14.4473 ], [ 74.8781, 14.4403 ], [ 74.8781, 14.4359 ], [ 74.8812, 14.4333 ], [ 74.8802, 14.4294 ], [ 74.9177, 14.4307 ], [ 74.9336, 14.4037 ], [ 74.9413, 14.4007 ], [ 74.9448, 14.4021 ], [ 74.9492, 14.3988 ], [ 74.9493, 14.3761 ], [ 74.9401, 14.3679 ], [ 74.9389, 14.3585 ], [ 74.9502, 14.3505 ], [ 74.9552, 14.3498 ], [ 74.9608, 14.341 ], [ 74.9744, 14.3381 ], [ 74.9758, 14.3333 ], [ 74.9731, 14.327 ], [ 74.9696, 14.3255 ], [ 74.9721, 14.3206 ], [ 74.9733, 14.3228 ], [ 74.9771, 14.3203 ], [ 74.9721, 14.3168 ], [ 74.9648, 14.3175 ], [ 74.9579, 14.3239 ], [ 74.9522, 14.3173 ], [ 74.9491, 14.32 ], [ 74.9421, 14.3183 ], [ 74.9366, 14.3225 ], [ 74.9213, 14.3165 ], [ 74.9137, 14.3037 ], [ 74.9138, 14.2996 ], [ 74.9056, 14.2934 ], [ 74.9085, 14.2886 ], [ 74.9099, 14.2777 ], [ 74.9157, 14.2757 ], [ 74.9166, 14.273 ], [ 74.9237, 14.2782 ], [ 74.9262, 14.2773 ], [ 74.9284, 14.2646 ], [ 74.9345, 14.2633 ], [ 74.9366, 14.2557 ], [ 74.9392, 14.2558 ], [ 74.9363, 14.2516 ], [ 74.9355, 14.2428 ], [ 74.9308, 14.241 ], [ 74.9292, 14.2348 ], [ 74.9238, 14.2321 ], [ 74.921, 14.2273 ], [ 74.9134, 14.229 ], [ 74.909, 14.2274 ], [ 74.9054, 14.2301 ], [ 74.8986, 14.2281 ], [ 74.8962, 14.2261 ], [ 74.8982, 14.2247 ], [ 74.8947, 14.217 ], [ 74.8785, 14.2141 ], [ 74.8775, 14.2172 ], [ 74.8799, 14.2198 ], [ 74.8789, 14.2216 ], [ 74.8757, 14.2193 ], [ 74.8759, 14.226 ], [ 74.8809, 14.2329 ], [ 74.8734, 14.2403 ], [ 74.8694, 14.2363 ], [ 74.8673, 14.2183 ], [ 74.8602, 14.2175 ], [ 74.8571, 14.2102 ], [ 74.8537, 14.2092 ], [ 74.8487, 14.217 ], [ 74.8396, 14.2228 ], [ 74.8389, 14.2275 ], [ 74.8325, 14.2292 ], [ 74.8227, 14.2255 ], [ 74.8188, 14.2306 ], [ 74.8099, 14.2283 ], [ 74.7989, 14.2312 ], [ 74.7927, 14.228 ], [ 74.776, 14.2408 ], [ 74.7527, 14.2516 ], [ 74.733, 14.2674 ], [ 74.7315, 14.2648 ], [ 74.7178, 14.2687 ], [ 74.7258, 14.2777 ], [ 74.7213, 14.2882 ], [ 74.704, 14.3036 ], [ 74.6722, 14.3085 ], [ 74.6589, 14.3262 ], [ 74.647, 14.3199 ], [ 74.634, 14.3313 ], [ 74.6328, 14.3297 ], [ 74.6196, 14.3387 ], [ 74.6486, 14.3666 ], [ 74.646, 14.3724 ], [ 74.6667, 14.3911 ], [ 74.6729, 14.4133 ], [ 74.6537, 14.432 ], [ 74.6593, 14.4351 ], [ 74.6756, 14.4315 ], [ 74.6787, 14.4443 ], [ 74.6704, 14.449 ], [ 74.6893, 14.4629 ], [ 74.6962, 14.4733 ], [ 74.6915, 14.4831 ], [ 74.6683, 14.4752 ], [ 74.6522, 14.4808 ], [ 74.6387, 14.4644 ], [ 74.6342, 14.4637 ], [ 74.6295, 14.459 ], [ 74.6321, 14.4713 ], [ 74.6366, 14.4726 ], [ 74.6351, 14.5033 ], [ 74.6604, 14.5071 ], [ 74.6606, 14.505 ], [ 74.6712, 14.5039 ], [ 74.6761, 14.508 ], [ 74.6898, 14.5109 ], [ 74.6941, 14.5155 ], [ 74.7036, 14.5072 ], [ 74.7109, 14.5055 ], [ 74.7229, 14.5149 ], [ 74.7253, 14.5127 ], [ 74.7311, 14.5164 ], [ 74.7302, 14.5118 ], [ 74.7327, 14.5078 ], [ 74.7336, 14.5098 ], [ 74.7435, 14.5045 ], [ 74.7466, 14.5173 ], [ 74.7505, 14.517 ], [ 74.7497, 14.5193 ], [ 74.7583, 14.5226 ], [ 74.7623, 14.5226 ], [ 74.7655, 14.518 ], [ 74.7731, 14.518 ], [ 74.7754, 14.5195 ], [ 74.7731, 14.5233 ], [ 74.7766, 14.5233 ], [ 74.7782, 14.5258 ], [ 74.7839, 14.5251 ], [ 74.7816, 14.5212 ], [ 74.7837, 14.5183 ], [ 74.789, 14.5184 ], [ 74.7906, 14.5218 ], [ 74.7969, 14.5232 ], [ 74.8026, 14.5228 ], [ 74.8012, 14.5203 ], [ 74.8038, 14.5197 ], [ 74.8052, 14.5224 ], [ 74.8115, 14.5227 ], [ 74.8121, 14.531 ], [ 74.8202, 14.5299 ], [ 74.8194, 14.5231 ], [ 74.821, 14.5222 ], [ 74.8278, 14.5276 ], [ 74.8423, 14.5244 ], [ 74.8429, 14.5279 ], [ 74.8622, 14.5349 ], [ 74.8557, 14.5392 ], [ 74.854, 14.5375 ], [ 74.8477, 14.5459 ], [ 74.8544, 14.5529 ], [ 74.8738, 14.5581 ], [ 74.8858, 14.5534 ] ] ] } },
{ "type": "Feature", "properties": { "area_id": "KGIS-T-1010", "name_en": "Honnavar", "name_kn": "ಹೊನ್ನಾವರ", "level": "block", "parent_id": "KGIS-D-10", "district_en": "Uttara Kannada", "lgd_code": "5487" }, "geometry": { "type": "Polygon", "coordinates": [ [ [ 74.4881, 14.4326 ], [ 74.4946, 14.4313 ], [ 74.5011, 14.416 ], [ 74.5046, 14.416 ], [ 74.5151, 14.4282 ], [ 74.5327, 14.4265 ], [ 74.5302, 14.417 ], [ 74.5348, 14.4089 ], [ 74.5407, 14.4083 ], [ 74.5451, 14.4042 ], [ 74.5633, 14.3972 ], [ 74.5473, 14.3668 ], [ 74.5484, 14.364 ], [ 74.563, 14.3624 ], [ 74.5859, 14.3736 ], [ 74.5852, 14.3762 ], [ 74.6146, 14.3718 ], [ 74.6278, 14.3741 ], [ 74.6388, 14.3823 ], [ 74.6639, 14.3881 ], [ 74.646, 14.3724 ], [ 74.6486, 14.3666 ], [ 74.6196, 14.3387 ], [ 74.6328, 14.3297 ], [ 74.634, 14.3313 ], [ 74.647, 14.3199 ], [ 74.6589, 14.3262 ], [ 74.6722, 14.3085 ], [ 74.704, 14.3036 ], [ 74.7213, 14.2882 ], [ 74.7258, 14.2763 ], [ 74.7178, 14.2687 ], [ 74.7315, 14.2648 ], [ 74.7126, 14.2329 ], [ 74.7261, 14.1738 ], [ 74.7476, 14.1569 ], [ 74.7491, 14.1421 ], [ 74.747, 14.1414 ], [ 74.7447, 14.1492 ], [ 74.7208, 14.1544 ], [ 74.709, 14.1673 ], [ 74.7007, 14.1698 ], [ 74.6994, 14.1679 ], [ 74.6938, 14.1702 ], [ 74.6958, 14.1728 ], [ 74.6648, 14.183 ], [ 74.6527, 14.1673 ], [ 74.6505, 14.1697 ], [ 74.6298, 14.1639 ], [ 74.6219, 14.1493 ], [ 74.5833, 14.1489 ], [ 74.5675, 14.1437 ], [ 74.5567, 14.135 ], [ 74.5521, 14.134 ], [ 74.5499, 14.1287 ], [ 74.5548, 14.1173 ], [ 74.5539, 14.1075 ], [ 74.5409, 14.1084 ], [ 74.5376, 14.1107 ], [ 74.5355, 14.1059 ], [ 74.5343, 14.1096 ], [ 74.5275, 14.1088 ], [ 74.5162, 14.1132 ], [ 74.5184, 14.1226 ], [ 74.5165, 14.1251 ], [ 74.5004, 14.1245 ], [ 74.4974, 14.1373 ], [ 74.5036, 14.1418 ], [ 74.5064, 14.1408 ], [ 74.5032, 14.1451 ], [ 74.5027, 14.1414 ], [ 74.5013, 14.1443 ], [ 74.492, 14.1403 ], [ 74.4903, 14.1427 ], [ 74.4877, 14.1419 ], [ 74.4875, 14.1442 ], [ 74.4871, 14.1395 ], [ 74.4803, 14.1377 ], [ 74.4767, 14.1402 ], [ 74.4782, 14.1447 ], [ 74.4708, 14.1823 ], [ 74.4662, 14.1818 ], [ 74.4601, 14.2009 ], [ 74.4541, 14.2003 ], [ 74.4418, 14.2276 ], [ 74.4382, 14.2453 ], [ 74.4221, 14.2792 ], [ 74.4234, 14.2872 ], [ 74.4127, 14.3154 ], [ 74.413, 14.327 ], [ 74.4078, 14.3445 ], [ 74.4136, 14.3454 ], [ 74.4133, 14.3503 ], [ 74.4159, 14.3543 ], [ 74.4215, 14.3544 ], [ 74.4292, 14.3721 ], [ 74.437, 14.375 ], [ 74.4347, 14.3789 ], [ 74.4395, 14.3831 ], [ 74.4613, 14.3831 ], [ 74.4609, 14.3854 ], [ 74.4655, 14.389 ], [ 74.465, 14.395 ], [ 74.4724, 14.3985 ], [ 74.4789, 14.4108 ], [ 74.4765, 14.4175 ], [ 74.4793, 14.4265 ], [ 74.4816, 14.4301 ], [ 74.4872, 14.4286 ], [ 74.4881, 14.4326 ] ] ] } },
{ "type": "Feature", "properties": { "area_id": "KGIS-T-1011", "name_en": "Bhatkal", "name_kn": "ಭಟ್ಕಳ ತಾಲೂಕು ಆಸ್ಪತ್ರೆ", "level": "block", "parent_id": "KGIS-D-10", "district_en": "Uttara Kannada", "lgd_code": "5488" }, "geometry": { "type": "Polygon", "coordinates": [ [ [ 74.627, 14.1581 ], [ 74.6292, 14.1441 ], [ 74.6441, 14.1404 ], [ 74.6426, 14.1339 ], [ 74.646, 14.1147 ], [ 74.6555, 14.1154 ], [ 74.6459, 14.1024 ], [ 74.6621, 14.0857 ], [ 74.6764, 14.0618 ], [ 74.6723, 14.0482 ], [ 74.6781, 14.0423 ], [ 74.6762, 14.0234 ], [ 74.6614, 13.9936 ], [ 74.6647, 13.981 ], [ 74.6466, 13.9631 ], [ 74.6475, 13.9535 ], [ 74.6527, 13.946 ], [ 74.6517, 13.9444 ], [ 74.6481, 13.944 ], [ 74.6478, 13.9407 ], [ 74.6383, 13.9392 ], [ 74.6371, 13.9412 ], [ 74.6336, 13.9399 ], [ 74.6352, 13.9441 ], [ 74.6311, 13.944 ], [ 74.6317, 13.9462 ], [ 74.6206, 13.9358 ], [ 74.6186, 13.9418 ], [ 74.6064, 13.9408 ], [ 74.5968, 13.932 ], [ 74.5953, 13.9418 ], [ 74.5901, 13.9305 ], [ 74.5791, 13.9261 ], [ 74.5692, 13.9478 ], [ 74.5661, 13.9496 ], [ 74.5615, 13.9458 ], [ 74.5577, 13.9518 ], [ 74.5492, 13.9491 ], [ 74.5478, 13.956 ], [ 74.5417, 13.9587 ], [ 74.539, 13.9658 ], [ 74.5357, 13.9672 ], [ 74.532, 13.9646 ], [ 74.529, 13.9729 ], [ 74.5149, 13.9875 ], [ 74.5143, 13.9921 ], [ 74.5126, 13.9981 ], [ 74.5095, 14.0011 ], [ 74.5025, 14.021 ], [ 74.5045, 14.0257 ], [ 74.5014, 14.0279 ], [ 74.4998, 14.0497 ], [ 74.4934, 14.077 ], [ 74.4858, 14.0944 ], [ 74.4886, 14.1074 ], [ 74.4857, 14.1107 ], [ 74.4807, 14.138 ], [ 74.4871, 14.1395 ], [ 74.4875, 14.1442 ], [ 74.4877, 14.1419 ], [ 74.4903, 14.1427 ], [ 74.492, 14.1403 ], [ 74.5013, 14.1443 ], [ 74.503, 14.1415 ], [ 74.5032, 14.1451 ], [ 74.5064, 14.1408 ], [ 74.5036, 14.1418 ], [ 74.4974, 14.1373 ], [ 74.5004, 14.1245 ], [ 74.5165, 14.1251 ], [ 74.5184, 14.1226 ], [ 74.5162, 14.1132 ], [ 74.5275, 14.1088 ], [ 74.5343, 14.1096 ], [ 74.5355, 14.1059 ], [ 74.5376, 14.1107 ], [ 74.5409, 14.1084 ], [ 74.5539, 14.1075 ], [ 74.5548, 14.1173 ], [ 74.5499, 14.1287 ], [ 74.5521, 14.134 ], [ 74.5567, 14.135 ], [ 74.5675, 14.1437 ], [ 74.5833, 14.1489 ], [ 74.6219, 14.1493 ], [ 74.627, 14.1581 ] ] ] } },
{ "type": "Feature", "properties": { "area_id": "KGIS-T-1012", "name_en": "Dandelli", "name_kn": "ದಾಂಡೇಲಿ", "level": "block", "parent_id": "KGIS-D-10", "district_en": "Uttara Kannada", "lgd_code": null }, "geometry": { "type": "Polygon", "coordinates": [ [ [ 74.6891, 15.3987 ], [ 74.6774, 15.3871 ], [ 74.6787, 15.3844 ], [ 74.6845, 15.3863 ], [ 74.695, 15.3848 ], [ 74.7047, 15.3774 ], [ 74.7194, 15.3821 ], [ 74.7246, 15.3813 ], [ 74.725, 15.37 ], [ 74.7123, 15.3671 ], [ 74.702, 15.3685 ], [ 74.691, 15.3628 ], [ 74.6713, 15.3647 ], [ 74.6749, 15.3453 ], [ 74.654, 15.3407 ], [ 74.6578, 15.3256 ], [ 74.6685, 15.3159 ], [ 74.6915, 15.3158 ], [ 74.71, 15.32 ], [ 74.7071, 15.3174 ], [ 74.7087, 15.3132 ], [ 74.7131, 15.3111 ], [ 74.7055, 15.3061 ], [ 74.7005, 15.2988 ], [ 74.6969, 15.2988 ], [ 74.6989, 15.2797 ], [ 74.6964, 15.2763 ], [ 74.6919, 15.2764 ], [ 74.6886, 15.2702 ], [ 74.6974, 15.2697 ], [ 74.697, 15.2551 ], [ 74.6837, 15.2432 ], [ 74.688, 15.2224 ], [ 74.7147, 15.212 ], [ 74.7013, 15.2076 ], [ 74.7013, 15.2027 ], [ 74.689, 15.2044 ], [ 74.6718, 15.1968 ], [ 74.6649, 15.1859 ], [ 74.6825, 15.1815 ], [ 74.6836, 15.1847 ], [ 74.6948, 15.19 ], [ 74.698, 15.1944 ], [ 74.7076, 15.1849 ], [ 74.7301, 15.1744 ], [ 74.7388, 15.177 ], [ 74.7593, 15.1731 ], [ 74.7597, 15.1651 ], [ 74.7565, 15.1581 ], [ 74.7175, 15.1495 ], [ 74.7161, 15.1469 ], [ 74.7297, 15.113 ], [ 74.727, 15.0979 ], [ 74.7319, 15.0938 ], [ 74.7317, 15.0835 ], [ 74.7246, 15.0841 ], [ 74.7176, 15.0808 ], [ 74.7107, 15.0874 ], [ 74.7007, 15.1045 ], [ 74.6948, 15.0978 ], [ 74.6882, 15.0982 ], [ 74.683, 15.0929 ], [ 74.6746, 15.0981 ], [ 74.6474, 15.078 ], [ 74.6403, 15.0827 ], [ 74.6387, 15.1112 ], [ 74.6908, 15.1395 ], [ 74.6676, 15.1496 ], [ 74.6294, 15.1391 ], [ 74.6274, 15.1572 ], [ 74.6236, 15.1648 ], [ 74.6258, 15.2019 ], [ 74.6174, 15.2253 ], [ 74.6166, 15.2362 ], [ 74.6184, 15.2367 ], [ 74.6152, 15.2564 ], [ 74.6089, 15.2586 ], [ 74.5957, 15.2572 ], [ 74.6028, 15.2757 ], [ 74.6055, 15.2774 ], [ 74.607, 15.2838 ], [ 74.6045, 15.2883 ], [ 74.6054, 15.2925 ], [ 74.5733, 15.2947 ], [ 74.5645, 15.3077 ], [ 74.5721, 15.3175 ], [ 74.5961, 15.3219 ], [ 74.6009, 15.3251 ], [ 74.5986, 15.329 ], [ 74.6009, 15.3351 ], [ 74.6133, 15.3508 ], [ 74.6138, 15.3593 ], [ 74.6351, 15.3682 ], [ 74.6419, 15.3827 ], [ 74.6491, 15.3906 ], [ 74.6891, 15.3987 ] ] ] } },
{ "type": "Feature", "properties": { "area_id": "KGIS-T-1101", "name_en": "Shiggaon", "name_kn": "ಶಿಗ್ಗಾವಿ", "level": "block", "parent_id": "KGIS-D-11", "district_en": "Haveri", "lgd_code": "5489" }, "geometry": { "type": "Polygon", "coordinates": [ [ [ 75.3357, 15.1613 ], [ 75.3369, 15.1116 ], [ 75.3396, 15.1067 ], [ 75.3501, 15.1022 ], [ 75.3497, 15.0943 ], [ 75.339, 15.0911 ], [ 75.3398, 15.0867 ], [ 75.3344, 15.0816 ], [ 75.3058, 15.0753 ], [ 75.3061, 15.0728 ], [ 75.277, 15.0685 ], [ 75.2796, 15.0628 ], [ 75.2703, 15.0583 ], [ 75.2729, 15.0269 ], [ 75.2749, 15.0232 ], [ 75.2817, 15.0235 ], [ 75.2831, 15.0165 ], [ 75.274, 14.9945 ], [ 75.2742, 14.9842 ], [ 75.2721, 14.9823 ], [ 75.2751, 14.9818 ], [ 75.272, 14.979 ], [ 75.2747, 14.9757 ], [ 75.2763, 14.9767 ], [ 75.2769, 14.9735 ], [ 75.2741, 14.9714 ], [ 75.2781, 14.9661 ], [ 75.2722, 14.9645 ], [ 75.2649, 14.9526 ], [ 75.2689, 14.9441 ], [ 75.2916, 14.9452 ], [ 75.29, 14.9392 ], [ 75.2932, 14.9371 ], [ 75.2939, 14.9329 ], [ 75.2819, 14.93 ], [ 75.2877, 14.9151 ], [ 75.2875, 14.9006 ], [ 75.2826, 14.9004 ], [ 75.2868, 14.8711 ], [ 75.2725, 14.8694 ], [ 75.2706, 14.8788 ], [ 75.2667, 14.8806 ], [ 75.2643, 14.8852 ], [ 75.2329, 14.8831 ], [ 75.2286, 14.8903 ], [ 75.2315, 14.8953 ], [ 75.2248, 14.8959 ], [ 75.2109, 14.8937 ], [ 75.2108, 14.8727 ], [ 75.2063, 14.8725 ], [ 75.2051, 14.8662 ], [ 75.1965, 14.8694 ], [ 75.189, 14.8691 ], [ 75.1883, 14.8721 ], [ 75.1808, 14.874 ], [ 75.1797, 14.8788 ], [ 75.183, 14.8803 ], [ 75.1825, 14.8871 ], [ 75.1779, 14.8947 ], [ 75.1663, 14.8942 ], [ 75.1685, 14.8828 ], [ 75.1632, 14.8793 ], [ 75.1539, 14.8791 ], [ 75.1504, 14.8824 ], [ 75.1507, 14.8908 ], [ 75.1392, 14.8929 ], [ 75.1361, 14.8993 ], [ 75.1325, 14.8947 ], [ 75.1241, 14.8941 ], [ 75.1214, 14.8967 ], [ 75.1161, 14.8959 ], [ 75.1055, 14.905 ], [ 75.0686, 14.9086 ], [ 75.0671, 14.9191 ], [ 75.0803, 14.9224 ], [ 75.0872, 14.921 ], [ 75.0854, 14.9268 ], [ 75.1023, 14.9276 ], [ 75.1034, 14.9351 ], [ 75.0971, 14.9432 ], [ 75.0978, 14.9474 ], [ 75.095, 14.9508 ], [ 75.1002, 14.9553 ], [ 75.0845, 14.9566 ], [ 75.0816, 14.9695 ], [ 75.0759, 14.974 ], [ 75.0732, 14.9997 ], [ 75.0681, 15.0147 ], [ 75.0715, 15.0179 ], [ 75.077, 15.0379 ], [ 75.0724, 15.0414 ], [ 75.0739, 15.0524 ], [ 75.0825, 15.0746 ], [ 75.078, 15.1104 ], [ 75.0952, 15.1102 ], [ 75.0951, 15.114 ], [ 75.1135, 15.1173 ], [ 75.1146, 15.1214 ], [ 75.1097, 15.1295 ], [ 75.1063, 15.1304 ], [ 75.1072, 15.1392 ], [ 75.1048, 15.1407 ], [ 75.1106, 15.1385 ], [ 75.1219, 15.1403 ], [ 75.126, 15.1457 ], [ 75.1304, 15.1448 ], [ 75.1338, 15.1483 ], [ 75.1352, 15.1575 ], [ 75.1416, 15.1593 ], [ 75.1466, 15.1502 ], [ 75.1529, 15.1456 ], [ 75.1486, 15.1425 ], [ 75.1497, 15.1413 ], [ 75.1454, 15.1337 ], [ 75.1372, 15.1294 ], [ 75.1374, 15.1199 ], [ 75.1337, 15.1181 ], [ 75.1392, 15.1024 ], [ 75.1441, 15.1035 ], [ 75.1439, 15.106 ], [ 75.1584, 15.1105 ], [ 75.1579, 15.102 ], [ 75.1866, 15.104 ], [ 75.1882, 15.0986 ], [ 75.2251, 15.1002 ], [ 75.2256, 15.1071 ], [ 75.2387, 15.1094 ], [ 75.2391, 15.1068 ], [ 75.2506, 15.1073 ], [ 75.2524, 15.098 ], [ 75.2577, 15.0984 ], [ 75.2587, 15.1176 ], [ 75.2698, 15.1188 ], [ 75.2721, 15.122 ], [ 75.2883, 15.1293 ], [ 75.2867, 15.1368 ], [ 75.3059, 15.1383 ], [ 75.3056, 15.1541 ], [ 75.3357, 15.1613 ] ], [ [ 75.291, 14.9378 ], [ 75.2918, 14.9374 ], [ 75.2917, 14.9378 ], [ 75.291, 14.9378 ] ] ] } },
{ "type": "Feature", "properties": { "area_id": "KGIS-T-1102", "name_en": "Savanur", "name_kn": "ಸವಣೂರ", "level": "block", "parent_id": "KGIS-D-11", "district_en": "Haveri", "lgd_code": "5490" }, "geometry": { "type": "MultiPolygon", "coordinates": [ [ [ [ 75.2918, 14.9374 ], [ 75.291, 14.9378 ], [ 75.2917, 14.9378 ], [ 75.2918, 14.9374 ] ] ], [ [ [ 75.3341, 15.082 ], [ 75.3393, 15.0699 ], [ 75.3441, 15.0656 ], [ 75.3521, 15.064 ], [ 75.357, 15.0659 ], [ 75.367, 15.0504 ], [ 75.3748, 15.0503 ], [ 75.4015, 15.0601 ], [ 75.4489, 15.0604 ], [ 75.4519, 15.0494 ], [ 75.4604, 15.0498 ], [ 75.4608, 15.0438 ], [ 75.4682, 15.047 ], [ 75.4762, 15.0439 ], [ 75.4947, 15.0464 ], [ 75.5076, 15.044 ], [ 75.5205, 15.033 ], [ 75.5333, 15.0346 ], [ 75.5407, 15.0205 ], [ 75.538, 15.0191 ], [ 75.5424, 15.015 ], [ 75.5413, 14.9783 ], [ 75.5652, 14.9795 ], [ 75.5636, 14.9737 ], [ 75.5664, 14.9643 ], [ 75.567, 14.9456 ], [ 75.5603, 14.9427 ], [ 75.5266, 14.9431 ], [ 75.5314, 14.9499 ], [ 75.5285, 14.9521 ], [ 75.526, 14.951 ], [ 75.522, 14.9635 ], [ 75.5109, 14.967 ], [ 75.4994, 14.9666 ], [ 75.5005, 14.95 ], [ 75.5062, 14.9399 ], [ 75.5097, 14.9214 ], [ 75.5033, 14.9191 ], [ 75.4848, 14.9205 ], [ 75.4782, 14.912 ], [ 75.4725, 14.9122 ], [ 75.4677, 14.9082 ], [ 75.4714, 14.9045 ], [ 75.4873, 14.905 ], [ 75.4918, 14.8942 ], [ 75.4856, 14.8878 ], [ 75.4879, 14.8811 ], [ 75.483, 14.8749 ], [ 75.4708, 14.8712 ], [ 75.4648, 14.8647 ], [ 75.456, 14.8662 ], [ 75.453, 14.8812 ], [ 75.4497, 14.8871 ], [ 75.4434, 14.8915 ], [ 75.4401, 14.8902 ], [ 75.4357, 14.8789 ], [ 75.4207, 14.883 ], [ 75.4194, 14.8776 ], [ 75.4084, 14.8762 ], [ 75.4018, 14.8705 ], [ 75.3945, 14.8753 ], [ 75.3932, 14.8822 ], [ 75.388, 14.8904 ], [ 75.365, 14.8822 ], [ 75.355, 14.8628 ], [ 75.3424, 14.8651 ], [ 75.332, 14.8587 ], [ 75.3224, 14.8626 ], [ 75.3162, 14.8574 ], [ 75.3066, 14.8541 ], [ 75.3026, 14.8493 ], [ 75.2982, 14.8679 ], [ 75.2868, 14.8711 ], [ 75.283, 14.8959 ], [ 75.2826, 14.9004 ], [ 75.2875, 14.9006 ], [ 75.288, 14.9115 ], [ 75.2819, 14.9301 ], [ 75.2939, 14.9329 ], [ 75.2932, 14.9371 ], [ 75.29, 14.9392 ], [ 75.2916, 14.9452 ], [ 75.2689, 14.9441 ], [ 75.2649, 14.9526 ], [ 75.2722, 14.9645 ], [ 75.2781, 14.9661 ], [ 75.2741, 14.9714 ], [ 75.2769, 14.9735 ], [ 75.2763, 14.9767 ], [ 75.2747, 14.9757 ], [ 75.272, 14.979 ], [ 75.2751, 14.9818 ], [ 75.2721, 14.9823 ], [ 75.2742, 14.9842 ], [ 75.274, 14.9945 ], [ 75.2831, 15.0165 ], [ 75.2817, 15.0235 ], [ 75.2749, 15.0232 ], [ 75.2729, 15.0269 ], [ 75.2703, 15.0583 ], [ 75.2796, 15.0628 ], [ 75.277, 15.0685 ], [ 75.3061, 15.0728 ], [ 75.3058, 15.0753 ], [ 75.3168, 15.0765 ], [ 75.324, 15.0805 ], [ 75.3341, 15.082 ] ] ] ] } },
{ "type": "Feature", "properties": { "area_id": "KGIS-T-1103", "name_en": "Hangal", "name_kn": "ಹಾನಗಲ್", "level": "block", "parent_id": "KGIS-D-11", "district_en": "Haveri", "lgd_code": "5491" }, "geometry": { "type": "Polygon", "coordinates": [ [ [ 75.0686, 14.9086 ], [ 75.1055, 14.905 ], [ 75.1161, 14.8959 ], [ 75.1214, 14.8967 ], [ 75.1241, 14.8941 ], [ 75.1325, 14.8947 ], [ 75.1369, 14.899 ], [ 75.1392, 14.8929 ], [ 75.1507, 14.8908 ], [ 75.1504, 14.8824 ], [ 75.1539, 14.8791 ], [ 75.1632, 14.8793 ], [ 75.1685, 14.8828 ], [ 75.1663, 14.8942 ], [ 75.1779, 14.8947 ], [ 75.1825, 14.8871 ], [ 75.183, 14.8803 ], [ 75.1797, 14.8788 ], [ 75.1808, 14.874 ], [ 75.1883, 14.8721 ], [ 75.189, 14.8691 ], [ 75.1965, 14.8694 ], [ 75.2051, 14.8662 ], [ 75.2063, 14.8725 ], [ 75.2108, 14.8727 ], [ 75.2109, 14.8937 ], [ 75.2315, 14.8953 ], [ 75.2286, 14.8903 ], [ 75.2329, 14.8831 ], [ 75.2643, 14.8852 ], [ 75.2667, 14.8806 ], [ 75.2706, 14.8788 ], [ 75.2725, 14.8694 ], [ 75.286, 14.8713 ], [ 75.2982, 14.8679 ], [ 75.3031, 14.8463 ], [ 75.3103, 14.8414 ], [ 75.3091, 14.8301 ], [ 75.3044, 14.8298 ], [ 75.2975, 14.8214 ], [ 75.3052, 14.8129 ], [ 75.3012, 14.7983 ], [ 75.2983, 14.7946 ], [ 75.293, 14.7939 ], [ 75.2957, 14.7763 ], [ 75.2799, 14.7731 ], [ 75.2777, 14.7621 ], [ 75.2731, 14.7575 ], [ 75.2722, 14.7531 ], [ 75.2783, 14.752 ], [ 75.283, 14.7466 ], [ 75.2831, 14.7353 ], [ 75.3048, 14.7315 ], [ 75.3134, 14.7264 ], [ 75.3142, 14.723 ], [ 75.3284, 14.7148 ], [ 75.3353, 14.7063 ], [ 75.3357, 14.6974 ], [ 75.325, 14.6803 ], [ 75.325, 14.6749 ], [ 75.3226, 14.6749 ], [ 75.3158, 14.6657 ], [ 75.2937, 14.6646 ], [ 75.2911, 14.6628 ], [ 75.2883, 14.6522 ], [ 75.2668, 14.6505 ], [ 75.2641, 14.6477 ], [ 75.26, 14.6482 ], [ 75.26, 14.6441 ], [ 75.2559, 14.6441 ], [ 75.2549, 14.6411 ], [ 75.2518, 14.6425 ], [ 75.257, 14.6314 ], [ 75.2476, 14.6294 ], [ 75.2518, 14.6229 ], [ 75.2517, 14.6118 ], [ 75.2584, 14.6063 ], [ 75.2441, 14.5981 ], [ 75.2369, 14.6016 ], [ 75.2357, 14.6048 ], [ 75.2309, 14.6017 ], [ 75.2279, 14.6081 ], [ 75.223, 14.609 ], [ 75.2233, 14.5849 ], [ 75.2209, 14.5849 ], [ 75.2204, 14.5806 ], [ 75.2123, 14.5763 ], [ 75.2105, 14.5725 ], [ 75.2047, 14.5724 ], [ 75.1979, 14.5771 ], [ 75.1978, 14.5825 ], [ 75.1838, 14.5859 ], [ 75.1812, 14.5979 ], [ 75.1854, 14.5999 ], [ 75.1985, 14.5966 ], [ 75.2053, 14.5975 ], [ 75.2057, 14.6081 ], [ 75.2106, 14.6236 ], [ 75.2099, 14.6282 ], [ 75.207, 14.6275 ], [ 75.2087, 14.6335 ], [ 75.2053, 14.634 ], [ 75.2079, 14.6362 ], [ 75.2054, 14.638 ], [ 75.2011, 14.6393 ], [ 75.2024, 14.6277 ], [ 75.1965, 14.6229 ], [ 75.1846, 14.6235 ], [ 75.1694, 14.6346 ], [ 75.1646, 14.6326 ], [ 75.163, 14.6277 ], [ 75.1653, 14.6258 ], [ 75.1645, 14.6208 ], [ 75.16, 14.617 ], [ 75.1534, 14.6262 ], [ 75.1434, 14.6204 ], [ 75.1422, 14.6339 ], [ 75.1246, 14.6307 ], [ 75.1166, 14.6396 ], [ 75.1016, 14.644 ], [ 75.0992, 14.653 ], [ 75.0746, 14.6539 ], [ 75.0525, 14.6487 ], [ 75.0451, 14.6541 ], [ 75.0409, 14.6608 ], [ 75.0353, 14.658 ], [ 75.0313, 14.6651 ], [ 75.0306, 14.6725 ], [ 75.0359, 14.6765 ], [ 75.0322, 14.6949 ], [ 75.0329, 14.71 ], [ 75.0246, 14.7083 ], [ 75.0215, 14.7115 ], [ 75.017, 14.7107 ], [ 75.0144, 14.7202 ], [ 75.0208, 14.7254 ], [ 75.0277, 14.7254 ], [ 75.0307, 14.7299 ], [ 75.0381, 14.7274 ], [ 75.0371, 14.7385 ], [ 75.0447, 14.739 ], [ 75.0438, 14.7433 ], [ 75.0477, 14.7441 ], [ 75.0469, 14.7519 ], [ 75.0436, 14.7537 ], [ 75.0416, 14.7593 ], [ 75.0406, 14.7741 ], [ 75.0461, 14.773 ], [ 75.0499, 14.7735 ], [ 75.0524, 14.7768 ], [ 75.0636, 14.7766 ], [ 75.0663, 14.783 ], [ 75.0708, 14.7824 ], [ 75.0671, 14.7861 ], [ 75.0692, 14.787 ], [ 75.0688, 14.798 ], [ 75.056, 14.8051 ], [ 75.0553, 14.8146 ], [ 75.0739, 14.8082 ], [ 75.0917, 14.8111 ], [ 75.0905, 14.8202 ], [ 75.0738, 14.8262 ], [ 75.0718, 14.834 ], [ 75.0677, 14.8368 ], [ 75.0741, 14.8561 ], [ 75.0697, 14.8633 ], [ 75.0709, 14.8676 ], [ 75.0739, 14.8676 ], [ 75.0711, 14.8718 ], [ 75.0686, 14.9086 ] ] ] } },
{ "type": "Feature", "properties": { "area_id": "KGIS-T-1104", "name_en": "Haveri", "name_kn": "ಹಾವೇರಿ", "level": "block", "parent_id": "KGIS-D-11", "district_en": "Haveri", "lgd_code": "5492" }, "geometry": { "type": "Polygon", "coordinates": [ [ [ 75.6322, 14.9915 ], [ 75.6688, 14.9865 ], [ 75.6797, 14.9785 ], [ 75.6888, 14.9752 ], [ 75.695, 14.9675 ], [ 75.7013, 14.9469 ], [ 75.6875, 14.9427 ], [ 75.6828, 14.9368 ], [ 75.6853, 14.9205 ], [ 75.6967, 14.8913 ], [ 75.7278, 14.8973 ], [ 75.7278, 14.8941 ], [ 75.7392, 14.8871 ], [ 75.7343, 14.8829 ], [ 75.7324, 14.8637 ], [ 75.7224, 14.8641 ], [ 75.7119, 14.8524 ], [ 75.7024, 14.8541 ], [ 75.6952, 14.8525 ], [ 75.6936, 14.8591 ], [ 75.6906, 14.8568 ], [ 75.6766, 14.8343 ], [ 75.6645, 14.807 ], [ 75.6654, 14.801 ], [ 75.659, 14.7966 ], [ 75.6593, 14.7949 ], [ 75.6635, 14.7952 ], [ 75.6609, 14.7917 ], [ 75.6537, 14.7888 ], [ 75.6515, 14.7844 ], [ 75.648, 14.7874 ], [ 75.6459, 14.7941 ], [ 75.6133, 14.7925 ], [ 75.6096, 14.7831 ], [ 75.6088, 14.7665 ], [ 75.5755, 14.7697 ], [ 75.5719, 14.7642 ], [ 75.5663, 14.7641 ], [ 75.5538, 14.7838 ], [ 75.5241, 14.7814 ], [ 75.5244, 14.774 ], [ 75.5054, 14.775 ], [ 75.5035, 14.7654 ], [ 75.4973, 14.7637 ], [ 75.4751, 14.7656 ], [ 75.469, 14.761 ], [ 75.4489, 14.7615 ], [ 75.4523, 14.7558 ], [ 75.4533, 14.7425 ], [ 75.4509, 14.7373 ], [ 75.453, 14.7198 ], [ 75.426, 14.716 ], [ 75.4245, 14.7109 ], [ 75.4211, 14.7092 ], [ 75.408, 14.7105 ], [ 75.399, 14.7017 ], [ 75.3922, 14.7069 ], [ 75.3839, 14.7094 ], [ 75.3819, 14.7161 ], [ 75.3596, 14.7175 ], [ 75.359, 14.7086 ], [ 75.3385, 14.7034 ], [ 75.3225, 14.7198 ], [ 75.3142, 14.723 ], [ 75.3134, 14.7264 ], [ 75.3048, 14.7315 ], [ 75.2831, 14.7353 ], [ 75.283, 14.7466 ], [ 75.2783, 14.752 ], [ 75.2722, 14.7531 ], [ 75.2727, 14.7565 ], [ 75.2777, 14.7621 ], [ 75.2799, 14.7731 ], [ 75.2957, 14.7763 ], [ 75.293, 14.7939 ], [ 75.2983, 14.7946 ], [ 75.3012, 14.7983 ], [ 75.3052, 14.8129 ], [ 75.2975, 14.8214 ], [ 75.3044, 14.8298 ], [ 75.3096, 14.8312 ], [ 75.3103, 14.8414 ], [ 75.3027, 14.8479 ], [ 75.3066, 14.8541 ], [ 75.3162, 14.8574 ], [ 75.3224, 14.8626 ], [ 75.332, 14.8587 ], [ 75.3424, 14.8651 ], [ 75.355, 14.8628 ], [ 75.365, 14.8822 ], [ 75.389, 14.8905 ], [ 75.3945, 14.8753 ], [ 75.4018, 14.8705 ], [ 75.4084, 14.8762 ], [ 75.4194, 14.8776 ], [ 75.4207, 14.883 ], [ 75.4347, 14.8785 ], [ 75.4406, 14.8908 ], [ 75.4454, 14.8911 ], [ 75.453, 14.8812 ], [ 75.455, 14.8673 ], [ 75.4662, 14.8651 ], [ 75.4708, 14.8712 ], [ 75.4823, 14.8745 ], [ 75.4873, 14.8795 ], [ 75.4882, 14.884 ], [ 75.4856, 14.8878 ], [ 75.4918, 14.8942 ], [ 75.4873, 14.905 ], [ 75.4693, 14.9049 ], [ 75.4685, 14.9099 ], [ 75.4782, 14.912 ], [ 75.4848, 14.9205 ], [ 75.5033, 14.9191 ], [ 75.5097, 14.9214 ], [ 75.5062, 14.9399 ], [ 75.5005, 14.95 ], [ 75.4994, 14.9666 ], [ 75.5109, 14.967 ], [ 75.522, 14.9635 ], [ 75.526, 14.951 ], [ 75.5285, 14.9521 ], [ 75.5314, 14.9499 ], [ 75.5266, 14.9431 ], [ 75.5655, 14.9434 ], [ 75.567, 14.9463 ], [ 75.5652, 14.9714 ], [ 75.5836, 14.9686 ], [ 75.5896, 14.9585 ], [ 75.6028, 14.9546 ], [ 75.6118, 14.9593 ], [ 75.609, 14.966 ], [ 75.6096, 14.9735 ], [ 75.6188, 14.9742 ], [ 75.6178, 14.9809 ], [ 75.6296, 14.9839 ], [ 75.6322, 14.9915 ] ] ] } },
{ "type": "Feature", "properties": { "area_id": "KGIS-T-1105", "name_en": "Byadagi", "name_kn": "ಬ್ಯಾಡಗಿ", "level": "block", "parent_id": "KGIS-D-11", "district_en": "Haveri", "lgd_code": "5493" }, "geometry": { "type": "Polygon", "coordinates": [ [ [ 75.5538, 14.7836 ], [ 75.5675, 14.7622 ], [ 75.5755, 14.7447 ], [ 75.5858, 14.7346 ], [ 75.5908, 14.734 ], [ 75.6043, 14.7159 ], [ 75.6045, 14.7003 ], [ 75.5996, 14.6982 ], [ 75.5819, 14.7024 ], [ 75.5764, 14.7008 ], [ 75.5651, 14.7058 ], [ 75.5514, 14.7074 ], [ 75.5476, 14.7057 ], [ 75.5442, 14.6889 ], [ 75.5155, 14.6841 ], [ 75.5201, 14.6751 ], [ 75.5227, 14.6752 ], [ 75.5301, 14.6654 ], [ 75.5355, 14.6629 ], [ 75.5325, 14.6388 ], [ 75.5332, 14.6188 ], [ 75.5298, 14.6174 ], [ 75.529, 14.619 ], [ 75.5264, 14.6154 ], [ 75.5241, 14.6183 ], [ 75.5191, 14.6174 ], [ 75.5178, 14.6078 ], [ 75.5006, 14.5876 ], [ 75.4902, 14.5872 ], [ 75.4839, 14.5904 ], [ 75.4765, 14.583 ], [ 75.4601, 14.5841 ], [ 75.454, 14.5959 ], [ 75.4535, 14.6043 ], [ 75.4392, 14.6079 ], [ 75.4373, 14.5912 ], [ 75.4261, 14.5914 ], [ 75.4269, 14.5895 ], [ 75.4235, 14.5879 ], [ 75.4203, 14.5914 ], [ 75.4172, 14.5913 ], [ 75.4158, 14.6083 ], [ 75.4085, 14.6095 ], [ 75.3865, 14.6064 ], [ 75.3795, 14.6086 ], [ 75.3715, 14.6073 ], [ 75.3707, 14.6051 ], [ 75.3733, 14.575 ], [ 75.3435, 14.58 ], [ 75.3435, 14.5898 ], [ 75.3337, 14.5896 ], [ 75.3286, 14.5921 ], [ 75.322, 14.6002 ], [ 75.3202, 14.5986 ], [ 75.3205, 14.605 ], [ 75.3116, 14.6029 ], [ 75.2981, 14.6053 ], [ 75.2909, 14.6003 ], [ 75.288, 14.6008 ], [ 75.2805, 14.5937 ], [ 75.2733, 14.6008 ], [ 75.2705, 14.5995 ], [ 75.2662, 14.6048 ], [ 75.2586, 14.6062 ], [ 75.2517, 14.6118 ], [ 75.2518, 14.6229 ], [ 75.2476, 14.6294 ], [ 75.257, 14.6314 ], [ 75.2518, 14.6425 ], [ 75.2549, 14.6411 ], [ 75.2559, 14.6441 ], [ 75.26, 14.6441 ], [ 75.26, 14.6482 ], [ 75.2641, 14.6477 ], [ 75.2668, 14.6505 ], [ 75.2883, 14.6522 ], [ 75.2911, 14.6628 ], [ 75.2937, 14.6646 ], [ 75.3158, 14.6657 ], [ 75.3226, 14.6749 ], [ 75.325, 14.6749 ], [ 75.325, 14.6803 ], [ 75.3357, 14.6974 ], [ 75.3353, 14.7061 ], [ 75.3385, 14.7034 ], [ 75.3578, 14.708 ], [ 75.3596, 14.7175 ], [ 75.3819, 14.7161 ], [ 75.3839, 14.7094 ], [ 75.3922, 14.7069 ], [ 75.399, 14.7017 ], [ 75.408, 14.7105 ], [ 75.4211, 14.7092 ], [ 75.4245, 14.7109 ], [ 75.426, 14.716 ], [ 75.453, 14.7198 ], [ 75.4509, 14.7373 ], [ 75.4533, 14.7425 ], [ 75.4523, 14.7558 ], [ 75.4489, 14.7615 ], [ 75.469, 14.761 ], [ 75.4751, 14.7656 ], [ 75.4973, 14.7637 ], [ 75.5035, 14.7654 ], [ 75.5054, 14.775 ], [ 75.5244, 14.774 ], [ 75.5241, 14.7814 ], [ 75.5538, 14.7836 ] ] ] } },
{ "type": "Feature", "properties": { "area_id": "KGIS-T-1106", "name_en": "Hirekerur", "name_kn": "ಹಿರೇಕೆರೂರು", "level": "block", "parent_id": "KGIS-D-11", "district_en": "Haveri", "lgd_code": "5494" }, "geometry": { "type": "Polygon", "coordinates": [ [ [ 75.4162, 14.6071 ], [ 75.4172, 14.5913 ], [ 75.4203, 14.5914 ], [ 75.4235, 14.5879 ], [ 75.4269, 14.5895 ], [ 75.4261, 14.5914 ], [ 75.4373, 14.5912 ], [ 75.4392, 14.6079 ], [ 75.4535, 14.6043 ], [ 75.454, 14.5959 ], [ 75.4601, 14.5841 ], [ 75.4765, 14.583 ], [ 75.4839, 14.5904 ], [ 75.4901, 14.5873 ], [ 75.4856, 14.564 ], [ 75.4955, 14.5554 ], [ 75.498, 14.5447 ], [ 75.4981, 14.5379 ], [ 75.4952, 14.5332 ], [ 75.4852, 14.5307 ], [ 75.4859, 14.5205 ], [ 75.4841, 14.5145 ], [ 75.4799, 14.5125 ], [ 75.4746, 14.4953 ], [ 75.458, 14.4971 ], [ 75.4531, 14.5045 ], [ 75.4476, 14.5029 ], [ 75.4452, 14.5045 ], [ 75.4413, 14.4834 ], [ 75.4569, 14.4738 ], [ 75.4584, 14.4577 ], [ 75.4622, 14.4505 ], [ 75.4211, 14.4544 ], [ 75.4201, 14.452 ], [ 75.4229, 14.4407 ], [ 75.429, 14.4393 ], [ 75.4301, 14.4219 ], [ 75.4256, 14.3974 ], [ 75.4393, 14.3938 ], [ 75.4402, 14.3853 ], [ 75.4481, 14.3758 ], [ 75.4328, 14.3777 ], [ 75.4346, 14.365 ], [ 75.4386, 14.3647 ], [ 75.4389, 14.3602 ], [ 75.4439, 14.3601 ], [ 75.4461, 14.3547 ], [ 75.4458, 14.3421 ], [ 75.4434, 14.3375 ], [ 75.4297, 14.3491 ], [ 75.4193, 14.3526 ], [ 75.4092, 14.3528 ], [ 75.3941, 14.3674 ], [ 75.3747, 14.3703 ], [ 75.3633, 14.3809 ], [ 75.3494, 14.3887 ], [ 75.359, 14.4092 ], [ 75.3653, 14.4111 ], [ 75.3777, 14.4074 ], [ 75.3805, 14.4149 ], [ 75.3823, 14.4338 ], [ 75.3648, 14.4415 ], [ 75.3588, 14.4379 ], [ 75.3587, 14.4319 ], [ 75.355, 14.4288 ], [ 75.3554, 14.4319 ], [ 75.3391, 14.4374 ], [ 75.342, 14.4402 ], [ 75.3427, 14.4505 ], [ 75.3471, 14.4566 ], [ 75.3457, 14.4625 ], [ 75.3404, 14.4686 ], [ 75.3411, 14.4757 ], [ 75.3464, 14.4856 ], [ 75.3288, 14.4953 ], [ 75.3246, 14.5098 ], [ 75.3213, 14.5128 ], [ 75.2917, 14.5107 ], [ 75.2822, 14.5141 ], [ 75.283, 14.5125 ], [ 75.2775, 14.5124 ], [ 75.2763, 14.5103 ], [ 75.2672, 14.5143 ], [ 75.2699, 14.5253 ], [ 75.2683, 14.528 ], [ 75.2795, 14.535 ], [ 75.2866, 14.5298 ], [ 75.2878, 14.5329 ], [ 75.2896, 14.5314 ], [ 75.2942, 14.5345 ], [ 75.2941, 14.5372 ], [ 75.2976, 14.5398 ], [ 75.293, 14.5441 ], [ 75.2953, 14.5446 ], [ 75.2945, 14.5474 ], [ 75.29, 14.5504 ], [ 75.2898, 14.5563 ], [ 75.285, 14.5613 ], [ 75.2742, 14.5657 ], [ 75.2751, 14.5699 ], [ 75.2702, 14.5724 ], [ 75.2654, 14.5809 ], [ 75.2494, 14.5812 ], [ 75.2438, 14.5776 ], [ 75.2453, 14.5667 ], [ 75.2431, 14.5671 ], [ 75.2413, 14.5557 ], [ 75.2398, 14.5579 ], [ 75.2346, 14.5556 ], [ 75.2281, 14.5612 ], [ 75.2255, 14.567 ], [ 75.2309, 14.579 ], [ 75.2288, 14.5831 ], [ 75.2233, 14.585 ], [ 75.2229, 14.5893 ], [ 75.223, 14.609 ], [ 75.2261, 14.6096 ], [ 75.2258, 14.6072 ], [ 75.2279, 14.6081 ], [ 75.2309, 14.6017 ], [ 75.2357, 14.6048 ], [ 75.2369, 14.6016 ], [ 75.2441, 14.5981 ], [ 75.2536, 14.6047 ], [ 75.2612, 14.6069 ], [ 75.2705, 14.5995 ], [ 75.2728, 14.6009 ], [ 75.2758, 14.5991 ], [ 75.2805, 14.5937 ], [ 75.288, 14.6008 ], [ 75.2909, 14.6003 ], [ 75.2981, 14.6053 ], [ 75.3116, 14.6029 ], [ 75.3205, 14.605 ], [ 75.3202, 14.5986 ], [ 75.322, 14.6002 ], [ 75.3286, 14.5921 ], [ 75.3337, 14.5896 ], [ 75.3435, 14.5898 ], [ 75.3435, 14.58 ], [ 75.3733, 14.575 ], [ 75.3701, 14.596 ], [ 75.3715, 14.6073 ], [ 75.3796, 14.6086 ], [ 75.3868, 14.6064 ], [ 75.4099, 14.6095 ], [ 75.4162, 14.6071 ] ] ] } },
{ "type": "Feature", "properties": { "area_id": "KGIS-T-1107", "name_en": "Ranebennur", "name_kn": "ರಾಣೆಬೆನ್ನೂರು", "level": "block", "parent_id": "KGIS-D-11", "district_en": "Haveri", "lgd_code": null }, "geometry": { "type": "Polygon", "coordinates": [ [ [ 75.68, 14.7967 ], [ 75.6918, 14.7832 ], [ 75.7155, 14.7799 ], [ 75.7208, 14.776 ], [ 75.7232, 14.7706 ], [ 75.7219, 14.7543 ], [ 75.7027, 14.7321 ], [ 75.7043, 14.7239 ], [ 75.7157, 14.7188 ], [ 75.731, 14.7279 ], [ 75.7461, 14.7329 ], [ 75.7554, 14.7396 ], [ 75.76, 14.7377 ], [ 75.7631, 14.7332 ], [ 75.7639, 14.7216 ], [ 75.7554, 14.7157 ], [ 75.7413, 14.7001 ], [ 75.7389, 14.6907 ], [ 75.7415, 14.6846 ], [ 75.7633, 14.6754 ], [ 75.7765, 14.6762 ], [ 75.782, 14.6808 ], [ 75.7892, 14.6828 ], [ 75.7989, 14.6819 ], [ 75.8006, 14.678 ], [ 75.7994, 14.6665 ], [ 75.8085, 14.657 ], [ 75.8067, 14.6196 ], [ 75.8094, 14.619 ], [ 75.8059, 14.6117 ], [ 75.8045, 14.599 ], [ 75.8188, 14.5722 ], [ 75.8196, 14.5657 ], [ 75.8127, 14.555 ], [ 75.7999, 14.5427 ], [ 75.7974, 14.5315 ], [ 75.7992, 14.5124 ], [ 75.7964, 14.5105 ], [ 75.7728, 14.5185 ], [ 75.7578, 14.5148 ], [ 75.7506, 14.5107 ], [ 75.7351, 14.495 ], [ 75.7229, 14.4776 ], [ 75.7148, 14.4729 ], [ 75.7085, 14.4751 ], [ 75.6995, 14.4927 ], [ 75.6868, 14.4913 ], [ 75.674, 14.4654 ], [ 75.6621, 14.4515 ], [ 75.6597, 14.4552 ], [ 75.6611, 14.4605 ], [ 75.6583, 14.4594 ], [ 75.6536, 14.4635 ], [ 75.6366, 14.4665 ], [ 75.6307, 14.4459 ], [ 75.6375, 14.4417 ], [ 75.6342, 14.4329 ], [ 75.644, 14.4312 ], [ 75.6386, 14.4058 ], [ 75.6274, 14.4076 ], [ 75.6275, 14.4044 ], [ 75.6102, 14.4029 ], [ 75.6094, 14.4113 ], [ 75.5952, 14.4153 ], [ 75.598, 14.4376 ], [ 75.6033, 14.438 ], [ 75.6049, 14.4548 ], [ 75.5876, 14.4552 ], [ 75.5766, 14.4581 ], [ 75.5733, 14.4535 ], [ 75.5695, 14.4529 ], [ 75.57, 14.457 ], [ 75.5654, 14.4596 ], [ 75.5669, 14.4634 ], [ 75.5646, 14.4778 ], [ 75.5493, 14.4786 ], [ 75.5481, 14.4925 ], [ 75.5517, 14.4934 ], [ 75.5535, 14.4996 ], [ 75.552, 14.502 ], [ 75.5449, 14.5055 ], [ 75.5387, 14.5164 ], [ 75.5264, 14.5211 ], [ 75.5252, 14.53 ], [ 75.5166, 14.536 ], [ 75.5161, 14.5388 ], [ 75.5015, 14.5364 ], [ 75.4973, 14.5383 ], [ 75.4955, 14.5554 ], [ 75.4861, 14.5619 ], [ 75.4858, 14.5686 ], [ 75.4887, 14.5745 ], [ 75.4901, 14.5873 ], [ 75.5006, 14.5876 ], [ 75.5178, 14.6078 ], [ 75.5191, 14.6174 ], [ 75.5241, 14.6183 ], [ 75.5264, 14.6154 ], [ 75.529, 14.619 ], [ 75.5298, 14.6174 ], [ 75.5332, 14.6188 ], [ 75.5325, 14.6388 ], [ 75.5355, 14.6629 ], [ 75.5301, 14.6654 ], [ 75.5227, 14.6752 ], [ 75.5201, 14.6751 ], [ 75.5155, 14.6841 ], [ 75.5442, 14.6889 ], [ 75.5476, 14.7057 ], [ 75.5514, 14.7074 ], [ 75.5651, 14.7058 ], [ 75.5764, 14.7008 ], [ 75.5819, 14.7024 ], [ 75.5996, 14.6982 ], [ 75.6045, 14.7003 ], [ 75.6043, 14.7159 ], [ 75.5908, 14.734 ], [ 75.5858, 14.7346 ], [ 75.5755, 14.7447 ], [ 75.5664, 14.7641 ], [ 75.5719, 14.7642 ], [ 75.5755, 14.7697 ], [ 75.6088, 14.7665 ], [ 75.6096, 14.7831 ], [ 75.6133, 14.7925 ], [ 75.6459, 14.7941 ], [ 75.648, 14.7874 ], [ 75.6515, 14.7844 ], [ 75.6537, 14.7888 ], [ 75.6609, 14.7917 ], [ 75.6635, 14.7952 ], [ 75.6593, 14.7949 ], [ 75.6614, 14.7998 ], [ 75.6654, 14.801 ], [ 75.68, 14.7967 ] ] ] } },
{ "type": "Feature", "properties": { "area_id": "KGIS-T-1108", "name_en": "Ratteehalli", "name_kn": "", "level": "block", "parent_id": "KGIS-D-11", "district_en": "Haveri", "lgd_code": null }, "geometry": { "type": "Polygon", "coordinates": [ [ [ 75.5161, 14.5388 ], [ 75.5166, 14.536 ], [ 75.5252, 14.53 ], [ 75.5264, 14.5211 ], [ 75.5387, 14.5164 ], [ 75.5449, 14.5055 ], [ 75.552, 14.502 ], [ 75.5535, 14.4996 ], [ 75.5517, 14.4934 ], [ 75.5481, 14.4925 ], [ 75.5493, 14.4786 ], [ 75.5646, 14.4778 ], [ 75.5669, 14.4634 ], [ 75.5654, 14.4596 ], [ 75.57, 14.457 ], [ 75.5695, 14.4529 ], [ 75.5733, 14.4535 ], [ 75.5766, 14.4581 ], [ 75.5876, 14.4552 ], [ 75.6049, 14.4548 ], [ 75.6033, 14.438 ], [ 75.598, 14.4376 ], [ 75.5952, 14.4153 ], [ 75.6094, 14.4113 ], [ 75.6102, 14.4029 ], [ 75.6275, 14.4044 ], [ 75.6274, 14.4076 ], [ 75.6386, 14.4058 ], [ 75.6347, 14.3883 ], [ 75.6268, 14.3709 ], [ 75.6224, 14.3459 ], [ 75.6281, 14.329 ], [ 75.6332, 14.3265 ], [ 75.6348, 14.3231 ], [ 75.6345, 14.3148 ], [ 75.6109, 14.3158 ], [ 75.6035, 14.2931 ], [ 75.5899, 14.2862 ], [ 75.5874, 14.2888 ], [ 75.5832, 14.2781 ], [ 75.5806, 14.2773 ], [ 75.561, 14.2775 ], [ 75.5571, 14.274 ], [ 75.5493, 14.2738 ], [ 75.5351, 14.2775 ], [ 75.5337, 14.2903 ], [ 75.5219, 14.2939 ], [ 75.5179, 14.3015 ], [ 75.5039, 14.3079 ], [ 75.5053, 14.3163 ], [ 75.5016, 14.326 ], [ 75.5011, 14.3437 ], [ 75.4896, 14.3477 ], [ 75.4879, 14.3391 ], [ 75.4815, 14.3399 ], [ 75.4805, 14.3452 ], [ 75.4767, 14.3452 ], [ 75.4801, 14.3306 ], [ 75.4774, 14.3178 ], [ 75.4703, 14.3229 ], [ 75.4559, 14.3278 ], [ 75.4434, 14.3375 ], [ 75.4458, 14.3421 ], [ 75.4458, 14.3556 ], [ 75.4439, 14.3601 ], [ 75.4388, 14.3603 ], [ 75.4386, 14.3647 ], [ 75.435, 14.3644 ], [ 75.4328, 14.3689 ], [ 75.4328, 14.3777 ], [ 75.4475, 14.3772 ], [ 75.4402, 14.3853 ], [ 75.4393, 14.3938 ], [ 75.4256, 14.3974 ], [ 75.4301, 14.4219 ], [ 75.429, 14.4393 ], [ 75.4229, 14.4407 ], [ 75.4211, 14.4544 ], [ 75.4622, 14.4505 ], [ 75.4584, 14.4577 ], [ 75.4569, 14.4738 ], [ 75.4413, 14.4834 ], [ 75.4452, 14.5045 ], [ 75.4476, 14.5029 ], [ 75.4531, 14.5045 ], [ 75.458, 14.4971 ], [ 75.4746, 14.4953 ], [ 75.4799, 14.5125 ], [ 75.4841, 14.5145 ], [ 75.4859, 14.5205 ], [ 75.4852, 14.5307 ], [ 75.4952, 14.5332 ], [ 75.4981, 14.5379 ], [ 75.5015, 14.5364 ], [ 75.5161, 14.5388 ] ] ] } },
{ "type": "Feature", "properties": { "area_id": "KGIS-T-1201", "name_en": "Hadagali", "name_kn": "", "level": "block", "parent_id": "KGIS-D-12", "district_en": "Ballari", "lgd_code": "5496" }, "geometry": { "type": "Polygon", "coordinates": [ [ [ 75.8655, 14.8551 ], [ 75.8535, 14.8633 ], [ 75.856, 14.8823 ], [ 75.8478, 14.8846 ], [ 75.8453, 14.8901 ], [ 75.8412, 14.8898 ], [ 75.8328, 14.8832 ], [ 75.8258, 14.8995 ], [ 75.8163, 14.9 ], [ 75.8162, 14.8963 ], [ 75.8117, 14.8935 ], [ 75.8096, 14.8811 ], [ 75.8019, 14.8748 ], [ 75.802, 14.8691 ], [ 75.8109, 14.8448 ], [ 75.8059, 14.8404 ], [ 75.8092, 14.8333 ], [ 75.8118, 14.8305 ], [ 75.8182, 14.8346 ], [ 75.8329, 14.8136 ], [ 75.8341, 14.8034 ], [ 75.8265, 14.7804 ], [ 75.8223, 14.7762 ], [ 75.8146, 14.7768 ], [ 75.7975, 14.7679 ], [ 75.7964, 14.7713 ], [ 75.7742, 14.7892 ], [ 75.7694, 14.7807 ], [ 75.7565, 14.7739 ], [ 75.7561, 14.7402 ], [ 75.7461, 14.7329 ], [ 75.731, 14.7279 ], [ 75.7157, 14.7188 ], [ 75.7043, 14.7239 ], [ 75.7021, 14.7281 ], [ 75.7027, 14.7321 ], [ 75.7219, 14.7543 ], [ 75.7235, 14.7691 ], [ 75.7208, 14.776 ], [ 75.7128, 14.7808 ], [ 75.6918, 14.7832 ], [ 75.6783, 14.7981 ], [ 75.6688, 14.799 ], [ 75.6636, 14.8033 ], [ 75.6776, 14.8364 ], [ 75.6906, 14.8568 ], [ 75.6936, 14.8591 ], [ 75.6952, 14.8525 ], [ 75.7024, 14.8541 ], [ 75.7119, 14.8524 ], [ 75.7224, 14.8641 ], [ 75.7324, 14.8637 ], [ 75.7343, 14.8829 ], [ 75.7392, 14.8871 ], [ 75.7278, 14.8941 ], [ 75.7278, 14.8973 ], [ 75.6967, 14.8913 ], [ 75.684, 14.9251 ], [ 75.6832, 14.9392 ], [ 75.6913, 14.9447 ], [ 75.7173, 14.9508 ], [ 75.7372, 14.9435 ], [ 75.7412, 14.9447 ], [ 75.7547, 14.9568 ], [ 75.7612, 14.9668 ], [ 75.7789, 14.977 ], [ 75.7797, 14.9882 ], [ 75.7838, 14.9995 ], [ 75.7885, 15.0064 ], [ 75.7997, 15.0138 ], [ 75.8091, 15.0263 ], [ 75.8308, 15.0281 ], [ 75.8346, 15.0312 ], [ 75.8371, 15.0399 ], [ 75.8477, 15.0446 ], [ 75.8584, 15.0366 ], [ 75.8722, 15.0349 ], [ 75.8777, 15.0394 ], [ 75.8841, 15.0528 ], [ 75.9039, 15.056 ], [ 75.9095, 15.0733 ], [ 75.9083, 15.0791 ], [ 75.8886, 15.0955 ], [ 75.8849, 15.1041 ], [ 75.8874, 15.1105 ], [ 75.8979, 15.1178 ], [ 75.9022, 15.1304 ], [ 75.9065, 15.1331 ], [ 75.9298, 15.1408 ], [ 75.9462, 15.1354 ], [ 75.9598, 15.139 ], [ 75.9602, 15.1375 ], [ 75.9645, 15.1394 ], [ 75.9719, 15.1483 ], [ 75.9804, 15.1515 ], [ 75.9963, 15.1458 ], [ 76.0099, 15.1483 ], [ 76.0248, 15.1432 ], [ 76.0259, 15.0926 ], [ 76.0141, 15.0906 ], [ 76.0161, 15.0681 ], [ 76.0401, 15.0711 ], [ 76.0416, 15.0562 ], [ 76.0363, 15.0318 ], [ 76.0364, 15.0194 ], [ 76.0577, 15.0188 ], [ 76.0567, 15.0062 ], [ 76.0596, 15.0032 ], [ 76.0664, 14.9816 ], [ 76.0906, 14.9857 ], [ 76.1095, 14.9842 ], [ 76.1108, 14.969 ], [ 76.1079, 14.9685 ], [ 76.1079, 14.9308 ], [ 76.0989, 14.9299 ], [ 76.0992, 14.9268 ], [ 76.0922, 14.9248 ], [ 76.0911, 14.92 ], [ 76.084, 14.9189 ], [ 76.0993, 14.9173 ], [ 76.1149, 14.9183 ], [ 76.1145, 14.9212 ], [ 76.1207, 14.9208 ], [ 76.115, 14.9059 ], [ 76.1209, 14.908 ], [ 76.1205, 14.8696 ], [ 76.0927, 14.868 ], [ 76.0807, 14.8706 ], [ 76.0722, 14.8677 ], [ 76.0646, 14.8873 ], [ 76.078, 14.8994 ], [ 76.0797, 14.9037 ], [ 76.0826, 14.9041 ], [ 76.0847, 14.9128 ], [ 76.0683, 14.9087 ], [ 76.0634, 14.9158 ], [ 76.0505, 14.9176 ], [ 76.0471, 14.9312 ], [ 76.0445, 14.9313 ], [ 76.0325, 14.925 ], [ 76.0109, 14.8968 ], [ 76.011, 14.9055 ], [ 76.0045, 14.9057 ], [ 76.0039, 14.9022 ], [ 75.9982, 14.8975 ], [ 75.9851, 14.908 ], [ 75.9805, 14.9023 ], [ 75.975, 14.9003 ], [ 75.9636, 14.9081 ], [ 75.9659, 14.9014 ], [ 75.9629, 14.9041 ], [ 75.9401, 14.9001 ], [ 75.937, 14.8925 ], [ 75.9309, 14.8928 ], [ 75.9275, 14.8894 ], [ 75.9037, 14.8839 ], [ 75.8992, 14.8785 ], [ 75.8929, 14.8774 ], [ 75.888, 14.8727 ], [ 75.887, 14.8684 ], [ 75.8691, 14.8664 ], [ 75.8655, 14.8551 ] ] ] } },
{ "type": "Feature", "properties": { "area_id": "KGIS-T-1202", "name_en": "Hagaribommanahalli", "name_kn": "ಹಗರಿಬೊಮ್ಮನಹಳ್ಳಿ", "level": "block", "parent_id": "KGIS-D-12", "district_en": "Ballari", "lgd_code": "5497" }, "geometry": { "type": "Polygon", "coordinates": [ [ [ 76.3375, 15.2638 ], [ 76.3507, 15.2591 ], [ 76.362, 15.2471 ], [ 76.358, 15.2409 ], [ 76.3495, 15.2473 ], [ 76.3457, 15.247 ], [ 76.3508, 15.2446 ], [ 76.3488, 15.2414 ], [ 76.3514, 15.2396 ], [ 76.3535, 15.2423 ], [ 76.3558, 15.2408 ], [ 76.3532, 15.2382 ], [ 76.3556, 15.2341 ], [ 76.3546, 15.228 ], [ 76.3569, 15.2185 ], [ 76.362, 15.2117 ], [ 76.3518, 15.2092 ], [ 76.3516, 15.2119 ], [ 76.3485, 15.2118 ], [ 76.3492, 15.2072 ], [ 76.3362, 15.2068 ], [ 76.3344, 15.1991 ], [ 76.3378, 15.1848 ], [ 76.3369, 15.1794 ], [ 76.3307, 15.1785 ], [ 76.3326, 15.1648 ], [ 76.3272, 15.1674 ], [ 76.3276, 15.1614 ], [ 76.3242, 15.1524 ], [ 76.3099, 15.1502 ], [ 76.3163, 15.1281 ], [ 76.32, 15.1237 ], [ 76.3169, 15.118 ], [ 76.3164, 15.105 ], [ 76.3214, 15.1058 ], [ 76.3234, 15.1102 ], [ 76.3259, 15.1087 ], [ 76.3351, 15.1108 ], [ 76.3378, 15.1173 ], [ 76.3419, 15.1161 ], [ 76.3443, 15.119 ], [ 76.3445, 15.1118 ], [ 76.3517, 15.0937 ], [ 76.3482, 15.0927 ], [ 76.3428, 15.0813 ], [ 76.3383, 15.0796 ], [ 76.3391, 15.0775 ], [ 76.3359, 15.0749 ], [ 76.317, 15.0759 ], [ 76.3163, 15.0503 ], [ 76.314, 15.0474 ], [ 76.311, 15.0489 ], [ 76.3102, 15.0463 ], [ 76.3179, 15.0316 ], [ 76.322, 15.0287 ], [ 76.3345, 15.028 ], [ 76.3387, 15.0197 ], [ 76.3647, 14.9911 ], [ 76.3577, 14.9737 ], [ 76.3564, 14.976 ], [ 76.35, 14.9761 ], [ 76.338, 14.9696 ], [ 76.329, 14.9689 ], [ 76.3307, 14.9662 ], [ 76.3291, 14.948 ], [ 76.3246, 14.9454 ], [ 76.3216, 14.9368 ], [ 76.318, 14.937 ], [ 76.3191, 14.9334 ], [ 76.302, 14.935 ], [ 76.3009, 14.9328 ], [ 76.2939, 14.9377 ], [ 76.2867, 14.9381 ], [ 76.2815, 14.9251 ], [ 76.2658, 14.9136 ], [ 76.2466, 14.9163 ], [ 76.2378, 14.929 ], [ 76.2195, 14.9393 ], [ 76.2166, 14.9404 ], [ 76.2131, 14.9365 ], [ 76.2063, 14.9382 ], [ 76.2017, 14.95 ], [ 76.1891, 14.951 ], [ 76.1866, 14.9601 ], [ 76.1603, 14.9569 ], [ 76.1566, 14.9524 ], [ 76.1484, 14.9515 ], [ 76.1426, 14.9541 ], [ 76.1289, 14.9474 ], [ 76.1299, 14.9452 ], [ 76.1257, 14.9446 ], [ 76.1246, 14.9333 ], [ 76.1086, 14.9338 ], [ 76.1079, 14.9685 ], [ 76.1108, 14.969 ], [ 76.1095, 14.9842 ], [ 76.0906, 14.9857 ], [ 76.0664, 14.9816 ], [ 76.0596, 15.0032 ], [ 76.0567, 15.0062 ], [ 76.0577, 15.0188 ], [ 76.0364, 15.0194 ], [ 76.0363, 15.0318 ], [ 76.0416, 15.0562 ], [ 76.0401, 15.0711 ], [ 76.0161, 15.0681 ], [ 76.0141, 15.0906 ], [ 76.0259, 15.0926 ], [ 76.0248, 15.1432 ], [ 76.0418, 15.1443 ], [ 76.0583, 15.1577 ], [ 76.0824, 15.1589 ], [ 76.0949, 15.163 ], [ 76.102, 15.1678 ], [ 76.1085, 15.1926 ], [ 76.1167, 15.2013 ], [ 76.128, 15.2033 ], [ 76.1509, 15.1963 ], [ 76.1571, 15.1973 ], [ 76.1604, 15.2009 ], [ 76.1583, 15.2129 ], [ 76.174, 15.2269 ], [ 76.1876, 15.2354 ], [ 76.2305, 15.2312 ], [ 76.2322, 15.2268 ], [ 76.2185, 15.203 ], [ 76.2189, 15.1975 ], [ 76.231, 15.1886 ], [ 76.2462, 15.1899 ], [ 76.2541, 15.1961 ], [ 76.2585, 15.2067 ], [ 76.2658, 15.2055 ], [ 76.2695, 15.2072 ], [ 76.2788, 15.2205 ], [ 76.3071, 15.2397 ], [ 76.3156, 15.2499 ], [ 76.3275, 15.2577 ], [ 76.3368, 15.2536 ], [ 76.3334, 15.2598 ], [ 76.3375, 15.2638 ] ] ] } },
{ "type": "Feature", "properties": { "area_id": "KGIS-T-1203", "name_en": "Hospet", "name_kn": "", "level": "block", "parent_id": "KGIS-D-12", "district_en": "Ballari", "lgd_code": null }, "geometry": { "type": "MultiPolygon", "coordinates": [ [ [ [ 76.3555, 15.2414 ], [ 76.3595, 15.2411 ], [ 76.3587, 15.2385 ], [ 76.3618, 15.234 ], [ 76.3589, 15.2321 ], [ 76.3631, 15.2323 ], [ 76.3702, 15.2196 ], [ 76.3792, 15.2182 ], [ 76.396, 15.1981 ], [ 76.4016, 15.1834 ], [ 76.4162, 15.1699 ], [ 76.4177, 15.1659 ], [ 76.4074, 15.1636 ], [ 76.405, 15.1599 ], [ 76.4072, 15.1549 ], [ 76.4116, 15.1535 ], [ 76.4091, 15.151 ], [ 76.4121, 15.1424 ], [ 76.4179, 15.1402 ], [ 76.4198, 15.1418 ], [ 76.4233, 15.1378 ], [ 76.4207, 15.1345 ], [ 76.4157, 15.1355 ], [ 76.4137, 15.1324 ], [ 76.3975, 15.126 ], [ 76.4121, 15.1206 ], [ 76.4173, 15.1212 ], [ 76.4201, 15.1182 ], [ 76.4361, 15.1245 ], [ 76.441, 15.1223 ], [ 76.4399, 15.1113 ], [ 76.4352, 15.1077 ], [ 76.4393, 15.1051 ], [ 76.4393, 15.1073 ], [ 76.4428, 15.1079 ], [ 76.4429, 15.1109 ], [ 76.4469, 15.1067 ], [ 76.4442, 15.1011 ], [ 76.4497, 15.0934 ], [ 76.4493, 15.0867 ], [ 76.4728, 15.0575 ], [ 76.4711, 15.0517 ], [ 76.4742, 15.0496 ], [ 76.4713, 15.0483 ], [ 76.4747, 15.042 ], [ 76.4644, 15.048 ], [ 76.4617, 15.0422 ], [ 76.4521, 15.0387 ], [ 76.4317, 15.0422 ], [ 76.423, 15.0449 ], [ 76.411, 15.0608 ], [ 76.3936, 15.0635 ], [ 76.3937, 15.0529 ], [ 76.3994, 15.0476 ], [ 76.4022, 15.038 ], [ 76.4044, 15.0382 ], [ 76.406, 15.0297 ], [ 76.3932, 15.0218 ], [ 76.3793, 15.0231 ], [ 76.3772, 15.0216 ], [ 76.3795, 15.0189 ], [ 76.3776, 15.0059 ], [ 76.3755, 15.0054 ], [ 76.3721, 14.9967 ], [ 76.3631, 14.995 ], [ 76.3548, 15.001 ], [ 76.3387, 15.0197 ], [ 76.3345, 15.028 ], [ 76.322, 15.0287 ], [ 76.3179, 15.0316 ], [ 76.3102, 15.0463 ], [ 76.311, 15.0489 ], [ 76.314, 15.0474 ], [ 76.3163, 15.0503 ], [ 76.317, 15.0759 ], [ 76.3359, 15.0749 ], [ 76.3391, 15.0775 ], [ 76.3383, 15.0796 ], [ 76.3428, 15.0813 ], [ 76.3482, 15.0927 ], [ 76.3517, 15.0937 ], [ 76.3445, 15.1118 ], [ 76.3443, 15.119 ], [ 76.3419, 15.1161 ], [ 76.3378, 15.1173 ], [ 76.3351, 15.1108 ], [ 76.3259, 15.1087 ], [ 76.3234, 15.1102 ], [ 76.3214, 15.1058 ], [ 76.3164, 15.105 ], [ 76.3169, 15.118 ], [ 76.32, 15.1237 ], [ 76.3163, 15.1281 ], [ 76.3099, 15.1502 ], [ 76.3242, 15.1524 ], [ 76.3276, 15.1614 ], [ 76.3272, 15.1674 ], [ 76.3326, 15.1648 ], [ 76.3307, 15.1785 ], [ 76.3369, 15.1794 ], [ 76.3378, 15.1848 ], [ 76.3344, 15.1991 ], [ 76.3362, 15.2068 ], [ 76.3492, 15.2072 ], [ 76.3485, 15.2118 ], [ 76.3516, 15.2119 ], [ 76.3518, 15.2092 ], [ 76.362, 15.2117 ], [ 76.3569, 15.2185 ], [ 76.3546, 15.228 ], [ 76.3556, 15.2341 ], [ 76.3532, 15.2382 ], [ 76.3558, 15.2408 ], [ 76.3535, 15.2423 ], [ 76.3514, 15.2396 ], [ 76.3488, 15.2414 ], [ 76.3508, 15.2446 ], [ 76.3457, 15.247 ], [ 76.3495, 15.2473 ], [ 76.3555, 15.2414 ] ] ], [ [ [ 76.5406, 15.3813 ], [ 76.5532, 15.3733 ], [ 76.558, 15.3668 ], [ 76.5522, 15.3494 ], [ 76.5622, 15.3487 ], [ 76.5624, 15.3466 ], [ 76.5685, 15.3457 ], [ 76.5725, 15.3478 ], [ 76.5752, 15.3452 ], [ 76.5757, 15.3478 ], [ 76.5803, 15.3425 ], [ 76.5792, 15.338 ], [ 76.5841, 15.3361 ], [ 76.5842, 15.3334 ], [ 76.5823, 15.3337 ], [ 76.5848, 15.3296 ], [ 76.5936, 15.3243 ], [ 76.5921, 15.3192 ], [ 76.5808, 15.3111 ], [ 76.591, 15.3096 ], [ 76.5907, 15.3121 ], [ 76.5944, 15.3098 ], [ 76.6135, 15.3174 ], [ 76.6173, 15.3153 ], [ 76.6179, 15.3029 ], [ 76.6059, 15.3064 ], [ 76.6085, 15.3047 ], [ 76.6072, 15.3011 ], [ 76.5878, 15.3011 ], [ 76.5868, 15.2966 ], [ 76.5826, 15.2939 ], [ 76.5853, 15.288 ], [ 76.6007, 15.2845 ], [ 76.601, 15.2794 ], [ 76.5828, 15.2569 ], [ 76.5865, 15.2593 ], [ 76.5908, 15.2587 ], [ 76.607, 15.2718 ], [ 76.61, 15.28 ], [ 76.6158, 15.2849 ], [ 76.6181, 15.284 ], [ 76.6152, 15.2835 ], [ 76.6152, 15.2802 ], [ 76.6269, 15.2841 ], [ 76.6341, 15.2777 ], [ 76.635, 15.2733 ], [ 76.6547, 15.2741 ], [ 76.6566, 15.2628 ], [ 76.6511, 15.2603 ], [ 76.6411, 15.2632 ], [ 76.6316, 15.2604 ], [ 76.6323, 15.2518 ], [ 76.6349, 15.2526 ], [ 76.642, 15.2467 ], [ 76.642, 15.2391 ], [ 76.6389, 15.2347 ], [ 76.6285, 15.23 ], [ 76.6151, 15.2002 ], [ 76.6049, 15.1989 ], [ 76.6035, 15.1951 ], [ 76.5735, 15.1929 ], [ 76.5753, 15.1971 ], [ 76.573, 15.1958 ], [ 76.5709, 15.2014 ], [ 76.5634, 15.2056 ], [ 76.5648, 15.2075 ], [ 76.577, 15.2055 ], [ 76.5776, 15.2074 ], [ 76.5617, 15.2144 ], [ 76.5643, 15.2194 ], [ 76.5631, 15.2213 ], [ 76.5456, 15.2239 ], [ 76.547, 15.2193 ], [ 76.5547, 15.215 ], [ 76.5485, 15.1944 ], [ 76.539, 15.1867 ], [ 76.533, 15.1959 ], [ 76.5235, 15.1933 ], [ 76.5011, 15.1927 ], [ 76.4898, 15.183 ], [ 76.4861, 15.1899 ], [ 76.4812, 15.1918 ], [ 76.4893, 15.2104 ], [ 76.4928, 15.2128 ], [ 76.4896, 15.2147 ], [ 76.4862, 15.2127 ], [ 76.4834, 15.2196 ], [ 76.4673, 15.2195 ], [ 76.4637, 15.2249 ], [ 76.4558, 15.2251 ], [ 76.4531, 15.2222 ], [ 76.4543, 15.2184 ], [ 76.4491, 15.2194 ], [ 76.4327, 15.2322 ], [ 76.4357, 15.2373 ], [ 76.4315, 15.2382 ], [ 76.4336, 15.2438 ], [ 76.4237, 15.2454 ], [ 76.4288, 15.2759 ], [ 76.4172, 15.2767 ], [ 76.4178, 15.2717 ], [ 76.4029, 15.2672 ], [ 76.4059, 15.2605 ], [ 76.4049, 15.2547 ], [ 76.4131, 15.2542 ], [ 76.4159, 15.2456 ], [ 76.4066, 15.2408 ], [ 76.4073, 15.2361 ], [ 76.4054, 15.2368 ], [ 76.4064, 15.2408 ], [ 76.4018, 15.2434 ], [ 76.3964, 15.2424 ], [ 76.3845, 15.2476 ], [ 76.3819, 15.2465 ], [ 76.382, 15.2518 ], [ 76.3786, 15.2566 ], [ 76.3704, 15.2537 ], [ 76.3699, 15.2553 ], [ 76.3699, 15.2514 ], [ 76.3801, 15.2472 ], [ 76.3792, 15.2441 ], [ 76.3825, 15.2452 ], [ 76.3909, 15.2425 ], [ 76.4077, 15.2344 ], [ 76.4007, 15.2285 ], [ 76.4062, 15.2239 ], [ 76.4088, 15.2269 ], [ 76.407, 15.2232 ], [ 76.411, 15.2228 ], [ 76.4139, 15.2175 ], [ 76.4204, 15.2182 ], [ 76.4186, 15.2154 ], [ 76.4243, 15.2099 ], [ 76.4186, 15.2053 ], [ 76.4116, 15.2099 ], [ 76.4116, 15.2077 ], [ 76.4088, 15.2083 ], [ 76.4071, 15.2148 ], [ 76.4022, 15.2181 ], [ 76.4001, 15.2238 ], [ 76.3954, 15.2192 ], [ 76.3918, 15.2244 ], [ 76.388, 15.2253 ], [ 76.3855, 15.2213 ], [ 76.3768, 15.2278 ], [ 76.3734, 15.2305 ], [ 76.3765, 15.2379 ], [ 76.3611, 15.245 ], [ 76.3594, 15.2514 ], [ 76.3488, 15.2602 ], [ 76.3397, 15.2614 ], [ 76.3375, 15.2638 ], [ 76.3334, 15.2598 ], [ 76.3368, 15.2536 ], [ 76.3275, 15.2577 ], [ 76.3156, 15.2498 ], [ 76.3274, 15.2637 ], [ 76.3334, 15.2648 ], [ 76.3438, 15.2731 ], [ 76.3449, 15.2899 ], [ 76.35, 15.2992 ], [ 76.3508, 15.3091 ], [ 76.3612, 15.3241 ], [ 76.3704, 15.3252 ], [ 76.3795, 15.3294 ], [ 76.3795, 15.3317 ], [ 76.4026, 15.3263 ], [ 76.4222, 15.3342 ], [ 76.4421, 15.3389 ], [ 76.4674, 15.337 ], [ 76.4771, 15.3484 ], [ 76.4901, 15.3442 ], [ 76.4932, 15.3452 ], [ 76.5406, 15.3813 ] ], [ [ 76.5662, 15.3301 ], [ 76.5681, 15.3299 ], [ 76.5694, 15.3321 ], [ 76.5682, 15.3329 ], [ 76.5662, 15.3301 ] ], [ [ 76.5628, 15.331 ], [ 76.5643, 15.3331 ], [ 76.5632, 15.3335 ], [ 76.5628, 15.331 ] ], [ [ 76.5695, 15.3345 ], [ 76.5721, 15.3351 ], [ 76.5721, 15.3353 ], [ 76.5711, 15.3359 ], [ 76.5695, 15.3345 ] ] ] ] } },
{ "type": "Feature", "properties": { "area_id": "KGIS-T-1204", "name_en": "Siraguppa", "name_kn": "", "level": "block", "parent_id": "KGIS-D-12", "district_en": "Ballari", "lgd_code": null }, "geometry": { "type": "Polygon", "coordinates": [ [ [ 77.0364, 15.829 ], [ 77.0401, 15.8327 ], [ 77.0412, 15.8299 ], [ 77.0471, 15.8305 ], [ 77.0482, 15.8279 ], [ 77.0628, 15.8302 ], [ 77.0663, 15.8265 ], [ 77.0639, 15.8022 ], [ 77.0669, 15.802 ], [ 77.0677, 15.7967 ], [ 77.0662, 15.7848 ], [ 77.0602, 15.7863 ], [ 77.0568, 15.7685 ], [ 77.0522, 15.7697 ], [ 77.0508, 15.764 ], [ 77.0562, 15.7621 ], [ 77.0544, 15.7565 ], [ 77.0478, 15.7562 ], [ 77.0492, 15.73 ], [ 77.0801, 15.7275 ], [ 77.079, 15.7161 ], [ 77.0879, 15.7147 ], [ 77.0826, 15.6987 ], [ 77.0787, 15.6951 ], [ 77.094, 15.6907 ], [ 77.1217, 15.6712 ], [ 77.1202, 15.6671 ], [ 77.1283, 15.6659 ], [ 77.1214, 15.6309 ], [ 77.107, 15.6377 ], [ 77.1069, 15.6411 ], [ 77.0952, 15.6521 ], [ 77.0901, 15.6529 ], [ 77.083, 15.6589 ], [ 77.0712, 15.6455 ], [ 77.0315, 15.6351 ], [ 77.0305, 15.6212 ], [ 77.0327, 15.6208 ], [ 77.0313, 15.6111 ], [ 77.0333, 15.6052 ], [ 77.0261, 15.5808 ], [ 77.0311, 15.5457 ], [ 77.0301, 15.5027 ], [ 77.0285, 15.5002 ], [ 77.0247, 15.5025 ], [ 77.0149, 15.5025 ], [ 77.0106, 15.5049 ], [ 76.9744, 15.5106 ], [ 76.9766, 15.4907 ], [ 76.9982, 15.4776 ], [ 77.01, 15.4498 ], [ 77.0267, 15.4412 ], [ 77.0346, 15.4317 ], [ 77.0345, 15.4211 ], [ 77.0288, 15.4055 ], [ 77.0331, 15.4001 ], [ 77.045, 15.3937 ], [ 77.0483, 15.3853 ], [ 77.0443, 15.3774 ], [ 77.0311, 15.3775 ], [ 77.0066, 15.3711 ], [ 77.0011, 15.3737 ], [ 76.992, 15.3735 ], [ 76.9911, 15.3791 ], [ 76.9876, 15.3793 ], [ 76.9754, 15.3724 ], [ 76.9683, 15.3649 ], [ 76.9655, 15.3575 ], [ 76.9383, 15.3571 ], [ 76.9351, 15.361 ], [ 76.9307, 15.3864 ], [ 76.9097, 15.3858 ], [ 76.9014, 15.3781 ], [ 76.8928, 15.3748 ], [ 76.88, 15.3876 ], [ 76.8761, 15.3851 ], [ 76.8582, 15.3892 ], [ 76.8496, 15.3885 ], [ 76.8476, 15.4021 ], [ 76.8303, 15.4026 ], [ 76.8307, 15.4103 ], [ 76.8207, 15.4141 ], [ 76.8083, 15.4139 ], [ 76.8051, 15.4035 ], [ 76.8006, 15.4034 ], [ 76.7991, 15.4125 ], [ 76.7582, 15.4166 ], [ 76.7566, 15.4424 ], [ 76.713, 15.4422 ], [ 76.7077, 15.4538 ], [ 76.6947, 15.4671 ], [ 76.6938, 15.4786 ], [ 76.7079, 15.4879 ], [ 76.7239, 15.4928 ], [ 76.7425, 15.4911 ], [ 76.7822, 15.4933 ], [ 76.8105, 15.5145 ], [ 76.8067, 15.5282 ], [ 76.8124, 15.5465 ], [ 76.8177, 15.5532 ], [ 76.8308, 15.561 ], [ 76.834, 15.5664 ], [ 76.8349, 15.5775 ], [ 76.8317, 15.5977 ], [ 76.8357, 15.602 ], [ 76.829, 15.6194 ], [ 76.832, 15.624 ], [ 76.8591, 15.6448 ], [ 76.8595, 15.6513 ], [ 76.8877, 15.685 ], [ 76.9086, 15.6932 ], [ 76.9157, 15.703 ], [ 76.9244, 15.7313 ], [ 76.9276, 15.7353 ], [ 76.9304, 15.7313 ], [ 76.9361, 15.7474 ], [ 76.933, 15.7478 ], [ 76.9404, 15.7618 ], [ 76.9525, 15.7663 ], [ 76.9631, 15.774 ], [ 76.967, 15.7804 ], [ 76.9957, 15.8075 ], [ 77.0178, 15.8244 ], [ 77.0244, 15.8376 ], [ 77.0364, 15.829 ] ] ] } },
{ "type": "Feature", "properties": { "area_id": "KGIS-T-1205", "name_en": "Ballari", "name_kn": "ಬಳ್ಳಾರಿ", "level": "block", "parent_id": "KGIS-D-12", "district_en": "Ballari", "lgd_code": "5500" }, "geometry": { "type": "Polygon", "coordinates": [ [ [ 76.992, 15.3736 ], [ 77.0011, 15.3737 ], [ 77.0066, 15.3711 ], [ 77.0311, 15.3775 ], [ 77.0443, 15.3774 ], [ 77.0442, 15.3578 ], [ 77.0639, 15.3451 ], [ 77.0662, 15.3373 ], [ 77.0641, 15.3275 ], [ 77.075, 15.3256 ], [ 77.1013, 15.3333 ], [ 77.1135, 15.3336 ], [ 77.113, 15.3269 ], [ 77.1171, 15.3254 ], [ 77.1187, 15.3133 ], [ 77.1179, 15.2944 ], [ 77.1518, 15.292 ], [ 77.152, 15.2754 ], [ 77.1476, 15.2749 ], [ 77.1475, 15.2723 ], [ 77.1539, 15.2735 ], [ 77.16, 15.2672 ], [ 77.1679, 15.2679 ], [ 77.168, 15.2577 ], [ 77.144, 15.2568 ], [ 77.143, 15.251 ], [ 77.1405, 15.2515 ], [ 77.1357, 15.2416 ], [ 77.1262, 15.2403 ], [ 77.1248, 15.2272 ], [ 77.1474, 15.2247 ], [ 77.1469, 15.2214 ], [ 77.1516, 15.2189 ], [ 77.1514, 15.2155 ], [ 77.1548, 15.2154 ], [ 77.1591, 15.2017 ], [ 77.1619, 15.2018 ], [ 77.1662, 15.1883 ], [ 77.1693, 15.1719 ], [ 77.1646, 15.169 ], [ 77.1626, 15.1578 ], [ 77.141, 15.159 ], [ 77.1345, 15.1485 ], [ 77.1369, 15.1481 ], [ 77.1375, 15.1438 ], [ 77.1509, 15.1398 ], [ 77.1569, 15.1406 ], [ 77.1563, 15.1231 ], [ 77.1496, 15.1113 ], [ 77.1424, 15.1052 ], [ 77.1298, 15.101 ], [ 77.1268, 15.0682 ], [ 77.1193, 15.0449 ], [ 77.1152, 15.046 ], [ 77.113, 15.0334 ], [ 77.0938, 15.0357 ], [ 77.0907, 15.029 ], [ 77.0852, 15.0309 ], [ 77.0827, 15.0056 ], [ 77.0608, 15.0058 ], [ 77.0442, 15.0092 ], [ 77.0498, 15.0225 ], [ 77.0494, 15.033 ], [ 77.0348, 15.0311 ], [ 77.004, 15.0342 ], [ 77.0026, 15.0311 ], [ 76.9862, 15.0264 ], [ 76.9855, 15.0155 ], [ 76.9659, 15.0181 ], [ 76.9504, 15.031 ], [ 76.9236, 15.0315 ], [ 76.918, 15.0362 ], [ 76.9063, 15.0333 ], [ 76.8945, 15.0377 ], [ 76.8773, 15.0312 ], [ 76.8777, 15.0363 ], [ 76.8695, 15.0532 ], [ 76.8656, 15.0557 ], [ 76.8662, 15.0598 ], [ 76.8613, 15.0602 ], [ 76.8623, 15.0672 ], [ 76.8596, 15.0713 ], [ 76.8604, 15.0729 ], [ 76.8647, 15.0713 ], [ 76.8594, 15.0779 ], [ 76.8545, 15.08 ], [ 76.8591, 15.0861 ], [ 76.8679, 15.0838 ], [ 76.8673, 15.0879 ], [ 76.8759, 15.0838 ], [ 76.8731, 15.0899 ], [ 76.8568, 15.095 ], [ 76.8544, 15.0919 ], [ 76.8579, 15.0869 ], [ 76.8482, 15.083 ], [ 76.845, 15.0892 ], [ 76.8231, 15.0929 ], [ 76.8143, 15.1037 ], [ 76.8075, 15.1039 ], [ 76.8053, 15.1068 ], [ 76.7969, 15.105 ], [ 76.7974, 15.1085 ], [ 76.8018, 15.1071 ], [ 76.8005, 15.1106 ], [ 76.7862, 15.1259 ], [ 76.7825, 15.1185 ], [ 76.7818, 15.123 ], [ 76.7776, 15.124 ], [ 76.7764, 15.1268 ], [ 76.7699, 15.1258 ], [ 76.7686, 15.1201 ], [ 76.7658, 15.1214 ], [ 76.7505, 15.1376 ], [ 76.7539, 15.1393 ], [ 76.7524, 15.1451 ], [ 76.7608, 15.1572 ], [ 76.7614, 15.1624 ], [ 76.7634, 15.1619 ], [ 76.7624, 15.1661 ], [ 76.7607, 15.1672 ], [ 76.7607, 15.1642 ], [ 76.7548, 15.166 ], [ 76.7549, 15.1609 ], [ 76.7516, 15.1565 ], [ 76.7444, 15.165 ], [ 76.7369, 15.1652 ], [ 76.7293, 15.1702 ], [ 76.7233, 15.1694 ], [ 76.7209, 15.1767 ], [ 76.715, 15.1807 ], [ 76.7093, 15.1997 ], [ 76.7149, 15.2073 ], [ 76.7249, 15.2068 ], [ 76.7281, 15.215 ], [ 76.732, 15.2157 ], [ 76.7285, 15.221 ], [ 76.7301, 15.2279 ], [ 76.7273, 15.2296 ], [ 76.7271, 15.2362 ], [ 76.7319, 15.2366 ], [ 76.7321, 15.2401 ], [ 76.7358, 15.2414 ], [ 76.7463, 15.2415 ], [ 76.7473, 15.2526 ], [ 76.775, 15.2479 ], [ 76.7756, 15.2535 ], [ 76.7775, 15.2534 ], [ 76.7839, 15.2526 ], [ 76.7869, 15.2453 ], [ 76.8095, 15.2463 ], [ 76.8084, 15.2408 ], [ 76.8107, 15.2405 ], [ 76.8085, 15.2308 ], [ 76.8011, 15.2248 ], [ 76.8007, 15.2217 ], [ 76.7975, 15.2218 ], [ 76.7924, 15.1928 ], [ 76.7862, 15.1743 ], [ 76.8004, 15.1653 ], [ 76.8156, 15.1685 ], [ 76.8229, 15.1674 ], [ 76.8274, 15.1767 ], [ 76.8303, 15.1986 ], [ 76.8222, 15.1991 ], [ 76.8289, 15.2326 ], [ 76.8362, 15.2428 ], [ 76.8742, 15.2342 ], [ 76.8717, 15.2236 ], [ 76.8886, 15.2198 ], [ 76.9009, 15.2225 ], [ 76.9086, 15.2213 ], [ 76.9079, 15.227 ], [ 76.9164, 15.228 ], [ 76.9213, 15.2385 ], [ 76.9247, 15.2416 ], [ 76.9308, 15.2421 ], [ 76.9327, 15.2471 ], [ 76.9502, 15.248 ], [ 76.9468, 15.2598 ], [ 76.9439, 15.2597 ], [ 76.942, 15.2757 ], [ 76.9485, 15.2797 ], [ 76.9489, 15.2852 ], [ 76.9572, 15.2859 ], [ 76.9573, 15.288 ], [ 76.9726, 15.2937 ], [ 76.9801, 15.2939 ], [ 76.9819, 15.312 ], [ 76.9781, 15.3154 ], [ 76.9786, 15.3172 ], [ 76.984, 15.3161 ], [ 76.9848, 15.3193 ], [ 76.9808, 15.3202 ], [ 76.982, 15.3229 ], [ 76.975, 15.3243 ], [ 76.9752, 15.3271 ], [ 76.9703, 15.3273 ], [ 76.9663, 15.3267 ], [ 76.9667, 15.3231 ], [ 76.9612, 15.3229 ], [ 76.9612, 15.3207 ], [ 76.9408, 15.3175 ], [ 76.9381, 15.3572 ], [ 76.9655, 15.3575 ], [ 76.9683, 15.3649 ], [ 76.9788, 15.3758 ], [ 76.9911, 15.3791 ], [ 76.992, 15.3736 ] ] ] } },
{ "type": "Feature", "properties": { "area_id": "KGIS-T-1206", "name_en": "Sonduru", "name_kn": "", "level": "block", "parent_id": "KGIS-D-12", "district_en": "Ballari", "lgd_code": null }, "geometry": { "type": "Polygon", "coordinates": [ [ [ 76.6879, 15.2761 ], [ 76.6913, 15.2711 ], [ 76.688, 15.2652 ], [ 76.689, 15.2614 ], [ 76.7026, 15.2619 ], [ 76.7051, 15.2515 ], [ 76.7092, 15.2453 ], [ 76.6994, 15.2394 ], [ 76.6974, 15.2337 ], [ 76.696, 15.2345 ], [ 76.6914, 15.2183 ], [ 76.7006, 15.2055 ], [ 76.7093, 15.1997 ], [ 76.715, 15.1807 ], [ 76.7209, 15.1767 ], [ 76.7233, 15.1694 ], [ 76.7293, 15.1702 ], [ 76.7369, 15.1652 ], [ 76.7444, 15.165 ], [ 76.7516, 15.1565 ], [ 76.7549, 15.1609 ], [ 76.7548, 15.166 ], [ 76.7607, 15.1642 ], [ 76.7607, 15.1672 ], [ 76.7624, 15.1661 ], [ 76.7634, 15.1619 ], [ 76.7614, 15.1624 ], [ 76.7608, 15.1572 ], [ 76.7524, 15.1451 ], [ 76.7539, 15.1393 ], [ 76.7505, 15.1376 ], [ 76.7563, 15.1302 ], [ 76.7686, 15.1201 ], [ 76.7699, 15.1258 ], [ 76.7742, 15.1271 ], [ 76.7818, 15.123 ], [ 76.7825, 15.1185 ], [ 76.7862, 15.1259 ], [ 76.8005, 15.1106 ], [ 76.8018, 15.1071 ], [ 76.7974, 15.1085 ], [ 76.7969, 15.105 ], [ 76.8053, 15.1068 ], [ 76.8075, 15.1039 ], [ 76.8143, 15.1037 ], [ 76.8231, 15.0929 ], [ 76.845, 15.0892 ], [ 76.8482, 15.083 ], [ 76.8579, 15.0869 ], [ 76.8544, 15.0919 ], [ 76.8568, 15.095 ], [ 76.865, 15.0916 ], [ 76.8696, 15.0921 ], [ 76.8759, 15.0838 ], [ 76.8673, 15.0879 ], [ 76.8679, 15.0838 ], [ 76.8591, 15.0861 ], [ 76.8551, 15.081 ], [ 76.8647, 15.0713 ], [ 76.8604, 15.0729 ], [ 76.8596, 15.0713 ], [ 76.8623, 15.0672 ], [ 76.8615, 15.0624 ], [ 76.8361, 15.08 ], [ 76.8239, 15.0806 ], [ 76.8016, 15.0955 ], [ 76.7949, 15.0913 ], [ 76.7927, 15.0865 ], [ 76.7872, 15.0874 ], [ 76.7833, 15.0766 ], [ 76.7789, 15.0789 ], [ 76.7775, 15.0771 ], [ 76.7807, 15.0749 ], [ 76.7751, 15.0704 ], [ 76.7733, 15.0615 ], [ 76.7806, 15.0426 ], [ 76.7837, 15.0424 ], [ 76.786, 15.0372 ], [ 76.786, 15.0275 ], [ 76.7905, 15.0207 ], [ 76.788, 15.0098 ], [ 76.7836, 15.0041 ], [ 76.7785, 15.0067 ], [ 76.7752, 14.9938 ], [ 76.7722, 14.9906 ], [ 76.761, 14.9901 ], [ 76.7539, 14.9842 ], [ 76.7427, 14.9874 ], [ 76.7342, 14.9854 ], [ 76.728, 14.9975 ], [ 76.728, 15.0096 ], [ 76.736, 15.0225 ], [ 76.7327, 15.032 ], [ 76.7176, 15.0362 ], [ 76.7126, 15.0332 ], [ 76.7036, 15.0331 ], [ 76.7043, 15.021 ], [ 76.7017, 15.0166 ], [ 76.6931, 15.0191 ], [ 76.6858, 15.0184 ], [ 76.6861, 15.022 ], [ 76.6891, 15.0232 ], [ 76.6875, 15.0251 ], [ 76.6774, 15.0247 ], [ 76.6723, 15.0201 ], [ 76.6736, 15.0122 ], [ 76.6801, 15.0051 ], [ 76.6819, 14.9961 ], [ 76.6781, 14.9955 ], [ 76.6848, 14.9898 ], [ 76.6896, 14.9782 ], [ 76.7123, 14.975 ], [ 76.716, 14.9728 ], [ 76.7171, 14.9674 ], [ 76.7175, 14.9531 ], [ 76.7147, 14.9423 ], [ 76.7132, 14.9392 ], [ 76.7061, 14.9426 ], [ 76.7068, 14.9311 ], [ 76.7039, 14.9316 ], [ 76.6986, 14.9275 ], [ 76.6913, 14.9289 ], [ 76.6792, 14.9383 ], [ 76.6594, 14.9421 ], [ 76.6662, 14.9166 ], [ 76.6775, 14.9114 ], [ 76.6776, 14.8947 ], [ 76.6514, 14.8969 ], [ 76.6462, 14.8944 ], [ 76.6376, 14.895 ], [ 76.6329, 14.8919 ], [ 76.6326, 14.8831 ], [ 76.6191, 14.8848 ], [ 76.6083, 14.8813 ], [ 76.5943, 14.8816 ], [ 76.5923, 14.8652 ], [ 76.586, 14.8592 ], [ 76.578, 14.8613 ], [ 76.5698, 14.8676 ], [ 76.5656, 14.8802 ], [ 76.542, 14.8813 ], [ 76.5388, 14.8762 ], [ 76.5299, 14.8748 ], [ 76.534, 14.8711 ], [ 76.522, 14.8693 ], [ 76.5174, 14.8721 ], [ 76.4985, 14.8689 ], [ 76.4982, 14.8623 ], [ 76.4951, 14.862 ], [ 76.4948, 14.8596 ], [ 76.4877, 14.8611 ], [ 76.4814, 14.859 ], [ 76.4747, 14.8717 ], [ 76.478, 14.8826 ], [ 76.4727, 14.8827 ], [ 76.4657, 14.8756 ], [ 76.4638, 14.882 ], [ 76.4579, 14.8832 ], [ 76.4604, 14.8924 ], [ 76.4525, 14.9123 ], [ 76.455, 14.9174 ], [ 76.4706, 14.9274 ], [ 76.4628, 14.9249 ], [ 76.4532, 14.9269 ], [ 76.442, 14.9311 ], [ 76.4352, 14.9371 ], [ 76.432, 14.937 ], [ 76.427, 14.9311 ], [ 76.4125, 14.932 ], [ 76.4075, 14.9346 ], [ 76.398, 14.9329 ], [ 76.4025, 14.9349 ], [ 76.407, 14.9521 ], [ 76.3943, 14.9547 ], [ 76.3941, 14.9575 ], [ 76.3919, 14.9558 ], [ 76.3807, 14.9584 ], [ 76.3752, 14.9571 ], [ 76.3767, 14.9837 ], [ 76.3613, 14.986 ], [ 76.3647, 14.9911 ], [ 76.3612, 14.9956 ], [ 76.3721, 14.9967 ], [ 76.3755, 15.0054 ], [ 76.3776, 15.0059 ], [ 76.3795, 15.0189 ], [ 76.3772, 15.0216 ], [ 76.3793, 15.0231 ], [ 76.3932, 15.0218 ], [ 76.406, 15.0297 ], [ 76.4044, 15.0382 ], [ 76.4022, 15.038 ], [ 76.3994, 15.0476 ], [ 76.3937, 15.0529 ], [ 76.3936, 15.0635 ], [ 76.411, 15.0608 ], [ 76.423, 15.0449 ], [ 76.4317, 15.0422 ], [ 76.4521, 15.0387 ], [ 76.4617, 15.0422 ], [ 76.4644, 15.048 ], [ 76.4747, 15.042 ], [ 76.4713, 15.0483 ], [ 76.4742, 15.0496 ], [ 76.4711, 15.0517 ], [ 76.4728, 15.0575 ], [ 76.4493, 15.0867 ], [ 76.4497, 15.0934 ], [ 76.4442, 15.1011 ], [ 76.4469, 15.1067 ], [ 76.4429, 15.1109 ], [ 76.4428, 15.1079 ], [ 76.4393, 15.1073 ], [ 76.4393, 15.1051 ], [ 76.4352, 15.1077 ], [ 76.4399, 15.1113 ], [ 76.441, 15.1223 ], [ 76.4361, 15.1245 ], [ 76.4201, 15.1182 ], [ 76.4173, 15.1212 ], [ 76.4121, 15.1206 ], [ 76.3975, 15.126 ], [ 76.4137, 15.1324 ], [ 76.4157, 15.1355 ], [ 76.4207, 15.1345 ], [ 76.4233, 15.1378 ], [ 76.4198, 15.1418 ], [ 76.4179, 15.1402 ], [ 76.4121, 15.1424 ], [ 76.4091, 15.151 ], [ 76.4116, 15.1535 ], [ 76.4072, 15.1549 ], [ 76.405, 15.1599 ], [ 76.4074, 15.1636 ], [ 76.4177, 15.1659 ], [ 76.4133, 15.1742 ], [ 76.4016, 15.1834 ], [ 76.396, 15.1981 ], [ 76.3792, 15.2182 ], [ 76.3702, 15.2196 ], [ 76.3631, 15.2323 ], [ 76.3589, 15.2321 ], [ 76.3618, 15.234 ], [ 76.3594, 15.2411 ], [ 76.3628, 15.2458 ], [ 76.3739, 15.2377 ], [ 76.3758, 15.2386 ], [ 76.3771, 15.237 ], [ 76.3734, 15.2305 ], [ 76.3855, 15.2213 ], [ 76.388, 15.2253 ], [ 76.3918, 15.2244 ], [ 76.3954, 15.2192 ], [ 76.4001, 15.2238 ], [ 76.4022, 15.2181 ], [ 76.4071, 15.2148 ], [ 76.4088, 15.2083 ], [ 76.4116, 15.2077 ], [ 76.4116, 15.2099 ], [ 76.4172, 15.2054 ], [ 76.4215, 15.2064 ], [ 76.4244, 15.2109 ], [ 76.4186, 15.2154 ], [ 76.4204, 15.2182 ], [ 76.4139, 15.2175 ], [ 76.411, 15.2228 ], [ 76.407, 15.2232 ], [ 76.4088, 15.2269 ], [ 76.4062, 15.2239 ], [ 76.4007, 15.2285 ], [ 76.4077, 15.2344 ], [ 76.3909, 15.2425 ], [ 76.3825, 15.2452 ], [ 76.3792, 15.2441 ], [ 76.3801, 15.2472 ], [ 76.3695, 15.2519 ], [ 76.3699, 15.2553 ], [ 76.3704, 15.2537 ], [ 76.3786, 15.2566 ], [ 76.382, 15.2518 ], [ 76.3819, 15.2465 ], [ 76.3845, 15.2476 ], [ 76.3964, 15.2424 ], [ 76.4018, 15.2434 ], [ 76.4064, 15.2408 ], [ 76.4054, 15.2368 ], [ 76.4073, 15.2361 ], [ 76.4066, 15.2408 ], [ 76.4159, 15.2456 ], [ 76.4131, 15.2542 ], [ 76.4049, 15.2547 ], [ 76.4059, 15.2605 ], [ 76.4029, 15.2672 ], [ 76.4178, 15.2717 ], [ 76.4172, 15.2767 ], [ 76.4288, 15.2759 ], [ 76.4237, 15.2454 ], [ 76.4336, 15.2438 ], [ 76.4315, 15.2382 ], [ 76.4357, 15.2373 ], [ 76.4327, 15.2322 ], [ 76.4491, 15.2194 ], [ 76.4543, 15.2184 ], [ 76.4531, 15.2222 ], [ 76.4558, 15.2251 ], [ 76.4637, 15.2249 ], [ 76.4673, 15.2195 ], [ 76.4834, 15.2196 ], [ 76.4862, 15.2127 ], [ 76.4896, 15.2147 ], [ 76.4928, 15.2128 ], [ 76.4893, 15.2104 ], [ 76.4812, 15.1918 ], [ 76.4861, 15.1899 ], [ 76.4898, 15.183 ], [ 76.5011, 15.1927 ], [ 76.5235, 15.1933 ], [ 76.533, 15.1959 ], [ 76.539, 15.1867 ], [ 76.5485, 15.1944 ], [ 76.5547, 15.215 ], [ 76.5443, 15.2234 ], [ 76.5631, 15.2213 ], [ 76.5643, 15.2194 ], [ 76.5617, 15.2144 ], [ 76.5776, 15.2074 ], [ 76.577, 15.2055 ], [ 76.5648, 15.2075 ], [ 76.5634, 15.2056 ], [ 76.5709, 15.2014 ], [ 76.573, 15.1958 ], [ 76.5753, 15.1971 ], [ 76.5735, 15.1929 ], [ 76.6035, 15.1951 ], [ 76.6049, 15.1989 ], [ 76.6152, 15.2003 ], [ 76.6285, 15.23 ], [ 76.6389, 15.2347 ], [ 76.642, 15.2391 ], [ 76.642, 15.2467 ], [ 76.6349, 15.2526 ], [ 76.6323, 15.2518 ], [ 76.6316, 15.2604 ], [ 76.6411, 15.2632 ], [ 76.6511, 15.2603 ], [ 76.6566, 15.2628 ], [ 76.6547, 15.2741 ], [ 76.6642, 15.2757 ], [ 76.6725, 15.2722 ], [ 76.6879, 15.2761 ] ] ] } },
{ "type": "Feature", "properties": { "area_id": "KGIS-T-1207", "name_en": "Kudligi", "name_kn": "ಕೂಡ್ಲಿಗಿ", "level": "block", "parent_id": "KGIS-D-12", "district_en": "Ballari", "lgd_code": "5502" }, "geometry": { "type": "Polygon", "coordinates": [ [ [ 76.3613, 14.986 ], [ 76.3767, 14.9837 ], [ 76.3752, 14.9571 ], [ 76.3807, 14.9584 ], [ 76.3919, 14.9558 ], [ 76.3941, 14.9575 ], [ 76.3943, 14.9547 ], [ 76.407, 14.9521 ], [ 76.4025, 14.9349 ], [ 76.398, 14.9329 ], [ 76.4075, 14.9346 ], [ 76.4125, 14.932 ], [ 76.427, 14.9311 ], [ 76.432, 14.937 ], [ 76.4352, 14.9371 ], [ 76.442, 14.9311 ], [ 76.4532, 14.9269 ], [ 76.4628, 14.9249 ], [ 76.4706, 14.9274 ], [ 76.455, 14.9174 ], [ 76.4525, 14.9123 ], [ 76.4604, 14.8924 ], [ 76.4579, 14.8832 ], [ 76.4638, 14.882 ], [ 76.4657, 14.8756 ], [ 76.4727, 14.8827 ], [ 76.478, 14.8826 ], [ 76.4747, 14.8717 ], [ 76.4814, 14.859 ], [ 76.4877, 14.8611 ], [ 76.4948, 14.8596 ], [ 76.4951, 14.862 ], [ 76.4982, 14.8623 ], [ 76.4985, 14.8689 ], [ 76.5174, 14.8721 ], [ 76.522, 14.8693 ], [ 76.534, 14.8711 ], [ 76.5299, 14.8748 ], [ 76.5388, 14.8762 ], [ 76.542, 14.8813 ], [ 76.5656, 14.8802 ], [ 76.5698, 14.8676 ], [ 76.578, 14.8613 ], [ 76.586, 14.8592 ], [ 76.5923, 14.8652 ], [ 76.5943, 14.8816 ], [ 76.6083, 14.8813 ], [ 76.6191, 14.8848 ], [ 76.6326, 14.8831 ], [ 76.6329, 14.8919 ], [ 76.6376, 14.895 ], [ 76.6752, 14.8962 ], [ 76.6776, 14.8947 ], [ 76.6777, 14.8878 ], [ 76.6977, 14.8907 ], [ 76.7123, 14.8676 ], [ 76.7149, 14.8533 ], [ 76.7118, 14.8374 ], [ 76.7208, 14.8318 ], [ 76.7404, 14.8256 ], [ 76.74, 14.8152 ], [ 76.7349, 14.8155 ], [ 76.7346, 14.8132 ], [ 76.7183, 14.8178 ], [ 76.7052, 14.8175 ], [ 76.6822, 14.8081 ], [ 76.6747, 14.7927 ], [ 76.6683, 14.7915 ], [ 76.6736, 14.7878 ], [ 76.6696, 14.7867 ], [ 76.6663, 14.7799 ], [ 76.667, 14.7751 ], [ 76.6597, 14.7716 ], [ 76.6601, 14.7661 ], [ 76.6576, 14.7647 ], [ 76.6552, 14.7569 ], [ 76.6487, 14.7554 ], [ 76.6511, 14.7447 ], [ 76.648, 14.7306 ], [ 76.651, 14.7264 ], [ 76.6446, 14.7131 ], [ 76.6371, 14.71 ], [ 76.6356, 14.7033 ], [ 76.6308, 14.7029 ], [ 76.6291, 14.7004 ], [ 76.624, 14.7017 ], [ 76.617, 14.6921 ], [ 76.6079, 14.687 ], [ 76.6106, 14.6685 ], [ 76.5982, 14.6699 ], [ 76.5962, 14.6599 ], [ 76.5992, 14.656 ], [ 76.5976, 14.6538 ], [ 76.6124, 14.6484 ], [ 76.6038, 14.6346 ], [ 76.5981, 14.6321 ], [ 76.6007, 14.6209 ], [ 76.5857, 14.6182 ], [ 76.5768, 14.6089 ], [ 76.5671, 14.5867 ], [ 76.5501, 14.5783 ], [ 76.5497, 14.5728 ], [ 76.5449, 14.5719 ], [ 76.5415, 14.566 ], [ 76.5352, 14.5656 ], [ 76.535, 14.5615 ], [ 76.5184, 14.5625 ], [ 76.5103, 14.5604 ], [ 76.5053, 14.5657 ], [ 76.4644, 14.5738 ], [ 76.4617, 14.5765 ], [ 76.4237, 14.5809 ], [ 76.4254, 14.5881 ], [ 76.4276, 14.5878 ], [ 76.4298, 14.5936 ], [ 76.4329, 14.618 ], [ 76.4214, 14.6247 ], [ 76.417, 14.6224 ], [ 76.4028, 14.6238 ], [ 76.4012, 14.6275 ], [ 76.3937, 14.6268 ], [ 76.3902, 14.6483 ], [ 76.3751, 14.6463 ], [ 76.3755, 14.6553 ], [ 76.3797, 14.662 ], [ 76.3913, 14.6562 ], [ 76.3963, 14.657 ], [ 76.3976, 14.6603 ], [ 76.3974, 14.6686 ], [ 76.386, 14.6696 ], [ 76.3896, 14.6839 ], [ 76.3937, 14.6845 ], [ 76.3836, 14.7314 ], [ 76.3767, 14.7282 ], [ 76.3711, 14.7294 ], [ 76.3721, 14.7219 ], [ 76.3615, 14.7192 ], [ 76.3598, 14.7194 ], [ 76.3603, 14.7233 ], [ 76.3477, 14.7249 ], [ 76.3466, 14.7289 ], [ 76.329, 14.7358 ], [ 76.326, 14.745 ], [ 76.3317, 14.7516 ], [ 76.3241, 14.7621 ], [ 76.3264, 14.7659 ], [ 76.3284, 14.7627 ], [ 76.3342, 14.7608 ], [ 76.335, 14.7775 ], [ 76.3398, 14.7782 ], [ 76.3411, 14.788 ], [ 76.3332, 14.7904 ], [ 76.3456, 14.8149 ], [ 76.339, 14.8212 ], [ 76.319, 14.8199 ], [ 76.3196, 14.8237 ], [ 76.3317, 14.8384 ], [ 76.3393, 14.8393 ], [ 76.3397, 14.8476 ], [ 76.3443, 14.8567 ], [ 76.3427, 14.88 ], [ 76.3345, 14.8925 ], [ 76.3302, 14.8877 ], [ 76.319, 14.8947 ], [ 76.3175, 14.9056 ], [ 76.3078, 14.906 ], [ 76.3044, 14.9103 ], [ 76.2947, 14.8942 ], [ 76.2837, 14.8939 ], [ 76.2825, 14.8988 ], [ 76.2697, 14.908 ], [ 76.2692, 14.9135 ], [ 76.2746, 14.9212 ], [ 76.2815, 14.9251 ], [ 76.2867, 14.9381 ], [ 76.2939, 14.9377 ], [ 76.3009, 14.9328 ], [ 76.302, 14.935 ], [ 76.3191, 14.9334 ], [ 76.318, 14.937 ], [ 76.3216, 14.9368 ], [ 76.3246, 14.9454 ], [ 76.3291, 14.948 ], [ 76.3307, 14.9662 ], [ 76.329, 14.9689 ], [ 76.338, 14.9696 ], [ 76.35, 14.9761 ], [ 76.3564, 14.976 ], [ 76.3577, 14.9737 ], [ 76.3613, 14.986 ] ] ] } },
{ "type": "Feature", "properties": { "area_id": "KGIS-T-1208", "name_en": "Kurugodu", "name_kn": "ಕುರುಗೊಡು", "level": "block", "parent_id": "KGIS-D-12", "district_en": "Ballari", "lgd_code": null }, "geometry": { "type": "Polygon", "coordinates": [ [ [ 76.7516, 15.4169 ], [ 76.7991, 15.4125 ], [ 76.8006, 15.4034 ], [ 76.8051, 15.4035 ], [ 76.8083, 15.4139 ], [ 76.8212, 15.4139 ], [ 76.8307, 15.4103 ], [ 76.8303, 15.4026 ], [ 76.8476, 15.4021 ], [ 76.8496, 15.3885 ], [ 76.8582, 15.3892 ], [ 76.8761, 15.3851 ], [ 76.88, 15.3876 ], [ 76.8928, 15.3748 ], [ 76.9014, 15.3781 ], [ 76.9097, 15.3858 ], [ 76.9307, 15.3864 ], [ 76.9351, 15.361 ], [ 76.9392, 15.353 ], [ 76.9408, 15.3175 ], [ 76.9612, 15.3207 ], [ 76.9612, 15.3229 ], [ 76.9667, 15.3231 ], [ 76.9663, 15.3267 ], [ 76.9703, 15.3273 ], [ 76.9752, 15.3271 ], [ 76.975, 15.3243 ], [ 76.982, 15.3229 ], [ 76.9808, 15.3202 ], [ 76.9848, 15.3193 ], [ 76.984, 15.3161 ], [ 76.9786, 15.3172 ], [ 76.9781, 15.3154 ], [ 76.9819, 15.312 ], [ 76.9801, 15.2939 ], [ 76.9726, 15.2937 ], [ 76.9573, 15.288 ], [ 76.9572, 15.2859 ], [ 76.9489, 15.2852 ], [ 76.9485, 15.2797 ], [ 76.942, 15.2757 ], [ 76.9439, 15.2597 ], [ 76.9468, 15.2598 ], [ 76.9502, 15.248 ], [ 76.9327, 15.2471 ], [ 76.9308, 15.2421 ], [ 76.9247, 15.2416 ], [ 76.9213, 15.2385 ], [ 76.9164, 15.228 ], [ 76.9079, 15.227 ], [ 76.9086, 15.2213 ], [ 76.9009, 15.2225 ], [ 76.8811, 15.2201 ], [ 76.8717, 15.2236 ], [ 76.8742, 15.2342 ], [ 76.8362, 15.2428 ], [ 76.8289, 15.2326 ], [ 76.8222, 15.1991 ], [ 76.8303, 15.1986 ], [ 76.8274, 15.1767 ], [ 76.8229, 15.1674 ], [ 76.8156, 15.1685 ], [ 76.8004, 15.1653 ], [ 76.7862, 15.1743 ], [ 76.7924, 15.1928 ], [ 76.7975, 15.2218 ], [ 76.8007, 15.2217 ], [ 76.8011, 15.2248 ], [ 76.8085, 15.2308 ], [ 76.8107, 15.2405 ], [ 76.8084, 15.2408 ], [ 76.8095, 15.2463 ], [ 76.7869, 15.2453 ], [ 76.7839, 15.2526 ], [ 76.7775, 15.2534 ], [ 76.7756, 15.2535 ], [ 76.775, 15.2479 ], [ 76.7473, 15.2526 ], [ 76.7463, 15.2415 ], [ 76.7358, 15.2414 ], [ 76.7321, 15.2401 ], [ 76.7319, 15.2366 ], [ 76.7271, 15.2362 ], [ 76.7273, 15.2296 ], [ 76.7301, 15.2279 ], [ 76.7285, 15.221 ], [ 76.732, 15.2157 ], [ 76.7281, 15.215 ], [ 76.7249, 15.2068 ], [ 76.7149, 15.2073 ], [ 76.7093, 15.1997 ], [ 76.7006, 15.2055 ], [ 76.6914, 15.2183 ], [ 76.6994, 15.2394 ], [ 76.7108, 15.2462 ], [ 76.7097, 15.2549 ], [ 76.7122, 15.2722 ], [ 76.7181, 15.2716 ], [ 76.7165, 15.2905 ], [ 76.7568, 15.29 ], [ 76.7558, 15.3108 ], [ 76.719, 15.3099 ], [ 76.7187, 15.3189 ], [ 76.7213, 15.3251 ], [ 76.7013, 15.3244 ], [ 76.7012, 15.339 ], [ 76.6963, 15.3403 ], [ 76.697, 15.35 ], [ 76.7041, 15.3505 ], [ 76.7052, 15.3593 ], [ 76.7142, 15.3615 ], [ 76.7142, 15.3638 ], [ 76.7473, 15.3658 ], [ 76.7492, 15.3918 ], [ 76.7517, 15.3918 ], [ 76.7519, 15.397 ], [ 76.7493, 15.3983 ], [ 76.7516, 15.4169 ] ] ] } },
{ "type": "Feature", "properties": { "area_id": "KGIS-T-1209", "name_en": "Kotturu", "name_kn": "ಕೊಟ್ಟೂರು", "level": "block", "parent_id": "KGIS-D-12", "district_en": "Ballari", "lgd_code": null }, "geometry": { "type": "Polygon", "coordinates": [ [ [ 76.1866, 14.9601 ], [ 76.1891, 14.951 ], [ 76.2017, 14.95 ], [ 76.2063, 14.9382 ], [ 76.2131, 14.9365 ], [ 76.2166, 14.9404 ], [ 76.2195, 14.9393 ], [ 76.2378, 14.929 ], [ 76.2466, 14.9163 ], [ 76.2611, 14.9135 ], [ 76.27, 14.9154 ], [ 76.2697, 14.908 ], [ 76.2825, 14.8988 ], [ 76.2837, 14.8939 ], [ 76.2947, 14.8942 ], [ 76.3044, 14.9103 ], [ 76.3078, 14.906 ], [ 76.3175, 14.9056 ], [ 76.319, 14.8947 ], [ 76.3233, 14.8913 ], [ 76.3302, 14.8877 ], [ 76.3345, 14.8925 ], [ 76.3359, 14.8912 ], [ 76.3427, 14.88 ], [ 76.344, 14.8554 ], [ 76.3397, 14.8476 ], [ 76.3393, 14.8393 ], [ 76.3317, 14.8384 ], [ 76.3196, 14.8237 ], [ 76.319, 14.8199 ], [ 76.339, 14.8212 ], [ 76.3456, 14.8149 ], [ 76.3332, 14.7904 ], [ 76.3411, 14.788 ], [ 76.3398, 14.7782 ], [ 76.335, 14.7775 ], [ 76.3342, 14.7608 ], [ 76.3284, 14.7627 ], [ 76.3264, 14.7659 ], [ 76.3241, 14.7621 ], [ 76.3317, 14.7516 ], [ 76.326, 14.745 ], [ 76.329, 14.7358 ], [ 76.3466, 14.7289 ], [ 76.3477, 14.7249 ], [ 76.3603, 14.7233 ], [ 76.3598, 14.7194 ], [ 76.3721, 14.7219 ], [ 76.3711, 14.7294 ], [ 76.3767, 14.7282 ], [ 76.3836, 14.7314 ], [ 76.3937, 14.6845 ], [ 76.3896, 14.6839 ], [ 76.386, 14.6696 ], [ 76.3978, 14.6683 ], [ 76.3963, 14.657 ], [ 76.3913, 14.6562 ], [ 76.3737, 14.6639 ], [ 76.3428, 14.6657 ], [ 76.3378, 14.686 ], [ 76.325, 14.6912 ], [ 76.3178, 14.6925 ], [ 76.3147, 14.692 ], [ 76.3119, 14.6873 ], [ 76.3013, 14.6899 ], [ 76.2904, 14.6855 ], [ 76.2794, 14.6851 ], [ 76.2734, 14.6882 ], [ 76.2719, 14.6957 ], [ 76.2577, 14.6962 ], [ 76.2568, 14.701 ], [ 76.2499, 14.6986 ], [ 76.2462, 14.6938 ], [ 76.2305, 14.6492 ], [ 76.2208, 14.6577 ], [ 76.2051, 14.6772 ], [ 76.1935, 14.6814 ], [ 76.1936, 14.6977 ], [ 76.1841, 14.7009 ], [ 76.1876, 14.7223 ], [ 76.1975, 14.7249 ], [ 76.1993, 14.7383 ], [ 76.2012, 14.7394 ], [ 76.2006, 14.7531 ], [ 76.196, 14.7565 ], [ 76.1923, 14.7683 ], [ 76.1808, 14.764 ], [ 76.179, 14.7704 ], [ 76.1687, 14.7852 ], [ 76.1492, 14.7842 ], [ 76.1429, 14.7933 ], [ 76.1422, 14.8046 ], [ 76.1464, 14.8231 ], [ 76.1536, 14.8215 ], [ 76.1578, 14.8292 ], [ 76.1616, 14.8297 ], [ 76.1743, 14.8223 ], [ 76.1947, 14.8211 ], [ 76.191, 14.8466 ], [ 76.1778, 14.8488 ], [ 76.1573, 14.8474 ], [ 76.1552, 14.8511 ], [ 76.1594, 14.8548 ], [ 76.1547, 14.8581 ], [ 76.1553, 14.8624 ], [ 76.1301, 14.8613 ], [ 76.131, 14.8683 ], [ 76.1205, 14.8696 ], [ 76.1209, 14.908 ], [ 76.115, 14.9059 ], [ 76.1207, 14.9208 ], [ 76.1145, 14.9212 ], [ 76.1149, 14.9183 ], [ 76.0993, 14.9173 ], [ 76.084, 14.9189 ], [ 76.0911, 14.92 ], [ 76.0922, 14.9248 ], [ 76.0992, 14.9268 ], [ 76.0989, 14.9299 ], [ 76.1079, 14.9308 ], [ 76.1079, 14.9337 ], [ 76.1246, 14.9333 ], [ 76.1257, 14.9446 ], [ 76.1299, 14.9452 ], [ 76.1289, 14.9474 ], [ 76.1426, 14.9541 ], [ 76.1484, 14.9515 ], [ 76.1566, 14.9524 ], [ 76.1603, 14.9569 ], [ 76.1866, 14.9601 ] ] ] } },
{ "type": "Feature", "properties": { "area_id": "KGIS-T-1210", "name_en": "Kampli", "name_kn": "ಕಂಪ್ಲಿ", "level": "block", "parent_id": "KGIS-D-12", "district_en": "Ballari", "lgd_code": null }, "geometry": { "type": "MultiPolygon", "coordinates": [ [ [ [ 76.5682, 15.3329 ], [ 76.5681, 15.3299 ], [ 76.5662, 15.3301 ], [ 76.5682, 15.3329 ] ] ], [ [ [ 76.5642, 15.3304 ], [ 76.5632, 15.3335 ], [ 76.5643, 15.3331 ], [ 76.5642, 15.3304 ] ] ], [ [ [ 76.5721, 15.3353 ], [ 76.5695, 15.3345 ], [ 76.5694, 15.3348 ], [ 76.5721, 15.3353 ] ] ], [ [ [ 76.708, 15.4521 ], [ 76.713, 15.4422 ], [ 76.7566, 15.4424 ], [ 76.7583, 15.4165 ], [ 76.7516, 15.4169 ], [ 76.7493, 15.3983 ], [ 76.7519, 15.397 ], [ 76.7517, 15.3918 ], [ 76.7492, 15.3918 ], [ 76.7473, 15.3658 ], [ 76.7142, 15.3638 ], [ 76.7142, 15.3615 ], [ 76.7079, 15.3615 ], [ 76.7052, 15.3593 ], [ 76.7041, 15.3505 ], [ 76.697, 15.35 ], [ 76.6963, 15.3424 ], [ 76.6963, 15.3403 ], [ 76.7012, 15.339 ], [ 76.7013, 15.3244 ], [ 76.7213, 15.3251 ], [ 76.7187, 15.3189 ], [ 76.719, 15.3099 ], [ 76.7558, 15.3108 ], [ 76.7568, 15.29 ], [ 76.7165, 15.2905 ], [ 76.7181, 15.2716 ], [ 76.7122, 15.2722 ], [ 76.7097, 15.2549 ], [ 76.7111, 15.2482 ], [ 76.7092, 15.2453 ], [ 76.7051, 15.2515 ], [ 76.7026, 15.2619 ], [ 76.689, 15.2614 ], [ 76.688, 15.2652 ], [ 76.6913, 15.2711 ], [ 76.6895, 15.276 ], [ 76.6725, 15.2722 ], [ 76.6642, 15.2757 ], [ 76.635, 15.2733 ], [ 76.6341, 15.2777 ], [ 76.6269, 15.2841 ], [ 76.6152, 15.2802 ], [ 76.6152, 15.2835 ], [ 76.6181, 15.284 ], [ 76.6134, 15.2836 ], [ 76.607, 15.2718 ], [ 76.5908, 15.2587 ], [ 76.5865, 15.2593 ], [ 76.5836, 15.2564 ], [ 76.5924, 15.2707 ], [ 76.601, 15.2794 ], [ 76.6007, 15.2845 ], [ 76.5853, 15.288 ], [ 76.5826, 15.2939 ], [ 76.5868, 15.2966 ], [ 76.5878, 15.3011 ], [ 76.6072, 15.3011 ], [ 76.6085, 15.3047 ], [ 76.6059, 15.3064 ], [ 76.6179, 15.3029 ], [ 76.6173, 15.3153 ], [ 76.6135, 15.3174 ], [ 76.5944, 15.3098 ], [ 76.5907, 15.3121 ], [ 76.591, 15.3096 ], [ 76.5808, 15.3111 ], [ 76.5921, 15.3192 ], [ 76.5936, 15.3243 ], [ 76.5848, 15.3296 ], [ 76.5823, 15.3337 ], [ 76.5842, 15.3334 ], [ 76.5841, 15.3361 ], [ 76.5792, 15.338 ], [ 76.5803, 15.3425 ], [ 76.5757, 15.3478 ], [ 76.5752, 15.3452 ], [ 76.5725, 15.3478 ], [ 76.5685, 15.3457 ], [ 76.5624, 15.3466 ], [ 76.5622, 15.3487 ], [ 76.5522, 15.3494 ], [ 76.5579, 15.367 ], [ 76.5532, 15.3733 ], [ 76.5468, 15.3755 ], [ 76.5406, 15.3813 ], [ 76.5483, 15.3861 ], [ 76.5574, 15.3988 ], [ 76.5711, 15.402 ], [ 76.591, 15.4122 ], [ 76.5945, 15.4164 ], [ 76.5964, 15.4263 ], [ 76.6122, 15.4437 ], [ 76.6417, 15.4441 ], [ 76.6594, 15.4491 ], [ 76.6629, 15.4473 ], [ 76.6765, 15.4549 ], [ 76.684, 15.4683 ], [ 76.6949, 15.4767 ], [ 76.6947, 15.4671 ], [ 76.708, 15.4521 ] ] ] ] } },
{ "type": "Feature", "properties": { "area_id": "KGIS-T-1211", "name_en": "Harapanahalli", "name_kn": "ಹರಪನಹಳ್ಳಿ", "level": "block", "parent_id": "KGIS-D-12", "district_en": "Ballari", "lgd_code": "5510" }, "geometry": { "type": "Polygon", "coordinates": [ [ [ 75.8535, 14.8633 ], [ 75.8667, 14.8546 ], [ 75.8691, 14.8664 ], [ 75.887, 14.8684 ], [ 75.888, 14.8727 ], [ 75.8929, 14.8774 ], [ 75.8992, 14.8785 ], [ 75.9037, 14.8839 ], [ 75.9275, 14.8894 ], [ 75.9309, 14.8928 ], [ 75.937, 14.8925 ], [ 75.9401, 14.9001 ], [ 75.9629, 14.9041 ], [ 75.9659, 14.9014 ], [ 75.9636, 14.9081 ], [ 75.975, 14.9003 ], [ 75.9805, 14.9023 ], [ 75.9851, 14.908 ], [ 75.9982, 14.8975 ], [ 76.0039, 14.9022 ], [ 76.0045, 14.9057 ], [ 76.011, 14.9055 ], [ 76.0109, 14.8968 ], [ 76.0325, 14.925 ], [ 76.0445, 14.9313 ], [ 76.0471, 14.9312 ], [ 76.0505, 14.9176 ], [ 76.0634, 14.9158 ], [ 76.0683, 14.9087 ], [ 76.0847, 14.9128 ], [ 76.0826, 14.9041 ], [ 76.0797, 14.9037 ], [ 76.078, 14.8994 ], [ 76.0646, 14.8873 ], [ 76.0722, 14.8677 ], [ 76.0807, 14.8706 ], [ 76.0927, 14.868 ], [ 76.1261, 14.8702 ], [ 76.131, 14.8683 ], [ 76.1301, 14.8613 ], [ 76.1553, 14.8624 ], [ 76.1547, 14.8581 ], [ 76.1594, 14.8548 ], [ 76.1552, 14.8511 ], [ 76.1573, 14.8474 ], [ 76.1778, 14.8488 ], [ 76.191, 14.8466 ], [ 76.1947, 14.8211 ], [ 76.1743, 14.8223 ], [ 76.1616, 14.8297 ], [ 76.1578, 14.8292 ], [ 76.1536, 14.8215 ], [ 76.1464, 14.8231 ], [ 76.1423, 14.803 ], [ 76.1429, 14.7933 ], [ 76.1492, 14.7842 ], [ 76.1687, 14.7852 ], [ 76.179, 14.7704 ], [ 76.1808, 14.764 ], [ 76.1923, 14.7683 ], [ 76.196, 14.7565 ], [ 76.2006, 14.7531 ], [ 76.2012, 14.7394 ], [ 76.1993, 14.7383 ], [ 76.1975, 14.7249 ], [ 76.1876, 14.7223 ], [ 76.1838, 14.6997 ], [ 76.175, 14.703 ], [ 76.1671, 14.7008 ], [ 76.161, 14.7032 ], [ 76.1612, 14.7008 ], [ 76.1573, 14.7015 ], [ 76.1569, 14.7043 ], [ 76.1454, 14.7052 ], [ 76.1395, 14.6986 ], [ 76.1377, 14.7002 ], [ 76.1404, 14.7029 ], [ 76.1294, 14.6994 ], [ 76.1273, 14.7013 ], [ 76.1212, 14.6999 ], [ 76.1146, 14.695 ], [ 76.1137, 14.69 ], [ 76.1095, 14.6865 ], [ 76.1139, 14.683 ], [ 76.1086, 14.6713 ], [ 76.108, 14.6599 ], [ 76.1145, 14.6593 ], [ 76.1127, 14.6582 ], [ 76.1191, 14.6565 ], [ 76.1188, 14.653 ], [ 76.1294, 14.6494 ], [ 76.1312, 14.6304 ], [ 76.1423, 14.628 ], [ 76.1413, 14.6258 ], [ 76.1445, 14.6246 ], [ 76.1461, 14.6149 ], [ 76.1401, 14.6143 ], [ 76.1394, 14.6053 ], [ 76.1412, 14.602 ], [ 76.1313, 14.5944 ], [ 76.1315, 14.5855 ], [ 76.129, 14.5834 ], [ 76.1274, 14.5756 ], [ 76.1153, 14.5681 ], [ 76.1144, 14.5619 ], [ 76.1202, 14.5624 ], [ 76.1238, 14.5595 ], [ 76.1335, 14.5408 ], [ 76.1285, 14.5355 ], [ 76.1305, 14.5322 ], [ 76.1288, 14.527 ], [ 76.0972, 14.5236 ], [ 76.0883, 14.5181 ], [ 76.0883, 14.5152 ], [ 76.0669, 14.5112 ], [ 76.0527, 14.5055 ], [ 76.0489, 14.5145 ], [ 76.0371, 14.5212 ], [ 76.0296, 14.5214 ], [ 76.0277, 14.5244 ], [ 76.0061, 14.5176 ], [ 75.9661, 14.5198 ], [ 75.9468, 14.5238 ], [ 75.9479, 14.5275 ], [ 75.9447, 14.5326 ], [ 75.9446, 14.5407 ], [ 75.9419, 14.542 ], [ 75.9421, 14.5518 ], [ 75.9393, 14.5604 ], [ 75.9207, 14.5642 ], [ 75.9102, 14.5629 ], [ 75.911, 14.5712 ], [ 75.9088, 14.5742 ], [ 75.9064, 14.5733 ], [ 75.8944, 14.579 ], [ 75.8847, 14.5897 ], [ 75.8683, 14.5937 ], [ 75.8661, 14.6162 ], [ 75.8599, 14.6139 ], [ 75.8581, 14.6083 ], [ 75.8548, 14.6072 ], [ 75.8478, 14.6087 ], [ 75.8417, 14.6046 ], [ 75.8381, 14.6083 ], [ 75.8322, 14.6073 ], [ 75.8298, 14.6128 ], [ 75.8365, 14.6273 ], [ 75.8357, 14.6337 ], [ 75.8337, 14.6359 ], [ 75.8231, 14.6318 ], [ 75.8159, 14.6367 ], [ 75.8077, 14.636 ], [ 75.8085, 14.657 ], [ 75.7994, 14.6665 ], [ 75.8006, 14.678 ], [ 75.7989, 14.6819 ], [ 75.7892, 14.6828 ], [ 75.782, 14.6808 ], [ 75.7765, 14.6762 ], [ 75.7633, 14.6754 ], [ 75.7415, 14.6846 ], [ 75.7389, 14.6907 ], [ 75.7413, 14.7001 ], [ 75.7644, 14.7233 ], [ 75.7631, 14.7332 ], [ 75.76, 14.7377 ], [ 75.7554, 14.7396 ], [ 75.7577, 14.7598 ], [ 75.7565, 14.7739 ], [ 75.7694, 14.7807 ], [ 75.7742, 14.7892 ], [ 75.7964, 14.7713 ], [ 75.7975, 14.7679 ], [ 75.8146, 14.7768 ], [ 75.8241, 14.7773 ], [ 75.8322, 14.7939 ], [ 75.8341, 14.8034 ], [ 75.8329, 14.8136 ], [ 75.8182, 14.8346 ], [ 75.8118, 14.8305 ], [ 75.8059, 14.8403 ], [ 75.8109, 14.8448 ], [ 75.8019, 14.8748 ], [ 75.8096, 14.8811 ], [ 75.8117, 14.8935 ], [ 75.8162, 14.8963 ], [ 75.8163, 14.9 ], [ 75.8258, 14.8995 ], [ 75.8328, 14.8832 ], [ 75.8412, 14.8898 ], [ 75.8453, 14.8901 ], [ 75.8478, 14.8846 ], [ 75.856, 14.8823 ], [ 75.8535, 14.8633 ] ] ] } },
{ "type": "Feature", "properties": { "area_id": "KGIS-T-1301", "name_en": "Molakalmuru", "name_kn": "ಮೊಳಕಾಲ್ಮೂರು", "level": "block", "parent_id": "KGIS-D-13", "district_en": "Chitradurga", "lgd_code": "5503" }, "geometry": { "type": "Polygon", "coordinates": [ [ [ 76.7176, 15.0362 ], [ 76.7329, 15.0319 ], [ 76.7349, 15.0268 ], [ 76.736, 15.0225 ], [ 76.728, 15.0096 ], [ 76.7272, 15.0001 ], [ 76.7342, 14.9854 ], [ 76.7427, 14.9874 ], [ 76.7539, 14.9842 ], [ 76.7599, 14.9893 ], [ 76.7629, 14.9873 ], [ 76.7664, 14.9746 ], [ 76.7756, 14.9749 ], [ 76.8002, 14.9682 ], [ 76.818, 14.9693 ], [ 76.8284, 14.9561 ], [ 76.834, 14.9568 ], [ 76.8341, 14.9596 ], [ 76.8413, 14.9663 ], [ 76.8669, 14.9696 ], [ 76.866, 14.9575 ], [ 76.8699, 14.9377 ], [ 76.8639, 14.8954 ], [ 76.8473, 14.8963 ], [ 76.8454, 14.8898 ], [ 76.8455, 14.8874 ], [ 76.8525, 14.8872 ], [ 76.854, 14.8692 ], [ 76.857, 14.8689 ], [ 76.8544, 14.841 ], [ 76.8486, 14.8415 ], [ 76.8425, 14.8362 ], [ 76.8457, 14.8321 ], [ 76.846, 14.8222 ], [ 76.8547, 14.8179 ], [ 76.8543, 14.8099 ], [ 76.8375, 14.8108 ], [ 76.8373, 14.7912 ], [ 76.8187, 14.7927 ], [ 76.8208, 14.7888 ], [ 76.817, 14.7878 ], [ 76.7829, 14.7865 ], [ 76.7895, 14.7723 ], [ 76.7886, 14.7598 ], [ 76.794, 14.7504 ], [ 76.7912, 14.7465 ], [ 76.7944, 14.746 ], [ 76.7865, 14.7103 ], [ 76.7865, 14.6982 ], [ 76.7769, 14.6807 ], [ 76.7708, 14.6753 ], [ 76.7755, 14.6712 ], [ 76.7719, 14.6355 ], [ 76.7665, 14.6173 ], [ 76.7658, 14.6063 ], [ 76.7548, 14.6056 ], [ 76.753, 14.5984 ], [ 76.7291, 14.6052 ], [ 76.725, 14.5931 ], [ 76.7191, 14.5919 ], [ 76.7154, 14.5883 ], [ 76.7113, 14.5888 ], [ 76.7109, 14.5868 ], [ 76.7085, 14.5881 ], [ 76.7054, 14.585 ], [ 76.6987, 14.5852 ], [ 76.6954, 14.5809 ], [ 76.6798, 14.5845 ], [ 76.6753, 14.5833 ], [ 76.672, 14.5771 ], [ 76.659, 14.5776 ], [ 76.6527, 14.5745 ], [ 76.6338, 14.5727 ], [ 76.6341, 14.5783 ], [ 76.6262, 14.5859 ], [ 76.6271, 14.6151 ], [ 76.6046, 14.62 ], [ 76.6027, 14.6255 ], [ 76.6001, 14.6257 ], [ 76.5976, 14.6301 ], [ 76.6038, 14.6346 ], [ 76.6124, 14.6484 ], [ 76.5976, 14.6538 ], [ 76.5992, 14.656 ], [ 76.5962, 14.6599 ], [ 76.5982, 14.6699 ], [ 76.6106, 14.6685 ], [ 76.6079, 14.687 ], [ 76.617, 14.6921 ], [ 76.624, 14.7017 ], [ 76.6291, 14.7004 ], [ 76.6308, 14.7029 ], [ 76.6356, 14.7033 ], [ 76.6371, 14.71 ], [ 76.6446, 14.7131 ], [ 76.651, 14.7264 ], [ 76.648, 14.7306 ], [ 76.6511, 14.7447 ], [ 76.6487, 14.7554 ], [ 76.6552, 14.7569 ], [ 76.6576, 14.7647 ], [ 76.6601, 14.7661 ], [ 76.6597, 14.7716 ], [ 76.667, 14.7751 ], [ 76.6663, 14.7799 ], [ 76.6696, 14.7867 ], [ 76.6736, 14.7878 ], [ 76.6683, 14.7915 ], [ 76.6747, 14.7927 ], [ 76.6822, 14.8081 ], [ 76.7052, 14.8175 ], [ 76.7183, 14.8178 ], [ 76.7346, 14.8132 ], [ 76.7349, 14.8155 ], [ 76.74, 14.8152 ], [ 76.7412, 14.8189 ], [ 76.7404, 14.8256 ], [ 76.7208, 14.8318 ], [ 76.7118, 14.8374 ], [ 76.7149, 14.8533 ], [ 76.7136, 14.8648 ], [ 76.6977, 14.8907 ], [ 76.6777, 14.8878 ], [ 76.6775, 14.9114 ], [ 76.6662, 14.9166 ], [ 76.6594, 14.9421 ], [ 76.6792, 14.9383 ], [ 76.6959, 14.9268 ], [ 76.7039, 14.9316 ], [ 76.7068, 14.9311 ], [ 76.7061, 14.9426 ], [ 76.7132, 14.9392 ], [ 76.7175, 14.9531 ], [ 76.716, 14.9728 ], [ 76.705, 14.9773 ], [ 76.6896, 14.9782 ], [ 76.6848, 14.9898 ], [ 76.6781, 14.9955 ], [ 76.6819, 14.9961 ], [ 76.68, 15.0055 ], [ 76.6736, 15.0122 ], [ 76.6743, 15.016 ], [ 76.6715, 15.0193 ], [ 76.6774, 15.0247 ], [ 76.6875, 15.0251 ], [ 76.6891, 15.0232 ], [ 76.6861, 15.022 ], [ 76.6858, 15.0184 ], [ 76.6931, 15.0191 ], [ 76.7017, 15.0166 ], [ 76.7043, 15.021 ], [ 76.7036, 15.0331 ], [ 76.7126, 15.0332 ], [ 76.7176, 15.0362 ] ] ] } },
{ "type": "Feature", "properties": { "area_id": "KGIS-T-1302", "name_en": "Challakere", "name_kn": "ಚಳ್ಳಕೆರೆ", "level": "block", "parent_id": "KGIS-D-13", "district_en": "Chitradurga", "lgd_code": "5504" }, "geometry": { "type": "Polygon", "coordinates": [ [ [ 76.6046, 14.62 ], [ 76.6271, 14.6151 ], [ 76.6262, 14.5859 ], [ 76.6341, 14.5783 ], [ 76.6338, 14.5727 ], [ 76.6527, 14.5745 ], [ 76.659, 14.5776 ], [ 76.672, 14.5771 ], [ 76.6753, 14.5833 ], [ 76.6798, 14.5845 ], [ 76.6954, 14.5809 ], [ 76.6987, 14.5852 ], [ 76.7054, 14.585 ], [ 76.7085, 14.5881 ], [ 76.7109, 14.5868 ], [ 76.7113, 14.5888 ], [ 76.7154, 14.5883 ], [ 76.7191, 14.5919 ], [ 76.725, 14.5931 ], [ 76.7291, 14.6052 ], [ 76.753, 14.5984 ], [ 76.7548, 14.6056 ], [ 76.7656, 14.6063 ], [ 76.7652, 14.6019 ], [ 76.7789, 14.5936 ], [ 76.7815, 14.5967 ], [ 76.7823, 14.5836 ], [ 76.7848, 14.5751 ], [ 76.7889, 14.5701 ], [ 76.7878, 14.5679 ], [ 76.7915, 14.5542 ], [ 76.7983, 14.5484 ], [ 76.8067, 14.5319 ], [ 76.8187, 14.5316 ], [ 76.8225, 14.5266 ], [ 76.8315, 14.5294 ], [ 76.8342, 14.5261 ], [ 76.8332, 14.522 ], [ 76.8417, 14.5192 ], [ 76.8495, 14.5115 ], [ 76.8556, 14.5092 ], [ 76.8609, 14.4972 ], [ 76.8648, 14.479 ], [ 76.8688, 14.4745 ], [ 76.8844, 14.4772 ], [ 76.8863, 14.4835 ], [ 76.9045, 14.4897 ], [ 76.9243, 14.4909 ], [ 76.975, 14.4852 ], [ 76.9743, 14.4737 ], [ 76.9601, 14.4509 ], [ 76.9526, 14.4528 ], [ 76.9449, 14.4515 ], [ 76.9477, 14.4136 ], [ 76.9467, 14.4058 ], [ 76.9427, 14.3997 ], [ 76.9319, 14.4108 ], [ 76.9156, 14.421 ], [ 76.8985, 14.3981 ], [ 76.8848, 14.3954 ], [ 76.8885, 14.3879 ], [ 76.8887, 14.3627 ], [ 76.8848, 14.3475 ], [ 76.8876, 14.3464 ], [ 76.9033, 14.3228 ], [ 76.9073, 14.3232 ], [ 76.9259, 14.3149 ], [ 76.9451, 14.3126 ], [ 76.9564, 14.2945 ], [ 76.9367, 14.2804 ], [ 76.9279, 14.2794 ], [ 76.9247, 14.2741 ], [ 76.9358, 14.2591 ], [ 76.94, 14.2442 ], [ 76.9506, 14.243 ], [ 76.9609, 14.2449 ], [ 76.971, 14.2428 ], [ 76.9856, 14.2474 ], [ 77.0056, 14.2358 ], [ 77.005, 14.2307 ], [ 76.9989, 14.229 ], [ 77.0007, 14.2224 ], [ 77.0068, 14.219 ], [ 77.0059, 14.2074 ], [ 77.0024, 14.1985 ], [ 77.0156, 14.1937 ], [ 77.0241, 14.1868 ], [ 77.0224, 14.1773 ], [ 77.0049, 14.1842 ], [ 76.9946, 14.1786 ], [ 76.9813, 14.1787 ], [ 76.9678, 14.1831 ], [ 76.9626, 14.1819 ], [ 76.9585, 14.1838 ], [ 76.9575, 14.1886 ], [ 76.9467, 14.198 ], [ 76.9428, 14.1959 ], [ 76.9448, 14.1858 ], [ 76.9425, 14.1732 ], [ 76.9221, 14.1694 ], [ 76.9196, 14.1641 ], [ 76.9129, 14.1672 ], [ 76.8948, 14.1677 ], [ 76.8912, 14.1431 ], [ 76.8867, 14.1379 ], [ 76.8793, 14.1476 ], [ 76.8718, 14.1471 ], [ 76.8613, 14.1532 ], [ 76.8434, 14.1489 ], [ 76.833, 14.1502 ], [ 76.8271, 14.1528 ], [ 76.8222, 14.1605 ], [ 76.8139, 14.1609 ], [ 76.8105, 14.1677 ], [ 76.8032, 14.1662 ], [ 76.7883, 14.1558 ], [ 76.7899, 14.1503 ], [ 76.7855, 14.1413 ], [ 76.7839, 14.1294 ], [ 76.7864, 14.1125 ], [ 76.7809, 14.1078 ], [ 76.7717, 14.1084 ], [ 76.7647, 14.0999 ], [ 76.762, 14.0877 ], [ 76.7574, 14.0836 ], [ 76.7522, 14.0712 ], [ 76.7403, 14.0725 ], [ 76.7378, 14.0838 ], [ 76.74, 14.0859 ], [ 76.7382, 14.1182 ], [ 76.717, 14.1113 ], [ 76.7063, 14.1168 ], [ 76.6878, 14.1194 ], [ 76.6868, 14.1419 ], [ 76.663, 14.145 ], [ 76.6612, 14.1449 ], [ 76.6612, 14.1417 ], [ 76.642, 14.1419 ], [ 76.6415, 14.1521 ], [ 76.6365, 14.1594 ], [ 76.6419, 14.1788 ], [ 76.64, 14.1888 ], [ 76.6133, 14.1812 ], [ 76.6105, 14.1884 ], [ 76.6115, 14.1936 ], [ 76.6044, 14.2038 ], [ 76.5928, 14.2015 ], [ 76.5814, 14.2029 ], [ 76.5815, 14.2205 ], [ 76.5632, 14.223 ], [ 76.5676, 14.2319 ], [ 76.5674, 14.2445 ], [ 76.5461, 14.245 ], [ 76.5457, 14.2532 ], [ 76.5412, 14.2543 ], [ 76.5432, 14.2599 ], [ 76.5417, 14.2691 ], [ 76.5378, 14.2753 ], [ 76.5346, 14.2907 ], [ 76.5259, 14.2891 ], [ 76.5221, 14.2997 ], [ 76.5184, 14.2994 ], [ 76.5159, 14.3117 ], [ 76.526, 14.3146 ], [ 76.5239, 14.3175 ], [ 76.5261, 14.3184 ], [ 76.5247, 14.3236 ], [ 76.5365, 14.3224 ], [ 76.5398, 14.3242 ], [ 76.5358, 14.3449 ], [ 76.532, 14.3512 ], [ 76.5337, 14.3825 ], [ 76.4977, 14.3837 ], [ 76.4982, 14.3791 ], [ 76.4724, 14.369 ], [ 76.4629, 14.3708 ], [ 76.4553, 14.3886 ], [ 76.4701, 14.3953 ], [ 76.4699, 14.397 ], [ 76.4861, 14.403 ], [ 76.4887, 14.4019 ], [ 76.4887, 14.4054 ], [ 76.4954, 14.4115 ], [ 76.4925, 14.4233 ], [ 76.4874, 14.4318 ], [ 76.4675, 14.4343 ], [ 76.4633, 14.4399 ], [ 76.4552, 14.4699 ], [ 76.4611, 14.5049 ], [ 76.4723, 14.5022 ], [ 76.4844, 14.5049 ], [ 76.4939, 14.5116 ], [ 76.5082, 14.5163 ], [ 76.5137, 14.5231 ], [ 76.5221, 14.5242 ], [ 76.5339, 14.54 ], [ 76.5241, 14.5527 ], [ 76.5164, 14.5496 ], [ 76.5103, 14.5604 ], [ 76.5184, 14.5625 ], [ 76.535, 14.5615 ], [ 76.5352, 14.5656 ], [ 76.5415, 14.566 ], [ 76.5449, 14.5719 ], [ 76.5497, 14.5728 ], [ 76.5501, 14.5783 ], [ 76.5671, 14.5867 ], [ 76.5768, 14.6089 ], [ 76.5857, 14.6182 ], [ 76.6007, 14.6209 ], [ 76.6001, 14.6257 ], [ 76.6027, 14.6255 ], [ 76.6046, 14.62 ] ] ] } },
{ "type": "Feature", "properties": { "area_id": "KGIS-T-1303", "name_en": "Chitradurga", "name_kn": "ಚಿತ್ರದುರ್ಗ", "level": "block", "parent_id": "KGIS-D-13", "district_en": "Chitradurga", "lgd_code": "5505" }, "geometry": { "type": "Polygon", "coordinates": [ [ [ 76.1746, 14.4624 ], [ 76.2085, 14.4563 ], [ 76.2188, 14.4419 ], [ 76.2384, 14.4505 ], [ 76.2483, 14.4438 ], [ 76.2601, 14.4445 ], [ 76.264, 14.437 ], [ 76.2642, 14.4248 ], [ 76.2706, 14.4204 ], [ 76.2737, 14.4089 ], [ 76.2819, 14.4046 ], [ 76.2926, 14.4086 ], [ 76.3313, 14.4085 ], [ 76.3384, 14.415 ], [ 76.3379, 14.4193 ], [ 76.3492, 14.4164 ], [ 76.354, 14.4193 ], [ 76.3699, 14.4201 ], [ 76.3776, 14.4177 ], [ 76.3839, 14.4192 ], [ 76.3838, 14.4272 ], [ 76.3935, 14.4279 ], [ 76.3956, 14.4362 ], [ 76.4072, 14.4359 ], [ 76.4147, 14.4393 ], [ 76.424, 14.4381 ], [ 76.4239, 14.4495 ], [ 76.4371, 14.4473 ], [ 76.4601, 14.4503 ], [ 76.4675, 14.4343 ], [ 76.4874, 14.4318 ], [ 76.4925, 14.4233 ], [ 76.4954, 14.4115 ], [ 76.4887, 14.4054 ], [ 76.4887, 14.4019 ], [ 76.4861, 14.403 ], [ 76.4699, 14.397 ], [ 76.4701, 14.3953 ], [ 76.4553, 14.3886 ], [ 76.4629, 14.3708 ], [ 76.4724, 14.369 ], [ 76.4982, 14.3791 ], [ 76.4977, 14.3837 ], [ 76.5337, 14.3825 ], [ 76.532, 14.3512 ], [ 76.5358, 14.3449 ], [ 76.5398, 14.3242 ], [ 76.5365, 14.3224 ], [ 76.5248, 14.3237 ], [ 76.5261, 14.3184 ], [ 76.5239, 14.3175 ], [ 76.526, 14.3146 ], [ 76.5159, 14.3117 ], [ 76.5184, 14.2994 ], [ 76.5221, 14.2997 ], [ 76.5259, 14.2891 ], [ 76.5346, 14.2907 ], [ 76.5378, 14.2753 ], [ 76.5417, 14.2691 ], [ 76.5432, 14.2599 ], [ 76.5412, 14.2543 ], [ 76.5457, 14.2532 ], [ 76.5459, 14.2453 ], [ 76.5674, 14.2445 ], [ 76.5676, 14.2319 ], [ 76.5632, 14.223 ], [ 76.5815, 14.2205 ], [ 76.5804, 14.1983 ], [ 76.5819, 14.1989 ], [ 76.5824, 14.1962 ], [ 76.5792, 14.1927 ], [ 76.5768, 14.1791 ], [ 76.5766, 14.1594 ], [ 76.5715, 14.1567 ], [ 76.5667, 14.1482 ], [ 76.5147, 14.1484 ], [ 76.505, 14.1454 ], [ 76.5037, 14.1626 ], [ 76.4623, 14.162 ], [ 76.4505, 14.1587 ], [ 76.4482, 14.1405 ], [ 76.4394, 14.1293 ], [ 76.4354, 14.129 ], [ 76.4435, 14.0917 ], [ 76.4382, 14.0879 ], [ 76.4396, 14.0653 ], [ 76.4453, 14.0566 ], [ 76.4336, 14.0572 ], [ 76.417, 14.052 ], [ 76.4043, 14.0783 ], [ 76.3902, 14.0701 ], [ 76.3748, 14.0675 ], [ 76.3738, 14.07 ], [ 76.3522, 14.0776 ], [ 76.3463, 14.0735 ], [ 76.336, 14.0802 ], [ 76.3301, 14.0888 ], [ 76.3153, 14.0921 ], [ 76.3127, 14.1036 ], [ 76.3132, 14.1118 ], [ 76.3154, 14.1137 ], [ 76.3136, 14.1224 ], [ 76.3119, 14.1188 ], [ 76.3043, 14.1223 ], [ 76.2903, 14.1365 ], [ 76.2817, 14.1484 ], [ 76.2801, 14.1581 ], [ 76.2756, 14.1646 ], [ 76.2409, 14.1569 ], [ 76.2378, 14.1589 ], [ 76.2054, 14.1598 ], [ 76.2078, 14.1701 ], [ 76.2066, 14.1808 ], [ 76.2183, 14.2009 ], [ 76.2213, 14.2093 ], [ 76.2183, 14.2132 ], [ 76.2203, 14.2156 ], [ 76.2092, 14.2197 ], [ 76.2063, 14.218 ], [ 76.1974, 14.2309 ], [ 76.195, 14.2314 ], [ 76.1895, 14.2292 ], [ 76.1736, 14.2328 ], [ 76.1676, 14.224 ], [ 76.1612, 14.2353 ], [ 76.1531, 14.259 ], [ 76.15, 14.2568 ], [ 76.1347, 14.2559 ], [ 76.1349, 14.2618 ], [ 76.1304, 14.2688 ], [ 76.13, 14.2817 ], [ 76.1251, 14.2824 ], [ 76.1168, 14.2772 ], [ 76.1215, 14.2895 ], [ 76.1152, 14.301 ], [ 76.1097, 14.3019 ], [ 76.1059, 14.3089 ], [ 76.1097, 14.3174 ], [ 76.1167, 14.3236 ], [ 76.1468, 14.3213 ], [ 76.1537, 14.3182 ], [ 76.1572, 14.3211 ], [ 76.1589, 14.3295 ], [ 76.1556, 14.3584 ], [ 76.151, 14.3666 ], [ 76.1507, 14.3763 ], [ 76.1554, 14.3774 ], [ 76.1535, 14.397 ], [ 76.1486, 14.408 ], [ 76.1426, 14.4114 ], [ 76.1416, 14.4183 ], [ 76.1361, 14.427 ], [ 76.1643, 14.4458 ], [ 76.1737, 14.4479 ], [ 76.1727, 14.4601 ], [ 76.1746, 14.4624 ] ] ] } },
{ "type": "Feature", "properties": { "area_id": "KGIS-T-1304", "name_en": "Holalkere", "name_kn": "ಹೊಳಲ್ಕೆರೆ", "level": "block", "parent_id": "KGIS-D-13", "district_en": "Chitradurga", "lgd_code": "5506" }, "geometry": { "type": "Polygon", "coordinates": [ [ [ 76.1531, 14.259 ], [ 76.1612, 14.2353 ], [ 76.1676, 14.224 ], [ 76.1736, 14.2328 ], [ 76.1895, 14.2292 ], [ 76.195, 14.2314 ], [ 76.1974, 14.2309 ], [ 76.2063, 14.218 ], [ 76.2092, 14.2197 ], [ 76.2203, 14.2156 ], [ 76.2183, 14.2132 ], [ 76.2213, 14.2093 ], [ 76.2183, 14.2009 ], [ 76.2066, 14.1808 ], [ 76.2078, 14.1701 ], [ 76.2054, 14.1598 ], [ 76.2378, 14.1589 ], [ 76.2409, 14.1569 ], [ 76.2756, 14.1646 ], [ 76.2801, 14.1581 ], [ 76.2817, 14.1484 ], [ 76.2903, 14.1365 ], [ 76.3043, 14.1223 ], [ 76.3119, 14.1188 ], [ 76.3136, 14.1224 ], [ 76.3154, 14.1137 ], [ 76.3132, 14.1118 ], [ 76.3127, 14.1036 ], [ 76.3153, 14.0921 ], [ 76.3301, 14.0888 ], [ 76.336, 14.0802 ], [ 76.3463, 14.0735 ], [ 76.3522, 14.0776 ], [ 76.3738, 14.07 ], [ 76.3748, 14.0675 ], [ 76.3902, 14.0701 ], [ 76.4043, 14.0783 ], [ 76.417, 14.052 ], [ 76.4336, 14.0572 ], [ 76.4453, 14.0566 ], [ 76.4509, 14.0529 ], [ 76.4612, 14.0582 ], [ 76.4767, 14.0341 ], [ 76.4677, 14.0297 ], [ 76.4623, 14.0318 ], [ 76.4596, 14.0289 ], [ 76.46, 14.0193 ], [ 76.455, 13.9962 ], [ 76.4363, 14.0076 ], [ 76.4233, 13.9998 ], [ 76.4173, 13.9892 ], [ 76.4249, 13.9771 ], [ 76.4247, 13.9664 ], [ 76.4165, 13.9537 ], [ 76.4131, 13.9565 ], [ 76.4031, 13.955 ], [ 76.3987, 13.9593 ], [ 76.3733, 13.9551 ], [ 76.3739, 13.9581 ], [ 76.3696, 13.9644 ], [ 76.3707, 13.9711 ], [ 76.3645, 13.9749 ], [ 76.3647, 13.9812 ], [ 76.3601, 13.9861 ], [ 76.3361, 13.9844 ], [ 76.3188, 13.9809 ], [ 76.3263, 13.9599 ], [ 76.3001, 13.9563 ], [ 76.3005, 13.9456 ], [ 76.2902, 13.9415 ], [ 76.289, 13.9312 ], [ 76.279, 13.9288 ], [ 76.2769, 13.9375 ], [ 76.2738, 13.9399 ], [ 76.2752, 13.9463 ], [ 76.273, 13.9567 ], [ 76.2699, 13.9564 ], [ 76.2684, 13.9612 ], [ 76.2662, 13.9561 ], [ 76.2621, 13.956 ], [ 76.2577, 13.9638 ], [ 76.2695, 13.9799 ], [ 76.264, 13.9956 ], [ 76.2286, 13.9867 ], [ 76.2366, 13.9622 ], [ 76.2448, 13.9541 ], [ 76.235, 13.948 ], [ 76.2356, 13.9394 ], [ 76.2407, 13.9314 ], [ 76.2338, 13.9333 ], [ 76.2199, 13.9259 ], [ 76.2132, 13.9249 ], [ 76.2136, 13.9153 ], [ 76.2088, 13.9144 ], [ 76.2065, 13.9108 ], [ 76.1966, 13.9116 ], [ 76.1898, 13.9161 ], [ 76.19, 13.9181 ], [ 76.1861, 13.9188 ], [ 76.1814, 13.9152 ], [ 76.1806, 13.9085 ], [ 76.1782, 13.9088 ], [ 76.1728, 13.8971 ], [ 76.1754, 13.8896 ], [ 76.1756, 13.8766 ], [ 76.1488, 13.8722 ], [ 76.1501, 13.8651 ], [ 76.1368, 13.8636 ], [ 76.136, 13.8667 ], [ 76.1326, 13.8626 ], [ 76.1016, 13.8586 ], [ 76.0996, 13.8643 ], [ 76.0911, 13.867 ], [ 76.0874, 13.874 ], [ 76.0764, 13.8793 ], [ 76.0537, 13.8795 ], [ 76.0539, 13.8924 ], [ 76.0492, 13.8959 ], [ 76.0511, 13.8976 ], [ 76.0285, 13.8988 ], [ 76.0293, 13.9204 ], [ 76.0324, 13.9218 ], [ 76.0448, 13.942 ], [ 76.066, 13.9414 ], [ 76.0689, 13.9479 ], [ 76.0692, 13.9676 ], [ 76.0724, 13.9821 ], [ 76.0511, 13.9788 ], [ 76.0498, 13.9835 ], [ 76.0472, 13.9825 ], [ 76.0436, 13.9873 ], [ 76.0459, 14.0132 ], [ 76.048, 14.0126 ], [ 76.0511, 14.03 ], [ 76.0485, 14.0449 ], [ 76.0557, 14.0726 ], [ 76.0536, 14.0818 ], [ 76.0548, 14.0892 ], [ 76.0477, 14.0972 ], [ 76.034, 14.0908 ], [ 76.0327, 14.0955 ], [ 76.0349, 14.0998 ], [ 76.0254, 14.1003 ], [ 76.0251, 14.1131 ], [ 76.0279, 14.1197 ], [ 76.0332, 14.1202 ], [ 76.0327, 14.1344 ], [ 76.0357, 14.1356 ], [ 76.0402, 14.1433 ], [ 76.0466, 14.1452 ], [ 76.0457, 14.1554 ], [ 76.0638, 14.16 ], [ 76.0662, 14.1815 ], [ 76.0573, 14.1813 ], [ 76.0565, 14.1915 ], [ 76.058, 14.2027 ], [ 76.0659, 14.2064 ], [ 76.0608, 14.2223 ], [ 76.0725, 14.2266 ], [ 76.0798, 14.2471 ], [ 76.117, 14.2513 ], [ 76.1302, 14.2554 ], [ 76.15, 14.2568 ], [ 76.1531, 14.259 ] ] ] } },
{ "type": "Feature", "properties": { "area_id": "KGIS-T-1305", "name_en": "Hosadurga", "name_kn": "ಹೊಸದುರ್ಗ", "level": "block", "parent_id": "KGIS-D-13", "district_en": "Chitradurga", "lgd_code": "5507" }, "geometry": { "type": "Polygon", "coordinates": [ [ [ 76.4781, 13.9594 ], [ 76.4854, 13.951 ], [ 76.4666, 13.9472 ], [ 76.4659, 13.9337 ], [ 76.4914, 13.8862 ], [ 76.4892, 13.8755 ], [ 76.5031, 13.8439 ], [ 76.5066, 13.8122 ], [ 76.5133, 13.799 ], [ 76.5137, 13.7625 ], [ 76.5249, 13.738 ], [ 76.5531, 13.6926 ], [ 76.5601, 13.6881 ], [ 76.5611, 13.6839 ], [ 76.5533, 13.6813 ], [ 76.5399, 13.6632 ], [ 76.5324, 13.6684 ], [ 76.5291, 13.6671 ], [ 76.5294, 13.6605 ], [ 76.5343, 13.6502 ], [ 76.5273, 13.6481 ], [ 76.5181, 13.6411 ], [ 76.5167, 13.634 ], [ 76.497, 13.6285 ], [ 76.4998, 13.6228 ], [ 76.4611, 13.6202 ], [ 76.4556, 13.6128 ], [ 76.456, 13.6046 ], [ 76.4603, 13.6005 ], [ 76.4554, 13.5954 ], [ 76.4545, 13.5909 ], [ 76.4395, 13.5941 ], [ 76.4317, 13.5931 ], [ 76.4278, 13.5908 ], [ 76.4241, 13.5809 ], [ 76.4128, 13.5784 ], [ 76.4094, 13.5801 ], [ 76.4048, 13.5909 ], [ 76.3981, 13.5946 ], [ 76.3979, 13.591 ], [ 76.3923, 13.5907 ], [ 76.3815, 13.5775 ], [ 76.3788, 13.5891 ], [ 76.3731, 13.5922 ], [ 76.3467, 13.5762 ], [ 76.3399, 13.5784 ], [ 76.3332, 13.5957 ], [ 76.3066, 13.5913 ], [ 76.3043, 13.5889 ], [ 76.2924, 13.5904 ], [ 76.2933, 13.5938 ], [ 76.2906, 13.596 ], [ 76.2879, 13.595 ], [ 76.2868, 13.5997 ], [ 76.282, 13.6013 ], [ 76.2826, 13.6061 ], [ 76.2773, 13.6078 ], [ 76.2764, 13.6037 ], [ 76.2729, 13.6065 ], [ 76.2762, 13.6118 ], [ 76.2755, 13.6221 ], [ 76.2795, 13.6237 ], [ 76.2799, 13.6362 ], [ 76.2832, 13.6381 ], [ 76.287, 13.6474 ], [ 76.2632, 13.649 ], [ 76.2628, 13.6528 ], [ 76.2542, 13.6626 ], [ 76.2418, 13.6676 ], [ 76.2393, 13.6734 ], [ 76.2313, 13.6813 ], [ 76.227, 13.6799 ], [ 76.2213, 13.6826 ], [ 76.2196, 13.7103 ], [ 76.1945, 13.712 ], [ 76.1798, 13.7164 ], [ 76.1716, 13.7197 ], [ 76.1697, 13.7281 ], [ 76.149, 13.7325 ], [ 76.1478, 13.7511 ], [ 76.1335, 13.7853 ], [ 76.1295, 13.8146 ], [ 76.1157, 13.8124 ], [ 76.1039, 13.8379 ], [ 76.1017, 13.8586 ], [ 76.1326, 13.8626 ], [ 76.136, 13.8667 ], [ 76.1368, 13.8636 ], [ 76.1501, 13.8651 ], [ 76.1488, 13.8722 ], [ 76.1756, 13.8766 ], [ 76.1754, 13.8896 ], [ 76.1728, 13.8971 ], [ 76.1782, 13.9088 ], [ 76.1806, 13.9085 ], [ 76.1814, 13.9152 ], [ 76.1861, 13.9188 ], [ 76.19, 13.9181 ], [ 76.1898, 13.9161 ], [ 76.1966, 13.9116 ], [ 76.2065, 13.9108 ], [ 76.2088, 13.9144 ], [ 76.2136, 13.9153 ], [ 76.2132, 13.9249 ], [ 76.2199, 13.9259 ], [ 76.2338, 13.9333 ], [ 76.2407, 13.9314 ], [ 76.2356, 13.9394 ], [ 76.235, 13.948 ], [ 76.2448, 13.9541 ], [ 76.2366, 13.9622 ], [ 76.2286, 13.9867 ], [ 76.2442, 13.9918 ], [ 76.264, 13.9956 ], [ 76.2695, 13.9799 ], [ 76.2577, 13.9638 ], [ 76.2621, 13.956 ], [ 76.2662, 13.9561 ], [ 76.2684, 13.9612 ], [ 76.2699, 13.9564 ], [ 76.273, 13.9567 ], [ 76.2752, 13.9463 ], [ 76.2738, 13.9399 ], [ 76.2769, 13.9375 ], [ 76.279, 13.9288 ], [ 76.289, 13.9312 ], [ 76.2902, 13.9415 ], [ 76.3005, 13.9456 ], [ 76.3001, 13.9563 ], [ 76.3263, 13.9599 ], [ 76.3188, 13.9809 ], [ 76.3361, 13.9844 ], [ 76.3601, 13.9861 ], [ 76.3647, 13.9812 ], [ 76.3645, 13.9749 ], [ 76.3707, 13.9711 ], [ 76.3696, 13.9644 ], [ 76.3739, 13.9581 ], [ 76.3733, 13.9551 ], [ 76.3987, 13.9593 ], [ 76.4031, 13.955 ], [ 76.4131, 13.9565 ], [ 76.4165, 13.9537 ], [ 76.4247, 13.9664 ], [ 76.4249, 13.9771 ], [ 76.4173, 13.9892 ], [ 76.4233, 13.9998 ], [ 76.4363, 14.0076 ], [ 76.4539, 13.9965 ], [ 76.4634, 13.9948 ], [ 76.4751, 13.9774 ], [ 76.4781, 13.9594 ] ] ] } },
{ "type": "Feature", "properties": { "area_id": "KGIS-T-1306", "name_en": "Hiriyur", "name_kn": "ಹಿರಿಯೂರು", "level": "block", "parent_id": "KGIS-D-13", "district_en": "Chitradurga", "lgd_code": "5508" }, "geometry": { "type": "Polygon", "coordinates": [ [ [ 76.6051, 14.2026 ], [ 76.6115, 14.1936 ], [ 76.6105, 14.1884 ], [ 76.6133, 14.1812 ], [ 76.64, 14.1888 ], [ 76.6419, 14.1788 ], [ 76.6365, 14.1594 ], [ 76.6415, 14.1521 ], [ 76.642, 14.1419 ], [ 76.6612, 14.1417 ], [ 76.6612, 14.1449 ], [ 76.663, 14.145 ], [ 76.6868, 14.1419 ], [ 76.6878, 14.1194 ], [ 76.7063, 14.1168 ], [ 76.717, 14.1113 ], [ 76.7382, 14.1182 ], [ 76.74, 14.0859 ], [ 76.7378, 14.0838 ], [ 76.7403, 14.0725 ], [ 76.7526, 14.0712 ], [ 76.7574, 14.0836 ], [ 76.762, 14.0877 ], [ 76.7647, 14.0999 ], [ 76.7737, 14.1094 ], [ 76.7809, 14.1078 ], [ 76.7852, 14.1107 ], [ 76.7839, 14.1294 ], [ 76.7855, 14.1413 ], [ 76.7899, 14.1503 ], [ 76.7883, 14.1558 ], [ 76.801, 14.1651 ], [ 76.8089, 14.1677 ], [ 76.8139, 14.1609 ], [ 76.8222, 14.1605 ], [ 76.8271, 14.1528 ], [ 76.833, 14.1502 ], [ 76.8434, 14.1489 ], [ 76.8613, 14.1532 ], [ 76.8718, 14.1471 ], [ 76.8823, 14.1458 ], [ 76.8846, 14.1388 ], [ 76.8887, 14.1359 ], [ 76.904, 14.1338 ], [ 76.9151, 14.1282 ], [ 76.9252, 14.1364 ], [ 76.9357, 14.1288 ], [ 76.9363, 14.1243 ], [ 76.9442, 14.1204 ], [ 76.9468, 14.1122 ], [ 76.9554, 14.0992 ], [ 76.9508, 14.0923 ], [ 76.9427, 14.0892 ], [ 76.9278, 14.0771 ], [ 76.923, 14.0566 ], [ 76.9097, 14.0637 ], [ 76.8868, 14.0464 ], [ 76.8868, 14.039 ], [ 76.8798, 14.0185 ], [ 76.8761, 14.0191 ], [ 76.8728, 14.0098 ], [ 76.8569, 14.016 ], [ 76.8367, 14.0179 ], [ 76.8333, 14.0032 ], [ 76.8221, 14.0006 ], [ 76.8233, 13.9938 ], [ 76.849, 13.9807 ], [ 76.8494, 13.9653 ], [ 76.8223, 13.9505 ], [ 76.8195, 13.9369 ], [ 76.8141, 13.9364 ], [ 76.8148, 13.9155 ], [ 76.8016, 13.9161 ], [ 76.7793, 13.9244 ], [ 76.764, 13.9246 ], [ 76.7621, 13.9213 ], [ 76.752, 13.9195 ], [ 76.7497, 13.916 ], [ 76.7527, 13.907 ], [ 76.7227, 13.8986 ], [ 76.7211, 13.8951 ], [ 76.7228, 13.8904 ], [ 76.7288, 13.8814 ], [ 76.7311, 13.8813 ], [ 76.7365, 13.8686 ], [ 76.7489, 13.8541 ], [ 76.7527, 13.8548 ], [ 76.7514, 13.8509 ], [ 76.7618, 13.8355 ], [ 76.7689, 13.8372 ], [ 76.7638, 13.8216 ], [ 76.7695, 13.7963 ], [ 76.7646, 13.7823 ], [ 76.7596, 13.7815 ], [ 76.7305, 13.7841 ], [ 76.7272, 13.7922 ], [ 76.728, 13.7969 ], [ 76.7241, 13.7998 ], [ 76.7177, 13.796 ], [ 76.7149, 13.7857 ], [ 76.7074, 13.7806 ], [ 76.7056, 13.7753 ], [ 76.7006, 13.7739 ], [ 76.6976, 13.7701 ], [ 76.6971, 13.7654 ], [ 76.6945, 13.7633 ], [ 76.6978, 13.7604 ], [ 76.6958, 13.7549 ], [ 76.6908, 13.7518 ], [ 76.6874, 13.7456 ], [ 76.6842, 13.7306 ], [ 76.6892, 13.7288 ], [ 76.6915, 13.7306 ], [ 76.692, 13.6968 ], [ 76.6841, 13.7028 ], [ 76.6777, 13.6999 ], [ 76.6723, 13.7054 ], [ 76.6733, 13.7181 ], [ 76.6634, 13.7213 ], [ 76.6315, 13.7135 ], [ 76.6249, 13.7252 ], [ 76.6245, 13.7339 ], [ 76.6208, 13.7344 ], [ 76.6087, 13.7234 ], [ 76.6, 13.725 ], [ 76.5965, 13.7205 ], [ 76.5771, 13.7147 ], [ 76.5712, 13.7083 ], [ 76.5773, 13.6903 ], [ 76.5739, 13.6869 ], [ 76.569, 13.6894 ], [ 76.5648, 13.6845 ], [ 76.5611, 13.6839 ], [ 76.5601, 13.6881 ], [ 76.5531, 13.6926 ], [ 76.5249, 13.738 ], [ 76.5137, 13.7625 ], [ 76.5133, 13.799 ], [ 76.5066, 13.8122 ], [ 76.5031, 13.8439 ], [ 76.4892, 13.8755 ], [ 76.4914, 13.8862 ], [ 76.4659, 13.9337 ], [ 76.4666, 13.9472 ], [ 76.4854, 13.951 ], [ 76.4781, 13.9594 ], [ 76.4751, 13.9774 ], [ 76.4701, 13.9854 ], [ 76.4634, 13.9948 ], [ 76.455, 13.9962 ], [ 76.46, 14.0193 ], [ 76.4596, 14.0289 ], [ 76.4623, 14.0318 ], [ 76.4677, 14.0297 ], [ 76.4767, 14.0341 ], [ 76.4612, 14.0582 ], [ 76.4494, 14.0531 ], [ 76.4429, 14.0577 ], [ 76.4396, 14.0653 ], [ 76.4382, 14.0879 ], [ 76.4435, 14.0917 ], [ 76.4354, 14.129 ], [ 76.4394, 14.1293 ], [ 76.4482, 14.1405 ], [ 76.4505, 14.1587 ], [ 76.4623, 14.162 ], [ 76.5037, 14.1626 ], [ 76.505, 14.1454 ], [ 76.5147, 14.1484 ], [ 76.5667, 14.1482 ], [ 76.5715, 14.1567 ], [ 76.5766, 14.1594 ], [ 76.5768, 14.1789 ], [ 76.5792, 14.1927 ], [ 76.5824, 14.1962 ], [ 76.5819, 14.1989 ], [ 76.5804, 14.1983 ], [ 76.5813, 14.2029 ], [ 76.6051, 14.2026 ] ] ] } },
{ "type": "Feature", "properties": { "area_id": "KGIS-T-1401", "name_en": "Harihar", "name_kn": "ಹರಿಹರ", "level": "block", "parent_id": "KGIS-D-14", "district_en": "Davanagere", "lgd_code": "5509" }, "geometry": { "type": "Polygon", "coordinates": [ [ [ 75.8171, 14.636 ], [ 75.8231, 14.6318 ], [ 75.8337, 14.6359 ], [ 75.8357, 14.6337 ], [ 75.8365, 14.6273 ], [ 75.8298, 14.6128 ], [ 75.8322, 14.6073 ], [ 75.8381, 14.6083 ], [ 75.8417, 14.6046 ], [ 75.8478, 14.6087 ], [ 75.8548, 14.6072 ], [ 75.8581, 14.6083 ], [ 75.8599, 14.6139 ], [ 75.8661, 14.6162 ], [ 75.8683, 14.5937 ], [ 75.8847, 14.5897 ], [ 75.8944, 14.579 ], [ 75.9064, 14.5733 ], [ 75.9088, 14.5742 ], [ 75.911, 14.5712 ], [ 75.9101, 14.5562 ], [ 75.9017, 14.5574 ], [ 75.897, 14.5554 ], [ 75.8909, 14.5506 ], [ 75.8911, 14.542 ], [ 75.8691, 14.546 ], [ 75.8349, 14.5374 ], [ 75.8385, 14.5184 ], [ 75.8415, 14.5158 ], [ 75.8625, 14.514 ], [ 75.866, 14.5065 ], [ 75.8773, 14.4977 ], [ 75.8317, 14.5007 ], [ 75.8299, 14.4875 ], [ 75.816, 14.488 ], [ 75.8153, 14.473 ], [ 75.8213, 14.4623 ], [ 75.8345, 14.4593 ], [ 75.8435, 14.4482 ], [ 75.8651, 14.4351 ], [ 75.8768, 14.4378 ], [ 75.8878, 14.4285 ], [ 75.8837, 14.4297 ], [ 75.8818, 14.4255 ], [ 75.8842, 14.4244 ], [ 75.8811, 14.4209 ], [ 75.8813, 14.4133 ], [ 75.8679, 14.4175 ], [ 75.8669, 14.4199 ], [ 75.8467, 14.4161 ], [ 75.8431, 14.3879 ], [ 75.8359, 14.3865 ], [ 75.8278, 14.3908 ], [ 75.8315, 14.3836 ], [ 75.8261, 14.3765 ], [ 75.8298, 14.3724 ], [ 75.8256, 14.3677 ], [ 75.8288, 14.3636 ], [ 75.8311, 14.3658 ], [ 75.8303, 14.3638 ], [ 75.8346, 14.3588 ], [ 75.8348, 14.3534 ], [ 75.8299, 14.3515 ], [ 75.829, 14.3466 ], [ 75.8326, 14.3429 ], [ 75.8328, 14.3367 ], [ 75.8235, 14.3362 ], [ 75.8135, 14.3431 ], [ 75.8042, 14.3435 ], [ 75.795, 14.3521 ], [ 75.7912, 14.3325 ], [ 75.7917, 14.323 ], [ 75.7749, 14.325 ], [ 75.7749, 14.3227 ], [ 75.7692, 14.3193 ], [ 75.7678, 14.3134 ], [ 75.7591, 14.3127 ], [ 75.7551, 14.2995 ], [ 75.7513, 14.2966 ], [ 75.7315, 14.2952 ], [ 75.7239, 14.2925 ], [ 75.7316, 14.3039 ], [ 75.7305, 14.3073 ], [ 75.7189, 14.305 ], [ 75.6928, 14.3466 ], [ 75.6661, 14.3545 ], [ 75.6495, 14.3623 ], [ 75.6242, 14.3603 ], [ 75.6363, 14.3938 ], [ 75.644, 14.4312 ], [ 75.6342, 14.4329 ], [ 75.6375, 14.4417 ], [ 75.6307, 14.4459 ], [ 75.632, 14.4518 ], [ 75.6366, 14.4665 ], [ 75.6536, 14.4635 ], [ 75.6583, 14.4594 ], [ 75.6611, 14.4605 ], [ 75.6597, 14.4552 ], [ 75.6621, 14.4515 ], [ 75.674, 14.4654 ], [ 75.6868, 14.4913 ], [ 75.6995, 14.4927 ], [ 75.7085, 14.4751 ], [ 75.7148, 14.4729 ], [ 75.7229, 14.4776 ], [ 75.7351, 14.495 ], [ 75.7506, 14.5107 ], [ 75.7578, 14.5148 ], [ 75.7728, 14.5185 ], [ 75.7929, 14.5104 ], [ 75.7992, 14.5124 ], [ 75.7974, 14.5315 ], [ 75.7999, 14.5427 ], [ 75.8127, 14.555 ], [ 75.8196, 14.5657 ], [ 75.8188, 14.5722 ], [ 75.8061, 14.5937 ], [ 75.8042, 14.6014 ], [ 75.8094, 14.619 ], [ 75.8067, 14.6196 ], [ 75.8077, 14.636 ], [ 75.8171, 14.636 ] ] ] } },
{ "type": "Feature", "properties": { "area_id": "KGIS-T-1403", "name_en": "Jagaluru", "name_kn": "ಜಗಳೂರು", "level": "block", "parent_id": "KGIS-D-14", "district_en": "Davanagere", "lgd_code": "5511" }, "geometry": { "type": "Polygon", "coordinates": [ [ [ 76.1454, 14.7052 ], [ 76.1612, 14.7008 ], [ 76.161, 14.7032 ], [ 76.1671, 14.7008 ], [ 76.175, 14.703 ], [ 76.1936, 14.6977 ], [ 76.1935, 14.6814 ], [ 76.2051, 14.6772 ], [ 76.2208, 14.6577 ], [ 76.2305, 14.6492 ], [ 76.2394, 14.679 ], [ 76.2499, 14.6986 ], [ 76.2568, 14.701 ], [ 76.2577, 14.6962 ], [ 76.2719, 14.6957 ], [ 76.2734, 14.6882 ], [ 76.2794, 14.6851 ], [ 76.2904, 14.6855 ], [ 76.3013, 14.6899 ], [ 76.3119, 14.6873 ], [ 76.3147, 14.692 ], [ 76.3192, 14.6926 ], [ 76.334, 14.6882 ], [ 76.3379, 14.6859 ], [ 76.3428, 14.6657 ], [ 76.3797, 14.662 ], [ 76.3755, 14.6553 ], [ 76.3751, 14.6463 ], [ 76.3902, 14.6483 ], [ 76.3937, 14.6268 ], [ 76.4012, 14.6275 ], [ 76.4028, 14.6238 ], [ 76.417, 14.6224 ], [ 76.4214, 14.6247 ], [ 76.4329, 14.618 ], [ 76.4298, 14.5936 ], [ 76.4276, 14.5878 ], [ 76.4254, 14.5881 ], [ 76.4237, 14.5809 ], [ 76.4454, 14.5797 ], [ 76.5053, 14.5657 ], [ 76.5164, 14.5496 ], [ 76.5241, 14.5527 ], [ 76.5339, 14.54 ], [ 76.5221, 14.5242 ], [ 76.5137, 14.5231 ], [ 76.5082, 14.5163 ], [ 76.4939, 14.5116 ], [ 76.4844, 14.5049 ], [ 76.4723, 14.5022 ], [ 76.4611, 14.5049 ], [ 76.4552, 14.4699 ], [ 76.4599, 14.4503 ], [ 76.4371, 14.4473 ], [ 76.4239, 14.4495 ], [ 76.424, 14.4381 ], [ 76.4147, 14.4393 ], [ 76.4072, 14.4359 ], [ 76.3956, 14.4362 ], [ 76.3935, 14.4279 ], [ 76.3838, 14.4272 ], [ 76.3839, 14.4192 ], [ 76.3776, 14.4177 ], [ 76.3699, 14.4201 ], [ 76.354, 14.4193 ], [ 76.3492, 14.4164 ], [ 76.3379, 14.4193 ], [ 76.3384, 14.415 ], [ 76.3313, 14.4085 ], [ 76.2926, 14.4086 ], [ 76.2819, 14.4046 ], [ 76.2737, 14.4089 ], [ 76.2706, 14.4204 ], [ 76.2642, 14.4248 ], [ 76.264, 14.437 ], [ 76.2601, 14.4445 ], [ 76.2483, 14.4438 ], [ 76.2384, 14.4505 ], [ 76.2188, 14.4419 ], [ 76.2068, 14.4571 ], [ 76.1746, 14.4624 ], [ 76.1727, 14.4601 ], [ 76.1737, 14.4479 ], [ 76.1643, 14.4458 ], [ 76.1367, 14.4261 ], [ 76.1296, 14.4305 ], [ 76.1266, 14.4354 ], [ 76.1216, 14.4619 ], [ 76.1283, 14.4705 ], [ 76.1272, 14.4811 ], [ 76.1348, 14.4853 ], [ 76.1385, 14.5081 ], [ 76.1376, 14.5108 ], [ 76.1304, 14.5147 ], [ 76.1279, 14.5207 ], [ 76.1301, 14.5213 ], [ 76.1307, 14.5265 ], [ 76.1285, 14.5285 ], [ 76.1305, 14.5322 ], [ 76.1285, 14.5355 ], [ 76.1336, 14.5402 ], [ 76.1238, 14.5595 ], [ 76.1202, 14.5624 ], [ 76.1144, 14.5619 ], [ 76.1153, 14.5681 ], [ 76.1274, 14.5756 ], [ 76.129, 14.5834 ], [ 76.1315, 14.5855 ], [ 76.1313, 14.5944 ], [ 76.1412, 14.602 ], [ 76.1394, 14.6053 ], [ 76.1401, 14.6143 ], [ 76.1461, 14.6149 ], [ 76.1445, 14.6246 ], [ 76.1413, 14.6258 ], [ 76.1423, 14.628 ], [ 76.1312, 14.6304 ], [ 76.1294, 14.6494 ], [ 76.1227, 14.6504 ], [ 76.1188, 14.653 ], [ 76.1191, 14.6565 ], [ 76.1078, 14.6612 ], [ 76.1086, 14.6713 ], [ 76.1139, 14.683 ], [ 76.1095, 14.6865 ], [ 76.1137, 14.69 ], [ 76.1146, 14.695 ], [ 76.1212, 14.6999 ], [ 76.1273, 14.7013 ], [ 76.1294, 14.6994 ], [ 76.1404, 14.7029 ], [ 76.1377, 14.7002 ], [ 76.1395, 14.6986 ], [ 76.1454, 14.7052 ] ] ] } },
{ "type": "Feature", "properties": { "area_id": "KGIS-T-1404", "name_en": "Davanagere", "name_kn": "ದಾವಣಗೆರೆ", "level": "block", "parent_id": "KGIS-D-14", "district_en": "Davanagere", "lgd_code": "5512" }, "geometry": { "type": "Polygon", "coordinates": [ [ [ 75.9229, 14.5636 ], [ 75.9393, 14.5604 ], [ 75.9421, 14.5518 ], [ 75.9419, 14.542 ], [ 75.9446, 14.5407 ], [ 75.9447, 14.5326 ], [ 75.9479, 14.5275 ], [ 75.9468, 14.5238 ], [ 75.9545, 14.5214 ], [ 76.0061, 14.5176 ], [ 76.0277, 14.5244 ], [ 76.0296, 14.5214 ], [ 76.0371, 14.5212 ], [ 76.0489, 14.5145 ], [ 76.0527, 14.5055 ], [ 76.0669, 14.5112 ], [ 76.0883, 14.5152 ], [ 76.0883, 14.5181 ], [ 76.0972, 14.5236 ], [ 76.1305, 14.527 ], [ 76.1301, 14.5213 ], [ 76.1279, 14.5207 ], [ 76.13, 14.5155 ], [ 76.1385, 14.5087 ], [ 76.1348, 14.4853 ], [ 76.1272, 14.4811 ], [ 76.1283, 14.4705 ], [ 76.1216, 14.4619 ], [ 76.1238, 14.443 ], [ 76.1296, 14.4305 ], [ 76.1402, 14.4211 ], [ 76.1426, 14.4114 ], [ 76.1486, 14.408 ], [ 76.1535, 14.397 ], [ 76.1554, 14.3774 ], [ 76.1507, 14.3763 ], [ 76.151, 14.3666 ], [ 76.1556, 14.3584 ], [ 76.1589, 14.3295 ], [ 76.1572, 14.3211 ], [ 76.1537, 14.3182 ], [ 76.1468, 14.3213 ], [ 76.1167, 14.3236 ], [ 76.1097, 14.3174 ], [ 76.1059, 14.3089 ], [ 76.1097, 14.3019 ], [ 76.1152, 14.301 ], [ 76.1215, 14.2895 ], [ 76.1168, 14.2772 ], [ 76.1251, 14.2824 ], [ 76.13, 14.2817 ], [ 76.1304, 14.2688 ], [ 76.1349, 14.2618 ], [ 76.1346, 14.2561 ], [ 76.118, 14.2515 ], [ 76.0798, 14.2471 ], [ 76.0725, 14.2266 ], [ 76.061, 14.2224 ], [ 76.0543, 14.2248 ], [ 76.0537, 14.2413 ], [ 76.0405, 14.2399 ], [ 76.0375, 14.2434 ], [ 76.0305, 14.2444 ], [ 76.0307, 14.246 ], [ 76.0199, 14.2454 ], [ 76.0174, 14.2492 ], [ 76.0137, 14.248 ], [ 76.0089, 14.2592 ], [ 75.982, 14.2585 ], [ 75.9745, 14.2396 ], [ 75.9677, 14.2356 ], [ 75.9607, 14.235 ], [ 75.9461, 14.2462 ], [ 75.9426, 14.2423 ], [ 75.9354, 14.2428 ], [ 75.9343, 14.2471 ], [ 75.9297, 14.2507 ], [ 75.9189, 14.2515 ], [ 75.914, 14.256 ], [ 75.9063, 14.2735 ], [ 75.8954, 14.2736 ], [ 75.8892, 14.2705 ], [ 75.8793, 14.2749 ], [ 75.8751, 14.2854 ], [ 75.878, 14.32 ], [ 75.8696, 14.3252 ], [ 75.845, 14.3223 ], [ 75.8448, 14.3293 ], [ 75.8418, 14.3318 ], [ 75.8386, 14.3306 ], [ 75.8374, 14.3331 ], [ 75.8398, 14.3333 ], [ 75.8398, 14.3366 ], [ 75.8331, 14.3381 ], [ 75.8326, 14.3429 ], [ 75.829, 14.3466 ], [ 75.8299, 14.3515 ], [ 75.8348, 14.3534 ], [ 75.8346, 14.3588 ], [ 75.8303, 14.3638 ], [ 75.8311, 14.3658 ], [ 75.8288, 14.3636 ], [ 75.8256, 14.3677 ], [ 75.8298, 14.3724 ], [ 75.8261, 14.3765 ], [ 75.8315, 14.3836 ], [ 75.8278, 14.3908 ], [ 75.8359, 14.3865 ], [ 75.8431, 14.3879 ], [ 75.8467, 14.4161 ], [ 75.8669, 14.4199 ], [ 75.8679, 14.4175 ], [ 75.8813, 14.4133 ], [ 75.8811, 14.4209 ], [ 75.8842, 14.4244 ], [ 75.8818, 14.4255 ], [ 75.8837, 14.4297 ], [ 75.8878, 14.4285 ], [ 75.8775, 14.4376 ], [ 75.8651, 14.4351 ], [ 75.8435, 14.4482 ], [ 75.8345, 14.4593 ], [ 75.8213, 14.4623 ], [ 75.8153, 14.473 ], [ 75.816, 14.488 ], [ 75.8299, 14.4875 ], [ 75.8317, 14.5007 ], [ 75.8773, 14.4977 ], [ 75.866, 14.5065 ], [ 75.8625, 14.514 ], [ 75.8415, 14.5158 ], [ 75.8385, 14.5184 ], [ 75.8349, 14.5374 ], [ 75.8691, 14.546 ], [ 75.8911, 14.542 ], [ 75.8909, 14.5506 ], [ 75.897, 14.5554 ], [ 75.9017, 14.5574 ], [ 75.9101, 14.5562 ], [ 75.9102, 14.5629 ], [ 75.9229, 14.5636 ] ] ] } },
{ "type": "Feature", "properties": { "area_id": "KGIS-T-1405", "name_en": "Honnali", "name_kn": "ಹೊನ್ನಾಳಿ", "level": "block", "parent_id": "KGIS-D-14", "district_en": "Davanagere", "lgd_code": "5513" }, "geometry": { "type": "Polygon", "coordinates": [ [ [ 75.6464, 14.3628 ], [ 75.6959, 14.3441 ], [ 75.7013, 14.3315 ], [ 75.7189, 14.305 ], [ 75.7305, 14.3073 ], [ 75.7316, 14.3039 ], [ 75.7239, 14.2925 ], [ 75.7315, 14.2952 ], [ 75.7513, 14.2966 ], [ 75.7551, 14.2995 ], [ 75.7591, 14.3127 ], [ 75.7678, 14.3134 ], [ 75.7692, 14.3193 ], [ 75.7749, 14.3227 ], [ 75.7749, 14.325 ], [ 75.7917, 14.323 ], [ 75.7912, 14.3325 ], [ 75.795, 14.3521 ], [ 75.804, 14.3436 ], [ 75.8135, 14.3431 ], [ 75.8235, 14.3362 ], [ 75.8331, 14.3381 ], [ 75.8394, 14.3369 ], [ 75.8398, 14.3333 ], [ 75.8374, 14.3331 ], [ 75.8386, 14.3306 ], [ 75.8418, 14.3318 ], [ 75.8448, 14.3293 ], [ 75.8439, 14.323 ], [ 75.8491, 14.3171 ], [ 75.8459, 14.3099 ], [ 75.8412, 14.307 ], [ 75.8439, 14.3027 ], [ 75.8423, 14.3002 ], [ 75.8286, 14.2988 ], [ 75.8263, 14.3012 ], [ 75.814, 14.3013 ], [ 75.8095, 14.2491 ], [ 75.7608, 14.2397 ], [ 75.7505, 14.2312 ], [ 75.7501, 14.2209 ], [ 75.7551, 14.2129 ], [ 75.7542, 14.2044 ], [ 75.7362, 14.2063 ], [ 75.7343, 14.1928 ], [ 75.7515, 14.1717 ], [ 75.7559, 14.1684 ], [ 75.7596, 14.1698 ], [ 75.7693, 14.166 ], [ 75.7976, 14.1429 ], [ 75.8005, 14.1372 ], [ 75.8046, 14.1098 ], [ 75.8142, 14.1044 ], [ 75.804, 14.0998 ], [ 75.7724, 14.1009 ], [ 75.7681, 14.1015 ], [ 75.7679, 14.1093 ], [ 75.7571, 14.1105 ], [ 75.7529, 14.102 ], [ 75.7394, 14.1015 ], [ 75.7383, 14.0873 ], [ 75.721, 14.0834 ], [ 75.7113, 14.0904 ], [ 75.7032, 14.1038 ], [ 75.687, 14.1081 ], [ 75.6877, 14.1146 ], [ 75.6932, 14.1225 ], [ 75.7126, 14.1279 ], [ 75.7193, 14.1469 ], [ 75.7177, 14.149 ], [ 75.7079, 14.1482 ], [ 75.6942, 14.1412 ], [ 75.6854, 14.1443 ], [ 75.677, 14.1636 ], [ 75.6805, 14.1736 ], [ 75.6796, 14.1783 ], [ 75.6585, 14.1766 ], [ 75.6473, 14.1785 ], [ 75.6465, 14.182 ], [ 75.6277, 14.1852 ], [ 75.6275, 14.1884 ], [ 75.6087, 14.191 ], [ 75.6097, 14.1973 ], [ 75.5851, 14.1879 ], [ 75.5771, 14.1942 ], [ 75.5749, 14.1918 ], [ 75.5716, 14.196 ], [ 75.5694, 14.2059 ], [ 75.5716, 14.2126 ], [ 75.5691, 14.2219 ], [ 75.5647, 14.2242 ], [ 75.5582, 14.2208 ], [ 75.5493, 14.2202 ], [ 75.5289, 14.2303 ], [ 75.5272, 14.2443 ], [ 75.5307, 14.2766 ], [ 75.54, 14.2774 ], [ 75.5493, 14.2738 ], [ 75.5571, 14.274 ], [ 75.561, 14.2775 ], [ 75.5745, 14.2764 ], [ 75.5832, 14.2781 ], [ 75.5874, 14.2888 ], [ 75.5899, 14.2862 ], [ 75.6035, 14.2931 ], [ 75.6109, 14.3158 ], [ 75.6345, 14.3148 ], [ 75.6348, 14.3231 ], [ 75.6332, 14.3265 ], [ 75.6281, 14.329 ], [ 75.6232, 14.3403 ], [ 75.6242, 14.3603 ], [ 75.643, 14.3607 ], [ 75.6464, 14.3628 ] ] ] } },
{ "type": "Feature", "properties": { "area_id": "KGIS-T-1406", "name_en": "Channagiri", "name_kn": "ಚನ್ನಗಿರಿ", "level": "block", "parent_id": "KGIS-D-14", "district_en": "Davanagere", "lgd_code": "5514" }, "geometry": { "type": "Polygon", "coordinates": [ [ [ 75.8709, 14.3238 ], [ 75.878, 14.32 ], [ 75.8751, 14.2854 ], [ 75.8793, 14.2749 ], [ 75.8837, 14.2718 ], [ 75.8892, 14.2705 ], [ 75.8954, 14.2736 ], [ 75.9063, 14.2735 ], [ 75.914, 14.256 ], [ 75.9189, 14.2515 ], [ 75.9297, 14.2507 ], [ 75.9343, 14.2471 ], [ 75.9354, 14.2428 ], [ 75.9426, 14.2423 ], [ 75.9461, 14.2462 ], [ 75.9611, 14.235 ], [ 75.9677, 14.2356 ], [ 75.9745, 14.2396 ], [ 75.982, 14.2585 ], [ 76.0089, 14.2592 ], [ 76.0137, 14.248 ], [ 76.0174, 14.2492 ], [ 76.0199, 14.2454 ], [ 76.0307, 14.246 ], [ 76.0305, 14.2444 ], [ 76.0375, 14.2434 ], [ 76.0405, 14.2399 ], [ 76.0537, 14.2413 ], [ 76.0543, 14.2248 ], [ 76.0609, 14.2225 ], [ 76.0659, 14.2064 ], [ 76.058, 14.2027 ], [ 76.0564, 14.1954 ], [ 76.0573, 14.1813 ], [ 76.0662, 14.1815 ], [ 76.0638, 14.16 ], [ 76.0457, 14.1554 ], [ 76.0466, 14.1452 ], [ 76.0402, 14.1433 ], [ 76.0357, 14.1356 ], [ 76.0327, 14.1344 ], [ 76.0332, 14.1202 ], [ 76.0279, 14.1197 ], [ 76.0251, 14.1131 ], [ 76.0254, 14.1003 ], [ 76.0349, 14.0998 ], [ 76.0327, 14.0955 ], [ 76.034, 14.0908 ], [ 76.0477, 14.0972 ], [ 76.0548, 14.0892 ], [ 76.0536, 14.0818 ], [ 76.0557, 14.0726 ], [ 76.0485, 14.0449 ], [ 76.0511, 14.03 ], [ 76.048, 14.0126 ], [ 76.0459, 14.0132 ], [ 76.043, 13.9903 ], [ 76.0472, 13.9825 ], [ 76.0498, 13.9835 ], [ 76.0511, 13.9788 ], [ 76.0724, 13.9821 ], [ 76.0692, 13.9676 ], [ 76.0689, 13.9479 ], [ 76.066, 13.9414 ], [ 76.0448, 13.942 ], [ 76.0324, 13.9218 ], [ 76.0293, 13.9204 ], [ 76.0285, 13.8988 ], [ 76.0347, 13.8975 ], [ 76.0332, 13.8814 ], [ 76.03, 13.875 ], [ 76.0274, 13.875 ], [ 76.0307, 13.8677 ], [ 76.0264, 13.868 ], [ 76.0209, 13.8622 ], [ 76.0172, 13.8648 ], [ 76.016, 13.8706 ], [ 76.0101, 13.8652 ], [ 76.006, 13.8669 ], [ 75.9939, 13.8504 ], [ 75.9884, 13.8478 ], [ 75.9771, 13.8488 ], [ 75.9751, 13.8526 ], [ 75.9691, 13.855 ], [ 75.9638, 13.8456 ], [ 75.9585, 13.843 ], [ 75.9584, 13.8403 ], [ 75.9558, 13.84 ], [ 75.9478, 13.8307 ], [ 75.9503, 13.8249 ], [ 75.9495, 13.8201 ], [ 75.9527, 13.8162 ], [ 75.9472, 13.8171 ], [ 75.9462, 13.8139 ], [ 75.94, 13.8127 ], [ 75.9278, 13.814 ], [ 75.9202, 13.8073 ], [ 75.907, 13.8067 ], [ 75.9021, 13.8126 ], [ 75.8942, 13.8111 ], [ 75.8933, 13.807 ], [ 75.8767, 13.8092 ], [ 75.8657, 13.8559 ], [ 75.8648, 13.8726 ], [ 75.8697, 13.9037 ], [ 75.8636, 13.9064 ], [ 75.8327, 13.9668 ], [ 75.8309, 13.9748 ], [ 75.832, 13.9896 ], [ 75.8246, 14.0063 ], [ 75.8246, 14.0179 ], [ 75.8087, 14.024 ], [ 75.803, 14.0231 ], [ 75.799, 14.0334 ], [ 75.8021, 14.0428 ], [ 75.813, 14.0476 ], [ 75.821, 14.0636 ], [ 75.8202, 14.0703 ], [ 75.8227, 14.074 ], [ 75.8135, 14.0951 ], [ 75.8128, 14.1038 ], [ 75.815, 14.1053 ], [ 75.8046, 14.1098 ], [ 75.8005, 14.1372 ], [ 75.7976, 14.1429 ], [ 75.7693, 14.166 ], [ 75.7596, 14.1698 ], [ 75.7559, 14.1684 ], [ 75.7515, 14.1717 ], [ 75.7343, 14.1928 ], [ 75.7362, 14.2063 ], [ 75.7542, 14.2044 ], [ 75.7551, 14.2129 ], [ 75.7501, 14.2209 ], [ 75.7505, 14.2312 ], [ 75.7608, 14.2397 ], [ 75.8095, 14.2491 ], [ 75.814, 14.3013 ], [ 75.8263, 14.3012 ], [ 75.8286, 14.2988 ], [ 75.8423, 14.3002 ], [ 75.8439, 14.3027 ], [ 75.8412, 14.307 ], [ 75.8459, 14.3099 ], [ 75.8491, 14.3171 ], [ 75.8465, 14.3194 ], [ 75.8464, 14.3237 ], [ 75.8709, 14.3238 ] ] ] } },
{ "type": "Feature", "properties": { "area_id": "KGIS-T-1407", "name_en": "Nyamati", "name_kn": "ನ್ಯಾಮತಿ", "level": "block", "parent_id": "KGIS-D-14", "district_en": "Davanagere", "lgd_code": null }, "geometry": { "type": "Polygon", "coordinates": [ [ [ 75.5299, 14.2292 ], [ 75.5493, 14.2202 ], [ 75.5582, 14.2208 ], [ 75.5647, 14.2242 ], [ 75.5691, 14.2219 ], [ 75.5716, 14.2126 ], [ 75.5694, 14.2059 ], [ 75.5716, 14.196 ], [ 75.5749, 14.1918 ], [ 75.5771, 14.1942 ], [ 75.5851, 14.1879 ], [ 75.6097, 14.1973 ], [ 75.6087, 14.191 ], [ 75.6275, 14.1884 ], [ 75.6277, 14.1852 ], [ 75.6465, 14.182 ], [ 75.6473, 14.1785 ], [ 75.6585, 14.1766 ], [ 75.6796, 14.1783 ], [ 75.6805, 14.1736 ], [ 75.677, 14.1636 ], [ 75.6854, 14.1443 ], [ 75.6894, 14.1418 ], [ 75.6942, 14.1412 ], [ 75.7079, 14.1482 ], [ 75.7177, 14.149 ], [ 75.7196, 14.1439 ], [ 75.7126, 14.1279 ], [ 75.6932, 14.1225 ], [ 75.6877, 14.1146 ], [ 75.687, 14.1081 ], [ 75.7032, 14.1038 ], [ 75.7113, 14.0904 ], [ 75.7275, 14.0768 ], [ 75.7089, 14.0725 ], [ 75.6937, 14.072 ], [ 75.6739, 14.0657 ], [ 75.6514, 14.0711 ], [ 75.6444, 14.0751 ], [ 75.6406, 14.0812 ], [ 75.6354, 14.0816 ], [ 75.6326, 14.0805 ], [ 75.6306, 14.0745 ], [ 75.6181, 14.0771 ], [ 75.6108, 14.0598 ], [ 75.6051, 14.0574 ], [ 75.6, 14.0613 ], [ 75.5908, 14.0636 ], [ 75.5855, 14.0583 ], [ 75.5803, 14.0628 ], [ 75.5688, 14.0673 ], [ 75.554, 14.0789 ], [ 75.5479, 14.077 ], [ 75.5434, 14.0803 ], [ 75.5406, 14.0797 ], [ 75.5398, 14.0848 ], [ 75.5332, 14.0908 ], [ 75.5314, 14.0978 ], [ 75.528, 14.0933 ], [ 75.5242, 14.0937 ], [ 75.5109, 14.1014 ], [ 75.5062, 14.0988 ], [ 75.4908, 14.0977 ], [ 75.4891, 14.1036 ], [ 75.477, 14.0996 ], [ 75.4662, 14.1048 ], [ 75.4554, 14.0989 ], [ 75.4385, 14.0985 ], [ 75.4399, 14.1024 ], [ 75.4355, 14.1056 ], [ 75.3967, 14.1181 ], [ 75.401, 14.1275 ], [ 75.4165, 14.1425 ], [ 75.4202, 14.1413 ], [ 75.4229, 14.1505 ], [ 75.4329, 14.1539 ], [ 75.4378, 14.1602 ], [ 75.462, 14.1726 ], [ 75.4839, 14.1767 ], [ 75.4711, 14.1913 ], [ 75.4533, 14.2051 ], [ 75.4651, 14.2101 ], [ 75.4736, 14.2102 ], [ 75.474, 14.2137 ], [ 75.5073, 14.2189 ], [ 75.5209, 14.203 ], [ 75.527, 14.2031 ], [ 75.5287, 14.215 ], [ 75.5265, 14.2287 ], [ 75.5299, 14.2292 ] ] ] } },
{ "type": "Feature", "properties": { "area_id": "KGIS-T-1501", "name_en": "Sagara", "name_kn": "ಸಾಗರ", "level": "block", "parent_id": "KGIS-D-15", "district_en": "Shivamogga", "lgd_code": null }, "geometry": { "type": "Polygon", "coordinates": [ [ [ 74.9785, 14.3434 ], [ 74.9806, 14.3399 ], [ 74.9806, 14.3427 ], [ 74.9836, 14.3427 ], [ 74.9821, 14.3416 ], [ 74.9837, 14.3391 ], [ 74.9864, 14.3395 ], [ 74.9915, 14.3317 ], [ 74.9937, 14.3324 ], [ 74.9931, 14.3305 ], [ 74.9951, 14.3313 ], [ 74.9979, 14.326 ], [ 75.0021, 14.3247 ], [ 75.0012, 14.3195 ], [ 75.0082, 14.3126 ], [ 75.0062, 14.3116 ], [ 75.0073, 14.3097 ], [ 75.0107, 14.3094 ], [ 75.0118, 14.3061 ], [ 75.0094, 14.3034 ], [ 75.0124, 14.301 ], [ 75.0112, 14.2981 ], [ 75.0147, 14.2926 ], [ 75.0187, 14.2912 ], [ 75.0181, 14.2882 ], [ 75.022, 14.2892 ], [ 75.0301, 14.2829 ], [ 75.0372, 14.2749 ], [ 75.0418, 14.274 ], [ 75.0419, 14.2692 ], [ 75.0453, 14.266 ], [ 75.0447, 14.2595 ], [ 75.0505, 14.2583 ], [ 75.0518, 14.2544 ], [ 75.0563, 14.2521 ], [ 75.0633, 14.2385 ], [ 75.0678, 14.2389 ], [ 75.0705, 14.2366 ], [ 75.0749, 14.2382 ], [ 75.0818, 14.2334 ], [ 75.0786, 14.229 ], [ 75.0772, 14.2217 ], [ 75.079, 14.2209 ], [ 75.0854, 14.2215 ], [ 75.0925, 14.2407 ], [ 75.1118, 14.2411 ], [ 75.1177, 14.2438 ], [ 75.1229, 14.2377 ], [ 75.1476, 14.2433 ], [ 75.1589, 14.2407 ], [ 75.1534, 14.2619 ], [ 75.1769, 14.2734 ], [ 75.1863, 14.2813 ], [ 75.1931, 14.2827 ], [ 75.1952, 14.2863 ], [ 75.2081, 14.2837 ], [ 75.2601, 14.2496 ], [ 75.2476, 14.2349 ], [ 75.2367, 14.233 ], [ 75.2301, 14.2216 ], [ 75.244, 14.2025 ], [ 75.2527, 14.1994 ], [ 75.2589, 14.2102 ], [ 75.2694, 14.198 ], [ 75.2796, 14.1986 ], [ 75.2755, 14.1978 ], [ 75.2765, 14.1951 ], [ 75.2738, 14.1964 ], [ 75.2744, 14.1934 ], [ 75.2715, 14.1949 ], [ 75.2694, 14.1901 ], [ 75.2748, 14.1821 ], [ 75.2711, 14.1618 ], [ 75.2777, 14.1608 ], [ 75.2863, 14.1468 ], [ 75.292, 14.142 ], [ 75.295, 14.1321 ], [ 75.2823, 14.1122 ], [ 75.2781, 14.1011 ], [ 75.2719, 14.1024 ], [ 75.2671, 14.0971 ], [ 75.2664, 14.0862 ], [ 75.2801, 14.0793 ], [ 75.2861, 14.0842 ], [ 75.2958, 14.0757 ], [ 75.2831, 14.0606 ], [ 75.2831, 14.0518 ], [ 75.28, 14.0462 ], [ 75.2761, 14.0505 ], [ 75.2717, 14.0469 ], [ 75.2592, 14.0492 ], [ 75.2565, 14.0437 ], [ 75.2479, 14.0489 ], [ 75.247, 14.0575 ], [ 75.2382, 14.0535 ], [ 75.2318, 14.0461 ], [ 75.2307, 14.0485 ], [ 75.2245, 14.0463 ], [ 75.2163, 14.0387 ], [ 75.2166, 14.034 ], [ 75.1942, 14.0196 ], [ 75.1908, 14.0214 ], [ 75.1909, 14.0251 ], [ 75.197, 14.0301 ], [ 75.1901, 14.0461 ], [ 75.1781, 14.046 ], [ 75.1742, 14.0424 ], [ 75.1695, 14.0421 ], [ 75.1585, 14.0299 ], [ 75.1584, 14.0235 ], [ 75.1493, 14.0282 ], [ 75.1458, 14.026 ], [ 75.1442, 14.0267 ], [ 75.1461, 14.0355 ], [ 75.1397, 14.0399 ], [ 75.1435, 14.0438 ], [ 75.1474, 14.0431 ], [ 75.1558, 14.0466 ], [ 75.1584, 14.0499 ], [ 75.1571, 14.0531 ], [ 75.1646, 14.0569 ], [ 75.1651, 14.0645 ], [ 75.1583, 14.0643 ], [ 75.1519, 14.0684 ], [ 75.1398, 14.0632 ], [ 75.131, 14.0804 ], [ 75.1359, 14.0829 ], [ 75.1278, 14.0862 ], [ 75.1288, 14.093 ], [ 75.1164, 14.0963 ], [ 75.1106, 14.0913 ], [ 75.1053, 14.0902 ], [ 75.1036, 14.0992 ], [ 75.0943, 14.0957 ], [ 75.0912, 14.0981 ], [ 75.0892, 14.0839 ], [ 75.095, 14.0691 ], [ 75.0965, 14.0681 ], [ 75.1046, 14.0736 ], [ 75.1022, 14.0594 ], [ 75.0908, 14.0523 ], [ 75.0838, 14.0426 ], [ 75.0789, 14.0412 ], [ 75.0797, 14.0384 ], [ 75.0742, 14.0317 ], [ 75.0626, 14.0283 ], [ 75.0532, 14.0208 ], [ 75.0456, 14.0232 ], [ 75.0258, 14.0072 ], [ 75.0223, 14.0102 ], [ 75.0136, 14.0095 ], [ 75.015, 14.0032 ], [ 75.0095, 13.9995 ], [ 75.0165, 13.9902 ], [ 75.0128, 13.985 ], [ 75.0126, 13.9782 ], [ 74.9977, 13.9858 ], [ 74.9753, 13.9903 ], [ 74.9748, 13.9936 ], [ 74.9688, 13.9963 ], [ 74.9611, 13.9923 ], [ 74.9556, 14.0006 ], [ 74.9468, 14.0032 ], [ 74.9464, 14.0207 ], [ 74.9344, 14.0212 ], [ 74.9378, 14.0291 ], [ 74.9372, 14.0335 ], [ 74.9289, 14.0347 ], [ 74.9277, 14.0297 ], [ 74.9172, 14.0189 ], [ 74.9204, 14.0146 ], [ 74.9182, 14.0114 ], [ 74.9159, 14.0119 ], [ 74.9169, 14.0058 ], [ 74.914, 14.0052 ], [ 74.9165, 14.0002 ], [ 74.914, 13.9974 ], [ 74.9094, 13.9982 ], [ 74.9048, 13.9904 ], [ 74.9155, 13.982 ], [ 74.9146, 13.9733 ], [ 74.907, 13.9688 ], [ 74.904, 13.9626 ], [ 74.8955, 13.9575 ], [ 74.8863, 13.9559 ], [ 74.8827, 13.9514 ], [ 74.878, 13.9499 ], [ 74.882, 13.9307 ], [ 74.8855, 13.929 ], [ 74.8844, 13.9251 ], [ 74.8778, 13.9199 ], [ 74.8538, 13.9228 ], [ 74.8474, 13.9194 ], [ 74.8447, 13.913 ], [ 74.8402, 13.9112 ], [ 74.8417, 13.9046 ], [ 74.8542, 13.8946 ], [ 74.8627, 13.9065 ], [ 74.8704, 13.8973 ], [ 74.8701, 13.8917 ], [ 74.8803, 13.8816 ], [ 74.8856, 13.8676 ], [ 74.8796, 13.864 ], [ 74.8808, 13.86 ], [ 74.8763, 13.8561 ], [ 74.8703, 13.8563 ], [ 74.8673, 13.8592 ], [ 74.8596, 13.8693 ], [ 74.8555, 13.8805 ], [ 74.8438, 13.8919 ], [ 74.8405, 13.8919 ], [ 74.8378, 13.8986 ], [ 74.819, 13.9079 ], [ 74.8055, 13.9057 ], [ 74.8, 13.9096 ], [ 74.7928, 13.9062 ], [ 74.792, 13.9034 ], [ 74.7892, 13.9085 ], [ 74.7711, 13.9139 ], [ 74.7631, 13.9124 ], [ 74.7571, 13.9065 ], [ 74.7376, 13.9101 ], [ 74.7224, 13.9048 ], [ 74.7114, 13.9039 ], [ 74.7142, 13.9056 ], [ 74.7149, 13.9105 ], [ 74.7082, 13.9207 ], [ 74.7056, 13.9233 ], [ 74.6921, 13.9247 ], [ 74.6824, 13.9344 ], [ 74.6856, 13.9392 ], [ 74.6935, 13.9408 ], [ 74.6942, 13.9482 ], [ 74.6881, 13.9563 ], [ 74.6776, 13.9595 ], [ 74.6775, 13.9661 ], [ 74.6687, 13.9711 ], [ 74.6701, 13.9723 ], [ 74.6614, 13.9893 ], [ 74.6614, 13.9936 ], [ 74.6762, 14.0234 ], [ 74.6781, 14.0423 ], [ 74.6723, 14.0482 ], [ 74.6764, 14.0618 ], [ 74.6621, 14.0857 ], [ 74.6459, 14.1024 ], [ 74.6555, 14.1154 ], [ 74.646, 14.1147 ], [ 74.6426, 14.1339 ], [ 74.6441, 14.1404 ], [ 74.6292, 14.1441 ], [ 74.627, 14.1581 ], [ 74.6298, 14.1639 ], [ 74.6505, 14.1697 ], [ 74.6527, 14.1673 ], [ 74.6648, 14.183 ], [ 74.6958, 14.1728 ], [ 74.6938, 14.1702 ], [ 74.6994, 14.1679 ], [ 74.7007, 14.1698 ], [ 74.709, 14.1673 ], [ 74.7208, 14.1544 ], [ 74.7447, 14.1492 ], [ 74.747, 14.1414 ], [ 74.7491, 14.1421 ], [ 74.7476, 14.1569 ], [ 74.7261, 14.1738 ], [ 74.7126, 14.2329 ], [ 74.733, 14.2674 ], [ 74.7527, 14.2516 ], [ 74.776, 14.2408 ], [ 74.7927, 14.228 ], [ 74.7989, 14.2312 ], [ 74.8099, 14.2283 ], [ 74.8188, 14.2306 ], [ 74.8227, 14.2255 ], [ 74.8325, 14.2292 ], [ 74.8389, 14.2275 ], [ 74.8396, 14.2228 ], [ 74.8487, 14.217 ], [ 74.8537, 14.2092 ], [ 74.8571, 14.2102 ], [ 74.8602, 14.2175 ], [ 74.8673, 14.2183 ], [ 74.8694, 14.2363 ], [ 74.8734, 14.2403 ], [ 74.8809, 14.2329 ], [ 74.8759, 14.226 ], [ 74.8757, 14.2193 ], [ 74.8789, 14.2216 ], [ 74.8799, 14.2198 ], [ 74.8775, 14.2172 ], [ 74.8785, 14.2141 ], [ 74.8947, 14.217 ], [ 74.8982, 14.2247 ], [ 74.8962, 14.2261 ], [ 74.8986, 14.2281 ], [ 74.9054, 14.2301 ], [ 74.909, 14.2274 ], [ 74.9134, 14.229 ], [ 74.921, 14.2273 ], [ 74.9238, 14.2321 ], [ 74.9292, 14.2348 ], [ 74.9308, 14.241 ], [ 74.9355, 14.2428 ], [ 74.9363, 14.2516 ], [ 74.9393, 14.2554 ], [ 74.9366, 14.2557 ], [ 74.9345, 14.2633 ], [ 74.9284, 14.2646 ], [ 74.9262, 14.2773 ], [ 74.9237, 14.2782 ], [ 74.9166, 14.273 ], [ 74.9157, 14.2757 ], [ 74.9099, 14.2777 ], [ 74.9085, 14.2886 ], [ 74.9056, 14.2934 ], [ 74.9138, 14.2996 ], [ 74.9137, 14.3037 ], [ 74.9192, 14.3138 ], [ 74.9263, 14.3197 ], [ 74.9309, 14.319 ], [ 74.9366, 14.3225 ], [ 74.9421, 14.3183 ], [ 74.9491, 14.32 ], [ 74.9522, 14.3173 ], [ 74.9579, 14.3239 ], [ 74.9648, 14.3175 ], [ 74.9721, 14.3168 ], [ 74.9761, 14.319 ], [ 74.9771, 14.3215 ], [ 74.9733, 14.3228 ], [ 74.9721, 14.3206 ], [ 74.9696, 14.3261 ], [ 74.9731, 14.327 ], [ 74.9758, 14.3333 ], [ 74.9753, 14.3415 ], [ 74.9726, 14.3428 ], [ 74.9785, 14.3434 ] ], [ [ 75.1253, 14.0949 ], [ 75.1254, 14.0946 ], [ 75.1255, 14.0949 ], [ 75.1253, 14.0949 ] ] ] } },
{ "type": "Feature", "properties": { "area_id": "KGIS-T-1502", "name_en": "Soraba", "name_kn": "ಸೊರಬ", "level": "block", "parent_id": "KGIS-D-15", "district_en": "Shivamogga", "lgd_code": null }, "geometry": { "type": "Polygon", "coordinates": [ [ [ 75.0746, 14.6539 ], [ 75.0992, 14.653 ], [ 75.1016, 14.644 ], [ 75.1166, 14.6396 ], [ 75.1246, 14.6307 ], [ 75.1422, 14.6339 ], [ 75.1434, 14.6204 ], [ 75.1534, 14.6262 ], [ 75.16, 14.617 ], [ 75.1645, 14.6208 ], [ 75.1653, 14.6258 ], [ 75.163, 14.6277 ], [ 75.1646, 14.6326 ], [ 75.1694, 14.6346 ], [ 75.1846, 14.6235 ], [ 75.1965, 14.6229 ], [ 75.2024, 14.6277 ], [ 75.2011, 14.6393 ], [ 75.2054, 14.638 ], [ 75.2079, 14.6362 ], [ 75.2053, 14.634 ], [ 75.2087, 14.6335 ], [ 75.207, 14.6275 ], [ 75.2099, 14.6282 ], [ 75.2106, 14.6236 ], [ 75.2057, 14.6081 ], [ 75.2053, 14.5975 ], [ 75.1985, 14.5966 ], [ 75.1854, 14.5999 ], [ 75.1812, 14.5979 ], [ 75.1838, 14.5859 ], [ 75.1978, 14.5825 ], [ 75.1975, 14.5775 ], [ 75.2074, 14.5717 ], [ 75.2191, 14.5792 ], [ 75.2209, 14.5849 ], [ 75.2253, 14.5852 ], [ 75.2309, 14.579 ], [ 75.2255, 14.567 ], [ 75.2281, 14.5612 ], [ 75.2346, 14.5556 ], [ 75.2398, 14.5579 ], [ 75.2413, 14.5557 ], [ 75.2431, 14.5671 ], [ 75.2453, 14.5667 ], [ 75.2438, 14.5776 ], [ 75.2494, 14.5812 ], [ 75.2654, 14.5809 ], [ 75.2702, 14.5724 ], [ 75.2751, 14.5699 ], [ 75.2742, 14.5657 ], [ 75.285, 14.5613 ], [ 75.2898, 14.5563 ], [ 75.29, 14.5504 ], [ 75.2953, 14.5449 ], [ 75.293, 14.5441 ], [ 75.2977, 14.5404 ], [ 75.2942, 14.5345 ], [ 75.2896, 14.5314 ], [ 75.2878, 14.5329 ], [ 75.2866, 14.5298 ], [ 75.2795, 14.535 ], [ 75.2683, 14.528 ], [ 75.2699, 14.5253 ], [ 75.2672, 14.5143 ], [ 75.2597, 14.5176 ], [ 75.2449, 14.514 ], [ 75.2468, 14.5014 ], [ 75.2487, 14.5016 ], [ 75.2518, 14.4961 ], [ 75.2451, 14.4931 ], [ 75.2443, 14.4879 ], [ 75.2313, 14.4862 ], [ 75.2222, 14.4803 ], [ 75.2091, 14.4764 ], [ 75.2049, 14.4682 ], [ 75.2065, 14.4652 ], [ 75.1955, 14.4622 ], [ 75.195, 14.4482 ], [ 75.1895, 14.4472 ], [ 75.1805, 14.4403 ], [ 75.171, 14.4232 ], [ 75.1644, 14.4252 ], [ 75.164, 14.4282 ], [ 75.16, 14.427 ], [ 75.1594, 14.4316 ], [ 75.1499, 14.4317 ], [ 75.1517, 14.4301 ], [ 75.1523, 14.4192 ], [ 75.1591, 14.4138 ], [ 75.1652, 14.4138 ], [ 75.1674, 14.3875 ], [ 75.1739, 14.3835 ], [ 75.1812, 14.3812 ], [ 75.1896, 14.3895 ], [ 75.1913, 14.4 ], [ 75.186, 14.4135 ], [ 75.1902, 14.4121 ], [ 75.1925, 14.4058 ], [ 75.2009, 14.4052 ], [ 75.2053, 14.3985 ], [ 75.2168, 14.4002 ], [ 75.2189, 14.3939 ], [ 75.2252, 14.3952 ], [ 75.231, 14.3933 ], [ 75.2319, 14.3854 ], [ 75.2365, 14.3863 ], [ 75.2415, 14.377 ], [ 75.2316, 14.3748 ], [ 75.2239, 14.3571 ], [ 75.2207, 14.3553 ], [ 75.2371, 14.3532 ], [ 75.2432, 14.3467 ], [ 75.244, 14.3262 ], [ 75.261, 14.3188 ], [ 75.267, 14.3091 ], [ 75.2717, 14.3065 ], [ 75.2651, 14.2919 ], [ 75.2597, 14.2914 ], [ 75.2602, 14.287 ], [ 75.245, 14.2789 ], [ 75.2303, 14.2802 ], [ 75.225, 14.2718 ], [ 75.2081, 14.2837 ], [ 75.1952, 14.2863 ], [ 75.1931, 14.2827 ], [ 75.1863, 14.2813 ], [ 75.1769, 14.2734 ], [ 75.1534, 14.2619 ], [ 75.1589, 14.2407 ], [ 75.1476, 14.2433 ], [ 75.1229, 14.2377 ], [ 75.1177, 14.2438 ], [ 75.1118, 14.2411 ], [ 75.0925, 14.2407 ], [ 75.0854, 14.2215 ], [ 75.081, 14.2205 ], [ 75.0772, 14.2217 ], [ 75.0818, 14.2334 ], [ 75.0749, 14.2382 ], [ 75.0705, 14.2366 ], [ 75.0678, 14.2389 ], [ 75.0634, 14.2385 ], [ 75.0563, 14.2521 ], [ 75.0518, 14.2544 ], [ 75.0505, 14.2583 ], [ 75.0447, 14.2595 ], [ 75.0453, 14.266 ], [ 75.0419, 14.2692 ], [ 75.0418, 14.274 ], [ 75.0372, 14.2749 ], [ 75.022, 14.2892 ], [ 75.018, 14.2884 ], [ 75.0187, 14.2912 ], [ 75.0147, 14.2926 ], [ 75.0112, 14.2981 ], [ 75.0124, 14.301 ], [ 75.0094, 14.3034 ], [ 75.0118, 14.3061 ], [ 75.0107, 14.3094 ], [ 75.0073, 14.3097 ], [ 75.0062, 14.3116 ], [ 75.0082, 14.3126 ], [ 75.0012, 14.3195 ], [ 75.0021, 14.3247 ], [ 74.9979, 14.326 ], [ 74.9951, 14.3313 ], [ 74.9931, 14.3305 ], [ 74.9937, 14.3324 ], [ 74.9915, 14.3317 ], [ 74.9864, 14.3395 ], [ 74.9837, 14.3391 ], [ 74.9821, 14.3416 ], [ 74.9836, 14.3427 ], [ 74.9806, 14.3427 ], [ 74.9806, 14.3399 ], [ 74.9786, 14.3437 ], [ 74.973, 14.3433 ], [ 74.9753, 14.3415 ], [ 74.9744, 14.3381 ], [ 74.9608, 14.341 ], [ 74.9552, 14.3498 ], [ 74.9502, 14.3505 ], [ 74.9389, 14.3585 ], [ 74.9401, 14.3679 ], [ 74.9493, 14.3761 ], [ 74.9492, 14.3988 ], [ 74.9448, 14.4021 ], [ 74.9413, 14.4007 ], [ 74.9336, 14.4037 ], [ 74.9177, 14.4307 ], [ 74.8803, 14.4294 ], [ 74.8812, 14.4333 ], [ 74.8781, 14.4359 ], [ 74.8781, 14.4403 ], [ 74.8739, 14.4473 ], [ 74.8885, 14.4603 ], [ 74.8989, 14.4646 ], [ 74.9089, 14.4579 ], [ 74.9204, 14.4589 ], [ 74.9177, 14.467 ], [ 74.8983, 14.4743 ], [ 74.8937, 14.4737 ], [ 74.8889, 14.48 ], [ 74.8955, 14.5083 ], [ 74.8989, 14.5092 ], [ 74.9024, 14.5155 ], [ 74.9013, 14.5293 ], [ 74.9039, 14.5316 ], [ 74.9123, 14.5286 ], [ 74.9284, 14.5285 ], [ 74.9377, 14.5187 ], [ 74.9403, 14.5243 ], [ 74.939, 14.5263 ], [ 74.9439, 14.5319 ], [ 74.9428, 14.5343 ], [ 74.9451, 14.533 ], [ 74.9505, 14.5367 ], [ 74.9565, 14.5508 ], [ 74.9557, 14.5547 ], [ 74.9623, 14.551 ], [ 74.9784, 14.5491 ], [ 74.9779, 14.5335 ], [ 74.9804, 14.5256 ], [ 74.9745, 14.5245 ], [ 74.9724, 14.5197 ], [ 74.9736, 14.5174 ], [ 74.9795, 14.5168 ], [ 74.9794, 14.5133 ], [ 74.9825, 14.5129 ], [ 74.9882, 14.5057 ], [ 74.9906, 14.4958 ], [ 74.9928, 14.4952 ], [ 74.9846, 14.4883 ], [ 74.9896, 14.4723 ], [ 74.9955, 14.4773 ], [ 75.004, 14.48 ], [ 75.0087, 14.4845 ], [ 75.0064, 14.4881 ], [ 75.0195, 14.4971 ], [ 75.0309, 14.5003 ], [ 75.0408, 14.5001 ], [ 75.0421, 14.5153 ], [ 75.0377, 14.5287 ], [ 75.0522, 14.5339 ], [ 75.0533, 14.5387 ], [ 75.0587, 14.5409 ], [ 75.0607, 14.5445 ], [ 75.0548, 14.5487 ], [ 75.0444, 14.5458 ], [ 75.04, 14.5487 ], [ 75.0346, 14.5591 ], [ 75.0231, 14.5618 ], [ 75.0206, 14.5745 ], [ 75.0246, 14.5753 ], [ 75.0255, 14.5771 ], [ 75.0228, 14.5793 ], [ 75.0279, 14.5847 ], [ 75.0229, 14.6019 ], [ 75.0257, 14.605 ], [ 75.0239, 14.6072 ], [ 75.0264, 14.6087 ], [ 75.0275, 14.616 ], [ 75.0395, 14.637 ], [ 75.0502, 14.6419 ], [ 75.0525, 14.6487 ], [ 75.0746, 14.6539 ] ] ] } },
{ "type": "Feature", "properties": { "area_id": "KGIS-T-1503", "name_en": "Shikaripura", "name_kn": "ಶಿಕಾರಿಪುರ", "level": "block", "parent_id": "KGIS-D-15", "district_en": "Shivamogga", "lgd_code": null }, "geometry": { "type": "Polygon", "coordinates": [ [ [ 75.2597, 14.5176 ], [ 75.2763, 14.5103 ], [ 75.2775, 14.5124 ], [ 75.283, 14.5125 ], [ 75.2822, 14.5141 ], [ 75.2917, 14.5107 ], [ 75.3213, 14.5128 ], [ 75.3246, 14.5098 ], [ 75.3288, 14.4953 ], [ 75.3464, 14.4856 ], [ 75.3411, 14.4757 ], [ 75.3404, 14.4686 ], [ 75.3457, 14.4625 ], [ 75.3471, 14.4566 ], [ 75.3427, 14.4505 ], [ 75.342, 14.4402 ], [ 75.3391, 14.4374 ], [ 75.3554, 14.4319 ], [ 75.355, 14.4288 ], [ 75.3587, 14.4319 ], [ 75.3588, 14.4379 ], [ 75.3648, 14.4415 ], [ 75.3823, 14.4338 ], [ 75.3805, 14.4149 ], [ 75.3777, 14.4074 ], [ 75.3653, 14.4111 ], [ 75.359, 14.4092 ], [ 75.3494, 14.3887 ], [ 75.3633, 14.3809 ], [ 75.3747, 14.3703 ], [ 75.3941, 14.3674 ], [ 75.4092, 14.3528 ], [ 75.4193, 14.3526 ], [ 75.4297, 14.3491 ], [ 75.4352, 14.3426 ], [ 75.442, 14.34 ], [ 75.4559, 14.3278 ], [ 75.4703, 14.3229 ], [ 75.4774, 14.3178 ], [ 75.4801, 14.3306 ], [ 75.4767, 14.3452 ], [ 75.4805, 14.3452 ], [ 75.4815, 14.3399 ], [ 75.4879, 14.3391 ], [ 75.4896, 14.3477 ], [ 75.5011, 14.3437 ], [ 75.5016, 14.326 ], [ 75.5053, 14.3163 ], [ 75.5039, 14.3079 ], [ 75.5179, 14.3015 ], [ 75.5219, 14.2939 ], [ 75.5337, 14.2903 ], [ 75.5353, 14.2775 ], [ 75.5307, 14.2766 ], [ 75.5279, 14.2582 ], [ 75.5274, 14.2391 ], [ 75.5303, 14.2292 ], [ 75.5265, 14.2287 ], [ 75.5287, 14.215 ], [ 75.527, 14.2031 ], [ 75.5209, 14.203 ], [ 75.5073, 14.2189 ], [ 75.474, 14.2137 ], [ 75.4736, 14.2102 ], [ 75.4651, 14.2101 ], [ 75.4533, 14.2051 ], [ 75.4711, 14.1913 ], [ 75.4839, 14.1767 ], [ 75.462, 14.1726 ], [ 75.4378, 14.1602 ], [ 75.4329, 14.1539 ], [ 75.4229, 14.1505 ], [ 75.4202, 14.1413 ], [ 75.4165, 14.1425 ], [ 75.4008, 14.1272 ], [ 75.3841, 14.1294 ], [ 75.3816, 14.1391 ], [ 75.3656, 14.111 ], [ 75.3286, 14.1116 ], [ 75.3155, 14.1041 ], [ 75.3074, 14.1267 ], [ 75.2932, 14.1275 ], [ 75.295, 14.1321 ], [ 75.292, 14.142 ], [ 75.2863, 14.1468 ], [ 75.2777, 14.1608 ], [ 75.2711, 14.1618 ], [ 75.2748, 14.1821 ], [ 75.2694, 14.1901 ], [ 75.2715, 14.1949 ], [ 75.2744, 14.1934 ], [ 75.2738, 14.1964 ], [ 75.2765, 14.1951 ], [ 75.2755, 14.1978 ], [ 75.2796, 14.1986 ], [ 75.2694, 14.198 ], [ 75.2589, 14.2102 ], [ 75.2527, 14.1994 ], [ 75.244, 14.2025 ], [ 75.2301, 14.2216 ], [ 75.2367, 14.233 ], [ 75.2476, 14.2349 ], [ 75.2601, 14.2496 ], [ 75.225, 14.2718 ], [ 75.2303, 14.2802 ], [ 75.2444, 14.2788 ], [ 75.2602, 14.287 ], [ 75.2597, 14.2914 ], [ 75.2651, 14.2919 ], [ 75.2717, 14.3061 ], [ 75.267, 14.3091 ], [ 75.261, 14.3188 ], [ 75.244, 14.3262 ], [ 75.2432, 14.3467 ], [ 75.2371, 14.3532 ], [ 75.2207, 14.3553 ], [ 75.2239, 14.3571 ], [ 75.2316, 14.3748 ], [ 75.2412, 14.3763 ], [ 75.2365, 14.3863 ], [ 75.2319, 14.3854 ], [ 75.231, 14.3933 ], [ 75.2182, 14.3943 ], [ 75.2168, 14.4002 ], [ 75.2051, 14.3985 ], [ 75.2009, 14.4052 ], [ 75.1925, 14.4058 ], [ 75.1925, 14.4092 ], [ 75.1873, 14.4137 ], [ 75.1859, 14.4132 ], [ 75.1913, 14.4 ], [ 75.1896, 14.3895 ], [ 75.1812, 14.3812 ], [ 75.1739, 14.3835 ], [ 75.1674, 14.3875 ], [ 75.1652, 14.4138 ], [ 75.1591, 14.4138 ], [ 75.152, 14.4195 ], [ 75.1512, 14.4321 ], [ 75.1594, 14.4316 ], [ 75.16, 14.427 ], [ 75.164, 14.4282 ], [ 75.1644, 14.4252 ], [ 75.171, 14.4233 ], [ 75.1805, 14.4403 ], [ 75.1895, 14.4472 ], [ 75.195, 14.4482 ], [ 75.1955, 14.4622 ], [ 75.2065, 14.4652 ], [ 75.2049, 14.4682 ], [ 75.2091, 14.4764 ], [ 75.2222, 14.4803 ], [ 75.2313, 14.4862 ], [ 75.2443, 14.4879 ], [ 75.2451, 14.4931 ], [ 75.2518, 14.4961 ], [ 75.2487, 14.5016 ], [ 75.2468, 14.5014 ], [ 75.2449, 14.514 ], [ 75.2597, 14.5176 ] ] ] } },
{ "type": "Feature", "properties": { "area_id": "KGIS-T-1504", "name_en": "Hosanagar", "name_kn": "ಹೊಸನಗರ", "level": "block", "parent_id": "KGIS-D-15", "district_en": "Shivamogga", "lgd_code": "5518" }, "geometry": { "type": "MultiPolygon", "coordinates": [ [ [ [ 75.086, 13.616 ], [ 75.0798, 13.6085 ], [ 75.0757, 13.6098 ], [ 75.0641, 13.6277 ], [ 75.0619, 13.6264 ], [ 75.0588, 13.6288 ], [ 75.0583, 13.6248 ], [ 75.0506, 13.616 ], [ 75.0383, 13.6159 ], [ 75.0336, 13.6213 ], [ 75.0297, 13.6221 ], [ 75.0262, 13.6281 ], [ 75.0185, 13.6286 ], [ 75.0112, 13.6347 ], [ 75.0138, 13.6423 ], [ 75.0087, 13.6453 ], [ 75.0077, 13.6535 ], [ 75.0107, 13.6555 ], [ 75.0081, 13.6606 ], [ 75.0124, 13.6665 ], [ 75.0216, 13.6618 ], [ 75.0263, 13.6665 ], [ 75.0267, 13.6705 ], [ 75.0161, 13.6778 ], [ 75.0094, 13.6769 ], [ 75.0086, 13.6791 ], [ 75.0108, 13.6908 ], [ 75.0078, 13.6909 ], [ 75.0195, 13.6946 ], [ 75.0194, 13.6992 ], [ 75.0146, 13.6998 ], [ 75.007, 13.7086 ], [ 75.0036, 13.7081 ], [ 75.0025, 13.712 ], [ 74.9997, 13.7106 ], [ 74.9877, 13.7135 ], [ 74.9875, 13.7194 ], [ 74.9926, 13.7226 ], [ 74.9939, 13.7274 ], [ 74.9963, 13.7447 ], [ 74.9803, 13.7467 ], [ 74.9745, 13.7529 ], [ 74.9523, 13.7589 ], [ 74.9398, 13.7707 ], [ 74.9381, 13.7771 ], [ 74.931, 13.7758 ], [ 74.9326, 13.796 ], [ 74.9243, 13.8013 ], [ 74.9244, 13.8064 ], [ 74.9193, 13.8134 ], [ 74.9229, 13.8153 ], [ 74.9196, 13.8246 ], [ 74.9128, 13.8217 ], [ 74.9146, 13.8342 ], [ 74.9118, 13.8458 ], [ 74.9142, 13.8531 ], [ 74.9111, 13.8588 ], [ 74.9077, 13.8621 ], [ 74.8849, 13.8681 ], [ 74.8803, 13.8816 ], [ 74.8701, 13.8917 ], [ 74.8704, 13.8973 ], [ 74.8631, 13.9065 ], [ 74.8542, 13.8946 ], [ 74.8417, 13.9046 ], [ 74.8402, 13.9112 ], [ 74.8447, 13.913 ], [ 74.8474, 13.9194 ], [ 74.8538, 13.9228 ], [ 74.8778, 13.9199 ], [ 74.8844, 13.9251 ], [ 74.8855, 13.929 ], [ 74.882, 13.9307 ], [ 74.878, 13.9499 ], [ 74.8827, 13.9514 ], [ 74.8863, 13.9559 ], [ 74.8955, 13.9575 ], [ 74.904, 13.9626 ], [ 74.907, 13.9688 ], [ 74.9146, 13.9733 ], [ 74.9155, 13.982 ], [ 74.9048, 13.9904 ], [ 74.9094, 13.9982 ], [ 74.914, 13.9974 ], [ 74.9165, 14.0002 ], [ 74.914, 14.0052 ], [ 74.9169, 14.0058 ], [ 74.9159, 14.0119 ], [ 74.9182, 14.0114 ], [ 74.9204, 14.0146 ], [ 74.9172, 14.0189 ], [ 74.9277, 14.0297 ], [ 74.9289, 14.0347 ], [ 74.9372, 14.0335 ], [ 74.9378, 14.0291 ], [ 74.9344, 14.0212 ], [ 74.9464, 14.0207 ], [ 74.9468, 14.0032 ], [ 74.9556, 14.0006 ], [ 74.9611, 13.9923 ], [ 74.9688, 13.9963 ], [ 74.9748, 13.9936 ], [ 74.9753, 13.9903 ], [ 74.9977, 13.9858 ], [ 75.0132, 13.9786 ], [ 75.0128, 13.985 ], [ 75.0165, 13.9902 ], [ 75.0095, 13.9995 ], [ 75.015, 14.0032 ], [ 75.0136, 14.0095 ], [ 75.0223, 14.0102 ], [ 75.0258, 14.0072 ], [ 75.0456, 14.0232 ], [ 75.0532, 14.0208 ], [ 75.0626, 14.0283 ], [ 75.0742, 14.0317 ], [ 75.0797, 14.0384 ], [ 75.0789, 14.0412 ], [ 75.0838, 14.0426 ], [ 75.0908, 14.0523 ], [ 75.1022, 14.0594 ], [ 75.1046, 14.0736 ], [ 75.0965, 14.0681 ], [ 75.095, 14.0691 ], [ 75.0892, 14.0839 ], [ 75.0912, 14.0981 ], [ 75.0943, 14.0957 ], [ 75.1036, 14.0992 ], [ 75.1053, 14.0902 ], [ 75.1106, 14.0913 ], [ 75.1164, 14.0963 ], [ 75.1288, 14.093 ], [ 75.1278, 14.0862 ], [ 75.1359, 14.0829 ], [ 75.131, 14.0804 ], [ 75.1398, 14.0632 ], [ 75.1519, 14.0684 ], [ 75.1583, 14.0643 ], [ 75.1651, 14.0645 ], [ 75.1646, 14.0569 ], [ 75.1571, 14.0531 ], [ 75.1584, 14.0499 ], [ 75.1558, 14.0466 ], [ 75.1474, 14.0431 ], [ 75.1435, 14.0438 ], [ 75.1397, 14.0399 ], [ 75.1462, 14.0352 ], [ 75.1442, 14.0267 ], [ 75.1493, 14.0282 ], [ 75.1584, 14.0235 ], [ 75.1585, 14.0299 ], [ 75.1695, 14.0421 ], [ 75.1742, 14.0424 ], [ 75.1781, 14.046 ], [ 75.1901, 14.0461 ], [ 75.197, 14.0301 ], [ 75.1909, 14.0251 ], [ 75.1908, 14.0214 ], [ 75.1936, 14.0196 ], [ 75.2166, 14.034 ], [ 75.2163, 14.0387 ], [ 75.2245, 14.0463 ], [ 75.2307, 14.0485 ], [ 75.2318, 14.0461 ], [ 75.2382, 14.0535 ], [ 75.247, 14.0575 ], [ 75.2479, 14.0489 ], [ 75.2565, 14.0437 ], [ 75.2592, 14.0492 ], [ 75.2717, 14.0469 ], [ 75.2761, 14.0505 ], [ 75.28, 14.0462 ], [ 75.2831, 14.0518 ], [ 75.2831, 14.0606 ], [ 75.2958, 14.0757 ], [ 75.3038, 14.0684 ], [ 75.3156, 14.0512 ], [ 75.3127, 14.0355 ], [ 75.3292, 14.029 ], [ 75.3421, 14.0178 ], [ 75.357, 14.0198 ], [ 75.3534, 14.008 ], [ 75.3506, 14.0072 ], [ 75.3515, 14.0024 ], [ 75.3483, 14.0022 ], [ 75.3619, 13.9722 ], [ 75.3509, 13.9566 ], [ 75.367, 13.9541 ], [ 75.3715, 13.9469 ], [ 75.3697, 13.896 ], [ 75.3747, 13.8537 ], [ 75.3544, 13.8528 ], [ 75.3416, 13.8556 ], [ 75.3325, 13.8624 ], [ 75.334, 13.871 ], [ 75.3252, 13.8735 ], [ 75.3236, 13.8802 ], [ 75.32, 13.8833 ], [ 75.3206, 13.8894 ], [ 75.307, 13.8864 ], [ 75.2905, 13.89 ], [ 75.2745, 13.8866 ], [ 75.2637, 13.8919 ], [ 75.2612, 13.8846 ], [ 75.2637, 13.8775 ], [ 75.2556, 13.8771 ], [ 75.2353, 13.8805 ], [ 75.2388, 13.8931 ], [ 75.2221, 13.9022 ], [ 75.2164, 13.9003 ], [ 75.2151, 13.8974 ], [ 75.2177, 13.8896 ], [ 75.2215, 13.8901 ], [ 75.2202, 13.8748 ], [ 75.2247, 13.8708 ], [ 75.2251, 13.8669 ], [ 75.222, 13.8639 ], [ 75.2253, 13.8617 ], [ 75.2247, 13.8583 ], [ 75.2279, 13.8574 ], [ 75.2226, 13.8564 ], [ 75.2243, 13.8457 ], [ 75.2227, 13.8438 ], [ 75.2195, 13.8498 ], [ 75.2156, 13.8489 ], [ 75.2064, 13.8429 ], [ 75.2072, 13.8398 ], [ 75.1984, 13.8325 ], [ 75.1945, 13.8329 ], [ 75.1778, 13.8203 ], [ 75.1875, 13.8379 ], [ 75.1797, 13.8449 ], [ 75.1708, 13.8427 ], [ 75.1594, 13.8465 ], [ 75.1545, 13.8542 ], [ 75.1509, 13.8447 ], [ 75.1451, 13.8413 ], [ 75.1492, 13.8373 ], [ 75.1495, 13.8328 ], [ 75.1417, 13.8282 ], [ 75.1373, 13.8158 ], [ 75.15, 13.8029 ], [ 75.1434, 13.8017 ], [ 75.1443, 13.7959 ], [ 75.1362, 13.7922 ], [ 75.126, 13.7948 ], [ 75.118, 13.7798 ], [ 75.1069, 13.7819 ], [ 75.1042, 13.7745 ], [ 75.0898, 13.7661 ], [ 75.0924, 13.7531 ], [ 75.1168, 13.7252 ], [ 75.1135, 13.7186 ], [ 75.149, 13.7025 ], [ 75.1531, 13.6969 ], [ 75.1581, 13.6961 ], [ 75.1613, 13.6903 ], [ 75.1591, 13.6825 ], [ 75.1496, 13.6738 ], [ 75.1381, 13.6783 ], [ 75.1354, 13.6652 ], [ 75.1378, 13.6554 ], [ 75.1354, 13.6472 ], [ 75.1295, 13.6476 ], [ 75.123, 13.6434 ], [ 75.1144, 13.643 ], [ 75.1084, 13.6329 ], [ 75.1005, 13.6365 ], [ 75.0976, 13.626 ], [ 75.0917, 13.6277 ], [ 75.0853, 13.6244 ], [ 75.0794, 13.625 ], [ 75.08, 13.6219 ], [ 75.0859, 13.6194 ], [ 75.0862, 13.618 ], [ 75.086, 13.616 ] ], [ [ 75.0852, 13.6161 ], [ 75.0851, 13.6183 ], [ 75.0845, 13.6163 ], [ 75.0852, 13.6161 ] ] ], [ [ [ 75.1255, 14.0948 ], [ 75.125, 14.0947 ], [ 75.1254, 14.095 ], [ 75.1255, 14.0948 ] ] ] ] } },
{ "type": "Feature", "properties": { "area_id": "KGIS-T-1505", "name_en": "Thirthahalli", "name_kn": "ತೀರ್ಥಹಳ್ಳಿ", "level": "block", "parent_id": "KGIS-D-15", "district_en": "Shivamogga", "lgd_code": "5519" }, "geometry": { "type": "MultiPolygon", "coordinates": [ [ [ [ 75.0851, 13.6183 ], [ 75.0852, 13.6161 ], [ 75.0845, 13.6163 ], [ 75.0851, 13.6183 ] ] ], [ [ [ 75.0861, 13.6176 ], [ 75.08, 13.6219 ], [ 75.0794, 13.625 ], [ 75.0853, 13.6244 ], [ 75.0917, 13.6277 ], [ 75.0976, 13.626 ], [ 75.1005, 13.6365 ], [ 75.1084, 13.6329 ], [ 75.1144, 13.643 ], [ 75.123, 13.6434 ], [ 75.1295, 13.6476 ], [ 75.1354, 13.6472 ], [ 75.1378, 13.6554 ], [ 75.1354, 13.6652 ], [ 75.1381, 13.6783 ], [ 75.1496, 13.6738 ], [ 75.1591, 13.6825 ], [ 75.1613, 13.6903 ], [ 75.1581, 13.6961 ], [ 75.1531, 13.6969 ], [ 75.149, 13.7025 ], [ 75.1135, 13.7186 ], [ 75.1168, 13.7252 ], [ 75.0924, 13.7531 ], [ 75.0898, 13.7661 ], [ 75.1042, 13.7745 ], [ 75.1069, 13.7819 ], [ 75.118, 13.7798 ], [ 75.126, 13.7948 ], [ 75.1362, 13.7922 ], [ 75.1443, 13.7959 ], [ 75.1434, 13.8017 ], [ 75.15, 13.8029 ], [ 75.1373, 13.8158 ], [ 75.1417, 13.8282 ], [ 75.1495, 13.8328 ], [ 75.1492, 13.8373 ], [ 75.1451, 13.8413 ], [ 75.1509, 13.8447 ], [ 75.1545, 13.8542 ], [ 75.1594, 13.8465 ], [ 75.1708, 13.8427 ], [ 75.1797, 13.8449 ], [ 75.1875, 13.8379 ], [ 75.1778, 13.8203 ], [ 75.1945, 13.8329 ], [ 75.1984, 13.8325 ], [ 75.2072, 13.8398 ], [ 75.2064, 13.8429 ], [ 75.2156, 13.8489 ], [ 75.2195, 13.8498 ], [ 75.2227, 13.8438 ], [ 75.2243, 13.8457 ], [ 75.2226, 13.8564 ], [ 75.2279, 13.8574 ], [ 75.2247, 13.8583 ], [ 75.2253, 13.8617 ], [ 75.222, 13.8638 ], [ 75.2251, 13.8669 ], [ 75.2248, 13.8704 ], [ 75.2202, 13.8748 ], [ 75.2215, 13.8901 ], [ 75.2177, 13.8896 ], [ 75.2151, 13.8974 ], [ 75.2164, 13.9003 ], [ 75.2221, 13.9022 ], [ 75.2388, 13.8931 ], [ 75.2353, 13.8805 ], [ 75.2556, 13.8771 ], [ 75.2637, 13.8775 ], [ 75.2612, 13.8846 ], [ 75.2637, 13.8919 ], [ 75.2745, 13.8866 ], [ 75.2905, 13.89 ], [ 75.307, 13.8864 ], [ 75.3206, 13.8894 ], [ 75.32, 13.8833 ], [ 75.3236, 13.8802 ], [ 75.3252, 13.8735 ], [ 75.334, 13.871 ], [ 75.3325, 13.8624 ], [ 75.3416, 13.8556 ], [ 75.3544, 13.8528 ], [ 75.3747, 13.8537 ], [ 75.3697, 13.896 ], [ 75.3703, 13.9259 ], [ 75.3883, 13.9197 ], [ 75.3925, 13.9177 ], [ 75.3893, 13.9062 ], [ 75.3946, 13.8999 ], [ 75.3959, 13.9037 ], [ 75.3994, 13.9029 ], [ 75.3958, 13.8991 ], [ 75.3987, 13.883 ], [ 75.3969, 13.8634 ], [ 75.4, 13.8604 ], [ 75.4018, 13.8654 ], [ 75.4049, 13.867 ], [ 75.4016, 13.8594 ], [ 75.4029, 13.8568 ], [ 75.4058, 13.8585 ], [ 75.4053, 13.8514 ], [ 75.4218, 13.8487 ], [ 75.4231, 13.8534 ], [ 75.4475, 13.8266 ], [ 75.4504, 13.8266 ], [ 75.4541, 13.8361 ], [ 75.4608, 13.8386 ], [ 75.4665, 13.8357 ], [ 75.4774, 13.842 ], [ 75.4817, 13.8359 ], [ 75.4913, 13.7968 ], [ 75.5035, 13.7961 ], [ 75.5094, 13.7906 ], [ 75.5102, 13.787 ], [ 75.5075, 13.7822 ], [ 75.4969, 13.7798 ], [ 75.4985, 13.7703 ], [ 75.4966, 13.7681 ], [ 75.4861, 13.7671 ], [ 75.4896, 13.7605 ], [ 75.472, 13.7508 ], [ 75.4607, 13.7401 ], [ 75.4606, 13.7328 ], [ 75.4557, 13.7234 ], [ 75.4284, 13.7151 ], [ 75.4226, 13.7078 ], [ 75.416, 13.7054 ], [ 75.4078, 13.7064 ], [ 75.4038, 13.7033 ], [ 75.3906, 13.7097 ], [ 75.3845, 13.711 ], [ 75.3809, 13.7085 ], [ 75.3803, 13.7043 ], [ 75.3841, 13.7045 ], [ 75.3873, 13.7004 ], [ 75.3938, 13.7006 ], [ 75.3934, 13.6939 ], [ 75.3973, 13.6915 ], [ 75.4059, 13.6709 ], [ 75.4057, 13.6589 ], [ 75.414, 13.6531 ], [ 75.4101, 13.6476 ], [ 75.4109, 13.6393 ], [ 75.4063, 13.633 ], [ 75.4066, 13.6258 ], [ 75.3931, 13.6295 ], [ 75.3924, 13.6244 ], [ 75.3873, 13.6221 ], [ 75.3888, 13.6185 ], [ 75.3851, 13.6126 ], [ 75.3768, 13.6137 ], [ 75.3798, 13.6175 ], [ 75.3744, 13.6262 ], [ 75.3653, 13.6193 ], [ 75.3677, 13.6107 ], [ 75.3645, 13.6069 ], [ 75.3648, 13.6024 ], [ 75.3701, 13.5962 ], [ 75.3536, 13.5932 ], [ 75.351, 13.5859 ], [ 75.3439, 13.582 ], [ 75.341, 13.5858 ], [ 75.3316, 13.5846 ], [ 75.3276, 13.5912 ], [ 75.3146, 13.5895 ], [ 75.3083, 13.5841 ], [ 75.2979, 13.5832 ], [ 75.2949, 13.5852 ], [ 75.2885, 13.5757 ], [ 75.2792, 13.5719 ], [ 75.2784, 13.5641 ], [ 75.2708, 13.568 ], [ 75.2644, 13.5854 ], [ 75.259, 13.5825 ], [ 75.2558, 13.5835 ], [ 75.2545, 13.594 ], [ 75.2486, 13.5964 ], [ 75.2447, 13.6054 ], [ 75.2368, 13.6021 ], [ 75.2359, 13.5992 ], [ 75.2317, 13.6 ], [ 75.2306, 13.6035 ], [ 75.2256, 13.6058 ], [ 75.2209, 13.6038 ], [ 75.2227, 13.5963 ], [ 75.2119, 13.585 ], [ 75.212, 13.5808 ], [ 75.2126, 13.5773 ], [ 75.226, 13.5683 ], [ 75.221, 13.5587 ], [ 75.2161, 13.5584 ], [ 75.2155, 13.5564 ], [ 75.2198, 13.5555 ], [ 75.218, 13.5513 ], [ 75.2236, 13.5483 ], [ 75.2207, 13.5343 ], [ 75.2249, 13.529 ], [ 75.2199, 13.525 ], [ 75.207, 13.5248 ], [ 75.2034, 13.5175 ], [ 75.2108, 13.5183 ], [ 75.2105, 13.5163 ], [ 75.2056, 13.5152 ], [ 75.2028, 13.509 ], [ 75.1994, 13.51 ], [ 75.198, 13.5073 ], [ 75.1884, 13.5091 ], [ 75.1792, 13.5035 ], [ 75.1767, 13.4987 ], [ 75.1709, 13.5066 ], [ 75.1607, 13.4974 ], [ 75.1601, 13.4932 ], [ 75.1479, 13.4788 ], [ 75.1364, 13.4779 ], [ 75.1402, 13.4631 ], [ 75.127, 13.4644 ], [ 75.1155, 13.459 ], [ 75.1113, 13.4634 ], [ 75.1129, 13.4726 ], [ 75.1017, 13.4869 ], [ 75.098, 13.4836 ], [ 75.0918, 13.4913 ], [ 75.0872, 13.4923 ], [ 75.0843, 13.4897 ], [ 75.0786, 13.4947 ], [ 75.0779, 13.5142 ], [ 75.0738, 13.5156 ], [ 75.0785, 13.5216 ], [ 75.0737, 13.5242 ], [ 75.0707, 13.5312 ], [ 75.0648, 13.5194 ], [ 75.0611, 13.5202 ], [ 75.0678, 13.5342 ], [ 75.0659, 13.5371 ], [ 75.0604, 13.5325 ], [ 75.0586, 13.5356 ], [ 75.0538, 13.5362 ], [ 75.0564, 13.5418 ], [ 75.0542, 13.5506 ], [ 75.0502, 13.5545 ], [ 75.0456, 13.5539 ], [ 75.046, 13.5586 ], [ 75.0385, 13.5648 ], [ 75.0372, 13.5724 ], [ 75.0406, 13.5739 ], [ 75.0451, 13.5849 ], [ 75.049, 13.5829 ], [ 75.0566, 13.5851 ], [ 75.0627, 13.5953 ], [ 75.0608, 13.6071 ], [ 75.0506, 13.616 ], [ 75.0583, 13.6248 ], [ 75.0588, 13.6288 ], [ 75.0619, 13.6264 ], [ 75.0641, 13.6277 ], [ 75.0757, 13.6098 ], [ 75.0798, 13.6085 ], [ 75.086, 13.616 ], [ 75.0861, 13.6176 ] ] ] ] } },
{ "type": "Feature", "properties": { "area_id": "KGIS-T-1506", "name_en": "Shimoga", "name_kn": "ಶಿವಮೊಗ್ಗ", "level": "block", "parent_id": "KGIS-D-15", "district_en": "Shivamogga", "lgd_code": null }, "geometry": { "type": "MultiPolygon", "coordinates": [ [ [ [ 75.6594, 13.8907 ], [ 75.6592, 13.8893 ], [ 75.6592, 13.8906 ], [ 75.6594, 13.8907 ] ] ], [ [ [ 75.6571, 13.8962 ], [ 75.6561, 13.8956 ], [ 75.6571, 13.8967 ], [ 75.6571, 13.8962 ] ] ], [ [ [ 75.6579, 13.8982 ], [ 75.6594, 13.8965 ], [ 75.6571, 13.8971 ], [ 75.6579, 13.8982 ] ] ], [ [ [ 75.3825, 14.1394 ], [ 75.3841, 14.1294 ], [ 75.4008, 14.1272 ], [ 75.3967, 14.1181 ], [ 75.4355, 14.1056 ], [ 75.4399, 14.1024 ], [ 75.4385, 14.0985 ], [ 75.4554, 14.0989 ], [ 75.4662, 14.1048 ], [ 75.477, 14.0996 ], [ 75.4891, 14.1036 ], [ 75.4908, 14.0977 ], [ 75.5062, 14.0988 ], [ 75.5109, 14.1014 ], [ 75.5242, 14.0937 ], [ 75.528, 14.0933 ], [ 75.5314, 14.0978 ], [ 75.5332, 14.0908 ], [ 75.5398, 14.0848 ], [ 75.5406, 14.0797 ], [ 75.5434, 14.0803 ], [ 75.5479, 14.077 ], [ 75.554, 14.0789 ], [ 75.5688, 14.0673 ], [ 75.5803, 14.0628 ], [ 75.5855, 14.0583 ], [ 75.5908, 14.0636 ], [ 75.6, 14.0613 ], [ 75.6051, 14.0574 ], [ 75.6108, 14.0598 ], [ 75.6181, 14.0771 ], [ 75.6306, 14.0745 ], [ 75.6326, 14.0805 ], [ 75.6354, 14.0816 ], [ 75.6406, 14.0812 ], [ 75.6444, 14.0751 ], [ 75.6514, 14.0711 ], [ 75.6739, 14.0657 ], [ 75.6937, 14.072 ], [ 75.7089, 14.0725 ], [ 75.7273, 14.0767 ], [ 75.736, 14.0651 ], [ 75.7369, 14.0598 ], [ 75.7319, 14.056 ], [ 75.7202, 14.0537 ], [ 75.706, 14.0555 ], [ 75.7021, 14.0534 ], [ 75.6899, 14.0369 ], [ 75.6832, 14.0336 ], [ 75.6743, 14.0089 ], [ 75.6758, 13.9964 ], [ 75.6824, 13.9901 ], [ 75.684, 13.9782 ], [ 75.6901, 13.9734 ], [ 75.6928, 13.9642 ], [ 75.7098, 13.9434 ], [ 75.693, 13.9372 ], [ 75.6942, 13.9343 ], [ 75.6976, 13.936 ], [ 75.6985, 13.9324 ], [ 75.6956, 13.9225 ], [ 75.7117, 13.926 ], [ 75.7141, 13.9229 ], [ 75.7122, 13.9172 ], [ 75.6987, 13.914 ], [ 75.6991, 13.9108 ], [ 75.6843, 13.9134 ], [ 75.6771, 13.9174 ], [ 75.6737, 13.9135 ], [ 75.671, 13.8969 ], [ 75.6559, 13.8996 ], [ 75.655, 13.8957 ], [ 75.6611, 13.8856 ], [ 75.6577, 13.885 ], [ 75.6573, 13.8786 ], [ 75.6511, 13.868 ], [ 75.6415, 13.8672 ], [ 75.6379, 13.863 ], [ 75.6368, 13.8559 ], [ 75.6323, 13.8517 ], [ 75.6189, 13.8444 ], [ 75.6102, 13.8431 ], [ 75.6081, 13.8403 ], [ 75.6098, 13.8327 ], [ 75.6052, 13.819 ], [ 75.6083, 13.8105 ], [ 75.6042, 13.7956 ], [ 75.5907, 13.7956 ], [ 75.6044, 13.7875 ], [ 75.6071, 13.7708 ], [ 75.6049, 13.7607 ], [ 75.571, 13.7559 ], [ 75.5679, 13.7536 ], [ 75.567, 13.7408 ], [ 75.57, 13.7346 ], [ 75.5607, 13.7291 ], [ 75.5532, 13.729 ], [ 75.5419, 13.7246 ], [ 75.5283, 13.7312 ], [ 75.5253, 13.7389 ], [ 75.5203, 13.7433 ], [ 75.5217, 13.7519 ], [ 75.5105, 13.7553 ], [ 75.5079, 13.7647 ], [ 75.5029, 13.7625 ], [ 75.4986, 13.7568 ], [ 75.49, 13.7674 ], [ 75.4966, 13.7681 ], [ 75.4985, 13.7703 ], [ 75.4969, 13.7798 ], [ 75.5075, 13.7822 ], [ 75.51, 13.789 ], [ 75.5035, 13.7961 ], [ 75.4913, 13.7968 ], [ 75.4817, 13.8359 ], [ 75.4774, 13.842 ], [ 75.4665, 13.8357 ], [ 75.4608, 13.8386 ], [ 75.4541, 13.8361 ], [ 75.4504, 13.8266 ], [ 75.4475, 13.8266 ], [ 75.4231, 13.8534 ], [ 75.4218, 13.8487 ], [ 75.4053, 13.8514 ], [ 75.4058, 13.8585 ], [ 75.4029, 13.8568 ], [ 75.4016, 13.8594 ], [ 75.4049, 13.867 ], [ 75.4018, 13.8654 ], [ 75.4, 13.8604 ], [ 75.3969, 13.8629 ], [ 75.3987, 13.883 ], [ 75.3958, 13.8991 ], [ 75.3994, 13.9029 ], [ 75.3959, 13.9037 ], [ 75.3946, 13.8999 ], [ 75.3893, 13.9062 ], [ 75.3925, 13.9177 ], [ 75.3703, 13.9259 ], [ 75.3715, 13.9469 ], [ 75.367, 13.9541 ], [ 75.3509, 13.9566 ], [ 75.3619, 13.9722 ], [ 75.3483, 14.0022 ], [ 75.3515, 14.0024 ], [ 75.3506, 14.0072 ], [ 75.3534, 14.008 ], [ 75.357, 14.0198 ], [ 75.3421, 14.0178 ], [ 75.3292, 14.029 ], [ 75.3127, 14.0355 ], [ 75.3156, 14.0512 ], [ 75.3038, 14.0684 ], [ 75.2861, 14.0842 ], [ 75.2801, 14.0793 ], [ 75.2664, 14.0862 ], [ 75.2671, 14.0971 ], [ 75.2719, 14.1024 ], [ 75.2781, 14.1011 ], [ 75.2823, 14.1122 ], [ 75.2932, 14.1275 ], [ 75.3074, 14.1267 ], [ 75.3155, 14.1041 ], [ 75.3286, 14.1116 ], [ 75.3656, 14.111 ], [ 75.3825, 14.1394 ] ], [ [ 75.6053, 13.861 ], [ 75.6088, 13.8561 ], [ 75.6096, 13.8628 ], [ 75.6053, 13.861 ] ], [ [ 75.6871, 13.9329 ], [ 75.6889, 13.9324 ], [ 75.6885, 13.9368 ], [ 75.687, 13.9356 ], [ 75.6869, 13.9334 ], [ 75.6871, 13.9329 ] ], [ [ 75.6859, 13.9242 ], [ 75.6866, 13.9333 ], [ 75.6864, 13.9375 ], [ 75.6757, 13.9363 ], [ 75.6733, 13.919 ], [ 75.683, 13.9198 ], [ 75.6859, 13.9242 ] ] ] ] } },
{ "type": "Feature", "properties": { "area_id": "KGIS-T-1507", "name_en": "Bhadravathi", "name_kn": "ಭದ್ರಾವತಿ", "level": "block", "parent_id": "KGIS-D-15", "district_en": "Shivamogga", "lgd_code": "5521" }, "geometry": { "type": "MultiPolygon", "coordinates": [ [ [ [ 75.6101, 13.8583 ], [ 75.607, 13.8567 ], [ 75.6053, 13.861 ], [ 75.6096, 13.8628 ], [ 75.6101, 13.8583 ] ] ], [ [ [ 75.755, 14.109 ], [ 75.7679, 14.1093 ], [ 75.7681, 14.1015 ], [ 75.7718, 14.1009 ], [ 75.804, 14.0998 ], [ 75.8128, 14.1038 ], [ 75.8135, 14.0951 ], [ 75.8227, 14.074 ], [ 75.8202, 14.0703 ], [ 75.821, 14.0636 ], [ 75.813, 14.0476 ], [ 75.8021, 14.0428 ], [ 75.799, 14.0334 ], [ 75.803, 14.0231 ], [ 75.8087, 14.024 ], [ 75.8246, 14.0179 ], [ 75.8246, 14.0063 ], [ 75.832, 13.9896 ], [ 75.8309, 13.9748 ], [ 75.8327, 13.9668 ], [ 75.8636, 13.9064 ], [ 75.8697, 13.9037 ], [ 75.8648, 13.8726 ], [ 75.8657, 13.8559 ], [ 75.8768, 13.8091 ], [ 75.8514, 13.8108 ], [ 75.8247, 13.8171 ], [ 75.8044, 13.7947 ], [ 75.7897, 13.7953 ], [ 75.7894, 13.7999 ], [ 75.778, 13.7909 ], [ 75.7769, 13.7948 ], [ 75.7638, 13.7964 ], [ 75.7599, 13.7945 ], [ 75.7664, 13.7894 ], [ 75.7648, 13.7823 ], [ 75.7493, 13.7809 ], [ 75.7321, 13.7689 ], [ 75.713, 13.7721 ], [ 75.7097, 13.7657 ], [ 75.6865, 13.7673 ], [ 75.6822, 13.7609 ], [ 75.6889, 13.7526 ], [ 75.6847, 13.7492 ], [ 75.6755, 13.7519 ], [ 75.6748, 13.7612 ], [ 75.6702, 13.7655 ], [ 75.6631, 13.756 ], [ 75.6637, 13.7504 ], [ 75.6571, 13.7489 ], [ 75.6559, 13.7462 ], [ 75.6596, 13.7408 ], [ 75.6653, 13.7385 ], [ 75.6676, 13.7311 ], [ 75.6756, 13.7279 ], [ 75.674, 13.722 ], [ 75.6531, 13.7189 ], [ 75.6437, 13.7052 ], [ 75.6333, 13.7016 ], [ 75.6291, 13.704 ], [ 75.6261, 13.7014 ], [ 75.6216, 13.7033 ], [ 75.6186, 13.7084 ], [ 75.6206, 13.7134 ], [ 75.6172, 13.7224 ], [ 75.6268, 13.7341 ], [ 75.6094, 13.746 ], [ 75.6084, 13.7593 ], [ 75.6049, 13.7607 ], [ 75.6071, 13.7708 ], [ 75.6044, 13.7875 ], [ 75.5907, 13.7956 ], [ 75.6042, 13.7956 ], [ 75.6083, 13.8105 ], [ 75.6052, 13.819 ], [ 75.6098, 13.8327 ], [ 75.6081, 13.8403 ], [ 75.6102, 13.8431 ], [ 75.6189, 13.8444 ], [ 75.6323, 13.8517 ], [ 75.6368, 13.8559 ], [ 75.6379, 13.863 ], [ 75.6412, 13.867 ], [ 75.6511, 13.868 ], [ 75.6547, 13.8735 ], [ 75.6577, 13.885 ], [ 75.6611, 13.8856 ], [ 75.655, 13.8957 ], [ 75.6559, 13.8996 ], [ 75.671, 13.8969 ], [ 75.6737, 13.9135 ], [ 75.6771, 13.9174 ], [ 75.6843, 13.9134 ], [ 75.6991, 13.9108 ], [ 75.6987, 13.914 ], [ 75.7122, 13.9172 ], [ 75.7141, 13.9229 ], [ 75.7117, 13.926 ], [ 75.6956, 13.9225 ], [ 75.6985, 13.9324 ], [ 75.6976, 13.936 ], [ 75.6942, 13.9343 ], [ 75.693, 13.9372 ], [ 75.7098, 13.9434 ], [ 75.6928, 13.9642 ], [ 75.6901, 13.9734 ], [ 75.684, 13.9782 ], [ 75.6824, 13.9901 ], [ 75.6758, 13.9964 ], [ 75.6743, 14.0089 ], [ 75.6832, 14.0336 ], [ 75.6899, 14.0369 ], [ 75.7021, 14.0534 ], [ 75.706, 14.0555 ], [ 75.7202, 14.0537 ], [ 75.7355, 14.0576 ], [ 75.736, 14.0651 ], [ 75.721, 14.0834 ], [ 75.7383, 14.0873 ], [ 75.7394, 14.1015 ], [ 75.7529, 14.102 ], [ 75.755, 14.109 ] ], [ [ 75.6592, 13.8893 ], [ 75.6594, 13.8907 ], [ 75.6592, 13.8906 ], [ 75.6592, 13.8893 ] ], [ [ 75.6572, 13.8954 ], [ 75.6561, 13.896 ], [ 75.6561, 13.8956 ], [ 75.6572, 13.8954 ] ], [ [ 75.6594, 13.8965 ], [ 75.6578, 13.8975 ], [ 75.6571, 13.8975 ], [ 75.6571, 13.8971 ], [ 75.6594, 13.8965 ] ] ], [ [ [ 75.6866, 13.9333 ], [ 75.683, 13.9198 ], [ 75.6733, 13.919 ], [ 75.6757, 13.9363 ], [ 75.6864, 13.9375 ], [ 75.6866, 13.9333 ] ] ], [ [ [ 75.6889, 13.9324 ], [ 75.687, 13.9356 ], [ 75.6887, 13.9367 ], [ 75.6889, 13.9324 ] ] ] ] } },
{ "type": "Feature", "properties": { "area_id": "KGIS-T-1601", "name_en": "Kundapur", "name_kn": "ಕುಂದಾಪುರ", "level": "block", "parent_id": "KGIS-D-16", "district_en": "Udupi", "lgd_code": "5522" }, "geometry": { "type": "Polygon", "coordinates": [ [ [ 74.8038, 13.7955 ], [ 74.8086, 13.7934 ], [ 74.8121, 13.784 ], [ 74.82, 13.786 ], [ 74.82, 13.7835 ], [ 74.8284, 13.7759 ], [ 74.8349, 13.7817 ], [ 74.8427, 13.7813 ], [ 74.8609, 13.77 ], [ 74.8675, 13.7701 ], [ 74.8762, 13.7643 ], [ 74.8795, 13.7548 ], [ 74.8753, 13.7554 ], [ 74.8747, 13.7499 ], [ 74.8696, 13.7474 ], [ 74.8678, 13.7369 ], [ 74.8714, 13.7279 ], [ 74.8858, 13.731 ], [ 74.8914, 13.7364 ], [ 74.8953, 13.736 ], [ 74.9, 13.7434 ], [ 74.9099, 13.7455 ], [ 74.9107, 13.7498 ], [ 74.9216, 13.7562 ], [ 74.9267, 13.7365 ], [ 74.9414, 13.7414 ], [ 74.9466, 13.7397 ], [ 74.9544, 13.7583 ], [ 74.9745, 13.7529 ], [ 74.9803, 13.7467 ], [ 74.9963, 13.7447 ], [ 74.9939, 13.7274 ], [ 74.9926, 13.7226 ], [ 74.9875, 13.7194 ], [ 74.9877, 13.7135 ], [ 74.9997, 13.7106 ], [ 75.0025, 13.712 ], [ 75.0036, 13.7081 ], [ 75.007, 13.7086 ], [ 75.0146, 13.6998 ], [ 75.0194, 13.6992 ], [ 75.0195, 13.6946 ], [ 75.0078, 13.6909 ], [ 75.0108, 13.6908 ], [ 75.0086, 13.6791 ], [ 75.0094, 13.6769 ], [ 75.0161, 13.6778 ], [ 75.0267, 13.6705 ], [ 75.0263, 13.6665 ], [ 75.0216, 13.6618 ], [ 75.0124, 13.6665 ], [ 75.0081, 13.6606 ], [ 75.0107, 13.6555 ], [ 75.0077, 13.6535 ], [ 75.0087, 13.6453 ], [ 75.0138, 13.6423 ], [ 75.0112, 13.6347 ], [ 75.0185, 13.6286 ], [ 75.0262, 13.6281 ], [ 75.0352, 13.6174 ], [ 75.0505, 13.6161 ], [ 75.054, 13.6112 ], [ 75.0572, 13.6112 ], [ 75.0626, 13.6026 ], [ 75.0601, 13.5889 ], [ 75.0515, 13.583 ], [ 75.0451, 13.5849 ], [ 75.0406, 13.5739 ], [ 75.0372, 13.5724 ], [ 75.0382, 13.5691 ], [ 75.0085, 13.5691 ], [ 74.9904, 13.5657 ], [ 74.984, 13.5807 ], [ 74.9697, 13.5888 ], [ 74.9663, 13.5807 ], [ 74.9603, 13.5773 ], [ 74.9574, 13.5792 ], [ 74.9521, 13.5741 ], [ 74.956, 13.5704 ], [ 74.9532, 13.5663 ], [ 74.9553, 13.5607 ], [ 74.9527, 13.552 ], [ 74.9488, 13.5491 ], [ 74.9504, 13.5432 ], [ 74.9461, 13.5404 ], [ 74.9482, 13.5359 ], [ 74.9466, 13.5319 ], [ 74.9418, 13.531 ], [ 74.9305, 13.5206 ], [ 74.9257, 13.527 ], [ 74.9267, 13.5315 ], [ 74.9297, 13.5389 ], [ 74.9363, 13.5442 ], [ 74.9271, 13.5429 ], [ 74.9254, 13.5454 ], [ 74.9176, 13.5474 ], [ 74.9163, 13.545 ], [ 74.9125, 13.5448 ], [ 74.9093, 13.5499 ], [ 74.9052, 13.5504 ], [ 74.9031, 13.5551 ], [ 74.8867, 13.5609 ], [ 74.8859, 13.5637 ], [ 74.881, 13.5628 ], [ 74.881, 13.5587 ], [ 74.8723, 13.5501 ], [ 74.8654, 13.5533 ], [ 74.8645, 13.5489 ], [ 74.8667, 13.547 ], [ 74.8568, 13.543 ], [ 74.8494, 13.5583 ], [ 74.8404, 13.5675 ], [ 74.8204, 13.5571 ], [ 74.8197, 13.5522 ], [ 74.8224, 13.5467 ], [ 74.8195, 13.5428 ], [ 74.8167, 13.5417 ], [ 74.8128, 13.5439 ], [ 74.8067, 13.5401 ], [ 74.7927, 13.5484 ], [ 74.7844, 13.5447 ], [ 74.7844, 13.5427 ], [ 74.7719, 13.5424 ], [ 74.7707, 13.5373 ], [ 74.7627, 13.5314 ], [ 74.7614, 13.5337 ], [ 74.7558, 13.5336 ], [ 74.753, 13.5291 ], [ 74.7461, 13.5251 ], [ 74.7454, 13.5273 ], [ 74.7419, 13.526 ], [ 74.7404, 13.5282 ], [ 74.7387, 13.5225 ], [ 74.7305, 13.5202 ], [ 74.7287, 13.5226 ], [ 74.7322, 13.5259 ], [ 74.7306, 13.537 ], [ 74.7269, 13.5386 ], [ 74.7224, 13.5358 ], [ 74.7144, 13.537 ], [ 74.7122, 13.5353 ], [ 74.7067, 13.5482 ], [ 74.7016, 13.5477 ], [ 74.7002, 13.5441 ], [ 74.691, 13.5444 ], [ 74.6905, 13.5418 ], [ 74.6826, 13.5415 ], [ 74.6685, 13.6307 ], [ 74.6706, 13.6299 ], [ 74.6633, 13.6537 ], [ 74.6514, 13.6654 ], [ 74.6442, 13.6871 ], [ 74.6417, 13.7083 ], [ 74.6536, 13.696 ], [ 74.6555, 13.7034 ], [ 74.6602, 13.7078 ], [ 74.6632, 13.7154 ], [ 74.6703, 13.7144 ], [ 74.669, 13.7175 ], [ 74.6734, 13.7182 ], [ 74.6706, 13.7195 ], [ 74.671, 13.7249 ], [ 74.693, 13.7362 ], [ 74.6948, 13.7296 ], [ 74.7002, 13.7377 ], [ 74.6938, 13.7517 ], [ 74.6816, 13.7444 ], [ 74.6836, 13.7477 ], [ 74.6813, 13.7522 ], [ 74.6823, 13.756 ], [ 74.6927, 13.7624 ], [ 74.6986, 13.7629 ], [ 74.7015, 13.7572 ], [ 74.7057, 13.7574 ], [ 74.7086, 13.759 ], [ 74.7104, 13.7655 ], [ 74.7185, 13.7706 ], [ 74.7286, 13.7687 ], [ 74.7323, 13.7655 ], [ 74.7381, 13.7693 ], [ 74.7443, 13.7636 ], [ 74.7477, 13.7675 ], [ 74.7504, 13.7661 ], [ 74.7606, 13.7703 ], [ 74.764, 13.7762 ], [ 74.7634, 13.783 ], [ 74.8038, 13.7955 ] ] ] } },
{ "type": "Feature", "properties": { "area_id": "KGIS-T-1602", "name_en": "Udupi", "name_kn": "ಉಡುಪಿ", "level": "block", "parent_id": "KGIS-D-16", "district_en": "Udupi", "lgd_code": "5523" }, "geometry": { "type": "MultiPolygon", "coordinates": [ [ [ [ 74.6915, 13.3317 ], [ 74.6919, 13.3327 ], [ 74.6931, 13.3314 ], [ 74.6915, 13.3317 ] ] ], [ [ [ 74.6909, 13.3391 ], [ 74.6899, 13.3358 ], [ 74.6878, 13.337 ], [ 74.6893, 13.3402 ], [ 74.6909, 13.3391 ] ] ], [ [ [ 74.6874, 13.3446 ], [ 74.6881, 13.3419 ], [ 74.6835, 13.3437 ], [ 74.6851, 13.3461 ], [ 74.6874, 13.3446 ] ] ], [ [ [ 74.7054, 13.4156 ], [ 74.7178, 13.4154 ], [ 74.7299, 13.4073 ], [ 74.7372, 13.4092 ], [ 74.7406, 13.4054 ], [ 74.7484, 13.3822 ], [ 74.7535, 13.3783 ], [ 74.76, 13.3798 ], [ 74.7606, 13.3829 ], [ 74.7695, 13.3802 ], [ 74.775, 13.3824 ], [ 74.7827, 13.3755 ], [ 74.7882, 13.3739 ], [ 74.7978, 13.377 ], [ 74.8025, 13.3843 ], [ 74.8091, 13.3795 ], [ 74.8174, 13.3798 ], [ 74.8212, 13.3866 ], [ 74.818, 13.3917 ], [ 74.8157, 13.4037 ], [ 74.8229, 13.4032 ], [ 74.8304, 13.41 ], [ 74.8377, 13.4034 ], [ 74.8436, 13.4114 ], [ 74.844, 13.4054 ], [ 74.8517, 13.4087 ], [ 74.8541, 13.4062 ], [ 74.8611, 13.4065 ], [ 74.8647, 13.404 ], [ 74.8674, 13.4075 ], [ 74.8775, 13.4095 ], [ 74.8823, 13.4051 ], [ 74.8963, 13.4158 ], [ 74.9048, 13.4182 ], [ 74.9129, 13.4295 ], [ 74.9219, 13.4357 ], [ 74.9281, 13.435 ], [ 74.9376, 13.429 ], [ 74.9356, 13.4235 ], [ 74.9382, 13.4169 ], [ 74.9483, 13.4114 ], [ 74.9506, 13.4026 ], [ 74.9557, 13.4001 ], [ 74.9534, 13.3846 ], [ 74.956, 13.3813 ], [ 74.944, 13.383 ], [ 74.9405, 13.3761 ], [ 74.9429, 13.3691 ], [ 74.9497, 13.367 ], [ 74.9515, 13.3621 ], [ 74.9493, 13.3589 ], [ 74.9499, 13.3541 ], [ 74.941, 13.355 ], [ 74.9389, 13.348 ], [ 74.9465, 13.3362 ], [ 74.9495, 13.3207 ], [ 74.9383, 13.3198 ], [ 74.9245, 13.3243 ], [ 74.9156, 13.33 ], [ 74.917, 13.3204 ], [ 74.9073, 13.3114 ], [ 74.8952, 13.3084 ], [ 74.8897, 13.3099 ], [ 74.8879, 13.3147 ], [ 74.8778, 13.3215 ], [ 74.8785, 13.3186 ], [ 74.875, 13.3119 ], [ 74.8713, 13.3124 ], [ 74.8704, 13.3148 ], [ 74.8666, 13.3097 ], [ 74.8673, 13.3045 ], [ 74.8741, 13.2941 ], [ 74.86, 13.2724 ], [ 74.8479, 13.2738 ], [ 74.849, 13.2791 ], [ 74.8436, 13.2867 ], [ 74.8394, 13.2847 ], [ 74.8289, 13.288 ], [ 74.8277, 13.2843 ], [ 74.8201, 13.2874 ], [ 74.8195, 13.2905 ], [ 74.8119, 13.2921 ], [ 74.8089, 13.2897 ], [ 74.8052, 13.2905 ], [ 74.7999, 13.2965 ], [ 74.7945, 13.2928 ], [ 74.7906, 13.2934 ], [ 74.7902, 13.2891 ], [ 74.7944, 13.2851 ], [ 74.7935, 13.2825 ], [ 74.7884, 13.2832 ], [ 74.786, 13.2813 ], [ 74.7843, 13.286 ], [ 74.7784, 13.2828 ], [ 74.7748, 13.2844 ], [ 74.7769, 13.2902 ], [ 74.7754, 13.2921 ], [ 74.7601, 13.2888 ], [ 74.757, 13.2956 ], [ 74.7422, 13.2966 ], [ 74.7398, 13.2941 ], [ 74.74, 13.2883 ], [ 74.7332, 13.2884 ], [ 74.7239, 13.2764 ], [ 74.7138, 13.3246 ], [ 74.7065, 13.3373 ], [ 74.6984, 13.3437 ], [ 74.7006, 13.3473 ], [ 74.6964, 13.3746 ], [ 74.697, 13.4156 ], [ 74.6938, 13.435 ], [ 74.6999, 13.4373 ], [ 74.6998, 13.43 ], [ 74.7054, 13.4156 ] ] ], [ [ [ 74.6825, 13.382 ], [ 74.682, 13.3842 ], [ 74.6862, 13.3784 ], [ 74.6825, 13.382 ] ] ] ] } },
{ "type": "Feature", "properties": { "area_id": "KGIS-T-1603", "name_en": "Karkala", "name_kn": "ಕಾರ್ಕಳ", "level": "block", "parent_id": "KGIS-D-16", "district_en": "Udupi", "lgd_code": "5524" }, "geometry": { "type": "Polygon", "coordinates": [ [ [ 74.9801, 13.3841 ], [ 74.9929, 13.377 ], [ 74.9988, 13.3697 ], [ 74.9948, 13.3641 ], [ 75.0026, 13.3499 ], [ 75.012, 13.3549 ], [ 75.026, 13.3537 ], [ 75.0218, 13.3419 ], [ 75.0227, 13.3361 ], [ 75.0304, 13.3249 ], [ 75.0285, 13.3221 ], [ 75.032, 13.3189 ], [ 75.0456, 13.323 ], [ 75.0916, 13.3196 ], [ 75.1075, 13.2877 ], [ 75.1138, 13.2855 ], [ 75.1174, 13.2778 ], [ 75.1229, 13.2776 ], [ 75.1304, 13.2824 ], [ 75.1338, 13.2816 ], [ 75.1385, 13.286 ], [ 75.1417, 13.285 ], [ 75.1524, 13.2615 ], [ 75.1644, 13.2143 ], [ 75.1679, 13.2076 ], [ 75.1643, 13.2036 ], [ 75.1649, 13.1986 ], [ 75.1795, 13.1917 ], [ 75.1895, 13.181 ], [ 75.204, 13.1763 ], [ 75.2078, 13.169 ], [ 75.207, 13.1583 ], [ 75.1845, 13.1611 ], [ 75.179, 13.1498 ], [ 75.169, 13.1415 ], [ 75.1621, 13.1301 ], [ 75.1594, 13.1316 ], [ 75.1487, 13.1233 ], [ 75.1443, 13.1261 ], [ 75.1447, 13.1322 ], [ 75.1427, 13.1302 ], [ 75.1299, 13.1333 ], [ 75.1281, 13.1298 ], [ 75.1214, 13.1327 ], [ 75.1207, 13.1382 ], [ 75.1115, 13.1476 ], [ 75.1142, 13.1504 ], [ 75.1059, 13.1474 ], [ 75.1032, 13.151 ], [ 75.1041, 13.1538 ], [ 75.1003, 13.1533 ], [ 75.1002, 13.1599 ], [ 75.0963, 13.1619 ], [ 75.0811, 13.1584 ], [ 75.0789, 13.1464 ], [ 75.0735, 13.1491 ], [ 75.0641, 13.1467 ], [ 75.0666, 13.1397 ], [ 75.05, 13.1355 ], [ 75.0359, 13.1432 ], [ 75.0325, 13.1394 ], [ 75.016, 13.1319 ], [ 75.0167, 13.1369 ], [ 75.0027, 13.1456 ], [ 74.9945, 13.1543 ], [ 74.9868, 13.1486 ], [ 74.975, 13.1276 ], [ 74.9523, 13.1181 ], [ 74.9392, 13.1314 ], [ 74.9434, 13.1344 ], [ 74.941, 13.1356 ], [ 74.9425, 13.1415 ], [ 74.9402, 13.1438 ], [ 74.9357, 13.1414 ], [ 74.9325, 13.147 ], [ 74.9089, 13.129 ], [ 74.9074, 13.1215 ], [ 74.9133, 13.1195 ], [ 74.9138, 13.1157 ], [ 74.908, 13.1113 ], [ 74.9116, 13.1085 ], [ 74.9025, 13.1078 ], [ 74.9008, 13.1043 ], [ 74.8926, 13.103 ], [ 74.8787, 13.0946 ], [ 74.8735, 13.0998 ], [ 74.8732, 13.1108 ], [ 74.869, 13.1199 ], [ 74.8636, 13.1221 ], [ 74.8623, 13.1264 ], [ 74.8499, 13.1261 ], [ 74.847, 13.1293 ], [ 74.8424, 13.1273 ], [ 74.826, 13.1304 ], [ 74.8252, 13.1363 ], [ 74.823, 13.1383 ], [ 74.8204, 13.1372 ], [ 74.8218, 13.1467 ], [ 74.8322, 13.1518 ], [ 74.8464, 13.1513 ], [ 74.8533, 13.1546 ], [ 74.8529, 13.1678 ], [ 74.8505, 13.1706 ], [ 74.8568, 13.1718 ], [ 74.8573, 13.1738 ], [ 74.8541, 13.1731 ], [ 74.8521, 13.1756 ], [ 74.8566, 13.1836 ], [ 74.85, 13.189 ], [ 74.8532, 13.1938 ], [ 74.8609, 13.1917 ], [ 74.8624, 13.1953 ], [ 74.8567, 13.2057 ], [ 74.8439, 13.2117 ], [ 74.8423, 13.2103 ], [ 74.8489, 13.2237 ], [ 74.8574, 13.2179 ], [ 74.8582, 13.22 ], [ 74.8631, 13.2186 ], [ 74.8545, 13.2352 ], [ 74.8571, 13.2388 ], [ 74.8579, 13.2497 ], [ 74.8547, 13.2531 ], [ 74.8544, 13.2574 ], [ 74.8444, 13.2639 ], [ 74.8477, 13.2685 ], [ 74.8476, 13.2738 ], [ 74.86, 13.2724 ], [ 74.8741, 13.2941 ], [ 74.8673, 13.3045 ], [ 74.8676, 13.3124 ], [ 74.8704, 13.3148 ], [ 74.8713, 13.3124 ], [ 74.875, 13.3119 ], [ 74.8785, 13.3186 ], [ 74.8778, 13.3215 ], [ 74.8879, 13.3147 ], [ 74.891, 13.3093 ], [ 74.8965, 13.3085 ], [ 74.9073, 13.3114 ], [ 74.917, 13.3204 ], [ 74.9156, 13.33 ], [ 74.9245, 13.3243 ], [ 74.9383, 13.3198 ], [ 74.9495, 13.3207 ], [ 74.9465, 13.3362 ], [ 74.9389, 13.348 ], [ 74.941, 13.355 ], [ 74.9499, 13.3541 ], [ 74.9493, 13.3589 ], [ 74.9515, 13.3615 ], [ 74.9509, 13.3659 ], [ 74.9429, 13.3691 ], [ 74.9407, 13.3732 ], [ 74.9423, 13.3818 ], [ 74.9481, 13.3831 ], [ 74.9537, 13.3804 ], [ 74.9663, 13.3849 ], [ 74.9682, 13.3793 ], [ 74.9732, 13.385 ], [ 74.9801, 13.3841 ] ] ] } },
{ "type": "Feature", "properties": { "area_id": "KGIS-T-1604", "name_en": "Bynduru", "name_kn": "", "level": "block", "parent_id": "KGIS-D-16", "district_en": "Udupi", "lgd_code": null }, "geometry": { "type": "Polygon", "coordinates": [ [ [ 74.6771, 13.9666 ], [ 74.6792, 13.9577 ], [ 74.6881, 13.9563 ], [ 74.6944, 13.9473 ], [ 74.6935, 13.9408 ], [ 74.6856, 13.9392 ], [ 74.6824, 13.9344 ], [ 74.6921, 13.9247 ], [ 74.7056, 13.9233 ], [ 74.7082, 13.9207 ], [ 74.7149, 13.9105 ], [ 74.7142, 13.9056 ], [ 74.7114, 13.9039 ], [ 74.7224, 13.9048 ], [ 74.7376, 13.9101 ], [ 74.7571, 13.9065 ], [ 74.7631, 13.9124 ], [ 74.7711, 13.9139 ], [ 74.7892, 13.9085 ], [ 74.792, 13.9034 ], [ 74.7928, 13.9062 ], [ 74.8, 13.9096 ], [ 74.8055, 13.9057 ], [ 74.819, 13.9079 ], [ 74.8378, 13.8986 ], [ 74.8405, 13.8919 ], [ 74.8438, 13.8919 ], [ 74.8555, 13.8805 ], [ 74.8596, 13.8693 ], [ 74.8703, 13.8563 ], [ 74.8763, 13.8561 ], [ 74.8808, 13.86 ], [ 74.8796, 13.864 ], [ 74.8856, 13.8676 ], [ 74.9096, 13.861 ], [ 74.9142, 13.8531 ], [ 74.9118, 13.8458 ], [ 74.9146, 13.8342 ], [ 74.9128, 13.8217 ], [ 74.9196, 13.8246 ], [ 74.9229, 13.8153 ], [ 74.9193, 13.8134 ], [ 74.9244, 13.8064 ], [ 74.9243, 13.8013 ], [ 74.9326, 13.796 ], [ 74.931, 13.7758 ], [ 74.9381, 13.7771 ], [ 74.9398, 13.7707 ], [ 74.9544, 13.7583 ], [ 74.9466, 13.7397 ], [ 74.9414, 13.7414 ], [ 74.9267, 13.7365 ], [ 74.9216, 13.7562 ], [ 74.9107, 13.7498 ], [ 74.9099, 13.7455 ], [ 74.9, 13.7434 ], [ 74.8953, 13.736 ], [ 74.8914, 13.7364 ], [ 74.8858, 13.731 ], [ 74.8714, 13.7279 ], [ 74.8678, 13.7369 ], [ 74.8696, 13.7474 ], [ 74.8747, 13.7499 ], [ 74.8753, 13.7554 ], [ 74.8795, 13.7548 ], [ 74.8762, 13.7643 ], [ 74.8675, 13.7701 ], [ 74.8609, 13.77 ], [ 74.8427, 13.7813 ], [ 74.8349, 13.7817 ], [ 74.8284, 13.7759 ], [ 74.82, 13.7835 ], [ 74.82, 13.786 ], [ 74.8121, 13.784 ], [ 74.8086, 13.7934 ], [ 74.8037, 13.7956 ], [ 74.7634, 13.783 ], [ 74.764, 13.7762 ], [ 74.7606, 13.7703 ], [ 74.7504, 13.7661 ], [ 74.7477, 13.7675 ], [ 74.7443, 13.7636 ], [ 74.7381, 13.7693 ], [ 74.7323, 13.7655 ], [ 74.7286, 13.7687 ], [ 74.7178, 13.7706 ], [ 74.7104, 13.7655 ], [ 74.7086, 13.759 ], [ 74.7057, 13.7574 ], [ 74.7015, 13.7572 ], [ 74.6986, 13.7629 ], [ 74.695, 13.7634 ], [ 74.6835, 13.7574 ], [ 74.6816, 13.7444 ], [ 74.6938, 13.7517 ], [ 74.7, 13.7372 ], [ 74.6948, 13.7296 ], [ 74.693, 13.7362 ], [ 74.671, 13.7249 ], [ 74.6706, 13.7195 ], [ 74.6734, 13.7182 ], [ 74.669, 13.7175 ], [ 74.6703, 13.7144 ], [ 74.6632, 13.7154 ], [ 74.6602, 13.7078 ], [ 74.6553, 13.7029 ], [ 74.6545, 13.6964 ], [ 74.6483, 13.6994 ], [ 74.6422, 13.7085 ], [ 74.6205, 13.8191 ], [ 74.6077, 13.8663 ], [ 74.5971, 13.8836 ], [ 74.5898, 13.9122 ], [ 74.5855, 13.9224 ], [ 74.5817, 13.9254 ], [ 74.5901, 13.9306 ], [ 74.5953, 13.9418 ], [ 74.5968, 13.932 ], [ 74.6064, 13.9408 ], [ 74.6186, 13.9418 ], [ 74.6206, 13.9358 ], [ 74.6317, 13.9462 ], [ 74.6311, 13.944 ], [ 74.6352, 13.9441 ], [ 74.6336, 13.9399 ], [ 74.6478, 13.9407 ], [ 74.6481, 13.944 ], [ 74.6527, 13.946 ], [ 74.6487, 13.95 ], [ 74.6466, 13.9631 ], [ 74.6647, 13.981 ], [ 74.67, 13.9695 ], [ 74.6771, 13.9666 ] ] ] } },
{ "type": "Feature", "properties": { "area_id": "KGIS-T-1605", "name_en": "Bramhavara", "name_kn": "ಬ್ರಹ್ಮವರ", "level": "block", "parent_id": "KGIS-D-16", "district_en": "Udupi", "lgd_code": null }, "geometry": { "type": "Polygon", "coordinates": [ [ [ 74.8491, 13.5579 ], [ 74.8568, 13.543 ], [ 74.8667, 13.547 ], [ 74.8645, 13.5489 ], [ 74.8654, 13.5533 ], [ 74.8723, 13.5501 ], [ 74.881, 13.5587 ], [ 74.881, 13.5628 ], [ 74.8848, 13.5638 ], [ 74.8867, 13.5609 ], [ 74.8949, 13.5596 ], [ 74.898, 13.5556 ], [ 74.9031, 13.5551 ], [ 74.9052, 13.5504 ], [ 74.9093, 13.5499 ], [ 74.9145, 13.54 ], [ 74.9178, 13.5236 ], [ 74.9153, 13.519 ], [ 74.9019, 13.5169 ], [ 74.8939, 13.5072 ], [ 74.9065, 13.5008 ], [ 74.9086, 13.4937 ], [ 74.9242, 13.4886 ], [ 74.9206, 13.4861 ], [ 74.9256, 13.4758 ], [ 74.9334, 13.4674 ], [ 74.9409, 13.469 ], [ 74.9475, 13.4599 ], [ 74.9527, 13.4574 ], [ 74.9479, 13.4537 ], [ 74.946, 13.4452 ], [ 74.9331, 13.4389 ], [ 74.9374, 13.4349 ], [ 74.9344, 13.4313 ], [ 74.9224, 13.436 ], [ 74.9129, 13.4295 ], [ 74.9048, 13.4182 ], [ 74.8963, 13.4158 ], [ 74.8823, 13.4051 ], [ 74.8775, 13.4095 ], [ 74.8674, 13.4075 ], [ 74.8647, 13.404 ], [ 74.8611, 13.4065 ], [ 74.8541, 13.4062 ], [ 74.8517, 13.4087 ], [ 74.844, 13.4054 ], [ 74.8436, 13.4114 ], [ 74.8377, 13.4034 ], [ 74.8304, 13.41 ], [ 74.8229, 13.4032 ], [ 74.8157, 13.4037 ], [ 74.818, 13.3917 ], [ 74.8212, 13.3866 ], [ 74.8157, 13.3786 ], [ 74.8091, 13.3795 ], [ 74.8025, 13.3843 ], [ 74.7978, 13.377 ], [ 74.7882, 13.3739 ], [ 74.7827, 13.3755 ], [ 74.775, 13.3824 ], [ 74.7695, 13.3802 ], [ 74.7606, 13.3829 ], [ 74.76, 13.3798 ], [ 74.7535, 13.3783 ], [ 74.7484, 13.3822 ], [ 74.7406, 13.4054 ], [ 74.7372, 13.4092 ], [ 74.7299, 13.4073 ], [ 74.7178, 13.4154 ], [ 74.7054, 13.4156 ], [ 74.6998, 13.43 ], [ 74.6999, 13.4373 ], [ 74.694, 13.4346 ], [ 74.692, 13.4562 ], [ 74.6934, 13.4692 ], [ 74.6894, 13.4749 ], [ 74.6876, 13.4832 ], [ 74.6826, 13.5415 ], [ 74.6905, 13.5418 ], [ 74.691, 13.5444 ], [ 74.7002, 13.5441 ], [ 74.7016, 13.5477 ], [ 74.7067, 13.5482 ], [ 74.7122, 13.5353 ], [ 74.7144, 13.537 ], [ 74.7224, 13.5358 ], [ 74.7269, 13.5386 ], [ 74.7306, 13.537 ], [ 74.7322, 13.5259 ], [ 74.7287, 13.5226 ], [ 74.7305, 13.5202 ], [ 74.7387, 13.5225 ], [ 74.7404, 13.5282 ], [ 74.7419, 13.526 ], [ 74.7454, 13.5273 ], [ 74.7461, 13.5251 ], [ 74.753, 13.5291 ], [ 74.7558, 13.5336 ], [ 74.7614, 13.5337 ], [ 74.7627, 13.5314 ], [ 74.7707, 13.5373 ], [ 74.7719, 13.5424 ], [ 74.7844, 13.5427 ], [ 74.7844, 13.5447 ], [ 74.7927, 13.5484 ], [ 74.8067, 13.5401 ], [ 74.8128, 13.5439 ], [ 74.8167, 13.5417 ], [ 74.8195, 13.5428 ], [ 74.8224, 13.5467 ], [ 74.8197, 13.5522 ], [ 74.8204, 13.5571 ], [ 74.8404, 13.5675 ], [ 74.8491, 13.5579 ] ] ] } },
{ "type": "Feature", "properties": { "area_id": "KGIS-T-1606", "name_en": "Kapu", "name_kn": "ಕಾಪು", "level": "block", "parent_id": "KGIS-D-16", "district_en": "Udupi", "lgd_code": null }, "geometry": { "type": "Polygon", "coordinates": [ [ [ 74.7406, 13.296 ], [ 74.757, 13.2956 ], [ 74.7601, 13.2888 ], [ 74.7754, 13.2921 ], [ 74.7769, 13.2902 ], [ 74.7748, 13.2844 ], [ 74.7784, 13.2828 ], [ 74.7843, 13.286 ], [ 74.786, 13.2813 ], [ 74.7884, 13.2832 ], [ 74.7935, 13.2825 ], [ 74.7944, 13.2851 ], [ 74.7902, 13.2891 ], [ 74.7906, 13.2934 ], [ 74.7945, 13.2928 ], [ 74.7999, 13.2965 ], [ 74.8052, 13.2905 ], [ 74.8089, 13.2897 ], [ 74.8119, 13.2921 ], [ 74.8195, 13.2905 ], [ 74.8201, 13.2874 ], [ 74.8277, 13.2843 ], [ 74.8289, 13.288 ], [ 74.8394, 13.2847 ], [ 74.8436, 13.2867 ], [ 74.849, 13.2791 ], [ 74.8477, 13.2685 ], [ 74.8444, 13.2639 ], [ 74.8544, 13.2574 ], [ 74.8547, 13.2531 ], [ 74.8579, 13.2497 ], [ 74.8571, 13.2388 ], [ 74.8545, 13.2352 ], [ 74.8631, 13.219 ], [ 74.8582, 13.22 ], [ 74.8574, 13.2179 ], [ 74.8489, 13.2237 ], [ 74.8423, 13.2103 ], [ 74.8439, 13.2117 ], [ 74.8567, 13.2057 ], [ 74.8624, 13.1953 ], [ 74.8609, 13.1917 ], [ 74.8532, 13.1938 ], [ 74.85, 13.189 ], [ 74.8566, 13.1836 ], [ 74.8521, 13.1756 ], [ 74.8541, 13.1731 ], [ 74.8573, 13.1738 ], [ 74.8568, 13.1718 ], [ 74.8505, 13.1706 ], [ 74.8529, 13.1678 ], [ 74.8533, 13.1546 ], [ 74.8464, 13.1513 ], [ 74.8322, 13.1518 ], [ 74.8218, 13.1467 ], [ 74.8204, 13.1372 ], [ 74.823, 13.1383 ], [ 74.8252, 13.1363 ], [ 74.827, 13.1296 ], [ 74.8224, 13.1238 ], [ 74.8144, 13.1225 ], [ 74.8098, 13.1133 ], [ 74.8065, 13.1161 ], [ 74.8004, 13.1148 ], [ 74.7957, 13.1182 ], [ 74.7913, 13.1169 ], [ 74.7937, 13.1097 ], [ 74.7971, 13.1108 ], [ 74.7987, 13.1082 ], [ 74.7972, 13.1011 ], [ 74.7934, 13.0971 ], [ 74.7861, 13.0992 ], [ 74.7818, 13.1046 ], [ 74.7779, 13.1031 ], [ 74.7808, 13.0909 ], [ 74.7767, 13.0819 ], [ 74.7795, 13.0715 ], [ 74.777, 13.0713 ], [ 74.7757, 13.0755 ], [ 74.7671, 13.1164 ], [ 74.7648, 13.1193 ], [ 74.7489, 13.1836 ], [ 74.7443, 13.1937 ], [ 74.7309, 13.2548 ], [ 74.7237, 13.2764 ], [ 74.7332, 13.2884 ], [ 74.74, 13.2883 ], [ 74.7406, 13.296 ] ] ] } },
{ "type": "Feature", "properties": { "area_id": "KGIS-T-1607", "name_en": "Hebri", "name_kn": "ಹೆಬ್ರಿ", "level": "block", "parent_id": "KGIS-D-16", "district_en": "Udupi", "lgd_code": null }, "geometry": { "type": "Polygon", "coordinates": [ [ [ 74.9821, 13.5818 ], [ 74.9904, 13.5657 ], [ 75.0085, 13.5691 ], [ 75.0382, 13.5691 ], [ 75.0385, 13.5648 ], [ 75.046, 13.5586 ], [ 75.0456, 13.5539 ], [ 75.0502, 13.5545 ], [ 75.0542, 13.5506 ], [ 75.0564, 13.5418 ], [ 75.0538, 13.5362 ], [ 75.0586, 13.5356 ], [ 75.0604, 13.5325 ], [ 75.0659, 13.5371 ], [ 75.0678, 13.5342 ], [ 75.0611, 13.5202 ], [ 75.0648, 13.5194 ], [ 75.0707, 13.5312 ], [ 75.0737, 13.5242 ], [ 75.0785, 13.5216 ], [ 75.0738, 13.5156 ], [ 75.0779, 13.5142 ], [ 75.0786, 13.4947 ], [ 75.0843, 13.4897 ], [ 75.0872, 13.4923 ], [ 75.0918, 13.4913 ], [ 75.098, 13.4836 ], [ 75.1017, 13.4869 ], [ 75.1129, 13.4726 ], [ 75.1113, 13.4634 ], [ 75.1155, 13.459 ], [ 75.127, 13.4644 ], [ 75.1401, 13.4634 ], [ 75.1416, 13.4586 ], [ 75.1559, 13.4528 ], [ 75.1518, 13.4423 ], [ 75.1478, 13.4397 ], [ 75.1528, 13.4314 ], [ 75.1476, 13.4282 ], [ 75.1483, 13.4218 ], [ 75.1445, 13.4189 ], [ 75.1415, 13.409 ], [ 75.1391, 13.4088 ], [ 75.1418, 13.3896 ], [ 75.1383, 13.3884 ], [ 75.1349, 13.3813 ], [ 75.1274, 13.3843 ], [ 75.1277, 13.3817 ], [ 75.1247, 13.3808 ], [ 75.1241, 13.3736 ], [ 75.1277, 13.3712 ], [ 75.1267, 13.3695 ], [ 75.125, 13.3715 ], [ 75.1245, 13.3647 ], [ 75.1138, 13.3559 ], [ 75.1053, 13.3591 ], [ 75.0964, 13.3573 ], [ 75.0867, 13.3614 ], [ 75.0851, 13.3483 ], [ 75.0741, 13.3424 ], [ 75.0916, 13.3196 ], [ 75.0456, 13.323 ], [ 75.032, 13.3189 ], [ 75.0285, 13.3221 ], [ 75.0304, 13.3249 ], [ 75.0227, 13.3361 ], [ 75.0218, 13.3419 ], [ 75.026, 13.3537 ], [ 75.012, 13.3549 ], [ 75.0026, 13.3499 ], [ 74.9948, 13.3641 ], [ 74.9988, 13.3697 ], [ 74.9929, 13.377 ], [ 74.9753, 13.3849 ], [ 74.9682, 13.3793 ], [ 74.9663, 13.3849 ], [ 74.9556, 13.3816 ], [ 74.9534, 13.3846 ], [ 74.9557, 13.4001 ], [ 74.9506, 13.4026 ], [ 74.9483, 13.4114 ], [ 74.9382, 13.4169 ], [ 74.9356, 13.4235 ], [ 74.9376, 13.429 ], [ 74.9344, 13.4313 ], [ 74.9374, 13.4349 ], [ 74.9331, 13.4387 ], [ 74.946, 13.4452 ], [ 74.9479, 13.4537 ], [ 74.9526, 13.458 ], [ 74.9475, 13.4599 ], [ 74.9409, 13.469 ], [ 74.9334, 13.4674 ], [ 74.9256, 13.4758 ], [ 74.9206, 13.4861 ], [ 74.9242, 13.4886 ], [ 74.9086, 13.4937 ], [ 74.9065, 13.5008 ], [ 74.8939, 13.5072 ], [ 74.9019, 13.5169 ], [ 74.9153, 13.519 ], [ 74.9178, 13.5236 ], [ 74.9119, 13.5447 ], [ 74.9163, 13.545 ], [ 74.9176, 13.5474 ], [ 74.9254, 13.5454 ], [ 74.9271, 13.5429 ], [ 74.9363, 13.5442 ], [ 74.9297, 13.5389 ], [ 74.9267, 13.5315 ], [ 74.9257, 13.527 ], [ 74.9305, 13.5206 ], [ 74.9479, 13.5347 ], [ 74.9461, 13.5404 ], [ 74.9504, 13.5432 ], [ 74.9488, 13.5491 ], [ 74.9527, 13.552 ], [ 74.9553, 13.5607 ], [ 74.9532, 13.5663 ], [ 74.956, 13.5704 ], [ 74.9522, 13.573 ], [ 74.9533, 13.5759 ], [ 74.9574, 13.5792 ], [ 74.9603, 13.5773 ], [ 74.9663, 13.5807 ], [ 74.9697, 13.5888 ], [ 74.9821, 13.5818 ] ] ] } },
{ "type": "Feature", "properties": { "area_id": "KGIS-T-1701", "name_en": "Sringeri", "name_kn": "ಶೃಂಗೇರಿ", "level": "block", "parent_id": "KGIS-D-17", "district_en": "Chikkamagaluru", "lgd_code": "5525" }, "geometry": { "type": "Polygon", "coordinates": [ [ [ 75.198, 13.5073 ], [ 75.2028, 13.5091 ], [ 75.2078, 13.5013 ], [ 75.2104, 13.5014 ], [ 75.2099, 13.5054 ], [ 75.2124, 13.5049 ], [ 75.2114, 13.5069 ], [ 75.208, 13.5063 ], [ 75.2119, 13.5077 ], [ 75.2153, 13.5051 ], [ 75.2114, 13.4957 ], [ 75.2131, 13.4933 ], [ 75.2143, 13.4981 ], [ 75.2187, 13.4991 ], [ 75.2198, 13.5021 ], [ 75.2311, 13.4983 ], [ 75.2292, 13.4862 ], [ 75.237, 13.4748 ], [ 75.2524, 13.4748 ], [ 75.2554, 13.4693 ], [ 75.2598, 13.4685 ], [ 75.2632, 13.4736 ], [ 75.2624, 13.4793 ], [ 75.2645, 13.4822 ], [ 75.2712, 13.4832 ], [ 75.2741, 13.4862 ], [ 75.2841, 13.4829 ], [ 75.2827, 13.478 ], [ 75.2878, 13.4789 ], [ 75.2891, 13.4726 ], [ 75.2913, 13.4721 ], [ 75.2896, 13.4708 ], [ 75.2943, 13.4685 ], [ 75.2965, 13.4621 ], [ 75.3031, 13.4639 ], [ 75.3056, 13.4621 ], [ 75.3067, 13.4641 ], [ 75.309, 13.462 ], [ 75.309, 13.4633 ], [ 75.3082, 13.4636 ], [ 75.3058, 13.4662 ], [ 75.3061, 13.4668 ], [ 75.3085, 13.4676 ], [ 75.3118, 13.4663 ], [ 75.3101, 13.462 ], [ 75.3149, 13.4561 ], [ 75.3147, 13.452 ], [ 75.3187, 13.4526 ], [ 75.3206, 13.4423 ], [ 75.3108, 13.4383 ], [ 75.3017, 13.4299 ], [ 75.3094, 13.4139 ], [ 75.3166, 13.4162 ], [ 75.319, 13.4203 ], [ 75.3231, 13.4228 ], [ 75.3227, 13.4173 ], [ 75.3268, 13.4154 ], [ 75.3206, 13.4154 ], [ 75.3112, 13.4093 ], [ 75.3153, 13.3848 ], [ 75.2952, 13.3646 ], [ 75.2855, 13.3635 ], [ 75.2886, 13.3547 ], [ 75.2876, 13.3454 ], [ 75.2744, 13.3382 ], [ 75.2696, 13.3168 ], [ 75.2564, 13.3088 ], [ 75.2623, 13.2886 ], [ 75.2491, 13.2724 ], [ 75.2438, 13.2761 ], [ 75.2326, 13.268 ], [ 75.2128, 13.2728 ], [ 75.1789, 13.2597 ], [ 75.1617, 13.2485 ], [ 75.1574, 13.243 ], [ 75.1524, 13.2615 ], [ 75.1417, 13.285 ], [ 75.1385, 13.286 ], [ 75.1338, 13.2816 ], [ 75.1304, 13.2824 ], [ 75.1229, 13.2776 ], [ 75.1174, 13.2778 ], [ 75.1138, 13.2855 ], [ 75.1075, 13.2877 ], [ 75.0946, 13.3132 ], [ 75.0955, 13.315 ], [ 75.0741, 13.3424 ], [ 75.0851, 13.3483 ], [ 75.0867, 13.3614 ], [ 75.0964, 13.3573 ], [ 75.1053, 13.3591 ], [ 75.1138, 13.3559 ], [ 75.1245, 13.3647 ], [ 75.125, 13.3715 ], [ 75.1267, 13.3695 ], [ 75.1277, 13.3712 ], [ 75.1235, 13.3766 ], [ 75.1274, 13.3843 ], [ 75.1349, 13.3813 ], [ 75.1383, 13.3884 ], [ 75.1418, 13.3896 ], [ 75.1391, 13.4088 ], [ 75.1415, 13.409 ], [ 75.1445, 13.4189 ], [ 75.1483, 13.4218 ], [ 75.1476, 13.4282 ], [ 75.1528, 13.4314 ], [ 75.1478, 13.4397 ], [ 75.1518, 13.4423 ], [ 75.1559, 13.4528 ], [ 75.1416, 13.4586 ], [ 75.1364, 13.4779 ], [ 75.1479, 13.4788 ], [ 75.1601, 13.4932 ], [ 75.1607, 13.4974 ], [ 75.1709, 13.5066 ], [ 75.1767, 13.4987 ], [ 75.1792, 13.5035 ], [ 75.1868, 13.5084 ], [ 75.1952, 13.5092 ], [ 75.198, 13.5073 ] ], [ [ 75.3207, 13.4186 ], [ 75.3196, 13.4198 ], [ 75.3192, 13.4195 ], [ 75.3207, 13.4186 ] ], [ [ 75.3087, 13.4643 ], [ 75.308, 13.4641 ], [ 75.3089, 13.4638 ], [ 75.3087, 13.4643 ] ], [ [ 75.3074, 13.4653 ], [ 75.3081, 13.4649 ], [ 75.3079, 13.4655 ], [ 75.3074, 13.4653 ] ], [ [ 75.3095, 13.4662 ], [ 75.3098, 13.4668 ], [ 75.3091, 13.4664 ], [ 75.3095, 13.4662 ] ] ] } },
{ "type": "Feature", "properties": { "area_id": "KGIS-T-1702", "name_en": "Koppa", "name_kn": "ಕೊಪ್ಪ", "level": "block", "parent_id": "KGIS-D-17", "district_en": "Chikkamagaluru", "lgd_code": "5526" }, "geometry": { "type": "MultiPolygon", "coordinates": [ [ [ [ 75.3196, 13.4198 ], [ 75.3207, 13.4186 ], [ 75.3192, 13.4195 ], [ 75.3196, 13.4198 ] ] ], [ [ [ 75.3931, 13.6295 ], [ 75.4076, 13.6254 ], [ 75.4026, 13.6131 ], [ 75.4023, 13.6051 ], [ 75.4061, 13.5986 ], [ 75.4055, 13.5957 ], [ 75.4006, 13.5927 ], [ 75.3942, 13.5601 ], [ 75.4064, 13.5559 ], [ 75.4068, 13.5524 ], [ 75.4089, 13.5529 ], [ 75.4198, 13.5588 ], [ 75.4151, 13.5652 ], [ 75.416, 13.5674 ], [ 75.4273, 13.5621 ], [ 75.4247, 13.5556 ], [ 75.4344, 13.5495 ], [ 75.4331, 13.546 ], [ 75.4251, 13.5421 ], [ 75.4194, 13.5226 ], [ 75.4203, 13.5175 ], [ 75.4127, 13.4994 ], [ 75.4021, 13.4498 ], [ 75.4004, 13.4309 ], [ 75.4052, 13.4297 ], [ 75.4048, 13.4338 ], [ 75.4141, 13.4353 ], [ 75.4148, 13.4297 ], [ 75.423, 13.4215 ], [ 75.4367, 13.423 ], [ 75.4382, 13.4087 ], [ 75.4464, 13.4072 ], [ 75.4568, 13.4148 ], [ 75.4656, 13.41 ], [ 75.4655, 13.3978 ], [ 75.4501, 13.3838 ], [ 75.4466, 13.3821 ], [ 75.4381, 13.3838 ], [ 75.438, 13.3794 ], [ 75.434, 13.3764 ], [ 75.4353, 13.3699 ], [ 75.4312, 13.3712 ], [ 75.4343, 13.356 ], [ 75.4434, 13.3462 ], [ 75.4375, 13.3378 ], [ 75.4429, 13.3155 ], [ 75.4385, 13.3156 ], [ 75.4368, 13.3202 ], [ 75.4285, 13.3189 ], [ 75.4248, 13.3122 ], [ 75.4129, 13.3246 ], [ 75.406, 13.3198 ], [ 75.3926, 13.3221 ], [ 75.3975, 13.3152 ], [ 75.3947, 13.3051 ], [ 75.3974, 13.3027 ], [ 75.3876, 13.2987 ], [ 75.3785, 13.2992 ], [ 75.3768, 13.2924 ], [ 75.3714, 13.2896 ], [ 75.3633, 13.2907 ], [ 75.3618, 13.288 ], [ 75.3512, 13.2976 ], [ 75.3472, 13.2972 ], [ 75.3435, 13.2936 ], [ 75.3377, 13.2953 ], [ 75.3324, 13.2873 ], [ 75.3085, 13.2992 ], [ 75.3172, 13.307 ], [ 75.3139, 13.3284 ], [ 75.2924, 13.309 ], [ 75.2945, 13.3042 ], [ 75.2841, 13.294 ], [ 75.2623, 13.2886 ], [ 75.2564, 13.3088 ], [ 75.2696, 13.3168 ], [ 75.2744, 13.3382 ], [ 75.2876, 13.3454 ], [ 75.2886, 13.3547 ], [ 75.2855, 13.3635 ], [ 75.2952, 13.3646 ], [ 75.3153, 13.3848 ], [ 75.3112, 13.4093 ], [ 75.3206, 13.4154 ], [ 75.3261, 13.4151 ], [ 75.3268, 13.4154 ], [ 75.3227, 13.4173 ], [ 75.3231, 13.4228 ], [ 75.319, 13.4203 ], [ 75.3166, 13.4162 ], [ 75.3094, 13.4139 ], [ 75.3017, 13.4299 ], [ 75.3108, 13.4383 ], [ 75.3206, 13.4423 ], [ 75.3187, 13.4526 ], [ 75.3147, 13.452 ], [ 75.3149, 13.4561 ], [ 75.3101, 13.462 ], [ 75.3118, 13.4663 ], [ 75.3085, 13.4676 ], [ 75.3061, 13.4668 ], [ 75.3058, 13.4662 ], [ 75.3082, 13.4636 ], [ 75.309, 13.4633 ], [ 75.309, 13.462 ], [ 75.308, 13.4637 ], [ 75.3067, 13.4641 ], [ 75.3056, 13.4621 ], [ 75.3031, 13.4639 ], [ 75.2965, 13.4621 ], [ 75.2943, 13.4685 ], [ 75.2896, 13.4708 ], [ 75.2913, 13.4721 ], [ 75.2891, 13.4726 ], [ 75.2878, 13.4789 ], [ 75.2827, 13.478 ], [ 75.2841, 13.4829 ], [ 75.2741, 13.4862 ], [ 75.2712, 13.4832 ], [ 75.2645, 13.4822 ], [ 75.2602, 13.4686 ], [ 75.2554, 13.4693 ], [ 75.2524, 13.4748 ], [ 75.241, 13.4742 ], [ 75.2338, 13.4769 ], [ 75.2292, 13.4862 ], [ 75.2311, 13.4983 ], [ 75.2198, 13.5021 ], [ 75.2123, 13.4943 ], [ 75.2153, 13.5051 ], [ 75.2119, 13.5077 ], [ 75.208, 13.5063 ], [ 75.2114, 13.5069 ], [ 75.2124, 13.5049 ], [ 75.2099, 13.5054 ], [ 75.2104, 13.5014 ], [ 75.2078, 13.5013 ], [ 75.2028, 13.5091 ], [ 75.2056, 13.5152 ], [ 75.2105, 13.5163 ], [ 75.2108, 13.5183 ], [ 75.2034, 13.5187 ], [ 75.207, 13.5248 ], [ 75.2199, 13.525 ], [ 75.2249, 13.529 ], [ 75.2207, 13.5343 ], [ 75.2236, 13.5483 ], [ 75.218, 13.5513 ], [ 75.2198, 13.5555 ], [ 75.2155, 13.5564 ], [ 75.2161, 13.5584 ], [ 75.221, 13.5587 ], [ 75.226, 13.5683 ], [ 75.2126, 13.5773 ], [ 75.2119, 13.585 ], [ 75.2227, 13.5963 ], [ 75.2209, 13.6038 ], [ 75.2256, 13.6058 ], [ 75.2306, 13.6035 ], [ 75.2317, 13.6 ], [ 75.2359, 13.5992 ], [ 75.2368, 13.6021 ], [ 75.2447, 13.6054 ], [ 75.2486, 13.5964 ], [ 75.2545, 13.594 ], [ 75.2558, 13.5835 ], [ 75.259, 13.5825 ], [ 75.2644, 13.5854 ], [ 75.2708, 13.568 ], [ 75.2784, 13.5641 ], [ 75.2792, 13.5719 ], [ 75.2885, 13.5757 ], [ 75.2949, 13.5852 ], [ 75.2979, 13.5832 ], [ 75.3083, 13.5841 ], [ 75.3146, 13.5895 ], [ 75.3276, 13.5912 ], [ 75.3316, 13.5846 ], [ 75.341, 13.5858 ], [ 75.3439, 13.582 ], [ 75.351, 13.5859 ], [ 75.3536, 13.5932 ], [ 75.3701, 13.5962 ], [ 75.3648, 13.6024 ], [ 75.3645, 13.6069 ], [ 75.3677, 13.6107 ], [ 75.3653, 13.6193 ], [ 75.3744, 13.6262 ], [ 75.3798, 13.6175 ], [ 75.3768, 13.6137 ], [ 75.3851, 13.6126 ], [ 75.3888, 13.6185 ], [ 75.3873, 13.6221 ], [ 75.3924, 13.6244 ], [ 75.3931, 13.6295 ] ] ], [ [ [ 75.3084, 13.4645 ], [ 75.3089, 13.4638 ], [ 75.308, 13.4641 ], [ 75.3084, 13.4645 ] ] ], [ [ [ 75.3077, 13.4655 ], [ 75.3075, 13.4649 ], [ 75.3073, 13.4651 ], [ 75.3077, 13.4655 ] ] ], [ [ [ 75.3095, 13.4662 ], [ 75.3098, 13.4668 ], [ 75.31, 13.4665 ], [ 75.3095, 13.4662 ] ] ] ] } },
{ "type": "Feature", "properties": { "area_id": "KGIS-T-1703", "name_en": "Narasimharajapura", "name_kn": "ನರಸಿಂಹರಾಜಪುರ", "level": "block", "parent_id": "KGIS-D-17", "district_en": "Chikkamagaluru", "lgd_code": "5527" }, "geometry": { "type": "Polygon", "coordinates": [ [ [ 75.489, 13.7685 ], [ 75.4986, 13.7568 ], [ 75.5029, 13.7625 ], [ 75.5081, 13.7646 ], [ 75.5105, 13.7553 ], [ 75.5217, 13.7519 ], [ 75.5203, 13.7433 ], [ 75.5253, 13.7389 ], [ 75.5283, 13.7312 ], [ 75.5419, 13.7246 ], [ 75.5532, 13.729 ], [ 75.5607, 13.7291 ], [ 75.57, 13.7346 ], [ 75.567, 13.7408 ], [ 75.5679, 13.7536 ], [ 75.5865, 13.7594 ], [ 75.6078, 13.7607 ], [ 75.6094, 13.746 ], [ 75.6268, 13.7341 ], [ 75.6172, 13.7224 ], [ 75.6204, 13.7123 ], [ 75.6125, 13.7087 ], [ 75.6152, 13.6987 ], [ 75.6263, 13.6926 ], [ 75.6283, 13.6878 ], [ 75.6221, 13.6854 ], [ 75.6139, 13.6886 ], [ 75.6116, 13.6856 ], [ 75.6058, 13.6847 ], [ 75.611, 13.6711 ], [ 75.606, 13.6591 ], [ 75.598, 13.6479 ], [ 75.5875, 13.6449 ], [ 75.6041, 13.6205 ], [ 75.6047, 13.6052 ], [ 75.6027, 13.6003 ], [ 75.6051, 13.5918 ], [ 75.6031, 13.5827 ], [ 75.6258, 13.5802 ], [ 75.6407, 13.5828 ], [ 75.6476, 13.5886 ], [ 75.6695, 13.5909 ], [ 75.6832, 13.5984 ], [ 75.6907, 13.5967 ], [ 75.7016, 13.5985 ], [ 75.7081, 13.6014 ], [ 75.7178, 13.6143 ], [ 75.7375, 13.6257 ], [ 75.7456, 13.6095 ], [ 75.7396, 13.5945 ], [ 75.7167, 13.5928 ], [ 75.702, 13.5863 ], [ 75.6975, 13.5776 ], [ 75.6868, 13.5732 ], [ 75.6727, 13.574 ], [ 75.6755, 13.5629 ], [ 75.6634, 13.56 ], [ 75.6608, 13.5637 ], [ 75.62, 13.5516 ], [ 75.6037, 13.5444 ], [ 75.5952, 13.537 ], [ 75.5963, 13.5341 ], [ 75.5794, 13.5152 ], [ 75.5903, 13.512 ], [ 75.5873, 13.5021 ], [ 75.569, 13.5106 ], [ 75.5591, 13.5058 ], [ 75.5494, 13.5184 ], [ 75.5435, 13.5146 ], [ 75.5419, 13.5092 ], [ 75.5383, 13.507 ], [ 75.5397, 13.5017 ], [ 75.5346, 13.4991 ], [ 75.5279, 13.4881 ], [ 75.5274, 13.477 ], [ 75.5317, 13.4716 ], [ 75.5229, 13.4637 ], [ 75.5237, 13.4537 ], [ 75.513, 13.4514 ], [ 75.5101, 13.4468 ], [ 75.5109, 13.4369 ], [ 75.4993, 13.4334 ], [ 75.504, 13.4273 ], [ 75.4982, 13.4233 ], [ 75.498, 13.4205 ], [ 75.5039, 13.4171 ], [ 75.5055, 13.4128 ], [ 75.5116, 13.4132 ], [ 75.5182, 13.4017 ], [ 75.5209, 13.3848 ], [ 75.5162, 13.3846 ], [ 75.5187, 13.3786 ], [ 75.5153, 13.3759 ], [ 75.4938, 13.3809 ], [ 75.4939, 13.3716 ], [ 75.4876, 13.3623 ], [ 75.4963, 13.3539 ], [ 75.4939, 13.355 ], [ 75.4824, 13.3492 ], [ 75.473, 13.3522 ], [ 75.4706, 13.351 ], [ 75.483, 13.3441 ], [ 75.4862, 13.3458 ], [ 75.4873, 13.3509 ], [ 75.4991, 13.3492 ], [ 75.4994, 13.3363 ], [ 75.5025, 13.3294 ], [ 75.4961, 13.3263 ], [ 75.4909, 13.3113 ], [ 75.4943, 13.2996 ], [ 75.489, 13.2807 ], [ 75.4901, 13.2757 ], [ 75.4939, 13.2732 ], [ 75.4919, 13.2705 ], [ 75.4803, 13.2702 ], [ 75.4733, 13.2745 ], [ 75.4722, 13.258 ], [ 75.4677, 13.259 ], [ 75.4604, 13.2548 ], [ 75.4562, 13.2587 ], [ 75.4551, 13.2903 ], [ 75.4424, 13.2947 ], [ 75.4248, 13.3121 ], [ 75.4285, 13.3189 ], [ 75.4368, 13.3202 ], [ 75.4385, 13.3156 ], [ 75.4429, 13.3155 ], [ 75.4375, 13.3378 ], [ 75.4434, 13.3462 ], [ 75.4343, 13.356 ], [ 75.4312, 13.3712 ], [ 75.4353, 13.3699 ], [ 75.434, 13.3764 ], [ 75.438, 13.3794 ], [ 75.4381, 13.3838 ], [ 75.4466, 13.3821 ], [ 75.4501, 13.3838 ], [ 75.4655, 13.3978 ], [ 75.4656, 13.41 ], [ 75.4568, 13.4148 ], [ 75.4464, 13.4072 ], [ 75.4382, 13.4087 ], [ 75.4367, 13.423 ], [ 75.423, 13.4215 ], [ 75.4148, 13.4297 ], [ 75.4141, 13.4353 ], [ 75.4048, 13.4338 ], [ 75.4052, 13.4297 ], [ 75.4004, 13.4309 ], [ 75.4021, 13.4498 ], [ 75.4127, 13.4994 ], [ 75.4203, 13.5175 ], [ 75.4194, 13.5226 ], [ 75.4251, 13.5421 ], [ 75.4331, 13.546 ], [ 75.4344, 13.5495 ], [ 75.4247, 13.5556 ], [ 75.4273, 13.5621 ], [ 75.416, 13.5674 ], [ 75.4151, 13.5652 ], [ 75.4198, 13.5588 ], [ 75.4089, 13.5529 ], [ 75.4068, 13.5524 ], [ 75.4064, 13.5559 ], [ 75.3942, 13.5601 ], [ 75.4006, 13.5927 ], [ 75.4055, 13.5957 ], [ 75.4061, 13.5986 ], [ 75.4023, 13.6051 ], [ 75.4026, 13.6131 ], [ 75.4076, 13.6254 ], [ 75.4063, 13.633 ], [ 75.4109, 13.6393 ], [ 75.4101, 13.6476 ], [ 75.414, 13.6531 ], [ 75.4057, 13.6589 ], [ 75.4059, 13.6709 ], [ 75.3973, 13.6915 ], [ 75.3934, 13.6939 ], [ 75.3938, 13.7006 ], [ 75.3873, 13.7004 ], [ 75.3841, 13.7045 ], [ 75.3803, 13.7043 ], [ 75.3809, 13.7085 ], [ 75.3845, 13.711 ], [ 75.4038, 13.7033 ], [ 75.4078, 13.7064 ], [ 75.416, 13.7054 ], [ 75.4226, 13.7078 ], [ 75.4284, 13.7151 ], [ 75.4557, 13.7234 ], [ 75.4606, 13.7328 ], [ 75.4607, 13.7401 ], [ 75.472, 13.7508 ], [ 75.4896, 13.7605 ], [ 75.486, 13.7664 ], [ 75.489, 13.7685 ] ] ] } },
{ "type": "Feature", "properties": { "area_id": "KGIS-T-1704", "name_en": "Tarikere", "name_kn": "ತರಿಕೆರೆ", "level": "block", "parent_id": "KGIS-D-17", "district_en": "Chikkamagaluru", "lgd_code": "5528" }, "geometry": { "type": "Polygon", "coordinates": [ [ [ 75.8513, 13.8109 ], [ 75.8863, 13.8092 ], [ 75.8933, 13.807 ], [ 75.8942, 13.8111 ], [ 75.9021, 13.8126 ], [ 75.9179, 13.7913 ], [ 75.9314, 13.7916 ], [ 75.9378, 13.7891 ], [ 75.9585, 13.776 ], [ 75.9632, 13.7681 ], [ 75.9575, 13.7654 ], [ 75.9567, 13.7572 ], [ 75.9428, 13.7572 ], [ 75.931, 13.7609 ], [ 75.9315, 13.755 ], [ 75.927, 13.7463 ], [ 75.9251, 13.7359 ], [ 75.929, 13.7394 ], [ 75.9434, 13.7398 ], [ 75.9435, 13.737 ], [ 75.9512, 13.7283 ], [ 75.9484, 13.7177 ], [ 75.9409, 13.7231 ], [ 75.923, 13.7282 ], [ 75.9194, 13.7194 ], [ 75.9236, 13.7173 ], [ 75.9201, 13.7058 ], [ 75.9208, 13.7023 ], [ 75.9243, 13.7025 ], [ 75.9212, 13.6891 ], [ 75.9308, 13.6788 ], [ 75.9294, 13.67 ], [ 75.9384, 13.667 ], [ 75.939, 13.6696 ], [ 75.9412, 13.6694 ], [ 75.9417, 13.6802 ], [ 75.9497, 13.6808 ], [ 75.9614, 13.6728 ], [ 75.9607, 13.665 ], [ 75.9623, 13.6644 ], [ 75.961, 13.659 ], [ 75.9583, 13.6589 ], [ 75.9588, 13.6513 ], [ 75.9524, 13.6512 ], [ 75.9526, 13.6495 ], [ 75.936, 13.6442 ], [ 75.9207, 13.6412 ], [ 75.9186, 13.632 ], [ 75.9214, 13.6212 ], [ 75.9178, 13.6098 ], [ 75.8979, 13.6158 ], [ 75.8924, 13.6214 ], [ 75.8853, 13.6242 ], [ 75.8765, 13.6181 ], [ 75.868, 13.6168 ], [ 75.8761, 13.6048 ], [ 75.8638, 13.5887 ], [ 75.8608, 13.5739 ], [ 75.8672, 13.5494 ], [ 75.8584, 13.5491 ], [ 75.8582, 13.5305 ], [ 75.8475, 13.5231 ], [ 75.8383, 13.5229 ], [ 75.8375, 13.514 ], [ 75.8245, 13.5075 ], [ 75.8135, 13.5053 ], [ 75.8008, 13.5073 ], [ 75.7719, 13.5169 ], [ 75.7703, 13.5246 ], [ 75.7617, 13.5327 ], [ 75.7506, 13.5333 ], [ 75.7433, 13.5493 ], [ 75.7373, 13.5569 ], [ 75.7257, 13.5631 ], [ 75.7274, 13.5649 ], [ 75.7223, 13.567 ], [ 75.6972, 13.5639 ], [ 75.6854, 13.5673 ], [ 75.6755, 13.5629 ], [ 75.6727, 13.574 ], [ 75.6868, 13.5732 ], [ 75.6975, 13.5776 ], [ 75.702, 13.5863 ], [ 75.7167, 13.5928 ], [ 75.7398, 13.5946 ], [ 75.7456, 13.6095 ], [ 75.7375, 13.6257 ], [ 75.7178, 13.6143 ], [ 75.7081, 13.6014 ], [ 75.7016, 13.5985 ], [ 75.6907, 13.5967 ], [ 75.6832, 13.5984 ], [ 75.6695, 13.5909 ], [ 75.6476, 13.5886 ], [ 75.6407, 13.5828 ], [ 75.6258, 13.5802 ], [ 75.6031, 13.5827 ], [ 75.6051, 13.5918 ], [ 75.6027, 13.6003 ], [ 75.6047, 13.6052 ], [ 75.6041, 13.6205 ], [ 75.5875, 13.6449 ], [ 75.598, 13.6479 ], [ 75.606, 13.6591 ], [ 75.611, 13.6711 ], [ 75.6058, 13.6847 ], [ 75.6116, 13.6856 ], [ 75.6139, 13.6886 ], [ 75.6221, 13.6854 ], [ 75.6283, 13.6878 ], [ 75.6263, 13.6926 ], [ 75.6152, 13.6987 ], [ 75.6126, 13.7103 ], [ 75.6179, 13.7107 ], [ 75.6216, 13.7033 ], [ 75.6261, 13.7014 ], [ 75.6291, 13.704 ], [ 75.6371, 13.7021 ], [ 75.6489, 13.7106 ], [ 75.6515, 13.7182 ], [ 75.674, 13.722 ], [ 75.6756, 13.7279 ], [ 75.6676, 13.7311 ], [ 75.6653, 13.7385 ], [ 75.6596, 13.7408 ], [ 75.6559, 13.7462 ], [ 75.6571, 13.7489 ], [ 75.6637, 13.7504 ], [ 75.6631, 13.756 ], [ 75.669, 13.7644 ], [ 75.6702, 13.7655 ], [ 75.6748, 13.7612 ], [ 75.6755, 13.7519 ], [ 75.6847, 13.7492 ], [ 75.6889, 13.7526 ], [ 75.6822, 13.7609 ], [ 75.6865, 13.7673 ], [ 75.7097, 13.7657 ], [ 75.713, 13.7721 ], [ 75.7321, 13.7689 ], [ 75.7493, 13.7809 ], [ 75.7648, 13.7823 ], [ 75.7664, 13.7894 ], [ 75.7599, 13.7945 ], [ 75.7638, 13.7964 ], [ 75.7769, 13.7948 ], [ 75.778, 13.7909 ], [ 75.7894, 13.7999 ], [ 75.7897, 13.7953 ], [ 75.8044, 13.7947 ], [ 75.8247, 13.8171 ], [ 75.8513, 13.8109 ] ] ] } },
{ "type": "Feature", "properties": { "area_id": "KGIS-T-1705", "name_en": "Kadur", "name_kn": "ಕಡೂರು", "level": "block", "parent_id": "KGIS-D-17", "district_en": "Chikkamagaluru", "lgd_code": "5529" }, "geometry": { "type": "MultiPolygon", "coordinates": [ [ [ [ 75.9064, 13.4176 ], [ 75.9069, 13.4165 ], [ 75.9062, 13.4166 ], [ 75.9064, 13.4176 ] ] ], [ [ [ 76.0196, 13.7023 ], [ 76.0312, 13.701 ], [ 76.0313, 13.6885 ], [ 76.0437, 13.6803 ], [ 76.05, 13.6812 ], [ 76.0537, 13.6757 ], [ 76.0603, 13.6758 ], [ 76.0612, 13.6853 ], [ 76.0666, 13.6816 ], [ 76.0683, 13.6834 ], [ 76.0858, 13.6813 ], [ 76.0866, 13.6875 ], [ 76.0917, 13.6858 ], [ 76.0922, 13.68 ], [ 76.09, 13.676 ], [ 76.103, 13.6744 ], [ 76.103, 13.6529 ], [ 76.1084, 13.6517 ], [ 76.1091, 13.6488 ], [ 76.1152, 13.6488 ], [ 76.1229, 13.6529 ], [ 76.1284, 13.6484 ], [ 76.1316, 13.6507 ], [ 76.1389, 13.6509 ], [ 76.1425, 13.6591 ], [ 76.1533, 13.6638 ], [ 76.1609, 13.6628 ], [ 76.1656, 13.6478 ], [ 76.1707, 13.6457 ], [ 76.1702, 13.6394 ], [ 76.1745, 13.626 ], [ 76.1809, 13.628 ], [ 76.1843, 13.6335 ], [ 76.1817, 13.6389 ], [ 76.1836, 13.6505 ], [ 76.207, 13.6682 ], [ 76.2174, 13.6684 ], [ 76.221, 13.6832 ], [ 76.227, 13.6799 ], [ 76.2313, 13.6813 ], [ 76.2393, 13.6734 ], [ 76.2418, 13.6676 ], [ 76.2542, 13.6626 ], [ 76.2628, 13.6528 ], [ 76.2632, 13.649 ], [ 76.287, 13.6474 ], [ 76.2832, 13.6381 ], [ 76.2799, 13.6362 ], [ 76.2795, 13.6237 ], [ 76.2753, 13.6217 ], [ 76.2764, 13.6135 ], [ 76.2728, 13.6073 ], [ 76.2738, 13.6047 ], [ 76.2764, 13.6037 ], [ 76.2773, 13.6078 ], [ 76.2826, 13.6061 ], [ 76.282, 13.6013 ], [ 76.2868, 13.5997 ], [ 76.2879, 13.595 ], [ 76.2906, 13.596 ], [ 76.2933, 13.5938 ], [ 76.2924, 13.5904 ], [ 76.2977, 13.5891 ], [ 76.3332, 13.5957 ], [ 76.342, 13.5762 ], [ 76.3528, 13.5797 ], [ 76.3593, 13.5564 ], [ 76.364, 13.5472 ], [ 76.3665, 13.5485 ], [ 76.3641, 13.5454 ], [ 76.3625, 13.5304 ], [ 76.3491, 13.5254 ], [ 76.3451, 13.5137 ], [ 76.3303, 13.5214 ], [ 76.3213, 13.5372 ], [ 76.3182, 13.5364 ], [ 76.3176, 13.5392 ], [ 76.3159, 13.5319 ], [ 76.311, 13.5293 ], [ 76.312, 13.5254 ], [ 76.3068, 13.5258 ], [ 76.3007, 13.5217 ], [ 76.2937, 13.5272 ], [ 76.2925, 13.5047 ], [ 76.2623, 13.5053 ], [ 76.261, 13.5116 ], [ 76.2336, 13.507 ], [ 76.2381, 13.4954 ], [ 76.2295, 13.4847 ], [ 76.2344, 13.4804 ], [ 76.2321, 13.4689 ], [ 76.1981, 13.4693 ], [ 76.1995, 13.4508 ], [ 76.1871, 13.4524 ], [ 76.1924, 13.4608 ], [ 76.194, 13.4688 ], [ 76.162, 13.4696 ], [ 76.1584, 13.4598 ], [ 76.1513, 13.458 ], [ 76.1468, 13.4477 ], [ 76.1388, 13.4423 ], [ 76.1362, 13.4441 ], [ 76.1401, 13.436 ], [ 76.1394, 13.4066 ], [ 76.1295, 13.404 ], [ 76.1295, 13.4001 ], [ 76.1112, 13.4005 ], [ 76.1106, 13.3962 ], [ 76.0985, 13.3915 ], [ 76.0985, 13.3938 ], [ 76.0891, 13.3924 ], [ 76.0871, 13.3759 ], [ 76.0891, 13.3717 ], [ 76.0818, 13.3717 ], [ 76.0561, 13.3816 ], [ 76.0417, 13.3743 ], [ 76.0389, 13.3678 ], [ 76.0419, 13.3652 ], [ 76.0382, 13.3565 ], [ 76.0322, 13.346 ], [ 76.029, 13.3455 ], [ 76.0345, 13.3374 ], [ 76.0313, 13.338 ], [ 76.0318, 13.3337 ], [ 76.0287, 13.334 ], [ 76.0247, 13.3183 ], [ 76.0163, 13.3152 ], [ 76.0136, 13.3154 ], [ 76.0089, 13.3218 ], [ 75.9972, 13.3196 ], [ 75.9903, 13.3291 ], [ 75.9917, 13.3365 ], [ 75.9848, 13.3429 ], [ 75.9863, 13.3491 ], [ 75.9659, 13.3427 ], [ 75.9561, 13.3479 ], [ 75.952, 13.3711 ], [ 75.9478, 13.377 ], [ 75.9249, 13.3713 ], [ 75.927, 13.3826 ], [ 75.9192, 13.3829 ], [ 75.9165, 13.388 ], [ 75.9195, 13.3923 ], [ 75.9173, 13.3948 ], [ 75.9193, 13.3977 ], [ 75.9077, 13.4031 ], [ 75.9103, 13.4161 ], [ 75.9072, 13.4165 ], [ 75.9107, 13.4204 ], [ 75.9109, 13.4275 ], [ 75.9048, 13.4299 ], [ 75.9034, 13.4341 ], [ 75.8981, 13.4341 ], [ 75.8964, 13.431 ], [ 75.9009, 13.4275 ], [ 75.9057, 13.4275 ], [ 75.9048, 13.4249 ], [ 75.9089, 13.4203 ], [ 75.9086, 13.4181 ], [ 75.9039, 13.4173 ], [ 75.9049, 13.4238 ], [ 75.8959, 13.4307 ], [ 75.8882, 13.4316 ], [ 75.8877, 13.438 ], [ 75.8847, 13.4369 ], [ 75.8876, 13.4496 ], [ 75.8832, 13.4519 ], [ 75.8788, 13.4494 ], [ 75.8797, 13.4456 ], [ 75.8763, 13.4481 ], [ 75.8789, 13.4544 ], [ 75.8903, 13.4643 ], [ 75.8893, 13.4736 ], [ 75.8603, 13.4684 ], [ 75.859, 13.4741 ], [ 75.8431, 13.4771 ], [ 75.843, 13.4835 ], [ 75.8405, 13.4831 ], [ 75.8413, 13.4861 ], [ 75.8396, 13.4864 ], [ 75.8422, 13.4912 ], [ 75.838, 13.5006 ], [ 75.8298, 13.5103 ], [ 75.8376, 13.5141 ], [ 75.8383, 13.5229 ], [ 75.8475, 13.5231 ], [ 75.8582, 13.5305 ], [ 75.8584, 13.5491 ], [ 75.8672, 13.5494 ], [ 75.8618, 13.5681 ], [ 75.8615, 13.5785 ], [ 75.864, 13.589 ], [ 75.8761, 13.6048 ], [ 75.868, 13.6168 ], [ 75.8765, 13.6181 ], [ 75.8853, 13.6242 ], [ 75.8924, 13.6214 ], [ 75.8979, 13.6158 ], [ 75.9178, 13.6098 ], [ 75.9214, 13.6212 ], [ 75.9186, 13.632 ], [ 75.9207, 13.6412 ], [ 75.9312, 13.6443 ], [ 75.9447, 13.6378 ], [ 75.9551, 13.6382 ], [ 75.9658, 13.641 ], [ 75.9694, 13.6445 ], [ 75.97, 13.6493 ], [ 75.9962, 13.6473 ], [ 75.9955, 13.6536 ], [ 75.9926, 13.6544 ], [ 75.9956, 13.6684 ], [ 75.9985, 13.6711 ], [ 76.0062, 13.6713 ], [ 76.0098, 13.6853 ], [ 76.0225, 13.685 ], [ 76.0188, 13.6878 ], [ 76.0196, 13.7023 ] ] ] ] } },
{ "type": "Feature", "properties": { "area_id": "KGIS-T-1706", "name_en": "Chikmagalur", "name_kn": "", "level": "block", "parent_id": "KGIS-D-17", "district_en": "Chikkamagaluru", "lgd_code": null }, "geometry": { "type": "Polygon", "coordinates": [ [ [ 75.6972, 13.5643 ], [ 75.7223, 13.567 ], [ 75.7274, 13.5649 ], [ 75.7257, 13.5631 ], [ 75.7373, 13.5569 ], [ 75.7433, 13.5493 ], [ 75.7506, 13.5333 ], [ 75.7617, 13.5327 ], [ 75.7703, 13.5246 ], [ 75.7719, 13.5169 ], [ 75.8008, 13.5073 ], [ 75.8135, 13.5053 ], [ 75.8298, 13.5103 ], [ 75.838, 13.5006 ], [ 75.8422, 13.4912 ], [ 75.8396, 13.4864 ], [ 75.8413, 13.4861 ], [ 75.8405, 13.4831 ], [ 75.843, 13.4835 ], [ 75.8431, 13.4771 ], [ 75.859, 13.4741 ], [ 75.8603, 13.4684 ], [ 75.8893, 13.4736 ], [ 75.8903, 13.4643 ], [ 75.8789, 13.4544 ], [ 75.8763, 13.4481 ], [ 75.8797, 13.4456 ], [ 75.8788, 13.4494 ], [ 75.8832, 13.4519 ], [ 75.8876, 13.4496 ], [ 75.8847, 13.4369 ], [ 75.8877, 13.438 ], [ 75.8882, 13.4316 ], [ 75.8959, 13.4307 ], [ 75.9049, 13.4238 ], [ 75.9039, 13.4173 ], [ 75.9086, 13.4181 ], [ 75.9089, 13.4203 ], [ 75.9048, 13.4249 ], [ 75.9057, 13.4275 ], [ 75.9009, 13.4275 ], [ 75.8964, 13.431 ], [ 75.8981, 13.4341 ], [ 75.9034, 13.4341 ], [ 75.9048, 13.4299 ], [ 75.9109, 13.4275 ], [ 75.9107, 13.4204 ], [ 75.9089, 13.4179 ], [ 75.9072, 13.4165 ], [ 75.9103, 13.4161 ], [ 75.9077, 13.4031 ], [ 75.9193, 13.3977 ], [ 75.9173, 13.3948 ], [ 75.9195, 13.3923 ], [ 75.9165, 13.388 ], [ 75.9192, 13.3829 ], [ 75.927, 13.3826 ], [ 75.9249, 13.3713 ], [ 75.9478, 13.377 ], [ 75.952, 13.3711 ], [ 75.9561, 13.3479 ], [ 75.9659, 13.3427 ], [ 75.9863, 13.3491 ], [ 75.9848, 13.3429 ], [ 75.9917, 13.3365 ], [ 75.9903, 13.3291 ], [ 75.9972, 13.3196 ], [ 76.0089, 13.3218 ], [ 76.0136, 13.3154 ], [ 76.0201, 13.3156 ], [ 76.0269, 13.3213 ], [ 76.0271, 13.3284 ], [ 76.0287, 13.334 ], [ 76.0318, 13.3337 ], [ 76.0313, 13.338 ], [ 76.0345, 13.3374 ], [ 76.0319, 13.322 ], [ 76.0367, 13.3201 ], [ 76.0337, 13.3135 ], [ 76.0332, 13.3017 ], [ 76.0373, 13.3003 ], [ 76.0432, 13.2751 ], [ 76.0406, 13.2677 ], [ 76.0421, 13.2661 ], [ 76.0388, 13.2664 ], [ 76.0406, 13.264 ], [ 76.0367, 13.2495 ], [ 76.0212, 13.2518 ], [ 76.0179, 13.25 ], [ 76.0175, 13.2577 ], [ 76.0148, 13.2616 ], [ 75.9901, 13.2599 ], [ 75.9886, 13.2645 ], [ 75.9845, 13.2638 ], [ 75.9845, 13.2666 ], [ 75.9717, 13.2621 ], [ 75.9412, 13.2586 ], [ 75.9374, 13.2562 ], [ 75.9196, 13.257 ], [ 75.9153, 13.2618 ], [ 75.9048, 13.2579 ], [ 75.9002, 13.2661 ], [ 75.8818, 13.2599 ], [ 75.8774, 13.2607 ], [ 75.871, 13.2465 ], [ 75.8616, 13.2402 ], [ 75.863, 13.2427 ], [ 75.8599, 13.2442 ], [ 75.8603, 13.2536 ], [ 75.8556, 13.2539 ], [ 75.8569, 13.2584 ], [ 75.8517, 13.2586 ], [ 75.8403, 13.2513 ], [ 75.8358, 13.2522 ], [ 75.8308, 13.2574 ], [ 75.8243, 13.2531 ], [ 75.8185, 13.2593 ], [ 75.8136, 13.2585 ], [ 75.8134, 13.2609 ], [ 75.8074, 13.2589 ], [ 75.8094, 13.2547 ], [ 75.8076, 13.2469 ], [ 75.813, 13.2307 ], [ 75.8096, 13.2307 ], [ 75.8099, 13.2218 ], [ 75.8056, 13.2156 ], [ 75.7895, 13.2143 ], [ 75.7792, 13.21 ], [ 75.7753, 13.2166 ], [ 75.7729, 13.2129 ], [ 75.7664, 13.212 ], [ 75.7618, 13.2176 ], [ 75.7585, 13.2182 ], [ 75.7525, 13.2123 ], [ 75.7502, 13.2062 ], [ 75.7432, 13.2074 ], [ 75.7349, 13.1949 ], [ 75.7326, 13.1867 ], [ 75.7281, 13.1825 ], [ 75.7145, 13.184 ], [ 75.711, 13.1934 ], [ 75.7011, 13.1964 ], [ 75.6903, 13.1902 ], [ 75.6937, 13.1798 ], [ 75.6782, 13.1748 ], [ 75.6692, 13.1684 ], [ 75.6603, 13.1694 ], [ 75.6554, 13.1737 ], [ 75.6552, 13.169 ], [ 75.6413, 13.1643 ], [ 75.6312, 13.1673 ], [ 75.6285, 13.1771 ], [ 75.6246, 13.18 ], [ 75.6224, 13.1924 ], [ 75.6266, 13.1976 ], [ 75.6237, 13.202 ], [ 75.6064, 13.2022 ], [ 75.6062, 13.207 ], [ 75.6003, 13.2129 ], [ 75.6043, 13.2262 ], [ 75.5909, 13.2359 ], [ 75.5729, 13.2618 ], [ 75.5765, 13.2513 ], [ 75.5751, 13.2482 ], [ 75.5659, 13.2396 ], [ 75.5535, 13.2354 ], [ 75.5491, 13.237 ], [ 75.5448, 13.2334 ], [ 75.5387, 13.2174 ], [ 75.5179, 13.2231 ], [ 75.5251, 13.2518 ], [ 75.5049, 13.2637 ], [ 75.5063, 13.2675 ], [ 75.4966, 13.2696 ], [ 75.4892, 13.2786 ], [ 75.4943, 13.2996 ], [ 75.4916, 13.3056 ], [ 75.4914, 13.3171 ], [ 75.4961, 13.3263 ], [ 75.5027, 13.3303 ], [ 75.4994, 13.3363 ], [ 75.4991, 13.3492 ], [ 75.4873, 13.3509 ], [ 75.4862, 13.3458 ], [ 75.483, 13.3441 ], [ 75.4706, 13.351 ], [ 75.473, 13.3522 ], [ 75.4824, 13.3492 ], [ 75.4939, 13.355 ], [ 75.4963, 13.3539 ], [ 75.4876, 13.3623 ], [ 75.4939, 13.3716 ], [ 75.4938, 13.3809 ], [ 75.5153, 13.3759 ], [ 75.5187, 13.3786 ], [ 75.5162, 13.3846 ], [ 75.5209, 13.3848 ], [ 75.5182, 13.4017 ], [ 75.5116, 13.4132 ], [ 75.5055, 13.4128 ], [ 75.5039, 13.4171 ], [ 75.4977, 13.4215 ], [ 75.5039, 13.4264 ], [ 75.4993, 13.4334 ], [ 75.5109, 13.4369 ], [ 75.5113, 13.4491 ], [ 75.513, 13.4514 ], [ 75.5233, 13.4532 ], [ 75.5237, 13.4655 ], [ 75.5312, 13.4698 ], [ 75.5273, 13.4782 ], [ 75.5288, 13.4899 ], [ 75.5346, 13.4991 ], [ 75.5397, 13.5017 ], [ 75.5383, 13.507 ], [ 75.5419, 13.5092 ], [ 75.5435, 13.5146 ], [ 75.5494, 13.5184 ], [ 75.5591, 13.5058 ], [ 75.569, 13.5106 ], [ 75.5873, 13.5021 ], [ 75.5903, 13.512 ], [ 75.5794, 13.5152 ], [ 75.5963, 13.5341 ], [ 75.5952, 13.537 ], [ 75.6098, 13.5478 ], [ 75.6608, 13.5637 ], [ 75.6634, 13.56 ], [ 75.6854, 13.5673 ], [ 75.6972, 13.5643 ] ], [ [ 75.9064, 13.4176 ], [ 75.9072, 13.4168 ], [ 75.9081, 13.4174 ], [ 75.9064, 13.4176 ] ] ] } },
{ "type": "Feature", "properties": { "area_id": "KGIS-T-1707", "name_en": "Mudigere", "name_kn": "ಮೂಡಿಗೆರೆ", "level": "block", "parent_id": "KGIS-D-17", "district_en": "Chikkamagaluru", "lgd_code": "5531" }, "geometry": { "type": "Polygon", "coordinates": [ [ [ 75.3085, 13.2992 ], [ 75.3324, 13.2873 ], [ 75.3377, 13.2953 ], [ 75.3435, 13.2936 ], [ 75.3472, 13.2972 ], [ 75.3512, 13.2976 ], [ 75.3618, 13.288 ], [ 75.3633, 13.2907 ], [ 75.3714, 13.2896 ], [ 75.3768, 13.2924 ], [ 75.3785, 13.2992 ], [ 75.3876, 13.2987 ], [ 75.3974, 13.3027 ], [ 75.3947, 13.3051 ], [ 75.3975, 13.3152 ], [ 75.3926, 13.3221 ], [ 75.406, 13.3198 ], [ 75.4129, 13.3246 ], [ 75.4424, 13.2947 ], [ 75.4551, 13.2903 ], [ 75.4562, 13.2587 ], [ 75.4582, 13.2555 ], [ 75.464, 13.2554 ], [ 75.4677, 13.259 ], [ 75.4722, 13.258 ], [ 75.4744, 13.2746 ], [ 75.4803, 13.2702 ], [ 75.4919, 13.2705 ], [ 75.4947, 13.2731 ], [ 75.4966, 13.2696 ], [ 75.5066, 13.2673 ], [ 75.5049, 13.2637 ], [ 75.513, 13.2603 ], [ 75.5159, 13.2557 ], [ 75.5251, 13.2518 ], [ 75.5179, 13.2231 ], [ 75.5387, 13.2174 ], [ 75.5448, 13.2334 ], [ 75.5491, 13.237 ], [ 75.5535, 13.2354 ], [ 75.5659, 13.2396 ], [ 75.5751, 13.2482 ], [ 75.5765, 13.2513 ], [ 75.5729, 13.2618 ], [ 75.5909, 13.2359 ], [ 75.6043, 13.2262 ], [ 75.6003, 13.2129 ], [ 75.6062, 13.207 ], [ 75.6064, 13.2022 ], [ 75.6237, 13.202 ], [ 75.6265, 13.1976 ], [ 75.6227, 13.1907 ], [ 75.6246, 13.18 ], [ 75.6285, 13.1771 ], [ 75.6312, 13.1673 ], [ 75.6413, 13.1643 ], [ 75.6552, 13.169 ], [ 75.6554, 13.1737 ], [ 75.6603, 13.1694 ], [ 75.6692, 13.1684 ], [ 75.6782, 13.1748 ], [ 75.6937, 13.1798 ], [ 75.6903, 13.1902 ], [ 75.6974, 13.1954 ], [ 75.7028, 13.1962 ], [ 75.711, 13.1934 ], [ 75.7145, 13.184 ], [ 75.7288, 13.1816 ], [ 75.7304, 13.1636 ], [ 75.7346, 13.1601 ], [ 75.7359, 13.1535 ], [ 75.7403, 13.1486 ], [ 75.7444, 13.1505 ], [ 75.7513, 13.1461 ], [ 75.7538, 13.1372 ], [ 75.7505, 13.1357 ], [ 75.7519, 13.1334 ], [ 75.7485, 13.1304 ], [ 75.7361, 13.1223 ], [ 75.7379, 13.1149 ], [ 75.7404, 13.1138 ], [ 75.739, 13.1105 ], [ 75.7276, 13.1051 ], [ 75.7266, 13.096 ], [ 75.7426, 13.0711 ], [ 75.7406, 13.0596 ], [ 75.742, 13.0544 ], [ 75.7393, 13.0502 ], [ 75.742, 13.0415 ], [ 75.7405, 13.0298 ], [ 75.7276, 13.0238 ], [ 75.7235, 13.0282 ], [ 75.7255, 13.0318 ], [ 75.7252, 13.0321 ], [ 75.7169, 13.0309 ], [ 75.7102, 13.0371 ], [ 75.6968, 13.0369 ], [ 75.6959, 13.0461 ], [ 75.6903, 13.044 ], [ 75.6881, 13.0368 ], [ 75.6903, 13.0333 ], [ 75.6866, 13.0325 ], [ 75.6838, 13.036 ], [ 75.6828, 13.0312 ], [ 75.6739, 13.0298 ], [ 75.674, 13.0246 ], [ 75.6707, 13.0305 ], [ 75.665, 13.0315 ], [ 75.6621, 13.0293 ], [ 75.6616, 13.0253 ], [ 75.6571, 13.0248 ], [ 75.6562, 13.0293 ], [ 75.6499, 13.0263 ], [ 75.6472, 13.0274 ], [ 75.6458, 13.0319 ], [ 75.6429, 13.0313 ], [ 75.6437, 13.0272 ], [ 75.6402, 13.0247 ], [ 75.6408, 13.0194 ], [ 75.6385, 13.018 ], [ 75.6376, 13.011 ], [ 75.6315, 13.0113 ], [ 75.6195, 12.9912 ], [ 75.609, 12.9806 ], [ 75.6019, 12.9643 ], [ 75.6026, 12.9576 ], [ 75.5948, 12.9442 ], [ 75.5732, 12.9353 ], [ 75.5713, 12.9301 ], [ 75.5573, 12.9132 ], [ 75.5494, 12.9079 ], [ 75.553, 12.9135 ], [ 75.5514, 12.9362 ], [ 75.5533, 12.9425 ], [ 75.551, 12.9454 ], [ 75.5529, 12.95 ], [ 75.5457, 12.9562 ], [ 75.5331, 12.9599 ], [ 75.5264, 12.9693 ], [ 75.5172, 12.97 ], [ 75.5096, 12.9805 ], [ 75.5018, 12.9811 ], [ 75.5207, 12.9857 ], [ 75.5274, 12.9964 ], [ 75.5245, 13.002 ], [ 75.53, 13.002 ], [ 75.5326, 13.0091 ], [ 75.5292, 13.025 ], [ 75.5207, 13.0273 ], [ 75.5201, 13.0304 ], [ 75.5263, 13.0381 ], [ 75.527, 13.0494 ], [ 75.5149, 13.0547 ], [ 75.5195, 13.0586 ], [ 75.5187, 13.0607 ], [ 75.5078, 13.0692 ], [ 75.4917, 13.0893 ], [ 75.4878, 13.0902 ], [ 75.4804, 13.0844 ], [ 75.478, 13.0768 ], [ 75.4722, 13.0788 ], [ 75.4676, 13.0768 ], [ 75.4665, 13.0829 ], [ 75.4737, 13.094 ], [ 75.4563, 13.1095 ], [ 75.449, 13.109 ], [ 75.4439, 13.106 ], [ 75.4413, 13.1144 ], [ 75.4322, 13.1204 ], [ 75.432, 13.1175 ], [ 75.4268, 13.1143 ], [ 75.4238, 13.1061 ], [ 75.4188, 13.1075 ], [ 75.4154, 13.1056 ], [ 75.4063, 13.1117 ], [ 75.4118, 13.1249 ], [ 75.4073, 13.1397 ], [ 75.4096, 13.1501 ], [ 75.407, 13.1581 ], [ 75.3903, 13.1692 ], [ 75.3842, 13.1779 ], [ 75.3738, 13.1825 ], [ 75.3633, 13.182 ], [ 75.3558, 13.1872 ], [ 75.3356, 13.1764 ], [ 75.329, 13.1641 ], [ 75.3243, 13.1659 ], [ 75.3177, 13.1506 ], [ 75.3184, 13.1397 ], [ 75.3114, 13.138 ], [ 75.3106, 13.1294 ], [ 75.3039, 13.1257 ], [ 75.2909, 13.1295 ], [ 75.2883, 13.1227 ], [ 75.2851, 13.1228 ], [ 75.2833, 13.1258 ], [ 75.2809, 13.1246 ], [ 75.2778, 13.1318 ], [ 75.2708, 13.1247 ], [ 75.2618, 13.1237 ], [ 75.2551, 13.1293 ], [ 75.2437, 13.1294 ], [ 75.2374, 13.1389 ], [ 75.2302, 13.1405 ], [ 75.2267, 13.1471 ], [ 75.2231, 13.1462 ], [ 75.2159, 13.1546 ], [ 75.2094, 13.1513 ], [ 75.2056, 13.1521 ], [ 75.2078, 13.169 ], [ 75.204, 13.1763 ], [ 75.1895, 13.181 ], [ 75.1795, 13.1917 ], [ 75.1649, 13.1986 ], [ 75.1643, 13.2036 ], [ 75.1679, 13.2076 ], [ 75.1573, 13.243 ], [ 75.1617, 13.2485 ], [ 75.1789, 13.2597 ], [ 75.2128, 13.2728 ], [ 75.2326, 13.268 ], [ 75.2438, 13.2761 ], [ 75.2489, 13.2723 ], [ 75.2623, 13.2886 ], [ 75.2841, 13.294 ], [ 75.2945, 13.3042 ], [ 75.2924, 13.309 ], [ 75.3139, 13.3284 ], [ 75.3172, 13.307 ], [ 75.3085, 13.2992 ] ] ] } },
{ "type": "Feature", "properties": { "area_id": "KGIS-T-1708", "name_en": "Ajjampura", "name_kn": "ಅಜ್ಜಂಪುರ", "level": "block", "parent_id": "KGIS-D-17", "district_en": "Chikkamagaluru", "lgd_code": null }, "geometry": { "type": "Polygon", "coordinates": [ [ [ 76.0492, 13.8959 ], [ 76.0539, 13.8924 ], [ 76.0537, 13.8795 ], [ 76.0764, 13.8793 ], [ 76.0874, 13.874 ], [ 76.0911, 13.867 ], [ 76.0996, 13.8643 ], [ 76.1039, 13.8379 ], [ 76.1157, 13.8124 ], [ 76.1295, 13.8146 ], [ 76.1335, 13.7853 ], [ 76.1478, 13.7511 ], [ 76.149, 13.7325 ], [ 76.1697, 13.7281 ], [ 76.1716, 13.7197 ], [ 76.1798, 13.7164 ], [ 76.1945, 13.712 ], [ 76.2196, 13.7103 ], [ 76.221, 13.6816 ], [ 76.2174, 13.6684 ], [ 76.207, 13.6682 ], [ 76.1836, 13.6505 ], [ 76.1817, 13.6389 ], [ 76.1843, 13.6335 ], [ 76.1809, 13.628 ], [ 76.1743, 13.6263 ], [ 76.1702, 13.6394 ], [ 76.1707, 13.6457 ], [ 76.1656, 13.6478 ], [ 76.1609, 13.6628 ], [ 76.1533, 13.6638 ], [ 76.1425, 13.6591 ], [ 76.1389, 13.6509 ], [ 76.1316, 13.6507 ], [ 76.1284, 13.6484 ], [ 76.1229, 13.6529 ], [ 76.1152, 13.6488 ], [ 76.1091, 13.6488 ], [ 76.1084, 13.6517 ], [ 76.103, 13.6529 ], [ 76.103, 13.6744 ], [ 76.09, 13.676 ], [ 76.0922, 13.68 ], [ 76.0917, 13.6858 ], [ 76.0866, 13.6875 ], [ 76.0858, 13.6813 ], [ 76.0683, 13.6834 ], [ 76.0666, 13.6816 ], [ 76.0612, 13.6853 ], [ 76.0603, 13.6758 ], [ 76.0537, 13.6757 ], [ 76.05, 13.6812 ], [ 76.0437, 13.6803 ], [ 76.0313, 13.6885 ], [ 76.0312, 13.701 ], [ 76.0213, 13.7026 ], [ 76.0196, 13.7023 ], [ 76.0188, 13.6878 ], [ 76.0225, 13.685 ], [ 76.0098, 13.6853 ], [ 76.0062, 13.6713 ], [ 75.9985, 13.6711 ], [ 75.9952, 13.6675 ], [ 75.9926, 13.6544 ], [ 75.9955, 13.6536 ], [ 75.9962, 13.6473 ], [ 75.97, 13.6493 ], [ 75.9694, 13.6445 ], [ 75.9658, 13.641 ], [ 75.9549, 13.6381 ], [ 75.9447, 13.6378 ], [ 75.9339, 13.6437 ], [ 75.9526, 13.6495 ], [ 75.9524, 13.6512 ], [ 75.9588, 13.6513 ], [ 75.9583, 13.6589 ], [ 75.961, 13.659 ], [ 75.9623, 13.6644 ], [ 75.9607, 13.665 ], [ 75.9614, 13.6728 ], [ 75.9473, 13.6813 ], [ 75.9417, 13.6802 ], [ 75.9412, 13.6694 ], [ 75.939, 13.6696 ], [ 75.9384, 13.667 ], [ 75.9294, 13.67 ], [ 75.9308, 13.6788 ], [ 75.9212, 13.6891 ], [ 75.9243, 13.7025 ], [ 75.9208, 13.7023 ], [ 75.9201, 13.7058 ], [ 75.9236, 13.7173 ], [ 75.9194, 13.7194 ], [ 75.923, 13.7282 ], [ 75.9409, 13.7231 ], [ 75.9484, 13.7177 ], [ 75.9512, 13.7283 ], [ 75.9435, 13.737 ], [ 75.9434, 13.7398 ], [ 75.929, 13.7394 ], [ 75.9251, 13.7359 ], [ 75.927, 13.7463 ], [ 75.9315, 13.755 ], [ 75.931, 13.7609 ], [ 75.9428, 13.7572 ], [ 75.9567, 13.7572 ], [ 75.9575, 13.7654 ], [ 75.9632, 13.7681 ], [ 75.9585, 13.776 ], [ 75.9378, 13.7891 ], [ 75.9314, 13.7916 ], [ 75.9179, 13.7913 ], [ 75.907, 13.8067 ], [ 75.9202, 13.8073 ], [ 75.9278, 13.814 ], [ 75.94, 13.8127 ], [ 75.9462, 13.8139 ], [ 75.9472, 13.8171 ], [ 75.9522, 13.8159 ], [ 75.9478, 13.8307 ], [ 75.9558, 13.84 ], [ 75.9584, 13.8403 ], [ 75.9585, 13.843 ], [ 75.9638, 13.8456 ], [ 75.9691, 13.855 ], [ 75.9751, 13.8526 ], [ 75.9771, 13.8488 ], [ 75.9884, 13.8478 ], [ 75.9939, 13.8504 ], [ 76.006, 13.8669 ], [ 76.0101, 13.8652 ], [ 76.016, 13.8706 ], [ 76.0172, 13.8648 ], [ 76.0222, 13.8627 ], [ 76.0264, 13.868 ], [ 76.0313, 13.8686 ], [ 76.0274, 13.875 ], [ 76.03, 13.875 ], [ 76.0332, 13.8814 ], [ 76.0347, 13.8975 ], [ 76.0511, 13.8976 ], [ 76.0492, 13.8959 ] ] ] } },
{ "type": "Feature", "properties": { "area_id": "KGIS-T-1801", "name_en": "Chiknayakanahalli", "name_kn": "ಚಿಕ್ಕನಾಯಕನಹಳ್ಳಿ", "level": "block", "parent_id": "KGIS-D-18", "district_en": "Tumakuru", "lgd_code": "5532" }, "geometry": { "type": "Polygon", "coordinates": [ [ [ 76.6257, 13.7245 ], [ 76.6315, 13.7135 ], [ 76.6627, 13.7215 ], [ 76.6733, 13.7181 ], [ 76.6723, 13.7054 ], [ 76.6838, 13.6917 ], [ 76.6776, 13.6633 ], [ 76.697, 13.6424 ], [ 76.6996, 13.6245 ], [ 76.6997, 13.5966 ], [ 76.7033, 13.5904 ], [ 76.7115, 13.5546 ], [ 76.7121, 13.55 ], [ 76.6975, 13.5413 ], [ 76.6972, 13.5363 ], [ 76.6997, 13.535 ], [ 76.6994, 13.5305 ], [ 76.7037, 13.5284 ], [ 76.7049, 13.5212 ], [ 76.7128, 13.5174 ], [ 76.7114, 13.5144 ], [ 76.713, 13.5128 ], [ 76.7236, 13.5129 ], [ 76.7263, 13.5094 ], [ 76.7246, 13.5045 ], [ 76.7276, 13.5032 ], [ 76.7298, 13.4972 ], [ 76.7301, 13.4776 ], [ 76.7321, 13.4764 ], [ 76.7292, 13.4689 ], [ 76.7338, 13.4572 ], [ 76.7362, 13.4598 ], [ 76.7362, 13.4572 ], [ 76.7446, 13.4536 ], [ 76.7574, 13.4511 ], [ 76.759, 13.4421 ], [ 76.7489, 13.4394 ], [ 76.752, 13.4304 ], [ 76.7542, 13.4302 ], [ 76.7533, 13.4277 ], [ 76.7596, 13.4192 ], [ 76.7471, 13.4117 ], [ 76.7397, 13.4093 ], [ 76.7381, 13.4123 ], [ 76.728, 13.4075 ], [ 76.7257, 13.4024 ], [ 76.7281, 13.3993 ], [ 76.7224, 13.3989 ], [ 76.7155, 13.4026 ], [ 76.7031, 13.4026 ], [ 76.7135, 13.3729 ], [ 76.7075, 13.3694 ], [ 76.7065, 13.3505 ], [ 76.7012, 13.3506 ], [ 76.7007, 13.3424 ], [ 76.6923, 13.3464 ], [ 76.6831, 13.3415 ], [ 76.679, 13.336 ], [ 76.6634, 13.3347 ], [ 76.657, 13.3319 ], [ 76.651, 13.3329 ], [ 76.6466, 13.3272 ], [ 76.6352, 13.3242 ], [ 76.637, 13.3202 ], [ 76.6306, 13.3176 ], [ 76.6294, 13.3142 ], [ 76.6227, 13.3136 ], [ 76.6134, 13.3148 ], [ 76.6157, 13.3168 ], [ 76.6157, 13.3227 ], [ 76.6125, 13.3245 ], [ 76.597, 13.324 ], [ 76.5977, 13.3409 ], [ 76.588, 13.3399 ], [ 76.5774, 13.3313 ], [ 76.5667, 13.329 ], [ 76.5573, 13.3347 ], [ 76.5514, 13.3309 ], [ 76.5453, 13.3357 ], [ 76.5398, 13.3309 ], [ 76.5407, 13.3359 ], [ 76.5434, 13.3371 ], [ 76.5404, 13.3434 ], [ 76.5456, 13.3564 ], [ 76.5414, 13.3749 ], [ 76.5179, 13.3797 ], [ 76.5137, 13.3869 ], [ 76.5155, 13.3942 ], [ 76.5052, 13.3988 ], [ 76.498, 13.4088 ], [ 76.4833, 13.4165 ], [ 76.4735, 13.4184 ], [ 76.4708, 13.4124 ], [ 76.468, 13.4141 ], [ 76.4616, 13.4114 ], [ 76.4553, 13.412 ], [ 76.4501, 13.4188 ], [ 76.4452, 13.4197 ], [ 76.435, 13.4149 ], [ 76.4281, 13.4191 ], [ 76.425, 13.4266 ], [ 76.412, 13.4308 ], [ 76.4092, 13.4366 ], [ 76.4195, 13.4496 ], [ 76.4077, 13.4595 ], [ 76.4119, 13.4792 ], [ 76.4153, 13.4812 ], [ 76.4078, 13.4843 ], [ 76.4052, 13.4912 ], [ 76.3981, 13.4934 ], [ 76.3963, 13.4998 ], [ 76.3977, 13.5062 ], [ 76.4091, 13.5055 ], [ 76.4154, 13.5091 ], [ 76.4197, 13.52 ], [ 76.4247, 13.5239 ], [ 76.4004, 13.5264 ], [ 76.3977, 13.5282 ], [ 76.3953, 13.536 ], [ 76.3879, 13.5344 ], [ 76.3705, 13.5479 ], [ 76.364, 13.5472 ], [ 76.3528, 13.5797 ], [ 76.3731, 13.5922 ], [ 76.3788, 13.5891 ], [ 76.3815, 13.5775 ], [ 76.3923, 13.5907 ], [ 76.3979, 13.591 ], [ 76.3981, 13.5946 ], [ 76.4048, 13.5909 ], [ 76.4094, 13.5801 ], [ 76.4128, 13.5784 ], [ 76.4241, 13.5809 ], [ 76.4278, 13.5908 ], [ 76.4317, 13.5931 ], [ 76.4395, 13.5941 ], [ 76.4545, 13.5909 ], [ 76.4554, 13.5954 ], [ 76.4603, 13.6005 ], [ 76.456, 13.6046 ], [ 76.4556, 13.6128 ], [ 76.4611, 13.6202 ], [ 76.4998, 13.6228 ], [ 76.497, 13.6285 ], [ 76.5167, 13.634 ], [ 76.5181, 13.6411 ], [ 76.5273, 13.6481 ], [ 76.5343, 13.6502 ], [ 76.5294, 13.6605 ], [ 76.5291, 13.6671 ], [ 76.5324, 13.6684 ], [ 76.5399, 13.6632 ], [ 76.5541, 13.682 ], [ 76.5648, 13.6845 ], [ 76.569, 13.6894 ], [ 76.5739, 13.6869 ], [ 76.5773, 13.6903 ], [ 76.5712, 13.7083 ], [ 76.5771, 13.7147 ], [ 76.5965, 13.7205 ], [ 76.6, 13.725 ], [ 76.6087, 13.7234 ], [ 76.6208, 13.7344 ], [ 76.6245, 13.7339 ], [ 76.6257, 13.7245 ] ] ] } },
{ "type": "Feature", "properties": { "area_id": "KGIS-T-1802", "name_en": "Sira", "name_kn": "ಸಿರಾ", "level": "block", "parent_id": "KGIS-D-18", "district_en": "Tumakuru", "lgd_code": "5533" }, "geometry": { "type": "Polygon", "coordinates": [ [ [ 76.9503, 14.0921 ], [ 76.959, 14.0917 ], [ 76.9736, 14.0837 ], [ 76.9775, 14.071 ], [ 76.9766, 14.0655 ], [ 76.9719, 14.0585 ], [ 76.9585, 14.0575 ], [ 76.95, 14.0537 ], [ 76.932, 14.0545 ], [ 76.9334, 14.0445 ], [ 76.9306, 14.0309 ], [ 76.9343, 14.0332 ], [ 76.9438, 14.03 ], [ 76.945, 14.021 ], [ 76.95, 14.0146 ], [ 76.9659, 14.0112 ], [ 76.9993, 13.9899 ], [ 76.9936, 13.9628 ], [ 77.0058, 13.9567 ], [ 77.0138, 13.9555 ], [ 77.0239, 13.9403 ], [ 77.0366, 13.9371 ], [ 77.04, 13.9338 ], [ 77.0468, 13.9059 ], [ 77.022, 13.9028 ], [ 77.0233, 13.8959 ], [ 77.0161, 13.8846 ], [ 77.0184, 13.8723 ], [ 77.0132, 13.8715 ], [ 77.012, 13.8639 ], [ 77.0139, 13.8588 ], [ 77.0057, 13.8515 ], [ 76.9924, 13.849 ], [ 76.9904, 13.8372 ], [ 76.9867, 13.8319 ], [ 76.9781, 13.8268 ], [ 76.9764, 13.8179 ], [ 76.9898, 13.8131 ], [ 76.9914, 13.8029 ], [ 76.9899, 13.7958 ], [ 76.9849, 13.7907 ], [ 76.9916, 13.7767 ], [ 76.994, 13.7602 ], [ 76.9981, 13.7536 ], [ 76.996, 13.7537 ], [ 76.9972, 13.7473 ], [ 77.0136, 13.7393 ], [ 77.0216, 13.7227 ], [ 77.0291, 13.7242 ], [ 77.0295, 13.7097 ], [ 77.0241, 13.7063 ], [ 77.0121, 13.7044 ], [ 77.0088, 13.7006 ], [ 77.0097, 13.69 ], [ 77.0152, 13.6749 ], [ 77.024, 13.6732 ], [ 77.0263, 13.649 ], [ 77.0242, 13.6419 ], [ 77.0291, 13.6245 ], [ 77.0311, 13.5947 ], [ 77.0232, 13.5759 ], [ 77.0391, 13.5702 ], [ 77.0347, 13.5626 ], [ 77.038, 13.5568 ], [ 77.0472, 13.5495 ], [ 77.0487, 13.537 ], [ 77.0389, 13.5403 ], [ 77.0272, 13.5338 ], [ 77.0273, 13.5314 ], [ 77.0225, 13.5342 ], [ 77.0098, 13.5358 ], [ 77.0124, 13.5422 ], [ 77.0008, 13.5429 ], [ 77.0009, 13.5367 ], [ 76.9972, 13.5382 ], [ 77.0001, 13.5274 ], [ 76.9924, 13.5282 ], [ 76.992, 13.5159 ], [ 76.9972, 13.5141 ], [ 76.9885, 13.5025 ], [ 76.9651, 13.4885 ], [ 76.9449, 13.4942 ], [ 76.9341, 13.4907 ], [ 76.9214, 13.4938 ], [ 76.9241, 13.5059 ], [ 76.9203, 13.5207 ], [ 76.9278, 13.539 ], [ 76.9204, 13.5555 ], [ 76.9104, 13.5654 ], [ 76.8978, 13.5626 ], [ 76.8932, 13.5664 ], [ 76.8825, 13.5624 ], [ 76.8554, 13.5667 ], [ 76.8601, 13.5706 ], [ 76.8589, 13.5795 ], [ 76.8542, 13.5869 ], [ 76.8324, 13.5852 ], [ 76.8321, 13.593 ], [ 76.8018, 13.5819 ], [ 76.7871, 13.5831 ], [ 76.7824, 13.5875 ], [ 76.7749, 13.5842 ], [ 76.7608, 13.5872 ], [ 76.7556, 13.5843 ], [ 76.7423, 13.5834 ], [ 76.7253, 13.5784 ], [ 76.7245, 13.5757 ], [ 76.7235, 13.5786 ], [ 76.7045, 13.582 ], [ 76.6995, 13.5982 ], [ 76.6996, 13.6245 ], [ 76.697, 13.6424 ], [ 76.6776, 13.6633 ], [ 76.6838, 13.6917 ], [ 76.6768, 13.6996 ], [ 76.6841, 13.7028 ], [ 76.692, 13.6968 ], [ 76.6915, 13.7306 ], [ 76.6892, 13.7288 ], [ 76.6842, 13.7306 ], [ 76.6878, 13.7466 ], [ 76.6958, 13.7549 ], [ 76.6978, 13.7604 ], [ 76.6945, 13.7633 ], [ 76.6971, 13.7654 ], [ 76.6976, 13.7701 ], [ 76.7006, 13.7739 ], [ 76.7057, 13.7753 ], [ 76.7074, 13.7806 ], [ 76.7149, 13.7857 ], [ 76.7177, 13.796 ], [ 76.7241, 13.7998 ], [ 76.728, 13.7969 ], [ 76.7272, 13.7922 ], [ 76.7305, 13.7841 ], [ 76.7596, 13.7815 ], [ 76.7646, 13.7823 ], [ 76.7695, 13.7963 ], [ 76.7638, 13.8216 ], [ 76.7689, 13.8372 ], [ 76.7618, 13.8355 ], [ 76.7514, 13.8509 ], [ 76.7527, 13.8548 ], [ 76.7489, 13.8541 ], [ 76.7365, 13.8686 ], [ 76.7311, 13.8813 ], [ 76.7288, 13.8814 ], [ 76.7228, 13.8904 ], [ 76.7211, 13.8951 ], [ 76.7227, 13.8986 ], [ 76.7527, 13.907 ], [ 76.7497, 13.916 ], [ 76.752, 13.9195 ], [ 76.7621, 13.9213 ], [ 76.764, 13.9246 ], [ 76.7793, 13.9244 ], [ 76.8016, 13.9161 ], [ 76.8148, 13.9155 ], [ 76.8141, 13.9364 ], [ 76.8195, 13.9369 ], [ 76.8223, 13.9505 ], [ 76.8494, 13.9653 ], [ 76.849, 13.9807 ], [ 76.8233, 13.9938 ], [ 76.8221, 14.0006 ], [ 76.8333, 14.0032 ], [ 76.8367, 14.0179 ], [ 76.8569, 14.016 ], [ 76.8728, 14.0098 ], [ 76.8761, 14.0191 ], [ 76.8798, 14.0185 ], [ 76.8868, 14.039 ], [ 76.8868, 14.0464 ], [ 76.9097, 14.0637 ], [ 76.9228, 14.0565 ], [ 76.9278, 14.0771 ], [ 76.9427, 14.0892 ], [ 76.9503, 14.0921 ] ] ] } },
{ "type": "Feature", "properties": { "area_id": "KGIS-T-1803", "name_en": "Pavagada", "name_kn": "ಪಾವಗಡ", "level": "block", "parent_id": "KGIS-D-18", "district_en": "Tumakuru", "lgd_code": "5534" }, "geometry": { "type": "Polygon", "coordinates": [ [ [ 77.1655, 14.3418 ], [ 77.1652, 14.3381 ], [ 77.1688, 14.3379 ], [ 77.1699, 14.335 ], [ 77.1783, 14.3349 ], [ 77.1812, 14.3303 ], [ 77.1844, 14.3324 ], [ 77.1974, 14.321 ], [ 77.2146, 14.3186 ], [ 77.2288, 14.3216 ], [ 77.2398, 14.3173 ], [ 77.2452, 14.3175 ], [ 77.2539, 14.3223 ], [ 77.2539, 14.3256 ], [ 77.2587, 14.3277 ], [ 77.2582, 14.3308 ], [ 77.2692, 14.3321 ], [ 77.2768, 14.3373 ], [ 77.2848, 14.3377 ], [ 77.2868, 14.3404 ], [ 77.2894, 14.3103 ], [ 77.2885, 14.3003 ], [ 77.2829, 14.2872 ], [ 77.2834, 14.2822 ], [ 77.3049, 14.2834 ], [ 77.3385, 14.2773 ], [ 77.3633, 14.276 ], [ 77.3614, 14.2715 ], [ 77.365, 14.2547 ], [ 77.3604, 14.2344 ], [ 77.3774, 14.2279 ], [ 77.3841, 14.2206 ], [ 77.383, 14.2075 ], [ 77.3877, 14.2022 ], [ 77.3872, 14.1997 ], [ 77.3905, 14.1991 ], [ 77.4098, 14.2059 ], [ 77.4141, 14.2053 ], [ 77.4189, 14.2114 ], [ 77.4175, 14.2256 ], [ 77.4118, 14.2276 ], [ 77.4112, 14.2322 ], [ 77.4091, 14.2317 ], [ 77.4086, 14.26 ], [ 77.407, 14.2598 ], [ 77.4051, 14.2669 ], [ 77.3953, 14.2664 ], [ 77.3881, 14.2697 ], [ 77.3869, 14.2725 ], [ 77.3899, 14.279 ], [ 77.3868, 14.2819 ], [ 77.3841, 14.2958 ], [ 77.3769, 14.3041 ], [ 77.3792, 14.3216 ], [ 77.39, 14.3332 ], [ 77.4006, 14.3373 ], [ 77.4126, 14.3374 ], [ 77.4233, 14.3281 ], [ 77.4282, 14.3292 ], [ 77.431, 14.3133 ], [ 77.4466, 14.3175 ], [ 77.4449, 14.2954 ], [ 77.4499, 14.2808 ], [ 77.4638, 14.2821 ], [ 77.4794, 14.2929 ], [ 77.4835, 14.2906 ], [ 77.4873, 14.282 ], [ 77.4905, 14.2821 ], [ 77.4916, 14.2781 ], [ 77.4982, 14.2796 ], [ 77.5039, 14.2642 ], [ 77.5014, 14.2622 ], [ 77.503, 14.2588 ], [ 77.5004, 14.2475 ], [ 77.4963, 14.2364 ], [ 77.4921, 14.2343 ], [ 77.4924, 14.2309 ], [ 77.495, 14.2312 ], [ 77.4939, 14.2247 ], [ 77.5029, 14.2083 ], [ 77.5012, 14.2032 ], [ 77.504, 14.1924 ], [ 77.5156, 14.1867 ], [ 77.5167, 14.1834 ], [ 77.5038, 14.1577 ], [ 77.4901, 14.163 ], [ 77.4676, 14.1653 ], [ 77.467, 14.1721 ], [ 77.4575, 14.17 ], [ 77.4456, 14.1721 ], [ 77.4297, 14.1709 ], [ 77.4203, 14.1769 ], [ 77.4058, 14.172 ], [ 77.394, 14.1743 ], [ 77.3972, 14.1697 ], [ 77.3976, 14.1601 ], [ 77.389, 14.1596 ], [ 77.3876, 14.1538 ], [ 77.3849, 14.1533 ], [ 77.3802, 14.1368 ], [ 77.3634, 14.1311 ], [ 77.352, 14.1312 ], [ 77.3511, 14.1281 ], [ 77.3499, 14.1093 ], [ 77.3469, 14.1057 ], [ 77.3498, 14.1031 ], [ 77.3531, 14.1088 ], [ 77.3628, 14.1155 ], [ 77.3766, 14.119 ], [ 77.3884, 14.1261 ], [ 77.3967, 14.1253 ], [ 77.4006, 14.1202 ], [ 77.3975, 14.1098 ], [ 77.385, 14.0964 ], [ 77.3812, 14.0979 ], [ 77.3752, 14.0789 ], [ 77.3634, 14.0731 ], [ 77.3596, 14.0621 ], [ 77.3405, 14.0602 ], [ 77.3322, 14.0309 ], [ 77.3742, 14.0183 ], [ 77.3897, 14.0164 ], [ 77.3882, 14.0065 ], [ 77.3795, 13.9901 ], [ 77.3814, 13.9759 ], [ 77.3959, 13.9837 ], [ 77.4269, 13.9867 ], [ 77.4286, 13.983 ], [ 77.4366, 13.981 ], [ 77.44, 13.9758 ], [ 77.4357, 13.9484 ], [ 77.4297, 13.9449 ], [ 77.4116, 13.9455 ], [ 77.4158, 13.924 ], [ 77.4307, 13.9209 ], [ 77.434, 13.9175 ], [ 77.4345, 13.912 ], [ 77.4207, 13.8995 ], [ 77.4109, 13.8967 ], [ 77.4057, 13.8892 ], [ 77.3989, 13.8882 ], [ 77.4, 13.8959 ], [ 77.3979, 13.9064 ], [ 77.3673, 13.9032 ], [ 77.3543, 13.9042 ], [ 77.3528, 13.9137 ], [ 77.3475, 13.9156 ], [ 77.3655, 13.947 ], [ 77.3718, 13.9535 ], [ 77.3507, 13.9582 ], [ 77.3548, 13.9771 ], [ 77.3593, 13.9837 ], [ 77.3606, 13.9904 ], [ 77.3475, 13.9946 ], [ 77.3483, 13.9968 ], [ 77.3469, 13.9941 ], [ 77.3367, 13.9958 ], [ 77.3374, 14.0052 ], [ 77.3217, 14.0245 ], [ 77.3222, 14.0304 ], [ 77.3066, 14.032 ], [ 77.2982, 14.0218 ], [ 77.2915, 14.0201 ], [ 77.2819, 14.0133 ], [ 77.2758, 14.013 ], [ 77.279, 14.0321 ], [ 77.2775, 14.0345 ], [ 77.2725, 14.0346 ], [ 77.2649, 14.0292 ], [ 77.2606, 14.0293 ], [ 77.2562, 14.0226 ], [ 77.2486, 14.0187 ], [ 77.2453, 14.0117 ], [ 77.2221, 14.014 ], [ 77.2157, 14.0099 ], [ 77.2025, 14.008 ], [ 77.1729, 14.0127 ], [ 77.1709, 14.012 ], [ 77.1732, 14.001 ], [ 77.1511, 14.0009 ], [ 77.1415, 14.0038 ], [ 77.1409, 14.0183 ], [ 77.1366, 14.0216 ], [ 77.1316, 14.0452 ], [ 77.1269, 14.0475 ], [ 77.1009, 14.0449 ], [ 77.0941, 14.0422 ], [ 77.0796, 14.0427 ], [ 77.0757, 14.0438 ], [ 77.0764, 14.0534 ], [ 77.0692, 14.0521 ], [ 77.0425, 14.0573 ], [ 77.0345, 14.0563 ], [ 77.0268, 14.0634 ], [ 77.0287, 14.0887 ], [ 77.0169, 14.0948 ], [ 77.0192, 14.0965 ], [ 77.0138, 14.0997 ], [ 77.0243, 14.1129 ], [ 77.0219, 14.1224 ], [ 77.0259, 14.124 ], [ 77.0262, 14.1301 ], [ 77.0209, 14.1312 ], [ 77.0204, 14.1512 ], [ 77.0262, 14.1747 ], [ 77.0224, 14.1773 ], [ 77.0241, 14.1868 ], [ 77.0156, 14.1937 ], [ 77.0024, 14.1985 ], [ 77.0059, 14.2074 ], [ 77.0068, 14.219 ], [ 77.0007, 14.2224 ], [ 76.9989, 14.229 ], [ 77.005, 14.2307 ], [ 77.0056, 14.2359 ], [ 77.0085, 14.2378 ], [ 77.0308, 14.2423 ], [ 77.0306, 14.2441 ], [ 77.0364, 14.2447 ], [ 77.036, 14.2468 ], [ 77.044, 14.2465 ], [ 77.0582, 14.2439 ], [ 77.0614, 14.2291 ], [ 77.0698, 14.2317 ], [ 77.0764, 14.2234 ], [ 77.0802, 14.2132 ], [ 77.1153, 14.2233 ], [ 77.1164, 14.2373 ], [ 77.1193, 14.2437 ], [ 77.1175, 14.2507 ], [ 77.1143, 14.253 ], [ 77.1181, 14.2562 ], [ 77.1196, 14.2627 ], [ 77.1112, 14.2616 ], [ 77.1101, 14.2683 ], [ 77.1156, 14.2738 ], [ 77.1155, 14.2929 ], [ 77.1296, 14.3049 ], [ 77.1359, 14.3232 ], [ 77.1348, 14.3361 ], [ 77.1371, 14.3383 ], [ 77.1655, 14.3418 ] ] ] } },
{ "type": "Feature", "properties": { "area_id": "KGIS-T-1804", "name_en": "Madhugiri", "name_kn": "ಮಧುಗಿರಿ", "level": "block", "parent_id": "KGIS-D-18", "district_en": "Tumakuru", "lgd_code": "5535" }, "geometry": { "type": "Polygon", "coordinates": [ [ [ 77.1854, 13.8862 ], [ 77.1859, 13.8771 ], [ 77.1818, 13.87 ], [ 77.2006, 13.8634 ], [ 77.2102, 13.8781 ], [ 77.2098, 13.8842 ], [ 77.2153, 13.8858 ], [ 77.2168, 13.8841 ], [ 77.2152, 13.8675 ], [ 77.2198, 13.8679 ], [ 77.2301, 13.892 ], [ 77.2311, 13.9028 ], [ 77.2356, 13.9044 ], [ 77.2365, 13.9012 ], [ 77.2452, 13.9036 ], [ 77.2486, 13.9014 ], [ 77.2483, 13.8876 ], [ 77.2451, 13.8839 ], [ 77.2487, 13.8727 ], [ 77.2465, 13.8677 ], [ 77.2589, 13.8624 ], [ 77.2571, 13.8466 ], [ 77.2802, 13.8509 ], [ 77.2902, 13.8478 ], [ 77.295, 13.8576 ], [ 77.3102, 13.8632 ], [ 77.3111, 13.8669 ], [ 77.3212, 13.8562 ], [ 77.3212, 13.847 ], [ 77.3249, 13.8453 ], [ 77.323, 13.8398 ], [ 77.3255, 13.8328 ], [ 77.3368, 13.8327 ], [ 77.363, 13.854 ], [ 77.3788, 13.8493 ], [ 77.3809, 13.8468 ], [ 77.3795, 13.84 ], [ 77.3822, 13.8391 ], [ 77.4014, 13.8406 ], [ 77.4159, 13.8391 ], [ 77.4217, 13.8416 ], [ 77.4272, 13.8409 ], [ 77.43, 13.8449 ], [ 77.4338, 13.8429 ], [ 77.432, 13.8361 ], [ 77.4279, 13.8312 ], [ 77.4289, 13.8274 ], [ 77.4241, 13.8233 ], [ 77.4175, 13.8078 ], [ 77.4182, 13.8058 ], [ 77.4195, 13.8094 ], [ 77.4287, 13.8067 ], [ 77.4282, 13.8034 ], [ 77.4226, 13.7988 ], [ 77.4373, 13.7961 ], [ 77.4407, 13.8057 ], [ 77.4454, 13.8105 ], [ 77.4571, 13.8071 ], [ 77.4647, 13.8075 ], [ 77.4649, 13.8024 ], [ 77.4608, 13.8027 ], [ 77.4568, 13.7886 ], [ 77.4615, 13.788 ], [ 77.4602, 13.7805 ], [ 77.4644, 13.7695 ], [ 77.465, 13.7587 ], [ 77.4705, 13.7581 ], [ 77.4644, 13.734 ], [ 77.4651, 13.7111 ], [ 77.4501, 13.7114 ], [ 77.4558, 13.691 ], [ 77.4554, 13.6828 ], [ 77.4371, 13.6841 ], [ 77.4355, 13.6732 ], [ 77.4035, 13.6763 ], [ 77.3972, 13.6745 ], [ 77.3945, 13.6655 ], [ 77.3842, 13.6615 ], [ 77.3768, 13.6497 ], [ 77.3784, 13.6451 ], [ 77.3745, 13.6417 ], [ 77.37, 13.642 ], [ 77.3669, 13.6375 ], [ 77.3696, 13.6338 ], [ 77.3622, 13.6249 ], [ 77.3602, 13.6131 ], [ 77.3624, 13.6057 ], [ 77.3371, 13.6055 ], [ 77.333, 13.608 ], [ 77.318, 13.6091 ], [ 77.3128, 13.6031 ], [ 77.3043, 13.6117 ], [ 77.2992, 13.6083 ], [ 77.2937, 13.5999 ], [ 77.2897, 13.5879 ], [ 77.2798, 13.5953 ], [ 77.286, 13.6068 ], [ 77.2835, 13.6137 ], [ 77.2677, 13.624 ], [ 77.26, 13.6235 ], [ 77.2561, 13.6159 ], [ 77.252, 13.6132 ], [ 77.243, 13.6131 ], [ 77.2445, 13.6073 ], [ 77.2427, 13.6075 ], [ 77.2418, 13.6023 ], [ 77.2315, 13.6024 ], [ 77.2196, 13.5969 ], [ 77.2014, 13.5972 ], [ 77.1856, 13.6013 ], [ 77.1688, 13.5906 ], [ 77.15, 13.5887 ], [ 77.1389, 13.5969 ], [ 77.1308, 13.5933 ], [ 77.1199, 13.5934 ], [ 77.1049, 13.5891 ], [ 77.0983, 13.5817 ], [ 77.0955, 13.5815 ], [ 77.0768, 13.5852 ], [ 77.0479, 13.5835 ], [ 77.034, 13.5898 ], [ 77.0273, 13.5878 ], [ 77.0311, 13.5947 ], [ 77.0307, 13.6088 ], [ 77.0242, 13.6419 ], [ 77.0263, 13.649 ], [ 77.024, 13.6732 ], [ 77.0152, 13.6749 ], [ 77.0142, 13.6802 ], [ 77.0117, 13.6805 ], [ 77.0088, 13.7006 ], [ 77.0127, 13.7047 ], [ 77.0241, 13.7063 ], [ 77.0295, 13.7097 ], [ 77.0291, 13.7242 ], [ 77.0216, 13.7227 ], [ 77.0138, 13.7389 ], [ 77.0166, 13.7382 ], [ 77.019, 13.7492 ], [ 77.0173, 13.7556 ], [ 77.0234, 13.7691 ], [ 77.0243, 13.7791 ], [ 77.043, 13.7777 ], [ 77.0435, 13.7709 ], [ 77.047, 13.7706 ], [ 77.0522, 13.762 ], [ 77.0587, 13.76 ], [ 77.0577, 13.7526 ], [ 77.0651, 13.7448 ], [ 77.0854, 13.7432 ], [ 77.0833, 13.749 ], [ 77.0853, 13.7615 ], [ 77.0898, 13.7625 ], [ 77.0905, 13.7672 ], [ 77.1077, 13.7673 ], [ 77.1369, 13.7585 ], [ 77.141, 13.7653 ], [ 77.1513, 13.7664 ], [ 77.1734, 13.7621 ], [ 77.1791, 13.7829 ], [ 77.1733, 13.7854 ], [ 77.1637, 13.7962 ], [ 77.1622, 13.8044 ], [ 77.1578, 13.8056 ], [ 77.1624, 13.8083 ], [ 77.1596, 13.8163 ], [ 77.1678, 13.8208 ], [ 77.1697, 13.8297 ], [ 77.1533, 13.8342 ], [ 77.1547, 13.8445 ], [ 77.1323, 13.8463 ], [ 77.1282, 13.8562 ], [ 77.1367, 13.8566 ], [ 77.1456, 13.8681 ], [ 77.1607, 13.8658 ], [ 77.1674, 13.8623 ], [ 77.1716, 13.87 ], [ 77.1688, 13.8901 ], [ 77.1622, 13.8989 ], [ 77.1623, 13.9073 ], [ 77.1697, 13.9202 ], [ 77.185, 13.9246 ], [ 77.1884, 13.9128 ], [ 77.1907, 13.9115 ], [ 77.1854, 13.8862 ] ] ] } },
{ "type": "Feature", "properties": { "area_id": "KGIS-T-1805", "name_en": "Koratagere", "name_kn": "ಕೊರಟಗೆರೆ", "level": "block", "parent_id": "KGIS-D-18", "district_en": "Tumakuru", "lgd_code": "5536" }, "geometry": { "type": "Polygon", "coordinates": [ [ [ 77.2678, 13.624 ], [ 77.2835, 13.6137 ], [ 77.286, 13.6068 ], [ 77.2798, 13.5953 ], [ 77.2897, 13.5879 ], [ 77.2937, 13.5999 ], [ 77.2992, 13.6083 ], [ 77.3043, 13.6117 ], [ 77.3128, 13.6031 ], [ 77.318, 13.6091 ], [ 77.333, 13.608 ], [ 77.3371, 13.6055 ], [ 77.3624, 13.6057 ], [ 77.3628, 13.6022 ], [ 77.3648, 13.6019 ], [ 77.3637, 13.5901 ], [ 77.3698, 13.5885 ], [ 77.3744, 13.5899 ], [ 77.3795, 13.578 ], [ 77.383, 13.575 ], [ 77.3846, 13.5514 ], [ 77.3833, 13.5491 ], [ 77.3797, 13.5501 ], [ 77.38, 13.5463 ], [ 77.3828, 13.5368 ], [ 77.3906, 13.5363 ], [ 77.3916, 13.534 ], [ 77.3906, 13.519 ], [ 77.3817, 13.5147 ], [ 77.3826, 13.5009 ], [ 77.3847, 13.4989 ], [ 77.3786, 13.4932 ], [ 77.3763, 13.4843 ], [ 77.373, 13.4832 ], [ 77.3708, 13.4779 ], [ 77.3736, 13.4708 ], [ 77.367, 13.4697 ], [ 77.3656, 13.4621 ], [ 77.3561, 13.462 ], [ 77.3489, 13.4572 ], [ 77.3492, 13.443 ], [ 77.3533, 13.439 ], [ 77.3627, 13.436 ], [ 77.3651, 13.4266 ], [ 77.3618, 13.4151 ], [ 77.3563, 13.4142 ], [ 77.3473, 13.418 ], [ 77.3419, 13.4016 ], [ 77.3436, 13.3852 ], [ 77.3392, 13.3743 ], [ 77.3454, 13.3733 ], [ 77.3416, 13.3574 ], [ 77.3425, 13.3503 ], [ 77.3459, 13.3493 ], [ 77.3438, 13.3376 ], [ 77.3393, 13.3342 ], [ 77.3385, 13.3288 ], [ 77.3298, 13.3302 ], [ 77.3112, 13.3187 ], [ 77.3009, 13.3226 ], [ 77.3011, 13.3252 ], [ 77.2957, 13.3255 ], [ 77.297, 13.3376 ], [ 77.2845, 13.338 ], [ 77.2824, 13.3423 ], [ 77.2845, 13.3428 ], [ 77.2816, 13.3436 ], [ 77.2914, 13.3542 ], [ 77.2985, 13.3563 ], [ 77.2982, 13.3582 ], [ 77.2891, 13.3585 ], [ 77.2745, 13.3675 ], [ 77.2722, 13.3671 ], [ 77.2721, 13.3637 ], [ 77.2424, 13.3664 ], [ 77.2446, 13.3766 ], [ 77.2367, 13.3801 ], [ 77.2189, 13.3814 ], [ 77.2199, 13.3856 ], [ 77.2086, 13.3869 ], [ 77.2158, 13.393 ], [ 77.2213, 13.3924 ], [ 77.2295, 13.3991 ], [ 77.2153, 13.411 ], [ 77.227, 13.425 ], [ 77.2086, 13.4242 ], [ 77.2099, 13.4497 ], [ 77.2136, 13.4584 ], [ 77.197, 13.4628 ], [ 77.1977, 13.4682 ], [ 77.1935, 13.4744 ], [ 77.1885, 13.4767 ], [ 77.1842, 13.4754 ], [ 77.1746, 13.4789 ], [ 77.1731, 13.473 ], [ 77.1595, 13.4691 ], [ 77.1534, 13.4731 ], [ 77.1503, 13.4836 ], [ 77.1469, 13.4829 ], [ 77.1485, 13.4912 ], [ 77.1529, 13.496 ], [ 77.1515, 13.5018 ], [ 77.1335, 13.5058 ], [ 77.1346, 13.5045 ], [ 77.1159, 13.5056 ], [ 77.1142, 13.5139 ], [ 77.0966, 13.5167 ], [ 77.0962, 13.5193 ], [ 77.08, 13.5193 ], [ 77.0729, 13.5261 ], [ 77.0715, 13.5315 ], [ 77.0589, 13.5359 ], [ 77.0623, 13.544 ], [ 77.0603, 13.548 ], [ 77.0479, 13.5492 ], [ 77.038, 13.5568 ], [ 77.0347, 13.5626 ], [ 77.0391, 13.5702 ], [ 77.0232, 13.5759 ], [ 77.0273, 13.5878 ], [ 77.034, 13.5898 ], [ 77.0479, 13.5835 ], [ 77.0768, 13.5852 ], [ 77.0955, 13.5815 ], [ 77.0983, 13.5817 ], [ 77.1049, 13.5891 ], [ 77.1199, 13.5934 ], [ 77.1308, 13.5933 ], [ 77.1389, 13.5969 ], [ 77.15, 13.5887 ], [ 77.1688, 13.5906 ], [ 77.1856, 13.6013 ], [ 77.2014, 13.5972 ], [ 77.2196, 13.5969 ], [ 77.2315, 13.6024 ], [ 77.2418, 13.6023 ], [ 77.2427, 13.6075 ], [ 77.2445, 13.6073 ], [ 77.243, 13.6131 ], [ 77.252, 13.6132 ], [ 77.2561, 13.6159 ], [ 77.26, 13.6235 ], [ 77.2678, 13.624 ] ] ] } },
{ "type": "Feature", "properties": { "area_id": "KGIS-T-1806", "name_en": "Tumkur", "name_kn": "ತುಮಕೂರು", "level": "block", "parent_id": "KGIS-D-18", "district_en": "Tumakuru", "lgd_code": null }, "geometry": { "type": "Polygon", "coordinates": [ [ [ 77.0478, 13.5492 ], [ 77.0603, 13.548 ], [ 77.0623, 13.544 ], [ 77.0589, 13.5359 ], [ 77.0715, 13.5315 ], [ 77.0729, 13.5261 ], [ 77.08, 13.5193 ], [ 77.0962, 13.5193 ], [ 77.0966, 13.5167 ], [ 77.1142, 13.5139 ], [ 77.1159, 13.5056 ], [ 77.1346, 13.5045 ], [ 77.1335, 13.5058 ], [ 77.1515, 13.5018 ], [ 77.1529, 13.496 ], [ 77.1485, 13.4912 ], [ 77.1469, 13.4829 ], [ 77.1503, 13.4836 ], [ 77.1534, 13.4731 ], [ 77.1595, 13.4691 ], [ 77.1731, 13.473 ], [ 77.1746, 13.4789 ], [ 77.1842, 13.4754 ], [ 77.1885, 13.4767 ], [ 77.1935, 13.4744 ], [ 77.1977, 13.4682 ], [ 77.197, 13.4628 ], [ 77.2136, 13.4584 ], [ 77.2099, 13.4497 ], [ 77.2086, 13.4242 ], [ 77.227, 13.425 ], [ 77.2153, 13.411 ], [ 77.2295, 13.3991 ], [ 77.2213, 13.3924 ], [ 77.2158, 13.393 ], [ 77.2086, 13.3869 ], [ 77.2199, 13.3856 ], [ 77.2189, 13.3814 ], [ 77.2367, 13.3801 ], [ 77.2446, 13.3766 ], [ 77.2424, 13.3664 ], [ 77.2721, 13.3637 ], [ 77.2722, 13.3671 ], [ 77.2745, 13.3675 ], [ 77.2891, 13.3585 ], [ 77.2982, 13.3582 ], [ 77.2985, 13.3563 ], [ 77.2914, 13.3542 ], [ 77.2816, 13.3436 ], [ 77.2845, 13.3428 ], [ 77.2824, 13.3423 ], [ 77.2845, 13.338 ], [ 77.297, 13.3376 ], [ 77.2957, 13.3255 ], [ 77.3011, 13.3252 ], [ 77.3009, 13.3226 ], [ 77.3112, 13.3187 ], [ 77.3088, 13.31 ], [ 77.2816, 13.3107 ], [ 77.2822, 13.297 ], [ 77.2754, 13.2975 ], [ 77.2695, 13.3061 ], [ 77.2702, 13.3109 ], [ 77.2547, 13.3088 ], [ 77.253, 13.3027 ], [ 77.2474, 13.3018 ], [ 77.2423, 13.3026 ], [ 77.2372, 13.3109 ], [ 77.234, 13.3102 ], [ 77.229, 13.3141 ], [ 77.2227, 13.2965 ], [ 77.2195, 13.2735 ], [ 77.2222, 13.2675 ], [ 77.2191, 13.2618 ], [ 77.2048, 13.2629 ], [ 77.1999, 13.2684 ], [ 77.1936, 13.2691 ], [ 77.1934, 13.2735 ], [ 77.19, 13.276 ], [ 77.1884, 13.2755 ], [ 77.1847, 13.2566 ], [ 77.191, 13.2415 ], [ 77.1897, 13.2379 ], [ 77.1852, 13.2382 ], [ 77.1836, 13.23 ], [ 77.1885, 13.2252 ], [ 77.1934, 13.2253 ], [ 77.1941, 13.2094 ], [ 77.1993, 13.2027 ], [ 77.1986, 13.1952 ], [ 77.2025, 13.1945 ], [ 77.2036, 13.197 ], [ 77.207, 13.1973 ], [ 77.2065, 13.1883 ], [ 77.2027, 13.1819 ], [ 77.1981, 13.1821 ], [ 77.1974, 13.1801 ], [ 77.191, 13.1846 ], [ 77.1821, 13.1866 ], [ 77.1683, 13.184 ], [ 77.1645, 13.1898 ], [ 77.1649, 13.1966 ], [ 77.1625, 13.1965 ], [ 77.16, 13.1938 ], [ 77.1562, 13.1938 ], [ 77.1484, 13.1736 ], [ 77.1426, 13.1735 ], [ 77.1384, 13.1776 ], [ 77.1354, 13.1704 ], [ 77.1288, 13.1643 ], [ 77.1188, 13.1635 ], [ 77.1201, 13.1526 ], [ 77.1158, 13.1427 ], [ 77.1181, 13.141 ], [ 77.1159, 13.1312 ], [ 77.107, 13.1353 ], [ 77.1078, 13.1443 ], [ 77.0958, 13.1462 ], [ 77.0914, 13.1359 ], [ 77.0833, 13.1366 ], [ 77.0793, 13.1335 ], [ 77.0632, 13.1331 ], [ 77.0578, 13.1283 ], [ 77.0544, 13.1287 ], [ 77.0541, 13.1235 ], [ 77.0437, 13.12 ], [ 77.0383, 13.1211 ], [ 77.0382, 13.1246 ], [ 77.0242, 13.13 ], [ 77.0226, 13.1188 ], [ 77.0176, 13.1109 ], [ 77.005, 13.1149 ], [ 77.0019, 13.128 ], [ 76.9956, 13.1239 ], [ 76.9842, 13.1288 ], [ 76.981, 13.1351 ], [ 76.9804, 13.1455 ], [ 76.9768, 13.1462 ], [ 76.9814, 13.1792 ], [ 76.9776, 13.1793 ], [ 76.9763, 13.1824 ], [ 76.9698, 13.1807 ], [ 76.9646, 13.1826 ], [ 76.9656, 13.1878 ], [ 76.9746, 13.1859 ], [ 76.9784, 13.1921 ], [ 76.9779, 13.2055 ], [ 76.9861, 13.2084 ], [ 76.9829, 13.2331 ], [ 76.9848, 13.2325 ], [ 76.9867, 13.2377 ], [ 76.9936, 13.2381 ], [ 76.9945, 13.2414 ], [ 76.9891, 13.2453 ], [ 76.9893, 13.2499 ], [ 76.9961, 13.2525 ], [ 76.9964, 13.2611 ], [ 76.9956, 13.2668 ], [ 76.99, 13.2688 ], [ 76.9831, 13.2667 ], [ 76.9832, 13.2618 ], [ 76.9777, 13.2618 ], [ 76.9825, 13.2689 ], [ 76.9819, 13.2728 ], [ 76.9785, 13.274 ], [ 76.9839, 13.2864 ], [ 76.9875, 13.2892 ], [ 76.9877, 13.3005 ], [ 76.9973, 13.3027 ], [ 77.0001, 13.3163 ], [ 76.9978, 13.3187 ], [ 76.998, 13.3241 ], [ 77.0005, 13.3234 ], [ 77.005, 13.3379 ], [ 77.0031, 13.3413 ], [ 76.9997, 13.3411 ], [ 76.9993, 13.3484 ], [ 76.9909, 13.3581 ], [ 76.994, 13.3684 ], [ 76.9929, 13.3742 ], [ 76.9965, 13.3825 ], [ 76.9948, 13.3912 ], [ 76.9973, 13.3959 ], [ 76.9955, 13.4003 ], [ 76.9908, 13.3995 ], [ 76.9906, 13.402 ], [ 76.9973, 13.4039 ], [ 76.9971, 13.4058 ], [ 76.9885, 13.4087 ], [ 76.988, 13.4156 ], [ 76.9912, 13.4172 ], [ 76.9919, 13.428 ], [ 76.9879, 13.4292 ], [ 76.9884, 13.4354 ], [ 76.9849, 13.4372 ], [ 76.9851, 13.4408 ], [ 76.9794, 13.4413 ], [ 76.9773, 13.4453 ], [ 76.9763, 13.4694 ], [ 76.9729, 13.4714 ], [ 76.9726, 13.4797 ], [ 76.9651, 13.4885 ], [ 76.9885, 13.5025 ], [ 76.9972, 13.5141 ], [ 76.992, 13.5159 ], [ 76.9924, 13.5282 ], [ 77.0001, 13.5274 ], [ 76.9972, 13.5382 ], [ 77.0009, 13.5367 ], [ 77.0008, 13.5429 ], [ 77.0124, 13.5422 ], [ 77.0098, 13.5358 ], [ 77.0225, 13.5342 ], [ 77.0273, 13.5314 ], [ 77.0272, 13.5338 ], [ 77.0389, 13.5403 ], [ 77.0487, 13.537 ], [ 77.0478, 13.5492 ] ] ] } },
{ "type": "Feature", "properties": { "area_id": "KGIS-T-1807", "name_en": "Gubbi", "name_kn": "ಗುಬ್ಬಿ", "level": "block", "parent_id": "KGIS-D-18", "district_en": "Tumakuru", "lgd_code": "5538" }, "geometry": { "type": "MultiPolygon", "coordinates": [ [ [ [ 76.7645, 13.2808 ], [ 76.771, 13.2809 ], [ 76.773, 13.2703 ], [ 76.7705, 13.2696 ], [ 76.7636, 13.276 ], [ 76.7645, 13.2808 ] ] ], [ [ [ 76.8324, 13.5852 ], [ 76.8542, 13.5869 ], [ 76.8589, 13.5795 ], [ 76.8601, 13.5706 ], [ 76.8554, 13.5667 ], [ 76.863, 13.5647 ], [ 76.8724, 13.5651 ], [ 76.8825, 13.5624 ], [ 76.8932, 13.5664 ], [ 76.8978, 13.5626 ], [ 76.912, 13.5649 ], [ 76.9204, 13.5555 ], [ 76.9241, 13.5446 ], [ 76.9273, 13.5428 ], [ 76.9265, 13.5332 ], [ 76.9203, 13.5207 ], [ 76.9241, 13.5059 ], [ 76.9214, 13.4938 ], [ 76.9341, 13.4907 ], [ 76.9449, 13.4942 ], [ 76.965, 13.4885 ], [ 76.9726, 13.4797 ], [ 76.9729, 13.4714 ], [ 76.9763, 13.4694 ], [ 76.9773, 13.4453 ], [ 76.9794, 13.4413 ], [ 76.9851, 13.4408 ], [ 76.9849, 13.4372 ], [ 76.9884, 13.4354 ], [ 76.9879, 13.4292 ], [ 76.9918, 13.4282 ], [ 76.9912, 13.4172 ], [ 76.988, 13.4156 ], [ 76.9885, 13.4087 ], [ 76.9971, 13.4058 ], [ 76.9973, 13.4039 ], [ 76.9906, 13.402 ], [ 76.9908, 13.3995 ], [ 76.9955, 13.4003 ], [ 76.9973, 13.3959 ], [ 76.9948, 13.3912 ], [ 76.9965, 13.3825 ], [ 76.9929, 13.3742 ], [ 76.994, 13.3684 ], [ 76.9909, 13.3581 ], [ 76.9993, 13.3484 ], [ 76.9997, 13.3411 ], [ 77.0031, 13.3413 ], [ 77.005, 13.3379 ], [ 77.0005, 13.3234 ], [ 76.998, 13.3241 ], [ 76.9978, 13.3187 ], [ 77.0001, 13.3163 ], [ 76.9973, 13.3027 ], [ 76.9877, 13.3005 ], [ 76.9875, 13.2892 ], [ 76.9839, 13.2864 ], [ 76.9785, 13.274 ], [ 76.9819, 13.2728 ], [ 76.9825, 13.2689 ], [ 76.9777, 13.2618 ], [ 76.9832, 13.2618 ], [ 76.9831, 13.2667 ], [ 76.99, 13.2688 ], [ 76.9956, 13.2668 ], [ 76.9964, 13.2611 ], [ 76.9961, 13.2525 ], [ 76.9893, 13.2499 ], [ 76.9891, 13.2453 ], [ 76.9945, 13.2414 ], [ 76.9936, 13.2381 ], [ 76.9867, 13.2377 ], [ 76.9848, 13.2325 ], [ 76.9829, 13.2331 ], [ 76.9861, 13.2084 ], [ 76.9779, 13.2055 ], [ 76.9784, 13.1921 ], [ 76.9746, 13.1859 ], [ 76.9656, 13.1878 ], [ 76.9646, 13.1826 ], [ 76.9698, 13.1807 ], [ 76.9763, 13.1824 ], [ 76.9818, 13.177 ], [ 76.9807, 13.1659 ], [ 76.9781, 13.1653 ], [ 76.9791, 13.1566 ], [ 76.9768, 13.1462 ], [ 76.9804, 13.1455 ], [ 76.981, 13.1351 ], [ 76.9842, 13.1286 ], [ 76.9799, 13.1237 ], [ 76.9701, 13.1227 ], [ 76.9672, 13.1153 ], [ 76.9824, 13.0949 ], [ 76.9724, 13.0907 ], [ 76.9416, 13.0964 ], [ 76.9257, 13.0912 ], [ 76.9158, 13.0925 ], [ 76.916, 13.0969 ], [ 76.9124, 13.1019 ], [ 76.9026, 13.1076 ], [ 76.898, 13.114 ], [ 76.8932, 13.11 ], [ 76.8749, 13.1098 ], [ 76.869, 13.1167 ], [ 76.8631, 13.1175 ], [ 76.8582, 13.1312 ], [ 76.8554, 13.125 ], [ 76.8465, 13.1298 ], [ 76.8488, 13.1307 ], [ 76.8493, 13.1351 ], [ 76.8373, 13.1356 ], [ 76.8363, 13.1393 ], [ 76.8286, 13.1405 ], [ 76.8245, 13.1598 ], [ 76.804, 13.1615 ], [ 76.8043, 13.1783 ], [ 76.7996, 13.1794 ], [ 76.8009, 13.1894 ], [ 76.7997, 13.1968 ], [ 76.7963, 13.1967 ], [ 76.7979, 13.1977 ], [ 76.7972, 13.2077 ], [ 76.8, 13.2116 ], [ 76.8145, 13.2131 ], [ 76.8148, 13.2175 ], [ 76.8233, 13.2164 ], [ 76.8237, 13.2182 ], [ 76.8327, 13.2188 ], [ 76.835, 13.2243 ], [ 76.8357, 13.2446 ], [ 76.8346, 13.2478 ], [ 76.8311, 13.2473 ], [ 76.8301, 13.2562 ], [ 76.8243, 13.2546 ], [ 76.8243, 13.2509 ], [ 76.8213, 13.2528 ], [ 76.82, 13.2463 ], [ 76.8048, 13.2472 ], [ 76.805, 13.2555 ], [ 76.801, 13.2692 ], [ 76.7859, 13.2702 ], [ 76.7814, 13.2677 ], [ 76.7755, 13.2779 ], [ 76.7721, 13.2784 ], [ 76.7717, 13.2841 ], [ 76.7637, 13.286 ], [ 76.7619, 13.2958 ], [ 76.7426, 13.2933 ], [ 76.7411, 13.3056 ], [ 76.7382, 13.3084 ], [ 76.7361, 13.3065 ], [ 76.7203, 13.3077 ], [ 76.7179, 13.3143 ], [ 76.7099, 13.3166 ], [ 76.7102, 13.3325 ], [ 76.7167, 13.3315 ], [ 76.7202, 13.3415 ], [ 76.7174, 13.3473 ], [ 76.7065, 13.3505 ], [ 76.7075, 13.3694 ], [ 76.7135, 13.3729 ], [ 76.7031, 13.4026 ], [ 76.7155, 13.4026 ], [ 76.7224, 13.3989 ], [ 76.7281, 13.3993 ], [ 76.7257, 13.4024 ], [ 76.728, 13.4075 ], [ 76.7381, 13.4123 ], [ 76.7397, 13.4093 ], [ 76.7471, 13.4117 ], [ 76.7596, 13.4192 ], [ 76.7533, 13.4277 ], [ 76.7542, 13.4302 ], [ 76.752, 13.4304 ], [ 76.7489, 13.4394 ], [ 76.759, 13.4421 ], [ 76.7574, 13.4511 ], [ 76.7446, 13.4536 ], [ 76.7362, 13.4572 ], [ 76.7362, 13.4598 ], [ 76.7338, 13.4572 ], [ 76.7292, 13.4689 ], [ 76.7321, 13.4764 ], [ 76.7301, 13.4776 ], [ 76.7298, 13.4972 ], [ 76.7276, 13.5032 ], [ 76.7246, 13.5045 ], [ 76.7263, 13.5094 ], [ 76.7236, 13.5129 ], [ 76.713, 13.5128 ], [ 76.7114, 13.5144 ], [ 76.7128, 13.5174 ], [ 76.7049, 13.5212 ], [ 76.7037, 13.5284 ], [ 76.6994, 13.5305 ], [ 76.6997, 13.535 ], [ 76.6972, 13.5363 ], [ 76.6975, 13.5413 ], [ 76.7121, 13.55 ], [ 76.7045, 13.582 ], [ 76.7235, 13.5786 ], [ 76.7245, 13.5757 ], [ 76.7253, 13.5784 ], [ 76.7423, 13.5834 ], [ 76.7556, 13.5843 ], [ 76.7608, 13.5872 ], [ 76.7749, 13.5842 ], [ 76.7824, 13.5875 ], [ 76.7871, 13.5831 ], [ 76.8018, 13.5819 ], [ 76.8321, 13.593 ], [ 76.8324, 13.5852 ] ] ] ] } },
{ "type": "Feature", "properties": { "area_id": "KGIS-T-1808", "name_en": "Tiptur", "name_kn": "", "level": "block", "parent_id": "KGIS-D-18", "district_en": "Tumakuru", "lgd_code": "5539" }, "geometry": { "type": "Polygon", "coordinates": [ [ [ 76.4297, 13.4178 ], [ 76.4364, 13.4148 ], [ 76.4452, 13.4197 ], [ 76.4501, 13.4188 ], [ 76.4553, 13.412 ], [ 76.4616, 13.4114 ], [ 76.468, 13.4141 ], [ 76.4708, 13.4124 ], [ 76.4735, 13.4184 ], [ 76.4833, 13.4165 ], [ 76.498, 13.4088 ], [ 76.5052, 13.3988 ], [ 76.5155, 13.3942 ], [ 76.5137, 13.3869 ], [ 76.5179, 13.3797 ], [ 76.5414, 13.3749 ], [ 76.5456, 13.3564 ], [ 76.5404, 13.3434 ], [ 76.5434, 13.3371 ], [ 76.5407, 13.3359 ], [ 76.5398, 13.3309 ], [ 76.5453, 13.3357 ], [ 76.5514, 13.3309 ], [ 76.5573, 13.3347 ], [ 76.5667, 13.329 ], [ 76.5774, 13.3313 ], [ 76.588, 13.3399 ], [ 76.5977, 13.3409 ], [ 76.597, 13.324 ], [ 76.6125, 13.3245 ], [ 76.6157, 13.3227 ], [ 76.6157, 13.3168 ], [ 76.6134, 13.3148 ], [ 76.6237, 13.3137 ], [ 76.6294, 13.3142 ], [ 76.6306, 13.3176 ], [ 76.637, 13.3202 ], [ 76.6352, 13.3242 ], [ 76.6466, 13.3272 ], [ 76.651, 13.3329 ], [ 76.657, 13.3319 ], [ 76.6634, 13.3347 ], [ 76.679, 13.336 ], [ 76.6831, 13.3415 ], [ 76.6923, 13.3464 ], [ 76.7007, 13.3424 ], [ 76.7012, 13.3506 ], [ 76.7105, 13.3504 ], [ 76.7174, 13.3473 ], [ 76.7202, 13.3415 ], [ 76.7167, 13.3315 ], [ 76.7102, 13.3325 ], [ 76.7099, 13.3166 ], [ 76.7179, 13.3143 ], [ 76.7192, 13.3085 ], [ 76.7232, 13.306 ], [ 76.7167, 13.3032 ], [ 76.6912, 13.3024 ], [ 76.6887, 13.296 ], [ 76.6918, 13.2887 ], [ 76.6901, 13.2741 ], [ 76.6789, 13.2744 ], [ 76.6779, 13.2775 ], [ 76.6657, 13.2823 ], [ 76.6635, 13.2761 ], [ 76.6448, 13.2722 ], [ 76.6354, 13.2728 ], [ 76.6338, 13.2751 ], [ 76.6484, 13.2783 ], [ 76.6492, 13.2852 ], [ 76.6454, 13.2864 ], [ 76.6372, 13.2813 ], [ 76.618, 13.2841 ], [ 76.6171, 13.2787 ], [ 76.6207, 13.2648 ], [ 76.6321, 13.2549 ], [ 76.6195, 13.2453 ], [ 76.6198, 13.2391 ], [ 76.6054, 13.243 ], [ 76.5963, 13.2326 ], [ 76.595, 13.226 ], [ 76.5899, 13.2222 ], [ 76.5908, 13.2104 ], [ 76.6057, 13.2112 ], [ 76.6119, 13.2073 ], [ 76.6113, 13.1963 ], [ 76.6097, 13.1903 ], [ 76.6065, 13.1901 ], [ 76.6003, 13.1843 ], [ 76.595, 13.1733 ], [ 76.5959, 13.155 ], [ 76.5897, 13.145 ], [ 76.5835, 13.1448 ], [ 76.5831, 13.1511 ], [ 76.5701, 13.1497 ], [ 76.5662, 13.1514 ], [ 76.5669, 13.1297 ], [ 76.5649, 13.1239 ], [ 76.56, 13.122 ], [ 76.5565, 13.113 ], [ 76.5613, 13.111 ], [ 76.552, 13.0977 ], [ 76.5534, 13.0768 ], [ 76.5226, 13.0782 ], [ 76.5214, 13.0727 ], [ 76.5156, 13.069 ], [ 76.4962, 13.0861 ], [ 76.4951, 13.0944 ], [ 76.4816, 13.0911 ], [ 76.4714, 13.0933 ], [ 76.4688, 13.12 ], [ 76.4698, 13.1367 ], [ 76.4734, 13.1498 ], [ 76.4552, 13.1508 ], [ 76.4451, 13.1693 ], [ 76.4288, 13.1721 ], [ 76.4267, 13.1819 ], [ 76.4208, 13.186 ], [ 76.4162, 13.1859 ], [ 76.4133, 13.1912 ], [ 76.4079, 13.1925 ], [ 76.3937, 13.1889 ], [ 76.3939, 13.1974 ], [ 76.37, 13.2001 ], [ 76.3695, 13.2126 ], [ 76.3766, 13.2161 ], [ 76.379, 13.2203 ], [ 76.38, 13.2323 ], [ 76.3643, 13.2348 ], [ 76.362, 13.2496 ], [ 76.3566, 13.2505 ], [ 76.3584, 13.2618 ], [ 76.3551, 13.2639 ], [ 76.3572, 13.2868 ], [ 76.3471, 13.2975 ], [ 76.3496, 13.2965 ], [ 76.3477, 13.3019 ], [ 76.349, 13.3183 ], [ 76.3524, 13.3309 ], [ 76.3466, 13.345 ], [ 76.3459, 13.3599 ], [ 76.3829, 13.364 ], [ 76.3821, 13.3702 ], [ 76.386, 13.3699 ], [ 76.3935, 13.3788 ], [ 76.3925, 13.3905 ], [ 76.3897, 13.3945 ], [ 76.3974, 13.4042 ], [ 76.4007, 13.423 ], [ 76.4055, 13.4274 ], [ 76.4043, 13.431 ], [ 76.4092, 13.4366 ], [ 76.412, 13.4308 ], [ 76.425, 13.4266 ], [ 76.4297, 13.4178 ] ], [ [ 76.5178, 13.116 ], [ 76.5169, 13.1073 ], [ 76.5145, 13.107 ], [ 76.5169, 13.1025 ], [ 76.5414, 13.1061 ], [ 76.5403, 13.1175 ], [ 76.5262, 13.1235 ], [ 76.5178, 13.116 ] ] ] } },
{ "type": "Feature", "properties": { "area_id": "KGIS-T-1809", "name_en": "Turuvekere", "name_kn": "ತುರುವೇಕೆರೆ", "level": "block", "parent_id": "KGIS-D-18", "district_en": "Tumakuru", "lgd_code": "5540" }, "geometry": { "type": "MultiPolygon", "coordinates": [ [ [ [ 76.5262, 13.1235 ], [ 76.5403, 13.1175 ], [ 76.5414, 13.1061 ], [ 76.5169, 13.1025 ], [ 76.5145, 13.107 ], [ 76.5169, 13.1073 ], [ 76.5178, 13.116 ], [ 76.5262, 13.1235 ] ] ], [ [ [ 76.7382, 13.3084 ], [ 76.7426, 13.2933 ], [ 76.7619, 13.2958 ], [ 76.7637, 13.286 ], [ 76.7717, 13.2841 ], [ 76.7721, 13.2784 ], [ 76.7755, 13.2779 ], [ 76.7814, 13.2677 ], [ 76.7859, 13.2702 ], [ 76.801, 13.2692 ], [ 76.805, 13.2555 ], [ 76.8048, 13.2472 ], [ 76.82, 13.2463 ], [ 76.8213, 13.2528 ], [ 76.8243, 13.2509 ], [ 76.8243, 13.2546 ], [ 76.8301, 13.2562 ], [ 76.8311, 13.2473 ], [ 76.8346, 13.2478 ], [ 76.8357, 13.2312 ], [ 76.8327, 13.2188 ], [ 76.8237, 13.2182 ], [ 76.8233, 13.2164 ], [ 76.8148, 13.2175 ], [ 76.8145, 13.2131 ], [ 76.8, 13.2116 ], [ 76.7972, 13.2077 ], [ 76.7979, 13.1977 ], [ 76.7963, 13.1967 ], [ 76.7997, 13.1968 ], [ 76.8009, 13.1894 ], [ 76.7996, 13.1794 ], [ 76.8043, 13.1783 ], [ 76.804, 13.1615 ], [ 76.8245, 13.1598 ], [ 76.8286, 13.1405 ], [ 76.8363, 13.1393 ], [ 76.8373, 13.1356 ], [ 76.8493, 13.1351 ], [ 76.8488, 13.1307 ], [ 76.8465, 13.1298 ], [ 76.8554, 13.125 ], [ 76.8582, 13.1312 ], [ 76.8631, 13.1175 ], [ 76.869, 13.1167 ], [ 76.8749, 13.1098 ], [ 76.8932, 13.11 ], [ 76.898, 13.114 ], [ 76.9026, 13.1076 ], [ 76.9124, 13.1019 ], [ 76.916, 13.0969 ], [ 76.9154, 13.0886 ], [ 76.9065, 13.0875 ], [ 76.907, 13.0771 ], [ 76.9049, 13.0766 ], [ 76.9013, 13.0658 ], [ 76.8817, 13.062 ], [ 76.876, 13.0524 ], [ 76.868, 13.0506 ], [ 76.8664, 13.0402 ], [ 76.8542, 13.036 ], [ 76.8508, 13.0375 ], [ 76.8489, 13.0428 ], [ 76.8494, 13.0512 ], [ 76.8339, 13.0515 ], [ 76.8312, 13.0435 ], [ 76.837, 13.0345 ], [ 76.8331, 13.031 ], [ 76.8292, 13.019 ], [ 76.833, 13.0148 ], [ 76.8381, 13.0153 ], [ 76.8391, 13.0132 ], [ 76.8358, 13.0088 ], [ 76.8361, 13.0045 ], [ 76.8325, 13.0023 ], [ 76.8287, 13.0015 ], [ 76.8199, 13.0049 ], [ 76.8155, 13.0134 ], [ 76.8062, 13.0121 ], [ 76.7948, 13.0151 ], [ 76.7858, 13.0145 ], [ 76.7824, 13.0305 ], [ 76.7715, 13.0345 ], [ 76.718, 13.0406 ], [ 76.7095, 13.0393 ], [ 76.7018, 13.042 ], [ 76.6936, 13.0371 ], [ 76.6755, 13.0549 ], [ 76.6706, 13.0551 ], [ 76.6669, 13.0383 ], [ 76.6588, 13.0239 ], [ 76.658, 13.0137 ], [ 76.6531, 13.0076 ], [ 76.6453, 13.0057 ], [ 76.6431, 13.0093 ], [ 76.6393, 13.0093 ], [ 76.632, 13.004 ], [ 76.6185, 13.0086 ], [ 76.6116, 13.008 ], [ 76.6045, 13.0146 ], [ 76.6091, 13.0315 ], [ 76.6076, 13.0375 ], [ 76.6033, 13.0418 ], [ 76.6069, 13.0567 ], [ 76.6192, 13.0538 ], [ 76.6183, 13.0639 ], [ 76.6078, 13.0738 ], [ 76.5925, 13.0752 ], [ 76.5855, 13.071 ], [ 76.5534, 13.0768 ], [ 76.5517, 13.0915 ], [ 76.5525, 13.1 ], [ 76.5613, 13.111 ], [ 76.5565, 13.113 ], [ 76.56, 13.122 ], [ 76.5649, 13.1239 ], [ 76.5669, 13.1297 ], [ 76.5662, 13.1514 ], [ 76.5701, 13.1497 ], [ 76.5831, 13.1511 ], [ 76.5835, 13.1448 ], [ 76.5897, 13.145 ], [ 76.5959, 13.155 ], [ 76.595, 13.1733 ], [ 76.6003, 13.1843 ], [ 76.6065, 13.1901 ], [ 76.6097, 13.1903 ], [ 76.6119, 13.2073 ], [ 76.6057, 13.2112 ], [ 76.5908, 13.2104 ], [ 76.5899, 13.2222 ], [ 76.595, 13.226 ], [ 76.5963, 13.2326 ], [ 76.6054, 13.243 ], [ 76.6198, 13.2391 ], [ 76.6195, 13.2453 ], [ 76.6321, 13.2549 ], [ 76.6207, 13.2648 ], [ 76.6171, 13.2787 ], [ 76.618, 13.2841 ], [ 76.6372, 13.2813 ], [ 76.6454, 13.2864 ], [ 76.6492, 13.2852 ], [ 76.6484, 13.2783 ], [ 76.6338, 13.2751 ], [ 76.6354, 13.2728 ], [ 76.6448, 13.2722 ], [ 76.6635, 13.2761 ], [ 76.6657, 13.2823 ], [ 76.6779, 13.2775 ], [ 76.6789, 13.2744 ], [ 76.6901, 13.2741 ], [ 76.6918, 13.2887 ], [ 76.6887, 13.296 ], [ 76.6912, 13.3024 ], [ 76.7204, 13.3038 ], [ 76.7234, 13.3075 ], [ 76.7361, 13.3065 ], [ 76.7382, 13.3084 ] ], [ [ 76.763, 13.278 ], [ 76.7705, 13.2696 ], [ 76.7738, 13.271 ], [ 76.771, 13.2809 ], [ 76.7645, 13.2808 ], [ 76.763, 13.278 ] ] ] ] } },
{ "type": "Feature", "properties": { "area_id": "KGIS-T-1810", "name_en": "Kunigal", "name_kn": "ಕುಣಿಗಲ್", "level": "block", "parent_id": "KGIS-D-18", "district_en": "Tumakuru", "lgd_code": "5541" }, "geometry": { "type": "MultiPolygon", "coordinates": [ [ [ [ 77.0794, 13.1328 ], [ 77.072, 13.1321 ], [ 77.0702, 13.1285 ], [ 77.0708, 13.1148 ], [ 77.0728, 13.1148 ], [ 77.0746, 13.103 ], [ 77.0817, 13.0877 ], [ 77.075, 13.0695 ], [ 77.0702, 13.0665 ], [ 77.0743, 13.0662 ], [ 77.0738, 13.0605 ], [ 77.0807, 13.0625 ], [ 77.0747, 13.057 ], [ 77.0697, 13.0397 ], [ 77.0821, 13.0399 ], [ 77.0896, 13.0296 ], [ 77.0938, 13.0303 ], [ 77.0929, 13.027 ], [ 77.1089, 13.023 ], [ 77.1181, 13.0145 ], [ 77.1165, 13.0099 ], [ 77.1029, 13.0072 ], [ 77.1011, 13.0008 ], [ 77.0976, 12.9982 ], [ 77.1032, 12.9928 ], [ 77.1066, 12.9966 ], [ 77.1289, 12.9954 ], [ 77.1297, 12.9989 ], [ 77.1233, 13.0037 ], [ 77.1236, 13.0067 ], [ 77.1316, 13.006 ], [ 77.1366, 13.0017 ], [ 77.1356, 12.9964 ], [ 77.1422, 12.992 ], [ 77.1447, 12.9862 ], [ 77.1424, 12.9866 ], [ 77.1418, 12.9844 ], [ 77.1328, 12.9862 ], [ 77.1311, 12.9757 ], [ 77.1432, 12.9635 ], [ 77.1569, 12.9582 ], [ 77.157, 12.9421 ], [ 77.1652, 12.9289 ], [ 77.1577, 12.9136 ], [ 77.152, 12.9166 ], [ 77.141, 12.9161 ], [ 77.1364, 12.9014 ], [ 77.1324, 12.8979 ], [ 77.1244, 12.9016 ], [ 77.1234, 12.8972 ], [ 77.1206, 12.897 ], [ 77.1203, 12.8998 ], [ 77.11, 12.893 ], [ 77.1057, 12.8926 ], [ 77.1072, 12.8891 ], [ 77.119, 12.8842 ], [ 77.1234, 12.888 ], [ 77.1332, 12.8883 ], [ 77.133, 12.8588 ], [ 77.1358, 12.8608 ], [ 77.1353, 12.8566 ], [ 77.1385, 12.853 ], [ 77.1494, 12.8482 ], [ 77.148, 12.841 ], [ 77.1509, 12.8341 ], [ 77.1501, 12.8304 ], [ 77.1536, 12.8308 ], [ 77.1572, 12.8273 ], [ 77.1465, 12.8195 ], [ 77.1424, 12.8204 ], [ 77.138, 12.8127 ], [ 77.1512, 12.7935 ], [ 77.1499, 12.7868 ], [ 77.1412, 12.7818 ], [ 77.1365, 12.7833 ], [ 77.1228, 12.7739 ], [ 77.1066, 12.7802 ], [ 77.0947, 12.7708 ], [ 77.0919, 12.7639 ], [ 77.092, 12.7511 ], [ 77.086, 12.7511 ], [ 77.0876, 12.7536 ], [ 77.0799, 12.7597 ], [ 77.08, 12.7473 ], [ 77.0762, 12.7458 ], [ 77.0714, 12.757 ], [ 77.0678, 12.7592 ], [ 77.0609, 12.7554 ], [ 77.0598, 12.7521 ], [ 77.057, 12.7527 ], [ 77.049, 12.7476 ], [ 77.0441, 12.7777 ], [ 77.0357, 12.7695 ], [ 77.0271, 12.7656 ], [ 77.026, 12.7625 ], [ 77.0086, 12.7639 ], [ 77.0067, 12.7716 ], [ 77.0096, 12.7809 ], [ 76.9987, 12.7771 ], [ 76.9907, 12.7878 ], [ 76.9765, 12.7925 ], [ 76.9736, 12.8013 ], [ 76.9609, 12.8028 ], [ 76.9505, 12.8 ], [ 76.9419, 12.8047 ], [ 76.9352, 12.7993 ], [ 76.9231, 12.8046 ], [ 76.9169, 12.8146 ], [ 76.9168, 12.819 ], [ 76.9075, 12.8265 ], [ 76.9066, 12.8342 ], [ 76.9004, 12.8451 ], [ 76.8913, 12.8501 ], [ 76.8936, 12.8743 ], [ 76.8886, 12.8974 ], [ 76.8729, 12.8975 ], [ 76.8728, 12.8997 ], [ 76.8707, 12.8994 ], [ 76.8656, 12.9051 ], [ 76.8646, 12.9135 ], [ 76.8679, 12.9186 ], [ 76.8833, 12.9207 ], [ 76.8903, 12.9188 ], [ 76.8971, 12.921 ], [ 76.8937, 12.925 ], [ 76.8925, 12.9317 ], [ 76.888, 12.9343 ], [ 76.8808, 12.9336 ], [ 76.862, 12.9283 ], [ 76.8626, 12.9344 ], [ 76.8571, 12.9379 ], [ 76.8493, 12.9384 ], [ 76.8487, 12.944 ], [ 76.8423, 12.9415 ], [ 76.8356, 12.9434 ], [ 76.8418, 12.9657 ], [ 76.8394, 12.9731 ], [ 76.8506, 12.9747 ], [ 76.8514, 12.9791 ], [ 76.8263, 12.999 ], [ 76.8348, 13.003 ], [ 76.839, 13.0122 ], [ 76.8381, 13.0153 ], [ 76.833, 13.0148 ], [ 76.8292, 13.019 ], [ 76.8331, 13.031 ], [ 76.837, 13.0345 ], [ 76.8312, 13.0435 ], [ 76.8342, 13.0517 ], [ 76.8494, 13.0512 ], [ 76.8508, 13.0375 ], [ 76.8557, 13.0357 ], [ 76.8664, 13.0402 ], [ 76.868, 13.0506 ], [ 76.876, 13.0524 ], [ 76.8817, 13.062 ], [ 76.9013, 13.0658 ], [ 76.9049, 13.0766 ], [ 76.907, 13.0771 ], [ 76.9065, 13.0875 ], [ 76.9154, 13.0886 ], [ 76.9157, 13.0926 ], [ 76.9257, 13.0912 ], [ 76.9416, 13.0964 ], [ 76.9724, 13.0907 ], [ 76.9824, 13.0949 ], [ 76.9672, 13.1153 ], [ 76.9701, 13.1227 ], [ 76.9799, 13.1237 ], [ 76.9842, 13.1288 ], [ 76.9956, 13.1239 ], [ 77.0019, 13.128 ], [ 77.005, 13.1149 ], [ 77.0176, 13.1109 ], [ 77.0226, 13.1188 ], [ 77.0242, 13.13 ], [ 77.0382, 13.1246 ], [ 77.0383, 13.1211 ], [ 77.0437, 13.12 ], [ 77.0541, 13.1235 ], [ 77.0544, 13.1287 ], [ 77.0578, 13.1283 ], [ 77.0632, 13.1331 ], [ 77.0766, 13.1349 ], [ 77.0794, 13.1328 ] ] ], [ [ [ 77.0833, 13.0715 ], [ 77.0818, 13.0695 ], [ 77.0795, 13.0688 ], [ 77.0812, 13.0726 ], [ 77.0833, 13.0715 ] ] ] ] } },
{ "type": "Feature", "properties": { "area_id": "KGIS-T-1907", "name_en": "Srinivaspura", "name_kn": "ಶ್ರೀನಿವಾಸಪುರ", "level": "block", "parent_id": "KGIS-D-19", "district_en": "Kolara", "lgd_code": "5590" }, "geometry": { "type": "Polygon", "coordinates": [ [ [ 78.233, 13.5993 ], [ 78.2571, 13.5891 ], [ 78.2579, 13.5847 ], [ 78.2712, 13.5885 ], [ 78.3106, 13.5932 ], [ 78.3236, 13.5935 ], [ 78.3471, 13.5894 ], [ 78.3487, 13.586 ], [ 78.3534, 13.5854 ], [ 78.3563, 13.5881 ], [ 78.3799, 13.5921 ], [ 78.3916, 13.5915 ], [ 78.3955, 13.5885 ], [ 78.4017, 13.5881 ], [ 78.4016, 13.578 ], [ 78.4042, 13.5778 ], [ 78.3933, 13.552 ], [ 78.3951, 13.5407 ], [ 78.3841, 13.5251 ], [ 78.3816, 13.5251 ], [ 78.3835, 13.5161 ], [ 78.3732, 13.5089 ], [ 78.3779, 13.5034 ], [ 78.379, 13.4823 ], [ 78.3707, 13.4705 ], [ 78.3721, 13.4639 ], [ 78.375, 13.4622 ], [ 78.3734, 13.4518 ], [ 78.3758, 13.4444 ], [ 78.379, 13.4428 ], [ 78.3787, 13.4407 ], [ 78.3758, 13.4411 ], [ 78.3759, 13.4345 ], [ 78.3784, 13.431 ], [ 78.3773, 13.4248 ], [ 78.382, 13.4099 ], [ 78.382, 13.3967 ], [ 78.3793, 13.3837 ], [ 78.3733, 13.3791 ], [ 78.3658, 13.3622 ], [ 78.366, 13.3584 ], [ 78.3695, 13.3575 ], [ 78.3712, 13.3618 ], [ 78.38, 13.3624 ], [ 78.3955, 13.3531 ], [ 78.3941, 13.3499 ], [ 78.3952, 13.3516 ], [ 78.4085, 13.3459 ], [ 78.4074, 13.3351 ], [ 78.4036, 13.3354 ], [ 78.4008, 13.3277 ], [ 78.3938, 13.3338 ], [ 78.3849, 13.3345 ], [ 78.3892, 13.3392 ], [ 78.3864, 13.3427 ], [ 78.3801, 13.3392 ], [ 78.3777, 13.3316 ], [ 78.3881, 13.3322 ], [ 78.3935, 13.3237 ], [ 78.3996, 13.3201 ], [ 78.4016, 13.3068 ], [ 78.3986, 13.3051 ], [ 78.3873, 13.308 ], [ 78.3735, 13.3159 ], [ 78.3608, 13.3147 ], [ 78.3547, 13.3013 ], [ 78.3471, 13.3034 ], [ 78.3386, 13.3016 ], [ 78.333, 13.3054 ], [ 78.3286, 13.2995 ], [ 78.3237, 13.2784 ], [ 78.325, 13.2695 ], [ 78.33, 13.2676 ], [ 78.3324, 13.2623 ], [ 78.3221, 13.2465 ], [ 78.3014, 13.2412 ], [ 78.2984, 13.2209 ], [ 78.2898, 13.2201 ], [ 78.2833, 13.2214 ], [ 78.2834, 13.2246 ], [ 78.2789, 13.2246 ], [ 78.2766, 13.2196 ], [ 78.2531, 13.2191 ], [ 78.2511, 13.2138 ], [ 78.2441, 13.2171 ], [ 78.2388, 13.2214 ], [ 78.2364, 13.2269 ], [ 78.2317, 13.2289 ], [ 78.2386, 13.248 ], [ 78.239, 13.2522 ], [ 78.2357, 13.256 ], [ 78.243, 13.259 ], [ 78.2455, 13.2646 ], [ 78.2446, 13.2704 ], [ 78.2549, 13.2713 ], [ 78.2465, 13.2649 ], [ 78.2489, 13.2616 ], [ 78.2498, 13.2658 ], [ 78.2563, 13.2675 ], [ 78.2563, 13.2715 ], [ 78.2614, 13.2727 ], [ 78.2543, 13.2829 ], [ 78.2573, 13.2889 ], [ 78.2517, 13.2891 ], [ 78.2456, 13.2958 ], [ 78.236, 13.2968 ], [ 78.2237, 13.2817 ], [ 78.2269, 13.2767 ], [ 78.206, 13.2742 ], [ 78.1985, 13.2621 ], [ 78.1909, 13.2672 ], [ 78.189, 13.2569 ], [ 78.1838, 13.2547 ], [ 78.1834, 13.2426 ], [ 78.1814, 13.245 ], [ 78.1561, 13.2453 ], [ 78.1498, 13.2442 ], [ 78.1462, 13.2408 ], [ 78.144, 13.2441 ], [ 78.1305, 13.2454 ], [ 78.1301, 13.2542 ], [ 78.1263, 13.258 ], [ 78.128, 13.2634 ], [ 78.1201, 13.2649 ], [ 78.1191, 13.2676 ], [ 78.1218, 13.289 ], [ 78.1117, 13.289 ], [ 78.1106, 13.2841 ], [ 78.1085, 13.2843 ], [ 78.1054, 13.2783 ], [ 78.1009, 13.2808 ], [ 78.1009, 13.2772 ], [ 78.094, 13.2801 ], [ 78.0984, 13.2831 ], [ 78.1035, 13.2936 ], [ 78.1049, 13.304 ], [ 78.1149, 13.3004 ], [ 78.1226, 13.2919 ], [ 78.1335, 13.2872 ], [ 78.1358, 13.3051 ], [ 78.1232, 13.3086 ], [ 78.1204, 13.3156 ], [ 78.1142, 13.3176 ], [ 78.1096, 13.3234 ], [ 78.1325, 13.3289 ], [ 78.1352, 13.3321 ], [ 78.1312, 13.3409 ], [ 78.1314, 13.3528 ], [ 78.1502, 13.3505 ], [ 78.1501, 13.3559 ], [ 78.1487, 13.3614 ], [ 78.1452, 13.3616 ], [ 78.1488, 13.3672 ], [ 78.1467, 13.3738 ], [ 78.1437, 13.3771 ], [ 78.129, 13.3733 ], [ 78.122, 13.3756 ], [ 78.1244, 13.3857 ], [ 78.1284, 13.3864 ], [ 78.1362, 13.4056 ], [ 78.1522, 13.4088 ], [ 78.1599, 13.4149 ], [ 78.1686, 13.4136 ], [ 78.1815, 13.4202 ], [ 78.1831, 13.4341 ], [ 78.187, 13.4337 ], [ 78.1851, 13.4346 ], [ 78.1926, 13.4388 ], [ 78.1935, 13.4482 ], [ 78.2009, 13.4499 ], [ 78.2056, 13.4581 ], [ 78.2056, 13.4647 ], [ 78.2101, 13.4713 ], [ 78.2075, 13.4781 ], [ 78.2004, 13.4825 ], [ 78.1998, 13.5085 ], [ 78.198, 13.5126 ], [ 78.1883, 13.5132 ], [ 78.1909, 13.5212 ], [ 78.1975, 13.5205 ], [ 78.2033, 13.5232 ], [ 78.2046, 13.5277 ], [ 78.2014, 13.5327 ], [ 78.2016, 13.5408 ], [ 78.194, 13.5482 ], [ 78.2013, 13.5635 ], [ 78.194, 13.5641 ], [ 78.2034, 13.5684 ], [ 78.2078, 13.5764 ], [ 78.2118, 13.5788 ], [ 78.2161, 13.5911 ], [ 78.2196, 13.5926 ], [ 78.2216, 13.5894 ], [ 78.2321, 13.5859 ], [ 78.2338, 13.5915 ], [ 78.2315, 13.5966 ], [ 78.233, 13.5993 ] ] ] } },
{ "type": "Feature", "properties": { "area_id": "KGIS-T-1908", "name_en": "Kolar", "name_kn": "ಕೋಲಾರ", "level": "block", "parent_id": "KGIS-D-19", "district_en": "Kolara", "lgd_code": "5591" }, "geometry": { "type": "Polygon", "coordinates": [ [ [ 78.0922, 13.3108 ], [ 78.1046, 13.303 ], [ 78.1035, 13.2936 ], [ 78.0984, 13.2831 ], [ 78.094, 13.2801 ], [ 78.1009, 13.2772 ], [ 78.1009, 13.2808 ], [ 78.1054, 13.2783 ], [ 78.1085, 13.2843 ], [ 78.1106, 13.2841 ], [ 78.1117, 13.289 ], [ 78.1218, 13.289 ], [ 78.1193, 13.2753 ], [ 78.1201, 13.2649 ], [ 78.128, 13.2634 ], [ 78.1263, 13.258 ], [ 78.1301, 13.2542 ], [ 78.1305, 13.2454 ], [ 78.144, 13.2441 ], [ 78.1462, 13.2408 ], [ 78.1498, 13.2442 ], [ 78.1561, 13.2453 ], [ 78.1814, 13.245 ], [ 78.1834, 13.2426 ], [ 78.1838, 13.2547 ], [ 78.189, 13.2569 ], [ 78.1909, 13.2672 ], [ 78.1985, 13.2621 ], [ 78.206, 13.2742 ], [ 78.2269, 13.2767 ], [ 78.2237, 13.2817 ], [ 78.2381, 13.298 ], [ 78.2467, 13.2951 ], [ 78.2517, 13.2891 ], [ 78.2573, 13.2889 ], [ 78.2543, 13.2829 ], [ 78.2614, 13.2727 ], [ 78.2563, 13.2715 ], [ 78.2563, 13.2675 ], [ 78.2498, 13.2658 ], [ 78.2489, 13.2616 ], [ 78.2465, 13.2649 ], [ 78.2549, 13.2713 ], [ 78.2446, 13.2704 ], [ 78.2455, 13.2646 ], [ 78.243, 13.259 ], [ 78.2357, 13.256 ], [ 78.239, 13.2522 ], [ 78.2386, 13.248 ], [ 78.2317, 13.2289 ], [ 78.2364, 13.2269 ], [ 78.2388, 13.2214 ], [ 78.2441, 13.2171 ], [ 78.2511, 13.2138 ], [ 78.2531, 13.2191 ], [ 78.2766, 13.2196 ], [ 78.2789, 13.2246 ], [ 78.2834, 13.2246 ], [ 78.283, 13.2096 ], [ 78.269, 13.2083 ], [ 78.2509, 13.213 ], [ 78.2489, 13.2044 ], [ 78.2411, 13.2043 ], [ 78.2481, 13.1933 ], [ 78.2673, 13.1856 ], [ 78.26, 13.1631 ], [ 78.2602, 13.1594 ], [ 78.2639, 13.1566 ], [ 78.2611, 13.1487 ], [ 78.2633, 13.1428 ], [ 78.2613, 13.1385 ], [ 78.2696, 13.1364 ], [ 78.2706, 13.1335 ], [ 78.2677, 13.1321 ], [ 78.2711, 13.1312 ], [ 78.2722, 13.1276 ], [ 78.2784, 13.1287 ], [ 78.2858, 13.1222 ], [ 78.2829, 13.1152 ], [ 78.2837, 13.1088 ], [ 78.2812, 13.1072 ], [ 78.2819, 13.1014 ], [ 78.2653, 13.1013 ], [ 78.2667, 13.094 ], [ 78.2836, 13.0933 ], [ 78.2878, 13.0831 ], [ 78.2781, 13.0812 ], [ 78.2748, 13.0728 ], [ 78.2763, 13.068 ], [ 78.2619, 13.0698 ], [ 78.2641, 13.0589 ], [ 78.2597, 13.0541 ], [ 78.2545, 13.0518 ], [ 78.2454, 13.053 ], [ 78.2435, 13.0561 ], [ 78.2459, 13.0626 ], [ 78.2433, 13.0631 ], [ 78.2428, 13.0681 ], [ 78.2368, 13.0694 ], [ 78.2344, 13.0724 ], [ 78.2313, 13.0697 ], [ 78.2304, 13.0638 ], [ 78.2265, 13.0672 ], [ 78.2218, 13.0658 ], [ 78.2164, 13.0623 ], [ 78.2131, 13.0554 ], [ 78.2077, 13.0572 ], [ 78.2101, 13.0615 ], [ 78.2067, 13.0656 ], [ 78.1974, 13.0683 ], [ 78.1873, 13.0671 ], [ 78.1876, 13.077 ], [ 78.1849, 13.0718 ], [ 78.1772, 13.0748 ], [ 78.1742, 13.0776 ], [ 78.1765, 13.0834 ], [ 78.1695, 13.083 ], [ 78.1643, 13.0752 ], [ 78.1503, 13.083 ], [ 78.1497, 13.0805 ], [ 78.1448, 13.0793 ], [ 78.1434, 13.0734 ], [ 78.135, 13.0679 ], [ 78.1179, 13.0685 ], [ 78.1151, 13.0567 ], [ 78.1117, 13.0604 ], [ 78.1023, 13.0572 ], [ 78.0994, 13.048 ], [ 78.1031, 13.043 ], [ 78.0981, 13.0421 ], [ 78.096, 13.0335 ], [ 78.0907, 13.0337 ], [ 78.0895, 13.0377 ], [ 78.0861, 13.0337 ], [ 78.0807, 13.0345 ], [ 78.0778, 13.0361 ], [ 78.0792, 13.0437 ], [ 78.0574, 13.0482 ], [ 78.0289, 13.0413 ], [ 78.0226, 13.0434 ], [ 78.0203, 13.0399 ], [ 78.0114, 13.0427 ], [ 78.0081, 13.041 ], [ 78.0044, 13.0431 ], [ 78.0048, 13.0452 ], [ 78.009, 13.0465 ], [ 78.015, 13.0532 ], [ 78.0223, 13.0524 ], [ 78.0222, 13.0583 ], [ 78.0203, 13.0624 ], [ 78.0034, 13.0629 ], [ 78.0035, 13.066 ], [ 78.01, 13.0681 ], [ 78.0103, 13.0703 ], [ 78.0028, 13.0745 ], [ 78.0032, 13.0795 ], [ 77.9935, 13.0831 ], [ 77.9959, 13.0938 ], [ 77.989, 13.0947 ], [ 77.9923, 13.098 ], [ 77.9857, 13.1025 ], [ 77.9855, 13.1054 ], [ 77.9782, 13.106 ], [ 77.9736, 13.1029 ], [ 77.956, 13.1005 ], [ 77.9447, 13.105 ], [ 77.9359, 13.1141 ], [ 77.9379, 13.1259 ], [ 77.9463, 13.1234 ], [ 77.9483, 13.1271 ], [ 77.9554, 13.1256 ], [ 77.9577, 13.1302 ], [ 77.9546, 13.1423 ], [ 77.9606, 13.1515 ], [ 77.9575, 13.1529 ], [ 77.9589, 13.1582 ], [ 77.9528, 13.1603 ], [ 77.9553, 13.1644 ], [ 77.9557, 13.1763 ], [ 77.9587, 13.1828 ], [ 77.9611, 13.1829 ], [ 77.9636, 13.1922 ], [ 77.9608, 13.1958 ], [ 77.9613, 13.1995 ], [ 77.9562, 13.2007 ], [ 77.9543, 13.2052 ], [ 77.9577, 13.2184 ], [ 77.952, 13.2185 ], [ 77.952, 13.2144 ], [ 77.9495, 13.2139 ], [ 77.9467, 13.2143 ], [ 77.9463, 13.2187 ], [ 77.9511, 13.2233 ], [ 77.9542, 13.2224 ], [ 77.956, 13.2279 ], [ 77.9642, 13.2322 ], [ 77.9656, 13.2444 ], [ 77.9481, 13.2505 ], [ 77.9455, 13.2438 ], [ 77.9354, 13.2458 ], [ 77.9352, 13.2501 ], [ 77.9382, 13.251 ], [ 77.9423, 13.259 ], [ 77.9372, 13.2645 ], [ 77.9383, 13.2678 ], [ 77.942, 13.2673 ], [ 77.9455, 13.2717 ], [ 77.9471, 13.2695 ], [ 77.9592, 13.2696 ], [ 77.957, 13.2787 ], [ 77.9609, 13.2844 ], [ 77.9674, 13.2825 ], [ 77.9795, 13.287 ], [ 77.9842, 13.2862 ], [ 77.9852, 13.3006 ], [ 77.9879, 13.3005 ], [ 77.9892, 13.3046 ], [ 78.0009, 13.3056 ], [ 78.0118, 13.3009 ], [ 78.0114, 13.291 ], [ 78.0147, 13.2899 ], [ 78.0151, 13.283 ], [ 78.0306, 13.284 ], [ 78.047, 13.279 ], [ 78.0518, 13.2935 ], [ 78.0586, 13.2933 ], [ 78.0602, 13.301 ], [ 78.0868, 13.3021 ], [ 78.0896, 13.3037 ], [ 78.0922, 13.3108 ] ] ] } },
{ "type": "Feature", "properties": { "area_id": "KGIS-T-1909", "name_en": "Malur", "name_kn": "ಮಾಲೂರು", "level": "block", "parent_id": "KGIS-D-19", "district_en": "Kolara", "lgd_code": "5592" }, "geometry": { "type": "Polygon", "coordinates": [ [ [ 77.914, 13.1166 ], [ 77.9238, 13.1166 ], [ 77.9259, 13.1102 ], [ 77.9335, 13.1083 ], [ 77.9424, 13.1092 ], [ 77.9447, 13.105 ], [ 77.956, 13.1005 ], [ 77.9736, 13.1029 ], [ 77.9782, 13.106 ], [ 77.9855, 13.1054 ], [ 77.9857, 13.1025 ], [ 77.9923, 13.098 ], [ 77.989, 13.0947 ], [ 77.9959, 13.0938 ], [ 77.9935, 13.0831 ], [ 78.0032, 13.0795 ], [ 78.0028, 13.0745 ], [ 78.0103, 13.0703 ], [ 78.01, 13.0681 ], [ 78.0035, 13.066 ], [ 78.0034, 13.0629 ], [ 78.0203, 13.0624 ], [ 78.0222, 13.0583 ], [ 78.0223, 13.0524 ], [ 78.015, 13.0532 ], [ 78.009, 13.0465 ], [ 78.0048, 13.0452 ], [ 78.0044, 13.0431 ], [ 78.0081, 13.041 ], [ 78.0114, 13.0427 ], [ 78.0203, 13.0399 ], [ 78.0226, 13.0434 ], [ 78.0289, 13.0413 ], [ 78.0574, 13.0482 ], [ 78.0684, 13.0471 ], [ 78.0792, 13.0437 ], [ 78.0778, 13.0361 ], [ 78.0807, 13.0345 ], [ 78.0861, 13.0337 ], [ 78.0895, 13.0377 ], [ 78.0907, 13.0337 ], [ 78.098, 13.0334 ], [ 78.0973, 13.031 ], [ 78.1043, 13.0268 ], [ 78.1033, 13.0242 ], [ 78.1338, 13.0237 ], [ 78.1322, 13.0165 ], [ 78.1272, 13.0167 ], [ 78.1235, 13.0078 ], [ 78.1098, 12.9995 ], [ 78.1095, 12.9972 ], [ 78.1254, 12.9953 ], [ 78.1281, 12.9838 ], [ 78.1324, 12.9841 ], [ 78.1303, 12.9825 ], [ 78.1355, 12.9708 ], [ 78.1347, 12.967 ], [ 78.123, 12.9671 ], [ 78.1213, 12.9561 ], [ 78.1162, 12.9473 ], [ 78.1177, 12.9448 ], [ 78.123, 12.9439 ], [ 78.1268, 12.9475 ], [ 78.1271, 12.9515 ], [ 78.133, 12.952 ], [ 78.1362, 12.9467 ], [ 78.1356, 12.9429 ], [ 78.1349, 12.9406 ], [ 78.1291, 12.939 ], [ 78.1198, 12.941 ], [ 78.1196, 12.93 ], [ 78.1126, 12.9311 ], [ 78.1094, 12.9238 ], [ 78.1053, 12.9217 ], [ 78.1023, 12.9232 ], [ 78.0929, 12.9152 ], [ 78.0961, 12.9097 ], [ 78.0953, 12.9044 ], [ 78.1053, 12.8986 ], [ 78.1033, 12.8938 ], [ 78.1084, 12.8808 ], [ 78.1101, 12.8825 ], [ 78.1195, 12.8794 ], [ 78.118, 12.8729 ], [ 78.1116, 12.8676 ], [ 78.1027, 12.8665 ], [ 78.0875, 12.8306 ], [ 78.0748, 12.8307 ], [ 78.0779, 12.8381 ], [ 78.074, 12.8411 ], [ 78.0595, 12.8431 ], [ 78.0582, 12.8512 ], [ 78.0532, 12.8534 ], [ 78.0499, 12.8481 ], [ 78.0431, 12.8492 ], [ 78.0311, 12.8522 ], [ 78.0306, 12.8571 ], [ 78.0272, 12.8579 ], [ 78.0232, 12.8548 ], [ 78.0262, 12.8503 ], [ 78.0302, 12.849 ], [ 78.0239, 12.8412 ], [ 78.0192, 12.8434 ], [ 78.0186, 12.8307 ], [ 78.0107, 12.8298 ], [ 78.0038, 12.8254 ], [ 78.0037, 12.8232 ], [ 78.0126, 12.8182 ], [ 78.0153, 12.8138 ], [ 78.0126, 12.8076 ], [ 78.0099, 12.8051 ], [ 78.0053, 12.808 ], [ 77.9955, 12.8066 ], [ 77.9889, 12.8086 ], [ 77.9912, 12.8218 ], [ 77.9796, 12.8274 ], [ 77.9811, 12.8348 ], [ 77.9644, 12.8332 ], [ 77.962, 12.8366 ], [ 77.9656, 12.8483 ], [ 77.9635, 12.8505 ], [ 77.9593, 12.8487 ], [ 77.9533, 12.8502 ], [ 77.9538, 12.8526 ], [ 77.9512, 12.8523 ], [ 77.9523, 12.8567 ], [ 77.9458, 12.8578 ], [ 77.941, 12.8558 ], [ 77.9407, 12.8456 ], [ 77.9468, 12.8381 ], [ 77.9411, 12.8274 ], [ 77.9411, 12.8232 ], [ 77.931, 12.8252 ], [ 77.9261, 12.8306 ], [ 77.9214, 12.828 ], [ 77.9187, 12.8301 ], [ 77.9178, 12.8395 ], [ 77.9244, 12.8508 ], [ 77.9233, 12.8557 ], [ 77.9286, 12.8575 ], [ 77.9316, 12.8621 ], [ 77.9361, 12.862 ], [ 77.9365, 12.8669 ], [ 77.942, 12.8687 ], [ 77.9418, 12.8729 ], [ 77.9287, 12.8743 ], [ 77.9279, 12.8816 ], [ 77.9346, 12.8805 ], [ 77.9363, 12.8837 ], [ 77.9362, 12.8874 ], [ 77.9308, 12.8903 ], [ 77.9257, 12.8903 ], [ 77.9219, 12.884 ], [ 77.909, 12.8853 ], [ 77.9086, 12.8789 ], [ 77.895, 12.8783 ], [ 77.891, 12.8701 ], [ 77.8854, 12.8708 ], [ 77.8824, 12.8682 ], [ 77.8676, 12.8681 ], [ 77.8654, 12.8772 ], [ 77.853, 12.8767 ], [ 77.854, 12.8843 ], [ 77.851, 12.8915 ], [ 77.8594, 12.9057 ], [ 77.8604, 12.9158 ], [ 77.8454, 12.9165 ], [ 77.8423, 12.9082 ], [ 77.8383, 12.9083 ], [ 77.8364, 12.9111 ], [ 77.8386, 12.9224 ], [ 77.841, 12.9255 ], [ 77.8478, 12.9262 ], [ 77.8508, 12.9313 ], [ 77.8575, 12.9353 ], [ 77.8675, 12.9338 ], [ 77.8722, 12.941 ], [ 77.8736, 12.9456 ], [ 77.867, 12.9505 ], [ 77.8714, 12.9607 ], [ 77.8649, 12.9657 ], [ 77.8645, 12.9732 ], [ 77.8714, 12.9737 ], [ 77.8704, 12.9858 ], [ 77.8725, 12.995 ], [ 77.8789, 13.006 ], [ 77.8863, 13.0099 ], [ 77.8937, 13.0351 ], [ 77.8876, 13.0372 ], [ 77.8891, 13.0452 ], [ 77.8949, 13.0459 ], [ 77.8901, 13.0503 ], [ 77.8924, 13.0547 ], [ 77.895, 13.055 ], [ 77.9008, 13.0511 ], [ 77.9149, 13.0494 ], [ 77.9187, 13.0511 ], [ 77.9276, 13.0687 ], [ 77.9381, 13.0667 ], [ 77.9416, 13.0691 ], [ 77.9393, 13.0839 ], [ 77.9384, 13.0784 ], [ 77.9316, 13.0742 ], [ 77.9262, 13.075 ], [ 77.9269, 13.082 ], [ 77.912, 13.0784 ], [ 77.9152, 13.0856 ], [ 77.9117, 13.0943 ], [ 77.9056, 13.0964 ], [ 77.9012, 13.102 ], [ 77.9135, 13.1099 ], [ 77.914, 13.1166 ] ] ] } },
{ "type": "Feature", "properties": { "area_id": "KGIS-T-1910", "name_en": "Bangarpet", "name_kn": "ಬಂಗಾರಪೇಟೆ", "level": "block", "parent_id": "KGIS-D-19", "district_en": "Kolara", "lgd_code": "5593" }, "geometry": { "type": "MultiPolygon", "coordinates": [ [ [ [ 78.1764, 13.0832 ], [ 78.1742, 13.0776 ], [ 78.1772, 13.0748 ], [ 78.1849, 13.0718 ], [ 78.1876, 13.077 ], [ 78.1873, 13.0671 ], [ 78.1974, 13.0683 ], [ 78.2067, 13.0656 ], [ 78.2101, 13.0615 ], [ 78.2077, 13.0572 ], [ 78.2131, 13.0554 ], [ 78.2164, 13.0623 ], [ 78.2218, 13.0658 ], [ 78.2265, 13.0672 ], [ 78.2304, 13.0638 ], [ 78.234, 13.0722 ], [ 78.2428, 13.0681 ], [ 78.2433, 13.0631 ], [ 78.2459, 13.0626 ], [ 78.2438, 13.0549 ], [ 78.2489, 13.0517 ], [ 78.2545, 13.0518 ], [ 78.2533, 13.0428 ], [ 78.262, 13.0375 ], [ 78.2682, 13.028 ], [ 78.2592, 13.0159 ], [ 78.2597, 13.0035 ], [ 78.2546, 13.0015 ], [ 78.2531, 12.9951 ], [ 78.2671, 12.9938 ], [ 78.2674, 12.9731 ], [ 78.2592, 12.9705 ], [ 78.2589, 12.9647 ], [ 78.2649, 12.9641 ], [ 78.273, 12.9382 ], [ 78.2721, 12.9357 ], [ 78.2667, 12.9344 ], [ 78.2564, 12.9348 ], [ 78.2575, 12.927 ], [ 78.2608, 12.9227 ], [ 78.2737, 12.9231 ], [ 78.275, 12.8984 ], [ 78.2835, 12.8979 ], [ 78.2838, 12.885 ], [ 78.2716, 12.8877 ], [ 78.2723, 12.8767 ], [ 78.2643, 12.8751 ], [ 78.2606, 12.875 ], [ 78.26, 12.8819 ], [ 78.2529, 12.8815 ], [ 78.2495, 12.8626 ], [ 78.2517, 12.8633 ], [ 78.2525, 12.8398 ], [ 78.2506, 12.8153 ], [ 78.2433, 12.7827 ], [ 78.2374, 12.7673 ], [ 78.2306, 12.7606 ], [ 78.2231, 12.7669 ], [ 78.2125, 12.764 ], [ 78.1954, 12.774 ], [ 78.1886, 12.7715 ], [ 78.1772, 12.7762 ], [ 78.1678, 12.7706 ], [ 78.1504, 12.7795 ], [ 78.1337, 12.7821 ], [ 78.1252, 12.7909 ], [ 78.1248, 12.7976 ], [ 78.108, 12.8043 ], [ 78.0883, 12.8174 ], [ 78.0888, 12.8237 ], [ 78.0856, 12.8255 ], [ 78.0856, 12.8317 ], [ 78.0875, 12.8306 ], [ 78.1027, 12.8665 ], [ 78.1116, 12.8676 ], [ 78.118, 12.8729 ], [ 78.1195, 12.8794 ], [ 78.1101, 12.8825 ], [ 78.1084, 12.8808 ], [ 78.1033, 12.8938 ], [ 78.1053, 12.8986 ], [ 78.0953, 12.9044 ], [ 78.0961, 12.9097 ], [ 78.0929, 12.9152 ], [ 78.1023, 12.9232 ], [ 78.1053, 12.9217 ], [ 78.1094, 12.9238 ], [ 78.1126, 12.9311 ], [ 78.1196, 12.93 ], [ 78.1198, 12.941 ], [ 78.1331, 12.9398 ], [ 78.1362, 12.9467 ], [ 78.1317, 12.9521 ], [ 78.1271, 12.9515 ], [ 78.1268, 12.9475 ], [ 78.123, 12.9439 ], [ 78.1177, 12.9448 ], [ 78.1162, 12.9473 ], [ 78.1213, 12.9561 ], [ 78.123, 12.9671 ], [ 78.1347, 12.967 ], [ 78.1355, 12.9708 ], [ 78.1303, 12.9825 ], [ 78.1324, 12.9841 ], [ 78.1281, 12.9838 ], [ 78.1254, 12.9953 ], [ 78.1095, 12.9972 ], [ 78.1098, 12.9995 ], [ 78.1235, 13.0078 ], [ 78.1272, 13.0167 ], [ 78.1322, 13.0165 ], [ 78.1338, 13.0237 ], [ 78.1033, 13.0242 ], [ 78.1037, 13.0277 ], [ 78.096, 13.0335 ], [ 78.0981, 13.0421 ], [ 78.1031, 13.043 ], [ 78.0994, 13.048 ], [ 78.1006, 13.0542 ], [ 78.1062, 13.0599 ], [ 78.1117, 13.0604 ], [ 78.1151, 13.0567 ], [ 78.1155, 13.0643 ], [ 78.1186, 13.0689 ], [ 78.1323, 13.0673 ], [ 78.1408, 13.0709 ], [ 78.1462, 13.081 ], [ 78.1497, 13.0805 ], [ 78.1493, 13.083 ], [ 78.1531, 13.0831 ], [ 78.1643, 13.0752 ], [ 78.1695, 13.083 ], [ 78.1764, 13.0832 ] ], [ [ 78.2639, 12.9548 ], [ 78.2651, 12.9556 ], [ 78.2643, 12.9618 ], [ 78.2618, 12.9596 ], [ 78.2639, 12.9548 ] ], [ [ 78.2638, 12.9514 ], [ 78.2653, 12.9521 ], [ 78.2644, 12.9546 ], [ 78.2634, 12.9541 ], [ 78.2638, 12.9514 ] ] ], [ [ [ 78.2641, 13.0591 ], [ 78.271, 13.0575 ], [ 78.2794, 13.0532 ], [ 78.278, 13.0508 ], [ 78.2598, 13.0541 ], [ 78.2641, 13.0591 ] ] ] ] } },
{ "type": "Feature", "properties": { "area_id": "KGIS-T-1911", "name_en": "Mulabagilu", "name_kn": "ಮುಳುಬಾಗಿಲು", "level": "block", "parent_id": "KGIS-D-19", "district_en": "Kolara", "lgd_code": null }, "geometry": { "type": "Polygon", "coordinates": [ [ [ 78.4283, 13.331 ], [ 78.441, 13.3283 ], [ 78.4442, 13.3081 ], [ 78.4667, 13.3149 ], [ 78.4767, 13.3223 ], [ 78.4845, 13.3203 ], [ 78.48, 13.3012 ], [ 78.4989, 13.2996 ], [ 78.5043, 13.2917 ], [ 78.5139, 13.2907 ], [ 78.5133, 13.2854 ], [ 78.5198, 13.2831 ], [ 78.5214, 13.2737 ], [ 78.5316, 13.2665 ], [ 78.5369, 13.2742 ], [ 78.5392, 13.288 ], [ 78.5463, 13.2879 ], [ 78.5539, 13.2832 ], [ 78.5564, 13.2838 ], [ 78.5646, 13.2947 ], [ 78.5635, 13.3094 ], [ 78.5654, 13.312 ], [ 78.5692, 13.3093 ], [ 78.5774, 13.2952 ], [ 78.5763, 13.2849 ], [ 78.5786, 13.2803 ], [ 78.5868, 13.2801 ], [ 78.5873, 13.2771 ], [ 78.5877, 13.2705 ], [ 78.5841, 13.2588 ], [ 78.5706, 13.2473 ], [ 78.5715, 13.2417 ], [ 78.5686, 13.2374 ], [ 78.5664, 13.2242 ], [ 78.5664, 13.2202 ], [ 78.5778, 13.2184 ], [ 78.5792, 13.2132 ], [ 78.5753, 13.2111 ], [ 78.5708, 13.2124 ], [ 78.568, 13.2012 ], [ 78.5594, 13.1987 ], [ 78.551, 13.2004 ], [ 78.5497, 13.1927 ], [ 78.5553, 13.1889 ], [ 78.5669, 13.1929 ], [ 78.572, 13.1904 ], [ 78.5759, 13.1866 ], [ 78.5762, 13.1745 ], [ 78.5796, 13.1671 ], [ 78.573, 13.1684 ], [ 78.5686, 13.1654 ], [ 78.5682, 13.1619 ], [ 78.5497, 13.1639 ], [ 78.5406, 13.1535 ], [ 78.5474, 13.1489 ], [ 78.545, 13.1418 ], [ 78.5309, 13.1418 ], [ 78.5237, 13.1305 ], [ 78.5178, 13.1316 ], [ 78.5196, 13.1197 ], [ 78.5238, 13.1184 ], [ 78.523, 13.115 ], [ 78.5317, 13.1093 ], [ 78.5383, 13.1083 ], [ 78.5388, 13.1058 ], [ 78.5312, 13.1058 ], [ 78.5243, 13.101 ], [ 78.5239, 13.0947 ], [ 78.5161, 13.0974 ], [ 78.5098, 13.0921 ], [ 78.5091, 13.0785 ], [ 78.5152, 13.0717 ], [ 78.5156, 13.0626 ], [ 78.4972, 13.0614 ], [ 78.4893, 13.0521 ], [ 78.4786, 13.0551 ], [ 78.4748, 13.0453 ], [ 78.4621, 13.0431 ], [ 78.4607, 13.0252 ], [ 78.4579, 13.0233 ], [ 78.4487, 13.0238 ], [ 78.439, 13.0289 ], [ 78.4175, 13.031 ], [ 78.4119, 13.0232 ], [ 78.4059, 13.0273 ], [ 78.4031, 13.0234 ], [ 78.3989, 13.0283 ], [ 78.398, 13.0233 ], [ 78.3831, 13.0236 ], [ 78.3828, 13.0204 ], [ 78.3784, 13.025 ], [ 78.371, 13.0246 ], [ 78.3696, 13.0193 ], [ 78.3618, 13.0195 ], [ 78.361, 13.0276 ], [ 78.3683, 13.0317 ], [ 78.368, 13.0374 ], [ 78.3646, 13.0381 ], [ 78.3638, 13.0467 ], [ 78.361, 13.0497 ], [ 78.3626, 13.0551 ], [ 78.3554, 13.0582 ], [ 78.3429, 13.0541 ], [ 78.3246, 13.063 ], [ 78.3224, 13.0607 ], [ 78.3086, 13.0634 ], [ 78.3074, 13.0657 ], [ 78.3062, 13.0633 ], [ 78.2962, 13.0638 ], [ 78.2854, 13.0914 ], [ 78.278, 13.0943 ], [ 78.2713, 13.0925 ], [ 78.2667, 13.094 ], [ 78.2653, 13.1013 ], [ 78.2819, 13.1014 ], [ 78.2812, 13.1072 ], [ 78.2837, 13.1088 ], [ 78.2829, 13.1152 ], [ 78.2858, 13.1222 ], [ 78.2784, 13.1287 ], [ 78.2722, 13.1276 ], [ 78.2711, 13.1312 ], [ 78.2677, 13.1321 ], [ 78.2706, 13.1335 ], [ 78.2696, 13.1364 ], [ 78.2613, 13.1385 ], [ 78.2633, 13.1428 ], [ 78.2611, 13.1487 ], [ 78.2639, 13.1566 ], [ 78.2602, 13.1594 ], [ 78.26, 13.1631 ], [ 78.2673, 13.1856 ], [ 78.2481, 13.1933 ], [ 78.2411, 13.2043 ], [ 78.2489, 13.2044 ], [ 78.2509, 13.213 ], [ 78.269, 13.2083 ], [ 78.283, 13.2096 ], [ 78.2845, 13.213 ], [ 78.2831, 13.2216 ], [ 78.2984, 13.2209 ], [ 78.3014, 13.2412 ], [ 78.3221, 13.2465 ], [ 78.3324, 13.2623 ], [ 78.33, 13.2676 ], [ 78.325, 13.2695 ], [ 78.3237, 13.2784 ], [ 78.3286, 13.2995 ], [ 78.333, 13.3054 ], [ 78.3386, 13.3016 ], [ 78.3471, 13.3034 ], [ 78.3547, 13.3013 ], [ 78.3608, 13.3147 ], [ 78.3735, 13.3159 ], [ 78.3873, 13.308 ], [ 78.3986, 13.3051 ], [ 78.4016, 13.3068 ], [ 78.4014, 13.3154 ], [ 78.4192, 13.3206 ], [ 78.4223, 13.3283 ], [ 78.4283, 13.331 ] ] ] } },
{ "type": "Feature", "properties": { "area_id": "KGIS-T-1912", "name_en": "K.G.F", "name_kn": "", "level": "block", "parent_id": "KGIS-D-19", "district_en": "Kolara", "lgd_code": "7002" }, "geometry": { "type": "MultiPolygon", "coordinates": [ [ [ [ 78.2638, 12.9514 ], [ 78.2634, 12.9541 ], [ 78.2644, 12.9546 ], [ 78.2653, 12.9521 ], [ 78.2638, 12.9514 ] ] ], [ [ [ 78.2624, 12.9558 ], [ 78.2624, 12.9613 ], [ 78.2643, 12.9618 ], [ 78.2651, 12.9556 ], [ 78.2624, 12.9558 ] ] ], [ [ [ 78.2896, 13.082 ], [ 78.2962, 13.0638 ], [ 78.3062, 13.0633 ], [ 78.3074, 13.0657 ], [ 78.3086, 13.0634 ], [ 78.3224, 13.0607 ], [ 78.3246, 13.063 ], [ 78.3429, 13.0541 ], [ 78.3554, 13.0582 ], [ 78.3626, 13.0551 ], [ 78.361, 13.0497 ], [ 78.3638, 13.0467 ], [ 78.3646, 13.0381 ], [ 78.368, 13.0374 ], [ 78.3683, 13.0317 ], [ 78.361, 13.0276 ], [ 78.3618, 13.0195 ], [ 78.3696, 13.0193 ], [ 78.371, 13.0246 ], [ 78.3784, 13.025 ], [ 78.3828, 13.0204 ], [ 78.3831, 13.0236 ], [ 78.398, 13.0233 ], [ 78.3989, 13.0283 ], [ 78.4031, 13.0234 ], [ 78.4059, 13.0273 ], [ 78.4119, 13.0232 ], [ 78.4175, 13.031 ], [ 78.439, 13.0289 ], [ 78.4487, 13.0238 ], [ 78.4579, 13.0233 ], [ 78.4621, 13.0259 ], [ 78.4652, 13.0165 ], [ 78.4631, 13.0055 ], [ 78.4679, 13.0045 ], [ 78.4677, 12.9982 ], [ 78.475, 12.9911 ], [ 78.4695, 12.9829 ], [ 78.4677, 12.9751 ], [ 78.4351, 12.9819 ], [ 78.432, 12.9769 ], [ 78.4344, 12.9736 ], [ 78.4325, 12.9685 ], [ 78.4387, 12.9633 ], [ 78.4296, 12.9577 ], [ 78.4199, 12.9588 ], [ 78.4224, 12.9545 ], [ 78.4206, 12.9478 ], [ 78.4139, 12.9482 ], [ 78.4113, 12.9448 ], [ 78.4135, 12.9333 ], [ 78.4175, 12.9305 ], [ 78.418, 12.9226 ], [ 78.4226, 12.9246 ], [ 78.4275, 12.9313 ], [ 78.4375, 12.9288 ], [ 78.4448, 12.9197 ], [ 78.4522, 12.9177 ], [ 78.4593, 12.9088 ], [ 78.4664, 12.9062 ], [ 78.4697, 12.8899 ], [ 78.4645, 12.8662 ], [ 78.4624, 12.8705 ], [ 78.4642, 12.8783 ], [ 78.4565, 12.8866 ], [ 78.4473, 12.8917 ], [ 78.4487, 12.8987 ], [ 78.4442, 12.9023 ], [ 78.4474, 12.9056 ], [ 78.4455, 12.912 ], [ 78.4387, 12.9132 ], [ 78.4352, 12.9111 ], [ 78.4343, 12.9047 ], [ 78.4305, 12.905 ], [ 78.4286, 12.9024 ], [ 78.414, 12.903 ], [ 78.3989, 12.9167 ], [ 78.3969, 12.9066 ], [ 78.3896, 12.9061 ], [ 78.385, 12.912 ], [ 78.3762, 12.9147 ], [ 78.3688, 12.927 ], [ 78.3559, 12.9401 ], [ 78.3497, 12.9364 ], [ 78.354, 12.9301 ], [ 78.3497, 12.9292 ], [ 78.3462, 12.9134 ], [ 78.3413, 12.9126 ], [ 78.3437, 12.9088 ], [ 78.3406, 12.9042 ], [ 78.3313, 12.9012 ], [ 78.3262, 12.9041 ], [ 78.3238, 12.9017 ], [ 78.3245, 12.8933 ], [ 78.3201, 12.8869 ], [ 78.3306, 12.8844 ], [ 78.3333, 12.8897 ], [ 78.3376, 12.8867 ], [ 78.3376, 12.884 ], [ 78.3323, 12.8803 ], [ 78.3316, 12.8748 ], [ 78.3137, 12.8765 ], [ 78.3153, 12.8658 ], [ 78.3131, 12.8587 ], [ 78.2809, 12.8598 ], [ 78.2688, 12.8684 ], [ 78.2636, 12.8612 ], [ 78.2495, 12.8626 ], [ 78.2529, 12.8815 ], [ 78.26, 12.8819 ], [ 78.2606, 12.875 ], [ 78.2643, 12.8751 ], [ 78.2723, 12.8767 ], [ 78.2716, 12.8877 ], [ 78.2838, 12.885 ], [ 78.2835, 12.8979 ], [ 78.275, 12.8984 ], [ 78.2737, 12.9231 ], [ 78.2608, 12.9227 ], [ 78.2575, 12.927 ], [ 78.2564, 12.9348 ], [ 78.2667, 12.9344 ], [ 78.2721, 12.9357 ], [ 78.273, 12.9382 ], [ 78.2649, 12.9641 ], [ 78.2589, 12.9647 ], [ 78.2592, 12.9705 ], [ 78.2674, 12.9731 ], [ 78.2671, 12.9938 ], [ 78.2531, 12.9951 ], [ 78.2546, 13.0015 ], [ 78.2597, 13.0035 ], [ 78.2592, 13.0159 ], [ 78.2682, 13.028 ], [ 78.262, 13.0375 ], [ 78.2533, 13.0428 ], [ 78.2526, 13.048 ], [ 78.2545, 13.0518 ], [ 78.2598, 13.0541 ], [ 78.278, 13.0508 ], [ 78.2795, 13.0537 ], [ 78.264, 13.059 ], [ 78.2619, 13.0698 ], [ 78.2763, 13.068 ], [ 78.2748, 13.0728 ], [ 78.2781, 13.0812 ], [ 78.2896, 13.082 ] ] ] ] } },
{ "type": "Feature", "properties": { "area_id": "KGIS-T-2001", "name_en": "Bangalore (North)", "name_kn": "ಬೆಂಗಳೂರು ಉತ್ತರ", "level": "block", "parent_id": "KGIS-D-20", "district_en": "Bengaluru (Urban)", "lgd_code": null }, "geometry": { "type": "MultiPolygon", "coordinates": [ [ [ [ 77.4442, 13.1666 ], [ 77.461, 13.1604 ], [ 77.4528, 13.1451 ], [ 77.4548, 13.136 ], [ 77.4658, 13.1343 ], [ 77.4638, 13.127 ], [ 77.4561, 13.129 ], [ 77.4676, 13.1183 ], [ 77.475, 13.121 ], [ 77.4762, 13.1191 ], [ 77.4769, 13.1127 ], [ 77.472, 13.1038 ], [ 77.4728, 13.0942 ], [ 77.4684, 13.0884 ], [ 77.4696, 13.0867 ], [ 77.4791, 13.0839 ], [ 77.491, 13.0842 ], [ 77.494, 13.0945 ], [ 77.5033, 13.0939 ], [ 77.5049, 13.099 ], [ 77.516, 13.0935 ], [ 77.5408, 13.0899 ], [ 77.537, 13.0838 ], [ 77.53, 13.0823 ], [ 77.5308, 13.0699 ], [ 77.535, 13.063 ], [ 77.5334, 13.0578 ], [ 77.5295, 13.0549 ], [ 77.5311, 13.0526 ], [ 77.5225, 13.0464 ], [ 77.5362, 13.0408 ], [ 77.5344, 13.0344 ], [ 77.5393, 13.0331 ], [ 77.5391, 13.0446 ], [ 77.5357, 13.0516 ], [ 77.5493, 13.0501 ], [ 77.5508, 13.0537 ], [ 77.5559, 13.0483 ], [ 77.5601, 13.0476 ], [ 77.5613, 13.054 ], [ 77.5723, 13.0512 ], [ 77.5734, 13.0489 ], [ 77.5765, 13.0502 ], [ 77.5841, 13.0453 ], [ 77.5889, 13.0488 ], [ 77.5922, 13.0576 ], [ 77.5989, 13.0552 ], [ 77.5963, 13.047 ], [ 77.5988, 13.0473 ], [ 77.6013, 13.0472 ], [ 77.6074, 13.0462 ], [ 77.6158, 13.0491 ], [ 77.6258, 13.0467 ], [ 77.6284, 13.0423 ], [ 77.6358, 13.0407 ], [ 77.6379, 13.0433 ], [ 77.6413, 13.0426 ], [ 77.644, 13.0366 ], [ 77.6408, 13.036 ], [ 77.6365, 13.0269 ], [ 77.6374, 13.0227 ], [ 77.6421, 13.021 ], [ 77.6319, 12.9899 ], [ 77.6447, 12.9884 ], [ 77.6438, 12.9775 ], [ 77.6367, 12.9744 ], [ 77.6411, 12.9723 ], [ 77.6403, 12.9691 ], [ 77.6428, 12.9671 ], [ 77.6439, 12.956 ], [ 77.6396, 12.9515 ], [ 77.6591, 12.9373 ], [ 77.6405, 12.9302 ], [ 77.6331, 12.9374 ], [ 77.6264, 12.95 ], [ 77.6186, 12.9527 ], [ 77.6173, 12.9506 ], [ 77.6099, 12.9498 ], [ 77.5945, 12.9572 ], [ 77.5933, 12.9546 ], [ 77.6005, 12.9497 ], [ 77.5977, 12.9392 ], [ 77.5804, 12.936 ], [ 77.5676, 12.9383 ], [ 77.5647, 12.9325 ], [ 77.5565, 12.9358 ], [ 77.5532, 12.9334 ], [ 77.548, 12.9338 ], [ 77.5501, 12.9514 ], [ 77.546, 12.9508 ], [ 77.5401, 12.9453 ], [ 77.5377, 12.9459 ], [ 77.5372, 12.9534 ], [ 77.5313, 12.9547 ], [ 77.5292, 12.955 ], [ 77.528, 12.949 ], [ 77.5192, 12.9499 ], [ 77.5039, 12.9457 ], [ 77.4887, 12.9492 ], [ 77.4851, 12.944 ], [ 77.4755, 12.9488 ], [ 77.462, 12.9505 ], [ 77.4612, 12.9556 ], [ 77.4559, 12.9586 ], [ 77.4392, 12.96 ], [ 77.4419, 12.981 ], [ 77.4119, 12.9891 ], [ 77.4115, 12.9928 ], [ 77.4033, 12.9963 ], [ 77.3924, 12.9964 ], [ 77.3906, 12.9929 ], [ 77.3815, 12.9956 ], [ 77.372, 12.9922 ], [ 77.3703, 12.9997 ], [ 77.373, 13.0043 ], [ 77.37, 13.0087 ], [ 77.3708, 13.0163 ], [ 77.3769, 13.0167 ], [ 77.3769, 13.0299 ], [ 77.3785, 13.0273 ], [ 77.3908, 13.0258 ], [ 77.3938, 13.0532 ], [ 77.3918, 13.0553 ], [ 77.3822, 13.0558 ], [ 77.3841, 13.0668 ], [ 77.3969, 13.0698 ], [ 77.3973, 13.0716 ], [ 77.4122, 13.0725 ], [ 77.4168, 13.0689 ], [ 77.4248, 13.0677 ], [ 77.4302, 13.0834 ], [ 77.4221, 13.0839 ], [ 77.422, 13.089 ], [ 77.417, 13.0911 ], [ 77.4201, 13.0967 ], [ 77.4163, 13.0981 ], [ 77.4179, 13.1028 ], [ 77.4013, 13.1094 ], [ 77.4014, 13.115 ], [ 77.3974, 13.1162 ], [ 77.3996, 13.1276 ], [ 77.4038, 13.1279 ], [ 77.4033, 13.121 ], [ 77.4091, 13.1226 ], [ 77.4325, 13.1649 ], [ 77.4442, 13.1666 ] ], [ [ 77.5343, 13.032 ], [ 77.527, 13.0215 ], [ 77.5285, 13.0155 ], [ 77.5322, 13.0142 ], [ 77.5328, 13.0108 ], [ 77.5406, 13.0045 ], [ 77.5437, 13.0121 ], [ 77.5468, 13.0133 ], [ 77.545, 13.0243 ], [ 77.5343, 13.032 ] ], [ [ 77.5992, 13.0462 ], [ 77.5997, 13.0472 ], [ 77.5989, 13.0471 ], [ 77.5992, 13.0462 ] ] ], [ [ [ 77.4797, 13.1102 ], [ 77.4771, 13.106 ], [ 77.4751, 13.1058 ], [ 77.4762, 13.1097 ], [ 77.4797, 13.1102 ] ] ] ] } },
{ "type": "Feature", "properties": { "area_id": "KGIS-T-2002", "name_en": "Bangalore-South", "name_kn": "ಬೆಂಗಳೂರು ದಕ್ಷಿಣ", "level": "block", "parent_id": "KGIS-D-20", "district_en": "Bengaluru (Urban)", "lgd_code": null }, "geometry": { "type": "Polygon", "coordinates": [ [ [ 77.3916, 12.996 ], [ 77.4062, 12.9956 ], [ 77.4117, 12.9925 ], [ 77.4119, 12.9891 ], [ 77.4419, 12.981 ], [ 77.4392, 12.96 ], [ 77.4559, 12.9586 ], [ 77.4612, 12.9556 ], [ 77.462, 12.9505 ], [ 77.4755, 12.9488 ], [ 77.4851, 12.944 ], [ 77.4887, 12.9492 ], [ 77.5039, 12.9457 ], [ 77.5192, 12.9499 ], [ 77.528, 12.949 ], [ 77.5292, 12.955 ], [ 77.5313, 12.9547 ], [ 77.5372, 12.9534 ], [ 77.5377, 12.9459 ], [ 77.5401, 12.9453 ], [ 77.546, 12.9508 ], [ 77.5501, 12.9514 ], [ 77.548, 12.9338 ], [ 77.5532, 12.9334 ], [ 77.5544, 12.934 ], [ 77.5555, 12.9353 ], [ 77.5565, 12.9358 ], [ 77.5647, 12.9325 ], [ 77.5676, 12.9383 ], [ 77.5804, 12.936 ], [ 77.5977, 12.9392 ], [ 77.6005, 12.9497 ], [ 77.5933, 12.9546 ], [ 77.5945, 12.9572 ], [ 77.6099, 12.9498 ], [ 77.6173, 12.9506 ], [ 77.6186, 12.9527 ], [ 77.6264, 12.95 ], [ 77.6331, 12.9374 ], [ 77.6405, 12.9302 ], [ 77.662, 12.9389 ], [ 77.6586, 12.9453 ], [ 77.6598, 12.9457 ], [ 77.6685, 12.9388 ], [ 77.6689, 12.9232 ], [ 77.66, 12.9152 ], [ 77.6599, 12.9099 ], [ 77.6565, 12.9092 ], [ 77.6548, 12.9018 ], [ 77.6567, 12.8975 ], [ 77.649, 12.8909 ], [ 77.6439, 12.8914 ], [ 77.6436, 12.8876 ], [ 77.655, 12.8806 ], [ 77.6566, 12.885 ], [ 77.6742, 12.8841 ], [ 77.674, 12.8798 ], [ 77.6714, 12.8803 ], [ 77.6753, 12.8726 ], [ 77.6797, 12.8691 ], [ 77.6879, 12.8681 ], [ 77.6818, 12.8454 ], [ 77.6766, 12.8426 ], [ 77.6638, 12.8411 ], [ 77.6649, 12.8366 ], [ 77.6612, 12.8344 ], [ 77.6456, 12.8399 ], [ 77.6353, 12.8395 ], [ 77.6213, 12.8348 ], [ 77.6145, 12.8391 ], [ 77.6052, 12.8352 ], [ 77.6035, 12.832 ], [ 77.5906, 12.8356 ], [ 77.587, 12.8335 ], [ 77.579, 12.8383 ], [ 77.5626, 12.839 ], [ 77.5574, 12.8418 ], [ 77.5549, 12.8478 ], [ 77.5515, 12.848 ], [ 77.5488, 12.8398 ], [ 77.5453, 12.8381 ], [ 77.5475, 12.8356 ], [ 77.5387, 12.8049 ], [ 77.5393, 12.7987 ], [ 77.5494, 12.7853 ], [ 77.5438, 12.7758 ], [ 77.5517, 12.7733 ], [ 77.5461, 12.7696 ], [ 77.541, 12.7481 ], [ 77.5347, 12.7559 ], [ 77.5218, 12.7317 ], [ 77.5171, 12.7357 ], [ 77.5196, 12.7419 ], [ 77.5128, 12.7468 ], [ 77.5079, 12.7376 ], [ 77.5028, 12.7356 ], [ 77.4864, 12.7428 ], [ 77.4845, 12.7478 ], [ 77.476, 12.7526 ], [ 77.4738, 12.7573 ], [ 77.4763, 12.7607 ], [ 77.4741, 12.7646 ], [ 77.4785, 12.7805 ], [ 77.47, 12.7939 ], [ 77.4713, 12.798 ], [ 77.4796, 12.799 ], [ 77.4831, 12.8023 ], [ 77.4778, 12.8064 ], [ 77.4788, 12.8115 ], [ 77.4763, 12.8098 ], [ 77.4763, 12.8119 ], [ 77.4711, 12.8115 ], [ 77.4611, 12.8073 ], [ 77.4547, 12.8167 ], [ 77.4492, 12.8187 ], [ 77.444, 12.8067 ], [ 77.4403, 12.8099 ], [ 77.4362, 12.8097 ], [ 77.4335, 12.8234 ], [ 77.4199, 12.8262 ], [ 77.4225, 12.8356 ], [ 77.43, 12.8397 ], [ 77.4347, 12.8387 ], [ 77.434, 12.8445 ], [ 77.4377, 12.8497 ], [ 77.4275, 12.851 ], [ 77.4292, 12.8568 ], [ 77.4188, 12.8693 ], [ 77.4306, 12.8702 ], [ 77.4313, 12.8749 ], [ 77.4185, 12.8714 ], [ 77.4153, 12.8717 ], [ 77.416, 12.8752 ], [ 77.4082, 12.8756 ], [ 77.4026, 12.871 ], [ 77.4021, 12.8656 ], [ 77.3949, 12.8697 ], [ 77.3952, 12.8667 ], [ 77.3898, 12.8604 ], [ 77.38, 12.8573 ], [ 77.3794, 12.8552 ], [ 77.3725, 12.8559 ], [ 77.3698, 12.8569 ], [ 77.3661, 12.8702 ], [ 77.3441, 12.8703 ], [ 77.3439, 12.8752 ], [ 77.3366, 12.8768 ], [ 77.3368, 12.8821 ], [ 77.3325, 12.8859 ], [ 77.3436, 12.8876 ], [ 77.3388, 12.9107 ], [ 77.3402, 12.9332 ], [ 77.3362, 12.9329 ], [ 77.3351, 12.9477 ], [ 77.3321, 12.9509 ], [ 77.3301, 12.9658 ], [ 77.3262, 12.9684 ], [ 77.3255, 12.976 ], [ 77.3349, 12.9787 ], [ 77.3376, 12.9784 ], [ 77.3389, 12.9724 ], [ 77.3499, 12.9743 ], [ 77.3537, 12.9782 ], [ 77.3552, 12.9856 ], [ 77.3596, 12.9886 ], [ 77.3653, 12.9879 ], [ 77.3674, 12.9909 ], [ 77.3815, 12.9956 ], [ 77.3909, 12.993 ], [ 77.3916, 12.996 ] ] ] } },
{ "type": "Feature", "properties": { "area_id": "KGIS-T-2003", "name_en": "Anekal", "name_kn": "ಆನೇಕಲ್", "level": "block", "parent_id": "KGIS-D-20", "district_en": "Bengaluru (Urban)", "lgd_code": "5545" }, "geometry": { "type": "MultiPolygon", "coordinates": [ [ [ [ 77.5526, 12.7946 ], [ 77.5493, 12.7942 ], [ 77.5509, 12.7979 ], [ 77.5527, 12.7973 ], [ 77.5526, 12.7946 ] ] ], [ [ [ 77.7772, 12.9321 ], [ 77.7853, 12.9272 ], [ 77.7984, 12.9256 ], [ 77.7977, 12.9186 ], [ 77.8032, 12.9194 ], [ 77.8097, 12.9343 ], [ 77.8163, 12.9257 ], [ 77.8203, 12.9249 ], [ 77.8223, 12.9287 ], [ 77.8318, 12.9256 ], [ 77.8328, 12.9234 ], [ 77.8297, 12.9197 ], [ 77.8168, 12.9217 ], [ 77.8166, 12.9149 ], [ 77.821, 12.912 ], [ 77.8212, 12.9024 ], [ 77.83, 12.8894 ], [ 77.8319, 12.8742 ], [ 77.837, 12.8704 ], [ 77.8326, 12.8676 ], [ 77.8331, 12.862 ], [ 77.8257, 12.8604 ], [ 77.8229, 12.856 ], [ 77.8152, 12.8559 ], [ 77.8079, 12.8477 ], [ 77.799, 12.8519 ], [ 77.7968, 12.845 ], [ 77.7926, 12.8434 ], [ 77.7956, 12.8348 ], [ 77.8101, 12.831 ], [ 77.808, 12.8233 ], [ 77.8098, 12.8158 ], [ 77.8022, 12.8171 ], [ 77.8, 12.8054 ], [ 77.804, 12.8048 ], [ 77.809, 12.7968 ], [ 77.8066, 12.7941 ], [ 77.7994, 12.7958 ], [ 77.7947, 12.7917 ], [ 77.7789, 12.768 ], [ 77.7853, 12.7621 ], [ 77.7951, 12.7589 ], [ 77.7924, 12.7479 ], [ 77.784, 12.7412 ], [ 77.7696, 12.7403 ], [ 77.763, 12.7364 ], [ 77.7611, 12.7273 ], [ 77.7744, 12.7245 ], [ 77.7697, 12.7132 ], [ 77.7661, 12.713 ], [ 77.7626, 12.697 ], [ 77.7407, 12.701 ], [ 77.7357, 12.6932 ], [ 77.741, 12.6854 ], [ 77.741, 12.6737 ], [ 77.7248, 12.6708 ], [ 77.7232, 12.6794 ], [ 77.712, 12.6834 ], [ 77.7109, 12.6664 ], [ 77.7024, 12.6607 ], [ 77.6919, 12.6605 ], [ 77.6896, 12.6585 ], [ 77.6787, 12.6602 ], [ 77.6761, 12.6634 ], [ 77.6771, 12.6793 ], [ 77.6633, 12.6833 ], [ 77.5979, 12.6681 ], [ 77.5955, 12.6578 ], [ 77.5941, 12.6672 ], [ 77.6036, 12.6931 ], [ 77.6131, 12.7035 ], [ 77.6145, 12.7113 ], [ 77.5942, 12.7205 ], [ 77.5757, 12.7039 ], [ 77.5681, 12.7012 ], [ 77.5591, 12.7133 ], [ 77.5576, 12.7309 ], [ 77.571, 12.7302 ], [ 77.5728, 12.7325 ], [ 77.568, 12.7354 ], [ 77.576, 12.7508 ], [ 77.5941, 12.7505 ], [ 77.5984, 12.7582 ], [ 77.5921, 12.7798 ], [ 77.5797, 12.7878 ], [ 77.5714, 12.7789 ], [ 77.5707, 12.7623 ], [ 77.5664, 12.7592 ], [ 77.5631, 12.7608 ], [ 77.5586, 12.7653 ], [ 77.5562, 12.7773 ], [ 77.5564, 12.7811 ], [ 77.5612, 12.7833 ], [ 77.5633, 12.7885 ], [ 77.5529, 12.7897 ], [ 77.556, 12.7996 ], [ 77.5475, 12.8014 ], [ 77.5421, 12.7985 ], [ 77.5423, 12.7947 ], [ 77.5393, 12.7987 ], [ 77.5404, 12.8139 ], [ 77.5475, 12.8356 ], [ 77.5453, 12.8381 ], [ 77.5488, 12.8398 ], [ 77.5514, 12.848 ], [ 77.5549, 12.8478 ], [ 77.5574, 12.8418 ], [ 77.5626, 12.839 ], [ 77.579, 12.8383 ], [ 77.587, 12.8335 ], [ 77.5906, 12.8356 ], [ 77.6035, 12.832 ], [ 77.6052, 12.8352 ], [ 77.6145, 12.8391 ], [ 77.6213, 12.8348 ], [ 77.6391, 12.84 ], [ 77.649, 12.8394 ], [ 77.6612, 12.8344 ], [ 77.6649, 12.8366 ], [ 77.6638, 12.8411 ], [ 77.6766, 12.8426 ], [ 77.6818, 12.8454 ], [ 77.6879, 12.8681 ], [ 77.6797, 12.8691 ], [ 77.6753, 12.8726 ], [ 77.6714, 12.8803 ], [ 77.674, 12.8798 ], [ 77.674, 12.8843 ], [ 77.6566, 12.885 ], [ 77.6549, 12.8806 ], [ 77.6436, 12.8876 ], [ 77.6439, 12.8914 ], [ 77.649, 12.8909 ], [ 77.6526, 12.8947 ], [ 77.6774, 12.8943 ], [ 77.6891, 12.8866 ], [ 77.6876, 12.8824 ], [ 77.6899, 12.8793 ], [ 77.7213, 12.878 ], [ 77.7341, 12.8736 ], [ 77.7398, 12.8943 ], [ 77.74, 12.9065 ], [ 77.7445, 12.909 ], [ 77.7458, 12.9198 ], [ 77.7513, 12.922 ], [ 77.7523, 12.9253 ], [ 77.7648, 12.9288 ], [ 77.7653, 12.9423 ], [ 77.775, 12.9395 ], [ 77.778, 12.9358 ], [ 77.7772, 12.9321 ] ] ] ] } },
{ "type": "Feature", "properties": { "area_id": "KGIS-T-2004", "name_en": "Bangalore-East", "name_kn": "ಬೆಂಗಳೂರು ಪೂರ್ವ", "level": "block", "parent_id": "KGIS-D-20", "district_en": "Bengaluru (Urban)", "lgd_code": null }, "geometry": { "type": "Polygon", "coordinates": [ [ [ 77.7479, 13.1161 ], [ 77.762, 13.1127 ], [ 77.7665, 13.1076 ], [ 77.7641, 13.1025 ], [ 77.7669, 13.0884 ], [ 77.7656, 13.0815 ], [ 77.7602, 13.0814 ], [ 77.7609, 13.0778 ], [ 77.7583, 13.0737 ], [ 77.7672, 13.0646 ], [ 77.7701, 13.0484 ], [ 77.7766, 13.0478 ], [ 77.7747, 13.0455 ], [ 77.779, 13.0346 ], [ 77.7816, 13.0333 ], [ 77.7779, 13.0301 ], [ 77.7763, 13.0223 ], [ 77.7717, 13.0152 ], [ 77.7741, 13.0132 ], [ 77.7734, 13.0064 ], [ 77.7758, 13.0058 ], [ 77.7726, 13.0025 ], [ 77.7747, 13.0011 ], [ 77.7741, 12.9919 ], [ 77.7769, 12.9852 ], [ 77.7747, 12.9805 ], [ 77.7784, 12.978 ], [ 77.7762, 12.9751 ], [ 77.7786, 12.9706 ], [ 77.7832, 12.9709 ], [ 77.7841, 12.9667 ], [ 77.7776, 12.9682 ], [ 77.7721, 12.9659 ], [ 77.7669, 12.9596 ], [ 77.7727, 12.9515 ], [ 77.7655, 12.9454 ], [ 77.7648, 12.9288 ], [ 77.7523, 12.9253 ], [ 77.7513, 12.922 ], [ 77.7458, 12.9198 ], [ 77.7445, 12.909 ], [ 77.74, 12.9065 ], [ 77.7398, 12.8943 ], [ 77.7341, 12.8736 ], [ 77.7213, 12.878 ], [ 77.6899, 12.8793 ], [ 77.6876, 12.8824 ], [ 77.6891, 12.8866 ], [ 77.6774, 12.8943 ], [ 77.6539, 12.8945 ], [ 77.657, 12.8987 ], [ 77.6548, 12.9018 ], [ 77.6565, 12.9092 ], [ 77.6599, 12.9099 ], [ 77.66, 12.9152 ], [ 77.6689, 12.9232 ], [ 77.6685, 12.9388 ], [ 77.6598, 12.9457 ], [ 77.6621, 12.9394 ], [ 77.6591, 12.9373 ], [ 77.6396, 12.9515 ], [ 77.6439, 12.956 ], [ 77.6428, 12.9671 ], [ 77.6403, 12.9691 ], [ 77.6411, 12.9723 ], [ 77.6367, 12.9744 ], [ 77.6438, 12.9775 ], [ 77.6447, 12.9884 ], [ 77.6319, 12.9899 ], [ 77.6421, 13.021 ], [ 77.6374, 13.0227 ], [ 77.6367, 13.0285 ], [ 77.6438, 13.038 ], [ 77.6411, 13.0397 ], [ 77.6413, 13.0426 ], [ 77.6379, 13.0433 ], [ 77.6358, 13.0407 ], [ 77.6284, 13.0423 ], [ 77.6258, 13.0467 ], [ 77.6182, 13.0488 ], [ 77.6074, 13.0462 ], [ 77.6066, 13.0525 ], [ 77.5988, 13.0551 ], [ 77.609, 13.0669 ], [ 77.6189, 13.063 ], [ 77.6283, 13.0725 ], [ 77.6326, 13.0719 ], [ 77.6338, 13.0772 ], [ 77.6382, 13.0751 ], [ 77.6421, 13.078 ], [ 77.6466, 13.0851 ], [ 77.6427, 13.0869 ], [ 77.6503, 13.1047 ], [ 77.637, 13.1063 ], [ 77.6405, 13.1143 ], [ 77.6608, 13.1104 ], [ 77.6601, 13.1083 ], [ 77.6701, 13.1095 ], [ 77.6784, 13.1002 ], [ 77.7005, 13.1029 ], [ 77.7162, 13.0909 ], [ 77.7219, 13.093 ], [ 77.7226, 13.112 ], [ 77.7479, 13.1161 ] ] ] } },
{ "type": "Feature", "properties": { "area_id": "KGIS-T-2005", "name_en": "Bangalore North(Additional)", "name_kn": "", "level": "block", "parent_id": "KGIS-D-20", "district_en": "Bengaluru (Urban)", "lgd_code": null }, "geometry": { "type": "MultiPolygon", "coordinates": [ [ [ [ 77.5398, 13.0048 ], [ 77.5328, 13.0108 ], [ 77.5322, 13.0142 ], [ 77.5285, 13.0155 ], [ 77.527, 13.0215 ], [ 77.5343, 13.032 ], [ 77.545, 13.0243 ], [ 77.5474, 13.0166 ], [ 77.5398, 13.0048 ] ] ], [ [ [ 77.5999, 13.0463 ], [ 77.5989, 13.0471 ], [ 77.5997, 13.0472 ], [ 77.5999, 13.0463 ] ] ], [ [ [ 77.6066, 13.0525 ], [ 77.6069, 13.0463 ], [ 77.5962, 13.048 ], [ 77.5979, 13.0536 ], [ 77.5987, 13.0551 ], [ 77.5988, 13.0551 ], [ 77.6066, 13.0525 ] ] ], [ [ [ 77.5517, 13.2347 ], [ 77.5596, 13.232 ], [ 77.5575, 13.2197 ], [ 77.5695, 13.216 ], [ 77.5715, 13.2073 ], [ 77.5697, 13.2075 ], [ 77.5677, 13.2016 ], [ 77.575, 13.1983 ], [ 77.5996, 13.1941 ], [ 77.6037, 13.2026 ], [ 77.6162, 13.2032 ], [ 77.6139, 13.2056 ], [ 77.6232, 13.2068 ], [ 77.6378, 13.2048 ], [ 77.637, 13.2028 ], [ 77.6432, 13.2006 ], [ 77.6572, 13.1993 ], [ 77.6505, 13.1902 ], [ 77.6614, 13.1845 ], [ 77.671, 13.1853 ], [ 77.6712, 13.1917 ], [ 77.6798, 13.1909 ], [ 77.6869, 13.1938 ], [ 77.687, 13.2031 ], [ 77.6905, 13.2029 ], [ 77.6948, 13.1943 ], [ 77.7, 13.1903 ], [ 77.709, 13.1902 ], [ 77.7135, 13.1963 ], [ 77.7273, 13.1925 ], [ 77.7293, 13.1858 ], [ 77.7266, 13.1761 ], [ 77.7303, 13.1735 ], [ 77.7273, 13.1691 ], [ 77.7308, 13.1652 ], [ 77.7291, 13.1618 ], [ 77.7334, 13.1601 ], [ 77.73, 13.1555 ], [ 77.7284, 13.1458 ], [ 77.7338, 13.1429 ], [ 77.7291, 13.1333 ], [ 77.73, 13.1313 ], [ 77.7241, 13.1254 ], [ 77.7336, 13.1233 ], [ 77.7321, 13.1143 ], [ 77.7226, 13.1119 ], [ 77.7219, 13.093 ], [ 77.7139, 13.091 ], [ 77.7115, 13.0957 ], [ 77.7005, 13.1029 ], [ 77.6784, 13.1002 ], [ 77.6701, 13.1095 ], [ 77.6601, 13.1083 ], [ 77.6608, 13.1104 ], [ 77.6405, 13.1143 ], [ 77.637, 13.1063 ], [ 77.6503, 13.1047 ], [ 77.6427, 13.0869 ], [ 77.6466, 13.0851 ], [ 77.6415, 13.0773 ], [ 77.6382, 13.0751 ], [ 77.6338, 13.0772 ], [ 77.6326, 13.0719 ], [ 77.6283, 13.0725 ], [ 77.6189, 13.063 ], [ 77.609, 13.0669 ], [ 77.5989, 13.0552 ], [ 77.5915, 13.0575 ], [ 77.5889, 13.0488 ], [ 77.5841, 13.0453 ], [ 77.5765, 13.0502 ], [ 77.5734, 13.0489 ], [ 77.5723, 13.0512 ], [ 77.5613, 13.054 ], [ 77.5601, 13.0476 ], [ 77.5559, 13.0483 ], [ 77.5508, 13.0537 ], [ 77.5493, 13.0501 ], [ 77.535, 13.0513 ], [ 77.5391, 13.0446 ], [ 77.5393, 13.0331 ], [ 77.5344, 13.0344 ], [ 77.5362, 13.0408 ], [ 77.5225, 13.0464 ], [ 77.5311, 13.0526 ], [ 77.5295, 13.0549 ], [ 77.5334, 13.0578 ], [ 77.535, 13.063 ], [ 77.5308, 13.0699 ], [ 77.53, 13.0823 ], [ 77.537, 13.0838 ], [ 77.5408, 13.0899 ], [ 77.516, 13.0935 ], [ 77.5049, 13.099 ], [ 77.5033, 13.0939 ], [ 77.494, 13.0945 ], [ 77.491, 13.0842 ], [ 77.4791, 13.0839 ], [ 77.4696, 13.0867 ], [ 77.4684, 13.0884 ], [ 77.4728, 13.0942 ], [ 77.472, 13.1038 ], [ 77.4769, 13.1127 ], [ 77.4762, 13.1191 ], [ 77.475, 13.121 ], [ 77.4676, 13.1183 ], [ 77.4561, 13.129 ], [ 77.4638, 13.127 ], [ 77.4658, 13.1343 ], [ 77.4548, 13.136 ], [ 77.4528, 13.1451 ], [ 77.4617, 13.1617 ], [ 77.469, 13.1623 ], [ 77.4687, 13.1737 ], [ 77.475, 13.1833 ], [ 77.4782, 13.1954 ], [ 77.4789, 13.2069 ], [ 77.4735, 13.2071 ], [ 77.4779, 13.2222 ], [ 77.4792, 13.2242 ], [ 77.4832, 13.2228 ], [ 77.4997, 13.2271 ], [ 77.5069, 13.2241 ], [ 77.5079, 13.2271 ], [ 77.512, 13.2261 ], [ 77.5115, 13.2229 ], [ 77.5185, 13.2206 ], [ 77.5184, 13.2143 ], [ 77.5201, 13.2141 ], [ 77.5182, 13.2094 ], [ 77.5214, 13.2108 ], [ 77.5213, 13.2069 ], [ 77.5265, 13.2217 ], [ 77.5372, 13.2191 ], [ 77.5433, 13.2331 ], [ 77.5494, 13.2316 ], [ 77.5517, 13.2347 ] ], [ [ 77.4788, 13.1105 ], [ 77.4762, 13.1097 ], [ 77.4751, 13.1058 ], [ 77.4771, 13.106 ], [ 77.4788, 13.1105 ] ] ] ] } },
{ "type": "Feature", "properties": { "area_id": "KGIS-T-2101", "name_en": "Nelamangala", "name_kn": "ನೆಲಮಂಗಲ", "level": "block", "parent_id": "KGIS-D-21", "district_en": "Bengaluru (Rural)", "lgd_code": "5601" }, "geometry": { "type": "Polygon", "coordinates": [ [ [ 77.3303, 13.3302 ], [ 77.3385, 13.3288 ], [ 77.3424, 13.3168 ], [ 77.3467, 13.3152 ], [ 77.3465, 13.3102 ], [ 77.3527, 13.2976 ], [ 77.3504, 13.2914 ], [ 77.3475, 13.292 ], [ 77.3437, 13.2797 ], [ 77.3236, 13.2872 ], [ 77.3166, 13.2863 ], [ 77.3165, 13.2844 ], [ 77.3356, 13.2748 ], [ 77.3364, 13.2675 ], [ 77.3424, 13.2594 ], [ 77.3555, 13.2567 ], [ 77.3635, 13.2631 ], [ 77.3738, 13.2598 ], [ 77.3721, 13.2298 ], [ 77.3765, 13.2215 ], [ 77.3731, 13.2076 ], [ 77.3898, 13.2026 ], [ 77.3881, 13.192 ], [ 77.3931, 13.1845 ], [ 77.3927, 13.1783 ], [ 77.4157, 13.1722 ], [ 77.4325, 13.1649 ], [ 77.4127, 13.1263 ], [ 77.4033, 13.121 ], [ 77.4038, 13.1279 ], [ 77.3996, 13.1276 ], [ 77.3974, 13.1162 ], [ 77.4014, 13.115 ], [ 77.4013, 13.1094 ], [ 77.4179, 13.1028 ], [ 77.4163, 13.0981 ], [ 77.4201, 13.0967 ], [ 77.417, 13.0911 ], [ 77.422, 13.089 ], [ 77.4216, 13.0843 ], [ 77.4301, 13.0836 ], [ 77.4248, 13.0677 ], [ 77.4168, 13.0689 ], [ 77.4122, 13.0725 ], [ 77.3973, 13.0716 ], [ 77.3969, 13.0698 ], [ 77.3841, 13.0668 ], [ 77.3822, 13.0558 ], [ 77.3918, 13.0553 ], [ 77.3938, 13.0532 ], [ 77.3908, 13.0258 ], [ 77.3785, 13.0273 ], [ 77.3769, 13.0299 ], [ 77.3769, 13.0167 ], [ 77.3708, 13.0163 ], [ 77.37, 13.0087 ], [ 77.373, 13.0043 ], [ 77.3703, 12.9997 ], [ 77.372, 12.9922 ], [ 77.3653, 12.9879 ], [ 77.3596, 12.9886 ], [ 77.3552, 12.9856 ], [ 77.3537, 12.9782 ], [ 77.3499, 12.9743 ], [ 77.3389, 12.9724 ], [ 77.3376, 12.9784 ], [ 77.3287, 12.977 ], [ 77.326, 12.9934 ], [ 77.3211, 13.0044 ], [ 77.3217, 13.0088 ], [ 77.3281, 13.0093 ], [ 77.3258, 13.0219 ], [ 77.3305, 13.0276 ], [ 77.3288, 13.0311 ], [ 77.3306, 13.0479 ], [ 77.3219, 13.049 ], [ 77.3107, 13.0463 ], [ 77.3086, 13.0569 ], [ 77.3095, 13.0859 ], [ 77.3138, 13.1068 ], [ 77.3032, 13.1109 ], [ 77.2986, 13.1087 ], [ 77.292, 13.1106 ], [ 77.291, 13.1209 ], [ 77.287, 13.1205 ], [ 77.285, 13.1337 ], [ 77.2808, 13.135 ], [ 77.2789, 13.1351 ], [ 77.2769, 13.1205 ], [ 77.2739, 13.1187 ], [ 77.2668, 13.1198 ], [ 77.2649, 13.1316 ], [ 77.2673, 13.1434 ], [ 77.2745, 13.1429 ], [ 77.2742, 13.1535 ], [ 77.2654, 13.1516 ], [ 77.2467, 13.1532 ], [ 77.2404, 13.1458 ], [ 77.2317, 13.1473 ], [ 77.2307, 13.1451 ], [ 77.2264, 13.1456 ], [ 77.2155, 13.1488 ], [ 77.213, 13.1535 ], [ 77.2165, 13.1591 ], [ 77.2161, 13.1653 ], [ 77.2075, 13.1733 ], [ 77.2059, 13.181 ], [ 77.2027, 13.1821 ], [ 77.2065, 13.1883 ], [ 77.207, 13.1973 ], [ 77.2036, 13.197 ], [ 77.2025, 13.1945 ], [ 77.1986, 13.1952 ], [ 77.1993, 13.2027 ], [ 77.1941, 13.2094 ], [ 77.1934, 13.2253 ], [ 77.1885, 13.2252 ], [ 77.1836, 13.23 ], [ 77.1852, 13.2382 ], [ 77.1897, 13.2379 ], [ 77.191, 13.2415 ], [ 77.1847, 13.2566 ], [ 77.1884, 13.2755 ], [ 77.1934, 13.2735 ], [ 77.1936, 13.2691 ], [ 77.1999, 13.2684 ], [ 77.2048, 13.2629 ], [ 77.2191, 13.2618 ], [ 77.2222, 13.2675 ], [ 77.2195, 13.2735 ], [ 77.2227, 13.2965 ], [ 77.229, 13.3141 ], [ 77.234, 13.3102 ], [ 77.2372, 13.3109 ], [ 77.2423, 13.3026 ], [ 77.2474, 13.3018 ], [ 77.253, 13.3027 ], [ 77.2547, 13.3088 ], [ 77.2702, 13.3109 ], [ 77.2695, 13.3061 ], [ 77.2754, 13.2975 ], [ 77.2822, 13.297 ], [ 77.2816, 13.3107 ], [ 77.3088, 13.31 ], [ 77.312, 13.3206 ], [ 77.3303, 13.3302 ] ] ] } },
{ "type": "Feature", "properties": { "area_id": "KGIS-T-2102", "name_en": "Doddaballapura", "name_kn": "ದೊಡ್ಡಬಳ್ಳಾಪುರ", "level": "block", "parent_id": "KGIS-D-21", "district_en": "Bengaluru (Rural)", "lgd_code": "5602" }, "geometry": { "type": "Polygon", "coordinates": [ [ [ 77.3987, 13.4932 ], [ 77.4078, 13.4959 ], [ 77.416, 13.491 ], [ 77.4167, 13.4843 ], [ 77.4263, 13.4822 ], [ 77.4229, 13.4715 ], [ 77.4348, 13.4685 ], [ 77.4342, 13.4641 ], [ 77.4363, 13.463 ], [ 77.4436, 13.4613 ], [ 77.4512, 13.4653 ], [ 77.4545, 13.4658 ], [ 77.455, 13.464 ], [ 77.4549, 13.4686 ], [ 77.4569, 13.4688 ], [ 77.4616, 13.4628 ], [ 77.4718, 13.4692 ], [ 77.4771, 13.4663 ], [ 77.4836, 13.4672 ], [ 77.4937, 13.4585 ], [ 77.5065, 13.4563 ], [ 77.5044, 13.4451 ], [ 77.5164, 13.4435 ], [ 77.5161, 13.4398 ], [ 77.5208, 13.4319 ], [ 77.5356, 13.4305 ], [ 77.5382, 13.4359 ], [ 77.5446, 13.4369 ], [ 77.5509, 13.4347 ], [ 77.5508, 13.4184 ], [ 77.5867, 13.4216 ], [ 77.5886, 13.4185 ], [ 77.5924, 13.4185 ], [ 77.5892, 13.4362 ], [ 77.599, 13.4363 ], [ 77.6019, 13.442 ], [ 77.604, 13.4412 ], [ 77.6079, 13.4238 ], [ 77.6159, 13.4191 ], [ 77.6089, 13.4146 ], [ 77.6058, 13.416 ], [ 77.599, 13.4137 ], [ 77.5989, 13.4111 ], [ 77.6014, 13.4112 ], [ 77.5986, 13.4078 ], [ 77.6017, 13.399 ], [ 77.6067, 13.398 ], [ 77.6076, 13.4079 ], [ 77.6159, 13.4009 ], [ 77.6204, 13.4025 ], [ 77.6124, 13.3859 ], [ 77.6208, 13.3826 ], [ 77.6209, 13.3752 ], [ 77.6271, 13.377 ], [ 77.6328, 13.3755 ], [ 77.636, 13.3859 ], [ 77.6376, 13.3847 ], [ 77.6382, 13.3939 ], [ 77.6473, 13.3918 ], [ 77.6533, 13.3981 ], [ 77.6576, 13.3977 ], [ 77.6575, 13.3924 ], [ 77.651, 13.3864 ], [ 77.659, 13.3823 ], [ 77.6612, 13.3758 ], [ 77.6562, 13.3714 ], [ 77.6553, 13.3571 ], [ 77.667, 13.3505 ], [ 77.6675, 13.3465 ], [ 77.6624, 13.3397 ], [ 77.6621, 13.3302 ], [ 77.6565, 13.3237 ], [ 77.6443, 13.3262 ], [ 77.6424, 13.3284 ], [ 77.6297, 13.3295 ], [ 77.6297, 13.3155 ], [ 77.6271, 13.3153 ], [ 77.6219, 13.3088 ], [ 77.6111, 13.3126 ], [ 77.6113, 13.2998 ], [ 77.6019, 13.2968 ], [ 77.6012, 13.2901 ], [ 77.6046, 13.283 ], [ 77.5941, 13.2757 ], [ 77.5899, 13.2771 ], [ 77.5819, 13.2751 ], [ 77.5803, 13.2716 ], [ 77.5751, 13.2704 ], [ 77.5717, 13.248 ], [ 77.564, 13.2479 ], [ 77.5638, 13.2459 ], [ 77.5717, 13.2442 ], [ 77.568, 13.2345 ], [ 77.5611, 13.2387 ], [ 77.559, 13.2322 ], [ 77.5517, 13.2347 ], [ 77.5494, 13.2316 ], [ 77.5433, 13.2331 ], [ 77.5372, 13.2191 ], [ 77.5265, 13.2217 ], [ 77.5213, 13.2069 ], [ 77.5214, 13.2108 ], [ 77.5182, 13.2094 ], [ 77.5201, 13.2141 ], [ 77.5184, 13.2143 ], [ 77.5185, 13.2206 ], [ 77.5115, 13.2229 ], [ 77.512, 13.2261 ], [ 77.5079, 13.2271 ], [ 77.5069, 13.2241 ], [ 77.4997, 13.2271 ], [ 77.4832, 13.2228 ], [ 77.4792, 13.2242 ], [ 77.4737, 13.2117 ], [ 77.4735, 13.2071 ], [ 77.4789, 13.2069 ], [ 77.476, 13.1856 ], [ 77.4687, 13.1737 ], [ 77.469, 13.1623 ], [ 77.461, 13.1604 ], [ 77.443, 13.1669 ], [ 77.4285, 13.1656 ], [ 77.4157, 13.1722 ], [ 77.3927, 13.1783 ], [ 77.3931, 13.1845 ], [ 77.3881, 13.192 ], [ 77.3898, 13.2026 ], [ 77.3731, 13.2076 ], [ 77.3765, 13.2215 ], [ 77.3721, 13.2298 ], [ 77.3738, 13.2598 ], [ 77.3635, 13.2631 ], [ 77.3555, 13.2567 ], [ 77.3424, 13.2594 ], [ 77.3364, 13.2675 ], [ 77.3356, 13.2748 ], [ 77.3165, 13.2844 ], [ 77.3166, 13.2863 ], [ 77.3236, 13.2872 ], [ 77.3437, 13.2797 ], [ 77.3475, 13.292 ], [ 77.3504, 13.2914 ], [ 77.3527, 13.2976 ], [ 77.3465, 13.3102 ], [ 77.3467, 13.3152 ], [ 77.3424, 13.3168 ], [ 77.3385, 13.3288 ], [ 77.3393, 13.3342 ], [ 77.3438, 13.3376 ], [ 77.3459, 13.3493 ], [ 77.3425, 13.3503 ], [ 77.3415, 13.355 ], [ 77.3454, 13.3733 ], [ 77.3392, 13.3743 ], [ 77.3436, 13.3852 ], [ 77.3419, 13.4016 ], [ 77.3473, 13.418 ], [ 77.3563, 13.4142 ], [ 77.3618, 13.4151 ], [ 77.3651, 13.4266 ], [ 77.3627, 13.436 ], [ 77.3533, 13.439 ], [ 77.3492, 13.443 ], [ 77.3489, 13.4572 ], [ 77.3561, 13.462 ], [ 77.3656, 13.4621 ], [ 77.367, 13.4697 ], [ 77.3736, 13.4708 ], [ 77.3708, 13.4779 ], [ 77.373, 13.4832 ], [ 77.3763, 13.4843 ], [ 77.3786, 13.4932 ], [ 77.385, 13.4992 ], [ 77.3987, 13.4932 ] ] ] } },
{ "type": "Feature", "properties": { "area_id": "KGIS-T-2103", "name_en": "Devanahalli", "name_kn": "ಯಲಹಂಕ", "level": "block", "parent_id": "KGIS-D-21", "district_en": "Bengaluru (Rural)", "lgd_code": "5603" }, "geometry": { "type": "Polygon", "coordinates": [ [ [ 77.7091, 13.3656 ], [ 77.7176, 13.3633 ], [ 77.7177, 13.3529 ], [ 77.7159, 13.3511 ], [ 77.728, 13.351 ], [ 77.7298, 13.3608 ], [ 77.7264, 13.3615 ], [ 77.7274, 13.3628 ], [ 77.7361, 13.359 ], [ 77.737, 13.3608 ], [ 77.7446, 13.3536 ], [ 77.7419, 13.361 ], [ 77.7485, 13.3587 ], [ 77.7513, 13.3636 ], [ 77.7545, 13.3646 ], [ 77.7799, 13.3523 ], [ 77.7911, 13.3521 ], [ 77.791, 13.3458 ], [ 77.7945, 13.342 ], [ 77.8099, 13.3361 ], [ 77.809, 13.3333 ], [ 77.8273, 13.3248 ], [ 77.8239, 13.3187 ], [ 77.8256, 13.3158 ], [ 77.8222, 13.3127 ], [ 77.8192, 13.3136 ], [ 77.8177, 13.3103 ], [ 77.8145, 13.31 ], [ 77.8122, 13.3124 ], [ 77.8136, 13.3158 ], [ 77.811, 13.3168 ], [ 77.8046, 13.3112 ], [ 77.8151, 13.3092 ], [ 77.8145, 13.3038 ], [ 77.8286, 13.3038 ], [ 77.8301, 13.2987 ], [ 77.8291, 13.2895 ], [ 77.8222, 13.291 ], [ 77.8228, 13.2958 ], [ 77.817, 13.2961 ], [ 77.8093, 13.2621 ], [ 77.8218, 13.2573 ], [ 77.8172, 13.2554 ], [ 77.8113, 13.2468 ], [ 77.8079, 13.2469 ], [ 77.8063, 13.2415 ], [ 77.814, 13.2386 ], [ 77.8197, 13.2517 ], [ 77.8339, 13.2447 ], [ 77.8328, 13.238 ], [ 77.8269, 13.2271 ], [ 77.8239, 13.2274 ], [ 77.825, 13.2255 ], [ 77.8227, 13.2279 ], [ 77.8159, 13.2263 ], [ 77.8121, 13.2062 ], [ 77.7877, 13.2106 ], [ 77.7855, 13.1987 ], [ 77.7879, 13.1939 ], [ 77.7847, 13.1871 ], [ 77.7811, 13.1856 ], [ 77.7834, 13.1836 ], [ 77.7808, 13.1743 ], [ 77.7837, 13.1712 ], [ 77.7801, 13.168 ], [ 77.7785, 13.1608 ], [ 77.7667, 13.1482 ], [ 77.7675, 13.1341 ], [ 77.7633, 13.1313 ], [ 77.7638, 13.1274 ], [ 77.7591, 13.122 ], [ 77.7618, 13.1219 ], [ 77.7618, 13.1128 ], [ 77.7479, 13.1161 ], [ 77.7321, 13.1143 ], [ 77.7336, 13.1233 ], [ 77.7241, 13.1254 ], [ 77.73, 13.1313 ], [ 77.7291, 13.1333 ], [ 77.7338, 13.1429 ], [ 77.7284, 13.1458 ], [ 77.73, 13.1555 ], [ 77.7334, 13.1601 ], [ 77.7291, 13.1618 ], [ 77.7308, 13.1652 ], [ 77.7273, 13.1691 ], [ 77.7303, 13.1735 ], [ 77.7266, 13.1761 ], [ 77.7293, 13.1858 ], [ 77.7272, 13.1925 ], [ 77.7135, 13.1963 ], [ 77.709, 13.1902 ], [ 77.7, 13.1903 ], [ 77.6948, 13.1943 ], [ 77.6905, 13.2029 ], [ 77.687, 13.2031 ], [ 77.6869, 13.1938 ], [ 77.6798, 13.1909 ], [ 77.6712, 13.1917 ], [ 77.671, 13.1853 ], [ 77.6614, 13.1845 ], [ 77.6505, 13.1902 ], [ 77.6572, 13.1993 ], [ 77.6432, 13.2006 ], [ 77.637, 13.2028 ], [ 77.6378, 13.2048 ], [ 77.6232, 13.2068 ], [ 77.6139, 13.2056 ], [ 77.6162, 13.2032 ], [ 77.6126, 13.2021 ], [ 77.6037, 13.2026 ], [ 77.5996, 13.1941 ], [ 77.5905, 13.1949 ], [ 77.5677, 13.2016 ], [ 77.5697, 13.2075 ], [ 77.5715, 13.2073 ], [ 77.5695, 13.216 ], [ 77.5574, 13.2199 ], [ 77.5611, 13.2387 ], [ 77.568, 13.2345 ], [ 77.5701, 13.2382 ], [ 77.5715, 13.2446 ], [ 77.5638, 13.2459 ], [ 77.564, 13.2477 ], [ 77.5717, 13.248 ], [ 77.5751, 13.2704 ], [ 77.5803, 13.2716 ], [ 77.5819, 13.2751 ], [ 77.5899, 13.2771 ], [ 77.5941, 13.2757 ], [ 77.6046, 13.283 ], [ 77.6012, 13.2901 ], [ 77.6019, 13.2968 ], [ 77.6113, 13.2998 ], [ 77.6111, 13.3126 ], [ 77.6219, 13.3088 ], [ 77.6271, 13.3153 ], [ 77.6297, 13.3155 ], [ 77.6297, 13.3295 ], [ 77.6424, 13.3284 ], [ 77.6443, 13.3262 ], [ 77.6565, 13.3237 ], [ 77.6621, 13.3302 ], [ 77.6624, 13.3397 ], [ 77.6674, 13.3473 ], [ 77.6802, 13.345 ], [ 77.683, 13.3528 ], [ 77.6989, 13.336 ], [ 77.7037, 13.3431 ], [ 77.7036, 13.3457 ], [ 77.6991, 13.3473 ], [ 77.6988, 13.3588 ], [ 77.7078, 13.3613 ], [ 77.7104, 13.3634 ], [ 77.7091, 13.3656 ] ] ] } },
{ "type": "Feature", "properties": { "area_id": "KGIS-T-2104", "name_en": "Hoskote", "name_kn": "ಹೊಸಕೋಟೆ", "level": "block", "parent_id": "KGIS-D-21", "district_en": "Bengaluru (Rural)", "lgd_code": "5604" }, "geometry": { "type": "Polygon", "coordinates": [ [ [ 77.8913, 13.2575 ], [ 77.9062, 13.2523 ], [ 77.9051, 13.2455 ], [ 77.8916, 13.2357 ], [ 77.9142, 13.2316 ], [ 77.915, 13.2398 ], [ 77.9295, 13.2389 ], [ 77.9354, 13.2458 ], [ 77.9455, 13.2438 ], [ 77.9481, 13.2505 ], [ 77.9656, 13.2444 ], [ 77.9642, 13.2322 ], [ 77.956, 13.2279 ], [ 77.9542, 13.2224 ], [ 77.9511, 13.2233 ], [ 77.9463, 13.2183 ], [ 77.9467, 13.2143 ], [ 77.9495, 13.2139 ], [ 77.952, 13.2144 ], [ 77.952, 13.2185 ], [ 77.9577, 13.2184 ], [ 77.9543, 13.2052 ], [ 77.9562, 13.2007 ], [ 77.9613, 13.1995 ], [ 77.9608, 13.1958 ], [ 77.9636, 13.1922 ], [ 77.9611, 13.1829 ], [ 77.9587, 13.1828 ], [ 77.9557, 13.1763 ], [ 77.9553, 13.1644 ], [ 77.9528, 13.1603 ], [ 77.9589, 13.1582 ], [ 77.9575, 13.1529 ], [ 77.9606, 13.1515 ], [ 77.9546, 13.1423 ], [ 77.9578, 13.1307 ], [ 77.9554, 13.1256 ], [ 77.9483, 13.1271 ], [ 77.9439, 13.1233 ], [ 77.9379, 13.1259 ], [ 77.9359, 13.1141 ], [ 77.9394, 13.1094 ], [ 77.9259, 13.1102 ], [ 77.9238, 13.1166 ], [ 77.9151, 13.1174 ], [ 77.9135, 13.1099 ], [ 77.9012, 13.102 ], [ 77.9056, 13.0964 ], [ 77.9117, 13.0943 ], [ 77.9152, 13.0856 ], [ 77.912, 13.0784 ], [ 77.9269, 13.082 ], [ 77.9262, 13.075 ], [ 77.9316, 13.0742 ], [ 77.9384, 13.0784 ], [ 77.9393, 13.0839 ], [ 77.9416, 13.0691 ], [ 77.9381, 13.0667 ], [ 77.9276, 13.0687 ], [ 77.9187, 13.0511 ], [ 77.9149, 13.0494 ], [ 77.9008, 13.0511 ], [ 77.895, 13.055 ], [ 77.8924, 13.0547 ], [ 77.8901, 13.0503 ], [ 77.8949, 13.0459 ], [ 77.8891, 13.0452 ], [ 77.8876, 13.0372 ], [ 77.8937, 13.0351 ], [ 77.8863, 13.0099 ], [ 77.8789, 13.006 ], [ 77.8725, 12.995 ], [ 77.8704, 12.9858 ], [ 77.8714, 12.9737 ], [ 77.8645, 12.9732 ], [ 77.8649, 12.9657 ], [ 77.8714, 12.9607 ], [ 77.867, 12.9505 ], [ 77.8736, 12.9456 ], [ 77.8722, 12.941 ], [ 77.8675, 12.9338 ], [ 77.8575, 12.9353 ], [ 77.8508, 12.9313 ], [ 77.8478, 12.9262 ], [ 77.841, 12.9255 ], [ 77.8386, 12.9224 ], [ 77.8364, 12.9111 ], [ 77.8383, 12.9083 ], [ 77.8423, 12.9082 ], [ 77.8454, 12.9165 ], [ 77.8565, 12.9169 ], [ 77.8604, 12.9158 ], [ 77.8594, 12.9057 ], [ 77.851, 12.8915 ], [ 77.854, 12.8843 ], [ 77.853, 12.8767 ], [ 77.8654, 12.8772 ], [ 77.8676, 12.8677 ], [ 77.8572, 12.869 ], [ 77.8505, 12.8659 ], [ 77.8477, 12.8691 ], [ 77.8388, 12.8694 ], [ 77.8319, 12.8742 ], [ 77.83, 12.8894 ], [ 77.8212, 12.9024 ], [ 77.821, 12.912 ], [ 77.8166, 12.9149 ], [ 77.8168, 12.9217 ], [ 77.8297, 12.9197 ], [ 77.8328, 12.9234 ], [ 77.8318, 12.9256 ], [ 77.8223, 12.9287 ], [ 77.8203, 12.9249 ], [ 77.8163, 12.9257 ], [ 77.8097, 12.9343 ], [ 77.8032, 12.9194 ], [ 77.7977, 12.9186 ], [ 77.7984, 12.9256 ], [ 77.7825, 12.9281 ], [ 77.7769, 12.9322 ], [ 77.778, 12.9358 ], [ 77.775, 12.9395 ], [ 77.7651, 12.9424 ], [ 77.7655, 12.9454 ], [ 77.7727, 12.9515 ], [ 77.7669, 12.9596 ], [ 77.7721, 12.9659 ], [ 77.7776, 12.9682 ], [ 77.7841, 12.9667 ], [ 77.7832, 12.9709 ], [ 77.7786, 12.9706 ], [ 77.7762, 12.9751 ], [ 77.7784, 12.978 ], [ 77.7747, 12.9805 ], [ 77.7769, 12.9852 ], [ 77.7741, 12.9919 ], [ 77.7747, 13.0011 ], [ 77.7726, 13.0025 ], [ 77.7758, 13.0058 ], [ 77.7734, 13.0064 ], [ 77.7741, 13.0132 ], [ 77.7717, 13.0152 ], [ 77.7763, 13.0223 ], [ 77.7779, 13.0301 ], [ 77.7816, 13.0333 ], [ 77.779, 13.0346 ], [ 77.7747, 13.0455 ], [ 77.7766, 13.0478 ], [ 77.7701, 13.0484 ], [ 77.7672, 13.0646 ], [ 77.7583, 13.0737 ], [ 77.7609, 13.0778 ], [ 77.7602, 13.0814 ], [ 77.7656, 13.0815 ], [ 77.7669, 13.0881 ], [ 77.7641, 13.1025 ], [ 77.7665, 13.1076 ], [ 77.7618, 13.1128 ], [ 77.7618, 13.1219 ], [ 77.7591, 13.122 ], [ 77.7638, 13.1274 ], [ 77.7633, 13.1313 ], [ 77.7675, 13.1341 ], [ 77.7657, 13.139 ], [ 77.768, 13.1434 ], [ 77.767, 13.1487 ], [ 77.7741, 13.1552 ], [ 77.7808, 13.1656 ], [ 77.7806, 13.1688 ], [ 77.7832, 13.1694 ], [ 77.7837, 13.1719 ], [ 77.7808, 13.1743 ], [ 77.7834, 13.1836 ], [ 77.7811, 13.1856 ], [ 77.7847, 13.1871 ], [ 77.7879, 13.1939 ], [ 77.7855, 13.1987 ], [ 77.7877, 13.2106 ], [ 77.8121, 13.2062 ], [ 77.8159, 13.2263 ], [ 77.8269, 13.2271 ], [ 77.834, 13.245 ], [ 77.8501, 13.2413 ], [ 77.8485, 13.2205 ], [ 77.85, 13.2187 ], [ 77.8596, 13.22 ], [ 77.8578, 13.2274 ], [ 77.8632, 13.2407 ], [ 77.8651, 13.237 ], [ 77.8768, 13.2342 ], [ 77.8799, 13.2393 ], [ 77.8733, 13.2445 ], [ 77.877, 13.2462 ], [ 77.8798, 13.2521 ], [ 77.8882, 13.25 ], [ 77.8913, 13.2575 ] ] ] } },
{ "type": "Feature", "properties": { "area_id": "KGIS-T-2201", "name_en": "Krishnarajpet", "name_kn": "ಕೃಷ್ಣರಾಜಪೇಟೆ", "level": "block", "parent_id": "KGIS-D-22", "district_en": "Mandya", "lgd_code": "5546" }, "geometry": { "type": "Polygon", "coordinates": [ [ [ 76.4081, 12.8656 ], [ 76.4149, 12.8657 ], [ 76.4166, 12.8597 ], [ 76.4259, 12.8571 ], [ 76.4258, 12.8462 ], [ 76.4204, 12.8432 ], [ 76.4255, 12.8245 ], [ 76.445, 12.8213 ], [ 76.4444, 12.8181 ], [ 76.4507, 12.812 ], [ 76.4507, 12.8096 ], [ 76.4574, 12.8065 ], [ 76.4568, 12.8025 ], [ 76.4616, 12.8021 ], [ 76.4633, 12.8049 ], [ 76.4674, 12.8042 ], [ 76.4696, 12.8009 ], [ 76.4688, 12.7943 ], [ 76.4611, 12.7885 ], [ 76.4568, 12.7886 ], [ 76.4552, 12.7799 ], [ 76.4569, 12.7767 ], [ 76.4664, 12.7745 ], [ 76.4691, 12.7714 ], [ 76.477, 12.7714 ], [ 76.4783, 12.7798 ], [ 76.4895, 12.7847 ], [ 76.4897, 12.7756 ], [ 76.4877, 12.7727 ], [ 76.4897, 12.7654 ], [ 76.4978, 12.7707 ], [ 76.498, 12.779 ], [ 76.4932, 12.7822 ], [ 76.4903, 12.789 ], [ 76.4952, 12.8035 ], [ 76.4915, 12.8068 ], [ 76.5017, 12.8223 ], [ 76.5093, 12.8223 ], [ 76.5181, 12.8269 ], [ 76.517, 12.8339 ], [ 76.5203, 12.8415 ], [ 76.5355, 12.8443 ], [ 76.5467, 12.8414 ], [ 76.5558, 12.8461 ], [ 76.5635, 12.8445 ], [ 76.573, 12.847 ], [ 76.5831, 12.8437 ], [ 76.596, 12.8344 ], [ 76.5973, 12.8303 ], [ 76.5872, 12.8231 ], [ 76.5872, 12.8151 ], [ 76.591, 12.8135 ], [ 76.5939, 12.8176 ], [ 76.6018, 12.8172 ], [ 76.603, 12.8062 ], [ 76.607, 12.7991 ], [ 76.6053, 12.7891 ], [ 76.5966, 12.7881 ], [ 76.5991, 12.7634 ], [ 76.6035, 12.7645 ], [ 76.6021, 12.7519 ], [ 76.5969, 12.7434 ], [ 76.5932, 12.7247 ], [ 76.5986, 12.7264 ], [ 76.6013, 12.725 ], [ 76.6043, 12.7164 ], [ 76.6147, 12.7015 ], [ 76.615, 12.6777 ], [ 76.6101, 12.6779 ], [ 76.6089, 12.6746 ], [ 76.6142, 12.6585 ], [ 76.6132, 12.6457 ], [ 76.6, 12.6512 ], [ 76.6038, 12.6424 ], [ 76.6056, 12.6426 ], [ 76.6066, 12.62 ], [ 76.6021, 12.6082 ], [ 76.6, 12.5769 ], [ 76.5829, 12.5749 ], [ 76.5827, 12.5787 ], [ 76.5718, 12.5816 ], [ 76.5651, 12.577 ], [ 76.5665, 12.5718 ], [ 76.5821, 12.5692 ], [ 76.5858, 12.5543 ], [ 76.5812, 12.555 ], [ 76.5651, 12.5681 ], [ 76.5596, 12.5616 ], [ 76.5543, 12.5487 ], [ 76.5466, 12.5499 ], [ 76.541, 12.5337 ], [ 76.5458, 12.5315 ], [ 76.5456, 12.5273 ], [ 76.5484, 12.5266 ], [ 76.5473, 12.5235 ], [ 76.5284, 12.5257 ], [ 76.524, 12.5164 ], [ 76.5254, 12.5086 ], [ 76.5158, 12.506 ], [ 76.5168, 12.5 ], [ 76.5141, 12.5003 ], [ 76.5156, 12.4924 ], [ 76.5198, 12.4919 ], [ 76.5144, 12.4791 ], [ 76.5176, 12.4737 ], [ 76.5161, 12.47 ], [ 76.5179, 12.4611 ], [ 76.5144, 12.4608 ], [ 76.5132, 12.4537 ], [ 76.5069, 12.4517 ], [ 76.4998, 12.454 ], [ 76.4938, 12.4655 ], [ 76.483, 12.471 ], [ 76.4702, 12.4736 ], [ 76.4513, 12.4859 ], [ 76.4475, 12.5066 ], [ 76.4411, 12.5101 ], [ 76.4364, 12.5232 ], [ 76.4218, 12.5319 ], [ 76.427, 12.5424 ], [ 76.4154, 12.5468 ], [ 76.4115, 12.557 ], [ 76.3956, 12.5503 ], [ 76.3893, 12.5517 ], [ 76.3869, 12.5583 ], [ 76.3957, 12.5703 ], [ 76.3946, 12.5727 ], [ 76.3772, 12.5757 ], [ 76.3701, 12.6058 ], [ 76.3645, 12.6068 ], [ 76.3632, 12.6094 ], [ 76.3641, 12.6268 ], [ 76.3521, 12.6404 ], [ 76.3522, 12.6504 ], [ 76.3426, 12.6549 ], [ 76.3422, 12.6595 ], [ 76.3473, 12.6665 ], [ 76.3493, 12.6687 ], [ 76.3532, 12.668 ], [ 76.3543, 12.685 ], [ 76.3597, 12.6866 ], [ 76.359, 12.6903 ], [ 76.3617, 12.6912 ], [ 76.3618, 12.7116 ], [ 76.3536, 12.7114 ], [ 76.3461, 12.7169 ], [ 76.3448, 12.7303 ], [ 76.3394, 12.7331 ], [ 76.3459, 12.7382 ], [ 76.3458, 12.744 ], [ 76.3512, 12.7421 ], [ 76.355, 12.7439 ], [ 76.3573, 12.7495 ], [ 76.3514, 12.7524 ], [ 76.3425, 12.7625 ], [ 76.3433, 12.7669 ], [ 76.3501, 12.7705 ], [ 76.348, 12.7782 ], [ 76.3497, 12.7861 ], [ 76.3358, 12.7866 ], [ 76.3302, 12.801 ], [ 76.3301, 12.8086 ], [ 76.3318, 12.8119 ], [ 76.3368, 12.8124 ], [ 76.3512, 12.8087 ], [ 76.368, 12.8084 ], [ 76.3709, 12.8153 ], [ 76.3675, 12.825 ], [ 76.3709, 12.8299 ], [ 76.3751, 12.8314 ], [ 76.3772, 12.828 ], [ 76.3822, 12.8306 ], [ 76.388, 12.8408 ], [ 76.3858, 12.8451 ], [ 76.3912, 12.8444 ], [ 76.3975, 12.8475 ], [ 76.4073, 12.8454 ], [ 76.4081, 12.8656 ] ] ] } },
{ "type": "Feature", "properties": { "area_id": "KGIS-T-2202", "name_en": "Nagamangala", "name_kn": "ನಾಗಮಂಗಲ", "level": "block", "parent_id": "KGIS-D-22", "district_en": "Mandya", "lgd_code": "5547" }, "geometry": { "type": "Polygon", "coordinates": [ [ [ 76.674, 13.055 ], [ 76.6936, 13.0371 ], [ 76.7018, 13.042 ], [ 76.7095, 13.0393 ], [ 76.718, 13.0406 ], [ 76.7715, 13.0345 ], [ 76.7824, 13.0305 ], [ 76.7858, 13.0145 ], [ 76.7948, 13.0151 ], [ 76.8062, 13.0121 ], [ 76.8155, 13.0134 ], [ 76.8199, 13.0049 ], [ 76.8291, 13.0022 ], [ 76.8269, 12.9984 ], [ 76.8439, 12.9869 ], [ 76.8452, 12.9831 ], [ 76.8514, 12.9791 ], [ 76.8506, 12.9747 ], [ 76.8394, 12.9731 ], [ 76.8418, 12.9657 ], [ 76.8356, 12.9434 ], [ 76.8423, 12.9415 ], [ 76.8487, 12.944 ], [ 76.8493, 12.9384 ], [ 76.8571, 12.9379 ], [ 76.8626, 12.9344 ], [ 76.862, 12.9283 ], [ 76.8808, 12.9336 ], [ 76.888, 12.9343 ], [ 76.8925, 12.9317 ], [ 76.8937, 12.925 ], [ 76.8971, 12.921 ], [ 76.8903, 12.9188 ], [ 76.8833, 12.9207 ], [ 76.8679, 12.9186 ], [ 76.8646, 12.9135 ], [ 76.8656, 12.9051 ], [ 76.8707, 12.8994 ], [ 76.8728, 12.8997 ], [ 76.8729, 12.8975 ], [ 76.8886, 12.8974 ], [ 76.8922, 12.882 ], [ 76.891, 12.8795 ], [ 76.8935, 12.8755 ], [ 76.8917, 12.8491 ], [ 76.8992, 12.8467 ], [ 76.9066, 12.8342 ], [ 76.9075, 12.8265 ], [ 76.9168, 12.819 ], [ 76.9211, 12.807 ], [ 76.9316, 12.8002 ], [ 76.9243, 12.7951 ], [ 76.9165, 12.7958 ], [ 76.9142, 12.7913 ], [ 76.9115, 12.7913 ], [ 76.911, 12.7835 ], [ 76.9146, 12.7784 ], [ 76.9151, 12.7708 ], [ 76.9108, 12.7683 ], [ 76.912, 12.748 ], [ 76.9068, 12.744 ], [ 76.8951, 12.7505 ], [ 76.8894, 12.7457 ], [ 76.8888, 12.7536 ], [ 76.8808, 12.7561 ], [ 76.8667, 12.7531 ], [ 76.8763, 12.7519 ], [ 76.8759, 12.7497 ], [ 76.8843, 12.7449 ], [ 76.8798, 12.7401 ], [ 76.8722, 12.7444 ], [ 76.8584, 12.7471 ], [ 76.8594, 12.7497 ], [ 76.8428, 12.754 ], [ 76.8412, 12.749 ], [ 76.839, 12.7514 ], [ 76.8206, 12.7485 ], [ 76.8214, 12.7437 ], [ 76.8119, 12.7331 ], [ 76.8057, 12.7306 ], [ 76.798, 12.7381 ], [ 76.7968, 12.7361 ], [ 76.7962, 12.738 ], [ 76.7942, 12.7371 ], [ 76.7921, 12.7418 ], [ 76.7807, 12.7431 ], [ 76.7744, 12.7253 ], [ 76.7685, 12.7206 ], [ 76.7604, 12.7226 ], [ 76.7569, 12.7034 ], [ 76.7545, 12.6985 ], [ 76.7506, 12.6981 ], [ 76.7491, 12.6934 ], [ 76.7555, 12.682 ], [ 76.742, 12.6813 ], [ 76.7317, 12.6771 ], [ 76.731, 12.6841 ], [ 76.7193, 12.6917 ], [ 76.7066, 12.6621 ], [ 76.6983, 12.6664 ], [ 76.6812, 12.668 ], [ 76.6827, 12.6758 ], [ 76.679, 12.6748 ], [ 76.6719, 12.6785 ], [ 76.6741, 12.6923 ], [ 76.662, 12.6982 ], [ 76.6596, 12.6937 ], [ 76.663, 12.7065 ], [ 76.6607, 12.7259 ], [ 76.6397, 12.7254 ], [ 76.631, 12.7215 ], [ 76.6124, 12.7073 ], [ 76.6122, 12.7051 ], [ 76.6013, 12.725 ], [ 76.5986, 12.7264 ], [ 76.5932, 12.7247 ], [ 76.5969, 12.7434 ], [ 76.6021, 12.7519 ], [ 76.6035, 12.7645 ], [ 76.5991, 12.7634 ], [ 76.5966, 12.7881 ], [ 76.6053, 12.7891 ], [ 76.607, 12.7991 ], [ 76.603, 12.8062 ], [ 76.6018, 12.8172 ], [ 76.5939, 12.8176 ], [ 76.591, 12.8135 ], [ 76.5872, 12.8151 ], [ 76.5872, 12.8231 ], [ 76.5973, 12.8303 ], [ 76.596, 12.8344 ], [ 76.5771, 12.8462 ], [ 76.5771, 12.8587 ], [ 76.5747, 12.8655 ], [ 76.5798, 12.8712 ], [ 76.5786, 12.8734 ], [ 76.5837, 12.8733 ], [ 76.596, 12.8802 ], [ 76.5908, 12.89 ], [ 76.5999, 12.9054 ], [ 76.5959, 12.9209 ], [ 76.6027, 12.923 ], [ 76.6056, 12.9388 ], [ 76.6155, 12.9367 ], [ 76.6174, 12.9445 ], [ 76.6174, 12.9535 ], [ 76.6113, 12.958 ], [ 76.6106, 12.9662 ], [ 76.6203, 12.9653 ], [ 76.6314, 12.9722 ], [ 76.6314, 12.9825 ], [ 76.6341, 12.9812 ], [ 76.6345, 12.9841 ], [ 76.6328, 12.9929 ], [ 76.6303, 12.9935 ], [ 76.632, 13.0039 ], [ 76.6393, 13.0093 ], [ 76.6431, 13.0093 ], [ 76.6453, 13.0057 ], [ 76.6531, 13.0076 ], [ 76.658, 13.0137 ], [ 76.6588, 13.0239 ], [ 76.6669, 13.0383 ], [ 76.6706, 13.0551 ], [ 76.674, 13.055 ] ] ] } },
{ "type": "Feature", "properties": { "area_id": "KGIS-T-2203", "name_en": "Pandavpura", "name_kn": "ಪಾಂಡವಪುರ", "level": "block", "parent_id": "KGIS-D-22", "district_en": "Mandya", "lgd_code": "5548" }, "geometry": { "type": "Polygon", "coordinates": [ [ [ 76.6607, 12.7259 ], [ 76.663, 12.7065 ], [ 76.6596, 12.6937 ], [ 76.662, 12.6982 ], [ 76.6741, 12.6923 ], [ 76.6719, 12.6785 ], [ 76.679, 12.6748 ], [ 76.6827, 12.6758 ], [ 76.6812, 12.668 ], [ 76.7026, 12.665 ], [ 76.7024, 12.6631 ], [ 76.714, 12.6584 ], [ 76.7242, 12.649 ], [ 76.7344, 12.6471 ], [ 76.7363, 12.6342 ], [ 76.7334, 12.6239 ], [ 76.7354, 12.6195 ], [ 76.7309, 12.6146 ], [ 76.73, 12.6033 ], [ 76.7337, 12.5938 ], [ 76.741, 12.5895 ], [ 76.7477, 12.5903 ], [ 76.7595, 12.5874 ], [ 76.7569, 12.5745 ], [ 76.7626, 12.5363 ], [ 76.7963, 12.525 ], [ 76.7979, 12.5205 ], [ 76.7954, 12.5166 ], [ 76.7805, 12.5159 ], [ 76.7669, 12.5255 ], [ 76.7639, 12.5027 ], [ 76.7545, 12.4829 ], [ 76.7474, 12.4811 ], [ 76.7343, 12.4855 ], [ 76.7304, 12.4823 ], [ 76.7292, 12.4841 ], [ 76.7209, 12.4823 ], [ 76.7216, 12.4788 ], [ 76.7166, 12.4766 ], [ 76.7144, 12.4793 ], [ 76.7037, 12.4792 ], [ 76.7013, 12.4818 ], [ 76.7019, 12.4858 ], [ 76.6963, 12.4865 ], [ 76.6965, 12.4825 ], [ 76.6933, 12.4823 ], [ 76.6928, 12.4798 ], [ 76.6973, 12.4766 ], [ 76.6964, 12.4723 ], [ 76.6947, 12.4705 ], [ 76.6849, 12.4731 ], [ 76.685, 12.4663 ], [ 76.6876, 12.4643 ], [ 76.6856, 12.4588 ], [ 76.6782, 12.459 ], [ 76.6764, 12.4661 ], [ 76.671, 12.4688 ], [ 76.6603, 12.4693 ], [ 76.6628, 12.4512 ], [ 76.6675, 12.4435 ], [ 76.6586, 12.4429 ], [ 76.6577, 12.4354 ], [ 76.6609, 12.4343 ], [ 76.6618, 12.4299 ], [ 76.6537, 12.4242 ], [ 76.6493, 12.4264 ], [ 76.6497, 12.4292 ], [ 76.6341, 12.4239 ], [ 76.6155, 12.4212 ], [ 76.6088, 12.4264 ], [ 76.594, 12.4216 ], [ 76.5652, 12.4259 ], [ 76.549, 12.4391 ], [ 76.5313, 12.4423 ], [ 76.5132, 12.4537 ], [ 76.5144, 12.4608 ], [ 76.5179, 12.4611 ], [ 76.5161, 12.47 ], [ 76.5176, 12.4737 ], [ 76.5144, 12.4791 ], [ 76.5198, 12.4919 ], [ 76.5156, 12.4924 ], [ 76.5141, 12.5003 ], [ 76.5168, 12.5 ], [ 76.5158, 12.506 ], [ 76.5254, 12.5086 ], [ 76.524, 12.5164 ], [ 76.5284, 12.5257 ], [ 76.5473, 12.5235 ], [ 76.5484, 12.5266 ], [ 76.5456, 12.5273 ], [ 76.5458, 12.5315 ], [ 76.541, 12.5337 ], [ 76.5453, 12.548 ], [ 76.5475, 12.5501 ], [ 76.5543, 12.5487 ], [ 76.5596, 12.5616 ], [ 76.5651, 12.5681 ], [ 76.5812, 12.555 ], [ 76.5858, 12.5543 ], [ 76.5821, 12.5692 ], [ 76.5665, 12.5718 ], [ 76.5651, 12.577 ], [ 76.5718, 12.5816 ], [ 76.5827, 12.5787 ], [ 76.5829, 12.5749 ], [ 76.6, 12.5769 ], [ 76.6021, 12.6082 ], [ 76.6066, 12.62 ], [ 76.6056, 12.6426 ], [ 76.6038, 12.6424 ], [ 76.6, 12.6512 ], [ 76.6132, 12.6457 ], [ 76.6142, 12.6585 ], [ 76.6089, 12.6746 ], [ 76.6101, 12.6779 ], [ 76.615, 12.6777 ], [ 76.6147, 12.7015 ], [ 76.6124, 12.7073 ], [ 76.631, 12.7215 ], [ 76.6397, 12.7254 ], [ 76.6607, 12.7259 ] ] ] } },
{ "type": "Feature", "properties": { "area_id": "KGIS-T-2204", "name_en": "Srirangapatna", "name_kn": "ಶ್ರೀರಂಗಪಟ್ಟಣ", "level": "block", "parent_id": "KGIS-D-22", "district_en": "Mandya", "lgd_code": null }, "geometry": { "type": "Polygon", "coordinates": [ [ [ 76.768, 12.4993 ], [ 76.7759, 12.4948 ], [ 76.7762, 12.4736 ], [ 76.7913, 12.4783 ], [ 76.8014, 12.4734 ], [ 76.8039, 12.468 ], [ 76.8084, 12.4673 ], [ 76.8086, 12.4644 ], [ 76.8127, 12.4622 ], [ 76.8198, 12.463 ], [ 76.8211, 12.4676 ], [ 76.8185, 12.4829 ], [ 76.8261, 12.4841 ], [ 76.8282, 12.4877 ], [ 76.8355, 12.4869 ], [ 76.837, 12.4778 ], [ 76.8429, 12.475 ], [ 76.8414, 12.4652 ], [ 76.8498, 12.4646 ], [ 76.8529, 12.468 ], [ 76.8664, 12.4675 ], [ 76.8626, 12.4604 ], [ 76.8596, 12.445 ], [ 76.8692, 12.4375 ], [ 76.8801, 12.4427 ], [ 76.8776, 12.4524 ], [ 76.8879, 12.4546 ], [ 76.9027, 12.4495 ], [ 76.9064, 12.4391 ], [ 76.9039, 12.4269 ], [ 76.9066, 12.422 ], [ 76.9003, 12.4201 ], [ 76.8982, 12.4152 ], [ 76.9001, 12.4094 ], [ 76.8803, 12.4056 ], [ 76.8809, 12.4007 ], [ 76.8631, 12.4005 ], [ 76.8609, 12.4091 ], [ 76.859, 12.4096 ], [ 76.8554, 12.4079 ], [ 76.8539, 12.4096 ], [ 76.8477, 12.402 ], [ 76.8322, 12.4026 ], [ 76.8318, 12.3971 ], [ 76.835, 12.3952 ], [ 76.834, 12.3845 ], [ 76.8282, 12.3871 ], [ 76.8145, 12.3868 ], [ 76.812, 12.3661 ], [ 76.8083, 12.3602 ], [ 76.8034, 12.3705 ], [ 76.7968, 12.3655 ], [ 76.8006, 12.3556 ], [ 76.7944, 12.3544 ], [ 76.7911, 12.3472 ], [ 76.783, 12.3477 ], [ 76.7812, 12.3521 ], [ 76.766, 12.3513 ], [ 76.7618, 12.3382 ], [ 76.7643, 12.3281 ], [ 76.7627, 12.3154 ], [ 76.7648, 12.3125 ], [ 76.7532, 12.3018 ], [ 76.7483, 12.3084 ], [ 76.7438, 12.3101 ], [ 76.7434, 12.3203 ], [ 76.7414, 12.3218 ], [ 76.736, 12.3228 ], [ 76.7321, 12.3155 ], [ 76.73, 12.3428 ], [ 76.717, 12.3519 ], [ 76.7182, 12.3567 ], [ 76.7137, 12.3574 ], [ 76.6986, 12.3504 ], [ 76.6879, 12.3632 ], [ 76.6879, 12.3661 ], [ 76.6812, 12.3679 ], [ 76.6864, 12.3828 ], [ 76.6816, 12.3866 ], [ 76.6829, 12.3914 ], [ 76.6713, 12.3915 ], [ 76.6638, 12.3865 ], [ 76.6562, 12.3963 ], [ 76.6522, 12.3948 ], [ 76.6469, 12.3971 ], [ 76.6421, 12.3945 ], [ 76.6413, 12.3848 ], [ 76.6336, 12.3834 ], [ 76.6274, 12.3768 ], [ 76.6257, 12.3691 ], [ 76.5951, 12.3678 ], [ 76.5917, 12.363 ], [ 76.5886, 12.3637 ], [ 76.5903, 12.3686 ], [ 76.5873, 12.3705 ], [ 76.5871, 12.3752 ], [ 76.5794, 12.3724 ], [ 76.5696, 12.3733 ], [ 76.5654, 12.3784 ], [ 76.5658, 12.3819 ], [ 76.5607, 12.384 ], [ 76.5592, 12.3901 ], [ 76.5545, 12.3912 ], [ 76.5574, 12.4011 ], [ 76.5657, 12.3992 ], [ 76.5695, 12.4259 ], [ 76.594, 12.4216 ], [ 76.6088, 12.4264 ], [ 76.6155, 12.4212 ], [ 76.6341, 12.4239 ], [ 76.6497, 12.4292 ], [ 76.6493, 12.4264 ], [ 76.6537, 12.4242 ], [ 76.6618, 12.4299 ], [ 76.6609, 12.4343 ], [ 76.6577, 12.4354 ], [ 76.6586, 12.4429 ], [ 76.6675, 12.4435 ], [ 76.6628, 12.4512 ], [ 76.6603, 12.4693 ], [ 76.671, 12.4688 ], [ 76.6764, 12.4661 ], [ 76.6782, 12.459 ], [ 76.6856, 12.4588 ], [ 76.6876, 12.4643 ], [ 76.685, 12.4663 ], [ 76.6849, 12.4731 ], [ 76.6947, 12.4705 ], [ 76.6964, 12.4723 ], [ 76.6973, 12.4766 ], [ 76.6928, 12.4798 ], [ 76.6933, 12.4823 ], [ 76.6965, 12.4825 ], [ 76.6963, 12.4865 ], [ 76.7019, 12.4858 ], [ 76.7013, 12.4818 ], [ 76.7037, 12.4792 ], [ 76.7144, 12.4793 ], [ 76.7166, 12.4766 ], [ 76.7216, 12.4788 ], [ 76.7209, 12.4823 ], [ 76.7292, 12.4841 ], [ 76.7304, 12.4823 ], [ 76.7343, 12.4855 ], [ 76.7474, 12.4811 ], [ 76.7545, 12.4829 ], [ 76.7619, 12.4987 ], [ 76.768, 12.4993 ] ] ] } },
{ "type": "Feature", "properties": { "area_id": "KGIS-T-2205", "name_en": "Mandya", "name_kn": "ಮಂಡ್ಯ", "level": "block", "parent_id": "KGIS-D-22", "district_en": "Mandya", "lgd_code": "5550" }, "geometry": { "type": "Polygon", "coordinates": [ [ [ 76.8826, 12.755 ], [ 76.89, 12.752 ], [ 76.8894, 12.7457 ], [ 76.8951, 12.7505 ], [ 76.906, 12.745 ], [ 76.9032, 12.7381 ], [ 76.8958, 12.7302 ], [ 76.906, 12.7247 ], [ 76.9156, 12.7147 ], [ 76.9243, 12.7153 ], [ 76.934, 12.7086 ], [ 76.9351, 12.7108 ], [ 76.9476, 12.7079 ], [ 76.9464, 12.7021 ], [ 76.936, 12.7032 ], [ 76.9303, 12.6897 ], [ 76.9212, 12.6908 ], [ 76.9186, 12.6737 ], [ 76.9217, 12.6734 ], [ 76.9234, 12.665 ], [ 76.9297, 12.6585 ], [ 76.9413, 12.662 ], [ 76.9451, 12.6662 ], [ 76.9581, 12.6605 ], [ 76.9595, 12.6535 ], [ 76.9655, 12.6448 ], [ 76.97, 12.6275 ], [ 76.9813, 12.6272 ], [ 76.9861, 12.6111 ], [ 76.9836, 12.6029 ], [ 76.9862, 12.6018 ], [ 76.9836, 12.5994 ], [ 76.9943, 12.6002 ], [ 76.9965, 12.593 ], [ 76.9967, 12.5847 ], [ 76.9865, 12.5811 ], [ 76.9888, 12.5553 ], [ 76.997, 12.5562 ], [ 77.0003, 12.5378 ], [ 77.0116, 12.5358 ], [ 77.0133, 12.5299 ], [ 77.013, 12.5255 ], [ 77.0036, 12.524 ], [ 77.0025, 12.5207 ], [ 76.9984, 12.5193 ], [ 76.9984, 12.5161 ], [ 76.9951, 12.5148 ], [ 76.987, 12.522 ], [ 76.9732, 12.5218 ], [ 76.9787, 12.5059 ], [ 76.9715, 12.5008 ], [ 76.9673, 12.5009 ], [ 76.9669, 12.4987 ], [ 76.9581, 12.4982 ], [ 76.9541, 12.4956 ], [ 76.9541, 12.485 ], [ 76.9566, 12.4795 ], [ 76.9554, 12.4716 ], [ 76.9486, 12.472 ], [ 76.9424, 12.4676 ], [ 76.9427, 12.4638 ], [ 76.95, 12.4587 ], [ 76.948, 12.4469 ], [ 76.9411, 12.4479 ], [ 76.9385, 12.4518 ], [ 76.928, 12.4504 ], [ 76.9284, 12.4483 ], [ 76.9225, 12.4445 ], [ 76.9222, 12.4417 ], [ 76.9164, 12.4392 ], [ 76.9102, 12.4397 ], [ 76.9067, 12.4368 ], [ 76.9027, 12.4495 ], [ 76.8879, 12.4546 ], [ 76.8776, 12.4524 ], [ 76.8801, 12.4427 ], [ 76.8692, 12.4375 ], [ 76.8596, 12.445 ], [ 76.8626, 12.4604 ], [ 76.8664, 12.4675 ], [ 76.8529, 12.468 ], [ 76.8498, 12.4646 ], [ 76.8414, 12.4652 ], [ 76.8429, 12.475 ], [ 76.837, 12.4778 ], [ 76.8355, 12.4869 ], [ 76.8282, 12.4877 ], [ 76.8261, 12.4841 ], [ 76.8185, 12.4829 ], [ 76.8209, 12.4713 ], [ 76.8198, 12.463 ], [ 76.8095, 12.4639 ], [ 76.8084, 12.4673 ], [ 76.8039, 12.468 ], [ 76.8014, 12.4734 ], [ 76.7913, 12.4783 ], [ 76.7762, 12.4736 ], [ 76.7759, 12.4948 ], [ 76.7673, 12.4996 ], [ 76.7626, 12.4991 ], [ 76.7669, 12.5255 ], [ 76.7814, 12.5158 ], [ 76.7954, 12.5166 ], [ 76.798, 12.5241 ], [ 76.7626, 12.5363 ], [ 76.7569, 12.5745 ], [ 76.7595, 12.5874 ], [ 76.7477, 12.5903 ], [ 76.741, 12.5895 ], [ 76.7337, 12.5938 ], [ 76.73, 12.6033 ], [ 76.7309, 12.6146 ], [ 76.7354, 12.6195 ], [ 76.7334, 12.6239 ], [ 76.7363, 12.6342 ], [ 76.7344, 12.6471 ], [ 76.7242, 12.649 ], [ 76.7182, 12.6554 ], [ 76.7066, 12.6621 ], [ 76.7193, 12.6917 ], [ 76.731, 12.6841 ], [ 76.7317, 12.6771 ], [ 76.742, 12.6813 ], [ 76.7555, 12.682 ], [ 76.7491, 12.6934 ], [ 76.7506, 12.6981 ], [ 76.7545, 12.6985 ], [ 76.7569, 12.7034 ], [ 76.7604, 12.7226 ], [ 76.7685, 12.7206 ], [ 76.7744, 12.7253 ], [ 76.7807, 12.7431 ], [ 76.7921, 12.7418 ], [ 76.7942, 12.7371 ], [ 76.7962, 12.738 ], [ 76.7968, 12.7361 ], [ 76.798, 12.7381 ], [ 76.8057, 12.7306 ], [ 76.8119, 12.7331 ], [ 76.8214, 12.7437 ], [ 76.8206, 12.7485 ], [ 76.839, 12.7514 ], [ 76.8412, 12.749 ], [ 76.8428, 12.754 ], [ 76.8821, 12.7406 ], [ 76.8843, 12.7449 ], [ 76.8759, 12.7497 ], [ 76.8763, 12.7519 ], [ 76.8665, 12.7521 ], [ 76.8826, 12.755 ] ] ] } },
{ "type": "Feature", "properties": { "area_id": "KGIS-T-2206", "name_en": "Maddur", "name_kn": "ಮದ್ದೂರು", "level": "block", "parent_id": "KGIS-D-22", "district_en": "Mandya", "lgd_code": "5551" }, "geometry": { "type": "Polygon", "coordinates": [ [ [ 76.9497, 12.8002 ], [ 76.9609, 12.8028 ], [ 76.9717, 12.8019 ], [ 76.9765, 12.7925 ], [ 76.9907, 12.7878 ], [ 76.9987, 12.7771 ], [ 77.0096, 12.7809 ], [ 77.0067, 12.7716 ], [ 77.0086, 12.7639 ], [ 77.026, 12.7625 ], [ 77.0271, 12.7656 ], [ 77.0357, 12.7695 ], [ 77.0441, 12.7777 ], [ 77.049, 12.7476 ], [ 77.057, 12.7527 ], [ 77.0598, 12.7521 ], [ 77.0609, 12.7554 ], [ 77.0678, 12.7592 ], [ 77.0714, 12.757 ], [ 77.0762, 12.7458 ], [ 77.0808, 12.7474 ], [ 77.0819, 12.7453 ], [ 77.0817, 12.7312 ], [ 77.0738, 12.7033 ], [ 77.0731, 12.6922 ], [ 77.0756, 12.6835 ], [ 77.0741, 12.6786 ], [ 77.0994, 12.6732 ], [ 77.1012, 12.6289 ], [ 77.1176, 12.6282 ], [ 77.1227, 12.6222 ], [ 77.1223, 12.619 ], [ 77.1111, 12.6161 ], [ 77.1082, 12.6077 ], [ 77.1102, 12.5967 ], [ 77.1151, 12.5958 ], [ 77.1168, 12.5807 ], [ 77.1188, 12.5766 ], [ 77.1283, 12.5699 ], [ 77.1294, 12.5632 ], [ 77.1282, 12.5541 ], [ 77.1154, 12.555 ], [ 77.1139, 12.5527 ], [ 77.115, 12.5433 ], [ 77.122, 12.5401 ], [ 77.1268, 12.53 ], [ 77.1253, 12.5236 ], [ 77.1329, 12.5165 ], [ 77.1309, 12.4982 ], [ 77.1249, 12.4892 ], [ 77.1247, 12.4848 ], [ 77.125, 12.4799 ], [ 77.1324, 12.4796 ], [ 77.1357, 12.4698 ], [ 77.1325, 12.4695 ], [ 77.1293, 12.4611 ], [ 77.13, 12.4551 ], [ 77.1252, 12.4519 ], [ 77.1244, 12.4391 ], [ 77.1191, 12.4389 ], [ 77.1173, 12.441 ], [ 77.1161, 12.4373 ], [ 77.1034, 12.4366 ], [ 77.1014, 12.4389 ], [ 77.0757, 12.4411 ], [ 77.074, 12.4508 ], [ 77.0686, 12.4515 ], [ 77.0408, 12.4463 ], [ 77.0365, 12.4437 ], [ 77.0329, 12.4466 ], [ 77.0252, 12.4442 ], [ 77.0047, 12.4439 ], [ 76.9983, 12.4422 ], [ 76.9958, 12.439 ], [ 76.9843, 12.4381 ], [ 76.9861, 12.4214 ], [ 76.9814, 12.4164 ], [ 76.9678, 12.4183 ], [ 76.9672, 12.4206 ], [ 76.974, 12.4421 ], [ 76.9479, 12.447 ], [ 76.95, 12.4587 ], [ 76.9427, 12.4638 ], [ 76.9424, 12.4676 ], [ 76.9486, 12.472 ], [ 76.9554, 12.4716 ], [ 76.9566, 12.4795 ], [ 76.9541, 12.485 ], [ 76.9541, 12.4956 ], [ 76.9581, 12.4982 ], [ 76.9669, 12.4987 ], [ 76.9673, 12.5009 ], [ 76.9715, 12.5008 ], [ 76.9787, 12.5059 ], [ 76.9732, 12.5218 ], [ 76.987, 12.522 ], [ 76.9951, 12.5148 ], [ 76.9984, 12.5161 ], [ 76.9984, 12.5193 ], [ 77.0025, 12.5207 ], [ 77.0036, 12.524 ], [ 77.013, 12.5255 ], [ 77.0133, 12.5299 ], [ 77.0116, 12.5358 ], [ 77.0003, 12.5378 ], [ 76.997, 12.5562 ], [ 76.9888, 12.5553 ], [ 76.9865, 12.5811 ], [ 76.9967, 12.5847 ], [ 76.9965, 12.593 ], [ 76.9943, 12.6002 ], [ 76.9836, 12.5994 ], [ 76.9862, 12.6018 ], [ 76.9836, 12.6029 ], [ 76.9861, 12.6111 ], [ 76.9813, 12.6272 ], [ 76.97, 12.6275 ], [ 76.9655, 12.6448 ], [ 76.9595, 12.6535 ], [ 76.9581, 12.6605 ], [ 76.9451, 12.6662 ], [ 76.9413, 12.662 ], [ 76.9297, 12.6585 ], [ 76.9234, 12.665 ], [ 76.9217, 12.6734 ], [ 76.9186, 12.6737 ], [ 76.9212, 12.6908 ], [ 76.9303, 12.6897 ], [ 76.936, 12.7032 ], [ 76.9464, 12.7021 ], [ 76.9476, 12.7079 ], [ 76.9351, 12.7108 ], [ 76.934, 12.7086 ], [ 76.9243, 12.7153 ], [ 76.9156, 12.7147 ], [ 76.906, 12.7247 ], [ 76.8958, 12.7302 ], [ 76.912, 12.748 ], [ 76.9108, 12.7683 ], [ 76.9151, 12.7708 ], [ 76.9146, 12.7784 ], [ 76.911, 12.7835 ], [ 76.912, 12.7921 ], [ 76.9142, 12.7913 ], [ 76.9165, 12.7958 ], [ 76.9239, 12.7949 ], [ 76.9316, 12.8002 ], [ 76.9352, 12.7993 ], [ 76.9419, 12.8047 ], [ 76.9497, 12.8002 ] ] ] } },
{ "type": "Feature", "properties": { "area_id": "KGIS-T-2207", "name_en": "Malavalli", "name_kn": "ಮಳವಳ್ಳಿ", "level": "block", "parent_id": "KGIS-D-22", "district_en": "Mandya", "lgd_code": "5552" }, "geometry": { "type": "MultiPolygon", "coordinates": [ [ [ [ 76.9789, 12.2754 ], [ 76.9858, 12.2644 ], [ 76.9842, 12.2594 ], [ 76.9823, 12.2563 ], [ 76.9722, 12.2535 ], [ 76.969, 12.2601 ], [ 76.9689, 12.2775 ], [ 76.9789, 12.2754 ] ] ], [ [ [ 77.2253, 12.502 ], [ 77.2386, 12.5002 ], [ 77.239, 12.4888 ], [ 77.2343, 12.4867 ], [ 77.2261, 12.4894 ], [ 77.2254, 12.4747 ], [ 77.227, 12.4747 ], [ 77.2269, 12.4793 ], [ 77.2301, 12.4796 ], [ 77.2298, 12.4823 ], [ 77.23, 12.4842 ], [ 77.2334, 12.4841 ], [ 77.236, 12.4823 ], [ 77.2363, 12.4709 ], [ 77.2547, 12.4701 ], [ 77.2575, 12.4636 ], [ 77.2651, 12.462 ], [ 77.2694, 12.4648 ], [ 77.2751, 12.4372 ], [ 77.2697, 12.4342 ], [ 77.2736, 12.43 ], [ 77.2852, 12.4288 ], [ 77.2862, 12.4211 ], [ 77.2817, 12.4215 ], [ 77.284, 12.4113 ], [ 77.2818, 12.4071 ], [ 77.284, 12.4069 ], [ 77.285, 12.3939 ], [ 77.3122, 12.3923 ], [ 77.3324, 12.3537 ], [ 77.3245, 12.3282 ], [ 77.325, 12.306 ], [ 77.315, 12.3037 ], [ 77.3119, 12.2986 ], [ 77.306, 12.2967 ], [ 77.2895, 12.302 ], [ 77.2697, 12.3125 ], [ 77.264, 12.3128 ], [ 77.2494, 12.3059 ], [ 77.2375, 12.309 ], [ 77.2245, 12.3021 ], [ 77.2186, 12.3038 ], [ 77.2145, 12.308 ], [ 77.1921, 12.3058 ], [ 77.1668, 12.3102 ], [ 77.1698, 12.3 ], [ 77.1698, 12.2851 ], [ 77.1665, 12.281 ], [ 77.1666, 12.2741 ], [ 77.1701, 12.265 ], [ 77.167, 12.2555 ], [ 77.1573, 12.2556 ], [ 77.1438, 12.2473 ], [ 77.1324, 12.2474 ], [ 77.1261, 12.2429 ], [ 77.1071, 12.2409 ], [ 77.1053, 12.2197 ], [ 77.0912, 12.2198 ], [ 77.0884, 12.2176 ], [ 77.0826, 12.2211 ], [ 77.0771, 12.2195 ], [ 77.0779, 12.2362 ], [ 77.0693, 12.2374 ], [ 77.0687, 12.2344 ], [ 77.0643, 12.2326 ], [ 77.053, 12.2386 ], [ 77.0497, 12.2381 ], [ 77.0456, 12.2326 ], [ 77.0373, 12.2338 ], [ 77.0352, 12.2319 ], [ 77.0122, 12.2414 ], [ 76.9962, 12.2398 ], [ 76.9939, 12.2515 ], [ 76.9891, 12.257 ], [ 76.9893, 12.2763 ], [ 76.9909, 12.2772 ], [ 76.9895, 12.2876 ], [ 76.9836, 12.2865 ], [ 76.9805, 12.2892 ], [ 76.9713, 12.2907 ], [ 76.9773, 12.3076 ], [ 76.9806, 12.3075 ], [ 76.9868, 12.3018 ], [ 76.9929, 12.3018 ], [ 76.9975, 12.3136 ], [ 76.9908, 12.3147 ], [ 76.9909, 12.3173 ], [ 76.9873, 12.3198 ], [ 76.987, 12.3333 ], [ 76.9807, 12.3279 ], [ 76.9765, 12.328 ], [ 76.9766, 12.3546 ], [ 76.9711, 12.3528 ], [ 76.9582, 12.3546 ], [ 76.9565, 12.3527 ], [ 76.9607, 12.3349 ], [ 76.9592, 12.328 ], [ 76.9536, 12.3278 ], [ 76.9533, 12.3306 ], [ 76.9475, 12.3313 ], [ 76.9356, 12.3246 ], [ 76.9223, 12.3224 ], [ 76.928, 12.3266 ], [ 76.9316, 12.338 ], [ 76.9284, 12.3392 ], [ 76.9254, 12.3448 ], [ 76.9237, 12.3532 ], [ 76.9392, 12.3542 ], [ 76.9361, 12.3699 ], [ 76.9376, 12.401 ], [ 76.9261, 12.4184 ], [ 76.9254, 12.4221 ], [ 76.9285, 12.4229 ], [ 76.9283, 12.4274 ], [ 76.9221, 12.4417 ], [ 76.9225, 12.4445 ], [ 76.9284, 12.4483 ], [ 76.928, 12.4504 ], [ 76.9385, 12.4518 ], [ 76.9431, 12.4474 ], [ 76.9529, 12.4475 ], [ 76.974, 12.4421 ], [ 76.9672, 12.4206 ], [ 76.9678, 12.4183 ], [ 76.9814, 12.4164 ], [ 76.9861, 12.4214 ], [ 76.9843, 12.4381 ], [ 76.9958, 12.439 ], [ 76.9983, 12.4422 ], [ 77.0047, 12.4439 ], [ 77.0252, 12.4442 ], [ 77.0329, 12.4466 ], [ 77.0365, 12.4437 ], [ 77.0585, 12.4505 ], [ 77.0724, 12.4513 ], [ 77.0757, 12.4411 ], [ 77.1014, 12.4389 ], [ 77.1034, 12.4366 ], [ 77.1161, 12.4373 ], [ 77.1173, 12.441 ], [ 77.1191, 12.4389 ], [ 77.1244, 12.4391 ], [ 77.1252, 12.4519 ], [ 77.13, 12.4551 ], [ 77.1293, 12.4611 ], [ 77.1325, 12.4695 ], [ 77.1357, 12.4698 ], [ 77.1404, 12.4642 ], [ 77.1467, 12.4621 ], [ 77.1575, 12.4756 ], [ 77.1648, 12.4751 ], [ 77.1695, 12.4839 ], [ 77.1753, 12.4829 ], [ 77.1779, 12.4789 ], [ 77.1926, 12.4821 ], [ 77.1979, 12.4834 ], [ 77.2007, 12.4915 ], [ 77.2056, 12.491 ], [ 77.2053, 12.4854 ], [ 77.2135, 12.4849 ], [ 77.2162, 12.4921 ], [ 77.222, 12.4922 ], [ 77.2253, 12.502 ] ], [ [ 77.2873, 12.354 ], [ 77.2935, 12.3533 ], [ 77.2949, 12.3574 ], [ 77.289, 12.3618 ], [ 77.2873, 12.354 ] ], [ [ 77.3012, 12.3202 ], [ 77.3003, 12.3156 ], [ 77.3041, 12.3158 ], [ 77.3012, 12.3202 ] ], [ [ 77.2925, 12.3686 ], [ 77.2923, 12.371 ], [ 77.29, 12.3712 ], [ 77.2905, 12.3688 ], [ 77.2925, 12.3686 ] ] ], [ [ [ 76.9104, 12.3837 ], [ 76.9229, 12.3824 ], [ 76.9224, 12.374 ], [ 76.9177, 12.3674 ], [ 76.9199, 12.3599 ], [ 76.9069, 12.3561 ], [ 76.8982, 12.3568 ], [ 76.8989, 12.3744 ], [ 76.9082, 12.376 ], [ 76.9104, 12.3837 ] ] ] ] } },
{ "type": "Feature", "properties": { "area_id": "KGIS-T-2301", "name_en": "Sakleshpura", "name_kn": "ಸಕಲೇಶಪುರ", "level": "block", "parent_id": "KGIS-D-23", "district_en": "Hassan", "lgd_code": "5553" }, "geometry": { "type": "Polygon", "coordinates": [ [ [ 75.6957, 13.0449 ], [ 75.6968, 13.0369 ], [ 75.7102, 13.0371 ], [ 75.7169, 13.0309 ], [ 75.7255, 13.0318 ], [ 75.7235, 13.0282 ], [ 75.7281, 13.0229 ], [ 75.7254, 13.0188 ], [ 75.7307, 13.0176 ], [ 75.7367, 13.0103 ], [ 75.7353, 13.0048 ], [ 75.742, 13.0007 ], [ 75.7408, 12.9942 ], [ 75.746, 12.9954 ], [ 75.7458, 12.9916 ], [ 75.7533, 12.9824 ], [ 75.7613, 12.9757 ], [ 75.7658, 12.9758 ], [ 75.7663, 12.9707 ], [ 75.7704, 12.9731 ], [ 75.774, 12.9856 ], [ 75.7796, 12.9889 ], [ 75.7861, 13.0011 ], [ 75.7967, 13.0041 ], [ 75.7991, 13.013 ], [ 75.7947, 13.0189 ], [ 75.7942, 13.027 ], [ 75.8022, 13.0402 ], [ 75.8061, 13.0406 ], [ 75.816, 13.0341 ], [ 75.8267, 13.0395 ], [ 75.8323, 13.0392 ], [ 75.8358, 13.0355 ], [ 75.8391, 13.0358 ], [ 75.8397, 13.0379 ], [ 75.845, 13.0358 ], [ 75.8469, 13.0326 ], [ 75.8457, 13.0226 ], [ 75.8501, 13.0127 ], [ 75.8538, 13.0125 ], [ 75.8576, 13.0195 ], [ 75.862, 13.0187 ], [ 75.865, 13.0209 ], [ 75.8655, 13.016 ], [ 75.871, 13.0179 ], [ 75.8719, 13.011 ], [ 75.8748, 13.0112 ], [ 75.8811, 13.003 ], [ 75.8774, 12.995 ], [ 75.8805, 12.9922 ], [ 75.8815, 12.9866 ], [ 75.8832, 12.9872 ], [ 75.8828, 12.983 ], [ 75.8991, 12.9749 ], [ 75.8967, 12.9695 ], [ 75.8976, 12.9631 ], [ 75.9073, 12.9561 ], [ 75.9055, 12.9485 ], [ 75.9102, 12.9416 ], [ 75.9028, 12.9363 ], [ 75.9028, 12.9289 ], [ 75.8959, 12.9238 ], [ 75.8897, 12.9115 ], [ 75.8727, 12.9112 ], [ 75.866, 12.9043 ], [ 75.8568, 12.8759 ], [ 75.8518, 12.8762 ], [ 75.8477, 12.8735 ], [ 75.8366, 12.8747 ], [ 75.837, 12.8813 ], [ 75.8299, 12.881 ], [ 75.8308, 12.8792 ], [ 75.8237, 12.8768 ], [ 75.8314, 12.8642 ], [ 75.8318, 12.8535 ], [ 75.8339, 12.8559 ], [ 75.8378, 12.8554 ], [ 75.8427, 12.848 ], [ 75.8412, 12.8434 ], [ 75.8481, 12.838 ], [ 75.849, 12.8332 ], [ 75.8538, 12.8325 ], [ 75.8529, 12.8216 ], [ 75.8634, 12.8188 ], [ 75.8654, 12.8113 ], [ 75.8635, 12.808 ], [ 75.8669, 12.8056 ], [ 75.8633, 12.7954 ], [ 75.869, 12.7831 ], [ 75.8744, 12.7768 ], [ 75.8776, 12.777 ], [ 75.8726, 12.7743 ], [ 75.8758, 12.7727 ], [ 75.8732, 12.7697 ], [ 75.8654, 12.7682 ], [ 75.8579, 12.7702 ], [ 75.8597, 12.7573 ], [ 75.849, 12.7499 ], [ 75.8547, 12.7367 ], [ 75.8515, 12.7304 ], [ 75.853, 12.7247 ], [ 75.8617, 12.7175 ], [ 75.8702, 12.7151 ], [ 75.8733, 12.7094 ], [ 75.8849, 12.7079 ], [ 75.8855, 12.6997 ], [ 75.8899, 12.6935 ], [ 75.8861, 12.6745 ], [ 75.8768, 12.6716 ], [ 75.8674, 12.6745 ], [ 75.853, 12.6694 ], [ 75.8463, 12.6722 ], [ 75.8433, 12.6686 ], [ 75.8349, 12.6709 ], [ 75.8255, 12.6824 ], [ 75.8198, 12.6845 ], [ 75.8169, 12.6929 ], [ 75.8075, 12.7013 ], [ 75.7914, 12.6871 ], [ 75.7815, 12.6863 ], [ 75.778, 12.6885 ], [ 75.7734, 12.68 ], [ 75.7672, 12.6808 ], [ 75.7605, 12.6736 ], [ 75.7438, 12.6806 ], [ 75.7386, 12.6902 ], [ 75.7313, 12.6974 ], [ 75.7223, 12.6967 ], [ 75.7199, 12.7053 ], [ 75.7171, 12.7043 ], [ 75.7133, 12.7075 ], [ 75.7107, 12.7047 ], [ 75.7048, 12.7063 ], [ 75.6877, 12.7011 ], [ 75.6417, 12.6947 ], [ 75.6365, 12.6916 ], [ 75.6292, 12.6998 ], [ 75.6378, 12.7105 ], [ 75.6552, 12.7202 ], [ 75.6565, 12.7347 ], [ 75.6607, 12.7464 ], [ 75.6579, 12.7511 ], [ 75.6385, 12.7604 ], [ 75.6372, 12.769 ], [ 75.6282, 12.7743 ], [ 75.6313, 12.7762 ], [ 75.6256, 12.7781 ], [ 75.6259, 12.785 ], [ 75.6176, 12.7932 ], [ 75.6129, 12.7937 ], [ 75.6129, 12.7965 ], [ 75.6196, 12.8033 ], [ 75.6188, 12.825 ], [ 75.6149, 12.8281 ], [ 75.6149, 12.8327 ], [ 75.6236, 12.85 ], [ 75.6224, 12.8566 ], [ 75.618, 12.8564 ], [ 75.6126, 12.8621 ], [ 75.6033, 12.8653 ], [ 75.6005, 12.8699 ], [ 75.6023, 12.8739 ], [ 75.5987, 12.8752 ], [ 75.5778, 12.873 ], [ 75.5644, 12.8672 ], [ 75.5608, 12.8698 ], [ 75.5538, 12.8693 ], [ 75.5512, 12.8747 ], [ 75.5521, 12.8888 ], [ 75.5485, 12.8936 ], [ 75.5459, 12.9044 ], [ 75.5573, 12.9132 ], [ 75.5713, 12.9301 ], [ 75.5732, 12.9353 ], [ 75.5948, 12.9442 ], [ 75.6026, 12.9576 ], [ 75.6019, 12.9643 ], [ 75.609, 12.9806 ], [ 75.6195, 12.9912 ], [ 75.6315, 13.0113 ], [ 75.6376, 13.011 ], [ 75.6385, 13.018 ], [ 75.6408, 13.0194 ], [ 75.6402, 13.0247 ], [ 75.6437, 13.0272 ], [ 75.6429, 13.0313 ], [ 75.6458, 13.0319 ], [ 75.6472, 13.0274 ], [ 75.6499, 13.0263 ], [ 75.6562, 13.0293 ], [ 75.6571, 13.0248 ], [ 75.6616, 13.0253 ], [ 75.6621, 13.0293 ], [ 75.665, 13.0315 ], [ 75.6707, 13.0305 ], [ 75.674, 13.0246 ], [ 75.6739, 13.0298 ], [ 75.6828, 13.0312 ], [ 75.6838, 13.036 ], [ 75.6866, 13.0325 ], [ 75.6903, 13.0333 ], [ 75.6881, 13.0368 ], [ 75.6903, 13.044 ], [ 75.6957, 13.0449 ] ] ] } },
{ "type": "Feature", "properties": { "area_id": "KGIS-T-2302", "name_en": "Belur", "name_kn": "ಬೇಲೂರು", "level": "block", "parent_id": "KGIS-D-23", "district_en": "Hassan", "lgd_code": "5554" }, "geometry": { "type": "MultiPolygon", "coordinates": [ [ [ [ 76.0247, 13.1247 ], [ 76.0235, 13.1238 ], [ 76.0231, 13.1243 ], [ 76.0247, 13.1247 ] ] ], [ [ [ 76.0863, 13.2883 ], [ 76.0908, 13.2735 ], [ 76.0968, 13.2711 ], [ 76.1098, 13.271 ], [ 76.1206, 13.2098 ], [ 76.1255, 13.2107 ], [ 76.1262, 13.2085 ], [ 76.1196, 13.2074 ], [ 76.0888, 13.1788 ], [ 76.0908, 13.1707 ], [ 76.0978, 13.1613 ], [ 76.0908, 13.1554 ], [ 76.0633, 13.1466 ], [ 76.0589, 13.1421 ], [ 76.0536, 13.1294 ], [ 76.0447, 13.1217 ], [ 76.0417, 13.1205 ], [ 76.0255, 13.1267 ], [ 76.0206, 13.1234 ], [ 76.0219, 13.1218 ], [ 76.0196, 13.1223 ], [ 76.0207, 13.1154 ], [ 76.0188, 13.1153 ], [ 76.0183, 13.12 ], [ 76.0173, 13.1151 ], [ 76.0246, 13.1072 ], [ 76.0266, 13.0994 ], [ 76.0118, 13.0983 ], [ 76.0066, 13.1063 ], [ 75.9938, 13.1082 ], [ 75.9914, 13.1014 ], [ 75.9885, 13.1017 ], [ 75.9801, 13.0959 ], [ 75.9811, 13.0924 ], [ 75.984, 13.0929 ], [ 75.9907, 13.0867 ], [ 75.9889, 13.0851 ], [ 75.9802, 13.0847 ], [ 75.9749, 13.0771 ], [ 75.9716, 13.0854 ], [ 75.9626, 13.0854 ], [ 75.9632, 13.0751 ], [ 75.9689, 13.0718 ], [ 75.9638, 13.0629 ], [ 75.9665, 13.0566 ], [ 75.965, 13.0549 ], [ 75.9618, 13.0569 ], [ 75.9511, 13.0441 ], [ 75.948, 13.0446 ], [ 75.9442, 13.05 ], [ 75.9403, 13.0608 ], [ 75.9314, 13.0667 ], [ 75.916, 13.0692 ], [ 75.9124, 13.0613 ], [ 75.9195, 13.0584 ], [ 75.917, 13.0472 ], [ 75.9073, 13.043 ], [ 75.9052, 13.0298 ], [ 75.8964, 13.0277 ], [ 75.8937, 13.0293 ], [ 75.8898, 13.0257 ], [ 75.8944, 13.0232 ], [ 75.8943, 13.0174 ], [ 75.9025, 13.0149 ], [ 75.9005, 13.0054 ], [ 75.8974, 13.0026 ], [ 75.8903, 13.0044 ], [ 75.8868, 13.0085 ], [ 75.8871, 13.0122 ], [ 75.8829, 13.0144 ], [ 75.8768, 13.009 ], [ 75.8719, 13.011 ], [ 75.871, 13.0179 ], [ 75.8655, 13.016 ], [ 75.865, 13.0209 ], [ 75.862, 13.0187 ], [ 75.8576, 13.0195 ], [ 75.8538, 13.0125 ], [ 75.8501, 13.0127 ], [ 75.8457, 13.0226 ], [ 75.8469, 13.0326 ], [ 75.8419, 13.0374 ], [ 75.8358, 13.0355 ], [ 75.8323, 13.0392 ], [ 75.8267, 13.0395 ], [ 75.816, 13.0341 ], [ 75.8061, 13.0406 ], [ 75.8022, 13.0402 ], [ 75.7942, 13.027 ], [ 75.7947, 13.0189 ], [ 75.7991, 13.013 ], [ 75.7967, 13.0041 ], [ 75.7887, 13.0026 ], [ 75.7826, 12.997 ], [ 75.7796, 12.9889 ], [ 75.774, 12.9856 ], [ 75.7701, 12.9728 ], [ 75.7663, 12.9707 ], [ 75.7658, 12.9758 ], [ 75.7613, 12.9757 ], [ 75.7533, 12.9824 ], [ 75.7458, 12.9916 ], [ 75.746, 12.9954 ], [ 75.7408, 12.9942 ], [ 75.742, 13.0007 ], [ 75.7353, 13.0048 ], [ 75.7367, 13.0103 ], [ 75.7307, 13.0176 ], [ 75.7254, 13.0188 ], [ 75.7277, 13.0238 ], [ 75.7405, 13.0298 ], [ 75.742, 13.0415 ], [ 75.7393, 13.0502 ], [ 75.742, 13.0544 ], [ 75.7406, 13.0596 ], [ 75.7426, 13.0711 ], [ 75.7266, 13.096 ], [ 75.7276, 13.1051 ], [ 75.739, 13.1105 ], [ 75.7404, 13.1138 ], [ 75.7379, 13.1149 ], [ 75.7361, 13.1223 ], [ 75.7485, 13.1304 ], [ 75.7519, 13.1334 ], [ 75.7505, 13.1357 ], [ 75.7538, 13.1372 ], [ 75.7518, 13.1456 ], [ 75.7444, 13.1505 ], [ 75.7403, 13.1486 ], [ 75.73, 13.1656 ], [ 75.7278, 13.1833 ], [ 75.7326, 13.1867 ], [ 75.7349, 13.1949 ], [ 75.7432, 13.2074 ], [ 75.7502, 13.2062 ], [ 75.7525, 13.2123 ], [ 75.7585, 13.2182 ], [ 75.7618, 13.2176 ], [ 75.7664, 13.212 ], [ 75.7729, 13.2129 ], [ 75.7753, 13.2166 ], [ 75.7792, 13.21 ], [ 75.7895, 13.2143 ], [ 75.8056, 13.2156 ], [ 75.8099, 13.2218 ], [ 75.8096, 13.2307 ], [ 75.813, 13.2307 ], [ 75.8076, 13.2469 ], [ 75.8094, 13.2547 ], [ 75.8074, 13.2589 ], [ 75.8132, 13.2608 ], [ 75.8136, 13.2585 ], [ 75.8185, 13.2593 ], [ 75.8243, 13.2531 ], [ 75.8308, 13.2574 ], [ 75.8358, 13.2522 ], [ 75.8403, 13.2513 ], [ 75.8517, 13.2586 ], [ 75.8569, 13.2584 ], [ 75.8556, 13.2539 ], [ 75.8603, 13.2536 ], [ 75.8599, 13.2442 ], [ 75.863, 13.2427 ], [ 75.8616, 13.2402 ], [ 75.871, 13.2465 ], [ 75.8774, 13.2607 ], [ 75.8818, 13.2599 ], [ 75.9002, 13.2661 ], [ 75.9048, 13.2579 ], [ 75.9153, 13.2618 ], [ 75.9196, 13.257 ], [ 75.9374, 13.2562 ], [ 75.9412, 13.2586 ], [ 75.9717, 13.2621 ], [ 75.9845, 13.2666 ], [ 75.9845, 13.2638 ], [ 75.9886, 13.2645 ], [ 75.9901, 13.2599 ], [ 76.0148, 13.2616 ], [ 76.0175, 13.2577 ], [ 76.0179, 13.25 ], [ 76.0212, 13.2518 ], [ 76.0367, 13.2495 ], [ 76.0367, 13.2521 ], [ 76.0381, 13.2541 ], [ 76.0388, 13.2588 ], [ 76.039, 13.26 ], [ 76.0391, 13.26 ], [ 76.0488, 13.2526 ], [ 76.0577, 13.2503 ], [ 76.0586, 13.2583 ], [ 76.0546, 13.2663 ], [ 76.055, 13.2747 ], [ 76.0687, 13.2826 ], [ 76.0728, 13.2879 ], [ 76.0863, 13.2883 ] ] ] ] } },
{ "type": "Feature", "properties": { "area_id": "KGIS-T-2303", "name_en": "Arsikere", "name_kn": "ಅರಸೀಕೆರೆ", "level": "block", "parent_id": "KGIS-D-23", "district_en": "Hassan", "lgd_code": "5555" }, "geometry": { "type": "Polygon", "coordinates": [ [ [ 76.3665, 13.5482 ], [ 76.3705, 13.5479 ], [ 76.3879, 13.5344 ], [ 76.3953, 13.536 ], [ 76.3977, 13.5282 ], [ 76.4004, 13.5264 ], [ 76.4247, 13.5239 ], [ 76.4197, 13.52 ], [ 76.4154, 13.5091 ], [ 76.4091, 13.5055 ], [ 76.3977, 13.5062 ], [ 76.3961, 13.4973 ], [ 76.3981, 13.4934 ], [ 76.4052, 13.4912 ], [ 76.4078, 13.4843 ], [ 76.4153, 13.4812 ], [ 76.4119, 13.4792 ], [ 76.4077, 13.4595 ], [ 76.4195, 13.4496 ], [ 76.4043, 13.431 ], [ 76.4055, 13.4274 ], [ 76.4007, 13.423 ], [ 76.3974, 13.4042 ], [ 76.3897, 13.3945 ], [ 76.3925, 13.3905 ], [ 76.3935, 13.3788 ], [ 76.386, 13.3699 ], [ 76.3821, 13.3702 ], [ 76.3829, 13.364 ], [ 76.3459, 13.3599 ], [ 76.3466, 13.345 ], [ 76.3524, 13.3309 ], [ 76.349, 13.3183 ], [ 76.3477, 13.3019 ], [ 76.3496, 13.2965 ], [ 76.3471, 13.2975 ], [ 76.3572, 13.2868 ], [ 76.3551, 13.2639 ], [ 76.3584, 13.2618 ], [ 76.3566, 13.2505 ], [ 76.362, 13.2496 ], [ 76.3643, 13.2348 ], [ 76.38, 13.2323 ], [ 76.379, 13.2203 ], [ 76.3766, 13.2161 ], [ 76.3695, 13.2126 ], [ 76.37, 13.2001 ], [ 76.3939, 13.1974 ], [ 76.3937, 13.1889 ], [ 76.4079, 13.1925 ], [ 76.4133, 13.1912 ], [ 76.4162, 13.1859 ], [ 76.4208, 13.186 ], [ 76.4267, 13.1819 ], [ 76.4288, 13.1722 ], [ 76.4244, 13.1649 ], [ 76.4125, 13.1637 ], [ 76.4071, 13.1521 ], [ 76.381, 13.15 ], [ 76.3798, 13.1428 ], [ 76.3777, 13.1428 ], [ 76.3782, 13.1357 ], [ 76.3689, 13.1316 ], [ 76.367, 13.1286 ], [ 76.3668, 13.1216 ], [ 76.3689, 13.1211 ], [ 76.369, 13.1206 ], [ 76.3584, 13.1168 ], [ 76.3587, 13.115 ], [ 76.3605, 13.1158 ], [ 76.361, 13.1038 ], [ 76.3629, 13.1019 ], [ 76.361, 13.0934 ], [ 76.348, 13.0904 ], [ 76.3433, 13.0917 ], [ 76.3392, 13.0854 ], [ 76.3227, 13.092 ], [ 76.3181, 13.0916 ], [ 76.3172, 13.0869 ], [ 76.3116, 13.0823 ], [ 76.2951, 13.079 ], [ 76.283, 13.1042 ], [ 76.2689, 13.1085 ], [ 76.2674, 13.1244 ], [ 76.2166, 13.1348 ], [ 76.2143, 13.144 ], [ 76.2091, 13.1516 ], [ 76.2036, 13.1504 ], [ 76.1982, 13.1546 ], [ 76.1896, 13.1507 ], [ 76.1905, 13.1349 ], [ 76.1681, 13.133 ], [ 76.168, 13.1423 ], [ 76.1727, 13.1547 ], [ 76.1669, 13.1629 ], [ 76.157, 13.164 ], [ 76.1543, 13.1792 ], [ 76.1459, 13.1698 ], [ 76.1417, 13.1773 ], [ 76.1412, 13.1831 ], [ 76.1347, 13.192 ], [ 76.1474, 13.1981 ], [ 76.1517, 13.1965 ], [ 76.1519, 13.2017 ], [ 76.1491, 13.2013 ], [ 76.1503, 13.2093 ], [ 76.1451, 13.2158 ], [ 76.1377, 13.2104 ], [ 76.1262, 13.2085 ], [ 76.1255, 13.2107 ], [ 76.1206, 13.2098 ], [ 76.1098, 13.271 ], [ 76.0968, 13.2711 ], [ 76.0908, 13.2735 ], [ 76.0863, 13.2883 ], [ 76.0728, 13.2879 ], [ 76.0687, 13.2826 ], [ 76.055, 13.2747 ], [ 76.0546, 13.2663 ], [ 76.0586, 13.2583 ], [ 76.059, 13.2504 ], [ 76.0488, 13.2526 ], [ 76.039, 13.26 ], [ 76.0406, 13.264 ], [ 76.0388, 13.2664 ], [ 76.0421, 13.2661 ], [ 76.0406, 13.2677 ], [ 76.0431, 13.2756 ], [ 76.0373, 13.3003 ], [ 76.0332, 13.3017 ], [ 76.0337, 13.3135 ], [ 76.0367, 13.3201 ], [ 76.0321, 13.3213 ], [ 76.0345, 13.3373 ], [ 76.029, 13.3455 ], [ 76.0322, 13.346 ], [ 76.0382, 13.3565 ], [ 76.0419, 13.3652 ], [ 76.0389, 13.3678 ], [ 76.0417, 13.3743 ], [ 76.0561, 13.3816 ], [ 76.0818, 13.3717 ], [ 76.0891, 13.3717 ], [ 76.0871, 13.3759 ], [ 76.0891, 13.3924 ], [ 76.0985, 13.3938 ], [ 76.0985, 13.3915 ], [ 76.1106, 13.3962 ], [ 76.1112, 13.4005 ], [ 76.1295, 13.4001 ], [ 76.1295, 13.404 ], [ 76.1394, 13.4066 ], [ 76.1401, 13.436 ], [ 76.1362, 13.4441 ], [ 76.1388, 13.4423 ], [ 76.1468, 13.4477 ], [ 76.1513, 13.458 ], [ 76.1584, 13.4598 ], [ 76.162, 13.4696 ], [ 76.194, 13.4688 ], [ 76.1924, 13.4608 ], [ 76.1871, 13.4524 ], [ 76.1995, 13.4508 ], [ 76.1981, 13.4693 ], [ 76.2321, 13.4689 ], [ 76.2344, 13.4804 ], [ 76.2295, 13.4847 ], [ 76.2381, 13.4954 ], [ 76.2336, 13.507 ], [ 76.261, 13.5116 ], [ 76.2623, 13.5053 ], [ 76.2925, 13.5047 ], [ 76.2937, 13.5272 ], [ 76.3007, 13.5217 ], [ 76.3068, 13.5258 ], [ 76.312, 13.5254 ], [ 76.311, 13.5293 ], [ 76.3159, 13.5319 ], [ 76.3166, 13.5391 ], [ 76.3176, 13.5392 ], [ 76.3182, 13.5364 ], [ 76.3213, 13.5372 ], [ 76.3303, 13.5214 ], [ 76.3451, 13.5137 ], [ 76.3491, 13.5254 ], [ 76.3625, 13.5304 ], [ 76.3641, 13.5454 ], [ 76.3665, 13.5482 ] ] ] } },
{ "type": "Feature", "properties": { "area_id": "KGIS-T-2304", "name_en": "Hassan", "name_kn": "ಹಾಸನ", "level": "block", "parent_id": "KGIS-D-23", "district_en": "Hassan", "lgd_code": "5556" }, "geometry": { "type": "Polygon", "coordinates": [ [ [ 76.1497, 13.2015 ], [ 76.1521, 13.2014 ], [ 76.1517, 13.1965 ], [ 76.1474, 13.1981 ], [ 76.1347, 13.192 ], [ 76.1412, 13.1831 ], [ 76.1417, 13.1773 ], [ 76.1459, 13.1698 ], [ 76.1543, 13.1792 ], [ 76.157, 13.164 ], [ 76.1669, 13.1629 ], [ 76.1727, 13.1547 ], [ 76.168, 13.1423 ], [ 76.1681, 13.133 ], [ 76.1905, 13.1349 ], [ 76.1896, 13.1507 ], [ 76.1982, 13.1546 ], [ 76.2036, 13.1504 ], [ 76.2091, 13.1516 ], [ 76.2143, 13.144 ], [ 76.2166, 13.1348 ], [ 76.2674, 13.1244 ], [ 76.2689, 13.1085 ], [ 76.283, 13.1042 ], [ 76.2967, 13.0729 ], [ 76.2932, 13.052 ], [ 76.2841, 13.053 ], [ 76.283, 13.0437 ], [ 76.2791, 13.0387 ], [ 76.2797, 13.0232 ], [ 76.2757, 13.0194 ], [ 76.285, 13.0035 ], [ 76.2842, 12.9976 ], [ 76.287, 12.9885 ], [ 76.2726, 12.9904 ], [ 76.2721, 12.9716 ], [ 76.2741, 12.9545 ], [ 76.295, 12.949 ], [ 76.2904, 12.9307 ], [ 76.2957, 12.929 ], [ 76.2953, 12.9212 ], [ 76.2936, 12.9146 ], [ 76.284, 12.9087 ], [ 76.2673, 12.9098 ], [ 76.2608, 12.9134 ], [ 76.263, 12.9178 ], [ 76.2694, 12.9184 ], [ 76.2796, 12.9133 ], [ 76.2812, 12.9188 ], [ 76.2693, 12.9211 ], [ 76.27, 12.9241 ], [ 76.2612, 12.9277 ], [ 76.2601, 12.9385 ], [ 76.2565, 12.9386 ], [ 76.256, 12.9338 ], [ 76.2587, 12.9305 ], [ 76.2451, 12.9251 ], [ 76.2453, 12.9323 ], [ 76.2381, 12.9337 ], [ 76.2375, 12.9416 ], [ 76.2251, 12.9429 ], [ 76.2122, 12.9156 ], [ 76.2136, 12.9113 ], [ 76.211, 12.9046 ], [ 76.21, 12.886 ], [ 76.2138, 12.8675 ], [ 76.2133, 12.8543 ], [ 76.203, 12.8622 ], [ 76.2057, 12.8664 ], [ 76.189, 12.8668 ], [ 76.1835, 12.8765 ], [ 76.1758, 12.8734 ], [ 76.1664, 12.8748 ], [ 76.167, 12.8704 ], [ 76.1649, 12.8687 ], [ 76.1458, 12.8646 ], [ 76.1473, 12.8406 ], [ 76.1498, 12.8355 ], [ 76.1546, 12.8342 ], [ 76.1547, 12.8239 ], [ 76.1502, 12.8179 ], [ 76.1421, 12.8198 ], [ 76.1178, 12.817 ], [ 76.1131, 12.8188 ], [ 76.1126, 12.8228 ], [ 76.1078, 12.8258 ], [ 76.1013, 12.8158 ], [ 76.0618, 12.8174 ], [ 76.0467, 12.8266 ], [ 76.0449, 12.8355 ], [ 76.0488, 12.8386 ], [ 76.047, 12.8449 ], [ 76.0491, 12.8513 ], [ 76.0425, 12.8539 ], [ 76.041, 12.8493 ], [ 76.0337, 12.8477 ], [ 76.0288, 12.8487 ], [ 76.0305, 12.8519 ], [ 76.0289, 12.8536 ], [ 76.0247, 12.8506 ], [ 76.0276, 12.861 ], [ 76.0264, 12.8646 ], [ 76.0091, 12.8692 ], [ 75.9965, 12.8902 ], [ 75.999, 12.892 ], [ 76.0037, 12.8908 ], [ 76.0036, 12.8942 ], [ 75.998, 12.8972 ], [ 76.0052, 12.8991 ], [ 76.0113, 12.9073 ], [ 76.0185, 12.8981 ], [ 76.0179, 12.9038 ], [ 76.0242, 12.9099 ], [ 76.0258, 12.9171 ], [ 76.0225, 12.9307 ], [ 76.0259, 12.9312 ], [ 76.0324, 12.9257 ], [ 76.0343, 12.9295 ], [ 76.0396, 12.9317 ], [ 76.0425, 12.9436 ], [ 76.0386, 12.9451 ], [ 76.0436, 12.9502 ], [ 76.045, 12.961 ], [ 76.0553, 12.9588 ], [ 76.0585, 12.9658 ], [ 76.0511, 12.9663 ], [ 76.0496, 12.9691 ], [ 76.0387, 12.968 ], [ 76.0326, 12.9714 ], [ 76.0264, 12.9706 ], [ 76.0265, 12.9782 ], [ 76.0336, 12.9833 ], [ 76.0313, 12.9893 ], [ 76.039, 12.9944 ], [ 76.0375, 13.0013 ], [ 76.0409, 13.0035 ], [ 76.0378, 13.0151 ], [ 76.0343, 13.0124 ], [ 76.0242, 13.014 ], [ 76.0201, 13.0339 ], [ 76.0164, 13.037 ], [ 76.0076, 13.0297 ], [ 76.0013, 13.0312 ], [ 75.9979, 13.0387 ], [ 75.9944, 13.0389 ], [ 75.9824, 13.0319 ], [ 75.965, 13.0549 ], [ 75.9665, 13.0566 ], [ 75.9638, 13.0629 ], [ 75.9689, 13.0718 ], [ 75.9632, 13.0751 ], [ 75.9626, 13.0854 ], [ 75.9716, 13.0854 ], [ 75.9749, 13.0771 ], [ 75.9802, 13.0847 ], [ 75.9889, 13.0851 ], [ 75.9907, 13.0867 ], [ 75.984, 13.0929 ], [ 75.9811, 13.0924 ], [ 75.9801, 13.0959 ], [ 75.9885, 13.1017 ], [ 75.9914, 13.1014 ], [ 75.9938, 13.1082 ], [ 76.0066, 13.1063 ], [ 76.0118, 13.0983 ], [ 76.0266, 13.0994 ], [ 76.0246, 13.1072 ], [ 76.0174, 13.1148 ], [ 76.0183, 13.12 ], [ 76.0188, 13.1153 ], [ 76.0207, 13.1154 ], [ 76.019, 13.1216 ], [ 76.0219, 13.1218 ], [ 76.0206, 13.1234 ], [ 76.0255, 13.1267 ], [ 76.0417, 13.1205 ], [ 76.0447, 13.1217 ], [ 76.0536, 13.1294 ], [ 76.0589, 13.1421 ], [ 76.0633, 13.1466 ], [ 76.0908, 13.1554 ], [ 76.0978, 13.1613 ], [ 76.0908, 13.1707 ], [ 76.0888, 13.1788 ], [ 76.1196, 13.2074 ], [ 76.1377, 13.2104 ], [ 76.1451, 13.2158 ], [ 76.1503, 13.2093 ], [ 76.1497, 13.2015 ] ], [ [ 76.0246, 13.1237 ], [ 76.0231, 13.1243 ], [ 76.0231, 13.1241 ], [ 76.0246, 13.1237 ] ] ] } },
{ "type": "Feature", "properties": { "area_id": "KGIS-T-2305", "name_en": "Alur", "name_kn": "", "level": "block", "parent_id": "KGIS-D-23", "district_en": "Hassan", "lgd_code": "5557" }, "geometry": { "type": "Polygon", "coordinates": [ [ [ 75.916, 13.0692 ], [ 75.9314, 13.0667 ], [ 75.9403, 13.0608 ], [ 75.948, 13.0446 ], [ 75.9511, 13.0441 ], [ 75.9556, 13.0474 ], [ 75.9624, 13.0572 ], [ 75.9824, 13.0319 ], [ 75.9944, 13.0389 ], [ 75.9981, 13.0387 ], [ 75.9999, 13.0326 ], [ 76.0064, 13.0296 ], [ 76.011, 13.0312 ], [ 76.0159, 13.0371 ], [ 76.0191, 13.0361 ], [ 76.0242, 13.014 ], [ 76.0343, 13.0124 ], [ 76.0378, 13.0151 ], [ 76.0409, 13.0035 ], [ 76.0375, 13.0013 ], [ 76.039, 12.9944 ], [ 76.0313, 12.9893 ], [ 76.0336, 12.9833 ], [ 76.0265, 12.9782 ], [ 76.0264, 12.9706 ], [ 76.0326, 12.9714 ], [ 76.0387, 12.968 ], [ 76.0496, 12.9691 ], [ 76.0511, 12.9663 ], [ 76.0585, 12.9658 ], [ 76.0553, 12.9588 ], [ 76.045, 12.961 ], [ 76.0436, 12.9502 ], [ 76.0386, 12.9451 ], [ 76.0425, 12.9436 ], [ 76.0396, 12.9317 ], [ 76.0343, 12.9295 ], [ 76.0324, 12.9257 ], [ 76.0259, 12.9312 ], [ 76.0225, 12.9307 ], [ 76.0258, 12.9171 ], [ 76.0242, 12.9099 ], [ 76.0179, 12.9038 ], [ 76.0185, 12.8981 ], [ 76.0113, 12.9073 ], [ 76.0052, 12.8991 ], [ 75.9977, 12.8964 ], [ 76.0046, 12.893 ], [ 76.0037, 12.8908 ], [ 75.999, 12.892 ], [ 75.9965, 12.8902 ], [ 76.0091, 12.8692 ], [ 76.0264, 12.8646 ], [ 76.0276, 12.861 ], [ 76.0242, 12.851 ], [ 76.0289, 12.8536 ], [ 76.0305, 12.8519 ], [ 76.0288, 12.8487 ], [ 76.0337, 12.8477 ], [ 76.041, 12.8493 ], [ 76.0425, 12.8539 ], [ 76.0491, 12.8513 ], [ 76.047, 12.8449 ], [ 76.0488, 12.8386 ], [ 76.0449, 12.8355 ], [ 76.0467, 12.8266 ], [ 76.0495, 12.8245 ], [ 76.049, 12.8198 ], [ 76.0399, 12.8181 ], [ 76.0322, 12.8122 ], [ 76.0229, 12.8096 ], [ 76.0194, 12.805 ], [ 75.9983, 12.8005 ], [ 75.9935, 12.8011 ], [ 75.9872, 12.8057 ], [ 75.9493, 12.8002 ], [ 75.9471, 12.808 ], [ 75.9313, 12.8073 ], [ 75.9254, 12.8114 ], [ 75.9282, 12.8214 ], [ 75.9199, 12.8281 ], [ 75.9168, 12.8264 ], [ 75.9176, 12.8194 ], [ 75.9092, 12.8164 ], [ 75.9022, 12.8188 ], [ 75.8994, 12.8284 ], [ 75.8808, 12.834 ], [ 75.8751, 12.8304 ], [ 75.8777, 12.8265 ], [ 75.8759, 12.8236 ], [ 75.8635, 12.8181 ], [ 75.8587, 12.819 ], [ 75.8529, 12.8216 ], [ 75.8543, 12.8313 ], [ 75.849, 12.8332 ], [ 75.8481, 12.838 ], [ 75.8412, 12.8434 ], [ 75.8427, 12.848 ], [ 75.8378, 12.8554 ], [ 75.8313, 12.8543 ], [ 75.8314, 12.8642 ], [ 75.8272, 12.8683 ], [ 75.8238, 12.8783 ], [ 75.837, 12.8813 ], [ 75.8366, 12.8747 ], [ 75.8477, 12.8735 ], [ 75.8518, 12.8762 ], [ 75.8568, 12.8759 ], [ 75.866, 12.9043 ], [ 75.8727, 12.9112 ], [ 75.8897, 12.9115 ], [ 75.8959, 12.9238 ], [ 75.9028, 12.9289 ], [ 75.9028, 12.9363 ], [ 75.9102, 12.9416 ], [ 75.9055, 12.9485 ], [ 75.9073, 12.9561 ], [ 75.8976, 12.9631 ], [ 75.8987, 12.9757 ], [ 75.8919, 12.9793 ], [ 75.888, 12.9789 ], [ 75.8868, 12.9824 ], [ 75.8828, 12.983 ], [ 75.8832, 12.9872 ], [ 75.8815, 12.9866 ], [ 75.8805, 12.9922 ], [ 75.8774, 12.995 ], [ 75.8811, 13.003 ], [ 75.8768, 13.009 ], [ 75.8829, 13.0144 ], [ 75.8871, 13.0122 ], [ 75.8868, 13.0085 ], [ 75.8921, 13.0035 ], [ 75.8973, 13.0026 ], [ 75.9005, 13.0054 ], [ 75.9025, 13.0149 ], [ 75.8943, 13.0174 ], [ 75.8944, 13.0232 ], [ 75.8898, 13.0257 ], [ 75.8937, 13.0293 ], [ 75.8964, 13.0277 ], [ 75.9052, 13.0298 ], [ 75.9073, 13.043 ], [ 75.917, 13.0472 ], [ 75.9195, 13.0584 ], [ 75.9124, 13.0613 ], [ 75.916, 13.0692 ] ] ] } },
{ "type": "Feature", "properties": { "area_id": "KGIS-T-2306", "name_en": "Arkalgud", "name_kn": "", "level": "block", "parent_id": "KGIS-D-23", "district_en": "Hassan", "lgd_code": "5558" }, "geometry": { "type": "Polygon", "coordinates": [ [ [ 76.1547, 12.8256 ], [ 76.1626, 12.8226 ], [ 76.1667, 12.8003 ], [ 76.1712, 12.7997 ], [ 76.1721, 12.7958 ], [ 76.1714, 12.7869 ], [ 76.1617, 12.7831 ], [ 76.162, 12.7719 ], [ 76.1696, 12.7697 ], [ 76.1702, 12.7643 ], [ 76.1629, 12.7584 ], [ 76.1573, 12.7589 ], [ 76.1587, 12.7538 ], [ 76.1631, 12.7505 ], [ 76.1645, 12.7419 ], [ 76.1574, 12.7299 ], [ 76.157, 12.7202 ], [ 76.1606, 12.7182 ], [ 76.1603, 12.7141 ], [ 76.1546, 12.7124 ], [ 76.155, 12.7034 ], [ 76.1569, 12.7025 ], [ 76.156, 12.6855 ], [ 76.1613, 12.6805 ], [ 76.1632, 12.6611 ], [ 76.1686, 12.653 ], [ 76.168, 12.6502 ], [ 76.1593, 12.6499 ], [ 76.1592, 12.6476 ], [ 76.1631, 12.6341 ], [ 76.1704, 12.635 ], [ 76.1692, 12.6253 ], [ 76.1722, 12.6211 ], [ 76.1759, 12.6204 ], [ 76.1775, 12.6077 ], [ 76.182, 12.6081 ], [ 76.1814, 12.611 ], [ 76.1834, 12.6121 ], [ 76.1812, 12.6138 ], [ 76.1871, 12.6107 ], [ 76.1887, 12.6125 ], [ 76.1932, 12.5987 ], [ 76.19, 12.5938 ], [ 76.1933, 12.592 ], [ 76.1922, 12.5852 ], [ 76.1964, 12.5775 ], [ 76.184, 12.5772 ], [ 76.1806, 12.5752 ], [ 76.1676, 12.5801 ], [ 76.1581, 12.5785 ], [ 76.1523, 12.5801 ], [ 76.1477, 12.5658 ], [ 76.1564, 12.5636 ], [ 76.1512, 12.5518 ], [ 76.1526, 12.5465 ], [ 76.1439, 12.5451 ], [ 76.1437, 12.5366 ], [ 76.136, 12.5378 ], [ 76.1347, 12.5296 ], [ 76.1154, 12.5292 ], [ 76.1196, 12.522 ], [ 76.1179, 12.5176 ], [ 76.1157, 12.5174 ], [ 76.116, 12.5124 ], [ 76.1119, 12.5136 ], [ 76.1092, 12.5177 ], [ 76.1044, 12.5185 ], [ 76.101, 12.5268 ], [ 76.1035, 12.5303 ], [ 76.0982, 12.5289 ], [ 76.0992, 12.5323 ], [ 76.0936, 12.5336 ], [ 76.0895, 12.5383 ], [ 76.0866, 12.5378 ], [ 76.0887, 12.5436 ], [ 76.0939, 12.5431 ], [ 76.0898, 12.5473 ], [ 76.0892, 12.5436 ], [ 76.0885, 12.5458 ], [ 76.0878, 12.5432 ], [ 76.0803, 12.5436 ], [ 76.0801, 12.5456 ], [ 76.0741, 12.5479 ], [ 76.075, 12.5513 ], [ 76.0702, 12.5496 ], [ 76.0698, 12.5567 ], [ 76.0662, 12.5582 ], [ 76.0581, 12.5562 ], [ 76.0478, 12.5613 ], [ 76.046, 12.5776 ], [ 76.0342, 12.5752 ], [ 76.0215, 12.5772 ], [ 76.0182, 12.5709 ], [ 76.0143, 12.5689 ], [ 76.0119, 12.5726 ], [ 76.0093, 12.5711 ], [ 76.0024, 12.5746 ], [ 75.9936, 12.5882 ], [ 75.9877, 12.5811 ], [ 75.989, 12.5741 ], [ 75.9691, 12.5769 ], [ 75.9749, 12.5624 ], [ 75.9671, 12.5597 ], [ 75.9637, 12.5611 ], [ 75.9552, 12.5743 ], [ 75.9475, 12.5973 ], [ 75.9398, 12.6063 ], [ 75.9392, 12.609 ], [ 75.9471, 12.6136 ], [ 75.9493, 12.621 ], [ 75.9443, 12.6293 ], [ 75.9401, 12.6279 ], [ 75.9362, 12.6298 ], [ 75.9428, 12.6366 ], [ 75.938, 12.6436 ], [ 75.941, 12.6577 ], [ 75.9476, 12.664 ], [ 75.94, 12.6744 ], [ 75.9544, 12.6762 ], [ 75.9562, 12.6782 ], [ 75.9591, 12.6833 ], [ 75.9585, 12.69 ], [ 75.9647, 12.7 ], [ 75.9625, 12.7053 ], [ 75.9661, 12.7098 ], [ 75.9432, 12.7187 ], [ 75.9353, 12.7318 ], [ 75.9379, 12.7502 ], [ 75.9338, 12.7577 ], [ 75.9344, 12.7673 ], [ 75.9464, 12.7658 ], [ 75.9529, 12.768 ], [ 75.9582, 12.7822 ], [ 75.9663, 12.7803 ], [ 75.971, 12.7827 ], [ 75.9668, 12.7934 ], [ 75.9675, 12.8037 ], [ 75.9746, 12.8026 ], [ 75.9892, 12.8056 ], [ 75.9966, 12.8004 ], [ 76.0194, 12.805 ], [ 76.0229, 12.8096 ], [ 76.0322, 12.8122 ], [ 76.0399, 12.8181 ], [ 76.049, 12.8198 ], [ 76.0495, 12.8245 ], [ 76.0618, 12.8174 ], [ 76.0962, 12.8152 ], [ 76.1036, 12.8173 ], [ 76.1078, 12.8258 ], [ 76.1126, 12.8228 ], [ 76.1131, 12.8188 ], [ 76.1217, 12.8165 ], [ 76.1254, 12.8189 ], [ 76.1421, 12.8198 ], [ 76.1484, 12.8174 ], [ 76.1531, 12.8204 ], [ 76.1547, 12.8256 ] ] ] } },
{ "type": "Feature", "properties": { "area_id": "KGIS-T-2307", "name_en": "Holenarasipura", "name_kn": "ಹೊಳೆ ನರಸೀಪುರ", "level": "block", "parent_id": "KGIS-D-23", "district_en": "Hassan", "lgd_code": "5559" }, "geometry": { "type": "Polygon", "coordinates": [ [ [ 76.2251, 12.9429 ], [ 76.2375, 12.9416 ], [ 76.2385, 12.9332 ], [ 76.2453, 12.9323 ], [ 76.2451, 12.9251 ], [ 76.2587, 12.9305 ], [ 76.256, 12.9338 ], [ 76.2565, 12.9386 ], [ 76.2601, 12.9385 ], [ 76.2612, 12.9277 ], [ 76.27, 12.9241 ], [ 76.2693, 12.9211 ], [ 76.2812, 12.9188 ], [ 76.2796, 12.9133 ], [ 76.2694, 12.9184 ], [ 76.263, 12.9178 ], [ 76.2607, 12.9135 ], [ 76.2673, 12.9098 ], [ 76.2806, 12.9083 ], [ 76.28, 12.8988 ], [ 76.2995, 12.8965 ], [ 76.3066, 12.8983 ], [ 76.3127, 12.8915 ], [ 76.3164, 12.8905 ], [ 76.318, 12.8841 ], [ 76.323, 12.8798 ], [ 76.3211, 12.8753 ], [ 76.3158, 12.8724 ], [ 76.3044, 12.8747 ], [ 76.3036, 12.8538 ], [ 76.3016, 12.8475 ], [ 76.296, 12.8464 ], [ 76.2946, 12.8396 ], [ 76.3041, 12.8391 ], [ 76.3091, 12.8309 ], [ 76.3074, 12.8278 ], [ 76.3098, 12.8263 ], [ 76.3077, 12.8237 ], [ 76.3192, 12.8273 ], [ 76.3196, 12.8415 ], [ 76.3272, 12.8479 ], [ 76.3252, 12.8562 ], [ 76.333, 12.8522 ], [ 76.3417, 12.8394 ], [ 76.3634, 12.8372 ], [ 76.3703, 12.8292 ], [ 76.3672, 12.8228 ], [ 76.3709, 12.8153 ], [ 76.368, 12.8084 ], [ 76.3512, 12.8087 ], [ 76.3368, 12.8124 ], [ 76.3318, 12.8119 ], [ 76.3301, 12.8086 ], [ 76.3302, 12.801 ], [ 76.3358, 12.7866 ], [ 76.3486, 12.7868 ], [ 76.3502, 12.7849 ], [ 76.348, 12.7782 ], [ 76.3501, 12.7705 ], [ 76.3433, 12.7669 ], [ 76.3425, 12.7625 ], [ 76.3514, 12.7524 ], [ 76.3573, 12.7495 ], [ 76.3575, 12.747 ], [ 76.3512, 12.7421 ], [ 76.3458, 12.744 ], [ 76.3459, 12.7382 ], [ 76.3394, 12.7331 ], [ 76.3448, 12.7303 ], [ 76.3461, 12.7169 ], [ 76.3536, 12.7114 ], [ 76.3618, 12.7116 ], [ 76.3628, 12.6973 ], [ 76.3617, 12.6912 ], [ 76.359, 12.6903 ], [ 76.3597, 12.6866 ], [ 76.3543, 12.685 ], [ 76.3532, 12.668 ], [ 76.3493, 12.6687 ], [ 76.3422, 12.6595 ], [ 76.3427, 12.6549 ], [ 76.3385, 12.6503 ], [ 76.3387, 12.6454 ], [ 76.3322, 12.6434 ], [ 76.3226, 12.6342 ], [ 76.329, 12.6266 ], [ 76.327, 12.61 ], [ 76.3207, 12.6123 ], [ 76.3063, 12.6094 ], [ 76.3089, 12.6234 ], [ 76.3048, 12.6256 ], [ 76.3037, 12.6217 ], [ 76.301, 12.6219 ], [ 76.2986, 12.6293 ], [ 76.2925, 12.6268 ], [ 76.2907, 12.6169 ], [ 76.2796, 12.617 ], [ 76.2815, 12.6306 ], [ 76.2791, 12.6311 ], [ 76.2794, 12.6334 ], [ 76.2658, 12.6286 ], [ 76.2655, 12.6191 ], [ 76.2581, 12.622 ], [ 76.2551, 12.6206 ], [ 76.2536, 12.6235 ], [ 76.2458, 12.6258 ], [ 76.247, 12.6354 ], [ 76.2438, 12.6377 ], [ 76.2367, 12.639 ], [ 76.2311, 12.6441 ], [ 76.2191, 12.6442 ], [ 76.2075, 12.635 ], [ 76.2072, 12.6291 ], [ 76.2165, 12.6253 ], [ 76.2136, 12.6167 ], [ 76.2044, 12.6147 ], [ 76.1919, 12.5921 ], [ 76.19, 12.594 ], [ 76.1932, 12.5987 ], [ 76.1887, 12.6125 ], [ 76.1871, 12.6107 ], [ 76.1812, 12.6138 ], [ 76.1834, 12.6121 ], [ 76.1814, 12.611 ], [ 76.182, 12.6081 ], [ 76.1775, 12.6077 ], [ 76.1759, 12.6204 ], [ 76.1722, 12.6211 ], [ 76.1692, 12.6253 ], [ 76.1704, 12.635 ], [ 76.1631, 12.6341 ], [ 76.1592, 12.6476 ], [ 76.1593, 12.6499 ], [ 76.168, 12.6502 ], [ 76.1686, 12.653 ], [ 76.1632, 12.6611 ], [ 76.1613, 12.6805 ], [ 76.156, 12.6855 ], [ 76.1569, 12.7025 ], [ 76.155, 12.7034 ], [ 76.1546, 12.7124 ], [ 76.1603, 12.7141 ], [ 76.1606, 12.7182 ], [ 76.157, 12.7202 ], [ 76.1574, 12.7299 ], [ 76.1645, 12.7419 ], [ 76.1631, 12.7505 ], [ 76.1587, 12.7538 ], [ 76.1573, 12.7589 ], [ 76.1629, 12.7584 ], [ 76.1702, 12.7643 ], [ 76.1696, 12.7697 ], [ 76.162, 12.7719 ], [ 76.1617, 12.7831 ], [ 76.1714, 12.7869 ], [ 76.1721, 12.7958 ], [ 76.1712, 12.7997 ], [ 76.1667, 12.8003 ], [ 76.1626, 12.8226 ], [ 76.1547, 12.8256 ], [ 76.1546, 12.8342 ], [ 76.1498, 12.8355 ], [ 76.1473, 12.8406 ], [ 76.1458, 12.8646 ], [ 76.1649, 12.8687 ], [ 76.167, 12.8704 ], [ 76.1664, 12.8748 ], [ 76.1758, 12.8734 ], [ 76.1835, 12.8765 ], [ 76.189, 12.8668 ], [ 76.2057, 12.8664 ], [ 76.203, 12.8622 ], [ 76.2133, 12.8543 ], [ 76.2138, 12.8675 ], [ 76.21, 12.886 ], [ 76.211, 12.9046 ], [ 76.2136, 12.9113 ], [ 76.2123, 12.9163 ], [ 76.2251, 12.9429 ] ] ] } },
{ "type": "Feature", "properties": { "area_id": "KGIS-T-2308", "name_en": "Channarayapatna", "name_kn": "ಚನ್ನರಾಯಪಟ್ಟಣ", "level": "block", "parent_id": "KGIS-D-23", "district_en": "Hassan", "lgd_code": "5560" }, "geometry": { "type": "Polygon", "coordinates": [ [ [ 76.4288, 13.1721 ], [ 76.4451, 13.1693 ], [ 76.4552, 13.1508 ], [ 76.4734, 13.1498 ], [ 76.4698, 13.1367 ], [ 76.4688, 13.12 ], [ 76.4715, 13.0932 ], [ 76.4816, 13.0911 ], [ 76.4951, 13.0944 ], [ 76.4962, 13.0861 ], [ 76.5156, 13.069 ], [ 76.5214, 13.0727 ], [ 76.5226, 13.0782 ], [ 76.5283, 13.0789 ], [ 76.5855, 13.071 ], [ 76.5925, 13.0752 ], [ 76.6078, 13.0738 ], [ 76.6134, 13.0693 ], [ 76.6183, 13.0639 ], [ 76.6192, 13.0538 ], [ 76.6069, 13.0567 ], [ 76.6053, 13.0533 ], [ 76.6033, 13.0418 ], [ 76.6076, 13.0375 ], [ 76.6091, 13.0315 ], [ 76.6045, 13.0146 ], [ 76.6116, 13.008 ], [ 76.6185, 13.0086 ], [ 76.632, 13.004 ], [ 76.6303, 12.9935 ], [ 76.6328, 12.9929 ], [ 76.6345, 12.9841 ], [ 76.6341, 12.9812 ], [ 76.6314, 12.9825 ], [ 76.6314, 12.9722 ], [ 76.6203, 12.9653 ], [ 76.6106, 12.9662 ], [ 76.6113, 12.958 ], [ 76.6174, 12.9535 ], [ 76.6155, 12.9367 ], [ 76.6056, 12.9388 ], [ 76.6027, 12.923 ], [ 76.5959, 12.9209 ], [ 76.5999, 12.9054 ], [ 76.5908, 12.89 ], [ 76.596, 12.8802 ], [ 76.5837, 12.8733 ], [ 76.5786, 12.8734 ], [ 76.5798, 12.8712 ], [ 76.5747, 12.867 ], [ 76.5771, 12.8462 ], [ 76.5635, 12.8445 ], [ 76.5558, 12.8461 ], [ 76.5467, 12.8414 ], [ 76.5355, 12.8443 ], [ 76.5203, 12.8415 ], [ 76.517, 12.8339 ], [ 76.5181, 12.8269 ], [ 76.5093, 12.8223 ], [ 76.5017, 12.8223 ], [ 76.4919, 12.8079 ], [ 76.4917, 12.8055 ], [ 76.4951, 12.8031 ], [ 76.4903, 12.789 ], [ 76.4932, 12.7822 ], [ 76.498, 12.779 ], [ 76.4983, 12.7745 ], [ 76.4978, 12.7707 ], [ 76.4909, 12.7651 ], [ 76.4877, 12.7718 ], [ 76.4895, 12.7847 ], [ 76.4783, 12.7798 ], [ 76.4757, 12.7709 ], [ 76.4569, 12.7767 ], [ 76.4552, 12.7799 ], [ 76.4568, 12.7886 ], [ 76.4611, 12.7885 ], [ 76.4688, 12.7943 ], [ 76.4696, 12.8009 ], [ 76.4674, 12.8042 ], [ 76.4633, 12.8049 ], [ 76.4616, 12.8021 ], [ 76.4568, 12.8025 ], [ 76.4574, 12.8065 ], [ 76.4507, 12.8096 ], [ 76.4507, 12.812 ], [ 76.4444, 12.8181 ], [ 76.445, 12.8213 ], [ 76.4242, 12.826 ], [ 76.4204, 12.8432 ], [ 76.4258, 12.8462 ], [ 76.4268, 12.8541 ], [ 76.4253, 12.8575 ], [ 76.4166, 12.8597 ], [ 76.4149, 12.8657 ], [ 76.4067, 12.8659 ], [ 76.4073, 12.8454 ], [ 76.3975, 12.8475 ], [ 76.3912, 12.8444 ], [ 76.3858, 12.8451 ], [ 76.388, 12.8408 ], [ 76.3865, 12.8365 ], [ 76.3818, 12.8301 ], [ 76.3772, 12.828 ], [ 76.3751, 12.8314 ], [ 76.3703, 12.8292 ], [ 76.3634, 12.8372 ], [ 76.3417, 12.8394 ], [ 76.333, 12.8522 ], [ 76.3252, 12.8562 ], [ 76.3272, 12.8479 ], [ 76.3196, 12.8415 ], [ 76.3192, 12.8273 ], [ 76.3077, 12.8237 ], [ 76.3098, 12.8263 ], [ 76.3074, 12.8278 ], [ 76.3091, 12.8309 ], [ 76.3041, 12.8391 ], [ 76.2946, 12.8396 ], [ 76.296, 12.8464 ], [ 76.3016, 12.8475 ], [ 76.3036, 12.8538 ], [ 76.3044, 12.8747 ], [ 76.3179, 12.8727 ], [ 76.323, 12.8798 ], [ 76.318, 12.8841 ], [ 76.3164, 12.8905 ], [ 76.3127, 12.8915 ], [ 76.3066, 12.8983 ], [ 76.2995, 12.8965 ], [ 76.28, 12.8988 ], [ 76.2806, 12.9083 ], [ 76.2936, 12.9146 ], [ 76.2962, 12.9279 ], [ 76.2904, 12.9307 ], [ 76.295, 12.949 ], [ 76.2741, 12.9545 ], [ 76.2726, 12.9904 ], [ 76.287, 12.9885 ], [ 76.2842, 12.9976 ], [ 76.285, 13.0035 ], [ 76.2757, 13.0194 ], [ 76.2797, 13.0232 ], [ 76.2791, 13.0387 ], [ 76.283, 13.0437 ], [ 76.2841, 13.053 ], [ 76.2932, 13.052 ], [ 76.2949, 13.0562 ], [ 76.2967, 13.0729 ], [ 76.2951, 13.079 ], [ 76.3116, 13.0823 ], [ 76.3172, 13.0869 ], [ 76.3181, 13.0916 ], [ 76.3227, 13.092 ], [ 76.3392, 13.0854 ], [ 76.3433, 13.0917 ], [ 76.348, 13.0904 ], [ 76.361, 13.0934 ], [ 76.3629, 13.1019 ], [ 76.361, 13.1038 ], [ 76.3605, 13.1158 ], [ 76.3587, 13.115 ], [ 76.3584, 13.1168 ], [ 76.369, 13.1206 ], [ 76.3668, 13.1216 ], [ 76.367, 13.1286 ], [ 76.3689, 13.1316 ], [ 76.3782, 13.1357 ], [ 76.3777, 13.1428 ], [ 76.3798, 13.1428 ], [ 76.381, 13.15 ], [ 76.4042, 13.1509 ], [ 76.4109, 13.1567 ], [ 76.4125, 13.1637 ], [ 76.4244, 13.1649 ], [ 76.4288, 13.1721 ] ] ] } },
{ "type": "Feature", "properties": { "area_id": "KGIS-T-2401", "name_en": "Mangalore", "name_kn": "", "level": "block", "parent_id": "KGIS-D-24", "district_en": "Dakshina Kannada", "lgd_code": null }, "geometry": { "type": "Polygon", "coordinates": [ [ [ 74.826, 13.1294 ], [ 74.8623, 13.1264 ], [ 74.8636, 13.1221 ], [ 74.8682, 13.1211 ], [ 74.8732, 13.1108 ], [ 74.8743, 13.0987 ], [ 74.8787, 13.0946 ], [ 74.8876, 13.0986 ], [ 74.8914, 13.093 ], [ 74.8917, 13.0813 ], [ 74.8873, 13.0723 ], [ 74.8918, 13.0664 ], [ 74.8902, 13.0605 ], [ 74.8833, 13.0535 ], [ 74.8874, 13.0444 ], [ 74.8971, 13.0388 ], [ 74.8961, 13.0322 ], [ 74.9089, 13.0257 ], [ 74.9079, 13.0379 ], [ 74.9163, 13.0364 ], [ 74.9185, 13.0385 ], [ 74.918, 13.0353 ], [ 74.9236, 13.0378 ], [ 74.9263, 13.0343 ], [ 74.9302, 13.0354 ], [ 74.9312, 13.0327 ], [ 74.9334, 13.0352 ], [ 74.9317, 13.0225 ], [ 74.9368, 13.0142 ], [ 74.9294, 13.0087 ], [ 74.933, 13.0051 ], [ 74.9422, 13.0063 ], [ 74.9471, 13.0156 ], [ 74.9508, 13.018 ], [ 74.9572, 13.0189 ], [ 74.9573, 13.0164 ], [ 74.965, 13.0146 ], [ 74.9646, 13.0169 ], [ 74.9694, 13.018 ], [ 74.9775, 13.0281 ], [ 74.982, 13.0264 ], [ 74.9991, 13.0165 ], [ 74.9943, 13.0076 ], [ 74.9957, 13.0051 ], [ 74.9885, 13.0053 ], [ 74.9854, 13.0029 ], [ 74.9848, 12.9972 ], [ 74.9879, 12.9951 ], [ 74.9873, 12.9928 ], [ 74.9919, 12.9892 ], [ 75.0006, 12.9897 ], [ 75.0032, 12.9855 ], [ 75.0111, 12.9843 ], [ 75.0123, 12.978 ], [ 75.0096, 12.9705 ], [ 75.0122, 12.9632 ], [ 75.0108, 12.9567 ], [ 75.0049, 12.9545 ], [ 74.9933, 12.9564 ], [ 74.9905, 12.9508 ], [ 74.9736, 12.9531 ], [ 74.9615, 12.9464 ], [ 74.9565, 12.9399 ], [ 74.9482, 12.9369 ], [ 74.9635, 12.9193 ], [ 74.962, 12.9126 ], [ 74.9664, 12.9108 ], [ 74.965, 12.9028 ], [ 74.9545, 12.8965 ], [ 74.9508, 12.9043 ], [ 74.9477, 12.903 ], [ 74.9467, 12.895 ], [ 74.9363, 12.8941 ], [ 74.9356, 12.8903 ], [ 74.9374, 12.8891 ], [ 74.9339, 12.8829 ], [ 74.94, 12.881 ], [ 74.9439, 12.8861 ], [ 74.9542, 12.8883 ], [ 74.9516, 12.8846 ], [ 74.9536, 12.8814 ], [ 74.9515, 12.8754 ], [ 74.9529, 12.8773 ], [ 74.956, 12.8759 ], [ 74.9542, 12.8746 ], [ 74.9549, 12.87 ], [ 74.9592, 12.8672 ], [ 74.9644, 12.8555 ], [ 74.9772, 12.8498 ], [ 74.9765, 12.8314 ], [ 74.9816, 12.8326 ], [ 74.9805, 12.8283 ], [ 74.9627, 12.8259 ], [ 74.9604, 12.828 ], [ 74.9655, 12.8335 ], [ 74.9614, 12.8384 ], [ 74.9633, 12.8415 ], [ 74.9573, 12.8454 ], [ 74.9541, 12.8423 ], [ 74.9503, 12.8462 ], [ 74.9387, 12.8491 ], [ 74.9313, 12.8344 ], [ 74.9333, 12.8283 ], [ 74.9317, 12.8103 ], [ 74.9245, 12.802 ], [ 74.9283, 12.8017 ], [ 74.9273, 12.7982 ], [ 74.9304, 12.7949 ], [ 74.9122, 12.7873 ], [ 74.9085, 12.782 ], [ 74.9092, 12.7792 ], [ 74.9075, 12.7788 ], [ 74.9065, 12.7837 ], [ 74.9009, 12.7835 ], [ 74.9031, 12.7814 ], [ 74.903, 12.7657 ], [ 74.899, 12.7624 ], [ 74.8931, 12.7623 ], [ 74.8831, 12.754 ], [ 74.875, 12.7545 ], [ 74.8722, 12.7613 ], [ 74.8649, 12.7593 ], [ 74.854, 12.785 ], [ 74.8467, 12.7949 ], [ 74.8306, 12.8404 ], [ 74.8247, 12.847 ], [ 74.8177, 12.885 ], [ 74.8122, 12.8976 ], [ 74.778, 13.063 ], [ 74.777, 13.0713 ], [ 74.7795, 13.0715 ], [ 74.7767, 13.0819 ], [ 74.7808, 13.0909 ], [ 74.7779, 13.1031 ], [ 74.7818, 13.1046 ], [ 74.7861, 13.0992 ], [ 74.7927, 13.0967 ], [ 74.7972, 13.1011 ], [ 74.7987, 13.1082 ], [ 74.7971, 13.1108 ], [ 74.7937, 13.1097 ], [ 74.7913, 13.1169 ], [ 74.7957, 13.1182 ], [ 74.8004, 13.1148 ], [ 74.8065, 13.1161 ], [ 74.8098, 13.1133 ], [ 74.8146, 13.1227 ], [ 74.8227, 13.1239 ], [ 74.826, 13.1294 ] ] ] } },
{ "type": "Feature", "properties": { "area_id": "KGIS-T-2402", "name_en": "Bantwal", "name_kn": "ಬಂಟ್ವಾಳ", "level": "block", "parent_id": "KGIS-D-24", "district_en": "Dakshina Kannada", "lgd_code": null }, "geometry": { "type": "Polygon", "coordinates": [ [ [ 75.0443, 13.0165 ], [ 75.0564, 13.0112 ], [ 75.0579, 13.0084 ], [ 75.0663, 13.0102 ], [ 75.0673, 13.0034 ], [ 75.064, 13.0001 ], [ 75.077, 13.0023 ], [ 75.0852, 12.9996 ], [ 75.0848, 12.9942 ], [ 75.0887, 12.9879 ], [ 75.0934, 12.9898 ], [ 75.0917, 12.9938 ], [ 75.0982, 12.9963 ], [ 75.1008, 12.9922 ], [ 75.1121, 12.9905 ], [ 75.1236, 12.981 ], [ 75.1269, 12.975 ], [ 75.1245, 12.9743 ], [ 75.1277, 12.9734 ], [ 75.1563, 12.9809 ], [ 75.162, 12.9618 ], [ 75.1692, 12.9495 ], [ 75.1673, 12.9402 ], [ 75.1547, 12.9397 ], [ 75.1615, 12.9248 ], [ 75.1741, 12.9275 ], [ 75.1784, 12.9257 ], [ 75.1867, 12.9297 ], [ 75.1952, 12.9264 ], [ 75.2041, 12.9097 ], [ 75.2003, 12.909 ], [ 75.2014, 12.9059 ], [ 75.1958, 12.9049 ], [ 75.1935, 12.9017 ], [ 75.1938, 12.8926 ], [ 75.1882, 12.892 ], [ 75.1864, 12.8876 ], [ 75.1893, 12.8828 ], [ 75.1944, 12.8861 ], [ 75.1963, 12.8834 ], [ 75.2016, 12.883 ], [ 75.1978, 12.8773 ], [ 75.199, 12.8722 ], [ 75.1963, 12.8721 ], [ 75.1871, 12.8637 ], [ 75.1695, 12.8629 ], [ 75.1675, 12.8573 ], [ 75.1604, 12.8552 ], [ 75.1604, 12.8527 ], [ 75.1796, 12.8483 ], [ 75.1905, 12.8429 ], [ 75.2, 12.8468 ], [ 75.2173, 12.8416 ], [ 75.2214, 12.8394 ], [ 75.2159, 12.8309 ], [ 75.2151, 12.824 ], [ 75.2027, 12.8206 ], [ 75.2045, 12.8146 ], [ 75.1989, 12.8071 ], [ 75.1873, 12.8112 ], [ 75.178, 12.81 ], [ 75.174, 12.8013 ], [ 75.1683, 12.7996 ], [ 75.1643, 12.8018 ], [ 75.1625, 12.7999 ], [ 75.1559, 12.803 ], [ 75.1516, 12.8007 ], [ 75.1505, 12.7945 ], [ 75.1467, 12.7942 ], [ 75.1464, 12.7893 ], [ 75.1548, 12.7866 ], [ 75.157, 12.7813 ], [ 75.1457, 12.7725 ], [ 75.1459, 12.7694 ], [ 75.152, 12.7629 ], [ 75.1508, 12.7573 ], [ 75.1545, 12.7553 ], [ 75.1636, 12.7413 ], [ 75.1629, 12.735 ], [ 75.1782, 12.7245 ], [ 75.1713, 12.712 ], [ 75.1716, 12.7036 ], [ 75.167, 12.701 ], [ 75.1682, 12.6979 ], [ 75.164, 12.6955 ], [ 75.1607, 12.6886 ], [ 75.1606, 12.6808 ], [ 75.1499, 12.6829 ], [ 75.1429, 12.6777 ], [ 75.139, 12.6796 ], [ 75.1372, 12.6757 ], [ 75.1335, 12.6779 ], [ 75.1329, 12.6752 ], [ 75.129, 12.6758 ], [ 75.1245, 12.6812 ], [ 75.1224, 12.6786 ], [ 75.112, 12.6815 ], [ 75.1138, 12.6843 ], [ 75.1108, 12.6908 ], [ 75.1074, 12.6915 ], [ 75.1054, 12.6977 ], [ 75.0928, 12.7004 ], [ 75.0847, 12.7053 ], [ 75.0852, 12.7032 ], [ 75.0807, 12.6992 ], [ 75.085, 12.6956 ], [ 75.0833, 12.6937 ], [ 75.0854, 12.692 ], [ 75.0872, 12.6761 ], [ 75.0796, 12.671 ], [ 75.0737, 12.6719 ], [ 75.0671, 12.6635 ], [ 75.0593, 12.6715 ], [ 75.0588, 12.666 ], [ 75.0535, 12.6697 ], [ 75.0468, 12.6665 ], [ 75.0423, 12.6724 ], [ 75.0434, 12.6817 ], [ 75.0404, 12.6841 ], [ 75.043, 12.6878 ], [ 75.0429, 12.6931 ], [ 75.0468, 12.6948 ], [ 75.0531, 12.6911 ], [ 75.056, 12.6932 ], [ 75.0508, 12.7037 ], [ 75.0521, 12.7069 ], [ 75.0546, 12.707 ], [ 75.0502, 12.7159 ], [ 75.0517, 12.7201 ], [ 75.0448, 12.7224 ], [ 75.0432, 12.721 ], [ 75.0378, 12.7242 ], [ 75.0266, 12.719 ], [ 75.0185, 12.7211 ], [ 75.0157, 12.7139 ], [ 75.0013, 12.7161 ], [ 75.001, 12.7198 ], [ 75.0049, 12.7197 ], [ 75.0132, 12.7283 ], [ 74.999, 12.7326 ], [ 74.9963, 12.7355 ], [ 74.986, 12.7339 ], [ 74.9839, 12.7364 ], [ 74.9846, 12.7437 ], [ 74.9877, 12.7426 ], [ 74.992, 12.7468 ], [ 75.0083, 12.7671 ], [ 75.0029, 12.7801 ], [ 75.0052, 12.791 ], [ 74.9995, 12.7907 ], [ 75.0025, 12.7882 ], [ 74.9982, 12.7866 ], [ 74.9993, 12.7886 ], [ 74.9946, 12.7905 ], [ 74.9912, 12.7959 ], [ 74.9875, 12.7939 ], [ 74.9861, 12.7961 ], [ 74.9861, 12.7927 ], [ 74.9887, 12.7928 ], [ 74.9924, 12.788 ], [ 74.9864, 12.7823 ], [ 74.9832, 12.7829 ], [ 74.9825, 12.78 ], [ 74.9665, 12.7766 ], [ 74.9673, 12.7796 ], [ 74.9644, 12.7823 ], [ 74.9603, 12.7785 ], [ 74.9587, 12.7849 ], [ 74.9505, 12.7845 ], [ 74.9417, 12.7802 ], [ 74.9254, 12.7775 ], [ 74.9173, 12.7717 ], [ 74.9174, 12.7772 ], [ 74.9173, 12.7718 ], [ 74.9031, 12.766 ], [ 74.9031, 12.7814 ], [ 74.9009, 12.7835 ], [ 74.9065, 12.7837 ], [ 74.9075, 12.7788 ], [ 74.9092, 12.7792 ], [ 74.9085, 12.782 ], [ 74.9122, 12.7873 ], [ 74.9304, 12.7949 ], [ 74.9273, 12.7982 ], [ 74.9283, 12.8017 ], [ 74.9245, 12.802 ], [ 74.9317, 12.8103 ], [ 74.9333, 12.8283 ], [ 74.9313, 12.8344 ], [ 74.9387, 12.8491 ], [ 74.9503, 12.8462 ], [ 74.9541, 12.8423 ], [ 74.9573, 12.8454 ], [ 74.9633, 12.8415 ], [ 74.9614, 12.8384 ], [ 74.9655, 12.8335 ], [ 74.9604, 12.828 ], [ 74.9627, 12.8259 ], [ 74.9784, 12.8274 ], [ 74.9818, 12.8319 ], [ 74.9765, 12.8314 ], [ 74.9771, 12.85 ], [ 74.9644, 12.8555 ], [ 74.9592, 12.8672 ], [ 74.9549, 12.87 ], [ 74.9542, 12.8746 ], [ 74.956, 12.8759 ], [ 74.9529, 12.8773 ], [ 74.9515, 12.8754 ], [ 74.9536, 12.8814 ], [ 74.9516, 12.8846 ], [ 74.9542, 12.8883 ], [ 74.9439, 12.8861 ], [ 74.94, 12.881 ], [ 74.9339, 12.8829 ], [ 74.9374, 12.8891 ], [ 74.9356, 12.8903 ], [ 74.9363, 12.8941 ], [ 74.9467, 12.895 ], [ 74.9477, 12.903 ], [ 74.9508, 12.9043 ], [ 74.9545, 12.8965 ], [ 74.965, 12.9028 ], [ 74.9664, 12.9108 ], [ 74.962, 12.9126 ], [ 74.9635, 12.9193 ], [ 74.9482, 12.9369 ], [ 74.9565, 12.9399 ], [ 74.9615, 12.9464 ], [ 74.9736, 12.9531 ], [ 74.9905, 12.9508 ], [ 74.9933, 12.9564 ], [ 75.0049, 12.9545 ], [ 75.0108, 12.9567 ], [ 75.0122, 12.9632 ], [ 75.0096, 12.9705 ], [ 75.0123, 12.978 ], [ 75.0107, 12.9835 ], [ 75.0171, 12.9962 ], [ 75.028, 12.9998 ], [ 75.0324, 13.0141 ], [ 75.0443, 13.0165 ] ] ] } },
{ "type": "Feature", "properties": { "area_id": "KGIS-T-2403", "name_en": "Belthangady", "name_kn": "", "level": "block", "parent_id": "KGIS-D-24", "district_en": "Dakshina Kannada", "lgd_code": null }, "geometry": { "type": "Polygon", "coordinates": [ [ [ 75.3558, 13.1872 ], [ 75.3633, 13.182 ], [ 75.3782, 13.1813 ], [ 75.3842, 13.1779 ], [ 75.3938, 13.1663 ], [ 75.407, 13.1581 ], [ 75.4096, 13.1501 ], [ 75.4073, 13.1397 ], [ 75.4118, 13.1249 ], [ 75.4063, 13.1117 ], [ 75.4154, 13.1056 ], [ 75.4188, 13.1075 ], [ 75.4238, 13.1061 ], [ 75.4268, 13.1143 ], [ 75.432, 13.1175 ], [ 75.4322, 13.1204 ], [ 75.4413, 13.1144 ], [ 75.4439, 13.106 ], [ 75.449, 13.109 ], [ 75.4563, 13.1095 ], [ 75.4737, 13.094 ], [ 75.4665, 13.0829 ], [ 75.4676, 13.0768 ], [ 75.4722, 13.0788 ], [ 75.478, 13.0768 ], [ 75.4804, 13.0844 ], [ 75.4878, 13.0902 ], [ 75.4917, 13.0893 ], [ 75.5078, 13.0692 ], [ 75.5187, 13.0607 ], [ 75.5195, 13.0586 ], [ 75.5149, 13.0547 ], [ 75.527, 13.0494 ], [ 75.5263, 13.0381 ], [ 75.5201, 13.0304 ], [ 75.5207, 13.0273 ], [ 75.5292, 13.025 ], [ 75.5326, 13.0091 ], [ 75.53, 13.002 ], [ 75.5245, 13.002 ], [ 75.5274, 12.9964 ], [ 75.5207, 12.9857 ], [ 75.5018, 12.9811 ], [ 75.5096, 12.9805 ], [ 75.5172, 12.97 ], [ 75.5264, 12.9693 ], [ 75.5331, 12.9599 ], [ 75.5457, 12.9562 ], [ 75.5529, 12.95 ], [ 75.551, 12.9454 ], [ 75.5533, 12.9425 ], [ 75.5514, 12.9362 ], [ 75.553, 12.9135 ], [ 75.5459, 12.9044 ], [ 75.5485, 12.8936 ], [ 75.5521, 12.8888 ], [ 75.5524, 12.8653 ], [ 75.5012, 12.8662 ], [ 75.4987, 12.8637 ], [ 75.4991, 12.8578 ], [ 75.4969, 12.8572 ], [ 75.5004, 12.8522 ], [ 75.4976, 12.8497 ], [ 75.4955, 12.8405 ], [ 75.4956, 12.8299 ], [ 75.4712, 12.8267 ], [ 75.4653, 12.8238 ], [ 75.4643, 12.8182 ], [ 75.441, 12.8325 ], [ 75.4476, 12.8443 ], [ 75.4461, 12.8509 ], [ 75.443, 12.8495 ], [ 75.4403, 12.852 ], [ 75.442, 12.8589 ], [ 75.4405, 12.8694 ], [ 75.4381, 12.8682 ], [ 75.4356, 12.8707 ], [ 75.434, 12.8774 ], [ 75.4312, 12.878 ], [ 75.4305, 12.8739 ], [ 75.4271, 12.8807 ], [ 75.4155, 12.8851 ], [ 75.4165, 12.8813 ], [ 75.4112, 12.8767 ], [ 75.4006, 12.8773 ], [ 75.4035, 12.8699 ], [ 75.4067, 12.8678 ], [ 75.4052, 12.8634 ], [ 75.412, 12.8614 ], [ 75.4106, 12.8445 ], [ 75.4062, 12.8447 ], [ 75.4049, 12.8421 ], [ 75.4015, 12.8418 ], [ 75.4001, 12.8452 ], [ 75.3888, 12.8428 ], [ 75.3857, 12.8487 ], [ 75.3805, 12.8486 ], [ 75.36, 12.8604 ], [ 75.3623, 12.8628 ], [ 75.3567, 12.8694 ], [ 75.3488, 12.8734 ], [ 75.3445, 12.8708 ], [ 75.3384, 12.879 ], [ 75.3334, 12.8784 ], [ 75.3319, 12.8688 ], [ 75.3269, 12.8628 ], [ 75.3274, 12.8586 ], [ 75.3252, 12.8563 ], [ 75.3186, 12.8554 ], [ 75.3101, 12.8498 ], [ 75.3026, 12.8499 ], [ 75.2877, 12.8416 ], [ 75.2724, 12.8426 ], [ 75.2649, 12.837 ], [ 75.2499, 12.8413 ], [ 75.2265, 12.8376 ], [ 75.2, 12.8468 ], [ 75.1905, 12.8429 ], [ 75.1796, 12.8483 ], [ 75.1614, 12.8521 ], [ 75.1604, 12.8552 ], [ 75.1675, 12.8573 ], [ 75.1695, 12.8629 ], [ 75.1871, 12.8637 ], [ 75.1963, 12.8721 ], [ 75.199, 12.8722 ], [ 75.1978, 12.8773 ], [ 75.2016, 12.883 ], [ 75.1963, 12.8834 ], [ 75.1944, 12.8861 ], [ 75.1893, 12.8828 ], [ 75.1864, 12.8876 ], [ 75.1882, 12.892 ], [ 75.1938, 12.8926 ], [ 75.1935, 12.9017 ], [ 75.1958, 12.9049 ], [ 75.2014, 12.9059 ], [ 75.2003, 12.909 ], [ 75.2041, 12.9094 ], [ 75.1952, 12.9264 ], [ 75.1867, 12.9297 ], [ 75.1784, 12.9257 ], [ 75.1741, 12.9275 ], [ 75.1615, 12.9248 ], [ 75.1547, 12.9397 ], [ 75.1673, 12.9402 ], [ 75.1692, 12.9495 ], [ 75.162, 12.9618 ], [ 75.1563, 12.9809 ], [ 75.1277, 12.9734 ], [ 75.1245, 12.9743 ], [ 75.1269, 12.975 ], [ 75.1236, 12.981 ], [ 75.1121, 12.9905 ], [ 75.1008, 12.9922 ], [ 75.0982, 12.9963 ], [ 75.0917, 12.9938 ], [ 75.0934, 12.9898 ], [ 75.0887, 12.9879 ], [ 75.0848, 12.9942 ], [ 75.0852, 12.9996 ], [ 75.077, 13.0023 ], [ 75.064, 13.0001 ], [ 75.0673, 13.0034 ], [ 75.0663, 13.0102 ], [ 75.0579, 13.0084 ], [ 75.0564, 13.0112 ], [ 75.0442, 13.0166 ], [ 75.056, 13.0302 ], [ 75.067, 13.0342 ], [ 75.066, 13.0444 ], [ 75.0778, 13.0454 ], [ 75.0836, 13.063 ], [ 75.0892, 13.0659 ], [ 75.0906, 13.0775 ], [ 75.0936, 13.0774 ], [ 75.0997, 13.0834 ], [ 75.0967, 13.0883 ], [ 75.1084, 13.0982 ], [ 75.1088, 13.1013 ], [ 75.1118, 13.1019 ], [ 75.1164, 13.1096 ], [ 75.1201, 13.1105 ], [ 75.1205, 13.1132 ], [ 75.1224, 13.1123 ], [ 75.1216, 13.1175 ], [ 75.126, 13.1175 ], [ 75.1259, 13.1272 ], [ 75.1294, 13.1332 ], [ 75.1363, 13.1333 ], [ 75.1374, 13.1309 ], [ 75.1401, 13.1323 ], [ 75.1427, 13.1302 ], [ 75.1447, 13.1322 ], [ 75.145, 13.1254 ], [ 75.1487, 13.1233 ], [ 75.1523, 13.1249 ], [ 75.1594, 13.1316 ], [ 75.1621, 13.1301 ], [ 75.169, 13.1415 ], [ 75.179, 13.1498 ], [ 75.1845, 13.1611 ], [ 75.207, 13.1583 ], [ 75.205, 13.1546 ], [ 75.2076, 13.151 ], [ 75.2159, 13.1546 ], [ 75.2231, 13.1462 ], [ 75.2267, 13.1471 ], [ 75.2302, 13.1405 ], [ 75.2374, 13.1389 ], [ 75.2437, 13.1294 ], [ 75.2551, 13.1293 ], [ 75.2618, 13.1237 ], [ 75.2708, 13.1247 ], [ 75.2778, 13.1318 ], [ 75.2809, 13.1246 ], [ 75.2833, 13.1258 ], [ 75.2851, 13.1228 ], [ 75.2883, 13.1227 ], [ 75.2909, 13.1295 ], [ 75.3039, 13.1257 ], [ 75.3106, 13.1294 ], [ 75.3114, 13.138 ], [ 75.3184, 13.1397 ], [ 75.3177, 13.1506 ], [ 75.3243, 13.1659 ], [ 75.329, 13.1641 ], [ 75.3314, 13.1706 ], [ 75.3398, 13.1793 ], [ 75.3558, 13.1872 ] ] ] } },
{ "type": "Feature", "properties": { "area_id": "KGIS-T-2404", "name_en": "Puttur", "name_kn": "ಪುತ್ತೂರು", "level": "block", "parent_id": "KGIS-D-24", "district_en": "Dakshina Kannada", "lgd_code": "5564" }, "geometry": { "type": "Polygon", "coordinates": [ [ [ 75.3274, 12.8586 ], [ 75.3317, 12.8431 ], [ 75.3398, 12.8364 ], [ 75.3393, 12.8331 ], [ 75.3412, 12.8337 ], [ 75.3433, 12.8137 ], [ 75.3307, 12.8097 ], [ 75.3285, 12.8185 ], [ 75.3222, 12.8211 ], [ 75.3161, 12.8206 ], [ 75.3092, 12.8165 ], [ 75.2993, 12.8179 ], [ 75.2981, 12.8147 ], [ 75.3016, 12.8113 ], [ 75.2947, 12.811 ], [ 75.2936, 12.805 ], [ 75.2791, 12.7987 ], [ 75.2803, 12.7942 ], [ 75.2719, 12.7885 ], [ 75.2692, 12.7829 ], [ 75.277, 12.7777 ], [ 75.287, 12.7842 ], [ 75.2909, 12.7833 ], [ 75.2942, 12.7733 ], [ 75.2932, 12.7697 ], [ 75.2988, 12.7632 ], [ 75.2979, 12.7523 ], [ 75.294, 12.7525 ], [ 75.2934, 12.7505 ], [ 75.2939, 12.7467 ], [ 75.2981, 12.7449 ], [ 75.2966, 12.7426 ], [ 75.2988, 12.7326 ], [ 75.2955, 12.7262 ], [ 75.2991, 12.7203 ], [ 75.298, 12.7156 ], [ 75.3005, 12.708 ], [ 75.3072, 12.6996 ], [ 75.3194, 12.6962 ], [ 75.3242, 12.6898 ], [ 75.3206, 12.6858 ], [ 75.3127, 12.6862 ], [ 75.3108, 12.6813 ], [ 75.3048, 12.6811 ], [ 75.3065, 12.6735 ], [ 75.3092, 12.6719 ], [ 75.3075, 12.6656 ], [ 75.3176, 12.6633 ], [ 75.3233, 12.665 ], [ 75.3269, 12.6704 ], [ 75.3243, 12.6837 ], [ 75.3278, 12.6877 ], [ 75.3492, 12.6673 ], [ 75.3456, 12.6689 ], [ 75.3412, 12.6631 ], [ 75.3433, 12.6576 ], [ 75.3512, 12.6524 ], [ 75.3413, 12.6372 ], [ 75.353, 12.6181 ], [ 75.3531, 12.613 ], [ 75.3263, 12.6211 ], [ 75.3228, 12.6186 ], [ 75.2991, 12.626 ], [ 75.2943, 12.6204 ], [ 75.2895, 12.62 ], [ 75.2875, 12.6175 ], [ 75.2806, 12.6162 ], [ 75.2757, 12.6182 ], [ 75.268, 12.6143 ], [ 75.2652, 12.6111 ], [ 75.2666, 12.607 ], [ 75.2626, 12.5985 ], [ 75.2563, 12.596 ], [ 75.2499, 12.5842 ], [ 75.2415, 12.5795 ], [ 75.2392, 12.5806 ], [ 75.2368, 12.576 ], [ 75.238, 12.5691 ], [ 75.2199, 12.5688 ], [ 75.2174, 12.5761 ], [ 75.2129, 12.5777 ], [ 75.2093, 12.5916 ], [ 75.2011, 12.5875 ], [ 75.2023, 12.594 ], [ 75.2106, 12.597 ], [ 75.208, 12.6065 ], [ 75.2002, 12.6101 ], [ 75.1977, 12.6141 ], [ 75.2015, 12.6201 ], [ 75.2013, 12.6304 ], [ 75.1912, 12.6331 ], [ 75.1907, 12.6352 ], [ 75.1858, 12.6322 ], [ 75.1816, 12.6327 ], [ 75.1698, 12.6225 ], [ 75.1642, 12.6242 ], [ 75.1608, 12.6224 ], [ 75.1534, 12.6253 ], [ 75.1451, 12.6389 ], [ 75.1427, 12.6383 ], [ 75.1382, 12.6437 ], [ 75.1501, 12.6496 ], [ 75.1572, 12.6628 ], [ 75.1614, 12.6717 ], [ 75.1503, 12.6727 ], [ 75.1484, 12.675 ], [ 75.1522, 12.6828 ], [ 75.1608, 12.681 ], [ 75.1607, 12.6886 ], [ 75.164, 12.6955 ], [ 75.1682, 12.6979 ], [ 75.167, 12.701 ], [ 75.1716, 12.7036 ], [ 75.1713, 12.712 ], [ 75.1783, 12.7242 ], [ 75.1629, 12.735 ], [ 75.1636, 12.7413 ], [ 75.1545, 12.7553 ], [ 75.1508, 12.7573 ], [ 75.152, 12.7629 ], [ 75.1459, 12.7694 ], [ 75.1457, 12.7725 ], [ 75.157, 12.7813 ], [ 75.1548, 12.7866 ], [ 75.1464, 12.7893 ], [ 75.1467, 12.7942 ], [ 75.1505, 12.7945 ], [ 75.1516, 12.8007 ], [ 75.1559, 12.803 ], [ 75.1625, 12.7999 ], [ 75.1643, 12.8018 ], [ 75.1683, 12.7996 ], [ 75.174, 12.8013 ], [ 75.178, 12.81 ], [ 75.1873, 12.8112 ], [ 75.1989, 12.8071 ], [ 75.2045, 12.8146 ], [ 75.2027, 12.8206 ], [ 75.2151, 12.824 ], [ 75.2159, 12.8309 ], [ 75.2214, 12.8394 ], [ 75.2292, 12.8376 ], [ 75.2499, 12.8413 ], [ 75.2649, 12.837 ], [ 75.2724, 12.8426 ], [ 75.2877, 12.8416 ], [ 75.3026, 12.8499 ], [ 75.3101, 12.8498 ], [ 75.3274, 12.8586 ] ] ] } },
{ "type": "Feature", "properties": { "area_id": "KGIS-T-2405", "name_en": "Sulya", "name_kn": "ಸುಳ್ಯ", "level": "block", "parent_id": "KGIS-D-24", "district_en": "Dakshina Kannada", "lgd_code": "5565" }, "geometry": { "type": "Polygon", "coordinates": [ [ [ 75.349, 12.7163 ], [ 75.3465, 12.7094 ], [ 75.3484, 12.7076 ], [ 75.3519, 12.7097 ], [ 75.3569, 12.7045 ], [ 75.3607, 12.7047 ], [ 75.3602, 12.7073 ], [ 75.3665, 12.7112 ], [ 75.3687, 12.7094 ], [ 75.3707, 12.7122 ], [ 75.3848, 12.6985 ], [ 75.3848, 12.6952 ], [ 75.3824, 12.6955 ], [ 75.3824, 12.6947 ], [ 75.3869, 12.6926 ], [ 75.3964, 12.6993 ], [ 75.3968, 12.7025 ], [ 75.4005, 12.7006 ], [ 75.403, 12.7019 ], [ 75.403, 12.7144 ], [ 75.4112, 12.7142 ], [ 75.4101, 12.7101 ], [ 75.4174, 12.7073 ], [ 75.4182, 12.6997 ], [ 75.415, 12.6958 ], [ 75.415, 12.6906 ], [ 75.4168, 12.6888 ], [ 75.4191, 12.6905 ], [ 75.4189, 12.6856 ], [ 75.4227, 12.6785 ], [ 75.4269, 12.6797 ], [ 75.4273, 12.6769 ], [ 75.4312, 12.6773 ], [ 75.4395, 12.6713 ], [ 75.4428, 12.6722 ], [ 75.4432, 12.6809 ], [ 75.4445, 12.679 ], [ 75.454, 12.6796 ], [ 75.4521, 12.6866 ], [ 75.4566, 12.6878 ], [ 75.4578, 12.6961 ], [ 75.4604, 12.6889 ], [ 75.4628, 12.691 ], [ 75.4615, 12.6943 ], [ 75.4637, 12.6975 ], [ 75.4658, 12.6975 ], [ 75.4668, 12.6934 ], [ 75.4712, 12.693 ], [ 75.4736, 12.6941 ], [ 75.4742, 12.7021 ], [ 75.4796, 12.7004 ], [ 75.482, 12.7041 ], [ 75.4895, 12.6786 ], [ 75.4955, 12.6786 ], [ 75.4932, 12.6752 ], [ 75.495, 12.6718 ], [ 75.5028, 12.6744 ], [ 75.5057, 12.6691 ], [ 75.5089, 12.6689 ], [ 75.5078, 12.6716 ], [ 75.5113, 12.6762 ], [ 75.5246, 12.6676 ], [ 75.5305, 12.6667 ], [ 75.5312, 12.6599 ], [ 75.534, 12.657 ], [ 75.5329, 12.6521 ], [ 75.5449, 12.6458 ], [ 75.5464, 12.6423 ], [ 75.5594, 12.6524 ], [ 75.5637, 12.6611 ], [ 75.564, 12.6666 ], [ 75.5614, 12.6679 ], [ 75.5652, 12.6718 ], [ 75.5688, 12.6682 ], [ 75.5692, 12.6607 ], [ 75.5729, 12.659 ], [ 75.5745, 12.6533 ], [ 75.5704, 12.6508 ], [ 75.5696, 12.6474 ], [ 75.5729, 12.6445 ], [ 75.5734, 12.6483 ], [ 75.5771, 12.6465 ], [ 75.5814, 12.6504 ], [ 75.5835, 12.6434 ], [ 75.5892, 12.639 ], [ 75.5888, 12.6349 ], [ 75.5986, 12.6329 ], [ 75.5966, 12.6284 ], [ 75.6017, 12.626 ], [ 75.6046, 12.6202 ], [ 75.6175, 12.6199 ], [ 75.6196, 12.6168 ], [ 75.6267, 12.6331 ], [ 75.6309, 12.6302 ], [ 75.6364, 12.6338 ], [ 75.6414, 12.6317 ], [ 75.6423, 12.6274 ], [ 75.6525, 12.622 ], [ 75.6544, 12.6148 ], [ 75.6524, 12.6116 ], [ 75.6562, 12.6033 ], [ 75.661, 12.5993 ], [ 75.6603, 12.5942 ], [ 75.6635, 12.5865 ], [ 75.6607, 12.5802 ], [ 75.6679, 12.5727 ], [ 75.6631, 12.5699 ], [ 75.6685, 12.5655 ], [ 75.6706, 12.5503 ], [ 75.6535, 12.5397 ], [ 75.6415, 12.5375 ], [ 75.6336, 12.5277 ], [ 75.6325, 12.521 ], [ 75.6283, 12.519 ], [ 75.6277, 12.5217 ], [ 75.6234, 12.5151 ], [ 75.6155, 12.5093 ], [ 75.6058, 12.5106 ], [ 75.6057, 12.5193 ], [ 75.5974, 12.5248 ], [ 75.595, 12.5339 ], [ 75.5919, 12.5363 ], [ 75.5828, 12.5275 ], [ 75.5807, 12.5193 ], [ 75.5701, 12.5114 ], [ 75.5634, 12.5105 ], [ 75.5531, 12.4976 ], [ 75.5656, 12.4921 ], [ 75.566, 12.484 ], [ 75.5524, 12.4917 ], [ 75.5348, 12.4944 ], [ 75.5303, 12.4988 ], [ 75.5251, 12.4898 ], [ 75.5028, 12.4879 ], [ 75.4945, 12.484 ], [ 75.4973, 12.4786 ], [ 75.4892, 12.4653 ], [ 75.4929, 12.4626 ], [ 75.4916, 12.4604 ], [ 75.4849, 12.4616 ], [ 75.4801, 12.4683 ], [ 75.4741, 12.4612 ], [ 75.4727, 12.4654 ], [ 75.4596, 12.4739 ], [ 75.4591, 12.4784 ], [ 75.4617, 12.4797 ], [ 75.4616, 12.4852 ], [ 75.4636, 12.4865 ], [ 75.4618, 12.4892 ], [ 75.469, 12.4931 ], [ 75.4726, 12.5005 ], [ 75.4623, 12.5049 ], [ 75.4582, 12.5163 ], [ 75.4561, 12.5166 ], [ 75.4554, 12.5137 ], [ 75.4501, 12.5195 ], [ 75.4458, 12.518 ], [ 75.4462, 12.5207 ], [ 75.4421, 12.5219 ], [ 75.4411, 12.5268 ], [ 75.4365, 12.5289 ], [ 75.4304, 12.5197 ], [ 75.4336, 12.5165 ], [ 75.4305, 12.514 ], [ 75.425, 12.516 ], [ 75.4214, 12.5136 ], [ 75.4181, 12.5145 ], [ 75.4178, 12.5102 ], [ 75.4201, 12.5096 ], [ 75.4151, 12.5047 ], [ 75.4155, 12.502 ], [ 75.412, 12.503 ], [ 75.4027, 12.4994 ], [ 75.3992, 12.5039 ], [ 75.3919, 12.5011 ], [ 75.3827, 12.5028 ], [ 75.379, 12.4965 ], [ 75.3701, 12.4926 ], [ 75.3692, 12.4879 ], [ 75.3718, 12.4871 ], [ 75.3744, 12.481 ], [ 75.3613, 12.4654 ], [ 75.3358, 12.4641 ], [ 75.342, 12.4705 ], [ 75.336, 12.4768 ], [ 75.3374, 12.4945 ], [ 75.3327, 12.4992 ], [ 75.3147, 12.4968 ], [ 75.3121, 12.503 ], [ 75.304, 12.5041 ], [ 75.3035, 12.5233 ], [ 75.29, 12.5234 ], [ 75.2859, 12.527 ], [ 75.2801, 12.5257 ], [ 75.2731, 12.5374 ], [ 75.2768, 12.5416 ], [ 75.2697, 12.5466 ], [ 75.2725, 12.5529 ], [ 75.2689, 12.5635 ], [ 75.2713, 12.5712 ], [ 75.28, 12.5736 ], [ 75.2838, 12.571 ], [ 75.2888, 12.5834 ], [ 75.3024, 12.5812 ], [ 75.3143, 12.5735 ], [ 75.3278, 12.5845 ], [ 75.3271, 12.5924 ], [ 75.3121, 12.5898 ], [ 75.3019, 12.6055 ], [ 75.2915, 12.6021 ], [ 75.2895, 12.6103 ], [ 75.2806, 12.6162 ], [ 75.2943, 12.6204 ], [ 75.2991, 12.626 ], [ 75.3228, 12.6186 ], [ 75.3263, 12.6211 ], [ 75.3531, 12.613 ], [ 75.353, 12.6181 ], [ 75.3413, 12.6372 ], [ 75.3512, 12.6524 ], [ 75.3433, 12.6576 ], [ 75.3412, 12.6631 ], [ 75.3456, 12.6689 ], [ 75.3492, 12.6673 ], [ 75.3339, 12.6814 ], [ 75.333, 12.6871 ], [ 75.339, 12.6899 ], [ 75.3356, 12.6926 ], [ 75.3326, 12.69 ], [ 75.3317, 12.7019 ], [ 75.334, 12.7088 ], [ 75.3376, 12.7116 ], [ 75.3369, 12.7167 ], [ 75.3468, 12.7199 ], [ 75.349, 12.7163 ] ], [ [ 75.5016, 12.6694 ], [ 75.5036, 12.6691 ], [ 75.5036, 12.6718 ], [ 75.5028, 12.6722 ], [ 75.5016, 12.6694 ] ] ] } },
{ "type": "Feature", "properties": { "area_id": "KGIS-T-2406", "name_en": "Mudabidri", "name_kn": "", "level": "block", "parent_id": "KGIS-D-24", "district_en": "Dakshina Kannada", "lgd_code": null }, "geometry": { "type": "Polygon", "coordinates": [ [ [ 75.1002, 13.1599 ], [ 75.1003, 13.1533 ], [ 75.1041, 13.1538 ], [ 75.1045, 13.1486 ], [ 75.1063, 13.1473 ], [ 75.1057, 13.1489 ], [ 75.1142, 13.1504 ], [ 75.1115, 13.1476 ], [ 75.1207, 13.1382 ], [ 75.12, 13.134 ], [ 75.1269, 13.1307 ], [ 75.126, 13.1175 ], [ 75.1222, 13.1186 ], [ 75.1224, 13.1123 ], [ 75.1205, 13.1132 ], [ 75.1201, 13.1105 ], [ 75.1164, 13.1096 ], [ 75.1118, 13.1019 ], [ 75.1088, 13.1013 ], [ 75.1084, 13.0982 ], [ 75.0967, 13.0883 ], [ 75.0997, 13.0834 ], [ 75.0936, 13.0774 ], [ 75.0906, 13.0775 ], [ 75.0892, 13.0659 ], [ 75.0836, 13.063 ], [ 75.0778, 13.0454 ], [ 75.066, 13.0444 ], [ 75.067, 13.0342 ], [ 75.056, 13.0302 ], [ 75.0469, 13.0181 ], [ 75.0324, 13.0141 ], [ 75.028, 12.9998 ], [ 75.0171, 12.9962 ], [ 75.0111, 12.9843 ], [ 75.0032, 12.9855 ], [ 75.0006, 12.9897 ], [ 74.9919, 12.9892 ], [ 74.9873, 12.9928 ], [ 74.9879, 12.9951 ], [ 74.9848, 12.9972 ], [ 74.9854, 13.0029 ], [ 74.9885, 13.0053 ], [ 74.9957, 13.0051 ], [ 74.9943, 13.0076 ], [ 74.9991, 13.0165 ], [ 74.982, 13.0264 ], [ 74.9775, 13.0281 ], [ 74.9694, 13.018 ], [ 74.9646, 13.0169 ], [ 74.965, 13.0146 ], [ 74.9573, 13.0164 ], [ 74.9572, 13.0189 ], [ 74.9508, 13.018 ], [ 74.9471, 13.0156 ], [ 74.9422, 13.0063 ], [ 74.933, 13.0051 ], [ 74.9294, 13.0087 ], [ 74.9368, 13.0142 ], [ 74.9317, 13.0225 ], [ 74.9334, 13.0352 ], [ 74.9312, 13.0327 ], [ 74.9302, 13.0354 ], [ 74.9263, 13.0343 ], [ 74.9236, 13.0378 ], [ 74.918, 13.0353 ], [ 74.9185, 13.0385 ], [ 74.9163, 13.0364 ], [ 74.9079, 13.0379 ], [ 74.9094, 13.0271 ], [ 74.9066, 13.0258 ], [ 74.8961, 13.0322 ], [ 74.8971, 13.0388 ], [ 74.8844, 13.0476 ], [ 74.8837, 13.0559 ], [ 74.8902, 13.0605 ], [ 74.8918, 13.0664 ], [ 74.8873, 13.0723 ], [ 74.8917, 13.0813 ], [ 74.8919, 13.0876 ], [ 74.8876, 13.0987 ], [ 74.8926, 13.103 ], [ 74.9008, 13.1043 ], [ 74.9025, 13.1078 ], [ 74.9116, 13.1085 ], [ 74.908, 13.1113 ], [ 74.9138, 13.1157 ], [ 74.9133, 13.1195 ], [ 74.9074, 13.1215 ], [ 74.9089, 13.129 ], [ 74.9325, 13.147 ], [ 74.9357, 13.1414 ], [ 74.9402, 13.1438 ], [ 74.9425, 13.1415 ], [ 74.941, 13.1356 ], [ 74.9434, 13.1344 ], [ 74.9392, 13.1314 ], [ 74.9523, 13.1181 ], [ 74.975, 13.1276 ], [ 74.9868, 13.1486 ], [ 74.9945, 13.1543 ], [ 75.0027, 13.1456 ], [ 75.0167, 13.1369 ], [ 75.016, 13.1319 ], [ 75.0325, 13.1394 ], [ 75.0359, 13.1432 ], [ 75.05, 13.1355 ], [ 75.0666, 13.1397 ], [ 75.0641, 13.1467 ], [ 75.0735, 13.1491 ], [ 75.0789, 13.1464 ], [ 75.0811, 13.1584 ], [ 75.0934, 13.1598 ], [ 75.0953, 13.1619 ], [ 75.1002, 13.1599 ] ] ] } },
{ "type": "Feature", "properties": { "area_id": "KGIS-T-2407", "name_en": "Kadaba", "name_kn": "ಕಡಬ", "level": "block", "parent_id": "KGIS-D-24", "district_en": "Dakshina Kannada", "lgd_code": null }, "geometry": { "type": "MultiPolygon", "coordinates": [ [ [ [ 75.5043, 12.6701 ], [ 75.5016, 12.6694 ], [ 75.5028, 12.6722 ], [ 75.5043, 12.6701 ] ] ], [ [ [ 75.4155, 12.8851 ], [ 75.4271, 12.8807 ], [ 75.4305, 12.8739 ], [ 75.4312, 12.878 ], [ 75.434, 12.8774 ], [ 75.4356, 12.8707 ], [ 75.4381, 12.8682 ], [ 75.4405, 12.8694 ], [ 75.442, 12.8589 ], [ 75.4403, 12.852 ], [ 75.443, 12.8495 ], [ 75.4461, 12.8509 ], [ 75.4476, 12.8443 ], [ 75.441, 12.8325 ], [ 75.4643, 12.8182 ], [ 75.4653, 12.8238 ], [ 75.4712, 12.8267 ], [ 75.4956, 12.8299 ], [ 75.4955, 12.8405 ], [ 75.4976, 12.8497 ], [ 75.5004, 12.8522 ], [ 75.4969, 12.8572 ], [ 75.4991, 12.8578 ], [ 75.4987, 12.8637 ], [ 75.5012, 12.8662 ], [ 75.5524, 12.8653 ], [ 75.5538, 12.8693 ], [ 75.5608, 12.8698 ], [ 75.5644, 12.8672 ], [ 75.5778, 12.873 ], [ 75.5987, 12.8752 ], [ 75.6023, 12.8739 ], [ 75.6005, 12.8699 ], [ 75.6033, 12.8653 ], [ 75.6126, 12.8621 ], [ 75.618, 12.8564 ], [ 75.6224, 12.8566 ], [ 75.6236, 12.85 ], [ 75.6149, 12.8327 ], [ 75.6149, 12.8281 ], [ 75.6188, 12.825 ], [ 75.6196, 12.8033 ], [ 75.6129, 12.7965 ], [ 75.6129, 12.7937 ], [ 75.6176, 12.7932 ], [ 75.6259, 12.785 ], [ 75.6256, 12.7781 ], [ 75.6313, 12.7762 ], [ 75.6282, 12.7743 ], [ 75.6372, 12.769 ], [ 75.6385, 12.7604 ], [ 75.6579, 12.7511 ], [ 75.6607, 12.7464 ], [ 75.6565, 12.7347 ], [ 75.6552, 12.7202 ], [ 75.6378, 12.7105 ], [ 75.6292, 12.6998 ], [ 75.6365, 12.6916 ], [ 75.6417, 12.6947 ], [ 75.6668, 12.6982 ], [ 75.6481, 12.6664 ], [ 75.6436, 12.6465 ], [ 75.6447, 12.6385 ], [ 75.6414, 12.6316 ], [ 75.6364, 12.6338 ], [ 75.6307, 12.6302 ], [ 75.6267, 12.6331 ], [ 75.6196, 12.6168 ], [ 75.6175, 12.6199 ], [ 75.6046, 12.6202 ], [ 75.6017, 12.626 ], [ 75.5966, 12.6284 ], [ 75.5986, 12.6329 ], [ 75.5888, 12.6349 ], [ 75.5892, 12.639 ], [ 75.5835, 12.6434 ], [ 75.5814, 12.6504 ], [ 75.5771, 12.6465 ], [ 75.5734, 12.6483 ], [ 75.5729, 12.6445 ], [ 75.5696, 12.6474 ], [ 75.5704, 12.6508 ], [ 75.5745, 12.6533 ], [ 75.5729, 12.659 ], [ 75.5692, 12.6607 ], [ 75.5688, 12.6682 ], [ 75.5644, 12.6719 ], [ 75.5614, 12.6679 ], [ 75.564, 12.6666 ], [ 75.5637, 12.6611 ], [ 75.5594, 12.6524 ], [ 75.5464, 12.6423 ], [ 75.5449, 12.6458 ], [ 75.5329, 12.6521 ], [ 75.534, 12.657 ], [ 75.5312, 12.6599 ], [ 75.5305, 12.6667 ], [ 75.5246, 12.6676 ], [ 75.5113, 12.6762 ], [ 75.5078, 12.6716 ], [ 75.5089, 12.6689 ], [ 75.5057, 12.6691 ], [ 75.5028, 12.6744 ], [ 75.495, 12.6718 ], [ 75.4932, 12.6752 ], [ 75.4955, 12.6786 ], [ 75.4895, 12.6786 ], [ 75.482, 12.7041 ], [ 75.4796, 12.7004 ], [ 75.4742, 12.7021 ], [ 75.4736, 12.6941 ], [ 75.4712, 12.693 ], [ 75.4668, 12.6934 ], [ 75.4658, 12.6975 ], [ 75.4637, 12.6975 ], [ 75.4615, 12.6943 ], [ 75.4628, 12.691 ], [ 75.4604, 12.6889 ], [ 75.4578, 12.6961 ], [ 75.4566, 12.6878 ], [ 75.4521, 12.6866 ], [ 75.4544, 12.6838 ], [ 75.4534, 12.6788 ], [ 75.4445, 12.679 ], [ 75.4432, 12.6809 ], [ 75.4428, 12.6722 ], [ 75.4385, 12.6716 ], [ 75.4312, 12.6773 ], [ 75.4273, 12.6769 ], [ 75.4269, 12.6797 ], [ 75.4227, 12.6785 ], [ 75.4189, 12.6856 ], [ 75.4191, 12.6905 ], [ 75.4168, 12.6888 ], [ 75.415, 12.6906 ], [ 75.415, 12.6958 ], [ 75.4182, 12.6997 ], [ 75.4174, 12.7073 ], [ 75.4101, 12.7101 ], [ 75.4112, 12.7142 ], [ 75.4086, 12.7154 ], [ 75.403, 12.7144 ], [ 75.403, 12.7019 ], [ 75.4005, 12.7006 ], [ 75.3968, 12.7025 ], [ 75.3964, 12.6993 ], [ 75.3869, 12.6926 ], [ 75.3824, 12.6947 ], [ 75.3848, 12.6952 ], [ 75.3848, 12.6985 ], [ 75.3707, 12.7122 ], [ 75.3687, 12.7094 ], [ 75.3665, 12.7112 ], [ 75.3602, 12.7073 ], [ 75.3607, 12.7047 ], [ 75.3569, 12.7045 ], [ 75.3519, 12.7097 ], [ 75.3484, 12.7076 ], [ 75.3465, 12.7094 ], [ 75.3497, 12.7145 ], [ 75.3476, 12.7194 ], [ 75.3369, 12.7167 ], [ 75.3376, 12.7116 ], [ 75.334, 12.7088 ], [ 75.3317, 12.7019 ], [ 75.3326, 12.69 ], [ 75.3356, 12.6926 ], [ 75.339, 12.6899 ], [ 75.333, 12.6871 ], [ 75.3339, 12.6814 ], [ 75.3278, 12.6877 ], [ 75.3253, 12.6857 ], [ 75.3269, 12.6704 ], [ 75.3233, 12.665 ], [ 75.3176, 12.6633 ], [ 75.3075, 12.6656 ], [ 75.3092, 12.6719 ], [ 75.3065, 12.6735 ], [ 75.3048, 12.6811 ], [ 75.3108, 12.6813 ], [ 75.3127, 12.6862 ], [ 75.3206, 12.6858 ], [ 75.3242, 12.6898 ], [ 75.3194, 12.6962 ], [ 75.3072, 12.6996 ], [ 75.3005, 12.708 ], [ 75.298, 12.7156 ], [ 75.2991, 12.7203 ], [ 75.2955, 12.7262 ], [ 75.2988, 12.7326 ], [ 75.2966, 12.7426 ], [ 75.2981, 12.7449 ], [ 75.2939, 12.7467 ], [ 75.2934, 12.7505 ], [ 75.294, 12.7525 ], [ 75.2979, 12.7523 ], [ 75.2988, 12.7632 ], [ 75.2932, 12.7697 ], [ 75.2942, 12.7733 ], [ 75.2909, 12.7833 ], [ 75.287, 12.7842 ], [ 75.277, 12.7777 ], [ 75.2726, 12.7789 ], [ 75.2692, 12.7829 ], [ 75.2698, 12.7856 ], [ 75.2803, 12.7942 ], [ 75.2791, 12.7987 ], [ 75.281, 12.8003 ], [ 75.2936, 12.805 ], [ 75.2947, 12.811 ], [ 75.3016, 12.8113 ], [ 75.2981, 12.8147 ], [ 75.2993, 12.8179 ], [ 75.3092, 12.8165 ], [ 75.3161, 12.8206 ], [ 75.3222, 12.8211 ], [ 75.3285, 12.8185 ], [ 75.3307, 12.8097 ], [ 75.3433, 12.8137 ], [ 75.3412, 12.8337 ], [ 75.3393, 12.8331 ], [ 75.3398, 12.8364 ], [ 75.3307, 12.8449 ], [ 75.3267, 12.8607 ], [ 75.3319, 12.8688 ], [ 75.3334, 12.8784 ], [ 75.3384, 12.879 ], [ 75.3445, 12.8708 ], [ 75.3488, 12.8734 ], [ 75.3567, 12.8694 ], [ 75.3623, 12.8628 ], [ 75.36, 12.8604 ], [ 75.3805, 12.8486 ], [ 75.3857, 12.8487 ], [ 75.3888, 12.8428 ], [ 75.4001, 12.8452 ], [ 75.4015, 12.8418 ], [ 75.4049, 12.8421 ], [ 75.4062, 12.8447 ], [ 75.4102, 12.8437 ], [ 75.4122, 12.8586 ], [ 75.412, 12.8614 ], [ 75.4052, 12.8634 ], [ 75.4067, 12.8678 ], [ 75.4035, 12.8699 ], [ 75.4006, 12.8773 ], [ 75.4112, 12.8767 ], [ 75.4165, 12.8813 ], [ 75.4155, 12.8851 ] ] ] ] } },
{ "type": "Feature", "properties": { "area_id": "KGIS-T-2501", "name_en": "Madikeri", "name_kn": "ಮಡಿಕೇರಿ", "level": "block", "parent_id": "KGIS-D-25", "district_en": "Kodagu", "lgd_code": "5566" }, "geometry": { "type": "Polygon", "coordinates": [ [ [ 75.6813, 12.6048 ], [ 75.6881, 12.6075 ], [ 75.6909, 12.6026 ], [ 75.6951, 12.6011 ], [ 75.7054, 12.602 ], [ 75.7084, 12.5949 ], [ 75.7181, 12.5966 ], [ 75.7211, 12.5927 ], [ 75.7315, 12.5919 ], [ 75.7336, 12.5831 ], [ 75.7317, 12.5747 ], [ 75.737, 12.5612 ], [ 75.7298, 12.5502 ], [ 75.7326, 12.5396 ], [ 75.7348, 12.538 ], [ 75.7426, 12.5426 ], [ 75.7481, 12.54 ], [ 75.7568, 12.5409 ], [ 75.7677, 12.5246 ], [ 75.786, 12.4849 ], [ 75.7706, 12.4692 ], [ 75.7729, 12.468 ], [ 75.7733, 12.4628 ], [ 75.7752, 12.4631 ], [ 75.7815, 12.4546 ], [ 75.7787, 12.4479 ], [ 75.7826, 12.4444 ], [ 75.7817, 12.4411 ], [ 75.7877, 12.4407 ], [ 75.7875, 12.4297 ], [ 75.7941, 12.4255 ], [ 75.7866, 12.4124 ], [ 75.7908, 12.4033 ], [ 75.7959, 12.3987 ], [ 75.8002, 12.399 ], [ 75.799, 12.3882 ], [ 75.8203, 12.374 ], [ 75.8194, 12.3614 ], [ 75.824, 12.3522 ], [ 75.8357, 12.3414 ], [ 75.8318, 12.333 ], [ 75.8377, 12.3288 ], [ 75.8439, 12.3307 ], [ 75.8427, 12.3225 ], [ 75.849, 12.3124 ], [ 75.8314, 12.2991 ], [ 75.8281, 12.2987 ], [ 75.8263, 12.3021 ], [ 75.8307, 12.3077 ], [ 75.8218, 12.3155 ], [ 75.8161, 12.3094 ], [ 75.8142, 12.3021 ], [ 75.8072, 12.2994 ], [ 75.8101, 12.2925 ], [ 75.8045, 12.2913 ], [ 75.8029, 12.2957 ], [ 75.7913, 12.3024 ], [ 75.7807, 12.2946 ], [ 75.7694, 12.276 ], [ 75.7618, 12.2777 ], [ 75.7591, 12.2828 ], [ 75.7518, 12.2786 ], [ 75.7515, 12.2736 ], [ 75.7453, 12.2844 ], [ 75.7358, 12.2755 ], [ 75.732, 12.2764 ], [ 75.7274, 12.2728 ], [ 75.7281, 12.269 ], [ 75.7243, 12.2668 ], [ 75.7242, 12.264 ], [ 75.7212, 12.2637 ], [ 75.7215, 12.2594 ], [ 75.7174, 12.255 ], [ 75.7186, 12.2519 ], [ 75.7157, 12.248 ], [ 75.718, 12.2465 ], [ 75.7188, 12.2508 ], [ 75.7225, 12.2427 ], [ 75.7249, 12.2445 ], [ 75.7265, 12.242 ], [ 75.7305, 12.2426 ], [ 75.7354, 12.2362 ], [ 75.7386, 12.238 ], [ 75.7417, 12.228 ], [ 75.7381, 12.2227 ], [ 75.7424, 12.2152 ], [ 75.7387, 12.2144 ], [ 75.7344, 12.2174 ], [ 75.7338, 12.2108 ], [ 75.7294, 12.2086 ], [ 75.7247, 12.2163 ], [ 75.7191, 12.2166 ], [ 75.7141, 12.2138 ], [ 75.7193, 12.2125 ], [ 75.7194, 12.2089 ], [ 75.7164, 12.2082 ], [ 75.718, 12.206 ], [ 75.7106, 12.2044 ], [ 75.7024, 12.1866 ], [ 75.6962, 12.1833 ], [ 75.6957, 12.1775 ], [ 75.6844, 12.1772 ], [ 75.6825, 12.1734 ], [ 75.6791, 12.1724 ], [ 75.6774, 12.1674 ], [ 75.6694, 12.1624 ], [ 75.6614, 12.1423 ], [ 75.6762, 12.1089 ], [ 75.6742, 12.0992 ], [ 75.6675, 12.0977 ], [ 75.661, 12.1001 ], [ 75.6525, 12.1103 ], [ 75.649, 12.1097 ], [ 75.6466, 12.1156 ], [ 75.6475, 12.122 ], [ 75.644, 12.1259 ], [ 75.6431, 12.1387 ], [ 75.6383, 12.1388 ], [ 75.6393, 12.1427 ], [ 75.636, 12.1493 ], [ 75.6314, 12.1489 ], [ 75.6187, 12.1568 ], [ 75.6108, 12.1528 ], [ 75.6066, 12.1558 ], [ 75.5958, 12.1545 ], [ 75.5925, 12.148 ], [ 75.5831, 12.1594 ], [ 75.5773, 12.158 ], [ 75.569, 12.1751 ], [ 75.5561, 12.1803 ], [ 75.5508, 12.1866 ], [ 75.547, 12.1977 ], [ 75.5411, 12.1983 ], [ 75.5391, 12.203 ], [ 75.5317, 12.2024 ], [ 75.5312, 12.2058 ], [ 75.5351, 12.2061 ], [ 75.5389, 12.2152 ], [ 75.5266, 12.2225 ], [ 75.5243, 12.2299 ], [ 75.5171, 12.2352 ], [ 75.5184, 12.2421 ], [ 75.5164, 12.2468 ], [ 75.5105, 12.251 ], [ 75.5098, 12.2579 ], [ 75.5118, 12.2579 ], [ 75.5117, 12.2607 ], [ 75.5057, 12.2654 ], [ 75.5053, 12.2715 ], [ 75.4936, 12.2735 ], [ 75.4864, 12.2891 ], [ 75.4793, 12.2959 ], [ 75.4755, 12.2963 ], [ 75.4702, 12.3012 ], [ 75.4597, 12.2947 ], [ 75.4296, 12.2994 ], [ 75.4209, 12.2921 ], [ 75.414, 12.2914 ], [ 75.425, 12.3007 ], [ 75.4244, 12.3035 ], [ 75.4325, 12.3093 ], [ 75.4274, 12.3113 ], [ 75.4205, 12.3195 ], [ 75.4156, 12.3403 ], [ 75.4107, 12.3477 ], [ 75.4158, 12.3501 ], [ 75.4194, 12.3565 ], [ 75.4219, 12.3739 ], [ 75.4133, 12.3808 ], [ 75.4057, 12.3795 ], [ 75.4017, 12.3829 ], [ 75.3991, 12.3817 ], [ 75.3931, 12.3898 ], [ 75.3869, 12.3928 ], [ 75.3792, 12.3928 ], [ 75.3775, 12.3992 ], [ 75.3671, 12.4044 ], [ 75.3586, 12.4007 ], [ 75.3636, 12.4121 ], [ 75.3621, 12.4163 ], [ 75.3659, 12.4271 ], [ 75.3638, 12.4292 ], [ 75.3667, 12.4393 ], [ 75.3632, 12.4503 ], [ 75.3688, 12.4491 ], [ 75.3724, 12.4519 ], [ 75.3797, 12.4499 ], [ 75.386, 12.4548 ], [ 75.3908, 12.4525 ], [ 75.3907, 12.4488 ], [ 75.3947, 12.4492 ], [ 75.3976, 12.4536 ], [ 75.4128, 12.4595 ], [ 75.4162, 12.4682 ], [ 75.4251, 12.4719 ], [ 75.4192, 12.4806 ], [ 75.4201, 12.4886 ], [ 75.4167, 12.4927 ], [ 75.4182, 12.4955 ], [ 75.4151, 12.5047 ], [ 75.4201, 12.5096 ], [ 75.4178, 12.5102 ], [ 75.4181, 12.5145 ], [ 75.4214, 12.5136 ], [ 75.425, 12.516 ], [ 75.4301, 12.5137 ], [ 75.4336, 12.5165 ], [ 75.4304, 12.5197 ], [ 75.4355, 12.5289 ], [ 75.4411, 12.5268 ], [ 75.4421, 12.5219 ], [ 75.4462, 12.5207 ], [ 75.4458, 12.518 ], [ 75.4501, 12.5195 ], [ 75.4554, 12.5137 ], [ 75.4561, 12.5166 ], [ 75.4582, 12.5163 ], [ 75.4623, 12.5049 ], [ 75.4726, 12.5005 ], [ 75.469, 12.4931 ], [ 75.4618, 12.4892 ], [ 75.4636, 12.4865 ], [ 75.459, 12.4776 ], [ 75.4617, 12.4714 ], [ 75.4727, 12.4654 ], [ 75.4746, 12.461 ], [ 75.4801, 12.4683 ], [ 75.4849, 12.4616 ], [ 75.4916, 12.4604 ], [ 75.4929, 12.4626 ], [ 75.4892, 12.4653 ], [ 75.4973, 12.4786 ], [ 75.4945, 12.484 ], [ 75.5028, 12.4879 ], [ 75.5251, 12.4898 ], [ 75.5303, 12.4988 ], [ 75.5348, 12.4944 ], [ 75.5524, 12.4917 ], [ 75.566, 12.484 ], [ 75.5656, 12.4921 ], [ 75.5531, 12.4976 ], [ 75.5634, 12.5105 ], [ 75.5701, 12.5114 ], [ 75.5807, 12.5193 ], [ 75.5828, 12.5275 ], [ 75.5919, 12.5363 ], [ 75.595, 12.5339 ], [ 75.5974, 12.5248 ], [ 75.6057, 12.5193 ], [ 75.6058, 12.5106 ], [ 75.6155, 12.5093 ], [ 75.6234, 12.5151 ], [ 75.6277, 12.5217 ], [ 75.6283, 12.519 ], [ 75.6325, 12.521 ], [ 75.6336, 12.5277 ], [ 75.6415, 12.5375 ], [ 75.6535, 12.5397 ], [ 75.6665, 12.5466 ], [ 75.6706, 12.5503 ], [ 75.6703, 12.558 ], [ 75.6685, 12.5655 ], [ 75.6631, 12.5699 ], [ 75.6679, 12.5727 ], [ 75.6607, 12.5802 ], [ 75.6637, 12.5852 ], [ 75.6602, 12.5959 ], [ 75.6653, 12.5996 ], [ 75.668, 12.6052 ], [ 75.6749, 12.6086 ], [ 75.6813, 12.6048 ] ] ] } },
{ "type": "Feature", "properties": { "area_id": "KGIS-T-2502", "name_en": "Somawarpet", "name_kn": "ಸೋಮವಾರಪೇಟೆ", "level": "block", "parent_id": "KGIS-D-25", "district_en": "Kodagu", "lgd_code": null }, "geometry": { "type": "Polygon", "coordinates": [ [ [ 75.8784, 12.8334 ], [ 75.8994, 12.8284 ], [ 75.9022, 12.8188 ], [ 75.9092, 12.8164 ], [ 75.9176, 12.8194 ], [ 75.9168, 12.8264 ], [ 75.9199, 12.8281 ], [ 75.9282, 12.8214 ], [ 75.9254, 12.8114 ], [ 75.9313, 12.8073 ], [ 75.9471, 12.808 ], [ 75.9493, 12.8002 ], [ 75.9675, 12.8037 ], [ 75.9668, 12.7934 ], [ 75.971, 12.7827 ], [ 75.9663, 12.7803 ], [ 75.9582, 12.7822 ], [ 75.9529, 12.768 ], [ 75.9464, 12.7658 ], [ 75.9348, 12.7676 ], [ 75.9328, 12.7637 ], [ 75.9379, 12.7502 ], [ 75.935, 12.7327 ], [ 75.9432, 12.7187 ], [ 75.9661, 12.7098 ], [ 75.9625, 12.7053 ], [ 75.9647, 12.7 ], [ 75.9585, 12.69 ], [ 75.9591, 12.6833 ], [ 75.9562, 12.6782 ], [ 75.9544, 12.6762 ], [ 75.94, 12.6744 ], [ 75.9476, 12.664 ], [ 75.941, 12.6577 ], [ 75.938, 12.6436 ], [ 75.9428, 12.6366 ], [ 75.9362, 12.6298 ], [ 75.9401, 12.6279 ], [ 75.9443, 12.6293 ], [ 75.9493, 12.621 ], [ 75.9471, 12.6136 ], [ 75.9392, 12.609 ], [ 75.9398, 12.6063 ], [ 75.9475, 12.5973 ], [ 75.9561, 12.5724 ], [ 75.9646, 12.5605 ], [ 75.9749, 12.5624 ], [ 75.9691, 12.5769 ], [ 75.989, 12.5741 ], [ 75.9877, 12.5811 ], [ 75.9936, 12.5882 ], [ 76.0024, 12.5746 ], [ 76.0093, 12.5711 ], [ 76.0119, 12.5726 ], [ 76.0143, 12.5689 ], [ 76.0182, 12.5709 ], [ 76.0173, 12.5664 ], [ 76.0109, 12.5602 ], [ 76.0118, 12.555 ], [ 75.9963, 12.5628 ], [ 75.9905, 12.5594 ], [ 75.9908, 12.5556 ], [ 75.9977, 12.551 ], [ 75.9988, 12.5469 ], [ 75.9952, 12.5409 ], [ 75.9857, 12.5446 ], [ 75.9824, 12.5409 ], [ 75.9926, 12.5292 ], [ 75.9931, 12.5213 ], [ 75.9757, 12.5202 ], [ 75.9721, 12.5117 ], [ 75.9633, 12.5099 ], [ 75.9599, 12.5053 ], [ 75.9626, 12.4976 ], [ 75.9591, 12.4889 ], [ 75.9608, 12.4845 ], [ 75.9668, 12.483 ], [ 75.9651, 12.4734 ], [ 75.972, 12.4707 ], [ 75.9673, 12.4646 ], [ 75.9681, 12.456 ], [ 75.972, 12.4501 ], [ 75.9681, 12.4473 ], [ 75.96, 12.4518 ], [ 75.9463, 12.4496 ], [ 75.9384, 12.4431 ], [ 75.9365, 12.4383 ], [ 75.9322, 12.4397 ], [ 75.9259, 12.4369 ], [ 75.9225, 12.4227 ], [ 75.9106, 12.4056 ], [ 75.9102, 12.3938 ], [ 75.9142, 12.3812 ], [ 75.9052, 12.3739 ], [ 75.9033, 12.3696 ], [ 75.8974, 12.3676 ], [ 75.9013, 12.3577 ], [ 75.9056, 12.3545 ], [ 75.9033, 12.3463 ], [ 75.8964, 12.3478 ], [ 75.8921, 12.342 ], [ 75.8842, 12.3413 ], [ 75.8781, 12.3316 ], [ 75.8872, 12.3193 ], [ 75.8801, 12.3101 ], [ 75.8738, 12.3065 ], [ 75.8646, 12.3028 ], [ 75.857, 12.3051 ], [ 75.8535, 12.2958 ], [ 75.8474, 12.3061 ], [ 75.8485, 12.314 ], [ 75.8427, 12.3225 ], [ 75.845, 12.3291 ], [ 75.8432, 12.331 ], [ 75.8377, 12.3288 ], [ 75.8318, 12.333 ], [ 75.8357, 12.3414 ], [ 75.824, 12.3522 ], [ 75.8194, 12.3614 ], [ 75.8203, 12.374 ], [ 75.799, 12.3882 ], [ 75.8002, 12.399 ], [ 75.7959, 12.3987 ], [ 75.7908, 12.4033 ], [ 75.7866, 12.4124 ], [ 75.7941, 12.4255 ], [ 75.7875, 12.4297 ], [ 75.7877, 12.4407 ], [ 75.7817, 12.4411 ], [ 75.7826, 12.4444 ], [ 75.7787, 12.4479 ], [ 75.7815, 12.4546 ], [ 75.7752, 12.4631 ], [ 75.7733, 12.4628 ], [ 75.7729, 12.468 ], [ 75.7706, 12.4692 ], [ 75.786, 12.4846 ], [ 75.7843, 12.4908 ], [ 75.78, 12.4952 ], [ 75.7786, 12.5028 ], [ 75.7568, 12.5409 ], [ 75.7481, 12.54 ], [ 75.7426, 12.5426 ], [ 75.7348, 12.538 ], [ 75.7326, 12.5396 ], [ 75.7298, 12.5502 ], [ 75.737, 12.5612 ], [ 75.7317, 12.5747 ], [ 75.7336, 12.5831 ], [ 75.7315, 12.5919 ], [ 75.7211, 12.5927 ], [ 75.7181, 12.5966 ], [ 75.7084, 12.5949 ], [ 75.7051, 12.6021 ], [ 75.6951, 12.6011 ], [ 75.6909, 12.6026 ], [ 75.6881, 12.6075 ], [ 75.6818, 12.6047 ], [ 75.6753, 12.6087 ], [ 75.6683, 12.6055 ], [ 75.6602, 12.5959 ], [ 75.661, 12.5993 ], [ 75.6562, 12.6033 ], [ 75.6524, 12.6116 ], [ 75.6543, 12.6139 ], [ 75.6532, 12.6205 ], [ 75.6423, 12.6274 ], [ 75.6415, 12.6331 ], [ 75.6447, 12.6385 ], [ 75.6436, 12.6465 ], [ 75.6481, 12.6664 ], [ 75.6667, 12.6981 ], [ 75.7048, 12.7063 ], [ 75.7107, 12.7047 ], [ 75.7133, 12.7075 ], [ 75.7171, 12.7043 ], [ 75.7199, 12.7053 ], [ 75.7223, 12.6967 ], [ 75.7313, 12.6974 ], [ 75.7386, 12.6902 ], [ 75.7432, 12.6811 ], [ 75.7605, 12.6736 ], [ 75.7672, 12.6808 ], [ 75.7734, 12.68 ], [ 75.778, 12.6885 ], [ 75.7815, 12.6863 ], [ 75.7914, 12.6871 ], [ 75.8075, 12.7013 ], [ 75.8169, 12.6929 ], [ 75.8198, 12.6845 ], [ 75.8255, 12.6824 ], [ 75.8349, 12.6709 ], [ 75.8433, 12.6686 ], [ 75.8463, 12.6722 ], [ 75.853, 12.6694 ], [ 75.8674, 12.6745 ], [ 75.8768, 12.6716 ], [ 75.8861, 12.6745 ], [ 75.8899, 12.6935 ], [ 75.8855, 12.6997 ], [ 75.8849, 12.7079 ], [ 75.8733, 12.7094 ], [ 75.8702, 12.7151 ], [ 75.8617, 12.7175 ], [ 75.853, 12.7247 ], [ 75.8515, 12.7304 ], [ 75.8547, 12.7367 ], [ 75.849, 12.7499 ], [ 75.8597, 12.7573 ], [ 75.8579, 12.7702 ], [ 75.8654, 12.7682 ], [ 75.8732, 12.7697 ], [ 75.8758, 12.7727 ], [ 75.8726, 12.7743 ], [ 75.8777, 12.7763 ], [ 75.8744, 12.7768 ], [ 75.869, 12.7831 ], [ 75.8633, 12.7954 ], [ 75.8669, 12.8056 ], [ 75.8635, 12.808 ], [ 75.8654, 12.8113 ], [ 75.8636, 12.819 ], [ 75.8759, 12.8236 ], [ 75.8777, 12.8265 ], [ 75.8748, 12.8297 ], [ 75.8784, 12.8334 ] ] ] } },
{ "type": "Feature", "properties": { "area_id": "KGIS-T-2503", "name_en": "Virajpet", "name_kn": "ವಿರಾಜಪೇಟೆ", "level": "block", "parent_id": "KGIS-D-25", "district_en": "Kodagu", "lgd_code": "5568" }, "geometry": { "type": "Polygon", "coordinates": [ [ [ 75.9222, 12.3865 ], [ 75.9319, 12.3823 ], [ 75.9435, 12.371 ], [ 75.9717, 12.353 ], [ 75.966, 12.345 ], [ 75.9676, 12.3435 ], [ 75.9769, 12.3404 ], [ 75.9833, 12.3427 ], [ 75.9888, 12.3363 ], [ 75.994, 12.3359 ], [ 76.0025, 12.3299 ], [ 75.9958, 12.3242 ], [ 75.9944, 12.3178 ], [ 75.9971, 12.3152 ], [ 75.9979, 12.3081 ], [ 76.0046, 12.3054 ], [ 76.0141, 12.2926 ], [ 76.0133, 12.2845 ], [ 76.0163, 12.2725 ], [ 76.0135, 12.2688 ], [ 76.0245, 12.2485 ], [ 76.0261, 12.2514 ], [ 76.0404, 12.2526 ], [ 76.0518, 12.2457 ], [ 76.0573, 12.2479 ], [ 76.0572, 12.2531 ], [ 76.0596, 12.2537 ], [ 76.06, 12.248 ], [ 76.0733, 12.2396 ], [ 76.0731, 12.2346 ], [ 76.0822, 12.2213 ], [ 76.0938, 12.2135 ], [ 76.0952, 12.2073 ], [ 76.1022, 12.1967 ], [ 76.1188, 12.1926 ], [ 76.1315, 12.1978 ], [ 76.1377, 12.1887 ], [ 76.1351, 12.188 ], [ 76.135, 12.1819 ], [ 76.1412, 12.1684 ], [ 76.1431, 12.1569 ], [ 76.1507, 12.1432 ], [ 76.1611, 12.1344 ], [ 76.1709, 12.118 ], [ 76.1718, 12.1083 ], [ 76.1765, 12.0996 ], [ 76.1751, 12.0817 ], [ 76.1783, 12.0698 ], [ 76.189, 12.0504 ], [ 76.1838, 12.0359 ], [ 76.1773, 12.0294 ], [ 76.158, 12.0221 ], [ 76.1481, 12.0152 ], [ 76.145, 12.0068 ], [ 76.1222, 11.9794 ], [ 76.1152, 11.9792 ], [ 76.1099, 11.9769 ], [ 76.11, 11.9747 ], [ 76.0934, 11.9688 ], [ 76.0628, 11.9609 ], [ 76.0522, 11.9519 ], [ 76.046, 11.9512 ], [ 76.0429, 11.9464 ], [ 76.0331, 11.9403 ], [ 76.024, 11.9437 ], [ 76.0131, 11.9418 ], [ 76.0064, 11.9373 ], [ 76.0034, 11.931 ], [ 75.9902, 11.9301 ], [ 75.9864, 11.9329 ], [ 75.9761, 11.9328 ], [ 75.9566, 11.9407 ], [ 75.955, 11.9392 ], [ 75.9551, 11.9424 ], [ 75.9375, 11.9425 ], [ 75.9307, 11.9399 ], [ 75.9274, 11.9435 ], [ 75.9137, 11.9471 ], [ 75.897, 11.9458 ], [ 75.886, 11.952 ], [ 75.8802, 11.95 ], [ 75.8704, 11.9528 ], [ 75.8662, 11.9576 ], [ 75.8587, 11.9597 ], [ 75.851, 11.9729 ], [ 75.8534, 11.978 ], [ 75.8509, 11.979 ], [ 75.8498, 11.9845 ], [ 75.8406, 11.985 ], [ 75.8315, 11.9918 ], [ 75.8248, 12.0127 ], [ 75.8098, 12.0238 ], [ 75.812, 12.0284 ], [ 75.8016, 12.0362 ], [ 75.7993, 12.0529 ], [ 75.7947, 12.0567 ], [ 75.7988, 12.057 ], [ 75.7981, 12.0636 ], [ 75.8011, 12.0743 ], [ 75.8034, 12.0759 ], [ 75.8, 12.0796 ], [ 75.7852, 12.0849 ], [ 75.7803, 12.0833 ], [ 75.7536, 12.0849 ], [ 75.7493, 12.0829 ], [ 75.7471, 12.0785 ], [ 75.7434, 12.0804 ], [ 75.7362, 12.0793 ], [ 75.7277, 12.0728 ], [ 75.7149, 12.0707 ], [ 75.7155, 12.0819 ], [ 75.7178, 12.0828 ], [ 75.718, 12.0859 ], [ 75.7134, 12.0906 ], [ 75.7022, 12.0925 ], [ 75.7032, 12.1083 ], [ 75.6878, 12.1106 ], [ 75.6768, 12.0985 ], [ 75.6731, 12.0982 ], [ 75.6757, 12.1115 ], [ 75.6614, 12.1423 ], [ 75.6694, 12.1624 ], [ 75.6774, 12.1674 ], [ 75.6791, 12.1724 ], [ 75.6825, 12.1734 ], [ 75.6844, 12.1772 ], [ 75.6954, 12.1772 ], [ 75.6962, 12.1833 ], [ 75.7024, 12.1866 ], [ 75.7106, 12.2044 ], [ 75.7177, 12.2056 ], [ 75.7164, 12.2082 ], [ 75.7194, 12.2089 ], [ 75.7193, 12.2125 ], [ 75.7141, 12.2138 ], [ 75.7191, 12.2166 ], [ 75.7247, 12.2163 ], [ 75.7294, 12.2086 ], [ 75.7338, 12.2108 ], [ 75.7344, 12.2174 ], [ 75.7387, 12.2144 ], [ 75.7422, 12.2148 ], [ 75.7381, 12.2227 ], [ 75.7417, 12.228 ], [ 75.7386, 12.238 ], [ 75.7354, 12.2362 ], [ 75.7305, 12.2426 ], [ 75.7265, 12.242 ], [ 75.7249, 12.2445 ], [ 75.7225, 12.2427 ], [ 75.7188, 12.2508 ], [ 75.718, 12.2465 ], [ 75.7157, 12.248 ], [ 75.7186, 12.2519 ], [ 75.7174, 12.255 ], [ 75.7215, 12.2594 ], [ 75.7212, 12.2637 ], [ 75.7242, 12.264 ], [ 75.7243, 12.2668 ], [ 75.7281, 12.269 ], [ 75.7277, 12.2732 ], [ 75.732, 12.2764 ], [ 75.7358, 12.2755 ], [ 75.7453, 12.2844 ], [ 75.7515, 12.2736 ], [ 75.7518, 12.2786 ], [ 75.7591, 12.2828 ], [ 75.7618, 12.2777 ], [ 75.7694, 12.276 ], [ 75.7807, 12.2946 ], [ 75.7913, 12.3024 ], [ 75.8029, 12.2957 ], [ 75.8045, 12.2913 ], [ 75.8101, 12.2925 ], [ 75.8072, 12.2994 ], [ 75.8142, 12.3021 ], [ 75.8161, 12.3094 ], [ 75.8218, 12.3155 ], [ 75.8307, 12.3077 ], [ 75.8263, 12.3021 ], [ 75.8281, 12.2987 ], [ 75.8314, 12.2991 ], [ 75.8456, 12.31 ], [ 75.8479, 12.3096 ], [ 75.8474, 12.3061 ], [ 75.8533, 12.2958 ], [ 75.8573, 12.3052 ], [ 75.8646, 12.3028 ], [ 75.8749, 12.307 ], [ 75.8811, 12.311 ], [ 75.8876, 12.3206 ], [ 75.8781, 12.3316 ], [ 75.8832, 12.3401 ], [ 75.8852, 12.3421 ], [ 75.8921, 12.342 ], [ 75.8964, 12.3478 ], [ 75.9015, 12.3461 ], [ 75.9042, 12.3482 ], [ 75.9056, 12.3545 ], [ 75.9013, 12.3577 ], [ 75.8974, 12.3676 ], [ 75.9033, 12.3696 ], [ 75.9052, 12.3739 ], [ 75.9131, 12.3798 ], [ 75.9162, 12.3865 ], [ 75.9222, 12.3865 ] ] ] } },
{ "type": "Feature", "properties": { "area_id": "KGIS-T-2601", "name_en": "Piriyapatna", "name_kn": "ಪಿರಿಯಾಪಟ್ಟಣ", "level": "block", "parent_id": "KGIS-D-26", "district_en": "Mysuru", "lgd_code": "5569" }, "geometry": { "type": "Polygon", "coordinates": [ [ [ 76.046, 12.5776 ], [ 76.0478, 12.5613 ], [ 76.0581, 12.5562 ], [ 76.0662, 12.5582 ], [ 76.0698, 12.5567 ], [ 76.0702, 12.5496 ], [ 76.075, 12.5513 ], [ 76.0741, 12.5479 ], [ 76.0801, 12.5456 ], [ 76.0803, 12.5436 ], [ 76.0878, 12.5432 ], [ 76.0885, 12.5458 ], [ 76.0892, 12.5436 ], [ 76.0898, 12.5473 ], [ 76.0939, 12.5431 ], [ 76.0887, 12.5436 ], [ 76.0866, 12.5378 ], [ 76.0895, 12.5383 ], [ 76.0936, 12.5336 ], [ 76.0992, 12.5323 ], [ 76.0982, 12.5289 ], [ 76.1035, 12.5303 ], [ 76.101, 12.5268 ], [ 76.1044, 12.5185 ], [ 76.1092, 12.5177 ], [ 76.1119, 12.5136 ], [ 76.116, 12.5124 ], [ 76.1157, 12.5174 ], [ 76.1191, 12.5192 ], [ 76.1192, 12.5236 ], [ 76.1154, 12.5292 ], [ 76.1347, 12.5296 ], [ 76.135, 12.5179 ], [ 76.1626, 12.5158 ], [ 76.1673, 12.5127 ], [ 76.1639, 12.5161 ], [ 76.1679, 12.5178 ], [ 76.1716, 12.5148 ], [ 76.1886, 12.5146 ], [ 76.1909, 12.5124 ], [ 76.1918, 12.5032 ], [ 76.1968, 12.4967 ], [ 76.2072, 12.5075 ], [ 76.2221, 12.5043 ], [ 76.2228, 12.5022 ], [ 76.2295, 12.5022 ], [ 76.2258, 12.4809 ], [ 76.2213, 12.4809 ], [ 76.2268, 12.464 ], [ 76.2199, 12.4585 ], [ 76.2193, 12.4467 ], [ 76.2211, 12.4434 ], [ 76.2377, 12.4413 ], [ 76.2385, 12.4274 ], [ 76.2331, 12.4222 ], [ 76.2153, 12.4226 ], [ 76.2136, 12.4175 ], [ 76.2154, 12.4123 ], [ 76.2224, 12.4084 ], [ 76.2252, 12.4034 ], [ 76.2324, 12.3997 ], [ 76.2395, 12.3993 ], [ 76.2439, 12.3947 ], [ 76.2319, 12.3926 ], [ 76.2309, 12.3804 ], [ 76.2356, 12.3749 ], [ 76.2172, 12.369 ], [ 76.2101, 12.3699 ], [ 76.2092, 12.3651 ], [ 76.2028, 12.3735 ], [ 76.1966, 12.3763 ], [ 76.1926, 12.3755 ], [ 76.183, 12.3702 ], [ 76.184, 12.3661 ], [ 76.1801, 12.36 ], [ 76.1804, 12.3562 ], [ 76.1711, 12.3572 ], [ 76.1637, 12.3543 ], [ 76.1651, 12.343 ], [ 76.1767, 12.3374 ], [ 76.1769, 12.3354 ], [ 76.1797, 12.3359 ], [ 76.182, 12.3326 ], [ 76.1804, 12.3267 ], [ 76.1841, 12.324 ], [ 76.1815, 12.32 ], [ 76.1743, 12.3211 ], [ 76.1691, 12.3291 ], [ 76.1633, 12.3296 ], [ 76.1575, 12.3259 ], [ 76.1532, 12.3093 ], [ 76.1576, 12.3073 ], [ 76.1603, 12.3017 ], [ 76.1553, 12.2937 ], [ 76.1562, 12.2776 ], [ 76.1497, 12.2743 ], [ 76.1436, 12.2748 ], [ 76.1416, 12.2671 ], [ 76.1404, 12.2684 ], [ 76.1233, 12.2591 ], [ 76.1193, 12.2479 ], [ 76.1221, 12.2445 ], [ 76.1061, 12.234 ], [ 76.1016, 12.2283 ], [ 76.1, 12.2249 ], [ 76.118, 12.212 ], [ 76.1331, 12.2047 ], [ 76.1357, 12.2011 ], [ 76.1302, 12.2001 ], [ 76.1315, 12.1978 ], [ 76.1292, 12.1955 ], [ 76.1188, 12.1926 ], [ 76.1022, 12.1967 ], [ 76.0995, 12.1993 ], [ 76.0938, 12.2135 ], [ 76.0822, 12.2213 ], [ 76.0731, 12.2346 ], [ 76.0733, 12.2396 ], [ 76.06, 12.248 ], [ 76.0596, 12.2537 ], [ 76.0572, 12.2531 ], [ 76.0573, 12.2479 ], [ 76.0518, 12.2457 ], [ 76.0404, 12.2526 ], [ 76.0261, 12.2514 ], [ 76.0245, 12.2485 ], [ 76.0135, 12.2688 ], [ 76.0163, 12.2725 ], [ 76.0133, 12.2845 ], [ 76.0141, 12.2926 ], [ 76.0046, 12.3054 ], [ 75.9979, 12.3081 ], [ 75.9971, 12.3152 ], [ 75.9944, 12.3178 ], [ 75.9958, 12.3242 ], [ 76.0025, 12.3297 ], [ 76.0008, 12.3322 ], [ 75.9888, 12.3363 ], [ 75.9833, 12.3427 ], [ 75.9769, 12.3404 ], [ 75.9676, 12.3435 ], [ 75.966, 12.345 ], [ 75.9717, 12.353 ], [ 75.9435, 12.371 ], [ 75.9319, 12.3823 ], [ 75.9205, 12.3875 ], [ 75.9162, 12.3865 ], [ 75.9148, 12.3833 ], [ 75.9102, 12.3938 ], [ 75.9109, 12.4066 ], [ 75.9152, 12.4098 ], [ 75.9225, 12.4227 ], [ 75.9259, 12.4369 ], [ 75.9322, 12.4397 ], [ 75.9365, 12.4383 ], [ 75.9384, 12.4431 ], [ 75.9463, 12.4496 ], [ 75.96, 12.4518 ], [ 75.9681, 12.4473 ], [ 75.972, 12.4501 ], [ 75.9681, 12.456 ], [ 75.9673, 12.4646 ], [ 75.972, 12.4707 ], [ 75.9651, 12.4734 ], [ 75.9668, 12.483 ], [ 75.9608, 12.4845 ], [ 75.9591, 12.4889 ], [ 75.9626, 12.4976 ], [ 75.9599, 12.5053 ], [ 75.9633, 12.5099 ], [ 75.9721, 12.5117 ], [ 75.9757, 12.5202 ], [ 75.9931, 12.5213 ], [ 75.9926, 12.5292 ], [ 75.9824, 12.5409 ], [ 75.9857, 12.5446 ], [ 75.9952, 12.5409 ], [ 75.9988, 12.5469 ], [ 75.9977, 12.551 ], [ 75.9904, 12.5562 ], [ 75.9908, 12.5601 ], [ 75.9963, 12.5628 ], [ 76.0118, 12.555 ], [ 76.0109, 12.5602 ], [ 76.0173, 12.5664 ], [ 76.0215, 12.5772 ], [ 76.0342, 12.5752 ], [ 76.046, 12.5776 ] ] ] } },
{ "type": "Feature", "properties": { "area_id": "KGIS-T-2602", "name_en": "Hunsur", "name_kn": "", "level": "block", "parent_id": "KGIS-D-26", "district_en": "Mysuru", "lgd_code": "5570" }, "geometry": { "type": "Polygon", "coordinates": [ [ [ 76.3291, 12.4288 ], [ 76.3583, 12.4253 ], [ 76.3585, 12.4224 ], [ 76.3619, 12.4227 ], [ 76.3638, 12.4178 ], [ 76.3802, 12.4135 ], [ 76.3823, 12.4029 ], [ 76.3945, 12.3959 ], [ 76.4366, 12.3936 ], [ 76.4405, 12.3985 ], [ 76.4369, 12.4026 ], [ 76.4364, 12.4072 ], [ 76.4426, 12.4128 ], [ 76.4442, 12.4195 ], [ 76.4505, 12.4164 ], [ 76.454, 12.4115 ], [ 76.4679, 12.4111 ], [ 76.4661, 12.3944 ], [ 76.4633, 12.3941 ], [ 76.463, 12.3916 ], [ 76.4658, 12.3912 ], [ 76.468, 12.3818 ], [ 76.4899, 12.375 ], [ 76.4897, 12.3653 ], [ 76.4928, 12.3592 ], [ 76.5093, 12.3601 ], [ 76.5148, 12.3587 ], [ 76.5181, 12.3539 ], [ 76.5073, 12.3447 ], [ 76.4862, 12.2834 ], [ 76.4719, 12.2901 ], [ 76.4637, 12.2898 ], [ 76.4575, 12.2633 ], [ 76.4488, 12.2654 ], [ 76.4503, 12.269 ], [ 76.4475, 12.2724 ], [ 76.4467, 12.266 ], [ 76.445, 12.2659 ], [ 76.4456, 12.2724 ], [ 76.4439, 12.2725 ], [ 76.4418, 12.2668 ], [ 76.4386, 12.2669 ], [ 76.4363, 12.262 ], [ 76.4353, 12.2523 ], [ 76.4298, 12.2496 ], [ 76.4279, 12.251 ], [ 76.4272, 12.2444 ], [ 76.4225, 12.2387 ], [ 76.4172, 12.2368 ], [ 76.4172, 12.2311 ], [ 76.4228, 12.2247 ], [ 76.4197, 12.2139 ], [ 76.4209, 12.2094 ], [ 76.4383, 12.2091 ], [ 76.4453, 12.1912 ], [ 76.4377, 12.1873 ], [ 76.4233, 12.1879 ], [ 76.4219, 12.1818 ], [ 76.4008, 12.1759 ], [ 76.4037, 12.1658 ], [ 76.3877, 12.1614 ], [ 76.3662, 12.1591 ], [ 76.3556, 12.1714 ], [ 76.338, 12.1844 ], [ 76.3275, 12.1838 ], [ 76.3204, 12.1802 ], [ 76.3157, 12.1971 ], [ 76.3107, 12.2005 ], [ 76.3103, 12.1937 ], [ 76.3019, 12.1889 ], [ 76.2954, 12.1901 ], [ 76.2857, 12.1957 ], [ 76.2796, 12.1961 ], [ 76.2735, 12.2085 ], [ 76.2667, 12.2108 ], [ 76.2476, 12.2027 ], [ 76.2453, 12.2005 ], [ 76.2487, 12.1964 ], [ 76.2404, 12.1865 ], [ 76.2309, 12.1815 ], [ 76.2447, 12.163 ], [ 76.2293, 12.153 ], [ 76.1666, 12.123 ], [ 76.1611, 12.1344 ], [ 76.1507, 12.1432 ], [ 76.1431, 12.1569 ], [ 76.1412, 12.1684 ], [ 76.135, 12.1819 ], [ 76.1351, 12.188 ], [ 76.1377, 12.1887 ], [ 76.1302, 12.2001 ], [ 76.1357, 12.2011 ], [ 76.1331, 12.2047 ], [ 76.118, 12.212 ], [ 76.1, 12.2249 ], [ 76.1061, 12.234 ], [ 76.1221, 12.2445 ], [ 76.1193, 12.2479 ], [ 76.1233, 12.2591 ], [ 76.1404, 12.2684 ], [ 76.1416, 12.2671 ], [ 76.1436, 12.2748 ], [ 76.1497, 12.2743 ], [ 76.1562, 12.2776 ], [ 76.1553, 12.2937 ], [ 76.1603, 12.3017 ], [ 76.1576, 12.3073 ], [ 76.1532, 12.3093 ], [ 76.1575, 12.3259 ], [ 76.1633, 12.3296 ], [ 76.1691, 12.3291 ], [ 76.1743, 12.3211 ], [ 76.1815, 12.32 ], [ 76.1841, 12.324 ], [ 76.1804, 12.3267 ], [ 76.182, 12.3326 ], [ 76.1797, 12.3359 ], [ 76.1769, 12.3354 ], [ 76.1767, 12.3374 ], [ 76.1651, 12.343 ], [ 76.1637, 12.3543 ], [ 76.1711, 12.3572 ], [ 76.1804, 12.3562 ], [ 76.1801, 12.36 ], [ 76.184, 12.3661 ], [ 76.183, 12.3702 ], [ 76.1926, 12.3755 ], [ 76.1966, 12.3763 ], [ 76.2028, 12.3735 ], [ 76.2092, 12.3651 ], [ 76.2101, 12.3699 ], [ 76.2172, 12.369 ], [ 76.2356, 12.3749 ], [ 76.2309, 12.3804 ], [ 76.2319, 12.3926 ], [ 76.2439, 12.3947 ], [ 76.2395, 12.3993 ], [ 76.2324, 12.3997 ], [ 76.2252, 12.4034 ], [ 76.2224, 12.4084 ], [ 76.2154, 12.4123 ], [ 76.2136, 12.4175 ], [ 76.2153, 12.4226 ], [ 76.2331, 12.4222 ], [ 76.2372, 12.4267 ], [ 76.2452, 12.4239 ], [ 76.2578, 12.4265 ], [ 76.2595, 12.421 ], [ 76.2721, 12.4198 ], [ 76.2749, 12.4137 ], [ 76.2794, 12.4131 ], [ 76.2792, 12.4103 ], [ 76.2886, 12.4126 ], [ 76.3008, 12.4062 ], [ 76.3063, 12.3992 ], [ 76.3112, 12.4006 ], [ 76.3091, 12.4048 ], [ 76.3151, 12.4216 ], [ 76.3267, 12.4191 ], [ 76.3286, 12.4245 ], [ 76.3266, 12.4258 ], [ 76.3291, 12.4288 ] ] ] } },
{ "type": "Feature", "properties": { "area_id": "KGIS-T-2603", "name_en": "K.R.Nagar", "name_kn": "", "level": "block", "parent_id": "KGIS-D-26", "district_en": "Mysuru", "lgd_code": null }, "geometry": { "type": "Polygon", "coordinates": [ [ [ 76.3513, 12.6426 ], [ 76.3641, 12.6268 ], [ 76.3632, 12.6094 ], [ 76.3645, 12.6068 ], [ 76.3701, 12.6058 ], [ 76.3772, 12.5757 ], [ 76.3946, 12.5727 ], [ 76.3964, 12.5688 ], [ 76.3869, 12.5583 ], [ 76.3893, 12.5517 ], [ 76.3956, 12.5503 ], [ 76.4115, 12.557 ], [ 76.4154, 12.5468 ], [ 76.427, 12.5424 ], [ 76.4218, 12.5319 ], [ 76.4364, 12.5232 ], [ 76.4411, 12.5101 ], [ 76.4475, 12.5066 ], [ 76.4513, 12.4859 ], [ 76.4702, 12.4736 ], [ 76.483, 12.471 ], [ 76.4938, 12.4655 ], [ 76.4998, 12.454 ], [ 76.5035, 12.4513 ], [ 76.4987, 12.4503 ], [ 76.4979, 12.4467 ], [ 76.4918, 12.4443 ], [ 76.4771, 12.4501 ], [ 76.4597, 12.4416 ], [ 76.4613, 12.4342 ], [ 76.47, 12.4262 ], [ 76.4685, 12.4241 ], [ 76.4702, 12.4229 ], [ 76.4673, 12.423 ], [ 76.4677, 12.4196 ], [ 76.472, 12.4195 ], [ 76.4735, 12.4154 ], [ 76.4679, 12.4111 ], [ 76.4552, 12.4111 ], [ 76.4494, 12.4173 ], [ 76.4432, 12.4191 ], [ 76.4429, 12.4133 ], [ 76.4364, 12.4072 ], [ 76.4369, 12.4026 ], [ 76.4405, 12.3985 ], [ 76.4366, 12.3936 ], [ 76.3945, 12.3959 ], [ 76.3823, 12.4029 ], [ 76.3811, 12.4129 ], [ 76.3638, 12.4178 ], [ 76.3619, 12.4227 ], [ 76.3585, 12.4224 ], [ 76.3583, 12.4253 ], [ 76.3554, 12.4262 ], [ 76.3291, 12.4288 ], [ 76.3266, 12.4258 ], [ 76.3286, 12.4245 ], [ 76.3269, 12.4191 ], [ 76.3151, 12.4216 ], [ 76.3091, 12.4048 ], [ 76.3112, 12.4006 ], [ 76.3063, 12.3992 ], [ 76.3008, 12.4062 ], [ 76.2886, 12.4126 ], [ 76.2792, 12.4103 ], [ 76.2794, 12.4131 ], [ 76.2749, 12.4137 ], [ 76.2721, 12.4198 ], [ 76.2595, 12.421 ], [ 76.2578, 12.4265 ], [ 76.2452, 12.4239 ], [ 76.2387, 12.4249 ], [ 76.2377, 12.4413 ], [ 76.2211, 12.4434 ], [ 76.2193, 12.4467 ], [ 76.2199, 12.4585 ], [ 76.2268, 12.464 ], [ 76.2213, 12.4809 ], [ 76.2258, 12.4809 ], [ 76.2295, 12.5022 ], [ 76.2228, 12.5022 ], [ 76.2221, 12.5043 ], [ 76.2072, 12.5075 ], [ 76.1968, 12.4967 ], [ 76.1918, 12.5032 ], [ 76.1909, 12.5124 ], [ 76.1886, 12.5146 ], [ 76.1716, 12.5148 ], [ 76.1679, 12.5178 ], [ 76.1639, 12.5161 ], [ 76.1673, 12.5127 ], [ 76.1626, 12.5158 ], [ 76.1339, 12.5184 ], [ 76.136, 12.5378 ], [ 76.1437, 12.5366 ], [ 76.1439, 12.5451 ], [ 76.1526, 12.5465 ], [ 76.1512, 12.5518 ], [ 76.1564, 12.5636 ], [ 76.1477, 12.5658 ], [ 76.1523, 12.5801 ], [ 76.1581, 12.5785 ], [ 76.1676, 12.5801 ], [ 76.1806, 12.5752 ], [ 76.184, 12.5772 ], [ 76.1964, 12.5775 ], [ 76.1922, 12.5852 ], [ 76.1921, 12.5933 ], [ 76.2044, 12.6147 ], [ 76.2136, 12.6167 ], [ 76.2165, 12.6253 ], [ 76.2072, 12.6291 ], [ 76.2075, 12.635 ], [ 76.2182, 12.6441 ], [ 76.2311, 12.6441 ], [ 76.2367, 12.639 ], [ 76.2438, 12.6377 ], [ 76.247, 12.6354 ], [ 76.2458, 12.6258 ], [ 76.2536, 12.6235 ], [ 76.2551, 12.6206 ], [ 76.2581, 12.622 ], [ 76.2655, 12.6191 ], [ 76.2658, 12.6286 ], [ 76.2794, 12.6334 ], [ 76.2791, 12.6311 ], [ 76.2815, 12.6306 ], [ 76.2796, 12.617 ], [ 76.2873, 12.6156 ], [ 76.2908, 12.6169 ], [ 76.2925, 12.6268 ], [ 76.2994, 12.6291 ], [ 76.301, 12.6219 ], [ 76.3037, 12.6217 ], [ 76.3048, 12.6256 ], [ 76.3093, 12.6223 ], [ 76.3061, 12.6112 ], [ 76.3064, 12.6094 ], [ 76.3207, 12.6123 ], [ 76.3272, 12.6101 ], [ 76.329, 12.6266 ], [ 76.3226, 12.6342 ], [ 76.3322, 12.6434 ], [ 76.3387, 12.6454 ], [ 76.3406, 12.6537 ], [ 76.3426, 12.6548 ], [ 76.3522, 12.6504 ], [ 76.3513, 12.6426 ] ] ] } },
{ "type": "Feature", "properties": { "area_id": "KGIS-T-2604", "name_en": "Mysuru", "name_kn": "ಮೈಸೂರು", "level": "block", "parent_id": "KGIS-D-26", "district_en": "Mysuru", "lgd_code": "5572" }, "geometry": { "type": "Polygon", "coordinates": [ [ [ 76.5186, 12.4508 ], [ 76.5313, 12.4423 ], [ 76.549, 12.4391 ], [ 76.5627, 12.4272 ], [ 76.5691, 12.4251 ], [ 76.5657, 12.3992 ], [ 76.5574, 12.4011 ], [ 76.5545, 12.3912 ], [ 76.5592, 12.3901 ], [ 76.5607, 12.384 ], [ 76.5658, 12.3819 ], [ 76.5654, 12.3784 ], [ 76.5696, 12.3733 ], [ 76.5794, 12.3724 ], [ 76.5871, 12.3752 ], [ 76.5873, 12.3705 ], [ 76.5903, 12.3686 ], [ 76.5886, 12.3637 ], [ 76.5917, 12.363 ], [ 76.5951, 12.3678 ], [ 76.604, 12.3693 ], [ 76.6188, 12.3676 ], [ 76.6257, 12.3691 ], [ 76.6274, 12.3768 ], [ 76.6336, 12.3834 ], [ 76.6413, 12.3848 ], [ 76.6421, 12.3945 ], [ 76.6469, 12.3971 ], [ 76.6522, 12.3948 ], [ 76.6562, 12.3963 ], [ 76.6638, 12.3865 ], [ 76.6713, 12.3915 ], [ 76.6829, 12.3914 ], [ 76.6816, 12.3866 ], [ 76.6864, 12.3828 ], [ 76.6812, 12.3679 ], [ 76.6879, 12.3661 ], [ 76.6879, 12.3632 ], [ 76.6986, 12.3504 ], [ 76.7137, 12.3574 ], [ 76.7182, 12.3567 ], [ 76.717, 12.3519 ], [ 76.73, 12.3428 ], [ 76.7321, 12.3155 ], [ 76.736, 12.3228 ], [ 76.7414, 12.3218 ], [ 76.7434, 12.3203 ], [ 76.7438, 12.3101 ], [ 76.7483, 12.3084 ], [ 76.7519, 12.302 ], [ 76.7573, 12.304 ], [ 76.7648, 12.3125 ], [ 76.7627, 12.3154 ], [ 76.7643, 12.3281 ], [ 76.7618, 12.3382 ], [ 76.7659, 12.3512 ], [ 76.7817, 12.352 ], [ 76.783, 12.3477 ], [ 76.7892, 12.347 ], [ 76.7944, 12.3544 ], [ 76.8006, 12.3556 ], [ 76.7997, 12.3563 ], [ 76.7996, 12.3567 ], [ 76.8129, 12.3533 ], [ 76.817, 12.3495 ], [ 76.8156, 12.3459 ], [ 76.8073, 12.3428 ], [ 76.8052, 12.3298 ], [ 76.8123, 12.3283 ], [ 76.8165, 12.3171 ], [ 76.8103, 12.3152 ], [ 76.8052, 12.3093 ], [ 76.791, 12.3078 ], [ 76.7874, 12.2996 ], [ 76.7939, 12.2921 ], [ 76.8003, 12.2913 ], [ 76.8053, 12.2773 ], [ 76.8085, 12.2775 ], [ 76.814, 12.2723 ], [ 76.8251, 12.27 ], [ 76.8241, 12.2619 ], [ 76.8309, 12.2602 ], [ 76.836, 12.2437 ], [ 76.8338, 12.2266 ], [ 76.8351, 12.2171 ], [ 76.8329, 12.209 ], [ 76.8171, 12.1945 ], [ 76.8141, 12.2006 ], [ 76.8028, 12.2077 ], [ 76.7969, 12.2197 ], [ 76.7864, 12.2272 ], [ 76.7846, 12.2259 ], [ 76.7787, 12.2317 ], [ 76.7726, 12.2296 ], [ 76.7718, 12.2265 ], [ 76.7657, 12.2253 ], [ 76.7605, 12.2114 ], [ 76.7553, 12.21 ], [ 76.7515, 12.2005 ], [ 76.735, 12.2006 ], [ 76.7337, 12.1925 ], [ 76.7273, 12.1917 ], [ 76.7259, 12.188 ], [ 76.7165, 12.192 ], [ 76.7083, 12.189 ], [ 76.7021, 12.1955 ], [ 76.7045, 12.2023 ], [ 76.6967, 12.2023 ], [ 76.6921, 12.1977 ], [ 76.6933, 12.1918 ], [ 76.6968, 12.1925 ], [ 76.6972, 12.1842 ], [ 76.6907, 12.1808 ], [ 76.688, 12.176 ], [ 76.6843, 12.1774 ], [ 76.6815, 12.1856 ], [ 76.6775, 12.1858 ], [ 76.6775, 12.1832 ], [ 76.6742, 12.1852 ], [ 76.6737, 12.1823 ], [ 76.67, 12.1813 ], [ 76.6702, 12.1788 ], [ 76.6578, 12.1819 ], [ 76.6539, 12.1784 ], [ 76.6528, 12.1711 ], [ 76.6491, 12.173 ], [ 76.6478, 12.1685 ], [ 76.6335, 12.1675 ], [ 76.6304, 12.1635 ], [ 76.6274, 12.1634 ], [ 76.6251, 12.1575 ], [ 76.626, 12.1487 ], [ 76.6178, 12.1444 ], [ 76.6066, 12.1483 ], [ 76.6058, 12.1436 ], [ 76.5941, 12.1436 ], [ 76.5936, 12.1414 ], [ 76.592, 12.1433 ], [ 76.5872, 12.1411 ], [ 76.5794, 12.1429 ], [ 76.5776, 12.1378 ], [ 76.5689, 12.143 ], [ 76.56, 12.1543 ], [ 76.5366, 12.1508 ], [ 76.5383, 12.1384 ], [ 76.5415, 12.134 ], [ 76.5464, 12.1338 ], [ 76.5468, 12.1288 ], [ 76.5425, 12.1213 ], [ 76.5368, 12.1218 ], [ 76.5372, 12.1244 ], [ 76.5314, 12.1251 ], [ 76.5349, 12.1468 ], [ 76.5256, 12.1481 ], [ 76.5246, 12.1408 ], [ 76.5217, 12.1386 ], [ 76.5097, 12.1404 ], [ 76.4949, 12.1685 ], [ 76.4874, 12.169 ], [ 76.4894, 12.1593 ], [ 76.4806, 12.1363 ], [ 76.4752, 12.1345 ], [ 76.4656, 12.1356 ], [ 76.4639, 12.1442 ], [ 76.47, 12.1534 ], [ 76.4632, 12.1533 ], [ 76.4539, 12.1627 ], [ 76.4692, 12.1656 ], [ 76.4682, 12.1718 ], [ 76.4591, 12.1709 ], [ 76.443, 12.1762 ], [ 76.4535, 12.1762 ], [ 76.4627, 12.1838 ], [ 76.464, 12.1869 ], [ 76.4602, 12.1895 ], [ 76.4689, 12.1898 ], [ 76.4744, 12.1935 ], [ 76.4758, 12.1905 ], [ 76.4832, 12.1978 ], [ 76.4974, 12.1976 ], [ 76.4977, 12.1811 ], [ 76.5018, 12.1813 ], [ 76.5161, 12.1984 ], [ 76.5175, 12.2444 ], [ 76.5143, 12.2485 ], [ 76.5072, 12.2492 ], [ 76.5091, 12.2582 ], [ 76.5063, 12.2683 ], [ 76.4863, 12.2709 ], [ 76.4842, 12.2689 ], [ 76.492, 12.3025 ], [ 76.501, 12.3224 ], [ 76.5073, 12.3447 ], [ 76.5181, 12.3539 ], [ 76.5148, 12.3587 ], [ 76.5093, 12.3601 ], [ 76.4928, 12.3592 ], [ 76.4897, 12.3653 ], [ 76.4899, 12.375 ], [ 76.468, 12.3818 ], [ 76.4633, 12.3941 ], [ 76.4661, 12.3944 ], [ 76.4674, 12.412 ], [ 76.4737, 12.4163 ], [ 76.472, 12.4195 ], [ 76.4677, 12.4196 ], [ 76.4673, 12.423 ], [ 76.4702, 12.4229 ], [ 76.4685, 12.4241 ], [ 76.47, 12.4262 ], [ 76.4613, 12.4342 ], [ 76.4587, 12.4403 ], [ 76.4771, 12.4501 ], [ 76.4918, 12.4443 ], [ 76.4979, 12.4467 ], [ 76.4987, 12.4503 ], [ 76.5102, 12.4533 ], [ 76.5186, 12.4508 ] ] ] } },
{ "type": "Feature", "properties": { "area_id": "KGIS-T-2605", "name_en": "Heggadadevanakote", "name_kn": "ಹೆಗ್ಗಡದೇವನಕೋಟೆ", "level": "block", "parent_id": "KGIS-D-26", "district_en": "Mysuru", "lgd_code": "5573" }, "geometry": { "type": "MultiPolygon", "coordinates": [ [ [ [ 76.3245, 11.9525 ], [ 76.3281, 11.959 ], [ 76.3315, 11.9594 ], [ 76.3324, 11.9547 ], [ 76.3245, 11.9525 ] ] ], [ [ [ 76.4842, 12.2689 ], [ 76.4863, 12.2709 ], [ 76.5063, 12.2683 ], [ 76.5091, 12.2582 ], [ 76.5072, 12.2492 ], [ 76.5143, 12.2485 ], [ 76.5175, 12.2444 ], [ 76.5145, 12.1945 ], [ 76.5018, 12.1813 ], [ 76.4977, 12.1811 ], [ 76.4974, 12.1976 ], [ 76.4832, 12.1978 ], [ 76.4758, 12.1905 ], [ 76.4744, 12.1935 ], [ 76.4689, 12.1898 ], [ 76.4602, 12.1895 ], [ 76.464, 12.1869 ], [ 76.4627, 12.1838 ], [ 76.4535, 12.1762 ], [ 76.443, 12.1762 ], [ 76.4591, 12.1709 ], [ 76.4682, 12.1718 ], [ 76.4692, 12.1656 ], [ 76.4539, 12.1627 ], [ 76.4632, 12.1533 ], [ 76.47, 12.1534 ], [ 76.4639, 12.1442 ], [ 76.4656, 12.1356 ], [ 76.4752, 12.1345 ], [ 76.4806, 12.1363 ], [ 76.4894, 12.1593 ], [ 76.4874, 12.169 ], [ 76.4949, 12.1685 ], [ 76.5097, 12.1404 ], [ 76.5217, 12.1386 ], [ 76.5246, 12.1408 ], [ 76.5256, 12.1481 ], [ 76.5349, 12.1468 ], [ 76.5314, 12.1251 ], [ 76.5372, 12.1244 ], [ 76.5383, 12.1103 ], [ 76.5328, 12.1071 ], [ 76.5278, 12.0998 ], [ 76.5214, 12.1048 ], [ 76.5133, 12.1023 ], [ 76.4971, 12.1049 ], [ 76.4847, 12.0967 ], [ 76.4735, 12.0958 ], [ 76.4659, 12.1126 ], [ 76.4412, 12.1195 ], [ 76.4343, 12.118 ], [ 76.4245, 12.1116 ], [ 76.4167, 12.111 ], [ 76.4156, 12.1078 ], [ 76.419, 12.1009 ], [ 76.416, 12.0977 ], [ 76.3953, 12.0981 ], [ 76.4008, 12.0854 ], [ 76.3857, 12.0848 ], [ 76.3819, 12.0778 ], [ 76.3917, 12.074 ], [ 76.3945, 12.0648 ], [ 76.3996, 12.0599 ], [ 76.4019, 12.0513 ], [ 76.4077, 12.0449 ], [ 76.3985, 12.0318 ], [ 76.3991, 12.0234 ], [ 76.395, 12.0161 ], [ 76.3909, 12.0196 ], [ 76.3833, 12.0203 ], [ 76.3721, 12.0095 ], [ 76.3734, 12.005 ], [ 76.3843, 12.0037 ], [ 76.3932, 11.9981 ], [ 76.3931, 11.9959 ], [ 76.3875, 11.9915 ], [ 76.3627, 11.9907 ], [ 76.3591, 11.9872 ], [ 76.3621, 11.9783 ], [ 76.358, 11.972 ], [ 76.3525, 11.9734 ], [ 76.3411, 11.983 ], [ 76.3328, 11.9836 ], [ 76.3253, 11.9893 ], [ 76.3202, 11.9883 ], [ 76.3226, 11.9848 ], [ 76.3218, 11.9687 ], [ 76.3129, 11.9593 ], [ 76.3172, 11.9495 ], [ 76.3155, 11.9454 ], [ 76.3187, 11.944 ], [ 76.3165, 11.9373 ], [ 76.3179, 11.9358 ], [ 76.3145, 11.9317 ], [ 76.3197, 11.9291 ], [ 76.3195, 11.9266 ], [ 76.3259, 11.9267 ], [ 76.3254, 11.9235 ], [ 76.3357, 11.9225 ], [ 76.3267, 11.9175 ], [ 76.3235, 11.9072 ], [ 76.3262, 11.9055 ], [ 76.3254, 11.9034 ], [ 76.3091, 11.9021 ], [ 76.2992, 11.8894 ], [ 76.2998, 11.8805 ], [ 76.3125, 11.8748 ], [ 76.3172, 11.8688 ], [ 76.3164, 11.8653 ], [ 76.3192, 11.86 ], [ 76.3153, 11.852 ], [ 76.3066, 11.8465 ], [ 76.3054, 11.835 ], [ 76.2984, 11.8261 ], [ 76.2878, 11.8245 ], [ 76.283, 11.8204 ], [ 76.2819, 11.8174 ], [ 76.2871, 11.8003 ], [ 76.2807, 11.8115 ], [ 76.2752, 11.8121 ], [ 76.2598, 11.8091 ], [ 76.2455, 11.8032 ], [ 76.239, 11.8026 ], [ 76.2262, 11.8063 ], [ 76.2181, 11.8135 ], [ 76.2157, 11.8226 ], [ 76.2099, 11.8291 ], [ 76.2131, 11.8429 ], [ 76.2079, 11.8617 ], [ 76.2001, 11.8627 ], [ 76.1871, 11.872 ], [ 76.1698, 11.8691 ], [ 76.1658, 11.8659 ], [ 76.1545, 11.8686 ], [ 76.1474, 11.8662 ], [ 76.1323, 11.853 ], [ 76.127, 11.8533 ], [ 76.121, 11.8489 ], [ 76.1174, 11.8568 ], [ 76.1131, 11.86 ], [ 76.1149, 11.8668 ], [ 76.1088, 11.9221 ], [ 76.1099, 11.9769 ], [ 76.1222, 11.9794 ], [ 76.145, 12.0068 ], [ 76.1481, 12.0152 ], [ 76.158, 12.0221 ], [ 76.1773, 12.0294 ], [ 76.1838, 12.0359 ], [ 76.189, 12.0504 ], [ 76.1783, 12.0698 ], [ 76.1751, 12.0817 ], [ 76.1765, 12.0996 ], [ 76.1718, 12.1083 ], [ 76.1709, 12.118 ], [ 76.1666, 12.123 ], [ 76.2293, 12.153 ], [ 76.2447, 12.163 ], [ 76.2309, 12.1815 ], [ 76.2404, 12.1865 ], [ 76.2487, 12.1964 ], [ 76.2453, 12.2005 ], [ 76.2476, 12.2027 ], [ 76.2667, 12.2108 ], [ 76.2735, 12.2085 ], [ 76.2796, 12.1961 ], [ 76.2857, 12.1957 ], [ 76.2954, 12.1901 ], [ 76.3019, 12.1889 ], [ 76.3103, 12.1937 ], [ 76.3107, 12.2005 ], [ 76.3157, 12.1971 ], [ 76.3204, 12.1802 ], [ 76.3275, 12.1838 ], [ 76.338, 12.1844 ], [ 76.3556, 12.1714 ], [ 76.3662, 12.1591 ], [ 76.3877, 12.1614 ], [ 76.4037, 12.1658 ], [ 76.4008, 12.1759 ], [ 76.4219, 12.1818 ], [ 76.4233, 12.1879 ], [ 76.4377, 12.1873 ], [ 76.4453, 12.1912 ], [ 76.4383, 12.2091 ], [ 76.4209, 12.2094 ], [ 76.4197, 12.2139 ], [ 76.4228, 12.2247 ], [ 76.4172, 12.2311 ], [ 76.4172, 12.2368 ], [ 76.4225, 12.2387 ], [ 76.4272, 12.2444 ], [ 76.4279, 12.251 ], [ 76.4298, 12.2496 ], [ 76.4353, 12.2523 ], [ 76.4381, 12.2663 ], [ 76.4418, 12.2668 ], [ 76.4449, 12.2725 ], [ 76.4463, 12.2653 ], [ 76.4475, 12.2724 ], [ 76.4503, 12.269 ], [ 76.4488, 12.2654 ], [ 76.4575, 12.2633 ], [ 76.4637, 12.2898 ], [ 76.4676, 12.2902 ], [ 76.4826, 12.2864 ], [ 76.4866, 12.2831 ], [ 76.4842, 12.2689 ] ] ] ] } },
{ "type": "Feature", "properties": { "area_id": "KGIS-T-2606", "name_en": "Nanjangud", "name_kn": "ನಂಜನಗೂಡು", "level": "block", "parent_id": "KGIS-D-26", "district_en": "Mysuru", "lgd_code": "5574" }, "geometry": { "type": "Polygon", "coordinates": [ [ [ 76.7787, 12.2317 ], [ 76.7969, 12.2197 ], [ 76.8028, 12.2077 ], [ 76.8141, 12.2006 ], [ 76.8171, 12.1945 ], [ 76.8329, 12.209 ], [ 76.8351, 12.2171 ], [ 76.8338, 12.226 ], [ 76.8421, 12.2276 ], [ 76.8403, 12.2225 ], [ 76.8433, 12.2203 ], [ 76.8437, 12.223 ], [ 76.8446, 12.2151 ], [ 76.856, 12.2162 ], [ 76.8588, 12.2076 ], [ 76.8687, 12.2079 ], [ 76.8676, 12.1963 ], [ 76.8645, 12.1958 ], [ 76.8641, 12.1917 ], [ 76.8574, 12.186 ], [ 76.856, 12.181 ], [ 76.8512, 12.1792 ], [ 76.8535, 12.1709 ], [ 76.8455, 12.1692 ], [ 76.8463, 12.164 ], [ 76.8508, 12.1635 ], [ 76.8521, 12.159 ], [ 76.8409, 12.1568 ], [ 76.8409, 12.1452 ], [ 76.8311, 12.1356 ], [ 76.8344, 12.1271 ], [ 76.8454, 12.1192 ], [ 76.8452, 12.1133 ], [ 76.8477, 12.1177 ], [ 76.8606, 12.116 ], [ 76.8681, 12.1179 ], [ 76.8767, 12.1154 ], [ 76.8773, 12.1049 ], [ 76.8797, 12.1043 ], [ 76.8785, 12.0999 ], [ 76.8838, 12.0833 ], [ 76.8745, 12.0751 ], [ 76.8706, 12.0638 ], [ 76.8544, 12.0622 ], [ 76.8532, 12.0603 ], [ 76.8674, 12.0601 ], [ 76.8705, 12.056 ], [ 76.8907, 12.0588 ], [ 76.89, 12.0497 ], [ 76.9007, 12.0469 ], [ 76.8991, 12.0434 ], [ 76.9029, 12.0451 ], [ 76.9048, 12.0425 ], [ 76.9103, 12.0417 ], [ 76.9153, 12.0258 ], [ 76.939, 12.0265 ], [ 76.9359, 12.013 ], [ 76.9236, 12.0132 ], [ 76.9185, 12.0073 ], [ 76.9043, 11.9985 ], [ 76.8865, 11.9995 ], [ 76.8832, 12.0156 ], [ 76.8728, 12.0056 ], [ 76.8584, 12.0074 ], [ 76.8563, 11.9996 ], [ 76.837, 11.9997 ], [ 76.8374, 12.0035 ], [ 76.8216, 12.0101 ], [ 76.8226, 12.0176 ], [ 76.8205, 12.0281 ], [ 76.818, 12.028 ], [ 76.8114, 12.0273 ], [ 76.8111, 12.0218 ], [ 76.7942, 12.0138 ], [ 76.7915, 12.0057 ], [ 76.7957, 12.0037 ], [ 76.7963, 11.9893 ], [ 76.7874, 11.9855 ], [ 76.7677, 11.9923 ], [ 76.7642, 11.9991 ], [ 76.7494, 11.9995 ], [ 76.7459, 12.002 ], [ 76.7463, 12.0082 ], [ 76.7426, 12.0099 ], [ 76.7395, 12.0054 ], [ 76.7332, 12.0027 ], [ 76.7299, 11.9905 ], [ 76.7248, 11.9878 ], [ 76.7168, 11.9882 ], [ 76.716, 11.984 ], [ 76.7031, 11.9852 ], [ 76.7041, 11.991 ], [ 76.6997, 11.9982 ], [ 76.6948, 12.0006 ], [ 76.6742, 12.0015 ], [ 76.6716, 12.0061 ], [ 76.6598, 12.0078 ], [ 76.6506, 12.0074 ], [ 76.6421, 11.9817 ], [ 76.6358, 11.9815 ], [ 76.6206, 11.9899 ], [ 76.6085, 11.9928 ], [ 76.5971, 11.9844 ], [ 76.5785, 11.9883 ], [ 76.5727, 11.9647 ], [ 76.5577, 11.9477 ], [ 76.5603, 11.9442 ], [ 76.5715, 11.9394 ], [ 76.5706, 11.9281 ], [ 76.577, 11.9227 ], [ 76.5685, 11.8997 ], [ 76.5714, 11.8999 ], [ 76.5643, 11.8915 ], [ 76.5573, 11.8934 ], [ 76.5543, 11.8583 ], [ 76.5317, 11.8748 ], [ 76.5005, 11.8632 ], [ 76.489, 11.8634 ], [ 76.4868, 11.8592 ], [ 76.4576, 11.8608 ], [ 76.4559, 11.8686 ], [ 76.4773, 11.8673 ], [ 76.4664, 11.8749 ], [ 76.4723, 11.8778 ], [ 76.4767, 11.8779 ], [ 76.4827, 11.8731 ], [ 76.4799, 11.8826 ], [ 76.4713, 11.8792 ], [ 76.4647, 11.8795 ], [ 76.4627, 11.885 ], [ 76.4657, 11.8896 ], [ 76.4686, 11.8888 ], [ 76.4721, 11.8938 ], [ 76.4763, 11.8881 ], [ 76.4883, 11.8897 ], [ 76.5016, 11.8998 ], [ 76.4948, 11.9099 ], [ 76.4898, 11.9115 ], [ 76.4916, 11.9207 ], [ 76.4895, 11.9244 ], [ 76.489, 11.9401 ], [ 76.4815, 11.9384 ], [ 76.4721, 11.9248 ], [ 76.4711, 11.9343 ], [ 76.4744, 11.9474 ], [ 76.4856, 11.9471 ], [ 76.4903, 11.9495 ], [ 76.4884, 11.953 ], [ 76.4926, 11.9595 ], [ 76.4921, 11.9635 ], [ 76.4945, 11.9648 ], [ 76.4928, 11.9696 ], [ 76.5011, 11.9716 ], [ 76.4958, 11.9922 ], [ 76.492, 11.9892 ], [ 76.4917, 11.9915 ], [ 76.4835, 11.9931 ], [ 76.4832, 11.9956 ], [ 76.4852, 12.0002 ], [ 76.4884, 11.9982 ], [ 76.4967, 12.0028 ], [ 76.5042, 12.0014 ], [ 76.5065, 12.0158 ], [ 76.4988, 12.0195 ], [ 76.5071, 12.0279 ], [ 76.5079, 12.0326 ], [ 76.4871, 12.0332 ], [ 76.4859, 12.0297 ], [ 76.4767, 12.0266 ], [ 76.4637, 12.0331 ], [ 76.4788, 12.0435 ], [ 76.4615, 12.0398 ], [ 76.4709, 12.0515 ], [ 76.4739, 12.0589 ], [ 76.4657, 12.0619 ], [ 76.4604, 12.0586 ], [ 76.4534, 12.0599 ], [ 76.449, 12.0511 ], [ 76.4342, 12.0588 ], [ 76.4322, 12.0657 ], [ 76.4342, 12.0784 ], [ 76.4508, 12.0781 ], [ 76.4484, 12.0909 ], [ 76.4518, 12.0959 ], [ 76.4413, 12.0916 ], [ 76.4381, 12.1096 ], [ 76.4343, 12.118 ], [ 76.4412, 12.1195 ], [ 76.4532, 12.1163 ], [ 76.4531, 12.0993 ], [ 76.4581, 12.1039 ], [ 76.4621, 12.1043 ], [ 76.4633, 12.1091 ], [ 76.4668, 12.1095 ], [ 76.4735, 12.0958 ], [ 76.4847, 12.0967 ], [ 76.4971, 12.1049 ], [ 76.5133, 12.1023 ], [ 76.5214, 12.1048 ], [ 76.5278, 12.0998 ], [ 76.5328, 12.1071 ], [ 76.5383, 12.1103 ], [ 76.5368, 12.1218 ], [ 76.5425, 12.1213 ], [ 76.5468, 12.1288 ], [ 76.5464, 12.1338 ], [ 76.5415, 12.134 ], [ 76.5383, 12.1384 ], [ 76.5366, 12.1508 ], [ 76.56, 12.1543 ], [ 76.5689, 12.143 ], [ 76.5776, 12.1378 ], [ 76.5794, 12.1429 ], [ 76.5872, 12.1411 ], [ 76.592, 12.1433 ], [ 76.5936, 12.1414 ], [ 76.5941, 12.1436 ], [ 76.6058, 12.1436 ], [ 76.6066, 12.1483 ], [ 76.6178, 12.1444 ], [ 76.626, 12.1487 ], [ 76.6251, 12.1575 ], [ 76.6274, 12.1634 ], [ 76.6304, 12.1635 ], [ 76.6335, 12.1675 ], [ 76.6478, 12.1685 ], [ 76.6491, 12.173 ], [ 76.6528, 12.1711 ], [ 76.6539, 12.1784 ], [ 76.6578, 12.1819 ], [ 76.6702, 12.1788 ], [ 76.67, 12.1813 ], [ 76.6737, 12.1823 ], [ 76.6742, 12.1852 ], [ 76.6775, 12.1832 ], [ 76.6775, 12.1858 ], [ 76.6815, 12.1856 ], [ 76.6843, 12.1774 ], [ 76.688, 12.176 ], [ 76.6907, 12.1808 ], [ 76.6972, 12.1842 ], [ 76.6968, 12.1925 ], [ 76.6933, 12.1918 ], [ 76.6925, 12.1939 ], [ 76.693, 12.2006 ], [ 76.7045, 12.2023 ], [ 76.7021, 12.1955 ], [ 76.7083, 12.189 ], [ 76.7165, 12.192 ], [ 76.7259, 12.188 ], [ 76.7273, 12.1917 ], [ 76.7337, 12.1925 ], [ 76.735, 12.2006 ], [ 76.7515, 12.2005 ], [ 76.7553, 12.21 ], [ 76.7605, 12.2114 ], [ 76.7657, 12.2253 ], [ 76.7718, 12.2265 ], [ 76.7726, 12.2296 ], [ 76.7787, 12.2317 ] ] ] } },
{ "type": "Feature", "properties": { "area_id": "KGIS-T-2607", "name_en": "T.Narasipura", "name_kn": "", "level": "block", "parent_id": "KGIS-D-26", "district_en": "Mysuru", "lgd_code": null }, "geometry": { "type": "Polygon", "coordinates": [ [ [ 76.9236, 12.4392 ], [ 76.9288, 12.4235 ], [ 76.9254, 12.4221 ], [ 76.9261, 12.4184 ], [ 76.9376, 12.401 ], [ 76.9361, 12.3699 ], [ 76.9392, 12.3542 ], [ 76.9237, 12.3532 ], [ 76.9254, 12.3448 ], [ 76.9284, 12.3392 ], [ 76.9316, 12.338 ], [ 76.928, 12.3266 ], [ 76.9223, 12.3224 ], [ 76.9356, 12.3246 ], [ 76.9475, 12.3313 ], [ 76.9533, 12.3306 ], [ 76.9536, 12.3278 ], [ 76.9592, 12.328 ], [ 76.9607, 12.3349 ], [ 76.9565, 12.3527 ], [ 76.9582, 12.3546 ], [ 76.9711, 12.3528 ], [ 76.9766, 12.3546 ], [ 76.9765, 12.328 ], [ 76.9807, 12.3279 ], [ 76.987, 12.3333 ], [ 76.9873, 12.3198 ], [ 76.9909, 12.3173 ], [ 76.9908, 12.3147 ], [ 76.9975, 12.3136 ], [ 76.9929, 12.3018 ], [ 76.9868, 12.3018 ], [ 76.9806, 12.3075 ], [ 76.9773, 12.3076 ], [ 76.9713, 12.2907 ], [ 76.9805, 12.2892 ], [ 76.9836, 12.2865 ], [ 76.9895, 12.2876 ], [ 76.9909, 12.2772 ], [ 76.9893, 12.2763 ], [ 76.9891, 12.257 ], [ 76.9939, 12.2515 ], [ 76.9962, 12.2398 ], [ 77.0122, 12.2414 ], [ 77.0352, 12.2319 ], [ 77.0373, 12.2338 ], [ 77.0456, 12.2326 ], [ 77.0497, 12.2381 ], [ 77.053, 12.2386 ], [ 77.0643, 12.2326 ], [ 77.0687, 12.2344 ], [ 77.0693, 12.2374 ], [ 77.0779, 12.2362 ], [ 77.0771, 12.2195 ], [ 77.0826, 12.2211 ], [ 77.0884, 12.2176 ], [ 77.0912, 12.2198 ], [ 77.1053, 12.2197 ], [ 77.1071, 12.2409 ], [ 77.1263, 12.243 ], [ 77.1272, 12.2359 ], [ 77.1346, 12.2299 ], [ 77.1347, 12.2243 ], [ 77.1316, 12.2194 ], [ 77.1318, 12.2064 ], [ 77.1255, 12.2029 ], [ 77.1271, 12.202 ], [ 77.1229, 12.1944 ], [ 77.114, 12.1924 ], [ 77.1061, 12.1872 ], [ 77.106, 12.1893 ], [ 77.0842, 12.1898 ], [ 77.0636, 12.1713 ], [ 77.0481, 12.1698 ], [ 77.0482, 12.1669 ], [ 77.0442, 12.1669 ], [ 77.0455, 12.1592 ], [ 77.0403, 12.152 ], [ 77.0393, 12.1439 ], [ 77.0403, 12.139 ], [ 77.0444, 12.1418 ], [ 77.046, 12.1355 ], [ 77.0442, 12.1358 ], [ 77.0408, 12.1285 ], [ 77.0388, 12.1293 ], [ 77.0369, 12.1387 ], [ 77.0242, 12.1373 ], [ 77.0158, 12.1333 ], [ 77.0156, 12.1364 ], [ 77.0122, 12.137 ], [ 77.0133, 12.1513 ], [ 77.0113, 12.1537 ], [ 77.0142, 12.1566 ], [ 77.014, 12.1625 ], [ 77.0029, 12.1605 ], [ 77.0028, 12.166 ], [ 76.9973, 12.1665 ], [ 76.9986, 12.1771 ], [ 76.9922, 12.1762 ], [ 76.9903, 12.1736 ], [ 76.9907, 12.1624 ], [ 76.9881, 12.162 ], [ 76.9889, 12.1407 ], [ 76.9868, 12.1411 ], [ 76.9866, 12.1382 ], [ 76.9823, 12.1384 ], [ 76.9796, 12.1342 ], [ 76.9764, 12.1343 ], [ 76.9762, 12.1231 ], [ 76.9689, 12.1223 ], [ 76.9708, 12.1128 ], [ 76.9486, 12.0978 ], [ 76.9367, 12.102 ], [ 76.9303, 12.1095 ], [ 76.926, 12.1097 ], [ 76.9238, 12.1147 ], [ 76.9068, 12.1135 ], [ 76.903, 12.1168 ], [ 76.903, 12.1232 ], [ 76.8904, 12.1217 ], [ 76.8906, 12.1311 ], [ 76.8818, 12.1297 ], [ 76.8713, 12.1409 ], [ 76.8711, 12.1513 ], [ 76.8677, 12.1617 ], [ 76.8694, 12.1621 ], [ 76.8713, 12.174 ], [ 76.8655, 12.1743 ], [ 76.8625, 12.1802 ], [ 76.856, 12.181 ], [ 76.8574, 12.186 ], [ 76.8641, 12.1917 ], [ 76.8645, 12.1958 ], [ 76.8676, 12.1963 ], [ 76.8687, 12.2079 ], [ 76.8588, 12.2076 ], [ 76.856, 12.2162 ], [ 76.8446, 12.2151 ], [ 76.8437, 12.223 ], [ 76.8433, 12.2203 ], [ 76.8403, 12.2225 ], [ 76.8421, 12.2276 ], [ 76.8338, 12.226 ], [ 76.8362, 12.2345 ], [ 76.8344, 12.2381 ], [ 76.8358, 12.2449 ], [ 76.8309, 12.2602 ], [ 76.8241, 12.2619 ], [ 76.8251, 12.27 ], [ 76.814, 12.2723 ], [ 76.8085, 12.2775 ], [ 76.8053, 12.2773 ], [ 76.8003, 12.2913 ], [ 76.7939, 12.2921 ], [ 76.7874, 12.2996 ], [ 76.791, 12.3078 ], [ 76.8052, 12.3093 ], [ 76.8103, 12.3152 ], [ 76.8165, 12.3171 ], [ 76.8123, 12.3283 ], [ 76.8052, 12.3298 ], [ 76.8073, 12.3428 ], [ 76.8156, 12.3459 ], [ 76.817, 12.3495 ], [ 76.8115, 12.354 ], [ 76.7998, 12.3564 ], [ 76.7968, 12.3655 ], [ 76.8034, 12.3705 ], [ 76.8072, 12.3605 ], [ 76.8104, 12.3622 ], [ 76.8145, 12.3868 ], [ 76.8282, 12.3871 ], [ 76.834, 12.3845 ], [ 76.835, 12.3952 ], [ 76.8318, 12.3971 ], [ 76.8322, 12.4026 ], [ 76.8477, 12.402 ], [ 76.8539, 12.4096 ], [ 76.8554, 12.4079 ], [ 76.8606, 12.4094 ], [ 76.8631, 12.4005 ], [ 76.8727, 12.3995 ], [ 76.8809, 12.4007 ], [ 76.8796, 12.4048 ], [ 76.8815, 12.4061 ], [ 76.9001, 12.4094 ], [ 76.8982, 12.4152 ], [ 76.9003, 12.4201 ], [ 76.9066, 12.422 ], [ 76.9039, 12.4269 ], [ 76.9051, 12.4361 ], [ 76.9102, 12.4397 ], [ 76.9164, 12.4392 ], [ 76.9206, 12.4416 ], [ 76.9236, 12.4392 ] ], [ [ 76.9107, 12.384 ], [ 76.9082, 12.376 ], [ 76.8989, 12.3744 ], [ 76.8982, 12.3568 ], [ 76.9069, 12.3561 ], [ 76.9199, 12.3599 ], [ 76.9177, 12.3674 ], [ 76.9224, 12.374 ], [ 76.9229, 12.3825 ], [ 76.9107, 12.384 ] ], [ [ 76.9689, 12.2774 ], [ 76.969, 12.2601 ], [ 76.972, 12.2536 ], [ 76.9823, 12.2563 ], [ 76.9858, 12.2644 ], [ 76.9816, 12.2717 ], [ 76.9789, 12.2754 ], [ 76.9689, 12.2774 ] ] ] } },
{ "type": "Feature", "properties": { "area_id": "KGIS-T-2608", "name_en": "Saraguru", "name_kn": "ಸರಗೂರು", "level": "block", "parent_id": "KGIS-D-26", "district_en": "Mysuru", "lgd_code": null }, "geometry": { "type": "MultiPolygon", "coordinates": [ [ [ [ 76.4343, 12.118 ], [ 76.4413, 12.0916 ], [ 76.4518, 12.0959 ], [ 76.4484, 12.0909 ], [ 76.4508, 12.0781 ], [ 76.4342, 12.0784 ], [ 76.4322, 12.0657 ], [ 76.4342, 12.0588 ], [ 76.449, 12.0511 ], [ 76.4534, 12.0599 ], [ 76.4604, 12.0586 ], [ 76.4657, 12.0619 ], [ 76.4739, 12.0589 ], [ 76.4709, 12.0515 ], [ 76.4615, 12.0398 ], [ 76.4788, 12.0435 ], [ 76.4637, 12.0331 ], [ 76.4767, 12.0266 ], [ 76.4859, 12.0297 ], [ 76.4871, 12.0332 ], [ 76.5079, 12.0326 ], [ 76.5071, 12.0279 ], [ 76.4988, 12.0195 ], [ 76.5065, 12.0158 ], [ 76.5042, 12.0014 ], [ 76.4967, 12.0028 ], [ 76.4884, 11.9982 ], [ 76.4852, 12.0002 ], [ 76.4832, 11.9956 ], [ 76.4835, 11.9931 ], [ 76.4917, 11.9915 ], [ 76.492, 11.9892 ], [ 76.4958, 11.9922 ], [ 76.5011, 11.9716 ], [ 76.4928, 11.9696 ], [ 76.4945, 11.9648 ], [ 76.4921, 11.9635 ], [ 76.4926, 11.9595 ], [ 76.4884, 11.953 ], [ 76.4903, 11.9495 ], [ 76.4856, 11.9471 ], [ 76.4744, 11.9474 ], [ 76.4711, 11.9343 ], [ 76.4721, 11.9248 ], [ 76.4815, 11.9384 ], [ 76.489, 11.9401 ], [ 76.4895, 11.9244 ], [ 76.4916, 11.9207 ], [ 76.4898, 11.9115 ], [ 76.4948, 11.9099 ], [ 76.5016, 11.8998 ], [ 76.4883, 11.8897 ], [ 76.4763, 11.8881 ], [ 76.4721, 11.8938 ], [ 76.4686, 11.8888 ], [ 76.4657, 11.8896 ], [ 76.4627, 11.885 ], [ 76.4647, 11.8795 ], [ 76.4713, 11.8792 ], [ 76.4799, 11.8826 ], [ 76.4827, 11.8731 ], [ 76.4738, 11.8785 ], [ 76.4664, 11.8749 ], [ 76.4773, 11.8673 ], [ 76.4559, 11.8686 ], [ 76.4576, 11.8608 ], [ 76.4868, 11.8592 ], [ 76.4821, 11.8429 ], [ 76.4859, 11.8226 ], [ 76.4598, 11.8201 ], [ 76.4555, 11.7966 ], [ 76.4528, 11.7997 ], [ 76.4398, 11.8004 ], [ 76.4217, 11.8067 ], [ 76.4139, 11.8131 ], [ 76.4132, 11.8168 ], [ 76.4094, 11.8154 ], [ 76.412, 11.8083 ], [ 76.4212, 11.8034 ], [ 76.4257, 11.8041 ], [ 76.4282, 11.7955 ], [ 76.4259, 11.7935 ], [ 76.4212, 11.7961 ], [ 76.4223, 11.7922 ], [ 76.42, 11.7902 ], [ 76.4111, 11.7883 ], [ 76.4167, 11.784 ], [ 76.4127, 11.7815 ], [ 76.4129, 11.7793 ], [ 76.423, 11.7763 ], [ 76.4214, 11.7711 ], [ 76.413, 11.7634 ], [ 76.4125, 11.7585 ], [ 76.4092, 11.7588 ], [ 76.3986, 11.7514 ], [ 76.3936, 11.7554 ], [ 76.3864, 11.7482 ], [ 76.3788, 11.745 ], [ 76.3668, 11.7475 ], [ 76.3521, 11.7385 ], [ 76.3404, 11.7378 ], [ 76.3288, 11.7482 ], [ 76.3177, 11.7516 ], [ 76.3112, 11.7745 ], [ 76.2995, 11.7825 ], [ 76.2891, 11.796 ], [ 76.2819, 11.8174 ], [ 76.2878, 11.8245 ], [ 76.2984, 11.8261 ], [ 76.3029, 11.831 ], [ 76.3066, 11.8465 ], [ 76.3142, 11.8509 ], [ 76.319, 11.8585 ], [ 76.3172, 11.8688 ], [ 76.3125, 11.8748 ], [ 76.2998, 11.8805 ], [ 76.2992, 11.8894 ], [ 76.3091, 11.9021 ], [ 76.3254, 11.9034 ], [ 76.3262, 11.9055 ], [ 76.3235, 11.9072 ], [ 76.3267, 11.9175 ], [ 76.3357, 11.9225 ], [ 76.3254, 11.9235 ], [ 76.3259, 11.9267 ], [ 76.3195, 11.9266 ], [ 76.3197, 11.9291 ], [ 76.3145, 11.9317 ], [ 76.3179, 11.9358 ], [ 76.3165, 11.9373 ], [ 76.3187, 11.944 ], [ 76.3155, 11.9454 ], [ 76.3172, 11.9495 ], [ 76.3129, 11.9593 ], [ 76.3218, 11.9687 ], [ 76.3226, 11.9848 ], [ 76.3202, 11.9883 ], [ 76.3253, 11.9893 ], [ 76.3328, 11.9836 ], [ 76.3411, 11.983 ], [ 76.3525, 11.9734 ], [ 76.358, 11.972 ], [ 76.3621, 11.9783 ], [ 76.3591, 11.9872 ], [ 76.3627, 11.9907 ], [ 76.382, 11.9906 ], [ 76.3922, 11.9948 ], [ 76.3936, 11.9978 ], [ 76.3843, 12.0037 ], [ 76.3734, 12.005 ], [ 76.3724, 12.011 ], [ 76.3833, 12.0203 ], [ 76.3909, 12.0196 ], [ 76.395, 12.0161 ], [ 76.3991, 12.0234 ], [ 76.3985, 12.0318 ], [ 76.4076, 12.0458 ], [ 76.4019, 12.0513 ], [ 76.4008, 12.0581 ], [ 76.3945, 12.0648 ], [ 76.3917, 12.074 ], [ 76.3822, 12.0769 ], [ 76.3824, 12.081 ], [ 76.3857, 12.0848 ], [ 76.4008, 12.0854 ], [ 76.3953, 12.0981 ], [ 76.416, 12.0977 ], [ 76.419, 12.1009 ], [ 76.4156, 12.1078 ], [ 76.4167, 12.111 ], [ 76.4245, 12.1116 ], [ 76.4343, 12.118 ] ], [ [ 76.3245, 11.9525 ], [ 76.3324, 11.9547 ], [ 76.3315, 11.9594 ], [ 76.3281, 11.959 ], [ 76.3245, 11.9525 ] ] ], [ [ [ 76.4652, 12.1091 ], [ 76.463, 12.1088 ], [ 76.4621, 12.1043 ], [ 76.4581, 12.1039 ], [ 76.4531, 12.0993 ], [ 76.4532, 12.1163 ], [ 76.4659, 12.1126 ], [ 76.4652, 12.1091 ] ] ] ] } },
{ "type": "Feature", "properties": { "area_id": "KGIS-T-2701", "name_en": "Gundlupet", "name_kn": "ಗುಂಡ್ಲುಪೇಟೆ", "level": "block", "parent_id": "KGIS-D-27", "district_en": "Chamarajanagara", "lgd_code": "5576" }, "geometry": { "type": "MultiPolygon", "coordinates": [ [ [ [ 76.6506, 12.0074 ], [ 76.6716, 12.0061 ], [ 76.6742, 12.0015 ], [ 76.6948, 12.0006 ], [ 76.6997, 11.9982 ], [ 76.7041, 11.991 ], [ 76.7031, 11.9852 ], [ 76.716, 11.984 ], [ 76.7168, 11.9882 ], [ 76.7248, 11.9878 ], [ 76.7299, 11.9905 ], [ 76.7332, 12.0027 ], [ 76.7367, 12.0032 ], [ 76.7365, 11.9904 ], [ 76.7403, 11.989 ], [ 76.738, 11.9867 ], [ 76.7402, 11.9866 ], [ 76.7448, 11.9717 ], [ 76.7405, 11.9583 ], [ 76.7364, 11.9609 ], [ 76.7381, 11.9625 ], [ 76.7339, 11.96 ], [ 76.724, 11.9603 ], [ 76.7233, 11.9542 ], [ 76.7275, 11.9457 ], [ 76.7432, 11.9431 ], [ 76.7438, 11.9382 ], [ 76.7482, 11.9372 ], [ 76.7431, 11.9346 ], [ 76.7425, 11.9291 ], [ 76.744, 11.9193 ], [ 76.748, 11.9158 ], [ 76.7401, 11.9153 ], [ 76.7432, 11.902 ], [ 76.7488, 11.8995 ], [ 76.7482, 11.8955 ], [ 76.7593, 11.8922 ], [ 76.7586, 11.878 ], [ 76.7795, 11.8731 ], [ 76.7803, 11.8676 ], [ 76.7886, 11.8657 ], [ 76.7939, 11.8655 ], [ 76.7933, 11.8695 ], [ 76.8076, 11.8686 ], [ 76.8133, 11.8638 ], [ 76.8078, 11.8631 ], [ 76.8044, 11.8548 ], [ 76.8077, 11.8534 ], [ 76.8073, 11.8514 ], [ 76.8165, 11.8503 ], [ 76.818, 11.8455 ], [ 76.825, 11.8417 ], [ 76.8301, 11.8426 ], [ 76.8342, 11.8361 ], [ 76.8264, 11.8307 ], [ 76.8255, 11.8275 ], [ 76.816, 11.8262 ], [ 76.8124, 11.8064 ], [ 76.8151, 11.8037 ], [ 76.8096, 11.792 ], [ 76.8162, 11.7861 ], [ 76.8235, 11.7914 ], [ 76.8274, 11.7915 ], [ 76.828, 11.7839 ], [ 76.8393, 11.7805 ], [ 76.8305, 11.7686 ], [ 76.8233, 11.7722 ], [ 76.8244, 11.7769 ], [ 76.8128, 11.7814 ], [ 76.813, 11.7736 ], [ 76.8074, 11.7691 ], [ 76.8178, 11.7654 ], [ 76.817, 11.7574 ], [ 76.8089, 11.7585 ], [ 76.8082, 11.7543 ], [ 76.7922, 11.7524 ], [ 76.7942, 11.7459 ], [ 76.8064, 11.7404 ], [ 76.8139, 11.7425 ], [ 76.8201, 11.74 ], [ 76.8261, 11.7433 ], [ 76.8407, 11.7373 ], [ 76.84, 11.7343 ], [ 76.8432, 11.7335 ], [ 76.846, 11.7367 ], [ 76.8507, 11.7336 ], [ 76.8506, 11.7209 ], [ 76.8414, 11.7102 ], [ 76.8433, 11.6679 ], [ 76.8412, 11.6611 ], [ 76.8348, 11.6557 ], [ 76.8338, 11.6491 ], [ 76.8377, 11.6425 ], [ 76.8348, 11.6399 ], [ 76.8358, 11.6379 ], [ 76.8438, 11.6329 ], [ 76.8453, 11.6341 ], [ 76.8428, 11.6272 ], [ 76.8495, 11.6248 ], [ 76.8494, 11.6216 ], [ 76.8521, 11.6219 ], [ 76.8487, 11.6189 ], [ 76.8504, 11.6162 ], [ 76.8577, 11.6147 ], [ 76.8556, 11.6084 ], [ 76.8562, 11.5995 ], [ 76.8531, 11.5968 ], [ 76.8468, 11.595 ], [ 76.8395, 11.5971 ], [ 76.8241, 11.6081 ], [ 76.8174, 11.6049 ], [ 76.8101, 11.6085 ], [ 76.7961, 11.6088 ], [ 76.7915, 11.6131 ], [ 76.7749, 11.6125 ], [ 76.7709, 11.6157 ], [ 76.7623, 11.6149 ], [ 76.7577, 11.6181 ], [ 76.7426, 11.6139 ], [ 76.7018, 11.6153 ], [ 76.6837, 11.6129 ], [ 76.6699, 11.6154 ], [ 76.6368, 11.6135 ], [ 76.6161, 11.6079 ], [ 76.6132, 11.6122 ], [ 76.5977, 11.6097 ], [ 76.5973, 11.6152 ], [ 76.5904, 11.6186 ], [ 76.584, 11.6141 ], [ 76.5792, 11.6162 ], [ 76.577, 11.6148 ], [ 76.5755, 11.6195 ], [ 76.5677, 11.6189 ], [ 76.56, 11.6236 ], [ 76.5615, 11.633 ], [ 76.554, 11.6465 ], [ 76.5552, 11.653 ], [ 76.5503, 11.6621 ], [ 76.5517, 11.6725 ], [ 76.55, 11.6752 ], [ 76.527, 11.6935 ], [ 76.5065, 11.7012 ], [ 76.5029, 11.6943 ], [ 76.4959, 11.6923 ], [ 76.4955, 11.69 ], [ 76.4884, 11.687 ], [ 76.4802, 11.6885 ], [ 76.4792, 11.6807 ], [ 76.4729, 11.6792 ], [ 76.4595, 11.667 ], [ 76.4557, 11.6585 ], [ 76.4448, 11.6604 ], [ 76.4397, 11.6648 ], [ 76.4293, 11.6663 ], [ 76.4259, 11.671 ], [ 76.4193, 11.6703 ], [ 76.4151, 11.6725 ], [ 76.4123, 11.6853 ], [ 76.4087, 11.6895 ], [ 76.4114, 11.6956 ], [ 76.4084, 11.7054 ], [ 76.4029, 11.7066 ], [ 76.4027, 11.7109 ], [ 76.4103, 11.7163 ], [ 76.4146, 11.7127 ], [ 76.4164, 11.7187 ], [ 76.4257, 11.7266 ], [ 76.4178, 11.7422 ], [ 76.4132, 11.7393 ], [ 76.4097, 11.7407 ], [ 76.4128, 11.746 ], [ 76.4124, 11.7528 ], [ 76.4158, 11.7542 ], [ 76.4124, 11.7622 ], [ 76.4214, 11.7711 ], [ 76.423, 11.7763 ], [ 76.4129, 11.7793 ], [ 76.4127, 11.7815 ], [ 76.4167, 11.784 ], [ 76.4111, 11.7883 ], [ 76.42, 11.7902 ], [ 76.4223, 11.7922 ], [ 76.4212, 11.7961 ], [ 76.4259, 11.7935 ], [ 76.4282, 11.7955 ], [ 76.4257, 11.8041 ], [ 76.4212, 11.8034 ], [ 76.412, 11.8083 ], [ 76.4094, 11.8154 ], [ 76.4132, 11.8168 ], [ 76.4139, 11.8131 ], [ 76.4217, 11.8067 ], [ 76.4398, 11.8004 ], [ 76.4528, 11.7997 ], [ 76.4555, 11.7966 ], [ 76.4598, 11.8201 ], [ 76.4859, 11.8226 ], [ 76.4821, 11.8429 ], [ 76.489, 11.8634 ], [ 76.5005, 11.8632 ], [ 76.5317, 11.8748 ], [ 76.5543, 11.8583 ], [ 76.5573, 11.8934 ], [ 76.5643, 11.8915 ], [ 76.5714, 11.8999 ], [ 76.5685, 11.8997 ], [ 76.577, 11.9227 ], [ 76.5706, 11.9281 ], [ 76.5715, 11.9394 ], [ 76.5603, 11.9442 ], [ 76.5577, 11.9477 ], [ 76.5727, 11.9647 ], [ 76.5785, 11.9883 ], [ 76.5971, 11.9844 ], [ 76.6085, 11.9928 ], [ 76.6206, 11.9899 ], [ 76.6358, 11.9815 ], [ 76.6421, 11.9817 ], [ 76.6506, 12.0074 ] ] ], [ [ [ 76.7487, 11.9323 ], [ 76.7472, 11.9331 ], [ 76.7486, 11.9335 ], [ 76.7487, 11.9323 ] ] ], [ [ [ 76.7463, 11.9435 ], [ 76.7431, 11.9438 ], [ 76.7435, 11.9479 ], [ 76.7466, 11.9453 ], [ 76.7463, 11.9435 ] ] ] ] } },
{ "type": "Feature", "properties": { "area_id": "KGIS-T-2702", "name_en": "Chamarajanagara", "name_kn": "ಚಾಮರಾಜನಗರ", "level": "block", "parent_id": "KGIS-D-27", "district_en": "Chamarajanagara", "lgd_code": "5577" }, "geometry": { "type": "Polygon", "coordinates": [ [ [ 76.8512, 12.1792 ], [ 76.8625, 12.1802 ], [ 76.8655, 12.1743 ], [ 76.8713, 12.174 ], [ 76.8694, 12.1621 ], [ 76.8677, 12.1617 ], [ 76.8711, 12.1513 ], [ 76.8713, 12.1409 ], [ 76.8818, 12.1297 ], [ 76.8906, 12.1311 ], [ 76.8904, 12.1217 ], [ 76.903, 12.1232 ], [ 76.903, 12.1168 ], [ 76.9068, 12.1135 ], [ 76.9238, 12.1147 ], [ 76.926, 12.1097 ], [ 76.9303, 12.1095 ], [ 76.9367, 12.102 ], [ 76.9486, 12.0978 ], [ 76.9768, 12.1168 ], [ 76.9817, 12.1094 ], [ 76.9849, 12.1098 ], [ 76.9846, 12.1066 ], [ 76.9874, 12.1041 ], [ 76.985, 12.0636 ], [ 76.9911, 12.0583 ], [ 76.9938, 12.048 ], [ 76.9986, 12.046 ], [ 76.9968, 12.0378 ], [ 77.0004, 12.0376 ], [ 77.0001, 12.0314 ], [ 77.0058, 12.0307 ], [ 77.006, 12.022 ], [ 77.0026, 12.0193 ], [ 77.0082, 12.0069 ], [ 77.0103, 12.0081 ], [ 77.023, 12.0025 ], [ 77.0239, 12.0086 ], [ 77.0262, 12.0085 ], [ 77.0357, 12.018 ], [ 77.0338, 12.0256 ], [ 77.036, 12.0328 ], [ 77.0425, 12.0322 ], [ 77.0459, 12.0156 ], [ 77.0558, 12.0164 ], [ 77.056, 12.002 ], [ 77.0581, 12.0009 ], [ 77.0612, 12.006 ], [ 77.0635, 12.0058 ], [ 77.0647, 12.003 ], [ 77.0718, 12.0025 ], [ 77.0719, 11.9993 ], [ 77.0984, 11.9918 ], [ 77.1087, 11.9831 ], [ 77.1034, 11.9549 ], [ 77.1141, 11.9417 ], [ 77.1375, 11.9294 ], [ 77.1328, 11.9003 ], [ 77.1423, 11.8878 ], [ 77.1573, 11.8842 ], [ 77.174, 11.8759 ], [ 77.1751, 11.8622 ], [ 77.1724, 11.8592 ], [ 77.1928, 11.8172 ], [ 77.1893, 11.799 ], [ 77.1825, 11.793 ], [ 77.1612, 11.7925 ], [ 77.151, 11.7875 ], [ 77.1369, 11.7897 ], [ 77.1344, 11.7858 ], [ 77.1188, 11.7822 ], [ 77.1199, 11.7728 ], [ 77.1105, 11.7735 ], [ 77.1131, 11.7654 ], [ 77.1115, 11.764 ], [ 77.1125, 11.7565 ], [ 77.1087, 11.7532 ], [ 77.1116, 11.7507 ], [ 77.1122, 11.7238 ], [ 77.1052, 11.7329 ], [ 77.0803, 11.7358 ], [ 77.082, 11.7402 ], [ 77.0563, 11.7697 ], [ 77.0607, 11.7773 ], [ 77.0702, 11.7817 ], [ 77.0654, 11.7898 ], [ 77.0452, 11.7868 ], [ 77.0477, 11.7821 ], [ 77.0404, 11.7787 ], [ 77.0353, 11.7696 ], [ 77.028, 11.7753 ], [ 77.0364, 11.7825 ], [ 77.0389, 11.794 ], [ 77.0326, 11.7956 ], [ 77.0341, 11.8 ], [ 77.0292, 11.8053 ], [ 77.0167, 11.8117 ], [ 77.0134, 11.8078 ], [ 77.0124, 11.8152 ], [ 76.9939, 11.8082 ], [ 76.9835, 11.8115 ], [ 76.9825, 11.8047 ], [ 76.9849, 11.8027 ], [ 76.9803, 11.7982 ], [ 76.9783, 11.7913 ], [ 76.9748, 11.7893 ], [ 76.9694, 11.7777 ], [ 76.961, 11.7816 ], [ 76.9565, 11.7904 ], [ 76.9537, 11.7916 ], [ 76.9418, 11.7878 ], [ 76.9313, 11.793 ], [ 76.9226, 11.7919 ], [ 76.9073, 11.7959 ], [ 76.8962, 11.7779 ], [ 76.8973, 11.7695 ], [ 76.8951, 11.7576 ], [ 76.8878, 11.7417 ], [ 76.8881, 11.7359 ], [ 76.8764, 11.725 ], [ 76.858, 11.6999 ], [ 76.8534, 11.6973 ], [ 76.8433, 11.6753 ], [ 76.8414, 11.7102 ], [ 76.8506, 11.7209 ], [ 76.8499, 11.7358 ], [ 76.846, 11.7367 ], [ 76.8432, 11.7335 ], [ 76.84, 11.7343 ], [ 76.8407, 11.7373 ], [ 76.8374, 11.7394 ], [ 76.8261, 11.7433 ], [ 76.8201, 11.74 ], [ 76.8139, 11.7425 ], [ 76.8064, 11.7404 ], [ 76.7942, 11.7459 ], [ 76.7923, 11.7527 ], [ 76.8082, 11.7543 ], [ 76.8089, 11.7585 ], [ 76.817, 11.7574 ], [ 76.8178, 11.7654 ], [ 76.8074, 11.7691 ], [ 76.813, 11.7736 ], [ 76.8128, 11.7814 ], [ 76.8244, 11.7769 ], [ 76.8233, 11.7722 ], [ 76.8305, 11.7686 ], [ 76.8393, 11.7805 ], [ 76.828, 11.7839 ], [ 76.8274, 11.7915 ], [ 76.8235, 11.7914 ], [ 76.8162, 11.7861 ], [ 76.8096, 11.792 ], [ 76.8151, 11.8037 ], [ 76.8124, 11.8064 ], [ 76.816, 11.8262 ], [ 76.8255, 11.8275 ], [ 76.8264, 11.8307 ], [ 76.8342, 11.8361 ], [ 76.8301, 11.8426 ], [ 76.825, 11.8417 ], [ 76.818, 11.8455 ], [ 76.8165, 11.8503 ], [ 76.8073, 11.8514 ], [ 76.8077, 11.8534 ], [ 76.8044, 11.8548 ], [ 76.8078, 11.8631 ], [ 76.8133, 11.8638 ], [ 76.8076, 11.8686 ], [ 76.7933, 11.8695 ], [ 76.7939, 11.8655 ], [ 76.7886, 11.8657 ], [ 76.7803, 11.8676 ], [ 76.7795, 11.8731 ], [ 76.7586, 11.878 ], [ 76.7593, 11.8922 ], [ 76.7482, 11.8955 ], [ 76.7488, 11.8995 ], [ 76.7432, 11.902 ], [ 76.7401, 11.9153 ], [ 76.748, 11.9158 ], [ 76.744, 11.9193 ], [ 76.7425, 11.9291 ], [ 76.7431, 11.9346 ], [ 76.7482, 11.9372 ], [ 76.7438, 11.9382 ], [ 76.7432, 11.9431 ], [ 76.7275, 11.9457 ], [ 76.7233, 11.9542 ], [ 76.724, 11.9603 ], [ 76.7339, 11.96 ], [ 76.7381, 11.9625 ], [ 76.7364, 11.9609 ], [ 76.7405, 11.9583 ], [ 76.7448, 11.9717 ], [ 76.7402, 11.9866 ], [ 76.738, 11.9867 ], [ 76.7403, 11.989 ], [ 76.7365, 11.9904 ], [ 76.7361, 12.0054 ], [ 76.7395, 12.0054 ], [ 76.7426, 12.0099 ], [ 76.7463, 12.0082 ], [ 76.7459, 12.002 ], [ 76.7494, 11.9995 ], [ 76.7642, 11.9991 ], [ 76.7677, 11.9923 ], [ 76.7874, 11.9855 ], [ 76.7963, 11.9893 ], [ 76.7957, 12.0037 ], [ 76.7915, 12.0057 ], [ 76.7936, 12.0127 ], [ 76.7993, 12.0173 ], [ 76.8057, 12.0183 ], [ 76.8055, 12.0207 ], [ 76.8111, 12.0218 ], [ 76.8114, 12.0273 ], [ 76.8205, 12.0281 ], [ 76.8216, 12.0101 ], [ 76.8374, 12.0035 ], [ 76.837, 11.9997 ], [ 76.8458, 11.9986 ], [ 76.8563, 11.9996 ], [ 76.8584, 12.0074 ], [ 76.8728, 12.0056 ], [ 76.8832, 12.0156 ], [ 76.8865, 11.9995 ], [ 76.9056, 11.9988 ], [ 76.9236, 12.0132 ], [ 76.9359, 12.013 ], [ 76.9391, 12.0231 ], [ 76.9379, 12.0268 ], [ 76.9153, 12.0258 ], [ 76.9103, 12.0417 ], [ 76.9048, 12.0425 ], [ 76.9029, 12.0451 ], [ 76.8991, 12.0434 ], [ 76.9007, 12.0469 ], [ 76.89, 12.0497 ], [ 76.8907, 12.0588 ], [ 76.8705, 12.056 ], [ 76.8674, 12.0601 ], [ 76.8532, 12.0603 ], [ 76.8544, 12.0622 ], [ 76.8706, 12.0638 ], [ 76.8745, 12.0751 ], [ 76.8838, 12.0833 ], [ 76.8785, 12.0999 ], [ 76.8797, 12.1043 ], [ 76.8773, 12.1049 ], [ 76.8767, 12.1154 ], [ 76.8681, 12.1179 ], [ 76.8606, 12.116 ], [ 76.8477, 12.1177 ], [ 76.8452, 12.1133 ], [ 76.8454, 12.1192 ], [ 76.8383, 12.1234 ], [ 76.8314, 12.1327 ], [ 76.8311, 12.1356 ], [ 76.8411, 12.1455 ], [ 76.8409, 12.1568 ], [ 76.8521, 12.159 ], [ 76.8508, 12.1635 ], [ 76.8463, 12.164 ], [ 76.8455, 12.1692 ], [ 76.8535, 12.1709 ], [ 76.8512, 12.1792 ] ], [ [ 76.7434, 11.9468 ], [ 76.7431, 11.9438 ], [ 76.7463, 11.9435 ], [ 76.7466, 11.9453 ], [ 76.7434, 11.9468 ] ], [ [ 76.7472, 11.9331 ], [ 76.7487, 11.9323 ], [ 76.7486, 11.9335 ], [ 76.7472, 11.9331 ] ] ] } },
{ "type": "Feature", "properties": { "area_id": "KGIS-T-2703", "name_en": "Yalandur", "name_kn": "ಯಳಂದೂರು", "level": "block", "parent_id": "KGIS-D-27", "district_en": "Chamarajanagara", "lgd_code": null }, "geometry": { "type": "Polygon", "coordinates": [ [ [ 77.0828, 12.1362 ], [ 77.0833, 12.1262 ], [ 77.0788, 12.1235 ], [ 77.0766, 12.1178 ], [ 77.0794, 12.118 ], [ 77.079, 12.1143 ], [ 77.0809, 12.1147 ], [ 77.0814, 12.1096 ], [ 77.0865, 12.1032 ], [ 77.0931, 12.1022 ], [ 77.0993, 12.0958 ], [ 77.0978, 12.0855 ], [ 77.1034, 12.0736 ], [ 77.1117, 12.0685 ], [ 77.1333, 12.0695 ], [ 77.1483, 12.0631 ], [ 77.1501, 12.0556 ], [ 77.1475, 12.0487 ], [ 77.1516, 12.0396 ], [ 77.1571, 12.04 ], [ 77.1573, 12.0287 ], [ 77.1555, 12.0271 ], [ 77.1644, 12.017 ], [ 77.1772, 12.0147 ], [ 77.1762, 12.0037 ], [ 77.1851, 11.9895 ], [ 77.1823, 11.9798 ], [ 77.1842, 11.9683 ], [ 77.1798, 11.9565 ], [ 77.1838, 11.9447 ], [ 77.1816, 11.9152 ], [ 77.174, 11.8759 ], [ 77.1573, 11.8842 ], [ 77.1423, 11.8878 ], [ 77.1328, 11.9003 ], [ 77.1375, 11.9294 ], [ 77.1141, 11.9417 ], [ 77.1034, 11.9549 ], [ 77.1087, 11.9831 ], [ 77.0984, 11.9918 ], [ 77.0719, 11.9993 ], [ 77.0718, 12.0025 ], [ 77.0647, 12.003 ], [ 77.0635, 12.0058 ], [ 77.0612, 12.006 ], [ 77.0581, 12.0009 ], [ 77.056, 12.002 ], [ 77.0558, 12.0164 ], [ 77.0459, 12.0156 ], [ 77.0429, 12.0321 ], [ 77.036, 12.0328 ], [ 77.0338, 12.0256 ], [ 77.0357, 12.018 ], [ 77.0262, 12.0085 ], [ 77.0239, 12.0086 ], [ 77.023, 12.0025 ], [ 77.0103, 12.0081 ], [ 77.0082, 12.0069 ], [ 77.0026, 12.0193 ], [ 77.006, 12.022 ], [ 77.0058, 12.0307 ], [ 77.0001, 12.0314 ], [ 77.0004, 12.0376 ], [ 76.9968, 12.0378 ], [ 76.9986, 12.046 ], [ 76.9938, 12.048 ], [ 76.9911, 12.0583 ], [ 76.985, 12.0636 ], [ 76.9853, 12.0806 ], [ 76.9947, 12.0815 ], [ 76.9943, 12.1083 ], [ 77.0189, 12.1103 ], [ 77.0224, 12.1119 ], [ 77.023, 12.1151 ], [ 77.0296, 12.1123 ], [ 77.0432, 12.1147 ], [ 77.0463, 12.1191 ], [ 77.0538, 12.1182 ], [ 77.0669, 12.1324 ], [ 77.0798, 12.1326 ], [ 77.0799, 12.1354 ], [ 77.0828, 12.1362 ] ] ] } },
{ "type": "Feature", "properties": { "area_id": "KGIS-T-2704", "name_en": "Kollegala", "name_kn": "ಕೊಳ್ಳೇಗಾಲ", "level": "block", "parent_id": "KGIS-D-27", "district_en": "Chamarajanagara", "lgd_code": "5579" }, "geometry": { "type": "Polygon", "coordinates": [ [ [ 77.1662, 12.3093 ], [ 77.1921, 12.3058 ], [ 77.2145, 12.308 ], [ 77.2186, 12.3038 ], [ 77.2245, 12.3021 ], [ 77.2375, 12.309 ], [ 77.2442, 12.3073 ], [ 77.2508, 12.2841 ], [ 77.2393, 12.2575 ], [ 77.2476, 12.2517 ], [ 77.2535, 12.2295 ], [ 77.2603, 12.248 ], [ 77.2856, 12.26 ], [ 77.2939, 12.2502 ], [ 77.2993, 12.2367 ], [ 77.3038, 12.2361 ], [ 77.304, 12.2322 ], [ 77.3108, 12.2303 ], [ 77.313, 12.2322 ], [ 77.319, 12.2183 ], [ 77.3125, 12.2099 ], [ 77.3095, 12.211 ], [ 77.306, 12.2075 ], [ 77.3006, 12.1993 ], [ 77.2646, 12.1937 ], [ 77.2561, 12.1847 ], [ 77.2401, 12.1796 ], [ 77.2394, 12.1765 ], [ 77.2362, 12.1769 ], [ 77.2356, 12.1713 ], [ 77.2397, 12.1699 ], [ 77.2405, 12.1667 ], [ 77.2325, 12.1469 ], [ 77.2416, 12.1461 ], [ 77.2401, 12.1322 ], [ 77.237, 12.1293 ], [ 77.2321, 12.1304 ], [ 77.2251, 12.1162 ], [ 77.2143, 12.1159 ], [ 77.2173, 12.1279 ], [ 77.2105, 12.1311 ], [ 77.2061, 12.1368 ], [ 77.204, 12.1346 ], [ 77.1971, 12.1343 ], [ 77.1971, 12.1268 ], [ 77.1997, 12.1222 ], [ 77.1985, 12.1138 ], [ 77.1966, 12.1133 ], [ 77.1942, 12.1167 ], [ 77.1818, 12.1153 ], [ 77.1698, 12.1465 ], [ 77.1666, 12.139 ], [ 77.1699, 12.1311 ], [ 77.1649, 12.1309 ], [ 77.1645, 12.128 ], [ 77.1612, 12.1386 ], [ 77.1517, 12.1368 ], [ 77.1494, 12.1301 ], [ 77.1504, 12.1192 ], [ 77.142, 12.1116 ], [ 77.1561, 12.1011 ], [ 77.1562, 12.0977 ], [ 77.1373, 12.0991 ], [ 77.1364, 12.0955 ], [ 77.1392, 12.0931 ], [ 77.1358, 12.0933 ], [ 77.1329, 12.086 ], [ 77.1347, 12.0813 ], [ 77.1461, 12.0756 ], [ 77.1497, 12.0785 ], [ 77.1634, 12.0787 ], [ 77.168, 12.0674 ], [ 77.1596, 12.0546 ], [ 77.157, 12.04 ], [ 77.1516, 12.0396 ], [ 77.1475, 12.0487 ], [ 77.1501, 12.0556 ], [ 77.1483, 12.0631 ], [ 77.1333, 12.0695 ], [ 77.1117, 12.0685 ], [ 77.1034, 12.0736 ], [ 77.0978, 12.0855 ], [ 77.0993, 12.0958 ], [ 77.0931, 12.1022 ], [ 77.0865, 12.1032 ], [ 77.0814, 12.1096 ], [ 77.0809, 12.1147 ], [ 77.079, 12.1143 ], [ 77.0794, 12.118 ], [ 77.0766, 12.1178 ], [ 77.0788, 12.1235 ], [ 77.0835, 12.1266 ], [ 77.0828, 12.1362 ], [ 77.0799, 12.1354 ], [ 77.0798, 12.1326 ], [ 77.065, 12.1315 ], [ 77.0538, 12.1182 ], [ 77.0463, 12.1191 ], [ 77.0432, 12.1147 ], [ 77.0296, 12.1123 ], [ 77.023, 12.1151 ], [ 77.0224, 12.1119 ], [ 77.0189, 12.1103 ], [ 76.9943, 12.1083 ], [ 76.9947, 12.0815 ], [ 76.9851, 12.0806 ], [ 76.9874, 12.1041 ], [ 76.9846, 12.1066 ], [ 76.9849, 12.1098 ], [ 76.9817, 12.1094 ], [ 76.9775, 12.1168 ], [ 76.9723, 12.1128 ], [ 76.9707, 12.1128 ], [ 76.9688, 12.1204 ], [ 76.9697, 12.1232 ], [ 76.9762, 12.1231 ], [ 76.9764, 12.1343 ], [ 76.9796, 12.1342 ], [ 76.9823, 12.1384 ], [ 76.9866, 12.1382 ], [ 76.9868, 12.1411 ], [ 76.9889, 12.1407 ], [ 76.9881, 12.161 ], [ 76.9907, 12.1624 ], [ 76.9904, 12.1742 ], [ 76.9986, 12.1771 ], [ 76.9973, 12.1665 ], [ 77.0028, 12.166 ], [ 77.0029, 12.1605 ], [ 77.014, 12.1625 ], [ 77.0142, 12.1566 ], [ 77.0113, 12.1537 ], [ 77.0133, 12.1513 ], [ 77.0122, 12.137 ], [ 77.0156, 12.1364 ], [ 77.0158, 12.1333 ], [ 77.0242, 12.1373 ], [ 77.0369, 12.1387 ], [ 77.0388, 12.1293 ], [ 77.042, 12.1292 ], [ 77.0442, 12.1358 ], [ 77.046, 12.1355 ], [ 77.0444, 12.1418 ], [ 77.0403, 12.139 ], [ 77.0394, 12.1491 ], [ 77.0455, 12.1592 ], [ 77.0442, 12.1669 ], [ 77.0482, 12.1669 ], [ 77.0481, 12.1698 ], [ 77.0636, 12.1713 ], [ 77.0842, 12.1898 ], [ 77.0993, 12.19 ], [ 77.108, 12.1876 ], [ 77.114, 12.1924 ], [ 77.1229, 12.1944 ], [ 77.1271, 12.202 ], [ 77.1255, 12.2029 ], [ 77.1315, 12.2057 ], [ 77.1316, 12.2194 ], [ 77.1347, 12.2243 ], [ 77.1346, 12.2299 ], [ 77.1272, 12.2359 ], [ 77.1261, 12.243 ], [ 77.1324, 12.2474 ], [ 77.1438, 12.2473 ], [ 77.1573, 12.2556 ], [ 77.167, 12.2555 ], [ 77.1701, 12.265 ], [ 77.1665, 12.2809 ], [ 77.1698, 12.2847 ], [ 77.1698, 12.3 ], [ 77.1662, 12.3093 ] ], [ [ 77.2316, 12.2467 ], [ 77.2166, 12.2385 ], [ 77.2153, 12.226 ], [ 77.2044, 12.2159 ], [ 77.203, 12.1965 ], [ 77.2057, 12.189 ], [ 77.2135, 12.1924 ], [ 77.2149, 12.2034 ], [ 77.2214, 12.2033 ], [ 77.2278, 12.2125 ], [ 77.2316, 12.2467 ] ] ] } },
{ "type": "Feature", "properties": { "area_id": "KGIS-T-2705", "name_en": "Kollegala(Hanur)", "name_kn": "", "level": "block", "parent_id": "KGIS-D-27", "district_en": "Chamarajanagara", "lgd_code": null }, "geometry": { "type": "MultiPolygon", "coordinates": [ [ [ [ 77.2895, 12.302 ], [ 77.306, 12.2967 ], [ 77.3119, 12.2986 ], [ 77.315, 12.3037 ], [ 77.3261, 12.3027 ], [ 77.3445, 12.2776 ], [ 77.355, 12.2757 ], [ 77.3581, 12.2774 ], [ 77.406, 12.2758 ], [ 77.4184, 12.2863 ], [ 77.4299, 12.2867 ], [ 77.4468, 12.258 ], [ 77.4481, 12.2519 ], [ 77.4524, 12.2475 ], [ 77.4606, 12.2466 ], [ 77.4728, 12.2407 ], [ 77.4742, 12.2426 ], [ 77.4788, 12.2396 ], [ 77.4824, 12.2286 ], [ 77.4718, 12.2081 ], [ 77.4863, 12.2038 ], [ 77.4929, 12.1976 ], [ 77.5188, 12.1946 ], [ 77.5287, 12.1992 ], [ 77.5359, 12.1986 ], [ 77.5465, 12.2049 ], [ 77.5653, 12.1964 ], [ 77.5741, 12.2011 ], [ 77.5802, 12.1984 ], [ 77.5958, 12.199 ], [ 77.6055, 12.2058 ], [ 77.6114, 12.2064 ], [ 77.6202, 12.2004 ], [ 77.63, 12.2024 ], [ 77.6388, 12.1968 ], [ 77.6558, 12.1997 ], [ 77.6652, 12.1984 ], [ 77.697, 12.1853 ], [ 77.7309, 12.1806 ], [ 77.7343, 12.177 ], [ 77.736, 12.169 ], [ 77.7459, 12.1582 ], [ 77.7466, 12.1451 ], [ 77.7513, 12.1362 ], [ 77.7724, 12.1219 ], [ 77.7764, 12.1169 ], [ 77.7761, 12.1113 ], [ 77.768, 12.1071 ], [ 77.7645, 12.1011 ], [ 77.7561, 12.0799 ], [ 77.7279, 12.0627 ], [ 77.7173, 12.0462 ], [ 77.7087, 12.0383 ], [ 77.6955, 12.0141 ], [ 77.6759, 11.9691 ], [ 77.674, 11.9624 ], [ 77.6751, 11.9519 ], [ 77.6687, 11.9494 ], [ 77.6582, 11.9499 ], [ 77.6558, 11.954 ], [ 77.6512, 11.9548 ], [ 77.647, 11.9507 ], [ 77.6393, 11.9483 ], [ 77.6236, 11.9475 ], [ 77.6069, 11.9423 ], [ 77.6033, 11.938 ], [ 77.592, 11.9404 ], [ 77.5859, 11.9371 ], [ 77.5755, 11.9367 ], [ 77.5605, 11.9422 ], [ 77.5426, 11.9385 ], [ 77.538, 11.9327 ], [ 77.5042, 11.9415 ], [ 77.5002, 11.9402 ], [ 77.494, 11.9436 ], [ 77.4917, 11.9214 ], [ 77.4884, 11.9123 ], [ 77.4904, 11.9086 ], [ 77.4832, 11.9001 ], [ 77.4857, 11.8879 ], [ 77.4812, 11.8936 ], [ 77.4764, 11.8914 ], [ 77.4733, 11.8999 ], [ 77.4615, 11.9002 ], [ 77.4639, 11.8934 ], [ 77.4605, 11.8804 ], [ 77.466, 11.8745 ], [ 77.4629, 11.8648 ], [ 77.4601, 11.8637 ], [ 77.463, 11.8596 ], [ 77.4615, 11.854 ], [ 77.467, 11.85 ], [ 77.4671, 11.8467 ], [ 77.4562, 11.8271 ], [ 77.4519, 11.8127 ], [ 77.4536, 11.8076 ], [ 77.4483, 11.7901 ], [ 77.4417, 11.7885 ], [ 77.4405, 11.7863 ], [ 77.4426, 11.7818 ], [ 77.4338, 11.7782 ], [ 77.4278, 11.7611 ], [ 77.4227, 11.7623 ], [ 77.4222, 11.7725 ], [ 77.4135, 11.775 ], [ 77.3944, 11.7879 ], [ 77.3889, 11.7886 ], [ 77.3698, 11.7869 ], [ 77.3689, 11.7898 ], [ 77.3647, 11.7904 ], [ 77.3599, 11.7799 ], [ 77.3347, 11.7716 ], [ 77.3275, 11.7758 ], [ 77.3125, 11.7938 ], [ 77.2933, 11.8094 ], [ 77.2875, 11.8006 ], [ 77.2746, 11.803 ], [ 77.2614, 11.8106 ], [ 77.2503, 11.8129 ], [ 77.2496, 11.8044 ], [ 77.2382, 11.7943 ], [ 77.2246, 11.7959 ], [ 77.1895, 11.7927 ], [ 77.1928, 11.8172 ], [ 77.1724, 11.8592 ], [ 77.1751, 11.8622 ], [ 77.174, 11.8759 ], [ 77.1816, 11.9152 ], [ 77.1838, 11.9447 ], [ 77.1798, 11.9565 ], [ 77.1842, 11.9683 ], [ 77.1823, 11.9798 ], [ 77.1851, 11.9895 ], [ 77.1762, 12.0037 ], [ 77.1772, 12.0147 ], [ 77.1644, 12.017 ], [ 77.1555, 12.0271 ], [ 77.1596, 12.0546 ], [ 77.168, 12.0674 ], [ 77.1634, 12.0787 ], [ 77.1497, 12.0785 ], [ 77.1461, 12.0756 ], [ 77.1347, 12.0813 ], [ 77.1329, 12.088 ], [ 77.1358, 12.0933 ], [ 77.1392, 12.0931 ], [ 77.1364, 12.0955 ], [ 77.1373, 12.0991 ], [ 77.1562, 12.0977 ], [ 77.1561, 12.1011 ], [ 77.142, 12.1116 ], [ 77.1504, 12.1192 ], [ 77.1494, 12.1301 ], [ 77.1517, 12.1368 ], [ 77.1612, 12.1386 ], [ 77.1639, 12.128 ], [ 77.1649, 12.1309 ], [ 77.1699, 12.1311 ], [ 77.1666, 12.139 ], [ 77.1698, 12.1465 ], [ 77.1818, 12.1153 ], [ 77.1942, 12.1167 ], [ 77.1949, 12.1134 ], [ 77.1985, 12.1138 ], [ 77.1997, 12.1222 ], [ 77.1971, 12.1268 ], [ 77.1971, 12.1343 ], [ 77.204, 12.1346 ], [ 77.2048, 12.1371 ], [ 77.2173, 12.1279 ], [ 77.2143, 12.1159 ], [ 77.2251, 12.1162 ], [ 77.2321, 12.1304 ], [ 77.237, 12.1293 ], [ 77.2401, 12.1322 ], [ 77.2416, 12.1461 ], [ 77.2325, 12.1469 ], [ 77.2405, 12.1667 ], [ 77.2397, 12.1699 ], [ 77.2356, 12.1713 ], [ 77.2362, 12.1769 ], [ 77.2394, 12.1765 ], [ 77.2401, 12.1796 ], [ 77.2561, 12.1847 ], [ 77.2646, 12.1937 ], [ 77.3006, 12.1993 ], [ 77.306, 12.2075 ], [ 77.3095, 12.211 ], [ 77.3125, 12.2099 ], [ 77.319, 12.2183 ], [ 77.313, 12.2322 ], [ 77.3108, 12.2303 ], [ 77.304, 12.2322 ], [ 77.3038, 12.2361 ], [ 77.2993, 12.2367 ], [ 77.2939, 12.2502 ], [ 77.2856, 12.26 ], [ 77.2603, 12.248 ], [ 77.2535, 12.2295 ], [ 77.2476, 12.2517 ], [ 77.2393, 12.2575 ], [ 77.2508, 12.2841 ], [ 77.2442, 12.3073 ], [ 77.2494, 12.3059 ], [ 77.264, 12.3128 ], [ 77.2697, 12.3125 ], [ 77.2895, 12.302 ] ] ], [ [ [ 77.2214, 12.2033 ], [ 77.2149, 12.2034 ], [ 77.2135, 12.1924 ], [ 77.2057, 12.189 ], [ 77.203, 12.1965 ], [ 77.2044, 12.2159 ], [ 77.2153, 12.226 ], [ 77.2166, 12.2385 ], [ 77.2316, 12.2467 ], [ 77.2278, 12.2125 ], [ 77.2214, 12.2033 ] ] ] ] } },
{ "type": "Feature", "properties": { "area_id": "KGIS-T-2801", "name_en": "Gauribidanur", "name_kn": "ಗೌರಿಬಿದನೂರು", "level": "block", "parent_id": "KGIS-D-29", "district_en": "Chikkaballapura", "lgd_code": "5595" }, "geometry": { "type": "Polygon", "coordinates": [ [ [ 77.6796, 13.7871 ], [ 77.6808, 13.7789 ], [ 77.6774, 13.7666 ], [ 77.6711, 13.7609 ], [ 77.671, 13.7569 ], [ 77.6601, 13.7521 ], [ 77.6571, 13.7451 ], [ 77.6659, 13.74 ], [ 77.6753, 13.7382 ], [ 77.6821, 13.7279 ], [ 77.7045, 13.7287 ], [ 77.7199, 13.7252 ], [ 77.718, 13.7052 ], [ 77.6963, 13.7012 ], [ 77.6864, 13.6968 ], [ 77.6883, 13.6922 ], [ 77.6807, 13.6867 ], [ 77.6791, 13.6818 ], [ 77.6689, 13.6829 ], [ 77.6668, 13.6788 ], [ 77.6572, 13.6782 ], [ 77.6506, 13.6857 ], [ 77.6435, 13.6831 ], [ 77.6402, 13.6712 ], [ 77.6451, 13.6634 ], [ 77.6536, 13.6585 ], [ 77.653, 13.6492 ], [ 77.6563, 13.6449 ], [ 77.6515, 13.6277 ], [ 77.652, 13.5978 ], [ 77.6411, 13.5875 ], [ 77.6379, 13.5813 ], [ 77.6621, 13.5769 ], [ 77.6546, 13.5705 ], [ 77.6475, 13.5396 ], [ 77.6724, 13.5096 ], [ 77.6831, 13.504 ], [ 77.6758, 13.4943 ], [ 77.6721, 13.4815 ], [ 77.6346, 13.4817 ], [ 77.6316, 13.4842 ], [ 77.6307, 13.4906 ], [ 77.6254, 13.4939 ], [ 77.619, 13.487 ], [ 77.6187, 13.4811 ], [ 77.6136, 13.4811 ], [ 77.6087, 13.4754 ], [ 77.6098, 13.4665 ], [ 77.6124, 13.4663 ], [ 77.6158, 13.4598 ], [ 77.6122, 13.4463 ], [ 77.6103, 13.4232 ], [ 77.6079, 13.4238 ], [ 77.6044, 13.4406 ], [ 77.6024, 13.4421 ], [ 77.599, 13.4363 ], [ 77.5892, 13.4362 ], [ 77.5924, 13.4185 ], [ 77.5886, 13.4185 ], [ 77.5867, 13.4216 ], [ 77.5519, 13.4183 ], [ 77.5509, 13.4347 ], [ 77.5446, 13.4369 ], [ 77.5382, 13.4359 ], [ 77.5356, 13.4305 ], [ 77.5208, 13.4319 ], [ 77.5161, 13.4398 ], [ 77.5164, 13.4435 ], [ 77.5044, 13.4451 ], [ 77.5065, 13.4563 ], [ 77.4937, 13.4585 ], [ 77.484, 13.467 ], [ 77.4771, 13.4663 ], [ 77.4718, 13.4692 ], [ 77.4616, 13.4628 ], [ 77.4569, 13.4688 ], [ 77.4549, 13.4686 ], [ 77.455, 13.464 ], [ 77.4545, 13.4658 ], [ 77.4512, 13.4653 ], [ 77.4436, 13.4613 ], [ 77.4363, 13.463 ], [ 77.4342, 13.4641 ], [ 77.4348, 13.4685 ], [ 77.4229, 13.4715 ], [ 77.4263, 13.4822 ], [ 77.4167, 13.4843 ], [ 77.4159, 13.491 ], [ 77.4078, 13.4959 ], [ 77.3996, 13.493 ], [ 77.3841, 13.4993 ], [ 77.3817, 13.5147 ], [ 77.3906, 13.519 ], [ 77.3917, 13.5288 ], [ 77.3906, 13.5363 ], [ 77.3828, 13.5368 ], [ 77.3797, 13.548 ], [ 77.3797, 13.5501 ], [ 77.3833, 13.5491 ], [ 77.3846, 13.5514 ], [ 77.383, 13.575 ], [ 77.3795, 13.578 ], [ 77.3744, 13.5899 ], [ 77.3698, 13.5885 ], [ 77.3637, 13.5901 ], [ 77.3648, 13.6019 ], [ 77.3628, 13.6022 ], [ 77.3602, 13.6131 ], [ 77.3622, 13.6249 ], [ 77.3696, 13.6338 ], [ 77.3669, 13.6362 ], [ 77.3687, 13.6411 ], [ 77.3745, 13.6417 ], [ 77.3784, 13.6451 ], [ 77.3768, 13.6497 ], [ 77.3842, 13.6615 ], [ 77.3945, 13.6655 ], [ 77.3972, 13.6745 ], [ 77.4035, 13.6763 ], [ 77.4355, 13.6732 ], [ 77.4371, 13.6841 ], [ 77.4533, 13.6822 ], [ 77.4723, 13.6863 ], [ 77.4884, 13.6868 ], [ 77.4885, 13.6898 ], [ 77.4911, 13.6904 ], [ 77.4835, 13.7157 ], [ 77.5145, 13.7129 ], [ 77.5119, 13.6972 ], [ 77.5195, 13.6964 ], [ 77.5213, 13.6905 ], [ 77.5288, 13.6931 ], [ 77.534, 13.7069 ], [ 77.5364, 13.7307 ], [ 77.5221, 13.7447 ], [ 77.5251, 13.7533 ], [ 77.542, 13.7561 ], [ 77.5445, 13.7548 ], [ 77.5491, 13.749 ], [ 77.5491, 13.7411 ], [ 77.5604, 13.7223 ], [ 77.5713, 13.7384 ], [ 77.5761, 13.7385 ], [ 77.5807, 13.7341 ], [ 77.5868, 13.7336 ], [ 77.596, 13.7483 ], [ 77.6001, 13.751 ], [ 77.6134, 13.752 ], [ 77.6236, 13.7362 ], [ 77.6275, 13.7347 ], [ 77.6322, 13.739 ], [ 77.6417, 13.7423 ], [ 77.642, 13.7483 ], [ 77.6342, 13.7503 ], [ 77.6303, 13.754 ], [ 77.6185, 13.755 ], [ 77.6172, 13.7618 ], [ 77.6205, 13.7681 ], [ 77.6469, 13.7789 ], [ 77.6516, 13.7839 ], [ 77.6688, 13.7838 ], [ 77.6796, 13.7871 ] ] ] } },
{ "type": "Feature", "properties": { "area_id": "KGIS-T-2802", "name_en": "Chikballapur", "name_kn": "", "level": "block", "parent_id": "KGIS-D-29", "district_en": "Chikkaballapura", "lgd_code": null }, "geometry": { "type": "Polygon", "coordinates": [ [ [ 77.7268, 13.6668 ], [ 77.7375, 13.6629 ], [ 77.7369, 13.6523 ], [ 77.7445, 13.6508 ], [ 77.7433, 13.6477 ], [ 77.7482, 13.6439 ], [ 77.7533, 13.6461 ], [ 77.7528, 13.6509 ], [ 77.7489, 13.6539 ], [ 77.7535, 13.6568 ], [ 77.7556, 13.6479 ], [ 77.7535, 13.6421 ], [ 77.7486, 13.6407 ], [ 77.749, 13.6365 ], [ 77.7547, 13.6361 ], [ 77.762, 13.6305 ], [ 77.7712, 13.6366 ], [ 77.7775, 13.6332 ], [ 77.7775, 13.627 ], [ 77.7808, 13.6258 ], [ 77.777, 13.622 ], [ 77.7722, 13.6186 ], [ 77.7613, 13.6206 ], [ 77.7705, 13.6103 ], [ 77.7825, 13.6123 ], [ 77.7879, 13.6196 ], [ 77.7948, 13.6192 ], [ 77.8026, 13.6237 ], [ 77.8013, 13.6274 ], [ 77.8098, 13.6261 ], [ 77.8101, 13.6175 ], [ 77.8143, 13.6157 ], [ 77.8143, 13.6124 ], [ 77.8317, 13.6107 ], [ 77.8284, 13.6007 ], [ 77.8346, 13.588 ], [ 77.8529, 13.5874 ], [ 77.8532, 13.5816 ], [ 77.8702, 13.5845 ], [ 77.8711, 13.5707 ], [ 77.8701, 13.5666 ], [ 77.8675, 13.5653 ], [ 77.8386, 13.5584 ], [ 77.8308, 13.5514 ], [ 77.8297, 13.5438 ], [ 77.826, 13.538 ], [ 77.811, 13.5337 ], [ 77.8176, 13.5151 ], [ 77.8225, 13.5154 ], [ 77.824, 13.5122 ], [ 77.8304, 13.5103 ], [ 77.8275, 13.5095 ], [ 77.8292, 13.5032 ], [ 77.826, 13.4957 ], [ 77.8311, 13.4938 ], [ 77.8318, 13.4883 ], [ 77.8283, 13.4877 ], [ 77.8277, 13.4818 ], [ 77.8397, 13.4727 ], [ 77.8437, 13.4629 ], [ 77.8381, 13.4534 ], [ 77.844, 13.4468 ], [ 77.8442, 13.4408 ], [ 77.8431, 13.4385 ], [ 77.839, 13.4397 ], [ 77.8321, 13.4363 ], [ 77.8252, 13.4144 ], [ 77.8417, 13.3946 ], [ 77.8387, 13.3787 ], [ 77.8364, 13.3797 ], [ 77.8336, 13.3731 ], [ 77.8257, 13.3691 ], [ 77.8132, 13.3743 ], [ 77.813, 13.3707 ], [ 77.8087, 13.3682 ], [ 77.8033, 13.3695 ], [ 77.8013, 13.3654 ], [ 77.7988, 13.3671 ], [ 77.7921, 13.3593 ], [ 77.7912, 13.3517 ], [ 77.7799, 13.3523 ], [ 77.7545, 13.3646 ], [ 77.7513, 13.3636 ], [ 77.7485, 13.3587 ], [ 77.7419, 13.361 ], [ 77.7446, 13.3536 ], [ 77.737, 13.3608 ], [ 77.7361, 13.359 ], [ 77.7274, 13.3628 ], [ 77.7264, 13.3615 ], [ 77.7298, 13.3608 ], [ 77.728, 13.351 ], [ 77.7159, 13.3511 ], [ 77.7177, 13.3529 ], [ 77.7176, 13.3633 ], [ 77.7091, 13.3656 ], [ 77.7104, 13.3634 ], [ 77.7078, 13.3613 ], [ 77.6988, 13.3588 ], [ 77.6991, 13.3473 ], [ 77.7036, 13.3457 ], [ 77.7037, 13.3431 ], [ 77.6989, 13.336 ], [ 77.683, 13.3528 ], [ 77.6802, 13.345 ], [ 77.6783, 13.3451 ], [ 77.6674, 13.3473 ], [ 77.667, 13.3505 ], [ 77.6553, 13.3571 ], [ 77.6562, 13.3714 ], [ 77.6612, 13.3758 ], [ 77.659, 13.3823 ], [ 77.651, 13.3864 ], [ 77.6575, 13.3924 ], [ 77.6576, 13.3977 ], [ 77.6533, 13.3981 ], [ 77.6473, 13.3918 ], [ 77.6382, 13.3939 ], [ 77.6376, 13.3847 ], [ 77.636, 13.3859 ], [ 77.6328, 13.3755 ], [ 77.6271, 13.377 ], [ 77.6209, 13.3752 ], [ 77.6208, 13.3826 ], [ 77.6124, 13.3859 ], [ 77.6204, 13.4025 ], [ 77.6159, 13.4009 ], [ 77.6076, 13.4079 ], [ 77.6081, 13.4003 ], [ 77.6034, 13.3975 ], [ 77.5989, 13.4064 ], [ 77.6014, 13.4112 ], [ 77.5989, 13.4111 ], [ 77.599, 13.4137 ], [ 77.6058, 13.416 ], [ 77.6089, 13.4146 ], [ 77.6159, 13.4191 ], [ 77.6103, 13.4232 ], [ 77.6122, 13.4463 ], [ 77.6158, 13.4598 ], [ 77.6124, 13.4663 ], [ 77.6098, 13.4665 ], [ 77.6087, 13.4754 ], [ 77.6136, 13.4811 ], [ 77.6187, 13.4811 ], [ 77.619, 13.487 ], [ 77.6239, 13.4929 ], [ 77.6295, 13.4921 ], [ 77.6316, 13.4842 ], [ 77.6346, 13.4817 ], [ 77.6721, 13.4815 ], [ 77.6758, 13.4943 ], [ 77.6831, 13.504 ], [ 77.6724, 13.5096 ], [ 77.6475, 13.5396 ], [ 77.6546, 13.5705 ], [ 77.6621, 13.5769 ], [ 77.6379, 13.5813 ], [ 77.6411, 13.5875 ], [ 77.652, 13.5978 ], [ 77.6515, 13.6277 ], [ 77.656, 13.6452 ], [ 77.6684, 13.6335 ], [ 77.7027, 13.6289 ], [ 77.7045, 13.6305 ], [ 77.7053, 13.6263 ], [ 77.7087, 13.6242 ], [ 77.7092, 13.627 ], [ 77.715, 13.6278 ], [ 77.7244, 13.6253 ], [ 77.7243, 13.6359 ], [ 77.7132, 13.6395 ], [ 77.7178, 13.6587 ], [ 77.7268, 13.6668 ] ] ] } },
{ "type": "Feature", "properties": { "area_id": "KGIS-T-2803", "name_en": "Gudibande", "name_kn": "ಗುಡಿಬಂಡೆ", "level": "block", "parent_id": "KGIS-D-29", "district_en": "Chikkaballapura", "lgd_code": null }, "geometry": { "type": "Polygon", "coordinates": [ [ [ 77.7547, 13.7779 ], [ 77.7554, 13.7623 ], [ 77.7572, 13.758 ], [ 77.7628, 13.7576 ], [ 77.7664, 13.738 ], [ 77.7586, 13.7341 ], [ 77.7604, 13.7287 ], [ 77.7736, 13.732 ], [ 77.7757, 13.7228 ], [ 77.7857, 13.7155 ], [ 77.788, 13.7157 ], [ 77.7897, 13.7224 ], [ 77.7987, 13.7286 ], [ 77.8082, 13.7197 ], [ 77.8163, 13.7161 ], [ 77.8154, 13.707 ], [ 77.8213, 13.6992 ], [ 77.8257, 13.6974 ], [ 77.8294, 13.6809 ], [ 77.8462, 13.6798 ], [ 77.8521, 13.6725 ], [ 77.8612, 13.6673 ], [ 77.8626, 13.6405 ], [ 77.838, 13.6463 ], [ 77.8398, 13.64 ], [ 77.8379, 13.6355 ], [ 77.8431, 13.6287 ], [ 77.8428, 13.6215 ], [ 77.8386, 13.6204 ], [ 77.8378, 13.6167 ], [ 77.8343, 13.616 ], [ 77.8317, 13.6107 ], [ 77.8143, 13.6124 ], [ 77.8143, 13.6157 ], [ 77.8101, 13.6175 ], [ 77.8098, 13.6261 ], [ 77.8013, 13.6274 ], [ 77.8026, 13.6237 ], [ 77.7948, 13.6192 ], [ 77.7879, 13.6196 ], [ 77.7825, 13.6123 ], [ 77.7705, 13.6103 ], [ 77.7613, 13.6206 ], [ 77.7722, 13.6186 ], [ 77.777, 13.622 ], [ 77.7808, 13.6258 ], [ 77.7775, 13.627 ], [ 77.7775, 13.6332 ], [ 77.7712, 13.6366 ], [ 77.762, 13.6305 ], [ 77.7547, 13.6361 ], [ 77.749, 13.6365 ], [ 77.7486, 13.6407 ], [ 77.7535, 13.6421 ], [ 77.7556, 13.6479 ], [ 77.7535, 13.6568 ], [ 77.7489, 13.6539 ], [ 77.7528, 13.6509 ], [ 77.7533, 13.6461 ], [ 77.7482, 13.6439 ], [ 77.7433, 13.6477 ], [ 77.7445, 13.6508 ], [ 77.7369, 13.6523 ], [ 77.7364, 13.6642 ], [ 77.7268, 13.6668 ], [ 77.7178, 13.6587 ], [ 77.7132, 13.6395 ], [ 77.7243, 13.6359 ], [ 77.7244, 13.6253 ], [ 77.715, 13.6278 ], [ 77.7092, 13.627 ], [ 77.7087, 13.6242 ], [ 77.7053, 13.6263 ], [ 77.7045, 13.6305 ], [ 77.7027, 13.6289 ], [ 77.6684, 13.6335 ], [ 77.653, 13.6492 ], [ 77.6536, 13.6585 ], [ 77.6451, 13.6634 ], [ 77.6401, 13.6698 ], [ 77.6435, 13.6831 ], [ 77.6506, 13.6857 ], [ 77.6572, 13.6782 ], [ 77.6668, 13.6788 ], [ 77.6689, 13.6829 ], [ 77.6791, 13.6818 ], [ 77.6807, 13.6867 ], [ 77.6883, 13.6922 ], [ 77.6864, 13.6968 ], [ 77.6963, 13.7012 ], [ 77.718, 13.7052 ], [ 77.7199, 13.7252 ], [ 77.7045, 13.7287 ], [ 77.6821, 13.7279 ], [ 77.6753, 13.7382 ], [ 77.6659, 13.74 ], [ 77.6571, 13.7451 ], [ 77.6601, 13.7521 ], [ 77.671, 13.7569 ], [ 77.671, 13.7608 ], [ 77.6791, 13.7622 ], [ 77.703, 13.773 ], [ 77.7087, 13.7408 ], [ 77.7174, 13.7409 ], [ 77.7213, 13.7701 ], [ 77.7359, 13.7766 ], [ 77.7547, 13.7779 ] ] ] } },
{ "type": "Feature", "properties": { "area_id": "KGIS-T-2804", "name_en": "Bagepalli", "name_kn": "ಬಾಗೇಪಲ್ಲಿ", "level": "block", "parent_id": "KGIS-D-29", "district_en": "Chikkaballapura", "lgd_code": "5598" }, "geometry": { "type": "Polygon", "coordinates": [ [ [ 77.9676, 13.9604 ], [ 77.9876, 13.9557 ], [ 77.9802, 13.9281 ], [ 77.9845, 13.9223 ], [ 77.9828, 13.9036 ], [ 77.9857, 13.9016 ], [ 77.9829, 13.8957 ], [ 77.9558, 13.8909 ], [ 77.9496, 13.8869 ], [ 77.949, 13.8754 ], [ 77.9537, 13.8543 ], [ 77.9537, 13.8367 ], [ 77.9559, 13.8363 ], [ 77.9558, 13.83 ], [ 77.9517, 13.8285 ], [ 77.9523, 13.8269 ], [ 77.9764, 13.83 ], [ 77.9838, 13.8486 ], [ 77.9889, 13.8537 ], [ 77.9892, 13.8614 ], [ 77.9926, 13.8682 ], [ 77.9988, 13.8691 ], [ 78.0002, 13.8729 ], [ 78.0129, 13.8713 ], [ 78.0157, 13.8659 ], [ 78.0205, 13.8639 ], [ 78.0319, 13.8642 ], [ 78.0409, 13.8602 ], [ 78.0466, 13.8621 ], [ 78.0514, 13.8818 ], [ 78.0487, 13.8962 ], [ 78.0532, 13.8953 ], [ 78.0608, 13.8922 ], [ 78.062, 13.8879 ], [ 78.0787, 13.8813 ], [ 78.0823, 13.8618 ], [ 78.0936, 13.8648 ], [ 78.0998, 13.8621 ], [ 78.1155, 13.8627 ], [ 78.1251, 13.8304 ], [ 78.1138, 13.8076 ], [ 78.1229, 13.7992 ], [ 78.1258, 13.7871 ], [ 78.1212, 13.7805 ], [ 78.1179, 13.7693 ], [ 78.1123, 13.7633 ], [ 78.1001, 13.7587 ], [ 78.0922, 13.7422 ], [ 78.1046, 13.7364 ], [ 78.1104, 13.7262 ], [ 78.1207, 13.7159 ], [ 78.1147, 13.7034 ], [ 78.1131, 13.6927 ], [ 78.0858, 13.6921 ], [ 78.0759, 13.6985 ], [ 78.0702, 13.6979 ], [ 78.0693, 13.6911 ], [ 78.0734, 13.688 ], [ 78.0659, 13.6768 ], [ 78.0458, 13.6686 ], [ 78.0325, 13.6714 ], [ 78.025, 13.6668 ], [ 78.0039, 13.6644 ], [ 77.9942, 13.631 ], [ 77.984, 13.6323 ], [ 77.9757, 13.6248 ], [ 77.9722, 13.6245 ], [ 77.9723, 13.6265 ], [ 77.9657, 13.626 ], [ 77.9618, 13.6287 ], [ 77.9582, 13.6273 ], [ 77.9456, 13.6311 ], [ 77.9437, 13.629 ], [ 77.9368, 13.6294 ], [ 77.9323, 13.6324 ], [ 77.9259, 13.6322 ], [ 77.9198, 13.6364 ], [ 77.9086, 13.6366 ], [ 77.9085, 13.6413 ], [ 77.9055, 13.6421 ], [ 77.9028, 13.6489 ], [ 77.9034, 13.6576 ], [ 77.899, 13.6648 ], [ 77.8815, 13.6675 ], [ 77.8612, 13.6673 ], [ 77.8521, 13.6725 ], [ 77.8462, 13.6798 ], [ 77.8294, 13.6809 ], [ 77.8257, 13.6974 ], [ 77.8213, 13.6992 ], [ 77.8154, 13.707 ], [ 77.8156, 13.7171 ], [ 77.8082, 13.7197 ], [ 77.7987, 13.7286 ], [ 77.7897, 13.7224 ], [ 77.788, 13.7157 ], [ 77.7857, 13.7155 ], [ 77.7757, 13.7228 ], [ 77.7736, 13.732 ], [ 77.7619, 13.7284 ], [ 77.7597, 13.7296 ], [ 77.7586, 13.7341 ], [ 77.7664, 13.738 ], [ 77.7628, 13.7576 ], [ 77.7572, 13.758 ], [ 77.7554, 13.7623 ], [ 77.7547, 13.7779 ], [ 77.7359, 13.7766 ], [ 77.7213, 13.7701 ], [ 77.7184, 13.7828 ], [ 77.7192, 13.7881 ], [ 77.7221, 13.7895 ], [ 77.7191, 13.8006 ], [ 77.7311, 13.8031 ], [ 77.7353, 13.8101 ], [ 77.7407, 13.8126 ], [ 77.7447, 13.8106 ], [ 77.7417, 13.8151 ], [ 77.7463, 13.814 ], [ 77.7468, 13.8095 ], [ 77.7633, 13.8174 ], [ 77.7816, 13.8184 ], [ 77.7856, 13.8216 ], [ 77.7874, 13.8196 ], [ 77.7891, 13.8293 ], [ 77.7845, 13.8335 ], [ 77.7823, 13.8439 ], [ 77.7914, 13.8484 ], [ 77.8123, 13.8475 ], [ 77.8181, 13.856 ], [ 77.8196, 13.8627 ], [ 77.8288, 13.8642 ], [ 77.8366, 13.8696 ], [ 77.8267, 13.8742 ], [ 77.8354, 13.8809 ], [ 77.831, 13.8977 ], [ 77.816, 13.9042 ], [ 77.8169, 13.9121 ], [ 77.8133, 13.9183 ], [ 77.8153, 13.933 ], [ 77.8255, 13.9448 ], [ 77.8363, 13.9362 ], [ 77.8459, 13.9355 ], [ 77.8567, 13.9377 ], [ 77.865, 13.9362 ], [ 77.8957, 13.9442 ], [ 77.8983, 13.9353 ], [ 77.8961, 13.9209 ], [ 77.911, 13.91 ], [ 77.9266, 13.9054 ], [ 77.9387, 13.9207 ], [ 77.9458, 13.9351 ], [ 77.9566, 13.9396 ], [ 77.9581, 13.9379 ], [ 77.9601, 13.9406 ], [ 77.9621, 13.9554 ], [ 77.9676, 13.9604 ] ] ] } },
{ "type": "Feature", "properties": { "area_id": "KGIS-T-2805", "name_en": "Shidlagatta", "name_kn": "ಶಿಡ್ಲಘಟ್ಟ", "level": "block", "parent_id": "KGIS-D-29", "district_en": "Chikkaballapura", "lgd_code": null }, "geometry": { "type": "Polygon", "coordinates": [ [ [ 77.8612, 13.6673 ], [ 77.899, 13.6648 ], [ 77.9034, 13.6576 ], [ 77.9028, 13.6489 ], [ 77.9055, 13.6421 ], [ 77.9085, 13.6413 ], [ 77.9086, 13.6366 ], [ 77.9198, 13.6364 ], [ 77.9259, 13.6322 ], [ 77.9323, 13.6324 ], [ 77.9368, 13.6294 ], [ 77.9437, 13.629 ], [ 77.9456, 13.6311 ], [ 77.9582, 13.6273 ], [ 77.9618, 13.6287 ], [ 77.9657, 13.626 ], [ 77.9723, 13.6265 ], [ 77.9722, 13.6245 ], [ 77.9757, 13.6248 ], [ 77.985, 13.6325 ], [ 78.0093, 13.6284 ], [ 78.0092, 13.6162 ], [ 78.0121, 13.6075 ], [ 78.0096, 13.6026 ], [ 78.0167, 13.6003 ], [ 78.0168, 13.5927 ], [ 78.0069, 13.591 ], [ 77.9952, 13.594 ], [ 77.9948, 13.5899 ], [ 77.9893, 13.5851 ], [ 77.9824, 13.5819 ], [ 77.9771, 13.5822 ], [ 77.9765, 13.5776 ], [ 77.9711, 13.5733 ], [ 77.9702, 13.5835 ], [ 77.9642, 13.5847 ], [ 77.9596, 13.559 ], [ 77.9556, 13.5524 ], [ 77.9573, 13.5473 ], [ 77.9675, 13.5466 ], [ 77.9744, 13.5427 ], [ 77.976, 13.5462 ], [ 77.978, 13.5406 ], [ 77.9831, 13.5386 ], [ 77.9871, 13.5436 ], [ 77.9938, 13.5458 ], [ 77.9974, 13.5416 ], [ 77.9958, 13.5334 ], [ 78.005, 13.5225 ], [ 77.9939, 13.5206 ], [ 77.9902, 13.5123 ], [ 77.9923, 13.5085 ], [ 77.9981, 13.5086 ], [ 78.0032, 13.5142 ], [ 78.0078, 13.5109 ], [ 78.0087, 13.5036 ], [ 78.0074, 13.496 ], [ 78.0036, 13.4959 ], [ 78.0049, 13.4815 ], [ 78.0014, 13.4725 ], [ 77.9748, 13.4749 ], [ 77.9616, 13.4805 ], [ 77.9606, 13.4689 ], [ 77.9575, 13.4656 ], [ 77.9578, 13.4554 ], [ 77.9509, 13.4413 ], [ 77.9504, 13.4377 ], [ 77.9539, 13.4365 ], [ 77.9499, 13.4304 ], [ 77.9497, 13.4242 ], [ 77.9547, 13.4135 ], [ 77.9725, 13.4132 ], [ 77.9728, 13.4111 ], [ 77.9713, 13.4066 ], [ 77.962, 13.4033 ], [ 77.9595, 13.3902 ], [ 77.9561, 13.3908 ], [ 77.9661, 13.3848 ], [ 77.9601, 13.3721 ], [ 77.9631, 13.3711 ], [ 77.9608, 13.3498 ], [ 77.9577, 13.3401 ], [ 77.9507, 13.342 ], [ 77.9456, 13.3379 ], [ 77.9441, 13.33 ], [ 77.952, 13.3295 ], [ 77.9516, 13.3252 ], [ 77.9435, 13.3229 ], [ 77.9387, 13.3161 ], [ 77.9227, 13.3285 ], [ 77.9208, 13.3271 ], [ 77.9208, 13.3073 ], [ 77.9235, 13.3076 ], [ 77.9227, 13.3048 ], [ 77.926, 13.3053 ], [ 77.9257, 13.3005 ], [ 77.9239, 13.2908 ], [ 77.9197, 13.2923 ], [ 77.9152, 13.2917 ], [ 77.9147, 13.2896 ], [ 77.9235, 13.2891 ], [ 77.9229, 13.2851 ], [ 77.9313, 13.2818 ], [ 77.9309, 13.2782 ], [ 77.9392, 13.2755 ], [ 77.9372, 13.2645 ], [ 77.942, 13.2579 ], [ 77.9295, 13.2389 ], [ 77.915, 13.2398 ], [ 77.9142, 13.2316 ], [ 77.8916, 13.2357 ], [ 77.9024, 13.2421 ], [ 77.9062, 13.2523 ], [ 77.9048, 13.2546 ], [ 77.8913, 13.2575 ], [ 77.8882, 13.25 ], [ 77.8798, 13.2521 ], [ 77.877, 13.2462 ], [ 77.8733, 13.2445 ], [ 77.8799, 13.2393 ], [ 77.8768, 13.2342 ], [ 77.8651, 13.237 ], [ 77.8632, 13.2407 ], [ 77.8578, 13.2274 ], [ 77.8596, 13.22 ], [ 77.85, 13.2187 ], [ 77.8501, 13.2413 ], [ 77.8339, 13.2447 ], [ 77.8197, 13.2517 ], [ 77.814, 13.2386 ], [ 77.8063, 13.2415 ], [ 77.8079, 13.2469 ], [ 77.8113, 13.2468 ], [ 77.8172, 13.2554 ], [ 77.8218, 13.2573 ], [ 77.8093, 13.2621 ], [ 77.817, 13.2961 ], [ 77.8228, 13.2958 ], [ 77.8222, 13.291 ], [ 77.8291, 13.2895 ], [ 77.8301, 13.2987 ], [ 77.8286, 13.3038 ], [ 77.8145, 13.3038 ], [ 77.8151, 13.3092 ], [ 77.8046, 13.3112 ], [ 77.811, 13.3168 ], [ 77.8136, 13.3158 ], [ 77.8122, 13.3124 ], [ 77.8145, 13.31 ], [ 77.8177, 13.3103 ], [ 77.8192, 13.3136 ], [ 77.8222, 13.3127 ], [ 77.8256, 13.3158 ], [ 77.8239, 13.3187 ], [ 77.8273, 13.3248 ], [ 77.809, 13.3333 ], [ 77.8099, 13.3361 ], [ 77.7945, 13.342 ], [ 77.791, 13.3458 ], [ 77.7912, 13.3549 ], [ 77.795, 13.3645 ], [ 77.7988, 13.3671 ], [ 77.8013, 13.3654 ], [ 77.8033, 13.3695 ], [ 77.8092, 13.3685 ], [ 77.813, 13.3707 ], [ 77.8132, 13.3743 ], [ 77.8257, 13.3691 ], [ 77.8336, 13.3731 ], [ 77.8364, 13.3797 ], [ 77.8387, 13.3787 ], [ 77.8412, 13.3879 ], [ 77.8416, 13.3947 ], [ 77.8252, 13.4144 ], [ 77.8321, 13.4363 ], [ 77.839, 13.4397 ], [ 77.8431, 13.4385 ], [ 77.8442, 13.4408 ], [ 77.844, 13.4468 ], [ 77.8381, 13.4534 ], [ 77.8437, 13.4629 ], [ 77.8397, 13.4727 ], [ 77.8277, 13.4818 ], [ 77.8283, 13.4877 ], [ 77.8318, 13.4883 ], [ 77.8311, 13.4938 ], [ 77.826, 13.4957 ], [ 77.8292, 13.5032 ], [ 77.8275, 13.5095 ], [ 77.8304, 13.5103 ], [ 77.824, 13.5122 ], [ 77.8225, 13.5154 ], [ 77.8176, 13.5151 ], [ 77.8146, 13.5193 ], [ 77.8112, 13.5345 ], [ 77.8227, 13.5357 ], [ 77.826, 13.538 ], [ 77.8297, 13.5438 ], [ 77.8308, 13.5514 ], [ 77.8386, 13.5584 ], [ 77.8675, 13.5653 ], [ 77.8701, 13.5666 ], [ 77.8711, 13.5707 ], [ 77.8702, 13.5845 ], [ 77.8532, 13.5816 ], [ 77.8529, 13.5874 ], [ 77.8346, 13.588 ], [ 77.8324, 13.59 ], [ 77.8284, 13.6007 ], [ 77.8295, 13.6075 ], [ 77.8343, 13.616 ], [ 77.8428, 13.6215 ], [ 77.8431, 13.6287 ], [ 77.8379, 13.6355 ], [ 77.8398, 13.64 ], [ 77.838, 13.6463 ], [ 77.8626, 13.6405 ], [ 77.8612, 13.6673 ] ] ] } },
{ "type": "Feature", "properties": { "area_id": "KGIS-T-2806", "name_en": "Chinthamani", "name_kn": "ಚಿಂತಾಮಣಿ", "level": "block", "parent_id": "KGIS-D-29", "district_en": "Chikkaballapura", "lgd_code": "5600" }, "geometry": { "type": "Polygon", "coordinates": [ [ [ 78.0765, 13.6733 ], [ 78.0756, 13.6676 ], [ 78.0895, 13.6595 ], [ 78.0871, 13.6436 ], [ 78.0986, 13.6431 ], [ 78.1023, 13.6517 ], [ 78.1139, 13.6576 ], [ 78.1252, 13.6559 ], [ 78.1333, 13.6601 ], [ 78.1477, 13.6568 ], [ 78.1557, 13.658 ], [ 78.1688, 13.6541 ], [ 78.1672, 13.6326 ], [ 78.204, 13.6285 ], [ 78.2017, 13.6201 ], [ 78.2037, 13.6176 ], [ 78.2035, 13.6063 ], [ 78.19, 13.5899 ], [ 78.1888, 13.5737 ], [ 78.1933, 13.5642 ], [ 78.2013, 13.5635 ], [ 78.194, 13.5482 ], [ 78.2016, 13.5408 ], [ 78.2014, 13.5327 ], [ 78.2046, 13.5277 ], [ 78.2033, 13.5232 ], [ 78.1975, 13.5205 ], [ 78.1909, 13.5212 ], [ 78.1883, 13.5132 ], [ 78.198, 13.5126 ], [ 78.1998, 13.5085 ], [ 78.2004, 13.4825 ], [ 78.2075, 13.4781 ], [ 78.2095, 13.4687 ], [ 78.2056, 13.4647 ], [ 78.2056, 13.4581 ], [ 78.2009, 13.4499 ], [ 78.1935, 13.4482 ], [ 78.1926, 13.4388 ], [ 78.1851, 13.4346 ], [ 78.187, 13.4337 ], [ 78.1831, 13.4341 ], [ 78.1815, 13.4202 ], [ 78.1686, 13.4136 ], [ 78.1599, 13.4149 ], [ 78.1522, 13.4088 ], [ 78.1362, 13.4056 ], [ 78.1284, 13.3864 ], [ 78.1244, 13.3857 ], [ 78.122, 13.3756 ], [ 78.129, 13.3733 ], [ 78.1437, 13.3771 ], [ 78.1467, 13.3738 ], [ 78.1488, 13.3672 ], [ 78.1452, 13.3616 ], [ 78.1487, 13.3614 ], [ 78.1501, 13.3559 ], [ 78.1502, 13.3505 ], [ 78.1314, 13.3528 ], [ 78.1312, 13.3409 ], [ 78.1352, 13.3321 ], [ 78.1325, 13.3289 ], [ 78.1096, 13.3234 ], [ 78.1142, 13.3176 ], [ 78.1204, 13.3156 ], [ 78.1232, 13.3086 ], [ 78.1358, 13.3051 ], [ 78.1335, 13.2872 ], [ 78.1226, 13.2919 ], [ 78.1149, 13.3004 ], [ 78.1025, 13.3037 ], [ 78.0974, 13.3089 ], [ 78.092, 13.3092 ], [ 78.0918, 13.3112 ], [ 78.0896, 13.3037 ], [ 78.0868, 13.3021 ], [ 78.0602, 13.301 ], [ 78.0586, 13.2933 ], [ 78.0518, 13.2935 ], [ 78.047, 13.279 ], [ 78.0306, 13.284 ], [ 78.0151, 13.283 ], [ 78.0147, 13.2899 ], [ 78.0114, 13.291 ], [ 78.0118, 13.3009 ], [ 78.0009, 13.3056 ], [ 77.9946, 13.3054 ], [ 77.9892, 13.3046 ], [ 77.9879, 13.3005 ], [ 77.9852, 13.3006 ], [ 77.9842, 13.2862 ], [ 77.9795, 13.287 ], [ 77.9674, 13.2825 ], [ 77.9609, 13.2844 ], [ 77.957, 13.2787 ], [ 77.9592, 13.2696 ], [ 77.9471, 13.2695 ], [ 77.9455, 13.2717 ], [ 77.942, 13.2673 ], [ 77.9383, 13.2678 ], [ 77.9392, 13.2755 ], [ 77.9309, 13.2782 ], [ 77.9313, 13.2818 ], [ 77.9229, 13.2851 ], [ 77.9235, 13.2891 ], [ 77.9147, 13.2896 ], [ 77.9152, 13.2917 ], [ 77.9197, 13.2923 ], [ 77.9239, 13.2908 ], [ 77.9257, 13.3005 ], [ 77.926, 13.3053 ], [ 77.9227, 13.3048 ], [ 77.9235, 13.3076 ], [ 77.9208, 13.3073 ], [ 77.9208, 13.3271 ], [ 77.9227, 13.3285 ], [ 77.9387, 13.3161 ], [ 77.9435, 13.3229 ], [ 77.9516, 13.3252 ], [ 77.952, 13.3295 ], [ 77.9441, 13.33 ], [ 77.9456, 13.3379 ], [ 77.9507, 13.342 ], [ 77.9577, 13.3401 ], [ 77.9608, 13.3498 ], [ 77.9631, 13.3711 ], [ 77.9601, 13.3721 ], [ 77.9661, 13.3848 ], [ 77.9561, 13.3908 ], [ 77.9595, 13.3902 ], [ 77.962, 13.4033 ], [ 77.9713, 13.4066 ], [ 77.9728, 13.4111 ], [ 77.9725, 13.4132 ], [ 77.9547, 13.4135 ], [ 77.9493, 13.4258 ], [ 77.9539, 13.436 ], [ 77.9503, 13.4383 ], [ 77.9576, 13.4545 ], [ 77.9575, 13.4656 ], [ 77.9606, 13.4689 ], [ 77.9616, 13.4805 ], [ 77.9748, 13.4749 ], [ 78.0014, 13.4725 ], [ 78.0049, 13.4815 ], [ 78.0036, 13.4959 ], [ 78.0074, 13.496 ], [ 78.0087, 13.5036 ], [ 78.0078, 13.5109 ], [ 78.0032, 13.5142 ], [ 77.9981, 13.5086 ], [ 77.9923, 13.5085 ], [ 77.9902, 13.5123 ], [ 77.9939, 13.5206 ], [ 78.005, 13.5225 ], [ 77.9958, 13.5334 ], [ 77.9974, 13.5416 ], [ 77.9938, 13.5458 ], [ 77.9871, 13.5436 ], [ 77.9831, 13.5386 ], [ 77.978, 13.5406 ], [ 77.976, 13.5462 ], [ 77.9744, 13.5427 ], [ 77.9675, 13.5466 ], [ 77.9573, 13.5473 ], [ 77.9556, 13.5524 ], [ 77.9596, 13.559 ], [ 77.9642, 13.5847 ], [ 77.9702, 13.5835 ], [ 77.9711, 13.5733 ], [ 77.9765, 13.5776 ], [ 77.9771, 13.5822 ], [ 77.9824, 13.5819 ], [ 77.9893, 13.5851 ], [ 77.9948, 13.5899 ], [ 77.9952, 13.594 ], [ 78.0026, 13.5913 ], [ 78.0167, 13.5926 ], [ 78.0167, 13.6003 ], [ 78.0096, 13.6026 ], [ 78.0121, 13.6075 ], [ 78.0092, 13.6162 ], [ 78.0096, 13.6281 ], [ 77.9942, 13.631 ], [ 78.0039, 13.6644 ], [ 78.025, 13.6668 ], [ 78.0325, 13.6714 ], [ 78.0458, 13.6686 ], [ 78.0657, 13.6767 ], [ 78.0765, 13.6733 ] ] ] } },
{ "type": "Feature", "properties": { "area_id": "KGIS-T-2901", "name_en": "Magadi", "name_kn": "ಮಾಗಡಿ", "level": "block", "parent_id": "KGIS-D-28", "district_en": "Ramanagara", "lgd_code": "5605" }, "geometry": { "type": "Polygon", "coordinates": [ [ [ 77.1649, 13.1966 ], [ 77.1645, 13.1898 ], [ 77.1683, 13.184 ], [ 77.1821, 13.1866 ], [ 77.191, 13.1846 ], [ 77.1974, 13.1801 ], [ 77.1981, 13.1821 ], [ 77.2059, 13.181 ], [ 77.2075, 13.1733 ], [ 77.2161, 13.1653 ], [ 77.2165, 13.1591 ], [ 77.213, 13.1535 ], [ 77.2155, 13.1488 ], [ 77.2218, 13.1484 ], [ 77.2215, 13.1463 ], [ 77.2404, 13.1458 ], [ 77.2467, 13.1532 ], [ 77.2654, 13.1516 ], [ 77.2742, 13.1535 ], [ 77.2745, 13.1429 ], [ 77.2673, 13.1434 ], [ 77.2649, 13.1316 ], [ 77.2668, 13.1198 ], [ 77.2739, 13.1187 ], [ 77.2769, 13.1205 ], [ 77.2789, 13.1351 ], [ 77.2808, 13.135 ], [ 77.285, 13.1337 ], [ 77.287, 13.1205 ], [ 77.291, 13.1209 ], [ 77.292, 13.1106 ], [ 77.2986, 13.1087 ], [ 77.3032, 13.1109 ], [ 77.3138, 13.1068 ], [ 77.3095, 13.0859 ], [ 77.3086, 13.0569 ], [ 77.3107, 13.0463 ], [ 77.3219, 13.049 ], [ 77.3306, 13.0479 ], [ 77.3288, 13.0311 ], [ 77.3305, 13.0276 ], [ 77.3258, 13.0219 ], [ 77.3281, 13.0093 ], [ 77.3217, 13.0088 ], [ 77.3211, 13.0044 ], [ 77.3279, 12.9834 ], [ 77.3287, 12.9769 ], [ 77.3255, 12.976 ], [ 77.3262, 12.9684 ], [ 77.3301, 12.9658 ], [ 77.3321, 12.9509 ], [ 77.3351, 12.9477 ], [ 77.3362, 12.9329 ], [ 77.3402, 12.9332 ], [ 77.3388, 12.9107 ], [ 77.3436, 12.8876 ], [ 77.3321, 12.8871 ], [ 77.3368, 12.8821 ], [ 77.3366, 12.8768 ], [ 77.3439, 12.8752 ], [ 77.3453, 12.858 ], [ 77.3253, 12.861 ], [ 77.3174, 12.8501 ], [ 77.3141, 12.8507 ], [ 77.3176, 12.8659 ], [ 77.3042, 12.8741 ], [ 77.2956, 12.8738 ], [ 77.2898, 12.8762 ], [ 77.2882, 12.8715 ], [ 77.2916, 12.8652 ], [ 77.2891, 12.8627 ], [ 77.2888, 12.8561 ], [ 77.2723, 12.8563 ], [ 77.2699, 12.8519 ], [ 77.2623, 12.8517 ], [ 77.2554, 12.8425 ], [ 77.2491, 12.8382 ], [ 77.2357, 12.834 ], [ 77.2325, 12.8445 ], [ 77.2197, 12.8372 ], [ 77.2141, 12.8372 ], [ 77.2158, 12.8321 ], [ 77.1911, 12.8331 ], [ 77.1845, 12.8267 ], [ 77.1762, 12.8284 ], [ 77.1737, 12.8237 ], [ 77.1716, 12.8237 ], [ 77.1691, 12.827 ], [ 77.1567, 12.8274 ], [ 77.1536, 12.8308 ], [ 77.1501, 12.8304 ], [ 77.1509, 12.8341 ], [ 77.148, 12.841 ], [ 77.1494, 12.8482 ], [ 77.1385, 12.853 ], [ 77.1353, 12.8566 ], [ 77.1358, 12.8608 ], [ 77.133, 12.8588 ], [ 77.1332, 12.8883 ], [ 77.1234, 12.888 ], [ 77.119, 12.8842 ], [ 77.1072, 12.8891 ], [ 77.1057, 12.8926 ], [ 77.11, 12.893 ], [ 77.1203, 12.8998 ], [ 77.1206, 12.897 ], [ 77.1234, 12.8972 ], [ 77.123, 12.9012 ], [ 77.1324, 12.8979 ], [ 77.1364, 12.9014 ], [ 77.1415, 12.9163 ], [ 77.152, 12.9166 ], [ 77.1579, 12.9137 ], [ 77.1652, 12.9289 ], [ 77.157, 12.9421 ], [ 77.1569, 12.9582 ], [ 77.1432, 12.9635 ], [ 77.1311, 12.9757 ], [ 77.1328, 12.9862 ], [ 77.1418, 12.9844 ], [ 77.1424, 12.9866 ], [ 77.1447, 12.9862 ], [ 77.1422, 12.992 ], [ 77.1356, 12.9964 ], [ 77.1366, 13.0017 ], [ 77.1316, 13.006 ], [ 77.1236, 13.0067 ], [ 77.1233, 13.0037 ], [ 77.1297, 12.9989 ], [ 77.1289, 12.9954 ], [ 77.1066, 12.9966 ], [ 77.1032, 12.9928 ], [ 77.0976, 12.9982 ], [ 77.1011, 13.0008 ], [ 77.1029, 13.0072 ], [ 77.1165, 13.0099 ], [ 77.1181, 13.0145 ], [ 77.1089, 13.023 ], [ 77.0929, 13.027 ], [ 77.0938, 13.0303 ], [ 77.0896, 13.0296 ], [ 77.0821, 13.0399 ], [ 77.0697, 13.0397 ], [ 77.0747, 13.057 ], [ 77.0807, 13.0625 ], [ 77.0738, 13.0605 ], [ 77.0743, 13.0662 ], [ 77.0702, 13.0665 ], [ 77.075, 13.0695 ], [ 77.0817, 13.0877 ], [ 77.0746, 13.103 ], [ 77.0728, 13.1148 ], [ 77.0708, 13.1148 ], [ 77.0702, 13.1285 ], [ 77.072, 13.1321 ], [ 77.0793, 13.1316 ], [ 77.0833, 13.1366 ], [ 77.0914, 13.1359 ], [ 77.0958, 13.1462 ], [ 77.1078, 13.1443 ], [ 77.107, 13.1353 ], [ 77.1159, 13.1312 ], [ 77.1181, 13.141 ], [ 77.1158, 13.1427 ], [ 77.1201, 13.1526 ], [ 77.1188, 13.1635 ], [ 77.1288, 13.1643 ], [ 77.1354, 13.1704 ], [ 77.1384, 13.1776 ], [ 77.1426, 13.1735 ], [ 77.1484, 13.1736 ], [ 77.1562, 13.1938 ], [ 77.1649, 13.1966 ] ], [ [ 77.0798, 13.0695 ], [ 77.0818, 13.0695 ], [ 77.0835, 13.0715 ], [ 77.0812, 13.0726 ], [ 77.0798, 13.0695 ] ] ] } },
{ "type": "Feature", "properties": { "area_id": "KGIS-T-2902", "name_en": "Ramanagar", "name_kn": "ರಾಮನಗರ", "level": "block", "parent_id": "KGIS-D-28", "district_en": "Ramanagara", "lgd_code": "5606" }, "geometry": { "type": "Polygon", "coordinates": [ [ [ 77.4153, 12.8717 ], [ 77.4313, 12.8749 ], [ 77.4306, 12.8702 ], [ 77.4188, 12.8693 ], [ 77.4292, 12.8568 ], [ 77.4275, 12.851 ], [ 77.4377, 12.8497 ], [ 77.434, 12.8445 ], [ 77.4347, 12.8387 ], [ 77.43, 12.8397 ], [ 77.4225, 12.8356 ], [ 77.4199, 12.8262 ], [ 77.4335, 12.8234 ], [ 77.4362, 12.8097 ], [ 77.4403, 12.8099 ], [ 77.4439, 12.8067 ], [ 77.4464, 12.8149 ], [ 77.4492, 12.8187 ], [ 77.4517, 12.8185 ], [ 77.4611, 12.8073 ], [ 77.4711, 12.8115 ], [ 77.4763, 12.8119 ], [ 77.4763, 12.8098 ], [ 77.4788, 12.8115 ], [ 77.4778, 12.8064 ], [ 77.4831, 12.8023 ], [ 77.4796, 12.799 ], [ 77.4713, 12.798 ], [ 77.47, 12.7939 ], [ 77.4785, 12.7805 ], [ 77.4741, 12.7646 ], [ 77.4764, 12.7613 ], [ 77.4738, 12.7573 ], [ 77.475, 12.7552 ], [ 77.4667, 12.7507 ], [ 77.4701, 12.748 ], [ 77.4716, 12.7327 ], [ 77.4763, 12.7283 ], [ 77.4755, 12.7198 ], [ 77.4721, 12.7164 ], [ 77.4592, 12.7189 ], [ 77.4552, 12.7069 ], [ 77.4479, 12.7074 ], [ 77.4446, 12.7048 ], [ 77.4439, 12.7086 ], [ 77.4394, 12.71 ], [ 77.4234, 12.7083 ], [ 77.4218, 12.7123 ], [ 77.4242, 12.7136 ], [ 77.4245, 12.7193 ], [ 77.409, 12.7217 ], [ 77.4081, 12.7155 ], [ 77.4002, 12.7096 ], [ 77.3897, 12.7083 ], [ 77.3902, 12.7003 ], [ 77.3963, 12.6932 ], [ 77.3847, 12.6898 ], [ 77.3804, 12.6909 ], [ 77.3788, 12.6954 ], [ 77.371, 12.6961 ], [ 77.3722, 12.6888 ], [ 77.3809, 12.6829 ], [ 77.3833, 12.6647 ], [ 77.3807, 12.6562 ], [ 77.3864, 12.6444 ], [ 77.3766, 12.6409 ], [ 77.372, 12.6539 ], [ 77.3662, 12.6604 ], [ 77.3621, 12.6617 ], [ 77.3599, 12.6441 ], [ 77.3543, 12.6454 ], [ 77.354, 12.6405 ], [ 77.3481, 12.6354 ], [ 77.3472, 12.6272 ], [ 77.3398, 12.611 ], [ 77.3345, 12.6091 ], [ 77.3356, 12.602 ], [ 77.3299, 12.5969 ], [ 77.3339, 12.5942 ], [ 77.3355, 12.5897 ], [ 77.3254, 12.5891 ], [ 77.3259, 12.5819 ], [ 77.3205, 12.5832 ], [ 77.3114, 12.5765 ], [ 77.3068, 12.5791 ], [ 77.3066, 12.5867 ], [ 77.3005, 12.5856 ], [ 77.2937, 12.5903 ], [ 77.293, 12.5996 ], [ 77.2887, 12.6018 ], [ 77.2826, 12.5997 ], [ 77.2821, 12.597 ], [ 77.278, 12.5977 ], [ 77.2775, 12.6051 ], [ 77.2693, 12.5932 ], [ 77.2627, 12.5908 ], [ 77.2623, 12.5954 ], [ 77.255, 12.601 ], [ 77.2516, 12.59 ], [ 77.2491, 12.5909 ], [ 77.238, 12.5992 ], [ 77.2426, 12.61 ], [ 77.2456, 12.6108 ], [ 77.2448, 12.6161 ], [ 77.2474, 12.62 ], [ 77.253, 12.6202 ], [ 77.2544, 12.623 ], [ 77.2568, 12.6218 ], [ 77.2607, 12.6293 ], [ 77.2661, 12.6282 ], [ 77.2666, 12.6179 ], [ 77.2814, 12.6162 ], [ 77.2819, 12.6132 ], [ 77.286, 12.613 ], [ 77.2847, 12.6149 ], [ 77.2881, 12.6195 ], [ 77.2869, 12.6315 ], [ 77.2811, 12.6316 ], [ 77.2745, 12.6368 ], [ 77.2668, 12.6372 ], [ 77.2688, 12.6459 ], [ 77.2663, 12.6504 ], [ 77.2599, 12.6513 ], [ 77.2523, 12.6564 ], [ 77.259, 12.6612 ], [ 77.2585, 12.6664 ], [ 77.2625, 12.6741 ], [ 77.2622, 12.6766 ], [ 77.2559, 12.6787 ], [ 77.2564, 12.6806 ], [ 77.2609, 12.6887 ], [ 77.2651, 12.69 ], [ 77.2677, 12.6941 ], [ 77.2599, 12.6965 ], [ 77.2582, 12.7001 ], [ 77.2493, 12.6945 ], [ 77.2498, 12.6894 ], [ 77.2461, 12.6857 ], [ 77.2404, 12.6896 ], [ 77.2425, 12.6912 ], [ 77.24, 12.6955 ], [ 77.2345, 12.6889 ], [ 77.2291, 12.696 ], [ 77.2276, 12.7259 ], [ 77.2153, 12.7445 ], [ 77.2044, 12.7385 ], [ 77.2041, 12.7313 ], [ 77.1969, 12.726 ], [ 77.1862, 12.7238 ], [ 77.1766, 12.7435 ], [ 77.1834, 12.7453 ], [ 77.195, 12.7624 ], [ 77.2043, 12.7628 ], [ 77.206, 12.7699 ], [ 77.1902, 12.7829 ], [ 77.1895, 12.7864 ], [ 77.1754, 12.795 ], [ 77.1755, 12.802 ], [ 77.1611, 12.8013 ], [ 77.1511, 12.7937 ], [ 77.1383, 12.8112 ], [ 77.1424, 12.8204 ], [ 77.1465, 12.8195 ], [ 77.1583, 12.8278 ], [ 77.1691, 12.827 ], [ 77.1734, 12.8236 ], [ 77.1762, 12.8284 ], [ 77.1845, 12.8267 ], [ 77.1911, 12.8331 ], [ 77.2158, 12.8321 ], [ 77.2141, 12.8372 ], [ 77.2197, 12.8372 ], [ 77.2325, 12.8445 ], [ 77.2357, 12.834 ], [ 77.2491, 12.8382 ], [ 77.2554, 12.8425 ], [ 77.2623, 12.8517 ], [ 77.2699, 12.8519 ], [ 77.2723, 12.8563 ], [ 77.2888, 12.8561 ], [ 77.2891, 12.8627 ], [ 77.2916, 12.8652 ], [ 77.2882, 12.8715 ], [ 77.2898, 12.8762 ], [ 77.2956, 12.8738 ], [ 77.3042, 12.8741 ], [ 77.3167, 12.8669 ], [ 77.3141, 12.8514 ], [ 77.3174, 12.8501 ], [ 77.3253, 12.861 ], [ 77.3453, 12.858 ], [ 77.3452, 12.8702 ], [ 77.3661, 12.8702 ], [ 77.3698, 12.8569 ], [ 77.3794, 12.8552 ], [ 77.38, 12.8573 ], [ 77.3898, 12.8604 ], [ 77.3952, 12.8667 ], [ 77.3949, 12.8697 ], [ 77.4021, 12.8656 ], [ 77.4026, 12.871 ], [ 77.4082, 12.8756 ], [ 77.416, 12.8752 ], [ 77.4153, 12.8717 ] ], [ [ 77.3246, 12.5963 ], [ 77.3171, 12.5902 ], [ 77.3075, 12.5933 ], [ 77.3099, 12.5855 ], [ 77.3232, 12.5853 ], [ 77.3246, 12.5963 ] ], [ [ 77.4542, 12.7438 ], [ 77.4581, 12.7435 ], [ 77.4605, 12.7471 ], [ 77.4548, 12.7482 ], [ 77.4542, 12.7438 ] ], [ [ 77.2819, 12.6098 ], [ 77.2839, 12.6094 ], [ 77.2846, 12.6111 ], [ 77.2834, 12.6118 ], [ 77.2819, 12.6098 ] ] ] } },
{ "type": "Feature", "properties": { "area_id": "KGIS-T-2903", "name_en": "Channapatna", "name_kn": "ಚನ್ನಪಟ್ಟಣ", "level": "block", "parent_id": "KGIS-D-28", "district_en": "Ramanagara", "lgd_code": "5607" }, "geometry": { "type": "MultiPolygon", "coordinates": [ [ [ [ 77.3075, 12.5933 ], [ 77.3131, 12.5904 ], [ 77.3081, 12.5905 ], [ 77.3075, 12.5933 ] ] ], [ [ [ 77.2819, 12.6098 ], [ 77.2834, 12.6118 ], [ 77.2846, 12.6111 ], [ 77.2839, 12.6094 ], [ 77.2819, 12.6098 ] ] ], [ [ [ 77.1753, 12.801 ], [ 77.1754, 12.795 ], [ 77.1895, 12.7864 ], [ 77.1902, 12.7829 ], [ 77.206, 12.7699 ], [ 77.2043, 12.7628 ], [ 77.195, 12.7624 ], [ 77.1834, 12.7453 ], [ 77.1766, 12.7435 ], [ 77.1862, 12.7238 ], [ 77.1969, 12.726 ], [ 77.2041, 12.7313 ], [ 77.2044, 12.7385 ], [ 77.2153, 12.7445 ], [ 77.2276, 12.7259 ], [ 77.2291, 12.696 ], [ 77.2345, 12.6889 ], [ 77.24, 12.6955 ], [ 77.2425, 12.6912 ], [ 77.2404, 12.6896 ], [ 77.2461, 12.6857 ], [ 77.2498, 12.6894 ], [ 77.2493, 12.6945 ], [ 77.2582, 12.7001 ], [ 77.2599, 12.6965 ], [ 77.2677, 12.6941 ], [ 77.2651, 12.69 ], [ 77.2609, 12.6887 ], [ 77.2564, 12.6806 ], [ 77.2559, 12.6787 ], [ 77.2622, 12.6766 ], [ 77.2625, 12.6741 ], [ 77.2585, 12.6664 ], [ 77.259, 12.6612 ], [ 77.2523, 12.6564 ], [ 77.2599, 12.6513 ], [ 77.2663, 12.6504 ], [ 77.2688, 12.6459 ], [ 77.2668, 12.6372 ], [ 77.2745, 12.6368 ], [ 77.2811, 12.6316 ], [ 77.2869, 12.6315 ], [ 77.2881, 12.6195 ], [ 77.2847, 12.6149 ], [ 77.286, 12.613 ], [ 77.2819, 12.6132 ], [ 77.2814, 12.6162 ], [ 77.2666, 12.6179 ], [ 77.2661, 12.6282 ], [ 77.2607, 12.6293 ], [ 77.2568, 12.6218 ], [ 77.2544, 12.623 ], [ 77.253, 12.6202 ], [ 77.2488, 12.6207 ], [ 77.2454, 12.6174 ], [ 77.2456, 12.6108 ], [ 77.2426, 12.61 ], [ 77.238, 12.5992 ], [ 77.2516, 12.59 ], [ 77.255, 12.601 ], [ 77.2623, 12.5954 ], [ 77.2627, 12.5908 ], [ 77.2693, 12.5932 ], [ 77.2775, 12.6051 ], [ 77.278, 12.5977 ], [ 77.2821, 12.597 ], [ 77.2826, 12.5997 ], [ 77.2887, 12.6018 ], [ 77.293, 12.5996 ], [ 77.2937, 12.5903 ], [ 77.2969, 12.5871 ], [ 77.3066, 12.5867 ], [ 77.3068, 12.5791 ], [ 77.3132, 12.5771 ], [ 77.3174, 12.569 ], [ 77.3249, 12.5692 ], [ 77.3233, 12.5651 ], [ 77.3251, 12.559 ], [ 77.3161, 12.5579 ], [ 77.3154, 12.5518 ], [ 77.3257, 12.5469 ], [ 77.323, 12.5316 ], [ 77.3134, 12.5331 ], [ 77.3104, 12.5405 ], [ 77.3091, 12.5362 ], [ 77.305, 12.5388 ], [ 77.3044, 12.5459 ], [ 77.2892, 12.5464 ], [ 77.2867, 12.5418 ], [ 77.2885, 12.532 ], [ 77.2805, 12.5289 ], [ 77.2791, 12.5313 ], [ 77.2761, 12.5304 ], [ 77.2724, 12.5375 ], [ 77.2768, 12.541 ], [ 77.2712, 12.5441 ], [ 77.2728, 12.5479 ], [ 77.2645, 12.5467 ], [ 77.2654, 12.5491 ], [ 77.2705, 12.5501 ], [ 77.2694, 12.5511 ], [ 77.2638, 12.5523 ], [ 77.2544, 12.5484 ], [ 77.253, 12.5447 ], [ 77.2551, 12.5363 ], [ 77.2593, 12.5325 ], [ 77.2545, 12.5309 ], [ 77.2572, 12.5091 ], [ 77.2399, 12.507 ], [ 77.2381, 12.5001 ], [ 77.2243, 12.5022 ], [ 77.222, 12.4922 ], [ 77.2162, 12.4921 ], [ 77.2135, 12.4849 ], [ 77.2053, 12.4854 ], [ 77.2056, 12.491 ], [ 77.2007, 12.4915 ], [ 77.1979, 12.4834 ], [ 77.1926, 12.4821 ], [ 77.1779, 12.4789 ], [ 77.1753, 12.4829 ], [ 77.1695, 12.4839 ], [ 77.1648, 12.4751 ], [ 77.1575, 12.4756 ], [ 77.1492, 12.4631 ], [ 77.1445, 12.4619 ], [ 77.1359, 12.4694 ], [ 77.1324, 12.4796 ], [ 77.125, 12.4799 ], [ 77.1249, 12.4892 ], [ 77.1305, 12.4968 ], [ 77.1329, 12.5165 ], [ 77.1253, 12.5236 ], [ 77.1268, 12.53 ], [ 77.122, 12.5401 ], [ 77.115, 12.5433 ], [ 77.1154, 12.555 ], [ 77.1282, 12.5541 ], [ 77.1294, 12.5632 ], [ 77.1283, 12.5699 ], [ 77.1188, 12.5766 ], [ 77.1168, 12.5807 ], [ 77.1151, 12.5958 ], [ 77.1102, 12.5967 ], [ 77.1082, 12.6077 ], [ 77.1111, 12.6161 ], [ 77.1223, 12.619 ], [ 77.1227, 12.6222 ], [ 77.1176, 12.6282 ], [ 77.1012, 12.6289 ], [ 77.0994, 12.6732 ], [ 77.0747, 12.6777 ], [ 77.0732, 12.6986 ], [ 77.0817, 12.7312 ], [ 77.0819, 12.7453 ], [ 77.0786, 12.7546 ], [ 77.0799, 12.7597 ], [ 77.0876, 12.7536 ], [ 77.086, 12.7511 ], [ 77.092, 12.7511 ], [ 77.0919, 12.7639 ], [ 77.0947, 12.7708 ], [ 77.1011, 12.7771 ], [ 77.1079, 12.7801 ], [ 77.1183, 12.7748 ], [ 77.1262, 12.7748 ], [ 77.1365, 12.7833 ], [ 77.1412, 12.7818 ], [ 77.1499, 12.7868 ], [ 77.154, 12.7977 ], [ 77.1692, 12.8031 ], [ 77.1753, 12.801 ] ] ] ] } },
{ "type": "Feature", "properties": { "area_id": "KGIS-T-2904", "name_en": "Kanakpura", "name_kn": "ಕನಕಪುರ", "level": "block", "parent_id": "KGIS-D-28", "district_en": "Ramanagara", "lgd_code": "5608" }, "geometry": { "type": "MultiPolygon", "coordinates": [ [ [ [ 77.3003, 12.3156 ], [ 77.3004, 12.3195 ], [ 77.3012, 12.3202 ], [ 77.3044, 12.3165 ], [ 77.3003, 12.3156 ] ] ], [ [ [ 77.2882, 12.3616 ], [ 77.2949, 12.3574 ], [ 77.293, 12.3532 ], [ 77.2873, 12.354 ], [ 77.2882, 12.3616 ] ] ], [ [ [ 77.2925, 12.3686 ], [ 77.29, 12.3712 ], [ 77.2923, 12.371 ], [ 77.2925, 12.3686 ] ] ], [ [ [ 77.5475, 12.8014 ], [ 77.556, 12.7996 ], [ 77.5529, 12.7897 ], [ 77.5636, 12.7881 ], [ 77.5612, 12.7833 ], [ 77.5564, 12.7811 ], [ 77.5562, 12.7773 ], [ 77.5586, 12.7653 ], [ 77.5631, 12.7608 ], [ 77.5664, 12.7592 ], [ 77.5707, 12.7623 ], [ 77.5714, 12.7789 ], [ 77.5797, 12.7878 ], [ 77.5921, 12.7798 ], [ 77.5984, 12.7582 ], [ 77.5941, 12.7505 ], [ 77.576, 12.7508 ], [ 77.568, 12.7354 ], [ 77.5728, 12.7325 ], [ 77.571, 12.7302 ], [ 77.5576, 12.7309 ], [ 77.5613, 12.7087 ], [ 77.5681, 12.7012 ], [ 77.5757, 12.7039 ], [ 77.5942, 12.7205 ], [ 77.6145, 12.7113 ], [ 77.6131, 12.7035 ], [ 77.6036, 12.6931 ], [ 77.5941, 12.6672 ], [ 77.5955, 12.6578 ], [ 77.5964, 12.6641 ], [ 77.5963, 12.6488 ], [ 77.6041, 12.6385 ], [ 77.6029, 12.6355 ], [ 77.6055, 12.6289 ], [ 77.595, 12.6226 ], [ 77.5912, 12.6172 ], [ 77.5915, 12.5914 ], [ 77.5895, 12.5919 ], [ 77.5874, 12.5841 ], [ 77.5797, 12.5727 ], [ 77.5791, 12.5672 ], [ 77.5812, 12.5649 ], [ 77.5806, 12.5514 ], [ 77.5845, 12.5518 ], [ 77.5899, 12.5478 ], [ 77.5881, 12.5169 ], [ 77.6117, 12.5141 ], [ 77.6152, 12.5085 ], [ 77.6135, 12.5027 ], [ 77.6012, 12.4958 ], [ 77.5831, 12.4779 ], [ 77.6069, 12.4745 ], [ 77.6262, 12.4964 ], [ 77.6357, 12.4882 ], [ 77.6324, 12.4793 ], [ 77.6335, 12.4711 ], [ 77.6312, 12.4709 ], [ 77.627, 12.4588 ], [ 77.6288, 12.4492 ], [ 77.6267, 12.4372 ], [ 77.6284, 12.418 ], [ 77.6207, 12.4134 ], [ 77.6226, 12.4033 ], [ 77.6211, 12.3842 ], [ 77.6177, 12.3814 ], [ 77.6144, 12.3626 ], [ 77.601, 12.3587 ], [ 77.5979, 12.3486 ], [ 77.5913, 12.3394 ], [ 77.5758, 12.3363 ], [ 77.5734, 12.324 ], [ 77.5661, 12.3068 ], [ 77.5574, 12.3052 ], [ 77.5578, 12.302 ], [ 77.5516, 12.2967 ], [ 77.5511, 12.2892 ], [ 77.534, 12.2893 ], [ 77.5283, 12.2713 ], [ 77.5161, 12.2679 ], [ 77.4899, 12.278 ], [ 77.4778, 12.2633 ], [ 77.4796, 12.2574 ], [ 77.4754, 12.2547 ], [ 77.4728, 12.2407 ], [ 77.4606, 12.2466 ], [ 77.4524, 12.2475 ], [ 77.4481, 12.2519 ], [ 77.4468, 12.258 ], [ 77.4299, 12.2867 ], [ 77.4184, 12.2863 ], [ 77.406, 12.2758 ], [ 77.3581, 12.2774 ], [ 77.355, 12.2757 ], [ 77.3445, 12.2776 ], [ 77.3261, 12.3027 ], [ 77.319, 12.3025 ], [ 77.3193, 12.3047 ], [ 77.325, 12.306 ], [ 77.3245, 12.3282 ], [ 77.3324, 12.3537 ], [ 77.3122, 12.3923 ], [ 77.285, 12.3939 ], [ 77.284, 12.4069 ], [ 77.2818, 12.4071 ], [ 77.284, 12.4113 ], [ 77.2817, 12.4215 ], [ 77.2862, 12.4211 ], [ 77.2852, 12.4288 ], [ 77.2736, 12.43 ], [ 77.2697, 12.4342 ], [ 77.2751, 12.4372 ], [ 77.2694, 12.4648 ], [ 77.2651, 12.462 ], [ 77.2575, 12.4636 ], [ 77.2547, 12.4701 ], [ 77.2363, 12.4709 ], [ 77.236, 12.4823 ], [ 77.2334, 12.4841 ], [ 77.23, 12.4842 ], [ 77.2301, 12.4796 ], [ 77.2269, 12.4793 ], [ 77.227, 12.4747 ], [ 77.2254, 12.4747 ], [ 77.226, 12.4891 ], [ 77.2363, 12.4867 ], [ 77.239, 12.4888 ], [ 77.2399, 12.507 ], [ 77.2572, 12.5091 ], [ 77.2545, 12.5309 ], [ 77.2593, 12.5325 ], [ 77.2551, 12.5363 ], [ 77.253, 12.5447 ], [ 77.2544, 12.5484 ], [ 77.2638, 12.5523 ], [ 77.2694, 12.5511 ], [ 77.2705, 12.5501 ], [ 77.2654, 12.5491 ], [ 77.2645, 12.5467 ], [ 77.2728, 12.5479 ], [ 77.2712, 12.5441 ], [ 77.2768, 12.541 ], [ 77.2724, 12.5375 ], [ 77.2761, 12.5304 ], [ 77.2791, 12.5313 ], [ 77.2805, 12.5289 ], [ 77.2885, 12.532 ], [ 77.2867, 12.5418 ], [ 77.2892, 12.5464 ], [ 77.3044, 12.5459 ], [ 77.305, 12.5388 ], [ 77.3091, 12.5362 ], [ 77.3104, 12.5405 ], [ 77.3134, 12.5331 ], [ 77.323, 12.5316 ], [ 77.3257, 12.5469 ], [ 77.3154, 12.5518 ], [ 77.3161, 12.5579 ], [ 77.3251, 12.559 ], [ 77.3233, 12.5651 ], [ 77.3249, 12.5692 ], [ 77.3174, 12.569 ], [ 77.3129, 12.5769 ], [ 77.3205, 12.5832 ], [ 77.3259, 12.5819 ], [ 77.3254, 12.5891 ], [ 77.3355, 12.5897 ], [ 77.3339, 12.5942 ], [ 77.3299, 12.5969 ], [ 77.3356, 12.602 ], [ 77.3345, 12.6091 ], [ 77.3398, 12.611 ], [ 77.3472, 12.6272 ], [ 77.3481, 12.6354 ], [ 77.354, 12.6405 ], [ 77.3543, 12.6454 ], [ 77.3599, 12.6441 ], [ 77.3621, 12.6617 ], [ 77.3662, 12.6604 ], [ 77.372, 12.6539 ], [ 77.3766, 12.6409 ], [ 77.3864, 12.6444 ], [ 77.3807, 12.6562 ], [ 77.3833, 12.6647 ], [ 77.3809, 12.6829 ], [ 77.3722, 12.6888 ], [ 77.371, 12.6961 ], [ 77.3788, 12.6954 ], [ 77.3804, 12.6909 ], [ 77.3847, 12.6898 ], [ 77.3963, 12.6932 ], [ 77.3902, 12.7003 ], [ 77.3897, 12.7083 ], [ 77.4002, 12.7096 ], [ 77.4081, 12.7155 ], [ 77.409, 12.7217 ], [ 77.4245, 12.7193 ], [ 77.4242, 12.7136 ], [ 77.4218, 12.7123 ], [ 77.4234, 12.7083 ], [ 77.4394, 12.71 ], [ 77.4439, 12.7086 ], [ 77.4446, 12.7048 ], [ 77.4479, 12.7074 ], [ 77.4552, 12.7069 ], [ 77.4592, 12.7189 ], [ 77.4721, 12.7164 ], [ 77.4758, 12.7203 ], [ 77.4763, 12.7283 ], [ 77.4716, 12.7327 ], [ 77.4701, 12.748 ], [ 77.4667, 12.7507 ], [ 77.4748, 12.755 ], [ 77.4845, 12.7478 ], [ 77.4864, 12.7428 ], [ 77.5028, 12.7356 ], [ 77.5079, 12.7376 ], [ 77.5128, 12.7468 ], [ 77.5196, 12.7419 ], [ 77.5171, 12.7357 ], [ 77.5218, 12.7317 ], [ 77.5347, 12.7559 ], [ 77.541, 12.7481 ], [ 77.5461, 12.7696 ], [ 77.5517, 12.7733 ], [ 77.5438, 12.7758 ], [ 77.5494, 12.7853 ], [ 77.5423, 12.7947 ], [ 77.5421, 12.7985 ], [ 77.5475, 12.8014 ] ], [ [ 77.5515, 12.794 ], [ 77.5527, 12.7973 ], [ 77.5509, 12.7979 ], [ 77.5493, 12.7942 ], [ 77.5515, 12.794 ] ] ], [ [ [ 77.3229, 12.5857 ], [ 77.3131, 12.584 ], [ 77.3099, 12.5855 ], [ 77.3077, 12.591 ], [ 77.3199, 12.5906 ], [ 77.3246, 12.5963 ], [ 77.3229, 12.5857 ] ] ], [ [ [ 77.4542, 12.7444 ], [ 77.4548, 12.7482 ], [ 77.4605, 12.7471 ], [ 77.4581, 12.7435 ], [ 77.4542, 12.7444 ] ] ] ] } },
{ "type": "Feature", "properties": { "area_id": "KGIS-T-3001", "name_en": "Yadgir", "name_kn": "ಯಾದಗಿರಿ", "level": "block", "parent_id": "KGIS-D-30", "district_en": "Yadgir", "lgd_code": "5589" }, "geometry": { "type": "Polygon", "coordinates": [ [ [ 77.0706, 16.9533 ], [ 77.0686, 16.9323 ], [ 77.0723, 16.9319 ], [ 77.073, 16.9372 ], [ 77.0823, 16.9407 ], [ 77.0872, 16.9318 ], [ 77.0879, 16.9204 ], [ 77.0931, 16.9055 ], [ 77.106, 16.9024 ], [ 77.1202, 16.9099 ], [ 77.128, 16.9175 ], [ 77.1262, 16.9176 ], [ 77.1496, 16.9263 ], [ 77.1847, 16.9354 ], [ 77.1919, 16.9289 ], [ 77.1958, 16.9302 ], [ 77.2009, 16.9359 ], [ 77.2078, 16.9376 ], [ 77.2113, 16.9445 ], [ 77.2268, 16.9405 ], [ 77.2314, 16.943 ], [ 77.2316, 16.9381 ], [ 77.2422, 16.9421 ], [ 77.245, 16.9395 ], [ 77.2462, 16.9324 ], [ 77.2502, 16.9337 ], [ 77.2626, 16.9281 ], [ 77.2603, 16.919 ], [ 77.2533, 16.913 ], [ 77.2551, 16.9095 ], [ 77.2526, 16.8857 ], [ 77.2419, 16.8681 ], [ 77.2611, 16.8616 ], [ 77.2573, 16.8304 ], [ 77.2648, 16.8264 ], [ 77.2706, 16.8149 ], [ 77.2746, 16.8118 ], [ 77.277, 16.8011 ], [ 77.2811, 16.7989 ], [ 77.282, 16.7863 ], [ 77.2896, 16.7744 ], [ 77.2888, 16.767 ], [ 77.294, 16.7543 ], [ 77.2877, 16.7423 ], [ 77.2828, 16.7414 ], [ 77.2704, 16.7266 ], [ 77.2681, 16.7147 ], [ 77.2751, 16.709 ], [ 77.2777, 16.701 ], [ 77.2819, 16.7011 ], [ 77.2803, 16.6978 ], [ 77.2818, 16.6949 ], [ 77.2855, 16.6949 ], [ 77.2947, 16.6797 ], [ 77.2842, 16.6539 ], [ 77.2873, 16.6409 ], [ 77.3077, 16.6357 ], [ 77.3166, 16.6362 ], [ 77.3202, 16.6284 ], [ 77.3184, 16.6218 ], [ 77.2995, 16.6157 ], [ 77.2953, 16.6102 ], [ 77.287, 16.6065 ], [ 77.2724, 16.6064 ], [ 77.2707, 16.5883 ], [ 77.2925, 16.5863 ], [ 77.3265, 16.5889 ], [ 77.3408, 16.5829 ], [ 77.3369, 16.5688 ], [ 77.3472, 16.5638 ], [ 77.355, 16.5537 ], [ 77.3772, 16.5554 ], [ 77.3841, 16.5571 ], [ 77.3818, 16.5612 ], [ 77.3832, 16.5621 ], [ 77.3971, 16.5642 ], [ 77.3996, 16.5553 ], [ 77.4039, 16.5538 ], [ 77.4035, 16.5509 ], [ 77.4179, 16.5487 ], [ 77.4193, 16.5393 ], [ 77.4159, 16.5177 ], [ 77.4018, 16.5214 ], [ 77.3907, 16.5161 ], [ 77.3772, 16.5139 ], [ 77.3727, 16.5098 ], [ 77.3693, 16.4882 ], [ 77.3543, 16.4886 ], [ 77.3518, 16.4908 ], [ 77.3462, 16.4902 ], [ 77.3461, 16.488 ], [ 77.3424, 16.4863 ], [ 77.3242, 16.4869 ], [ 77.3245, 16.4912 ], [ 77.2983, 16.4962 ], [ 77.2996, 16.4887 ], [ 77.2943, 16.4769 ], [ 77.2707, 16.4734 ], [ 77.2462, 16.4779 ], [ 77.24, 16.4766 ], [ 77.2356, 16.4727 ], [ 77.2332, 16.4781 ], [ 77.2344, 16.4894 ], [ 77.2328, 16.4937 ], [ 77.2221, 16.4975 ], [ 77.2102, 16.4971 ], [ 77.2016, 16.5081 ], [ 77.1997, 16.5077 ], [ 77.1955, 16.5209 ], [ 77.1966, 16.5255 ], [ 77.1983, 16.525 ], [ 77.2006, 16.5413 ], [ 77.1964, 16.5469 ], [ 77.1758, 16.5501 ], [ 77.169, 16.569 ], [ 77.1651, 16.5994 ], [ 77.1809, 16.6198 ], [ 77.1796, 16.6259 ], [ 77.1714, 16.6317 ], [ 77.1607, 16.6465 ], [ 77.1526, 16.6465 ], [ 77.1447, 16.6412 ], [ 77.1383, 16.6423 ], [ 77.132, 16.6498 ], [ 77.1314, 16.6607 ], [ 77.134, 16.667 ], [ 77.1529, 16.6849 ], [ 77.1498, 16.705 ], [ 77.1481, 16.7046 ], [ 77.1453, 16.712 ], [ 77.1321, 16.7301 ], [ 77.1242, 16.7363 ], [ 77.1013, 16.7434 ], [ 77.0787, 16.7443 ], [ 77.0691, 16.748 ], [ 77.061, 16.7538 ], [ 77.0527, 16.7732 ], [ 77.0476, 16.778 ], [ 77.0335, 16.7828 ], [ 77.0248, 16.793 ], [ 77.0103, 16.7991 ], [ 77.0044, 16.8039 ], [ 77.0017, 16.8124 ], [ 76.9905, 16.8119 ], [ 76.9953, 16.8375 ], [ 76.9833, 16.8398 ], [ 76.9788, 16.8544 ], [ 76.9796, 16.8596 ], [ 77.0003, 16.86 ], [ 77.0075, 16.8578 ], [ 77.0207, 16.8685 ], [ 77.0419, 16.8684 ], [ 77.0431, 16.8701 ], [ 77.0416, 16.8827 ], [ 77.0333, 16.8847 ], [ 77.0333, 16.8931 ], [ 77.0176, 16.899 ], [ 77.0199, 16.9275 ], [ 77.0243, 16.9247 ], [ 77.0412, 16.923 ], [ 77.0457, 16.9323 ], [ 77.0649, 16.9514 ], [ 77.0639, 16.9538 ], [ 77.0706, 16.9533 ] ] ] } },
{ "type": "Feature", "properties": { "area_id": "KGIS-T-3002", "name_en": "Shahapur", "name_kn": "ಶಹಾಪುರ", "level": "block", "parent_id": "KGIS-D-30", "district_en": "Yadgir", "lgd_code": "5588" }, "geometry": { "type": "Polygon", "coordinates": [ [ [ 76.8708, 16.8965 ], [ 76.9024, 16.8934 ], [ 76.902, 16.8786 ], [ 76.9133, 16.8754 ], [ 76.9213, 16.87 ], [ 76.9157, 16.8617 ], [ 76.9044, 16.8576 ], [ 76.9021, 16.8533 ], [ 76.9035, 16.8332 ], [ 76.9095, 16.818 ], [ 76.9143, 16.8161 ], [ 76.9193, 16.8182 ], [ 76.9242, 16.8297 ], [ 76.9286, 16.8319 ], [ 76.9491, 16.8293 ], [ 76.9803, 16.8092 ], [ 76.9997, 16.8131 ], [ 77.0044, 16.8039 ], [ 77.0248, 16.793 ], [ 77.0335, 16.7828 ], [ 77.0476, 16.778 ], [ 77.0568, 16.7652 ], [ 77.0405, 16.7601 ], [ 77.0325, 16.7599 ], [ 77.0275, 16.7503 ], [ 77.0261, 16.7434 ], [ 77.0309, 16.7442 ], [ 77.0396, 16.7233 ], [ 77.0412, 16.7134 ], [ 77.0392, 16.7092 ], [ 77.0353, 16.711 ], [ 77.0305, 16.7029 ], [ 77.0223, 16.6816 ], [ 77.0168, 16.6828 ], [ 77.0155, 16.6793 ], [ 77.008, 16.6813 ], [ 77.0039, 16.702 ], [ 76.9842, 16.7097 ], [ 76.9696, 16.7121 ], [ 76.9644, 16.7171 ], [ 76.9589, 16.717 ], [ 76.9584, 16.7124 ], [ 76.9523, 16.7056 ], [ 76.9475, 16.7064 ], [ 76.9449, 16.7 ], [ 76.9323, 16.6972 ], [ 76.9318, 16.6878 ], [ 76.9277, 16.6761 ], [ 76.9294, 16.6704 ], [ 76.9265, 16.6571 ], [ 76.9133, 16.6574 ], [ 76.912, 16.6523 ], [ 76.9146, 16.6431 ], [ 76.9321, 16.6382 ], [ 76.9317, 16.6349 ], [ 76.9093, 16.636 ], [ 76.9088, 16.6335 ], [ 76.8946, 16.6312 ], [ 76.8943, 16.6165 ], [ 76.8924, 16.6166 ], [ 76.9057, 16.5954 ], [ 76.9077, 16.5822 ], [ 76.9042, 16.5773 ], [ 76.9045, 16.573 ], [ 76.9108, 16.5661 ], [ 76.916, 16.5642 ], [ 76.9201, 16.5575 ], [ 76.9174, 16.5427 ], [ 76.9199, 16.5378 ], [ 76.9259, 16.5318 ], [ 76.9339, 16.5305 ], [ 76.9343, 16.5278 ], [ 76.9593, 16.5246 ], [ 76.9742, 16.5266 ], [ 76.9752, 16.5192 ], [ 76.9739, 16.5109 ], [ 76.9673, 16.5052 ], [ 76.9064, 16.4873 ], [ 76.8797, 16.4922 ], [ 76.8773, 16.5273 ], [ 76.8509, 16.5314 ], [ 76.8481, 16.5573 ], [ 76.8212, 16.566 ], [ 76.8221, 16.5697 ], [ 76.8019, 16.5659 ], [ 76.8007, 16.5753 ], [ 76.7932, 16.5769 ], [ 76.7795, 16.5905 ], [ 76.7687, 16.5959 ], [ 76.7563, 16.592 ], [ 76.7526, 16.6107 ], [ 76.7428, 16.6106 ], [ 76.7392, 16.6075 ], [ 76.7333, 16.6072 ], [ 76.71, 16.6118 ], [ 76.7026, 16.6062 ], [ 76.6916, 16.6056 ], [ 76.6831, 16.6265 ], [ 76.6808, 16.6263 ], [ 76.6816, 16.6304 ], [ 76.6696, 16.6285 ], [ 76.6494, 16.6327 ], [ 76.6488, 16.6541 ], [ 76.6449, 16.6548 ], [ 76.6421, 16.6636 ], [ 76.6348, 16.6636 ], [ 76.6389, 16.6763 ], [ 76.6352, 16.6942 ], [ 76.6319, 16.6983 ], [ 76.6227, 16.6949 ], [ 76.6183, 16.7078 ], [ 76.6158, 16.7088 ], [ 76.6205, 16.7188 ], [ 76.6228, 16.7425 ], [ 76.6352, 16.7451 ], [ 76.6331, 16.723 ], [ 76.6586, 16.7124 ], [ 76.6608, 16.7164 ], [ 76.6546, 16.7378 ], [ 76.6532, 16.7558 ], [ 76.661, 16.7672 ], [ 76.6758, 16.7655 ], [ 76.6795, 16.7848 ], [ 76.6975, 16.7858 ], [ 76.699, 16.7902 ], [ 76.7022, 16.7883 ], [ 76.7092, 16.7926 ], [ 76.709, 16.7805 ], [ 76.719, 16.7779 ], [ 76.7242, 16.7854 ], [ 76.7365, 16.7763 ], [ 76.7454, 16.7781 ], [ 76.7449, 16.8162 ], [ 76.7567, 16.8158 ], [ 76.754, 16.822 ], [ 76.7583, 16.8314 ], [ 76.7535, 16.8381 ], [ 76.759, 16.8453 ], [ 76.7891, 16.8375 ], [ 76.7913, 16.8501 ], [ 76.8021, 16.8492 ], [ 76.8113, 16.8557 ], [ 76.8169, 16.874 ], [ 76.8288, 16.873 ], [ 76.8281, 16.8703 ], [ 76.835, 16.8675 ], [ 76.8435, 16.8672 ], [ 76.8487, 16.8751 ], [ 76.8543, 16.8779 ], [ 76.8567, 16.8921 ], [ 76.8707, 16.8931 ], [ 76.8708, 16.8965 ] ], [ [ 76.7288, 16.7716 ], [ 76.7238, 16.7526 ], [ 76.7388, 16.7517 ], [ 76.7402, 16.7699 ], [ 76.7288, 16.7716 ] ] ] } },
{ "type": "Feature", "properties": { "area_id": "KGIS-T-3003", "name_en": "Shorapur", "name_kn": "ಸುರಪುರ", "level": "block", "parent_id": "KGIS-D-30", "district_en": "Yadgir", "lgd_code": "5587" }, "geometry": { "type": "MultiPolygon", "coordinates": [ [ [ [ 76.5615, 16.3458 ], [ 76.5629, 16.343 ], [ 76.5538, 16.3427 ], [ 76.5553, 16.3451 ], [ 76.5615, 16.3458 ] ] ], [ [ [ 76.5998, 16.7671 ], [ 76.6238, 16.7652 ], [ 76.6211, 16.7222 ], [ 76.6158, 16.7088 ], [ 76.6183, 16.7078 ], [ 76.6227, 16.6949 ], [ 76.6319, 16.6983 ], [ 76.6352, 16.6942 ], [ 76.6389, 16.6763 ], [ 76.6348, 16.6636 ], [ 76.6421, 16.6636 ], [ 76.6449, 16.6548 ], [ 76.6488, 16.6541 ], [ 76.6494, 16.6327 ], [ 76.6696, 16.6285 ], [ 76.6816, 16.6304 ], [ 76.6808, 16.6263 ], [ 76.6831, 16.6265 ], [ 76.6916, 16.6056 ], [ 76.7026, 16.6062 ], [ 76.71, 16.6118 ], [ 76.7333, 16.6072 ], [ 76.7392, 16.6075 ], [ 76.7428, 16.6106 ], [ 76.7526, 16.6107 ], [ 76.7563, 16.592 ], [ 76.7687, 16.5959 ], [ 76.7795, 16.5905 ], [ 76.7932, 16.5769 ], [ 76.8007, 16.5753 ], [ 76.8019, 16.5659 ], [ 76.8221, 16.5697 ], [ 76.8212, 16.566 ], [ 76.8481, 16.5573 ], [ 76.8509, 16.5314 ], [ 76.8773, 16.5273 ], [ 76.8797, 16.4922 ], [ 76.8726, 16.4904 ], [ 76.8645, 16.4828 ], [ 76.8654, 16.4604 ], [ 76.8633, 16.4539 ], [ 76.8546, 16.4426 ], [ 76.8403, 16.4299 ], [ 76.8229, 16.424 ], [ 76.7878, 16.4195 ], [ 76.7803, 16.4199 ], [ 76.7674, 16.4264 ], [ 76.7551, 16.4253 ], [ 76.7489, 16.4124 ], [ 76.7457, 16.4136 ], [ 76.7358, 16.4055 ], [ 76.724, 16.4029 ], [ 76.7078, 16.3944 ], [ 76.7098, 16.3901 ], [ 76.6588, 16.3696 ], [ 76.6461, 16.3559 ], [ 76.6328, 16.3539 ], [ 76.613, 16.3421 ], [ 76.5902, 16.3398 ], [ 76.5805, 16.331 ], [ 76.5666, 16.3297 ], [ 76.5659, 16.3316 ], [ 76.578, 16.3425 ], [ 76.5649, 16.3439 ], [ 76.5643, 16.3461 ], [ 76.5674, 16.3487 ], [ 76.5632, 16.3503 ], [ 76.5594, 16.3465 ], [ 76.5533, 16.3472 ], [ 76.5532, 16.3501 ], [ 76.5553, 16.349 ], [ 76.5595, 16.3519 ], [ 76.5607, 16.3573 ], [ 76.5587, 16.3576 ], [ 76.5575, 16.3538 ], [ 76.5527, 16.3545 ], [ 76.5455, 16.3513 ], [ 76.5428, 16.364 ], [ 76.5498, 16.3725 ], [ 76.5509, 16.3785 ], [ 76.548, 16.3855 ], [ 76.5496, 16.3897 ], [ 76.5414, 16.3885 ], [ 76.5413, 16.3957 ], [ 76.5348, 16.3994 ], [ 76.5338, 16.4031 ], [ 76.5385, 16.4021 ], [ 76.5389, 16.4077 ], [ 76.5416, 16.408 ], [ 76.5423, 16.4038 ], [ 76.5517, 16.4011 ], [ 76.5518, 16.4054 ], [ 76.5611, 16.4148 ], [ 76.5543, 16.4158 ], [ 76.5551, 16.418 ], [ 76.5606, 16.4213 ], [ 76.5658, 16.429 ], [ 76.5742, 16.426 ], [ 76.5794, 16.4267 ], [ 76.5819, 16.4343 ], [ 76.5863, 16.4337 ], [ 76.5865, 16.4357 ], [ 76.5889, 16.4348 ], [ 76.5879, 16.4328 ], [ 76.5908, 16.4321 ], [ 76.592, 16.4356 ], [ 76.5978, 16.4327 ], [ 76.5974, 16.4286 ], [ 76.6048, 16.4304 ], [ 76.601, 16.4327 ], [ 76.6018, 16.4347 ], [ 76.6182, 16.4507 ], [ 76.6179, 16.4709 ], [ 76.6221, 16.4881 ], [ 76.618, 16.4922 ], [ 76.6094, 16.5129 ], [ 76.602, 16.5113 ], [ 76.6027, 16.5068 ], [ 76.5913, 16.5074 ], [ 76.5896, 16.5055 ], [ 76.5726, 16.5105 ], [ 76.561, 16.5111 ], [ 76.5664, 16.5371 ], [ 76.5896, 16.5424 ], [ 76.5957, 16.5321 ], [ 76.6278, 16.5375 ], [ 76.6194, 16.5526 ], [ 76.6217, 16.5638 ], [ 76.6166, 16.5731 ], [ 76.6171, 16.5813 ], [ 76.6122, 16.5863 ], [ 76.5855, 16.5866 ], [ 76.5851, 16.5903 ], [ 76.569, 16.5917 ], [ 76.5686, 16.5947 ], [ 76.5598, 16.5943 ], [ 76.5525, 16.609 ], [ 76.5516, 16.6172 ], [ 76.5311, 16.6167 ], [ 76.5291, 16.6053 ], [ 76.5088, 16.605 ], [ 76.51, 16.6107 ], [ 76.4974, 16.6163 ], [ 76.4994, 16.632 ], [ 76.4922, 16.6325 ], [ 76.4876, 16.6323 ], [ 76.4878, 16.63 ], [ 76.4859, 16.6298 ], [ 76.4677, 16.6309 ], [ 76.4632, 16.6108 ], [ 76.4521, 16.6108 ], [ 76.4523, 16.5964 ], [ 76.4548, 16.5937 ], [ 76.4538, 16.5825 ], [ 76.4455, 16.58 ], [ 76.4434, 16.5833 ], [ 76.4319, 16.5852 ], [ 76.4188, 16.5836 ], [ 76.4162, 16.59 ], [ 76.4133, 16.5898 ], [ 76.4161, 16.6026 ], [ 76.4101, 16.6137 ], [ 76.4088, 16.6215 ], [ 76.4043, 16.6274 ], [ 76.4028, 16.64 ], [ 76.4062, 16.6554 ], [ 76.4203, 16.6723 ], [ 76.4267, 16.687 ], [ 76.4255, 16.6959 ], [ 76.4304, 16.6964 ], [ 76.4315, 16.701 ], [ 76.4376, 16.703 ], [ 76.4408, 16.7094 ], [ 76.4527, 16.7145 ], [ 76.459, 16.7088 ], [ 76.4617, 16.7087 ], [ 76.4611, 16.711 ], [ 76.4785, 16.7112 ], [ 76.4986, 16.7205 ], [ 76.5031, 16.7231 ], [ 76.5024, 16.7385 ], [ 76.5162, 16.7508 ], [ 76.5474, 16.7474 ], [ 76.5489, 16.7513 ], [ 76.5535, 16.7511 ], [ 76.5537, 16.753 ], [ 76.5703, 16.7525 ], [ 76.5713, 16.7561 ], [ 76.5812, 16.7586 ], [ 76.5813, 16.7657 ], [ 76.5998, 16.7671 ] ] ], [ [ [ 76.6354, 16.7349 ], [ 76.6586, 16.7249 ], [ 76.6608, 16.7164 ], [ 76.6586, 16.7124 ], [ 76.6331, 16.723 ], [ 76.6354, 16.7349 ] ] ] ] } },
{ "type": "Feature", "properties": { "area_id": "KGIS-T-3004", "name_en": "Gurumithakala", "name_kn": "", "level": "block", "parent_id": "KGIS-D-30", "district_en": "Yadgir", "lgd_code": null }, "geometry": { "type": "Polygon", "coordinates": [ [ [ 77.2903, 16.9362 ], [ 77.3008, 16.9299 ], [ 77.3112, 16.9277 ], [ 77.3203, 16.9363 ], [ 77.3361, 16.9305 ], [ 77.34, 16.9313 ], [ 77.3411, 16.9346 ], [ 77.3504, 16.9077 ], [ 77.3662, 16.9042 ], [ 77.3703, 16.8979 ], [ 77.3761, 16.8981 ], [ 77.3762, 16.8951 ], [ 77.3801, 16.8964 ], [ 77.383, 16.8945 ], [ 77.3845, 16.8983 ], [ 77.3873, 16.8979 ], [ 77.3885, 16.8912 ], [ 77.396, 16.9037 ], [ 77.4041, 16.9003 ], [ 77.406, 16.9018 ], [ 77.4046, 16.8969 ], [ 77.3996, 16.8989 ], [ 77.3998, 16.8962 ], [ 77.4044, 16.8951 ], [ 77.4014, 16.8822 ], [ 77.4092, 16.8786 ], [ 77.4097, 16.8735 ], [ 77.4157, 16.877 ], [ 77.4182, 16.882 ], [ 77.4246, 16.8851 ], [ 77.4602, 16.8852 ], [ 77.4596, 16.8745 ], [ 77.4641, 16.8516 ], [ 77.4598, 16.8383 ], [ 77.4613, 16.8361 ], [ 77.4571, 16.8313 ], [ 77.4625, 16.8233 ], [ 77.4621, 16.8138 ], [ 77.4661, 16.8055 ], [ 77.4728, 16.8028 ], [ 77.4723, 16.7942 ], [ 77.4757, 16.7919 ], [ 77.4742, 16.7877 ], [ 77.4672, 16.7824 ], [ 77.4484, 16.7781 ], [ 77.439, 16.7785 ], [ 77.4464, 16.7653 ], [ 77.4404, 16.7518 ], [ 77.4364, 16.752 ], [ 77.4393, 16.7518 ], [ 77.4334, 16.737 ], [ 77.4284, 16.7332 ], [ 77.427, 16.7283 ], [ 77.4309, 16.7236 ], [ 77.4258, 16.7218 ], [ 77.4276, 16.7168 ], [ 77.4331, 16.7174 ], [ 77.438, 16.7118 ], [ 77.4412, 16.7127 ], [ 77.446, 16.7222 ], [ 77.4562, 16.7164 ], [ 77.4637, 16.7191 ], [ 77.4735, 16.7159 ], [ 77.469, 16.6997 ], [ 77.4686, 16.6847 ], [ 77.4639, 16.6767 ], [ 77.4476, 16.6791 ], [ 77.4439, 16.6759 ], [ 77.4425, 16.6696 ], [ 77.4184, 16.6687 ], [ 77.4184, 16.6583 ], [ 77.4322, 16.6546 ], [ 77.4321, 16.6517 ], [ 77.44, 16.6457 ], [ 77.4342, 16.6435 ], [ 77.4346, 16.6412 ], [ 77.4446, 16.6418 ], [ 77.4452, 16.6401 ], [ 77.4563, 16.6471 ], [ 77.4569, 16.6497 ], [ 77.4612, 16.6506 ], [ 77.4634, 16.6548 ], [ 77.4725, 16.6522 ], [ 77.474, 16.6454 ], [ 77.4713, 16.6441 ], [ 77.4688, 16.6365 ], [ 77.465, 16.6334 ], [ 77.4625, 16.6266 ], [ 77.4551, 16.622 ], [ 77.4554, 16.6156 ], [ 77.4681, 16.6087 ], [ 77.4672, 16.5991 ], [ 77.4636, 16.5995 ], [ 77.4625, 16.5965 ], [ 77.4652, 16.5901 ], [ 77.4613, 16.583 ], [ 77.4599, 16.5852 ], [ 77.4394, 16.5873 ], [ 77.4232, 16.5685 ], [ 77.415, 16.5659 ], [ 77.4076, 16.5713 ], [ 77.3993, 16.5673 ], [ 77.3923, 16.5698 ], [ 77.3924, 16.5638 ], [ 77.3818, 16.5612 ], [ 77.3841, 16.5571 ], [ 77.355, 16.5537 ], [ 77.3472, 16.5638 ], [ 77.3369, 16.5688 ], [ 77.3408, 16.5829 ], [ 77.3265, 16.5889 ], [ 77.2925, 16.5863 ], [ 77.2707, 16.5883 ], [ 77.2724, 16.6064 ], [ 77.287, 16.6065 ], [ 77.2953, 16.6102 ], [ 77.2995, 16.6157 ], [ 77.3184, 16.6218 ], [ 77.3202, 16.6284 ], [ 77.3166, 16.6362 ], [ 77.3077, 16.6357 ], [ 77.2873, 16.6409 ], [ 77.2857, 16.652 ], [ 77.2846, 16.6489 ], [ 77.2869, 16.6641 ], [ 77.2947, 16.6797 ], [ 77.2855, 16.6949 ], [ 77.2818, 16.6949 ], [ 77.2803, 16.6978 ], [ 77.2819, 16.7011 ], [ 77.2777, 16.701 ], [ 77.2751, 16.709 ], [ 77.2681, 16.7147 ], [ 77.2704, 16.7266 ], [ 77.2828, 16.7414 ], [ 77.2877, 16.7423 ], [ 77.294, 16.7545 ], [ 77.2888, 16.767 ], [ 77.2896, 16.7744 ], [ 77.282, 16.7863 ], [ 77.2811, 16.7989 ], [ 77.277, 16.8011 ], [ 77.2746, 16.8118 ], [ 77.2706, 16.8149 ], [ 77.2648, 16.8264 ], [ 77.2573, 16.8304 ], [ 77.2611, 16.8616 ], [ 77.2419, 16.8681 ], [ 77.2526, 16.8857 ], [ 77.2551, 16.9095 ], [ 77.2533, 16.913 ], [ 77.2603, 16.919 ], [ 77.2626, 16.9281 ], [ 77.2657, 16.9298 ], [ 77.2733, 16.9282 ], [ 77.2903, 16.9362 ] ] ] } },
{ "type": "Feature", "properties": { "area_id": "KGIS-T-3005", "name_en": "Vadagera", "name_kn": "", "level": "block", "parent_id": "KGIS-D-30", "district_en": "Yadgir", "lgd_code": null }, "geometry": { "type": "Polygon", "coordinates": [ [ [ 77.0558, 16.7651 ], [ 77.061, 16.7538 ], [ 77.0736, 16.7454 ], [ 77.1013, 16.7434 ], [ 77.1282, 16.734 ], [ 77.1453, 16.712 ], [ 77.1481, 16.7046 ], [ 77.1498, 16.705 ], [ 77.1529, 16.6849 ], [ 77.1519, 16.6819 ], [ 77.1369, 16.6714 ], [ 77.132, 16.6633 ], [ 77.1308, 16.6553 ], [ 77.132, 16.6498 ], [ 77.1383, 16.6423 ], [ 77.1447, 16.6412 ], [ 77.1526, 16.6465 ], [ 77.1607, 16.6465 ], [ 77.1714, 16.6317 ], [ 77.1796, 16.6259 ], [ 77.1809, 16.6198 ], [ 77.1663, 16.6023 ], [ 77.1648, 16.5961 ], [ 77.17, 16.5641 ], [ 77.1758, 16.5501 ], [ 77.1933, 16.5479 ], [ 77.1989, 16.5442 ], [ 77.2006, 16.537 ], [ 77.1955, 16.5209 ], [ 77.1997, 16.5077 ], [ 77.2016, 16.5081 ], [ 77.2102, 16.4971 ], [ 77.2221, 16.4975 ], [ 77.2328, 16.4937 ], [ 77.2344, 16.4894 ], [ 77.2332, 16.4781 ], [ 77.2356, 16.4727 ], [ 77.2381, 16.4736 ], [ 77.2621, 16.4533 ], [ 77.2674, 16.4462 ], [ 77.2718, 16.433 ], [ 77.2903, 16.4127 ], [ 77.2797, 16.4063 ], [ 77.2653, 16.4059 ], [ 77.2499, 16.4157 ], [ 77.2194, 16.4243 ], [ 77.1738, 16.4302 ], [ 77.1608, 16.442 ], [ 77.1586, 16.4659 ], [ 77.1531, 16.4748 ], [ 77.1312, 16.4825 ], [ 77.106, 16.487 ], [ 77.0939, 16.4958 ], [ 77.0715, 16.5062 ], [ 77.0594, 16.5186 ], [ 77.0435, 16.5193 ], [ 77.0237, 16.5034 ], [ 77.0143, 16.5012 ], [ 77.0101, 16.5031 ], [ 77.0037, 16.5135 ], [ 77.0082, 16.5366 ], [ 77.0071, 16.5483 ], [ 76.9903, 16.5616 ], [ 76.9773, 16.5611 ], [ 76.9661, 16.5511 ], [ 76.9653, 16.5444 ], [ 76.9726, 16.5258 ], [ 76.9709, 16.5249 ], [ 76.9343, 16.5278 ], [ 76.9339, 16.5305 ], [ 76.9259, 16.5318 ], [ 76.9199, 16.5378 ], [ 76.9174, 16.5427 ], [ 76.9201, 16.5575 ], [ 76.916, 16.5642 ], [ 76.9108, 16.5661 ], [ 76.9045, 16.573 ], [ 76.9042, 16.5773 ], [ 76.9077, 16.5822 ], [ 76.9057, 16.5954 ], [ 76.8924, 16.6166 ], [ 76.8943, 16.6165 ], [ 76.8946, 16.6312 ], [ 76.9088, 16.6335 ], [ 76.9093, 16.636 ], [ 76.9317, 16.6349 ], [ 76.9321, 16.6382 ], [ 76.9146, 16.6431 ], [ 76.912, 16.6523 ], [ 76.9133, 16.6575 ], [ 76.9265, 16.6571 ], [ 76.9294, 16.6704 ], [ 76.9277, 16.6761 ], [ 76.9318, 16.6878 ], [ 76.9323, 16.6972 ], [ 76.9449, 16.7 ], [ 76.9475, 16.7064 ], [ 76.9523, 16.7056 ], [ 76.9584, 16.7124 ], [ 76.9589, 16.717 ], [ 76.9644, 16.7171 ], [ 76.9696, 16.7121 ], [ 76.9842, 16.7097 ], [ 77.0039, 16.702 ], [ 77.008, 16.6813 ], [ 77.0155, 16.6793 ], [ 77.0168, 16.6828 ], [ 77.0223, 16.6816 ], [ 77.0305, 16.7029 ], [ 77.0353, 16.711 ], [ 77.0392, 16.7092 ], [ 77.0412, 16.7134 ], [ 77.0396, 16.7233 ], [ 77.0309, 16.7442 ], [ 77.0261, 16.7434 ], [ 77.0275, 16.7503 ], [ 77.0325, 16.7599 ], [ 77.0405, 16.7601 ], [ 77.0558, 16.7651 ] ] ] } },
{ "type": "Feature", "properties": { "area_id": "KGIS-T-3006", "name_en": "Hunisigi", "name_kn": "", "level": "block", "parent_id": "KGIS-D-30", "district_en": "Yadgir", "lgd_code": null }, "geometry": { "type": "Polygon", "coordinates": [ [ [ 76.4876, 16.6323 ], [ 76.4994, 16.632 ], [ 76.4974, 16.6163 ], [ 76.51, 16.6107 ], [ 76.5088, 16.605 ], [ 76.5291, 16.6053 ], [ 76.5311, 16.6167 ], [ 76.5516, 16.6172 ], [ 76.5525, 16.609 ], [ 76.5598, 16.5943 ], [ 76.5686, 16.5947 ], [ 76.569, 16.5917 ], [ 76.5851, 16.5903 ], [ 76.5855, 16.5866 ], [ 76.6122, 16.5863 ], [ 76.6171, 16.5813 ], [ 76.6166, 16.5731 ], [ 76.6217, 16.5638 ], [ 76.6194, 16.5526 ], [ 76.6278, 16.5375 ], [ 76.5957, 16.5321 ], [ 76.5896, 16.5424 ], [ 76.5664, 16.5371 ], [ 76.561, 16.5111 ], [ 76.5726, 16.5105 ], [ 76.5896, 16.5055 ], [ 76.5913, 16.5074 ], [ 76.6027, 16.5068 ], [ 76.602, 16.5113 ], [ 76.6094, 16.5129 ], [ 76.618, 16.4922 ], [ 76.6221, 16.4881 ], [ 76.6179, 16.4709 ], [ 76.6182, 16.4507 ], [ 76.6018, 16.4347 ], [ 76.601, 16.4327 ], [ 76.6048, 16.4304 ], [ 76.5974, 16.4286 ], [ 76.5978, 16.4327 ], [ 76.592, 16.4356 ], [ 76.5908, 16.4321 ], [ 76.5879, 16.4328 ], [ 76.5889, 16.4348 ], [ 76.5865, 16.4357 ], [ 76.5863, 16.4337 ], [ 76.5819, 16.4343 ], [ 76.5794, 16.4267 ], [ 76.5742, 16.426 ], [ 76.5658, 16.429 ], [ 76.5606, 16.4213 ], [ 76.5551, 16.418 ], [ 76.5543, 16.4158 ], [ 76.5611, 16.4148 ], [ 76.5518, 16.4054 ], [ 76.5517, 16.4011 ], [ 76.5423, 16.4038 ], [ 76.5416, 16.408 ], [ 76.5389, 16.4077 ], [ 76.5385, 16.4021 ], [ 76.5338, 16.4031 ], [ 76.5348, 16.3994 ], [ 76.5413, 16.3957 ], [ 76.5414, 16.3885 ], [ 76.5496, 16.3897 ], [ 76.548, 16.3855 ], [ 76.5509, 16.3785 ], [ 76.5498, 16.3725 ], [ 76.5428, 16.364 ], [ 76.5455, 16.3513 ], [ 76.5527, 16.3545 ], [ 76.5575, 16.3538 ], [ 76.5587, 16.3576 ], [ 76.5607, 16.3573 ], [ 76.5595, 16.3519 ], [ 76.5553, 16.349 ], [ 76.5532, 16.3501 ], [ 76.5533, 16.3472 ], [ 76.5594, 16.3465 ], [ 76.5632, 16.3503 ], [ 76.5674, 16.3487 ], [ 76.5643, 16.3461 ], [ 76.5649, 16.3439 ], [ 76.578, 16.3425 ], [ 76.5659, 16.3316 ], [ 76.5666, 16.3297 ], [ 76.5362, 16.3088 ], [ 76.4988, 16.3017 ], [ 76.5, 16.2991 ], [ 76.4769, 16.2908 ], [ 76.4635, 16.2811 ], [ 76.4638, 16.2781 ], [ 76.4536, 16.2732 ], [ 76.4499, 16.2759 ], [ 76.4323, 16.2607 ], [ 76.4138, 16.2505 ], [ 76.4149, 16.2416 ], [ 76.3993, 16.2396 ], [ 76.3948, 16.23 ], [ 76.3754, 16.2198 ], [ 76.3677, 16.2185 ], [ 76.3621, 16.2073 ], [ 76.3554, 16.2058 ], [ 76.3479, 16.1982 ], [ 76.3332, 16.1919 ], [ 76.3301, 16.1935 ], [ 76.3447, 16.2106 ], [ 76.347, 16.2229 ], [ 76.3508, 16.2267 ], [ 76.3526, 16.2346 ], [ 76.3497, 16.2371 ], [ 76.3453, 16.2496 ], [ 76.3485, 16.2595 ], [ 76.3479, 16.2776 ], [ 76.3412, 16.2773 ], [ 76.3394, 16.2795 ], [ 76.3206, 16.2825 ], [ 76.3206, 16.2867 ], [ 76.3184, 16.287 ], [ 76.2997, 16.2833 ], [ 76.2986, 16.2991 ], [ 76.3028, 16.3189 ], [ 76.2952, 16.3204 ], [ 76.2915, 16.3316 ], [ 76.2919, 16.335 ], [ 76.3053, 16.3425 ], [ 76.3052, 16.3455 ], [ 76.3142, 16.3459 ], [ 76.3137, 16.3553 ], [ 76.3045, 16.3788 ], [ 76.3096, 16.3972 ], [ 76.3174, 16.3946 ], [ 76.3202, 16.3977 ], [ 76.3228, 16.396 ], [ 76.332, 16.3969 ], [ 76.3343, 16.3998 ], [ 76.337, 16.4056 ], [ 76.3305, 16.4097 ], [ 76.3334, 16.4167 ], [ 76.332, 16.4272 ], [ 76.3503, 16.427 ], [ 76.3546, 16.4223 ], [ 76.3583, 16.4224 ], [ 76.3848, 16.4257 ], [ 76.3901, 16.4378 ], [ 76.4041, 16.4327 ], [ 76.435, 16.4358 ], [ 76.4298, 16.4984 ], [ 76.4329, 16.5056 ], [ 76.4341, 16.5187 ], [ 76.4227, 16.5508 ], [ 76.4217, 16.5596 ], [ 76.4242, 16.5676 ], [ 76.4188, 16.5836 ], [ 76.4319, 16.5852 ], [ 76.4434, 16.5833 ], [ 76.4455, 16.58 ], [ 76.4538, 16.5825 ], [ 76.4548, 16.5937 ], [ 76.4523, 16.5964 ], [ 76.4521, 16.6108 ], [ 76.4632, 16.6108 ], [ 76.4677, 16.6309 ], [ 76.4859, 16.6298 ], [ 76.4878, 16.63 ], [ 76.4876, 16.6323 ] ], [ [ 76.5549, 16.344 ], [ 76.5553, 16.3421 ], [ 76.5629, 16.343 ], [ 76.5616, 16.3458 ], [ 76.5549, 16.344 ] ] ] } }
]
}
