{
"type": "FeatureCollection",
"name": "districts",
"crs": { "type": "name", "properties": { "name": "urn:ogc:def:crs:OGC:1.3:CRS84" } },
"xy_coordinate_resolution": 0.0001,
"features": [
{ "type": "Feature", "properties": { "area_id": "KGIS-D-01", "name_en": "Belagavi", "name_kn": "ಬೆಳಗಾವಿ", "level": "district", "parent_id": null, "district_en": "Belagavi", "lgd_code": null }, "geometry": { "type": "MultiPolygon", "coordinates": [ [ [ [ 74.3052, 15.8057 ], [ 74.3141, 15.7965 ], [ 74.3025, 15.7875 ], [ 74.2939, 15.7959 ], [ 74.2895, 15.7871 ], [ 74.2665, 15.7975 ], [ 74.269, 15.816 ], [ 74.2629, 15.8294 ], [ 74.2926, 15.8322 ], [ 74.3052, 15.8057 ] ] ], [ [ [ 74.6672, 16.6654 ], [ 74.6796, 16.6662 ], [ 74.6791, 16.6732 ], [ 74.6894, 16.6769 ], [ 74.6887, 16.6816 ], [ 74.6815, 16.6811 ], [ 74.6812, 16.6839 ], [ 74.6813, 16.6867 ], [ 74.6892, 16.6864 ], [ 74.6893, 16.708 ], [ 74.6864, 16.7133 ], [ 74.6909, 16.7185 ], [ 74.7028, 16.7155 ], [ 74.7274, 16.7169 ], [ 74.7275, 16.7198 ], [ 74.7321, 16.7185 ], [ 74.7531, 16.7314 ], [ 74.76, 16.7414 ], [ 74.7696, 16.7454 ], [ 74.7718, 16.7509 ], [ 74.7954, 16.7473 ], [ 74.7982, 16.7538 ], [ 74.8443, 16.762 ], [ 74.8498, 16.7726 ], [ 74.8654, 16.764 ], [ 74.8686, 16.7742 ], [ 74.891, 16.7713 ], [ 74.9194, 16.7727 ], [ 74.9103, 16.7898 ], [ 74.9099, 16.8364 ], [ 74.9014, 16.8626 ], [ 74.926, 16.864 ], [ 74.9236, 16.8672 ], [ 74.9254, 16.8722 ], [ 74.9352, 16.871 ], [ 74.9356, 16.8789 ], [ 74.9445, 16.8825 ], [ 74.9603, 16.881 ], [ 74.9637, 16.9107 ], [ 74.9545, 16.9051 ], [ 74.955, 16.91 ], [ 74.9433, 16.9111 ], [ 74.9327, 16.9186 ], [ 74.9339, 16.924 ], [ 74.9214, 16.9297 ], [ 74.9232, 16.9396 ], [ 74.9313, 16.9448 ], [ 74.9472, 16.9401 ], [ 74.95, 16.9339 ], [ 74.9629, 16.9281 ], [ 74.9647, 16.931 ], [ 74.9589, 16.9373 ], [ 74.967, 16.9412 ], [ 74.9641, 16.9475 ], [ 74.9735, 16.951 ], [ 74.9948, 16.952 ], [ 75.0054, 16.9466 ], [ 75.0269, 16.9449 ], [ 75.0251, 16.9393 ], [ 75.0258, 16.9287 ], [ 75.0263, 16.9322 ], [ 75.0358, 16.9332 ], [ 75.0452, 16.9423 ], [ 75.0611, 16.9416 ], [ 75.0727, 16.9467 ], [ 75.0746, 16.9505 ], [ 75.0901, 16.952 ], [ 75.0961, 16.9139 ], [ 75.1175, 16.9135 ], [ 75.12, 16.9024 ], [ 75.135, 16.8947 ], [ 75.1327, 16.89 ], [ 75.1363, 16.8744 ], [ 75.1648, 16.867 ], [ 75.1765, 16.868 ], [ 75.1888, 16.875 ], [ 75.1819, 16.8435 ], [ 75.2175, 16.8419 ], [ 75.228, 16.8434 ], [ 75.2377, 16.8677 ], [ 75.2655, 16.8631 ], [ 75.2825, 16.881 ], [ 75.2898, 16.9047 ], [ 75.2824, 16.9121 ], [ 75.28, 16.9237 ], [ 75.2795, 16.9569 ], [ 75.3416, 16.9562 ], [ 75.342, 16.946 ], [ 75.3345, 16.9121 ], [ 75.3358, 16.8689 ], [ 75.3581, 16.8713 ], [ 75.3692, 16.8667 ], [ 75.395, 16.863 ], [ 75.3789, 16.8232 ], [ 75.3788, 16.7984 ], [ 75.3811, 16.7986 ], [ 75.386, 16.7635 ], [ 75.3665, 16.7598 ], [ 75.3665, 16.7434 ], [ 75.3624, 16.7301 ], [ 75.3649, 16.7174 ], [ 75.3623, 16.7143 ], [ 75.3168, 16.7185 ], [ 75.2879, 16.7144 ], [ 75.2646, 16.6916 ], [ 75.2628, 16.6804 ], [ 75.2681, 16.6409 ], [ 75.2618, 16.62 ], [ 75.2555, 16.6186 ], [ 75.2585, 16.6125 ], [ 75.2566, 16.6096 ], [ 75.2599, 16.6074 ], [ 75.2516, 16.6048 ], [ 75.2244, 16.6156 ], [ 75.1708, 16.599 ], [ 75.1587, 16.5857 ], [ 75.159, 16.5666 ], [ 75.1663, 16.5543 ], [ 75.1671, 16.545 ], [ 75.1628, 16.5333 ], [ 75.1554, 16.5272 ], [ 75.132, 16.5214 ], [ 75.1202, 16.5066 ], [ 75.1123, 16.5056 ], [ 75.1044, 16.5109 ], [ 75.0993, 16.5273 ], [ 75.0889, 16.5394 ], [ 75.0863, 16.5542 ], [ 75.0716, 16.5667 ], [ 75.0673, 16.5391 ], [ 75.0073, 16.5382 ], [ 75.0064, 16.5338 ], [ 75.0008, 16.5302 ], [ 74.9978, 16.5175 ], [ 74.9949, 16.5167 ], [ 74.9883, 16.5004 ], [ 74.9863, 16.4629 ], [ 74.9913, 16.4611 ], [ 74.9885, 16.4533 ], [ 75.0157, 16.4586 ], [ 75.0175, 16.4394 ], [ 75.0231, 16.4399 ], [ 75.0232, 16.4353 ], [ 75.0282, 16.433 ], [ 75.0774, 16.4376 ], [ 75.0717, 16.404 ], [ 75.0502, 16.3999 ], [ 75.0484, 16.3959 ], [ 75.039, 16.3975 ], [ 75.0344, 16.385 ], [ 75.0339, 16.3398 ], [ 75.0437, 16.3196 ], [ 75.0578, 16.3315 ], [ 75.063, 16.3261 ], [ 75.0775, 16.332 ], [ 75.0956, 16.3249 ], [ 75.1094, 16.3285 ], [ 75.116, 16.3262 ], [ 75.1311, 16.331 ], [ 75.1384, 16.326 ], [ 75.1291, 16.2962 ], [ 75.1296, 16.287 ], [ 75.2176, 16.2686 ], [ 75.2246, 16.2624 ], [ 75.2341, 16.2596 ], [ 75.2323, 16.2502 ], [ 75.2393, 16.2511 ], [ 75.2298, 16.2315 ], [ 75.2324, 16.2096 ], [ 75.2493, 16.2043 ], [ 75.2703, 16.2075 ], [ 75.2807, 16.1999 ], [ 75.2857, 16.2021 ], [ 75.2887, 16.1917 ], [ 75.2847, 16.1768 ], [ 75.2926, 16.1725 ], [ 75.2757, 16.1204 ], [ 75.3277, 16.1155 ], [ 75.3416, 16.1245 ], [ 75.3464, 16.1232 ], [ 75.3538, 16.1281 ], [ 75.3555, 16.1151 ], [ 75.4002, 16.1134 ], [ 75.4045, 16.1137 ], [ 75.407, 16.1255 ], [ 75.4121, 16.1303 ], [ 75.419, 16.1001 ], [ 75.4296, 16.0969 ], [ 75.4277, 16.0937 ], [ 75.4305, 16.0805 ], [ 75.4274, 16.0579 ], [ 75.4185, 16.0565 ], [ 75.416, 16.0532 ], [ 75.416, 16.0325 ], [ 75.4231, 16.0326 ], [ 75.4268, 16.0077 ], [ 75.4389, 16.0041 ], [ 75.4308, 15.9707 ], [ 75.4398, 15.9661 ], [ 75.4248, 15.9219 ], [ 75.4407, 15.9183 ], [ 75.437, 15.8936 ], [ 75.4464, 15.8932 ], [ 75.4436, 15.888 ], [ 75.4497, 15.8872 ], [ 75.4529, 15.8821 ], [ 75.4511, 15.863 ], [ 75.4576, 15.8614 ], [ 75.4578, 15.8178 ], [ 75.4514, 15.8108 ], [ 75.4477, 15.7937 ], [ 75.4397, 15.7951 ], [ 75.4366, 15.7781 ], [ 75.414, 15.7841 ], [ 75.4241, 15.8254 ], [ 75.425, 15.8424 ], [ 75.4075, 15.8386 ], [ 75.403, 15.8419 ], [ 75.3852, 15.8386 ], [ 75.3824, 15.8435 ], [ 75.3756, 15.846 ], [ 75.3649, 15.8043 ], [ 75.3409, 15.8045 ], [ 75.3389, 15.8277 ], [ 75.33, 15.8245 ], [ 75.333, 15.8166 ], [ 75.3268, 15.813 ], [ 75.3207, 15.8105 ], [ 75.3201, 15.8128 ], [ 75.303, 15.8124 ], [ 75.3054, 15.7664 ], [ 75.3176, 15.7642 ], [ 75.3179, 15.7462 ], [ 75.3138, 15.7303 ], [ 75.3015, 15.728 ], [ 75.2929, 15.7284 ], [ 75.2931, 15.7413 ], [ 75.2752, 15.7407 ], [ 75.2737, 15.7232 ], [ 75.2767, 15.7221 ], [ 75.2785, 15.69 ], [ 75.2719, 15.6614 ], [ 75.2732, 15.6481 ], [ 75.2488, 15.6471 ], [ 75.2361, 15.6793 ], [ 75.2181, 15.6774 ], [ 75.2184, 15.681 ], [ 75.2034, 15.6814 ], [ 75.2023, 15.6492 ], [ 75.1869, 15.6493 ], [ 75.1835, 15.6577 ], [ 75.1804, 15.6561 ], [ 75.1715, 15.6604 ], [ 75.1554, 15.6593 ], [ 75.1512, 15.6617 ], [ 75.1402, 15.6584 ], [ 75.1324, 15.6604 ], [ 75.1233, 15.6685 ], [ 75.1072, 15.6722 ], [ 75.105, 15.6612 ], [ 75.1007, 15.6622 ], [ 75.0922, 15.6085 ], [ 75.0802, 15.6225 ], [ 75.064, 15.6251 ], [ 75.0619, 15.6302 ], [ 75.0557, 15.6326 ], [ 75.0633, 15.6692 ], [ 75.0596, 15.683 ], [ 75.0498, 15.6828 ], [ 75.0469, 15.6704 ], [ 75.0285, 15.6701 ], [ 75.0275, 15.652 ], [ 75.0233, 15.6521 ], [ 75.0194, 15.6448 ], [ 74.9916, 15.651 ], [ 74.9787, 15.6483 ], [ 74.9669, 15.6531 ], [ 74.9642, 15.6454 ], [ 74.9652, 15.6264 ], [ 74.9327, 15.6226 ], [ 74.9125, 15.6305 ], [ 74.892, 15.6307 ], [ 74.8776, 15.6222 ], [ 74.878, 15.6171 ], [ 74.8466, 15.6082 ], [ 74.8404, 15.6082 ], [ 74.8388, 15.612 ], [ 74.8303, 15.6101 ], [ 74.83, 15.5901 ], [ 74.8322, 15.591 ], [ 74.8409, 15.5746 ], [ 74.8235, 15.5679 ], [ 74.8077, 15.5504 ], [ 74.7972, 15.5476 ], [ 74.8116, 15.5204 ], [ 74.8094, 15.5106 ], [ 74.8144, 15.504 ], [ 74.802, 15.5015 ], [ 74.8055, 15.4974 ], [ 74.7973, 15.4975 ], [ 74.7987, 15.4936 ], [ 74.7944, 15.4875 ], [ 74.786, 15.4858 ], [ 74.7854, 15.4714 ], [ 74.7783, 15.4585 ], [ 74.7689, 15.4705 ], [ 74.7645, 15.4732 ], [ 74.7602, 15.4708 ], [ 74.7557, 15.4765 ], [ 74.7543, 15.488 ], [ 74.7482, 15.4954 ], [ 74.7267, 15.488 ], [ 74.7321, 15.4693 ], [ 74.7361, 15.4659 ], [ 74.7435, 15.4661 ], [ 74.7424, 15.4518 ], [ 74.7383, 15.449 ], [ 74.7367, 15.44 ], [ 74.7299, 15.4354 ], [ 74.7294, 15.4308 ], [ 74.7334, 15.4226 ], [ 74.7409, 15.4192 ], [ 74.7411, 15.411 ], [ 74.7319, 15.408 ], [ 74.7166, 15.4112 ], [ 74.7063, 15.4073 ], [ 74.6986, 15.4098 ], [ 74.6889, 15.3987 ], [ 74.6491, 15.3906 ], [ 74.6351, 15.3682 ], [ 74.6138, 15.3593 ], [ 74.5957, 15.3778 ], [ 74.5877, 15.3805 ], [ 74.5741, 15.3922 ], [ 74.5676, 15.4034 ], [ 74.5471, 15.4148 ], [ 74.5337, 15.4187 ], [ 74.5165, 15.402 ], [ 74.5099, 15.4029 ], [ 74.5061, 15.4125 ], [ 74.5096, 15.4276 ], [ 74.5061, 15.4336 ], [ 74.4946, 15.4384 ], [ 74.4913, 15.4354 ], [ 74.4918, 15.4438 ], [ 74.4777, 15.4289 ], [ 74.4724, 15.4329 ], [ 74.4629, 15.4331 ], [ 74.4562, 15.4244 ], [ 74.4604, 15.4206 ], [ 74.4457, 15.4196 ], [ 74.452, 15.408 ], [ 74.4395, 15.406 ], [ 74.4327, 15.3972 ], [ 74.4289, 15.3987 ], [ 74.4228, 15.4219 ], [ 74.4221, 15.4635 ], [ 74.4131, 15.4734 ], [ 74.4043, 15.4734 ], [ 74.3864, 15.4836 ], [ 74.3736, 15.4796 ], [ 74.3417, 15.5182 ], [ 74.3269, 15.5163 ], [ 74.2971, 15.5201 ], [ 74.2908, 15.5235 ], [ 74.2785, 15.5215 ], [ 74.2823, 15.5312 ], [ 74.2777, 15.546 ], [ 74.2643, 15.5579 ], [ 74.2627, 15.564 ], [ 74.2588, 15.5597 ], [ 74.2456, 15.5664 ], [ 74.2506, 15.5759 ], [ 74.2487, 15.5788 ], [ 74.2585, 15.5924 ], [ 74.2598, 15.6076 ], [ 74.2644, 15.6151 ], [ 74.2559, 15.6244 ], [ 74.2469, 15.6209 ], [ 74.2449, 15.6251 ], [ 74.252, 15.6535 ], [ 74.2383, 15.6625 ], [ 74.2359, 15.6687 ], [ 74.2286, 15.6647 ], [ 74.2227, 15.6684 ], [ 74.2156, 15.6627 ], [ 74.2228, 15.6559 ], [ 74.2055, 15.6504 ], [ 74.2046, 15.6631 ], [ 74.1889, 15.6658 ], [ 74.1863, 15.674 ], [ 74.1907, 15.6749 ], [ 74.1904, 15.6821 ], [ 74.1815, 15.682 ], [ 74.1666, 15.6719 ], [ 74.1633, 15.6532 ], [ 74.156, 15.6539 ], [ 74.1526, 15.6493 ], [ 74.1485, 15.6512 ], [ 74.1352, 15.6483 ], [ 74.112, 15.6566 ], [ 74.1008, 15.6573 ], [ 74.0921, 15.6623 ], [ 74.0863, 15.6707 ], [ 74.0902, 15.6738 ], [ 74.1084, 15.6722 ], [ 74.1236, 15.6799 ], [ 74.1324, 15.6933 ], [ 74.1309, 15.7013 ], [ 74.1334, 15.7032 ], [ 74.1267, 15.7082 ], [ 74.127, 15.7189 ], [ 74.1222, 15.7209 ], [ 74.1264, 15.7251 ], [ 74.1312, 15.7233 ], [ 74.134, 15.7303 ], [ 74.1418, 15.7345 ], [ 74.1505, 15.736 ], [ 74.1487, 15.7388 ], [ 74.1515, 15.7429 ], [ 74.1618, 15.7515 ], [ 74.189, 15.7526 ], [ 74.2026, 15.7583 ], [ 74.2097, 15.782 ], [ 74.2138, 15.7806 ], [ 74.2193, 15.7859 ], [ 74.2289, 15.7892 ], [ 74.2324, 15.7873 ], [ 74.2347, 15.7791 ], [ 74.2281, 15.7674 ], [ 74.228, 15.7562 ], [ 74.2366, 15.7482 ], [ 74.2359, 15.7455 ], [ 74.2412, 15.7431 ], [ 74.2537, 15.745 ], [ 74.2688, 15.7545 ], [ 74.2871, 15.7411 ], [ 74.3083, 15.7496 ], [ 74.3095, 15.7558 ], [ 74.3181, 15.7575 ], [ 74.3232, 15.7724 ], [ 74.3452, 15.7642 ], [ 74.3588, 15.775 ], [ 74.3622, 15.7824 ], [ 74.3682, 15.7858 ], [ 74.3722, 15.7979 ], [ 74.3687, 15.8065 ], [ 74.37, 15.812 ], [ 74.3602, 15.8176 ], [ 74.3655, 15.819 ], [ 74.3661, 15.8256 ], [ 74.3727, 15.8321 ], [ 74.3774, 15.8322 ], [ 74.3797, 15.8381 ], [ 74.3805, 15.8383 ], [ 74.3798, 15.8364 ], [ 74.381, 15.8353 ], [ 74.384, 15.8405 ], [ 74.3832, 15.8494 ], [ 74.3448, 15.8503 ], [ 74.3379, 15.8549 ], [ 74.358, 15.8735 ], [ 74.3632, 15.8751 ], [ 74.3645, 15.8936 ], [ 74.3687, 15.8939 ], [ 74.366, 15.8909 ], [ 74.3786, 15.8802 ], [ 74.3825, 15.8604 ], [ 74.3867, 15.86 ], [ 74.3877, 15.8541 ], [ 74.3976, 15.8506 ], [ 74.4063, 15.8554 ], [ 74.4064, 15.8646 ], [ 74.3975, 15.8699 ], [ 74.3928, 15.8785 ], [ 74.3969, 15.8807 ], [ 74.394, 15.9 ], [ 74.3846, 15.9034 ], [ 74.4284, 15.9523 ], [ 74.4393, 15.9768 ], [ 74.4375, 15.9802 ], [ 74.4439, 15.9864 ], [ 74.4427, 15.9916 ], [ 74.4465, 15.9969 ], [ 74.4444, 16.0033 ], [ 74.4471, 16.0036 ], [ 74.4553, 16.019 ], [ 74.4633, 16.0435 ], [ 74.4629, 16.0493 ], [ 74.457, 16.0476 ], [ 74.449, 16.0539 ], [ 74.4431, 16.0523 ], [ 74.4301, 16.0593 ], [ 74.404, 16.0509 ], [ 74.4011, 16.0454 ], [ 74.3813, 16.0357 ], [ 74.3707, 16.0386 ], [ 74.3789, 16.0538 ], [ 74.3601, 16.0533 ], [ 74.3717, 16.0675 ], [ 74.3724, 16.0785 ], [ 74.382, 16.0797 ], [ 74.3837, 16.0834 ], [ 74.3914, 16.0805 ], [ 74.3898, 16.0896 ], [ 74.4072, 16.0941 ], [ 74.4102, 16.1027 ], [ 74.4274, 16.1125 ], [ 74.4432, 16.1056 ], [ 74.4589, 16.1049 ], [ 74.4592, 16.1004 ], [ 74.4766, 16.0901 ], [ 74.4847, 16.0912 ], [ 74.4859, 16.1004 ], [ 74.4911, 16.1041 ], [ 74.4848, 16.1423 ], [ 74.4797, 16.1478 ], [ 74.4881, 16.1568 ], [ 74.4893, 16.1773 ], [ 74.4939, 16.1867 ], [ 74.5056, 16.1895 ], [ 74.5081, 16.202 ], [ 74.5007, 16.2044 ], [ 74.4958, 16.2125 ], [ 74.4954, 16.2167 ], [ 74.5023, 16.2235 ], [ 74.4958, 16.2341 ], [ 74.4904, 16.2345 ], [ 74.4799, 16.25 ], [ 74.4689, 16.2396 ], [ 74.4559, 16.244 ], [ 74.4548, 16.2532 ], [ 74.4368, 16.2512 ], [ 74.4364, 16.2576 ], [ 74.4176, 16.2581 ], [ 74.4161, 16.2801 ], [ 74.4136, 16.2836 ], [ 74.3856, 16.2769 ], [ 74.3833, 16.2919 ], [ 74.3724, 16.2968 ], [ 74.3694, 16.2922 ], [ 74.3452, 16.2935 ], [ 74.3429, 16.2906 ], [ 74.3535, 16.2833 ], [ 74.349, 16.2756 ], [ 74.3434, 16.2784 ], [ 74.3438, 16.2736 ], [ 74.3385, 16.2712 ], [ 74.3337, 16.2754 ], [ 74.3342, 16.2683 ], [ 74.3294, 16.2678 ], [ 74.325, 16.2714 ], [ 74.3211, 16.2843 ], [ 74.3265, 16.2852 ], [ 74.325, 16.288 ], [ 74.3282, 16.293 ], [ 74.3384, 16.29 ], [ 74.3394, 16.2926 ], [ 74.3426, 16.2909 ], [ 74.3437, 16.296 ], [ 74.336, 16.3073 ], [ 74.3318, 16.3048 ], [ 74.3343, 16.3081 ], [ 74.3315, 16.3138 ], [ 74.3235, 16.3126 ], [ 74.3234, 16.316 ], [ 74.3334, 16.3201 ], [ 74.3301, 16.326 ], [ 74.3212, 16.3229 ], [ 74.3147, 16.3265 ], [ 74.322, 16.334 ], [ 74.3147, 16.3404 ], [ 74.3202, 16.3433 ], [ 74.3273, 16.3422 ], [ 74.3156, 16.3559 ], [ 74.3184, 16.354 ], [ 74.3251, 16.3584 ], [ 74.317, 16.3791 ], [ 74.3251, 16.3787 ], [ 74.3282, 16.385 ], [ 74.3272, 16.3918 ], [ 74.3362, 16.3945 ], [ 74.3459, 16.3777 ], [ 74.3478, 16.3671 ], [ 74.3535, 16.366 ], [ 74.3526, 16.3818 ], [ 74.3569, 16.3833 ], [ 74.3584, 16.3912 ], [ 74.363, 16.3955 ], [ 74.3635, 16.4048 ], [ 74.3516, 16.4064 ], [ 74.3356, 16.4012 ], [ 74.3278, 16.419 ], [ 74.337, 16.4288 ], [ 74.3324, 16.436 ], [ 74.3359, 16.4455 ], [ 74.3293, 16.4473 ], [ 74.3322, 16.4553 ], [ 74.3118, 16.4532 ], [ 74.2969, 16.464 ], [ 74.2895, 16.4628 ], [ 74.2914, 16.5047 ], [ 74.2793, 16.5047 ], [ 74.2742, 16.4935 ], [ 74.2748, 16.4853 ], [ 74.2607, 16.4797 ], [ 74.2571, 16.4892 ], [ 74.2478, 16.4962 ], [ 74.2546, 16.5008 ], [ 74.2781, 16.5046 ], [ 74.2758, 16.5211 ], [ 74.2696, 16.5221 ], [ 74.2639, 16.5397 ], [ 74.272, 16.5482 ], [ 74.2811, 16.5415 ], [ 74.2835, 16.525 ], [ 74.2911, 16.5339 ], [ 74.3012, 16.53 ], [ 74.3066, 16.504 ], [ 74.3112, 16.5036 ], [ 74.3165, 16.5044 ], [ 74.3163, 16.5555 ], [ 74.324, 16.5575 ], [ 74.3349, 16.5488 ], [ 74.3393, 16.5488 ], [ 74.3466, 16.5562 ], [ 74.3544, 16.5557 ], [ 74.3535, 16.5593 ], [ 74.3562, 16.56 ], [ 74.3603, 16.5556 ], [ 74.3566, 16.5524 ], [ 74.3583, 16.539 ], [ 74.3728, 16.5351 ], [ 74.3773, 16.5287 ], [ 74.381, 16.5292 ], [ 74.3873, 16.536 ], [ 74.3871, 16.56 ], [ 74.3935, 16.5653 ], [ 74.3905, 16.5679 ], [ 74.3956, 16.5731 ], [ 74.3967, 16.5829 ], [ 74.4221, 16.5847 ], [ 74.4263, 16.5961 ], [ 74.4352, 16.6009 ], [ 74.4663, 16.6053 ], [ 74.4658, 16.6242 ], [ 74.459, 16.6337 ], [ 74.4554, 16.6471 ], [ 74.4587, 16.649 ], [ 74.4561, 16.6558 ], [ 74.4701, 16.6647 ], [ 74.4729, 16.6647 ], [ 74.4752, 16.6475 ], [ 74.49, 16.6303 ], [ 74.5037, 16.6338 ], [ 74.5448, 16.6355 ], [ 74.5444, 16.5957 ], [ 74.5591, 16.5951 ], [ 74.5669, 16.5856 ], [ 74.5651, 16.5802 ], [ 74.5562, 16.5732 ], [ 74.5553, 16.5639 ], [ 74.5609, 16.563 ], [ 74.5676, 16.5555 ], [ 74.5726, 16.555 ], [ 74.5749, 16.5602 ], [ 74.5842, 16.558 ], [ 74.5876, 16.5663 ], [ 74.6001, 16.5647 ], [ 74.6172, 16.576 ], [ 74.6189, 16.5843 ], [ 74.6288, 16.5781 ], [ 74.6352, 16.5837 ], [ 74.6314, 16.5919 ], [ 74.6323, 16.6037 ], [ 74.6401, 16.6125 ], [ 74.6602, 16.6052 ], [ 74.6722, 16.6119 ], [ 74.6865, 16.6084 ], [ 74.6856, 16.6182 ], [ 74.6742, 16.6228 ], [ 74.6668, 16.6298 ], [ 74.6582, 16.6305 ], [ 74.6517, 16.6374 ], [ 74.6565, 16.6415 ], [ 74.6672, 16.6654 ] ] ], [ [ [ 75.0419, 16.4541 ], [ 75.0412, 16.439 ], [ 75.0374, 16.4393 ], [ 75.039, 16.453 ], [ 75.0419, 16.4541 ] ] ] ] } },
{ "type": "Feature", "properties": { "area_id": "KGIS-D-02", "name_en": "Bagalkot", "name_kn": "ಬಾಗಲಕೋಟೆ", "level": "district", "parent_id": null, "district_en": "Bagalkot", "lgd_code": null }, "geometry": { "type": "Polygon", "coordinates": [ [ [ 75.3665, 16.7598 ], [ 75.3927, 16.7622 ], [ 75.3926, 16.7599 ], [ 75.4068, 16.7616 ], [ 75.4128, 16.7665 ], [ 75.4272, 16.7679 ], [ 75.4466, 16.7554 ], [ 75.4663, 16.7547 ], [ 75.4767, 16.7478 ], [ 75.4925, 16.7459 ], [ 75.4881, 16.6945 ], [ 75.463, 16.6997 ], [ 75.4376, 16.6979 ], [ 75.4471, 16.6653 ], [ 75.4548, 16.6643 ], [ 75.4619, 16.6222 ], [ 75.4849, 16.6063 ], [ 75.4933, 16.5918 ], [ 75.4918, 16.5849 ], [ 75.4855, 16.5805 ], [ 75.4841, 16.5724 ], [ 75.4724, 16.5637 ], [ 75.4882, 16.5547 ], [ 75.4909, 16.5239 ], [ 75.4854, 16.5074 ], [ 75.4562, 16.5057 ], [ 75.4652, 16.4726 ], [ 75.4328, 16.4388 ], [ 75.434, 16.4287 ], [ 75.4458, 16.4168 ], [ 75.4553, 16.4134 ], [ 75.4622, 16.4179 ], [ 75.4809, 16.4161 ], [ 75.4877, 16.4183 ], [ 75.4945, 16.4231 ], [ 75.4988, 16.4319 ], [ 75.4964, 16.4469 ], [ 75.4994, 16.454 ], [ 75.5265, 16.465 ], [ 75.5389, 16.4662 ], [ 75.5479, 16.4615 ], [ 75.5521, 16.4554 ], [ 75.5548, 16.4281 ], [ 75.5663, 16.4127 ], [ 75.5755, 16.4131 ], [ 75.5852, 16.4342 ], [ 75.6014, 16.4475 ], [ 75.631, 16.445 ], [ 75.6713, 16.4236 ], [ 75.677, 16.4238 ], [ 75.6809, 16.4198 ], [ 75.6791, 16.4174 ], [ 75.6901, 16.4108 ], [ 75.7063, 16.4054 ], [ 75.719, 16.3897 ], [ 75.7633, 16.3836 ], [ 75.7958, 16.3717 ], [ 75.8132, 16.3704 ], [ 75.8277, 16.3614 ], [ 75.8374, 16.3499 ], [ 75.8699, 16.3459 ], [ 75.894, 16.3248 ], [ 75.9241, 16.3178 ], [ 75.9519, 16.2986 ], [ 75.9904, 16.2994 ], [ 76.0074, 16.3039 ], [ 76.0268, 16.2999 ], [ 76.0335, 16.2873 ], [ 76.0539, 16.2734 ], [ 76.0699, 16.2559 ], [ 76.0688, 16.2447 ], [ 76.0616, 16.236 ], [ 76.0598, 16.2265 ], [ 76.0625, 16.2158 ], [ 76.0712, 16.2092 ], [ 76.0951, 16.1998 ], [ 76.1067, 16.1895 ], [ 76.1258, 16.1879 ], [ 76.1368, 16.1809 ], [ 76.156, 16.1847 ], [ 76.1755, 16.1829 ], [ 76.2385, 16.1652 ], [ 76.2343, 16.1305 ], [ 76.2466, 16.1281 ], [ 76.2446, 16.1132 ], [ 76.2542, 16.1095 ], [ 76.2558, 16.0974 ], [ 76.262, 16.0972 ], [ 76.2678, 16.1097 ], [ 76.3042, 16.1016 ], [ 76.3325, 16.0913 ], [ 76.3275, 16.0775 ], [ 76.2992, 16.0842 ], [ 76.2938, 16.0888 ], [ 76.2588, 16.0912 ], [ 76.2604, 16.074 ], [ 76.3039, 16.0735 ], [ 76.3032, 16.0674 ], [ 76.3071, 16.0659 ], [ 76.3033, 16.0394 ], [ 76.3111, 16.0138 ], [ 76.3117, 16.0004 ], [ 76.2979, 15.9989 ], [ 76.2965, 15.9923 ], [ 76.2999, 15.9765 ], [ 76.3093, 15.957 ], [ 76.3225, 15.956 ], [ 76.3286, 15.9323 ], [ 76.3129, 15.9289 ], [ 76.3127, 15.9222 ], [ 76.3026, 15.9238 ], [ 76.3018, 15.9305 ], [ 76.2857, 15.9303 ], [ 76.2854, 15.9026 ], [ 76.2797, 15.903 ], [ 76.2759, 15.9037 ], [ 76.2774, 15.9094 ], [ 76.2741, 15.9105 ], [ 76.2717, 15.9047 ], [ 76.2618, 15.9067 ], [ 76.2611, 15.9148 ], [ 76.2569, 15.9153 ], [ 76.2569, 15.9229 ], [ 76.2301, 15.9233 ], [ 76.2265, 15.9409 ], [ 76.2005, 15.944 ], [ 76.2005, 15.9364 ], [ 76.1949, 15.9324 ], [ 76.172, 15.9317 ], [ 76.1719, 15.9248 ], [ 76.1599, 15.9211 ], [ 76.1539, 15.9149 ], [ 76.1453, 15.8951 ], [ 76.1253, 15.8941 ], [ 76.1172, 15.886 ], [ 76.1033, 15.8938 ], [ 76.1016, 15.9005 ], [ 76.0585, 15.906 ], [ 76.0638, 15.9158 ], [ 76.0627, 15.9215 ], [ 76.0712, 15.949 ], [ 76.0728, 15.9654 ], [ 76.0848, 15.9972 ], [ 76.0801, 16.01 ], [ 76.0564, 16.0115 ], [ 76.0565, 16.0056 ], [ 76.052, 16.006 ], [ 76.0516, 16.0034 ], [ 76.0232, 16.0088 ], [ 76.0166, 16.002 ], [ 76.0114, 16.0013 ], [ 75.9895, 16.0048 ], [ 75.9867, 15.9947 ], [ 75.9738, 15.9866 ], [ 75.9739, 15.9542 ], [ 75.9776, 15.9518 ], [ 75.9769, 15.9313 ], [ 75.9737, 15.9228 ], [ 75.9743, 15.8979 ], [ 75.979, 15.8829 ], [ 75.9789, 15.8709 ], [ 75.9747, 15.8618 ], [ 75.9655, 15.859 ], [ 75.9626, 15.8655 ], [ 75.9445, 15.8663 ], [ 75.942, 15.8742 ], [ 75.9284, 15.8752 ], [ 75.9272, 15.8974 ], [ 75.9225, 15.9033 ], [ 75.902, 15.9228 ], [ 75.9029, 15.9186 ], [ 75.8969, 15.9167 ], [ 75.888, 15.9192 ], [ 75.8791, 15.9313 ], [ 75.8549, 15.9356 ], [ 75.8405, 15.9309 ], [ 75.8364, 15.9247 ], [ 75.8277, 15.9271 ], [ 75.811, 15.925 ], [ 75.8122, 15.9226 ], [ 75.7892, 15.9242 ], [ 75.7771, 15.9191 ], [ 75.7764, 15.9136 ], [ 75.7805, 15.9058 ], [ 75.7759, 15.9026 ], [ 75.7804, 15.8971 ], [ 75.8111, 15.8942 ], [ 75.8116, 15.9001 ], [ 75.8276, 15.9003 ], [ 75.8301, 15.8875 ], [ 75.8354, 15.8828 ], [ 75.8278, 15.8662 ], [ 75.8378, 15.8652 ], [ 75.8399, 15.8716 ], [ 75.8482, 15.8714 ], [ 75.8496, 15.8609 ], [ 75.8451, 15.838 ], [ 75.8425, 15.8373 ], [ 75.8255, 15.8384 ], [ 75.8267, 15.8422 ], [ 75.8208, 15.8454 ], [ 75.8201, 15.8513 ], [ 75.8121, 15.8471 ], [ 75.8097, 15.8511 ], [ 75.7975, 15.8476 ], [ 75.7873, 15.8488 ], [ 75.7802, 15.8532 ], [ 75.7765, 15.8477 ], [ 75.7741, 15.828 ], [ 75.7772, 15.8275 ], [ 75.7797, 15.8173 ], [ 75.7408, 15.813 ], [ 75.7359, 15.814 ], [ 75.7361, 15.8166 ], [ 75.7215, 15.8183 ], [ 75.715, 15.8274 ], [ 75.7069, 15.8294 ], [ 75.6959, 15.8249 ], [ 75.6875, 15.831 ], [ 75.6811, 15.83 ], [ 75.6812, 15.8241 ], [ 75.6771, 15.8221 ], [ 75.6743, 15.8239 ], [ 75.6757, 15.8302 ], [ 75.672, 15.8367 ], [ 75.6636, 15.8372 ], [ 75.6552, 15.828 ], [ 75.6422, 15.8333 ], [ 75.6439, 15.8418 ], [ 75.6368, 15.8419 ], [ 75.6347, 15.8333 ], [ 75.6313, 15.8318 ], [ 75.6321, 15.8345 ], [ 75.6267, 15.8329 ], [ 75.6207, 15.836 ], [ 75.6186, 15.8214 ], [ 75.606, 15.8253 ], [ 75.6063, 15.8311 ], [ 75.5947, 15.8296 ], [ 75.5861, 15.8347 ], [ 75.5767, 15.8243 ], [ 75.5764, 15.8304 ], [ 75.5648, 15.8311 ], [ 75.57, 15.8361 ], [ 75.5638, 15.8373 ], [ 75.5519, 15.8247 ], [ 75.5506, 15.8271 ], [ 75.5557, 15.833 ], [ 75.5469, 15.8366 ], [ 75.5292, 15.8354 ], [ 75.5309, 15.8418 ], [ 75.5215, 15.842 ], [ 75.5211, 15.8465 ], [ 75.5129, 15.8504 ], [ 75.5207, 15.8532 ], [ 75.5191, 15.8584 ], [ 75.5082, 15.8607 ], [ 75.5067, 15.8566 ], [ 75.5022, 15.8581 ], [ 75.5049, 15.8625 ], [ 75.4962, 15.8727 ], [ 75.4879, 15.8765 ], [ 75.4832, 15.8734 ], [ 75.4804, 15.8767 ], [ 75.4787, 15.8746 ], [ 75.4815, 15.872 ], [ 75.479, 15.8711 ], [ 75.475, 15.8725 ], [ 75.476, 15.8757 ], [ 75.4663, 15.877 ], [ 75.466, 15.8811 ], [ 75.4609, 15.8795 ], [ 75.4593, 15.8838 ], [ 75.462, 15.8881 ], [ 75.4443, 15.8869 ], [ 75.4432, 15.8901 ], [ 75.4464, 15.8932 ], [ 75.437, 15.8936 ], [ 75.4407, 15.9183 ], [ 75.4248, 15.9219 ], [ 75.4398, 15.9661 ], [ 75.4308, 15.9707 ], [ 75.4389, 16.0041 ], [ 75.4268, 16.0077 ], [ 75.4231, 16.0326 ], [ 75.416, 16.0325 ], [ 75.416, 16.0532 ], [ 75.4185, 16.0565 ], [ 75.4274, 16.0579 ], [ 75.4305, 16.0805 ], [ 75.4277, 16.0937 ], [ 75.4296, 16.0969 ], [ 75.419, 16.1001 ], [ 75.4121, 16.1303 ], [ 75.407, 16.1255 ], [ 75.4045, 16.1137 ], [ 75.4002, 16.1134 ], [ 75.3555, 16.1151 ], [ 75.3538, 16.1281 ], [ 75.3464, 16.1232 ], [ 75.3416, 16.1245 ], [ 75.3277, 16.1155 ], [ 75.2757, 16.1204 ], [ 75.2926, 16.1725 ], [ 75.2847, 16.1768 ], [ 75.2887, 16.1917 ], [ 75.2857, 16.2021 ], [ 75.2807, 16.1999 ], [ 75.2703, 16.2075 ], [ 75.2493, 16.2043 ], [ 75.2324, 16.2096 ], [ 75.2298, 16.2315 ], [ 75.2393, 16.2511 ], [ 75.2323, 16.2502 ], [ 75.2341, 16.2596 ], [ 75.2246, 16.2624 ], [ 75.2176, 16.2686 ], [ 75.1296, 16.287 ], [ 75.1291, 16.2962 ], [ 75.1384, 16.326 ], [ 75.1311, 16.331 ], [ 75.116, 16.3262 ], [ 75.1094, 16.3285 ], [ 75.0956, 16.3249 ], [ 75.0775, 16.332 ], [ 75.063, 16.3261 ], [ 75.0578, 16.3315 ], [ 75.0437, 16.3196 ], [ 75.0339, 16.3398 ], [ 75.0344, 16.385 ], [ 75.039, 16.3975 ], [ 75.0484, 16.3959 ], [ 75.0502, 16.3999 ], [ 75.0717, 16.404 ], [ 75.0774, 16.4376 ], [ 75.0282, 16.433 ], [ 75.0232, 16.4353 ], [ 75.0231, 16.4399 ], [ 75.0175, 16.4394 ], [ 75.0157, 16.4586 ], [ 74.9885, 16.4533 ], [ 74.9913, 16.4611 ], [ 74.9863, 16.4628 ], [ 74.986, 16.4662 ], [ 74.989, 16.4782 ], [ 74.9883, 16.5004 ], [ 74.9949, 16.5167 ], [ 74.9978, 16.5175 ], [ 75.0008, 16.5302 ], [ 75.0064, 16.5338 ], [ 75.0073, 16.5382 ], [ 75.0673, 16.5391 ], [ 75.0716, 16.5667 ], [ 75.0863, 16.5542 ], [ 75.0889, 16.5394 ], [ 75.0993, 16.5273 ], [ 75.1027, 16.5141 ], [ 75.1093, 16.5069 ], [ 75.1202, 16.5066 ], [ 75.132, 16.5214 ], [ 75.1583, 16.5289 ], [ 75.1671, 16.545 ], [ 75.1663, 16.5543 ], [ 75.158, 16.5719 ], [ 75.1591, 16.5873 ], [ 75.1667, 16.596 ], [ 75.1801, 16.6039 ], [ 75.2172, 16.6149 ], [ 75.2325, 16.6142 ], [ 75.2516, 16.6048 ], [ 75.2598, 16.6073 ], [ 75.2566, 16.6096 ], [ 75.2585, 16.6125 ], [ 75.2555, 16.6186 ], [ 75.2618, 16.62 ], [ 75.2681, 16.6409 ], [ 75.2628, 16.6804 ], [ 75.265, 16.6928 ], [ 75.2892, 16.715 ], [ 75.3168, 16.7185 ], [ 75.3625, 16.7143 ], [ 75.3655, 16.7225 ], [ 75.3624, 16.7301 ], [ 75.3665, 16.7434 ], [ 75.3665, 16.7598 ] ], [ [ 75.0419, 16.4541 ], [ 75.0374, 16.4393 ], [ 75.0412, 16.439 ], [ 75.0419, 16.4541 ] ] ] } },
{ "type": "Feature", "properties": { "area_id": "KGIS-D-03", "name_en": "Vijayapura", "name_kn": "ಬಿಜಾಪುರ", "level": "district", "parent_id": null, "district_en": "Vijayapura", "lgd_code": null }, "geometry": { "type": "Polygon", "coordinates": [ [ [ 75.3811, 16.7986 ], [ 75.3788, 16.7984 ], [ 75.3789, 16.8232 ], [ 75.395, 16.863 ], [ 75.3692, 16.8667 ], [ 75.3581, 16.8713 ], [ 75.3358, 16.8689 ], [ 75.3345, 16.9121 ], [ 75.342, 16.946 ], [ 75.3416, 16.9565 ], [ 75.3549, 16.9602 ], [ 75.3686, 16.9722 ], [ 75.3922, 16.9804 ], [ 75.428, 16.9667 ], [ 75.4422, 16.9826 ], [ 75.4656, 16.9885 ], [ 75.4686, 16.9798 ], [ 75.483, 16.977 ], [ 75.4883, 16.9621 ], [ 75.489, 16.9446 ], [ 75.5094, 16.9507 ], [ 75.5286, 16.9695 ], [ 75.5386, 16.9658 ], [ 75.5673, 16.9661 ], [ 75.5671, 17.009 ], [ 75.5738, 17.0094 ], [ 75.6069, 17.005 ], [ 75.6078, 16.9714 ], [ 75.6366, 16.9687 ], [ 75.6383, 16.9579 ], [ 75.6429, 16.9544 ], [ 75.6467, 16.9539 ], [ 75.6487, 16.9593 ], [ 75.6562, 16.9616 ], [ 75.6704, 16.962 ], [ 75.6766, 16.969 ], [ 75.6657, 16.9797 ], [ 75.6698, 17.038 ], [ 75.6518, 17.0331 ], [ 75.6403, 17.0376 ], [ 75.6501, 17.0574 ], [ 75.659, 17.0638 ], [ 75.6764, 17.0653 ], [ 75.6795, 17.0741 ], [ 75.6746, 17.0901 ], [ 75.6724, 17.1157 ], [ 75.6504, 17.1155 ], [ 75.6502, 17.1347 ], [ 75.6475, 17.1347 ], [ 75.6454, 17.1435 ], [ 75.6284, 17.1621 ], [ 75.6254, 17.1739 ], [ 75.6284, 17.1887 ], [ 75.6403, 17.1892 ], [ 75.6449, 17.1994 ], [ 75.6561, 17.206 ], [ 75.6622, 17.2145 ], [ 75.6575, 17.2637 ], [ 75.6544, 17.2735 ], [ 75.6274, 17.2738 ], [ 75.6294, 17.2808 ], [ 75.622, 17.2951 ], [ 75.6033, 17.3047 ], [ 75.6124, 17.327 ], [ 75.6102, 17.3446 ], [ 75.5816, 17.3509 ], [ 75.5754, 17.384 ], [ 75.5891, 17.3859 ], [ 75.605, 17.3941 ], [ 75.6135, 17.3915 ], [ 75.6122, 17.4066 ], [ 75.6066, 17.4201 ], [ 75.6137, 17.4243 ], [ 75.6214, 17.4587 ], [ 75.6273, 17.4623 ], [ 75.6341, 17.4795 ], [ 75.6508, 17.4715 ], [ 75.6615, 17.4599 ], [ 75.6766, 17.4583 ], [ 75.6796, 17.4511 ], [ 75.6791, 17.4351 ], [ 75.6882, 17.4137 ], [ 75.7011, 17.4096 ], [ 75.7162, 17.4108 ], [ 75.7269, 17.4223 ], [ 75.733, 17.4225 ], [ 75.7508, 17.4099 ], [ 75.7657, 17.408 ], [ 75.7726, 17.3874 ], [ 75.7837, 17.376 ], [ 75.7935, 17.3719 ], [ 75.805, 17.3699 ], [ 75.8134, 17.3759 ], [ 75.8127, 17.3966 ], [ 75.8176, 17.4076 ], [ 75.8161, 17.4146 ], [ 75.8224, 17.423 ], [ 75.8356, 17.4219 ], [ 75.851, 17.4133 ], [ 75.8558, 17.4061 ], [ 75.8574, 17.389 ], [ 75.8607, 17.3862 ], [ 75.8743, 17.3993 ], [ 75.875, 17.4167 ], [ 75.8801, 17.4196 ], [ 75.8864, 17.4182 ], [ 75.8946, 17.4058 ], [ 75.8975, 17.3852 ], [ 75.8982, 17.3771 ], [ 75.8917, 17.3593 ], [ 75.8942, 17.3541 ], [ 75.9107, 17.3454 ], [ 75.922, 17.3307 ], [ 75.9323, 17.3243 ], [ 75.9662, 17.3369 ], [ 75.9969, 17.3401 ], [ 75.9992, 17.3381 ], [ 76.0108, 17.3548 ], [ 76.0338, 17.3516 ], [ 76.0338, 17.3507 ], [ 76.034, 17.3542 ], [ 76.0602, 17.3575 ], [ 76.0743, 17.3359 ], [ 76.0642, 17.3153 ], [ 76.0665, 17.3091 ], [ 76.0937, 17.2975 ], [ 76.099, 17.2897 ], [ 76.0866, 17.2668 ], [ 76.0879, 17.2569 ], [ 76.1223, 17.2484 ], [ 76.1639, 17.2124 ], [ 76.1778, 17.1922 ], [ 76.1866, 17.1869 ], [ 76.1987, 17.1834 ], [ 76.2207, 17.1859 ], [ 76.221, 17.1764 ], [ 76.2335, 17.1671 ], [ 76.2421, 17.1508 ], [ 76.2595, 17.1498 ], [ 76.2791, 17.1665 ], [ 76.2841, 17.1673 ], [ 76.2855, 17.1647 ], [ 76.3098, 17.1705 ], [ 76.3269, 17.169 ], [ 76.3507, 17.1849 ], [ 76.3601, 17.1855 ], [ 76.3651, 17.1792 ], [ 76.3681, 17.1637 ], [ 76.3601, 17.1477 ], [ 76.3599, 17.1409 ], [ 76.3676, 17.1384 ], [ 76.3885, 17.1463 ], [ 76.3948, 17.1406 ], [ 76.3905, 17.1312 ], [ 76.3683, 17.1237 ], [ 76.3626, 17.1139 ], [ 76.3666, 17.1076 ], [ 76.3793, 17.1042 ], [ 76.3786, 17.1018 ], [ 76.3877, 17.0944 ], [ 76.386, 17.0785 ], [ 76.389, 17.0724 ], [ 76.3982, 17.0713 ], [ 76.4081, 17.0862 ], [ 76.4277, 17.1001 ], [ 76.4297, 17.0989 ], [ 76.4318, 17.0583 ], [ 76.4309, 17.0531 ], [ 76.4272, 17.0534 ], [ 76.4312, 17.0296 ], [ 76.4378, 17.0269 ], [ 76.4333, 17.0245 ], [ 76.4411, 16.9991 ], [ 76.4368, 16.9818 ], [ 76.4006, 16.9773 ], [ 76.4024, 16.9433 ], [ 76.3993, 16.9353 ], [ 76.4181, 16.9279 ], [ 76.428, 16.9272 ], [ 76.434, 16.9435 ], [ 76.4475, 16.9406 ], [ 76.4518, 16.9275 ], [ 76.4587, 16.9277 ], [ 76.4642, 16.9167 ], [ 76.4658, 16.9023 ], [ 76.4338, 16.8978 ], [ 76.4334, 16.8822 ], [ 76.4368, 16.8819 ], [ 76.438, 16.8683 ], [ 76.4588, 16.8673 ], [ 76.4623, 16.8493 ], [ 76.4708, 16.8469 ], [ 76.4709, 16.8391 ], [ 76.4638, 16.839 ], [ 76.4597, 16.8329 ], [ 76.4296, 16.8371 ], [ 76.4291, 16.8509 ], [ 76.4044, 16.8538 ], [ 76.4046, 16.8586 ], [ 76.3865, 16.8563 ], [ 76.3742, 16.8584 ], [ 76.3588, 16.8425 ], [ 76.3512, 16.8193 ], [ 76.4139, 16.8135 ], [ 76.4103, 16.7987 ], [ 76.4011, 16.8009 ], [ 76.3962, 16.8057 ], [ 76.3778, 16.8011 ], [ 76.3706, 16.7675 ], [ 76.4114, 16.7681 ], [ 76.4113, 16.7645 ], [ 76.4185, 16.7646 ], [ 76.4184, 16.7689 ], [ 76.4355, 16.7646 ], [ 76.4427, 16.7571 ], [ 76.4386, 16.7524 ], [ 76.4402, 16.7425 ], [ 76.4287, 16.7382 ], [ 76.429, 16.734 ], [ 76.4228, 16.7307 ], [ 76.4227, 16.7176 ], [ 76.4426, 16.7138 ], [ 76.4466, 16.7234 ], [ 76.4595, 16.7233 ], [ 76.4618, 16.709 ], [ 76.4527, 16.7145 ], [ 76.4408, 16.7094 ], [ 76.4376, 16.703 ], [ 76.4315, 16.701 ], [ 76.4304, 16.6964 ], [ 76.4255, 16.6959 ], [ 76.4267, 16.687 ], [ 76.4203, 16.6723 ], [ 76.4062, 16.6554 ], [ 76.4028, 16.64 ], [ 76.4043, 16.6274 ], [ 76.4161, 16.6026 ], [ 76.4133, 16.5898 ], [ 76.4162, 16.59 ], [ 76.4232, 16.5735 ], [ 76.4227, 16.5508 ], [ 76.4341, 16.5187 ], [ 76.4298, 16.4984 ], [ 76.435, 16.4358 ], [ 76.4041, 16.4327 ], [ 76.3901, 16.4378 ], [ 76.3848, 16.4257 ], [ 76.3583, 16.4224 ], [ 76.3503, 16.427 ], [ 76.332, 16.4272 ], [ 76.3334, 16.4167 ], [ 76.3305, 16.4097 ], [ 76.3366, 16.4068 ], [ 76.3361, 16.4022 ], [ 76.332, 16.3969 ], [ 76.3202, 16.3977 ], [ 76.317, 16.3945 ], [ 76.3096, 16.3972 ], [ 76.3047, 16.3806 ], [ 76.3137, 16.3553 ], [ 76.3142, 16.3459 ], [ 76.306, 16.346 ], [ 76.3037, 16.341 ], [ 76.2919, 16.335 ], [ 76.2952, 16.3204 ], [ 76.3028, 16.3189 ], [ 76.2986, 16.2991 ], [ 76.2997, 16.2833 ], [ 76.3184, 16.287 ], [ 76.3206, 16.2825 ], [ 76.3479, 16.2776 ], [ 76.3485, 16.2595 ], [ 76.3453, 16.2496 ], [ 76.3526, 16.2346 ], [ 76.3447, 16.2106 ], [ 76.3301, 16.1935 ], [ 76.2971, 16.1854 ], [ 76.2901, 16.1685 ], [ 76.2788, 16.1525 ], [ 76.2698, 16.1521 ], [ 76.2434, 16.1642 ], [ 76.1755, 16.1829 ], [ 76.156, 16.1847 ], [ 76.1368, 16.1809 ], [ 76.1258, 16.1879 ], [ 76.1067, 16.1895 ], [ 76.0951, 16.1998 ], [ 76.0712, 16.2092 ], [ 76.0625, 16.2158 ], [ 76.0611, 16.2344 ], [ 76.0688, 16.2447 ], [ 76.0699, 16.2559 ], [ 76.0539, 16.2734 ], [ 76.0335, 16.2873 ], [ 76.0268, 16.2999 ], [ 76.0074, 16.3039 ], [ 75.9904, 16.2994 ], [ 75.9519, 16.2986 ], [ 75.9241, 16.3178 ], [ 75.894, 16.3248 ], [ 75.8699, 16.3459 ], [ 75.8374, 16.3499 ], [ 75.8277, 16.3614 ], [ 75.8132, 16.3704 ], [ 75.7958, 16.3717 ], [ 75.7633, 16.3836 ], [ 75.719, 16.3897 ], [ 75.7063, 16.4054 ], [ 75.6901, 16.4108 ], [ 75.6791, 16.4174 ], [ 75.6809, 16.4198 ], [ 75.677, 16.4238 ], [ 75.6713, 16.4236 ], [ 75.6357, 16.4437 ], [ 75.6014, 16.4475 ], [ 75.5852, 16.4342 ], [ 75.5755, 16.4131 ], [ 75.5663, 16.4127 ], [ 75.5553, 16.4265 ], [ 75.554, 16.4494 ], [ 75.5505, 16.458 ], [ 75.5423, 16.4651 ], [ 75.5305, 16.4661 ], [ 75.4994, 16.454 ], [ 75.4964, 16.4469 ], [ 75.4988, 16.4319 ], [ 75.4913, 16.4205 ], [ 75.4809, 16.4161 ], [ 75.4664, 16.4181 ], [ 75.458, 16.4136 ], [ 75.448, 16.4151 ], [ 75.434, 16.4287 ], [ 75.4328, 16.4388 ], [ 75.4652, 16.4726 ], [ 75.4562, 16.5057 ], [ 75.4854, 16.5074 ], [ 75.4909, 16.5239 ], [ 75.4882, 16.5547 ], [ 75.4724, 16.5637 ], [ 75.4841, 16.5724 ], [ 75.4855, 16.5805 ], [ 75.4918, 16.5849 ], [ 75.4933, 16.5918 ], [ 75.4849, 16.6063 ], [ 75.4619, 16.6222 ], [ 75.4548, 16.6643 ], [ 75.4471, 16.6653 ], [ 75.4376, 16.6979 ], [ 75.463, 16.6997 ], [ 75.4881, 16.6945 ], [ 75.4925, 16.7459 ], [ 75.4767, 16.7478 ], [ 75.4663, 16.7547 ], [ 75.4466, 16.7554 ], [ 75.4272, 16.7679 ], [ 75.4189, 16.7684 ], [ 75.4068, 16.7616 ], [ 75.3943, 16.76 ], [ 75.3855, 16.7627 ], [ 75.3811, 16.7986 ] ], [ [ 76.0338, 17.3506 ], [ 76.0346, 17.3507 ], [ 76.0338, 17.3507 ], [ 76.0338, 17.3506 ] ], [ [ 76.0345, 17.3497 ], [ 76.0344, 17.3488 ], [ 76.0344, 17.3478 ], [ 76.0346, 17.3502 ], [ 76.0345, 17.3497 ] ] ] } },
{ "type": "Feature", "properties": { "area_id": "KGIS-D-04", "name_en": "Kalburgi", "name_kn": "", "level": "district", "parent_id": null, "district_en": "Kalburgi", "lgd_code": null }, "geometry": { "type": "MultiPolygon", "coordinates": [ [ [ [ 76.7301, 16.7714 ], [ 76.7402, 16.7699 ], [ 76.7388, 16.7517 ], [ 76.7238, 16.7526 ], [ 76.7301, 16.7714 ] ] ], [ [ [ 76.6167, 17.7703 ], [ 76.6318, 17.7557 ], [ 76.628, 17.7509 ], [ 76.6335, 17.7285 ], [ 76.6534, 17.7223 ], [ 76.6652, 17.6878 ], [ 76.6731, 17.6911 ], [ 76.6843, 17.6858 ], [ 76.6882, 17.6802 ], [ 76.6915, 17.6816 ], [ 76.6952, 17.677 ], [ 76.6953, 17.6624 ], [ 76.7109, 17.6609 ], [ 76.7119, 17.6558 ], [ 76.7, 17.6476 ], [ 76.6989, 17.642 ], [ 76.7145, 17.639 ], [ 76.7207, 17.654 ], [ 76.7322, 17.6588 ], [ 76.7327, 17.6653 ], [ 76.7719, 17.6661 ], [ 76.7715, 17.6461 ], [ 76.7769, 17.6363 ], [ 76.7852, 17.6369 ], [ 76.789, 17.6428 ], [ 76.7875, 17.6475 ], [ 76.792, 17.6528 ], [ 76.8069, 17.6485 ], [ 76.8223, 17.6515 ], [ 76.8353, 17.6494 ], [ 76.8418, 17.6538 ], [ 76.8554, 17.6436 ], [ 76.867, 17.6471 ], [ 76.8831, 17.6428 ], [ 76.8989, 17.6449 ], [ 76.9076, 17.6349 ], [ 76.9142, 17.639 ], [ 76.9293, 17.6372 ], [ 76.9247, 17.6247 ], [ 76.9195, 17.6218 ], [ 76.9219, 17.6099 ], [ 76.9294, 17.606 ], [ 76.9413, 17.6067 ], [ 76.952, 17.6242 ], [ 76.9573, 17.6206 ], [ 76.9572, 17.6344 ], [ 76.9606, 17.6386 ], [ 76.9837, 17.653 ], [ 76.9831, 17.6629 ], [ 76.9775, 17.6656 ], [ 76.9762, 17.6806 ], [ 76.9802, 17.6874 ], [ 76.9808, 17.6981 ], [ 77.0006, 17.6955 ], [ 77.0181, 17.6794 ], [ 77.0333, 17.6823 ], [ 77.0349, 17.6718 ], [ 77.0393, 17.6717 ], [ 77.041, 17.6676 ], [ 77.058, 17.6734 ], [ 77.0734, 17.6618 ], [ 77.0808, 17.6622 ], [ 77.0852, 17.6589 ], [ 77.0894, 17.6687 ], [ 77.1043, 17.6686 ], [ 77.1063, 17.6733 ], [ 77.1146, 17.6779 ], [ 77.1177, 17.686 ], [ 77.1234, 17.6868 ], [ 77.1269, 17.6863 ], [ 77.1282, 17.6818 ], [ 77.1327, 17.6822 ], [ 77.1319, 17.6611 ], [ 77.1449, 17.6556 ], [ 77.1433, 17.6471 ], [ 77.1505, 17.6414 ], [ 77.1509, 17.6313 ], [ 77.1713, 17.6271 ], [ 77.1702, 17.6218 ], [ 77.173, 17.6242 ], [ 77.1893, 17.6156 ], [ 77.1941, 17.6153 ], [ 77.1956, 17.6287 ], [ 77.1986, 17.6319 ], [ 77.2064, 17.6264 ], [ 77.231, 17.632 ], [ 77.2584, 17.6231 ], [ 77.2749, 17.6272 ], [ 77.2795, 17.6177 ], [ 77.284, 17.619 ], [ 77.2912, 17.611 ], [ 77.296, 17.6141 ], [ 77.2944, 17.6085 ], [ 77.2989, 17.6064 ], [ 77.3003, 17.598 ], [ 77.3132, 17.5942 ], [ 77.3432, 17.588 ], [ 77.3497, 17.5992 ], [ 77.3577, 17.601 ], [ 77.3771, 17.5943 ], [ 77.3786, 17.5835 ], [ 77.4083, 17.583 ], [ 77.4283, 17.5873 ], [ 77.4599, 17.5806 ], [ 77.4729, 17.5728 ], [ 77.4766, 17.5733 ], [ 77.4778, 17.5693 ], [ 77.4906, 17.5694 ], [ 77.5002, 17.5432 ], [ 77.5127, 17.5445 ], [ 77.5237, 17.5626 ], [ 77.5259, 17.5734 ], [ 77.5363, 17.5771 ], [ 77.5477, 17.5616 ], [ 77.5492, 17.5506 ], [ 77.5559, 17.5554 ], [ 77.5621, 17.5525 ], [ 77.5684, 17.5572 ], [ 77.5883, 17.5599 ], [ 77.5885, 17.5652 ], [ 77.592, 17.5651 ], [ 77.5968, 17.5542 ], [ 77.5949, 17.5377 ], [ 77.5971, 17.5349 ], [ 77.6033, 17.536 ], [ 77.6095, 17.5326 ], [ 77.6126, 17.5348 ], [ 77.6195, 17.5292 ], [ 77.635, 17.5331 ], [ 77.6393, 17.524 ], [ 77.663, 17.5231 ], [ 77.6678, 17.5138 ], [ 77.6783, 17.5063 ], [ 77.6745, 17.5101 ], [ 77.6831, 17.5072 ], [ 77.6879, 17.5126 ], [ 77.6923, 17.4973 ], [ 77.6879, 17.4908 ], [ 77.689, 17.4844 ], [ 77.6843, 17.4741 ], [ 77.6536, 17.4827 ], [ 77.6554, 17.5052 ], [ 77.6485, 17.4965 ], [ 77.6442, 17.4778 ], [ 77.6387, 17.4735 ], [ 77.6135, 17.4721 ], [ 77.6116, 17.4666 ], [ 77.6146, 17.4597 ], [ 77.6144, 17.4463 ], [ 77.6029, 17.4445 ], [ 77.5788, 17.4558 ], [ 77.5791, 17.4582 ], [ 77.5749, 17.4443 ], [ 77.5765, 17.4305 ], [ 77.56, 17.4319 ], [ 77.5384, 17.4413 ], [ 77.5369, 17.4456 ], [ 77.5323, 17.445 ], [ 77.5175, 17.4323 ], [ 77.5143, 17.4357 ], [ 77.5156, 17.4191 ], [ 77.5105, 17.414 ], [ 77.5132, 17.4155 ], [ 77.5403, 17.4076 ], [ 77.5235, 17.388 ], [ 77.5273, 17.381 ], [ 77.5325, 17.381 ], [ 77.5297, 17.371 ], [ 77.5242, 17.3641 ], [ 77.5055, 17.3585 ], [ 77.5033, 17.3552 ], [ 77.4886, 17.3587 ], [ 77.4835, 17.3549 ], [ 77.4747, 17.3616 ], [ 77.4793, 17.3705 ], [ 77.4529, 17.3738 ], [ 77.4514, 17.3527 ], [ 77.4568, 17.3492 ], [ 77.4567, 17.3233 ], [ 77.4515, 17.3233 ], [ 77.4481, 17.3067 ], [ 77.4403, 17.3005 ], [ 77.4373, 17.2924 ], [ 77.4549, 17.2881 ], [ 77.459, 17.2795 ], [ 77.4544, 17.2764 ], [ 77.4525, 17.2701 ], [ 77.4447, 17.2707 ], [ 77.4366, 17.26 ], [ 77.4261, 17.2559 ], [ 77.4207, 17.2367 ], [ 77.4078, 17.2397 ], [ 77.3802, 17.2211 ], [ 77.3894, 17.2151 ], [ 77.4021, 17.214 ], [ 77.402, 17.2102 ], [ 77.3967, 17.2074 ], [ 77.3939, 17.1941 ], [ 77.3823, 17.1971 ], [ 77.3716, 17.1958 ], [ 77.3736, 17.1937 ], [ 77.3691, 17.1869 ], [ 77.3696, 17.1764 ], [ 77.3616, 17.164 ], [ 77.3643, 17.1588 ], [ 77.3674, 17.1592 ], [ 77.3661, 17.1549 ], [ 77.38, 17.1521 ], [ 77.3782, 17.1401 ], [ 77.4047, 17.1355 ], [ 77.4074, 17.126 ], [ 77.4312, 17.1188 ], [ 77.4436, 17.1235 ], [ 77.4596, 17.1146 ], [ 77.4647, 17.1066 ], [ 77.4614, 17.0914 ], [ 77.4754, 17.0803 ], [ 77.4826, 17.08 ], [ 77.4791, 17.075 ], [ 77.4837, 17.0589 ], [ 77.4909, 17.0501 ], [ 77.4897, 17.0471 ], [ 77.4976, 17.0439 ], [ 77.4958, 17.0294 ], [ 77.5031, 17.014 ], [ 77.5023, 17.0098 ], [ 77.4809, 16.9979 ], [ 77.482, 16.9728 ], [ 77.473, 16.9578 ], [ 77.465, 16.9571 ], [ 77.465, 16.9442 ], [ 77.4681, 16.9398 ], [ 77.4648, 16.9294 ], [ 77.4692, 16.928 ], [ 77.4696, 16.9216 ], [ 77.4665, 16.9153 ], [ 77.4591, 16.9175 ], [ 77.4538, 16.9143 ], [ 77.4579, 16.9089 ], [ 77.456, 16.9001 ], [ 77.459, 16.8949 ], [ 77.4558, 16.8855 ], [ 77.4246, 16.8851 ], [ 77.4097, 16.8735 ], [ 77.4092, 16.8786 ], [ 77.4014, 16.8822 ], [ 77.4044, 16.8951 ], [ 77.3998, 16.8962 ], [ 77.3996, 16.8989 ], [ 77.4046, 16.8969 ], [ 77.406, 16.9018 ], [ 77.396, 16.9037 ], [ 77.3885, 16.8912 ], [ 77.3873, 16.8979 ], [ 77.3845, 16.8983 ], [ 77.383, 16.8945 ], [ 77.3762, 16.8951 ], [ 77.3761, 16.8981 ], [ 77.3703, 16.8979 ], [ 77.3662, 16.9042 ], [ 77.3504, 16.9077 ], [ 77.3411, 16.9346 ], [ 77.3361, 16.9305 ], [ 77.3203, 16.9363 ], [ 77.3112, 16.9277 ], [ 77.2939, 16.933 ], [ 77.2895, 16.9374 ], [ 77.2733, 16.9282 ], [ 77.2621, 16.928 ], [ 77.2502, 16.9337 ], [ 77.2462, 16.9324 ], [ 77.2422, 16.9421 ], [ 77.2316, 16.9381 ], [ 77.2314, 16.943 ], [ 77.2268, 16.9405 ], [ 77.2113, 16.9445 ], [ 77.2078, 16.9376 ], [ 77.2009, 16.9359 ], [ 77.1958, 16.9302 ], [ 77.1919, 16.9289 ], [ 77.1847, 16.9354 ], [ 77.1496, 16.9263 ], [ 77.1262, 16.9176 ], [ 77.1117, 16.9048 ], [ 77.0998, 16.903 ], [ 77.0931, 16.9055 ], [ 77.0872, 16.9318 ], [ 77.0823, 16.9407 ], [ 77.073, 16.9372 ], [ 77.0723, 16.9319 ], [ 77.0686, 16.9323 ], [ 77.0706, 16.9533 ], [ 77.0664, 16.9541 ], [ 77.0457, 16.9323 ], [ 77.0412, 16.923 ], [ 77.0199, 16.9275 ], [ 77.0176, 16.899 ], [ 77.0333, 16.8931 ], [ 77.0333, 16.8847 ], [ 77.0416, 16.8827 ], [ 77.0419, 16.8684 ], [ 77.0207, 16.8685 ], [ 77.0075, 16.8578 ], [ 76.9796, 16.8596 ], [ 76.9833, 16.8398 ], [ 76.9953, 16.8375 ], [ 76.9896, 16.8116 ], [ 76.9803, 16.8092 ], [ 76.9491, 16.8293 ], [ 76.9286, 16.8319 ], [ 76.9242, 16.8297 ], [ 76.9193, 16.8182 ], [ 76.9095, 16.818 ], [ 76.9035, 16.8332 ], [ 76.9021, 16.8533 ], [ 76.9044, 16.8576 ], [ 76.9157, 16.8617 ], [ 76.9213, 16.87 ], [ 76.902, 16.8786 ], [ 76.9024, 16.8934 ], [ 76.8705, 16.8965 ], [ 76.8707, 16.8931 ], [ 76.8567, 16.8921 ], [ 76.8543, 16.8779 ], [ 76.8435, 16.8672 ], [ 76.835, 16.8675 ], [ 76.8281, 16.8703 ], [ 76.8288, 16.873 ], [ 76.8169, 16.874 ], [ 76.8113, 16.8557 ], [ 76.8021, 16.8492 ], [ 76.7913, 16.8501 ], [ 76.7891, 16.8375 ], [ 76.759, 16.8453 ], [ 76.7535, 16.8381 ], [ 76.7583, 16.8314 ], [ 76.754, 16.822 ], [ 76.7567, 16.8158 ], [ 76.7449, 16.8162 ], [ 76.7454, 16.7781 ], [ 76.7365, 16.7763 ], [ 76.7273, 16.7813 ], [ 76.7273, 16.7822 ], [ 76.7261, 16.7827 ], [ 76.7247, 16.7853 ], [ 76.7242, 16.7854 ], [ 76.719, 16.7779 ], [ 76.709, 16.7805 ], [ 76.7092, 16.7926 ], [ 76.7022, 16.7883 ], [ 76.699, 16.7902 ], [ 76.6975, 16.7858 ], [ 76.6795, 16.7848 ], [ 76.6758, 16.7655 ], [ 76.661, 16.7672 ], [ 76.6532, 16.7558 ], [ 76.6546, 16.7378 ], [ 76.6593, 16.7256 ], [ 76.6353, 16.7349 ], [ 76.6352, 16.7451 ], [ 76.6227, 16.7422 ], [ 76.6238, 16.7652 ], [ 76.5998, 16.7671 ], [ 76.5813, 16.7657 ], [ 76.5812, 16.7586 ], [ 76.5713, 16.7561 ], [ 76.5703, 16.7525 ], [ 76.5537, 16.753 ], [ 76.5474, 16.7474 ], [ 76.5156, 16.7506 ], [ 76.5024, 16.7385 ], [ 76.5031, 16.7231 ], [ 76.4809, 16.7119 ], [ 76.461, 16.711 ], [ 76.4595, 16.7233 ], [ 76.4466, 16.7234 ], [ 76.4426, 16.7138 ], [ 76.4227, 16.7176 ], [ 76.4228, 16.7307 ], [ 76.429, 16.734 ], [ 76.4287, 16.7382 ], [ 76.4402, 16.7425 ], [ 76.4386, 16.7524 ], [ 76.4427, 16.7571 ], [ 76.4355, 16.7646 ], [ 76.4184, 16.7689 ], [ 76.4185, 16.7646 ], [ 76.4113, 16.7645 ], [ 76.4114, 16.7681 ], [ 76.3706, 16.7675 ], [ 76.3778, 16.8011 ], [ 76.3962, 16.8057 ], [ 76.4011, 16.8009 ], [ 76.4103, 16.7987 ], [ 76.4139, 16.8135 ], [ 76.3512, 16.8193 ], [ 76.3588, 16.8425 ], [ 76.3742, 16.8584 ], [ 76.3865, 16.8563 ], [ 76.4046, 16.8586 ], [ 76.4044, 16.8538 ], [ 76.4291, 16.8509 ], [ 76.4296, 16.8371 ], [ 76.4597, 16.8329 ], [ 76.4638, 16.839 ], [ 76.4709, 16.8391 ], [ 76.4708, 16.8469 ], [ 76.4623, 16.8493 ], [ 76.4588, 16.8673 ], [ 76.438, 16.8683 ], [ 76.4368, 16.8819 ], [ 76.4334, 16.8822 ], [ 76.4338, 16.8978 ], [ 76.4658, 16.9023 ], [ 76.4642, 16.9167 ], [ 76.4587, 16.9277 ], [ 76.4518, 16.9275 ], [ 76.4475, 16.9406 ], [ 76.434, 16.9435 ], [ 76.428, 16.9272 ], [ 76.4181, 16.9279 ], [ 76.3993, 16.9353 ], [ 76.4024, 16.9433 ], [ 76.4006, 16.9773 ], [ 76.4368, 16.9818 ], [ 76.4411, 16.9991 ], [ 76.4333, 17.0245 ], [ 76.4378, 17.0269 ], [ 76.4312, 17.0296 ], [ 76.4272, 17.0534 ], [ 76.4309, 17.0531 ], [ 76.4318, 17.0583 ], [ 76.4297, 17.0989 ], [ 76.4277, 17.1001 ], [ 76.4081, 17.0862 ], [ 76.3982, 17.0713 ], [ 76.389, 17.0724 ], [ 76.386, 17.0785 ], [ 76.3877, 17.0944 ], [ 76.3786, 17.1018 ], [ 76.3793, 17.1042 ], [ 76.3666, 17.1076 ], [ 76.3626, 17.1139 ], [ 76.3683, 17.1237 ], [ 76.3905, 17.1312 ], [ 76.3948, 17.1406 ], [ 76.3885, 17.1463 ], [ 76.3676, 17.1384 ], [ 76.3599, 17.1409 ], [ 76.3601, 17.1477 ], [ 76.3681, 17.1637 ], [ 76.3651, 17.1792 ], [ 76.3566, 17.1867 ], [ 76.3269, 17.169 ], [ 76.3098, 17.1705 ], [ 76.2855, 17.1647 ], [ 76.2841, 17.1673 ], [ 76.2791, 17.1665 ], [ 76.2595, 17.1498 ], [ 76.2421, 17.1508 ], [ 76.2335, 17.1671 ], [ 76.221, 17.1764 ], [ 76.2207, 17.1859 ], [ 76.1987, 17.1834 ], [ 76.1866, 17.1869 ], [ 76.1778, 17.1922 ], [ 76.1639, 17.2124 ], [ 76.1223, 17.2484 ], [ 76.0879, 17.2569 ], [ 76.0866, 17.2668 ], [ 76.0978, 17.2834 ], [ 76.0983, 17.2919 ], [ 76.0937, 17.2975 ], [ 76.068, 17.3068 ], [ 76.0642, 17.3153 ], [ 76.0739, 17.3362 ], [ 76.079, 17.3313 ], [ 76.0882, 17.3369 ], [ 76.0914, 17.3496 ], [ 76.0891, 17.3528 ], [ 76.0995, 17.3645 ], [ 76.1197, 17.3711 ], [ 76.1466, 17.348 ], [ 76.1488, 17.3498 ], [ 76.1625, 17.3448 ], [ 76.1649, 17.3031 ], [ 76.1758, 17.3007 ], [ 76.1827, 17.3186 ], [ 76.1791, 17.3184 ], [ 76.1757, 17.3264 ], [ 76.1702, 17.3524 ], [ 76.1955, 17.3631 ], [ 76.2124, 17.3619 ], [ 76.2288, 17.3654 ], [ 76.2277, 17.376 ], [ 76.242, 17.3792 ], [ 76.2447, 17.379 ], [ 76.2446, 17.3716 ], [ 76.2505, 17.3693 ], [ 76.2508, 17.3608 ], [ 76.2669, 17.3635 ], [ 76.2718, 17.3606 ], [ 76.2763, 17.3344 ], [ 76.3173, 17.3321 ], [ 76.319, 17.3363 ], [ 76.3111, 17.3475 ], [ 76.3458, 17.3544 ], [ 76.3541, 17.3253 ], [ 76.3539, 17.3144 ], [ 76.3838, 17.3143 ], [ 76.3851, 17.3239 ], [ 76.3967, 17.3476 ], [ 76.4137, 17.3506 ], [ 76.4091, 17.3707 ], [ 76.3631, 17.3774 ], [ 76.3705, 17.4083 ], [ 76.3714, 17.436 ], [ 76.3328, 17.4347 ], [ 76.3332, 17.4556 ], [ 76.3309, 17.4555 ], [ 76.3295, 17.4706 ], [ 76.3499, 17.4742 ], [ 76.3686, 17.4833 ], [ 76.3754, 17.4904 ], [ 76.375, 17.4949 ], [ 76.3718, 17.4957 ], [ 76.3461, 17.4922 ], [ 76.343, 17.5018 ], [ 76.3457, 17.5137 ], [ 76.3652, 17.5173 ], [ 76.367, 17.5202 ], [ 76.363, 17.5378 ], [ 76.3402, 17.5437 ], [ 76.3352, 17.5661 ], [ 76.333, 17.5654 ], [ 76.3309, 17.5974 ], [ 76.3678, 17.5973 ], [ 76.3806, 17.6036 ], [ 76.4186, 17.6051 ], [ 76.4268, 17.6313 ], [ 76.4274, 17.6474 ], [ 76.444, 17.6423 ], [ 76.4413, 17.6491 ], [ 76.4523, 17.6488 ], [ 76.4515, 17.6559 ], [ 76.4581, 17.659 ], [ 76.4889, 17.6615 ], [ 76.4832, 17.6802 ], [ 76.4863, 17.7158 ], [ 76.5122, 17.7196 ], [ 76.5239, 17.7153 ], [ 76.5274, 17.7382 ], [ 76.5238, 17.7602 ], [ 76.5306, 17.7585 ], [ 76.5609, 17.7664 ], [ 76.5725, 17.7613 ], [ 76.5643, 17.7509 ], [ 76.5676, 17.7456 ], [ 76.5707, 17.7057 ], [ 76.5786, 17.7051 ], [ 76.5878, 17.7077 ], [ 76.594, 17.7226 ], [ 76.6007, 17.7261 ], [ 76.604, 17.7588 ], [ 76.6115, 17.7711 ], [ 76.6167, 17.7703 ] ] ], [ [ [ 76.7003, 17.7068 ], [ 76.712, 17.6989 ], [ 76.7118, 17.6945 ], [ 76.694, 17.6959 ], [ 76.6912, 17.7008 ], [ 76.6923, 17.7069 ], [ 76.7003, 17.7068 ] ] ] ] } },
{ "type": "Feature", "properties": { "area_id": "KGIS-D-05", "name_en": "Bidar", "name_kn": "ಬೀದರ್", "level": "district", "parent_id": null, "district_en": "Bidar", "lgd_code": null }, "geometry": { "type": "MultiPolygon", "coordinates": [ [ [ [ 77.524, 17.7858 ], [ 77.5256, 17.7825 ], [ 77.5216, 17.7827 ], [ 77.524, 17.7858 ] ] ], [ [ [ 77.3535, 18.45 ], [ 77.3692, 18.4472 ], [ 77.3636, 18.4311 ], [ 77.3671, 18.4287 ], [ 77.3725, 18.4009 ], [ 77.4008, 18.4023 ], [ 77.4143, 18.3925 ], [ 77.4101, 18.3775 ], [ 77.3949, 18.3693 ], [ 77.3995, 18.3603 ], [ 77.4004, 18.3474 ], [ 77.3952, 18.3479 ], [ 77.3953, 18.3432 ], [ 77.3829, 18.3406 ], [ 77.3814, 18.3311 ], [ 77.3762, 18.3325 ], [ 77.3697, 18.3242 ], [ 77.3565, 18.3207 ], [ 77.3658, 18.3089 ], [ 77.3855, 18.3087 ], [ 77.3937, 18.304 ], [ 77.4121, 18.3021 ], [ 77.4169, 18.3065 ], [ 77.4257, 18.3079 ], [ 77.4286, 18.3122 ], [ 77.4377, 18.3103 ], [ 77.4368, 18.2922 ], [ 77.441, 18.2822 ], [ 77.4462, 18.2835 ], [ 77.4474, 18.2698 ], [ 77.4643, 18.2628 ], [ 77.4751, 18.2652 ], [ 77.4802, 18.2723 ], [ 77.4899, 18.268 ], [ 77.4937, 18.2692 ], [ 77.5078, 18.2846 ], [ 77.5106, 18.298 ], [ 77.509, 18.3067 ], [ 77.5129, 18.3102 ], [ 77.5233, 18.3085 ], [ 77.5351, 18.2976 ], [ 77.5483, 18.2947 ], [ 77.5607, 18.2846 ], [ 77.5724, 18.295 ], [ 77.5785, 18.2865 ], [ 77.6033, 18.2801 ], [ 77.5946, 18.2646 ], [ 77.5817, 18.2591 ], [ 77.5725, 18.2433 ], [ 77.5864, 18.2178 ], [ 77.5809, 18.2165 ], [ 77.577, 18.2015 ], [ 77.5657, 18.2039 ], [ 77.563, 18.1955 ], [ 77.57, 18.1929 ], [ 77.5746, 18.1745 ], [ 77.584, 18.161 ], [ 77.5917, 18.1558 ], [ 77.5974, 18.1568 ], [ 77.5939, 18.1361 ], [ 77.6023, 18.1052 ], [ 77.5959, 18.0856 ], [ 77.5683, 18.0777 ], [ 77.5605, 18.0719 ], [ 77.5578, 18.0641 ], [ 77.5484, 18.0641 ], [ 77.5482, 18.0533 ], [ 77.5512, 18.0499 ], [ 77.5465, 18.0364 ], [ 77.58, 18.0326 ], [ 77.5843, 18.0279 ], [ 77.5874, 18.0143 ], [ 77.5961, 18.0138 ], [ 77.6002, 18.0212 ], [ 77.6029, 18.021 ], [ 77.6067, 18.0178 ], [ 77.6077, 18.0105 ], [ 77.6195, 18.0068 ], [ 77.6264, 17.9968 ], [ 77.649, 17.9999 ], [ 77.6527, 17.9953 ], [ 77.6487, 17.9794 ], [ 77.6562, 17.9706 ], [ 77.6514, 17.9614 ], [ 77.6503, 17.9501 ], [ 77.641, 17.9539 ], [ 77.637, 17.9525 ], [ 77.6335, 17.9679 ], [ 77.6245, 17.9595 ], [ 77.6332, 17.9565 ], [ 77.633, 17.9495 ], [ 77.6326, 17.9465 ], [ 77.6221, 17.9449 ], [ 77.6183, 17.9383 ], [ 77.6222, 17.9289 ], [ 77.6189, 17.9037 ], [ 77.6043, 17.9073 ], [ 77.6, 17.904 ], [ 77.5862, 17.9083 ], [ 77.5864, 17.8934 ], [ 77.5958, 17.8821 ], [ 77.6009, 17.8809 ], [ 77.5984, 17.8733 ], [ 77.59, 17.8717 ], [ 77.5899, 17.875 ], [ 77.5834, 17.8774 ], [ 77.5796, 17.874 ], [ 77.5764, 17.8754 ], [ 77.5696, 17.8672 ], [ 77.5696, 17.8516 ], [ 77.5648, 17.8512 ], [ 77.5673, 17.8452 ], [ 77.5605, 17.8379 ], [ 77.5536, 17.8201 ], [ 77.5486, 17.8195 ], [ 77.547, 17.8284 ], [ 77.5289, 17.83 ], [ 77.5288, 17.8131 ], [ 77.5141, 17.8038 ], [ 77.506, 17.7864 ], [ 77.5223, 17.7805 ], [ 77.5383, 17.7797 ], [ 77.5397, 17.7744 ], [ 77.5553, 17.7636 ], [ 77.5689, 17.7664 ], [ 77.5669, 17.7591 ], [ 77.5703, 17.7418 ], [ 77.5664, 17.7396 ], [ 77.5601, 17.7419 ], [ 77.5565, 17.7367 ], [ 77.5503, 17.7368 ], [ 77.5466, 17.732 ], [ 77.5223, 17.727 ], [ 77.5064, 17.7159 ], [ 77.4966, 17.7163 ], [ 77.4923, 17.708 ], [ 77.4681, 17.7032 ], [ 77.4529, 17.6948 ], [ 77.4551, 17.6746 ], [ 77.4485, 17.653 ], [ 77.4534, 17.636 ], [ 77.4565, 17.6345 ], [ 77.4492, 17.6092 ], [ 77.4448, 17.6091 ], [ 77.4445, 17.5835 ], [ 77.4283, 17.5873 ], [ 77.4083, 17.583 ], [ 77.3786, 17.5835 ], [ 77.3771, 17.5943 ], [ 77.3577, 17.601 ], [ 77.3497, 17.5992 ], [ 77.3432, 17.588 ], [ 77.3132, 17.5942 ], [ 77.3003, 17.598 ], [ 77.2989, 17.6064 ], [ 77.2944, 17.6085 ], [ 77.296, 17.6141 ], [ 77.2912, 17.611 ], [ 77.284, 17.619 ], [ 77.2795, 17.6177 ], [ 77.2749, 17.6272 ], [ 77.2584, 17.6231 ], [ 77.231, 17.632 ], [ 77.2064, 17.6264 ], [ 77.1986, 17.6319 ], [ 77.1956, 17.6287 ], [ 77.1941, 17.6153 ], [ 77.1893, 17.6156 ], [ 77.173, 17.6242 ], [ 77.1702, 17.6218 ], [ 77.1713, 17.6271 ], [ 77.1509, 17.6313 ], [ 77.1505, 17.6414 ], [ 77.1433, 17.6471 ], [ 77.1449, 17.6556 ], [ 77.1319, 17.6611 ], [ 77.1327, 17.6822 ], [ 77.1282, 17.6818 ], [ 77.1269, 17.6863 ], [ 77.1177, 17.686 ], [ 77.1146, 17.6779 ], [ 77.1063, 17.6733 ], [ 77.1043, 17.6686 ], [ 77.0894, 17.6687 ], [ 77.0852, 17.6589 ], [ 77.0808, 17.6622 ], [ 77.0734, 17.6618 ], [ 77.058, 17.6734 ], [ 77.041, 17.6676 ], [ 77.0393, 17.6717 ], [ 77.0349, 17.6718 ], [ 77.0333, 17.6823 ], [ 77.0181, 17.6794 ], [ 77.0006, 17.6955 ], [ 76.9861, 17.6987 ], [ 76.9805, 17.6976 ], [ 76.9822, 17.6948 ], [ 76.9762, 17.6806 ], [ 76.9775, 17.6656 ], [ 76.9831, 17.6629 ], [ 76.9837, 17.653 ], [ 76.9606, 17.6386 ], [ 76.9572, 17.6344 ], [ 76.9573, 17.6206 ], [ 76.952, 17.6242 ], [ 76.9413, 17.6067 ], [ 76.9294, 17.606 ], [ 76.9219, 17.6099 ], [ 76.9195, 17.6218 ], [ 76.9247, 17.6247 ], [ 76.9293, 17.6372 ], [ 76.9142, 17.639 ], [ 76.9076, 17.6349 ], [ 76.8989, 17.6449 ], [ 76.8831, 17.6428 ], [ 76.867, 17.6471 ], [ 76.8554, 17.6436 ], [ 76.8418, 17.6538 ], [ 76.8353, 17.6494 ], [ 76.8223, 17.6515 ], [ 76.8069, 17.6485 ], [ 76.792, 17.6528 ], [ 76.7875, 17.6475 ], [ 76.789, 17.6428 ], [ 76.7852, 17.6369 ], [ 76.7769, 17.6363 ], [ 76.7715, 17.6461 ], [ 76.7719, 17.6661 ], [ 76.7327, 17.6653 ], [ 76.7322, 17.6588 ], [ 76.7207, 17.654 ], [ 76.7145, 17.639 ], [ 76.6989, 17.642 ], [ 76.6987, 17.6462 ], [ 76.7122, 17.6577 ], [ 76.709, 17.6625 ], [ 76.6949, 17.6629 ], [ 76.6952, 17.677 ], [ 76.6899, 17.6841 ], [ 76.6935, 17.696 ], [ 76.7034, 17.6933 ], [ 76.7126, 17.6967 ], [ 76.7005, 17.7062 ], [ 76.7054, 17.7231 ], [ 76.6993, 17.7284 ], [ 76.7283, 17.7376 ], [ 76.7242, 17.7501 ], [ 76.7184, 17.7519 ], [ 76.7216, 17.7698 ], [ 76.7127, 17.7741 ], [ 76.7143, 17.7813 ], [ 76.7214, 17.7882 ], [ 76.7407, 17.7798 ], [ 76.7439, 17.7801 ], [ 76.7425, 17.7841 ], [ 76.7619, 17.7874 ], [ 76.7663, 17.7989 ], [ 76.7793, 17.7982 ], [ 76.7826, 17.8069 ], [ 76.7812, 17.815 ], [ 76.7907, 17.8251 ], [ 76.7869, 17.8332 ], [ 76.775, 17.8413 ], [ 76.7683, 17.8517 ], [ 76.7539, 17.8577 ], [ 76.7384, 17.856 ], [ 76.74, 17.8995 ], [ 76.7683, 17.9024 ], [ 76.7734, 17.8914 ], [ 76.7738, 17.8785 ], [ 76.8056, 17.8709 ], [ 76.8081, 17.8714 ], [ 76.8101, 17.8874 ], [ 76.8326, 17.8826 ], [ 76.8331, 17.8948 ], [ 76.8518, 17.9012 ], [ 76.8748, 17.8981 ], [ 76.879, 17.8931 ], [ 76.8813, 17.896 ], [ 76.8842, 17.8943 ], [ 76.8837, 17.8994 ], [ 76.8936, 17.8999 ], [ 76.8937, 17.9063 ], [ 76.8962, 17.906 ], [ 76.8963, 17.9108 ], [ 76.8988, 17.9093 ], [ 76.9004, 17.9175 ], [ 76.9189, 17.9164 ], [ 76.9197, 17.9429 ], [ 76.9124, 17.975 ], [ 76.9134, 17.9932 ], [ 76.9125, 17.9967 ], [ 76.9065, 17.9967 ], [ 76.9057, 18.0099 ], [ 76.9078, 18.0144 ], [ 76.9115, 18.0147 ], [ 76.9145, 18.0356 ], [ 76.9534, 18.042 ], [ 76.9436, 18.0463 ], [ 76.9512, 18.0604 ], [ 76.944, 18.0834 ], [ 76.9623, 18.0906 ], [ 76.9654, 18.0989 ], [ 76.9543, 18.1105 ], [ 76.9375, 18.1146 ], [ 76.9305, 18.1131 ], [ 76.9217, 18.1177 ], [ 76.918, 18.1241 ], [ 76.9325, 18.1336 ], [ 76.9215, 18.1441 ], [ 76.9303, 18.1594 ], [ 76.9425, 18.1566 ], [ 76.9484, 18.1694 ], [ 76.9513, 18.1883 ], [ 76.9773, 18.1895 ], [ 76.9789, 18.1926 ], [ 76.9914, 18.1907 ], [ 76.9972, 18.1664 ], [ 77.0078, 18.1601 ], [ 77.0238, 18.1585 ], [ 77.0261, 18.1667 ], [ 77.0236, 18.1754 ], [ 77.0321, 18.1775 ], [ 77.0336, 18.1822 ], [ 77.0522, 18.1738 ], [ 77.0531, 18.1607 ], [ 77.0643, 18.1518 ], [ 77.0842, 18.1519 ], [ 77.1001, 18.159 ], [ 77.1128, 18.157 ], [ 77.1169, 18.17 ], [ 77.0976, 18.1955 ], [ 77.1098, 18.2029 ], [ 77.1235, 18.2053 ], [ 77.1232, 18.209 ], [ 77.1327, 18.2059 ], [ 77.1403, 18.2076 ], [ 77.1427, 18.2169 ], [ 77.1512, 18.2167 ], [ 77.1488, 18.2394 ], [ 77.1519, 18.2388 ], [ 77.1599, 18.2571 ], [ 77.1697, 18.2609 ], [ 77.171, 18.2773 ], [ 77.1747, 18.2848 ], [ 77.1874, 18.2849 ], [ 77.1979, 18.2768 ], [ 77.2136, 18.2808 ], [ 77.2095, 18.2884 ], [ 77.2102, 18.2947 ], [ 77.2055, 18.2941 ], [ 77.2037, 18.2968 ], [ 77.2023, 18.3094 ], [ 77.1988, 18.3146 ], [ 77.2021, 18.3218 ], [ 77.2116, 18.3162 ], [ 77.2188, 18.3256 ], [ 77.2225, 18.3393 ], [ 77.2294, 18.3476 ], [ 77.2196, 18.3489 ], [ 77.2254, 18.3651 ], [ 77.233, 18.3694 ], [ 77.2463, 18.3701 ], [ 77.2486, 18.3744 ], [ 77.2398, 18.3772 ], [ 77.2334, 18.388 ], [ 77.2402, 18.4133 ], [ 77.2597, 18.4136 ], [ 77.2664, 18.4228 ], [ 77.2728, 18.4226 ], [ 77.2824, 18.4308 ], [ 77.3132, 18.4414 ], [ 77.3147, 18.4399 ], [ 77.311, 18.4372 ], [ 77.3164, 18.4212 ], [ 77.323, 18.4214 ], [ 77.3263, 18.4169 ], [ 77.3398, 18.4252 ], [ 77.34, 18.4382 ], [ 77.3436, 18.443 ], [ 77.347, 18.4424 ], [ 77.3535, 18.45 ] ] ], [ [ [ 77.2751, 18.4776 ], [ 77.2999, 18.4761 ], [ 77.2993, 18.4653 ], [ 77.2953, 18.459 ], [ 77.2811, 18.4535 ], [ 77.2673, 18.4543 ], [ 77.2751, 18.4776 ] ] ] ] } },
{ "type": "Feature", "properties": { "area_id": "KGIS-D-06", "name_en": "Raichur", "name_kn": "ರಾಯಚೂರು", "level": "district", "parent_id": null, "district_en": "Raichur", "lgd_code": null }, "geometry": { "type": "Polygon", "coordinates": [ [ [ 76.9836, 16.5622 ], [ 76.9942, 16.5597 ], [ 77.0071, 16.5483 ], [ 77.0082, 16.5366 ], [ 77.0037, 16.5135 ], [ 77.0101, 16.5031 ], [ 77.0237, 16.5034 ], [ 77.0435, 16.5193 ], [ 77.0594, 16.5186 ], [ 77.0715, 16.5062 ], [ 77.106, 16.487 ], [ 77.1531, 16.4748 ], [ 77.1586, 16.4659 ], [ 77.1608, 16.442 ], [ 77.1738, 16.4302 ], [ 77.2194, 16.4243 ], [ 77.2499, 16.4157 ], [ 77.2653, 16.4059 ], [ 77.2797, 16.4063 ], [ 77.2903, 16.4128 ], [ 77.3143, 16.4016 ], [ 77.3378, 16.3976 ], [ 77.3519, 16.387 ], [ 77.3784, 16.3895 ], [ 77.399, 16.3753 ], [ 77.4181, 16.3702 ], [ 77.4543, 16.3838 ], [ 77.4773, 16.3822 ], [ 77.4883, 16.3861 ], [ 77.5221, 16.3786 ], [ 77.5324, 16.3667 ], [ 77.5786, 16.3423 ], [ 77.5865, 16.348 ], [ 77.5941, 16.3477 ], [ 77.5964, 16.3376 ], [ 77.5884, 16.3325 ], [ 77.5972, 16.3161 ], [ 77.5924, 16.3028 ], [ 77.5932, 16.297 ], [ 77.5975, 16.2933 ], [ 77.5822, 16.291 ], [ 77.5692, 16.3035 ], [ 77.5637, 16.3016 ], [ 77.5449, 16.2919 ], [ 77.5408, 16.2854 ], [ 77.5372, 16.267 ], [ 77.5295, 16.2755 ], [ 77.5183, 16.2791 ], [ 77.5078, 16.2757 ], [ 77.5022, 16.2621 ], [ 77.4898, 16.2552 ], [ 77.4919, 16.2293 ], [ 77.4956, 16.2265 ], [ 77.5034, 16.2307 ], [ 77.5138, 16.2308 ], [ 77.5166, 16.2264 ], [ 77.512, 16.2207 ], [ 77.502, 16.2242 ], [ 77.4998, 16.1999 ], [ 77.4912, 16.1844 ], [ 77.4857, 16.1647 ], [ 77.4913, 16.1549 ], [ 77.4899, 16.12 ], [ 77.5015, 16.1203 ], [ 77.5145, 16.1068 ], [ 77.5084, 16.1094 ], [ 77.5008, 16.1065 ], [ 77.4965, 16.0945 ], [ 77.4982, 16.0848 ], [ 77.5069, 16.0801 ], [ 77.5025, 16.0593 ], [ 77.4996, 16.0611 ], [ 77.4963, 16.0549 ], [ 77.4996, 16.0535 ], [ 77.4984, 16.0442 ], [ 77.4929, 16.0398 ], [ 77.5066, 16.0104 ], [ 77.5142, 16.0085 ], [ 77.5095, 15.9807 ], [ 77.5154, 15.968 ], [ 77.5193, 15.9672 ], [ 77.512, 15.9237 ], [ 77.4718, 15.9339 ], [ 77.464, 15.9331 ], [ 77.432, 15.9454 ], [ 77.4217, 15.945 ], [ 77.4116, 15.9399 ], [ 77.4007, 15.9429 ], [ 77.388, 15.9388 ], [ 77.3872, 15.9428 ], [ 77.3752, 15.944 ], [ 77.3728, 15.9402 ], [ 77.3672, 15.9444 ], [ 77.3559, 15.9458 ], [ 77.3567, 15.9534 ], [ 77.3061, 15.9525 ], [ 77.2979, 15.955 ], [ 77.2825, 15.9509 ], [ 77.2497, 15.9607 ], [ 77.2376, 15.9546 ], [ 77.1852, 15.9552 ], [ 77.1732, 15.95 ], [ 77.1562, 15.951 ], [ 77.1555, 15.9534 ], [ 77.1491, 15.9505 ], [ 77.1506, 15.9446 ], [ 77.1403, 15.9363 ], [ 77.1068, 15.9269 ], [ 77.0913, 15.9138 ], [ 77.0739, 15.905 ], [ 77.0564, 15.8777 ], [ 77.0339, 15.8546 ], [ 77.0338, 15.8466 ], [ 77.0285, 15.8354 ], [ 77.0244, 15.8376 ], [ 77.0178, 15.8244 ], [ 76.9957, 15.8075 ], [ 76.9631, 15.774 ], [ 76.9386, 15.7597 ], [ 76.933, 15.7478 ], [ 76.9361, 15.7474 ], [ 76.9304, 15.7313 ], [ 76.9276, 15.7353 ], [ 76.9244, 15.7313 ], [ 76.9157, 15.703 ], [ 76.9086, 15.6932 ], [ 76.8877, 15.685 ], [ 76.8595, 15.6513 ], [ 76.8591, 15.6448 ], [ 76.829, 15.6194 ], [ 76.8357, 15.602 ], [ 76.8317, 15.5977 ], [ 76.834, 15.5664 ], [ 76.8127, 15.5468 ], [ 76.7597, 15.5659 ], [ 76.7559, 15.5704 ], [ 76.7552, 15.5845 ], [ 76.7488, 15.59 ], [ 76.7373, 15.5933 ], [ 76.7242, 15.591 ], [ 76.7011, 15.5943 ], [ 76.7005, 15.5909 ], [ 76.6888, 15.5956 ], [ 76.6911, 15.6032 ], [ 76.68, 15.6066 ], [ 76.68, 15.6224 ], [ 76.6807, 15.6267 ], [ 76.6935, 15.6246 ], [ 76.6943, 15.6454 ], [ 76.6917, 15.6483 ], [ 76.6852, 15.6479 ], [ 76.6702, 15.639 ], [ 76.6719, 15.658 ], [ 76.6534, 15.6604 ], [ 76.6539, 15.6659 ], [ 76.5995, 15.6735 ], [ 76.598, 15.6958 ], [ 76.5757, 15.6989 ], [ 76.5623, 15.7056 ], [ 76.5616, 15.7028 ], [ 76.5507, 15.699 ], [ 76.5414, 15.6987 ], [ 76.5443, 15.7035 ], [ 76.5398, 15.7043 ], [ 76.5356, 15.7035 ], [ 76.5358, 15.6991 ], [ 76.5318, 15.6994 ], [ 76.5276, 15.7067 ], [ 76.5094, 15.717 ], [ 76.4917, 15.7081 ], [ 76.4907, 15.7131 ], [ 76.4854, 15.7139 ], [ 76.4824, 15.7193 ], [ 76.4462, 15.7342 ], [ 76.4439, 15.7389 ], [ 76.4476, 15.7444 ], [ 76.4396, 15.7495 ], [ 76.4381, 15.7578 ], [ 76.4395, 15.7843 ], [ 76.4337, 15.7874 ], [ 76.4221, 15.7859 ], [ 76.422, 15.7909 ], [ 76.415, 15.7916 ], [ 76.4128, 15.7965 ], [ 76.4129, 15.8042 ], [ 76.4205, 15.8056 ], [ 76.4218, 15.8125 ], [ 76.4364, 15.8238 ], [ 76.4423, 15.8235 ], [ 76.4511, 15.8439 ], [ 76.4517, 15.8552 ], [ 76.4496, 15.8533 ], [ 76.4168, 15.8648 ], [ 76.4221, 15.8732 ], [ 76.4249, 15.8917 ], [ 76.4038, 15.8995 ], [ 76.4034, 15.9021 ], [ 76.3751, 15.9022 ], [ 76.3729, 15.9175 ], [ 76.3702, 15.9129 ], [ 76.3623, 15.9116 ], [ 76.3537, 15.9032 ], [ 76.3585, 15.9011 ], [ 76.3588, 15.8813 ], [ 76.3555, 15.8654 ], [ 76.3512, 15.8634 ], [ 76.3377, 15.8716 ], [ 76.3462, 15.8905 ], [ 76.3451, 15.9008 ], [ 76.3302, 15.9052 ], [ 76.3211, 15.9035 ], [ 76.3146, 15.8995 ], [ 76.3133, 15.8949 ], [ 76.3065, 15.8932 ], [ 76.3007, 15.8963 ], [ 76.2898, 15.8926 ], [ 76.2854, 15.9026 ], [ 76.2857, 15.9303 ], [ 76.3018, 15.9305 ], [ 76.3026, 15.9238 ], [ 76.3127, 15.9222 ], [ 76.3129, 15.9289 ], [ 76.3286, 15.9323 ], [ 76.3289, 15.9346 ], [ 76.3225, 15.956 ], [ 76.3093, 15.957 ], [ 76.2999, 15.9765 ], [ 76.2965, 15.9923 ], [ 76.2979, 15.9989 ], [ 76.3117, 16.0004 ], [ 76.3111, 16.0138 ], [ 76.3033, 16.0394 ], [ 76.3071, 16.0659 ], [ 76.3032, 16.0674 ], [ 76.3039, 16.0735 ], [ 76.2604, 16.074 ], [ 76.2588, 16.0912 ], [ 76.2938, 16.0888 ], [ 76.2992, 16.0842 ], [ 76.3275, 16.0775 ], [ 76.3325, 16.0913 ], [ 76.3042, 16.1016 ], [ 76.2678, 16.1097 ], [ 76.262, 16.0972 ], [ 76.2558, 16.0974 ], [ 76.2542, 16.1095 ], [ 76.2446, 16.1132 ], [ 76.2466, 16.1281 ], [ 76.2343, 16.1305 ], [ 76.2363, 16.1533 ], [ 76.2385, 16.1652 ], [ 76.2698, 16.1521 ], [ 76.2788, 16.1525 ], [ 76.2901, 16.1685 ], [ 76.2971, 16.1854 ], [ 76.3301, 16.1935 ], [ 76.3332, 16.1919 ], [ 76.3479, 16.1982 ], [ 76.3554, 16.2058 ], [ 76.3621, 16.2073 ], [ 76.3677, 16.2185 ], [ 76.3948, 16.23 ], [ 76.3993, 16.2396 ], [ 76.4149, 16.2416 ], [ 76.4138, 16.2505 ], [ 76.4323, 16.2607 ], [ 76.4499, 16.2759 ], [ 76.4536, 16.2732 ], [ 76.4638, 16.2781 ], [ 76.4635, 16.2811 ], [ 76.4769, 16.2908 ], [ 76.5, 16.2991 ], [ 76.4988, 16.3017 ], [ 76.5362, 16.3088 ], [ 76.5666, 16.3297 ], [ 76.5805, 16.331 ], [ 76.5902, 16.3398 ], [ 76.613, 16.3421 ], [ 76.6328, 16.3539 ], [ 76.6461, 16.3559 ], [ 76.6588, 16.3696 ], [ 76.7098, 16.3901 ], [ 76.7078, 16.3944 ], [ 76.7358, 16.4055 ], [ 76.7457, 16.4136 ], [ 76.7489, 16.4124 ], [ 76.7551, 16.4253 ], [ 76.7674, 16.4264 ], [ 76.7803, 16.4199 ], [ 76.7878, 16.4195 ], [ 76.8251, 16.4245 ], [ 76.8444, 16.4321 ], [ 76.8633, 16.4539 ], [ 76.8645, 16.4828 ], [ 76.8726, 16.4904 ], [ 76.8848, 16.4924 ], [ 76.9064, 16.4873 ], [ 76.9593, 16.502 ], [ 76.9717, 16.5083 ], [ 76.9751, 16.5155 ], [ 76.9747, 16.5243 ], [ 76.9666, 16.5383 ], [ 76.9661, 16.5511 ], [ 76.9742, 16.5596 ], [ 76.9836, 16.5622 ] ] ] } },
{ "type": "Feature", "properties": { "area_id": "KGIS-D-07", "name_en": "Koppal", "name_kn": "ಕೊಪ್ಪಳ", "level": "district", "parent_id": null, "district_en": "Koppal", "lgd_code": null }, "geometry": { "type": "Polygon", "coordinates": [ [ [ 76.0564, 16.0115 ], [ 76.0801, 16.01 ], [ 76.0848, 15.9972 ], [ 76.0728, 15.9654 ], [ 76.0712, 15.949 ], [ 76.0627, 15.9215 ], [ 76.0638, 15.9158 ], [ 76.0585, 15.906 ], [ 76.1016, 15.9005 ], [ 76.1033, 15.8938 ], [ 76.1172, 15.886 ], [ 76.1253, 15.8941 ], [ 76.1453, 15.8951 ], [ 76.1539, 15.9149 ], [ 76.1599, 15.9211 ], [ 76.1719, 15.9248 ], [ 76.172, 15.9317 ], [ 76.1949, 15.9324 ], [ 76.2005, 15.9364 ], [ 76.2005, 15.944 ], [ 76.2265, 15.9409 ], [ 76.2301, 15.9233 ], [ 76.2569, 15.9229 ], [ 76.2569, 15.9153 ], [ 76.2611, 15.9148 ], [ 76.2618, 15.9067 ], [ 76.2717, 15.9047 ], [ 76.2741, 15.9105 ], [ 76.277, 15.9097 ], [ 76.2759, 15.9037 ], [ 76.2854, 15.9026 ], [ 76.2898, 15.8926 ], [ 76.3007, 15.8963 ], [ 76.3065, 15.8932 ], [ 76.3133, 15.8949 ], [ 76.3146, 15.8995 ], [ 76.3211, 15.9035 ], [ 76.3302, 15.9052 ], [ 76.3451, 15.9008 ], [ 76.3462, 15.8905 ], [ 76.3377, 15.8716 ], [ 76.3507, 15.8634 ], [ 76.3555, 15.8654 ], [ 76.3588, 15.8813 ], [ 76.3585, 15.9011 ], [ 76.3537, 15.9032 ], [ 76.3623, 15.9116 ], [ 76.3702, 15.9129 ], [ 76.3729, 15.9175 ], [ 76.3751, 15.9022 ], [ 76.4034, 15.9021 ], [ 76.4038, 15.8995 ], [ 76.4249, 15.8917 ], [ 76.4221, 15.8732 ], [ 76.4168, 15.8648 ], [ 76.4496, 15.8533 ], [ 76.4517, 15.8552 ], [ 76.4511, 15.8439 ], [ 76.4423, 15.8235 ], [ 76.4364, 15.8238 ], [ 76.4218, 15.8125 ], [ 76.4205, 15.8056 ], [ 76.4129, 15.8042 ], [ 76.4128, 15.7965 ], [ 76.415, 15.7916 ], [ 76.422, 15.7909 ], [ 76.4221, 15.7859 ], [ 76.4337, 15.7874 ], [ 76.4395, 15.7843 ], [ 76.4381, 15.7578 ], [ 76.4396, 15.7495 ], [ 76.4476, 15.7444 ], [ 76.4439, 15.7389 ], [ 76.4462, 15.7342 ], [ 76.4824, 15.7193 ], [ 76.4854, 15.7139 ], [ 76.4907, 15.7131 ], [ 76.4917, 15.7081 ], [ 76.5094, 15.717 ], [ 76.5276, 15.7067 ], [ 76.5318, 15.6994 ], [ 76.5358, 15.6991 ], [ 76.5356, 15.7035 ], [ 76.5398, 15.7043 ], [ 76.5443, 15.7035 ], [ 76.5414, 15.6987 ], [ 76.5507, 15.699 ], [ 76.5616, 15.7028 ], [ 76.5623, 15.7056 ], [ 76.5757, 15.6989 ], [ 76.598, 15.6958 ], [ 76.5995, 15.6735 ], [ 76.6539, 15.6659 ], [ 76.6534, 15.6604 ], [ 76.6719, 15.658 ], [ 76.6702, 15.639 ], [ 76.6852, 15.6479 ], [ 76.6924, 15.648 ], [ 76.6935, 15.6246 ], [ 76.6807, 15.6267 ], [ 76.68, 15.6224 ], [ 76.68, 15.6066 ], [ 76.6911, 15.6032 ], [ 76.6888, 15.5956 ], [ 76.7005, 15.5909 ], [ 76.7011, 15.5943 ], [ 76.7242, 15.591 ], [ 76.7373, 15.5933 ], [ 76.7488, 15.59 ], [ 76.7552, 15.5845 ], [ 76.7559, 15.5704 ], [ 76.7597, 15.5659 ], [ 76.8125, 15.5468 ], [ 76.8067, 15.5282 ], [ 76.811, 15.5151 ], [ 76.7813, 15.493 ], [ 76.7239, 15.4928 ], [ 76.7079, 15.4879 ], [ 76.6938, 15.4786 ], [ 76.6949, 15.4767 ], [ 76.684, 15.4683 ], [ 76.6765, 15.4549 ], [ 76.6629, 15.4473 ], [ 76.6583, 15.449 ], [ 76.6417, 15.4441 ], [ 76.6115, 15.4433 ], [ 76.5964, 15.4263 ], [ 76.591, 15.4122 ], [ 76.5711, 15.402 ], [ 76.5574, 15.3988 ], [ 76.5475, 15.3853 ], [ 76.5235, 15.3701 ], [ 76.4932, 15.3452 ], [ 76.4771, 15.3484 ], [ 76.4674, 15.337 ], [ 76.4421, 15.3389 ], [ 76.4026, 15.3263 ], [ 76.3795, 15.3317 ], [ 76.3704, 15.3252 ], [ 76.3612, 15.3241 ], [ 76.3508, 15.3091 ], [ 76.35, 15.2992 ], [ 76.3449, 15.2899 ], [ 76.3438, 15.2731 ], [ 76.3274, 15.2637 ], [ 76.3071, 15.2397 ], [ 76.2788, 15.2205 ], [ 76.2695, 15.2072 ], [ 76.2578, 15.2061 ], [ 76.2541, 15.1961 ], [ 76.2485, 15.1909 ], [ 76.231, 15.1886 ], [ 76.2189, 15.1975 ], [ 76.2185, 15.203 ], [ 76.2322, 15.2268 ], [ 76.2305, 15.2312 ], [ 76.1882, 15.2356 ], [ 76.1583, 15.2129 ], [ 76.1604, 15.2009 ], [ 76.1571, 15.1973 ], [ 76.1509, 15.1963 ], [ 76.1276, 15.2033 ], [ 76.114, 15.1998 ], [ 76.1085, 15.1926 ], [ 76.1024, 15.1687 ], [ 76.0949, 15.163 ], [ 76.0824, 15.1589 ], [ 76.0583, 15.1577 ], [ 76.0424, 15.1446 ], [ 76.0314, 15.1429 ], [ 76.0083, 15.1484 ], [ 75.9963, 15.1458 ], [ 75.9859, 15.151 ], [ 75.9771, 15.1511 ], [ 75.9645, 15.1394 ], [ 75.9514, 15.1355 ], [ 75.9479, 15.1729 ], [ 75.9247, 15.1826 ], [ 75.9244, 15.2058 ], [ 75.912, 15.2408 ], [ 75.9039, 15.2393 ], [ 75.9, 15.2456 ], [ 75.8949, 15.274 ], [ 75.8985, 15.2757 ], [ 75.8897, 15.2873 ], [ 75.8876, 15.2974 ], [ 75.893, 15.319 ], [ 75.8881, 15.353 ], [ 75.903, 15.3538 ], [ 75.904, 15.4028 ], [ 75.8865, 15.4082 ], [ 75.8654, 15.408 ], [ 75.8648, 15.423 ], [ 75.8593, 15.423 ], [ 75.8583, 15.4437 ], [ 75.8399, 15.443 ], [ 75.8364, 15.4471 ], [ 75.8233, 15.4516 ], [ 75.825, 15.4532 ], [ 75.8193, 15.4561 ], [ 75.8184, 15.469 ], [ 75.8125, 15.4673 ], [ 75.8092, 15.4878 ], [ 75.8156, 15.4871 ], [ 75.8145, 15.4956 ], [ 75.8232, 15.4968 ], [ 75.8187, 15.5082 ], [ 75.8315, 15.5071 ], [ 75.8322, 15.5099 ], [ 75.8491, 15.5129 ], [ 75.8499, 15.5157 ], [ 75.8599, 15.5137 ], [ 75.8675, 15.5611 ], [ 75.8664, 15.5955 ], [ 75.8829, 15.5957 ], [ 75.8821, 15.5996 ], [ 75.8949, 15.6022 ], [ 75.895, 15.6062 ], [ 75.8977, 15.6059 ], [ 75.8983, 15.6243 ], [ 75.8939, 15.625 ], [ 75.8945, 15.6322 ], [ 75.886, 15.6339 ], [ 75.8872, 15.6685 ], [ 75.8846, 15.6719 ], [ 75.8706, 15.6733 ], [ 75.8702, 15.715 ], [ 75.8873, 15.7175 ], [ 75.8895, 15.7253 ], [ 75.8821, 15.7369 ], [ 75.8927, 15.7391 ], [ 75.8974, 15.7506 ], [ 75.9068, 15.7471 ], [ 75.9102, 15.7437 ], [ 75.9097, 15.7317 ], [ 75.9207, 15.726 ], [ 75.9149, 15.6981 ], [ 75.9254, 15.6925 ], [ 75.9395, 15.6938 ], [ 75.9398, 15.6836 ], [ 75.9436, 15.6773 ], [ 75.9672, 15.6793 ], [ 75.9672, 15.6647 ], [ 76.0109, 15.6622 ], [ 76.0158, 15.6719 ], [ 76.0156, 15.6798 ], [ 75.9944, 15.6789 ], [ 75.9911, 15.6709 ], [ 75.9824, 15.6668 ], [ 75.9869, 15.6895 ], [ 75.9833, 15.69 ], [ 75.9837, 15.6935 ], [ 75.9924, 15.7072 ], [ 76.0042, 15.7119 ], [ 76.0048, 15.7157 ], [ 76.0189, 15.7152 ], [ 76.0225, 15.7092 ], [ 76.043, 15.7201 ], [ 76.0435, 15.7364 ], [ 76.037, 15.737 ], [ 76.0399, 15.7544 ], [ 76.0347, 15.7551 ], [ 76.0406, 15.7632 ], [ 76.0394, 15.77 ], [ 76.0198, 15.7758 ], [ 76.0099, 15.7841 ], [ 75.9934, 15.7811 ], [ 75.9902, 15.786 ], [ 75.9885, 15.8016 ], [ 75.9766, 15.8007 ], [ 75.9678, 15.7942 ], [ 75.9639, 15.7951 ], [ 75.9614, 15.7848 ], [ 75.9277, 15.7916 ], [ 75.9086, 15.8075 ], [ 75.8915, 15.815 ], [ 75.8739, 15.8282 ], [ 75.8451, 15.8381 ], [ 75.8495, 15.8591 ], [ 75.8482, 15.8714 ], [ 75.8399, 15.8716 ], [ 75.8378, 15.8652 ], [ 75.8278, 15.8662 ], [ 75.8354, 15.8828 ], [ 75.8301, 15.8875 ], [ 75.8276, 15.9003 ], [ 75.8116, 15.9001 ], [ 75.8111, 15.8942 ], [ 75.7804, 15.8971 ], [ 75.7759, 15.9025 ], [ 75.7805, 15.9058 ], [ 75.7764, 15.9136 ], [ 75.7771, 15.9191 ], [ 75.7892, 15.9242 ], [ 75.8122, 15.9226 ], [ 75.811, 15.925 ], [ 75.8277, 15.9271 ], [ 75.8364, 15.9247 ], [ 75.8405, 15.9309 ], [ 75.8549, 15.9356 ], [ 75.8791, 15.9313 ], [ 75.888, 15.9192 ], [ 75.8969, 15.9167 ], [ 75.9029, 15.9186 ], [ 75.902, 15.9228 ], [ 75.9225, 15.9033 ], [ 75.9272, 15.8974 ], [ 75.9284, 15.8752 ], [ 75.942, 15.8742 ], [ 75.9445, 15.8663 ], [ 75.9626, 15.8655 ], [ 75.9655, 15.859 ], [ 75.9747, 15.8618 ], [ 75.9789, 15.8709 ], [ 75.979, 15.8829 ], [ 75.9743, 15.8979 ], [ 75.9737, 15.9228 ], [ 75.9769, 15.9313 ], [ 75.9776, 15.9518 ], [ 75.9739, 15.9542 ], [ 75.9738, 15.9866 ], [ 75.9867, 15.9947 ], [ 75.9895, 16.0048 ], [ 76.0114, 16.0013 ], [ 76.0166, 16.002 ], [ 76.0232, 16.0088 ], [ 76.0516, 16.0034 ], [ 76.052, 16.006 ], [ 76.0565, 16.0056 ], [ 76.0564, 16.0115 ] ] ] } },
{ "type": "Feature", "properties": { "area_id": "KGIS-D-08", "name_en": "Gadag", "name_kn": "ಗದಗ", "level": "district", "parent_id": null, "district_en": "Gadag", "lgd_code": null }, "geometry": { "type": "Polygon", "coordinates": [ [ [ 75.4617, 15.8865 ], [ 75.4593, 15.8838 ], [ 75.4609, 15.8795 ], [ 75.466, 15.8811 ], [ 75.4675, 15.8763 ], [ 75.476, 15.8757 ], [ 75.475, 15.8725 ], [ 75.4815, 15.872 ], [ 75.4787, 15.8746 ], [ 75.4804, 15.8767 ], [ 75.4832, 15.8734 ], [ 75.4879, 15.8765 ], [ 75.4962, 15.8727 ], [ 75.5049, 15.8625 ], [ 75.5022, 15.8581 ], [ 75.5067, 15.8566 ], [ 75.5076, 15.8605 ], [ 75.5082, 15.8607 ], [ 75.5191, 15.8584 ], [ 75.5207, 15.8532 ], [ 75.5145, 15.853 ], [ 75.5133, 15.8499 ], [ 75.5211, 15.8465 ], [ 75.5215, 15.842 ], [ 75.5309, 15.8418 ], [ 75.5292, 15.8354 ], [ 75.5536, 15.8345 ], [ 75.5557, 15.833 ], [ 75.5506, 15.8271 ], [ 75.5519, 15.8247 ], [ 75.5638, 15.8373 ], [ 75.57, 15.8361 ], [ 75.5648, 15.8311 ], [ 75.5764, 15.8304 ], [ 75.5767, 15.8243 ], [ 75.5861, 15.8347 ], [ 75.5947, 15.8296 ], [ 75.6063, 15.8311 ], [ 75.606, 15.8253 ], [ 75.6186, 15.8214 ], [ 75.6207, 15.836 ], [ 75.6267, 15.8329 ], [ 75.6321, 15.8345 ], [ 75.6313, 15.8318 ], [ 75.6347, 15.8333 ], [ 75.6368, 15.8419 ], [ 75.6439, 15.8418 ], [ 75.6422, 15.8333 ], [ 75.6552, 15.828 ], [ 75.6635, 15.8371 ], [ 75.6693, 15.8376 ], [ 75.6757, 15.8302 ], [ 75.6764, 15.8222 ], [ 75.6807, 15.8232 ], [ 75.6811, 15.83 ], [ 75.6875, 15.831 ], [ 75.6959, 15.8249 ], [ 75.7069, 15.8294 ], [ 75.715, 15.8274 ], [ 75.7215, 15.8183 ], [ 75.7437, 15.813 ], [ 75.7797, 15.8173 ], [ 75.7772, 15.8275 ], [ 75.7741, 15.828 ], [ 75.7765, 15.8477 ], [ 75.7802, 15.8532 ], [ 75.7873, 15.8488 ], [ 75.7975, 15.8476 ], [ 75.8097, 15.8511 ], [ 75.8121, 15.8471 ], [ 75.8201, 15.8513 ], [ 75.8208, 15.8454 ], [ 75.8267, 15.8422 ], [ 75.8255, 15.8384 ], [ 75.8489, 15.838 ], [ 75.871, 15.8297 ], [ 75.9004, 15.8097 ], [ 75.9086, 15.8075 ], [ 75.9277, 15.7916 ], [ 75.9614, 15.7848 ], [ 75.9639, 15.7951 ], [ 75.9678, 15.7942 ], [ 75.9766, 15.8007 ], [ 75.9885, 15.8016 ], [ 75.9902, 15.786 ], [ 75.9934, 15.7811 ], [ 76.0099, 15.7841 ], [ 76.0198, 15.7758 ], [ 76.0391, 15.7711 ], [ 76.0406, 15.7632 ], [ 76.0347, 15.7551 ], [ 76.0399, 15.7544 ], [ 76.037, 15.737 ], [ 76.0435, 15.7364 ], [ 76.043, 15.7201 ], [ 76.0225, 15.7092 ], [ 76.0189, 15.7152 ], [ 76.0048, 15.7157 ], [ 76.0042, 15.7119 ], [ 75.9924, 15.7072 ], [ 75.9837, 15.6935 ], [ 75.9833, 15.69 ], [ 75.9869, 15.6895 ], [ 75.9824, 15.6668 ], [ 75.9911, 15.6709 ], [ 75.9944, 15.6789 ], [ 76.0156, 15.6798 ], [ 76.0158, 15.6719 ], [ 76.0109, 15.6622 ], [ 75.9672, 15.6647 ], [ 75.9672, 15.6793 ], [ 75.9436, 15.6773 ], [ 75.9398, 15.6836 ], [ 75.9395, 15.6938 ], [ 75.9254, 15.6925 ], [ 75.9149, 15.6981 ], [ 75.9207, 15.726 ], [ 75.9097, 15.7317 ], [ 75.9102, 15.7437 ], [ 75.9016, 15.7494 ], [ 75.8972, 15.7504 ], [ 75.8927, 15.7391 ], [ 75.8821, 15.7369 ], [ 75.8897, 15.7278 ], [ 75.8873, 15.7175 ], [ 75.8702, 15.715 ], [ 75.8706, 15.6733 ], [ 75.8846, 15.6719 ], [ 75.8872, 15.6685 ], [ 75.886, 15.6339 ], [ 75.8945, 15.6322 ], [ 75.8939, 15.625 ], [ 75.8983, 15.6243 ], [ 75.8977, 15.6059 ], [ 75.895, 15.6062 ], [ 75.8949, 15.6022 ], [ 75.8821, 15.5996 ], [ 75.8829, 15.5957 ], [ 75.8664, 15.5955 ], [ 75.8675, 15.5611 ], [ 75.8599, 15.5137 ], [ 75.8499, 15.5157 ], [ 75.8491, 15.5129 ], [ 75.8322, 15.5099 ], [ 75.8315, 15.5071 ], [ 75.8187, 15.5082 ], [ 75.8232, 15.4968 ], [ 75.8145, 15.4956 ], [ 75.8156, 15.4871 ], [ 75.8092, 15.4878 ], [ 75.8106, 15.4756 ], [ 75.8125, 15.4673 ], [ 75.8184, 15.469 ], [ 75.8193, 15.4561 ], [ 75.825, 15.4532 ], [ 75.8233, 15.4516 ], [ 75.8364, 15.4471 ], [ 75.8399, 15.443 ], [ 75.8583, 15.4437 ], [ 75.8593, 15.423 ], [ 75.8648, 15.423 ], [ 75.8654, 15.408 ], [ 75.8865, 15.4082 ], [ 75.904, 15.4028 ], [ 75.903, 15.3538 ], [ 75.8881, 15.353 ], [ 75.893, 15.319 ], [ 75.8876, 15.2974 ], [ 75.8897, 15.2873 ], [ 75.8985, 15.2757 ], [ 75.8949, 15.274 ], [ 75.9, 15.2456 ], [ 75.9039, 15.2393 ], [ 75.912, 15.2408 ], [ 75.9244, 15.2058 ], [ 75.9247, 15.1826 ], [ 75.9479, 15.1729 ], [ 75.9514, 15.1355 ], [ 75.9298, 15.1408 ], [ 75.9022, 15.1304 ], [ 75.8979, 15.1178 ], [ 75.8874, 15.1105 ], [ 75.8849, 15.1041 ], [ 75.8886, 15.0955 ], [ 75.9083, 15.0791 ], [ 75.9056, 15.0576 ], [ 75.8841, 15.0528 ], [ 75.8777, 15.0394 ], [ 75.8722, 15.0349 ], [ 75.8584, 15.0366 ], [ 75.8477, 15.0446 ], [ 75.8371, 15.0399 ], [ 75.8308, 15.0281 ], [ 75.8091, 15.0263 ], [ 75.7838, 14.9995 ], [ 75.7789, 14.977 ], [ 75.7612, 14.9668 ], [ 75.7547, 14.9568 ], [ 75.7396, 14.9439 ], [ 75.7214, 14.9507 ], [ 75.7012, 14.9469 ], [ 75.695, 14.9675 ], [ 75.6888, 14.9752 ], [ 75.6666, 14.9874 ], [ 75.6413, 14.9916 ], [ 75.6322, 14.9915 ], [ 75.6296, 14.9839 ], [ 75.6178, 14.9809 ], [ 75.6188, 14.9742 ], [ 75.6096, 14.9735 ], [ 75.6112, 14.9579 ], [ 75.6028, 14.9546 ], [ 75.5958, 14.9559 ], [ 75.5896, 14.9585 ], [ 75.5836, 14.9686 ], [ 75.5647, 14.9717 ], [ 75.5652, 14.9795 ], [ 75.5413, 14.9783 ], [ 75.5424, 15.015 ], [ 75.538, 15.0191 ], [ 75.5407, 15.0205 ], [ 75.5333, 15.0346 ], [ 75.5205, 15.033 ], [ 75.5076, 15.044 ], [ 75.4947, 15.0464 ], [ 75.4762, 15.0439 ], [ 75.4682, 15.047 ], [ 75.4608, 15.0438 ], [ 75.4604, 15.0498 ], [ 75.4519, 15.0494 ], [ 75.4489, 15.0604 ], [ 75.4168, 15.0613 ], [ 75.4166, 15.0849 ], [ 75.4243, 15.0915 ], [ 75.4225, 15.0987 ], [ 75.4327, 15.1043 ], [ 75.434, 15.108 ], [ 75.4288, 15.1266 ], [ 75.4159, 15.1421 ], [ 75.4119, 15.1621 ], [ 75.4059, 15.1622 ], [ 75.4055, 15.1656 ], [ 75.3955, 15.1652 ], [ 75.3945, 15.1727 ], [ 75.4002, 15.1734 ], [ 75.3983, 15.2008 ], [ 75.4327, 15.1988 ], [ 75.4336, 15.2097 ], [ 75.4493, 15.208 ], [ 75.4404, 15.2273 ], [ 75.4228, 15.2263 ], [ 75.4217, 15.2351 ], [ 75.416, 15.2342 ], [ 75.4141, 15.2508 ], [ 75.4175, 15.2559 ], [ 75.4165, 15.2622 ], [ 75.4118, 15.2645 ], [ 75.4023, 15.2605 ], [ 75.4021, 15.2732 ], [ 75.4168, 15.2756 ], [ 75.4164, 15.2795 ], [ 75.4064, 15.2781 ], [ 75.4123, 15.3002 ], [ 75.45, 15.3014 ], [ 75.4494, 15.3275 ], [ 75.4535, 15.3414 ], [ 75.4574, 15.3419 ], [ 75.4545, 15.3603 ], [ 75.4485, 15.3592 ], [ 75.4453, 15.3863 ], [ 75.4686, 15.3856 ], [ 75.4696, 15.397 ], [ 75.4822, 15.3929 ], [ 75.4814, 15.3786 ], [ 75.485, 15.3781 ], [ 75.4859, 15.3719 ], [ 75.4899, 15.3724 ], [ 75.4904, 15.3679 ], [ 75.4932, 15.3685 ], [ 75.492, 15.3788 ], [ 75.4987, 15.4231 ], [ 75.4926, 15.4478 ], [ 75.4947, 15.4702 ], [ 75.4869, 15.4893 ], [ 75.471, 15.4931 ], [ 75.4736, 15.5197 ], [ 75.4766, 15.52 ], [ 75.4826, 15.5318 ], [ 75.5053, 15.5303 ], [ 75.5294, 15.5379 ], [ 75.5282, 15.5666 ], [ 75.5346, 15.591 ], [ 75.5377, 15.5913 ], [ 75.541, 15.5972 ], [ 75.5429, 15.6103 ], [ 75.549, 15.613 ], [ 75.5543, 15.6469 ], [ 75.5022, 15.6476 ], [ 75.4874, 15.7033 ], [ 75.4688, 15.7016 ], [ 75.4726, 15.6872 ], [ 75.4697, 15.6835 ], [ 75.4538, 15.6821 ], [ 75.4502, 15.6779 ], [ 75.4465, 15.681 ], [ 75.4453, 15.673 ], [ 75.4235, 15.6684 ], [ 75.4244, 15.6627 ], [ 75.4173, 15.6614 ], [ 75.4134, 15.6561 ], [ 75.4068, 15.6554 ], [ 75.3856, 15.6651 ], [ 75.3626, 15.669 ], [ 75.3599, 15.6457 ], [ 75.3361, 15.6479 ], [ 75.3366, 15.674 ], [ 75.3115, 15.6811 ], [ 75.295, 15.6918 ], [ 75.2786, 15.6898 ], [ 75.2767, 15.7221 ], [ 75.2737, 15.7254 ], [ 75.2752, 15.7407 ], [ 75.2931, 15.7413 ], [ 75.2933, 15.7283 ], [ 75.3138, 15.7303 ], [ 75.3179, 15.7466 ], [ 75.3176, 15.7642 ], [ 75.3054, 15.7664 ], [ 75.303, 15.8124 ], [ 75.3201, 15.8128 ], [ 75.3207, 15.8105 ], [ 75.3268, 15.813 ], [ 75.333, 15.8166 ], [ 75.33, 15.8245 ], [ 75.3389, 15.8277 ], [ 75.3409, 15.8045 ], [ 75.3649, 15.8043 ], [ 75.3756, 15.846 ], [ 75.3824, 15.8435 ], [ 75.3852, 15.8386 ], [ 75.403, 15.8419 ], [ 75.4075, 15.8386 ], [ 75.425, 15.8424 ], [ 75.4241, 15.8254 ], [ 75.414, 15.7841 ], [ 75.4366, 15.7781 ], [ 75.4397, 15.7951 ], [ 75.4477, 15.7937 ], [ 75.4514, 15.8108 ], [ 75.4578, 15.8178 ], [ 75.4576, 15.8614 ], [ 75.4513, 15.8619 ], [ 75.4529, 15.8821 ], [ 75.4489, 15.885 ], [ 75.4497, 15.8872 ], [ 75.4617, 15.8865 ] ] ] } },
{ "type": "Feature", "properties": { "area_id": "KGIS-D-09", "name_en": "Dharwad", "name_kn": "ಧಾರವಾಡ", "level": "district", "parent_id": null, "district_en": "Dharwad", "lgd_code": null }, "geometry": { "type": "Polygon", "coordinates": [ [ [ 75.4874, 15.7033 ], [ 75.5022, 15.6476 ], [ 75.5543, 15.6469 ], [ 75.549, 15.613 ], [ 75.5429, 15.6103 ], [ 75.541, 15.5972 ], [ 75.5377, 15.5913 ], [ 75.5346, 15.591 ], [ 75.5282, 15.5666 ], [ 75.5294, 15.5379 ], [ 75.5053, 15.5303 ], [ 75.4826, 15.5318 ], [ 75.4766, 15.52 ], [ 75.4736, 15.5197 ], [ 75.471, 15.4931 ], [ 75.4869, 15.4893 ], [ 75.4947, 15.4702 ], [ 75.4926, 15.4478 ], [ 75.4987, 15.4231 ], [ 75.492, 15.3788 ], [ 75.4932, 15.3685 ], [ 75.4904, 15.3679 ], [ 75.4899, 15.3724 ], [ 75.4859, 15.3719 ], [ 75.485, 15.3781 ], [ 75.4814, 15.3786 ], [ 75.4822, 15.3929 ], [ 75.4696, 15.397 ], [ 75.4686, 15.3856 ], [ 75.4453, 15.3863 ], [ 75.4485, 15.3592 ], [ 75.4545, 15.3603 ], [ 75.4574, 15.3419 ], [ 75.4535, 15.3414 ], [ 75.4494, 15.3275 ], [ 75.45, 15.3014 ], [ 75.4123, 15.3002 ], [ 75.4064, 15.2781 ], [ 75.4164, 15.2795 ], [ 75.4168, 15.2756 ], [ 75.4021, 15.2732 ], [ 75.4023, 15.2605 ], [ 75.4118, 15.2645 ], [ 75.4165, 15.2622 ], [ 75.4175, 15.2559 ], [ 75.4141, 15.2508 ], [ 75.416, 15.2342 ], [ 75.4217, 15.2351 ], [ 75.4228, 15.2263 ], [ 75.4404, 15.2273 ], [ 75.4493, 15.208 ], [ 75.4336, 15.2097 ], [ 75.4327, 15.1988 ], [ 75.3983, 15.2008 ], [ 75.4002, 15.1734 ], [ 75.3945, 15.1727 ], [ 75.3955, 15.1652 ], [ 75.4055, 15.1656 ], [ 75.4059, 15.1622 ], [ 75.4119, 15.1621 ], [ 75.4159, 15.1421 ], [ 75.4288, 15.1266 ], [ 75.434, 15.108 ], [ 75.4327, 15.1043 ], [ 75.4225, 15.0987 ], [ 75.4243, 15.0915 ], [ 75.4166, 15.0849 ], [ 75.4166, 15.0591 ], [ 75.4015, 15.0601 ], [ 75.3748, 15.0503 ], [ 75.367, 15.0504 ], [ 75.357, 15.0659 ], [ 75.3467, 15.0646 ], [ 75.3393, 15.0699 ], [ 75.3343, 15.0815 ], [ 75.3398, 15.0867 ], [ 75.339, 15.0911 ], [ 75.3497, 15.0943 ], [ 75.3504, 15.1017 ], [ 75.3396, 15.1067 ], [ 75.3369, 15.1116 ], [ 75.3357, 15.1613 ], [ 75.3056, 15.1541 ], [ 75.3059, 15.1383 ], [ 75.2867, 15.1368 ], [ 75.2883, 15.1293 ], [ 75.2698, 15.1188 ], [ 75.2587, 15.1176 ], [ 75.2577, 15.0984 ], [ 75.2524, 15.098 ], [ 75.2506, 15.1073 ], [ 75.2391, 15.1068 ], [ 75.2387, 15.1094 ], [ 75.2256, 15.1071 ], [ 75.2251, 15.1002 ], [ 75.1882, 15.0986 ], [ 75.1866, 15.104 ], [ 75.1579, 15.102 ], [ 75.1584, 15.1105 ], [ 75.1392, 15.1024 ], [ 75.1337, 15.1181 ], [ 75.1374, 15.1199 ], [ 75.1372, 15.1294 ], [ 75.1454, 15.1337 ], [ 75.1529, 15.1456 ], [ 75.1416, 15.1593 ], [ 75.1352, 15.1575 ], [ 75.1338, 15.1483 ], [ 75.1304, 15.1448 ], [ 75.126, 15.1457 ], [ 75.1219, 15.1403 ], [ 75.1106, 15.1385 ], [ 75.1048, 15.1407 ], [ 75.1072, 15.1392 ], [ 75.1063, 15.1304 ], [ 75.1146, 15.1214 ], [ 75.1135, 15.1173 ], [ 75.0951, 15.114 ], [ 75.0952, 15.1102 ], [ 75.078, 15.1104 ], [ 75.0817, 15.0744 ], [ 75.0709, 15.0704 ], [ 75.0583, 15.0713 ], [ 75.0554, 15.0727 ], [ 75.0533, 15.0824 ], [ 75.0348, 15.0789 ], [ 75.0304, 15.0731 ], [ 75.02, 15.0701 ], [ 75.0184, 15.0726 ], [ 75.0129, 15.0681 ], [ 75.0074, 15.0713 ], [ 74.9985, 15.0697 ], [ 74.9918, 15.0736 ], [ 74.9789, 15.0689 ], [ 74.9633, 15.0694 ], [ 74.9573, 15.0641 ], [ 74.9509, 15.0676 ], [ 74.9442, 15.0642 ], [ 74.9403, 15.0666 ], [ 74.9401, 15.0519 ], [ 74.9242, 15.0484 ], [ 74.9173, 15.0389 ], [ 74.9104, 15.0403 ], [ 74.9079, 15.0497 ], [ 74.8917, 15.0446 ], [ 74.8874, 15.0664 ], [ 74.8774, 15.0738 ], [ 74.8798, 15.084 ], [ 74.89, 15.0907 ], [ 74.8926, 15.0966 ], [ 74.8888, 15.1 ], [ 74.8584, 15.1042 ], [ 74.8531, 15.1123 ], [ 74.8518, 15.1213 ], [ 74.845, 15.122 ], [ 74.8397, 15.1303 ], [ 74.8313, 15.133 ], [ 74.829, 15.1397 ], [ 74.8379, 15.144 ], [ 74.835, 15.1487 ], [ 74.8481, 15.1627 ], [ 74.8501, 15.1711 ], [ 74.8626, 15.1788 ], [ 74.8648, 15.1865 ], [ 74.8775, 15.193 ], [ 74.8724, 15.2162 ], [ 74.882, 15.2241 ], [ 74.8851, 15.2328 ], [ 74.9102, 15.2518 ], [ 74.9066, 15.2782 ], [ 74.9004, 15.2943 ], [ 74.8971, 15.3013 ], [ 74.8945, 15.2991 ], [ 74.8893, 15.3046 ], [ 74.8814, 15.2981 ], [ 74.875, 15.3002 ], [ 74.8775, 15.317 ], [ 74.8611, 15.3276 ], [ 74.8548, 15.3405 ], [ 74.8356, 15.3347 ], [ 74.8291, 15.3398 ], [ 74.819, 15.3708 ], [ 74.8306, 15.3735 ], [ 74.8202, 15.3852 ], [ 74.8097, 15.3793 ], [ 74.7923, 15.3788 ], [ 74.7854, 15.3851 ], [ 74.7816, 15.3942 ], [ 74.7693, 15.4014 ], [ 74.7655, 15.3983 ], [ 74.7645, 15.4016 ], [ 74.7706, 15.4086 ], [ 74.7677, 15.4108 ], [ 74.7681, 15.4174 ], [ 74.7574, 15.4111 ], [ 74.7409, 15.4115 ], [ 74.7409, 15.4192 ], [ 74.7334, 15.4226 ], [ 74.7295, 15.4301 ], [ 74.7299, 15.4354 ], [ 74.7367, 15.44 ], [ 74.7355, 15.4441 ], [ 74.7424, 15.4518 ], [ 74.7439, 15.4631 ], [ 74.7434, 15.4662 ], [ 74.7361, 15.4659 ], [ 74.7321, 15.4693 ], [ 74.727, 15.4883 ], [ 74.7482, 15.4954 ], [ 74.7543, 15.488 ], [ 74.7557, 15.4765 ], [ 74.7602, 15.4708 ], [ 74.7645, 15.4732 ], [ 74.7689, 15.4705 ], [ 74.7783, 15.4585 ], [ 74.7854, 15.4714 ], [ 74.786, 15.4858 ], [ 74.7944, 15.4875 ], [ 74.7987, 15.4936 ], [ 74.7973, 15.4975 ], [ 74.8055, 15.4974 ], [ 74.802, 15.5015 ], [ 74.8144, 15.504 ], [ 74.8094, 15.5106 ], [ 74.8116, 15.5204 ], [ 74.7972, 15.5476 ], [ 74.8077, 15.5504 ], [ 74.8235, 15.5679 ], [ 74.8409, 15.5746 ], [ 74.8322, 15.591 ], [ 74.83, 15.5901 ], [ 74.8286, 15.6084 ], [ 74.8387, 15.612 ], [ 74.8404, 15.6082 ], [ 74.8466, 15.6082 ], [ 74.878, 15.6171 ], [ 74.8776, 15.6222 ], [ 74.892, 15.6307 ], [ 74.9125, 15.6305 ], [ 74.9327, 15.6226 ], [ 74.9652, 15.6264 ], [ 74.9642, 15.6454 ], [ 74.9669, 15.6531 ], [ 74.9787, 15.6483 ], [ 74.9916, 15.651 ], [ 75.0194, 15.6448 ], [ 75.0233, 15.6521 ], [ 75.0275, 15.652 ], [ 75.0285, 15.6701 ], [ 75.0469, 15.6704 ], [ 75.0498, 15.6828 ], [ 75.0596, 15.683 ], [ 75.0633, 15.6692 ], [ 75.0557, 15.6326 ], [ 75.0619, 15.6302 ], [ 75.064, 15.6251 ], [ 75.0802, 15.6225 ], [ 75.0922, 15.6085 ], [ 75.1007, 15.6622 ], [ 75.105, 15.6612 ], [ 75.1072, 15.6722 ], [ 75.1233, 15.6685 ], [ 75.1324, 15.6604 ], [ 75.1402, 15.6584 ], [ 75.1512, 15.6617 ], [ 75.1554, 15.6593 ], [ 75.1715, 15.6604 ], [ 75.1804, 15.6561 ], [ 75.1835, 15.6577 ], [ 75.1869, 15.6493 ], [ 75.2023, 15.6492 ], [ 75.2034, 15.6814 ], [ 75.2184, 15.681 ], [ 75.2181, 15.6774 ], [ 75.2361, 15.6793 ], [ 75.2488, 15.6471 ], [ 75.2732, 15.6481 ], [ 75.2719, 15.6614 ], [ 75.2773, 15.689 ], [ 75.295, 15.6918 ], [ 75.3115, 15.6811 ], [ 75.3366, 15.674 ], [ 75.336, 15.6479 ], [ 75.3599, 15.6457 ], [ 75.3626, 15.669 ], [ 75.3856, 15.6651 ], [ 75.4115, 15.6555 ], [ 75.4173, 15.6614 ], [ 75.4244, 15.6627 ], [ 75.4235, 15.6684 ], [ 75.4453, 15.673 ], [ 75.4465, 15.681 ], [ 75.4502, 15.6779 ], [ 75.4538, 15.6821 ], [ 75.4697, 15.6835 ], [ 75.4726, 15.6872 ], [ 75.4688, 15.7016 ], [ 75.4874, 15.7033 ] ] ] } },
{ "type": "Feature", "properties": { "area_id": "KGIS-D-10", "name_en": "Uttara Kannada", "name_kn": "ಉತ್ತರ ಕನ್ನಡ", "level": "district", "parent_id": null, "district_en": "Uttara Kannada", "lgd_code": null }, "geometry": { "type": "MultiPolygon", "coordinates": [ [ [ [ 74.2807, 14.6564 ], [ 74.2808, 14.6561 ], [ 74.2805, 14.656 ], [ 74.2807, 14.6564 ] ] ], [ [ [ 74.2566, 14.7242 ], [ 74.2555, 14.7207 ], [ 74.2542, 14.7217 ], [ 74.2566, 14.7242 ] ] ], [ [ [ 74.3269, 15.5163 ], [ 74.3417, 15.5182 ], [ 74.3736, 15.4796 ], [ 74.3864, 15.4836 ], [ 74.4043, 15.4734 ], [ 74.4121, 15.4742 ], [ 74.4179, 15.4694 ], [ 74.4221, 15.4632 ], [ 74.4228, 15.4219 ], [ 74.4289, 15.3987 ], [ 74.4322, 15.3971 ], [ 74.4395, 15.406 ], [ 74.452, 15.408 ], [ 74.4457, 15.4196 ], [ 74.4604, 15.4206 ], [ 74.4562, 15.4244 ], [ 74.4629, 15.4331 ], [ 74.4724, 15.4329 ], [ 74.4777, 15.4289 ], [ 74.4817, 15.4303 ], [ 74.4844, 15.4373 ], [ 74.4918, 15.4438 ], [ 74.4913, 15.4354 ], [ 74.4946, 15.4384 ], [ 74.5061, 15.4336 ], [ 74.5096, 15.4276 ], [ 74.5061, 15.4125 ], [ 74.5099, 15.4029 ], [ 74.5165, 15.402 ], [ 74.5337, 15.4187 ], [ 74.5471, 15.4148 ], [ 74.5676, 15.4034 ], [ 74.5741, 15.3922 ], [ 74.5877, 15.3805 ], [ 74.5957, 15.3778 ], [ 74.6138, 15.3593 ], [ 74.6351, 15.3682 ], [ 74.6491, 15.3906 ], [ 74.6889, 15.3987 ], [ 74.6986, 15.4098 ], [ 74.7063, 15.4073 ], [ 74.7175, 15.4111 ], [ 74.7319, 15.408 ], [ 74.7457, 15.4126 ], [ 74.7574, 15.4111 ], [ 74.7681, 15.4174 ], [ 74.7677, 15.4108 ], [ 74.7706, 15.4086 ], [ 74.7645, 15.4016 ], [ 74.7655, 15.3983 ], [ 74.7693, 15.4014 ], [ 74.7816, 15.3942 ], [ 74.7868, 15.3833 ], [ 74.7953, 15.3777 ], [ 74.8097, 15.3793 ], [ 74.8202, 15.3852 ], [ 74.8306, 15.3735 ], [ 74.819, 15.3708 ], [ 74.8278, 15.3414 ], [ 74.8356, 15.3347 ], [ 74.8548, 15.3405 ], [ 74.8611, 15.3276 ], [ 74.8775, 15.317 ], [ 74.875, 15.3002 ], [ 74.8814, 15.2981 ], [ 74.8893, 15.3046 ], [ 74.8945, 15.2991 ], [ 74.8971, 15.3013 ], [ 74.9062, 15.2799 ], [ 74.9102, 15.2518 ], [ 74.8851, 15.2328 ], [ 74.882, 15.2241 ], [ 74.8724, 15.2162 ], [ 74.8775, 15.193 ], [ 74.8648, 15.1865 ], [ 74.8626, 15.1788 ], [ 74.8501, 15.1711 ], [ 74.8481, 15.1627 ], [ 74.835, 15.1487 ], [ 74.8379, 15.144 ], [ 74.829, 15.1397 ], [ 74.8313, 15.133 ], [ 74.8397, 15.1303 ], [ 74.845, 15.122 ], [ 74.8518, 15.1213 ], [ 74.8531, 15.1123 ], [ 74.8584, 15.1042 ], [ 74.8888, 15.1 ], [ 74.8926, 15.0966 ], [ 74.89, 15.0907 ], [ 74.8798, 15.084 ], [ 74.8774, 15.0738 ], [ 74.8874, 15.0664 ], [ 74.8908, 15.0455 ], [ 74.9079, 15.0497 ], [ 74.9104, 15.0403 ], [ 74.9173, 15.0389 ], [ 74.9242, 15.0484 ], [ 74.9401, 15.0519 ], [ 74.9403, 15.0666 ], [ 74.9442, 15.0642 ], [ 74.9509, 15.0676 ], [ 74.9573, 15.0641 ], [ 74.9633, 15.0694 ], [ 74.9789, 15.0689 ], [ 74.9918, 15.0736 ], [ 74.9985, 15.0697 ], [ 75.0074, 15.0713 ], [ 75.0129, 15.0681 ], [ 75.0184, 15.0726 ], [ 75.02, 15.0701 ], [ 75.0304, 15.0731 ], [ 75.0348, 15.0789 ], [ 75.0533, 15.0824 ], [ 75.0554, 15.0727 ], [ 75.0583, 15.0713 ], [ 75.0709, 15.0704 ], [ 75.0825, 15.0746 ], [ 75.0739, 15.0524 ], [ 75.0724, 15.0414 ], [ 75.077, 15.0379 ], [ 75.0715, 15.0179 ], [ 75.0681, 15.0147 ], [ 75.0732, 14.9997 ], [ 75.0759, 14.974 ], [ 75.0816, 14.9695 ], [ 75.0845, 14.9566 ], [ 75.1002, 14.9553 ], [ 75.095, 14.9508 ], [ 75.1034, 14.9351 ], [ 75.1023, 14.9276 ], [ 75.0854, 14.9268 ], [ 75.0872, 14.921 ], [ 75.0803, 14.9224 ], [ 75.0671, 14.9191 ], [ 75.0711, 14.8718 ], [ 75.0739, 14.8676 ], [ 75.0709, 14.8676 ], [ 75.0697, 14.8633 ], [ 75.0741, 14.8561 ], [ 75.0677, 14.8368 ], [ 75.0718, 14.834 ], [ 75.0738, 14.8262 ], [ 75.0905, 14.8202 ], [ 75.0917, 14.8111 ], [ 75.0739, 14.8082 ], [ 75.0553, 14.8146 ], [ 75.056, 14.8051 ], [ 75.0688, 14.798 ], [ 75.0671, 14.7861 ], [ 75.0708, 14.7824 ], [ 75.0663, 14.783 ], [ 75.0636, 14.7766 ], [ 75.0406, 14.7741 ], [ 75.0416, 14.7593 ], [ 75.0469, 14.7519 ], [ 75.0477, 14.7441 ], [ 75.0438, 14.7433 ], [ 75.0447, 14.739 ], [ 75.0371, 14.7385 ], [ 75.0381, 14.7274 ], [ 75.0307, 14.7299 ], [ 75.0277, 14.7254 ], [ 75.0208, 14.7254 ], [ 75.0143, 14.7193 ], [ 75.017, 14.7107 ], [ 75.0215, 14.7115 ], [ 75.0246, 14.7083 ], [ 75.0329, 14.71 ], [ 75.0322, 14.6949 ], [ 75.0359, 14.6765 ], [ 75.0306, 14.6725 ], [ 75.0313, 14.6651 ], [ 75.0353, 14.658 ], [ 75.0409, 14.6608 ], [ 75.0525, 14.6486 ], [ 75.0502, 14.6419 ], [ 75.0395, 14.637 ], [ 75.0239, 14.6072 ], [ 75.0279, 14.5847 ], [ 75.0228, 14.5793 ], [ 75.0246, 14.5753 ], [ 75.0206, 14.5745 ], [ 75.0223, 14.5642 ], [ 75.0239, 14.5607 ], [ 75.0346, 14.5591 ], [ 75.0444, 14.5458 ], [ 75.0548, 14.5487 ], [ 75.0605, 14.5431 ], [ 75.0533, 14.5387 ], [ 75.0522, 14.5339 ], [ 75.0377, 14.5287 ], [ 75.0421, 14.5153 ], [ 75.0408, 14.5001 ], [ 75.0195, 14.4971 ], [ 75.0064, 14.4881 ], [ 75.0087, 14.4845 ], [ 75.004, 14.48 ], [ 74.9897, 14.4722 ], [ 74.9846, 14.4883 ], [ 74.9928, 14.4952 ], [ 74.9795, 14.5168 ], [ 74.9724, 14.5197 ], [ 74.9745, 14.5245 ], [ 74.9804, 14.5256 ], [ 74.9784, 14.5493 ], [ 74.9623, 14.551 ], [ 74.9557, 14.5547 ], [ 74.9505, 14.5367 ], [ 74.9428, 14.5343 ], [ 74.9377, 14.5187 ], [ 74.9284, 14.5285 ], [ 74.9039, 14.5316 ], [ 74.9013, 14.5293 ], [ 74.9024, 14.5155 ], [ 74.8955, 14.5083 ], [ 74.8889, 14.48 ], [ 74.8937, 14.4737 ], [ 74.9177, 14.467 ], [ 74.9204, 14.4589 ], [ 74.9089, 14.4579 ], [ 74.8989, 14.4646 ], [ 74.8885, 14.4603 ], [ 74.8739, 14.4473 ], [ 74.8812, 14.4333 ], [ 74.8803, 14.4294 ], [ 74.9177, 14.4307 ], [ 74.9336, 14.4037 ], [ 74.9492, 14.3988 ], [ 74.9493, 14.3761 ], [ 74.9401, 14.3679 ], [ 74.9389, 14.3585 ], [ 74.9552, 14.3498 ], [ 74.9608, 14.341 ], [ 74.9744, 14.3381 ], [ 74.9758, 14.3333 ], [ 74.9696, 14.3255 ], [ 74.9721, 14.3206 ], [ 74.9733, 14.3228 ], [ 74.9771, 14.3203 ], [ 74.9721, 14.3168 ], [ 74.9648, 14.3175 ], [ 74.9579, 14.3239 ], [ 74.9522, 14.3173 ], [ 74.9491, 14.32 ], [ 74.9421, 14.3183 ], [ 74.9366, 14.3225 ], [ 74.9204, 14.3157 ], [ 74.9138, 14.2996 ], [ 74.9056, 14.2934 ], [ 74.9099, 14.2777 ], [ 74.9166, 14.273 ], [ 74.9262, 14.2773 ], [ 74.9284, 14.2646 ], [ 74.9345, 14.2633 ], [ 74.9366, 14.2557 ], [ 74.9392, 14.2558 ], [ 74.9358, 14.2432 ], [ 74.9308, 14.241 ], [ 74.9292, 14.2348 ], [ 74.921, 14.2273 ], [ 74.909, 14.2274 ], [ 74.9054, 14.2301 ], [ 74.8965, 14.227 ], [ 74.897, 14.2191 ], [ 74.8879, 14.2147 ], [ 74.8785, 14.2141 ], [ 74.8799, 14.2198 ], [ 74.8757, 14.2193 ], [ 74.8759, 14.226 ], [ 74.8809, 14.2329 ], [ 74.8734, 14.2403 ], [ 74.8694, 14.2363 ], [ 74.8673, 14.2183 ], [ 74.8602, 14.2175 ], [ 74.8571, 14.2102 ], [ 74.8537, 14.2092 ], [ 74.8487, 14.217 ], [ 74.8396, 14.2228 ], [ 74.8389, 14.2275 ], [ 74.8325, 14.2292 ], [ 74.8227, 14.2255 ], [ 74.8188, 14.2306 ], [ 74.8099, 14.2283 ], [ 74.7989, 14.2312 ], [ 74.7927, 14.228 ], [ 74.776, 14.2408 ], [ 74.7527, 14.2516 ], [ 74.733, 14.2674 ], [ 74.7126, 14.2329 ], [ 74.7261, 14.1738 ], [ 74.7476, 14.1569 ], [ 74.7491, 14.1421 ], [ 74.747, 14.1414 ], [ 74.7447, 14.1492 ], [ 74.7208, 14.1544 ], [ 74.709, 14.1673 ], [ 74.6994, 14.1679 ], [ 74.6938, 14.1702 ], [ 74.6958, 14.1728 ], [ 74.6648, 14.183 ], [ 74.6527, 14.1673 ], [ 74.6505, 14.1697 ], [ 74.6298, 14.1639 ], [ 74.627, 14.1581 ], [ 74.6292, 14.1441 ], [ 74.6441, 14.1404 ], [ 74.646, 14.1147 ], [ 74.6555, 14.1154 ], [ 74.6459, 14.1024 ], [ 74.6621, 14.0857 ], [ 74.6764, 14.0618 ], [ 74.6723, 14.0482 ], [ 74.6781, 14.0423 ], [ 74.6762, 14.0234 ], [ 74.6614, 13.9936 ], [ 74.6647, 13.981 ], [ 74.6466, 13.9631 ], [ 74.6517, 13.9444 ], [ 74.6481, 13.944 ], [ 74.6478, 13.9407 ], [ 74.6383, 13.9392 ], [ 74.6336, 13.9399 ], [ 74.6352, 13.9441 ], [ 74.6311, 13.944 ], [ 74.6317, 13.9462 ], [ 74.6206, 13.9358 ], [ 74.6186, 13.9418 ], [ 74.6064, 13.9408 ], [ 74.5968, 13.932 ], [ 74.5953, 13.9418 ], [ 74.5901, 13.9306 ], [ 74.582, 13.9259 ], [ 74.5791, 13.9261 ], [ 74.5674, 13.9495 ], [ 74.5615, 13.9458 ], [ 74.5577, 13.9518 ], [ 74.5492, 13.9491 ], [ 74.5478, 13.956 ], [ 74.5417, 13.9587 ], [ 74.539, 13.9658 ], [ 74.532, 13.9646 ], [ 74.529, 13.9729 ], [ 74.5149, 13.9875 ], [ 74.5025, 14.021 ], [ 74.5045, 14.0257 ], [ 74.5014, 14.0279 ], [ 74.4998, 14.0497 ], [ 74.4934, 14.077 ], [ 74.4858, 14.0944 ], [ 74.4886, 14.1074 ], [ 74.4857, 14.1107 ], [ 74.4811, 14.1372 ], [ 74.4764, 14.1412 ], [ 74.4782, 14.1447 ], [ 74.4708, 14.1823 ], [ 74.4662, 14.1818 ], [ 74.4601, 14.2009 ], [ 74.4543, 14.2001 ], [ 74.4495, 14.2083 ], [ 74.4382, 14.2453 ], [ 74.4221, 14.2792 ], [ 74.4234, 14.2872 ], [ 74.4127, 14.3154 ], [ 74.413, 14.327 ], [ 74.4046, 14.3577 ], [ 74.4029, 14.3705 ], [ 74.4059, 14.3704 ], [ 74.3975, 14.4096 ], [ 74.395, 14.4167 ], [ 74.3857, 14.4158 ], [ 74.3792, 14.4219 ], [ 74.3821, 14.4261 ], [ 74.3786, 14.431 ], [ 74.3821, 14.4329 ], [ 74.382, 14.4387 ], [ 74.3738, 14.4604 ], [ 74.3761, 14.4606 ], [ 74.3688, 14.473 ], [ 74.3609, 14.4996 ], [ 74.3545, 14.5022 ], [ 74.3551, 14.5094 ], [ 74.3407, 14.5138 ], [ 74.3373, 14.5189 ], [ 74.3274, 14.5154 ], [ 74.326, 14.5198 ], [ 74.3101, 14.5209 ], [ 74.3166, 14.5275 ], [ 74.3112, 14.5364 ], [ 74.3151, 14.5423 ], [ 74.2947, 14.5917 ], [ 74.2964, 14.6011 ], [ 74.2913, 14.6013 ], [ 74.2799, 14.6111 ], [ 74.2761, 14.6247 ], [ 74.2708, 14.6277 ], [ 74.2794, 14.6257 ], [ 74.2853, 14.6341 ], [ 74.2849, 14.6472 ], [ 74.2808, 14.6493 ], [ 74.2822, 14.652 ], [ 74.2806, 14.661 ], [ 74.2756, 14.6663 ], [ 74.2758, 14.6703 ], [ 74.283, 14.675 ], [ 74.2688, 14.7032 ], [ 74.2608, 14.7076 ], [ 74.257, 14.7065 ], [ 74.265, 14.7114 ], [ 74.263, 14.7113 ], [ 74.2632, 14.719 ], [ 74.2496, 14.7398 ], [ 74.2375, 14.7482 ], [ 74.2266, 14.7463 ], [ 74.2278, 14.7385 ], [ 74.2241, 14.7345 ], [ 74.2023, 14.7332 ], [ 74.2057, 14.726 ], [ 74.1934, 14.7264 ], [ 74.1949, 14.7294 ], [ 74.1897, 14.7401 ], [ 74.1802, 14.7508 ], [ 74.1718, 14.7511 ], [ 74.1729, 14.7545 ], [ 74.1583, 14.7544 ], [ 74.1586, 14.747 ], [ 74.157, 14.7444 ], [ 74.1534, 14.7457 ], [ 74.1498, 14.7499 ], [ 74.1578, 14.76 ], [ 74.143, 14.78 ], [ 74.1215, 14.7794 ], [ 74.1214, 14.7836 ], [ 74.1154, 14.7897 ], [ 74.1086, 14.7844 ], [ 74.1098, 14.7915 ], [ 74.104, 14.7921 ], [ 74.0937, 14.8042 ], [ 74.0938, 14.8075 ], [ 74.1025, 14.8095 ], [ 74.1051, 14.8061 ], [ 74.1076, 14.8077 ], [ 74.1072, 14.8052 ], [ 74.1206, 14.8014 ], [ 74.1255, 14.8059 ], [ 74.1279, 14.8161 ], [ 74.1247, 14.8347 ], [ 74.1271, 14.8398 ], [ 74.1119, 14.8486 ], [ 74.1081, 14.869 ], [ 74.1039, 14.8769 ], [ 74.0999, 14.8809 ], [ 74.1008, 14.8912 ], [ 74.0957, 14.898 ], [ 74.0854, 14.8998 ], [ 74.0942, 14.9105 ], [ 74.1014, 14.915 ], [ 74.1051, 14.9128 ], [ 74.109, 14.9168 ], [ 74.1206, 14.9176 ], [ 74.1248, 14.9252 ], [ 74.1354, 14.9202 ], [ 74.1402, 14.9237 ], [ 74.1605, 14.9131 ], [ 74.1651, 14.9197 ], [ 74.1537, 14.9403 ], [ 74.1594, 14.956 ], [ 74.1642, 14.9589 ], [ 74.1807, 14.9576 ], [ 74.181, 14.9502 ], [ 74.1949, 14.9429 ], [ 74.197, 14.9381 ], [ 74.1939, 14.9326 ], [ 74.2016, 14.9256 ], [ 74.2135, 14.9405 ], [ 74.2149, 14.9497 ], [ 74.219, 14.9459 ], [ 74.2256, 14.9503 ], [ 74.2306, 14.9498 ], [ 74.2314, 14.9582 ], [ 74.2379, 14.966 ], [ 74.2525, 14.9597 ], [ 74.2553, 14.9708 ], [ 74.2587, 14.9706 ], [ 74.2665, 14.9781 ], [ 74.2547, 14.9892 ], [ 74.2558, 14.9952 ], [ 74.2701, 14.9983 ], [ 74.2713, 15.0074 ], [ 74.2814, 15.021 ], [ 74.2819, 15.0306 ], [ 74.295, 15.04 ], [ 74.2903, 15.0539 ], [ 74.291, 15.0667 ], [ 74.2809, 15.0684 ], [ 74.2756, 15.0958 ], [ 74.2727, 15.0979 ], [ 74.2764, 15.1058 ], [ 74.2826, 15.1067 ], [ 74.2865, 15.1223 ], [ 74.2836, 15.1312 ], [ 74.2859, 15.1497 ], [ 74.2923, 15.1485 ], [ 74.2956, 15.151 ], [ 74.3146, 15.1803 ], [ 74.31, 15.2057 ], [ 74.2914, 15.2341 ], [ 74.2868, 15.2327 ], [ 74.2597, 15.2412 ], [ 74.2519, 15.2506 ], [ 74.2506, 15.2596 ], [ 74.2612, 15.2609 ], [ 74.272, 15.2817 ], [ 74.2768, 15.2835 ], [ 74.2824, 15.2804 ], [ 74.2936, 15.2847 ], [ 74.2946, 15.2893 ], [ 74.3083, 15.2836 ], [ 74.3264, 15.284 ], [ 74.3362, 15.2956 ], [ 74.3208, 15.3143 ], [ 74.3169, 15.3298 ], [ 74.322, 15.3435 ], [ 74.3184, 15.3576 ], [ 74.314, 15.3604 ], [ 74.3213, 15.3685 ], [ 74.2978, 15.3833 ], [ 74.2848, 15.3851 ], [ 74.2787, 15.3928 ], [ 74.2787, 15.4056 ], [ 74.2708, 15.4185 ], [ 74.2709, 15.4245 ], [ 74.2761, 15.4326 ], [ 74.2749, 15.4484 ], [ 74.2653, 15.4725 ], [ 74.249, 15.4916 ], [ 74.2543, 15.5038 ], [ 74.2751, 15.5144 ], [ 74.2781, 15.5215 ], [ 74.2908, 15.5235 ], [ 74.3269, 15.5163 ] ] ], [ [ [ 74.1456, 14.7631 ], [ 74.1463, 14.7602 ], [ 74.1432, 14.7583 ], [ 74.1391, 14.7631 ], [ 74.1456, 14.7631 ] ] ], [ [ [ 74.1131, 14.8423 ], [ 74.1073, 14.8435 ], [ 74.1101, 14.8458 ], [ 74.1131, 14.8423 ] ] ], [ [ [ 74.1146, 14.8452 ], [ 74.1154, 14.8436 ], [ 74.1143, 14.8433 ], [ 74.1146, 14.8452 ] ] ], [ [ [ 74.1017, 14.8763 ], [ 74.1, 14.8767 ], [ 74.1019, 14.8783 ], [ 74.1017, 14.8763 ] ] ], [ [ [ 74.1595, 14.9218 ], [ 74.1599, 14.9215 ], [ 74.1584, 14.9191 ], [ 74.1564, 14.9203 ], [ 74.1595, 14.9218 ] ] ] ] } },
{ "type": "Feature", "properties": { "area_id": "KGIS-D-11", "name_en": "Haveri", "name_kn": "ಹಾವೇರಿ", "level": "district", "parent_id": null, "district_en": "Haveri", "lgd_code": null }, "geometry": { "type": "Polygon", "coordinates": [ [ [ 75.3357, 15.1613 ], [ 75.3369, 15.1116 ], [ 75.3396, 15.1067 ], [ 75.3504, 15.1015 ], [ 75.3497, 15.0943 ], [ 75.339, 15.0911 ], [ 75.3398, 15.0867 ], [ 75.3343, 15.0815 ], [ 75.3352, 15.0772 ], [ 75.3441, 15.0656 ], [ 75.357, 15.0659 ], [ 75.367, 15.0504 ], [ 75.3748, 15.0503 ], [ 75.4015, 15.0601 ], [ 75.4489, 15.0604 ], [ 75.4519, 15.0494 ], [ 75.4604, 15.0498 ], [ 75.4608, 15.0438 ], [ 75.4682, 15.047 ], [ 75.4762, 15.0439 ], [ 75.4947, 15.0464 ], [ 75.5076, 15.044 ], [ 75.5205, 15.033 ], [ 75.5331, 15.0347 ], [ 75.5407, 15.0205 ], [ 75.538, 15.0191 ], [ 75.5424, 15.015 ], [ 75.5413, 14.9783 ], [ 75.5652, 14.9795 ], [ 75.5647, 14.9717 ], [ 75.5836, 14.9686 ], [ 75.5896, 14.9585 ], [ 75.5958, 14.9559 ], [ 75.6028, 14.9546 ], [ 75.6112, 14.9579 ], [ 75.6096, 14.9735 ], [ 75.6188, 14.9742 ], [ 75.6178, 14.9809 ], [ 75.6296, 14.9839 ], [ 75.6322, 14.9915 ], [ 75.6666, 14.9874 ], [ 75.6905, 14.9739 ], [ 75.7013, 14.9469 ], [ 75.6832, 14.9392 ], [ 75.683, 14.9308 ], [ 75.6949, 14.8945 ], [ 75.6967, 14.8913 ], [ 75.7278, 14.8973 ], [ 75.7278, 14.8941 ], [ 75.7392, 14.8871 ], [ 75.7343, 14.8829 ], [ 75.7324, 14.8637 ], [ 75.7224, 14.8641 ], [ 75.7119, 14.8524 ], [ 75.6952, 14.8525 ], [ 75.6936, 14.8591 ], [ 75.6906, 14.8568 ], [ 75.6776, 14.8364 ], [ 75.6636, 14.8033 ], [ 75.6688, 14.799 ], [ 75.6783, 14.7981 ], [ 75.6918, 14.7832 ], [ 75.7128, 14.7808 ], [ 75.7208, 14.776 ], [ 75.7235, 14.7691 ], [ 75.7219, 14.7543 ], [ 75.7027, 14.7321 ], [ 75.7043, 14.7239 ], [ 75.7157, 14.7188 ], [ 75.7554, 14.7396 ], [ 75.7631, 14.7332 ], [ 75.7639, 14.7216 ], [ 75.7413, 14.7001 ], [ 75.7389, 14.6907 ], [ 75.7415, 14.6846 ], [ 75.7685, 14.6752 ], [ 75.7959, 14.6832 ], [ 75.8006, 14.678 ], [ 75.7998, 14.6658 ], [ 75.8085, 14.657 ], [ 75.8067, 14.6196 ], [ 75.8094, 14.619 ], [ 75.8045, 14.599 ], [ 75.8196, 14.5657 ], [ 75.7999, 14.5427 ], [ 75.7974, 14.5315 ], [ 75.7992, 14.5124 ], [ 75.7929, 14.5104 ], [ 75.7728, 14.5185 ], [ 75.7578, 14.5148 ], [ 75.7351, 14.495 ], [ 75.7229, 14.4776 ], [ 75.7148, 14.4729 ], [ 75.7085, 14.4751 ], [ 75.6995, 14.4927 ], [ 75.6868, 14.4913 ], [ 75.674, 14.4654 ], [ 75.6621, 14.4515 ], [ 75.6611, 14.4605 ], [ 75.6366, 14.4665 ], [ 75.6307, 14.4459 ], [ 75.6375, 14.4417 ], [ 75.6342, 14.4329 ], [ 75.644, 14.4312 ], [ 75.6363, 14.3938 ], [ 75.6248, 14.3633 ], [ 75.6224, 14.3459 ], [ 75.6281, 14.329 ], [ 75.6348, 14.3231 ], [ 75.6345, 14.3148 ], [ 75.6109, 14.3158 ], [ 75.6035, 14.2931 ], [ 75.5899, 14.2862 ], [ 75.5874, 14.2888 ], [ 75.5806, 14.2773 ], [ 75.561, 14.2775 ], [ 75.5571, 14.274 ], [ 75.5493, 14.2738 ], [ 75.5351, 14.2775 ], [ 75.5337, 14.2903 ], [ 75.5219, 14.2939 ], [ 75.5179, 14.3015 ], [ 75.5039, 14.3079 ], [ 75.5053, 14.3163 ], [ 75.5016, 14.326 ], [ 75.5011, 14.3437 ], [ 75.4896, 14.3477 ], [ 75.4879, 14.3391 ], [ 75.4815, 14.3399 ], [ 75.4805, 14.3452 ], [ 75.4767, 14.3452 ], [ 75.4801, 14.3306 ], [ 75.4774, 14.3178 ], [ 75.4559, 14.3278 ], [ 75.4297, 14.3491 ], [ 75.4092, 14.3528 ], [ 75.3941, 14.3674 ], [ 75.3747, 14.3703 ], [ 75.3494, 14.3887 ], [ 75.359, 14.4092 ], [ 75.3653, 14.4111 ], [ 75.3777, 14.4074 ], [ 75.3823, 14.4338 ], [ 75.3648, 14.4415 ], [ 75.3588, 14.4379 ], [ 75.3587, 14.4319 ], [ 75.355, 14.4288 ], [ 75.3554, 14.4319 ], [ 75.3391, 14.4374 ], [ 75.3471, 14.4566 ], [ 75.3404, 14.4686 ], [ 75.3464, 14.4856 ], [ 75.3288, 14.4953 ], [ 75.3213, 14.5128 ], [ 75.2917, 14.5107 ], [ 75.2822, 14.5141 ], [ 75.2763, 14.5103 ], [ 75.2672, 14.5143 ], [ 75.2683, 14.528 ], [ 75.2795, 14.535 ], [ 75.2866, 14.5298 ], [ 75.2977, 14.5404 ], [ 75.293, 14.5441 ], [ 75.2953, 14.5449 ], [ 75.29, 14.5504 ], [ 75.2898, 14.5563 ], [ 75.2742, 14.5657 ], [ 75.2751, 14.5699 ], [ 75.2702, 14.5724 ], [ 75.2654, 14.5809 ], [ 75.2494, 14.5812 ], [ 75.2438, 14.5776 ], [ 75.2453, 14.5667 ], [ 75.2431, 14.5671 ], [ 75.2413, 14.5557 ], [ 75.2398, 14.5579 ], [ 75.2346, 14.5556 ], [ 75.2255, 14.567 ], [ 75.2309, 14.579 ], [ 75.2253, 14.5852 ], [ 75.2209, 14.5849 ], [ 75.2191, 14.5792 ], [ 75.2074, 14.5717 ], [ 75.1975, 14.5775 ], [ 75.1978, 14.5825 ], [ 75.1838, 14.5859 ], [ 75.1812, 14.5979 ], [ 75.1854, 14.5999 ], [ 75.2053, 14.5975 ], [ 75.2106, 14.6236 ], [ 75.2099, 14.6282 ], [ 75.207, 14.6275 ], [ 75.2087, 14.6335 ], [ 75.2053, 14.634 ], [ 75.2079, 14.6362 ], [ 75.2054, 14.638 ], [ 75.2011, 14.6393 ], [ 75.2024, 14.6277 ], [ 75.1965, 14.6229 ], [ 75.1846, 14.6235 ], [ 75.1694, 14.6346 ], [ 75.1646, 14.6326 ], [ 75.1645, 14.6208 ], [ 75.16, 14.617 ], [ 75.1534, 14.6262 ], [ 75.1434, 14.6204 ], [ 75.1422, 14.6339 ], [ 75.1246, 14.6307 ], [ 75.1166, 14.6396 ], [ 75.1016, 14.644 ], [ 75.0992, 14.653 ], [ 75.0746, 14.6539 ], [ 75.0525, 14.6487 ], [ 75.0409, 14.6608 ], [ 75.0353, 14.658 ], [ 75.0305, 14.6719 ], [ 75.0359, 14.6765 ], [ 75.0322, 14.6949 ], [ 75.0329, 14.71 ], [ 75.0246, 14.7083 ], [ 75.0215, 14.7115 ], [ 75.017, 14.7107 ], [ 75.0143, 14.7193 ], [ 75.0208, 14.7254 ], [ 75.0277, 14.7254 ], [ 75.0307, 14.7299 ], [ 75.0381, 14.7274 ], [ 75.0371, 14.7385 ], [ 75.0447, 14.739 ], [ 75.0438, 14.7433 ], [ 75.0477, 14.7441 ], [ 75.0469, 14.7519 ], [ 75.0416, 14.7593 ], [ 75.0406, 14.7741 ], [ 75.0636, 14.7766 ], [ 75.0663, 14.783 ], [ 75.0708, 14.7824 ], [ 75.0671, 14.7861 ], [ 75.0688, 14.798 ], [ 75.056, 14.8051 ], [ 75.0553, 14.8146 ], [ 75.0739, 14.8082 ], [ 75.0917, 14.8111 ], [ 75.0905, 14.8202 ], [ 75.0738, 14.8262 ], [ 75.0718, 14.834 ], [ 75.0677, 14.8368 ], [ 75.0741, 14.8561 ], [ 75.0697, 14.8633 ], [ 75.0709, 14.8676 ], [ 75.0739, 14.8676 ], [ 75.0711, 14.8718 ], [ 75.0671, 14.9191 ], [ 75.0803, 14.9224 ], [ 75.0872, 14.921 ], [ 75.0854, 14.9268 ], [ 75.1023, 14.9276 ], [ 75.1034, 14.9351 ], [ 75.095, 14.9508 ], [ 75.1002, 14.9553 ], [ 75.0845, 14.9566 ], [ 75.0816, 14.9695 ], [ 75.0759, 14.974 ], [ 75.0732, 14.9997 ], [ 75.0681, 15.0147 ], [ 75.0715, 15.0179 ], [ 75.077, 15.0379 ], [ 75.0724, 15.0414 ], [ 75.0739, 15.0524 ], [ 75.0825, 15.0746 ], [ 75.078, 15.1104 ], [ 75.0952, 15.1102 ], [ 75.0951, 15.114 ], [ 75.1135, 15.1173 ], [ 75.1146, 15.1214 ], [ 75.1063, 15.1304 ], [ 75.1072, 15.1392 ], [ 75.1048, 15.1407 ], [ 75.1106, 15.1385 ], [ 75.1219, 15.1403 ], [ 75.126, 15.1457 ], [ 75.1304, 15.1448 ], [ 75.1338, 15.1483 ], [ 75.1352, 15.1575 ], [ 75.1416, 15.1593 ], [ 75.1529, 15.1456 ], [ 75.1454, 15.1337 ], [ 75.1372, 15.1294 ], [ 75.1374, 15.1199 ], [ 75.1337, 15.1181 ], [ 75.1392, 15.1024 ], [ 75.1584, 15.1105 ], [ 75.1579, 15.102 ], [ 75.1866, 15.104 ], [ 75.1882, 15.0986 ], [ 75.2251, 15.1002 ], [ 75.2256, 15.1071 ], [ 75.2387, 15.1094 ], [ 75.2391, 15.1068 ], [ 75.2506, 15.1073 ], [ 75.2523, 15.098 ], [ 75.2577, 15.0984 ], [ 75.2587, 15.1176 ], [ 75.2698, 15.1188 ], [ 75.2883, 15.1293 ], [ 75.2867, 15.1368 ], [ 75.3059, 15.1383 ], [ 75.3056, 15.1541 ], [ 75.3357, 15.1613 ] ] ] } },
{ "type": "Feature", "properties": { "area_id": "KGIS-D-12", "name_en": "Ballari", "name_kn": "ಬಳ್ಳಾರಿ", "level": "district", "parent_id": null, "district_en": "Ballari", "lgd_code": null }, "geometry": { "type": "Polygon", "coordinates": [ [ [ 77.0364, 15.829 ], [ 77.0401, 15.8327 ], [ 77.0482, 15.8279 ], [ 77.0628, 15.8302 ], [ 77.0663, 15.8265 ], [ 77.0639, 15.8022 ], [ 77.0669, 15.802 ], [ 77.0677, 15.7967 ], [ 77.0662, 15.7848 ], [ 77.0602, 15.7863 ], [ 77.0568, 15.7685 ], [ 77.0522, 15.7697 ], [ 77.0508, 15.764 ], [ 77.0562, 15.7621 ], [ 77.0544, 15.7565 ], [ 77.0478, 15.7562 ], [ 77.0492, 15.73 ], [ 77.0801, 15.7275 ], [ 77.079, 15.7161 ], [ 77.0879, 15.7147 ], [ 77.0826, 15.6987 ], [ 77.0787, 15.6951 ], [ 77.094, 15.6907 ], [ 77.1096, 15.6812 ], [ 77.1217, 15.6712 ], [ 77.1202, 15.6671 ], [ 77.1283, 15.6659 ], [ 77.1271, 15.6568 ], [ 77.1214, 15.6309 ], [ 77.107, 15.6377 ], [ 77.1069, 15.6411 ], [ 77.0952, 15.6521 ], [ 77.083, 15.6589 ], [ 77.0712, 15.6455 ], [ 77.0315, 15.6351 ], [ 77.0333, 15.6052 ], [ 77.0261, 15.5808 ], [ 77.0311, 15.5457 ], [ 77.0301, 15.5027 ], [ 77.0285, 15.5002 ], [ 76.9745, 15.5107 ], [ 76.9747, 15.4956 ], [ 76.9775, 15.4897 ], [ 76.9982, 15.4776 ], [ 77.01, 15.4498 ], [ 77.0267, 15.4412 ], [ 77.0346, 15.4317 ], [ 77.0345, 15.4211 ], [ 77.0288, 15.4055 ], [ 77.045, 15.3937 ], [ 77.0478, 15.3881 ], [ 77.0443, 15.3778 ], [ 77.0442, 15.3578 ], [ 77.0639, 15.3451 ], [ 77.0662, 15.3373 ], [ 77.0641, 15.3275 ], [ 77.075, 15.3256 ], [ 77.1013, 15.3333 ], [ 77.1135, 15.3336 ], [ 77.113, 15.3269 ], [ 77.1171, 15.3254 ], [ 77.1187, 15.3133 ], [ 77.1179, 15.2944 ], [ 77.1518, 15.292 ], [ 77.152, 15.2754 ], [ 77.1476, 15.2749 ], [ 77.1475, 15.2723 ], [ 77.1539, 15.2735 ], [ 77.16, 15.2672 ], [ 77.1679, 15.2679 ], [ 77.1682, 15.2647 ], [ 77.168, 15.2577 ], [ 77.144, 15.2568 ], [ 77.1357, 15.2416 ], [ 77.1262, 15.2403 ], [ 77.1248, 15.2272 ], [ 77.1474, 15.2247 ], [ 77.1514, 15.2155 ], [ 77.1548, 15.2154 ], [ 77.1591, 15.2017 ], [ 77.1619, 15.2018 ], [ 77.1662, 15.1883 ], [ 77.1693, 15.1719 ], [ 77.1646, 15.169 ], [ 77.1626, 15.1578 ], [ 77.141, 15.159 ], [ 77.1345, 15.1485 ], [ 77.1375, 15.1438 ], [ 77.1569, 15.1406 ], [ 77.1563, 15.1231 ], [ 77.1424, 15.1052 ], [ 77.1298, 15.101 ], [ 77.1268, 15.0682 ], [ 77.1193, 15.0449 ], [ 77.1152, 15.046 ], [ 77.113, 15.0334 ], [ 77.0938, 15.0357 ], [ 77.0907, 15.029 ], [ 77.0852, 15.0309 ], [ 77.0827, 15.0056 ], [ 77.0442, 15.0092 ], [ 77.0498, 15.0225 ], [ 77.0494, 15.033 ], [ 77.0348, 15.0311 ], [ 77.004, 15.0342 ], [ 77.0026, 15.0311 ], [ 76.9862, 15.0264 ], [ 76.9855, 15.0155 ], [ 76.9659, 15.0181 ], [ 76.9504, 15.031 ], [ 76.9236, 15.0315 ], [ 76.918, 15.0362 ], [ 76.9063, 15.0333 ], [ 76.8945, 15.0377 ], [ 76.8773, 15.0312 ], [ 76.8777, 15.0363 ], [ 76.8656, 15.0557 ], [ 76.8662, 15.0598 ], [ 76.8621, 15.0596 ], [ 76.8361, 15.08 ], [ 76.8239, 15.0806 ], [ 76.8016, 15.0955 ], [ 76.7927, 15.0865 ], [ 76.7872, 15.0874 ], [ 76.7833, 15.0766 ], [ 76.7789, 15.0789 ], [ 76.7775, 15.0771 ], [ 76.7807, 15.0749 ], [ 76.7751, 15.0704 ], [ 76.7735, 15.0591 ], [ 76.7806, 15.0426 ], [ 76.7837, 15.0424 ], [ 76.786, 15.0372 ], [ 76.786, 15.0275 ], [ 76.7905, 15.0207 ], [ 76.7876, 15.0085 ], [ 76.7836, 15.0041 ], [ 76.7785, 15.0067 ], [ 76.7722, 14.9906 ], [ 76.761, 14.9901 ], [ 76.7539, 14.9842 ], [ 76.7427, 14.9874 ], [ 76.7342, 14.9854 ], [ 76.7272, 15.0001 ], [ 76.728, 15.0096 ], [ 76.736, 15.0225 ], [ 76.7329, 15.0319 ], [ 76.7296, 15.0331 ], [ 76.7176, 15.0362 ], [ 76.7036, 15.0331 ], [ 76.7043, 15.021 ], [ 76.7017, 15.0166 ], [ 76.6858, 15.0184 ], [ 76.6891, 15.0232 ], [ 76.6875, 15.0251 ], [ 76.6774, 15.0247 ], [ 76.6715, 15.0193 ], [ 76.68, 15.0055 ], [ 76.6819, 14.9961 ], [ 76.6781, 14.9955 ], [ 76.6848, 14.9898 ], [ 76.6896, 14.9782 ], [ 76.705, 14.9773 ], [ 76.716, 14.9728 ], [ 76.7175, 14.9531 ], [ 76.7132, 14.9392 ], [ 76.7061, 14.9426 ], [ 76.7068, 14.9311 ], [ 76.6959, 14.9268 ], [ 76.6792, 14.9383 ], [ 76.6594, 14.9421 ], [ 76.6625, 14.9262 ], [ 76.6672, 14.9153 ], [ 76.6775, 14.9114 ], [ 76.6777, 14.8878 ], [ 76.6977, 14.8907 ], [ 76.7123, 14.8676 ], [ 76.7149, 14.8533 ], [ 76.7118, 14.8374 ], [ 76.7404, 14.8256 ], [ 76.7412, 14.8189 ], [ 76.7348, 14.8132 ], [ 76.7183, 14.8178 ], [ 76.7052, 14.8175 ], [ 76.6939, 14.8133 ], [ 76.6822, 14.8081 ], [ 76.6747, 14.7927 ], [ 76.6683, 14.7915 ], [ 76.6736, 14.7878 ], [ 76.6696, 14.7867 ], [ 76.667, 14.7751 ], [ 76.6597, 14.7716 ], [ 76.6552, 14.7569 ], [ 76.6487, 14.7554 ], [ 76.6511, 14.7447 ], [ 76.648, 14.7306 ], [ 76.651, 14.7264 ], [ 76.6446, 14.7131 ], [ 76.6371, 14.71 ], [ 76.6356, 14.7033 ], [ 76.624, 14.7017 ], [ 76.617, 14.6921 ], [ 76.6079, 14.687 ], [ 76.6106, 14.6685 ], [ 76.5982, 14.6699 ], [ 76.5976, 14.6538 ], [ 76.6124, 14.6484 ], [ 76.6038, 14.6346 ], [ 76.5981, 14.6321 ], [ 76.6007, 14.6209 ], [ 76.5857, 14.6182 ], [ 76.5768, 14.6089 ], [ 76.5671, 14.5867 ], [ 76.5501, 14.5783 ], [ 76.5497, 14.5728 ], [ 76.5449, 14.5719 ], [ 76.5415, 14.566 ], [ 76.5352, 14.5656 ], [ 76.535, 14.5615 ], [ 76.5103, 14.5604 ], [ 76.5053, 14.5657 ], [ 76.4617, 14.5765 ], [ 76.4237, 14.5809 ], [ 76.4298, 14.5936 ], [ 76.4329, 14.618 ], [ 76.4214, 14.6247 ], [ 76.417, 14.6224 ], [ 76.4028, 14.6238 ], [ 76.4012, 14.6275 ], [ 76.3937, 14.6268 ], [ 76.3902, 14.6483 ], [ 76.3751, 14.6463 ], [ 76.3755, 14.6553 ], [ 76.3797, 14.662 ], [ 76.3428, 14.6657 ], [ 76.3379, 14.6859 ], [ 76.334, 14.6882 ], [ 76.3192, 14.6926 ], [ 76.3147, 14.692 ], [ 76.3119, 14.6873 ], [ 76.3013, 14.6899 ], [ 76.2794, 14.6851 ], [ 76.2734, 14.6882 ], [ 76.2719, 14.6957 ], [ 76.2577, 14.6962 ], [ 76.2568, 14.701 ], [ 76.2499, 14.6986 ], [ 76.2394, 14.679 ], [ 76.2305, 14.6492 ], [ 76.2051, 14.6772 ], [ 76.1935, 14.6814 ], [ 76.1936, 14.6977 ], [ 76.175, 14.703 ], [ 76.1671, 14.7008 ], [ 76.161, 14.7032 ], [ 76.1612, 14.7008 ], [ 76.1569, 14.7043 ], [ 76.1454, 14.7052 ], [ 76.1395, 14.6986 ], [ 76.1377, 14.7002 ], [ 76.1404, 14.7029 ], [ 76.1212, 14.6999 ], [ 76.1095, 14.6865 ], [ 76.1139, 14.683 ], [ 76.1086, 14.6713 ], [ 76.108, 14.6599 ], [ 76.1145, 14.6593 ], [ 76.1127, 14.6582 ], [ 76.1191, 14.6565 ], [ 76.1188, 14.653 ], [ 76.1294, 14.6494 ], [ 76.1312, 14.6304 ], [ 76.1423, 14.628 ], [ 76.1461, 14.6149 ], [ 76.1401, 14.6143 ], [ 76.1412, 14.602 ], [ 76.1313, 14.5944 ], [ 76.1315, 14.5855 ], [ 76.1274, 14.5756 ], [ 76.1153, 14.5681 ], [ 76.1144, 14.5619 ], [ 76.1238, 14.5595 ], [ 76.1335, 14.5408 ], [ 76.1285, 14.5355 ], [ 76.1288, 14.527 ], [ 76.0972, 14.5236 ], [ 76.0883, 14.5181 ], [ 76.0883, 14.5152 ], [ 76.0527, 14.5055 ], [ 76.0489, 14.5145 ], [ 76.0277, 14.5244 ], [ 76.0061, 14.5176 ], [ 75.953, 14.5217 ], [ 75.9468, 14.5238 ], [ 75.9393, 14.5604 ], [ 75.9207, 14.5642 ], [ 75.9102, 14.5629 ], [ 75.9088, 14.5742 ], [ 75.8944, 14.579 ], [ 75.8847, 14.5897 ], [ 75.8683, 14.5937 ], [ 75.8661, 14.6162 ], [ 75.8599, 14.6139 ], [ 75.8581, 14.6083 ], [ 75.8548, 14.6072 ], [ 75.8478, 14.6087 ], [ 75.8417, 14.6046 ], [ 75.8381, 14.6083 ], [ 75.8322, 14.6073 ], [ 75.8298, 14.6128 ], [ 75.8365, 14.6273 ], [ 75.8357, 14.6337 ], [ 75.8337, 14.6359 ], [ 75.8231, 14.6318 ], [ 75.8159, 14.6367 ], [ 75.8077, 14.636 ], [ 75.8085, 14.657 ], [ 75.7994, 14.6665 ], [ 75.7989, 14.6819 ], [ 75.7892, 14.6828 ], [ 75.7765, 14.6762 ], [ 75.7633, 14.6754 ], [ 75.7415, 14.6846 ], [ 75.7389, 14.6907 ], [ 75.7413, 14.7001 ], [ 75.7639, 14.7216 ], [ 75.7643, 14.73 ], [ 75.76, 14.7377 ], [ 75.7554, 14.7396 ], [ 75.7157, 14.7188 ], [ 75.7043, 14.7239 ], [ 75.7027, 14.7321 ], [ 75.7219, 14.7543 ], [ 75.7235, 14.7691 ], [ 75.7208, 14.776 ], [ 75.7128, 14.7808 ], [ 75.6918, 14.7832 ], [ 75.6827, 14.7947 ], [ 75.6683, 14.7992 ], [ 75.6639, 14.8054 ], [ 75.6776, 14.8364 ], [ 75.6906, 14.8568 ], [ 75.6936, 14.8591 ], [ 75.6952, 14.8525 ], [ 75.7119, 14.8524 ], [ 75.7224, 14.8641 ], [ 75.7324, 14.8637 ], [ 75.7343, 14.8829 ], [ 75.7392, 14.8871 ], [ 75.7278, 14.8941 ], [ 75.7278, 14.8973 ], [ 75.6967, 14.8913 ], [ 75.684, 14.9251 ], [ 75.6832, 14.9392 ], [ 75.6913, 14.9447 ], [ 75.7173, 14.9508 ], [ 75.7372, 14.9435 ], [ 75.7412, 14.9447 ], [ 75.7612, 14.9668 ], [ 75.7789, 14.977 ], [ 75.7838, 14.9995 ], [ 75.8091, 15.0263 ], [ 75.8308, 15.0281 ], [ 75.8371, 15.0399 ], [ 75.8477, 15.0446 ], [ 75.8584, 15.0366 ], [ 75.8722, 15.0349 ], [ 75.8777, 15.0394 ], [ 75.8841, 15.0528 ], [ 75.9039, 15.056 ], [ 75.9095, 15.0733 ], [ 75.9083, 15.0791 ], [ 75.8886, 15.0955 ], [ 75.8849, 15.1041 ], [ 75.8874, 15.1105 ], [ 75.8979, 15.1178 ], [ 75.9022, 15.1304 ], [ 75.9283, 15.1406 ], [ 75.9462, 15.1354 ], [ 75.9602, 15.1375 ], [ 75.9719, 15.1483 ], [ 75.9804, 15.1515 ], [ 75.9977, 15.1455 ], [ 76.0066, 15.1485 ], [ 76.0248, 15.1432 ], [ 76.0412, 15.1441 ], [ 76.0564, 15.157 ], [ 76.0824, 15.1589 ], [ 76.0949, 15.163 ], [ 76.1024, 15.1687 ], [ 76.1085, 15.1926 ], [ 76.114, 15.1998 ], [ 76.1276, 15.2033 ], [ 76.1509, 15.1963 ], [ 76.1571, 15.1973 ], [ 76.1604, 15.2009 ], [ 76.1583, 15.2129 ], [ 76.1882, 15.2356 ], [ 76.2305, 15.2312 ], [ 76.2322, 15.2268 ], [ 76.2185, 15.203 ], [ 76.2189, 15.1975 ], [ 76.231, 15.1886 ], [ 76.2485, 15.1909 ], [ 76.2541, 15.1961 ], [ 76.2578, 15.2061 ], [ 76.2695, 15.2072 ], [ 76.2788, 15.2205 ], [ 76.3071, 15.2397 ], [ 76.3274, 15.2637 ], [ 76.3438, 15.2731 ], [ 76.3449, 15.2899 ], [ 76.35, 15.2992 ], [ 76.3508, 15.3091 ], [ 76.3612, 15.3241 ], [ 76.3704, 15.3252 ], [ 76.3795, 15.3317 ], [ 76.4026, 15.3263 ], [ 76.4421, 15.3389 ], [ 76.4674, 15.337 ], [ 76.4771, 15.3484 ], [ 76.4932, 15.3452 ], [ 76.5235, 15.3701 ], [ 76.5475, 15.3853 ], [ 76.5574, 15.3988 ], [ 76.5711, 15.402 ], [ 76.591, 15.4122 ], [ 76.5964, 15.4263 ], [ 76.6122, 15.4437 ], [ 76.6417, 15.4441 ], [ 76.6594, 15.4491 ], [ 76.6629, 15.4473 ], [ 76.6765, 15.4549 ], [ 76.684, 15.4683 ], [ 76.6949, 15.4767 ], [ 76.6938, 15.4786 ], [ 76.7182, 15.4915 ], [ 76.7826, 15.4934 ], [ 76.811, 15.5151 ], [ 76.8067, 15.5282 ], [ 76.8124, 15.5465 ], [ 76.833, 15.5633 ], [ 76.8349, 15.5775 ], [ 76.8317, 15.5977 ], [ 76.8357, 15.602 ], [ 76.829, 15.6194 ], [ 76.832, 15.624 ], [ 76.8591, 15.6448 ], [ 76.8595, 15.6513 ], [ 76.8877, 15.685 ], [ 76.9086, 15.6932 ], [ 76.9157, 15.703 ], [ 76.9244, 15.7313 ], [ 76.9276, 15.7353 ], [ 76.9304, 15.7313 ], [ 76.9361, 15.7474 ], [ 76.933, 15.7478 ], [ 76.9404, 15.7618 ], [ 76.9631, 15.774 ], [ 76.9957, 15.8075 ], [ 77.0178, 15.8244 ], [ 77.0244, 15.8376 ], [ 77.0364, 15.829 ] ] ] } },
{ "type": "Feature", "properties": { "area_id": "KGIS-D-13", "name_en": "Chitradurga", "name_kn": "ಚಿತ್ರದುರ್ಗ", "level": "district", "parent_id": null, "district_en": "Chitradurga", "lgd_code": null }, "geometry": { "type": "Polygon", "coordinates": [ [ [ 76.7176, 15.0362 ], [ 76.7329, 15.0319 ], [ 76.7349, 15.0268 ], [ 76.736, 15.0225 ], [ 76.728, 15.0096 ], [ 76.7272, 15.0001 ], [ 76.7342, 14.9854 ], [ 76.7427, 14.9874 ], [ 76.7539, 14.9842 ], [ 76.7599, 14.9893 ], [ 76.7664, 14.9746 ], [ 76.8002, 14.9682 ], [ 76.818, 14.9693 ], [ 76.8284, 14.9561 ], [ 76.834, 14.9568 ], [ 76.8413, 14.9663 ], [ 76.8669, 14.9696 ], [ 76.8699, 14.9377 ], [ 76.8639, 14.8954 ], [ 76.8473, 14.8963 ], [ 76.8454, 14.8898 ], [ 76.8455, 14.8874 ], [ 76.8525, 14.8872 ], [ 76.854, 14.8692 ], [ 76.857, 14.8689 ], [ 76.8544, 14.841 ], [ 76.8486, 14.8415 ], [ 76.8425, 14.8362 ], [ 76.8457, 14.8321 ], [ 76.846, 14.8222 ], [ 76.8547, 14.8179 ], [ 76.8543, 14.8099 ], [ 76.8375, 14.8108 ], [ 76.8373, 14.7912 ], [ 76.8187, 14.7927 ], [ 76.8208, 14.7888 ], [ 76.817, 14.7878 ], [ 76.7829, 14.7865 ], [ 76.7895, 14.7723 ], [ 76.7886, 14.7598 ], [ 76.794, 14.7504 ], [ 76.7912, 14.7465 ], [ 76.7944, 14.746 ], [ 76.7865, 14.6982 ], [ 76.7708, 14.6753 ], [ 76.7755, 14.6712 ], [ 76.7652, 14.6019 ], [ 76.7802, 14.593 ], [ 76.7815, 14.5967 ], [ 76.7823, 14.5836 ], [ 76.7889, 14.5701 ], [ 76.7915, 14.5542 ], [ 76.7983, 14.5484 ], [ 76.8067, 14.5319 ], [ 76.8187, 14.5316 ], [ 76.8225, 14.5266 ], [ 76.8315, 14.5294 ], [ 76.8332, 14.522 ], [ 76.8556, 14.5092 ], [ 76.8666, 14.4756 ], [ 76.8844, 14.4772 ], [ 76.8863, 14.4835 ], [ 76.9045, 14.4897 ], [ 76.9243, 14.4909 ], [ 76.975, 14.4852 ], [ 76.9743, 14.4737 ], [ 76.9601, 14.4509 ], [ 76.9449, 14.4515 ], [ 76.9477, 14.4136 ], [ 76.9427, 14.3997 ], [ 76.9319, 14.4108 ], [ 76.9156, 14.421 ], [ 76.8985, 14.3981 ], [ 76.8848, 14.3954 ], [ 76.8885, 14.3879 ], [ 76.8887, 14.3627 ], [ 76.8848, 14.3475 ], [ 76.9033, 14.3228 ], [ 76.9259, 14.3149 ], [ 76.9451, 14.3126 ], [ 76.9564, 14.2945 ], [ 76.9367, 14.2804 ], [ 76.9279, 14.2794 ], [ 76.9247, 14.2741 ], [ 76.9358, 14.2591 ], [ 76.94, 14.2442 ], [ 76.971, 14.2428 ], [ 76.9856, 14.2474 ], [ 76.9987, 14.2411 ], [ 77.0056, 14.2358 ], [ 77.005, 14.2307 ], [ 76.9989, 14.229 ], [ 77.0007, 14.2224 ], [ 77.0068, 14.219 ], [ 77.0024, 14.1985 ], [ 77.0241, 14.1868 ], [ 77.0235, 14.1804 ], [ 77.0224, 14.1773 ], [ 77.0049, 14.1842 ], [ 76.9946, 14.1786 ], [ 76.9626, 14.1819 ], [ 76.9474, 14.1982 ], [ 76.9428, 14.1959 ], [ 76.9448, 14.1858 ], [ 76.9425, 14.1732 ], [ 76.9221, 14.1694 ], [ 76.9196, 14.1641 ], [ 76.9129, 14.1672 ], [ 76.8948, 14.1677 ], [ 76.8912, 14.1431 ], [ 76.8867, 14.1379 ], [ 76.8828, 14.1441 ], [ 76.8846, 14.1388 ], [ 76.8895, 14.1356 ], [ 76.904, 14.1338 ], [ 76.9151, 14.1282 ], [ 76.9252, 14.1364 ], [ 76.9357, 14.1288 ], [ 76.9363, 14.1243 ], [ 76.9442, 14.1204 ], [ 76.9554, 14.0992 ], [ 76.9508, 14.0923 ], [ 76.9278, 14.0771 ], [ 76.923, 14.0566 ], [ 76.9097, 14.0637 ], [ 76.8868, 14.0464 ], [ 76.8798, 14.0185 ], [ 76.8761, 14.0191 ], [ 76.8728, 14.0098 ], [ 76.8569, 14.016 ], [ 76.8367, 14.0179 ], [ 76.8333, 14.0032 ], [ 76.8221, 14.0006 ], [ 76.8233, 13.9938 ], [ 76.849, 13.9807 ], [ 76.8494, 13.9653 ], [ 76.8223, 13.9505 ], [ 76.8195, 13.9369 ], [ 76.8141, 13.9364 ], [ 76.8148, 13.9155 ], [ 76.8016, 13.9161 ], [ 76.7793, 13.9244 ], [ 76.764, 13.9246 ], [ 76.7497, 13.916 ], [ 76.7527, 13.907 ], [ 76.7227, 13.8986 ], [ 76.7228, 13.8904 ], [ 76.7311, 13.8813 ], [ 76.7365, 13.8686 ], [ 76.7489, 13.8541 ], [ 76.7527, 13.8548 ], [ 76.7514, 13.8509 ], [ 76.7618, 13.8355 ], [ 76.7689, 13.8372 ], [ 76.7638, 13.8216 ], [ 76.7695, 13.7963 ], [ 76.7646, 13.7823 ], [ 76.7596, 13.7815 ], [ 76.7305, 13.7841 ], [ 76.728, 13.7969 ], [ 76.7241, 13.7998 ], [ 76.7177, 13.796 ], [ 76.7149, 13.7857 ], [ 76.6976, 13.7701 ], [ 76.6945, 13.7633 ], [ 76.6978, 13.7604 ], [ 76.6958, 13.7549 ], [ 76.6874, 13.7456 ], [ 76.6842, 13.7306 ], [ 76.6915, 13.7306 ], [ 76.692, 13.6968 ], [ 76.6841, 13.7028 ], [ 76.6777, 13.6999 ], [ 76.6723, 13.7054 ], [ 76.6733, 13.7181 ], [ 76.6634, 13.7213 ], [ 76.6315, 13.7135 ], [ 76.6249, 13.7252 ], [ 76.6245, 13.7339 ], [ 76.6208, 13.7344 ], [ 76.6087, 13.7234 ], [ 76.6, 13.725 ], [ 76.5965, 13.7205 ], [ 76.5771, 13.7147 ], [ 76.5712, 13.7083 ], [ 76.5773, 13.6903 ], [ 76.5739, 13.6869 ], [ 76.569, 13.6894 ], [ 76.5648, 13.6845 ], [ 76.5541, 13.682 ], [ 76.5399, 13.6632 ], [ 76.5324, 13.6684 ], [ 76.5291, 13.6671 ], [ 76.5343, 13.6502 ], [ 76.5181, 13.6411 ], [ 76.5167, 13.634 ], [ 76.497, 13.6285 ], [ 76.4998, 13.6228 ], [ 76.4611, 13.6202 ], [ 76.4556, 13.6128 ], [ 76.456, 13.6046 ], [ 76.4603, 13.6005 ], [ 76.4545, 13.5909 ], [ 76.4317, 13.5931 ], [ 76.4278, 13.5908 ], [ 76.4241, 13.5809 ], [ 76.4128, 13.5784 ], [ 76.4048, 13.5909 ], [ 76.3981, 13.5946 ], [ 76.3979, 13.591 ], [ 76.3923, 13.5907 ], [ 76.3815, 13.5775 ], [ 76.3788, 13.5891 ], [ 76.3731, 13.5922 ], [ 76.3471, 13.5763 ], [ 76.342, 13.5762 ], [ 76.3332, 13.5957 ], [ 76.2977, 13.5891 ], [ 76.2924, 13.5904 ], [ 76.2933, 13.5938 ], [ 76.2879, 13.595 ], [ 76.2868, 13.5997 ], [ 76.282, 13.6013 ], [ 76.2826, 13.6061 ], [ 76.2773, 13.6078 ], [ 76.2764, 13.6037 ], [ 76.2733, 13.6052 ], [ 76.2764, 13.6135 ], [ 76.2753, 13.6217 ], [ 76.2795, 13.6237 ], [ 76.2799, 13.6362 ], [ 76.287, 13.6474 ], [ 76.2632, 13.649 ], [ 76.2542, 13.6626 ], [ 76.2418, 13.6676 ], [ 76.2313, 13.6813 ], [ 76.2213, 13.6826 ], [ 76.2196, 13.7103 ], [ 76.1945, 13.712 ], [ 76.1798, 13.7164 ], [ 76.1716, 13.7197 ], [ 76.1697, 13.7281 ], [ 76.149, 13.7325 ], [ 76.1478, 13.7511 ], [ 76.1335, 13.7853 ], [ 76.1295, 13.8146 ], [ 76.1157, 13.8124 ], [ 76.1039, 13.8379 ], [ 76.0996, 13.8643 ], [ 76.0911, 13.867 ], [ 76.0874, 13.874 ], [ 76.0764, 13.8793 ], [ 76.0537, 13.8795 ], [ 76.0539, 13.8924 ], [ 76.0492, 13.8959 ], [ 76.0511, 13.8976 ], [ 76.0285, 13.8988 ], [ 76.0293, 13.9204 ], [ 76.0448, 13.942 ], [ 76.066, 13.9414 ], [ 76.0724, 13.9821 ], [ 76.0511, 13.9788 ], [ 76.0498, 13.9835 ], [ 76.0472, 13.9825 ], [ 76.0436, 13.9873 ], [ 76.0459, 14.0132 ], [ 76.048, 14.0126 ], [ 76.0511, 14.03 ], [ 76.0485, 14.0449 ], [ 76.0557, 14.0726 ], [ 76.0548, 14.0892 ], [ 76.0477, 14.0972 ], [ 76.034, 14.0908 ], [ 76.0349, 14.0998 ], [ 76.0254, 14.1003 ], [ 76.0251, 14.1131 ], [ 76.0279, 14.1197 ], [ 76.0332, 14.1202 ], [ 76.0327, 14.1344 ], [ 76.0402, 14.1433 ], [ 76.0466, 14.1452 ], [ 76.0457, 14.1554 ], [ 76.0638, 14.16 ], [ 76.0662, 14.1815 ], [ 76.0573, 14.1813 ], [ 76.0565, 14.1915 ], [ 76.058, 14.2027 ], [ 76.0659, 14.2064 ], [ 76.0608, 14.2223 ], [ 76.0725, 14.2266 ], [ 76.0798, 14.2471 ], [ 76.1346, 14.2561 ], [ 76.13, 14.2817 ], [ 76.1251, 14.2824 ], [ 76.1168, 14.2772 ], [ 76.1215, 14.2895 ], [ 76.1152, 14.301 ], [ 76.1097, 14.3019 ], [ 76.1062, 14.3108 ], [ 76.1167, 14.3236 ], [ 76.1468, 14.3213 ], [ 76.1537, 14.3182 ], [ 76.1572, 14.3211 ], [ 76.1589, 14.3295 ], [ 76.1556, 14.3584 ], [ 76.151, 14.3666 ], [ 76.1507, 14.3763 ], [ 76.1554, 14.3774 ], [ 76.1535, 14.397 ], [ 76.1486, 14.408 ], [ 76.1426, 14.4114 ], [ 76.1361, 14.427 ], [ 76.1643, 14.4458 ], [ 76.1737, 14.4479 ], [ 76.1746, 14.4624 ], [ 76.2068, 14.4571 ], [ 76.2188, 14.4419 ], [ 76.2384, 14.4505 ], [ 76.2483, 14.4438 ], [ 76.2601, 14.4445 ], [ 76.264, 14.437 ], [ 76.2642, 14.4248 ], [ 76.2706, 14.4204 ], [ 76.2737, 14.4089 ], [ 76.2819, 14.4046 ], [ 76.2926, 14.4086 ], [ 76.3313, 14.4085 ], [ 76.3384, 14.415 ], [ 76.3379, 14.4193 ], [ 76.3492, 14.4164 ], [ 76.354, 14.4193 ], [ 76.3839, 14.4192 ], [ 76.3838, 14.4272 ], [ 76.3935, 14.4279 ], [ 76.3956, 14.4362 ], [ 76.424, 14.4381 ], [ 76.4239, 14.4495 ], [ 76.4371, 14.4473 ], [ 76.4599, 14.4503 ], [ 76.4552, 14.4699 ], [ 76.4611, 14.5049 ], [ 76.4723, 14.5022 ], [ 76.4844, 14.5049 ], [ 76.5082, 14.5163 ], [ 76.5137, 14.5231 ], [ 76.5221, 14.5242 ], [ 76.5339, 14.54 ], [ 76.5331, 14.5433 ], [ 76.5241, 14.5527 ], [ 76.5165, 14.5495 ], [ 76.5103, 14.5604 ], [ 76.535, 14.5615 ], [ 76.5352, 14.5656 ], [ 76.5415, 14.566 ], [ 76.5449, 14.5719 ], [ 76.5497, 14.5728 ], [ 76.5501, 14.5783 ], [ 76.5671, 14.5867 ], [ 76.5768, 14.6089 ], [ 76.5857, 14.6182 ], [ 76.6007, 14.6209 ], [ 76.5981, 14.6321 ], [ 76.6038, 14.6346 ], [ 76.6124, 14.6484 ], [ 76.5976, 14.6538 ], [ 76.5982, 14.6699 ], [ 76.6106, 14.6685 ], [ 76.6079, 14.687 ], [ 76.617, 14.6921 ], [ 76.624, 14.7017 ], [ 76.6356, 14.7033 ], [ 76.6371, 14.71 ], [ 76.6446, 14.7131 ], [ 76.651, 14.7264 ], [ 76.648, 14.7306 ], [ 76.6511, 14.7447 ], [ 76.6487, 14.7554 ], [ 76.6552, 14.7569 ], [ 76.6597, 14.7716 ], [ 76.667, 14.7751 ], [ 76.6696, 14.7867 ], [ 76.6736, 14.7878 ], [ 76.6683, 14.7915 ], [ 76.6747, 14.7927 ], [ 76.6822, 14.8081 ], [ 76.6939, 14.8133 ], [ 76.7052, 14.8175 ], [ 76.7183, 14.8178 ], [ 76.7348, 14.8132 ], [ 76.7412, 14.8189 ], [ 76.7404, 14.8256 ], [ 76.7118, 14.8374 ], [ 76.7149, 14.8533 ], [ 76.7136, 14.8648 ], [ 76.6977, 14.8907 ], [ 76.6777, 14.8878 ], [ 76.6775, 14.9114 ], [ 76.6662, 14.9166 ], [ 76.6594, 14.9421 ], [ 76.6792, 14.9383 ], [ 76.6959, 14.9268 ], [ 76.7068, 14.9311 ], [ 76.7061, 14.9426 ], [ 76.7132, 14.9392 ], [ 76.7175, 14.9531 ], [ 76.716, 14.9728 ], [ 76.705, 14.9773 ], [ 76.6896, 14.9782 ], [ 76.6848, 14.9898 ], [ 76.6781, 14.9955 ], [ 76.6819, 14.9961 ], [ 76.68, 15.0055 ], [ 76.6715, 15.0193 ], [ 76.6774, 15.0247 ], [ 76.6875, 15.0251 ], [ 76.6891, 15.0232 ], [ 76.6858, 15.0184 ], [ 76.7017, 15.0166 ], [ 76.7043, 15.021 ], [ 76.7036, 15.0331 ], [ 76.7176, 15.0362 ] ] ] } },
{ "type": "Feature", "properties": { "area_id": "KGIS-D-14", "name_en": "Davanagere", "name_kn": "ದಾವಣಗೆರೆ", "level": "district", "parent_id": null, "district_en": "Davanagere", "lgd_code": null }, "geometry": { "type": "Polygon", "coordinates": [ [ [ 76.175, 14.703 ], [ 76.1936, 14.6977 ], [ 76.1935, 14.6814 ], [ 76.2051, 14.6772 ], [ 76.2305, 14.6492 ], [ 76.2394, 14.679 ], [ 76.2499, 14.6986 ], [ 76.2568, 14.701 ], [ 76.2577, 14.6962 ], [ 76.2719, 14.6957 ], [ 76.2734, 14.6882 ], [ 76.2794, 14.6851 ], [ 76.3013, 14.6899 ], [ 76.3119, 14.6873 ], [ 76.3147, 14.692 ], [ 76.3192, 14.6926 ], [ 76.334, 14.6882 ], [ 76.3379, 14.6859 ], [ 76.3428, 14.6657 ], [ 76.3797, 14.662 ], [ 76.3755, 14.6553 ], [ 76.3751, 14.6463 ], [ 76.3902, 14.6483 ], [ 76.3937, 14.6268 ], [ 76.4012, 14.6275 ], [ 76.4028, 14.6238 ], [ 76.417, 14.6224 ], [ 76.4214, 14.6247 ], [ 76.4329, 14.618 ], [ 76.4298, 14.5936 ], [ 76.4237, 14.5809 ], [ 76.4454, 14.5797 ], [ 76.5053, 14.5657 ], [ 76.5164, 14.5496 ], [ 76.5241, 14.5527 ], [ 76.5339, 14.54 ], [ 76.5221, 14.5242 ], [ 76.5137, 14.5231 ], [ 76.5082, 14.5163 ], [ 76.4844, 14.5049 ], [ 76.4723, 14.5022 ], [ 76.4611, 14.5049 ], [ 76.4552, 14.4699 ], [ 76.4599, 14.4503 ], [ 76.4371, 14.4473 ], [ 76.4239, 14.4495 ], [ 76.424, 14.4381 ], [ 76.3956, 14.4362 ], [ 76.3935, 14.4279 ], [ 76.3838, 14.4272 ], [ 76.3839, 14.4192 ], [ 76.354, 14.4193 ], [ 76.3492, 14.4164 ], [ 76.3379, 14.4193 ], [ 76.3384, 14.415 ], [ 76.3313, 14.4085 ], [ 76.2926, 14.4086 ], [ 76.2819, 14.4046 ], [ 76.2737, 14.4089 ], [ 76.2706, 14.4204 ], [ 76.2642, 14.4248 ], [ 76.264, 14.437 ], [ 76.2601, 14.4445 ], [ 76.2483, 14.4438 ], [ 76.2384, 14.4505 ], [ 76.2188, 14.4419 ], [ 76.2068, 14.4571 ], [ 76.1746, 14.4624 ], [ 76.1737, 14.4479 ], [ 76.1643, 14.4458 ], [ 76.1361, 14.427 ], [ 76.1426, 14.4114 ], [ 76.1486, 14.408 ], [ 76.1535, 14.397 ], [ 76.1554, 14.3774 ], [ 76.1507, 14.3763 ], [ 76.151, 14.3666 ], [ 76.1556, 14.3584 ], [ 76.1589, 14.3295 ], [ 76.1572, 14.3211 ], [ 76.1537, 14.3182 ], [ 76.1468, 14.3213 ], [ 76.1167, 14.3236 ], [ 76.1059, 14.3089 ], [ 76.1097, 14.3019 ], [ 76.1152, 14.301 ], [ 76.1215, 14.2895 ], [ 76.1168, 14.2772 ], [ 76.1251, 14.2824 ], [ 76.13, 14.2817 ], [ 76.1346, 14.2561 ], [ 76.0798, 14.2471 ], [ 76.0725, 14.2266 ], [ 76.0608, 14.2223 ], [ 76.0659, 14.2064 ], [ 76.058, 14.2027 ], [ 76.0565, 14.1915 ], [ 76.0573, 14.1813 ], [ 76.0662, 14.1815 ], [ 76.0638, 14.16 ], [ 76.0457, 14.1554 ], [ 76.0466, 14.1452 ], [ 76.0402, 14.1433 ], [ 76.0327, 14.1344 ], [ 76.0332, 14.1202 ], [ 76.0279, 14.1197 ], [ 76.0251, 14.1131 ], [ 76.0254, 14.1003 ], [ 76.0349, 14.0998 ], [ 76.034, 14.0908 ], [ 76.0477, 14.0972 ], [ 76.0548, 14.0892 ], [ 76.0557, 14.0726 ], [ 76.0485, 14.0449 ], [ 76.0511, 14.03 ], [ 76.048, 14.0126 ], [ 76.0459, 14.0132 ], [ 76.0436, 13.9873 ], [ 76.0472, 13.9825 ], [ 76.0498, 13.9835 ], [ 76.0511, 13.9788 ], [ 76.0724, 13.9821 ], [ 76.066, 13.9414 ], [ 76.0448, 13.942 ], [ 76.0293, 13.9204 ], [ 76.0285, 13.8988 ], [ 76.0347, 13.8975 ], [ 76.0332, 13.8814 ], [ 76.0274, 13.875 ], [ 76.0304, 13.8674 ], [ 76.0264, 13.868 ], [ 76.0209, 13.8622 ], [ 76.016, 13.8706 ], [ 76.0101, 13.8652 ], [ 76.006, 13.8669 ], [ 75.9939, 13.8504 ], [ 75.9884, 13.8478 ], [ 75.9771, 13.8488 ], [ 75.9691, 13.855 ], [ 75.9638, 13.8456 ], [ 75.9478, 13.8307 ], [ 75.9522, 13.8159 ], [ 75.9472, 13.8171 ], [ 75.9462, 13.8139 ], [ 75.94, 13.8127 ], [ 75.9278, 13.814 ], [ 75.9202, 13.8073 ], [ 75.907, 13.8067 ], [ 75.9021, 13.8126 ], [ 75.8942, 13.8111 ], [ 75.8933, 13.807 ], [ 75.8767, 13.8092 ], [ 75.8657, 13.8559 ], [ 75.8648, 13.8726 ], [ 75.8697, 13.9037 ], [ 75.8636, 13.9064 ], [ 75.8327, 13.9668 ], [ 75.832, 13.9896 ], [ 75.8246, 14.0063 ], [ 75.8246, 14.0179 ], [ 75.8087, 14.024 ], [ 75.803, 14.0231 ], [ 75.799, 14.0334 ], [ 75.8021, 14.0428 ], [ 75.813, 14.0476 ], [ 75.821, 14.0636 ], [ 75.8227, 14.074 ], [ 75.8135, 14.0951 ], [ 75.8128, 14.1038 ], [ 75.804, 14.0998 ], [ 75.7718, 14.1009 ], [ 75.7681, 14.1015 ], [ 75.7679, 14.1093 ], [ 75.7571, 14.1105 ], [ 75.7529, 14.102 ], [ 75.7394, 14.1015 ], [ 75.7383, 14.0873 ], [ 75.721, 14.0834 ], [ 75.7275, 14.0768 ], [ 75.7258, 14.0756 ], [ 75.6937, 14.072 ], [ 75.6739, 14.0657 ], [ 75.6514, 14.0711 ], [ 75.6406, 14.0812 ], [ 75.6354, 14.0816 ], [ 75.6306, 14.0745 ], [ 75.6181, 14.0771 ], [ 75.6108, 14.0598 ], [ 75.6051, 14.0574 ], [ 75.5908, 14.0636 ], [ 75.5855, 14.0583 ], [ 75.554, 14.0789 ], [ 75.5479, 14.077 ], [ 75.5406, 14.0797 ], [ 75.5314, 14.0978 ], [ 75.528, 14.0933 ], [ 75.5242, 14.0937 ], [ 75.5109, 14.1014 ], [ 75.4908, 14.0977 ], [ 75.4891, 14.1036 ], [ 75.477, 14.0996 ], [ 75.4662, 14.1048 ], [ 75.4554, 14.0989 ], [ 75.4385, 14.0985 ], [ 75.4399, 14.1024 ], [ 75.4355, 14.1056 ], [ 75.3967, 14.1181 ], [ 75.401, 14.1275 ], [ 75.4165, 14.1425 ], [ 75.4202, 14.1413 ], [ 75.4229, 14.1505 ], [ 75.462, 14.1726 ], [ 75.4839, 14.1767 ], [ 75.4533, 14.2051 ], [ 75.4736, 14.2102 ], [ 75.474, 14.2137 ], [ 75.5073, 14.2189 ], [ 75.5209, 14.203 ], [ 75.527, 14.2031 ], [ 75.5307, 14.2766 ], [ 75.54, 14.2774 ], [ 75.5493, 14.2738 ], [ 75.5571, 14.274 ], [ 75.561, 14.2775 ], [ 75.5832, 14.2781 ], [ 75.5874, 14.2888 ], [ 75.5899, 14.2862 ], [ 75.6035, 14.2931 ], [ 75.6109, 14.3158 ], [ 75.6345, 14.3148 ], [ 75.6348, 14.3231 ], [ 75.6281, 14.329 ], [ 75.6224, 14.3459 ], [ 75.6248, 14.3633 ], [ 75.6363, 14.3938 ], [ 75.644, 14.4312 ], [ 75.6342, 14.4329 ], [ 75.6375, 14.4417 ], [ 75.6307, 14.4459 ], [ 75.6366, 14.4665 ], [ 75.6611, 14.4605 ], [ 75.6621, 14.4515 ], [ 75.674, 14.4654 ], [ 75.6868, 14.4913 ], [ 75.6995, 14.4927 ], [ 75.7085, 14.4751 ], [ 75.7148, 14.4729 ], [ 75.7229, 14.4776 ], [ 75.7351, 14.495 ], [ 75.7578, 14.5148 ], [ 75.7728, 14.5185 ], [ 75.7929, 14.5104 ], [ 75.7992, 14.5124 ], [ 75.7974, 14.5315 ], [ 75.7999, 14.5427 ], [ 75.8196, 14.5657 ], [ 75.8045, 14.599 ], [ 75.8094, 14.619 ], [ 75.8067, 14.6196 ], [ 75.8077, 14.636 ], [ 75.8159, 14.6367 ], [ 75.8231, 14.6318 ], [ 75.8344, 14.6359 ], [ 75.8371, 14.6301 ], [ 75.8303, 14.6154 ], [ 75.8322, 14.6073 ], [ 75.8381, 14.6083 ], [ 75.8417, 14.6046 ], [ 75.8478, 14.6087 ], [ 75.8548, 14.6072 ], [ 75.8581, 14.6083 ], [ 75.8599, 14.6139 ], [ 75.8661, 14.6162 ], [ 75.8683, 14.5937 ], [ 75.8847, 14.5897 ], [ 75.8944, 14.579 ], [ 75.9088, 14.5742 ], [ 75.9102, 14.5629 ], [ 75.9207, 14.5642 ], [ 75.9393, 14.5604 ], [ 75.9468, 14.5238 ], [ 76.0061, 14.5176 ], [ 76.0277, 14.5244 ], [ 76.0489, 14.5145 ], [ 76.0527, 14.5055 ], [ 76.0883, 14.5152 ], [ 76.0883, 14.5181 ], [ 76.0972, 14.5236 ], [ 76.1288, 14.527 ], [ 76.1285, 14.5355 ], [ 76.1336, 14.5402 ], [ 76.1238, 14.5595 ], [ 76.1144, 14.5619 ], [ 76.1153, 14.5681 ], [ 76.1274, 14.5756 ], [ 76.1315, 14.5855 ], [ 76.1313, 14.5944 ], [ 76.1412, 14.602 ], [ 76.1401, 14.6143 ], [ 76.1461, 14.6149 ], [ 76.1423, 14.628 ], [ 76.1312, 14.6304 ], [ 76.1294, 14.6494 ], [ 76.1188, 14.653 ], [ 76.1191, 14.6565 ], [ 76.1127, 14.6582 ], [ 76.1145, 14.6593 ], [ 76.108, 14.6599 ], [ 76.1086, 14.6713 ], [ 76.1139, 14.683 ], [ 76.1095, 14.6865 ], [ 76.1146, 14.695 ], [ 76.1212, 14.6999 ], [ 76.1404, 14.7029 ], [ 76.1377, 14.7002 ], [ 76.1395, 14.6986 ], [ 76.1454, 14.7052 ], [ 76.1569, 14.7043 ], [ 76.1612, 14.7008 ], [ 76.161, 14.7032 ], [ 76.1671, 14.7008 ], [ 76.175, 14.703 ] ] ] } },
{ "type": "Feature", "properties": { "area_id": "KGIS-D-15", "name_en": "Shivamogga", "name_kn": "ಶಿವಮೊಗ್ಗ", "level": "district", "parent_id": null, "district_en": "Shivamogga", "lgd_code": null }, "geometry": { "type": "Polygon", "coordinates": [ [ [ 75.0746, 14.6539 ], [ 75.0992, 14.653 ], [ 75.1016, 14.644 ], [ 75.1166, 14.6396 ], [ 75.1246, 14.6307 ], [ 75.1422, 14.6339 ], [ 75.1434, 14.6204 ], [ 75.1534, 14.6262 ], [ 75.16, 14.617 ], [ 75.1645, 14.6208 ], [ 75.1643, 14.632 ], [ 75.1694, 14.6346 ], [ 75.1846, 14.6235 ], [ 75.1965, 14.6229 ], [ 75.2024, 14.6277 ], [ 75.2011, 14.6393 ], [ 75.2077, 14.6365 ], [ 75.2053, 14.634 ], [ 75.2087, 14.6335 ], [ 75.207, 14.6275 ], [ 75.2103, 14.6278 ], [ 75.2105, 14.6207 ], [ 75.2053, 14.5975 ], [ 75.1854, 14.5999 ], [ 75.1812, 14.5979 ], [ 75.1838, 14.5859 ], [ 75.1978, 14.5825 ], [ 75.1975, 14.5775 ], [ 75.2074, 14.5717 ], [ 75.2191, 14.5792 ], [ 75.2209, 14.5849 ], [ 75.2253, 14.5852 ], [ 75.2309, 14.579 ], [ 75.2255, 14.567 ], [ 75.2346, 14.5556 ], [ 75.2398, 14.5579 ], [ 75.2413, 14.5557 ], [ 75.2431, 14.5671 ], [ 75.2453, 14.5667 ], [ 75.2438, 14.5776 ], [ 75.2494, 14.5812 ], [ 75.2654, 14.5809 ], [ 75.2702, 14.5724 ], [ 75.2751, 14.5699 ], [ 75.2742, 14.5657 ], [ 75.2898, 14.5563 ], [ 75.29, 14.5504 ], [ 75.2953, 14.5449 ], [ 75.293, 14.5441 ], [ 75.2977, 14.5404 ], [ 75.2866, 14.5298 ], [ 75.2795, 14.535 ], [ 75.2683, 14.528 ], [ 75.2672, 14.5143 ], [ 75.2763, 14.5103 ], [ 75.2822, 14.5141 ], [ 75.2917, 14.5107 ], [ 75.3213, 14.5128 ], [ 75.3288, 14.4953 ], [ 75.3464, 14.4856 ], [ 75.3404, 14.4686 ], [ 75.3471, 14.4566 ], [ 75.3391, 14.4374 ], [ 75.3554, 14.4319 ], [ 75.355, 14.4288 ], [ 75.3587, 14.4319 ], [ 75.3588, 14.4379 ], [ 75.3648, 14.4415 ], [ 75.3823, 14.4338 ], [ 75.3777, 14.4074 ], [ 75.3653, 14.4111 ], [ 75.359, 14.4092 ], [ 75.3494, 14.3887 ], [ 75.3747, 14.3703 ], [ 75.3941, 14.3674 ], [ 75.4092, 14.3528 ], [ 75.4297, 14.3491 ], [ 75.4559, 14.3278 ], [ 75.4774, 14.3178 ], [ 75.4801, 14.3306 ], [ 75.4767, 14.3452 ], [ 75.4805, 14.3452 ], [ 75.4815, 14.3399 ], [ 75.4879, 14.3391 ], [ 75.4896, 14.3477 ], [ 75.5011, 14.3437 ], [ 75.5016, 14.326 ], [ 75.5053, 14.3163 ], [ 75.5039, 14.3079 ], [ 75.5179, 14.3015 ], [ 75.5219, 14.2939 ], [ 75.5337, 14.2903 ], [ 75.5353, 14.2775 ], [ 75.5307, 14.2766 ], [ 75.5279, 14.2582 ], [ 75.5274, 14.2391 ], [ 75.5303, 14.2292 ], [ 75.5265, 14.2287 ], [ 75.527, 14.2031 ], [ 75.5209, 14.203 ], [ 75.5073, 14.2189 ], [ 75.474, 14.2137 ], [ 75.4736, 14.2102 ], [ 75.4533, 14.2051 ], [ 75.4839, 14.1767 ], [ 75.462, 14.1726 ], [ 75.4229, 14.1505 ], [ 75.4202, 14.1413 ], [ 75.4165, 14.1425 ], [ 75.401, 14.1275 ], [ 75.3967, 14.1181 ], [ 75.4355, 14.1056 ], [ 75.4399, 14.1024 ], [ 75.4385, 14.0985 ], [ 75.4554, 14.0989 ], [ 75.4662, 14.1048 ], [ 75.477, 14.0996 ], [ 75.4891, 14.1036 ], [ 75.4908, 14.0977 ], [ 75.5109, 14.1014 ], [ 75.5242, 14.0937 ], [ 75.528, 14.0933 ], [ 75.5314, 14.0978 ], [ 75.5406, 14.0797 ], [ 75.5479, 14.077 ], [ 75.554, 14.0789 ], [ 75.5855, 14.0583 ], [ 75.5908, 14.0636 ], [ 75.6051, 14.0574 ], [ 75.6108, 14.0598 ], [ 75.6181, 14.0771 ], [ 75.6306, 14.0745 ], [ 75.6354, 14.0816 ], [ 75.6406, 14.0812 ], [ 75.6514, 14.0711 ], [ 75.6739, 14.0657 ], [ 75.6937, 14.072 ], [ 75.7258, 14.0756 ], [ 75.7275, 14.0768 ], [ 75.721, 14.0834 ], [ 75.7383, 14.0873 ], [ 75.7394, 14.1015 ], [ 75.7529, 14.102 ], [ 75.7571, 14.1105 ], [ 75.7679, 14.1093 ], [ 75.7681, 14.1015 ], [ 75.7718, 14.1009 ], [ 75.804, 14.0998 ], [ 75.8128, 14.1038 ], [ 75.8135, 14.0951 ], [ 75.8227, 14.074 ], [ 75.821, 14.0636 ], [ 75.813, 14.0476 ], [ 75.8021, 14.0428 ], [ 75.799, 14.0334 ], [ 75.803, 14.0231 ], [ 75.8087, 14.024 ], [ 75.8246, 14.0179 ], [ 75.8246, 14.0063 ], [ 75.832, 13.9896 ], [ 75.8327, 13.9668 ], [ 75.8636, 13.9064 ], [ 75.8697, 13.9037 ], [ 75.8648, 13.8726 ], [ 75.8657, 13.8559 ], [ 75.8768, 13.8091 ], [ 75.8514, 13.8108 ], [ 75.8247, 13.8171 ], [ 75.8044, 13.7947 ], [ 75.7897, 13.7953 ], [ 75.7894, 13.7999 ], [ 75.778, 13.7909 ], [ 75.7769, 13.7948 ], [ 75.7638, 13.7964 ], [ 75.7599, 13.7945 ], [ 75.7664, 13.7894 ], [ 75.7648, 13.7823 ], [ 75.7493, 13.7809 ], [ 75.7321, 13.7689 ], [ 75.713, 13.7721 ], [ 75.7097, 13.7657 ], [ 75.6865, 13.7673 ], [ 75.6822, 13.7609 ], [ 75.6889, 13.7526 ], [ 75.6847, 13.7492 ], [ 75.6755, 13.7519 ], [ 75.6748, 13.7612 ], [ 75.6702, 13.7655 ], [ 75.6631, 13.756 ], [ 75.6637, 13.7504 ], [ 75.6559, 13.7462 ], [ 75.6653, 13.7385 ], [ 75.6676, 13.7311 ], [ 75.6756, 13.7279 ], [ 75.674, 13.722 ], [ 75.6515, 13.7182 ], [ 75.6437, 13.7052 ], [ 75.6333, 13.7016 ], [ 75.6316, 13.7039 ], [ 75.6262, 13.7014 ], [ 75.6216, 13.7033 ], [ 75.6186, 13.7084 ], [ 75.6206, 13.7134 ], [ 75.6172, 13.7224 ], [ 75.6268, 13.7341 ], [ 75.6094, 13.746 ], [ 75.6078, 13.7607 ], [ 75.5712, 13.756 ], [ 75.5679, 13.7536 ], [ 75.567, 13.7408 ], [ 75.57, 13.7346 ], [ 75.5607, 13.7291 ], [ 75.5419, 13.7246 ], [ 75.5283, 13.7312 ], [ 75.5203, 13.7433 ], [ 75.5217, 13.7519 ], [ 75.5105, 13.7553 ], [ 75.5081, 13.7646 ], [ 75.4986, 13.7568 ], [ 75.4871, 13.7684 ], [ 75.4896, 13.7605 ], [ 75.472, 13.7508 ], [ 75.4607, 13.7401 ], [ 75.4606, 13.7328 ], [ 75.4557, 13.7234 ], [ 75.4284, 13.7151 ], [ 75.4226, 13.7078 ], [ 75.416, 13.7054 ], [ 75.4078, 13.7064 ], [ 75.4038, 13.7033 ], [ 75.3906, 13.7097 ], [ 75.3845, 13.711 ], [ 75.3809, 13.7085 ], [ 75.3803, 13.7043 ], [ 75.3938, 13.7006 ], [ 75.3934, 13.6939 ], [ 75.3973, 13.6915 ], [ 75.4059, 13.6709 ], [ 75.4057, 13.6589 ], [ 75.414, 13.6531 ], [ 75.4101, 13.6476 ], [ 75.4109, 13.6393 ], [ 75.4063, 13.633 ], [ 75.4066, 13.6258 ], [ 75.3931, 13.6295 ], [ 75.3924, 13.6244 ], [ 75.3873, 13.6221 ], [ 75.3888, 13.6185 ], [ 75.3851, 13.6126 ], [ 75.3768, 13.6137 ], [ 75.3798, 13.6175 ], [ 75.3744, 13.6262 ], [ 75.3653, 13.6193 ], [ 75.3677, 13.6107 ], [ 75.3648, 13.6024 ], [ 75.3701, 13.5962 ], [ 75.3536, 13.5932 ], [ 75.351, 13.5859 ], [ 75.3439, 13.582 ], [ 75.341, 13.5858 ], [ 75.3316, 13.5846 ], [ 75.3276, 13.5912 ], [ 75.3146, 13.5895 ], [ 75.3083, 13.5841 ], [ 75.2949, 13.5852 ], [ 75.2885, 13.5757 ], [ 75.2792, 13.5719 ], [ 75.2784, 13.5641 ], [ 75.2708, 13.568 ], [ 75.2644, 13.5854 ], [ 75.2558, 13.5835 ], [ 75.2545, 13.594 ], [ 75.2486, 13.5964 ], [ 75.2447, 13.6054 ], [ 75.2359, 13.5992 ], [ 75.2256, 13.6058 ], [ 75.2209, 13.6038 ], [ 75.2227, 13.5963 ], [ 75.2119, 13.585 ], [ 75.212, 13.5808 ], [ 75.2126, 13.5773 ], [ 75.226, 13.5683 ], [ 75.221, 13.5587 ], [ 75.2155, 13.5564 ], [ 75.2198, 13.5555 ], [ 75.218, 13.5513 ], [ 75.2236, 13.5483 ], [ 75.2207, 13.5343 ], [ 75.2249, 13.529 ], [ 75.2231, 13.5259 ], [ 75.207, 13.5248 ], [ 75.2034, 13.5175 ], [ 75.2105, 13.5163 ], [ 75.2056, 13.5152 ], [ 75.2028, 13.509 ], [ 75.1884, 13.5091 ], [ 75.1792, 13.5035 ], [ 75.177, 13.4988 ], [ 75.1709, 13.5066 ], [ 75.1479, 13.4788 ], [ 75.1364, 13.4779 ], [ 75.1407, 13.4634 ], [ 75.127, 13.4644 ], [ 75.1155, 13.459 ], [ 75.1113, 13.4634 ], [ 75.1129, 13.4726 ], [ 75.1017, 13.4869 ], [ 75.098, 13.4836 ], [ 75.0918, 13.4913 ], [ 75.0843, 13.4897 ], [ 75.0786, 13.4947 ], [ 75.0779, 13.5142 ], [ 75.0738, 13.5156 ], [ 75.0785, 13.5216 ], [ 75.0737, 13.5242 ], [ 75.0707, 13.5312 ], [ 75.0648, 13.5194 ], [ 75.0611, 13.5202 ], [ 75.0678, 13.5342 ], [ 75.0659, 13.5371 ], [ 75.0604, 13.5325 ], [ 75.0538, 13.5362 ], [ 75.0564, 13.5418 ], [ 75.0542, 13.5506 ], [ 75.0502, 13.5545 ], [ 75.0456, 13.5539 ], [ 75.046, 13.5586 ], [ 75.0385, 13.5648 ], [ 75.0372, 13.5724 ], [ 75.0406, 13.5739 ], [ 75.0451, 13.5849 ], [ 75.0515, 13.583 ], [ 75.0601, 13.5889 ], [ 75.0626, 13.6026 ], [ 75.0505, 13.6161 ], [ 75.0383, 13.6159 ], [ 75.0262, 13.6281 ], [ 75.0185, 13.6286 ], [ 75.0112, 13.6347 ], [ 75.0138, 13.6423 ], [ 75.0087, 13.6453 ], [ 75.0077, 13.6535 ], [ 75.0107, 13.6555 ], [ 75.0081, 13.6606 ], [ 75.0124, 13.6665 ], [ 75.0216, 13.6618 ], [ 75.0267, 13.6705 ], [ 75.0161, 13.6778 ], [ 75.0094, 13.6769 ], [ 75.0086, 13.6791 ], [ 75.0108, 13.6908 ], [ 75.0078, 13.6909 ], [ 75.0195, 13.6946 ], [ 75.0194, 13.6992 ], [ 75.0146, 13.6998 ], [ 75.007, 13.7086 ], [ 75.0036, 13.7081 ], [ 75.0025, 13.712 ], [ 74.9877, 13.7135 ], [ 74.9875, 13.7194 ], [ 74.9939, 13.7274 ], [ 74.9963, 13.7447 ], [ 74.9803, 13.7467 ], [ 74.9745, 13.7529 ], [ 74.9523, 13.7589 ], [ 74.9398, 13.7707 ], [ 74.9381, 13.7771 ], [ 74.931, 13.7758 ], [ 74.9326, 13.796 ], [ 74.9243, 13.8013 ], [ 74.9244, 13.8064 ], [ 74.9193, 13.8134 ], [ 74.9229, 13.8153 ], [ 74.9196, 13.8246 ], [ 74.9128, 13.8217 ], [ 74.9146, 13.8342 ], [ 74.9118, 13.8458 ], [ 74.9142, 13.8531 ], [ 74.9096, 13.861 ], [ 74.8856, 13.8676 ], [ 74.8796, 13.864 ], [ 74.8808, 13.86 ], [ 74.8763, 13.8561 ], [ 74.8703, 13.8563 ], [ 74.8596, 13.8693 ], [ 74.8555, 13.8805 ], [ 74.8405, 13.8919 ], [ 74.8378, 13.8986 ], [ 74.819, 13.9079 ], [ 74.8055, 13.9057 ], [ 74.8, 13.9096 ], [ 74.792, 13.9034 ], [ 74.7892, 13.9085 ], [ 74.7711, 13.9139 ], [ 74.7631, 13.9124 ], [ 74.7571, 13.9065 ], [ 74.7376, 13.9101 ], [ 74.7114, 13.9039 ], [ 74.7149, 13.9105 ], [ 74.7082, 13.9207 ], [ 74.6921, 13.9247 ], [ 74.6824, 13.9344 ], [ 74.6856, 13.9392 ], [ 74.6935, 13.9408 ], [ 74.6942, 13.9482 ], [ 74.6881, 13.9563 ], [ 74.6776, 13.9595 ], [ 74.6775, 13.9661 ], [ 74.6687, 13.9711 ], [ 74.6614, 13.9893 ], [ 74.6762, 14.0234 ], [ 74.6781, 14.0423 ], [ 74.6723, 14.0482 ], [ 74.6764, 14.0618 ], [ 74.6621, 14.0857 ], [ 74.6459, 14.1024 ], [ 74.6555, 14.1154 ], [ 74.646, 14.1147 ], [ 74.6441, 14.1404 ], [ 74.6292, 14.1441 ], [ 74.627, 14.1581 ], [ 74.6298, 14.1639 ], [ 74.6505, 14.1697 ], [ 74.6527, 14.1673 ], [ 74.6648, 14.183 ], [ 74.6958, 14.1728 ], [ 74.6938, 14.1702 ], [ 74.6994, 14.1679 ], [ 74.709, 14.1673 ], [ 74.7208, 14.1544 ], [ 74.7447, 14.1492 ], [ 74.747, 14.1414 ], [ 74.7491, 14.1421 ], [ 74.7476, 14.1569 ], [ 74.7261, 14.1738 ], [ 74.7126, 14.2329 ], [ 74.733, 14.2674 ], [ 74.7527, 14.2516 ], [ 74.776, 14.2408 ], [ 74.7927, 14.228 ], [ 74.7989, 14.2312 ], [ 74.8099, 14.2283 ], [ 74.8188, 14.2306 ], [ 74.8227, 14.2255 ], [ 74.8325, 14.2292 ], [ 74.8389, 14.2275 ], [ 74.8396, 14.2228 ], [ 74.8487, 14.217 ], [ 74.8537, 14.2092 ], [ 74.8571, 14.2102 ], [ 74.8602, 14.2175 ], [ 74.8673, 14.2183 ], [ 74.8694, 14.2363 ], [ 74.8734, 14.2403 ], [ 74.8809, 14.2329 ], [ 74.8759, 14.226 ], [ 74.8757, 14.2193 ], [ 74.8799, 14.2198 ], [ 74.8785, 14.2141 ], [ 74.8947, 14.217 ], [ 74.8986, 14.2281 ], [ 74.9054, 14.2301 ], [ 74.9193, 14.2269 ], [ 74.9291, 14.2346 ], [ 74.9308, 14.241 ], [ 74.9357, 14.2431 ], [ 74.9392, 14.2558 ], [ 74.9366, 14.2557 ], [ 74.9345, 14.2633 ], [ 74.9284, 14.2646 ], [ 74.9262, 14.2773 ], [ 74.9166, 14.273 ], [ 74.9099, 14.2777 ], [ 74.9056, 14.2934 ], [ 74.9138, 14.2996 ], [ 74.9159, 14.308 ], [ 74.9246, 14.3191 ], [ 74.9366, 14.3225 ], [ 74.9421, 14.3183 ], [ 74.9491, 14.32 ], [ 74.9522, 14.3173 ], [ 74.9583, 14.3239 ], [ 74.9629, 14.3182 ], [ 74.9713, 14.3167 ], [ 74.9771, 14.3215 ], [ 74.9721, 14.3206 ], [ 74.9696, 14.3255 ], [ 74.9758, 14.3333 ], [ 74.9744, 14.3381 ], [ 74.9608, 14.341 ], [ 74.9552, 14.3498 ], [ 74.9389, 14.3585 ], [ 74.9401, 14.3679 ], [ 74.9493, 14.3761 ], [ 74.9492, 14.3988 ], [ 74.9336, 14.4037 ], [ 74.9177, 14.4307 ], [ 74.8802, 14.4294 ], [ 74.8812, 14.4333 ], [ 74.8739, 14.4473 ], [ 74.8885, 14.4603 ], [ 74.8989, 14.4646 ], [ 74.9089, 14.4579 ], [ 74.9204, 14.4589 ], [ 74.9177, 14.467 ], [ 74.8937, 14.4737 ], [ 74.8889, 14.48 ], [ 74.8955, 14.5083 ], [ 74.9024, 14.5155 ], [ 74.9013, 14.5293 ], [ 74.9039, 14.5316 ], [ 74.9284, 14.5285 ], [ 74.9377, 14.5187 ], [ 74.9428, 14.5343 ], [ 74.9505, 14.5367 ], [ 74.9557, 14.5547 ], [ 74.9623, 14.551 ], [ 74.9784, 14.5493 ], [ 74.9804, 14.5256 ], [ 74.9745, 14.5245 ], [ 74.9724, 14.5197 ], [ 74.9795, 14.5168 ], [ 74.9928, 14.4952 ], [ 74.9846, 14.4883 ], [ 74.9897, 14.4722 ], [ 75.004, 14.48 ], [ 75.0087, 14.4845 ], [ 75.0064, 14.4881 ], [ 75.0195, 14.4971 ], [ 75.0408, 14.5001 ], [ 75.0421, 14.5153 ], [ 75.0377, 14.5287 ], [ 75.0522, 14.5339 ], [ 75.0533, 14.5387 ], [ 75.0607, 14.5445 ], [ 75.0548, 14.5487 ], [ 75.0444, 14.5458 ], [ 75.0346, 14.5591 ], [ 75.0231, 14.5618 ], [ 75.0206, 14.5745 ], [ 75.0246, 14.5753 ], [ 75.0228, 14.5793 ], [ 75.0279, 14.5847 ], [ 75.0239, 14.6072 ], [ 75.0395, 14.637 ], [ 75.0502, 14.6419 ], [ 75.0525, 14.6487 ], [ 75.0746, 14.6539 ] ] ] } },
{ "type": "Feature", "properties": { "area_id": "KGIS-D-16", "name_en": "Udupi", "name_kn": "ಉಡುಪಿ", "level": "district", "parent_id": null, "district_en": "Udupi", "lgd_code": null }, "geometry": { "type": "MultiPolygon", "coordinates": [ [ [ [ 74.6931, 13.3314 ], [ 74.6915, 13.3317 ], [ 74.6919, 13.3327 ], [ 74.6931, 13.3314 ] ] ], [ [ [ 74.6878, 13.337 ], [ 74.6909, 13.3391 ], [ 74.6899, 13.3358 ], [ 74.6878, 13.337 ] ] ], [ [ [ 74.6835, 13.3437 ], [ 74.6874, 13.3446 ], [ 74.6881, 13.3419 ], [ 74.6835, 13.3437 ] ] ], [ [ [ 74.6862, 13.3784 ], [ 74.6825, 13.382 ], [ 74.682, 13.3842 ], [ 74.6862, 13.3784 ] ] ], [ [ [ 74.6771, 13.9666 ], [ 74.6792, 13.9577 ], [ 74.6918, 13.9535 ], [ 74.6944, 13.9473 ], [ 74.6935, 13.9408 ], [ 74.6856, 13.9392 ], [ 74.6824, 13.9344 ], [ 74.6921, 13.9247 ], [ 74.7082, 13.9207 ], [ 74.7149, 13.9105 ], [ 74.7114, 13.9039 ], [ 74.7376, 13.9101 ], [ 74.7571, 13.9065 ], [ 74.7631, 13.9124 ], [ 74.7711, 13.9139 ], [ 74.7892, 13.9085 ], [ 74.792, 13.9034 ], [ 74.8, 13.9096 ], [ 74.8055, 13.9057 ], [ 74.819, 13.9079 ], [ 74.8378, 13.8986 ], [ 74.8405, 13.8919 ], [ 74.8555, 13.8805 ], [ 74.8596, 13.8693 ], [ 74.8703, 13.8563 ], [ 74.8763, 13.8561 ], [ 74.8808, 13.86 ], [ 74.8796, 13.864 ], [ 74.8856, 13.8676 ], [ 74.9096, 13.861 ], [ 74.9142, 13.8531 ], [ 74.9118, 13.8458 ], [ 74.9146, 13.8342 ], [ 74.9128, 13.8217 ], [ 74.9196, 13.8246 ], [ 74.9229, 13.8153 ], [ 74.9193, 13.8134 ], [ 74.9244, 13.8064 ], [ 74.9243, 13.8013 ], [ 74.9326, 13.796 ], [ 74.931, 13.7758 ], [ 74.9381, 13.7771 ], [ 74.9398, 13.7707 ], [ 74.9523, 13.7589 ], [ 74.9745, 13.7529 ], [ 74.9803, 13.7467 ], [ 74.9963, 13.7447 ], [ 74.9939, 13.7274 ], [ 74.9875, 13.7194 ], [ 74.9877, 13.7135 ], [ 75.0025, 13.712 ], [ 75.0036, 13.7081 ], [ 75.007, 13.7086 ], [ 75.0146, 13.6998 ], [ 75.0194, 13.6992 ], [ 75.0195, 13.6946 ], [ 75.0078, 13.6909 ], [ 75.0108, 13.6908 ], [ 75.0086, 13.6791 ], [ 75.0094, 13.6769 ], [ 75.0161, 13.6778 ], [ 75.0267, 13.6705 ], [ 75.0216, 13.6618 ], [ 75.0124, 13.6665 ], [ 75.0081, 13.6606 ], [ 75.0107, 13.6555 ], [ 75.0077, 13.6535 ], [ 75.0087, 13.6453 ], [ 75.0138, 13.6423 ], [ 75.0112, 13.6347 ], [ 75.0185, 13.6286 ], [ 75.0262, 13.6281 ], [ 75.0383, 13.6159 ], [ 75.0505, 13.6161 ], [ 75.0626, 13.6026 ], [ 75.0601, 13.5889 ], [ 75.0515, 13.583 ], [ 75.0451, 13.5849 ], [ 75.0406, 13.5739 ], [ 75.0372, 13.5724 ], [ 75.0385, 13.5648 ], [ 75.046, 13.5586 ], [ 75.0456, 13.5539 ], [ 75.0502, 13.5545 ], [ 75.0542, 13.5506 ], [ 75.0564, 13.5418 ], [ 75.0538, 13.5362 ], [ 75.0604, 13.5325 ], [ 75.0659, 13.5371 ], [ 75.0678, 13.5342 ], [ 75.0611, 13.5202 ], [ 75.0648, 13.5194 ], [ 75.0707, 13.5312 ], [ 75.0737, 13.5242 ], [ 75.0785, 13.5216 ], [ 75.0738, 13.5156 ], [ 75.0779, 13.5142 ], [ 75.0786, 13.4947 ], [ 75.0843, 13.4897 ], [ 75.0918, 13.4913 ], [ 75.098, 13.4836 ], [ 75.1017, 13.4869 ], [ 75.1129, 13.4726 ], [ 75.1113, 13.4634 ], [ 75.1155, 13.459 ], [ 75.127, 13.4644 ], [ 75.1401, 13.4634 ], [ 75.1416, 13.4586 ], [ 75.1559, 13.4528 ], [ 75.1518, 13.4423 ], [ 75.1478, 13.4397 ], [ 75.1528, 13.4314 ], [ 75.1476, 13.4282 ], [ 75.1483, 13.4218 ], [ 75.1391, 13.4088 ], [ 75.1418, 13.3896 ], [ 75.1349, 13.3813 ], [ 75.1274, 13.3843 ], [ 75.1247, 13.3808 ], [ 75.1241, 13.3736 ], [ 75.1277, 13.3712 ], [ 75.125, 13.3715 ], [ 75.1245, 13.3647 ], [ 75.1138, 13.3559 ], [ 75.1053, 13.3591 ], [ 75.0964, 13.3573 ], [ 75.0867, 13.3614 ], [ 75.0851, 13.3483 ], [ 75.0741, 13.3424 ], [ 75.0955, 13.315 ], [ 75.1075, 13.2877 ], [ 75.1138, 13.2855 ], [ 75.1174, 13.2778 ], [ 75.1417, 13.285 ], [ 75.1524, 13.2615 ], [ 75.1679, 13.2076 ], [ 75.1643, 13.2036 ], [ 75.1649, 13.1986 ], [ 75.1795, 13.1917 ], [ 75.1895, 13.181 ], [ 75.204, 13.1763 ], [ 75.2078, 13.169 ], [ 75.207, 13.1583 ], [ 75.1834, 13.1602 ], [ 75.179, 13.1498 ], [ 75.169, 13.1415 ], [ 75.1621, 13.1301 ], [ 75.1594, 13.1316 ], [ 75.1487, 13.1233 ], [ 75.1443, 13.1261 ], [ 75.1447, 13.1322 ], [ 75.1427, 13.1302 ], [ 75.1299, 13.1333 ], [ 75.1281, 13.1298 ], [ 75.122, 13.1322 ], [ 75.1207, 13.1382 ], [ 75.1115, 13.1476 ], [ 75.1142, 13.1504 ], [ 75.1059, 13.1474 ], [ 75.1041, 13.1538 ], [ 75.1003, 13.1533 ], [ 75.1002, 13.1599 ], [ 75.0953, 13.1619 ], [ 75.0811, 13.1584 ], [ 75.0789, 13.1464 ], [ 75.0735, 13.1491 ], [ 75.0641, 13.1467 ], [ 75.0666, 13.1397 ], [ 75.05, 13.1355 ], [ 75.0359, 13.1432 ], [ 75.016, 13.1319 ], [ 75.0167, 13.1369 ], [ 74.9945, 13.1543 ], [ 74.9868, 13.1486 ], [ 74.975, 13.1276 ], [ 74.9523, 13.1181 ], [ 74.9392, 13.1314 ], [ 74.9434, 13.1344 ], [ 74.941, 13.1356 ], [ 74.9425, 13.1415 ], [ 74.9402, 13.1438 ], [ 74.9357, 13.1414 ], [ 74.9325, 13.147 ], [ 74.9089, 13.129 ], [ 74.9074, 13.1215 ], [ 74.9133, 13.1195 ], [ 74.9138, 13.1157 ], [ 74.908, 13.1113 ], [ 74.9116, 13.1085 ], [ 74.9025, 13.1078 ], [ 74.9008, 13.1043 ], [ 74.8926, 13.103 ], [ 74.8787, 13.0946 ], [ 74.8735, 13.0998 ], [ 74.8732, 13.1108 ], [ 74.869, 13.1199 ], [ 74.8597, 13.1273 ], [ 74.8269, 13.1296 ], [ 74.8224, 13.1238 ], [ 74.8144, 13.1225 ], [ 74.8098, 13.1133 ], [ 74.7922, 13.1175 ], [ 74.7915, 13.1124 ], [ 74.7946, 13.1089 ], [ 74.7971, 13.1108 ], [ 74.798, 13.1034 ], [ 74.7916, 13.0965 ], [ 74.7818, 13.1046 ], [ 74.7779, 13.1031 ], [ 74.7808, 13.0909 ], [ 74.7767, 13.0819 ], [ 74.7795, 13.0715 ], [ 74.777, 13.0713 ], [ 74.7242, 13.2743 ], [ 74.7181, 13.314 ], [ 74.7172, 13.3107 ], [ 74.7128, 13.327 ], [ 74.6984, 13.3437 ], [ 74.7006, 13.3473 ], [ 74.6964, 13.3746 ], [ 74.6934, 13.4692 ], [ 74.6876, 13.4832 ], [ 74.6827, 13.5414 ], [ 74.6685, 13.6307 ], [ 74.6706, 13.6299 ], [ 74.6633, 13.6537 ], [ 74.6514, 13.6654 ], [ 74.6459, 13.6808 ], [ 74.6371, 13.7389 ], [ 74.6185, 13.8268 ], [ 74.6077, 13.8663 ], [ 74.5971, 13.8836 ], [ 74.5898, 13.9122 ], [ 74.5817, 13.9254 ], [ 74.5901, 13.9306 ], [ 74.5953, 13.9418 ], [ 74.5968, 13.932 ], [ 74.6064, 13.9408 ], [ 74.6186, 13.9418 ], [ 74.6206, 13.9358 ], [ 74.6317, 13.9462 ], [ 74.6311, 13.944 ], [ 74.6352, 13.9441 ], [ 74.6336, 13.9399 ], [ 74.6478, 13.9407 ], [ 74.6481, 13.944 ], [ 74.6527, 13.946 ], [ 74.6487, 13.95 ], [ 74.6466, 13.9631 ], [ 74.6647, 13.981 ], [ 74.6687, 13.9711 ], [ 74.6771, 13.9666 ] ] ] ] } },
{ "type": "Feature", "properties": { "area_id": "KGIS-D-17", "name_en": "Chikkamagaluru", "name_kn": "ಚಿಕ್ಕಮಗಳೂರು", "level": "district", "parent_id": null, "district_en": "Chikkamagaluru", "lgd_code": null }, "geometry": { "type": "Polygon", "coordinates": [ [ [ 76.0504, 13.8936 ], [ 76.0539, 13.8924 ], [ 76.0537, 13.8795 ], [ 76.0764, 13.8793 ], [ 76.0874, 13.874 ], [ 76.0911, 13.867 ], [ 76.0996, 13.8643 ], [ 76.1039, 13.8379 ], [ 76.1157, 13.8124 ], [ 76.1295, 13.8146 ], [ 76.1335, 13.7853 ], [ 76.1478, 13.7511 ], [ 76.149, 13.7325 ], [ 76.1697, 13.7281 ], [ 76.1716, 13.7197 ], [ 76.1798, 13.7164 ], [ 76.1945, 13.712 ], [ 76.2196, 13.7103 ], [ 76.2213, 13.6826 ], [ 76.2313, 13.6813 ], [ 76.2418, 13.6676 ], [ 76.2542, 13.6626 ], [ 76.2632, 13.649 ], [ 76.287, 13.6474 ], [ 76.2799, 13.6362 ], [ 76.2795, 13.6237 ], [ 76.2753, 13.6217 ], [ 76.2764, 13.6135 ], [ 76.2733, 13.6052 ], [ 76.2764, 13.6037 ], [ 76.2773, 13.6078 ], [ 76.2826, 13.6061 ], [ 76.282, 13.6013 ], [ 76.2868, 13.5997 ], [ 76.2879, 13.595 ], [ 76.2933, 13.5938 ], [ 76.2924, 13.5904 ], [ 76.2977, 13.5891 ], [ 76.3332, 13.5957 ], [ 76.342, 13.5762 ], [ 76.3528, 13.5797 ], [ 76.3593, 13.5564 ], [ 76.364, 13.5472 ], [ 76.3665, 13.5485 ], [ 76.3625, 13.5304 ], [ 76.3491, 13.5254 ], [ 76.3451, 13.5137 ], [ 76.3303, 13.5214 ], [ 76.3176, 13.5392 ], [ 76.3159, 13.5319 ], [ 76.311, 13.5293 ], [ 76.312, 13.5254 ], [ 76.3007, 13.5217 ], [ 76.2937, 13.5272 ], [ 76.2925, 13.5047 ], [ 76.2623, 13.5053 ], [ 76.261, 13.5116 ], [ 76.2336, 13.507 ], [ 76.2381, 13.4954 ], [ 76.2295, 13.4847 ], [ 76.2344, 13.4804 ], [ 76.2321, 13.4689 ], [ 76.1981, 13.4693 ], [ 76.1995, 13.4508 ], [ 76.1871, 13.4524 ], [ 76.194, 13.4688 ], [ 76.162, 13.4696 ], [ 76.1584, 13.4598 ], [ 76.1513, 13.458 ], [ 76.1468, 13.4477 ], [ 76.1388, 13.4423 ], [ 76.1362, 13.4441 ], [ 76.1401, 13.436 ], [ 76.1394, 13.4066 ], [ 76.1295, 13.404 ], [ 76.1295, 13.4001 ], [ 76.1112, 13.4005 ], [ 76.1106, 13.3962 ], [ 76.0985, 13.3915 ], [ 76.0985, 13.3938 ], [ 76.0891, 13.3924 ], [ 76.0891, 13.3717 ], [ 76.0818, 13.3717 ], [ 76.0561, 13.3816 ], [ 76.0417, 13.3743 ], [ 76.0382, 13.3565 ], [ 76.0322, 13.346 ], [ 76.029, 13.3455 ], [ 76.0345, 13.3373 ], [ 76.0321, 13.3213 ], [ 76.0367, 13.3201 ], [ 76.0332, 13.3017 ], [ 76.0373, 13.3003 ], [ 76.0431, 13.2756 ], [ 76.0367, 13.2495 ], [ 76.0179, 13.25 ], [ 76.0148, 13.2616 ], [ 75.9901, 13.2599 ], [ 75.9845, 13.2666 ], [ 75.9374, 13.2562 ], [ 75.9196, 13.257 ], [ 75.9153, 13.2618 ], [ 75.9048, 13.2579 ], [ 75.9002, 13.2661 ], [ 75.8774, 13.2607 ], [ 75.871, 13.2465 ], [ 75.8616, 13.2402 ], [ 75.8603, 13.2536 ], [ 75.8556, 13.2539 ], [ 75.8569, 13.2584 ], [ 75.8517, 13.2586 ], [ 75.8403, 13.2513 ], [ 75.8308, 13.2574 ], [ 75.8249, 13.2529 ], [ 75.8185, 13.2593 ], [ 75.8074, 13.2589 ], [ 75.8076, 13.2469 ], [ 75.813, 13.2307 ], [ 75.8096, 13.2307 ], [ 75.8099, 13.2218 ], [ 75.8056, 13.2156 ], [ 75.7895, 13.2143 ], [ 75.7792, 13.21 ], [ 75.7753, 13.2166 ], [ 75.7729, 13.2129 ], [ 75.7664, 13.212 ], [ 75.7585, 13.2182 ], [ 75.7502, 13.2062 ], [ 75.7432, 13.2074 ], [ 75.7326, 13.1867 ], [ 75.7278, 13.1833 ], [ 75.7304, 13.1636 ], [ 75.7346, 13.1601 ], [ 75.7359, 13.1535 ], [ 75.7403, 13.1486 ], [ 75.7444, 13.1505 ], [ 75.7513, 13.1461 ], [ 75.7538, 13.1372 ], [ 75.7361, 13.1223 ], [ 75.7404, 13.1138 ], [ 75.739, 13.1105 ], [ 75.7276, 13.1051 ], [ 75.7266, 13.096 ], [ 75.7426, 13.0711 ], [ 75.7393, 13.0502 ], [ 75.742, 13.0415 ], [ 75.7405, 13.0298 ], [ 75.7276, 13.0238 ], [ 75.7235, 13.0282 ], [ 75.7255, 13.0318 ], [ 75.7252, 13.0321 ], [ 75.7169, 13.0309 ], [ 75.7102, 13.0371 ], [ 75.6968, 13.0369 ], [ 75.6959, 13.0461 ], [ 75.6903, 13.044 ], [ 75.6881, 13.0368 ], [ 75.6903, 13.0333 ], [ 75.6866, 13.0325 ], [ 75.6838, 13.036 ], [ 75.6828, 13.0312 ], [ 75.6739, 13.0298 ], [ 75.674, 13.0246 ], [ 75.6707, 13.0305 ], [ 75.665, 13.0315 ], [ 75.6616, 13.0253 ], [ 75.6571, 13.0248 ], [ 75.6562, 13.0293 ], [ 75.6499, 13.0263 ], [ 75.6458, 13.0319 ], [ 75.6429, 13.0313 ], [ 75.6376, 13.011 ], [ 75.6315, 13.0113 ], [ 75.6195, 12.9912 ], [ 75.609, 12.9806 ], [ 75.6019, 12.9643 ], [ 75.6026, 12.9576 ], [ 75.5948, 12.9442 ], [ 75.5732, 12.9353 ], [ 75.5573, 12.9132 ], [ 75.5494, 12.9079 ], [ 75.553, 12.9135 ], [ 75.5529, 12.95 ], [ 75.5457, 12.9562 ], [ 75.5331, 12.9599 ], [ 75.5264, 12.9693 ], [ 75.5172, 12.97 ], [ 75.5096, 12.9805 ], [ 75.5018, 12.9811 ], [ 75.5207, 12.9857 ], [ 75.5274, 12.9964 ], [ 75.5245, 13.002 ], [ 75.53, 13.002 ], [ 75.5326, 13.0091 ], [ 75.5292, 13.025 ], [ 75.5207, 13.0273 ], [ 75.5201, 13.0304 ], [ 75.5263, 13.0381 ], [ 75.527, 13.0494 ], [ 75.5149, 13.0547 ], [ 75.5187, 13.0607 ], [ 75.5078, 13.0692 ], [ 75.4917, 13.0893 ], [ 75.4878, 13.0902 ], [ 75.4804, 13.0844 ], [ 75.478, 13.0768 ], [ 75.4722, 13.0788 ], [ 75.4676, 13.0768 ], [ 75.4665, 13.0829 ], [ 75.4737, 13.094 ], [ 75.4563, 13.1095 ], [ 75.4439, 13.106 ], [ 75.4413, 13.1144 ], [ 75.4322, 13.1204 ], [ 75.4238, 13.1061 ], [ 75.4154, 13.1056 ], [ 75.4063, 13.1117 ], [ 75.4118, 13.1249 ], [ 75.4073, 13.1397 ], [ 75.4096, 13.1501 ], [ 75.407, 13.1581 ], [ 75.3903, 13.1692 ], [ 75.3842, 13.1779 ], [ 75.3738, 13.1825 ], [ 75.3633, 13.182 ], [ 75.3558, 13.1872 ], [ 75.3356, 13.1764 ], [ 75.329, 13.1641 ], [ 75.3243, 13.1659 ], [ 75.3177, 13.1506 ], [ 75.3184, 13.1397 ], [ 75.3114, 13.138 ], [ 75.3106, 13.1294 ], [ 75.3039, 13.1257 ], [ 75.2909, 13.1295 ], [ 75.2883, 13.1227 ], [ 75.2851, 13.1228 ], [ 75.2833, 13.1258 ], [ 75.2809, 13.1246 ], [ 75.2778, 13.1318 ], [ 75.2708, 13.1247 ], [ 75.2618, 13.1237 ], [ 75.2551, 13.1293 ], [ 75.2437, 13.1294 ], [ 75.2374, 13.1389 ], [ 75.2302, 13.1405 ], [ 75.2267, 13.1471 ], [ 75.2231, 13.1462 ], [ 75.2159, 13.1546 ], [ 75.2056, 13.1521 ], [ 75.2078, 13.169 ], [ 75.204, 13.1763 ], [ 75.1895, 13.181 ], [ 75.1795, 13.1917 ], [ 75.1649, 13.1986 ], [ 75.1643, 13.2036 ], [ 75.1679, 13.2076 ], [ 75.1524, 13.2615 ], [ 75.1417, 13.285 ], [ 75.1174, 13.2778 ], [ 75.1138, 13.2855 ], [ 75.1075, 13.2877 ], [ 75.0955, 13.315 ], [ 75.0741, 13.3424 ], [ 75.0851, 13.3483 ], [ 75.0867, 13.3614 ], [ 75.0964, 13.3573 ], [ 75.1053, 13.3591 ], [ 75.1138, 13.3559 ], [ 75.1245, 13.3647 ], [ 75.125, 13.3715 ], [ 75.1277, 13.3712 ], [ 75.1235, 13.3766 ], [ 75.1274, 13.3843 ], [ 75.1349, 13.3813 ], [ 75.1418, 13.3896 ], [ 75.1391, 13.4088 ], [ 75.1483, 13.4218 ], [ 75.1476, 13.4282 ], [ 75.1528, 13.4314 ], [ 75.1478, 13.4397 ], [ 75.1518, 13.4423 ], [ 75.1559, 13.4528 ], [ 75.1416, 13.4586 ], [ 75.1364, 13.4779 ], [ 75.1479, 13.4788 ], [ 75.1709, 13.5066 ], [ 75.1767, 13.4987 ], [ 75.1884, 13.5091 ], [ 75.2028, 13.509 ], [ 75.2056, 13.5152 ], [ 75.2105, 13.5163 ], [ 75.2034, 13.5175 ], [ 75.207, 13.5248 ], [ 75.2199, 13.525 ], [ 75.2249, 13.529 ], [ 75.2207, 13.5343 ], [ 75.2236, 13.5483 ], [ 75.218, 13.5513 ], [ 75.2198, 13.5555 ], [ 75.2155, 13.5564 ], [ 75.221, 13.5587 ], [ 75.226, 13.5683 ], [ 75.2126, 13.5773 ], [ 75.212, 13.5808 ], [ 75.2119, 13.585 ], [ 75.2227, 13.5963 ], [ 75.2209, 13.6038 ], [ 75.2256, 13.6058 ], [ 75.2359, 13.5992 ], [ 75.2447, 13.6054 ], [ 75.2486, 13.5964 ], [ 75.2545, 13.594 ], [ 75.2558, 13.5835 ], [ 75.2644, 13.5854 ], [ 75.2708, 13.568 ], [ 75.2784, 13.5641 ], [ 75.2792, 13.5719 ], [ 75.2885, 13.5757 ], [ 75.2949, 13.5852 ], [ 75.3083, 13.5841 ], [ 75.3146, 13.5895 ], [ 75.3276, 13.5912 ], [ 75.3316, 13.5846 ], [ 75.341, 13.5858 ], [ 75.3439, 13.582 ], [ 75.351, 13.5859 ], [ 75.3536, 13.5932 ], [ 75.3701, 13.5962 ], [ 75.3648, 13.6024 ], [ 75.3677, 13.6107 ], [ 75.3653, 13.6193 ], [ 75.3744, 13.6262 ], [ 75.3798, 13.6175 ], [ 75.3768, 13.6137 ], [ 75.3851, 13.6126 ], [ 75.3888, 13.6185 ], [ 75.3873, 13.6221 ], [ 75.3924, 13.6244 ], [ 75.3931, 13.6295 ], [ 75.4066, 13.6258 ], [ 75.4063, 13.633 ], [ 75.4109, 13.6393 ], [ 75.4101, 13.6476 ], [ 75.414, 13.6531 ], [ 75.4057, 13.6589 ], [ 75.4059, 13.6709 ], [ 75.3973, 13.6915 ], [ 75.3934, 13.6939 ], [ 75.3938, 13.7006 ], [ 75.3803, 13.7043 ], [ 75.3809, 13.7085 ], [ 75.3845, 13.711 ], [ 75.3906, 13.7097 ], [ 75.4038, 13.7033 ], [ 75.4078, 13.7064 ], [ 75.416, 13.7054 ], [ 75.4226, 13.7078 ], [ 75.4284, 13.7151 ], [ 75.4557, 13.7234 ], [ 75.4606, 13.7328 ], [ 75.4607, 13.7401 ], [ 75.472, 13.7508 ], [ 75.4896, 13.7605 ], [ 75.4871, 13.7684 ], [ 75.4986, 13.7568 ], [ 75.5081, 13.7646 ], [ 75.5105, 13.7553 ], [ 75.5217, 13.7519 ], [ 75.5203, 13.7433 ], [ 75.5283, 13.7312 ], [ 75.5419, 13.7246 ], [ 75.5607, 13.7291 ], [ 75.57, 13.7346 ], [ 75.567, 13.7408 ], [ 75.5679, 13.7536 ], [ 75.5712, 13.756 ], [ 75.6078, 13.7607 ], [ 75.6094, 13.746 ], [ 75.6268, 13.7341 ], [ 75.6172, 13.7224 ], [ 75.6206, 13.7134 ], [ 75.6186, 13.7084 ], [ 75.6261, 13.7014 ], [ 75.6291, 13.704 ], [ 75.6371, 13.7021 ], [ 75.6489, 13.7106 ], [ 75.6515, 13.7182 ], [ 75.6677, 13.7197 ], [ 75.6748, 13.7235 ], [ 75.6756, 13.7279 ], [ 75.6676, 13.7311 ], [ 75.6653, 13.7385 ], [ 75.6559, 13.7462 ], [ 75.6637, 13.7504 ], [ 75.6631, 13.756 ], [ 75.6702, 13.7655 ], [ 75.6748, 13.7612 ], [ 75.6755, 13.7519 ], [ 75.6847, 13.7492 ], [ 75.6889, 13.7526 ], [ 75.6822, 13.7609 ], [ 75.6865, 13.7673 ], [ 75.7097, 13.7657 ], [ 75.713, 13.7721 ], [ 75.7321, 13.7689 ], [ 75.7493, 13.7809 ], [ 75.7648, 13.7823 ], [ 75.7664, 13.7894 ], [ 75.7599, 13.7945 ], [ 75.7638, 13.7964 ], [ 75.7769, 13.7948 ], [ 75.778, 13.7909 ], [ 75.7894, 13.7999 ], [ 75.7897, 13.7953 ], [ 75.8044, 13.7947 ], [ 75.8247, 13.8171 ], [ 75.8514, 13.8108 ], [ 75.8933, 13.807 ], [ 75.8942, 13.8111 ], [ 75.9021, 13.8126 ], [ 75.9076, 13.8066 ], [ 75.9202, 13.8073 ], [ 75.9278, 13.814 ], [ 75.94, 13.8127 ], [ 75.9462, 13.8139 ], [ 75.9472, 13.8171 ], [ 75.9522, 13.8159 ], [ 75.9478, 13.8307 ], [ 75.9638, 13.8456 ], [ 75.9691, 13.855 ], [ 75.9771, 13.8488 ], [ 75.9884, 13.8478 ], [ 75.9939, 13.8504 ], [ 76.006, 13.8669 ], [ 76.0101, 13.8652 ], [ 76.016, 13.8706 ], [ 76.0172, 13.8648 ], [ 76.0222, 13.8627 ], [ 76.0264, 13.868 ], [ 76.0313, 13.8686 ], [ 76.0274, 13.875 ], [ 76.0332, 13.8814 ], [ 76.0347, 13.8975 ], [ 76.0511, 13.8976 ], [ 76.0504, 13.8936 ] ] ] } },
{ "type": "Feature", "properties": { "area_id": "KGIS-D-18", "name_en": "Tumakuru", "name_kn": "ತುಮಕೂರು", "level": "district", "parent_id": null, "district_en": "Tumakuru", "lgd_code": null }, "geometry": { "type": "MultiPolygon", "coordinates": [ [ [ [ 77.0812, 13.0726 ], [ 77.0818, 13.0695 ], [ 77.0795, 13.0688 ], [ 77.0812, 13.0726 ] ] ], [ [ [ 76.9507, 14.0921 ], [ 76.959, 14.0917 ], [ 76.9736, 14.0837 ], [ 76.9766, 14.0655 ], [ 76.9719, 14.0585 ], [ 76.95, 14.0537 ], [ 76.932, 14.0545 ], [ 76.9306, 14.0309 ], [ 76.9343, 14.0332 ], [ 76.9438, 14.03 ], [ 76.945, 14.021 ], [ 76.95, 14.0146 ], [ 76.9659, 14.0112 ], [ 76.9993, 13.9899 ], [ 76.9936, 13.9628 ], [ 77.0138, 13.9555 ], [ 77.0239, 13.9403 ], [ 77.04, 13.9338 ], [ 77.0468, 13.9059 ], [ 77.022, 13.9028 ], [ 77.0233, 13.8959 ], [ 77.0161, 13.8846 ], [ 77.0184, 13.8723 ], [ 77.0132, 13.8715 ], [ 77.0139, 13.8588 ], [ 77.0057, 13.8515 ], [ 76.9924, 13.849 ], [ 76.9904, 13.8372 ], [ 76.9781, 13.8268 ], [ 76.9765, 13.817 ], [ 76.9898, 13.8131 ], [ 76.9899, 13.7958 ], [ 76.9849, 13.7907 ], [ 76.9913, 13.7776 ], [ 76.9992, 13.7455 ], [ 77.0166, 13.7382 ], [ 77.0173, 13.7556 ], [ 77.0234, 13.7691 ], [ 77.0243, 13.7791 ], [ 77.043, 13.7777 ], [ 77.0435, 13.7709 ], [ 77.047, 13.7706 ], [ 77.0522, 13.762 ], [ 77.0587, 13.76 ], [ 77.0577, 13.7526 ], [ 77.0651, 13.7448 ], [ 77.0854, 13.7432 ], [ 77.0833, 13.749 ], [ 77.0853, 13.7615 ], [ 77.0898, 13.7625 ], [ 77.0905, 13.7672 ], [ 77.1077, 13.7673 ], [ 77.1369, 13.7585 ], [ 77.141, 13.7653 ], [ 77.1513, 13.7664 ], [ 77.1734, 13.7621 ], [ 77.1791, 13.7829 ], [ 77.1733, 13.7854 ], [ 77.1637, 13.7962 ], [ 77.1622, 13.8044 ], [ 77.1578, 13.8056 ], [ 77.1624, 13.8083 ], [ 77.1596, 13.8163 ], [ 77.1678, 13.8208 ], [ 77.1697, 13.8297 ], [ 77.1533, 13.8342 ], [ 77.1547, 13.8445 ], [ 77.1323, 13.8463 ], [ 77.1282, 13.8562 ], [ 77.1367, 13.8566 ], [ 77.1456, 13.8681 ], [ 77.1674, 13.8623 ], [ 77.1716, 13.87 ], [ 77.1688, 13.8901 ], [ 77.1622, 13.8989 ], [ 77.1623, 13.9073 ], [ 77.1697, 13.9202 ], [ 77.185, 13.9246 ], [ 77.1907, 13.9115 ], [ 77.1859, 13.8771 ], [ 77.1818, 13.87 ], [ 77.1939, 13.8651 ], [ 77.2006, 13.8634 ], [ 77.2127, 13.8857 ], [ 77.2168, 13.8841 ], [ 77.2152, 13.8675 ], [ 77.2198, 13.8679 ], [ 77.2301, 13.892 ], [ 77.2311, 13.9028 ], [ 77.2448, 13.9036 ], [ 77.2486, 13.9014 ], [ 77.2483, 13.8876 ], [ 77.2451, 13.8839 ], [ 77.2487, 13.8727 ], [ 77.2465, 13.8677 ], [ 77.2589, 13.8624 ], [ 77.2571, 13.8466 ], [ 77.2802, 13.8509 ], [ 77.2902, 13.8478 ], [ 77.295, 13.8576 ], [ 77.3102, 13.8632 ], [ 77.3111, 13.8669 ], [ 77.3212, 13.8562 ], [ 77.3255, 13.8328 ], [ 77.3368, 13.8327 ], [ 77.363, 13.854 ], [ 77.3766, 13.8509 ], [ 77.3808, 13.8472 ], [ 77.3795, 13.84 ], [ 77.3851, 13.8387 ], [ 77.4159, 13.8391 ], [ 77.4326, 13.8437 ], [ 77.4289, 13.8274 ], [ 77.4241, 13.8233 ], [ 77.4175, 13.8066 ], [ 77.4195, 13.8094 ], [ 77.4287, 13.8067 ], [ 77.4226, 13.7988 ], [ 77.4331, 13.796 ], [ 77.4373, 13.7961 ], [ 77.4454, 13.8105 ], [ 77.4647, 13.8075 ], [ 77.4649, 13.8024 ], [ 77.4608, 13.8027 ], [ 77.4568, 13.7886 ], [ 77.4615, 13.788 ], [ 77.4602, 13.7805 ], [ 77.465, 13.7587 ], [ 77.4705, 13.7581 ], [ 77.4644, 13.734 ], [ 77.4651, 13.7111 ], [ 77.4501, 13.7114 ], [ 77.4554, 13.6828 ], [ 77.4371, 13.6841 ], [ 77.4355, 13.6732 ], [ 77.3972, 13.6745 ], [ 77.3945, 13.6655 ], [ 77.3842, 13.6615 ], [ 77.3768, 13.6497 ], [ 77.3784, 13.6451 ], [ 77.3687, 13.6411 ], [ 77.3669, 13.6362 ], [ 77.3696, 13.6338 ], [ 77.3622, 13.6249 ], [ 77.3602, 13.6131 ], [ 77.3648, 13.6019 ], [ 77.3637, 13.5901 ], [ 77.3744, 13.5899 ], [ 77.383, 13.575 ], [ 77.3846, 13.5514 ], [ 77.3797, 13.548 ], [ 77.3828, 13.5368 ], [ 77.3906, 13.5363 ], [ 77.3917, 13.5288 ], [ 77.3906, 13.519 ], [ 77.3817, 13.5147 ], [ 77.3847, 13.4989 ], [ 77.3708, 13.4779 ], [ 77.3736, 13.4708 ], [ 77.367, 13.4697 ], [ 77.3656, 13.4621 ], [ 77.3561, 13.462 ], [ 77.3489, 13.4572 ], [ 77.3492, 13.443 ], [ 77.3627, 13.436 ], [ 77.3651, 13.4266 ], [ 77.3618, 13.4151 ], [ 77.3473, 13.418 ], [ 77.3419, 13.4016 ], [ 77.3436, 13.3852 ], [ 77.3392, 13.3743 ], [ 77.3454, 13.3733 ], [ 77.3415, 13.355 ], [ 77.3425, 13.3503 ], [ 77.3459, 13.3493 ], [ 77.3385, 13.3288 ], [ 77.3298, 13.3302 ], [ 77.312, 13.3206 ], [ 77.3088, 13.31 ], [ 77.2816, 13.3107 ], [ 77.2822, 13.297 ], [ 77.2754, 13.2975 ], [ 77.2695, 13.3061 ], [ 77.2702, 13.3109 ], [ 77.2547, 13.3088 ], [ 77.253, 13.3027 ], [ 77.2474, 13.3018 ], [ 77.2423, 13.3026 ], [ 77.2372, 13.3109 ], [ 77.229, 13.3141 ], [ 77.2227, 13.2965 ], [ 77.2195, 13.2735 ], [ 77.2222, 13.2675 ], [ 77.2191, 13.2618 ], [ 77.2048, 13.2629 ], [ 77.1999, 13.2684 ], [ 77.1931, 13.2696 ], [ 77.1934, 13.2735 ], [ 77.19, 13.276 ], [ 77.1876, 13.2716 ], [ 77.1847, 13.2566 ], [ 77.191, 13.2415 ], [ 77.1897, 13.2379 ], [ 77.1852, 13.2382 ], [ 77.1836, 13.23 ], [ 77.1885, 13.2252 ], [ 77.1934, 13.2253 ], [ 77.1941, 13.2094 ], [ 77.1993, 13.2027 ], [ 77.1986, 13.1952 ], [ 77.207, 13.1973 ], [ 77.2027, 13.1819 ], [ 77.1974, 13.1801 ], [ 77.1821, 13.1866 ], [ 77.1683, 13.184 ], [ 77.1645, 13.1898 ], [ 77.1649, 13.1966 ], [ 77.1625, 13.1965 ], [ 77.1562, 13.1938 ], [ 77.1484, 13.1736 ], [ 77.1426, 13.1735 ], [ 77.1384, 13.1776 ], [ 77.1288, 13.1643 ], [ 77.1188, 13.1635 ], [ 77.1201, 13.1526 ], [ 77.1158, 13.1427 ], [ 77.1181, 13.141 ], [ 77.1159, 13.1312 ], [ 77.107, 13.1353 ], [ 77.1078, 13.1443 ], [ 77.0958, 13.1462 ], [ 77.0914, 13.1359 ], [ 77.0833, 13.1366 ], [ 77.0793, 13.1316 ], [ 77.072, 13.1321 ], [ 77.0702, 13.1289 ], [ 77.0708, 13.1148 ], [ 77.0817, 13.0877 ], [ 77.075, 13.0695 ], [ 77.0702, 13.0665 ], [ 77.0743, 13.0662 ], [ 77.0738, 13.0605 ], [ 77.0807, 13.0625 ], [ 77.0747, 13.057 ], [ 77.0697, 13.0397 ], [ 77.0821, 13.0399 ], [ 77.0896, 13.0296 ], [ 77.0938, 13.0303 ], [ 77.0929, 13.027 ], [ 77.1089, 13.023 ], [ 77.1181, 13.0145 ], [ 77.1165, 13.0099 ], [ 77.1029, 13.0072 ], [ 77.0976, 12.9982 ], [ 77.1032, 12.9928 ], [ 77.1066, 12.9966 ], [ 77.1289, 12.9954 ], [ 77.1297, 12.9989 ], [ 77.1233, 13.0037 ], [ 77.1236, 13.0067 ], [ 77.1316, 13.006 ], [ 77.1366, 13.0017 ], [ 77.1356, 12.9964 ], [ 77.1422, 12.992 ], [ 77.1447, 12.9862 ], [ 77.1328, 12.9862 ], [ 77.1311, 12.9757 ], [ 77.1432, 12.9635 ], [ 77.1569, 12.9582 ], [ 77.157, 12.9421 ], [ 77.1652, 12.9289 ], [ 77.1577, 12.9136 ], [ 77.152, 12.9166 ], [ 77.141, 12.9161 ], [ 77.1364, 12.9014 ], [ 77.1324, 12.8979 ], [ 77.1244, 12.9016 ], [ 77.1234, 12.8972 ], [ 77.1203, 12.8998 ], [ 77.1057, 12.8926 ], [ 77.1072, 12.8891 ], [ 77.119, 12.8842 ], [ 77.1234, 12.888 ], [ 77.1332, 12.8883 ], [ 77.133, 12.8588 ], [ 77.1358, 12.8608 ], [ 77.1385, 12.853 ], [ 77.1494, 12.8482 ], [ 77.1501, 12.8304 ], [ 77.1572, 12.8273 ], [ 77.1465, 12.8195 ], [ 77.1424, 12.8204 ], [ 77.138, 12.8127 ], [ 77.1512, 12.7935 ], [ 77.1499, 12.7868 ], [ 77.1412, 12.7818 ], [ 77.1365, 12.7833 ], [ 77.1228, 12.7739 ], [ 77.1066, 12.7802 ], [ 77.0947, 12.7708 ], [ 77.092, 12.7511 ], [ 77.086, 12.7511 ], [ 77.0876, 12.7536 ], [ 77.0799, 12.7597 ], [ 77.08, 12.7473 ], [ 77.0762, 12.7458 ], [ 77.0678, 12.7592 ], [ 77.049, 12.7476 ], [ 77.0441, 12.7777 ], [ 77.026, 12.7625 ], [ 77.0086, 12.7639 ], [ 77.0067, 12.7716 ], [ 77.0096, 12.7809 ], [ 76.9987, 12.7771 ], [ 76.9907, 12.7878 ], [ 76.9765, 12.7925 ], [ 76.9736, 12.8013 ], [ 76.9609, 12.8028 ], [ 76.9505, 12.8 ], [ 76.9419, 12.8047 ], [ 76.9352, 12.7993 ], [ 76.9231, 12.8046 ], [ 76.9168, 12.819 ], [ 76.9075, 12.8265 ], [ 76.9004, 12.8451 ], [ 76.8913, 12.8501 ], [ 76.8936, 12.8743 ], [ 76.8886, 12.8974 ], [ 76.8729, 12.8975 ], [ 76.8656, 12.9051 ], [ 76.8646, 12.9135 ], [ 76.8679, 12.9186 ], [ 76.8971, 12.921 ], [ 76.8925, 12.9317 ], [ 76.8808, 12.9336 ], [ 76.862, 12.9283 ], [ 76.8626, 12.9344 ], [ 76.8493, 12.9384 ], [ 76.8487, 12.944 ], [ 76.8423, 12.9415 ], [ 76.8356, 12.9434 ], [ 76.8418, 12.9657 ], [ 76.8394, 12.9731 ], [ 76.8506, 12.9747 ], [ 76.8514, 12.9791 ], [ 76.8269, 12.9984 ], [ 76.8291, 13.0022 ], [ 76.8199, 13.0049 ], [ 76.8155, 13.0134 ], [ 76.7858, 13.0145 ], [ 76.7824, 13.0305 ], [ 76.7574, 13.0354 ], [ 76.7581, 13.0374 ], [ 76.7095, 13.0393 ], [ 76.7018, 13.042 ], [ 76.6936, 13.0371 ], [ 76.6755, 13.0549 ], [ 76.6706, 13.0551 ], [ 76.6669, 13.0383 ], [ 76.6588, 13.0239 ], [ 76.658, 13.0137 ], [ 76.6531, 13.0076 ], [ 76.6453, 13.0057 ], [ 76.6393, 13.0093 ], [ 76.632, 13.004 ], [ 76.6116, 13.008 ], [ 76.6045, 13.0146 ], [ 76.6091, 13.0315 ], [ 76.6033, 13.0418 ], [ 76.6069, 13.0567 ], [ 76.619, 13.0537 ], [ 76.6196, 13.056 ], [ 76.6183, 13.0639 ], [ 76.6078, 13.0738 ], [ 76.5925, 13.0752 ], [ 76.5855, 13.071 ], [ 76.5283, 13.0789 ], [ 76.5226, 13.0782 ], [ 76.5214, 13.0727 ], [ 76.5156, 13.069 ], [ 76.4962, 13.0861 ], [ 76.4951, 13.0944 ], [ 76.4816, 13.0911 ], [ 76.4714, 13.0933 ], [ 76.4688, 13.12 ], [ 76.4734, 13.1498 ], [ 76.4552, 13.1508 ], [ 76.4451, 13.1693 ], [ 76.4288, 13.1721 ], [ 76.4267, 13.1819 ], [ 76.4162, 13.1859 ], [ 76.4133, 13.1912 ], [ 76.3937, 13.1889 ], [ 76.3939, 13.1974 ], [ 76.37, 13.2001 ], [ 76.3695, 13.2126 ], [ 76.379, 13.2203 ], [ 76.38, 13.2323 ], [ 76.3643, 13.2348 ], [ 76.362, 13.2496 ], [ 76.3566, 13.2505 ], [ 76.3572, 13.2868 ], [ 76.3471, 13.2975 ], [ 76.3496, 13.2965 ], [ 76.349, 13.3183 ], [ 76.3524, 13.3309 ], [ 76.3466, 13.345 ], [ 76.3459, 13.3599 ], [ 76.3829, 13.364 ], [ 76.3821, 13.3702 ], [ 76.386, 13.3699 ], [ 76.3935, 13.3788 ], [ 76.3897, 13.3945 ], [ 76.3974, 13.4042 ], [ 76.4007, 13.423 ], [ 76.4055, 13.4274 ], [ 76.4043, 13.431 ], [ 76.4195, 13.4496 ], [ 76.4077, 13.4595 ], [ 76.4119, 13.4792 ], [ 76.4153, 13.4812 ], [ 76.3968, 13.495 ], [ 76.3975, 13.5055 ], [ 76.4091, 13.5055 ], [ 76.4154, 13.5091 ], [ 76.4197, 13.52 ], [ 76.4247, 13.5239 ], [ 76.4004, 13.5264 ], [ 76.3953, 13.536 ], [ 76.3879, 13.5344 ], [ 76.3705, 13.5479 ], [ 76.364, 13.5472 ], [ 76.3528, 13.5797 ], [ 76.3731, 13.5922 ], [ 76.3788, 13.5891 ], [ 76.3815, 13.5775 ], [ 76.3923, 13.5907 ], [ 76.3979, 13.591 ], [ 76.3981, 13.5946 ], [ 76.4048, 13.5909 ], [ 76.4128, 13.5784 ], [ 76.4241, 13.5809 ], [ 76.4278, 13.5908 ], [ 76.4317, 13.5931 ], [ 76.4545, 13.5909 ], [ 76.4603, 13.6005 ], [ 76.456, 13.6046 ], [ 76.4556, 13.6128 ], [ 76.4611, 13.6202 ], [ 76.4998, 13.6228 ], [ 76.497, 13.6285 ], [ 76.5167, 13.634 ], [ 76.5181, 13.6411 ], [ 76.5343, 13.6502 ], [ 76.5291, 13.6671 ], [ 76.5324, 13.6684 ], [ 76.5399, 13.6632 ], [ 76.5541, 13.682 ], [ 76.5648, 13.6845 ], [ 76.569, 13.6894 ], [ 76.5739, 13.6869 ], [ 76.5773, 13.6903 ], [ 76.5712, 13.7083 ], [ 76.5771, 13.7147 ], [ 76.5965, 13.7205 ], [ 76.6, 13.725 ], [ 76.6087, 13.7234 ], [ 76.6208, 13.7344 ], [ 76.6245, 13.7339 ], [ 76.6249, 13.7252 ], [ 76.6315, 13.7135 ], [ 76.6634, 13.7213 ], [ 76.6733, 13.7181 ], [ 76.6723, 13.7054 ], [ 76.6777, 13.6999 ], [ 76.6841, 13.7028 ], [ 76.692, 13.6968 ], [ 76.6915, 13.7306 ], [ 76.6842, 13.7306 ], [ 76.6874, 13.7456 ], [ 76.6958, 13.7549 ], [ 76.6978, 13.7604 ], [ 76.6945, 13.7633 ], [ 76.6976, 13.7701 ], [ 76.7149, 13.7857 ], [ 76.7177, 13.796 ], [ 76.7241, 13.7998 ], [ 76.728, 13.7969 ], [ 76.7305, 13.7841 ], [ 76.7596, 13.7815 ], [ 76.7646, 13.7823 ], [ 76.7695, 13.7963 ], [ 76.7638, 13.8216 ], [ 76.7689, 13.8372 ], [ 76.7618, 13.8355 ], [ 76.7514, 13.8509 ], [ 76.7527, 13.8548 ], [ 76.7489, 13.8541 ], [ 76.7365, 13.8686 ], [ 76.7311, 13.8813 ], [ 76.7228, 13.8904 ], [ 76.7227, 13.8986 ], [ 76.7527, 13.907 ], [ 76.7497, 13.916 ], [ 76.764, 13.9246 ], [ 76.7793, 13.9244 ], [ 76.8016, 13.9161 ], [ 76.8148, 13.9155 ], [ 76.8141, 13.9364 ], [ 76.8195, 13.9369 ], [ 76.8223, 13.9505 ], [ 76.8494, 13.9653 ], [ 76.849, 13.9807 ], [ 76.8233, 13.9938 ], [ 76.8221, 14.0006 ], [ 76.8333, 14.0032 ], [ 76.8367, 14.0179 ], [ 76.8569, 14.016 ], [ 76.8728, 14.0098 ], [ 76.8761, 14.0191 ], [ 76.8798, 14.0185 ], [ 76.8868, 14.0464 ], [ 76.9097, 14.0637 ], [ 76.9228, 14.0565 ], [ 76.9286, 14.0781 ], [ 76.9507, 14.0921 ] ] ], [ [ [ 77.1655, 14.3418 ], [ 77.1699, 14.335 ], [ 77.1783, 14.3349 ], [ 77.1812, 14.3303 ], [ 77.1844, 14.3324 ], [ 77.1974, 14.321 ], [ 77.2146, 14.3186 ], [ 77.2288, 14.3216 ], [ 77.2398, 14.3173 ], [ 77.2539, 14.3223 ], [ 77.2582, 14.3308 ], [ 77.2692, 14.3321 ], [ 77.2868, 14.3404 ], [ 77.2894, 14.3103 ], [ 77.2834, 14.2822 ], [ 77.3049, 14.2834 ], [ 77.3633, 14.276 ], [ 77.3614, 14.2715 ], [ 77.365, 14.2547 ], [ 77.3604, 14.2344 ], [ 77.3774, 14.2279 ], [ 77.3841, 14.2206 ], [ 77.383, 14.2075 ], [ 77.3872, 14.1997 ], [ 77.3905, 14.1991 ], [ 77.4141, 14.2053 ], [ 77.4189, 14.2114 ], [ 77.4175, 14.2256 ], [ 77.4091, 14.2317 ], [ 77.4086, 14.26 ], [ 77.4051, 14.2669 ], [ 77.3953, 14.2664 ], [ 77.3881, 14.2697 ], [ 77.3899, 14.279 ], [ 77.3868, 14.2819 ], [ 77.3841, 14.2958 ], [ 77.3769, 14.3041 ], [ 77.3792, 14.3216 ], [ 77.39, 14.3332 ], [ 77.4006, 14.3373 ], [ 77.4126, 14.3374 ], [ 77.4233, 14.3281 ], [ 77.4282, 14.3292 ], [ 77.431, 14.3133 ], [ 77.4466, 14.3175 ], [ 77.4449, 14.2954 ], [ 77.4499, 14.2808 ], [ 77.4638, 14.2821 ], [ 77.4794, 14.2929 ], [ 77.4916, 14.2781 ], [ 77.4982, 14.2796 ], [ 77.5039, 14.2642 ], [ 77.5014, 14.2622 ], [ 77.5004, 14.2475 ], [ 77.4924, 14.2309 ], [ 77.495, 14.2312 ], [ 77.4939, 14.2247 ], [ 77.5029, 14.2083 ], [ 77.5012, 14.2032 ], [ 77.504, 14.1924 ], [ 77.5156, 14.1867 ], [ 77.5167, 14.1834 ], [ 77.5038, 14.1577 ], [ 77.4901, 14.163 ], [ 77.4676, 14.1653 ], [ 77.467, 14.1721 ], [ 77.4297, 14.1709 ], [ 77.4203, 14.1769 ], [ 77.4058, 14.172 ], [ 77.394, 14.1743 ], [ 77.3976, 14.1601 ], [ 77.389, 14.1596 ], [ 77.3802, 14.1368 ], [ 77.3634, 14.1311 ], [ 77.352, 14.1312 ], [ 77.3511, 14.1281 ], [ 77.3499, 14.1093 ], [ 77.3469, 14.1057 ], [ 77.3498, 14.1031 ], [ 77.3628, 14.1155 ], [ 77.3766, 14.119 ], [ 77.3884, 14.1261 ], [ 77.3967, 14.1253 ], [ 77.4006, 14.1202 ], [ 77.3975, 14.1098 ], [ 77.385, 14.0964 ], [ 77.3812, 14.0979 ], [ 77.3752, 14.0789 ], [ 77.3634, 14.0731 ], [ 77.3596, 14.0621 ], [ 77.3405, 14.0602 ], [ 77.3322, 14.0309 ], [ 77.3897, 14.0164 ], [ 77.3882, 14.0065 ], [ 77.3795, 13.9901 ], [ 77.3814, 13.9759 ], [ 77.3959, 13.9837 ], [ 77.4269, 13.9867 ], [ 77.44, 13.9758 ], [ 77.4357, 13.9484 ], [ 77.4297, 13.9449 ], [ 77.4116, 13.9455 ], [ 77.4158, 13.924 ], [ 77.4307, 13.9209 ], [ 77.4345, 13.912 ], [ 77.4207, 13.8995 ], [ 77.4109, 13.8967 ], [ 77.4057, 13.8892 ], [ 77.3989, 13.8882 ], [ 77.3979, 13.9064 ], [ 77.3543, 13.9042 ], [ 77.3528, 13.9137 ], [ 77.3475, 13.9156 ], [ 77.3718, 13.9535 ], [ 77.3507, 13.9582 ], [ 77.3606, 13.9904 ], [ 77.3475, 13.9946 ], [ 77.3483, 13.9968 ], [ 77.3469, 13.9941 ], [ 77.3367, 13.9958 ], [ 77.3374, 14.0052 ], [ 77.3217, 14.0245 ], [ 77.3222, 14.0304 ], [ 77.3066, 14.032 ], [ 77.2982, 14.0218 ], [ 77.2758, 14.013 ], [ 77.279, 14.0321 ], [ 77.2725, 14.0346 ], [ 77.2606, 14.0293 ], [ 77.2562, 14.0226 ], [ 77.2486, 14.0187 ], [ 77.2453, 14.0117 ], [ 77.2221, 14.014 ], [ 77.2157, 14.0099 ], [ 77.2025, 14.008 ], [ 77.1729, 14.0127 ], [ 77.1709, 14.012 ], [ 77.1732, 14.001 ], [ 77.1511, 14.0009 ], [ 77.1415, 14.0038 ], [ 77.1409, 14.0183 ], [ 77.1366, 14.0216 ], [ 77.1316, 14.0452 ], [ 77.1269, 14.0475 ], [ 77.0796, 14.0427 ], [ 77.0757, 14.0438 ], [ 77.0764, 14.0534 ], [ 77.0345, 14.0563 ], [ 77.0268, 14.0634 ], [ 77.0287, 14.0887 ], [ 77.0169, 14.0948 ], [ 77.0192, 14.0965 ], [ 77.0138, 14.0997 ], [ 77.0243, 14.1129 ], [ 77.0219, 14.1224 ], [ 77.0259, 14.124 ], [ 77.0262, 14.1301 ], [ 77.0209, 14.1312 ], [ 77.0204, 14.1512 ], [ 77.0262, 14.1747 ], [ 77.0224, 14.1773 ], [ 77.0241, 14.1868 ], [ 77.0024, 14.1985 ], [ 77.0068, 14.219 ], [ 77.0007, 14.2224 ], [ 76.9989, 14.229 ], [ 77.005, 14.2307 ], [ 77.0085, 14.2378 ], [ 77.0308, 14.2423 ], [ 77.036, 14.2468 ], [ 77.044, 14.2465 ], [ 77.0582, 14.2439 ], [ 77.0614, 14.2291 ], [ 77.0698, 14.2317 ], [ 77.0802, 14.2132 ], [ 77.1153, 14.2233 ], [ 77.1193, 14.2437 ], [ 77.1143, 14.253 ], [ 77.1196, 14.2627 ], [ 77.1112, 14.2616 ], [ 77.1101, 14.2683 ], [ 77.1156, 14.2738 ], [ 77.1155, 14.2929 ], [ 77.1296, 14.3049 ], [ 77.1359, 14.3232 ], [ 77.1348, 14.3361 ], [ 77.1371, 14.3383 ], [ 77.1569, 14.3419 ], [ 77.1655, 14.3418 ] ] ] ] } },
{ "type": "Feature", "properties": { "area_id": "KGIS-D-19", "name_en": "Kolara", "name_kn": "ಕೋಲಾರ", "level": "district", "parent_id": null, "district_en": "Kolara", "lgd_code": null }, "geometry": { "type": "Polygon", "coordinates": [ [ [ 78.2366, 13.5989 ], [ 78.2571, 13.5891 ], [ 78.2579, 13.5847 ], [ 78.3106, 13.5932 ], [ 78.3471, 13.5894 ], [ 78.3515, 13.5855 ], [ 78.3799, 13.5921 ], [ 78.4017, 13.5881 ], [ 78.4016, 13.578 ], [ 78.4042, 13.5778 ], [ 78.3933, 13.552 ], [ 78.3951, 13.5407 ], [ 78.3816, 13.5251 ], [ 78.3835, 13.5161 ], [ 78.3732, 13.5089 ], [ 78.3779, 13.5034 ], [ 78.379, 13.4823 ], [ 78.3707, 13.4705 ], [ 78.375, 13.4622 ], [ 78.3734, 13.4518 ], [ 78.379, 13.4428 ], [ 78.3758, 13.4411 ], [ 78.3759, 13.4345 ], [ 78.382, 13.4099 ], [ 78.382, 13.3967 ], [ 78.3793, 13.3837 ], [ 78.3692, 13.3723 ], [ 78.3658, 13.3608 ], [ 78.3695, 13.3575 ], [ 78.3712, 13.3618 ], [ 78.38, 13.3624 ], [ 78.3955, 13.3531 ], [ 78.3941, 13.3499 ], [ 78.4081, 13.3462 ], [ 78.4089, 13.3427 ], [ 78.4074, 13.3351 ], [ 78.4036, 13.3354 ], [ 78.4008, 13.3277 ], [ 78.3938, 13.3338 ], [ 78.3849, 13.3345 ], [ 78.3892, 13.3392 ], [ 78.3864, 13.3427 ], [ 78.3801, 13.3392 ], [ 78.3777, 13.3316 ], [ 78.3881, 13.3322 ], [ 78.4014, 13.3154 ], [ 78.417, 13.3194 ], [ 78.4223, 13.3283 ], [ 78.4283, 13.331 ], [ 78.4362, 13.33 ], [ 78.441, 13.3283 ], [ 78.4442, 13.3081 ], [ 78.4667, 13.3149 ], [ 78.4767, 13.3223 ], [ 78.4845, 13.3203 ], [ 78.48, 13.3012 ], [ 78.4989, 13.2996 ], [ 78.5043, 13.2917 ], [ 78.5139, 13.2907 ], [ 78.5133, 13.2854 ], [ 78.5198, 13.2831 ], [ 78.5214, 13.2737 ], [ 78.5316, 13.2665 ], [ 78.5369, 13.2742 ], [ 78.5392, 13.288 ], [ 78.5463, 13.2879 ], [ 78.5547, 13.2831 ], [ 78.5619, 13.2889 ], [ 78.5654, 13.312 ], [ 78.5774, 13.2952 ], [ 78.5786, 13.2803 ], [ 78.5868, 13.2801 ], [ 78.5878, 13.2718 ], [ 78.5841, 13.2588 ], [ 78.5706, 13.2473 ], [ 78.5664, 13.2242 ], [ 78.5664, 13.2202 ], [ 78.5778, 13.2184 ], [ 78.5792, 13.2132 ], [ 78.5708, 13.2124 ], [ 78.568, 13.2012 ], [ 78.5594, 13.1987 ], [ 78.551, 13.2004 ], [ 78.5497, 13.1927 ], [ 78.5553, 13.1889 ], [ 78.5669, 13.1929 ], [ 78.572, 13.1904 ], [ 78.5759, 13.1866 ], [ 78.5762, 13.1745 ], [ 78.5796, 13.1671 ], [ 78.573, 13.1684 ], [ 78.5682, 13.1619 ], [ 78.5497, 13.1639 ], [ 78.5406, 13.1535 ], [ 78.5474, 13.1489 ], [ 78.545, 13.1418 ], [ 78.5309, 13.1418 ], [ 78.5237, 13.1305 ], [ 78.5178, 13.1316 ], [ 78.523, 13.115 ], [ 78.5388, 13.1058 ], [ 78.5312, 13.1058 ], [ 78.5243, 13.101 ], [ 78.5239, 13.0947 ], [ 78.5161, 13.0974 ], [ 78.5098, 13.0921 ], [ 78.5091, 13.0785 ], [ 78.5152, 13.0717 ], [ 78.5156, 13.0626 ], [ 78.4972, 13.0614 ], [ 78.4893, 13.0521 ], [ 78.4786, 13.0551 ], [ 78.4748, 13.0453 ], [ 78.4621, 13.0431 ], [ 78.461, 13.0256 ], [ 78.4652, 13.0165 ], [ 78.4631, 13.0055 ], [ 78.4679, 13.0045 ], [ 78.4677, 12.9982 ], [ 78.475, 12.9911 ], [ 78.4677, 12.9751 ], [ 78.4351, 12.9819 ], [ 78.432, 12.9769 ], [ 78.4344, 12.9736 ], [ 78.4325, 12.9685 ], [ 78.4387, 12.9633 ], [ 78.4296, 12.9577 ], [ 78.4199, 12.9588 ], [ 78.4224, 12.9545 ], [ 78.4206, 12.9478 ], [ 78.4139, 12.9482 ], [ 78.4113, 12.9448 ], [ 78.418, 12.9226 ], [ 78.4275, 12.9313 ], [ 78.4375, 12.9288 ], [ 78.4448, 12.9197 ], [ 78.4522, 12.9177 ], [ 78.4593, 12.9088 ], [ 78.4664, 12.9062 ], [ 78.4697, 12.8899 ], [ 78.4645, 12.8662 ], [ 78.4624, 12.8705 ], [ 78.4642, 12.8783 ], [ 78.4473, 12.8917 ], [ 78.4487, 12.8987 ], [ 78.4442, 12.9023 ], [ 78.4474, 12.9056 ], [ 78.4455, 12.912 ], [ 78.4387, 12.9132 ], [ 78.4352, 12.9111 ], [ 78.4343, 12.9047 ], [ 78.4286, 12.9024 ], [ 78.414, 12.903 ], [ 78.3989, 12.9167 ], [ 78.3969, 12.9066 ], [ 78.3896, 12.9061 ], [ 78.385, 12.912 ], [ 78.3762, 12.9147 ], [ 78.3624, 12.9345 ], [ 78.3542, 12.9397 ], [ 78.3496, 12.9359 ], [ 78.354, 12.9301 ], [ 78.3497, 12.9292 ], [ 78.3462, 12.9134 ], [ 78.3413, 12.9126 ], [ 78.3437, 12.9088 ], [ 78.3406, 12.9042 ], [ 78.3313, 12.9012 ], [ 78.325, 12.9037 ], [ 78.3226, 12.8978 ], [ 78.3245, 12.8933 ], [ 78.3201, 12.8869 ], [ 78.3306, 12.8844 ], [ 78.3333, 12.8897 ], [ 78.3376, 12.8867 ], [ 78.3371, 12.8827 ], [ 78.3323, 12.8803 ], [ 78.3316, 12.8748 ], [ 78.3137, 12.8765 ], [ 78.3131, 12.8587 ], [ 78.2809, 12.8598 ], [ 78.2688, 12.8684 ], [ 78.2636, 12.8612 ], [ 78.2517, 12.8633 ], [ 78.2526, 12.8313 ], [ 78.2451, 12.7878 ], [ 78.2374, 12.7673 ], [ 78.2306, 12.7606 ], [ 78.2231, 12.7669 ], [ 78.2125, 12.764 ], [ 78.1954, 12.774 ], [ 78.1886, 12.7715 ], [ 78.1772, 12.7762 ], [ 78.1678, 12.7706 ], [ 78.1504, 12.7795 ], [ 78.1337, 12.7821 ], [ 78.1252, 12.7909 ], [ 78.1248, 12.7976 ], [ 78.108, 12.8043 ], [ 78.0883, 12.8174 ], [ 78.0856, 12.8317 ], [ 78.0748, 12.8307 ], [ 78.0769, 12.8393 ], [ 78.0595, 12.8431 ], [ 78.0587, 12.8507 ], [ 78.0532, 12.8534 ], [ 78.0495, 12.848 ], [ 78.0311, 12.8522 ], [ 78.0287, 12.8581 ], [ 78.0231, 12.8556 ], [ 78.0301, 12.8491 ], [ 78.0285, 12.8456 ], [ 78.0239, 12.8412 ], [ 78.0192, 12.8434 ], [ 78.0186, 12.8307 ], [ 78.0038, 12.8254 ], [ 78.0153, 12.8138 ], [ 78.0099, 12.8051 ], [ 78.0054, 12.808 ], [ 77.9891, 12.8085 ], [ 77.9912, 12.8218 ], [ 77.9796, 12.8274 ], [ 77.9804, 12.8352 ], [ 77.9639, 12.8337 ], [ 77.962, 12.8366 ], [ 77.9656, 12.8483 ], [ 77.9533, 12.8502 ], [ 77.9523, 12.8567 ], [ 77.941, 12.8558 ], [ 77.9407, 12.8456 ], [ 77.9468, 12.8381 ], [ 77.9411, 12.8232 ], [ 77.931, 12.8252 ], [ 77.9261, 12.8306 ], [ 77.9212, 12.828 ], [ 77.9178, 12.8315 ], [ 77.9177, 12.8383 ], [ 77.9244, 12.8508 ], [ 77.9233, 12.8557 ], [ 77.9316, 12.8621 ], [ 77.9361, 12.862 ], [ 77.9365, 12.8669 ], [ 77.942, 12.8687 ], [ 77.9418, 12.8729 ], [ 77.9279, 12.8764 ], [ 77.9279, 12.8816 ], [ 77.9348, 12.8805 ], [ 77.9362, 12.8874 ], [ 77.9257, 12.8903 ], [ 77.9219, 12.884 ], [ 77.909, 12.8853 ], [ 77.9086, 12.8789 ], [ 77.895, 12.8783 ], [ 77.891, 12.8701 ], [ 77.8676, 12.8681 ], [ 77.8654, 12.8772 ], [ 77.853, 12.8767 ], [ 77.851, 12.8915 ], [ 77.8594, 12.9057 ], [ 77.8604, 12.9158 ], [ 77.8422, 12.9143 ], [ 77.8406, 12.9233 ], [ 77.8575, 12.9353 ], [ 77.8675, 12.9338 ], [ 77.8722, 12.941 ], [ 77.8736, 12.9456 ], [ 77.867, 12.9505 ], [ 77.8714, 12.9607 ], [ 77.8649, 12.9657 ], [ 77.8645, 12.9732 ], [ 77.8714, 12.9737 ], [ 77.8725, 12.995 ], [ 77.8789, 13.006 ], [ 77.8863, 13.0099 ], [ 77.8937, 13.0351 ], [ 77.8876, 13.0372 ], [ 77.8891, 13.0452 ], [ 77.8949, 13.0459 ], [ 77.89, 13.0494 ], [ 77.8924, 13.0547 ], [ 77.9149, 13.0494 ], [ 77.9187, 13.0511 ], [ 77.9276, 13.0687 ], [ 77.9381, 13.0667 ], [ 77.9416, 13.0691 ], [ 77.9393, 13.0839 ], [ 77.9384, 13.0784 ], [ 77.9316, 13.0742 ], [ 77.9262, 13.075 ], [ 77.9269, 13.082 ], [ 77.912, 13.0784 ], [ 77.9152, 13.0856 ], [ 77.9117, 13.0943 ], [ 77.9012, 13.102 ], [ 77.9135, 13.1099 ], [ 77.9151, 13.1174 ], [ 77.9238, 13.1166 ], [ 77.9259, 13.1102 ], [ 77.9394, 13.1094 ], [ 77.9359, 13.1141 ], [ 77.9379, 13.1259 ], [ 77.9463, 13.1234 ], [ 77.9483, 13.1271 ], [ 77.9554, 13.1256 ], [ 77.9577, 13.1302 ], [ 77.9546, 13.1423 ], [ 77.9606, 13.1515 ], [ 77.9575, 13.1529 ], [ 77.9589, 13.1582 ], [ 77.9528, 13.1603 ], [ 77.9557, 13.1763 ], [ 77.9636, 13.1922 ], [ 77.9613, 13.1995 ], [ 77.9562, 13.2007 ], [ 77.9543, 13.2052 ], [ 77.9577, 13.2184 ], [ 77.952, 13.2185 ], [ 77.9495, 13.2139 ], [ 77.9467, 13.2143 ], [ 77.9463, 13.2187 ], [ 77.9642, 13.2322 ], [ 77.9656, 13.2444 ], [ 77.9481, 13.2505 ], [ 77.9455, 13.2438 ], [ 77.9354, 13.2458 ], [ 77.9352, 13.2501 ], [ 77.9423, 13.259 ], [ 77.9372, 13.2645 ], [ 77.9383, 13.2678 ], [ 77.942, 13.2673 ], [ 77.9455, 13.2717 ], [ 77.9592, 13.2696 ], [ 77.957, 13.2787 ], [ 77.9609, 13.2844 ], [ 77.9674, 13.2825 ], [ 77.9842, 13.2862 ], [ 77.9852, 13.3006 ], [ 77.9946, 13.3054 ], [ 78.0118, 13.3009 ], [ 78.0114, 13.291 ], [ 78.0147, 13.2899 ], [ 78.0151, 13.283 ], [ 78.0306, 13.284 ], [ 78.047, 13.279 ], [ 78.0518, 13.2935 ], [ 78.0586, 13.2933 ], [ 78.0602, 13.301 ], [ 78.0868, 13.3021 ], [ 78.0918, 13.3112 ], [ 78.1025, 13.3037 ], [ 78.1149, 13.3004 ], [ 78.1226, 13.2919 ], [ 78.1335, 13.2872 ], [ 78.1358, 13.3051 ], [ 78.1232, 13.3086 ], [ 78.1204, 13.3156 ], [ 78.1142, 13.3176 ], [ 78.1096, 13.3234 ], [ 78.1325, 13.3289 ], [ 78.1352, 13.3321 ], [ 78.1312, 13.3409 ], [ 78.1314, 13.3528 ], [ 78.1502, 13.3505 ], [ 78.1501, 13.3559 ], [ 78.1487, 13.3614 ], [ 78.1452, 13.3616 ], [ 78.1488, 13.3672 ], [ 78.1467, 13.3738 ], [ 78.1437, 13.3771 ], [ 78.129, 13.3733 ], [ 78.122, 13.3756 ], [ 78.1244, 13.3857 ], [ 78.1284, 13.3864 ], [ 78.1362, 13.4056 ], [ 78.1522, 13.4088 ], [ 78.1599, 13.4149 ], [ 78.1686, 13.4136 ], [ 78.1815, 13.4202 ], [ 78.1831, 13.4341 ], [ 78.187, 13.4337 ], [ 78.1851, 13.4346 ], [ 78.1926, 13.4388 ], [ 78.1935, 13.4482 ], [ 78.2009, 13.4499 ], [ 78.2056, 13.4581 ], [ 78.2056, 13.4647 ], [ 78.2101, 13.4713 ], [ 78.2075, 13.4781 ], [ 78.2004, 13.4825 ], [ 78.1998, 13.5085 ], [ 78.198, 13.5126 ], [ 78.1883, 13.5132 ], [ 78.1909, 13.5212 ], [ 78.2033, 13.5232 ], [ 78.2046, 13.5277 ], [ 78.2016, 13.5408 ], [ 78.194, 13.5482 ], [ 78.2013, 13.5635 ], [ 78.194, 13.5641 ], [ 78.2034, 13.5684 ], [ 78.2118, 13.5788 ], [ 78.2161, 13.5911 ], [ 78.2196, 13.5926 ], [ 78.2321, 13.5859 ], [ 78.2315, 13.5966 ], [ 78.2366, 13.5989 ] ] ] } },
{ "type": "Feature", "properties": { "area_id": "KGIS-D-20", "name_en": "Bengaluru (Urban)", "name_kn": "ಬೆಂಗಳೂರು ನಗರ", "level": "district", "parent_id": null, "district_en": "Bengaluru (Urban)", "lgd_code": null }, "geometry": { "type": "MultiPolygon", "coordinates": [ [ [ [ 77.5527, 12.7973 ], [ 77.5493, 12.7942 ], [ 77.5509, 12.7979 ], [ 77.5527, 12.7973 ] ] ], [ [ [ 77.5433, 13.2331 ], [ 77.5596, 13.232 ], [ 77.5575, 13.2197 ], [ 77.5695, 13.216 ], [ 77.5715, 13.2073 ], [ 77.5677, 13.2016 ], [ 77.575, 13.1983 ], [ 77.5996, 13.1941 ], [ 77.6037, 13.2026 ], [ 77.6162, 13.2032 ], [ 77.6139, 13.2056 ], [ 77.6378, 13.2048 ], [ 77.637, 13.2028 ], [ 77.6432, 13.2006 ], [ 77.6572, 13.1993 ], [ 77.6505, 13.1902 ], [ 77.6614, 13.1845 ], [ 77.671, 13.1853 ], [ 77.6712, 13.1917 ], [ 77.6869, 13.1938 ], [ 77.687, 13.2031 ], [ 77.6905, 13.2029 ], [ 77.7, 13.1903 ], [ 77.709, 13.1902 ], [ 77.7135, 13.1963 ], [ 77.7273, 13.1925 ], [ 77.7293, 13.1858 ], [ 77.7266, 13.1761 ], [ 77.7303, 13.1735 ], [ 77.7273, 13.1691 ], [ 77.7308, 13.1652 ], [ 77.7291, 13.1618 ], [ 77.7334, 13.1601 ], [ 77.7284, 13.1458 ], [ 77.7338, 13.1429 ], [ 77.73, 13.1313 ], [ 77.7241, 13.1254 ], [ 77.7336, 13.1233 ], [ 77.7321, 13.1143 ], [ 77.7479, 13.1161 ], [ 77.7596, 13.1138 ], [ 77.7665, 13.1076 ], [ 77.7641, 13.1025 ], [ 77.7656, 13.0815 ], [ 77.7602, 13.0814 ], [ 77.7583, 13.0737 ], [ 77.7672, 13.0646 ], [ 77.7701, 13.0484 ], [ 77.7766, 13.0478 ], [ 77.7747, 13.0455 ], [ 77.7816, 13.0333 ], [ 77.7717, 13.0152 ], [ 77.7741, 13.0132 ], [ 77.7734, 13.0064 ], [ 77.7758, 13.0058 ], [ 77.7726, 13.0025 ], [ 77.7769, 12.9852 ], [ 77.7747, 12.9805 ], [ 77.7784, 12.978 ], [ 77.7762, 12.9751 ], [ 77.7786, 12.9706 ], [ 77.7832, 12.9709 ], [ 77.7841, 12.9667 ], [ 77.7721, 12.9659 ], [ 77.7669, 12.9596 ], [ 77.7727, 12.9515 ], [ 77.7651, 12.9424 ], [ 77.775, 12.9395 ], [ 77.7769, 12.9322 ], [ 77.7825, 12.9281 ], [ 77.7984, 12.9256 ], [ 77.7977, 12.9186 ], [ 77.8032, 12.9194 ], [ 77.8097, 12.9343 ], [ 77.8163, 12.9257 ], [ 77.8203, 12.9249 ], [ 77.8223, 12.9287 ], [ 77.8328, 12.9234 ], [ 77.8297, 12.9197 ], [ 77.8168, 12.9217 ], [ 77.8165, 12.916 ], [ 77.821, 12.912 ], [ 77.8212, 12.9024 ], [ 77.83, 12.8894 ], [ 77.8319, 12.8742 ], [ 77.8368, 12.8718 ], [ 77.8326, 12.8676 ], [ 77.8331, 12.862 ], [ 77.8257, 12.8604 ], [ 77.8229, 12.856 ], [ 77.8152, 12.8559 ], [ 77.8079, 12.8477 ], [ 77.799, 12.8519 ], [ 77.7968, 12.845 ], [ 77.7926, 12.8434 ], [ 77.7956, 12.8348 ], [ 77.8101, 12.8307 ], [ 77.8098, 12.8158 ], [ 77.8022, 12.8171 ], [ 77.8, 12.8063 ], [ 77.804, 12.8048 ], [ 77.8085, 12.7958 ], [ 77.7967, 12.7936 ], [ 77.7789, 12.7678 ], [ 77.7951, 12.7589 ], [ 77.7924, 12.7479 ], [ 77.784, 12.7412 ], [ 77.7696, 12.7403 ], [ 77.763, 12.7364 ], [ 77.7611, 12.7273 ], [ 77.7743, 12.7241 ], [ 77.7697, 12.7132 ], [ 77.7661, 12.713 ], [ 77.7626, 12.697 ], [ 77.7407, 12.701 ], [ 77.7376, 12.6984 ], [ 77.7357, 12.6932 ], [ 77.741, 12.6854 ], [ 77.741, 12.6737 ], [ 77.7248, 12.6708 ], [ 77.7232, 12.6794 ], [ 77.712, 12.6834 ], [ 77.7109, 12.6664 ], [ 77.7027, 12.6608 ], [ 77.6896, 12.6585 ], [ 77.6787, 12.6602 ], [ 77.6761, 12.6634 ], [ 77.6771, 12.6793 ], [ 77.6633, 12.6833 ], [ 77.5979, 12.6681 ], [ 77.5955, 12.6578 ], [ 77.5941, 12.6672 ], [ 77.6036, 12.6931 ], [ 77.6131, 12.7035 ], [ 77.6145, 12.7113 ], [ 77.5942, 12.7205 ], [ 77.5757, 12.7039 ], [ 77.5681, 12.7012 ], [ 77.5591, 12.7133 ], [ 77.5571, 12.7275 ], [ 77.5576, 12.7309 ], [ 77.5625, 12.7322 ], [ 77.5719, 12.731 ], [ 77.568, 12.7354 ], [ 77.5765, 12.7512 ], [ 77.5953, 12.7515 ], [ 77.5984, 12.7582 ], [ 77.5911, 12.7809 ], [ 77.5797, 12.7878 ], [ 77.5772, 12.7859 ], [ 77.5714, 12.7789 ], [ 77.5707, 12.7623 ], [ 77.5664, 12.7592 ], [ 77.5586, 12.7653 ], [ 77.5562, 12.7773 ], [ 77.5636, 12.7881 ], [ 77.5529, 12.7897 ], [ 77.556, 12.7996 ], [ 77.5458, 12.8007 ], [ 77.5421, 12.7985 ], [ 77.5423, 12.7947 ], [ 77.5494, 12.7853 ], [ 77.5438, 12.7758 ], [ 77.5517, 12.7724 ], [ 77.5461, 12.7696 ], [ 77.541, 12.7481 ], [ 77.5347, 12.7559 ], [ 77.5218, 12.7317 ], [ 77.5171, 12.7357 ], [ 77.5196, 12.7419 ], [ 77.5128, 12.7468 ], [ 77.5079, 12.7376 ], [ 77.5028, 12.7356 ], [ 77.4864, 12.7428 ], [ 77.474, 12.7566 ], [ 77.4785, 12.7805 ], [ 77.47, 12.7939 ], [ 77.4713, 12.798 ], [ 77.4831, 12.8023 ], [ 77.4778, 12.8064 ], [ 77.4788, 12.8115 ], [ 77.4611, 12.8073 ], [ 77.4547, 12.8167 ], [ 77.4492, 12.8187 ], [ 77.444, 12.8067 ], [ 77.4362, 12.8097 ], [ 77.4335, 12.8234 ], [ 77.4199, 12.8262 ], [ 77.4225, 12.8356 ], [ 77.43, 12.8397 ], [ 77.4347, 12.8387 ], [ 77.434, 12.8445 ], [ 77.4377, 12.8497 ], [ 77.4275, 12.851 ], [ 77.4292, 12.8568 ], [ 77.4188, 12.8693 ], [ 77.4306, 12.8702 ], [ 77.4313, 12.8749 ], [ 77.4185, 12.8714 ], [ 77.4153, 12.8717 ], [ 77.416, 12.8752 ], [ 77.4082, 12.8756 ], [ 77.4026, 12.871 ], [ 77.4021, 12.8656 ], [ 77.3949, 12.8697 ], [ 77.3898, 12.8604 ], [ 77.3794, 12.8552 ], [ 77.3725, 12.8559 ], [ 77.3698, 12.8569 ], [ 77.3661, 12.8702 ], [ 77.3441, 12.8703 ], [ 77.3439, 12.8752 ], [ 77.3366, 12.8768 ], [ 77.3368, 12.8821 ], [ 77.3321, 12.8871 ], [ 77.3436, 12.8876 ], [ 77.3388, 12.9107 ], [ 77.3402, 12.9332 ], [ 77.3362, 12.9329 ], [ 77.3351, 12.9477 ], [ 77.3255, 12.976 ], [ 77.3349, 12.9787 ], [ 77.3376, 12.9784 ], [ 77.3389, 12.9724 ], [ 77.3499, 12.9743 ], [ 77.3552, 12.9856 ], [ 77.372, 12.9922 ], [ 77.3708, 13.0163 ], [ 77.3769, 13.0167 ], [ 77.3769, 13.0299 ], [ 77.3785, 13.0273 ], [ 77.3908, 13.0258 ], [ 77.3938, 13.0532 ], [ 77.3822, 13.0558 ], [ 77.3841, 13.0668 ], [ 77.3973, 13.0716 ], [ 77.4122, 13.0725 ], [ 77.4248, 13.0677 ], [ 77.4302, 13.0834 ], [ 77.4221, 13.0839 ], [ 77.422, 13.089 ], [ 77.417, 13.0911 ], [ 77.4201, 13.0967 ], [ 77.4163, 13.0981 ], [ 77.4179, 13.1028 ], [ 77.4013, 13.1094 ], [ 77.4014, 13.115 ], [ 77.3974, 13.1162 ], [ 77.3996, 13.1276 ], [ 77.4038, 13.1279 ], [ 77.4033, 13.121 ], [ 77.4127, 13.1263 ], [ 77.4334, 13.1658 ], [ 77.443, 13.1669 ], [ 77.4606, 13.1604 ], [ 77.469, 13.1623 ], [ 77.4687, 13.1737 ], [ 77.4782, 13.1954 ], [ 77.4789, 13.2069 ], [ 77.4735, 13.2071 ], [ 77.4792, 13.2242 ], [ 77.512, 13.2261 ], [ 77.5115, 13.2229 ], [ 77.5185, 13.2206 ], [ 77.5182, 13.2094 ], [ 77.5214, 13.2108 ], [ 77.5213, 13.2069 ], [ 77.5265, 13.2217 ], [ 77.5372, 13.2191 ], [ 77.5433, 13.2331 ] ] ] ] } },
{ "type": "Feature", "properties": { "area_id": "KGIS-D-21", "name_en": "Bengaluru (Rural)", "name_kn": "", "level": "district", "parent_id": null, "district_en": "Bengaluru (Rural)", "lgd_code": null }, "geometry": { "type": "Polygon", "coordinates": [ [ [ 77.3987, 13.4932 ], [ 77.4078, 13.4959 ], [ 77.416, 13.491 ], [ 77.4167, 13.4843 ], [ 77.4263, 13.4822 ], [ 77.4229, 13.4715 ], [ 77.4348, 13.4685 ], [ 77.4363, 13.463 ], [ 77.4436, 13.4613 ], [ 77.4512, 13.4653 ], [ 77.455, 13.464 ], [ 77.4569, 13.4688 ], [ 77.4616, 13.4628 ], [ 77.4718, 13.4692 ], [ 77.4836, 13.4672 ], [ 77.4937, 13.4585 ], [ 77.5065, 13.4563 ], [ 77.5044, 13.4451 ], [ 77.5164, 13.4435 ], [ 77.5208, 13.4319 ], [ 77.5356, 13.4305 ], [ 77.5382, 13.4359 ], [ 77.5446, 13.4369 ], [ 77.5509, 13.4347 ], [ 77.5508, 13.4184 ], [ 77.5867, 13.4216 ], [ 77.5924, 13.4185 ], [ 77.5892, 13.4362 ], [ 77.599, 13.4363 ], [ 77.6019, 13.442 ], [ 77.604, 13.4412 ], [ 77.6079, 13.4238 ], [ 77.6159, 13.4191 ], [ 77.6089, 13.4146 ], [ 77.5999, 13.4147 ], [ 77.5989, 13.4064 ], [ 77.6034, 13.3975 ], [ 77.6081, 13.4003 ], [ 77.6076, 13.4079 ], [ 77.6159, 13.4009 ], [ 77.6204, 13.4025 ], [ 77.6124, 13.3859 ], [ 77.6208, 13.3826 ], [ 77.6209, 13.3752 ], [ 77.6328, 13.3755 ], [ 77.6382, 13.3939 ], [ 77.6473, 13.3918 ], [ 77.6533, 13.3981 ], [ 77.6576, 13.3977 ], [ 77.6575, 13.3924 ], [ 77.651, 13.3864 ], [ 77.659, 13.3823 ], [ 77.6612, 13.3758 ], [ 77.6562, 13.3714 ], [ 77.6553, 13.3571 ], [ 77.667, 13.3505 ], [ 77.6674, 13.3473 ], [ 77.6783, 13.3451 ], [ 77.683, 13.3528 ], [ 77.6966, 13.3364 ], [ 77.7037, 13.3431 ], [ 77.6991, 13.3473 ], [ 77.6988, 13.3588 ], [ 77.7078, 13.3613 ], [ 77.7091, 13.3656 ], [ 77.7176, 13.3633 ], [ 77.7159, 13.3511 ], [ 77.728, 13.351 ], [ 77.7298, 13.3608 ], [ 77.7264, 13.3615 ], [ 77.7274, 13.3628 ], [ 77.737, 13.3608 ], [ 77.7446, 13.3536 ], [ 77.7419, 13.361 ], [ 77.7485, 13.3587 ], [ 77.7545, 13.3646 ], [ 77.7799, 13.3523 ], [ 77.7911, 13.3521 ], [ 77.791, 13.3458 ], [ 77.7945, 13.342 ], [ 77.8273, 13.3248 ], [ 77.8222, 13.3127 ], [ 77.8145, 13.31 ], [ 77.811, 13.3168 ], [ 77.8046, 13.3112 ], [ 77.8151, 13.3092 ], [ 77.8145, 13.3038 ], [ 77.8286, 13.3038 ], [ 77.8301, 13.2987 ], [ 77.8291, 13.2895 ], [ 77.8222, 13.291 ], [ 77.8228, 13.2958 ], [ 77.817, 13.2961 ], [ 77.8093, 13.2621 ], [ 77.8218, 13.2573 ], [ 77.8113, 13.2468 ], [ 77.8079, 13.2469 ], [ 77.8063, 13.2415 ], [ 77.814, 13.2386 ], [ 77.8197, 13.2517 ], [ 77.8339, 13.2447 ], [ 77.8501, 13.2413 ], [ 77.85, 13.2187 ], [ 77.8596, 13.22 ], [ 77.8578, 13.2274 ], [ 77.8632, 13.2407 ], [ 77.8651, 13.237 ], [ 77.8768, 13.2342 ], [ 77.8799, 13.2393 ], [ 77.8733, 13.2445 ], [ 77.8798, 13.2521 ], [ 77.8882, 13.25 ], [ 77.8913, 13.2575 ], [ 77.9062, 13.2523 ], [ 77.9024, 13.2421 ], [ 77.8916, 13.2357 ], [ 77.9067, 13.2325 ], [ 77.9142, 13.2316 ], [ 77.915, 13.2398 ], [ 77.9295, 13.2389 ], [ 77.9354, 13.2458 ], [ 77.9455, 13.2438 ], [ 77.9481, 13.2505 ], [ 77.9656, 13.2444 ], [ 77.9642, 13.2322 ], [ 77.9463, 13.2187 ], [ 77.9467, 13.2143 ], [ 77.9495, 13.2139 ], [ 77.952, 13.2185 ], [ 77.9577, 13.2184 ], [ 77.9543, 13.2052 ], [ 77.9562, 13.2007 ], [ 77.9613, 13.1995 ], [ 77.9636, 13.1922 ], [ 77.9557, 13.1763 ], [ 77.9528, 13.1603 ], [ 77.9589, 13.1582 ], [ 77.9575, 13.1529 ], [ 77.9606, 13.1515 ], [ 77.9546, 13.1423 ], [ 77.9575, 13.1294 ], [ 77.9554, 13.1256 ], [ 77.9483, 13.1271 ], [ 77.9463, 13.1234 ], [ 77.9379, 13.1259 ], [ 77.9359, 13.1141 ], [ 77.9394, 13.1094 ], [ 77.9259, 13.1102 ], [ 77.9238, 13.1166 ], [ 77.9151, 13.1174 ], [ 77.9135, 13.1099 ], [ 77.9012, 13.102 ], [ 77.9117, 13.0943 ], [ 77.9152, 13.0856 ], [ 77.912, 13.0784 ], [ 77.9269, 13.082 ], [ 77.9262, 13.075 ], [ 77.9316, 13.0742 ], [ 77.9384, 13.0784 ], [ 77.9393, 13.0839 ], [ 77.9416, 13.0691 ], [ 77.9381, 13.0667 ], [ 77.9276, 13.0687 ], [ 77.9187, 13.0511 ], [ 77.9149, 13.0494 ], [ 77.8924, 13.0547 ], [ 77.89, 13.0494 ], [ 77.8949, 13.0459 ], [ 77.8891, 13.0452 ], [ 77.8876, 13.0372 ], [ 77.8937, 13.0351 ], [ 77.8863, 13.0099 ], [ 77.8789, 13.006 ], [ 77.8725, 12.995 ], [ 77.8714, 12.9737 ], [ 77.8645, 12.9732 ], [ 77.8649, 12.9657 ], [ 77.8714, 12.9607 ], [ 77.867, 12.9505 ], [ 77.8736, 12.9456 ], [ 77.8722, 12.941 ], [ 77.8675, 12.9338 ], [ 77.8576, 12.9354 ], [ 77.8478, 12.9262 ], [ 77.8409, 12.9254 ], [ 77.8422, 12.9143 ], [ 77.8454, 12.9165 ], [ 77.8565, 12.9169 ], [ 77.8604, 12.9158 ], [ 77.8594, 12.9057 ], [ 77.851, 12.8915 ], [ 77.853, 12.8767 ], [ 77.8654, 12.8772 ], [ 77.8676, 12.8677 ], [ 77.8572, 12.869 ], [ 77.8505, 12.8659 ], [ 77.8319, 12.8742 ], [ 77.83, 12.8894 ], [ 77.8212, 12.9024 ], [ 77.821, 12.912 ], [ 77.8165, 12.916 ], [ 77.8168, 12.9217 ], [ 77.8297, 12.9197 ], [ 77.8318, 12.9256 ], [ 77.8223, 12.9287 ], [ 77.8203, 12.9249 ], [ 77.8163, 12.9257 ], [ 77.8097, 12.9343 ], [ 77.8032, 12.9194 ], [ 77.7977, 12.9186 ], [ 77.7984, 12.9256 ], [ 77.7825, 12.9281 ], [ 77.7769, 12.9322 ], [ 77.775, 12.9395 ], [ 77.7651, 12.9424 ], [ 77.7727, 12.9515 ], [ 77.7669, 12.9596 ], [ 77.7721, 12.9659 ], [ 77.7841, 12.9667 ], [ 77.7832, 12.9709 ], [ 77.7786, 12.9706 ], [ 77.7762, 12.9751 ], [ 77.7784, 12.978 ], [ 77.7747, 12.9805 ], [ 77.7769, 12.9852 ], [ 77.7726, 13.0025 ], [ 77.7758, 13.0058 ], [ 77.7734, 13.0064 ], [ 77.7741, 13.0132 ], [ 77.7717, 13.0152 ], [ 77.7816, 13.0333 ], [ 77.7747, 13.0455 ], [ 77.7766, 13.0478 ], [ 77.7701, 13.0484 ], [ 77.7672, 13.0646 ], [ 77.7583, 13.0737 ], [ 77.7602, 13.0814 ], [ 77.7656, 13.0815 ], [ 77.7641, 13.1025 ], [ 77.7665, 13.1076 ], [ 77.7596, 13.1138 ], [ 77.7479, 13.1161 ], [ 77.7321, 13.1143 ], [ 77.7336, 13.1233 ], [ 77.7241, 13.1254 ], [ 77.73, 13.1313 ], [ 77.7338, 13.1429 ], [ 77.7284, 13.1458 ], [ 77.7334, 13.1601 ], [ 77.7291, 13.1618 ], [ 77.7308, 13.1652 ], [ 77.7273, 13.1691 ], [ 77.7303, 13.1735 ], [ 77.7266, 13.1761 ], [ 77.7293, 13.1858 ], [ 77.7273, 13.1925 ], [ 77.7135, 13.1963 ], [ 77.709, 13.1902 ], [ 77.7, 13.1903 ], [ 77.6905, 13.2029 ], [ 77.687, 13.2031 ], [ 77.6869, 13.1938 ], [ 77.6712, 13.1917 ], [ 77.671, 13.1853 ], [ 77.6614, 13.1845 ], [ 77.6505, 13.1902 ], [ 77.6572, 13.1993 ], [ 77.6432, 13.2006 ], [ 77.637, 13.2028 ], [ 77.6378, 13.2048 ], [ 77.6139, 13.2056 ], [ 77.6162, 13.2032 ], [ 77.6037, 13.2026 ], [ 77.5996, 13.1941 ], [ 77.575, 13.1983 ], [ 77.5677, 13.2016 ], [ 77.5715, 13.2073 ], [ 77.5695, 13.216 ], [ 77.5574, 13.2199 ], [ 77.5596, 13.232 ], [ 77.5517, 13.2347 ], [ 77.5494, 13.2316 ], [ 77.5433, 13.2331 ], [ 77.5372, 13.2191 ], [ 77.5265, 13.2217 ], [ 77.5213, 13.2069 ], [ 77.5214, 13.2108 ], [ 77.5182, 13.2094 ], [ 77.5185, 13.2206 ], [ 77.5115, 13.2229 ], [ 77.512, 13.2261 ], [ 77.4792, 13.2242 ], [ 77.4735, 13.2071 ], [ 77.4789, 13.2069 ], [ 77.4782, 13.1954 ], [ 77.4687, 13.1737 ], [ 77.469, 13.1623 ], [ 77.4606, 13.1604 ], [ 77.443, 13.1669 ], [ 77.4334, 13.1658 ], [ 77.4127, 13.1263 ], [ 77.4041, 13.121 ], [ 77.4038, 13.1279 ], [ 77.3991, 13.1265 ], [ 77.3974, 13.1162 ], [ 77.4014, 13.115 ], [ 77.4013, 13.1094 ], [ 77.4179, 13.1028 ], [ 77.4163, 13.0981 ], [ 77.4201, 13.0967 ], [ 77.417, 13.0911 ], [ 77.422, 13.089 ], [ 77.4221, 13.0839 ], [ 77.4301, 13.0836 ], [ 77.4248, 13.0677 ], [ 77.4122, 13.0725 ], [ 77.3973, 13.0716 ], [ 77.3841, 13.0668 ], [ 77.3822, 13.0558 ], [ 77.3938, 13.0532 ], [ 77.3908, 13.0258 ], [ 77.3785, 13.0273 ], [ 77.3769, 13.0299 ], [ 77.3769, 13.0167 ], [ 77.3708, 13.0163 ], [ 77.372, 12.9922 ], [ 77.3552, 12.9856 ], [ 77.3499, 12.9743 ], [ 77.3389, 12.9724 ], [ 77.3376, 12.9784 ], [ 77.3287, 12.977 ], [ 77.3211, 13.0044 ], [ 77.3217, 13.0088 ], [ 77.3281, 13.0093 ], [ 77.3258, 13.0219 ], [ 77.3305, 13.0276 ], [ 77.3306, 13.0479 ], [ 77.3107, 13.0463 ], [ 77.3086, 13.0569 ], [ 77.3095, 13.0859 ], [ 77.3138, 13.1068 ], [ 77.3032, 13.1109 ], [ 77.2986, 13.1087 ], [ 77.292, 13.1106 ], [ 77.291, 13.1209 ], [ 77.287, 13.1205 ], [ 77.285, 13.1337 ], [ 77.2808, 13.135 ], [ 77.2769, 13.1205 ], [ 77.2668, 13.1198 ], [ 77.2649, 13.1316 ], [ 77.2673, 13.1434 ], [ 77.2745, 13.1429 ], [ 77.2742, 13.1535 ], [ 77.2467, 13.1532 ], [ 77.2404, 13.1458 ], [ 77.2155, 13.1488 ], [ 77.213, 13.1535 ], [ 77.2161, 13.1653 ], [ 77.2027, 13.1821 ], [ 77.207, 13.1973 ], [ 77.1986, 13.1952 ], [ 77.1993, 13.2027 ], [ 77.1941, 13.2094 ], [ 77.1934, 13.2253 ], [ 77.1885, 13.2252 ], [ 77.1836, 13.23 ], [ 77.1852, 13.2382 ], [ 77.1897, 13.2379 ], [ 77.191, 13.2415 ], [ 77.1847, 13.2566 ], [ 77.19, 13.276 ], [ 77.1934, 13.2735 ], [ 77.1931, 13.2696 ], [ 77.1999, 13.2684 ], [ 77.2048, 13.2629 ], [ 77.2191, 13.2618 ], [ 77.2222, 13.2675 ], [ 77.2195, 13.2735 ], [ 77.2227, 13.2965 ], [ 77.2294, 13.3144 ], [ 77.2393, 13.309 ], [ 77.2423, 13.3026 ], [ 77.2474, 13.3018 ], [ 77.253, 13.3027 ], [ 77.2547, 13.3088 ], [ 77.2702, 13.3109 ], [ 77.2695, 13.3061 ], [ 77.2754, 13.2975 ], [ 77.2822, 13.297 ], [ 77.2816, 13.3107 ], [ 77.3088, 13.31 ], [ 77.312, 13.3206 ], [ 77.3298, 13.3302 ], [ 77.3385, 13.3288 ], [ 77.3459, 13.3493 ], [ 77.3425, 13.3503 ], [ 77.3415, 13.355 ], [ 77.3454, 13.3733 ], [ 77.3392, 13.3743 ], [ 77.3436, 13.3852 ], [ 77.3419, 13.4016 ], [ 77.3473, 13.418 ], [ 77.3618, 13.4151 ], [ 77.3651, 13.4266 ], [ 77.3627, 13.436 ], [ 77.3492, 13.443 ], [ 77.3489, 13.4572 ], [ 77.3561, 13.462 ], [ 77.3656, 13.4621 ], [ 77.367, 13.4697 ], [ 77.3736, 13.4708 ], [ 77.3708, 13.4779 ], [ 77.385, 13.4992 ], [ 77.3987, 13.4932 ] ] ] } },
{ "type": "Feature", "properties": { "area_id": "KGIS-D-22", "name_en": "Mandya", "name_kn": "ಮಂಡ್ಯ", "level": "district", "parent_id": null, "district_en": "Mandya", "lgd_code": null }, "geometry": { "type": "MultiPolygon", "coordinates": [ [ [ [ 76.9805, 12.2731 ], [ 76.9858, 12.2644 ], [ 76.9842, 12.2594 ], [ 76.9722, 12.2535 ], [ 76.969, 12.2601 ], [ 76.9689, 12.2775 ], [ 76.9805, 12.2731 ] ] ], [ [ [ 76.9104, 12.3837 ], [ 76.9229, 12.3824 ], [ 76.9224, 12.374 ], [ 76.9177, 12.3674 ], [ 76.9199, 12.3599 ], [ 76.8982, 12.3568 ], [ 76.8989, 12.3744 ], [ 76.9082, 12.376 ], [ 76.9104, 12.3837 ] ] ], [ [ [ 76.6755, 13.0549 ], [ 76.6936, 13.0371 ], [ 76.7018, 13.042 ], [ 76.7095, 13.0393 ], [ 76.7581, 13.0374 ], [ 76.7574, 13.0354 ], [ 76.7824, 13.0305 ], [ 76.7858, 13.0145 ], [ 76.8155, 13.0134 ], [ 76.8199, 13.0049 ], [ 76.8291, 13.0022 ], [ 76.8269, 12.9984 ], [ 76.8514, 12.9791 ], [ 76.8506, 12.9747 ], [ 76.8394, 12.9731 ], [ 76.8418, 12.9657 ], [ 76.8356, 12.9434 ], [ 76.8423, 12.9415 ], [ 76.8487, 12.944 ], [ 76.8493, 12.9384 ], [ 76.8626, 12.9344 ], [ 76.862, 12.9283 ], [ 76.8808, 12.9336 ], [ 76.8925, 12.9317 ], [ 76.8971, 12.921 ], [ 76.8679, 12.9186 ], [ 76.8646, 12.9135 ], [ 76.8656, 12.9051 ], [ 76.8729, 12.8975 ], [ 76.8886, 12.8974 ], [ 76.8936, 12.8743 ], [ 76.8913, 12.8501 ], [ 76.9004, 12.8451 ], [ 76.9075, 12.8265 ], [ 76.9168, 12.819 ], [ 76.9231, 12.8046 ], [ 76.9352, 12.7993 ], [ 76.9419, 12.8047 ], [ 76.9505, 12.8 ], [ 76.9609, 12.8028 ], [ 76.9736, 12.8013 ], [ 76.9765, 12.7925 ], [ 76.9907, 12.7878 ], [ 76.9987, 12.7771 ], [ 77.0096, 12.7809 ], [ 77.0067, 12.7716 ], [ 77.0086, 12.7639 ], [ 77.026, 12.7625 ], [ 77.0441, 12.7777 ], [ 77.049, 12.7476 ], [ 77.0678, 12.7592 ], [ 77.0762, 12.7458 ], [ 77.0808, 12.7474 ], [ 77.0817, 12.7312 ], [ 77.0732, 12.6986 ], [ 77.0741, 12.6786 ], [ 77.0994, 12.6732 ], [ 77.1012, 12.6289 ], [ 77.1176, 12.6282 ], [ 77.1227, 12.6222 ], [ 77.1223, 12.619 ], [ 77.1111, 12.6161 ], [ 77.1082, 12.6077 ], [ 77.1102, 12.5967 ], [ 77.1151, 12.5958 ], [ 77.1168, 12.5807 ], [ 77.1283, 12.5699 ], [ 77.1294, 12.5632 ], [ 77.1282, 12.5541 ], [ 77.1154, 12.555 ], [ 77.1139, 12.5527 ], [ 77.115, 12.5433 ], [ 77.122, 12.5401 ], [ 77.1268, 12.53 ], [ 77.1253, 12.5236 ], [ 77.1329, 12.5165 ], [ 77.1305, 12.4968 ], [ 77.1249, 12.4892 ], [ 77.125, 12.4799 ], [ 77.1324, 12.4796 ], [ 77.138, 12.4666 ], [ 77.1467, 12.4621 ], [ 77.1575, 12.4756 ], [ 77.1648, 12.4751 ], [ 77.1695, 12.4839 ], [ 77.1753, 12.4829 ], [ 77.1779, 12.4789 ], [ 77.1926, 12.4821 ], [ 77.1979, 12.4834 ], [ 77.2007, 12.4915 ], [ 77.2056, 12.491 ], [ 77.2053, 12.4854 ], [ 77.2135, 12.4849 ], [ 77.2162, 12.4921 ], [ 77.222, 12.4922 ], [ 77.2243, 12.5022 ], [ 77.2386, 12.5002 ], [ 77.239, 12.4888 ], [ 77.2343, 12.4867 ], [ 77.2261, 12.4894 ], [ 77.2254, 12.4747 ], [ 77.2269, 12.4793 ], [ 77.2301, 12.4796 ], [ 77.2298, 12.4823 ], [ 77.23, 12.4842 ], [ 77.2334, 12.4841 ], [ 77.236, 12.4823 ], [ 77.2363, 12.4709 ], [ 77.2547, 12.4701 ], [ 77.2575, 12.4636 ], [ 77.2651, 12.462 ], [ 77.2694, 12.4648 ], [ 77.2751, 12.4372 ], [ 77.2697, 12.4342 ], [ 77.2736, 12.43 ], [ 77.2852, 12.4288 ], [ 77.2862, 12.4211 ], [ 77.2817, 12.4215 ], [ 77.285, 12.3939 ], [ 77.3122, 12.3923 ], [ 77.3324, 12.3537 ], [ 77.3245, 12.3282 ], [ 77.325, 12.306 ], [ 77.315, 12.3037 ], [ 77.3119, 12.2986 ], [ 77.306, 12.2967 ], [ 77.2697, 12.3125 ], [ 77.2494, 12.3059 ], [ 77.2375, 12.309 ], [ 77.2245, 12.3021 ], [ 77.2145, 12.308 ], [ 77.1921, 12.3058 ], [ 77.1668, 12.3102 ], [ 77.1698, 12.2851 ], [ 77.1665, 12.281 ], [ 77.1666, 12.2741 ], [ 77.1701, 12.265 ], [ 77.167, 12.2555 ], [ 77.1573, 12.2556 ], [ 77.1438, 12.2473 ], [ 77.1324, 12.2474 ], [ 77.1261, 12.2429 ], [ 77.1071, 12.2409 ], [ 77.1053, 12.2197 ], [ 77.0884, 12.2176 ], [ 77.0793, 12.2216 ], [ 77.0771, 12.2195 ], [ 77.0779, 12.2362 ], [ 77.0693, 12.2374 ], [ 77.0643, 12.2326 ], [ 77.053, 12.2386 ], [ 77.0456, 12.2326 ], [ 77.0352, 12.2319 ], [ 77.0122, 12.2414 ], [ 76.9962, 12.2398 ], [ 76.9939, 12.2515 ], [ 76.9891, 12.257 ], [ 76.9895, 12.2876 ], [ 76.9836, 12.2865 ], [ 76.9713, 12.2907 ], [ 76.9773, 12.3076 ], [ 76.9868, 12.3018 ], [ 76.9929, 12.3018 ], [ 76.9975, 12.3136 ], [ 76.9908, 12.3147 ], [ 76.9873, 12.3198 ], [ 76.987, 12.3333 ], [ 76.9765, 12.328 ], [ 76.9766, 12.3546 ], [ 76.9565, 12.3527 ], [ 76.9607, 12.3349 ], [ 76.9592, 12.328 ], [ 76.9475, 12.3313 ], [ 76.9356, 12.3246 ], [ 76.9223, 12.3224 ], [ 76.928, 12.3266 ], [ 76.9316, 12.338 ], [ 76.9254, 12.3448 ], [ 76.9237, 12.3532 ], [ 76.9392, 12.3542 ], [ 76.9361, 12.3699 ], [ 76.9376, 12.401 ], [ 76.9261, 12.4184 ], [ 76.9283, 12.4274 ], [ 76.9221, 12.4417 ], [ 76.9051, 12.4361 ], [ 76.9039, 12.4269 ], [ 76.9066, 12.422 ], [ 76.9003, 12.4201 ], [ 76.9001, 12.4094 ], [ 76.8815, 12.4061 ], [ 76.8809, 12.4007 ], [ 76.8772, 12.3998 ], [ 76.8631, 12.4005 ], [ 76.859, 12.4096 ], [ 76.8539, 12.4096 ], [ 76.8477, 12.402 ], [ 76.8322, 12.4026 ], [ 76.8318, 12.3971 ], [ 76.835, 12.3952 ], [ 76.834, 12.3845 ], [ 76.8145, 12.3868 ], [ 76.812, 12.3661 ], [ 76.8083, 12.3602 ], [ 76.8034, 12.3705 ], [ 76.7968, 12.3655 ], [ 76.8006, 12.3556 ], [ 76.7944, 12.3544 ], [ 76.7911, 12.3472 ], [ 76.783, 12.3477 ], [ 76.7812, 12.3521 ], [ 76.766, 12.3513 ], [ 76.7618, 12.3382 ], [ 76.7648, 12.3125 ], [ 76.7519, 12.302 ], [ 76.7438, 12.3101 ], [ 76.7414, 12.3218 ], [ 76.736, 12.3228 ], [ 76.7321, 12.3155 ], [ 76.73, 12.3428 ], [ 76.717, 12.3519 ], [ 76.7182, 12.3567 ], [ 76.7137, 12.3574 ], [ 76.6986, 12.3504 ], [ 76.6879, 12.3661 ], [ 76.6812, 12.3679 ], [ 76.6864, 12.3828 ], [ 76.6816, 12.3866 ], [ 76.6829, 12.3914 ], [ 76.6713, 12.3915 ], [ 76.6638, 12.3865 ], [ 76.6562, 12.3963 ], [ 76.6469, 12.3971 ], [ 76.6421, 12.3945 ], [ 76.6413, 12.3848 ], [ 76.6336, 12.3834 ], [ 76.6274, 12.3768 ], [ 76.6257, 12.3691 ], [ 76.5951, 12.3678 ], [ 76.5917, 12.363 ], [ 76.5886, 12.3637 ], [ 76.5903, 12.3686 ], [ 76.5871, 12.3752 ], [ 76.5696, 12.3733 ], [ 76.5592, 12.3901 ], [ 76.5545, 12.3912 ], [ 76.5574, 12.4011 ], [ 76.5657, 12.3992 ], [ 76.5691, 12.4251 ], [ 76.549, 12.4391 ], [ 76.5313, 12.4423 ], [ 76.5146, 12.4532 ], [ 76.5034, 12.4514 ], [ 76.4938, 12.4655 ], [ 76.4573, 12.4809 ], [ 76.4501, 12.4874 ], [ 76.448, 12.5057 ], [ 76.4411, 12.5101 ], [ 76.4364, 12.5232 ], [ 76.4218, 12.5319 ], [ 76.4267, 12.5427 ], [ 76.4154, 12.5468 ], [ 76.4115, 12.557 ], [ 76.3956, 12.5503 ], [ 76.3893, 12.5517 ], [ 76.3869, 12.5583 ], [ 76.3957, 12.5703 ], [ 76.3772, 12.5757 ], [ 76.3701, 12.6058 ], [ 76.3632, 12.6094 ], [ 76.3641, 12.6268 ], [ 76.3521, 12.6404 ], [ 76.3522, 12.6504 ], [ 76.3426, 12.6549 ], [ 76.3422, 12.6595 ], [ 76.3473, 12.6665 ], [ 76.3532, 12.668 ], [ 76.3543, 12.685 ], [ 76.3597, 12.6866 ], [ 76.359, 12.6903 ], [ 76.3617, 12.6912 ], [ 76.3618, 12.7116 ], [ 76.3536, 12.7114 ], [ 76.3461, 12.7169 ], [ 76.3448, 12.7303 ], [ 76.3394, 12.7331 ], [ 76.3459, 12.7382 ], [ 76.3458, 12.744 ], [ 76.355, 12.7439 ], [ 76.3573, 12.7495 ], [ 76.3425, 12.7625 ], [ 76.3433, 12.7669 ], [ 76.3501, 12.7705 ], [ 76.348, 12.7782 ], [ 76.3502, 12.7849 ], [ 76.3349, 12.7878 ], [ 76.3299, 12.8035 ], [ 76.3318, 12.8119 ], [ 76.368, 12.8084 ], [ 76.3709, 12.8153 ], [ 76.3672, 12.8228 ], [ 76.3709, 12.8299 ], [ 76.3751, 12.8314 ], [ 76.3772, 12.828 ], [ 76.3822, 12.8306 ], [ 76.388, 12.8408 ], [ 76.3858, 12.8451 ], [ 76.3975, 12.8475 ], [ 76.4073, 12.8454 ], [ 76.4067, 12.8659 ], [ 76.4149, 12.8657 ], [ 76.4166, 12.8597 ], [ 76.4253, 12.8575 ], [ 76.4268, 12.8541 ], [ 76.4258, 12.8462 ], [ 76.4204, 12.8432 ], [ 76.4242, 12.826 ], [ 76.445, 12.8213 ], [ 76.4507, 12.8096 ], [ 76.4574, 12.8065 ], [ 76.4568, 12.8025 ], [ 76.4616, 12.8021 ], [ 76.4633, 12.8049 ], [ 76.4696, 12.8009 ], [ 76.4688, 12.7943 ], [ 76.4568, 12.7886 ], [ 76.4569, 12.7767 ], [ 76.4757, 12.7709 ], [ 76.4783, 12.7798 ], [ 76.4895, 12.7847 ], [ 76.4897, 12.7654 ], [ 76.4962, 12.7687 ], [ 76.498, 12.779 ], [ 76.4903, 12.789 ], [ 76.4952, 12.8035 ], [ 76.4915, 12.8068 ], [ 76.5017, 12.8223 ], [ 76.5093, 12.8223 ], [ 76.5181, 12.8269 ], [ 76.517, 12.8339 ], [ 76.5203, 12.8415 ], [ 76.5355, 12.8443 ], [ 76.5467, 12.8414 ], [ 76.5558, 12.8461 ], [ 76.5771, 12.8462 ], [ 76.5747, 12.867 ], [ 76.5798, 12.8712 ], [ 76.5786, 12.8734 ], [ 76.596, 12.8802 ], [ 76.5908, 12.89 ], [ 76.5999, 12.9054 ], [ 76.5959, 12.9209 ], [ 76.6027, 12.923 ], [ 76.6056, 12.9388 ], [ 76.6155, 12.9367 ], [ 76.6174, 12.9535 ], [ 76.6113, 12.958 ], [ 76.6106, 12.9662 ], [ 76.6203, 12.9653 ], [ 76.6314, 12.9722 ], [ 76.6314, 12.9825 ], [ 76.6341, 12.9812 ], [ 76.6345, 12.9841 ], [ 76.6328, 12.9929 ], [ 76.6303, 12.9935 ], [ 76.632, 13.0039 ], [ 76.6393, 13.0093 ], [ 76.6453, 13.0057 ], [ 76.6531, 13.0076 ], [ 76.658, 13.0137 ], [ 76.6588, 13.0239 ], [ 76.6669, 13.0383 ], [ 76.6706, 13.0551 ], [ 76.6755, 13.0549 ] ], [ [ 77.289, 12.3539 ], [ 77.2935, 12.3533 ], [ 77.2949, 12.3574 ], [ 77.289, 12.3618 ], [ 77.289, 12.3539 ] ], [ [ 77.3012, 12.3202 ], [ 77.3003, 12.3156 ], [ 77.3041, 12.3158 ], [ 77.3012, 12.3202 ] ], [ [ 77.2905, 12.3688 ], [ 77.2923, 12.371 ], [ 77.29, 12.3712 ], [ 77.2905, 12.3688 ] ] ] ] } },
{ "type": "Feature", "properties": { "area_id": "KGIS-D-23", "name_en": "Hassan", "name_kn": "ಹಾಸನ", "level": "district", "parent_id": null, "district_en": "Hassan", "lgd_code": null }, "geometry": { "type": "Polygon", "coordinates": [ [ [ 76.3665, 13.5482 ], [ 76.3879, 13.5344 ], [ 76.3953, 13.536 ], [ 76.4004, 13.5264 ], [ 76.4247, 13.5239 ], [ 76.4197, 13.52 ], [ 76.4154, 13.5091 ], [ 76.4091, 13.5055 ], [ 76.3975, 13.5055 ], [ 76.3968, 13.495 ], [ 76.4153, 13.4812 ], [ 76.4119, 13.4792 ], [ 76.4077, 13.4595 ], [ 76.4195, 13.4496 ], [ 76.4043, 13.431 ], [ 76.4055, 13.4274 ], [ 76.4007, 13.423 ], [ 76.3974, 13.4042 ], [ 76.3897, 13.3945 ], [ 76.3935, 13.3788 ], [ 76.386, 13.3699 ], [ 76.3821, 13.3702 ], [ 76.3829, 13.364 ], [ 76.3459, 13.3599 ], [ 76.3466, 13.345 ], [ 76.3524, 13.3309 ], [ 76.349, 13.3183 ], [ 76.3496, 13.2965 ], [ 76.3471, 13.2975 ], [ 76.3572, 13.2868 ], [ 76.3566, 13.2505 ], [ 76.362, 13.2496 ], [ 76.3643, 13.2348 ], [ 76.38, 13.2323 ], [ 76.379, 13.2203 ], [ 76.3695, 13.2126 ], [ 76.37, 13.2001 ], [ 76.3939, 13.1974 ], [ 76.3937, 13.1889 ], [ 76.4133, 13.1912 ], [ 76.4162, 13.1859 ], [ 76.4267, 13.1819 ], [ 76.4288, 13.1721 ], [ 76.4451, 13.1693 ], [ 76.4552, 13.1508 ], [ 76.4734, 13.1498 ], [ 76.4688, 13.12 ], [ 76.4714, 13.0933 ], [ 76.4816, 13.0911 ], [ 76.4951, 13.0944 ], [ 76.4962, 13.0861 ], [ 76.5118, 13.0708 ], [ 76.5156, 13.069 ], [ 76.5214, 13.0727 ], [ 76.5226, 13.0782 ], [ 76.5283, 13.0789 ], [ 76.5855, 13.071 ], [ 76.5925, 13.0752 ], [ 76.6078, 13.0738 ], [ 76.6183, 13.0639 ], [ 76.6192, 13.0538 ], [ 76.6069, 13.0567 ], [ 76.6053, 13.0533 ], [ 76.6033, 13.0418 ], [ 76.6091, 13.0315 ], [ 76.6045, 13.0146 ], [ 76.6116, 13.008 ], [ 76.632, 13.004 ], [ 76.6303, 12.9935 ], [ 76.6328, 12.9929 ], [ 76.6341, 12.9812 ], [ 76.6314, 12.9825 ], [ 76.6314, 12.9722 ], [ 76.623, 12.9666 ], [ 76.6106, 12.9662 ], [ 76.6113, 12.958 ], [ 76.6174, 12.9535 ], [ 76.6155, 12.9367 ], [ 76.6056, 12.9388 ], [ 76.6027, 12.923 ], [ 76.5959, 12.9209 ], [ 76.5999, 12.9054 ], [ 76.5908, 12.89 ], [ 76.596, 12.8802 ], [ 76.5786, 12.8734 ], [ 76.5798, 12.8712 ], [ 76.5747, 12.867 ], [ 76.5771, 12.8462 ], [ 76.5558, 12.8461 ], [ 76.5467, 12.8414 ], [ 76.5355, 12.8443 ], [ 76.5203, 12.8415 ], [ 76.517, 12.8339 ], [ 76.5181, 12.8269 ], [ 76.5093, 12.8223 ], [ 76.5017, 12.8223 ], [ 76.4919, 12.8079 ], [ 76.4951, 12.8031 ], [ 76.4903, 12.789 ], [ 76.4983, 12.7745 ], [ 76.4909, 12.7651 ], [ 76.4877, 12.7718 ], [ 76.4895, 12.7847 ], [ 76.4783, 12.7798 ], [ 76.4757, 12.7709 ], [ 76.4569, 12.7767 ], [ 76.4568, 12.7886 ], [ 76.4688, 12.7943 ], [ 76.4696, 12.8009 ], [ 76.4633, 12.8049 ], [ 76.4616, 12.8021 ], [ 76.4568, 12.8025 ], [ 76.4574, 12.8065 ], [ 76.4507, 12.8096 ], [ 76.445, 12.8213 ], [ 76.4242, 12.826 ], [ 76.4204, 12.8432 ], [ 76.4258, 12.8462 ], [ 76.4268, 12.8541 ], [ 76.4253, 12.8575 ], [ 76.4166, 12.8597 ], [ 76.4149, 12.8657 ], [ 76.4067, 12.8659 ], [ 76.4073, 12.8454 ], [ 76.3975, 12.8475 ], [ 76.3858, 12.8451 ], [ 76.388, 12.8408 ], [ 76.3822, 12.8306 ], [ 76.3772, 12.828 ], [ 76.3751, 12.8314 ], [ 76.3709, 12.8299 ], [ 76.3672, 12.8228 ], [ 76.3709, 12.8153 ], [ 76.368, 12.8084 ], [ 76.3318, 12.8119 ], [ 76.3299, 12.8035 ], [ 76.3349, 12.7878 ], [ 76.3502, 12.7849 ], [ 76.348, 12.7782 ], [ 76.3501, 12.7705 ], [ 76.3433, 12.7669 ], [ 76.3425, 12.7625 ], [ 76.3573, 12.7495 ], [ 76.355, 12.7439 ], [ 76.3458, 12.744 ], [ 76.3459, 12.7382 ], [ 76.3394, 12.7331 ], [ 76.3448, 12.7303 ], [ 76.3461, 12.7169 ], [ 76.3536, 12.7114 ], [ 76.3618, 12.7116 ], [ 76.3628, 12.6973 ], [ 76.3597, 12.6866 ], [ 76.3543, 12.685 ], [ 76.3532, 12.668 ], [ 76.3493, 12.6687 ], [ 76.3422, 12.6595 ], [ 76.3387, 12.6454 ], [ 76.3322, 12.6434 ], [ 76.3226, 12.6342 ], [ 76.329, 12.6266 ], [ 76.3272, 12.6101 ], [ 76.3207, 12.6123 ], [ 76.3063, 12.6094 ], [ 76.3089, 12.6234 ], [ 76.3048, 12.6256 ], [ 76.3037, 12.6217 ], [ 76.301, 12.6219 ], [ 76.2986, 12.6293 ], [ 76.2925, 12.6268 ], [ 76.2907, 12.6169 ], [ 76.2796, 12.617 ], [ 76.2815, 12.6306 ], [ 76.2794, 12.6334 ], [ 76.2658, 12.6286 ], [ 76.2655, 12.6191 ], [ 76.2551, 12.6206 ], [ 76.2458, 12.6258 ], [ 76.247, 12.6354 ], [ 76.2438, 12.6377 ], [ 76.2367, 12.639 ], [ 76.2311, 12.6441 ], [ 76.2182, 12.6441 ], [ 76.2075, 12.635 ], [ 76.2072, 12.6291 ], [ 76.2165, 12.6253 ], [ 76.2136, 12.6167 ], [ 76.2044, 12.6147 ], [ 76.1921, 12.5933 ], [ 76.1922, 12.5852 ], [ 76.1964, 12.5775 ], [ 76.1806, 12.5752 ], [ 76.1676, 12.5801 ], [ 76.1523, 12.5801 ], [ 76.1477, 12.5658 ], [ 76.1564, 12.5636 ], [ 76.1512, 12.5518 ], [ 76.1526, 12.5465 ], [ 76.1439, 12.5451 ], [ 76.1437, 12.5366 ], [ 76.136, 12.5378 ], [ 76.1347, 12.5296 ], [ 76.1154, 12.5292 ], [ 76.1196, 12.522 ], [ 76.1157, 12.5174 ], [ 76.116, 12.5124 ], [ 76.1044, 12.5185 ], [ 76.101, 12.5268 ], [ 76.1035, 12.5303 ], [ 76.0982, 12.5289 ], [ 76.0992, 12.5323 ], [ 76.0866, 12.5378 ], [ 76.0887, 12.5436 ], [ 76.0939, 12.5431 ], [ 76.0898, 12.5473 ], [ 76.0892, 12.5436 ], [ 76.0885, 12.5458 ], [ 76.0878, 12.5432 ], [ 76.0803, 12.5436 ], [ 76.0741, 12.5479 ], [ 76.075, 12.5513 ], [ 76.0702, 12.5496 ], [ 76.0698, 12.5567 ], [ 76.0581, 12.5562 ], [ 76.0478, 12.5613 ], [ 76.046, 12.5776 ], [ 76.0342, 12.5752 ], [ 76.0215, 12.5772 ], [ 76.0143, 12.5689 ], [ 76.0119, 12.5726 ], [ 76.0093, 12.5711 ], [ 76.0024, 12.5746 ], [ 75.9936, 12.5882 ], [ 75.9877, 12.5811 ], [ 75.989, 12.5741 ], [ 75.9691, 12.5769 ], [ 75.9749, 12.5624 ], [ 75.9669, 12.5597 ], [ 75.961, 12.5641 ], [ 75.9475, 12.5973 ], [ 75.9398, 12.6063 ], [ 75.9392, 12.609 ], [ 75.9471, 12.6136 ], [ 75.9493, 12.621 ], [ 75.9443, 12.6293 ], [ 75.9362, 12.6298 ], [ 75.9428, 12.6366 ], [ 75.938, 12.6436 ], [ 75.941, 12.6577 ], [ 75.9476, 12.664 ], [ 75.94, 12.6744 ], [ 75.9562, 12.6782 ], [ 75.9585, 12.69 ], [ 75.9647, 12.7 ], [ 75.9625, 12.7053 ], [ 75.9661, 12.7098 ], [ 75.9432, 12.7187 ], [ 75.935, 12.7327 ], [ 75.9379, 12.7502 ], [ 75.9328, 12.7637 ], [ 75.9348, 12.7676 ], [ 75.9464, 12.7658 ], [ 75.9529, 12.768 ], [ 75.9582, 12.7822 ], [ 75.9663, 12.7803 ], [ 75.9715, 12.7845 ], [ 75.9668, 12.7934 ], [ 75.9675, 12.8037 ], [ 75.9493, 12.8002 ], [ 75.9471, 12.808 ], [ 75.9301, 12.8076 ], [ 75.925, 12.8121 ], [ 75.9282, 12.8214 ], [ 75.9199, 12.8281 ], [ 75.9168, 12.8264 ], [ 75.9176, 12.8194 ], [ 75.9092, 12.8164 ], [ 75.9022, 12.8188 ], [ 75.8994, 12.8284 ], [ 75.8801, 12.8339 ], [ 75.8751, 12.8304 ], [ 75.8777, 12.8265 ], [ 75.8759, 12.8236 ], [ 75.8636, 12.819 ], [ 75.8635, 12.808 ], [ 75.8669, 12.8056 ], [ 75.8633, 12.7954 ], [ 75.869, 12.7831 ], [ 75.8777, 12.7763 ], [ 75.8726, 12.7743 ], [ 75.8758, 12.7727 ], [ 75.8732, 12.7697 ], [ 75.8579, 12.7702 ], [ 75.8597, 12.7573 ], [ 75.849, 12.7499 ], [ 75.8547, 12.7367 ], [ 75.8515, 12.7296 ], [ 75.8544, 12.7234 ], [ 75.8702, 12.7151 ], [ 75.8733, 12.7094 ], [ 75.8849, 12.708 ], [ 75.8855, 12.6997 ], [ 75.8899, 12.6935 ], [ 75.8861, 12.6745 ], [ 75.8768, 12.6716 ], [ 75.8674, 12.6745 ], [ 75.853, 12.6694 ], [ 75.8463, 12.6722 ], [ 75.8433, 12.6686 ], [ 75.8349, 12.6709 ], [ 75.8255, 12.6824 ], [ 75.8198, 12.6845 ], [ 75.8169, 12.6929 ], [ 75.8075, 12.7013 ], [ 75.7914, 12.6871 ], [ 75.778, 12.6885 ], [ 75.7734, 12.68 ], [ 75.7672, 12.6808 ], [ 75.7605, 12.6736 ], [ 75.7438, 12.6806 ], [ 75.7313, 12.6974 ], [ 75.7223, 12.6967 ], [ 75.7199, 12.7053 ], [ 75.7133, 12.7075 ], [ 75.7107, 12.7047 ], [ 75.7048, 12.7063 ], [ 75.6354, 12.692 ], [ 75.6292, 12.7002 ], [ 75.6378, 12.7105 ], [ 75.6552, 12.7202 ], [ 75.6607, 12.7464 ], [ 75.6579, 12.7511 ], [ 75.6385, 12.7604 ], [ 75.6372, 12.769 ], [ 75.6256, 12.7781 ], [ 75.6259, 12.785 ], [ 75.6176, 12.7932 ], [ 75.6129, 12.7937 ], [ 75.6196, 12.8033 ], [ 75.6188, 12.825 ], [ 75.6149, 12.8281 ], [ 75.6149, 12.8327 ], [ 75.6236, 12.85 ], [ 75.6224, 12.8566 ], [ 75.618, 12.8564 ], [ 75.6126, 12.8621 ], [ 75.6033, 12.8653 ], [ 75.6005, 12.8699 ], [ 75.6023, 12.8739 ], [ 75.5987, 12.8752 ], [ 75.5778, 12.873 ], [ 75.5644, 12.8672 ], [ 75.5538, 12.8693 ], [ 75.5512, 12.8747 ], [ 75.5521, 12.8888 ], [ 75.5459, 12.9044 ], [ 75.5573, 12.9132 ], [ 75.5732, 12.9353 ], [ 75.5948, 12.9442 ], [ 75.6026, 12.9576 ], [ 75.6019, 12.9643 ], [ 75.609, 12.9806 ], [ 75.6195, 12.9912 ], [ 75.6315, 13.0113 ], [ 75.6376, 13.011 ], [ 75.6429, 13.0313 ], [ 75.6458, 13.0319 ], [ 75.6499, 13.0263 ], [ 75.6562, 13.0293 ], [ 75.6571, 13.0248 ], [ 75.6616, 13.0253 ], [ 75.665, 13.0315 ], [ 75.6707, 13.0305 ], [ 75.674, 13.0246 ], [ 75.6739, 13.0298 ], [ 75.6828, 13.0312 ], [ 75.6838, 13.036 ], [ 75.6866, 13.0325 ], [ 75.6903, 13.0333 ], [ 75.6881, 13.0368 ], [ 75.6903, 13.044 ], [ 75.6959, 13.0461 ], [ 75.6968, 13.0369 ], [ 75.7102, 13.0371 ], [ 75.7169, 13.0309 ], [ 75.7252, 13.0321 ], [ 75.7235, 13.0282 ], [ 75.7276, 13.0238 ], [ 75.7405, 13.0298 ], [ 75.742, 13.0415 ], [ 75.7393, 13.0502 ], [ 75.7426, 13.0711 ], [ 75.7266, 13.096 ], [ 75.7276, 13.1051 ], [ 75.739, 13.1105 ], [ 75.7404, 13.1138 ], [ 75.7361, 13.1223 ], [ 75.7538, 13.1372 ], [ 75.7513, 13.1461 ], [ 75.7444, 13.1505 ], [ 75.7403, 13.1486 ], [ 75.7359, 13.1535 ], [ 75.7346, 13.1601 ], [ 75.7304, 13.1636 ], [ 75.7278, 13.1833 ], [ 75.7326, 13.1867 ], [ 75.7432, 13.2074 ], [ 75.7502, 13.2062 ], [ 75.7585, 13.2182 ], [ 75.7664, 13.212 ], [ 75.7729, 13.2129 ], [ 75.7753, 13.2166 ], [ 75.7792, 13.21 ], [ 75.7895, 13.2143 ], [ 75.8056, 13.2156 ], [ 75.8099, 13.2218 ], [ 75.8096, 13.2307 ], [ 75.813, 13.2307 ], [ 75.8076, 13.2469 ], [ 75.8074, 13.2589 ], [ 75.8134, 13.2609 ], [ 75.8243, 13.2531 ], [ 75.8308, 13.2574 ], [ 75.8403, 13.2513 ], [ 75.8517, 13.2586 ], [ 75.8569, 13.2584 ], [ 75.8556, 13.2539 ], [ 75.8603, 13.2536 ], [ 75.8616, 13.2402 ], [ 75.871, 13.2465 ], [ 75.8774, 13.2607 ], [ 75.9002, 13.2661 ], [ 75.9048, 13.2579 ], [ 75.9153, 13.2618 ], [ 75.9196, 13.257 ], [ 75.9374, 13.2562 ], [ 75.9845, 13.2666 ], [ 75.9901, 13.2599 ], [ 76.0148, 13.2616 ], [ 76.0179, 13.25 ], [ 76.0367, 13.2495 ], [ 76.0431, 13.2756 ], [ 76.0373, 13.3003 ], [ 76.0332, 13.3017 ], [ 76.0367, 13.3201 ], [ 76.0321, 13.3213 ], [ 76.0345, 13.3373 ], [ 76.029, 13.3455 ], [ 76.0322, 13.346 ], [ 76.0382, 13.3565 ], [ 76.0417, 13.3743 ], [ 76.0561, 13.3816 ], [ 76.0818, 13.3717 ], [ 76.0891, 13.3717 ], [ 76.0891, 13.3924 ], [ 76.0985, 13.3938 ], [ 76.0985, 13.3915 ], [ 76.1106, 13.3962 ], [ 76.1112, 13.4005 ], [ 76.1295, 13.4001 ], [ 76.1295, 13.404 ], [ 76.1394, 13.4066 ], [ 76.1401, 13.436 ], [ 76.1362, 13.4441 ], [ 76.1388, 13.4423 ], [ 76.1468, 13.4477 ], [ 76.1513, 13.458 ], [ 76.1584, 13.4598 ], [ 76.162, 13.4696 ], [ 76.194, 13.4688 ], [ 76.1871, 13.4524 ], [ 76.1995, 13.4508 ], [ 76.1981, 13.4693 ], [ 76.2321, 13.4689 ], [ 76.2344, 13.4804 ], [ 76.2295, 13.4847 ], [ 76.2381, 13.4954 ], [ 76.2336, 13.507 ], [ 76.261, 13.5116 ], [ 76.2623, 13.5053 ], [ 76.2925, 13.5047 ], [ 76.2937, 13.5272 ], [ 76.3007, 13.5217 ], [ 76.312, 13.5254 ], [ 76.311, 13.5293 ], [ 76.3159, 13.5319 ], [ 76.3166, 13.5391 ], [ 76.3176, 13.5392 ], [ 76.3303, 13.5214 ], [ 76.3451, 13.5137 ], [ 76.3491, 13.5254 ], [ 76.3625, 13.5304 ], [ 76.3665, 13.5482 ] ] ] } },
{ "type": "Feature", "properties": { "area_id": "KGIS-D-24", "name_en": "Dakshina Kannada", "name_kn": "ದಕ್ಷಿಣ ಕನ್ನಡ", "level": "district", "parent_id": null, "district_en": "Dakshina Kannada", "lgd_code": null }, "geometry": { "type": "Polygon", "coordinates": [ [ [ 75.3558, 13.1872 ], [ 75.3633, 13.182 ], [ 75.3782, 13.1813 ], [ 75.407, 13.1581 ], [ 75.4096, 13.1501 ], [ 75.4073, 13.1397 ], [ 75.4118, 13.1249 ], [ 75.4063, 13.1117 ], [ 75.4154, 13.1056 ], [ 75.4238, 13.1061 ], [ 75.4322, 13.1204 ], [ 75.4413, 13.1144 ], [ 75.4439, 13.106 ], [ 75.4563, 13.1095 ], [ 75.4737, 13.094 ], [ 75.4665, 13.0829 ], [ 75.4676, 13.0768 ], [ 75.4722, 13.0788 ], [ 75.478, 13.0768 ], [ 75.4804, 13.0844 ], [ 75.4878, 13.0902 ], [ 75.4917, 13.0893 ], [ 75.5078, 13.0692 ], [ 75.5187, 13.0607 ], [ 75.5149, 13.0547 ], [ 75.527, 13.0494 ], [ 75.5263, 13.0381 ], [ 75.5201, 13.0304 ], [ 75.5207, 13.0273 ], [ 75.5292, 13.025 ], [ 75.5326, 13.0091 ], [ 75.53, 13.002 ], [ 75.5245, 13.002 ], [ 75.5274, 12.9964 ], [ 75.5207, 12.9857 ], [ 75.5018, 12.9811 ], [ 75.5096, 12.9805 ], [ 75.5172, 12.97 ], [ 75.5264, 12.9693 ], [ 75.5331, 12.9599 ], [ 75.5457, 12.9562 ], [ 75.5529, 12.95 ], [ 75.553, 12.9135 ], [ 75.5459, 12.9044 ], [ 75.5521, 12.8888 ], [ 75.5512, 12.8747 ], [ 75.5538, 12.8693 ], [ 75.5644, 12.8672 ], [ 75.5778, 12.873 ], [ 75.5987, 12.8752 ], [ 75.6023, 12.8739 ], [ 75.6005, 12.8699 ], [ 75.6033, 12.8653 ], [ 75.6126, 12.8621 ], [ 75.618, 12.8564 ], [ 75.6224, 12.8566 ], [ 75.6236, 12.85 ], [ 75.6149, 12.8327 ], [ 75.6149, 12.8281 ], [ 75.6188, 12.825 ], [ 75.6196, 12.8033 ], [ 75.6129, 12.7937 ], [ 75.6176, 12.7932 ], [ 75.6259, 12.785 ], [ 75.6256, 12.7781 ], [ 75.6372, 12.769 ], [ 75.6385, 12.7604 ], [ 75.6579, 12.7511 ], [ 75.6607, 12.7464 ], [ 75.6552, 12.7202 ], [ 75.6378, 12.7105 ], [ 75.6292, 12.6998 ], [ 75.6365, 12.6916 ], [ 75.6668, 12.6982 ], [ 75.6481, 12.6664 ], [ 75.6414, 12.6316 ], [ 75.6423, 12.6274 ], [ 75.6525, 12.622 ], [ 75.6524, 12.6116 ], [ 75.661, 12.5993 ], [ 75.6637, 12.5852 ], [ 75.6607, 12.5802 ], [ 75.6675, 12.5741 ], [ 75.6631, 12.5699 ], [ 75.6685, 12.5655 ], [ 75.6706, 12.5503 ], [ 75.6535, 12.5397 ], [ 75.6415, 12.5375 ], [ 75.6336, 12.5277 ], [ 75.6325, 12.521 ], [ 75.6283, 12.519 ], [ 75.6277, 12.5217 ], [ 75.6155, 12.5093 ], [ 75.6058, 12.5106 ], [ 75.6057, 12.5193 ], [ 75.5974, 12.5248 ], [ 75.5919, 12.5363 ], [ 75.5828, 12.5275 ], [ 75.5807, 12.5193 ], [ 75.5701, 12.5114 ], [ 75.5634, 12.5105 ], [ 75.5531, 12.4976 ], [ 75.5656, 12.4921 ], [ 75.566, 12.484 ], [ 75.5524, 12.4917 ], [ 75.5348, 12.4944 ], [ 75.5303, 12.4988 ], [ 75.5251, 12.4898 ], [ 75.5028, 12.4879 ], [ 75.4945, 12.484 ], [ 75.4973, 12.4786 ], [ 75.4892, 12.4653 ], [ 75.4929, 12.4626 ], [ 75.4898, 12.4599 ], [ 75.4801, 12.4683 ], [ 75.4741, 12.4612 ], [ 75.4727, 12.4654 ], [ 75.4596, 12.4739 ], [ 75.4636, 12.4865 ], [ 75.4618, 12.4892 ], [ 75.469, 12.4931 ], [ 75.4726, 12.5005 ], [ 75.4623, 12.5049 ], [ 75.4582, 12.5163 ], [ 75.4554, 12.5137 ], [ 75.4501, 12.5195 ], [ 75.4458, 12.518 ], [ 75.4411, 12.5268 ], [ 75.4365, 12.5289 ], [ 75.4304, 12.5197 ], [ 75.4336, 12.5165 ], [ 75.4305, 12.514 ], [ 75.4181, 12.5145 ], [ 75.4201, 12.5096 ], [ 75.4155, 12.502 ], [ 75.4027, 12.4994 ], [ 75.3992, 12.5039 ], [ 75.3919, 12.5011 ], [ 75.3827, 12.5028 ], [ 75.379, 12.4965 ], [ 75.3701, 12.4926 ], [ 75.3692, 12.4879 ], [ 75.3744, 12.481 ], [ 75.3613, 12.4654 ], [ 75.3358, 12.4641 ], [ 75.342, 12.4705 ], [ 75.336, 12.4768 ], [ 75.3374, 12.4945 ], [ 75.3327, 12.4992 ], [ 75.3147, 12.4968 ], [ 75.3121, 12.503 ], [ 75.304, 12.5041 ], [ 75.3035, 12.5233 ], [ 75.2801, 12.5257 ], [ 75.2731, 12.5374 ], [ 75.2768, 12.5416 ], [ 75.2697, 12.5466 ], [ 75.2725, 12.5522 ], [ 75.2689, 12.5635 ], [ 75.2713, 12.5712 ], [ 75.28, 12.5736 ], [ 75.2838, 12.571 ], [ 75.2888, 12.5834 ], [ 75.3024, 12.5812 ], [ 75.3155, 12.5737 ], [ 75.317, 12.5776 ], [ 75.3261, 12.5813 ], [ 75.3271, 12.5924 ], [ 75.3121, 12.5898 ], [ 75.3019, 12.6055 ], [ 75.2915, 12.6021 ], [ 75.2892, 12.6107 ], [ 75.2757, 12.6182 ], [ 75.2652, 12.6111 ], [ 75.2666, 12.607 ], [ 75.2626, 12.5985 ], [ 75.2563, 12.596 ], [ 75.2499, 12.5842 ], [ 75.2392, 12.5806 ], [ 75.238, 12.5691 ], [ 75.2199, 12.5688 ], [ 75.2174, 12.5761 ], [ 75.2129, 12.5777 ], [ 75.2093, 12.5916 ], [ 75.2011, 12.5875 ], [ 75.2023, 12.594 ], [ 75.2106, 12.597 ], [ 75.208, 12.6065 ], [ 75.1977, 12.6141 ], [ 75.2015, 12.6201 ], [ 75.2013, 12.6304 ], [ 75.1907, 12.6352 ], [ 75.1816, 12.6327 ], [ 75.1698, 12.6225 ], [ 75.1608, 12.6224 ], [ 75.1534, 12.6253 ], [ 75.1451, 12.6389 ], [ 75.1382, 12.6437 ], [ 75.1501, 12.6496 ], [ 75.1614, 12.6717 ], [ 75.1492, 12.6731 ], [ 75.1509, 12.6829 ], [ 75.1429, 12.6777 ], [ 75.139, 12.6796 ], [ 75.1372, 12.6757 ], [ 75.1335, 12.6779 ], [ 75.1329, 12.6752 ], [ 75.1245, 12.6812 ], [ 75.1224, 12.6786 ], [ 75.112, 12.6815 ], [ 75.1138, 12.6843 ], [ 75.1054, 12.6977 ], [ 75.0847, 12.7053 ], [ 75.0807, 12.6992 ], [ 75.085, 12.6956 ], [ 75.0872, 12.6761 ], [ 75.0796, 12.671 ], [ 75.0737, 12.6719 ], [ 75.0671, 12.6635 ], [ 75.0593, 12.6715 ], [ 75.0588, 12.666 ], [ 75.0535, 12.6697 ], [ 75.0468, 12.6665 ], [ 75.0423, 12.6724 ], [ 75.0434, 12.6817 ], [ 75.0404, 12.6841 ], [ 75.0429, 12.6931 ], [ 75.0468, 12.6948 ], [ 75.0531, 12.6911 ], [ 75.056, 12.6932 ], [ 75.0508, 12.7037 ], [ 75.0546, 12.707 ], [ 75.0502, 12.7159 ], [ 75.0517, 12.7201 ], [ 75.0378, 12.7242 ], [ 75.0266, 12.719 ], [ 75.0185, 12.7211 ], [ 75.0157, 12.7139 ], [ 75.0013, 12.7161 ], [ 75.001, 12.7198 ], [ 75.0049, 12.7197 ], [ 75.0132, 12.7283 ], [ 74.9963, 12.7355 ], [ 74.986, 12.7339 ], [ 74.9839, 12.7364 ], [ 74.9846, 12.7437 ], [ 74.9877, 12.7426 ], [ 74.992, 12.7468 ], [ 75.0083, 12.7671 ], [ 75.0029, 12.7801 ], [ 75.0052, 12.791 ], [ 74.9995, 12.7907 ], [ 75.0025, 12.7882 ], [ 74.9982, 12.7866 ], [ 74.9993, 12.7886 ], [ 74.9912, 12.7959 ], [ 74.9875, 12.7939 ], [ 74.9861, 12.7961 ], [ 74.9861, 12.7927 ], [ 74.9924, 12.788 ], [ 74.9825, 12.78 ], [ 74.9678, 12.7767 ], [ 74.9644, 12.7823 ], [ 74.9603, 12.7785 ], [ 74.9587, 12.7849 ], [ 74.9254, 12.7775 ], [ 74.9173, 12.7717 ], [ 74.9174, 12.7772 ], [ 74.9173, 12.7718 ], [ 74.899, 12.7624 ], [ 74.8931, 12.7623 ], [ 74.8831, 12.754 ], [ 74.875, 12.7545 ], [ 74.8722, 12.7613 ], [ 74.8649, 12.7593 ], [ 74.8467, 12.7949 ], [ 74.8306, 12.8404 ], [ 74.8247, 12.847 ], [ 74.7793, 13.0554 ], [ 74.7767, 13.0819 ], [ 74.7808, 13.0909 ], [ 74.7779, 13.1031 ], [ 74.7818, 13.1046 ], [ 74.7861, 13.0992 ], [ 74.7934, 13.0971 ], [ 74.7987, 13.1082 ], [ 74.7971, 13.1108 ], [ 74.7937, 13.1097 ], [ 74.7913, 13.1169 ], [ 74.7957, 13.1182 ], [ 74.8098, 13.1133 ], [ 74.8144, 13.1225 ], [ 74.8227, 13.1239 ], [ 74.826, 13.1294 ], [ 74.8623, 13.1264 ], [ 74.8636, 13.1221 ], [ 74.869, 13.1199 ], [ 74.8732, 13.1108 ], [ 74.8735, 13.0998 ], [ 74.8787, 13.0946 ], [ 74.8926, 13.103 ], [ 74.9008, 13.1043 ], [ 74.9025, 13.1078 ], [ 74.9116, 13.1085 ], [ 74.908, 13.1113 ], [ 74.9138, 13.1157 ], [ 74.9133, 13.1195 ], [ 74.9074, 13.1215 ], [ 74.9089, 13.129 ], [ 74.9325, 13.147 ], [ 74.9357, 13.1414 ], [ 74.9402, 13.1438 ], [ 74.9425, 13.1415 ], [ 74.941, 13.1356 ], [ 74.9434, 13.1344 ], [ 74.9392, 13.1314 ], [ 74.9523, 13.1181 ], [ 74.975, 13.1276 ], [ 74.9868, 13.1486 ], [ 74.9945, 13.1543 ], [ 75.0167, 13.1369 ], [ 75.016, 13.1319 ], [ 75.0359, 13.1432 ], [ 75.05, 13.1355 ], [ 75.0666, 13.1397 ], [ 75.0641, 13.1467 ], [ 75.0735, 13.1491 ], [ 75.0789, 13.1464 ], [ 75.0811, 13.1584 ], [ 75.0963, 13.1619 ], [ 75.1002, 13.1599 ], [ 75.1003, 13.1533 ], [ 75.1041, 13.1538 ], [ 75.1059, 13.1474 ], [ 75.1142, 13.1504 ], [ 75.1115, 13.1476 ], [ 75.1207, 13.1382 ], [ 75.1214, 13.1327 ], [ 75.1281, 13.1298 ], [ 75.1299, 13.1333 ], [ 75.1427, 13.1302 ], [ 75.1447, 13.1322 ], [ 75.1443, 13.1261 ], [ 75.1487, 13.1233 ], [ 75.1594, 13.1316 ], [ 75.1621, 13.1301 ], [ 75.169, 13.1415 ], [ 75.179, 13.1498 ], [ 75.1845, 13.1611 ], [ 75.207, 13.1583 ], [ 75.205, 13.1546 ], [ 75.2076, 13.151 ], [ 75.2159, 13.1546 ], [ 75.2231, 13.1462 ], [ 75.2267, 13.1471 ], [ 75.2302, 13.1405 ], [ 75.2374, 13.1389 ], [ 75.2437, 13.1294 ], [ 75.2551, 13.1293 ], [ 75.2627, 13.1237 ], [ 75.2708, 13.1247 ], [ 75.2778, 13.1318 ], [ 75.2809, 13.1246 ], [ 75.2883, 13.1227 ], [ 75.2909, 13.1295 ], [ 75.3039, 13.1257 ], [ 75.3106, 13.1294 ], [ 75.3114, 13.138 ], [ 75.3184, 13.1397 ], [ 75.3177, 13.1506 ], [ 75.3243, 13.1659 ], [ 75.329, 13.1641 ], [ 75.3356, 13.1764 ], [ 75.3558, 13.1872 ] ] ] } },
{ "type": "Feature", "properties": { "area_id": "KGIS-D-25", "name_en": "Kodagu", "name_kn": "ಕೊಡಗು", "level": "district", "parent_id": null, "district_en": "Kodagu", "lgd_code": null }, "geometry": { "type": "Polygon", "coordinates": [ [ [ 75.8784, 12.8334 ], [ 75.8994, 12.8284 ], [ 75.9022, 12.8188 ], [ 75.9092, 12.8164 ], [ 75.9176, 12.8194 ], [ 75.9168, 12.8264 ], [ 75.9199, 12.8281 ], [ 75.9282, 12.8214 ], [ 75.9254, 12.8114 ], [ 75.9313, 12.8073 ], [ 75.9471, 12.808 ], [ 75.9493, 12.8002 ], [ 75.9675, 12.8037 ], [ 75.9668, 12.7934 ], [ 75.971, 12.7827 ], [ 75.9663, 12.7803 ], [ 75.9582, 12.7822 ], [ 75.9529, 12.768 ], [ 75.9464, 12.7658 ], [ 75.9348, 12.7676 ], [ 75.9328, 12.7637 ], [ 75.9379, 12.7502 ], [ 75.935, 12.7327 ], [ 75.9432, 12.7187 ], [ 75.9661, 12.7098 ], [ 75.9625, 12.7053 ], [ 75.9647, 12.7 ], [ 75.9585, 12.69 ], [ 75.9562, 12.6782 ], [ 75.94, 12.6744 ], [ 75.9476, 12.664 ], [ 75.941, 12.6577 ], [ 75.938, 12.6436 ], [ 75.9428, 12.6366 ], [ 75.9362, 12.6298 ], [ 75.9443, 12.6293 ], [ 75.9493, 12.621 ], [ 75.9471, 12.6136 ], [ 75.9392, 12.609 ], [ 75.9398, 12.6063 ], [ 75.9475, 12.5973 ], [ 75.9561, 12.5724 ], [ 75.9646, 12.5605 ], [ 75.9749, 12.5624 ], [ 75.9691, 12.5769 ], [ 75.989, 12.5741 ], [ 75.9877, 12.5811 ], [ 75.9936, 12.5882 ], [ 76.0024, 12.5746 ], [ 76.0093, 12.5711 ], [ 76.0119, 12.5726 ], [ 76.0143, 12.5689 ], [ 76.0182, 12.5709 ], [ 76.0109, 12.5602 ], [ 76.0118, 12.555 ], [ 75.9963, 12.5628 ], [ 75.9905, 12.5594 ], [ 75.9988, 12.5469 ], [ 75.9952, 12.5409 ], [ 75.9857, 12.5446 ], [ 75.9824, 12.5409 ], [ 75.9926, 12.5292 ], [ 75.9931, 12.5213 ], [ 75.9757, 12.5202 ], [ 75.9721, 12.5117 ], [ 75.9633, 12.5099 ], [ 75.9599, 12.5053 ], [ 75.9626, 12.4976 ], [ 75.9591, 12.4889 ], [ 75.9608, 12.4845 ], [ 75.9668, 12.483 ], [ 75.9651, 12.4734 ], [ 75.972, 12.4707 ], [ 75.9673, 12.4646 ], [ 75.972, 12.4501 ], [ 75.9681, 12.4473 ], [ 75.96, 12.4518 ], [ 75.9463, 12.4496 ], [ 75.9365, 12.4383 ], [ 75.9259, 12.4369 ], [ 75.9225, 12.4227 ], [ 75.9106, 12.4058 ], [ 75.9103, 12.3938 ], [ 75.9148, 12.3833 ], [ 75.9205, 12.3875 ], [ 75.9319, 12.3823 ], [ 75.9435, 12.371 ], [ 75.9717, 12.353 ], [ 75.966, 12.345 ], [ 75.9676, 12.3435 ], [ 75.9769, 12.3404 ], [ 75.9833, 12.3427 ], [ 75.9888, 12.3363 ], [ 76.0008, 12.3322 ], [ 76.0025, 12.3297 ], [ 75.9958, 12.3242 ], [ 75.9944, 12.3178 ], [ 75.9979, 12.3081 ], [ 76.0046, 12.3054 ], [ 76.0141, 12.2926 ], [ 76.0163, 12.2725 ], [ 76.0135, 12.2688 ], [ 76.0245, 12.2485 ], [ 76.0261, 12.2514 ], [ 76.0404, 12.2526 ], [ 76.0518, 12.2457 ], [ 76.0573, 12.2479 ], [ 76.0572, 12.2531 ], [ 76.0596, 12.2537 ], [ 76.06, 12.248 ], [ 76.0733, 12.2396 ], [ 76.0731, 12.2346 ], [ 76.0822, 12.2213 ], [ 76.0938, 12.2135 ], [ 76.1022, 12.1967 ], [ 76.1188, 12.1926 ], [ 76.1315, 12.1978 ], [ 76.1377, 12.1887 ], [ 76.1351, 12.188 ], [ 76.135, 12.1819 ], [ 76.1431, 12.1569 ], [ 76.1709, 12.118 ], [ 76.1765, 12.0996 ], [ 76.1751, 12.0817 ], [ 76.189, 12.0504 ], [ 76.1838, 12.0359 ], [ 76.1773, 12.0294 ], [ 76.1481, 12.0152 ], [ 76.145, 12.0068 ], [ 76.1222, 11.9794 ], [ 76.0628, 11.9609 ], [ 76.0331, 11.9403 ], [ 76.024, 11.9437 ], [ 76.0131, 11.9418 ], [ 76.0034, 11.931 ], [ 75.9761, 11.9328 ], [ 75.955, 11.9392 ], [ 75.9551, 11.9424 ], [ 75.9307, 11.9399 ], [ 75.9274, 11.9435 ], [ 75.9137, 11.9471 ], [ 75.897, 11.9458 ], [ 75.886, 11.952 ], [ 75.8802, 11.95 ], [ 75.8704, 11.9528 ], [ 75.8545, 11.9644 ], [ 75.851, 11.9729 ], [ 75.8534, 11.978 ], [ 75.8498, 11.9845 ], [ 75.8406, 11.985 ], [ 75.8314, 11.992 ], [ 75.8248, 12.0127 ], [ 75.8098, 12.0238 ], [ 75.812, 12.0284 ], [ 75.8016, 12.0362 ], [ 75.7993, 12.0529 ], [ 75.7947, 12.0567 ], [ 75.7988, 12.057 ], [ 75.7981, 12.0636 ], [ 75.8034, 12.0759 ], [ 75.8, 12.0796 ], [ 75.7852, 12.0849 ], [ 75.7536, 12.0849 ], [ 75.7471, 12.0785 ], [ 75.7362, 12.0793 ], [ 75.7277, 12.0728 ], [ 75.7152, 12.0706 ], [ 75.718, 12.0859 ], [ 75.7134, 12.0906 ], [ 75.7022, 12.0925 ], [ 75.7032, 12.1083 ], [ 75.6878, 12.1106 ], [ 75.6766, 12.0984 ], [ 75.6619, 12.0995 ], [ 75.6526, 12.1102 ], [ 75.649, 12.1097 ], [ 75.6431, 12.1387 ], [ 75.6383, 12.1388 ], [ 75.636, 12.1493 ], [ 75.6314, 12.1489 ], [ 75.6187, 12.1568 ], [ 75.6108, 12.1528 ], [ 75.6066, 12.1558 ], [ 75.5958, 12.1545 ], [ 75.5925, 12.148 ], [ 75.5831, 12.1594 ], [ 75.5773, 12.158 ], [ 75.569, 12.1751 ], [ 75.5591, 12.1778 ], [ 75.5508, 12.1866 ], [ 75.5476, 12.1972 ], [ 75.5411, 12.1983 ], [ 75.5391, 12.203 ], [ 75.5317, 12.2024 ], [ 75.5312, 12.2058 ], [ 75.5351, 12.2061 ], [ 75.5389, 12.2152 ], [ 75.5266, 12.2225 ], [ 75.5243, 12.2299 ], [ 75.5171, 12.2352 ], [ 75.5184, 12.2421 ], [ 75.5105, 12.251 ], [ 75.5117, 12.2607 ], [ 75.5057, 12.2654 ], [ 75.5053, 12.2715 ], [ 75.4936, 12.2735 ], [ 75.4864, 12.2891 ], [ 75.4793, 12.2959 ], [ 75.4702, 12.3012 ], [ 75.4597, 12.2947 ], [ 75.4296, 12.2994 ], [ 75.4209, 12.2921 ], [ 75.414, 12.2914 ], [ 75.4325, 12.3093 ], [ 75.4205, 12.3195 ], [ 75.4156, 12.3403 ], [ 75.4107, 12.3477 ], [ 75.4194, 12.3565 ], [ 75.4219, 12.3739 ], [ 75.4133, 12.3808 ], [ 75.3991, 12.3817 ], [ 75.3931, 12.3898 ], [ 75.3792, 12.3928 ], [ 75.3775, 12.3992 ], [ 75.3671, 12.4044 ], [ 75.3586, 12.4007 ], [ 75.3659, 12.4271 ], [ 75.3638, 12.4292 ], [ 75.3667, 12.4393 ], [ 75.3632, 12.4503 ], [ 75.3797, 12.4499 ], [ 75.386, 12.4548 ], [ 75.3908, 12.4525 ], [ 75.3907, 12.4488 ], [ 75.3947, 12.4492 ], [ 75.3976, 12.4536 ], [ 75.4128, 12.4595 ], [ 75.4162, 12.4682 ], [ 75.4251, 12.4719 ], [ 75.4192, 12.4806 ], [ 75.4201, 12.4886 ], [ 75.4167, 12.4927 ], [ 75.4151, 12.5047 ], [ 75.4201, 12.5096 ], [ 75.4181, 12.5145 ], [ 75.4301, 12.5137 ], [ 75.4336, 12.5165 ], [ 75.4304, 12.5197 ], [ 75.4355, 12.5289 ], [ 75.4411, 12.5268 ], [ 75.4458, 12.518 ], [ 75.4501, 12.5195 ], [ 75.4554, 12.5137 ], [ 75.4582, 12.5163 ], [ 75.4623, 12.5049 ], [ 75.4726, 12.5005 ], [ 75.469, 12.4931 ], [ 75.4618, 12.4892 ], [ 75.4636, 12.4865 ], [ 75.4596, 12.4739 ], [ 75.4727, 12.4654 ], [ 75.4741, 12.4612 ], [ 75.4801, 12.4683 ], [ 75.4898, 12.4599 ], [ 75.4929, 12.4626 ], [ 75.4892, 12.4653 ], [ 75.4973, 12.4786 ], [ 75.4945, 12.484 ], [ 75.5028, 12.4879 ], [ 75.5251, 12.4898 ], [ 75.5303, 12.4988 ], [ 75.5348, 12.4944 ], [ 75.5524, 12.4917 ], [ 75.566, 12.484 ], [ 75.5656, 12.4921 ], [ 75.5531, 12.4976 ], [ 75.5634, 12.5105 ], [ 75.5701, 12.5114 ], [ 75.5807, 12.5193 ], [ 75.5828, 12.5275 ], [ 75.5919, 12.5363 ], [ 75.5974, 12.5248 ], [ 75.6057, 12.5193 ], [ 75.6058, 12.5106 ], [ 75.6155, 12.5093 ], [ 75.6277, 12.5217 ], [ 75.6283, 12.519 ], [ 75.6325, 12.521 ], [ 75.6336, 12.5277 ], [ 75.6415, 12.5375 ], [ 75.6535, 12.5397 ], [ 75.6703, 12.55 ], [ 75.6685, 12.5655 ], [ 75.6631, 12.5699 ], [ 75.6675, 12.5741 ], [ 75.6607, 12.5802 ], [ 75.6637, 12.5852 ], [ 75.661, 12.5993 ], [ 75.6524, 12.6116 ], [ 75.6525, 12.622 ], [ 75.6423, 12.6274 ], [ 75.6414, 12.6316 ], [ 75.6481, 12.6664 ], [ 75.6668, 12.6982 ], [ 75.7139, 12.7073 ], [ 75.7199, 12.7053 ], [ 75.7223, 12.6967 ], [ 75.7313, 12.6974 ], [ 75.7432, 12.6811 ], [ 75.7605, 12.6736 ], [ 75.7672, 12.6808 ], [ 75.7734, 12.68 ], [ 75.778, 12.6885 ], [ 75.7914, 12.6871 ], [ 75.8075, 12.7013 ], [ 75.8169, 12.6929 ], [ 75.8198, 12.6845 ], [ 75.8255, 12.6824 ], [ 75.8349, 12.6709 ], [ 75.8433, 12.6686 ], [ 75.8463, 12.6722 ], [ 75.853, 12.6694 ], [ 75.8674, 12.6745 ], [ 75.8768, 12.6716 ], [ 75.8861, 12.6745 ], [ 75.8899, 12.6935 ], [ 75.8855, 12.6997 ], [ 75.8849, 12.7079 ], [ 75.8733, 12.7094 ], [ 75.8702, 12.7151 ], [ 75.8617, 12.7175 ], [ 75.853, 12.7247 ], [ 75.8515, 12.7304 ], [ 75.8547, 12.7367 ], [ 75.849, 12.7499 ], [ 75.8597, 12.7573 ], [ 75.8579, 12.7702 ], [ 75.8732, 12.7697 ], [ 75.8758, 12.7727 ], [ 75.8726, 12.7743 ], [ 75.8777, 12.7763 ], [ 75.869, 12.7831 ], [ 75.8633, 12.7954 ], [ 75.8669, 12.8056 ], [ 75.8635, 12.808 ], [ 75.8636, 12.819 ], [ 75.8759, 12.8236 ], [ 75.8777, 12.8265 ], [ 75.8748, 12.8297 ], [ 75.8784, 12.8334 ] ] ] } },
{ "type": "Feature", "properties": { "area_id": "KGIS-D-26", "name_en": "Mysuru", "name_kn": "ಮೈಸೂರು", "level": "district", "parent_id": null, "district_en": "Mysuru", "lgd_code": null }, "geometry": { "type": "Polygon", "coordinates": [ [ [ 76.4209, 11.8078 ], [ 76.4132, 11.8168 ], [ 76.4094, 11.8154 ], [ 76.412, 11.8083 ], [ 76.4212, 11.8034 ], [ 76.4257, 11.8041 ], [ 76.4282, 11.7955 ], [ 76.4259, 11.7935 ], [ 76.4212, 11.7961 ], [ 76.42, 11.7902 ], [ 76.4111, 11.7883 ], [ 76.4167, 11.784 ], [ 76.4129, 11.7793 ], [ 76.423, 11.7763 ], [ 76.413, 11.7634 ], [ 76.4125, 11.7585 ], [ 76.3986, 11.7514 ], [ 76.3936, 11.7554 ], [ 76.3788, 11.745 ], [ 76.3668, 11.7475 ], [ 76.3521, 11.7385 ], [ 76.3404, 11.7378 ], [ 76.3288, 11.7482 ], [ 76.3177, 11.7516 ], [ 76.3112, 11.7745 ], [ 76.2958, 11.7868 ], [ 76.2807, 11.8115 ], [ 76.239, 11.8026 ], [ 76.2228, 11.8088 ], [ 76.2099, 11.8291 ], [ 76.2131, 11.8429 ], [ 76.2071, 11.8625 ], [ 76.2001, 11.8627 ], [ 76.1871, 11.872 ], [ 76.1658, 11.8659 ], [ 76.1545, 11.8686 ], [ 76.1474, 11.8662 ], [ 76.1323, 11.853 ], [ 76.127, 11.8533 ], [ 76.121, 11.8489 ], [ 76.1174, 11.8568 ], [ 76.1137, 11.8579 ], [ 76.1088, 11.9221 ], [ 76.1099, 11.9769 ], [ 76.1222, 11.9794 ], [ 76.145, 12.0068 ], [ 76.1481, 12.0152 ], [ 76.1773, 12.0294 ], [ 76.1838, 12.0359 ], [ 76.189, 12.0504 ], [ 76.1751, 12.0817 ], [ 76.1765, 12.0996 ], [ 76.1709, 12.118 ], [ 76.1431, 12.1569 ], [ 76.135, 12.1819 ], [ 76.1351, 12.188 ], [ 76.1377, 12.1887 ], [ 76.1315, 12.1978 ], [ 76.1188, 12.1926 ], [ 76.1022, 12.1967 ], [ 76.0938, 12.2135 ], [ 76.0822, 12.2213 ], [ 76.0731, 12.2346 ], [ 76.0733, 12.2396 ], [ 76.06, 12.248 ], [ 76.0596, 12.2537 ], [ 76.0572, 12.2531 ], [ 76.0573, 12.2479 ], [ 76.0518, 12.2457 ], [ 76.0404, 12.2526 ], [ 76.0261, 12.2514 ], [ 76.0245, 12.2485 ], [ 76.0135, 12.2688 ], [ 76.0163, 12.2725 ], [ 76.0141, 12.2926 ], [ 76.0046, 12.3054 ], [ 75.9979, 12.3081 ], [ 75.9944, 12.3178 ], [ 75.9958, 12.3242 ], [ 76.0025, 12.3297 ], [ 76.0008, 12.3322 ], [ 75.9888, 12.3363 ], [ 75.9833, 12.3427 ], [ 75.9769, 12.3404 ], [ 75.9676, 12.3435 ], [ 75.966, 12.345 ], [ 75.9717, 12.353 ], [ 75.9435, 12.371 ], [ 75.9319, 12.3823 ], [ 75.9205, 12.3875 ], [ 75.9148, 12.3833 ], [ 75.9102, 12.3938 ], [ 75.9109, 12.4066 ], [ 75.9225, 12.4227 ], [ 75.9259, 12.4369 ], [ 75.9365, 12.4383 ], [ 75.9463, 12.4496 ], [ 75.96, 12.4518 ], [ 75.9681, 12.4473 ], [ 75.972, 12.4501 ], [ 75.9673, 12.4646 ], [ 75.972, 12.4707 ], [ 75.9651, 12.4734 ], [ 75.9668, 12.483 ], [ 75.9608, 12.4845 ], [ 75.9591, 12.4889 ], [ 75.9626, 12.4976 ], [ 75.9599, 12.5053 ], [ 75.9633, 12.5099 ], [ 75.9721, 12.5117 ], [ 75.9757, 12.5202 ], [ 75.9931, 12.5213 ], [ 75.9926, 12.5292 ], [ 75.9824, 12.5409 ], [ 75.9857, 12.5446 ], [ 75.9952, 12.5409 ], [ 75.9984, 12.546 ], [ 75.9977, 12.551 ], [ 75.9904, 12.5562 ], [ 75.9924, 12.5617 ], [ 75.9963, 12.5628 ], [ 76.0118, 12.555 ], [ 76.0109, 12.5602 ], [ 76.0173, 12.5664 ], [ 76.0215, 12.5772 ], [ 76.0342, 12.5752 ], [ 76.046, 12.5776 ], [ 76.0478, 12.5613 ], [ 76.0581, 12.5562 ], [ 76.0698, 12.5567 ], [ 76.0702, 12.5496 ], [ 76.075, 12.5513 ], [ 76.0741, 12.5479 ], [ 76.0803, 12.5436 ], [ 76.0878, 12.5432 ], [ 76.0885, 12.5458 ], [ 76.0892, 12.5436 ], [ 76.0898, 12.5473 ], [ 76.0939, 12.5431 ], [ 76.0887, 12.5436 ], [ 76.0866, 12.5378 ], [ 76.0992, 12.5323 ], [ 76.0982, 12.5289 ], [ 76.1035, 12.5303 ], [ 76.101, 12.5268 ], [ 76.1044, 12.5185 ], [ 76.116, 12.5124 ], [ 76.1157, 12.5174 ], [ 76.1196, 12.522 ], [ 76.1154, 12.5292 ], [ 76.1347, 12.5296 ], [ 76.136, 12.5378 ], [ 76.1437, 12.5366 ], [ 76.1439, 12.5451 ], [ 76.1526, 12.5465 ], [ 76.1512, 12.5518 ], [ 76.1564, 12.5636 ], [ 76.1477, 12.5658 ], [ 76.1523, 12.5801 ], [ 76.1676, 12.5801 ], [ 76.1806, 12.5752 ], [ 76.1964, 12.5775 ], [ 76.1922, 12.5852 ], [ 76.1921, 12.5933 ], [ 76.2044, 12.6147 ], [ 76.2136, 12.6167 ], [ 76.2165, 12.6253 ], [ 76.2072, 12.6291 ], [ 76.2075, 12.635 ], [ 76.2182, 12.6441 ], [ 76.2311, 12.6441 ], [ 76.2367, 12.639 ], [ 76.2438, 12.6377 ], [ 76.247, 12.6354 ], [ 76.2458, 12.6258 ], [ 76.2551, 12.6206 ], [ 76.2655, 12.6191 ], [ 76.2658, 12.6286 ], [ 76.2794, 12.6334 ], [ 76.2815, 12.6306 ], [ 76.2796, 12.617 ], [ 76.2907, 12.6169 ], [ 76.2925, 12.6268 ], [ 76.2986, 12.6293 ], [ 76.301, 12.6219 ], [ 76.3037, 12.6217 ], [ 76.3048, 12.6256 ], [ 76.3089, 12.6234 ], [ 76.3063, 12.6094 ], [ 76.3207, 12.6123 ], [ 76.326, 12.6099 ], [ 76.329, 12.6266 ], [ 76.3226, 12.6342 ], [ 76.3322, 12.6434 ], [ 76.3387, 12.6454 ], [ 76.3385, 12.6503 ], [ 76.3426, 12.6548 ], [ 76.3522, 12.6504 ], [ 76.3521, 12.6404 ], [ 76.3641, 12.6268 ], [ 76.3632, 12.6094 ], [ 76.3701, 12.6058 ], [ 76.3772, 12.5757 ], [ 76.3957, 12.5703 ], [ 76.3869, 12.5583 ], [ 76.3893, 12.5517 ], [ 76.3956, 12.5503 ], [ 76.4115, 12.557 ], [ 76.4154, 12.5468 ], [ 76.4267, 12.5427 ], [ 76.4218, 12.5319 ], [ 76.4364, 12.5232 ], [ 76.4411, 12.5101 ], [ 76.4475, 12.5066 ], [ 76.4513, 12.4859 ], [ 76.4702, 12.4736 ], [ 76.4938, 12.4655 ], [ 76.5034, 12.4514 ], [ 76.5146, 12.4532 ], [ 76.5313, 12.4423 ], [ 76.549, 12.4391 ], [ 76.5691, 12.4251 ], [ 76.5657, 12.3992 ], [ 76.5574, 12.4011 ], [ 76.5545, 12.3912 ], [ 76.5592, 12.3901 ], [ 76.5696, 12.3733 ], [ 76.5871, 12.3752 ], [ 76.5903, 12.3686 ], [ 76.5886, 12.3637 ], [ 76.5917, 12.363 ], [ 76.5951, 12.3678 ], [ 76.6257, 12.3691 ], [ 76.6274, 12.3768 ], [ 76.6336, 12.3834 ], [ 76.6413, 12.3848 ], [ 76.6421, 12.3945 ], [ 76.6469, 12.3971 ], [ 76.6562, 12.3963 ], [ 76.6638, 12.3865 ], [ 76.6713, 12.3915 ], [ 76.6829, 12.3914 ], [ 76.6816, 12.3866 ], [ 76.6864, 12.3828 ], [ 76.6812, 12.3679 ], [ 76.6879, 12.3661 ], [ 76.6986, 12.3504 ], [ 76.7137, 12.3574 ], [ 76.7182, 12.3567 ], [ 76.717, 12.3519 ], [ 76.73, 12.3428 ], [ 76.7321, 12.3155 ], [ 76.736, 12.3228 ], [ 76.7414, 12.3218 ], [ 76.7438, 12.3101 ], [ 76.7532, 12.3018 ], [ 76.7648, 12.3125 ], [ 76.7618, 12.3382 ], [ 76.766, 12.3513 ], [ 76.7812, 12.3521 ], [ 76.783, 12.3477 ], [ 76.7911, 12.3472 ], [ 76.7944, 12.3544 ], [ 76.8006, 12.3556 ], [ 76.7968, 12.3655 ], [ 76.8034, 12.3705 ], [ 76.8083, 12.3602 ], [ 76.812, 12.3661 ], [ 76.8145, 12.3868 ], [ 76.834, 12.3845 ], [ 76.835, 12.3952 ], [ 76.8318, 12.3971 ], [ 76.8322, 12.4026 ], [ 76.8477, 12.402 ], [ 76.8539, 12.4096 ], [ 76.859, 12.4096 ], [ 76.8631, 12.4005 ], [ 76.8772, 12.3998 ], [ 76.8809, 12.4007 ], [ 76.8815, 12.4061 ], [ 76.9001, 12.4094 ], [ 76.9003, 12.4201 ], [ 76.9066, 12.422 ], [ 76.9039, 12.4269 ], [ 76.9051, 12.4361 ], [ 76.9221, 12.4417 ], [ 76.9283, 12.4274 ], [ 76.9261, 12.4184 ], [ 76.9376, 12.401 ], [ 76.9361, 12.3699 ], [ 76.9392, 12.3542 ], [ 76.9237, 12.3532 ], [ 76.9254, 12.3448 ], [ 76.9316, 12.338 ], [ 76.928, 12.3266 ], [ 76.9223, 12.3224 ], [ 76.9356, 12.3246 ], [ 76.9475, 12.3313 ], [ 76.9592, 12.328 ], [ 76.9607, 12.3349 ], [ 76.9565, 12.3527 ], [ 76.9766, 12.3546 ], [ 76.9765, 12.328 ], [ 76.987, 12.3333 ], [ 76.9873, 12.3198 ], [ 76.9908, 12.3147 ], [ 76.9975, 12.3136 ], [ 76.9929, 12.3018 ], [ 76.9868, 12.3018 ], [ 76.9773, 12.3076 ], [ 76.9713, 12.2907 ], [ 76.9836, 12.2865 ], [ 76.9895, 12.2876 ], [ 76.9891, 12.257 ], [ 76.9939, 12.2515 ], [ 76.9962, 12.2398 ], [ 77.0122, 12.2414 ], [ 77.0352, 12.2319 ], [ 77.0456, 12.2326 ], [ 77.053, 12.2386 ], [ 77.0643, 12.2326 ], [ 77.0693, 12.2374 ], [ 77.0779, 12.2362 ], [ 77.0771, 12.2195 ], [ 77.0826, 12.2211 ], [ 77.0884, 12.2176 ], [ 77.1053, 12.2197 ], [ 77.1071, 12.2409 ], [ 77.1263, 12.243 ], [ 77.1272, 12.2359 ], [ 77.1346, 12.2299 ], [ 77.1318, 12.2064 ], [ 77.1255, 12.2029 ], [ 77.1229, 12.1944 ], [ 77.1061, 12.1872 ], [ 77.106, 12.1893 ], [ 77.0842, 12.1898 ], [ 77.0636, 12.1713 ], [ 77.0481, 12.1698 ], [ 77.0482, 12.1669 ], [ 77.0442, 12.1669 ], [ 77.0455, 12.1592 ], [ 77.0403, 12.152 ], [ 77.0393, 12.1439 ], [ 77.0403, 12.139 ], [ 77.0444, 12.1418 ], [ 77.046, 12.1355 ], [ 77.0408, 12.1285 ], [ 77.0369, 12.1387 ], [ 77.0158, 12.1333 ], [ 77.0156, 12.1364 ], [ 77.0122, 12.137 ], [ 77.0113, 12.1537 ], [ 77.014, 12.1625 ], [ 77.0029, 12.1605 ], [ 77.0028, 12.166 ], [ 76.9973, 12.1665 ], [ 76.9986, 12.1771 ], [ 76.9922, 12.1762 ], [ 76.9907, 12.1624 ], [ 76.9881, 12.162 ], [ 76.9889, 12.1407 ], [ 76.9764, 12.1343 ], [ 76.9762, 12.1231 ], [ 76.9689, 12.1223 ], [ 76.9708, 12.1128 ], [ 76.9486, 12.0978 ], [ 76.9367, 12.102 ], [ 76.9238, 12.1147 ], [ 76.9068, 12.1135 ], [ 76.903, 12.1168 ], [ 76.903, 12.1232 ], [ 76.8904, 12.1217 ], [ 76.8906, 12.1311 ], [ 76.8818, 12.1297 ], [ 76.8713, 12.1409 ], [ 76.8677, 12.1617 ], [ 76.8713, 12.174 ], [ 76.8655, 12.1743 ], [ 76.8625, 12.1802 ], [ 76.8512, 12.1792 ], [ 76.8535, 12.1709 ], [ 76.8455, 12.1692 ], [ 76.8463, 12.164 ], [ 76.8508, 12.1635 ], [ 76.8521, 12.159 ], [ 76.8409, 12.1568 ], [ 76.8411, 12.1455 ], [ 76.8314, 12.1327 ], [ 76.8454, 12.1192 ], [ 76.8452, 12.1133 ], [ 76.8477, 12.1177 ], [ 76.8767, 12.1154 ], [ 76.8838, 12.0833 ], [ 76.8745, 12.0751 ], [ 76.8706, 12.0638 ], [ 76.8532, 12.0603 ], [ 76.8674, 12.0601 ], [ 76.8705, 12.056 ], [ 76.8907, 12.0588 ], [ 76.89, 12.0497 ], [ 76.9007, 12.0469 ], [ 76.8991, 12.0434 ], [ 76.9029, 12.0451 ], [ 76.9103, 12.0417 ], [ 76.9153, 12.0258 ], [ 76.939, 12.0265 ], [ 76.9359, 12.013 ], [ 76.9236, 12.0132 ], [ 76.9043, 11.9985 ], [ 76.8865, 11.9995 ], [ 76.8832, 12.0156 ], [ 76.8728, 12.0056 ], [ 76.8584, 12.0074 ], [ 76.8563, 11.9996 ], [ 76.837, 11.9997 ], [ 76.8374, 12.0035 ], [ 76.8216, 12.0101 ], [ 76.8226, 12.0176 ], [ 76.8205, 12.0281 ], [ 76.818, 12.028 ], [ 76.8114, 12.0273 ], [ 76.8111, 12.0218 ], [ 76.7942, 12.0138 ], [ 76.7915, 12.0057 ], [ 76.7957, 12.0037 ], [ 76.7963, 11.9893 ], [ 76.7874, 11.9855 ], [ 76.7677, 11.9923 ], [ 76.7642, 11.9991 ], [ 76.7494, 11.9995 ], [ 76.7459, 12.002 ], [ 76.7463, 12.0082 ], [ 76.7426, 12.0099 ], [ 76.7332, 12.0027 ], [ 76.7299, 11.9905 ], [ 76.7168, 11.9882 ], [ 76.716, 11.984 ], [ 76.7031, 11.9852 ], [ 76.7041, 11.991 ], [ 76.6948, 12.0006 ], [ 76.6742, 12.0015 ], [ 76.6716, 12.0061 ], [ 76.6598, 12.0078 ], [ 76.6506, 12.0074 ], [ 76.6421, 11.9817 ], [ 76.6358, 11.9815 ], [ 76.6085, 11.9928 ], [ 76.5971, 11.9844 ], [ 76.5785, 11.9883 ], [ 76.5727, 11.9647 ], [ 76.5577, 11.9477 ], [ 76.5715, 11.9394 ], [ 76.5706, 11.9281 ], [ 76.577, 11.9227 ], [ 76.5685, 11.8997 ], [ 76.5714, 11.8999 ], [ 76.5643, 11.8915 ], [ 76.5573, 11.8934 ], [ 76.5543, 11.8583 ], [ 76.5317, 11.8748 ], [ 76.5005, 11.8632 ], [ 76.489, 11.8634 ], [ 76.4821, 11.8429 ], [ 76.4859, 11.8226 ], [ 76.4598, 11.8201 ], [ 76.4555, 11.7966 ], [ 76.4528, 11.7997 ], [ 76.4398, 11.8004 ], [ 76.4209, 11.8078 ] ], [ [ 76.8982, 12.3568 ], [ 76.9199, 12.3599 ], [ 76.9177, 12.3674 ], [ 76.9224, 12.374 ], [ 76.9229, 12.3825 ], [ 76.9107, 12.384 ], [ 76.9082, 12.376 ], [ 76.8989, 12.3744 ], [ 76.8982, 12.3568 ] ], [ [ 76.9729, 12.2535 ], [ 76.9823, 12.2563 ], [ 76.9858, 12.2644 ], [ 76.9789, 12.2754 ], [ 76.9689, 12.2775 ], [ 76.969, 12.2601 ], [ 76.9729, 12.2535 ] ] ] } },
{ "type": "Feature", "properties": { "area_id": "KGIS-D-27", "name_en": "Chamarajanagara", "name_kn": "ಚಾಮರಾಜನಗರ", "level": "district", "parent_id": null, "district_en": "Chamarajanagara", "lgd_code": null }, "geometry": { "type": "Polygon", "coordinates": [ [ [ 76.4101, 11.8149 ], [ 76.4132, 11.8168 ], [ 76.4217, 11.8067 ], [ 76.4398, 11.8004 ], [ 76.4528, 11.7997 ], [ 76.4555, 11.7966 ], [ 76.4598, 11.8201 ], [ 76.4859, 11.8226 ], [ 76.4821, 11.8429 ], [ 76.489, 11.8634 ], [ 76.5005, 11.8632 ], [ 76.5317, 11.8748 ], [ 76.5543, 11.8583 ], [ 76.5573, 11.8934 ], [ 76.5643, 11.8915 ], [ 76.5714, 11.8999 ], [ 76.5685, 11.8997 ], [ 76.577, 11.9227 ], [ 76.5706, 11.9281 ], [ 76.5715, 11.9394 ], [ 76.5577, 11.9477 ], [ 76.5727, 11.9647 ], [ 76.5785, 11.9883 ], [ 76.5971, 11.9844 ], [ 76.6085, 11.9928 ], [ 76.6358, 11.9815 ], [ 76.6421, 11.9817 ], [ 76.6506, 12.0074 ], [ 76.6598, 12.0078 ], [ 76.6716, 12.0061 ], [ 76.6742, 12.0015 ], [ 76.6948, 12.0006 ], [ 76.7041, 11.991 ], [ 76.7031, 11.9852 ], [ 76.716, 11.984 ], [ 76.7168, 11.9882 ], [ 76.7299, 11.9905 ], [ 76.7332, 12.0027 ], [ 76.7426, 12.0099 ], [ 76.7463, 12.0082 ], [ 76.7459, 12.002 ], [ 76.7494, 11.9995 ], [ 76.7642, 11.9991 ], [ 76.7677, 11.9923 ], [ 76.7874, 11.9855 ], [ 76.7963, 11.9893 ], [ 76.7957, 12.0037 ], [ 76.7915, 12.0057 ], [ 76.7942, 12.0138 ], [ 76.8111, 12.0218 ], [ 76.8114, 12.0273 ], [ 76.818, 12.028 ], [ 76.8205, 12.0281 ], [ 76.8226, 12.0176 ], [ 76.8216, 12.0101 ], [ 76.8374, 12.0035 ], [ 76.837, 11.9997 ], [ 76.8563, 11.9996 ], [ 76.8584, 12.0074 ], [ 76.8728, 12.0056 ], [ 76.8832, 12.0156 ], [ 76.8865, 11.9995 ], [ 76.9043, 11.9985 ], [ 76.9236, 12.0132 ], [ 76.9359, 12.013 ], [ 76.939, 12.0265 ], [ 76.9153, 12.0258 ], [ 76.9103, 12.0417 ], [ 76.9029, 12.0451 ], [ 76.8991, 12.0434 ], [ 76.9007, 12.0469 ], [ 76.89, 12.0497 ], [ 76.8907, 12.0588 ], [ 76.8705, 12.056 ], [ 76.8674, 12.0601 ], [ 76.8532, 12.0603 ], [ 76.8706, 12.0638 ], [ 76.8745, 12.0751 ], [ 76.8838, 12.0833 ], [ 76.8767, 12.1154 ], [ 76.8477, 12.1177 ], [ 76.8452, 12.1133 ], [ 76.8454, 12.1192 ], [ 76.8314, 12.1327 ], [ 76.8411, 12.1455 ], [ 76.8409, 12.1568 ], [ 76.8521, 12.159 ], [ 76.8508, 12.1635 ], [ 76.8463, 12.164 ], [ 76.8455, 12.1692 ], [ 76.8535, 12.1709 ], [ 76.8512, 12.1792 ], [ 76.8625, 12.1802 ], [ 76.8655, 12.1743 ], [ 76.8713, 12.174 ], [ 76.8677, 12.1617 ], [ 76.8713, 12.1409 ], [ 76.8818, 12.1297 ], [ 76.8906, 12.1311 ], [ 76.8904, 12.1217 ], [ 76.903, 12.1232 ], [ 76.903, 12.1168 ], [ 76.9068, 12.1135 ], [ 76.9238, 12.1147 ], [ 76.9367, 12.102 ], [ 76.9478, 12.098 ], [ 76.9708, 12.1128 ], [ 76.9689, 12.1223 ], [ 76.9762, 12.1231 ], [ 76.9764, 12.1343 ], [ 76.9889, 12.1407 ], [ 76.9881, 12.162 ], [ 76.9907, 12.1624 ], [ 76.9927, 12.1764 ], [ 76.9986, 12.1771 ], [ 76.9973, 12.1665 ], [ 77.0028, 12.166 ], [ 77.0029, 12.1605 ], [ 77.014, 12.1625 ], [ 77.0113, 12.1537 ], [ 77.0122, 12.137 ], [ 77.0156, 12.1364 ], [ 77.0158, 12.1333 ], [ 77.0369, 12.1387 ], [ 77.0408, 12.1285 ], [ 77.046, 12.1355 ], [ 77.0444, 12.1418 ], [ 77.0403, 12.139 ], [ 77.0393, 12.1439 ], [ 77.0403, 12.152 ], [ 77.0455, 12.1592 ], [ 77.0442, 12.1669 ], [ 77.0482, 12.1669 ], [ 77.0481, 12.1698 ], [ 77.0636, 12.1713 ], [ 77.0842, 12.1898 ], [ 77.106, 12.1893 ], [ 77.1061, 12.1872 ], [ 77.1229, 12.1944 ], [ 77.1255, 12.2029 ], [ 77.1318, 12.2064 ], [ 77.1316, 12.2194 ], [ 77.1347, 12.2243 ], [ 77.1346, 12.2299 ], [ 77.1272, 12.2359 ], [ 77.1261, 12.243 ], [ 77.1324, 12.2474 ], [ 77.1438, 12.2473 ], [ 77.1573, 12.2556 ], [ 77.167, 12.2555 ], [ 77.1701, 12.265 ], [ 77.1666, 12.2741 ], [ 77.1665, 12.281 ], [ 77.1698, 12.2851 ], [ 77.1668, 12.3102 ], [ 77.1921, 12.3058 ], [ 77.2145, 12.308 ], [ 77.2245, 12.3021 ], [ 77.2375, 12.309 ], [ 77.2494, 12.3059 ], [ 77.2697, 12.3125 ], [ 77.306, 12.2967 ], [ 77.3193, 12.3047 ], [ 77.3198, 12.3022 ], [ 77.3261, 12.3027 ], [ 77.3445, 12.2776 ], [ 77.355, 12.2757 ], [ 77.406, 12.2758 ], [ 77.4184, 12.2863 ], [ 77.4299, 12.2867 ], [ 77.4524, 12.2475 ], [ 77.4728, 12.2407 ], [ 77.4742, 12.2426 ], [ 77.4794, 12.2387 ], [ 77.4826, 12.2294 ], [ 77.4718, 12.2091 ], [ 77.4756, 12.2057 ], [ 77.4863, 12.2038 ], [ 77.4929, 12.1976 ], [ 77.5188, 12.1946 ], [ 77.5287, 12.1992 ], [ 77.5359, 12.1986 ], [ 77.5457, 12.2048 ], [ 77.5653, 12.1964 ], [ 77.5741, 12.2011 ], [ 77.5802, 12.1984 ], [ 77.5958, 12.199 ], [ 77.6055, 12.2058 ], [ 77.6114, 12.2064 ], [ 77.6202, 12.2004 ], [ 77.63, 12.2024 ], [ 77.6388, 12.1968 ], [ 77.6652, 12.1984 ], [ 77.697, 12.1853 ], [ 77.7263, 12.1822 ], [ 77.7332, 12.1786 ], [ 77.7356, 12.1695 ], [ 77.7451, 12.1597 ], [ 77.7466, 12.1451 ], [ 77.7513, 12.1362 ], [ 77.7724, 12.1219 ], [ 77.7767, 12.1158 ], [ 77.7752, 12.1102 ], [ 77.7673, 12.1061 ], [ 77.755, 12.0786 ], [ 77.7279, 12.0627 ], [ 77.7087, 12.0383 ], [ 77.6759, 11.9691 ], [ 77.6751, 11.9519 ], [ 77.6582, 11.9499 ], [ 77.6512, 11.9548 ], [ 77.6393, 11.9483 ], [ 77.6236, 11.9475 ], [ 77.6069, 11.9423 ], [ 77.6033, 11.938 ], [ 77.592, 11.9404 ], [ 77.5755, 11.9367 ], [ 77.5605, 11.9422 ], [ 77.5426, 11.9385 ], [ 77.538, 11.9327 ], [ 77.494, 11.9436 ], [ 77.4884, 11.9123 ], [ 77.4904, 11.9086 ], [ 77.4832, 11.9001 ], [ 77.4857, 11.8879 ], [ 77.4812, 11.8936 ], [ 77.4764, 11.8914 ], [ 77.4733, 11.8999 ], [ 77.4615, 11.9002 ], [ 77.4639, 11.8934 ], [ 77.4605, 11.8804 ], [ 77.466, 11.8745 ], [ 77.4601, 11.8637 ], [ 77.463, 11.8596 ], [ 77.4615, 11.854 ], [ 77.4671, 11.8467 ], [ 77.4562, 11.8271 ], [ 77.4483, 11.7901 ], [ 77.4417, 11.7885 ], [ 77.4426, 11.7818 ], [ 77.4338, 11.7782 ], [ 77.4281, 11.7612 ], [ 77.4227, 11.7621 ], [ 77.4222, 11.7725 ], [ 77.4135, 11.775 ], [ 77.3944, 11.7879 ], [ 77.3698, 11.7869 ], [ 77.3648, 11.7904 ], [ 77.3599, 11.7799 ], [ 77.335, 11.7715 ], [ 77.2937, 11.8093 ], [ 77.2875, 11.8006 ], [ 77.2503, 11.8129 ], [ 77.2496, 11.8044 ], [ 77.2382, 11.7943 ], [ 77.2246, 11.7959 ], [ 77.1895, 11.7927 ], [ 77.1892, 11.7987 ], [ 77.1825, 11.793 ], [ 77.1612, 11.7925 ], [ 77.151, 11.7875 ], [ 77.1369, 11.7897 ], [ 77.1344, 11.7858 ], [ 77.1188, 11.7822 ], [ 77.1199, 11.7728 ], [ 77.1105, 11.7735 ], [ 77.1125, 11.7565 ], [ 77.1087, 11.7532 ], [ 77.1116, 11.7507 ], [ 77.1122, 11.7238 ], [ 77.1052, 11.7329 ], [ 77.0803, 11.7358 ], [ 77.082, 11.7402 ], [ 77.0563, 11.7697 ], [ 77.0607, 11.7773 ], [ 77.0702, 11.7817 ], [ 77.0654, 11.7898 ], [ 77.0452, 11.7868 ], [ 77.0477, 11.7821 ], [ 77.0404, 11.7787 ], [ 77.0353, 11.7696 ], [ 77.028, 11.7753 ], [ 77.0364, 11.7825 ], [ 77.0389, 11.794 ], [ 77.0326, 11.7956 ], [ 77.0341, 11.8 ], [ 77.0292, 11.8053 ], [ 77.0167, 11.8117 ], [ 77.0134, 11.8078 ], [ 77.0124, 11.8152 ], [ 76.9939, 11.8082 ], [ 76.9835, 11.8115 ], [ 76.9825, 11.8047 ], [ 76.9849, 11.8027 ], [ 76.9694, 11.7777 ], [ 76.961, 11.7816 ], [ 76.9537, 11.7916 ], [ 76.9418, 11.7878 ], [ 76.9313, 11.793 ], [ 76.9226, 11.7919 ], [ 76.9073, 11.7959 ], [ 76.8962, 11.7779 ], [ 76.8951, 11.7576 ], [ 76.8878, 11.7417 ], [ 76.8881, 11.7359 ], [ 76.8509, 11.6937 ], [ 76.8433, 11.6753 ], [ 76.8414, 11.6616 ], [ 76.8348, 11.6557 ], [ 76.8338, 11.6483 ], [ 76.8378, 11.6419 ], [ 76.8347, 11.6396 ], [ 76.8451, 11.6344 ], [ 76.8428, 11.6272 ], [ 76.8521, 11.6219 ], [ 76.8487, 11.6189 ], [ 76.8504, 11.6162 ], [ 76.8578, 11.6143 ], [ 76.8562, 11.5995 ], [ 76.8468, 11.595 ], [ 76.8323, 11.6008 ], [ 76.8241, 11.6081 ], [ 76.8174, 11.6049 ], [ 76.8101, 11.6085 ], [ 76.7961, 11.6088 ], [ 76.7915, 11.6131 ], [ 76.7749, 11.6125 ], [ 76.7577, 11.6181 ], [ 76.7426, 11.6139 ], [ 76.6368, 11.6135 ], [ 76.6161, 11.6079 ], [ 76.6132, 11.6122 ], [ 76.5977, 11.6097 ], [ 76.5973, 11.6152 ], [ 76.5904, 11.6186 ], [ 76.584, 11.6141 ], [ 76.577, 11.6148 ], [ 76.5755, 11.6195 ], [ 76.5677, 11.6189 ], [ 76.56, 11.6236 ], [ 76.5615, 11.633 ], [ 76.554, 11.6465 ], [ 76.5552, 11.653 ], [ 76.5503, 11.6621 ], [ 76.55, 11.6752 ], [ 76.527, 11.6935 ], [ 76.5065, 11.7012 ], [ 76.5029, 11.6943 ], [ 76.4955, 11.69 ], [ 76.4884, 11.687 ], [ 76.4802, 11.6885 ], [ 76.4792, 11.6807 ], [ 76.4729, 11.6792 ], [ 76.4595, 11.667 ], [ 76.4557, 11.6585 ], [ 76.4293, 11.6663 ], [ 76.4259, 11.671 ], [ 76.416, 11.6716 ], [ 76.4087, 11.6895 ], [ 76.4114, 11.6956 ], [ 76.4084, 11.7054 ], [ 76.4029, 11.7066 ], [ 76.4027, 11.7109 ], [ 76.4103, 11.7163 ], [ 76.4146, 11.7127 ], [ 76.4164, 11.7187 ], [ 76.4257, 11.7266 ], [ 76.4178, 11.7422 ], [ 76.4132, 11.7393 ], [ 76.4097, 11.7407 ], [ 76.4124, 11.7528 ], [ 76.4158, 11.7542 ], [ 76.4124, 11.7622 ], [ 76.423, 11.7763 ], [ 76.4129, 11.7793 ], [ 76.4167, 11.784 ], [ 76.4111, 11.7883 ], [ 76.42, 11.7902 ], [ 76.4212, 11.7961 ], [ 76.4259, 11.7935 ], [ 76.4282, 11.7955 ], [ 76.4257, 11.8041 ], [ 76.4212, 11.8034 ], [ 76.412, 11.8083 ], [ 76.4101, 11.8149 ] ] ] } },
{ "type": "Feature", "properties": { "area_id": "KGIS-D-28", "name_en": "Ramanagara", "name_kn": "ರಾಮನಗರ", "level": "district", "parent_id": null, "district_en": "Ramanagara", "lgd_code": null }, "geometry": { "type": "MultiPolygon", "coordinates": [ [ [ [ 77.3003, 12.3156 ], [ 77.3004, 12.3195 ], [ 77.3012, 12.3202 ], [ 77.3044, 12.3165 ], [ 77.3003, 12.3156 ] ] ], [ [ [ 77.2882, 12.3616 ], [ 77.2949, 12.3574 ], [ 77.293, 12.3532 ], [ 77.2873, 12.354 ], [ 77.2882, 12.3616 ] ] ], [ [ [ 77.2925, 12.3686 ], [ 77.29, 12.3712 ], [ 77.2923, 12.371 ], [ 77.2925, 12.3686 ] ] ], [ [ [ 77.1649, 13.1966 ], [ 77.1683, 13.184 ], [ 77.1821, 13.1866 ], [ 77.1974, 13.1801 ], [ 77.2059, 13.181 ], [ 77.2075, 13.1733 ], [ 77.2161, 13.1653 ], [ 77.213, 13.1535 ], [ 77.2215, 13.1463 ], [ 77.2404, 13.1458 ], [ 77.2467, 13.1532 ], [ 77.2742, 13.1535 ], [ 77.2745, 13.1429 ], [ 77.2673, 13.1434 ], [ 77.2649, 13.1316 ], [ 77.2668, 13.1198 ], [ 77.2769, 13.1205 ], [ 77.2808, 13.135 ], [ 77.285, 13.1337 ], [ 77.287, 13.1205 ], [ 77.291, 13.1209 ], [ 77.292, 13.1106 ], [ 77.2986, 13.1087 ], [ 77.3032, 13.1109 ], [ 77.3138, 13.1068 ], [ 77.3088, 13.0787 ], [ 77.3107, 13.0463 ], [ 77.3306, 13.0479 ], [ 77.3305, 13.0276 ], [ 77.3258, 13.0219 ], [ 77.3281, 13.0093 ], [ 77.3217, 13.0088 ], [ 77.3211, 13.0044 ], [ 77.3279, 12.9834 ], [ 77.3262, 12.9684 ], [ 77.3301, 12.9658 ], [ 77.3362, 12.9329 ], [ 77.3402, 12.9332 ], [ 77.3388, 12.9107 ], [ 77.3436, 12.8876 ], [ 77.3321, 12.8871 ], [ 77.3368, 12.8821 ], [ 77.3366, 12.8768 ], [ 77.3439, 12.8752 ], [ 77.3441, 12.8703 ], [ 77.3661, 12.8702 ], [ 77.3698, 12.8569 ], [ 77.3794, 12.8552 ], [ 77.3898, 12.8604 ], [ 77.3949, 12.8697 ], [ 77.4021, 12.8656 ], [ 77.4026, 12.871 ], [ 77.4082, 12.8756 ], [ 77.416, 12.8752 ], [ 77.4153, 12.8717 ], [ 77.4185, 12.8714 ], [ 77.4313, 12.8749 ], [ 77.4306, 12.8702 ], [ 77.4188, 12.8693 ], [ 77.4292, 12.8568 ], [ 77.4275, 12.851 ], [ 77.4377, 12.8497 ], [ 77.434, 12.8445 ], [ 77.4347, 12.8387 ], [ 77.43, 12.8397 ], [ 77.4225, 12.8356 ], [ 77.4199, 12.8262 ], [ 77.4335, 12.8234 ], [ 77.4362, 12.8097 ], [ 77.444, 12.8067 ], [ 77.4492, 12.8187 ], [ 77.4547, 12.8167 ], [ 77.4611, 12.8073 ], [ 77.4788, 12.8115 ], [ 77.4778, 12.8064 ], [ 77.4831, 12.8023 ], [ 77.4713, 12.798 ], [ 77.47, 12.7939 ], [ 77.4785, 12.7805 ], [ 77.474, 12.7566 ], [ 77.4864, 12.7428 ], [ 77.5028, 12.7356 ], [ 77.5079, 12.7376 ], [ 77.5128, 12.7468 ], [ 77.5196, 12.7419 ], [ 77.5171, 12.7357 ], [ 77.5218, 12.7317 ], [ 77.5347, 12.7559 ], [ 77.541, 12.7481 ], [ 77.5461, 12.7696 ], [ 77.5517, 12.7724 ], [ 77.5438, 12.7758 ], [ 77.5494, 12.7853 ], [ 77.5423, 12.7947 ], [ 77.5421, 12.7985 ], [ 77.5458, 12.8007 ], [ 77.556, 12.7996 ], [ 77.5529, 12.7897 ], [ 77.5636, 12.7881 ], [ 77.5562, 12.7773 ], [ 77.5586, 12.7653 ], [ 77.5664, 12.7592 ], [ 77.5707, 12.7623 ], [ 77.5714, 12.7789 ], [ 77.5772, 12.7859 ], [ 77.5797, 12.7878 ], [ 77.5882, 12.7834 ], [ 77.5921, 12.7798 ], [ 77.5984, 12.7582 ], [ 77.5941, 12.7505 ], [ 77.576, 12.7508 ], [ 77.568, 12.7354 ], [ 77.5728, 12.7325 ], [ 77.571, 12.7302 ], [ 77.5576, 12.7309 ], [ 77.5591, 12.7133 ], [ 77.5681, 12.7012 ], [ 77.5757, 12.7039 ], [ 77.5942, 12.7205 ], [ 77.6145, 12.7113 ], [ 77.6131, 12.7035 ], [ 77.6036, 12.6931 ], [ 77.5941, 12.6672 ], [ 77.5955, 12.6578 ], [ 77.5964, 12.6641 ], [ 77.5963, 12.6488 ], [ 77.6041, 12.6385 ], [ 77.6055, 12.6289 ], [ 77.5912, 12.6172 ], [ 77.5915, 12.5914 ], [ 77.5895, 12.5919 ], [ 77.5791, 12.5672 ], [ 77.5806, 12.5514 ], [ 77.5899, 12.5478 ], [ 77.5881, 12.5169 ], [ 77.6117, 12.5141 ], [ 77.6152, 12.5085 ], [ 77.6135, 12.5027 ], [ 77.6012, 12.4958 ], [ 77.5831, 12.4779 ], [ 77.6069, 12.4745 ], [ 77.6262, 12.4964 ], [ 77.6358, 12.488 ], [ 77.6324, 12.4793 ], [ 77.6335, 12.4711 ], [ 77.627, 12.4588 ], [ 77.6284, 12.418 ], [ 77.6207, 12.4134 ], [ 77.6214, 12.3868 ], [ 77.6177, 12.3814 ], [ 77.6171, 12.37 ], [ 77.6127, 12.3614 ], [ 77.601, 12.3587 ], [ 77.5913, 12.3394 ], [ 77.5758, 12.3363 ], [ 77.5661, 12.3068 ], [ 77.5574, 12.3052 ], [ 77.5578, 12.302 ], [ 77.5516, 12.2967 ], [ 77.5511, 12.2892 ], [ 77.534, 12.2893 ], [ 77.5283, 12.2713 ], [ 77.5101, 12.2687 ], [ 77.504, 12.274 ], [ 77.4899, 12.278 ], [ 77.4778, 12.2633 ], [ 77.4796, 12.2574 ], [ 77.4754, 12.2547 ], [ 77.474, 12.2407 ], [ 77.4524, 12.2475 ], [ 77.4481, 12.2519 ], [ 77.4299, 12.2867 ], [ 77.4184, 12.2863 ], [ 77.406, 12.2758 ], [ 77.355, 12.2757 ], [ 77.3445, 12.2776 ], [ 77.3261, 12.3027 ], [ 77.319, 12.3025 ], [ 77.325, 12.306 ], [ 77.3245, 12.3282 ], [ 77.3324, 12.3537 ], [ 77.3122, 12.3923 ], [ 77.285, 12.3939 ], [ 77.2817, 12.4215 ], [ 77.2862, 12.4211 ], [ 77.2852, 12.4288 ], [ 77.2736, 12.43 ], [ 77.2697, 12.4342 ], [ 77.2751, 12.4372 ], [ 77.2694, 12.4648 ], [ 77.2651, 12.462 ], [ 77.2575, 12.4636 ], [ 77.2547, 12.4701 ], [ 77.2363, 12.4709 ], [ 77.236, 12.4823 ], [ 77.2334, 12.4841 ], [ 77.23, 12.4842 ], [ 77.2301, 12.4796 ], [ 77.2269, 12.4793 ], [ 77.2254, 12.4747 ], [ 77.2261, 12.4894 ], [ 77.2343, 12.4867 ], [ 77.239, 12.4888 ], [ 77.2386, 12.5002 ], [ 77.2243, 12.5022 ], [ 77.222, 12.4922 ], [ 77.2162, 12.4921 ], [ 77.2135, 12.4849 ], [ 77.2053, 12.4854 ], [ 77.2056, 12.491 ], [ 77.2007, 12.4915 ], [ 77.1979, 12.4834 ], [ 77.1926, 12.4821 ], [ 77.1779, 12.4789 ], [ 77.1753, 12.4829 ], [ 77.1695, 12.4839 ], [ 77.1648, 12.4751 ], [ 77.1575, 12.4756 ], [ 77.1467, 12.4621 ], [ 77.138, 12.4666 ], [ 77.1324, 12.4796 ], [ 77.125, 12.4799 ], [ 77.1249, 12.4892 ], [ 77.1305, 12.4968 ], [ 77.1329, 12.5165 ], [ 77.1253, 12.5236 ], [ 77.1268, 12.53 ], [ 77.122, 12.5401 ], [ 77.115, 12.5433 ], [ 77.1139, 12.5527 ], [ 77.1154, 12.555 ], [ 77.1282, 12.5541 ], [ 77.1294, 12.5632 ], [ 77.1283, 12.5699 ], [ 77.1168, 12.5807 ], [ 77.1151, 12.5958 ], [ 77.1102, 12.5967 ], [ 77.1082, 12.6077 ], [ 77.1111, 12.6161 ], [ 77.1223, 12.619 ], [ 77.1227, 12.6222 ], [ 77.1176, 12.6282 ], [ 77.1012, 12.6289 ], [ 77.0994, 12.6732 ], [ 77.0747, 12.6777 ], [ 77.0732, 12.6986 ], [ 77.0817, 12.7312 ], [ 77.0799, 12.7597 ], [ 77.0876, 12.7536 ], [ 77.086, 12.7511 ], [ 77.092, 12.7511 ], [ 77.0919, 12.7639 ], [ 77.1011, 12.7771 ], [ 77.1079, 12.7801 ], [ 77.1228, 12.7739 ], [ 77.1365, 12.7833 ], [ 77.1412, 12.7818 ], [ 77.1499, 12.7868 ], [ 77.1512, 12.7935 ], [ 77.138, 12.8127 ], [ 77.1424, 12.8204 ], [ 77.1465, 12.8195 ], [ 77.1572, 12.8273 ], [ 77.1501, 12.8304 ], [ 77.1494, 12.8482 ], [ 77.1385, 12.853 ], [ 77.1358, 12.8608 ], [ 77.133, 12.8588 ], [ 77.1332, 12.8883 ], [ 77.1234, 12.888 ], [ 77.119, 12.8842 ], [ 77.1072, 12.8891 ], [ 77.1057, 12.8926 ], [ 77.1203, 12.8998 ], [ 77.1234, 12.8972 ], [ 77.1244, 12.9016 ], [ 77.1324, 12.8979 ], [ 77.1364, 12.9014 ], [ 77.141, 12.9161 ], [ 77.152, 12.9166 ], [ 77.1577, 12.9136 ], [ 77.1652, 12.9289 ], [ 77.157, 12.9421 ], [ 77.1569, 12.9582 ], [ 77.1432, 12.9635 ], [ 77.1311, 12.9757 ], [ 77.1328, 12.9862 ], [ 77.1447, 12.9862 ], [ 77.1422, 12.992 ], [ 77.1356, 12.9964 ], [ 77.1366, 13.0017 ], [ 77.1316, 13.006 ], [ 77.1236, 13.0067 ], [ 77.1233, 13.0037 ], [ 77.1297, 12.9989 ], [ 77.1289, 12.9954 ], [ 77.1066, 12.9966 ], [ 77.1032, 12.9928 ], [ 77.0976, 12.9982 ], [ 77.1029, 13.0072 ], [ 77.1165, 13.0099 ], [ 77.1181, 13.0145 ], [ 77.1089, 13.023 ], [ 77.0929, 13.027 ], [ 77.0938, 13.0303 ], [ 77.0896, 13.0296 ], [ 77.0821, 13.0399 ], [ 77.0697, 13.0397 ], [ 77.0747, 13.057 ], [ 77.0807, 13.0625 ], [ 77.0738, 13.0605 ], [ 77.0743, 13.0662 ], [ 77.0702, 13.0665 ], [ 77.075, 13.0695 ], [ 77.0817, 13.0877 ], [ 77.0708, 13.1148 ], [ 77.0701, 13.1273 ], [ 77.072, 13.1321 ], [ 77.0793, 13.1316 ], [ 77.0833, 13.1366 ], [ 77.0914, 13.1359 ], [ 77.0958, 13.1462 ], [ 77.1078, 13.1443 ], [ 77.107, 13.1353 ], [ 77.1159, 13.1312 ], [ 77.1181, 13.141 ], [ 77.1158, 13.1427 ], [ 77.1201, 13.1526 ], [ 77.1188, 13.1635 ], [ 77.1288, 13.1643 ], [ 77.1384, 13.1776 ], [ 77.1426, 13.1735 ], [ 77.1484, 13.1736 ], [ 77.1562, 13.1938 ], [ 77.1649, 13.1966 ] ], [ [ 77.5493, 12.7942 ], [ 77.5527, 12.7973 ], [ 77.5509, 12.7979 ], [ 77.5493, 12.7942 ] ], [ [ 77.0796, 13.0688 ], [ 77.0818, 13.0695 ], [ 77.0835, 13.0715 ], [ 77.0812, 13.0726 ], [ 77.0796, 13.0688 ] ] ] ] } },
{ "type": "Feature", "properties": { "area_id": "KGIS-D-29", "name_en": "Chikkaballapura", "name_kn": "ಚಿಕ್ಕಬಳ್ಳಾಪುರ", "level": "district", "parent_id": null, "district_en": "Chikkaballapura", "lgd_code": null }, "geometry": { "type": "Polygon", "coordinates": [ [ [ 77.9676, 13.9604 ], [ 77.9876, 13.9557 ], [ 77.9802, 13.9281 ], [ 77.9845, 13.9223 ], [ 77.9828, 13.9036 ], [ 77.9857, 13.9016 ], [ 77.9829, 13.8957 ], [ 77.9558, 13.8909 ], [ 77.9496, 13.8869 ], [ 77.9537, 13.8367 ], [ 77.9559, 13.8363 ], [ 77.9558, 13.83 ], [ 77.9523, 13.8269 ], [ 77.9764, 13.83 ], [ 77.9838, 13.8486 ], [ 77.9889, 13.8537 ], [ 77.9926, 13.8682 ], [ 77.9988, 13.8691 ], [ 78.0002, 13.8729 ], [ 78.0129, 13.8713 ], [ 78.0205, 13.8639 ], [ 78.0319, 13.8642 ], [ 78.0409, 13.8602 ], [ 78.0466, 13.8621 ], [ 78.0514, 13.8818 ], [ 78.0487, 13.8962 ], [ 78.0787, 13.8813 ], [ 78.0823, 13.8618 ], [ 78.0936, 13.8648 ], [ 78.0998, 13.8621 ], [ 78.1155, 13.8627 ], [ 78.1251, 13.8304 ], [ 78.1138, 13.8076 ], [ 78.1229, 13.7992 ], [ 78.1258, 13.7861 ], [ 78.1179, 13.7693 ], [ 78.1123, 13.7633 ], [ 78.1001, 13.7587 ], [ 78.0922, 13.7422 ], [ 78.1046, 13.7364 ], [ 78.1206, 13.715 ], [ 78.1131, 13.6927 ], [ 78.0928, 13.6912 ], [ 78.0858, 13.6921 ], [ 78.0759, 13.6985 ], [ 78.0697, 13.6976 ], [ 78.0693, 13.6911 ], [ 78.0734, 13.688 ], [ 78.0657, 13.6767 ], [ 78.0765, 13.6733 ], [ 78.0756, 13.6676 ], [ 78.0895, 13.6595 ], [ 78.0871, 13.6436 ], [ 78.0986, 13.6431 ], [ 78.1023, 13.6517 ], [ 78.1139, 13.6576 ], [ 78.1252, 13.6559 ], [ 78.1333, 13.6601 ], [ 78.1557, 13.658 ], [ 78.1688, 13.6541 ], [ 78.1672, 13.6326 ], [ 78.204, 13.6285 ], [ 78.2017, 13.6201 ], [ 78.2035, 13.6063 ], [ 78.19, 13.5899 ], [ 78.1888, 13.5737 ], [ 78.1933, 13.5642 ], [ 78.2013, 13.5635 ], [ 78.194, 13.5482 ], [ 78.2016, 13.5408 ], [ 78.2046, 13.5277 ], [ 78.2033, 13.5232 ], [ 78.1909, 13.5212 ], [ 78.1883, 13.5132 ], [ 78.198, 13.5126 ], [ 78.2004, 13.4825 ], [ 78.2075, 13.4781 ], [ 78.2101, 13.4713 ], [ 78.2009, 13.4499 ], [ 78.1938, 13.4485 ], [ 78.1926, 13.4388 ], [ 78.1851, 13.4346 ], [ 78.187, 13.4337 ], [ 78.1831, 13.4341 ], [ 78.1815, 13.4202 ], [ 78.1686, 13.4136 ], [ 78.1599, 13.4149 ], [ 78.1522, 13.4088 ], [ 78.1362, 13.4056 ], [ 78.1284, 13.3864 ], [ 78.1244, 13.3857 ], [ 78.122, 13.3756 ], [ 78.129, 13.3733 ], [ 78.1437, 13.3771 ], [ 78.1467, 13.3738 ], [ 78.1488, 13.3672 ], [ 78.1452, 13.3616 ], [ 78.1487, 13.3614 ], [ 78.1501, 13.3559 ], [ 78.1502, 13.3505 ], [ 78.1314, 13.3528 ], [ 78.1312, 13.3409 ], [ 78.1352, 13.3321 ], [ 78.1325, 13.3289 ], [ 78.1096, 13.3234 ], [ 78.1142, 13.3176 ], [ 78.1204, 13.3156 ], [ 78.1232, 13.3086 ], [ 78.1358, 13.3051 ], [ 78.1335, 13.2872 ], [ 78.1226, 13.2919 ], [ 78.1149, 13.3004 ], [ 78.1025, 13.3037 ], [ 78.0918, 13.3112 ], [ 78.0868, 13.3021 ], [ 78.0602, 13.301 ], [ 78.0586, 13.2933 ], [ 78.0518, 13.2935 ], [ 78.047, 13.279 ], [ 78.0306, 13.284 ], [ 78.0151, 13.283 ], [ 78.0147, 13.2899 ], [ 78.0114, 13.291 ], [ 78.0118, 13.3009 ], [ 78.0009, 13.3056 ], [ 77.9892, 13.3046 ], [ 77.9852, 13.3006 ], [ 77.9842, 13.2862 ], [ 77.9674, 13.2825 ], [ 77.9609, 13.2844 ], [ 77.957, 13.2787 ], [ 77.9592, 13.2696 ], [ 77.9455, 13.2717 ], [ 77.942, 13.2673 ], [ 77.9383, 13.2678 ], [ 77.9372, 13.2645 ], [ 77.942, 13.2579 ], [ 77.9295, 13.2389 ], [ 77.915, 13.2398 ], [ 77.9142, 13.2316 ], [ 77.8916, 13.2357 ], [ 77.9024, 13.2421 ], [ 77.9062, 13.2523 ], [ 77.8913, 13.2575 ], [ 77.8882, 13.25 ], [ 77.8798, 13.2521 ], [ 77.8733, 13.2445 ], [ 77.8799, 13.2393 ], [ 77.8768, 13.2342 ], [ 77.8651, 13.237 ], [ 77.8632, 13.2407 ], [ 77.8578, 13.2274 ], [ 77.8596, 13.22 ], [ 77.85, 13.2187 ], [ 77.8501, 13.2413 ], [ 77.8339, 13.2447 ], [ 77.8197, 13.2517 ], [ 77.814, 13.2386 ], [ 77.8063, 13.2415 ], [ 77.8079, 13.2469 ], [ 77.8113, 13.2468 ], [ 77.8218, 13.2573 ], [ 77.8093, 13.2621 ], [ 77.817, 13.2961 ], [ 77.8228, 13.2958 ], [ 77.8222, 13.291 ], [ 77.8291, 13.2895 ], [ 77.8301, 13.2987 ], [ 77.8286, 13.3038 ], [ 77.8145, 13.3038 ], [ 77.8151, 13.3092 ], [ 77.8046, 13.3112 ], [ 77.811, 13.3168 ], [ 77.8145, 13.31 ], [ 77.8222, 13.3127 ], [ 77.8273, 13.3248 ], [ 77.7945, 13.342 ], [ 77.791, 13.3458 ], [ 77.7911, 13.3521 ], [ 77.7799, 13.3523 ], [ 77.7545, 13.3646 ], [ 77.7485, 13.3587 ], [ 77.7419, 13.361 ], [ 77.7446, 13.3536 ], [ 77.737, 13.3608 ], [ 77.7274, 13.3628 ], [ 77.7298, 13.3608 ], [ 77.728, 13.351 ], [ 77.7159, 13.3511 ], [ 77.7176, 13.3633 ], [ 77.7091, 13.3656 ], [ 77.7078, 13.3613 ], [ 77.6988, 13.3588 ], [ 77.6991, 13.3473 ], [ 77.7037, 13.3431 ], [ 77.6966, 13.3364 ], [ 77.683, 13.3528 ], [ 77.6783, 13.3451 ], [ 77.6674, 13.3473 ], [ 77.667, 13.3505 ], [ 77.6553, 13.3571 ], [ 77.6562, 13.3714 ], [ 77.6612, 13.3758 ], [ 77.659, 13.3823 ], [ 77.651, 13.3864 ], [ 77.6575, 13.3924 ], [ 77.6576, 13.3977 ], [ 77.6533, 13.3981 ], [ 77.6473, 13.3918 ], [ 77.6382, 13.3939 ], [ 77.6328, 13.3755 ], [ 77.6209, 13.3752 ], [ 77.6208, 13.3826 ], [ 77.6124, 13.3859 ], [ 77.6204, 13.4025 ], [ 77.6159, 13.4009 ], [ 77.6076, 13.4079 ], [ 77.6081, 13.4003 ], [ 77.6034, 13.3975 ], [ 77.5989, 13.4064 ], [ 77.5999, 13.4147 ], [ 77.6089, 13.4146 ], [ 77.6159, 13.4191 ], [ 77.6079, 13.4238 ], [ 77.604, 13.4412 ], [ 77.6019, 13.442 ], [ 77.599, 13.4363 ], [ 77.5892, 13.4362 ], [ 77.5924, 13.4185 ], [ 77.5867, 13.4216 ], [ 77.5508, 13.4184 ], [ 77.5509, 13.4347 ], [ 77.5446, 13.4369 ], [ 77.5382, 13.4359 ], [ 77.5356, 13.4305 ], [ 77.5208, 13.4319 ], [ 77.5164, 13.4435 ], [ 77.5044, 13.4451 ], [ 77.5065, 13.4563 ], [ 77.4937, 13.4585 ], [ 77.484, 13.467 ], [ 77.4718, 13.4692 ], [ 77.4616, 13.4628 ], [ 77.4569, 13.4688 ], [ 77.455, 13.464 ], [ 77.4512, 13.4653 ], [ 77.4436, 13.4613 ], [ 77.4363, 13.463 ], [ 77.4348, 13.4685 ], [ 77.4229, 13.4715 ], [ 77.4263, 13.4822 ], [ 77.4167, 13.4843 ], [ 77.4159, 13.491 ], [ 77.4078, 13.4959 ], [ 77.3996, 13.493 ], [ 77.3841, 13.4993 ], [ 77.3817, 13.5147 ], [ 77.3906, 13.519 ], [ 77.3917, 13.5288 ], [ 77.3906, 13.5363 ], [ 77.3828, 13.5368 ], [ 77.3797, 13.548 ], [ 77.3846, 13.5514 ], [ 77.383, 13.575 ], [ 77.3744, 13.5899 ], [ 77.3637, 13.5901 ], [ 77.3648, 13.6019 ], [ 77.3602, 13.6131 ], [ 77.3622, 13.6249 ], [ 77.3696, 13.6338 ], [ 77.3669, 13.6362 ], [ 77.3687, 13.6411 ], [ 77.3784, 13.6451 ], [ 77.3768, 13.6497 ], [ 77.3842, 13.6615 ], [ 77.3945, 13.6655 ], [ 77.3972, 13.6745 ], [ 77.4355, 13.6732 ], [ 77.4371, 13.6841 ], [ 77.4533, 13.6822 ], [ 77.4884, 13.6868 ], [ 77.4911, 13.6904 ], [ 77.4835, 13.7157 ], [ 77.5145, 13.7129 ], [ 77.5119, 13.6972 ], [ 77.5195, 13.6964 ], [ 77.5213, 13.6905 ], [ 77.5288, 13.6931 ], [ 77.534, 13.7069 ], [ 77.5364, 13.7307 ], [ 77.5221, 13.7447 ], [ 77.5251, 13.7533 ], [ 77.5445, 13.7548 ], [ 77.5604, 13.7223 ], [ 77.5713, 13.7384 ], [ 77.5868, 13.7336 ], [ 77.6001, 13.751 ], [ 77.6134, 13.752 ], [ 77.6236, 13.7362 ], [ 77.6275, 13.7347 ], [ 77.6417, 13.7423 ], [ 77.642, 13.7483 ], [ 77.6303, 13.754 ], [ 77.6185, 13.755 ], [ 77.6172, 13.7618 ], [ 77.6205, 13.7681 ], [ 77.6469, 13.7789 ], [ 77.6516, 13.7839 ], [ 77.6688, 13.7838 ], [ 77.6796, 13.7871 ], [ 77.6784, 13.7685 ], [ 77.6711, 13.7607 ], [ 77.703, 13.773 ], [ 77.7087, 13.7408 ], [ 77.7174, 13.7409 ], [ 77.7218, 13.7677 ], [ 77.7184, 13.7828 ], [ 77.7221, 13.7895 ], [ 77.7191, 13.8006 ], [ 77.7311, 13.8031 ], [ 77.7353, 13.8101 ], [ 77.7407, 13.8126 ], [ 77.7447, 13.8106 ], [ 77.7417, 13.8151 ], [ 77.7463, 13.814 ], [ 77.7468, 13.8095 ], [ 77.7633, 13.8174 ], [ 77.7816, 13.8184 ], [ 77.7856, 13.8216 ], [ 77.7874, 13.8196 ], [ 77.7891, 13.8293 ], [ 77.7845, 13.8335 ], [ 77.7823, 13.8439 ], [ 77.7914, 13.8484 ], [ 77.8123, 13.8475 ], [ 77.8196, 13.8627 ], [ 77.8288, 13.8642 ], [ 77.8366, 13.8696 ], [ 77.8267, 13.8742 ], [ 77.8354, 13.8809 ], [ 77.831, 13.8977 ], [ 77.816, 13.9042 ], [ 77.8169, 13.9121 ], [ 77.8133, 13.9183 ], [ 77.8153, 13.933 ], [ 77.8255, 13.9448 ], [ 77.8363, 13.9362 ], [ 77.8459, 13.9355 ], [ 77.865, 13.9362 ], [ 77.8957, 13.9442 ], [ 77.8983, 13.9353 ], [ 77.8961, 13.9209 ], [ 77.911, 13.91 ], [ 77.9266, 13.9054 ], [ 77.9458, 13.9351 ], [ 77.9601, 13.9406 ], [ 77.9621, 13.9554 ], [ 77.9676, 13.9604 ] ] ] } },
{ "type": "Feature", "properties": { "area_id": "KGIS-D-30", "name_en": "Yadgir", "name_kn": "ಯಾದಗಿರಿ", "level": "district", "parent_id": null, "district_en": "Yadgir", "lgd_code": null }, "geometry": { "type": "Polygon", "coordinates": [ [ [ 77.0706, 16.9533 ], [ 77.0686, 16.9323 ], [ 77.0723, 16.9319 ], [ 77.073, 16.9372 ], [ 77.0823, 16.9407 ], [ 77.0872, 16.9318 ], [ 77.0931, 16.9055 ], [ 77.0998, 16.903 ], [ 77.1117, 16.9048 ], [ 77.1262, 16.9176 ], [ 77.1496, 16.9263 ], [ 77.1847, 16.9354 ], [ 77.1919, 16.9289 ], [ 77.1958, 16.9302 ], [ 77.2009, 16.9359 ], [ 77.2078, 16.9376 ], [ 77.2113, 16.9445 ], [ 77.2268, 16.9405 ], [ 77.2314, 16.943 ], [ 77.2316, 16.9381 ], [ 77.2422, 16.9421 ], [ 77.2462, 16.9324 ], [ 77.2502, 16.9337 ], [ 77.2621, 16.928 ], [ 77.2733, 16.9282 ], [ 77.2895, 16.9374 ], [ 77.2939, 16.933 ], [ 77.3112, 16.9277 ], [ 77.3203, 16.9363 ], [ 77.3361, 16.9305 ], [ 77.3411, 16.9346 ], [ 77.3504, 16.9077 ], [ 77.3662, 16.9042 ], [ 77.3703, 16.8979 ], [ 77.3761, 16.8981 ], [ 77.3762, 16.8951 ], [ 77.383, 16.8945 ], [ 77.3845, 16.8983 ], [ 77.3873, 16.8979 ], [ 77.3885, 16.8912 ], [ 77.396, 16.9037 ], [ 77.406, 16.9018 ], [ 77.4046, 16.8969 ], [ 77.3996, 16.8989 ], [ 77.3998, 16.8962 ], [ 77.4044, 16.8951 ], [ 77.4014, 16.8822 ], [ 77.4092, 16.8786 ], [ 77.4097, 16.8735 ], [ 77.4246, 16.8851 ], [ 77.4602, 16.8852 ], [ 77.4641, 16.8516 ], [ 77.4613, 16.8361 ], [ 77.4571, 16.8313 ], [ 77.4625, 16.8233 ], [ 77.4621, 16.8138 ], [ 77.4661, 16.8055 ], [ 77.4728, 16.8028 ], [ 77.4723, 16.7942 ], [ 77.4757, 16.7919 ], [ 77.4672, 16.7824 ], [ 77.439, 16.7785 ], [ 77.4464, 16.7653 ], [ 77.4404, 16.7518 ], [ 77.4364, 16.752 ], [ 77.4393, 16.7518 ], [ 77.4334, 16.737 ], [ 77.4284, 16.7332 ], [ 77.427, 16.7283 ], [ 77.4309, 16.7236 ], [ 77.4258, 16.7218 ], [ 77.4276, 16.7168 ], [ 77.4331, 16.7174 ], [ 77.438, 16.7118 ], [ 77.4412, 16.7127 ], [ 77.446, 16.7222 ], [ 77.4562, 16.7164 ], [ 77.4637, 16.7191 ], [ 77.4735, 16.7159 ], [ 77.469, 16.6997 ], [ 77.4686, 16.6847 ], [ 77.4639, 16.6767 ], [ 77.4476, 16.6791 ], [ 77.4425, 16.6696 ], [ 77.4184, 16.6687 ], [ 77.4184, 16.6583 ], [ 77.4322, 16.6546 ], [ 77.44, 16.6457 ], [ 77.4342, 16.6435 ], [ 77.4346, 16.6412 ], [ 77.4452, 16.6401 ], [ 77.4634, 16.6548 ], [ 77.4725, 16.6522 ], [ 77.474, 16.6454 ], [ 77.4625, 16.6266 ], [ 77.4551, 16.622 ], [ 77.4554, 16.6156 ], [ 77.4681, 16.6087 ], [ 77.4672, 16.5991 ], [ 77.4636, 16.5995 ], [ 77.4625, 16.5965 ], [ 77.4652, 16.5901 ], [ 77.4613, 16.583 ], [ 77.4394, 16.5873 ], [ 77.4232, 16.5685 ], [ 77.415, 16.5659 ], [ 77.4076, 16.5713 ], [ 77.3993, 16.5673 ], [ 77.3923, 16.5698 ], [ 77.3924, 16.5638 ], [ 77.3971, 16.5642 ], [ 77.4035, 16.5509 ], [ 77.4179, 16.5487 ], [ 77.4159, 16.5177 ], [ 77.4018, 16.5214 ], [ 77.3772, 16.5139 ], [ 77.3727, 16.5098 ], [ 77.3693, 16.4882 ], [ 77.3518, 16.4908 ], [ 77.3424, 16.4863 ], [ 77.3242, 16.4869 ], [ 77.3245, 16.4912 ], [ 77.2983, 16.4962 ], [ 77.2996, 16.4887 ], [ 77.2943, 16.4769 ], [ 77.2653, 16.4732 ], [ 77.2479, 16.4776 ], [ 77.24, 16.4766 ], [ 77.2381, 16.4736 ], [ 77.2658, 16.4491 ], [ 77.2718, 16.433 ], [ 77.2903, 16.4128 ], [ 77.2797, 16.4063 ], [ 77.2653, 16.4059 ], [ 77.2499, 16.4157 ], [ 77.2194, 16.4243 ], [ 77.1738, 16.4302 ], [ 77.1608, 16.442 ], [ 77.1586, 16.4659 ], [ 77.1531, 16.4748 ], [ 77.106, 16.487 ], [ 77.0715, 16.5062 ], [ 77.0594, 16.5186 ], [ 77.0435, 16.5193 ], [ 77.0237, 16.5034 ], [ 77.0101, 16.5031 ], [ 77.0037, 16.5135 ], [ 77.0082, 16.5366 ], [ 77.0071, 16.5483 ], [ 76.9903, 16.5616 ], [ 76.9773, 16.5611 ], [ 76.9694, 16.5559 ], [ 76.9653, 16.5444 ], [ 76.9747, 16.5243 ], [ 76.9751, 16.5155 ], [ 76.9717, 16.5083 ], [ 76.9593, 16.502 ], [ 76.9064, 16.4873 ], [ 76.8848, 16.4924 ], [ 76.8726, 16.4904 ], [ 76.8645, 16.4828 ], [ 76.8633, 16.4539 ], [ 76.8444, 16.4321 ], [ 76.8251, 16.4245 ], [ 76.7878, 16.4195 ], [ 76.7803, 16.4199 ], [ 76.7674, 16.4264 ], [ 76.7551, 16.4253 ], [ 76.7489, 16.4124 ], [ 76.7457, 16.4136 ], [ 76.7358, 16.4055 ], [ 76.7078, 16.3944 ], [ 76.7098, 16.3901 ], [ 76.6588, 16.3696 ], [ 76.6461, 16.3559 ], [ 76.6328, 16.3539 ], [ 76.613, 16.3421 ], [ 76.5902, 16.3398 ], [ 76.5805, 16.331 ], [ 76.5666, 16.3297 ], [ 76.5362, 16.3088 ], [ 76.4988, 16.3017 ], [ 76.5, 16.2991 ], [ 76.4769, 16.2908 ], [ 76.4635, 16.2811 ], [ 76.4638, 16.2781 ], [ 76.4536, 16.2732 ], [ 76.4499, 16.2759 ], [ 76.4323, 16.2607 ], [ 76.4138, 16.2505 ], [ 76.4149, 16.2416 ], [ 76.3993, 16.2396 ], [ 76.3948, 16.23 ], [ 76.3677, 16.2185 ], [ 76.3621, 16.2073 ], [ 76.336, 16.1928 ], [ 76.3301, 16.1935 ], [ 76.3447, 16.2106 ], [ 76.3526, 16.2346 ], [ 76.3453, 16.2496 ], [ 76.3485, 16.2595 ], [ 76.3479, 16.2776 ], [ 76.3206, 16.2825 ], [ 76.3184, 16.287 ], [ 76.2997, 16.2833 ], [ 76.2986, 16.2991 ], [ 76.3028, 16.3189 ], [ 76.2952, 16.3204 ], [ 76.2919, 16.335 ], [ 76.3037, 16.341 ], [ 76.306, 16.346 ], [ 76.3142, 16.3459 ], [ 76.3137, 16.3553 ], [ 76.3047, 16.3806 ], [ 76.3096, 16.3972 ], [ 76.317, 16.3945 ], [ 76.3202, 16.3977 ], [ 76.332, 16.3969 ], [ 76.3361, 16.4022 ], [ 76.3366, 16.4068 ], [ 76.3305, 16.4097 ], [ 76.3334, 16.4167 ], [ 76.332, 16.4272 ], [ 76.3503, 16.427 ], [ 76.3583, 16.4224 ], [ 76.3848, 16.4257 ], [ 76.3901, 16.4378 ], [ 76.4041, 16.4327 ], [ 76.435, 16.4358 ], [ 76.4298, 16.4984 ], [ 76.4341, 16.5187 ], [ 76.4227, 16.5508 ], [ 76.4232, 16.5735 ], [ 76.4162, 16.59 ], [ 76.4133, 16.5898 ], [ 76.4161, 16.6026 ], [ 76.4043, 16.6274 ], [ 76.4028, 16.64 ], [ 76.4062, 16.6554 ], [ 76.4203, 16.6723 ], [ 76.4267, 16.687 ], [ 76.4255, 16.6959 ], [ 76.4304, 16.6964 ], [ 76.4315, 16.701 ], [ 76.4376, 16.703 ], [ 76.4408, 16.7094 ], [ 76.4527, 16.7145 ], [ 76.459, 16.7088 ], [ 76.4785, 16.7112 ], [ 76.5031, 16.7231 ], [ 76.5024, 16.7385 ], [ 76.5156, 16.7506 ], [ 76.5474, 16.7474 ], [ 76.5537, 16.753 ], [ 76.5703, 16.7525 ], [ 76.5713, 16.7561 ], [ 76.5812, 16.7586 ], [ 76.5813, 16.7657 ], [ 76.6238, 16.7652 ], [ 76.6227, 16.7422 ], [ 76.6352, 16.7451 ], [ 76.6353, 16.7349 ], [ 76.6593, 16.7256 ], [ 76.6546, 16.7378 ], [ 76.6532, 16.7558 ], [ 76.661, 16.7672 ], [ 76.6758, 16.7655 ], [ 76.6795, 16.7848 ], [ 76.6975, 16.7858 ], [ 76.699, 16.7902 ], [ 76.7022, 16.7883 ], [ 76.7092, 16.7926 ], [ 76.709, 16.7805 ], [ 76.719, 16.7779 ], [ 76.7242, 16.7854 ], [ 76.7365, 16.7763 ], [ 76.7454, 16.7781 ], [ 76.7449, 16.8162 ], [ 76.7567, 16.8158 ], [ 76.754, 16.822 ], [ 76.7583, 16.8314 ], [ 76.7535, 16.8381 ], [ 76.759, 16.8453 ], [ 76.7891, 16.8375 ], [ 76.7913, 16.8501 ], [ 76.8021, 16.8492 ], [ 76.8113, 16.8557 ], [ 76.8169, 16.874 ], [ 76.8288, 16.873 ], [ 76.8281, 16.8703 ], [ 76.835, 16.8675 ], [ 76.8435, 16.8672 ], [ 76.8543, 16.8779 ], [ 76.8567, 16.8921 ], [ 76.8707, 16.8931 ], [ 76.8705, 16.8965 ], [ 76.9024, 16.8934 ], [ 76.902, 16.8786 ], [ 76.9213, 16.87 ], [ 76.9157, 16.8617 ], [ 76.9044, 16.8576 ], [ 76.9021, 16.8533 ], [ 76.9035, 16.8332 ], [ 76.9095, 16.818 ], [ 76.9193, 16.8182 ], [ 76.9242, 16.8297 ], [ 76.9286, 16.8319 ], [ 76.9491, 16.8293 ], [ 76.9803, 16.8092 ], [ 76.9905, 16.8119 ], [ 76.9953, 16.8375 ], [ 76.9833, 16.8398 ], [ 76.9796, 16.8596 ], [ 77.0075, 16.8578 ], [ 77.0207, 16.8685 ], [ 77.0431, 16.8701 ], [ 77.0416, 16.8827 ], [ 77.0333, 16.8847 ], [ 77.0333, 16.8931 ], [ 77.0176, 16.899 ], [ 77.0199, 16.9275 ], [ 77.0412, 16.923 ], [ 77.0457, 16.9323 ], [ 77.0649, 16.9514 ], [ 77.0639, 16.9538 ], [ 77.0706, 16.9533 ] ], [ [ 76.7288, 16.7716 ], [ 76.7238, 16.7526 ], [ 76.7388, 16.7517 ], [ 76.7402, 16.7699 ], [ 76.7288, 16.7716 ] ] ] } }
]
}
