{
"type": "FeatureCollection",
"name": "hoblis",
"crs": { "type": "name", "properties": { "name": "urn:ogc:def:crs:OGC:1.3:CRS84" } },
"xy_coordinate_resolution": 0.0001,
"features": [
{ "type": "Feature", "properties": { "area_id": "KGIS-H-010101", "name_en": "Chikkodi", "name_kn": "", "level": "panchayat", "parent_id": "KGIS-T-0101", "district_en": "Belagavi", "lgd_code": null }, "geometry": { "type": "Polygon", "coordinates": [ [ [ 74.6583, 16.6054 ], [ 74.6864, 16.6075 ], [ 74.6921, 16.5942 ], [ 74.7256, 16.5987 ], [ 74.7256, 16.6083 ], [ 74.771, 16.6058 ], [ 74.7771, 16.5716 ], [ 74.7481, 16.5683 ], [ 74.7269, 16.5807 ], [ 74.6793, 16.5457 ], [ 74.6855, 16.5213 ], [ 74.6725, 16.4561 ], [ 74.6977, 16.4424 ], [ 74.6937, 16.4158 ], [ 74.6626, 16.4031 ], [ 74.6422, 16.4287 ], [ 74.617, 16.4351 ], [ 74.6038, 16.4316 ], [ 74.6021, 16.4206 ], [ 74.6078, 16.421 ], [ 74.6011, 16.4159 ], [ 74.6115, 16.3893 ], [ 74.568, 16.404 ], [ 74.5527, 16.4054 ], [ 74.5539, 16.397 ], [ 74.5386, 16.4025 ], [ 74.5422, 16.3876 ], [ 74.5006, 16.3901 ], [ 74.5082, 16.3827 ], [ 74.5037, 16.379 ], [ 74.5216, 16.3803 ], [ 74.516, 16.375 ], [ 74.5257, 16.3684 ], [ 74.5182, 16.3636 ], [ 74.483, 16.3695 ], [ 74.4848, 16.3589 ], [ 74.4784, 16.3629 ], [ 74.4757, 16.3519 ], [ 74.4652, 16.3554 ], [ 74.4639, 16.3674 ], [ 74.4558, 16.3427 ], [ 74.4386, 16.3492 ], [ 74.4326, 16.3634 ], [ 74.4186, 16.3475 ], [ 74.4143, 16.3891 ], [ 74.4018, 16.4194 ], [ 74.4029, 16.4285 ], [ 74.4174, 16.4334 ], [ 74.42, 16.4555 ], [ 74.4362, 16.4572 ], [ 74.4347, 16.4667 ], [ 74.4502, 16.4732 ], [ 74.4955, 16.4743 ], [ 74.5013, 16.4925 ], [ 74.5312, 16.4776 ], [ 74.5387, 16.4535 ], [ 74.5488, 16.4508 ], [ 74.5674, 16.4739 ], [ 74.5703, 16.4908 ], [ 74.6112, 16.4892 ], [ 74.6154, 16.5101 ], [ 74.648, 16.5219 ], [ 74.6472, 16.5477 ], [ 74.6749, 16.5626 ], [ 74.6443, 16.5751 ], [ 74.6314, 16.5919 ], [ 74.6401, 16.6125 ], [ 74.6583, 16.6054 ] ] ] } },
{ "type": "Feature", "properties": { "area_id": "KGIS-H-010102", "name_en": "Sadalaga", "name_kn": "", "level": "panchayat", "parent_id": "KGIS-T-0101", "district_en": "Belagavi", "lgd_code": null }, "geometry": { "type": "Polygon", "coordinates": [ [ [ 74.5345, 16.5981 ], [ 74.5591, 16.5951 ], [ 74.5665, 16.5863 ], [ 74.5551, 16.5647 ], [ 74.5676, 16.5555 ], [ 74.6001, 16.5647 ], [ 74.6193, 16.5843 ], [ 74.6288, 16.5781 ], [ 74.6356, 16.5838 ], [ 74.6749, 16.5626 ], [ 74.6472, 16.5477 ], [ 74.648, 16.5219 ], [ 74.6154, 16.5101 ], [ 74.6112, 16.4892 ], [ 74.5703, 16.4908 ], [ 74.5674, 16.4739 ], [ 74.5488, 16.4508 ], [ 74.5387, 16.4535 ], [ 74.5293, 16.4793 ], [ 74.4751, 16.5086 ], [ 74.4993, 16.5199 ], [ 74.4889, 16.559 ], [ 74.4991, 16.5574 ], [ 74.5015, 16.5813 ], [ 74.5249, 16.5773 ], [ 74.5218, 16.5878 ], [ 74.5345, 16.5981 ] ] ] } },
{ "type": "Feature", "properties": { "area_id": "KGIS-H-010104", "name_en": "Nagaramunnoli", "name_kn": "", "level": "panchayat", "parent_id": "KGIS-T-0101", "district_en": "Belagavi", "lgd_code": null }, "geometry": { "type": "Polygon", "coordinates": [ [ [ 74.6038, 16.4316 ], [ 74.6422, 16.4287 ], [ 74.6626, 16.4031 ], [ 74.7001, 16.4161 ], [ 74.7011, 16.3907 ], [ 74.7236, 16.4009 ], [ 74.7288, 16.3811 ], [ 74.7476, 16.3794 ], [ 74.7629, 16.4005 ], [ 74.7729, 16.3954 ], [ 74.7772, 16.3632 ], [ 74.7691, 16.3308 ], [ 74.7997, 16.3393 ], [ 74.8032, 16.3208 ], [ 74.7868, 16.3155 ], [ 74.7752, 16.2922 ], [ 74.7537, 16.284 ], [ 74.7537, 16.2914 ], [ 74.7334, 16.2965 ], [ 74.7341, 16.3064 ], [ 74.7188, 16.3152 ], [ 74.6555, 16.3199 ], [ 74.6437, 16.3159 ], [ 74.6455, 16.3029 ], [ 74.6219, 16.3115 ], [ 74.6227, 16.345 ], [ 74.6026, 16.3528 ], [ 74.5894, 16.3461 ], [ 74.5931, 16.3242 ], [ 74.5844, 16.31 ], [ 74.5519, 16.3233 ], [ 74.5407, 16.3392 ], [ 74.5005, 16.3371 ], [ 74.4986, 16.3168 ], [ 74.4893, 16.3146 ], [ 74.4717, 16.3382 ], [ 74.4735, 16.3563 ], [ 74.4792, 16.3633 ], [ 74.4848, 16.3589 ], [ 74.483, 16.3695 ], [ 74.5257, 16.3684 ], [ 74.516, 16.375 ], [ 74.5216, 16.3803 ], [ 74.5037, 16.379 ], [ 74.5082, 16.3827 ], [ 74.5006, 16.3901 ], [ 74.5422, 16.3876 ], [ 74.5386, 16.4025 ], [ 74.5539, 16.397 ], [ 74.5538, 16.4057 ], [ 74.6115, 16.3893 ], [ 74.6011, 16.4159 ], [ 74.6016, 16.4181 ], [ 74.6073, 16.4198 ], [ 74.6078, 16.421 ], [ 74.6021, 16.4206 ], [ 74.6038, 16.4316 ] ] ] } },
{ "type": "Feature", "properties": { "area_id": "KGIS-H-010202", "name_en": "Anantapura", "name_kn": "", "level": "panchayat", "parent_id": "KGIS-T-0102", "district_en": "Belagavi", "lgd_code": null }, "geometry": { "type": "Polygon", "coordinates": [ [ [ 74.992, 16.9523 ], [ 75.0269, 16.9449 ], [ 75.0251, 16.9393 ], [ 75.0258, 16.9287 ], [ 75.0452, 16.9423 ], [ 75.0901, 16.952 ], [ 75.0961, 16.9139 ], [ 75.1175, 16.9135 ], [ 75.12, 16.9024 ], [ 75.135, 16.8947 ], [ 75.1363, 16.8744 ], [ 75.1648, 16.867 ], [ 75.1888, 16.875 ], [ 75.1728, 16.822 ], [ 75.176, 16.7886 ], [ 75.1644, 16.7778 ], [ 75.1291, 16.7717 ], [ 75.0521, 16.788 ], [ 75.0519, 16.779 ], [ 74.978, 16.7795 ], [ 74.9768, 16.7582 ], [ 74.9603, 16.7508 ], [ 74.9268, 16.7556 ], [ 74.9103, 16.7898 ], [ 74.9099, 16.8364 ], [ 74.9014, 16.8626 ], [ 74.926, 16.864 ], [ 74.9254, 16.8722 ], [ 74.9352, 16.871 ], [ 74.9445, 16.8825 ], [ 74.9603, 16.881 ], [ 74.9637, 16.9108 ], [ 74.9545, 16.9051 ], [ 74.9327, 16.9186 ], [ 74.9214, 16.9297 ], [ 74.9232, 16.9396 ], [ 74.9338, 16.9456 ], [ 74.964, 16.9283 ], [ 74.9589, 16.9373 ], [ 74.967, 16.9412 ], [ 74.9641, 16.9475 ], [ 74.992, 16.9523 ] ] ] } },
{ "type": "Feature", "properties": { "area_id": "KGIS-H-010203", "name_en": "Telasanga", "name_kn": "", "level": "panchayat", "parent_id": "KGIS-T-0102", "district_en": "Belagavi", "lgd_code": null }, "geometry": { "type": "Polygon", "coordinates": [ [ [ 75.2795, 16.9569 ], [ 75.3416, 16.9562 ], [ 75.3358, 16.8689 ], [ 75.395, 16.863 ], [ 75.3789, 16.8232 ], [ 75.386, 16.7635 ], [ 75.3665, 16.7598 ], [ 75.3649, 16.7174 ], [ 75.2892, 16.715 ], [ 75.265, 16.6928 ], [ 75.2679, 16.6394 ], [ 75.2555, 16.6186 ], [ 75.2599, 16.6074 ], [ 75.2523, 16.6047 ], [ 75.2244, 16.6156 ], [ 75.1851, 16.6043 ], [ 75.1821, 16.6241 ], [ 75.1679, 16.6341 ], [ 75.0789, 16.6436 ], [ 75.0844, 16.6815 ], [ 75.0996, 16.6816 ], [ 75.1062, 16.6947 ], [ 75.1222, 16.7013 ], [ 75.1291, 16.7717 ], [ 75.1644, 16.7778 ], [ 75.1788, 16.793 ], [ 75.1727, 16.8217 ], [ 75.1819, 16.8435 ], [ 75.228, 16.8434 ], [ 75.2377, 16.8677 ], [ 75.2655, 16.8631 ], [ 75.2825, 16.881 ], [ 75.2898, 16.9047 ], [ 75.28, 16.9237 ], [ 75.2795, 16.9569 ] ] ] } },
{ "type": "Feature", "properties": { "area_id": "KGIS-H-010204", "name_en": "Athani", "name_kn": "", "level": "panchayat", "parent_id": "KGIS-T-0102", "district_en": "Belagavi", "lgd_code": null }, "geometry": { "type": "Polygon", "coordinates": [ [ [ 75.0521, 16.788 ], [ 75.1227, 16.7747 ], [ 75.1314, 16.7583 ], [ 75.1222, 16.7013 ], [ 75.1062, 16.6947 ], [ 75.0996, 16.6816 ], [ 75.0844, 16.6815 ], [ 75.0789, 16.6436 ], [ 75.1679, 16.6341 ], [ 75.1821, 16.6241 ], [ 75.185, 16.6096 ], [ 75.1591, 16.5873 ], [ 75.1671, 16.545 ], [ 75.1628, 16.5333 ], [ 75.132, 16.5214 ], [ 75.1155, 16.5052 ], [ 75.1044, 16.5109 ], [ 75.0863, 16.5542 ], [ 75.0716, 16.5667 ], [ 75.0673, 16.5391 ], [ 75.0073, 16.5382 ], [ 74.9947, 16.5747 ], [ 74.9649, 16.5852 ], [ 74.9583, 16.6078 ], [ 74.9408, 16.6183 ], [ 74.9639, 16.66 ], [ 74.9685, 16.7281 ], [ 74.96, 16.7531 ], [ 74.9768, 16.7582 ], [ 74.978, 16.7795 ], [ 75.0519, 16.779 ], [ 75.0521, 16.788 ] ] ] } },
{ "type": "Feature", "properties": { "area_id": "KGIS-H-010301", "name_en": "Rayabaga", "name_kn": "", "level": "panchayat", "parent_id": "KGIS-T-0103", "district_en": "Belagavi", "lgd_code": null }, "geometry": { "type": "Polygon", "coordinates": [ [ [ 74.8563, 16.5813 ], [ 74.8663, 16.5684 ], [ 74.8596, 16.5504 ], [ 74.8365, 16.5348 ], [ 74.8096, 16.5461 ], [ 74.805, 16.5068 ], [ 74.8205, 16.5011 ], [ 74.8343, 16.5096 ], [ 74.8285, 16.4628 ], [ 74.8544, 16.4668 ], [ 74.8702, 16.4464 ], [ 74.8678, 16.4226 ], [ 74.8453, 16.4113 ], [ 74.8438, 16.4007 ], [ 74.8284, 16.4101 ], [ 74.8142, 16.4077 ], [ 74.8186, 16.3861 ], [ 74.8374, 16.356 ], [ 74.863, 16.3564 ], [ 74.8608, 16.3642 ], [ 74.9161, 16.3815 ], [ 74.9281, 16.362 ], [ 74.9264, 16.3497 ], [ 74.9144, 16.3498 ], [ 74.9123, 16.3209 ], [ 74.8826, 16.3281 ], [ 74.8423, 16.3142 ], [ 74.8012, 16.3286 ], [ 74.7997, 16.3393 ], [ 74.7691, 16.3308 ], [ 74.7772, 16.3632 ], [ 74.7729, 16.3954 ], [ 74.7629, 16.4005 ], [ 74.741, 16.3787 ], [ 74.7288, 16.3811 ], [ 74.7236, 16.4009 ], [ 74.7011, 16.3907 ], [ 74.704, 16.4062 ], [ 74.6937, 16.4158 ], [ 74.6977, 16.4424 ], [ 74.6725, 16.4561 ], [ 74.6855, 16.5213 ], [ 74.6793, 16.5457 ], [ 74.715, 16.5751 ], [ 74.7329, 16.5812 ], [ 74.7458, 16.5691 ], [ 74.7633, 16.5684 ], [ 74.7937, 16.5771 ], [ 74.8058, 16.5943 ], [ 74.8563, 16.5813 ] ] ] } },
{ "type": "Feature", "properties": { "area_id": "KGIS-H-010302", "name_en": "Kudachi", "name_kn": "", "level": "panchayat", "parent_id": "KGIS-T-0103", "district_en": "Belagavi", "lgd_code": null }, "geometry": { "type": "MultiPolygon", "coordinates": [ [ [ [ 75.039, 16.453 ], [ 75.0412, 16.439 ], [ 75.0374, 16.4393 ], [ 75.039, 16.453 ] ] ], [ [ [ 74.8813, 16.6568 ], [ 74.9051, 16.6462 ], [ 74.9236, 16.6135 ], [ 74.9512, 16.6137 ], [ 74.9622, 16.5874 ], [ 74.9947, 16.5747 ], [ 75.0087, 16.5428 ], [ 74.9883, 16.5004 ], [ 74.9885, 16.4533 ], [ 75.0157, 16.4586 ], [ 75.0175, 16.4394 ], [ 75.0282, 16.433 ], [ 75.0774, 16.4376 ], [ 75.0717, 16.404 ], [ 75.039, 16.3975 ], [ 75.0335, 16.3674 ], [ 75.0219, 16.3676 ], [ 75.0233, 16.3757 ], [ 75.006, 16.3848 ], [ 74.9929, 16.3837 ], [ 74.9841, 16.3954 ], [ 74.9607, 16.3939 ], [ 74.9592, 16.3798 ], [ 74.9394, 16.368 ], [ 74.9283, 16.3662 ], [ 74.9161, 16.3815 ], [ 74.8608, 16.3642 ], [ 74.863, 16.3564 ], [ 74.8432, 16.3553 ], [ 74.8264, 16.3692 ], [ 74.8127, 16.4054 ], [ 74.8284, 16.4101 ], [ 74.8438, 16.4007 ], [ 74.8453, 16.4113 ], [ 74.8677, 16.4223 ], [ 74.8702, 16.4464 ], [ 74.8544, 16.4668 ], [ 74.8285, 16.4628 ], [ 74.8343, 16.5096 ], [ 74.8205, 16.5011 ], [ 74.8052, 16.5059 ], [ 74.8086, 16.5442 ], [ 74.8384, 16.5353 ], [ 74.8596, 16.5504 ], [ 74.8663, 16.5684 ], [ 74.8606, 16.5816 ], [ 74.8048, 16.5942 ], [ 74.8078, 16.6405 ], [ 74.8434, 16.6347 ], [ 74.8813, 16.6568 ] ], [ [ 75.0313, 16.3954 ], [ 75.0275, 16.3914 ], [ 75.0274, 16.3912 ], [ 75.0313, 16.3954 ] ] ] ] } },
{ "type": "Feature", "properties": { "area_id": "KGIS-H-010401", "name_en": "Gokaka", "name_kn": "", "level": "panchayat", "parent_id": "KGIS-T-0104", "district_en": "Belagavi", "lgd_code": null }, "geometry": { "type": "MultiPolygon", "coordinates": [ [ [ [ 74.8107, 16.197 ], [ 74.8278, 16.1966 ], [ 74.8295, 16.1791 ], [ 74.8523, 16.1821 ], [ 74.8625, 16.1576 ], [ 74.9203, 16.1701 ], [ 74.9227, 16.1527 ], [ 74.9565, 16.1485 ], [ 74.9644, 16.1258 ], [ 74.9775, 16.1198 ], [ 74.9787, 16.0748 ], [ 74.9656, 16.0759 ], [ 74.9607, 16.0497 ], [ 74.9363, 16.0331 ], [ 74.9256, 16.034 ], [ 74.9303, 16.0226 ], [ 74.9088, 16.001 ], [ 74.8764, 16.0053 ], [ 74.8573, 15.9875 ], [ 74.7661, 15.9896 ], [ 74.6973, 15.9553 ], [ 74.695, 15.945 ], [ 74.6768, 15.947 ], [ 74.6759, 15.9915 ], [ 74.6637, 15.999 ], [ 74.6629, 16.0131 ], [ 74.6463, 16.0091 ], [ 74.6434, 16.0205 ], [ 74.6647, 16.0375 ], [ 74.6592, 16.0538 ], [ 74.6764, 16.0612 ], [ 74.668, 16.0775 ], [ 74.6738, 16.0932 ], [ 74.71, 16.0976 ], [ 74.7191, 16.1127 ], [ 74.7354, 16.0885 ], [ 74.7659, 16.0987 ], [ 74.768, 16.1149 ], [ 74.7602, 16.1268 ], [ 74.7459, 16.1223 ], [ 74.7404, 16.1302 ], [ 74.7239, 16.1288 ], [ 74.7083, 16.1519 ], [ 74.7633, 16.1407 ], [ 74.7961, 16.1715 ], [ 74.7909, 16.1854 ], [ 74.7771, 16.1928 ], [ 74.8071, 16.2047 ], [ 74.8107, 16.197 ] ] ], [ [ [ 74.7373, 16.1637 ], [ 74.7507, 16.1614 ], [ 74.7573, 16.1574 ], [ 74.7409, 16.159 ], [ 74.7376, 16.1525 ], [ 74.7373, 16.1637 ] ] ] ] } },
{ "type": "Feature", "properties": { "area_id": "KGIS-H-010402", "name_en": "Arabhanvi", "name_kn": "", "level": "panchayat", "parent_id": "KGIS-T-0104", "district_en": "Belagavi", "lgd_code": null }, "geometry": { "type": "MultiPolygon", "coordinates": [ [ [ [ 74.8889, 16.2477 ], [ 74.9065, 16.212 ], [ 74.8752, 16.2053 ], [ 74.8523, 16.1821 ], [ 74.8426, 16.1846 ], [ 74.832, 16.1795 ], [ 74.8287, 16.1796 ], [ 74.827, 16.1966 ], [ 74.8469, 16.2143 ], [ 74.8449, 16.2348 ], [ 74.8889, 16.2477 ] ] ], [ [ [ 74.8244, 16.3233 ], [ 74.8337, 16.3109 ], [ 74.8172, 16.2922 ], [ 74.8264, 16.2884 ], [ 74.8325, 16.2481 ], [ 74.8178, 16.2526 ], [ 74.7921, 16.2433 ], [ 74.8061, 16.2021 ], [ 74.7771, 16.1928 ], [ 74.7909, 16.1854 ], [ 74.7961, 16.1715 ], [ 74.7633, 16.1407 ], [ 74.7156, 16.1514 ], [ 74.7072, 16.1714 ], [ 74.7219, 16.1685 ], [ 74.7272, 16.1762 ], [ 74.727, 16.2022 ], [ 74.6994, 16.2011 ], [ 74.6874, 16.2232 ], [ 74.6938, 16.2389 ], [ 74.722, 16.2412 ], [ 74.7436, 16.2293 ], [ 74.7497, 16.2435 ], [ 74.7374, 16.2621 ], [ 74.7537, 16.284 ], [ 74.7752, 16.2922 ], [ 74.7816, 16.309 ], [ 74.8032, 16.3208 ], [ 74.8033, 16.3287 ], [ 74.8244, 16.3233 ] ], [ [ 74.7378, 16.1524 ], [ 74.7409, 16.159 ], [ 74.7573, 16.1574 ], [ 74.7404, 16.1658 ], [ 74.7378, 16.1524 ] ] ] ] } },
{ "type": "Feature", "properties": { "area_id": "KGIS-H-010403", "name_en": "Kowjalagi", "name_kn": "", "level": "panchayat", "parent_id": "KGIS-T-0104", "district_en": "Belagavi", "lgd_code": null }, "geometry": { "type": "Polygon", "coordinates": [ [ [ 74.9585, 16.2409 ], [ 74.981, 16.2145 ], [ 75.0133, 16.2036 ], [ 75.0212, 16.2072 ], [ 75.0227, 16.2284 ], [ 75.1179, 16.24 ], [ 75.1237, 16.1772 ], [ 75.0965, 16.167 ], [ 75.0955, 16.146 ], [ 75.0481, 16.1561 ], [ 75.0373, 16.1421 ], [ 75.0367, 16.1246 ], [ 75.0256, 16.1206 ], [ 74.9987, 16.13 ], [ 74.9711, 16.1223 ], [ 74.9565, 16.1485 ], [ 74.9227, 16.1527 ], [ 74.9203, 16.1701 ], [ 74.8625, 16.1576 ], [ 74.8508, 16.1796 ], [ 74.8639, 16.1974 ], [ 74.8979, 16.2105 ], [ 74.9118, 16.2062 ], [ 74.9206, 16.2217 ], [ 74.9585, 16.2409 ] ] ] } },
{ "type": "Feature", "properties": { "area_id": "KGIS-H-010501", "name_en": "Hukkeri", "name_kn": "", "level": "panchayat", "parent_id": "KGIS-T-0105", "district_en": "Belagavi", "lgd_code": null }, "geometry": { "type": "Polygon", "coordinates": [ [ [ 74.6026, 16.3528 ], [ 74.6227, 16.345 ], [ 74.6219, 16.3115 ], [ 74.6455, 16.3029 ], [ 74.6437, 16.3159 ], [ 74.6763, 16.3228 ], [ 74.6927, 16.3146 ], [ 74.7188, 16.3152 ], [ 74.7341, 16.3064 ], [ 74.7334, 16.2965 ], [ 74.7537, 16.2914 ], [ 74.7374, 16.2621 ], [ 74.7489, 16.2467 ], [ 74.745, 16.2306 ], [ 74.7066, 16.2425 ], [ 74.6938, 16.2389 ], [ 74.6875, 16.225 ], [ 74.6992, 16.2106 ], [ 74.7145, 16.1527 ], [ 74.6914, 16.1413 ], [ 74.6923, 16.1131 ], [ 74.679, 16.1116 ], [ 74.6756, 16.1347 ], [ 74.643, 16.1271 ], [ 74.6364, 16.1291 ], [ 74.6359, 16.1431 ], [ 74.6076, 16.1379 ], [ 74.6073, 16.1574 ], [ 74.5993, 16.1623 ], [ 74.5617, 16.1591 ], [ 74.5618, 16.2003 ], [ 74.5831, 16.2093 ], [ 74.5685, 16.2256 ], [ 74.5748, 16.2453 ], [ 74.565, 16.2524 ], [ 74.5608, 16.2719 ], [ 74.5723, 16.2957 ], [ 74.5894, 16.3015 ], [ 74.5838, 16.3128 ], [ 74.5931, 16.3242 ], [ 74.5894, 16.3461 ], [ 74.6026, 16.3528 ] ] ] } },
{ "type": "Feature", "properties": { "area_id": "KGIS-H-010502", "name_en": "Yamakanamardi", "name_kn": "", "level": "panchayat", "parent_id": "KGIS-T-0105", "district_en": "Belagavi", "lgd_code": null }, "geometry": { "type": "Polygon", "coordinates": [ [ [ 74.6009, 16.1615 ], [ 74.6112, 16.1361 ], [ 74.6359, 16.1431 ], [ 74.6364, 16.1291 ], [ 74.6476, 16.1269 ], [ 74.6756, 16.1347 ], [ 74.679, 16.1116 ], [ 74.6923, 16.1131 ], [ 74.6914, 16.1413 ], [ 74.7083, 16.1519 ], [ 74.7239, 16.1288 ], [ 74.7404, 16.1302 ], [ 74.7459, 16.1223 ], [ 74.7602, 16.1268 ], [ 74.768, 16.1149 ], [ 74.7659, 16.0987 ], [ 74.7354, 16.0885 ], [ 74.7191, 16.1127 ], [ 74.71, 16.0976 ], [ 74.6746, 16.094 ], [ 74.668, 16.0775 ], [ 74.6764, 16.0612 ], [ 74.6491, 16.0466 ], [ 74.6422, 16.0129 ], [ 74.5942, 16.0169 ], [ 74.5964, 15.9895 ], [ 74.5877, 15.9656 ], [ 74.5683, 15.9858 ], [ 74.5428, 16.0393 ], [ 74.5139, 16.0516 ], [ 74.517, 16.071 ], [ 74.4888, 16.0468 ], [ 74.473, 16.0572 ], [ 74.4594, 16.0474 ], [ 74.4301, 16.0593 ], [ 74.4155, 16.0549 ], [ 74.4076, 16.064 ], [ 74.4012, 16.0573 ], [ 74.3904, 16.0623 ], [ 74.383, 16.0539 ], [ 74.3601, 16.0533 ], [ 74.3724, 16.0785 ], [ 74.3914, 16.0805 ], [ 74.3898, 16.0896 ], [ 74.4072, 16.0941 ], [ 74.4274, 16.1125 ], [ 74.4847, 16.0912 ], [ 74.4912, 16.1051 ], [ 74.4848, 16.1423 ], [ 74.5708, 16.1623 ], [ 74.6009, 16.1615 ] ] ] } },
{ "type": "Feature", "properties": { "area_id": "KGIS-H-010503", "name_en": "Sankeshvara", "name_kn": "", "level": "panchayat", "parent_id": "KGIS-T-0105", "district_en": "Belagavi", "lgd_code": null }, "geometry": { "type": "Polygon", "coordinates": [ [ [ 74.4655, 16.3552 ], [ 74.4721, 16.3542 ], [ 74.4717, 16.3382 ], [ 74.4893, 16.3146 ], [ 74.4986, 16.3168 ], [ 74.5005, 16.3371 ], [ 74.5407, 16.3392 ], [ 74.5519, 16.3233 ], [ 74.5879, 16.3057 ], [ 74.5723, 16.2957 ], [ 74.5608, 16.2719 ], [ 74.565, 16.2524 ], [ 74.5748, 16.2453 ], [ 74.5685, 16.2256 ], [ 74.5831, 16.2093 ], [ 74.5618, 16.2003 ], [ 74.566, 16.1896 ], [ 74.5575, 16.1758 ], [ 74.5636, 16.1576 ], [ 74.4929, 16.1406 ], [ 74.4798, 16.1452 ], [ 74.4939, 16.1867 ], [ 74.5067, 16.191 ], [ 74.508, 16.2022 ], [ 74.4955, 16.2139 ], [ 74.5021, 16.2251 ], [ 74.4799, 16.25 ], [ 74.4689, 16.2396 ], [ 74.4559, 16.244 ], [ 74.4548, 16.2532 ], [ 74.4176, 16.2581 ], [ 74.4136, 16.2836 ], [ 74.3856, 16.2769 ], [ 74.3833, 16.2919 ], [ 74.375, 16.2958 ], [ 74.3452, 16.2935 ], [ 74.3535, 16.2833 ], [ 74.349, 16.2756 ], [ 74.325, 16.2714 ], [ 74.3211, 16.2843 ], [ 74.3437, 16.296 ], [ 74.3231, 16.3156 ], [ 74.346, 16.3189 ], [ 74.3406, 16.3303 ], [ 74.3499, 16.3309 ], [ 74.3521, 16.3238 ], [ 74.3686, 16.3315 ], [ 74.364, 16.3532 ], [ 74.3704, 16.3598 ], [ 74.3885, 16.3484 ], [ 74.4013, 16.353 ], [ 74.4068, 16.3415 ], [ 74.4326, 16.3634 ], [ 74.4386, 16.3492 ], [ 74.4556, 16.3427 ], [ 74.4597, 16.3431 ], [ 74.4562, 16.3516 ], [ 74.4639, 16.3674 ], [ 74.4655, 16.3552 ] ] ] } },
{ "type": "Feature", "properties": { "area_id": "KGIS-H-010601", "name_en": "Bagevadi", "name_kn": "", "level": "panchayat", "parent_id": "KGIS-T-0106", "district_en": "Belagavi", "lgd_code": null }, "geometry": { "type": "MultiPolygon", "coordinates": [ [ [ [ 74.6353, 15.6854 ], [ 74.6406, 15.6833 ], [ 74.6354, 15.6831 ], [ 74.6353, 15.6854 ] ] ], [ [ [ 74.6602, 15.9748 ], [ 74.6763, 15.9473 ], [ 74.6871, 15.9435 ], [ 74.6842, 15.9345 ], [ 74.6927, 15.9258 ], [ 74.6818, 15.9121 ], [ 74.6923, 15.9055 ], [ 74.6993, 15.8706 ], [ 74.6768, 15.8476 ], [ 74.6591, 15.8503 ], [ 74.6379, 15.8364 ], [ 74.6416, 15.8244 ], [ 74.631, 15.8136 ], [ 74.6323, 15.803 ], [ 74.6672, 15.8034 ], [ 74.669, 15.7575 ], [ 74.6815, 15.746 ], [ 74.6756, 15.7419 ], [ 74.6782, 15.7228 ], [ 74.6373, 15.7069 ], [ 74.631, 15.6933 ], [ 74.595, 15.6966 ], [ 74.584, 15.7086 ], [ 74.5687, 15.7037 ], [ 74.5707, 15.7512 ], [ 74.5613, 15.7627 ], [ 74.5663, 15.7852 ], [ 74.5339, 15.8162 ], [ 74.5538, 15.8392 ], [ 74.5528, 15.8661 ], [ 74.5666, 15.8698 ], [ 74.5759, 15.8831 ], [ 74.6231, 15.8971 ], [ 74.6125, 15.9246 ], [ 74.6227, 15.9347 ], [ 74.6428, 15.9374 ], [ 74.6328, 15.9436 ], [ 74.6368, 15.9596 ], [ 74.6602, 15.9748 ] ] ] ] } },
{ "type": "Feature", "properties": { "area_id": "KGIS-H-010602", "name_en": "Kakati", "name_kn": "", "level": "panchayat", "parent_id": "KGIS-T-0106", "district_en": "Belagavi", "lgd_code": null }, "geometry": { "type": "MultiPolygon", "coordinates": [ [ [ [ 74.5173, 16.0692 ], [ 74.5139, 16.0516 ], [ 74.5428, 16.0393 ], [ 74.5849, 15.9663 ], [ 74.5952, 15.9823 ], [ 74.5942, 16.0169 ], [ 74.6629, 16.0131 ], [ 74.6637, 15.999 ], [ 74.6759, 15.9915 ], [ 74.6724, 15.9634 ], [ 74.6657, 15.9615 ], [ 74.6603, 15.9763 ], [ 74.6435, 15.968 ], [ 74.6328, 15.9445 ], [ 74.6428, 15.9374 ], [ 74.6227, 15.9347 ], [ 74.6125, 15.9246 ], [ 74.6231, 15.8971 ], [ 74.5703, 15.8805 ], [ 74.5652, 15.8692 ], [ 74.5382, 15.8818 ], [ 74.5399, 15.9013 ], [ 74.5238, 15.8997 ], [ 74.5206, 15.9107 ], [ 74.4979, 15.9145 ], [ 74.4996, 15.8992 ], [ 74.4815, 15.8961 ], [ 74.4756, 15.9256 ], [ 74.4495, 15.924 ], [ 74.4443, 15.9499 ], [ 74.431, 15.9576 ], [ 74.4623, 16.0501 ], [ 74.473, 16.0572 ], [ 74.4888, 16.0468 ], [ 74.5173, 16.0692 ] ] ], [ [ [ 74.6587, 16.0517 ], [ 74.6647, 16.0375 ], [ 74.6434, 16.0204 ], [ 74.6443, 16.0395 ], [ 74.6587, 16.0517 ] ] ] ] } },
{ "type": "Feature", "properties": { "area_id": "KGIS-H-010603", "name_en": "Uchaganva", "name_kn": "", "level": "panchayat", "parent_id": "KGIS-T-0106", "district_en": "Belagavi", "lgd_code": null }, "geometry": { "type": "MultiPolygon", "coordinates": [ [ [ [ 74.5616, 15.7636 ], [ 74.5713, 15.7458 ], [ 74.5659, 15.7318 ], [ 74.5683, 15.7179 ], [ 74.5656, 15.7084 ], [ 74.5409, 15.7158 ], [ 74.5291, 15.7333 ], [ 74.5321, 15.7584 ], [ 74.5616, 15.7636 ] ] ], [ [ [ 74.2926, 15.8322 ], [ 74.3141, 15.7965 ], [ 74.3025, 15.7875 ], [ 74.2939, 15.7959 ], [ 74.2895, 15.7871 ], [ 74.2665, 15.7975 ], [ 74.2629, 15.8294 ], [ 74.2926, 15.8322 ] ] ], [ [ [ 74.4392, 15.9551 ], [ 74.4478, 15.9253 ], [ 74.4756, 15.9256 ], [ 74.4815, 15.8961 ], [ 74.4996, 15.8992 ], [ 74.497, 15.9134 ], [ 74.5025, 15.9149 ], [ 74.5206, 15.9107 ], [ 74.5268, 15.8985 ], [ 74.5132, 15.8829 ], [ 74.4883, 15.8774 ], [ 74.4733, 15.8257 ], [ 74.4476, 15.8056 ], [ 74.4557, 15.7981 ], [ 74.457, 15.7727 ], [ 74.4866, 15.7668 ], [ 74.4856, 15.746 ], [ 74.4995, 15.749 ], [ 74.4964, 15.7667 ], [ 74.5036, 15.7707 ], [ 74.5158, 15.7717 ], [ 74.5312, 15.7582 ], [ 74.5271, 15.7327 ], [ 74.5187, 15.7323 ], [ 74.5117, 15.7174 ], [ 74.4717, 15.7235 ], [ 74.462, 15.7148 ], [ 74.4417, 15.746 ], [ 74.4256, 15.7403 ], [ 74.405, 15.7455 ], [ 74.3746, 15.7666 ], [ 74.3624, 15.7659 ], [ 74.3438, 15.7437 ], [ 74.3332, 15.7429 ], [ 74.3405, 15.7647 ], [ 74.3682, 15.7858 ], [ 74.37, 15.8119 ], [ 74.3602, 15.8176 ], [ 74.384, 15.8405 ], [ 74.3832, 15.8494 ], [ 74.3379, 15.8549 ], [ 74.3632, 15.8751 ], [ 74.3645, 15.8936 ], [ 74.3687, 15.8939 ], [ 74.3877, 15.8541 ], [ 74.4061, 15.8551 ], [ 74.3928, 15.8785 ], [ 74.394, 15.9 ], [ 74.3846, 15.9034 ], [ 74.4307, 15.9576 ], [ 74.4392, 15.9551 ] ] ], [ [ [ 74.4118, 16.0563 ], [ 74.393, 16.0405 ], [ 74.3707, 16.0386 ], [ 74.3896, 16.0621 ], [ 74.3997, 16.057 ], [ 74.4076, 16.064 ], [ 74.4118, 16.0563 ] ] ] ] } },
{ "type": "Feature", "properties": { "area_id": "KGIS-H-010604", "name_en": "Belagavi", "name_kn": "", "level": "panchayat", "parent_id": "KGIS-T-0106", "district_en": "Belagavi", "lgd_code": null }, "geometry": { "type": "Polygon", "coordinates": [ [ [ 74.5399, 15.8988 ], [ 74.5382, 15.8818 ], [ 74.5574, 15.8689 ], [ 74.5506, 15.856 ], [ 74.5538, 15.8392 ], [ 74.5339, 15.8147 ], [ 74.5641, 15.7893 ], [ 74.5684, 15.7772 ], [ 74.5615, 15.7637 ], [ 74.5321, 15.7584 ], [ 74.5301, 15.7346 ], [ 74.5265, 15.7327 ], [ 74.5312, 15.7582 ], [ 74.5158, 15.7717 ], [ 74.5036, 15.7707 ], [ 74.4964, 15.7667 ], [ 74.4995, 15.749 ], [ 74.4856, 15.746 ], [ 74.4866, 15.7668 ], [ 74.457, 15.7727 ], [ 74.4557, 15.7981 ], [ 74.4476, 15.8056 ], [ 74.4733, 15.8257 ], [ 74.4883, 15.8774 ], [ 74.5132, 15.8829 ], [ 74.5237, 15.8978 ], [ 74.5399, 15.8988 ] ] ] } },
{ "type": "Feature", "properties": { "area_id": "KGIS-H-010701", "name_en": "Khanapura", "name_kn": "", "level": "panchayat", "parent_id": "KGIS-T-0107", "district_en": "Belagavi", "lgd_code": null }, "geometry": { "type": "Polygon", "coordinates": [ [ [ 74.5868, 15.7043 ], [ 74.595, 15.6966 ], [ 74.6284, 15.693 ], [ 74.6373, 15.7069 ], [ 74.6502, 15.7084 ], [ 74.6572, 15.6951 ], [ 74.669, 15.6918 ], [ 74.6697, 15.671 ], [ 74.6792, 15.6816 ], [ 74.6846, 15.6817 ], [ 74.6912, 15.6544 ], [ 74.7229, 15.6477 ], [ 74.7173, 15.6267 ], [ 74.7047, 15.6312 ], [ 74.7087, 15.5986 ], [ 74.6887, 15.6027 ], [ 74.685, 15.5974 ], [ 74.6834, 15.6084 ], [ 74.6686, 15.6093 ], [ 74.6741, 15.5748 ], [ 74.659, 15.5832 ], [ 74.6585, 15.5742 ], [ 74.6434, 15.5718 ], [ 74.6294, 15.5816 ], [ 74.6181, 15.5799 ], [ 74.6188, 15.567 ], [ 74.6077, 15.5665 ], [ 74.6084, 15.5563 ], [ 74.5243, 15.5543 ], [ 74.5322, 15.5695 ], [ 74.5175, 15.6197 ], [ 74.4981, 15.6253 ], [ 74.4911, 15.6161 ], [ 74.4632, 15.6161 ], [ 74.4549, 15.6217 ], [ 74.4548, 15.6357 ], [ 74.4696, 15.6483 ], [ 74.4974, 15.6392 ], [ 74.4995, 15.6769 ], [ 74.5139, 15.6743 ], [ 74.5249, 15.6824 ], [ 74.5257, 15.7007 ], [ 74.5362, 15.7006 ], [ 74.5382, 15.6975 ], [ 74.5388, 15.6918 ], [ 74.5401, 15.6903 ], [ 74.5574, 15.7048 ], [ 74.5868, 15.7043 ] ], [ [ 74.6672, 15.6197 ], [ 74.6524, 15.6133 ], [ 74.6683, 15.6093 ], [ 74.6672, 15.6197 ] ], [ [ 74.6386, 15.6852 ], [ 74.6354, 15.6831 ], [ 74.6406, 15.6833 ], [ 74.6386, 15.6852 ] ] ] } },
{ "type": "Feature", "properties": { "area_id": "KGIS-H-010702", "name_en": "Beedi", "name_kn": "", "level": "panchayat", "parent_id": "KGIS-T-0107", "district_en": "Belagavi", "lgd_code": null }, "geometry": { "type": "MultiPolygon", "coordinates": [ [ [ [ 74.6687, 15.6093 ], [ 74.6833, 15.6084 ], [ 74.6845, 15.5976 ], [ 74.6904, 15.6027 ], [ 74.7147, 15.5884 ], [ 74.7055, 15.5693 ], [ 74.7336, 15.5583 ], [ 74.7316, 15.5133 ], [ 74.7427, 15.4939 ], [ 74.7267, 15.4861 ], [ 74.7321, 15.4693 ], [ 74.7439, 15.4631 ], [ 74.7294, 15.4308 ], [ 74.7411, 15.411 ], [ 74.6986, 15.4098 ], [ 74.6889, 15.3987 ], [ 74.649, 15.3905 ], [ 74.6522, 15.402 ], [ 74.636, 15.426 ], [ 74.6272, 15.4639 ], [ 74.5983, 15.4705 ], [ 74.5961, 15.5064 ], [ 74.5654, 15.5208 ], [ 74.5544, 15.5406 ], [ 74.5576, 15.5517 ], [ 74.5713, 15.558 ], [ 74.6084, 15.5563 ], [ 74.6077, 15.5665 ], [ 74.6188, 15.567 ], [ 74.6181, 15.5799 ], [ 74.6319, 15.5817 ], [ 74.6434, 15.5718 ], [ 74.6584, 15.5741 ], [ 74.6633, 15.5832 ], [ 74.6746, 15.575 ], [ 74.6687, 15.6093 ] ] ], [ [ [ 74.6631, 15.6194 ], [ 74.6693, 15.6109 ], [ 74.6589, 15.607 ], [ 74.6508, 15.6168 ], [ 74.6631, 15.6194 ] ] ], [ [ [ 74.6789, 15.6818 ], [ 74.6781, 15.6734 ], [ 74.6697, 15.671 ], [ 74.6668, 15.6788 ], [ 74.6789, 15.6818 ] ] ] ] } },
{ "type": "Feature", "properties": { "area_id": "KGIS-H-010703", "name_en": "Gunji", "name_kn": "", "level": "panchayat", "parent_id": "KGIS-T-0107", "district_en": "Belagavi", "lgd_code": null }, "geometry": { "type": "Polygon", "coordinates": [ [ [ 74.3393, 15.6298 ], [ 74.3672, 15.6189 ], [ 74.3749, 15.6243 ], [ 74.408, 15.6085 ], [ 74.4177, 15.6259 ], [ 74.4312, 15.6132 ], [ 74.4551, 15.6218 ], [ 74.4911, 15.6161 ], [ 74.4981, 15.6253 ], [ 74.5175, 15.6197 ], [ 74.5322, 15.5695 ], [ 74.5243, 15.5543 ], [ 74.5552, 15.556 ], [ 74.562, 15.5246 ], [ 74.5961, 15.5064 ], [ 74.5983, 15.4705 ], [ 74.6272, 15.4639 ], [ 74.636, 15.426 ], [ 74.6522, 15.402 ], [ 74.6353, 15.3684 ], [ 74.6138, 15.3593 ], [ 74.5676, 15.4034 ], [ 74.5342, 15.4186 ], [ 74.5099, 15.4029 ], [ 74.5096, 15.4276 ], [ 74.4913, 15.4354 ], [ 74.4918, 15.4438 ], [ 74.4817, 15.4303 ], [ 74.4629, 15.4331 ], [ 74.4604, 15.4206 ], [ 74.4457, 15.4196 ], [ 74.452, 15.408 ], [ 74.4322, 15.3971 ], [ 74.4228, 15.4219 ], [ 74.4221, 15.4635 ], [ 74.4131, 15.4734 ], [ 74.3864, 15.4836 ], [ 74.3736, 15.4796 ], [ 74.3417, 15.5182 ], [ 74.2785, 15.5215 ], [ 74.2777, 15.546 ], [ 74.2636, 15.5625 ], [ 74.2865, 15.5749 ], [ 74.3081, 15.562 ], [ 74.2979, 15.6079 ], [ 74.3268, 15.6146 ], [ 74.3393, 15.6298 ] ] ] } },
{ "type": "Feature", "properties": { "area_id": "KGIS-H-010704", "name_en": "Jamboti", "name_kn": "", "level": "panchayat", "parent_id": "KGIS-T-0107", "district_en": "Belagavi", "lgd_code": null }, "geometry": { "type": "Polygon", "coordinates": [ [ [ 74.2315, 15.7875 ], [ 74.228, 15.7562 ], [ 74.2412, 15.7431 ], [ 74.2688, 15.7545 ], [ 74.2853, 15.741 ], [ 74.2949, 15.7437 ], [ 74.3181, 15.7575 ], [ 74.3239, 15.7724 ], [ 74.3406, 15.7644 ], [ 74.3332, 15.7429 ], [ 74.3438, 15.7437 ], [ 74.3624, 15.7659 ], [ 74.3746, 15.7666 ], [ 74.405, 15.7455 ], [ 74.4256, 15.7403 ], [ 74.4417, 15.746 ], [ 74.462, 15.7148 ], [ 74.4717, 15.7235 ], [ 74.5117, 15.7174 ], [ 74.5187, 15.7323 ], [ 74.5291, 15.7333 ], [ 74.5409, 15.7158 ], [ 74.5664, 15.7078 ], [ 74.5461, 15.6912 ], [ 74.5257, 15.7007 ], [ 74.5249, 15.6824 ], [ 74.5161, 15.675 ], [ 74.5026, 15.6809 ], [ 74.4974, 15.6392 ], [ 74.4676, 15.648 ], [ 74.4548, 15.6357 ], [ 74.4549, 15.6217 ], [ 74.4312, 15.6132 ], [ 74.4177, 15.6259 ], [ 74.408, 15.6085 ], [ 74.3749, 15.6243 ], [ 74.3672, 15.6189 ], [ 74.3393, 15.6298 ], [ 74.3268, 15.6146 ], [ 74.2979, 15.6079 ], [ 74.3081, 15.562 ], [ 74.2865, 15.5749 ], [ 74.2588, 15.5597 ], [ 74.2456, 15.5664 ], [ 74.2644, 15.6151 ], [ 74.2559, 15.6244 ], [ 74.2469, 15.6209 ], [ 74.252, 15.6535 ], [ 74.2359, 15.6687 ], [ 74.2227, 15.6684 ], [ 74.2156, 15.6627 ], [ 74.2228, 15.6559 ], [ 74.2055, 15.6504 ], [ 74.2046, 15.6631 ], [ 74.1889, 15.6658 ], [ 74.1904, 15.6821 ], [ 74.1815, 15.682 ], [ 74.1666, 15.6719 ], [ 74.1633, 15.6532 ], [ 74.1352, 15.6483 ], [ 74.1008, 15.6573 ], [ 74.0863, 15.6707 ], [ 74.1236, 15.6799 ], [ 74.1334, 15.7032 ], [ 74.1222, 15.7209 ], [ 74.1264, 15.7251 ], [ 74.1505, 15.736 ], [ 74.1618, 15.7515 ], [ 74.2026, 15.7583 ], [ 74.2097, 15.782 ], [ 74.2315, 15.7875 ] ] ] } },
{ "type": "Feature", "properties": { "area_id": "KGIS-H-010801", "name_en": "Savadatti", "name_kn": "", "level": "panchayat", "parent_id": "KGIS-T-0108", "district_en": "Belagavi", "lgd_code": null }, "geometry": { "type": "MultiPolygon", "coordinates": [ [ [ [ 74.9972, 15.8682 ], [ 75.064, 15.8563 ], [ 75.0622, 15.8452 ], [ 75.0704, 15.8388 ], [ 75.1037, 15.8301 ], [ 75.0926, 15.8213 ], [ 75.1034, 15.8017 ], [ 75.0902, 15.8013 ], [ 75.0896, 15.7807 ], [ 75.1049, 15.7824 ], [ 75.1204, 15.7727 ], [ 75.124, 15.787 ], [ 75.1448, 15.7853 ], [ 75.1427, 15.7562 ], [ 75.1673, 15.7608 ], [ 75.1686, 15.7673 ], [ 75.1945, 15.763 ], [ 75.1954, 15.7517 ], [ 75.2059, 15.7522 ], [ 75.215, 15.7109 ], [ 75.2399, 15.7153 ], [ 75.2431, 15.723 ], [ 75.2761, 15.7235 ], [ 75.2732, 15.6481 ], [ 75.2488, 15.6471 ], [ 75.2361, 15.6793 ], [ 75.2034, 15.6814 ], [ 75.2023, 15.6492 ], [ 75.1869, 15.6493 ], [ 75.1715, 15.6604 ], [ 75.1402, 15.6584 ], [ 75.1072, 15.6722 ], [ 75.0922, 15.6085 ], [ 75.0802, 15.6225 ], [ 75.0557, 15.6326 ], [ 75.0596, 15.683 ], [ 75.0498, 15.6828 ], [ 75.0469, 15.6704 ], [ 75.0285, 15.6701 ], [ 75.0275, 15.652 ], [ 75.0194, 15.6448 ], [ 74.9917, 15.65 ], [ 74.995, 15.6863 ], [ 75.0104, 15.6887 ], [ 75.0127, 15.705 ], [ 74.9976, 15.731 ], [ 74.9998, 15.7894 ], [ 75.0367, 15.7884 ], [ 75.0398, 15.7985 ], [ 75.0008, 15.8294 ], [ 74.9972, 15.8682 ] ] ], [ [ [ 74.9771, 15.8309 ], [ 74.9856, 15.8284 ], [ 74.9859, 15.8181 ], [ 74.9718, 15.8217 ], [ 74.9771, 15.8309 ] ] ] ] } },
{ "type": "Feature", "properties": { "area_id": "KGIS-H-010802", "name_en": "Munavalli", "name_kn": "", "level": "panchayat", "parent_id": "KGIS-T-0108", "district_en": "Belagavi", "lgd_code": null }, "geometry": { "type": "MultiPolygon", "coordinates": [ [ [ [ 75.0232, 15.8003 ], [ 75.0393, 15.8047 ], [ 75.0378, 15.7888 ], [ 75.0232, 15.8003 ] ] ], [ [ [ 75.1452, 15.9234 ], [ 75.1946, 15.922 ], [ 75.197, 15.8912 ], [ 75.1797, 15.8925 ], [ 75.1793, 15.8869 ], [ 75.193, 15.862 ], [ 75.2288, 15.8751 ], [ 75.2447, 15.9007 ], [ 75.2709, 15.899 ], [ 75.285, 15.84 ], [ 75.3029, 15.8157 ], [ 75.3054, 15.7664 ], [ 75.3176, 15.7642 ], [ 75.3138, 15.7303 ], [ 75.2933, 15.7283 ], [ 75.2931, 15.7413 ], [ 75.2752, 15.7407 ], [ 75.2737, 15.7232 ], [ 75.2431, 15.723 ], [ 75.2399, 15.7153 ], [ 75.215, 15.7109 ], [ 75.2059, 15.7522 ], [ 75.1954, 15.7517 ], [ 75.1945, 15.763 ], [ 75.1686, 15.7673 ], [ 75.1673, 15.7608 ], [ 75.1427, 15.7562 ], [ 75.1448, 15.7853 ], [ 75.124, 15.787 ], [ 75.1204, 15.7727 ], [ 75.1049, 15.7824 ], [ 75.0896, 15.7807 ], [ 75.0902, 15.8013 ], [ 75.1034, 15.8017 ], [ 75.0926, 15.8213 ], [ 75.1037, 15.8301 ], [ 75.0704, 15.8388 ], [ 75.0622, 15.8452 ], [ 75.064, 15.8563 ], [ 75.0554, 15.8577 ], [ 75.0977, 15.8859 ], [ 75.0912, 15.9081 ], [ 75.1141, 15.9086 ], [ 75.1452, 15.9234 ] ] ] ] } },
{ "type": "Feature", "properties": { "area_id": "KGIS-H-010803", "name_en": "Yaragatti", "name_kn": "", "level": "panchayat", "parent_id": "KGIS-T-0108", "district_en": "Belagavi", "lgd_code": null }, "geometry": { "type": "Polygon", "coordinates": [ [ [ 75.0481, 16.1561 ], [ 75.0962, 16.1449 ], [ 75.0918, 16.1225 ], [ 75.0716, 16.1137 ], [ 75.0762, 16.0908 ], [ 75.0996, 16.0916 ], [ 75.0874, 16.0372 ], [ 75.1083, 16.0213 ], [ 75.0891, 16.0091 ], [ 75.091, 15.9909 ], [ 75.0785, 15.9914 ], [ 75.0705, 15.9477 ], [ 75.0736, 15.9324 ], [ 75.0898, 15.9286 ], [ 75.0874, 15.9063 ], [ 75.0977, 15.8859 ], [ 75.0551, 15.8576 ], [ 75.017, 15.8698 ], [ 74.9662, 15.8732 ], [ 74.9811, 15.8846 ], [ 74.9933, 15.9102 ], [ 74.9711, 15.9112 ], [ 74.9512, 15.9267 ], [ 74.9477, 15.939 ], [ 74.9292, 15.9443 ], [ 74.9294, 15.9718 ], [ 74.9223, 15.9792 ], [ 74.9051, 15.979 ], [ 74.9054, 16.0005 ], [ 74.9303, 16.0226 ], [ 74.9256, 16.034 ], [ 74.9363, 16.0331 ], [ 74.9627, 16.0513 ], [ 74.9656, 16.0759 ], [ 74.9787, 16.0748 ], [ 74.9756, 16.1249 ], [ 74.9987, 16.13 ], [ 75.0256, 16.1206 ], [ 75.0367, 16.1246 ], [ 75.0373, 16.1421 ], [ 75.0481, 16.1561 ] ] ] } },
{ "type": "Feature", "properties": { "area_id": "KGIS-H-010804", "name_en": "Muragoda", "name_kn": "", "level": "panchayat", "parent_id": "KGIS-T-0108", "district_en": "Belagavi", "lgd_code": null }, "geometry": { "type": "Polygon", "coordinates": [ [ [ 74.8725, 16.0042 ], [ 74.9049, 16.0043 ], [ 74.9051, 15.979 ], [ 74.9284, 15.974 ], [ 74.9292, 15.9443 ], [ 74.9477, 15.939 ], [ 74.9512, 15.9267 ], [ 74.9711, 15.9112 ], [ 74.9933, 15.9102 ], [ 74.9811, 15.8846 ], [ 74.965, 15.8745 ], [ 74.9979, 15.8683 ], [ 75.0008, 15.8294 ], [ 75.0062, 15.8202 ], [ 75.0249, 15.8147 ], [ 75.0232, 15.8003 ], [ 75.0308, 15.7922 ], [ 74.9998, 15.7894 ], [ 74.9976, 15.7309 ], [ 74.9621, 15.7265 ], [ 74.952, 15.7832 ], [ 74.9437, 15.7837 ], [ 74.9415, 15.7726 ], [ 74.9347, 15.7894 ], [ 74.9012, 15.7914 ], [ 74.8985, 15.81 ], [ 74.8648, 15.8307 ], [ 74.864, 15.8415 ], [ 74.8277, 15.8371 ], [ 74.8076, 15.8552 ], [ 74.8016, 15.8831 ], [ 74.8414, 15.9029 ], [ 74.8302, 15.9437 ], [ 74.8442, 15.9867 ], [ 74.8682, 15.9935 ], [ 74.8725, 16.0042 ] ], [ [ 74.975, 15.8311 ], [ 74.9718, 15.8217 ], [ 74.9859, 15.8181 ], [ 74.9856, 15.8284 ], [ 74.975, 15.8311 ] ] ] } },
{ "type": "Feature", "properties": { "area_id": "KGIS-H-010901", "name_en": "Bailahongala", "name_kn": "", "level": "panchayat", "parent_id": "KGIS-T-0109", "district_en": "Belagavi", "lgd_code": null }, "geometry": { "type": "Polygon", "coordinates": [ [ [ 74.864, 15.8413 ], [ 74.8648, 15.8307 ], [ 74.8985, 15.81 ], [ 74.9012, 15.7914 ], [ 74.9347, 15.7894 ], [ 74.9415, 15.7726 ], [ 74.9437, 15.7837 ], [ 74.9523, 15.7829 ], [ 74.9621, 15.7265 ], [ 75.0014, 15.731 ], [ 75.0127, 15.7116 ], [ 75.0104, 15.6887 ], [ 74.995, 15.6863 ], [ 74.9916, 15.651 ], [ 74.9669, 15.6531 ], [ 74.9652, 15.6264 ], [ 74.9327, 15.6226 ], [ 74.892, 15.6307 ], [ 74.878, 15.6171 ], [ 74.8555, 15.6122 ], [ 74.8505, 15.6311 ], [ 74.8378, 15.6265 ], [ 74.8338, 15.6369 ], [ 74.8527, 15.6483 ], [ 74.8498, 15.665 ], [ 74.8698, 15.663 ], [ 74.8775, 15.675 ], [ 74.8629, 15.6814 ], [ 74.8533, 15.7229 ], [ 74.8454, 15.7218 ], [ 74.8393, 15.6988 ], [ 74.8155, 15.7106 ], [ 74.7929, 15.7016 ], [ 74.7979, 15.7074 ], [ 74.7921, 15.7258 ], [ 74.8175, 15.7332 ], [ 74.8291, 15.7486 ], [ 74.8087, 15.7694 ], [ 74.807, 15.7902 ], [ 74.771, 15.7912 ], [ 74.7687, 15.8059 ], [ 74.7863, 15.8057 ], [ 74.7942, 15.8308 ], [ 74.864, 15.8413 ] ] ] } },
{ "type": "Feature", "properties": { "area_id": "KGIS-H-010903", "name_en": "Nesaragi", "name_kn": "", "level": "panchayat", "parent_id": "KGIS-T-0109", "district_en": "Belagavi", "lgd_code": null }, "geometry": { "type": "Polygon", "coordinates": [ [ [ 74.7661, 15.9896 ], [ 74.8445, 15.9896 ], [ 74.8302, 15.9437 ], [ 74.8414, 15.9029 ], [ 74.8016, 15.8831 ], [ 74.8204, 15.8322 ], [ 74.7942, 15.8308 ], [ 74.7863, 15.8057 ], [ 74.7687, 15.8059 ], [ 74.771, 15.7912 ], [ 74.807, 15.7902 ], [ 74.8087, 15.7694 ], [ 74.8293, 15.7464 ], [ 74.8164, 15.7326 ], [ 74.7908, 15.7317 ], [ 74.7738, 15.7181 ], [ 74.7473, 15.7264 ], [ 74.7436, 15.7107 ], [ 74.7506, 15.7079 ], [ 74.7396, 15.7028 ], [ 74.7179, 15.7182 ], [ 74.7147, 15.7484 ], [ 74.6816, 15.7457 ], [ 74.6699, 15.7555 ], [ 74.6672, 15.8034 ], [ 74.6323, 15.803 ], [ 74.631, 15.8136 ], [ 74.6416, 15.8244 ], [ 74.6379, 15.8364 ], [ 74.6591, 15.8503 ], [ 74.6768, 15.8476 ], [ 74.6983, 15.868 ], [ 74.6923, 15.9055 ], [ 74.6818, 15.9121 ], [ 74.6927, 15.9258 ], [ 74.6842, 15.9345 ], [ 74.6947, 15.9528 ], [ 74.7661, 15.9896 ] ] ] } },
{ "type": "Feature", "properties": { "area_id": "KGIS-H-011001", "name_en": "Surebana", "name_kn": "", "level": "panchayat", "parent_id": "KGIS-T-0110", "district_en": "Belagavi", "lgd_code": null }, "geometry": { "type": "Polygon", "coordinates": [ [ [ 75.2962, 15.9945 ], [ 75.3166, 15.982 ], [ 75.3124, 15.9562 ], [ 75.3181, 15.9355 ], [ 75.3299, 15.9501 ], [ 75.352, 15.936 ], [ 75.3695, 15.9422 ], [ 75.3624, 15.9301 ], [ 75.3796, 15.93 ], [ 75.3853, 15.9195 ], [ 75.4087, 15.9144 ], [ 75.4073, 15.9018 ], [ 75.4183, 15.9003 ], [ 75.4139, 15.8909 ], [ 75.4468, 15.8927 ], [ 75.4513, 15.8619 ], [ 75.4576, 15.8614 ], [ 75.4578, 15.8178 ], [ 75.4477, 15.7937 ], [ 75.4397, 15.7951 ], [ 75.4366, 15.7781 ], [ 75.414, 15.7841 ], [ 75.425, 15.8424 ], [ 75.3852, 15.8386 ], [ 75.3756, 15.846 ], [ 75.3649, 15.8043 ], [ 75.3409, 15.8045 ], [ 75.3389, 15.8277 ], [ 75.3268, 15.813 ], [ 75.303, 15.8124 ], [ 75.2874, 15.8354 ], [ 75.2823, 15.8728 ], [ 75.2662, 15.9003 ], [ 75.2713, 15.9335 ], [ 75.2838, 15.9498 ], [ 75.2845, 15.9891 ], [ 75.2962, 15.9945 ] ] ] } },
{ "type": "Feature", "properties": { "area_id": "KGIS-H-011002", "name_en": "Katakola", "name_kn": "", "level": "panchayat", "parent_id": "KGIS-T-0110", "district_en": "Belagavi", "lgd_code": null }, "geometry": { "type": "MultiPolygon", "coordinates": [ [ [ [ 75.1836, 16.0915 ], [ 75.1897, 16.0614 ], [ 75.2448, 16.0587 ], [ 75.278, 16.0365 ], [ 75.3321, 16.0211 ], [ 75.3327, 16.0135 ], [ 75.3214, 16.0049 ], [ 75.3166, 15.982 ], [ 75.2962, 15.9945 ], [ 75.286, 15.9922 ], [ 75.2838, 15.9498 ], [ 75.2713, 15.9335 ], [ 75.2662, 15.9003 ], [ 75.2447, 15.9007 ], [ 75.2288, 15.8751 ], [ 75.193, 15.862 ], [ 75.1793, 15.8869 ], [ 75.1797, 15.8925 ], [ 75.197, 15.8912 ], [ 75.1945, 15.9222 ], [ 75.1452, 15.9234 ], [ 75.1141, 15.9086 ], [ 75.0878, 15.9061 ], [ 75.0898, 15.9286 ], [ 75.0736, 15.9324 ], [ 75.0705, 15.9477 ], [ 75.0785, 15.9914 ], [ 75.0914, 15.9914 ], [ 75.0926, 16.0127 ], [ 75.1435, 16.0343 ], [ 75.1526, 16.0298 ], [ 75.1563, 16.0886 ], [ 75.1727, 16.0882 ], [ 75.1748, 16.0711 ], [ 75.1836, 16.0915 ] ] ], [ [ [ 75.2149, 16.0701 ], [ 75.2156, 16.071 ], [ 75.2159, 16.0703 ], [ 75.2149, 16.0701 ] ] ], [ [ [ 75.1966, 16.0838 ], [ 75.2132, 16.0802 ], [ 75.2155, 16.0711 ], [ 75.2029, 16.0694 ], [ 75.2019, 16.0773 ], [ 75.2013, 16.0694 ], [ 75.1918, 16.0691 ], [ 75.1966, 16.0838 ] ] ], [ [ [ 75.1899, 16.0838 ], [ 75.1942, 16.0854 ], [ 75.1941, 16.0835 ], [ 75.1899, 16.0838 ] ] ] ] } },
{ "type": "Feature", "properties": { "area_id": "KGIS-H-011003", "name_en": "Mudakavi", "name_kn": "", "level": "panchayat", "parent_id": "KGIS-T-0110", "district_en": "Belagavi", "lgd_code": null }, "geometry": { "type": "Polygon", "coordinates": [ [ [ 75.4121, 16.1303 ], [ 75.419, 16.1001 ], [ 75.4296, 16.0969 ], [ 75.4305, 16.0805 ], [ 75.4274, 16.0579 ], [ 75.416, 16.0532 ], [ 75.416, 16.0325 ], [ 75.4231, 16.0326 ], [ 75.4268, 16.0077 ], [ 75.4389, 16.0041 ], [ 75.4308, 15.9707 ], [ 75.4398, 15.9661 ], [ 75.4248, 15.9219 ], [ 75.4407, 15.9183 ], [ 75.437, 15.8936 ], [ 75.4161, 15.8902 ], [ 75.4177, 15.9022 ], [ 75.4047, 15.9062 ], [ 75.4087, 15.9144 ], [ 75.3853, 15.9195 ], [ 75.3796, 15.93 ], [ 75.3624, 15.9301 ], [ 75.3695, 15.9422 ], [ 75.352, 15.936 ], [ 75.3299, 15.9501 ], [ 75.3181, 15.9355 ], [ 75.3145, 15.9748 ], [ 75.3321, 16.0211 ], [ 75.3007, 16.0343 ], [ 75.3268, 16.054 ], [ 75.3212, 16.0712 ], [ 75.3278, 16.1157 ], [ 75.3538, 16.1281 ], [ 75.3555, 16.1151 ], [ 75.4045, 16.1137 ], [ 75.4121, 16.1303 ] ] ] } },
{ "type": "Feature", "properties": { "area_id": "KGIS-H-011004", "name_en": "K Chandaragi", "name_kn": "", "level": "panchayat", "parent_id": "KGIS-T-0110", "district_en": "Belagavi", "lgd_code": null }, "geometry": { "type": "Polygon", "coordinates": [ [ [ 75.232, 16.2098 ], [ 75.2703, 16.2075 ], [ 75.2864, 16.201 ], [ 75.2847, 16.1768 ], [ 75.2926, 16.1725 ], [ 75.2757, 16.1204 ], [ 75.3277, 16.1155 ], [ 75.3212, 16.0712 ], [ 75.3268, 16.054 ], [ 75.3007, 16.0332 ], [ 75.2878, 16.0328 ], [ 75.2448, 16.0587 ], [ 75.1897, 16.0614 ], [ 75.1836, 16.0915 ], [ 75.1797, 16.0707 ], [ 75.1727, 16.0882 ], [ 75.1563, 16.0886 ], [ 75.1526, 16.0298 ], [ 75.1435, 16.0343 ], [ 75.1094, 16.0222 ], [ 75.0901, 16.031 ], [ 75.0872, 16.057 ], [ 75.1003, 16.0719 ], [ 75.0996, 16.0916 ], [ 75.0762, 16.0908 ], [ 75.0716, 16.1137 ], [ 75.0918, 16.1225 ], [ 75.0965, 16.167 ], [ 75.1161, 16.1701 ], [ 75.1235, 16.1893 ], [ 75.1568, 16.1821 ], [ 75.2075, 16.1842 ], [ 75.232, 16.2098 ] ], [ [ 75.2149, 16.0701 ], [ 75.2159, 16.0703 ], [ 75.2156, 16.071 ], [ 75.2149, 16.0701 ] ], [ [ 75.1899, 16.0838 ], [ 75.1918, 16.0691 ], [ 75.2013, 16.0694 ], [ 75.2019, 16.0773 ], [ 75.2029, 16.0694 ], [ 75.2155, 16.0711 ], [ 75.2132, 16.0802 ], [ 75.1899, 16.0838 ] ] ] } },
{ "type": "Feature", "properties": { "area_id": "KGIS-H-011102", "name_en": "Kittura", "name_kn": "", "level": "panchayat", "parent_id": "KGIS-T-0111", "district_en": "Belagavi", "lgd_code": null }, "geometry": { "type": "Polygon", "coordinates": [ [ [ 74.6823, 15.7475 ], [ 74.7147, 15.7484 ], [ 74.7179, 15.7182 ], [ 74.7396, 15.7028 ], [ 74.7506, 15.7079 ], [ 74.7436, 15.7107 ], [ 74.7473, 15.7264 ], [ 74.7729, 15.718 ], [ 74.7935, 15.7317 ], [ 74.7938, 15.6998 ], [ 74.8155, 15.7106 ], [ 74.835, 15.6977 ], [ 74.8432, 15.7003 ], [ 74.8454, 15.7218 ], [ 74.8533, 15.7229 ], [ 74.8629, 15.6814 ], [ 74.8775, 15.675 ], [ 74.8698, 15.663 ], [ 74.8498, 15.665 ], [ 74.8527, 15.6483 ], [ 74.8338, 15.6369 ], [ 74.8378, 15.6265 ], [ 74.8505, 15.6311 ], [ 74.8557, 15.6111 ], [ 74.8286, 15.6084 ], [ 74.8409, 15.5746 ], [ 74.7972, 15.5476 ], [ 74.8144, 15.504 ], [ 74.786, 15.4858 ], [ 74.7783, 15.4585 ], [ 74.7602, 15.4708 ], [ 74.7543, 15.488 ], [ 74.7321, 15.5109 ], [ 74.7336, 15.5583 ], [ 74.7181, 15.5592 ], [ 74.7052, 15.5698 ], [ 74.7147, 15.5884 ], [ 74.7035, 15.5968 ], [ 74.7087, 15.5986 ], [ 74.7047, 15.6312 ], [ 74.7173, 15.6267 ], [ 74.7229, 15.6477 ], [ 74.6912, 15.6544 ], [ 74.6846, 15.6817 ], [ 74.6712, 15.684 ], [ 74.6502, 15.7084 ], [ 74.6682, 15.7141 ], [ 74.6687, 15.7224 ], [ 74.6772, 15.7201 ], [ 74.6756, 15.7419 ], [ 74.6823, 15.7475 ] ] ] } },
{ "type": "Feature", "properties": { "area_id": "KGIS-H-011202", "name_en": "Sadalaga", "name_kn": "", "level": "panchayat", "parent_id": "KGIS-T-0112", "district_en": "Belagavi", "lgd_code": null }, "geometry": { "type": "Polygon", "coordinates": [ [ [ 74.4701, 16.6647 ], [ 74.49, 16.6303 ], [ 74.5448, 16.6355 ], [ 74.5448, 16.5954 ], [ 74.5359, 16.5988 ], [ 74.5224, 16.5886 ], [ 74.5249, 16.5773 ], [ 74.5023, 16.5822 ], [ 74.4991, 16.5574 ], [ 74.4889, 16.559 ], [ 74.4993, 16.5199 ], [ 74.4751, 16.5086 ], [ 74.5013, 16.4925 ], [ 74.4955, 16.4743 ], [ 74.4342, 16.4666 ], [ 74.4303, 16.4804 ], [ 74.4191, 16.4835 ], [ 74.4058, 16.4741 ], [ 74.4021, 16.4843 ], [ 74.4185, 16.5161 ], [ 74.3769, 16.5265 ], [ 74.3873, 16.536 ], [ 74.3871, 16.56 ], [ 74.3967, 16.5829 ], [ 74.4221, 16.5847 ], [ 74.4352, 16.6009 ], [ 74.4663, 16.6053 ], [ 74.4561, 16.6558 ], [ 74.4701, 16.6647 ] ] ] } },
{ "type": "Feature", "properties": { "area_id": "KGIS-H-011203", "name_en": "Nippani", "name_kn": "", "level": "panchayat", "parent_id": "KGIS-T-0112", "district_en": "Belagavi", "lgd_code": null }, "geometry": { "type": "Polygon", "coordinates": [ [ [ 74.3593, 16.5566 ], [ 74.3583, 16.539 ], [ 74.3728, 16.5351 ], [ 74.3799, 16.524 ], [ 74.3962, 16.5264 ], [ 74.4182, 16.5175 ], [ 74.4012, 16.4774 ], [ 74.4084, 16.4735 ], [ 74.418, 16.4835 ], [ 74.428, 16.4824 ], [ 74.4362, 16.4576 ], [ 74.42, 16.4555 ], [ 74.4172, 16.433 ], [ 74.4029, 16.4285 ], [ 74.4186, 16.3475 ], [ 74.4021, 16.3423 ], [ 74.4013, 16.353 ], [ 74.3885, 16.3484 ], [ 74.3704, 16.3598 ], [ 74.364, 16.3532 ], [ 74.3686, 16.3315 ], [ 74.3521, 16.3238 ], [ 74.3499, 16.3309 ], [ 74.3406, 16.3303 ], [ 74.3418, 16.3178 ], [ 74.3147, 16.3265 ], [ 74.322, 16.334 ], [ 74.3147, 16.3404 ], [ 74.3273, 16.3422 ], [ 74.3156, 16.3559 ], [ 74.3251, 16.3584 ], [ 74.317, 16.3791 ], [ 74.3251, 16.3787 ], [ 74.3272, 16.3918 ], [ 74.3362, 16.3945 ], [ 74.3535, 16.366 ], [ 74.3635, 16.4048 ], [ 74.3356, 16.4012 ], [ 74.3278, 16.419 ], [ 74.337, 16.4288 ], [ 74.3322, 16.4553 ], [ 74.3118, 16.4532 ], [ 74.2895, 16.4628 ], [ 74.2914, 16.5047 ], [ 74.2793, 16.5047 ], [ 74.2748, 16.4853 ], [ 74.2607, 16.4797 ], [ 74.2476, 16.4967 ], [ 74.2781, 16.5046 ], [ 74.2639, 16.5397 ], [ 74.2705, 16.5483 ], [ 74.2811, 16.5415 ], [ 74.2835, 16.525 ], [ 74.2911, 16.5339 ], [ 74.3012, 16.53 ], [ 74.3112, 16.5036 ], [ 74.3165, 16.5044 ], [ 74.3163, 16.5555 ], [ 74.3393, 16.5488 ], [ 74.3593, 16.5566 ] ] ] } },
{ "type": "Feature", "properties": { "area_id": "KGIS-H-011301", "name_en": "Kagavada", "name_kn": "", "level": "panchayat", "parent_id": "KGIS-T-0113", "district_en": "Belagavi", "lgd_code": null }, "geometry": { "type": "Polygon", "coordinates": [ [ [ 74.665, 16.6648 ], [ 74.6796, 16.6662 ], [ 74.6791, 16.6732 ], [ 74.6894, 16.6769 ], [ 74.6812, 16.6839 ], [ 74.6892, 16.6864 ], [ 74.6909, 16.7185 ], [ 74.7274, 16.7169 ], [ 74.7718, 16.7509 ], [ 74.7954, 16.7473 ], [ 74.7982, 16.7538 ], [ 74.8443, 16.762 ], [ 74.8498, 16.7726 ], [ 74.8654, 16.764 ], [ 74.8686, 16.7742 ], [ 74.9194, 16.7727 ], [ 74.9268, 16.7556 ], [ 74.9556, 16.7558 ], [ 74.9683, 16.729 ], [ 74.9639, 16.66 ], [ 74.9375, 16.612 ], [ 74.9236, 16.6135 ], [ 74.9071, 16.644 ], [ 74.8868, 16.6566 ], [ 74.8719, 16.6552 ], [ 74.8434, 16.6347 ], [ 74.8127, 16.6443 ], [ 74.8036, 16.5884 ], [ 74.7771, 16.5716 ], [ 74.771, 16.6058 ], [ 74.7256, 16.6083 ], [ 74.7256, 16.5987 ], [ 74.6921, 16.5942 ], [ 74.6918, 16.6042 ], [ 74.6721, 16.6096 ], [ 74.6865, 16.6084 ], [ 74.6872, 16.6161 ], [ 74.6517, 16.6374 ], [ 74.665, 16.6648 ] ] ] } },
{ "type": "Feature", "properties": { "area_id": "KGIS-H-011402", "name_en": "Arabhanvi", "name_kn": "", "level": "panchayat", "parent_id": "KGIS-T-0114", "district_en": "Belagavi", "lgd_code": null }, "geometry": { "type": "MultiPolygon", "coordinates": [ [ [ [ 74.723, 16.205 ], [ 74.7272, 16.1762 ], [ 74.7219, 16.1685 ], [ 74.7072, 16.1714 ], [ 74.6994, 16.2011 ], [ 74.723, 16.205 ] ] ], [ [ [ 74.9863, 16.3927 ], [ 74.9929, 16.3837 ], [ 75.0233, 16.3757 ], [ 75.0219, 16.3676 ], [ 75.0335, 16.3674 ], [ 75.0432, 16.3176 ], [ 75.0108, 16.306 ], [ 74.9899, 16.2767 ], [ 74.9688, 16.2772 ], [ 74.9571, 16.2378 ], [ 74.9206, 16.2217 ], [ 74.9118, 16.2062 ], [ 74.9028, 16.2091 ], [ 74.8889, 16.2477 ], [ 74.8449, 16.2348 ], [ 74.8426, 16.2066 ], [ 74.827, 16.1966 ], [ 74.8104, 16.1971 ], [ 74.7921, 16.2433 ], [ 74.8178, 16.2526 ], [ 74.8325, 16.2481 ], [ 74.8264, 16.2884 ], [ 74.8174, 16.2992 ], [ 74.8276, 16.2997 ], [ 74.8339, 16.3167 ], [ 74.8766, 16.3212 ], [ 74.8826, 16.3281 ], [ 74.9123, 16.3209 ], [ 74.9144, 16.3498 ], [ 74.9264, 16.3497 ], [ 74.9281, 16.3662 ], [ 74.9588, 16.3794 ], [ 74.9607, 16.3939 ], [ 74.9863, 16.3927 ] ] ], [ [ [ 75.0275, 16.3965 ], [ 75.0292, 16.3931 ], [ 75.0274, 16.3912 ], [ 75.0275, 16.3965 ] ] ] ] } },
{ "type": "Feature", "properties": { "area_id": "KGIS-H-011403", "name_en": "Kowjalagi", "name_kn": "", "level": "panchayat", "parent_id": "KGIS-T-0114", "district_en": "Belagavi", "lgd_code": null }, "geometry": { "type": "Polygon", "coordinates": [ [ [ 75.079, 16.3314 ], [ 75.0956, 16.3249 ], [ 75.1311, 16.331 ], [ 75.1384, 16.326 ], [ 75.1296, 16.287 ], [ 75.2049, 16.2725 ], [ 75.2341, 16.2596 ], [ 75.2323, 16.2502 ], [ 75.2393, 16.2511 ], [ 75.2281, 16.2025 ], [ 75.2112, 16.1946 ], [ 75.2075, 16.1842 ], [ 75.1568, 16.1821 ], [ 75.1222, 16.1894 ], [ 75.1179, 16.24 ], [ 75.0227, 16.2284 ], [ 75.0171, 16.2037 ], [ 74.981, 16.2145 ], [ 74.9613, 16.2316 ], [ 74.9688, 16.2772 ], [ 74.9899, 16.2767 ], [ 75.0127, 16.3072 ], [ 75.0246, 16.3062 ], [ 75.0572, 16.3314 ], [ 75.0639, 16.326 ], [ 75.079, 16.3314 ] ] ] } },
{ "type": "Feature", "properties": { "area_id": "KGIS-H-020101", "name_en": "Jamakhandi", "name_kn": "", "level": "panchayat", "parent_id": "KGIS-T-0201", "district_en": "Bagalkot", "lgd_code": null }, "geometry": { "type": "Polygon", "coordinates": [ [ [ 75.2172, 16.6149 ], [ 75.2667, 16.605 ], [ 75.2782, 16.5803 ], [ 75.3006, 16.5898 ], [ 75.3062, 16.5732 ], [ 75.3181, 16.5657 ], [ 75.3507, 16.5925 ], [ 75.3694, 16.5926 ], [ 75.385, 16.5827 ], [ 75.3867, 16.5344 ], [ 75.397, 16.5273 ], [ 75.425, 16.5293 ], [ 75.4147, 16.4945 ], [ 75.4072, 16.4928 ], [ 75.4129, 16.4668 ], [ 75.3939, 16.4626 ], [ 75.4082, 16.4294 ], [ 75.4084, 16.4059 ], [ 75.3363, 16.4023 ], [ 75.334, 16.4097 ], [ 75.2513, 16.4337 ], [ 75.2608, 16.4682 ], [ 75.2561, 16.5121 ], [ 75.2371, 16.5206 ], [ 75.2044, 16.5205 ], [ 75.2138, 16.5711 ], [ 75.179, 16.5745 ], [ 75.1588, 16.5862 ], [ 75.1759, 16.6023 ], [ 75.2172, 16.6149 ] ] ] } },
{ "type": "Feature", "properties": { "area_id": "KGIS-H-020102", "name_en": "Savalagi", "name_kn": "", "level": "panchayat", "parent_id": "KGIS-T-0201", "district_en": "Bagalkot", "lgd_code": null }, "geometry": { "type": "Polygon", "coordinates": [ [ [ 75.421, 16.7677 ], [ 75.4925, 16.7459 ], [ 75.4881, 16.6945 ], [ 75.4376, 16.6979 ], [ 75.4471, 16.6653 ], [ 75.4548, 16.6643 ], [ 75.4619, 16.6222 ], [ 75.4933, 16.5918 ], [ 75.4724, 16.5637 ], [ 75.4882, 16.5547 ], [ 75.4854, 16.5074 ], [ 75.4549, 16.5056 ], [ 75.4336, 16.5292 ], [ 75.3915, 16.5299 ], [ 75.385, 16.5409 ], [ 75.3886, 16.5771 ], [ 75.3726, 16.5916 ], [ 75.3487, 16.5916 ], [ 75.3181, 16.5657 ], [ 75.2992, 16.5906 ], [ 75.2758, 16.5816 ], [ 75.2681, 16.603 ], [ 75.2566, 16.6096 ], [ 75.2681, 16.6409 ], [ 75.265, 16.6928 ], [ 75.2892, 16.715 ], [ 75.3625, 16.7143 ], [ 75.3665, 16.7598 ], [ 75.421, 16.7677 ] ] ] } },
{ "type": "Feature", "properties": { "area_id": "KGIS-H-020103", "name_en": "Teradala", "name_kn": "", "level": "panchayat", "parent_id": "KGIS-T-0201", "district_en": "Bagalkot", "lgd_code": null }, "geometry": { "type": "Polygon", "coordinates": [ [ [ 75.234, 16.5209 ], [ 75.2561, 16.5121 ], [ 75.2608, 16.4682 ], [ 75.2513, 16.4337 ], [ 75.2129, 16.4304 ], [ 75.2044, 16.5205 ], [ 75.234, 16.5209 ] ] ] } },
{ "type": "Feature", "properties": { "area_id": "KGIS-H-020201", "name_en": "Beelagi", "name_kn": "", "level": "panchayat", "parent_id": "KGIS-T-0202", "district_en": "Bagalkot", "lgd_code": null }, "geometry": { "type": "MultiPolygon", "coordinates": [ [ [ [ 75.7861, 16.3761 ], [ 75.8231, 16.3645 ], [ 75.8374, 16.3499 ], [ 75.8083, 16.3353 ], [ 75.7906, 16.3391 ], [ 75.777, 16.3634 ], [ 75.7861, 16.3761 ] ] ], [ [ [ 75.4414, 16.5247 ], [ 75.4652, 16.4726 ], [ 75.4324, 16.4355 ], [ 75.45, 16.414 ], [ 75.4877, 16.4183 ], [ 75.4988, 16.4319 ], [ 75.4994, 16.454 ], [ 75.5389, 16.4662 ], [ 75.5521, 16.4554 ], [ 75.5548, 16.4281 ], [ 75.5663, 16.4127 ], [ 75.5755, 16.4131 ], [ 75.6014, 16.4475 ], [ 75.631, 16.445 ], [ 75.7063, 16.4054 ], [ 75.719, 16.3897 ], [ 75.763, 16.3787 ], [ 75.7458, 16.3745 ], [ 75.7434, 16.3657 ], [ 75.7237, 16.3734 ], [ 75.7129, 16.3629 ], [ 75.6982, 16.3647 ], [ 75.6701, 16.3362 ], [ 75.6376, 16.3296 ], [ 75.6323, 16.3207 ], [ 75.6295, 16.3311 ], [ 75.6195, 16.3333 ], [ 75.5131, 16.3346 ], [ 75.4942, 16.3391 ], [ 75.4967, 16.3528 ], [ 75.404, 16.3748 ], [ 75.3902, 16.4013 ], [ 75.4084, 16.4059 ], [ 75.4082, 16.4294 ], [ 75.3939, 16.4626 ], [ 75.4129, 16.4668 ], [ 75.4072, 16.4928 ], [ 75.4147, 16.4945 ], [ 75.4256, 16.5301 ], [ 75.4414, 16.5247 ] ] ] ] } },
{ "type": "Feature", "properties": { "area_id": "KGIS-H-020202", "name_en": "Anagavadi", "name_kn": "", "level": "panchayat", "parent_id": "KGIS-T-0202", "district_en": "Bagalkot", "lgd_code": null }, "geometry": { "type": "Polygon", "coordinates": [ [ [ 75.7838, 16.3726 ], [ 75.7752, 16.3584 ], [ 75.7906, 16.3391 ], [ 75.8127, 16.3357 ], [ 75.7784, 16.3338 ], [ 75.7838, 16.3063 ], [ 75.75, 16.3176 ], [ 75.7529, 16.2967 ], [ 75.7333, 16.2894 ], [ 75.7359, 16.2694 ], [ 75.7218, 16.2601 ], [ 75.7223, 16.2466 ], [ 75.7059, 16.2404 ], [ 75.6984, 16.2235 ], [ 75.6706, 16.2323 ], [ 75.6538, 16.2436 ], [ 75.656, 16.2488 ], [ 75.6315, 16.2479 ], [ 75.625, 16.215 ], [ 75.6169, 16.2149 ], [ 75.6178, 16.2321 ], [ 75.5986, 16.2291 ], [ 75.5673, 16.2393 ], [ 75.5466, 16.2289 ], [ 75.5283, 16.2424 ], [ 75.5192, 16.2257 ], [ 75.5064, 16.222 ], [ 75.4869, 16.2291 ], [ 75.4826, 16.2431 ], [ 75.4678, 16.2358 ], [ 75.4337, 16.2534 ], [ 75.4283, 16.2696 ], [ 75.4298, 16.304 ], [ 75.4771, 16.2802 ], [ 75.4942, 16.3391 ], [ 75.5283, 16.3311 ], [ 75.6195, 16.3333 ], [ 75.6295, 16.3311 ], [ 75.6323, 16.3207 ], [ 75.6376, 16.3296 ], [ 75.6701, 16.3362 ], [ 75.6982, 16.3647 ], [ 75.7129, 16.3629 ], [ 75.7237, 16.3734 ], [ 75.7434, 16.3657 ], [ 75.7458, 16.3745 ], [ 75.7592, 16.3728 ], [ 75.7627, 16.3837 ], [ 75.7838, 16.3726 ] ] ] } },
{ "type": "Feature", "properties": { "area_id": "KGIS-H-020301", "name_en": "Mudhola", "name_kn": "", "level": "panchayat", "parent_id": "KGIS-T-0203", "district_en": "Bagalkot", "lgd_code": null }, "geometry": { "type": "Polygon", "coordinates": [ [ [ 75.2475, 16.4348 ], [ 75.334, 16.4097 ], [ 75.3363, 16.4023 ], [ 75.3895, 16.4073 ], [ 75.404, 16.3748 ], [ 75.4967, 16.3528 ], [ 75.4771, 16.2802 ], [ 75.415, 16.3098 ], [ 75.4193, 16.3287 ], [ 75.362, 16.3513 ], [ 75.3338, 16.3537 ], [ 75.3187, 16.3522 ], [ 75.3082, 16.2968 ], [ 75.2897, 16.2922 ], [ 75.2677, 16.269 ], [ 75.2263, 16.2724 ], [ 75.2226, 16.264 ], [ 75.1296, 16.287 ], [ 75.1384, 16.326 ], [ 75.1305, 16.3317 ], [ 75.135, 16.3558 ], [ 75.1204, 16.3581 ], [ 75.1163, 16.3715 ], [ 75.1244, 16.4139 ], [ 75.2475, 16.4348 ] ] ] } },
{ "type": "Feature", "properties": { "area_id": "KGIS-H-020302", "name_en": "Lokapura", "name_kn": "", "level": "panchayat", "parent_id": "KGIS-T-0203", "district_en": "Bagalkot", "lgd_code": null }, "geometry": { "type": "Polygon", "coordinates": [ [ [ 75.3385, 16.3533 ], [ 75.4193, 16.3287 ], [ 75.415, 16.3098 ], [ 75.4298, 16.304 ], [ 75.4283, 16.2696 ], [ 75.4337, 16.2534 ], [ 75.4439, 16.249 ], [ 75.4479, 16.1834 ], [ 75.4045, 16.1137 ], [ 75.3555, 16.1151 ], [ 75.3538, 16.1281 ], [ 75.3277, 16.1155 ], [ 75.2757, 16.1204 ], [ 75.2926, 16.1725 ], [ 75.2847, 16.1768 ], [ 75.2864, 16.201 ], [ 75.2324, 16.2096 ], [ 75.2298, 16.2315 ], [ 75.2393, 16.2511 ], [ 75.2228, 16.2636 ], [ 75.2263, 16.2724 ], [ 75.2677, 16.269 ], [ 75.2897, 16.2922 ], [ 75.3069, 16.2954 ], [ 75.3187, 16.3522 ], [ 75.3385, 16.3533 ] ] ] } },
{ "type": "Feature", "properties": { "area_id": "KGIS-H-020401", "name_en": "Badami", "name_kn": "", "level": "panchayat", "parent_id": "KGIS-T-0204", "district_en": "Bagalkot", "lgd_code": null }, "geometry": { "type": "Polygon", "coordinates": [ [ [ 75.6822, 16.0406 ], [ 75.6986, 16.0035 ], [ 75.7114, 15.9956 ], [ 75.7121, 15.9856 ], [ 75.7369, 15.9868 ], [ 75.7394, 15.978 ], [ 75.7642, 15.9727 ], [ 75.7899, 15.9837 ], [ 75.8064, 15.9819 ], [ 75.8032, 15.975 ], [ 75.8183, 15.9812 ], [ 75.8187, 15.9651 ], [ 75.8092, 15.9579 ], [ 75.818, 15.9462 ], [ 75.8026, 15.9393 ], [ 75.8122, 15.9226 ], [ 75.7771, 15.9191 ], [ 75.7759, 15.9026 ], [ 75.8111, 15.8942 ], [ 75.8116, 15.9001 ], [ 75.8276, 15.9003 ], [ 75.8354, 15.8828 ], [ 75.8278, 15.8662 ], [ 75.8482, 15.8714 ], [ 75.8451, 15.838 ], [ 75.8255, 15.8384 ], [ 75.8201, 15.8513 ], [ 75.7802, 15.8532 ], [ 75.7741, 15.828 ], [ 75.7797, 15.8173 ], [ 75.7437, 15.813 ], [ 75.7069, 15.8294 ], [ 75.6811, 15.83 ], [ 75.6764, 15.8222 ], [ 75.6707, 15.8373 ], [ 75.6555, 15.8279 ], [ 75.6422, 15.8333 ], [ 75.6401, 15.8584 ], [ 75.6595, 15.8592 ], [ 75.6591, 15.8812 ], [ 75.6386, 15.8777 ], [ 75.6395, 15.9151 ], [ 75.6229, 15.9204 ], [ 75.6134, 15.9422 ], [ 75.6184, 15.9733 ], [ 75.6555, 15.972 ], [ 75.6544, 15.9962 ], [ 75.6728, 15.9994 ], [ 75.6699, 16.0252 ], [ 75.6822, 16.0406 ] ] ] } },
{ "type": "Feature", "properties": { "area_id": "KGIS-H-020402", "name_en": "Kerura", "name_kn": "", "level": "panchayat", "parent_id": "KGIS-T-0204", "district_en": "Bagalkot", "lgd_code": null }, "geometry": { "type": "MultiPolygon", "coordinates": [ [ [ [ 75.4351, 16.1562 ], [ 75.5023, 16.1451 ], [ 75.5094, 16.1353 ], [ 75.5555, 16.1334 ], [ 75.5726, 16.151 ], [ 75.6307, 16.1446 ], [ 75.6227, 16.1057 ], [ 75.6107, 16.1047 ], [ 75.6141, 16.0836 ], [ 75.586, 16.0754 ], [ 75.585, 16.055 ], [ 75.6109, 16.049 ], [ 75.6131, 16.0368 ], [ 75.6297, 16.046 ], [ 75.6402, 16.0295 ], [ 75.6699, 16.0252 ], [ 75.6728, 15.9994 ], [ 75.6572, 16.0016 ], [ 75.6555, 15.972 ], [ 75.6024, 15.9721 ], [ 75.5887, 15.9807 ], [ 75.5587, 15.9791 ], [ 75.5521, 15.9934 ], [ 75.5061, 15.9941 ], [ 75.5022, 16.0041 ], [ 75.4866, 16.0081 ], [ 75.4862, 16.0294 ], [ 75.4573, 15.9968 ], [ 75.4369, 15.9952 ], [ 75.4389, 16.0041 ], [ 75.4268, 16.0077 ], [ 75.4231, 16.0326 ], [ 75.416, 16.0325 ], [ 75.416, 16.0532 ], [ 75.4274, 16.0579 ], [ 75.4305, 16.0805 ], [ 75.412, 16.1305 ], [ 75.4351, 16.1562 ] ] ], [ [ [ 75.6739, 16.1272 ], [ 75.6743, 16.1047 ], [ 75.6453, 16.1092 ], [ 75.6434, 16.13 ], [ 75.6739, 16.1272 ] ] ] ] } },
{ "type": "Feature", "properties": { "area_id": "KGIS-H-020404", "name_en": "Kulageri", "name_kn": "", "level": "panchayat", "parent_id": "KGIS-T-0204", "district_en": "Bagalkot", "lgd_code": null }, "geometry": { "type": "Polygon", "coordinates": [ [ [ 75.4862, 16.0294 ], [ 75.4866, 16.0081 ], [ 75.5022, 16.0041 ], [ 75.5061, 15.9941 ], [ 75.5412, 15.9955 ], [ 75.557, 15.992 ], [ 75.5587, 15.9791 ], [ 75.6184, 15.9733 ], [ 75.6138, 15.9409 ], [ 75.6229, 15.9204 ], [ 75.6395, 15.9151 ], [ 75.6386, 15.8777 ], [ 75.6574, 15.8838 ], [ 75.6612, 15.8643 ], [ 75.6401, 15.8584 ], [ 75.6347, 15.8333 ], [ 75.6207, 15.836 ], [ 75.6186, 15.8214 ], [ 75.5861, 15.8347 ], [ 75.5767, 15.8243 ], [ 75.5638, 15.8373 ], [ 75.5519, 15.8247 ], [ 75.5557, 15.833 ], [ 75.5292, 15.8354 ], [ 75.5309, 15.8418 ], [ 75.5129, 15.8504 ], [ 75.5191, 15.8584 ], [ 75.5022, 15.8581 ], [ 75.4962, 15.8727 ], [ 75.4804, 15.8767 ], [ 75.479, 15.8711 ], [ 75.4609, 15.8795 ], [ 75.462, 15.8881 ], [ 75.4453, 15.8864 ], [ 75.4464, 15.8932 ], [ 75.437, 15.8936 ], [ 75.4407, 15.9183 ], [ 75.4248, 15.9219 ], [ 75.4398, 15.9661 ], [ 75.4308, 15.9707 ], [ 75.4369, 15.9952 ], [ 75.4573, 15.9968 ], [ 75.4862, 16.0294 ] ] ] } },
{ "type": "Feature", "properties": { "area_id": "KGIS-H-020501", "name_en": "Bagalakota", "name_kn": "", "level": "panchayat", "parent_id": "KGIS-T-0205", "district_en": "Bagalkot", "lgd_code": null }, "geometry": { "type": "Polygon", "coordinates": [ [ [ 75.8979, 16.2664 ], [ 75.9208, 16.2657 ], [ 75.9198, 16.2447 ], [ 75.9523, 16.231 ], [ 75.9518, 16.221 ], [ 75.9396, 16.1709 ], [ 75.9195, 16.1729 ], [ 75.905, 16.1571 ], [ 75.8892, 16.1571 ], [ 75.8719, 16.1739 ], [ 75.8676, 16.1535 ], [ 75.8904, 16.1189 ], [ 75.8873, 16.1108 ], [ 75.8681, 16.1233 ], [ 75.8646, 16.1526 ], [ 75.8423, 16.1571 ], [ 75.8377, 16.14 ], [ 75.8457, 16.1359 ], [ 75.8304, 16.0915 ], [ 75.7936, 16.0906 ], [ 75.7914, 16.0763 ], [ 75.7724, 16.0651 ], [ 75.7646, 16.0842 ], [ 75.7353, 16.0847 ], [ 75.7319, 16.111 ], [ 75.6848, 16.1096 ], [ 75.6786, 16.1268 ], [ 75.6434, 16.13 ], [ 75.644, 16.163 ], [ 75.6662, 16.1708 ], [ 75.675, 16.2082 ], [ 75.6988, 16.201 ], [ 75.704, 16.2115 ], [ 75.7038, 16.1975 ], [ 75.7106, 16.196 ], [ 75.7328, 16.2172 ], [ 75.7919, 16.2011 ], [ 75.7932, 16.2097 ], [ 75.7704, 16.2164 ], [ 75.7719, 16.2392 ], [ 75.818, 16.2501 ], [ 75.8106, 16.2143 ], [ 75.8417, 16.2178 ], [ 75.8483, 16.2219 ], [ 75.849, 16.2416 ], [ 75.8748, 16.2396 ], [ 75.8981, 16.2558 ], [ 75.8979, 16.2664 ] ] ] } },
{ "type": "Feature", "properties": { "area_id": "KGIS-H-020502", "name_en": "Kaladagi", "name_kn": "", "level": "panchayat", "parent_id": "KGIS-T-0205", "district_en": "Bagalkot", "lgd_code": null }, "geometry": { "type": "Polygon", "coordinates": [ [ [ 75.655, 16.2464 ], [ 75.6706, 16.2323 ], [ 75.6984, 16.2235 ], [ 75.7059, 16.2404 ], [ 75.7205, 16.2476 ], [ 75.7376, 16.2296 ], [ 75.7138, 16.1969 ], [ 75.7038, 16.1975 ], [ 75.704, 16.2115 ], [ 75.6988, 16.201 ], [ 75.675, 16.2082 ], [ 75.6669, 16.1719 ], [ 75.6465, 16.1687 ], [ 75.6416, 16.145 ], [ 75.5726, 16.151 ], [ 75.5555, 16.1334 ], [ 75.5094, 16.1353 ], [ 75.4826, 16.1512 ], [ 75.4351, 16.1562 ], [ 75.4479, 16.1834 ], [ 75.4439, 16.249 ], [ 75.4678, 16.2358 ], [ 75.4826, 16.2431 ], [ 75.4869, 16.2291 ], [ 75.5123, 16.2212 ], [ 75.5275, 16.2423 ], [ 75.5466, 16.2289 ], [ 75.5673, 16.2393 ], [ 75.5986, 16.2291 ], [ 75.6178, 16.2321 ], [ 75.6176, 16.2144 ], [ 75.6308, 16.2204 ], [ 75.6315, 16.2479 ], [ 75.655, 16.2464 ] ] ] } },
{ "type": "Feature", "properties": { "area_id": "KGIS-H-020503", "name_en": "Seetimani", "name_kn": "", "level": "panchayat", "parent_id": "KGIS-T-0205", "district_en": "Bagalkot", "lgd_code": null }, "geometry": { "type": "Polygon", "coordinates": [ [ [ 75.8791, 16.3401 ], [ 75.894, 16.3248 ], [ 75.9241, 16.3178 ], [ 75.9575, 16.2969 ], [ 76.0251, 16.3008 ], [ 76.0556, 16.2719 ], [ 76.0188, 16.241 ], [ 76.0077, 16.2399 ], [ 75.9962, 16.2159 ], [ 75.9516, 16.2205 ], [ 75.9523, 16.231 ], [ 75.9198, 16.2447 ], [ 75.9208, 16.2657 ], [ 75.9141, 16.2684 ], [ 75.8979, 16.2664 ], [ 75.8981, 16.2558 ], [ 75.8748, 16.2396 ], [ 75.849, 16.2416 ], [ 75.8483, 16.2219 ], [ 75.8417, 16.2178 ], [ 75.8106, 16.2143 ], [ 75.818, 16.2501 ], [ 75.7719, 16.2392 ], [ 75.7704, 16.2164 ], [ 75.7932, 16.2097 ], [ 75.7919, 16.2011 ], [ 75.7312, 16.2172 ], [ 75.7374, 16.2306 ], [ 75.721, 16.2579 ], [ 75.7367, 16.2712 ], [ 75.7333, 16.2894 ], [ 75.7529, 16.2967 ], [ 75.75, 16.3176 ], [ 75.7844, 16.3065 ], [ 75.7784, 16.3338 ], [ 75.8063, 16.3311 ], [ 75.8321, 16.3496 ], [ 75.8791, 16.3401 ] ] ] } },
{ "type": "Feature", "properties": { "area_id": "KGIS-H-020601", "name_en": "Ameenagada", "name_kn": "", "level": "panchayat", "parent_id": "KGIS-T-0206", "district_en": "Bagalkot", "lgd_code": null }, "geometry": { "type": "Polygon", "coordinates": [ [ [ 75.8719, 16.1739 ], [ 75.8892, 16.1571 ], [ 75.905, 16.1571 ], [ 75.9192, 16.1729 ], [ 75.9386, 16.171 ], [ 75.9263, 16.1243 ], [ 75.9411, 16.1094 ], [ 75.9563, 16.1136 ], [ 75.9548, 16.0874 ], [ 75.9375, 16.0848 ], [ 75.93, 16.0753 ], [ 75.9632, 16.0626 ], [ 75.9983, 16.0765 ], [ 75.9958, 16.06 ], [ 75.9721, 16.0414 ], [ 75.9738, 16.0166 ], [ 75.9517, 16.0107 ], [ 75.9195, 16.0192 ], [ 75.9327, 16.0403 ], [ 75.9123, 16.0481 ], [ 75.91, 16.0272 ], [ 75.8818, 16.0137 ], [ 75.885, 16.0031 ], [ 75.8793, 16.0131 ], [ 75.8432, 16.0305 ], [ 75.8532, 16.0385 ], [ 75.848, 16.0441 ], [ 75.8564, 16.0497 ], [ 75.8517, 16.0641 ], [ 75.8598, 16.0773 ], [ 75.8469, 16.0891 ], [ 75.8304, 16.0915 ], [ 75.8457, 16.1359 ], [ 75.8377, 16.14 ], [ 75.8423, 16.1571 ], [ 75.8646, 16.1526 ], [ 75.8766, 16.1123 ], [ 75.8873, 16.1108 ], [ 75.8904, 16.1189 ], [ 75.8701, 16.1438 ], [ 75.8719, 16.1739 ] ] ] } },
{ "type": "Feature", "properties": { "area_id": "KGIS-H-020602", "name_en": "Hunagunda", "name_kn": "", "level": "panchayat", "parent_id": "KGIS-T-0206", "district_en": "Bagalkot", "lgd_code": null }, "geometry": { "type": "Polygon", "coordinates": [ [ [ 76.0699, 16.2559 ], [ 76.0603, 16.2218 ], [ 76.0698, 16.2101 ], [ 76.0615, 16.1972 ], [ 76.0702, 16.1786 ], [ 76.0819, 16.1738 ], [ 76.0796, 16.1059 ], [ 76.0943, 16.0671 ], [ 76.0749, 16.0641 ], [ 76.0729, 16.0254 ], [ 76.0565, 16.0056 ], [ 75.9895, 16.0048 ], [ 75.9867, 15.9947 ], [ 75.9735, 15.9927 ], [ 75.9721, 16.0414 ], [ 75.9958, 16.06 ], [ 75.9983, 16.0765 ], [ 75.9632, 16.0626 ], [ 75.93, 16.0753 ], [ 75.9375, 16.0848 ], [ 75.9548, 16.0874 ], [ 75.9563, 16.1136 ], [ 75.9411, 16.1094 ], [ 75.9263, 16.1249 ], [ 75.9516, 16.2205 ], [ 75.9962, 16.2159 ], [ 76.0077, 16.2399 ], [ 76.0188, 16.241 ], [ 76.0556, 16.2719 ], [ 76.0699, 16.2559 ] ] ] } },
{ "type": "Feature", "properties": { "area_id": "KGIS-H-020604", "name_en": "Karadi", "name_kn": "", "level": "panchayat", "parent_id": "KGIS-T-0206", "district_en": "Bagalkot", "lgd_code": null }, "geometry": { "type": "Polygon", "coordinates": [ [ [ 76.1067, 16.1895 ], [ 76.2189, 16.1719 ], [ 76.2136, 16.1329 ], [ 76.2087, 16.1215 ], [ 76.1923, 16.1225 ], [ 76.167, 16.0927 ], [ 76.1431, 16.087 ], [ 76.1268, 16.0463 ], [ 76.1144, 16.0369 ], [ 76.0991, 16.0373 ], [ 76.0957, 16.011 ], [ 76.0605, 16.0115 ], [ 76.0729, 16.0254 ], [ 76.0749, 16.0641 ], [ 76.0943, 16.0671 ], [ 76.0796, 16.1059 ], [ 76.0819, 16.1738 ], [ 76.0702, 16.1786 ], [ 76.0614, 16.1982 ], [ 76.0698, 16.2101 ], [ 76.1067, 16.1895 ] ] ] } },
{ "type": "Feature", "properties": { "area_id": "KGIS-H-020703", "name_en": "Guledagudda", "name_kn": "", "level": "panchayat", "parent_id": "KGIS-T-0207", "district_en": "Bagalkot", "lgd_code": null }, "geometry": { "type": "Polygon", "coordinates": [ [ [ 75.6416, 16.145 ], [ 75.6453, 16.1092 ], [ 75.6743, 16.1047 ], [ 75.6785, 16.1123 ], [ 75.7319, 16.111 ], [ 75.7353, 16.0847 ], [ 75.7646, 16.0842 ], [ 75.7724, 16.0651 ], [ 75.7914, 16.0763 ], [ 75.7969, 16.0843 ], [ 75.7885, 16.0881 ], [ 75.7997, 16.0922 ], [ 75.8395, 16.0923 ], [ 75.8598, 16.0773 ], [ 75.8517, 16.0641 ], [ 75.8564, 16.0497 ], [ 75.848, 16.0441 ], [ 75.8532, 16.0385 ], [ 75.8428, 16.0313 ], [ 75.8793, 16.0131 ], [ 75.8734, 15.9919 ], [ 75.849, 15.985 ], [ 75.8605, 15.9645 ], [ 75.8507, 15.9419 ], [ 75.8554, 15.9343 ], [ 75.8364, 15.9247 ], [ 75.8051, 15.9277 ], [ 75.8028, 15.94 ], [ 75.818, 15.9462 ], [ 75.8092, 15.9579 ], [ 75.8187, 15.9651 ], [ 75.8183, 15.9812 ], [ 75.8032, 15.975 ], [ 75.8064, 15.9819 ], [ 75.7899, 15.9837 ], [ 75.7642, 15.9727 ], [ 75.7394, 15.978 ], [ 75.7369, 15.9868 ], [ 75.7121, 15.9856 ], [ 75.7114, 15.9956 ], [ 75.6986, 16.0035 ], [ 75.6884, 16.0419 ], [ 75.668, 16.025 ], [ 75.6402, 16.0295 ], [ 75.6297, 16.046 ], [ 75.6131, 16.0368 ], [ 75.6109, 16.049 ], [ 75.585, 16.055 ], [ 75.586, 16.0754 ], [ 75.6141, 16.0836 ], [ 75.6107, 16.1047 ], [ 75.6227, 16.1057 ], [ 75.6307, 16.1446 ], [ 75.6416, 16.145 ] ] ] } },
{ "type": "Feature", "properties": { "area_id": "KGIS-H-020801", "name_en": "Ameenagada", "name_kn": "", "level": "panchayat", "parent_id": "KGIS-T-0208", "district_en": "Bagalkot", "lgd_code": null }, "geometry": { "type": "Polygon", "coordinates": [ [ [ 75.9107, 16.0482 ], [ 75.9327, 16.0403 ], [ 75.9316, 16.032 ], [ 75.9195, 16.0192 ], [ 75.9517, 16.0107 ], [ 75.9723, 16.0164 ], [ 75.9735, 15.9927 ], [ 75.9819, 15.9917 ], [ 75.9737, 15.9861 ], [ 75.9789, 15.8709 ], [ 75.9655, 15.859 ], [ 75.9284, 15.8752 ], [ 75.9272, 15.8974 ], [ 75.902, 15.9228 ], [ 75.8918, 15.9168 ], [ 75.8791, 15.9313 ], [ 75.8509, 15.9408 ], [ 75.8605, 15.9639 ], [ 75.849, 15.985 ], [ 75.8734, 15.9919 ], [ 75.8783, 16.0069 ], [ 75.885, 16.0031 ], [ 75.8818, 16.0137 ], [ 75.91, 16.0272 ], [ 75.9107, 16.0482 ] ] ] } },
{ "type": "Feature", "properties": { "area_id": "KGIS-H-020803", "name_en": "Ilakalla", "name_kn": "", "level": "panchayat", "parent_id": "KGIS-T-0208", "district_en": "Bagalkot", "lgd_code": null }, "geometry": { "type": "Polygon", "coordinates": [ [ [ 76.171, 16.0661 ], [ 76.1536, 16.0417 ], [ 76.1844, 16.0335 ], [ 76.1938, 16.0513 ], [ 76.2286, 16.0501 ], [ 76.2292, 16.0556 ], [ 76.2465, 16.0543 ], [ 76.2494, 16.0641 ], [ 76.2734, 16.0552 ], [ 76.2703, 16.0472 ], [ 76.2778, 16.0419 ], [ 76.3034, 16.0391 ], [ 76.312, 16.0032 ], [ 76.2972, 15.9981 ], [ 76.2999, 15.9765 ], [ 76.3093, 15.957 ], [ 76.3225, 15.956 ], [ 76.3286, 15.9323 ], [ 76.3129, 15.9289 ], [ 76.3127, 15.9222 ], [ 76.2857, 15.9303 ], [ 76.2854, 15.9026 ], [ 76.2797, 15.903 ], [ 76.2741, 15.9105 ], [ 76.2618, 15.9067 ], [ 76.2569, 15.9229 ], [ 76.2301, 15.9233 ], [ 76.2265, 15.9409 ], [ 76.2005, 15.944 ], [ 76.1949, 15.9324 ], [ 76.172, 15.9317 ], [ 76.1719, 15.9248 ], [ 76.1599, 15.9211 ], [ 76.1453, 15.8951 ], [ 76.1253, 15.8941 ], [ 76.1173, 15.886 ], [ 76.1016, 15.9005 ], [ 76.0585, 15.906 ], [ 76.0848, 15.996 ], [ 76.0801, 16.01 ], [ 76.0957, 16.011 ], [ 76.0991, 16.0373 ], [ 76.124, 16.0439 ], [ 76.1376, 16.0712 ], [ 76.171, 16.0661 ] ] ] } },
{ "type": "Feature", "properties": { "area_id": "KGIS-H-020804", "name_en": "Karadi", "name_kn": "", "level": "panchayat", "parent_id": "KGIS-T-0208", "district_en": "Bagalkot", "lgd_code": null }, "geometry": { "type": "Polygon", "coordinates": [ [ [ 76.2468, 16.1271 ], [ 76.2446, 16.1132 ], [ 76.2542, 16.1095 ], [ 76.2558, 16.0974 ], [ 76.2678, 16.1097 ], [ 76.3325, 16.0913 ], [ 76.3275, 16.0775 ], [ 76.2588, 16.0912 ], [ 76.2604, 16.074 ], [ 76.3039, 16.0735 ], [ 76.3034, 16.0391 ], [ 76.2778, 16.0419 ], [ 76.2703, 16.0472 ], [ 76.2734, 16.0552 ], [ 76.2489, 16.0641 ], [ 76.2465, 16.0543 ], [ 76.2292, 16.0556 ], [ 76.2286, 16.0501 ], [ 76.1938, 16.0513 ], [ 76.1844, 16.0335 ], [ 76.1536, 16.0417 ], [ 76.171, 16.0661 ], [ 76.1383, 16.071 ], [ 76.1431, 16.087 ], [ 76.1696, 16.0945 ], [ 76.1923, 16.1225 ], [ 76.2087, 16.1215 ], [ 76.2189, 16.1719 ], [ 76.2385, 16.1652 ], [ 76.2343, 16.1305 ], [ 76.2468, 16.1271 ] ] ] } },
{ "type": "Feature", "properties": { "area_id": "KGIS-H-020901", "name_en": "Mudhola", "name_kn": "", "level": "panchayat", "parent_id": "KGIS-T-0209", "district_en": "Bagalkot", "lgd_code": null }, "geometry": { "type": "Polygon", "coordinates": [ [ [ 75.0736, 16.411 ], [ 75.121, 16.4094 ], [ 75.1163, 16.3715 ], [ 75.1204, 16.3581 ], [ 75.135, 16.3558 ], [ 75.1308, 16.331 ], [ 75.0956, 16.3249 ], [ 75.0578, 16.3315 ], [ 75.0437, 16.3196 ], [ 75.0327, 16.354 ], [ 75.0387, 16.3969 ], [ 75.0717, 16.404 ], [ 75.0736, 16.411 ] ] ] } },
{ "type": "Feature", "properties": { "area_id": "KGIS-H-020903", "name_en": "Teradala", "name_kn": "", "level": "panchayat", "parent_id": "KGIS-T-0209", "district_en": "Bagalkot", "lgd_code": null }, "geometry": { "type": "Polygon", "coordinates": [ [ [ 75.185, 16.5736 ], [ 75.2138, 16.5711 ], [ 75.2043, 16.5184 ], [ 75.2129, 16.4304 ], [ 75.0982, 16.4071 ], [ 75.0736, 16.411 ], [ 75.0774, 16.4376 ], [ 75.0282, 16.433 ], [ 75.0175, 16.4394 ], [ 75.0157, 16.4586 ], [ 74.9885, 16.4533 ], [ 74.9883, 16.5004 ], [ 75.0073, 16.5382 ], [ 75.0673, 16.5391 ], [ 75.0716, 16.5667 ], [ 75.0863, 16.5542 ], [ 75.1044, 16.5109 ], [ 75.1155, 16.5052 ], [ 75.132, 16.5214 ], [ 75.1628, 16.5333 ], [ 75.1671, 16.545 ], [ 75.1588, 16.5862 ], [ 75.185, 16.5736 ] ], [ [ 75.0419, 16.4541 ], [ 75.0374, 16.4393 ], [ 75.0412, 16.439 ], [ 75.0419, 16.4541 ] ] ] } },
{ "type": "Feature", "properties": { "area_id": "KGIS-H-030101", "name_en": "Bijapura", "name_kn": "", "level": "panchayat", "parent_id": "KGIS-T-0301", "district_en": "Vijayapura", "lgd_code": null }, "geometry": { "type": "Polygon", "coordinates": [ [ [ 75.9942, 16.9219 ], [ 76.0026, 16.9061 ], [ 75.9948, 16.8731 ], [ 76.026, 16.8544 ], [ 76.0193, 16.8492 ], [ 76.0194, 16.8249 ], [ 75.9986, 16.802 ], [ 75.9948, 16.742 ], [ 75.9823, 16.7446 ], [ 75.9826, 16.7572 ], [ 75.9666, 16.7579 ], [ 75.962, 16.7723 ], [ 75.9167, 16.7715 ], [ 75.9094, 16.7574 ], [ 75.8787, 16.7721 ], [ 75.8543, 16.766 ], [ 75.8471, 16.7529 ], [ 75.8499, 16.7108 ], [ 75.7718, 16.7134 ], [ 75.7656, 16.7066 ], [ 75.7239, 16.7073 ], [ 75.6929, 16.6979 ], [ 75.6937, 16.739 ], [ 75.6663, 16.744 ], [ 75.6633, 16.7682 ], [ 75.6717, 16.771 ], [ 75.6628, 16.8119 ], [ 75.6717, 16.8297 ], [ 75.6693, 16.8498 ], [ 75.6746, 16.8602 ], [ 75.6881, 16.864 ], [ 75.6945, 16.8998 ], [ 75.7154, 16.9041 ], [ 75.7163, 16.9104 ], [ 75.7436, 16.9111 ], [ 75.7394, 16.893 ], [ 75.7207, 16.8701 ], [ 75.7261, 16.8558 ], [ 75.7584, 16.8496 ], [ 75.7725, 16.8681 ], [ 75.8689, 16.8819 ], [ 75.8785, 16.8783 ], [ 75.8701, 16.8598 ], [ 75.8815, 16.8529 ], [ 75.8803, 16.846 ], [ 75.9194, 16.8476 ], [ 75.9557, 16.8558 ], [ 75.9481, 16.8913 ], [ 75.9548, 16.9184 ], [ 75.9942, 16.9219 ] ] ] } },
{ "type": "Feature", "properties": { "area_id": "KGIS-H-030104", "name_en": "Nagatana", "name_kn": "", "level": "panchayat", "parent_id": "KGIS-T-0301", "district_en": "Vijayapura", "lgd_code": null }, "geometry": { "type": "Polygon", "coordinates": [ [ [ 75.7426, 17.0697 ], [ 75.7658, 17.0696 ], [ 75.7658, 17.0254 ], [ 75.796, 17.0142 ], [ 75.7983, 17.0011 ], [ 75.8323, 17.0026 ], [ 75.8336, 16.9763 ], [ 75.8431, 16.97 ], [ 75.8603, 16.9773 ], [ 75.8599, 16.9594 ], [ 75.8831, 16.9583 ], [ 75.8893, 16.946 ], [ 75.9084, 16.9568 ], [ 75.9024, 16.9793 ], [ 75.9286, 16.9691 ], [ 75.9222, 16.9608 ], [ 75.931, 16.9326 ], [ 75.9529, 16.9338 ], [ 75.9483, 16.8845 ], [ 75.9557, 16.8558 ], [ 75.8803, 16.846 ], [ 75.8815, 16.8529 ], [ 75.8701, 16.8598 ], [ 75.8785, 16.8783 ], [ 75.8678, 16.8819 ], [ 75.8094, 16.8774 ], [ 75.7936, 16.8669 ], [ 75.7725, 16.8681 ], [ 75.7584, 16.8496 ], [ 75.7477, 16.8547 ], [ 75.757, 16.8757 ], [ 75.7833, 16.9018 ], [ 75.7861, 16.9387 ], [ 75.7333, 16.9325 ], [ 75.7383, 16.9464 ], [ 75.7091, 16.9508 ], [ 75.6912, 16.97 ], [ 75.6732, 16.9705 ], [ 75.6657, 16.9797 ], [ 75.6698, 17.038 ], [ 75.6403, 17.0376 ], [ 75.659, 17.0638 ], [ 75.6764, 17.0653 ], [ 75.7193, 17.0843 ], [ 75.718, 17.09 ], [ 75.7269, 17.0896 ], [ 75.7426, 17.0697 ] ] ] } },
{ "type": "Feature", "properties": { "area_id": "KGIS-H-030201", "name_en": "Indi", "name_kn": "", "level": "panchayat", "parent_id": "KGIS-T-0302", "district_en": "Vijayapura", "lgd_code": null }, "geometry": { "type": "Polygon", "coordinates": [ [ [ 75.9992, 17.3332 ], [ 76.0118, 17.3542 ], [ 76.0644, 17.3539 ], [ 76.0743, 17.3359 ], [ 76.0665, 17.3091 ], [ 76.099, 17.2897 ], [ 76.0879, 17.2569 ], [ 76.1223, 17.2484 ], [ 76.1778, 17.1922 ], [ 76.195, 17.1843 ], [ 76.1956, 17.1766 ], [ 76.1728, 17.1704 ], [ 76.1661, 17.1517 ], [ 76.195, 17.144 ], [ 76.1946, 17.1214 ], [ 76.1718, 17.1169 ], [ 76.176, 17.1095 ], [ 76.1684, 17.0882 ], [ 76.1472, 17.0595 ], [ 76.1232, 17.0616 ], [ 76.1129, 17.0543 ], [ 76.0963, 17.0169 ], [ 76.0695, 17.0277 ], [ 76.0603, 16.9994 ], [ 76.0926, 16.9922 ], [ 76.0935, 16.9803 ], [ 76.061, 16.9689 ], [ 76.0573, 16.9844 ], [ 76.0306, 16.9871 ], [ 76.0233, 16.974 ], [ 75.9991, 16.9688 ], [ 76.0004, 16.9601 ], [ 75.9634, 16.9633 ], [ 75.9606, 16.9579 ], [ 75.9507, 16.9621 ], [ 75.9474, 16.9741 ], [ 75.954, 16.9769 ], [ 75.9442, 17.0564 ], [ 75.9567, 17.0578 ], [ 75.9579, 17.0714 ], [ 75.952, 17.1181 ], [ 75.9308, 17.1152 ], [ 75.917, 17.1615 ], [ 75.894, 17.1604 ], [ 75.8878, 17.1936 ], [ 75.8901, 17.2112 ], [ 75.9462, 17.2126 ], [ 75.9493, 17.2296 ], [ 75.9826, 17.255 ], [ 76.0023, 17.283 ], [ 75.9992, 17.3332 ] ] ] } },
{ "type": "Feature", "properties": { "area_id": "KGIS-H-030202", "name_en": "Ballolli", "name_kn": "", "level": "panchayat", "parent_id": "KGIS-T-0302", "district_en": "Vijayapura", "lgd_code": null }, "geometry": { "type": "Polygon", "coordinates": [ [ [ 75.9012, 17.3511 ], [ 75.9323, 17.3243 ], [ 75.9675, 17.3372 ], [ 75.9995, 17.3378 ], [ 76.0023, 17.283 ], [ 75.9826, 17.255 ], [ 75.9493, 17.2296 ], [ 75.9462, 17.2126 ], [ 75.8901, 17.2112 ], [ 75.8878, 17.1936 ], [ 75.894, 17.1604 ], [ 75.917, 17.1615 ], [ 75.9308, 17.1152 ], [ 75.952, 17.1181 ], [ 75.954, 17.1098 ], [ 75.9567, 17.0578 ], [ 75.9442, 17.0564 ], [ 75.954, 16.9769 ], [ 75.9474, 16.9741 ], [ 75.9507, 16.9621 ], [ 75.9606, 16.9581 ], [ 75.9471, 16.9328 ], [ 75.931, 16.9326 ], [ 75.9222, 16.9608 ], [ 75.9286, 16.9691 ], [ 75.9158, 16.9773 ], [ 75.9024, 16.9793 ], [ 75.9084, 16.9568 ], [ 75.8893, 16.946 ], [ 75.8831, 16.9583 ], [ 75.8599, 16.9594 ], [ 75.8603, 16.9773 ], [ 75.8406, 16.971 ], [ 75.8335, 16.9765 ], [ 75.8323, 17.0026 ], [ 75.7983, 17.0011 ], [ 75.796, 17.0142 ], [ 75.7658, 17.0254 ], [ 75.7658, 17.0696 ], [ 75.7431, 17.0685 ], [ 75.7239, 17.0902 ], [ 75.7227, 17.129 ], [ 75.7317, 17.1451 ], [ 75.7309, 17.1644 ], [ 75.7249, 17.1658 ], [ 75.7319, 17.1889 ], [ 75.7415, 17.1917 ], [ 75.7852, 17.1732 ], [ 75.7931, 17.1951 ], [ 75.79, 17.2207 ], [ 75.7568, 17.229 ], [ 75.7628, 17.2817 ], [ 75.8008, 17.2766 ], [ 75.814, 17.3029 ], [ 75.8375, 17.3073 ], [ 75.8605, 17.2881 ], [ 75.9121, 17.2779 ], [ 75.914, 17.2981 ], [ 75.8876, 17.303 ], [ 75.8818, 17.3378 ], [ 75.9012, 17.3511 ] ] ] } },
{ "type": "Feature", "properties": { "area_id": "KGIS-H-030301", "name_en": "Sindagi", "name_kn": "", "level": "panchayat", "parent_id": "KGIS-T-0303", "district_en": "Vijayapura", "lgd_code": null }, "geometry": { "type": "MultiPolygon", "coordinates": [ [ [ [ 76.1764, 17.0172 ], [ 76.208, 17.0049 ], [ 76.2288, 17.0074 ], [ 76.2319, 17.0001 ], [ 76.2626, 17.0165 ], [ 76.2688, 16.9578 ], [ 76.3193, 16.9728 ], [ 76.338, 16.9638 ], [ 76.3403, 16.9514 ], [ 76.3659, 16.9565 ], [ 76.3881, 16.9111 ], [ 76.3958, 16.9114 ], [ 76.3993, 16.9353 ], [ 76.428, 16.9272 ], [ 76.434, 16.9435 ], [ 76.4475, 16.9406 ], [ 76.4658, 16.9023 ], [ 76.4338, 16.8978 ], [ 76.4334, 16.8822 ], [ 76.438, 16.8683 ], [ 76.4588, 16.8673 ], [ 76.4709, 16.8391 ], [ 76.4597, 16.8329 ], [ 76.4296, 16.8371 ], [ 76.4291, 16.8509 ], [ 76.3742, 16.8584 ], [ 76.3588, 16.8425 ], [ 76.3512, 16.8193 ], [ 76.4139, 16.8135 ], [ 76.4103, 16.7987 ], [ 76.3962, 16.8057 ], [ 76.3778, 16.8011 ], [ 76.3706, 16.7675 ], [ 76.4355, 16.7646 ], [ 76.4427, 16.7571 ], [ 76.4401, 16.7424 ], [ 76.3923, 16.7211 ], [ 76.3945, 16.7419 ], [ 76.3744, 16.7434 ], [ 76.3687, 16.7671 ], [ 76.3391, 16.7574 ], [ 76.3058, 16.7681 ], [ 76.2938, 16.746 ], [ 76.2773, 16.7446 ], [ 76.2566, 16.7081 ], [ 76.2421, 16.6994 ], [ 76.2208, 16.7018 ], [ 76.2376, 16.7413 ], [ 76.2378, 16.7636 ], [ 76.268, 16.7766 ], [ 76.2436, 16.7875 ], [ 76.1812, 16.7937 ], [ 76.166, 16.8047 ], [ 76.1673, 16.8252 ], [ 76.1527, 16.8373 ], [ 76.0982, 16.8332 ], [ 76.0988, 16.846 ], [ 76.085, 16.852 ], [ 76.1029, 16.8756 ], [ 76.1158, 16.8783 ], [ 76.1143, 16.8986 ], [ 76.0773, 16.9014 ], [ 76.0753, 16.8924 ], [ 76.0561, 16.9053 ], [ 76.0591, 16.967 ], [ 76.0933, 16.9831 ], [ 76.1624, 16.9869 ], [ 76.1764, 17.0172 ] ] ], [ [ [ 76.0695, 17.0277 ], [ 76.0963, 17.0169 ], [ 76.0926, 16.9922 ], [ 76.0603, 16.9994 ], [ 76.0695, 17.0277 ] ] ] ] } },
{ "type": "Feature", "properties": { "area_id": "KGIS-H-030302", "name_en": "Alamela", "name_kn": "", "level": "panchayat", "parent_id": "KGIS-T-0303", "district_en": "Vijayapura", "lgd_code": null }, "geometry": { "type": "Polygon", "coordinates": [ [ [ 76.3666, 17.1076 ], [ 76.3886, 17.0979 ], [ 76.3881, 17.0751 ], [ 76.396, 17.0705 ], [ 76.4297, 17.0989 ], [ 76.4272, 17.0534 ], [ 76.4411, 16.9991 ], [ 76.4368, 16.9818 ], [ 76.4006, 16.9773 ], [ 76.3958, 16.9114 ], [ 76.3827, 16.9156 ], [ 76.3659, 16.9565 ], [ 76.3403, 16.9514 ], [ 76.338, 16.9638 ], [ 76.3193, 16.9728 ], [ 76.2688, 16.9578 ], [ 76.2626, 17.0165 ], [ 76.2319, 17.0001 ], [ 76.2288, 17.0074 ], [ 76.208, 17.0049 ], [ 76.1764, 17.0172 ], [ 76.1624, 16.9869 ], [ 76.0933, 16.9831 ], [ 76.0969, 17.0213 ], [ 76.1129, 17.0543 ], [ 76.1232, 17.0616 ], [ 76.1472, 17.0595 ], [ 76.1684, 17.0882 ], [ 76.176, 17.1095 ], [ 76.1718, 17.1169 ], [ 76.1946, 17.1214 ], [ 76.195, 17.144 ], [ 76.1661, 17.1517 ], [ 76.1728, 17.1704 ], [ 76.1956, 17.1766 ], [ 76.1951, 17.184 ], [ 76.2207, 17.1859 ], [ 76.2406, 17.1519 ], [ 76.2573, 17.1492 ], [ 76.2791, 17.1665 ], [ 76.3269, 17.169 ], [ 76.3601, 17.1855 ], [ 76.3681, 17.1637 ], [ 76.3599, 17.1409 ], [ 76.3885, 17.1463 ], [ 76.3948, 17.1406 ], [ 76.3889, 17.13 ], [ 76.3635, 17.118 ], [ 76.3666, 17.1076 ] ] ] } },
{ "type": "Feature", "properties": { "area_id": "KGIS-H-030401", "name_en": "Ba Bagevadi", "name_kn": "", "level": "panchayat", "parent_id": "KGIS-T-0304", "district_en": "Vijayapura", "lgd_code": null }, "geometry": { "type": "MultiPolygon", "coordinates": [ [ [ [ 76.0066, 16.7025 ], [ 76.015, 16.6886 ], [ 76.0454, 16.6803 ], [ 76.0398, 16.6486 ], [ 76.0582, 16.6346 ], [ 76.0573, 16.6082 ], [ 76.0285, 16.6098 ], [ 76.0183, 16.5787 ], [ 76.0158, 16.5554 ], [ 76.0279, 16.518 ], [ 75.9933, 16.5117 ], [ 75.9954, 16.5011 ], [ 75.9865, 16.5022 ], [ 75.9856, 16.4947 ], [ 75.966, 16.4981 ], [ 75.9633, 16.4768 ], [ 75.9558, 16.4823 ], [ 75.9449, 16.4635 ], [ 75.9198, 16.454 ], [ 75.9166, 16.4787 ], [ 75.9086, 16.4812 ], [ 75.9131, 16.4978 ], [ 75.8533, 16.507 ], [ 75.8528, 16.5869 ], [ 75.8833, 16.5818 ], [ 75.894, 16.5868 ], [ 75.902, 16.6475 ], [ 75.9093, 16.6414 ], [ 75.9386, 16.6437 ], [ 75.9387, 16.6757 ], [ 75.9261, 16.6877 ], [ 75.9322, 16.6981 ], [ 75.9759, 16.6873 ], [ 75.9798, 16.7014 ], [ 76.0066, 16.7025 ] ] ], [ [ [ 75.9952, 16.7624 ], [ 76.0258, 16.7602 ], [ 76.0266, 16.7315 ], [ 75.9951, 16.7403 ], [ 75.9952, 16.7624 ] ] ] ] } },
{ "type": "Feature", "properties": { "area_id": "KGIS-H-030402", "name_en": "Ho Hipparagi", "name_kn": "", "level": "panchayat", "parent_id": "KGIS-T-0304", "district_en": "Vijayapura", "lgd_code": null }, "geometry": { "type": "Polygon", "coordinates": [ [ [ 76.0139, 16.7248 ], [ 76.041, 16.7159 ], [ 76.0487, 16.6958 ], [ 76.0891, 16.6947 ], [ 76.0859, 16.6556 ], [ 76.1353, 16.645 ], [ 76.1457, 16.6364 ], [ 76.1701, 16.6609 ], [ 76.1784, 16.6555 ], [ 76.2107, 16.6627 ], [ 76.2244, 16.6502 ], [ 76.1725, 16.6351 ], [ 76.156, 16.613 ], [ 76.1668, 16.6038 ], [ 76.1893, 16.6108 ], [ 76.2033, 16.586 ], [ 76.2141, 16.5844 ], [ 76.2006, 16.5483 ], [ 76.1367, 16.5603 ], [ 76.1215, 16.4978 ], [ 76.1036, 16.4804 ], [ 76.0828, 16.4824 ], [ 76.0806, 16.4754 ], [ 76.0549, 16.4732 ], [ 76.0329, 16.4409 ], [ 76.0138, 16.4536 ], [ 76.0157, 16.4723 ], [ 75.9957, 16.4746 ], [ 75.9856, 16.4933 ], [ 75.9865, 16.5022 ], [ 75.9954, 16.5011 ], [ 75.9933, 16.5117 ], [ 76.0279, 16.518 ], [ 76.0158, 16.5554 ], [ 76.0285, 16.6098 ], [ 76.0573, 16.6082 ], [ 76.0582, 16.6346 ], [ 76.0384, 16.6538 ], [ 76.0454, 16.6803 ], [ 76.015, 16.6886 ], [ 76.0063, 16.7031 ], [ 76.0139, 16.7248 ] ] ] } },
{ "type": "Feature", "properties": { "area_id": "KGIS-H-030403", "name_en": "Managuli", "name_kn": "", "level": "panchayat", "parent_id": "KGIS-T-0304", "district_en": "Vijayapura", "lgd_code": null }, "geometry": { "type": "Polygon", "coordinates": [ [ [ 75.962, 16.7723 ], [ 75.9666, 16.7579 ], [ 75.9826, 16.7572 ], [ 75.9823, 16.7446 ], [ 76.0141, 16.7325 ], [ 76.0063, 16.7031 ], [ 75.9798, 16.7014 ], [ 75.9759, 16.6873 ], [ 75.9322, 16.6981 ], [ 75.9261, 16.6877 ], [ 75.9387, 16.6757 ], [ 75.9386, 16.6437 ], [ 75.9093, 16.6414 ], [ 75.902, 16.6475 ], [ 75.894, 16.5868 ], [ 75.8257, 16.5836 ], [ 75.8259, 16.5914 ], [ 75.7672, 16.5998 ], [ 75.7666, 16.6422 ], [ 75.7423, 16.6605 ], [ 75.7387, 16.6752 ], [ 75.7621, 16.6962 ], [ 75.7659, 16.7123 ], [ 75.8499, 16.7108 ], [ 75.8525, 16.7377 ], [ 75.8453, 16.7484 ], [ 75.8543, 16.766 ], [ 75.8814, 16.7723 ], [ 75.9094, 16.7574 ], [ 75.9167, 16.7715 ], [ 75.962, 16.7723 ] ] ] } },
{ "type": "Feature", "properties": { "area_id": "KGIS-H-030501", "name_en": "Muddebihala", "name_kn": "", "level": "panchayat", "parent_id": "KGIS-T-0305", "district_en": "Vijayapura", "lgd_code": null }, "geometry": { "type": "Polygon", "coordinates": [ [ [ 76.1367, 16.402 ], [ 76.1936, 16.4011 ], [ 76.1972, 16.3201 ], [ 76.1597, 16.321 ], [ 76.1468, 16.2911 ], [ 76.1827, 16.2798 ], [ 76.1803, 16.2468 ], [ 76.1888, 16.2403 ], [ 76.2255, 16.2398 ], [ 76.2219, 16.2214 ], [ 76.2065, 16.2183 ], [ 76.1984, 16.1774 ], [ 76.1602, 16.1846 ], [ 76.1368, 16.1809 ], [ 76.0712, 16.2092 ], [ 76.0598, 16.2265 ], [ 76.0688, 16.2579 ], [ 76.0268, 16.2999 ], [ 75.9985, 16.3047 ], [ 76.0005, 16.3391 ], [ 76.0255, 16.3377 ], [ 76.0299, 16.3281 ], [ 76.0453, 16.3241 ], [ 76.0503, 16.3381 ], [ 76.0653, 16.336 ], [ 76.0804, 16.3527 ], [ 76.0998, 16.3507 ], [ 76.1041, 16.3426 ], [ 76.1328, 16.3489 ], [ 76.1367, 16.402 ] ] ] } },
{ "type": "Feature", "properties": { "area_id": "KGIS-H-030502", "name_en": "Davalagi", "name_kn": "", "level": "panchayat", "parent_id": "KGIS-T-0305", "district_en": "Vijayapura", "lgd_code": null }, "geometry": { "type": "Polygon", "coordinates": [ [ [ 76.1649, 16.5116 ], [ 76.1923, 16.4985 ], [ 76.186, 16.465 ], [ 76.2191, 16.4585 ], [ 76.2102, 16.4352 ], [ 76.2196, 16.4346 ], [ 76.2289, 16.4218 ], [ 76.2584, 16.4225 ], [ 76.2378, 16.3731 ], [ 76.2235, 16.3835 ], [ 76.19, 16.3823 ], [ 76.1905, 16.4024 ], [ 76.1399, 16.4036 ], [ 76.1328, 16.3489 ], [ 76.1041, 16.3426 ], [ 76.0998, 16.3507 ], [ 76.0804, 16.3527 ], [ 76.0653, 16.336 ], [ 76.0503, 16.3381 ], [ 76.0453, 16.3241 ], [ 76.0299, 16.3281 ], [ 76.0255, 16.3377 ], [ 75.989, 16.3379 ], [ 76.0011, 16.3759 ], [ 76.0132, 16.3834 ], [ 76.0239, 16.4277 ], [ 76.0501, 16.4698 ], [ 76.0806, 16.4754 ], [ 76.0828, 16.4824 ], [ 76.1036, 16.4804 ], [ 76.1211, 16.4976 ], [ 76.1537, 16.4799 ], [ 76.1649, 16.5116 ] ] ] } },
{ "type": "Feature", "properties": { "area_id": "KGIS-H-030504", "name_en": "Nalatavada", "name_kn": "", "level": "panchayat", "parent_id": "KGIS-T-0305", "district_en": "Vijayapura", "lgd_code": null }, "geometry": { "type": "Polygon", "coordinates": [ [ [ 76.2471, 16.3941 ], [ 76.2712, 16.3573 ], [ 76.2791, 16.3612 ], [ 76.2822, 16.3799 ], [ 76.3045, 16.3789 ], [ 76.3143, 16.3482 ], [ 76.2919, 16.335 ], [ 76.2952, 16.3204 ], [ 76.3028, 16.3189 ], [ 76.2997, 16.2833 ], [ 76.3184, 16.287 ], [ 76.3479, 16.2776 ], [ 76.3453, 16.2496 ], [ 76.3526, 16.2346 ], [ 76.339, 16.2029 ], [ 76.3301, 16.1935 ], [ 76.2971, 16.1854 ], [ 76.2788, 16.1525 ], [ 76.1984, 16.1774 ], [ 76.2065, 16.2183 ], [ 76.2219, 16.2214 ], [ 76.2255, 16.2398 ], [ 76.1888, 16.2403 ], [ 76.1803, 16.2468 ], [ 76.1827, 16.2798 ], [ 76.1468, 16.2911 ], [ 76.1597, 16.321 ], [ 76.1972, 16.3201 ], [ 76.1984, 16.3825 ], [ 76.2235, 16.3835 ], [ 76.2378, 16.3731 ], [ 76.2417, 16.3946 ], [ 76.2471, 16.3941 ] ] ] } },
{ "type": "Feature", "properties": { "area_id": "KGIS-H-030601", "name_en": "Ba Bagevadi", "name_kn": "", "level": "panchayat", "parent_id": "KGIS-T-0306", "district_en": "Vijayapura", "lgd_code": null }, "geometry": { "type": "MultiPolygon", "coordinates": [ [ [ [ 75.9558, 16.4823 ], [ 75.9671, 16.4629 ], [ 75.9767, 16.4632 ], [ 75.9792, 16.4476 ], [ 75.9619, 16.3989 ], [ 75.9139, 16.399 ], [ 75.9125, 16.4223 ], [ 75.9217, 16.4237 ], [ 75.9296, 16.4553 ], [ 75.9476, 16.466 ], [ 75.9558, 16.4823 ] ] ], [ [ [ 75.9024, 16.45 ], [ 75.9012, 16.4775 ], [ 75.9049, 16.4821 ], [ 75.9166, 16.4787 ], [ 75.9198, 16.454 ], [ 75.9024, 16.45 ] ] ] ] } },
{ "type": "Feature", "properties": { "area_id": "KGIS-H-030602", "name_en": "Ho Hipparagi", "name_kn": "", "level": "panchayat", "parent_id": "KGIS-T-0306", "district_en": "Vijayapura", "lgd_code": null }, "geometry": { "type": "Polygon", "coordinates": [ [ [ 75.966, 16.4981 ], [ 75.9918, 16.4909 ], [ 75.9957, 16.4746 ], [ 76.0157, 16.4723 ], [ 76.0138, 16.4536 ], [ 76.033, 16.4408 ], [ 75.9894, 16.3395 ], [ 75.9709, 16.3431 ], [ 75.9742, 16.3549 ], [ 75.9633, 16.363 ], [ 75.9619, 16.399 ], [ 75.9792, 16.4476 ], [ 75.9632, 16.484 ], [ 75.966, 16.4981 ] ] ] } },
{ "type": "Feature", "properties": { "area_id": "KGIS-H-030604", "name_en": "Nidagundi", "name_kn": "", "level": "panchayat", "parent_id": "KGIS-T-0306", "district_en": "Vijayapura", "lgd_code": null }, "geometry": { "type": "MultiPolygon", "coordinates": [ [ [ [ 75.8579, 16.5021 ], [ 75.9131, 16.4978 ], [ 75.9012, 16.4775 ], [ 75.9024, 16.45 ], [ 75.9307, 16.4522 ], [ 75.9217, 16.4237 ], [ 75.9125, 16.4223 ], [ 75.9139, 16.399 ], [ 75.9639, 16.3985 ], [ 75.9576, 16.3464 ], [ 75.933, 16.3378 ], [ 75.9163, 16.3408 ], [ 75.9127, 16.3219 ], [ 75.894, 16.3248 ], [ 75.8699, 16.3459 ], [ 75.8374, 16.3499 ], [ 75.8132, 16.3704 ], [ 75.7804, 16.3785 ], [ 75.7981, 16.4145 ], [ 75.8222, 16.4141 ], [ 75.8299, 16.4385 ], [ 75.8362, 16.4393 ], [ 75.8349, 16.4609 ], [ 75.844, 16.4759 ], [ 75.8347, 16.4993 ], [ 75.8507, 16.5085 ], [ 75.8579, 16.5021 ] ] ], [ [ [ 75.8031, 16.4346 ], [ 75.7977, 16.4178 ], [ 75.786, 16.4301 ], [ 75.7683, 16.4323 ], [ 75.7726, 16.4441 ], [ 75.8031, 16.4346 ] ] ] ] } },
{ "type": "Feature", "properties": { "area_id": "KGIS-H-030605", "name_en": "Muddebihala", "name_kn": "", "level": "panchayat", "parent_id": "KGIS-T-0306", "district_en": "Vijayapura", "lgd_code": null }, "geometry": { "type": "Polygon", "coordinates": [ [ [ 75.9685, 16.3626 ], [ 75.9709, 16.3431 ], [ 75.9897, 16.3396 ], [ 75.9865, 16.3279 ], [ 75.9747, 16.322 ], [ 75.9846, 16.3008 ], [ 75.9575, 16.2969 ], [ 75.9127, 16.3219 ], [ 75.9149, 16.3401 ], [ 75.9576, 16.3464 ], [ 75.9612, 16.3629 ], [ 75.9685, 16.3626 ] ] ] } },
{ "type": "Feature", "properties": { "area_id": "KGIS-H-030606", "name_en": "Davalagi", "name_kn": "", "level": "panchayat", "parent_id": "KGIS-T-0306", "district_en": "Vijayapura", "lgd_code": null }, "geometry": { "type": "Polygon", "coordinates": [ [ [ 75.9956, 16.3371 ], [ 75.999, 16.3021 ], [ 75.9904, 16.2994 ], [ 75.9747, 16.322 ], [ 75.9956, 16.3371 ] ] ] } },
{ "type": "Feature", "properties": { "area_id": "KGIS-H-030702", "name_en": "Babaleshvara", "name_kn": "", "level": "panchayat", "parent_id": "KGIS-T-0307", "district_en": "Vijayapura", "lgd_code": null }, "geometry": { "type": "Polygon", "coordinates": [ [ [ 75.6, 16.7813 ], [ 75.6138, 16.748 ], [ 75.6645, 16.7537 ], [ 75.6663, 16.744 ], [ 75.6937, 16.739 ], [ 75.6929, 16.6979 ], [ 75.7239, 16.7073 ], [ 75.7663, 16.7051 ], [ 75.7366, 16.6708 ], [ 75.717, 16.6691 ], [ 75.7156, 16.5636 ], [ 75.691, 16.5379 ], [ 75.6626, 16.5572 ], [ 75.6419, 16.5521 ], [ 75.6032, 16.5712 ], [ 75.5926, 16.5579 ], [ 75.5774, 16.559 ], [ 75.5762, 16.5346 ], [ 75.5147, 16.5254 ], [ 75.5116, 16.5687 ], [ 75.4856, 16.5747 ], [ 75.4912, 16.5995 ], [ 75.4619, 16.6222 ], [ 75.4548, 16.6643 ], [ 75.4471, 16.6653 ], [ 75.4376, 16.6979 ], [ 75.4881, 16.6945 ], [ 75.492, 16.7455 ], [ 75.5105, 16.7469 ], [ 75.5158, 16.7717 ], [ 75.5524, 16.76 ], [ 75.5617, 16.7735 ], [ 75.6, 16.7813 ] ] ] } },
{ "type": "Feature", "properties": { "area_id": "KGIS-H-030703", "name_en": "Mamadapura", "name_kn": "", "level": "panchayat", "parent_id": "KGIS-T-0307", "district_en": "Vijayapura", "lgd_code": null }, "geometry": { "type": "Polygon", "coordinates": [ [ [ 75.4896, 16.5721 ], [ 75.5116, 16.5687 ], [ 75.5147, 16.5254 ], [ 75.5207, 16.5246 ], [ 75.5762, 16.5346 ], [ 75.5774, 16.559 ], [ 75.5926, 16.5579 ], [ 75.6032, 16.5712 ], [ 75.647, 16.5521 ], [ 75.6399, 16.5298 ], [ 75.6461, 16.5189 ], [ 75.6294, 16.4939 ], [ 75.6423, 16.4947 ], [ 75.6528, 16.4808 ], [ 75.6427, 16.4404 ], [ 75.6014, 16.4475 ], [ 75.5755, 16.4131 ], [ 75.5663, 16.4127 ], [ 75.5553, 16.4265 ], [ 75.5505, 16.458 ], [ 75.5305, 16.4661 ], [ 75.4994, 16.454 ], [ 75.4988, 16.4319 ], [ 75.4877, 16.4183 ], [ 75.4458, 16.4168 ], [ 75.4328, 16.4388 ], [ 75.4652, 16.4726 ], [ 75.4562, 16.5057 ], [ 75.4854, 16.5074 ], [ 75.4882, 16.5547 ], [ 75.4724, 16.5637 ], [ 75.4896, 16.5721 ] ] ] } },
{ "type": "Feature", "properties": { "area_id": "KGIS-H-030803", "name_en": "Chadachana", "name_kn": "", "level": "panchayat", "parent_id": "KGIS-T-0308", "district_en": "Vijayapura", "lgd_code": null }, "geometry": { "type": "Polygon", "coordinates": [ [ [ 75.6341, 17.4795 ], [ 75.6782, 17.456 ], [ 75.6894, 17.4129 ], [ 75.7162, 17.4108 ], [ 75.733, 17.4225 ], [ 75.7657, 17.408 ], [ 75.7803, 17.3786 ], [ 75.8037, 17.3698 ], [ 75.8134, 17.3759 ], [ 75.8197, 17.4214 ], [ 75.851, 17.4133 ], [ 75.8607, 17.3862 ], [ 75.8743, 17.3993 ], [ 75.875, 17.4167 ], [ 75.8864, 17.4182 ], [ 75.8982, 17.3771 ], [ 75.8917, 17.3593 ], [ 75.8981, 17.3511 ], [ 75.8818, 17.3378 ], [ 75.8876, 17.303 ], [ 75.9139, 17.2982 ], [ 75.9153, 17.2916 ], [ 75.9121, 17.2779 ], [ 75.9012, 17.2792 ], [ 75.8605, 17.2881 ], [ 75.8442, 17.3055 ], [ 75.8277, 17.3068 ], [ 75.8135, 17.3025 ], [ 75.8008, 17.2766 ], [ 75.7634, 17.2826 ], [ 75.7568, 17.229 ], [ 75.79, 17.2207 ], [ 75.7885, 17.1802 ], [ 75.7852, 17.1732 ], [ 75.7745, 17.1741 ], [ 75.7466, 17.1899 ], [ 75.7319, 17.1889 ], [ 75.7249, 17.1658 ], [ 75.7309, 17.1644 ], [ 75.7317, 17.1451 ], [ 75.7227, 17.129 ], [ 75.7239, 17.0902 ], [ 75.6792, 17.0698 ], [ 75.6724, 17.1157 ], [ 75.6504, 17.1155 ], [ 75.6502, 17.1347 ], [ 75.6254, 17.1739 ], [ 75.6284, 17.1887 ], [ 75.6403, 17.1892 ], [ 75.6622, 17.2145 ], [ 75.6549, 17.2724 ], [ 75.6274, 17.2738 ], [ 75.622, 17.2951 ], [ 75.6033, 17.3047 ], [ 75.6124, 17.327 ], [ 75.6102, 17.3446 ], [ 75.5816, 17.3509 ], [ 75.5754, 17.384 ], [ 75.6135, 17.3915 ], [ 75.6066, 17.4201 ], [ 75.6341, 17.4795 ] ] ] } },
{ "type": "Feature", "properties": { "area_id": "KGIS-H-030902", "name_en": "Davalagi", "name_kn": "", "level": "panchayat", "parent_id": "KGIS-T-0309", "district_en": "Vijayapura", "lgd_code": null }, "geometry": { "type": "MultiPolygon", "coordinates": [ [ [ [ 76.279, 16.3616 ], [ 76.2695, 16.3575 ], [ 76.2581, 16.3641 ], [ 76.2511, 16.3928 ], [ 76.2585, 16.4159 ], [ 76.2829, 16.4088 ], [ 76.279, 16.3616 ] ] ], [ [ [ 76.1934, 16.4892 ], [ 76.2454, 16.4765 ], [ 76.2536, 16.4622 ], [ 76.2715, 16.4575 ], [ 76.2584, 16.4225 ], [ 76.2267, 16.4228 ], [ 76.2196, 16.4346 ], [ 76.2102, 16.4352 ], [ 76.2191, 16.4585 ], [ 76.186, 16.465 ], [ 76.1934, 16.4892 ] ] ], [ [ [ 76.1367, 16.5603 ], [ 76.2007, 16.5484 ], [ 76.2013, 16.5173 ], [ 76.1923, 16.4985 ], [ 76.1649, 16.5116 ], [ 76.1537, 16.4799 ], [ 76.1212, 16.4973 ], [ 76.1367, 16.5603 ] ] ] ] } },
{ "type": "Feature", "properties": { "area_id": "KGIS-H-030903", "name_en": "Talikoti", "name_kn": "", "level": "panchayat", "parent_id": "KGIS-T-0309", "district_en": "Vijayapura", "lgd_code": null }, "geometry": { "type": "Polygon", "coordinates": [ [ [ 76.306, 16.6178 ], [ 76.3061, 16.599 ], [ 76.33, 16.5932 ], [ 76.3309, 16.5864 ], [ 76.3953, 16.5805 ], [ 76.4162, 16.59 ], [ 76.4341, 16.5187 ], [ 76.435, 16.4358 ], [ 76.3901, 16.4378 ], [ 76.3848, 16.4257 ], [ 76.3583, 16.4224 ], [ 76.332, 16.4272 ], [ 76.3305, 16.4097 ], [ 76.337, 16.4056 ], [ 76.332, 16.3969 ], [ 76.3096, 16.3972 ], [ 76.3045, 16.3789 ], [ 76.2822, 16.3799 ], [ 76.2829, 16.4088 ], [ 76.2585, 16.4159 ], [ 76.2715, 16.4575 ], [ 76.2536, 16.4622 ], [ 76.2454, 16.4765 ], [ 76.1951, 16.4871 ], [ 76.1916, 16.4958 ], [ 76.2141, 16.5844 ], [ 76.268, 16.5807 ], [ 76.2655, 16.6148 ], [ 76.306, 16.6178 ] ] ] } },
{ "type": "Feature", "properties": { "area_id": "KGIS-H-030904", "name_en": "Devara Hipparagi", "name_kn": "", "level": "panchayat", "parent_id": "KGIS-T-0309", "district_en": "Vijayapura", "lgd_code": null }, "geometry": { "type": "Polygon", "coordinates": [ [ [ 76.3282, 16.7193 ], [ 76.3279, 16.6926 ], [ 76.342, 16.6904 ], [ 76.3507, 16.6733 ], [ 76.3965, 16.6729 ], [ 76.3975, 16.6899 ], [ 76.4268, 16.6887 ], [ 76.4028, 16.64 ], [ 76.4161, 16.6026 ], [ 76.4133, 16.5898 ], [ 76.3953, 16.5805 ], [ 76.3309, 16.5864 ], [ 76.33, 16.5932 ], [ 76.3061, 16.599 ], [ 76.306, 16.6179 ], [ 76.2901, 16.6134 ], [ 76.287, 16.6262 ], [ 76.2718, 16.6227 ], [ 76.2871, 16.7014 ], [ 76.3282, 16.7193 ] ] ] } },
{ "type": "Feature", "properties": { "area_id": "KGIS-H-030905", "name_en": "Ho Hipparagi", "name_kn": "", "level": "panchayat", "parent_id": "KGIS-T-0309", "district_en": "Vijayapura", "lgd_code": null }, "geometry": { "type": "Polygon", "coordinates": [ [ [ 76.1918, 16.6371 ], [ 76.1969, 16.6252 ], [ 76.2223, 16.6325 ], [ 76.2531, 16.6206 ], [ 76.2688, 16.6004 ], [ 76.2655, 16.5957 ], [ 76.2718, 16.5964 ], [ 76.2632, 16.5887 ], [ 76.2682, 16.5809 ], [ 76.2034, 16.5859 ], [ 76.1893, 16.6108 ], [ 76.1668, 16.6038 ], [ 76.1563, 16.6109 ], [ 76.1725, 16.6351 ], [ 76.1918, 16.6371 ] ] ] } },
{ "type": "Feature", "properties": { "area_id": "KGIS-H-031005", "name_en": "Tikota", "name_kn": "", "level": "panchayat", "parent_id": "KGIS-T-0310", "district_en": "Vijayapura", "lgd_code": null }, "geometry": { "type": "Polygon", "coordinates": [ [ [ 75.5671, 17.009 ], [ 75.6069, 17.005 ], [ 75.6078, 16.9714 ], [ 75.6366, 16.9687 ], [ 75.6429, 16.9544 ], [ 75.6907, 16.9701 ], [ 75.7091, 16.9508 ], [ 75.7383, 16.9464 ], [ 75.7333, 16.9325 ], [ 75.7861, 16.9387 ], [ 75.7833, 16.9018 ], [ 75.757, 16.8757 ], [ 75.7477, 16.8547 ], [ 75.7261, 16.8558 ], [ 75.7207, 16.8701 ], [ 75.7394, 16.893 ], [ 75.7436, 16.9111 ], [ 75.7163, 16.9104 ], [ 75.7154, 16.9041 ], [ 75.6945, 16.8998 ], [ 75.6881, 16.864 ], [ 75.6746, 16.8602 ], [ 75.6693, 16.8498 ], [ 75.6628, 16.7948 ], [ 75.6717, 16.771 ], [ 75.6633, 16.7682 ], [ 75.6649, 16.7542 ], [ 75.6138, 16.748 ], [ 75.5992, 16.7835 ], [ 75.5617, 16.7735 ], [ 75.5524, 16.76 ], [ 75.5158, 16.7717 ], [ 75.5105, 16.7469 ], [ 75.4767, 16.7478 ], [ 75.424, 16.7683 ], [ 75.3854, 16.7624 ], [ 75.3789, 16.8232 ], [ 75.395, 16.863 ], [ 75.3358, 16.8689 ], [ 75.3416, 16.9565 ], [ 75.3922, 16.9804 ], [ 75.428, 16.9667 ], [ 75.4422, 16.9826 ], [ 75.4656, 16.9885 ], [ 75.4686, 16.9798 ], [ 75.483, 16.977 ], [ 75.489, 16.9446 ], [ 75.5094, 16.9507 ], [ 75.5286, 16.9695 ], [ 75.5673, 16.9661 ], [ 75.5671, 17.009 ] ] ] } },
{ "type": "Feature", "properties": { "area_id": "KGIS-H-031103", "name_en": "Kolhara", "name_kn": "", "level": "panchayat", "parent_id": "KGIS-T-0311", "district_en": "Vijayapura", "lgd_code": null }, "geometry": { "type": "Polygon", "coordinates": [ [ [ 75.7393, 16.6736 ], [ 75.7423, 16.6605 ], [ 75.7666, 16.6422 ], [ 75.7672, 16.5998 ], [ 75.8259, 16.5914 ], [ 75.8257, 16.5836 ], [ 75.8528, 16.5869 ], [ 75.8555, 16.5498 ], [ 75.8486, 16.5376 ], [ 75.8546, 16.5084 ], [ 75.8347, 16.4993 ], [ 75.844, 16.4759 ], [ 75.8349, 16.4609 ], [ 75.8362, 16.4393 ], [ 75.8299, 16.4385 ], [ 75.8222, 16.4141 ], [ 75.7981, 16.4145 ], [ 75.7806, 16.3782 ], [ 75.719, 16.3897 ], [ 75.7063, 16.4054 ], [ 75.6427, 16.4404 ], [ 75.6528, 16.4808 ], [ 75.6423, 16.4947 ], [ 75.6294, 16.4939 ], [ 75.6461, 16.5189 ], [ 75.6399, 16.5298 ], [ 75.647, 16.5521 ], [ 75.6419, 16.5521 ], [ 75.6602, 16.558 ], [ 75.691, 16.5379 ], [ 75.7137, 16.5597 ], [ 75.717, 16.6691 ], [ 75.7393, 16.6736 ] ], [ [ 75.7683, 16.4323 ], [ 75.7977, 16.4178 ], [ 75.8032, 16.4347 ], [ 75.7726, 16.4441 ], [ 75.7683, 16.4323 ] ] ] } },
{ "type": "Feature", "properties": { "area_id": "KGIS-H-031201", "name_en": "Sindagi", "name_kn": "", "level": "panchayat", "parent_id": "KGIS-T-0312", "district_en": "Vijayapura", "lgd_code": null }, "geometry": { "type": "Polygon", "coordinates": [ [ [ 76.4509, 16.7241 ], [ 76.4595, 16.7233 ], [ 76.4616, 16.7087 ], [ 76.4527, 16.7145 ], [ 76.4411, 16.7095 ], [ 76.4509, 16.7241 ] ] ] } },
{ "type": "Feature", "properties": { "area_id": "KGIS-H-031202", "name_en": "Ho Hipparagi", "name_kn": "", "level": "panchayat", "parent_id": "KGIS-T-0312", "district_en": "Vijayapura", "lgd_code": null }, "geometry": { "type": "Polygon", "coordinates": [ [ [ 76.0572, 16.7577 ], [ 76.0626, 16.7339 ], [ 76.0913, 16.7311 ], [ 76.0923, 16.7373 ], [ 76.1057, 16.7325 ], [ 76.1103, 16.7378 ], [ 76.1116, 16.73 ], [ 76.1299, 16.7237 ], [ 76.1298, 16.7131 ], [ 76.1546, 16.6989 ], [ 76.1702, 16.7155 ], [ 76.1917, 16.7096 ], [ 76.1815, 16.6695 ], [ 76.1658, 16.6588 ], [ 76.1602, 16.6447 ], [ 76.1494, 16.6368 ], [ 76.0859, 16.6556 ], [ 76.0891, 16.6947 ], [ 76.0487, 16.6958 ], [ 76.041, 16.7159 ], [ 76.0133, 16.7249 ], [ 76.0141, 16.7325 ], [ 76.0266, 16.7315 ], [ 76.0257, 16.763 ], [ 76.0572, 16.7577 ] ] ] } },
{ "type": "Feature", "properties": { "area_id": "KGIS-H-031203", "name_en": "Devara Hipparagi", "name_kn": "", "level": "panchayat", "parent_id": "KGIS-T-0312", "district_en": "Vijayapura", "lgd_code": null }, "geometry": { "type": "Polygon", "coordinates": [ [ [ 76.0526, 16.9842 ], [ 76.061, 16.9689 ], [ 76.0561, 16.9053 ], [ 76.0753, 16.8924 ], [ 76.0773, 16.9014 ], [ 76.1143, 16.8986 ], [ 76.1158, 16.8783 ], [ 76.1029, 16.8756 ], [ 76.085, 16.852 ], [ 76.0988, 16.846 ], [ 76.0982, 16.8332 ], [ 76.1527, 16.8373 ], [ 76.1673, 16.8252 ], [ 76.166, 16.8047 ], [ 76.1812, 16.7937 ], [ 76.2436, 16.7875 ], [ 76.268, 16.7766 ], [ 76.2378, 16.7636 ], [ 76.2376, 16.7413 ], [ 76.2208, 16.7018 ], [ 76.2421, 16.6994 ], [ 76.2566, 16.7081 ], [ 76.2773, 16.7446 ], [ 76.2938, 16.746 ], [ 76.3012, 16.7672 ], [ 76.3391, 16.7574 ], [ 76.3687, 16.7671 ], [ 76.3744, 16.7434 ], [ 76.3945, 16.7419 ], [ 76.3923, 16.7211 ], [ 76.423, 16.7301 ], [ 76.4227, 16.7176 ], [ 76.4423, 16.7139 ], [ 76.4268, 16.6887 ], [ 76.3975, 16.6899 ], [ 76.3965, 16.6729 ], [ 76.3507, 16.6733 ], [ 76.342, 16.6904 ], [ 76.328, 16.6923 ], [ 76.3288, 16.7206 ], [ 76.3229, 16.7194 ], [ 76.3076, 16.7051 ], [ 76.2871, 16.7014 ], [ 76.2803, 16.6815 ], [ 76.2698, 16.6265 ], [ 76.287, 16.6262 ], [ 76.2901, 16.6133 ], [ 76.2625, 16.6104 ], [ 76.2299, 16.6315 ], [ 76.1943, 16.6283 ], [ 76.1918, 16.6371 ], [ 76.2244, 16.6497 ], [ 76.2107, 16.6627 ], [ 76.1738, 16.659 ], [ 76.1917, 16.7096 ], [ 76.1702, 16.7155 ], [ 76.1546, 16.6989 ], [ 76.1298, 16.7131 ], [ 76.1299, 16.7237 ], [ 76.1116, 16.73 ], [ 76.1103, 16.7378 ], [ 76.1057, 16.7325 ], [ 76.0923, 16.7373 ], [ 76.0913, 16.7311 ], [ 76.0626, 16.7339 ], [ 76.0572, 16.7577 ], [ 75.9952, 16.7624 ], [ 76.0002, 16.8073 ], [ 76.0194, 16.8249 ], [ 76.0193, 16.8492 ], [ 76.026, 16.8544 ], [ 75.9948, 16.8731 ], [ 76.0026, 16.9061 ], [ 75.9968, 16.9207 ], [ 75.9553, 16.9188 ], [ 75.955, 16.9471 ], [ 75.9634, 16.9633 ], [ 76.0004, 16.9601 ], [ 75.9991, 16.9688 ], [ 76.0233, 16.974 ], [ 76.0306, 16.9871 ], [ 76.0526, 16.9842 ] ] ] } },
{ "type": "Feature", "properties": { "area_id": "KGIS-H-040101", "name_en": "Alanda", "name_kn": "", "level": "panchayat", "parent_id": "KGIS-T-0401", "district_en": "Kalburgi", "lgd_code": null }, "geometry": { "type": "Polygon", "coordinates": [ [ [ 76.6275, 17.6482 ], [ 76.6761, 17.6382 ], [ 76.7193, 17.6366 ], [ 76.7085, 17.6339 ], [ 76.7055, 17.6165 ], [ 76.706, 17.6086 ], [ 76.719, 17.6054 ], [ 76.7122, 17.5647 ], [ 76.6977, 17.5609 ], [ 76.6878, 17.5671 ], [ 76.6773, 17.5155 ], [ 76.6253, 17.5115 ], [ 76.6005, 17.494 ], [ 76.5847, 17.5131 ], [ 76.5732, 17.5022 ], [ 76.5573, 17.5025 ], [ 76.5492, 17.4904 ], [ 76.5212, 17.495 ], [ 76.5226, 17.5038 ], [ 76.4814, 17.5067 ], [ 76.4828, 17.5162 ], [ 76.4706, 17.5175 ], [ 76.4706, 17.5292 ], [ 76.461, 17.53 ], [ 76.4646, 17.5712 ], [ 76.4399, 17.5725 ], [ 76.4351, 17.6049 ], [ 76.4186, 17.6051 ], [ 76.4274, 17.6474 ], [ 76.444, 17.6423 ], [ 76.4513, 17.6232 ], [ 76.4803, 17.6182 ], [ 76.4916, 17.6076 ], [ 76.5324, 17.6035 ], [ 76.5595, 17.6106 ], [ 76.5642, 17.628 ], [ 76.593, 17.6191 ], [ 76.5915, 17.605 ], [ 76.619, 17.5966 ], [ 76.6275, 17.6482 ] ] ] } },
{ "type": "Feature", "properties": { "area_id": "KGIS-H-040102", "name_en": "Narona", "name_kn": "", "level": "panchayat", "parent_id": "KGIS-T-0401", "district_en": "Kalburgi", "lgd_code": null }, "geometry": { "type": "Polygon", "coordinates": [ [ [ 76.7327, 17.6653 ], [ 76.773, 17.6657 ], [ 76.7742, 17.6222 ], [ 76.8159, 17.5911 ], [ 76.8007, 17.5777 ], [ 76.8009, 17.5677 ], [ 76.8226, 17.5626 ], [ 76.823, 17.5515 ], [ 76.8058, 17.5439 ], [ 76.8065, 17.5328 ], [ 76.8086, 17.524 ], [ 76.8215, 17.5252 ], [ 76.8334, 17.5153 ], [ 76.83, 17.504 ], [ 76.8168, 17.5035 ], [ 76.8158, 17.4903 ], [ 76.7739, 17.4846 ], [ 76.7718, 17.4737 ], [ 76.7514, 17.4668 ], [ 76.7457, 17.4749 ], [ 76.7147, 17.4735 ], [ 76.6825, 17.4861 ], [ 76.677, 17.5103 ], [ 76.6878, 17.5671 ], [ 76.6977, 17.5609 ], [ 76.7122, 17.5647 ], [ 76.719, 17.6054 ], [ 76.706, 17.6086 ], [ 76.7085, 17.6339 ], [ 76.7195, 17.6354 ], [ 76.7147, 17.6392 ], [ 76.7207, 17.654 ], [ 76.7327, 17.6653 ] ] ] } },
{ "type": "Feature", "properties": { "area_id": "KGIS-H-040103", "name_en": "Nimbarga", "name_kn": "", "level": "panchayat", "parent_id": "KGIS-T-0401", "district_en": "Kalburgi", "lgd_code": null }, "geometry": { "type": "Polygon", "coordinates": [ [ [ 76.6243, 17.5111 ], [ 76.6773, 17.5155 ], [ 76.6825, 17.4861 ], [ 76.7147, 17.4735 ], [ 76.7459, 17.4748 ], [ 76.7585, 17.4513 ], [ 76.7333, 17.4498 ], [ 76.74, 17.4368 ], [ 76.7229, 17.4265 ], [ 76.7063, 17.4291 ], [ 76.6945, 17.4448 ], [ 76.6821, 17.436 ], [ 76.6785, 17.425 ], [ 76.6985, 17.4011 ], [ 76.6983, 17.3897 ], [ 76.658, 17.3759 ], [ 76.6604, 17.3614 ], [ 76.6189, 17.3702 ], [ 76.6023, 17.3471 ], [ 76.5278, 17.3434 ], [ 76.5173, 17.336 ], [ 76.5172, 17.3253 ], [ 76.4743, 17.3342 ], [ 76.4734, 17.3588 ], [ 76.4483, 17.3605 ], [ 76.4479, 17.3689 ], [ 76.4113, 17.3784 ], [ 76.43, 17.431 ], [ 76.4623, 17.4273 ], [ 76.495, 17.437 ], [ 76.4943, 17.4578 ], [ 76.4693, 17.457 ], [ 76.4626, 17.4653 ], [ 76.4688, 17.5028 ], [ 76.5226, 17.5038 ], [ 76.5212, 17.495 ], [ 76.5492, 17.4904 ], [ 76.5573, 17.5025 ], [ 76.5732, 17.5022 ], [ 76.5847, 17.5131 ], [ 76.6005, 17.494 ], [ 76.6243, 17.5111 ] ] ] } },
{ "type": "Feature", "properties": { "area_id": "KGIS-H-040104", "name_en": "Madanahipparaga", "name_kn": "", "level": "panchayat", "parent_id": "KGIS-T-0401", "district_en": "Kalburgi", "lgd_code": null }, "geometry": { "type": "Polygon", "coordinates": [ [ [ 76.435, 17.6047 ], [ 76.4399, 17.5725 ], [ 76.4646, 17.5712 ], [ 76.461, 17.53 ], [ 76.4706, 17.5292 ], [ 76.4706, 17.5175 ], [ 76.4828, 17.5162 ], [ 76.48, 17.5014 ], [ 76.4688, 17.5028 ], [ 76.4626, 17.4653 ], [ 76.4693, 17.457 ], [ 76.4943, 17.4578 ], [ 76.4958, 17.4394 ], [ 76.4705, 17.4281 ], [ 76.43, 17.431 ], [ 76.4091, 17.3707 ], [ 76.3672, 17.376 ], [ 76.3714, 17.436 ], [ 76.3328, 17.4347 ], [ 76.3295, 17.4706 ], [ 76.3686, 17.4833 ], [ 76.3752, 17.4941 ], [ 76.3461, 17.4922 ], [ 76.3457, 17.5137 ], [ 76.367, 17.5202 ], [ 76.363, 17.5378 ], [ 76.3402, 17.5437 ], [ 76.3309, 17.5974 ], [ 76.4281, 17.6098 ], [ 76.435, 17.6047 ] ] ] } },
{ "type": "Feature", "properties": { "area_id": "KGIS-H-040105", "name_en": "Khajuri", "name_kn": "", "level": "panchayat", "parent_id": "KGIS-T-0401", "district_en": "Kalburgi", "lgd_code": null }, "geometry": { "type": "MultiPolygon", "coordinates": [ [ [ [ 76.6115, 17.7711 ], [ 76.6318, 17.7557 ], [ 76.6335, 17.7285 ], [ 76.6534, 17.7223 ], [ 76.6652, 17.6878 ], [ 76.6915, 17.6816 ], [ 76.6953, 17.6624 ], [ 76.7109, 17.6609 ], [ 76.699, 17.6419 ], [ 76.682, 17.6372 ], [ 76.6582, 17.6481 ], [ 76.6275, 17.6482 ], [ 76.619, 17.5966 ], [ 76.5915, 17.605 ], [ 76.593, 17.6191 ], [ 76.5642, 17.628 ], [ 76.5595, 17.6106 ], [ 76.5324, 17.6035 ], [ 76.4916, 17.6076 ], [ 76.4803, 17.6182 ], [ 76.4513, 17.6232 ], [ 76.4413, 17.6491 ], [ 76.4523, 17.6488 ], [ 76.4581, 17.659 ], [ 76.4889, 17.6615 ], [ 76.4863, 17.7158 ], [ 76.5239, 17.7153 ], [ 76.5238, 17.7602 ], [ 76.5609, 17.7664 ], [ 76.5725, 17.7613 ], [ 76.5643, 17.7509 ], [ 76.5707, 17.7057 ], [ 76.5786, 17.7051 ], [ 76.6007, 17.7261 ], [ 76.6115, 17.7711 ] ] ], [ [ [ 76.6923, 17.7069 ], [ 76.712, 17.6989 ], [ 76.7118, 17.6945 ], [ 76.694, 17.6959 ], [ 76.6923, 17.7069 ] ] ] ] } },
{ "type": "Feature", "properties": { "area_id": "KGIS-H-040201", "name_en": "Atanura", "name_kn": "", "level": "panchayat", "parent_id": "KGIS-T-0402", "district_en": "Kalburgi", "lgd_code": null }, "geometry": { "type": "Polygon", "coordinates": [ [ [ 76.621, 17.3698 ], [ 76.6641, 17.3613 ], [ 76.6561, 17.3324 ], [ 76.6291, 17.3105 ], [ 76.639, 17.2791 ], [ 76.6945, 17.2874 ], [ 76.6937, 17.2721 ], [ 76.7096, 17.27 ], [ 76.7076, 17.2418 ], [ 76.7049, 17.2328 ], [ 76.674, 17.2355 ], [ 76.671, 17.2297 ], [ 76.6716, 17.2053 ], [ 76.6872, 17.1989 ], [ 76.6865, 17.1832 ], [ 76.6395, 17.1881 ], [ 76.6375, 17.1528 ], [ 76.6123, 17.1545 ], [ 76.6028, 17.1152 ], [ 76.6102, 17.1133 ], [ 76.6036, 17.0604 ], [ 76.5809, 17.0659 ], [ 76.561, 17.0609 ], [ 76.5603, 17.0705 ], [ 76.5839, 17.0842 ], [ 76.5829, 17.1019 ], [ 76.5715, 17.1085 ], [ 76.5194, 17.0889 ], [ 76.509, 17.1016 ], [ 76.5254, 17.1257 ], [ 76.5544, 17.1307 ], [ 76.5777, 17.176 ], [ 76.5505, 17.1859 ], [ 76.5418, 17.1751 ], [ 76.5213, 17.1771 ], [ 76.5155, 17.1669 ], [ 76.5016, 17.168 ], [ 76.4922, 17.2052 ], [ 76.4483, 17.2089 ], [ 76.4448, 17.2584 ], [ 76.4523, 17.2825 ], [ 76.4775, 17.2898 ], [ 76.4863, 17.3314 ], [ 76.5172, 17.3253 ], [ 76.5173, 17.336 ], [ 76.5278, 17.3434 ], [ 76.6017, 17.3469 ], [ 76.621, 17.3698 ] ] ] } },
{ "type": "Feature", "properties": { "area_id": "KGIS-H-040202", "name_en": "Afajalapura", "name_kn": "", "level": "panchayat", "parent_id": "KGIS-T-0402", "district_en": "Kalburgi", "lgd_code": null }, "geometry": { "type": "Polygon", "coordinates": [ [ [ 76.3893, 17.0723 ], [ 76.3886, 17.0979 ], [ 76.3626, 17.1139 ], [ 76.3948, 17.1406 ], [ 76.3885, 17.1463 ], [ 76.3599, 17.1409 ], [ 76.3681, 17.1637 ], [ 76.3601, 17.1855 ], [ 76.3361, 17.1749 ], [ 76.3266, 17.2034 ], [ 76.3321, 17.2362 ], [ 76.3002, 17.2349 ], [ 76.2986, 17.2447 ], [ 76.2502, 17.2379 ], [ 76.2504, 17.2499 ], [ 76.2558, 17.2696 ], [ 76.2988, 17.2602 ], [ 76.3043, 17.2816 ], [ 76.3403, 17.2813 ], [ 76.3438, 17.3154 ], [ 76.3838, 17.3143 ], [ 76.3964, 17.347 ], [ 76.4121, 17.3509 ], [ 76.4113, 17.3784 ], [ 76.4234, 17.3773 ], [ 76.4479, 17.3689 ], [ 76.4483, 17.3605 ], [ 76.4734, 17.3588 ], [ 76.4743, 17.3342 ], [ 76.4863, 17.3314 ], [ 76.4775, 17.2898 ], [ 76.4504, 17.2779 ], [ 76.4483, 17.2089 ], [ 76.4922, 17.2052 ], [ 76.5001, 17.1938 ], [ 76.5009, 17.1689 ], [ 76.5154, 17.1653 ], [ 76.4916, 17.1379 ], [ 76.4501, 17.1476 ], [ 76.4522, 17.1279 ], [ 76.4202, 17.1202 ], [ 76.4276, 17.1001 ], [ 76.3982, 17.0713 ], [ 76.3893, 17.0723 ] ] ] } },
{ "type": "Feature", "properties": { "area_id": "KGIS-H-040203", "name_en": "Karajagi", "name_kn": "", "level": "panchayat", "parent_id": "KGIS-T-0402", "district_en": "Kalburgi", "lgd_code": null }, "geometry": { "type": "Polygon", "coordinates": [ [ [ 76.242, 17.3792 ], [ 76.2508, 17.3608 ], [ 76.2718, 17.3606 ], [ 76.2763, 17.3344 ], [ 76.3173, 17.3321 ], [ 76.3111, 17.3475 ], [ 76.3458, 17.3544 ], [ 76.3543, 17.3236 ], [ 76.3539, 17.3144 ], [ 76.3433, 17.3141 ], [ 76.3403, 17.2813 ], [ 76.3043, 17.2816 ], [ 76.2988, 17.2602 ], [ 76.2558, 17.2696 ], [ 76.2502, 17.2379 ], [ 76.2986, 17.2447 ], [ 76.3002, 17.2349 ], [ 76.3321, 17.2362 ], [ 76.3266, 17.2034 ], [ 76.3368, 17.1739 ], [ 76.2791, 17.1665 ], [ 76.2573, 17.1492 ], [ 76.2406, 17.1519 ], [ 76.2207, 17.1859 ], [ 76.1866, 17.1869 ], [ 76.1223, 17.2484 ], [ 76.0879, 17.2569 ], [ 76.0983, 17.2919 ], [ 76.0642, 17.3153 ], [ 76.0739, 17.3362 ], [ 76.079, 17.3313 ], [ 76.0882, 17.3369 ], [ 76.0891, 17.3528 ], [ 76.0995, 17.3645 ], [ 76.1197, 17.3711 ], [ 76.1466, 17.348 ], [ 76.1625, 17.3448 ], [ 76.1649, 17.3031 ], [ 76.1758, 17.3007 ], [ 76.1827, 17.3186 ], [ 76.1702, 17.3524 ], [ 76.2288, 17.3654 ], [ 76.2277, 17.376 ], [ 76.242, 17.3792 ] ] ] } },
{ "type": "Feature", "properties": { "area_id": "KGIS-H-040301", "name_en": "Pattana", "name_kn": "", "level": "panchayat", "parent_id": "KGIS-T-0403", "district_en": "Kalburgi", "lgd_code": null }, "geometry": { "type": "Polygon", "coordinates": [ [ [ 76.7584, 17.4513 ], [ 76.7772, 17.4278 ], [ 76.8278, 17.4363 ], [ 76.827, 17.425 ], [ 76.8432, 17.4185 ], [ 76.843, 17.3953 ], [ 76.8281, 17.3631 ], [ 76.8151, 17.3799 ], [ 76.8043, 17.3728 ], [ 76.792, 17.3816 ], [ 76.7876, 17.3335 ], [ 76.7746, 17.3334 ], [ 76.7797, 17.323 ], [ 76.7951, 17.3211 ], [ 76.7944, 17.3054 ], [ 76.7719, 17.2878 ], [ 76.767, 17.2696 ], [ 76.7585, 17.2662 ], [ 76.7644, 17.2591 ], [ 76.7469, 17.2338 ], [ 76.7433, 17.2401 ], [ 76.7076, 17.2419 ], [ 76.7096, 17.27 ], [ 76.6937, 17.2721 ], [ 76.6945, 17.2874 ], [ 76.639, 17.2791 ], [ 76.6291, 17.3105 ], [ 76.6561, 17.3324 ], [ 76.6641, 17.3613 ], [ 76.658, 17.3759 ], [ 76.6983, 17.3897 ], [ 76.6985, 17.4011 ], [ 76.6785, 17.425 ], [ 76.6821, 17.436 ], [ 76.6945, 17.4448 ], [ 76.7063, 17.4291 ], [ 76.7229, 17.4265 ], [ 76.74, 17.4368 ], [ 76.7333, 17.4498 ], [ 76.7584, 17.4513 ] ] ] } },
{ "type": "Feature", "properties": { "area_id": "KGIS-H-040302", "name_en": "Gulabarga", "name_kn": "", "level": "panchayat", "parent_id": "KGIS-T-0403", "district_en": "Kalburgi", "lgd_code": null }, "geometry": { "type": "Polygon", "coordinates": [ [ [ 76.8869, 17.3941 ], [ 76.8746, 17.3801 ], [ 76.8693, 17.3509 ], [ 76.8819, 17.3523 ], [ 76.8891, 17.3702 ], [ 76.9047, 17.3774 ], [ 76.9387, 17.3745 ], [ 76.9307, 17.3385 ], [ 76.9041, 17.3247 ], [ 76.8975, 17.3057 ], [ 76.9061, 17.2767 ], [ 76.9207, 17.2772 ], [ 76.928, 17.2628 ], [ 76.9228, 17.2086 ], [ 76.9059, 17.2183 ], [ 76.9037, 17.2352 ], [ 76.8737, 17.2414 ], [ 76.8641, 17.2653 ], [ 76.8334, 17.268 ], [ 76.8073, 17.2587 ], [ 76.7781, 17.2222 ], [ 76.7555, 17.2266 ], [ 76.7521, 17.2354 ], [ 76.7644, 17.2591 ], [ 76.7585, 17.2662 ], [ 76.7944, 17.3054 ], [ 76.7951, 17.3211 ], [ 76.7797, 17.323 ], [ 76.7746, 17.3334 ], [ 76.7876, 17.3335 ], [ 76.792, 17.3816 ], [ 76.8043, 17.3728 ], [ 76.8151, 17.3799 ], [ 76.8281, 17.3631 ], [ 76.8366, 17.3899 ], [ 76.8572, 17.3949 ], [ 76.8703, 17.4199 ], [ 76.8869, 17.3941 ] ] ] } },
{ "type": "Feature", "properties": { "area_id": "KGIS-H-040303", "name_en": "Avarada B", "name_kn": "", "level": "panchayat", "parent_id": "KGIS-T-0403", "district_en": "Kalburgi", "lgd_code": null }, "geometry": { "type": "Polygon", "coordinates": [ [ [ 76.7739, 17.4846 ], [ 76.8586, 17.4824 ], [ 76.863, 17.4619 ], [ 76.93, 17.4651 ], [ 76.944, 17.4517 ], [ 76.977, 17.4533 ], [ 76.9985, 17.4448 ], [ 77.007, 17.4335 ], [ 77.0002, 17.4047 ], [ 76.9702, 17.4015 ], [ 76.9636, 17.3793 ], [ 77.0313, 17.3755 ], [ 77.0436, 17.3522 ], [ 77.0263, 17.3276 ], [ 77.0433, 17.3175 ], [ 77.0199, 17.306 ], [ 77.007, 17.317 ], [ 76.9881, 17.3177 ], [ 76.9886, 17.3007 ], [ 77.0002, 17.3 ], [ 77.0023, 17.2798 ], [ 76.9845, 17.2779 ], [ 76.9715, 17.258 ], [ 76.9284, 17.2591 ], [ 76.9207, 17.2772 ], [ 76.9061, 17.2767 ], [ 76.8975, 17.3057 ], [ 76.9041, 17.3247 ], [ 76.9307, 17.3385 ], [ 76.9387, 17.3745 ], [ 76.9047, 17.3774 ], [ 76.8891, 17.3702 ], [ 76.8819, 17.3523 ], [ 76.8693, 17.3509 ], [ 76.8746, 17.3801 ], [ 76.8871, 17.3953 ], [ 76.875, 17.4181 ], [ 76.8572, 17.3949 ], [ 76.8442, 17.3957 ], [ 76.8432, 17.4185 ], [ 76.827, 17.425 ], [ 76.8278, 17.4363 ], [ 76.7772, 17.4278 ], [ 76.7533, 17.4588 ], [ 76.7514, 17.4668 ], [ 76.7718, 17.4737 ], [ 76.7739, 17.4846 ] ] ] } },
{ "type": "Feature", "properties": { "area_id": "KGIS-H-040304", "name_en": "Mahaganva", "name_kn": "", "level": "panchayat", "parent_id": "KGIS-T-0403", "district_en": "Kalburgi", "lgd_code": null }, "geometry": { "type": "Polygon", "coordinates": [ [ [ 76.9726, 17.4664 ], [ 76.9783, 17.4524 ], [ 76.947, 17.4511 ], [ 76.9299, 17.4588 ], [ 76.9394, 17.4701 ], [ 76.9726, 17.4664 ] ] ] } },
{ "type": "Feature", "properties": { "area_id": "KGIS-H-040305", "name_en": "Farahatabada", "name_kn": "", "level": "panchayat", "parent_id": "KGIS-T-0403", "district_en": "Kalburgi", "lgd_code": null }, "geometry": { "type": "Polygon", "coordinates": [ [ [ 76.8346, 17.2676 ], [ 76.8641, 17.2653 ], [ 76.8694, 17.2477 ], [ 76.8308, 17.1943 ], [ 76.8371, 17.1822 ], [ 76.8813, 17.1763 ], [ 76.8707, 17.1318 ], [ 76.8747, 17.0978 ], [ 76.8426, 17.0481 ], [ 76.8142, 17.0443 ], [ 76.7875, 17.0766 ], [ 76.7624, 17.0879 ], [ 76.7633, 17.0975 ], [ 76.7756, 17.1032 ], [ 76.7777, 17.139 ], [ 76.7741, 17.1576 ], [ 76.7557, 17.1659 ], [ 76.7406, 17.1582 ], [ 76.7012, 17.1005 ], [ 76.6967, 17.0602 ], [ 76.662, 17.0904 ], [ 76.6067, 17.0807 ], [ 76.6102, 17.1133 ], [ 76.6028, 17.1152 ], [ 76.6123, 17.1545 ], [ 76.6375, 17.1528 ], [ 76.6395, 17.1881 ], [ 76.6865, 17.1832 ], [ 76.6872, 17.1989 ], [ 76.6716, 17.2053 ], [ 76.674, 17.2355 ], [ 76.7433, 17.2401 ], [ 76.7555, 17.2266 ], [ 76.7781, 17.2222 ], [ 76.8073, 17.2587 ], [ 76.8346, 17.2676 ] ] ] } },
{ "type": "Feature", "properties": { "area_id": "KGIS-H-040401", "name_en": "Sulepeta", "name_kn": "", "level": "panchayat", "parent_id": "KGIS-T-0404", "district_en": "Kalburgi", "lgd_code": null }, "geometry": { "type": "Polygon", "coordinates": [ [ [ 77.3445, 17.4301 ], [ 77.3541, 17.4164 ], [ 77.3856, 17.4039 ], [ 77.3862, 17.3955 ], [ 77.4094, 17.4037 ], [ 77.4222, 17.3752 ], [ 77.4359, 17.3865 ], [ 77.4529, 17.3738 ], [ 77.4567, 17.3233 ], [ 77.4373, 17.2924 ], [ 77.4549, 17.2881 ], [ 77.459, 17.2795 ], [ 77.4261, 17.2559 ], [ 77.4207, 17.2367 ], [ 77.4078, 17.2397 ], [ 77.3852, 17.224 ], [ 77.3814, 17.2512 ], [ 77.3686, 17.255 ], [ 77.3657, 17.2454 ], [ 77.3413, 17.242 ], [ 77.3333, 17.2585 ], [ 77.2797, 17.2556 ], [ 77.268, 17.2611 ], [ 77.2611, 17.2886 ], [ 77.2621, 17.3536 ], [ 77.2853, 17.3728 ], [ 77.2916, 17.3962 ], [ 77.2854, 17.4091 ], [ 77.2999, 17.4137 ], [ 77.3131, 17.396 ], [ 77.3204, 17.4033 ], [ 77.3134, 17.4195 ], [ 77.3445, 17.4301 ] ] ] } },
{ "type": "Feature", "properties": { "area_id": "KGIS-H-040402", "name_en": "Chincholi", "name_kn": "", "level": "panchayat", "parent_id": "KGIS-T-0404", "district_en": "Kalburgi", "lgd_code": null }, "geometry": { "type": "Polygon", "coordinates": [ [ [ 77.446, 17.5832 ], [ 77.493, 17.5681 ], [ 77.5002, 17.5432 ], [ 77.5127, 17.5445 ], [ 77.5325, 17.577 ], [ 77.5427, 17.5714 ], [ 77.5492, 17.5506 ], [ 77.594, 17.5643 ], [ 77.5971, 17.5349 ], [ 77.635, 17.5331 ], [ 77.6393, 17.524 ], [ 77.663, 17.5231 ], [ 77.6678, 17.5138 ], [ 77.6783, 17.5063 ], [ 77.6745, 17.5101 ], [ 77.6879, 17.5126 ], [ 77.6923, 17.4973 ], [ 77.6854, 17.4756 ], [ 77.6536, 17.4827 ], [ 77.6554, 17.5052 ], [ 77.6387, 17.4735 ], [ 77.6135, 17.4721 ], [ 77.6144, 17.4463 ], [ 77.6029, 17.4445 ], [ 77.5791, 17.4582 ], [ 77.5765, 17.4305 ], [ 77.5369, 17.4456 ], [ 77.5143, 17.4357 ], [ 77.5105, 17.414 ], [ 77.5403, 17.4076 ], [ 77.5235, 17.388 ], [ 77.5325, 17.381 ], [ 77.5297, 17.371 ], [ 77.5033, 17.3552 ], [ 77.4835, 17.3549 ], [ 77.4747, 17.3616 ], [ 77.4793, 17.3705 ], [ 77.4459, 17.3747 ], [ 77.4368, 17.3863 ], [ 77.4222, 17.3752 ], [ 77.4094, 17.4037 ], [ 77.3889, 17.3948 ], [ 77.3856, 17.4039 ], [ 77.3746, 17.4058 ], [ 77.3766, 17.4179 ], [ 77.3951, 17.4148 ], [ 77.3994, 17.4345 ], [ 77.3841, 17.4412 ], [ 77.3845, 17.4552 ], [ 77.3646, 17.4564 ], [ 77.3735, 17.5043 ], [ 77.3883, 17.5047 ], [ 77.398, 17.518 ], [ 77.3931, 17.5314 ], [ 77.4065, 17.5835 ], [ 77.446, 17.5832 ] ] ] } },
{ "type": "Feature", "properties": { "area_id": "KGIS-H-040403", "name_en": "Kodli", "name_kn": "", "level": "panchayat", "parent_id": "KGIS-T-0404", "district_en": "Kalburgi", "lgd_code": null }, "geometry": { "type": "Polygon", "coordinates": [ [ [ 77.3429, 17.5105 ], [ 77.3335, 17.4888 ], [ 77.3467, 17.4782 ], [ 77.3535, 17.481 ], [ 77.347, 17.469 ], [ 77.3566, 17.4564 ], [ 77.3845, 17.4552 ], [ 77.3841, 17.4412 ], [ 77.3964, 17.4409 ], [ 77.3951, 17.4148 ], [ 77.3885, 17.4203 ], [ 77.359, 17.4135 ], [ 77.3483, 17.4315 ], [ 77.3407, 17.4316 ], [ 77.3132, 17.4192 ], [ 77.3204, 17.4033 ], [ 77.3131, 17.396 ], [ 77.2999, 17.4137 ], [ 77.2775, 17.4096 ], [ 77.2851, 17.4433 ], [ 77.2779, 17.468 ], [ 77.2623, 17.4745 ], [ 77.2749, 17.5015 ], [ 77.2859, 17.496 ], [ 77.2983, 17.5037 ], [ 77.3119, 17.4963 ], [ 77.3429, 17.5105 ] ] ] } },
{ "type": "Feature", "properties": { "area_id": "KGIS-H-040404", "name_en": "Ainapura", "name_kn": "", "level": "panchayat", "parent_id": "KGIS-T-0404", "district_en": "Kalburgi", "lgd_code": null }, "geometry": { "type": "Polygon", "coordinates": [ [ [ 77.1488, 17.6323 ], [ 77.1939, 17.6152 ], [ 77.1986, 17.6319 ], [ 77.2584, 17.6231 ], [ 77.2749, 17.6272 ], [ 77.2795, 17.6177 ], [ 77.296, 17.6141 ], [ 77.3003, 17.598 ], [ 77.3432, 17.588 ], [ 77.3577, 17.601 ], [ 77.3771, 17.5943 ], [ 77.3786, 17.5835 ], [ 77.4065, 17.5835 ], [ 77.3931, 17.5314 ], [ 77.398, 17.518 ], [ 77.3883, 17.5047 ], [ 77.3735, 17.5043 ], [ 77.3647, 17.4566 ], [ 77.3475, 17.4668 ], [ 77.3535, 17.481 ], [ 77.3467, 17.4782 ], [ 77.3335, 17.4888 ], [ 77.3422, 17.5112 ], [ 77.3119, 17.4963 ], [ 77.2983, 17.5037 ], [ 77.2859, 17.496 ], [ 77.2749, 17.5015 ], [ 77.2716, 17.4926 ], [ 77.271, 17.4917 ], [ 77.2529, 17.4895 ], [ 77.2323, 17.4945 ], [ 77.2379, 17.5057 ], [ 77.232, 17.5114 ], [ 77.2054, 17.5076 ], [ 77.1996, 17.4887 ], [ 77.1723, 17.4819 ], [ 77.1458, 17.4554 ], [ 77.1551, 17.4749 ], [ 77.1481, 17.481 ], [ 77.1562, 17.4905 ], [ 77.145, 17.501 ], [ 77.1466, 17.517 ], [ 77.1695, 17.5415 ], [ 77.1574, 17.5668 ], [ 77.1709, 17.577 ], [ 77.1595, 17.5773 ], [ 77.1604, 17.5847 ], [ 77.1416, 17.5944 ], [ 77.1426, 17.6031 ], [ 77.1343, 17.6029 ], [ 77.1376, 17.624 ], [ 77.1488, 17.6323 ] ] ] } },
{ "type": "Feature", "properties": { "area_id": "KGIS-H-040501", "name_en": "Sedam", "name_kn": "", "level": "panchayat", "parent_id": "KGIS-T-0405", "district_en": "Kalburgi", "lgd_code": null }, "geometry": { "type": "Polygon", "coordinates": [ [ [ 77.1985, 17.2659 ], [ 77.2009, 17.2544 ], [ 77.2276, 17.2463 ], [ 77.2566, 17.2487 ], [ 77.2593, 17.2631 ], [ 77.2797, 17.2556 ], [ 77.3333, 17.2585 ], [ 77.3413, 17.242 ], [ 77.3657, 17.2454 ], [ 77.3687, 17.255 ], [ 77.3826, 17.2496 ], [ 77.382, 17.2184 ], [ 77.402, 17.2102 ], [ 77.3939, 17.1941 ], [ 77.3716, 17.1958 ], [ 77.3697, 17.1782 ], [ 77.3408, 17.1784 ], [ 77.3366, 17.1543 ], [ 77.3477, 17.1469 ], [ 77.3442, 17.133 ], [ 77.3207, 17.1489 ], [ 77.331, 17.148 ], [ 77.3282, 17.1628 ], [ 77.2984, 17.1649 ], [ 77.3035, 17.1561 ], [ 77.2925, 17.1548 ], [ 77.2719, 17.1387 ], [ 77.2698, 17.1275 ], [ 77.246, 17.1163 ], [ 77.2375, 17.1374 ], [ 77.2441, 17.16 ], [ 77.2056, 17.159 ], [ 77.202, 17.1238 ], [ 77.153, 17.1179 ], [ 77.1579, 17.1361 ], [ 77.1516, 17.1515 ], [ 77.1313, 17.1549 ], [ 77.1264, 17.1642 ], [ 77.1182, 17.1606 ], [ 77.108, 17.1756 ], [ 77.129, 17.1829 ], [ 77.1265, 17.2054 ], [ 77.1513, 17.2084 ], [ 77.1535, 17.236 ], [ 77.1747, 17.2372 ], [ 77.1845, 17.2631 ], [ 77.1985, 17.2659 ] ] ] } },
{ "type": "Feature", "properties": { "area_id": "KGIS-H-040502", "name_en": "Adaki", "name_kn": "", "level": "panchayat", "parent_id": "KGIS-T-0405", "district_en": "Kalburgi", "lgd_code": null }, "geometry": { "type": "Polygon", "coordinates": [ [ [ 77.3697, 17.1782 ], [ 77.3617, 17.1636 ], [ 77.3661, 17.1549 ], [ 77.38, 17.1521 ], [ 77.3782, 17.1401 ], [ 77.4596, 17.1146 ], [ 77.4614, 17.0914 ], [ 77.4826, 17.08 ], [ 77.4805, 17.069 ], [ 77.4429, 17.0773 ], [ 77.4355, 17.0608 ], [ 77.3767, 17.0774 ], [ 77.3809, 17.063 ], [ 77.3654, 17.0651 ], [ 77.3643, 17.0493 ], [ 77.3389, 17.0625 ], [ 77.3421, 17.0398 ], [ 77.3208, 17.0523 ], [ 77.3232, 17.0435 ], [ 77.3089, 17.0467 ], [ 77.3023, 17.0644 ], [ 77.2806, 17.0542 ], [ 77.2786, 17.0609 ], [ 77.2992, 17.081 ], [ 77.2949, 17.1003 ], [ 77.253, 17.1042 ], [ 77.2452, 17.1095 ], [ 77.2476, 17.1165 ], [ 77.2698, 17.1275 ], [ 77.2719, 17.1387 ], [ 77.2925, 17.1548 ], [ 77.3035, 17.1561 ], [ 77.2984, 17.1649 ], [ 77.3282, 17.1628 ], [ 77.331, 17.148 ], [ 77.3207, 17.1489 ], [ 77.3442, 17.133 ], [ 77.3477, 17.1469 ], [ 77.3366, 17.1543 ], [ 77.3408, 17.1784 ], [ 77.3697, 17.1782 ] ] ] } },
{ "type": "Feature", "properties": { "area_id": "KGIS-H-040503", "name_en": "Mudola", "name_kn": "", "level": "panchayat", "parent_id": "KGIS-T-0405", "district_en": "Kalburgi", "lgd_code": null }, "geometry": { "type": "Polygon", "coordinates": [ [ [ 77.4429, 17.0773 ], [ 77.4805, 17.069 ], [ 77.4976, 17.0439 ], [ 77.5023, 17.0098 ], [ 77.4809, 16.9979 ], [ 77.482, 16.9728 ], [ 77.465, 16.9571 ], [ 77.4696, 16.9216 ], [ 77.4538, 16.9143 ], [ 77.4558, 16.8855 ], [ 77.4246, 16.8851 ], [ 77.4097, 16.8735 ], [ 77.4014, 16.8822 ], [ 77.3996, 16.8989 ], [ 77.4046, 16.8969 ], [ 77.406, 16.9018 ], [ 77.396, 16.9037 ], [ 77.3885, 16.8912 ], [ 77.3873, 16.8979 ], [ 77.3762, 16.8951 ], [ 77.3504, 16.9077 ], [ 77.3421, 16.9289 ], [ 77.3621, 16.9561 ], [ 77.3578, 16.9805 ], [ 77.365, 16.9985 ], [ 77.3877, 16.9901 ], [ 77.3883, 17.0153 ], [ 77.3622, 17.036 ], [ 77.3599, 17.0485 ], [ 77.3689, 17.054 ], [ 77.3654, 17.0651 ], [ 77.3807, 17.0626 ], [ 77.3767, 17.0774 ], [ 77.4355, 17.0608 ], [ 77.4429, 17.0773 ] ] ] } },
{ "type": "Feature", "properties": { "area_id": "KGIS-H-040504", "name_en": "Kodla", "name_kn": "", "level": "panchayat", "parent_id": "KGIS-T-0405", "district_en": "Kalburgi", "lgd_code": null }, "geometry": { "type": "Polygon", "coordinates": [ [ [ 77.2441, 17.1575 ], [ 77.2375, 17.1374 ], [ 77.2452, 17.1095 ], [ 77.2949, 17.1003 ], [ 77.2992, 17.081 ], [ 77.2786, 17.0609 ], [ 77.2806, 17.0542 ], [ 77.3023, 17.0644 ], [ 77.3089, 17.0467 ], [ 77.3232, 17.0435 ], [ 77.3208, 17.0523 ], [ 77.3421, 17.0398 ], [ 77.3387, 17.0623 ], [ 77.3539, 17.0594 ], [ 77.3622, 17.036 ], [ 77.3883, 17.0153 ], [ 77.3877, 16.9901 ], [ 77.365, 16.9985 ], [ 77.3578, 16.9805 ], [ 77.3621, 16.9561 ], [ 77.3385, 16.9304 ], [ 77.3203, 16.9363 ], [ 77.3112, 16.9277 ], [ 77.2895, 16.9374 ], [ 77.2621, 16.928 ], [ 77.2462, 16.9324 ], [ 77.2422, 16.9421 ], [ 77.2116, 16.9444 ], [ 77.2199, 16.9561 ], [ 77.2071, 16.9851 ], [ 77.2283, 16.9943 ], [ 77.2195, 17.0272 ], [ 77.192, 17.051 ], [ 77.1914, 17.0726 ], [ 77.2065, 17.0987 ], [ 77.2067, 17.1097 ], [ 77.1956, 17.1097 ], [ 77.1944, 17.1235 ], [ 77.2065, 17.1332 ], [ 77.2056, 17.159 ], [ 77.2441, 17.1575 ] ] ] } },
{ "type": "Feature", "properties": { "area_id": "KGIS-H-040602", "name_en": "Nalavara", "name_kn": "", "level": "panchayat", "parent_id": "KGIS-T-0406", "district_en": "Kalburgi", "lgd_code": null }, "geometry": { "type": "Polygon", "coordinates": [ [ [ 76.9564, 17.1081 ], [ 76.9811, 17.0924 ], [ 76.982, 17.0809 ], [ 77.0015, 17.0718 ], [ 77.0047, 17.0528 ], [ 77.0195, 17.0484 ], [ 77.0445, 17.0641 ], [ 77.0637, 17.0598 ], [ 77.0406, 17.0377 ], [ 77.059, 17.032 ], [ 77.0576, 17.0193 ], [ 77.0789, 17.013 ], [ 77.0819, 17.0053 ], [ 77.1064, 17.0246 ], [ 77.1868, 17.0049 ], [ 77.2184, 17.0202 ], [ 77.2281, 16.9912 ], [ 77.207, 16.9848 ], [ 77.2189, 16.9507 ], [ 77.1958, 16.9302 ], [ 77.1847, 16.9354 ], [ 77.1496, 16.9263 ], [ 77.106, 16.9024 ], [ 77.0931, 16.9055 ], [ 77.0823, 16.9407 ], [ 77.0686, 16.9323 ], [ 77.0706, 16.9533 ], [ 77.0639, 16.9538 ], [ 77.0412, 16.923 ], [ 77.0199, 16.9275 ], [ 77.0176, 16.899 ], [ 77.0416, 16.8827 ], [ 77.0419, 16.8684 ], [ 77.0207, 16.8685 ], [ 77.0075, 16.8578 ], [ 76.9796, 16.8596 ], [ 76.9833, 16.8398 ], [ 76.9953, 16.8375 ], [ 76.9905, 16.8119 ], [ 76.9803, 16.8092 ], [ 76.9491, 16.8293 ], [ 76.9286, 16.8319 ], [ 76.912, 16.8164 ], [ 76.9028, 16.8559 ], [ 76.9274, 16.8796 ], [ 76.9527, 16.891 ], [ 76.9306, 16.9549 ], [ 76.939, 16.9878 ], [ 76.9133, 17.0159 ], [ 76.9262, 17.0391 ], [ 76.9047, 17.0476 ], [ 76.935, 17.0614 ], [ 76.9564, 17.1081 ] ] ] } },
{ "type": "Feature", "properties": { "area_id": "KGIS-H-040603", "name_en": "Shahabada", "name_kn": "", "level": "panchayat", "parent_id": "KGIS-T-0406", "district_en": "Kalburgi", "lgd_code": null }, "geometry": { "type": "Polygon", "coordinates": [ [ [ 77.0258, 17.1983 ], [ 77.0281, 17.1734 ], [ 77.0065, 17.1727 ], [ 77.0021, 17.1933 ], [ 77.0258, 17.1983 ] ] ] } },
{ "type": "Feature", "properties": { "area_id": "KGIS-H-040604", "name_en": "Gundagurti", "name_kn": "", "level": "panchayat", "parent_id": "KGIS-T-0406", "district_en": "Kalburgi", "lgd_code": null }, "geometry": { "type": "Polygon", "coordinates": [ [ [ 77.0058, 17.317 ], [ 77.0199, 17.306 ], [ 77.0443, 17.3173 ], [ 77.0543, 17.31 ], [ 77.0538, 17.2963 ], [ 77.0773, 17.2821 ], [ 77.0919, 17.2915 ], [ 77.1008, 17.2811 ], [ 77.1052, 17.2452 ], [ 77.1338, 17.243 ], [ 77.1356, 17.2341 ], [ 77.1534, 17.2358 ], [ 77.1513, 17.2084 ], [ 77.1265, 17.2054 ], [ 77.129, 17.1829 ], [ 77.0874, 17.1638 ], [ 77.0428, 17.2144 ], [ 77.0296, 17.1976 ], [ 77.0123, 17.1918 ], [ 76.9783, 17.1979 ], [ 76.9713, 17.2203 ], [ 76.9512, 17.2193 ], [ 76.9499, 17.2063 ], [ 76.9227, 17.2084 ], [ 76.9287, 17.2592 ], [ 76.9715, 17.258 ], [ 76.9845, 17.2779 ], [ 76.9984, 17.2768 ], [ 77.0021, 17.2945 ], [ 76.9886, 17.3007 ], [ 76.9867, 17.3116 ], [ 76.9881, 17.3177 ], [ 77.0058, 17.317 ] ] ] } },
{ "type": "Feature", "properties": { "area_id": "KGIS-H-040605", "name_en": "Chittapura", "name_kn": "", "level": "panchayat", "parent_id": "KGIS-T-0406", "district_en": "Kalburgi", "lgd_code": null }, "geometry": { "type": "Polygon", "coordinates": [ [ [ 77.0467, 17.2129 ], [ 77.0824, 17.1664 ], [ 77.1081, 17.1757 ], [ 77.1182, 17.1606 ], [ 77.1264, 17.1642 ], [ 77.1313, 17.1549 ], [ 77.1516, 17.1515 ], [ 77.1579, 17.1361 ], [ 77.1515, 17.1185 ], [ 77.1944, 17.1235 ], [ 77.1956, 17.1097 ], [ 77.2067, 17.1097 ], [ 77.2051, 17.0909 ], [ 77.1914, 17.0726 ], [ 77.192, 17.051 ], [ 77.2195, 17.0272 ], [ 77.2126, 17.0142 ], [ 77.1868, 17.0049 ], [ 77.1064, 17.0246 ], [ 77.0819, 17.0053 ], [ 77.0789, 17.013 ], [ 77.0576, 17.0193 ], [ 77.059, 17.032 ], [ 77.0406, 17.0377 ], [ 77.0637, 17.0598 ], [ 77.0445, 17.0641 ], [ 77.0195, 17.0484 ], [ 77.0047, 17.0528 ], [ 77.0015, 17.0718 ], [ 76.9589, 17.1034 ], [ 76.9672, 17.1413 ], [ 76.9624, 17.1543 ], [ 77.0076, 17.1734 ], [ 77.0281, 17.1734 ], [ 77.0226, 17.191 ], [ 77.0467, 17.2129 ] ] ] } },
{ "type": "Feature", "properties": { "area_id": "KGIS-H-040701", "name_en": "Jevargi", "name_kn": "", "level": "panchayat", "parent_id": "KGIS-T-0407", "district_en": "Kalburgi", "lgd_code": null }, "geometry": { "type": "Polygon", "coordinates": [ [ [ 76.776, 17.1049 ], [ 76.7633, 17.0975 ], [ 76.7624, 17.0879 ], [ 76.7875, 17.0766 ], [ 76.8062, 17.0535 ], [ 76.8043, 17.0267 ], [ 76.788, 16.9915 ], [ 76.7901, 16.9718 ], [ 76.8027, 16.9713 ], [ 76.8021, 16.9552 ], [ 76.7921, 16.9562 ], [ 76.7913, 16.9317 ], [ 76.7571, 16.9294 ], [ 76.7599, 16.9566 ], [ 76.7403, 16.956 ], [ 76.7191, 16.9389 ], [ 76.6957, 16.9454 ], [ 76.6731, 16.9414 ], [ 76.6687, 16.9548 ], [ 76.6257, 16.9617 ], [ 76.6239, 17.0006 ], [ 76.634, 17.0114 ], [ 76.6388, 17.0425 ], [ 76.6253, 17.0849 ], [ 76.662, 17.0904 ], [ 76.6967, 17.0602 ], [ 76.7012, 17.1005 ], [ 76.7373, 17.1539 ], [ 76.7531, 17.1659 ], [ 76.776, 17.1544 ], [ 76.776, 17.1049 ] ] ] } },
{ "type": "Feature", "properties": { "area_id": "KGIS-H-040702", "name_en": "Andola", "name_kn": "", "level": "panchayat", "parent_id": "KGIS-T-0407", "district_en": "Kalburgi", "lgd_code": null }, "geometry": { "type": "MultiPolygon", "coordinates": [ [ [ [ 76.7301, 16.7714 ], [ 76.7402, 16.7699 ], [ 76.7388, 16.7517 ], [ 76.7238, 16.7526 ], [ 76.7301, 16.7714 ] ] ], [ [ [ 76.7219, 16.789 ], [ 76.719, 16.7779 ], [ 76.709, 16.7805 ], [ 76.7092, 16.7926 ], [ 76.7219, 16.789 ] ] ], [ [ [ 76.8856, 17.0421 ], [ 76.9262, 17.0391 ], [ 76.9133, 17.0159 ], [ 76.939, 16.9878 ], [ 76.9306, 16.9549 ], [ 76.9521, 16.8865 ], [ 76.9301, 16.8813 ], [ 76.921, 16.8702 ], [ 76.902, 16.8786 ], [ 76.9024, 16.8934 ], [ 76.8705, 16.8965 ], [ 76.8567, 16.8921 ], [ 76.8435, 16.8672 ], [ 76.8169, 16.874 ], [ 76.8113, 16.8557 ], [ 76.7913, 16.8501 ], [ 76.7891, 16.8375 ], [ 76.759, 16.8453 ], [ 76.7563, 16.8151 ], [ 76.7326, 16.8198 ], [ 76.7353, 16.8313 ], [ 76.7144, 16.8365 ], [ 76.7176, 16.8499 ], [ 76.7324, 16.8554 ], [ 76.7376, 16.8752 ], [ 76.7199, 16.8958 ], [ 76.727, 16.9181 ], [ 76.7457, 16.9289 ], [ 76.7913, 16.9317 ], [ 76.7921, 16.9562 ], [ 76.8021, 16.9552 ], [ 76.8027, 16.9713 ], [ 76.7901, 16.9718 ], [ 76.788, 16.9915 ], [ 76.8062, 17.0332 ], [ 76.8047, 17.0523 ], [ 76.8142, 17.0443 ], [ 76.8355, 17.0449 ], [ 76.8541, 17.0651 ], [ 76.8856, 17.0421 ] ] ] ] } },
{ "type": "Feature", "properties": { "area_id": "KGIS-H-040703", "name_en": "Ijeri", "name_kn": "", "level": "panchayat", "parent_id": "KGIS-T-0407", "district_en": "Kalburgi", "lgd_code": null }, "geometry": { "type": "MultiPolygon", "coordinates": [ [ [ [ 76.7199, 16.8958 ], [ 76.7339, 16.8798 ], [ 76.7365, 16.8728 ], [ 76.7142, 16.8729 ], [ 76.7199, 16.8958 ] ] ], [ [ [ 76.7598, 16.956 ], [ 76.7577, 16.9326 ], [ 76.727, 16.9181 ], [ 76.7197, 16.9399 ], [ 76.7403, 16.956 ], [ 76.7598, 16.956 ] ] ] ] } },
{ "type": "Feature", "properties": { "area_id": "KGIS-H-040704", "name_en": "Nelogi", "name_kn": "", "level": "panchayat", "parent_id": "KGIS-T-0407", "district_en": "Kalburgi", "lgd_code": null }, "geometry": { "type": "Polygon", "coordinates": [ [ [ 76.5781, 17.1745 ], [ 76.5544, 17.1307 ], [ 76.5197, 17.1216 ], [ 76.5089, 17.0967 ], [ 76.5204, 17.0889 ], [ 76.5758, 17.1069 ], [ 76.5858, 17.0981 ], [ 76.5855, 17.0871 ], [ 76.5603, 17.0705 ], [ 76.561, 17.0609 ], [ 76.5809, 17.0659 ], [ 76.6026, 17.0595 ], [ 76.6069, 17.081 ], [ 76.6253, 17.0849 ], [ 76.6388, 17.0425 ], [ 76.634, 17.0114 ], [ 76.6239, 17.0006 ], [ 76.6257, 16.9617 ], [ 76.588, 16.9522 ], [ 76.5259, 16.9679 ], [ 76.5203, 16.9575 ], [ 76.4948, 16.9625 ], [ 76.4955, 16.9802 ], [ 76.4705, 17.0011 ], [ 76.454, 16.9914 ], [ 76.4527, 16.9779 ], [ 76.4634, 16.965 ], [ 76.4516, 16.9415 ], [ 76.434, 16.9435 ], [ 76.428, 16.9272 ], [ 76.3993, 16.9353 ], [ 76.4006, 16.9773 ], [ 76.4368, 16.9818 ], [ 76.4411, 16.9991 ], [ 76.4272, 17.0534 ], [ 76.4297, 17.0989 ], [ 76.4202, 17.1202 ], [ 76.4522, 17.1279 ], [ 76.4501, 17.1476 ], [ 76.4946, 17.1394 ], [ 76.5213, 17.1771 ], [ 76.5418, 17.1751 ], [ 76.5527, 17.1861 ], [ 76.5781, 17.1745 ] ] ] } },
{ "type": "Feature", "properties": { "area_id": "KGIS-H-041101", "name_en": "Kalagi", "name_kn": "", "level": "panchayat", "parent_id": "KGIS-T-0411", "district_en": "Kalburgi", "lgd_code": null }, "geometry": { "type": "Polygon", "coordinates": [ [ [ 77.0986, 17.5399 ], [ 77.0928, 17.5101 ], [ 77.1081, 17.5114 ], [ 77.1273, 17.5297 ], [ 77.148, 17.5146 ], [ 77.1457, 17.5028 ], [ 77.1208, 17.4957 ], [ 77.1083, 17.4777 ], [ 77.1061, 17.4924 ], [ 77.0939, 17.493 ], [ 77.0947, 17.4697 ], [ 77.0832, 17.4654 ], [ 77.0812, 17.4407 ], [ 77.0891, 17.4388 ], [ 77.0899, 17.4232 ], [ 77.1057, 17.4231 ], [ 77.1167, 17.4082 ], [ 77.1352, 17.4157 ], [ 77.1382, 17.4256 ], [ 77.1558, 17.4217 ], [ 77.1566, 17.397 ], [ 77.1754, 17.3751 ], [ 77.2252, 17.3636 ], [ 77.2209, 17.3553 ], [ 77.2388, 17.3235 ], [ 77.2622, 17.3055 ], [ 77.268, 17.2611 ], [ 77.2593, 17.2631 ], [ 77.2566, 17.2487 ], [ 77.2272, 17.2463 ], [ 77.2009, 17.2544 ], [ 77.1985, 17.2659 ], [ 77.1845, 17.2631 ], [ 77.1747, 17.2372 ], [ 77.1363, 17.234 ], [ 77.1338, 17.243 ], [ 77.1052, 17.2452 ], [ 77.1005, 17.2819 ], [ 77.1211, 17.2859 ], [ 77.1137, 17.3116 ], [ 77.1267, 17.3221 ], [ 77.128, 17.3401 ], [ 77.1133, 17.3406 ], [ 77.1096, 17.3548 ], [ 77.0971, 17.3521 ], [ 77.0905, 17.3721 ], [ 77.0724, 17.3735 ], [ 77.0607, 17.3915 ], [ 77.0336, 17.4012 ], [ 77.0419, 17.4255 ], [ 77.0281, 17.4292 ], [ 77.0196, 17.4463 ], [ 77.0109, 17.4456 ], [ 77.007, 17.4341 ], [ 76.9978, 17.4453 ], [ 77.0443, 17.4815 ], [ 77.0459, 17.5075 ], [ 77.0636, 17.5136 ], [ 77.0835, 17.5447 ], [ 77.0986, 17.5399 ] ] ] } },
{ "type": "Feature", "properties": { "area_id": "KGIS-H-041103", "name_en": "Kodli", "name_kn": "", "level": "panchayat", "parent_id": "KGIS-T-0411", "district_en": "Kalburgi", "lgd_code": null }, "geometry": { "type": "Polygon", "coordinates": [ [ [ 77.1454, 17.5023 ], [ 77.1562, 17.4905 ], [ 77.1481, 17.481 ], [ 77.1551, 17.4749 ], [ 77.1458, 17.4554 ], [ 77.1795, 17.4843 ], [ 77.2001, 17.4902 ], [ 77.2273, 17.4859 ], [ 77.2323, 17.4945 ], [ 77.2711, 17.4918 ], [ 77.2623, 17.4745 ], [ 77.2779, 17.468 ], [ 77.2851, 17.4433 ], [ 77.2772, 17.4102 ], [ 77.2849, 17.4102 ], [ 77.2916, 17.3962 ], [ 77.2849, 17.3719 ], [ 77.2621, 17.3536 ], [ 77.2622, 17.3055 ], [ 77.2388, 17.3235 ], [ 77.2209, 17.3553 ], [ 77.2252, 17.3636 ], [ 77.1949, 17.3666 ], [ 77.1945, 17.3729 ], [ 77.1726, 17.3782 ], [ 77.1566, 17.397 ], [ 77.1558, 17.4217 ], [ 77.1382, 17.4256 ], [ 77.1352, 17.4157 ], [ 77.1167, 17.4082 ], [ 77.1057, 17.4231 ], [ 77.0899, 17.4232 ], [ 77.0891, 17.4388 ], [ 77.0812, 17.4407 ], [ 77.0832, 17.4654 ], [ 77.0947, 17.4697 ], [ 77.0955, 17.4811 ], [ 77.1049, 17.4755 ], [ 77.1208, 17.4957 ], [ 77.1454, 17.5023 ] ] ] } },
{ "type": "Feature", "properties": { "area_id": "KGIS-H-041104", "name_en": "Gundagurti", "name_kn": "", "level": "panchayat", "parent_id": "KGIS-T-0411", "district_en": "Kalburgi", "lgd_code": null }, "geometry": { "type": "Polygon", "coordinates": [ [ [ 77.0171, 17.4483 ], [ 77.0419, 17.4255 ], [ 77.0336, 17.4012 ], [ 77.0607, 17.3915 ], [ 77.0724, 17.3735 ], [ 77.0905, 17.3721 ], [ 77.0971, 17.3521 ], [ 77.1096, 17.3548 ], [ 77.1133, 17.3406 ], [ 77.128, 17.3401 ], [ 77.1267, 17.3221 ], [ 77.1137, 17.3116 ], [ 77.1211, 17.2859 ], [ 77.1005, 17.2819 ], [ 77.0919, 17.2915 ], [ 77.0773, 17.2821 ], [ 77.0611, 17.2887 ], [ 77.0523, 17.2982 ], [ 77.0535, 17.3114 ], [ 77.0263, 17.3276 ], [ 77.0436, 17.3522 ], [ 77.0313, 17.3755 ], [ 76.9636, 17.3793 ], [ 76.9702, 17.4015 ], [ 77.0002, 17.4047 ], [ 77.0109, 17.4456 ], [ 77.0171, 17.4483 ] ] ] } },
{ "type": "Feature", "properties": { "area_id": "KGIS-H-041105", "name_en": "Ainapura", "name_kn": "", "level": "panchayat", "parent_id": "KGIS-T-0411", "district_en": "Kalburgi", "lgd_code": null }, "geometry": { "type": "MultiPolygon", "coordinates": [ [ [ [ 77.0985, 17.4924 ], [ 77.1061, 17.4924 ], [ 77.1049, 17.4755 ], [ 77.0955, 17.4811 ], [ 77.0985, 17.4924 ] ] ], [ [ [ 77.2054, 17.5076 ], [ 77.2379, 17.5057 ], [ 77.2273, 17.4859 ], [ 77.1997, 17.4901 ], [ 77.2054, 17.5076 ] ] ] ] } },
{ "type": "Feature", "properties": { "area_id": "KGIS-H-041202", "name_en": "Narona", "name_kn": "", "level": "panchayat", "parent_id": "KGIS-T-0412", "district_en": "Kalburgi", "lgd_code": null }, "geometry": { "type": "Polygon", "coordinates": [ [ [ 76.792, 17.6528 ], [ 76.8554, 17.6436 ], [ 76.8989, 17.6449 ], [ 76.9076, 17.6349 ], [ 76.9293, 17.6372 ], [ 76.9195, 17.6218 ], [ 76.9219, 17.6099 ], [ 76.9416, 17.6037 ], [ 76.9405, 17.5966 ], [ 76.9172, 17.5913 ], [ 76.9034, 17.5627 ], [ 76.8829, 17.5641 ], [ 76.8779, 17.542 ], [ 76.8573, 17.5157 ], [ 76.8418, 17.5113 ], [ 76.8332, 17.4831 ], [ 76.8157, 17.4927 ], [ 76.8168, 17.5035 ], [ 76.8331, 17.5075 ], [ 76.8329, 17.5207 ], [ 76.8086, 17.524 ], [ 76.8065, 17.5328 ], [ 76.8058, 17.5439 ], [ 76.823, 17.5515 ], [ 76.8226, 17.5626 ], [ 76.8009, 17.5677 ], [ 76.8007, 17.5777 ], [ 76.8159, 17.5911 ], [ 76.7743, 17.6226 ], [ 76.792, 17.6528 ] ] ] } },
{ "type": "Feature", "properties": { "area_id": "KGIS-H-041204", "name_en": "Mahaganva", "name_kn": "", "level": "panchayat", "parent_id": "KGIS-T-0412", "district_en": "Kalburgi", "lgd_code": null }, "geometry": { "type": "Polygon", "coordinates": [ [ [ 76.9412, 17.5959 ], [ 76.9383, 17.5769 ], [ 76.9723, 17.5532 ], [ 76.9732, 17.5432 ], [ 76.9959, 17.5431 ], [ 76.9942, 17.5235 ], [ 77.0406, 17.5475 ], [ 77.055, 17.5379 ], [ 77.0765, 17.5561 ], [ 77.0831, 17.5458 ], [ 77.0636, 17.5136 ], [ 77.0459, 17.5075 ], [ 77.0443, 17.4815 ], [ 77.0196, 17.4666 ], [ 77.0155, 17.4559 ], [ 77.0003, 17.4533 ], [ 76.9979, 17.4448 ], [ 76.9795, 17.4495 ], [ 76.9694, 17.4699 ], [ 76.8678, 17.4614 ], [ 76.8601, 17.4644 ], [ 76.8586, 17.4824 ], [ 76.8332, 17.4831 ], [ 76.8418, 17.5113 ], [ 76.8573, 17.5157 ], [ 76.8779, 17.542 ], [ 76.8829, 17.5641 ], [ 76.9034, 17.5627 ], [ 76.9172, 17.5913 ], [ 76.9412, 17.5959 ] ] ] } },
{ "type": "Feature", "properties": { "area_id": "KGIS-H-041206", "name_en": "Kamalapura", "name_kn": "", "level": "panchayat", "parent_id": "KGIS-T-0412", "district_en": "Kalburgi", "lgd_code": null }, "geometry": { "type": "Polygon", "coordinates": [ [ [ 76.9867, 17.6985 ], [ 77.0181, 17.6794 ], [ 77.0333, 17.6823 ], [ 77.041, 17.6676 ], [ 77.058, 17.6734 ], [ 77.0852, 17.6589 ], [ 77.0894, 17.6687 ], [ 77.1043, 17.6686 ], [ 77.1177, 17.686 ], [ 77.1269, 17.6863 ], [ 77.1319, 17.6611 ], [ 77.1449, 17.6556 ], [ 77.1513, 17.6372 ], [ 77.1376, 17.624 ], [ 77.1343, 17.6029 ], [ 77.1426, 17.6031 ], [ 77.1416, 17.5944 ], [ 77.1604, 17.5847 ], [ 77.1587, 17.5784 ], [ 77.1499, 17.5675 ], [ 77.1312, 17.5654 ], [ 77.1211, 17.573 ], [ 77.1225, 17.5872 ], [ 77.0858, 17.5851 ], [ 77.0791, 17.5553 ], [ 77.0602, 17.5412 ], [ 77.0406, 17.5475 ], [ 76.9942, 17.5235 ], [ 76.9959, 17.5431 ], [ 76.9732, 17.5432 ], [ 76.9723, 17.5532 ], [ 76.9383, 17.5769 ], [ 76.9413, 17.6098 ], [ 76.952, 17.6242 ], [ 76.9573, 17.6206 ], [ 76.9606, 17.6386 ], [ 76.9837, 17.653 ], [ 76.9762, 17.6806 ], [ 76.9867, 17.6985 ] ] ] } },
{ "type": "Feature", "properties": { "area_id": "KGIS-H-041207", "name_en": "Ainapura", "name_kn": "", "level": "panchayat", "parent_id": "KGIS-T-0412", "district_en": "Kalburgi", "lgd_code": null }, "geometry": { "type": "Polygon", "coordinates": [ [ [ 77.1237, 17.586 ], [ 77.1211, 17.573 ], [ 77.1312, 17.5654 ], [ 77.1499, 17.5675 ], [ 77.1585, 17.5784 ], [ 77.1709, 17.577 ], [ 77.1574, 17.5668 ], [ 77.1695, 17.5415 ], [ 77.143, 17.515 ], [ 77.1273, 17.5297 ], [ 77.1081, 17.5114 ], [ 77.0928, 17.5101 ], [ 77.0986, 17.5399 ], [ 77.078, 17.554 ], [ 77.0818, 17.5823 ], [ 77.1237, 17.586 ] ] ] } },
{ "type": "Feature", "properties": { "area_id": "KGIS-H-041302", "name_en": "Andola", "name_kn": "", "level": "panchayat", "parent_id": "KGIS-T-0413", "district_en": "Kalburgi", "lgd_code": null }, "geometry": { "type": "Polygon", "coordinates": [ [ [ 76.7453, 16.7791 ], [ 76.7365, 16.7763 ], [ 76.7242, 16.7854 ], [ 76.7292, 16.8197 ], [ 76.7449, 16.8162 ], [ 76.7453, 16.7791 ] ] ] } },
{ "type": "Feature", "properties": { "area_id": "KGIS-H-041303", "name_en": "Ijeri", "name_kn": "", "level": "panchayat", "parent_id": "KGIS-T-0413", "district_en": "Kalburgi", "lgd_code": null }, "geometry": { "type": "Polygon", "coordinates": [ [ [ 76.6259, 16.9617 ], [ 76.6687, 16.9548 ], [ 76.6731, 16.9414 ], [ 76.6957, 16.9454 ], [ 76.7191, 16.9389 ], [ 76.7277, 16.92 ], [ 76.7142, 16.8729 ], [ 76.7329, 16.872 ], [ 76.7324, 16.8554 ], [ 76.7148, 16.8456 ], [ 76.7148, 16.8356 ], [ 76.7353, 16.8313 ], [ 76.7242, 16.7854 ], [ 76.7092, 16.7926 ], [ 76.6795, 16.7848 ], [ 76.6758, 16.7655 ], [ 76.661, 16.7672 ], [ 76.6532, 16.7558 ], [ 76.6593, 16.7256 ], [ 76.6353, 16.7349 ], [ 76.6352, 16.7451 ], [ 76.6227, 16.7422 ], [ 76.6238, 16.7652 ], [ 76.5813, 16.7657 ], [ 76.573, 16.8007 ], [ 76.5963, 16.8045 ], [ 76.6156, 16.8711 ], [ 76.5887, 16.8723 ], [ 76.5888, 16.9174 ], [ 76.5822, 16.9259 ], [ 76.5886, 16.9339 ], [ 76.6042, 16.9303 ], [ 76.5991, 16.9537 ], [ 76.6259, 16.9617 ] ] ] } },
{ "type": "Feature", "properties": { "area_id": "KGIS-H-041305", "name_en": "Yadrami", "name_kn": "", "level": "panchayat", "parent_id": "KGIS-T-0413", "district_en": "Kalburgi", "lgd_code": null }, "geometry": { "type": "Polygon", "coordinates": [ [ [ 76.4705, 17.0011 ], [ 76.4955, 16.9802 ], [ 76.4948, 16.9625 ], [ 76.5203, 16.9575 ], [ 76.5259, 16.9679 ], [ 76.5991, 16.9537 ], [ 76.6049, 16.9326 ], [ 76.5886, 16.9339 ], [ 76.5822, 16.9259 ], [ 76.5888, 16.9174 ], [ 76.584, 16.8944 ], [ 76.5887, 16.8723 ], [ 76.6156, 16.8711 ], [ 76.596, 16.804 ], [ 76.5729, 16.8042 ], [ 76.5812, 16.7586 ], [ 76.5474, 16.7474 ], [ 76.5156, 16.7506 ], [ 76.5024, 16.7385 ], [ 76.5031, 16.7231 ], [ 76.461, 16.711 ], [ 76.4595, 16.7233 ], [ 76.4466, 16.7234 ], [ 76.4426, 16.7138 ], [ 76.4227, 16.7176 ], [ 76.4228, 16.7307 ], [ 76.4402, 16.7425 ], [ 76.4427, 16.7571 ], [ 76.4355, 16.7646 ], [ 76.3706, 16.7675 ], [ 76.3778, 16.8011 ], [ 76.3962, 16.8057 ], [ 76.4103, 16.7987 ], [ 76.4139, 16.8135 ], [ 76.3512, 16.8193 ], [ 76.3588, 16.8425 ], [ 76.3742, 16.8584 ], [ 76.4291, 16.8509 ], [ 76.4296, 16.8371 ], [ 76.4597, 16.8329 ], [ 76.4709, 16.8391 ], [ 76.4588, 16.8673 ], [ 76.438, 16.8683 ], [ 76.4338, 16.8978 ], [ 76.4658, 16.9023 ], [ 76.4476, 16.9402 ], [ 76.4632, 16.9628 ], [ 76.4537, 16.9899 ], [ 76.4705, 17.0011 ] ] ] } },
{ "type": "Feature", "properties": { "area_id": "KGIS-H-041703", "name_en": "Shahabada", "name_kn": "", "level": "panchayat", "parent_id": "KGIS-T-0417", "district_en": "Kalburgi", "lgd_code": null }, "geometry": { "type": "Polygon", "coordinates": [ [ [ 76.866, 17.2468 ], [ 76.8737, 17.2414 ], [ 76.9037, 17.2352 ], [ 76.9059, 17.2183 ], [ 76.9144, 17.2184 ], [ 76.9167, 17.208 ], [ 76.9499, 17.2063 ], [ 76.9512, 17.2193 ], [ 76.9733, 17.2199 ], [ 76.9745, 17.2024 ], [ 77.0021, 17.1933 ], [ 77.0067, 17.174 ], [ 76.9962, 17.1635 ], [ 76.9624, 17.1543 ], [ 76.9672, 17.1413 ], [ 76.9456, 17.0752 ], [ 76.9321, 17.0592 ], [ 76.9111, 17.0553 ], [ 76.9062, 17.0435 ], [ 76.8969, 17.0418 ], [ 76.871, 17.048 ], [ 76.8544, 17.0651 ], [ 76.8747, 17.0978 ], [ 76.8707, 17.1318 ], [ 76.8813, 17.1763 ], [ 76.8371, 17.1822 ], [ 76.8302, 17.1956 ], [ 76.8561, 17.2221 ], [ 76.866, 17.2468 ] ] ] } },
{ "type": "Feature", "properties": { "area_id": "KGIS-H-050101", "name_en": "Basavakalyana", "name_kn": "", "level": "panchayat", "parent_id": "KGIS-T-0501", "district_en": "Bidar", "lgd_code": null }, "geometry": { "type": "Polygon", "coordinates": [ [ [ 76.9184, 17.9562 ], [ 76.9458, 17.9535 ], [ 76.9471, 17.9371 ], [ 76.9562, 17.9323 ], [ 76.9955, 17.9236 ], [ 77.0061, 17.9312 ], [ 77.0431, 17.9061 ], [ 77.048, 17.8757 ], [ 77.0214, 17.8576 ], [ 77.0306, 17.8353 ], [ 77.0261, 17.825 ], [ 77.0022, 17.833 ], [ 76.9721, 17.8117 ], [ 76.9591, 17.8262 ], [ 76.9363, 17.815 ], [ 76.9264, 17.8379 ], [ 76.8968, 17.8377 ], [ 76.8929, 17.8604 ], [ 76.8492, 17.8484 ], [ 76.8525, 17.8587 ], [ 76.8319, 17.8669 ], [ 76.832, 17.8918 ], [ 76.8396, 17.8998 ], [ 76.8842, 17.8943 ], [ 76.9004, 17.9175 ], [ 76.9189, 17.9164 ], [ 76.9184, 17.9562 ] ] ] } },
{ "type": "Feature", "properties": { "area_id": "KGIS-H-050102", "name_en": "Mantala", "name_kn": "", "level": "panchayat", "parent_id": "KGIS-T-0501", "district_en": "Bidar", "lgd_code": null }, "geometry": { "type": "Polygon", "coordinates": [ [ [ 76.7693, 17.9004 ], [ 76.7738, 17.8785 ], [ 76.796, 17.8723 ], [ 76.8081, 17.8714 ], [ 76.8101, 17.8874 ], [ 76.8345, 17.8859 ], [ 76.8319, 17.8669 ], [ 76.8525, 17.8587 ], [ 76.8492, 17.8484 ], [ 76.8929, 17.8604 ], [ 76.8968, 17.8377 ], [ 76.9264, 17.8379 ], [ 76.9363, 17.815 ], [ 76.9183, 17.8017 ], [ 76.903, 17.7708 ], [ 76.9015, 17.7362 ], [ 76.8496, 17.7486 ], [ 76.7959, 17.7434 ], [ 76.7817, 17.7813 ], [ 76.7642, 17.7868 ], [ 76.7663, 17.7989 ], [ 76.7793, 17.7982 ], [ 76.7889, 17.8304 ], [ 76.7683, 17.8517 ], [ 76.7381, 17.8581 ], [ 76.74, 17.8995 ], [ 76.7693, 17.9004 ] ] ] } },
{ "type": "Feature", "properties": { "area_id": "KGIS-H-050103", "name_en": "Rajeshvara", "name_kn": "", "level": "panchayat", "parent_id": "KGIS-T-0501", "district_en": "Bidar", "lgd_code": null }, "geometry": { "type": "Polygon", "coordinates": [ [ [ 77.0556, 17.8772 ], [ 77.0694, 17.875 ], [ 77.0699, 17.8228 ], [ 77.0806, 17.8121 ], [ 77.0802, 17.794 ], [ 77.0608, 17.7724 ], [ 77.0739, 17.7465 ], [ 77.0551, 17.7306 ], [ 77.0511, 17.7069 ], [ 77.0612, 17.7044 ], [ 77.0599, 17.6728 ], [ 77.0419, 17.6675 ], [ 77.0333, 17.6823 ], [ 77.0181, 17.6794 ], [ 77.0006, 17.6955 ], [ 76.9845, 17.6987 ], [ 76.9853, 17.7155 ], [ 77.0046, 17.7324 ], [ 77.0016, 17.7418 ], [ 76.986, 17.7474 ], [ 76.9887, 17.767 ], [ 76.9615, 17.7508 ], [ 76.9423, 17.7511 ], [ 76.9192, 17.7559 ], [ 76.9028, 17.77 ], [ 76.9183, 17.8017 ], [ 76.9402, 17.821 ], [ 76.9591, 17.8262 ], [ 76.9721, 17.8117 ], [ 77.0022, 17.833 ], [ 77.0261, 17.825 ], [ 77.0306, 17.8353 ], [ 77.0214, 17.8576 ], [ 77.0556, 17.8772 ] ] ] } },
{ "type": "Feature", "properties": { "area_id": "KGIS-H-050104", "name_en": "Mudabi", "name_kn": "", "level": "panchayat", "parent_id": "KGIS-T-0501", "district_en": "Bidar", "lgd_code": null }, "geometry": { "type": "Polygon", "coordinates": [ [ [ 76.9877, 17.7641 ], [ 76.986, 17.7474 ], [ 77.0016, 17.7418 ], [ 77.0046, 17.7324 ], [ 76.9853, 17.7155 ], [ 76.9805, 17.6976 ], [ 76.9772, 17.6675 ], [ 76.9848, 17.656 ], [ 76.9606, 17.6386 ], [ 76.9573, 17.6206 ], [ 76.952, 17.6242 ], [ 76.9413, 17.6067 ], [ 76.9219, 17.6099 ], [ 76.9195, 17.6218 ], [ 76.9293, 17.6372 ], [ 76.8554, 17.6436 ], [ 76.8408, 17.6544 ], [ 76.8427, 17.6695 ], [ 76.8304, 17.6758 ], [ 76.8217, 17.6975 ], [ 76.8363, 17.7172 ], [ 76.8406, 17.7453 ], [ 76.8496, 17.7486 ], [ 76.8926, 17.7343 ], [ 76.9037, 17.7426 ], [ 76.9034, 17.7666 ], [ 76.9192, 17.7559 ], [ 76.9585, 17.7506 ], [ 76.9877, 17.7641 ] ] ] } },
{ "type": "Feature", "properties": { "area_id": "KGIS-H-050105", "name_en": "Kohinura", "name_kn": "", "level": "panchayat", "parent_id": "KGIS-T-0501", "district_en": "Bidar", "lgd_code": null }, "geometry": { "type": "Polygon", "coordinates": [ [ [ 76.7643, 17.7874 ], [ 76.7817, 17.7813 ], [ 76.7959, 17.7434 ], [ 76.8406, 17.7453 ], [ 76.8363, 17.7172 ], [ 76.8217, 17.6975 ], [ 76.8304, 17.6758 ], [ 76.8427, 17.6695 ], [ 76.8417, 17.6537 ], [ 76.792, 17.6528 ], [ 76.7852, 17.6369 ], [ 76.7769, 17.6363 ], [ 76.773, 17.6657 ], [ 76.747, 17.6667 ], [ 76.7327, 17.6653 ], [ 76.7145, 17.639 ], [ 76.6989, 17.642 ], [ 76.7122, 17.6577 ], [ 76.6949, 17.6629 ], [ 76.6899, 17.6841 ], [ 76.6935, 17.696 ], [ 76.7126, 17.6967 ], [ 76.7005, 17.7062 ], [ 76.7054, 17.7231 ], [ 76.6993, 17.7284 ], [ 76.7283, 17.7376 ], [ 76.7184, 17.7519 ], [ 76.7216, 17.7698 ], [ 76.7127, 17.7741 ], [ 76.7143, 17.7813 ], [ 76.7214, 17.7882 ], [ 76.7407, 17.7798 ], [ 76.7643, 17.7874 ] ] ] } },
{ "type": "Feature", "properties": { "area_id": "KGIS-H-050201", "name_en": "Bhalki", "name_kn": "", "level": "panchayat", "parent_id": "KGIS-T-0502", "district_en": "Bidar", "lgd_code": null }, "geometry": { "type": "MultiPolygon", "coordinates": [ [ [ [ 77.1873, 18.0548 ], [ 77.1939, 18.0554 ], [ 77.1921, 18.0638 ], [ 77.2114, 18.0633 ], [ 77.221, 18.0805 ], [ 77.2194, 18.095 ], [ 77.2614, 18.0905 ], [ 77.2539, 18.0514 ], [ 77.2605, 18.0406 ], [ 77.2785, 18.043 ], [ 77.2841, 18.0365 ], [ 77.2691, 18.0026 ], [ 77.2745, 17.9934 ], [ 77.2955, 17.9882 ], [ 77.2908, 17.9711 ], [ 77.2781, 17.9696 ], [ 77.2759, 17.9438 ], [ 77.24, 17.9461 ], [ 77.2126, 17.9812 ], [ 77.1833, 17.9807 ], [ 77.1797, 17.9677 ], [ 77.1643, 17.9637 ], [ 77.1567, 17.9791 ], [ 77.1351, 17.9838 ], [ 77.1277, 18.0 ], [ 77.1024, 18.0028 ], [ 77.1141, 18.0261 ], [ 77.0987, 18.0401 ], [ 77.0974, 18.0528 ], [ 77.139, 18.058 ], [ 77.1567, 18.0469 ], [ 77.1782, 18.0628 ], [ 77.1873, 18.0548 ] ] ], [ [ [ 77.1985, 18.0777 ], [ 77.1992, 18.0708 ], [ 77.1969, 18.0729 ], [ 77.1985, 18.0777 ] ] ], [ [ [ 77.2044, 18.0831 ], [ 77.2036, 18.0766 ], [ 77.1985, 18.0777 ], [ 77.1964, 18.0781 ], [ 77.1959, 18.0869 ], [ 77.2044, 18.0831 ] ] ] ] } },
{ "type": "Feature", "properties": { "area_id": "KGIS-H-050202", "name_en": "Sayaganva", "name_kn": "", "level": "panchayat", "parent_id": "KGIS-T-0502", "district_en": "Bidar", "lgd_code": null }, "geometry": { "type": "Polygon", "coordinates": [ [ [ 76.9513, 18.1883 ], [ 76.9914, 18.1907 ], [ 77.002, 18.1614 ], [ 77.0238, 18.1585 ], [ 77.0236, 18.1754 ], [ 77.0336, 18.1822 ], [ 77.0522, 18.1738 ], [ 77.0526, 18.1586 ], [ 77.0379, 18.1553 ], [ 77.0311, 18.1452 ], [ 77.0319, 18.1233 ], [ 77.0683, 18.126 ], [ 77.0755, 18.1212 ], [ 77.0711, 18.0967 ], [ 77.1195, 18.0827 ], [ 77.1224, 18.0586 ], [ 77.0964, 18.0479 ], [ 77.1139, 18.0218 ], [ 77.1001, 18.0092 ], [ 77.1016, 18.0003 ], [ 77.0918, 18.0018 ], [ 77.0872, 17.9873 ], [ 77.0635, 17.979 ], [ 77.0561, 17.9845 ], [ 77.0643, 18.0196 ], [ 77.0441, 18.021 ], [ 77.0525, 18.0426 ], [ 77.0177, 18.0631 ], [ 76.9919, 18.0644 ], [ 76.9811, 18.026 ], [ 76.9436, 18.0463 ], [ 76.9512, 18.0604 ], [ 76.944, 18.0834 ], [ 76.9623, 18.0906 ], [ 76.9652, 18.0996 ], [ 76.9543, 18.1105 ], [ 76.9188, 18.1206 ], [ 76.9325, 18.1336 ], [ 76.9215, 18.1441 ], [ 76.9303, 18.1594 ], [ 76.9425, 18.1566 ], [ 76.9513, 18.1883 ] ] ] } },
{ "type": "Feature", "properties": { "area_id": "KGIS-H-050203", "name_en": "Nitturabh", "name_kn": "", "level": "panchayat", "parent_id": "KGIS-T-0502", "district_en": "Bidar", "lgd_code": null }, "geometry": { "type": "MultiPolygon", "coordinates": [ [ [ [ 77.3492, 18.1189 ], [ 77.3675, 18.0993 ], [ 77.3698, 18.1057 ], [ 77.4008, 18.104 ], [ 77.3854, 18.0717 ], [ 77.3925, 18.0524 ], [ 77.4127, 18.0465 ], [ 77.4091, 18.0349 ], [ 77.3717, 18.031 ], [ 77.3531, 18.0125 ], [ 77.3503, 18.024 ], [ 77.3374, 18.0321 ], [ 77.3051, 18.0173 ], [ 77.2829, 18.0263 ], [ 77.2785, 18.043 ], [ 77.2605, 18.0406 ], [ 77.2528, 18.0583 ], [ 77.2614, 18.0905 ], [ 77.3114, 18.1065 ], [ 77.3144, 18.1211 ], [ 77.3492, 18.1189 ] ] ], [ [ [ 77.1786, 18.0631 ], [ 77.1821, 18.0823 ], [ 77.1959, 18.0869 ], [ 77.2019, 18.0585 ], [ 77.1921, 18.0638 ], [ 77.1939, 18.0554 ], [ 77.1873, 18.0548 ], [ 77.1786, 18.0631 ] ] ] ] } },
{ "type": "Feature", "properties": { "area_id": "KGIS-H-050204", "name_en": "Khataka Chinchuli", "name_kn": "", "level": "panchayat", "parent_id": "KGIS-T-0502", "district_en": "Bidar", "lgd_code": null }, "geometry": { "type": "Polygon", "coordinates": [ [ [ 77.0918, 18.0018 ], [ 77.1277, 18.0 ], [ 77.1351, 17.9838 ], [ 77.1567, 17.9791 ], [ 77.157, 17.9677 ], [ 77.1673, 17.9629 ], [ 77.1797, 17.9677 ], [ 77.1833, 17.9807 ], [ 77.2165, 17.9793 ], [ 77.2405, 17.9533 ], [ 77.2382, 17.9419 ], [ 77.2454, 17.9348 ], [ 77.2806, 17.9227 ], [ 77.2778, 17.9109 ], [ 77.3133, 17.8881 ], [ 77.2899, 17.8779 ], [ 77.2795, 17.8846 ], [ 77.2675, 17.8776 ], [ 77.2307, 17.8868 ], [ 77.2297, 17.8795 ], [ 77.222, 17.8896 ], [ 77.2046, 17.8805 ], [ 77.1955, 17.8835 ], [ 77.1957, 17.8964 ], [ 77.1832, 17.8956 ], [ 77.1851, 17.904 ], [ 77.1789, 17.9057 ], [ 77.1961, 17.9236 ], [ 77.1809, 17.9162 ], [ 77.1669, 17.9203 ], [ 77.169, 17.939 ], [ 77.1441, 17.9441 ], [ 77.129, 17.9264 ], [ 77.1114, 17.93 ], [ 77.1069, 17.94 ], [ 77.0942, 17.943 ], [ 77.0868, 17.9725 ], [ 77.0588, 17.975 ], [ 77.0872, 17.9873 ], [ 77.0918, 18.0018 ] ], [ [ 77.228, 17.899 ], [ 77.2275, 17.8933 ], [ 77.2317, 17.8981 ], [ 77.228, 17.899 ] ], [ [ 77.2015, 17.8925 ], [ 77.1999, 17.8882 ], [ 77.2029, 17.8885 ], [ 77.2015, 17.8925 ] ], [ [ 77.2046, 17.8905 ], [ 77.207, 17.891 ], [ 77.205, 17.8921 ], [ 77.2046, 17.8905 ] ], [ [ 77.2071, 17.9311 ], [ 77.2078, 17.9267 ], [ 77.2081, 17.9312 ], [ 77.2071, 17.9311 ] ], [ [ 77.2031, 17.9213 ], [ 77.2024, 17.919 ], [ 77.2042, 17.919 ], [ 77.2031, 17.9213 ] ], [ [ 77.1925, 17.9089 ], [ 77.1922, 17.9039 ], [ 77.1922, 17.9036 ], [ 77.1925, 17.9089 ] ], [ [ 77.2068, 17.8962 ], [ 77.2052, 17.8976 ], [ 77.205, 17.8965 ], [ 77.2068, 17.8962 ] ] ] } },
{ "type": "Feature", "properties": { "area_id": "KGIS-H-050205", "name_en": "Lakhanaganva", "name_kn": "", "level": "panchayat", "parent_id": "KGIS-T-0502", "district_en": "Bidar", "lgd_code": null }, "geometry": { "type": "Polygon", "coordinates": [ [ [ 77.1993, 18.0743 ], [ 77.2044, 18.0831 ], [ 77.1976, 18.0875 ], [ 77.1839, 18.0835 ], [ 77.1788, 18.0632 ], [ 77.1567, 18.0469 ], [ 77.1405, 18.0577 ], [ 77.126, 18.0565 ], [ 77.1165, 18.0732 ], [ 77.1195, 18.0827 ], [ 77.0711, 18.0967 ], [ 77.075, 18.1222 ], [ 77.0572, 18.1287 ], [ 77.0341, 18.1204 ], [ 77.0287, 18.129 ], [ 77.0335, 18.1508 ], [ 77.0531, 18.1607 ], [ 77.0655, 18.1516 ], [ 77.1128, 18.157 ], [ 77.1169, 18.17 ], [ 77.0976, 18.1955 ], [ 77.1259, 18.2094 ], [ 77.1385, 18.2012 ], [ 77.1331, 18.184 ], [ 77.1433, 18.1816 ], [ 77.1504, 18.1536 ], [ 77.1781, 18.1712 ], [ 77.1849, 18.1418 ], [ 77.1966, 18.1392 ], [ 77.2157, 18.1677 ], [ 77.2278, 18.1472 ], [ 77.2378, 18.1604 ], [ 77.2501, 18.1593 ], [ 77.2617, 18.1543 ], [ 77.2727, 18.1319 ], [ 77.2944, 18.1348 ], [ 77.3144, 18.1214 ], [ 77.3114, 18.1065 ], [ 77.2876, 18.0955 ], [ 77.2598, 18.09 ], [ 77.2194, 18.095 ], [ 77.221, 18.0805 ], [ 77.2114, 18.0633 ], [ 77.1993, 18.0743 ] ] ] } },
{ "type": "Feature", "properties": { "area_id": "KGIS-H-050206", "name_en": "Halabarga", "name_kn": "", "level": "panchayat", "parent_id": "KGIS-T-0502", "district_en": "Bidar", "lgd_code": null }, "geometry": { "type": "Polygon", "coordinates": [ [ [ 77.3989, 18.0298 ], [ 77.3907, 18.0075 ], [ 77.3799, 18.0072 ], [ 77.3776, 17.9893 ], [ 77.3828, 17.9664 ], [ 77.3991, 17.9702 ], [ 77.4002, 17.9483 ], [ 77.3817, 17.9474 ], [ 77.3981, 17.9276 ], [ 77.3799, 17.91 ], [ 77.3655, 17.9108 ], [ 77.3612, 17.8996 ], [ 77.3796, 17.891 ], [ 77.371, 17.8751 ], [ 77.3328, 17.8664 ], [ 77.3297, 17.8528 ], [ 77.3152, 17.8542 ], [ 77.3227, 17.8713 ], [ 77.3118, 17.8922 ], [ 77.2778, 17.9109 ], [ 77.2806, 17.9227 ], [ 77.2563, 17.9272 ], [ 77.2382, 17.9419 ], [ 77.2759, 17.9438 ], [ 77.2792, 17.9718 ], [ 77.2908, 17.9711 ], [ 77.2953, 17.9888 ], [ 77.2745, 17.9934 ], [ 77.273, 18.0157 ], [ 77.2829, 18.0263 ], [ 77.3162, 18.0172 ], [ 77.3259, 18.0305 ], [ 77.3373, 18.0321 ], [ 77.3503, 18.024 ], [ 77.3531, 18.0125 ], [ 77.3717, 18.031 ], [ 77.3989, 18.0298 ] ] ] } },
{ "type": "Feature", "properties": { "area_id": "KGIS-H-050301", "name_en": "Owradabi", "name_kn": "", "level": "panchayat", "parent_id": "KGIS-T-0503", "district_en": "Bidar", "lgd_code": null }, "geometry": { "type": "Polygon", "coordinates": [ [ [ 77.3663, 18.4504 ], [ 77.3636, 18.4311 ], [ 77.3725, 18.4009 ], [ 77.4008, 18.4023 ], [ 77.4143, 18.3925 ], [ 77.4101, 18.3775 ], [ 77.3949, 18.3693 ], [ 77.4004, 18.3474 ], [ 77.3572, 18.3189 ], [ 77.3664, 18.3086 ], [ 77.4028, 18.3026 ], [ 77.4377, 18.3103 ], [ 77.4368, 18.2922 ], [ 77.4474, 18.2698 ], [ 77.4724, 18.2655 ], [ 77.4701, 18.236 ], [ 77.4559, 18.2279 ], [ 77.481, 18.2258 ], [ 77.4691, 18.1806 ], [ 77.4488, 18.1816 ], [ 77.4494, 18.1929 ], [ 77.4371, 18.1921 ], [ 77.4361, 18.1683 ], [ 77.4237, 18.1553 ], [ 77.4191, 18.1896 ], [ 77.4101, 18.1973 ], [ 77.3953, 18.196 ], [ 77.3815, 18.1793 ], [ 77.3679, 18.1768 ], [ 77.3599, 18.1856 ], [ 77.3694, 18.2138 ], [ 77.3492, 18.2031 ], [ 77.3347, 18.2074 ], [ 77.339, 18.2524 ], [ 77.3489, 18.2624 ], [ 77.3261, 18.251 ], [ 77.3063, 18.2637 ], [ 77.3194, 18.3135 ], [ 77.3027, 18.3472 ], [ 77.3053, 18.4058 ], [ 77.3162, 18.4221 ], [ 77.3263, 18.4169 ], [ 77.3398, 18.4252 ], [ 77.3436, 18.443 ], [ 77.3663, 18.4504 ] ] ] } },
{ "type": "Feature", "properties": { "area_id": "KGIS-H-050302", "name_en": "Chintaki", "name_kn": "", "level": "panchayat", "parent_id": "KGIS-T-0503", "district_en": "Bidar", "lgd_code": null }, "geometry": { "type": "Polygon", "coordinates": [ [ [ 77.5582, 18.2859 ], [ 77.5724, 18.295 ], [ 77.6033, 18.2801 ], [ 77.5725, 18.2433 ], [ 77.5864, 18.2178 ], [ 77.577, 18.2015 ], [ 77.5657, 18.2039 ], [ 77.563, 18.1955 ], [ 77.584, 18.161 ], [ 77.5974, 18.1568 ], [ 77.597, 18.1223 ], [ 77.5473, 18.1265 ], [ 77.5451, 18.1583 ], [ 77.5174, 18.1667 ], [ 77.5075, 18.1508 ], [ 77.4912, 18.1494 ], [ 77.4868, 18.1406 ], [ 77.4754, 18.1387 ], [ 77.476, 18.1482 ], [ 77.4548, 18.1504 ], [ 77.4488, 18.1816 ], [ 77.4691, 18.1806 ], [ 77.481, 18.2258 ], [ 77.4539, 18.2318 ], [ 77.4701, 18.236 ], [ 77.4724, 18.2655 ], [ 77.5023, 18.2781 ], [ 77.5129, 18.3102 ], [ 77.5582, 18.2859 ] ] ] } },
{ "type": "Feature", "properties": { "area_id": "KGIS-H-050303", "name_en": "Santapura", "name_kn": "", "level": "panchayat", "parent_id": "KGIS-T-0503", "district_en": "Bidar", "lgd_code": null }, "geometry": { "type": "Polygon", "coordinates": [ [ [ 77.3953, 18.196 ], [ 77.4191, 18.1896 ], [ 77.4237, 18.1553 ], [ 77.4361, 18.1683 ], [ 77.4338, 18.1887 ], [ 77.4494, 18.1929 ], [ 77.4511, 18.1544 ], [ 77.4762, 18.1481 ], [ 77.4754, 18.1387 ], [ 77.5075, 18.1508 ], [ 77.5135, 18.1659 ], [ 77.5451, 18.1583 ], [ 77.5473, 18.1265 ], [ 77.597, 18.1223 ], [ 77.6023, 18.1052 ], [ 77.5959, 18.0856 ], [ 77.5484, 18.0641 ], [ 77.5464, 18.0361 ], [ 77.498, 18.0601 ], [ 77.5007, 18.0436 ], [ 77.4824, 18.0223 ], [ 77.4515, 18.0419 ], [ 77.4342, 18.0857 ], [ 77.423, 18.0792 ], [ 77.4206, 18.0635 ], [ 77.3934, 18.0518 ], [ 77.3851, 18.0741 ], [ 77.4014, 18.103 ], [ 77.3698, 18.1057 ], [ 77.3675, 18.0993 ], [ 77.3533, 18.1077 ], [ 77.3433, 18.1213 ], [ 77.3488, 18.12 ], [ 77.3492, 18.1399 ], [ 77.3422, 18.1469 ], [ 77.3569, 18.1488 ], [ 77.3641, 18.1783 ], [ 77.3815, 18.1793 ], [ 77.3953, 18.196 ] ] ] } },
{ "type": "Feature", "properties": { "area_id": "KGIS-H-050401", "name_en": "Beedara Uttara", "name_kn": "", "level": "panchayat", "parent_id": "KGIS-T-0504", "district_en": "Bidar", "lgd_code": null }, "geometry": { "type": "MultiPolygon", "coordinates": [ [ [ [ 77.5366, 17.8635 ], [ 77.534, 17.8574 ], [ 77.5328, 17.8639 ], [ 77.5366, 17.8635 ] ] ], [ [ [ 77.5103, 17.8746 ], [ 77.5087, 17.8742 ], [ 77.5087, 17.8746 ], [ 77.5103, 17.8746 ] ] ], [ [ [ 77.5384, 17.9083 ], [ 77.5344, 17.9082 ], [ 77.5356, 17.911 ], [ 77.5384, 17.9083 ] ] ], [ [ [ 77.5194, 17.9176 ], [ 77.5247, 17.9205 ], [ 77.5196, 17.9257 ], [ 77.4932, 17.926 ], [ 77.4774, 17.9379 ], [ 77.4754, 17.9551 ], [ 77.517, 17.9461 ], [ 77.5173, 17.9715 ], [ 77.5338, 17.977 ], [ 77.5431, 18.0086 ], [ 77.5612, 18.0086 ], [ 77.5685, 17.997 ], [ 77.5798, 18.0179 ], [ 77.5934, 18.0127 ], [ 77.6029, 18.021 ], [ 77.6264, 17.9968 ], [ 77.6527, 17.9953 ], [ 77.6503, 17.9501 ], [ 77.637, 17.9525 ], [ 77.6335, 17.9679 ], [ 77.6245, 17.9595 ], [ 77.633, 17.9495 ], [ 77.6183, 17.9383 ], [ 77.6189, 17.9037 ], [ 77.5862, 17.9083 ], [ 77.587, 17.9245 ], [ 77.5454, 17.9232 ], [ 77.529, 17.907 ], [ 77.5194, 17.9176 ] ], [ [ 77.5514, 17.9302 ], [ 77.547, 17.93 ], [ 77.5462, 17.9257 ], [ 77.5514, 17.9302 ] ] ], [ [ [ 77.5174, 17.996 ], [ 77.5146, 17.9937 ], [ 77.5124, 17.9964 ], [ 77.5174, 17.996 ] ] ] ] } },
{ "type": "Feature", "properties": { "area_id": "KGIS-H-050402", "name_en": "Beedaradakshina", "name_kn": "", "level": "panchayat", "parent_id": "KGIS-T-0504", "district_en": "Bidar", "lgd_code": null }, "geometry": { "type": "MultiPolygon", "coordinates": [ [ [ [ 77.4877, 17.8863 ], [ 77.5098, 17.9029 ], [ 77.5014, 17.9198 ], [ 77.5071, 17.9301 ], [ 77.5094, 17.9223 ], [ 77.5242, 17.921 ], [ 77.5184, 17.9142 ], [ 77.529, 17.907 ], [ 77.5454, 17.9232 ], [ 77.5873, 17.9245 ], [ 77.5861, 17.894 ], [ 77.6009, 17.8809 ], [ 77.5984, 17.8733 ], [ 77.5834, 17.8774 ], [ 77.5696, 17.8672 ], [ 77.5696, 17.8516 ], [ 77.5536, 17.8201 ], [ 77.547, 17.8284 ], [ 77.5061, 17.8248 ], [ 77.5003, 17.8418 ], [ 77.4831, 17.8418 ], [ 77.4877, 17.8863 ] ], [ [ 77.5369, 17.9107 ], [ 77.5353, 17.906 ], [ 77.5384, 17.908 ], [ 77.5369, 17.9107 ] ], [ [ 77.5087, 17.8746 ], [ 77.5104, 17.8739 ], [ 77.5104, 17.8745 ], [ 77.5087, 17.8746 ] ], [ [ 77.5366, 17.8635 ], [ 77.534, 17.8574 ], [ 77.5384, 17.8581 ], [ 77.5366, 17.8635 ] ] ], [ [ [ 77.5473, 17.9306 ], [ 77.551, 17.9288 ], [ 77.5462, 17.9257 ], [ 77.5473, 17.9306 ] ] ] ] } },
{ "type": "Feature", "properties": { "area_id": "KGIS-H-050403", "name_en": "Mannalli", "name_kn": "", "level": "panchayat", "parent_id": "KGIS-T-0504", "district_en": "Bidar", "lgd_code": null }, "geometry": { "type": "MultiPolygon", "coordinates": [ [ [ [ 77.3532, 17.7834 ], [ 77.3561, 17.769 ], [ 77.3698, 17.7585 ], [ 77.3595, 17.7418 ], [ 77.3311, 17.7231 ], [ 77.3163, 17.7643 ], [ 77.3532, 17.7834 ] ] ], [ [ [ 77.5021, 17.8388 ], [ 77.5018, 17.8263 ], [ 77.5273, 17.8272 ], [ 77.5287, 17.8175 ], [ 77.5064, 17.7855 ], [ 77.534, 17.7783 ], [ 77.5383, 17.7797 ], [ 77.5553, 17.7636 ], [ 77.5689, 17.7664 ], [ 77.5703, 17.7418 ], [ 77.4629, 17.7011 ], [ 77.4529, 17.6948 ], [ 77.4546, 17.6838 ], [ 77.3922, 17.6963 ], [ 77.3887, 17.7127 ], [ 77.3743, 17.7189 ], [ 77.3878, 17.7442 ], [ 77.4421, 17.7077 ], [ 77.446, 17.7698 ], [ 77.4599, 17.7725 ], [ 77.4635, 17.7926 ], [ 77.4554, 17.8 ], [ 77.4583, 17.8132 ], [ 77.4776, 17.8237 ], [ 77.4913, 17.843 ], [ 77.5021, 17.8388 ] ] ], [ [ [ 77.524, 17.7858 ], [ 77.5256, 17.7825 ], [ 77.5216, 17.7827 ], [ 77.524, 17.7858 ] ] ] ] } },
{ "type": "Feature", "properties": { "area_id": "KGIS-H-050404", "name_en": "Bagadala", "name_kn": "", "level": "panchayat", "parent_id": "KGIS-T-0504", "district_en": "Bidar", "lgd_code": null }, "geometry": { "type": "Polygon", "coordinates": [ [ [ 77.3825, 17.8865 ], [ 77.3904, 17.8751 ], [ 77.4107, 17.8755 ], [ 77.4181, 17.8561 ], [ 77.4401, 17.8511 ], [ 77.4465, 17.8365 ], [ 77.4539, 17.8354 ], [ 77.4556, 17.844 ], [ 77.4639, 17.8404 ], [ 77.4681, 17.8162 ], [ 77.4596, 17.816 ], [ 77.4559, 17.8042 ], [ 77.4635, 17.7946 ], [ 77.4599, 17.7725 ], [ 77.446, 17.7698 ], [ 77.4421, 17.7077 ], [ 77.3864, 17.7469 ], [ 77.3765, 17.7374 ], [ 77.3521, 17.7347 ], [ 77.3698, 17.7585 ], [ 77.3561, 17.769 ], [ 77.3588, 17.7726 ], [ 77.3523, 17.7841 ], [ 77.3143, 17.7593 ], [ 77.2885, 17.7627 ], [ 77.2947, 17.8151 ], [ 77.3174, 17.8197 ], [ 77.3166, 17.8332 ], [ 77.3302, 17.8418 ], [ 77.3328, 17.8664 ], [ 77.3608, 17.8704 ], [ 77.3825, 17.8865 ] ] ] } },
{ "type": "Feature", "properties": { "area_id": "KGIS-H-050405", "name_en": "Kamatana", "name_kn": "", "level": "panchayat", "parent_id": "KGIS-T-0504", "district_en": "Bidar", "lgd_code": null }, "geometry": { "type": "Polygon", "coordinates": [ [ [ 77.5098, 17.9029 ], [ 77.4877, 17.8863 ], [ 77.4875, 17.8377 ], [ 77.4683, 17.8218 ], [ 77.4613, 17.8445 ], [ 77.4465, 17.8365 ], [ 77.4401, 17.8511 ], [ 77.4181, 17.8561 ], [ 77.4107, 17.8755 ], [ 77.3904, 17.8751 ], [ 77.3764, 17.895 ], [ 77.3612, 17.8996 ], [ 77.3655, 17.9108 ], [ 77.3799, 17.91 ], [ 77.3929, 17.9195 ], [ 77.3981, 17.9276 ], [ 77.3817, 17.9474 ], [ 77.4002, 17.9483 ], [ 77.4002, 17.975 ], [ 77.4248, 17.9891 ], [ 77.4261, 17.9772 ], [ 77.4441, 17.963 ], [ 77.4703, 17.9701 ], [ 77.4774, 17.9379 ], [ 77.5042, 17.9236 ], [ 77.5098, 17.9029 ] ] ] } },
{ "type": "Feature", "properties": { "area_id": "KGIS-H-050406", "name_en": "Janavada", "name_kn": "", "level": "panchayat", "parent_id": "KGIS-T-0504", "district_en": "Bidar", "lgd_code": null }, "geometry": { "type": "Polygon", "coordinates": [ [ [ 77.4321, 18.0859 ], [ 77.4515, 18.0419 ], [ 77.4824, 18.0223 ], [ 77.5002, 18.0424 ], [ 77.5, 18.0604 ], [ 77.5441, 18.0369 ], [ 77.58, 18.0326 ], [ 77.5854, 18.0191 ], [ 77.5763, 18.0154 ], [ 77.5685, 17.997 ], [ 77.5612, 18.0086 ], [ 77.5431, 18.0086 ], [ 77.5338, 17.977 ], [ 77.5173, 17.9715 ], [ 77.517, 17.9461 ], [ 77.4754, 17.9551 ], [ 77.4659, 17.973 ], [ 77.4441, 17.963 ], [ 77.4261, 17.9772 ], [ 77.4248, 17.9891 ], [ 77.3828, 17.9664 ], [ 77.3799, 18.0072 ], [ 77.3907, 18.0075 ], [ 77.3986, 18.0324 ], [ 77.4091, 18.0349 ], [ 77.4131, 18.0458 ], [ 77.406, 18.0526 ], [ 77.4213, 18.0642 ], [ 77.4237, 18.0804 ], [ 77.4321, 18.0859 ] ], [ [ 77.5147, 17.9976 ], [ 77.5141, 17.9953 ], [ 77.5169, 17.993 ], [ 77.5147, 17.9976 ] ] ] } },
{ "type": "Feature", "properties": { "area_id": "KGIS-H-050501", "name_en": "Humanabada", "name_kn": "", "level": "panchayat", "parent_id": "KGIS-T-0505", "district_en": "Bidar", "lgd_code": null }, "geometry": { "type": "Polygon", "coordinates": [ [ [ 77.1174, 17.8344 ], [ 77.158, 17.8014 ], [ 77.1951, 17.8121 ], [ 77.2073, 17.7864 ], [ 77.2217, 17.7784 ], [ 77.2272, 17.7467 ], [ 77.2231, 17.7388 ], [ 77.1876, 17.7273 ], [ 77.1777, 17.7111 ], [ 77.1558, 17.7088 ], [ 77.1364, 17.6826 ], [ 77.1177, 17.686 ], [ 77.0852, 17.6589 ], [ 77.0596, 17.6725 ], [ 77.0612, 17.7044 ], [ 77.0511, 17.7069 ], [ 77.0553, 17.7315 ], [ 77.0739, 17.7465 ], [ 77.0608, 17.7724 ], [ 77.0687, 17.7857 ], [ 77.0775, 17.7853 ], [ 77.0803, 17.8125 ], [ 77.1043, 17.8152 ], [ 77.1174, 17.8344 ] ] ] } },
{ "type": "Feature", "properties": { "area_id": "KGIS-H-050502", "name_en": "Hallilikhedabi", "name_kn": "", "level": "panchayat", "parent_id": "KGIS-T-0505", "district_en": "Bidar", "lgd_code": null }, "geometry": { "type": "Polygon", "coordinates": [ [ [ 77.3135, 17.887 ], [ 77.3227, 17.8713 ], [ 77.3148, 17.8546 ], [ 77.33, 17.8531 ], [ 77.3306, 17.8432 ], [ 77.3166, 17.8332 ], [ 77.3174, 17.8197 ], [ 77.2947, 17.8151 ], [ 77.2872, 17.78 ], [ 77.2497, 17.773 ], [ 77.2444, 17.7921 ], [ 77.2217, 17.7784 ], [ 77.2073, 17.7864 ], [ 77.1947, 17.81 ], [ 77.1991, 17.8383 ], [ 77.2161, 17.8491 ], [ 77.217, 17.8634 ], [ 77.228, 17.8614 ], [ 77.2289, 17.8783 ], [ 77.2228, 17.8808 ], [ 77.2297, 17.8795 ], [ 77.2307, 17.8868 ], [ 77.2675, 17.8776 ], [ 77.2795, 17.8846 ], [ 77.2899, 17.8779 ], [ 77.3135, 17.887 ] ] ] } },
{ "type": "Feature", "properties": { "area_id": "KGIS-H-050503", "name_en": "Dubalagundi", "name_kn": "", "level": "panchayat", "parent_id": "KGIS-T-0505", "district_en": "Bidar", "lgd_code": null }, "geometry": { "type": "MultiPolygon", "coordinates": [ [ [ [ 77.1462, 17.9438 ], [ 77.169, 17.939 ], [ 77.1669, 17.9203 ], [ 77.1809, 17.9162 ], [ 77.1961, 17.9236 ], [ 77.1796, 17.9104 ], [ 77.1829, 17.896 ], [ 77.1957, 17.8964 ], [ 77.1955, 17.8835 ], [ 77.2046, 17.8805 ], [ 77.2232, 17.8889 ], [ 77.228, 17.8614 ], [ 77.217, 17.8634 ], [ 77.2161, 17.8491 ], [ 77.1993, 17.8392 ], [ 77.1951, 17.8121 ], [ 77.187, 17.8078 ], [ 77.158, 17.8014 ], [ 77.1469, 17.8165 ], [ 77.1153, 17.8346 ], [ 77.1043, 17.8152 ], [ 77.0803, 17.8125 ], [ 77.0699, 17.8228 ], [ 77.0694, 17.875 ], [ 77.0482, 17.8766 ], [ 77.0431, 17.9061 ], [ 77.0537, 17.9171 ], [ 77.0795, 17.9191 ], [ 77.0948, 17.9427 ], [ 77.129, 17.9264 ], [ 77.1462, 17.9438 ] ] ], [ [ [ 77.2029, 17.8885 ], [ 77.199, 17.8898 ], [ 77.2015, 17.8925 ], [ 77.2029, 17.8885 ] ] ], [ [ [ 77.2061, 17.8892 ], [ 77.205, 17.8921 ], [ 77.207, 17.891 ], [ 77.2061, 17.8892 ] ] ], [ [ [ 77.2293, 17.8945 ], [ 77.228, 17.899 ], [ 77.2317, 17.8981 ], [ 77.2293, 17.8945 ] ] ], [ [ [ 77.2068, 17.8962 ], [ 77.2052, 17.8976 ], [ 77.207, 17.8974 ], [ 77.2068, 17.8962 ] ] ], [ [ [ 77.1932, 17.9052 ], [ 77.1924, 17.9066 ], [ 77.1925, 17.9089 ], [ 77.1932, 17.9052 ] ] ], [ [ [ 77.2031, 17.9213 ], [ 77.2018, 17.9197 ], [ 77.202, 17.9213 ], [ 77.2031, 17.9213 ] ] ], [ [ [ 77.2078, 17.9267 ], [ 77.2071, 17.9311 ], [ 77.2081, 17.9312 ], [ 77.2078, 17.9267 ] ] ] ] } },
{ "type": "Feature", "properties": { "area_id": "KGIS-H-050604", "name_en": "Chitaguppa", "name_kn": "", "level": "panchayat", "parent_id": "KGIS-T-0506", "district_en": "Bidar", "lgd_code": null }, "geometry": { "type": "Polygon", "coordinates": [ [ [ 77.2452, 17.7898 ], [ 77.2497, 17.773 ], [ 77.2729, 17.7813 ], [ 77.2949, 17.7792 ], [ 77.2847, 17.7518 ], [ 77.2941, 17.7303 ], [ 77.2888, 17.7143 ], [ 77.2685, 17.7172 ], [ 77.2674, 17.6927 ], [ 77.2383, 17.6916 ], [ 77.2312, 17.6783 ], [ 77.2356, 17.6646 ], [ 77.2624, 17.6627 ], [ 77.2785, 17.6506 ], [ 77.2869, 17.636 ], [ 77.2821, 17.617 ], [ 77.2749, 17.6272 ], [ 77.2584, 17.6231 ], [ 77.1986, 17.6319 ], [ 77.1939, 17.6152 ], [ 77.1533, 17.6292 ], [ 77.1449, 17.6556 ], [ 77.1319, 17.6611 ], [ 77.1327, 17.6814 ], [ 77.1558, 17.7088 ], [ 77.1777, 17.7111 ], [ 77.1876, 17.7273 ], [ 77.2231, 17.7388 ], [ 77.2204, 17.776 ], [ 77.2315, 17.7879 ], [ 77.2452, 17.7898 ] ] ] } },
{ "type": "Feature", "properties": { "area_id": "KGIS-H-050605", "name_en": "Nirna", "name_kn": "", "level": "panchayat", "parent_id": "KGIS-T-0506", "district_en": "Bidar", "lgd_code": null }, "geometry": { "type": "Polygon", "coordinates": [ [ [ 77.2885, 17.7627 ], [ 77.3167, 17.7619 ], [ 77.3403, 17.7008 ], [ 77.3656, 17.6712 ], [ 77.3699, 17.654 ], [ 77.3721, 17.6356 ], [ 77.3599, 17.6002 ], [ 77.3497, 17.5992 ], [ 77.3432, 17.588 ], [ 77.3003, 17.598 ], [ 77.296, 17.6141 ], [ 77.2821, 17.6185 ], [ 77.2869, 17.636 ], [ 77.2785, 17.6506 ], [ 77.2665, 17.6613 ], [ 77.2323, 17.6674 ], [ 77.2383, 17.6916 ], [ 77.2674, 17.6927 ], [ 77.2685, 17.7172 ], [ 77.2888, 17.7143 ], [ 77.2941, 17.7303 ], [ 77.2853, 17.7551 ], [ 77.2885, 17.7627 ] ] ] } },
{ "type": "Feature", "properties": { "area_id": "KGIS-H-050606", "name_en": "Bemalakheda", "name_kn": "", "level": "panchayat", "parent_id": "KGIS-T-0506", "district_en": "Bidar", "lgd_code": null }, "geometry": { "type": "Polygon", "coordinates": [ [ [ 77.3878, 17.7442 ], [ 77.3743, 17.7189 ], [ 77.3887, 17.7127 ], [ 77.3922, 17.6963 ], [ 77.4543, 17.6838 ], [ 77.4485, 17.6533 ], [ 77.4563, 17.6321 ], [ 77.4448, 17.6091 ], [ 77.4445, 17.5835 ], [ 77.3786, 17.5835 ], [ 77.3771, 17.5943 ], [ 77.358, 17.6015 ], [ 77.3714, 17.6323 ], [ 77.3699, 17.654 ], [ 77.3347, 17.7174 ], [ 77.3468, 17.7358 ], [ 77.3878, 17.7442 ] ] ] } },
{ "type": "Feature", "properties": { "area_id": "KGIS-H-050704", "name_en": "Tanakusanura", "name_kn": "", "level": "panchayat", "parent_id": "KGIS-T-0507", "district_en": "Bidar", "lgd_code": null }, "geometry": { "type": "Polygon", "coordinates": [ [ [ 77.34, 18.2532 ], [ 77.3347, 18.2074 ], [ 77.3492, 18.2031 ], [ 77.3694, 18.2138 ], [ 77.359, 18.1531 ], [ 77.3422, 18.1469 ], [ 77.3487, 18.1425 ], [ 77.3487, 18.1199 ], [ 77.3157, 18.1197 ], [ 77.293, 18.135 ], [ 77.2727, 18.1319 ], [ 77.2617, 18.1543 ], [ 77.2418, 18.1612 ], [ 77.236, 18.1715 ], [ 77.2776, 18.1779 ], [ 77.2875, 18.2375 ], [ 77.3489, 18.2624 ], [ 77.34, 18.2532 ] ] ] } },
{ "type": "Feature", "properties": { "area_id": "KGIS-H-050705", "name_en": "Kamalanagara", "name_kn": "", "level": "panchayat", "parent_id": "KGIS-T-0507", "district_en": "Bidar", "lgd_code": null }, "geometry": { "type": "Polygon", "coordinates": [ [ [ 77.2102, 18.2947 ], [ 77.2738, 18.2977 ], [ 77.2699, 18.2838 ], [ 77.2771, 18.2826 ], [ 77.2835, 18.2945 ], [ 77.304, 18.2872 ], [ 77.3063, 18.2637 ], [ 77.3176, 18.2522 ], [ 77.2875, 18.2375 ], [ 77.2776, 18.1779 ], [ 77.2364, 18.1722 ], [ 77.2418, 18.1612 ], [ 77.2493, 18.1603 ], [ 77.2595, 18.156 ], [ 77.2395, 18.161 ], [ 77.2289, 18.147 ], [ 77.2139, 18.1677 ], [ 77.1966, 18.1392 ], [ 77.1849, 18.1418 ], [ 77.1781, 18.1712 ], [ 77.1489, 18.1546 ], [ 77.1433, 18.1816 ], [ 77.1331, 18.184 ], [ 77.1338, 18.2059 ], [ 77.1517, 18.2175 ], [ 77.1488, 18.2394 ], [ 77.1697, 18.2609 ], [ 77.1747, 18.2848 ], [ 77.1979, 18.2768 ], [ 77.2136, 18.2808 ], [ 77.2102, 18.2947 ] ] ] } },
{ "type": "Feature", "properties": { "area_id": "KGIS-H-050706", "name_en": "Dabaka", "name_kn": "", "level": "panchayat", "parent_id": "KGIS-T-0507", "district_en": "Bidar", "lgd_code": null }, "geometry": { "type": "MultiPolygon", "coordinates": [ [ [ [ 77.3147, 18.4399 ], [ 77.3162, 18.4221 ], [ 77.3034, 18.391 ], [ 77.3038, 18.3398 ], [ 77.3192, 18.3176 ], [ 77.3109, 18.2765 ], [ 77.302, 18.2773 ], [ 77.304, 18.2872 ], [ 77.2926, 18.2947 ], [ 77.2699, 18.2838 ], [ 77.2738, 18.2977 ], [ 77.259, 18.3015 ], [ 77.2055, 18.2941 ], [ 77.1988, 18.3146 ], [ 77.2188, 18.3256 ], [ 77.2294, 18.3476 ], [ 77.2196, 18.3489 ], [ 77.225, 18.3646 ], [ 77.2486, 18.3744 ], [ 77.2334, 18.388 ], [ 77.2402, 18.4133 ], [ 77.2597, 18.4136 ], [ 77.2824, 18.4308 ], [ 77.3147, 18.4399 ] ] ], [ [ [ 77.2751, 18.4776 ], [ 77.2999, 18.4761 ], [ 77.2993, 18.4652 ], [ 77.2906, 18.4553 ], [ 77.2673, 18.4543 ], [ 77.2751, 18.4776 ] ] ] ] } },
{ "type": "Feature", "properties": { "area_id": "KGIS-H-050806", "name_en": "Hulasura", "name_kn": "", "level": "panchayat", "parent_id": "KGIS-T-0508", "district_en": "Bidar", "lgd_code": null }, "geometry": { "type": "Polygon", "coordinates": [ [ [ 76.9919, 18.0644 ], [ 77.0525, 18.0426 ], [ 77.0437, 18.0251 ], [ 77.0643, 18.0196 ], [ 77.0588, 17.975 ], [ 77.0868, 17.9725 ], [ 77.0947, 17.9522 ], [ 77.0795, 17.9191 ], [ 77.0537, 17.9171 ], [ 77.0429, 17.9059 ], [ 77.0061, 17.9312 ], [ 76.9955, 17.9236 ], [ 76.9562, 17.9323 ], [ 76.9471, 17.9371 ], [ 76.9458, 17.9535 ], [ 76.9149, 17.9573 ], [ 76.9134, 17.9932 ], [ 76.9065, 17.9967 ], [ 76.9145, 18.0356 ], [ 76.953, 18.0417 ], [ 76.9811, 18.026 ], [ 76.9919, 18.0644 ] ] ] } },
{ "type": "Feature", "properties": { "area_id": "KGIS-H-060101", "name_en": "Lingasuguru", "name_kn": "", "level": "panchayat", "parent_id": "KGIS-T-0601", "district_en": "Raichur", "lgd_code": null }, "geometry": { "type": "MultiPolygon", "coordinates": [ [ [ [ 76.6271, 16.1052 ], [ 76.634, 16.0795 ], [ 76.6127, 16.0908 ], [ 76.6107, 16.1116 ], [ 76.6271, 16.1052 ] ] ], [ [ [ 76.4155, 16.2493 ], [ 76.4589, 16.2419 ], [ 76.4584, 16.2284 ], [ 76.4848, 16.2187 ], [ 76.4876, 16.2303 ], [ 76.5098, 16.2279 ], [ 76.5462, 16.199 ], [ 76.5441, 16.1885 ], [ 76.5602, 16.1859 ], [ 76.5614, 16.1739 ], [ 76.59, 16.167 ], [ 76.5871, 16.1586 ], [ 76.6102, 16.1463 ], [ 76.6067, 16.126 ], [ 76.5833, 16.1253 ], [ 76.5721, 16.0976 ], [ 76.5541, 16.0985 ], [ 76.5455, 16.0791 ], [ 76.4854, 16.0784 ], [ 76.465, 16.0888 ], [ 76.4466, 16.0809 ], [ 76.4451, 16.0724 ], [ 76.4056, 16.0704 ], [ 76.3902, 16.08 ], [ 76.3984, 16.0928 ], [ 76.3935, 16.1202 ], [ 76.3725, 16.1238 ], [ 76.3747, 16.1049 ], [ 76.3606, 16.1015 ], [ 76.33, 16.1265 ], [ 76.3307, 16.1436 ], [ 76.2933, 16.1432 ], [ 76.2948, 16.1539 ], [ 76.2844, 16.161 ], [ 76.2971, 16.1854 ], [ 76.3479, 16.1982 ], [ 76.3993, 16.2396 ], [ 76.4149, 16.2416 ], [ 76.4155, 16.2493 ] ] ] ] } },
{ "type": "Feature", "properties": { "area_id": "KGIS-H-060102", "name_en": "Gurugunta", "name_kn": "", "level": "panchayat", "parent_id": "KGIS-T-0601", "district_en": "Raichur", "lgd_code": null }, "geometry": { "type": "Polygon", "coordinates": [ [ [ 76.5902, 16.3398 ], [ 76.6868, 16.3583 ], [ 76.6924, 16.342 ], [ 76.7236, 16.3389 ], [ 76.7348, 16.3222 ], [ 76.7313, 16.302 ], [ 76.7626, 16.2805 ], [ 76.763, 16.2582 ], [ 76.729, 16.2461 ], [ 76.7213, 16.2162 ], [ 76.7481, 16.2099 ], [ 76.7621, 16.2239 ], [ 76.7862, 16.2217 ], [ 76.7705, 16.1943 ], [ 76.7654, 16.1406 ], [ 76.7202, 16.156 ], [ 76.697, 16.1553 ], [ 76.6884, 16.1474 ], [ 76.6911, 16.1262 ], [ 76.6801, 16.1161 ], [ 76.6678, 16.1197 ], [ 76.6582, 16.1127 ], [ 76.6547, 16.0873 ], [ 76.6441, 16.0789 ], [ 76.6275, 16.0892 ], [ 76.6271, 16.1052 ], [ 76.5839, 16.1223 ], [ 76.6067, 16.126 ], [ 76.6102, 16.1463 ], [ 76.5871, 16.1586 ], [ 76.59, 16.167 ], [ 76.5614, 16.1739 ], [ 76.5602, 16.1859 ], [ 76.5441, 16.1885 ], [ 76.5462, 16.199 ], [ 76.5098, 16.2279 ], [ 76.4876, 16.2303 ], [ 76.4848, 16.2187 ], [ 76.4584, 16.2284 ], [ 76.4589, 16.2419 ], [ 76.4148, 16.2509 ], [ 76.4988, 16.3017 ], [ 76.5362, 16.3088 ], [ 76.5902, 16.3398 ] ] ] } },
{ "type": "Feature", "properties": { "area_id": "KGIS-H-060104", "name_en": "Mudagal", "name_kn": "", "level": "panchayat", "parent_id": "KGIS-T-0601", "district_en": "Raichur", "lgd_code": null }, "geometry": { "type": "Polygon", "coordinates": [ [ [ 76.2698, 16.1521 ], [ 76.2844, 16.161 ], [ 76.2948, 16.1539 ], [ 76.2933, 16.1432 ], [ 76.3307, 16.1436 ], [ 76.33, 16.1265 ], [ 76.3606, 16.1015 ], [ 76.3747, 16.1049 ], [ 76.3725, 16.1238 ], [ 76.3935, 16.1202 ], [ 76.3984, 16.0928 ], [ 76.3902, 16.08 ], [ 76.3974, 16.0725 ], [ 76.4298, 16.0696 ], [ 76.4451, 16.0724 ], [ 76.4582, 16.0867 ], [ 76.4732, 16.0841 ], [ 76.4483, 16.0405 ], [ 76.4658, 16.0232 ], [ 76.49, 16.0229 ], [ 76.4893, 16.0112 ], [ 76.4734, 16.0018 ], [ 76.471, 15.9845 ], [ 76.4572, 15.9806 ], [ 76.4567, 15.957 ], [ 76.4485, 15.9571 ], [ 76.4431, 15.9372 ], [ 76.4682, 15.9055 ], [ 76.4614, 15.8846 ], [ 76.4946, 15.878 ], [ 76.4929, 15.8684 ], [ 76.5019, 15.8659 ], [ 76.4981, 15.8556 ], [ 76.4568, 15.8622 ], [ 76.4496, 15.8533 ], [ 76.4168, 15.8648 ], [ 76.4264, 15.8906 ], [ 76.4034, 15.9021 ], [ 76.3751, 15.9022 ], [ 76.3736, 15.9176 ], [ 76.3537, 15.9032 ], [ 76.3588, 15.8813 ], [ 76.3512, 15.8634 ], [ 76.3377, 15.8716 ], [ 76.3451, 15.9008 ], [ 76.3302, 15.9052 ], [ 76.2898, 15.8926 ], [ 76.2857, 15.9303 ], [ 76.3127, 15.9222 ], [ 76.3129, 15.9289 ], [ 76.3289, 15.9346 ], [ 76.3225, 15.956 ], [ 76.3093, 15.957 ], [ 76.2965, 15.9923 ], [ 76.2979, 15.9989 ], [ 76.3117, 16.0004 ], [ 76.3039, 16.0735 ], [ 76.2604, 16.074 ], [ 76.2588, 16.0912 ], [ 76.3275, 16.0775 ], [ 76.3325, 16.0913 ], [ 76.2678, 16.1097 ], [ 76.2558, 16.0974 ], [ 76.2542, 16.1095 ], [ 76.2446, 16.1132 ], [ 76.2466, 16.1281 ], [ 76.2343, 16.1305 ], [ 76.2385, 16.1652 ], [ 76.2698, 16.1521 ] ] ] } },
{ "type": "Feature", "properties": { "area_id": "KGIS-H-060201", "name_en": "Devadurga", "name_kn": "", "level": "panchayat", "parent_id": "KGIS-T-0602", "district_en": "Raichur", "lgd_code": null }, "geometry": { "type": "Polygon", "coordinates": [ [ [ 76.9836, 16.5622 ], [ 77.0071, 16.5483 ], [ 77.0037, 16.5135 ], [ 77.0101, 16.5031 ], [ 77.0525, 16.5204 ], [ 77.1113, 16.4848 ], [ 77.1005, 16.4515 ], [ 77.0821, 16.4456 ], [ 77.0798, 16.432 ], [ 77.0917, 16.428 ], [ 77.0803, 16.4142 ], [ 77.0671, 16.413 ], [ 77.0655, 16.3556 ], [ 77.0433, 16.353 ], [ 77.0367, 16.3368 ], [ 77.0227, 16.3377 ], [ 77.0154, 16.3534 ], [ 76.991, 16.3578 ], [ 76.9895, 16.365 ], [ 76.9447, 16.3638 ], [ 76.9258, 16.3595 ], [ 76.9266, 16.3416 ], [ 76.9112, 16.3452 ], [ 76.9026, 16.3221 ], [ 76.8663, 16.3253 ], [ 76.8645, 16.3347 ], [ 76.8977, 16.3487 ], [ 76.8909, 16.3647 ], [ 76.8971, 16.3741 ], [ 76.8894, 16.3809 ], [ 76.8544, 16.3827 ], [ 76.8525, 16.419 ], [ 76.8375, 16.429 ], [ 76.8633, 16.4539 ], [ 76.8645, 16.4828 ], [ 76.8726, 16.4904 ], [ 76.9064, 16.4873 ], [ 76.9717, 16.5083 ], [ 76.9747, 16.5243 ], [ 76.9661, 16.5511 ], [ 76.9836, 16.5622 ] ] ] } },
{ "type": "Feature", "properties": { "area_id": "KGIS-H-060202", "name_en": "Arakera", "name_kn": "", "level": "panchayat", "parent_id": "KGIS-T-0602", "district_en": "Raichur", "lgd_code": null }, "geometry": { "type": "MultiPolygon", "coordinates": [ [ [ [ 76.9299, 16.1909 ], [ 76.8875, 16.2081 ], [ 76.8718, 16.1875 ], [ 76.8502, 16.2036 ], [ 76.8683, 16.2191 ], [ 76.8629, 16.2346 ], [ 76.8774, 16.2522 ], [ 76.8764, 16.2766 ], [ 76.8664, 16.2882 ], [ 76.8654, 16.298 ], [ 76.8727, 16.2982 ], [ 76.8663, 16.3253 ], [ 76.9026, 16.3221 ], [ 76.9112, 16.3452 ], [ 76.9285, 16.3444 ], [ 76.9219, 16.3517 ], [ 76.9258, 16.3595 ], [ 76.9777, 16.3682 ], [ 77.0154, 16.3534 ], [ 77.0227, 16.3377 ], [ 77.0403, 16.334 ], [ 77.0328, 16.3074 ], [ 77.0596, 16.3018 ], [ 77.0478, 16.2358 ], [ 77.0891, 16.2233 ], [ 77.0801, 16.179 ], [ 77.0573, 16.1979 ], [ 76.9967, 16.1925 ], [ 76.9852, 16.1986 ], [ 76.9794, 16.1913 ], [ 76.9574, 16.204 ], [ 76.9568, 16.1922 ], [ 76.9331, 16.1976 ], [ 76.9299, 16.1909 ] ] ], [ [ [ 77.0761, 16.3276 ], [ 77.0794, 16.3106 ], [ 77.0515, 16.3125 ], [ 77.051, 16.3256 ], [ 77.062, 16.3358 ], [ 77.0761, 16.3276 ] ] ] ] } },
{ "type": "Feature", "properties": { "area_id": "KGIS-H-060203", "name_en": "Jalahalli", "name_kn": "", "level": "panchayat", "parent_id": "KGIS-T-0602", "district_en": "Raichur", "lgd_code": null }, "geometry": { "type": "Polygon", "coordinates": [ [ [ 76.6504, 16.3608 ], [ 76.7609, 16.4271 ], [ 76.7878, 16.4195 ], [ 76.8375, 16.429 ], [ 76.8525, 16.419 ], [ 76.8544, 16.3827 ], [ 76.8894, 16.3809 ], [ 76.8971, 16.3741 ], [ 76.8909, 16.3647 ], [ 76.8977, 16.3487 ], [ 76.8645, 16.3347 ], [ 76.8727, 16.2982 ], [ 76.8654, 16.298 ], [ 76.8664, 16.2882 ], [ 76.8781, 16.2607 ], [ 76.8629, 16.2346 ], [ 76.8686, 16.2205 ], [ 76.8597, 16.2078 ], [ 76.8464, 16.2074 ], [ 76.8303, 16.221 ], [ 76.8056, 16.216 ], [ 76.7897, 16.2262 ], [ 76.7621, 16.2239 ], [ 76.7481, 16.2099 ], [ 76.721, 16.2167 ], [ 76.729, 16.2461 ], [ 76.763, 16.2582 ], [ 76.7626, 16.2805 ], [ 76.7313, 16.302 ], [ 76.7348, 16.3222 ], [ 76.7236, 16.3389 ], [ 76.6924, 16.342 ], [ 76.6868, 16.3583 ], [ 76.6504, 16.3608 ] ] ] } },
{ "type": "Feature", "properties": { "area_id": "KGIS-H-060204", "name_en": "Gabburu", "name_kn": "", "level": "panchayat", "parent_id": "KGIS-T-0602", "district_en": "Raichur", "lgd_code": null }, "geometry": { "type": "MultiPolygon", "coordinates": [ [ [ [ 77.1768, 16.2369 ], [ 77.1789, 16.231 ], [ 77.1712, 16.2309 ], [ 77.1714, 16.2329 ], [ 77.1768, 16.2369 ] ] ], [ [ [ 77.1738, 16.4302 ], [ 77.2244, 16.4215 ], [ 77.1939, 16.3452 ], [ 77.2193, 16.3298 ], [ 77.2026, 16.315 ], [ 77.1994, 16.2731 ], [ 77.1915, 16.2719 ], [ 77.1858, 16.2907 ], [ 77.1707, 16.2894 ], [ 77.1657, 16.2529 ], [ 77.1713, 16.2334 ], [ 77.1559, 16.2411 ], [ 77.1448, 16.2379 ], [ 77.162, 16.2203 ], [ 77.1618, 16.2074 ], [ 77.1508, 16.1924 ], [ 77.1216, 16.1942 ], [ 77.1183, 16.2113 ], [ 77.1072, 16.213 ], [ 77.1074, 16.2191 ], [ 77.0478, 16.2358 ], [ 77.0596, 16.3018 ], [ 77.0328, 16.3074 ], [ 77.0367, 16.3368 ], [ 77.0433, 16.353 ], [ 77.0655, 16.3556 ], [ 77.0671, 16.413 ], [ 77.0803, 16.4142 ], [ 77.0917, 16.428 ], [ 77.0798, 16.432 ], [ 77.0821, 16.4456 ], [ 77.1005, 16.4515 ], [ 77.1113, 16.4848 ], [ 77.1531, 16.4748 ], [ 77.1619, 16.441 ], [ 77.1738, 16.4302 ] ], [ [ 77.062, 16.3358 ], [ 77.051, 16.3256 ], [ 77.0515, 16.3125 ], [ 77.0794, 16.3106 ], [ 77.0748, 16.332 ], [ 77.062, 16.3358 ] ] ] ] } },
{ "type": "Feature", "properties": { "area_id": "KGIS-H-060301", "name_en": "Gillesuguru", "name_kn": "", "level": "panchayat", "parent_id": "KGIS-T-0603", "district_en": "Raichur", "lgd_code": null }, "geometry": { "type": "Polygon", "coordinates": [ [ [ 77.3161, 16.0828 ], [ 77.3147, 16.0305 ], [ 77.3451, 16.0159 ], [ 77.3513, 16.0035 ], [ 77.3858, 16.014 ], [ 77.404, 16.006 ], [ 77.403, 15.9995 ], [ 77.4333, 15.9907 ], [ 77.4293, 16.0087 ], [ 77.4362, 16.0206 ], [ 77.4554, 16.0221 ], [ 77.462, 16.0155 ], [ 77.476, 16.0268 ], [ 77.4697, 16.044 ], [ 77.4947, 16.0396 ], [ 77.5066, 16.0104 ], [ 77.5142, 16.0085 ], [ 77.5095, 15.9807 ], [ 77.5193, 15.9672 ], [ 77.512, 15.9237 ], [ 77.432, 15.9454 ], [ 77.388, 15.9388 ], [ 77.3559, 15.9458 ], [ 77.3567, 15.9534 ], [ 77.2825, 15.9509 ], [ 77.2617, 15.9571 ], [ 77.2752, 15.9871 ], [ 77.2706, 16.0495 ], [ 77.2935, 16.0817 ], [ 77.3161, 16.0828 ] ] ] } },
{ "type": "Feature", "properties": { "area_id": "KGIS-H-060302", "name_en": "Chandrabanda", "name_kn": "", "level": "panchayat", "parent_id": "KGIS-T-0603", "district_en": "Raichur", "lgd_code": null }, "geometry": { "type": "Polygon", "coordinates": [ [ [ 77.5153, 16.3789 ], [ 77.5786, 16.3423 ], [ 77.5947, 16.3473 ], [ 77.5964, 16.3376 ], [ 77.5884, 16.3325 ], [ 77.5975, 16.2933 ], [ 77.5822, 16.291 ], [ 77.5692, 16.3035 ], [ 77.5449, 16.2919 ], [ 77.5372, 16.267 ], [ 77.522, 16.2782 ], [ 77.5078, 16.2757 ], [ 77.4898, 16.2552 ], [ 77.4919, 16.2293 ], [ 77.5138, 16.2308 ], [ 77.5162, 16.2231 ], [ 77.502, 16.2242 ], [ 77.4895, 16.1802 ], [ 77.4613, 16.1895 ], [ 77.4575, 16.2036 ], [ 77.44, 16.2087 ], [ 77.4458, 16.2147 ], [ 77.4388, 16.2254 ], [ 77.4092, 16.215 ], [ 77.3883, 16.2661 ], [ 77.3919, 16.2926 ], [ 77.3825, 16.2989 ], [ 77.3992, 16.3267 ], [ 77.4108, 16.309 ], [ 77.4234, 16.3079 ], [ 77.4274, 16.2947 ], [ 77.4506, 16.293 ], [ 77.4573, 16.3095 ], [ 77.4649, 16.3072 ], [ 77.4667, 16.3247 ], [ 77.4914, 16.3699 ], [ 77.4773, 16.3836 ], [ 77.5153, 16.3789 ] ] ] } },
{ "type": "Feature", "properties": { "area_id": "KGIS-H-060303", "name_en": "Kalamala", "name_kn": "", "level": "panchayat", "parent_id": "KGIS-T-0603", "district_en": "Raichur", "lgd_code": null }, "geometry": { "type": "MultiPolygon", "coordinates": [ [ [ [ 77.3024, 16.1784 ], [ 77.3115, 16.1737 ], [ 77.3026, 16.1553 ], [ 77.3216, 16.152 ], [ 77.3219, 16.1613 ], [ 77.333, 16.1674 ], [ 77.3336, 16.1585 ], [ 77.345, 16.1576 ], [ 77.3388, 16.1459 ], [ 77.3442, 16.1386 ], [ 77.3369, 16.1371 ], [ 77.3317, 16.1167 ], [ 77.3102, 16.1161 ], [ 77.3039, 16.083 ], [ 77.2935, 16.0817 ], [ 77.294, 16.1 ], [ 77.2785, 16.1009 ], [ 77.2693, 16.1285 ], [ 77.2569, 16.131 ], [ 77.248, 16.1639 ], [ 77.3024, 16.1784 ] ] ], [ [ [ 77.3163, 16.3419 ], [ 77.3207, 16.3228 ], [ 77.3456, 16.3341 ], [ 77.3446, 16.3216 ], [ 77.3532, 16.3199 ], [ 77.3636, 16.3306 ], [ 77.3583, 16.3031 ], [ 77.3444, 16.2928 ], [ 77.3501, 16.2717 ], [ 77.3377, 16.2599 ], [ 77.3315, 16.2382 ], [ 77.2846, 16.2346 ], [ 77.288, 16.2192 ], [ 77.2496, 16.2216 ], [ 77.2502, 16.2119 ], [ 77.2793, 16.2089 ], [ 77.2809, 16.2016 ], [ 77.2551, 16.1928 ], [ 77.2474, 16.1681 ], [ 77.225, 16.1813 ], [ 77.1578, 16.1829 ], [ 77.1507, 16.1922 ], [ 77.162, 16.2203 ], [ 77.1442, 16.2348 ], [ 77.1559, 16.2411 ], [ 77.1713, 16.2334 ], [ 77.1657, 16.2529 ], [ 77.1707, 16.2894 ], [ 77.1858, 16.2907 ], [ 77.1915, 16.2719 ], [ 77.1994, 16.2731 ], [ 77.2006, 16.2928 ], [ 77.2323, 16.3077 ], [ 77.2338, 16.3289 ], [ 77.2482, 16.3424 ], [ 77.2979, 16.332 ], [ 77.3163, 16.3419 ] ], [ [ 77.1758, 16.237 ], [ 77.1789, 16.231 ], [ 77.1785, 16.2369 ], [ 77.1758, 16.237 ] ] ], [ [ [ 77.3466, 16.3341 ], [ 77.3461, 16.3339 ], [ 77.3461, 16.3341 ], [ 77.3466, 16.3341 ] ] ] ] } },
{ "type": "Feature", "properties": { "area_id": "KGIS-H-060304", "name_en": "Devasuguru", "name_kn": "", "level": "panchayat", "parent_id": "KGIS-T-0603", "district_en": "Raichur", "lgd_code": null }, "geometry": { "type": "Polygon", "coordinates": [ [ [ 77.2245, 16.4215 ], [ 77.2653, 16.4059 ], [ 77.2903, 16.4128 ], [ 77.3519, 16.387 ], [ 77.3784, 16.3895 ], [ 77.4181, 16.3702 ], [ 77.4631, 16.3852 ], [ 77.4914, 16.3699 ], [ 77.4667, 16.3247 ], [ 77.4649, 16.3072 ], [ 77.4573, 16.3095 ], [ 77.4506, 16.293 ], [ 77.4274, 16.2947 ], [ 77.4234, 16.3079 ], [ 77.4108, 16.309 ], [ 77.3992, 16.3267 ], [ 77.3827, 16.2989 ], [ 77.3715, 16.2992 ], [ 77.3583, 16.3049 ], [ 77.3625, 16.3324 ], [ 77.3532, 16.3199 ], [ 77.3446, 16.3216 ], [ 77.3456, 16.3341 ], [ 77.3203, 16.3229 ], [ 77.3163, 16.3419 ], [ 77.2992, 16.3319 ], [ 77.2482, 16.3424 ], [ 77.2338, 16.3289 ], [ 77.2323, 16.3077 ], [ 77.2078, 16.2961 ], [ 77.2026, 16.315 ], [ 77.2194, 16.3313 ], [ 77.1939, 16.3452 ], [ 77.2245, 16.4215 ] ], [ [ 77.3461, 16.3339 ], [ 77.3466, 16.3341 ], [ 77.3461, 16.3341 ], [ 77.3461, 16.3339 ] ] ] } },
{ "type": "Feature", "properties": { "area_id": "KGIS-H-060305", "name_en": "Yaragera", "name_kn": "", "level": "panchayat", "parent_id": "KGIS-T-0603", "district_en": "Raichur", "lgd_code": null }, "geometry": { "type": "MultiPolygon", "coordinates": [ [ [ [ 77.3723, 16.1256 ], [ 77.4032, 16.1278 ], [ 77.4365, 16.1195 ], [ 77.4344, 16.1304 ], [ 77.4499, 16.1238 ], [ 77.471, 16.1347 ], [ 77.4909, 16.1263 ], [ 77.4901, 16.1199 ], [ 77.5023, 16.1198 ], [ 77.5145, 16.1068 ], [ 77.5008, 16.1065 ], [ 77.4965, 16.0944 ], [ 77.5069, 16.0801 ], [ 77.4984, 16.0442 ], [ 77.4697, 16.044 ], [ 77.476, 16.0268 ], [ 77.462, 16.0155 ], [ 77.4554, 16.0221 ], [ 77.4304, 16.0159 ], [ 77.4333, 15.9907 ], [ 77.403, 15.9995 ], [ 77.404, 16.006 ], [ 77.3858, 16.014 ], [ 77.3513, 16.0035 ], [ 77.3451, 16.0159 ], [ 77.3147, 16.0305 ], [ 77.3161, 16.0828 ], [ 77.3039, 16.083 ], [ 77.3102, 16.1161 ], [ 77.3317, 16.1167 ], [ 77.3371, 16.1373 ], [ 77.3723, 16.1256 ] ] ], [ [ [ 77.2501, 16.1322 ], [ 77.2693, 16.1285 ], [ 77.2785, 16.1009 ], [ 77.294, 16.1 ], [ 77.2928, 16.0738 ], [ 77.2706, 16.0495 ], [ 77.2457, 16.0612 ], [ 77.2489, 16.0879 ], [ 77.2399, 16.0914 ], [ 77.2501, 16.1322 ] ] ] ] } },
{ "type": "Feature", "properties": { "area_id": "KGIS-H-060306", "name_en": "Rayachuru", "name_kn": "", "level": "panchayat", "parent_id": "KGIS-T-0603", "district_en": "Raichur", "lgd_code": null }, "geometry": { "type": "Polygon", "coordinates": [ [ [ 77.3604, 16.3043 ], [ 77.3919, 16.2927 ], [ 77.3883, 16.2661 ], [ 77.4092, 16.215 ], [ 77.4388, 16.2254 ], [ 77.4458, 16.2147 ], [ 77.44, 16.2087 ], [ 77.4575, 16.2036 ], [ 77.4613, 16.1895 ], [ 77.4894, 16.1819 ], [ 77.4857, 16.1647 ], [ 77.4913, 16.1549 ], [ 77.4898, 16.1487 ], [ 77.4916, 16.1456 ], [ 77.4909, 16.1256 ], [ 77.4649, 16.1349 ], [ 77.4499, 16.1238 ], [ 77.4344, 16.1304 ], [ 77.4365, 16.1195 ], [ 77.3699, 16.1263 ], [ 77.3442, 16.139 ], [ 77.3388, 16.1459 ], [ 77.345, 16.1576 ], [ 77.3336, 16.1585 ], [ 77.333, 16.1674 ], [ 77.3219, 16.1613 ], [ 77.3216, 16.152 ], [ 77.3026, 16.1553 ], [ 77.3115, 16.1737 ], [ 77.3032, 16.1784 ], [ 77.248, 16.1639 ], [ 77.2551, 16.1928 ], [ 77.2809, 16.2016 ], [ 77.2793, 16.2089 ], [ 77.2502, 16.2119 ], [ 77.2496, 16.2216 ], [ 77.288, 16.2192 ], [ 77.2846, 16.2346 ], [ 77.3315, 16.2382 ], [ 77.3377, 16.2599 ], [ 77.3501, 16.2717 ], [ 77.3444, 16.2928 ], [ 77.3604, 16.3043 ] ] ] } },
{ "type": "Feature", "properties": { "area_id": "KGIS-H-060401", "name_en": "Manavi", "name_kn": "", "level": "panchayat", "parent_id": "KGIS-T-0604", "district_en": "Raichur", "lgd_code": null }, "geometry": { "type": "Polygon", "coordinates": [ [ [ 77.0749, 15.987 ], [ 77.0913, 15.9835 ], [ 77.0992, 15.9532 ], [ 77.134, 15.9606 ], [ 77.1506, 15.9446 ], [ 77.0739, 15.905 ], [ 77.032, 15.851 ], [ 76.9973, 15.8758 ], [ 76.9695, 15.8714 ], [ 76.9537, 15.8786 ], [ 76.9571, 15.8871 ], [ 76.9429, 15.9199 ], [ 76.9826, 15.9299 ], [ 76.9885, 15.9492 ], [ 76.9655, 16.033 ], [ 76.9945, 16.0331 ], [ 76.999, 16.05 ], [ 77.0706, 16.0454 ], [ 77.0748, 16.0629 ], [ 77.0888, 16.0744 ], [ 77.1166, 16.0741 ], [ 77.1254, 16.0783 ], [ 77.12, 16.0925 ], [ 77.1525, 16.096 ], [ 77.1722, 16.0635 ], [ 77.1411, 16.047 ], [ 77.1341, 16.0102 ], [ 77.1081, 16.0097 ], [ 77.107, 16.0211 ], [ 77.0867, 16.0275 ], [ 77.0633, 16.0 ], [ 77.0749, 15.987 ] ] ] } },
{ "type": "Feature", "properties": { "area_id": "KGIS-H-060403", "name_en": "Hirekotnikala", "name_kn": "", "level": "panchayat", "parent_id": "KGIS-T-0604", "district_en": "Raichur", "lgd_code": null }, "geometry": { "type": "Polygon", "coordinates": [ [ [ 76.9783, 16.0636 ], [ 76.9946, 16.0491 ], [ 76.9945, 16.0331 ], [ 76.9655, 16.029 ], [ 76.9885, 15.9492 ], [ 76.9826, 15.9299 ], [ 76.9429, 15.9199 ], [ 76.9571, 15.8871 ], [ 76.9538, 15.8801 ], [ 76.9383, 15.8806 ], [ 76.8827, 15.9238 ], [ 76.8546, 15.9282 ], [ 76.8341, 15.9432 ], [ 76.8132, 15.9407 ], [ 76.8068, 15.9326 ], [ 76.7741, 15.9553 ], [ 76.7924, 15.9791 ], [ 76.8658, 15.9793 ], [ 76.8626, 16.0052 ], [ 76.872, 16.0143 ], [ 76.8711, 16.0302 ], [ 76.9148, 16.0415 ], [ 76.9137, 16.061 ], [ 76.9284, 16.0544 ], [ 76.9291, 16.0637 ], [ 76.9783, 16.0636 ] ] ] } },
{ "type": "Feature", "properties": { "area_id": "KGIS-H-060404", "name_en": "Kurdi", "name_kn": "", "level": "panchayat", "parent_id": "KGIS-T-0604", "district_en": "Raichur", "lgd_code": null }, "geometry": { "type": "Polygon", "coordinates": [ [ [ 77.0915, 15.9798 ], [ 77.0633, 16.0 ], [ 77.0867, 16.0275 ], [ 77.107, 16.0211 ], [ 77.1081, 16.0097 ], [ 77.1341, 16.0102 ], [ 77.1411, 16.047 ], [ 77.1726, 16.0643 ], [ 77.1594, 16.0895 ], [ 77.1658, 16.0972 ], [ 77.2437, 16.0906 ], [ 77.2489, 16.0879 ], [ 77.2457, 16.0612 ], [ 77.2706, 16.0495 ], [ 77.2752, 15.9871 ], [ 77.2617, 15.9574 ], [ 77.1491, 15.9505 ], [ 77.134, 15.9606 ], [ 77.1024, 15.9522 ], [ 77.0915, 15.9798 ] ] ] } },
{ "type": "Feature", "properties": { "area_id": "KGIS-H-060501", "name_en": "Sindhanura", "name_kn": "", "level": "panchayat", "parent_id": "KGIS-T-0605", "district_en": "Raichur", "lgd_code": null }, "geometry": { "type": "Polygon", "coordinates": [ [ [ 76.7718, 15.8439 ], [ 76.8561, 15.8249 ], [ 76.8476, 15.7832 ], [ 76.8104, 15.7919 ], [ 76.7922, 15.754 ], [ 76.8049, 15.7473 ], [ 76.8032, 15.7409 ], [ 76.7918, 15.7444 ], [ 76.7954, 15.7159 ], [ 76.7737, 15.7214 ], [ 76.7702, 15.7471 ], [ 76.7563, 15.7279 ], [ 76.7146, 15.7196 ], [ 76.718, 15.7735 ], [ 76.7054, 15.7736 ], [ 76.7061, 15.7841 ], [ 76.7534, 15.7768 ], [ 76.7514, 15.7942 ], [ 76.7669, 15.8161 ], [ 76.7718, 15.8439 ] ] ] } },
{ "type": "Feature", "properties": { "area_id": "KGIS-H-060502", "name_en": "Salgunda", "name_kn": "", "level": "panchayat", "parent_id": "KGIS-T-0605", "district_en": "Raichur", "lgd_code": null }, "geometry": { "type": "MultiPolygon", "coordinates": [ [ [ [ 76.8049, 15.7473 ], [ 76.8162, 15.7359 ], [ 76.8268, 15.738 ], [ 76.8576, 15.7051 ], [ 76.8676, 15.7341 ], [ 76.9212, 15.7225 ], [ 76.9157, 15.703 ], [ 76.8877, 15.685 ], [ 76.8474, 15.6367 ], [ 76.809, 15.6447 ], [ 76.8063, 15.6527 ], [ 76.789, 15.6528 ], [ 76.7918, 15.7444 ], [ 76.8032, 15.7409 ], [ 76.8049, 15.7473 ] ] ], [ [ [ 76.7666, 15.7465 ], [ 76.7724, 15.7462 ], [ 76.7737, 15.7214 ], [ 76.7647, 15.7215 ], [ 76.7666, 15.7465 ] ] ] ] } },
{ "type": "Feature", "properties": { "area_id": "KGIS-H-060503", "name_en": "Huda", "name_kn": "", "level": "panchayat", "parent_id": "KGIS-T-0605", "district_en": "Raichur", "lgd_code": null }, "geometry": { "type": "Polygon", "coordinates": [ [ [ 76.7319, 15.6955 ], [ 76.7944, 15.6904 ], [ 76.789, 15.6528 ], [ 76.8459, 15.6359 ], [ 76.829, 15.6194 ], [ 76.8357, 15.602 ], [ 76.833, 15.5633 ], [ 76.8127, 15.5468 ], [ 76.7597, 15.5659 ], [ 76.7488, 15.5896 ], [ 76.756, 15.6157 ], [ 76.7759, 15.6226 ], [ 76.7773, 15.6336 ], [ 76.7508, 15.6531 ], [ 76.7457, 15.6124 ], [ 76.7423, 15.6574 ], [ 76.7268, 15.6619 ], [ 76.7319, 15.6955 ] ] ] } },
{ "type": "Feature", "properties": { "area_id": "KGIS-H-060504", "name_en": "Gorebala", "name_kn": "", "level": "panchayat", "parent_id": "KGIS-T-0605", "district_en": "Raichur", "lgd_code": null }, "geometry": { "type": "Polygon", "coordinates": [ [ [ 76.7094, 15.7423 ], [ 76.7146, 15.7196 ], [ 76.7636, 15.7351 ], [ 76.7647, 15.7215 ], [ 76.7907, 15.7184 ], [ 76.7928, 15.7111 ], [ 76.7944, 15.6904 ], [ 76.7563, 15.6998 ], [ 76.7319, 15.6955 ], [ 76.7266, 15.6594 ], [ 76.7423, 15.6574 ], [ 76.7457, 15.6124 ], [ 76.7508, 15.6531 ], [ 76.7773, 15.6336 ], [ 76.7759, 15.6226 ], [ 76.756, 15.6157 ], [ 76.7494, 15.5899 ], [ 76.7004, 15.5909 ], [ 76.68, 15.6066 ], [ 76.6807, 15.6267 ], [ 76.6935, 15.6246 ], [ 76.7013, 15.7168 ], [ 76.6809, 15.7141 ], [ 76.6779, 15.7375 ], [ 76.7094, 15.7423 ] ] ] } },
{ "type": "Feature", "properties": { "area_id": "KGIS-H-060505", "name_en": "Jalihala", "name_kn": "", "level": "panchayat", "parent_id": "KGIS-T-0605", "district_en": "Raichur", "lgd_code": null }, "geometry": { "type": "Polygon", "coordinates": [ [ [ 76.6531, 15.761 ], [ 76.6547, 15.7259 ], [ 76.678, 15.7374 ], [ 76.6809, 15.7141 ], [ 76.7013, 15.7168 ], [ 76.6943, 15.6454 ], [ 76.6707, 15.6391 ], [ 76.6719, 15.658 ], [ 76.5995, 15.6735 ], [ 76.5957, 15.7053 ], [ 76.6088, 15.7071 ], [ 76.6088, 15.7387 ], [ 76.6194, 15.7349 ], [ 76.6204, 15.757 ], [ 76.6448, 15.7541 ], [ 76.6531, 15.761 ] ] ] } },
{ "type": "Feature", "properties": { "area_id": "KGIS-H-060508", "name_en": "Javalagera", "name_kn": "", "level": "panchayat", "parent_id": "KGIS-T-0605", "district_en": "Raichur", "lgd_code": null }, "geometry": { "type": "MultiPolygon", "coordinates": [ [ [ [ 76.7558, 15.8799 ], [ 76.7687, 15.8793 ], [ 76.765, 15.8524 ], [ 76.75, 15.8558 ], [ 76.7558, 15.8799 ] ] ], [ [ [ 76.833, 15.9426 ], [ 76.8534, 15.9289 ], [ 76.8406, 15.8784 ], [ 76.8676, 15.8651 ], [ 76.867, 15.8345 ], [ 76.8561, 15.8249 ], [ 76.772, 15.8436 ], [ 76.77, 15.8502 ], [ 76.7782, 15.8824 ], [ 76.7905, 15.881 ], [ 76.7911, 15.8946 ], [ 76.8085, 15.8936 ], [ 76.8132, 15.9407 ], [ 76.833, 15.9426 ] ] ] ] } },
{ "type": "Feature", "properties": { "area_id": "KGIS-H-060509", "name_en": "Kunnatagi", "name_kn": "", "level": "panchayat", "parent_id": "KGIS-T-0605", "district_en": "Raichur", "lgd_code": null }, "geometry": { "type": "Polygon", "coordinates": [ [ [ 76.757, 15.8973 ], [ 76.75, 15.8558 ], [ 76.7718, 15.8567 ], [ 76.7726, 15.8492 ], [ 76.7669, 15.8161 ], [ 76.7514, 15.7942 ], [ 76.7535, 15.7769 ], [ 76.721, 15.7862 ], [ 76.6673, 15.786 ], [ 76.672, 15.8302 ], [ 76.6859, 15.8289 ], [ 76.6885, 15.8777 ], [ 76.7259, 15.8868 ], [ 76.741, 15.8815 ], [ 76.7425, 15.8991 ], [ 76.757, 15.8973 ] ] ] } },
{ "type": "Feature", "properties": { "area_id": "KGIS-H-060510", "name_en": "Valkandinni", "name_kn": "", "level": "panchayat", "parent_id": "KGIS-T-0605", "district_en": "Raichur", "lgd_code": null }, "geometry": { "type": "Polygon", "coordinates": [ [ [ 76.8534, 15.9289 ], [ 76.8853, 15.9224 ], [ 76.9383, 15.8806 ], [ 76.9843, 15.8711 ], [ 76.9747, 15.8366 ], [ 76.902, 15.8528 ], [ 76.8941, 15.814 ], [ 76.8727, 15.8115 ], [ 76.865, 15.8211 ], [ 76.8676, 15.8651 ], [ 76.8406, 15.8784 ], [ 76.8534, 15.9289 ] ] ] } },
{ "type": "Feature", "properties": { "area_id": "KGIS-H-060511", "name_en": "Badarli", "name_kn": "", "level": "panchayat", "parent_id": "KGIS-T-0605", "district_en": "Raichur", "lgd_code": null }, "geometry": { "type": "Polygon", "coordinates": [ [ [ 76.9013, 15.8117 ], [ 76.9077, 15.806 ], [ 76.911, 15.7648 ], [ 76.9198, 15.7546 ], [ 76.9385, 15.7573 ], [ 76.9212, 15.7225 ], [ 76.8676, 15.7341 ], [ 76.8576, 15.7051 ], [ 76.8268, 15.738 ], [ 76.8162, 15.7359 ], [ 76.7922, 15.754 ], [ 76.8104, 15.7919 ], [ 76.8476, 15.7832 ], [ 76.8567, 15.8289 ], [ 76.8719, 15.8201 ], [ 76.8727, 15.8115 ], [ 76.8921, 15.8117 ], [ 76.9038, 15.8528 ], [ 76.9013, 15.8117 ] ] ] } },
{ "type": "Feature", "properties": { "area_id": "KGIS-H-060512", "name_en": "Hedaginala", "name_kn": "", "level": "panchayat", "parent_id": "KGIS-T-0605", "district_en": "Raichur", "lgd_code": null }, "geometry": { "type": "Polygon", "coordinates": [ [ [ 76.9982, 15.8754 ], [ 77.032, 15.851 ], [ 77.0285, 15.8354 ], [ 76.9525, 15.7663 ], [ 76.9175, 15.7557 ], [ 76.9077, 15.806 ], [ 76.898, 15.8143 ], [ 76.9038, 15.8528 ], [ 76.9747, 15.8366 ], [ 76.9843, 15.8711 ], [ 76.9982, 15.8754 ] ] ] } },
{ "type": "Feature", "properties": { "area_id": "KGIS-H-060513", "name_en": "Gunjalli", "name_kn": "", "level": "panchayat", "parent_id": "KGIS-T-0605", "district_en": "Raichur", "lgd_code": null }, "geometry": { "type": "Polygon", "coordinates": [ [ [ 76.6233, 15.8384 ], [ 76.6743, 15.8302 ], [ 76.6673, 15.786 ], [ 76.7061, 15.7841 ], [ 76.7054, 15.7736 ], [ 76.718, 15.7735 ], [ 76.7137, 15.742 ], [ 76.6834, 15.7395 ], [ 76.655, 15.7259 ], [ 76.653, 15.7618 ], [ 76.6179, 15.7609 ], [ 76.6152, 15.7876 ], [ 76.6005, 15.7921 ], [ 76.6085, 15.8236 ], [ 76.6193, 15.8245 ], [ 76.6233, 15.8384 ] ] ] } },
{ "type": "Feature", "properties": { "area_id": "KGIS-H-060514", "name_en": "Turvihala", "name_kn": "", "level": "panchayat", "parent_id": "KGIS-T-0605", "district_en": "Raichur", "lgd_code": null }, "geometry": { "type": "Polygon", "coordinates": [ [ [ 76.4401, 15.8242 ], [ 76.4523, 15.8149 ], [ 76.4588, 15.7908 ], [ 76.4773, 15.7824 ], [ 76.5069, 15.7815 ], [ 76.5356, 15.7995 ], [ 76.554, 15.7981 ], [ 76.6152, 15.7876 ], [ 76.6179, 15.7609 ], [ 76.6455, 15.761 ], [ 76.6448, 15.7541 ], [ 76.6204, 15.757 ], [ 76.6194, 15.7349 ], [ 76.6088, 15.7387 ], [ 76.6088, 15.7071 ], [ 76.5957, 15.7053 ], [ 76.599, 15.6959 ], [ 76.5623, 15.7056 ], [ 76.5318, 15.6994 ], [ 76.5094, 15.717 ], [ 76.4917, 15.7081 ], [ 76.4824, 15.7193 ], [ 76.4462, 15.7342 ], [ 76.4395, 15.7843 ], [ 76.415, 15.7916 ], [ 76.4129, 15.8042 ], [ 76.4401, 15.8242 ] ] ] } },
{ "type": "Feature", "properties": { "area_id": "KGIS-H-060601", "name_en": "Lingasuguru", "name_kn": "", "level": "panchayat", "parent_id": "KGIS-T-0606", "district_en": "Raichur", "lgd_code": null }, "geometry": { "type": "Polygon", "coordinates": [ [ [ 76.5847, 16.1222 ], [ 76.6118, 16.1147 ], [ 76.6127, 16.0908 ], [ 76.6417, 16.0796 ], [ 76.6404, 16.0554 ], [ 76.6497, 16.0516 ], [ 76.649, 16.0418 ], [ 76.697, 16.029 ], [ 76.6885, 15.9892 ], [ 76.6699, 15.9976 ], [ 76.6453, 15.9967 ], [ 76.6445, 16.025 ], [ 76.6219, 16.034 ], [ 76.6213, 16.0445 ], [ 76.5997, 16.0529 ], [ 76.5996, 16.0596 ], [ 76.5849, 16.0625 ], [ 76.5774, 16.1049 ], [ 76.5847, 16.1222 ] ] ] } },
{ "type": "Feature", "properties": { "area_id": "KGIS-H-060603", "name_en": "Maski", "name_kn": "", "level": "panchayat", "parent_id": "KGIS-T-0606", "district_en": "Raichur", "lgd_code": null }, "geometry": { "type": "Polygon", "coordinates": [ [ [ 76.5786, 16.1038 ], [ 76.5849, 16.0625 ], [ 76.5996, 16.0596 ], [ 76.5997, 16.0529 ], [ 76.6213, 16.0445 ], [ 76.6219, 16.034 ], [ 76.6445, 16.025 ], [ 76.6453, 15.9967 ], [ 76.6699, 15.9976 ], [ 76.6885, 15.9892 ], [ 76.6649, 15.9347 ], [ 76.6697, 15.9194 ], [ 76.6405, 15.9232 ], [ 76.6293, 15.9028 ], [ 76.6124, 15.9116 ], [ 76.6029, 15.9031 ], [ 76.5824, 15.9147 ], [ 76.576, 15.892 ], [ 76.5823, 15.8852 ], [ 76.5712, 15.8516 ], [ 76.4958, 15.8672 ], [ 76.4946, 15.878 ], [ 76.4614, 15.8846 ], [ 76.4682, 15.9055 ], [ 76.4431, 15.9372 ], [ 76.4485, 15.9571 ], [ 76.4567, 15.957 ], [ 76.4572, 15.9806 ], [ 76.4726, 15.9861 ], [ 76.4734, 16.0018 ], [ 76.4897, 16.0139 ], [ 76.49, 16.0229 ], [ 76.4658, 16.0232 ], [ 76.4483, 16.0405 ], [ 76.4611, 16.072 ], [ 76.4733, 16.0828 ], [ 76.5455, 16.0791 ], [ 76.5541, 16.0985 ], [ 76.571, 16.0963 ], [ 76.5786, 16.1038 ] ] ] } },
{ "type": "Feature", "properties": { "area_id": "KGIS-H-060605", "name_en": "Halapura", "name_kn": "", "level": "panchayat", "parent_id": "KGIS-T-0606", "district_en": "Raichur", "lgd_code": null }, "geometry": { "type": "Polygon", "coordinates": [ [ [ 76.7894, 16.0635 ], [ 76.8003, 16.0625 ], [ 76.8022, 16.0498 ], [ 76.8526, 16.0448 ], [ 76.8518, 16.034 ], [ 76.8711, 16.0302 ], [ 76.872, 16.0143 ], [ 76.8626, 16.0052 ], [ 76.8658, 15.9793 ], [ 76.7979, 15.9765 ], [ 76.7818, 15.9903 ], [ 76.7532, 15.9975 ], [ 76.7372, 15.9916 ], [ 76.7381, 15.9541 ], [ 76.7274, 15.9469 ], [ 76.6765, 15.959 ], [ 76.697, 16.029 ], [ 76.7127, 16.0307 ], [ 76.7138, 16.0385 ], [ 76.7444, 16.0331 ], [ 76.7482, 16.0403 ], [ 76.7775, 16.0439 ], [ 76.7894, 16.0635 ] ], [ [ 76.7188, 16.0196 ], [ 76.7267, 16.0112 ], [ 76.7293, 16.0162 ], [ 76.7188, 16.0196 ] ] ] } },
{ "type": "Feature", "properties": { "area_id": "KGIS-H-060606", "name_en": "Pamanakallura", "name_kn": "", "level": "panchayat", "parent_id": "KGIS-T-0606", "district_en": "Raichur", "lgd_code": null }, "geometry": { "type": "MultiPolygon", "coordinates": [ [ [ [ 76.7274, 16.0126 ], [ 76.7182, 16.0143 ], [ 76.7188, 16.0196 ], [ 76.7278, 16.0186 ], [ 76.7274, 16.0126 ] ] ], [ [ [ 76.7232, 16.1547 ], [ 76.7654, 16.1406 ], [ 76.7778, 16.1283 ], [ 76.771, 16.0848 ], [ 76.7951, 16.0868 ], [ 76.7973, 16.0628 ], [ 76.7821, 16.0606 ], [ 76.7775, 16.0439 ], [ 76.7482, 16.0403 ], [ 76.7444, 16.0331 ], [ 76.7138, 16.0385 ], [ 76.7127, 16.0307 ], [ 76.6974, 16.029 ], [ 76.649, 16.0418 ], [ 76.6398, 16.0668 ], [ 76.6417, 16.0796 ], [ 76.6547, 16.0873 ], [ 76.6582, 16.1127 ], [ 76.6678, 16.1197 ], [ 76.6801, 16.1161 ], [ 76.6911, 16.1262 ], [ 76.6884, 16.1474 ], [ 76.6967, 16.1552 ], [ 76.7232, 16.1547 ] ] ] ] } },
{ "type": "Feature", "properties": { "area_id": "KGIS-H-060607", "name_en": "Balaganura", "name_kn": "", "level": "panchayat", "parent_id": "KGIS-T-0606", "district_en": "Raichur", "lgd_code": null }, "geometry": { "type": "Polygon", "coordinates": [ [ [ 76.7556, 15.9972 ], [ 76.7925, 15.9837 ], [ 76.7871, 15.9661 ], [ 76.775, 15.9627 ], [ 76.7741, 15.9553 ], [ 76.8123, 15.9334 ], [ 76.8085, 15.8936 ], [ 76.7911, 15.8946 ], [ 76.7905, 15.881 ], [ 76.7782, 15.8824 ], [ 76.7719, 15.8567 ], [ 76.766, 15.8576 ], [ 76.7687, 15.8793 ], [ 76.7557, 15.8801 ], [ 76.757, 15.8973 ], [ 76.7171, 15.9009 ], [ 76.7194, 15.9461 ], [ 76.7381, 15.9541 ], [ 76.7372, 15.9916 ], [ 76.7556, 15.9972 ] ] ] } },
{ "type": "Feature", "properties": { "area_id": "KGIS-H-060613", "name_en": "Gunjalli", "name_kn": "", "level": "panchayat", "parent_id": "KGIS-T-0606", "district_en": "Raichur", "lgd_code": null }, "geometry": { "type": "MultiPolygon", "coordinates": [ [ [ [ 76.5751, 15.8585 ], [ 76.6229, 15.8406 ], [ 76.6193, 15.8245 ], [ 76.6085, 15.8236 ], [ 76.6006, 15.7892 ], [ 76.5808, 15.7899 ], [ 76.5779, 15.8281 ], [ 76.5701, 15.8328 ], [ 76.5751, 15.8585 ] ] ], [ [ [ 76.5018, 15.8659 ], [ 76.5552, 15.8555 ], [ 76.56, 15.8341 ], [ 76.5401, 15.8256 ], [ 76.4982, 15.8552 ], [ 76.5018, 15.8659 ] ] ] ] } },
{ "type": "Feature", "properties": { "area_id": "KGIS-H-060614", "name_en": "Turvihala", "name_kn": "", "level": "panchayat", "parent_id": "KGIS-T-0606", "district_en": "Raichur", "lgd_code": null }, "geometry": { "type": "Polygon", "coordinates": [ [ [ 76.4568, 15.8622 ], [ 76.5092, 15.853 ], [ 76.5186, 15.8381 ], [ 76.5423, 15.8255 ], [ 76.56, 15.8341 ], [ 76.5552, 15.8555 ], [ 76.5714, 15.8523 ], [ 76.5808, 15.7899 ], [ 76.5356, 15.7995 ], [ 76.5069, 15.7815 ], [ 76.4818, 15.781 ], [ 76.4588, 15.7908 ], [ 76.4423, 15.8244 ], [ 76.4517, 15.8552 ], [ 76.4568, 15.8622 ] ] ] } },
{ "type": "Feature", "properties": { "area_id": "KGIS-H-060615", "name_en": "Gudadura", "name_kn": "", "level": "panchayat", "parent_id": "KGIS-T-0606", "district_en": "Raichur", "lgd_code": null }, "geometry": { "type": "Polygon", "coordinates": [ [ [ 76.6776, 15.9585 ], [ 76.7194, 15.9461 ], [ 76.7171, 15.9009 ], [ 76.7422, 15.9004 ], [ 76.7426, 15.8945 ], [ 76.741, 15.8815 ], [ 76.7259, 15.8868 ], [ 76.6885, 15.8777 ], [ 76.6859, 15.8287 ], [ 76.6253, 15.8356 ], [ 76.6141, 15.8482 ], [ 76.5738, 15.8586 ], [ 76.5824, 15.9147 ], [ 76.6029, 15.9031 ], [ 76.6124, 15.9116 ], [ 76.6293, 15.9028 ], [ 76.6405, 15.9232 ], [ 76.666, 15.917 ], [ 76.6721, 15.9491 ], [ 76.6776, 15.9585 ] ] ] } },
{ "type": "Feature", "properties": { "area_id": "KGIS-H-060702", "name_en": "Kalluru", "name_kn": "", "level": "panchayat", "parent_id": "KGIS-T-0607", "district_en": "Raichur", "lgd_code": null }, "geometry": { "type": "Polygon", "coordinates": [ [ [ 77.158, 16.1768 ], [ 77.225, 16.1813 ], [ 77.2474, 16.1681 ], [ 77.2577, 16.1374 ], [ 77.2569, 16.131 ], [ 77.248, 16.1324 ], [ 77.2399, 16.0914 ], [ 77.168, 16.0975 ], [ 77.1594, 16.0895 ], [ 77.1323, 16.0982 ], [ 77.1195, 16.0922 ], [ 77.1254, 16.0783 ], [ 77.0888, 16.0744 ], [ 77.0748, 16.0629 ], [ 77.0706, 16.0454 ], [ 77.0371, 16.0457 ], [ 77.0392, 16.0977 ], [ 77.0697, 16.1037 ], [ 77.0715, 16.1344 ], [ 77.1278, 16.1367 ], [ 77.1266, 16.1539 ], [ 77.1549, 16.1572 ], [ 77.158, 16.1768 ] ] ] } },
{ "type": "Feature", "properties": { "area_id": "KGIS-H-060707", "name_en": "Mallata", "name_kn": "", "level": "panchayat", "parent_id": "KGIS-T-0607", "district_en": "Raichur", "lgd_code": null }, "geometry": { "type": "Polygon", "coordinates": [ [ [ 76.8662, 16.1902 ], [ 76.8961, 16.2029 ], [ 76.9078, 16.1932 ], [ 76.9299, 16.1909 ], [ 76.9331, 16.1976 ], [ 76.9568, 16.1922 ], [ 76.9574, 16.204 ], [ 76.9794, 16.1913 ], [ 76.9896, 16.1981 ], [ 76.9976, 16.1921 ], [ 76.9882, 16.1669 ], [ 77.0023, 16.1484 ], [ 76.9624, 16.1402 ], [ 76.968, 16.1263 ], [ 76.9837, 16.1201 ], [ 76.9871, 16.0905 ], [ 76.9769, 16.0895 ], [ 76.9783, 16.0636 ], [ 76.9291, 16.0637 ], [ 76.9284, 16.0544 ], [ 76.9137, 16.061 ], [ 76.9148, 16.0415 ], [ 76.8711, 16.0302 ], [ 76.8518, 16.034 ], [ 76.8627, 16.0891 ], [ 76.9062, 16.0903 ], [ 76.9035, 16.1342 ], [ 76.8712, 16.1428 ], [ 76.8576, 16.1307 ], [ 76.8538, 16.1358 ], [ 76.8465, 16.1309 ], [ 76.8427, 16.1616 ], [ 76.8196, 16.1703 ], [ 76.8488, 16.1684 ], [ 76.8662, 16.1902 ] ] ] } },
{ "type": "Feature", "properties": { "area_id": "KGIS-H-060708", "name_en": "Siravara", "name_kn": "", "level": "panchayat", "parent_id": "KGIS-T-0607", "district_en": "Raichur", "lgd_code": null }, "geometry": { "type": "Polygon", "coordinates": [ [ [ 77.0908, 16.2198 ], [ 77.1183, 16.2113 ], [ 77.1216, 16.1942 ], [ 77.157, 16.1922 ], [ 77.1549, 16.1572 ], [ 77.1266, 16.1539 ], [ 77.1278, 16.1367 ], [ 77.0715, 16.1344 ], [ 77.0697, 16.1037 ], [ 77.0392, 16.0977 ], [ 77.0371, 16.0457 ], [ 76.9946, 16.0491 ], [ 76.9767, 16.0675 ], [ 76.9769, 16.0895 ], [ 76.9871, 16.0905 ], [ 76.9837, 16.1201 ], [ 76.968, 16.1263 ], [ 76.9624, 16.1402 ], [ 77.0019, 16.146 ], [ 76.9882, 16.1669 ], [ 76.9984, 16.1974 ], [ 77.0588, 16.1976 ], [ 77.0801, 16.179 ], [ 77.0908, 16.2198 ] ] ] } },
{ "type": "Feature", "properties": { "area_id": "KGIS-H-060709", "name_en": "Kavitala", "name_kn": "", "level": "panchayat", "parent_id": "KGIS-T-0607", "district_en": "Raichur", "lgd_code": null }, "geometry": { "type": "MultiPolygon", "coordinates": [ [ [ [ 76.7898, 16.2261 ], [ 76.8062, 16.2159 ], [ 76.8125, 16.2222 ], [ 76.8398, 16.2169 ], [ 76.8662, 16.1902 ], [ 76.8488, 16.1684 ], [ 76.8198, 16.1724 ], [ 76.8427, 16.1616 ], [ 76.8465, 16.1309 ], [ 76.8538, 16.1358 ], [ 76.8576, 16.1307 ], [ 76.8712, 16.1428 ], [ 76.9035, 16.1342 ], [ 76.9062, 16.0903 ], [ 76.8627, 16.0891 ], [ 76.8525, 16.0447 ], [ 76.8022, 16.0498 ], [ 76.7951, 16.0868 ], [ 76.771, 16.0848 ], [ 76.7783, 16.1271 ], [ 76.7653, 16.1404 ], [ 76.7698, 16.1913 ], [ 76.7793, 16.2192 ], [ 76.7898, 16.2261 ] ] ], [ [ [ 76.8875, 16.2081 ], [ 76.8881, 16.1971 ], [ 76.8834, 16.1955 ], [ 76.8875, 16.2081 ] ] ] ] } },
{ "type": "Feature", "properties": { "area_id": "KGIS-H-070101", "name_en": "Yalaburga", "name_kn": "", "level": "panchayat", "parent_id": "KGIS-T-0701", "district_en": "Koppal", "lgd_code": null }, "geometry": { "type": "MultiPolygon", "coordinates": [ [ [ [ 75.9102, 15.5128 ], [ 75.91, 15.5117 ], [ 75.91, 15.5128 ], [ 75.9102, 15.5128 ] ] ], [ [ [ 75.8994, 15.7491 ], [ 75.9207, 15.726 ], [ 75.9149, 15.6981 ], [ 75.9395, 15.6938 ], [ 75.9436, 15.6773 ], [ 75.9672, 15.6793 ], [ 75.9672, 15.6647 ], [ 75.9768, 15.6628 ], [ 76.0109, 15.6622 ], [ 76.0156, 15.6798 ], [ 75.9944, 15.6789 ], [ 75.9824, 15.6668 ], [ 75.9838, 15.6938 ], [ 76.0048, 15.7157 ], [ 76.0225, 15.7092 ], [ 76.0406, 15.7177 ], [ 76.044, 15.7421 ], [ 76.073, 15.7428 ], [ 76.0755, 15.7162 ], [ 76.1089, 15.7282 ], [ 76.1127, 15.7131 ], [ 76.1215, 15.7117 ], [ 76.119, 15.6801 ], [ 76.1275, 15.6657 ], [ 76.1421, 15.6607 ], [ 76.138, 15.6448 ], [ 76.1491, 15.6332 ], [ 76.1704, 15.6296 ], [ 76.1771, 15.5838 ], [ 76.202, 15.5813 ], [ 76.2128, 15.5548 ], [ 76.1587, 15.5409 ], [ 76.1294, 15.5436 ], [ 76.1192, 15.5492 ], [ 76.1216, 15.555 ], [ 76.0812, 15.548 ], [ 76.0373, 15.5674 ], [ 76.0271, 15.5273 ], [ 76.0004, 15.5297 ], [ 75.9911, 15.5617 ], [ 75.973, 15.544 ], [ 75.9117, 15.5429 ], [ 75.9099, 15.5117 ], [ 75.8604, 15.513 ], [ 75.8664, 15.5955 ], [ 75.8949, 15.6022 ], [ 75.8991, 15.6205 ], [ 75.886, 15.6339 ], [ 75.8872, 15.6685 ], [ 75.8706, 15.6733 ], [ 75.8702, 15.715 ], [ 75.8873, 15.7175 ], [ 75.8821, 15.7369 ], [ 75.8994, 15.7491 ] ] ] ] } },
{ "type": "Feature", "properties": { "area_id": "KGIS-H-070103", "name_en": "Hirevankalakunta", "name_kn": "", "level": "panchayat", "parent_id": "KGIS-T-0701", "district_en": "Koppal", "lgd_code": null }, "geometry": { "type": "Polygon", "coordinates": [ [ [ 76.2646, 15.7345 ], [ 76.2825, 15.741 ], [ 76.3008, 15.7198 ], [ 76.313, 15.7253 ], [ 76.32, 15.6993 ], [ 76.3111, 15.6756 ], [ 76.3372, 15.6429 ], [ 76.3213, 15.6389 ], [ 76.3239, 15.6047 ], [ 76.3153, 15.5944 ], [ 76.2943, 15.6 ], [ 76.2808, 15.6163 ], [ 76.2616, 15.6098 ], [ 76.2541, 15.5801 ], [ 76.2386, 15.5621 ], [ 76.2434, 15.5384 ], [ 76.2353, 15.5395 ], [ 76.2214, 15.5555 ], [ 76.2128, 15.5548 ], [ 76.202, 15.5813 ], [ 76.1771, 15.5838 ], [ 76.1704, 15.6296 ], [ 76.1491, 15.6332 ], [ 76.138, 15.6448 ], [ 76.1421, 15.6607 ], [ 76.1275, 15.6657 ], [ 76.119, 15.6801 ], [ 76.1206, 15.7072 ], [ 76.1434, 15.7149 ], [ 76.209, 15.6995 ], [ 76.2699, 15.7052 ], [ 76.2787, 15.7233 ], [ 76.2646, 15.7345 ] ] ] } },
{ "type": "Feature", "properties": { "area_id": "KGIS-H-070201", "name_en": "Kushtagi", "name_kn": "", "level": "panchayat", "parent_id": "KGIS-T-0702", "district_en": "Koppal", "lgd_code": null }, "geometry": { "type": "MultiPolygon", "coordinates": [ [ [ [ 76.3376, 15.6932 ], [ 76.3553, 15.7284 ], [ 76.3566, 15.7271 ], [ 76.3376, 15.6932 ] ] ], [ [ [ 76.2005, 15.944 ], [ 76.2265, 15.9409 ], [ 76.2301, 15.9233 ], [ 76.2569, 15.9229 ], [ 76.2618, 15.9067 ], [ 76.277, 15.9097 ], [ 76.2898, 15.8926 ], [ 76.3209, 15.9015 ], [ 76.3236, 15.8719 ], [ 76.3075, 15.8582 ], [ 76.3103, 15.8402 ], [ 76.3205, 15.839 ], [ 76.3226, 15.8263 ], [ 76.3167, 15.8138 ], [ 76.2996, 15.8146 ], [ 76.2992, 15.8026 ], [ 76.3351, 15.7943 ], [ 76.3454, 15.7766 ], [ 76.3474, 15.7488 ], [ 76.3114, 15.7523 ], [ 76.3175, 15.7291 ], [ 76.3024, 15.7199 ], [ 76.2825, 15.741 ], [ 76.2693, 15.7411 ], [ 76.2641, 15.7288 ], [ 76.2787, 15.7233 ], [ 76.2699, 15.7052 ], [ 76.209, 15.6995 ], [ 76.1454, 15.7134 ], [ 76.1388, 15.7426 ], [ 76.1246, 15.7413 ], [ 76.1128, 15.7506 ], [ 76.1302, 15.7578 ], [ 76.134, 15.7783 ], [ 76.1519, 15.7895 ], [ 76.1585, 15.8364 ], [ 76.1654, 15.8403 ], [ 76.1532, 15.8497 ], [ 76.1662, 15.8546 ], [ 76.1666, 15.8654 ], [ 76.1843, 15.8661 ], [ 76.1898, 15.9127 ], [ 76.172, 15.9317 ], [ 76.1948, 15.9324 ], [ 76.2005, 15.944 ] ] ] ] } },
{ "type": "Feature", "properties": { "area_id": "KGIS-H-070202", "name_en": "Tavaragera", "name_kn": "", "level": "panchayat", "parent_id": "KGIS-T-0702", "district_en": "Koppal", "lgd_code": null }, "geometry": { "type": "Polygon", "coordinates": [ [ [ 76.3736, 15.9175 ], [ 76.3751, 15.9022 ], [ 76.4034, 15.9021 ], [ 76.4264, 15.8906 ], [ 76.4168, 15.8648 ], [ 76.4517, 15.8552 ], [ 76.4423, 15.8235 ], [ 76.4218, 15.8125 ], [ 76.4128, 15.7965 ], [ 76.4221, 15.7859 ], [ 76.4395, 15.7843 ], [ 76.4462, 15.7342 ], [ 76.4845, 15.7147 ], [ 76.4733, 15.7086 ], [ 76.4673, 15.6837 ], [ 76.4583, 15.6864 ], [ 76.4533, 15.669 ], [ 76.4106, 15.6684 ], [ 76.3931, 15.6915 ], [ 76.3778, 15.6892 ], [ 76.3798, 15.6715 ], [ 76.3753, 15.6674 ], [ 76.3613, 15.6764 ], [ 76.3567, 15.6399 ], [ 76.3431, 15.6274 ], [ 76.3253, 15.6644 ], [ 76.3111, 15.6756 ], [ 76.32, 15.6993 ], [ 76.3114, 15.7523 ], [ 76.3458, 15.7447 ], [ 76.3454, 15.7766 ], [ 76.3274, 15.799 ], [ 76.2992, 15.8026 ], [ 76.2996, 15.8146 ], [ 76.3167, 15.8138 ], [ 76.3226, 15.8263 ], [ 76.3205, 15.839 ], [ 76.3103, 15.8402 ], [ 76.3075, 15.8582 ], [ 76.3236, 15.8719 ], [ 76.3211, 15.9035 ], [ 76.3451, 15.9008 ], [ 76.3377, 15.8716 ], [ 76.3512, 15.8634 ], [ 76.3588, 15.8813 ], [ 76.3537, 15.9032 ], [ 76.3736, 15.9175 ] ], [ [ 76.3462, 15.7255 ], [ 76.3393, 15.7097 ], [ 76.3376, 15.6932 ], [ 76.3567, 15.7273 ], [ 76.3462, 15.7255 ] ] ] } },
{ "type": "Feature", "properties": { "area_id": "KGIS-H-070203", "name_en": "Hanamasagara", "name_kn": "", "level": "panchayat", "parent_id": "KGIS-T-0702", "district_en": "Koppal", "lgd_code": null }, "geometry": { "type": "Polygon", "coordinates": [ [ [ 76.0605, 16.0115 ], [ 76.0801, 16.01 ], [ 76.0848, 15.9972 ], [ 76.0585, 15.906 ], [ 76.1016, 15.9005 ], [ 76.1173, 15.886 ], [ 76.1253, 15.8941 ], [ 76.1453, 15.8951 ], [ 76.1599, 15.9211 ], [ 76.1814, 15.9233 ], [ 76.1898, 15.9127 ], [ 76.1834, 15.8645 ], [ 76.1666, 15.8654 ], [ 76.1662, 15.8546 ], [ 76.1532, 15.8497 ], [ 76.1654, 15.8403 ], [ 76.1585, 15.8364 ], [ 76.1519, 15.7895 ], [ 76.134, 15.7783 ], [ 76.1302, 15.7578 ], [ 76.1128, 15.7506 ], [ 76.1401, 15.7408 ], [ 76.146, 15.7291 ], [ 76.1434, 15.7149 ], [ 76.1347, 15.7102 ], [ 76.1127, 15.7131 ], [ 76.1089, 15.7282 ], [ 76.0755, 15.7162 ], [ 76.073, 15.7428 ], [ 76.0502, 15.7444 ], [ 76.037, 15.737 ], [ 76.0378, 15.783 ], [ 76.0487, 15.7828 ], [ 76.0542, 15.8026 ], [ 76.0508, 15.8235 ], [ 76.0305, 15.8313 ], [ 76.0279, 15.8536 ], [ 76.0068, 15.855 ], [ 76.0034, 15.8757 ], [ 75.9883, 15.8636 ], [ 75.9789, 15.8708 ], [ 75.9738, 15.9866 ], [ 75.9895, 16.0048 ], [ 76.0516, 16.0034 ], [ 76.0605, 16.0115 ] ] ] } },
{ "type": "Feature", "properties": { "area_id": "KGIS-H-070204", "name_en": "Hanamanala", "name_kn": "", "level": "panchayat", "parent_id": "KGIS-T-0702", "district_en": "Koppal", "lgd_code": null }, "geometry": { "type": "Polygon", "coordinates": [ [ [ 75.8549, 15.9356 ], [ 75.8791, 15.9313 ], [ 75.8918, 15.9168 ], [ 75.9071, 15.9187 ], [ 75.9272, 15.8974 ], [ 75.9284, 15.8752 ], [ 75.942, 15.8742 ], [ 75.9445, 15.8663 ], [ 75.9626, 15.8655 ], [ 75.9655, 15.859 ], [ 75.9789, 15.8708 ], [ 75.9883, 15.8636 ], [ 76.0034, 15.8757 ], [ 76.0068, 15.855 ], [ 76.0279, 15.8536 ], [ 76.0305, 15.8313 ], [ 76.0508, 15.8235 ], [ 76.0542, 15.8026 ], [ 76.0487, 15.7828 ], [ 76.0378, 15.783 ], [ 76.0417, 15.7715 ], [ 76.0099, 15.7841 ], [ 75.9934, 15.7811 ], [ 75.9885, 15.8016 ], [ 75.9639, 15.7951 ], [ 75.9614, 15.7848 ], [ 75.9277, 15.7916 ], [ 75.8739, 15.8282 ], [ 75.8451, 15.8381 ], [ 75.8482, 15.8714 ], [ 75.8278, 15.8662 ], [ 75.8354, 15.8828 ], [ 75.8276, 15.9003 ], [ 75.8116, 15.9001 ], [ 75.8111, 15.8942 ], [ 75.7759, 15.9025 ], [ 75.7771, 15.9191 ], [ 75.7892, 15.9242 ], [ 75.8364, 15.9247 ], [ 75.8549, 15.9356 ] ] ] } },
{ "type": "Feature", "properties": { "area_id": "KGIS-H-070306", "name_en": "Venkatagiri", "name_kn": "", "level": "panchayat", "parent_id": "KGIS-T-0703", "district_en": "Koppal", "lgd_code": null }, "geometry": { "type": "Polygon", "coordinates": [ [ [ 76.4804, 15.5525 ], [ 76.5129, 15.5495 ], [ 76.5073, 15.5303 ], [ 76.4875, 15.534 ], [ 76.4983, 15.5173 ], [ 76.5136, 15.514 ], [ 76.5103, 15.5023 ], [ 76.4782, 15.4939 ], [ 76.4809, 15.4843 ], [ 76.5111, 15.4749 ], [ 76.52, 15.4511 ], [ 76.5163, 15.4395 ], [ 76.495, 15.4327 ], [ 76.4968, 15.4052 ], [ 76.4582, 15.4144 ], [ 76.421, 15.3844 ], [ 76.4012, 15.3882 ], [ 76.3977, 15.4104 ], [ 76.3804, 15.4163 ], [ 76.3728, 15.4398 ], [ 76.3611, 15.4442 ], [ 76.3571, 15.4644 ], [ 76.3164, 15.4813 ], [ 76.3476, 15.4898 ], [ 76.3573, 15.501 ], [ 76.397, 15.487 ], [ 76.404, 15.5143 ], [ 76.4643, 15.5159 ], [ 76.4804, 15.5525 ] ] ] } },
{ "type": "Feature", "properties": { "area_id": "KGIS-H-070307", "name_en": "Marali", "name_kn": "", "level": "panchayat", "parent_id": "KGIS-T-0703", "district_en": "Koppal", "lgd_code": null }, "geometry": { "type": "Polygon", "coordinates": [ [ [ 76.5121, 15.5442 ], [ 76.5776, 15.5382 ], [ 76.579, 15.5214 ], [ 76.6103, 15.5197 ], [ 76.62, 15.5122 ], [ 76.6187, 15.4438 ], [ 76.6079, 15.4401 ], [ 76.591, 15.4122 ], [ 76.5711, 15.402 ], [ 76.5703, 15.425 ], [ 76.5509, 15.4336 ], [ 76.5497, 15.4573 ], [ 76.5234, 15.4589 ], [ 76.5233, 15.4684 ], [ 76.5124, 15.463 ], [ 76.5111, 15.4749 ], [ 76.4797, 15.4871 ], [ 76.4784, 15.4941 ], [ 76.5103, 15.5023 ], [ 76.5137, 15.5124 ], [ 76.49, 15.5237 ], [ 76.4875, 15.5344 ], [ 76.5073, 15.5303 ], [ 76.5121, 15.5442 ] ] ] } },
{ "type": "Feature", "properties": { "area_id": "KGIS-H-070308", "name_en": "Gangavati", "name_kn": "", "level": "panchayat", "parent_id": "KGIS-T-0703", "district_en": "Koppal", "lgd_code": null }, "geometry": { "type": "Polygon", "coordinates": [ [ [ 76.5234, 15.4589 ], [ 76.5497, 15.4573 ], [ 76.5509, 15.4336 ], [ 76.5703, 15.425 ], [ 76.5692, 15.4016 ], [ 76.4932, 15.3452 ], [ 76.4771, 15.3484 ], [ 76.4674, 15.337 ], [ 76.4222, 15.3342 ], [ 76.4106, 15.3736 ], [ 76.4582, 15.4144 ], [ 76.501, 15.407 ], [ 76.495, 15.4327 ], [ 76.5191, 15.4429 ], [ 76.5159, 15.4654 ], [ 76.5233, 15.4684 ], [ 76.5234, 15.4589 ] ] ] } },
{ "type": "Feature", "properties": { "area_id": "KGIS-H-070401", "name_en": "Koppala", "name_kn": "", "level": "panchayat", "parent_id": "KGIS-T-0704", "district_en": "Koppal", "lgd_code": null }, "geometry": { "type": "Polygon", "coordinates": [ [ [ 76.1907, 15.4478 ], [ 76.2172, 15.4397 ], [ 76.2166, 15.4226 ], [ 76.2046, 15.4231 ], [ 76.1936, 15.4101 ], [ 76.203, 15.3915 ], [ 76.2317, 15.3863 ], [ 76.2426, 15.3748 ], [ 76.2707, 15.3755 ], [ 76.2747, 15.3578 ], [ 76.2926, 15.3526 ], [ 76.2923, 15.3622 ], [ 76.3169, 15.3575 ], [ 76.313, 15.3419 ], [ 76.282, 15.347 ], [ 76.2761, 15.3202 ], [ 76.2619, 15.3214 ], [ 76.261, 15.2883 ], [ 76.2906, 15.2867 ], [ 76.2879, 15.2669 ], [ 76.2983, 15.2553 ], [ 76.3275, 15.2639 ], [ 76.2462, 15.1899 ], [ 76.2402, 15.2149 ], [ 76.2238, 15.2113 ], [ 76.2322, 15.2268 ], [ 76.2272, 15.2325 ], [ 76.1876, 15.2354 ], [ 76.1583, 15.2129 ], [ 76.1571, 15.1973 ], [ 76.1307, 15.2029 ], [ 76.1231, 15.2291 ], [ 76.1301, 15.2429 ], [ 76.1193, 15.2649 ], [ 76.1153, 15.2708 ], [ 76.0902, 15.2664 ], [ 76.0924, 15.2786 ], [ 76.1192, 15.2866 ], [ 76.1202, 15.3014 ], [ 76.1195, 15.315 ], [ 76.1012, 15.3165 ], [ 76.1041, 15.326 ], [ 76.0925, 15.337 ], [ 76.1018, 15.3728 ], [ 76.0918, 15.4322 ], [ 76.0993, 15.4407 ], [ 76.1202, 15.4388 ], [ 76.1503, 15.4151 ], [ 76.1497, 15.4256 ], [ 76.1907, 15.4478 ] ] ] } },
{ "type": "Feature", "properties": { "area_id": "KGIS-H-070402", "name_en": "Alavandi", "name_kn": "", "level": "panchayat", "parent_id": "KGIS-T-0704", "district_en": "Koppal", "lgd_code": null }, "geometry": { "type": "Polygon", "coordinates": [ [ [ 76.0993, 15.3995 ], [ 76.1012, 15.3633 ], [ 76.0925, 15.337 ], [ 76.1041, 15.326 ], [ 76.1012, 15.3165 ], [ 76.1195, 15.315 ], [ 76.1197, 15.2919 ], [ 76.0924, 15.2786 ], [ 76.0902, 15.2664 ], [ 76.1153, 15.2708 ], [ 76.1193, 15.2649 ], [ 76.1301, 15.2429 ], [ 76.1231, 15.2291 ], [ 76.1307, 15.2029 ], [ 76.1116, 15.1977 ], [ 76.0949, 15.163 ], [ 76.0583, 15.1577 ], [ 76.0314, 15.1429 ], [ 75.9771, 15.1511 ], [ 75.9514, 15.1355 ], [ 75.9479, 15.1729 ], [ 75.9247, 15.1826 ], [ 75.912, 15.2408 ], [ 75.9, 15.2456 ], [ 75.8985, 15.2757 ], [ 75.8876, 15.2974 ], [ 75.893, 15.319 ], [ 75.8881, 15.353 ], [ 75.903, 15.3538 ], [ 75.903, 15.3593 ], [ 75.9617, 15.3561 ], [ 75.9627, 15.3449 ], [ 75.974, 15.3444 ], [ 75.9726, 15.3289 ], [ 75.9854, 15.3287 ], [ 76.0, 15.3045 ], [ 76.0115, 15.3065 ], [ 76.0553, 15.3428 ], [ 76.0602, 15.3994 ], [ 76.0993, 15.3995 ] ] ] } },
{ "type": "Feature", "properties": { "area_id": "KGIS-H-070403", "name_en": "Irakallagada", "name_kn": "", "level": "panchayat", "parent_id": "KGIS-T-0704", "district_en": "Koppal", "lgd_code": null }, "geometry": { "type": "Polygon", "coordinates": [ [ [ 76.2799, 15.6164 ], [ 76.2825, 15.6075 ], [ 76.3113, 15.5948 ], [ 76.3001, 15.561 ], [ 76.3136, 15.5589 ], [ 76.3086, 15.4794 ], [ 76.3571, 15.4644 ], [ 76.3611, 15.4442 ], [ 76.3728, 15.4398 ], [ 76.3804, 15.4163 ], [ 76.3977, 15.4104 ], [ 76.4012, 15.3882 ], [ 76.421, 15.3844 ], [ 76.4116, 15.3685 ], [ 76.3955, 15.374 ], [ 76.3824, 15.3682 ], [ 76.3631, 15.379 ], [ 76.3377, 15.3653 ], [ 76.3239, 15.3684 ], [ 76.3221, 15.3863 ], [ 76.2814, 15.3883 ], [ 76.2724, 15.3757 ], [ 76.2426, 15.3748 ], [ 76.2317, 15.3863 ], [ 76.203, 15.3915 ], [ 76.1954, 15.4051 ], [ 76.1996, 15.4198 ], [ 76.2166, 15.4226 ], [ 76.2165, 15.4417 ], [ 76.187, 15.449 ], [ 76.1497, 15.4256 ], [ 76.1503, 15.4151 ], [ 76.1258, 15.4371 ], [ 76.1, 15.4437 ], [ 76.1267, 15.4498 ], [ 76.1265, 15.4596 ], [ 76.1632, 15.458 ], [ 76.1868, 15.489 ], [ 76.2173, 15.4756 ], [ 76.2184, 15.4874 ], [ 76.2092, 15.4954 ], [ 76.211, 15.5031 ], [ 76.2242, 15.5066 ], [ 76.2273, 15.5417 ], [ 76.2434, 15.5384 ], [ 76.2386, 15.5621 ], [ 76.2541, 15.5801 ], [ 76.2612, 15.6094 ], [ 76.2799, 15.6164 ] ] ] } },
{ "type": "Feature", "properties": { "area_id": "KGIS-H-070404", "name_en": "Hitnala", "name_kn": "", "level": "panchayat", "parent_id": "KGIS-T-0704", "district_en": "Koppal", "lgd_code": null }, "geometry": { "type": "MultiPolygon", "coordinates": [ [ [ [ 76.2401, 15.2141 ], [ 76.2425, 15.19 ], [ 76.231, 15.1886 ], [ 76.2185, 15.203 ], [ 76.2401, 15.2141 ] ] ], [ [ [ 76.2819, 15.3881 ], [ 76.3221, 15.3863 ], [ 76.3239, 15.3684 ], [ 76.3377, 15.3653 ], [ 76.3631, 15.379 ], [ 76.3824, 15.3682 ], [ 76.3955, 15.374 ], [ 76.416, 15.3678 ], [ 76.4222, 15.3342 ], [ 76.3612, 15.3241 ], [ 76.3508, 15.3091 ], [ 76.3438, 15.2731 ], [ 76.2983, 15.2553 ], [ 76.2879, 15.2669 ], [ 76.2906, 15.2867 ], [ 76.261, 15.2883 ], [ 76.2619, 15.3214 ], [ 76.2761, 15.3202 ], [ 76.282, 15.347 ], [ 76.313, 15.3419 ], [ 76.3166, 15.3546 ], [ 76.2718, 15.3603 ], [ 76.2707, 15.3755 ], [ 76.2819, 15.3881 ] ] ] ] } },
{ "type": "Feature", "properties": { "area_id": "KGIS-H-070503", "name_en": "Karatagi", "name_kn": "", "level": "panchayat", "parent_id": "KGIS-T-0705", "district_en": "Koppal", "lgd_code": null }, "geometry": { "type": "Polygon", "coordinates": [ [ [ 76.5857, 15.6975 ], [ 76.598, 15.6958 ], [ 76.5995, 15.6735 ], [ 76.6719, 15.658 ], [ 76.6702, 15.639 ], [ 76.6924, 15.648 ], [ 76.6935, 15.6246 ], [ 76.6807, 15.6267 ], [ 76.68, 15.6066 ], [ 76.6966, 15.592 ], [ 76.7373, 15.5933 ], [ 76.7552, 15.5845 ], [ 76.7478, 15.5467 ], [ 76.7353, 15.5352 ], [ 76.7248, 15.5496 ], [ 76.7155, 15.5416 ], [ 76.6685, 15.538 ], [ 76.6594, 15.5477 ], [ 76.567, 15.5723 ], [ 76.5707, 15.6017 ], [ 76.5504, 15.6044 ], [ 76.551, 15.6119 ], [ 76.5655, 15.6281 ], [ 76.564, 15.6479 ], [ 76.5857, 15.6975 ] ] ] } },
{ "type": "Feature", "properties": { "area_id": "KGIS-H-070504", "name_en": "Siddapura", "name_kn": "", "level": "panchayat", "parent_id": "KGIS-T-0705", "district_en": "Koppal", "lgd_code": null }, "geometry": { "type": "Polygon", "coordinates": [ [ [ 76.5672, 15.5722 ], [ 76.6544, 15.5494 ], [ 76.6685, 15.538 ], [ 76.7155, 15.5416 ], [ 76.7248, 15.5496 ], [ 76.7353, 15.5352 ], [ 76.756, 15.5703 ], [ 76.8125, 15.5468 ], [ 76.811, 15.5151 ], [ 76.7813, 15.493 ], [ 76.7079, 15.4879 ], [ 76.6629, 15.4473 ], [ 76.6187, 15.4438 ], [ 76.62, 15.5122 ], [ 76.6103, 15.5197 ], [ 76.579, 15.5214 ], [ 76.5776, 15.5382 ], [ 76.5518, 15.5394 ], [ 76.5505, 15.5666 ], [ 76.5662, 15.5653 ], [ 76.5672, 15.5722 ] ] ] } },
{ "type": "Feature", "properties": { "area_id": "KGIS-H-070602", "name_en": "Kukanura", "name_kn": "", "level": "panchayat", "parent_id": "KGIS-T-0706", "district_en": "Koppal", "lgd_code": null }, "geometry": { "type": "Polygon", "coordinates": [ [ [ 75.9911, 15.5617 ], [ 76.0004, 15.5297 ], [ 76.0355, 15.5239 ], [ 76.03, 15.4848 ], [ 76.0465, 15.4804 ], [ 76.043, 15.4645 ], [ 76.0556, 15.46 ], [ 76.07, 15.4365 ], [ 76.0887, 15.449 ], [ 76.1005, 15.4046 ], [ 76.0602, 15.3994 ], [ 76.0553, 15.3428 ], [ 76.018, 15.3082 ], [ 76.0, 15.3045 ], [ 75.9854, 15.3287 ], [ 75.9726, 15.3289 ], [ 75.974, 15.3444 ], [ 75.9627, 15.3449 ], [ 75.9617, 15.3561 ], [ 75.9026, 15.3593 ], [ 75.904, 15.4028 ], [ 75.8654, 15.408 ], [ 75.8583, 15.4437 ], [ 75.8233, 15.4516 ], [ 75.8092, 15.4878 ], [ 75.8232, 15.4968 ], [ 75.8187, 15.5082 ], [ 75.8499, 15.5157 ], [ 75.8766, 15.5078 ], [ 75.9099, 15.5117 ], [ 75.9117, 15.5429 ], [ 75.973, 15.544 ], [ 75.9911, 15.5617 ] ], [ [ 75.91, 15.5128 ], [ 75.9102, 15.5117 ], [ 75.9102, 15.5128 ], [ 75.91, 15.5128 ] ] ] } },
{ "type": "Feature", "properties": { "area_id": "KGIS-H-070604", "name_en": "Mangaluru", "name_kn": "", "level": "panchayat", "parent_id": "KGIS-T-0706", "district_en": "Koppal", "lgd_code": null }, "geometry": { "type": "Polygon", "coordinates": [ [ [ 76.0373, 15.5674 ], [ 76.0812, 15.548 ], [ 76.1199, 15.5551 ], [ 76.1294, 15.5436 ], [ 76.1601, 15.5408 ], [ 76.2214, 15.5555 ], [ 76.2286, 15.5436 ], [ 76.2268, 15.5176 ], [ 76.2092, 15.4954 ], [ 76.2184, 15.4874 ], [ 76.2173, 15.4756 ], [ 76.1868, 15.489 ], [ 76.1632, 15.458 ], [ 76.1265, 15.4596 ], [ 76.1267, 15.4498 ], [ 76.0998, 15.4453 ], [ 76.1041, 15.4406 ], [ 76.093, 15.4321 ], [ 76.0887, 15.449 ], [ 76.07, 15.4365 ], [ 76.0556, 15.46 ], [ 76.043, 15.4645 ], [ 76.0465, 15.4804 ], [ 76.03, 15.4848 ], [ 76.039, 15.5175 ], [ 76.0251, 15.5271 ], [ 76.0373, 15.5674 ] ] ] } },
{ "type": "Feature", "properties": { "area_id": "KGIS-H-070701", "name_en": "Hulihaidara", "name_kn": "", "level": "panchayat", "parent_id": "KGIS-T-0707", "district_en": "Koppal", "lgd_code": null }, "geometry": { "type": "Polygon", "coordinates": [ [ [ 76.3932, 15.691 ], [ 76.4106, 15.6684 ], [ 76.4603, 15.6712 ], [ 76.4728, 15.6354 ], [ 76.4492, 15.6328 ], [ 76.4288, 15.6016 ], [ 76.3938, 15.6051 ], [ 76.3841, 15.5615 ], [ 76.3722, 15.5606 ], [ 76.365, 15.5453 ], [ 76.3378, 15.5518 ], [ 76.312, 15.5451 ], [ 76.3136, 15.5589 ], [ 76.3001, 15.561 ], [ 76.3113, 15.5948 ], [ 76.3239, 15.6047 ], [ 76.3213, 15.6389 ], [ 76.3431, 15.6274 ], [ 76.3567, 15.6399 ], [ 76.3613, 15.6764 ], [ 76.3753, 15.6674 ], [ 76.3778, 15.6892 ], [ 76.3932, 15.691 ] ] ] } },
{ "type": "Feature", "properties": { "area_id": "KGIS-H-070702", "name_en": "Navali", "name_kn": "", "level": "panchayat", "parent_id": "KGIS-T-0707", "district_en": "Koppal", "lgd_code": null }, "geometry": { "type": "Polygon", "coordinates": [ [ [ 76.5151, 15.7145 ], [ 76.5318, 15.6994 ], [ 76.5623, 15.7056 ], [ 76.5857, 15.6975 ], [ 76.564, 15.6479 ], [ 76.5655, 15.6281 ], [ 76.551, 15.6119 ], [ 76.5504, 15.6044 ], [ 76.5707, 15.6017 ], [ 76.5662, 15.5653 ], [ 76.5505, 15.5666 ], [ 76.5518, 15.5394 ], [ 76.5121, 15.5442 ], [ 76.5123, 15.5628 ], [ 76.4993, 15.5826 ], [ 76.5033, 15.5902 ], [ 76.472, 15.6161 ], [ 76.4686, 15.6586 ], [ 76.4545, 15.6696 ], [ 76.4583, 15.6864 ], [ 76.4673, 15.6837 ], [ 76.4733, 15.7086 ], [ 76.5151, 15.7145 ] ] ] } },
{ "type": "Feature", "properties": { "area_id": "KGIS-H-070705", "name_en": "Kanakagiri", "name_kn": "", "level": "panchayat", "parent_id": "KGIS-T-0707", "district_en": "Koppal", "lgd_code": null }, "geometry": { "type": "Polygon", "coordinates": [ [ [ 76.4419, 15.6262 ], [ 76.4728, 15.6354 ], [ 76.472, 15.6161 ], [ 76.5033, 15.5902 ], [ 76.4993, 15.5826 ], [ 76.5128, 15.5495 ], [ 76.4804, 15.5525 ], [ 76.4643, 15.5159 ], [ 76.404, 15.5143 ], [ 76.397, 15.487 ], [ 76.3573, 15.501 ], [ 76.3476, 15.4898 ], [ 76.3093, 15.4781 ], [ 76.312, 15.5451 ], [ 76.3378, 15.5518 ], [ 76.365, 15.5453 ], [ 76.3722, 15.5606 ], [ 76.3841, 15.5615 ], [ 76.3938, 15.6051 ], [ 76.4288, 15.6016 ], [ 76.4419, 15.6262 ] ] ] } },
{ "type": "Feature", "properties": { "area_id": "KGIS-H-080101", "name_en": "Naragunda", "name_kn": "", "level": "panchayat", "parent_id": "KGIS-T-0801", "district_en": "Gadag", "lgd_code": null }, "geometry": { "type": "Polygon", "coordinates": [ [ [ 75.3894, 15.8385 ], [ 75.425, 15.8424 ], [ 75.414, 15.7841 ], [ 75.4285, 15.7807 ], [ 75.4272, 15.7616 ], [ 75.4373, 15.7684 ], [ 75.4306, 15.6948 ], [ 75.4486, 15.6944 ], [ 75.4538, 15.6821 ], [ 75.4115, 15.6555 ], [ 75.3626, 15.669 ], [ 75.3599, 15.6457 ], [ 75.3361, 15.6479 ], [ 75.3366, 15.674 ], [ 75.295, 15.6918 ], [ 75.2786, 15.6898 ], [ 75.2752, 15.7407 ], [ 75.2931, 15.7413 ], [ 75.2933, 15.7283 ], [ 75.3138, 15.7303 ], [ 75.3176, 15.7642 ], [ 75.3054, 15.7664 ], [ 75.303, 15.8124 ], [ 75.3268, 15.813 ], [ 75.3389, 15.8277 ], [ 75.3409, 15.8045 ], [ 75.3649, 15.8043 ], [ 75.3756, 15.846 ], [ 75.3894, 15.8385 ] ] ] } },
{ "type": "Feature", "properties": { "area_id": "KGIS-H-080102", "name_en": "Konnura", "name_kn": "", "level": "panchayat", "parent_id": "KGIS-T-0801", "district_en": "Gadag", "lgd_code": null }, "geometry": { "type": "Polygon", "coordinates": [ [ [ 75.4617, 15.8865 ], [ 75.4609, 15.8795 ], [ 75.475, 15.8725 ], [ 75.4962, 15.8727 ], [ 75.5022, 15.8581 ], [ 75.5191, 15.8584 ], [ 75.5129, 15.8504 ], [ 75.5215, 15.842 ], [ 75.5536, 15.8345 ], [ 75.5554, 15.8239 ], [ 75.5462, 15.8238 ], [ 75.5447, 15.7994 ], [ 75.5348, 15.7979 ], [ 75.5306, 15.7848 ], [ 75.5424, 15.7789 ], [ 75.5221, 15.7119 ], [ 75.5108, 15.7105 ], [ 75.5052, 15.6997 ], [ 75.4688, 15.7016 ], [ 75.4726, 15.6867 ], [ 75.4547, 15.6804 ], [ 75.4486, 15.6944 ], [ 75.4306, 15.6948 ], [ 75.4373, 15.7684 ], [ 75.4267, 15.7649 ], [ 75.4285, 15.7807 ], [ 75.4366, 15.7781 ], [ 75.4397, 15.7951 ], [ 75.4477, 15.7937 ], [ 75.4578, 15.8178 ], [ 75.4576, 15.8614 ], [ 75.4513, 15.8619 ], [ 75.4489, 15.885 ], [ 75.4617, 15.8865 ] ] ] } },
{ "type": "Feature", "properties": { "area_id": "KGIS-H-080201", "name_en": "Rona", "name_kn": "", "level": "panchayat", "parent_id": "KGIS-T-0802", "district_en": "Gadag", "lgd_code": null }, "geometry": { "type": "Polygon", "coordinates": [ [ [ 75.7015, 15.8269 ], [ 75.7131, 15.8149 ], [ 75.7437, 15.813 ], [ 75.8129, 15.8257 ], [ 75.8161, 15.8147 ], [ 75.8018, 15.8082 ], [ 75.803, 15.7972 ], [ 75.8142, 15.7944 ], [ 75.8079, 15.7799 ], [ 75.8217, 15.7751 ], [ 75.8201, 15.7591 ], [ 75.8423, 15.7593 ], [ 75.8424, 15.734 ], [ 75.8337, 15.7164 ], [ 75.8347, 15.6867 ], [ 75.8019, 15.6752 ], [ 75.7942, 15.662 ], [ 75.785, 15.6677 ], [ 75.7549, 15.6373 ], [ 75.7204, 15.6326 ], [ 75.7146, 15.608 ], [ 75.7017, 15.6045 ], [ 75.7006, 15.5914 ], [ 75.6799, 15.591 ], [ 75.658, 15.6115 ], [ 75.65, 15.6315 ], [ 75.652, 15.6524 ], [ 75.6668, 15.6657 ], [ 75.6611, 15.6894 ], [ 75.6325, 15.6901 ], [ 75.6267, 15.7171 ], [ 75.6861, 15.7183 ], [ 75.6761, 15.7589 ], [ 75.7084, 15.7653 ], [ 75.7099, 15.76 ], [ 75.7213, 15.768 ], [ 75.7119, 15.8019 ], [ 75.6931, 15.8005 ], [ 75.7015, 15.8269 ] ] ] } },
{ "type": "Feature", "properties": { "area_id": "KGIS-H-080202", "name_en": "Naregalla", "name_kn": "", "level": "panchayat", "parent_id": "KGIS-T-0802", "district_en": "Gadag", "lgd_code": null }, "geometry": { "type": "MultiPolygon", "coordinates": [ [ [ [ 75.7938, 15.668 ], [ 75.8295, 15.6572 ], [ 75.8346, 15.6138 ], [ 75.8243, 15.6019 ], [ 75.777, 15.596 ], [ 75.7794, 15.554 ], [ 75.7404, 15.5528 ], [ 75.7415, 15.5329 ], [ 75.7268, 15.5216 ], [ 75.6866, 15.5229 ], [ 75.6652, 15.5404 ], [ 75.6547, 15.5725 ], [ 75.6407, 15.584 ], [ 75.6473, 15.6311 ], [ 75.6799, 15.591 ], [ 75.7006, 15.5914 ], [ 75.7017, 15.6045 ], [ 75.7146, 15.608 ], [ 75.7204, 15.6326 ], [ 75.7549, 15.6373 ], [ 75.785, 15.6677 ], [ 75.7923, 15.6619 ], [ 75.7938, 15.668 ] ] ], [ [ [ 75.8582, 15.6938 ], [ 75.8606, 15.6826 ], [ 75.8378, 15.6834 ], [ 75.8383, 15.6988 ], [ 75.8582, 15.6938 ] ] ] ] } },
{ "type": "Feature", "properties": { "area_id": "KGIS-H-080203", "name_en": "Holealura", "name_kn": "", "level": "panchayat", "parent_id": "KGIS-T-0802", "district_en": "Gadag", "lgd_code": null }, "geometry": { "type": "MultiPolygon", "coordinates": [ [ [ [ 75.637, 15.8417 ], [ 75.6552, 15.828 ], [ 75.6662, 15.8378 ], [ 75.6764, 15.8222 ], [ 75.6851, 15.8308 ], [ 75.6959, 15.8249 ], [ 75.6931, 15.8005 ], [ 75.7119, 15.8019 ], [ 75.7213, 15.768 ], [ 75.7099, 15.76 ], [ 75.7084, 15.7653 ], [ 75.6761, 15.7589 ], [ 75.6861, 15.7183 ], [ 75.6267, 15.7171 ], [ 75.6278, 15.6946 ], [ 75.6611, 15.6894 ], [ 75.6667, 15.6668 ], [ 75.6651, 15.6575 ], [ 75.652, 15.6524 ], [ 75.6413, 15.6079 ], [ 75.6415, 15.6252 ], [ 75.6299, 15.6261 ], [ 75.6278, 15.6403 ], [ 75.6218, 15.628 ], [ 75.5501, 15.6207 ], [ 75.5543, 15.6469 ], [ 75.5022, 15.6476 ], [ 75.489, 15.6998 ], [ 75.5056, 15.6998 ], [ 75.5108, 15.7105 ], [ 75.5221, 15.7119 ], [ 75.5424, 15.7789 ], [ 75.5302, 15.7834 ], [ 75.5348, 15.7979 ], [ 75.5447, 15.7994 ], [ 75.5462, 15.8238 ], [ 75.5554, 15.8239 ], [ 75.5638, 15.8373 ], [ 75.5767, 15.8243 ], [ 75.5861, 15.8347 ], [ 75.6186, 15.8214 ], [ 75.6207, 15.836 ], [ 75.6313, 15.8318 ], [ 75.637, 15.8417 ] ] ], [ [ [ 75.7069, 15.829 ], [ 75.715, 15.8274 ], [ 75.7215, 15.8148 ], [ 75.7057, 15.8175 ], [ 75.7069, 15.829 ] ] ] ] } },
{ "type": "Feature", "properties": { "area_id": "KGIS-H-080301", "name_en": "Gadaga", "name_kn": "", "level": "panchayat", "parent_id": "KGIS-T-0803", "district_en": "Gadag", "lgd_code": null }, "geometry": { "type": "Polygon", "coordinates": [ [ [ 75.617, 15.5028 ], [ 75.6075, 15.4973 ], [ 75.6089, 15.4828 ], [ 75.6259, 15.4841 ], [ 75.6353, 15.428 ], [ 75.6637, 15.4122 ], [ 75.6446, 15.3976 ], [ 75.6478, 15.3411 ], [ 75.6623, 15.2877 ], [ 75.6397, 15.2814 ], [ 75.6433, 15.2623 ], [ 75.6672, 15.2604 ], [ 75.6771, 15.2419 ], [ 75.6395, 15.2348 ], [ 75.6275, 15.2104 ], [ 75.5951, 15.2214 ], [ 75.5932, 15.2457 ], [ 75.5844, 15.2563 ], [ 75.5307, 15.2367 ], [ 75.4998, 15.2396 ], [ 75.4931, 15.2695 ], [ 75.4473, 15.2636 ], [ 75.4415, 15.301 ], [ 75.45, 15.3014 ], [ 75.4494, 15.3275 ], [ 75.4574, 15.3419 ], [ 75.4453, 15.3863 ], [ 75.4686, 15.3856 ], [ 75.4696, 15.397 ], [ 75.4822, 15.3929 ], [ 75.4814, 15.3786 ], [ 75.4929, 15.368 ], [ 75.4988, 15.4232 ], [ 75.5213, 15.417 ], [ 75.5198, 15.4405 ], [ 75.5318, 15.4389 ], [ 75.5331, 15.4884 ], [ 75.5877, 15.4904 ], [ 75.597, 15.5147 ], [ 75.6149, 15.512 ], [ 75.617, 15.5028 ] ] ] } },
{ "type": "Feature", "properties": { "area_id": "KGIS-H-080302", "name_en": "Betageri", "name_kn": "", "level": "panchayat", "parent_id": "KGIS-T-0803", "district_en": "Gadag", "lgd_code": null }, "geometry": { "type": "Polygon", "coordinates": [ [ [ 75.6278, 15.6403 ], [ 75.6299, 15.6261 ], [ 75.6415, 15.6252 ], [ 75.6407, 15.584 ], [ 75.6547, 15.5725 ], [ 75.6652, 15.5404 ], [ 75.6866, 15.5229 ], [ 75.7358, 15.5265 ], [ 75.7404, 15.5528 ], [ 75.7795, 15.554 ], [ 75.8, 15.5417 ], [ 75.8229, 15.499 ], [ 75.8092, 15.4878 ], [ 75.8125, 15.4673 ], [ 75.8184, 15.469 ], [ 75.8197, 15.4556 ], [ 75.8391, 15.4432 ], [ 75.8583, 15.4437 ], [ 75.8594, 15.4233 ], [ 75.8238, 15.425 ], [ 75.8102, 15.4215 ], [ 75.8092, 15.4141 ], [ 75.7605, 15.4062 ], [ 75.759, 15.3564 ], [ 75.6993, 15.3571 ], [ 75.6711, 15.3345 ], [ 75.6517, 15.3326 ], [ 75.6446, 15.3976 ], [ 75.6637, 15.4122 ], [ 75.6353, 15.428 ], [ 75.6259, 15.4841 ], [ 75.6089, 15.4828 ], [ 75.6149, 15.512 ], [ 75.597, 15.5147 ], [ 75.5877, 15.4904 ], [ 75.5331, 15.4884 ], [ 75.5318, 15.4389 ], [ 75.5198, 15.4405 ], [ 75.5213, 15.417 ], [ 75.4987, 15.4231 ], [ 75.4928, 15.4765 ], [ 75.4863, 15.4898 ], [ 75.471, 15.4931 ], [ 75.4736, 15.5197 ], [ 75.4826, 15.5318 ], [ 75.5294, 15.5379 ], [ 75.5282, 15.5666 ], [ 75.5495, 15.6206 ], [ 75.6218, 15.628 ], [ 75.6278, 15.6403 ] ] ] } },
{ "type": "Feature", "properties": { "area_id": "KGIS-H-080401", "name_en": "Shirahatti", "name_kn": "", "level": "panchayat", "parent_id": "KGIS-T-0804", "district_en": "Gadag", "lgd_code": null }, "geometry": { "type": "Polygon", "coordinates": [ [ [ 75.5811, 15.2563 ], [ 75.591, 15.2523 ], [ 75.5951, 15.2214 ], [ 75.6275, 15.2104 ], [ 75.6395, 15.2348 ], [ 75.6707, 15.2429 ], [ 75.6978, 15.2355 ], [ 75.726, 15.2462 ], [ 75.7342, 15.2088 ], [ 75.7236, 15.2176 ], [ 75.7114, 15.2142 ], [ 75.7153, 15.1679 ], [ 75.7041, 15.1661 ], [ 75.7156, 15.1374 ], [ 75.7471, 15.1126 ], [ 75.7391, 15.081 ], [ 75.7697, 15.0827 ], [ 75.7631, 15.0528 ], [ 75.7459, 15.0546 ], [ 75.7525, 14.9991 ], [ 75.7855, 15.0017 ], [ 75.7789, 14.977 ], [ 75.7412, 14.9447 ], [ 75.7012, 14.9469 ], [ 75.6888, 14.9752 ], [ 75.6666, 14.9874 ], [ 75.6322, 14.9915 ], [ 75.6189, 15.0064 ], [ 75.5934, 15.0156 ], [ 75.5845, 15.0562 ], [ 75.595, 15.0683 ], [ 75.609, 15.0626 ], [ 75.6091, 15.0784 ], [ 75.5952, 15.0911 ], [ 75.5959, 15.0976 ], [ 75.6055, 15.098 ], [ 75.6039, 15.1352 ], [ 75.5785, 15.1487 ], [ 75.5776, 15.173 ], [ 75.557, 15.1769 ], [ 75.5583, 15.1908 ], [ 75.5296, 15.1953 ], [ 75.5394, 15.2233 ], [ 75.5479, 15.2253 ], [ 75.5431, 15.244 ], [ 75.5811, 15.2563 ] ] ] } },
{ "type": "Feature", "properties": { "area_id": "KGIS-H-080402", "name_en": "Lakshmeshvara", "name_kn": "", "level": "panchayat", "parent_id": "KGIS-T-0804", "district_en": "Gadag", "lgd_code": null }, "geometry": { "type": "Polygon", "coordinates": [ [ [ 75.5007, 15.2388 ], [ 75.5397, 15.2375 ], [ 75.5463, 15.2286 ], [ 75.5296, 15.1953 ], [ 75.4479, 15.2114 ], [ 75.4436, 15.2223 ], [ 75.4498, 15.2363 ], [ 75.5087, 15.2213 ], [ 75.5007, 15.2388 ] ] ] } },
{ "type": "Feature", "properties": { "area_id": "KGIS-H-080501", "name_en": "Mundaragi", "name_kn": "", "level": "panchayat", "parent_id": "KGIS-T-0805", "district_en": "Gadag", "lgd_code": null }, "geometry": { "type": "Polygon", "coordinates": [ [ [ 75.9129, 15.2362 ], [ 75.9247, 15.1826 ], [ 75.9479, 15.1729 ], [ 75.9514, 15.1355 ], [ 75.9298, 15.1408 ], [ 75.9107, 15.1353 ], [ 75.8859, 15.1083 ], [ 75.8875, 15.0967 ], [ 75.9083, 15.0791 ], [ 75.9061, 15.0583 ], [ 75.8841, 15.0528 ], [ 75.8722, 15.0349 ], [ 75.8466, 15.0445 ], [ 75.8308, 15.0281 ], [ 75.8091, 15.0263 ], [ 75.7855, 15.0017 ], [ 75.7525, 14.9991 ], [ 75.7459, 15.0546 ], [ 75.7631, 15.0528 ], [ 75.7718, 15.0724 ], [ 75.7697, 15.0827 ], [ 75.7391, 15.081 ], [ 75.7471, 15.1126 ], [ 75.7365, 15.1244 ], [ 75.8004, 15.1508 ], [ 75.7894, 15.1621 ], [ 75.8208, 15.1847 ], [ 75.8443, 15.1906 ], [ 75.8444, 15.211 ], [ 75.8565, 15.2117 ], [ 75.856, 15.2189 ], [ 75.8702, 15.2185 ], [ 75.883, 15.2347 ], [ 75.9129, 15.2362 ] ] ] } },
{ "type": "Feature", "properties": { "area_id": "KGIS-H-080502", "name_en": "Dambala", "name_kn": "", "level": "panchayat", "parent_id": "KGIS-T-0805", "district_en": "Gadag", "lgd_code": null }, "geometry": { "type": "Polygon", "coordinates": [ [ [ 75.8238, 15.425 ], [ 75.8648, 15.423 ], [ 75.8654, 15.408 ], [ 75.904, 15.4028 ], [ 75.903, 15.3538 ], [ 75.8881, 15.353 ], [ 75.893, 15.319 ], [ 75.8876, 15.2974 ], [ 75.9037, 15.2375 ], [ 75.883, 15.2347 ], [ 75.8702, 15.2185 ], [ 75.8444, 15.211 ], [ 75.8443, 15.1906 ], [ 75.8208, 15.1847 ], [ 75.7894, 15.1621 ], [ 75.8004, 15.1508 ], [ 75.7365, 15.1244 ], [ 75.7156, 15.1374 ], [ 75.7041, 15.1661 ], [ 75.7153, 15.1679 ], [ 75.7114, 15.2142 ], [ 75.7236, 15.2176 ], [ 75.7342, 15.2088 ], [ 75.726, 15.2462 ], [ 75.6808, 15.2359 ], [ 75.6672, 15.2604 ], [ 75.6436, 15.261 ], [ 75.6397, 15.2814 ], [ 75.6623, 15.2866 ], [ 75.652, 15.3326 ], [ 75.6711, 15.3345 ], [ 75.6993, 15.3571 ], [ 75.759, 15.3564 ], [ 75.7605, 15.4062 ], [ 75.8092, 15.4141 ], [ 75.8102, 15.4215 ], [ 75.8238, 15.425 ] ] ] } },
{ "type": "Feature", "properties": { "area_id": "KGIS-H-080601", "name_en": "Rona", "name_kn": "", "level": "panchayat", "parent_id": "KGIS-T-0806", "district_en": "Gadag", "lgd_code": null }, "geometry": { "type": "Polygon", "coordinates": [ [ [ 75.7765, 15.8477 ], [ 75.8201, 15.8513 ], [ 75.8255, 15.8384 ], [ 75.8489, 15.838 ], [ 75.8889, 15.8173 ], [ 75.8866, 15.7962 ], [ 75.8668, 15.7862 ], [ 75.8656, 15.763 ], [ 75.9013, 15.7647 ], [ 75.8927, 15.7391 ], [ 75.8821, 15.7369 ], [ 75.8873, 15.7175 ], [ 75.8702, 15.715 ], [ 75.8708, 15.684 ], [ 75.8606, 15.6826 ], [ 75.8602, 15.6939 ], [ 75.8383, 15.6988 ], [ 75.8347, 15.6867 ], [ 75.8423, 15.7593 ], [ 75.8201, 15.7591 ], [ 75.8217, 15.7751 ], [ 75.8079, 15.7799 ], [ 75.8142, 15.7944 ], [ 75.803, 15.7972 ], [ 75.8018, 15.8082 ], [ 75.8192, 15.8203 ], [ 75.8129, 15.8257 ], [ 75.7777, 15.8212 ], [ 75.7765, 15.8477 ] ] ] } },
{ "type": "Feature", "properties": { "area_id": "KGIS-H-080602", "name_en": "Naregalla", "name_kn": "", "level": "panchayat", "parent_id": "KGIS-T-0806", "district_en": "Gadag", "lgd_code": null }, "geometry": { "type": "MultiPolygon", "coordinates": [ [ [ [ 75.8378, 15.6851 ], [ 75.8708, 15.684 ], [ 75.8706, 15.6733 ], [ 75.8852, 15.6713 ], [ 75.886, 15.6339 ], [ 75.8945, 15.6322 ], [ 75.8982, 15.6095 ], [ 75.8829, 15.5957 ], [ 75.8664, 15.5955 ], [ 75.8599, 15.5137 ], [ 75.8235, 15.5074 ], [ 75.8, 15.5417 ], [ 75.7796, 15.5486 ], [ 75.777, 15.596 ], [ 75.8309, 15.6058 ], [ 75.8352, 15.6341 ], [ 75.8295, 15.6572 ], [ 75.7999, 15.6688 ], [ 75.8019, 15.6753 ], [ 75.8378, 15.6851 ] ] ], [ [ [ 75.8888, 15.8172 ], [ 75.9614, 15.7848 ], [ 75.9639, 15.7951 ], [ 75.9885, 15.8016 ], [ 75.9934, 15.7811 ], [ 76.0099, 15.7841 ], [ 76.0391, 15.7711 ], [ 76.0347, 15.7551 ], [ 76.043, 15.7201 ], [ 76.0225, 15.7092 ], [ 76.0048, 15.7157 ], [ 75.9837, 15.6935 ], [ 75.9824, 15.6668 ], [ 75.9944, 15.6789 ], [ 76.0156, 15.6798 ], [ 76.0109, 15.6622 ], [ 75.9672, 15.6647 ], [ 75.9672, 15.6793 ], [ 75.9436, 15.6773 ], [ 75.9395, 15.6938 ], [ 75.9149, 15.6981 ], [ 75.9207, 15.726 ], [ 75.8974, 15.7506 ], [ 75.9013, 15.7647 ], [ 75.8656, 15.763 ], [ 75.8668, 15.7862 ], [ 75.8866, 15.7962 ], [ 75.8888, 15.8172 ] ] ] ] } },
{ "type": "Feature", "properties": { "area_id": "KGIS-H-080702", "name_en": "Lakshmeshvara", "name_kn": "", "level": "panchayat", "parent_id": "KGIS-T-0807", "district_en": "Gadag", "lgd_code": null }, "geometry": { "type": "MultiPolygon", "coordinates": [ [ [ [ 75.4336, 15.2097 ], [ 75.5583, 15.1908 ], [ 75.557, 15.1769 ], [ 75.5776, 15.173 ], [ 75.5785, 15.1487 ], [ 75.6039, 15.1352 ], [ 75.6055, 15.098 ], [ 75.5959, 15.0976 ], [ 75.5952, 15.0911 ], [ 75.6091, 15.0784 ], [ 75.609, 15.0626 ], [ 75.595, 15.0683 ], [ 75.5845, 15.0562 ], [ 75.5934, 15.0156 ], [ 75.6321, 14.9948 ], [ 75.6296, 14.9839 ], [ 75.6096, 14.9735 ], [ 75.6112, 14.9579 ], [ 75.5896, 14.9585 ], [ 75.5836, 14.9686 ], [ 75.5641, 14.9721 ], [ 75.5652, 14.9795 ], [ 75.5413, 14.9783 ], [ 75.5424, 15.015 ], [ 75.5333, 15.0346 ], [ 75.5205, 15.033 ], [ 75.4947, 15.0464 ], [ 75.4608, 15.0438 ], [ 75.4489, 15.0604 ], [ 75.4168, 15.0613 ], [ 75.4166, 15.0849 ], [ 75.434, 15.108 ], [ 75.4119, 15.1621 ], [ 75.3955, 15.1652 ], [ 75.3983, 15.2008 ], [ 75.4327, 15.1988 ], [ 75.4336, 15.2097 ] ] ], [ [ [ 75.4123, 15.3002 ], [ 75.4417, 15.3017 ], [ 75.4473, 15.2636 ], [ 75.4931, 15.2695 ], [ 75.5087, 15.2213 ], [ 75.4498, 15.2363 ], [ 75.4479, 15.2229 ], [ 75.4228, 15.2263 ], [ 75.416, 15.2342 ], [ 75.4165, 15.2623 ], [ 75.4023, 15.2605 ], [ 75.4021, 15.2732 ], [ 75.4163, 15.2747 ], [ 75.4061, 15.2841 ], [ 75.4123, 15.3002 ] ] ] ] } },
{ "type": "Feature", "properties": { "area_id": "KGIS-H-090101", "name_en": "Garaga", "name_kn": "", "level": "panchayat", "parent_id": "KGIS-T-0901", "district_en": "Dharwad", "lgd_code": null }, "geometry": { "type": "Polygon", "coordinates": [ [ [ 74.9787, 15.6483 ], [ 74.9979, 15.612 ], [ 74.99, 15.6096 ], [ 74.9898, 15.5824 ], [ 75.0151, 15.5782 ], [ 75.0195, 15.5565 ], [ 75.0229, 15.5356 ], [ 75.0102, 15.5325 ], [ 75.0163, 15.5112 ], [ 75.0038, 15.5097 ], [ 75.0034, 15.4991 ], [ 74.9637, 15.4916 ], [ 74.9472, 15.522 ], [ 74.9366, 15.5233 ], [ 74.9003, 15.4932 ], [ 74.8761, 15.4855 ], [ 74.8722, 15.5099 ], [ 74.8813, 15.5154 ], [ 74.8752, 15.5323 ], [ 74.862, 15.5155 ], [ 74.8512, 15.5145 ], [ 74.8383, 15.5402 ], [ 74.8113, 15.5207 ], [ 74.7972, 15.5476 ], [ 74.8409, 15.5746 ], [ 74.83, 15.5901 ], [ 74.8303, 15.6101 ], [ 74.878, 15.6171 ], [ 74.892, 15.6307 ], [ 74.9327, 15.6226 ], [ 74.9652, 15.6264 ], [ 74.9669, 15.6531 ], [ 74.9787, 15.6483 ] ] ] } },
{ "type": "Feature", "properties": { "area_id": "KGIS-H-090102", "name_en": "Dharavada", "name_kn": "", "level": "panchayat", "parent_id": "KGIS-T-0901", "district_en": "Dharwad", "lgd_code": null }, "geometry": { "type": "Polygon", "coordinates": [ [ [ 74.8383, 15.5402 ], [ 74.8512, 15.5145 ], [ 74.862, 15.5155 ], [ 74.8752, 15.5323 ], [ 74.8813, 15.5154 ], [ 74.8722, 15.5099 ], [ 74.8761, 15.4855 ], [ 74.9003, 15.4932 ], [ 74.9366, 15.5233 ], [ 74.9472, 15.522 ], [ 74.9595, 15.4937 ], [ 74.9728, 15.4884 ], [ 74.9787, 15.496 ], [ 75.0034, 15.4991 ], [ 75.0038, 15.5097 ], [ 75.0245, 15.5121 ], [ 75.0272, 15.4992 ], [ 75.0543, 15.4963 ], [ 75.0559, 15.4549 ], [ 75.0818, 15.463 ], [ 75.0881, 15.4458 ], [ 75.1005, 15.4462 ], [ 75.102, 15.4321 ], [ 75.0764, 15.4322 ], [ 75.0733, 15.4005 ], [ 75.0419, 15.4013 ], [ 75.0434, 15.372 ], [ 74.9553, 15.3478 ], [ 74.946, 15.3385 ], [ 74.9424, 15.3504 ], [ 74.9314, 15.3498 ], [ 74.9309, 15.326 ], [ 74.912, 15.3387 ], [ 74.8874, 15.3336 ], [ 74.892, 15.3178 ], [ 74.8775, 15.317 ], [ 74.8548, 15.3405 ], [ 74.8321, 15.3365 ], [ 74.819, 15.3708 ], [ 74.8306, 15.3735 ], [ 74.8203, 15.3849 ], [ 74.8385, 15.398 ], [ 74.8324, 15.4235 ], [ 74.8402, 15.4266 ], [ 74.8458, 15.4175 ], [ 74.8549, 15.4219 ], [ 74.8598, 15.433 ], [ 74.8498, 15.4481 ], [ 74.865, 15.4599 ], [ 74.8609, 15.474 ], [ 74.8393, 15.4676 ], [ 74.8404, 15.4916 ], [ 74.8144, 15.4786 ], [ 74.802, 15.5015 ], [ 74.8144, 15.504 ], [ 74.8113, 15.5207 ], [ 74.8214, 15.5341 ], [ 74.8383, 15.5402 ] ] ] } },
{ "type": "Feature", "properties": { "area_id": "KGIS-H-090103", "name_en": "Amminabavi", "name_kn": "", "level": "panchayat", "parent_id": "KGIS-T-0901", "district_en": "Dharwad", "lgd_code": null }, "geometry": { "type": "Polygon", "coordinates": [ [ [ 75.0596, 15.683 ], [ 75.0557, 15.6326 ], [ 75.0898, 15.612 ], [ 75.0848, 15.5758 ], [ 75.1077, 15.5714 ], [ 75.1176, 15.543 ], [ 75.1754, 15.5467 ], [ 75.1785, 15.5219 ], [ 75.2266, 15.5285 ], [ 75.2266, 15.5036 ], [ 75.1829, 15.4905 ], [ 75.1784, 15.4617 ], [ 75.1583, 15.454 ], [ 75.1419, 15.4224 ], [ 75.102, 15.4321 ], [ 75.1005, 15.4462 ], [ 75.0881, 15.4458 ], [ 75.0818, 15.463 ], [ 75.0559, 15.4549 ], [ 75.0543, 15.4963 ], [ 75.0272, 15.4992 ], [ 75.0245, 15.5121 ], [ 75.0163, 15.5112 ], [ 75.0102, 15.5325 ], [ 75.0229, 15.5356 ], [ 75.0151, 15.5782 ], [ 74.9898, 15.5824 ], [ 74.99, 15.6096 ], [ 74.9979, 15.612 ], [ 74.9787, 15.6483 ], [ 75.0194, 15.6448 ], [ 75.0275, 15.652 ], [ 75.0285, 15.6701 ], [ 75.0469, 15.6704 ], [ 75.0498, 15.6828 ], [ 75.0596, 15.683 ] ] ] } },
{ "type": "Feature", "properties": { "area_id": "KGIS-H-090201", "name_en": "Moraba", "name_kn": "", "level": "panchayat", "parent_id": "KGIS-T-0902", "district_en": "Dharwad", "lgd_code": null }, "geometry": { "type": "Polygon", "coordinates": [ [ [ 75.4874, 15.7033 ], [ 75.5022, 15.6476 ], [ 75.5543, 15.6469 ], [ 75.549, 15.613 ], [ 75.5404, 15.6013 ], [ 75.5269, 15.608 ], [ 75.5269, 15.6222 ], [ 75.5091, 15.6255 ], [ 75.5086, 15.6374 ], [ 75.4941, 15.6368 ], [ 75.4864, 15.6 ], [ 75.4631, 15.5993 ], [ 75.4685, 15.5726 ], [ 75.4373, 15.5673 ], [ 75.4392, 15.5448 ], [ 75.3983, 15.5475 ], [ 75.39, 15.5089 ], [ 75.3723, 15.5056 ], [ 75.37, 15.4852 ], [ 75.2513, 15.4809 ], [ 75.2524, 15.5022 ], [ 75.2266, 15.5036 ], [ 75.2266, 15.5285 ], [ 75.1785, 15.5219 ], [ 75.1754, 15.5467 ], [ 75.1176, 15.543 ], [ 75.1077, 15.5714 ], [ 75.0848, 15.5758 ], [ 75.1072, 15.6722 ], [ 75.1402, 15.6584 ], [ 75.1715, 15.6604 ], [ 75.1869, 15.6493 ], [ 75.2023, 15.6492 ], [ 75.2034, 15.6814 ], [ 75.2361, 15.6793 ], [ 75.2488, 15.6471 ], [ 75.2732, 15.6481 ], [ 75.2773, 15.689 ], [ 75.295, 15.6918 ], [ 75.3366, 15.674 ], [ 75.336, 15.6479 ], [ 75.3599, 15.6457 ], [ 75.3626, 15.669 ], [ 75.4115, 15.6555 ], [ 75.4235, 15.6684 ], [ 75.4453, 15.673 ], [ 75.4465, 15.681 ], [ 75.4697, 15.6835 ], [ 75.4688, 15.7016 ], [ 75.4874, 15.7033 ] ] ] } },
{ "type": "Feature", "properties": { "area_id": "KGIS-H-090301", "name_en": "Hubballi", "name_kn": "", "level": "panchayat", "parent_id": "KGIS-T-0903", "district_en": "Dharwad", "lgd_code": null }, "geometry": { "type": "MultiPolygon", "coordinates": [ [ [ [ 75.1312, 15.3195 ], [ 75.13, 15.3081 ], [ 75.1069, 15.3016 ], [ 75.1098, 15.3176 ], [ 75.1312, 15.3195 ] ] ], [ [ [ 75.0589, 15.3456 ], [ 75.0608, 15.3324 ], [ 75.0263, 15.3276 ], [ 75.02, 15.3365 ], [ 75.0492, 15.3495 ], [ 75.0589, 15.3456 ] ] ] ] } },
{ "type": "Feature", "properties": { "area_id": "KGIS-H-090302", "name_en": "Chabbi", "name_kn": "", "level": "panchayat", "parent_id": "KGIS-T-0903", "district_en": "Dharwad", "lgd_code": null }, "geometry": { "type": "Polygon", "coordinates": [ [ [ 75.0882, 15.3549 ], [ 75.1046, 15.3339 ], [ 75.0983, 15.3196 ], [ 75.1074, 15.314 ], [ 75.1069, 15.3016 ], [ 75.1326, 15.3112 ], [ 75.1372, 15.3027 ], [ 75.1649, 15.3103 ], [ 75.1625, 15.3203 ], [ 75.1394, 15.3198 ], [ 75.1403, 15.3308 ], [ 75.1464, 15.3245 ], [ 75.1819, 15.3258 ], [ 75.2043, 15.269 ], [ 75.1972, 15.2424 ], [ 75.1746, 15.2362 ], [ 75.1794, 15.2121 ], [ 75.1678, 15.1957 ], [ 75.1688, 15.1747 ], [ 75.141, 15.1685 ], [ 75.1373, 15.158 ], [ 75.1149, 15.1814 ], [ 75.1168, 15.1941 ], [ 75.0948, 15.2141 ], [ 75.066, 15.2123 ], [ 75.0629, 15.2304 ], [ 75.0761, 15.2406 ], [ 75.0677, 15.2803 ], [ 75.0553, 15.3063 ], [ 75.0458, 15.3019 ], [ 75.0263, 15.3276 ], [ 75.0719, 15.3307 ], [ 75.0882, 15.3549 ] ] ] } },
{ "type": "Feature", "properties": { "area_id": "KGIS-H-090303", "name_en": "Shiraguppi", "name_kn": "", "level": "panchayat", "parent_id": "KGIS-T-0903", "district_en": "Dharwad", "lgd_code": null }, "geometry": { "type": "MultiPolygon", "coordinates": [ [ [ [ 75.3646, 15.3601 ], [ 75.4545, 15.3603 ], [ 75.45, 15.3014 ], [ 75.3897, 15.2989 ], [ 75.3859, 15.324 ], [ 75.3544, 15.3231 ], [ 75.3463, 15.3502 ], [ 75.3646, 15.3601 ] ] ], [ [ [ 75.1829, 15.4905 ], [ 75.2524, 15.5022 ], [ 75.2513, 15.4809 ], [ 75.3269, 15.4789 ], [ 75.3215, 15.4465 ], [ 75.3064, 15.4443 ], [ 75.305, 15.4274 ], [ 75.3183, 15.4242 ], [ 75.3266, 15.4111 ], [ 75.3391, 15.3507 ], [ 75.2798, 15.3357 ], [ 75.2777, 15.3238 ], [ 75.2309, 15.3209 ], [ 75.2074, 15.3114 ], [ 75.194, 15.296 ], [ 75.1805, 15.3312 ], [ 75.2014, 15.3354 ], [ 75.208, 15.3472 ], [ 75.2236, 15.3478 ], [ 75.2191, 15.3642 ], [ 75.1903, 15.3669 ], [ 75.1795, 15.4171 ], [ 75.1607, 15.4141 ], [ 75.1431, 15.421 ], [ 75.1431, 15.4341 ], [ 75.1584, 15.454 ], [ 75.1784, 15.4617 ], [ 75.1829, 15.4905 ] ] ] ] } },
{ "type": "Feature", "properties": { "area_id": "KGIS-H-090401", "name_en": "Kalaghatagi", "name_kn": "", "level": "panchayat", "parent_id": "KGIS-T-0904", "district_en": "Dharwad", "lgd_code": null }, "geometry": { "type": "MultiPolygon", "coordinates": [ [ [ [ 74.9104, 15.2508 ], [ 74.9178, 15.2255 ], [ 74.9549, 15.2263 ], [ 74.9592, 15.2128 ], [ 74.9674, 15.2186 ], [ 74.9622, 15.209 ], [ 74.9694, 15.206 ], [ 75.0107, 15.2151 ], [ 75.018, 15.2244 ], [ 75.0282, 15.1981 ], [ 75.0069, 15.1729 ], [ 74.986, 15.1614 ], [ 74.993, 15.1442 ], [ 74.9785, 15.1355 ], [ 74.9774, 15.1138 ], [ 74.9495, 15.1004 ], [ 74.9561, 15.0947 ], [ 74.9517, 15.0858 ], [ 74.9507, 15.0677 ], [ 74.9541, 15.067 ], [ 74.9563, 15.0659 ], [ 74.9574, 15.0643 ], [ 74.9583, 15.0666 ], [ 74.9633, 15.0696 ], [ 74.9644, 15.0687 ], [ 74.9665, 15.0703 ], [ 74.9738, 15.0706 ], [ 74.9748, 15.0705 ], [ 74.9749, 15.0702 ], [ 74.9573, 15.0641 ], [ 74.9403, 15.0666 ], [ 74.9401, 15.0519 ], [ 74.9163, 15.0387 ], [ 74.9079, 15.0497 ], [ 74.8917, 15.0446 ], [ 74.8874, 15.0664 ], [ 74.8774, 15.0738 ], [ 74.8903, 15.0993 ], [ 74.8584, 15.1042 ], [ 74.8518, 15.1213 ], [ 74.829, 15.1397 ], [ 74.8501, 15.1711 ], [ 74.8775, 15.193 ], [ 74.8724, 15.2162 ], [ 74.9104, 15.2508 ] ] ], [ [ [ 74.9453, 15.2972 ], [ 74.9294, 15.2827 ], [ 74.9066, 15.2782 ], [ 74.9008, 15.2923 ], [ 74.9265, 15.2978 ], [ 74.9381, 15.316 ], [ 74.9453, 15.2972 ] ] ] ] } },
{ "type": "Feature", "properties": { "area_id": "KGIS-H-090402", "name_en": "Tabakadahonnihalli", "name_kn": "", "level": "panchayat", "parent_id": "KGIS-T-0904", "district_en": "Dharwad", "lgd_code": null }, "geometry": { "type": "Polygon", "coordinates": [ [ [ 75.0635, 15.2306 ], [ 75.066, 15.2123 ], [ 75.0948, 15.2141 ], [ 75.1168, 15.1941 ], [ 75.1149, 15.1814 ], [ 75.1265, 15.1753 ], [ 75.1254, 15.1654 ], [ 75.1371, 15.161 ], [ 75.1304, 15.1448 ], [ 75.1048, 15.1407 ], [ 75.1135, 15.1173 ], [ 75.078, 15.1104 ], [ 75.0818, 15.0747 ], [ 75.0709, 15.0704 ], [ 75.0554, 15.0727 ], [ 75.0533, 15.0824 ], [ 75.0129, 15.0681 ], [ 74.9918, 15.0736 ], [ 74.9507, 15.0677 ], [ 74.9561, 15.0947 ], [ 74.9495, 15.1004 ], [ 74.9774, 15.1138 ], [ 74.9785, 15.1355 ], [ 74.993, 15.1442 ], [ 74.986, 15.1614 ], [ 75.0069, 15.1729 ], [ 75.0635, 15.2306 ] ] ] } },
{ "type": "Feature", "properties": { "area_id": "KGIS-H-090403", "name_en": "Dhummavada", "name_kn": "", "level": "panchayat", "parent_id": "KGIS-T-0904", "district_en": "Dharwad", "lgd_code": null }, "geometry": { "type": "Polygon", "coordinates": [ [ [ 75.0138, 15.3597 ], [ 75.0302, 15.3189 ], [ 75.0458, 15.3019 ], [ 75.0553, 15.3063 ], [ 75.0761, 15.2406 ], [ 75.0275, 15.1988 ], [ 75.018, 15.2244 ], [ 75.0107, 15.2151 ], [ 74.9694, 15.206 ], [ 74.9622, 15.209 ], [ 74.9674, 15.2186 ], [ 74.9592, 15.2128 ], [ 74.9549, 15.2263 ], [ 74.9178, 15.2255 ], [ 74.9061, 15.278 ], [ 74.945, 15.2904 ], [ 74.9463, 15.3086 ], [ 74.9381, 15.316 ], [ 74.9265, 15.2978 ], [ 74.906, 15.2928 ], [ 74.8893, 15.3046 ], [ 74.875, 15.3002 ], [ 74.8756, 15.316 ], [ 74.892, 15.3178 ], [ 74.8874, 15.3336 ], [ 74.912, 15.3387 ], [ 74.9271, 15.324 ], [ 74.9314, 15.3498 ], [ 74.9424, 15.3504 ], [ 74.946, 15.3385 ], [ 74.9823, 15.3564 ], [ 75.0138, 15.3597 ] ] ] } },
{ "type": "Feature", "properties": { "area_id": "KGIS-H-090501", "name_en": "Kundagola", "name_kn": "", "level": "panchayat", "parent_id": "KGIS-T-0905", "district_en": "Dharwad", "lgd_code": null }, "geometry": { "type": "Polygon", "coordinates": [ [ [ 75.277, 15.3213 ], [ 75.2789, 15.2937 ], [ 75.2709, 15.294 ], [ 75.2706, 15.2752 ], [ 75.2857, 15.273 ], [ 75.2818, 15.2669 ], [ 75.2803, 15.262 ], [ 75.281, 15.2616 ], [ 75.3248, 15.2564 ], [ 75.3322, 15.2441 ], [ 75.2814, 15.2251 ], [ 75.2853, 15.1896 ], [ 75.2968, 15.1748 ], [ 75.3088, 15.1755 ], [ 75.3127, 15.1633 ], [ 75.3059, 15.1383 ], [ 75.2867, 15.1368 ], [ 75.2883, 15.1293 ], [ 75.2587, 15.1176 ], [ 75.2577, 15.0984 ], [ 75.2387, 15.1094 ], [ 75.2256, 15.1071 ], [ 75.2251, 15.1002 ], [ 75.1579, 15.102 ], [ 75.1584, 15.1105 ], [ 75.1392, 15.1024 ], [ 75.1372, 15.1294 ], [ 75.1529, 15.1456 ], [ 75.141, 15.1685 ], [ 75.1662, 15.1706 ], [ 75.168, 15.1963 ], [ 75.1794, 15.2121 ], [ 75.1746, 15.2362 ], [ 75.1972, 15.2424 ], [ 75.2045, 15.2636 ], [ 75.1966, 15.3005 ], [ 75.2309, 15.3209 ], [ 75.277, 15.3213 ] ] ] } },
{ "type": "Feature", "properties": { "area_id": "KGIS-H-090502", "name_en": "Sanshi", "name_kn": "", "level": "panchayat", "parent_id": "KGIS-T-0905", "district_en": "Dharwad", "lgd_code": null }, "geometry": { "type": "Polygon", "coordinates": [ [ [ 75.3457, 15.3509 ], [ 75.3544, 15.3231 ], [ 75.3859, 15.324 ], [ 75.3897, 15.2989 ], [ 75.4119, 15.2975 ], [ 75.4064, 15.2781 ], [ 75.4168, 15.2756 ], [ 75.4021, 15.2732 ], [ 75.4023, 15.2605 ], [ 75.4165, 15.2623 ], [ 75.416, 15.2342 ], [ 75.4228, 15.2263 ], [ 75.4404, 15.2273 ], [ 75.4493, 15.208 ], [ 75.4336, 15.2097 ], [ 75.4327, 15.1988 ], [ 75.3983, 15.2008 ], [ 75.3955, 15.1652 ], [ 75.4119, 15.1621 ], [ 75.434, 15.108 ], [ 75.4166, 15.0849 ], [ 75.4166, 15.0591 ], [ 75.3748, 15.0503 ], [ 75.3352, 15.0772 ], [ 75.3504, 15.1017 ], [ 75.3369, 15.1116 ], [ 75.3358, 15.1612 ], [ 75.3142, 15.155 ], [ 75.3088, 15.1755 ], [ 75.2966, 15.175 ], [ 75.2824, 15.2 ], [ 75.2814, 15.2251 ], [ 75.3312, 15.2471 ], [ 75.3248, 15.2564 ], [ 75.281, 15.2616 ], [ 75.2857, 15.273 ], [ 75.2706, 15.2752 ], [ 75.2709, 15.294 ], [ 75.2789, 15.2937 ], [ 75.2798, 15.3357 ], [ 75.3457, 15.3509 ] ] ] } },
{ "type": "Feature", "properties": { "area_id": "KGIS-H-090601", "name_en": "Hubballi", "name_kn": "", "level": "panchayat", "parent_id": "KGIS-T-0906", "district_en": "Dharwad", "lgd_code": null }, "geometry": { "type": "Polygon", "coordinates": [ [ [ 75.0957, 15.4349 ], [ 75.1607, 15.4141 ], [ 75.1795, 15.4171 ], [ 75.1864, 15.3724 ], [ 75.2191, 15.3642 ], [ 75.2236, 15.3478 ], [ 75.208, 15.3472 ], [ 75.2096, 15.3414 ], [ 75.1805, 15.3312 ], [ 75.1819, 15.3258 ], [ 75.1464, 15.3245 ], [ 75.1403, 15.3308 ], [ 75.1394, 15.3198 ], [ 75.1625, 15.3203 ], [ 75.1649, 15.3103 ], [ 75.1372, 15.3027 ], [ 75.1308, 15.3226 ], [ 75.1074, 15.314 ], [ 75.0985, 15.3189 ], [ 75.1059, 15.3349 ], [ 75.1258, 15.3336 ], [ 75.124, 15.3508 ], [ 75.0882, 15.3549 ], [ 75.07, 15.3301 ], [ 75.0608, 15.3324 ], [ 75.0584, 15.3478 ], [ 75.0492, 15.3495 ], [ 75.0201, 15.3369 ], [ 75.0134, 15.364 ], [ 75.0434, 15.372 ], [ 75.0419, 15.4013 ], [ 75.0733, 15.4005 ], [ 75.0764, 15.4322 ], [ 75.0957, 15.4349 ] ] ] } },
{ "type": "Feature", "properties": { "area_id": "KGIS-H-090602", "name_en": "Chabbi", "name_kn": "", "level": "panchayat", "parent_id": "KGIS-T-0906", "district_en": "Dharwad", "lgd_code": null }, "geometry": { "type": "Polygon", "coordinates": [ [ [ 75.0993, 15.3515 ], [ 75.124, 15.3508 ], [ 75.1258, 15.3336 ], [ 75.1029, 15.334 ], [ 75.0993, 15.3515 ] ] ] } },
{ "type": "Feature", "properties": { "area_id": "KGIS-H-090704", "name_en": "Alnavara", "name_kn": "", "level": "panchayat", "parent_id": "KGIS-T-0907", "district_en": "Dharwad", "lgd_code": null }, "geometry": { "type": "Polygon", "coordinates": [ [ [ 74.8032, 15.4973 ], [ 74.8144, 15.4786 ], [ 74.8404, 15.4916 ], [ 74.8393, 15.4676 ], [ 74.8609, 15.474 ], [ 74.865, 15.4599 ], [ 74.8498, 15.4481 ], [ 74.8598, 15.433 ], [ 74.8549, 15.4219 ], [ 74.8458, 15.4175 ], [ 74.8402, 15.4266 ], [ 74.8324, 15.4235 ], [ 74.8385, 15.398 ], [ 74.7953, 15.3777 ], [ 74.7816, 15.3942 ], [ 74.7655, 15.3983 ], [ 74.7681, 15.4174 ], [ 74.7409, 15.4115 ], [ 74.7304, 15.4269 ], [ 74.7439, 15.4631 ], [ 74.7321, 15.4693 ], [ 74.7267, 15.488 ], [ 74.7482, 15.4954 ], [ 74.7602, 15.4708 ], [ 74.7783, 15.4585 ], [ 74.7852, 15.4847 ], [ 74.8032, 15.4973 ] ] ] } },
{ "type": "Feature", "properties": { "area_id": "KGIS-H-090802", "name_en": "Annigeri", "name_kn": "", "level": "panchayat", "parent_id": "KGIS-T-0908", "district_en": "Dharwad", "lgd_code": null }, "geometry": { "type": "Polygon", "coordinates": [ [ [ 75.4993, 15.6379 ], [ 75.5086, 15.6374 ], [ 75.5091, 15.6255 ], [ 75.5269, 15.6222 ], [ 75.5269, 15.608 ], [ 75.5421, 15.6013 ], [ 75.5282, 15.5666 ], [ 75.5294, 15.5379 ], [ 75.4826, 15.5318 ], [ 75.4736, 15.5197 ], [ 75.471, 15.4931 ], [ 75.4869, 15.4893 ], [ 75.4947, 15.4702 ], [ 75.4931, 15.3683 ], [ 75.4814, 15.3786 ], [ 75.4822, 15.3929 ], [ 75.4696, 15.397 ], [ 75.4686, 15.3856 ], [ 75.4453, 15.3863 ], [ 75.4486, 15.359 ], [ 75.3655, 15.3602 ], [ 75.3391, 15.3507 ], [ 75.3268, 15.4105 ], [ 75.3183, 15.4242 ], [ 75.305, 15.4274 ], [ 75.3064, 15.4443 ], [ 75.3214, 15.4463 ], [ 75.3321, 15.4837 ], [ 75.37, 15.4852 ], [ 75.3723, 15.5056 ], [ 75.39, 15.5089 ], [ 75.3983, 15.5475 ], [ 75.4392, 15.5448 ], [ 75.4373, 15.5673 ], [ 75.4685, 15.5726 ], [ 75.4631, 15.5993 ], [ 75.4864, 15.6 ], [ 75.4993, 15.6379 ] ] ] } },
{ "type": "Feature", "properties": { "area_id": "KGIS-H-100101", "name_en": "Bada", "name_kn": "", "level": "panchayat", "parent_id": "KGIS-T-1001", "district_en": "Uttara Kannada", "lgd_code": null }, "geometry": { "type": "MultiPolygon", "coordinates": [ [ [ [ 74.1353, 14.8384 ], [ 74.1352, 14.8387 ], [ 74.1354, 14.8387 ], [ 74.1353, 14.8384 ] ] ], [ [ [ 74.1329, 14.8398 ], [ 74.1331, 14.8423 ], [ 74.1336, 14.8399 ], [ 74.1329, 14.8398 ] ] ], [ [ [ 74.1368, 14.8402 ], [ 74.1381, 14.8423 ], [ 74.1383, 14.8405 ], [ 74.1368, 14.8402 ] ] ], [ [ [ 74.1323, 14.8431 ], [ 74.133, 14.8426 ], [ 74.1324, 14.8425 ], [ 74.1323, 14.8431 ] ] ], [ [ [ 74.1352, 14.843 ], [ 74.1356, 14.8444 ], [ 74.1359, 14.8431 ], [ 74.1352, 14.843 ] ] ], [ [ [ 74.1383, 14.8443 ], [ 74.1385, 14.844 ], [ 74.1383, 14.844 ], [ 74.1383, 14.8443 ] ] ], [ [ [ 74.2562, 14.7454 ], [ 74.2541, 14.7446 ], [ 74.2543, 14.7458 ], [ 74.2562, 14.7454 ] ] ], [ [ [ 74.1391, 14.7631 ], [ 74.1432, 14.7583 ], [ 74.1384, 14.7609 ], [ 74.1391, 14.7631 ] ] ], [ [ [ 74.1505, 14.8487 ], [ 74.1714, 14.841 ], [ 74.1584, 14.8076 ], [ 74.1494, 14.8033 ], [ 74.1593, 14.7888 ], [ 74.212, 14.797 ], [ 74.2096, 14.8079 ], [ 74.2254, 14.8121 ], [ 74.2376, 14.8049 ], [ 74.2383, 14.7917 ], [ 74.2627, 14.7778 ], [ 74.2627, 14.7613 ], [ 74.2516, 14.7446 ], [ 74.2266, 14.7463 ], [ 74.2241, 14.7345 ], [ 74.1934, 14.7264 ], [ 74.1897, 14.7401 ], [ 74.1729, 14.7545 ], [ 74.1508, 14.7471 ], [ 74.1578, 14.76 ], [ 74.143, 14.78 ], [ 74.1215, 14.7794 ], [ 74.1154, 14.7897 ], [ 74.1086, 14.7844 ], [ 74.0938, 14.8075 ], [ 74.1206, 14.8014 ], [ 74.1278, 14.8133 ], [ 74.1238, 14.8416 ], [ 74.1377, 14.8365 ], [ 74.1505, 14.8487 ] ] ], [ [ [ 74.1423, 14.8446 ], [ 74.1427, 14.8453 ], [ 74.1428, 14.8448 ], [ 74.1423, 14.8446 ] ] ], [ [ [ 74.1421, 14.8449 ], [ 74.1422, 14.8452 ], [ 74.1422, 14.8449 ], [ 74.1421, 14.8449 ] ] ] ] } },
{ "type": "Feature", "properties": { "area_id": "KGIS-H-100102", "name_en": "Ghadasayi", "name_kn": "", "level": "panchayat", "parent_id": "KGIS-T-1001", "district_en": "Uttara Kannada", "lgd_code": null }, "geometry": { "type": "Polygon", "coordinates": [ [ [ 74.3158, 15.0211 ], [ 74.3085, 15.0206 ], [ 74.3131, 14.9933 ], [ 74.3273, 14.991 ], [ 74.3382, 14.9672 ], [ 74.3348, 14.9598 ], [ 74.3452, 14.9486 ], [ 74.365, 14.9454 ], [ 74.3693, 14.9254 ], [ 74.3875, 14.9254 ], [ 74.3992, 14.9051 ], [ 74.4061, 14.9196 ], [ 74.4226, 14.9083 ], [ 74.4211, 14.9221 ], [ 74.4408, 14.9595 ], [ 74.4559, 14.9365 ], [ 74.4676, 14.8926 ], [ 74.4816, 14.8967 ], [ 74.4976, 14.9182 ], [ 74.5275, 14.9217 ], [ 74.5249, 14.8963 ], [ 74.5045, 14.8809 ], [ 74.5116, 14.8607 ], [ 74.4917, 14.8493 ], [ 74.4828, 14.8294 ], [ 74.4527, 14.8004 ], [ 74.3932, 14.8353 ], [ 74.3612, 14.8399 ], [ 74.3297, 14.8665 ], [ 74.2756, 14.8771 ], [ 74.2662, 14.8622 ], [ 74.2312, 14.8755 ], [ 74.2014, 14.8771 ], [ 74.1792, 14.8673 ], [ 74.1822, 14.8785 ], [ 74.2369, 14.9128 ], [ 74.2196, 14.9472 ], [ 74.2306, 14.9498 ], [ 74.2379, 14.966 ], [ 74.2525, 14.9597 ], [ 74.2665, 14.9781 ], [ 74.2558, 14.9952 ], [ 74.2701, 14.9983 ], [ 74.2819, 15.0306 ], [ 74.3028, 15.0503 ], [ 74.3215, 15.0407 ], [ 74.3158, 15.0211 ] ] ] } },
{ "type": "Feature", "properties": { "area_id": "KGIS-H-100103", "name_en": "Kinnara", "name_kn": "", "level": "panchayat", "parent_id": "KGIS-T-1001", "district_en": "Uttara Kannada", "lgd_code": null }, "geometry": { "type": "Polygon", "coordinates": [ [ [ 74.2073, 14.8758 ], [ 74.2468, 14.8722 ], [ 74.2662, 14.8622 ], [ 74.2756, 14.8771 ], [ 74.3297, 14.8665 ], [ 74.3459, 14.8486 ], [ 74.3273, 14.8202 ], [ 74.3328, 14.8082 ], [ 74.3081, 14.805 ], [ 74.2924, 14.7846 ], [ 74.2678, 14.7776 ], [ 74.2383, 14.7917 ], [ 74.2376, 14.8049 ], [ 74.2254, 14.8121 ], [ 74.2096, 14.8079 ], [ 74.212, 14.797 ], [ 74.1593, 14.7888 ], [ 74.1494, 14.8033 ], [ 74.1584, 14.8076 ], [ 74.1714, 14.841 ], [ 74.1578, 14.847 ], [ 74.1792, 14.8673 ], [ 74.2073, 14.8758 ] ] ] } },
{ "type": "Feature", "properties": { "area_id": "KGIS-H-100104", "name_en": "Savantavada", "name_kn": "", "level": "panchayat", "parent_id": "KGIS-T-1001", "district_en": "Uttara Kannada", "lgd_code": null }, "geometry": { "type": "MultiPolygon", "coordinates": [ [ [ [ 74.109, 14.8453 ], [ 74.1131, 14.8423 ], [ 74.1073, 14.8435 ], [ 74.109, 14.8453 ] ] ], [ [ [ 74.1154, 14.8436 ], [ 74.1143, 14.845 ], [ 74.1146, 14.8452 ], [ 74.1154, 14.8436 ] ] ], [ [ [ 74.1017, 14.8763 ], [ 74.1019, 14.8783 ], [ 74.1021, 14.8781 ], [ 74.1017, 14.8763 ] ] ], [ [ [ 74.1754, 14.9592 ], [ 74.1939, 14.9443 ], [ 74.2016, 14.9256 ], [ 74.2149, 14.9497 ], [ 74.2196, 14.9473 ], [ 74.2369, 14.9128 ], [ 74.1822, 14.8785 ], [ 74.1576, 14.8431 ], [ 74.1505, 14.8487 ], [ 74.1377, 14.8365 ], [ 74.1157, 14.8444 ], [ 74.1008, 14.8912 ], [ 74.0854, 14.8999 ], [ 74.1248, 14.9252 ], [ 74.1605, 14.9131 ], [ 74.1651, 14.9197 ], [ 74.1549, 14.9461 ], [ 74.1597, 14.9564 ], [ 74.1754, 14.9592 ] ], [ [ 74.1422, 14.8452 ], [ 74.1428, 14.8448 ], [ 74.1427, 14.8453 ], [ 74.1422, 14.8452 ] ], [ [ 74.1422, 14.8452 ], [ 74.1421, 14.8449 ], [ 74.1422, 14.8449 ], [ 74.1422, 14.8452 ] ], [ [ 74.1352, 14.843 ], [ 74.1356, 14.8444 ], [ 74.135, 14.8443 ], [ 74.1352, 14.843 ] ], [ [ 74.1383, 14.844 ], [ 74.1385, 14.8443 ], [ 74.1383, 14.8443 ], [ 74.1383, 14.844 ] ], [ [ 74.1323, 14.8431 ], [ 74.133, 14.8426 ], [ 74.133, 14.8431 ], [ 74.1323, 14.8431 ] ], [ [ 74.1331, 14.8423 ], [ 74.1329, 14.8398 ], [ 74.1336, 14.8399 ], [ 74.1331, 14.8423 ] ], [ [ 74.1368, 14.8402 ], [ 74.1381, 14.8423 ], [ 74.1367, 14.8419 ], [ 74.1368, 14.8402 ] ], [ [ 74.1352, 14.8385 ], [ 74.1353, 14.8384 ], [ 74.1354, 14.8387 ], [ 74.1352, 14.8385 ] ] ], [ [ [ 74.1584, 14.9191 ], [ 74.1595, 14.9218 ], [ 74.1599, 14.9215 ], [ 74.1584, 14.9191 ] ] ] ] } },
{ "type": "Feature", "properties": { "area_id": "KGIS-H-100201", "name_en": "Supa", "name_kn": "", "level": "panchayat", "parent_id": "KGIS-T-1002", "district_en": "Uttara Kannada", "lgd_code": null }, "geometry": { "type": "MultiPolygon", "coordinates": [ [ [ [ 74.5385, 15.4159 ], [ 74.5676, 15.4034 ], [ 74.6138, 15.3593 ], [ 74.6009, 15.3251 ], [ 74.5721, 15.3175 ], [ 74.5645, 15.3077 ], [ 74.5762, 15.2936 ], [ 74.6048, 15.2936 ], [ 74.5958, 15.2567 ], [ 74.6152, 15.2564 ], [ 74.6258, 15.2019 ], [ 74.6236, 15.1648 ], [ 74.6404, 15.0869 ], [ 74.6168, 15.0653 ], [ 74.5804, 15.0805 ], [ 74.5712, 15.0942 ], [ 74.5799, 15.0979 ], [ 74.5269, 15.1534 ], [ 74.5425, 15.1585 ], [ 74.5233, 15.1808 ], [ 74.5016, 15.1785 ], [ 74.4923, 15.1881 ], [ 74.4646, 15.1704 ], [ 74.4485, 15.1848 ], [ 74.4428, 15.1659 ], [ 74.4337, 15.1686 ], [ 74.4234, 15.1566 ], [ 74.3798, 15.1769 ], [ 74.3776, 15.2291 ], [ 74.3847, 15.2354 ], [ 74.3824, 15.2638 ], [ 74.3926, 15.2795 ], [ 74.4225, 15.2781 ], [ 74.4258, 15.2917 ], [ 74.4387, 15.2866 ], [ 74.4507, 15.2993 ], [ 74.4368, 15.3099 ], [ 74.4497, 15.349 ], [ 74.476, 15.3319 ], [ 74.487, 15.3449 ], [ 74.5026, 15.3473 ], [ 74.495, 15.3834 ], [ 74.4844, 15.3975 ], [ 74.5165, 15.402 ], [ 74.5385, 15.4159 ] ] ], [ [ [ 74.427, 15.3197 ], [ 74.4175, 15.2943 ], [ 74.3988, 15.3104 ], [ 74.4178, 15.3242 ], [ 74.427, 15.3197 ] ] ] ] } },
{ "type": "Feature", "properties": { "area_id": "KGIS-H-100202", "name_en": "Kumbaravada", "name_kn": "", "level": "panchayat", "parent_id": "KGIS-T-1002", "district_en": "Uttara Kannada", "lgd_code": null }, "geometry": { "type": "Polygon", "coordinates": [ [ [ 74.3767, 15.2151 ], [ 74.3798, 15.1769 ], [ 74.4201, 15.1566 ], [ 74.4337, 15.1686 ], [ 74.4428, 15.1659 ], [ 74.4485, 15.1848 ], [ 74.4646, 15.1704 ], [ 74.4923, 15.1881 ], [ 74.5016, 15.1785 ], [ 74.5288, 15.1775 ], [ 74.5425, 15.1585 ], [ 74.5269, 15.1534 ], [ 74.5799, 15.0979 ], [ 74.5712, 15.0942 ], [ 74.5804, 15.0805 ], [ 74.598, 15.0769 ], [ 74.6062, 15.0651 ], [ 74.602, 15.0292 ], [ 74.5808, 15.0149 ], [ 74.5829, 15.0012 ], [ 74.5669, 14.9778 ], [ 74.5634, 14.9466 ], [ 74.5454, 14.942 ], [ 74.5334, 14.9195 ], [ 74.5172, 14.9246 ], [ 74.4976, 14.9182 ], [ 74.4766, 14.8942 ], [ 74.4676, 14.8926 ], [ 74.4559, 14.9365 ], [ 74.4408, 14.9595 ], [ 74.4211, 14.9221 ], [ 74.4226, 14.9083 ], [ 74.4061, 14.9196 ], [ 74.3992, 14.9051 ], [ 74.3875, 14.9254 ], [ 74.3693, 14.9254 ], [ 74.365, 14.9454 ], [ 74.3452, 14.9486 ], [ 74.3348, 14.9598 ], [ 74.3382, 14.9672 ], [ 74.3273, 14.991 ], [ 74.3131, 14.9933 ], [ 74.3085, 15.0206 ], [ 74.3186, 15.0248 ], [ 74.3215, 15.0407 ], [ 74.3048, 15.0503 ], [ 74.2947, 15.0448 ], [ 74.291, 15.0667 ], [ 74.2808, 15.0685 ], [ 74.2727, 15.0979 ], [ 74.2826, 15.1067 ], [ 74.2859, 15.1497 ], [ 74.2956, 15.151 ], [ 74.3146, 15.1803 ], [ 74.31, 15.2057 ], [ 74.3372, 15.2065 ], [ 74.3542, 15.2194 ], [ 74.3545, 15.2469 ], [ 74.3609, 15.2567 ], [ 74.3824, 15.2638 ], [ 74.3847, 15.2354 ], [ 74.3767, 15.2151 ] ] ] } },
{ "type": "Feature", "properties": { "area_id": "KGIS-H-100203", "name_en": "Kyasalarak", "name_kn": "", "level": "panchayat", "parent_id": "KGIS-T-1002", "district_en": "Uttara Kannada", "lgd_code": null }, "geometry": { "type": "Polygon", "coordinates": [ [ [ 74.2781, 15.5215 ], [ 74.3417, 15.5182 ], [ 74.3736, 15.4796 ], [ 74.3864, 15.4836 ], [ 74.4179, 15.4694 ], [ 74.4322, 15.3971 ], [ 74.452, 15.408 ], [ 74.4457, 15.4196 ], [ 74.4604, 15.4206 ], [ 74.4629, 15.4331 ], [ 74.4777, 15.4289 ], [ 74.4918, 15.4438 ], [ 74.4913, 15.4354 ], [ 74.5096, 15.4276 ], [ 74.5097, 15.4033 ], [ 74.4833, 15.3959 ], [ 74.495, 15.3834 ], [ 74.5026, 15.3473 ], [ 74.487, 15.3449 ], [ 74.476, 15.3319 ], [ 74.4497, 15.349 ], [ 74.4368, 15.3099 ], [ 74.4503, 15.2987 ], [ 74.4387, 15.2866 ], [ 74.4258, 15.2917 ], [ 74.4225, 15.2781 ], [ 74.3926, 15.2795 ], [ 74.3799, 15.2617 ], [ 74.3609, 15.2567 ], [ 74.3524, 15.2435 ], [ 74.3542, 15.2194 ], [ 74.3372, 15.2065 ], [ 74.31, 15.2057 ], [ 74.2914, 15.2341 ], [ 74.2597, 15.2412 ], [ 74.2506, 15.2594 ], [ 74.2612, 15.2609 ], [ 74.272, 15.2817 ], [ 74.2946, 15.2893 ], [ 74.3264, 15.284 ], [ 74.3362, 15.2956 ], [ 74.3169, 15.3298 ], [ 74.322, 15.3435 ], [ 74.314, 15.3604 ], [ 74.3213, 15.3685 ], [ 74.2787, 15.3928 ], [ 74.2708, 15.4185 ], [ 74.2749, 15.4484 ], [ 74.249, 15.4916 ], [ 74.2781, 15.5215 ] ], [ [ 74.4154, 15.322 ], [ 74.3988, 15.3104 ], [ 74.4175, 15.2943 ], [ 74.427, 15.3197 ], [ 74.4154, 15.322 ] ] ] } },
{ "type": "Feature", "properties": { "area_id": "KGIS-H-100301", "name_en": "Sambrani", "name_kn": "", "level": "panchayat", "parent_id": "KGIS-T-1003", "district_en": "Uttara Kannada", "lgd_code": null }, "geometry": { "type": "Polygon", "coordinates": [ [ [ 74.7496, 15.3194 ], [ 74.7512, 15.2901 ], [ 74.765, 15.2898 ], [ 74.7907, 15.2672 ], [ 74.8109, 15.2611 ], [ 74.8185, 15.2466 ], [ 74.7966, 15.2389 ], [ 74.8075, 15.2353 ], [ 74.8008, 15.2268 ], [ 74.8049, 15.2176 ], [ 74.8293, 15.2246 ], [ 74.846, 15.2157 ], [ 74.8646, 15.1843 ], [ 74.8274, 15.1352 ], [ 74.8187, 15.1535 ], [ 74.8258, 15.1874 ], [ 74.8116, 15.202 ], [ 74.7915, 15.1948 ], [ 74.7845, 15.2124 ], [ 74.7685, 15.1719 ], [ 74.7301, 15.1744 ], [ 74.698, 15.1944 ], [ 74.7013, 15.2076 ], [ 74.7147, 15.212 ], [ 74.7545, 15.1972 ], [ 74.7672, 15.2182 ], [ 74.7685, 15.2245 ], [ 74.7508, 15.213 ], [ 74.7355, 15.234 ], [ 74.6842, 15.2436 ], [ 74.697, 15.2551 ], [ 74.6974, 15.2697 ], [ 74.6886, 15.2702 ], [ 74.6989, 15.2797 ], [ 74.6969, 15.2988 ], [ 74.7131, 15.3111 ], [ 74.7241, 15.301 ], [ 74.7392, 15.3078 ], [ 74.7388, 15.3178 ], [ 74.7496, 15.3194 ] ], [ [ 74.7432, 15.274 ], [ 74.7162, 15.2786 ], [ 74.7259, 15.2581 ], [ 74.7387, 15.2622 ], [ 74.7432, 15.274 ] ] ] } },
{ "type": "Feature", "properties": { "area_id": "KGIS-H-100302", "name_en": "Haliyala", "name_kn": "", "level": "panchayat", "parent_id": "KGIS-T-1003", "district_en": "Uttara Kannada", "lgd_code": null }, "geometry": { "type": "Polygon", "coordinates": [ [ [ 74.6664, 15.3675 ], [ 74.6986, 15.4098 ], [ 74.7319, 15.408 ], [ 74.7668, 15.4178 ], [ 74.7655, 15.3983 ], [ 74.7816, 15.3942 ], [ 74.7923, 15.3788 ], [ 74.8202, 15.3852 ], [ 74.8306, 15.3735 ], [ 74.819, 15.3708 ], [ 74.8252, 15.3492 ], [ 74.7823, 15.3433 ], [ 74.791, 15.3194 ], [ 74.7687, 15.3206 ], [ 74.7606, 15.2898 ], [ 74.7518, 15.2899 ], [ 74.7458, 15.3026 ], [ 74.751, 15.3239 ], [ 74.7423, 15.3251 ], [ 74.7327, 15.3516 ], [ 74.718, 15.3566 ], [ 74.6987, 15.3515 ], [ 74.6981, 15.3443 ], [ 74.6755, 15.3444 ], [ 74.6664, 15.3675 ] ], [ [ 74.747, 15.3451 ], [ 74.7454, 15.3368 ], [ 74.7555, 15.3389 ], [ 74.7541, 15.3439 ], [ 74.747, 15.3451 ] ] ] } },
{ "type": "Feature", "properties": { "area_id": "KGIS-H-100303", "name_en": "Dandeli", "name_kn": "", "level": "panchayat", "parent_id": "KGIS-T-1003", "district_en": "Uttara Kannada", "lgd_code": null }, "geometry": { "type": "MultiPolygon", "coordinates": [ [ [ [ 74.6385, 15.1134 ], [ 74.6294, 15.1391 ], [ 74.6676, 15.1496 ], [ 74.6908, 15.1395 ], [ 74.6385, 15.1134 ] ] ], [ [ [ 74.7901, 15.1961 ], [ 74.8116, 15.202 ], [ 74.8258, 15.1874 ], [ 74.8187, 15.1535 ], [ 74.793, 15.1463 ], [ 74.7933, 15.132 ], [ 74.7817, 15.132 ], [ 74.7846, 15.1169 ], [ 74.7744, 15.1002 ], [ 74.754, 15.1029 ], [ 74.7412, 15.085 ], [ 74.727, 15.0979 ], [ 74.7297, 15.113 ], [ 74.7169, 15.1489 ], [ 74.7565, 15.1581 ], [ 74.7593, 15.1748 ], [ 74.7685, 15.1719 ], [ 74.7788, 15.1882 ], [ 74.7845, 15.2124 ], [ 74.7901, 15.1961 ] ] ], [ [ [ 74.6948, 15.19 ], [ 74.6649, 15.1859 ], [ 74.6718, 15.1968 ], [ 74.7008, 15.2028 ], [ 74.6948, 15.19 ] ] ], [ [ [ 74.6837, 15.2432 ], [ 74.7355, 15.234 ], [ 74.7508, 15.213 ], [ 74.7676, 15.2196 ], [ 74.7545, 15.1972 ], [ 74.7271, 15.2032 ], [ 74.7241, 15.2108 ], [ 74.688, 15.2224 ], [ 74.6837, 15.2432 ] ] ], [ [ [ 74.7427, 15.2741 ], [ 74.7387, 15.2622 ], [ 74.7259, 15.2581 ], [ 74.7162, 15.2786 ], [ 74.7301, 15.2815 ], [ 74.7427, 15.2741 ] ] ], [ [ [ 74.7243, 15.3563 ], [ 74.739, 15.3429 ], [ 74.7423, 15.3251 ], [ 74.751, 15.3239 ], [ 74.7388, 15.3178 ], [ 74.738, 15.3067 ], [ 74.7241, 15.301 ], [ 74.7087, 15.3132 ], [ 74.71, 15.32 ], [ 74.669, 15.3158 ], [ 74.6578, 15.3256 ], [ 74.654, 15.3407 ], [ 74.6981, 15.3443 ], [ 74.6987, 15.3515 ], [ 74.7243, 15.3563 ] ] ], [ [ [ 74.7454, 15.3368 ], [ 74.7541, 15.3439 ], [ 74.7555, 15.3389 ], [ 74.7454, 15.3368 ] ] ] ] } },
{ "type": "Feature", "properties": { "area_id": "KGIS-H-100304", "name_en": "Murkavada", "name_kn": "", "level": "panchayat", "parent_id": "KGIS-T-1003", "district_en": "Uttara Kannada", "lgd_code": null }, "geometry": { "type": "Polygon", "coordinates": [ [ [ 74.825, 15.3484 ], [ 74.8356, 15.3347 ], [ 74.8548, 15.3405 ], [ 74.8775, 15.317 ], [ 74.875, 15.3002 ], [ 74.8971, 15.3013 ], [ 74.9062, 15.2799 ], [ 74.9102, 15.2518 ], [ 74.8724, 15.2162 ], [ 74.8775, 15.193 ], [ 74.8649, 15.1845 ], [ 74.846, 15.2157 ], [ 74.8293, 15.2246 ], [ 74.8049, 15.2176 ], [ 74.8008, 15.2268 ], [ 74.8075, 15.2353 ], [ 74.7966, 15.2389 ], [ 74.8185, 15.2466 ], [ 74.8109, 15.2611 ], [ 74.7606, 15.2898 ], [ 74.7687, 15.3206 ], [ 74.791, 15.3194 ], [ 74.7823, 15.3433 ], [ 74.825, 15.3484 ] ] ] } },
{ "type": "Feature", "properties": { "area_id": "KGIS-H-100401", "name_en": "Yallapura", "name_kn": "", "level": "panchayat", "parent_id": "KGIS-T-1004", "district_en": "Uttara Kannada", "lgd_code": null }, "geometry": { "type": "Polygon", "coordinates": [ [ [ 74.7007, 15.1045 ], [ 74.7176, 15.0808 ], [ 74.7331, 15.0897 ], [ 74.7432, 15.0846 ], [ 74.7534, 15.096 ], [ 74.7643, 15.0482 ], [ 74.7579, 15.0173 ], [ 74.7684, 15.0239 ], [ 74.7866, 15.0092 ], [ 74.7935, 15.0122 ], [ 74.788, 14.9868 ], [ 74.7958, 14.9684 ], [ 74.8049, 14.9724 ], [ 74.8135, 14.9623 ], [ 74.8124, 14.9376 ], [ 74.7998, 14.9347 ], [ 74.7862, 14.9659 ], [ 74.7776, 14.9689 ], [ 74.7338, 14.9332 ], [ 74.7189, 14.9393 ], [ 74.7217, 14.9488 ], [ 74.7061, 14.952 ], [ 74.7107, 14.9345 ], [ 74.6912, 14.9159 ], [ 74.6846, 14.9282 ], [ 74.6786, 14.924 ], [ 74.6675, 14.8939 ], [ 74.677, 14.8764 ], [ 74.6752, 14.852 ], [ 74.7055, 14.8512 ], [ 74.7065, 14.8337 ], [ 74.667, 14.8295 ], [ 74.6393, 14.836 ], [ 74.6074, 14.7999 ], [ 74.5998, 14.8306 ], [ 74.5743, 14.87 ], [ 74.5649, 14.8722 ], [ 74.5551, 14.8609 ], [ 74.5761, 14.8244 ], [ 74.5689, 14.7942 ], [ 74.5523, 14.7985 ], [ 74.5417, 14.793 ], [ 74.5411, 14.7785 ], [ 74.5145, 14.7684 ], [ 74.4967, 14.7902 ], [ 74.4782, 14.7737 ], [ 74.4701, 14.7539 ], [ 74.4223, 14.7605 ], [ 74.4198, 14.7766 ], [ 74.4573, 14.7917 ], [ 74.4526, 14.8004 ], [ 74.4828, 14.8294 ], [ 74.4917, 14.8493 ], [ 74.5116, 14.8607 ], [ 74.5045, 14.8809 ], [ 74.5249, 14.8963 ], [ 74.5269, 14.9211 ], [ 74.5379, 14.9225 ], [ 74.5459, 14.9423 ], [ 74.565, 14.949 ], [ 74.5669, 14.9778 ], [ 74.5829, 15.0012 ], [ 74.5808, 15.0149 ], [ 74.602, 15.0292 ], [ 74.604, 15.0632 ], [ 74.62, 15.0661 ], [ 74.6377, 15.0837 ], [ 74.6474, 15.078 ], [ 74.6746, 15.0981 ], [ 74.683, 15.0929 ], [ 74.7007, 15.1045 ] ] ] } },
{ "type": "Feature", "properties": { "area_id": "KGIS-H-100402", "name_en": "Manchikeri", "name_kn": "", "level": "panchayat", "parent_id": "KGIS-T-1004", "district_en": "Uttara Kannada", "lgd_code": null }, "geometry": { "type": "Polygon", "coordinates": [ [ [ 74.684, 14.9277 ], [ 74.6902, 14.9156 ], [ 74.7107, 14.9345 ], [ 74.7061, 14.952 ], [ 74.7217, 14.9488 ], [ 74.7189, 14.9393 ], [ 74.7366, 14.934 ], [ 74.7776, 14.9689 ], [ 74.7862, 14.9659 ], [ 74.7998, 14.9347 ], [ 74.8124, 14.9376 ], [ 74.8135, 14.9623 ], [ 74.8049, 14.9724 ], [ 74.7958, 14.9684 ], [ 74.788, 14.9868 ], [ 74.7935, 15.0122 ], [ 74.7866, 15.0092 ], [ 74.7684, 15.0239 ], [ 74.7579, 15.0173 ], [ 74.7643, 15.0482 ], [ 74.7527, 15.0998 ], [ 74.774, 15.0998 ], [ 74.7846, 15.1169 ], [ 74.7817, 15.132 ], [ 74.7933, 15.132 ], [ 74.793, 15.1463 ], [ 74.8204, 15.1528 ], [ 74.8196, 15.1402 ], [ 74.8518, 15.1213 ], [ 74.8584, 15.1042 ], [ 74.8926, 15.0966 ], [ 74.8774, 15.0738 ], [ 74.8874, 15.0664 ], [ 74.8917, 15.0446 ], [ 74.906, 15.0499 ], [ 74.9101, 15.0432 ], [ 74.9091, 15.0341 ], [ 74.8897, 15.0248 ], [ 74.8859, 15.0005 ], [ 74.8708, 14.985 ], [ 74.8656, 14.9658 ], [ 74.8836, 14.9603 ], [ 74.8923, 14.9356 ], [ 74.935, 14.9096 ], [ 74.9137, 14.9017 ], [ 74.9234, 14.863 ], [ 74.9053, 14.8358 ], [ 74.9044, 14.8247 ], [ 74.9441, 14.8352 ], [ 74.9267, 14.8028 ], [ 74.9079, 14.8101 ], [ 74.9179, 14.7664 ], [ 74.8939, 14.7683 ], [ 74.8836, 14.7598 ], [ 74.8873, 14.7483 ], [ 74.8791, 14.7394 ], [ 74.8534, 14.7329 ], [ 74.847, 14.7324 ], [ 74.8464, 14.7479 ], [ 74.8307, 14.7394 ], [ 74.8175, 14.7457 ], [ 74.8139, 14.7377 ], [ 74.8063, 14.7505 ], [ 74.7846, 14.7521 ], [ 74.7717, 14.7757 ], [ 74.7596, 14.7756 ], [ 74.7495, 14.8291 ], [ 74.7339, 14.8383 ], [ 74.7065, 14.8339 ], [ 74.7022, 14.8524 ], [ 74.6752, 14.852 ], [ 74.677, 14.8764 ], [ 74.6676, 14.9 ], [ 74.684, 14.9277 ] ] ] } },
{ "type": "Feature", "properties": { "area_id": "KGIS-H-100501", "name_en": "Mundagoda", "name_kn": "", "level": "panchayat", "parent_id": "KGIS-T-1005", "district_en": "Uttara Kannada", "lgd_code": null }, "geometry": { "type": "Polygon", "coordinates": [ [ [ 75.054, 15.0807 ], [ 75.0583, 15.0713 ], [ 75.0825, 15.0746 ], [ 75.0681, 15.0147 ], [ 75.0845, 14.9566 ], [ 75.1002, 14.9553 ], [ 75.095, 14.9508 ], [ 75.1023, 14.9276 ], [ 75.0671, 14.9191 ], [ 75.0695, 14.8883 ], [ 75.0477, 14.8895 ], [ 75.0359, 14.8784 ], [ 75.012, 14.8822 ], [ 75.0062, 14.8914 ], [ 75.0114, 14.9021 ], [ 74.9996, 14.9049 ], [ 74.9876, 14.8935 ], [ 74.9587, 14.8924 ], [ 74.9579, 14.8764 ], [ 74.9171, 14.8752 ], [ 74.9137, 14.9017 ], [ 74.935, 14.9096 ], [ 74.8923, 14.9356 ], [ 74.8836, 14.9603 ], [ 74.8656, 14.9658 ], [ 74.8708, 14.985 ], [ 74.8859, 15.0005 ], [ 74.8897, 15.0248 ], [ 74.9401, 15.0519 ], [ 74.9403, 15.0666 ], [ 74.9918, 15.0736 ], [ 75.0129, 15.0681 ], [ 75.054, 15.0807 ] ] ] } },
{ "type": "Feature", "properties": { "area_id": "KGIS-H-100502", "name_en": "Pala", "name_kn": "", "level": "panchayat", "parent_id": "KGIS-T-1005", "district_en": "Uttara Kannada", "lgd_code": null }, "geometry": { "type": "Polygon", "coordinates": [ [ [ 75.0093, 14.8979 ], [ 75.012, 14.8822 ], [ 75.0331, 14.8782 ], [ 75.0477, 14.8895 ], [ 75.0702, 14.8883 ], [ 75.0741, 14.8561 ], [ 75.0677, 14.8368 ], [ 75.0905, 14.8202 ], [ 75.0917, 14.8111 ], [ 75.0553, 14.8146 ], [ 75.056, 14.8051 ], [ 75.0688, 14.798 ], [ 75.0708, 14.7824 ], [ 75.0406, 14.7741 ], [ 75.0477, 14.7441 ], [ 75.0371, 14.7385 ], [ 75.0384, 14.7277 ], [ 75.0065, 14.7192 ], [ 74.9942, 14.6951 ], [ 74.9674, 14.7033 ], [ 74.9779, 14.7272 ], [ 74.9619, 14.7287 ], [ 74.9515, 14.7405 ], [ 74.9355, 14.7374 ], [ 74.9198, 14.7487 ], [ 74.8877, 14.7479 ], [ 74.8835, 14.7596 ], [ 74.8939, 14.7683 ], [ 74.9179, 14.7664 ], [ 74.9079, 14.8101 ], [ 74.9267, 14.8028 ], [ 74.9441, 14.8336 ], [ 74.9422, 14.8398 ], [ 74.9044, 14.8247 ], [ 74.9134, 14.8562 ], [ 74.9234, 14.863 ], [ 74.9171, 14.8752 ], [ 74.9579, 14.8764 ], [ 74.9587, 14.8924 ], [ 74.9876, 14.8935 ], [ 74.9996, 14.9049 ], [ 75.0093, 14.8979 ] ] ] } },
{ "type": "Feature", "properties": { "area_id": "KGIS-H-100601", "name_en": "Shirasi", "name_kn": "", "level": "panchayat", "parent_id": "KGIS-T-1006", "district_en": "Uttara Kannada", "lgd_code": null }, "geometry": { "type": "Polygon", "coordinates": [ [ [ 74.8691, 14.709 ], [ 74.8844, 14.7157 ], [ 74.8912, 14.7024 ], [ 74.8839, 14.6902 ], [ 74.9, 14.6892 ], [ 74.9344, 14.6617 ], [ 74.9298, 14.6459 ], [ 74.9125, 14.6437 ], [ 74.9187, 14.6334 ], [ 74.9121, 14.6055 ], [ 74.893, 14.6063 ], [ 74.8894, 14.5945 ], [ 74.8776, 14.5946 ], [ 74.8925, 14.572 ], [ 74.886, 14.5639 ], [ 74.8917, 14.5441 ], [ 74.885, 14.5546 ], [ 74.8709, 14.5579 ], [ 74.8477, 14.5459 ], [ 74.8622, 14.5349 ], [ 74.821, 14.5222 ], [ 74.8121, 14.531 ], [ 74.8112, 14.5224 ], [ 74.8019, 14.5199 ], [ 74.8117, 14.5319 ], [ 74.8035, 14.5386 ], [ 74.8132, 14.5491 ], [ 74.7846, 14.5753 ], [ 74.8028, 14.5942 ], [ 74.7984, 14.611 ], [ 74.7831, 14.6105 ], [ 74.7818, 14.6263 ], [ 74.7722, 14.6354 ], [ 74.7784, 14.6422 ], [ 74.799, 14.6336 ], [ 74.8049, 14.6223 ], [ 74.8337, 14.6254 ], [ 74.8432, 14.6347 ], [ 74.838, 14.6465 ], [ 74.8465, 14.6535 ], [ 74.8456, 14.6654 ], [ 74.8699, 14.6624 ], [ 74.8783, 14.6906 ], [ 74.8512, 14.7025 ], [ 74.8663, 14.7206 ], [ 74.8691, 14.709 ] ] ] } },
{ "type": "Feature", "properties": { "area_id": "KGIS-H-100602", "name_en": "Banavasi", "name_kn": "", "level": "panchayat", "parent_id": "KGIS-T-1006", "district_en": "Uttara Kannada", "lgd_code": null }, "geometry": { "type": "Polygon", "coordinates": [ [ [ 74.8843, 14.7502 ], [ 74.9198, 14.7487 ], [ 74.9355, 14.7374 ], [ 74.9515, 14.7405 ], [ 74.9619, 14.7287 ], [ 74.9779, 14.7272 ], [ 74.9674, 14.7033 ], [ 74.9776, 14.698 ], [ 74.9942, 14.6951 ], [ 75.0065, 14.7192 ], [ 75.0329, 14.71 ], [ 75.0313, 14.6651 ], [ 75.0525, 14.6486 ], [ 75.0241, 14.6078 ], [ 75.0279, 14.5847 ], [ 75.0207, 14.5713 ], [ 75.0444, 14.5458 ], [ 75.0607, 14.5445 ], [ 75.0377, 14.5287 ], [ 75.0408, 14.5001 ], [ 75.0195, 14.4971 ], [ 74.9897, 14.4722 ], [ 74.9846, 14.4883 ], [ 74.9928, 14.4952 ], [ 74.9724, 14.5197 ], [ 74.9804, 14.5256 ], [ 74.9784, 14.5493 ], [ 74.9557, 14.5547 ], [ 74.9377, 14.5187 ], [ 74.9284, 14.5285 ], [ 74.8898, 14.5364 ], [ 74.886, 14.5639 ], [ 74.8925, 14.572 ], [ 74.8776, 14.5946 ], [ 74.8894, 14.5945 ], [ 74.893, 14.6063 ], [ 74.9121, 14.6055 ], [ 74.9187, 14.6334 ], [ 74.9125, 14.6437 ], [ 74.9298, 14.6459 ], [ 74.9344, 14.6617 ], [ 74.9, 14.6892 ], [ 74.8839, 14.6902 ], [ 74.8912, 14.7024 ], [ 74.8844, 14.7157 ], [ 74.871, 14.7063 ], [ 74.8663, 14.7206 ], [ 74.8555, 14.7105 ], [ 74.8535, 14.7344 ], [ 74.8791, 14.7394 ], [ 74.8843, 14.7502 ] ] ] } },
{ "type": "Feature", "properties": { "area_id": "KGIS-H-100603", "name_en": "Sampakhanda", "name_kn": "", "level": "panchayat", "parent_id": "KGIS-T-1006", "district_en": "Uttara Kannada", "lgd_code": null }, "geometry": { "type": "Polygon", "coordinates": [ [ [ 74.5786, 14.6533 ], [ 74.5791, 14.6883 ], [ 74.6022, 14.6939 ], [ 74.6327, 14.689 ], [ 74.6348, 14.6694 ], [ 74.6533, 14.6457 ], [ 74.6718, 14.6489 ], [ 74.6734, 14.6334 ], [ 74.6851, 14.6254 ], [ 74.7076, 14.6427 ], [ 74.7133, 14.6293 ], [ 74.7324, 14.6361 ], [ 74.7375, 14.6157 ], [ 74.7499, 14.6158 ], [ 74.7502, 14.6331 ], [ 74.7722, 14.6354 ], [ 74.7818, 14.6263 ], [ 74.7831, 14.6105 ], [ 74.7984, 14.611 ], [ 74.8028, 14.5937 ], [ 74.7846, 14.5753 ], [ 74.8132, 14.5491 ], [ 74.8032, 14.5378 ], [ 74.8117, 14.5319 ], [ 74.789, 14.5184 ], [ 74.7782, 14.5258 ], [ 74.7731, 14.518 ], [ 74.7521, 14.5204 ], [ 74.7435, 14.5045 ], [ 74.7327, 14.5078 ], [ 74.7311, 14.5164 ], [ 74.7109, 14.5055 ], [ 74.6941, 14.5155 ], [ 74.6712, 14.5039 ], [ 74.6351, 14.5033 ], [ 74.6366, 14.4726 ], [ 74.6139, 14.466 ], [ 74.581, 14.4823 ], [ 74.5715, 14.4965 ], [ 74.5687, 14.5268 ], [ 74.5828, 14.5589 ], [ 74.5829, 14.6021 ], [ 74.5681, 14.6197 ], [ 74.5786, 14.6533 ] ] ] } },
{ "type": "Feature", "properties": { "area_id": "KGIS-H-100604", "name_en": "Hulekal", "name_kn": "", "level": "panchayat", "parent_id": "KGIS-T-1006", "district_en": "Uttara Kannada", "lgd_code": null }, "geometry": { "type": "Polygon", "coordinates": [ [ [ 74.6117, 14.6964 ], [ 74.6173, 14.7262 ], [ 74.6107, 14.7429 ], [ 74.6321, 14.776 ], [ 74.6539, 14.7804 ], [ 74.6331, 14.8081 ], [ 74.7081, 14.817 ], [ 74.6935, 14.8333 ], [ 74.7339, 14.8383 ], [ 74.7503, 14.8278 ], [ 74.7596, 14.7756 ], [ 74.7717, 14.7757 ], [ 74.7846, 14.7521 ], [ 74.8063, 14.7505 ], [ 74.8139, 14.7377 ], [ 74.8175, 14.7457 ], [ 74.8307, 14.7394 ], [ 74.8464, 14.7479 ], [ 74.8558, 14.7162 ], [ 74.8512, 14.7025 ], [ 74.8783, 14.6906 ], [ 74.8699, 14.6624 ], [ 74.8456, 14.6654 ], [ 74.8465, 14.6535 ], [ 74.838, 14.6465 ], [ 74.8432, 14.6347 ], [ 74.8337, 14.6254 ], [ 74.8049, 14.6223 ], [ 74.799, 14.6336 ], [ 74.7784, 14.6422 ], [ 74.7673, 14.63 ], [ 74.7615, 14.6371 ], [ 74.7502, 14.6331 ], [ 74.7499, 14.6158 ], [ 74.7375, 14.6157 ], [ 74.7324, 14.6361 ], [ 74.7168, 14.628 ], [ 74.7076, 14.6427 ], [ 74.6913, 14.6245 ], [ 74.6813, 14.6272 ], [ 74.6718, 14.6489 ], [ 74.6533, 14.6457 ], [ 74.6419, 14.6602 ], [ 74.6327, 14.689 ], [ 74.6117, 14.6964 ] ] ] } },
{ "type": "Feature", "properties": { "area_id": "KGIS-H-100701", "name_en": "Ankola", "name_kn": "", "level": "panchayat", "parent_id": "KGIS-T-1007", "district_en": "Uttara Kannada", "lgd_code": null }, "geometry": { "type": "MultiPolygon", "coordinates": [ [ [ [ 74.2889, 14.675 ], [ 74.3323, 14.6708 ], [ 74.3103, 14.6409 ], [ 74.3011, 14.6604 ], [ 74.2819, 14.6637 ], [ 74.29, 14.667 ], [ 74.2889, 14.675 ] ] ], [ [ [ 74.5551, 14.8609 ], [ 74.5743, 14.87 ], [ 74.5998, 14.8306 ], [ 74.6074, 14.7999 ], [ 74.6405, 14.8363 ], [ 74.667, 14.8295 ], [ 74.6929, 14.8341 ], [ 74.7081, 14.817 ], [ 74.6331, 14.8081 ], [ 74.6539, 14.7804 ], [ 74.6321, 14.776 ], [ 74.6107, 14.7429 ], [ 74.6173, 14.7262 ], [ 74.6115, 14.6927 ], [ 74.5732, 14.6855 ], [ 74.5747, 14.6743 ], [ 74.5539, 14.6889 ], [ 74.5148, 14.6776 ], [ 74.4672, 14.6806 ], [ 74.4603, 14.6711 ], [ 74.4415, 14.6721 ], [ 74.4314, 14.658 ], [ 74.4105, 14.6576 ], [ 74.3892, 14.6445 ], [ 74.3768, 14.6635 ], [ 74.3545, 14.6725 ], [ 74.3427, 14.6995 ], [ 74.3715, 14.7087 ], [ 74.3811, 14.7406 ], [ 74.4112, 14.7547 ], [ 74.4283, 14.7505 ], [ 74.4346, 14.7386 ], [ 74.4483, 14.7595 ], [ 74.4701, 14.7539 ], [ 74.4782, 14.7737 ], [ 74.4967, 14.7902 ], [ 74.5145, 14.7684 ], [ 74.5411, 14.7785 ], [ 74.5417, 14.793 ], [ 74.5523, 14.7985 ], [ 74.5689, 14.7942 ], [ 74.5761, 14.8244 ], [ 74.5551, 14.8609 ] ] ] ] } },
{ "type": "Feature", "properties": { "area_id": "KGIS-H-100702", "name_en": "Belekeri", "name_kn": "", "level": "panchayat", "parent_id": "KGIS-T-1007", "district_en": "Uttara Kannada", "lgd_code": null }, "geometry": { "type": "MultiPolygon", "coordinates": [ [ [ [ 74.2571, 14.7224 ], [ 74.2542, 14.7217 ], [ 74.2547, 14.7247 ], [ 74.2571, 14.7224 ] ] ], [ [ [ 74.4371, 14.7798 ], [ 74.4198, 14.7766 ], [ 74.4223, 14.7605 ], [ 74.4483, 14.7595 ], [ 74.4346, 14.7386 ], [ 74.4283, 14.7505 ], [ 74.4112, 14.7547 ], [ 74.3811, 14.7406 ], [ 74.3715, 14.7087 ], [ 74.3427, 14.6995 ], [ 74.3543, 14.6728 ], [ 74.3468, 14.664 ], [ 74.3028, 14.6769 ], [ 74.2881, 14.6744 ], [ 74.29, 14.667 ], [ 74.2806, 14.6606 ], [ 74.2757, 14.666 ], [ 74.2827, 14.6762 ], [ 74.2688, 14.7032 ], [ 74.257, 14.7065 ], [ 74.2638, 14.7174 ], [ 74.248, 14.7416 ], [ 74.2627, 14.7613 ], [ 74.2627, 14.7778 ], [ 74.2924, 14.7846 ], [ 74.3081, 14.805 ], [ 74.3328, 14.8082 ], [ 74.3273, 14.8202 ], [ 74.3431, 14.8472 ], [ 74.3932, 14.8353 ], [ 74.4587, 14.7974 ], [ 74.4371, 14.7798 ] ], [ [ 74.2543, 14.7458 ], [ 74.2562, 14.7442 ], [ 74.2562, 14.7454 ], [ 74.2543, 14.7458 ] ] ] ] } },
{ "type": "Feature", "properties": { "area_id": "KGIS-H-100703", "name_en": "Basagoda", "name_kn": "", "level": "panchayat", "parent_id": "KGIS-T-1007", "district_en": "Uttara Kannada", "lgd_code": null }, "geometry": { "type": "MultiPolygon", "coordinates": [ [ [ [ 74.3389, 14.6451 ], [ 74.342, 14.633 ], [ 74.3283, 14.6213 ], [ 74.3438, 14.6144 ], [ 74.3424, 14.6066 ], [ 74.3249, 14.6047 ], [ 74.3327, 14.5906 ], [ 74.3475, 14.5903 ], [ 74.3474, 14.5821 ], [ 74.3178, 14.5823 ], [ 74.3181, 14.5983 ], [ 74.3103, 14.6009 ], [ 74.2943, 14.594 ], [ 74.2964, 14.6011 ], [ 74.2708, 14.6277 ], [ 74.2794, 14.6257 ], [ 74.2853, 14.6341 ], [ 74.2819, 14.6637 ], [ 74.3011, 14.6604 ], [ 74.3103, 14.6409 ], [ 74.3204, 14.6616 ], [ 74.3436, 14.6654 ], [ 74.3503, 14.6576 ], [ 74.3389, 14.6451 ] ] ], [ [ [ 74.2808, 14.6561 ], [ 74.2804, 14.6563 ], [ 74.2807, 14.6564 ], [ 74.2808, 14.6561 ] ] ] ] } },
{ "type": "Feature", "properties": { "area_id": "KGIS-H-100704", "name_en": "Balale", "name_kn": "", "level": "panchayat", "parent_id": "KGIS-T-1007", "district_en": "Uttara Kannada", "lgd_code": null }, "geometry": { "type": "Polygon", "coordinates": [ [ [ 74.5591, 14.6848 ], [ 74.5752, 14.6739 ], [ 74.5786, 14.6533 ], [ 74.5681, 14.6197 ], [ 74.5742, 14.608 ], [ 74.5426, 14.5756 ], [ 74.5358, 14.5767 ], [ 74.5323, 14.5649 ], [ 74.5197, 14.5689 ], [ 74.5042, 14.5545 ], [ 74.4827, 14.5195 ], [ 74.4828, 14.527 ], [ 74.4612, 14.5218 ], [ 74.4735, 14.5326 ], [ 74.4653, 14.5434 ], [ 74.4723, 14.5597 ], [ 74.4533, 14.5728 ], [ 74.4727, 14.5923 ], [ 74.461, 14.6028 ], [ 74.4576, 14.5983 ], [ 74.4363, 14.6105 ], [ 74.4257, 14.598 ], [ 74.4369, 14.5658 ], [ 74.418, 14.5637 ], [ 74.391, 14.5661 ], [ 74.3997, 14.5747 ], [ 74.3747, 14.574 ], [ 74.3771, 14.5859 ], [ 74.3639, 14.5755 ], [ 74.3444, 14.5738 ], [ 74.3475, 14.5903 ], [ 74.3327, 14.5906 ], [ 74.3255, 14.6029 ], [ 74.3424, 14.6066 ], [ 74.3438, 14.6144 ], [ 74.3283, 14.6213 ], [ 74.342, 14.633 ], [ 74.3401, 14.6496 ], [ 74.3543, 14.6728 ], [ 74.3768, 14.6635 ], [ 74.3892, 14.6445 ], [ 74.4105, 14.6576 ], [ 74.4314, 14.658 ], [ 74.4415, 14.6721 ], [ 74.4603, 14.6711 ], [ 74.4672, 14.6806 ], [ 74.5148, 14.6776 ], [ 74.5591, 14.6848 ] ] ] } },
{ "type": "Feature", "properties": { "area_id": "KGIS-H-100801", "name_en": "Kujalli", "name_kn": "", "level": "panchayat", "parent_id": "KGIS-T-1008", "district_en": "Uttara Kannada", "lgd_code": null }, "geometry": { "type": "Polygon", "coordinates": [ [ [ 74.6917, 14.4829 ], [ 74.6962, 14.4733 ], [ 74.6704, 14.449 ], [ 74.6787, 14.4443 ], [ 74.6756, 14.4315 ], [ 74.6537, 14.432 ], [ 74.6729, 14.4133 ], [ 74.665, 14.3889 ], [ 74.6278, 14.3741 ], [ 74.5852, 14.3762 ], [ 74.563, 14.3624 ], [ 74.5484, 14.364 ], [ 74.5633, 14.3972 ], [ 74.5348, 14.4089 ], [ 74.5327, 14.4265 ], [ 74.5151, 14.4282 ], [ 74.5011, 14.416 ], [ 74.4883, 14.4327 ], [ 74.4771, 14.4226 ], [ 74.4789, 14.4108 ], [ 74.4613, 14.3831 ], [ 74.4395, 14.3831 ], [ 74.4091, 14.345 ], [ 74.3988, 14.4021 ], [ 74.4293, 14.4005 ], [ 74.4325, 14.4116 ], [ 74.4261, 14.4146 ], [ 74.4349, 14.4297 ], [ 74.4591, 14.4278 ], [ 74.4557, 14.4473 ], [ 74.4841, 14.4737 ], [ 74.5178, 14.4445 ], [ 74.5387, 14.4383 ], [ 74.5579, 14.4591 ], [ 74.5591, 14.4792 ], [ 74.5743, 14.4756 ], [ 74.5807, 14.4827 ], [ 74.6139, 14.466 ], [ 74.6321, 14.4713 ], [ 74.6295, 14.459 ], [ 74.6522, 14.4808 ], [ 74.6683, 14.4752 ], [ 74.6917, 14.4829 ] ] ] } },
{ "type": "Feature", "properties": { "area_id": "KGIS-H-100802", "name_en": "Kumata", "name_kn": "", "level": "panchayat", "parent_id": "KGIS-T-1008", "district_en": "Uttara Kannada", "lgd_code": null }, "geometry": { "type": "Polygon", "coordinates": [ [ [ 74.3737, 14.528 ], [ 74.3847, 14.5093 ], [ 74.3779, 14.5039 ], [ 74.3902, 14.4669 ], [ 74.4014, 14.455 ], [ 74.4153, 14.4558 ], [ 74.4258, 14.4315 ], [ 74.4348, 14.4294 ], [ 74.427, 14.3989 ], [ 74.4194, 14.4047 ], [ 74.4007, 14.401 ], [ 74.395, 14.4167 ], [ 74.3792, 14.4219 ], [ 74.3761, 14.4606 ], [ 74.3539, 14.5058 ], [ 74.3588, 14.5192 ], [ 74.3737, 14.528 ] ] ] } },
{ "type": "Feature", "properties": { "area_id": "KGIS-H-100803", "name_en": "Mirjana", "name_kn": "", "level": "panchayat", "parent_id": "KGIS-T-1008", "district_en": "Uttara Kannada", "lgd_code": null }, "geometry": { "type": "Polygon", "coordinates": [ [ [ 74.4421, 14.6102 ], [ 74.4727, 14.5923 ], [ 74.4533, 14.5728 ], [ 74.4723, 14.5597 ], [ 74.4653, 14.5434 ], [ 74.4735, 14.5326 ], [ 74.4612, 14.5218 ], [ 74.4828, 14.527 ], [ 74.4827, 14.5195 ], [ 74.5197, 14.5689 ], [ 74.5323, 14.5649 ], [ 74.5358, 14.5767 ], [ 74.5426, 14.5756 ], [ 74.573, 14.6075 ], [ 74.5829, 14.6021 ], [ 74.5828, 14.5589 ], [ 74.5687, 14.5268 ], [ 74.573, 14.4913 ], [ 74.5811, 14.4831 ], [ 74.5743, 14.4756 ], [ 74.5588, 14.4791 ], [ 74.5579, 14.4591 ], [ 74.5387, 14.4383 ], [ 74.5178, 14.4445 ], [ 74.5026, 14.4627 ], [ 74.4875, 14.4648 ], [ 74.4853, 14.474 ], [ 74.4557, 14.4473 ], [ 74.4591, 14.4278 ], [ 74.4337, 14.4295 ], [ 74.4258, 14.4315 ], [ 74.4153, 14.4558 ], [ 74.4011, 14.4552 ], [ 74.3894, 14.4681 ], [ 74.3779, 14.5039 ], [ 74.3847, 14.5093 ], [ 74.369, 14.5389 ], [ 74.4147, 14.5485 ], [ 74.418, 14.5637 ], [ 74.4369, 14.5658 ], [ 74.4257, 14.598 ], [ 74.4421, 14.6102 ] ] ] } },
{ "type": "Feature", "properties": { "area_id": "KGIS-H-100804", "name_en": "Gokarna", "name_kn": "", "level": "panchayat", "parent_id": "KGIS-T-1008", "district_en": "Uttara Kannada", "lgd_code": null }, "geometry": { "type": "Polygon", "coordinates": [ [ [ 74.3258, 14.5787 ], [ 74.3474, 14.5821 ], [ 74.3444, 14.5738 ], [ 74.3517, 14.5729 ], [ 74.3771, 14.5859 ], [ 74.3747, 14.574 ], [ 74.3997, 14.5747 ], [ 74.391, 14.5661 ], [ 74.418, 14.5637 ], [ 74.4147, 14.5485 ], [ 74.3695, 14.5401 ], [ 74.3748, 14.5266 ], [ 74.3608, 14.5212 ], [ 74.3552, 14.5088 ], [ 74.3373, 14.5189 ], [ 74.3101, 14.5209 ], [ 74.3151, 14.5423 ], [ 74.2943, 14.5935 ], [ 74.3117, 14.5997 ], [ 74.3258, 14.5787 ] ] ] } },
{ "type": "Feature", "properties": { "area_id": "KGIS-H-100901", "name_en": "Kondli", "name_kn": "", "level": "panchayat", "parent_id": "KGIS-T-1009", "district_en": "Uttara Kannada", "lgd_code": null }, "geometry": { "type": "Polygon", "coordinates": [ [ [ 74.9085, 14.2502 ], [ 74.9054, 14.2636 ], [ 74.896, 14.2566 ], [ 74.8797, 14.2738 ], [ 74.8677, 14.2619 ], [ 74.8612, 14.274 ], [ 74.8666, 14.2895 ], [ 74.858, 14.295 ], [ 74.8813, 14.3028 ], [ 74.8874, 14.3201 ], [ 74.8855, 14.3232 ], [ 74.8826, 14.3263 ], [ 74.8636, 14.3188 ], [ 74.8539, 14.3241 ], [ 74.8191, 14.291 ], [ 74.8142, 14.2958 ], [ 74.7975, 14.333 ], [ 74.8004, 14.3399 ], [ 74.811, 14.3369 ], [ 74.8082, 14.3437 ], [ 74.8177, 14.3413 ], [ 74.8171, 14.3524 ], [ 74.8301, 14.3541 ], [ 74.8266, 14.383 ], [ 74.8062, 14.3831 ], [ 74.8081, 14.3961 ], [ 74.7952, 14.3894 ], [ 74.7879, 14.4038 ], [ 74.7933, 14.4138 ], [ 74.824, 14.4263 ], [ 74.8561, 14.4177 ], [ 74.8789, 14.4352 ], [ 74.8803, 14.4294 ], [ 74.9177, 14.4307 ], [ 74.9336, 14.4037 ], [ 74.9492, 14.3988 ], [ 74.9493, 14.3761 ], [ 74.9389, 14.3585 ], [ 74.9744, 14.3381 ], [ 74.9696, 14.3255 ], [ 74.9771, 14.3203 ], [ 74.9366, 14.3225 ], [ 74.9204, 14.3157 ], [ 74.9056, 14.2934 ], [ 74.9077, 14.2845 ], [ 74.9166, 14.273 ], [ 74.9262, 14.2773 ], [ 74.9393, 14.2554 ], [ 74.9315, 14.2443 ], [ 74.9186, 14.2423 ], [ 74.9208, 14.247 ], [ 74.9085, 14.2502 ] ] ] } },
{ "type": "Feature", "properties": { "area_id": "KGIS-H-100902", "name_en": "Umbalamane", "name_kn": "", "level": "panchayat", "parent_id": "KGIS-T-1009", "district_en": "Uttara Kannada", "lgd_code": null }, "geometry": { "type": "Polygon", "coordinates": [ [ [ 74.8858, 14.5534 ], [ 74.9024, 14.5155 ], [ 74.8889, 14.48 ], [ 74.9177, 14.467 ], [ 74.9204, 14.4589 ], [ 74.8885, 14.4603 ], [ 74.8739, 14.4473 ], [ 74.8789, 14.4352 ], [ 74.8561, 14.4177 ], [ 74.824, 14.4263 ], [ 74.7929, 14.4133 ], [ 74.7916, 14.4316 ], [ 74.7814, 14.4353 ], [ 74.7715, 14.425 ], [ 74.7758, 14.4148 ], [ 74.7585, 14.4061 ], [ 74.7517, 14.4138 ], [ 74.7436, 14.397 ], [ 74.7207, 14.3997 ], [ 74.7079, 14.3923 ], [ 74.6688, 14.4019 ], [ 74.6729, 14.4133 ], [ 74.6537, 14.432 ], [ 74.6756, 14.4315 ], [ 74.6787, 14.4443 ], [ 74.6704, 14.449 ], [ 74.6962, 14.4733 ], [ 74.6915, 14.4831 ], [ 74.6683, 14.4752 ], [ 74.6522, 14.4808 ], [ 74.6295, 14.459 ], [ 74.6366, 14.4726 ], [ 74.6351, 14.5033 ], [ 74.6712, 14.5039 ], [ 74.6941, 14.5155 ], [ 74.7109, 14.5055 ], [ 74.7311, 14.5164 ], [ 74.7327, 14.5078 ], [ 74.7435, 14.5045 ], [ 74.7466, 14.5173 ], [ 74.7583, 14.5226 ], [ 74.8038, 14.5197 ], [ 74.8121, 14.531 ], [ 74.821, 14.5222 ], [ 74.8423, 14.5244 ], [ 74.8622, 14.5349 ], [ 74.8477, 14.5459 ], [ 74.8544, 14.5529 ], [ 74.8858, 14.5534 ] ] ] } },
{ "type": "Feature", "properties": { "area_id": "KGIS-H-100903", "name_en": "Kodkani", "name_kn": "", "level": "panchayat", "parent_id": "KGIS-T-1009", "district_en": "Uttara Kannada", "lgd_code": null }, "geometry": { "type": "Polygon", "coordinates": [ [ [ 74.9085, 14.2502 ], [ 74.9208, 14.247 ], [ 74.9186, 14.2423 ], [ 74.9358, 14.2432 ], [ 74.921, 14.2273 ], [ 74.8965, 14.227 ], [ 74.8879, 14.2147 ], [ 74.8785, 14.2141 ], [ 74.8809, 14.2329 ], [ 74.8734, 14.2403 ], [ 74.8673, 14.2183 ], [ 74.8537, 14.2092 ], [ 74.8389, 14.2275 ], [ 74.7927, 14.228 ], [ 74.733, 14.2674 ], [ 74.7178, 14.2687 ], [ 74.7258, 14.2777 ], [ 74.704, 14.3036 ], [ 74.6722, 14.3085 ], [ 74.6589, 14.3262 ], [ 74.647, 14.3199 ], [ 74.6199, 14.3401 ], [ 74.6486, 14.3666 ], [ 74.646, 14.3724 ], [ 74.6698, 14.4017 ], [ 74.7079, 14.3923 ], [ 74.7207, 14.3997 ], [ 74.7436, 14.397 ], [ 74.7517, 14.4138 ], [ 74.7585, 14.4061 ], [ 74.7758, 14.4148 ], [ 74.7715, 14.425 ], [ 74.7882, 14.4337 ], [ 74.7952, 14.3894 ], [ 74.8081, 14.3961 ], [ 74.8062, 14.3831 ], [ 74.8266, 14.383 ], [ 74.8301, 14.3541 ], [ 74.8171, 14.3524 ], [ 74.8177, 14.3413 ], [ 74.8082, 14.3437 ], [ 74.811, 14.3369 ], [ 74.7985, 14.3376 ], [ 74.7977, 14.3218 ], [ 74.8079, 14.3052 ], [ 74.8191, 14.291 ], [ 74.8474, 14.3207 ], [ 74.8826, 14.3263 ], [ 74.8874, 14.3201 ], [ 74.8813, 14.3028 ], [ 74.858, 14.295 ], [ 74.8666, 14.2895 ], [ 74.8612, 14.274 ], [ 74.8677, 14.2619 ], [ 74.8797, 14.2738 ], [ 74.896, 14.2566 ], [ 74.9054, 14.2636 ], [ 74.9085, 14.2502 ] ] ] } },
{ "type": "Feature", "properties": { "area_id": "KGIS-H-101001", "name_en": "Honnavara", "name_kn": "", "level": "panchayat", "parent_id": "KGIS-T-1010", "district_en": "Uttara Kannada", "lgd_code": null }, "geometry": { "type": "Polygon", "coordinates": [ [ [ 74.491, 14.4327 ], [ 74.5011, 14.416 ], [ 74.5151, 14.4282 ], [ 74.5327, 14.4265 ], [ 74.5348, 14.4089 ], [ 74.5633, 14.3972 ], [ 74.5484, 14.364 ], [ 74.5731, 14.3657 ], [ 74.5794, 14.3576 ], [ 74.5702, 14.3288 ], [ 74.5379, 14.3209 ], [ 74.5023, 14.2919 ], [ 74.4836, 14.2929 ], [ 74.4752, 14.2787 ], [ 74.4634, 14.2751 ], [ 74.4656, 14.2679 ], [ 74.449, 14.2686 ], [ 74.4499, 14.2621 ], [ 74.4416, 14.261 ], [ 74.4284, 14.2803 ], [ 74.4221, 14.2792 ], [ 74.4078, 14.3445 ], [ 74.4395, 14.3831 ], [ 74.4613, 14.3831 ], [ 74.4789, 14.4108 ], [ 74.4793, 14.4265 ], [ 74.491, 14.4327 ] ], [ [ 74.4789, 14.3038 ], [ 74.4615, 14.3013 ], [ 74.4641, 14.279 ], [ 74.4789, 14.3038 ] ] ] } },
{ "type": "Feature", "properties": { "area_id": "KGIS-H-101002", "name_en": "Mavinakurva", "name_kn": "", "level": "panchayat", "parent_id": "KGIS-T-1010", "district_en": "Uttara Kannada", "lgd_code": null }, "geometry": { "type": "MultiPolygon", "coordinates": [ [ [ [ 74.4676, 14.2776 ], [ 74.4841, 14.2931 ], [ 74.5023, 14.2919 ], [ 74.5379, 14.3209 ], [ 74.5702, 14.3288 ], [ 74.5794, 14.3576 ], [ 74.5731, 14.3657 ], [ 74.5657, 14.3633 ], [ 74.5852, 14.3762 ], [ 74.616, 14.3718 ], [ 74.6635, 14.3883 ], [ 74.6196, 14.3387 ], [ 74.647, 14.3199 ], [ 74.6589, 14.3262 ], [ 74.6722, 14.3085 ], [ 74.704, 14.3036 ], [ 74.7213, 14.2882 ], [ 74.7258, 14.2763 ], [ 74.7178, 14.2687 ], [ 74.7315, 14.2648 ], [ 74.7126, 14.2329 ], [ 74.7261, 14.1738 ], [ 74.7476, 14.1569 ], [ 74.7491, 14.1421 ], [ 74.709, 14.1673 ], [ 74.6648, 14.183 ], [ 74.6527, 14.1673 ], [ 74.6298, 14.1639 ], [ 74.6298, 14.1771 ], [ 74.6058, 14.2 ], [ 74.6103, 14.2194 ], [ 74.5939, 14.2318 ], [ 74.5531, 14.2386 ], [ 74.5262, 14.2333 ], [ 74.5053, 14.2488 ], [ 74.466, 14.2563 ], [ 74.4676, 14.2776 ] ] ], [ [ [ 74.4789, 14.3038 ], [ 74.4671, 14.28 ], [ 74.4598, 14.2816 ], [ 74.4659, 14.2937 ], [ 74.4615, 14.3013 ], [ 74.4731, 14.3073 ], [ 74.4789, 14.3038 ] ] ] ] } },
{ "type": "Feature", "properties": { "area_id": "KGIS-H-101003", "name_en": "Manki", "name_kn": "", "level": "panchayat", "parent_id": "KGIS-T-1010", "district_en": "Uttara Kannada", "lgd_code": null }, "geometry": { "type": "Polygon", "coordinates": [ [ [ 74.4237, 14.2779 ], [ 74.4416, 14.261 ], [ 74.4499, 14.2621 ], [ 74.449, 14.2686 ], [ 74.4656, 14.2679 ], [ 74.466, 14.2563 ], [ 74.5053, 14.2488 ], [ 74.5264, 14.2333 ], [ 74.5531, 14.2386 ], [ 74.5939, 14.2318 ], [ 74.6103, 14.2194 ], [ 74.6058, 14.2 ], [ 74.6298, 14.1771 ], [ 74.6219, 14.1493 ], [ 74.5675, 14.1437 ], [ 74.5499, 14.1287 ], [ 74.5539, 14.1075 ], [ 74.5162, 14.1132 ], [ 74.5165, 14.1251 ], [ 74.504, 14.1233 ], [ 74.4973, 14.1311 ], [ 74.5059, 14.1437 ], [ 74.4767, 14.1402 ], [ 74.4708, 14.1823 ], [ 74.4495, 14.2083 ], [ 74.4237, 14.2779 ] ] ] } },
{ "type": "Feature", "properties": { "area_id": "KGIS-H-101101", "name_en": "Mavalli", "name_kn": "", "level": "panchayat", "parent_id": "KGIS-T-1011", "district_en": "Uttara Kannada", "lgd_code": null }, "geometry": { "type": "Polygon", "coordinates": [ [ [ 74.627, 14.1581 ], [ 74.6292, 14.1441 ], [ 74.6441, 14.1404 ], [ 74.646, 14.1147 ], [ 74.6555, 14.1154 ], [ 74.6393, 14.0935 ], [ 74.6228, 14.0923 ], [ 74.6198, 14.0784 ], [ 74.608, 14.0787 ], [ 74.5901, 14.0654 ], [ 74.5844, 14.0366 ], [ 74.572, 14.0312 ], [ 74.5766, 14.0237 ], [ 74.5537, 14.015 ], [ 74.5542, 14.0088 ], [ 74.5307, 14.0236 ], [ 74.523, 14.0405 ], [ 74.5136, 14.0281 ], [ 74.5018, 14.0276 ], [ 74.4816, 14.1389 ], [ 74.5032, 14.1451 ], [ 74.5004, 14.1245 ], [ 74.5165, 14.1251 ], [ 74.5162, 14.1132 ], [ 74.5355, 14.1059 ], [ 74.5539, 14.1075 ], [ 74.5499, 14.1287 ], [ 74.5675, 14.1437 ], [ 74.6219, 14.1493 ], [ 74.627, 14.1581 ] ] ] } },
{ "type": "Feature", "properties": { "area_id": "KGIS-H-101102", "name_en": "Susagadi", "name_kn": "", "level": "panchayat", "parent_id": "KGIS-T-1011", "district_en": "Uttara Kannada", "lgd_code": null }, "geometry": { "type": "Polygon", "coordinates": [ [ [ 74.6459, 14.1024 ], [ 74.6764, 14.0618 ], [ 74.6723, 14.0482 ], [ 74.6781, 14.0423 ], [ 74.6614, 13.9936 ], [ 74.6647, 13.981 ], [ 74.6466, 13.9631 ], [ 74.6526, 13.9457 ], [ 74.6424, 13.9391 ], [ 74.6317, 13.9462 ], [ 74.6206, 13.9358 ], [ 74.6064, 13.9408 ], [ 74.5968, 13.932 ], [ 74.5953, 13.9418 ], [ 74.5791, 13.9261 ], [ 74.5674, 13.9495 ], [ 74.5492, 13.9491 ], [ 74.539, 13.9658 ], [ 74.532, 13.9646 ], [ 74.5149, 13.9875 ], [ 74.5027, 14.0252 ], [ 74.523, 14.0405 ], [ 74.5307, 14.0236 ], [ 74.5542, 14.0088 ], [ 74.5537, 14.015 ], [ 74.5768, 14.024 ], [ 74.572, 14.0312 ], [ 74.5844, 14.0366 ], [ 74.5901, 14.0654 ], [ 74.608, 14.0787 ], [ 74.6198, 14.0784 ], [ 74.6228, 14.0923 ], [ 74.6393, 14.0935 ], [ 74.6459, 14.1024 ] ] ] } },
{ "type": "Feature", "properties": { "area_id": "KGIS-H-101201", "name_en": "Sambrani", "name_kn": "", "level": "panchayat", "parent_id": "KGIS-T-1012", "district_en": "Uttara Kannada", "lgd_code": null }, "geometry": { "type": "Polygon", "coordinates": [ [ [ 74.6575, 15.2685 ], [ 74.6861, 15.2662 ], [ 74.6871, 15.245 ], [ 74.673, 15.2423 ], [ 74.6575, 15.2685 ] ] ] } },
{ "type": "Feature", "properties": { "area_id": "KGIS-H-101203", "name_en": "Dandeli", "name_kn": "", "level": "panchayat", "parent_id": "KGIS-T-1012", "district_en": "Uttara Kannada", "lgd_code": null }, "geometry": { "type": "Polygon", "coordinates": [ [ [ 74.6664, 15.3675 ], [ 74.6749, 15.3453 ], [ 74.654, 15.3407 ], [ 74.6578, 15.3256 ], [ 74.669, 15.3158 ], [ 74.71, 15.32 ], [ 74.7131, 15.3111 ], [ 74.6969, 15.2988 ], [ 74.6989, 15.2797 ], [ 74.6886, 15.2702 ], [ 74.6974, 15.2697 ], [ 74.697, 15.2551 ], [ 74.6892, 15.2471 ], [ 74.6834, 15.2516 ], [ 74.6861, 15.2662 ], [ 74.6575, 15.2685 ], [ 74.673, 15.2423 ], [ 74.6837, 15.2432 ], [ 74.688, 15.2224 ], [ 74.7147, 15.212 ], [ 74.6718, 15.1968 ], [ 74.6649, 15.1859 ], [ 74.6825, 15.1815 ], [ 74.698, 15.1944 ], [ 74.7301, 15.1744 ], [ 74.7593, 15.1731 ], [ 74.7565, 15.1581 ], [ 74.7161, 15.1469 ], [ 74.7297, 15.113 ], [ 74.7313, 15.0832 ], [ 74.7176, 15.0808 ], [ 74.7007, 15.1045 ], [ 74.683, 15.0929 ], [ 74.6746, 15.0981 ], [ 74.6474, 15.078 ], [ 74.6403, 15.0827 ], [ 74.6387, 15.1112 ], [ 74.6908, 15.1395 ], [ 74.6676, 15.1496 ], [ 74.6294, 15.1391 ], [ 74.6152, 15.2564 ], [ 74.5957, 15.2572 ], [ 74.6054, 15.2925 ], [ 74.5733, 15.2947 ], [ 74.5645, 15.3077 ], [ 74.5721, 15.3175 ], [ 74.6009, 15.3251 ], [ 74.6138, 15.3593 ], [ 74.6351, 15.3682 ], [ 74.6491, 15.3906 ], [ 74.6891, 15.3987 ], [ 74.6664, 15.3675 ] ] ] } },
{ "type": "Feature", "properties": { "area_id": "KGIS-H-110101", "name_en": "Shigganva", "name_kn": "", "level": "panchayat", "parent_id": "KGIS-T-1101", "district_en": "Haveri", "lgd_code": null }, "geometry": { "type": "Polygon", "coordinates": [ [ [ 75.3357, 15.1613 ], [ 75.3369, 15.1116 ], [ 75.3501, 15.1022 ], [ 75.3497, 15.0943 ], [ 75.3344, 15.0816 ], [ 75.277, 15.0685 ], [ 75.2712, 15.0391 ], [ 75.2831, 15.0165 ], [ 75.2745, 14.9901 ], [ 75.2167, 14.9767 ], [ 75.2174, 14.9692 ], [ 75.2058, 14.9654 ], [ 75.1593, 14.9711 ], [ 75.1648, 14.9952 ], [ 75.1988, 14.9979 ], [ 75.1959, 15.0112 ], [ 75.2164, 15.0129 ], [ 75.2042, 15.0395 ], [ 75.2252, 15.0409 ], [ 75.2251, 15.0574 ], [ 75.1888, 15.0721 ], [ 75.1882, 15.0986 ], [ 75.2251, 15.1002 ], [ 75.2256, 15.1071 ], [ 75.2387, 15.1094 ], [ 75.2577, 15.0984 ], [ 75.2587, 15.1176 ], [ 75.2883, 15.1293 ], [ 75.2867, 15.1368 ], [ 75.3059, 15.1383 ], [ 75.3056, 15.1541 ], [ 75.3357, 15.1613 ] ] ] } },
{ "type": "Feature", "properties": { "area_id": "KGIS-H-110102", "name_en": "Dundashi", "name_kn": "", "level": "panchayat", "parent_id": "KGIS-T-1101", "district_en": "Haveri", "lgd_code": null }, "geometry": { "type": "Polygon", "coordinates": [ [ [ 75.1417, 15.1591 ], [ 75.1529, 15.1456 ], [ 75.1372, 15.1294 ], [ 75.1392, 15.1024 ], [ 75.1584, 15.1105 ], [ 75.1579, 15.102 ], [ 75.1866, 15.104 ], [ 75.1888, 15.0721 ], [ 75.2251, 15.0574 ], [ 75.2252, 15.0409 ], [ 75.2042, 15.0395 ], [ 75.2164, 15.0129 ], [ 75.1959, 15.0112 ], [ 75.1988, 14.9979 ], [ 75.1648, 14.9952 ], [ 75.1663, 14.9841 ], [ 75.1577, 14.9789 ], [ 75.1603, 14.9703 ], [ 75.1946, 14.9665 ], [ 75.1906, 14.9456 ], [ 75.1804, 14.9494 ], [ 75.1766, 14.9348 ], [ 75.1626, 14.936 ], [ 75.1535, 14.9468 ], [ 75.1507, 14.9288 ], [ 75.1353, 14.9251 ], [ 75.0976, 14.9476 ], [ 75.1002, 14.9553 ], [ 75.0845, 14.9566 ], [ 75.0681, 15.0147 ], [ 75.0825, 15.0746 ], [ 75.078, 15.1104 ], [ 75.1135, 15.1173 ], [ 75.1048, 15.1407 ], [ 75.1219, 15.1403 ], [ 75.1417, 15.1591 ] ] ] } },
{ "type": "Feature", "properties": { "area_id": "KGIS-H-110103", "name_en": "Bankapura", "name_kn": "", "level": "panchayat", "parent_id": "KGIS-T-1101", "district_en": "Haveri", "lgd_code": null }, "geometry": { "type": "Polygon", "coordinates": [ [ [ 75.2731, 14.9887 ], [ 75.2781, 14.9661 ], [ 75.2652, 14.9512 ], [ 75.2689, 14.9441 ], [ 75.2916, 14.9452 ], [ 75.2939, 14.9336 ], [ 75.2819, 14.9301 ], [ 75.2868, 14.8711 ], [ 75.2725, 14.8694 ], [ 75.2643, 14.8852 ], [ 75.2329, 14.8831 ], [ 75.2315, 14.8953 ], [ 75.2248, 14.8959 ], [ 75.2109, 14.8937 ], [ 75.2051, 14.8662 ], [ 75.1808, 14.874 ], [ 75.1779, 14.8947 ], [ 75.1663, 14.8942 ], [ 75.1685, 14.8828 ], [ 75.1539, 14.8791 ], [ 75.1507, 14.8908 ], [ 75.1361, 14.8993 ], [ 75.1241, 14.8941 ], [ 75.1055, 14.905 ], [ 75.0686, 14.9086 ], [ 75.0671, 14.9191 ], [ 75.1023, 14.9276 ], [ 75.0977, 14.9477 ], [ 75.1389, 14.9255 ], [ 75.1507, 14.9288 ], [ 75.1553, 14.9473 ], [ 75.1626, 14.936 ], [ 75.1807, 14.9359 ], [ 75.1803, 14.9494 ], [ 75.1906, 14.9456 ], [ 75.1946, 14.9665 ], [ 75.2479, 14.9804 ], [ 75.2493, 14.9873 ], [ 75.2731, 14.9887 ] ], [ [ 75.291, 14.9378 ], [ 75.2918, 14.9374 ], [ 75.2917, 14.9378 ], [ 75.291, 14.9378 ] ] ] } },
{ "type": "Feature", "properties": { "area_id": "KGIS-H-110201", "name_en": "Savanura", "name_kn": "", "level": "panchayat", "parent_id": "KGIS-T-1102", "district_en": "Haveri", "lgd_code": null }, "geometry": { "type": "MultiPolygon", "coordinates": [ [ [ [ 75.2918, 14.9374 ], [ 75.291, 14.9378 ], [ 75.2917, 14.9378 ], [ 75.2918, 14.9374 ] ] ], [ [ [ 75.3348, 15.0793 ], [ 75.3441, 15.0656 ], [ 75.3611, 15.0608 ], [ 75.3635, 15.039 ], [ 75.3935, 14.994 ], [ 75.3895, 14.9774 ], [ 75.3642, 14.9729 ], [ 75.3645, 14.9507 ], [ 75.4024, 14.9482 ], [ 75.4036, 14.9035 ], [ 75.365, 14.8822 ], [ 75.355, 14.8628 ], [ 75.3224, 14.8626 ], [ 75.3026, 14.8493 ], [ 75.2982, 14.8679 ], [ 75.2868, 14.8711 ], [ 75.283, 14.8959 ], [ 75.288, 14.9115 ], [ 75.2819, 14.9301 ], [ 75.2939, 14.9329 ], [ 75.2916, 14.9452 ], [ 75.2689, 14.9441 ], [ 75.2649, 14.9526 ], [ 75.2781, 14.9661 ], [ 75.2721, 14.9823 ], [ 75.2831, 15.0165 ], [ 75.2729, 15.0269 ], [ 75.2703, 15.0583 ], [ 75.2796, 15.0628 ], [ 75.277, 15.0685 ], [ 75.3348, 15.0793 ] ] ] ] } },
{ "type": "Feature", "properties": { "area_id": "KGIS-H-110202", "name_en": "Hattimattura", "name_kn": "", "level": "panchayat", "parent_id": "KGIS-T-1102", "district_en": "Haveri", "lgd_code": null }, "geometry": { "type": "Polygon", "coordinates": [ [ [ 75.4208, 15.0612 ], [ 75.4489, 15.0604 ], [ 75.4608, 15.0438 ], [ 75.4947, 15.0464 ], [ 75.5205, 15.033 ], [ 75.5333, 15.0346 ], [ 75.5424, 15.015 ], [ 75.5413, 14.9783 ], [ 75.5657, 14.9789 ], [ 75.5655, 14.9434 ], [ 75.5266, 14.9431 ], [ 75.5314, 14.9499 ], [ 75.522, 14.9635 ], [ 75.4994, 14.9666 ], [ 75.5097, 14.9214 ], [ 75.4848, 14.9205 ], [ 75.4685, 14.9099 ], [ 75.4873, 14.905 ], [ 75.4918, 14.8942 ], [ 75.4841, 14.8759 ], [ 75.4648, 14.8647 ], [ 75.455, 14.8673 ], [ 75.4442, 14.8914 ], [ 75.4339, 14.8781 ], [ 75.4207, 14.883 ], [ 75.4039, 14.8707 ], [ 75.3951, 14.8747 ], [ 75.3847, 14.8942 ], [ 75.4036, 14.9034 ], [ 75.4024, 14.9482 ], [ 75.3645, 14.9507 ], [ 75.3663, 14.976 ], [ 75.3895, 14.9774 ], [ 75.3936, 14.9925 ], [ 75.3622, 15.0461 ], [ 75.4208, 15.0612 ] ] ] } },
{ "type": "Feature", "properties": { "area_id": "KGIS-H-110301", "name_en": "Hanagalla", "name_kn": "", "level": "panchayat", "parent_id": "KGIS-T-1103", "district_en": "Haveri", "lgd_code": null }, "geometry": { "type": "Polygon", "coordinates": [ [ [ 75.0735, 14.8083 ], [ 75.0823, 14.7927 ], [ 75.1072, 14.7823 ], [ 75.1183, 14.8056 ], [ 75.1272, 14.7971 ], [ 75.1513, 14.7977 ], [ 75.1581, 14.8107 ], [ 75.1718, 14.813 ], [ 75.1767, 14.7974 ], [ 75.1901, 14.7992 ], [ 75.193, 14.7883 ], [ 75.2096, 14.7838 ], [ 75.1931, 14.7712 ], [ 75.1868, 14.7551 ], [ 75.1609, 14.746 ], [ 75.1346, 14.7197 ], [ 75.1538, 14.7087 ], [ 75.1479, 14.6936 ], [ 75.1526, 14.6877 ], [ 75.168, 14.6992 ], [ 75.1711, 14.6909 ], [ 75.1834, 14.6895 ], [ 75.1791, 14.7009 ], [ 75.1865, 14.7061 ], [ 75.2007, 14.7059 ], [ 75.2067, 14.698 ], [ 75.2052, 14.676 ], [ 75.175, 14.6674 ], [ 75.182, 14.649 ], [ 75.1646, 14.6326 ], [ 75.1612, 14.617 ], [ 75.1534, 14.6262 ], [ 75.1434, 14.6204 ], [ 75.1422, 14.6339 ], [ 75.1246, 14.6307 ], [ 75.1016, 14.644 ], [ 75.0992, 14.653 ], [ 75.0525, 14.6487 ], [ 75.0316, 14.6643 ], [ 75.0329, 14.71 ], [ 75.017, 14.7107 ], [ 75.0144, 14.7202 ], [ 75.0381, 14.7274 ], [ 75.0371, 14.7385 ], [ 75.0477, 14.7441 ], [ 75.0406, 14.7741 ], [ 75.0708, 14.7824 ], [ 75.0688, 14.798 ], [ 75.056, 14.8051 ], [ 75.0553, 14.8146 ], [ 75.0735, 14.8083 ] ] ] } },
{ "type": "Feature", "properties": { "area_id": "KGIS-H-110302", "name_en": "Akkialura", "name_kn": "", "level": "panchayat", "parent_id": "KGIS-T-1103", "district_en": "Haveri", "lgd_code": null }, "geometry": { "type": "Polygon", "coordinates": [ [ [ 75.2503, 14.8048 ], [ 75.2912, 14.7794 ], [ 75.2727, 14.7565 ], [ 75.2831, 14.7353 ], [ 75.3134, 14.7264 ], [ 75.3353, 14.7063 ], [ 75.3357, 14.6974 ], [ 75.3158, 14.6657 ], [ 75.2937, 14.6646 ], [ 75.2883, 14.6522 ], [ 75.2518, 14.6425 ], [ 75.257, 14.6314 ], [ 75.2476, 14.6294 ], [ 75.2584, 14.6063 ], [ 75.2441, 14.5981 ], [ 75.223, 14.609 ], [ 75.2233, 14.5849 ], [ 75.2074, 14.5717 ], [ 75.1838, 14.5859 ], [ 75.1812, 14.5979 ], [ 75.2053, 14.5975 ], [ 75.2079, 14.6362 ], [ 75.2011, 14.6393 ], [ 75.1965, 14.6229 ], [ 75.1718, 14.6332 ], [ 75.182, 14.649 ], [ 75.175, 14.6674 ], [ 75.2106, 14.6821 ], [ 75.2053, 14.7015 ], [ 75.1865, 14.7061 ], [ 75.1791, 14.7009 ], [ 75.1834, 14.6895 ], [ 75.1711, 14.6909 ], [ 75.168, 14.6992 ], [ 75.1526, 14.6877 ], [ 75.1479, 14.6936 ], [ 75.1538, 14.7087 ], [ 75.1346, 14.7197 ], [ 75.1609, 14.746 ], [ 75.1868, 14.7551 ], [ 75.1931, 14.7712 ], [ 75.229, 14.7859 ], [ 75.2297, 14.796 ], [ 75.2503, 14.8048 ] ] ] } },
{ "type": "Feature", "properties": { "area_id": "KGIS-H-110303", "name_en": "Bammanalli", "name_kn": "", "level": "panchayat", "parent_id": "KGIS-T-1103", "district_en": "Haveri", "lgd_code": null }, "geometry": { "type": "Polygon", "coordinates": [ [ [ 75.0686, 14.9086 ], [ 75.1241, 14.8941 ], [ 75.1369, 14.899 ], [ 75.1507, 14.8908 ], [ 75.1539, 14.8791 ], [ 75.1685, 14.8828 ], [ 75.1663, 14.8942 ], [ 75.1779, 14.8947 ], [ 75.1808, 14.874 ], [ 75.189, 14.8691 ], [ 75.2051, 14.8662 ], [ 75.2109, 14.8937 ], [ 75.2248, 14.8959 ], [ 75.2315, 14.8953 ], [ 75.2329, 14.8831 ], [ 75.2643, 14.8852 ], [ 75.2725, 14.8694 ], [ 75.2982, 14.8679 ], [ 75.3104, 14.8407 ], [ 75.2975, 14.8214 ], [ 75.3052, 14.8129 ], [ 75.293, 14.7939 ], [ 75.2957, 14.7763 ], [ 75.2741, 14.7878 ], [ 75.274, 14.7965 ], [ 75.2503, 14.8048 ], [ 75.2297, 14.796 ], [ 75.229, 14.7859 ], [ 75.2096, 14.7811 ], [ 75.193, 14.7883 ], [ 75.1901, 14.7992 ], [ 75.1767, 14.7974 ], [ 75.1718, 14.813 ], [ 75.1581, 14.8107 ], [ 75.1513, 14.7977 ], [ 75.1272, 14.7971 ], [ 75.1183, 14.8056 ], [ 75.1072, 14.7823 ], [ 75.0823, 14.7927 ], [ 75.074, 14.8082 ], [ 75.0915, 14.8159 ], [ 75.0677, 14.8368 ], [ 75.0741, 14.8561 ], [ 75.0686, 14.9086 ] ] ] } },
{ "type": "Feature", "properties": { "area_id": "KGIS-H-110401", "name_en": "Haveri", "name_kn": "", "level": "panchayat", "parent_id": "KGIS-T-1104", "district_en": "Haveri", "lgd_code": null }, "geometry": { "type": "Polygon", "coordinates": [ [ [ 75.3767, 14.886 ], [ 75.3783, 14.8745 ], [ 75.3939, 14.8641 ], [ 75.3982, 14.8399 ], [ 75.3679, 14.8378 ], [ 75.3678, 14.8141 ], [ 75.4197, 14.8176 ], [ 75.4297, 14.7848 ], [ 75.4183, 14.7881 ], [ 75.4051, 14.7793 ], [ 75.4002, 14.7554 ], [ 75.4147, 14.7519 ], [ 75.4218, 14.7587 ], [ 75.4518, 14.7473 ], [ 75.453, 14.7198 ], [ 75.408, 14.7105 ], [ 75.399, 14.7017 ], [ 75.3819, 14.7161 ], [ 75.3596, 14.7175 ], [ 75.359, 14.7086 ], [ 75.3385, 14.7034 ], [ 75.3048, 14.7315 ], [ 75.2831, 14.7353 ], [ 75.2727, 14.7565 ], [ 75.2799, 14.7731 ], [ 75.2957, 14.7763 ], [ 75.293, 14.7939 ], [ 75.3052, 14.8129 ], [ 75.2975, 14.8214 ], [ 75.3096, 14.8312 ], [ 75.3044, 14.8523 ], [ 75.3224, 14.8626 ], [ 75.355, 14.8628 ], [ 75.3628, 14.88 ], [ 75.3767, 14.886 ] ] ] } },
{ "type": "Feature", "properties": { "area_id": "KGIS-H-110402", "name_en": "Karajagi", "name_kn": "", "level": "panchayat", "parent_id": "KGIS-T-1104", "district_en": "Haveri", "lgd_code": null }, "geometry": { "type": "Polygon", "coordinates": [ [ [ 75.522, 14.9635 ], [ 75.5314, 14.9499 ], [ 75.5266, 14.9431 ], [ 75.5428, 14.9421 ], [ 75.5472, 14.924 ], [ 75.5563, 14.9247 ], [ 75.5614, 14.9111 ], [ 75.546, 14.8993 ], [ 75.5414, 14.9118 ], [ 75.5292, 14.9179 ], [ 75.5254, 14.895 ], [ 75.5278, 14.841 ], [ 75.5467, 14.8133 ], [ 75.5603, 14.8118 ], [ 75.5566, 14.7845 ], [ 75.5054, 14.775 ], [ 75.4973, 14.7637 ], [ 75.4489, 14.7615 ], [ 75.4519, 14.7473 ], [ 75.4218, 14.7587 ], [ 75.4034, 14.7521 ], [ 75.405, 14.7792 ], [ 75.4183, 14.7881 ], [ 75.4297, 14.7848 ], [ 75.4293, 14.7996 ], [ 75.4199, 14.8023 ], [ 75.4184, 14.8187 ], [ 75.3678, 14.8141 ], [ 75.3679, 14.8378 ], [ 75.3982, 14.8399 ], [ 75.3984, 14.8542 ], [ 75.3887, 14.8724 ], [ 75.3783, 14.8745 ], [ 75.3767, 14.8877 ], [ 75.389, 14.8905 ], [ 75.4033, 14.8705 ], [ 75.4207, 14.883 ], [ 75.4357, 14.8789 ], [ 75.4454, 14.8911 ], [ 75.455, 14.8673 ], [ 75.4662, 14.8651 ], [ 75.4873, 14.8795 ], [ 75.4918, 14.8942 ], [ 75.4873, 14.905 ], [ 75.4685, 14.9099 ], [ 75.4848, 14.9205 ], [ 75.5097, 14.9214 ], [ 75.4994, 14.9666 ], [ 75.522, 14.9635 ] ] ] } },
{ "type": "Feature", "properties": { "area_id": "KGIS-H-110403", "name_en": "Guttala", "name_kn": "", "level": "panchayat", "parent_id": "KGIS-T-1104", "district_en": "Haveri", "lgd_code": null }, "geometry": { "type": "Polygon", "coordinates": [ [ [ 75.6413, 14.9916 ], [ 75.6666, 14.9874 ], [ 75.6928, 14.9712 ], [ 75.7013, 14.9469 ], [ 75.6828, 14.9368 ], [ 75.6917, 14.9021 ], [ 75.6967, 14.8913 ], [ 75.7278, 14.8973 ], [ 75.7382, 14.8883 ], [ 75.7325, 14.8638 ], [ 75.7224, 14.8641 ], [ 75.7119, 14.8524 ], [ 75.6906, 14.8568 ], [ 75.6635, 14.7952 ], [ 75.6515, 14.7844 ], [ 75.6459, 14.7941 ], [ 75.6133, 14.7925 ], [ 75.6088, 14.7665 ], [ 75.5755, 14.7697 ], [ 75.5663, 14.7641 ], [ 75.5538, 14.7838 ], [ 75.5603, 14.8118 ], [ 75.5467, 14.8133 ], [ 75.5278, 14.841 ], [ 75.5292, 14.9179 ], [ 75.5422, 14.911 ], [ 75.5444, 14.8999 ], [ 75.5566, 14.9039 ], [ 75.5602, 14.9143 ], [ 75.5563, 14.9247 ], [ 75.5472, 14.924 ], [ 75.5428, 14.9423 ], [ 75.5656, 14.9435 ], [ 75.5652, 14.9714 ], [ 75.6028, 14.9546 ], [ 75.6118, 14.9593 ], [ 75.6096, 14.9735 ], [ 75.6413, 14.9916 ] ] ] } },
{ "type": "Feature", "properties": { "area_id": "KGIS-H-110501", "name_en": "Byadagi", "name_kn": "", "level": "panchayat", "parent_id": "KGIS-T-1105", "district_en": "Haveri", "lgd_code": null }, "geometry": { "type": "Polygon", "coordinates": [ [ [ 75.5538, 14.7836 ], [ 75.5755, 14.7447 ], [ 75.6043, 14.7159 ], [ 75.6045, 14.7003 ], [ 75.5514, 14.7074 ], [ 75.5442, 14.6889 ], [ 75.5155, 14.6841 ], [ 75.5355, 14.6629 ], [ 75.5332, 14.6188 ], [ 75.5191, 14.6174 ], [ 75.5006, 14.5876 ], [ 75.4601, 14.5841 ], [ 75.4535, 14.6043 ], [ 75.4392, 14.6079 ], [ 75.4373, 14.5912 ], [ 75.4172, 14.5913 ], [ 75.4131, 14.6093 ], [ 75.4208, 14.6324 ], [ 75.4324, 14.6454 ], [ 75.4678, 14.6532 ], [ 75.4527, 14.6901 ], [ 75.4395, 14.6887 ], [ 75.4388, 14.6812 ], [ 75.4342, 14.6923 ], [ 75.4046, 14.6843 ], [ 75.399, 14.7018 ], [ 75.408, 14.7105 ], [ 75.453, 14.7198 ], [ 75.4489, 14.7615 ], [ 75.4973, 14.7637 ], [ 75.5054, 14.775 ], [ 75.5538, 14.7836 ] ] ] } },
{ "type": "Feature", "properties": { "area_id": "KGIS-H-110502", "name_en": "Kaginelli", "name_kn": "", "level": "panchayat", "parent_id": "KGIS-T-1105", "district_en": "Haveri", "lgd_code": null }, "geometry": { "type": "Polygon", "coordinates": [ [ [ 75.3621, 14.7171 ], [ 75.3819, 14.7161 ], [ 75.399, 14.7017 ], [ 75.4046, 14.6843 ], [ 75.4342, 14.6923 ], [ 75.4388, 14.6812 ], [ 75.4395, 14.6887 ], [ 75.4527, 14.6901 ], [ 75.4678, 14.6532 ], [ 75.4324, 14.6454 ], [ 75.4131, 14.6093 ], [ 75.3715, 14.6073 ], [ 75.3733, 14.575 ], [ 75.3435, 14.58 ], [ 75.3435, 14.5898 ], [ 75.3286, 14.5921 ], [ 75.3205, 14.605 ], [ 75.2981, 14.6053 ], [ 75.2805, 14.5937 ], [ 75.252, 14.6115 ], [ 75.2476, 14.6294 ], [ 75.257, 14.6314 ], [ 75.2518, 14.6425 ], [ 75.2883, 14.6522 ], [ 75.2937, 14.6646 ], [ 75.3158, 14.6657 ], [ 75.3353, 14.7061 ], [ 75.3578, 14.708 ], [ 75.3621, 14.7171 ] ] ] } },
{ "type": "Feature", "properties": { "area_id": "KGIS-H-110601", "name_en": "Hirekerura", "name_kn": "", "level": "panchayat", "parent_id": "KGIS-T-1106", "district_en": "Haveri", "lgd_code": null }, "geometry": { "type": "MultiPolygon", "coordinates": [ [ [ [ 75.3593, 14.4944 ], [ 75.3841, 14.4906 ], [ 75.3893, 14.4732 ], [ 75.4061, 14.4876 ], [ 75.4269, 14.4792 ], [ 75.4414, 14.4834 ], [ 75.4569, 14.4738 ], [ 75.4622, 14.4505 ], [ 75.4201, 14.452 ], [ 75.429, 14.4393 ], [ 75.4256, 14.3974 ], [ 75.4393, 14.3938 ], [ 75.4481, 14.3758 ], [ 75.4328, 14.3777 ], [ 75.4461, 14.3547 ], [ 75.4434, 14.3375 ], [ 75.3493, 14.3888 ], [ 75.359, 14.4092 ], [ 75.3777, 14.4074 ], [ 75.3805, 14.4149 ], [ 75.3823, 14.4338 ], [ 75.3648, 14.4415 ], [ 75.355, 14.4288 ], [ 75.3391, 14.4374 ], [ 75.3471, 14.4566 ], [ 75.3411, 14.4757 ], [ 75.3464, 14.4855 ], [ 75.3579, 14.4815 ], [ 75.3593, 14.4944 ] ] ], [ [ [ 75.4535, 14.6043 ], [ 75.4601, 14.5841 ], [ 75.4901, 14.5873 ], [ 75.4856, 14.564 ], [ 75.4955, 14.5554 ], [ 75.4981, 14.5379 ], [ 75.4852, 14.5307 ], [ 75.4746, 14.4953 ], [ 75.4452, 14.5045 ], [ 75.4425, 14.4932 ], [ 75.4273, 14.5085 ], [ 75.4354, 14.5364 ], [ 75.4173, 14.5913 ], [ 75.4373, 14.5912 ], [ 75.4392, 14.6079 ], [ 75.4535, 14.6043 ] ] ] ] } },
{ "type": "Feature", "properties": { "area_id": "KGIS-H-110603", "name_en": "Hansabhavi", "name_kn": "", "level": "panchayat", "parent_id": "KGIS-T-1106", "district_en": "Haveri", "lgd_code": null }, "geometry": { "type": "Polygon", "coordinates": [ [ [ 75.4162, 14.6071 ], [ 75.4171, 14.577 ], [ 75.4227, 14.564 ], [ 75.4312, 14.5625 ], [ 75.4258, 14.5563 ], [ 75.4354, 14.5364 ], [ 75.4273, 14.5085 ], [ 75.4427, 14.4931 ], [ 75.4336, 14.4789 ], [ 75.4038, 14.4875 ], [ 75.3893, 14.4732 ], [ 75.3841, 14.4906 ], [ 75.3642, 14.4962 ], [ 75.3579, 14.4815 ], [ 75.3464, 14.4855 ], [ 75.3288, 14.4953 ], [ 75.3213, 14.5128 ], [ 75.274, 14.5107 ], [ 75.2672, 14.5143 ], [ 75.2683, 14.528 ], [ 75.2795, 14.535 ], [ 75.2866, 14.5298 ], [ 75.2976, 14.5398 ], [ 75.2898, 14.5563 ], [ 75.2654, 14.5809 ], [ 75.2438, 14.5776 ], [ 75.2409, 14.5553 ], [ 75.2255, 14.567 ], [ 75.2309, 14.579 ], [ 75.2233, 14.585 ], [ 75.223, 14.609 ], [ 75.2261, 14.6096 ], [ 75.2441, 14.5981 ], [ 75.2612, 14.6069 ], [ 75.2805, 14.5937 ], [ 75.2981, 14.6053 ], [ 75.3205, 14.605 ], [ 75.3286, 14.5921 ], [ 75.3435, 14.5898 ], [ 75.3435, 14.58 ], [ 75.3733, 14.575 ], [ 75.3715, 14.6073 ], [ 75.4162, 14.6071 ] ] ] } },
{ "type": "Feature", "properties": { "area_id": "KGIS-H-110701", "name_en": "Ranebennura", "name_kn": "", "level": "panchayat", "parent_id": "KGIS-T-1107", "district_en": "Haveri", "lgd_code": null }, "geometry": { "type": "Polygon", "coordinates": [ [ [ 75.6219, 14.7655 ], [ 75.6594, 14.7647 ], [ 75.6583, 14.7488 ], [ 75.6806, 14.7482 ], [ 75.6776, 14.7205 ], [ 75.6389, 14.7323 ], [ 75.6399, 14.7264 ], [ 75.6256, 14.7262 ], [ 75.6147, 14.7126 ], [ 75.631, 14.6996 ], [ 75.6287, 14.6732 ], [ 75.6815, 14.672 ], [ 75.6759, 14.6432 ], [ 75.6808, 14.6294 ], [ 75.7106, 14.6105 ], [ 75.7138, 14.6003 ], [ 75.6914, 14.5824 ], [ 75.7022, 14.5686 ], [ 75.7006, 14.5443 ], [ 75.6852, 14.5478 ], [ 75.6833, 14.5623 ], [ 75.644, 14.553 ], [ 75.6404, 14.5809 ], [ 75.6059, 14.5915 ], [ 75.595, 14.5441 ], [ 75.5471, 14.5655 ], [ 75.5479, 14.5269 ], [ 75.5387, 14.5164 ], [ 75.5264, 14.5211 ], [ 75.5161, 14.5388 ], [ 75.4973, 14.5383 ], [ 75.4955, 14.5554 ], [ 75.4856, 14.564 ], [ 75.4901, 14.5873 ], [ 75.5006, 14.5876 ], [ 75.5191, 14.6174 ], [ 75.5332, 14.6188 ], [ 75.5355, 14.6629 ], [ 75.5151, 14.6834 ], [ 75.5442, 14.6889 ], [ 75.5514, 14.7074 ], [ 75.6045, 14.7003 ], [ 75.6043, 14.7159 ], [ 75.5908, 14.734 ], [ 75.6172, 14.7389 ], [ 75.6219, 14.7655 ] ] ] } },
{ "type": "Feature", "properties": { "area_id": "KGIS-H-110702", "name_en": "Kuppelura", "name_kn": "", "level": "panchayat", "parent_id": "KGIS-T-1107", "district_en": "Haveri", "lgd_code": null }, "geometry": { "type": "Polygon", "coordinates": [ [ [ 75.6059, 14.5915 ], [ 75.6404, 14.5809 ], [ 75.644, 14.553 ], [ 75.6833, 14.5623 ], [ 75.6852, 14.5478 ], [ 75.7168, 14.543 ], [ 75.7162, 14.5286 ], [ 75.732, 14.5201 ], [ 75.7317, 14.5418 ], [ 75.7647, 14.5352 ], [ 75.7685, 14.5455 ], [ 75.789, 14.541 ], [ 75.794, 14.554 ], [ 75.8015, 14.5451 ], [ 75.7992, 14.5124 ], [ 75.7578, 14.5148 ], [ 75.7148, 14.4729 ], [ 75.6995, 14.4927 ], [ 75.6868, 14.4913 ], [ 75.6621, 14.4515 ], [ 75.6611, 14.4605 ], [ 75.6366, 14.4665 ], [ 75.6307, 14.4459 ], [ 75.6375, 14.4417 ], [ 75.6342, 14.4329 ], [ 75.644, 14.4312 ], [ 75.6386, 14.4058 ], [ 75.6102, 14.4029 ], [ 75.6094, 14.4113 ], [ 75.5952, 14.4153 ], [ 75.6049, 14.4548 ], [ 75.5695, 14.4529 ], [ 75.5646, 14.4778 ], [ 75.5493, 14.4786 ], [ 75.5535, 14.4996 ], [ 75.5387, 14.5164 ], [ 75.548, 14.5273 ], [ 75.5471, 14.5655 ], [ 75.595, 14.5441 ], [ 75.6059, 14.5915 ] ] ] } },
{ "type": "Feature", "properties": { "area_id": "KGIS-H-110703", "name_en": "Medleri", "name_kn": "", "level": "panchayat", "parent_id": "KGIS-T-1107", "district_en": "Haveri", "lgd_code": null }, "geometry": { "type": "Polygon", "coordinates": [ [ [ 75.68, 14.7967 ], [ 75.6918, 14.7832 ], [ 75.7155, 14.7799 ], [ 75.7232, 14.7706 ], [ 75.7043, 14.7239 ], [ 75.7157, 14.7188 ], [ 75.76, 14.7377 ], [ 75.7639, 14.7216 ], [ 75.7413, 14.7001 ], [ 75.7415, 14.6846 ], [ 75.7685, 14.6752 ], [ 75.7959, 14.6832 ], [ 75.8085, 14.657 ], [ 75.8045, 14.599 ], [ 75.8187, 14.5627 ], [ 75.8009, 14.5447 ], [ 75.794, 14.554 ], [ 75.789, 14.541 ], [ 75.7685, 14.5455 ], [ 75.7647, 14.5352 ], [ 75.7317, 14.5418 ], [ 75.732, 14.5201 ], [ 75.7162, 14.5286 ], [ 75.7168, 14.543 ], [ 75.7006, 14.5443 ], [ 75.7022, 14.5686 ], [ 75.6914, 14.5824 ], [ 75.7138, 14.6003 ], [ 75.7106, 14.6105 ], [ 75.6808, 14.6294 ], [ 75.6759, 14.6432 ], [ 75.6815, 14.672 ], [ 75.6287, 14.6732 ], [ 75.631, 14.6996 ], [ 75.6147, 14.7126 ], [ 75.6256, 14.7262 ], [ 75.6399, 14.7264 ], [ 75.6389, 14.7323 ], [ 75.6776, 14.7205 ], [ 75.6806, 14.7482 ], [ 75.6583, 14.7488 ], [ 75.6594, 14.7647 ], [ 75.6219, 14.7655 ], [ 75.6172, 14.7389 ], [ 75.5858, 14.7346 ], [ 75.5664, 14.7641 ], [ 75.5755, 14.7697 ], [ 75.6088, 14.7665 ], [ 75.6133, 14.7925 ], [ 75.6459, 14.7941 ], [ 75.6515, 14.7844 ], [ 75.6614, 14.7998 ], [ 75.68, 14.7967 ] ] ] } },
{ "type": "Feature", "properties": { "area_id": "KGIS-H-110801", "name_en": "Hirekerura", "name_kn": "", "level": "panchayat", "parent_id": "KGIS-T-1108", "district_en": "Haveri", "lgd_code": null }, "geometry": { "type": "MultiPolygon", "coordinates": [ [ [ [ 75.449, 14.4223 ], [ 75.4453, 14.3925 ], [ 75.4726, 14.3869 ], [ 75.4727, 14.3945 ], [ 75.4849, 14.3947 ], [ 75.4853, 14.3846 ], [ 75.4977, 14.3813 ], [ 75.4876, 14.3674 ], [ 75.4606, 14.3747 ], [ 75.4585, 14.3673 ], [ 75.4453, 14.3724 ], [ 75.4406, 14.3606 ], [ 75.435, 14.3644 ], [ 75.4328, 14.3777 ], [ 75.4481, 14.3758 ], [ 75.4393, 14.3938 ], [ 75.4256, 14.3974 ], [ 75.4291, 14.4186 ], [ 75.449, 14.4223 ] ] ], [ [ [ 75.4211, 14.4544 ], [ 75.4506, 14.4529 ], [ 75.4523, 14.4407 ], [ 75.4241, 14.4392 ], [ 75.4211, 14.4544 ] ] ], [ [ [ 75.5164, 14.5369 ], [ 75.5535, 14.4996 ], [ 75.551, 14.4753 ], [ 75.4815, 14.4697 ], [ 75.4413, 14.4834 ], [ 75.4452, 14.5045 ], [ 75.4746, 14.4953 ], [ 75.4852, 14.5307 ], [ 75.5164, 14.5369 ] ] ] ] } },
{ "type": "Feature", "properties": { "area_id": "KGIS-H-110802", "name_en": "Ratteehalli", "name_kn": "", "level": "panchayat", "parent_id": "KGIS-T-1108", "district_en": "Haveri", "lgd_code": null }, "geometry": { "type": "Polygon", "coordinates": [ [ [ 75.5646, 14.4778 ], [ 75.5695, 14.4529 ], [ 75.6049, 14.4548 ], [ 75.5952, 14.4153 ], [ 75.6094, 14.4113 ], [ 75.6102, 14.4029 ], [ 75.6386, 14.4058 ], [ 75.6224, 14.3459 ], [ 75.6349, 14.3179 ], [ 75.6109, 14.3158 ], [ 75.6035, 14.2931 ], [ 75.5874, 14.2888 ], [ 75.5832, 14.2781 ], [ 75.5493, 14.2738 ], [ 75.5351, 14.2775 ], [ 75.5337, 14.2903 ], [ 75.5039, 14.3079 ], [ 75.5011, 14.3437 ], [ 75.4896, 14.3477 ], [ 75.4879, 14.3391 ], [ 75.4767, 14.3452 ], [ 75.4774, 14.3178 ], [ 75.4434, 14.3375 ], [ 75.4423, 14.3706 ], [ 75.4581, 14.3672 ], [ 75.4608, 14.3747 ], [ 75.478, 14.3649 ], [ 75.4977, 14.3813 ], [ 75.4853, 14.3846 ], [ 75.4849, 14.3947 ], [ 75.4727, 14.3945 ], [ 75.4726, 14.3869 ], [ 75.4453, 14.3925 ], [ 75.449, 14.4228 ], [ 75.4294, 14.4219 ], [ 75.4288, 14.4385 ], [ 75.4496, 14.4387 ], [ 75.4506, 14.4529 ], [ 75.4622, 14.4505 ], [ 75.4569, 14.4738 ], [ 75.5646, 14.4778 ] ] ] } },
{ "type": "Feature", "properties": { "area_id": "KGIS-H-120101", "name_en": "Hadagali", "name_kn": "", "level": "panchayat", "parent_id": "KGIS-T-1201", "district_en": "Ballari", "lgd_code": null }, "geometry": { "type": "Polygon", "coordinates": [ [ [ 75.9804, 15.1515 ], [ 76.0248, 15.1432 ], [ 76.0259, 15.0929 ], [ 76.0026, 15.0898 ], [ 75.9926, 15.1128 ], [ 75.967, 15.1118 ], [ 75.9575, 15.0987 ], [ 75.9602, 15.0688 ], [ 75.9653, 15.0605 ], [ 75.9802, 15.0637 ], [ 75.9816, 15.0418 ], [ 75.9792, 15.0342 ], [ 75.9686, 15.0341 ], [ 75.969, 15.0235 ], [ 75.9584, 15.0214 ], [ 75.9582, 14.9879 ], [ 75.944, 14.9793 ], [ 75.9464, 14.9673 ], [ 75.9406, 14.9665 ], [ 75.949, 14.9403 ], [ 75.9407, 14.9292 ], [ 75.9659, 14.9014 ], [ 75.9401, 14.9001 ], [ 75.9346, 14.8914 ], [ 75.9037, 14.8839 ], [ 75.887, 14.8684 ], [ 75.8691, 14.8664 ], [ 75.8659, 14.8549 ], [ 75.8535, 14.8633 ], [ 75.856, 14.8823 ], [ 75.8478, 14.8846 ], [ 75.852, 14.9266 ], [ 75.8626, 14.9274 ], [ 75.8489, 14.9491 ], [ 75.7898, 14.9529 ], [ 75.7945, 14.9405 ], [ 75.8135, 14.9451 ], [ 75.8132, 14.9319 ], [ 75.7979, 14.9303 ], [ 75.7921, 14.9005 ], [ 75.7729, 14.9025 ], [ 75.7556, 14.9196 ], [ 75.7406, 14.9186 ], [ 75.7372, 14.9435 ], [ 75.7789, 14.977 ], [ 75.7838, 14.9995 ], [ 75.8091, 15.0263 ], [ 75.8308, 15.0281 ], [ 75.8477, 15.0446 ], [ 75.8722, 15.0349 ], [ 75.8841, 15.0528 ], [ 75.9058, 15.0578 ], [ 75.9083, 15.0791 ], [ 75.8849, 15.1041 ], [ 75.9022, 15.1304 ], [ 75.9283, 15.1406 ], [ 75.9602, 15.1375 ], [ 75.9804, 15.1515 ] ] ] } },
{ "type": "Feature", "properties": { "area_id": "KGIS-H-120102", "name_en": "Ittigi", "name_kn": "", "level": "panchayat", "parent_id": "KGIS-T-1201", "district_en": "Ballari", "lgd_code": null }, "geometry": { "type": "Polygon", "coordinates": [ [ [ 75.9625, 15.1096 ], [ 75.9944, 15.1125 ], [ 76.0026, 15.0898 ], [ 76.0141, 15.0906 ], [ 76.0161, 15.0681 ], [ 76.0401, 15.0711 ], [ 76.0364, 15.0194 ], [ 76.0577, 15.0188 ], [ 76.0664, 14.9816 ], [ 76.1095, 14.9842 ], [ 76.1079, 14.9308 ], [ 76.084, 14.9189 ], [ 76.1207, 14.9208 ], [ 76.115, 14.9059 ], [ 76.1209, 14.908 ], [ 76.1205, 14.8696 ], [ 76.0722, 14.8677 ], [ 76.0646, 14.8873 ], [ 76.0847, 14.9128 ], [ 76.0683, 14.9087 ], [ 76.0505, 14.9176 ], [ 76.0471, 14.9312 ], [ 76.0325, 14.925 ], [ 76.0109, 14.8968 ], [ 76.011, 14.9055 ], [ 75.9982, 14.8975 ], [ 75.9838, 14.9082 ], [ 75.975, 14.9003 ], [ 75.9407, 14.9292 ], [ 75.949, 14.9403 ], [ 75.9406, 14.9665 ], [ 75.9464, 14.9673 ], [ 75.944, 14.9793 ], [ 75.9582, 14.9879 ], [ 75.9584, 15.0214 ], [ 75.969, 15.0235 ], [ 75.9686, 15.0341 ], [ 75.9792, 15.0342 ], [ 75.9816, 15.0418 ], [ 75.9802, 15.0637 ], [ 75.9653, 15.0605 ], [ 75.9602, 15.0688 ], [ 75.9575, 15.0987 ], [ 75.9625, 15.1096 ] ] ] } },
{ "type": "Feature", "properties": { "area_id": "KGIS-H-120103", "name_en": "Hirehadagali", "name_kn": "", "level": "panchayat", "parent_id": "KGIS-T-1201", "district_en": "Ballari", "lgd_code": null }, "geometry": { "type": "Polygon", "coordinates": [ [ [ 75.7898, 14.9529 ], [ 75.8384, 14.9535 ], [ 75.8627, 14.9351 ], [ 75.8625, 14.9268 ], [ 75.852, 14.9266 ], [ 75.8479, 14.887 ], [ 75.8328, 14.8832 ], [ 75.8258, 14.8995 ], [ 75.8163, 14.9 ], [ 75.8019, 14.8748 ], [ 75.8109, 14.8448 ], [ 75.8059, 14.8403 ], [ 75.8329, 14.8136 ], [ 75.8322, 14.7939 ], [ 75.8241, 14.7773 ], [ 75.7975, 14.7679 ], [ 75.7742, 14.7892 ], [ 75.7565, 14.7739 ], [ 75.7561, 14.7402 ], [ 75.7117, 14.7196 ], [ 75.7021, 14.7281 ], [ 75.7219, 14.7543 ], [ 75.7208, 14.776 ], [ 75.6918, 14.7832 ], [ 75.6639, 14.8054 ], [ 75.6906, 14.8568 ], [ 75.7119, 14.8524 ], [ 75.7224, 14.8641 ], [ 75.7324, 14.8637 ], [ 75.7392, 14.8871 ], [ 75.7278, 14.8973 ], [ 75.6967, 14.8913 ], [ 75.6832, 14.9392 ], [ 75.7244, 14.9497 ], [ 75.7372, 14.9435 ], [ 75.7406, 14.9186 ], [ 75.7556, 14.9196 ], [ 75.7729, 14.9025 ], [ 75.7921, 14.9005 ], [ 75.7979, 14.9303 ], [ 75.8132, 14.9319 ], [ 75.8135, 14.9451 ], [ 75.7945, 14.9405 ], [ 75.7898, 14.9529 ] ] ] } },
{ "type": "Feature", "properties": { "area_id": "KGIS-H-120201", "name_en": "Hagaribommanahalli", "name_kn": "", "level": "panchayat", "parent_id": "KGIS-T-1202", "district_en": "Ballari", "lgd_code": null }, "geometry": { "type": "Polygon", "coordinates": [ [ [ 76.3003, 15.1187 ], [ 76.3169, 15.118 ], [ 76.3164, 15.105 ], [ 76.3443, 15.119 ], [ 76.3517, 15.0937 ], [ 76.3359, 15.0749 ], [ 76.317, 15.0759 ], [ 76.314, 15.0474 ], [ 76.2764, 15.0264 ], [ 76.2502, 15.0245 ], [ 76.2505, 15.0156 ], [ 76.2314, 15.0045 ], [ 76.2148, 15.0038 ], [ 76.2148, 15.0215 ], [ 76.2063, 15.0306 ], [ 76.1561, 15.0263 ], [ 76.1539, 15.0336 ], [ 76.129, 15.0379 ], [ 76.1282, 15.082 ], [ 76.1793, 15.0774 ], [ 76.1825, 15.0918 ], [ 76.171, 15.103 ], [ 76.2084, 15.1128 ], [ 76.25, 15.1128 ], [ 76.2677, 15.1215 ], [ 76.2785, 15.1172 ], [ 76.2877, 15.1295 ], [ 76.3003, 15.1187 ] ] ] } },
{ "type": "Feature", "properties": { "area_id": "KGIS-H-120202", "name_en": "Kogali", "name_kn": "", "level": "panchayat", "parent_id": "KGIS-T-1202", "district_en": "Ballari", "lgd_code": null }, "geometry": { "type": "Polygon", "coordinates": [ [ [ 76.3266, 15.0283 ], [ 76.3345, 15.028 ], [ 76.3647, 14.9911 ], [ 76.3577, 14.9737 ], [ 76.329, 14.9689 ], [ 76.3291, 14.948 ], [ 76.3191, 14.9334 ], [ 76.2867, 14.9381 ], [ 76.27, 14.9154 ], [ 76.2466, 14.9163 ], [ 76.2195, 14.9393 ], [ 76.2063, 14.9382 ], [ 76.1866, 14.9601 ], [ 76.1426, 14.9541 ], [ 76.1257, 14.9446 ], [ 76.1246, 14.9333 ], [ 76.1086, 14.9338 ], [ 76.1095, 14.9842 ], [ 76.1365, 14.9826 ], [ 76.1385, 15.0188 ], [ 76.1524, 15.0266 ], [ 76.2063, 15.0306 ], [ 76.2148, 15.0215 ], [ 76.2148, 15.0038 ], [ 76.2314, 15.0045 ], [ 76.2505, 15.0156 ], [ 76.2502, 15.0245 ], [ 76.2764, 15.0264 ], [ 76.311, 15.0489 ], [ 76.3266, 15.0283 ] ], [ [ 76.1544, 15.0217 ], [ 76.1566, 15.0232 ], [ 76.1545, 15.0232 ], [ 76.1544, 15.0217 ] ] ] } },
{ "type": "Feature", "properties": { "area_id": "KGIS-H-120203", "name_en": "Hampasagara", "name_kn": "", "level": "panchayat", "parent_id": "KGIS-T-1202", "district_en": "Ballari", "lgd_code": null }, "geometry": { "type": "MultiPolygon", "coordinates": [ [ [ [ 76.1565, 15.0219 ], [ 76.1545, 15.0232 ], [ 76.1566, 15.0232 ], [ 76.1565, 15.0219 ] ] ], [ [ [ 76.0941, 15.1581 ], [ 76.1046, 15.13 ], [ 76.1001, 15.1252 ], [ 76.1194, 15.1259 ], [ 76.129, 15.0379 ], [ 76.1539, 15.0336 ], [ 76.1561, 15.0263 ], [ 76.1385, 15.0188 ], [ 76.1365, 14.9826 ], [ 76.0664, 14.9816 ], [ 76.0577, 15.0188 ], [ 76.0364, 15.0194 ], [ 76.0401, 15.0711 ], [ 76.0161, 15.0681 ], [ 76.0141, 15.0906 ], [ 76.0259, 15.0926 ], [ 76.0248, 15.1432 ], [ 76.0418, 15.1443 ], [ 76.0583, 15.1577 ], [ 76.0941, 15.1581 ] ] ] ] } },
{ "type": "Feature", "properties": { "area_id": "KGIS-H-120204", "name_en": "Tambrahalli", "name_kn": "", "level": "panchayat", "parent_id": "KGIS-T-1202", "district_en": "Ballari", "lgd_code": null }, "geometry": { "type": "Polygon", "coordinates": [ [ [ 76.3334, 15.2598 ], [ 76.362, 15.2471 ], [ 76.358, 15.2409 ], [ 76.3495, 15.2473 ], [ 76.3457, 15.247 ], [ 76.3558, 15.2408 ], [ 76.3621, 15.2125 ], [ 76.3362, 15.2068 ], [ 76.3326, 15.1648 ], [ 76.3272, 15.1674 ], [ 76.3242, 15.1524 ], [ 76.3099, 15.1502 ], [ 76.3179, 15.1187 ], [ 76.3021, 15.1173 ], [ 76.2877, 15.1295 ], [ 76.2785, 15.1172 ], [ 76.2677, 15.1215 ], [ 76.25, 15.1128 ], [ 76.2084, 15.1128 ], [ 76.171, 15.103 ], [ 76.1825, 15.0918 ], [ 76.1793, 15.0774 ], [ 76.1282, 15.082 ], [ 76.1194, 15.1259 ], [ 76.1001, 15.1252 ], [ 76.1038, 15.1326 ], [ 76.0909, 15.1542 ], [ 76.114, 15.1998 ], [ 76.1571, 15.1973 ], [ 76.1583, 15.2129 ], [ 76.1933, 15.2356 ], [ 76.2305, 15.2312 ], [ 76.2189, 15.1975 ], [ 76.231, 15.1886 ], [ 76.2462, 15.1899 ], [ 76.2585, 15.2067 ], [ 76.2695, 15.2072 ], [ 76.3156, 15.2499 ], [ 76.3275, 15.2577 ], [ 76.3368, 15.2536 ], [ 76.3334, 15.2598 ] ] ] } },
{ "type": "Feature", "properties": { "area_id": "KGIS-H-120301", "name_en": "Hosapete", "name_kn": "", "level": "panchayat", "parent_id": "KGIS-T-1203", "district_en": "Ballari", "lgd_code": null }, "geometry": { "type": "MultiPolygon", "coordinates": [ [ [ [ 76.3555, 15.2414 ], [ 76.3702, 15.2196 ], [ 76.3792, 15.2182 ], [ 76.3644, 15.2123 ], [ 76.3569, 15.2185 ], [ 76.3558, 15.2408 ], [ 76.3457, 15.247 ], [ 76.3555, 15.2414 ] ] ], [ [ [ 76.3846, 15.3304 ], [ 76.3983, 15.3268 ], [ 76.3969, 15.3219 ], [ 76.3916, 15.3224 ], [ 76.3876, 15.3198 ], [ 76.387, 15.3169 ], [ 76.3936, 15.3211 ], [ 76.424, 15.309 ], [ 76.419, 15.2933 ], [ 76.4242, 15.2762 ], [ 76.4029, 15.2672 ], [ 76.4159, 15.2456 ], [ 76.4073, 15.2361 ], [ 76.3819, 15.2465 ], [ 76.3786, 15.2566 ], [ 76.3695, 15.2519 ], [ 76.4077, 15.2344 ], [ 76.4007, 15.2285 ], [ 76.4204, 15.2182 ], [ 76.4243, 15.2099 ], [ 76.4186, 15.2053 ], [ 76.4001, 15.2238 ], [ 76.3855, 15.2213 ], [ 76.3734, 15.2305 ], [ 76.3758, 15.2386 ], [ 76.3385, 15.2636 ], [ 76.3498, 15.2739 ], [ 76.3449, 15.2899 ], [ 76.3534, 15.3149 ], [ 76.3846, 15.3304 ] ] ] ] } },
{ "type": "Feature", "properties": { "area_id": "KGIS-H-120302", "name_en": "Kamalapura", "name_kn": "", "level": "panchayat", "parent_id": "KGIS-T-1203", "district_en": "Ballari", "lgd_code": null }, "geometry": { "type": "Polygon", "coordinates": [ [ [ 76.5436, 15.1918 ], [ 76.539, 15.1867 ], [ 76.533, 15.1959 ], [ 76.5011, 15.1927 ], [ 76.4898, 15.183 ], [ 76.4812, 15.1918 ], [ 76.4928, 15.2128 ], [ 76.4637, 15.2249 ], [ 76.4491, 15.2194 ], [ 76.4327, 15.2322 ], [ 76.4336, 15.2438 ], [ 76.4237, 15.2454 ], [ 76.4292, 15.2743 ], [ 76.419, 15.2933 ], [ 76.424, 15.309 ], [ 76.3876, 15.3198 ], [ 76.4284, 15.3362 ], [ 76.4674, 15.337 ], [ 76.4771, 15.3484 ], [ 76.4932, 15.3452 ], [ 76.5406, 15.3813 ], [ 76.5532, 15.3733 ], [ 76.558, 15.3668 ], [ 76.5522, 15.3494 ], [ 76.5757, 15.3478 ], [ 76.5936, 15.3243 ], [ 76.5808, 15.3111 ], [ 76.6149, 15.3175 ], [ 76.6185, 15.3112 ], [ 76.6179, 15.3029 ], [ 76.6059, 15.3064 ], [ 76.6072, 15.3011 ], [ 76.5878, 15.3011 ], [ 76.5826, 15.2939 ], [ 76.601, 15.2794 ], [ 76.5828, 15.2569 ], [ 76.6158, 15.2849 ], [ 76.6269, 15.2841 ], [ 76.635, 15.2733 ], [ 76.6547, 15.2741 ], [ 76.6566, 15.2628 ], [ 76.6316, 15.2604 ], [ 76.642, 15.2391 ], [ 76.6285, 15.23 ], [ 76.6151, 15.2002 ], [ 76.5735, 15.1929 ], [ 76.5767, 15.1859 ], [ 76.5436, 15.1918 ] ], [ [ 76.5682, 15.3329 ], [ 76.5681, 15.3299 ], [ 76.5694, 15.3321 ], [ 76.5682, 15.3329 ] ], [ [ 76.5632, 15.3335 ], [ 76.5642, 15.3304 ], [ 76.5643, 15.3331 ], [ 76.5632, 15.3335 ] ], [ [ 76.5711, 15.3359 ], [ 76.5695, 15.3345 ], [ 76.5721, 15.3353 ], [ 76.5711, 15.3359 ] ] ] } },
{ "type": "Feature", "properties": { "area_id": "KGIS-H-120304", "name_en": "Mariyammanahalli", "name_kn": "", "level": "panchayat", "parent_id": "KGIS-T-1203", "district_en": "Ballari", "lgd_code": null }, "geometry": { "type": "MultiPolygon", "coordinates": [ [ [ [ 76.3792, 15.2182 ], [ 76.4162, 15.17 ], [ 76.405, 15.1599 ], [ 76.4121, 15.1424 ], [ 76.4233, 15.1378 ], [ 76.3975, 15.126 ], [ 76.4201, 15.1182 ], [ 76.441, 15.1223 ], [ 76.4352, 15.1077 ], [ 76.4469, 15.1067 ], [ 76.4493, 15.0867 ], [ 76.4728, 15.0575 ], [ 76.4747, 15.042 ], [ 76.4644, 15.048 ], [ 76.4521, 15.0387 ], [ 76.4317, 15.0422 ], [ 76.411, 15.0608 ], [ 76.3936, 15.0635 ], [ 76.406, 15.0297 ], [ 76.3772, 15.0216 ], [ 76.3776, 15.0059 ], [ 76.3631, 14.995 ], [ 76.3345, 15.028 ], [ 76.322, 15.0287 ], [ 76.3108, 15.0427 ], [ 76.317, 15.0759 ], [ 76.3359, 15.0749 ], [ 76.3517, 15.0937 ], [ 76.3443, 15.119 ], [ 76.3164, 15.105 ], [ 76.32, 15.1237 ], [ 76.3099, 15.1502 ], [ 76.3242, 15.1524 ], [ 76.3272, 15.1674 ], [ 76.3326, 15.1648 ], [ 76.3362, 15.2068 ], [ 76.3792, 15.2182 ] ] ], [ [ [ 76.3473, 15.269 ], [ 76.3338, 15.2606 ], [ 76.3368, 15.2536 ], [ 76.3275, 15.2577 ], [ 76.3156, 15.2498 ], [ 76.3449, 15.2757 ], [ 76.3473, 15.269 ] ] ] ] } },
{ "type": "Feature", "properties": { "area_id": "KGIS-H-120401", "name_en": "Siruguppa", "name_kn": "", "level": "panchayat", "parent_id": "KGIS-T-1204", "district_en": "Ballari", "lgd_code": null }, "geometry": { "type": "Polygon", "coordinates": [ [ [ 76.9388, 15.7455 ], [ 76.9908, 15.7331 ], [ 76.996, 15.6888 ], [ 77.0065, 15.6878 ], [ 77.0077, 15.6666 ], [ 77.0375, 15.6587 ], [ 77.0269, 15.5706 ], [ 76.9835, 15.5671 ], [ 76.9457, 15.5793 ], [ 76.9477, 15.5932 ], [ 76.9606, 15.6032 ], [ 76.9314, 15.6152 ], [ 76.9021, 15.6081 ], [ 76.8999, 15.616 ], [ 76.8644, 15.6285 ], [ 76.8391, 15.6189 ], [ 76.8352, 15.6065 ], [ 76.832, 15.624 ], [ 76.8591, 15.6448 ], [ 76.8877, 15.685 ], [ 76.9086, 15.6932 ], [ 76.9244, 15.7313 ], [ 76.9388, 15.7455 ] ] ] } },
{ "type": "Feature", "properties": { "area_id": "KGIS-H-120402", "name_en": "Hachcholli", "name_kn": "", "level": "panchayat", "parent_id": "KGIS-T-1204", "district_en": "Ballari", "lgd_code": null }, "geometry": { "type": "Polygon", "coordinates": [ [ [ 77.0364, 15.829 ], [ 77.0663, 15.8265 ], [ 77.0662, 15.7848 ], [ 77.0602, 15.7863 ], [ 77.0508, 15.764 ], [ 77.0544, 15.7565 ], [ 77.0478, 15.7562 ], [ 77.0492, 15.73 ], [ 77.0801, 15.7275 ], [ 77.079, 15.7161 ], [ 77.0879, 15.7147 ], [ 77.0787, 15.6951 ], [ 77.1283, 15.6659 ], [ 77.1214, 15.6309 ], [ 77.083, 15.6589 ], [ 77.0712, 15.6455 ], [ 77.0347, 15.6368 ], [ 77.0375, 15.6587 ], [ 77.0077, 15.6666 ], [ 77.0065, 15.6878 ], [ 76.996, 15.6888 ], [ 76.9908, 15.7331 ], [ 76.933, 15.7478 ], [ 77.0244, 15.8376 ], [ 77.0364, 15.829 ] ] ] } },
{ "type": "Feature", "properties": { "area_id": "KGIS-H-120403", "name_en": "Karuru", "name_kn": "", "level": "panchayat", "parent_id": "KGIS-T-1204", "district_en": "Ballari", "lgd_code": null }, "geometry": { "type": "Polygon", "coordinates": [ [ [ 76.9, 15.5179 ], [ 76.913, 15.547 ], [ 76.9018, 15.5523 ], [ 76.9049, 15.5623 ], [ 76.9103, 15.57 ], [ 76.9416, 15.5688 ], [ 76.9426, 15.5806 ], [ 76.9835, 15.5671 ], [ 77.0269, 15.5706 ], [ 77.0285, 15.5002 ], [ 76.9745, 15.5107 ], [ 76.9747, 15.4956 ], [ 76.9982, 15.4776 ], [ 77.01, 15.4498 ], [ 77.0346, 15.4317 ], [ 77.0288, 15.4055 ], [ 77.045, 15.3937 ], [ 77.0443, 15.3774 ], [ 77.0066, 15.3711 ], [ 76.9876, 15.3793 ], [ 76.9655, 15.3575 ], [ 76.9383, 15.3571 ], [ 76.9307, 15.3864 ], [ 76.9097, 15.3858 ], [ 76.8928, 15.3748 ], [ 76.8801, 15.3876 ], [ 76.8921, 15.3929 ], [ 76.8845, 15.4729 ], [ 76.8994, 15.4781 ], [ 76.9, 15.5179 ] ] ] } },
{ "type": "Feature", "properties": { "area_id": "KGIS-H-120404", "name_en": "Tekkalakote", "name_kn": "", "level": "panchayat", "parent_id": "KGIS-T-1204", "district_en": "Ballari", "lgd_code": null }, "geometry": { "type": "Polygon", "coordinates": [ [ [ 76.913, 15.547 ], [ 76.9, 15.5179 ], [ 76.8994, 15.4781 ], [ 76.8845, 15.4729 ], [ 76.8921, 15.3929 ], [ 76.8763, 15.3851 ], [ 76.8496, 15.3885 ], [ 76.8476, 15.4021 ], [ 76.8303, 15.4026 ], [ 76.8307, 15.4103 ], [ 76.8207, 15.4141 ], [ 76.8083, 15.4139 ], [ 76.8006, 15.4034 ], [ 76.7991, 15.4125 ], [ 76.7583, 15.4165 ], [ 76.7566, 15.4424 ], [ 76.713, 15.4422 ], [ 76.6933, 15.4701 ], [ 76.6938, 15.4786 ], [ 76.7099, 15.4887 ], [ 76.7813, 15.493 ], [ 76.8105, 15.5145 ], [ 76.8124, 15.5465 ], [ 76.834, 15.5664 ], [ 76.8317, 15.5977 ], [ 76.8407, 15.6076 ], [ 76.8391, 15.6189 ], [ 76.859, 15.6273 ], [ 76.8843, 15.6245 ], [ 76.9021, 15.6081 ], [ 76.9314, 15.6152 ], [ 76.9606, 15.6032 ], [ 76.9469, 15.5919 ], [ 76.9416, 15.5688 ], [ 76.9103, 15.57 ], [ 76.9018, 15.5523 ], [ 76.913, 15.547 ] ] ] } },
{ "type": "Feature", "properties": { "area_id": "KGIS-H-120501", "name_en": "Ballari", "name_kn": "", "level": "panchayat", "parent_id": "KGIS-T-1205", "district_en": "Ballari", "lgd_code": null }, "geometry": { "type": "Polygon", "coordinates": [ [ [ 76.9404, 15.1907 ], [ 76.9479, 15.1717 ], [ 76.9443, 15.1625 ], [ 76.9938, 15.1639 ], [ 76.9941, 15.1258 ], [ 76.9861, 15.1094 ], [ 76.953, 15.1058 ], [ 76.9455, 15.0962 ], [ 76.9537, 15.0672 ], [ 76.9463, 15.0652 ], [ 76.9427, 15.0424 ], [ 76.9635, 15.0346 ], [ 76.9663, 15.0262 ], [ 76.8945, 15.0377 ], [ 76.8773, 15.0312 ], [ 76.8613, 15.0602 ], [ 76.8647, 15.0713 ], [ 76.8545, 15.08 ], [ 76.8673, 15.0879 ], [ 76.8759, 15.0838 ], [ 76.8728, 15.0902 ], [ 76.8568, 15.095 ], [ 76.8579, 15.0869 ], [ 76.8482, 15.083 ], [ 76.8143, 15.1037 ], [ 76.7969, 15.105 ], [ 76.8005, 15.1106 ], [ 76.7862, 15.1259 ], [ 76.7825, 15.1185 ], [ 76.7742, 15.1271 ], [ 76.7686, 15.1201 ], [ 76.7505, 15.1373 ], [ 76.7653, 15.1623 ], [ 76.7878, 15.1717 ], [ 76.823, 15.1674 ], [ 76.8303, 15.1986 ], [ 76.8222, 15.1991 ], [ 76.8362, 15.2428 ], [ 76.8742, 15.2342 ], [ 76.8717, 15.2236 ], [ 76.8811, 15.2201 ], [ 76.9009, 15.2222 ], [ 76.8945, 15.2003 ], [ 76.9404, 15.1907 ] ] ] } },
{ "type": "Feature", "properties": { "area_id": "KGIS-H-120502", "name_en": "Kurugodu", "name_kn": "", "level": "panchayat", "parent_id": "KGIS-T-1205", "district_en": "Ballari", "lgd_code": null }, "geometry": { "type": "Polygon", "coordinates": [ [ [ 76.7473, 15.2526 ], [ 76.8095, 15.2463 ], [ 76.8085, 15.2308 ], [ 76.7975, 15.2218 ], [ 76.7862, 15.1688 ], [ 76.7653, 15.1623 ], [ 76.7554, 15.1475 ], [ 76.7624, 15.1661 ], [ 76.7516, 15.1565 ], [ 76.7233, 15.1694 ], [ 76.7093, 15.1997 ], [ 76.732, 15.2157 ], [ 76.7271, 15.2362 ], [ 76.7463, 15.2415 ], [ 76.7473, 15.2526 ] ] ] } },
{ "type": "Feature", "properties": { "area_id": "KGIS-H-120503", "name_en": "Koluru", "name_kn": "", "level": "panchayat", "parent_id": "KGIS-T-1205", "district_en": "Ballari", "lgd_code": null }, "geometry": { "type": "Polygon", "coordinates": [ [ [ 76.992, 15.3736 ], [ 77.0443, 15.3774 ], [ 77.0442, 15.3578 ], [ 77.066, 15.3401 ], [ 77.0583, 15.3077 ], [ 77.0197, 15.3124 ], [ 77.0147, 15.2881 ], [ 76.9954, 15.2905 ], [ 77.0005, 15.2731 ], [ 76.9922, 15.2152 ], [ 77.0099, 15.2141 ], [ 77.0094, 15.207 ], [ 76.9404, 15.1907 ], [ 76.8945, 15.2003 ], [ 76.9009, 15.2225 ], [ 76.9086, 15.2213 ], [ 76.9327, 15.2471 ], [ 76.9502, 15.248 ], [ 76.9419, 15.2711 ], [ 76.9489, 15.2852 ], [ 76.9813, 15.2979 ], [ 76.9781, 15.3154 ], [ 76.9848, 15.3193 ], [ 76.9752, 15.3271 ], [ 76.9408, 15.3175 ], [ 76.9381, 15.3572 ], [ 76.9655, 15.3575 ], [ 76.9788, 15.3758 ], [ 76.9911, 15.3791 ], [ 76.992, 15.3736 ] ] ] } },
{ "type": "Feature", "properties": { "area_id": "KGIS-H-120504", "name_en": "Moka", "name_kn": "", "level": "panchayat", "parent_id": "KGIS-T-1205", "district_en": "Ballari", "lgd_code": null }, "geometry": { "type": "Polygon", "coordinates": [ [ [ 76.9443, 15.1625 ], [ 76.9411, 15.196 ], [ 77.0094, 15.207 ], [ 77.0099, 15.2141 ], [ 76.9922, 15.2152 ], [ 77.0005, 15.2731 ], [ 76.9954, 15.2905 ], [ 77.0147, 15.2881 ], [ 77.0197, 15.3124 ], [ 77.0583, 15.3077 ], [ 77.0641, 15.3275 ], [ 77.1135, 15.3336 ], [ 77.1179, 15.2944 ], [ 77.1518, 15.292 ], [ 77.1475, 15.2723 ], [ 77.1679, 15.2679 ], [ 77.168, 15.2577 ], [ 77.144, 15.2568 ], [ 77.1357, 15.2416 ], [ 77.1262, 15.2403 ], [ 77.1248, 15.2272 ], [ 77.1474, 15.2247 ], [ 77.1548, 15.2154 ], [ 77.1692, 15.1729 ], [ 77.1626, 15.1578 ], [ 77.1414, 15.1589 ], [ 77.1413, 15.1771 ], [ 77.1091, 15.1832 ], [ 77.1098, 15.1935 ], [ 77.1005, 15.1946 ], [ 77.0712, 15.1966 ], [ 77.0463, 15.1555 ], [ 77.0072, 15.1665 ], [ 76.9443, 15.1625 ] ] ] } },
{ "type": "Feature", "properties": { "area_id": "KGIS-H-120505", "name_en": "Rupanagudi", "name_kn": "", "level": "panchayat", "parent_id": "KGIS-T-1205", "district_en": "Ballari", "lgd_code": null }, "geometry": { "type": "Polygon", "coordinates": [ [ [ 77.0712, 15.1966 ], [ 77.1098, 15.1935 ], [ 77.1091, 15.1832 ], [ 77.1413, 15.1771 ], [ 77.1345, 15.1485 ], [ 77.1569, 15.1406 ], [ 77.1501, 15.112 ], [ 77.1298, 15.101 ], [ 77.113, 15.0334 ], [ 77.0852, 15.0309 ], [ 77.0827, 15.0056 ], [ 77.0442, 15.0092 ], [ 77.0494, 15.033 ], [ 77.004, 15.0342 ], [ 76.9862, 15.0264 ], [ 76.9855, 15.0155 ], [ 76.9659, 15.0181 ], [ 76.9576, 15.0247 ], [ 76.9576, 15.0299 ], [ 76.9663, 15.0262 ], [ 76.9637, 15.0344 ], [ 76.9427, 15.0424 ], [ 76.9463, 15.0652 ], [ 76.9537, 15.0672 ], [ 76.9455, 15.0962 ], [ 76.953, 15.1058 ], [ 76.9861, 15.1094 ], [ 76.9941, 15.1258 ], [ 76.9938, 15.1639 ], [ 77.0463, 15.1555 ], [ 77.0712, 15.1966 ] ] ] } },
{ "type": "Feature", "properties": { "area_id": "KGIS-H-120601", "name_en": "Sanduru", "name_kn": "", "level": "panchayat", "parent_id": "KGIS-T-1206", "district_en": "Ballari", "lgd_code": null }, "geometry": { "type": "MultiPolygon", "coordinates": [ [ [ [ 76.6921, 15.1469 ], [ 76.6753, 15.1414 ], [ 76.6721, 15.1212 ], [ 76.6924, 15.1131 ], [ 76.6921, 15.1063 ], [ 76.6512, 15.1174 ], [ 76.6641, 15.0944 ], [ 76.6527, 15.0866 ], [ 76.664, 15.0839 ], [ 76.6488, 15.0496 ], [ 76.6541, 15.031 ], [ 76.6662, 15.0331 ], [ 76.6791, 15.0078 ], [ 76.6876, 14.9669 ], [ 76.6718, 14.9704 ], [ 76.6297, 15.0071 ], [ 76.6104, 14.977 ], [ 76.5617, 14.96 ], [ 76.5331, 14.9692 ], [ 76.5481, 14.9727 ], [ 76.5502, 14.9813 ], [ 76.536, 14.9779 ], [ 76.5382, 14.9911 ], [ 76.5205, 14.9957 ], [ 76.5251, 15.0029 ], [ 76.515, 15.0104 ], [ 76.5139, 15.0259 ], [ 76.4932, 15.0421 ], [ 76.4747, 15.042 ], [ 76.4728, 15.0575 ], [ 76.4493, 15.0867 ], [ 76.4469, 15.1067 ], [ 76.4352, 15.1077 ], [ 76.441, 15.1223 ], [ 76.4201, 15.1182 ], [ 76.3975, 15.126 ], [ 76.4233, 15.1378 ], [ 76.4121, 15.1424 ], [ 76.405, 15.1599 ], [ 76.4177, 15.1659 ], [ 76.3792, 15.2182 ], [ 76.3589, 15.2321 ], [ 76.3591, 15.2404 ], [ 76.3638, 15.2453 ], [ 76.3855, 15.2213 ], [ 76.4001, 15.2238 ], [ 76.4088, 15.2083 ], [ 76.4215, 15.2064 ], [ 76.4204, 15.2182 ], [ 76.4139, 15.2175 ], [ 76.4007, 15.2285 ], [ 76.4077, 15.2344 ], [ 76.3695, 15.2519 ], [ 76.3786, 15.2566 ], [ 76.3819, 15.2465 ], [ 76.4073, 15.2361 ], [ 76.4159, 15.2456 ], [ 76.4029, 15.2672 ], [ 76.4288, 15.2759 ], [ 76.4237, 15.2454 ], [ 76.4336, 15.2438 ], [ 76.4327, 15.2322 ], [ 76.4491, 15.2194 ], [ 76.4637, 15.2249 ], [ 76.4928, 15.2128 ], [ 76.4812, 15.1918 ], [ 76.4898, 15.183 ], [ 76.5011, 15.1927 ], [ 76.533, 15.1959 ], [ 76.539, 15.1867 ], [ 76.5329, 15.1886 ], [ 76.5241, 15.1806 ], [ 76.5683, 15.1626 ], [ 76.5725, 15.1684 ], [ 76.5681, 15.1585 ], [ 76.592, 15.1349 ], [ 76.6135, 15.1384 ], [ 76.6472, 15.1264 ], [ 76.6476, 15.1429 ], [ 76.6235, 15.1676 ], [ 76.629, 15.1704 ], [ 76.6468, 15.1559 ], [ 76.6927, 15.1719 ], [ 76.7044, 15.1688 ], [ 76.6892, 15.1576 ], [ 76.6921, 15.1469 ] ], [ [ 76.6473, 15.1123 ], [ 76.6452, 15.1096 ], [ 76.6499, 15.1117 ], [ 76.6473, 15.1123 ] ], [ [ 76.6455, 15.1166 ], [ 76.6459, 15.1155 ], [ 76.6461, 15.1165 ], [ 76.6455, 15.1166 ] ] ], [ [ [ 76.7744, 15.0868 ], [ 76.7766, 15.0972 ], [ 76.7805, 15.0958 ], [ 76.7851, 15.097 ], [ 76.7835, 15.0968 ], [ 76.7789, 15.1001 ], [ 76.7784, 15.1034 ], [ 76.7947, 15.1014 ], [ 76.795, 15.1036 ], [ 76.7426, 15.1294 ], [ 76.7465, 15.1386 ], [ 76.7238, 15.1467 ], [ 76.7374, 15.1569 ], [ 76.7176, 15.1638 ], [ 76.7273, 15.1649 ], [ 76.7118, 15.1807 ], [ 76.7139, 15.1855 ], [ 76.7233, 15.1694 ], [ 76.7516, 15.1565 ], [ 76.7624, 15.1661 ], [ 76.7505, 15.1376 ], [ 76.7658, 15.1214 ], [ 76.7764, 15.1268 ], [ 76.7825, 15.1185 ], [ 76.7862, 15.1259 ], [ 76.8005, 15.1106 ], [ 76.7969, 15.105 ], [ 76.8143, 15.1037 ], [ 76.8482, 15.083 ], [ 76.8579, 15.0869 ], [ 76.8544, 15.0919 ], [ 76.8568, 15.095 ], [ 76.8696, 15.0921 ], [ 76.8759, 15.0838 ], [ 76.8673, 15.0879 ], [ 76.8551, 15.081 ], [ 76.8647, 15.0713 ], [ 76.8615, 15.0624 ], [ 76.8016, 15.0955 ], [ 76.7726, 15.0692 ], [ 76.749, 15.0856 ], [ 76.7614, 15.0916 ], [ 76.7577, 15.1023 ], [ 76.7735, 15.0967 ], [ 76.7744, 15.0868 ] ], [ [ 76.7858, 15.096 ], [ 76.7842, 15.0953 ], [ 76.7853, 15.0946 ], [ 76.7858, 15.096 ] ], [ [ 76.7796, 15.0883 ], [ 76.7801, 15.0865 ], [ 76.7808, 15.0879 ], [ 76.7796, 15.0883 ] ], [ [ 76.7722, 15.0896 ], [ 76.7709, 15.0886 ], [ 76.7715, 15.0879 ], [ 76.7722, 15.0896 ] ], [ [ 76.7717, 15.0968 ], [ 76.7714, 15.0945 ], [ 76.7724, 15.0965 ], [ 76.7717, 15.0968 ] ], [ [ 76.7828, 15.095 ], [ 76.7805, 15.0951 ], [ 76.7791, 15.0941 ], [ 76.7814, 15.0929 ], [ 76.7828, 15.095 ] ], [ [ 76.7838, 15.0973 ], [ 76.7857, 15.0985 ], [ 76.7829, 15.0983 ], [ 76.7838, 15.0973 ] ] ], [ [ [ 76.6915, 15.2184 ], [ 76.714, 15.1857 ], [ 76.7071, 15.1853 ], [ 76.6839, 15.217 ], [ 76.6915, 15.2184 ] ] ] ] } },
{ "type": "Feature", "properties": { "area_id": "KGIS-H-120602", "name_en": "Toranagallu", "name_kn": "", "level": "panchayat", "parent_id": "KGIS-T-1206", "district_en": "Ballari", "lgd_code": null }, "geometry": { "type": "MultiPolygon", "coordinates": [ [ [ [ 76.7808, 15.0879 ], [ 76.7801, 15.0865 ], [ 76.7796, 15.0883 ], [ 76.7808, 15.0879 ] ] ], [ [ [ 76.7715, 15.0879 ], [ 76.7717, 15.0896 ], [ 76.7722, 15.0896 ], [ 76.7715, 15.0879 ] ] ], [ [ [ 76.7818, 15.0938 ], [ 76.7814, 15.0929 ], [ 76.7791, 15.0941 ], [ 76.7818, 15.0938 ] ] ], [ [ [ 76.7714, 15.0945 ], [ 76.7717, 15.0968 ], [ 76.7724, 15.0965 ], [ 76.7714, 15.0945 ] ] ], [ [ [ 76.7858, 15.096 ], [ 76.7842, 15.0953 ], [ 76.7849, 15.0967 ], [ 76.7858, 15.096 ] ] ], [ [ [ 76.7857, 15.0985 ], [ 76.7838, 15.0973 ], [ 76.7829, 15.0983 ], [ 76.7857, 15.0985 ] ] ], [ [ [ 76.648, 15.1092 ], [ 76.6452, 15.1107 ], [ 76.6499, 15.1117 ], [ 76.648, 15.1092 ] ] ], [ [ [ 76.6455, 15.1166 ], [ 76.6459, 15.1155 ], [ 76.6453, 15.1155 ], [ 76.6455, 15.1166 ] ] ], [ [ [ 76.5467, 15.1907 ], [ 76.5767, 15.1859 ], [ 76.5735, 15.1929 ], [ 76.6151, 15.2002 ], [ 76.6285, 15.23 ], [ 76.642, 15.2391 ], [ 76.6316, 15.2604 ], [ 76.6566, 15.2628 ], [ 76.6547, 15.2741 ], [ 76.6895, 15.276 ], [ 76.689, 15.2614 ], [ 76.7026, 15.2619 ], [ 76.7092, 15.2453 ], [ 76.6839, 15.217 ], [ 76.6928, 15.1976 ], [ 76.7136, 15.1872 ], [ 76.7273, 15.1649 ], [ 76.7176, 15.1638 ], [ 76.7374, 15.1569 ], [ 76.7238, 15.1467 ], [ 76.7465, 15.1386 ], [ 76.7426, 15.1294 ], [ 76.795, 15.1036 ], [ 76.7784, 15.1034 ], [ 76.7789, 15.1001 ], [ 76.7835, 15.0968 ], [ 76.7851, 15.097 ], [ 76.7805, 15.0958 ], [ 76.7766, 15.0972 ], [ 76.7752, 15.0867 ], [ 76.7735, 15.0967 ], [ 76.7577, 15.1023 ], [ 76.7614, 15.0916 ], [ 76.749, 15.0865 ], [ 76.7751, 15.0704 ], [ 76.7905, 15.0207 ], [ 76.7863, 15.0066 ], [ 76.7785, 15.0067 ], [ 76.7722, 14.9906 ], [ 76.7342, 14.9854 ], [ 76.7272, 15.0001 ], [ 76.7329, 15.0319 ], [ 76.7036, 15.0331 ], [ 76.7005, 15.0165 ], [ 76.6858, 15.0184 ], [ 76.6875, 15.0251 ], [ 76.6708, 15.0183 ], [ 76.6662, 15.0331 ], [ 76.6541, 15.031 ], [ 76.6496, 15.0576 ], [ 76.664, 15.0839 ], [ 76.6527, 15.0866 ], [ 76.6641, 15.0944 ], [ 76.6512, 15.1174 ], [ 76.6924, 15.1065 ], [ 76.6924, 15.1131 ], [ 76.6734, 15.1181 ], [ 76.6724, 15.1342 ], [ 76.696, 15.1474 ], [ 76.6892, 15.1576 ], [ 76.7044, 15.1688 ], [ 76.6927, 15.1719 ], [ 76.6468, 15.1559 ], [ 76.6239, 15.1684 ], [ 76.6476, 15.1429 ], [ 76.6421, 15.1265 ], [ 76.6135, 15.1384 ], [ 76.592, 15.1349 ], [ 76.5681, 15.1585 ], [ 76.5731, 15.1652 ], [ 76.5725, 15.1684 ], [ 76.5683, 15.1626 ], [ 76.5241, 15.1806 ], [ 76.5467, 15.1907 ] ] ] ] } },
{ "type": "Feature", "properties": { "area_id": "KGIS-H-120603", "name_en": "Choranuru", "name_kn": "", "level": "panchayat", "parent_id": "KGIS-T-1206", "district_en": "Ballari", "lgd_code": null }, "geometry": { "type": "Polygon", "coordinates": [ [ [ 76.4466, 15.0391 ], [ 76.4644, 15.048 ], [ 76.4793, 15.0388 ], [ 76.4932, 15.0421 ], [ 76.5139, 15.0259 ], [ 76.515, 15.0104 ], [ 76.5251, 15.0029 ], [ 76.5205, 14.9957 ], [ 76.5382, 14.9911 ], [ 76.536, 14.9779 ], [ 76.5502, 14.9813 ], [ 76.5481, 14.9727 ], [ 76.534, 14.9686 ], [ 76.5617, 14.96 ], [ 76.5796, 14.9628 ], [ 76.6104, 14.977 ], [ 76.6297, 15.0071 ], [ 76.6764, 14.9679 ], [ 76.6876, 14.9669 ], [ 76.6848, 14.9793 ], [ 76.716, 14.9728 ], [ 76.7147, 14.9423 ], [ 76.7061, 14.9426 ], [ 76.7068, 14.9311 ], [ 76.6959, 14.9268 ], [ 76.6594, 14.9421 ], [ 76.6662, 14.9166 ], [ 76.6775, 14.9114 ], [ 76.6776, 14.8947 ], [ 76.6376, 14.895 ], [ 76.6326, 14.8831 ], [ 76.5943, 14.8816 ], [ 76.5869, 14.8595 ], [ 76.5698, 14.8676 ], [ 76.5656, 14.8802 ], [ 76.542, 14.8813 ], [ 76.5299, 14.8748 ], [ 76.534, 14.8711 ], [ 76.4985, 14.8689 ], [ 76.4948, 14.8596 ], [ 76.4814, 14.859 ], [ 76.478, 14.8826 ], [ 76.4657, 14.8756 ], [ 76.4579, 14.8832 ], [ 76.4525, 14.9123 ], [ 76.4706, 14.9274 ], [ 76.4532, 14.9269 ], [ 76.4352, 14.9371 ], [ 76.427, 14.9311 ], [ 76.398, 14.9329 ], [ 76.407, 14.9521 ], [ 76.3752, 14.9571 ], [ 76.3767, 14.9837 ], [ 76.3613, 14.986 ], [ 76.3612, 14.9956 ], [ 76.3776, 15.0059 ], [ 76.3772, 15.0216 ], [ 76.406, 15.0297 ], [ 76.3936, 15.0635 ], [ 76.4466, 15.0391 ] ] ] } },
{ "type": "Feature", "properties": { "area_id": "KGIS-H-120701", "name_en": "Kudligi", "name_kn": "", "level": "panchayat", "parent_id": "KGIS-T-1207", "district_en": "Ballari", "lgd_code": null }, "geometry": { "type": "Polygon", "coordinates": [ [ [ 76.3641, 14.9856 ], [ 76.3767, 14.9837 ], [ 76.3752, 14.9571 ], [ 76.407, 14.9521 ], [ 76.398, 14.9329 ], [ 76.427, 14.9311 ], [ 76.4352, 14.9371 ], [ 76.4532, 14.9269 ], [ 76.4706, 14.9274 ], [ 76.4525, 14.9123 ], [ 76.4579, 14.8832 ], [ 76.4657, 14.8756 ], [ 76.478, 14.8826 ], [ 76.4817, 14.859 ], [ 76.4509, 14.8268 ], [ 76.4219, 14.8383 ], [ 76.3779, 14.8376 ], [ 76.3748, 14.8308 ], [ 76.3624, 14.835 ], [ 76.3501, 14.8122 ], [ 76.339, 14.8212 ], [ 76.3196, 14.8194 ], [ 76.3393, 14.8393 ], [ 76.342, 14.8814 ], [ 76.3345, 14.8925 ], [ 76.3302, 14.8877 ], [ 76.319, 14.8947 ], [ 76.3175, 14.9056 ], [ 76.3044, 14.9103 ], [ 76.2906, 14.8935 ], [ 76.2697, 14.908 ], [ 76.2867, 14.9381 ], [ 76.3191, 14.9334 ], [ 76.3291, 14.948 ], [ 76.329, 14.9689 ], [ 76.3577, 14.9737 ], [ 76.3641, 14.9856 ] ] ] } },
{ "type": "Feature", "properties": { "area_id": "KGIS-H-120702", "name_en": "Gudekote", "name_kn": "", "level": "panchayat", "parent_id": "KGIS-T-1207", "district_en": "Ballari", "lgd_code": null }, "geometry": { "type": "Polygon", "coordinates": [ [ [ 76.6358, 14.8944 ], [ 76.6757, 14.8962 ], [ 76.6777, 14.8878 ], [ 76.6977, 14.8907 ], [ 76.7136, 14.8648 ], [ 76.7118, 14.8374 ], [ 76.7404, 14.8256 ], [ 76.74, 14.8152 ], [ 76.7052, 14.8175 ], [ 76.6822, 14.8081 ], [ 76.6487, 14.7554 ], [ 76.651, 14.7264 ], [ 76.6446, 14.7131 ], [ 76.6079, 14.687 ], [ 76.6106, 14.6685 ], [ 76.5667, 14.6603 ], [ 76.556, 14.6824 ], [ 76.5303, 14.6825 ], [ 76.5103, 14.6716 ], [ 76.4823, 14.6817 ], [ 76.4784, 14.7135 ], [ 76.4481, 14.7218 ], [ 76.443, 14.7444 ], [ 76.4704, 14.7736 ], [ 76.4737, 14.7907 ], [ 76.4581, 14.8007 ], [ 76.448, 14.821 ], [ 76.4516, 14.8342 ], [ 76.4612, 14.8339 ], [ 76.4985, 14.8689 ], [ 76.5656, 14.8802 ], [ 76.5698, 14.8676 ], [ 76.586, 14.8592 ], [ 76.5943, 14.8816 ], [ 76.6326, 14.8831 ], [ 76.6358, 14.8944 ] ] ] } },
{ "type": "Feature", "properties": { "area_id": "KGIS-H-120703", "name_en": "Hosahalli", "name_kn": "", "level": "panchayat", "parent_id": "KGIS-T-1207", "district_en": "Ballari", "lgd_code": null }, "geometry": { "type": "Polygon", "coordinates": [ [ [ 76.4302, 14.8364 ], [ 76.4509, 14.8268 ], [ 76.4581, 14.8007 ], [ 76.4737, 14.7907 ], [ 76.4704, 14.7736 ], [ 76.443, 14.7444 ], [ 76.4481, 14.7218 ], [ 76.4784, 14.7135 ], [ 76.4823, 14.6817 ], [ 76.5103, 14.6716 ], [ 76.5303, 14.6825 ], [ 76.556, 14.6824 ], [ 76.5648, 14.6606 ], [ 76.5935, 14.6635 ], [ 76.5981, 14.6532 ], [ 76.6124, 14.6484 ], [ 76.5981, 14.6321 ], [ 76.6007, 14.6209 ], [ 76.5857, 14.6182 ], [ 76.5671, 14.5867 ], [ 76.535, 14.5615 ], [ 76.5103, 14.5604 ], [ 76.4237, 14.5809 ], [ 76.4329, 14.618 ], [ 76.3937, 14.6268 ], [ 76.3902, 14.6483 ], [ 76.3751, 14.6463 ], [ 76.3797, 14.662 ], [ 76.3976, 14.6603 ], [ 76.3974, 14.6686 ], [ 76.386, 14.6696 ], [ 76.3937, 14.6845 ], [ 76.3836, 14.7314 ], [ 76.3598, 14.7194 ], [ 76.3277, 14.7394 ], [ 76.3317, 14.7516 ], [ 76.3241, 14.7621 ], [ 76.3342, 14.7608 ], [ 76.3411, 14.788 ], [ 76.3332, 14.7904 ], [ 76.3533, 14.8253 ], [ 76.3618, 14.8248 ], [ 76.3624, 14.835 ], [ 76.4302, 14.8364 ] ] ] } },
{ "type": "Feature", "properties": { "area_id": "KGIS-H-120802", "name_en": "Kurugodu", "name_kn": "", "level": "panchayat", "parent_id": "KGIS-T-1208", "district_en": "Ballari", "lgd_code": null }, "geometry": { "type": "MultiPolygon", "coordinates": [ [ [ [ 76.829, 15.2333 ], [ 76.8233, 15.1678 ], [ 76.7878, 15.1717 ], [ 76.7975, 15.2218 ], [ 76.8089, 15.2322 ], [ 76.829, 15.2333 ] ] ], [ [ [ 76.7516, 15.4169 ], [ 76.7991, 15.4125 ], [ 76.8006, 15.4034 ], [ 76.8083, 15.4139 ], [ 76.8207, 15.4141 ], [ 76.8307, 15.4103 ], [ 76.8303, 15.4026 ], [ 76.8476, 15.4021 ], [ 76.8496, 15.3885 ], [ 76.8763, 15.3851 ], [ 76.8731, 15.3638 ], [ 76.886, 15.3513 ], [ 76.887, 15.3296 ], [ 76.8804, 15.331 ], [ 76.876, 15.3154 ], [ 76.8406, 15.3182 ], [ 76.8311, 15.2708 ], [ 76.8164, 15.2737 ], [ 76.8095, 15.2463 ], [ 76.7473, 15.2526 ], [ 76.7463, 15.2415 ], [ 76.7271, 15.2362 ], [ 76.732, 15.2157 ], [ 76.7093, 15.1997 ], [ 76.6914, 15.2183 ], [ 76.6994, 15.2394 ], [ 76.7108, 15.2462 ], [ 76.7165, 15.2905 ], [ 76.7568, 15.29 ], [ 76.7558, 15.3108 ], [ 76.719, 15.3099 ], [ 76.7214, 15.325 ], [ 76.7013, 15.3244 ], [ 76.697, 15.35 ], [ 76.7142, 15.3638 ], [ 76.7473, 15.3658 ], [ 76.7516, 15.4169 ] ] ] ] } },
{ "type": "Feature", "properties": { "area_id": "KGIS-H-120803", "name_en": "Koluru", "name_kn": "", "level": "panchayat", "parent_id": "KGIS-T-1208", "district_en": "Ballari", "lgd_code": null }, "geometry": { "type": "Polygon", "coordinates": [ [ [ 76.8927, 15.3751 ], [ 76.9097, 15.3858 ], [ 76.9307, 15.3864 ], [ 76.9408, 15.3175 ], [ 76.9752, 15.3271 ], [ 76.9848, 15.3193 ], [ 76.9781, 15.3154 ], [ 76.9801, 15.2939 ], [ 76.9489, 15.2852 ], [ 76.9419, 15.2711 ], [ 76.9502, 15.248 ], [ 76.9327, 15.2471 ], [ 76.9086, 15.2213 ], [ 76.8811, 15.2201 ], [ 76.8717, 15.2236 ], [ 76.8742, 15.2342 ], [ 76.8362, 15.2428 ], [ 76.829, 15.2333 ], [ 76.8089, 15.2322 ], [ 76.8164, 15.2737 ], [ 76.8311, 15.2708 ], [ 76.8406, 15.3182 ], [ 76.876, 15.3154 ], [ 76.8804, 15.331 ], [ 76.8864, 15.3281 ], [ 76.886, 15.3513 ], [ 76.8731, 15.3638 ], [ 76.8756, 15.3843 ], [ 76.8801, 15.3876 ], [ 76.8927, 15.3751 ] ] ] } },
{ "type": "Feature", "properties": { "area_id": "KGIS-H-120902", "name_en": "Kogali", "name_kn": "", "level": "panchayat", "parent_id": "KGIS-T-1209", "district_en": "Ballari", "lgd_code": null }, "geometry": { "type": "Polygon", "coordinates": [ [ [ 76.1866, 14.9601 ], [ 76.1891, 14.951 ], [ 76.2014, 14.9503 ], [ 76.2131, 14.9365 ], [ 76.2008, 14.9186 ], [ 76.2105, 14.913 ], [ 76.2125, 14.8982 ], [ 76.1952, 14.8926 ], [ 76.1894, 14.8467 ], [ 76.1573, 14.8474 ], [ 76.1553, 14.8624 ], [ 76.1301, 14.8613 ], [ 76.131, 14.8683 ], [ 76.1205, 14.8696 ], [ 76.1209, 14.908 ], [ 76.115, 14.9059 ], [ 76.1207, 14.9208 ], [ 76.084, 14.9189 ], [ 76.1079, 14.9337 ], [ 76.1246, 14.9333 ], [ 76.1257, 14.9446 ], [ 76.1426, 14.9541 ], [ 76.1866, 14.9601 ] ] ] } },
{ "type": "Feature", "properties": { "area_id": "KGIS-H-120903", "name_en": "Hosahalli", "name_kn": "", "level": "panchayat", "parent_id": "KGIS-T-1209", "district_en": "Ballari", "lgd_code": null }, "geometry": { "type": "MultiPolygon", "coordinates": [ [ [ [ 76.3268, 14.7426 ], [ 76.3666, 14.7196 ], [ 76.3711, 14.7294 ], [ 76.3836, 14.7314 ], [ 76.3937, 14.6845 ], [ 76.386, 14.6696 ], [ 76.3978, 14.6683 ], [ 76.3963, 14.657 ], [ 76.3428, 14.6657 ], [ 76.3378, 14.686 ], [ 76.3192, 14.6926 ], [ 76.3091, 14.6881 ], [ 76.309, 14.706 ], [ 76.3006, 14.714 ], [ 76.3061, 14.7292 ], [ 76.3268, 14.7426 ] ] ], [ [ [ 76.3059, 14.7994 ], [ 76.3411, 14.788 ], [ 76.3342, 14.7608 ], [ 76.315, 14.7658 ], [ 76.301, 14.7603 ], [ 76.309, 14.7704 ], [ 76.3059, 14.7994 ] ] ] ] } },
{ "type": "Feature", "properties": { "area_id": "KGIS-H-120904", "name_en": "Kotturu", "name_kn": "", "level": "panchayat", "parent_id": "KGIS-T-1209", "district_en": "Ballari", "lgd_code": null }, "geometry": { "type": "Polygon", "coordinates": [ [ [ 76.2451, 14.9187 ], [ 76.27, 14.9154 ], [ 76.2837, 14.8939 ], [ 76.2947, 14.8942 ], [ 76.3044, 14.9103 ], [ 76.3175, 14.9056 ], [ 76.3233, 14.8913 ], [ 76.3359, 14.8912 ], [ 76.344, 14.8554 ], [ 76.3393, 14.8393 ], [ 76.319, 14.8199 ], [ 76.3456, 14.8149 ], [ 76.3364, 14.7964 ], [ 76.3059, 14.7994 ], [ 76.309, 14.7704 ], [ 76.301, 14.7603 ], [ 76.315, 14.7658 ], [ 76.3317, 14.7516 ], [ 76.302, 14.7198 ], [ 76.3091, 14.6881 ], [ 76.2794, 14.6851 ], [ 76.2719, 14.6957 ], [ 76.2499, 14.6986 ], [ 76.2305, 14.6492 ], [ 76.1935, 14.6814 ], [ 76.1936, 14.6977 ], [ 76.184, 14.6999 ], [ 76.1876, 14.7223 ], [ 76.1975, 14.7249 ], [ 76.2012, 14.7394 ], [ 76.1923, 14.7683 ], [ 76.1808, 14.764 ], [ 76.1687, 14.7852 ], [ 76.1492, 14.7842 ], [ 76.1422, 14.8046 ], [ 76.1464, 14.8231 ], [ 76.1578, 14.8292 ], [ 76.1947, 14.8211 ], [ 76.189, 14.8586 ], [ 76.1952, 14.8926 ], [ 76.2125, 14.8982 ], [ 76.2105, 14.913 ], [ 76.201, 14.9131 ], [ 76.2091, 14.9336 ], [ 76.2195, 14.9393 ], [ 76.2451, 14.9187 ] ] ] } },
{ "type": "Feature", "properties": { "area_id": "KGIS-H-121002", "name_en": "Kurugodu", "name_kn": "", "level": "panchayat", "parent_id": "KGIS-T-1210", "district_en": "Ballari", "lgd_code": null }, "geometry": { "type": "Polygon", "coordinates": [ [ [ 76.7566, 15.4424 ], [ 76.7473, 15.3658 ], [ 76.7142, 15.3638 ], [ 76.697, 15.35 ], [ 76.6963, 15.3563 ], [ 76.6753, 15.357 ], [ 76.6746, 15.3759 ], [ 76.6611, 15.3681 ], [ 76.639, 15.3779 ], [ 76.6501, 15.4075 ], [ 76.6939, 15.406 ], [ 76.6873, 15.4295 ], [ 76.7178, 15.4339 ], [ 76.7197, 15.4418 ], [ 76.7566, 15.4424 ] ] ] } },
{ "type": "Feature", "properties": { "area_id": "KGIS-H-121003", "name_en": "Kampli", "name_kn": "", "level": "panchayat", "parent_id": "KGIS-T-1210", "district_en": "Ballari", "lgd_code": null }, "geometry": { "type": "MultiPolygon", "coordinates": [ [ [ [ 76.5682, 15.3329 ], [ 76.5681, 15.3299 ], [ 76.5662, 15.3301 ], [ 76.5682, 15.3329 ] ] ], [ [ [ 76.5642, 15.3304 ], [ 76.5632, 15.3335 ], [ 76.5643, 15.3331 ], [ 76.5642, 15.3304 ] ] ], [ [ [ 76.5721, 15.3353 ], [ 76.5695, 15.3345 ], [ 76.5694, 15.3348 ], [ 76.5721, 15.3353 ] ] ], [ [ [ 76.6949, 15.4767 ], [ 76.7198, 15.4418 ], [ 76.7178, 15.4339 ], [ 76.6873, 15.4295 ], [ 76.6939, 15.406 ], [ 76.6501, 15.4075 ], [ 76.639, 15.3779 ], [ 76.6611, 15.3681 ], [ 76.6746, 15.3759 ], [ 76.6753, 15.357 ], [ 76.6963, 15.3563 ], [ 76.7013, 15.3244 ], [ 76.7213, 15.3251 ], [ 76.719, 15.3099 ], [ 76.7558, 15.3108 ], [ 76.7568, 15.29 ], [ 76.7165, 15.2905 ], [ 76.7092, 15.2453 ], [ 76.7026, 15.2619 ], [ 76.689, 15.2614 ], [ 76.6895, 15.276 ], [ 76.635, 15.2733 ], [ 76.6269, 15.2841 ], [ 76.6134, 15.2836 ], [ 76.5836, 15.2564 ], [ 76.601, 15.2794 ], [ 76.5826, 15.2939 ], [ 76.5878, 15.3011 ], [ 76.6072, 15.3011 ], [ 76.6059, 15.3064 ], [ 76.6179, 15.3029 ], [ 76.6173, 15.3153 ], [ 76.5808, 15.3111 ], [ 76.5936, 15.3243 ], [ 76.5757, 15.3478 ], [ 76.5522, 15.3494 ], [ 76.5579, 15.367 ], [ 76.5406, 15.3813 ], [ 76.5574, 15.3988 ], [ 76.591, 15.4122 ], [ 76.6122, 15.4437 ], [ 76.6629, 15.4473 ], [ 76.6949, 15.4767 ] ] ] ] } },
{ "type": "Feature", "properties": { "area_id": "KGIS-H-121101", "name_en": "Arasikeri", "name_kn": "", "level": "panchayat", "parent_id": "KGIS-T-1211", "district_en": "Ballari", "lgd_code": null }, "geometry": { "type": "MultiPolygon", "coordinates": [ [ [ [ 76.1137, 14.6906 ], [ 76.108, 14.6599 ], [ 76.1294, 14.6494 ], [ 76.1312, 14.6304 ], [ 76.1423, 14.628 ], [ 76.1461, 14.6149 ], [ 76.1401, 14.6143 ], [ 76.1274, 14.5756 ], [ 76.1153, 14.5681 ], [ 76.1335, 14.5408 ], [ 76.1288, 14.527 ], [ 76.0972, 14.5236 ], [ 76.0527, 14.5055 ], [ 76.0277, 14.5244 ], [ 76.0061, 14.5176 ], [ 75.9545, 14.5214 ], [ 75.9468, 14.5238 ], [ 75.9393, 14.5604 ], [ 75.9102, 14.5629 ], [ 75.9169, 14.5903 ], [ 75.9362, 14.5913 ], [ 75.9358, 14.6053 ], [ 75.9203, 14.6101 ], [ 75.9158, 14.6204 ], [ 75.921, 14.6359 ], [ 75.9929, 14.6282 ], [ 76.0011, 14.6401 ], [ 76.0066, 14.6321 ], [ 75.9978, 14.619 ], [ 76.0068, 14.6024 ], [ 75.9958, 14.6095 ], [ 75.9822, 14.6044 ], [ 75.9893, 14.5966 ], [ 75.9821, 14.5871 ], [ 75.9904, 14.5625 ], [ 76.0045, 14.5551 ], [ 76.0149, 14.5679 ], [ 76.0474, 14.5664 ], [ 76.0241, 14.5881 ], [ 76.0048, 14.5943 ], [ 76.0118, 14.6012 ], [ 76.0061, 14.6351 ], [ 75.9889, 14.6558 ], [ 76.0049, 14.676 ], [ 76.0205, 14.6667 ], [ 76.0625, 14.6736 ], [ 76.0612, 14.6913 ], [ 76.1137, 14.6906 ] ] ], [ [ [ 75.973, 14.691 ], [ 75.9905, 14.6822 ], [ 75.9581, 14.6783 ], [ 75.973, 14.691 ] ] ], [ [ [ 75.9988, 14.7046 ], [ 75.9966, 14.7059 ], [ 75.9985, 14.7067 ], [ 75.9988, 14.7046 ] ] ], [ [ [ 75.9982, 14.7149 ], [ 75.9898, 14.6984 ], [ 75.9733, 14.6988 ], [ 75.9853, 14.714 ], [ 75.9982, 14.7149 ] ] ], [ [ [ 75.8383, 14.7893 ], [ 75.8471, 14.7769 ], [ 75.7915, 14.747 ], [ 75.8032, 14.7595 ], [ 75.7979, 14.769 ], [ 75.8241, 14.7773 ], [ 75.8299, 14.7902 ], [ 75.8383, 14.7893 ] ] ] ] } },
{ "type": "Feature", "properties": { "area_id": "KGIS-H-121102", "name_en": "Chigateri", "name_kn": "", "level": "panchayat", "parent_id": "KGIS-T-1211", "district_en": "Ballari", "lgd_code": null }, "geometry": { "type": "MultiPolygon", "coordinates": [ [ [ [ 76.037, 14.6898 ], [ 76.0346, 14.6876 ], [ 76.0342, 14.6881 ], [ 76.037, 14.6898 ] ] ], [ [ [ 76.0046, 14.7152 ], [ 76.0093, 14.7189 ], [ 76.0102, 14.7146 ], [ 76.0046, 14.7152 ] ] ], [ [ [ 76.0065, 14.7228 ], [ 75.971, 14.7083 ], [ 75.9665, 14.7256 ], [ 75.9932, 14.7349 ], [ 76.0065, 14.7228 ] ] ], [ [ [ 76.0502, 14.7304 ], [ 76.0492, 14.7328 ], [ 76.0498, 14.7325 ], [ 76.0502, 14.7304 ] ] ], [ [ [ 76.0819, 14.8705 ], [ 76.131, 14.8683 ], [ 76.1302, 14.8613 ], [ 76.1553, 14.8624 ], [ 76.1573, 14.8474 ], [ 76.191, 14.8466 ], [ 76.1947, 14.8211 ], [ 76.1578, 14.8292 ], [ 76.1464, 14.8231 ], [ 76.1423, 14.803 ], [ 76.1492, 14.7842 ], [ 76.1687, 14.7852 ], [ 76.1808, 14.764 ], [ 76.1923, 14.7683 ], [ 76.2006, 14.7531 ], [ 76.1975, 14.7249 ], [ 76.1876, 14.7223 ], [ 76.1838, 14.6997 ], [ 76.1454, 14.7052 ], [ 76.0876, 14.6877 ], [ 76.0725, 14.6942 ], [ 76.0612, 14.6913 ], [ 76.0625, 14.6736 ], [ 76.0205, 14.6667 ], [ 76.0105, 14.6765 ], [ 76.0144, 14.683 ], [ 76.0434, 14.6788 ], [ 76.0491, 14.6884 ], [ 76.0278, 14.7055 ], [ 76.0348, 14.7084 ], [ 76.0327, 14.7163 ], [ 76.0458, 14.7229 ], [ 76.0658, 14.7185 ], [ 76.0618, 14.7301 ], [ 76.0704, 14.7338 ], [ 76.0587, 14.74 ], [ 76.0544, 14.7301 ], [ 76.049, 14.7336 ], [ 76.0454, 14.7286 ], [ 76.0441, 14.7349 ], [ 76.0374, 14.7254 ], [ 76.0145, 14.7329 ], [ 76.0146, 14.7413 ], [ 76.0534, 14.7475 ], [ 76.0537, 14.7775 ], [ 76.0711, 14.7849 ], [ 76.0673, 14.8073 ], [ 76.0481, 14.8174 ], [ 76.0652, 14.8144 ], [ 76.0587, 14.8279 ], [ 76.069, 14.8401 ], [ 76.0624, 14.8484 ], [ 76.0718, 14.8466 ], [ 76.0646, 14.8541 ], [ 76.0945, 14.8576 ], [ 76.0823, 14.8619 ], [ 76.0819, 14.8705 ] ] ], [ [ [ 76.0445, 14.9313 ], [ 76.0683, 14.9087 ], [ 76.0847, 14.9128 ], [ 76.0646, 14.8873 ], [ 76.0722, 14.8677 ], [ 76.0616, 14.8536 ], [ 76.042, 14.8626 ], [ 76.0344, 14.8552 ], [ 75.9935, 14.8863 ], [ 76.0045, 14.9057 ], [ 76.0116, 14.8971 ], [ 76.0325, 14.9251 ], [ 76.0445, 14.9313 ] ] ] ] } },
{ "type": "Feature", "properties": { "area_id": "KGIS-H-121103", "name_en": "Kasaba", "name_kn": "", "level": "panchayat", "parent_id": "KGIS-T-1211", "district_en": "Ballari", "lgd_code": null }, "geometry": { "type": "MultiPolygon", "coordinates": [ [ [ [ 75.9951, 14.8999 ], [ 75.9935, 14.8863 ], [ 76.0042, 14.8734 ], [ 76.0344, 14.8552 ], [ 76.042, 14.8626 ], [ 76.0616, 14.8536 ], [ 76.0807, 14.8706 ], [ 76.0823, 14.8619 ], [ 76.0879, 14.8633 ], [ 76.0945, 14.8576 ], [ 76.0646, 14.8541 ], [ 76.0718, 14.8466 ], [ 76.0624, 14.8484 ], [ 76.069, 14.8401 ], [ 76.0587, 14.8279 ], [ 76.0652, 14.8144 ], [ 76.0481, 14.8174 ], [ 76.0717, 14.7982 ], [ 76.0711, 14.7849 ], [ 76.0537, 14.7775 ], [ 76.0534, 14.7475 ], [ 76.0146, 14.7413 ], [ 76.0168, 14.7296 ], [ 76.0374, 14.7254 ], [ 76.0441, 14.7349 ], [ 76.0454, 14.7286 ], [ 76.049, 14.7336 ], [ 76.0544, 14.7301 ], [ 76.0587, 14.74 ], [ 76.0706, 14.7361 ], [ 76.0689, 14.7286 ], [ 76.0618, 14.7301 ], [ 76.0658, 14.7185 ], [ 76.0458, 14.7229 ], [ 76.0275, 14.7073 ], [ 76.049, 14.6892 ], [ 76.0475, 14.6828 ], [ 76.0148, 14.6833 ], [ 75.9889, 14.6558 ], [ 75.9955, 14.6439 ], [ 76.0026, 14.6459 ], [ 76.0061, 14.6351 ], [ 76.0118, 14.6012 ], [ 76.0048, 14.5943 ], [ 76.0241, 14.5881 ], [ 76.0476, 14.5673 ], [ 76.0149, 14.5679 ], [ 76.0045, 14.5551 ], [ 75.9904, 14.5625 ], [ 75.9821, 14.5871 ], [ 75.9893, 14.5966 ], [ 75.9822, 14.6044 ], [ 75.9958, 14.6095 ], [ 76.0068, 14.6024 ], [ 75.9977, 14.6196 ], [ 76.0066, 14.6321 ], [ 76.0027, 14.6393 ], [ 75.9929, 14.6282 ], [ 75.9313, 14.6367 ], [ 75.9697, 14.6435 ], [ 75.9713, 14.6522 ], [ 75.9531, 14.6622 ], [ 75.9681, 14.6674 ], [ 75.9705, 14.6785 ], [ 75.9808, 14.6764 ], [ 75.9903, 14.6834 ], [ 75.9824, 14.6804 ], [ 75.973, 14.691 ], [ 75.9598, 14.6856 ], [ 75.9733, 14.6988 ], [ 75.9898, 14.6984 ], [ 75.9925, 14.7123 ], [ 75.9987, 14.7176 ], [ 76.0084, 14.7206 ], [ 75.9932, 14.7349 ], [ 75.9686, 14.7308 ], [ 75.971, 14.7083 ], [ 75.9815, 14.7111 ], [ 75.9774, 14.7067 ], [ 75.9666, 14.7019 ], [ 75.9647, 14.711 ], [ 75.9496, 14.7125 ], [ 75.9345, 14.7035 ], [ 75.9301, 14.7095 ], [ 75.9431, 14.7136 ], [ 75.9334, 14.7158 ], [ 75.9431, 14.7322 ], [ 75.9242, 14.7302 ], [ 75.915, 14.7378 ], [ 75.9347, 14.754 ], [ 75.9041, 14.7524 ], [ 75.9051, 14.7629 ], [ 75.9164, 14.7698 ], [ 75.898, 14.7733 ], [ 75.887, 14.7649 ], [ 75.8799, 14.7862 ], [ 75.8582, 14.7805 ], [ 75.8557, 14.7549 ], [ 75.8501, 14.7554 ], [ 75.8529, 14.7783 ], [ 75.8182, 14.8346 ], [ 75.8092, 14.8333 ], [ 75.802, 14.8691 ], [ 75.8163, 14.9 ], [ 75.8258, 14.8995 ], [ 75.8328, 14.8832 ], [ 75.8453, 14.8901 ], [ 75.856, 14.8823 ], [ 75.8535, 14.8633 ], [ 75.8659, 14.8549 ], [ 75.8691, 14.8664 ], [ 75.887, 14.8684 ], [ 75.9401, 14.9001 ], [ 75.9659, 14.9014 ], [ 75.9636, 14.9081 ], [ 75.975, 14.9003 ], [ 75.9838, 14.9082 ], [ 75.9951, 14.8999 ] ], [ [ 76.0046, 14.7152 ], [ 76.0093, 14.7189 ], [ 76.0033, 14.719 ], [ 76.0046, 14.7152 ] ], [ [ 75.9967, 14.7051 ], [ 75.9985, 14.7067 ], [ 75.9966, 14.7059 ], [ 75.9967, 14.7051 ] ], [ [ 76.037, 14.6898 ], [ 76.0346, 14.6876 ], [ 76.0371, 14.6885 ], [ 76.037, 14.6898 ] ], [ [ 75.9677, 14.6576 ], [ 75.9692, 14.6556 ], [ 75.9704, 14.6583 ], [ 75.9677, 14.6576 ] ], [ [ 76.0484, 14.7295 ], [ 76.0498, 14.7325 ], [ 76.0492, 14.7328 ], [ 76.0484, 14.7295 ] ] ], [ [ [ 75.8784, 14.7518 ], [ 75.9003, 14.7511 ], [ 75.9074, 14.7278 ], [ 75.8992, 14.7199 ], [ 75.8899, 14.7207 ], [ 75.8824, 14.7332 ], [ 75.8811, 14.725 ], [ 75.8665, 14.7271 ], [ 75.8656, 14.7389 ], [ 75.8784, 14.7518 ] ] ] ] } },
{ "type": "Feature", "properties": { "area_id": "KGIS-H-121104", "name_en": "Telagi", "name_kn": "", "level": "panchayat", "parent_id": "KGIS-T-1211", "district_en": "Ballari", "lgd_code": null }, "geometry": { "type": "MultiPolygon", "coordinates": [ [ [ [ 75.9692, 14.6556 ], [ 75.9677, 14.6576 ], [ 75.9704, 14.6583 ], [ 75.9692, 14.6556 ] ] ], [ [ [ 75.8336, 14.8081 ], [ 75.8529, 14.7783 ], [ 75.8501, 14.7554 ], [ 75.8557, 14.7549 ], [ 75.8582, 14.7805 ], [ 75.8664, 14.7853 ], [ 75.8799, 14.7862 ], [ 75.887, 14.7649 ], [ 75.9088, 14.7747 ], [ 75.916, 14.7657 ], [ 75.9051, 14.7629 ], [ 75.9041, 14.7524 ], [ 75.9347, 14.754 ], [ 75.9158, 14.7354 ], [ 75.9431, 14.7322 ], [ 75.9334, 14.7158 ], [ 75.9391, 14.7162 ], [ 75.9431, 14.7136 ], [ 75.931, 14.7067 ], [ 75.9647, 14.711 ], [ 75.9741, 14.6978 ], [ 75.958, 14.679 ], [ 75.9687, 14.6754 ], [ 75.9681, 14.6674 ], [ 75.9531, 14.6622 ], [ 75.9713, 14.6522 ], [ 75.9697, 14.6435 ], [ 75.921, 14.6359 ], [ 75.9158, 14.6204 ], [ 75.9203, 14.6101 ], [ 75.9358, 14.6053 ], [ 75.9362, 14.5913 ], [ 75.9169, 14.5903 ], [ 75.911, 14.5712 ], [ 75.8683, 14.5937 ], [ 75.8661, 14.6162 ], [ 75.8548, 14.6072 ], [ 75.8322, 14.6073 ], [ 75.8357, 14.6337 ], [ 75.8077, 14.636 ], [ 75.7989, 14.6819 ], [ 75.7633, 14.6754 ], [ 75.7389, 14.6907 ], [ 75.7644, 14.7233 ], [ 75.7554, 14.7396 ], [ 75.7565, 14.7739 ], [ 75.7742, 14.7892 ], [ 75.8037, 14.7643 ], [ 75.7939, 14.7459 ], [ 75.8471, 14.7769 ], [ 75.8372, 14.7903 ], [ 75.8314, 14.7865 ], [ 75.8336, 14.8081 ] ], [ [ 75.8759, 14.7521 ], [ 75.8665, 14.7271 ], [ 75.8811, 14.725 ], [ 75.8824, 14.7332 ], [ 75.8899, 14.7207 ], [ 75.8992, 14.7199 ], [ 75.9074, 14.7278 ], [ 75.9003, 14.7511 ], [ 75.8759, 14.7521 ] ] ] ] } },
{ "type": "Feature", "properties": { "area_id": "KGIS-H-130101", "name_en": "Kasaba", "name_kn": "", "level": "panchayat", "parent_id": "KGIS-T-1301", "district_en": "Chitradurga", "lgd_code": null }, "geometry": { "type": "Polygon", "coordinates": [ [ [ 76.7494, 14.8233 ], [ 76.7561, 14.8062 ], [ 76.7716, 14.8065 ], [ 76.7711, 14.7971 ], [ 76.7789, 14.794 ], [ 76.7944, 14.746 ], [ 76.7865, 14.6982 ], [ 76.7708, 14.6753 ], [ 76.7658, 14.6063 ], [ 76.7548, 14.6056 ], [ 76.753, 14.5984 ], [ 76.7291, 14.6052 ], [ 76.725, 14.5931 ], [ 76.6954, 14.5809 ], [ 76.6798, 14.5845 ], [ 76.672, 14.5771 ], [ 76.6338, 14.5727 ], [ 76.6262, 14.5859 ], [ 76.6271, 14.6151 ], [ 76.6046, 14.62 ], [ 76.5976, 14.6301 ], [ 76.6124, 14.6484 ], [ 76.5976, 14.6538 ], [ 76.5982, 14.6699 ], [ 76.6106, 14.6685 ], [ 76.6079, 14.687 ], [ 76.6446, 14.7131 ], [ 76.651, 14.7264 ], [ 76.6487, 14.7554 ], [ 76.6822, 14.8081 ], [ 76.7052, 14.8175 ], [ 76.7348, 14.8132 ], [ 76.7404, 14.8256 ], [ 76.7494, 14.8233 ] ] ] } },
{ "type": "Feature", "properties": { "area_id": "KGIS-H-130102", "name_en": "Devasamudra", "name_kn": "", "level": "panchayat", "parent_id": "KGIS-T-1301", "district_en": "Chitradurga", "lgd_code": null }, "geometry": { "type": "Polygon", "coordinates": [ [ [ 76.7036, 15.0331 ], [ 76.7349, 15.0268 ], [ 76.7272, 15.0001 ], [ 76.7342, 14.9854 ], [ 76.7599, 14.9893 ], [ 76.7664, 14.9746 ], [ 76.818, 14.9693 ], [ 76.8284, 14.9561 ], [ 76.8413, 14.9663 ], [ 76.8669, 14.9696 ], [ 76.8639, 14.8954 ], [ 76.8473, 14.8963 ], [ 76.8454, 14.8898 ], [ 76.857, 14.8689 ], [ 76.8544, 14.841 ], [ 76.8425, 14.8362 ], [ 76.8543, 14.8099 ], [ 76.8375, 14.8108 ], [ 76.8373, 14.7912 ], [ 76.7829, 14.7865 ], [ 76.7711, 14.7971 ], [ 76.7716, 14.8065 ], [ 76.7561, 14.8062 ], [ 76.7494, 14.8233 ], [ 76.7118, 14.8374 ], [ 76.7136, 14.8648 ], [ 76.6977, 14.8907 ], [ 76.6777, 14.8878 ], [ 76.6775, 14.9114 ], [ 76.6662, 14.9166 ], [ 76.6594, 14.9421 ], [ 76.6986, 14.9275 ], [ 76.7068, 14.9311 ], [ 76.7061, 14.9426 ], [ 76.7147, 14.9423 ], [ 76.7171, 14.9674 ], [ 76.7123, 14.975 ], [ 76.6896, 14.9782 ], [ 76.6715, 15.0193 ], [ 76.6875, 15.0251 ], [ 76.6858, 15.0184 ], [ 76.7017, 15.0166 ], [ 76.7036, 15.0331 ] ] ] } },
{ "type": "Feature", "properties": { "area_id": "KGIS-H-130201", "name_en": "Kasaba", "name_kn": "", "level": "panchayat", "parent_id": "KGIS-T-1302", "district_en": "Chitradurga", "lgd_code": null }, "geometry": { "type": "MultiPolygon", "coordinates": [ [ [ [ 76.6375, 14.3846 ], [ 76.6747, 14.3836 ], [ 76.6826, 14.3724 ], [ 76.7174, 14.3562 ], [ 76.7314, 14.3541 ], [ 76.7314, 14.3624 ], [ 76.7464, 14.3653 ], [ 76.7728, 14.3573 ], [ 76.7896, 14.3385 ], [ 76.7892, 14.3285 ], [ 76.7569, 14.2863 ], [ 76.7583, 14.2563 ], [ 76.7729, 14.2423 ], [ 76.7869, 14.2453 ], [ 76.7997, 14.2342 ], [ 76.8117, 14.2404 ], [ 76.8189, 14.2313 ], [ 76.7649, 14.1993 ], [ 76.7377, 14.208 ], [ 76.7308, 14.1979 ], [ 76.7317, 14.1574 ], [ 76.7078, 14.1535 ], [ 76.6994, 14.1418 ], [ 76.642, 14.1419 ], [ 76.64, 14.1888 ], [ 76.6133, 14.1812 ], [ 76.6044, 14.2038 ], [ 76.5815, 14.2028 ], [ 76.5815, 14.2205 ], [ 76.5632, 14.223 ], [ 76.5674, 14.2445 ], [ 76.5461, 14.245 ], [ 76.5346, 14.2907 ], [ 76.5259, 14.2891 ], [ 76.5184, 14.2994 ], [ 76.5159, 14.3117 ], [ 76.526, 14.3146 ], [ 76.5247, 14.3236 ], [ 76.5398, 14.3242 ], [ 76.5344, 14.3495 ], [ 76.5937, 14.367 ], [ 76.6315, 14.3666 ], [ 76.6375, 14.3846 ] ] ], [ [ [ 76.7764, 14.2827 ], [ 76.7675, 14.2691 ], [ 76.769, 14.2862 ], [ 76.7764, 14.2827 ] ] ] ] } },
{ "type": "Feature", "properties": { "area_id": "KGIS-H-130202", "name_en": "Parashura0Pura", "name_kn": "", "level": "panchayat", "parent_id": "KGIS-T-1302", "district_en": "Chitradurga", "lgd_code": null }, "geometry": { "type": "Polygon", "coordinates": [ [ [ 76.9138, 14.418 ], [ 76.8985, 14.3981 ], [ 76.8848, 14.3954 ], [ 76.8848, 14.3475 ], [ 76.9033, 14.3228 ], [ 76.9451, 14.3126 ], [ 76.9564, 14.2945 ], [ 76.9247, 14.2741 ], [ 76.94, 14.2442 ], [ 76.9856, 14.2474 ], [ 77.0056, 14.2358 ], [ 76.9989, 14.229 ], [ 77.0068, 14.219 ], [ 77.0024, 14.1985 ], [ 77.0241, 14.1868 ], [ 77.0224, 14.1773 ], [ 77.0049, 14.1842 ], [ 76.9946, 14.1786 ], [ 76.9626, 14.1819 ], [ 76.9467, 14.198 ], [ 76.9425, 14.1732 ], [ 76.9196, 14.1641 ], [ 76.8948, 14.1677 ], [ 76.8867, 14.1379 ], [ 76.8793, 14.1476 ], [ 76.833, 14.1502 ], [ 76.8032, 14.1662 ], [ 76.7883, 14.1558 ], [ 76.7852, 14.1107 ], [ 76.7647, 14.0999 ], [ 76.7526, 14.0712 ], [ 76.7403, 14.0725 ], [ 76.7382, 14.1182 ], [ 76.717, 14.1113 ], [ 76.6878, 14.1194 ], [ 76.6868, 14.1419 ], [ 76.7317, 14.1574 ], [ 76.7308, 14.1979 ], [ 76.7377, 14.208 ], [ 76.7649, 14.1993 ], [ 76.8192, 14.2295 ], [ 76.8117, 14.2404 ], [ 76.7997, 14.2342 ], [ 76.7869, 14.2453 ], [ 76.7729, 14.2423 ], [ 76.7583, 14.2563 ], [ 76.7561, 14.2827 ], [ 76.7892, 14.3283 ], [ 76.7918, 14.3475 ], [ 76.8101, 14.3558 ], [ 76.8062, 14.3667 ], [ 76.8218, 14.3804 ], [ 76.8141, 14.4083 ], [ 76.8451, 14.4214 ], [ 76.8513, 14.4171 ], [ 76.8929, 14.428 ], [ 76.9138, 14.418 ] ], [ [ 76.7686, 14.2826 ], [ 76.7702, 14.2771 ], [ 76.7683, 14.2686 ], [ 76.7772, 14.2803 ], [ 76.7686, 14.2826 ] ] ] } },
{ "type": "Feature", "properties": { "area_id": "KGIS-H-130203", "name_en": "Talaku", "name_kn": "", "level": "panchayat", "parent_id": "KGIS-T-1302", "district_en": "Chitradurga", "lgd_code": null }, "geometry": { "type": "Polygon", "coordinates": [ [ [ 76.7548, 14.6056 ], [ 76.7815, 14.5967 ], [ 76.7915, 14.5542 ], [ 76.8067, 14.5319 ], [ 76.8315, 14.5294 ], [ 76.8556, 14.5092 ], [ 76.8666, 14.4756 ], [ 76.9045, 14.4897 ], [ 76.975, 14.4852 ], [ 76.9601, 14.4509 ], [ 76.9449, 14.4515 ], [ 76.9427, 14.3997 ], [ 76.916, 14.4208 ], [ 76.8929, 14.428 ], [ 76.8414, 14.4201 ], [ 76.8141, 14.4083 ], [ 76.8218, 14.3804 ], [ 76.8062, 14.3667 ], [ 76.8101, 14.3558 ], [ 76.7921, 14.3479 ], [ 76.7896, 14.3385 ], [ 76.7684, 14.3592 ], [ 76.7464, 14.3653 ], [ 76.7314, 14.3624 ], [ 76.7314, 14.3541 ], [ 76.7174, 14.3562 ], [ 76.6826, 14.3724 ], [ 76.6747, 14.3836 ], [ 76.6388, 14.3844 ], [ 76.6415, 14.4004 ], [ 76.658, 14.4119 ], [ 76.6579, 14.4309 ], [ 76.6452, 14.4385 ], [ 76.6598, 14.4849 ], [ 76.6585, 14.4969 ], [ 76.6257, 14.5156 ], [ 76.6271, 14.5369 ], [ 76.6548, 14.5457 ], [ 76.6591, 14.564 ], [ 76.6522, 14.5745 ], [ 76.7154, 14.5883 ], [ 76.7291, 14.6052 ], [ 76.753, 14.5984 ], [ 76.7548, 14.6056 ] ] ] } },
{ "type": "Feature", "properties": { "area_id": "KGIS-H-130204", "name_en": "Nayakanahatti", "name_kn": "", "level": "panchayat", "parent_id": "KGIS-T-1302", "district_en": "Chitradurga", "lgd_code": null }, "geometry": { "type": "Polygon", "coordinates": [ [ [ 76.6001, 14.6257 ], [ 76.6271, 14.6151 ], [ 76.6262, 14.5859 ], [ 76.6338, 14.5727 ], [ 76.6522, 14.5745 ], [ 76.6591, 14.564 ], [ 76.6548, 14.5457 ], [ 76.6271, 14.5369 ], [ 76.6257, 14.5156 ], [ 76.6585, 14.4969 ], [ 76.6598, 14.4849 ], [ 76.6452, 14.4385 ], [ 76.6579, 14.4309 ], [ 76.658, 14.4119 ], [ 76.641, 14.3997 ], [ 76.6315, 14.3666 ], [ 76.5937, 14.367 ], [ 76.5344, 14.3495 ], [ 76.5337, 14.3825 ], [ 76.4977, 14.3837 ], [ 76.4724, 14.369 ], [ 76.4629, 14.3708 ], [ 76.4553, 14.3886 ], [ 76.4954, 14.4115 ], [ 76.4874, 14.4318 ], [ 76.4633, 14.4399 ], [ 76.4552, 14.4699 ], [ 76.4611, 14.5049 ], [ 76.4844, 14.5049 ], [ 76.5221, 14.5242 ], [ 76.5331, 14.5433 ], [ 76.5241, 14.5527 ], [ 76.5165, 14.5495 ], [ 76.5103, 14.5604 ], [ 76.5415, 14.566 ], [ 76.5671, 14.5867 ], [ 76.5857, 14.6182 ], [ 76.6001, 14.6257 ] ] ] } },
{ "type": "Feature", "properties": { "area_id": "KGIS-H-130304", "name_en": "Kasaba", "name_kn": "", "level": "panchayat", "parent_id": "KGIS-T-1303", "district_en": "Chitradurga", "lgd_code": null }, "geometry": { "type": "Polygon", "coordinates": [ [ [ 76.3711, 14.3182 ], [ 76.4404, 14.3061 ], [ 76.4387, 14.2872 ], [ 76.4641, 14.2878 ], [ 76.4665, 14.2813 ], [ 76.5219, 14.2999 ], [ 76.5259, 14.2891 ], [ 76.5346, 14.2907 ], [ 76.5459, 14.2453 ], [ 76.5674, 14.2445 ], [ 76.5632, 14.223 ], [ 76.5815, 14.2205 ], [ 76.5766, 14.1594 ], [ 76.5667, 14.1482 ], [ 76.505, 14.1454 ], [ 76.5037, 14.1626 ], [ 76.4505, 14.1587 ], [ 76.4482, 14.1405 ], [ 76.4354, 14.129 ], [ 76.4453, 14.0566 ], [ 76.417, 14.052 ], [ 76.4043, 14.0783 ], [ 76.3748, 14.0675 ], [ 76.3522, 14.0776 ], [ 76.3463, 14.0735 ], [ 76.3153, 14.0921 ], [ 76.3136, 14.1224 ], [ 76.3043, 14.1223 ], [ 76.3311, 14.187 ], [ 76.327, 14.198 ], [ 76.3153, 14.2004 ], [ 76.3141, 14.2204 ], [ 76.3313, 14.2359 ], [ 76.3598, 14.2389 ], [ 76.3645, 14.2608 ], [ 76.3559, 14.268 ], [ 76.3498, 14.2631 ], [ 76.3413, 14.2996 ], [ 76.3711, 14.3182 ] ] ] } },
{ "type": "Feature", "properties": { "area_id": "KGIS-H-130305", "name_en": "Bharamasagara", "name_kn": "", "level": "panchayat", "parent_id": "KGIS-T-1303", "district_en": "Chitradurga", "lgd_code": null }, "geometry": { "type": "Polygon", "coordinates": [ [ [ 76.1746, 14.4624 ], [ 76.2085, 14.4563 ], [ 76.2188, 14.4419 ], [ 76.2384, 14.4505 ], [ 76.2601, 14.4445 ], [ 76.2642, 14.4248 ], [ 76.2819, 14.4046 ], [ 76.3313, 14.4085 ], [ 76.3266, 14.3846 ], [ 76.3094, 14.3647 ], [ 76.2888, 14.3663 ], [ 76.2903, 14.3601 ], [ 76.2677, 14.3554 ], [ 76.2662, 14.3371 ], [ 76.2853, 14.3304 ], [ 76.2789, 14.3133 ], [ 76.2585, 14.3348 ], [ 76.2501, 14.3008 ], [ 76.2617, 14.3 ], [ 76.2574, 14.2901 ], [ 76.2494, 14.2974 ], [ 76.2206, 14.2957 ], [ 76.2232, 14.282 ], [ 76.2134, 14.2663 ], [ 76.2421, 14.2554 ], [ 76.2291, 14.2341 ], [ 76.2008, 14.2376 ], [ 76.1906, 14.2293 ], [ 76.1736, 14.2328 ], [ 76.1676, 14.224 ], [ 76.1531, 14.259 ], [ 76.1347, 14.2559 ], [ 76.13, 14.2817 ], [ 76.1168, 14.2772 ], [ 76.1215, 14.2895 ], [ 76.1059, 14.3089 ], [ 76.1167, 14.3236 ], [ 76.1572, 14.3211 ], [ 76.1535, 14.397 ], [ 76.1361, 14.427 ], [ 76.1737, 14.4479 ], [ 76.1746, 14.4624 ] ] ] } },
{ "type": "Feature", "properties": { "area_id": "KGIS-H-130306", "name_en": "Turuvanuru", "name_kn": "", "level": "panchayat", "parent_id": "KGIS-T-1303", "district_en": "Chitradurga", "lgd_code": null }, "geometry": { "type": "Polygon", "coordinates": [ [ [ 76.4566, 14.4503 ], [ 76.4675, 14.4343 ], [ 76.4874, 14.4318 ], [ 76.4954, 14.4115 ], [ 76.4553, 14.3886 ], [ 76.4629, 14.3708 ], [ 76.4724, 14.369 ], [ 76.4977, 14.3837 ], [ 76.5337, 14.3825 ], [ 76.5398, 14.3242 ], [ 76.5247, 14.3236 ], [ 76.526, 14.3146 ], [ 76.5159, 14.3117 ], [ 76.5184, 14.2994 ], [ 76.4665, 14.2813 ], [ 76.4641, 14.2878 ], [ 76.4387, 14.2872 ], [ 76.4404, 14.3061 ], [ 76.3692, 14.3191 ], [ 76.3513, 14.308 ], [ 76.3518, 14.3003 ], [ 76.3413, 14.2996 ], [ 76.344, 14.3138 ], [ 76.3374, 14.3188 ], [ 76.324, 14.3121 ], [ 76.3034, 14.3207 ], [ 76.3085, 14.3409 ], [ 76.2884, 14.3299 ], [ 76.2662, 14.3371 ], [ 76.2677, 14.3554 ], [ 76.2903, 14.3601 ], [ 76.2888, 14.3663 ], [ 76.3094, 14.3647 ], [ 76.3266, 14.3846 ], [ 76.3379, 14.4193 ], [ 76.3782, 14.4177 ], [ 76.3956, 14.4362 ], [ 76.424, 14.4381 ], [ 76.4239, 14.4495 ], [ 76.4566, 14.4503 ] ] ] } },
{ "type": "Feature", "properties": { "area_id": "KGIS-H-130307", "name_en": "Hireguntanuru", "name_kn": "", "level": "panchayat", "parent_id": "KGIS-T-1303", "district_en": "Chitradurga", "lgd_code": null }, "geometry": { "type": "Polygon", "coordinates": [ [ [ 76.3113, 14.339 ], [ 76.3073, 14.3177 ], [ 76.343, 14.3152 ], [ 76.3498, 14.2631 ], [ 76.3559, 14.268 ], [ 76.3645, 14.2608 ], [ 76.3598, 14.2389 ], [ 76.3313, 14.2359 ], [ 76.3141, 14.2204 ], [ 76.3153, 14.2004 ], [ 76.327, 14.198 ], [ 76.3311, 14.187 ], [ 76.3043, 14.1223 ], [ 76.2756, 14.1646 ], [ 76.2409, 14.1569 ], [ 76.2054, 14.1598 ], [ 76.2066, 14.1808 ], [ 76.2213, 14.2093 ], [ 76.195, 14.2314 ], [ 76.2008, 14.2376 ], [ 76.2291, 14.2341 ], [ 76.2323, 14.2476 ], [ 76.2421, 14.2504 ], [ 76.2393, 14.2608 ], [ 76.2222, 14.2586 ], [ 76.2122, 14.2691 ], [ 76.2232, 14.282 ], [ 76.2206, 14.2957 ], [ 76.2603, 14.2942 ], [ 76.2617, 14.3 ], [ 76.2501, 14.3008 ], [ 76.2585, 14.3348 ], [ 76.2789, 14.3133 ], [ 76.2853, 14.3304 ], [ 76.3009, 14.3318 ], [ 76.3015, 14.3428 ], [ 76.3113, 14.339 ] ] ] } },
{ "type": "Feature", "properties": { "area_id": "KGIS-H-130401", "name_en": "Beedurga", "name_kn": "", "level": "panchayat", "parent_id": "KGIS-T-1304", "district_en": "Chitradurga", "lgd_code": null }, "geometry": { "type": "Polygon", "coordinates": [ [ [ 76.1531, 14.259 ], [ 76.1676, 14.224 ], [ 76.1736, 14.2328 ], [ 76.195, 14.2314 ], [ 76.2063, 14.218 ], [ 76.2203, 14.2156 ], [ 76.2053, 14.1595 ], [ 76.1884, 14.1652 ], [ 76.1651, 14.1538 ], [ 76.1652, 14.1223 ], [ 76.1476, 14.1152 ], [ 76.1522, 14.0997 ], [ 76.1367, 14.092 ], [ 76.0546, 14.0891 ], [ 76.0472, 14.0972 ], [ 76.034, 14.0908 ], [ 76.0349, 14.0998 ], [ 76.0254, 14.1003 ], [ 76.0327, 14.1344 ], [ 76.0466, 14.1452 ], [ 76.0457, 14.1555 ], [ 76.0638, 14.16 ], [ 76.0662, 14.1815 ], [ 76.0573, 14.1813 ], [ 76.0565, 14.1915 ], [ 76.0659, 14.2064 ], [ 76.0608, 14.2223 ], [ 76.0725, 14.2266 ], [ 76.0798, 14.2471 ], [ 76.1531, 14.259 ] ] ] } },
{ "type": "Feature", "properties": { "area_id": "KGIS-H-130402", "name_en": "Kasaba", "name_kn": "", "level": "panchayat", "parent_id": "KGIS-T-1304", "district_en": "Chitradurga", "lgd_code": null }, "geometry": { "type": "Polygon", "coordinates": [ [ [ 76.1884, 14.1652 ], [ 76.2218, 14.1587 ], [ 76.2346, 14.1328 ], [ 76.2212, 14.1147 ], [ 76.235, 14.1034 ], [ 76.2413, 14.0745 ], [ 76.2535, 14.0688 ], [ 76.2229, 14.0493 ], [ 76.2163, 14.0226 ], [ 76.2448, 13.9541 ], [ 76.2348, 13.9478 ], [ 76.1765, 13.9488 ], [ 76.1557, 13.9681 ], [ 76.1534, 13.9991 ], [ 76.1389, 13.9962 ], [ 76.1231, 14.0337 ], [ 76.1051, 14.0334 ], [ 76.1058, 14.0518 ], [ 76.0865, 14.0651 ], [ 76.0855, 14.0781 ], [ 76.0772, 14.0827 ], [ 76.0784, 14.0908 ], [ 76.1367, 14.092 ], [ 76.1522, 14.0997 ], [ 76.1476, 14.1152 ], [ 76.1685, 14.1306 ], [ 76.1651, 14.1538 ], [ 76.1884, 14.1652 ] ] ] } },
{ "type": "Feature", "properties": { "area_id": "KGIS-H-130403", "name_en": "Ramagiri", "name_kn": "", "level": "panchayat", "parent_id": "KGIS-T-1304", "district_en": "Chitradurga", "lgd_code": null }, "geometry": { "type": "Polygon", "coordinates": [ [ [ 76.0725, 14.091 ], [ 76.0855, 14.0781 ], [ 76.0865, 14.0651 ], [ 76.1058, 14.0518 ], [ 76.1051, 14.0334 ], [ 76.1231, 14.0337 ], [ 76.1389, 13.9962 ], [ 76.1534, 13.9991 ], [ 76.1557, 13.9681 ], [ 76.1765, 13.9488 ], [ 76.2362, 13.9463 ], [ 76.2407, 13.9314 ], [ 76.2132, 13.9249 ], [ 76.2065, 13.9108 ], [ 76.1861, 13.9188 ], [ 76.1805, 13.9144 ], [ 76.1724, 13.8944 ], [ 76.1756, 13.8766 ], [ 76.1488, 13.8722 ], [ 76.1501, 13.8651 ], [ 76.1016, 13.8586 ], [ 76.0764, 13.8793 ], [ 76.0537, 13.8795 ], [ 76.0511, 13.8976 ], [ 76.0285, 13.8988 ], [ 76.0293, 13.9204 ], [ 76.0448, 13.942 ], [ 76.066, 13.9414 ], [ 76.0689, 13.9479 ], [ 76.0724, 13.9821 ], [ 76.0511, 13.9788 ], [ 76.043, 13.9903 ], [ 76.0547, 14.0897 ], [ 76.0725, 14.091 ] ] ] } },
{ "type": "Feature", "properties": { "area_id": "KGIS-H-130404", "name_en": "Talya", "name_kn": "", "level": "panchayat", "parent_id": "KGIS-T-1304", "district_en": "Chitradurga", "lgd_code": null }, "geometry": { "type": "Polygon", "coordinates": [ [ [ 76.2779, 14.163 ], [ 76.2903, 14.1365 ], [ 76.3136, 14.1224 ], [ 76.3153, 14.0921 ], [ 76.3463, 14.0735 ], [ 76.3522, 14.0776 ], [ 76.3748, 14.0675 ], [ 76.4043, 14.0783 ], [ 76.417, 14.052 ], [ 76.4612, 14.0582 ], [ 76.4767, 14.0341 ], [ 76.4596, 14.0289 ], [ 76.455, 13.9962 ], [ 76.4363, 14.0076 ], [ 76.4233, 13.9998 ], [ 76.4173, 13.9892 ], [ 76.4247, 13.9664 ], [ 76.4165, 13.9537 ], [ 76.3987, 13.9593 ], [ 76.3733, 13.9551 ], [ 76.3601, 13.9861 ], [ 76.3361, 13.9844 ], [ 76.3188, 13.9809 ], [ 76.3263, 13.9599 ], [ 76.3001, 13.9563 ], [ 76.3005, 13.9456 ], [ 76.279, 13.9288 ], [ 76.273, 13.9567 ], [ 76.2621, 13.956 ], [ 76.2577, 13.9638 ], [ 76.2695, 13.9799 ], [ 76.264, 13.9956 ], [ 76.2286, 13.9867 ], [ 76.2163, 14.0226 ], [ 76.2215, 14.0473 ], [ 76.2535, 14.0688 ], [ 76.2413, 14.0745 ], [ 76.235, 14.1034 ], [ 76.2212, 14.1147 ], [ 76.2346, 14.1328 ], [ 76.2218, 14.1587 ], [ 76.2779, 14.163 ] ] ] } },
{ "type": "Feature", "properties": { "area_id": "KGIS-H-130501", "name_en": "Kasaba", "name_kn": "", "level": "panchayat", "parent_id": "KGIS-T-1305", "district_en": "Chitradurga", "lgd_code": null }, "geometry": { "type": "Polygon", "coordinates": [ [ [ 76.2464, 13.9298 ], [ 76.2426, 13.9049 ], [ 76.262, 13.9022 ], [ 76.2729, 13.8631 ], [ 76.2639, 13.863 ], [ 76.2669, 13.8285 ], [ 76.3368, 13.8352 ], [ 76.34, 13.828 ], [ 76.362, 13.8251 ], [ 76.3569, 13.8145 ], [ 76.3742, 13.8001 ], [ 76.3638, 13.796 ], [ 76.3686, 13.7865 ], [ 76.357, 13.7759 ], [ 76.3512, 13.7541 ], [ 76.3288, 13.7637 ], [ 76.2728, 13.7216 ], [ 76.2747, 13.694 ], [ 76.2673, 13.6871 ], [ 76.2589, 13.7049 ], [ 76.227, 13.6799 ], [ 76.221, 13.6832 ], [ 76.2196, 13.7103 ], [ 76.1798, 13.7164 ], [ 76.1697, 13.7281 ], [ 76.149, 13.7325 ], [ 76.1295, 13.8146 ], [ 76.1157, 13.8124 ], [ 76.1017, 13.8586 ], [ 76.1501, 13.8651 ], [ 76.1488, 13.8722 ], [ 76.1756, 13.8766 ], [ 76.1729, 13.8979 ], [ 76.1861, 13.9188 ], [ 76.2059, 13.9107 ], [ 76.2132, 13.9249 ], [ 76.2338, 13.9333 ], [ 76.2464, 13.9298 ] ] ] } },
{ "type": "Feature", "properties": { "area_id": "KGIS-H-130502", "name_en": "Madadakere", "name_kn": "", "level": "panchayat", "parent_id": "KGIS-T-1305", "district_en": "Chitradurga", "lgd_code": null }, "geometry": { "type": "Polygon", "coordinates": [ [ [ 76.4634, 13.9948 ], [ 76.4854, 13.951 ], [ 76.4666, 13.9472 ], [ 76.4659, 13.9337 ], [ 76.4876, 13.896 ], [ 76.4987, 13.8545 ], [ 76.4834, 13.8585 ], [ 76.4843, 13.8289 ], [ 76.4735, 13.8353 ], [ 76.4718, 13.8299 ], [ 76.4811, 13.8205 ], [ 76.4747, 13.8207 ], [ 76.4721, 13.8098 ], [ 76.4697, 13.8219 ], [ 76.4629, 13.8172 ], [ 76.4576, 13.8235 ], [ 76.4585, 13.8357 ], [ 76.4504, 13.8275 ], [ 76.4563, 13.819 ], [ 76.449, 13.8186 ], [ 76.4512, 13.8129 ], [ 76.4295, 13.8138 ], [ 76.4303, 13.8052 ], [ 76.4391, 13.8028 ], [ 76.4281, 13.7992 ], [ 76.4381, 13.779 ], [ 76.4301, 13.7763 ], [ 76.4215, 13.7758 ], [ 76.4118, 13.8084 ], [ 76.3906, 13.8104 ], [ 76.3962, 13.7871 ], [ 76.3813, 13.7932 ], [ 76.3848, 13.7694 ], [ 76.3629, 13.7645 ], [ 76.3597, 13.7538 ], [ 76.368, 13.743 ], [ 76.3598, 13.7375 ], [ 76.3541, 13.7484 ], [ 76.3353, 13.7503 ], [ 76.3546, 13.7578 ], [ 76.3724, 13.8062 ], [ 76.3569, 13.8145 ], [ 76.362, 13.8251 ], [ 76.34, 13.828 ], [ 76.3368, 13.8352 ], [ 76.2669, 13.8285 ], [ 76.2629, 13.8539 ], [ 76.2639, 13.863 ], [ 76.2729, 13.8631 ], [ 76.2696, 13.8784 ], [ 76.262, 13.9022 ], [ 76.2426, 13.9049 ], [ 76.2491, 13.9177 ], [ 76.235, 13.948 ], [ 76.2448, 13.9541 ], [ 76.2286, 13.9867 ], [ 76.264, 13.9956 ], [ 76.2695, 13.9799 ], [ 76.2577, 13.9638 ], [ 76.2621, 13.956 ], [ 76.273, 13.9567 ], [ 76.279, 13.9288 ], [ 76.3005, 13.9456 ], [ 76.3001, 13.9563 ], [ 76.3263, 13.9599 ], [ 76.3188, 13.9809 ], [ 76.3361, 13.9844 ], [ 76.3601, 13.9861 ], [ 76.3733, 13.9551 ], [ 76.3987, 13.9593 ], [ 76.4165, 13.9537 ], [ 76.4247, 13.9664 ], [ 76.4173, 13.9892 ], [ 76.4363, 14.0076 ], [ 76.4634, 13.9948 ] ] ] } },
{ "type": "Feature", "properties": { "area_id": "KGIS-H-130503", "name_en": "Mattodu", "name_kn": "", "level": "panchayat", "parent_id": "KGIS-T-1305", "district_en": "Chitradurga", "lgd_code": null }, "geometry": { "type": "Polygon", "coordinates": [ [ [ 76.5013, 13.848 ], [ 76.5137, 13.7625 ], [ 76.5611, 13.6839 ], [ 76.5399, 13.6632 ], [ 76.5002, 13.669 ], [ 76.4723, 13.6954 ], [ 76.4704, 13.6887 ], [ 76.4529, 13.6944 ], [ 76.435, 13.7322 ], [ 76.4271, 13.7256 ], [ 76.4308, 13.7002 ], [ 76.406, 13.6992 ], [ 76.4013, 13.6844 ], [ 76.3904, 13.6819 ], [ 76.3774, 13.7079 ], [ 76.3666, 13.6966 ], [ 76.3574, 13.7178 ], [ 76.3426, 13.7224 ], [ 76.3347, 13.7162 ], [ 76.3229, 13.7234 ], [ 76.3216, 13.7555 ], [ 76.3288, 13.7637 ], [ 76.3419, 13.7568 ], [ 76.3361, 13.7477 ], [ 76.3541, 13.7484 ], [ 76.3598, 13.7375 ], [ 76.368, 13.743 ], [ 76.3596, 13.7568 ], [ 76.3746, 13.7718 ], [ 76.3848, 13.7694 ], [ 76.379, 13.79 ], [ 76.3832, 13.7948 ], [ 76.3962, 13.7871 ], [ 76.3906, 13.8104 ], [ 76.4118, 13.8084 ], [ 76.4216, 13.7757 ], [ 76.4381, 13.779 ], [ 76.4281, 13.7992 ], [ 76.4383, 13.7989 ], [ 76.4386, 13.8058 ], [ 76.4316, 13.804 ], [ 76.4295, 13.8138 ], [ 76.4512, 13.8129 ], [ 76.449, 13.8186 ], [ 76.4563, 13.819 ], [ 76.4504, 13.8275 ], [ 76.4593, 13.8358 ], [ 76.4576, 13.8235 ], [ 76.4629, 13.8172 ], [ 76.4697, 13.8219 ], [ 76.4685, 13.8149 ], [ 76.4737, 13.8092 ], [ 76.4708, 13.8149 ], [ 76.4811, 13.8205 ], [ 76.4721, 13.825 ], [ 76.4727, 13.8351 ], [ 76.4843, 13.8289 ], [ 76.4834, 13.8585 ], [ 76.5013, 13.848 ] ] ] } },
{ "type": "Feature", "properties": { "area_id": "KGIS-H-130504", "name_en": "Shreerampura", "name_kn": "", "level": "panchayat", "parent_id": "KGIS-T-1305", "district_en": "Chitradurga", "lgd_code": null }, "geometry": { "type": "Polygon", "coordinates": [ [ [ 76.3216, 13.7555 ], [ 76.3229, 13.7234 ], [ 76.3347, 13.7162 ], [ 76.3426, 13.7224 ], [ 76.3574, 13.7178 ], [ 76.3666, 13.6966 ], [ 76.3746, 13.7075 ], [ 76.3774, 13.7079 ], [ 76.3904, 13.6819 ], [ 76.4013, 13.6844 ], [ 76.406, 13.6992 ], [ 76.4308, 13.7002 ], [ 76.4271, 13.7256 ], [ 76.435, 13.7322 ], [ 76.4529, 13.6944 ], [ 76.4704, 13.6887 ], [ 76.4723, 13.6954 ], [ 76.5002, 13.669 ], [ 76.5294, 13.6655 ], [ 76.5343, 13.6502 ], [ 76.5167, 13.634 ], [ 76.497, 13.6285 ], [ 76.4998, 13.6228 ], [ 76.4611, 13.6202 ], [ 76.4545, 13.5909 ], [ 76.4293, 13.5924 ], [ 76.4189, 13.5785 ], [ 76.3997, 13.5948 ], [ 76.3815, 13.5775 ], [ 76.3731, 13.5922 ], [ 76.3467, 13.5762 ], [ 76.3332, 13.5957 ], [ 76.2924, 13.5904 ], [ 76.2826, 13.6061 ], [ 76.2729, 13.6065 ], [ 76.287, 13.6474 ], [ 76.2632, 13.649 ], [ 76.2313, 13.6813 ], [ 76.242, 13.697 ], [ 76.2589, 13.7049 ], [ 76.2671, 13.687 ], [ 76.2721, 13.6916 ], [ 76.271, 13.7178 ], [ 76.2934, 13.7401 ], [ 76.3216, 13.7555 ] ] ] } },
{ "type": "Feature", "properties": { "area_id": "KGIS-H-130601", "name_en": "Kasaba", "name_kn": "", "level": "panchayat", "parent_id": "KGIS-T-1306", "district_en": "Chitradurga", "lgd_code": null }, "geometry": { "type": "Polygon", "coordinates": [ [ [ 76.6675, 14.0052 ], [ 76.7133, 14.0064 ], [ 76.714, 13.9793 ], [ 76.6799, 13.9708 ], [ 76.6837, 13.9554 ], [ 76.7121, 13.9559 ], [ 76.7009, 13.9377 ], [ 76.7232, 13.9147 ], [ 76.7108, 13.9135 ], [ 76.7116, 13.9064 ], [ 76.6903, 13.8937 ], [ 76.6613, 13.928 ], [ 76.641, 13.9233 ], [ 76.6418, 13.894 ], [ 76.6265, 13.8969 ], [ 76.6115, 13.8814 ], [ 76.6056, 13.8946 ], [ 76.591, 13.8826 ], [ 76.5925, 13.8691 ], [ 76.5394, 13.8556 ], [ 76.5432, 13.8414 ], [ 76.6006, 13.8513 ], [ 76.6071, 13.8324 ], [ 76.5528, 13.8166 ], [ 76.5459, 13.8028 ], [ 76.5112, 13.8006 ], [ 76.4914, 13.8862 ], [ 76.4659, 13.9337 ], [ 76.4666, 13.9472 ], [ 76.5083, 13.9529 ], [ 76.5574, 13.9483 ], [ 76.554, 13.9811 ], [ 76.5666, 13.9835 ], [ 76.5774, 13.9651 ], [ 76.5961, 13.9691 ], [ 76.6056, 13.9741 ], [ 76.6044, 14.0026 ], [ 76.6458, 13.9919 ], [ 76.6675, 14.0052 ] ] ] } },
{ "type": "Feature", "properties": { "area_id": "KGIS-H-130602", "name_en": "Aimangala", "name_kn": "", "level": "panchayat", "parent_id": "KGIS-T-1306", "district_en": "Chitradurga", "lgd_code": null }, "geometry": { "type": "Polygon", "coordinates": [ [ [ 76.6051, 14.2026 ], [ 76.6133, 14.1812 ], [ 76.64, 14.1888 ], [ 76.642, 14.1419 ], [ 76.6871, 14.1417 ], [ 76.6875, 14.118 ], [ 76.6716, 14.0992 ], [ 76.668, 14.0815 ], [ 76.6858, 14.0793 ], [ 76.6844, 14.0593 ], [ 76.6697, 14.0488 ], [ 76.6748, 14.0287 ], [ 76.6915, 14.0318 ], [ 76.6901, 14.0109 ], [ 76.6458, 13.9919 ], [ 76.6044, 14.0026 ], [ 76.6056, 13.9741 ], [ 76.5961, 13.9691 ], [ 76.5774, 13.9651 ], [ 76.5666, 13.9835 ], [ 76.554, 13.9811 ], [ 76.5574, 13.9483 ], [ 76.4856, 13.9506 ], [ 76.4701, 13.9854 ], [ 76.455, 13.9962 ], [ 76.4596, 14.0289 ], [ 76.4767, 14.0341 ], [ 76.4612, 14.0582 ], [ 76.4494, 14.0531 ], [ 76.4396, 14.0653 ], [ 76.4435, 14.0917 ], [ 76.4354, 14.129 ], [ 76.4482, 14.1405 ], [ 76.4505, 14.1587 ], [ 76.4623, 14.162 ], [ 76.5037, 14.1626 ], [ 76.505, 14.1454 ], [ 76.5667, 14.1482 ], [ 76.5766, 14.1594 ], [ 76.5813, 14.2029 ], [ 76.6051, 14.2026 ] ] ] } },
{ "type": "Feature", "properties": { "area_id": "KGIS-H-130603", "name_en": "Dharmapura", "name_kn": "", "level": "panchayat", "parent_id": "KGIS-T-1306", "district_en": "Chitradurga", "lgd_code": null }, "geometry": { "type": "Polygon", "coordinates": [ [ [ 76.8105, 14.1677 ], [ 76.833, 14.1502 ], [ 76.8613, 14.1532 ], [ 76.9151, 14.1282 ], [ 76.9252, 14.1364 ], [ 76.9554, 14.0992 ], [ 76.9278, 14.0771 ], [ 76.923, 14.0566 ], [ 76.9097, 14.0637 ], [ 76.8868, 14.0464 ], [ 76.8728, 14.0098 ], [ 76.8367, 14.0179 ], [ 76.8333, 14.0032 ], [ 76.8221, 14.0006 ], [ 76.849, 13.9807 ], [ 76.8494, 13.9653 ], [ 76.8223, 13.9505 ], [ 76.8141, 13.9364 ], [ 76.8148, 13.9155 ], [ 76.764, 13.9246 ], [ 76.7313, 13.9113 ], [ 76.7237, 13.9321 ], [ 76.7281, 13.9406 ], [ 76.7571, 13.9465 ], [ 76.7475, 13.9671 ], [ 76.7512, 13.9767 ], [ 76.7391, 13.9744 ], [ 76.7333, 14.0007 ], [ 76.6899, 14.011 ], [ 76.6915, 14.0318 ], [ 76.6748, 14.0287 ], [ 76.6695, 14.0531 ], [ 76.6844, 14.0593 ], [ 76.6858, 14.0793 ], [ 76.668, 14.0815 ], [ 76.6716, 14.0992 ], [ 76.6878, 14.1194 ], [ 76.717, 14.1113 ], [ 76.7382, 14.1182 ], [ 76.7403, 14.0725 ], [ 76.7526, 14.0712 ], [ 76.7647, 14.0999 ], [ 76.7864, 14.1125 ], [ 76.7883, 14.1558 ], [ 76.8105, 14.1677 ] ] ] } },
{ "type": "Feature", "properties": { "area_id": "KGIS-H-130604", "name_en": "J G Halli", "name_kn": "", "level": "panchayat", "parent_id": "KGIS-T-1306", "district_en": "Chitradurga", "lgd_code": null }, "geometry": { "type": "Polygon", "coordinates": [ [ [ 76.7133, 14.0058 ], [ 76.7336, 14.0006 ], [ 76.7391, 13.9744 ], [ 76.7512, 13.9767 ], [ 76.7475, 13.9671 ], [ 76.7571, 13.9485 ], [ 76.7271, 13.9391 ], [ 76.7274, 13.9133 ], [ 76.7496, 13.9162 ], [ 76.7527, 13.907 ], [ 76.7211, 13.8951 ], [ 76.7618, 13.8355 ], [ 76.7689, 13.8372 ], [ 76.7646, 13.7823 ], [ 76.7305, 13.7841 ], [ 76.728, 13.7969 ], [ 76.7177, 13.796 ], [ 76.6874, 13.7456 ], [ 76.692, 13.6968 ], [ 76.6777, 13.6999 ], [ 76.6733, 13.7181 ], [ 76.6634, 13.7213 ], [ 76.6315, 13.7135 ], [ 76.6208, 13.7344 ], [ 76.6087, 13.7234 ], [ 76.5771, 13.7147 ], [ 76.5712, 13.7083 ], [ 76.5773, 13.6903 ], [ 76.5611, 13.684 ], [ 76.519, 13.7497 ], [ 76.5133, 13.799 ], [ 76.5459, 13.8028 ], [ 76.5528, 13.8166 ], [ 76.6071, 13.8324 ], [ 76.6006, 13.8513 ], [ 76.5432, 13.8414 ], [ 76.5394, 13.8556 ], [ 76.5925, 13.8691 ], [ 76.591, 13.8826 ], [ 76.6056, 13.8946 ], [ 76.6115, 13.8814 ], [ 76.6265, 13.8969 ], [ 76.6418, 13.894 ], [ 76.6378, 13.9174 ], [ 76.6444, 13.9246 ], [ 76.6613, 13.928 ], [ 76.6903, 13.8937 ], [ 76.7116, 13.9064 ], [ 76.7108, 13.9135 ], [ 76.7232, 13.9147 ], [ 76.7009, 13.9377 ], [ 76.7121, 13.9559 ], [ 76.6837, 13.9553 ], [ 76.6799, 13.9708 ], [ 76.714, 13.9793 ], [ 76.7133, 14.0058 ] ] ] } },
{ "type": "Feature", "properties": { "area_id": "KGIS-H-140101", "name_en": "Kasaba", "name_kn": "", "level": "panchayat", "parent_id": "KGIS-T-1401", "district_en": "Davanagere", "lgd_code": null }, "geometry": { "type": "Polygon", "coordinates": [ [ [ 75.8077, 14.636 ], [ 75.8357, 14.6337 ], [ 75.8322, 14.6073 ], [ 75.8548, 14.6072 ], [ 75.8661, 14.6162 ], [ 75.8683, 14.5937 ], [ 75.911, 14.5712 ], [ 75.9101, 14.5562 ], [ 75.897, 14.5554 ], [ 75.8911, 14.542 ], [ 75.8691, 14.546 ], [ 75.8349, 14.5374 ], [ 75.8385, 14.5184 ], [ 75.8625, 14.514 ], [ 75.8773, 14.4977 ], [ 75.8317, 14.5007 ], [ 75.8299, 14.4875 ], [ 75.816, 14.488 ], [ 75.8153, 14.473 ], [ 75.8435, 14.4482 ], [ 75.8878, 14.4285 ], [ 75.8813, 14.4133 ], [ 75.8669, 14.4199 ], [ 75.8467, 14.4161 ], [ 75.8444, 14.3911 ], [ 75.8375, 14.3866 ], [ 75.7957, 14.4273 ], [ 75.7697, 14.4172 ], [ 75.7618, 14.4001 ], [ 75.7518, 14.403 ], [ 75.7522, 14.4126 ], [ 75.7219, 14.4231 ], [ 75.723, 14.4325 ], [ 75.7365, 14.4323 ], [ 75.7423, 14.4599 ], [ 75.7551, 14.4624 ], [ 75.7437, 14.5032 ], [ 75.7672, 14.5182 ], [ 75.7992, 14.5124 ], [ 75.7999, 14.5427 ], [ 75.8196, 14.5657 ], [ 75.8042, 14.6014 ], [ 75.8077, 14.636 ] ] ] } },
{ "type": "Feature", "properties": { "area_id": "KGIS-H-140102", "name_en": "Malebennuru", "name_kn": "", "level": "panchayat", "parent_id": "KGIS-T-1401", "district_en": "Davanagere", "lgd_code": null }, "geometry": { "type": "Polygon", "coordinates": [ [ [ 75.7421, 14.5011 ], [ 75.7546, 14.4617 ], [ 75.7388, 14.4547 ], [ 75.7365, 14.4323 ], [ 75.723, 14.4325 ], [ 75.7219, 14.4231 ], [ 75.7522, 14.4126 ], [ 75.7518, 14.403 ], [ 75.7618, 14.4001 ], [ 75.7697, 14.4172 ], [ 75.7957, 14.4273 ], [ 75.8311, 14.3865 ], [ 75.8256, 14.3677 ], [ 75.8346, 14.3588 ], [ 75.8331, 14.3381 ], [ 75.8235, 14.3362 ], [ 75.795, 14.3521 ], [ 75.7917, 14.323 ], [ 75.7749, 14.325 ], [ 75.7513, 14.2966 ], [ 75.7239, 14.2925 ], [ 75.7305, 14.3073 ], [ 75.7189, 14.305 ], [ 75.6928, 14.3466 ], [ 75.6495, 14.3623 ], [ 75.6242, 14.3603 ], [ 75.644, 14.4312 ], [ 75.6342, 14.4329 ], [ 75.6375, 14.4417 ], [ 75.6307, 14.4459 ], [ 75.6366, 14.4665 ], [ 75.6611, 14.4605 ], [ 75.6621, 14.4515 ], [ 75.689, 14.492 ], [ 75.6995, 14.4927 ], [ 75.7148, 14.4729 ], [ 75.7421, 14.5011 ] ] ] } },
{ "type": "Feature", "properties": { "area_id": "KGIS-H-140301", "name_en": "Kasaba", "name_kn": "", "level": "panchayat", "parent_id": "KGIS-T-1403", "district_en": "Davanagere", "lgd_code": null }, "geometry": { "type": "Polygon", "coordinates": [ [ [ 76.3734, 14.6212 ], [ 76.4329, 14.618 ], [ 76.4237, 14.5809 ], [ 76.5053, 14.5657 ], [ 76.5339, 14.54 ], [ 76.5082, 14.5163 ], [ 76.4844, 14.5049 ], [ 76.4611, 14.5049 ], [ 76.4552, 14.4699 ], [ 76.4599, 14.4503 ], [ 76.4239, 14.4495 ], [ 76.424, 14.4381 ], [ 76.3956, 14.4362 ], [ 76.3782, 14.4177 ], [ 76.3379, 14.4193 ], [ 76.3313, 14.4085 ], [ 76.2737, 14.4089 ], [ 76.2603, 14.4442 ], [ 76.2786, 14.4641 ], [ 76.2882, 14.4901 ], [ 76.3082, 14.4884 ], [ 76.3112, 14.5012 ], [ 76.3197, 14.5012 ], [ 76.3174, 14.556 ], [ 76.3268, 14.5582 ], [ 76.3316, 14.5765 ], [ 76.358, 14.5733 ], [ 76.3592, 14.5821 ], [ 76.3669, 14.5831 ], [ 76.3662, 14.6095 ], [ 76.3734, 14.6212 ] ] ] } },
{ "type": "Feature", "properties": { "area_id": "KGIS-H-140302", "name_en": "Bilichodu", "name_kn": "", "level": "panchayat", "parent_id": "KGIS-T-1403", "district_en": "Davanagere", "lgd_code": null }, "geometry": { "type": "Polygon", "coordinates": [ [ [ 76.2291, 14.6178 ], [ 76.2497, 14.5809 ], [ 76.2422, 14.568 ], [ 76.2709, 14.5578 ], [ 76.2761, 14.5154 ], [ 76.3157, 14.5177 ], [ 76.3197, 14.5012 ], [ 76.3112, 14.5012 ], [ 76.3082, 14.4884 ], [ 76.2882, 14.4901 ], [ 76.2786, 14.4641 ], [ 76.2603, 14.4442 ], [ 76.2384, 14.4505 ], [ 76.2188, 14.4419 ], [ 76.2068, 14.4571 ], [ 76.1746, 14.4624 ], [ 76.1737, 14.4479 ], [ 76.1367, 14.4261 ], [ 76.1266, 14.4354 ], [ 76.1216, 14.4619 ], [ 76.1385, 14.5087 ], [ 76.1279, 14.5207 ], [ 76.1335, 14.5408 ], [ 76.1153, 14.5681 ], [ 76.1274, 14.5756 ], [ 76.1401, 14.6143 ], [ 76.1634, 14.6109 ], [ 76.1644, 14.6006 ], [ 76.1819, 14.6027 ], [ 76.2113, 14.6215 ], [ 76.2291, 14.6178 ] ] ] } },
{ "type": "Feature", "properties": { "area_id": "KGIS-H-140303", "name_en": "Sokke", "name_kn": "", "level": "panchayat", "parent_id": "KGIS-T-1403", "district_en": "Davanagere", "lgd_code": null }, "geometry": { "type": "Polygon", "coordinates": [ [ [ 76.1537, 14.7041 ], [ 76.1936, 14.6977 ], [ 76.1935, 14.6814 ], [ 76.2305, 14.6492 ], [ 76.2499, 14.6986 ], [ 76.2719, 14.6957 ], [ 76.2794, 14.6851 ], [ 76.325, 14.6912 ], [ 76.3378, 14.686 ], [ 76.3428, 14.6657 ], [ 76.3797, 14.662 ], [ 76.3751, 14.6463 ], [ 76.3902, 14.6483 ], [ 76.3938, 14.6253 ], [ 76.3708, 14.6191 ], [ 76.3669, 14.5831 ], [ 76.3592, 14.5821 ], [ 76.358, 14.5733 ], [ 76.331, 14.5758 ], [ 76.3268, 14.5582 ], [ 76.3174, 14.556 ], [ 76.3157, 14.5177 ], [ 76.2761, 14.5154 ], [ 76.2709, 14.5578 ], [ 76.2422, 14.568 ], [ 76.2497, 14.5809 ], [ 76.2291, 14.6178 ], [ 76.2075, 14.6208 ], [ 76.1819, 14.6027 ], [ 76.1641, 14.6006 ], [ 76.1634, 14.6109 ], [ 76.1457, 14.6116 ], [ 76.1423, 14.628 ], [ 76.1312, 14.6304 ], [ 76.1294, 14.6494 ], [ 76.108, 14.6599 ], [ 76.1146, 14.695 ], [ 76.1537, 14.7041 ] ] ] } },
{ "type": "Feature", "properties": { "area_id": "KGIS-H-140401", "name_en": "Kasaba", "name_kn": "", "level": "panchayat", "parent_id": "KGIS-T-1404", "district_en": "Davanagere", "lgd_code": null }, "geometry": { "type": "Polygon", "coordinates": [ [ [ 75.9229, 14.5636 ], [ 75.9393, 14.5604 ], [ 75.9468, 14.5238 ], [ 75.9952, 14.5178 ], [ 75.9976, 14.5051 ], [ 76.0135, 14.4941 ], [ 76.0002, 14.494 ], [ 76.0021, 14.4795 ], [ 75.9739, 14.4805 ], [ 75.9762, 14.4666 ], [ 75.9931, 14.4674 ], [ 75.9903, 14.4497 ], [ 75.9782, 14.4501 ], [ 75.9654, 14.4266 ], [ 75.9368, 14.4194 ], [ 75.9622, 14.3719 ], [ 75.9604, 14.3601 ], [ 75.9702, 14.3623 ], [ 75.9719, 14.3419 ], [ 75.9591, 14.343 ], [ 75.956, 14.3588 ], [ 75.9432, 14.3618 ], [ 75.9303, 14.3593 ], [ 75.9225, 14.3565 ], [ 75.9307, 14.3425 ], [ 75.9086, 14.3338 ], [ 75.9028, 14.3153 ], [ 75.8938, 14.3233 ], [ 75.845, 14.3223 ], [ 75.829, 14.3452 ], [ 75.8346, 14.3588 ], [ 75.8256, 14.3677 ], [ 75.8278, 14.3908 ], [ 75.8431, 14.3879 ], [ 75.8467, 14.4161 ], [ 75.8669, 14.4199 ], [ 75.8813, 14.4133 ], [ 75.8878, 14.4285 ], [ 75.8213, 14.4623 ], [ 75.816, 14.488 ], [ 75.8299, 14.4875 ], [ 75.8317, 14.5007 ], [ 75.8773, 14.4977 ], [ 75.8625, 14.514 ], [ 75.8385, 14.5184 ], [ 75.8349, 14.5374 ], [ 75.8691, 14.546 ], [ 75.8911, 14.542 ], [ 75.897, 14.5554 ], [ 75.9229, 14.5636 ] ] ] } },
{ "type": "Feature", "properties": { "area_id": "KGIS-H-140402", "name_en": "Anagodu", "name_kn": "", "level": "panchayat", "parent_id": "KGIS-T-1404", "district_en": "Davanagere", "lgd_code": null }, "geometry": { "type": "Polygon", "coordinates": [ [ [ 76.1299, 14.5272 ], [ 76.1385, 14.5087 ], [ 76.1216, 14.4619 ], [ 76.1238, 14.443 ], [ 76.1535, 14.397 ], [ 76.1572, 14.3211 ], [ 76.1167, 14.3236 ], [ 76.1079, 14.3117 ], [ 76.0846, 14.3071 ], [ 76.0686, 14.3476 ], [ 76.0551, 14.3497 ], [ 76.0533, 14.3624 ], [ 76.0446, 14.3637 ], [ 76.0396, 14.353 ], [ 76.0284, 14.3552 ], [ 76.0226, 14.3739 ], [ 76.01, 14.3796 ], [ 75.9604, 14.3601 ], [ 75.9622, 14.3719 ], [ 75.9366, 14.4185 ], [ 75.9654, 14.4266 ], [ 75.9782, 14.4501 ], [ 75.9903, 14.4497 ], [ 75.9931, 14.4674 ], [ 75.9762, 14.4666 ], [ 75.9739, 14.4805 ], [ 76.0021, 14.4795 ], [ 76.0002, 14.494 ], [ 76.0135, 14.4941 ], [ 75.9976, 14.5051 ], [ 75.9952, 14.5178 ], [ 76.0277, 14.5244 ], [ 76.0527, 14.5055 ], [ 76.0972, 14.5236 ], [ 76.1299, 14.5272 ] ] ] } },
{ "type": "Feature", "properties": { "area_id": "KGIS-H-140403", "name_en": "Mayakonda", "name_kn": "", "level": "panchayat", "parent_id": "KGIS-T-1404", "district_en": "Davanagere", "lgd_code": null }, "geometry": { "type": "Polygon", "coordinates": [ [ [ 76.0171, 14.3744 ], [ 76.0284, 14.3552 ], [ 76.0396, 14.353 ], [ 76.0446, 14.3637 ], [ 76.0533, 14.3624 ], [ 76.0551, 14.3497 ], [ 76.0686, 14.3476 ], [ 76.0846, 14.3071 ], [ 76.1062, 14.3108 ], [ 76.1215, 14.2895 ], [ 76.1168, 14.2772 ], [ 76.13, 14.2817 ], [ 76.1346, 14.2561 ], [ 76.0798, 14.2471 ], [ 76.0725, 14.2266 ], [ 76.061, 14.2224 ], [ 76.0543, 14.2248 ], [ 76.0537, 14.2413 ], [ 76.0199, 14.2454 ], [ 76.0089, 14.2592 ], [ 75.982, 14.2585 ], [ 75.9745, 14.2396 ], [ 75.9611, 14.235 ], [ 75.9189, 14.2515 ], [ 75.9063, 14.2735 ], [ 75.8793, 14.2749 ], [ 75.878, 14.32 ], [ 75.9083, 14.3193 ], [ 75.9086, 14.3338 ], [ 75.9307, 14.3425 ], [ 75.9225, 14.3565 ], [ 75.956, 14.3588 ], [ 75.9591, 14.343 ], [ 75.9719, 14.3419 ], [ 75.9702, 14.3623 ], [ 75.9991, 14.3797 ], [ 76.0171, 14.3744 ] ] ] } },
{ "type": "Feature", "properties": { "area_id": "KGIS-H-140507", "name_en": "Sasvehalli-2", "name_kn": "", "level": "panchayat", "parent_id": "KGIS-T-1405", "district_en": "Davanagere", "lgd_code": null }, "geometry": { "type": "Polygon", "coordinates": [ [ [ 75.8042, 14.3435 ], [ 75.8394, 14.3369 ], [ 75.8491, 14.3171 ], [ 75.8423, 14.3002 ], [ 75.814, 14.3013 ], [ 75.8095, 14.2491 ], [ 75.7623, 14.2404 ], [ 75.7505, 14.2312 ], [ 75.7459, 14.2437 ], [ 75.7059, 14.2379 ], [ 75.7073, 14.2832 ], [ 75.7175, 14.2916 ], [ 75.7513, 14.2966 ], [ 75.7749, 14.325 ], [ 75.7917, 14.323 ], [ 75.795, 14.3521 ], [ 75.8042, 14.3435 ] ] ] } },
{ "type": "Feature", "properties": { "area_id": "KGIS-H-140508", "name_en": "Kasaba", "name_kn": "", "level": "panchayat", "parent_id": "KGIS-T-1405", "district_en": "Davanagere", "lgd_code": null }, "geometry": { "type": "MultiPolygon", "coordinates": [ [ [ [ 75.5899, 14.2862 ], [ 75.6285, 14.2491 ], [ 75.6039, 14.2343 ], [ 75.6231, 14.2329 ], [ 75.6211, 14.2102 ], [ 75.6488, 14.2046 ], [ 75.6461, 14.1819 ], [ 75.6087, 14.191 ], [ 75.6097, 14.1973 ], [ 75.5851, 14.1879 ], [ 75.5749, 14.1918 ], [ 75.5691, 14.2219 ], [ 75.5493, 14.2202 ], [ 75.5289, 14.2303 ], [ 75.5307, 14.2766 ], [ 75.5806, 14.2773 ], [ 75.5899, 14.2862 ] ] ], [ [ [ 75.6059, 14.2987 ], [ 75.6228, 14.2958 ], [ 75.632, 14.2731 ], [ 75.6076, 14.2736 ], [ 75.6004, 14.2926 ], [ 75.6059, 14.2987 ] ] ], [ [ [ 75.6556, 14.3596 ], [ 75.6928, 14.3466 ], [ 75.7189, 14.305 ], [ 75.7305, 14.3073 ], [ 75.7239, 14.2925 ], [ 75.7073, 14.2832 ], [ 75.7059, 14.2379 ], [ 75.7459, 14.2437 ], [ 75.7498, 14.2254 ], [ 75.7174, 14.2269 ], [ 75.7066, 14.2166 ], [ 75.6944, 14.2284 ], [ 75.6532, 14.2403 ], [ 75.6444, 14.2654 ], [ 75.6493, 14.2781 ], [ 75.6346, 14.2905 ], [ 75.6348, 14.3231 ], [ 75.6224, 14.3459 ], [ 75.6242, 14.3603 ], [ 75.6556, 14.3596 ] ] ] ] } },
{ "type": "Feature", "properties": { "area_id": "KGIS-H-140509", "name_en": "Sasvehalli-1", "name_kn": "", "level": "panchayat", "parent_id": "KGIS-T-1405", "district_en": "Davanagere", "lgd_code": null }, "geometry": { "type": "Polygon", "coordinates": [ [ [ 75.7159, 14.226 ], [ 75.7498, 14.2254 ], [ 75.7551, 14.2129 ], [ 75.7542, 14.2044 ], [ 75.7362, 14.2063 ], [ 75.7343, 14.1928 ], [ 75.7515, 14.1717 ], [ 75.7976, 14.1429 ], [ 75.8046, 14.1098 ], [ 75.8142, 14.1044 ], [ 75.7724, 14.1009 ], [ 75.7571, 14.1105 ], [ 75.7529, 14.102 ], [ 75.7394, 14.1015 ], [ 75.7383, 14.0873 ], [ 75.721, 14.0834 ], [ 75.7032, 14.1038 ], [ 75.687, 14.1081 ], [ 75.6932, 14.1225 ], [ 75.7126, 14.1279 ], [ 75.7193, 14.1469 ], [ 75.6854, 14.1443 ], [ 75.6692, 14.203 ], [ 75.7004, 14.2074 ], [ 75.7159, 14.226 ] ] ] } },
{ "type": "Feature", "properties": { "area_id": "KGIS-H-140510", "name_en": "Govinakovi-2", "name_kn": "", "level": "panchayat", "parent_id": "KGIS-T-1405", "district_en": "Davanagere", "lgd_code": null }, "geometry": { "type": "Polygon", "coordinates": [ [ [ 75.6109, 14.3158 ], [ 75.6343, 14.3148 ], [ 75.6346, 14.2905 ], [ 75.6486, 14.2804 ], [ 75.6444, 14.2654 ], [ 75.6532, 14.2403 ], [ 75.7061, 14.219 ], [ 75.7004, 14.2074 ], [ 75.6692, 14.203 ], [ 75.6796, 14.1783 ], [ 75.6473, 14.1785 ], [ 75.6488, 14.2046 ], [ 75.6211, 14.2102 ], [ 75.6231, 14.2329 ], [ 75.6039, 14.2343 ], [ 75.6285, 14.2491 ], [ 75.5923, 14.2874 ], [ 75.6004, 14.2924 ], [ 75.6076, 14.2736 ], [ 75.632, 14.2731 ], [ 75.6228, 14.2958 ], [ 75.606, 14.2987 ], [ 75.6109, 14.3158 ] ] ] } },
{ "type": "Feature", "properties": { "area_id": "KGIS-H-140601", "name_en": "Basavapattana-1", "name_kn": "", "level": "panchayat", "parent_id": "KGIS-T-1406", "district_en": "Davanagere", "lgd_code": null }, "geometry": { "type": "Polygon", "coordinates": [ [ [ 75.8118, 14.2646 ], [ 75.8545, 14.2644 ], [ 75.8659, 14.2454 ], [ 75.8585, 14.2418 ], [ 75.8588, 14.2301 ], [ 75.8697, 14.2289 ], [ 75.8642, 14.1865 ], [ 75.8712, 14.1792 ], [ 75.8656, 14.1739 ], [ 75.8762, 14.1733 ], [ 75.8764, 14.1723 ], [ 75.8737, 14.1576 ], [ 75.8603, 14.1509 ], [ 75.8795, 14.1404 ], [ 75.8537, 14.1251 ], [ 75.8558, 14.1176 ], [ 75.8309, 14.116 ], [ 75.8149, 14.1051 ], [ 75.8046, 14.1098 ], [ 75.7976, 14.1429 ], [ 75.7515, 14.1717 ], [ 75.7343, 14.1928 ], [ 75.7362, 14.2063 ], [ 75.7542, 14.2044 ], [ 75.7505, 14.2312 ], [ 75.7608, 14.2397 ], [ 75.8095, 14.2491 ], [ 75.8118, 14.2646 ] ] ] } },
{ "type": "Feature", "properties": { "area_id": "KGIS-H-140602", "name_en": "Basavapattana-2", "name_kn": "", "level": "panchayat", "parent_id": "KGIS-T-1406", "district_en": "Davanagere", "lgd_code": null }, "geometry": { "type": "Polygon", "coordinates": [ [ [ 75.8464, 14.3237 ], [ 75.8782, 14.3192 ], [ 75.8793, 14.2749 ], [ 75.9063, 14.2735 ], [ 75.9247, 14.2224 ], [ 75.923, 14.211 ], [ 75.9005, 14.2108 ], [ 75.8898, 14.1855 ], [ 75.8946, 14.175 ], [ 75.886, 14.1707 ], [ 75.8657, 14.1733 ], [ 75.8712, 14.1792 ], [ 75.8642, 14.1865 ], [ 75.8697, 14.2289 ], [ 75.8586, 14.2303 ], [ 75.8586, 14.2421 ], [ 75.8659, 14.2454 ], [ 75.8556, 14.2635 ], [ 75.8118, 14.2646 ], [ 75.814, 14.3013 ], [ 75.8423, 14.3002 ], [ 75.8464, 14.3237 ] ] ] } },
{ "type": "Feature", "properties": { "area_id": "KGIS-H-140603", "name_en": "Kasaba", "name_kn": "", "level": "panchayat", "parent_id": "KGIS-T-1406", "district_en": "Davanagere", "lgd_code": null }, "geometry": { "type": "Polygon", "coordinates": [ [ [ 75.887, 14.1302 ], [ 75.8873, 14.106 ], [ 75.8996, 14.1173 ], [ 75.9092, 14.1055 ], [ 75.9286, 14.1065 ], [ 75.9318, 14.0834 ], [ 75.9395, 14.0787 ], [ 75.9572, 14.0768 ], [ 75.957, 14.0874 ], [ 75.9667, 14.089 ], [ 75.9747, 14.0486 ], [ 76.031, 14.0608 ], [ 76.05, 14.055 ], [ 76.0511, 14.03 ], [ 76.048, 14.0126 ], [ 76.0088, 14.0161 ], [ 75.9788, 14.0082 ], [ 75.9831, 13.9979 ], [ 75.9714, 13.9899 ], [ 75.9715, 13.978 ], [ 75.9395, 13.9574 ], [ 75.919, 13.9588 ], [ 75.8639, 13.9062 ], [ 75.8327, 13.9668 ], [ 75.8246, 14.0179 ], [ 75.803, 14.0231 ], [ 75.799, 14.0334 ], [ 75.821, 14.0636 ], [ 75.8128, 14.1038 ], [ 75.8309, 14.116 ], [ 75.8558, 14.1176 ], [ 75.8575, 14.1276 ], [ 75.887, 14.1302 ] ], [ [ 75.9742, 14.0283 ], [ 75.9613, 14.0244 ], [ 75.963, 14.0101 ], [ 75.9783, 14.0098 ], [ 75.9742, 14.0283 ] ], [ [ 76.0152, 14.0435 ], [ 76.0162, 14.033 ], [ 76.0343, 14.0314 ], [ 76.0278, 14.0425 ], [ 76.0152, 14.0435 ] ] ] } },
{ "type": "Feature", "properties": { "area_id": "KGIS-H-140604", "name_en": "Santebennuru-1", "name_kn": "", "level": "panchayat", "parent_id": "KGIS-T-1406", "district_en": "Davanagere", "lgd_code": null }, "geometry": { "type": "Polygon", "coordinates": [ [ [ 75.982, 14.2585 ], [ 76.0089, 14.2592 ], [ 76.0199, 14.2454 ], [ 76.0537, 14.2413 ], [ 76.0543, 14.2248 ], [ 76.0642, 14.2162 ], [ 76.0659, 14.2064 ], [ 76.0564, 14.1954 ], [ 76.0573, 14.1813 ], [ 76.0662, 14.1815 ], [ 76.0638, 14.16 ], [ 76.0457, 14.1554 ], [ 76.0466, 14.1452 ], [ 76.0327, 14.1344 ], [ 76.0332, 14.1202 ], [ 76.0253, 14.1133 ], [ 76.0097, 14.1204 ], [ 75.981, 14.1181 ], [ 75.9656, 14.1601 ], [ 75.9702, 14.166 ], [ 75.9469, 14.176 ], [ 75.9495, 14.185 ], [ 75.923, 14.211 ], [ 75.9188, 14.2517 ], [ 75.9645, 14.235 ], [ 75.9745, 14.2396 ], [ 75.982, 14.2585 ] ] ] } },
{ "type": "Feature", "properties": { "area_id": "KGIS-H-140605", "name_en": "Santebennuru-2", "name_kn": "", "level": "panchayat", "parent_id": "KGIS-T-1406", "district_en": "Davanagere", "lgd_code": null }, "geometry": { "type": "MultiPolygon", "coordinates": [ [ [ [ 76.0174, 14.0428 ], [ 76.0338, 14.0393 ], [ 76.0343, 14.0314 ], [ 76.0148, 14.0333 ], [ 76.0174, 14.0428 ] ] ], [ [ [ 75.9187, 14.2111 ], [ 75.9495, 14.185 ], [ 75.9469, 14.176 ], [ 75.9701, 14.1661 ], [ 75.9709, 14.1368 ], [ 75.981, 14.1181 ], [ 76.0135, 14.1199 ], [ 76.0253, 14.1133 ], [ 76.0254, 14.1003 ], [ 76.0349, 14.0998 ], [ 76.034, 14.0908 ], [ 76.0523, 14.094 ], [ 76.0557, 14.0726 ], [ 76.05, 14.055 ], [ 76.0122, 14.0603 ], [ 75.9747, 14.0486 ], [ 75.9666, 14.0891 ], [ 75.957, 14.0874 ], [ 75.9572, 14.0768 ], [ 75.9395, 14.0787 ], [ 75.9318, 14.0834 ], [ 75.9286, 14.1065 ], [ 75.9092, 14.1055 ], [ 75.8996, 14.1173 ], [ 75.8858, 14.1075 ], [ 75.887, 14.1302 ], [ 75.8674, 14.1303 ], [ 75.8795, 14.1404 ], [ 75.8603, 14.1509 ], [ 75.8737, 14.1576 ], [ 75.8761, 14.1745 ], [ 75.8946, 14.175 ], [ 75.8898, 14.1855 ], [ 75.9005, 14.2108 ], [ 75.9187, 14.2111 ] ] ] ] } },
{ "type": "Feature", "properties": { "area_id": "KGIS-H-140606", "name_en": "Ubrani", "name_kn": "", "level": "panchayat", "parent_id": "KGIS-T-1406", "district_en": "Davanagere", "lgd_code": null }, "geometry": { "type": "MultiPolygon", "coordinates": [ [ [ [ 76.0107, 14.0159 ], [ 76.0458, 14.0127 ], [ 76.0472, 13.9825 ], [ 76.0724, 13.9821 ], [ 76.066, 13.9414 ], [ 76.0448, 13.942 ], [ 76.0293, 13.9204 ], [ 76.0307, 13.8677 ], [ 76.0209, 13.8622 ], [ 76.016, 13.8706 ], [ 76.006, 13.8669 ], [ 75.9884, 13.8478 ], [ 75.9691, 13.855 ], [ 75.9478, 13.8307 ], [ 75.9522, 13.8159 ], [ 75.9202, 13.8073 ], [ 75.8767, 13.8092 ], [ 75.8657, 13.8559 ], [ 75.8697, 13.9037 ], [ 75.8639, 13.9062 ], [ 75.919, 13.9588 ], [ 75.9395, 13.9574 ], [ 75.9715, 13.978 ], [ 75.9714, 13.9899 ], [ 75.9831, 13.9979 ], [ 75.9788, 14.0082 ], [ 76.0107, 14.0159 ] ] ], [ [ [ 75.9777, 14.0259 ], [ 75.9783, 14.0098 ], [ 75.963, 14.0101 ], [ 75.9626, 14.0261 ], [ 75.9777, 14.0259 ] ] ] ] } },
{ "type": "Feature", "properties": { "area_id": "KGIS-H-140711", "name_en": "Govinakovi-1", "name_kn": "", "level": "panchayat", "parent_id": "KGIS-T-1407", "district_en": "Davanagere", "lgd_code": null }, "geometry": { "type": "Polygon", "coordinates": [ [ [ 75.6087, 14.191 ], [ 75.6796, 14.1783 ], [ 75.677, 14.1636 ], [ 75.6894, 14.1418 ], [ 75.7177, 14.149 ], [ 75.7126, 14.1279 ], [ 75.6932, 14.1225 ], [ 75.687, 14.1081 ], [ 75.7032, 14.1038 ], [ 75.7275, 14.0768 ], [ 75.6739, 14.0657 ], [ 75.6469, 14.0741 ], [ 75.657, 14.1006 ], [ 75.6546, 14.1351 ], [ 75.6029, 14.1252 ], [ 75.6014, 14.1702 ], [ 75.5851, 14.1879 ], [ 75.6097, 14.1973 ], [ 75.6087, 14.191 ] ] ] } },
{ "type": "Feature", "properties": { "area_id": "KGIS-H-140712", "name_en": "Belagutti", "name_kn": "", "level": "panchayat", "parent_id": "KGIS-T-1407", "district_en": "Davanagere", "lgd_code": null }, "geometry": { "type": "Polygon", "coordinates": [ [ [ 75.5299, 14.2292 ], [ 75.5493, 14.2202 ], [ 75.5691, 14.2219 ], [ 75.5716, 14.196 ], [ 75.6014, 14.1702 ], [ 75.6029, 14.1252 ], [ 75.6546, 14.1351 ], [ 75.657, 14.1006 ], [ 75.6471, 14.0743 ], [ 75.6406, 14.0812 ], [ 75.6181, 14.0771 ], [ 75.6108, 14.0598 ], [ 75.5855, 14.0583 ], [ 75.554, 14.0789 ], [ 75.5406, 14.0797 ], [ 75.5314, 14.0978 ], [ 75.4662, 14.1048 ], [ 75.4385, 14.0985 ], [ 75.4355, 14.1056 ], [ 75.3967, 14.1181 ], [ 75.4229, 14.1505 ], [ 75.4839, 14.1767 ], [ 75.4533, 14.2051 ], [ 75.5073, 14.2189 ], [ 75.527, 14.2031 ], [ 75.5299, 14.2292 ] ] ] } },
{ "type": "Feature", "properties": { "area_id": "KGIS-H-150101", "name_en": "Kasaba", "name_kn": "", "level": "panchayat", "parent_id": "KGIS-T-1501", "district_en": "Shivamogga", "lgd_code": null }, "geometry": { "type": "MultiPolygon", "coordinates": [ [ [ [ 75.0949, 14.1103 ], [ 75.0941, 14.1096 ], [ 75.0938, 14.11 ], [ 75.0949, 14.1103 ] ] ], [ [ [ 75.0882, 14.1144 ], [ 75.0879, 14.115 ], [ 75.0886, 14.1151 ], [ 75.0882, 14.1144 ] ] ], [ [ [ 75.0862, 14.1158 ], [ 75.087, 14.1147 ], [ 75.0858, 14.1152 ], [ 75.0862, 14.1158 ] ] ], [ [ [ 75.0858, 14.1167 ], [ 75.0851, 14.1154 ], [ 75.0842, 14.1166 ], [ 75.0858, 14.1167 ] ] ], [ [ [ 75.0063, 14.2948 ], [ 75.0418, 14.274 ], [ 75.0447, 14.2595 ], [ 75.0634, 14.2385 ], [ 75.0818, 14.2334 ], [ 75.081, 14.2205 ], [ 75.0925, 14.2407 ], [ 75.1589, 14.2407 ], [ 75.1534, 14.2619 ], [ 75.1952, 14.2863 ], [ 75.2601, 14.2496 ], [ 75.2367, 14.233 ], [ 75.2324, 14.218 ], [ 75.1982, 14.2296 ], [ 75.1907, 14.2079 ], [ 75.1564, 14.2008 ], [ 75.1637, 14.1762 ], [ 75.1536, 14.1543 ], [ 75.1591, 14.1349 ], [ 75.1268, 14.1472 ], [ 75.1211, 14.1178 ], [ 75.0892, 14.1114 ], [ 75.0869, 14.1361 ], [ 75.0708, 14.1469 ], [ 75.0626, 14.1441 ], [ 75.0685, 14.1313 ], [ 75.0559, 14.1309 ], [ 75.0522, 14.119 ], [ 75.0381, 14.125 ], [ 75.0405, 14.1483 ], [ 75.0286, 14.1487 ], [ 75.0184, 14.1751 ], [ 75.0056, 14.1761 ], [ 74.9838, 14.2039 ], [ 74.9839, 14.2149 ], [ 74.9709, 14.2218 ], [ 74.9796, 14.2353 ], [ 74.9731, 14.244 ], [ 74.994, 14.2578 ], [ 75.0101, 14.2558 ], [ 75.0025, 14.28 ], [ 75.0063, 14.2948 ] ] ] ] } },
{ "type": "Feature", "properties": { "area_id": "KGIS-H-150102", "name_en": "Talaguppa", "name_kn": "", "level": "panchayat", "parent_id": "KGIS-T-1501", "district_en": "Shivamogga", "lgd_code": null }, "geometry": { "type": "Polygon", "coordinates": [ [ [ 74.9785, 14.3434 ], [ 75.0021, 14.3247 ], [ 75.0136, 14.2943 ], [ 75.0063, 14.2948 ], [ 75.0025, 14.28 ], [ 75.0101, 14.2558 ], [ 74.994, 14.2578 ], [ 74.9726, 14.2433 ], [ 74.9796, 14.2353 ], [ 74.9709, 14.2218 ], [ 74.9839, 14.2149 ], [ 74.9838, 14.2039 ], [ 75.0064, 14.1738 ], [ 74.9944, 14.1406 ], [ 74.9829, 14.1324 ], [ 74.8973, 14.1707 ], [ 74.856, 14.2087 ], [ 74.8673, 14.2183 ], [ 74.8734, 14.2403 ], [ 74.8809, 14.2329 ], [ 74.8785, 14.2141 ], [ 74.8947, 14.217 ], [ 74.8986, 14.2281 ], [ 74.9193, 14.2269 ], [ 74.9291, 14.2346 ], [ 74.9392, 14.2558 ], [ 74.9262, 14.2773 ], [ 74.9099, 14.2777 ], [ 74.9056, 14.2934 ], [ 74.9263, 14.3197 ], [ 74.9761, 14.319 ], [ 74.9696, 14.3261 ], [ 74.9785, 14.3434 ] ] ] } },
{ "type": "Feature", "properties": { "area_id": "KGIS-H-150103", "name_en": "Barangi", "name_kn": "", "level": "panchayat", "parent_id": "KGIS-T-1501", "district_en": "Shivamogga", "lgd_code": null }, "geometry": { "type": "Polygon", "coordinates": [ [ [ 74.7903, 14.2292 ], [ 74.8389, 14.2275 ], [ 74.863, 14.1964 ], [ 74.9283, 14.153 ], [ 74.9292, 14.134 ], [ 74.9219, 14.1391 ], [ 74.8897, 14.0998 ], [ 74.8781, 14.1129 ], [ 74.8717, 14.1096 ], [ 74.8755, 14.0994 ], [ 74.8539, 14.0995 ], [ 74.8467, 14.1156 ], [ 74.8317, 14.1183 ], [ 74.8081, 14.0943 ], [ 74.7743, 14.1001 ], [ 74.7805, 14.0892 ], [ 74.7656, 14.0807 ], [ 74.7431, 14.0825 ], [ 74.7343, 14.0733 ], [ 74.7374, 14.0606 ], [ 74.7244, 14.0471 ], [ 74.7017, 14.0393 ], [ 74.6781, 14.0423 ], [ 74.6708, 14.0735 ], [ 74.6459, 14.1024 ], [ 74.6555, 14.1154 ], [ 74.646, 14.1147 ], [ 74.6441, 14.1404 ], [ 74.6292, 14.1441 ], [ 74.6298, 14.1639 ], [ 74.6527, 14.1673 ], [ 74.6648, 14.183 ], [ 74.709, 14.1673 ], [ 74.7491, 14.1421 ], [ 74.7476, 14.1569 ], [ 74.7261, 14.1738 ], [ 74.7124, 14.2348 ], [ 74.733, 14.2674 ], [ 74.7903, 14.2292 ] ] ] } },
{ "type": "Feature", "properties": { "area_id": "KGIS-H-150104", "name_en": "Anandapura", "name_kn": "", "level": "panchayat", "parent_id": "KGIS-T-1501", "district_en": "Shivamogga", "lgd_code": null }, "geometry": { "type": "Polygon", "coordinates": [ [ [ 75.1982, 14.2296 ], [ 75.2527, 14.1994 ], [ 75.2589, 14.2102 ], [ 75.2694, 14.198 ], [ 75.2796, 14.1986 ], [ 75.2694, 14.1901 ], [ 75.2711, 14.1618 ], [ 75.295, 14.1321 ], [ 75.2781, 14.1011 ], [ 75.2671, 14.0971 ], [ 75.2664, 14.0862 ], [ 75.2958, 14.0757 ], [ 75.28, 14.0462 ], [ 75.2592, 14.0492 ], [ 75.2565, 14.0437 ], [ 75.247, 14.0575 ], [ 75.1942, 14.0196 ], [ 75.1901, 14.0461 ], [ 75.1695, 14.0421 ], [ 75.1584, 14.0235 ], [ 75.1458, 14.026 ], [ 75.1397, 14.0399 ], [ 75.1558, 14.0466 ], [ 75.1651, 14.0645 ], [ 75.1398, 14.0632 ], [ 75.1288, 14.093 ], [ 75.1053, 14.0902 ], [ 75.1036, 14.0992 ], [ 75.0912, 14.0981 ], [ 75.0892, 14.0839 ], [ 75.0955, 14.0684 ], [ 75.1046, 14.0736 ], [ 75.1022, 14.0594 ], [ 75.0742, 14.0317 ], [ 75.0594, 14.0277 ], [ 75.0657, 14.0492 ], [ 75.0547, 14.0431 ], [ 75.0468, 14.0499 ], [ 75.0629, 14.0607 ], [ 75.0428, 14.0562 ], [ 75.0255, 14.0787 ], [ 75.0253, 14.0959 ], [ 75.0425, 14.1061 ], [ 75.0437, 14.1235 ], [ 75.0519, 14.1189 ], [ 75.0559, 14.1309 ], [ 75.0685, 14.1313 ], [ 75.0626, 14.1441 ], [ 75.0706, 14.147 ], [ 75.0869, 14.1361 ], [ 75.0902, 14.1113 ], [ 75.1211, 14.1178 ], [ 75.1268, 14.1472 ], [ 75.1591, 14.1349 ], [ 75.1536, 14.1543 ], [ 75.1637, 14.1762 ], [ 75.1564, 14.2008 ], [ 75.1907, 14.2079 ], [ 75.1982, 14.2296 ] ], [ [ 75.0854, 14.1164 ], [ 75.0858, 14.1167 ], [ 75.0842, 14.1166 ], [ 75.0854, 14.1164 ] ], [ [ 75.087, 14.1147 ], [ 75.0862, 14.1158 ], [ 75.0858, 14.1152 ], [ 75.087, 14.1147 ] ], [ [ 75.0947, 14.1097 ], [ 75.0938, 14.11 ], [ 75.0939, 14.1097 ], [ 75.0947, 14.1097 ] ], [ [ 75.0882, 14.1144 ], [ 75.0879, 14.115 ], [ 75.0878, 14.1146 ], [ 75.0882, 14.1144 ] ], [ [ 75.1253, 14.0949 ], [ 75.1254, 14.0946 ], [ 75.1255, 14.0949 ], [ 75.1253, 14.0949 ] ] ] } },
{ "type": "Feature", "properties": { "area_id": "KGIS-H-150105", "name_en": "Avinahalli", "name_kn": "", "level": "panchayat", "parent_id": "KGIS-T-1501", "district_en": "Shivamogga", "lgd_code": null }, "geometry": { "type": "Polygon", "coordinates": [ [ [ 75.0071, 14.1754 ], [ 75.0184, 14.1751 ], [ 75.0286, 14.1487 ], [ 75.0405, 14.1483 ], [ 75.0375, 14.1262 ], [ 75.0452, 14.1109 ], [ 75.0253, 14.0959 ], [ 75.0274, 14.0732 ], [ 75.0428, 14.0562 ], [ 75.0629, 14.0607 ], [ 75.0468, 14.0499 ], [ 75.0494, 14.0446 ], [ 75.0657, 14.0492 ], [ 75.0585, 14.0233 ], [ 75.0456, 14.0232 ], [ 75.0258, 14.0072 ], [ 75.0136, 14.0095 ], [ 75.0126, 13.9782 ], [ 74.9688, 13.9963 ], [ 74.9611, 13.9923 ], [ 74.9468, 14.0032 ], [ 74.9464, 14.0207 ], [ 74.934, 14.022 ], [ 74.9372, 14.0335 ], [ 74.8947, 14.0566 ], [ 74.9039, 14.0719 ], [ 74.893, 14.0778 ], [ 74.8897, 14.0998 ], [ 74.9219, 14.1391 ], [ 74.9292, 14.134 ], [ 74.9283, 14.153 ], [ 74.9879, 14.1348 ], [ 75.0071, 14.1754 ] ] ] } },
{ "type": "Feature", "properties": { "area_id": "KGIS-H-150106", "name_en": "Karuru", "name_kn": "", "level": "panchayat", "parent_id": "KGIS-T-1501", "district_en": "Shivamogga", "lgd_code": null }, "geometry": { "type": "Polygon", "coordinates": [ [ [ 74.8314, 14.1182 ], [ 74.8467, 14.1156 ], [ 74.8561, 14.0993 ], [ 74.8755, 14.0994 ], [ 74.8717, 14.1096 ], [ 74.8781, 14.1129 ], [ 74.8951, 14.0915 ], [ 74.893, 14.0778 ], [ 74.9037, 14.0732 ], [ 74.8947, 14.0566 ], [ 74.9289, 14.0347 ], [ 74.9172, 14.0189 ], [ 74.9165, 14.0002 ], [ 74.9048, 13.9904 ], [ 74.9155, 13.982 ], [ 74.9146, 13.9733 ], [ 74.878, 13.9499 ], [ 74.8844, 13.9251 ], [ 74.8538, 13.9228 ], [ 74.8402, 13.9112 ], [ 74.8542, 13.8946 ], [ 74.8627, 13.9065 ], [ 74.8704, 13.8973 ], [ 74.8856, 13.8676 ], [ 74.8763, 13.8561 ], [ 74.8378, 13.8986 ], [ 74.819, 13.9079 ], [ 74.792, 13.9034 ], [ 74.7711, 13.9139 ], [ 74.7571, 13.9065 ], [ 74.7114, 13.9039 ], [ 74.7082, 13.9207 ], [ 74.6824, 13.9344 ], [ 74.6942, 13.9482 ], [ 74.6776, 13.9595 ], [ 74.6614, 13.9893 ], [ 74.6781, 14.0423 ], [ 74.7017, 14.0393 ], [ 74.7244, 14.0471 ], [ 74.7374, 14.0606 ], [ 74.7343, 14.0733 ], [ 74.7431, 14.0825 ], [ 74.7656, 14.0807 ], [ 74.7805, 14.0892 ], [ 74.7759, 14.1005 ], [ 74.8081, 14.0943 ], [ 74.8314, 14.1182 ] ] ] } },
{ "type": "Feature", "properties": { "area_id": "KGIS-H-150201", "name_en": "Kasaba", "name_kn": "", "level": "panchayat", "parent_id": "KGIS-T-1502", "district_en": "Shivamogga", "lgd_code": null }, "geometry": { "type": "Polygon", "coordinates": [ [ [ 75.0198, 14.4968 ], [ 75.0346, 14.4847 ], [ 75.0305, 14.464 ], [ 75.0376, 14.4612 ], [ 75.0397, 14.4341 ], [ 75.0612, 14.4333 ], [ 75.0652, 14.4204 ], [ 75.0761, 14.4151 ], [ 75.0871, 14.428 ], [ 75.1098, 14.4285 ], [ 75.1183, 14.4183 ], [ 75.1066, 14.4026 ], [ 75.1203, 14.3956 ], [ 75.1225, 14.4139 ], [ 75.1381, 14.4155 ], [ 75.1257, 14.4318 ], [ 75.1374, 14.4776 ], [ 75.1469, 14.4809 ], [ 75.1543, 14.4648 ], [ 75.176, 14.4703 ], [ 75.1758, 14.4531 ], [ 75.1895, 14.4472 ], [ 75.1708, 14.4231 ], [ 75.1499, 14.4317 ], [ 75.1523, 14.4192 ], [ 75.1657, 14.4127 ], [ 75.1674, 14.3875 ], [ 75.1803, 14.3811 ], [ 75.1891, 14.3886 ], [ 75.1914, 14.3985 ], [ 75.1859, 14.4132 ], [ 75.1876, 14.4137 ], [ 75.2053, 14.3985 ], [ 75.231, 14.3933 ], [ 75.2412, 14.3763 ], [ 75.2316, 14.3748 ], [ 75.2102, 14.3324 ], [ 75.2029, 14.3305 ], [ 75.1187, 14.3542 ], [ 75.1084, 14.3661 ], [ 75.0841, 14.3453 ], [ 75.0696, 14.3423 ], [ 75.0495, 14.3658 ], [ 75.0239, 14.3602 ], [ 75.0113, 14.3719 ], [ 75.0195, 14.3932 ], [ 74.9978, 14.4007 ], [ 74.9673, 14.394 ], [ 74.9774, 14.4165 ], [ 75.0039, 14.4283 ], [ 74.9949, 14.4385 ], [ 74.9985, 14.4703 ], [ 74.9928, 14.4747 ], [ 75.0198, 14.4968 ] ] ] } },
{ "type": "Feature", "properties": { "area_id": "KGIS-H-150202", "name_en": "Kuppagadde", "name_kn": "", "level": "panchayat", "parent_id": "KGIS-T-1502", "district_en": "Shivamogga", "lgd_code": null }, "geometry": { "type": "Polygon", "coordinates": [ [ [ 75.0823, 14.5448 ], [ 75.0902, 14.5261 ], [ 75.1166, 14.5426 ], [ 75.1358, 14.5307 ], [ 75.1433, 14.5451 ], [ 75.1616, 14.5328 ], [ 75.1725, 14.5118 ], [ 75.1919, 14.5175 ], [ 75.2033, 14.5118 ], [ 75.1827, 14.4862 ], [ 75.2145, 14.4787 ], [ 75.1895, 14.4472 ], [ 75.1758, 14.4531 ], [ 75.176, 14.4703 ], [ 75.1543, 14.4648 ], [ 75.1469, 14.4809 ], [ 75.1374, 14.4776 ], [ 75.1257, 14.4318 ], [ 75.1381, 14.4155 ], [ 75.1225, 14.4139 ], [ 75.1203, 14.3956 ], [ 75.1066, 14.4026 ], [ 75.1183, 14.4183 ], [ 75.1098, 14.4285 ], [ 75.0871, 14.428 ], [ 75.0761, 14.4151 ], [ 75.0652, 14.4204 ], [ 75.0612, 14.4333 ], [ 75.0397, 14.4341 ], [ 75.0376, 14.4612 ], [ 75.0305, 14.464 ], [ 75.0346, 14.4847 ], [ 75.0197, 14.4969 ], [ 75.0408, 14.5001 ], [ 75.0377, 14.5287 ], [ 75.0607, 14.5443 ], [ 75.0823, 14.5448 ] ] ] } },
{ "type": "Feature", "properties": { "area_id": "KGIS-H-150203", "name_en": "Chandragutti", "name_kn": "", "level": "panchayat", "parent_id": "KGIS-T-1502", "district_en": "Shivamogga", "lgd_code": null }, "geometry": { "type": "Polygon", "coordinates": [ [ [ 74.9546, 14.5538 ], [ 74.9784, 14.5491 ], [ 74.9804, 14.5256 ], [ 74.9726, 14.5183 ], [ 74.9928, 14.4952 ], [ 74.9846, 14.4883 ], [ 74.9896, 14.4723 ], [ 74.9985, 14.4703 ], [ 74.9949, 14.4385 ], [ 75.005, 14.4324 ], [ 74.9774, 14.4165 ], [ 74.9673, 14.394 ], [ 75.0053, 14.3997 ], [ 75.0195, 14.3932 ], [ 75.0113, 14.3719 ], [ 75.0239, 14.3602 ], [ 75.0495, 14.3658 ], [ 75.0597, 14.3581 ], [ 75.0115, 14.3054 ], [ 74.9834, 14.3428 ], [ 74.9608, 14.341 ], [ 74.9389, 14.3585 ], [ 74.9506, 14.3818 ], [ 74.9481, 14.4 ], [ 74.9336, 14.4037 ], [ 74.9177, 14.4307 ], [ 74.8803, 14.4294 ], [ 74.8739, 14.4473 ], [ 74.8989, 14.4646 ], [ 74.9204, 14.4589 ], [ 74.9177, 14.467 ], [ 74.8889, 14.48 ], [ 74.9013, 14.5293 ], [ 74.9284, 14.5285 ], [ 74.9377, 14.5187 ], [ 74.9546, 14.5538 ] ] ] } },
{ "type": "Feature", "properties": { "area_id": "KGIS-H-150204", "name_en": "Ulavi", "name_kn": "", "level": "panchayat", "parent_id": "KGIS-T-1502", "district_en": "Shivamogga", "lgd_code": null }, "geometry": { "type": "Polygon", "coordinates": [ [ [ 75.1087, 14.3659 ], [ 75.1187, 14.3542 ], [ 75.2029, 14.3305 ], [ 75.2207, 14.3553 ], [ 75.2353, 14.3547 ], [ 75.2432, 14.3467 ], [ 75.244, 14.3262 ], [ 75.2613, 14.3185 ], [ 75.2705, 14.3025 ], [ 75.26, 14.2869 ], [ 75.2303, 14.2802 ], [ 75.225, 14.2718 ], [ 75.1952, 14.2863 ], [ 75.1534, 14.2619 ], [ 75.1589, 14.2407 ], [ 75.0925, 14.2407 ], [ 75.079, 14.2209 ], [ 75.0818, 14.2334 ], [ 75.0634, 14.2385 ], [ 75.0447, 14.2595 ], [ 75.0418, 14.274 ], [ 75.0181, 14.2882 ], [ 75.0094, 14.3034 ], [ 75.0545, 14.3557 ], [ 75.0631, 14.3568 ], [ 75.0696, 14.3423 ], [ 75.1087, 14.3659 ] ] ] } },
{ "type": "Feature", "properties": { "area_id": "KGIS-H-150205", "name_en": "Jade", "name_kn": "", "level": "panchayat", "parent_id": "KGIS-T-1502", "district_en": "Shivamogga", "lgd_code": null }, "geometry": { "type": "Polygon", "coordinates": [ [ [ 75.0533, 14.6492 ], [ 75.0992, 14.653 ], [ 75.1016, 14.644 ], [ 75.1246, 14.6307 ], [ 75.1422, 14.6339 ], [ 75.1434, 14.6204 ], [ 75.1113, 14.613 ], [ 75.1107, 14.5942 ], [ 75.0953, 14.5961 ], [ 75.0802, 14.5465 ], [ 75.0444, 14.5458 ], [ 75.0223, 14.5642 ], [ 75.0275, 14.616 ], [ 75.0533, 14.6492 ] ] ] } },
{ "type": "Feature", "properties": { "area_id": "KGIS-H-150206", "name_en": "Anavatti", "name_kn": "", "level": "panchayat", "parent_id": "KGIS-T-1502", "district_en": "Shivamogga", "lgd_code": null }, "geometry": { "type": "Polygon", "coordinates": [ [ [ 75.2035, 14.6373 ], [ 75.2106, 14.6236 ], [ 75.2053, 14.5975 ], [ 75.1812, 14.5979 ], [ 75.1838, 14.5859 ], [ 75.2074, 14.5717 ], [ 75.2253, 14.5852 ], [ 75.2309, 14.579 ], [ 75.2255, 14.567 ], [ 75.2346, 14.5556 ], [ 75.2413, 14.5557 ], [ 75.2438, 14.5776 ], [ 75.2654, 14.5809 ], [ 75.2977, 14.5404 ], [ 75.2866, 14.5298 ], [ 75.2795, 14.535 ], [ 75.2683, 14.528 ], [ 75.2672, 14.5143 ], [ 75.2449, 14.514 ], [ 75.2518, 14.4961 ], [ 75.2443, 14.4879 ], [ 75.2086, 14.4775 ], [ 75.1827, 14.4862 ], [ 75.2033, 14.5118 ], [ 75.1919, 14.5175 ], [ 75.1725, 14.5118 ], [ 75.1616, 14.5328 ], [ 75.1456, 14.5439 ], [ 75.1388, 14.545 ], [ 75.1358, 14.5307 ], [ 75.1166, 14.5426 ], [ 75.0902, 14.5261 ], [ 75.0802, 14.5465 ], [ 75.0953, 14.5961 ], [ 75.1137, 14.5985 ], [ 75.1113, 14.613 ], [ 75.1304, 14.6126 ], [ 75.1317, 14.6197 ], [ 75.1508, 14.6261 ], [ 75.1612, 14.617 ], [ 75.1694, 14.6346 ], [ 75.1965, 14.6229 ], [ 75.2035, 14.6373 ] ] ] } },
{ "type": "Feature", "properties": { "area_id": "KGIS-H-150301", "name_en": "Kasaba", "name_kn": "", "level": "panchayat", "parent_id": "KGIS-T-1503", "district_en": "Shivamogga", "lgd_code": null }, "geometry": { "type": "Polygon", "coordinates": [ [ [ 75.3036, 14.3098 ], [ 75.3046, 14.2793 ], [ 75.3243, 14.2748 ], [ 75.3345, 14.2875 ], [ 75.3434, 14.2812 ], [ 75.3819, 14.2814 ], [ 75.3851, 14.2606 ], [ 75.3702, 14.2575 ], [ 75.3692, 14.2449 ], [ 75.36, 14.2516 ], [ 75.3473, 14.2408 ], [ 75.3152, 14.2572 ], [ 75.283, 14.1991 ], [ 75.2952, 14.1678 ], [ 75.2834, 14.151 ], [ 75.2711, 14.1618 ], [ 75.2694, 14.1901 ], [ 75.2796, 14.1986 ], [ 75.2694, 14.198 ], [ 75.2589, 14.2102 ], [ 75.2527, 14.1994 ], [ 75.244, 14.2025 ], [ 75.2301, 14.2216 ], [ 75.2601, 14.2496 ], [ 75.225, 14.2718 ], [ 75.2303, 14.2802 ], [ 75.245, 14.2789 ], [ 75.2651, 14.2919 ], [ 75.2781, 14.3311 ], [ 75.3036, 14.3098 ] ] ] } },
{ "type": "Feature", "properties": { "area_id": "KGIS-H-150302", "name_en": "Udugani", "name_kn": "", "level": "panchayat", "parent_id": "KGIS-T-1503", "district_en": "Shivamogga", "lgd_code": null }, "geometry": { "type": "Polygon", "coordinates": [ [ [ 75.3785, 14.4342 ], [ 75.3777, 14.4074 ], [ 75.359, 14.4092 ], [ 75.3493, 14.3888 ], [ 75.3815, 14.3686 ], [ 75.3827, 14.3507 ], [ 75.3757, 14.3447 ], [ 75.3511, 14.3469 ], [ 75.3453, 14.3333 ], [ 75.3654, 14.3291 ], [ 75.3648, 14.3244 ], [ 75.3411, 14.3021 ], [ 75.3295, 14.277 ], [ 75.3046, 14.2793 ], [ 75.308, 14.3019 ], [ 75.2781, 14.3311 ], [ 75.267, 14.3091 ], [ 75.244, 14.3262 ], [ 75.2371, 14.3532 ], [ 75.2207, 14.3553 ], [ 75.2316, 14.3748 ], [ 75.2412, 14.3763 ], [ 75.2365, 14.3874 ], [ 75.2628, 14.3883 ], [ 75.2718, 14.3978 ], [ 75.2734, 14.4191 ], [ 75.3345, 14.4373 ], [ 75.355, 14.4288 ], [ 75.3648, 14.4415 ], [ 75.3785, 14.4342 ] ] ] } },
{ "type": "Feature", "properties": { "area_id": "KGIS-H-150303", "name_en": "Talagunda", "name_kn": "", "level": "panchayat", "parent_id": "KGIS-T-1503", "district_en": "Shivamogga", "lgd_code": null }, "geometry": { "type": "Polygon", "coordinates": [ [ [ 75.2449, 14.514 ], [ 75.3236, 14.5107 ], [ 75.3288, 14.4953 ], [ 75.3464, 14.4856 ], [ 75.342, 14.4402 ], [ 75.3262, 14.4299 ], [ 75.3026, 14.4325 ], [ 75.2734, 14.4191 ], [ 75.2718, 14.3978 ], [ 75.2628, 14.3883 ], [ 75.2325, 14.385 ], [ 75.231, 14.3933 ], [ 75.2053, 14.3985 ], [ 75.1876, 14.4137 ], [ 75.1891, 14.3886 ], [ 75.1803, 14.3811 ], [ 75.1674, 14.3875 ], [ 75.1657, 14.4127 ], [ 75.1523, 14.4192 ], [ 75.1499, 14.4317 ], [ 75.171, 14.4232 ], [ 75.2091, 14.4764 ], [ 75.2518, 14.4961 ], [ 75.2449, 14.514 ] ] ] } },
{ "type": "Feature", "properties": { "area_id": "KGIS-H-150304", "name_en": "Hosuru", "name_kn": "", "level": "panchayat", "parent_id": "KGIS-T-1503", "district_en": "Shivamogga", "lgd_code": null }, "geometry": { "type": "Polygon", "coordinates": [ [ [ 75.381, 14.3684 ], [ 75.4774, 14.3178 ], [ 75.4767, 14.3452 ], [ 75.4879, 14.3391 ], [ 75.4896, 14.3477 ], [ 75.5011, 14.3437 ], [ 75.5039, 14.3079 ], [ 75.5338, 14.2899 ], [ 75.527, 14.2031 ], [ 75.5073, 14.2189 ], [ 75.4541, 14.2055 ], [ 75.4221, 14.2207 ], [ 75.4086, 14.2135 ], [ 75.397, 14.2344 ], [ 75.3692, 14.2449 ], [ 75.3702, 14.2575 ], [ 75.3851, 14.2606 ], [ 75.3819, 14.2814 ], [ 75.3434, 14.2812 ], [ 75.3345, 14.2875 ], [ 75.3648, 14.3244 ], [ 75.3453, 14.3333 ], [ 75.3511, 14.3469 ], [ 75.3757, 14.3447 ], [ 75.3827, 14.3507 ], [ 75.381, 14.3684 ] ] ] } },
{ "type": "Feature", "properties": { "area_id": "KGIS-H-150305", "name_en": "Anjanapura", "name_kn": "", "level": "panchayat", "parent_id": "KGIS-T-1503", "district_en": "Shivamogga", "lgd_code": null }, "geometry": { "type": "Polygon", "coordinates": [ [ [ 75.3175, 14.2571 ], [ 75.3362, 14.2489 ], [ 75.3372, 14.2418 ], [ 75.3625, 14.2513 ], [ 75.397, 14.2344 ], [ 75.4086, 14.2135 ], [ 75.4221, 14.2207 ], [ 75.4411, 14.2164 ], [ 75.4839, 14.1767 ], [ 75.4378, 14.1602 ], [ 75.4008, 14.1272 ], [ 75.3841, 14.1294 ], [ 75.3816, 14.1391 ], [ 75.3656, 14.111 ], [ 75.3286, 14.1116 ], [ 75.3155, 14.1041 ], [ 75.3074, 14.1267 ], [ 75.2932, 14.1275 ], [ 75.2834, 14.151 ], [ 75.2952, 14.1678 ], [ 75.2819, 14.1942 ], [ 75.3175, 14.2571 ] ] ] } },
{ "type": "Feature", "properties": { "area_id": "KGIS-H-150401", "name_en": "Kasaba", "name_kn": "", "level": "panchayat", "parent_id": "KGIS-T-1504", "district_en": "Shivamogga", "lgd_code": null }, "geometry": { "type": "Polygon", "coordinates": [ [ [ 75.0911, 14.0522 ], [ 75.0998, 14.0232 ], [ 75.1253, 14.0209 ], [ 75.1594, 14.0037 ], [ 75.1554, 13.9636 ], [ 75.1342, 13.9563 ], [ 75.1326, 13.9343 ], [ 75.1222, 13.935 ], [ 75.1304, 13.9267 ], [ 75.1354, 13.8898 ], [ 75.1122, 13.901 ], [ 75.1064, 13.9123 ], [ 75.0902, 13.9081 ], [ 75.0901, 13.8952 ], [ 75.072, 13.895 ], [ 75.0696, 13.8768 ], [ 75.0543, 13.8852 ], [ 75.0476, 13.8799 ], [ 75.0401, 13.8985 ], [ 75.0362, 13.8833 ], [ 75.0242, 13.8848 ], [ 75.0135, 13.9019 ], [ 75.0165, 13.911 ], [ 75.0055, 13.9103 ], [ 74.9993, 13.9249 ], [ 74.9484, 13.9378 ], [ 74.9448, 13.9106 ], [ 74.9338, 13.9039 ], [ 74.9212, 13.9055 ], [ 74.9149, 13.9166 ], [ 74.8869, 13.9138 ], [ 74.883, 13.8992 ], [ 74.8704, 13.8973 ], [ 74.8627, 13.9065 ], [ 74.8542, 13.8946 ], [ 74.8417, 13.9046 ], [ 74.8503, 13.9215 ], [ 74.8844, 13.9251 ], [ 74.878, 13.9499 ], [ 74.9146, 13.9733 ], [ 74.9155, 13.982 ], [ 74.9048, 13.9904 ], [ 74.9165, 14.0002 ], [ 74.9172, 14.0189 ], [ 74.9289, 14.0347 ], [ 74.9372, 14.0335 ], [ 74.9344, 14.0212 ], [ 74.9464, 14.0207 ], [ 74.9468, 14.0032 ], [ 74.9611, 13.9923 ], [ 74.9688, 13.9963 ], [ 75.0126, 13.9782 ], [ 75.0136, 14.0095 ], [ 75.0258, 14.0072 ], [ 75.0456, 14.0232 ], [ 75.0742, 14.0317 ], [ 75.0911, 14.0522 ] ] ] } },
{ "type": "Feature", "properties": { "area_id": "KGIS-H-150402", "name_en": "Nagara", "name_kn": "", "level": "panchayat", "parent_id": "KGIS-T-1504", "district_en": "Shivamogga", "lgd_code": null }, "geometry": { "type": "MultiPolygon", "coordinates": [ [ [ [ 75.086, 13.616 ], [ 75.0757, 13.6098 ], [ 75.0588, 13.6288 ], [ 75.0506, 13.616 ], [ 75.0383, 13.6159 ], [ 75.0112, 13.6347 ], [ 75.0081, 13.6606 ], [ 75.0124, 13.6665 ], [ 75.0216, 13.6618 ], [ 75.0267, 13.6705 ], [ 75.0094, 13.6769 ], [ 75.0078, 13.6909 ], [ 75.0203, 13.6978 ], [ 75.0025, 13.712 ], [ 74.9877, 13.7135 ], [ 74.9963, 13.7447 ], [ 74.9523, 13.7589 ], [ 74.9381, 13.7771 ], [ 74.931, 13.7758 ], [ 74.9326, 13.796 ], [ 74.9243, 13.8013 ], [ 74.9196, 13.8246 ], [ 74.9128, 13.8217 ], [ 74.9129, 13.8556 ], [ 74.8849, 13.8681 ], [ 74.8701, 13.8917 ], [ 74.884, 13.8994 ], [ 74.8869, 13.9138 ], [ 74.9149, 13.9166 ], [ 74.9212, 13.9055 ], [ 74.9338, 13.9039 ], [ 74.9448, 13.9106 ], [ 74.9475, 13.9377 ], [ 74.9993, 13.9249 ], [ 75.0055, 13.9103 ], [ 75.0165, 13.911 ], [ 75.0213, 13.8878 ], [ 75.0363, 13.8831 ], [ 75.037, 13.8608 ], [ 75.069, 13.8544 ], [ 75.087, 13.822 ], [ 75.126, 13.7948 ], [ 75.118, 13.7798 ], [ 75.1069, 13.7819 ], [ 75.0898, 13.7661 ], [ 75.0909, 13.756 ], [ 75.1168, 13.7252 ], [ 75.1135, 13.7186 ], [ 75.1613, 13.6903 ], [ 75.1496, 13.6738 ], [ 75.1381, 13.6783 ], [ 75.1354, 13.6472 ], [ 75.1144, 13.643 ], [ 75.1084, 13.6329 ], [ 75.1005, 13.6365 ], [ 75.0976, 13.626 ], [ 75.0794, 13.625 ], [ 75.0859, 13.6194 ], [ 75.0862, 13.618 ], [ 75.086, 13.616 ] ], [ [ 75.0852, 13.6161 ], [ 75.0851, 13.6183 ], [ 75.0845, 13.6163 ], [ 75.0852, 13.6161 ] ] ], [ [ [ 75.0477, 13.8794 ], [ 75.0618, 13.8811 ], [ 75.0622, 13.8743 ], [ 75.0477, 13.8794 ] ] ] ] } },
{ "type": "Feature", "properties": { "area_id": "KGIS-H-150403", "name_en": "Kerehalli", "name_kn": "", "level": "panchayat", "parent_id": "KGIS-T-1504", "district_en": "Shivamogga", "lgd_code": null }, "geometry": { "type": "MultiPolygon", "coordinates": [ [ [ [ 75.1384, 13.8613 ], [ 75.1388, 13.8768 ], [ 75.1445, 13.8798 ], [ 75.1469, 13.8668 ], [ 75.1384, 13.8613 ] ] ], [ [ [ 75.1821, 13.9277 ], [ 75.1835, 13.9047 ], [ 75.1748, 13.9061 ], [ 75.1781, 13.918 ], [ 75.1723, 13.9181 ], [ 75.1821, 13.9277 ] ] ], [ [ [ 75.1044, 14.0917 ], [ 75.1288, 14.093 ], [ 75.1398, 14.0632 ], [ 75.1651, 14.0645 ], [ 75.1558, 14.0466 ], [ 75.1397, 14.0399 ], [ 75.1442, 14.0267 ], [ 75.1584, 14.0235 ], [ 75.1695, 14.0421 ], [ 75.1901, 14.0461 ], [ 75.1936, 14.0196 ], [ 75.247, 14.0575 ], [ 75.2565, 14.0437 ], [ 75.2592, 14.0492 ], [ 75.28, 14.0462 ], [ 75.2831, 14.0606 ], [ 75.2986, 14.0734 ], [ 75.3156, 14.0512 ], [ 75.3127, 14.0355 ], [ 75.3421, 14.0178 ], [ 75.357, 14.0198 ], [ 75.3483, 14.0022 ], [ 75.3619, 13.9722 ], [ 75.3509, 13.9566 ], [ 75.3715, 13.9469 ], [ 75.3747, 13.8537 ], [ 75.3544, 13.8528 ], [ 75.3325, 13.8624 ], [ 75.334, 13.871 ], [ 75.32, 13.8833 ], [ 75.3213, 13.9088 ], [ 75.3089, 13.9352 ], [ 75.3126, 13.9557 ], [ 75.2812, 13.9515 ], [ 75.2727, 13.9607 ], [ 75.2755, 13.9722 ], [ 75.2539, 13.9766 ], [ 75.2359, 13.9643 ], [ 75.2307, 13.9764 ], [ 75.2163, 13.9742 ], [ 75.2136, 13.9651 ], [ 75.2031, 13.9641 ], [ 75.1733, 13.9371 ], [ 75.1555, 13.9397 ], [ 75.1422, 13.9539 ], [ 75.1554, 13.9636 ], [ 75.1594, 14.0037 ], [ 75.1253, 14.0209 ], [ 75.0998, 14.0232 ], [ 75.1001, 14.0366 ], [ 75.0918, 14.0375 ], [ 75.0911, 14.0522 ], [ 75.1022, 14.0594 ], [ 75.1046, 14.0736 ], [ 75.095, 14.0691 ], [ 75.091, 14.0978 ], [ 75.1036, 14.0992 ], [ 75.1044, 14.0917 ] ] ], [ [ [ 75.1254, 14.0946 ], [ 75.1251, 14.0948 ], [ 75.1255, 14.0949 ], [ 75.1254, 14.0946 ] ] ] ] } },
{ "type": "Feature", "properties": { "area_id": "KGIS-H-150404", "name_en": "Huncha", "name_kn": "", "level": "panchayat", "parent_id": "KGIS-T-1504", "district_en": "Shivamogga", "lgd_code": null }, "geometry": { "type": "Polygon", "coordinates": [ [ [ 75.2509, 13.9759 ], [ 75.2755, 13.9722 ], [ 75.2727, 13.9607 ], [ 75.2812, 13.9515 ], [ 75.3126, 13.9557 ], [ 75.3089, 13.9352 ], [ 75.3213, 13.9088 ], [ 75.3206, 13.8894 ], [ 75.2637, 13.8919 ], [ 75.2637, 13.8775 ], [ 75.2556, 13.8771 ], [ 75.2353, 13.8805 ], [ 75.2388, 13.8931 ], [ 75.2164, 13.9003 ], [ 75.2279, 13.8574 ], [ 75.2243, 13.8457 ], [ 75.2111, 13.8465 ], [ 75.1778, 13.8203 ], [ 75.1875, 13.8379 ], [ 75.1545, 13.8542 ], [ 75.1373, 13.8158 ], [ 75.15, 13.8029 ], [ 75.1443, 13.7959 ], [ 75.1267, 13.7942 ], [ 75.087, 13.822 ], [ 75.069, 13.8544 ], [ 75.037, 13.8608 ], [ 75.0401, 13.8985 ], [ 75.0503, 13.8763 ], [ 75.0622, 13.8743 ], [ 75.0618, 13.8807 ], [ 75.0696, 13.8768 ], [ 75.072, 13.895 ], [ 75.0901, 13.8952 ], [ 75.0902, 13.9081 ], [ 75.1064, 13.9123 ], [ 75.1122, 13.901 ], [ 75.1354, 13.8898 ], [ 75.1304, 13.9267 ], [ 75.1222, 13.935 ], [ 75.1326, 13.9343 ], [ 75.1342, 13.9563 ], [ 75.168, 13.9358 ], [ 75.2136, 13.9651 ], [ 75.2163, 13.9742 ], [ 75.2307, 13.9764 ], [ 75.2359, 13.9643 ], [ 75.2509, 13.9759 ] ], [ [ 75.1728, 13.919 ], [ 75.1781, 13.918 ], [ 75.1748, 13.9061 ], [ 75.1835, 13.9047 ], [ 75.1831, 13.927 ], [ 75.1728, 13.919 ] ], [ [ 75.1445, 13.8798 ], [ 75.1352, 13.8639 ], [ 75.1384, 13.8613 ], [ 75.1469, 13.8668 ], [ 75.1445, 13.8798 ] ] ] } },
{ "type": "Feature", "properties": { "area_id": "KGIS-H-150501", "name_en": "Kasaba", "name_kn": "", "level": "panchayat", "parent_id": "KGIS-T-1505", "district_en": "Shivamogga", "lgd_code": null }, "geometry": { "type": "Polygon", "coordinates": [ [ [ 75.2811, 13.7625 ], [ 75.2919, 13.7376 ], [ 75.2854, 13.7205 ], [ 75.2906, 13.7098 ], [ 75.2786, 13.7087 ], [ 75.2796, 13.6936 ], [ 75.2737, 13.6914 ], [ 75.2799, 13.6676 ], [ 75.2635, 13.6593 ], [ 75.2433, 13.6689 ], [ 75.2328, 13.6559 ], [ 75.2425, 13.644 ], [ 75.2311, 13.6314 ], [ 75.2216, 13.6355 ], [ 75.224, 13.6409 ], [ 75.2187, 13.6495 ], [ 75.1995, 13.6413 ], [ 75.205, 13.6278 ], [ 75.1958, 13.6268 ], [ 75.1927, 13.6122 ], [ 75.1665, 13.6086 ], [ 75.1721, 13.618 ], [ 75.1668, 13.6374 ], [ 75.1384, 13.6454 ], [ 75.1354, 13.6652 ], [ 75.1381, 13.6783 ], [ 75.1496, 13.6738 ], [ 75.1607, 13.6923 ], [ 75.1135, 13.7186 ], [ 75.1168, 13.7252 ], [ 75.0924, 13.7531 ], [ 75.0898, 13.7661 ], [ 75.1069, 13.7819 ], [ 75.1301, 13.7738 ], [ 75.1414, 13.7838 ], [ 75.1484, 13.7736 ], [ 75.1683, 13.7697 ], [ 75.1739, 13.7556 ], [ 75.1807, 13.7585 ], [ 75.181, 13.7752 ], [ 75.1936, 13.7701 ], [ 75.1963, 13.7549 ], [ 75.2012, 13.7599 ], [ 75.2086, 13.7525 ], [ 75.2217, 13.7639 ], [ 75.2342, 13.7515 ], [ 75.2455, 13.7582 ], [ 75.253, 13.7515 ], [ 75.2665, 13.7613 ], [ 75.2652, 13.7727 ], [ 75.2753, 13.7854 ], [ 75.2868, 13.7706 ], [ 75.2811, 13.7625 ] ] ] } },
{ "type": "Feature", "properties": { "area_id": "KGIS-H-150502", "name_en": "Mutturu", "name_kn": "", "level": "panchayat", "parent_id": "KGIS-T-1505", "district_en": "Shivamogga", "lgd_code": null }, "geometry": { "type": "Polygon", "coordinates": [ [ [ 75.3272, 13.7105 ], [ 75.3393, 13.7134 ], [ 75.3549, 13.7036 ], [ 75.3628, 13.7142 ], [ 75.3844, 13.7107 ], [ 75.3803, 13.7043 ], [ 75.3938, 13.7006 ], [ 75.4057, 13.6589 ], [ 75.414, 13.6531 ], [ 75.4066, 13.6258 ], [ 75.3931, 13.6295 ], [ 75.3851, 13.6126 ], [ 75.3768, 13.6137 ], [ 75.3744, 13.6262 ], [ 75.3653, 13.6193 ], [ 75.3701, 13.5962 ], [ 75.3536, 13.5932 ], [ 75.3439, 13.582 ], [ 75.3276, 13.5912 ], [ 75.2949, 13.5852 ], [ 75.2784, 13.5641 ], [ 75.2644, 13.5854 ], [ 75.2553, 13.584 ], [ 75.2277, 13.6295 ], [ 75.2425, 13.644 ], [ 75.2328, 13.6559 ], [ 75.2433, 13.6689 ], [ 75.2635, 13.6593 ], [ 75.2799, 13.6676 ], [ 75.2733, 13.6884 ], [ 75.28, 13.7098 ], [ 75.2982, 13.6951 ], [ 75.3079, 13.6971 ], [ 75.3153, 13.721 ], [ 75.3278, 13.72 ], [ 75.3272, 13.7105 ] ] ] } },
{ "type": "Feature", "properties": { "area_id": "KGIS-H-150503", "name_en": "Agumbe", "name_kn": "", "level": "panchayat", "parent_id": "KGIS-T-1505", "district_en": "Shivamogga", "lgd_code": null }, "geometry": { "type": "MultiPolygon", "coordinates": [ [ [ [ 75.0862, 13.618 ], [ 75.0794, 13.625 ], [ 75.0976, 13.626 ], [ 75.1005, 13.6365 ], [ 75.1084, 13.6329 ], [ 75.1363, 13.6525 ], [ 75.1419, 13.6437 ], [ 75.1661, 13.6383 ], [ 75.1721, 13.618 ], [ 75.1665, 13.6086 ], [ 75.1736, 13.6075 ], [ 75.1927, 13.6122 ], [ 75.1958, 13.6268 ], [ 75.205, 13.6278 ], [ 75.1995, 13.6413 ], [ 75.2188, 13.6495 ], [ 75.2447, 13.6054 ], [ 75.2359, 13.5992 ], [ 75.2209, 13.6038 ], [ 75.2119, 13.585 ], [ 75.226, 13.5683 ], [ 75.2155, 13.5564 ], [ 75.2236, 13.5483 ], [ 75.2231, 13.5259 ], [ 75.207, 13.5248 ], [ 75.2034, 13.5175 ], [ 75.2105, 13.5163 ], [ 75.2028, 13.509 ], [ 75.1884, 13.5091 ], [ 75.177, 13.4988 ], [ 75.1709, 13.5066 ], [ 75.1479, 13.4788 ], [ 75.1364, 13.4779 ], [ 75.1407, 13.4634 ], [ 75.1155, 13.459 ], [ 75.1017, 13.4869 ], [ 75.0786, 13.4947 ], [ 75.0785, 13.5216 ], [ 75.0707, 13.5312 ], [ 75.0648, 13.5194 ], [ 75.0611, 13.5202 ], [ 75.0678, 13.5342 ], [ 75.0538, 13.5362 ], [ 75.0542, 13.5506 ], [ 75.0385, 13.5648 ], [ 75.0451, 13.5849 ], [ 75.0566, 13.5851 ], [ 75.0627, 13.5953 ], [ 75.0506, 13.616 ], [ 75.0588, 13.6288 ], [ 75.0757, 13.6098 ], [ 75.0798, 13.6085 ], [ 75.086, 13.616 ], [ 75.0862, 13.618 ] ] ], [ [ [ 75.0861, 13.6176 ], [ 75.0845, 13.6163 ], [ 75.0851, 13.6183 ], [ 75.0861, 13.6176 ] ] ] ] } },
{ "type": "Feature", "properties": { "area_id": "KGIS-H-150504", "name_en": "Mandagadde", "name_kn": "", "level": "panchayat", "parent_id": "KGIS-T-1505", "district_en": "Shivamogga", "lgd_code": null }, "geometry": { "type": "Polygon", "coordinates": [ [ [ 75.3893, 13.9062 ], [ 75.3994, 13.9029 ], [ 75.3969, 13.8634 ], [ 75.4049, 13.867 ], [ 75.4053, 13.8514 ], [ 75.4231, 13.8534 ], [ 75.4475, 13.8266 ], [ 75.4541, 13.8361 ], [ 75.4774, 13.842 ], [ 75.4913, 13.7968 ], [ 75.5035, 13.7961 ], [ 75.5093, 13.7844 ], [ 75.498, 13.7809 ], [ 75.4983, 13.77 ], [ 75.4871, 13.7684 ], [ 75.4896, 13.7605 ], [ 75.4607, 13.7401 ], [ 75.4557, 13.7234 ], [ 75.4203, 13.7066 ], [ 75.4038, 13.7033 ], [ 75.3653, 13.7147 ], [ 75.3549, 13.7036 ], [ 75.3393, 13.7134 ], [ 75.3287, 13.708 ], [ 75.3278, 13.72 ], [ 75.3153, 13.721 ], [ 75.3079, 13.6971 ], [ 75.297, 13.6952 ], [ 75.2853, 13.719 ], [ 75.2917, 13.7317 ], [ 75.2884, 13.7502 ], [ 75.3153, 13.7705 ], [ 75.3046, 13.7779 ], [ 75.3156, 13.7901 ], [ 75.3085, 13.7992 ], [ 75.3201, 13.8099 ], [ 75.3131, 13.8136 ], [ 75.3213, 13.8289 ], [ 75.3129, 13.8429 ], [ 75.319, 13.8612 ], [ 75.3252, 13.8735 ], [ 75.3416, 13.8556 ], [ 75.3747, 13.8537 ], [ 75.3703, 13.9259 ], [ 75.3925, 13.9177 ], [ 75.3893, 13.9062 ] ] ] } },
{ "type": "Feature", "properties": { "area_id": "KGIS-H-150505", "name_en": "Agrahara", "name_kn": "", "level": "panchayat", "parent_id": "KGIS-T-1505", "district_en": "Shivamogga", "lgd_code": null }, "geometry": { "type": "Polygon", "coordinates": [ [ [ 75.2221, 13.9022 ], [ 75.2388, 13.8931 ], [ 75.2353, 13.8805 ], [ 75.2556, 13.8771 ], [ 75.2637, 13.8775 ], [ 75.2637, 13.8919 ], [ 75.3206, 13.8894 ], [ 75.3252, 13.8735 ], [ 75.3129, 13.8429 ], [ 75.3213, 13.8289 ], [ 75.3131, 13.8136 ], [ 75.3201, 13.8099 ], [ 75.3085, 13.7992 ], [ 75.3156, 13.7901 ], [ 75.3046, 13.7779 ], [ 75.3153, 13.7705 ], [ 75.2884, 13.7502 ], [ 75.2807, 13.7637 ], [ 75.2868, 13.7706 ], [ 75.2753, 13.7854 ], [ 75.2652, 13.7727 ], [ 75.2665, 13.7613 ], [ 75.253, 13.7515 ], [ 75.2455, 13.7582 ], [ 75.2342, 13.7515 ], [ 75.2217, 13.7639 ], [ 75.2086, 13.7525 ], [ 75.2012, 13.7599 ], [ 75.1963, 13.7549 ], [ 75.1936, 13.7701 ], [ 75.181, 13.7752 ], [ 75.1807, 13.7585 ], [ 75.1739, 13.7556 ], [ 75.1683, 13.7697 ], [ 75.1484, 13.7736 ], [ 75.1414, 13.7838 ], [ 75.1301, 13.7738 ], [ 75.118, 13.7798 ], [ 75.126, 13.7948 ], [ 75.1362, 13.7922 ], [ 75.15, 13.8029 ], [ 75.1373, 13.8158 ], [ 75.1545, 13.8542 ], [ 75.1875, 13.8379 ], [ 75.1778, 13.8203 ], [ 75.2156, 13.8489 ], [ 75.2227, 13.8438 ], [ 75.2279, 13.8574 ], [ 75.2151, 13.8974 ], [ 75.2221, 13.9022 ] ] ] } },
{ "type": "Feature", "properties": { "area_id": "KGIS-H-150601", "name_en": "Kasabaai", "name_kn": "", "level": "panchayat", "parent_id": "KGIS-T-1506", "district_en": "Shivamogga", "lgd_code": null }, "geometry": { "type": "Polygon", "coordinates": [ [ [ 75.5088, 13.9693 ], [ 75.5441, 13.9592 ], [ 75.5452, 13.9433 ], [ 75.5598, 13.9362 ], [ 75.591, 13.9445 ], [ 75.5959, 13.9381 ], [ 75.565, 13.9118 ], [ 75.5656, 13.8948 ], [ 75.5454, 13.8932 ], [ 75.5394, 13.8824 ], [ 75.5261, 13.8888 ], [ 75.501, 13.8771 ], [ 75.4874, 13.8896 ], [ 75.4737, 13.8864 ], [ 75.4714, 13.8626 ], [ 75.4593, 13.8678 ], [ 75.431, 13.8443 ], [ 75.4129, 13.8784 ], [ 75.4129, 13.8957 ], [ 75.4222, 13.9032 ], [ 75.4417, 13.8951 ], [ 75.4745, 13.8972 ], [ 75.4862, 13.9185 ], [ 75.4726, 13.9351 ], [ 75.4721, 13.9671 ], [ 75.5088, 13.9693 ] ] ] } },
{ "type": "Feature", "properties": { "area_id": "KGIS-H-150602", "name_en": "Kasabaaiai", "name_kn": "", "level": "panchayat", "parent_id": "KGIS-T-1506", "district_en": "Shivamogga", "lgd_code": null }, "geometry": { "type": "Polygon", "coordinates": [ [ [ 75.5323, 14.0244 ], [ 75.5592, 14.0217 ], [ 75.5659, 14.0048 ], [ 75.5677, 13.9949 ], [ 75.568, 13.9921 ], [ 75.568, 13.9899 ], [ 75.5507, 13.9898 ], [ 75.5422, 13.9772 ], [ 75.5648, 13.9706 ], [ 75.5807, 13.9796 ], [ 75.5783, 13.968 ], [ 75.6297, 13.9585 ], [ 75.638, 13.9479 ], [ 75.5598, 13.9362 ], [ 75.5452, 13.9433 ], [ 75.5441, 13.9592 ], [ 75.5299, 13.9656 ], [ 75.472, 13.9672 ], [ 75.4762, 13.9842 ], [ 75.5003, 13.9838 ], [ 75.4927, 14.0091 ], [ 75.5166, 14.009 ], [ 75.5323, 14.0244 ] ] ] } },
{ "type": "Feature", "properties": { "area_id": "KGIS-H-150603", "name_en": "Nidigeai", "name_kn": "", "level": "panchayat", "parent_id": "KGIS-T-1506", "district_en": "Shivamogga", "lgd_code": null }, "geometry": { "type": "MultiPolygon", "coordinates": [ [ [ [ 75.6141, 13.9481 ], [ 75.6491, 13.9483 ], [ 75.674, 13.919 ], [ 75.671, 13.8969 ], [ 75.6559, 13.8996 ], [ 75.655, 13.8957 ], [ 75.6611, 13.8856 ], [ 75.6511, 13.868 ], [ 75.6102, 13.8431 ], [ 75.6066, 13.8194 ], [ 75.5905, 13.8137 ], [ 75.5909, 13.838 ], [ 75.5766, 13.8551 ], [ 75.5955, 13.8598 ], [ 75.5952, 13.8736 ], [ 75.5813, 13.8937 ], [ 75.5656, 13.8948 ], [ 75.5643, 13.9099 ], [ 75.6141, 13.9481 ] ], [ [ 75.6053, 13.861 ], [ 75.6088, 13.8561 ], [ 75.6096, 13.8628 ], [ 75.6053, 13.861 ] ] ], [ [ [ 75.6602, 13.8891 ], [ 75.6592, 13.8906 ], [ 75.6594, 13.8907 ], [ 75.6602, 13.8891 ] ] ], [ [ [ 75.6572, 13.8954 ], [ 75.6561, 13.896 ], [ 75.6571, 13.8967 ], [ 75.6572, 13.8954 ] ] ], [ [ [ 75.6579, 13.8982 ], [ 75.6594, 13.8965 ], [ 75.6571, 13.8971 ], [ 75.6579, 13.8982 ] ] ] ] } },
{ "type": "Feature", "properties": { "area_id": "KGIS-H-150604", "name_en": "Nidigeaiai", "name_kn": "", "level": "panchayat", "parent_id": "KGIS-T-1506", "district_en": "Shivamogga", "lgd_code": null }, "geometry": { "type": "Polygon", "coordinates": [ [ [ 75.5743, 13.8953 ], [ 75.5952, 13.8736 ], [ 75.5955, 13.8598 ], [ 75.5766, 13.8551 ], [ 75.5909, 13.838 ], [ 75.5886, 13.8147 ], [ 75.6056, 13.8182 ], [ 75.6042, 13.7956 ], [ 75.5907, 13.7956 ], [ 75.6044, 13.7875 ], [ 75.6071, 13.7708 ], [ 75.6049, 13.7607 ], [ 75.571, 13.7559 ], [ 75.57, 13.7346 ], [ 75.5419, 13.7246 ], [ 75.5283, 13.7312 ], [ 75.5217, 13.7519 ], [ 75.5105, 13.7553 ], [ 75.5081, 13.7646 ], [ 75.4986, 13.7568 ], [ 75.49, 13.7674 ], [ 75.51, 13.789 ], [ 75.4913, 13.7968 ], [ 75.4774, 13.842 ], [ 75.4541, 13.8361 ], [ 75.4475, 13.8266 ], [ 75.431, 13.8443 ], [ 75.4593, 13.8678 ], [ 75.4714, 13.8626 ], [ 75.4737, 13.8864 ], [ 75.4874, 13.8896 ], [ 75.501, 13.8771 ], [ 75.5261, 13.8888 ], [ 75.5394, 13.8824 ], [ 75.5503, 13.8951 ], [ 75.5743, 13.8953 ] ] ] } },
{ "type": "Feature", "properties": { "area_id": "KGIS-H-150605", "name_en": "Holaluruai", "name_kn": "", "level": "panchayat", "parent_id": "KGIS-T-1506", "district_en": "Shivamogga", "lgd_code": null }, "geometry": { "type": "Polygon", "coordinates": [ [ [ 75.6406, 14.0812 ], [ 75.6739, 14.0657 ], [ 75.7273, 14.0767 ], [ 75.7369, 14.0598 ], [ 75.7021, 14.0534 ], [ 75.6811, 14.0293 ], [ 75.6541, 14.0372 ], [ 75.6396, 14.0053 ], [ 75.6551, 13.9809 ], [ 75.6298, 13.9746 ], [ 75.6297, 13.9585 ], [ 75.5783, 13.968 ], [ 75.5807, 13.9796 ], [ 75.5648, 13.9706 ], [ 75.5422, 13.9772 ], [ 75.5507, 13.9898 ], [ 75.5677, 13.9949 ], [ 75.5592, 14.0217 ], [ 75.5323, 14.0244 ], [ 75.5399, 14.0378 ], [ 75.5266, 14.058 ], [ 75.5309, 14.0663 ], [ 75.554, 14.0789 ], [ 75.5855, 14.0583 ], [ 75.5908, 14.0636 ], [ 75.6051, 14.0574 ], [ 75.6181, 14.0771 ], [ 75.6406, 14.0812 ] ] ] } },
{ "type": "Feature", "properties": { "area_id": "KGIS-H-150606", "name_en": "Holaluraaiai", "name_kn": "", "level": "panchayat", "parent_id": "KGIS-T-1506", "district_en": "Shivamogga", "lgd_code": null }, "geometry": { "type": "Polygon", "coordinates": [ [ [ 75.687, 13.9332 ], [ 75.6757, 13.9363 ], [ 75.6696, 13.9194 ], [ 75.6491, 13.9483 ], [ 75.638, 13.9479 ], [ 75.628, 13.9615 ], [ 75.6298, 13.9746 ], [ 75.6551, 13.9809 ], [ 75.6396, 14.0053 ], [ 75.6541, 14.0372 ], [ 75.6811, 14.0293 ], [ 75.6758, 13.9964 ], [ 75.7098, 13.9434 ], [ 75.693, 13.9372 ], [ 75.6956, 13.9225 ], [ 75.7117, 13.926 ], [ 75.7122, 13.9172 ], [ 75.6991, 13.9108 ], [ 75.6737, 13.9135 ], [ 75.687, 13.9332 ] ] ] } },
{ "type": "Feature", "properties": { "area_id": "KGIS-H-150607", "name_en": "Kunsi", "name_kn": "", "level": "panchayat", "parent_id": "KGIS-T-1506", "district_en": "Shivamogga", "lgd_code": null }, "geometry": { "type": "Polygon", "coordinates": [ [ [ 75.3825, 14.1394 ], [ 75.3841, 14.1294 ], [ 75.4008, 14.1272 ], [ 75.3967, 14.1181 ], [ 75.4399, 14.1024 ], [ 75.4349, 14.0632 ], [ 75.4501, 14.0605 ], [ 75.4509, 14.0541 ], [ 75.4398, 14.0379 ], [ 75.4211, 14.0281 ], [ 75.4142, 14.032 ], [ 75.4175, 14.016 ], [ 75.3938, 13.9866 ], [ 75.3781, 13.9923 ], [ 75.3569, 14.0201 ], [ 75.3421, 14.0178 ], [ 75.3127, 14.0355 ], [ 75.3156, 14.0512 ], [ 75.3038, 14.0684 ], [ 75.2861, 14.0842 ], [ 75.2801, 14.0793 ], [ 75.2664, 14.0862 ], [ 75.2671, 14.0971 ], [ 75.2781, 14.1011 ], [ 75.2932, 14.1275 ], [ 75.3074, 14.1267 ], [ 75.3155, 14.1041 ], [ 75.3286, 14.1116 ], [ 75.3656, 14.111 ], [ 75.3825, 14.1394 ] ] ] } },
{ "type": "Feature", "properties": { "area_id": "KGIS-H-150608", "name_en": "Haranahalli", "name_kn": "", "level": "panchayat", "parent_id": "KGIS-T-1506", "district_en": "Shivamogga", "lgd_code": null }, "geometry": { "type": "MultiPolygon", "coordinates": [ [ [ [ 75.426, 13.9918 ], [ 75.4309, 13.9814 ], [ 75.4236, 13.9786 ], [ 75.4151, 13.9898 ], [ 75.426, 13.9918 ] ] ], [ [ [ 75.4662, 14.1048 ], [ 75.5314, 14.0978 ], [ 75.5465, 14.0773 ], [ 75.5266, 14.058 ], [ 75.5399, 14.0378 ], [ 75.5323, 14.0244 ], [ 75.5166, 14.009 ], [ 75.4927, 14.0091 ], [ 75.5005, 13.9844 ], [ 75.4864, 13.98 ], [ 75.4735, 13.9913 ], [ 75.4829, 14.0249 ], [ 75.4737, 14.0414 ], [ 75.4573, 14.0215 ], [ 75.4482, 14.0216 ], [ 75.4504, 14.0295 ], [ 75.4396, 14.0371 ], [ 75.4501, 14.0605 ], [ 75.4348, 14.0636 ], [ 75.4396, 14.0984 ], [ 75.4662, 14.1048 ] ] ] ] } },
{ "type": "Feature", "properties": { "area_id": "KGIS-H-150609", "name_en": "Ayanuru", "name_kn": "", "level": "panchayat", "parent_id": "KGIS-T-1506", "district_en": "Shivamogga", "lgd_code": null }, "geometry": { "type": "Polygon", "coordinates": [ [ [ 75.4746, 14.039 ], [ 75.4829, 14.0249 ], [ 75.4735, 13.9915 ], [ 75.4726, 13.9351 ], [ 75.4862, 13.9185 ], [ 75.4745, 13.8972 ], [ 75.4417, 13.8951 ], [ 75.4222, 13.9032 ], [ 75.4132, 13.8962 ], [ 75.423, 13.851 ], [ 75.4068, 13.8506 ], [ 75.4049, 13.867 ], [ 75.3969, 13.8629 ], [ 75.3994, 13.9029 ], [ 75.3893, 13.9062 ], [ 75.3925, 13.9177 ], [ 75.3703, 13.9259 ], [ 75.3715, 13.9469 ], [ 75.3509, 13.9566 ], [ 75.3619, 13.9722 ], [ 75.3483, 14.0022 ], [ 75.357, 14.0198 ], [ 75.3781, 13.9923 ], [ 75.3938, 13.9866 ], [ 75.4175, 14.016 ], [ 75.4142, 14.032 ], [ 75.4211, 14.0281 ], [ 75.435, 14.0404 ], [ 75.4504, 14.0295 ], [ 75.4482, 14.0216 ], [ 75.4569, 14.0214 ], [ 75.4746, 14.039 ] ], [ [ 75.4154, 13.9877 ], [ 75.4236, 13.9786 ], [ 75.4309, 13.9814 ], [ 75.4301, 13.993 ], [ 75.4154, 13.9877 ] ] ] } },
{ "type": "Feature", "properties": { "area_id": "KGIS-H-150701", "name_en": "Kasaba Ai", "name_kn": "", "level": "panchayat", "parent_id": "KGIS-T-1507", "district_en": "Shivamogga", "lgd_code": null }, "geometry": { "type": "MultiPolygon", "coordinates": [ [ [ [ 75.7716, 13.8179 ], [ 75.7883, 13.809 ], [ 75.774, 13.7953 ], [ 75.7599, 13.7945 ], [ 75.7648, 13.7823 ], [ 75.7321, 13.7689 ], [ 75.7126, 13.7721 ], [ 75.7165, 13.8124 ], [ 75.7275, 13.8083 ], [ 75.7282, 13.8169 ], [ 75.7716, 13.8179 ] ] ], [ [ [ 75.6737, 13.9135 ], [ 75.7122, 13.9172 ], [ 75.7145, 13.8969 ], [ 75.7038, 13.8734 ], [ 75.718, 13.8702 ], [ 75.7142, 13.8588 ], [ 75.7271, 13.8538 ], [ 75.7225, 13.8443 ], [ 75.7283, 13.8375 ], [ 75.7141, 13.8311 ], [ 75.7159, 13.8233 ], [ 75.6935, 13.82 ], [ 75.6886, 13.8292 ], [ 75.672, 13.829 ], [ 75.6692, 13.8431 ], [ 75.6598, 13.845 ], [ 75.6651, 13.8593 ], [ 75.6511, 13.868 ], [ 75.6611, 13.8856 ], [ 75.655, 13.8957 ], [ 75.6559, 13.8996 ], [ 75.671, 13.8969 ], [ 75.6737, 13.9135 ] ], [ [ 75.6594, 13.8965 ], [ 75.6578, 13.8975 ], [ 75.6571, 13.8975 ], [ 75.6571, 13.8971 ], [ 75.6594, 13.8965 ] ], [ [ 75.6572, 13.8954 ], [ 75.6561, 13.896 ], [ 75.6561, 13.8956 ], [ 75.6572, 13.8954 ] ], [ [ 75.6592, 13.8893 ], [ 75.6594, 13.8907 ], [ 75.6592, 13.8906 ], [ 75.6592, 13.8893 ] ] ], [ [ [ 75.6871, 13.9329 ], [ 75.683, 13.9198 ], [ 75.6733, 13.919 ], [ 75.6757, 13.9363 ], [ 75.6871, 13.9329 ] ] ], [ [ [ 75.7098, 13.9434 ], [ 75.7117, 13.926 ], [ 75.6956, 13.9225 ], [ 75.693, 13.9372 ], [ 75.7098, 13.9434 ] ] ], [ [ [ 75.6889, 13.9324 ], [ 75.687, 13.9356 ], [ 75.6887, 13.9367 ], [ 75.6889, 13.9324 ] ] ] ] } },
{ "type": "Feature", "properties": { "area_id": "KGIS-H-150702", "name_en": "Kasaba Aiai", "name_kn": "", "level": "panchayat", "parent_id": "KGIS-T-1507", "district_en": "Shivamogga", "lgd_code": null }, "geometry": { "type": "MultiPolygon", "coordinates": [ [ [ [ 75.6618, 13.8492 ], [ 75.672, 13.829 ], [ 75.6886, 13.8292 ], [ 75.6935, 13.82 ], [ 75.7177, 13.8247 ], [ 75.7178, 13.7878 ], [ 75.7097, 13.7657 ], [ 75.6849, 13.7661 ], [ 75.6847, 13.7492 ], [ 75.6755, 13.7519 ], [ 75.6702, 13.7655 ], [ 75.6564, 13.7483 ], [ 75.674, 13.722 ], [ 75.6531, 13.7189 ], [ 75.6437, 13.7052 ], [ 75.6262, 13.7014 ], [ 75.6172, 13.7224 ], [ 75.6268, 13.7341 ], [ 75.6094, 13.746 ], [ 75.6044, 13.7875 ], [ 75.5907, 13.7956 ], [ 75.6042, 13.7956 ], [ 75.6081, 13.8403 ], [ 75.6323, 13.8517 ], [ 75.6412, 13.867 ], [ 75.665, 13.8595 ], [ 75.6618, 13.8492 ] ] ], [ [ [ 75.6096, 13.8628 ], [ 75.607, 13.8567 ], [ 75.6053, 13.861 ], [ 75.6096, 13.8628 ] ] ] ] } },
{ "type": "Feature", "properties": { "area_id": "KGIS-H-150703", "name_en": "Kudligere", "name_kn": "", "level": "panchayat", "parent_id": "KGIS-T-1507", "district_en": "Shivamogga", "lgd_code": null }, "geometry": { "type": "Polygon", "coordinates": [ [ [ 75.7645, 13.9477 ], [ 75.8076, 13.9172 ], [ 75.8246, 13.9151 ], [ 75.8506, 13.933 ], [ 75.8697, 13.9037 ], [ 75.8657, 13.8559 ], [ 75.8768, 13.8091 ], [ 75.8247, 13.8171 ], [ 75.8044, 13.7947 ], [ 75.7894, 13.7999 ], [ 75.778, 13.7909 ], [ 75.774, 13.7953 ], [ 75.7883, 13.809 ], [ 75.7716, 13.8179 ], [ 75.7282, 13.8169 ], [ 75.7275, 13.8083 ], [ 75.7165, 13.8124 ], [ 75.7141, 13.8311 ], [ 75.7283, 13.8375 ], [ 75.7225, 13.8443 ], [ 75.7271, 13.8538 ], [ 75.7142, 13.8588 ], [ 75.718, 13.8702 ], [ 75.7038, 13.8734 ], [ 75.7145, 13.8969 ], [ 75.7101, 13.9356 ], [ 75.7409, 13.9404 ], [ 75.7693, 13.9254 ], [ 75.7749, 13.9314 ], [ 75.7637, 13.9378 ], [ 75.7645, 13.9477 ] ], [ [ 75.8398, 13.9079 ], [ 75.8262, 13.892 ], [ 75.7999, 13.8985 ], [ 75.7814, 13.8776 ], [ 75.8119, 13.8602 ], [ 75.8273, 13.8699 ], [ 75.8441, 13.8664 ], [ 75.8568, 13.8748 ], [ 75.8369, 13.8844 ], [ 75.8398, 13.9079 ] ] ] } },
{ "type": "Feature", "properties": { "area_id": "KGIS-H-150704", "name_en": "Holehonnuru Ai", "name_kn": "", "level": "panchayat", "parent_id": "KGIS-T-1507", "district_en": "Shivamogga", "lgd_code": null }, "geometry": { "type": "MultiPolygon", "coordinates": [ [ [ [ 75.7368, 13.9488 ], [ 75.7405, 13.94 ], [ 75.7108, 13.9372 ], [ 75.7123, 13.9436 ], [ 75.7368, 13.9488 ] ] ], [ [ [ 75.7105, 14.031 ], [ 75.7603, 14.0099 ], [ 75.7539, 13.9788 ], [ 75.7278, 13.9785 ], [ 75.7262, 13.9584 ], [ 75.7018, 13.953 ], [ 75.6758, 13.9964 ], [ 75.68, 14.0269 ], [ 75.7082, 14.0554 ], [ 75.7105, 14.031 ] ] ] ] } },
{ "type": "Feature", "properties": { "area_id": "KGIS-H-150705", "name_en": "Holehonnuru Aiai", "name_kn": "", "level": "panchayat", "parent_id": "KGIS-T-1507", "district_en": "Shivamogga", "lgd_code": null }, "geometry": { "type": "MultiPolygon", "coordinates": [ [ [ [ 75.7263, 13.9558 ], [ 75.727, 13.9482 ], [ 75.7105, 13.9428 ], [ 75.7018, 13.953 ], [ 75.7263, 13.9558 ] ] ], [ [ [ 75.7584, 14.1105 ], [ 75.7718, 14.1009 ], [ 75.8128, 14.1038 ], [ 75.8182, 14.0869 ], [ 75.7793, 14.0857 ], [ 75.777, 14.0797 ], [ 75.8166, 14.084 ], [ 75.8227, 14.074 ], [ 75.799, 14.0334 ], [ 75.8072, 14.0162 ], [ 75.7805, 14.0188 ], [ 75.7833, 14.0026 ], [ 75.7105, 14.031 ], [ 75.7082, 14.0554 ], [ 75.7369, 14.0598 ], [ 75.721, 14.0834 ], [ 75.7383, 14.0873 ], [ 75.7394, 14.1015 ], [ 75.7529, 14.102 ], [ 75.7584, 14.1105 ] ] ] ] } },
{ "type": "Feature", "properties": { "area_id": "KGIS-H-150706", "name_en": "Holehonnuru Aiaiai", "name_kn": "", "level": "panchayat", "parent_id": "KGIS-T-1507", "district_en": "Shivamogga", "lgd_code": null }, "geometry": { "type": "MultiPolygon", "coordinates": [ [ [ [ 75.8371, 13.8904 ], [ 75.8568, 13.8748 ], [ 75.8428, 13.8658 ], [ 75.8273, 13.8699 ], [ 75.8119, 13.8602 ], [ 75.7814, 13.8776 ], [ 75.7999, 13.8985 ], [ 75.8262, 13.892 ], [ 75.8327, 13.9092 ], [ 75.8398, 13.9079 ], [ 75.8371, 13.8904 ] ] ], [ [ [ 75.8247, 14.0148 ], [ 75.8327, 13.9668 ], [ 75.8506, 13.933 ], [ 75.8246, 13.9151 ], [ 75.8022, 13.9183 ], [ 75.7672, 13.9477 ], [ 75.7616, 13.9413 ], [ 75.7749, 13.9314 ], [ 75.7693, 13.9254 ], [ 75.7423, 13.9344 ], [ 75.7365, 13.9499 ], [ 75.727, 13.9482 ], [ 75.7231, 13.971 ], [ 75.7278, 13.9785 ], [ 75.7539, 13.9788 ], [ 75.7603, 14.0099 ], [ 75.7833, 14.0026 ], [ 75.7805, 14.0188 ], [ 75.8072, 14.0162 ], [ 75.8031, 14.0231 ], [ 75.8087, 14.024 ], [ 75.8247, 14.0148 ] ] ], [ [ [ 75.8196, 14.0838 ], [ 75.7958, 14.0786 ], [ 75.777, 14.0797 ], [ 75.7793, 14.0857 ], [ 75.8196, 14.0838 ] ] ] ] } },
{ "type": "Feature", "properties": { "area_id": "KGIS-H-160101", "name_en": "Kundapura", "name_kn": "", "level": "panchayat", "parent_id": "KGIS-T-1601", "district_en": "Udupi", "lgd_code": null }, "geometry": { "type": "Polygon", "coordinates": [ [ [ 74.6976, 13.6516 ], [ 74.7191, 13.6402 ], [ 74.7356, 13.6458 ], [ 74.7544, 13.6408 ], [ 74.778, 13.613 ], [ 74.8106, 13.6267 ], [ 74.8301, 13.6195 ], [ 74.8543, 13.5807 ], [ 74.8655, 13.5843 ], [ 74.9028, 13.5736 ], [ 74.9086, 13.5893 ], [ 74.9003, 13.6056 ], [ 74.9154, 13.6114 ], [ 74.9428, 13.6046 ], [ 74.9549, 13.6135 ], [ 74.9633, 13.6393 ], [ 74.9754, 13.6313 ], [ 75.0117, 13.636 ], [ 75.0352, 13.6174 ], [ 75.0572, 13.6112 ], [ 75.0628, 13.5958 ], [ 75.0566, 13.5851 ], [ 75.0451, 13.5849 ], [ 75.0382, 13.5691 ], [ 74.9904, 13.5657 ], [ 74.984, 13.5807 ], [ 74.9697, 13.5888 ], [ 74.9521, 13.5741 ], [ 74.9466, 13.5319 ], [ 74.9305, 13.5206 ], [ 74.9267, 13.5315 ], [ 74.9363, 13.5442 ], [ 74.9125, 13.5448 ], [ 74.8848, 13.5638 ], [ 74.8568, 13.543 ], [ 74.8404, 13.5675 ], [ 74.8204, 13.5571 ], [ 74.8195, 13.5428 ], [ 74.8067, 13.5401 ], [ 74.7927, 13.5484 ], [ 74.7305, 13.5202 ], [ 74.7306, 13.537 ], [ 74.7122, 13.5353 ], [ 74.7067, 13.5482 ], [ 74.6826, 13.5415 ], [ 74.6664, 13.6395 ], [ 74.6976, 13.6516 ] ] ] } },
{ "type": "Feature", "properties": { "area_id": "KGIS-H-160103", "name_en": "Vandse", "name_kn": "", "level": "panchayat", "parent_id": "KGIS-T-1601", "district_en": "Udupi", "lgd_code": null }, "geometry": { "type": "Polygon", "coordinates": [ [ [ 74.8038, 13.7955 ], [ 74.8284, 13.7759 ], [ 74.8427, 13.7813 ], [ 74.8762, 13.7643 ], [ 74.8714, 13.7279 ], [ 74.9216, 13.7562 ], [ 74.9267, 13.7365 ], [ 74.9466, 13.7397 ], [ 74.9544, 13.7583 ], [ 74.9963, 13.7447 ], [ 74.9877, 13.7135 ], [ 75.0194, 13.6992 ], [ 75.0078, 13.6909 ], [ 75.0086, 13.6791 ], [ 75.0267, 13.6705 ], [ 75.0216, 13.6618 ], [ 75.0124, 13.6665 ], [ 75.0081, 13.6606 ], [ 75.0116, 13.636 ], [ 74.9754, 13.6313 ], [ 74.9633, 13.6393 ], [ 74.9549, 13.6135 ], [ 74.9428, 13.6046 ], [ 74.9154, 13.6114 ], [ 74.9003, 13.6056 ], [ 74.9086, 13.5893 ], [ 74.9028, 13.5736 ], [ 74.8655, 13.5843 ], [ 74.8543, 13.5807 ], [ 74.8408, 13.6096 ], [ 74.8106, 13.6267 ], [ 74.778, 13.613 ], [ 74.7579, 13.6389 ], [ 74.7394, 13.6452 ], [ 74.7191, 13.6402 ], [ 74.6975, 13.6517 ], [ 74.668, 13.6396 ], [ 74.6514, 13.6654 ], [ 74.6417, 13.7083 ], [ 74.6536, 13.696 ], [ 74.6632, 13.7154 ], [ 74.6734, 13.7182 ], [ 74.671, 13.7249 ], [ 74.693, 13.7362 ], [ 74.6948, 13.7296 ], [ 74.699, 13.7431 ], [ 74.6938, 13.7517 ], [ 74.6816, 13.7444 ], [ 74.6829, 13.757 ], [ 74.695, 13.7634 ], [ 74.7057, 13.7574 ], [ 74.7178, 13.7706 ], [ 74.7443, 13.7636 ], [ 74.7606, 13.7703 ], [ 74.7634, 13.783 ], [ 74.8038, 13.7955 ] ] ] } },
{ "type": "Feature", "properties": { "area_id": "KGIS-H-160201", "name_en": "Udupi", "name_kn": "", "level": "panchayat", "parent_id": "KGIS-T-1602", "district_en": "Udupi", "lgd_code": null }, "geometry": { "type": "MultiPolygon", "coordinates": [ [ [ [ 74.6915, 13.3317 ], [ 74.6919, 13.3327 ], [ 74.6931, 13.3314 ], [ 74.6915, 13.3317 ] ] ], [ [ [ 74.7535, 13.3783 ], [ 74.775, 13.3824 ], [ 74.7882, 13.3739 ], [ 74.8025, 13.3843 ], [ 74.8315, 13.3637 ], [ 74.844, 13.3723 ], [ 74.8783, 13.3668 ], [ 74.8901, 13.3472 ], [ 74.9019, 13.3471 ], [ 74.917, 13.3204 ], [ 74.8952, 13.3084 ], [ 74.8778, 13.3215 ], [ 74.8666, 13.3097 ], [ 74.8741, 13.2941 ], [ 74.86, 13.2724 ], [ 74.8479, 13.2738 ], [ 74.8436, 13.2867 ], [ 74.8277, 13.2843 ], [ 74.7999, 13.2965 ], [ 74.786, 13.2813 ], [ 74.7748, 13.2844 ], [ 74.7754, 13.2921 ], [ 74.7601, 13.2888 ], [ 74.7422, 13.2966 ], [ 74.7239, 13.2764 ], [ 74.7138, 13.3246 ], [ 74.6984, 13.3434 ], [ 74.6968, 13.3911 ], [ 74.7124, 13.3843 ], [ 74.7448, 13.3927 ], [ 74.7535, 13.3783 ] ] ], [ [ [ 74.6909, 13.3391 ], [ 74.6899, 13.3358 ], [ 74.6878, 13.337 ], [ 74.6909, 13.3391 ] ] ], [ [ [ 74.6874, 13.3446 ], [ 74.6881, 13.3419 ], [ 74.6834, 13.3438 ], [ 74.6874, 13.3446 ] ] ], [ [ [ 74.6825, 13.382 ], [ 74.682, 13.3842 ], [ 74.6862, 13.3784 ], [ 74.6825, 13.382 ] ] ] ] } },
{ "type": "Feature", "properties": { "area_id": "KGIS-H-160204", "name_en": "Brahmavara", "name_kn": "", "level": "panchayat", "parent_id": "KGIS-T-1602", "district_en": "Udupi", "lgd_code": null }, "geometry": { "type": "MultiPolygon", "coordinates": [ [ [ [ 74.9241, 13.4355 ], [ 74.9376, 13.429 ], [ 74.9382, 13.4169 ], [ 74.9557, 13.4001 ], [ 74.956, 13.3813 ], [ 74.944, 13.383 ], [ 74.9405, 13.3761 ], [ 74.9515, 13.3621 ], [ 74.9389, 13.348 ], [ 74.9495, 13.3207 ], [ 74.9052, 13.3341 ], [ 74.9022, 13.3467 ], [ 74.8901, 13.3472 ], [ 74.8783, 13.3668 ], [ 74.844, 13.3723 ], [ 74.8315, 13.3637 ], [ 74.8169, 13.3704 ], [ 74.8157, 13.4037 ], [ 74.8304, 13.41 ], [ 74.8377, 13.4034 ], [ 74.8436, 13.4114 ], [ 74.844, 13.4054 ], [ 74.8823, 13.4051 ], [ 74.9241, 13.4355 ] ] ], [ [ [ 74.6999, 13.4373 ], [ 74.7054, 13.4156 ], [ 74.7401, 13.406 ], [ 74.744, 13.3942 ], [ 74.7376, 13.386 ], [ 74.6965, 13.3911 ], [ 74.6938, 13.435 ], [ 74.6999, 13.4373 ] ] ] ] } },
{ "type": "Feature", "properties": { "area_id": "KGIS-H-160301", "name_en": "Ajekaru", "name_kn": "", "level": "panchayat", "parent_id": "KGIS-T-1603", "district_en": "Udupi", "lgd_code": null }, "geometry": { "type": "Polygon", "coordinates": [ [ [ 74.9864, 13.3797 ], [ 74.9988, 13.3697 ], [ 75.0026, 13.3499 ], [ 75.026, 13.3537 ], [ 75.0227, 13.3361 ], [ 75.032, 13.3189 ], [ 75.0916, 13.3196 ], [ 75.1174, 13.2778 ], [ 75.1417, 13.285 ], [ 75.1679, 13.2076 ], [ 75.1649, 13.1986 ], [ 75.1776, 13.1926 ], [ 75.1256, 13.1938 ], [ 75.1056, 13.1847 ], [ 75.0836, 13.2362 ], [ 75.0201, 13.2631 ], [ 75.0217, 13.2579 ], [ 75.0034, 13.2552 ], [ 74.9998, 13.2427 ], [ 74.9901, 13.2457 ], [ 74.985, 13.2377 ], [ 74.9835, 13.2595 ], [ 74.938, 13.2732 ], [ 74.9156, 13.33 ], [ 74.9495, 13.3207 ], [ 74.9389, 13.348 ], [ 74.9515, 13.3615 ], [ 74.9407, 13.3732 ], [ 74.944, 13.383 ], [ 74.9864, 13.3797 ] ] ] } },
{ "type": "Feature", "properties": { "area_id": "KGIS-H-160302", "name_en": "Karkala", "name_kn": "", "level": "panchayat", "parent_id": "KGIS-T-1603", "district_en": "Udupi", "lgd_code": null }, "geometry": { "type": "Polygon", "coordinates": [ [ [ 74.8778, 13.3215 ], [ 74.8965, 13.3085 ], [ 74.9168, 13.3203 ], [ 74.9196, 13.3096 ], [ 74.9295, 13.3065 ], [ 74.938, 13.2732 ], [ 74.9835, 13.2595 ], [ 74.985, 13.2377 ], [ 74.9901, 13.2457 ], [ 74.9998, 13.2427 ], [ 75.0034, 13.2552 ], [ 75.0317, 13.2615 ], [ 75.0529, 13.245 ], [ 75.0836, 13.2362 ], [ 75.1056, 13.1847 ], [ 75.1256, 13.1938 ], [ 75.1776, 13.1926 ], [ 75.204, 13.1763 ], [ 75.207, 13.1583 ], [ 75.1845, 13.1611 ], [ 75.1621, 13.1301 ], [ 75.1487, 13.1233 ], [ 75.1447, 13.1322 ], [ 75.1214, 13.1327 ], [ 75.1142, 13.1504 ], [ 75.1059, 13.1474 ], [ 75.0963, 13.1619 ], [ 75.0811, 13.1584 ], [ 75.0789, 13.1464 ], [ 75.0641, 13.1467 ], [ 75.0666, 13.1397 ], [ 75.05, 13.1355 ], [ 75.0359, 13.1432 ], [ 75.016, 13.1319 ], [ 74.9945, 13.1543 ], [ 74.975, 13.1276 ], [ 74.9523, 13.1181 ], [ 74.9392, 13.1314 ], [ 74.9425, 13.1415 ], [ 74.9325, 13.147 ], [ 74.9089, 13.129 ], [ 74.9116, 13.1085 ], [ 74.8783, 13.0946 ], [ 74.8626, 13.1261 ], [ 74.827, 13.1296 ], [ 74.8204, 13.1372 ], [ 74.8225, 13.1472 ], [ 74.8533, 13.1546 ], [ 74.8566, 13.1836 ], [ 74.85, 13.189 ], [ 74.8624, 13.1953 ], [ 74.8567, 13.2057 ], [ 74.8423, 13.2103 ], [ 74.8489, 13.2237 ], [ 74.8631, 13.2186 ], [ 74.8545, 13.2352 ], [ 74.8579, 13.2497 ], [ 74.8444, 13.2639 ], [ 74.8476, 13.2738 ], [ 74.86, 13.2724 ], [ 74.8741, 13.2941 ], [ 74.8676, 13.3124 ], [ 74.875, 13.3119 ], [ 74.8778, 13.3215 ] ] ] } },
{ "type": "Feature", "properties": { "area_id": "KGIS-H-160402", "name_en": "Bainduru", "name_kn": "", "level": "panchayat", "parent_id": "KGIS-T-1604", "district_en": "Udupi", "lgd_code": null }, "geometry": { "type": "Polygon", "coordinates": [ [ [ 74.6647, 13.981 ], [ 74.6944, 13.9473 ], [ 74.6824, 13.9344 ], [ 74.7082, 13.9207 ], [ 74.7114, 13.9039 ], [ 74.7571, 13.9065 ], [ 74.7711, 13.9139 ], [ 74.792, 13.9034 ], [ 74.819, 13.9079 ], [ 74.8378, 13.8986 ], [ 74.8703, 13.8563 ], [ 74.8856, 13.8676 ], [ 74.9096, 13.861 ], [ 74.9128, 13.8217 ], [ 74.9196, 13.8246 ], [ 74.9243, 13.8013 ], [ 74.9326, 13.796 ], [ 74.931, 13.7758 ], [ 74.9381, 13.7771 ], [ 74.9544, 13.7583 ], [ 74.9466, 13.7397 ], [ 74.9267, 13.7365 ], [ 74.9216, 13.7562 ], [ 74.8714, 13.7279 ], [ 74.8762, 13.7643 ], [ 74.8427, 13.7813 ], [ 74.8284, 13.7759 ], [ 74.8037, 13.7956 ], [ 74.7634, 13.783 ], [ 74.7606, 13.7703 ], [ 74.7443, 13.7636 ], [ 74.7178, 13.7706 ], [ 74.7057, 13.7574 ], [ 74.695, 13.7634 ], [ 74.6835, 13.7574 ], [ 74.6816, 13.7444 ], [ 74.6938, 13.7517 ], [ 74.7, 13.7372 ], [ 74.671, 13.7249 ], [ 74.6734, 13.7182 ], [ 74.6632, 13.7154 ], [ 74.6545, 13.6964 ], [ 74.6483, 13.6994 ], [ 74.6077, 13.8663 ], [ 74.5817, 13.9254 ], [ 74.5953, 13.9418 ], [ 74.5968, 13.932 ], [ 74.6064, 13.9408 ], [ 74.6206, 13.9358 ], [ 74.6317, 13.9462 ], [ 74.6336, 13.9399 ], [ 74.6478, 13.9407 ], [ 74.6527, 13.946 ], [ 74.6466, 13.9631 ], [ 74.6647, 13.981 ] ] ] } },
{ "type": "Feature", "properties": { "area_id": "KGIS-H-160503", "name_en": "Kota", "name_kn": "", "level": "panchayat", "parent_id": "KGIS-T-1605", "district_en": "Udupi", "lgd_code": null }, "geometry": { "type": "Polygon", "coordinates": [ [ [ 74.8404, 13.5675 ], [ 74.8568, 13.543 ], [ 74.881, 13.5628 ], [ 74.8949, 13.5596 ], [ 74.9125, 13.5456 ], [ 74.9119, 13.5447 ], [ 74.9145, 13.54 ], [ 74.9177, 13.5256 ], [ 74.9178, 13.5238 ], [ 74.9049, 13.5287 ], [ 74.8949, 13.5217 ], [ 74.8927, 13.5306 ], [ 74.8676, 13.5245 ], [ 74.8635, 13.4855 ], [ 74.8517, 13.4769 ], [ 74.8396, 13.4788 ], [ 74.8362, 13.4631 ], [ 74.825, 13.4557 ], [ 74.8075, 13.4636 ], [ 74.7879, 13.4545 ], [ 74.7782, 13.4607 ], [ 74.7417, 13.4543 ], [ 74.7336, 13.4607 ], [ 74.741, 13.4647 ], [ 74.7303, 13.4691 ], [ 74.7158, 13.4544 ], [ 74.7173, 13.44 ], [ 74.694, 13.4346 ], [ 74.6826, 13.5415 ], [ 74.7067, 13.5482 ], [ 74.7122, 13.5353 ], [ 74.7306, 13.537 ], [ 74.7305, 13.5202 ], [ 74.7927, 13.5484 ], [ 74.8067, 13.5401 ], [ 74.8195, 13.5428 ], [ 74.8204, 13.5571 ], [ 74.8404, 13.5675 ] ] ] } },
{ "type": "Feature", "properties": { "area_id": "KGIS-H-160504", "name_en": "Brahmavara", "name_kn": "", "level": "panchayat", "parent_id": "KGIS-T-1605", "district_en": "Udupi", "lgd_code": null }, "geometry": { "type": "Polygon", "coordinates": [ [ [ 74.8672, 13.5242 ], [ 74.8927, 13.5306 ], [ 74.8949, 13.5217 ], [ 74.9049, 13.5287 ], [ 74.9178, 13.5238 ], [ 74.8938, 13.5074 ], [ 74.9242, 13.4886 ], [ 74.9334, 13.4674 ], [ 74.9526, 13.458 ], [ 74.9331, 13.4389 ], [ 74.9344, 13.4313 ], [ 74.9224, 13.436 ], [ 74.8823, 13.4051 ], [ 74.844, 13.4054 ], [ 74.8436, 13.4114 ], [ 74.8377, 13.4034 ], [ 74.8304, 13.41 ], [ 74.8157, 13.4037 ], [ 74.8174, 13.3798 ], [ 74.8025, 13.3843 ], [ 74.7882, 13.3739 ], [ 74.775, 13.3824 ], [ 74.7535, 13.3783 ], [ 74.7372, 13.4092 ], [ 74.7038, 13.4168 ], [ 74.6999, 13.4373 ], [ 74.7173, 13.44 ], [ 74.7158, 13.4544 ], [ 74.7266, 13.4681 ], [ 74.7391, 13.4672 ], [ 74.7422, 13.4609 ], [ 74.7336, 13.4607 ], [ 74.7417, 13.4543 ], [ 74.7782, 13.4607 ], [ 74.7879, 13.4545 ], [ 74.8075, 13.4636 ], [ 74.8185, 13.4535 ], [ 74.8344, 13.461 ], [ 74.8396, 13.4788 ], [ 74.8517, 13.4769 ], [ 74.8635, 13.4855 ], [ 74.8672, 13.5242 ] ] ] } },
{ "type": "Feature", "properties": { "area_id": "KGIS-H-160602", "name_en": "Kapu", "name_kn": "", "level": "panchayat", "parent_id": "KGIS-T-1606", "district_en": "Udupi", "lgd_code": null }, "geometry": { "type": "Polygon", "coordinates": [ [ [ 74.746, 13.2971 ], [ 74.7601, 13.2888 ], [ 74.7754, 13.2921 ], [ 74.7748, 13.2844 ], [ 74.786, 13.2813 ], [ 74.7999, 13.2965 ], [ 74.8277, 13.2843 ], [ 74.8436, 13.2867 ], [ 74.849, 13.2791 ], [ 74.8444, 13.2639 ], [ 74.8579, 13.2497 ], [ 74.8545, 13.2352 ], [ 74.8631, 13.219 ], [ 74.8489, 13.2237 ], [ 74.8423, 13.2103 ], [ 74.8567, 13.2057 ], [ 74.8624, 13.1953 ], [ 74.85, 13.189 ], [ 74.8566, 13.1836 ], [ 74.8533, 13.1546 ], [ 74.8218, 13.1467 ], [ 74.827, 13.1296 ], [ 74.8098, 13.1133 ], [ 74.7913, 13.1169 ], [ 74.7987, 13.1082 ], [ 74.7934, 13.0971 ], [ 74.7779, 13.1031 ], [ 74.7795, 13.0715 ], [ 74.7237, 13.2764 ], [ 74.746, 13.2971 ] ] ] } },
{ "type": "Feature", "properties": { "area_id": "KGIS-H-160701", "name_en": "Ajekaru", "name_kn": "", "level": "panchayat", "parent_id": "KGIS-T-1607", "district_en": "Udupi", "lgd_code": null }, "geometry": { "type": "Polygon", "coordinates": [ [ [ 74.9848, 13.5195 ], [ 75.0203, 13.5063 ], [ 75.029, 13.5183 ], [ 75.0775, 13.5144 ], [ 75.0786, 13.4947 ], [ 75.1017, 13.4869 ], [ 75.1155, 13.459 ], [ 75.1401, 13.4634 ], [ 75.1559, 13.4528 ], [ 75.1391, 13.4088 ], [ 75.1418, 13.3896 ], [ 75.1247, 13.3808 ], [ 75.1245, 13.3647 ], [ 75.1138, 13.3559 ], [ 75.0867, 13.3614 ], [ 75.0851, 13.3483 ], [ 75.0741, 13.3424 ], [ 75.0916, 13.3196 ], [ 75.032, 13.3189 ], [ 75.0227, 13.3361 ], [ 75.026, 13.3537 ], [ 75.0026, 13.3499 ], [ 74.9929, 13.377 ], [ 74.9534, 13.3846 ], [ 74.9557, 13.4001 ], [ 74.9382, 13.4169 ], [ 74.9331, 13.4387 ], [ 74.9526, 13.458 ], [ 74.9334, 13.4674 ], [ 74.9206, 13.4861 ], [ 74.9439, 13.4799 ], [ 74.9626, 13.4881 ], [ 74.9636, 13.4993 ], [ 74.9353, 13.5091 ], [ 74.9848, 13.5195 ] ] ] } },
{ "type": "Feature", "properties": { "area_id": "KGIS-H-160704", "name_en": "Kundapura", "name_kn": "", "level": "panchayat", "parent_id": "KGIS-T-1607", "district_en": "Udupi", "lgd_code": null }, "geometry": { "type": "Polygon", "coordinates": [ [ [ 74.9697, 13.5888 ], [ 74.9904, 13.5657 ], [ 75.0382, 13.5691 ], [ 75.0542, 13.5506 ], [ 75.0538, 13.5362 ], [ 75.0678, 13.5342 ], [ 75.0611, 13.5202 ], [ 75.0707, 13.5312 ], [ 75.0769, 13.5144 ], [ 75.029, 13.5183 ], [ 75.0203, 13.5063 ], [ 74.9848, 13.5195 ], [ 74.9444, 13.5136 ], [ 74.9356, 13.5068 ], [ 74.9643, 13.4974 ], [ 74.9626, 13.4881 ], [ 74.9439, 13.4799 ], [ 74.8942, 13.5067 ], [ 74.9178, 13.5236 ], [ 74.9119, 13.5447 ], [ 74.9363, 13.5442 ], [ 74.9267, 13.5315 ], [ 74.9305, 13.5206 ], [ 74.9479, 13.5347 ], [ 74.9533, 13.5759 ], [ 74.9697, 13.5888 ] ] ] } },
{ "type": "Feature", "properties": { "area_id": "KGIS-H-170101", "name_en": "Kasaba", "name_kn": "", "level": "panchayat", "parent_id": "KGIS-T-1701", "district_en": "Chikkamagaluru", "lgd_code": null }, "geometry": { "type": "MultiPolygon", "coordinates": [ [ [ [ 75.2763, 13.4843 ], [ 75.2965, 13.4621 ], [ 75.309, 13.462 ], [ 75.309, 13.4633 ], [ 75.3082, 13.4636 ], [ 75.3058, 13.4662 ], [ 75.3061, 13.4668 ], [ 75.3085, 13.4676 ], [ 75.312, 13.466 ], [ 75.3206, 13.4423 ], [ 75.3017, 13.4299 ], [ 75.3094, 13.4139 ], [ 75.3231, 13.4228 ], [ 75.3268, 13.4154 ], [ 75.3112, 13.4093 ], [ 75.3153, 13.3848 ], [ 75.2952, 13.3646 ], [ 75.2773, 13.3612 ], [ 75.2364, 13.3735 ], [ 75.2397, 13.3839 ], [ 75.2297, 13.3861 ], [ 75.2249, 13.4013 ], [ 75.2303, 13.4055 ], [ 75.2217, 13.413 ], [ 75.2353, 13.4205 ], [ 75.2219, 13.4205 ], [ 75.212, 13.4617 ], [ 75.2214, 13.4617 ], [ 75.2338, 13.4769 ], [ 75.2598, 13.4685 ], [ 75.2645, 13.4822 ], [ 75.2763, 13.4843 ] ], [ [ 75.2253, 13.4307 ], [ 75.2248, 13.4296 ], [ 75.2265, 13.4298 ], [ 75.2253, 13.4307 ] ], [ [ 75.3207, 13.4186 ], [ 75.3196, 13.4198 ], [ 75.3192, 13.4195 ], [ 75.3207, 13.4186 ] ], [ [ 75.3087, 13.4643 ], [ 75.308, 13.4641 ], [ 75.3089, 13.4638 ], [ 75.3087, 13.4643 ] ], [ [ 75.3077, 13.4655 ], [ 75.3077, 13.4649 ], [ 75.3081, 13.465 ], [ 75.3077, 13.4655 ] ], [ [ 75.3095, 13.4662 ], [ 75.3092, 13.4665 ], [ 75.3091, 13.4664 ], [ 75.3095, 13.4662 ] ] ], [ [ [ 75.2019, 13.4777 ], [ 75.2133, 13.4817 ], [ 75.2124, 13.4707 ], [ 75.2019, 13.4777 ] ] ] ] } },
{ "type": "Feature", "properties": { "area_id": "KGIS-H-170102", "name_en": "Kigga", "name_kn": "", "level": "panchayat", "parent_id": "KGIS-T-1701", "district_en": "Chikkamagaluru", "lgd_code": null }, "geometry": { "type": "MultiPolygon", "coordinates": [ [ [ [ 75.2003, 13.5095 ], [ 75.2078, 13.5013 ], [ 75.2153, 13.5051 ], [ 75.2131, 13.4933 ], [ 75.2198, 13.5021 ], [ 75.2311, 13.4983 ], [ 75.2312, 13.4718 ], [ 75.212, 13.4617 ], [ 75.2219, 13.4205 ], [ 75.2353, 13.4205 ], [ 75.2217, 13.413 ], [ 75.2303, 13.4055 ], [ 75.2249, 13.4013 ], [ 75.2297, 13.3861 ], [ 75.2397, 13.3839 ], [ 75.2374, 13.3727 ], [ 75.2855, 13.3635 ], [ 75.2876, 13.3454 ], [ 75.2744, 13.3382 ], [ 75.2696, 13.3168 ], [ 75.2564, 13.3088 ], [ 75.2623, 13.2886 ], [ 75.2489, 13.2723 ], [ 75.2128, 13.2728 ], [ 75.1574, 13.243 ], [ 75.1417, 13.285 ], [ 75.1174, 13.2778 ], [ 75.0741, 13.3424 ], [ 75.0851, 13.3483 ], [ 75.0867, 13.3614 ], [ 75.1138, 13.3559 ], [ 75.1277, 13.3712 ], [ 75.1274, 13.3843 ], [ 75.1349, 13.3813 ], [ 75.1418, 13.3896 ], [ 75.1391, 13.4088 ], [ 75.1559, 13.4528 ], [ 75.1416, 13.4586 ], [ 75.1364, 13.4779 ], [ 75.1479, 13.4788 ], [ 75.1709, 13.5066 ], [ 75.1767, 13.4987 ], [ 75.2003, 13.5095 ] ], [ [ 75.2133, 13.4817 ], [ 75.2019, 13.4777 ], [ 75.2124, 13.4707 ], [ 75.2133, 13.4817 ] ] ], [ [ [ 75.2248, 13.4296 ], [ 75.2264, 13.4301 ], [ 75.2261, 13.4294 ], [ 75.2248, 13.4296 ] ] ] ] } },
{ "type": "Feature", "properties": { "area_id": "KGIS-H-170201", "name_en": "Kasaba", "name_kn": "", "level": "panchayat", "parent_id": "KGIS-T-1702", "district_en": "Chikkamagaluru", "lgd_code": null }, "geometry": { "type": "Polygon", "coordinates": [ [ [ 75.4048, 13.6264 ], [ 75.4061, 13.5986 ], [ 75.3942, 13.5601 ], [ 75.4089, 13.5529 ], [ 75.4198, 13.5588 ], [ 75.416, 13.5674 ], [ 75.4343, 13.5485 ], [ 75.4251, 13.5421 ], [ 75.4106, 13.4851 ], [ 75.3921, 13.4852 ], [ 75.3836, 13.4457 ], [ 75.3513, 13.4417 ], [ 75.3469, 13.4351 ], [ 75.3464, 13.4408 ], [ 75.3401, 13.4415 ], [ 75.3388, 13.4451 ], [ 75.3401, 13.4578 ], [ 75.3241, 13.4646 ], [ 75.3302, 13.4786 ], [ 75.3065, 13.5101 ], [ 75.3122, 13.5207 ], [ 75.295, 13.5315 ], [ 75.2797, 13.564 ], [ 75.2987, 13.5728 ], [ 75.2978, 13.5837 ], [ 75.3276, 13.5912 ], [ 75.3439, 13.582 ], [ 75.3536, 13.5932 ], [ 75.3701, 13.5962 ], [ 75.3653, 13.6193 ], [ 75.3744, 13.6262 ], [ 75.3768, 13.6137 ], [ 75.3851, 13.6126 ], [ 75.3931, 13.6295 ], [ 75.4048, 13.6264 ] ], [ [ 75.34, 13.4452 ], [ 75.3398, 13.4431 ], [ 75.3413, 13.4442 ], [ 75.34, 13.4452 ] ] ] } },
{ "type": "Feature", "properties": { "area_id": "KGIS-H-170202", "name_en": "Hariharapura", "name_kn": "", "level": "panchayat", "parent_id": "KGIS-T-1702", "district_en": "Chikkamagaluru", "lgd_code": null }, "geometry": { "type": "MultiPolygon", "coordinates": [ [ [ [ 75.3407, 13.445 ], [ 75.3398, 13.4431 ], [ 75.3394, 13.4448 ], [ 75.3407, 13.445 ] ] ], [ [ [ 75.3084, 13.4645 ], [ 75.3089, 13.4638 ], [ 75.308, 13.4641 ], [ 75.3084, 13.4645 ] ] ], [ [ [ 75.3077, 13.4655 ], [ 75.3081, 13.4649 ], [ 75.3073, 13.4651 ], [ 75.3077, 13.4655 ] ] ], [ [ [ 75.3095, 13.4662 ], [ 75.3098, 13.4668 ], [ 75.31, 13.4665 ], [ 75.3095, 13.4662 ] ] ], [ [ [ 75.2209, 13.6038 ], [ 75.2359, 13.5992 ], [ 75.2447, 13.6054 ], [ 75.2558, 13.5835 ], [ 75.2644, 13.5854 ], [ 75.2784, 13.5641 ], [ 75.2979, 13.5832 ], [ 75.2987, 13.5728 ], [ 75.2809, 13.5653 ], [ 75.2809, 13.5565 ], [ 75.295, 13.5315 ], [ 75.3122, 13.5207 ], [ 75.3065, 13.5101 ], [ 75.3302, 13.4786 ], [ 75.3241, 13.4646 ], [ 75.3401, 13.4578 ], [ 75.342, 13.4544 ], [ 75.3383, 13.4493 ], [ 75.3401, 13.4415 ], [ 75.3549, 13.4232 ], [ 75.3638, 13.4232 ], [ 75.3642, 13.413 ], [ 75.3532, 13.4059 ], [ 75.3413, 13.4103 ], [ 75.3394, 13.4314 ], [ 75.3328, 13.421 ], [ 75.326, 13.4255 ], [ 75.3094, 13.4139 ], [ 75.3017, 13.4299 ], [ 75.3206, 13.4423 ], [ 75.3118, 13.4663 ], [ 75.3085, 13.4676 ], [ 75.3061, 13.4668 ], [ 75.3058, 13.4662 ], [ 75.3082, 13.4636 ], [ 75.309, 13.4633 ], [ 75.309, 13.462 ], [ 75.2965, 13.4621 ], [ 75.2841, 13.4829 ], [ 75.2741, 13.4862 ], [ 75.2554, 13.4693 ], [ 75.2338, 13.4769 ], [ 75.2311, 13.4983 ], [ 75.2198, 13.5021 ], [ 75.2123, 13.4943 ], [ 75.2153, 13.5051 ], [ 75.2078, 13.5013 ], [ 75.2028, 13.5091 ], [ 75.2108, 13.5183 ], [ 75.2034, 13.5187 ], [ 75.2249, 13.529 ], [ 75.2236, 13.5483 ], [ 75.2155, 13.5564 ], [ 75.226, 13.5683 ], [ 75.2119, 13.585 ], [ 75.2209, 13.6038 ] ] ] ] } },
{ "type": "Feature", "properties": { "area_id": "KGIS-H-170203", "name_en": "Megunda", "name_kn": "", "level": "panchayat", "parent_id": "KGIS-T-1702", "district_en": "Chikkamagaluru", "lgd_code": null }, "geometry": { "type": "MultiPolygon", "coordinates": [ [ [ [ 75.3921, 13.4852 ], [ 75.4096, 13.4802 ], [ 75.4004, 13.4309 ], [ 75.4141, 13.4353 ], [ 75.423, 13.4215 ], [ 75.4367, 13.423 ], [ 75.4382, 13.4087 ], [ 75.4568, 13.4148 ], [ 75.4656, 13.41 ], [ 75.4655, 13.3978 ], [ 75.4501, 13.3838 ], [ 75.4381, 13.3838 ], [ 75.4312, 13.3712 ], [ 75.4434, 13.3462 ], [ 75.4375, 13.3378 ], [ 75.4429, 13.3155 ], [ 75.4285, 13.3189 ], [ 75.4248, 13.3122 ], [ 75.4129, 13.3246 ], [ 75.3926, 13.3221 ], [ 75.3974, 13.3027 ], [ 75.3785, 13.2992 ], [ 75.3714, 13.2896 ], [ 75.3618, 13.288 ], [ 75.3512, 13.2976 ], [ 75.3324, 13.2873 ], [ 75.3085, 13.2992 ], [ 75.3172, 13.307 ], [ 75.3139, 13.3284 ], [ 75.2841, 13.294 ], [ 75.2623, 13.2886 ], [ 75.2564, 13.3088 ], [ 75.2696, 13.3168 ], [ 75.2744, 13.3382 ], [ 75.2876, 13.3454 ], [ 75.2855, 13.3635 ], [ 75.3153, 13.3848 ], [ 75.3112, 13.4093 ], [ 75.3394, 13.4314 ], [ 75.3413, 13.4103 ], [ 75.3532, 13.4059 ], [ 75.3642, 13.413 ], [ 75.3648, 13.422 ], [ 75.3469, 13.4351 ], [ 75.3513, 13.4417 ], [ 75.3836, 13.4457 ], [ 75.3921, 13.4852 ] ] ], [ [ [ 75.3192, 13.4195 ], [ 75.321, 13.4196 ], [ 75.3207, 13.4186 ], [ 75.3192, 13.4195 ] ] ] ] } },
{ "type": "Feature", "properties": { "area_id": "KGIS-H-170301", "name_en": "Kasaba", "name_kn": "", "level": "panchayat", "parent_id": "KGIS-T-1703", "district_en": "Chikkamagaluru", "lgd_code": null }, "geometry": { "type": "Polygon", "coordinates": [ [ [ 75.489, 13.7685 ], [ 75.4986, 13.7568 ], [ 75.5081, 13.7646 ], [ 75.5105, 13.7553 ], [ 75.5217, 13.7519 ], [ 75.5283, 13.7312 ], [ 75.5419, 13.7246 ], [ 75.57, 13.7346 ], [ 75.5679, 13.7536 ], [ 75.5865, 13.7594 ], [ 75.6078, 13.7607 ], [ 75.6094, 13.746 ], [ 75.6268, 13.7341 ], [ 75.6172, 13.7224 ], [ 75.6204, 13.7123 ], [ 75.6125, 13.7087 ], [ 75.6283, 13.6878 ], [ 75.6058, 13.6847 ], [ 75.611, 13.6711 ], [ 75.606, 13.6591 ], [ 75.5875, 13.6449 ], [ 75.6041, 13.6205 ], [ 75.6031, 13.5827 ], [ 75.6258, 13.5802 ], [ 75.7016, 13.5985 ], [ 75.7375, 13.6257 ], [ 75.7456, 13.6095 ], [ 75.7398, 13.5946 ], [ 75.7167, 13.5928 ], [ 75.6975, 13.5776 ], [ 75.6727, 13.574 ], [ 75.6755, 13.5629 ], [ 75.604, 13.5446 ], [ 75.5794, 13.5152 ], [ 75.5903, 13.512 ], [ 75.5873, 13.5021 ], [ 75.569, 13.5106 ], [ 75.5591, 13.5058 ], [ 75.5494, 13.5184 ], [ 75.5282, 13.4902 ], [ 75.5145, 13.5036 ], [ 75.5139, 13.5234 ], [ 75.5306, 13.532 ], [ 75.5124, 13.5405 ], [ 75.5087, 13.568 ], [ 75.515, 13.5738 ], [ 75.489, 13.5809 ], [ 75.4837, 13.5922 ], [ 75.4897, 13.6182 ], [ 75.4743, 13.6119 ], [ 75.4801, 13.5999 ], [ 75.4587, 13.5926 ], [ 75.4473, 13.6062 ], [ 75.4507, 13.649 ], [ 75.4431, 13.6733 ], [ 75.4365, 13.6797 ], [ 75.4028, 13.6808 ], [ 75.3938, 13.7006 ], [ 75.3803, 13.7043 ], [ 75.3845, 13.711 ], [ 75.416, 13.7054 ], [ 75.4557, 13.7234 ], [ 75.4607, 13.7401 ], [ 75.4896, 13.7605 ], [ 75.489, 13.7685 ] ] ] } },
{ "type": "Feature", "properties": { "area_id": "KGIS-H-170302", "name_en": "Balehonnuru", "name_kn": "", "level": "panchayat", "parent_id": "KGIS-T-1703", "district_en": "Chikkamagaluru", "lgd_code": null }, "geometry": { "type": "Polygon", "coordinates": [ [ [ 75.4028, 13.6808 ], [ 75.4365, 13.6797 ], [ 75.4465, 13.6662 ], [ 75.4473, 13.6062 ], [ 75.4616, 13.5908 ], [ 75.4801, 13.5999 ], [ 75.4743, 13.6119 ], [ 75.4897, 13.6182 ], [ 75.4837, 13.5922 ], [ 75.489, 13.5809 ], [ 75.515, 13.5738 ], [ 75.5087, 13.568 ], [ 75.5124, 13.5405 ], [ 75.5306, 13.532 ], [ 75.5139, 13.5234 ], [ 75.5145, 13.5036 ], [ 75.5288, 13.4899 ], [ 75.5312, 13.4698 ], [ 75.5233, 13.4532 ], [ 75.5113, 13.4491 ], [ 75.5109, 13.4369 ], [ 75.4993, 13.4334 ], [ 75.5039, 13.4264 ], [ 75.4977, 13.4215 ], [ 75.5116, 13.4132 ], [ 75.5209, 13.3848 ], [ 75.5153, 13.3759 ], [ 75.4938, 13.3809 ], [ 75.4876, 13.3623 ], [ 75.4963, 13.3539 ], [ 75.4706, 13.351 ], [ 75.483, 13.3441 ], [ 75.4873, 13.3509 ], [ 75.4991, 13.3492 ], [ 75.5025, 13.3294 ], [ 75.4909, 13.3113 ], [ 75.4939, 13.2732 ], [ 75.4733, 13.2745 ], [ 75.4722, 13.258 ], [ 75.4604, 13.2548 ], [ 75.4551, 13.2903 ], [ 75.4248, 13.3121 ], [ 75.4285, 13.3189 ], [ 75.4429, 13.3155 ], [ 75.4375, 13.3378 ], [ 75.4434, 13.3462 ], [ 75.4312, 13.3712 ], [ 75.4381, 13.3838 ], [ 75.4501, 13.3838 ], [ 75.4655, 13.3978 ], [ 75.4656, 13.41 ], [ 75.4568, 13.4148 ], [ 75.4382, 13.4087 ], [ 75.4367, 13.423 ], [ 75.423, 13.4215 ], [ 75.4141, 13.4353 ], [ 75.4004, 13.4309 ], [ 75.4127, 13.4994 ], [ 75.4251, 13.5421 ], [ 75.4344, 13.5495 ], [ 75.416, 13.5674 ], [ 75.4198, 13.5588 ], [ 75.4089, 13.5529 ], [ 75.3942, 13.5601 ], [ 75.414, 13.6531 ], [ 75.4057, 13.6589 ], [ 75.4028, 13.6808 ] ] ] } },
{ "type": "Feature", "properties": { "area_id": "KGIS-H-170401", "name_en": "Kasaba", "name_kn": "", "level": "panchayat", "parent_id": "KGIS-T-1704", "district_en": "Chikkamagaluru", "lgd_code": null }, "geometry": { "type": "Polygon", "coordinates": [ [ [ 75.7897, 13.7958 ], [ 75.7786, 13.7569 ], [ 75.7895, 13.7487 ], [ 75.7915, 13.7308 ], [ 75.8205, 13.7253 ], [ 75.8378, 13.7343 ], [ 75.8552, 13.7112 ], [ 75.8679, 13.7129 ], [ 75.8899, 13.6974 ], [ 75.8805, 13.6636 ], [ 75.8473, 13.6832 ], [ 75.843, 13.6605 ], [ 75.8227, 13.6551 ], [ 75.8138, 13.668 ], [ 75.7701, 13.6692 ], [ 75.7566, 13.6822 ], [ 75.7409, 13.677 ], [ 75.7279, 13.6943 ], [ 75.7401, 13.7218 ], [ 75.7242, 13.736 ], [ 75.7321, 13.7689 ], [ 75.7648, 13.7823 ], [ 75.7638, 13.7964 ], [ 75.778, 13.7909 ], [ 75.7897, 13.7958 ] ] ] } },
{ "type": "Feature", "properties": { "area_id": "KGIS-H-170402", "name_en": "Lakkavalli", "name_kn": "", "level": "panchayat", "parent_id": "KGIS-T-1704", "district_en": "Chikkamagaluru", "lgd_code": null }, "geometry": { "type": "Polygon", "coordinates": [ [ [ 75.7321, 13.7689 ], [ 75.7237, 13.7411 ], [ 75.7401, 13.7218 ], [ 75.7279, 13.6943 ], [ 75.7415, 13.6763 ], [ 75.7338, 13.6578 ], [ 75.7375, 13.6257 ], [ 75.7016, 13.5985 ], [ 75.6258, 13.5802 ], [ 75.6031, 13.5827 ], [ 75.6041, 13.6205 ], [ 75.5875, 13.6449 ], [ 75.606, 13.6591 ], [ 75.611, 13.6711 ], [ 75.6058, 13.6847 ], [ 75.6283, 13.6878 ], [ 75.6126, 13.7103 ], [ 75.6371, 13.7021 ], [ 75.6515, 13.7182 ], [ 75.674, 13.722 ], [ 75.6559, 13.7462 ], [ 75.6702, 13.7655 ], [ 75.6755, 13.7519 ], [ 75.6847, 13.7492 ], [ 75.6865, 13.7673 ], [ 75.7321, 13.7689 ] ] ] } },
{ "type": "Feature", "properties": { "area_id": "KGIS-H-170403", "name_en": "Lingadahalli", "name_kn": "", "level": "panchayat", "parent_id": "KGIS-T-1704", "district_en": "Chikkamagaluru", "lgd_code": null }, "geometry": { "type": "Polygon", "coordinates": [ [ [ 75.8473, 13.6832 ], [ 75.8817, 13.665 ], [ 75.8853, 13.6242 ], [ 75.868, 13.6168 ], [ 75.8761, 13.6048 ], [ 75.8615, 13.5785 ], [ 75.8672, 13.5494 ], [ 75.8584, 13.5491 ], [ 75.8582, 13.5305 ], [ 75.8383, 13.5229 ], [ 75.8375, 13.514 ], [ 75.8135, 13.5053 ], [ 75.7719, 13.5169 ], [ 75.7223, 13.567 ], [ 75.6755, 13.5629 ], [ 75.6727, 13.574 ], [ 75.6975, 13.5776 ], [ 75.7167, 13.5928 ], [ 75.7398, 13.5946 ], [ 75.7456, 13.6095 ], [ 75.7338, 13.6578 ], [ 75.741, 13.677 ], [ 75.7566, 13.6822 ], [ 75.7701, 13.6692 ], [ 75.8138, 13.668 ], [ 75.8227, 13.6551 ], [ 75.843, 13.6605 ], [ 75.8473, 13.6832 ] ] ] } },
{ "type": "Feature", "properties": { "area_id": "KGIS-H-170404", "name_en": "Amrutapura", "name_kn": "", "level": "panchayat", "parent_id": "KGIS-T-1704", "district_en": "Chikkamagaluru", "lgd_code": null }, "geometry": { "type": "Polygon", "coordinates": [ [ [ 75.8247, 13.8171 ], [ 75.8933, 13.807 ], [ 75.9021, 13.8126 ], [ 75.9179, 13.7913 ], [ 75.9378, 13.7891 ], [ 75.9632, 13.7681 ], [ 75.9567, 13.7572 ], [ 75.931, 13.7609 ], [ 75.9251, 13.7359 ], [ 75.9434, 13.7398 ], [ 75.9512, 13.7283 ], [ 75.9484, 13.7177 ], [ 75.923, 13.7282 ], [ 75.9212, 13.6891 ], [ 75.9312, 13.6686 ], [ 75.9384, 13.667 ], [ 75.9473, 13.6813 ], [ 75.9623, 13.6644 ], [ 75.9588, 13.6513 ], [ 75.9207, 13.6412 ], [ 75.9178, 13.6098 ], [ 75.8853, 13.6242 ], [ 75.8817, 13.665 ], [ 75.8899, 13.6974 ], [ 75.8679, 13.7129 ], [ 75.8552, 13.7112 ], [ 75.8378, 13.7343 ], [ 75.8205, 13.7253 ], [ 75.7916, 13.7307 ], [ 75.7895, 13.7487 ], [ 75.7786, 13.7569 ], [ 75.7901, 13.7954 ], [ 75.8044, 13.7947 ], [ 75.8247, 13.8171 ] ] ] } },
{ "type": "Feature", "properties": { "area_id": "KGIS-H-170501", "name_en": "Kasaba", "name_kn": "", "level": "panchayat", "parent_id": "KGIS-T-1705", "district_en": "Chikkamagaluru", "lgd_code": null }, "geometry": { "type": "Polygon", "coordinates": [ [ [ 76.053, 13.6178 ], [ 76.0978, 13.606 ], [ 76.0981, 13.5804 ], [ 76.0733, 13.5648 ], [ 76.0665, 13.5441 ], [ 76.0792, 13.5372 ], [ 76.0795, 13.5234 ], [ 76.1024, 13.5158 ], [ 76.1012, 13.5001 ], [ 76.1166, 13.4999 ], [ 76.1119, 13.4665 ], [ 76.0897, 13.4567 ], [ 76.033, 13.4702 ], [ 76.0188, 13.446 ], [ 75.9855, 13.4363 ], [ 75.9831, 13.4573 ], [ 75.96, 13.4872 ], [ 75.9481, 13.4918 ], [ 75.9436, 13.5062 ], [ 75.9533, 13.5241 ], [ 75.969, 13.5234 ], [ 75.9863, 13.5371 ], [ 75.9881, 13.5541 ], [ 75.9691, 13.5633 ], [ 75.9872, 13.5584 ], [ 76.0071, 13.564 ], [ 76.0086, 13.5847 ], [ 76.0366, 13.5861 ], [ 76.0322, 13.6149 ], [ 76.053, 13.6178 ] ], [ [ 76.0571, 13.5856 ], [ 76.0691, 13.5818 ], [ 76.072, 13.5893 ], [ 76.0566, 13.5962 ], [ 76.0571, 13.5856 ] ] ] } },
{ "type": "Feature", "properties": { "area_id": "KGIS-H-170502", "name_en": "Beeruru", "name_kn": "", "level": "panchayat", "parent_id": "KGIS-T-1705", "district_en": "Chikkamagaluru", "lgd_code": null }, "geometry": { "type": "Polygon", "coordinates": [ [ [ 75.9744, 13.6487 ], [ 76.0233, 13.6389 ], [ 76.0269, 13.6111 ], [ 76.0102, 13.6103 ], [ 76.0071, 13.564 ], [ 75.9872, 13.5584 ], [ 75.9749, 13.564 ], [ 75.9691, 13.5633 ], [ 75.9881, 13.5541 ], [ 75.9863, 13.5371 ], [ 75.969, 13.5234 ], [ 75.9532, 13.524 ], [ 75.9436, 13.5062 ], [ 75.947, 13.4834 ], [ 75.9323, 13.47 ], [ 75.9337, 13.4625 ], [ 75.9121, 13.472 ], [ 75.8603, 13.4684 ], [ 75.8431, 13.4771 ], [ 75.8298, 13.5103 ], [ 75.8383, 13.5229 ], [ 75.8582, 13.5305 ], [ 75.8584, 13.5491 ], [ 75.8672, 13.5494 ], [ 75.8615, 13.5785 ], [ 75.8761, 13.6048 ], [ 75.868, 13.6168 ], [ 75.8853, 13.6242 ], [ 75.9178, 13.6098 ], [ 75.9207, 13.6412 ], [ 75.9569, 13.6384 ], [ 75.9744, 13.6487 ] ] ] } },
{ "type": "Feature", "properties": { "area_id": "KGIS-H-170503", "name_en": "Yagati", "name_kn": "", "level": "panchayat", "parent_id": "KGIS-T-1705", "district_en": "Chikkamagaluru", "lgd_code": null }, "geometry": { "type": "Polygon", "coordinates": [ [ [ 76.2213, 13.6826 ], [ 76.2313, 13.6813 ], [ 76.2632, 13.649 ], [ 76.287, 13.6474 ], [ 76.2753, 13.6217 ], [ 76.2754, 13.586 ], [ 76.2626, 13.5744 ], [ 76.257, 13.553 ], [ 76.2192, 13.5564 ], [ 76.1915, 13.5448 ], [ 76.1778, 13.548 ], [ 76.1588, 13.5397 ], [ 76.1573, 13.5097 ], [ 76.1385, 13.5083 ], [ 76.151, 13.5417 ], [ 76.1295, 13.556 ], [ 76.1347, 13.5453 ], [ 76.1253, 13.5446 ], [ 76.1081, 13.5224 ], [ 76.1149, 13.5022 ], [ 76.1012, 13.5001 ], [ 76.1024, 13.5158 ], [ 76.0795, 13.5234 ], [ 76.0792, 13.5372 ], [ 76.0665, 13.5441 ], [ 76.0733, 13.5648 ], [ 76.0981, 13.5804 ], [ 76.0903, 13.6241 ], [ 76.103, 13.6258 ], [ 76.1077, 13.6487 ], [ 76.1389, 13.6509 ], [ 76.1533, 13.6638 ], [ 76.1707, 13.6457 ], [ 76.1745, 13.626 ], [ 76.1809, 13.628 ], [ 76.1831, 13.6498 ], [ 76.2174, 13.6684 ], [ 76.2213, 13.6826 ] ] ] } },
{ "type": "Feature", "properties": { "area_id": "KGIS-H-170504", "name_en": "Hirenalluru", "name_kn": "", "level": "panchayat", "parent_id": "KGIS-T-1705", "district_en": "Chikkamagaluru", "lgd_code": null }, "geometry": { "type": "MultiPolygon", "coordinates": [ [ [ [ 76.0691, 13.5818 ], [ 76.0549, 13.5862 ], [ 76.0566, 13.5962 ], [ 76.072, 13.5893 ], [ 76.0691, 13.5818 ] ] ], [ [ [ 76.0196, 13.7023 ], [ 76.0312, 13.701 ], [ 76.0313, 13.6885 ], [ 76.0537, 13.6757 ], [ 76.0603, 13.6758 ], [ 76.0612, 13.6853 ], [ 76.0917, 13.6858 ], [ 76.09, 13.676 ], [ 76.103, 13.6744 ], [ 76.1091, 13.6488 ], [ 76.103, 13.6258 ], [ 76.0903, 13.6241 ], [ 76.0895, 13.6092 ], [ 76.0512, 13.6184 ], [ 76.0322, 13.6149 ], [ 76.0366, 13.5863 ], [ 76.0299, 13.5827 ], [ 76.0086, 13.5847 ], [ 76.0076, 13.5922 ], [ 76.0102, 13.6103 ], [ 76.0269, 13.6111 ], [ 76.0233, 13.6389 ], [ 75.9926, 13.6544 ], [ 76.0098, 13.6853 ], [ 76.0225, 13.685 ], [ 76.0196, 13.7023 ] ] ] ] } },
{ "type": "Feature", "properties": { "area_id": "KGIS-H-170505", "name_en": "Singatagere", "name_kn": "", "level": "panchayat", "parent_id": "KGIS-T-1705", "district_en": "Chikkamagaluru", "lgd_code": null }, "geometry": { "type": "Polygon", "coordinates": [ [ [ 76.2293, 13.5557 ], [ 76.2531, 13.5529 ], [ 76.2414, 13.5328 ], [ 76.2612, 13.5231 ], [ 76.261, 13.5116 ], [ 76.2336, 13.507 ], [ 76.2381, 13.4954 ], [ 76.2295, 13.4847 ], [ 76.2321, 13.4689 ], [ 76.1981, 13.4693 ], [ 76.1972, 13.4505 ], [ 76.1871, 13.4524 ], [ 76.194, 13.4688 ], [ 76.1891, 13.4697 ], [ 76.162, 13.4696 ], [ 76.1388, 13.4423 ], [ 76.1099, 13.4519 ], [ 76.1053, 13.4625 ], [ 76.1178, 13.4945 ], [ 76.1081, 13.5224 ], [ 76.1253, 13.5446 ], [ 76.1347, 13.5453 ], [ 76.1295, 13.556 ], [ 76.151, 13.5417 ], [ 76.1385, 13.5083 ], [ 76.1573, 13.5097 ], [ 76.1588, 13.5397 ], [ 76.2293, 13.5557 ] ] ] } },
{ "type": "Feature", "properties": { "area_id": "KGIS-H-170506", "name_en": "Sakharayapattana", "name_kn": "", "level": "panchayat", "parent_id": "KGIS-T-1705", "district_en": "Chikkamagaluru", "lgd_code": null }, "geometry": { "type": "MultiPolygon", "coordinates": [ [ [ [ 75.9515, 13.4883 ], [ 75.96, 13.4872 ], [ 75.9831, 13.4573 ], [ 75.9855, 13.4363 ], [ 76.0188, 13.446 ], [ 76.033, 13.4702 ], [ 76.0889, 13.4568 ], [ 76.1053, 13.4625 ], [ 76.1179, 13.4445 ], [ 76.1234, 13.452 ], [ 76.1362, 13.4441 ], [ 76.1406, 13.4081 ], [ 76.0891, 13.3924 ], [ 76.0891, 13.3717 ], [ 76.0561, 13.3816 ], [ 76.0417, 13.3743 ], [ 76.0247, 13.3183 ], [ 75.9972, 13.3196 ], [ 75.9863, 13.3491 ], [ 75.9659, 13.3427 ], [ 75.9561, 13.3479 ], [ 75.9478, 13.377 ], [ 75.9249, 13.3713 ], [ 75.9193, 13.3977 ], [ 75.9077, 13.4031 ], [ 75.9109, 13.4275 ], [ 75.8981, 13.4341 ], [ 75.9089, 13.4203 ], [ 75.9039, 13.4173 ], [ 75.9049, 13.4238 ], [ 75.8847, 13.4369 ], [ 75.8876, 13.4496 ], [ 75.8763, 13.4481 ], [ 75.8903, 13.472 ], [ 75.9295, 13.4691 ], [ 75.9337, 13.4625 ], [ 75.9323, 13.47 ], [ 75.9515, 13.4883 ] ] ], [ [ [ 75.9064, 13.4176 ], [ 75.9069, 13.4165 ], [ 75.9062, 13.4166 ], [ 75.9064, 13.4176 ] ] ] ] } },
{ "type": "Feature", "properties": { "area_id": "KGIS-H-170508", "name_en": "Panchanahalli", "name_kn": "", "level": "panchayat", "parent_id": "KGIS-T-1705", "district_en": "Chikkamagaluru", "lgd_code": null }, "geometry": { "type": "Polygon", "coordinates": [ [ [ 76.2797, 13.6062 ], [ 76.2924, 13.5904 ], [ 76.3332, 13.5957 ], [ 76.342, 13.5762 ], [ 76.3528, 13.5797 ], [ 76.3665, 13.5485 ], [ 76.3625, 13.5304 ], [ 76.3491, 13.5254 ], [ 76.3451, 13.5137 ], [ 76.3176, 13.5392 ], [ 76.312, 13.5254 ], [ 76.2937, 13.5272 ], [ 76.2925, 13.5047 ], [ 76.2623, 13.5053 ], [ 76.2612, 13.5231 ], [ 76.2414, 13.5328 ], [ 76.2746, 13.5838 ], [ 76.2797, 13.6062 ] ] ] } },
{ "type": "Feature", "properties": { "area_id": "KGIS-H-170601", "name_en": "Kasaba", "name_kn": "", "level": "panchayat", "parent_id": "KGIS-T-1706", "district_en": "Chikkamagaluru", "lgd_code": null }, "geometry": { "type": "Polygon", "coordinates": [ [ [ 75.8103, 13.4379 ], [ 75.8243, 13.4357 ], [ 75.8418, 13.451 ], [ 75.8253, 13.4349 ], [ 75.8294, 13.4207 ], [ 75.8158, 13.4034 ], [ 75.7955, 13.3974 ], [ 75.7901, 13.3804 ], [ 75.7996, 13.3716 ], [ 75.7948, 13.3543 ], [ 75.8457, 13.3254 ], [ 75.8501, 13.3108 ], [ 75.8271, 13.3049 ], [ 75.8305, 13.2892 ], [ 75.7819, 13.2937 ], [ 75.7789, 13.2822 ], [ 75.7517, 13.2782 ], [ 75.7466, 13.2668 ], [ 75.7322, 13.2619 ], [ 75.7212, 13.2872 ], [ 75.7185, 13.3024 ], [ 75.7261, 13.3068 ], [ 75.7172, 13.338 ], [ 75.6921, 13.3545 ], [ 75.6959, 13.3824 ], [ 75.7017, 13.3931 ], [ 75.7156, 13.3923 ], [ 75.7241, 13.4022 ], [ 75.7314, 13.3969 ], [ 75.7933, 13.4384 ], [ 75.8026, 13.4364 ], [ 75.8011, 13.4504 ], [ 75.8091, 13.4537 ], [ 75.8103, 13.4379 ] ], [ [ 75.8038, 13.4366 ], [ 75.803, 13.4363 ], [ 75.8018, 13.436 ], [ 75.8038, 13.4366 ] ] ] } },
{ "type": "Feature", "properties": { "area_id": "KGIS-H-170602", "name_en": "Ambale", "name_kn": "", "level": "panchayat", "parent_id": "KGIS-T-1706", "district_en": "Chikkamagaluru", "lgd_code": null }, "geometry": { "type": "Polygon", "coordinates": [ [ [ 75.8633, 13.3156 ], [ 75.8986, 13.3025 ], [ 75.9065, 13.2781 ], [ 75.8933, 13.2637 ], [ 75.8774, 13.2607 ], [ 75.8662, 13.2426 ], [ 75.8609, 13.2408 ], [ 75.8569, 13.2584 ], [ 75.8403, 13.2513 ], [ 75.8134, 13.2609 ], [ 75.8074, 13.2589 ], [ 75.813, 13.2307 ], [ 75.8056, 13.2156 ], [ 75.7792, 13.21 ], [ 75.7585, 13.2182 ], [ 75.7486, 13.2053 ], [ 75.7284, 13.2188 ], [ 75.7322, 13.2619 ], [ 75.7466, 13.2668 ], [ 75.7517, 13.2782 ], [ 75.7789, 13.2822 ], [ 75.7819, 13.2937 ], [ 75.8305, 13.2892 ], [ 75.8271, 13.3049 ], [ 75.8633, 13.3156 ] ] ] } },
{ "type": "Feature", "properties": { "area_id": "KGIS-H-170603", "name_en": "Vastare", "name_kn": "", "level": "panchayat", "parent_id": "KGIS-T-1706", "district_en": "Chikkamagaluru", "lgd_code": null }, "geometry": { "type": "Polygon", "coordinates": [ [ [ 75.6904, 13.3948 ], [ 75.7032, 13.3906 ], [ 75.6921, 13.3545 ], [ 75.7086, 13.3461 ], [ 75.7215, 13.3268 ], [ 75.7212, 13.2872 ], [ 75.7361, 13.2521 ], [ 75.7264, 13.2373 ], [ 75.7284, 13.2188 ], [ 75.7433, 13.2075 ], [ 75.7255, 13.182 ], [ 75.7011, 13.1964 ], [ 75.7013, 13.2175 ], [ 75.6908, 13.2198 ], [ 75.6984, 13.2269 ], [ 75.7065, 13.2215 ], [ 75.6992, 13.241 ], [ 75.6846, 13.2341 ], [ 75.675, 13.2384 ], [ 75.6755, 13.2494 ], [ 75.683, 13.25 ], [ 75.6778, 13.264 ], [ 75.6696, 13.2621 ], [ 75.6409, 13.2853 ], [ 75.6216, 13.2806 ], [ 75.6537, 13.3101 ], [ 75.663, 13.3597 ], [ 75.6775, 13.3607 ], [ 75.6764, 13.3744 ], [ 75.6904, 13.3948 ] ] ] } },
{ "type": "Feature", "properties": { "area_id": "KGIS-H-170604", "name_en": "Avati", "name_kn": "", "level": "panchayat", "parent_id": "KGIS-T-1706", "district_en": "Chikkamagaluru", "lgd_code": null }, "geometry": { "type": "Polygon", "coordinates": [ [ [ 75.657, 13.4154 ], [ 75.6903, 13.3903 ], [ 75.6764, 13.3744 ], [ 75.6803, 13.3642 ], [ 75.663, 13.3597 ], [ 75.6537, 13.3101 ], [ 75.6286, 13.291 ], [ 75.6173, 13.2694 ], [ 75.6036, 13.2639 ], [ 75.5898, 13.281 ], [ 75.5756, 13.2753 ], [ 75.5614, 13.2847 ], [ 75.5588, 13.3306 ], [ 75.5681, 13.3501 ], [ 75.5962, 13.3686 ], [ 75.5995, 13.3833 ], [ 75.6107, 13.3799 ], [ 75.6256, 13.3872 ], [ 75.657, 13.4154 ] ] ] } },
{ "type": "Feature", "properties": { "area_id": "KGIS-H-170605", "name_en": "Jagara", "name_kn": "", "level": "panchayat", "parent_id": "KGIS-T-1706", "district_en": "Chikkamagaluru", "lgd_code": null }, "geometry": { "type": "MultiPolygon", "coordinates": [ [ [ [ 75.8035, 13.4368 ], [ 75.802, 13.4357 ], [ 75.8018, 13.436 ], [ 75.8035, 13.4368 ] ] ], [ [ [ 75.6608, 13.5637 ], [ 75.7274, 13.5649 ], [ 75.7719, 13.5169 ], [ 75.8101, 13.5058 ], [ 75.8089, 13.4869 ], [ 75.8281, 13.4812 ], [ 75.833, 13.4674 ], [ 75.8011, 13.4504 ], [ 75.8026, 13.4364 ], [ 75.7933, 13.4384 ], [ 75.7314, 13.3969 ], [ 75.7241, 13.4022 ], [ 75.7134, 13.3914 ], [ 75.6916, 13.3957 ], [ 75.6903, 13.3904 ], [ 75.6669, 13.4016 ], [ 75.657, 13.4154 ], [ 75.6305, 13.3902 ], [ 75.6025, 13.3821 ], [ 75.579, 13.4412 ], [ 75.5573, 13.4554 ], [ 75.5672, 13.4647 ], [ 75.5454, 13.48 ], [ 75.5273, 13.4782 ], [ 75.5288, 13.4899 ], [ 75.5494, 13.5184 ], [ 75.5591, 13.5058 ], [ 75.569, 13.5106 ], [ 75.5873, 13.5021 ], [ 75.5903, 13.512 ], [ 75.5794, 13.5152 ], [ 75.6098, 13.5478 ], [ 75.6608, 13.5637 ] ] ] ] } },
{ "type": "Feature", "properties": { "area_id": "KGIS-H-170606", "name_en": "Alduru", "name_kn": "", "level": "panchayat", "parent_id": "KGIS-T-1706", "district_en": "Chikkamagaluru", "lgd_code": null }, "geometry": { "type": "Polygon", "coordinates": [ [ [ 75.6357, 13.2851 ], [ 75.6696, 13.2621 ], [ 75.6778, 13.264 ], [ 75.683, 13.25 ], [ 75.6755, 13.2494 ], [ 75.675, 13.2384 ], [ 75.6859, 13.2343 ], [ 75.6957, 13.2428 ], [ 75.7071, 13.2259 ], [ 75.6908, 13.2198 ], [ 75.7015, 13.2165 ], [ 75.7011, 13.1964 ], [ 75.6903, 13.1902 ], [ 75.6937, 13.1798 ], [ 75.6692, 13.1684 ], [ 75.6554, 13.1737 ], [ 75.6413, 13.1643 ], [ 75.6246, 13.18 ], [ 75.6237, 13.202 ], [ 75.6064, 13.2022 ], [ 75.6003, 13.2129 ], [ 75.6043, 13.2262 ], [ 75.5729, 13.2618 ], [ 75.5756, 13.2753 ], [ 75.5898, 13.281 ], [ 75.6036, 13.2639 ], [ 75.6357, 13.2851 ] ] ] } },
{ "type": "Feature", "properties": { "area_id": "KGIS-H-170607", "name_en": "Khandya", "name_kn": "", "level": "panchayat", "parent_id": "KGIS-T-1706", "district_en": "Chikkamagaluru", "lgd_code": null }, "geometry": { "type": "Polygon", "coordinates": [ [ [ 75.5591, 13.457 ], [ 75.579, 13.4412 ], [ 75.5944, 13.4144 ], [ 75.6004, 13.3839 ], [ 75.5962, 13.3686 ], [ 75.5681, 13.3501 ], [ 75.5588, 13.3306 ], [ 75.5585, 13.2906 ], [ 75.5756, 13.2753 ], [ 75.5759, 13.2494 ], [ 75.5448, 13.2334 ], [ 75.5387, 13.2174 ], [ 75.5179, 13.2231 ], [ 75.5251, 13.2518 ], [ 75.4901, 13.2757 ], [ 75.4914, 13.3171 ], [ 75.5027, 13.3303 ], [ 75.4991, 13.3492 ], [ 75.4873, 13.3509 ], [ 75.483, 13.3441 ], [ 75.4706, 13.351 ], [ 75.4963, 13.3539 ], [ 75.4876, 13.3623 ], [ 75.4938, 13.3809 ], [ 75.5187, 13.3786 ], [ 75.5182, 13.4017 ], [ 75.4977, 13.4215 ], [ 75.5125, 13.4509 ], [ 75.5237, 13.4537 ], [ 75.5317, 13.4716 ], [ 75.5273, 13.4782 ], [ 75.5454, 13.48 ], [ 75.5672, 13.4647 ], [ 75.5591, 13.457 ] ] ] } },
{ "type": "Feature", "properties": { "area_id": "KGIS-H-170608", "name_en": "Lakya", "name_kn": "", "level": "panchayat", "parent_id": "KGIS-T-1706", "district_en": "Chikkamagaluru", "lgd_code": null }, "geometry": { "type": "Polygon", "coordinates": [ [ [ 75.8298, 13.5103 ], [ 75.8431, 13.4771 ], [ 75.8603, 13.4684 ], [ 75.8893, 13.4736 ], [ 75.8903, 13.4643 ], [ 75.8763, 13.4481 ], [ 75.8876, 13.4496 ], [ 75.8847, 13.4369 ], [ 75.9049, 13.4238 ], [ 75.9039, 13.4173 ], [ 75.9089, 13.4203 ], [ 75.8981, 13.4341 ], [ 75.9109, 13.4275 ], [ 75.9077, 13.4031 ], [ 75.9193, 13.3977 ], [ 75.9249, 13.3713 ], [ 75.9478, 13.377 ], [ 75.9561, 13.3479 ], [ 75.9659, 13.3427 ], [ 75.9863, 13.3491 ], [ 75.9972, 13.3196 ], [ 76.0201, 13.3156 ], [ 76.0313, 13.338 ], [ 76.0345, 13.3374 ], [ 76.0332, 13.3017 ], [ 76.0432, 13.2751 ], [ 76.0367, 13.2495 ], [ 76.0179, 13.25 ], [ 76.0148, 13.2616 ], [ 75.9901, 13.2599 ], [ 75.9845, 13.2666 ], [ 75.9374, 13.2562 ], [ 75.9048, 13.2579 ], [ 75.9002, 13.2661 ], [ 75.8933, 13.2637 ], [ 75.9065, 13.2781 ], [ 75.8986, 13.3025 ], [ 75.882, 13.3027 ], [ 75.8697, 13.3147 ], [ 75.8501, 13.3108 ], [ 75.8457, 13.3254 ], [ 75.7948, 13.3543 ], [ 75.7996, 13.3716 ], [ 75.7901, 13.3804 ], [ 75.7955, 13.3974 ], [ 75.8158, 13.4034 ], [ 75.8294, 13.4207 ], [ 75.8253, 13.4349 ], [ 75.8292, 13.4363 ], [ 75.8419, 13.4481 ], [ 75.8243, 13.4357 ], [ 75.8103, 13.4379 ], [ 75.8068, 13.4551 ], [ 75.833, 13.4674 ], [ 75.8281, 13.4812 ], [ 75.8089, 13.4869 ], [ 75.8101, 13.5058 ], [ 75.8298, 13.5103 ] ], [ [ 75.9064, 13.4176 ], [ 75.9072, 13.4168 ], [ 75.9081, 13.4174 ], [ 75.9064, 13.4176 ] ] ] } },
{ "type": "Feature", "properties": { "area_id": "KGIS-H-170701", "name_en": "Kasaba", "name_kn": "", "level": "panchayat", "parent_id": "KGIS-T-1707", "district_en": "Chikkamagaluru", "lgd_code": null }, "geometry": { "type": "MultiPolygon", "coordinates": [ [ [ [ 75.6904, 13.1271 ], [ 75.6871, 13.1251 ], [ 75.6867, 13.1261 ], [ 75.6904, 13.1271 ] ] ], [ [ [ 75.6974, 13.1954 ], [ 75.7288, 13.1816 ], [ 75.7304, 13.1636 ], [ 75.7403, 13.1486 ], [ 75.7518, 13.1456 ], [ 75.7519, 13.1334 ], [ 75.7363, 13.1225 ], [ 75.7246, 13.1325 ], [ 75.6921, 13.1274 ], [ 75.6845, 13.1384 ], [ 75.6731, 13.1173 ], [ 75.6491, 13.0982 ], [ 75.6561, 13.0853 ], [ 75.6462, 13.0763 ], [ 75.627, 13.0764 ], [ 75.6206, 13.0578 ], [ 75.6031, 13.066 ], [ 75.5915, 13.0574 ], [ 75.5867, 13.0704 ], [ 75.6074, 13.0975 ], [ 75.5969, 13.1031 ], [ 75.5944, 13.1151 ], [ 75.6089, 13.1264 ], [ 75.5975, 13.1339 ], [ 75.5904, 13.1689 ], [ 75.6146, 13.1702 ], [ 75.6265, 13.1802 ], [ 75.6392, 13.1648 ], [ 75.6554, 13.1737 ], [ 75.6692, 13.1684 ], [ 75.6937, 13.1798 ], [ 75.6903, 13.1902 ], [ 75.6974, 13.1954 ] ] ], [ [ [ 75.6829, 13.1342 ], [ 75.6878, 13.132 ], [ 75.6834, 13.1288 ], [ 75.6829, 13.1342 ] ] ] ] } },
{ "type": "Feature", "properties": { "area_id": "KGIS-H-170702", "name_en": "Kalasa", "name_kn": "", "level": "panchayat", "parent_id": "KGIS-T-1707", "district_en": "Chikkamagaluru", "lgd_code": null }, "geometry": { "type": "Polygon", "coordinates": [ [ [ 75.3269, 13.2902 ], [ 75.3512, 13.2976 ], [ 75.3618, 13.288 ], [ 75.3714, 13.2896 ], [ 75.3785, 13.2992 ], [ 75.3974, 13.3027 ], [ 75.3926, 13.3221 ], [ 75.4154, 13.3237 ], [ 75.4551, 13.2903 ], [ 75.4674, 13.2134 ], [ 75.4569, 13.2092 ], [ 75.4384, 13.2158 ], [ 75.4365, 13.1951 ], [ 75.4155, 13.1913 ], [ 75.4172, 13.1658 ], [ 75.3563, 13.1873 ], [ 75.3398, 13.1793 ], [ 75.3243, 13.1659 ], [ 75.3106, 13.1294 ], [ 75.2909, 13.1295 ], [ 75.2883, 13.1227 ], [ 75.2778, 13.1318 ], [ 75.2627, 13.1237 ], [ 75.2437, 13.1294 ], [ 75.2159, 13.1546 ], [ 75.2056, 13.1521 ], [ 75.204, 13.1763 ], [ 75.1649, 13.1986 ], [ 75.1573, 13.243 ], [ 75.1789, 13.2597 ], [ 75.2128, 13.2728 ], [ 75.2489, 13.2723 ], [ 75.2623, 13.2886 ], [ 75.2841, 13.294 ], [ 75.3139, 13.3284 ], [ 75.3172, 13.307 ], [ 75.3085, 13.2992 ], [ 75.3269, 13.2902 ] ] ] } },
{ "type": "Feature", "properties": { "area_id": "KGIS-H-170703", "name_en": "Baluru", "name_kn": "", "level": "panchayat", "parent_id": "KGIS-T-1707", "district_en": "Chikkamagaluru", "lgd_code": null }, "geometry": { "type": "Polygon", "coordinates": [ [ [ 75.4733, 13.2745 ], [ 75.4947, 13.2731 ], [ 75.5251, 13.2518 ], [ 75.5156, 13.184 ], [ 75.533, 13.1443 ], [ 75.5037, 13.1183 ], [ 75.4866, 13.1192 ], [ 75.4737, 13.094 ], [ 75.4563, 13.1095 ], [ 75.4439, 13.106 ], [ 75.4322, 13.1204 ], [ 75.4238, 13.1061 ], [ 75.4154, 13.1056 ], [ 75.4063, 13.1117 ], [ 75.4118, 13.1249 ], [ 75.407, 13.1581 ], [ 75.3862, 13.1756 ], [ 75.4204, 13.1673 ], [ 75.4155, 13.1913 ], [ 75.4365, 13.1951 ], [ 75.4384, 13.2158 ], [ 75.4569, 13.2092 ], [ 75.4674, 13.2134 ], [ 75.4603, 13.2544 ], [ 75.4722, 13.258 ], [ 75.4733, 13.2745 ] ] ] } },
{ "type": "Feature", "properties": { "area_id": "KGIS-H-170704", "name_en": "Gonibeedu", "name_kn": "", "level": "panchayat", "parent_id": "KGIS-T-1707", "district_en": "Chikkamagaluru", "lgd_code": null }, "geometry": { "type": "Polygon", "coordinates": [ [ [ 75.6878, 13.1346 ], [ 75.7013, 13.1263 ], [ 75.7246, 13.1325 ], [ 75.7363, 13.1225 ], [ 75.7405, 13.1135 ], [ 75.7266, 13.096 ], [ 75.7426, 13.0711 ], [ 75.7405, 13.0298 ], [ 75.7276, 13.0238 ], [ 75.7252, 13.0321 ], [ 75.6968, 13.0369 ], [ 75.6959, 13.0461 ], [ 75.6903, 13.0333 ], [ 75.6838, 13.036 ], [ 75.674, 13.0246 ], [ 75.6707, 13.0305 ], [ 75.6571, 13.0248 ], [ 75.6429, 13.0313 ], [ 75.6376, 13.011 ], [ 75.609, 12.9806 ], [ 75.5948, 12.9442 ], [ 75.5732, 12.9353 ], [ 75.5573, 12.9132 ], [ 75.5494, 12.9079 ], [ 75.5529, 12.95 ], [ 75.5018, 12.9811 ], [ 75.5207, 12.9857 ], [ 75.5245, 13.002 ], [ 75.5518, 13.0121 ], [ 75.5793, 13.0738 ], [ 75.5915, 13.0574 ], [ 75.6031, 13.066 ], [ 75.6206, 13.0578 ], [ 75.627, 13.0764 ], [ 75.6384, 13.0734 ], [ 75.6561, 13.0853 ], [ 75.6491, 13.0982 ], [ 75.6731, 13.1173 ], [ 75.6798, 13.136 ], [ 75.6878, 13.1346 ] ], [ [ 75.6826, 13.133 ], [ 75.6878, 13.132 ], [ 75.6844, 13.1346 ], [ 75.6826, 13.133 ] ], [ [ 75.6884, 13.1276 ], [ 75.6892, 13.1251 ], [ 75.6904, 13.1271 ], [ 75.6884, 13.1276 ] ] ] } },
{ "type": "Feature", "properties": { "area_id": "KGIS-H-170705", "name_en": "Banakal", "name_kn": "", "level": "panchayat", "parent_id": "KGIS-T-1707", "district_en": "Chikkamagaluru", "lgd_code": null }, "geometry": { "type": "Polygon", "coordinates": [ [ [ 75.5724, 13.2615 ], [ 75.6043, 13.2262 ], [ 75.6003, 13.2129 ], [ 75.6064, 13.2022 ], [ 75.6265, 13.1976 ], [ 75.6246, 13.18 ], [ 75.6146, 13.1702 ], [ 75.5904, 13.1689 ], [ 75.5975, 13.1339 ], [ 75.6089, 13.1264 ], [ 75.5943, 13.1125 ], [ 75.6074, 13.0971 ], [ 75.5943, 13.0725 ], [ 75.5793, 13.0738 ], [ 75.5518, 13.0121 ], [ 75.53, 13.002 ], [ 75.5292, 13.025 ], [ 75.5201, 13.0304 ], [ 75.527, 13.0494 ], [ 75.5149, 13.0547 ], [ 75.5187, 13.0607 ], [ 75.4917, 13.0893 ], [ 75.478, 13.0768 ], [ 75.4665, 13.0829 ], [ 75.4866, 13.1192 ], [ 75.5037, 13.1183 ], [ 75.533, 13.1443 ], [ 75.5156, 13.184 ], [ 75.5179, 13.2231 ], [ 75.5387, 13.2174 ], [ 75.5448, 13.2334 ], [ 75.5751, 13.2482 ], [ 75.5724, 13.2615 ] ] ] } },
{ "type": "Feature", "properties": { "area_id": "KGIS-H-170804", "name_en": "Amrutapura", "name_kn": "", "level": "panchayat", "parent_id": "KGIS-T-1708", "district_en": "Chikkamagaluru", "lgd_code": null }, "geometry": { "type": "Polygon", "coordinates": [ [ [ 75.923, 13.7282 ], [ 75.9484, 13.7177 ], [ 75.9462, 13.7066 ], [ 75.9594, 13.6915 ], [ 75.9417, 13.6802 ], [ 75.9384, 13.667 ], [ 75.9294, 13.67 ], [ 75.9212, 13.6891 ], [ 75.9194, 13.7194 ], [ 75.923, 13.7282 ] ] ] } },
{ "type": "Feature", "properties": { "area_id": "KGIS-H-170805", "name_en": "Ajjampura", "name_kn": "", "level": "panchayat", "parent_id": "KGIS-T-1708", "district_en": "Chikkamagaluru", "lgd_code": null }, "geometry": { "type": "MultiPolygon", "coordinates": [ [ [ [ 76.1131, 13.6881 ], [ 76.1155, 13.6865 ], [ 76.1127, 13.6846 ], [ 76.1131, 13.6881 ] ] ], [ [ [ 76.1195, 13.7029 ], [ 76.1154, 13.6893 ], [ 76.1052, 13.684 ], [ 76.103, 13.6744 ], [ 76.0978, 13.6748 ], [ 76.0996, 13.6953 ], [ 76.1195, 13.7029 ] ] ], [ [ [ 76.0742, 13.8173 ], [ 76.0676, 13.7844 ], [ 76.083, 13.7787 ], [ 76.0979, 13.7834 ], [ 76.1033, 13.8026 ], [ 76.1153, 13.8128 ], [ 76.1295, 13.8146 ], [ 76.1436, 13.761 ], [ 76.1129, 13.7603 ], [ 76.1085, 13.7327 ], [ 76.079, 13.7278 ], [ 76.0786, 13.6998 ], [ 76.0897, 13.6971 ], [ 76.0858, 13.6813 ], [ 76.068, 13.6834 ], [ 76.0768, 13.6986 ], [ 76.0713, 13.7153 ], [ 76.0409, 13.7132 ], [ 76.0328, 13.7009 ], [ 76.0148, 13.703 ], [ 76.0062, 13.6713 ], [ 75.9948, 13.6664 ], [ 75.9962, 13.6473 ], [ 75.97, 13.6493 ], [ 75.9549, 13.6381 ], [ 75.9339, 13.6437 ], [ 75.9588, 13.6513 ], [ 75.9623, 13.6644 ], [ 75.9497, 13.6808 ], [ 75.9594, 13.6915 ], [ 75.9462, 13.7066 ], [ 75.9512, 13.7283 ], [ 75.9434, 13.7398 ], [ 75.9251, 13.7359 ], [ 75.931, 13.7609 ], [ 75.9567, 13.7572 ], [ 75.9616, 13.7709 ], [ 75.9761, 13.7711 ], [ 76.0158, 13.7601 ], [ 76.0258, 13.7488 ], [ 76.049, 13.7464 ], [ 76.04, 13.7552 ], [ 76.0371, 13.7791 ], [ 76.0436, 13.7792 ], [ 76.0594, 13.8139 ], [ 76.0742, 13.8173 ] ] ] ] } },
{ "type": "Feature", "properties": { "area_id": "KGIS-H-170806", "name_en": "Shivani", "name_kn": "", "level": "panchayat", "parent_id": "KGIS-T-1708", "district_en": "Chikkamagaluru", "lgd_code": null }, "geometry": { "type": "Polygon", "coordinates": [ [ [ 76.0504, 13.8936 ], [ 76.0537, 13.8795 ], [ 76.0764, 13.8793 ], [ 76.0996, 13.8643 ], [ 76.1156, 13.8128 ], [ 76.1033, 13.8026 ], [ 76.0979, 13.7834 ], [ 76.083, 13.7787 ], [ 76.0676, 13.7844 ], [ 76.0742, 13.8173 ], [ 76.0585, 13.8131 ], [ 76.0436, 13.7792 ], [ 76.0371, 13.7791 ], [ 76.04, 13.7552 ], [ 76.0504, 13.7469 ], [ 75.9616, 13.7709 ], [ 75.9088, 13.802 ], [ 75.907, 13.8067 ], [ 75.9278, 13.814 ], [ 75.9522, 13.8159 ], [ 75.9478, 13.8307 ], [ 75.9691, 13.855 ], [ 75.9884, 13.8478 ], [ 76.006, 13.8669 ], [ 76.016, 13.8706 ], [ 76.0222, 13.8627 ], [ 76.0313, 13.8686 ], [ 76.0347, 13.8975 ], [ 76.0504, 13.8936 ] ] ] } },
{ "type": "Feature", "properties": { "area_id": "KGIS-H-170807", "name_en": "Chowlahiriyur", "name_kn": "", "level": "panchayat", "parent_id": "KGIS-T-1708", "district_en": "Chikkamagaluru", "lgd_code": null }, "geometry": { "type": "Polygon", "coordinates": [ [ [ 76.1441, 13.7596 ], [ 76.149, 13.7325 ], [ 76.1697, 13.7281 ], [ 76.1798, 13.7164 ], [ 76.2196, 13.7103 ], [ 76.2174, 13.6684 ], [ 76.1836, 13.6505 ], [ 76.1843, 13.6335 ], [ 76.1745, 13.626 ], [ 76.1609, 13.6628 ], [ 76.1284, 13.6484 ], [ 76.103, 13.6529 ], [ 76.1029, 13.6775 ], [ 76.1052, 13.684 ], [ 76.1184, 13.6933 ], [ 76.1177, 13.7055 ], [ 76.0956, 13.6955 ], [ 76.0918, 13.6857 ], [ 76.0897, 13.6971 ], [ 76.0786, 13.6998 ], [ 76.079, 13.7278 ], [ 76.1085, 13.7327 ], [ 76.1129, 13.7603 ], [ 76.1441, 13.7596 ] ], [ [ 76.1131, 13.6881 ], [ 76.1155, 13.6865 ], [ 76.1153, 13.6877 ], [ 76.1131, 13.6881 ] ] ] } },
{ "type": "Feature", "properties": { "area_id": "KGIS-H-170808", "name_en": "Hirenalluru", "name_kn": "", "level": "panchayat", "parent_id": "KGIS-T-1708", "district_en": "Chikkamagaluru", "lgd_code": null }, "geometry": { "type": "MultiPolygon", "coordinates": [ [ [ [ 76.1021, 13.6949 ], [ 76.0978, 13.6748 ], [ 76.09, 13.676 ], [ 76.0956, 13.6955 ], [ 76.1021, 13.6949 ] ] ], [ [ [ 76.0148, 13.703 ], [ 76.0225, 13.685 ], [ 76.0098, 13.6853 ], [ 76.0148, 13.703 ] ] ], [ [ [ 76.0703, 13.7126 ], [ 76.0768, 13.6986 ], [ 76.0603, 13.6758 ], [ 76.0313, 13.6885 ], [ 76.0378, 13.7119 ], [ 76.0703, 13.7126 ] ] ] ] } },
{ "type": "Feature", "properties": { "area_id": "KGIS-H-180101", "name_en": "Kasaba", "name_kn": "", "level": "panchayat", "parent_id": "KGIS-T-1801", "district_en": "Tumakuru", "lgd_code": null }, "geometry": { "type": "Polygon", "coordinates": [ [ [ 76.5912, 13.4846 ], [ 76.601, 13.4618 ], [ 76.6129, 13.464 ], [ 76.6073, 13.4699 ], [ 76.6151, 13.4834 ], [ 76.6429, 13.4783 ], [ 76.6449, 13.4661 ], [ 76.6706, 13.4413 ], [ 76.6817, 13.4023 ], [ 76.6539, 13.3998 ], [ 76.6519, 13.3846 ], [ 76.6254, 13.3825 ], [ 76.6128, 13.361 ], [ 76.5989, 13.3534 ], [ 76.5706, 13.3761 ], [ 76.5839, 13.3783 ], [ 76.5734, 13.3868 ], [ 76.5896, 13.3899 ], [ 76.5972, 13.4053 ], [ 76.5779, 13.4033 ], [ 76.5474, 13.4186 ], [ 76.5365, 13.4512 ], [ 76.552, 13.463 ], [ 76.5742, 13.4464 ], [ 76.5673, 13.4646 ], [ 76.5714, 13.4825 ], [ 76.5798, 13.4897 ], [ 76.5912, 13.4846 ] ] ] } },
{ "type": "Feature", "properties": { "area_id": "KGIS-H-180102", "name_en": "Kandikere", "name_kn": "", "level": "panchayat", "parent_id": "KGIS-T-1801", "district_en": "Tumakuru", "lgd_code": null }, "geometry": { "type": "Polygon", "coordinates": [ [ [ 76.6637, 13.5929 ], [ 76.6997, 13.5966 ], [ 76.7121, 13.55 ], [ 76.6975, 13.5413 ], [ 76.6994, 13.5305 ], [ 76.713, 13.5128 ], [ 76.7263, 13.5094 ], [ 76.7338, 13.4572 ], [ 76.7574, 13.4511 ], [ 76.759, 13.4421 ], [ 76.7489, 13.4394 ], [ 76.7596, 13.4192 ], [ 76.728, 13.4075 ], [ 76.7281, 13.3993 ], [ 76.6817, 13.4023 ], [ 76.6706, 13.4413 ], [ 76.6449, 13.4661 ], [ 76.6429, 13.4783 ], [ 76.6151, 13.4834 ], [ 76.6073, 13.4699 ], [ 76.6129, 13.464 ], [ 76.601, 13.4618 ], [ 76.5937, 13.4825 ], [ 76.5691, 13.5054 ], [ 76.5821, 13.5076 ], [ 76.581, 13.519 ], [ 76.596, 13.521 ], [ 76.5984, 13.5322 ], [ 76.5834, 13.5473 ], [ 76.6228, 13.5463 ], [ 76.6166, 13.564 ], [ 76.6276, 13.564 ], [ 76.6239, 13.571 ], [ 76.6307, 13.5768 ], [ 76.6357, 13.57 ], [ 76.6514, 13.575 ], [ 76.6522, 13.5931 ], [ 76.6607, 13.5992 ], [ 76.6637, 13.5929 ] ], [ [ 76.6649, 13.5286 ], [ 76.6446, 13.5234 ], [ 76.6469, 13.5089 ], [ 76.6721, 13.5138 ], [ 76.6649, 13.5286 ] ] ] } },
{ "type": "Feature", "properties": { "area_id": "KGIS-H-180103", "name_en": "Shettikere", "name_kn": "", "level": "panchayat", "parent_id": "KGIS-T-1801", "district_en": "Tumakuru", "lgd_code": null }, "geometry": { "type": "Polygon", "coordinates": [ [ [ 76.5396, 13.4427 ], [ 76.5474, 13.4186 ], [ 76.5779, 13.4033 ], [ 76.5972, 13.4053 ], [ 76.5896, 13.3899 ], [ 76.5734, 13.3868 ], [ 76.5839, 13.3783 ], [ 76.5706, 13.3761 ], [ 76.5926, 13.3557 ], [ 76.6128, 13.361 ], [ 76.6254, 13.3825 ], [ 76.6519, 13.3846 ], [ 76.6539, 13.3998 ], [ 76.6984, 13.4045 ], [ 76.7135, 13.3729 ], [ 76.7065, 13.3505 ], [ 76.7007, 13.3424 ], [ 76.6923, 13.3464 ], [ 76.679, 13.336 ], [ 76.651, 13.3329 ], [ 76.6294, 13.3142 ], [ 76.6134, 13.3148 ], [ 76.6125, 13.3245 ], [ 76.597, 13.324 ], [ 76.5977, 13.3409 ], [ 76.5667, 13.329 ], [ 76.5453, 13.3357 ], [ 76.5398, 13.3309 ], [ 76.5414, 13.3749 ], [ 76.5179, 13.3797 ], [ 76.5155, 13.3942 ], [ 76.4974, 13.4099 ], [ 76.5205, 13.4182 ], [ 76.5396, 13.4427 ] ] ] } },
{ "type": "Feature", "properties": { "area_id": "KGIS-H-180104", "name_en": "Handanakere", "name_kn": "", "level": "panchayat", "parent_id": "KGIS-T-1801", "district_en": "Tumakuru", "lgd_code": null }, "geometry": { "type": "Polygon", "coordinates": [ [ [ 76.3997, 13.5948 ], [ 76.4094, 13.5801 ], [ 76.4394, 13.5734 ], [ 76.4511, 13.5558 ], [ 76.4506, 13.5735 ], [ 76.4663, 13.5793 ], [ 76.4696, 13.562 ], [ 76.4906, 13.5466 ], [ 76.5183, 13.5313 ], [ 76.5284, 13.5396 ], [ 76.5304, 13.5265 ], [ 76.5507, 13.5248 ], [ 76.5513, 13.5332 ], [ 76.5675, 13.5128 ], [ 76.5809, 13.513 ], [ 76.5821, 13.5076 ], [ 76.5691, 13.5054 ], [ 76.5799, 13.4925 ], [ 76.5677, 13.4706 ], [ 76.5743, 13.4465 ], [ 76.5469, 13.4608 ], [ 76.5205, 13.4182 ], [ 76.4971, 13.4087 ], [ 76.4744, 13.4183 ], [ 76.4616, 13.4114 ], [ 76.4452, 13.4197 ], [ 76.435, 13.4149 ], [ 76.412, 13.4308 ], [ 76.4195, 13.4496 ], [ 76.4077, 13.4595 ], [ 76.4153, 13.4812 ], [ 76.3963, 13.4998 ], [ 76.3977, 13.5062 ], [ 76.4154, 13.5091 ], [ 76.4247, 13.5239 ], [ 76.4004, 13.5264 ], [ 76.3953, 13.536 ], [ 76.364, 13.5472 ], [ 76.3528, 13.5797 ], [ 76.3731, 13.5922 ], [ 76.3815, 13.5775 ], [ 76.3997, 13.5948 ] ] ] } },
{ "type": "Feature", "properties": { "area_id": "KGIS-H-180105", "name_en": "Huliyaru", "name_kn": "", "level": "panchayat", "parent_id": "KGIS-T-1801", "district_en": "Tumakuru", "lgd_code": null }, "geometry": { "type": "MultiPolygon", "coordinates": [ [ [ [ 76.6649, 13.5286 ], [ 76.6721, 13.5138 ], [ 76.6469, 13.5089 ], [ 76.6446, 13.5234 ], [ 76.6649, 13.5286 ] ] ], [ [ [ 76.6208, 13.7344 ], [ 76.6315, 13.7135 ], [ 76.6733, 13.7181 ], [ 76.6723, 13.7054 ], [ 76.6838, 13.6917 ], [ 76.6776, 13.6633 ], [ 76.697, 13.6424 ], [ 76.6997, 13.5966 ], [ 76.664, 13.5918 ], [ 76.6604, 13.5991 ], [ 76.6522, 13.5931 ], [ 76.6533, 13.5762 ], [ 76.6357, 13.57 ], [ 76.6307, 13.5768 ], [ 76.6239, 13.571 ], [ 76.6276, 13.564 ], [ 76.6166, 13.564 ], [ 76.6228, 13.5463 ], [ 76.5834, 13.5473 ], [ 76.5984, 13.5322 ], [ 76.5947, 13.5199 ], [ 76.5675, 13.5128 ], [ 76.5513, 13.5332 ], [ 76.5507, 13.5248 ], [ 76.5282, 13.5273 ], [ 76.528, 13.5397 ], [ 76.5183, 13.5313 ], [ 76.472, 13.5589 ], [ 76.4663, 13.5793 ], [ 76.4506, 13.5735 ], [ 76.4543, 13.5545 ], [ 76.4394, 13.5734 ], [ 76.4242, 13.5751 ], [ 76.4293, 13.5924 ], [ 76.4545, 13.5909 ], [ 76.4611, 13.6202 ], [ 76.4998, 13.6228 ], [ 76.497, 13.6285 ], [ 76.5167, 13.634 ], [ 76.5343, 13.6502 ], [ 76.5291, 13.6671 ], [ 76.5399, 13.6632 ], [ 76.5541, 13.682 ], [ 76.5773, 13.6903 ], [ 76.5712, 13.7083 ], [ 76.5771, 13.7147 ], [ 76.6087, 13.7234 ], [ 76.6208, 13.7344 ] ] ] ] } },
{ "type": "Feature", "properties": { "area_id": "KGIS-H-180201", "name_en": "Kasaba", "name_kn": "", "level": "panchayat", "parent_id": "KGIS-T-1802", "district_en": "Tumakuru", "lgd_code": null }, "geometry": { "type": "Polygon", "coordinates": [ [ [ 76.9743, 13.8546 ], [ 76.9924, 13.849 ], [ 76.9764, 13.8179 ], [ 76.9898, 13.8131 ], [ 76.9849, 13.7907 ], [ 76.9972, 13.7473 ], [ 77.0136, 13.7393 ], [ 77.0216, 13.7227 ], [ 77.0291, 13.7242 ], [ 77.0279, 13.7076 ], [ 77.0088, 13.7006 ], [ 77.0117, 13.6805 ], [ 77.0246, 13.6665 ], [ 77.0007, 13.6688 ], [ 76.9701, 13.6535 ], [ 76.9578, 13.6597 ], [ 76.9562, 13.6739 ], [ 76.9376, 13.671 ], [ 76.935, 13.6834 ], [ 76.8952, 13.6762 ], [ 76.8888, 13.661 ], [ 76.867, 13.6652 ], [ 76.8542, 13.6801 ], [ 76.8555, 13.7013 ], [ 76.8383, 13.7023 ], [ 76.8422, 13.6856 ], [ 76.8292, 13.6784 ], [ 76.8045, 13.703 ], [ 76.8056, 13.7129 ], [ 76.8163, 13.7178 ], [ 76.8186, 13.7435 ], [ 76.8023, 13.7334 ], [ 76.7753, 13.734 ], [ 76.7627, 13.7493 ], [ 76.7666, 13.782 ], [ 76.7871, 13.784 ], [ 76.7863, 13.7761 ], [ 76.7947, 13.7726 ], [ 76.8162, 13.7895 ], [ 76.8287, 13.7863 ], [ 76.8109, 13.7997 ], [ 76.8305, 13.8058 ], [ 76.8301, 13.7831 ], [ 76.8421, 13.7797 ], [ 76.8548, 13.7865 ], [ 76.8556, 13.8009 ], [ 76.8724, 13.7941 ], [ 76.8731, 13.8069 ], [ 76.8987, 13.8125 ], [ 76.9159, 13.8507 ], [ 76.9743, 13.8546 ] ] ] } },
{ "type": "Feature", "properties": { "area_id": "KGIS-H-180202", "name_en": "Kallambella", "name_kn": "", "level": "panchayat", "parent_id": "KGIS-T-1802", "district_en": "Tumakuru", "lgd_code": null }, "geometry": { "type": "Polygon", "coordinates": [ [ [ 76.935, 13.6834 ], [ 76.9376, 13.671 ], [ 76.9562, 13.6739 ], [ 76.9578, 13.6597 ], [ 76.9701, 13.6535 ], [ 77.0007, 13.6688 ], [ 77.0246, 13.6665 ], [ 77.0311, 13.5947 ], [ 77.0232, 13.5759 ], [ 77.0391, 13.5702 ], [ 77.0347, 13.5626 ], [ 77.0472, 13.5495 ], [ 77.0487, 13.537 ], [ 77.0389, 13.5403 ], [ 77.0273, 13.5314 ], [ 77.0008, 13.5429 ], [ 77.0001, 13.5274 ], [ 76.9924, 13.5282 ], [ 76.9972, 13.5141 ], [ 76.9651, 13.4885 ], [ 76.9214, 13.4938 ], [ 76.9278, 13.539 ], [ 76.9184, 13.5665 ], [ 76.9205, 13.5863 ], [ 76.8888, 13.661 ], [ 76.8952, 13.6762 ], [ 76.935, 13.6834 ] ] ] } },
{ "type": "Feature", "properties": { "area_id": "KGIS-H-180203", "name_en": "Gowdagere", "name_kn": "", "level": "panchayat", "parent_id": "KGIS-T-1802", "district_en": "Tumakuru", "lgd_code": null }, "geometry": { "type": "MultiPolygon", "coordinates": [ [ [ [ 76.8502, 13.9623 ], [ 76.8779, 13.9508 ], [ 76.8772, 13.941 ], [ 76.903, 13.9128 ], [ 76.9422, 13.9053 ], [ 76.9672, 13.8759 ], [ 76.966, 13.855 ], [ 76.9159, 13.8507 ], [ 76.8987, 13.8125 ], [ 76.8731, 13.8069 ], [ 76.8724, 13.7941 ], [ 76.8556, 13.8009 ], [ 76.8548, 13.7865 ], [ 76.8421, 13.7797 ], [ 76.8301, 13.7831 ], [ 76.8305, 13.8058 ], [ 76.8109, 13.7997 ], [ 76.8287, 13.7863 ], [ 76.8162, 13.7895 ], [ 76.7947, 13.7726 ], [ 76.7863, 13.7761 ], [ 76.7871, 13.784 ], [ 76.7646, 13.7823 ], [ 76.7689, 13.8372 ], [ 76.7618, 13.8355 ], [ 76.7365, 13.8686 ], [ 76.7227, 13.8986 ], [ 76.7527, 13.907 ], [ 76.7497, 13.916 ], [ 76.764, 13.9246 ], [ 76.8148, 13.9155 ], [ 76.8141, 13.9364 ], [ 76.8223, 13.9505 ], [ 76.8502, 13.9623 ] ] ], [ [ [ 76.8295, 14.0031 ], [ 76.8621, 13.9959 ], [ 76.8583, 13.9815 ], [ 76.8233, 13.9938 ], [ 76.8295, 14.0031 ] ] ] ] } },
{ "type": "Feature", "properties": { "area_id": "KGIS-H-180204", "name_en": "Hulikunte", "name_kn": "", "level": "panchayat", "parent_id": "KGIS-T-1802", "district_en": "Tumakuru", "lgd_code": null }, "geometry": { "type": "Polygon", "coordinates": [ [ [ 76.9503, 14.0921 ], [ 76.9736, 14.0837 ], [ 76.9766, 14.0655 ], [ 76.9719, 14.0585 ], [ 76.932, 14.0545 ], [ 76.9306, 14.0309 ], [ 76.9438, 14.03 ], [ 76.95, 14.0146 ], [ 76.9993, 13.9899 ], [ 76.9936, 13.9628 ], [ 77.04, 13.9338 ], [ 77.0468, 13.9059 ], [ 77.022, 13.9028 ], [ 77.0139, 13.8588 ], [ 76.9959, 13.8484 ], [ 76.9677, 13.8588 ], [ 76.9672, 13.8759 ], [ 76.9422, 13.9053 ], [ 76.903, 13.9128 ], [ 76.8772, 13.941 ], [ 76.8779, 13.9508 ], [ 76.8502, 13.9623 ], [ 76.8486, 13.9798 ], [ 76.8583, 13.9815 ], [ 76.8621, 13.9959 ], [ 76.8333, 14.0032 ], [ 76.8367, 14.0179 ], [ 76.8728, 14.0098 ], [ 76.8868, 14.0464 ], [ 76.9097, 14.0637 ], [ 76.9228, 14.0565 ], [ 76.9278, 14.0771 ], [ 76.9503, 14.0921 ] ] ] } },
{ "type": "Feature", "properties": { "area_id": "KGIS-H-180205", "name_en": "Bukkapattana", "name_kn": "", "level": "panchayat", "parent_id": "KGIS-T-1802", "district_en": "Tumakuru", "lgd_code": null }, "geometry": { "type": "Polygon", "coordinates": [ [ [ 76.7303, 13.7845 ], [ 76.7666, 13.782 ], [ 76.7627, 13.7493 ], [ 76.7753, 13.734 ], [ 76.8023, 13.7334 ], [ 76.8186, 13.7435 ], [ 76.8163, 13.7178 ], [ 76.8039, 13.7061 ], [ 76.8204, 13.6817 ], [ 76.8407, 13.6844 ], [ 76.8383, 13.7023 ], [ 76.8486, 13.7043 ], [ 76.8577, 13.697 ], [ 76.8547, 13.679 ], [ 76.867, 13.6652 ], [ 76.8916, 13.6599 ], [ 76.9188, 13.5926 ], [ 76.9236, 13.5548 ], [ 76.9104, 13.5654 ], [ 76.8554, 13.5667 ], [ 76.8542, 13.5869 ], [ 76.8324, 13.5852 ], [ 76.8321, 13.593 ], [ 76.8018, 13.5819 ], [ 76.7608, 13.5872 ], [ 76.7245, 13.5757 ], [ 76.7045, 13.582 ], [ 76.697, 13.6424 ], [ 76.6776, 13.6633 ], [ 76.6838, 13.6917 ], [ 76.6768, 13.6996 ], [ 76.692, 13.6968 ], [ 76.6915, 13.7306 ], [ 76.6842, 13.7306 ], [ 76.6976, 13.7701 ], [ 76.7214, 13.7986 ], [ 76.7303, 13.7845 ] ] ] } },
{ "type": "Feature", "properties": { "area_id": "KGIS-H-180301", "name_en": "Kasaba", "name_kn": "", "level": "panchayat", "parent_id": "KGIS-T-1803", "district_en": "Tumakuru", "lgd_code": null }, "geometry": { "type": "Polygon", "coordinates": [ [ [ 77.2444, 14.1575 ], [ 77.2738, 14.1212 ], [ 77.3109, 14.1253 ], [ 77.3217, 14.1395 ], [ 77.352, 14.1312 ], [ 77.3469, 14.1038 ], [ 77.3884, 14.1261 ], [ 77.4006, 14.1202 ], [ 77.3596, 14.0621 ], [ 77.3405, 14.0602 ], [ 77.3322, 14.0309 ], [ 77.3897, 14.0164 ], [ 77.3814, 13.9759 ], [ 77.4269, 13.9867 ], [ 77.4389, 13.9786 ], [ 77.4357, 13.9484 ], [ 77.4116, 13.9455 ], [ 77.4158, 13.924 ], [ 77.4307, 13.9209 ], [ 77.4345, 13.912 ], [ 77.4057, 13.8892 ], [ 77.3989, 13.8882 ], [ 77.3979, 13.9064 ], [ 77.3543, 13.9042 ], [ 77.3475, 13.9156 ], [ 77.3718, 13.9535 ], [ 77.3507, 13.9582 ], [ 77.3606, 13.9904 ], [ 77.3367, 13.9958 ], [ 77.3222, 14.0304 ], [ 77.3066, 14.032 ], [ 77.2819, 14.0133 ], [ 77.2758, 14.013 ], [ 77.2742, 14.0349 ], [ 77.2453, 14.0117 ], [ 77.1709, 14.012 ], [ 77.1712, 14.0363 ], [ 77.1856, 14.0483 ], [ 77.1796, 14.0672 ], [ 77.1986, 14.0659 ], [ 77.2012, 14.0879 ], [ 77.2127, 14.0949 ], [ 77.1985, 14.1032 ], [ 77.1995, 14.1295 ], [ 77.2211, 14.1312 ], [ 77.217, 14.1574 ], [ 77.2444, 14.1575 ] ] ] } },
{ "type": "Feature", "properties": { "area_id": "KGIS-H-180302", "name_en": "Nagalamadike", "name_kn": "", "level": "panchayat", "parent_id": "KGIS-T-1803", "district_en": "Tumakuru", "lgd_code": null }, "geometry": { "type": "Polygon", "coordinates": [ [ [ 77.4071, 14.3382 ], [ 77.4282, 14.3292 ], [ 77.431, 14.3133 ], [ 77.4466, 14.3175 ], [ 77.4499, 14.2808 ], [ 77.4794, 14.2929 ], [ 77.4916, 14.2781 ], [ 77.4982, 14.2796 ], [ 77.5039, 14.2642 ], [ 77.4924, 14.2309 ], [ 77.504, 14.1924 ], [ 77.5167, 14.1834 ], [ 77.5038, 14.1577 ], [ 77.4676, 14.1653 ], [ 77.467, 14.1721 ], [ 77.394, 14.1743 ], [ 77.3976, 14.1601 ], [ 77.389, 14.1596 ], [ 77.3793, 14.1361 ], [ 77.3553, 14.1299 ], [ 77.3217, 14.1395 ], [ 77.3109, 14.1253 ], [ 77.2663, 14.1243 ], [ 77.2553, 14.1373 ], [ 77.2686, 14.1514 ], [ 77.2646, 14.1636 ], [ 77.2716, 14.1798 ], [ 77.264, 14.181 ], [ 77.2616, 14.1978 ], [ 77.2505, 14.1915 ], [ 77.2431, 14.2043 ], [ 77.2563, 14.214 ], [ 77.2531, 14.2561 ], [ 77.2618, 14.279 ], [ 77.2731, 14.2848 ], [ 77.3633, 14.276 ], [ 77.3604, 14.2344 ], [ 77.3841, 14.2206 ], [ 77.3872, 14.1997 ], [ 77.4141, 14.2053 ], [ 77.4175, 14.2256 ], [ 77.4091, 14.2317 ], [ 77.4086, 14.26 ], [ 77.3881, 14.2697 ], [ 77.3766, 14.3063 ], [ 77.383, 14.3267 ], [ 77.4071, 14.3382 ] ] ] } },
{ "type": "Feature", "properties": { "area_id": "KGIS-H-180303", "name_en": "Nidagal Hobali", "name_kn": "", "level": "panchayat", "parent_id": "KGIS-T-1803", "district_en": "Tumakuru", "lgd_code": null }, "geometry": { "type": "Polygon", "coordinates": [ [ [ 77.1342, 14.1831 ], [ 77.1631, 14.1808 ], [ 77.161, 14.1709 ], [ 77.209, 14.1707 ], [ 77.2211, 14.1312 ], [ 77.1995, 14.1295 ], [ 77.1985, 14.1032 ], [ 77.2127, 14.0949 ], [ 77.2012, 14.0879 ], [ 77.1986, 14.0659 ], [ 77.1796, 14.0672 ], [ 77.1856, 14.0483 ], [ 77.1712, 14.0363 ], [ 77.1732, 14.001 ], [ 77.1415, 14.0038 ], [ 77.1269, 14.0475 ], [ 77.0796, 14.0427 ], [ 77.0764, 14.0534 ], [ 77.0318, 14.0571 ], [ 77.0257, 14.066 ], [ 77.0287, 14.0887 ], [ 77.0138, 14.0997 ], [ 77.0259, 14.124 ], [ 77.0204, 14.1353 ], [ 77.0235, 14.1804 ], [ 77.0504, 14.1667 ], [ 77.0956, 14.1679 ], [ 77.1037, 14.1583 ], [ 77.1342, 14.1831 ] ] ] } },
{ "type": "Feature", "properties": { "area_id": "KGIS-H-180304", "name_en": "Y N Hosakote", "name_kn": "", "level": "panchayat", "parent_id": "KGIS-T-1803", "district_en": "Tumakuru", "lgd_code": null }, "geometry": { "type": "Polygon", "coordinates": [ [ [ 77.1655, 14.3418 ], [ 77.1974, 14.321 ], [ 77.2398, 14.3173 ], [ 77.2868, 14.3404 ], [ 77.2834, 14.2822 ], [ 77.2618, 14.279 ], [ 77.2531, 14.2561 ], [ 77.2563, 14.214 ], [ 77.2431, 14.2043 ], [ 77.2505, 14.1915 ], [ 77.2616, 14.1978 ], [ 77.264, 14.181 ], [ 77.2716, 14.1794 ], [ 77.2646, 14.1636 ], [ 77.2686, 14.1514 ], [ 77.2553, 14.1373 ], [ 77.2444, 14.1575 ], [ 77.2104, 14.1585 ], [ 77.209, 14.1707 ], [ 77.161, 14.1709 ], [ 77.1631, 14.1808 ], [ 77.1342, 14.1831 ], [ 77.1037, 14.1583 ], [ 77.0956, 14.1679 ], [ 77.0504, 14.1667 ], [ 77.0024, 14.1985 ], [ 77.0068, 14.219 ], [ 76.9989, 14.229 ], [ 77.036, 14.2468 ], [ 77.0582, 14.2439 ], [ 77.0614, 14.2291 ], [ 77.0698, 14.2317 ], [ 77.0802, 14.2132 ], [ 77.1153, 14.2233 ], [ 77.1196, 14.2627 ], [ 77.1112, 14.2616 ], [ 77.1101, 14.2683 ], [ 77.1155, 14.2929 ], [ 77.1296, 14.3049 ], [ 77.1371, 14.3383 ], [ 77.1655, 14.3418 ] ] ] } },
{ "type": "Feature", "properties": { "area_id": "KGIS-H-180401", "name_en": "Dodderi", "name_kn": "", "level": "panchayat", "parent_id": "KGIS-T-1804", "district_en": "Tumakuru", "lgd_code": null }, "geometry": { "type": "Polygon", "coordinates": [ [ [ 77.036, 13.7792 ], [ 77.0587, 13.76 ], [ 77.0639, 13.745 ], [ 77.0854, 13.7432 ], [ 77.0905, 13.7672 ], [ 77.1369, 13.7585 ], [ 77.1358, 13.7412 ], [ 77.1486, 13.7177 ], [ 77.173, 13.7159 ], [ 77.151, 13.6868 ], [ 77.1462, 13.6638 ], [ 77.1347, 13.6583 ], [ 77.137, 13.5958 ], [ 77.0955, 13.5815 ], [ 77.0273, 13.5878 ], [ 77.024, 13.6732 ], [ 77.0117, 13.6805 ], [ 77.0088, 13.7006 ], [ 77.0295, 13.7097 ], [ 77.0291, 13.7242 ], [ 77.0216, 13.7227 ], [ 77.0138, 13.7389 ], [ 77.0243, 13.7791 ], [ 77.036, 13.7792 ] ] ] } },
{ "type": "Feature", "properties": { "area_id": "KGIS-H-180402", "name_en": "Ai D Halli", "name_kn": "", "level": "panchayat", "parent_id": "KGIS-T-1804", "district_en": "Tumakuru", "lgd_code": null }, "geometry": { "type": "Polygon", "coordinates": [ [ [ 77.3111, 13.8669 ], [ 77.3299, 13.8322 ], [ 77.363, 13.854 ], [ 77.3788, 13.8493 ], [ 77.3822, 13.8391 ], [ 77.4338, 13.8429 ], [ 77.4125, 13.7918 ], [ 77.3766, 13.8065 ], [ 77.3452, 13.7943 ], [ 77.3439, 13.7734 ], [ 77.3156, 13.7459 ], [ 77.3041, 13.7508 ], [ 77.2863, 13.7444 ], [ 77.284, 13.7338 ], [ 77.2668, 13.7319 ], [ 77.2517, 13.7408 ], [ 77.2293, 13.7367 ], [ 77.229, 13.7491 ], [ 77.218, 13.7517 ], [ 77.2198, 13.7928 ], [ 77.2357, 13.796 ], [ 77.2368, 13.8094 ], [ 77.2517, 13.8207 ], [ 77.2571, 13.8466 ], [ 77.2902, 13.8478 ], [ 77.3111, 13.8669 ] ] ] } },
{ "type": "Feature", "properties": { "area_id": "KGIS-H-180403", "name_en": "Kodigenahalli", "name_kn": "", "level": "panchayat", "parent_id": "KGIS-T-1804", "district_en": "Tumakuru", "lgd_code": null }, "geometry": { "type": "Polygon", "coordinates": [ [ [ 77.4515, 13.8095 ], [ 77.4647, 13.8075 ], [ 77.4568, 13.7886 ], [ 77.4705, 13.7581 ], [ 77.4651, 13.7111 ], [ 77.4501, 13.7114 ], [ 77.4554, 13.6828 ], [ 77.4371, 13.6841 ], [ 77.4355, 13.6732 ], [ 77.3972, 13.6745 ], [ 77.3766, 13.6434 ], [ 77.3634, 13.6433 ], [ 77.3465, 13.6752 ], [ 77.3519, 13.6866 ], [ 77.3332, 13.684 ], [ 77.3291, 13.6965 ], [ 77.3441, 13.7127 ], [ 77.3286, 13.7265 ], [ 77.3271, 13.7406 ], [ 77.3149, 13.7423 ], [ 77.32, 13.7567 ], [ 77.3439, 13.7734 ], [ 77.3452, 13.7943 ], [ 77.3766, 13.8065 ], [ 77.4125, 13.7918 ], [ 77.4195, 13.8094 ], [ 77.4287, 13.8067 ], [ 77.4226, 13.7988 ], [ 77.4331, 13.796 ], [ 77.4515, 13.8095 ] ] ] } },
{ "type": "Feature", "properties": { "area_id": "KGIS-H-180404", "name_en": "Puravara", "name_kn": "", "level": "panchayat", "parent_id": "KGIS-T-1804", "district_en": "Tumakuru", "lgd_code": null }, "geometry": { "type": "Polygon", "coordinates": [ [ [ 77.3041, 13.7508 ], [ 77.3433, 13.7161 ], [ 77.3436, 13.7071 ], [ 77.3291, 13.6965 ], [ 77.3332, 13.684 ], [ 77.3519, 13.6866 ], [ 77.3465, 13.6752 ], [ 77.3634, 13.6433 ], [ 77.3681, 13.6438 ], [ 77.3745, 13.6421 ], [ 77.3747, 13.6419 ], [ 77.3622, 13.6249 ], [ 77.3624, 13.6057 ], [ 77.318, 13.6091 ], [ 77.3128, 13.6031 ], [ 77.3043, 13.6117 ], [ 77.2897, 13.5879 ], [ 77.2798, 13.5953 ], [ 77.2835, 13.6137 ], [ 77.2648, 13.623 ], [ 77.27, 13.6516 ], [ 77.2627, 13.6577 ], [ 77.2699, 13.691 ], [ 77.2867, 13.6975 ], [ 77.2863, 13.7444 ], [ 77.3041, 13.7508 ] ] ] } },
{ "type": "Feature", "properties": { "area_id": "KGIS-H-180405", "name_en": "Kasaba", "name_kn": "", "level": "panchayat", "parent_id": "KGIS-T-1804", "district_en": "Tumakuru", "lgd_code": null }, "geometry": { "type": "Polygon", "coordinates": [ [ [ 77.22, 13.7499 ], [ 77.229, 13.7491 ], [ 77.2293, 13.7367 ], [ 77.2517, 13.7408 ], [ 77.2654, 13.732 ], [ 77.284, 13.7338 ], [ 77.2867, 13.6975 ], [ 77.2698, 13.6908 ], [ 77.2648, 13.623 ], [ 77.243, 13.6131 ], [ 77.2418, 13.6023 ], [ 77.2196, 13.5969 ], [ 77.1856, 13.6013 ], [ 77.1688, 13.5906 ], [ 77.1466, 13.5894 ], [ 77.137, 13.5958 ], [ 77.1349, 13.6591 ], [ 77.1462, 13.6638 ], [ 77.151, 13.6868 ], [ 77.1681, 13.711 ], [ 77.1867, 13.7257 ], [ 77.21, 13.7231 ], [ 77.22, 13.7499 ] ] ] } },
{ "type": "Feature", "properties": { "area_id": "KGIS-H-180406", "name_en": "Midigeshi", "name_kn": "", "level": "panchayat", "parent_id": "KGIS-T-1804", "district_en": "Tumakuru", "lgd_code": null }, "geometry": { "type": "Polygon", "coordinates": [ [ [ 77.1907, 13.9115 ], [ 77.1818, 13.87 ], [ 77.2006, 13.8634 ], [ 77.2153, 13.8858 ], [ 77.2198, 13.8679 ], [ 77.2311, 13.9028 ], [ 77.2486, 13.9014 ], [ 77.2465, 13.8677 ], [ 77.2589, 13.8624 ], [ 77.2559, 13.8354 ], [ 77.2468, 13.8133 ], [ 77.2368, 13.8094 ], [ 77.2357, 13.796 ], [ 77.2198, 13.7928 ], [ 77.2177, 13.7378 ], [ 77.21, 13.7231 ], [ 77.1486, 13.7177 ], [ 77.1358, 13.7412 ], [ 77.1369, 13.7585 ], [ 77.1513, 13.7664 ], [ 77.1734, 13.7621 ], [ 77.1791, 13.7829 ], [ 77.1578, 13.8056 ], [ 77.1697, 13.8297 ], [ 77.1533, 13.8342 ], [ 77.1547, 13.8445 ], [ 77.1323, 13.8463 ], [ 77.1282, 13.8562 ], [ 77.1456, 13.8681 ], [ 77.1674, 13.8623 ], [ 77.1716, 13.87 ], [ 77.1623, 13.9073 ], [ 77.1697, 13.9202 ], [ 77.185, 13.9246 ], [ 77.1907, 13.9115 ] ] ] } },
{ "type": "Feature", "properties": { "area_id": "KGIS-H-180501", "name_en": "Kasaba", "name_kn": "", "level": "panchayat", "parent_id": "KGIS-T-1805", "district_en": "Tumakuru", "lgd_code": null }, "geometry": { "type": "MultiPolygon", "coordinates": [ [ [ [ 77.2681, 13.6239 ], [ 77.2835, 13.6137 ], [ 77.2798, 13.5953 ], [ 77.302, 13.5746 ], [ 77.2882, 13.5583 ], [ 77.2876, 13.5399 ], [ 77.2709, 13.5347 ], [ 77.2676, 13.5243 ], [ 77.2795, 13.5138 ], [ 77.2854, 13.4677 ], [ 77.2739, 13.4687 ], [ 77.2717, 13.4603 ], [ 77.2207, 13.4669 ], [ 77.213, 13.4709 ], [ 77.2186, 13.4884 ], [ 77.2294, 13.4944 ], [ 77.227, 13.5112 ], [ 77.2077, 13.5129 ], [ 77.2139, 13.5767 ], [ 77.2378, 13.5765 ], [ 77.2263, 13.5995 ], [ 77.2418, 13.6023 ], [ 77.243, 13.6131 ], [ 77.2681, 13.6239 ] ] ], [ [ [ 77.2363, 13.5794 ], [ 77.2354, 13.5789 ], [ 77.2352, 13.5791 ], [ 77.2363, 13.5794 ] ] ] ] } },
{ "type": "Feature", "properties": { "area_id": "KGIS-H-180502", "name_en": "Channarayanadurga", "name_kn": "", "level": "panchayat", "parent_id": "KGIS-T-1805", "district_en": "Tumakuru", "lgd_code": null }, "geometry": { "type": "Polygon", "coordinates": [ [ [ 77.1856, 13.6013 ], [ 77.2263, 13.5995 ], [ 77.2261, 13.5905 ], [ 77.239, 13.5825 ], [ 77.2378, 13.5765 ], [ 77.2323, 13.5744 ], [ 77.2139, 13.5767 ], [ 77.2077, 13.5129 ], [ 77.227, 13.5112 ], [ 77.2294, 13.4944 ], [ 77.2186, 13.4884 ], [ 77.2134, 13.4711 ], [ 77.1994, 13.4741 ], [ 77.1977, 13.4682 ], [ 77.1746, 13.4789 ], [ 77.1595, 13.4691 ], [ 77.1469, 13.4829 ], [ 77.1515, 13.5018 ], [ 77.08, 13.5193 ], [ 77.0589, 13.5359 ], [ 77.0603, 13.548 ], [ 77.038, 13.5568 ], [ 77.0391, 13.5702 ], [ 77.0232, 13.5759 ], [ 77.034, 13.5898 ], [ 77.0955, 13.5815 ], [ 77.1389, 13.5969 ], [ 77.1466, 13.5894 ], [ 77.1671, 13.5901 ], [ 77.1856, 13.6013 ] ], [ [ 77.2358, 13.5795 ], [ 77.2362, 13.5784 ], [ 77.2365, 13.5788 ], [ 77.2358, 13.5795 ] ] ] } },
{ "type": "Feature", "properties": { "area_id": "KGIS-H-180503", "name_en": "Holavanahalli", "name_kn": "", "level": "panchayat", "parent_id": "KGIS-T-1805", "district_en": "Tumakuru", "lgd_code": null }, "geometry": { "type": "Polygon", "coordinates": [ [ [ 77.3108, 13.605 ], [ 77.3624, 13.6057 ], [ 77.3637, 13.5901 ], [ 77.3744, 13.5899 ], [ 77.383, 13.575 ], [ 77.38, 13.5463 ], [ 77.3916, 13.534 ], [ 77.3736, 13.4708 ], [ 77.3656, 13.4621 ], [ 77.3424, 13.4584 ], [ 77.3375, 13.4497 ], [ 77.3362, 13.4371 ], [ 77.3463, 13.4249 ], [ 77.31, 13.4252 ], [ 77.3019, 13.4571 ], [ 77.3147, 13.4774 ], [ 77.3016, 13.4785 ], [ 77.299, 13.4712 ], [ 77.2957, 13.4797 ], [ 77.2812, 13.4823 ], [ 77.2795, 13.5138 ], [ 77.2676, 13.5243 ], [ 77.2709, 13.5347 ], [ 77.2876, 13.5399 ], [ 77.2882, 13.5583 ], [ 77.302, 13.5746 ], [ 77.2897, 13.5879 ], [ 77.2937, 13.5999 ], [ 77.3043, 13.6117 ], [ 77.3108, 13.605 ] ] ] } },
{ "type": "Feature", "properties": { "area_id": "KGIS-H-180504", "name_en": "Kolala", "name_kn": "", "level": "panchayat", "parent_id": "KGIS-T-1805", "district_en": "Tumakuru", "lgd_code": null }, "geometry": { "type": "Polygon", "coordinates": [ [ [ 77.2939, 13.4792 ], [ 77.299, 13.4712 ], [ 77.3016, 13.4785 ], [ 77.3147, 13.4774 ], [ 77.3019, 13.4571 ], [ 77.31, 13.4252 ], [ 77.3463, 13.4249 ], [ 77.3362, 13.4371 ], [ 77.3424, 13.4584 ], [ 77.3651, 13.4266 ], [ 77.3618, 13.4151 ], [ 77.3473, 13.418 ], [ 77.3419, 13.4016 ], [ 77.3438, 13.3376 ], [ 77.3112, 13.3187 ], [ 77.2957, 13.3255 ], [ 77.297, 13.3376 ], [ 77.2816, 13.3436 ], [ 77.2982, 13.3582 ], [ 77.2745, 13.3675 ], [ 77.2424, 13.3664 ], [ 77.2446, 13.3766 ], [ 77.2086, 13.3869 ], [ 77.2295, 13.3991 ], [ 77.2153, 13.411 ], [ 77.227, 13.425 ], [ 77.2086, 13.4242 ], [ 77.2136, 13.4584 ], [ 77.197, 13.4628 ], [ 77.1994, 13.4741 ], [ 77.2717, 13.4603 ], [ 77.2739, 13.4687 ], [ 77.2854, 13.4677 ], [ 77.2939, 13.4792 ] ] ] } },
{ "type": "Feature", "properties": { "area_id": "KGIS-H-180602", "name_en": "Hebburu", "name_kn": "", "level": "panchayat", "parent_id": "KGIS-T-1806", "district_en": "Tumakuru", "lgd_code": null }, "geometry": { "type": "Polygon", "coordinates": [ [ [ 76.9877, 13.3005 ], [ 77.0183, 13.2961 ], [ 77.0301, 13.2781 ], [ 77.0508, 13.2804 ], [ 77.0473, 13.2625 ], [ 77.056, 13.2445 ], [ 77.066, 13.2441 ], [ 77.0647, 13.234 ], [ 77.0914, 13.221 ], [ 77.1002, 13.1994 ], [ 77.1153, 13.198 ], [ 77.1384, 13.1777 ], [ 77.1288, 13.1643 ], [ 77.1188, 13.1635 ], [ 77.1159, 13.1312 ], [ 77.107, 13.1353 ], [ 77.1078, 13.1443 ], [ 77.0958, 13.1462 ], [ 77.0914, 13.1359 ], [ 77.0632, 13.1331 ], [ 77.0437, 13.12 ], [ 77.0242, 13.13 ], [ 77.0176, 13.1109 ], [ 77.005, 13.1149 ], [ 77.0019, 13.128 ], [ 76.9956, 13.1239 ], [ 76.9822, 13.1316 ], [ 76.9768, 13.1462 ], [ 76.9814, 13.1792 ], [ 76.9646, 13.1826 ], [ 76.9746, 13.1859 ], [ 76.9779, 13.2055 ], [ 76.9861, 13.2084 ], [ 76.9829, 13.2331 ], [ 76.9936, 13.2381 ], [ 76.9893, 13.2499 ], [ 76.9964, 13.2611 ], [ 76.99, 13.2688 ], [ 76.9832, 13.2618 ], [ 76.9777, 13.2618 ], [ 76.9785, 13.274 ], [ 76.9877, 13.3005 ] ], [ [ 77.0028, 13.2917 ], [ 77.0061, 13.2927 ], [ 77.0031, 13.2932 ], [ 77.0028, 13.2917 ] ] ] } },
{ "type": "Feature", "properties": { "area_id": "KGIS-H-180603", "name_en": "Bellavi", "name_kn": "", "level": "panchayat", "parent_id": "KGIS-T-1806", "district_en": "Tumakuru", "lgd_code": null }, "geometry": { "type": "Polygon", "coordinates": [ [ [ 77.0028, 13.5425 ], [ 77.0124, 13.5422 ], [ 77.008, 13.5216 ], [ 77.0209, 13.518 ], [ 77.0244, 13.4868 ], [ 77.0419, 13.484 ], [ 77.0356, 13.4671 ], [ 77.0574, 13.4616 ], [ 77.0595, 13.4351 ], [ 77.0463, 13.4273 ], [ 77.0495, 13.3892 ], [ 77.0691, 13.3837 ], [ 77.0577, 13.3714 ], [ 77.067, 13.3526 ], [ 77.0171, 13.3365 ], [ 76.9997, 13.3411 ], [ 76.9911, 13.3573 ], [ 76.9973, 13.3959 ], [ 76.9906, 13.4022 ], [ 76.9972, 13.4053 ], [ 76.9885, 13.4087 ], [ 76.9918, 13.4282 ], [ 76.9773, 13.4453 ], [ 76.9763, 13.4694 ], [ 76.9651, 13.4885 ], [ 76.9972, 13.5141 ], [ 76.9924, 13.5282 ], [ 77.0001, 13.5274 ], [ 77.0028, 13.5425 ] ] ] } },
{ "type": "Feature", "properties": { "area_id": "KGIS-H-180604", "name_en": "Guluru", "name_kn": "", "level": "panchayat", "parent_id": "KGIS-T-1806", "district_en": "Tumakuru", "lgd_code": null }, "geometry": { "type": "Polygon", "coordinates": [ [ [ 77.065, 13.3205 ], [ 77.0921, 13.3037 ], [ 77.1115, 13.3093 ], [ 77.1209, 13.2922 ], [ 77.1271, 13.2959 ], [ 77.1352, 13.2826 ], [ 77.1616, 13.2762 ], [ 77.174, 13.2595 ], [ 77.1864, 13.2558 ], [ 77.191, 13.2415 ], [ 77.1836, 13.23 ], [ 77.1934, 13.2253 ], [ 77.1986, 13.1952 ], [ 77.207, 13.1973 ], [ 77.2027, 13.1819 ], [ 77.1683, 13.184 ], [ 77.1625, 13.1965 ], [ 77.1426, 13.1735 ], [ 77.1153, 13.198 ], [ 77.0994, 13.2001 ], [ 77.0914, 13.221 ], [ 77.0704, 13.2278 ], [ 77.066, 13.2441 ], [ 77.056, 13.2445 ], [ 77.0473, 13.2625 ], [ 77.0508, 13.2804 ], [ 77.0301, 13.2781 ], [ 77.0368, 13.2972 ], [ 77.0489, 13.2965 ], [ 77.0424, 13.3124 ], [ 77.065, 13.3205 ] ] ] } },
{ "type": "Feature", "properties": { "area_id": "KGIS-H-180605", "name_en": "Urdigere", "name_kn": "", "level": "panchayat", "parent_id": "KGIS-T-1806", "district_en": "Tumakuru", "lgd_code": null }, "geometry": { "type": "Polygon", "coordinates": [ [ [ 77.227, 13.425 ], [ 77.2153, 13.411 ], [ 77.2295, 13.3991 ], [ 77.2086, 13.3869 ], [ 77.2446, 13.3766 ], [ 77.2424, 13.3664 ], [ 77.2745, 13.3675 ], [ 77.2982, 13.3582 ], [ 77.2816, 13.3436 ], [ 77.297, 13.3376 ], [ 77.2957, 13.3255 ], [ 77.3112, 13.3187 ], [ 77.3088, 13.31 ], [ 77.2816, 13.3107 ], [ 77.2822, 13.297 ], [ 77.2702, 13.3109 ], [ 77.2474, 13.3018 ], [ 77.2294, 13.3144 ], [ 77.2191, 13.2618 ], [ 77.2048, 13.2629 ], [ 77.19, 13.276 ], [ 77.1838, 13.2564 ], [ 77.1616, 13.2762 ], [ 77.1352, 13.2826 ], [ 77.1272, 13.2949 ], [ 77.1317, 13.3186 ], [ 77.161, 13.3242 ], [ 77.1742, 13.3428 ], [ 77.1668, 13.3423 ], [ 77.1638, 13.3655 ], [ 77.1513, 13.3746 ], [ 77.1679, 13.3857 ], [ 77.1537, 13.3924 ], [ 77.1508, 13.4034 ], [ 77.1587, 13.4002 ], [ 77.1844, 13.4183 ], [ 77.227, 13.425 ] ] ] } },
{ "type": "Feature", "properties": { "area_id": "KGIS-H-180606", "name_en": "Kora", "name_kn": "", "level": "panchayat", "parent_id": "KGIS-T-1806", "district_en": "Tumakuru", "lgd_code": null }, "geometry": { "type": "Polygon", "coordinates": [ [ [ 77.0478, 13.5492 ], [ 77.0603, 13.548 ], [ 77.0589, 13.5359 ], [ 77.08, 13.5193 ], [ 77.1515, 13.5018 ], [ 77.1469, 13.4829 ], [ 77.1595, 13.4691 ], [ 77.1746, 13.4789 ], [ 77.1929, 13.475 ], [ 77.197, 13.4628 ], [ 77.2136, 13.4584 ], [ 77.2086, 13.4242 ], [ 77.1778, 13.4158 ], [ 77.1587, 13.4002 ], [ 77.1326, 13.4054 ], [ 77.1317, 13.4222 ], [ 77.1091, 13.4432 ], [ 77.0852, 13.417 ], [ 77.0497, 13.42 ], [ 77.0463, 13.4273 ], [ 77.0595, 13.4351 ], [ 77.0574, 13.4616 ], [ 77.0356, 13.4671 ], [ 77.0419, 13.484 ], [ 77.0244, 13.4868 ], [ 77.0209, 13.518 ], [ 77.0076, 13.5278 ], [ 77.0098, 13.5358 ], [ 77.0487, 13.537 ], [ 77.0478, 13.5492 ] ] ] } },
{ "type": "Feature", "properties": { "area_id": "KGIS-H-180607", "name_en": "Kasaba North", "name_kn": "", "level": "panchayat", "parent_id": "KGIS-T-1806", "district_en": "Tumakuru", "lgd_code": null }, "geometry": { "type": "Polygon", "coordinates": [ [ [ 77.1091, 13.4432 ], [ 77.1192, 13.4393 ], [ 77.121, 13.4281 ], [ 77.1318, 13.422 ], [ 77.1289, 13.4098 ], [ 77.1412, 13.4003 ], [ 77.1212, 13.3756 ], [ 77.1382, 13.3666 ], [ 77.1244, 13.3528 ], [ 77.1301, 13.3417 ], [ 77.1219, 13.3276 ], [ 77.0855, 13.3411 ], [ 77.0764, 13.333 ], [ 77.0699, 13.3413 ], [ 77.0761, 13.3447 ], [ 77.0726, 13.3555 ], [ 77.0577, 13.3712 ], [ 77.0691, 13.3837 ], [ 77.0495, 13.3892 ], [ 77.0496, 13.42 ], [ 77.0852, 13.417 ], [ 77.1091, 13.4432 ] ] ] } },
{ "type": "Feature", "properties": { "area_id": "KGIS-H-180608", "name_en": "Kasaba South", "name_kn": "", "level": "panchayat", "parent_id": "KGIS-T-1806", "district_en": "Tumakuru", "lgd_code": null }, "geometry": { "type": "Polygon", "coordinates": [ [ [ 77.1275, 13.3352 ], [ 77.136, 13.3239 ], [ 77.1327, 13.3006 ], [ 77.1236, 13.2922 ], [ 77.1115, 13.3093 ], [ 77.0921, 13.3037 ], [ 77.082, 13.3133 ], [ 77.0944, 13.3351 ], [ 77.1219, 13.3276 ], [ 77.1275, 13.3352 ] ] ] } },
{ "type": "Feature", "properties": { "area_id": "KGIS-H-180609", "name_en": "Kasaba East", "name_kn": "", "level": "panchayat", "parent_id": "KGIS-T-1806", "district_en": "Tumakuru", "lgd_code": null }, "geometry": { "type": "Polygon", "coordinates": [ [ [ 77.151, 13.4032 ], [ 77.1537, 13.3924 ], [ 77.1679, 13.3857 ], [ 77.1513, 13.3746 ], [ 77.1638, 13.3655 ], [ 77.1668, 13.3423 ], [ 77.1742, 13.3428 ], [ 77.161, 13.3242 ], [ 77.1352, 13.3206 ], [ 77.1242, 13.3501 ], [ 77.1382, 13.3666 ], [ 77.1212, 13.3756 ], [ 77.1318, 13.383 ], [ 77.1317, 13.3942 ], [ 77.151, 13.4032 ] ] ] } },
{ "type": "Feature", "properties": { "area_id": "KGIS-H-180610", "name_en": "Kasaba West", "name_kn": "", "level": "panchayat", "parent_id": "KGIS-T-1806", "district_en": "Tumakuru", "lgd_code": null }, "geometry": { "type": "MultiPolygon", "coordinates": [ [ [ [ 77.0061, 13.2927 ], [ 77.0028, 13.2917 ], [ 77.0031, 13.2932 ], [ 77.0061, 13.2927 ] ] ], [ [ [ 77.0726, 13.3548 ], [ 77.0764, 13.333 ], [ 77.0855, 13.3411 ], [ 77.0954, 13.3373 ], [ 77.082, 13.3133 ], [ 77.065, 13.3205 ], [ 77.0424, 13.3124 ], [ 77.0489, 13.2965 ], [ 77.0368, 13.2972 ], [ 77.0301, 13.2781 ], [ 77.0183, 13.2961 ], [ 76.9975, 13.3002 ], [ 77.005, 13.338 ], [ 77.0726, 13.3548 ] ] ] ] } },
{ "type": "Feature", "properties": { "area_id": "KGIS-H-180701", "name_en": "Kasaba", "name_kn": "", "level": "panchayat", "parent_id": "KGIS-T-1807", "district_en": "Tumakuru", "lgd_code": null }, "geometry": { "type": "Polygon", "coordinates": [ [ [ 76.9656, 13.3888 ], [ 77.005, 13.3379 ], [ 76.9973, 13.3027 ], [ 76.9877, 13.3005 ], [ 76.9785, 13.274 ], [ 76.9777, 13.2618 ], [ 76.99, 13.2688 ], [ 76.9964, 13.2611 ], [ 76.9893, 13.2499 ], [ 76.9936, 13.2381 ], [ 76.9829, 13.2331 ], [ 76.9861, 13.2084 ], [ 76.9779, 13.2055 ], [ 76.9746, 13.1859 ], [ 76.9601, 13.1809 ], [ 76.9457, 13.1826 ], [ 76.9338, 13.1965 ], [ 76.9221, 13.2277 ], [ 76.925, 13.2525 ], [ 76.9164, 13.2667 ], [ 76.8957, 13.2733 ], [ 76.8976, 13.2868 ], [ 76.8888, 13.2896 ], [ 76.8953, 13.3086 ], [ 76.911, 13.3075 ], [ 76.9111, 13.3273 ], [ 76.8795, 13.3402 ], [ 76.8892, 13.3687 ], [ 76.8851, 13.3769 ], [ 76.91, 13.3773 ], [ 76.9201, 13.3603 ], [ 76.9315, 13.3562 ], [ 76.941, 13.3739 ], [ 76.9634, 13.3725 ], [ 76.9564, 13.3891 ], [ 76.9656, 13.3888 ] ] ] } },
{ "type": "Feature", "properties": { "area_id": "KGIS-H-180702", "name_en": "Nitturu", "name_kn": "", "level": "panchayat", "parent_id": "KGIS-T-1807", "district_en": "Tumakuru", "lgd_code": null }, "geometry": { "type": "Polygon", "coordinates": [ [ [ 76.7586, 13.4673 ], [ 76.7741, 13.4484 ], [ 76.7678, 13.4356 ], [ 76.8001, 13.4331 ], [ 76.8052, 13.4038 ], [ 76.8182, 13.4 ], [ 76.8242, 13.4101 ], [ 76.8488, 13.4031 ], [ 76.8605, 13.4086 ], [ 76.8629, 13.4193 ], [ 76.8957, 13.3993 ], [ 76.9044, 13.4041 ], [ 76.907, 13.3773 ], [ 76.8845, 13.3762 ], [ 76.8892, 13.3687 ], [ 76.8795, 13.3402 ], [ 76.9096, 13.3298 ], [ 76.911, 13.3075 ], [ 76.8953, 13.3086 ], [ 76.8888, 13.2896 ], [ 76.861, 13.2948 ], [ 76.8475, 13.2781 ], [ 76.838, 13.2787 ], [ 76.8283, 13.3094 ], [ 76.8125, 13.3215 ], [ 76.7844, 13.3206 ], [ 76.786, 13.3063 ], [ 76.7426, 13.2933 ], [ 76.7382, 13.3084 ], [ 76.7203, 13.3077 ], [ 76.7107, 13.3153 ], [ 76.7102, 13.3325 ], [ 76.7167, 13.3315 ], [ 76.7202, 13.3415 ], [ 76.7065, 13.3505 ], [ 76.7135, 13.3729 ], [ 76.7031, 13.4026 ], [ 76.7281, 13.3993 ], [ 76.728, 13.4075 ], [ 76.7596, 13.4192 ], [ 76.7489, 13.4394 ], [ 76.759, 13.4421 ], [ 76.7586, 13.4673 ] ] ] } },
{ "type": "Feature", "properties": { "area_id": "KGIS-H-180703", "name_en": "Cheluru", "name_kn": "", "level": "panchayat", "parent_id": "KGIS-T-1807", "district_en": "Tumakuru", "lgd_code": null }, "geometry": { "type": "Polygon", "coordinates": [ [ [ 76.8697, 13.5651 ], [ 76.912, 13.5649 ], [ 76.9273, 13.5428 ], [ 76.9214, 13.4938 ], [ 76.9548, 13.4918 ], [ 76.9726, 13.4797 ], [ 76.9773, 13.4453 ], [ 76.9919, 13.428 ], [ 76.9885, 13.4087 ], [ 76.9972, 13.4053 ], [ 76.9906, 13.4022 ], [ 76.9973, 13.3959 ], [ 76.9908, 13.3594 ], [ 76.9644, 13.3897 ], [ 76.9563, 13.3886 ], [ 76.9634, 13.3725 ], [ 76.941, 13.3739 ], [ 76.9339, 13.3569 ], [ 76.9201, 13.3603 ], [ 76.907, 13.3773 ], [ 76.9044, 13.4041 ], [ 76.8957, 13.3993 ], [ 76.8612, 13.419 ], [ 76.8578, 13.4573 ], [ 76.8314, 13.4608 ], [ 76.8332, 13.4688 ], [ 76.8096, 13.4824 ], [ 76.805, 13.5114 ], [ 76.8639, 13.501 ], [ 76.8697, 13.5651 ] ] ] } },
{ "type": "Feature", "properties": { "area_id": "KGIS-H-180704", "name_en": "Kadaba", "name_kn": "", "level": "panchayat", "parent_id": "KGIS-T-1807", "district_en": "Tumakuru", "lgd_code": null }, "geometry": { "type": "MultiPolygon", "coordinates": [ [ [ [ 76.8178, 13.3182 ], [ 76.8283, 13.3094 ], [ 76.838, 13.2787 ], [ 76.8593, 13.2857 ], [ 76.861, 13.2948 ], [ 76.8976, 13.2868 ], [ 76.8957, 13.2733 ], [ 76.9164, 13.2667 ], [ 76.925, 13.2525 ], [ 76.9221, 13.2277 ], [ 76.9349, 13.2065 ], [ 76.929, 13.1898 ], [ 76.9207, 13.1975 ], [ 76.9199, 13.19 ], [ 76.9069, 13.1887 ], [ 76.9104, 13.1739 ], [ 76.8939, 13.1711 ], [ 76.892, 13.1825 ], [ 76.878, 13.1634 ], [ 76.8647, 13.1696 ], [ 76.8626, 13.1526 ], [ 76.8476, 13.1511 ], [ 76.8367, 13.1389 ], [ 76.8285, 13.1407 ], [ 76.8245, 13.1598 ], [ 76.804, 13.1615 ], [ 76.7963, 13.1967 ], [ 76.7999, 13.2115 ], [ 76.8327, 13.2188 ], [ 76.8346, 13.2478 ], [ 76.8301, 13.2562 ], [ 76.82, 13.2463 ], [ 76.8048, 13.2472 ], [ 76.801, 13.2692 ], [ 76.7814, 13.2677 ], [ 76.7615, 13.2958 ], [ 76.786, 13.3063 ], [ 76.7844, 13.3206 ], [ 76.8178, 13.3182 ] ] ], [ [ [ 76.7636, 13.276 ], [ 76.771, 13.2809 ], [ 76.773, 13.2703 ], [ 76.7636, 13.276 ] ] ] ] } },
{ "type": "Feature", "properties": { "area_id": "KGIS-H-180705", "name_en": "Hagalavadi", "name_kn": "", "level": "panchayat", "parent_id": "KGIS-T-1807", "district_en": "Tumakuru", "lgd_code": null }, "geometry": { "type": "Polygon", "coordinates": [ [ [ 76.832, 13.5871 ], [ 76.8542, 13.5869 ], [ 76.8554, 13.5667 ], [ 76.8697, 13.5651 ], [ 76.8639, 13.501 ], [ 76.805, 13.5114 ], [ 76.8096, 13.4824 ], [ 76.8332, 13.4688 ], [ 76.8314, 13.4608 ], [ 76.8578, 13.4573 ], [ 76.8607, 13.41 ], [ 76.8488, 13.4031 ], [ 76.8242, 13.4101 ], [ 76.8144, 13.4003 ], [ 76.8021, 13.4098 ], [ 76.8001, 13.4331 ], [ 76.7678, 13.4356 ], [ 76.7741, 13.4484 ], [ 76.7664, 13.462 ], [ 76.7586, 13.4673 ], [ 76.7574, 13.4511 ], [ 76.7338, 13.4572 ], [ 76.7263, 13.5094 ], [ 76.7114, 13.5144 ], [ 76.6966, 13.5393 ], [ 76.7121, 13.55 ], [ 76.7045, 13.582 ], [ 76.7245, 13.5757 ], [ 76.7608, 13.5872 ], [ 76.8018, 13.5819 ], [ 76.8321, 13.593 ], [ 76.832, 13.5871 ] ] ] } },
{ "type": "Feature", "properties": { "area_id": "KGIS-H-180706", "name_en": "C S Pura", "name_kn": "", "level": "panchayat", "parent_id": "KGIS-T-1807", "district_en": "Tumakuru", "lgd_code": null }, "geometry": { "type": "Polygon", "coordinates": [ [ [ 76.9207, 13.1975 ], [ 76.9371, 13.1966 ], [ 76.9457, 13.1826 ], [ 76.9814, 13.1792 ], [ 76.9768, 13.1462 ], [ 76.9842, 13.1286 ], [ 76.9672, 13.1153 ], [ 76.9824, 13.0949 ], [ 76.9158, 13.0925 ], [ 76.898, 13.114 ], [ 76.8749, 13.1098 ], [ 76.8582, 13.1312 ], [ 76.8554, 13.125 ], [ 76.8465, 13.1298 ], [ 76.8493, 13.1351 ], [ 76.8373, 13.1356 ], [ 76.8362, 13.145 ], [ 76.8631, 13.1531 ], [ 76.8647, 13.1696 ], [ 76.878, 13.1634 ], [ 76.892, 13.1825 ], [ 76.8939, 13.1711 ], [ 76.9104, 13.1739 ], [ 76.907, 13.1889 ], [ 76.9199, 13.19 ], [ 76.9207, 13.1975 ] ] ] } },
{ "type": "Feature", "properties": { "area_id": "KGIS-H-180801", "name_en": "Kasaba", "name_kn": "", "level": "panchayat", "parent_id": "KGIS-T-1808", "district_en": "Tumakuru", "lgd_code": null }, "geometry": { "type": "Polygon", "coordinates": [ [ [ 76.5332, 13.2916 ], [ 76.5527, 13.2295 ], [ 76.5364, 13.2313 ], [ 76.5396, 13.2247 ], [ 76.5228, 13.2216 ], [ 76.5014, 13.2367 ], [ 76.4863, 13.2293 ], [ 76.4741, 13.18 ], [ 76.4373, 13.1702 ], [ 76.4133, 13.1912 ], [ 76.3937, 13.1889 ], [ 76.3939, 13.1974 ], [ 76.37, 13.2001 ], [ 76.38, 13.2323 ], [ 76.3643, 13.2348 ], [ 76.3566, 13.2505 ], [ 76.3572, 13.2868 ], [ 76.3471, 13.2975 ], [ 76.3517, 13.3258 ], [ 76.3603, 13.3261 ], [ 76.363, 13.3063 ], [ 76.3859, 13.3131 ], [ 76.3854, 13.3005 ], [ 76.4051, 13.3093 ], [ 76.4094, 13.3005 ], [ 76.418, 13.3144 ], [ 76.4289, 13.3161 ], [ 76.4215, 13.2826 ], [ 76.4518, 13.2803 ], [ 76.4681, 13.2896 ], [ 76.4853, 13.2886 ], [ 76.4924, 13.3024 ], [ 76.5191, 13.3148 ], [ 76.521, 13.3273 ], [ 76.5355, 13.3337 ], [ 76.5457, 13.32 ], [ 76.5332, 13.2916 ] ] ] } },
{ "type": "Feature", "properties": { "area_id": "KGIS-H-180802", "name_en": "Honnavalli", "name_kn": "", "level": "panchayat", "parent_id": "KGIS-T-1808", "district_en": "Tumakuru", "lgd_code": null }, "geometry": { "type": "Polygon", "coordinates": [ [ [ 76.4297, 13.4178 ], [ 76.4501, 13.4188 ], [ 76.4616, 13.4114 ], [ 76.4833, 13.4165 ], [ 76.5155, 13.3942 ], [ 76.5179, 13.3797 ], [ 76.5414, 13.3749 ], [ 76.5431, 13.3366 ], [ 76.521, 13.3273 ], [ 76.5191, 13.3148 ], [ 76.4924, 13.3024 ], [ 76.4853, 13.2886 ], [ 76.4681, 13.2896 ], [ 76.4539, 13.2804 ], [ 76.4222, 13.2822 ], [ 76.4289, 13.3161 ], [ 76.418, 13.3144 ], [ 76.4094, 13.3005 ], [ 76.4051, 13.3093 ], [ 76.3854, 13.3005 ], [ 76.3859, 13.3131 ], [ 76.363, 13.3063 ], [ 76.3603, 13.3261 ], [ 76.3517, 13.3258 ], [ 76.3459, 13.3599 ], [ 76.3829, 13.364 ], [ 76.3935, 13.3788 ], [ 76.3897, 13.3945 ], [ 76.4043, 13.431 ], [ 76.4092, 13.4366 ], [ 76.4297, 13.4178 ] ] ] } },
{ "type": "Feature", "properties": { "area_id": "KGIS-H-180803", "name_en": "Kibbanahalli", "name_kn": "", "level": "panchayat", "parent_id": "KGIS-T-1808", "district_en": "Tumakuru", "lgd_code": null }, "geometry": { "type": "Polygon", "coordinates": [ [ [ 76.7012, 13.3506 ], [ 76.7202, 13.3415 ], [ 76.7167, 13.3315 ], [ 76.7102, 13.3325 ], [ 76.7099, 13.3166 ], [ 76.7232, 13.306 ], [ 76.6912, 13.3024 ], [ 76.6901, 13.2741 ], [ 76.6657, 13.2823 ], [ 76.6635, 13.2761 ], [ 76.6354, 13.2728 ], [ 76.6492, 13.2852 ], [ 76.618, 13.2841 ], [ 76.6207, 13.2648 ], [ 76.6321, 13.255 ], [ 76.6198, 13.2391 ], [ 76.6041, 13.2418 ], [ 76.5899, 13.2222 ], [ 76.5906, 13.2106 ], [ 76.5574, 13.2136 ], [ 76.5334, 13.29 ], [ 76.5457, 13.32 ], [ 76.5402, 13.3316 ], [ 76.5667, 13.329 ], [ 76.5977, 13.3409 ], [ 76.597, 13.324 ], [ 76.6125, 13.3245 ], [ 76.6134, 13.3148 ], [ 76.6294, 13.3142 ], [ 76.651, 13.3329 ], [ 76.679, 13.336 ], [ 76.6923, 13.3464 ], [ 76.7007, 13.3424 ], [ 76.7012, 13.3506 ] ] ] } },
{ "type": "Feature", "properties": { "area_id": "KGIS-H-180804", "name_en": "Nonavinakere", "name_kn": "", "level": "panchayat", "parent_id": "KGIS-T-1808", "district_en": "Tumakuru", "lgd_code": null }, "geometry": { "type": "Polygon", "coordinates": [ [ [ 76.501, 13.2367 ], [ 76.5183, 13.2221 ], [ 76.5396, 13.2247 ], [ 76.5364, 13.2313 ], [ 76.5433, 13.2322 ], [ 76.5527, 13.2295 ], [ 76.5574, 13.2136 ], [ 76.6119, 13.2073 ], [ 76.5897, 13.145 ], [ 76.5662, 13.1514 ], [ 76.5534, 13.0768 ], [ 76.5226, 13.0782 ], [ 76.5156, 13.069 ], [ 76.4951, 13.0944 ], [ 76.4714, 13.0933 ], [ 76.4734, 13.1498 ], [ 76.4552, 13.1508 ], [ 76.4452, 13.1684 ], [ 76.4589, 13.1805 ], [ 76.4753, 13.1814 ], [ 76.4831, 13.227 ], [ 76.501, 13.2367 ] ], [ [ 76.5262, 13.1235 ], [ 76.5169, 13.1025 ], [ 76.5414, 13.1061 ], [ 76.5403, 13.1175 ], [ 76.5262, 13.1235 ] ] ] } },
{ "type": "Feature", "properties": { "area_id": "KGIS-H-180901", "name_en": "Kasaba", "name_kn": "", "level": "panchayat", "parent_id": "KGIS-T-1809", "district_en": "Tumakuru", "lgd_code": null }, "geometry": { "type": "MultiPolygon", "coordinates": [ [ [ [ 76.6951, 13.123 ], [ 76.694, 13.1226 ], [ 76.6942, 13.1233 ], [ 76.6951, 13.123 ] ] ], [ [ [ 76.7096, 13.2991 ], [ 76.7091, 13.2805 ], [ 76.6918, 13.2514 ], [ 76.6996, 13.239 ], [ 76.6916, 13.2054 ], [ 76.713, 13.2011 ], [ 76.718, 13.1849 ], [ 76.7397, 13.186 ], [ 76.7646, 13.174 ], [ 76.764, 13.152 ], [ 76.7531, 13.1379 ], [ 76.738, 13.1364 ], [ 76.7317, 13.1218 ], [ 76.6977, 13.1297 ], [ 76.6941, 13.1245 ], [ 76.6877, 13.1073 ], [ 76.6711, 13.1087 ], [ 76.6731, 13.138 ], [ 76.6599, 13.1277 ], [ 76.6195, 13.1358 ], [ 76.6123, 13.1533 ], [ 76.5961, 13.1619 ], [ 76.6119, 13.2073 ], [ 76.5908, 13.2104 ], [ 76.5891, 13.219 ], [ 76.6054, 13.243 ], [ 76.6198, 13.2391 ], [ 76.6321, 13.2549 ], [ 76.6207, 13.2648 ], [ 76.618, 13.2841 ], [ 76.6492, 13.2852 ], [ 76.6354, 13.2728 ], [ 76.6635, 13.2761 ], [ 76.6657, 13.2823 ], [ 76.6901, 13.2741 ], [ 76.6912, 13.3024 ], [ 76.7096, 13.2991 ] ] ] ] } },
{ "type": "Feature", "properties": { "area_id": "KGIS-H-180902", "name_en": "Dandinashivara", "name_kn": "", "level": "panchayat", "parent_id": "KGIS-T-1809", "district_en": "Tumakuru", "lgd_code": null }, "geometry": { "type": "Polygon", "coordinates": [ [ [ 76.7399, 13.3068 ], [ 76.7426, 13.2933 ], [ 76.7619, 13.2958 ], [ 76.7814, 13.2677 ], [ 76.801, 13.2692 ], [ 76.8048, 13.2472 ], [ 76.82, 13.2463 ], [ 76.8301, 13.2562 ], [ 76.8355, 13.2456 ], [ 76.8327, 13.2188 ], [ 76.7972, 13.2077 ], [ 76.804, 13.1615 ], [ 76.7869, 13.1543 ], [ 76.764, 13.152 ], [ 76.7646, 13.174 ], [ 76.7397, 13.186 ], [ 76.718, 13.1849 ], [ 76.713, 13.2011 ], [ 76.6916, 13.2054 ], [ 76.6996, 13.239 ], [ 76.6918, 13.2514 ], [ 76.7091, 13.2805 ], [ 76.7099, 13.3035 ], [ 76.7399, 13.3068 ] ], [ [ 76.7704, 13.2697 ], [ 76.771, 13.2809 ], [ 76.7645, 13.2808 ], [ 76.7636, 13.276 ], [ 76.7704, 13.2697 ] ] ] } },
{ "type": "Feature", "properties": { "area_id": "KGIS-H-180903", "name_en": "Mayasandra", "name_kn": "", "level": "panchayat", "parent_id": "KGIS-T-1809", "district_en": "Tumakuru", "lgd_code": null }, "geometry": { "type": "Polygon", "coordinates": [ [ [ 76.7641, 13.1521 ], [ 76.8262, 13.1574 ], [ 76.8286, 13.1405 ], [ 76.8493, 13.1351 ], [ 76.8465, 13.1298 ], [ 76.8554, 13.125 ], [ 76.8582, 13.1312 ], [ 76.8749, 13.1098 ], [ 76.898, 13.114 ], [ 76.916, 13.0969 ], [ 76.9013, 13.0658 ], [ 76.8817, 13.062 ], [ 76.8664, 13.0402 ], [ 76.8542, 13.036 ], [ 76.8494, 13.0512 ], [ 76.8339, 13.0515 ], [ 76.837, 13.0345 ], [ 76.8292, 13.019 ], [ 76.839, 13.0122 ], [ 76.8348, 13.003 ], [ 76.8287, 13.0015 ], [ 76.8155, 13.0134 ], [ 76.7858, 13.0145 ], [ 76.7824, 13.0305 ], [ 76.7262, 13.0398 ], [ 76.7247, 13.083 ], [ 76.7167, 13.0857 ], [ 76.7085, 13.1138 ], [ 76.6934, 13.1217 ], [ 76.6941, 13.1245 ], [ 76.6977, 13.1297 ], [ 76.7317, 13.1218 ], [ 76.738, 13.1364 ], [ 76.7531, 13.1379 ], [ 76.7641, 13.1521 ] ], [ [ 76.6949, 13.1223 ], [ 76.6942, 13.1233 ], [ 76.694, 13.1226 ], [ 76.6949, 13.1223 ] ] ] } },
{ "type": "Feature", "properties": { "area_id": "KGIS-H-180904", "name_en": "Dabbeghatta", "name_kn": "", "level": "panchayat", "parent_id": "KGIS-T-1809", "district_en": "Tumakuru", "lgd_code": null }, "geometry": { "type": "MultiPolygon", "coordinates": [ [ [ [ 76.5992, 13.1621 ], [ 76.6195, 13.1358 ], [ 76.6599, 13.1277 ], [ 76.6731, 13.138 ], [ 76.6711, 13.1087 ], [ 76.6877, 13.1073 ], [ 76.6937, 13.1181 ], [ 76.7081, 13.1143 ], [ 76.7167, 13.0857 ], [ 76.7247, 13.083 ], [ 76.7262, 13.0398 ], [ 76.6936, 13.0371 ], [ 76.6706, 13.0551 ], [ 76.6531, 13.0076 ], [ 76.631, 13.004 ], [ 76.6057, 13.0116 ], [ 76.6053, 13.0533 ], [ 76.6192, 13.0538 ], [ 76.6183, 13.0639 ], [ 76.6078, 13.0738 ], [ 76.5534, 13.0768 ], [ 76.5517, 13.0915 ], [ 76.5669, 13.1297 ], [ 76.5662, 13.1514 ], [ 76.5897, 13.145 ], [ 76.5992, 13.1621 ] ] ], [ [ [ 76.5178, 13.116 ], [ 76.5403, 13.1175 ], [ 76.5414, 13.1061 ], [ 76.5169, 13.1025 ], [ 76.5178, 13.116 ] ] ] ] } },
{ "type": "Feature", "properties": { "area_id": "KGIS-H-181001", "name_en": "Kasaba", "name_kn": "", "level": "panchayat", "parent_id": "KGIS-T-1810", "district_en": "Tumakuru", "lgd_code": null }, "geometry": { "type": "Polygon", "coordinates": [ [ [ 77.0323, 13.0505 ], [ 77.0417, 13.0257 ], [ 77.0637, 13.0391 ], [ 77.0627, 13.0151 ], [ 77.0724, 12.999 ], [ 77.0728, 12.989 ], [ 77.0603, 12.9865 ], [ 77.0661, 12.9698 ], [ 77.0529, 12.9593 ], [ 77.0582, 12.9243 ], [ 77.04, 12.9202 ], [ 77.0405, 12.9078 ], [ 77.0238, 12.9025 ], [ 77.0182, 12.8738 ], [ 76.986, 12.8778 ], [ 76.9732, 12.9272 ], [ 76.9904, 12.9573 ], [ 76.9892, 12.9927 ], [ 76.9723, 13.0032 ], [ 76.9909, 13.0047 ], [ 76.9705, 13.0085 ], [ 76.9698, 13.0166 ], [ 76.9836, 13.0167 ], [ 76.984, 13.0317 ], [ 77.0017, 13.0298 ], [ 77.0077, 13.0444 ], [ 77.013, 13.0436 ], [ 77.0088, 13.0292 ], [ 77.0206, 13.0435 ], [ 77.0301, 13.0406 ], [ 77.0323, 13.0505 ] ] ] } },
{ "type": "Feature", "properties": { "area_id": "KGIS-H-181002", "name_en": "Kottagere", "name_kn": "", "level": "panchayat", "parent_id": "KGIS-T-1810", "district_en": "Tumakuru", "lgd_code": null }, "geometry": { "type": "MultiPolygon", "coordinates": [ [ [ [ 77.0812, 13.0726 ], [ 77.0818, 13.0695 ], [ 77.0795, 13.0688 ], [ 77.0812, 13.0726 ] ] ], [ [ [ 77.0794, 13.1328 ], [ 77.0712, 13.1314 ], [ 77.0699, 13.1208 ], [ 77.0817, 13.0864 ], [ 77.0702, 13.0665 ], [ 77.0807, 13.0625 ], [ 77.0687, 13.0374 ], [ 77.0557, 13.0386 ], [ 77.0417, 13.0257 ], [ 77.0323, 13.0505 ], [ 77.0301, 13.0406 ], [ 77.0203, 13.0433 ], [ 77.0104, 13.0295 ], [ 77.0106, 13.045 ], [ 77.0008, 13.0396 ], [ 77.0017, 13.0298 ], [ 76.984, 13.0317 ], [ 76.9836, 13.0167 ], [ 76.9739, 13.0161 ], [ 76.9639, 13.017 ], [ 76.9607, 13.041 ], [ 76.9406, 13.0439 ], [ 76.9388, 13.0827 ], [ 76.9709, 13.0759 ], [ 76.9727, 13.0908 ], [ 76.9824, 13.0949 ], [ 76.9687, 13.1117 ], [ 76.9701, 13.1227 ], [ 77.0018, 13.128 ], [ 77.005, 13.1149 ], [ 77.0176, 13.1109 ], [ 77.0242, 13.13 ], [ 77.0437, 13.12 ], [ 77.0632, 13.1331 ], [ 77.0794, 13.1328 ] ] ] ] } },
{ "type": "Feature", "properties": { "area_id": "KGIS-H-181003", "name_en": "Hutridurga", "name_kn": "", "level": "panchayat", "parent_id": "KGIS-T-1810", "district_en": "Tumakuru", "lgd_code": null }, "geometry": { "type": "Polygon", "coordinates": [ [ [ 77.0796, 13.0399 ], [ 77.1181, 13.0145 ], [ 77.1029, 13.0072 ], [ 77.0976, 12.9982 ], [ 77.1032, 12.9928 ], [ 77.1289, 12.9954 ], [ 77.1236, 13.0067 ], [ 77.1366, 13.0017 ], [ 77.1447, 12.9862 ], [ 77.1328, 12.9862 ], [ 77.1311, 12.9757 ], [ 77.1569, 12.9582 ], [ 77.1652, 12.9289 ], [ 77.1579, 12.9137 ], [ 77.1415, 12.9163 ], [ 77.1324, 12.8979 ], [ 77.1244, 12.9016 ], [ 77.0891, 12.8881 ], [ 77.0809, 12.8765 ], [ 77.0749, 12.8776 ], [ 77.0681, 12.9244 ], [ 77.0582, 12.9243 ], [ 77.0586, 12.9536 ], [ 77.0527, 12.9573 ], [ 77.0661, 12.9698 ], [ 77.0603, 12.9865 ], [ 77.0734, 12.9912 ], [ 77.0627, 13.0151 ], [ 77.0648, 13.0369 ], [ 77.0796, 13.0399 ] ], [ [ 77.1362, 12.9208 ], [ 77.11, 12.9289 ], [ 77.1143, 12.9133 ], [ 77.1362, 12.9208 ] ] ] } },
{ "type": "Feature", "properties": { "area_id": "KGIS-H-181004", "name_en": "Yadiyuru", "name_kn": "", "level": "panchayat", "parent_id": "KGIS-T-1810", "district_en": "Tumakuru", "lgd_code": null }, "geometry": { "type": "Polygon", "coordinates": [ [ [ 76.9416, 13.0964 ], [ 76.9727, 13.0908 ], [ 76.9709, 13.0759 ], [ 76.9388, 13.0827 ], [ 76.9396, 13.0507 ], [ 76.9406, 13.0439 ], [ 76.9607, 13.041 ], [ 76.9705, 13.0085 ], [ 76.9835, 13.0081 ], [ 76.9909, 13.0047 ], [ 76.9723, 13.0032 ], [ 76.9892, 12.9927 ], [ 76.9904, 12.9573 ], [ 76.9712, 12.9524 ], [ 76.962, 12.9617 ], [ 76.943, 12.9638 ], [ 76.938, 12.9777 ], [ 76.9268, 12.9783 ], [ 76.9196, 12.9759 ], [ 76.9183, 12.9547 ], [ 76.8999, 12.9528 ], [ 76.9002, 12.9418 ], [ 76.8933, 12.9395 ], [ 76.8887, 12.9487 ], [ 76.8752, 12.9451 ], [ 76.8882, 12.9568 ], [ 76.8871, 12.9649 ], [ 76.8677, 12.9772 ], [ 76.8682, 12.953 ], [ 76.8356, 12.9434 ], [ 76.8394, 12.9731 ], [ 76.8515, 12.978 ], [ 76.8263, 12.999 ], [ 76.839, 13.0122 ], [ 76.8292, 13.019 ], [ 76.837, 13.0345 ], [ 76.8339, 13.0515 ], [ 76.8494, 13.0512 ], [ 76.8508, 13.0375 ], [ 76.8585, 13.0368 ], [ 76.8817, 13.062 ], [ 76.9013, 13.0658 ], [ 76.9065, 13.0875 ], [ 76.9416, 13.0964 ] ] ] } },
{ "type": "Feature", "properties": { "area_id": "KGIS-H-181005", "name_en": "Amrutturu", "name_kn": "", "level": "panchayat", "parent_id": "KGIS-T-1810", "district_en": "Tumakuru", "lgd_code": null }, "geometry": { "type": "Polygon", "coordinates": [ [ [ 76.9196, 12.9759 ], [ 76.9444, 12.9727 ], [ 76.943, 12.9638 ], [ 76.9806, 12.9498 ], [ 76.9752, 12.9118 ], [ 76.997, 12.8546 ], [ 76.994, 12.8358 ], [ 76.9793, 12.833 ], [ 76.9736, 12.8013 ], [ 76.9419, 12.8047 ], [ 76.9352, 12.7993 ], [ 76.9222, 12.8056 ], [ 76.8913, 12.8501 ], [ 76.8886, 12.8974 ], [ 76.8656, 12.9051 ], [ 76.8679, 12.9186 ], [ 76.8971, 12.921 ], [ 76.8918, 12.933 ], [ 76.862, 12.9283 ], [ 76.8611, 12.9357 ], [ 76.8493, 12.9384 ], [ 76.8542, 12.9516 ], [ 76.8692, 12.9546 ], [ 76.8635, 12.9756 ], [ 76.8762, 12.9774 ], [ 76.8762, 12.9666 ], [ 76.8869, 12.9652 ], [ 76.8882, 12.9568 ], [ 76.875, 12.9455 ], [ 76.8887, 12.9487 ], [ 76.8933, 12.9395 ], [ 76.9002, 12.9418 ], [ 76.8999, 12.9528 ], [ 76.9183, 12.9547 ], [ 76.9196, 12.9759 ] ] ] } },
{ "type": "Feature", "properties": { "area_id": "KGIS-H-181006", "name_en": "Huliyuru Durga", "name_kn": "", "level": "panchayat", "parent_id": "KGIS-T-1810", "district_en": "Tumakuru", "lgd_code": null }, "geometry": { "type": "MultiPolygon", "coordinates": [ [ [ [ 77.0684, 12.922 ], [ 77.0749, 12.8776 ], [ 77.1057, 12.8926 ], [ 77.119, 12.8842 ], [ 77.1332, 12.8883 ], [ 77.133, 12.8588 ], [ 77.1494, 12.8482 ], [ 77.1501, 12.8304 ], [ 77.1572, 12.8273 ], [ 77.138, 12.8127 ], [ 77.1499, 12.7868 ], [ 77.1228, 12.7739 ], [ 77.1066, 12.7802 ], [ 77.0947, 12.7708 ], [ 77.092, 12.7511 ], [ 77.0799, 12.7597 ], [ 77.0762, 12.7458 ], [ 77.0678, 12.7592 ], [ 77.049, 12.7476 ], [ 77.0441, 12.7777 ], [ 77.026, 12.7625 ], [ 77.0085, 12.7639 ], [ 77.0096, 12.7809 ], [ 76.9987, 12.7771 ], [ 76.9736, 12.8013 ], [ 76.9797, 12.8337 ], [ 76.994, 12.8358 ], [ 76.997, 12.8546 ], [ 76.986, 12.8778 ], [ 77.0182, 12.8738 ], [ 77.0173, 12.8926 ], [ 77.042, 12.9094 ], [ 77.04, 12.9202 ], [ 77.0684, 12.922 ] ] ], [ [ [ 77.11, 12.9289 ], [ 77.1362, 12.9208 ], [ 77.1143, 12.9133 ], [ 77.11, 12.9289 ] ] ] ] } },
{ "type": "Feature", "properties": { "area_id": "KGIS-H-190701", "name_en": "Kasaba", "name_kn": "", "level": "panchayat", "parent_id": "KGIS-T-1907", "district_en": "Kolara", "lgd_code": null }, "geometry": { "type": "MultiPolygon", "coordinates": [ [ [ [ 78.1982, 13.3668 ], [ 78.2246, 13.3623 ], [ 78.2295, 13.3525 ], [ 78.2374, 13.3605 ], [ 78.2469, 13.3513 ], [ 78.241, 13.3376 ], [ 78.2645, 13.3317 ], [ 78.2729, 13.3188 ], [ 78.2551, 13.3142 ], [ 78.236, 13.2968 ], [ 78.2237, 13.2817 ], [ 78.2269, 13.2767 ], [ 78.206, 13.2742 ], [ 78.1985, 13.2621 ], [ 78.1909, 13.2672 ], [ 78.1834, 13.2426 ], [ 78.1305, 13.2454 ], [ 78.128, 13.2634 ], [ 78.1191, 13.2676 ], [ 78.1218, 13.289 ], [ 78.1117, 13.289 ], [ 78.1054, 13.2783 ], [ 78.094, 13.2801 ], [ 78.1049, 13.304 ], [ 78.1339, 13.2882 ], [ 78.1358, 13.3051 ], [ 78.1096, 13.3234 ], [ 78.1352, 13.3321 ], [ 78.1314, 13.3528 ], [ 78.1502, 13.3505 ], [ 78.1437, 13.3771 ], [ 78.122, 13.3756 ], [ 78.1362, 13.4056 ], [ 78.1523, 13.4076 ], [ 78.1594, 13.3912 ], [ 78.1845, 13.3989 ], [ 78.1822, 13.3632 ], [ 78.1982, 13.3668 ] ], [ [ 78.2143, 13.3592 ], [ 78.2077, 13.3572 ], [ 78.2147, 13.3543 ], [ 78.2143, 13.3592 ] ] ], [ [ [ 78.2365, 13.3616 ], [ 78.238, 13.3613 ], [ 78.2396, 13.3597 ], [ 78.2365, 13.3616 ] ] ] ] } },
{ "type": "Feature", "properties": { "area_id": "KGIS-H-190702", "name_en": "Yelduru", "name_kn": "", "level": "panchayat", "parent_id": "KGIS-T-1907", "district_en": "Kolara", "lgd_code": null }, "geometry": { "type": "Polygon", "coordinates": [ [ [ 78.3465, 13.3598 ], [ 78.3659, 13.3553 ], [ 78.3777, 13.3316 ], [ 78.3881, 13.3322 ], [ 78.3996, 13.3201 ], [ 78.4016, 13.3068 ], [ 78.3735, 13.3159 ], [ 78.3608, 13.3147 ], [ 78.3547, 13.3013 ], [ 78.333, 13.3054 ], [ 78.3237, 13.2784 ], [ 78.3324, 13.2623 ], [ 78.3221, 13.2465 ], [ 78.3014, 13.2412 ], [ 78.2984, 13.2209 ], [ 78.2789, 13.2246 ], [ 78.2441, 13.2171 ], [ 78.2317, 13.2289 ], [ 78.2357, 13.256 ], [ 78.2446, 13.2704 ], [ 78.2549, 13.2713 ], [ 78.2465, 13.2649 ], [ 78.2489, 13.2616 ], [ 78.2614, 13.2727 ], [ 78.2573, 13.2889 ], [ 78.2425, 13.2962 ], [ 78.2551, 13.3142 ], [ 78.2729, 13.3188 ], [ 78.2675, 13.3268 ], [ 78.275, 13.3549 ], [ 78.311, 13.3578 ], [ 78.32, 13.352 ], [ 78.3465, 13.3598 ] ], [ [ 78.2948, 13.3531 ], [ 78.2916, 13.3522 ], [ 78.2945, 13.3518 ], [ 78.2948, 13.3531 ] ] ] } },
{ "type": "Feature", "properties": { "area_id": "KGIS-H-190703", "name_en": "Ronuru", "name_kn": "", "level": "panchayat", "parent_id": "KGIS-T-1907", "district_en": "Kolara", "lgd_code": null }, "geometry": { "type": "MultiPolygon", "coordinates": [ [ [ [ 78.2948, 13.3531 ], [ 78.2921, 13.3519 ], [ 78.2917, 13.3534 ], [ 78.2948, 13.3531 ] ] ], [ [ [ 78.2077, 13.3572 ], [ 78.2143, 13.3592 ], [ 78.2147, 13.3543 ], [ 78.2077, 13.3572 ] ] ], [ [ [ 78.221, 13.3639 ], [ 78.1822, 13.3632 ], [ 78.1845, 13.3989 ], [ 78.1594, 13.3912 ], [ 78.1495, 13.4089 ], [ 78.1815, 13.4202 ], [ 78.1938, 13.4485 ], [ 78.2173, 13.4498 ], [ 78.2139, 13.4383 ], [ 78.2272, 13.4259 ], [ 78.2453, 13.4337 ], [ 78.2575, 13.4211 ], [ 78.2759, 13.4236 ], [ 78.2784, 13.4142 ], [ 78.3265, 13.3945 ], [ 78.334, 13.405 ], [ 78.3274, 13.4106 ], [ 78.3401, 13.4068 ], [ 78.3467, 13.4153 ], [ 78.3814, 13.4039 ], [ 78.366, 13.3584 ], [ 78.38, 13.3624 ], [ 78.4089, 13.3427 ], [ 78.4008, 13.3277 ], [ 78.3849, 13.3345 ], [ 78.3885, 13.3422 ], [ 78.3742, 13.336 ], [ 78.3659, 13.3553 ], [ 78.3411, 13.3619 ], [ 78.32, 13.352 ], [ 78.2973, 13.3581 ], [ 78.275, 13.3549 ], [ 78.2675, 13.3268 ], [ 78.241, 13.3376 ], [ 78.2469, 13.3513 ], [ 78.2374, 13.3605 ], [ 78.2295, 13.3525 ], [ 78.221, 13.3639 ] ], [ [ 78.2374, 13.3607 ], [ 78.2396, 13.3597 ], [ 78.2365, 13.3616 ], [ 78.2374, 13.3607 ] ] ] ] } },
{ "type": "Feature", "properties": { "area_id": "KGIS-H-190704", "name_en": "Nelavanki", "name_kn": "", "level": "panchayat", "parent_id": "KGIS-T-1907", "district_en": "Kolara", "lgd_code": null }, "geometry": { "type": "Polygon", "coordinates": [ [ [ 78.3816, 13.525 ], [ 78.3835, 13.5161 ], [ 78.3732, 13.5089 ], [ 78.379, 13.4823 ], [ 78.3707, 13.4705 ], [ 78.3814, 13.4039 ], [ 78.3467, 13.4153 ], [ 78.3401, 13.4068 ], [ 78.3274, 13.4106 ], [ 78.334, 13.405 ], [ 78.3265, 13.3945 ], [ 78.2784, 13.4142 ], [ 78.2759, 13.4236 ], [ 78.2575, 13.4211 ], [ 78.2453, 13.4337 ], [ 78.2272, 13.4259 ], [ 78.2139, 13.4383 ], [ 78.2173, 13.4498 ], [ 78.201, 13.4503 ], [ 78.2101, 13.4712 ], [ 78.2422, 13.48 ], [ 78.2593, 13.4952 ], [ 78.2821, 13.4918 ], [ 78.2976, 13.4987 ], [ 78.317, 13.4902 ], [ 78.3541, 13.524 ], [ 78.3816, 13.525 ] ] ] } },
{ "type": "Feature", "properties": { "area_id": "KGIS-H-190705", "name_en": "Rayalpadu", "name_kn": "", "level": "panchayat", "parent_id": "KGIS-T-1907", "district_en": "Kolara", "lgd_code": null }, "geometry": { "type": "Polygon", "coordinates": [ [ [ 78.2366, 13.5989 ], [ 78.2579, 13.5847 ], [ 78.3106, 13.5932 ], [ 78.3534, 13.5854 ], [ 78.3916, 13.5915 ], [ 78.4017, 13.5881 ], [ 78.4042, 13.5778 ], [ 78.3841, 13.5251 ], [ 78.3541, 13.524 ], [ 78.317, 13.4902 ], [ 78.2976, 13.4987 ], [ 78.2821, 13.4918 ], [ 78.2593, 13.4952 ], [ 78.2422, 13.48 ], [ 78.2101, 13.4712 ], [ 78.2004, 13.4825 ], [ 78.198, 13.5126 ], [ 78.1883, 13.5132 ], [ 78.2046, 13.5277 ], [ 78.194, 13.5482 ], [ 78.2013, 13.5635 ], [ 78.194, 13.5641 ], [ 78.2161, 13.5911 ], [ 78.2321, 13.5859 ], [ 78.2366, 13.5989 ] ] ] } },
{ "type": "Feature", "properties": { "area_id": "KGIS-H-190801", "name_en": "Kasaba", "name_kn": "", "level": "panchayat", "parent_id": "KGIS-T-1908", "district_en": "Kolara", "lgd_code": null }, "geometry": { "type": "Polygon", "coordinates": [ [ [ 78.1456, 13.2136 ], [ 78.1569, 13.1957 ], [ 78.1747, 13.1964 ], [ 78.1757, 13.1789 ], [ 78.1831, 13.1801 ], [ 78.1772, 13.1625 ], [ 78.1872, 13.157 ], [ 78.1831, 13.1413 ], [ 78.1911, 13.1383 ], [ 78.1879, 13.1292 ], [ 78.1706, 13.1304 ], [ 78.1647, 13.1013 ], [ 78.1903, 13.0852 ], [ 78.1875, 13.0772 ], [ 78.1717, 13.0835 ], [ 78.1643, 13.0752 ], [ 78.1531, 13.0831 ], [ 78.1493, 13.083 ], [ 78.135, 13.0679 ], [ 78.1179, 13.0685 ], [ 78.1147, 13.0567 ], [ 78.1015, 13.0625 ], [ 78.1073, 13.0737 ], [ 78.0989, 13.0763 ], [ 78.0983, 13.0873 ], [ 78.07, 13.0824 ], [ 78.0723, 13.0946 ], [ 78.0914, 13.0981 ], [ 78.0997, 13.1083 ], [ 78.0971, 13.1273 ], [ 78.0684, 13.1342 ], [ 78.075, 13.1467 ], [ 78.0968, 13.1548 ], [ 78.0838, 13.1815 ], [ 78.1273, 13.181 ], [ 78.1234, 13.2055 ], [ 78.1456, 13.2136 ] ] ] } },
{ "type": "Feature", "properties": { "area_id": "KGIS-H-190802", "name_en": "Vakkaleri", "name_kn": "", "level": "panchayat", "parent_id": "KGIS-T-1908", "district_en": "Kolara", "lgd_code": null }, "geometry": { "type": "Polygon", "coordinates": [ [ [ 78.0594, 13.1836 ], [ 78.0801, 13.1685 ], [ 78.083, 13.1817 ], [ 78.087, 13.1663 ], [ 78.0963, 13.1642 ], [ 78.0953, 13.1503 ], [ 78.075, 13.1467 ], [ 78.0684, 13.1342 ], [ 78.0971, 13.1273 ], [ 78.0997, 13.1083 ], [ 78.0914, 13.0981 ], [ 78.0723, 13.0946 ], [ 78.07, 13.0824 ], [ 78.0983, 13.0873 ], [ 78.0989, 13.0763 ], [ 78.1073, 13.0737 ], [ 78.0999, 13.0655 ], [ 78.1062, 13.0599 ], [ 78.1024, 13.0414 ], [ 78.096, 13.0335 ], [ 78.0574, 13.0482 ], [ 78.0081, 13.041 ], [ 78.0048, 13.0452 ], [ 78.0222, 13.0583 ], [ 78.0034, 13.0629 ], [ 78.0103, 13.0703 ], [ 77.989, 13.0947 ], [ 78.015, 13.1157 ], [ 78.0159, 13.1383 ], [ 78.0278, 13.1502 ], [ 78.0515, 13.1632 ], [ 78.0611, 13.1576 ], [ 78.0594, 13.1836 ] ] ] } },
{ "type": "Feature", "properties": { "area_id": "KGIS-H-190803", "name_en": "Narasapura", "name_kn": "", "level": "panchayat", "parent_id": "KGIS-T-1908", "district_en": "Kolara", "lgd_code": null }, "geometry": { "type": "Polygon", "coordinates": [ [ [ 78.0073, 13.1838 ], [ 78.011, 13.1653 ], [ 78.0436, 13.1576 ], [ 78.0159, 13.1383 ], [ 78.015, 13.1157 ], [ 77.9922, 13.0982 ], [ 77.9853, 13.1055 ], [ 77.9578, 13.1003 ], [ 77.9394, 13.1094 ], [ 77.9379, 13.1259 ], [ 77.9577, 13.1302 ], [ 77.9606, 13.1515 ], [ 77.9528, 13.1603 ], [ 77.9587, 13.1828 ], [ 77.9658, 13.177 ], [ 77.9609, 13.1598 ], [ 77.975, 13.1658 ], [ 77.9785, 13.1594 ], [ 77.9839, 13.1666 ], [ 77.9792, 13.1843 ], [ 77.9939, 13.1783 ], [ 78.0073, 13.1838 ] ] ] } },
{ "type": "Feature", "properties": { "area_id": "KGIS-H-190804", "name_en": "Vemagallu", "name_kn": "", "level": "panchayat", "parent_id": "KGIS-T-1908", "district_en": "Kolara", "lgd_code": null }, "geometry": { "type": "MultiPolygon", "coordinates": [ [ [ [ 78.0607, 13.2028 ], [ 78.0601, 13.2034 ], [ 78.0606, 13.2035 ], [ 78.0607, 13.2028 ] ] ], [ [ [ 78.0564, 13.2043 ], [ 78.0553, 13.2044 ], [ 78.0556, 13.2049 ], [ 78.0564, 13.2043 ] ] ], [ [ [ 77.9892, 13.3046 ], [ 78.0118, 13.3009 ], [ 78.0151, 13.283 ], [ 78.047, 13.279 ], [ 78.0518, 13.2935 ], [ 78.0586, 13.2934 ], [ 78.0625, 13.2756 ], [ 78.0849, 13.2612 ], [ 78.0759, 13.2605 ], [ 78.0735, 13.2474 ], [ 78.0547, 13.2497 ], [ 78.0585, 13.2115 ], [ 78.0376, 13.1965 ], [ 78.0588, 13.1871 ], [ 78.0611, 13.1576 ], [ 78.011, 13.1653 ], [ 78.0067, 13.184 ], [ 77.9939, 13.1783 ], [ 77.9792, 13.1843 ], [ 77.9827, 13.1624 ], [ 77.9609, 13.1598 ], [ 77.9659, 13.1767 ], [ 77.9543, 13.2052 ], [ 77.9577, 13.2184 ], [ 77.9463, 13.2183 ], [ 77.9642, 13.2322 ], [ 77.9656, 13.2444 ], [ 77.9481, 13.2505 ], [ 77.9455, 13.2438 ], [ 77.9354, 13.2458 ], [ 77.9423, 13.259 ], [ 77.9372, 13.2645 ], [ 77.9455, 13.2717 ], [ 77.9592, 13.2696 ], [ 77.9609, 13.2844 ], [ 77.9842, 13.2862 ], [ 77.9892, 13.3046 ] ] ] ] } },
{ "type": "Feature", "properties": { "area_id": "KGIS-H-190805", "name_en": "Sugaturu", "name_kn": "", "level": "panchayat", "parent_id": "KGIS-T-1908", "district_en": "Kolara", "lgd_code": null }, "geometry": { "type": "Polygon", "coordinates": [ [ [ 78.0922, 13.3108 ], [ 78.1046, 13.303 ], [ 78.094, 13.2801 ], [ 78.1054, 13.2783 ], [ 78.1117, 13.289 ], [ 78.1218, 13.289 ], [ 78.1201, 13.2649 ], [ 78.128, 13.2634 ], [ 78.1305, 13.2454 ], [ 78.1439, 13.2441 ], [ 78.1539, 13.2235 ], [ 78.1234, 13.2055 ], [ 78.1273, 13.181 ], [ 78.083, 13.1817 ], [ 78.0801, 13.1685 ], [ 78.0376, 13.1965 ], [ 78.0585, 13.2115 ], [ 78.0547, 13.2497 ], [ 78.0735, 13.2474 ], [ 78.0759, 13.2605 ], [ 78.085, 13.2596 ], [ 78.0719, 13.2751 ], [ 78.0625, 13.2756 ], [ 78.0602, 13.301 ], [ 78.0868, 13.3021 ], [ 78.0922, 13.3108 ] ], [ [ 78.0553, 13.2044 ], [ 78.0564, 13.2043 ], [ 78.0556, 13.2049 ], [ 78.0553, 13.2044 ] ], [ [ 78.0606, 13.2035 ], [ 78.0607, 13.2028 ], [ 78.061, 13.203 ], [ 78.0606, 13.2035 ] ] ] } },
{ "type": "Feature", "properties": { "area_id": "KGIS-H-190806", "name_en": "Holuru", "name_kn": "", "level": "panchayat", "parent_id": "KGIS-T-1908", "district_en": "Kolara", "lgd_code": null }, "geometry": { "type": "Polygon", "coordinates": [ [ [ 78.236, 13.2968 ], [ 78.2573, 13.2889 ], [ 78.2614, 13.2727 ], [ 78.2489, 13.2616 ], [ 78.2549, 13.2713 ], [ 78.2446, 13.2704 ], [ 78.2317, 13.2289 ], [ 78.2511, 13.2138 ], [ 78.2834, 13.2246 ], [ 78.2844, 13.2104 ], [ 78.2509, 13.213 ], [ 78.2489, 13.2044 ], [ 78.2411, 13.2043 ], [ 78.2673, 13.1856 ], [ 78.2623, 13.1727 ], [ 78.2441, 13.1777 ], [ 78.2392, 13.1521 ], [ 78.2131, 13.1565 ], [ 78.2146, 13.1708 ], [ 78.2078, 13.1718 ], [ 78.1937, 13.1582 ], [ 78.1945, 13.1678 ], [ 78.1757, 13.1789 ], [ 78.1747, 13.1964 ], [ 78.1569, 13.1957 ], [ 78.1561, 13.2052 ], [ 78.1434, 13.2098 ], [ 78.1539, 13.2235 ], [ 78.1439, 13.2441 ], [ 78.1834, 13.2426 ], [ 78.1909, 13.2672 ], [ 78.1985, 13.2621 ], [ 78.206, 13.2742 ], [ 78.2269, 13.2767 ], [ 78.2237, 13.2817 ], [ 78.236, 13.2968 ] ] ] } },
{ "type": "Feature", "properties": { "area_id": "KGIS-H-190807", "name_en": "Hutturu", "name_kn": "", "level": "panchayat", "parent_id": "KGIS-T-1908", "district_en": "Kolara", "lgd_code": null }, "geometry": { "type": "MultiPolygon", "coordinates": [ [ [ [ 78.1799, 13.0834 ], [ 78.1849, 13.0718 ], [ 78.1742, 13.0776 ], [ 78.1799, 13.0834 ] ] ], [ [ [ 78.1873, 13.0671 ], [ 78.1903, 13.0852 ], [ 78.1647, 13.1013 ], [ 78.1706, 13.1304 ], [ 78.1879, 13.1292 ], [ 78.1911, 13.1383 ], [ 78.1831, 13.1413 ], [ 78.1872, 13.157 ], [ 78.1772, 13.1625 ], [ 78.1816, 13.1742 ], [ 78.1945, 13.1678 ], [ 78.1937, 13.1582 ], [ 78.2078, 13.1718 ], [ 78.2146, 13.1708 ], [ 78.2131, 13.1565 ], [ 78.2392, 13.1521 ], [ 78.2441, 13.1777 ], [ 78.2623, 13.1727 ], [ 78.2613, 13.1385 ], [ 78.2858, 13.1222 ], [ 78.2819, 13.1014 ], [ 78.2653, 13.1013 ], [ 78.2667, 13.094 ], [ 78.2854, 13.0914 ], [ 78.2878, 13.0831 ], [ 78.2781, 13.0812 ], [ 78.2763, 13.068 ], [ 78.2619, 13.0698 ], [ 78.2641, 13.0589 ], [ 78.2495, 13.0516 ], [ 78.2344, 13.0724 ], [ 78.2131, 13.0554 ], [ 78.2067, 13.0656 ], [ 78.1873, 13.0671 ] ] ] ] } },
{ "type": "Feature", "properties": { "area_id": "KGIS-H-190901", "name_en": "Kasaba", "name_kn": "", "level": "panchayat", "parent_id": "KGIS-T-1909", "district_en": "Kolara", "lgd_code": null }, "geometry": { "type": "MultiPolygon", "coordinates": [ [ [ [ 77.8825, 12.9482 ], [ 77.8841, 12.9469 ], [ 77.8827, 12.9463 ], [ 77.8825, 12.9482 ] ] ], [ [ [ 77.8816, 12.9566 ], [ 77.8808, 12.959 ], [ 77.8819, 12.9588 ], [ 77.8816, 12.9566 ] ] ], [ [ [ 77.9186, 13.1171 ], [ 77.956, 13.1005 ], [ 77.9855, 13.1054 ], [ 77.9959, 13.0938 ], [ 77.9935, 13.0831 ], [ 78.0103, 13.0703 ], [ 78.0034, 13.0629 ], [ 78.0222, 13.0583 ], [ 78.0048, 13.0452 ], [ 78.0081, 13.041 ], [ 78.0579, 13.0482 ], [ 78.0448, 13.0333 ], [ 78.0253, 13.0345 ], [ 78.0276, 13.0128 ], [ 78.0182, 13.0073 ], [ 78.0167, 12.9915 ], [ 78.026, 12.9783 ], [ 78.0149, 12.9616 ], [ 78.0007, 12.9655 ], [ 77.9863, 12.947 ], [ 77.9873, 12.9325 ], [ 77.9673, 12.9256 ], [ 77.96, 12.9373 ], [ 77.9502, 12.9297 ], [ 77.9342, 12.9358 ], [ 77.9267, 12.9677 ], [ 77.9143, 12.9646 ], [ 77.9134, 12.9731 ], [ 77.9031, 12.9768 ], [ 77.8795, 12.9698 ], [ 77.8704, 12.9768 ], [ 77.8725, 12.995 ], [ 77.893, 13.0312 ], [ 77.8876, 13.0372 ], [ 77.8924, 13.0547 ], [ 77.9149, 13.0494 ], [ 77.9276, 13.0687 ], [ 77.9416, 13.0691 ], [ 77.9393, 13.0839 ], [ 77.9316, 13.0742 ], [ 77.9269, 13.082 ], [ 77.912, 13.0784 ], [ 77.9117, 13.0943 ], [ 77.9012, 13.102 ], [ 77.9186, 13.1171 ] ], [ [ 78.0295, 13.0363 ], [ 78.0289, 13.037 ], [ 78.0288, 13.0364 ], [ 78.0295, 13.0363 ] ] ] ] } },
{ "type": "Feature", "properties": { "area_id": "KGIS-H-190902", "name_en": "Tekal", "name_kn": "", "level": "panchayat", "parent_id": "KGIS-T-1909", "district_en": "Kolara", "lgd_code": null }, "geometry": { "type": "MultiPolygon", "coordinates": [ [ [ [ 78.0579, 13.0482 ], [ 78.0792, 13.0437 ], [ 78.0807, 13.0345 ], [ 78.098, 13.0334 ], [ 78.1033, 13.0242 ], [ 78.1338, 13.0237 ], [ 78.1095, 12.9972 ], [ 78.1254, 12.9953 ], [ 78.1355, 12.9708 ], [ 78.123, 12.9671 ], [ 78.1162, 12.9473 ], [ 78.123, 12.9439 ], [ 78.1317, 12.9521 ], [ 78.1362, 12.9467 ], [ 78.1331, 12.9398 ], [ 78.1198, 12.941 ], [ 78.1196, 12.93 ], [ 78.1075, 12.9222 ], [ 78.066, 12.9096 ], [ 78.0645, 12.933 ], [ 78.0312, 12.9341 ], [ 78.0182, 12.955 ], [ 78.027, 12.9841 ], [ 78.0167, 12.9915 ], [ 78.0182, 13.0073 ], [ 78.0276, 13.0128 ], [ 78.0253, 13.0345 ], [ 78.0448, 13.0333 ], [ 78.0579, 13.0482 ] ] ], [ [ [ 78.0295, 13.0369 ], [ 78.0288, 13.0364 ], [ 78.0289, 13.037 ], [ 78.0295, 13.0369 ] ] ] ] } },
{ "type": "Feature", "properties": { "area_id": "KGIS-H-190903", "name_en": "Lakkuru", "name_kn": "", "level": "panchayat", "parent_id": "KGIS-T-1909", "district_en": "Kolara", "lgd_code": null }, "geometry": { "type": "MultiPolygon", "coordinates": [ [ [ [ 77.9871, 12.8767 ], [ 77.9841, 12.8727 ], [ 77.9848, 12.8775 ], [ 77.9871, 12.8767 ] ] ], [ [ [ 77.8645, 12.9732 ], [ 77.9134, 12.9731 ], [ 77.9143, 12.9646 ], [ 77.9297, 12.964 ], [ 77.9277, 12.9427 ], [ 77.9342, 12.9358 ], [ 77.9502, 12.9297 ], [ 77.96, 12.9373 ], [ 77.9657, 12.924 ], [ 77.9894, 12.9132 ], [ 77.9777, 12.9001 ], [ 77.9892, 12.885 ], [ 77.9815, 12.8843 ], [ 77.9832, 12.8651 ], [ 77.9593, 12.8487 ], [ 77.941, 12.8558 ], [ 77.9468, 12.8381 ], [ 77.9411, 12.8232 ], [ 77.9178, 12.8315 ], [ 77.9233, 12.8557 ], [ 77.9417, 12.8675 ], [ 77.9278, 12.8767 ], [ 77.9362, 12.8874 ], [ 77.9257, 12.8903 ], [ 77.895, 12.8783 ], [ 77.891, 12.8701 ], [ 77.8676, 12.8681 ], [ 77.8654, 12.8772 ], [ 77.853, 12.8767 ], [ 77.8604, 12.9158 ], [ 77.8364, 12.9111 ], [ 77.841, 12.9255 ], [ 77.8717, 12.9397 ], [ 77.8645, 12.9732 ] ], [ [ 77.8805, 12.9569 ], [ 77.8819, 12.9588 ], [ 77.8808, 12.959 ], [ 77.8805, 12.9569 ] ], [ [ 77.8825, 12.9482 ], [ 77.8841, 12.9469 ], [ 77.8833, 12.9484 ], [ 77.8825, 12.9482 ] ] ] ] } },
{ "type": "Feature", "properties": { "area_id": "KGIS-H-190904", "name_en": "Masti", "name_kn": "", "level": "panchayat", "parent_id": "KGIS-T-1909", "district_en": "Kolara", "lgd_code": null }, "geometry": { "type": "Polygon", "coordinates": [ [ [ 78.0195, 12.9621 ], [ 78.0312, 12.9341 ], [ 78.0645, 12.933 ], [ 78.0651, 12.9098 ], [ 78.082, 12.9185 ], [ 78.0929, 12.9152 ], [ 78.1084, 12.8808 ], [ 78.1191, 12.8764 ], [ 78.1027, 12.8665 ], [ 78.0875, 12.8306 ], [ 78.0748, 12.8307 ], [ 78.0779, 12.8381 ], [ 78.0595, 12.8431 ], [ 78.0582, 12.8512 ], [ 78.0431, 12.8492 ], [ 78.0272, 12.8579 ], [ 78.0302, 12.849 ], [ 78.0192, 12.8434 ], [ 78.0186, 12.8307 ], [ 78.0038, 12.8254 ], [ 78.0153, 12.8138 ], [ 78.0126, 12.8076 ], [ 77.9955, 12.8066 ], [ 77.9811, 12.8348 ], [ 77.962, 12.8366 ], [ 77.9625, 12.8549 ], [ 77.9824, 12.8641 ], [ 77.9815, 12.8843 ], [ 77.9892, 12.885 ], [ 77.9777, 12.9001 ], [ 77.9894, 12.9132 ], [ 77.9657, 12.924 ], [ 77.9873, 12.9325 ], [ 77.9863, 12.947 ], [ 78.0007, 12.9655 ], [ 78.0195, 12.9621 ] ], [ [ 77.9857, 12.8773 ], [ 77.9842, 12.8726 ], [ 77.9878, 12.8732 ], [ 77.9857, 12.8773 ] ] ] } },
{ "type": "Feature", "properties": { "area_id": "KGIS-H-191001", "name_en": "Kasaba", "name_kn": "", "level": "panchayat", "parent_id": "KGIS-T-1910", "district_en": "Kolara", "lgd_code": null }, "geometry": { "type": "MultiPolygon", "coordinates": [ [ [ [ 78.2306, 12.9889 ], [ 78.2274, 12.9857 ], [ 78.2286, 12.9888 ], [ 78.2306, 12.9889 ] ] ], [ [ [ 78.1764, 13.0832 ], [ 78.1772, 13.0748 ], [ 78.1876, 13.077 ], [ 78.1873, 13.0671 ], [ 78.2101, 13.0615 ], [ 78.2035, 13.0487 ], [ 78.1834, 13.0444 ], [ 78.1954, 13.0327 ], [ 78.2175, 13.032 ], [ 78.2223, 13.0254 ], [ 78.222, 13.0162 ], [ 78.2088, 13.0153 ], [ 78.1999, 13.0006 ], [ 78.2258, 13.0038 ], [ 78.2176, 12.9825 ], [ 78.231, 12.975 ], [ 78.1989, 12.9759 ], [ 78.1978, 12.9576 ], [ 78.2208, 12.9516 ], [ 78.212, 12.923 ], [ 78.1977, 12.9205 ], [ 78.2065, 12.9106 ], [ 78.1984, 12.9035 ], [ 78.1462, 12.9143 ], [ 78.1497, 12.9293 ], [ 78.1613, 12.9284 ], [ 78.1641, 12.9481 ], [ 78.1534, 12.9518 ], [ 78.1455, 12.938 ], [ 78.1349, 12.9403 ], [ 78.133, 12.952 ], [ 78.1177, 12.9448 ], [ 78.123, 12.9671 ], [ 78.1355, 12.9708 ], [ 78.1267, 12.994 ], [ 78.1097, 12.9994 ], [ 78.1338, 13.0237 ], [ 78.1033, 13.0242 ], [ 78.096, 13.0335 ], [ 78.1023, 13.0572 ], [ 78.1151, 13.0567 ], [ 78.1186, 13.0689 ], [ 78.135, 13.0679 ], [ 78.1493, 13.083 ], [ 78.1643, 13.0752 ], [ 78.1764, 13.0832 ] ] ] ] } },
{ "type": "Feature", "properties": { "area_id": "KGIS-H-191002", "name_en": "Rabartasan Pete", "name_kn": "", "level": "panchayat", "parent_id": "KGIS-T-1910", "district_en": "Kolara", "lgd_code": null }, "geometry": { "type": "MultiPolygon", "coordinates": [ [ [ [ 78.2344, 13.0724 ], [ 78.2682, 13.028 ], [ 78.2531, 12.9951 ], [ 78.2671, 12.9938 ], [ 78.2674, 12.9731 ], [ 78.2589, 12.9647 ], [ 78.2649, 12.9641 ], [ 78.273, 12.9382 ], [ 78.2564, 12.9348 ], [ 78.2608, 12.9227 ], [ 78.2737, 12.9231 ], [ 78.275, 12.8984 ], [ 78.2835, 12.8979 ], [ 78.2838, 12.885 ], [ 78.2716, 12.8877 ], [ 78.2723, 12.8767 ], [ 78.2643, 12.8751 ], [ 78.2529, 12.8815 ], [ 78.2581, 12.922 ], [ 78.2369, 12.9211 ], [ 78.2419, 12.9283 ], [ 78.2367, 12.9329 ], [ 78.218, 12.9375 ], [ 78.2208, 12.9518 ], [ 78.1978, 12.9576 ], [ 78.1989, 12.9759 ], [ 78.2306, 12.9737 ], [ 78.2176, 12.9825 ], [ 78.2258, 13.0038 ], [ 78.1999, 13.0006 ], [ 78.2088, 13.0153 ], [ 78.222, 13.0162 ], [ 78.2223, 13.0254 ], [ 78.2175, 13.032 ], [ 78.1954, 13.0327 ], [ 78.183, 13.0469 ], [ 78.2035, 13.0487 ], [ 78.2344, 13.0724 ] ], [ [ 78.2306, 12.9889 ], [ 78.2274, 12.9857 ], [ 78.2311, 12.9847 ], [ 78.2306, 12.9889 ] ], [ [ 78.2624, 12.9613 ], [ 78.2651, 12.9556 ], [ 78.2643, 12.9618 ], [ 78.2624, 12.9613 ] ], [ [ 78.2634, 12.9541 ], [ 78.2638, 12.9514 ], [ 78.2653, 12.9521 ], [ 78.2634, 12.9541 ] ] ], [ [ [ 78.2598, 13.0541 ], [ 78.271, 13.0575 ], [ 78.2794, 13.0532 ], [ 78.2598, 13.0541 ] ] ] ] } },
{ "type": "Feature", "properties": { "area_id": "KGIS-H-191005", "name_en": "Kamasamudra", "name_kn": "", "level": "panchayat", "parent_id": "KGIS-T-1910", "district_en": "Kolara", "lgd_code": null }, "geometry": { "type": "MultiPolygon", "coordinates": [ [ [ [ 78.2164, 12.9353 ], [ 78.2419, 12.9283 ], [ 78.2369, 12.9211 ], [ 78.2581, 12.922 ], [ 78.2592, 12.8982 ], [ 78.2495, 12.8626 ], [ 78.2451, 12.7878 ], [ 78.2306, 12.7606 ], [ 78.1952, 12.774 ], [ 78.2041, 12.8014 ], [ 78.1709, 12.8234 ], [ 78.1838, 12.8546 ], [ 78.1711, 12.8888 ], [ 78.2083, 12.8936 ], [ 78.2105, 12.9058 ], [ 78.22, 12.9101 ], [ 78.219, 12.9197 ], [ 78.2104, 12.9215 ], [ 78.2164, 12.9353 ] ] ], [ [ [ 78.2066, 12.9144 ], [ 78.2112, 12.9085 ], [ 78.2054, 12.9122 ], [ 78.2066, 12.9144 ] ] ] ] } },
{ "type": "Feature", "properties": { "area_id": "KGIS-H-191006", "name_en": "Budikote", "name_kn": "", "level": "panchayat", "parent_id": "KGIS-T-1910", "district_en": "Kolara", "lgd_code": null }, "geometry": { "type": "Polygon", "coordinates": [ [ [ 78.1641, 12.9425 ], [ 78.1607, 12.9272 ], [ 78.1476, 12.9268 ], [ 78.1462, 12.9143 ], [ 78.1984, 12.9035 ], [ 78.2149, 12.9128 ], [ 78.2054, 12.9122 ], [ 78.1984, 12.9216 ], [ 78.2206, 12.9142 ], [ 78.2083, 12.8936 ], [ 78.1711, 12.8888 ], [ 78.1838, 12.8546 ], [ 78.1709, 12.8234 ], [ 78.2041, 12.8014 ], [ 78.1886, 12.7715 ], [ 78.1337, 12.7821 ], [ 78.1248, 12.7976 ], [ 78.0883, 12.8174 ], [ 78.0856, 12.8255 ], [ 78.1027, 12.8665 ], [ 78.1195, 12.8794 ], [ 78.1084, 12.8808 ], [ 78.0929, 12.9152 ], [ 78.1196, 12.93 ], [ 78.1198, 12.941 ], [ 78.1455, 12.938 ], [ 78.1534, 12.9518 ], [ 78.1641, 12.9425 ] ] ] } },
{ "type": "Feature", "properties": { "area_id": "KGIS-H-191101", "name_en": "Kasaba", "name_kn": "", "level": "panchayat", "parent_id": "KGIS-T-1911", "district_en": "Kolara", "lgd_code": null }, "geometry": { "type": "Polygon", "coordinates": [ [ [ 78.4591, 13.2404 ], [ 78.4804, 13.2396 ], [ 78.4815, 13.2273 ], [ 78.4951, 13.2236 ], [ 78.4838, 13.2014 ], [ 78.4904, 13.1849 ], [ 78.5002, 13.185 ], [ 78.5001, 13.1712 ], [ 78.4899, 13.1651 ], [ 78.4777, 13.1702 ], [ 78.48, 13.1366 ], [ 78.4531, 13.131 ], [ 78.4414, 13.1383 ], [ 78.4316, 13.1201 ], [ 78.398, 13.1147 ], [ 78.3996, 13.1285 ], [ 78.3842, 13.1281 ], [ 78.3846, 13.1465 ], [ 78.3675, 13.1561 ], [ 78.3518, 13.1754 ], [ 78.3543, 13.1836 ], [ 78.3823, 13.2119 ], [ 78.4191, 13.2147 ], [ 78.4354, 13.2256 ], [ 78.4393, 13.2188 ], [ 78.4561, 13.2233 ], [ 78.4591, 13.2404 ] ] ] } },
{ "type": "Feature", "properties": { "area_id": "KGIS-H-191102", "name_en": "Avani", "name_kn": "", "level": "panchayat", "parent_id": "KGIS-T-1911", "district_en": "Kolara", "lgd_code": null }, "geometry": { "type": "Polygon", "coordinates": [ [ [ 78.3133, 13.1968 ], [ 78.3234, 13.1938 ], [ 78.3205, 13.1787 ], [ 78.3328, 13.1675 ], [ 78.3518, 13.1754 ], [ 78.3778, 13.1532 ], [ 78.3842, 13.1281 ], [ 78.3996, 13.1285 ], [ 78.398, 13.1147 ], [ 78.4454, 13.1274 ], [ 78.4445, 13.071 ], [ 78.419, 13.0708 ], [ 78.3962, 13.0854 ], [ 78.3948, 13.0728 ], [ 78.4044, 13.0654 ], [ 78.4011, 13.0506 ], [ 78.3677, 13.0375 ], [ 78.3576, 13.0577 ], [ 78.2962, 13.0638 ], [ 78.2854, 13.0914 ], [ 78.2667, 13.094 ], [ 78.2653, 13.1013 ], [ 78.2819, 13.1014 ], [ 78.2858, 13.1222 ], [ 78.2613, 13.1385 ], [ 78.2611, 13.1487 ], [ 78.2823, 13.1598 ], [ 78.3007, 13.1528 ], [ 78.3002, 13.1824 ], [ 78.3133, 13.1968 ] ] ] } },
{ "type": "Feature", "properties": { "area_id": "KGIS-H-191103", "name_en": "Duggasandra", "name_kn": "", "level": "panchayat", "parent_id": "KGIS-T-1911", "district_en": "Kolara", "lgd_code": null }, "geometry": { "type": "Polygon", "coordinates": [ [ [ 78.4385, 13.3286 ], [ 78.4442, 13.3081 ], [ 78.4667, 13.315 ], [ 78.4709, 13.2969 ], [ 78.4386, 13.2982 ], [ 78.4157, 13.2876 ], [ 78.4204, 13.2632 ], [ 78.4557, 13.2546 ], [ 78.4591, 13.2255 ], [ 78.3823, 13.2119 ], [ 78.3482, 13.1712 ], [ 78.335, 13.1661 ], [ 78.3205, 13.1787 ], [ 78.3234, 13.1938 ], [ 78.3133, 13.1968 ], [ 78.3002, 13.1824 ], [ 78.3007, 13.1528 ], [ 78.2823, 13.1598 ], [ 78.2635, 13.1543 ], [ 78.2673, 13.1856 ], [ 78.2411, 13.2043 ], [ 78.2489, 13.2044 ], [ 78.2509, 13.213 ], [ 78.283, 13.2096 ], [ 78.2831, 13.2216 ], [ 78.2984, 13.2209 ], [ 78.3014, 13.2412 ], [ 78.3221, 13.2465 ], [ 78.3324, 13.2623 ], [ 78.3237, 13.2784 ], [ 78.333, 13.3054 ], [ 78.3547, 13.3013 ], [ 78.3608, 13.3147 ], [ 78.3735, 13.3159 ], [ 78.3986, 13.3051 ], [ 78.4014, 13.3154 ], [ 78.4223, 13.3283 ], [ 78.4385, 13.3286 ] ] ] } },
{ "type": "Feature", "properties": { "area_id": "KGIS-H-191104", "name_en": "Bairakuru", "name_kn": "", "level": "panchayat", "parent_id": "KGIS-T-1911", "district_en": "Kolara", "lgd_code": null }, "geometry": { "type": "Polygon", "coordinates": [ [ [ 78.4667, 13.315 ], [ 78.4845, 13.3203 ], [ 78.48, 13.3012 ], [ 78.5139, 13.2907 ], [ 78.5316, 13.2665 ], [ 78.5392, 13.288 ], [ 78.5564, 13.2838 ], [ 78.5646, 13.2947 ], [ 78.5635, 13.3094 ], [ 78.5692, 13.3093 ], [ 78.5786, 13.2803 ], [ 78.5873, 13.2771 ], [ 78.5664, 13.2242 ], [ 78.5792, 13.2132 ], [ 78.5708, 13.2124 ], [ 78.568, 13.2012 ], [ 78.551, 13.2004 ], [ 78.5497, 13.1927 ], [ 78.572, 13.1904 ], [ 78.5796, 13.1671 ], [ 78.5497, 13.1639 ], [ 78.5418, 13.1552 ], [ 78.5193, 13.1584 ], [ 78.5096, 13.1701 ], [ 78.5106, 13.1842 ], [ 78.4904, 13.1849 ], [ 78.4837, 13.2083 ], [ 78.49, 13.2079 ], [ 78.4951, 13.2236 ], [ 78.4815, 13.2273 ], [ 78.4807, 13.2394 ], [ 78.4544, 13.2401 ], [ 78.4557, 13.2546 ], [ 78.4204, 13.2632 ], [ 78.4157, 13.2876 ], [ 78.4386, 13.2982 ], [ 78.4702, 13.2947 ], [ 78.4667, 13.315 ] ] ] } },
{ "type": "Feature", "properties": { "area_id": "KGIS-H-191105", "name_en": "Tayaluru", "name_kn": "", "level": "panchayat", "parent_id": "KGIS-T-1911", "district_en": "Kolara", "lgd_code": null }, "geometry": { "type": "Polygon", "coordinates": [ [ [ 78.4983, 13.1826 ], [ 78.5106, 13.1842 ], [ 78.5096, 13.1701 ], [ 78.5193, 13.1584 ], [ 78.532, 13.1595 ], [ 78.5475, 13.1486 ], [ 78.5175, 13.1309 ], [ 78.523, 13.115 ], [ 78.539, 13.1076 ], [ 78.5098, 13.0921 ], [ 78.5156, 13.0626 ], [ 78.4972, 13.0614 ], [ 78.4893, 13.0521 ], [ 78.4786, 13.0551 ], [ 78.4748, 13.0453 ], [ 78.4621, 13.0431 ], [ 78.4579, 13.0233 ], [ 78.4175, 13.031 ], [ 78.4119, 13.0232 ], [ 78.3989, 13.0283 ], [ 78.3618, 13.0195 ], [ 78.37, 13.041 ], [ 78.4011, 13.0506 ], [ 78.4044, 13.0654 ], [ 78.3948, 13.0728 ], [ 78.3962, 13.0854 ], [ 78.419, 13.0708 ], [ 78.4445, 13.071 ], [ 78.4407, 13.0936 ], [ 78.4473, 13.1201 ], [ 78.4368, 13.1326 ], [ 78.4414, 13.1383 ], [ 78.4531, 13.131 ], [ 78.48, 13.1366 ], [ 78.4777, 13.1702 ], [ 78.4966, 13.1677 ], [ 78.4983, 13.1826 ] ] ] } },
{ "type": "Feature", "properties": { "area_id": "KGIS-H-191202", "name_en": "Rabartasan Pete", "name_kn": "", "level": "panchayat", "parent_id": "KGIS-T-1912", "district_en": "Kolara", "lgd_code": null }, "geometry": { "type": "MultiPolygon", "coordinates": [ [ [ [ 78.2714, 12.9472 ], [ 78.2925, 12.9448 ], [ 78.2878, 12.9327 ], [ 78.3069, 12.9382 ], [ 78.3136, 12.931 ], [ 78.3036, 12.9211 ], [ 78.2957, 12.8864 ], [ 78.2866, 12.8817 ], [ 78.2757, 12.8844 ], [ 78.2838, 12.885 ], [ 78.2837, 12.8971 ], [ 78.275, 12.8984 ], [ 78.2737, 12.9231 ], [ 78.2608, 12.9227 ], [ 78.2564, 12.9348 ], [ 78.2721, 12.9357 ], [ 78.2714, 12.9472 ] ] ], [ [ [ 78.2634, 12.9541 ], [ 78.2653, 12.9521 ], [ 78.2638, 12.9514 ], [ 78.2634, 12.9541 ] ] ], [ [ [ 78.2651, 12.9556 ], [ 78.2624, 12.9613 ], [ 78.2643, 12.9618 ], [ 78.2651, 12.9556 ] ] ], [ [ [ 78.2592, 13.0159 ], [ 78.2934, 12.983 ], [ 78.3015, 12.9939 ], [ 78.2948, 12.9794 ], [ 78.2996, 12.971 ], [ 78.2864, 12.9649 ], [ 78.2832, 12.9527 ], [ 78.2744, 12.9571 ], [ 78.268, 12.9501 ], [ 78.2649, 12.9641 ], [ 78.2589, 12.9647 ], [ 78.2674, 12.9731 ], [ 78.2671, 12.9938 ], [ 78.2531, 12.9951 ], [ 78.2592, 13.0159 ] ] ] ] } },
{ "type": "Feature", "properties": { "area_id": "KGIS-H-191203", "name_en": "Betamangala", "name_kn": "", "level": "panchayat", "parent_id": "KGIS-T-1912", "district_en": "Kolara", "lgd_code": null }, "geometry": { "type": "Polygon", "coordinates": [ [ [ 78.2893, 13.0822 ], [ 78.2962, 13.0638 ], [ 78.3625, 13.0551 ], [ 78.3683, 13.0317 ], [ 78.3618, 13.0195 ], [ 78.3831, 13.0211 ], [ 78.383, 13.0096 ], [ 78.3682, 13.0021 ], [ 78.3705, 12.9867 ], [ 78.3527, 12.9886 ], [ 78.3454, 12.9764 ], [ 78.3347, 12.9862 ], [ 78.3341, 12.9729 ], [ 78.3184, 12.9652 ], [ 78.3377, 12.9393 ], [ 78.3482, 12.9476 ], [ 78.3326, 12.9333 ], [ 78.3341, 12.9255 ], [ 78.3134, 12.9272 ], [ 78.3069, 12.9382 ], [ 78.2878, 12.9327 ], [ 78.2903, 12.9468 ], [ 78.2682, 12.9487 ], [ 78.2744, 12.9571 ], [ 78.2832, 12.9527 ], [ 78.2864, 12.9649 ], [ 78.2996, 12.971 ], [ 78.2948, 12.9794 ], [ 78.3036, 12.9887 ], [ 78.2972, 12.9927 ], [ 78.2971, 12.9835 ], [ 78.2886, 12.9839 ], [ 78.2849, 13.0019 ], [ 78.2594, 13.0159 ], [ 78.2682, 13.028 ], [ 78.2526, 13.048 ], [ 78.2598, 13.0541 ], [ 78.278, 13.0508 ], [ 78.264, 13.059 ], [ 78.2619, 13.0698 ], [ 78.2763, 13.068 ], [ 78.2781, 13.0812 ], [ 78.2893, 13.0822 ] ] ] } },
{ "type": "Feature", "properties": { "area_id": "KGIS-H-191204", "name_en": "Kyasamballi", "name_kn": "", "level": "panchayat", "parent_id": "KGIS-T-1912", "district_en": "Kolara", "lgd_code": null }, "geometry": { "type": "Polygon", "coordinates": [ [ [ 78.4188, 13.0308 ], [ 78.4621, 13.0259 ], [ 78.4631, 13.0055 ], [ 78.475, 12.9911 ], [ 78.4677, 12.9751 ], [ 78.4351, 12.9819 ], [ 78.4325, 12.9685 ], [ 78.4387, 12.9633 ], [ 78.4199, 12.9588 ], [ 78.4206, 12.9478 ], [ 78.4113, 12.9448 ], [ 78.418, 12.9226 ], [ 78.4275, 12.9313 ], [ 78.4375, 12.9288 ], [ 78.4664, 12.9062 ], [ 78.4645, 12.8662 ], [ 78.4642, 12.8783 ], [ 78.4473, 12.8917 ], [ 78.4455, 12.912 ], [ 78.414, 12.903 ], [ 78.3989, 12.9167 ], [ 78.3969, 12.9066 ], [ 78.3896, 12.9061 ], [ 78.3559, 12.9401 ], [ 78.3406, 12.9042 ], [ 78.3238, 12.9017 ], [ 78.3201, 12.8869 ], [ 78.3376, 12.884 ], [ 78.3316, 12.8748 ], [ 78.3137, 12.8765 ], [ 78.3131, 12.8587 ], [ 78.2809, 12.8598 ], [ 78.2688, 12.8684 ], [ 78.2636, 12.8612 ], [ 78.2495, 12.8626 ], [ 78.2529, 12.8815 ], [ 78.2643, 12.8751 ], [ 78.2723, 12.8767 ], [ 78.2716, 12.8877 ], [ 78.2938, 12.8848 ], [ 78.3036, 12.9211 ], [ 78.3341, 12.9255 ], [ 78.3326, 12.9333 ], [ 78.3476, 12.9417 ], [ 78.3476, 12.9478 ], [ 78.3377, 12.9393 ], [ 78.3184, 12.9652 ], [ 78.3341, 12.9729 ], [ 78.3347, 12.9862 ], [ 78.3454, 12.9764 ], [ 78.3527, 12.9886 ], [ 78.3705, 12.9867 ], [ 78.3682, 13.0021 ], [ 78.383, 13.0096 ], [ 78.3831, 13.0236 ], [ 78.4119, 13.0232 ], [ 78.4188, 13.0308 ] ] ] } },
{ "type": "Feature", "properties": { "area_id": "KGIS-H-200101", "name_en": "Kasaba1", "name_kn": "", "level": "panchayat", "parent_id": "KGIS-T-2001", "district_en": "Bengaluru (Urban)", "lgd_code": null }, "geometry": { "type": "Polygon", "coordinates": [ [ [ 77.6071, 13.0464 ], [ 77.6438, 13.038 ], [ 77.6333, 13.0022 ], [ 77.6023, 13.0107 ], [ 77.6159, 13.0292 ], [ 77.6063, 13.0316 ], [ 77.6071, 13.0464 ] ] ] } },
{ "type": "Feature", "properties": { "area_id": "KGIS-H-200102", "name_en": "Kasaba2", "name_kn": "", "level": "panchayat", "parent_id": "KGIS-T-2001", "district_en": "Bengaluru (Urban)", "lgd_code": null }, "geometry": { "type": "MultiPolygon", "coordinates": [ [ [ [ 77.5968, 13.0491 ], [ 77.6071, 13.0464 ], [ 77.6078, 13.029 ], [ 77.6159, 13.0292 ], [ 77.6084, 13.0143 ], [ 77.6005, 13.0145 ], [ 77.6059, 13.0258 ], [ 77.5861, 13.0287 ], [ 77.5841, 13.0453 ], [ 77.5915, 13.0575 ], [ 77.5989, 13.0552 ], [ 77.5968, 13.0491 ] ], [ [ 77.5992, 13.0462 ], [ 77.5997, 13.0472 ], [ 77.5989, 13.0471 ], [ 77.5992, 13.0462 ] ] ], [ [ [ 77.5612, 13.054 ], [ 77.5834, 13.0461 ], [ 77.5781, 13.0204 ], [ 77.5693, 13.0428 ], [ 77.5538, 13.038 ], [ 77.5612, 13.054 ] ] ] ] } },
{ "type": "Feature", "properties": { "area_id": "KGIS-H-200103", "name_en": "Yashavantapura1", "name_kn": "", "level": "panchayat", "parent_id": "KGIS-T-2001", "district_en": "Bengaluru (Urban)", "lgd_code": null }, "geometry": { "type": "MultiPolygon", "coordinates": [ [ [ [ 77.5558, 13.0484 ], [ 77.5529, 13.0326 ], [ 77.5343, 13.032 ], [ 77.527, 13.0215 ], [ 77.539, 12.9969 ], [ 77.5224, 12.9944 ], [ 77.5176, 13.0065 ], [ 77.5077, 13.0045 ], [ 77.5203, 13.0244 ], [ 77.518, 13.0385 ], [ 77.5226, 13.0467 ], [ 77.5393, 13.0331 ], [ 77.535, 13.0513 ], [ 77.5558, 13.0484 ] ] ], [ [ [ 77.5049, 13.0989 ], [ 77.5408, 13.0899 ], [ 77.53, 13.0823 ], [ 77.5311, 13.0526 ], [ 77.5077, 13.0513 ], [ 77.4954, 13.0226 ], [ 77.4795, 13.0292 ], [ 77.4722, 13.0425 ], [ 77.4802, 13.049 ], [ 77.491, 13.0451 ], [ 77.4928, 13.0919 ], [ 77.5049, 13.0989 ] ] ] ] } },
{ "type": "Feature", "properties": { "area_id": "KGIS-H-200104", "name_en": "Yashavantapura2", "name_kn": "", "level": "panchayat", "parent_id": "KGIS-T-2001", "district_en": "Bengaluru (Urban)", "lgd_code": null }, "geometry": { "type": "Polygon", "coordinates": [ [ [ 77.5086, 13.0514 ], [ 77.5241, 13.0491 ], [ 77.5077, 13.0045 ], [ 77.5176, 13.0065 ], [ 77.5224, 12.9944 ], [ 77.5435, 12.9976 ], [ 77.5491, 12.9841 ], [ 77.5355, 12.9881 ], [ 77.5201, 12.95 ], [ 77.5039, 12.9457 ], [ 77.4851, 12.944 ], [ 77.4392, 12.96 ], [ 77.4432, 12.9835 ], [ 77.468, 12.9859 ], [ 77.4796, 13.0293 ], [ 77.4954, 13.0226 ], [ 77.5086, 13.0514 ] ] ] } },
{ "type": "Feature", "properties": { "area_id": "KGIS-H-200105", "name_en": "Dasanapura1", "name_kn": "", "level": "panchayat", "parent_id": "KGIS-T-2001", "district_en": "Bengaluru (Urban)", "lgd_code": null }, "geometry": { "type": "MultiPolygon", "coordinates": [ [ [ [ 77.4325, 13.1649 ], [ 77.461, 13.1604 ], [ 77.4528, 13.1451 ], [ 77.4548, 13.136 ], [ 77.4658, 13.1343 ], [ 77.4638, 13.127 ], [ 77.4561, 13.129 ], [ 77.4762, 13.1191 ], [ 77.4684, 13.0881 ], [ 77.4915, 13.0841 ], [ 77.493, 13.0734 ], [ 77.4801, 13.0722 ], [ 77.4771, 13.0645 ], [ 77.4596, 13.0734 ], [ 77.4429, 13.0395 ], [ 77.4341, 13.0647 ], [ 77.4248, 13.0677 ], [ 77.4301, 13.0836 ], [ 77.4216, 13.0843 ], [ 77.4179, 13.1028 ], [ 77.3974, 13.1162 ], [ 77.3996, 13.1276 ], [ 77.4033, 13.121 ], [ 77.4127, 13.1263 ], [ 77.4325, 13.1649 ] ] ], [ [ [ 77.4762, 13.1097 ], [ 77.4771, 13.106 ], [ 77.4751, 13.1058 ], [ 77.4762, 13.1097 ] ] ] ] } },
{ "type": "Feature", "properties": { "area_id": "KGIS-H-200106", "name_en": "Dasanapura2", "name_kn": "", "level": "panchayat", "parent_id": "KGIS-T-2001", "district_en": "Bengaluru (Urban)", "lgd_code": null }, "geometry": { "type": "Polygon", "coordinates": [ [ [ 77.4663, 13.0743 ], [ 77.4771, 13.0645 ], [ 77.4801, 13.0722 ], [ 77.4929, 13.0734 ], [ 77.491, 13.0451 ], [ 77.4802, 13.049 ], [ 77.4722, 13.0425 ], [ 77.4795, 13.0292 ], [ 77.468, 12.9859 ], [ 77.4419, 12.981 ], [ 77.4119, 12.9891 ], [ 77.4092, 13.0019 ], [ 77.431, 13.0063 ], [ 77.4303, 13.0332 ], [ 77.4528, 13.0496 ], [ 77.452, 13.0606 ], [ 77.4663, 13.0743 ] ] ] } },
{ "type": "Feature", "properties": { "area_id": "KGIS-H-200107", "name_en": "Dasanapura3", "name_kn": "", "level": "panchayat", "parent_id": "KGIS-T-2001", "district_en": "Bengaluru (Urban)", "lgd_code": null }, "geometry": { "type": "Polygon", "coordinates": [ [ [ 77.4154, 13.0711 ], [ 77.4341, 13.0647 ], [ 77.4317, 13.0566 ], [ 77.4422, 13.0446 ], [ 77.43, 13.0325 ], [ 77.431, 13.0063 ], [ 77.372, 12.9922 ], [ 77.3769, 13.0299 ], [ 77.3908, 13.0258 ], [ 77.3938, 13.0532 ], [ 77.3822, 13.0558 ], [ 77.3841, 13.0668 ], [ 77.4154, 13.0711 ] ] ] } },
{ "type": "Feature", "properties": { "area_id": "KGIS-H-200140", "name_en": "Yeshwanthapura", "name_kn": "", "level": "panchayat", "parent_id": "KGIS-T-2001", "district_en": "Bengaluru (Urban)", "lgd_code": null }, "geometry": { "type": "MultiPolygon", "coordinates": [ [ [ [ 77.5239, 12.9592 ], [ 77.528, 12.949 ], [ 77.5201, 12.95 ], [ 77.5239, 12.9592 ] ] ], [ [ [ 77.5367, 12.9879 ], [ 77.5451, 12.9844 ], [ 77.5463, 12.9751 ], [ 77.5339, 12.9802 ], [ 77.5367, 12.9879 ] ] ], [ [ [ 77.5514, 13.0328 ], [ 77.57, 12.9909 ], [ 77.5592, 12.9809 ], [ 77.539, 12.9969 ], [ 77.5474, 13.0166 ], [ 77.5384, 13.0299 ], [ 77.5514, 13.0328 ] ] ] ] } },
{ "type": "Feature", "properties": { "area_id": "KGIS-H-200141", "name_en": "Kasaba", "name_kn": "", "level": "panchayat", "parent_id": "KGIS-T-2001", "district_en": "Bengaluru (Urban)", "lgd_code": null }, "geometry": { "type": "Polygon", "coordinates": [ [ [ 77.585, 13.0428 ], [ 77.5861, 13.0287 ], [ 77.6059, 13.0258 ], [ 77.6023, 13.0107 ], [ 77.6137, 13.0036 ], [ 77.6373, 13.0047 ], [ 77.6319, 12.9899 ], [ 77.6447, 12.9884 ], [ 77.6367, 12.9744 ], [ 77.6428, 12.9671 ], [ 77.6396, 12.9515 ], [ 77.6591, 12.9373 ], [ 77.6405, 12.9302 ], [ 77.6264, 12.95 ], [ 77.5945, 12.9572 ], [ 77.5977, 12.9392 ], [ 77.548, 12.9338 ], [ 77.5501, 12.9514 ], [ 77.5377, 12.9459 ], [ 77.5257, 12.9591 ], [ 77.5294, 12.979 ], [ 77.5463, 12.9751 ], [ 77.5505, 12.9872 ], [ 77.5592, 12.9809 ], [ 77.5697, 12.9886 ], [ 77.5647, 12.9921 ], [ 77.5538, 13.038 ], [ 77.5693, 13.0428 ], [ 77.5781, 13.0204 ], [ 77.585, 13.0428 ] ] ] } },
{ "type": "Feature", "properties": { "area_id": "KGIS-H-200211", "name_en": "Uttarahalli -1", "name_kn": "", "level": "panchayat", "parent_id": "KGIS-T-2002", "district_en": "Bengaluru (Urban)", "lgd_code": null }, "geometry": { "type": "Polygon", "coordinates": [ [ [ 77.5907, 12.9216 ], [ 77.5862, 12.9053 ], [ 77.5939, 12.9037 ], [ 77.5931, 12.8728 ], [ 77.5859, 12.8672 ], [ 77.5919, 12.8619 ], [ 77.5989, 12.8677 ], [ 77.593, 12.8507 ], [ 77.582, 12.837 ], [ 77.5449, 12.8476 ], [ 77.5484, 12.8668 ], [ 77.56, 12.8748 ], [ 77.5468, 12.8845 ], [ 77.5622, 12.8941 ], [ 77.5674, 12.9162 ], [ 77.5845, 12.914 ], [ 77.5907, 12.9216 ] ] ] } },
{ "type": "Feature", "properties": { "area_id": "KGIS-H-200212", "name_en": "Uttarahalli -2", "name_kn": "", "level": "panchayat", "parent_id": "KGIS-T-2002", "district_en": "Bengaluru (Urban)", "lgd_code": null }, "geometry": { "type": "MultiPolygon", "coordinates": [ [ [ [ 77.5047, 12.8298 ], [ 77.524, 12.8205 ], [ 77.526, 12.8127 ], [ 77.5404, 12.8138 ], [ 77.5393, 12.7987 ], [ 77.5494, 12.7853 ], [ 77.5438, 12.7758 ], [ 77.5255, 12.7862 ], [ 77.5153, 12.7742 ], [ 77.5107, 12.7882 ], [ 77.497, 12.7899 ], [ 77.493, 12.8026 ], [ 77.4778, 12.8064 ], [ 77.4797, 12.8187 ], [ 77.4918, 12.8257 ], [ 77.5047, 12.8298 ] ] ], [ [ [ 77.5439, 12.8793 ], [ 77.5481, 12.8846 ], [ 77.56, 12.8748 ], [ 77.5484, 12.8668 ], [ 77.5443, 12.8444 ], [ 77.5235, 12.8399 ], [ 77.5188, 12.8831 ], [ 77.5439, 12.8793 ] ] ] ] } },
{ "type": "Feature", "properties": { "area_id": "KGIS-H-200213", "name_en": "Uttarahalli -3", "name_kn": "", "level": "panchayat", "parent_id": "KGIS-T-2002", "district_en": "Bengaluru (Urban)", "lgd_code": null }, "geometry": { "type": "Polygon", "coordinates": [ [ [ 77.493, 12.8026 ], [ 77.5153, 12.7742 ], [ 77.5255, 12.7862 ], [ 77.5517, 12.7733 ], [ 77.541, 12.7481 ], [ 77.5347, 12.7559 ], [ 77.5218, 12.7317 ], [ 77.5128, 12.7468 ], [ 77.5028, 12.7356 ], [ 77.474, 12.7566 ], [ 77.4785, 12.7805 ], [ 77.4712, 12.7979 ], [ 77.493, 12.8026 ] ] ] } },
{ "type": "Feature", "properties": { "area_id": "KGIS-H-200214", "name_en": "Uttarahalli -4", "name_kn": "", "level": "panchayat", "parent_id": "KGIS-T-2002", "district_en": "Bengaluru (Urban)", "lgd_code": null }, "geometry": { "type": "Polygon", "coordinates": [ [ [ 77.5497, 12.9515 ], [ 77.548, 12.9338 ], [ 77.5624, 12.9336 ], [ 77.5576, 12.9183 ], [ 77.5458, 12.9159 ], [ 77.5592, 12.8914 ], [ 77.5439, 12.8793 ], [ 77.5188, 12.8831 ], [ 77.511, 12.9065 ], [ 77.5267, 12.9065 ], [ 77.5304, 12.9172 ], [ 77.52, 12.9308 ], [ 77.5497, 12.9515 ] ] ] } },
{ "type": "Feature", "properties": { "area_id": "KGIS-H-200215", "name_en": "Beguru - 1", "name_kn": "", "level": "panchayat", "parent_id": "KGIS-T-2002", "district_en": "Bengaluru (Urban)", "lgd_code": null }, "geometry": { "type": "Polygon", "coordinates": [ [ [ 77.5933, 12.9546 ], [ 77.6264, 12.95 ], [ 77.6405, 12.9302 ], [ 77.662, 12.9389 ], [ 77.6586, 12.9453 ], [ 77.6598, 12.9457 ], [ 77.6685, 12.9388 ], [ 77.6689, 12.9232 ], [ 77.659, 12.9095 ], [ 77.6417, 12.9174 ], [ 77.6333, 12.9008 ], [ 77.6343, 12.9145 ], [ 77.6194, 12.9031 ], [ 77.6114, 12.9054 ], [ 77.6076, 12.9166 ], [ 77.5933, 12.9149 ], [ 77.5878, 12.9226 ], [ 77.6033, 12.9288 ], [ 77.5933, 12.9546 ] ] ] } },
{ "type": "Feature", "properties": { "area_id": "KGIS-H-200216", "name_en": "Beguru - 2", "name_kn": "", "level": "panchayat", "parent_id": "KGIS-T-2002", "district_en": "Bengaluru (Urban)", "lgd_code": null }, "geometry": { "type": "Polygon", "coordinates": [ [ [ 77.643, 12.9163 ], [ 77.6556, 12.9112 ], [ 77.657, 12.8987 ], [ 77.6436, 12.8876 ], [ 77.655, 12.8806 ], [ 77.674, 12.8843 ], [ 77.6868, 12.8634 ], [ 77.6818, 12.8454 ], [ 77.6612, 12.8344 ], [ 77.6391, 12.84 ], [ 77.6213, 12.8348 ], [ 77.6414, 12.8714 ], [ 77.6331, 12.8923 ], [ 77.6119, 12.8938 ], [ 77.6114, 12.9054 ], [ 77.6194, 12.9031 ], [ 77.6343, 12.9145 ], [ 77.6333, 12.9008 ], [ 77.643, 12.9163 ] ] ] } },
{ "type": "Feature", "properties": { "area_id": "KGIS-H-200217", "name_en": "Beguru - 3", "name_kn": "", "level": "panchayat", "parent_id": "KGIS-T-2002", "district_en": "Bengaluru (Urban)", "lgd_code": null }, "geometry": { "type": "Polygon", "coordinates": [ [ [ 77.6076, 12.9166 ], [ 77.6119, 12.8938 ], [ 77.6389, 12.8857 ], [ 77.6406, 12.865 ], [ 77.6309, 12.8599 ], [ 77.6211, 12.835 ], [ 77.587, 12.8335 ], [ 77.5832, 12.8416 ], [ 77.5992, 12.8666 ], [ 77.5859, 12.8672 ], [ 77.5931, 12.8728 ], [ 77.5941, 12.9023 ], [ 77.5862, 12.9068 ], [ 77.6076, 12.9166 ] ] ] } },
{ "type": "Feature", "properties": { "area_id": "KGIS-H-200218", "name_en": "Kengeri - 1", "name_kn": "", "level": "panchayat", "parent_id": "KGIS-T-2002", "district_en": "Bengaluru (Urban)", "lgd_code": null }, "geometry": { "type": "Polygon", "coordinates": [ [ [ 77.4383, 12.9599 ], [ 77.4763, 12.9486 ], [ 77.4792, 12.9374 ], [ 77.4887, 12.9492 ], [ 77.5039, 12.9458 ], [ 77.4983, 12.9211 ], [ 77.4879, 12.9117 ], [ 77.5007, 12.8957 ], [ 77.4794, 12.8898 ], [ 77.4734, 12.8984 ], [ 77.4685, 12.8883 ], [ 77.4601, 12.9066 ], [ 77.45, 12.9053 ], [ 77.4515, 12.9173 ], [ 77.439, 12.9216 ], [ 77.4334, 12.9151 ], [ 77.4383, 12.9599 ] ] ] } },
{ "type": "Feature", "properties": { "area_id": "KGIS-H-200219", "name_en": "Kengeri - 2", "name_kn": "", "level": "panchayat", "parent_id": "KGIS-T-2002", "district_en": "Bengaluru (Urban)", "lgd_code": null }, "geometry": { "type": "MultiPolygon", "coordinates": [ [ [ [ 77.4344, 12.8454 ], [ 77.4696, 12.8367 ], [ 77.4772, 12.8106 ], [ 77.4611, 12.8073 ], [ 77.4492, 12.8187 ], [ 77.444, 12.8067 ], [ 77.4335, 12.8234 ], [ 77.4199, 12.8262 ], [ 77.4344, 12.8454 ] ] ], [ [ [ 77.4351, 12.9476 ], [ 77.4334, 12.9151 ], [ 77.439, 12.9216 ], [ 77.4515, 12.9173 ], [ 77.45, 12.9053 ], [ 77.4601, 12.9066 ], [ 77.4732, 12.8772 ], [ 77.4705, 12.8678 ], [ 77.4608, 12.866 ], [ 77.4488, 12.873 ], [ 77.4374, 12.8499 ], [ 77.4275, 12.851 ], [ 77.4188, 12.8693 ], [ 77.4306, 12.8702 ], [ 77.4358, 12.8924 ], [ 77.4308, 12.9002 ], [ 77.4061, 12.8981 ], [ 77.41, 12.9254 ], [ 77.4218, 12.9231 ], [ 77.4228, 12.9252 ], [ 77.4143, 12.9392 ], [ 77.4351, 12.9476 ] ] ] ] } },
{ "type": "Feature", "properties": { "area_id": "KGIS-H-200220", "name_en": "Kengeri - 3", "name_kn": "", "level": "panchayat", "parent_id": "KGIS-T-2002", "district_en": "Bengaluru (Urban)", "lgd_code": null }, "geometry": { "type": "Polygon", "coordinates": [ [ [ 77.5067, 12.8965 ], [ 77.511, 12.8881 ], [ 77.5159, 12.8935 ], [ 77.5231, 12.8706 ], [ 77.5235, 12.8399 ], [ 77.5515, 12.848 ], [ 77.5404, 12.8138 ], [ 77.526, 12.8127 ], [ 77.5047, 12.8298 ], [ 77.4796, 12.8186 ], [ 77.4664, 12.839 ], [ 77.4342, 12.8452 ], [ 77.4488, 12.873 ], [ 77.4705, 12.8678 ], [ 77.4734, 12.8984 ], [ 77.4794, 12.8898 ], [ 77.5067, 12.8965 ] ] ] } },
{ "type": "Feature", "properties": { "area_id": "KGIS-H-200221", "name_en": "Tavarekere - 1", "name_kn": "", "level": "panchayat", "parent_id": "KGIS-T-2002", "district_en": "Bengaluru (Urban)", "lgd_code": null }, "geometry": { "type": "MultiPolygon", "coordinates": [ [ [ [ 77.3424, 12.8942 ], [ 77.3651, 12.8887 ], [ 77.3681, 12.8797 ], [ 77.3943, 12.8791 ], [ 77.3952, 12.8667 ], [ 77.3724, 12.856 ], [ 77.3661, 12.8702 ], [ 77.3441, 12.8703 ], [ 77.3321, 12.8871 ], [ 77.3436, 12.8876 ], [ 77.3424, 12.8942 ] ] ], [ [ [ 77.3354, 12.9786 ], [ 77.3686, 12.9678 ], [ 77.365, 12.9411 ], [ 77.3746, 12.9364 ], [ 77.3775, 12.9235 ], [ 77.3887, 12.9235 ], [ 77.3924, 12.9343 ], [ 77.4013, 12.9228 ], [ 77.3768, 12.9104 ], [ 77.3393, 12.912 ], [ 77.3402, 12.9332 ], [ 77.3256, 12.9719 ], [ 77.3354, 12.9786 ] ] ] ] } },
{ "type": "Feature", "properties": { "area_id": "KGIS-H-200222", "name_en": "Tavarekere - 2", "name_kn": "", "level": "panchayat", "parent_id": "KGIS-T-2002", "district_en": "Bengaluru (Urban)", "lgd_code": null }, "geometry": { "type": "Polygon", "coordinates": [ [ [ 77.3941, 12.9962 ], [ 77.4419, 12.981 ], [ 77.4385, 12.9491 ], [ 77.4163, 12.9484 ], [ 77.4074, 12.9299 ], [ 77.3776, 12.941 ], [ 77.3827, 12.95 ], [ 77.3712, 12.9511 ], [ 77.3686, 12.9678 ], [ 77.3523, 12.9727 ], [ 77.3596, 12.9886 ], [ 77.3941, 12.9962 ] ] ] } },
{ "type": "Feature", "properties": { "area_id": "KGIS-H-200223", "name_en": "Tavarekere - 3", "name_kn": "", "level": "panchayat", "parent_id": "KGIS-T-2002", "district_en": "Bengaluru (Urban)", "lgd_code": null }, "geometry": { "type": "MultiPolygon", "coordinates": [ [ [ [ 77.4202, 12.9474 ], [ 77.4236, 12.9411 ], [ 77.4137, 12.9368 ], [ 77.4228, 12.9252 ], [ 77.41, 12.9254 ], [ 77.4061, 12.8981 ], [ 77.4308, 12.9002 ], [ 77.4358, 12.8924 ], [ 77.4254, 12.8733 ], [ 77.4082, 12.8756 ], [ 77.4021, 12.8656 ], [ 77.3943, 12.8791 ], [ 77.3681, 12.8797 ], [ 77.3651, 12.8887 ], [ 77.3424, 12.8942 ], [ 77.3393, 12.912 ], [ 77.3913, 12.9143 ], [ 77.4202, 12.9474 ] ] ], [ [ [ 77.3785, 12.9499 ], [ 77.3776, 12.941 ], [ 77.3922, 12.9342 ], [ 77.3887, 12.9235 ], [ 77.3775, 12.9235 ], [ 77.3746, 12.9364 ], [ 77.3653, 12.9402 ], [ 77.3661, 12.9498 ], [ 77.3785, 12.9499 ] ] ] ] } },
{ "type": "Feature", "properties": { "area_id": "KGIS-H-200224", "name_en": "Kengeri-4", "name_kn": "", "level": "panchayat", "parent_id": "KGIS-T-2002", "district_en": "Bengaluru (Urban)", "lgd_code": null }, "geometry": { "type": "Polygon", "coordinates": [ [ [ 77.5292, 12.955 ], [ 77.5375, 12.9397 ], [ 77.52, 12.9308 ], [ 77.5299, 12.9145 ], [ 77.5267, 12.9065 ], [ 77.511, 12.9065 ], [ 77.511, 12.8881 ], [ 77.4879, 12.9117 ], [ 77.4983, 12.9211 ], [ 77.5043, 12.9471 ], [ 77.528, 12.949 ], [ 77.5292, 12.955 ] ] ] } },
{ "type": "Feature", "properties": { "area_id": "KGIS-H-200225", "name_en": "Uttarahalli -5", "name_kn": "", "level": "panchayat", "parent_id": "KGIS-T-2002", "district_en": "Bengaluru (Urban)", "lgd_code": null }, "geometry": { "type": "MultiPolygon", "coordinates": [ [ [ [ 77.5678, 12.9268 ], [ 77.574, 12.9172 ], [ 77.5674, 12.9162 ], [ 77.5594, 12.8927 ], [ 77.5458, 12.9159 ], [ 77.5678, 12.9268 ] ] ], [ [ [ 77.5813, 12.9369 ], [ 77.6055, 12.9349 ], [ 77.6028, 12.9279 ], [ 77.5878, 12.9226 ], [ 77.5813, 12.9369 ] ] ] ] } },
{ "type": "Feature", "properties": { "area_id": "KGIS-H-200240", "name_en": "Uttarahalli", "name_kn": "", "level": "panchayat", "parent_id": "KGIS-T-2002", "district_en": "Bengaluru (Urban)", "lgd_code": null }, "geometry": { "type": "Polygon", "coordinates": [ [ [ 77.5685, 12.9381 ], [ 77.5812, 12.9361 ], [ 77.589, 12.9206 ], [ 77.5845, 12.914 ], [ 77.5739, 12.9176 ], [ 77.5725, 12.9265 ], [ 77.5606, 12.9215 ], [ 77.5685, 12.9381 ] ] ] } },
{ "type": "Feature", "properties": { "area_id": "KGIS-H-200241", "name_en": "Kengeri", "name_kn": "", "level": "panchayat", "parent_id": "KGIS-T-2002", "district_en": "Bengaluru (Urban)", "lgd_code": null }, "geometry": { "type": "Polygon", "coordinates": [ [ [ 77.4735, 12.9403 ], [ 77.4851, 12.944 ], [ 77.4841, 12.937 ], [ 77.4735, 12.9403 ] ] ] } },
{ "type": "Feature", "properties": { "area_id": "KGIS-H-200301", "name_en": "Kasaba", "name_kn": "", "level": "panchayat", "parent_id": "KGIS-T-2003", "district_en": "Bengaluru (Urban)", "lgd_code": null }, "geometry": { "type": "Polygon", "coordinates": [ [ [ 77.6706, 12.744 ], [ 77.6955, 12.7373 ], [ 77.6927, 12.7288 ], [ 77.7036, 12.7196 ], [ 77.7012, 12.7135 ], [ 77.7095, 12.7123 ], [ 77.7108, 12.693 ], [ 77.7249, 12.6947 ], [ 77.7242, 12.7047 ], [ 77.7407, 12.7016 ], [ 77.7459, 12.7295 ], [ 77.761, 12.7296 ], [ 77.7631, 12.6979 ], [ 77.7376, 12.6984 ], [ 77.7387, 12.6721 ], [ 77.7248, 12.6708 ], [ 77.7232, 12.6794 ], [ 77.712, 12.6834 ], [ 77.7109, 12.6664 ], [ 77.7024, 12.6607 ], [ 77.6787, 12.6602 ], [ 77.6771, 12.6793 ], [ 77.6633, 12.6833 ], [ 77.5979, 12.6681 ], [ 77.5955, 12.6578 ], [ 77.5941, 12.6672 ], [ 77.6145, 12.7113 ], [ 77.5942, 12.7205 ], [ 77.6133, 12.7341 ], [ 77.6706, 12.744 ] ] ] } },
{ "type": "Feature", "properties": { "area_id": "KGIS-H-200302", "name_en": "Jigani", "name_kn": "", "level": "panchayat", "parent_id": "KGIS-T-2003", "district_en": "Bengaluru (Urban)", "lgd_code": null }, "geometry": { "type": "MultiPolygon", "coordinates": [ [ [ [ 77.6651, 12.8261 ], [ 77.6896, 12.806 ], [ 77.6868, 12.7869 ], [ 77.6988, 12.7771 ], [ 77.6894, 12.7785 ], [ 77.6866, 12.7661 ], [ 77.6666, 12.7686 ], [ 77.6672, 12.754 ], [ 77.6536, 12.7531 ], [ 77.6584, 12.7413 ], [ 77.6133, 12.7341 ], [ 77.5947, 12.721 ], [ 77.5985, 12.7583 ], [ 77.592, 12.7777 ], [ 77.6072, 12.7896 ], [ 77.6308, 12.7884 ], [ 77.6343, 12.8104 ], [ 77.6611, 12.8118 ], [ 77.6651, 12.8261 ] ] ], [ [ [ 77.5822, 12.8364 ], [ 77.593, 12.8343 ], [ 77.5957, 12.8275 ], [ 77.5806, 12.8286 ], [ 77.5822, 12.8364 ] ] ] ] } },
{ "type": "Feature", "properties": { "area_id": "KGIS-H-200303", "name_en": "Attibele1", "name_kn": "", "level": "panchayat", "parent_id": "KGIS-T-2003", "district_en": "Bengaluru (Urban)", "lgd_code": null }, "geometry": { "type": "MultiPolygon", "coordinates": [ [ [ [ 77.7662, 12.7257 ], [ 77.7744, 12.7245 ], [ 77.7697, 12.7132 ], [ 77.7615, 12.7151 ], [ 77.7662, 12.7257 ] ] ], [ [ [ 77.7942, 12.8189 ], [ 77.7916, 12.811 ], [ 77.8091, 12.7971 ], [ 77.7947, 12.7917 ], [ 77.7789, 12.768 ], [ 77.7951, 12.7589 ], [ 77.7924, 12.7479 ], [ 77.7648, 12.7378 ], [ 77.761, 12.7296 ], [ 77.7331, 12.7283 ], [ 77.7405, 12.7522 ], [ 77.7342, 12.7559 ], [ 77.7363, 12.7685 ], [ 77.7454, 12.7693 ], [ 77.7478, 12.7807 ], [ 77.7641, 12.782 ], [ 77.755, 12.8012 ], [ 77.7403, 12.7968 ], [ 77.736, 12.8077 ], [ 77.7464, 12.8182 ], [ 77.7662, 12.8092 ], [ 77.7942, 12.8189 ] ] ] ] } },
{ "type": "Feature", "properties": { "area_id": "KGIS-H-200304", "name_en": "Attibele2", "name_kn": "", "level": "panchayat", "parent_id": "KGIS-T-2003", "district_en": "Bengaluru (Urban)", "lgd_code": null }, "geometry": { "type": "Polygon", "coordinates": [ [ [ 77.6846, 12.8451 ], [ 77.7053, 12.8304 ], [ 77.7263, 12.828 ], [ 77.732, 12.8148 ], [ 77.7457, 12.8164 ], [ 77.7348, 12.8038 ], [ 77.7403, 12.7968 ], [ 77.755, 12.8012 ], [ 77.7634, 12.7784 ], [ 77.7478, 12.7807 ], [ 77.7454, 12.7693 ], [ 77.7362, 12.7685 ], [ 77.7299, 12.7819 ], [ 77.7122, 12.7848 ], [ 77.7024, 12.7743 ], [ 77.6868, 12.7869 ], [ 77.6896, 12.806 ], [ 77.6703, 12.8159 ], [ 77.6618, 12.8348 ], [ 77.6846, 12.8451 ] ] ] } },
{ "type": "Feature", "properties": { "area_id": "KGIS-H-200305", "name_en": "Sarjapura1", "name_kn": "", "level": "panchayat", "parent_id": "KGIS-T-2003", "district_en": "Bengaluru (Urban)", "lgd_code": null }, "geometry": { "type": "Polygon", "coordinates": [ [ [ 77.8102, 12.9343 ], [ 77.8163, 12.9257 ], [ 77.8318, 12.9256 ], [ 77.8297, 12.9197 ], [ 77.8168, 12.9217 ], [ 77.8166, 12.9149 ], [ 77.837, 12.8704 ], [ 77.8331, 12.862 ], [ 77.8079, 12.8477 ], [ 77.799, 12.8519 ], [ 77.7926, 12.8434 ], [ 77.7956, 12.8348 ], [ 77.8101, 12.831 ], [ 77.8098, 12.8158 ], [ 77.8022, 12.8171 ], [ 77.8002, 12.8074 ], [ 77.7916, 12.811 ], [ 77.792, 12.8197 ], [ 77.7872, 12.812 ], [ 77.7715, 12.8162 ], [ 77.7669, 12.8106 ], [ 77.7594, 12.8217 ], [ 77.7476, 12.8234 ], [ 77.7519, 12.8333 ], [ 77.7592, 12.824 ], [ 77.7672, 12.8376 ], [ 77.7785, 12.836 ], [ 77.7709, 12.8416 ], [ 77.7813, 12.8526 ], [ 77.7697, 12.8588 ], [ 77.7797, 12.8689 ], [ 77.7682, 12.8792 ], [ 77.771, 12.8952 ], [ 77.7911, 12.8866 ], [ 77.7843, 12.9149 ], [ 77.8032, 12.9194 ], [ 77.8102, 12.9343 ] ] ] } },
{ "type": "Feature", "properties": { "area_id": "KGIS-H-200306", "name_en": "Sarjapura2", "name_kn": "", "level": "panchayat", "parent_id": "KGIS-T-2003", "district_en": "Bengaluru (Urban)", "lgd_code": null }, "geometry": { "type": "Polygon", "coordinates": [ [ [ 77.6436, 12.8876 ], [ 77.6821, 12.8921 ], [ 77.6899, 12.8793 ], [ 77.7341, 12.8736 ], [ 77.7302, 12.8562 ], [ 77.7437, 12.8485 ], [ 77.7407, 12.8327 ], [ 77.7662, 12.8092 ], [ 77.7485, 12.8182 ], [ 77.732, 12.8148 ], [ 77.7263, 12.828 ], [ 77.6869, 12.8411 ], [ 77.6819, 12.8457 ], [ 77.6879, 12.8681 ], [ 77.6753, 12.8726 ], [ 77.6742, 12.8841 ], [ 77.655, 12.8806 ], [ 77.6436, 12.8876 ] ] ] } },
{ "type": "Feature", "properties": { "area_id": "KGIS-H-200307", "name_en": "Kasaba2", "name_kn": "", "level": "panchayat", "parent_id": "KGIS-T-2003", "district_en": "Bengaluru (Urban)", "lgd_code": null }, "geometry": { "type": "Polygon", "coordinates": [ [ [ 77.7122, 12.7848 ], [ 77.7352, 12.779 ], [ 77.7342, 12.7559 ], [ 77.7405, 12.7522 ], [ 77.7312, 12.7348 ], [ 77.7454, 12.7222 ], [ 77.7407, 12.7016 ], [ 77.7242, 12.7047 ], [ 77.7249, 12.6947 ], [ 77.7131, 12.6927 ], [ 77.7095, 12.7123 ], [ 77.7012, 12.7135 ], [ 77.7036, 12.7196 ], [ 77.6927, 12.7288 ], [ 77.6955, 12.7373 ], [ 77.6591, 12.7429 ], [ 77.6536, 12.7531 ], [ 77.6672, 12.754 ], [ 77.6666, 12.7686 ], [ 77.6866, 12.7661 ], [ 77.6894, 12.7785 ], [ 77.7041, 12.7741 ], [ 77.7122, 12.7848 ] ] ] } },
{ "type": "Feature", "properties": { "area_id": "KGIS-H-200308", "name_en": "Jigani2", "name_kn": "", "level": "panchayat", "parent_id": "KGIS-T-2003", "district_en": "Bengaluru (Urban)", "lgd_code": null }, "geometry": { "type": "MultiPolygon", "coordinates": [ [ [ [ 77.5985, 12.7583 ], [ 77.5948, 12.7209 ], [ 77.5681, 12.7012 ], [ 77.5576, 12.7309 ], [ 77.5719, 12.731 ], [ 77.5765, 12.7512 ], [ 77.5941, 12.7505 ], [ 77.5985, 12.7583 ] ] ], [ [ [ 77.5527, 12.7973 ], [ 77.5493, 12.7942 ], [ 77.5509, 12.7979 ], [ 77.5527, 12.7973 ] ] ], [ [ [ 77.5557, 12.8465 ], [ 77.5912, 12.8261 ], [ 77.6145, 12.8391 ], [ 77.649, 12.8394 ], [ 77.6618, 12.8348 ], [ 77.6627, 12.8163 ], [ 77.6343, 12.8104 ], [ 77.636, 12.7975 ], [ 77.6239, 12.7845 ], [ 77.6072, 12.7896 ], [ 77.5922, 12.7778 ], [ 77.5797, 12.7878 ], [ 77.5664, 12.7592 ], [ 77.5586, 12.7653 ], [ 77.5564, 12.7811 ], [ 77.5636, 12.7881 ], [ 77.5529, 12.7897 ], [ 77.556, 12.7996 ], [ 77.5393, 12.7987 ], [ 77.5453, 12.8381 ], [ 77.5557, 12.8465 ] ] ] ] } },
{ "type": "Feature", "properties": { "area_id": "KGIS-H-200309", "name_en": "Sarjapura3", "name_kn": "", "level": "panchayat", "parent_id": "KGIS-T-2003", "district_en": "Bengaluru (Urban)", "lgd_code": null }, "geometry": { "type": "Polygon", "coordinates": [ [ [ 77.7653, 12.9423 ], [ 77.7987, 12.9243 ], [ 77.7827, 12.9086 ], [ 77.7911, 12.8866 ], [ 77.771, 12.8952 ], [ 77.7682, 12.8792 ], [ 77.7797, 12.8689 ], [ 77.7697, 12.8588 ], [ 77.7813, 12.8526 ], [ 77.7709, 12.8416 ], [ 77.7785, 12.836 ], [ 77.7672, 12.8376 ], [ 77.7592, 12.824 ], [ 77.7519, 12.8333 ], [ 77.7483, 12.8255 ], [ 77.7407, 12.8327 ], [ 77.7437, 12.8485 ], [ 77.7302, 12.8562 ], [ 77.74, 12.9065 ], [ 77.7458, 12.9198 ], [ 77.7648, 12.9288 ], [ 77.7653, 12.9423 ] ] ] } },
{ "type": "Feature", "properties": { "area_id": "KGIS-H-200401", "name_en": "K R Pura1", "name_kn": "", "level": "panchayat", "parent_id": "KGIS-T-2004", "district_en": "Bengaluru (Urban)", "lgd_code": null }, "geometry": { "type": "Polygon", "coordinates": [ [ [ 77.6427, 13.0367 ], [ 77.6614, 13.0138 ], [ 77.7017, 13.0274 ], [ 77.7054, 13.0147 ], [ 77.7299, 13.02 ], [ 77.7281, 13.0105 ], [ 77.7062, 13.0044 ], [ 77.7023, 12.9937 ], [ 77.6692, 13.012 ], [ 77.6655, 13.0013 ], [ 77.6469, 13.0004 ], [ 77.6373, 13.0047 ], [ 77.6427, 13.0367 ] ] ] } },
{ "type": "Feature", "properties": { "area_id": "KGIS-H-200402", "name_en": "K R Pura2", "name_kn": "", "level": "panchayat", "parent_id": "KGIS-T-2004", "district_en": "Bengaluru (Urban)", "lgd_code": null }, "geometry": { "type": "MultiPolygon", "coordinates": [ [ [ [ 77.6801, 12.9886 ], [ 77.6901, 12.9811 ], [ 77.6869, 12.9721 ], [ 77.6693, 12.9753 ], [ 77.6801, 12.9886 ] ] ], [ [ [ 77.6496, 13.0814 ], [ 77.6475, 13.0477 ], [ 77.6557, 13.0468 ], [ 77.6565, 13.0748 ], [ 77.667, 13.066 ], [ 77.6643, 13.051 ], [ 77.6798, 13.0525 ], [ 77.6852, 13.0452 ], [ 77.6837, 13.0231 ], [ 77.6639, 13.0139 ], [ 77.6413, 13.0426 ], [ 77.6074, 13.0462 ], [ 77.5988, 13.0551 ], [ 77.609, 13.0669 ], [ 77.6189, 13.063 ], [ 77.6496, 13.0814 ] ] ] ] } },
{ "type": "Feature", "properties": { "area_id": "KGIS-H-200403", "name_en": "K R Pura3", "name_kn": "", "level": "panchayat", "parent_id": "KGIS-T-2004", "district_en": "Bengaluru (Urban)", "lgd_code": null }, "geometry": { "type": "Polygon", "coordinates": [ [ [ 77.7361, 13.0107 ], [ 77.7423, 12.9983 ], [ 77.7315, 12.9963 ], [ 77.7341, 12.9885 ], [ 77.756, 12.9902 ], [ 77.7577, 12.9797 ], [ 77.7782, 12.977 ], [ 77.7841, 12.9667 ], [ 77.7502, 12.9562 ], [ 77.7303, 12.9638 ], [ 77.699, 12.9583 ], [ 77.7133, 12.9745 ], [ 77.7023, 12.9937 ], [ 77.7062, 13.0044 ], [ 77.7361, 13.0107 ] ] ] } },
{ "type": "Feature", "properties": { "area_id": "KGIS-H-200404", "name_en": "Varturu1", "name_kn": "", "level": "panchayat", "parent_id": "KGIS-T-2004", "district_en": "Bengaluru (Urban)", "lgd_code": null }, "geometry": { "type": "MultiPolygon", "coordinates": [ [ [ [ 77.6633, 12.9648 ], [ 77.6728, 12.9566 ], [ 77.6721, 12.9414 ], [ 77.6964, 12.9492 ], [ 77.7082, 12.9624 ], [ 77.7326, 12.9636 ], [ 77.748, 12.956 ], [ 77.7668, 12.9634 ], [ 77.7727, 12.9515 ], [ 77.7648, 12.9288 ], [ 77.7458, 12.9198 ], [ 77.7398, 12.8943 ], [ 77.7275, 12.9031 ], [ 77.7251, 12.9163 ], [ 77.7035, 12.9152 ], [ 77.733, 12.9339 ], [ 77.7347, 12.9421 ], [ 77.7125, 12.938 ], [ 77.6954, 12.9444 ], [ 77.6825, 12.9315 ], [ 77.668, 12.9307 ], [ 77.6685, 12.9388 ], [ 77.6557, 12.9475 ], [ 77.6633, 12.9648 ] ] ], [ [ [ 77.7331, 12.9383 ], [ 77.7322, 12.9386 ], [ 77.7329, 12.9387 ], [ 77.7331, 12.9383 ] ] ] ] } },
{ "type": "Feature", "properties": { "area_id": "KGIS-H-200405", "name_en": "Varturu2", "name_kn": "", "level": "panchayat", "parent_id": "KGIS-T-2004", "district_en": "Bengaluru (Urban)", "lgd_code": null }, "geometry": { "type": "Polygon", "coordinates": [ [ [ 77.6986, 12.9429 ], [ 77.7347, 12.9421 ], [ 77.733, 12.9339 ], [ 77.7035, 12.9152 ], [ 77.7278, 12.9145 ], [ 77.7275, 12.9031 ], [ 77.7398, 12.8943 ], [ 77.7341, 12.8736 ], [ 77.6899, 12.8793 ], [ 77.6774, 12.8943 ], [ 77.6539, 12.8945 ], [ 77.668, 12.9307 ], [ 77.6986, 12.9429 ] ], [ [ 77.7325, 12.9382 ], [ 77.7329, 12.9387 ], [ 77.7322, 12.9386 ], [ 77.7325, 12.9382 ] ] ] } },
{ "type": "Feature", "properties": { "area_id": "KGIS-H-200406", "name_en": "Bidarahalli1", "name_kn": "", "level": "panchayat", "parent_id": "KGIS-T-2004", "district_en": "Bengaluru (Urban)", "lgd_code": null }, "geometry": { "type": "Polygon", "coordinates": [ [ [ 77.741, 13.0965 ], [ 77.765, 13.0951 ], [ 77.7583, 13.0737 ], [ 77.7816, 13.0333 ], [ 77.7717, 13.0152 ], [ 77.7785, 12.9768 ], [ 77.7577, 12.9797 ], [ 77.7583, 12.9963 ], [ 77.7422, 12.9986 ], [ 77.7361, 13.0076 ], [ 77.7387, 13.04 ], [ 77.7495, 13.0477 ], [ 77.7359, 13.062 ], [ 77.7451, 13.0799 ], [ 77.741, 13.0965 ] ], [ [ 77.7462, 13.0793 ], [ 77.7447, 13.0784 ], [ 77.7455, 13.0777 ], [ 77.7462, 13.0793 ] ] ] } },
{ "type": "Feature", "properties": { "area_id": "KGIS-H-200407", "name_en": "Bidarahalli2", "name_kn": "", "level": "panchayat", "parent_id": "KGIS-T-2004", "district_en": "Bengaluru (Urban)", "lgd_code": null }, "geometry": { "type": "MultiPolygon", "coordinates": [ [ [ [ 77.7226, 13.112 ], [ 77.7665, 13.1076 ], [ 77.7656, 13.0968 ], [ 77.741, 13.0965 ], [ 77.7451, 13.0799 ], [ 77.7359, 13.062 ], [ 77.7495, 13.0477 ], [ 77.7391, 13.0411 ], [ 77.7356, 13.0109 ], [ 77.7281, 13.0105 ], [ 77.7301, 13.0198 ], [ 77.7231, 13.0216 ], [ 77.7054, 13.0147 ], [ 77.7017, 13.0274 ], [ 77.6837, 13.0231 ], [ 77.6851, 13.045 ], [ 77.7125, 13.0451 ], [ 77.7082, 13.0519 ], [ 77.6973, 13.0487 ], [ 77.6945, 13.06 ], [ 77.704, 13.0743 ], [ 77.6971, 13.0898 ], [ 77.7005, 13.1029 ], [ 77.7195, 13.0913 ], [ 77.7226, 13.112 ] ] ], [ [ [ 77.7462, 13.0793 ], [ 77.7447, 13.0784 ], [ 77.7455, 13.0795 ], [ 77.7462, 13.0793 ] ] ], [ [ [ 77.6657, 13.0895 ], [ 77.6675, 13.1 ], [ 77.6725, 13.1068 ], [ 77.6784, 13.1002 ], [ 77.6657, 13.0895 ] ] ] ] } },
{ "type": "Feature", "properties": { "area_id": "KGIS-H-200408", "name_en": "Mahadevapura", "name_kn": "", "level": "panchayat", "parent_id": "KGIS-T-2004", "district_en": "Bengaluru (Urban)", "lgd_code": null }, "geometry": { "type": "Polygon", "coordinates": [ [ [ 77.6682, 13.0121 ], [ 77.7038, 12.9933 ], [ 77.7026, 12.9849 ], [ 77.6876, 12.9809 ], [ 77.6798, 12.9886 ], [ 77.6704, 12.9829 ], [ 77.6573, 12.9914 ], [ 77.6438, 12.9775 ], [ 77.6447, 12.9884 ], [ 77.6319, 12.9899 ], [ 77.6373, 13.0044 ], [ 77.6641, 13.0009 ], [ 77.6682, 13.0121 ] ] ] } },
{ "type": "Feature", "properties": { "area_id": "KGIS-H-200409", "name_en": "Marathahalli", "name_kn": "", "level": "panchayat", "parent_id": "KGIS-T-2004", "district_en": "Bengaluru (Urban)", "lgd_code": null }, "geometry": { "type": "Polygon", "coordinates": [ [ [ 77.7078, 12.9844 ], [ 77.7133, 12.9745 ], [ 77.6998, 12.9634 ], [ 77.6964, 12.9492 ], [ 77.69, 12.9523 ], [ 77.6814, 12.9416 ], [ 77.6721, 12.9414 ], [ 77.6728, 12.9566 ], [ 77.6623, 12.9662 ], [ 77.6554, 12.9514 ], [ 77.6607, 12.938 ], [ 77.6396, 12.9515 ], [ 77.6428, 12.9671 ], [ 77.6367, 12.9744 ], [ 77.6556, 12.9755 ], [ 77.6505, 12.9832 ], [ 77.667, 12.985 ], [ 77.6702, 12.9742 ], [ 77.6869, 12.9721 ], [ 77.6916, 12.9821 ], [ 77.7078, 12.9844 ] ] ] } },
{ "type": "Feature", "properties": { "area_id": "KGIS-H-200410", "name_en": "Bidharahalli3", "name_kn": "", "level": "panchayat", "parent_id": "KGIS-T-2004", "district_en": "Bengaluru (Urban)", "lgd_code": null }, "geometry": { "type": "Polygon", "coordinates": [ [ [ 77.6438, 13.1144 ], [ 77.6701, 13.1095 ], [ 77.6657, 13.0893 ], [ 77.6784, 13.1002 ], [ 77.7005, 13.1029 ], [ 77.6971, 13.0898 ], [ 77.704, 13.0743 ], [ 77.6945, 13.06 ], [ 77.6973, 13.0487 ], [ 77.7082, 13.0519 ], [ 77.7125, 13.0451 ], [ 77.6643, 13.051 ], [ 77.667, 13.066 ], [ 77.6565, 13.0748 ], [ 77.6557, 13.0468 ], [ 77.6475, 13.0477 ], [ 77.6519, 13.0714 ], [ 77.6427, 13.0869 ], [ 77.6503, 13.1047 ], [ 77.637, 13.1064 ], [ 77.6438, 13.1144 ] ] ] } },
{ "type": "Feature", "properties": { "area_id": "KGIS-H-200440", "name_en": "Bidarahalli", "name_kn": "", "level": "panchayat", "parent_id": "KGIS-T-2004", "district_en": "Bengaluru (Urban)", "lgd_code": null }, "geometry": { "type": "Polygon", "coordinates": [ [ [ 77.7583, 12.9963 ], [ 77.7341, 12.9885 ], [ 77.7315, 12.9963 ], [ 77.7583, 12.9963 ] ] ] } },
{ "type": "Feature", "properties": { "area_id": "KGIS-H-200441", "name_en": "K.R.Puram", "name_kn": "", "level": "panchayat", "parent_id": "KGIS-T-2004", "district_en": "Bengaluru (Urban)", "lgd_code": null }, "geometry": { "type": "MultiPolygon", "coordinates": [ [ [ [ 77.6436, 12.9773 ], [ 77.6512, 12.9787 ], [ 77.6556, 12.9755 ], [ 77.6436, 12.9773 ] ] ], [ [ [ 77.661, 12.9859 ], [ 77.6505, 12.9832 ], [ 77.6499, 12.9876 ], [ 77.6573, 12.9914 ], [ 77.661, 12.9859 ] ] ] ] } },
{ "type": "Feature", "properties": { "area_id": "KGIS-H-200501", "name_en": "Yalahanka1", "name_kn": "", "level": "panchayat", "parent_id": "KGIS-T-2005", "district_en": "Bengaluru (Urban)", "lgd_code": null }, "geometry": { "type": "Polygon", "coordinates": [ [ [ 77.5567, 13.1627 ], [ 77.5929, 13.1609 ], [ 77.5971, 13.135 ], [ 77.6154, 13.1313 ], [ 77.6102, 13.111 ], [ 77.6386, 13.1132 ], [ 77.637, 13.1063 ], [ 77.6503, 13.1047 ], [ 77.6427, 13.0869 ], [ 77.626, 13.0894 ], [ 77.6298, 13.1001 ], [ 77.6074, 13.0982 ], [ 77.6113, 13.0892 ], [ 77.6019, 13.086 ], [ 77.5965, 13.0932 ], [ 77.5823, 13.0928 ], [ 77.5829, 13.1003 ], [ 77.5699, 13.0923 ], [ 77.5748, 13.1118 ], [ 77.5526, 13.1167 ], [ 77.5491, 13.1345 ], [ 77.5567, 13.1627 ] ] ] } },
{ "type": "Feature", "properties": { "area_id": "KGIS-H-200502", "name_en": "Yalahanka2", "name_kn": "", "level": "panchayat", "parent_id": "KGIS-T-2005", "district_en": "Bengaluru (Urban)", "lgd_code": null }, "geometry": { "type": "Polygon", "coordinates": [ [ [ 77.6286, 13.0977 ], [ 77.626, 13.0894 ], [ 77.6466, 13.0851 ], [ 77.6189, 13.063 ], [ 77.5971, 13.0725 ], [ 77.5927, 13.0576 ], [ 77.585, 13.059 ], [ 77.582, 13.0763 ], [ 77.5658, 13.0657 ], [ 77.5581, 13.0688 ], [ 77.5603, 13.0844 ], [ 77.5682, 13.0833 ], [ 77.5739, 13.0987 ], [ 77.5829, 13.1003 ], [ 77.5823, 13.0928 ], [ 77.5965, 13.0932 ], [ 77.6019, 13.086 ], [ 77.6113, 13.0892 ], [ 77.6074, 13.0982 ], [ 77.6286, 13.0977 ] ] ] } },
{ "type": "Feature", "properties": { "area_id": "KGIS-H-200503", "name_en": "Yalahanka3", "name_kn": "", "level": "panchayat", "parent_id": "KGIS-T-2005", "district_en": "Bengaluru (Urban)", "lgd_code": null }, "geometry": { "type": "MultiPolygon", "coordinates": [ [ [ [ 77.5999, 13.0463 ], [ 77.5989, 13.0471 ], [ 77.5997, 13.0472 ], [ 77.5999, 13.0463 ] ] ], [ [ [ 77.5988, 13.0551 ], [ 77.6069, 13.0463 ], [ 77.5962, 13.048 ], [ 77.5979, 13.0536 ], [ 77.5987, 13.0551 ], [ 77.5988, 13.0551 ] ] ], [ [ [ 77.6061, 13.063 ], [ 77.5989, 13.0552 ], [ 77.5927, 13.0576 ], [ 77.5971, 13.0725 ], [ 77.6061, 13.063 ] ] ], [ [ [ 77.5276, 13.1059 ], [ 77.5748, 13.1118 ], [ 77.575, 13.1099 ], [ 77.5581, 13.0688 ], [ 77.5658, 13.0657 ], [ 77.582, 13.0763 ], [ 77.585, 13.059 ], [ 77.5915, 13.0574 ], [ 77.5841, 13.0453 ], [ 77.5613, 13.054 ], [ 77.5559, 13.0483 ], [ 77.5452, 13.0676 ], [ 77.5314, 13.0721 ], [ 77.53, 13.0823 ], [ 77.5408, 13.0899 ], [ 77.5276, 13.1059 ] ], [ [ 77.5563, 13.0827 ], [ 77.5472, 13.0753 ], [ 77.5525, 13.0732 ], [ 77.5563, 13.0827 ] ] ] ] } },
{ "type": "Feature", "properties": { "area_id": "KGIS-H-200504", "name_en": "Jala1", "name_kn": "", "level": "panchayat", "parent_id": "KGIS-T-2005", "district_en": "Bengaluru (Urban)", "lgd_code": null }, "geometry": { "type": "Polygon", "coordinates": [ [ [ 77.6139, 13.2056 ], [ 77.6572, 13.1993 ], [ 77.6505, 13.1902 ], [ 77.6614, 13.1845 ], [ 77.671, 13.1853 ], [ 77.6712, 13.1917 ], [ 77.6916, 13.1907 ], [ 77.6908, 13.1809 ], [ 77.6744, 13.1719 ], [ 77.6778, 13.1556 ], [ 77.6426, 13.1566 ], [ 77.6376, 13.1473 ], [ 77.6302, 13.1537 ], [ 77.6339, 13.1673 ], [ 77.6161, 13.1679 ], [ 77.6099, 13.1776 ], [ 77.6228, 13.1846 ], [ 77.6225, 13.1953 ], [ 77.6139, 13.2056 ] ] ] } },
{ "type": "Feature", "properties": { "area_id": "KGIS-H-200505", "name_en": "Jala2", "name_kn": "", "level": "panchayat", "parent_id": "KGIS-T-2005", "district_en": "Bengaluru (Urban)", "lgd_code": null }, "geometry": { "type": "Polygon", "coordinates": [ [ [ 77.6164, 13.2033 ], [ 77.6229, 13.1849 ], [ 77.6097, 13.1752 ], [ 77.6339, 13.1673 ], [ 77.6302, 13.1537 ], [ 77.6376, 13.1473 ], [ 77.6426, 13.1566 ], [ 77.6565, 13.1523 ], [ 77.6526, 13.1124 ], [ 77.6102, 13.111 ], [ 77.6154, 13.1313 ], [ 77.5971, 13.135 ], [ 77.5929, 13.1609 ], [ 77.5747, 13.1645 ], [ 77.5802, 13.1913 ], [ 77.6164, 13.2033 ] ] ] } },
{ "type": "Feature", "properties": { "area_id": "KGIS-H-200506", "name_en": "Hesarughatta1", "name_kn": "", "level": "panchayat", "parent_id": "KGIS-T-2005", "district_en": "Bengaluru (Urban)", "lgd_code": null }, "geometry": { "type": "Polygon", "coordinates": [ [ [ 77.5447, 13.1745 ], [ 77.5548, 13.1606 ], [ 77.5366, 13.1647 ], [ 77.5307, 13.156 ], [ 77.5162, 13.1578 ], [ 77.5144, 13.1471 ], [ 77.5257, 13.1347 ], [ 77.5153, 13.1307 ], [ 77.518, 13.1218 ], [ 77.5389, 13.1159 ], [ 77.5256, 13.1025 ], [ 77.5344, 13.0921 ], [ 77.5049, 13.099 ], [ 77.491, 13.0842 ], [ 77.4696, 13.0867 ], [ 77.4762, 13.1191 ], [ 77.4561, 13.129 ], [ 77.4638, 13.127 ], [ 77.4658, 13.1343 ], [ 77.4548, 13.136 ], [ 77.4528, 13.1451 ], [ 77.4617, 13.1617 ], [ 77.4692, 13.1623 ], [ 77.4833, 13.1543 ], [ 77.4881, 13.1535 ], [ 77.4912, 13.1521 ], [ 77.5011, 13.1499 ], [ 77.5034, 13.167 ], [ 77.5447, 13.1745 ] ], [ [ 77.4771, 13.106 ], [ 77.4762, 13.1097 ], [ 77.4751, 13.1058 ], [ 77.4771, 13.106 ] ] ] } },
{ "type": "Feature", "properties": { "area_id": "KGIS-H-200507", "name_en": "Hesarughatta2", "name_kn": "", "level": "panchayat", "parent_id": "KGIS-T-2005", "district_en": "Bengaluru (Urban)", "lgd_code": null }, "geometry": { "type": "MultiPolygon", "coordinates": [ [ [ [ 77.555, 13.155 ], [ 77.5367, 13.1163 ], [ 77.518, 13.1218 ], [ 77.5153, 13.1307 ], [ 77.5257, 13.1347 ], [ 77.5144, 13.1471 ], [ 77.5162, 13.1578 ], [ 77.5307, 13.156 ], [ 77.5366, 13.1647 ], [ 77.555, 13.155 ] ] ], [ [ [ 77.5433, 13.2331 ], [ 77.5596, 13.232 ], [ 77.5575, 13.2197 ], [ 77.5695, 13.216 ], [ 77.5677, 13.2016 ], [ 77.5863, 13.1962 ], [ 77.5746, 13.1859 ], [ 77.5747, 13.1645 ], [ 77.5567, 13.1627 ], [ 77.549, 13.1745 ], [ 77.5243, 13.1722 ], [ 77.5034, 13.167 ], [ 77.5011, 13.1499 ], [ 77.469, 13.1623 ], [ 77.4792, 13.2242 ], [ 77.512, 13.2261 ], [ 77.5213, 13.2069 ], [ 77.5265, 13.2217 ], [ 77.5372, 13.2191 ], [ 77.5433, 13.2331 ] ] ] ] } },
{ "type": "Feature", "properties": { "area_id": "KGIS-H-200508", "name_en": "Jala3", "name_kn": "", "level": "panchayat", "parent_id": "KGIS-T-2005", "district_en": "Bengaluru (Urban)", "lgd_code": null }, "geometry": { "type": "Polygon", "coordinates": [ [ [ 77.6897, 13.2029 ], [ 77.7, 13.1903 ], [ 77.7135, 13.1963 ], [ 77.7293, 13.1858 ], [ 77.7284, 13.1458 ], [ 77.7338, 13.1429 ], [ 77.7241, 13.1254 ], [ 77.7333, 13.12 ], [ 77.7226, 13.1119 ], [ 77.7195, 13.0913 ], [ 77.7005, 13.1029 ], [ 77.6784, 13.1002 ], [ 77.6526, 13.1123 ], [ 77.6565, 13.1523 ], [ 77.6778, 13.1556 ], [ 77.6744, 13.1719 ], [ 77.6908, 13.1809 ], [ 77.6897, 13.2029 ] ] ] } },
{ "type": "Feature", "properties": { "area_id": "KGIS-H-200540", "name_en": "Yelahanka", "name_kn": "", "level": "panchayat", "parent_id": "KGIS-T-2005", "district_en": "Bengaluru (Urban)", "lgd_code": null }, "geometry": { "type": "MultiPolygon", "coordinates": [ [ [ [ 77.5398, 13.0048 ], [ 77.527, 13.0215 ], [ 77.5343, 13.032 ], [ 77.5474, 13.0166 ], [ 77.5398, 13.0048 ] ] ], [ [ [ 77.5503, 13.0594 ], [ 77.5503, 13.0503 ], [ 77.535, 13.0513 ], [ 77.5393, 13.0331 ], [ 77.5225, 13.0464 ], [ 77.5334, 13.0578 ], [ 77.5314, 13.0721 ], [ 77.5503, 13.0594 ] ] ], [ [ [ 77.5521, 13.0846 ], [ 77.5525, 13.0732 ], [ 77.5472, 13.0753 ], [ 77.5521, 13.0846 ] ] ], [ [ [ 77.5493, 13.144 ], [ 77.5551, 13.1147 ], [ 77.5362, 13.107 ], [ 77.5493, 13.144 ] ] ] ] } },
{ "type": "Feature", "properties": { "area_id": "KGIS-H-210101", "name_en": "Kasaba", "name_kn": "", "level": "panchayat", "parent_id": "KGIS-T-2101", "district_en": "Bengaluru (Rural)", "lgd_code": null }, "geometry": { "type": "Polygon", "coordinates": [ [ [ 77.3553, 13.1844 ], [ 77.4325, 13.1649 ], [ 77.4127, 13.1263 ], [ 77.4033, 13.121 ], [ 77.3996, 13.1276 ], [ 77.3974, 13.1162 ], [ 77.4179, 13.1028 ], [ 77.4216, 13.0843 ], [ 77.4302, 13.0834 ], [ 77.4248, 13.0677 ], [ 77.4122, 13.0725 ], [ 77.3841, 13.0668 ], [ 77.3822, 13.0558 ], [ 77.3938, 13.0532 ], [ 77.3908, 13.0258 ], [ 77.3769, 13.0299 ], [ 77.372, 12.9922 ], [ 77.3389, 12.9724 ], [ 77.3287, 12.977 ], [ 77.3211, 13.0044 ], [ 77.3281, 13.0093 ], [ 77.3306, 13.0479 ], [ 77.3107, 13.0463 ], [ 77.3138, 13.1068 ], [ 77.303, 13.1107 ], [ 77.3039, 13.1206 ], [ 77.3211, 13.1425 ], [ 77.3222, 13.1678 ], [ 77.3543, 13.1495 ], [ 77.3749, 13.1454 ], [ 77.3885, 13.153 ], [ 77.3622, 13.1626 ], [ 77.3537, 13.1768 ], [ 77.3553, 13.1844 ] ], [ [ 77.3604, 13.0929 ], [ 77.3348, 13.0973 ], [ 77.3263, 13.0732 ], [ 77.3626, 13.0728 ], [ 77.38, 13.0955 ], [ 77.3683, 13.1015 ], [ 77.3604, 13.0929 ] ] ] } },
{ "type": "Feature", "properties": { "area_id": "KGIS-H-210102", "name_en": "Sompura", "name_kn": "", "level": "panchayat", "parent_id": "KGIS-T-2101", "district_en": "Bengaluru (Rural)", "lgd_code": null }, "geometry": { "type": "MultiPolygon", "coordinates": [ [ [ [ 77.2909, 13.1871 ], [ 77.2978, 13.1895 ], [ 77.2972, 13.1871 ], [ 77.2909, 13.1871 ] ] ], [ [ [ 77.312, 13.3206 ], [ 77.3385, 13.3288 ], [ 77.3426, 13.316 ], [ 77.3301, 13.3146 ], [ 77.3101, 13.2818 ], [ 77.29, 13.281 ], [ 77.2709, 13.2244 ], [ 77.2811, 13.1997 ], [ 77.2918, 13.1966 ], [ 77.2778, 13.1743 ], [ 77.2857, 13.166 ], [ 77.2839, 13.1508 ], [ 77.2155, 13.1488 ], [ 77.2161, 13.1653 ], [ 77.2027, 13.1821 ], [ 77.207, 13.1973 ], [ 77.1986, 13.1952 ], [ 77.1934, 13.2253 ], [ 77.1836, 13.23 ], [ 77.191, 13.2415 ], [ 77.1847, 13.2566 ], [ 77.1884, 13.2755 ], [ 77.2191, 13.2618 ], [ 77.229, 13.3141 ], [ 77.2474, 13.3018 ], [ 77.2702, 13.3109 ], [ 77.2822, 13.297 ], [ 77.2816, 13.3107 ], [ 77.3088, 13.31 ], [ 77.312, 13.3206 ] ], [ [ 77.2547, 13.2835 ], [ 77.2468, 13.2721 ], [ 77.2591, 13.2612 ], [ 77.2754, 13.2796 ], [ 77.2547, 13.2835 ] ], [ [ 77.2321, 13.2562 ], [ 77.2366, 13.2337 ], [ 77.2482, 13.2339 ], [ 77.254, 13.2241 ], [ 77.258, 13.25 ], [ 77.2504, 13.2575 ], [ 77.2321, 13.2562 ] ] ] ] } },
{ "type": "Feature", "properties": { "area_id": "KGIS-H-210103", "name_en": "Tyamagundlu", "name_kn": "", "level": "panchayat", "parent_id": "KGIS-T-2101", "district_en": "Bengaluru (Rural)", "lgd_code": null }, "geometry": { "type": "MultiPolygon", "coordinates": [ [ [ [ 77.3162, 13.2022 ], [ 77.3124, 13.2035 ], [ 77.3127, 13.2042 ], [ 77.3162, 13.2022 ] ] ], [ [ [ 77.3461, 13.3151 ], [ 77.3527, 13.2976 ], [ 77.3438, 13.2798 ], [ 77.3165, 13.2844 ], [ 77.3356, 13.2748 ], [ 77.3424, 13.2594 ], [ 77.3738, 13.2598 ], [ 77.3721, 13.2298 ], [ 77.35, 13.2194 ], [ 77.3489, 13.2087 ], [ 77.3304, 13.2065 ], [ 77.3226, 13.2195 ], [ 77.3123, 13.2162 ], [ 77.311, 13.2057 ], [ 77.3075, 13.2286 ], [ 77.3037, 13.2028 ], [ 77.2896, 13.2126 ], [ 77.2768, 13.2109 ], [ 77.2709, 13.2244 ], [ 77.29, 13.281 ], [ 77.3101, 13.2818 ], [ 77.3301, 13.3146 ], [ 77.3461, 13.3151 ] ] ] ] } },
{ "type": "Feature", "properties": { "area_id": "KGIS-H-210104", "name_en": "Kasaba-2", "name_kn": "", "level": "panchayat", "parent_id": "KGIS-T-2101", "district_en": "Bengaluru (Rural)", "lgd_code": null }, "geometry": { "type": "MultiPolygon", "coordinates": [ [ [ [ 77.3708, 13.1011 ], [ 77.38, 13.0955 ], [ 77.3626, 13.0728 ], [ 77.3263, 13.0732 ], [ 77.3348, 13.0973 ], [ 77.3648, 13.0925 ], [ 77.3708, 13.1011 ] ] ], [ [ [ 77.3422, 13.1725 ], [ 77.3564, 13.1612 ], [ 77.3901, 13.1564 ], [ 77.3749, 13.1454 ], [ 77.3543, 13.1495 ], [ 77.3367, 13.1592 ], [ 77.3422, 13.1725 ] ] ] ] } },
{ "type": "Feature", "properties": { "area_id": "KGIS-H-210105", "name_en": "Sompura-2", "name_kn": "", "level": "panchayat", "parent_id": "KGIS-T-2101", "district_en": "Bengaluru (Rural)", "lgd_code": null }, "geometry": { "type": "MultiPolygon", "coordinates": [ [ [ [ 77.2311, 13.2553 ], [ 77.258, 13.25 ], [ 77.254, 13.2241 ], [ 77.2306, 13.2427 ], [ 77.2311, 13.2553 ] ] ], [ [ [ 77.255, 13.2874 ], [ 77.2754, 13.2796 ], [ 77.2591, 13.2612 ], [ 77.2468, 13.2722 ], [ 77.255, 13.2874 ] ] ] ] } },
{ "type": "Feature", "properties": { "area_id": "KGIS-H-210106", "name_en": "Tyamagundlu-2", "name_kn": "", "level": "panchayat", "parent_id": "KGIS-T-2101", "district_en": "Bengaluru (Rural)", "lgd_code": null }, "geometry": { "type": "Polygon", "coordinates": [ [ [ 77.3726, 13.2292 ], [ 77.3731, 13.2076 ], [ 77.3898, 13.2026 ], [ 77.3927, 13.1783 ], [ 77.3553, 13.1844 ], [ 77.3599, 13.1615 ], [ 77.3431, 13.1724 ], [ 77.3365, 13.1648 ], [ 77.3222, 13.1678 ], [ 77.3211, 13.1425 ], [ 77.3111, 13.1369 ], [ 77.3024, 13.1102 ], [ 77.2919, 13.1106 ], [ 77.2808, 13.135 ], [ 77.2769, 13.1205 ], [ 77.2668, 13.1198 ], [ 77.2673, 13.1434 ], [ 77.2839, 13.1508 ], [ 77.2857, 13.166 ], [ 77.2778, 13.1743 ], [ 77.2918, 13.1959 ], [ 77.2811, 13.1997 ], [ 77.2805, 13.2096 ], [ 77.2896, 13.2126 ], [ 77.3037, 13.2028 ], [ 77.304, 13.2285 ], [ 77.3075, 13.2286 ], [ 77.3107, 13.2205 ], [ 77.3077, 13.2153 ], [ 77.311, 13.2057 ], [ 77.3123, 13.2162 ], [ 77.3226, 13.2195 ], [ 77.3304, 13.2065 ], [ 77.3489, 13.2087 ], [ 77.35, 13.2194 ], [ 77.3726, 13.2292 ] ], [ [ 77.2915, 13.1913 ], [ 77.2946, 13.1857 ], [ 77.2978, 13.1895 ], [ 77.2915, 13.1913 ] ], [ [ 77.3127, 13.2042 ], [ 77.3156, 13.2009 ], [ 77.3159, 13.2008 ], [ 77.3127, 13.2042 ] ] ] } },
{ "type": "Feature", "properties": { "area_id": "KGIS-H-210201", "name_en": "Kasaba", "name_kn": "", "level": "panchayat", "parent_id": "KGIS-T-2102", "district_en": "Bengaluru (Rural)", "lgd_code": null }, "geometry": { "type": "Polygon", "coordinates": [ [ [ 77.5276, 13.3479 ], [ 77.5702, 13.3476 ], [ 77.5754, 13.3331 ], [ 77.5854, 13.3307 ], [ 77.6194, 13.3361 ], [ 77.6298, 13.3295 ], [ 77.6297, 13.3155 ], [ 77.6219, 13.3088 ], [ 77.6111, 13.3126 ], [ 77.6113, 13.2998 ], [ 77.6019, 13.2968 ], [ 77.6046, 13.283 ], [ 77.5751, 13.2704 ], [ 77.5717, 13.248 ], [ 77.564, 13.2479 ], [ 77.5717, 13.2442 ], [ 77.568, 13.2345 ], [ 77.5438, 13.2329 ], [ 77.5282, 13.2405 ], [ 77.5265, 13.2506 ], [ 77.5061, 13.247 ], [ 77.4738, 13.2574 ], [ 77.4826, 13.2955 ], [ 77.4674, 13.2955 ], [ 77.4703, 13.3344 ], [ 77.4926, 13.3321 ], [ 77.4902, 13.3471 ], [ 77.5238, 13.3378 ], [ 77.5276, 13.3479 ] ] ] } },
{ "type": "Feature", "properties": { "area_id": "KGIS-H-210202", "name_en": "Sasalu", "name_kn": "", "level": "panchayat", "parent_id": "KGIS-T-2102", "district_en": "Bengaluru (Rural)", "lgd_code": null }, "geometry": { "type": "Polygon", "coordinates": [ [ [ 77.385, 13.4992 ], [ 77.416, 13.491 ], [ 77.4263, 13.4822 ], [ 77.4229, 13.4715 ], [ 77.4363, 13.463 ], [ 77.4718, 13.4692 ], [ 77.5065, 13.4563 ], [ 77.5014, 13.4079 ], [ 77.4357, 13.4042 ], [ 77.422, 13.3803 ], [ 77.4485, 13.3929 ], [ 77.452, 13.3539 ], [ 77.4225, 13.3591 ], [ 77.4231, 13.3673 ], [ 77.4045, 13.3602 ], [ 77.3927, 13.3738 ], [ 77.388, 13.3681 ], [ 77.3964, 13.3631 ], [ 77.4004, 13.3446 ], [ 77.3799, 13.3398 ], [ 77.3633, 13.3503 ], [ 77.3425, 13.3503 ], [ 77.3419, 13.4016 ], [ 77.3473, 13.418 ], [ 77.3618, 13.4151 ], [ 77.365, 13.4261 ], [ 77.3627, 13.436 ], [ 77.3492, 13.443 ], [ 77.3489, 13.4572 ], [ 77.3736, 13.4708 ], [ 77.3708, 13.4779 ], [ 77.385, 13.4992 ] ] ] } },
{ "type": "Feature", "properties": { "area_id": "KGIS-H-210203", "name_en": "Madure", "name_kn": "", "level": "panchayat", "parent_id": "KGIS-T-2102", "district_en": "Bengaluru (Rural)", "lgd_code": null }, "geometry": { "type": "Polygon", "coordinates": [ [ [ 77.4627, 13.2649 ], [ 77.467, 13.2515 ], [ 77.4738, 13.2574 ], [ 77.5061, 13.247 ], [ 77.5265, 13.2506 ], [ 77.5417, 13.2263 ], [ 77.5372, 13.2191 ], [ 77.5265, 13.2217 ], [ 77.5213, 13.2069 ], [ 77.512, 13.2261 ], [ 77.4792, 13.2242 ], [ 77.469, 13.1623 ], [ 77.4298, 13.1653 ], [ 77.3927, 13.1783 ], [ 77.3898, 13.2026 ], [ 77.3731, 13.2076 ], [ 77.3727, 13.2394 ], [ 77.4104, 13.2467 ], [ 77.4228, 13.2643 ], [ 77.4281, 13.2512 ], [ 77.4439, 13.2461 ], [ 77.4527, 13.2652 ], [ 77.4627, 13.2649 ] ] ] } },
{ "type": "Feature", "properties": { "area_id": "KGIS-H-210204", "name_en": "Doddabelavangala", "name_kn": "", "level": "panchayat", "parent_id": "KGIS-T-2102", "district_en": "Bengaluru (Rural)", "lgd_code": null }, "geometry": { "type": "MultiPolygon", "coordinates": [ [ [ [ 77.3927, 13.3738 ], [ 77.4072, 13.36 ], [ 77.4231, 13.3673 ], [ 77.4225, 13.3591 ], [ 77.442, 13.3518 ], [ 77.452, 13.3539 ], [ 77.4501, 13.3603 ], [ 77.4601, 13.3586 ], [ 77.4673, 13.3496 ], [ 77.4742, 13.3203 ], [ 77.4674, 13.2955 ], [ 77.4826, 13.2955 ], [ 77.4734, 13.2518 ], [ 77.4611, 13.2538 ], [ 77.4612, 13.2673 ], [ 77.4527, 13.2652 ], [ 77.4439, 13.2461 ], [ 77.4363, 13.2464 ], [ 77.4228, 13.2643 ], [ 77.4104, 13.2467 ], [ 77.3724, 13.2394 ], [ 77.3738, 13.2598 ], [ 77.3424, 13.2594 ], [ 77.3356, 13.2748 ], [ 77.3165, 13.2844 ], [ 77.3437, 13.2797 ], [ 77.3504, 13.2914 ], [ 77.3385, 13.3288 ], [ 77.3459, 13.3494 ], [ 77.3633, 13.3503 ], [ 77.3868, 13.3394 ], [ 77.4007, 13.347 ], [ 77.3879, 13.3684 ], [ 77.3927, 13.3738 ] ] ], [ [ [ 77.4612, 13.4029 ], [ 77.4387, 13.3827 ], [ 77.422, 13.3803 ], [ 77.4357, 13.4042 ], [ 77.4612, 13.4029 ] ] ] ] } },
{ "type": "Feature", "properties": { "area_id": "KGIS-H-210205", "name_en": "Tubagere", "name_kn": "", "level": "panchayat", "parent_id": "KGIS-T-2102", "district_en": "Bengaluru (Rural)", "lgd_code": null }, "geometry": { "type": "Polygon", "coordinates": [ [ [ 77.5066, 13.4444 ], [ 77.5164, 13.4435 ], [ 77.5208, 13.4319 ], [ 77.5509, 13.4347 ], [ 77.5519, 13.4183 ], [ 77.5924, 13.4185 ], [ 77.5892, 13.4362 ], [ 77.604, 13.4412 ], [ 77.6159, 13.4191 ], [ 77.5999, 13.4147 ], [ 77.5989, 13.4064 ], [ 77.6034, 13.3975 ], [ 77.6076, 13.4079 ], [ 77.6204, 13.4025 ], [ 77.6124, 13.3859 ], [ 77.6209, 13.3752 ], [ 77.6328, 13.3755 ], [ 77.6382, 13.3939 ], [ 77.6576, 13.3977 ], [ 77.651, 13.3864 ], [ 77.6612, 13.3758 ], [ 77.6553, 13.3571 ], [ 77.667, 13.3505 ], [ 77.6621, 13.3302 ], [ 77.6542, 13.323 ], [ 77.6194, 13.3361 ], [ 77.5854, 13.3307 ], [ 77.5754, 13.3331 ], [ 77.5702, 13.3476 ], [ 77.5422, 13.35 ], [ 77.5276, 13.3479 ], [ 77.5238, 13.3378 ], [ 77.5, 13.3484 ], [ 77.4902, 13.3471 ], [ 77.4926, 13.3321 ], [ 77.4695, 13.3345 ], [ 77.4613, 13.3581 ], [ 77.4464, 13.3651 ], [ 77.4529, 13.3806 ], [ 77.4485, 13.3929 ], [ 77.4696, 13.4053 ], [ 77.5014, 13.4079 ], [ 77.5066, 13.4444 ] ] ] } },
{ "type": "Feature", "properties": { "area_id": "KGIS-H-210301", "name_en": "Vijayapura", "name_kn": "", "level": "panchayat", "parent_id": "KGIS-T-2103", "district_en": "Bengaluru (Rural)", "lgd_code": null }, "geometry": { "type": "Polygon", "coordinates": [ [ [ 77.712, 13.3655 ], [ 77.7159, 13.3511 ], [ 77.728, 13.351 ], [ 77.7274, 13.3628 ], [ 77.7446, 13.3536 ], [ 77.7419, 13.361 ], [ 77.7545, 13.3646 ], [ 77.7911, 13.3521 ], [ 77.7945, 13.342 ], [ 77.8273, 13.3248 ], [ 77.8222, 13.3127 ], [ 77.8145, 13.31 ], [ 77.811, 13.3168 ], [ 77.8046, 13.3112 ], [ 77.8301, 13.2987 ], [ 77.8291, 13.2895 ], [ 77.817, 13.2961 ], [ 77.8031, 13.2544 ], [ 77.7415, 13.266 ], [ 77.7468, 13.275 ], [ 77.741, 13.3059 ], [ 77.7232, 13.3038 ], [ 77.7239, 13.3145 ], [ 77.6982, 13.3348 ], [ 77.7037, 13.3431 ], [ 77.6988, 13.3588 ], [ 77.712, 13.3655 ] ] ] } },
{ "type": "Feature", "properties": { "area_id": "KGIS-H-210302", "name_en": "Kasaba", "name_kn": "", "level": "panchayat", "parent_id": "KGIS-T-2103", "district_en": "Bengaluru (Rural)", "lgd_code": null }, "geometry": { "type": "MultiPolygon", "coordinates": [ [ [ [ 77.6226, 13.2068 ], [ 77.6329, 13.2153 ], [ 77.6325, 13.2049 ], [ 77.6226, 13.2068 ] ] ], [ [ [ 77.6971, 13.3177 ], [ 77.7239, 13.3145 ], [ 77.7232, 13.3038 ], [ 77.741, 13.3059 ], [ 77.7468, 13.275 ], [ 77.7415, 13.266 ], [ 77.7556, 13.2408 ], [ 77.7444, 13.2401 ], [ 77.7459, 13.2212 ], [ 77.7371, 13.2238 ], [ 77.7337, 13.2116 ], [ 77.7184, 13.2187 ], [ 77.7296, 13.207 ], [ 77.7261, 13.1929 ], [ 77.7, 13.1903 ], [ 77.687, 13.2031 ], [ 77.6869, 13.1938 ], [ 77.6614, 13.1845 ], [ 77.6505, 13.1902 ], [ 77.6572, 13.1993 ], [ 77.637, 13.2028 ], [ 77.6446, 13.2119 ], [ 77.6387, 13.2144 ], [ 77.6396, 13.2179 ], [ 77.6471, 13.2179 ], [ 77.6454, 13.2429 ], [ 77.6553, 13.2456 ], [ 77.6558, 13.2575 ], [ 77.6644, 13.2565 ], [ 77.6663, 13.2783 ], [ 77.6592, 13.2846 ], [ 77.6671, 13.2938 ], [ 77.6807, 13.2901 ], [ 77.684, 13.3026 ], [ 77.6982, 13.308 ], [ 77.6971, 13.3177 ] ] ] ] } },
{ "type": "Feature", "properties": { "area_id": "KGIS-H-210303", "name_en": "Channarayapattana", "name_kn": "", "level": "panchayat", "parent_id": "KGIS-T-2103", "district_en": "Bengaluru (Rural)", "lgd_code": null }, "geometry": { "type": "Polygon", "coordinates": [ [ [ 77.8031, 13.2544 ], [ 77.8218, 13.2573 ], [ 77.8063, 13.2415 ], [ 77.814, 13.2386 ], [ 77.8197, 13.2517 ], [ 77.8325, 13.2458 ], [ 77.8269, 13.2271 ], [ 77.8159, 13.2263 ], [ 77.8121, 13.2062 ], [ 77.7877, 13.2106 ], [ 77.7837, 13.1712 ], [ 77.7667, 13.1482 ], [ 77.7618, 13.1128 ], [ 77.7321, 13.1143 ], [ 77.7336, 13.1233 ], [ 77.7241, 13.1254 ], [ 77.7338, 13.1429 ], [ 77.7284, 13.1458 ], [ 77.7296, 13.207 ], [ 77.7184, 13.2187 ], [ 77.7337, 13.2116 ], [ 77.7371, 13.2238 ], [ 77.7457, 13.2208 ], [ 77.7444, 13.2401 ], [ 77.7558, 13.2416 ], [ 77.7478, 13.2492 ], [ 77.7514, 13.2618 ], [ 77.8031, 13.2544 ] ] ] } },
{ "type": "Feature", "properties": { "area_id": "KGIS-H-210304", "name_en": "Kundana", "name_kn": "", "level": "panchayat", "parent_id": "KGIS-T-2103", "district_en": "Bengaluru (Rural)", "lgd_code": null }, "geometry": { "type": "Polygon", "coordinates": [ [ [ 77.6847, 13.3508 ], [ 77.7124, 13.3241 ], [ 77.6971, 13.3177 ], [ 77.6982, 13.308 ], [ 77.684, 13.3026 ], [ 77.6807, 13.2901 ], [ 77.6671, 13.2938 ], [ 77.6592, 13.2846 ], [ 77.6663, 13.2783 ], [ 77.6644, 13.2565 ], [ 77.6558, 13.2575 ], [ 77.6553, 13.2456 ], [ 77.6454, 13.2429 ], [ 77.6471, 13.2179 ], [ 77.6387, 13.2145 ], [ 77.6446, 13.2119 ], [ 77.6327, 13.2048 ], [ 77.6282, 13.2163 ], [ 77.5996, 13.1941 ], [ 77.5677, 13.2016 ], [ 77.5695, 13.216 ], [ 77.5576, 13.2261 ], [ 77.5611, 13.2387 ], [ 77.5701, 13.2382 ], [ 77.564, 13.2477 ], [ 77.5717, 13.248 ], [ 77.5751, 13.2704 ], [ 77.6046, 13.283 ], [ 77.6019, 13.2968 ], [ 77.6113, 13.2998 ], [ 77.6111, 13.3126 ], [ 77.6219, 13.3088 ], [ 77.6297, 13.3155 ], [ 77.6297, 13.3295 ], [ 77.6565, 13.3237 ], [ 77.6674, 13.3473 ], [ 77.6847, 13.3508 ] ] ] } },
{ "type": "Feature", "properties": { "area_id": "KGIS-H-210401", "name_en": "Kasaba", "name_kn": "", "level": "panchayat", "parent_id": "KGIS-T-2104", "district_en": "Bengaluru (Rural)", "lgd_code": null }, "geometry": { "type": "Polygon", "coordinates": [ [ [ 77.8536, 13.1309 ], [ 77.8581, 13.1179 ], [ 77.8501, 13.1173 ], [ 77.8541, 13.1122 ], [ 77.8383, 13.1042 ], [ 77.8403, 13.0912 ], [ 77.8305, 13.088 ], [ 77.8397, 13.081 ], [ 77.8375, 13.0688 ], [ 77.8249, 13.0452 ], [ 77.8109, 13.0448 ], [ 77.7999, 13.0276 ], [ 77.7975, 13.0114 ], [ 77.8069, 13.0083 ], [ 77.8066, 12.9932 ], [ 77.7761, 12.9881 ], [ 77.7717, 13.0152 ], [ 77.7816, 13.0333 ], [ 77.7583, 13.0737 ], [ 77.7669, 13.0881 ], [ 77.7618, 13.1219 ], [ 77.7764, 13.1228 ], [ 77.7783, 13.1335 ], [ 77.801, 13.1144 ], [ 77.8305, 13.1327 ], [ 77.8536, 13.1309 ] ] ] } },
{ "type": "Feature", "properties": { "area_id": "KGIS-H-210402", "name_en": "Anugondanahalli", "name_kn": "", "level": "panchayat", "parent_id": "KGIS-T-2104", "district_en": "Bengaluru (Rural)", "lgd_code": null }, "geometry": { "type": "Polygon", "coordinates": [ [ [ 77.8041, 12.9936 ], [ 77.8252, 12.9836 ], [ 77.8477, 12.9906 ], [ 77.855, 12.9906 ], [ 77.8487, 12.9821 ], [ 77.871, 12.9853 ], [ 77.8714, 12.9737 ], [ 77.8645, 12.9732 ], [ 77.8717, 12.9397 ], [ 77.841, 12.9255 ], [ 77.8364, 12.9111 ], [ 77.8423, 12.9082 ], [ 77.8446, 12.9162 ], [ 77.8565, 12.9169 ], [ 77.8604, 12.9158 ], [ 77.853, 12.8767 ], [ 77.8654, 12.8772 ], [ 77.8676, 12.8677 ], [ 77.8319, 12.8742 ], [ 77.8165, 12.916 ], [ 77.8318, 12.9256 ], [ 77.8163, 12.9257 ], [ 77.8097, 12.9343 ], [ 77.7977, 12.9186 ], [ 77.7984, 12.9256 ], [ 77.7651, 12.9424 ], [ 77.7727, 12.9515 ], [ 77.7669, 12.9596 ], [ 77.7841, 12.9667 ], [ 77.7761, 12.9881 ], [ 77.8041, 12.9936 ] ] ] } },
{ "type": "Feature", "properties": { "area_id": "KGIS-H-210403", "name_en": "Jadigenahalli", "name_kn": "", "level": "panchayat", "parent_id": "KGIS-T-2104", "district_en": "Bengaluru (Rural)", "lgd_code": null }, "geometry": { "type": "Polygon", "coordinates": [ [ [ 77.8568, 13.1332 ], [ 77.8795, 13.1228 ], [ 77.9009, 13.1284 ], [ 77.9112, 13.1166 ], [ 77.9012, 13.102 ], [ 77.9117, 13.0943 ], [ 77.912, 13.0784 ], [ 77.9269, 13.082 ], [ 77.9262, 13.075 ], [ 77.9316, 13.0742 ], [ 77.9393, 13.0839 ], [ 77.9416, 13.0691 ], [ 77.9276, 13.0687 ], [ 77.9149, 13.0494 ], [ 77.8924, 13.0547 ], [ 77.8876, 13.0372 ], [ 77.893, 13.0312 ], [ 77.8707, 12.9855 ], [ 77.8128, 12.987 ], [ 77.8067, 13.0087 ], [ 77.7975, 13.0112 ], [ 77.7999, 13.0276 ], [ 77.8109, 13.0448 ], [ 77.8249, 13.0452 ], [ 77.8397, 13.081 ], [ 77.8305, 13.088 ], [ 77.8403, 13.0912 ], [ 77.8383, 13.1042 ], [ 77.8541, 13.1122 ], [ 77.85, 13.1146 ], [ 77.8501, 13.1173 ], [ 77.8581, 13.1179 ], [ 77.8568, 13.1332 ] ] ] } },
{ "type": "Feature", "properties": { "area_id": "KGIS-H-210404", "name_en": "Sulibele", "name_kn": "", "level": "panchayat", "parent_id": "KGIS-T-2104", "district_en": "Bengaluru (Rural)", "lgd_code": null }, "geometry": { "type": "MultiPolygon", "coordinates": [ [ [ [ 77.8465, 13.2417 ], [ 77.85, 13.2187 ], [ 77.8596, 13.22 ], [ 77.8632, 13.2407 ], [ 77.8778, 13.233 ], [ 77.8698, 13.2029 ], [ 77.8779, 13.178 ], [ 77.8846, 13.1773 ], [ 77.8571, 13.171 ], [ 77.8667, 13.1506 ], [ 77.8623, 13.1345 ], [ 77.8305, 13.1327 ], [ 77.81, 13.1155 ], [ 77.7985, 13.1143 ], [ 77.7783, 13.1335 ], [ 77.7761, 13.1226 ], [ 77.7591, 13.122 ], [ 77.767, 13.1487 ], [ 77.7832, 13.1694 ], [ 77.7877, 13.2106 ], [ 77.8121, 13.2062 ], [ 77.8162, 13.2266 ], [ 77.8269, 13.2271 ], [ 77.834, 13.245 ], [ 77.8465, 13.2417 ] ] ], [ [ [ 77.8798, 13.2521 ], [ 77.8843, 13.24 ], [ 77.8733, 13.2445 ], [ 77.8798, 13.2521 ] ] ] ] } },
{ "type": "Feature", "properties": { "area_id": "KGIS-H-210405", "name_en": "Nandagudi", "name_kn": "", "level": "panchayat", "parent_id": "KGIS-T-2104", "district_en": "Bengaluru (Rural)", "lgd_code": null }, "geometry": { "type": "Polygon", "coordinates": [ [ [ 77.902, 13.2554 ], [ 77.9051, 13.2455 ], [ 77.8916, 13.2357 ], [ 77.9142, 13.2316 ], [ 77.915, 13.2398 ], [ 77.9455, 13.2438 ], [ 77.9481, 13.2505 ], [ 77.9656, 13.2444 ], [ 77.9642, 13.2322 ], [ 77.9463, 13.2187 ], [ 77.9577, 13.2184 ], [ 77.9543, 13.2052 ], [ 77.9636, 13.1922 ], [ 77.9528, 13.1603 ], [ 77.9606, 13.1515 ], [ 77.9575, 13.1294 ], [ 77.9379, 13.1259 ], [ 77.9394, 13.1094 ], [ 77.9151, 13.1174 ], [ 77.9125, 13.1098 ], [ 77.9009, 13.1284 ], [ 77.8795, 13.1228 ], [ 77.8623, 13.1344 ], [ 77.8667, 13.1506 ], [ 77.8571, 13.171 ], [ 77.8846, 13.1773 ], [ 77.8779, 13.178 ], [ 77.8707, 13.2182 ], [ 77.8913, 13.2575 ], [ 77.902, 13.2554 ] ] ] } },
{ "type": "Feature", "properties": { "area_id": "KGIS-H-220101", "name_en": "Kasaba", "name_kn": "", "level": "panchayat", "parent_id": "KGIS-T-2201", "district_en": "Mandya", "lgd_code": null }, "geometry": { "type": "Polygon", "coordinates": [ [ [ 76.4787, 12.7369 ], [ 76.4901, 12.7328 ], [ 76.49, 12.7194 ], [ 76.5144, 12.7219 ], [ 76.5275, 12.6996 ], [ 76.5228, 12.6805 ], [ 76.5286, 12.659 ], [ 76.5098, 12.6558 ], [ 76.5075, 12.6693 ], [ 76.5052, 12.6561 ], [ 76.4962, 12.6557 ], [ 76.4967, 12.6486 ], [ 76.5075, 12.6471 ], [ 76.4973, 12.6311 ], [ 76.5129, 12.6201 ], [ 76.5112, 12.6045 ], [ 76.4881, 12.6103 ], [ 76.487, 12.5937 ], [ 76.4788, 12.5937 ], [ 76.455, 12.6125 ], [ 76.4448, 12.6045 ], [ 76.4303, 12.6103 ], [ 76.4198, 12.6022 ], [ 76.4066, 12.6045 ], [ 76.401, 12.5955 ], [ 76.401, 12.6079 ], [ 76.4178, 12.6311 ], [ 76.396, 12.6407 ], [ 76.3997, 12.6548 ], [ 76.4162, 12.6692 ], [ 76.409, 12.6898 ], [ 76.4302, 12.7108 ], [ 76.4474, 12.7041 ], [ 76.4428, 12.7224 ], [ 76.4744, 12.7286 ], [ 76.4787, 12.7369 ] ] ] } },
{ "type": "Feature", "properties": { "area_id": "KGIS-H-220102", "name_en": "Kikkeri", "name_kn": "", "level": "panchayat", "parent_id": "KGIS-T-2201", "district_en": "Mandya", "lgd_code": null }, "geometry": { "type": "Polygon", "coordinates": [ [ [ 76.4567, 12.7585 ], [ 76.4702, 12.7429 ], [ 76.46, 12.7383 ], [ 76.4611, 12.7268 ], [ 76.4428, 12.7224 ], [ 76.4474, 12.7041 ], [ 76.4302, 12.7108 ], [ 76.409, 12.6898 ], [ 76.3885, 12.7342 ], [ 76.3696, 12.7322 ], [ 76.3747, 12.748 ], [ 76.3436, 12.7599 ], [ 76.3502, 12.7849 ], [ 76.3358, 12.7866 ], [ 76.3301, 12.8086 ], [ 76.368, 12.8084 ], [ 76.3709, 12.8299 ], [ 76.3822, 12.8306 ], [ 76.3858, 12.8451 ], [ 76.4073, 12.8454 ], [ 76.4067, 12.8659 ], [ 76.4149, 12.8657 ], [ 76.4268, 12.8541 ], [ 76.4204, 12.8432 ], [ 76.4242, 12.826 ], [ 76.445, 12.8213 ], [ 76.4568, 12.8025 ], [ 76.4696, 12.8009 ], [ 76.4552, 12.7799 ], [ 76.4615, 12.776 ], [ 76.4567, 12.7585 ] ] ] } },
{ "type": "Feature", "properties": { "area_id": "KGIS-H-220103", "name_en": "Sheelanere", "name_kn": "", "level": "panchayat", "parent_id": "KGIS-T-2201", "district_en": "Mandya", "lgd_code": null }, "geometry": { "type": "MultiPolygon", "coordinates": [ [ [ [ 76.5368, 12.5245 ], [ 76.5458, 12.5315 ], [ 76.5473, 12.5235 ], [ 76.5368, 12.5245 ] ] ], [ [ [ 76.5651, 12.5681 ], [ 76.5821, 12.5692 ], [ 76.5858, 12.5543 ], [ 76.5651, 12.5681 ] ] ], [ [ [ 76.5242, 12.7091 ], [ 76.5867, 12.7296 ], [ 76.6013, 12.725 ], [ 76.6147, 12.7015 ], [ 76.615, 12.6777 ], [ 76.6089, 12.6746 ], [ 76.6132, 12.6457 ], [ 76.6, 12.6512 ], [ 76.6066, 12.62 ], [ 76.5988, 12.5755 ], [ 76.5402, 12.5793 ], [ 76.5362, 12.6231 ], [ 76.5442, 12.6266 ], [ 76.545, 12.6379 ], [ 76.5315, 12.6377 ], [ 76.5306, 12.6278 ], [ 76.5177, 12.6201 ], [ 76.4973, 12.6311 ], [ 76.5088, 12.6418 ], [ 76.4961, 12.6528 ], [ 76.5052, 12.6561 ], [ 76.5075, 12.6693 ], [ 76.5098, 12.6558 ], [ 76.5307, 12.6634 ], [ 76.5238, 12.6688 ], [ 76.5242, 12.7091 ] ] ] ] } },
{ "type": "Feature", "properties": { "area_id": "KGIS-H-220104", "name_en": "Bukinakere", "name_kn": "", "level": "panchayat", "parent_id": "KGIS-T-2201", "district_en": "Mandya", "lgd_code": null }, "geometry": { "type": "Polygon", "coordinates": [ [ [ 76.5337, 12.6377 ], [ 76.5457, 12.6353 ], [ 76.5362, 12.6231 ], [ 76.5397, 12.5804 ], [ 76.5613, 12.5788 ], [ 76.5665, 12.5718 ], [ 76.5547, 12.5491 ], [ 76.5453, 12.548 ], [ 76.5371, 12.5244 ], [ 76.5284, 12.5257 ], [ 76.5254, 12.5086 ], [ 76.5158, 12.506 ], [ 76.5179, 12.4611 ], [ 76.5035, 12.4513 ], [ 76.4938, 12.4655 ], [ 76.4513, 12.4859 ], [ 76.4432, 12.5083 ], [ 76.4491, 12.5095 ], [ 76.4401, 12.5382 ], [ 76.4591, 12.5393 ], [ 76.4509, 12.5451 ], [ 76.4577, 12.5572 ], [ 76.4523, 12.5722 ], [ 76.4612, 12.5863 ], [ 76.4352, 12.5801 ], [ 76.4029, 12.5986 ], [ 76.4303, 12.6103 ], [ 76.4448, 12.6045 ], [ 76.455, 12.6125 ], [ 76.487, 12.5937 ], [ 76.4881, 12.6103 ], [ 76.5105, 12.6036 ], [ 76.5129, 12.6201 ], [ 76.5258, 12.6221 ], [ 76.5337, 12.6377 ] ] ] } },
{ "type": "Feature", "properties": { "area_id": "KGIS-H-220105", "name_en": "Akkihebbal", "name_kn": "", "level": "panchayat", "parent_id": "KGIS-T-2201", "district_en": "Mandya", "lgd_code": null }, "geometry": { "type": "Polygon", "coordinates": [ [ [ 76.3734, 12.7489 ], [ 76.3686, 12.7328 ], [ 76.3885, 12.7342 ], [ 76.3976, 12.7216 ], [ 76.4164, 12.6701 ], [ 76.3961, 12.6425 ], [ 76.4019, 12.6334 ], [ 76.4178, 12.6311 ], [ 76.4006, 12.5961 ], [ 76.4352, 12.5801 ], [ 76.4612, 12.5863 ], [ 76.4523, 12.5722 ], [ 76.4577, 12.5572 ], [ 76.4509, 12.5451 ], [ 76.4591, 12.5393 ], [ 76.4401, 12.5382 ], [ 76.4491, 12.5095 ], [ 76.4218, 12.5319 ], [ 76.427, 12.5424 ], [ 76.4115, 12.557 ], [ 76.3893, 12.5517 ], [ 76.3957, 12.5703 ], [ 76.3772, 12.5757 ], [ 76.3632, 12.6094 ], [ 76.3641, 12.6268 ], [ 76.3426, 12.6549 ], [ 76.3628, 12.6973 ], [ 76.3618, 12.7116 ], [ 76.3461, 12.7169 ], [ 76.3394, 12.7331 ], [ 76.3557, 12.7502 ], [ 76.3734, 12.7489 ] ] ] } },
{ "type": "Feature", "properties": { "area_id": "KGIS-H-220106", "name_en": "Santebachahalli", "name_kn": "", "level": "panchayat", "parent_id": "KGIS-T-2201", "district_en": "Mandya", "lgd_code": null }, "geometry": { "type": "Polygon", "coordinates": [ [ [ 76.4918, 12.8055 ], [ 76.5017, 12.8223 ], [ 76.5181, 12.8269 ], [ 76.5203, 12.8415 ], [ 76.5733, 12.8471 ], [ 76.5959, 12.8345 ], [ 76.5863, 12.8178 ], [ 76.6017, 12.8172 ], [ 76.607, 12.7991 ], [ 76.6053, 12.7891 ], [ 76.5966, 12.788 ], [ 76.6036, 12.7644 ], [ 76.5931, 12.7247 ], [ 76.5867, 12.7296 ], [ 76.527, 12.7086 ], [ 76.5144, 12.7219 ], [ 76.49, 12.7194 ], [ 76.4838, 12.7371 ], [ 76.4611, 12.7268 ], [ 76.46, 12.7383 ], [ 76.4702, 12.7429 ], [ 76.4567, 12.7585 ], [ 76.4615, 12.776 ], [ 76.4757, 12.7709 ], [ 76.4895, 12.7847 ], [ 76.4896, 12.7657 ], [ 76.4977, 12.7707 ], [ 76.4918, 12.8055 ] ] ] } },
{ "type": "Feature", "properties": { "area_id": "KGIS-H-220201", "name_en": "Kasaba", "name_kn": "", "level": "panchayat", "parent_id": "KGIS-T-2202", "district_en": "Mandya", "lgd_code": null }, "geometry": { "type": "MultiPolygon", "coordinates": [ [ [ [ 76.7493, 12.9596 ], [ 76.7592, 12.9426 ], [ 76.774, 12.941 ], [ 76.7695, 12.8929 ], [ 76.7868, 12.8943 ], [ 76.7991, 12.9217 ], [ 76.8108, 12.9286 ], [ 76.82, 12.9249 ], [ 76.797, 12.8818 ], [ 76.8023, 12.8691 ], [ 76.7914, 12.8352 ], [ 76.8046, 12.8344 ], [ 76.7846, 12.7879 ], [ 76.7574, 12.7966 ], [ 76.7074, 12.7876 ], [ 76.7147, 12.8001 ], [ 76.7095, 12.8057 ], [ 76.702, 12.7948 ], [ 76.6915, 12.794 ], [ 76.6805, 12.8052 ], [ 76.6556, 12.805 ], [ 76.6623, 12.8253 ], [ 76.6579, 12.8389 ], [ 76.6476, 12.8435 ], [ 76.6485, 12.8577 ], [ 76.6753, 12.8562 ], [ 76.6868, 12.8386 ], [ 76.6859, 12.8567 ], [ 76.6731, 12.8627 ], [ 76.6822, 12.8975 ], [ 76.6939, 12.9164 ], [ 76.7031, 12.9183 ], [ 76.7112, 12.9443 ], [ 76.729, 12.948 ], [ 76.7304, 12.9394 ], [ 76.7403, 12.9406 ], [ 76.7359, 12.9584 ], [ 76.7493, 12.9596 ] ] ], [ [ [ 76.6599, 12.8887 ], [ 76.6488, 12.8947 ], [ 76.6632, 12.8958 ], [ 76.6599, 12.8887 ] ] ], [ [ [ 76.818, 12.9475 ], [ 76.8253, 12.9402 ], [ 76.8165, 12.9401 ], [ 76.818, 12.9475 ] ] ] ] } },
{ "type": "Feature", "properties": { "area_id": "KGIS-H-220202", "name_en": "Devalapura", "name_kn": "", "level": "panchayat", "parent_id": "KGIS-T-2202", "district_en": "Mandya", "lgd_code": null }, "geometry": { "type": "Polygon", "coordinates": [ [ [ 76.8293, 12.9305 ], [ 76.8516, 12.9148 ], [ 76.8539, 12.9265 ], [ 76.866, 12.9293 ], [ 76.8656, 12.9051 ], [ 76.8886, 12.8974 ], [ 76.8917, 12.8491 ], [ 76.9316, 12.8002 ], [ 76.9115, 12.7913 ], [ 76.9151, 12.7708 ], [ 76.9066, 12.7439 ], [ 76.8951, 12.7505 ], [ 76.8894, 12.7457 ], [ 76.8808, 12.7561 ], [ 76.8665, 12.7521 ], [ 76.8763, 12.7519 ], [ 76.8846, 12.7442 ], [ 76.8807, 12.7402 ], [ 76.8428, 12.754 ], [ 76.812, 12.7449 ], [ 76.7784, 12.7634 ], [ 76.7891, 12.8077 ], [ 76.8046, 12.8344 ], [ 76.7914, 12.8352 ], [ 76.8043, 12.9038 ], [ 76.8151, 12.9059 ], [ 76.8198, 12.9246 ], [ 76.8293, 12.9305 ] ] ] } },
{ "type": "Feature", "properties": { "area_id": "KGIS-H-220203", "name_en": "Belluru", "name_kn": "", "level": "panchayat", "parent_id": "KGIS-T-2202", "district_en": "Mandya", "lgd_code": null }, "geometry": { "type": "MultiPolygon", "coordinates": [ [ [ [ 76.888, 12.9343 ], [ 76.8971, 12.921 ], [ 76.8737, 12.9182 ], [ 76.866, 12.9293 ], [ 76.888, 12.9343 ] ] ], [ [ [ 76.6752, 13.055 ], [ 76.6936, 13.0371 ], [ 76.7581, 13.0374 ], [ 76.7824, 13.0305 ], [ 76.7858, 13.0145 ], [ 76.8155, 13.0134 ], [ 76.8514, 12.9791 ], [ 76.8394, 12.9731 ], [ 76.8356, 12.9434 ], [ 76.8626, 12.9344 ], [ 76.8535, 12.9162 ], [ 76.8431, 12.9283 ], [ 76.8108, 12.9286 ], [ 76.7991, 12.9217 ], [ 76.7868, 12.8943 ], [ 76.7695, 12.8929 ], [ 76.774, 12.941 ], [ 76.7592, 12.9426 ], [ 76.7519, 12.9591 ], [ 76.7359, 12.9584 ], [ 76.7403, 12.9406 ], [ 76.7304, 12.9394 ], [ 76.729, 12.948 ], [ 76.7129, 12.9451 ], [ 76.7067, 12.9515 ], [ 76.7104, 12.963 ], [ 76.7028, 12.9797 ], [ 76.6914, 12.9686 ], [ 76.705, 12.974 ], [ 76.7043, 12.9644 ], [ 76.6813, 12.9655 ], [ 76.681, 12.9844 ], [ 76.6733, 12.985 ], [ 76.6687, 13.001 ], [ 76.6497, 12.9802 ], [ 76.6342, 12.9812 ], [ 76.632, 13.0039 ], [ 76.6531, 13.0076 ], [ 76.6752, 13.055 ] ], [ [ 76.8253, 12.9402 ], [ 76.818, 12.9475 ], [ 76.8165, 12.9401 ], [ 76.8253, 12.9402 ] ] ] ] } },
{ "type": "Feature", "properties": { "area_id": "KGIS-H-220204", "name_en": "Bindiganavile", "name_kn": "", "level": "panchayat", "parent_id": "KGIS-T-2202", "district_en": "Mandya", "lgd_code": null }, "geometry": { "type": "Polygon", "coordinates": [ [ [ 76.5985, 12.7666 ], [ 76.5966, 12.788 ], [ 76.6053, 12.7891 ], [ 76.607, 12.7991 ], [ 76.6017, 12.8172 ], [ 76.5872, 12.8152 ], [ 76.5972, 12.8304 ], [ 76.5771, 12.8462 ], [ 76.5747, 12.867 ], [ 76.596, 12.8802 ], [ 76.5908, 12.89 ], [ 76.5999, 12.9054 ], [ 76.5959, 12.9209 ], [ 76.6174, 12.9445 ], [ 76.6106, 12.9662 ], [ 76.6314, 12.9722 ], [ 76.6314, 12.9825 ], [ 76.6497, 12.9802 ], [ 76.6687, 13.001 ], [ 76.6733, 12.985 ], [ 76.681, 12.9844 ], [ 76.6813, 12.9655 ], [ 76.7043, 12.9644 ], [ 76.705, 12.974 ], [ 76.6914, 12.9686 ], [ 76.7028, 12.9797 ], [ 76.7104, 12.963 ], [ 76.7067, 12.9515 ], [ 76.7128, 12.9459 ], [ 76.7031, 12.9183 ], [ 76.6939, 12.9164 ], [ 76.6793, 12.8896 ], [ 76.6731, 12.8627 ], [ 76.6859, 12.8567 ], [ 76.6868, 12.8386 ], [ 76.6753, 12.8562 ], [ 76.6485, 12.8577 ], [ 76.6476, 12.8435 ], [ 76.6579, 12.8389 ], [ 76.6623, 12.8253 ], [ 76.6556, 12.805 ], [ 76.6343, 12.8054 ], [ 76.6219, 12.7661 ], [ 76.5985, 12.7666 ] ], [ [ 76.6488, 12.8947 ], [ 76.6599, 12.8887 ], [ 76.6632, 12.8958 ], [ 76.6488, 12.8947 ] ] ] } },
{ "type": "Feature", "properties": { "area_id": "KGIS-H-220205", "name_en": "Honakere", "name_kn": "", "level": "panchayat", "parent_id": "KGIS-T-2202", "district_en": "Mandya", "lgd_code": null }, "geometry": { "type": "Polygon", "coordinates": [ [ [ 76.5931, 12.7247 ], [ 76.6035, 12.7645 ], [ 76.6219, 12.7661 ], [ 76.6377, 12.8073 ], [ 76.6805, 12.8052 ], [ 76.6915, 12.794 ], [ 76.702, 12.7948 ], [ 76.7095, 12.8057 ], [ 76.7147, 12.8001 ], [ 76.7068, 12.7932 ], [ 76.7074, 12.7876 ], [ 76.7604, 12.7963 ], [ 76.7846, 12.7879 ], [ 76.7784, 12.7634 ], [ 76.8214, 12.7437 ], [ 76.8057, 12.7306 ], [ 76.7807, 12.7431 ], [ 76.7744, 12.7253 ], [ 76.7604, 12.7226 ], [ 76.7491, 12.6934 ], [ 76.7555, 12.682 ], [ 76.7317, 12.6771 ], [ 76.7193, 12.6917 ], [ 76.7066, 12.6621 ], [ 76.6812, 12.668 ], [ 76.6827, 12.6758 ], [ 76.6719, 12.6785 ], [ 76.6741, 12.6923 ], [ 76.6596, 12.6937 ], [ 76.6607, 12.7259 ], [ 76.6397, 12.7254 ], [ 76.6122, 12.7051 ], [ 76.6013, 12.725 ], [ 76.5931, 12.7247 ] ] ] } },
{ "type": "Feature", "properties": { "area_id": "KGIS-H-220301", "name_en": "Kasaba1", "name_kn": "", "level": "panchayat", "parent_id": "KGIS-T-2203", "district_en": "Mandya", "lgd_code": null }, "geometry": { "type": "Polygon", "coordinates": [ [ [ 76.6509, 12.5837 ], [ 76.6481, 12.5651 ], [ 76.6595, 12.5667 ], [ 76.6643, 12.5575 ], [ 76.7013, 12.56 ], [ 76.6951, 12.5273 ], [ 76.7199, 12.5289 ], [ 76.7169, 12.5093 ], [ 76.7025, 12.5095 ], [ 76.7057, 12.5004 ], [ 76.7175, 12.5046 ], [ 76.7216, 12.4788 ], [ 76.712, 12.479 ], [ 76.7109, 12.4893 ], [ 76.703, 12.4852 ], [ 76.706, 12.4787 ], [ 76.6963, 12.4865 ], [ 76.6964, 12.4723 ], [ 76.6849, 12.4731 ], [ 76.6856, 12.4588 ], [ 76.6537, 12.4739 ], [ 76.6438, 12.4565 ], [ 76.6311, 12.4766 ], [ 76.625, 12.4629 ], [ 76.6069, 12.4693 ], [ 76.6232, 12.5355 ], [ 76.6509, 12.5837 ] ], [ [ 76.683, 12.5495 ], [ 76.6555, 12.5422 ], [ 76.6441, 12.5479 ], [ 76.6431, 12.5351 ], [ 76.653, 12.5321 ], [ 76.6491, 12.5123 ], [ 76.6807, 12.5123 ], [ 76.6717, 12.5346 ], [ 76.6814, 12.5377 ], [ 76.683, 12.5495 ] ], [ [ 76.6926, 12.5144 ], [ 76.688, 12.5069 ], [ 76.6963, 12.5094 ], [ 76.6926, 12.5144 ] ] ] } },
{ "type": "Feature", "properties": { "area_id": "KGIS-H-220302", "name_en": "Kasaba2", "name_kn": "", "level": "panchayat", "parent_id": "KGIS-T-2203", "district_en": "Mandya", "lgd_code": null }, "geometry": { "type": "MultiPolygon", "coordinates": [ [ [ [ 76.651, 12.4739 ], [ 76.6612, 12.4673 ], [ 76.6675, 12.4435 ], [ 76.6586, 12.4429 ], [ 76.6618, 12.4299 ], [ 76.6537, 12.4242 ], [ 76.6396, 12.4384 ], [ 76.651, 12.4739 ] ] ], [ [ [ 76.703, 12.4852 ], [ 76.7114, 12.4887 ], [ 76.7113, 12.4779 ], [ 76.703, 12.4852 ] ] ], [ [ [ 76.6888, 12.5137 ], [ 76.6963, 12.5094 ], [ 76.6878, 12.507 ], [ 76.6888, 12.5137 ] ] ], [ [ [ 76.7344, 12.5677 ], [ 76.7389, 12.5603 ], [ 76.7588, 12.557 ], [ 76.7626, 12.5363 ], [ 76.798, 12.5241 ], [ 76.7954, 12.5166 ], [ 76.7814, 12.5158 ], [ 76.7669, 12.5255 ], [ 76.7588, 12.4895 ], [ 76.7474, 12.4811 ], [ 76.7206, 12.4823 ], [ 76.7175, 12.5046 ], [ 76.705, 12.5009 ], [ 76.7027, 12.5098 ], [ 76.7191, 12.5122 ], [ 76.7196, 12.5292 ], [ 76.6951, 12.5273 ], [ 76.6983, 12.5442 ], [ 76.7311, 12.5431 ], [ 76.721, 12.5527 ], [ 76.7344, 12.5677 ] ] ], [ [ [ 76.6555, 12.5422 ], [ 76.6831, 12.5493 ], [ 76.6814, 12.5377 ], [ 76.6717, 12.5346 ], [ 76.6807, 12.5123 ], [ 76.6491, 12.5123 ], [ 76.653, 12.5321 ], [ 76.6431, 12.5351 ], [ 76.6441, 12.5479 ], [ 76.6555, 12.5422 ] ] ] ] } },
{ "type": "Feature", "properties": { "area_id": "KGIS-H-220303", "name_en": "Chinakurali", "name_kn": "", "level": "panchayat", "parent_id": "KGIS-T-2203", "district_en": "Mandya", "lgd_code": null }, "geometry": { "type": "Polygon", "coordinates": [ [ [ 76.6142, 12.6585 ], [ 76.6254, 12.652 ], [ 76.6465, 12.6568 ], [ 76.6583, 12.6202 ], [ 76.6578, 12.5931 ], [ 76.6232, 12.5355 ], [ 76.6061, 12.4727 ], [ 76.6119, 12.4634 ], [ 76.6235, 12.4627 ], [ 76.6327, 12.4753 ], [ 76.637, 12.4582 ], [ 76.6471, 12.4589 ], [ 76.6396, 12.4384 ], [ 76.6505, 12.432 ], [ 76.6155, 12.4212 ], [ 76.5683, 12.425 ], [ 76.5132, 12.4537 ], [ 76.5198, 12.4919 ], [ 76.5141, 12.5003 ], [ 76.5254, 12.5086 ], [ 76.5284, 12.5257 ], [ 76.5473, 12.5235 ], [ 76.541, 12.5337 ], [ 76.5453, 12.548 ], [ 76.5543, 12.5487 ], [ 76.5651, 12.5681 ], [ 76.5858, 12.5543 ], [ 76.5821, 12.5692 ], [ 76.5651, 12.577 ], [ 76.6, 12.5769 ], [ 76.6066, 12.62 ], [ 76.6, 12.6512 ], [ 76.6132, 12.6457 ], [ 76.6142, 12.6585 ] ] ] } },
{ "type": "Feature", "properties": { "area_id": "KGIS-H-220304", "name_en": "Melukote", "name_kn": "", "level": "panchayat", "parent_id": "KGIS-T-2203", "district_en": "Mandya", "lgd_code": null }, "geometry": { "type": "Polygon", "coordinates": [ [ [ 76.6607, 12.7259 ], [ 76.6596, 12.6937 ], [ 76.6741, 12.6923 ], [ 76.6719, 12.6785 ], [ 76.6827, 12.6758 ], [ 76.6812, 12.668 ], [ 76.7026, 12.665 ], [ 76.7344, 12.6471 ], [ 76.7311, 12.5993 ], [ 76.741, 12.5895 ], [ 76.7595, 12.5874 ], [ 76.758, 12.5572 ], [ 76.7288, 12.5689 ], [ 76.721, 12.5523 ], [ 76.73, 12.5421 ], [ 76.6983, 12.5442 ], [ 76.7013, 12.56 ], [ 76.6924, 12.5632 ], [ 76.6815, 12.5545 ], [ 76.6469, 12.5665 ], [ 76.6598, 12.6009 ], [ 76.6465, 12.6568 ], [ 76.6254, 12.652 ], [ 76.6118, 12.6614 ], [ 76.6089, 12.6746 ], [ 76.615, 12.6777 ], [ 76.6124, 12.7073 ], [ 76.6397, 12.7254 ], [ 76.6607, 12.7259 ] ] ] } },
{ "type": "Feature", "properties": { "area_id": "KGIS-H-220401", "name_en": "Kasaba", "name_kn": "", "level": "panchayat", "parent_id": "KGIS-T-2204", "district_en": "Mandya", "lgd_code": null }, "geometry": { "type": "Polygon", "coordinates": [ [ [ 76.665, 12.4312 ], [ 76.7116, 12.4199 ], [ 76.7243, 12.4052 ], [ 76.7781, 12.4036 ], [ 76.8006, 12.3557 ], [ 76.7911, 12.3472 ], [ 76.7656, 12.3509 ], [ 76.7648, 12.3125 ], [ 76.7573, 12.304 ], [ 76.7439, 12.31 ], [ 76.7414, 12.3218 ], [ 76.7321, 12.3155 ], [ 76.73, 12.3428 ], [ 76.7182, 12.3567 ], [ 76.6986, 12.3504 ], [ 76.6812, 12.3679 ], [ 76.6873, 12.4016 ], [ 76.6731, 12.4207 ], [ 76.657, 12.4262 ], [ 76.665, 12.4312 ] ] ] } },
{ "type": "Feature", "properties": { "area_id": "KGIS-H-220402", "name_en": "K Shettihalli-1", "name_kn": "", "level": "panchayat", "parent_id": "KGIS-T-2204", "district_en": "Mandya", "lgd_code": null }, "geometry": { "type": "Polygon", "coordinates": [ [ [ 76.6995, 12.4849 ], [ 76.7192, 12.4727 ], [ 76.715, 12.445 ], [ 76.7063, 12.4419 ], [ 76.7133, 12.4191 ], [ 76.6577, 12.4354 ], [ 76.6586, 12.4429 ], [ 76.6675, 12.4435 ], [ 76.6603, 12.4693 ], [ 76.6856, 12.4588 ], [ 76.6849, 12.4731 ], [ 76.6947, 12.4705 ], [ 76.6929, 12.4818 ], [ 76.6995, 12.4849 ] ] ] } },
{ "type": "Feature", "properties": { "area_id": "KGIS-H-220403", "name_en": "K Shettihalli-2", "name_kn": "", "level": "panchayat", "parent_id": "KGIS-T-2204", "district_en": "Mandya", "lgd_code": null }, "geometry": { "type": "Polygon", "coordinates": [ [ [ 76.768, 12.4993 ], [ 76.7759, 12.4948 ], [ 76.7774, 12.4806 ], [ 76.7725, 12.4499 ], [ 76.7857, 12.4474 ], [ 76.7877, 12.4324 ], [ 76.7659, 12.4369 ], [ 76.7582, 12.4256 ], [ 76.7383, 12.4363 ], [ 76.7339, 12.4234 ], [ 76.7553, 12.4051 ], [ 76.7243, 12.4052 ], [ 76.7058, 12.4356 ], [ 76.7197, 12.4596 ], [ 76.7177, 12.4774 ], [ 76.7343, 12.4855 ], [ 76.7545, 12.4829 ], [ 76.768, 12.4993 ] ] ] } },
{ "type": "Feature", "properties": { "area_id": "KGIS-H-220404", "name_en": "Arakere", "name_kn": "", "level": "panchayat", "parent_id": "KGIS-T-2204", "district_en": "Mandya", "lgd_code": null }, "geometry": { "type": "Polygon", "coordinates": [ [ [ 76.8308, 12.4877 ], [ 76.8429, 12.475 ], [ 76.8414, 12.4652 ], [ 76.8664, 12.4675 ], [ 76.8596, 12.445 ], [ 76.8692, 12.4375 ], [ 76.8801, 12.4427 ], [ 76.8776, 12.4524 ], [ 76.9027, 12.4495 ], [ 76.9066, 12.422 ], [ 76.9001, 12.4094 ], [ 76.8809, 12.4007 ], [ 76.8631, 12.4005 ], [ 76.859, 12.4096 ], [ 76.8322, 12.4026 ], [ 76.834, 12.3845 ], [ 76.8145, 12.3868 ], [ 76.8076, 12.3602 ], [ 76.7777, 12.4041 ], [ 76.7553, 12.4051 ], [ 76.7339, 12.4235 ], [ 76.7383, 12.4363 ], [ 76.7582, 12.4256 ], [ 76.7659, 12.4369 ], [ 76.7877, 12.4324 ], [ 76.7857, 12.4474 ], [ 76.7725, 12.4499 ], [ 76.7758, 12.4734 ], [ 76.7913, 12.4783 ], [ 76.8198, 12.463 ], [ 76.8185, 12.4829 ], [ 76.8308, 12.4877 ] ] ] } },
{ "type": "Feature", "properties": { "area_id": "KGIS-H-220405", "name_en": "Belagola", "name_kn": "", "level": "panchayat", "parent_id": "KGIS-T-2204", "district_en": "Mandya", "lgd_code": null }, "geometry": { "type": "Polygon", "coordinates": [ [ [ 76.5695, 12.4259 ], [ 76.6731, 12.4207 ], [ 76.6873, 12.4016 ], [ 76.6833, 12.3921 ], [ 76.6638, 12.3865 ], [ 76.6469, 12.3971 ], [ 76.6257, 12.3691 ], [ 76.5917, 12.363 ], [ 76.5871, 12.3752 ], [ 76.5696, 12.3733 ], [ 76.5545, 12.3912 ], [ 76.5574, 12.4011 ], [ 76.5657, 12.3992 ], [ 76.5695, 12.4259 ] ] ] } },
{ "type": "Feature", "properties": { "area_id": "KGIS-H-220501", "name_en": "Kasaba - 1", "name_kn": "", "level": "panchayat", "parent_id": "KGIS-T-2205", "district_en": "Mandya", "lgd_code": null }, "geometry": { "type": "Polygon", "coordinates": [ [ [ 76.8935, 12.5859 ], [ 76.9283, 12.5782 ], [ 76.9205, 12.5623 ], [ 76.9255, 12.5456 ], [ 76.9127, 12.543 ], [ 76.8955, 12.5109 ], [ 76.8697, 12.5254 ], [ 76.8471, 12.5238 ], [ 76.8504, 12.5475 ], [ 76.8707, 12.5399 ], [ 76.8783, 12.5446 ], [ 76.8817, 12.5576 ], [ 76.8678, 12.5747 ], [ 76.8935, 12.5859 ] ] ] } },
{ "type": "Feature", "properties": { "area_id": "KGIS-H-220502", "name_en": "Kasaba - 2", "name_kn": "", "level": "panchayat", "parent_id": "KGIS-T-2205", "district_en": "Mandya", "lgd_code": null }, "geometry": { "type": "Polygon", "coordinates": [ [ [ 76.9721, 12.5895 ], [ 76.9865, 12.5811 ], [ 76.9888, 12.5553 ], [ 76.997, 12.5562 ], [ 77.0003, 12.5378 ], [ 77.0127, 12.5332 ], [ 77.013, 12.5255 ], [ 76.9975, 12.5154 ], [ 76.9693, 12.5221 ], [ 76.9706, 12.5368 ], [ 76.9413, 12.5351 ], [ 76.9254, 12.5458 ], [ 76.9205, 12.5623 ], [ 76.9299, 12.5809 ], [ 76.9721, 12.5895 ] ] ] } },
{ "type": "Feature", "properties": { "area_id": "KGIS-H-220503", "name_en": "Kottatti - 1", "name_kn": "", "level": "panchayat", "parent_id": "KGIS-T-2205", "district_en": "Mandya", "lgd_code": null }, "geometry": { "type": "Polygon", "coordinates": [ [ [ 76.8188, 12.5246 ], [ 76.8606, 12.5235 ], [ 76.857, 12.5041 ], [ 76.8651, 12.5009 ], [ 76.8802, 12.5153 ], [ 76.8886, 12.5107 ], [ 76.8785, 12.4989 ], [ 76.8826, 12.4754 ], [ 76.8959, 12.4682 ], [ 76.8943, 12.4523 ], [ 76.8776, 12.4524 ], [ 76.8801, 12.4427 ], [ 76.8692, 12.4375 ], [ 76.8596, 12.445 ], [ 76.8664, 12.4675 ], [ 76.8414, 12.4652 ], [ 76.8429, 12.475 ], [ 76.8308, 12.4879 ], [ 76.8185, 12.4829 ], [ 76.8198, 12.463 ], [ 76.7913, 12.4783 ], [ 76.7762, 12.4736 ], [ 76.7759, 12.4948 ], [ 76.7626, 12.4991 ], [ 76.7669, 12.5255 ], [ 76.778, 12.5166 ], [ 76.8056, 12.5136 ], [ 76.8188, 12.5246 ] ] ] } },
{ "type": "Feature", "properties": { "area_id": "KGIS-H-220504", "name_en": "Kottatti - 2", "name_kn": "", "level": "panchayat", "parent_id": "KGIS-T-2205", "district_en": "Mandya", "lgd_code": null }, "geometry": { "type": "Polygon", "coordinates": [ [ [ 76.9311, 12.5442 ], [ 76.9413, 12.5351 ], [ 76.9706, 12.5368 ], [ 76.9693, 12.5221 ], [ 76.9787, 12.5059 ], [ 76.9541, 12.4956 ], [ 76.9554, 12.4716 ], [ 76.9424, 12.4676 ], [ 76.95, 12.4587 ], [ 76.948, 12.4469 ], [ 76.928, 12.4504 ], [ 76.9067, 12.4368 ], [ 76.8943, 12.4523 ], [ 76.8959, 12.4682 ], [ 76.8826, 12.4754 ], [ 76.8785, 12.4989 ], [ 76.899, 12.5121 ], [ 76.9127, 12.543 ], [ 76.9311, 12.5442 ] ] ] } },
{ "type": "Feature", "properties": { "area_id": "KGIS-H-220505", "name_en": "Keragodu -1", "name_kn": "", "level": "panchayat", "parent_id": "KGIS-T-2205", "district_en": "Mandya", "lgd_code": null }, "geometry": { "type": "Polygon", "coordinates": [ [ [ 76.9453, 12.6661 ], [ 76.9595, 12.6537 ], [ 76.9468, 12.6444 ], [ 76.945, 12.6104 ], [ 76.9355, 12.6114 ], [ 76.931, 12.6013 ], [ 76.8863, 12.6045 ], [ 76.8899, 12.5794 ], [ 76.8816, 12.581 ], [ 76.8764, 12.6046 ], [ 76.8439, 12.6083 ], [ 76.8424, 12.6252 ], [ 76.8772, 12.6413 ], [ 76.8815, 12.6555 ], [ 76.9325, 12.6585 ], [ 76.9453, 12.6661 ] ] ] } },
{ "type": "Feature", "properties": { "area_id": "KGIS-H-220506", "name_en": "Keragodu - 2", "name_kn": "", "level": "panchayat", "parent_id": "KGIS-T-2205", "district_en": "Mandya", "lgd_code": null }, "geometry": { "type": "MultiPolygon", "coordinates": [ [ [ [ 76.9605, 12.6525 ], [ 76.97, 12.6275 ], [ 76.9813, 12.6272 ], [ 76.9836, 12.5994 ], [ 76.9951, 12.5997 ], [ 76.9967, 12.5847 ], [ 76.9788, 12.5821 ], [ 76.9686, 12.5904 ], [ 76.9187, 12.5779 ], [ 76.8918, 12.5859 ], [ 76.8863, 12.6045 ], [ 76.931, 12.6013 ], [ 76.9355, 12.6114 ], [ 76.945, 12.6104 ], [ 76.9468, 12.6444 ], [ 76.9605, 12.6525 ] ] ], [ [ [ 76.8783, 12.6752 ], [ 76.8772, 12.6413 ], [ 76.8523, 12.6341 ], [ 76.8501, 12.6247 ], [ 76.8168, 12.632 ], [ 76.8177, 12.6487 ], [ 76.8287, 12.6574 ], [ 76.841, 12.6516 ], [ 76.8585, 12.6555 ], [ 76.8578, 12.6737 ], [ 76.8783, 12.6752 ] ] ] ] } },
{ "type": "Feature", "properties": { "area_id": "KGIS-H-220507", "name_en": "Dudda - 1", "name_kn": "", "level": "panchayat", "parent_id": "KGIS-T-2205", "district_en": "Mandya", "lgd_code": null }, "geometry": { "type": "MultiPolygon", "coordinates": [ [ [ [ 76.8413, 12.5972 ], [ 76.8588, 12.5882 ], [ 76.8496, 12.5727 ], [ 76.837, 12.5786 ], [ 76.8413, 12.5972 ] ] ], [ [ [ 76.7317, 12.6771 ], [ 76.7552, 12.6818 ], [ 76.7607, 12.6478 ], [ 76.7925, 12.6595 ], [ 76.8098, 12.6816 ], [ 76.8113, 12.664 ], [ 76.8287, 12.6574 ], [ 76.8169, 12.6376 ], [ 76.8339, 12.6256 ], [ 76.8262, 12.6074 ], [ 76.82, 12.5973 ], [ 76.8022, 12.6003 ], [ 76.7962, 12.5883 ], [ 76.8114, 12.5852 ], [ 76.8125, 12.5955 ], [ 76.8233, 12.5769 ], [ 76.8183, 12.5658 ], [ 76.8012, 12.5642 ], [ 76.7918, 12.5731 ], [ 76.7865, 12.5585 ], [ 76.7972, 12.5576 ], [ 76.8121, 12.5416 ], [ 76.8149, 12.5153 ], [ 76.8013, 12.5145 ], [ 76.798, 12.5241 ], [ 76.7626, 12.5363 ], [ 76.7595, 12.5874 ], [ 76.741, 12.5895 ], [ 76.73, 12.6033 ], [ 76.7344, 12.6471 ], [ 76.7066, 12.6621 ], [ 76.7193, 12.6917 ], [ 76.7317, 12.6771 ] ] ] ] } },
{ "type": "Feature", "properties": { "area_id": "KGIS-H-220508", "name_en": "Dudda - 2", "name_kn": "", "level": "panchayat", "parent_id": "KGIS-T-2205", "district_en": "Mandya", "lgd_code": null }, "geometry": { "type": "MultiPolygon", "coordinates": [ [ [ [ 76.8763, 12.5226 ], [ 76.8805, 12.5151 ], [ 76.8684, 12.5013 ], [ 76.857, 12.5041 ], [ 76.8615, 12.523 ], [ 76.8763, 12.5226 ] ] ], [ [ [ 76.8357, 12.6251 ], [ 76.8424, 12.6252 ], [ 76.8439, 12.6083 ], [ 76.8764, 12.6046 ], [ 76.8822, 12.5819 ], [ 76.8664, 12.5724 ], [ 76.8809, 12.5516 ], [ 76.8752, 12.5398 ], [ 76.8504, 12.5475 ], [ 76.8467, 12.5245 ], [ 76.8187, 12.5246 ], [ 76.8087, 12.5299 ], [ 76.8121, 12.5416 ], [ 76.7972, 12.5576 ], [ 76.7865, 12.5585 ], [ 76.7918, 12.5731 ], [ 76.8012, 12.5642 ], [ 76.8183, 12.5658 ], [ 76.8234, 12.5778 ], [ 76.813, 12.5951 ], [ 76.8114, 12.5852 ], [ 76.7962, 12.5883 ], [ 76.8032, 12.6008 ], [ 76.82, 12.5973 ], [ 76.8357, 12.6251 ] ], [ [ 76.841, 12.5964 ], [ 76.8371, 12.5782 ], [ 76.8496, 12.5727 ], [ 76.8588, 12.5882 ], [ 76.841, 12.5964 ] ] ] ] } },
{ "type": "Feature", "properties": { "area_id": "KGIS-H-220509", "name_en": "Basaralu - 1", "name_kn": "", "level": "panchayat", "parent_id": "KGIS-T-2205", "district_en": "Mandya", "lgd_code": null }, "geometry": { "type": "Polygon", "coordinates": [ [ [ 76.7864, 12.7427 ], [ 76.8057, 12.7306 ], [ 76.8232, 12.7401 ], [ 76.8354, 12.7179 ], [ 76.8277, 12.7002 ], [ 76.8393, 12.6952 ], [ 76.8461, 12.7082 ], [ 76.8664, 12.7088 ], [ 76.8722, 12.7225 ], [ 76.8885, 12.725 ], [ 76.8984, 12.6924 ], [ 76.887, 12.6905 ], [ 76.8813, 12.6771 ], [ 76.9009, 12.6761 ], [ 76.895, 12.6626 ], [ 76.8813, 12.6567 ], [ 76.8781, 12.6758 ], [ 76.8578, 12.6737 ], [ 76.8592, 12.6559 ], [ 76.841, 12.6516 ], [ 76.8379, 12.6851 ], [ 76.8271, 12.6908 ], [ 76.8106, 12.6849 ], [ 76.7925, 12.6595 ], [ 76.7607, 12.6478 ], [ 76.7497, 12.6963 ], [ 76.7604, 12.7227 ], [ 76.7718, 12.7228 ], [ 76.7864, 12.7427 ] ] ] } },
{ "type": "Feature", "properties": { "area_id": "KGIS-H-220510", "name_en": "Basaralu - 2", "name_kn": "", "level": "panchayat", "parent_id": "KGIS-T-2205", "district_en": "Mandya", "lgd_code": null }, "geometry": { "type": "MultiPolygon", "coordinates": [ [ [ [ 76.8377, 12.6843 ], [ 76.838, 12.6534 ], [ 76.8113, 12.664 ], [ 76.8117, 12.6858 ], [ 76.8271, 12.6908 ], [ 76.8377, 12.6843 ] ] ], [ [ [ 76.8829, 12.7548 ], [ 76.8894, 12.7457 ], [ 76.8951, 12.7505 ], [ 76.906, 12.745 ], [ 76.8958, 12.7302 ], [ 76.9156, 12.7147 ], [ 76.9476, 12.7079 ], [ 76.936, 12.7032 ], [ 76.9303, 12.6897 ], [ 76.9212, 12.6908 ], [ 76.9186, 12.6737 ], [ 76.9297, 12.6585 ], [ 76.8815, 12.6555 ], [ 76.9008, 12.6725 ], [ 76.8813, 12.6771 ], [ 76.887, 12.6905 ], [ 76.8984, 12.6924 ], [ 76.8885, 12.725 ], [ 76.8722, 12.7225 ], [ 76.8664, 12.7088 ], [ 76.8461, 12.7082 ], [ 76.8418, 12.696 ], [ 76.8282, 12.6991 ], [ 76.8354, 12.7179 ], [ 76.8173, 12.7395 ], [ 76.8206, 12.7485 ], [ 76.8428, 12.754 ], [ 76.8798, 12.7401 ], [ 76.8843, 12.7449 ], [ 76.8665, 12.7525 ], [ 76.8829, 12.7548 ] ] ] ] } },
{ "type": "Feature", "properties": { "area_id": "KGIS-H-220601", "name_en": "Kasaba-1Ne Valaya", "name_kn": "", "level": "panchayat", "parent_id": "KGIS-T-2206", "district_en": "Mandya", "lgd_code": null }, "geometry": { "type": "Polygon", "coordinates": [ [ [ 77.0206, 12.6126 ], [ 77.0156, 12.6006 ], [ 77.036, 12.6006 ], [ 77.0355, 12.6107 ], [ 77.0207, 12.6126 ], [ 77.0196, 12.6222 ], [ 77.0409, 12.6247 ], [ 77.0425, 12.6372 ], [ 77.0511, 12.6378 ], [ 77.0473, 12.6268 ], [ 77.0598, 12.6184 ], [ 77.0584, 12.6036 ], [ 77.0747, 12.6071 ], [ 77.0634, 12.5966 ], [ 77.0617, 12.5801 ], [ 77.0883, 12.5777 ], [ 77.0826, 12.5579 ], [ 77.0896, 12.5531 ], [ 77.0886, 12.5368 ], [ 77.1129, 12.5437 ], [ 77.113, 12.5292 ], [ 77.1037, 12.5214 ], [ 77.0715, 12.5312 ], [ 77.0634, 12.5645 ], [ 77.0443, 12.5711 ], [ 77.0469, 12.5785 ], [ 77.0311, 12.5785 ], [ 77.0241, 12.5936 ], [ 77.0197, 12.5683 ], [ 77.033, 12.5615 ], [ 77.0315, 12.5508 ], [ 76.9888, 12.5553 ], [ 76.9865, 12.5811 ], [ 76.9967, 12.5847 ], [ 76.9965, 12.593 ], [ 76.9943, 12.6002 ], [ 76.9836, 12.5994 ], [ 76.9859, 12.6107 ], [ 77.0206, 12.6126 ] ] ] } },
{ "type": "Feature", "properties": { "area_id": "KGIS-H-220602", "name_en": "Kasaba-Aiai Ne Valaya", "name_kn": "", "level": "panchayat", "parent_id": "KGIS-T-2206", "district_en": "Mandya", "lgd_code": null }, "geometry": { "type": "MultiPolygon", "coordinates": [ [ [ [ 77.027, 12.593 ], [ 77.0311, 12.5785 ], [ 77.0469, 12.5785 ], [ 77.0443, 12.5711 ], [ 77.0634, 12.5645 ], [ 77.0715, 12.5312 ], [ 77.1038, 12.5214 ], [ 77.1019, 12.5041 ], [ 77.0834, 12.4987 ], [ 77.0776, 12.5168 ], [ 77.0565, 12.5133 ], [ 77.0538, 12.5327 ], [ 77.0003, 12.5378 ], [ 76.9981, 12.5519 ], [ 77.0315, 12.5508 ], [ 77.033, 12.5615 ], [ 77.0197, 12.5683 ], [ 77.0182, 12.5842 ], [ 77.027, 12.593 ] ] ], [ [ [ 77.1071, 12.5896 ], [ 77.1283, 12.5699 ], [ 77.1282, 12.5541 ], [ 77.1154, 12.555 ], [ 77.115, 12.5431 ], [ 77.0886, 12.5368 ], [ 77.0896, 12.5531 ], [ 77.0826, 12.5579 ], [ 77.0883, 12.5777 ], [ 77.0617, 12.5801 ], [ 77.0611, 12.5907 ], [ 77.1071, 12.5896 ] ] ], [ [ [ 77.0251, 12.6124 ], [ 77.0355, 12.6107 ], [ 77.036, 12.6006 ], [ 77.0156, 12.6006 ], [ 77.0251, 12.6124 ] ] ], [ [ [ 77.0676, 12.6223 ], [ 77.081, 12.6179 ], [ 77.0625, 12.6019 ], [ 77.0552, 12.6122 ], [ 77.0676, 12.6223 ] ] ] ] } },
{ "type": "Feature", "properties": { "area_id": "KGIS-H-220603", "name_en": "Ataguru Hobali", "name_kn": "", "level": "panchayat", "parent_id": "KGIS-T-2206", "district_en": "Mandya", "lgd_code": null }, "geometry": { "type": "Polygon", "coordinates": [ [ [ 77.0089, 12.7795 ], [ 77.0086, 12.7639 ], [ 77.026, 12.7625 ], [ 77.0441, 12.7777 ], [ 77.049, 12.7476 ], [ 77.0678, 12.7592 ], [ 77.0808, 12.7474 ], [ 77.0741, 12.6786 ], [ 77.0994, 12.6732 ], [ 77.1012, 12.6289 ], [ 77.1227, 12.6222 ], [ 77.1082, 12.6077 ], [ 77.1157, 12.588 ], [ 77.0628, 12.5908 ], [ 77.081, 12.6179 ], [ 77.0517, 12.621 ], [ 77.0511, 12.6378 ], [ 77.0425, 12.6372 ], [ 77.04, 12.6499 ], [ 77.0439, 12.6807 ], [ 76.9904, 12.7209 ], [ 77.004, 12.7343 ], [ 76.9849, 12.7433 ], [ 76.9903, 12.755 ], [ 76.9831, 12.764 ], [ 77.0089, 12.7795 ] ] ] } },
{ "type": "Feature", "properties": { "area_id": "KGIS-H-220604", "name_en": "Koppa Hobali", "name_kn": "", "level": "panchayat", "parent_id": "KGIS-T-2206", "district_en": "Mandya", "lgd_code": null }, "geometry": { "type": "Polygon", "coordinates": [ [ [ 76.9419, 12.8047 ], [ 76.9736, 12.8013 ], [ 76.9995, 12.7749 ], [ 76.9867, 12.7663 ], [ 76.9476, 12.7648 ], [ 76.946, 12.7568 ], [ 76.9112, 12.7555 ], [ 76.912, 12.7921 ], [ 76.9419, 12.8047 ] ] ] } },
{ "type": "Feature", "properties": { "area_id": "KGIS-H-220605", "name_en": "Koppa-Aine Valaya", "name_kn": "", "level": "panchayat", "parent_id": "KGIS-T-2206", "district_en": "Mandya", "lgd_code": null }, "geometry": { "type": "Polygon", "coordinates": [ [ [ 76.9747, 12.7685 ], [ 76.9903, 12.755 ], [ 76.9837, 12.7464 ], [ 76.9883, 12.7371 ], [ 76.969, 12.7336 ], [ 76.9569, 12.7178 ], [ 76.9465, 12.7259 ], [ 76.9476, 12.7079 ], [ 76.9156, 12.7147 ], [ 76.8958, 12.7302 ], [ 76.9112, 12.7555 ], [ 76.946, 12.7568 ], [ 76.9476, 12.7648 ], [ 76.9747, 12.7685 ] ] ] } },
{ "type": "Feature", "properties": { "area_id": "KGIS-H-220606", "name_en": "Koppa-Aiaine Valaya", "name_kn": "", "level": "panchayat", "parent_id": "KGIS-T-2206", "district_en": "Mandya", "lgd_code": null }, "geometry": { "type": "Polygon", "coordinates": [ [ [ 77.004, 12.7343 ], [ 76.9901, 12.7223 ], [ 77.0131, 12.7063 ], [ 77.0087, 12.658 ], [ 76.9917, 12.6594 ], [ 76.9916, 12.6457 ], [ 76.9655, 12.6448 ], [ 76.9511, 12.6642 ], [ 76.9297, 12.6585 ], [ 76.9234, 12.665 ], [ 76.9212, 12.6908 ], [ 76.9303, 12.6897 ], [ 76.936, 12.7032 ], [ 76.9464, 12.7021 ], [ 76.9465, 12.7259 ], [ 76.9552, 12.7174 ], [ 76.969, 12.7336 ], [ 76.9888, 12.7395 ], [ 77.004, 12.7343 ] ] ] } },
{ "type": "Feature", "properties": { "area_id": "KGIS-H-220607", "name_en": "Koppa -Aiaiaine Valaya", "name_kn": "", "level": "panchayat", "parent_id": "KGIS-T-2206", "district_en": "Mandya", "lgd_code": null }, "geometry": { "type": "Polygon", "coordinates": [ [ [ 77.0131, 12.7063 ], [ 77.0296, 12.6852 ], [ 77.0447, 12.6791 ], [ 77.0409, 12.6247 ], [ 77.0196, 12.6222 ], [ 77.0207, 12.6126 ], [ 76.9861, 12.6111 ], [ 76.9813, 12.6272 ], [ 76.97, 12.6275 ], [ 76.9655, 12.6448 ], [ 76.9916, 12.6457 ], [ 76.9917, 12.6594 ], [ 77.0087, 12.658 ], [ 77.0093, 12.6963 ], [ 77.0131, 12.7063 ] ] ] } },
{ "type": "Feature", "properties": { "area_id": "KGIS-H-220608", "name_en": "Ch A Kere Aine Valaya", "name_kn": "", "level": "panchayat", "parent_id": "KGIS-T-2206", "district_en": "Mandya", "lgd_code": null }, "geometry": { "type": "Polygon", "coordinates": [ [ [ 77.0116, 12.5357 ], [ 77.0538, 12.5327 ], [ 77.0565, 12.5133 ], [ 77.0776, 12.5168 ], [ 77.0834, 12.4987 ], [ 77.1019, 12.5041 ], [ 77.1048, 12.493 ], [ 77.1124, 12.4999 ], [ 77.1084, 12.5111 ], [ 77.1253, 12.5236 ], [ 77.1329, 12.5165 ], [ 77.125, 12.4799 ], [ 77.0831, 12.492 ], [ 77.0714, 12.4872 ], [ 77.0691, 12.4777 ], [ 77.0558, 12.4757 ], [ 77.0553, 12.4481 ], [ 77.0487, 12.4465 ], [ 77.0426, 12.4716 ], [ 77.0295, 12.4748 ], [ 77.0301, 12.4839 ], [ 77.0022, 12.4894 ], [ 76.9951, 12.5148 ], [ 77.013, 12.5255 ], [ 77.0116, 12.5357 ] ] ] } },
{ "type": "Feature", "properties": { "area_id": "KGIS-H-220609", "name_en": "Ch A Kere - Aiaine Valaya", "name_kn": "", "level": "panchayat", "parent_id": "KGIS-T-2206", "district_en": "Mandya", "lgd_code": null }, "geometry": { "type": "MultiPolygon", "coordinates": [ [ [ [ 77.0299, 12.4749 ], [ 77.0434, 12.4705 ], [ 77.0486, 12.4468 ], [ 76.9984, 12.4422 ], [ 76.9989, 12.4633 ], [ 77.0215, 12.4675 ], [ 77.0218, 12.4842 ], [ 77.0301, 12.4839 ], [ 77.0299, 12.4749 ] ] ], [ [ [ 77.0883, 12.4907 ], [ 77.1069, 12.4805 ], [ 77.1324, 12.4796 ], [ 77.1357, 12.4698 ], [ 77.1244, 12.4391 ], [ 77.1034, 12.4366 ], [ 77.0757, 12.4411 ], [ 77.0724, 12.4513 ], [ 77.0552, 12.4497 ], [ 77.058, 12.4791 ], [ 77.0691, 12.4777 ], [ 77.0714, 12.4872 ], [ 77.0883, 12.4907 ] ] ], [ [ [ 77.001, 12.4976 ], [ 76.9959, 12.4831 ], [ 77.0024, 12.4751 ], [ 76.9776, 12.4653 ], [ 76.9769, 12.4812 ], [ 76.9879, 12.4848 ], [ 76.9889, 12.497 ], [ 77.001, 12.4976 ] ] ], [ [ [ 77.115, 12.5433 ], [ 77.1267, 12.5286 ], [ 77.1084, 12.5111 ], [ 77.1124, 12.4999 ], [ 77.1048, 12.493 ], [ 77.102, 12.5174 ], [ 77.115, 12.5433 ] ] ] ] } },
{ "type": "Feature", "properties": { "area_id": "KGIS-H-220610", "name_en": "Ch A Kere- Aiaiaine Valaya", "name_kn": "", "level": "panchayat", "parent_id": "KGIS-T-2206", "district_en": "Mandya", "lgd_code": null }, "geometry": { "type": "Polygon", "coordinates": [ [ [ 76.9732, 12.5218 ], [ 76.9939, 12.5165 ], [ 77.0006, 12.4995 ], [ 76.9889, 12.497 ], [ 76.9879, 12.4848 ], [ 76.9769, 12.4812 ], [ 76.9776, 12.4653 ], [ 77.0024, 12.4751 ], [ 76.9959, 12.4831 ], [ 77.0032, 12.4914 ], [ 77.0226, 12.4861 ], [ 77.0215, 12.4675 ], [ 76.9989, 12.4633 ], [ 76.9989, 12.4434 ], [ 76.9843, 12.4381 ], [ 76.9814, 12.4164 ], [ 76.9672, 12.4206 ], [ 76.974, 12.4421 ], [ 76.9481, 12.4468 ], [ 76.95, 12.4587 ], [ 76.9423, 12.4655 ], [ 76.9554, 12.4716 ], [ 76.9541, 12.4956 ], [ 76.977, 12.5032 ], [ 76.9732, 12.5218 ] ] ] } },
{ "type": "Feature", "properties": { "area_id": "KGIS-H-220701", "name_en": "Kasaba - Ai", "name_kn": "", "level": "panchayat", "parent_id": "KGIS-T-2207", "district_en": "Mandya", "lgd_code": null }, "geometry": { "type": "Polygon", "coordinates": [ [ [ 77.0686, 12.4515 ], [ 77.0757, 12.4411 ], [ 77.1015, 12.4389 ], [ 77.1104, 12.3912 ], [ 77.121, 12.3905 ], [ 77.1232, 12.361 ], [ 77.1049, 12.3603 ], [ 77.1032, 12.3462 ], [ 77.0636, 12.3423 ], [ 77.0494, 12.3281 ], [ 77.0313, 12.327 ], [ 77.033, 12.3481 ], [ 77.0481, 12.3501 ], [ 77.0531, 12.3668 ], [ 77.0398, 12.3757 ], [ 77.0469, 12.4146 ], [ 77.0403, 12.4158 ], [ 77.0361, 12.4437 ], [ 77.0686, 12.4515 ] ] ] } },
{ "type": "Feature", "properties": { "area_id": "KGIS-H-220702", "name_en": "Kasaba - Aiai", "name_kn": "", "level": "panchayat", "parent_id": "KGIS-T-2207", "district_en": "Mandya", "lgd_code": null }, "geometry": { "type": "MultiPolygon", "coordinates": [ [ [ [ 77.1215, 12.4387 ], [ 77.1264, 12.4199 ], [ 77.1422, 12.4174 ], [ 77.1448, 12.4095 ], [ 77.169, 12.4047 ], [ 77.1702, 12.4153 ], [ 77.1925, 12.4172 ], [ 77.1945, 12.4069 ], [ 77.209, 12.401 ], [ 77.1956, 12.3408 ], [ 77.2313, 12.3253 ], [ 77.2383, 12.3092 ], [ 77.2245, 12.3021 ], [ 77.2014, 12.3071 ], [ 77.1824, 12.3331 ], [ 77.1866, 12.3459 ], [ 77.1809, 12.3516 ], [ 77.1464, 12.3723 ], [ 77.1408, 12.3517 ], [ 77.1345, 12.3772 ], [ 77.1192, 12.3724 ], [ 77.121, 12.3905 ], [ 77.1104, 12.3912 ], [ 77.1101, 12.3991 ], [ 77.1233, 12.4016 ], [ 77.1224, 12.4173 ], [ 77.1007, 12.4284 ], [ 77.1018, 12.4373 ], [ 77.1215, 12.4387 ] ] ], [ [ [ 77.1365, 12.4687 ], [ 77.1406, 12.4615 ], [ 77.1312, 12.4607 ], [ 77.1362, 12.4436 ], [ 77.1249, 12.4406 ], [ 77.1252, 12.4519 ], [ 77.1365, 12.4687 ] ] ], [ [ [ 77.1511, 12.4622 ], [ 77.165, 12.4748 ], [ 77.163, 12.4593 ], [ 77.1511, 12.4622 ] ] ] ] } },
{ "type": "Feature", "properties": { "area_id": "KGIS-H-220703", "name_en": "Kasaba- Aiaiai", "name_kn": "", "level": "panchayat", "parent_id": "KGIS-T-2207", "district_en": "Mandya", "lgd_code": null }, "geometry": { "type": "MultiPolygon", "coordinates": [ [ [ [ 77.1193, 12.4167 ], [ 77.1233, 12.4016 ], [ 77.1146, 12.401 ], [ 77.108, 12.4201 ], [ 77.1193, 12.4167 ] ] ], [ [ [ 77.165, 12.4777 ], [ 77.1921, 12.4634 ], [ 77.1911, 12.4411 ], [ 77.1802, 12.4317 ], [ 77.1979, 12.4251 ], [ 77.1925, 12.4172 ], [ 77.1702, 12.4153 ], [ 77.1672, 12.4046 ], [ 77.1264, 12.4199 ], [ 77.1245, 12.4405 ], [ 77.1362, 12.4436 ], [ 77.1312, 12.4607 ], [ 77.163, 12.4593 ], [ 77.165, 12.4777 ] ] ] ] } },
{ "type": "Feature", "properties": { "area_id": "KGIS-H-220704", "name_en": "Kirugavalu Hobali Ai", "name_kn": "", "level": "panchayat", "parent_id": "KGIS-T-2207", "district_en": "Mandya", "lgd_code": null }, "geometry": { "type": "Polygon", "coordinates": [ [ [ 76.9386, 12.4509 ], [ 76.974, 12.4421 ], [ 76.9642, 12.4005 ], [ 76.9955, 12.3866 ], [ 76.9943, 12.3782 ], [ 77.0049, 12.3755 ], [ 77.0038, 12.3622 ], [ 76.9655, 12.3659 ], [ 76.9584, 12.3531 ], [ 76.9387, 12.3549 ], [ 76.9376, 12.3838 ], [ 76.9493, 12.392 ], [ 76.9321, 12.4074 ], [ 76.9221, 12.4417 ], [ 76.9386, 12.4509 ] ] ] } },
{ "type": "Feature", "properties": { "area_id": "KGIS-H-220705", "name_en": "Kirugavalu Hobali Aiai", "name_kn": "", "level": "panchayat", "parent_id": "KGIS-T-2207", "district_en": "Mandya", "lgd_code": null }, "geometry": { "type": "MultiPolygon", "coordinates": [ [ [ [ 77.0331, 12.3487 ], [ 77.0304, 12.3274 ], [ 77.0293, 12.3274 ], [ 77.0213, 12.3345 ], [ 77.0331, 12.3487 ] ] ], [ [ [ 77.036, 12.4437 ], [ 77.0403, 12.4158 ], [ 77.0469, 12.4146 ], [ 77.0398, 12.3757 ], [ 77.0195, 12.3708 ], [ 77.0171, 12.3768 ], [ 76.9981, 12.3761 ], [ 76.9873, 12.3938 ], [ 76.9642, 12.4005 ], [ 76.9678, 12.4183 ], [ 76.9861, 12.4214 ], [ 76.9843, 12.4381 ], [ 77.036, 12.4437 ] ] ] ] } },
{ "type": "Feature", "properties": { "area_id": "KGIS-H-220706", "name_en": "Kirugavalu Hobali Aiaiai", "name_kn": "", "level": "panchayat", "parent_id": "KGIS-T-2207", "district_en": "Mandya", "lgd_code": null }, "geometry": { "type": "MultiPolygon", "coordinates": [ [ [ [ 77.0049, 12.3755 ], [ 77.0192, 12.3709 ], [ 77.0491, 12.3733 ], [ 77.0531, 12.3668 ], [ 77.0481, 12.3501 ], [ 77.0239, 12.3422 ], [ 77.0282, 12.3253 ], [ 77.0129, 12.3154 ], [ 77.0123, 12.2865 ], [ 77.0238, 12.2757 ], [ 77.0187, 12.2694 ], [ 77.0071, 12.2856 ], [ 77.0013, 12.276 ], [ 76.9909, 12.2772 ], [ 76.9895, 12.2876 ], [ 76.9713, 12.2907 ], [ 76.9773, 12.3076 ], [ 76.9929, 12.3018 ], [ 76.9975, 12.3136 ], [ 76.9873, 12.3198 ], [ 76.987, 12.3333 ], [ 76.9765, 12.328 ], [ 76.9766, 12.3546 ], [ 76.9579, 12.3557 ], [ 76.9655, 12.3659 ], [ 77.0038, 12.3622 ], [ 77.0049, 12.3755 ] ] ], [ [ [ 76.9238, 12.3534 ], [ 76.9565, 12.3529 ], [ 76.9599, 12.3286 ], [ 76.9223, 12.3224 ], [ 76.9316, 12.338 ], [ 76.9238, 12.3534 ] ] ], [ [ [ 76.8989, 12.3744 ], [ 76.9229, 12.3824 ], [ 76.9199, 12.3599 ], [ 76.8982, 12.3568 ], [ 76.8989, 12.3744 ] ] ], [ [ [ 76.941, 12.401 ], [ 76.9489, 12.3871 ], [ 76.9377, 12.3836 ], [ 76.9366, 12.3961 ], [ 76.941, 12.401 ] ] ] ] } },
{ "type": "Feature", "properties": { "area_id": "KGIS-H-220707", "name_en": "B G Pura Hobali Ai", "name_kn": "", "level": "panchayat", "parent_id": "KGIS-T-2207", "district_en": "Mandya", "lgd_code": null }, "geometry": { "type": "MultiPolygon", "coordinates": [ [ [ [ 76.9805, 12.2731 ], [ 76.9842, 12.2594 ], [ 76.9722, 12.2535 ], [ 76.9689, 12.2775 ], [ 76.9805, 12.2731 ] ] ], [ [ [ 77.0475, 12.3275 ], [ 77.0564, 12.3155 ], [ 77.0558, 12.2704 ], [ 77.0694, 12.27 ], [ 77.0699, 12.2868 ], [ 77.0849, 12.3068 ], [ 77.0882, 12.2831 ], [ 77.0806, 12.2788 ], [ 77.0802, 12.2464 ], [ 77.0961, 12.2493 ], [ 77.107, 12.2412 ], [ 77.1053, 12.2197 ], [ 77.0771, 12.2195 ], [ 77.0779, 12.2362 ], [ 77.0352, 12.2319 ], [ 76.9962, 12.2398 ], [ 76.9893, 12.2763 ], [ 77.0013, 12.276 ], [ 77.0071, 12.2856 ], [ 77.0187, 12.2694 ], [ 77.0238, 12.2757 ], [ 77.0123, 12.2865 ], [ 77.0129, 12.3154 ], [ 77.0288, 12.3277 ], [ 77.0475, 12.3275 ] ] ] ] } },
{ "type": "Feature", "properties": { "area_id": "KGIS-H-220708", "name_en": "B G Pura Hobali Aiai", "name_kn": "", "level": "panchayat", "parent_id": "KGIS-T-2207", "district_en": "Mandya", "lgd_code": null }, "geometry": { "type": "Polygon", "coordinates": [ [ [ 77.1343, 12.3757 ], [ 77.1408, 12.3517 ], [ 77.1464, 12.3723 ], [ 77.1866, 12.3459 ], [ 77.1824, 12.3331 ], [ 77.2012, 12.3077 ], [ 77.1664, 12.31 ], [ 77.167, 12.2555 ], [ 77.1163, 12.2409 ], [ 77.0961, 12.2493 ], [ 77.0818, 12.2455 ], [ 77.0849, 12.3068 ], [ 77.0699, 12.2868 ], [ 77.0694, 12.27 ], [ 77.0558, 12.2704 ], [ 77.0505, 12.3323 ], [ 77.0636, 12.3423 ], [ 77.1032, 12.3462 ], [ 77.1048, 12.3601 ], [ 77.1232, 12.361 ], [ 77.1204, 12.3721 ], [ 77.1343, 12.3757 ] ] ] } },
{ "type": "Feature", "properties": { "area_id": "KGIS-H-220709", "name_en": "Halaguru Hobali", "name_kn": "", "level": "panchayat", "parent_id": "KGIS-T-2207", "district_en": "Mandya", "lgd_code": null }, "geometry": { "type": "Polygon", "coordinates": [ [ [ 77.2243, 12.5022 ], [ 77.2387, 12.4997 ], [ 77.2387, 12.4885 ], [ 77.2261, 12.4894 ], [ 77.2254, 12.4747 ], [ 77.23, 12.4842 ], [ 77.2334, 12.4841 ], [ 77.2363, 12.4709 ], [ 77.2694, 12.4648 ], [ 77.2751, 12.4372 ], [ 77.2697, 12.4342 ], [ 77.2852, 12.4288 ], [ 77.285, 12.3939 ], [ 77.3122, 12.3923 ], [ 77.3324, 12.3537 ], [ 77.325, 12.306 ], [ 77.3119, 12.2986 ], [ 77.2697, 12.3125 ], [ 77.2389, 12.3087 ], [ 77.2313, 12.3253 ], [ 77.1956, 12.3408 ], [ 77.2056, 12.3764 ], [ 77.202, 12.3868 ], [ 77.2106, 12.3973 ], [ 77.1937, 12.4079 ], [ 77.1978, 12.4268 ], [ 77.1799, 12.4326 ], [ 77.1911, 12.4411 ], [ 77.192, 12.4638 ], [ 77.1663, 12.4793 ], [ 77.1979, 12.4834 ], [ 77.2007, 12.4915 ], [ 77.2135, 12.4849 ], [ 77.2243, 12.5022 ] ], [ [ 77.2875, 12.354 ], [ 77.2946, 12.3555 ], [ 77.2903, 12.3616 ], [ 77.2882, 12.3616 ], [ 77.2875, 12.354 ] ], [ [ 77.3004, 12.3195 ], [ 77.3044, 12.3165 ], [ 77.3012, 12.3202 ], [ 77.3004, 12.3195 ] ], [ [ 77.2923, 12.371 ], [ 77.2905, 12.3688 ], [ 77.2925, 12.3686 ], [ 77.2923, 12.371 ] ] ] } },
{ "type": "Feature", "properties": { "area_id": "KGIS-H-230111", "name_en": "Kasaba", "name_kn": "", "level": "panchayat", "parent_id": "KGIS-T-2301", "district_en": "Hassan", "lgd_code": null }, "geometry": { "type": "Polygon", "coordinates": [ [ [ 75.7996, 13.0129 ], [ 75.8137, 12.9997 ], [ 75.8357, 12.9938 ], [ 75.845, 12.981 ], [ 75.8251, 12.9562 ], [ 75.836, 12.9519 ], [ 75.8409, 12.9334 ], [ 75.8317, 12.8996 ], [ 75.8144, 12.8946 ], [ 75.8252, 12.8734 ], [ 75.8166, 12.8697 ], [ 75.8062, 12.8782 ], [ 75.7826, 12.8572 ], [ 75.7767, 12.8639 ], [ 75.7505, 12.8568 ], [ 75.7311, 12.8349 ], [ 75.712, 12.8261 ], [ 75.701, 12.8327 ], [ 75.6829, 12.828 ], [ 75.6822, 12.8412 ], [ 75.7034, 12.8482 ], [ 75.7431, 12.8884 ], [ 75.7328, 12.8931 ], [ 75.7311, 12.9073 ], [ 75.7117, 12.911 ], [ 75.7013, 12.9005 ], [ 75.6906, 12.9202 ], [ 75.6747, 12.915 ], [ 75.6775, 12.9263 ], [ 75.6911, 12.9239 ], [ 75.7009, 12.9388 ], [ 75.7282, 12.9428 ], [ 75.7432, 12.9555 ], [ 75.7479, 12.9734 ], [ 75.7582, 12.9795 ], [ 75.7701, 12.9728 ], [ 75.7996, 13.0129 ] ] ] } },
{ "type": "Feature", "properties": { "area_id": "KGIS-H-230112", "name_en": "Belagodu", "name_kn": "", "level": "panchayat", "parent_id": "KGIS-T-2301", "district_en": "Hassan", "lgd_code": null }, "geometry": { "type": "Polygon", "coordinates": [ [ [ 75.8065, 13.0403 ], [ 75.816, 13.0341 ], [ 75.845, 13.0358 ], [ 75.8501, 13.0127 ], [ 75.871, 13.0179 ], [ 75.8828, 12.983 ], [ 75.8987, 12.9757 ], [ 75.8976, 12.9631 ], [ 75.9078, 12.9549 ], [ 75.9028, 12.9289 ], [ 75.8897, 12.9115 ], [ 75.866, 12.9043 ], [ 75.8568, 12.8759 ], [ 75.8366, 12.8747 ], [ 75.837, 12.8813 ], [ 75.8237, 12.8753 ], [ 75.8156, 12.8842 ], [ 75.8165, 12.8975 ], [ 75.8317, 12.8996 ], [ 75.8374, 12.9101 ], [ 75.8403, 12.9439 ], [ 75.8251, 12.9562 ], [ 75.845, 12.981 ], [ 75.8357, 12.9938 ], [ 75.8137, 12.9997 ], [ 75.7968, 13.0148 ], [ 75.7942, 13.027 ], [ 75.8065, 13.0403 ] ] ] } },
{ "type": "Feature", "properties": { "area_id": "KGIS-H-230113", "name_en": "Hetturu", "name_kn": "", "level": "panchayat", "parent_id": "KGIS-T-2301", "district_en": "Hassan", "lgd_code": null }, "geometry": { "type": "Polygon", "coordinates": [ [ [ 75.8094, 12.8785 ], [ 75.8129, 12.8707 ], [ 75.8252, 12.8734 ], [ 75.8464, 12.8389 ], [ 75.8329, 12.8358 ], [ 75.8206, 12.8452 ], [ 75.7918, 12.8258 ], [ 75.7887, 12.8124 ], [ 75.8052, 12.8061 ], [ 75.7924, 12.7842 ], [ 75.7714, 12.7768 ], [ 75.7816, 12.7632 ], [ 75.7666, 12.7515 ], [ 75.774, 12.7407 ], [ 75.7581, 12.7322 ], [ 75.7575, 12.718 ], [ 75.7233, 12.7076 ], [ 75.7227, 12.7009 ], [ 75.7133, 12.7075 ], [ 75.6354, 12.692 ], [ 75.6292, 12.7002 ], [ 75.6552, 12.7202 ], [ 75.6607, 12.7464 ], [ 75.6385, 12.7604 ], [ 75.6259, 12.785 ], [ 75.6132, 12.7932 ], [ 75.6179, 12.8274 ], [ 75.6463, 12.8279 ], [ 75.6806, 12.8434 ], [ 75.6829, 12.828 ], [ 75.701, 12.8327 ], [ 75.708, 12.8249 ], [ 75.7311, 12.8349 ], [ 75.7505, 12.8568 ], [ 75.7767, 12.8639 ], [ 75.7826, 12.8572 ], [ 75.8094, 12.8785 ] ] ] } },
{ "type": "Feature", "properties": { "area_id": "KGIS-H-230114", "name_en": "Yasaluru", "name_kn": "", "level": "panchayat", "parent_id": "KGIS-T-2301", "district_en": "Hassan", "lgd_code": null }, "geometry": { "type": "Polygon", "coordinates": [ [ [ 75.8182, 12.8442 ], [ 75.8481, 12.838 ], [ 75.8529, 12.8216 ], [ 75.8652, 12.8152 ], [ 75.8633, 12.7954 ], [ 75.8777, 12.7763 ], [ 75.8732, 12.7697 ], [ 75.8579, 12.7702 ], [ 75.8597, 12.7573 ], [ 75.849, 12.7499 ], [ 75.8515, 12.7296 ], [ 75.8733, 12.7094 ], [ 75.8849, 12.708 ], [ 75.8881, 12.6774 ], [ 75.8349, 12.6709 ], [ 75.8075, 12.7013 ], [ 75.7605, 12.6736 ], [ 75.7462, 12.6792 ], [ 75.7313, 12.6974 ], [ 75.7223, 12.6967 ], [ 75.7233, 12.7076 ], [ 75.7575, 12.718 ], [ 75.7581, 12.7322 ], [ 75.774, 12.7407 ], [ 75.7666, 12.7515 ], [ 75.7816, 12.7632 ], [ 75.7714, 12.7768 ], [ 75.7924, 12.7842 ], [ 75.8052, 12.8061 ], [ 75.7887, 12.8124 ], [ 75.7918, 12.8258 ], [ 75.8182, 12.8442 ] ] ] } },
{ "type": "Feature", "properties": { "area_id": "KGIS-H-230115", "name_en": "Hanubalu", "name_kn": "", "level": "panchayat", "parent_id": "KGIS-T-2301", "district_en": "Hassan", "lgd_code": null }, "geometry": { "type": "Polygon", "coordinates": [ [ [ 75.6957, 13.0449 ], [ 75.6968, 13.0369 ], [ 75.7255, 13.0318 ], [ 75.7254, 13.0188 ], [ 75.7584, 12.9787 ], [ 75.7282, 12.9428 ], [ 75.7009, 12.9388 ], [ 75.6922, 12.9243 ], [ 75.6775, 12.9263 ], [ 75.6747, 12.915 ], [ 75.6906, 12.9202 ], [ 75.7013, 12.9005 ], [ 75.7117, 12.911 ], [ 75.7311, 12.9073 ], [ 75.7328, 12.8931 ], [ 75.7431, 12.8884 ], [ 75.7034, 12.8482 ], [ 75.6592, 12.8382 ], [ 75.6463, 12.8279 ], [ 75.6168, 12.8273 ], [ 75.6224, 12.8566 ], [ 75.5987, 12.8752 ], [ 75.5538, 12.8693 ], [ 75.5459, 12.9044 ], [ 75.5732, 12.9353 ], [ 75.5948, 12.9442 ], [ 75.609, 12.9806 ], [ 75.6376, 13.011 ], [ 75.6429, 13.0313 ], [ 75.6571, 13.0248 ], [ 75.6707, 13.0305 ], [ 75.674, 13.0246 ], [ 75.6957, 13.0449 ] ] ] } },
{ "type": "Feature", "properties": { "area_id": "KGIS-H-230206", "name_en": "Kasaba", "name_kn": "", "level": "panchayat", "parent_id": "KGIS-T-2302", "district_en": "Hassan", "lgd_code": null }, "geometry": { "type": "MultiPolygon", "coordinates": [ [ [ [ 75.7574, 13.1619 ], [ 75.7644, 13.1518 ], [ 75.7494, 13.1455 ], [ 75.7444, 13.1505 ], [ 75.7574, 13.1619 ] ] ], [ [ [ 75.7887, 13.1515 ], [ 75.7819, 13.1636 ], [ 75.7902, 13.1714 ], [ 75.7975, 13.1627 ], [ 75.7914, 13.1638 ], [ 75.7887, 13.1515 ] ] ], [ [ [ 75.79, 13.1492 ], [ 75.8133, 13.1624 ], [ 75.7953, 13.1826 ], [ 75.7646, 13.1786 ], [ 75.7613, 13.1672 ], [ 75.7514, 13.1745 ], [ 75.7474, 13.1595 ], [ 75.732, 13.1615 ], [ 75.7278, 13.1833 ], [ 75.7432, 13.2074 ], [ 75.7502, 13.2062 ], [ 75.7585, 13.2182 ], [ 75.7792, 13.21 ], [ 75.8056, 13.2156 ], [ 75.813, 13.2307 ], [ 75.8074, 13.2589 ], [ 75.8132, 13.2608 ], [ 75.8403, 13.2513 ], [ 75.8569, 13.2584 ], [ 75.8616, 13.2402 ], [ 75.8774, 13.2607 ], [ 75.9002, 13.2661 ], [ 75.9048, 13.2579 ], [ 75.9177, 13.2605 ], [ 75.9172, 13.2423 ], [ 75.9286, 13.2266 ], [ 75.9117, 13.2056 ], [ 75.8989, 13.2024 ], [ 75.9149, 13.191 ], [ 75.9052, 13.1589 ], [ 75.9114, 13.1464 ], [ 75.8872, 13.1023 ], [ 75.8774, 13.1036 ], [ 75.8734, 13.1196 ], [ 75.8405, 13.1261 ], [ 75.8397, 13.1406 ], [ 75.8456, 13.1427 ], [ 75.8321, 13.1602 ], [ 75.81, 13.1402 ], [ 75.7878, 13.1357 ], [ 75.776, 13.1419 ], [ 75.781, 13.1586 ], [ 75.79, 13.1492 ] ], [ [ 75.8078, 13.1808 ], [ 75.8117, 13.1911 ], [ 75.8211, 13.1913 ], [ 75.8176, 13.198 ], [ 75.7949, 13.1898 ], [ 75.8078, 13.1808 ] ] ] ] } },
{ "type": "Feature", "properties": { "area_id": "KGIS-H-230207", "name_en": "Bikkodu", "name_kn": "", "level": "panchayat", "parent_id": "KGIS-T-2302", "district_en": "Hassan", "lgd_code": null }, "geometry": { "type": "Polygon", "coordinates": [ [ [ 75.843, 13.1252 ], [ 75.8734, 13.1196 ], [ 75.8823, 13.0989 ], [ 75.8899, 13.1073 ], [ 75.9237, 13.1043 ], [ 75.9208, 13.0906 ], [ 75.9346, 13.0926 ], [ 75.9624, 13.0572 ], [ 75.948, 13.0446 ], [ 75.9403, 13.0608 ], [ 75.9164, 13.0693 ], [ 75.917, 13.0472 ], [ 75.9073, 13.043 ], [ 75.9052, 13.0298 ], [ 75.8898, 13.0257 ], [ 75.9025, 13.0149 ], [ 75.8985, 13.0033 ], [ 75.8829, 13.0144 ], [ 75.8719, 13.011 ], [ 75.865, 13.0209 ], [ 75.8501, 13.0127 ], [ 75.845, 13.0358 ], [ 75.8358, 13.0355 ], [ 75.8323, 13.0392 ], [ 75.8378, 13.0425 ], [ 75.8342, 13.062 ], [ 75.8452, 13.061 ], [ 75.8425, 13.0784 ], [ 75.8157, 13.0923 ], [ 75.8166, 13.1105 ], [ 75.8279, 13.1094 ], [ 75.843, 13.1252 ] ] ] } },
{ "type": "Feature", "properties": { "area_id": "KGIS-H-230208", "name_en": "Madeehalli", "name_kn": "", "level": "panchayat", "parent_id": "KGIS-T-2302", "district_en": "Hassan", "lgd_code": null }, "geometry": { "type": "MultiPolygon", "coordinates": [ [ [ [ 76.0613, 13.1924 ], [ 76.0832, 13.1848 ], [ 76.0978, 13.1613 ], [ 76.0633, 13.1466 ], [ 76.0447, 13.1217 ], [ 76.0255, 13.1267 ], [ 76.0206, 13.1234 ], [ 76.0173, 13.1151 ], [ 76.0266, 13.0994 ], [ 75.9938, 13.1082 ], [ 75.9801, 13.0959 ], [ 75.9907, 13.0867 ], [ 75.9889, 13.0851 ], [ 75.9749, 13.0771 ], [ 75.9716, 13.0854 ], [ 75.9626, 13.0854 ], [ 75.9656, 13.055 ], [ 75.9346, 13.0926 ], [ 75.9208, 13.0906 ], [ 75.9237, 13.1043 ], [ 75.8899, 13.1073 ], [ 75.9081, 13.1332 ], [ 75.9098, 13.181 ], [ 75.9227, 13.1799 ], [ 75.9344, 13.1902 ], [ 75.9509, 13.1655 ], [ 75.9486, 13.1569 ], [ 75.9608, 13.1523 ], [ 75.9686, 13.1354 ], [ 75.9773, 13.1359 ], [ 75.9793, 13.1813 ], [ 75.9872, 13.1854 ], [ 75.9966, 13.1759 ], [ 75.9993, 13.1536 ], [ 76.0102, 13.1658 ], [ 76.0174, 13.1616 ], [ 76.0209, 13.1404 ], [ 76.0282, 13.15 ], [ 76.021, 13.1552 ], [ 76.0223, 13.1728 ], [ 76.0339, 13.19 ], [ 76.0613, 13.1924 ] ] ], [ [ [ 76.0247, 13.1247 ], [ 76.0235, 13.1238 ], [ 76.0231, 13.1243 ], [ 76.0247, 13.1247 ] ] ] ] } },
{ "type": "Feature", "properties": { "area_id": "KGIS-H-230209", "name_en": "Halebeedu", "name_kn": "", "level": "panchayat", "parent_id": "KGIS-T-2302", "district_en": "Hassan", "lgd_code": null }, "geometry": { "type": "Polygon", "coordinates": [ [ [ 76.0863, 13.2883 ], [ 76.0908, 13.2735 ], [ 76.1098, 13.271 ], [ 76.1206, 13.2098 ], [ 76.1262, 13.2085 ], [ 76.0888, 13.1788 ], [ 76.0604, 13.1931 ], [ 76.0339, 13.19 ], [ 76.0223, 13.1728 ], [ 76.021, 13.1552 ], [ 76.0282, 13.15 ], [ 76.0209, 13.1404 ], [ 76.0196, 13.1594 ], [ 76.0102, 13.1658 ], [ 75.9993, 13.1536 ], [ 75.9966, 13.1759 ], [ 75.9872, 13.1854 ], [ 75.9793, 13.1813 ], [ 75.9773, 13.1359 ], [ 75.9686, 13.1354 ], [ 75.9608, 13.1523 ], [ 75.9486, 13.1569 ], [ 75.9509, 13.1655 ], [ 75.9344, 13.1902 ], [ 75.9227, 13.1799 ], [ 75.9115, 13.1811 ], [ 75.9149, 13.191 ], [ 75.8995, 13.1977 ], [ 75.9001, 13.2061 ], [ 75.9117, 13.2056 ], [ 75.9282, 13.2251 ], [ 75.9172, 13.2423 ], [ 75.9195, 13.2572 ], [ 75.983, 13.2667 ], [ 75.9901, 13.2599 ], [ 76.0148, 13.2616 ], [ 76.0179, 13.25 ], [ 76.0367, 13.2495 ], [ 76.0367, 13.2521 ], [ 76.0381, 13.2541 ], [ 76.0388, 13.2588 ], [ 76.039, 13.26 ], [ 76.0391, 13.26 ], [ 76.059, 13.2504 ], [ 76.055, 13.2747 ], [ 76.0863, 13.2883 ] ] ] } },
{ "type": "Feature", "properties": { "area_id": "KGIS-H-230210", "name_en": "Arehalli", "name_kn": "", "level": "panchayat", "parent_id": "KGIS-T-2302", "district_en": "Hassan", "lgd_code": null }, "geometry": { "type": "MultiPolygon", "coordinates": [ [ [ [ 75.8004, 13.1496 ], [ 75.7859, 13.1483 ], [ 75.7838, 13.1576 ], [ 75.7806, 13.1583 ], [ 75.776, 13.1419 ], [ 75.7878, 13.1357 ], [ 75.81, 13.1402 ], [ 75.8321, 13.1602 ], [ 75.8456, 13.1427 ], [ 75.8357, 13.1147 ], [ 75.8154, 13.108 ], [ 75.816, 13.0915 ], [ 75.8425, 13.0784 ], [ 75.8452, 13.061 ], [ 75.8342, 13.062 ], [ 75.835, 13.0382 ], [ 75.8168, 13.034 ], [ 75.8022, 13.0402 ], [ 75.7942, 13.027 ], [ 75.7967, 13.0041 ], [ 75.7861, 13.0011 ], [ 75.7663, 12.9707 ], [ 75.7254, 13.0188 ], [ 75.7405, 13.0298 ], [ 75.742, 13.0415 ], [ 75.7426, 13.0711 ], [ 75.7276, 13.1051 ], [ 75.739, 13.1105 ], [ 75.7361, 13.1223 ], [ 75.7519, 13.1334 ], [ 75.7516, 13.1458 ], [ 75.7653, 13.1591 ], [ 75.7562, 13.1627 ], [ 75.7403, 13.1486 ], [ 75.7344, 13.1602 ], [ 75.7498, 13.1611 ], [ 75.7514, 13.1745 ], [ 75.7613, 13.1672 ], [ 75.7646, 13.1786 ], [ 75.7953, 13.1826 ], [ 75.8133, 13.1624 ], [ 75.8004, 13.1496 ] ], [ [ 75.7905, 13.15 ], [ 75.7914, 13.1638 ], [ 75.7975, 13.1631 ], [ 75.7902, 13.1714 ], [ 75.7819, 13.1636 ], [ 75.7905, 13.15 ] ] ], [ [ [ 75.8204, 13.1954 ], [ 75.8105, 13.1807 ], [ 75.7943, 13.1862 ], [ 75.8064, 13.195 ], [ 75.8204, 13.1954 ] ] ] ] } },
{ "type": "Feature", "properties": { "area_id": "KGIS-H-230306", "name_en": "Kasaba", "name_kn": "", "level": "panchayat", "parent_id": "KGIS-T-2303", "district_en": "Hassan", "lgd_code": null }, "geometry": { "type": "MultiPolygon", "coordinates": [ [ [ [ 76.212, 13.1834 ], [ 76.2008, 13.1997 ], [ 76.2217, 13.2018 ], [ 76.2207, 13.1856 ], [ 76.212, 13.1834 ] ] ], [ [ [ 76.3085, 13.3714 ], [ 76.3223, 13.3737 ], [ 76.3466, 13.3602 ], [ 76.3524, 13.3309 ], [ 76.3471, 13.2975 ], [ 76.3572, 13.2868 ], [ 76.3584, 13.2618 ], [ 76.3522, 13.2301 ], [ 76.3419, 13.2288 ], [ 76.3397, 13.2084 ], [ 76.3036, 13.1975 ], [ 76.3007, 13.2146 ], [ 76.2715, 13.2234 ], [ 76.2605, 13.2038 ], [ 76.2363, 13.1918 ], [ 76.2273, 13.2025 ], [ 76.1975, 13.2156 ], [ 76.1929, 13.2391 ], [ 76.2033, 13.24 ], [ 76.2053, 13.2646 ], [ 76.1927, 13.2876 ], [ 76.1943, 13.3395 ], [ 76.2091, 13.3517 ], [ 76.2343, 13.3533 ], [ 76.2384, 13.3626 ], [ 76.2485, 13.3479 ], [ 76.2608, 13.3489 ], [ 76.2675, 13.3349 ], [ 76.2769, 13.3423 ], [ 76.278, 13.3282 ], [ 76.2922, 13.3308 ], [ 76.2867, 13.3494 ], [ 76.3003, 13.3805 ], [ 76.3085, 13.3714 ] ] ] ] } },
{ "type": "Feature", "properties": { "area_id": "KGIS-H-230307", "name_en": "Javagal", "name_kn": "", "level": "panchayat", "parent_id": "KGIS-T-2303", "district_en": "Hassan", "lgd_code": null }, "geometry": { "type": "Polygon", "coordinates": [ [ [ 76.0887, 13.3919 ], [ 76.1417, 13.3854 ], [ 76.1406, 13.3571 ], [ 76.1551, 13.3304 ], [ 76.1472, 13.3296 ], [ 76.1583, 13.3224 ], [ 76.1614, 13.3048 ], [ 76.1913, 13.3086 ], [ 76.1936, 13.2836 ], [ 76.2053, 13.2646 ], [ 76.2033, 13.24 ], [ 76.1929, 13.2391 ], [ 76.1976, 13.2156 ], [ 76.167, 13.2183 ], [ 76.2078, 13.1506 ], [ 76.1982, 13.1546 ], [ 76.1835, 13.1834 ], [ 76.1684, 13.1903 ], [ 76.1437, 13.172 ], [ 76.1347, 13.192 ], [ 76.1517, 13.1965 ], [ 76.1503, 13.2093 ], [ 76.1451, 13.2158 ], [ 76.1206, 13.2098 ], [ 76.1098, 13.271 ], [ 76.0908, 13.2735 ], [ 76.0863, 13.2883 ], [ 76.055, 13.2747 ], [ 76.059, 13.2504 ], [ 76.039, 13.26 ], [ 76.0431, 13.2756 ], [ 76.029, 13.3455 ], [ 76.0404, 13.372 ], [ 76.0561, 13.3816 ], [ 76.0891, 13.3717 ], [ 76.0887, 13.3919 ] ] ] } },
{ "type": "Feature", "properties": { "area_id": "KGIS-H-230308", "name_en": "Kanakatte", "name_kn": "", "level": "panchayat", "parent_id": "KGIS-T-2303", "district_en": "Hassan", "lgd_code": null }, "geometry": { "type": "Polygon", "coordinates": [ [ [ 76.3665, 13.5482 ], [ 76.3953, 13.536 ], [ 76.4004, 13.5264 ], [ 76.4247, 13.5239 ], [ 76.4154, 13.5091 ], [ 76.3975, 13.5055 ], [ 76.3968, 13.495 ], [ 76.4153, 13.4812 ], [ 76.4077, 13.4595 ], [ 76.4195, 13.4496 ], [ 76.3897, 13.3945 ], [ 76.3935, 13.3788 ], [ 76.3829, 13.364 ], [ 76.3466, 13.3602 ], [ 76.3415, 13.368 ], [ 76.3085, 13.3714 ], [ 76.3003, 13.3805 ], [ 76.2867, 13.3494 ], [ 76.2922, 13.3308 ], [ 76.278, 13.3282 ], [ 76.2769, 13.3423 ], [ 76.2675, 13.3349 ], [ 76.2622, 13.3473 ], [ 76.2708, 13.3496 ], [ 76.2808, 13.3871 ], [ 76.27, 13.4054 ], [ 76.2752, 13.4354 ], [ 76.2666, 13.4424 ], [ 76.2509, 13.4332 ], [ 76.2417, 13.443 ], [ 76.2315, 13.4684 ], [ 76.2295, 13.4847 ], [ 76.2381, 13.4954 ], [ 76.2336, 13.507 ], [ 76.261, 13.5116 ], [ 76.2623, 13.5053 ], [ 76.2925, 13.5047 ], [ 76.2937, 13.5272 ], [ 76.312, 13.5254 ], [ 76.311, 13.5293 ], [ 76.3159, 13.5319 ], [ 76.3166, 13.5391 ], [ 76.3176, 13.5392 ], [ 76.3451, 13.5137 ], [ 76.3491, 13.5254 ], [ 76.3625, 13.5304 ], [ 76.3665, 13.5482 ] ] ] } },
{ "type": "Feature", "properties": { "area_id": "KGIS-H-230309", "name_en": "Gandasi", "name_kn": "", "level": "panchayat", "parent_id": "KGIS-T-2303", "district_en": "Hassan", "lgd_code": null }, "geometry": { "type": "MultiPolygon", "coordinates": [ [ [ [ 76.1671, 13.1902 ], [ 76.1835, 13.1834 ], [ 76.199, 13.1551 ], [ 76.1896, 13.1507 ], [ 76.1905, 13.1349 ], [ 76.1681, 13.133 ], [ 76.1727, 13.1547 ], [ 76.157, 13.164 ], [ 76.1543, 13.1792 ], [ 76.1671, 13.1902 ] ] ], [ [ [ 76.3617, 13.2481 ], [ 76.3643, 13.2348 ], [ 76.38, 13.2323 ], [ 76.37, 13.2001 ], [ 76.3939, 13.1974 ], [ 76.3937, 13.1889 ], [ 76.4133, 13.1912 ], [ 76.4288, 13.1722 ], [ 76.4071, 13.1521 ], [ 76.381, 13.15 ], [ 76.369, 13.1206 ], [ 76.3584, 13.1168 ], [ 76.361, 13.0934 ], [ 76.3392, 13.0854 ], [ 76.3181, 13.0916 ], [ 76.2964, 13.0789 ], [ 76.283, 13.1042 ], [ 76.2689, 13.1085 ], [ 76.2674, 13.1244 ], [ 76.2166, 13.1348 ], [ 76.167, 13.2183 ], [ 76.202, 13.2143 ], [ 76.2459, 13.1918 ], [ 76.2775, 13.223 ], [ 76.3007, 13.2146 ], [ 76.3036, 13.1975 ], [ 76.3397, 13.2084 ], [ 76.3419, 13.2288 ], [ 76.3522, 13.2301 ], [ 76.3512, 13.2467 ], [ 76.3617, 13.2481 ] ], [ [ 76.2217, 13.2018 ], [ 76.2008, 13.1997 ], [ 76.2002, 13.1928 ], [ 76.2207, 13.1856 ], [ 76.2217, 13.2018 ] ] ] ] } },
{ "type": "Feature", "properties": { "area_id": "KGIS-H-230310", "name_en": "Banavara", "name_kn": "", "level": "panchayat", "parent_id": "KGIS-T-2303", "district_en": "Hassan", "lgd_code": null }, "geometry": { "type": "Polygon", "coordinates": [ [ [ 76.1981, 13.4693 ], [ 76.2331, 13.4677 ], [ 76.2509, 13.4332 ], [ 76.2666, 13.4424 ], [ 76.2752, 13.4354 ], [ 76.27, 13.4054 ], [ 76.2807, 13.3879 ], [ 76.276, 13.3654 ], [ 76.2708, 13.3496 ], [ 76.2622, 13.3473 ], [ 76.2485, 13.3479 ], [ 76.2384, 13.3626 ], [ 76.2343, 13.3533 ], [ 76.2091, 13.3517 ], [ 76.1943, 13.3395 ], [ 76.1915, 13.3086 ], [ 76.1628, 13.3044 ], [ 76.1583, 13.3224 ], [ 76.1472, 13.3296 ], [ 76.1551, 13.3304 ], [ 76.1406, 13.3571 ], [ 76.1417, 13.3854 ], [ 76.1031, 13.3867 ], [ 76.102, 13.3932 ], [ 76.1394, 13.4066 ], [ 76.1362, 13.4441 ], [ 76.162, 13.4696 ], [ 76.194, 13.4688 ], [ 76.1871, 13.4524 ], [ 76.1938, 13.4502 ], [ 76.1997, 13.4513 ], [ 76.1981, 13.4693 ] ] ] } },
{ "type": "Feature", "properties": { "area_id": "KGIS-H-230401", "name_en": "Kasaba", "name_kn": "", "level": "panchayat", "parent_id": "KGIS-T-2304", "district_en": "Hassan", "lgd_code": null }, "geometry": { "type": "MultiPolygon", "coordinates": [ [ [ [ 76.1095, 13.0759 ], [ 76.1281, 13.0518 ], [ 76.1508, 13.059 ], [ 76.1482, 13.0419 ], [ 76.1567, 13.045 ], [ 76.16, 13.0271 ], [ 76.1741, 13.0322 ], [ 76.1772, 13.0172 ], [ 76.1715, 13.0156 ], [ 76.166, 12.9929 ], [ 76.1192, 12.988 ], [ 76.1278, 12.9565 ], [ 76.12, 12.9561 ], [ 76.1166, 12.9705 ], [ 76.1071, 12.9614 ], [ 76.1152, 12.9356 ], [ 76.1074, 12.912 ], [ 76.0917, 12.9139 ], [ 76.0967, 12.9199 ], [ 76.0872, 12.9225 ], [ 76.0908, 12.9236 ], [ 76.0921, 12.9312 ], [ 76.0834, 12.9287 ], [ 76.0826, 12.9477 ], [ 76.0543, 12.9533 ], [ 76.0585, 12.9658 ], [ 76.0501, 12.9674 ], [ 76.0512, 12.9756 ], [ 76.0384, 12.9783 ], [ 76.0264, 12.9706 ], [ 76.039, 12.9944 ], [ 76.0378, 13.0151 ], [ 76.0242, 13.014 ], [ 76.0191, 13.0361 ], [ 76.0064, 13.0296 ], [ 75.9979, 13.0387 ], [ 76.0105, 13.0428 ], [ 76.0101, 13.0572 ], [ 76.019, 13.0561 ], [ 76.02, 13.0476 ], [ 76.0351, 13.051 ], [ 76.0456, 13.0692 ], [ 76.0665, 13.0429 ], [ 76.0766, 13.0467 ], [ 76.0782, 13.058 ], [ 76.0879, 13.0578 ], [ 76.0899, 13.0676 ], [ 76.0979, 13.0588 ], [ 76.0979, 13.074 ], [ 76.1095, 13.0759 ] ] ], [ [ [ 76.1697, 12.9998 ], [ 76.1678, 12.9968 ], [ 76.1689, 12.9999 ], [ 76.1697, 12.9998 ] ] ] ] } },
{ "type": "Feature", "properties": { "area_id": "KGIS-H-230402", "name_en": "Salagame", "name_kn": "", "level": "panchayat", "parent_id": "KGIS-T-2304", "district_en": "Hassan", "lgd_code": null }, "geometry": { "type": "Polygon", "coordinates": [ [ [ 76.1451, 13.2158 ], [ 76.1517, 13.1965 ], [ 76.1347, 13.192 ], [ 76.1473, 13.165 ], [ 76.1686, 13.1585 ], [ 76.153, 13.1493 ], [ 76.1471, 13.1631 ], [ 76.1437, 13.1427 ], [ 76.1324, 13.1429 ], [ 76.1275, 13.1179 ], [ 76.1167, 13.1149 ], [ 76.1192, 13.0847 ], [ 76.0979, 13.074 ], [ 76.0979, 13.0588 ], [ 76.0899, 13.0676 ], [ 76.0879, 13.0578 ], [ 76.0782, 13.058 ], [ 76.0766, 13.0467 ], [ 76.0665, 13.0429 ], [ 76.0456, 13.0692 ], [ 76.0351, 13.051 ], [ 76.02, 13.0476 ], [ 76.019, 13.0561 ], [ 76.0101, 13.0572 ], [ 76.0105, 13.0428 ], [ 75.9824, 13.0319 ], [ 75.965, 13.0549 ], [ 75.9689, 13.0718 ], [ 75.9626, 13.0854 ], [ 75.9716, 13.0854 ], [ 75.9749, 13.0771 ], [ 75.9889, 13.0851 ], [ 75.9801, 13.0959 ], [ 75.9938, 13.1082 ], [ 76.0266, 13.0994 ], [ 76.019, 13.1216 ], [ 76.0255, 13.1267 ], [ 76.0447, 13.1217 ], [ 76.0633, 13.1466 ], [ 76.0978, 13.1613 ], [ 76.0888, 13.1788 ], [ 76.1196, 13.2074 ], [ 76.1451, 13.2158 ] ], [ [ 76.0246, 13.1237 ], [ 76.0231, 13.1243 ], [ 76.0231, 13.1241 ], [ 76.0246, 13.1237 ] ] ] } },
{ "type": "Feature", "properties": { "area_id": "KGIS-H-230403", "name_en": "Dudda", "name_kn": "", "level": "panchayat", "parent_id": "KGIS-T-2304", "district_en": "Hassan", "lgd_code": null }, "geometry": { "type": "MultiPolygon", "coordinates": [ [ [ [ 76.1475, 13.1593 ], [ 76.153, 13.1493 ], [ 76.1727, 13.1547 ], [ 76.1681, 13.133 ], [ 76.1905, 13.1349 ], [ 76.1896, 13.1507 ], [ 76.1982, 13.1546 ], [ 76.2091, 13.1516 ], [ 76.2166, 13.1348 ], [ 76.2674, 13.1244 ], [ 76.2689, 13.1085 ], [ 76.283, 13.1042 ], [ 76.2966, 13.0755 ], [ 76.2949, 13.0562 ], [ 76.2841, 13.053 ], [ 76.2757, 13.0193 ], [ 76.2581, 13.0212 ], [ 76.2548, 13.0101 ], [ 76.2362, 13.0104 ], [ 76.2324, 12.9931 ], [ 76.2229, 13.0083 ], [ 76.1861, 13.0013 ], [ 76.1722, 13.0079 ], [ 76.1741, 13.0322 ], [ 76.16, 13.0271 ], [ 76.1567, 13.045 ], [ 76.1482, 13.0419 ], [ 76.1508, 13.059 ], [ 76.1281, 13.0518 ], [ 76.1117, 13.0645 ], [ 76.1088, 13.0771 ], [ 76.1192, 13.0847 ], [ 76.117, 13.1157 ], [ 76.1275, 13.1179 ], [ 76.1321, 13.1423 ], [ 76.1437, 13.1427 ], [ 76.1475, 13.1593 ] ] ], [ [ [ 76.1572, 13.1712 ], [ 76.1473, 13.165 ], [ 76.1523, 13.1788 ], [ 76.1572, 13.1712 ] ] ] ] } },
{ "type": "Feature", "properties": { "area_id": "KGIS-H-230404", "name_en": "Shantigrama", "name_kn": "", "level": "panchayat", "parent_id": "KGIS-T-2304", "district_en": "Hassan", "lgd_code": null }, "geometry": { "type": "Polygon", "coordinates": [ [ [ 76.2581, 13.0212 ], [ 76.2757, 13.0194 ], [ 76.285, 13.0035 ], [ 76.287, 12.9885 ], [ 76.2726, 12.9904 ], [ 76.2721, 12.9716 ], [ 76.2741, 12.9545 ], [ 76.295, 12.949 ], [ 76.2936, 12.9146 ], [ 76.2661, 12.9102 ], [ 76.263, 12.9178 ], [ 76.2796, 12.9133 ], [ 76.2812, 12.9188 ], [ 76.2612, 12.9277 ], [ 76.2601, 12.9385 ], [ 76.2587, 12.9305 ], [ 76.2451, 12.9251 ], [ 76.2375, 12.9416 ], [ 76.2251, 12.9429 ], [ 76.2122, 12.9156 ], [ 76.2133, 12.8543 ], [ 76.2057, 12.8664 ], [ 76.189, 12.8668 ], [ 76.1835, 12.8765 ], [ 76.1428, 12.8621 ], [ 76.1269, 12.8648 ], [ 76.124, 12.8964 ], [ 76.1383, 12.917 ], [ 76.1092, 12.9394 ], [ 76.1054, 12.9583 ], [ 76.1166, 12.9705 ], [ 76.12, 12.9561 ], [ 76.1278, 12.9565 ], [ 76.1192, 12.988 ], [ 76.166, 12.9929 ], [ 76.1669, 12.9999 ], [ 76.1722, 13.0079 ], [ 76.1861, 13.0013 ], [ 76.2229, 13.0083 ], [ 76.2324, 12.9931 ], [ 76.2362, 13.0104 ], [ 76.2548, 13.0101 ], [ 76.2581, 13.0212 ] ], [ [ 76.168, 12.9992 ], [ 76.1698, 12.9974 ], [ 76.1697, 12.9998 ], [ 76.168, 12.9992 ] ] ] } },
{ "type": "Feature", "properties": { "area_id": "KGIS-H-230405", "name_en": "Kattaya", "name_kn": "", "level": "panchayat", "parent_id": "KGIS-T-2304", "district_en": "Hassan", "lgd_code": null }, "geometry": { "type": "MultiPolygon", "coordinates": [ [ [ [ 76.045, 12.961 ], [ 76.0826, 12.9477 ], [ 76.0834, 12.9287 ], [ 76.0921, 12.9312 ], [ 76.0872, 12.9225 ], [ 76.0967, 12.9199 ], [ 76.0917, 12.9139 ], [ 76.1074, 12.912 ], [ 76.1152, 12.9356 ], [ 76.1383, 12.917 ], [ 76.1249, 12.8992 ], [ 76.1293, 12.8907 ], [ 76.123, 12.8733 ], [ 76.1269, 12.8648 ], [ 76.1458, 12.8646 ], [ 76.1473, 12.8406 ], [ 76.1546, 12.8342 ], [ 76.1502, 12.8179 ], [ 76.1178, 12.817 ], [ 76.1078, 12.8258 ], [ 76.1013, 12.8158 ], [ 76.0592, 12.8183 ], [ 76.0467, 12.8266 ], [ 76.0491, 12.8513 ], [ 76.0247, 12.8506 ], [ 76.0264, 12.8646 ], [ 76.0091, 12.8692 ], [ 75.9991, 12.8832 ], [ 75.9965, 12.8902 ], [ 76.0046, 12.893 ], [ 75.998, 12.8972 ], [ 76.0113, 12.9073 ], [ 76.0185, 12.8981 ], [ 76.0225, 12.9307 ], [ 76.0324, 12.9257 ], [ 76.0396, 12.9317 ], [ 76.0389, 12.9464 ], [ 76.045, 12.961 ] ] ], [ [ [ 76.0384, 12.9783 ], [ 76.0479, 12.9686 ], [ 76.0326, 12.9714 ], [ 76.0384, 12.9783 ] ] ] ] } },
{ "type": "Feature", "properties": { "area_id": "KGIS-H-230516", "name_en": "Kasaba", "name_kn": "", "level": "panchayat", "parent_id": "KGIS-T-2305", "district_en": "Hassan", "lgd_code": null }, "geometry": { "type": "Polygon", "coordinates": [ [ [ 76.0005, 13.0322 ], [ 76.0191, 13.0361 ], [ 76.0242, 13.014 ], [ 76.0378, 13.0151 ], [ 76.039, 12.9944 ], [ 76.0264, 12.9706 ], [ 76.0584, 12.9643 ], [ 76.045, 12.961 ], [ 76.0386, 12.945 ], [ 76.0161, 12.95 ], [ 75.9786, 12.9308 ], [ 75.9495, 12.9555 ], [ 75.9495, 12.9878 ], [ 75.9642, 12.9886 ], [ 75.9549, 13.0202 ], [ 75.9725, 13.0176 ], [ 75.9944, 13.0389 ], [ 76.0005, 13.0322 ] ], [ [ 76.0006, 13.0035 ], [ 75.9855, 13.0113 ], [ 75.9894, 13.0007 ], [ 76.0006, 13.0035 ] ] ] } },
{ "type": "Feature", "properties": { "area_id": "KGIS-H-230517", "name_en": "Palya", "name_kn": "", "level": "panchayat", "parent_id": "KGIS-T-2305", "district_en": "Hassan", "lgd_code": null }, "geometry": { "type": "MultiPolygon", "coordinates": [ [ [ [ 75.9411, 12.8785 ], [ 75.9539, 12.8747 ], [ 75.948, 12.865 ], [ 75.9387, 12.8712 ], [ 75.9411, 12.8785 ] ] ], [ [ [ 75.9197, 13.0674 ], [ 75.9403, 13.0608 ], [ 75.948, 13.0446 ], [ 75.9624, 13.0572 ], [ 75.9824, 13.0319 ], [ 75.9725, 13.0176 ], [ 75.955, 13.0206 ], [ 75.9539, 13.0154 ], [ 75.9642, 12.9886 ], [ 75.9495, 12.9878 ], [ 75.9495, 12.9555 ], [ 75.9656, 12.9479 ], [ 75.9704, 12.9391 ], [ 75.9641, 12.9224 ], [ 75.9809, 12.9096 ], [ 75.9518, 12.8907 ], [ 75.9528, 12.8781 ], [ 75.9465, 12.8861 ], [ 75.9289, 12.8799 ], [ 75.9303, 12.8917 ], [ 75.9171, 12.8974 ], [ 75.9317, 12.906 ], [ 75.9309, 12.9283 ], [ 75.9031, 12.9272 ], [ 75.9078, 12.9549 ], [ 75.8976, 12.9631 ], [ 75.8987, 12.9757 ], [ 75.8828, 12.983 ], [ 75.8774, 12.995 ], [ 75.8814, 13.0144 ], [ 75.8921, 13.0035 ], [ 75.9005, 13.0054 ], [ 75.9025, 13.0149 ], [ 75.8898, 13.0257 ], [ 75.9052, 13.0298 ], [ 75.9197, 13.0674 ] ] ], [ [ [ 75.9855, 13.0113 ], [ 76.0006, 13.0035 ], [ 75.9894, 13.0007 ], [ 75.9855, 13.0113 ] ] ] ] } },
{ "type": "Feature", "properties": { "area_id": "KGIS-H-230518", "name_en": "Kunduru", "name_kn": "", "level": "panchayat", "parent_id": "KGIS-T-2305", "district_en": "Hassan", "lgd_code": null }, "geometry": { "type": "Polygon", "coordinates": [ [ [ 76.0221, 12.9491 ], [ 76.0425, 12.9436 ], [ 76.0401, 12.9322 ], [ 76.0324, 12.9257 ], [ 76.0225, 12.9307 ], [ 76.0185, 12.8981 ], [ 76.0113, 12.9073 ], [ 75.998, 12.8972 ], [ 76.0037, 12.8908 ], [ 75.9965, 12.8902 ], [ 76.0091, 12.8692 ], [ 76.0264, 12.8646 ], [ 76.0247, 12.8506 ], [ 76.0491, 12.8513 ], [ 76.049, 12.8198 ], [ 76.0194, 12.805 ], [ 75.9762, 12.8035 ], [ 75.9774, 12.8159 ], [ 75.9908, 12.8238 ], [ 75.951, 12.8546 ], [ 75.9496, 12.8878 ], [ 75.9809, 12.9096 ], [ 75.9641, 12.9224 ], [ 75.9709, 12.9399 ], [ 75.987, 12.9314 ], [ 76.0221, 12.9491 ] ] ] } },
{ "type": "Feature", "properties": { "area_id": "KGIS-H-230519", "name_en": "K Hosakote", "name_kn": "", "level": "panchayat", "parent_id": "KGIS-T-2305", "district_en": "Hassan", "lgd_code": null }, "geometry": { "type": "Polygon", "coordinates": [ [ [ 75.9237, 12.9305 ], [ 75.934, 12.917 ], [ 75.9317, 12.906 ], [ 75.9171, 12.8974 ], [ 75.9303, 12.8917 ], [ 75.9289, 12.8799 ], [ 75.9467, 12.8859 ], [ 75.9528, 12.8781 ], [ 75.9402, 12.8785 ], [ 75.9415, 12.8666 ], [ 75.9908, 12.8238 ], [ 75.9774, 12.8159 ], [ 75.9758, 12.8027 ], [ 75.9493, 12.8002 ], [ 75.9471, 12.808 ], [ 75.9254, 12.8114 ], [ 75.9282, 12.8214 ], [ 75.9199, 12.8281 ], [ 75.9092, 12.8164 ], [ 75.8994, 12.8284 ], [ 75.8808, 12.834 ], [ 75.8744, 12.8228 ], [ 75.8543, 12.8202 ], [ 75.8538, 12.8325 ], [ 75.8378, 12.8554 ], [ 75.8313, 12.8543 ], [ 75.8238, 12.8783 ], [ 75.8568, 12.8759 ], [ 75.8727, 12.9112 ], [ 75.8897, 12.9115 ], [ 75.9028, 12.9289 ], [ 75.9237, 12.9305 ] ] ] } },
{ "type": "Feature", "properties": { "area_id": "KGIS-H-230601", "name_en": "Kasaba", "name_kn": "", "level": "panchayat", "parent_id": "KGIS-T-2306", "district_en": "Hassan", "lgd_code": null }, "geometry": { "type": "Polygon", "coordinates": [ [ [ 76.1576, 12.8261 ], [ 76.172, 12.7977 ], [ 76.1612, 12.7747 ], [ 76.1702, 12.7643 ], [ 76.1513, 12.7596 ], [ 76.1546, 12.7479 ], [ 76.1418, 12.7487 ], [ 76.1388, 12.7395 ], [ 76.1143, 12.7471 ], [ 76.1113, 12.7595 ], [ 76.0764, 12.7602 ], [ 76.075, 12.7523 ], [ 76.0919, 12.7449 ], [ 76.0911, 12.7197 ], [ 76.0644, 12.7202 ], [ 76.059, 12.7176 ], [ 76.06, 12.7094 ], [ 76.0558, 12.7073 ], [ 76.0204, 12.716 ], [ 76.0186, 12.7593 ], [ 75.9947, 12.7417 ], [ 75.9918, 12.7582 ], [ 76.0056, 12.7662 ], [ 76.0059, 12.786 ], [ 76.024, 12.7799 ], [ 76.0277, 12.7869 ], [ 76.0183, 12.8043 ], [ 76.0495, 12.8245 ], [ 76.0962, 12.8152 ], [ 76.1078, 12.8258 ], [ 76.1217, 12.8165 ], [ 76.1484, 12.8174 ], [ 76.1576, 12.8261 ] ], [ [ 76.0565, 12.7089 ], [ 76.0568, 12.7083 ], [ 76.0569, 12.709 ], [ 76.0565, 12.7089 ] ] ] } },
{ "type": "Feature", "properties": { "area_id": "KGIS-H-230602", "name_en": "Mallipattana", "name_kn": "", "level": "panchayat", "parent_id": "KGIS-T-2306", "district_en": "Hassan", "lgd_code": null }, "geometry": { "type": "Polygon", "coordinates": [ [ [ 75.9675, 12.8037 ], [ 76.0194, 12.805 ], [ 76.0277, 12.7869 ], [ 76.0224, 12.7798 ], [ 76.0059, 12.786 ], [ 76.0056, 12.7662 ], [ 75.9929, 12.7612 ], [ 75.9918, 12.7511 ], [ 75.9961, 12.7412 ], [ 76.019, 12.7588 ], [ 76.0204, 12.716 ], [ 76.0379, 12.7094 ], [ 76.0313, 12.7015 ], [ 76.0324, 12.6738 ], [ 76.0117, 12.6659 ], [ 75.9995, 12.6765 ], [ 75.9971, 12.6575 ], [ 75.9808, 12.6684 ], [ 75.959, 12.6565 ], [ 75.9586, 12.6678 ], [ 75.9695, 12.6745 ], [ 75.9561, 12.6798 ], [ 75.9661, 12.7098 ], [ 75.9432, 12.7187 ], [ 75.9328, 12.7637 ], [ 75.9529, 12.768 ], [ 75.9582, 12.7822 ], [ 75.971, 12.7827 ], [ 75.9675, 12.8037 ] ] ] } },
{ "type": "Feature", "properties": { "area_id": "KGIS-H-230603", "name_en": "Doddamagge", "name_kn": "", "level": "panchayat", "parent_id": "KGIS-T-2306", "district_en": "Hassan", "lgd_code": null }, "geometry": { "type": "MultiPolygon", "coordinates": [ [ [ [ 76.1636, 12.7479 ], [ 76.1603, 12.7141 ], [ 76.1546, 12.7124 ], [ 76.1686, 12.653 ], [ 76.1592, 12.6476 ], [ 76.169, 12.6293 ], [ 76.1501, 12.622 ], [ 76.1219, 12.6371 ], [ 76.0888, 12.6387 ], [ 76.086, 12.6331 ], [ 76.0752, 12.6683 ], [ 76.0684, 12.6675 ], [ 76.0681, 12.659 ], [ 76.0633, 12.662 ], [ 76.059, 12.6519 ], [ 76.0516, 12.6491 ], [ 76.0621, 12.6804 ], [ 76.0471, 12.687 ], [ 76.039, 12.6741 ], [ 76.0286, 12.674 ], [ 76.0359, 12.7086 ], [ 76.0584, 12.7073 ], [ 76.0644, 12.7202 ], [ 76.0911, 12.7197 ], [ 76.0919, 12.7449 ], [ 76.075, 12.7523 ], [ 76.0764, 12.7602 ], [ 76.1113, 12.7595 ], [ 76.1143, 12.7471 ], [ 76.1388, 12.7395 ], [ 76.1418, 12.7487 ], [ 76.1546, 12.7479 ], [ 76.1553, 12.7615 ], [ 76.1636, 12.7479 ] ] ], [ [ [ 76.0568, 12.7083 ], [ 76.0564, 12.7087 ], [ 76.0569, 12.709 ], [ 76.0568, 12.7083 ] ] ] ] } },
{ "type": "Feature", "properties": { "area_id": "KGIS-H-230604", "name_en": "Ramanathapura", "name_kn": "", "level": "panchayat", "parent_id": "KGIS-T-2306", "district_en": "Hassan", "lgd_code": null }, "geometry": { "type": "MultiPolygon", "coordinates": [ [ [ [ 76.0668, 12.5689 ], [ 76.0637, 12.5564 ], [ 76.0478, 12.5613 ], [ 76.0468, 12.5701 ], [ 76.0668, 12.5689 ] ] ], [ [ [ 76.071, 12.6342 ], [ 76.1245, 12.6363 ], [ 76.1421, 12.6229 ], [ 76.1687, 12.6298 ], [ 76.1775, 12.6077 ], [ 76.1887, 12.6125 ], [ 76.1964, 12.5775 ], [ 76.1523, 12.5801 ], [ 76.1526, 12.5465 ], [ 76.136, 12.5378 ], [ 76.1347, 12.5296 ], [ 76.1154, 12.5292 ], [ 76.116, 12.5124 ], [ 76.1044, 12.5185 ], [ 76.1035, 12.5303 ], [ 76.0866, 12.5378 ], [ 76.0939, 12.5431 ], [ 76.0898, 12.5473 ], [ 76.0741, 12.5479 ], [ 76.0938, 12.5643 ], [ 76.0716, 12.5715 ], [ 76.0737, 12.6108 ], [ 76.0899, 12.6023 ], [ 76.0811, 12.5972 ], [ 76.1025, 12.5945 ], [ 76.1037, 12.6016 ], [ 76.0647, 12.6221 ], [ 76.071, 12.6342 ] ] ] ] } },
{ "type": "Feature", "properties": { "area_id": "KGIS-H-230605", "name_en": "Konanuru", "name_kn": "", "level": "panchayat", "parent_id": "KGIS-T-2306", "district_en": "Hassan", "lgd_code": null }, "geometry": { "type": "Polygon", "coordinates": [ [ [ 76.0471, 12.6861 ], [ 76.0621, 12.6804 ], [ 76.0516, 12.6491 ], [ 76.0752, 12.6683 ], [ 76.0858, 12.634 ], [ 76.0702, 12.6337 ], [ 76.0652, 12.619 ], [ 76.1037, 12.6016 ], [ 76.1025, 12.5945 ], [ 76.0811, 12.5972 ], [ 76.0899, 12.6023 ], [ 76.0757, 12.6118 ], [ 76.0698, 12.5961 ], [ 76.0716, 12.5715 ], [ 76.0934, 12.5621 ], [ 76.0702, 12.5496 ], [ 76.0645, 12.5725 ], [ 76.023, 12.5774 ], [ 76.0143, 12.5689 ], [ 75.9936, 12.5882 ], [ 75.989, 12.5741 ], [ 75.9691, 12.5769 ], [ 75.9749, 12.5624 ], [ 75.9637, 12.5611 ], [ 75.9398, 12.6063 ], [ 75.9493, 12.621 ], [ 75.9362, 12.6298 ], [ 75.9476, 12.664 ], [ 75.94, 12.6744 ], [ 75.9662, 12.6792 ], [ 75.959, 12.6565 ], [ 75.9808, 12.6684 ], [ 75.9971, 12.6575 ], [ 75.9995, 12.6765 ], [ 76.0163, 12.6656 ], [ 76.039, 12.6741 ], [ 76.0471, 12.6861 ] ] ] } },
{ "type": "Feature", "properties": { "area_id": "KGIS-H-230717", "name_en": "Kasaba", "name_kn": "", "level": "panchayat", "parent_id": "KGIS-T-2307", "district_en": "Hassan", "lgd_code": null }, "geometry": { "type": "Polygon", "coordinates": [ [ [ 76.3435, 12.8385 ], [ 76.3634, 12.8372 ], [ 76.3703, 12.8292 ], [ 76.368, 12.8084 ], [ 76.3301, 12.8086 ], [ 76.3358, 12.7866 ], [ 76.3497, 12.7861 ], [ 76.3501, 12.7705 ], [ 76.3077, 12.7729 ], [ 76.2965, 12.7389 ], [ 76.2886, 12.7478 ], [ 76.2586, 12.7355 ], [ 76.2615, 12.7162 ], [ 76.242, 12.7164 ], [ 76.2415, 12.7248 ], [ 76.2132, 12.7204 ], [ 76.2204, 12.706 ], [ 76.2115, 12.6995 ], [ 76.2047, 12.7153 ], [ 76.1894, 12.7225 ], [ 76.1842, 12.749 ], [ 76.1573, 12.7563 ], [ 76.1702, 12.7643 ], [ 76.1617, 12.7831 ], [ 76.1714, 12.7869 ], [ 76.1721, 12.7958 ], [ 76.1546, 12.8342 ], [ 76.1834, 12.8241 ], [ 76.1848, 12.8112 ], [ 76.209, 12.8099 ], [ 76.2183, 12.7932 ], [ 76.2314, 12.8024 ], [ 76.2293, 12.7846 ], [ 76.2455, 12.7976 ], [ 76.259, 12.7968 ], [ 76.252, 12.8235 ], [ 76.2661, 12.826 ], [ 76.2665, 12.8157 ], [ 76.2784, 12.8123 ], [ 76.3172, 12.8257 ], [ 76.3252, 12.8562 ], [ 76.3435, 12.8385 ] ], [ [ 76.2025, 12.7214 ], [ 76.1973, 12.7196 ], [ 76.2073, 12.7166 ], [ 76.2025, 12.7214 ] ] ] } },
{ "type": "Feature", "properties": { "area_id": "KGIS-H-230718", "name_en": "Halekote", "name_kn": "", "level": "panchayat", "parent_id": "KGIS-T-2307", "district_en": "Hassan", "lgd_code": null }, "geometry": { "type": "Polygon", "coordinates": [ [ [ 76.2299, 12.9432 ], [ 76.2451, 12.9251 ], [ 76.2587, 12.9305 ], [ 76.2601, 12.9385 ], [ 76.2612, 12.9277 ], [ 76.2812, 12.9188 ], [ 76.2609, 12.9132 ], [ 76.2806, 12.9083 ], [ 76.28, 12.8988 ], [ 76.3066, 12.8983 ], [ 76.323, 12.8798 ], [ 76.3179, 12.8727 ], [ 76.3044, 12.8747 ], [ 76.3036, 12.8538 ], [ 76.296, 12.8464 ], [ 76.3077, 12.8237 ], [ 76.2784, 12.8123 ], [ 76.2665, 12.8157 ], [ 76.2661, 12.826 ], [ 76.252, 12.8235 ], [ 76.259, 12.7968 ], [ 76.2455, 12.7976 ], [ 76.2293, 12.7846 ], [ 76.2314, 12.8024 ], [ 76.2183, 12.7932 ], [ 76.209, 12.8099 ], [ 76.1848, 12.8112 ], [ 76.1834, 12.8241 ], [ 76.1749, 12.8231 ], [ 76.1704, 12.8333 ], [ 76.1498, 12.8355 ], [ 76.1458, 12.8646 ], [ 76.1835, 12.8765 ], [ 76.189, 12.8668 ], [ 76.2057, 12.8664 ], [ 76.2133, 12.8543 ], [ 76.2123, 12.9163 ], [ 76.2299, 12.9432 ] ] ] } },
{ "type": "Feature", "properties": { "area_id": "KGIS-H-230719", "name_en": "Hallimaisuru", "name_kn": "", "level": "panchayat", "parent_id": "KGIS-T-2307", "district_en": "Hassan", "lgd_code": null }, "geometry": { "type": "MultiPolygon", "coordinates": [ [ [ [ 76.3487, 12.771 ], [ 76.3425, 12.7625 ], [ 76.3575, 12.747 ], [ 76.3394, 12.7331 ], [ 76.3461, 12.7169 ], [ 76.3618, 12.7116 ], [ 76.3628, 12.6973 ], [ 76.3532, 12.668 ], [ 76.3226, 12.6342 ], [ 76.3272, 12.6101 ], [ 76.3063, 12.6094 ], [ 76.3089, 12.6234 ], [ 76.301, 12.6219 ], [ 76.2986, 12.6293 ], [ 76.2907, 12.6169 ], [ 76.2796, 12.617 ], [ 76.2794, 12.6334 ], [ 76.2658, 12.6286 ], [ 76.2655, 12.6191 ], [ 76.2551, 12.6206 ], [ 76.2438, 12.6377 ], [ 76.2191, 12.6442 ], [ 76.2075, 12.635 ], [ 76.2165, 12.6253 ], [ 76.2136, 12.6167 ], [ 76.206, 12.6164 ], [ 76.19, 12.5938 ], [ 76.1887, 12.6125 ], [ 76.1775, 12.6077 ], [ 76.1592, 12.6476 ], [ 76.1686, 12.653 ], [ 76.156, 12.6855 ], [ 76.1631, 12.7503 ], [ 76.1842, 12.749 ], [ 76.1905, 12.7206 ], [ 76.2177, 12.6991 ], [ 76.2132, 12.7204 ], [ 76.2415, 12.7248 ], [ 76.242, 12.7164 ], [ 76.2615, 12.7162 ], [ 76.2586, 12.7355 ], [ 76.2886, 12.7478 ], [ 76.2965, 12.7389 ], [ 76.3077, 12.7729 ], [ 76.3487, 12.771 ] ] ], [ [ [ 76.1973, 12.7196 ], [ 76.2069, 12.7179 ], [ 76.2073, 12.7166 ], [ 76.1973, 12.7196 ] ] ] ] } },
{ "type": "Feature", "properties": { "area_id": "KGIS-H-230811", "name_en": "Kasaba", "name_kn": "", "level": "panchayat", "parent_id": "KGIS-T-2308", "district_en": "Hassan", "lgd_code": null }, "geometry": { "type": "Polygon", "coordinates": [ [ [ 76.4368, 13.0041 ], [ 76.4222, 13.0023 ], [ 76.4102, 12.9688 ], [ 76.4162, 12.9568 ], [ 76.4306, 12.9835 ], [ 76.4427, 12.9788 ], [ 76.4494, 12.9543 ], [ 76.434, 12.9297 ], [ 76.4378, 12.9246 ], [ 76.4477, 12.9187 ], [ 76.4564, 12.9331 ], [ 76.4701, 12.9314 ], [ 76.4726, 12.9426 ], [ 76.4942, 12.9366 ], [ 76.4832, 12.9132 ], [ 76.4581, 12.8995 ], [ 76.4522, 12.8852 ], [ 76.4336, 12.8792 ], [ 76.4328, 12.8705 ], [ 76.4578, 12.8646 ], [ 76.4586, 12.8556 ], [ 76.4199, 12.858 ], [ 76.4153, 12.8655 ], [ 76.4067, 12.8659 ], [ 76.4073, 12.8454 ], [ 76.3858, 12.8451 ], [ 76.3778, 12.8282 ], [ 76.3417, 12.8394 ], [ 76.3403, 12.8482 ], [ 76.3517, 12.8517 ], [ 76.3493, 12.869 ], [ 76.362, 12.8637 ], [ 76.3611, 12.8739 ], [ 76.3714, 12.8747 ], [ 76.3611, 12.8914 ], [ 76.378, 12.9373 ], [ 76.3784, 12.9623 ], [ 76.3671, 12.992 ], [ 76.4082, 13.0009 ], [ 76.4189, 13.0143 ], [ 76.4378, 13.014 ], [ 76.4368, 13.0041 ] ] ] } },
{ "type": "Feature", "properties": { "area_id": "KGIS-H-230812", "name_en": "Hireesave", "name_kn": "", "level": "panchayat", "parent_id": "KGIS-T-2308", "district_en": "Hassan", "lgd_code": null }, "geometry": { "type": "Polygon", "coordinates": [ [ [ 76.5283, 13.0789 ], [ 76.6078, 13.0738 ], [ 76.6183, 13.0639 ], [ 76.6192, 13.0538 ], [ 76.6053, 13.0533 ], [ 76.6045, 13.0146 ], [ 76.632, 13.004 ], [ 76.6341, 12.9812 ], [ 76.623, 12.9666 ], [ 76.6106, 12.9662 ], [ 76.6155, 12.9367 ], [ 76.6056, 12.9388 ], [ 76.5959, 12.9209 ], [ 76.5999, 12.9054 ], [ 76.5908, 12.89 ], [ 76.596, 12.8802 ], [ 76.5837, 12.8733 ], [ 76.5792, 12.8835 ], [ 76.5876, 12.8888 ], [ 76.5796, 12.904 ], [ 76.5375, 12.8999 ], [ 76.5345, 12.8919 ], [ 76.5316, 12.8988 ], [ 76.5306, 12.9173 ], [ 76.5523, 12.9094 ], [ 76.5557, 12.9232 ], [ 76.5401, 12.9233 ], [ 76.5371, 12.9354 ], [ 76.5481, 12.9439 ], [ 76.5452, 12.971 ], [ 76.5374, 12.9775 ], [ 76.5459, 12.9801 ], [ 76.5474, 12.9948 ], [ 76.5313, 12.9939 ], [ 76.5355, 13.0212 ], [ 76.5258, 13.0282 ], [ 76.5261, 13.0464 ], [ 76.5137, 13.0374 ], [ 76.5081, 13.0415 ], [ 76.5089, 13.0633 ], [ 76.5283, 13.0789 ] ], [ [ 76.5639, 13.0467 ], [ 76.5756, 13.0422 ], [ 76.5754, 13.0576 ], [ 76.5618, 13.0611 ], [ 76.5639, 13.0467 ] ] ] } },
{ "type": "Feature", "properties": { "area_id": "KGIS-H-230813", "name_en": "Dandiganahalli", "name_kn": "", "level": "panchayat", "parent_id": "KGIS-T-2308", "district_en": "Hassan", "lgd_code": null }, "geometry": { "type": "MultiPolygon", "coordinates": [ [ [ [ 76.3157, 13.0852 ], [ 76.3376, 13.0712 ], [ 76.3457, 13.0437 ], [ 76.3278, 13.0348 ], [ 76.3366, 13.0185 ], [ 76.3473, 13.0172 ], [ 76.3537, 12.9835 ], [ 76.3396, 12.9753 ], [ 76.3472, 12.9651 ], [ 76.3744, 12.9722 ], [ 76.378, 12.9373 ], [ 76.3611, 12.8914 ], [ 76.3714, 12.8747 ], [ 76.3611, 12.8739 ], [ 76.362, 12.8637 ], [ 76.3493, 12.869 ], [ 76.3517, 12.8517 ], [ 76.3389, 12.8443 ], [ 76.3252, 12.8562 ], [ 76.3192, 12.8273 ], [ 76.3077, 12.8237 ], [ 76.296, 12.8464 ], [ 76.3036, 12.8538 ], [ 76.3044, 12.8747 ], [ 76.3179, 12.8727 ], [ 76.323, 12.8798 ], [ 76.3066, 12.8983 ], [ 76.28, 12.8988 ], [ 76.2806, 12.9083 ], [ 76.2936, 12.9146 ], [ 76.295, 12.949 ], [ 76.2741, 12.9545 ], [ 76.2726, 12.9904 ], [ 76.287, 12.9885 ], [ 76.2757, 13.0194 ], [ 76.2841, 13.053 ], [ 76.298, 13.0437 ], [ 76.3128, 13.0471 ], [ 76.3085, 13.0553 ], [ 76.2949, 13.0562 ], [ 76.2951, 13.079 ], [ 76.3157, 13.0852 ] ], [ [ 76.296, 13.0443 ], [ 76.2937, 13.0436 ], [ 76.2961, 13.0439 ], [ 76.296, 13.0443 ] ] ], [ [ [ 76.3766, 13.048 ], [ 76.3583, 13.0457 ], [ 76.3651, 13.0656 ], [ 76.3759, 13.0582 ], [ 76.3766, 13.048 ] ] ] ] } },
{ "type": "Feature", "properties": { "area_id": "KGIS-H-230814", "name_en": "Baguru", "name_kn": "", "level": "panchayat", "parent_id": "KGIS-T-2308", "district_en": "Hassan", "lgd_code": null }, "geometry": { "type": "MultiPolygon", "coordinates": [ [ [ [ 76.2937, 13.0436 ], [ 76.2936, 13.0444 ], [ 76.2961, 13.0439 ], [ 76.2937, 13.0436 ] ] ], [ [ [ 76.2947, 13.0562 ], [ 76.3114, 13.0536 ], [ 76.3125, 13.0461 ], [ 76.298, 13.0437 ], [ 76.2947, 13.0562 ] ] ], [ [ [ 76.4386, 13.1705 ], [ 76.4552, 13.1508 ], [ 76.4734, 13.1498 ], [ 76.465, 13.0703 ], [ 76.4405, 13.0643 ], [ 76.4404, 13.0568 ], [ 76.4216, 13.0589 ], [ 76.4111, 13.0146 ], [ 76.4172, 13.0055 ], [ 76.3671, 12.992 ], [ 76.3744, 12.9722 ], [ 76.3472, 12.9651 ], [ 76.3394, 12.9768 ], [ 76.3537, 12.9799 ], [ 76.3473, 13.0172 ], [ 76.3366, 13.0185 ], [ 76.3276, 13.036 ], [ 76.3457, 13.0437 ], [ 76.3376, 13.0712 ], [ 76.3157, 13.0852 ], [ 76.3181, 13.0916 ], [ 76.3392, 13.0854 ], [ 76.361, 13.0934 ], [ 76.3584, 13.1168 ], [ 76.369, 13.1206 ], [ 76.381, 13.15 ], [ 76.4042, 13.1509 ], [ 76.4125, 13.1637 ], [ 76.4386, 13.1705 ] ], [ [ 76.3583, 13.0457 ], [ 76.3766, 13.048 ], [ 76.3759, 13.0582 ], [ 76.3651, 13.0656 ], [ 76.3583, 13.0457 ] ] ] ] } },
{ "type": "Feature", "properties": { "area_id": "KGIS-H-230815", "name_en": "Shravanabelagola", "name_kn": "", "level": "panchayat", "parent_id": "KGIS-T-2308", "district_en": "Hassan", "lgd_code": null }, "geometry": { "type": "MultiPolygon", "coordinates": [ [ [ [ 76.5017, 12.8223 ], [ 76.493, 12.7665 ], [ 76.4895, 12.7847 ], [ 76.4757, 12.7709 ], [ 76.4569, 12.7767 ], [ 76.4568, 12.7886 ], [ 76.4696, 12.8009 ], [ 76.4568, 12.8025 ], [ 76.445, 12.8213 ], [ 76.4255, 12.8245 ], [ 76.4204, 12.8432 ], [ 76.4254, 12.8584 ], [ 76.4586, 12.8556 ], [ 76.4578, 12.8646 ], [ 76.4328, 12.8705 ], [ 76.4336, 12.8792 ], [ 76.4522, 12.8852 ], [ 76.4581, 12.8995 ], [ 76.4774, 12.9079 ], [ 76.4863, 12.9222 ], [ 76.5034, 12.9166 ], [ 76.5047, 12.9385 ], [ 76.5173, 12.9415 ], [ 76.5125, 12.9214 ], [ 76.5306, 12.9173 ], [ 76.5345, 12.8919 ], [ 76.5375, 12.8999 ], [ 76.5741, 12.9054 ], [ 76.5875, 12.8876 ], [ 76.5795, 12.8845 ], [ 76.5747, 12.867 ], [ 76.5771, 12.8462 ], [ 76.5203, 12.8415 ], [ 76.5181, 12.8269 ], [ 76.5017, 12.8223 ] ] ], [ [ [ 76.5297, 12.9188 ], [ 76.5324, 12.9359 ], [ 76.5401, 12.9233 ], [ 76.5557, 12.9232 ], [ 76.5523, 12.9094 ], [ 76.5297, 12.9188 ] ] ] ] } },
{ "type": "Feature", "properties": { "area_id": "KGIS-H-230816", "name_en": "Nuggehalli", "name_kn": "", "level": "panchayat", "parent_id": "KGIS-T-2308", "district_en": "Hassan", "lgd_code": null }, "geometry": { "type": "MultiPolygon", "coordinates": [ [ [ [ 76.4945, 13.0945 ], [ 76.5156, 13.069 ], [ 76.5089, 13.0633 ], [ 76.5104, 13.0367 ], [ 76.5254, 13.0468 ], [ 76.5258, 13.0282 ], [ 76.5351, 13.0228 ], [ 76.5313, 12.9939 ], [ 76.5474, 12.9948 ], [ 76.5459, 12.9801 ], [ 76.5374, 12.9775 ], [ 76.5452, 12.971 ], [ 76.5481, 12.9439 ], [ 76.5278, 12.9344 ], [ 76.5306, 12.9173 ], [ 76.5125, 12.9214 ], [ 76.5173, 12.9415 ], [ 76.5047, 12.9385 ], [ 76.4987, 12.9161 ], [ 76.4904, 12.922 ], [ 76.4938, 12.9385 ], [ 76.4726, 12.9426 ], [ 76.4701, 12.9314 ], [ 76.4564, 12.9331 ], [ 76.4477, 12.9187 ], [ 76.434, 12.9297 ], [ 76.4494, 12.9543 ], [ 76.4393, 12.9838 ], [ 76.4286, 12.9818 ], [ 76.4162, 12.9568 ], [ 76.4102, 12.9688 ], [ 76.4222, 13.0023 ], [ 76.4384, 13.0049 ], [ 76.4378, 13.014 ], [ 76.4111, 13.0146 ], [ 76.4208, 13.0581 ], [ 76.4404, 13.0568 ], [ 76.4405, 13.0643 ], [ 76.465, 13.0703 ], [ 76.4724, 13.093 ], [ 76.4945, 13.0945 ] ] ], [ [ [ 76.5756, 13.0428 ], [ 76.5632, 13.0427 ], [ 76.5618, 13.0611 ], [ 76.5754, 13.0576 ], [ 76.5756, 13.0428 ] ] ] ] } },
{ "type": "Feature", "properties": { "area_id": "KGIS-H-240101", "name_en": "Mangaluru A", "name_kn": "", "level": "panchayat", "parent_id": "KGIS-T-2401", "district_en": "Dakshina Kannada", "lgd_code": null }, "geometry": { "type": "MultiPolygon", "coordinates": [ [ [ [ 74.8977, 12.8633 ], [ 74.9025, 12.8583 ], [ 74.8893, 12.8451 ], [ 74.8542, 12.83 ], [ 74.8588, 12.8638 ], [ 74.8743, 12.8514 ], [ 74.8977, 12.8633 ] ] ], [ [ [ 74.8313, 12.9168 ], [ 74.8296, 12.9017 ], [ 74.836, 12.8974 ], [ 74.8563, 12.8989 ], [ 74.8756, 12.911 ], [ 74.8963, 12.8823 ], [ 74.864, 12.884 ], [ 74.8634, 12.8705 ], [ 74.8567, 12.8743 ], [ 74.8619, 12.8817 ], [ 74.8488, 12.8788 ], [ 74.8495, 12.8874 ], [ 74.8369, 12.891 ], [ 74.8233, 12.8908 ], [ 74.8475, 12.8855 ], [ 74.8474, 12.8763 ], [ 74.8307, 12.8699 ], [ 74.8212, 12.8858 ], [ 74.8193, 12.9045 ], [ 74.8313, 12.9168 ] ] ], [ [ [ 74.8385, 12.9171 ], [ 74.8378, 12.9185 ], [ 74.8384, 12.9186 ], [ 74.8385, 12.9171 ] ] ], [ [ [ 74.8382, 12.9215 ], [ 74.8375, 12.9221 ], [ 74.8382, 12.9221 ], [ 74.8382, 12.9215 ] ] ] ] } },
{ "type": "Feature", "properties": { "area_id": "KGIS-H-240102", "name_en": "Mangaluru B", "name_kn": "", "level": "panchayat", "parent_id": "KGIS-T-2401", "district_en": "Dakshina Kannada", "lgd_code": null }, "geometry": { "type": "MultiPolygon", "coordinates": [ [ [ [ 74.822, 12.89 ], [ 74.8501, 12.8871 ], [ 74.8477, 12.8791 ], [ 74.8619, 12.8817 ], [ 74.8567, 12.8743 ], [ 74.8634, 12.8705 ], [ 74.864, 12.884 ], [ 74.8966, 12.884 ], [ 74.9089, 12.8769 ], [ 74.9132, 12.8615 ], [ 74.957, 12.8702 ], [ 74.9644, 12.8555 ], [ 74.9772, 12.8498 ], [ 74.9811, 12.8295 ], [ 74.9627, 12.8259 ], [ 74.9633, 12.8415 ], [ 74.9387, 12.8491 ], [ 74.9245, 12.802 ], [ 74.9304, 12.7949 ], [ 74.9092, 12.7792 ], [ 74.9009, 12.7835 ], [ 74.903, 12.7657 ], [ 74.875, 12.7545 ], [ 74.8649, 12.7593 ], [ 74.8247, 12.847 ], [ 74.8187, 12.8896 ], [ 74.8311, 12.8697 ], [ 74.8474, 12.8763 ], [ 74.8475, 12.8855 ], [ 74.822, 12.89 ] ], [ [ 74.8913, 12.8638 ], [ 74.8743, 12.8514 ], [ 74.8588, 12.8638 ], [ 74.8542, 12.83 ], [ 74.8893, 12.8451 ], [ 74.9025, 12.8583 ], [ 74.8913, 12.8638 ] ] ], [ [ [ 74.8349, 12.9289 ], [ 74.8425, 12.9207 ], [ 74.8399, 12.9124 ], [ 74.8597, 12.9097 ], [ 74.8595, 12.9004 ], [ 74.836, 12.8974 ], [ 74.8296, 12.9017 ], [ 74.8315, 12.9168 ], [ 74.8188, 12.9046 ], [ 74.8181, 12.9241 ], [ 74.8349, 12.9289 ] ], [ [ 74.8375, 12.9215 ], [ 74.8382, 12.9221 ], [ 74.8375, 12.9221 ], [ 74.8375, 12.9215 ] ], [ [ 74.8378, 12.9185 ], [ 74.8381, 12.9161 ], [ 74.8384, 12.9186 ], [ 74.8378, 12.9185 ] ] ] ] } },
{ "type": "Feature", "properties": { "area_id": "KGIS-H-240103", "name_en": "Suratkal", "name_kn": "", "level": "panchayat", "parent_id": "KGIS-T-2401", "district_en": "Dakshina Kannada", "lgd_code": null }, "geometry": { "type": "Polygon", "coordinates": [ [ [ 74.8817, 13.0477 ], [ 74.9097, 13.023 ], [ 74.8979, 13.0225 ], [ 74.8891, 13.0052 ], [ 74.893, 12.9827 ], [ 74.8875, 12.9549 ], [ 74.8776, 12.946 ], [ 74.8802, 12.9399 ], [ 74.9047, 12.941 ], [ 74.9103, 12.9326 ], [ 74.8923, 12.9201 ], [ 74.873, 12.9271 ], [ 74.8631, 12.9051 ], [ 74.8399, 12.9124 ], [ 74.8368, 12.9294 ], [ 74.8216, 12.9268 ], [ 74.8158, 12.8864 ], [ 74.7848, 13.0336 ], [ 74.7905, 13.0295 ], [ 74.805, 13.0416 ], [ 74.8154, 13.0245 ], [ 74.8258, 13.0242 ], [ 74.833, 13.0372 ], [ 74.8417, 13.0282 ], [ 74.8442, 13.038 ], [ 74.8614, 13.0345 ], [ 74.8817, 13.0477 ] ] ] } },
{ "type": "Feature", "properties": { "area_id": "KGIS-H-240104", "name_en": "Mulki", "name_kn": "", "level": "panchayat", "parent_id": "KGIS-T-2401", "district_en": "Dakshina Kannada", "lgd_code": null }, "geometry": { "type": "Polygon", "coordinates": [ [ [ 74.8338, 13.1293 ], [ 74.8623, 13.1264 ], [ 74.8743, 13.0987 ], [ 74.8914, 13.093 ], [ 74.8844, 13.0476 ], [ 74.8614, 13.0345 ], [ 74.8442, 13.038 ], [ 74.8417, 13.0282 ], [ 74.833, 13.0372 ], [ 74.8264, 13.0243 ], [ 74.8154, 13.0245 ], [ 74.805, 13.0416 ], [ 74.7882, 13.0298 ], [ 74.7784, 13.0602 ], [ 74.7774, 13.1024 ], [ 74.7927, 13.0967 ], [ 74.7987, 13.1082 ], [ 74.7913, 13.1169 ], [ 74.8098, 13.1133 ], [ 74.8146, 13.1227 ], [ 74.8338, 13.1293 ] ] ] } },
{ "type": "Feature", "properties": { "area_id": "KGIS-H-240105", "name_en": "Gurupura", "name_kn": "", "level": "panchayat", "parent_id": "KGIS-T-2401", "district_en": "Dakshina Kannada", "lgd_code": null }, "geometry": { "type": "Polygon", "coordinates": [ [ [ 74.9079, 13.0379 ], [ 74.9335, 13.0352 ], [ 74.933, 13.0051 ], [ 74.9508, 13.018 ], [ 74.965, 13.0146 ], [ 74.9775, 13.0281 ], [ 74.9991, 13.0165 ], [ 74.9848, 12.9972 ], [ 75.0111, 12.9843 ], [ 75.0121, 12.9586 ], [ 74.9723, 12.9527 ], [ 74.9489, 12.9376 ], [ 74.9635, 12.9193 ], [ 74.965, 12.9028 ], [ 74.9545, 12.8965 ], [ 74.9477, 12.903 ], [ 74.9339, 12.8829 ], [ 74.9542, 12.8883 ], [ 74.9549, 12.87 ], [ 74.9132, 12.8615 ], [ 74.9089, 12.8769 ], [ 74.8696, 12.912 ], [ 74.8685, 12.9235 ], [ 74.8923, 12.9201 ], [ 74.9103, 12.9326 ], [ 74.9047, 12.941 ], [ 74.8802, 12.9399 ], [ 74.8776, 12.946 ], [ 74.8875, 12.9549 ], [ 74.893, 12.9827 ], [ 74.8891, 13.0052 ], [ 74.8979, 13.0225 ], [ 74.9097, 13.023 ], [ 74.9079, 13.0379 ] ] ] } },
{ "type": "Feature", "properties": { "area_id": "KGIS-H-240201", "name_en": "Bantvala", "name_kn": "", "level": "panchayat", "parent_id": "KGIS-T-2402", "district_en": "Dakshina Kannada", "lgd_code": null }, "geometry": { "type": "Polygon", "coordinates": [ [ [ 75.0324, 13.0141 ], [ 75.0663, 13.0102 ], [ 75.064, 13.0001 ], [ 75.0852, 12.9996 ], [ 75.0887, 12.9879 ], [ 75.0982, 12.9963 ], [ 75.1121, 12.9905 ], [ 75.1245, 12.9743 ], [ 75.1563, 12.9809 ], [ 75.1692, 12.9495 ], [ 75.1673, 12.9402 ], [ 75.1547, 12.9397 ], [ 75.1615, 12.9248 ], [ 75.1867, 12.9297 ], [ 75.2027, 12.9132 ], [ 75.1864, 12.8876 ], [ 75.2016, 12.883 ], [ 75.199, 12.8722 ], [ 75.1604, 12.8527 ], [ 75.1401, 12.8538 ], [ 75.0642, 12.8983 ], [ 75.0473, 12.8978 ], [ 75.0397, 12.8863 ], [ 75.0393, 12.8987 ], [ 75.019, 12.8921 ], [ 75.0101, 12.897 ], [ 74.9936, 12.9197 ], [ 75.003, 12.9363 ], [ 75.013, 12.9391 ], [ 74.9917, 12.9542 ], [ 75.0108, 12.9567 ], [ 75.0171, 12.9962 ], [ 75.028, 12.9998 ], [ 75.0324, 13.0141 ] ] ] } },
{ "type": "Feature", "properties": { "area_id": "KGIS-H-240202", "name_en": "Panemangaluru", "name_kn": "", "level": "panchayat", "parent_id": "KGIS-T-2402", "district_en": "Dakshina Kannada", "lgd_code": null }, "geometry": { "type": "Polygon", "coordinates": [ [ [ 74.9955, 12.9545 ], [ 75.013, 12.9391 ], [ 75.003, 12.9363 ], [ 74.9938, 12.9183 ], [ 75.0152, 12.8931 ], [ 75.0383, 12.8991 ], [ 75.0424, 12.8865 ], [ 75.0473, 12.8978 ], [ 75.0642, 12.8983 ], [ 75.1355, 12.8551 ], [ 75.1913, 12.8401 ], [ 75.1766, 12.8221 ], [ 75.108, 12.8464 ], [ 75.0845, 12.837 ], [ 75.0825, 12.8297 ], [ 75.0477, 12.8268 ], [ 75.04, 12.8101 ], [ 75.0443, 12.8038 ], [ 75.0293, 12.8046 ], [ 75.0275, 12.8175 ], [ 75.0226, 12.7992 ], [ 75.002, 12.7993 ], [ 75.0025, 12.7882 ], [ 74.9861, 12.7961 ], [ 74.9924, 12.788 ], [ 74.9825, 12.78 ], [ 74.9665, 12.7766 ], [ 74.9505, 12.7845 ], [ 74.9173, 12.7717 ], [ 74.9174, 12.7772 ], [ 74.9031, 12.766 ], [ 74.9009, 12.7835 ], [ 74.9092, 12.7792 ], [ 74.9304, 12.7949 ], [ 74.9245, 12.802 ], [ 74.9387, 12.8491 ], [ 74.9633, 12.8415 ], [ 74.9627, 12.8259 ], [ 74.9811, 12.8295 ], [ 74.9772, 12.8498 ], [ 74.9644, 12.8555 ], [ 74.9515, 12.8754 ], [ 74.9542, 12.8883 ], [ 74.9339, 12.8829 ], [ 74.9477, 12.903 ], [ 74.9545, 12.8965 ], [ 74.965, 12.9028 ], [ 74.9635, 12.9193 ], [ 74.9482, 12.9369 ], [ 74.9711, 12.9523 ], [ 74.9955, 12.9545 ] ] ] } },
{ "type": "Feature", "properties": { "area_id": "KGIS-H-240203", "name_en": "Vitla", "name_kn": "", "level": "panchayat", "parent_id": "KGIS-T-2402", "district_en": "Dakshina Kannada", "lgd_code": null }, "geometry": { "type": "Polygon", "coordinates": [ [ [ 75.1162, 12.8467 ], [ 75.1766, 12.8221 ], [ 75.1953, 12.8461 ], [ 75.2214, 12.8394 ], [ 75.1989, 12.8071 ], [ 75.178, 12.81 ], [ 75.174, 12.8013 ], [ 75.1559, 12.803 ], [ 75.1467, 12.7942 ], [ 75.157, 12.7813 ], [ 75.1457, 12.7725 ], [ 75.1508, 12.7573 ], [ 75.1629, 12.735 ], [ 75.1782, 12.7245 ], [ 75.1608, 12.681 ], [ 75.129, 12.6758 ], [ 75.112, 12.6815 ], [ 75.1054, 12.6977 ], [ 75.0847, 12.7053 ], [ 75.0872, 12.6761 ], [ 75.0671, 12.6635 ], [ 75.0593, 12.6715 ], [ 75.0468, 12.6665 ], [ 75.0404, 12.6841 ], [ 75.0429, 12.6931 ], [ 75.056, 12.6932 ], [ 75.0517, 12.7201 ], [ 75.0378, 12.7242 ], [ 75.0185, 12.7211 ], [ 75.0157, 12.7139 ], [ 75.0013, 12.7161 ], [ 75.0132, 12.7283 ], [ 74.9839, 12.7364 ], [ 75.0083, 12.7671 ], [ 74.9995, 12.7935 ], [ 75.002, 12.7993 ], [ 75.0226, 12.7992 ], [ 75.0275, 12.8175 ], [ 75.0293, 12.8046 ], [ 75.0443, 12.8038 ], [ 75.0437, 12.8227 ], [ 75.0569, 12.8322 ], [ 75.0825, 12.8297 ], [ 75.0845, 12.837 ], [ 75.1162, 12.8467 ] ] ] } },
{ "type": "Feature", "properties": { "area_id": "KGIS-H-240301", "name_en": "Beltangadi", "name_kn": "", "level": "panchayat", "parent_id": "KGIS-T-2403", "district_en": "Dakshina Kannada", "lgd_code": null }, "geometry": { "type": "Polygon", "coordinates": [ [ [ 75.3599, 13.1848 ], [ 75.3782, 13.1813 ], [ 75.407, 13.1581 ], [ 75.4118, 13.1249 ], [ 75.4063, 13.1117 ], [ 75.4238, 13.1061 ], [ 75.4328, 13.1202 ], [ 75.4439, 13.106 ], [ 75.456, 13.1096 ], [ 75.4699, 13.0987 ], [ 75.4676, 13.0768 ], [ 75.4917, 13.0893 ], [ 75.5187, 13.0607 ], [ 75.5149, 13.0547 ], [ 75.5273, 13.0475 ], [ 75.5206, 13.0274 ], [ 75.5292, 13.025 ], [ 75.5326, 13.0091 ], [ 75.5207, 12.9857 ], [ 75.4861, 12.9688 ], [ 75.4627, 12.9805 ], [ 75.4579, 12.9747 ], [ 75.443, 12.984 ], [ 75.4208, 12.9823 ], [ 75.4141, 13.0026 ], [ 75.398, 13.003 ], [ 75.3921, 13.0189 ], [ 75.3937, 13.0249 ], [ 75.4079, 13.0198 ], [ 75.4101, 13.0432 ], [ 75.3857, 13.0517 ], [ 75.3889, 13.0079 ], [ 75.3802, 13.0057 ], [ 75.3896, 12.9861 ], [ 75.3597, 12.9767 ], [ 75.3494, 12.984 ], [ 75.328, 12.9499 ], [ 75.3108, 12.9542 ], [ 75.3093, 12.9164 ], [ 75.2981, 12.9054 ], [ 75.2833, 12.9196 ], [ 75.2818, 12.9599 ], [ 75.2695, 12.9701 ], [ 75.254, 12.9671 ], [ 75.2581, 12.9488 ], [ 75.2501, 12.9325 ], [ 75.2253, 12.9597 ], [ 75.2182, 12.959 ], [ 75.2192, 12.9515 ], [ 75.2099, 12.9571 ], [ 75.1683, 12.9519 ], [ 75.1595, 12.9704 ], [ 75.1837, 12.9761 ], [ 75.1717, 12.9855 ], [ 75.173, 13.0089 ], [ 75.2206, 13.013 ], [ 75.239, 12.9995 ], [ 75.2461, 13.0032 ], [ 75.2389, 13.017 ], [ 75.2544, 13.0321 ], [ 75.2548, 13.0758 ], [ 75.2461, 13.1288 ], [ 75.3056, 13.1264 ], [ 75.3184, 13.1397 ], [ 75.3243, 13.1659 ], [ 75.3599, 13.1848 ] ] ] } },
{ "type": "Feature", "properties": { "area_id": "KGIS-H-240302", "name_en": "Kokkada", "name_kn": "", "level": "panchayat", "parent_id": "KGIS-T-2403", "district_en": "Dakshina Kannada", "lgd_code": null }, "geometry": { "type": "Polygon", "coordinates": [ [ [ 75.3861, 13.0514 ], [ 75.4101, 13.0432 ], [ 75.4079, 13.0198 ], [ 75.3937, 13.0249 ], [ 75.3921, 13.0189 ], [ 75.398, 13.003 ], [ 75.4141, 13.0026 ], [ 75.4208, 12.9823 ], [ 75.443, 12.984 ], [ 75.4579, 12.9747 ], [ 75.4627, 12.9805 ], [ 75.4743, 12.9693 ], [ 75.5122, 12.9769 ], [ 75.5529, 12.95 ], [ 75.553, 12.9135 ], [ 75.5459, 12.9044 ], [ 75.5524, 12.8653 ], [ 75.5012, 12.8662 ], [ 75.4956, 12.8299 ], [ 75.4712, 12.8267 ], [ 75.4643, 12.8182 ], [ 75.441, 12.8325 ], [ 75.4476, 12.8443 ], [ 75.4405, 12.8694 ], [ 75.4155, 12.8851 ], [ 75.4112, 12.8767 ], [ 75.4006, 12.8773 ], [ 75.412, 12.8614 ], [ 75.4049, 12.8421 ], [ 75.3888, 12.8428 ], [ 75.3384, 12.879 ], [ 75.3252, 12.8563 ], [ 75.2649, 12.837 ], [ 75.1905, 12.8429 ], [ 75.1604, 12.8527 ], [ 75.1695, 12.8629 ], [ 75.1913, 12.8663 ], [ 75.2016, 12.883 ], [ 75.1864, 12.8876 ], [ 75.2041, 12.9094 ], [ 75.1952, 12.9264 ], [ 75.1615, 12.9248 ], [ 75.1581, 12.9304 ], [ 75.1547, 12.9397 ], [ 75.1674, 12.9402 ], [ 75.1709, 12.9553 ], [ 75.1817, 12.9493 ], [ 75.1963, 12.9565 ], [ 75.2192, 12.9515 ], [ 75.2182, 12.959 ], [ 75.2253, 12.9597 ], [ 75.2501, 12.9325 ], [ 75.2581, 12.9488 ], [ 75.254, 12.9671 ], [ 75.2745, 12.9683 ], [ 75.2818, 12.9599 ], [ 75.2833, 12.9196 ], [ 75.2981, 12.9054 ], [ 75.3093, 12.9164 ], [ 75.3108, 12.9542 ], [ 75.328, 12.9499 ], [ 75.3494, 12.984 ], [ 75.3597, 12.9767 ], [ 75.3896, 12.9861 ], [ 75.3801, 13.0074 ], [ 75.3889, 13.0079 ], [ 75.3861, 13.0514 ] ] ] } },
{ "type": "Feature", "properties": { "area_id": "KGIS-H-240303", "name_en": "Venuru", "name_kn": "", "level": "panchayat", "parent_id": "KGIS-T-2403", "district_en": "Dakshina Kannada", "lgd_code": null }, "geometry": { "type": "Polygon", "coordinates": [ [ [ 75.2069, 13.1583 ], [ 75.2056, 13.1521 ], [ 75.2159, 13.1546 ], [ 75.2461, 13.1288 ], [ 75.2548, 13.0758 ], [ 75.2544, 13.0321 ], [ 75.2389, 13.017 ], [ 75.2456, 13.0027 ], [ 75.239, 12.9995 ], [ 75.2206, 13.013 ], [ 75.173, 13.0089 ], [ 75.1717, 12.9855 ], [ 75.1833, 12.9736 ], [ 75.1595, 12.9704 ], [ 75.1563, 12.9809 ], [ 75.1277, 12.9734 ], [ 75.1245, 12.9743 ], [ 75.1195, 12.9855 ], [ 75.0996, 12.9961 ], [ 75.0887, 12.9879 ], [ 75.0852, 12.9996 ], [ 75.064, 13.0001 ], [ 75.0663, 13.0102 ], [ 75.0443, 13.0159 ], [ 75.067, 13.0342 ], [ 75.066, 13.0444 ], [ 75.0778, 13.0454 ], [ 75.0967, 13.0883 ], [ 75.1224, 13.1123 ], [ 75.1294, 13.1332 ], [ 75.1447, 13.1322 ], [ 75.1487, 13.1233 ], [ 75.1621, 13.1301 ], [ 75.1845, 13.1611 ], [ 75.2069, 13.1583 ] ] ] } },
{ "type": "Feature", "properties": { "area_id": "KGIS-H-240402", "name_en": "Putturu", "name_kn": "", "level": "panchayat", "parent_id": "KGIS-T-2404", "district_en": "Dakshina Kannada", "lgd_code": null }, "geometry": { "type": "Polygon", "coordinates": [ [ [ 75.2353, 12.7897 ], [ 75.2696, 12.7921 ], [ 75.2726, 12.7789 ], [ 75.2909, 12.7833 ], [ 75.2988, 12.7632 ], [ 75.2934, 12.7505 ], [ 75.3005, 12.708 ], [ 75.3242, 12.6898 ], [ 75.3048, 12.6811 ], [ 75.3075, 12.6656 ], [ 75.3233, 12.665 ], [ 75.3278, 12.6877 ], [ 75.3487, 12.6679 ], [ 75.3412, 12.6631 ], [ 75.3512, 12.6524 ], [ 75.3413, 12.6372 ], [ 75.3531, 12.613 ], [ 75.2991, 12.626 ], [ 75.268, 12.6143 ], [ 75.2626, 12.5985 ], [ 75.2392, 12.5806 ], [ 75.238, 12.5691 ], [ 75.2199, 12.5688 ], [ 75.2093, 12.5916 ], [ 75.2011, 12.5875 ], [ 75.2106, 12.597 ], [ 75.1977, 12.6141 ], [ 75.2013, 12.6304 ], [ 75.1907, 12.6352 ], [ 75.1608, 12.6224 ], [ 75.1382, 12.6437 ], [ 75.1572, 12.6628 ], [ 75.1614, 12.6717 ], [ 75.1484, 12.675 ], [ 75.1522, 12.6828 ], [ 75.1608, 12.681 ], [ 75.1783, 12.7242 ], [ 75.1629, 12.735 ], [ 75.1573, 12.7504 ], [ 75.1731, 12.761 ], [ 75.1827, 12.7579 ], [ 75.1887, 12.78 ], [ 75.2316, 12.7633 ], [ 75.2353, 12.7897 ] ] ] } },
{ "type": "Feature", "properties": { "area_id": "KGIS-H-240403", "name_en": "Uppinangadi", "name_kn": "", "level": "panchayat", "parent_id": "KGIS-T-2404", "district_en": "Dakshina Kannada", "lgd_code": null }, "geometry": { "type": "Polygon", "coordinates": [ [ [ 75.3283, 12.8555 ], [ 75.3412, 12.8337 ], [ 75.3416, 12.812 ], [ 75.3307, 12.8097 ], [ 75.3222, 12.8211 ], [ 75.2993, 12.8179 ], [ 75.3016, 12.8113 ], [ 75.271, 12.7859 ], [ 75.268, 12.7928 ], [ 75.2391, 12.794 ], [ 75.2316, 12.7633 ], [ 75.1887, 12.78 ], [ 75.181, 12.7565 ], [ 75.1731, 12.761 ], [ 75.1573, 12.7504 ], [ 75.1508, 12.7573 ], [ 75.1457, 12.7725 ], [ 75.157, 12.7813 ], [ 75.1462, 12.7914 ], [ 75.1521, 12.8012 ], [ 75.1732, 12.8009 ], [ 75.178, 12.81 ], [ 75.1989, 12.8071 ], [ 75.2214, 12.8394 ], [ 75.2649, 12.837 ], [ 75.3283, 12.8555 ] ] ] } },
{ "type": "Feature", "properties": { "area_id": "KGIS-H-240501", "name_en": "Sulya", "name_kn": "", "level": "panchayat", "parent_id": "KGIS-T-2405", "district_en": "Dakshina Kannada", "lgd_code": null }, "geometry": { "type": "Polygon", "coordinates": [ [ [ 75.349, 12.7163 ], [ 75.3465, 12.7094 ], [ 75.3569, 12.7045 ], [ 75.3745, 12.7094 ], [ 75.3906, 12.6776 ], [ 75.4289, 12.6751 ], [ 75.425, 12.6674 ], [ 75.4322, 12.6581 ], [ 75.4192, 12.6569 ], [ 75.4198, 12.6468 ], [ 75.4647, 12.6254 ], [ 75.4642, 12.5997 ], [ 75.4933, 12.5965 ], [ 75.4972, 12.5831 ], [ 75.5076, 12.5918 ], [ 75.5206, 12.5864 ], [ 75.5286, 12.6044 ], [ 75.5452, 12.5975 ], [ 75.5423, 12.5895 ], [ 75.5509, 12.5949 ], [ 75.5657, 12.584 ], [ 75.5857, 12.5894 ], [ 75.5873, 12.5971 ], [ 75.5915, 12.5806 ], [ 75.6042, 12.5774 ], [ 75.6085, 12.5551 ], [ 75.5807, 12.5193 ], [ 75.5553, 12.5014 ], [ 75.566, 12.484 ], [ 75.5303, 12.4988 ], [ 75.5251, 12.4898 ], [ 75.4945, 12.484 ], [ 75.4925, 12.4608 ], [ 75.4801, 12.4683 ], [ 75.4746, 12.461 ], [ 75.459, 12.4751 ], [ 75.4726, 12.5005 ], [ 75.4355, 12.5289 ], [ 75.4336, 12.5165 ], [ 75.4181, 12.5145 ], [ 75.4155, 12.502 ], [ 75.3827, 12.5028 ], [ 75.3701, 12.4926 ], [ 75.3744, 12.481 ], [ 75.3613, 12.4654 ], [ 75.3358, 12.4641 ], [ 75.342, 12.4705 ], [ 75.3374, 12.4945 ], [ 75.304, 12.5041 ], [ 75.3035, 12.5233 ], [ 75.2801, 12.5257 ], [ 75.2689, 12.5635 ], [ 75.2713, 12.5712 ], [ 75.2838, 12.571 ], [ 75.2888, 12.5834 ], [ 75.3143, 12.5735 ], [ 75.3278, 12.5845 ], [ 75.3271, 12.5924 ], [ 75.3121, 12.5898 ], [ 75.3019, 12.6055 ], [ 75.2915, 12.6021 ], [ 75.2806, 12.6162 ], [ 75.2991, 12.626 ], [ 75.3531, 12.613 ], [ 75.3413, 12.6372 ], [ 75.3512, 12.6524 ], [ 75.3412, 12.6631 ], [ 75.3492, 12.6673 ], [ 75.3339, 12.6814 ], [ 75.339, 12.6899 ], [ 75.3326, 12.69 ], [ 75.3317, 12.7019 ], [ 75.3369, 12.7167 ], [ 75.349, 12.7163 ] ] ] } },
{ "type": "Feature", "properties": { "area_id": "KGIS-H-240502", "name_en": "Panja", "name_kn": "", "level": "panchayat", "parent_id": "KGIS-T-2405", "district_en": "Dakshina Kannada", "lgd_code": null }, "geometry": { "type": "Polygon", "coordinates": [ [ [ 75.4123, 12.7086 ], [ 75.4227, 12.6785 ], [ 75.4395, 12.6713 ], [ 75.4432, 12.6809 ], [ 75.454, 12.6796 ], [ 75.4578, 12.6961 ], [ 75.4604, 12.6889 ], [ 75.4637, 12.6975 ], [ 75.4712, 12.693 ], [ 75.482, 12.7041 ], [ 75.495, 12.6718 ], [ 75.5028, 12.6744 ], [ 75.5089, 12.6689 ], [ 75.5113, 12.6762 ], [ 75.5305, 12.6667 ], [ 75.5329, 12.6521 ], [ 75.5464, 12.6423 ], [ 75.5594, 12.6524 ], [ 75.5644, 12.6719 ], [ 75.5745, 12.6533 ], [ 75.5696, 12.6474 ], [ 75.5814, 12.6504 ], [ 75.6046, 12.6202 ], [ 75.6196, 12.6168 ], [ 75.6267, 12.6331 ], [ 75.6414, 12.6317 ], [ 75.661, 12.5993 ], [ 75.6706, 12.5503 ], [ 75.6415, 12.5375 ], [ 75.6166, 12.5098 ], [ 75.6058, 12.5106 ], [ 75.5919, 12.5363 ], [ 75.6085, 12.5551 ], [ 75.6073, 12.571 ], [ 75.5915, 12.5806 ], [ 75.5873, 12.5971 ], [ 75.5857, 12.5894 ], [ 75.5657, 12.584 ], [ 75.5509, 12.5949 ], [ 75.5423, 12.5895 ], [ 75.5452, 12.5975 ], [ 75.5286, 12.6044 ], [ 75.5206, 12.5864 ], [ 75.5076, 12.5918 ], [ 75.4981, 12.5828 ], [ 75.4933, 12.5965 ], [ 75.4642, 12.5997 ], [ 75.4658, 12.6243 ], [ 75.4198, 12.6468 ], [ 75.4192, 12.6569 ], [ 75.4322, 12.6581 ], [ 75.425, 12.6674 ], [ 75.4289, 12.6751 ], [ 75.4008, 12.6751 ], [ 75.3872, 12.6835 ], [ 75.3869, 12.6926 ], [ 75.403, 12.7019 ], [ 75.403, 12.7144 ], [ 75.4123, 12.7086 ] ], [ [ 75.5028, 12.6722 ], [ 75.5036, 12.6691 ], [ 75.5036, 12.6718 ], [ 75.5028, 12.6722 ] ] ] } },
{ "type": "Feature", "properties": { "area_id": "KGIS-H-240606", "name_en": "Mudabidri", "name_kn": "", "level": "panchayat", "parent_id": "KGIS-T-2406", "district_en": "Dakshina Kannada", "lgd_code": null }, "geometry": { "type": "Polygon", "coordinates": [ [ [ 75.1002, 13.1599 ], [ 75.1269, 13.1307 ], [ 75.126, 13.1175 ], [ 75.0967, 13.0883 ], [ 75.0778, 13.0454 ], [ 75.066, 13.0444 ], [ 75.067, 13.0342 ], [ 75.0324, 13.0141 ], [ 75.0111, 12.9843 ], [ 74.9873, 12.9928 ], [ 74.9854, 13.0029 ], [ 74.9957, 13.0051 ], [ 74.9991, 13.0165 ], [ 74.982, 13.0264 ], [ 74.933, 13.0051 ], [ 74.9334, 13.0352 ], [ 74.9079, 13.0379 ], [ 74.9066, 13.0258 ], [ 74.8844, 13.0476 ], [ 74.8918, 13.0664 ], [ 74.8876, 13.0987 ], [ 74.9116, 13.1085 ], [ 74.9089, 13.129 ], [ 74.9325, 13.147 ], [ 74.9425, 13.1415 ], [ 74.9392, 13.1314 ], [ 74.9523, 13.1181 ], [ 74.975, 13.1276 ], [ 74.9945, 13.1543 ], [ 75.016, 13.1319 ], [ 75.0359, 13.1432 ], [ 75.05, 13.1355 ], [ 75.0666, 13.1397 ], [ 75.0641, 13.1467 ], [ 75.0789, 13.1464 ], [ 75.0811, 13.1584 ], [ 75.1002, 13.1599 ] ] ] } },
{ "type": "Feature", "properties": { "area_id": "KGIS-H-240701", "name_en": "Kadaba", "name_kn": "", "level": "panchayat", "parent_id": "KGIS-T-2407", "district_en": "Dakshina Kannada", "lgd_code": null }, "geometry": { "type": "Polygon", "coordinates": [ [ [ 75.5786, 12.6864 ], [ 75.5603, 12.706 ], [ 75.5522, 12.6913 ], [ 75.5311, 12.7086 ], [ 75.5084, 12.7023 ], [ 75.5029, 12.7152 ], [ 75.4886, 12.7109 ], [ 75.4876, 12.7019 ], [ 75.4722, 12.7 ], [ 75.4535, 12.731 ], [ 75.4215, 12.7384 ], [ 75.4226, 12.7133 ], [ 75.4174, 12.7073 ], [ 75.403, 12.7144 ], [ 75.403, 12.7019 ], [ 75.3869, 12.6926 ], [ 75.3707, 12.7122 ], [ 75.3569, 12.7045 ], [ 75.3465, 12.7094 ], [ 75.3476, 12.7194 ], [ 75.3369, 12.7167 ], [ 75.3326, 12.69 ], [ 75.339, 12.6899 ], [ 75.3339, 12.6814 ], [ 75.3253, 12.6857 ], [ 75.3233, 12.665 ], [ 75.3103, 12.6639 ], [ 75.3048, 12.6811 ], [ 75.3242, 12.6898 ], [ 75.3005, 12.708 ], [ 75.2934, 12.7505 ], [ 75.2988, 12.7632 ], [ 75.2909, 12.7833 ], [ 75.277, 12.7777 ], [ 75.2698, 12.7856 ], [ 75.3016, 12.8113 ], [ 75.2993, 12.8179 ], [ 75.3222, 12.8211 ], [ 75.3307, 12.8097 ], [ 75.3553, 12.8141 ], [ 75.3578, 12.8048 ], [ 75.3674, 12.8069 ], [ 75.3964, 12.7903 ], [ 75.4028, 12.8043 ], [ 75.4036, 12.7959 ], [ 75.4139, 12.7985 ], [ 75.4053, 12.8108 ], [ 75.4311, 12.8165 ], [ 75.4495, 12.7967 ], [ 75.4467, 12.7848 ], [ 75.4558, 12.7834 ], [ 75.4585, 12.8149 ], [ 75.4855, 12.8295 ], [ 75.4952, 12.8295 ], [ 75.4878, 12.8139 ], [ 75.4989, 12.7853 ], [ 75.514, 12.7782 ], [ 75.5229, 12.7879 ], [ 75.5373, 12.7789 ], [ 75.5822, 12.781 ], [ 75.6129, 12.7965 ], [ 75.6385, 12.7604 ], [ 75.6599, 12.7484 ], [ 75.6556, 12.7214 ], [ 75.6292, 12.6998 ], [ 75.5786, 12.6864 ] ] ] } },
{ "type": "Feature", "properties": { "area_id": "KGIS-H-240702", "name_en": "Panja", "name_kn": "", "level": "panchayat", "parent_id": "KGIS-T-2407", "district_en": "Dakshina Kannada", "lgd_code": null }, "geometry": { "type": "MultiPolygon", "coordinates": [ [ [ [ 75.5029, 12.7152 ], [ 75.5117, 12.7012 ], [ 75.5311, 12.7086 ], [ 75.5522, 12.6913 ], [ 75.5603, 12.706 ], [ 75.5782, 12.6857 ], [ 75.6292, 12.6998 ], [ 75.6365, 12.6916 ], [ 75.6668, 12.6982 ], [ 75.6481, 12.6664 ], [ 75.6414, 12.6316 ], [ 75.6267, 12.6331 ], [ 75.6185, 12.6167 ], [ 75.6035, 12.6209 ], [ 75.5814, 12.6504 ], [ 75.5696, 12.6474 ], [ 75.5745, 12.6533 ], [ 75.5652, 12.6718 ], [ 75.5482, 12.6422 ], [ 75.5148, 12.6756 ], [ 75.508, 12.6687 ], [ 75.5028, 12.6744 ], [ 75.495, 12.6718 ], [ 75.4839, 12.7031 ], [ 75.5029, 12.7152 ] ] ], [ [ [ 75.5036, 12.6691 ], [ 75.5028, 12.6722 ], [ 75.5036, 12.6718 ], [ 75.5036, 12.6691 ] ] ], [ [ [ 75.4206, 12.7374 ], [ 75.4535, 12.731 ], [ 75.4738, 12.7003 ], [ 75.4604, 12.6889 ], [ 75.4578, 12.6961 ], [ 75.454, 12.6796 ], [ 75.4432, 12.6809 ], [ 75.4395, 12.6713 ], [ 75.415, 12.6906 ], [ 75.4262, 12.7258 ], [ 75.4206, 12.7374 ] ] ] ] } },
{ "type": "Feature", "properties": { "area_id": "KGIS-H-240703", "name_en": "Uppinangadi", "name_kn": "", "level": "panchayat", "parent_id": "KGIS-T-2407", "district_en": "Dakshina Kannada", "lgd_code": null }, "geometry": { "type": "MultiPolygon", "coordinates": [ [ [ [ 75.5962, 12.8749 ], [ 75.6233, 12.8542 ], [ 75.6149, 12.8327 ], [ 75.6196, 12.8033 ], [ 75.6129, 12.7965 ], [ 75.5822, 12.781 ], [ 75.5373, 12.7789 ], [ 75.5229, 12.7879 ], [ 75.514, 12.7782 ], [ 75.4989, 12.7853 ], [ 75.4878, 12.8139 ], [ 75.4989, 12.8642 ], [ 75.5962, 12.8749 ] ] ], [ [ [ 75.4196, 12.8837 ], [ 75.4405, 12.8694 ], [ 75.4476, 12.8443 ], [ 75.441, 12.8325 ], [ 75.4643, 12.8182 ], [ 75.4558, 12.7834 ], [ 75.4467, 12.7848 ], [ 75.4495, 12.7967 ], [ 75.4311, 12.8165 ], [ 75.4053, 12.8108 ], [ 75.4139, 12.7985 ], [ 75.4036, 12.7959 ], [ 75.4028, 12.8043 ], [ 75.3964, 12.7903 ], [ 75.3674, 12.8069 ], [ 75.3578, 12.8048 ], [ 75.3553, 12.8141 ], [ 75.343, 12.8154 ], [ 75.3412, 12.8337 ], [ 75.3307, 12.8449 ], [ 75.3269, 12.8628 ], [ 75.3384, 12.879 ], [ 75.3888, 12.8428 ], [ 75.4102, 12.8437 ], [ 75.412, 12.8614 ], [ 75.4006, 12.8773 ], [ 75.4196, 12.8837 ] ] ] ] } },
{ "type": "Feature", "properties": { "area_id": "KGIS-H-250101", "name_en": "Madikeri", "name_kn": "", "level": "panchayat", "parent_id": "KGIS-T-2501", "district_en": "Kodagu", "lgd_code": null }, "geometry": { "type": "Polygon", "coordinates": [ [ [ 75.6749, 12.6086 ], [ 75.7315, 12.5919 ], [ 75.7326, 12.5396 ], [ 75.7568, 12.5409 ], [ 75.7786, 12.5028 ], [ 75.786, 12.4846 ], [ 75.7706, 12.4692 ], [ 75.7941, 12.4255 ], [ 75.7866, 12.4124 ], [ 75.8002, 12.399 ], [ 75.799, 12.3882 ], [ 75.8203, 12.374 ], [ 75.8194, 12.3614 ], [ 75.8357, 12.3414 ], [ 75.8318, 12.333 ], [ 75.8451, 12.3289 ], [ 75.849, 12.3124 ], [ 75.8314, 12.2991 ], [ 75.8218, 12.3155 ], [ 75.8072, 12.2994 ], [ 75.8101, 12.2925 ], [ 75.7913, 12.3024 ], [ 75.7706, 12.2768 ], [ 75.7591, 12.2828 ], [ 75.7522, 12.2736 ], [ 75.7387, 12.2882 ], [ 75.7415, 12.3003 ], [ 75.7265, 12.2958 ], [ 75.7091, 12.3108 ], [ 75.7029, 12.3079 ], [ 75.6946, 12.3252 ], [ 75.7076, 12.3351 ], [ 75.7075, 12.3486 ], [ 75.7429, 12.3421 ], [ 75.7539, 12.3485 ], [ 75.7765, 12.3396 ], [ 75.7869, 12.3661 ], [ 75.7963, 12.3697 ], [ 75.7946, 12.379 ], [ 75.7721, 12.3859 ], [ 75.7527, 12.4092 ], [ 75.7347, 12.401 ], [ 75.7041, 12.4347 ], [ 75.6856, 12.4357 ], [ 75.6825, 12.4235 ], [ 75.6121, 12.4706 ], [ 75.5923, 12.4742 ], [ 75.5765, 12.5045 ], [ 75.5629, 12.5091 ], [ 75.5919, 12.5363 ], [ 75.6058, 12.5106 ], [ 75.6155, 12.5093 ], [ 75.6415, 12.5375 ], [ 75.6665, 12.5466 ], [ 75.6703, 12.558 ], [ 75.6602, 12.5959 ], [ 75.6749, 12.6086 ] ] ] } },
{ "type": "Feature", "properties": { "area_id": "KGIS-H-250102", "name_en": "Sampaje", "name_kn": "", "level": "panchayat", "parent_id": "KGIS-T-2501", "district_en": "Kodagu", "lgd_code": null }, "geometry": { "type": "MultiPolygon", "coordinates": [ [ [ [ 75.64, 12.4499 ], [ 75.6681, 12.4385 ], [ 75.6825, 12.4235 ], [ 75.6856, 12.4357 ], [ 75.7041, 12.4347 ], [ 75.7347, 12.401 ], [ 75.7527, 12.4092 ], [ 75.7721, 12.3859 ], [ 75.7944, 12.3792 ], [ 75.7963, 12.3697 ], [ 75.7869, 12.3661 ], [ 75.7774, 12.3402 ], [ 75.7539, 12.3485 ], [ 75.7435, 12.3421 ], [ 75.7141, 12.3471 ], [ 75.7014, 12.3561 ], [ 75.7059, 12.3642 ], [ 75.698, 12.3699 ], [ 75.6795, 12.3635 ], [ 75.6748, 12.381 ], [ 75.6805, 12.391 ], [ 75.6359, 12.4255 ], [ 75.64, 12.4499 ] ] ], [ [ [ 75.4355, 12.5289 ], [ 75.4726, 12.5005 ], [ 75.459, 12.4751 ], [ 75.4746, 12.461 ], [ 75.4801, 12.4683 ], [ 75.4925, 12.4608 ], [ 75.4945, 12.484 ], [ 75.5251, 12.4898 ], [ 75.5303, 12.4988 ], [ 75.566, 12.484 ], [ 75.5656, 12.4921 ], [ 75.5531, 12.4976 ], [ 75.5637, 12.5094 ], [ 75.5765, 12.5045 ], [ 75.5922, 12.4743 ], [ 75.6092, 12.472 ], [ 75.6081, 12.4615 ], [ 75.5779, 12.4681 ], [ 75.5847, 12.4423 ], [ 75.5719, 12.4297 ], [ 75.5504, 12.434 ], [ 75.5536, 12.4295 ], [ 75.5358, 12.4097 ], [ 75.4913, 12.4242 ], [ 75.504, 12.4372 ], [ 75.4199, 12.4791 ], [ 75.4181, 12.5145 ], [ 75.4336, 12.5165 ], [ 75.4355, 12.5289 ] ] ] ] } },
{ "type": "Feature", "properties": { "area_id": "KGIS-H-250103", "name_en": "Bhagamandala", "name_kn": "", "level": "panchayat", "parent_id": "KGIS-T-2501", "district_en": "Kodagu", "lgd_code": null }, "geometry": { "type": "Polygon", "coordinates": [ [ [ 75.6104, 12.4713 ], [ 75.6379, 12.4521 ], [ 75.6359, 12.4255 ], [ 75.6805, 12.391 ], [ 75.6781, 12.3649 ], [ 75.698, 12.3699 ], [ 75.7074, 12.3525 ], [ 75.6821, 12.3518 ], [ 75.6829, 12.3373 ], [ 75.6669, 12.3249 ], [ 75.6569, 12.3343 ], [ 75.6451, 12.3266 ], [ 75.6349, 12.3373 ], [ 75.6338, 12.3277 ], [ 75.6203, 12.3302 ], [ 75.6192, 12.3371 ], [ 75.6066, 12.3303 ], [ 75.6079, 12.342 ], [ 75.585, 12.3549 ], [ 75.5842, 12.3322 ], [ 75.5643, 12.3286 ], [ 75.5507, 12.3164 ], [ 75.5577, 12.2998 ], [ 75.587, 12.2802 ], [ 75.5653, 12.255 ], [ 75.5339, 12.2663 ], [ 75.5118, 12.2579 ], [ 75.4705, 12.3011 ], [ 75.4597, 12.2947 ], [ 75.4296, 12.2994 ], [ 75.414, 12.2914 ], [ 75.4325, 12.3093 ], [ 75.4205, 12.3195 ], [ 75.4107, 12.3477 ], [ 75.4219, 12.3739 ], [ 75.3671, 12.4044 ], [ 75.3586, 12.4007 ], [ 75.3632, 12.4503 ], [ 75.386, 12.4548 ], [ 75.3947, 12.4492 ], [ 75.4197, 12.4703 ], [ 75.4355, 12.47 ], [ 75.4567, 12.4568 ], [ 75.4735, 12.4579 ], [ 75.504, 12.4372 ], [ 75.4897, 12.4248 ], [ 75.5358, 12.4097 ], [ 75.5536, 12.4295 ], [ 75.5502, 12.4332 ], [ 75.5504, 12.434 ], [ 75.5719, 12.4297 ], [ 75.5847, 12.4423 ], [ 75.5779, 12.4681 ], [ 75.5883, 12.4699 ], [ 75.6027, 12.4584 ], [ 75.6104, 12.4713 ] ] ] } },
{ "type": "Feature", "properties": { "area_id": "KGIS-H-250104", "name_en": "Napoklu", "name_kn": "", "level": "panchayat", "parent_id": "KGIS-T-2501", "district_en": "Kodagu", "lgd_code": null }, "geometry": { "type": "Polygon", "coordinates": [ [ [ 75.5873, 12.3549 ], [ 75.6079, 12.342 ], [ 75.6066, 12.3303 ], [ 75.6192, 12.3371 ], [ 75.6203, 12.3302 ], [ 75.6338, 12.3277 ], [ 75.6349, 12.3373 ], [ 75.6451, 12.3266 ], [ 75.6569, 12.3343 ], [ 75.6669, 12.3249 ], [ 75.6829, 12.3373 ], [ 75.6821, 12.3518 ], [ 75.7071, 12.3525 ], [ 75.7088, 12.3379 ], [ 75.6946, 12.3252 ], [ 75.6965, 12.3146 ], [ 75.7257, 12.2961 ], [ 75.7418, 12.2996 ], [ 75.7387, 12.2882 ], [ 75.7453, 12.2837 ], [ 75.7274, 12.2728 ], [ 75.7157, 12.2488 ], [ 75.7386, 12.238 ], [ 75.7424, 12.2152 ], [ 75.7344, 12.2174 ], [ 75.7294, 12.2086 ], [ 75.7247, 12.2163 ], [ 75.7141, 12.2138 ], [ 75.718, 12.206 ], [ 75.6957, 12.1775 ], [ 75.6844, 12.1772 ], [ 75.6683, 12.1606 ], [ 75.6614, 12.1423 ], [ 75.6757, 12.1115 ], [ 75.6731, 12.0982 ], [ 75.649, 12.1097 ], [ 75.636, 12.1493 ], [ 75.6187, 12.1568 ], [ 75.5958, 12.1545 ], [ 75.5925, 12.148 ], [ 75.5773, 12.158 ], [ 75.5476, 12.1972 ], [ 75.5317, 12.2024 ], [ 75.5389, 12.2152 ], [ 75.5266, 12.2225 ], [ 75.5105, 12.251 ], [ 75.5098, 12.2579 ], [ 75.5277, 12.2663 ], [ 75.5566, 12.2548 ], [ 75.577, 12.2627 ], [ 75.5864, 12.2814 ], [ 75.5577, 12.2998 ], [ 75.5507, 12.3164 ], [ 75.5643, 12.3286 ], [ 75.5842, 12.3322 ], [ 75.5809, 12.3504 ], [ 75.5873, 12.3549 ] ] ] } },
{ "type": "Feature", "properties": { "area_id": "KGIS-H-250201", "name_en": "Suntikoppa", "name_kn": "", "level": "panchayat", "parent_id": "KGIS-T-2502", "district_en": "Kodagu", "lgd_code": null }, "geometry": { "type": "Polygon", "coordinates": [ [ [ 75.6609, 12.6391 ], [ 75.7359, 12.627 ], [ 75.7416, 12.6385 ], [ 75.7546, 12.6384 ], [ 75.7611, 12.6217 ], [ 75.7529, 12.6144 ], [ 75.7563, 12.6066 ], [ 75.8158, 12.5333 ], [ 75.8359, 12.5305 ], [ 75.8426, 12.5181 ], [ 75.8521, 12.522 ], [ 75.8537, 12.4978 ], [ 75.865, 12.49 ], [ 75.875, 12.5027 ], [ 75.8812, 12.4815 ], [ 75.8902, 12.4924 ], [ 75.9011, 12.4854 ], [ 75.9077, 12.4659 ], [ 75.9004, 12.4473 ], [ 75.8896, 12.4415 ], [ 75.887, 12.4168 ], [ 75.8355, 12.3415 ], [ 75.8194, 12.3614 ], [ 75.8203, 12.374 ], [ 75.799, 12.3882 ], [ 75.8002, 12.399 ], [ 75.7866, 12.4124 ], [ 75.7941, 12.4255 ], [ 75.7706, 12.4692 ], [ 75.786, 12.4849 ], [ 75.7677, 12.5246 ], [ 75.7568, 12.5409 ], [ 75.7326, 12.5396 ], [ 75.7315, 12.5919 ], [ 75.6753, 12.6087 ], [ 75.6602, 12.5959 ], [ 75.6525, 12.622 ], [ 75.6431, 12.627 ], [ 75.6609, 12.6391 ] ] ] } },
{ "type": "Feature", "properties": { "area_id": "KGIS-H-250202", "name_en": "Kushalanagara", "name_kn": "", "level": "panchayat", "parent_id": "KGIS-T-2502", "district_en": "Kodagu", "lgd_code": null }, "geometry": { "type": "Polygon", "coordinates": [ [ [ 75.946, 12.5989 ], [ 75.9646, 12.5605 ], [ 75.9749, 12.5624 ], [ 75.9691, 12.5769 ], [ 75.989, 12.5741 ], [ 75.9936, 12.5882 ], [ 76.0173, 12.5664 ], [ 76.0118, 12.555 ], [ 75.9916, 12.561 ], [ 75.9984, 12.546 ], [ 75.9824, 12.5409 ], [ 75.9931, 12.5213 ], [ 75.9757, 12.5202 ], [ 75.9599, 12.5053 ], [ 75.972, 12.4501 ], [ 75.9463, 12.4496 ], [ 75.9259, 12.4369 ], [ 75.9106, 12.4056 ], [ 75.9142, 12.3812 ], [ 75.8974, 12.3676 ], [ 75.9033, 12.3463 ], [ 75.8842, 12.3413 ], [ 75.8781, 12.3316 ], [ 75.8872, 12.3193 ], [ 75.8738, 12.3065 ], [ 75.857, 12.3051 ], [ 75.8533, 12.2958 ], [ 75.845, 12.3291 ], [ 75.8325, 12.3357 ], [ 75.8829, 12.4083 ], [ 75.8896, 12.4415 ], [ 75.9004, 12.4473 ], [ 75.9078, 12.4668 ], [ 75.8933, 12.491 ], [ 75.8812, 12.4815 ], [ 75.8833, 12.5121 ], [ 75.8572, 12.5379 ], [ 75.8639, 12.5451 ], [ 75.8981, 12.5262 ], [ 75.9043, 12.5037 ], [ 75.9169, 12.5182 ], [ 75.9131, 12.534 ], [ 75.9215, 12.5473 ], [ 75.9353, 12.5493 ], [ 75.9274, 12.5919 ], [ 75.946, 12.5989 ] ] ] } },
{ "type": "Feature", "properties": { "area_id": "KGIS-H-250203", "name_en": "Somavarapete", "name_kn": "", "level": "panchayat", "parent_id": "KGIS-T-2502", "district_en": "Kodagu", "lgd_code": null }, "geometry": { "type": "Polygon", "coordinates": [ [ [ 75.8176, 12.6331 ], [ 75.8498, 12.6292 ], [ 75.8836, 12.591 ], [ 75.8912, 12.5955 ], [ 75.9, 12.5853 ], [ 75.9068, 12.588 ], [ 75.9064, 12.599 ], [ 75.8967, 12.6038 ], [ 75.8969, 12.6198 ], [ 75.9048, 12.6277 ], [ 75.9214, 12.6191 ], [ 75.9243, 12.6312 ], [ 75.9322, 12.6325 ], [ 75.9493, 12.621 ], [ 75.9392, 12.609 ], [ 75.9455, 12.5995 ], [ 75.9274, 12.5919 ], [ 75.9353, 12.5493 ], [ 75.9215, 12.5473 ], [ 75.9131, 12.534 ], [ 75.9169, 12.5182 ], [ 75.9043, 12.5037 ], [ 75.8981, 12.5262 ], [ 75.8851, 12.5284 ], [ 75.8795, 12.5393 ], [ 75.8588, 12.5409 ], [ 75.8847, 12.5069 ], [ 75.8822, 12.5002 ], [ 75.8689, 12.5006 ], [ 75.8662, 12.4902 ], [ 75.8537, 12.4978 ], [ 75.8521, 12.522 ], [ 75.8426, 12.5181 ], [ 75.8359, 12.5305 ], [ 75.8189, 12.5302 ], [ 75.7732, 12.587 ], [ 75.7845, 12.6093 ], [ 75.807, 12.5849 ], [ 75.8175, 12.5889 ], [ 75.8248, 12.5789 ], [ 75.8138, 12.6048 ], [ 75.8073, 12.6041 ], [ 75.8095, 12.6176 ], [ 75.8176, 12.6331 ] ] ] } },
{ "type": "Feature", "properties": { "area_id": "KGIS-H-250204", "name_en": "Shantalli", "name_kn": "", "level": "panchayat", "parent_id": "KGIS-T-2502", "district_en": "Kodagu", "lgd_code": null }, "geometry": { "type": "Polygon", "coordinates": [ [ [ 75.7157, 12.7055 ], [ 75.7605, 12.6736 ], [ 75.8075, 12.7013 ], [ 75.8334, 12.6715 ], [ 75.8525, 12.6696 ], [ 75.8572, 12.6488 ], [ 75.8475, 12.6448 ], [ 75.8498, 12.6292 ], [ 75.8176, 12.6331 ], [ 75.8069, 12.6089 ], [ 75.8273, 12.5805 ], [ 75.8175, 12.5889 ], [ 75.807, 12.5849 ], [ 75.7852, 12.6092 ], [ 75.7719, 12.5945 ], [ 75.76, 12.6005 ], [ 75.7529, 12.6144 ], [ 75.7611, 12.6217 ], [ 75.7546, 12.6384 ], [ 75.7416, 12.6385 ], [ 75.7359, 12.627 ], [ 75.6609, 12.6391 ], [ 75.6423, 12.6274 ], [ 75.6477, 12.6655 ], [ 75.6667, 12.6981 ], [ 75.7157, 12.7055 ] ] ] } },
{ "type": "Feature", "properties": { "area_id": "KGIS-H-250205", "name_en": "Shanivarasante", "name_kn": "", "level": "panchayat", "parent_id": "KGIS-T-2502", "district_en": "Kodagu", "lgd_code": null }, "geometry": { "type": "Polygon", "coordinates": [ [ [ 75.8842, 12.7502 ], [ 75.9023, 12.715 ], [ 75.9151, 12.7238 ], [ 75.9661, 12.7098 ], [ 75.9562, 12.6782 ], [ 75.94, 12.6744 ], [ 75.9476, 12.664 ], [ 75.9388, 12.6496 ], [ 75.9405, 12.6322 ], [ 75.9254, 12.6322 ], [ 75.9229, 12.6195 ], [ 75.9048, 12.6277 ], [ 75.8969, 12.6198 ], [ 75.8967, 12.6038 ], [ 75.9064, 12.599 ], [ 75.9068, 12.588 ], [ 75.9, 12.5853 ], [ 75.8912, 12.5955 ], [ 75.8836, 12.591 ], [ 75.8682, 12.6156 ], [ 75.855, 12.6171 ], [ 75.8475, 12.6448 ], [ 75.8569, 12.6456 ], [ 75.8525, 12.6696 ], [ 75.8882, 12.6776 ], [ 75.8849, 12.708 ], [ 75.8733, 12.7094 ], [ 75.8515, 12.7296 ], [ 75.8775, 12.7355 ], [ 75.8842, 12.7502 ] ] ] } },
{ "type": "Feature", "properties": { "area_id": "KGIS-H-250206", "name_en": "Kodlipete", "name_kn": "", "level": "panchayat", "parent_id": "KGIS-T-2502", "district_en": "Kodagu", "lgd_code": null }, "geometry": { "type": "Polygon", "coordinates": [ [ [ 75.8784, 12.8334 ], [ 75.9092, 12.8164 ], [ 75.9199, 12.8281 ], [ 75.9282, 12.8214 ], [ 75.9254, 12.8114 ], [ 75.9471, 12.808 ], [ 75.9493, 12.8002 ], [ 75.9675, 12.8037 ], [ 75.971, 12.7827 ], [ 75.9582, 12.7822 ], [ 75.9529, 12.768 ], [ 75.933, 12.7643 ], [ 75.9423, 12.7207 ], [ 75.9193, 12.7182 ], [ 75.9151, 12.7238 ], [ 75.9023, 12.715 ], [ 75.8822, 12.7524 ], [ 75.8775, 12.7355 ], [ 75.8515, 12.7303 ], [ 75.849, 12.7499 ], [ 75.8597, 12.7573 ], [ 75.8579, 12.7702 ], [ 75.8732, 12.7697 ], [ 75.8777, 12.7763 ], [ 75.8633, 12.7954 ], [ 75.8636, 12.819 ], [ 75.8759, 12.8236 ], [ 75.8784, 12.8334 ] ] ] } },
{ "type": "Feature", "properties": { "area_id": "KGIS-H-250301", "name_en": "Virajapete", "name_kn": "", "level": "panchayat", "parent_id": "KGIS-T-2503", "district_en": "Kodagu", "lgd_code": null }, "geometry": { "type": "Polygon", "coordinates": [ [ [ 75.7775, 12.2875 ], [ 75.7921, 12.2657 ], [ 75.813, 12.2634 ], [ 75.8202, 12.2476 ], [ 75.829, 12.2537 ], [ 75.836, 12.2515 ], [ 75.826, 12.2382 ], [ 75.8287, 12.2045 ], [ 75.8398, 12.189 ], [ 75.8582, 12.1846 ], [ 75.8498, 12.1667 ], [ 75.8846, 12.1389 ], [ 75.8645, 12.1324 ], [ 75.8575, 12.0714 ], [ 75.766, 12.085 ], [ 75.7152, 12.0706 ], [ 75.718, 12.0859 ], [ 75.7022, 12.0925 ], [ 75.7032, 12.1083 ], [ 75.6878, 12.1106 ], [ 75.6731, 12.0982 ], [ 75.6757, 12.1115 ], [ 75.6614, 12.1423 ], [ 75.6683, 12.1606 ], [ 75.6844, 12.1772 ], [ 75.6957, 12.1775 ], [ 75.718, 12.206 ], [ 75.7141, 12.2138 ], [ 75.7247, 12.2163 ], [ 75.7294, 12.2086 ], [ 75.7344, 12.2174 ], [ 75.7424, 12.2152 ], [ 75.7386, 12.238 ], [ 75.7157, 12.248 ], [ 75.7212, 12.2637 ], [ 75.7453, 12.2844 ], [ 75.7522, 12.2736 ], [ 75.7591, 12.2828 ], [ 75.7694, 12.276 ], [ 75.7775, 12.2875 ] ] ] } },
{ "type": "Feature", "properties": { "area_id": "KGIS-H-250302", "name_en": "Hudikeri", "name_kn": "", "level": "panchayat", "parent_id": "KGIS-T-2503", "district_en": "Kodagu", "lgd_code": null }, "geometry": { "type": "Polygon", "coordinates": [ [ [ 75.9464, 12.1368 ], [ 75.9755, 12.1091 ], [ 76.0106, 12.0942 ], [ 76.0067, 12.0758 ], [ 75.9928, 12.0814 ], [ 75.9884, 12.0601 ], [ 75.9641, 12.0592 ], [ 75.9352, 12.0414 ], [ 75.94, 12.0364 ], [ 75.9219, 12.0132 ], [ 75.9337, 11.9942 ], [ 75.9249, 11.9654 ], [ 75.9551, 11.9424 ], [ 75.9307, 11.9399 ], [ 75.8704, 11.9528 ], [ 75.8545, 11.9644 ], [ 75.8498, 11.9845 ], [ 75.8314, 11.992 ], [ 75.8248, 12.0127 ], [ 75.8016, 12.0362 ], [ 75.7947, 12.0567 ], [ 75.7999, 12.0795 ], [ 75.8877, 12.068 ], [ 75.9031, 12.0869 ], [ 75.905, 12.1215 ], [ 75.9248, 12.1191 ], [ 75.9464, 12.1368 ] ] ] } },
{ "type": "Feature", "properties": { "area_id": "KGIS-H-250303", "name_en": "Ammati", "name_kn": "", "level": "panchayat", "parent_id": "KGIS-T-2503", "district_en": "Kodagu", "lgd_code": null }, "geometry": { "type": "Polygon", "coordinates": [ [ [ 75.9222, 12.3865 ], [ 75.9717, 12.353 ], [ 75.9676, 12.3435 ], [ 76.0008, 12.3322 ], [ 75.9966, 12.3104 ], [ 76.0145, 12.2878 ], [ 75.9951, 12.2871 ], [ 75.9465, 12.2333 ], [ 75.9355, 12.2364 ], [ 75.9188, 12.2138 ], [ 75.9049, 12.2132 ], [ 75.9053, 12.1938 ], [ 75.8953, 12.1962 ], [ 75.8931, 12.1859 ], [ 75.8838, 12.1833 ], [ 75.883, 12.1908 ], [ 75.8783, 12.1792 ], [ 75.8643, 12.1785 ], [ 75.8664, 12.1558 ], [ 75.8498, 12.1667 ], [ 75.8582, 12.1846 ], [ 75.8398, 12.189 ], [ 75.8287, 12.2045 ], [ 75.826, 12.2382 ], [ 75.836, 12.2515 ], [ 75.8202, 12.2476 ], [ 75.813, 12.2634 ], [ 75.7831, 12.2715 ], [ 75.7776, 12.2875 ], [ 75.7913, 12.3024 ], [ 75.8101, 12.2925 ], [ 75.8072, 12.2994 ], [ 75.8218, 12.3155 ], [ 75.8307, 12.3077 ], [ 75.8272, 12.2991 ], [ 75.8472, 12.31 ], [ 75.8535, 12.2958 ], [ 75.8573, 12.3052 ], [ 75.8801, 12.3101 ], [ 75.8876, 12.321 ], [ 75.8792, 12.3296 ], [ 75.8781, 12.3316 ], [ 75.8785, 12.333 ], [ 75.9042, 12.3482 ], [ 75.8974, 12.3676 ], [ 75.9222, 12.3865 ] ] ] } },
{ "type": "Feature", "properties": { "area_id": "KGIS-H-250304", "name_en": "Shreemangala", "name_kn": "", "level": "panchayat", "parent_id": "KGIS-T-2503", "district_en": "Kodagu", "lgd_code": null }, "geometry": { "type": "Polygon", "coordinates": [ [ [ 76.0156, 12.093 ], [ 76.0471, 12.0726 ], [ 76.088, 12.0692 ], [ 76.1298, 12.0769 ], [ 76.1834, 12.0617 ], [ 76.189, 12.0504 ], [ 76.1838, 12.0359 ], [ 76.1481, 12.0152 ], [ 76.1222, 11.9794 ], [ 76.0628, 11.9609 ], [ 76.0331, 11.9403 ], [ 76.0131, 11.9418 ], [ 76.0034, 11.931 ], [ 75.955, 11.9392 ], [ 75.9468, 11.9538 ], [ 75.9249, 11.9654 ], [ 75.9337, 11.9942 ], [ 75.9219, 12.0132 ], [ 75.94, 12.0364 ], [ 75.9363, 12.0424 ], [ 75.9439, 12.041 ], [ 75.9641, 12.0592 ], [ 75.9884, 12.0601 ], [ 75.9928, 12.0814 ], [ 76.0067, 12.0758 ], [ 76.0064, 12.0869 ], [ 76.0156, 12.093 ] ] ] } },
{ "type": "Feature", "properties": { "area_id": "KGIS-H-250305", "name_en": "Ponnampete", "name_kn": "", "level": "panchayat", "parent_id": "KGIS-T-2503", "district_en": "Kodagu", "lgd_code": null }, "geometry": { "type": "Polygon", "coordinates": [ [ [ 75.9992, 12.2892 ], [ 76.0142, 12.2869 ], [ 76.0135, 12.2688 ], [ 76.0245, 12.2485 ], [ 76.0404, 12.2526 ], [ 76.0518, 12.2457 ], [ 76.0596, 12.2537 ], [ 76.1022, 12.1967 ], [ 76.1315, 12.1978 ], [ 76.1431, 12.1569 ], [ 76.1709, 12.118 ], [ 76.1834, 12.0617 ], [ 76.1241, 12.0777 ], [ 76.088, 12.0692 ], [ 76.0471, 12.0726 ], [ 76.0189, 12.0952 ], [ 75.9755, 12.1091 ], [ 75.944, 12.1388 ], [ 75.9248, 12.1191 ], [ 75.905, 12.1215 ], [ 75.9031, 12.0869 ], [ 75.8877, 12.068 ], [ 75.8575, 12.071 ], [ 75.8645, 12.1324 ], [ 75.8846, 12.1389 ], [ 75.8681, 12.1506 ], [ 75.8643, 12.1785 ], [ 75.8783, 12.1792 ], [ 75.8792, 12.1872 ], [ 75.883, 12.1908 ], [ 75.8838, 12.1833 ], [ 75.8931, 12.1859 ], [ 75.8953, 12.1962 ], [ 75.9053, 12.1938 ], [ 75.9049, 12.2132 ], [ 75.9188, 12.2138 ], [ 75.9355, 12.2364 ], [ 75.9465, 12.2333 ], [ 75.9992, 12.2892 ] ], [ [ 76.0205, 12.1883 ], [ 76.0101, 12.1752 ], [ 75.9937, 12.1882 ], [ 75.9882, 12.1778 ], [ 75.9679, 12.1716 ], [ 75.9641, 12.1587 ], [ 75.9893, 12.1501 ], [ 75.993, 12.1065 ], [ 76.0181, 12.1184 ], [ 76.0209, 12.1113 ], [ 76.0358, 12.1134 ], [ 76.0657, 12.0942 ], [ 76.0785, 12.104 ], [ 76.0862, 12.1484 ], [ 76.0974, 12.1677 ], [ 76.0706, 12.163 ], [ 76.0757, 12.1738 ], [ 76.0639, 12.1639 ], [ 76.0436, 12.1882 ], [ 76.0342, 12.1786 ], [ 76.0205, 12.1883 ] ] ] } },
{ "type": "Feature", "properties": { "area_id": "KGIS-H-250306", "name_en": "Balele", "name_kn": "", "level": "panchayat", "parent_id": "KGIS-T-2503", "district_en": "Kodagu", "lgd_code": null }, "geometry": { "type": "Polygon", "coordinates": [ [ [ 76.0221, 12.1904 ], [ 76.0342, 12.1786 ], [ 76.0436, 12.1882 ], [ 76.0639, 12.1639 ], [ 76.0757, 12.1738 ], [ 76.0706, 12.163 ], [ 76.0974, 12.1677 ], [ 76.0862, 12.1484 ], [ 76.0785, 12.104 ], [ 76.0657, 12.0942 ], [ 76.0358, 12.1134 ], [ 76.0209, 12.1113 ], [ 76.0181, 12.1184 ], [ 75.993, 12.1065 ], [ 75.9893, 12.1501 ], [ 75.9641, 12.1587 ], [ 75.9679, 12.1716 ], [ 75.9882, 12.1778 ], [ 75.9937, 12.1882 ], [ 76.0095, 12.1752 ], [ 76.0221, 12.1904 ] ] ] } },
{ "type": "Feature", "properties": { "area_id": "KGIS-H-260101", "name_en": "Kasaba", "name_kn": "", "level": "panchayat", "parent_id": "KGIS-T-2601", "district_en": "Mysuru", "lgd_code": null }, "geometry": { "type": "Polygon", "coordinates": [ [ [ 75.9994, 12.4244 ], [ 76.0168, 12.4081 ], [ 76.013, 12.3938 ], [ 76.053, 12.3813 ], [ 76.0567, 12.3623 ], [ 76.0679, 12.3659 ], [ 76.0827, 12.3478 ], [ 76.0917, 12.3501 ], [ 76.0901, 12.3666 ], [ 76.0972, 12.3666 ], [ 76.108, 12.3608 ], [ 76.1057, 12.3375 ], [ 76.1407, 12.3385 ], [ 76.1514, 12.3256 ], [ 76.1482, 12.3122 ], [ 76.1548, 12.3136 ], [ 76.1603, 12.3017 ], [ 76.1562, 12.2776 ], [ 76.1233, 12.2591 ], [ 76.1221, 12.2445 ], [ 76.1, 12.2249 ], [ 76.1334, 12.2045 ], [ 76.1292, 12.1955 ], [ 76.1022, 12.1967 ], [ 76.0596, 12.2537 ], [ 76.0518, 12.2457 ], [ 76.0404, 12.2526 ], [ 76.0245, 12.2485 ], [ 76.0135, 12.2688 ], [ 76.0141, 12.2926 ], [ 75.9944, 12.3178 ], [ 76.0025, 12.3299 ], [ 75.966, 12.3448 ], [ 75.9813, 12.3633 ], [ 75.9778, 12.3849 ], [ 76.0052, 12.3913 ], [ 75.9883, 12.4091 ], [ 75.9994, 12.4244 ] ] ] } },
{ "type": "Feature", "properties": { "area_id": "KGIS-H-260102", "name_en": "Haranahalli", "name_kn": "", "level": "panchayat", "parent_id": "KGIS-T-2601", "district_en": "Mysuru", "lgd_code": null }, "geometry": { "type": "Polygon", "coordinates": [ [ [ 76.046, 12.5776 ], [ 76.0478, 12.5613 ], [ 76.0939, 12.5431 ], [ 76.0866, 12.5389 ], [ 76.0934, 12.5321 ], [ 76.0814, 12.5312 ], [ 76.0724, 12.5141 ], [ 76.0826, 12.5066 ], [ 76.0768, 12.4867 ], [ 76.0874, 12.4613 ], [ 76.0628, 12.4657 ], [ 76.0562, 12.4523 ], [ 76.0288, 12.456 ], [ 76.0339, 12.4377 ], [ 76.0547, 12.431 ], [ 76.0466, 12.3861 ], [ 76.013, 12.3938 ], [ 76.0168, 12.4081 ], [ 75.9962, 12.426 ], [ 75.9984, 12.4147 ], [ 75.9883, 12.4091 ], [ 76.0052, 12.3913 ], [ 75.9778, 12.3849 ], [ 75.9813, 12.3633 ], [ 75.9717, 12.353 ], [ 75.9319, 12.3823 ], [ 75.9148, 12.3833 ], [ 75.9106, 12.4058 ], [ 75.9259, 12.4369 ], [ 75.9463, 12.4496 ], [ 75.972, 12.4501 ], [ 75.9599, 12.5053 ], [ 75.9757, 12.5202 ], [ 75.9931, 12.5213 ], [ 75.9824, 12.5409 ], [ 75.9984, 12.546 ], [ 75.9916, 12.561 ], [ 76.0118, 12.555 ], [ 76.0215, 12.5772 ], [ 76.046, 12.5776 ] ], [ [ 76.0247, 12.4807 ], [ 76.0109, 12.4775 ], [ 76.0061, 12.463 ], [ 76.0218, 12.451 ], [ 76.036, 12.467 ], [ 76.0247, 12.4807 ] ] ] } },
{ "type": "Feature", "properties": { "area_id": "KGIS-H-260103", "name_en": "Bettadapura", "name_kn": "", "level": "panchayat", "parent_id": "KGIS-T-2601", "district_en": "Mysuru", "lgd_code": null }, "geometry": { "type": "MultiPolygon", "coordinates": [ [ [ [ 76.0255, 12.4802 ], [ 76.036, 12.467 ], [ 76.0218, 12.451 ], [ 76.0061, 12.463 ], [ 76.0109, 12.4775 ], [ 76.0255, 12.4802 ] ] ], [ [ [ 76.0971, 12.533 ], [ 76.1152, 12.5126 ], [ 76.1154, 12.5292 ], [ 76.1347, 12.5296 ], [ 76.135, 12.5179 ], [ 76.1886, 12.5146 ], [ 76.1968, 12.4967 ], [ 76.2072, 12.5075 ], [ 76.2295, 12.5022 ], [ 76.2213, 12.4809 ], [ 76.2264, 12.4618 ], [ 76.1925, 12.4581 ], [ 76.1859, 12.4685 ], [ 76.174, 12.4581 ], [ 76.1575, 12.4613 ], [ 76.1534, 12.4439 ], [ 76.1699, 12.4429 ], [ 76.1687, 12.4247 ], [ 76.1488, 12.4067 ], [ 76.1323, 12.423 ], [ 76.1057, 12.4297 ], [ 76.0978, 12.4226 ], [ 76.104, 12.4118 ], [ 76.0926, 12.3994 ], [ 76.052, 12.4074 ], [ 76.0547, 12.4311 ], [ 76.0339, 12.4377 ], [ 76.0288, 12.456 ], [ 76.0562, 12.4523 ], [ 76.0628, 12.4657 ], [ 76.0874, 12.4613 ], [ 76.0768, 12.4867 ], [ 76.0826, 12.5066 ], [ 76.0724, 12.5141 ], [ 76.0814, 12.5312 ], [ 76.0971, 12.533 ] ] ] ] } },
{ "type": "Feature", "properties": { "area_id": "KGIS-H-260104", "name_en": "Ravanduru", "name_kn": "", "level": "panchayat", "parent_id": "KGIS-T-2601", "district_en": "Mysuru", "lgd_code": null }, "geometry": { "type": "Polygon", "coordinates": [ [ [ 76.1865, 12.4685 ], [ 76.1925, 12.4581 ], [ 76.2235, 12.4625 ], [ 76.2193, 12.4467 ], [ 76.2377, 12.4413 ], [ 76.2385, 12.4274 ], [ 76.2136, 12.4175 ], [ 76.2439, 12.3947 ], [ 76.2319, 12.3926 ], [ 76.2356, 12.3749 ], [ 76.2092, 12.3651 ], [ 76.1926, 12.3755 ], [ 76.183, 12.3702 ], [ 76.1804, 12.3562 ], [ 76.1637, 12.3543 ], [ 76.1651, 12.343 ], [ 76.182, 12.3326 ], [ 76.1815, 12.32 ], [ 76.1633, 12.3296 ], [ 76.1482, 12.3122 ], [ 76.1514, 12.3256 ], [ 76.1407, 12.3385 ], [ 76.1057, 12.3375 ], [ 76.108, 12.3608 ], [ 76.0901, 12.3666 ], [ 76.0917, 12.3502 ], [ 76.0827, 12.3478 ], [ 76.0679, 12.3659 ], [ 76.0632, 12.3628 ], [ 76.0556, 12.3631 ], [ 76.053, 12.3813 ], [ 76.0424, 12.3857 ], [ 76.0519, 12.3905 ], [ 76.0463, 12.4039 ], [ 76.0926, 12.3994 ], [ 76.104, 12.4118 ], [ 76.0978, 12.4226 ], [ 76.1057, 12.4297 ], [ 76.1323, 12.423 ], [ 76.1488, 12.4067 ], [ 76.1687, 12.4247 ], [ 76.1699, 12.4429 ], [ 76.1534, 12.4439 ], [ 76.1561, 12.4592 ], [ 76.174, 12.4581 ], [ 76.1865, 12.4685 ] ] ] } },
{ "type": "Feature", "properties": { "area_id": "KGIS-H-260201", "name_en": "Kasaba", "name_kn": "", "level": "panchayat", "parent_id": "KGIS-T-2602", "district_en": "Mysuru", "lgd_code": null }, "geometry": { "type": "MultiPolygon", "coordinates": [ [ [ [ 76.3344, 12.3742 ], [ 76.3382, 12.3688 ], [ 76.3391, 12.3808 ], [ 76.354, 12.3597 ], [ 76.3651, 12.3661 ], [ 76.3628, 12.3607 ], [ 76.3663, 12.3603 ], [ 76.3658, 12.3624 ], [ 76.3689, 12.3627 ], [ 76.3725, 12.3688 ], [ 76.3816, 12.3678 ], [ 76.3813, 12.355 ], [ 76.3734, 12.3509 ], [ 76.3919, 12.3129 ], [ 76.4395, 12.3145 ], [ 76.4259, 12.2894 ], [ 76.405, 12.2935 ], [ 76.3961, 12.2777 ], [ 76.3867, 12.2843 ], [ 76.3843, 12.2703 ], [ 76.38, 12.2738 ], [ 76.3891, 12.2558 ], [ 76.3488, 12.2396 ], [ 76.3442, 12.2233 ], [ 76.3383, 12.2274 ], [ 76.3223, 12.214 ], [ 76.2985, 12.2138 ], [ 76.2877, 12.2294 ], [ 76.2948, 12.229 ], [ 76.2948, 12.2332 ], [ 76.2847, 12.2312 ], [ 76.2884, 12.2244 ], [ 76.2706, 12.2364 ], [ 76.2796, 12.2602 ], [ 76.2848, 12.2581 ], [ 76.2811, 12.2696 ], [ 76.2672, 12.2673 ], [ 76.2622, 12.2581 ], [ 76.2673, 12.2501 ], [ 76.2597, 12.2582 ], [ 76.2643, 12.2678 ], [ 76.2587, 12.2704 ], [ 76.2759, 12.2947 ], [ 76.2538, 12.2967 ], [ 76.2467, 12.3101 ], [ 76.2747, 12.3115 ], [ 76.2622, 12.3216 ], [ 76.2878, 12.3268 ], [ 76.2861, 12.3453 ], [ 76.2971, 12.3505 ], [ 76.2993, 12.3371 ], [ 76.3105, 12.3288 ], [ 76.3139, 12.3458 ], [ 76.3266, 12.3464 ], [ 76.3274, 12.3697 ], [ 76.3344, 12.3742 ] ], [ [ 76.334, 12.3649 ], [ 76.3309, 12.3689 ], [ 76.3303, 12.3644 ], [ 76.334, 12.3649 ] ] ], [ [ [ 76.3686, 12.3632 ], [ 76.3687, 12.3644 ], [ 76.3692, 12.3646 ], [ 76.3686, 12.3632 ] ] ], [ [ [ 76.3351, 12.3767 ], [ 76.3376, 12.3743 ], [ 76.3359, 12.3742 ], [ 76.3351, 12.3767 ] ] ] ] } },
{ "type": "Feature", "properties": { "area_id": "KGIS-H-260202", "name_en": "Bilikere", "name_kn": "", "level": "panchayat", "parent_id": "KGIS-T-2602", "district_en": "Mysuru", "lgd_code": null }, "geometry": { "type": "MultiPolygon", "coordinates": [ [ [ [ 76.4428, 12.4189 ], [ 76.4679, 12.4111 ], [ 76.468, 12.3818 ], [ 76.4899, 12.375 ], [ 76.4928, 12.3592 ], [ 76.5181, 12.3539 ], [ 76.5073, 12.3447 ], [ 76.4862, 12.2834 ], [ 76.4637, 12.2898 ], [ 76.4575, 12.2633 ], [ 76.4439, 12.2725 ], [ 76.4353, 12.2523 ], [ 76.4172, 12.2368 ], [ 76.4209, 12.2094 ], [ 76.4383, 12.2091 ], [ 76.4453, 12.1912 ], [ 76.4008, 12.1759 ], [ 76.4037, 12.1658 ], [ 76.3662, 12.1591 ], [ 76.338, 12.1844 ], [ 76.3204, 12.1802 ], [ 76.3157, 12.1971 ], [ 76.2985, 12.2138 ], [ 76.3223, 12.214 ], [ 76.3383, 12.2274 ], [ 76.3442, 12.2233 ], [ 76.3488, 12.2396 ], [ 76.3891, 12.2558 ], [ 76.38, 12.2738 ], [ 76.3843, 12.2703 ], [ 76.3867, 12.2843 ], [ 76.3961, 12.2777 ], [ 76.405, 12.2935 ], [ 76.4248, 12.2888 ], [ 76.4354, 12.2979 ], [ 76.4329, 12.3125 ], [ 76.4395, 12.3148 ], [ 76.3919, 12.3129 ], [ 76.3734, 12.3509 ], [ 76.3813, 12.355 ], [ 76.3816, 12.3678 ], [ 76.3791, 12.3668 ], [ 76.3725, 12.3688 ], [ 76.373, 12.3719 ], [ 76.3802, 12.3677 ], [ 76.3864, 12.3751 ], [ 76.3985, 12.3637 ], [ 76.4208, 12.3859 ], [ 76.4256, 12.3816 ], [ 76.436, 12.3896 ], [ 76.4428, 12.4189 ] ] ], [ [ [ 76.352, 12.362 ], [ 76.354, 12.3597 ], [ 76.3511, 12.3618 ], [ 76.352, 12.362 ] ] ], [ [ [ 76.3589, 12.3623 ], [ 76.3544, 12.362 ], [ 76.3599, 12.3632 ], [ 76.3589, 12.3623 ] ] ], [ [ [ 76.3728, 12.3673 ], [ 76.3663, 12.3603 ], [ 76.3628, 12.3607 ], [ 76.3728, 12.3673 ] ], [ [ 76.3684, 12.3639 ], [ 76.3689, 12.364 ], [ 76.3692, 12.3646 ], [ 76.3684, 12.3639 ] ] ], [ [ [ 76.3636, 12.3666 ], [ 76.3625, 12.3647 ], [ 76.3612, 12.3649 ], [ 76.3636, 12.3666 ] ] ] ] } },
{ "type": "Feature", "properties": { "area_id": "KGIS-H-260203", "name_en": "Hanagodu", "name_kn": "", "level": "panchayat", "parent_id": "KGIS-T-2602", "district_en": "Mysuru", "lgd_code": null }, "geometry": { "type": "MultiPolygon", "coordinates": [ [ [ [ 76.1906, 12.3749 ], [ 76.2092, 12.3651 ], [ 76.2356, 12.3749 ], [ 76.248, 12.336 ], [ 76.2678, 12.3342 ], [ 76.2694, 12.3215 ], [ 76.2609, 12.3175 ], [ 76.2729, 12.3162 ], [ 76.2747, 12.3115 ], [ 76.2467, 12.3101 ], [ 76.2538, 12.2967 ], [ 76.2762, 12.2938 ], [ 76.2587, 12.2704 ], [ 76.2643, 12.2678 ], [ 76.2597, 12.2582 ], [ 76.2673, 12.2501 ], [ 76.2622, 12.2581 ], [ 76.2672, 12.2673 ], [ 76.2811, 12.2696 ], [ 76.2848, 12.2581 ], [ 76.2796, 12.2602 ], [ 76.2706, 12.2364 ], [ 76.2884, 12.2244 ], [ 76.2847, 12.2312 ], [ 76.2948, 12.2332 ], [ 76.2877, 12.2294 ], [ 76.3103, 12.1937 ], [ 76.3019, 12.1889 ], [ 76.2796, 12.1961 ], [ 76.267, 12.2109 ], [ 76.2476, 12.2027 ], [ 76.2309, 12.1815 ], [ 76.2447, 12.163 ], [ 76.1666, 12.123 ], [ 76.1431, 12.1569 ], [ 76.1302, 12.2001 ], [ 76.1357, 12.2011 ], [ 76.1, 12.2249 ], [ 76.1221, 12.2445 ], [ 76.1233, 12.2591 ], [ 76.1562, 12.2776 ], [ 76.1575, 12.3259 ], [ 76.1841, 12.324 ], [ 76.1797, 12.3359 ], [ 76.1651, 12.343 ], [ 76.1637, 12.3543 ], [ 76.1804, 12.3562 ], [ 76.1906, 12.3749 ] ], [ [ 76.2419, 12.3351 ], [ 76.2499, 12.3299 ], [ 76.2556, 12.3321 ], [ 76.2499, 12.3315 ], [ 76.2419, 12.3351 ] ] ], [ [ [ 76.2694, 12.3363 ], [ 76.2671, 12.3358 ], [ 76.2674, 12.3368 ], [ 76.2694, 12.3363 ] ] ] ] } },
{ "type": "Feature", "properties": { "area_id": "KGIS-H-260204", "name_en": "Gavadagere", "name_kn": "", "level": "panchayat", "parent_id": "KGIS-T-2602", "district_en": "Mysuru", "lgd_code": null }, "geometry": { "type": "MultiPolygon", "coordinates": [ [ [ [ 76.2417, 12.3347 ], [ 76.2499, 12.3315 ], [ 76.2556, 12.3321 ], [ 76.2499, 12.3299 ], [ 76.2417, 12.3347 ] ] ], [ [ [ 76.3309, 12.3689 ], [ 76.334, 12.3649 ], [ 76.3301, 12.3648 ], [ 76.3309, 12.3689 ] ] ], [ [ [ 76.336, 12.3698 ], [ 76.3274, 12.3697 ], [ 76.3266, 12.3464 ], [ 76.3139, 12.3458 ], [ 76.3105, 12.3288 ], [ 76.2993, 12.3371 ], [ 76.2971, 12.3505 ], [ 76.2858, 12.3446 ], [ 76.2886, 12.3276 ], [ 76.2694, 12.3215 ], [ 76.2669, 12.3352 ], [ 76.248, 12.336 ], [ 76.2312, 12.3793 ], [ 76.2326, 12.3937 ], [ 76.2439, 12.3947 ], [ 76.2252, 12.4034 ], [ 76.2144, 12.4215 ], [ 76.2578, 12.4265 ], [ 76.3063, 12.3992 ], [ 76.3151, 12.4216 ], [ 76.3267, 12.4191 ], [ 76.3291, 12.4288 ], [ 76.3362, 12.4289 ], [ 76.3802, 12.4135 ], [ 76.3823, 12.4029 ], [ 76.3945, 12.3959 ], [ 76.4366, 12.3936 ], [ 76.395, 12.3626 ], [ 76.3864, 12.3751 ], [ 76.3541, 12.3609 ], [ 76.3413, 12.3806 ], [ 76.336, 12.3698 ] ], [ [ 76.3376, 12.3743 ], [ 76.3356, 12.3778 ], [ 76.3359, 12.3742 ], [ 76.3376, 12.3743 ] ], [ [ 76.2685, 12.3367 ], [ 76.2686, 12.3352 ], [ 76.2695, 12.3353 ], [ 76.2685, 12.3367 ] ] ] ] } },
{ "type": "Feature", "properties": { "area_id": "KGIS-H-260301", "name_en": "Kasaba", "name_kn": "", "level": "panchayat", "parent_id": "KGIS-T-2603", "district_en": "Mysuru", "lgd_code": null }, "geometry": { "type": "Polygon", "coordinates": [ [ [ 76.4162, 12.5318 ], [ 76.448, 12.5057 ], [ 76.4513, 12.4859 ], [ 76.4938, 12.4655 ], [ 76.5035, 12.4513 ], [ 76.4597, 12.4416 ], [ 76.4735, 12.4154 ], [ 76.4552, 12.4111 ], [ 76.4432, 12.4191 ], [ 76.4366, 12.3936 ], [ 76.3945, 12.3959 ], [ 76.3579, 12.4296 ], [ 76.3788, 12.4327 ], [ 76.3728, 12.4544 ], [ 76.382, 12.4663 ], [ 76.3793, 12.4592 ], [ 76.3889, 12.4596 ], [ 76.3874, 12.4694 ], [ 76.3994, 12.4702 ], [ 76.4113, 12.4873 ], [ 76.4162, 12.5318 ] ] ] } },
{ "type": "Feature", "properties": { "area_id": "KGIS-H-260302", "name_en": "Hebbalu", "name_kn": "", "level": "panchayat", "parent_id": "KGIS-T-2603", "district_en": "Mysuru", "lgd_code": null }, "geometry": { "type": "Polygon", "coordinates": [ [ [ 76.3245, 12.5163 ], [ 76.3914, 12.4878 ], [ 76.3908, 12.4631 ], [ 76.3801, 12.4589 ], [ 76.3842, 12.4628 ], [ 76.382, 12.4663 ], [ 76.3728, 12.4544 ], [ 76.3788, 12.4327 ], [ 76.3607, 12.4333 ], [ 76.357, 12.4257 ], [ 76.3291, 12.4288 ], [ 76.3269, 12.4191 ], [ 76.3151, 12.4216 ], [ 76.3063, 12.3992 ], [ 76.2749, 12.4137 ], [ 76.2684, 12.4386 ], [ 76.3248, 12.445 ], [ 76.3149, 12.4573 ], [ 76.3222, 12.4779 ], [ 76.3116, 12.4871 ], [ 76.3191, 12.497 ], [ 76.3077, 12.5053 ], [ 76.3245, 12.5163 ] ] ] } },
{ "type": "Feature", "properties": { "area_id": "KGIS-H-260303", "name_en": "Chunchanakatte", "name_kn": "", "level": "panchayat", "parent_id": "KGIS-T-2603", "district_en": "Mysuru", "lgd_code": null }, "geometry": { "type": "Polygon", "coordinates": [ [ [ 76.1523, 12.5801 ], [ 76.1844, 12.5723 ], [ 76.176, 12.5605 ], [ 76.1831, 12.5461 ], [ 76.2141, 12.5298 ], [ 76.226, 12.535 ], [ 76.2269, 12.5206 ], [ 76.2486, 12.5223 ], [ 76.2902, 12.5049 ], [ 76.3124, 12.5096 ], [ 76.3077, 12.5053 ], [ 76.3191, 12.4966 ], [ 76.3116, 12.4871 ], [ 76.3222, 12.4779 ], [ 76.3149, 12.4573 ], [ 76.3248, 12.445 ], [ 76.2757, 12.4435 ], [ 76.2684, 12.4386 ], [ 76.2714, 12.4193 ], [ 76.2387, 12.4249 ], [ 76.2377, 12.4413 ], [ 76.2193, 12.4467 ], [ 76.2295, 12.5022 ], [ 76.2072, 12.5075 ], [ 76.1968, 12.4967 ], [ 76.1886, 12.5146 ], [ 76.1339, 12.5184 ], [ 76.136, 12.5378 ], [ 76.1526, 12.5465 ], [ 76.1523, 12.5801 ] ] ] } },
{ "type": "Feature", "properties": { "area_id": "KGIS-H-260304", "name_en": "Saligrama", "name_kn": "", "level": "panchayat", "parent_id": "KGIS-T-2603", "district_en": "Mysuru", "lgd_code": null }, "geometry": { "type": "Polygon", "coordinates": [ [ [ 76.2226, 12.6441 ], [ 76.2438, 12.6377 ], [ 76.2458, 12.6258 ], [ 76.2651, 12.6192 ], [ 76.2607, 12.5987 ], [ 76.2682, 12.5707 ], [ 76.2894, 12.5816 ], [ 76.3046, 12.5644 ], [ 76.2847, 12.5377 ], [ 76.2902, 12.5056 ], [ 76.2486, 12.5223 ], [ 76.2269, 12.5206 ], [ 76.2297, 12.5323 ], [ 76.1996, 12.5352 ], [ 76.1764, 12.5581 ], [ 76.1821, 12.5756 ], [ 76.1964, 12.5775 ], [ 76.1921, 12.5933 ], [ 76.2044, 12.6147 ], [ 76.2136, 12.6167 ], [ 76.2083, 12.6366 ], [ 76.2226, 12.6441 ] ] ] } },
{ "type": "Feature", "properties": { "area_id": "KGIS-H-260305", "name_en": "Mirle", "name_kn": "", "level": "panchayat", "parent_id": "KGIS-T-2603", "district_en": "Mysuru", "lgd_code": null }, "geometry": { "type": "Polygon", "coordinates": [ [ [ 76.2791, 12.6311 ], [ 76.2796, 12.617 ], [ 76.2907, 12.6169 ], [ 76.2986, 12.6293 ], [ 76.301, 12.6219 ], [ 76.3089, 12.6234 ], [ 76.3063, 12.6094 ], [ 76.3261, 12.6099 ], [ 76.3267, 12.5827 ], [ 76.3518, 12.5649 ], [ 76.3448, 12.5051 ], [ 76.3277, 12.5108 ], [ 76.3252, 12.521 ], [ 76.3113, 12.5107 ], [ 76.3033, 12.5198 ], [ 76.3, 12.5065 ], [ 76.2902, 12.5049 ], [ 76.2847, 12.5377 ], [ 76.3046, 12.5644 ], [ 76.2894, 12.5816 ], [ 76.2682, 12.5707 ], [ 76.2607, 12.5987 ], [ 76.2658, 12.6286 ], [ 76.2791, 12.6311 ] ] ] } },
{ "type": "Feature", "properties": { "area_id": "KGIS-H-260306", "name_en": "Hosagrahara", "name_kn": "", "level": "panchayat", "parent_id": "KGIS-T-2603", "district_en": "Mysuru", "lgd_code": null }, "geometry": { "type": "Polygon", "coordinates": [ [ [ 76.3522, 12.6504 ], [ 76.3641, 12.6268 ], [ 76.3632, 12.6094 ], [ 76.3772, 12.5757 ], [ 76.3964, 12.5688 ], [ 76.3893, 12.5517 ], [ 76.4115, 12.557 ], [ 76.427, 12.5424 ], [ 76.4115, 12.5196 ], [ 76.4113, 12.4873 ], [ 76.3956, 12.4688 ], [ 76.3886, 12.4696 ], [ 76.3914, 12.4878 ], [ 76.3645, 12.5018 ], [ 76.3356, 12.5055 ], [ 76.3275, 12.5096 ], [ 76.3246, 12.5163 ], [ 76.3124, 12.5096 ], [ 76.3031, 12.5109 ], [ 76.3009, 12.5136 ], [ 76.3022, 12.5192 ], [ 76.3061, 12.52 ], [ 76.3036, 12.5127 ], [ 76.3113, 12.5107 ], [ 76.3258, 12.5209 ], [ 76.3277, 12.5108 ], [ 76.3449, 12.5052 ], [ 76.3526, 12.5617 ], [ 76.3263, 12.5834 ], [ 76.329, 12.6266 ], [ 76.3226, 12.6342 ], [ 76.3426, 12.6548 ], [ 76.3522, 12.6504 ] ] ] } },
{ "type": "Feature", "properties": { "area_id": "KGIS-H-260401", "name_en": "Kasaba", "name_kn": "", "level": "panchayat", "parent_id": "KGIS-T-2604", "district_en": "Mysuru", "lgd_code": null }, "geometry": { "type": "Polygon", "coordinates": [ [ [ 76.6496, 12.3972 ], [ 76.6638, 12.3865 ], [ 76.6829, 12.3914 ], [ 76.6805, 12.3694 ], [ 76.6986, 12.3504 ], [ 76.7182, 12.3567 ], [ 76.73, 12.3428 ], [ 76.7321, 12.3156 ], [ 76.717, 12.3098 ], [ 76.7172, 12.2858 ], [ 76.7031, 12.2883 ], [ 76.6804, 12.2774 ], [ 76.687, 12.269 ], [ 76.6725, 12.2661 ], [ 76.6845, 12.2472 ], [ 76.663, 12.2486 ], [ 76.6663, 12.2364 ], [ 76.6542, 12.2224 ], [ 76.6174, 12.2373 ], [ 76.6099, 12.2288 ], [ 76.5973, 12.2298 ], [ 76.6005, 12.2812 ], [ 76.5744, 12.3223 ], [ 76.5818, 12.3334 ], [ 76.5767, 12.3495 ], [ 76.5951, 12.3678 ], [ 76.6257, 12.3691 ], [ 76.6496, 12.3972 ] ] ] } },
{ "type": "Feature", "properties": { "area_id": "KGIS-H-260402", "name_en": "Varuna", "name_kn": "", "level": "panchayat", "parent_id": "KGIS-T-2604", "district_en": "Mysuru", "lgd_code": null }, "geometry": { "type": "Polygon", "coordinates": [ [ [ 76.8011, 12.3557 ], [ 76.817, 12.3495 ], [ 76.8052, 12.3298 ], [ 76.8165, 12.3171 ], [ 76.791, 12.3078 ], [ 76.7874, 12.2996 ], [ 76.8309, 12.2602 ], [ 76.8329, 12.209 ], [ 76.8171, 12.1945 ], [ 76.7787, 12.2317 ], [ 76.7657, 12.2253 ], [ 76.7515, 12.2005 ], [ 76.735, 12.2006 ], [ 76.7259, 12.188 ], [ 76.7083, 12.189 ], [ 76.7045, 12.2023 ], [ 76.693, 12.2006 ], [ 76.6972, 12.1842 ], [ 76.6843, 12.1774 ], [ 76.682, 12.1997 ], [ 76.6504, 12.221 ], [ 76.6663, 12.2364 ], [ 76.6643, 12.2497 ], [ 76.6845, 12.2472 ], [ 76.6725, 12.2661 ], [ 76.687, 12.269 ], [ 76.6804, 12.2774 ], [ 76.7031, 12.2883 ], [ 76.7172, 12.2858 ], [ 76.717, 12.3098 ], [ 76.736, 12.3228 ], [ 76.7519, 12.3021 ], [ 76.7573, 12.304 ], [ 76.7648, 12.3125 ], [ 76.7656, 12.3509 ], [ 76.7911, 12.3472 ], [ 76.8011, 12.3557 ] ] ] } },
{ "type": "Feature", "properties": { "area_id": "KGIS-H-260403", "name_en": "Jayapura", "name_kn": "", "level": "panchayat", "parent_id": "KGIS-T-2604", "district_en": "Mysuru", "lgd_code": null }, "geometry": { "type": "Polygon", "coordinates": [ [ [ 76.5784, 12.3046 ], [ 76.5997, 12.2846 ], [ 76.5973, 12.2298 ], [ 76.6099, 12.2288 ], [ 76.6174, 12.2373 ], [ 76.6502, 12.2231 ], [ 76.682, 12.1997 ], [ 76.6815, 12.1856 ], [ 76.6335, 12.1675 ], [ 76.6178, 12.1444 ], [ 76.6066, 12.1483 ], [ 76.5776, 12.1378 ], [ 76.56, 12.1543 ], [ 76.5366, 12.1508 ], [ 76.5464, 12.1338 ], [ 76.5425, 12.1213 ], [ 76.5314, 12.1251 ], [ 76.5349, 12.1468 ], [ 76.5097, 12.1404 ], [ 76.4949, 12.1685 ], [ 76.4874, 12.169 ], [ 76.4806, 12.1363 ], [ 76.4656, 12.1356 ], [ 76.47, 12.1534 ], [ 76.4539, 12.1627 ], [ 76.4692, 12.1656 ], [ 76.4682, 12.1718 ], [ 76.4591, 12.1709 ], [ 76.443, 12.1762 ], [ 76.4832, 12.1978 ], [ 76.4974, 12.1976 ], [ 76.5018, 12.1813 ], [ 76.5161, 12.1984 ], [ 76.5183, 12.2349 ], [ 76.5158, 12.2467 ], [ 76.5072, 12.2492 ], [ 76.5063, 12.2683 ], [ 76.5194, 12.2776 ], [ 76.5648, 12.2804 ], [ 76.5646, 12.3038 ], [ 76.5784, 12.3046 ] ] ] } },
{ "type": "Feature", "properties": { "area_id": "KGIS-H-260404", "name_en": "Ilavala", "name_kn": "", "level": "panchayat", "parent_id": "KGIS-T-2604", "district_en": "Mysuru", "lgd_code": null }, "geometry": { "type": "Polygon", "coordinates": [ [ [ 76.5186, 12.4508 ], [ 76.5691, 12.4251 ], [ 76.5657, 12.3992 ], [ 76.5574, 12.4011 ], [ 76.5545, 12.3912 ], [ 76.5696, 12.3733 ], [ 76.5871, 12.3752 ], [ 76.5903, 12.3686 ], [ 76.5905, 12.3574 ], [ 76.5763, 12.3478 ], [ 76.5809, 12.3051 ], [ 76.5646, 12.3038 ], [ 76.5648, 12.2804 ], [ 76.4842, 12.2689 ], [ 76.5073, 12.3447 ], [ 76.5181, 12.3539 ], [ 76.4928, 12.3592 ], [ 76.4899, 12.375 ], [ 76.468, 12.3818 ], [ 76.4633, 12.3941 ], [ 76.4737, 12.4163 ], [ 76.4587, 12.4403 ], [ 76.4771, 12.4501 ], [ 76.4918, 12.4443 ], [ 76.5186, 12.4508 ] ] ] } },
{ "type": "Feature", "properties": { "area_id": "KGIS-H-260501", "name_en": "Kasaba", "name_kn": "", "level": "panchayat", "parent_id": "KGIS-T-2605", "district_en": "Mysuru", "lgd_code": null }, "geometry": { "type": "Polygon", "coordinates": [ [ [ 76.2954, 12.1901 ], [ 76.3103, 12.1937 ], [ 76.3107, 12.2005 ], [ 76.3204, 12.1802 ], [ 76.338, 12.1844 ], [ 76.3688, 12.1596 ], [ 76.3633, 12.1158 ], [ 76.378, 12.1243 ], [ 76.4016, 12.0867 ], [ 76.3819, 12.0778 ], [ 76.3917, 12.074 ], [ 76.4076, 12.0458 ], [ 76.395, 12.0161 ], [ 76.3503, 12.0368 ], [ 76.3453, 12.0291 ], [ 76.3176, 12.0398 ], [ 76.3022, 12.0346 ], [ 76.2886, 12.0381 ], [ 76.279, 12.0361 ], [ 76.2824, 12.0218 ], [ 76.2741, 12.0151 ], [ 76.2215, 12.0142 ], [ 76.2057, 11.9929 ], [ 76.2091, 11.9867 ], [ 76.1919, 11.974 ], [ 76.11, 11.9747 ], [ 76.1222, 11.9794 ], [ 76.1481, 12.0152 ], [ 76.1773, 12.0294 ], [ 76.1863, 12.0421 ], [ 76.1666, 12.123 ], [ 76.2447, 12.163 ], [ 76.2309, 12.1815 ], [ 76.2476, 12.2027 ], [ 76.267, 12.2109 ], [ 76.2954, 12.1901 ] ], [ [ 76.3152, 12.04 ], [ 76.3157, 12.0397 ], [ 76.3163, 12.0399 ], [ 76.3152, 12.04 ] ] ] } },
{ "type": "Feature", "properties": { "area_id": "KGIS-H-260502", "name_en": "Hampapura", "name_kn": "", "level": "panchayat", "parent_id": "KGIS-T-2605", "district_en": "Mysuru", "lgd_code": null }, "geometry": { "type": "Polygon", "coordinates": [ [ [ 76.4842, 12.2689 ], [ 76.5063, 12.2683 ], [ 76.5072, 12.2492 ], [ 76.5175, 12.2444 ], [ 76.5145, 12.1945 ], [ 76.4977, 12.1811 ], [ 76.4974, 12.1976 ], [ 76.4832, 12.1978 ], [ 76.443, 12.1762 ], [ 76.4682, 12.1718 ], [ 76.4692, 12.1656 ], [ 76.4539, 12.1627 ], [ 76.47, 12.1534 ], [ 76.4656, 12.1356 ], [ 76.4806, 12.1363 ], [ 76.4874, 12.169 ], [ 76.4949, 12.1685 ], [ 76.5097, 12.1404 ], [ 76.5349, 12.1468 ], [ 76.5314, 12.1251 ], [ 76.5383, 12.1103 ], [ 76.5278, 12.0998 ], [ 76.4971, 12.1049 ], [ 76.4788, 12.0955 ], [ 76.4659, 12.1126 ], [ 76.4412, 12.1195 ], [ 76.4167, 12.111 ], [ 76.416, 12.0977 ], [ 76.3918, 12.099 ], [ 76.378, 12.1243 ], [ 76.3633, 12.1158 ], [ 76.3688, 12.1596 ], [ 76.4037, 12.1658 ], [ 76.4008, 12.1759 ], [ 76.4453, 12.1912 ], [ 76.4383, 12.2091 ], [ 76.4209, 12.2094 ], [ 76.4172, 12.2311 ], [ 76.4381, 12.2663 ], [ 76.4449, 12.2725 ], [ 76.4463, 12.2653 ], [ 76.4475, 12.2724 ], [ 76.4575, 12.2633 ], [ 76.4675, 12.2902 ], [ 76.4866, 12.2831 ], [ 76.4842, 12.2689 ] ] ] } },
{ "type": "Feature", "properties": { "area_id": "KGIS-H-260505", "name_en": "Antarasante", "name_kn": "", "level": "panchayat", "parent_id": "KGIS-T-2605", "district_en": "Mysuru", "lgd_code": null }, "geometry": { "type": "MultiPolygon", "coordinates": [ [ [ [ 76.3209, 12.0382 ], [ 76.378, 12.0272 ], [ 76.3824, 12.0199 ], [ 76.3724, 12.0061 ], [ 76.3936, 11.9978 ], [ 76.3627, 11.9907 ], [ 76.358, 11.972 ], [ 76.3202, 11.9883 ], [ 76.3145, 11.9317 ], [ 76.3357, 11.9225 ], [ 76.3267, 11.9175 ], [ 76.3254, 11.9034 ], [ 76.3091, 11.9021 ], [ 76.2992, 11.8894 ], [ 76.3192, 11.86 ], [ 76.2984, 11.8261 ], [ 76.283, 11.8204 ], [ 76.2871, 11.8003 ], [ 76.2752, 11.8121 ], [ 76.2455, 11.8032 ], [ 76.2262, 11.8063 ], [ 76.2099, 11.8291 ], [ 76.2079, 11.8617 ], [ 76.1871, 11.872 ], [ 76.1474, 11.8662 ], [ 76.121, 11.8489 ], [ 76.1131, 11.86 ], [ 76.11, 11.9747 ], [ 76.1919, 11.974 ], [ 76.2091, 11.9867 ], [ 76.2057, 11.9929 ], [ 76.2215, 12.0142 ], [ 76.2741, 12.0151 ], [ 76.2824, 12.0218 ], [ 76.279, 12.0361 ], [ 76.3209, 12.0382 ] ] ], [ [ [ 76.3245, 11.9525 ], [ 76.3281, 11.959 ], [ 76.3315, 11.9594 ], [ 76.3324, 11.9547 ], [ 76.3245, 11.9525 ] ] ], [ [ [ 76.3157, 12.0397 ], [ 76.3152, 12.04 ], [ 76.3163, 12.0399 ], [ 76.3157, 12.0397 ] ] ] ] } },
{ "type": "Feature", "properties": { "area_id": "KGIS-H-260601", "name_en": "Kasaba", "name_kn": "", "level": "panchayat", "parent_id": "KGIS-T-2606", "district_en": "Mysuru", "lgd_code": null }, "geometry": { "type": "Polygon", "coordinates": [ [ [ 76.6965, 12.1218 ], [ 76.7081, 12.1269 ], [ 76.7231, 12.1513 ], [ 76.7298, 12.1494 ], [ 76.7395, 12.1327 ], [ 76.7383, 12.1101 ], [ 76.7524, 12.1084 ], [ 76.7498, 12.0994 ], [ 76.7341, 12.096 ], [ 76.7618, 12.086 ], [ 76.7705, 12.0623 ], [ 76.7074, 12.071 ], [ 76.7105, 12.0506 ], [ 76.6968, 11.9992 ], [ 76.6506, 12.0074 ], [ 76.6421, 11.9817 ], [ 76.6085, 11.9928 ], [ 76.5971, 11.9844 ], [ 76.5785, 11.9881 ], [ 76.5731, 11.9936 ], [ 76.5947, 11.9925 ], [ 76.6087, 12.0464 ], [ 76.6009, 12.0531 ], [ 76.6008, 12.0767 ], [ 76.5857, 12.0808 ], [ 76.5825, 12.1157 ], [ 76.6298, 12.1237 ], [ 76.6444, 12.1302 ], [ 76.6511, 12.1464 ], [ 76.6725, 12.1546 ], [ 76.6799, 12.1503 ], [ 76.6787, 12.1345 ], [ 76.6965, 12.1218 ] ] ] } },
{ "type": "Feature", "properties": { "area_id": "KGIS-H-260602", "name_en": "Chikkayyanachatra", "name_kn": "", "level": "panchayat", "parent_id": "KGIS-T-2606", "district_en": "Mysuru", "lgd_code": null }, "geometry": { "type": "Polygon", "coordinates": [ [ [ 76.7804, 12.2301 ], [ 76.8171, 12.1945 ], [ 76.7915, 12.1669 ], [ 76.7502, 12.1519 ], [ 76.7426, 12.138 ], [ 76.7231, 12.1513 ], [ 76.7081, 12.1269 ], [ 76.6965, 12.1218 ], [ 76.6787, 12.1345 ], [ 76.6799, 12.1503 ], [ 76.6725, 12.1546 ], [ 76.6511, 12.1464 ], [ 76.6444, 12.1302 ], [ 76.6173, 12.1187 ], [ 76.5692, 12.1191 ], [ 76.5629, 12.1019 ], [ 76.5367, 12.1126 ], [ 76.5468, 12.1288 ], [ 76.5366, 12.1508 ], [ 76.56, 12.1543 ], [ 76.5776, 12.1378 ], [ 76.6066, 12.1483 ], [ 76.6178, 12.1444 ], [ 76.626, 12.1487 ], [ 76.6274, 12.1634 ], [ 76.6528, 12.1711 ], [ 76.6578, 12.1819 ], [ 76.6702, 12.1788 ], [ 76.6815, 12.1856 ], [ 76.688, 12.176 ], [ 76.6972, 12.1842 ], [ 76.693, 12.2006 ], [ 76.7045, 12.2023 ], [ 76.7083, 12.189 ], [ 76.7259, 12.188 ], [ 76.735, 12.2006 ], [ 76.7515, 12.2005 ], [ 76.7657, 12.2253 ], [ 76.7804, 12.2301 ] ] ] } },
{ "type": "Feature", "properties": { "area_id": "KGIS-H-260603", "name_en": "Biligere", "name_kn": "", "level": "panchayat", "parent_id": "KGIS-T-2606", "district_en": "Mysuru", "lgd_code": null }, "geometry": { "type": "Polygon", "coordinates": [ [ [ 76.8423, 12.2269 ], [ 76.8446, 12.2151 ], [ 76.8687, 12.2079 ], [ 76.8676, 12.1963 ], [ 76.8512, 12.1792 ], [ 76.8535, 12.1709 ], [ 76.8455, 12.1692 ], [ 76.8521, 12.159 ], [ 76.8409, 12.1568 ], [ 76.8311, 12.1356 ], [ 76.8454, 12.1192 ], [ 76.8348, 12.0778 ], [ 76.8184, 12.08 ], [ 76.8138, 12.0705 ], [ 76.8092, 12.0813 ], [ 76.786, 12.0829 ], [ 76.7701, 12.0747 ], [ 76.7618, 12.086 ], [ 76.7382, 12.0904 ], [ 76.7337, 12.0983 ], [ 76.7498, 12.0994 ], [ 76.7524, 12.1084 ], [ 76.7383, 12.1101 ], [ 76.7429, 12.1151 ], [ 76.7352, 12.1387 ], [ 76.7791, 12.1676 ], [ 76.7915, 12.1669 ], [ 76.8329, 12.209 ], [ 76.8338, 12.226 ], [ 76.8423, 12.2269 ] ] ] } },
{ "type": "Feature", "properties": { "area_id": "KGIS-H-260604", "name_en": "Doddakowlande", "name_kn": "", "level": "panchayat", "parent_id": "KGIS-T-2606", "district_en": "Mysuru", "lgd_code": null }, "geometry": { "type": "Polygon", "coordinates": [ [ [ 76.8729, 12.1161 ], [ 76.8838, 12.0833 ], [ 76.8706, 12.0638 ], [ 76.8532, 12.0603 ], [ 76.8907, 12.0588 ], [ 76.89, 12.0497 ], [ 76.9103, 12.0417 ], [ 76.9153, 12.0258 ], [ 76.939, 12.0265 ], [ 76.9359, 12.013 ], [ 76.8991, 11.9984 ], [ 76.8865, 11.9995 ], [ 76.8832, 12.0156 ], [ 76.8458, 11.9986 ], [ 76.8216, 12.0101 ], [ 76.8205, 12.0281 ], [ 76.8125, 12.0275 ], [ 76.7923, 12.0105 ], [ 76.7926, 11.9865 ], [ 76.7494, 11.9995 ], [ 76.7424, 12.0099 ], [ 76.7288, 11.9895 ], [ 76.7031, 11.9852 ], [ 76.6945, 12.0036 ], [ 76.6991, 12.0211 ], [ 76.7056, 12.0213 ], [ 76.7074, 12.071 ], [ 76.7326, 12.0724 ], [ 76.7458, 12.0616 ], [ 76.7641, 12.0612 ], [ 76.7705, 12.0623 ], [ 76.7701, 12.0747 ], [ 76.786, 12.0829 ], [ 76.8092, 12.0813 ], [ 76.8099, 12.0725 ], [ 76.8133, 12.0706 ], [ 76.8163, 12.0709 ], [ 76.8184, 12.08 ], [ 76.8348, 12.0778 ], [ 76.8477, 12.1177 ], [ 76.8729, 12.1161 ] ] ] } },
{ "type": "Feature", "properties": { "area_id": "KGIS-H-260605", "name_en": "Hullahalli", "name_kn": "", "level": "panchayat", "parent_id": "KGIS-T-2606", "district_en": "Mysuru", "lgd_code": null }, "geometry": { "type": "Polygon", "coordinates": [ [ [ 76.5743, 12.1206 ], [ 76.5857, 12.0808 ], [ 76.6008, 12.0767 ], [ 76.6009, 12.0531 ], [ 76.6087, 12.0464 ], [ 76.5947, 11.9925 ], [ 76.5731, 11.9936 ], [ 76.5763, 11.9735 ], [ 76.5577, 11.9477 ], [ 76.5715, 11.9394 ], [ 76.577, 11.9227 ], [ 76.5714, 11.8999 ], [ 76.5573, 11.8934 ], [ 76.5543, 11.8583 ], [ 76.5317, 11.8748 ], [ 76.4868, 11.8592 ], [ 76.4576, 11.8608 ], [ 76.4559, 11.8686 ], [ 76.4773, 11.8673 ], [ 76.4664, 11.8749 ], [ 76.4723, 11.8778 ], [ 76.4827, 11.8731 ], [ 76.4799, 11.8826 ], [ 76.4647, 11.8795 ], [ 76.4657, 11.8896 ], [ 76.4883, 11.8897 ], [ 76.5016, 11.8998 ], [ 76.4898, 11.9115 ], [ 76.489, 11.9401 ], [ 76.4721, 11.9248 ], [ 76.4711, 11.9343 ], [ 76.4744, 11.9474 ], [ 76.4903, 11.9495 ], [ 76.4928, 11.9696 ], [ 76.5011, 11.9716 ], [ 76.4958, 11.9922 ], [ 76.4832, 11.9956 ], [ 76.5042, 12.0014 ], [ 76.5065, 12.0158 ], [ 76.4988, 12.0195 ], [ 76.5079, 12.0326 ], [ 76.4767, 12.0266 ], [ 76.4637, 12.0331 ], [ 76.4788, 12.0435 ], [ 76.4615, 12.0398 ], [ 76.4739, 12.0589 ], [ 76.4534, 12.0599 ], [ 76.449, 12.0511 ], [ 76.4342, 12.0588 ], [ 76.4342, 12.0784 ], [ 76.4508, 12.0781 ], [ 76.4518, 12.0959 ], [ 76.4413, 12.0916 ], [ 76.4343, 12.118 ], [ 76.4532, 12.1163 ], [ 76.4531, 12.0993 ], [ 76.4668, 12.1095 ], [ 76.4763, 12.0956 ], [ 76.4971, 12.1049 ], [ 76.5278, 12.0998 ], [ 76.5434, 12.1115 ], [ 76.5629, 12.1019 ], [ 76.5652, 12.1159 ], [ 76.5743, 12.1206 ] ] ] } },
{ "type": "Feature", "properties": { "area_id": "KGIS-H-260701", "name_en": "Kasaba", "name_kn": "", "level": "panchayat", "parent_id": "KGIS-T-2607", "district_en": "Mysuru", "lgd_code": null }, "geometry": { "type": "Polygon", "coordinates": [ [ [ 76.8001, 12.3652 ], [ 76.8224, 12.3502 ], [ 76.9061, 12.2343 ], [ 76.9132, 12.2141 ], [ 76.93, 12.2133 ], [ 76.9157, 12.1978 ], [ 76.9232, 12.1752 ], [ 76.911, 12.1792 ], [ 76.9111, 12.1982 ], [ 76.9028, 12.1936 ], [ 76.8973, 12.2 ], [ 76.8811, 12.198 ], [ 76.8708, 12.1866 ], [ 76.8717, 12.1739 ], [ 76.856, 12.181 ], [ 76.8687, 12.2079 ], [ 76.8446, 12.2151 ], [ 76.8421, 12.2276 ], [ 76.8338, 12.226 ], [ 76.8358, 12.2449 ], [ 76.8251, 12.27 ], [ 76.8053, 12.2773 ], [ 76.8003, 12.2913 ], [ 76.7883, 12.2964 ], [ 76.791, 12.3078 ], [ 76.8165, 12.3171 ], [ 76.8052, 12.3298 ], [ 76.817, 12.3495 ], [ 76.7998, 12.3564 ], [ 76.7968, 12.3655 ], [ 76.8034, 12.3705 ], [ 76.8001, 12.3652 ] ] ] } },
{ "type": "Feature", "properties": { "area_id": "KGIS-H-260702", "name_en": "Bannuru", "name_kn": "", "level": "panchayat", "parent_id": "KGIS-T-2607", "district_en": "Mysuru", "lgd_code": null }, "geometry": { "type": "Polygon", "coordinates": [ [ [ 76.9236, 12.4392 ], [ 76.9376, 12.401 ], [ 76.9392, 12.3542 ], [ 76.9235, 12.3519 ], [ 76.9316, 12.338 ], [ 76.928, 12.3266 ], [ 76.9077, 12.3204 ], [ 76.9013, 12.3088 ], [ 76.8644, 12.3209 ], [ 76.8562, 12.302 ], [ 76.8224, 12.3502 ], [ 76.8001, 12.3652 ], [ 76.8034, 12.3705 ], [ 76.8104, 12.3622 ], [ 76.8145, 12.3868 ], [ 76.834, 12.3845 ], [ 76.8322, 12.4026 ], [ 76.859, 12.4096 ], [ 76.8631, 12.4005 ], [ 76.8809, 12.4007 ], [ 76.9001, 12.4094 ], [ 76.9051, 12.4361 ], [ 76.9236, 12.4392 ] ], [ [ 76.9107, 12.384 ], [ 76.8989, 12.3744 ], [ 76.8982, 12.3568 ], [ 76.9199, 12.3599 ], [ 76.9229, 12.3825 ], [ 76.9107, 12.384 ] ] ] } },
{ "type": "Feature", "properties": { "area_id": "KGIS-H-260703", "name_en": "Sosale", "name_kn": "", "level": "panchayat", "parent_id": "KGIS-T-2607", "district_en": "Mysuru", "lgd_code": null }, "geometry": { "type": "Polygon", "coordinates": [ [ [ 76.961, 12.3549 ], [ 76.9766, 12.3546 ], [ 76.9765, 12.328 ], [ 76.987, 12.3333 ], [ 76.9873, 12.3198 ], [ 76.9975, 12.3136 ], [ 76.9929, 12.3018 ], [ 76.9773, 12.3076 ], [ 76.9713, 12.2907 ], [ 76.9895, 12.2876 ], [ 76.9962, 12.2398 ], [ 76.9693, 12.2206 ], [ 76.9169, 12.2115 ], [ 76.8508, 12.3082 ], [ 76.8585, 12.3022 ], [ 76.8558, 12.3131 ], [ 76.8644, 12.3209 ], [ 76.9013, 12.3088 ], [ 76.9077, 12.3204 ], [ 76.9475, 12.3313 ], [ 76.9583, 12.3276 ], [ 76.961, 12.3549 ] ], [ [ 76.9689, 12.2775 ], [ 76.9722, 12.2535 ], [ 76.9823, 12.2563 ], [ 76.9789, 12.2754 ], [ 76.9689, 12.2775 ] ] ] } },
{ "type": "Feature", "properties": { "area_id": "KGIS-H-260704", "name_en": "Talakadu", "name_kn": "", "level": "panchayat", "parent_id": "KGIS-T-2607", "district_en": "Mysuru", "lgd_code": null }, "geometry": { "type": "Polygon", "coordinates": [ [ [ 77.1263, 12.2425 ], [ 77.1346, 12.2299 ], [ 77.1315, 12.2057 ], [ 77.108, 12.1876 ], [ 77.0842, 12.1898 ], [ 77.0636, 12.1713 ], [ 77.0442, 12.1669 ], [ 77.0408, 12.1285 ], [ 77.0369, 12.1387 ], [ 77.0122, 12.137 ], [ 77.014, 12.1625 ], [ 77.0029, 12.1605 ], [ 76.9986, 12.1771 ], [ 76.9686, 12.1717 ], [ 76.9499, 12.1782 ], [ 76.9596, 12.1956 ], [ 76.9599, 12.2206 ], [ 76.9707, 12.2213 ], [ 76.9871, 12.2379 ], [ 77.0122, 12.2414 ], [ 77.0352, 12.2319 ], [ 77.0779, 12.2362 ], [ 77.0771, 12.2195 ], [ 77.0884, 12.2176 ], [ 77.1053, 12.2197 ], [ 77.1071, 12.2409 ], [ 77.1263, 12.2425 ] ] ] } },
{ "type": "Feature", "properties": { "area_id": "KGIS-H-260705", "name_en": "Muguru", "name_kn": "", "level": "panchayat", "parent_id": "KGIS-T-2607", "district_en": "Mysuru", "lgd_code": null }, "geometry": { "type": "Polygon", "coordinates": [ [ [ 76.9611, 12.2128 ], [ 76.9499, 12.1782 ], [ 76.9905, 12.174 ], [ 76.9892, 12.143 ], [ 76.9691, 12.1228 ], [ 76.9708, 12.1128 ], [ 76.9486, 12.0978 ], [ 76.9238, 12.1147 ], [ 76.9068, 12.1135 ], [ 76.903, 12.1232 ], [ 76.8904, 12.1217 ], [ 76.8906, 12.1311 ], [ 76.8818, 12.1297 ], [ 76.8713, 12.1409 ], [ 76.8677, 12.1617 ], [ 76.8708, 12.1866 ], [ 76.8811, 12.198 ], [ 76.9111, 12.1982 ], [ 76.911, 12.1792 ], [ 76.9232, 12.1752 ], [ 76.9157, 12.1969 ], [ 76.9207, 12.2086 ], [ 76.9535, 12.2201 ], [ 76.9611, 12.2128 ] ] ] } },
{ "type": "Feature", "properties": { "area_id": "KGIS-H-260803", "name_en": "Saraguru", "name_kn": "", "level": "panchayat", "parent_id": "KGIS-T-2608", "district_en": "Mysuru", "lgd_code": null }, "geometry": { "type": "MultiPolygon", "coordinates": [ [ [ [ 76.4354, 12.1148 ], [ 76.4413, 12.0916 ], [ 76.4518, 12.0959 ], [ 76.4508, 12.0781 ], [ 76.4342, 12.0784 ], [ 76.4342, 12.0588 ], [ 76.449, 12.0511 ], [ 76.4534, 12.0599 ], [ 76.4739, 12.0589 ], [ 76.4615, 12.0398 ], [ 76.4788, 12.0435 ], [ 76.4637, 12.0331 ], [ 76.4767, 12.0266 ], [ 76.5079, 12.0326 ], [ 76.4988, 12.0195 ], [ 76.5065, 12.0158 ], [ 76.5042, 12.0014 ], [ 76.4832, 11.9956 ], [ 76.4958, 11.9922 ], [ 76.5011, 11.9716 ], [ 76.4928, 11.9696 ], [ 76.4903, 11.9495 ], [ 76.4744, 11.9474 ], [ 76.4711, 11.9343 ], [ 76.4721, 11.9248 ], [ 76.489, 11.9401 ], [ 76.4898, 11.9115 ], [ 76.5016, 11.8998 ], [ 76.4883, 11.8897 ], [ 76.4721, 11.8938 ], [ 76.4645, 11.8868 ], [ 76.4686, 11.9065 ], [ 76.4375, 11.8968 ], [ 76.4369, 11.8527 ], [ 76.4576, 11.8608 ], [ 76.4868, 11.8592 ], [ 76.4859, 11.8226 ], [ 76.4598, 11.8201 ], [ 76.4555, 11.7966 ], [ 76.4132, 11.8149 ], [ 76.421, 11.8346 ], [ 76.4176, 11.8771 ], [ 76.435, 11.9224 ], [ 76.4424, 11.9244 ], [ 76.4423, 11.9785 ], [ 76.4373, 11.9815 ], [ 76.4279, 11.9642 ], [ 76.4144, 11.9663 ], [ 76.4087, 11.9755 ], [ 76.3954, 11.971 ], [ 76.4076, 11.9524 ], [ 76.4027, 11.9433 ], [ 76.4091, 11.93 ], [ 76.3894, 11.9415 ], [ 76.385, 11.9558 ], [ 76.3923, 11.9831 ], [ 76.3862, 11.9876 ], [ 76.3936, 11.9978 ], [ 76.3721, 12.0086 ], [ 76.3833, 12.0203 ], [ 76.395, 12.0161 ], [ 76.4077, 12.0449 ], [ 76.3824, 12.081 ], [ 76.4008, 12.0854 ], [ 76.3953, 12.0981 ], [ 76.416, 12.0977 ], [ 76.4167, 12.111 ], [ 76.4354, 12.1148 ] ] ], [ [ [ 76.4652, 12.1091 ], [ 76.4621, 12.1043 ], [ 76.4531, 12.0993 ], [ 76.4532, 12.1163 ], [ 76.4652, 12.1091 ] ] ] ] } },
{ "type": "Feature", "properties": { "area_id": "KGIS-H-260804", "name_en": "Kandalike", "name_kn": "", "level": "panchayat", "parent_id": "KGIS-T-2608", "district_en": "Mysuru", "lgd_code": null }, "geometry": { "type": "MultiPolygon", "coordinates": [ [ [ [ 76.3601, 11.9885 ], [ 76.3875, 11.9915 ], [ 76.3923, 11.9831 ], [ 76.3852, 11.9726 ], [ 76.3894, 11.9415 ], [ 76.4091, 11.93 ], [ 76.4027, 11.9433 ], [ 76.4076, 11.9524 ], [ 76.3954, 11.971 ], [ 76.4087, 11.9755 ], [ 76.4144, 11.9663 ], [ 76.4279, 11.9642 ], [ 76.4373, 11.9815 ], [ 76.4423, 11.9785 ], [ 76.4424, 11.9244 ], [ 76.435, 11.9224 ], [ 76.4176, 11.8771 ], [ 76.4203, 11.8249 ], [ 76.4093, 11.8148 ], [ 76.4282, 11.7955 ], [ 76.4111, 11.7883 ], [ 76.423, 11.7763 ], [ 76.4125, 11.7585 ], [ 76.3404, 11.7378 ], [ 76.3177, 11.7516 ], [ 76.3112, 11.7745 ], [ 76.2891, 11.796 ], [ 76.2819, 11.8174 ], [ 76.3029, 11.831 ], [ 76.319, 11.8585 ], [ 76.2992, 11.8894 ], [ 76.3091, 11.9021 ], [ 76.3254, 11.9034 ], [ 76.3267, 11.9175 ], [ 76.3357, 11.9225 ], [ 76.3145, 11.9317 ], [ 76.3202, 11.9883 ], [ 76.358, 11.972 ], [ 76.3601, 11.9885 ] ], [ [ 76.3245, 11.9525 ], [ 76.3324, 11.9547 ], [ 76.3315, 11.9594 ], [ 76.3281, 11.959 ], [ 76.3245, 11.9525 ] ] ], [ [ [ 76.4686, 11.9065 ], [ 76.4647, 11.8795 ], [ 76.4799, 11.8826 ], [ 76.4827, 11.8731 ], [ 76.4723, 11.8778 ], [ 76.4664, 11.8749 ], [ 76.4773, 11.8673 ], [ 76.4559, 11.8686 ], [ 76.4579, 11.8557 ], [ 76.4369, 11.8527 ], [ 76.4375, 11.8968 ], [ 76.4686, 11.9065 ] ] ] ] } },
{ "type": "Feature", "properties": { "area_id": "KGIS-H-270101", "name_en": "Kasaba", "name_kn": "", "level": "panchayat", "parent_id": "KGIS-T-2701", "district_en": "Chamarajanagara", "lgd_code": null }, "geometry": { "type": "Polygon", "coordinates": [ [ [ 76.5573, 11.8934 ], [ 76.6083, 11.8773 ], [ 76.6064, 11.864 ], [ 76.6263, 11.8827 ], [ 76.6551, 11.8687 ], [ 76.6818, 11.8709 ], [ 76.6935, 11.8637 ], [ 76.7038, 11.8746 ], [ 76.7284, 11.8254 ], [ 76.7485, 11.8289 ], [ 76.738, 11.8118 ], [ 76.747, 11.809 ], [ 76.7548, 11.7889 ], [ 76.7464, 11.7582 ], [ 76.694, 11.7457 ], [ 76.6827, 11.7537 ], [ 76.6826, 11.7891 ], [ 76.6489, 11.7665 ], [ 76.6283, 11.7675 ], [ 76.6, 11.7892 ], [ 76.5907, 11.7845 ], [ 76.5524, 11.7981 ], [ 76.5536, 11.8156 ], [ 76.5377, 11.8168 ], [ 76.5376, 11.8406 ], [ 76.5456, 11.8459 ], [ 76.5723, 11.8389 ], [ 76.5543, 11.8583 ], [ 76.5573, 11.8934 ] ] ] } },
{ "type": "Feature", "properties": { "area_id": "KGIS-H-270102", "name_en": "Hangala", "name_kn": "", "level": "panchayat", "parent_id": "KGIS-T-2701", "district_en": "Chamarajanagara", "lgd_code": null }, "geometry": { "type": "Polygon", "coordinates": [ [ [ 76.5333, 11.8733 ], [ 76.5723, 11.8389 ], [ 76.5456, 11.8459 ], [ 76.5376, 11.8406 ], [ 76.5377, 11.8168 ], [ 76.5536, 11.8156 ], [ 76.5524, 11.7981 ], [ 76.5907, 11.7845 ], [ 76.6, 11.7892 ], [ 76.6283, 11.7675 ], [ 76.6489, 11.7665 ], [ 76.6826, 11.7891 ], [ 76.6827, 11.7537 ], [ 76.6917, 11.7465 ], [ 76.7367, 11.7564 ], [ 76.7608, 11.6688 ], [ 76.7504, 11.6501 ], [ 76.7649, 11.6447 ], [ 76.7885, 11.6532 ], [ 76.8139, 11.685 ], [ 76.819, 11.6674 ], [ 76.8274, 11.6786 ], [ 76.8432, 11.6703 ], [ 76.8347, 11.6396 ], [ 76.8577, 11.6147 ], [ 76.8562, 11.5995 ], [ 76.8468, 11.595 ], [ 76.8241, 11.6081 ], [ 76.7577, 11.6181 ], [ 76.6161, 11.6079 ], [ 76.5977, 11.6097 ], [ 76.5904, 11.6186 ], [ 76.577, 11.6148 ], [ 76.56, 11.6236 ], [ 76.55, 11.6752 ], [ 76.5065, 11.7012 ], [ 76.4955, 11.69 ], [ 76.4802, 11.6885 ], [ 76.4557, 11.6585 ], [ 76.4154, 11.672 ], [ 76.4027, 11.7109 ], [ 76.4146, 11.7127 ], [ 76.4257, 11.7266 ], [ 76.4178, 11.7422 ], [ 76.4097, 11.7407 ], [ 76.4124, 11.7622 ], [ 76.423, 11.7763 ], [ 76.4111, 11.7883 ], [ 76.4282, 11.7955 ], [ 76.4094, 11.8154 ], [ 76.4555, 11.7966 ], [ 76.4598, 11.8201 ], [ 76.4859, 11.8226 ], [ 76.4821, 11.8429 ], [ 76.489, 11.8634 ], [ 76.5333, 11.8733 ] ] ] } },
{ "type": "Feature", "properties": { "area_id": "KGIS-H-270103", "name_en": "Terakanambi", "name_kn": "", "level": "panchayat", "parent_id": "KGIS-T-2701", "district_en": "Chamarajanagara", "lgd_code": null }, "geometry": { "type": "Polygon", "coordinates": [ [ [ 76.7685, 11.8759 ], [ 76.7886, 11.8657 ], [ 76.8076, 11.8686 ], [ 76.8133, 11.8638 ], [ 76.8044, 11.8548 ], [ 76.8342, 11.8361 ], [ 76.816, 11.8262 ], [ 76.8096, 11.792 ], [ 76.8162, 11.7861 ], [ 76.8274, 11.7915 ], [ 76.828, 11.7839 ], [ 76.8393, 11.7805 ], [ 76.8305, 11.7686 ], [ 76.8128, 11.7814 ], [ 76.8074, 11.7691 ], [ 76.8178, 11.7654 ], [ 76.817, 11.7574 ], [ 76.7923, 11.7527 ], [ 76.7942, 11.7459 ], [ 76.8261, 11.7433 ], [ 76.8499, 11.7358 ], [ 76.8508, 11.7282 ], [ 76.8414, 11.7102 ], [ 76.8433, 11.6702 ], [ 76.8274, 11.6786 ], [ 76.819, 11.6674 ], [ 76.8139, 11.685 ], [ 76.7885, 11.6532 ], [ 76.7649, 11.6447 ], [ 76.7504, 11.6501 ], [ 76.7608, 11.6688 ], [ 76.7367, 11.7564 ], [ 76.7464, 11.7582 ], [ 76.7553, 11.7727 ], [ 76.752, 11.7999 ], [ 76.738, 11.8118 ], [ 76.7485, 11.8289 ], [ 76.7284, 11.8254 ], [ 76.716, 11.8506 ], [ 76.7322, 11.8694 ], [ 76.7685, 11.8759 ] ] ] } },
{ "type": "Feature", "properties": { "area_id": "KGIS-H-270104", "name_en": "Beguru", "name_kn": "", "level": "panchayat", "parent_id": "KGIS-T-2701", "district_en": "Chamarajanagara", "lgd_code": null }, "geometry": { "type": "MultiPolygon", "coordinates": [ [ [ [ 76.6506, 12.0074 ], [ 76.6948, 12.0006 ], [ 76.7031, 11.9852 ], [ 76.716, 11.984 ], [ 76.7367, 12.0032 ], [ 76.7448, 11.9717 ], [ 76.7405, 11.9583 ], [ 76.724, 11.9603 ], [ 76.7233, 11.9542 ], [ 76.7482, 11.9372 ], [ 76.7425, 11.9291 ], [ 76.748, 11.9158 ], [ 76.7404, 11.9112 ], [ 76.7482, 11.8955 ], [ 76.7593, 11.8922 ], [ 76.7572, 11.8704 ], [ 76.7322, 11.8694 ], [ 76.7168, 11.855 ], [ 76.7038, 11.8746 ], [ 76.6935, 11.8637 ], [ 76.6818, 11.8709 ], [ 76.6551, 11.8687 ], [ 76.6263, 11.8827 ], [ 76.6064, 11.864 ], [ 76.6083, 11.8773 ], [ 76.5643, 11.8915 ], [ 76.577, 11.9227 ], [ 76.5715, 11.9394 ], [ 76.5577, 11.9477 ], [ 76.5727, 11.9647 ], [ 76.5785, 11.9883 ], [ 76.5971, 11.9844 ], [ 76.6085, 11.9928 ], [ 76.6421, 11.9817 ], [ 76.6506, 12.0074 ] ] ], [ [ [ 76.7487, 11.9323 ], [ 76.7472, 11.9331 ], [ 76.7486, 11.9335 ], [ 76.7487, 11.9323 ] ] ], [ [ [ 76.7466, 11.9453 ], [ 76.7431, 11.9438 ], [ 76.7435, 11.9479 ], [ 76.7466, 11.9453 ] ] ] ] } },
{ "type": "Feature", "properties": { "area_id": "KGIS-H-270201", "name_en": "Kasaba", "name_kn": "", "level": "panchayat", "parent_id": "KGIS-T-2702", "district_en": "Chamarajanagara", "lgd_code": null }, "geometry": { "type": "MultiPolygon", "coordinates": [ [ [ [ 76.8666, 11.8569 ], [ 76.8794, 11.8576 ], [ 76.8896, 11.854 ], [ 76.8684, 11.8474 ], [ 76.8666, 11.8569 ] ] ], [ [ [ 76.972, 12.0395 ], [ 76.9835, 12.0129 ], [ 76.9746, 11.9701 ], [ 76.9828, 11.9697 ], [ 76.982, 11.9562 ], [ 76.9943, 11.9522 ], [ 76.9972, 11.939 ], [ 76.9811, 11.9381 ], [ 76.9759, 11.9228 ], [ 76.9912, 11.9255 ], [ 76.9969, 11.9188 ], [ 76.9928, 11.9092 ], [ 76.9875, 11.9113 ], [ 76.9761, 11.8907 ], [ 76.9403, 11.904 ], [ 76.9102, 11.8786 ], [ 76.896, 11.8821 ], [ 76.8877, 11.8711 ], [ 76.8717, 11.879 ], [ 76.8667, 11.8843 ], [ 76.8822, 11.9219 ], [ 76.8796, 11.9294 ], [ 76.8657, 11.9285 ], [ 76.8728, 11.9321 ], [ 76.8726, 11.9462 ], [ 76.8543, 11.9471 ], [ 76.8291, 11.9657 ], [ 76.817, 11.9801 ], [ 76.8122, 12.0077 ], [ 76.8539, 11.9992 ], [ 76.8832, 12.0156 ], [ 76.8865, 11.9995 ], [ 76.928, 11.9868 ], [ 76.9349, 11.9889 ], [ 76.9405, 12.0282 ], [ 76.948, 12.0369 ], [ 76.972, 12.0395 ] ], [ [ 76.8344, 11.9773 ], [ 76.8336, 11.9969 ], [ 76.8273, 11.9936 ], [ 76.8247, 11.9777 ], [ 76.8344, 11.9773 ] ] ] ] } },
{ "type": "Feature", "properties": { "area_id": "KGIS-H-270202", "name_en": "Santemarahalli", "name_kn": "", "level": "panchayat", "parent_id": "KGIS-T-2702", "district_en": "Chamarajanagara", "lgd_code": null }, "geometry": { "type": "MultiPolygon", "coordinates": [ [ [ [ 76.9358, 12.0132 ], [ 76.9348, 11.9887 ], [ 76.8998, 11.9954 ], [ 76.9236, 12.0132 ], [ 76.9358, 12.0132 ] ] ], [ [ [ 76.8562, 12.1809 ], [ 76.8713, 12.174 ], [ 76.8713, 12.1409 ], [ 76.8818, 12.1297 ], [ 76.8906, 12.1311 ], [ 76.8904, 12.1217 ], [ 76.903, 12.1232 ], [ 76.9068, 12.1135 ], [ 76.9238, 12.1147 ], [ 76.9486, 12.0978 ], [ 76.9775, 12.1168 ], [ 76.9874, 12.1041 ], [ 76.985, 12.0636 ], [ 77.0058, 12.0307 ], [ 77.0082, 12.0069 ], [ 77.023, 12.0025 ], [ 77.0357, 12.018 ], [ 77.036, 12.0328 ], [ 77.0429, 12.0321 ], [ 77.0459, 12.0156 ], [ 77.0558, 12.0164 ], [ 77.056, 12.002 ], [ 77.0635, 12.0058 ], [ 77.1087, 11.9831 ], [ 77.1034, 11.9549 ], [ 77.1141, 11.9418 ], [ 77.1028, 11.9368 ], [ 77.0675, 11.9583 ], [ 77.0073, 11.9758 ], [ 76.9968, 11.9685 ], [ 76.9945, 11.9794 ], [ 76.9779, 11.9897 ], [ 76.9829, 12.0195 ], [ 76.9731, 12.0396 ], [ 76.948, 12.0369 ], [ 76.9404, 12.0259 ], [ 76.9153, 12.0258 ], [ 76.9103, 12.0417 ], [ 76.89, 12.0497 ], [ 76.8907, 12.0588 ], [ 76.8532, 12.0603 ], [ 76.8706, 12.0638 ], [ 76.8838, 12.0833 ], [ 76.8767, 12.1154 ], [ 76.8452, 12.1133 ], [ 76.8314, 12.1327 ], [ 76.8409, 12.1568 ], [ 76.8521, 12.159 ], [ 76.8455, 12.1692 ], [ 76.8562, 12.1809 ] ] ] ] } },
{ "type": "Feature", "properties": { "area_id": "KGIS-H-270203", "name_en": "Chandakavadi", "name_kn": "", "level": "panchayat", "parent_id": "KGIS-T-2702", "district_en": "Chamarajanagara", "lgd_code": null }, "geometry": { "type": "Polygon", "coordinates": [ [ [ 76.9806, 11.9853 ], [ 76.9945, 11.9794 ], [ 76.9968, 11.9685 ], [ 77.0073, 11.9758 ], [ 77.0461, 11.9663 ], [ 77.1028, 11.9368 ], [ 77.1141, 11.9417 ], [ 77.1304, 11.9344 ], [ 77.1379, 11.9259 ], [ 77.1328, 11.9003 ], [ 77.1423, 11.8878 ], [ 77.174, 11.8759 ], [ 77.1724, 11.8592 ], [ 77.1928, 11.8172 ], [ 77.1893, 11.799 ], [ 77.1188, 11.7822 ], [ 77.1199, 11.7728 ], [ 77.1105, 11.7735 ], [ 77.1122, 11.7238 ], [ 77.1052, 11.7329 ], [ 77.0803, 11.7358 ], [ 77.0563, 11.7697 ], [ 77.0702, 11.7817 ], [ 77.0665, 11.7892 ], [ 77.0452, 11.7868 ], [ 77.0353, 11.7696 ], [ 77.0279, 11.7755 ], [ 77.0389, 11.794 ], [ 77.0304, 11.8044 ], [ 77.0134, 11.8078 ], [ 77.0124, 11.8152 ], [ 76.9959, 11.8094 ], [ 76.994, 11.8253 ], [ 76.9826, 11.8302 ], [ 76.9973, 11.8463 ], [ 76.995, 11.8822 ], [ 77.0093, 11.8846 ], [ 77.0062, 11.8905 ], [ 77.012, 11.8902 ], [ 77.0131, 11.8929 ], [ 76.9819, 11.9029 ], [ 76.9969, 11.9188 ], [ 76.9912, 11.9255 ], [ 76.9764, 11.9221 ], [ 76.9791, 11.9349 ], [ 76.9972, 11.939 ], [ 76.9943, 11.9522 ], [ 76.982, 11.9562 ], [ 76.9828, 11.9697 ], [ 76.9746, 11.9701 ], [ 76.9806, 11.9853 ] ] ] } },
{ "type": "Feature", "properties": { "area_id": "KGIS-H-270204", "name_en": "Haradanahalli", "name_kn": "", "level": "panchayat", "parent_id": "KGIS-T-2702", "district_en": "Chamarajanagara", "lgd_code": null }, "geometry": { "type": "Polygon", "coordinates": [ [ [ 76.9405, 11.9034 ], [ 76.9759, 11.8908 ], [ 76.9817, 11.9034 ], [ 77.0131, 11.8929 ], [ 77.0062, 11.8905 ], [ 77.0093, 11.8846 ], [ 76.995, 11.8822 ], [ 76.9973, 11.8463 ], [ 76.9826, 11.8302 ], [ 76.994, 11.8253 ], [ 76.9959, 11.8094 ], [ 76.9835, 11.8115 ], [ 76.9694, 11.7777 ], [ 76.9537, 11.7916 ], [ 76.9073, 11.7959 ], [ 76.8962, 11.7779 ], [ 76.8881, 11.7359 ], [ 76.8433, 11.6753 ], [ 76.8414, 11.7102 ], [ 76.8506, 11.7209 ], [ 76.8499, 11.7358 ], [ 76.8064, 11.7404 ], [ 76.7923, 11.7527 ], [ 76.817, 11.7574 ], [ 76.8178, 11.7654 ], [ 76.8074, 11.7691 ], [ 76.8128, 11.7814 ], [ 76.8252, 11.7704 ], [ 76.8342, 11.7724 ], [ 76.8394, 11.781 ], [ 76.828, 11.7839 ], [ 76.8277, 11.791 ], [ 76.8474, 11.791 ], [ 76.8474, 11.8001 ], [ 76.8526, 11.8119 ], [ 76.8719, 11.8349 ], [ 76.8706, 11.8421 ], [ 76.8901, 11.8546 ], [ 76.8877, 11.8711 ], [ 76.896, 11.8821 ], [ 76.9187, 11.8826 ], [ 76.9405, 11.9034 ] ], [ [ 76.8489, 11.7972 ], [ 76.8497, 11.7989 ], [ 76.8492, 11.7988 ], [ 76.8489, 11.7972 ] ] ] } },
{ "type": "Feature", "properties": { "area_id": "KGIS-H-270205", "name_en": "Harave", "name_kn": "", "level": "panchayat", "parent_id": "KGIS-T-2702", "district_en": "Chamarajanagara", "lgd_code": null }, "geometry": { "type": "MultiPolygon", "coordinates": [ [ [ [ 76.8497, 11.7989 ], [ 76.8489, 11.7972 ], [ 76.8492, 11.7988 ], [ 76.8497, 11.7989 ] ] ], [ [ [ 76.8205, 12.0278 ], [ 76.8216, 12.0101 ], [ 76.8119, 12.0054 ], [ 76.817, 11.9801 ], [ 76.8543, 11.9471 ], [ 76.8726, 11.9462 ], [ 76.8728, 11.9321 ], [ 76.8657, 11.9285 ], [ 76.8796, 11.9294 ], [ 76.8822, 11.9219 ], [ 76.8667, 11.8838 ], [ 76.8885, 11.8707 ], [ 76.8914, 11.8596 ], [ 76.8896, 11.854 ], [ 76.8666, 11.8569 ], [ 76.8736, 11.8403 ], [ 76.8526, 11.8119 ], [ 76.8474, 11.8001 ], [ 76.8474, 11.791 ], [ 76.8162, 11.7861 ], [ 76.8096, 11.792 ], [ 76.816, 11.8262 ], [ 76.8342, 11.8361 ], [ 76.8044, 11.8548 ], [ 76.8133, 11.8638 ], [ 76.8076, 11.8686 ], [ 76.7886, 11.8657 ], [ 76.7586, 11.878 ], [ 76.7593, 11.8922 ], [ 76.7414, 11.9053 ], [ 76.7401, 11.9153 ], [ 76.748, 11.9158 ], [ 76.7431, 11.9346 ], [ 76.7482, 11.9372 ], [ 76.7233, 11.9542 ], [ 76.724, 11.9603 ], [ 76.7419, 11.9614 ], [ 76.7409, 12.0098 ], [ 76.7494, 11.9995 ], [ 76.7926, 11.9865 ], [ 76.7941, 12.0135 ], [ 76.8205, 12.0278 ] ], [ [ 76.7449, 11.9472 ], [ 76.7431, 11.9438 ], [ 76.7463, 11.9435 ], [ 76.7449, 11.9472 ] ], [ [ 76.7474, 11.9324 ], [ 76.7486, 11.9335 ], [ 76.7469, 11.9328 ], [ 76.7474, 11.9324 ] ] ], [ [ [ 76.8351, 11.9924 ], [ 76.8344, 11.9773 ], [ 76.8247, 11.9777 ], [ 76.8273, 11.9936 ], [ 76.8351, 11.9924 ] ] ] ] } },
{ "type": "Feature", "properties": { "area_id": "KGIS-H-270301", "name_en": "Kasaba", "name_kn": "", "level": "panchayat", "parent_id": "KGIS-T-2703", "district_en": "Chamarajanagara", "lgd_code": null }, "geometry": { "type": "MultiPolygon", "coordinates": [ [ [ [ 77.1141, 11.9418 ], [ 77.1034, 11.9549 ], [ 77.1125, 11.9847 ], [ 77.1266, 11.9636 ], [ 77.1212, 11.9557 ], [ 77.1288, 11.9443 ], [ 77.1141, 11.9418 ] ] ], [ [ [ 77.0182, 12.0839 ], [ 77.058, 12.0676 ], [ 77.0481, 12.0432 ], [ 77.0558, 12.0367 ], [ 77.067, 12.0473 ], [ 77.0726, 12.0336 ], [ 77.0708, 12.0529 ], [ 77.0732, 12.0526 ], [ 77.0783, 12.0432 ], [ 77.1235, 12.0251 ], [ 77.1169, 11.9949 ], [ 77.1117, 12.0043 ], [ 77.1065, 11.9912 ], [ 77.0635, 12.0058 ], [ 77.058, 12.0009 ], [ 77.0558, 12.0164 ], [ 77.0467, 12.0146 ], [ 77.0403, 12.0325 ], [ 77.023, 12.0025 ], [ 77.0082, 12.0069 ], [ 77.0061, 12.0299 ], [ 76.985, 12.0636 ], [ 76.985, 12.0788 ], [ 77.0182, 12.0839 ] ] ] ] } },
{ "type": "Feature", "properties": { "area_id": "KGIS-H-270302", "name_en": "Agara", "name_kn": "", "level": "panchayat", "parent_id": "KGIS-T-2703", "district_en": "Chamarajanagara", "lgd_code": null }, "geometry": { "type": "Polygon", "coordinates": [ [ [ 77.0837, 12.1327 ], [ 77.0766, 12.1178 ], [ 77.0993, 12.0958 ], [ 77.1034, 12.0736 ], [ 77.1483, 12.0631 ], [ 77.1555, 12.0271 ], [ 77.1772, 12.0147 ], [ 77.1851, 11.9895 ], [ 77.174, 11.8759 ], [ 77.1423, 11.8878 ], [ 77.1328, 11.9003 ], [ 77.1375, 11.9294 ], [ 77.1141, 11.9417 ], [ 77.1288, 11.9443 ], [ 77.1212, 11.9557 ], [ 77.1266, 11.9636 ], [ 77.1167, 11.9841 ], [ 77.0984, 11.9918 ], [ 77.1065, 11.9912 ], [ 77.1117, 12.0043 ], [ 77.1169, 11.9949 ], [ 77.1235, 12.0251 ], [ 77.0783, 12.0432 ], [ 77.0732, 12.0526 ], [ 77.0726, 12.0336 ], [ 77.067, 12.0473 ], [ 77.0558, 12.0367 ], [ 77.0481, 12.0432 ], [ 77.0581, 12.0675 ], [ 77.0462, 12.0767 ], [ 76.9947, 12.0827 ], [ 76.9943, 12.1083 ], [ 77.0432, 12.1147 ], [ 77.0669, 12.1324 ], [ 77.0837, 12.1327 ] ] ] } },
{ "type": "Feature", "properties": { "area_id": "KGIS-H-270401", "name_en": "Kasaba", "name_kn": "", "level": "panchayat", "parent_id": "KGIS-T-2704", "district_en": "Chamarajanagara", "lgd_code": null }, "geometry": { "type": "Polygon", "coordinates": [ [ [ 77.1223, 12.1942 ], [ 77.1379, 12.1715 ], [ 77.1304, 12.134 ], [ 77.1495, 12.1195 ], [ 77.142, 12.1116 ], [ 77.1561, 12.1011 ], [ 77.1373, 12.0991 ], [ 77.1343, 12.0819 ], [ 77.1634, 12.0787 ], [ 77.168, 12.0674 ], [ 77.157, 12.04 ], [ 77.1475, 12.0487 ], [ 77.1483, 12.0631 ], [ 77.1034, 12.0736 ], [ 77.0993, 12.0958 ], [ 77.0766, 12.1178 ], [ 77.0828, 12.1362 ], [ 77.0432, 12.1147 ], [ 76.9943, 12.1083 ], [ 76.9947, 12.0815 ], [ 76.9851, 12.0806 ], [ 76.9874, 12.1041 ], [ 76.9775, 12.1168 ], [ 76.9723, 12.1128 ], [ 76.9707, 12.1128 ], [ 76.9689, 12.1223 ], [ 76.9889, 12.1407 ], [ 76.9922, 12.1762 ], [ 76.9986, 12.1771 ], [ 77.0029, 12.1605 ], [ 77.014, 12.1625 ], [ 77.0158, 12.1333 ], [ 77.0369, 12.1387 ], [ 77.0397, 12.1282 ], [ 77.046, 12.1355 ], [ 77.0393, 12.1439 ], [ 77.0442, 12.1669 ], [ 77.0636, 12.1713 ], [ 77.0842, 12.1898 ], [ 77.1061, 12.1872 ], [ 77.1223, 12.1942 ] ] ] } },
{ "type": "Feature", "properties": { "area_id": "KGIS-H-270402", "name_en": "Palya", "name_kn": "", "level": "panchayat", "parent_id": "KGIS-T-2704", "district_en": "Chamarajanagara", "lgd_code": null }, "geometry": { "type": "Polygon", "coordinates": [ [ [ 77.1662, 12.3093 ], [ 77.2245, 12.3021 ], [ 77.2442, 12.3073 ], [ 77.2508, 12.2841 ], [ 77.2393, 12.2575 ], [ 77.2535, 12.2295 ], [ 77.2603, 12.248 ], [ 77.2856, 12.26 ], [ 77.3197, 12.2195 ], [ 77.3006, 12.1993 ], [ 77.2646, 12.1937 ], [ 77.2362, 12.1769 ], [ 77.2405, 12.1667 ], [ 77.2325, 12.1469 ], [ 77.2416, 12.1461 ], [ 77.2401, 12.1322 ], [ 77.2242, 12.1158 ], [ 77.2143, 12.1159 ], [ 77.2173, 12.1279 ], [ 77.2048, 12.1371 ], [ 77.1971, 12.1343 ], [ 77.1985, 12.1138 ], [ 77.1818, 12.1153 ], [ 77.1698, 12.1465 ], [ 77.1645, 12.128 ], [ 77.1612, 12.1386 ], [ 77.1517, 12.1368 ], [ 77.1503, 12.1192 ], [ 77.1283, 12.1405 ], [ 77.1379, 12.1715 ], [ 77.1202, 12.1919 ], [ 77.1347, 12.2243 ], [ 77.1261, 12.243 ], [ 77.167, 12.2555 ], [ 77.1662, 12.3093 ] ], [ [ 77.2316, 12.2467 ], [ 77.2166, 12.2385 ], [ 77.2044, 12.2159 ], [ 77.2057, 12.189 ], [ 77.2278, 12.2125 ], [ 77.2316, 12.2467 ] ] ] } },
{ "type": "Feature", "properties": { "area_id": "KGIS-H-270503", "name_en": "Lokkanahalli", "name_kn": "", "level": "panchayat", "parent_id": "KGIS-T-2705", "district_en": "Chamarajanagara", "lgd_code": null }, "geometry": { "type": "MultiPolygon", "coordinates": [ [ [ [ 77.3862, 11.8398 ], [ 77.3867, 11.8208 ], [ 77.3529, 11.807 ], [ 77.3439, 11.8144 ], [ 77.3279, 11.8048 ], [ 77.3163, 11.8121 ], [ 77.3811, 11.8257 ], [ 77.3862, 11.8398 ] ] ], [ [ [ 77.4612, 11.8989 ], [ 77.4601, 11.8637 ], [ 77.4671, 11.8467 ], [ 77.4389, 11.7806 ], [ 77.4357, 11.808 ], [ 77.4279, 11.8168 ], [ 77.4123, 11.8129 ], [ 77.4189, 11.8286 ], [ 77.4317, 11.8275 ], [ 77.4333, 11.8437 ], [ 77.4468, 11.8344 ], [ 77.4558, 11.8433 ], [ 77.4477, 11.8596 ], [ 77.4569, 11.8791 ], [ 77.4506, 11.8886 ], [ 77.4612, 11.8989 ] ] ], [ [ [ 77.2926, 11.924 ], [ 77.2969, 11.8913 ], [ 77.2801, 11.8463 ], [ 77.2464, 11.8002 ], [ 77.2297, 11.7957 ], [ 77.2509, 11.8367 ], [ 77.245, 11.8613 ], [ 77.2508, 11.8727 ], [ 77.2614, 11.8741 ], [ 77.2584, 11.922 ], [ 77.2787, 11.9321 ], [ 77.2926, 11.924 ] ] ], [ [ [ 77.2391, 11.9028 ], [ 77.2489, 11.8933 ], [ 77.2353, 11.8907 ], [ 77.2391, 11.9028 ] ] ], [ [ [ 77.235, 11.9306 ], [ 77.2327, 11.9338 ], [ 77.2373, 11.9332 ], [ 77.235, 11.9306 ] ] ], [ [ [ 77.1977, 12.135 ], [ 77.2173, 12.1279 ], [ 77.2143, 12.1159 ], [ 77.2251, 12.1162 ], [ 77.2324, 12.1306 ], [ 77.2399, 12.1179 ], [ 77.2652, 12.1074 ], [ 77.2566, 12.0477 ], [ 77.2449, 12.0335 ], [ 77.2727, 12.0274 ], [ 77.269, 12.0148 ], [ 77.2772, 11.9934 ], [ 77.255, 12.0006 ], [ 77.2558, 11.9601 ], [ 77.2633, 11.9536 ], [ 77.2578, 11.9516 ], [ 77.2482, 11.9573 ], [ 77.2405, 12.0271 ], [ 77.2221, 12.0359 ], [ 77.2277, 12.0517 ], [ 77.2196, 12.0694 ], [ 77.2282, 12.0802 ], [ 77.2078, 12.088 ], [ 77.206, 12.0984 ], [ 77.2033, 12.058 ], [ 77.1992, 12.0459 ], [ 77.1956, 12.0505 ], [ 77.1882, 12.1112 ], [ 77.1985, 12.1138 ], [ 77.1977, 12.135 ] ] ], [ [ [ 77.2025, 12.0473 ], [ 77.2029, 12.0501 ], [ 77.2034, 12.0499 ], [ 77.2025, 12.0473 ] ] ] ] } },
{ "type": "Feature", "properties": { "area_id": "KGIS-H-270504", "name_en": "Hanuru", "name_kn": "", "level": "panchayat", "parent_id": "KGIS-T-2705", "district_en": "Chamarajanagara", "lgd_code": null }, "geometry": { "type": "Polygon", "coordinates": [ [ [ 77.264, 12.3128 ], [ 77.306, 12.2967 ], [ 77.3261, 12.3027 ], [ 77.3445, 12.2776 ], [ 77.355, 12.2757 ], [ 77.406, 12.2758 ], [ 77.4299, 12.2867 ], [ 77.4524, 12.2475 ], [ 77.4788, 12.2396 ], [ 77.4824, 12.2286 ], [ 77.4718, 12.2081 ], [ 77.4929, 12.1976 ], [ 77.5188, 12.1946 ], [ 77.5465, 12.2049 ], [ 77.5653, 12.1964 ], [ 77.6114, 12.2064 ], [ 77.7309, 12.1806 ], [ 77.7513, 12.1362 ], [ 77.7764, 12.1169 ], [ 77.7561, 12.0799 ], [ 77.7279, 12.0627 ], [ 77.7173, 12.0462 ], [ 77.6921, 12.0584 ], [ 77.6916, 12.0477 ], [ 77.7061, 12.0424 ], [ 77.7077, 12.0341 ], [ 77.6759, 11.9691 ], [ 77.6751, 11.9519 ], [ 77.6512, 11.9548 ], [ 77.6033, 11.938 ], [ 77.5605, 11.9422 ], [ 77.538, 11.9327 ], [ 77.494, 11.9436 ], [ 77.4857, 11.8879 ], [ 77.4719, 11.9003 ], [ 77.4524, 11.8934 ], [ 77.4569, 11.8791 ], [ 77.4477, 11.8596 ], [ 77.4558, 11.8433 ], [ 77.4468, 11.8344 ], [ 77.4333, 11.8437 ], [ 77.4317, 11.8275 ], [ 77.4189, 11.8286 ], [ 77.4123, 11.8129 ], [ 77.4279, 11.8168 ], [ 77.4357, 11.808 ], [ 77.4379, 11.7814 ], [ 77.4278, 11.7611 ], [ 77.4222, 11.7725 ], [ 77.3944, 11.7879 ], [ 77.3648, 11.7904 ], [ 77.3599, 11.7799 ], [ 77.335, 11.7715 ], [ 77.2937, 11.8093 ], [ 77.2875, 11.8006 ], [ 77.2503, 11.8129 ], [ 77.2801, 11.8463 ], [ 77.2844, 11.8699 ], [ 77.2942, 11.8774 ], [ 77.2976, 11.9159 ], [ 77.2787, 11.9321 ], [ 77.2584, 11.922 ], [ 77.2614, 11.8741 ], [ 77.2508, 11.8727 ], [ 77.245, 11.8613 ], [ 77.2519, 11.8408 ], [ 77.2304, 11.7965 ], [ 77.1895, 11.7927 ], [ 77.1928, 11.8172 ], [ 77.1724, 11.8592 ], [ 77.1851, 11.9895 ], [ 77.1772, 12.0147 ], [ 77.1555, 12.0271 ], [ 77.168, 12.0674 ], [ 77.1634, 12.0787 ], [ 77.1461, 12.0756 ], [ 77.1329, 12.088 ], [ 77.1373, 12.0991 ], [ 77.1562, 12.0977 ], [ 77.142, 12.1116 ], [ 77.1504, 12.1192 ], [ 77.1517, 12.1368 ], [ 77.1699, 12.1311 ], [ 77.1698, 12.1465 ], [ 77.1818, 12.1153 ], [ 77.1892, 12.1164 ], [ 77.1956, 12.0505 ], [ 77.1992, 12.0459 ], [ 77.2042, 12.098 ], [ 77.2078, 12.088 ], [ 77.2282, 12.0802 ], [ 77.2196, 12.0694 ], [ 77.2277, 12.0517 ], [ 77.2221, 12.0359 ], [ 77.2405, 12.0271 ], [ 77.2484, 11.9561 ], [ 77.2633, 11.9536 ], [ 77.2558, 11.9601 ], [ 77.2532, 11.9941 ], [ 77.2629, 12.0026 ], [ 77.2653, 11.9924 ], [ 77.2772, 11.9934 ], [ 77.269, 12.0148 ], [ 77.2727, 12.0274 ], [ 77.2449, 12.0335 ], [ 77.2566, 12.0477 ], [ 77.2652, 12.1074 ], [ 77.2363, 12.1208 ], [ 77.2417, 12.1446 ], [ 77.2325, 12.1469 ], [ 77.2405, 12.1667 ], [ 77.2356, 12.1745 ], [ 77.2646, 12.1937 ], [ 77.3006, 12.1993 ], [ 77.3197, 12.2195 ], [ 77.2856, 12.26 ], [ 77.2603, 12.248 ], [ 77.2535, 12.2295 ], [ 77.2393, 12.2575 ], [ 77.2508, 12.2841 ], [ 77.2442, 12.3073 ], [ 77.264, 12.3128 ] ], [ [ 77.5139, 12.0984 ], [ 77.5056, 12.1139 ], [ 77.4839, 12.1238 ], [ 77.4659, 12.1165 ], [ 77.4478, 12.0811 ], [ 77.4215, 12.0878 ], [ 77.3994, 12.0775 ], [ 77.397, 12.0649 ], [ 77.4129, 12.055 ], [ 77.4086, 12.036 ], [ 77.3969, 12.0265 ], [ 77.3996, 12.0174 ], [ 77.3796, 12.0102 ], [ 77.3338, 12.0393 ], [ 77.3336, 11.9904 ], [ 77.3925, 11.9834 ], [ 77.4088, 11.9897 ], [ 77.4539, 12.0569 ], [ 77.4593, 12.08 ], [ 77.4995, 12.0877 ], [ 77.5139, 12.0984 ] ], [ [ 77.624, 12.1357 ], [ 77.603, 12.1402 ], [ 77.5897, 12.1142 ], [ 77.5948, 12.104 ], [ 77.6057, 12.1035 ], [ 77.6081, 12.1102 ], [ 77.6107, 12.0998 ], [ 77.6268, 12.101 ], [ 77.6296, 12.1135 ], [ 77.6174, 12.1221 ], [ 77.624, 12.1357 ] ], [ [ 77.6153, 12.0489 ], [ 77.5787, 12.0435 ], [ 77.5767, 12.034 ], [ 77.5946, 12.0242 ], [ 77.6175, 12.0383 ], [ 77.6153, 12.0489 ] ], [ [ 77.5047, 11.9889 ], [ 77.5181, 12.0251 ], [ 77.4998, 12.0305 ], [ 77.497, 11.9963 ], [ 77.475, 11.9792 ], [ 77.4932, 11.9802 ], [ 77.5047, 11.9889 ] ], [ [ 77.3472, 11.9608 ], [ 77.3352, 11.9358 ], [ 77.3384, 11.8989 ], [ 77.3445, 11.9014 ], [ 77.3468, 11.9261 ], [ 77.3641, 11.9478 ], [ 77.3472, 11.9608 ] ], [ [ 77.3862, 11.8398 ], [ 77.3811, 11.8257 ], [ 77.3163, 11.8121 ], [ 77.3279, 11.8048 ], [ 77.3439, 11.8144 ], [ 77.3529, 11.807 ], [ 77.3867, 11.8208 ], [ 77.3862, 11.8398 ] ], [ [ 77.4767, 12.1631 ], [ 77.4633, 12.1358 ], [ 77.4766, 12.1266 ], [ 77.477, 12.1467 ], [ 77.4876, 12.1598 ], [ 77.4767, 12.1631 ] ], [ [ 77.5332, 12.1641 ], [ 77.5427, 12.1541 ], [ 77.5457, 12.1724 ], [ 77.5358, 12.1734 ], [ 77.5332, 12.1641 ] ], [ [ 77.5457, 12.1016 ], [ 77.5567, 12.1046 ], [ 77.557, 12.1211 ], [ 77.5496, 12.1233 ], [ 77.5457, 12.1016 ] ], [ [ 77.6182, 12.0059 ], [ 77.6113, 12.0215 ], [ 77.6083, 12.0077 ], [ 77.6182, 12.0059 ] ], [ [ 77.6306, 12.031 ], [ 77.6249, 12.0173 ], [ 77.6379, 12.0148 ], [ 77.64, 12.0248 ], [ 77.6306, 12.031 ] ], [ [ 77.4932, 12.041 ], [ 77.5091, 12.051 ], [ 77.4993, 12.0546 ], [ 77.4932, 12.041 ] ], [ [ 77.3148, 12.0363 ], [ 77.3083, 12.034 ], [ 77.3067, 12.0192 ], [ 77.3155, 12.0196 ], [ 77.3148, 12.0363 ] ], [ [ 77.2398, 11.8885 ], [ 77.2489, 11.8933 ], [ 77.2514, 11.8992 ], [ 77.2391, 11.9028 ], [ 77.2398, 11.8885 ] ], [ [ 77.5526, 12.0079 ], [ 77.5491, 11.9964 ], [ 77.5561, 11.994 ], [ 77.5593, 12.005 ], [ 77.5526, 12.0079 ] ], [ [ 77.5297, 11.9793 ], [ 77.5258, 11.9706 ], [ 77.5282, 11.9613 ], [ 77.5335, 11.9682 ], [ 77.5297, 11.9793 ] ], [ [ 77.549, 12.0241 ], [ 77.5488, 12.0328 ], [ 77.5426, 12.0324 ], [ 77.5409, 12.0268 ], [ 77.549, 12.0241 ] ], [ [ 77.5401, 11.9907 ], [ 77.5366, 11.9993 ], [ 77.5347, 11.9908 ], [ 77.5401, 11.9907 ] ], [ [ 77.6566, 12.0192 ], [ 77.6615, 12.0112 ], [ 77.6627, 12.0194 ], [ 77.6566, 12.0192 ] ], [ [ 77.5265, 12.0538 ], [ 77.5198, 12.0494 ], [ 77.5253, 12.0464 ], [ 77.5265, 12.0538 ] ], [ [ 77.6473, 12.0345 ], [ 77.6518, 12.0297 ], [ 77.6527, 12.0334 ], [ 77.6473, 12.0345 ] ], [ [ 77.5959, 12.0008 ], [ 77.599, 11.9989 ], [ 77.5993, 12.0012 ], [ 77.5959, 12.0008 ] ], [ [ 77.6753, 12.1527 ], [ 77.6764, 12.149 ], [ 77.6777, 12.1518 ], [ 77.6753, 12.1527 ] ], [ [ 77.235, 11.9306 ], [ 77.2327, 11.9338 ], [ 77.233, 11.9311 ], [ 77.235, 11.9306 ] ], [ [ 77.6631, 12.1332 ], [ 77.6627, 12.1292 ], [ 77.665, 12.1348 ], [ 77.6631, 12.1332 ] ], [ [ 77.2025, 12.0473 ], [ 77.2029, 12.0501 ], [ 77.2021, 12.0474 ], [ 77.2025, 12.0473 ] ] ] } },
{ "type": "Feature", "properties": { "area_id": "KGIS-H-270505", "name_en": "Ramapura", "name_kn": "", "level": "panchayat", "parent_id": "KGIS-T-2705", "district_en": "Chamarajanagara", "lgd_code": null }, "geometry": { "type": "MultiPolygon", "coordinates": [ [ [ [ 77.3632, 11.952 ], [ 77.3439, 11.9196 ], [ 77.3445, 11.9014 ], [ 77.3356, 11.8996 ], [ 77.3352, 11.9358 ], [ 77.3431, 11.9539 ], [ 77.3472, 11.9608 ], [ 77.3632, 11.952 ] ] ], [ [ [ 77.5285, 11.9613 ], [ 77.5258, 11.9706 ], [ 77.5297, 11.9793 ], [ 77.5285, 11.9613 ] ] ], [ [ [ 77.5398, 11.9901 ], [ 77.5366, 11.9993 ], [ 77.5427, 12.0006 ], [ 77.5398, 11.9901 ] ] ], [ [ [ 77.5147, 12.0266 ], [ 77.5047, 11.9889 ], [ 77.475, 11.9792 ], [ 77.497, 11.9963 ], [ 77.4984, 12.0292 ], [ 77.5147, 12.0266 ] ] ], [ [ [ 77.3069, 12.0237 ], [ 77.3083, 12.034 ], [ 77.3174, 12.036 ], [ 77.3155, 12.0196 ], [ 77.3069, 12.0237 ] ] ], [ [ [ 77.5426, 12.0324 ], [ 77.5508, 12.0237 ], [ 77.5409, 12.0268 ], [ 77.5426, 12.0324 ] ] ], [ [ [ 77.5013, 12.0386 ], [ 77.4993, 12.0546 ], [ 77.5091, 12.051 ], [ 77.5013, 12.0386 ] ] ], [ [ [ 77.5253, 12.0464 ], [ 77.5218, 12.0558 ], [ 77.5265, 12.0538 ], [ 77.5253, 12.0464 ] ] ], [ [ [ 77.5101, 12.0948 ], [ 77.4593, 12.08 ], [ 77.4539, 12.0569 ], [ 77.4088, 11.9897 ], [ 77.3925, 11.9834 ], [ 77.3336, 11.9904 ], [ 77.3338, 12.0393 ], [ 77.3796, 12.0102 ], [ 77.3996, 12.0174 ], [ 77.3962, 12.0247 ], [ 77.4085, 12.0359 ], [ 77.4129, 12.055 ], [ 77.397, 12.0649 ], [ 77.3994, 12.0775 ], [ 77.4215, 12.0878 ], [ 77.4478, 12.0811 ], [ 77.4659, 12.1165 ], [ 77.4839, 12.1238 ], [ 77.5109, 12.1093 ], [ 77.5101, 12.0948 ] ] ], [ [ [ 77.4661, 12.135 ], [ 77.4754, 12.1635 ], [ 77.4876, 12.1598 ], [ 77.477, 12.1467 ], [ 77.4766, 12.1266 ], [ 77.4661, 12.135 ] ] ], [ [ [ 77.5457, 12.1724 ], [ 77.5453, 12.1594 ], [ 77.5427, 12.1541 ], [ 77.533, 12.1644 ], [ 77.5358, 12.1734 ], [ 77.5457, 12.1724 ] ] ], [ [ [ 77.2135, 12.1924 ], [ 77.2052, 12.1898 ], [ 77.2044, 12.2159 ], [ 77.2166, 12.2385 ], [ 77.2316, 12.2467 ], [ 77.2278, 12.2125 ], [ 77.2149, 12.2034 ], [ 77.2135, 12.1924 ] ] ], [ [ [ 77.5993, 12.0012 ], [ 77.5956, 11.9955 ], [ 77.5964, 12.0013 ], [ 77.5993, 12.0012 ] ] ], [ [ [ 77.5496, 11.9983 ], [ 77.5523, 12.008 ], [ 77.5593, 12.005 ], [ 77.5561, 11.994 ], [ 77.5496, 11.9983 ] ] ], [ [ [ 77.62, 12.02 ], [ 77.6182, 12.0059 ], [ 77.6083, 12.0077 ], [ 77.6113, 12.0215 ], [ 77.62, 12.02 ] ] ], [ [ [ 77.6615, 12.0112 ], [ 77.6548, 12.0181 ], [ 77.6627, 12.0194 ], [ 77.6615, 12.0112 ] ] ], [ [ [ 77.636, 12.0155 ], [ 77.6249, 12.0173 ], [ 77.6296, 12.0312 ], [ 77.64, 12.0248 ], [ 77.636, 12.0155 ] ] ], [ [ [ 77.6518, 12.0297 ], [ 77.6473, 12.0345 ], [ 77.6527, 12.0334 ], [ 77.6518, 12.0297 ] ] ], [ [ [ 77.6192, 12.0419 ], [ 77.5929, 12.0239 ], [ 77.5761, 12.038 ], [ 77.5968, 12.049 ], [ 77.6158, 12.0489 ], [ 77.6192, 12.0419 ] ] ], [ [ [ 77.6984, 12.0573 ], [ 77.7166, 12.0466 ], [ 77.7069, 12.0348 ], [ 77.6898, 12.0512 ], [ 77.6984, 12.0573 ] ] ], [ [ [ 77.5477, 12.1055 ], [ 77.5496, 12.1233 ], [ 77.557, 12.1211 ], [ 77.5567, 12.1046 ], [ 77.5477, 12.1055 ] ] ], [ [ [ 77.6015, 12.1379 ], [ 77.624, 12.1357 ], [ 77.6174, 12.1221 ], [ 77.6296, 12.1135 ], [ 77.6269, 12.1012 ], [ 77.6107, 12.0998 ], [ 77.6067, 12.1104 ], [ 77.6057, 12.1035 ], [ 77.5948, 12.104 ], [ 77.5901, 12.1173 ], [ 77.6015, 12.1379 ] ] ], [ [ [ 77.6627, 12.1292 ], [ 77.6631, 12.1332 ], [ 77.665, 12.1348 ], [ 77.6627, 12.1292 ] ] ], [ [ [ 77.6739, 12.1454 ], [ 77.6753, 12.1527 ], [ 77.6777, 12.1518 ], [ 77.6739, 12.1454 ] ] ] ] } },
{ "type": "Feature", "properties": { "area_id": "KGIS-H-280101", "name_en": "Kasaba", "name_kn": "", "level": "panchayat", "parent_id": "KGIS-T-2801", "district_en": "Chikkaballapura", "lgd_code": null }, "geometry": { "type": "MultiPolygon", "coordinates": [ [ [ [ 77.4854, 13.7151 ], [ 77.5145, 13.7129 ], [ 77.5119, 13.6972 ], [ 77.5213, 13.6905 ], [ 77.5356, 13.7094 ], [ 77.5424, 13.6951 ], [ 77.5525, 13.7015 ], [ 77.5552, 13.6938 ], [ 77.574, 13.6905 ], [ 77.5659, 13.6859 ], [ 77.5682, 13.6599 ], [ 77.5435, 13.6659 ], [ 77.548, 13.6354 ], [ 77.5758, 13.6159 ], [ 77.5623, 13.5923 ], [ 77.5615, 13.5709 ], [ 77.5548, 13.5736 ], [ 77.5353, 13.5577 ], [ 77.5267, 13.5734 ], [ 77.5089, 13.5733 ], [ 77.5129, 13.5578 ], [ 77.4857, 13.5608 ], [ 77.493, 13.5839 ], [ 77.4786, 13.5807 ], [ 77.4621, 13.5937 ], [ 77.4536, 13.6241 ], [ 77.4352, 13.6495 ], [ 77.4371, 13.6841 ], [ 77.4912, 13.6899 ], [ 77.4854, 13.7151 ] ] ], [ [ [ 77.4432, 13.6384 ], [ 77.4417, 13.6386 ], [ 77.4426, 13.6392 ], [ 77.4432, 13.6384 ] ] ] ] } },
{ "type": "Feature", "properties": { "area_id": "KGIS-H-280102", "name_en": "Nagaragere", "name_kn": "", "level": "panchayat", "parent_id": "KGIS-T-2801", "district_en": "Chikkaballapura", "lgd_code": null }, "geometry": { "type": "Polygon", "coordinates": [ [ [ 77.6798, 13.7852 ], [ 77.6774, 13.7666 ], [ 77.6571, 13.7451 ], [ 77.6821, 13.7279 ], [ 77.7199, 13.7252 ], [ 77.718, 13.7052 ], [ 77.6864, 13.6968 ], [ 77.6791, 13.6818 ], [ 77.6435, 13.6831 ], [ 77.6402, 13.6712 ], [ 77.62, 13.688 ], [ 77.6111, 13.6762 ], [ 77.5876, 13.6731 ], [ 77.5533, 13.7013 ], [ 77.5424, 13.6951 ], [ 77.5426, 13.7053 ], [ 77.5343, 13.7092 ], [ 77.5364, 13.7307 ], [ 77.5221, 13.7447 ], [ 77.5251, 13.7533 ], [ 77.5445, 13.7548 ], [ 77.5604, 13.7223 ], [ 77.5713, 13.7384 ], [ 77.5868, 13.7336 ], [ 77.6001, 13.751 ], [ 77.6134, 13.752 ], [ 77.6275, 13.7347 ], [ 77.642, 13.7483 ], [ 77.6185, 13.755 ], [ 77.6205, 13.7681 ], [ 77.6516, 13.7839 ], [ 77.6798, 13.7852 ] ] ] } },
{ "type": "Feature", "properties": { "area_id": "KGIS-H-280103", "name_en": "D Palya", "name_kn": "", "level": "panchayat", "parent_id": "KGIS-T-2801", "district_en": "Chikkaballapura", "lgd_code": null }, "geometry": { "type": "Polygon", "coordinates": [ [ [ 77.62, 13.6879 ], [ 77.6536, 13.6585 ], [ 77.6563, 13.6449 ], [ 77.652, 13.5978 ], [ 77.6379, 13.5813 ], [ 77.6621, 13.5769 ], [ 77.6455, 13.5657 ], [ 77.6246, 13.5677 ], [ 77.6219, 13.5592 ], [ 77.6031, 13.5679 ], [ 77.595, 13.543 ], [ 77.5858, 13.5584 ], [ 77.5585, 13.5702 ], [ 77.5758, 13.6159 ], [ 77.548, 13.6354 ], [ 77.5435, 13.6659 ], [ 77.5682, 13.6599 ], [ 77.5665, 13.6867 ], [ 77.5743, 13.6881 ], [ 77.5876, 13.6731 ], [ 77.6111, 13.6762 ], [ 77.62, 13.6879 ] ] ] } },
{ "type": "Feature", "properties": { "area_id": "KGIS-H-280104", "name_en": "Manchenahalli", "name_kn": "", "level": "panchayat", "parent_id": "KGIS-T-2801", "district_en": "Chikkaballapura", "lgd_code": null }, "geometry": { "type": "Polygon", "coordinates": [ [ [ 77.5548, 13.5736 ], [ 77.5858, 13.5584 ], [ 77.595, 13.543 ], [ 77.6031, 13.5679 ], [ 77.6219, 13.5592 ], [ 77.6246, 13.5677 ], [ 77.6543, 13.5693 ], [ 77.6475, 13.5396 ], [ 77.6831, 13.504 ], [ 77.6721, 13.4815 ], [ 77.6346, 13.4817 ], [ 77.6239, 13.4929 ], [ 77.6087, 13.4754 ], [ 77.6158, 13.4598 ], [ 77.6103, 13.4232 ], [ 77.6024, 13.4421 ], [ 77.5892, 13.4362 ], [ 77.5924, 13.4185 ], [ 77.5508, 13.4184 ], [ 77.5421, 13.4553 ], [ 77.5601, 13.502 ], [ 77.5431, 13.5458 ], [ 77.5548, 13.5736 ] ] ] } },
{ "type": "Feature", "properties": { "area_id": "KGIS-H-280105", "name_en": "Tondebavi", "name_kn": "", "level": "panchayat", "parent_id": "KGIS-T-2801", "district_en": "Chikkaballapura", "lgd_code": null }, "geometry": { "type": "Polygon", "coordinates": [ [ [ 77.5089, 13.5733 ], [ 77.5267, 13.5734 ], [ 77.5329, 13.558 ], [ 77.5498, 13.5634 ], [ 77.5428, 13.541 ], [ 77.5601, 13.502 ], [ 77.5421, 13.4553 ], [ 77.5456, 13.4366 ], [ 77.5356, 13.4305 ], [ 77.5208, 13.4319 ], [ 77.5164, 13.4435 ], [ 77.5044, 13.4451 ], [ 77.5065, 13.4563 ], [ 77.4836, 13.4672 ], [ 77.4356, 13.4633 ], [ 77.41, 13.4945 ], [ 77.4179, 13.508 ], [ 77.4289, 13.5038 ], [ 77.4426, 13.5224 ], [ 77.4598, 13.497 ], [ 77.4719, 13.4947 ], [ 77.4753, 13.5064 ], [ 77.4856, 13.505 ], [ 77.4804, 13.5274 ], [ 77.4859, 13.5608 ], [ 77.5129, 13.5578 ], [ 77.5089, 13.5733 ] ] ] } },
{ "type": "Feature", "properties": { "area_id": "KGIS-H-280106", "name_en": "Hosuru", "name_kn": "", "level": "panchayat", "parent_id": "KGIS-T-2801", "district_en": "Chikkaballapura", "lgd_code": null }, "geometry": { "type": "Polygon", "coordinates": [ [ [ 77.4306, 13.6741 ], [ 77.4621, 13.5937 ], [ 77.4786, 13.5807 ], [ 77.493, 13.5839 ], [ 77.4852, 13.5726 ], [ 77.488, 13.5504 ], [ 77.4804, 13.5274 ], [ 77.4856, 13.505 ], [ 77.4753, 13.5064 ], [ 77.4719, 13.4947 ], [ 77.4598, 13.497 ], [ 77.4426, 13.5224 ], [ 77.4289, 13.5038 ], [ 77.4179, 13.508 ], [ 77.41, 13.4945 ], [ 77.3826, 13.5009 ], [ 77.3916, 13.534 ], [ 77.38, 13.5463 ], [ 77.3826, 13.5758 ], [ 77.3744, 13.5899 ], [ 77.3637, 13.5901 ], [ 77.3622, 13.6249 ], [ 77.3972, 13.6745 ], [ 77.4306, 13.6741 ] ], [ [ 77.4417, 13.6386 ], [ 77.4432, 13.6384 ], [ 77.4426, 13.6392 ], [ 77.4417, 13.6386 ] ] ] } },
{ "type": "Feature", "properties": { "area_id": "KGIS-H-280201", "name_en": "Kasaba", "name_kn": "", "level": "panchayat", "parent_id": "KGIS-T-2802", "district_en": "Chikkaballapura", "lgd_code": null }, "geometry": { "type": "Polygon", "coordinates": [ [ [ 77.7891, 13.5536 ], [ 77.7848, 13.5291 ], [ 77.8111, 13.5337 ], [ 77.8176, 13.5151 ], [ 77.8304, 13.5103 ], [ 77.8277, 13.4818 ], [ 77.8437, 13.4629 ], [ 77.8381, 13.4534 ], [ 77.8431, 13.4385 ], [ 77.7814, 13.4434 ], [ 77.7701, 13.4344 ], [ 77.7621, 13.4392 ], [ 77.7603, 13.4312 ], [ 77.7726, 13.4242 ], [ 77.7514, 13.429 ], [ 77.7438, 13.418 ], [ 77.7309, 13.4159 ], [ 77.7115, 13.4219 ], [ 77.7088, 13.4326 ], [ 77.7, 13.4304 ], [ 77.702, 13.4172 ], [ 77.6662, 13.4176 ], [ 77.6558, 13.4328 ], [ 77.6736, 13.4335 ], [ 77.6692, 13.4785 ], [ 77.682, 13.5046 ], [ 77.7147, 13.523 ], [ 77.7295, 13.5464 ], [ 77.7513, 13.5378 ], [ 77.7891, 13.5536 ] ] ] } },
{ "type": "Feature", "properties": { "area_id": "KGIS-H-280202", "name_en": "Nandi", "name_kn": "", "level": "panchayat", "parent_id": "KGIS-T-2802", "district_en": "Chikkaballapura", "lgd_code": null }, "geometry": { "type": "Polygon", "coordinates": [ [ [ 77.6323, 13.484 ], [ 77.6697, 13.4816 ], [ 77.6736, 13.4335 ], [ 77.6558, 13.4328 ], [ 77.6662, 13.4176 ], [ 77.702, 13.4172 ], [ 77.7, 13.4304 ], [ 77.7088, 13.4326 ], [ 77.7115, 13.4219 ], [ 77.7309, 13.4159 ], [ 77.7438, 13.418 ], [ 77.7514, 13.429 ], [ 77.7726, 13.4242 ], [ 77.7603, 13.4312 ], [ 77.7621, 13.4392 ], [ 77.7701, 13.4344 ], [ 77.7814, 13.4434 ], [ 77.8271, 13.439 ], [ 77.8322, 13.4359 ], [ 77.8252, 13.4144 ], [ 77.8417, 13.3946 ], [ 77.8387, 13.3787 ], [ 77.8257, 13.3691 ], [ 77.8132, 13.3743 ], [ 77.7988, 13.3671 ], [ 77.7912, 13.3517 ], [ 77.7545, 13.3646 ], [ 77.7419, 13.361 ], [ 77.7446, 13.3536 ], [ 77.7274, 13.3628 ], [ 77.728, 13.351 ], [ 77.7159, 13.3511 ], [ 77.7176, 13.3633 ], [ 77.7091, 13.3656 ], [ 77.6988, 13.3588 ], [ 77.6989, 13.336 ], [ 77.683, 13.3528 ], [ 77.6802, 13.345 ], [ 77.6674, 13.3473 ], [ 77.6553, 13.3571 ], [ 77.6612, 13.3758 ], [ 77.651, 13.3864 ], [ 77.6576, 13.3977 ], [ 77.6382, 13.3939 ], [ 77.6328, 13.3755 ], [ 77.6209, 13.3752 ], [ 77.6124, 13.3859 ], [ 77.6204, 13.4025 ], [ 77.6076, 13.4079 ], [ 77.6034, 13.3975 ], [ 77.5989, 13.4064 ], [ 77.5999, 13.4147 ], [ 77.6159, 13.4191 ], [ 77.6103, 13.4232 ], [ 77.6158, 13.4598 ], [ 77.6087, 13.4754 ], [ 77.6254, 13.4939 ], [ 77.6323, 13.484 ] ] ] } },
{ "type": "Feature", "properties": { "area_id": "KGIS-H-280203", "name_en": "Mandikallu", "name_kn": "", "level": "panchayat", "parent_id": "KGIS-T-2802", "district_en": "Chikkaballapura", "lgd_code": null }, "geometry": { "type": "Polygon", "coordinates": [ [ [ 77.7289, 13.6653 ], [ 77.7482, 13.6439 ], [ 77.7535, 13.6568 ], [ 77.749, 13.6365 ], [ 77.7775, 13.6332 ], [ 77.777, 13.622 ], [ 77.7613, 13.6206 ], [ 77.7705, 13.6103 ], [ 77.8098, 13.6261 ], [ 77.8143, 13.6124 ], [ 77.8317, 13.6107 ], [ 77.8346, 13.588 ], [ 77.8702, 13.5845 ], [ 77.8701, 13.5666 ], [ 77.8386, 13.5584 ], [ 77.8227, 13.5357 ], [ 77.7848, 13.5291 ], [ 77.78, 13.5357 ], [ 77.7891, 13.5536 ], [ 77.7513, 13.5378 ], [ 77.7295, 13.5464 ], [ 77.7243, 13.5329 ], [ 77.6918, 13.5076 ], [ 77.6724, 13.5096 ], [ 77.6475, 13.5396 ], [ 77.6621, 13.5769 ], [ 77.6379, 13.5813 ], [ 77.652, 13.5978 ], [ 77.656, 13.6452 ], [ 77.6684, 13.6335 ], [ 77.7244, 13.6253 ], [ 77.7243, 13.6359 ], [ 77.7132, 13.6395 ], [ 77.7178, 13.6587 ], [ 77.7289, 13.6653 ] ] ] } },
{ "type": "Feature", "properties": { "area_id": "KGIS-H-280301", "name_en": "Kasaba", "name_kn": "", "level": "panchayat", "parent_id": "KGIS-T-2803", "district_en": "Chikkaballapura", "lgd_code": null }, "geometry": { "type": "Polygon", "coordinates": [ [ [ 77.7547, 13.7779 ], [ 77.7664, 13.738 ], [ 77.7543, 13.7163 ], [ 77.7574, 13.6907 ], [ 77.7499, 13.6719 ], [ 77.7178, 13.6587 ], [ 77.7132, 13.6395 ], [ 77.7243, 13.6359 ], [ 77.7249, 13.6257 ], [ 77.6684, 13.6335 ], [ 77.6401, 13.6698 ], [ 77.6435, 13.6831 ], [ 77.6791, 13.6818 ], [ 77.6864, 13.6968 ], [ 77.718, 13.7052 ], [ 77.7199, 13.7252 ], [ 77.6821, 13.7279 ], [ 77.6571, 13.7451 ], [ 77.6589, 13.7504 ], [ 77.703, 13.773 ], [ 77.7087, 13.7408 ], [ 77.7174, 13.7409 ], [ 77.7213, 13.7701 ], [ 77.7547, 13.7779 ] ] ] } },
{ "type": "Feature", "properties": { "area_id": "KGIS-H-280302", "name_en": "Somenahalli", "name_kn": "", "level": "panchayat", "parent_id": "KGIS-T-2803", "district_en": "Chikkaballapura", "lgd_code": null }, "geometry": { "type": "Polygon", "coordinates": [ [ [ 77.774, 13.7302 ], [ 77.7857, 13.7155 ], [ 77.7987, 13.7286 ], [ 77.8156, 13.7171 ], [ 77.8294, 13.6809 ], [ 77.8462, 13.6798 ], [ 77.8612, 13.6673 ], [ 77.8626, 13.6405 ], [ 77.838, 13.6463 ], [ 77.8428, 13.6215 ], [ 77.8317, 13.6107 ], [ 77.8143, 13.6124 ], [ 77.8098, 13.6261 ], [ 77.8013, 13.6274 ], [ 77.7705, 13.6103 ], [ 77.7613, 13.6206 ], [ 77.777, 13.622 ], [ 77.7775, 13.6332 ], [ 77.7476, 13.6376 ], [ 77.7556, 13.6479 ], [ 77.7535, 13.6568 ], [ 77.7482, 13.6439 ], [ 77.7369, 13.6523 ], [ 77.7378, 13.672 ], [ 77.7499, 13.6719 ], [ 77.7574, 13.6907 ], [ 77.7575, 13.7292 ], [ 77.774, 13.7302 ] ] ] } },
{ "type": "Feature", "properties": { "area_id": "KGIS-H-280401", "name_en": "Kasaba", "name_kn": "", "level": "panchayat", "parent_id": "KGIS-T-2804", "district_en": "Chikkaballapura", "lgd_code": null }, "geometry": { "type": "Polygon", "coordinates": [ [ [ 77.8385, 13.8214 ], [ 77.8372, 13.7864 ], [ 77.8443, 13.7807 ], [ 77.8602, 13.7924 ], [ 77.8568, 13.8027 ], [ 77.867, 13.8137 ], [ 77.8989, 13.8051 ], [ 77.8936, 13.7995 ], [ 77.9083, 13.7877 ], [ 77.9031, 13.7592 ], [ 77.9106, 13.7504 ], [ 77.881, 13.7469 ], [ 77.8658, 13.753 ], [ 77.8707, 13.74 ], [ 77.8899, 13.7337 ], [ 77.8764, 13.7356 ], [ 77.8733, 13.7265 ], [ 77.8663, 13.7312 ], [ 77.8648, 13.7215 ], [ 77.8496, 13.726 ], [ 77.8477, 13.7157 ], [ 77.8336, 13.7161 ], [ 77.8338, 13.7329 ], [ 77.8134, 13.7327 ], [ 77.8122, 13.7388 ], [ 77.7964, 13.736 ], [ 77.7987, 13.7286 ], [ 77.7857, 13.7155 ], [ 77.7736, 13.732 ], [ 77.7597, 13.7296 ], [ 77.7664, 13.738 ], [ 77.7547, 13.7779 ], [ 77.7201, 13.7721 ], [ 77.7191, 13.8006 ], [ 77.7447, 13.8106 ], [ 77.7417, 13.8151 ], [ 77.7468, 13.8095 ], [ 77.7913, 13.8222 ], [ 77.8085, 13.8096 ], [ 77.8227, 13.8214 ], [ 77.8385, 13.8214 ] ] ] } },
{ "type": "Feature", "properties": { "area_id": "KGIS-H-280402", "name_en": "Guluru", "name_kn": "", "level": "panchayat", "parent_id": "KGIS-T-2804", "district_en": "Chikkaballapura", "lgd_code": null }, "geometry": { "type": "Polygon", "coordinates": [ [ [ 77.9621, 13.9554 ], [ 77.9876, 13.9557 ], [ 77.9802, 13.9281 ], [ 77.9857, 13.9016 ], [ 77.9496, 13.8869 ], [ 77.9537, 13.8367 ], [ 77.9255, 13.8278 ], [ 77.9026, 13.8342 ], [ 77.8829, 13.8097 ], [ 77.8646, 13.8129 ], [ 77.8562, 13.8008 ], [ 77.8602, 13.7924 ], [ 77.8447, 13.7807 ], [ 77.8372, 13.7864 ], [ 77.8369, 13.8232 ], [ 77.8085, 13.8096 ], [ 77.7891, 13.8217 ], [ 77.7823, 13.8439 ], [ 77.8123, 13.8475 ], [ 77.8196, 13.8627 ], [ 77.8366, 13.8696 ], [ 77.8267, 13.8742 ], [ 77.8354, 13.8809 ], [ 77.831, 13.8977 ], [ 77.816, 13.9042 ], [ 77.8133, 13.9183 ], [ 77.8255, 13.9448 ], [ 77.8459, 13.9355 ], [ 77.8957, 13.9442 ], [ 77.8961, 13.9209 ], [ 77.9266, 13.9054 ], [ 77.9458, 13.9351 ], [ 77.9601, 13.9406 ], [ 77.9621, 13.9554 ] ] ] } },
{ "type": "Feature", "properties": { "area_id": "KGIS-H-280403", "name_en": "Patapalya", "name_kn": "", "level": "panchayat", "parent_id": "KGIS-T-2804", "district_en": "Chikkaballapura", "lgd_code": null }, "geometry": { "type": "Polygon", "coordinates": [ [ [ 78.0002, 13.8729 ], [ 78.0425, 13.8607 ], [ 78.0381, 13.8516 ], [ 78.0485, 13.8444 ], [ 78.0505, 13.8207 ], [ 78.0405, 13.8087 ], [ 78.0457, 13.8032 ], [ 78.0547, 13.809 ], [ 78.0517, 13.8162 ], [ 78.0576, 13.8105 ], [ 78.0565, 13.8205 ], [ 78.0603, 13.8221 ], [ 78.0693, 13.7932 ], [ 78.0382, 13.7652 ], [ 78.0393, 13.7524 ], [ 78.0169, 13.7511 ], [ 78.0002, 13.723 ], [ 77.9872, 13.7229 ], [ 77.9722, 13.6995 ], [ 77.9615, 13.7106 ], [ 77.9499, 13.6998 ], [ 77.9406, 13.7131 ], [ 77.9079, 13.7125 ], [ 77.9143, 13.7389 ], [ 77.9031, 13.7592 ], [ 77.9083, 13.7877 ], [ 77.8936, 13.7995 ], [ 77.8989, 13.8051 ], [ 77.8798, 13.8105 ], [ 77.9026, 13.8342 ], [ 77.9255, 13.8278 ], [ 77.9532, 13.8368 ], [ 77.9523, 13.8269 ], [ 77.9764, 13.83 ], [ 78.0002, 13.8729 ] ] ] } },
{ "type": "Feature", "properties": { "area_id": "KGIS-H-280404", "name_en": "Cheluru", "name_kn": "", "level": "panchayat", "parent_id": "KGIS-T-2804", "district_en": "Chikkaballapura", "lgd_code": null }, "geometry": { "type": "Polygon", "coordinates": [ [ [ 78.0487, 13.8962 ], [ 78.0787, 13.8813 ], [ 78.0823, 13.8618 ], [ 78.1155, 13.8627 ], [ 78.1251, 13.8304 ], [ 78.1138, 13.8076 ], [ 78.1258, 13.7861 ], [ 78.0922, 13.7422 ], [ 78.1208, 13.7156 ], [ 78.1131, 13.6927 ], [ 78.0713, 13.6982 ], [ 78.0723, 13.6849 ], [ 78.0589, 13.6727 ], [ 78.0042, 13.6642 ], [ 77.9852, 13.6738 ], [ 77.9722, 13.6995 ], [ 77.9872, 13.7229 ], [ 78.0002, 13.723 ], [ 78.0169, 13.7511 ], [ 78.0393, 13.7524 ], [ 78.0382, 13.7652 ], [ 78.0704, 13.7954 ], [ 78.0596, 13.8224 ], [ 78.0576, 13.8105 ], [ 78.0517, 13.8162 ], [ 78.0547, 13.809 ], [ 78.0457, 13.8032 ], [ 78.0405, 13.8087 ], [ 78.0503, 13.8174 ], [ 78.0501, 13.8376 ], [ 78.0385, 13.8551 ], [ 78.0498, 13.8707 ], [ 78.0487, 13.8962 ] ] ] } },
{ "type": "Feature", "properties": { "area_id": "KGIS-H-280405", "name_en": "Mittemari", "name_kn": "", "level": "panchayat", "parent_id": "KGIS-T-2804", "district_en": "Chikkaballapura", "lgd_code": null }, "geometry": { "type": "Polygon", "coordinates": [ [ [ 77.8687, 13.7538 ], [ 77.881, 13.7469 ], [ 77.912, 13.7497 ], [ 77.9079, 13.7125 ], [ 77.9406, 13.7131 ], [ 77.9499, 13.6998 ], [ 77.9615, 13.7106 ], [ 77.9657, 13.6991 ], [ 77.9732, 13.6996 ], [ 77.9768, 13.6831 ], [ 78.0043, 13.6649 ], [ 77.9942, 13.631 ], [ 77.9722, 13.6245 ], [ 77.9086, 13.6366 ], [ 77.899, 13.6648 ], [ 77.8612, 13.6673 ], [ 77.8462, 13.6798 ], [ 77.8294, 13.6809 ], [ 77.8163, 13.7161 ], [ 77.7962, 13.7358 ], [ 77.832, 13.734 ], [ 77.8336, 13.7161 ], [ 77.8477, 13.7157 ], [ 77.8496, 13.726 ], [ 77.8648, 13.7215 ], [ 77.8663, 13.7312 ], [ 77.8733, 13.7265 ], [ 77.8764, 13.7356 ], [ 77.8899, 13.7337 ], [ 77.8707, 13.74 ], [ 77.8687, 13.7538 ] ] ] } },
{ "type": "Feature", "properties": { "area_id": "KGIS-H-280501", "name_en": "Kasaba", "name_kn": "", "level": "panchayat", "parent_id": "KGIS-T-2805", "district_en": "Chikkaballapura", "lgd_code": null }, "geometry": { "type": "Polygon", "coordinates": [ [ [ 77.9641, 13.4864 ], [ 77.9497, 13.4242 ], [ 77.9547, 13.4135 ], [ 77.9728, 13.4111 ], [ 77.9561, 13.3908 ], [ 77.9661, 13.3848 ], [ 77.9577, 13.3401 ], [ 77.9464, 13.339 ], [ 77.9441, 13.33 ], [ 77.9516, 13.3252 ], [ 77.9387, 13.3161 ], [ 77.9125, 13.3367 ], [ 77.8909, 13.3259 ], [ 77.8786, 13.3478 ], [ 77.8392, 13.3457 ], [ 77.8285, 13.3568 ], [ 77.7925, 13.3596 ], [ 77.8132, 13.3743 ], [ 77.8257, 13.3691 ], [ 77.8387, 13.3787 ], [ 77.8417, 13.3946 ], [ 77.8252, 13.4144 ], [ 77.8321, 13.4363 ], [ 77.8442, 13.4408 ], [ 77.8381, 13.4534 ], [ 77.8437, 13.4629 ], [ 77.8582, 13.4679 ], [ 77.874, 13.4506 ], [ 77.8928, 13.4466 ], [ 77.8837, 13.4583 ], [ 77.9036, 13.4737 ], [ 77.9026, 13.4924 ], [ 77.9097, 13.4855 ], [ 77.9168, 13.4899 ], [ 77.919, 13.468 ], [ 77.9248, 13.4727 ], [ 77.9279, 13.4625 ], [ 77.9381, 13.4649 ], [ 77.9504, 13.4954 ], [ 77.9641, 13.4864 ] ] ] } },
{ "type": "Feature", "properties": { "area_id": "KGIS-H-280502", "name_en": "Jangamakote", "name_kn": "", "level": "panchayat", "parent_id": "KGIS-T-2805", "district_en": "Chikkaballapura", "lgd_code": null }, "geometry": { "type": "Polygon", "coordinates": [ [ [ 77.7921, 13.3593 ], [ 77.8285, 13.3568 ], [ 77.8329, 13.3479 ], [ 77.8494, 13.3446 ], [ 77.8786, 13.3478 ], [ 77.8909, 13.3259 ], [ 77.9125, 13.3367 ], [ 77.926, 13.3053 ], [ 77.9239, 13.2908 ], [ 77.9147, 13.2896 ], [ 77.9392, 13.2755 ], [ 77.9423, 13.259 ], [ 77.935, 13.2448 ], [ 77.915, 13.2398 ], [ 77.9142, 13.2316 ], [ 77.8917, 13.2356 ], [ 77.9062, 13.2523 ], [ 77.8913, 13.2575 ], [ 77.8733, 13.2445 ], [ 77.8768, 13.2342 ], [ 77.8632, 13.2407 ], [ 77.8596, 13.22 ], [ 77.85, 13.2187 ], [ 77.8501, 13.2413 ], [ 77.8197, 13.2517 ], [ 77.814, 13.2386 ], [ 77.8063, 13.2415 ], [ 77.8218, 13.2573 ], [ 77.8093, 13.2621 ], [ 77.817, 13.2961 ], [ 77.8291, 13.2895 ], [ 77.8301, 13.2987 ], [ 77.8046, 13.3112 ], [ 77.8222, 13.3127 ], [ 77.8273, 13.3248 ], [ 77.7945, 13.342 ], [ 77.7921, 13.3593 ] ] ] } },
{ "type": "Feature", "properties": { "area_id": "KGIS-H-280503", "name_en": "Bashettihalli", "name_kn": "", "level": "panchayat", "parent_id": "KGIS-T-2805", "district_en": "Chikkaballapura", "lgd_code": null }, "geometry": { "type": "MultiPolygon", "coordinates": [ [ [ [ 77.8791, 13.5576 ], [ 77.8774, 13.5436 ], [ 77.8859, 13.537 ], [ 77.9019, 13.5395 ], [ 77.9168, 13.56 ], [ 77.9154, 13.5531 ], [ 77.9336, 13.5402 ], [ 77.9557, 13.552 ], [ 77.953, 13.5316 ], [ 77.9661, 13.5324 ], [ 77.9675, 13.5466 ], [ 77.9965, 13.5354 ], [ 78.005, 13.5225 ], [ 77.9902, 13.5123 ], [ 78.0085, 13.5095 ], [ 78.0014, 13.4725 ], [ 77.9616, 13.4805 ], [ 77.9601, 13.4934 ], [ 77.9504, 13.4954 ], [ 77.9381, 13.4649 ], [ 77.9279, 13.4625 ], [ 77.9248, 13.4727 ], [ 77.919, 13.468 ], [ 77.9168, 13.4899 ], [ 77.9097, 13.4855 ], [ 77.9026, 13.4924 ], [ 77.9036, 13.4737 ], [ 77.8837, 13.4583 ], [ 77.8928, 13.4466 ], [ 77.874, 13.4506 ], [ 77.8582, 13.4679 ], [ 77.8437, 13.4629 ], [ 77.8277, 13.4818 ], [ 77.8304, 13.5103 ], [ 77.8176, 13.5151 ], [ 77.8112, 13.5345 ], [ 77.826, 13.538 ], [ 77.8316, 13.5525 ], [ 77.8459, 13.5616 ], [ 77.8705, 13.5668 ], [ 77.8791, 13.5576 ] ] ], [ [ [ 77.8952, 13.5606 ], [ 77.8939, 13.5505 ], [ 77.8862, 13.5496 ], [ 77.8841, 13.5561 ], [ 77.8952, 13.5606 ] ] ], [ [ [ 77.9163, 13.5707 ], [ 77.9132, 13.5608 ], [ 77.9006, 13.5645 ], [ 77.9028, 13.5681 ], [ 77.9163, 13.5707 ] ] ] ] } },
{ "type": "Feature", "properties": { "area_id": "KGIS-H-280504", "name_en": "Sadali", "name_kn": "", "level": "panchayat", "parent_id": "KGIS-T-2805", "district_en": "Chikkaballapura", "lgd_code": null }, "geometry": { "type": "MultiPolygon", "coordinates": [ [ [ [ 77.9573, 13.5473 ], [ 77.9661, 13.5324 ], [ 77.953, 13.5316 ], [ 77.9573, 13.5473 ] ] ], [ [ [ 77.9964, 13.5354 ], [ 77.986, 13.5355 ], [ 77.9831, 13.5386 ], [ 77.9938, 13.5458 ], [ 77.9964, 13.5354 ] ] ], [ [ [ 77.8612, 13.6673 ], [ 77.9027, 13.6595 ], [ 77.9086, 13.6366 ], [ 77.9722, 13.6245 ], [ 77.985, 13.6325 ], [ 78.0093, 13.6284 ], [ 78.0167, 13.5926 ], [ 77.9952, 13.594 ], [ 77.9711, 13.5733 ], [ 77.9642, 13.5847 ], [ 77.9592, 13.5576 ], [ 77.9465, 13.5514 ], [ 77.9456, 13.5422 ], [ 77.9336, 13.5402 ], [ 77.9154, 13.5531 ], [ 77.9206, 13.5562 ], [ 77.9168, 13.56 ], [ 77.9019, 13.5395 ], [ 77.88, 13.5395 ], [ 77.8702, 13.5845 ], [ 77.8346, 13.588 ], [ 77.8284, 13.6032 ], [ 77.8428, 13.6215 ], [ 77.838, 13.6463 ], [ 77.8626, 13.6405 ], [ 77.8612, 13.6673 ] ], [ [ 77.9123, 13.5703 ], [ 77.9028, 13.5681 ], [ 77.9008, 13.564 ], [ 77.9132, 13.5608 ], [ 77.9123, 13.5703 ] ], [ [ 77.8926, 13.5619 ], [ 77.8841, 13.5561 ], [ 77.8862, 13.5496 ], [ 77.8939, 13.5505 ], [ 77.8926, 13.5619 ] ] ] ] } },
{ "type": "Feature", "properties": { "area_id": "KGIS-H-280601", "name_en": "Kasaba", "name_kn": "", "level": "panchayat", "parent_id": "KGIS-T-2806", "district_en": "Chikkaballapura", "lgd_code": null }, "geometry": { "type": "Polygon", "coordinates": [ [ [ 78.0515, 13.4437 ], [ 78.1, 13.4414 ], [ 78.1069, 13.4266 ], [ 78.1362, 13.4056 ], [ 78.122, 13.3756 ], [ 78.1437, 13.3771 ], [ 78.1502, 13.3505 ], [ 78.1314, 13.3528 ], [ 78.1352, 13.3321 ], [ 78.1096, 13.3234 ], [ 78.1358, 13.3051 ], [ 78.1335, 13.2872 ], [ 78.0918, 13.3112 ], [ 78.0868, 13.3021 ], [ 78.0578, 13.3009 ], [ 78.0175, 13.319 ], [ 78.0195, 13.3327 ], [ 78.0331, 13.3425 ], [ 78.0253, 13.3666 ], [ 78.0406, 13.3724 ], [ 78.0348, 13.3819 ], [ 78.0485, 13.4209 ], [ 78.0428, 13.4347 ], [ 78.0537, 13.4316 ], [ 78.0506, 13.4203 ], [ 78.0639, 13.413 ], [ 78.0705, 13.4146 ], [ 78.0697, 13.4251 ], [ 78.0594, 13.4273 ], [ 78.0515, 13.4437 ] ] ] } },
{ "type": "Feature", "properties": { "area_id": "KGIS-H-280602", "name_en": "Kaivara", "name_kn": "", "level": "panchayat", "parent_id": "KGIS-T-2806", "district_en": "Chikkaballapura", "lgd_code": null }, "geometry": { "type": "Polygon", "coordinates": [ [ [ 78.0261, 13.3833 ], [ 78.0413, 13.3762 ], [ 78.0391, 13.3679 ], [ 78.0251, 13.3662 ], [ 78.0331, 13.3425 ], [ 78.0195, 13.3327 ], [ 78.0175, 13.319 ], [ 78.0602, 13.301 ], [ 78.047, 13.279 ], [ 78.0151, 13.283 ], [ 78.0118, 13.3009 ], [ 78.0009, 13.3056 ], [ 77.9852, 13.3006 ], [ 77.9842, 13.2862 ], [ 77.958, 13.2819 ], [ 77.9592, 13.2696 ], [ 77.9383, 13.2678 ], [ 77.9392, 13.2755 ], [ 77.9147, 13.2896 ], [ 77.9239, 13.2908 ], [ 77.9257, 13.3005 ], [ 77.9208, 13.3271 ], [ 77.9387, 13.3161 ], [ 77.9516, 13.3252 ], [ 77.9448, 13.3367 ], [ 77.9577, 13.3401 ], [ 77.9709, 13.3747 ], [ 77.9841, 13.381 ], [ 77.9868, 13.3674 ], [ 78.0002, 13.361 ], [ 78.0005, 13.3718 ], [ 78.0261, 13.3833 ] ] ] } },
{ "type": "Feature", "properties": { "area_id": "KGIS-H-280603", "name_en": "Ambajidurga", "name_kn": "", "level": "panchayat", "parent_id": "KGIS-T-2806", "district_en": "Chikkaballapura", "lgd_code": null }, "geometry": { "type": "Polygon", "coordinates": [ [ [ 78.0307, 13.5237 ], [ 78.078, 13.5081 ], [ 78.0764, 13.4936 ], [ 78.0654, 13.4876 ], [ 78.0681, 13.4799 ], [ 78.0806, 13.4803 ], [ 78.0812, 13.4599 ], [ 78.0702, 13.4415 ], [ 78.0515, 13.4437 ], [ 78.0594, 13.4273 ], [ 78.0697, 13.4251 ], [ 78.0705, 13.4146 ], [ 78.0506, 13.4203 ], [ 78.0537, 13.4316 ], [ 78.0428, 13.4347 ], [ 78.0485, 13.4209 ], [ 78.0422, 13.4177 ], [ 78.0377, 13.3819 ], [ 78.0104, 13.3789 ], [ 78.0005, 13.3718 ], [ 78.0002, 13.361 ], [ 77.9868, 13.3674 ], [ 77.9839, 13.381 ], [ 77.9632, 13.367 ], [ 77.9661, 13.3848 ], [ 77.9561, 13.3908 ], [ 77.9725, 13.4132 ], [ 77.9547, 13.4135 ], [ 77.9493, 13.4258 ], [ 77.9616, 13.4805 ], [ 78.0014, 13.4725 ], [ 78.0086, 13.5096 ], [ 78.0307, 13.5237 ] ] ] } },
{ "type": "Feature", "properties": { "area_id": "KGIS-H-280604", "name_en": "Chilakalanerpu", "name_kn": "", "level": "panchayat", "parent_id": "KGIS-T-2806", "district_en": "Chikkaballapura", "lgd_code": null }, "geometry": { "type": "MultiPolygon", "coordinates": [ [ [ [ 78.0657, 13.6767 ], [ 78.0895, 13.6595 ], [ 78.0871, 13.6436 ], [ 78.12, 13.6437 ], [ 78.1131, 13.6355 ], [ 78.1281, 13.6213 ], [ 78.1259, 13.6129 ], [ 78.0999, 13.6118 ], [ 78.108, 13.5888 ], [ 78.0826, 13.5857 ], [ 78.0901, 13.5499 ], [ 78.0745, 13.5461 ], [ 78.0704, 13.5351 ], [ 78.0834, 13.5159 ], [ 78.0779, 13.5083 ], [ 78.0307, 13.5237 ], [ 78.016, 13.5105 ], [ 77.9923, 13.5085 ], [ 77.9934, 13.5201 ], [ 78.005, 13.5225 ], [ 77.9971, 13.5423 ], [ 77.9905, 13.5458 ], [ 77.9831, 13.5386 ], [ 77.9556, 13.5524 ], [ 77.9642, 13.5847 ], [ 77.9711, 13.5733 ], [ 77.9952, 13.594 ], [ 78.0167, 13.5926 ], [ 78.0096, 13.6281 ], [ 77.9942, 13.631 ], [ 78.0039, 13.6644 ], [ 78.0657, 13.6767 ] ] ], [ [ [ 78.1332, 13.6096 ], [ 78.1373, 13.6086 ], [ 78.1359, 13.6077 ], [ 78.1332, 13.6096 ] ] ], [ [ [ 78.1441, 13.6141 ], [ 78.1409, 13.6146 ], [ 78.1402, 13.6167 ], [ 78.1441, 13.6141 ] ] ] ] } },
{ "type": "Feature", "properties": { "area_id": "KGIS-H-280605", "name_en": "Munganahalli", "name_kn": "", "level": "panchayat", "parent_id": "KGIS-T-2806", "district_en": "Chikkaballapura", "lgd_code": null }, "geometry": { "type": "Polygon", "coordinates": [ [ [ 78.1139, 13.6576 ], [ 78.1675, 13.6556 ], [ 78.1672, 13.6326 ], [ 78.204, 13.6285 ], [ 78.2035, 13.6063 ], [ 78.19, 13.5899 ], [ 78.1895, 13.5709 ], [ 78.2013, 13.5635 ], [ 78.1876, 13.5398 ], [ 78.1884, 13.5134 ], [ 78.1792, 13.5233 ], [ 78.1706, 13.5228 ], [ 78.1674, 13.5105 ], [ 78.1483, 13.5146 ], [ 78.1426, 13.5244 ], [ 78.1145, 13.5275 ], [ 78.1142, 13.5193 ], [ 78.0971, 13.5146 ], [ 78.0903, 13.4973 ], [ 78.0792, 13.4979 ], [ 78.0834, 13.5159 ], [ 78.0704, 13.5351 ], [ 78.0745, 13.5461 ], [ 78.0901, 13.5499 ], [ 78.0826, 13.5857 ], [ 78.108, 13.5888 ], [ 78.0999, 13.6118 ], [ 78.1259, 13.6129 ], [ 78.1281, 13.6213 ], [ 78.1131, 13.6355 ], [ 78.12, 13.6437 ], [ 78.0988, 13.644 ], [ 78.1139, 13.6576 ] ], [ [ 78.1373, 13.6086 ], [ 78.1332, 13.6096 ], [ 78.1359, 13.6077 ], [ 78.1373, 13.6086 ] ], [ [ 78.1402, 13.6167 ], [ 78.1431, 13.6126 ], [ 78.1441, 13.6141 ], [ 78.1402, 13.6167 ] ] ] } },
{ "type": "Feature", "properties": { "area_id": "KGIS-H-280606", "name_en": "Muragamalla", "name_kn": "", "level": "panchayat", "parent_id": "KGIS-T-2806", "district_en": "Chikkaballapura", "lgd_code": null }, "geometry": { "type": "MultiPolygon", "coordinates": [ [ [ [ 78.1145, 13.5275 ], [ 78.1709, 13.5105 ], [ 78.1706, 13.5228 ], [ 78.1792, 13.5233 ], [ 78.198, 13.5126 ], [ 78.2004, 13.4825 ], [ 78.2101, 13.4713 ], [ 78.2009, 13.4499 ], [ 78.1831, 13.4341 ], [ 78.1815, 13.4202 ], [ 78.1362, 13.4055 ], [ 78.1069, 13.4266 ], [ 78.1, 13.4414 ], [ 78.0702, 13.4415 ], [ 78.082, 13.4759 ], [ 78.0654, 13.4876 ], [ 78.0789, 13.5002 ], [ 78.0903, 13.4973 ], [ 78.0971, 13.5146 ], [ 78.1142, 13.5193 ], [ 78.1145, 13.5275 ] ] ], [ [ [ 78.2046, 13.5277 ], [ 78.1909, 13.5212 ], [ 78.1876, 13.5398 ], [ 78.1945, 13.5461 ], [ 78.2046, 13.5277 ] ] ] ] } },
{ "type": "Feature", "properties": { "area_id": "KGIS-H-290101", "name_en": "Kasaba", "name_kn": "", "level": "panchayat", "parent_id": "KGIS-T-2901", "district_en": "Ramanagara", "lgd_code": null }, "geometry": { "type": "Polygon", "coordinates": [ [ [ 77.218, 13.0474 ], [ 77.2642, 13.0295 ], [ 77.2719, 13.0173 ], [ 77.264, 12.9812 ], [ 77.2957, 12.9725 ], [ 77.2994, 12.9801 ], [ 77.3255, 12.976 ], [ 77.3394, 12.9268 ], [ 77.3251, 12.9305 ], [ 77.313, 12.9201 ], [ 77.2915, 12.9461 ], [ 77.2834, 12.9306 ], [ 77.251, 12.9477 ], [ 77.2492, 12.9169 ], [ 77.244, 12.9337 ], [ 77.227, 12.9372 ], [ 77.2193, 12.9151 ], [ 77.1996, 12.9181 ], [ 77.1948, 12.907 ], [ 77.1833, 12.9086 ], [ 77.1871, 12.8938 ], [ 77.1364, 12.9015 ], [ 77.141, 12.9161 ], [ 77.1577, 12.9136 ], [ 77.1652, 12.9285 ], [ 77.1569, 12.9582 ], [ 77.1309, 12.9762 ], [ 77.1328, 12.9862 ], [ 77.1447, 12.9862 ], [ 77.1356, 12.9964 ], [ 77.1396, 13.0157 ], [ 77.1509, 13.0107 ], [ 77.1698, 13.0267 ], [ 77.1821, 13.0267 ], [ 77.1698, 13.0274 ], [ 77.1747, 13.0357 ], [ 77.1864, 13.0234 ], [ 77.203, 13.0202 ], [ 77.2062, 13.0282 ], [ 77.2177, 13.0268 ], [ 77.218, 13.0474 ] ] ] } },
{ "type": "Feature", "properties": { "area_id": "KGIS-H-290102", "name_en": "Madabal", "name_kn": "", "level": "panchayat", "parent_id": "KGIS-T-2901", "district_en": "Ramanagara", "lgd_code": null }, "geometry": { "type": "Polygon", "coordinates": [ [ [ 77.2556, 12.9482 ], [ 77.2632, 12.9368 ], [ 77.2834, 12.9306 ], [ 77.2915, 12.9461 ], [ 77.313, 12.9201 ], [ 77.336, 12.9324 ], [ 77.3436, 12.8876 ], [ 77.3321, 12.8871 ], [ 77.3439, 12.8752 ], [ 77.3453, 12.858 ], [ 77.3253, 12.861 ], [ 77.3141, 12.8507 ], [ 77.3176, 12.8659 ], [ 77.2898, 12.8762 ], [ 77.2888, 12.8561 ], [ 77.2723, 12.8563 ], [ 77.2491, 12.8382 ], [ 77.2357, 12.834 ], [ 77.2325, 12.8445 ], [ 77.2141, 12.8372 ], [ 77.2158, 12.8321 ], [ 77.1911, 12.8331 ], [ 77.1716, 12.8237 ], [ 77.1501, 12.8304 ], [ 77.1494, 12.8482 ], [ 77.133, 12.8588 ], [ 77.1332, 12.8883 ], [ 77.119, 12.8842 ], [ 77.1057, 12.8926 ], [ 77.1244, 12.9016 ], [ 77.1871, 12.8938 ], [ 77.1833, 12.9086 ], [ 77.1948, 12.907 ], [ 77.1996, 12.9181 ], [ 77.2193, 12.9151 ], [ 77.227, 12.9372 ], [ 77.244, 12.9337 ], [ 77.2474, 12.9192 ], [ 77.2492, 12.9169 ], [ 77.2493, 12.9432 ], [ 77.2556, 12.9482 ] ] ] } },
{ "type": "Feature", "properties": { "area_id": "KGIS-H-290103", "name_en": "Soluru", "name_kn": "", "level": "panchayat", "parent_id": "KGIS-T-2901", "district_en": "Ramanagara", "lgd_code": null }, "geometry": { "type": "MultiPolygon", "coordinates": [ [ [ [ 77.2177, 13.0268 ], [ 77.2043, 13.03 ], [ 77.2092, 13.0401 ], [ 77.2187, 13.0325 ], [ 77.2177, 13.0268 ] ] ], [ [ [ 77.2719, 13.1538 ], [ 77.2668, 13.1198 ], [ 77.2769, 13.1205 ], [ 77.2808, 13.135 ], [ 77.292, 13.1106 ], [ 77.3138, 13.1068 ], [ 77.3107, 13.0463 ], [ 77.3306, 13.0479 ], [ 77.3281, 13.0093 ], [ 77.3211, 13.0044 ], [ 77.3287, 12.9769 ], [ 77.3178, 12.9722 ], [ 77.264, 12.9812 ], [ 77.2719, 13.0173 ], [ 77.2601, 13.0322 ], [ 77.2199, 13.0477 ], [ 77.2197, 13.0853 ], [ 77.2041, 13.0859 ], [ 77.2066, 13.1012 ], [ 77.2123, 13.1082 ], [ 77.2234, 13.1052 ], [ 77.2336, 13.1231 ], [ 77.2052, 13.1336 ], [ 77.2125, 13.1497 ], [ 77.2404, 13.1458 ], [ 77.2467, 13.1532 ], [ 77.2719, 13.1538 ] ] ] ] } },
{ "type": "Feature", "properties": { "area_id": "KGIS-H-290104", "name_en": "Kuduru", "name_kn": "", "level": "panchayat", "parent_id": "KGIS-T-2901", "district_en": "Ramanagara", "lgd_code": null }, "geometry": { "type": "MultiPolygon", "coordinates": [ [ [ [ 77.1562, 13.1938 ], [ 77.1683, 13.184 ], [ 77.2059, 13.181 ], [ 77.2165, 13.1591 ], [ 77.2052, 13.1336 ], [ 77.2336, 13.1231 ], [ 77.2234, 13.1052 ], [ 77.2123, 13.1082 ], [ 77.2066, 13.1012 ], [ 77.2041, 13.0859 ], [ 77.2197, 13.0853 ], [ 77.2236, 13.0661 ], [ 77.2143, 13.0372 ], [ 77.2092, 13.0401 ], [ 77.203, 13.0202 ], [ 77.1963, 13.0187 ], [ 77.1767, 13.0328 ], [ 77.1744, 13.0428 ], [ 77.1432, 13.0439 ], [ 77.1392, 13.0688 ], [ 77.1275, 13.0673 ], [ 77.1233, 13.072 ], [ 77.1324, 13.0818 ], [ 77.122, 13.089 ], [ 77.1435, 13.1165 ], [ 77.1343, 13.1166 ], [ 77.137, 13.146 ], [ 77.1185, 13.1475 ], [ 77.1188, 13.1635 ], [ 77.1288, 13.1643 ], [ 77.1384, 13.1776 ], [ 77.1484, 13.1736 ], [ 77.1562, 13.1938 ] ] ], [ [ [ 77.13, 13.1386 ], [ 77.1342, 13.1364 ], [ 77.1296, 13.138 ], [ 77.13, 13.1386 ] ] ] ] } },
{ "type": "Feature", "properties": { "area_id": "KGIS-H-290105", "name_en": "Tippasandra", "name_kn": "", "level": "panchayat", "parent_id": "KGIS-T-2901", "district_en": "Ramanagara", "lgd_code": null }, "geometry": { "type": "Polygon", "coordinates": [ [ [ 77.1171, 13.1463 ], [ 77.137, 13.146 ], [ 77.1343, 13.1166 ], [ 77.1435, 13.1165 ], [ 77.122, 13.089 ], [ 77.1324, 13.0818 ], [ 77.1233, 13.072 ], [ 77.1392, 13.0688 ], [ 77.1432, 13.0439 ], [ 77.1744, 13.0428 ], [ 77.1698, 13.0274 ], [ 77.1821, 13.0267 ], [ 77.1698, 13.0267 ], [ 77.1509, 13.0107 ], [ 77.1396, 13.0157 ], [ 77.1351, 13.0029 ], [ 77.1236, 13.0067 ], [ 77.1289, 12.9954 ], [ 77.1034, 12.9928 ], [ 77.0976, 12.9982 ], [ 77.1029, 13.0072 ], [ 77.1181, 13.0145 ], [ 77.0821, 13.0399 ], [ 77.0697, 13.0397 ], [ 77.0807, 13.0625 ], [ 77.0702, 13.0665 ], [ 77.0817, 13.0877 ], [ 77.0702, 13.1285 ], [ 77.0914, 13.1359 ], [ 77.0958, 13.1462 ], [ 77.1078, 13.1443 ], [ 77.107, 13.1353 ], [ 77.1159, 13.1312 ], [ 77.1171, 13.1463 ] ], [ [ 77.1342, 13.1364 ], [ 77.13, 13.1386 ], [ 77.1296, 13.138 ], [ 77.1342, 13.1364 ] ], [ [ 77.0812, 13.0726 ], [ 77.0818, 13.0695 ], [ 77.0835, 13.0715 ], [ 77.0812, 13.0726 ] ] ] } },
{ "type": "Feature", "properties": { "area_id": "KGIS-H-290203", "name_en": "Kutagala", "name_kn": "", "level": "panchayat", "parent_id": "KGIS-T-2902", "district_en": "Ramanagara", "lgd_code": null }, "geometry": { "type": "Polygon", "coordinates": [ [ [ 77.2913, 12.8758 ], [ 77.3176, 12.8659 ], [ 77.3149, 12.8554 ], [ 77.2941, 12.8557 ], [ 77.2922, 12.8428 ], [ 77.3152, 12.841 ], [ 77.3027, 12.8174 ], [ 77.2854, 12.8144 ], [ 77.2786, 12.7674 ], [ 77.2472, 12.7661 ], [ 77.2257, 12.7305 ], [ 77.2137, 12.7447 ], [ 77.1862, 12.7238 ], [ 77.1766, 12.7435 ], [ 77.206, 12.7699 ], [ 77.1755, 12.802 ], [ 77.1511, 12.7937 ], [ 77.1383, 12.8112 ], [ 77.1424, 12.8204 ], [ 77.2158, 12.8321 ], [ 77.2141, 12.8372 ], [ 77.2325, 12.8445 ], [ 77.2357, 12.834 ], [ 77.2491, 12.8382 ], [ 77.2723, 12.8563 ], [ 77.2888, 12.8561 ], [ 77.2913, 12.8758 ] ] ] } },
{ "type": "Feature", "properties": { "area_id": "KGIS-H-290204", "name_en": "Bidadi", "name_kn": "", "level": "panchayat", "parent_id": "KGIS-T-2902", "district_en": "Ramanagara", "lgd_code": null }, "geometry": { "type": "Polygon", "coordinates": [ [ [ 77.4082, 12.8756 ], [ 77.4313, 12.8749 ], [ 77.4188, 12.8693 ], [ 77.4275, 12.851 ], [ 77.4377, 12.8497 ], [ 77.4199, 12.8262 ], [ 77.4335, 12.8234 ], [ 77.4439, 12.8067 ], [ 77.4517, 12.8185 ], [ 77.4611, 12.8073 ], [ 77.4788, 12.8115 ], [ 77.4831, 12.8023 ], [ 77.47, 12.7939 ], [ 77.4785, 12.7805 ], [ 77.475, 12.7552 ], [ 77.4667, 12.7507 ], [ 77.4758, 12.7203 ], [ 77.4592, 12.7189 ], [ 77.4552, 12.7069 ], [ 77.4446, 12.7048 ], [ 77.4234, 12.7083 ], [ 77.4245, 12.7193 ], [ 77.4148, 12.7221 ], [ 77.4002, 12.7096 ], [ 77.3924, 12.7086 ], [ 77.3873, 12.7303 ], [ 77.3595, 12.7294 ], [ 77.3547, 12.7512 ], [ 77.362, 12.7582 ], [ 77.3528, 12.7626 ], [ 77.3659, 12.7613 ], [ 77.3655, 12.7744 ], [ 77.3503, 12.7731 ], [ 77.3484, 12.7908 ], [ 77.3365, 12.8025 ], [ 77.3462, 12.8136 ], [ 77.336, 12.8184 ], [ 77.3286, 12.807 ], [ 77.3243, 12.8117 ], [ 77.3294, 12.8355 ], [ 77.3448, 12.8288 ], [ 77.3452, 12.8702 ], [ 77.3661, 12.8702 ], [ 77.3698, 12.8569 ], [ 77.3794, 12.8552 ], [ 77.4082, 12.8756 ] ], [ [ 77.4548, 12.7482 ], [ 77.4581, 12.7435 ], [ 77.4605, 12.7471 ], [ 77.4548, 12.7482 ] ] ] } },
{ "type": "Feature", "properties": { "area_id": "KGIS-H-290205", "name_en": "Kasaba1", "name_kn": "", "level": "panchayat", "parent_id": "KGIS-T-2902", "district_en": "Ramanagara", "lgd_code": null }, "geometry": { "type": "Polygon", "coordinates": [ [ [ 77.2869, 12.8041 ], [ 77.3308, 12.7818 ], [ 77.3115, 12.7714 ], [ 77.3049, 12.7581 ], [ 77.3411, 12.759 ], [ 77.3479, 12.7571 ], [ 77.3453, 12.7492 ], [ 77.316, 12.7329 ], [ 77.3053, 12.7125 ], [ 77.2921, 12.7129 ], [ 77.2883, 12.704 ], [ 77.2768, 12.7134 ], [ 77.2345, 12.6889 ], [ 77.2254, 12.7303 ], [ 77.232, 12.746 ], [ 77.2472, 12.7661 ], [ 77.2786, 12.7674 ], [ 77.2869, 12.8041 ] ] ] } },
{ "type": "Feature", "properties": { "area_id": "KGIS-H-290206", "name_en": "Kasaba2", "name_kn": "", "level": "panchayat", "parent_id": "KGIS-T-2902", "district_en": "Ramanagara", "lgd_code": null }, "geometry": { "type": "MultiPolygon", "coordinates": [ [ [ [ 77.3486, 12.746 ], [ 77.3426, 12.7414 ], [ 77.3438, 12.7466 ], [ 77.3486, 12.746 ] ] ], [ [ [ 77.328, 12.8597 ], [ 77.3453, 12.858 ], [ 77.3456, 12.8325 ], [ 77.3394, 12.8274 ], [ 77.3294, 12.8355 ], [ 77.3258, 12.8078 ], [ 77.3352, 12.8183 ], [ 77.3469, 12.8129 ], [ 77.337, 12.8011 ], [ 77.3484, 12.7908 ], [ 77.3505, 12.7728 ], [ 77.3655, 12.7744 ], [ 77.3659, 12.7613 ], [ 77.3049, 12.7581 ], [ 77.3115, 12.7714 ], [ 77.3308, 12.7818 ], [ 77.2872, 12.8042 ], [ 77.2854, 12.8144 ], [ 77.3027, 12.8174 ], [ 77.3152, 12.841 ], [ 77.2922, 12.8428 ], [ 77.2925, 12.854 ], [ 77.3174, 12.8501 ], [ 77.328, 12.8597 ] ] ] ] } },
{ "type": "Feature", "properties": { "area_id": "KGIS-H-290207", "name_en": "Kailancha-1", "name_kn": "", "level": "panchayat", "parent_id": "KGIS-T-2902", "district_en": "Ramanagara", "lgd_code": null }, "geometry": { "type": "Polygon", "coordinates": [ [ [ 77.3585, 12.7592 ], [ 77.3595, 12.7294 ], [ 77.3873, 12.7303 ], [ 77.396, 12.6948 ], [ 77.3847, 12.6898 ], [ 77.3707, 12.6953 ], [ 77.3809, 12.6829 ], [ 77.3855, 12.6425 ], [ 77.3766, 12.6409 ], [ 77.3621, 12.6617 ], [ 77.3599, 12.6441 ], [ 77.3543, 12.6454 ], [ 77.3299, 12.5969 ], [ 77.3355, 12.5897 ], [ 77.3132, 12.5771 ], [ 77.2937, 12.5903 ], [ 77.293, 12.5996 ], [ 77.278, 12.5977 ], [ 77.2775, 12.6051 ], [ 77.2693, 12.5932 ], [ 77.2627, 12.5908 ], [ 77.255, 12.601 ], [ 77.2491, 12.5909 ], [ 77.2387, 12.6017 ], [ 77.2607, 12.6293 ], [ 77.2666, 12.6179 ], [ 77.2814, 12.6162 ], [ 77.2914, 12.6068 ], [ 77.3123, 12.6171 ], [ 77.2986, 12.6241 ], [ 77.3011, 12.634 ], [ 77.3215, 12.6507 ], [ 77.31, 12.6753 ], [ 77.2958, 12.681 ], [ 77.3064, 12.6899 ], [ 77.2885, 12.7048 ], [ 77.2921, 12.7129 ], [ 77.3053, 12.7125 ], [ 77.316, 12.7329 ], [ 77.3453, 12.7492 ], [ 77.3516, 12.7643 ], [ 77.3585, 12.7592 ] ], [ [ 77.3227, 12.5942 ], [ 77.3075, 12.5933 ], [ 77.3099, 12.5855 ], [ 77.3232, 12.5853 ], [ 77.3227, 12.5942 ] ], [ [ 77.3438, 12.7466 ], [ 77.3475, 12.7389 ], [ 77.3486, 12.746 ], [ 77.3438, 12.7466 ] ], [ [ 77.2839, 12.6094 ], [ 77.2834, 12.6118 ], [ 77.2819, 12.6098 ], [ 77.2839, 12.6094 ] ] ] } },
{ "type": "Feature", "properties": { "area_id": "KGIS-H-290208", "name_en": "Kailancha-2", "name_kn": "", "level": "panchayat", "parent_id": "KGIS-T-2902", "district_en": "Ramanagara", "lgd_code": null }, "geometry": { "type": "Polygon", "coordinates": [ [ [ 77.277, 12.7129 ], [ 77.3064, 12.6899 ], [ 77.2958, 12.681 ], [ 77.31, 12.6753 ], [ 77.3215, 12.6507 ], [ 77.3011, 12.634 ], [ 77.2986, 12.6241 ], [ 77.3123, 12.6171 ], [ 77.298, 12.6062 ], [ 77.2846, 12.6144 ], [ 77.2869, 12.6315 ], [ 77.2668, 12.6372 ], [ 77.2663, 12.6504 ], [ 77.2523, 12.6564 ], [ 77.2625, 12.6741 ], [ 77.2564, 12.6806 ], [ 77.2677, 12.6941 ], [ 77.2582, 12.7001 ], [ 77.2461, 12.6857 ], [ 77.2404, 12.6896 ], [ 77.277, 12.7129 ] ] ] } },
{ "type": "Feature", "properties": { "area_id": "KGIS-H-290301", "name_en": "Kasaba", "name_kn": "", "level": "panchayat", "parent_id": "KGIS-T-2903", "district_en": "Ramanagara", "lgd_code": null }, "geometry": { "type": "MultiPolygon", "coordinates": [ [ [ [ 77.2846, 12.6111 ], [ 77.2819, 12.6098 ], [ 77.2818, 12.611 ], [ 77.2846, 12.6111 ] ] ], [ [ [ 77.2139, 12.7447 ], [ 77.2276, 12.7259 ], [ 77.2345, 12.6889 ], [ 77.24, 12.6955 ], [ 77.2461, 12.6857 ], [ 77.2582, 12.7001 ], [ 77.2677, 12.6941 ], [ 77.2564, 12.6806 ], [ 77.2625, 12.6741 ], [ 77.2523, 12.6564 ], [ 77.2663, 12.6504 ], [ 77.2668, 12.6372 ], [ 77.2869, 12.6315 ], [ 77.2883, 12.6207 ], [ 77.286, 12.613 ], [ 77.2666, 12.6179 ], [ 77.2607, 12.6293 ], [ 77.2454, 12.6174 ], [ 77.2391, 12.5982 ], [ 77.2082, 12.5769 ], [ 77.1825, 12.6112 ], [ 77.1849, 12.6504 ], [ 77.1779, 12.6724 ], [ 77.1535, 12.6625 ], [ 77.1469, 12.6837 ], [ 77.1287, 12.6899 ], [ 77.148, 12.709 ], [ 77.1409, 12.7134 ], [ 77.144, 12.7446 ], [ 77.1677, 12.7167 ], [ 77.1823, 12.7128 ], [ 77.1822, 12.7211 ], [ 77.2139, 12.7447 ] ] ] ] } },
{ "type": "Feature", "properties": { "area_id": "KGIS-H-290302", "name_en": "Maluru", "name_kn": "", "level": "panchayat", "parent_id": "KGIS-T-2903", "district_en": "Ramanagara", "lgd_code": null }, "geometry": { "type": "Polygon", "coordinates": [ [ [ 77.1755, 12.802 ], [ 77.206, 12.7699 ], [ 77.2043, 12.7628 ], [ 77.195, 12.7624 ], [ 77.1766, 12.7435 ], [ 77.1861, 12.725 ], [ 77.1823, 12.7128 ], [ 77.1677, 12.7167 ], [ 77.144, 12.7446 ], [ 77.1409, 12.7134 ], [ 77.148, 12.709 ], [ 77.1287, 12.6899 ], [ 77.1469, 12.6837 ], [ 77.1535, 12.6625 ], [ 77.1779, 12.6724 ], [ 77.1849, 12.6504 ], [ 77.1825, 12.6112 ], [ 77.1953, 12.5946 ], [ 77.1856, 12.583 ], [ 77.1677, 12.5877 ], [ 77.1188, 12.5766 ], [ 77.1082, 12.6077 ], [ 77.1227, 12.6222 ], [ 77.1012, 12.6289 ], [ 77.0994, 12.6732 ], [ 77.0741, 12.6786 ], [ 77.0788, 12.7563 ], [ 77.092, 12.7511 ], [ 77.1011, 12.7771 ], [ 77.1262, 12.7748 ], [ 77.1499, 12.7868 ], [ 77.154, 12.7977 ], [ 77.1755, 12.802 ] ] ] } },
{ "type": "Feature", "properties": { "area_id": "KGIS-H-290303", "name_en": "Virupakshipura", "name_kn": "", "level": "panchayat", "parent_id": "KGIS-T-2903", "district_en": "Ramanagara", "lgd_code": null }, "geometry": { "type": "MultiPolygon", "coordinates": [ [ [ [ 77.2821, 12.597 ], [ 77.293, 12.5996 ], [ 77.2969, 12.5871 ], [ 77.3249, 12.5692 ], [ 77.3251, 12.559 ], [ 77.3154, 12.5518 ], [ 77.3257, 12.5469 ], [ 77.323, 12.5316 ], [ 77.305, 12.5388 ], [ 77.3044, 12.5459 ], [ 77.2893, 12.5464 ], [ 77.2885, 12.532 ], [ 77.2761, 12.5304 ], [ 77.2768, 12.541 ], [ 77.2638, 12.5523 ], [ 77.253, 12.5447 ], [ 77.2572, 12.5091 ], [ 77.2243, 12.5022 ], [ 77.2135, 12.4849 ], [ 77.2007, 12.4915 ], [ 77.1926, 12.4821 ], [ 77.1695, 12.4839 ], [ 77.1445, 12.4619 ], [ 77.125, 12.4799 ], [ 77.1329, 12.5165 ], [ 77.115, 12.5433 ], [ 77.1154, 12.555 ], [ 77.1282, 12.5541 ], [ 77.1294, 12.5632 ], [ 77.1188, 12.5766 ], [ 77.1677, 12.5877 ], [ 77.1856, 12.583 ], [ 77.1938, 12.5939 ], [ 77.2045, 12.5784 ], [ 77.2164, 12.577 ], [ 77.2277, 12.5954 ], [ 77.2391, 12.5982 ], [ 77.2516, 12.59 ], [ 77.255, 12.601 ], [ 77.2627, 12.5908 ], [ 77.2775, 12.6051 ], [ 77.2821, 12.597 ] ] ], [ [ [ 77.3109, 12.5924 ], [ 77.3131, 12.5904 ], [ 77.3075, 12.5933 ], [ 77.3109, 12.5924 ] ] ] ] } },
{ "type": "Feature", "properties": { "area_id": "KGIS-H-290401", "name_en": "Kasaba", "name_kn": "", "level": "panchayat", "parent_id": "KGIS-T-2904", "district_en": "Ramanagara", "lgd_code": null }, "geometry": { "type": "MultiPolygon", "coordinates": [ [ [ [ 77.3546, 12.641 ], [ 77.3883, 12.6128 ], [ 77.3944, 12.6207 ], [ 77.4043, 12.5986 ], [ 77.4071, 12.6266 ], [ 77.4378, 12.6241 ], [ 77.4555, 12.6054 ], [ 77.4632, 12.5855 ], [ 77.4537, 12.5742 ], [ 77.4572, 12.5568 ], [ 77.4795, 12.5522 ], [ 77.4859, 12.5482 ], [ 77.4866, 12.5237 ], [ 77.4625, 12.5128 ], [ 77.4685, 12.4873 ], [ 77.4716, 12.499 ], [ 77.4822, 12.5003 ], [ 77.4853, 12.4674 ], [ 77.4797, 12.4628 ], [ 77.4584, 12.4579 ], [ 77.434, 12.4398 ], [ 77.4099, 12.4594 ], [ 77.3839, 12.4607 ], [ 77.3875, 12.483 ], [ 77.358, 12.517 ], [ 77.3578, 12.5439 ], [ 77.3154, 12.5518 ], [ 77.3251, 12.559 ], [ 77.3249, 12.5692 ], [ 77.3129, 12.5769 ], [ 77.3355, 12.5897 ], [ 77.3299, 12.5969 ], [ 77.3546, 12.641 ] ], [ [ 77.4794, 12.5504 ], [ 77.4799, 12.551 ], [ 77.4793, 12.5513 ], [ 77.4794, 12.5504 ] ] ], [ [ [ 77.3246, 12.5963 ], [ 77.3131, 12.584 ], [ 77.3077, 12.591 ], [ 77.3246, 12.5963 ] ] ] ] } },
{ "type": "Feature", "properties": { "area_id": "KGIS-H-290402", "name_en": "Harohalli", "name_kn": "", "level": "panchayat", "parent_id": "KGIS-T-2904", "district_en": "Ramanagara", "lgd_code": null }, "geometry": { "type": "MultiPolygon", "coordinates": [ [ [ [ 77.4464, 12.6563 ], [ 77.4456, 12.6559 ], [ 77.4456, 12.6564 ], [ 77.4464, 12.6563 ] ] ], [ [ [ 77.5532, 12.8001 ], [ 77.5529, 12.7897 ], [ 77.5636, 12.7881 ], [ 77.5562, 12.7773 ], [ 77.5631, 12.7608 ], [ 77.5707, 12.7623 ], [ 77.5797, 12.7878 ], [ 77.5921, 12.7798 ], [ 77.5984, 12.7582 ], [ 77.5941, 12.7505 ], [ 77.576, 12.7508 ], [ 77.571, 12.7302 ], [ 77.5576, 12.7309 ], [ 77.5639, 12.703 ], [ 77.5435, 12.7033 ], [ 77.5194, 12.6857 ], [ 77.5191, 12.663 ], [ 77.4866, 12.6531 ], [ 77.4372, 12.6614 ], [ 77.4308, 12.652 ], [ 77.4133, 12.6572 ], [ 77.4048, 12.5985 ], [ 77.3944, 12.6207 ], [ 77.3883, 12.6128 ], [ 77.3548, 12.64 ], [ 77.3621, 12.6617 ], [ 77.3766, 12.6409 ], [ 77.3855, 12.6425 ], [ 77.3809, 12.6829 ], [ 77.3707, 12.6953 ], [ 77.3963, 12.6932 ], [ 77.3897, 12.7083 ], [ 77.409, 12.7217 ], [ 77.4245, 12.7193 ], [ 77.4234, 12.7083 ], [ 77.4552, 12.7069 ], [ 77.4592, 12.7189 ], [ 77.4758, 12.7203 ], [ 77.4667, 12.7507 ], [ 77.4748, 12.755 ], [ 77.5028, 12.7356 ], [ 77.5128, 12.7468 ], [ 77.5218, 12.7317 ], [ 77.5347, 12.7559 ], [ 77.541, 12.7481 ], [ 77.5517, 12.7733 ], [ 77.5438, 12.7758 ], [ 77.5494, 12.7853 ], [ 77.5421, 12.7985 ], [ 77.5532, 12.8001 ] ], [ [ 77.5493, 12.7942 ], [ 77.5527, 12.7973 ], [ 77.5509, 12.7979 ], [ 77.5493, 12.7942 ] ] ], [ [ [ 77.4581, 12.7435 ], [ 77.4548, 12.7482 ], [ 77.4605, 12.7471 ], [ 77.4581, 12.7435 ] ] ] ] } },
{ "type": "Feature", "properties": { "area_id": "KGIS-H-290403", "name_en": "Maralavadi", "name_kn": "", "level": "panchayat", "parent_id": "KGIS-T-2904", "district_en": "Ramanagara", "lgd_code": null }, "geometry": { "type": "MultiPolygon", "coordinates": [ [ [ [ 77.4799, 12.551 ], [ 77.4794, 12.5504 ], [ 77.4793, 12.5513 ], [ 77.4799, 12.551 ] ] ], [ [ [ 77.5966, 12.7192 ], [ 77.6145, 12.7113 ], [ 77.5941, 12.6672 ], [ 77.6055, 12.6289 ], [ 77.5912, 12.6172 ], [ 77.5915, 12.5914 ], [ 77.5797, 12.5727 ], [ 77.5806, 12.5514 ], [ 77.5899, 12.5478 ], [ 77.5902, 12.5101 ], [ 77.5778, 12.497 ], [ 77.5874, 12.4662 ], [ 77.5547, 12.4647 ], [ 77.547, 12.4914 ], [ 77.5395, 12.4874 ], [ 77.5317, 12.4941 ], [ 77.5437, 12.511 ], [ 77.5265, 12.5188 ], [ 77.5187, 12.5144 ], [ 77.5191, 12.4957 ], [ 77.5061, 12.4811 ], [ 77.4963, 12.4842 ], [ 77.4979, 12.4706 ], [ 77.4882, 12.4635 ], [ 77.4798, 12.4833 ], [ 77.4822, 12.5003 ], [ 77.4716, 12.499 ], [ 77.4685, 12.4873 ], [ 77.4621, 12.5043 ], [ 77.4635, 12.5158 ], [ 77.4866, 12.5237 ], [ 77.4859, 12.5482 ], [ 77.4795, 12.5522 ], [ 77.4572, 12.5568 ], [ 77.4537, 12.5742 ], [ 77.4632, 12.5855 ], [ 77.4417, 12.6215 ], [ 77.4071, 12.6266 ], [ 77.4132, 12.657 ], [ 77.5058, 12.6552 ], [ 77.5193, 12.6633 ], [ 77.5187, 12.6837 ], [ 77.5278, 12.6925 ], [ 77.5435, 12.7033 ], [ 77.5757, 12.7039 ], [ 77.5966, 12.7192 ] ], [ [ 77.4463, 12.6563 ], [ 77.4456, 12.6559 ], [ 77.4464, 12.656 ], [ 77.4463, 12.6563 ] ] ] ] } },
{ "type": "Feature", "properties": { "area_id": "KGIS-H-290404", "name_en": "Satanuru", "name_kn": "", "level": "panchayat", "parent_id": "KGIS-T-2904", "district_en": "Ramanagara", "lgd_code": null }, "geometry": { "type": "MultiPolygon", "coordinates": [ [ [ [ 77.3044, 12.3165 ], [ 77.3004, 12.3195 ], [ 77.3012, 12.3202 ], [ 77.3044, 12.3165 ] ] ], [ [ [ 77.2906, 12.3611 ], [ 77.2949, 12.3574 ], [ 77.293, 12.3532 ], [ 77.2873, 12.354 ], [ 77.2906, 12.3611 ] ] ], [ [ [ 77.2925, 12.3686 ], [ 77.29, 12.3712 ], [ 77.2923, 12.371 ], [ 77.2925, 12.3686 ] ] ], [ [ [ 77.2692, 12.5501 ], [ 77.2645, 12.5467 ], [ 77.2728, 12.5479 ], [ 77.2805, 12.5289 ], [ 77.2885, 12.532 ], [ 77.2892, 12.5464 ], [ 77.3044, 12.5459 ], [ 77.305, 12.5388 ], [ 77.3219, 12.5313 ], [ 77.3256, 12.5467 ], [ 77.3578, 12.5439 ], [ 77.358, 12.517 ], [ 77.3866, 12.4848 ], [ 77.3798, 12.4547 ], [ 77.3505, 12.4625 ], [ 77.3561, 12.4545 ], [ 77.3469, 12.4383 ], [ 77.3663, 12.4293 ], [ 77.3406, 12.4258 ], [ 77.3451, 12.4077 ], [ 77.3398, 12.4015 ], [ 77.3132, 12.3923 ], [ 77.285, 12.3939 ], [ 77.2852, 12.4288 ], [ 77.2697, 12.4342 ], [ 77.2751, 12.4372 ], [ 77.2694, 12.4648 ], [ 77.2363, 12.4709 ], [ 77.2334, 12.4841 ], [ 77.2254, 12.4747 ], [ 77.2261, 12.4894 ], [ 77.239, 12.4888 ], [ 77.2399, 12.507 ], [ 77.2572, 12.5091 ], [ 77.2544, 12.5484 ], [ 77.2692, 12.5501 ] ] ] ] } },
{ "type": "Feature", "properties": { "area_id": "KGIS-H-290405", "name_en": "Kodihalli", "name_kn": "", "level": "panchayat", "parent_id": "KGIS-T-2904", "district_en": "Ramanagara", "lgd_code": null }, "geometry": { "type": "Polygon", "coordinates": [ [ [ 77.5318, 12.5019 ], [ 77.5353, 12.4899 ], [ 77.547, 12.4914 ], [ 77.5547, 12.4647 ], [ 77.5722, 12.4617 ], [ 77.5874, 12.4662 ], [ 77.5795, 12.4794 ], [ 77.5778, 12.497 ], [ 77.5902, 12.5101 ], [ 77.5866, 12.517 ], [ 77.6152, 12.5085 ], [ 77.5831, 12.4779 ], [ 77.6069, 12.4745 ], [ 77.6262, 12.4964 ], [ 77.6358, 12.488 ], [ 77.6144, 12.3626 ], [ 77.601, 12.3587 ], [ 77.5913, 12.3394 ], [ 77.5758, 12.3363 ], [ 77.5661, 12.3068 ], [ 77.5574, 12.3017 ], [ 77.5435, 12.3248 ], [ 77.5463, 12.3517 ], [ 77.5295, 12.3496 ], [ 77.5263, 12.3628 ], [ 77.5125, 12.3731 ], [ 77.5058, 12.365 ], [ 77.4903, 12.3802 ], [ 77.4914, 12.3947 ], [ 77.4712, 12.4057 ], [ 77.4759, 12.4101 ], [ 77.4689, 12.4255 ], [ 77.4578, 12.4317 ], [ 77.458, 12.4371 ], [ 77.474, 12.4362 ], [ 77.4736, 12.4611 ], [ 77.4959, 12.4669 ], [ 77.4943, 12.4821 ], [ 77.5061, 12.4811 ], [ 77.5191, 12.4957 ], [ 77.5248, 12.5186 ], [ 77.5437, 12.511 ], [ 77.5318, 12.5019 ] ] ] } },
{ "type": "Feature", "properties": { "area_id": "KGIS-H-290406", "name_en": "Uyyamballi", "name_kn": "", "level": "panchayat", "parent_id": "KGIS-T-2904", "district_en": "Ramanagara", "lgd_code": null }, "geometry": { "type": "Polygon", "coordinates": [ [ [ 77.4015, 12.4614 ], [ 77.434, 12.4398 ], [ 77.4736, 12.4611 ], [ 77.474, 12.4362 ], [ 77.4576, 12.4341 ], [ 77.4689, 12.4255 ], [ 77.4759, 12.4101 ], [ 77.4712, 12.4057 ], [ 77.4914, 12.3947 ], [ 77.4903, 12.3802 ], [ 77.5058, 12.365 ], [ 77.5125, 12.3731 ], [ 77.5263, 12.3628 ], [ 77.5295, 12.3496 ], [ 77.5463, 12.3517 ], [ 77.5435, 12.3248 ], [ 77.5566, 12.3024 ], [ 77.5511, 12.2892 ], [ 77.534, 12.2893 ], [ 77.5283, 12.2713 ], [ 77.5161, 12.2679 ], [ 77.4899, 12.278 ], [ 77.4778, 12.2633 ], [ 77.474, 12.2407 ], [ 77.4481, 12.2519 ], [ 77.4299, 12.2867 ], [ 77.406, 12.2758 ], [ 77.355, 12.2757 ], [ 77.319, 12.3025 ], [ 77.3324, 12.3537 ], [ 77.3122, 12.3923 ], [ 77.3422, 12.4041 ], [ 77.3449, 12.4296 ], [ 77.3663, 12.4293 ], [ 77.3469, 12.4383 ], [ 77.3561, 12.4545 ], [ 77.3505, 12.4625 ], [ 77.3706, 12.4539 ], [ 77.4015, 12.4614 ] ] ] } },
{ "type": "Feature", "properties": { "area_id": "KGIS-H-300102", "name_en": "Hattikuni", "name_kn": "", "level": "panchayat", "parent_id": "KGIS-T-3001", "district_en": "Yadgir", "lgd_code": null }, "geometry": { "type": "Polygon", "coordinates": [ [ [ 77.0706, 16.9533 ], [ 77.0686, 16.9323 ], [ 77.0823, 16.9407 ], [ 77.0931, 16.9055 ], [ 77.106, 16.9024 ], [ 77.1496, 16.9263 ], [ 77.1847, 16.9354 ], [ 77.1958, 16.9302 ], [ 77.2113, 16.9445 ], [ 77.2422, 16.9421 ], [ 77.2462, 16.9324 ], [ 77.2626, 16.9281 ], [ 77.2419, 16.8681 ], [ 77.2611, 16.8616 ], [ 77.2546, 16.7973 ], [ 77.228, 16.7711 ], [ 77.2202, 16.7731 ], [ 77.2083, 16.7818 ], [ 77.2042, 16.8059 ], [ 77.1953, 16.8136 ], [ 77.1777, 16.8024 ], [ 77.1616, 16.8074 ], [ 77.1331, 16.7831 ], [ 77.1164, 16.8015 ], [ 77.075, 16.8138 ], [ 77.0515, 16.8108 ], [ 77.0533, 16.8215 ], [ 77.0387, 16.8393 ], [ 77.0065, 16.8226 ], [ 77.0059, 16.8326 ], [ 76.9833, 16.8398 ], [ 76.9817, 16.8611 ], [ 77.0075, 16.8578 ], [ 77.0207, 16.8685 ], [ 77.0413, 16.858 ], [ 77.0416, 16.8827 ], [ 77.0176, 16.899 ], [ 77.0199, 16.9275 ], [ 77.0412, 16.923 ], [ 77.0639, 16.9538 ], [ 77.0706, 16.9533 ] ] ] } },
{ "type": "Feature", "properties": { "area_id": "KGIS-H-300103", "name_en": "Balichakra", "name_kn": "", "level": "panchayat", "parent_id": "KGIS-T-3001", "district_en": "Yadgir", "lgd_code": null }, "geometry": { "type": "Polygon", "coordinates": [ [ [ 77.2645, 16.7153 ], [ 77.2947, 16.6797 ], [ 77.2842, 16.6539 ], [ 77.2873, 16.6409 ], [ 77.3166, 16.6362 ], [ 77.319, 16.6223 ], [ 77.287, 16.6065 ], [ 77.268, 16.6077 ], [ 77.2659, 16.6183 ], [ 77.2319, 16.6177 ], [ 77.2211, 16.5853 ], [ 77.1669, 16.6031 ], [ 77.1796, 16.6259 ], [ 77.1607, 16.6465 ], [ 77.1352, 16.6449 ], [ 77.1308, 16.6553 ], [ 77.1369, 16.6714 ], [ 77.1525, 16.6889 ], [ 77.1734, 16.6864 ], [ 77.1902, 16.6937 ], [ 77.1924, 16.7054 ], [ 77.2019, 16.7093 ], [ 77.2372, 16.7055 ], [ 77.2645, 16.7153 ] ] ] } },
{ "type": "Feature", "properties": { "area_id": "KGIS-H-300104", "name_en": "Saidapora", "name_kn": "", "level": "panchayat", "parent_id": "KGIS-T-3001", "district_en": "Yadgir", "lgd_code": null }, "geometry": { "type": "Polygon", "coordinates": [ [ [ 77.2319, 16.6177 ], [ 77.2659, 16.6183 ], [ 77.2712, 16.5876 ], [ 77.3231, 16.5896 ], [ 77.3408, 16.5829 ], [ 77.3369, 16.5688 ], [ 77.355, 16.5537 ], [ 77.3971, 16.5642 ], [ 77.4035, 16.5509 ], [ 77.4179, 16.5487 ], [ 77.4159, 16.5177 ], [ 77.4018, 16.5214 ], [ 77.3772, 16.5139 ], [ 77.3693, 16.4882 ], [ 77.3242, 16.4869 ], [ 77.2983, 16.4962 ], [ 77.2943, 16.4769 ], [ 77.2356, 16.4727 ], [ 77.2328, 16.4937 ], [ 77.2102, 16.4971 ], [ 77.1997, 16.5077 ], [ 77.2006, 16.5413 ], [ 77.1758, 16.5501 ], [ 77.1648, 16.5961 ], [ 77.1669, 16.6031 ], [ 77.2211, 16.5853 ], [ 77.2319, 16.6177 ] ] ] } },
{ "type": "Feature", "properties": { "area_id": "KGIS-H-300106", "name_en": "Yadagiri", "name_kn": "", "level": "panchayat", "parent_id": "KGIS-T-3001", "district_en": "Yadgir", "lgd_code": null }, "geometry": { "type": "MultiPolygon", "coordinates": [ [ [ [ 77.0387, 16.8393 ], [ 77.0533, 16.8215 ], [ 77.0515, 16.8108 ], [ 77.075, 16.8138 ], [ 77.1164, 16.8015 ], [ 77.1331, 16.7831 ], [ 77.1616, 16.8074 ], [ 77.1777, 16.8024 ], [ 77.1953, 16.8136 ], [ 77.2042, 16.8059 ], [ 77.2083, 16.7818 ], [ 77.228, 16.7711 ], [ 77.2546, 16.7973 ], [ 77.2566, 16.8308 ], [ 77.2811, 16.7989 ], [ 77.293, 16.75 ], [ 77.2732, 16.7306 ], [ 77.2681, 16.7146 ], [ 77.2372, 16.7055 ], [ 77.2033, 16.7097 ], [ 77.1924, 16.7054 ], [ 77.1902, 16.6937 ], [ 77.1567, 16.6875 ], [ 77.1282, 16.734 ], [ 77.0736, 16.7454 ], [ 77.0476, 16.778 ], [ 77.0103, 16.7991 ], [ 77.0017, 16.8124 ], [ 76.9905, 16.8119 ], [ 76.9931, 16.833 ], [ 77.0059, 16.8326 ], [ 77.0065, 16.8226 ], [ 77.0387, 16.8393 ] ] ], [ [ [ 77.0431, 16.8702 ], [ 77.0413, 16.858 ], [ 77.0312, 16.86 ], [ 77.0304, 16.8693 ], [ 77.0431, 16.8702 ] ] ] ] } },
{ "type": "Feature", "properties": { "area_id": "KGIS-H-300201", "name_en": "Shahapura", "name_kn": "", "level": "panchayat", "parent_id": "KGIS-T-3002", "district_en": "Yadgir", "lgd_code": null }, "geometry": { "type": "Polygon", "coordinates": [ [ [ 76.8567, 16.8921 ], [ 76.9024, 16.8934 ], [ 76.902, 16.8786 ], [ 76.9213, 16.87 ], [ 76.9021, 16.8533 ], [ 76.9069, 16.8222 ], [ 76.8966, 16.8129 ], [ 76.9041, 16.7659 ], [ 76.8813, 16.7634 ], [ 76.8801, 16.7388 ], [ 76.8881, 16.7005 ], [ 76.9323, 16.6972 ], [ 76.9265, 16.6571 ], [ 76.912, 16.6523 ], [ 76.9146, 16.6431 ], [ 76.9321, 16.6382 ], [ 76.8946, 16.6312 ], [ 76.8924, 16.6166 ], [ 76.9074, 16.5867 ], [ 76.9044, 16.5729 ], [ 76.8694, 16.5741 ], [ 76.8657, 16.5647 ], [ 76.8429, 16.5576 ], [ 76.8221, 16.5697 ], [ 76.8019, 16.5659 ], [ 76.8007, 16.5753 ], [ 76.7712, 16.5951 ], [ 76.7563, 16.592 ], [ 76.7577, 16.6174 ], [ 76.7507, 16.631 ], [ 76.7321, 16.641 ], [ 76.7307, 16.6541 ], [ 76.7431, 16.658 ], [ 76.7368, 16.6781 ], [ 76.7508, 16.6866 ], [ 76.7744, 16.6941 ], [ 76.7823, 16.6817 ], [ 76.7974, 16.6818 ], [ 76.8101, 16.7177 ], [ 76.7976, 16.7207 ], [ 76.7916, 16.7659 ], [ 76.7984, 16.7661 ], [ 76.7982, 16.7375 ], [ 76.8144, 16.7369 ], [ 76.8291, 16.7653 ], [ 76.825, 16.8115 ], [ 76.8409, 16.8061 ], [ 76.8423, 16.8191 ], [ 76.8554, 16.8286 ], [ 76.8594, 16.8449 ], [ 76.8456, 16.8681 ], [ 76.8567, 16.8921 ] ] ] } },
{ "type": "Feature", "properties": { "area_id": "KGIS-H-300202", "name_en": "Gogi", "name_kn": "", "level": "panchayat", "parent_id": "KGIS-T-3002", "district_en": "Yadgir", "lgd_code": null }, "geometry": { "type": "Polygon", "coordinates": [ [ [ 76.8192, 16.8738 ], [ 76.8457, 16.8684 ], [ 76.8596, 16.843 ], [ 76.8409, 16.8061 ], [ 76.825, 16.8115 ], [ 76.8291, 16.7653 ], [ 76.8144, 16.7369 ], [ 76.7982, 16.7375 ], [ 76.7984, 16.7661 ], [ 76.7916, 16.7659 ], [ 76.7976, 16.7207 ], [ 76.8101, 16.7177 ], [ 76.7974, 16.6818 ], [ 76.7823, 16.6817 ], [ 76.7744, 16.6941 ], [ 76.7368, 16.6781 ], [ 76.7431, 16.658 ], [ 76.7307, 16.6541 ], [ 76.7309, 16.6439 ], [ 76.7507, 16.631 ], [ 76.7582, 16.6132 ], [ 76.6916, 16.6056 ], [ 76.6816, 16.6304 ], [ 76.6494, 16.6327 ], [ 76.6488, 16.6541 ], [ 76.6348, 16.6636 ], [ 76.6352, 16.6942 ], [ 76.6227, 16.6949 ], [ 76.6158, 16.7088 ], [ 76.6228, 16.7425 ], [ 76.6352, 16.7451 ], [ 76.6331, 16.723 ], [ 76.6586, 16.7124 ], [ 76.6526, 16.7524 ], [ 76.661, 16.7672 ], [ 76.6758, 16.7655 ], [ 76.6795, 16.7848 ], [ 76.7092, 16.7926 ], [ 76.709, 16.7805 ], [ 76.719, 16.7779 ], [ 76.7242, 16.7854 ], [ 76.7454, 16.7781 ], [ 76.7449, 16.8162 ], [ 76.7567, 16.8158 ], [ 76.7555, 16.8411 ], [ 76.7891, 16.8375 ], [ 76.7913, 16.8501 ], [ 76.8052, 16.8503 ], [ 76.8192, 16.8738 ] ], [ [ 76.7288, 16.7716 ], [ 76.7238, 16.7526 ], [ 76.7388, 16.7517 ], [ 76.7402, 16.7699 ], [ 76.7288, 16.7716 ] ] ] } },
{ "type": "Feature", "properties": { "area_id": "KGIS-H-300203", "name_en": "Doranalli", "name_kn": "", "level": "panchayat", "parent_id": "KGIS-T-3002", "district_en": "Yadgir", "lgd_code": null }, "geometry": { "type": "Polygon", "coordinates": [ [ [ 76.9286, 16.8319 ], [ 76.9803, 16.8092 ], [ 77.0017, 16.8124 ], [ 77.0568, 16.7652 ], [ 77.0325, 16.7599 ], [ 77.0275, 16.7503 ], [ 77.0412, 16.7134 ], [ 77.0223, 16.6816 ], [ 77.008, 16.6813 ], [ 77.0039, 16.702 ], [ 76.9644, 16.7171 ], [ 76.9449, 16.7 ], [ 76.923, 16.6948 ], [ 76.8878, 16.7009 ], [ 76.8807, 16.7584 ], [ 76.9041, 16.7659 ], [ 76.901, 16.8223 ], [ 76.9143, 16.8161 ], [ 76.9286, 16.8319 ] ] ] } },
{ "type": "Feature", "properties": { "area_id": "KGIS-H-300204", "name_en": "Haiyyala  B", "name_kn": "", "level": "panchayat", "parent_id": "KGIS-T-3002", "district_en": "Yadgir", "lgd_code": null }, "geometry": { "type": "Polygon", "coordinates": [ [ [ 76.8694, 16.5741 ], [ 76.9045, 16.573 ], [ 76.916, 16.5642 ], [ 76.9259, 16.5318 ], [ 76.9742, 16.5266 ], [ 76.9739, 16.5109 ], [ 76.9064, 16.4873 ], [ 76.8797, 16.4922 ], [ 76.8773, 16.5273 ], [ 76.8509, 16.5314 ], [ 76.8479, 16.5637 ], [ 76.8657, 16.5647 ], [ 76.8694, 16.5741 ] ] ] } },
{ "type": "Feature", "properties": { "area_id": "KGIS-H-300301", "name_en": "Shorapura", "name_kn": "", "level": "panchayat", "parent_id": "KGIS-T-3003", "district_en": "Yadgir", "lgd_code": null }, "geometry": { "type": "Polygon", "coordinates": [ [ [ 76.7601, 16.4471 ], [ 76.724, 16.451 ], [ 76.7136, 16.4852 ], [ 76.6857, 16.4867 ], [ 76.6845, 16.4946 ], [ 76.6726, 16.4975 ], [ 76.6724, 16.5227 ], [ 76.6388, 16.5187 ], [ 76.6316, 16.5295 ], [ 76.6106, 16.5131 ], [ 76.5969, 16.5245 ], [ 76.5942, 16.5322 ], [ 76.6278, 16.5375 ], [ 76.6175, 16.5789 ], [ 76.6506, 16.5854 ], [ 76.688, 16.5771 ], [ 76.6915, 16.6056 ], [ 76.7526, 16.6107 ], [ 76.7563, 16.592 ], [ 76.7795, 16.5905 ], [ 76.8007, 16.5753 ], [ 76.8019, 16.5659 ], [ 76.8221, 16.5697 ], [ 76.8481, 16.5573 ], [ 76.8509, 16.5314 ], [ 76.8773, 16.5273 ], [ 76.8797, 16.4922 ], [ 76.8645, 16.4828 ], [ 76.8633, 16.4539 ], [ 76.8444, 16.4321 ], [ 76.7803, 16.4199 ], [ 76.7551, 16.4252 ], [ 76.7627, 16.4326 ], [ 76.7601, 16.4471 ] ] ] } },
{ "type": "Feature", "properties": { "area_id": "KGIS-H-300302", "name_en": "Kakkera", "name_kn": "", "level": "panchayat", "parent_id": "KGIS-T-3003", "district_en": "Yadgir", "lgd_code": null }, "geometry": { "type": "MultiPolygon", "coordinates": [ [ [ [ 76.5553, 16.3451 ], [ 76.5629, 16.343 ], [ 76.5538, 16.3427 ], [ 76.5553, 16.3451 ] ] ], [ [ [ 76.7455, 16.4134 ], [ 76.6588, 16.3696 ], [ 76.6461, 16.3559 ], [ 76.5666, 16.3297 ], [ 76.578, 16.3425 ], [ 76.5533, 16.3472 ], [ 76.5607, 16.3573 ], [ 76.5455, 16.3513 ], [ 76.5496, 16.3897 ], [ 76.5414, 16.3885 ], [ 76.5338, 16.4031 ], [ 76.5416, 16.408 ], [ 76.5517, 16.4011 ], [ 76.5658, 16.429 ], [ 76.5794, 16.4267 ], [ 76.5865, 16.4357 ], [ 76.6048, 16.4304 ], [ 76.6182, 16.4507 ], [ 76.6221, 16.4881 ], [ 76.6094, 16.5129 ], [ 76.6316, 16.5295 ], [ 76.6388, 16.5187 ], [ 76.6724, 16.5227 ], [ 76.6726, 16.4975 ], [ 76.6845, 16.4946 ], [ 76.6857, 16.4867 ], [ 76.7136, 16.4852 ], [ 76.724, 16.451 ], [ 76.7417, 16.4438 ], [ 76.7601, 16.4471 ], [ 76.7627, 16.4326 ], [ 76.7455, 16.4134 ] ] ] ] } },
{ "type": "Feature", "properties": { "area_id": "KGIS-H-300303", "name_en": "Hunasigi", "name_kn": "", "level": "panchayat", "parent_id": "KGIS-T-3003", "district_en": "Yadgir", "lgd_code": null }, "geometry": { "type": "Polygon", "coordinates": [ [ [ 76.5927, 16.5377 ], [ 76.6106, 16.5131 ], [ 76.5896, 16.5055 ], [ 76.561, 16.5111 ], [ 76.5664, 16.5371 ], [ 76.5927, 16.5377 ] ] ] } },
{ "type": "Feature", "properties": { "area_id": "KGIS-H-300304", "name_en": "Kembhavi", "name_kn": "", "level": "panchayat", "parent_id": "KGIS-T-3003", "district_en": "Yadgir", "lgd_code": null }, "geometry": { "type": "MultiPolygon", "coordinates": [ [ [ [ 76.6206, 16.7652 ], [ 76.6158, 16.7088 ], [ 76.6227, 16.6949 ], [ 76.6352, 16.6942 ], [ 76.6348, 16.6636 ], [ 76.6488, 16.6541 ], [ 76.6494, 16.6327 ], [ 76.6816, 16.6304 ], [ 76.693, 16.5997 ], [ 76.688, 16.5771 ], [ 76.5855, 16.5866 ], [ 76.5598, 16.5943 ], [ 76.5516, 16.6172 ], [ 76.5311, 16.6167 ], [ 76.5291, 16.6053 ], [ 76.5088, 16.605 ], [ 76.4974, 16.6163 ], [ 76.4958, 16.6324 ], [ 76.4677, 16.6309 ], [ 76.4632, 16.6108 ], [ 76.4507, 16.6081 ], [ 76.4538, 16.5825 ], [ 76.4188, 16.5836 ], [ 76.4133, 16.5898 ], [ 76.4035, 16.6447 ], [ 76.4255, 16.6959 ], [ 76.4407, 16.7094 ], [ 76.4785, 16.7112 ], [ 76.4986, 16.7205 ], [ 76.5024, 16.7385 ], [ 76.5162, 16.7508 ], [ 76.5474, 16.7474 ], [ 76.5703, 16.7525 ], [ 76.5813, 16.7657 ], [ 76.6206, 16.7652 ] ] ], [ [ [ 76.6382, 16.7343 ], [ 76.6586, 16.7249 ], [ 76.6586, 16.7124 ], [ 76.6331, 16.723 ], [ 76.6382, 16.7343 ] ] ] ] } },
{ "type": "Feature", "properties": { "area_id": "KGIS-H-300401", "name_en": "Gurumitakala", "name_kn": "", "level": "panchayat", "parent_id": "KGIS-T-3004", "district_en": "Yadgir", "lgd_code": null }, "geometry": { "type": "Polygon", "coordinates": [ [ [ 77.2903, 16.9362 ], [ 77.3112, 16.9277 ], [ 77.3203, 16.9363 ], [ 77.3411, 16.9346 ], [ 77.3504, 16.9077 ], [ 77.3762, 16.8951 ], [ 77.3873, 16.8979 ], [ 77.3885, 16.8912 ], [ 77.396, 16.9037 ], [ 77.406, 16.9018 ], [ 77.3996, 16.8989 ], [ 77.4014, 16.8822 ], [ 77.4097, 16.8735 ], [ 77.4246, 16.8851 ], [ 77.4602, 16.8852 ], [ 77.4641, 16.8516 ], [ 77.4571, 16.8314 ], [ 77.4742, 16.7877 ], [ 77.439, 16.7785 ], [ 77.439, 16.7899 ], [ 77.4099, 16.7976 ], [ 77.3616, 16.84 ], [ 77.3397, 16.8 ], [ 77.3441, 16.7582 ], [ 77.3193, 16.758 ], [ 77.3134, 16.7697 ], [ 77.2902, 16.772 ], [ 77.2746, 16.8118 ], [ 77.2573, 16.8304 ], [ 77.2611, 16.8616 ], [ 77.2419, 16.8681 ], [ 77.2626, 16.9281 ], [ 77.2903, 16.9362 ] ] ] } },
{ "type": "Feature", "properties": { "area_id": "KGIS-H-300403", "name_en": "Balichakra", "name_kn": "", "level": "panchayat", "parent_id": "KGIS-T-3004", "district_en": "Yadgir", "lgd_code": null }, "geometry": { "type": "Polygon", "coordinates": [ [ [ 77.2937, 16.7717 ], [ 77.3145, 16.769 ], [ 77.3229, 16.7465 ], [ 77.3373, 16.7489 ], [ 77.3579, 16.7255 ], [ 77.3517, 16.7006 ], [ 77.3282, 16.6791 ], [ 77.3302, 16.6712 ], [ 77.353, 16.668 ], [ 77.3741, 16.6412 ], [ 77.4135, 16.6379 ], [ 77.4083, 16.6156 ], [ 77.3957, 16.615 ], [ 77.3911, 16.5894 ], [ 77.3652, 16.5968 ], [ 77.3408, 16.5829 ], [ 77.3231, 16.5896 ], [ 77.2707, 16.5883 ], [ 77.2724, 16.6064 ], [ 77.2953, 16.6102 ], [ 77.3202, 16.6284 ], [ 77.3166, 16.6362 ], [ 77.2873, 16.6409 ], [ 77.2842, 16.6539 ], [ 77.2947, 16.6797 ], [ 77.2681, 16.7147 ], [ 77.2732, 16.7306 ], [ 77.293, 16.75 ], [ 77.2937, 16.7717 ] ] ] } },
{ "type": "Feature", "properties": { "area_id": "KGIS-H-300404", "name_en": "Saidapora", "name_kn": "", "level": "panchayat", "parent_id": "KGIS-T-3004", "district_en": "Yadgir", "lgd_code": null }, "geometry": { "type": "Polygon", "coordinates": [ [ [ 77.3509, 16.5914 ], [ 77.3911, 16.5894 ], [ 77.3924, 16.5638 ], [ 77.355, 16.5537 ], [ 77.3369, 16.5688 ], [ 77.3392, 16.5796 ], [ 77.3509, 16.5914 ] ] ] } },
{ "type": "Feature", "properties": { "area_id": "KGIS-H-300405", "name_en": "Konkala", "name_kn": "", "level": "panchayat", "parent_id": "KGIS-T-3004", "district_en": "Yadgir", "lgd_code": null }, "geometry": { "type": "Polygon", "coordinates": [ [ [ 77.3627, 16.8384 ], [ 77.4099, 16.7976 ], [ 77.439, 16.7899 ], [ 77.4464, 16.7653 ], [ 77.4284, 16.7332 ], [ 77.4276, 16.7168 ], [ 77.4385, 16.7118 ], [ 77.446, 16.7222 ], [ 77.4735, 16.7159 ], [ 77.4639, 16.6767 ], [ 77.4476, 16.6791 ], [ 77.4425, 16.6696 ], [ 77.4184, 16.6687 ], [ 77.4188, 16.6575 ], [ 77.44, 16.6457 ], [ 77.4346, 16.6412 ], [ 77.4452, 16.6401 ], [ 77.4634, 16.6548 ], [ 77.4725, 16.6522 ], [ 77.4551, 16.622 ], [ 77.4681, 16.6087 ], [ 77.4649, 16.5884 ], [ 77.4613, 16.583 ], [ 77.4394, 16.5873 ], [ 77.415, 16.5659 ], [ 77.392, 16.5698 ], [ 77.3908, 16.5865 ], [ 77.3957, 16.615 ], [ 77.4083, 16.6156 ], [ 77.4135, 16.6379 ], [ 77.3701, 16.6428 ], [ 77.353, 16.668 ], [ 77.3282, 16.6761 ], [ 77.3517, 16.7006 ], [ 77.3579, 16.7255 ], [ 77.3373, 16.7489 ], [ 77.3229, 16.7465 ], [ 77.3193, 16.758 ], [ 77.3441, 16.7582 ], [ 77.3397, 16.8 ], [ 77.3506, 16.829 ], [ 77.3627, 16.8384 ] ] ] } },
{ "type": "Feature", "properties": { "area_id": "KGIS-H-300503", "name_en": "Doranalli", "name_kn": "", "level": "panchayat", "parent_id": "KGIS-T-3005", "district_en": "Yadgir", "lgd_code": null }, "geometry": { "type": "Polygon", "coordinates": [ [ [ 77.0578, 16.7634 ], [ 77.0736, 16.7454 ], [ 77.1282, 16.734 ], [ 77.1498, 16.705 ], [ 77.1529, 16.6849 ], [ 77.1314, 16.6607 ], [ 77.1032, 16.6508 ], [ 77.0916, 16.6677 ], [ 77.0589, 16.6657 ], [ 77.0558, 16.6397 ], [ 77.0721, 16.6316 ], [ 77.0707, 16.6221 ], [ 77.0672, 16.6134 ], [ 77.0411, 16.6095 ], [ 77.0263, 16.6156 ], [ 77.0278, 16.6482 ], [ 77.0173, 16.6514 ], [ 77.0107, 16.6812 ], [ 77.0223, 16.6816 ], [ 77.0412, 16.7132 ], [ 77.0261, 16.7434 ], [ 77.0325, 16.7599 ], [ 77.0578, 16.7634 ] ] ] } },
{ "type": "Feature", "properties": { "area_id": "KGIS-H-300504", "name_en": "Haiyyala  B", "name_kn": "", "level": "panchayat", "parent_id": "KGIS-T-3005", "district_en": "Yadgir", "lgd_code": null }, "geometry": { "type": "Polygon", "coordinates": [ [ [ 76.9649, 16.7167 ], [ 77.0039, 16.702 ], [ 77.0173, 16.6514 ], [ 77.0278, 16.6482 ], [ 77.0263, 16.6156 ], [ 77.0339, 16.6113 ], [ 77.0261, 16.5611 ], [ 77.0156, 16.5537 ], [ 77.0189, 16.5437 ], [ 77.0081, 16.5429 ], [ 76.9903, 16.5616 ], [ 76.9773, 16.5611 ], [ 76.9653, 16.5444 ], [ 76.9726, 16.5258 ], [ 76.9593, 16.5246 ], [ 76.9199, 16.5378 ], [ 76.9201, 16.5575 ], [ 76.9045, 16.573 ], [ 76.9057, 16.5954 ], [ 76.8924, 16.6166 ], [ 76.8946, 16.6312 ], [ 76.9317, 16.6349 ], [ 76.9146, 16.6431 ], [ 76.9133, 16.6574 ], [ 76.9265, 16.6571 ], [ 76.9323, 16.6972 ], [ 76.9649, 16.7167 ] ] ] } },
{ "type": "Feature", "properties": { "area_id": "KGIS-H-300505", "name_en": "Vadagera", "name_kn": "", "level": "panchayat", "parent_id": "KGIS-T-3005", "district_en": "Yadgir", "lgd_code": null }, "geometry": { "type": "Polygon", "coordinates": [ [ [ 77.2341, 16.4758 ], [ 77.2903, 16.4127 ], [ 77.2653, 16.4059 ], [ 77.2499, 16.4157 ], [ 77.1738, 16.4302 ], [ 77.1608, 16.442 ], [ 77.1531, 16.4748 ], [ 77.106, 16.487 ], [ 77.0594, 16.5186 ], [ 77.0435, 16.5193 ], [ 77.0237, 16.5034 ], [ 77.0101, 16.5031 ], [ 77.0037, 16.5135 ], [ 77.0081, 16.5429 ], [ 77.0189, 16.5437 ], [ 77.0157, 16.5539 ], [ 77.0261, 16.5611 ], [ 77.0302, 16.6052 ], [ 77.0335, 16.6114 ], [ 77.0497, 16.6093 ], [ 77.0515, 16.616 ], [ 77.0672, 16.6134 ], [ 77.0707, 16.6221 ], [ 77.0721, 16.6316 ], [ 77.0558, 16.6397 ], [ 77.0589, 16.6657 ], [ 77.0916, 16.6677 ], [ 77.1032, 16.6508 ], [ 77.1301, 16.6615 ], [ 77.1383, 16.6423 ], [ 77.163, 16.6446 ], [ 77.1809, 16.6228 ], [ 77.1648, 16.5961 ], [ 77.1748, 16.5523 ], [ 77.1989, 16.5442 ], [ 77.1997, 16.5077 ], [ 77.2102, 16.4971 ], [ 77.2328, 16.4937 ], [ 77.2341, 16.4758 ] ] ] } },
{ "type": "Feature", "properties": { "area_id": "KGIS-H-300602", "name_en": "Kakkera", "name_kn": "", "level": "panchayat", "parent_id": "KGIS-T-3006", "district_en": "Yadgir", "lgd_code": null }, "geometry": { "type": "MultiPolygon", "coordinates": [ [ [ [ 76.5468, 16.3899 ], [ 76.5455, 16.3513 ], [ 76.5607, 16.3573 ], [ 76.5533, 16.3472 ], [ 76.5632, 16.3503 ], [ 76.578, 16.3425 ], [ 76.5321, 16.3104 ], [ 76.5398, 16.3213 ], [ 76.5361, 16.3463 ], [ 76.5123, 16.3499 ], [ 76.5089, 16.3612 ], [ 76.4833, 16.3635 ], [ 76.4829, 16.3735 ], [ 76.5159, 16.3682 ], [ 76.5374, 16.3746 ], [ 76.5349, 16.3815 ], [ 76.5468, 16.3899 ] ], [ [ 76.5596, 16.3458 ], [ 76.5568, 16.3432 ], [ 76.5629, 16.343 ], [ 76.5596, 16.3458 ] ] ], [ [ [ 76.6094, 16.5129 ], [ 76.6221, 16.4881 ], [ 76.6182, 16.4507 ], [ 76.6048, 16.4304 ], [ 76.5865, 16.4357 ], [ 76.5794, 16.4267 ], [ 76.5664, 16.4284 ], [ 76.5593, 16.4465 ], [ 76.5847, 16.4539 ], [ 76.5896, 16.5055 ], [ 76.6094, 16.5129 ] ] ] ] } },
{ "type": "Feature", "properties": { "area_id": "KGIS-H-300603", "name_en": "Hunasigi", "name_kn": "", "level": "panchayat", "parent_id": "KGIS-T-3006", "district_en": "Yadgir", "lgd_code": null }, "geometry": { "type": "Polygon", "coordinates": [ [ [ 76.4677, 16.6309 ], [ 76.4994, 16.632 ], [ 76.4974, 16.6163 ], [ 76.5088, 16.605 ], [ 76.5291, 16.6053 ], [ 76.5311, 16.6167 ], [ 76.5516, 16.6172 ], [ 76.5598, 16.5943 ], [ 76.6137, 16.5857 ], [ 76.6278, 16.5375 ], [ 76.5957, 16.5321 ], [ 76.5896, 16.5424 ], [ 76.5664, 16.5371 ], [ 76.561, 16.5111 ], [ 76.5896, 16.5055 ], [ 76.5847, 16.4539 ], [ 76.5627, 16.4518 ], [ 76.5659, 16.4286 ], [ 76.5543, 16.4158 ], [ 76.5606, 16.413 ], [ 76.5517, 16.4011 ], [ 76.5416, 16.408 ], [ 76.5338, 16.4031 ], [ 76.5449, 16.3837 ], [ 76.5159, 16.3682 ], [ 76.4833, 16.3735 ], [ 76.4789, 16.3951 ], [ 76.504, 16.395 ], [ 76.4999, 16.43 ], [ 76.478, 16.4307 ], [ 76.4763, 16.4524 ], [ 76.4636, 16.4531 ], [ 76.4578, 16.4733 ], [ 76.4307, 16.4739 ], [ 76.4341, 16.5187 ], [ 76.4188, 16.5815 ], [ 76.4538, 16.5825 ], [ 76.4521, 16.6108 ], [ 76.4632, 16.6108 ], [ 76.4677, 16.6309 ] ] ] } },
{ "type": "Feature", "properties": { "area_id": "KGIS-H-300605", "name_en": "Kodekal", "name_kn": "", "level": "panchayat", "parent_id": "KGIS-T-3006", "district_en": "Yadgir", "lgd_code": null }, "geometry": { "type": "Polygon", "coordinates": [ [ [ 76.4307, 16.4739 ], [ 76.4578, 16.4733 ], [ 76.4636, 16.4531 ], [ 76.4763, 16.4524 ], [ 76.478, 16.4307 ], [ 76.4999, 16.43 ], [ 76.504, 16.395 ], [ 76.4789, 16.3951 ], [ 76.4833, 16.3635 ], [ 76.5089, 16.3612 ], [ 76.5123, 16.3499 ], [ 76.5361, 16.3463 ], [ 76.5398, 16.3213 ], [ 76.5313, 16.311 ], [ 76.5392, 16.3123 ], [ 76.4988, 16.3017 ], [ 76.4499, 16.2759 ], [ 76.4138, 16.2505 ], [ 76.4149, 16.2416 ], [ 76.3993, 16.2396 ], [ 76.3948, 16.23 ], [ 76.3332, 16.1919 ], [ 76.3526, 16.2346 ], [ 76.3453, 16.2496 ], [ 76.3479, 16.2776 ], [ 76.3184, 16.287 ], [ 76.2997, 16.2833 ], [ 76.3028, 16.3189 ], [ 76.2915, 16.3316 ], [ 76.3142, 16.3459 ], [ 76.3045, 16.3788 ], [ 76.3096, 16.3972 ], [ 76.3343, 16.3998 ], [ 76.332, 16.4272 ], [ 76.3583, 16.4224 ], [ 76.3848, 16.4257 ], [ 76.3901, 16.4378 ], [ 76.435, 16.4358 ], [ 76.4307, 16.4739 ] ] ] } }
]
}
