tree
version=v4
num_class=1
num_tree_per_iteration=1
label_index=0
max_feature_idx=25
objective=binary sigmoid:1
feature_names=rain_1d rain_3d rain_7d rain_14d rain_30d wet_days_30d days_since_rain wet_spell_today wet_spell_seen days_since_wet_spell spell_deficit reg_rain_7d reg_dry rain_7d_vs_region doy clim_rain_doy clim_dryday_doy clim_onset_doy clim_first_cand_doy clim_false_rate onset_doy_anom rmm1 rmm2 mjo_amp mjo_phase onset_threshold_mm
feature_infos=[0:346.57876586914062] [0:964.80462646484375] [0:1936.1752166748047] [0:3242.0305023193359] [0:5169.823317527771] [0:30] [0:90] [0:1] [0:1] [0:99] [-40:1526.9935302734375] [0:206.38006867099287] [0.049535603715170282:16.606811145510836] [-206.38006867099287:1790.3473903487895] [152:274] [0.039228077977895737:78.65045166015625] [0:1] [153.82353210449219:228] [153.82353210449219:203.72727966308594] [0:0.82352942228317261] [-51.727279663085938:120.17646789550781] [-2.7230477:2.6857595000000001] [-2.8039255000000001:4.0264211000000003] [0.026713300499999999:4.2046590000000004] [1:8] [20:40]
tree_sizes=3493 3543 3516 3580 3548 3557 3538 3552 3538 3553 3550 3560 3576 3556 3554 3559 3555 3558 3552 3551 3564 3561 3554 3557 3554 3554 3564 3570 3560 3573 3572 3571 3550 3553 3556 3554 3551 3558 3550 3566 3561 3545 3558 3557 3565 3553 3553 3566 3551 3557 3560 3561 3553 3554 3568 3539 3553 3562 3564 3568 3559 3552 3534 3563 3557 3576 3581 3554 3544 3565 3561 3554 3562 3579 3564 3570 3564 3552 3571 3538

Tree=0
num_leaves=31
num_cat=0
split_feature=17 22 5 13 15 17 18 16 21 16 5 22 13 5 11 22 16 16 24 17 9 11 13 22 15 1 22 1 0 21
split_gain=69857.7 15857.7 9341.25 5544.14 4568.93 3771.31 2766.52 2286.67 2004.57 1126.42 1081.72 1036.32 1009.49 894.842 879.343 856.771 827.541 825.518 795.207 623.464 555.703 547.502 537.745 523.2 510.316 499.686 496.674 486.203 393.524 392.92
threshold=168.56278228759768 0.055660221750000009 6.5000000000000009 -15.395231913786739 9.7743926048278826 187.14091491699222 172.74019622802737 0.72058823704719555 -0.06070800124999999 0.66176471114158641 2.5000000000000004 -0.047694848849999992 -63.695709774691615 6.5000000000000009 18.035498580788683 -1.21867025 0.72058823704719555 0.80882352590560924 2.5000000000000004 186.32193756103518 37.500000000000007 45.808174089295072 -38.593676229045016 0.47169341500000006 19.744426727294925 6.3752079010009775 -1.3335217999999998 26.388872146606449 2.5833921432495122 0.30427013500000005
decision_type=2 2 2 2 2 2 2 2 2 2 2 2 2 2 2 2 2 2 8 2 2 2 2 2 2 2 2 2 2 2
left_child=4 2 6 5 11 9 26 15 10 25 20 -1 -9 22 -6 -4 27 -12 -14 -17 -8 -10 -7 -15 -16 -3 -2 -5 -13 -24
right_child=1 3 7 16 14 13 8 12 21 -11 17 28 18 23 24 19 -18 -19 -20 -21 -22 -23 29 -25 -26 -27 -28 -29 -30 -31
leaf_value=-0.44909868627289323 -0.429418972071275 -0.37884434513673437 -0.44844453505897275 -0.39008796977666715 -0.44398915765681168 -0.32670950385012554 -0.36324009806921403 -0.36703787151763601 -0.37063110887468431 -0.3636473804060345 -0.4045988726974537 -0.40782309182784071 -0.420256194630372 -0.37043445628721883 -0.46641911548992704 -0.42818974619881978 -0.37630391034817884 -0.38014569275425431 -0.3989712677628578 -0.41008071602412416 -0.39133026261297899 -0.35039402118502178 -0.35418983420764488 -0.3454841801232808 -0.48147375031192607 -0.40828630721815751 -0.39986415947055926 -0.41404998952362188 -0.43452352990744503 -0.3282183946475109
leaf_weight=6934.0376212000847 1621.3369108736515 3322.6597760170698 3540.7596152871847 8210.209918603301 2395.4952610582113 8375.2259864211082 5900.4653652757406 1767.3773318827152 7385.3697775751352 9331.9348628669977 8167.2144657075405 2999.3531860858202 6798.0855187475681 3449.0039560347795 9087.6534349620342 13567.107072129846 9785.1886037290096 5976.1277544498444 12374.043303787708 7317.6339244097471 2510.550132215023 6116.1632239371538 4508.7578005939722 5395.569041326642 14957.373448446393 2543.6974646151066 11483.869290202856 2851.3911805897951 2555.9475657194853 2159.860963344574
leaf_count=28868 6750 13833 14741 34181 9973 34868 24565 7358 30747 38851 34002 12487 28302 14359 37834 56483 40738 24880 51516 30465 10452 25463 18771 22463 62271 10590 47810 11871 10641 8992
internal_value=-0.401277 -0.38619 -0.398947 -0.366071 -0.461135 -0.354965 -0.383849 -0.41531 -0.376698 -0.374439 -0.385821 -0.436208 -0.403185 -0.342577 -0.472908 -0.425703 -0.386895 -0.394266 -0.406519 -0.421845 -0.371622 -0.361461 -0.335154 -0.355209 -0.475787 -0.39161 -0.403522 -0.396265 -0.420112 -0.345768
internal_weight=193389 154460 94526.1 59933.5 38929.9 39086.7 49161.1 45365 36055.9 15198.3 22554.4 12489.3 20939.5 23888.4 26440.5 24425.5 20846.8 14143.3 19172.1 20884.7 8411.02 13501.5 15043.8 8844.57 24045 5866.36 13105.2 11061.6 5555.3 6668.62
internal_count=805125 643051 393534 249517 162074 162727 204669 188865 150109 63274 93899 51996 87176 99453 110078 101689 86790 58882 79818 86948 35017 56210 62631 36822 100105 24423 54560 46052 23128 27763
is_linear=0
shrinkage=1


Tree=1
num_leaves=31
num_cat=0
split_feature=19 22 5 19 16 19 19 11 12 1 8 1 22 11 5 11 16 22 22 1 1 11 18 11 11 16 12 12 10 16
split_gain=63629.7 13888.4 8394.88 5339.81 4932.97 2902.29 2223.75 2059.66 1807.62 1547.74 1531.28 1288.99 1119.09 872.347 729.348 716.836 668.382 602.447 596.411 555.433 551.881 548.711 527.581 525.759 506.956 487.029 479.704 462.556 446.502 443.921
threshold=0.22058823704719546 0.055660221750000009 5.5000000000000009 0.51470589637756359 0.33823530375957495 0.51470589637756359 0.51470589637756359 15.793902891665141 5.0479876160990722 9.5519820898771304 1.0000000180025095e-35 6.5985656678676614 -1.21867025 67.392728720886808 6.5000000000000009 47.770250197269327 0.54411765933036815 -1.21867025 -0.22252412499999999 12.682733476161959 9.8725229203701037 20.631915132800589 178.01724243164065 48.929337142444808 81.848965866762242 0.72058823704719555 10.332817337461302 5.8823529411764719 1.0000000180025095e-35 0.57352942228317272
decision_type=2 2 2 2 2 2 2 2 2 2 2 2 2 2 2 2 2 2 2 2 2 2 2 2 2 2 2 2 10 2
left_child=4 2 6 11 21 17 -2 -5 16 14 22 -3 24 19 23 26 -6 -4 -10 -14 -19 -1 -8 27 -7 -11 -12 -9 -15 -13
right_child=1 3 5 7 8 12 10 9 18 25 15 29 13 28 -16 -17 -18 20 -20 -21 -22 -23 -24 -25 -26 -27 -28 -29 -30 -31
leaf_value=-0.047510415266875695 -0.00022566043855645515 0.023927888955544697 -0.044076883506095899 0.014242484968559583 -0.055904917369466262 -0.027181713204128946 0.023479157634312728 0.042383532926822454 -0.033227613287961456 0.013563560965992103 0.0071348708518643418 -0.021270757214117853 0.0042575091194953724 0.032055865838540636 0.043813224606641277 0.028580038645501363 -0.032633131721144279 -0.013276881675018799 0.0033335834609578329 -0.0143478234761702 -0.030096841972157087 -0.074062712927414801 0.041820658391095888 0.071553831291492342 0.049394170121940625 0.039418007290840579 -0.043192877616680017 0.064907966548612472 0.0048958915132813786 0.0051306317190626012
leaf_weight=2157.4433648735285 10628.01109521091 12396.414693400264 3223.7714394330978 4848.2621680349112 7317.9954313188791 4256.800748154521 5842.7335407733917 4654.1427403092384 1759.3257179409266 2962.6316149681807 7489.0833148956299 2066.0969380438328 12893.910561457276 3458.634779766202 9234.6269050389528 4687.5887210965157 5344.6087453216314 10960.419932559133 3044.324738830328 5821.800114095211 8789.5158466994762 20515.028669446707 11948.136731997132 7173.4270983189344 226.79656501114368 4734.0914050638676 504.43353296816349 4486.5500129312277 2690.4272111058235 6929.0776997208595
leaf_count=9078 44191 51331 13519 20108 30767 17793 24245 19198 7392 12299 31097 8612 53696 14361 38160 19426 22383 45771 12730 24257 36731 86792 49474 29497 943 19567 2096 18500 11207 28767
internal_value=-0.000126394 0.0145811 0.00255666 0.0334652 -0.0561532 -0.0107273 0.0194676 0.044691 -0.0361792 0.0491308 0.026336 0.0134734 -0.000308296 0.00383798 0.0550526 0.0130585 -0.0460858 -0.0240368 -0.010061 -0.00153041 -0.0207636 -0.0715383 0.0357987 0.0614116 -0.0232981 0.0294691 0.00395392 0.0534452 0.0201752 -0.00093518
internal_weight=193046 152907 93422.1 59485.3 40138.7 52322.1 41100 38093.7 17466.3 33245.5 30472 21391.6 29348.4 24864.8 25548.7 12681.1 12662.6 22973.7 4803.65 18715.7 19749.9 22672.5 17790.9 16314.1 4483.6 7696.72 7993.52 9140.69 6149.06 8995.17
internal_count=803988 634846 388807 246039 169142 218278 170529 157329 73272 137221 126338 88710 122257 103521 105355 52619 53150 96021 20122 77953 82502 95870 73719 67195 18736 31866 33193 37698 25568 37379
is_linear=0
shrinkage=0.05


Tree=2
num_leaves=31
num_cat=0
split_feature=15 22 5 13 20 13 15 5 14 12 5 24 14 22 20 23 15 13 14 12 15 14 0 24 14 23 23 20 22 5
split_gain=53439.6 13043.2 8492.61 5259.95 3459.59 3201.42 2577.85 2474.77 1899.82 1907.6 1651.67 1171.06 1157.63 1103.19 839.851 840.771 809.867 749.639 718.702 969.048 679.742 668.023 614.796 606.255 586.235 1011.8 612.696 549.235 532.749 470.154
threshold=8.3714632987976092 0.055660221750000009 7.5000000000000009 -23.024700004538236 -6.0307769775390616 -43.535206903971655 13.245591163635256 6.5000000000000009 262.50000000000006 5.4272445820433441 14.500000000000002 2.5000000000000004 158.50000000000003 -1.21867025 6.7537841796875009 1.25831 3.0745030641555791 -56.700418385374284 234.50000000000003 6.9272445820433441 3.8832997083663945 242.50000000000003 0.56970062851905834 5.5000000000000009 220.50000000000003 2.0540985000000007 1.6901442000000002 -16.793937683105465 -1.4539831499999998 2.5000000000000004
decision_type=2 2 2 2 2 2 2 2 2 2 2 8 2 2 2 2 2 2 2 2 2 2 2 8 2 2 2 2 2 2
left_child=1 2 4 7 12 29 22 -3 9 20 11 -4 27 -7 -9 -16 -15 -13 -8 -20 -5 -22 -2 -10 25 -11 -26 -1 -14 -6
right_child=6 3 10 8 5 13 18 14 23 24 -12 17 28 16 15 -17 -18 -19 19 -21 21 -23 -24 -25 26 -27 -28 -29 -30 -31
leaf_value=0.025488913654794106 -0.019500473220541159 0.055768109189537 -0.025760984686454148 0.019429102594471264 0.046207552287482329 -0.026548804809380978 -0.074356104054978209 0.064702237041031715 0.017189059181386478 0.011017224355282533 -0.037063273287327732 0.021166623153284894 0.0074490771734914106 0.0096372314136849973 0.014215720580820735 0.039391427179376146 -0.0078240102557833036 -0.0087731729653237108 -0.061819530097778734 0.0060795139917824278 -0.012497614418465402 0.022383858130595465 -0.04711032170042137 -0.018999604262046457 0.056971876781124524 0.069325888562237023 0.019376780275740909 -0.0065513159538004469 0.046189256733190936 0.022093337767062293
leaf_weight=3955.5013820081949 2843.7006700187922 17720.468590289354 10677.938924580812 7018.1754855364561 2653.3891138285398 4412.992416664958 17453.055059611797 1430.8466005325317 1526.7996872514486 3513.4150435179472 8464.6981784552336 2347.1267388015985 983.50732827186584 12605.445498287678 8155.56322927773 5590.1548560112715 14031.001581445336 19073.312334492803 2970.1870225816965 638.18119563162327 4906.7721397131681 1904.5355360358953 6945.9234962612391 4772.8102992773056 4314.9323269128799 943.05318611860275 1448.952062189579 2020.1215262264013 9124.8364541679621 8497.5423948615789
leaf_count=16294 11970 72426 44851 28954 10934 18440 75173 5879 6330 14483 35674 9747 4072 52270 33618 23024 58425 79812 12762 2715 20419 7911 29508 19771 17819 3890 5986 8424 37674 35155
internal_value=1.58807e-05 0.0114958 0.000150542 0.029227 0.0123768 0.00485606 -0.0602991 0.0430765 0.0142141 0.0206164 -0.0174171 -0.0122351 0.0321079 -0.0033971 0.0282548 0.0244564 0.000439408 -0.00549171 -0.0701537 -0.0498125 0.00850976 -0.00274242 -0.039093 -0.0102274 0.0369959 0.023369 0.047526 0.0146581 0.0424211 0.027835
internal_weight=192945 162094 98847.4 63246.5 58284.3 42200.4 30851 32897 30349.4 24049.8 40563.1 32098.4 16084 31049.4 15176.6 13745.7 26636.4 21420.4 21061.4 3608.37 13829.5 6811.31 9789.62 6299.61 10220.4 4456.47 5763.88 5975.62 10108.3 11150.9
internal_count=804410 672282 411772 260510 241688 175224 132128 134947 125563 99462 170084 134410 66464 129135 62521 56642 110695 89559 90650 15477 57284 28330 41478 26101 42178 18373 23805 24718 41746 46089
is_linear=0
shrinkage=0.05


Tree=3
num_leaves=31
num_cat=0
split_feature=19 22 17 8 13 13 19 6 21 22 17 19 21 9 6 22 22 18 19 21 22 6 22 6 21 13 4 6 19 19
split_gain=53940.9 10021 7695.59 5387.01 3848.01 2693.13 2079.88 1585.17 1473.45 1400.37 1166.01 1087.73 865.342 1073.93 847.052 809.223 778.005 554.271 510.366 493.142 472.987 454.527 392.648 378.38 378.332 484.9 358.782 319.678 311.014 276.995
threshold=0.33823530375957495 0.055660221750000009 163.60294342041018 1.0000000180025095e-35 -15.395231913786739 -45.055139483116996 0.51470589637756359 1.0000000180025095e-35 -0.12487920499999999 -0.047694848849999992 187.49073791503909 0.51470589637756359 -0.06070800124999999 35.500000000000007 1.0000000180025095e-35 -0.39234758499999994 -0.17849789999999996 177.36049652099612 0.51470589637756359 -0.26192292499999997 2.7106600000000003 1.0000000180025095e-35 -1.2466693999999998 1.5000000000000002 0.29393150000000007 -38.993787704145198 89.018010266125216 7.5000000000000009 0.57352942228317272 0.57352942228317272
decision_type=2 2 2 2 2 2 2 2 2 2 2 2 2 2 2 2 2 2 2 2 2 2 2 2 2 2 2 2 2 2
left_child=2 3 7 10 6 18 21 -1 15 23 -2 -10 13 27 -11 22 -9 -8 -5 -20 28 -3 -7 -4 25 -19 -13 -12 -6 -24
right_child=1 4 9 5 20 8 17 16 11 14 12 26 -14 -15 -16 -17 -18 24 19 -21 -22 -23 29 -25 -26 -27 -28 -29 -30 -31
leaf_value=-0.065486852175177815 0.0077943586389460327 0.0030655496807549432 -0.03914980883361785 0.00090226320507409165 0.0069383365162434228 -0.033585153143339964 0.040484191189053581 -0.054401831908820211 -0.014187500632460916 -0.024296169211394762 0.028594069177107648 0.018413221005496937 0.045984028707324841 0.0035106607385711926 0.0050091715178819446 -0.0017457640743130079 -0.023054172739464508 0.060187261911763372 0.010268221377493005 0.03571533570821013 0.073433573200204702 0.02859925089440752 -0.023768856402717631 -0.021822944889190739 0.063366051352477387 0.03671362834228329 0.0026418564287276382 0.052026996793803452 0.020331692394545506 -0.0095672212272325859
leaf_weight=22977.284624144435 7307.6328607648611 2295.4030735045671 7294.5701307654381 2678.2933645993471 9545.8680530339479 4892.0322921872139 10228.015695676208 4183.4440314769745 7210.7816180437803 4145.0163656175137 5537.8855177015066 6402.1979718506336 6552.3912711441517 4333.1262660175562 6083.7712072134018 7262.2592870444059 3760.6341756880283 4313.8917461633682 3064.9436495155096 5029.2911308705807 329.16842034459114 7243.3235926181078 7306.6564306467772 5555.525335341692 7751.9638547301292 4505.3022481948137 8255.8687679171562 1977.2805283665657 7941.2051791399717 6480.5599871426821
leaf_count=100447 30263 9466 30941 11196 39438 20670 41649 18076 30294 17407 22728 26543 26847 17894 25217 30331 16032 17489 12677 20716 1345 29685 30644 23425 31478 18354 34475 8095 32716 27011
internal_value=-0.000137585 0.0163948 -0.0425226 0.00561233 0.0331772 -0.00276118 0.0425097 -0.0588292 -0.00784999 -0.0206731 0.0246929 0.00171011 0.0314031 0.0233363 -0.00686746 -0.015909 -0.039567 0.0496464 0.0198225 0.0260821 0.0141415 0.0224558 -0.021415 -0.0316611 0.0552987 0.0482012 0.0095311 0.0347655 0.0130213 -0.0170947
internal_weight=192446 138445 54000.2 84291.2 54154.1 58582.9 36337.9 30921.4 47810.4 23078.9 25708.3 21868.8 18400.7 11848.3 10228.8 25941.5 7944.08 26799.2 10772.5 8094.23 17816.2 9538.73 18679.2 12850.1 16571.2 8819.19 14658.1 7515.17 17487.1 13787.2
internal_count=803549 572004 231545 350384 221620 244557 148121 134555 199968 96990 105827 91312 75564 48717 42624 108656 34108 108970 44589 33393 73499 39151 78325 54366 67321 35843 61018 30823 72154 57655
is_linear=0
shrinkage=0.05


Tree=4
num_leaves=31
num_cat=0
split_feature=16 16 24 24 14 20 15 24 18 20 5 1 24 18 14 1 1 1 21 21 14 18 14 20 11 20 21 14 24 21
split_gain=49357.3 9971.31 4987.18 3555.4 3066.58 2863.76 2759.47 2347.56 1571.08 1274.87 1126.51 989.451 879.723 772.938 771.983 721.95 711.438 675.678 657.177 616.346 506.634 492.397 485.772 475.823 438.032 416.456 449.876 412.449 393.217 377.879
threshold=0.51470589637756359 0.72058823704719555 3.5000000000000004 4.5000000000000009 261.50000000000006 8.1695404052734393 15.478336334228517 3.5000000000000004 171.83396911621097 -3.4393386840820308 5.5000000000000009 9.2377621904015559 2.5000000000000004 172.74019622802737 158.50000000000003 9.8725229203701037 9.8725229203701037 6.4897844046354303 0.60944152000000018 -0.22205014999999997 255.50000000000003 172.31801605224612 249.50000000000003 78.784561157226577 34.302798560656178 80.784561157226577 0.20585595000000004 260.50000000000006 3.5000000000000004 0.50852495500000006
decision_type=2 2 8 10 2 2 2 10 2 2 2 2 8 2 2 2 2 2 2 2 2 2 2 2 2 2 2 2 8 2
left_child=6 3 5 8 7 21 15 9 16 14 25 19 -12 -9 -4 -1 28 27 20 -11 -7 -3 -15 -8 -25 26 -10 -5 -2 -6
right_child=1 2 4 17 29 18 23 13 10 11 12 -13 -14 22 -16 -17 -18 -19 -20 -21 -22 -23 -24 24 -26 -27 -28 -29 -30 -31
leaf_value=-0.02614609918044461 -0.021527786770516977 -0.0016526572284260401 0.013059442322352961 0.031424399929052854 -0.015665621462329828 -0.010733777961336399 -0.071392419638422092 0.028360979568869488 0.0093400885082770019 0.014668890766662977 -0.029605453423394192 0.0038386688669712916 -0.0018187432072780581 0.053444303754599798 0.051689016229355379 -0.047885687181583876 -0.027547715721345914 0.0053732898184047865 0.025771219707903987 0.032403345135263016 -0.039913888276475164 0.026775641073162257 0.029014122060801107 -0.024686672617114585 -0.065694098792532282 -0.017202838800224909 0.034395386443276686 0.0047326245660631707 -0.0049716521883995841 0.0094009363192079747
leaf_weight=6202.3922250270844 5577.1588311046362 1808.8385848999023 1651.2959037423134 7639.6320229917765 3234.538653165102 11110.811040878296 15359.778860002756 5098.6063314080238 5927.0557520240545 7888.9653389006853 3755.2505942732096 6898.791582942009 11787.110234335065 16143.262164250016 5978.7566535919905 9956.8889257609844 10854.832264751196 6458.7976745069027 1090.6448667347431 12938.5237429142 1716.7536431401968 9640.6027362495661 2332.7966760247946 1123.0850251913071 1554.940487280488 998.78966301679611 2567.4633672833443 1785.9854628890753 10046.287545084953 2807.7053066045046
leaf_count=26499 23617 7551 6790 31227 13385 46440 68957 20896 24419 32431 15908 28518 49065 65565 24360 43297 46024 26794 4530 52934 7219 39653 9546 4930 6946 4138 10494 7363 41973 11578
internal_value=-9.93907e-05 0.0117064 0.0225645 -0.002848 0.029905 0.00376323 -0.054554 0.0333831 -0.00922495 0.025233 -0.000244937 0.0202511 -0.00853387 0.0456047 0.0433316 -0.0395435 -0.0177154 0.0178321 -0.0114734 0.025687 -0.0146419 0.0222846 0.0503615 -0.0679984 -0.0485124 0.0133251 0.0169162 0.0263678 -0.0108828 -0.00401808
internal_weight=191936 157739 90340.9 67398.4 64973.2 25367.7 34197.1 58931 51513.9 35356.3 25035.7 27726.3 15542.4 23574.7 7630.05 16159.3 26478.3 15884.4 13918.2 20827.5 12827.6 11449.4 18476.1 18037.8 2678.03 9493.31 8494.52 9425.62 15623.4 6042.24
internal_count=803047 652418 371396 281022 266003 105393 150629 241040 215638 145033 104024 113883 64973 96007 31150 69796 111614 65384 58189 85365 53659 47204 75111 80833 11876 39051 34913 38590 65590 24963
is_linear=0
shrinkage=0.05


Tree=5
num_leaves=31
num_cat=0
split_feature=19 22 17 20 13 13 20 12 19 17 24 20 20 12 18 24 22 22 0 22 19 20 5 24 19 24 12 0 20 12
split_gain=45951.3 8765.73 6691.78 6516.99 3279.06 3183.23 2679.73 1909.09 1771.7 1416.74 1412.12 1260.37 917.985 897.208 834.987 821.845 695.988 604.302 578.032 544.945 540.656 540.045 504 478.857 469.703 451.094 603.623 443.939 414.926 398.515
threshold=0.33823530375957495 0.055660221750000009 163.60294342041018 3.4155578613281254 -43.535206903971655 -15.395231913786739 77.333641052246108 4.7275541795665648 0.51470589637756359 187.51667022705081 2.5000000000000004 74.476669311523452 76.857505798339858 6.8452012383900938 184.5334396362305 5.5000000000000009 -0.20170999999999997 -0.22252412499999999 0.88166773319244396 -0.16837660999999995 0.51470589637756359 84.123107910156264 7.5000000000000009 2.5000000000000004 0.57352942228317272 3.5000000000000004 6.3699690402476792 0.62507152557373058 7.2383346557617196 10.332817337461302
decision_type=2 2 2 2 2 2 2 2 2 2 8 2 2 2 2 10 2 2 2 2 2 2 2 8 2 8 2 2 2 2
left_child=2 3 6 9 20 8 -1 -8 27 -2 13 15 18 -6 22 28 -13 29 -10 -9 -5 24 -12 -22 -7 26 -11 -3 -4 -15
right_child=1 5 11 4 10 21 7 19 12 25 14 16 -14 17 -16 -17 -18 -19 -20 -21 23 -23 -24 -25 -26 -27 -28 -29 -30 -31
leaf_value=-0.065883552482578642 0.0084110382062837288 0.029672952567034394 -0.016284886070426316 0.00016731343042190939 -0.027134976044801775 0.0092279830770584 -0.050138907876403918 -0.030318222266209408 0.053022034063616434 0.023024431979315411 0.0010231191157723258 -0.018752439241469798 0.017099640002725243 0.0068184779881765847 0.015464634903973247 -0.0017655449277241123 0.014660300975991473 0.055848445388080439 0.035409300209111393 0.011069749749546859 0.0042166060502101393 -0.0025535725562415442 -0.013304609099719726 0.028773968909658346 0.027799763179910147 0.044680007297202382 0.065031890129073983 0.0079015362162253907 -0.036561636787246873 -0.028576416401025165
leaf_weight=20057.758421584964 6650.5917110145092 5607.7758289277554 3327.1083327382803 3451.8698460161686 13688.204115733504 7171.4791010916233 6418.5664504766464 1247.902904972434 18281.309423193336 7427.4810987710953 10948.254230871797 2837.4699181318283 2567.7683744877577 2062.6194671094418 4953.8920819461346 2755.8796280771494 3455.3266202062368 433.4027202129364 6263.9500323981047 2188.9488538056612 2612.6982305496931 4147.2611923068762 13968.028891220689 8268.0244892090559 6483.0997198224068 7616.7324206382036 965.98864361643791 4021.115386813879 10469.867702767253 1292.9601799845695
leaf_count=91389 27513 22815 14026 14415 57969 29498 28543 5483 73626 30374 45381 12144 10419 8632 20497 11486 14408 1805 25307 9435 10807 17131 58684 33776 26487 30979 3944 16498 44801 5428
internal_value=-0.000107839 0.0149823 -0.0398312 0.00488055 -0.00354396 0.0306022 -0.055393 -0.034038 0.0390099 0.0278102 -0.00988685 -0.0194538 0.0455531 -0.0211751 -0.00328157 -0.0266945 -0.000406344 0.000357446 0.0485289 -0.00396245 0.0174088 0.0132479 -0.00700919 0.0228781 0.0180471 0.0358675 0.0278662 0.0205828 -0.0316735 -0.00682421
internal_weight=191643 138885 52758.8 84340.7 61680 54543.8 29913.2 9855.42 36741.9 22660.8 47347.4 22845.7 27113 17477.2 29870.2 16552.9 6292.8 3788.98 24545.3 3436.85 14332.6 17801.8 24916.3 10880.7 13654.6 16010.2 8393.47 9628.89 13797 3355.58
internal_count=803700 571985 231715 350204 257394 221781 134850 43461 148665 92810 198396 96865 109352 73834 124562 70313 26552 15865 98933 14918 58998 73116 104065 44583 55985 65297 34318 39313 58827 14060
is_linear=0
shrinkage=0.05


Tree=6
num_leaves=31
num_cat=0
split_feature=17 22 5 15 13 17 13 13 14 12 17 22 17 14 21 21 14 12 14 14 14 12 21 14 17 14 5 14 23 14
split_gain=41751.6 8565.83 5484.85 3392.42 3268.25 2219.94 1624.64 1566.84 1605.59 1379.27 1309.88 1148.63 1059.1 1264.06 883.37 878.201 856.738 848.588 827.247 725.794 689.62 875.721 650.933 627.795 883.189 622.429 574.911 564.118 483.227 469.281
threshold=168.56278228759768 0.066633861500000016 5.5000000000000009 12.646073341369631 -11.049383616780979 187.49073791503909 -50.183885513386763 -31.999912161772183 199.50000000000003 5.0479876160990722 186.711540222168 -1.21867025 187.091667175293 180.50000000000003 -0.12487920499999999 -0.087392471699999988 261.50000000000006 3.9659442724458209 263.50000000000006 233.50000000000003 235.50000000000003 5.1904024767801866 0.41705139000000008 243.50000000000003 186.32193756103518 235.50000000000003 2.5000000000000004 266.50000000000006 1.4620874500000001 185.50000000000003
decision_type=2 2 2 2 2 2 2 2 2 2 2 2 2 2 2 2 2 2 2 2 2 2 2 2 2 2 2 2 2 2
left_child=3 2 7 9 5 17 -4 26 10 -1 -9 -8 25 -14 -15 28 29 -3 23 -11 -5 -22 -18 24 -6 -13 -2 -21 -10 -7
right_child=1 4 6 20 18 16 11 8 15 19 -12 12 13 14 -16 -17 22 -19 -20 27 21 -23 -24 -25 -26 -27 -28 -29 -30 -31
leaf_value=-0.04082088045651678 0.040962751248504535 0.0084596247001461622 0.013203192982521442 -0.066735607601800292 -0.010099467047945178 0.057161901089689875 -0.031050316117597728 -0.00026122866997149079 -0.010615353791946305 -0.032899521229656212 0.028594739785994628 -0.024239632751526005 0.037411496536800447 -0.017365758567979922 0.0056266162906427738 0.011758959756385197 -0.020160962819221875 0.030319392371866601 -0.014214299758244026 0.021092475531529351 -0.058766099568694885 -0.0042423574536618863 0.03698898489187416 0.028046200111006354 0.021527029977850956 -0.0061551357963110674 0.020725170504370775 -0.031824621253166638 -0.04207261565273071 0.041029275078418609
leaf_weight=11021.118061408401 5625.1913398355246 8771.0191212892532 7209.2232584357262 16487.559722334146 4565.2340110838413 6032.456435546279 6950.584961026907 6305.6049448400736 4902.4466120302677 1769.9883124828339 10450.119267344475 11931.637384831905 1970.5196767896414 7707.2175755053759 9119.4092763662338 3807.9370071738958 910.42206677794456 8991.3766681700945 3539.9587363302708 2065.3446273058653 2427.370837032795 1057.2131920009851 1098.2646576017141 4551.4592079669237 4272.3896610289812 7914.5834797769785 9339.8926929533482 664.9934388846159 1625.13110268116 17948.323062807322
leaf_count=48695 22875 35859 29780 77531 18926 24219 29900 26182 20408 7734 42487 50824 8110 32400 37930 15684 3716 36616 14655 8851 11199 4647 4450 18637 17426 33551 38198 2833 6855 72204
internal_value=9.68022e-05 0.011263 0.00187831 -0.048835 0.0259335 0.0331514 -0.00885157 0.0153499 0.00817656 -0.0312971 0.0177361 -0.012339 -0.00897281 -0.000467307 -0.00490515 -0.00732145 0.0424624 0.0195262 0.00727841 -0.00796995 -0.0624623 -0.0422297 0.0110891 0.0129615 0.0051905 -0.0170283 0.0283345 0.0081972 -0.0184523 0.0450897
internal_weight=191034 155540 94859.5 35493.6 60680.9 43751.9 52803.2 42056.3 27091.2 15521.4 16755.7 45594 38643.4 18797.1 16826.6 10335.5 25989.5 17762.4 16929 4500.33 19972.1 3484.58 2008.69 13389.1 8837.62 19846.2 14965.1 2730.34 6527.58 23980.8
internal_count=803382 641892 395184 161490 246708 177064 222495 172689 111616 68113 68669 192715 162815 78440 70330 42947 104589 72475 69644 19418 93377 15846 8166 54989 36352 84375 61073 11684 27263 96423
is_linear=0
shrinkage=0.05


Tree=7
num_leaves=31
num_cat=0
split_feature=16 16 24 13 16 4 24 14 12 24 14 24 13 14 13 1 1 21 12 12 11 12 14 21 14 11 4 14 12 14
split_gain=38418.6 7750.41 3531.47 3108.76 2569.66 1833.18 1629.7 1642.22 1254.3 1219.44 1047.41 1018.31 851.928 813.297 766.031 661.079 619.222 587.243 630.531 547.066 466.212 463.283 436.653 429.231 411.241 382.381 405.992 381.522 543.83 344.707
threshold=0.51470589637756359 0.75000000000000011 4.5000000000000009 -36.138513235554051 0.27941177785396581 66.315099224448218 2.5000000000000004 199.50000000000003 4.3854489164086692 3.5000000000000004 263.50000000000006 3.5000000000000004 -6.53272132332157 180.50000000000003 -33.862050147456088 5.9182875156402597 12.063337847590448 -0.65693205499999985 7.0015479876161004 5.0015479876161004 32.570528774992241 5.7941176470588251 236.50000000000003 0.54695698500000012 171.50000000000003 74.692760363878577 33.990159798413522 234.50000000000003 6.9272445820433441 196.50000000000003
decision_type=2 2 10 2 2 2 8 2 2 10 2 8 2 2 2 2 2 2 2 2 2 2 2 2 2 2 2 2 2 2
left_child=4 2 5 9 27 14 7 21 -6 13 15 -7 19 -3 24 23 -13 18 -15 20 -4 -5 -10 -8 -2 26 -19 -1 -29 -26
right_child=1 3 12 6 8 11 10 -9 22 -11 -12 16 -14 17 -16 -17 -18 25 -20 -21 -22 -23 -24 -25 29 -27 -28 28 -30 -31
leaf_value=-0.065740961648453694 0.046272895101347362 0.047302349826825969 -0.012393961116749624 0.0066219532068858113 -0.045768136213595739 -0.024433692952515695 0.023383646707040392 -0.024068993088918213 -0.026525024998301519 0.050461163766417419 -0.0089983587262695321 -0.00058872715586503967 0.0022272947959903881 -0.0054896056193667157 -0.0011979862659730065 0.012671441971669953 -0.016116363172565287 0.037245238354172955 0.068124478926578844 0.036584903403448658 0.021385954697277738 0.037271056112402064 0.0021670280431209969 0.040136133018211131 -0.0062074279480620748 0.038565788548443419 0.011584486303574039 -0.055270449916861843 0.0069270918027512845 0.019696415532517515
leaf_weight=14906.221396133304 1075.6809774339199 4229.505161896348 1189.3959966599941 5362.9247994869947 9446.5038687735796 12587.057057082653 14273.009518504143 4917.4610171765089 3656.9581174850464 8895.4655803889036 2926.4970986545086 15211.524242669344 5960.800043001771 2651.2040730565786 18030.801597550511 11291.484004199505 11109.096645832062 2300.8216245025396 325.72281865775585 5785.5420778393745 7206.8737005889416 1600.3031292110682 2079.8410776406527 5226.7436671853065 1734.3446485847235 4658.1323139965534 4670.5926437675953 1984.5042851120234 426.77841466665268 4943.7193587273359
leaf_count=72013 4396 17100 4871 22148 42631 54237 58045 20940 16103 35746 12122 63426 24726 10931 75032 46289 47039 9287 1319 23428 29312 6579 9020 21213 7141 18838 19088 9312 1866 20218
internal_value=-7.67613e-05 0.0100974 -0.000192964 0.0220022 -0.0495881 -0.00588535 0.0139732 -0.00195094 -0.0345694 0.0352032 0.019584 -0.0127371 0.0180887 0.0279952 0.00445368 0.0223008 -0.00714281 0.0224016 0.00258511 0.0247549 0.0165999 0.0136701 -0.0161243 0.0278758 0.0175947 0.0274736 0.0200576 -0.0627532 -0.0442637 0.0129691
internal_weight=190666 158165 84834.8 73329.9 32500.8 64692.2 45598.4 11880.7 15183.3 27731.4 33717.7 38907.7 20142.6 18836 25784.5 30791.2 26320.6 14606.5 2976.93 14181.8 8396.27 6963.23 5736.8 19499.8 7753.74 11629.5 6971.41 17317.5 2411.28 6678.06
internal_count=804416 653471 353826 299645 150945 271489 187336 49667 67754 112309 137669 164702 82337 76563 106787 125547 110465 59463 12250 57611 34183 28727 25123 79258 31755 47213 28375 83191 11178 27359
is_linear=0
shrinkage=0.05


Tree=8
num_leaves=31
num_cat=0
split_feature=19 16 22 5 16 22 21 12 22 0 16 11 17 16 19 12 5 12 11 23 11 17 11 21 6 10 10 22 19 12
split_gain=35284.9 6997.8 6419.87 3632.73 1884.7 1541.13 1308.56 904.36 884.072 845.525 831.704 811.317 767.302 747.871 745.193 700.4 644.343 599.859 632.81 560.025 512.811 485.704 469.229 454.056 386.994 347.315 344.912 335.709 331.85 330.537
threshold=0.33823530375957495 0.39705882966518408 0.055660221750000009 6.5000000000000009 0.75000000000000011 0.030713726750000003 -0.06070800124999999 3.9953560371517032 -1.21867025 1.7678380608558657 0.83823528885841381 47.266789810287982 187.78333282470706 0.1911764740943909 0.51470589637756359 5.1904024767801866 1.5000000000000002 5.4272445820433441 12.778281696572909 1.5895577000000003 72.489355760012359 159.91176605224612 12.778281696572909 0.66002536000000012 1.5000000000000002 -6.7490405589342108 -17.57425055503845 -0.19567234999999997 0.57352942228317272 6.45046439628483
decision_type=2 2 2 2 2 2 2 2 2 2 2 2 2 2 2 2 2 2 2 2 2 2 2 2 2 10 10 2 2 2
left_child=1 13 3 6 9 21 10 -7 23 22 16 17 -8 -1 -10 -15 -2 -6 -19 26 25 -3 -4 -5 -23 -16 -13 -17 -24 -14
right_child=2 5 4 8 11 7 12 -9 14 -11 -12 19 29 15 20 27 -18 18 -20 -21 -22 24 28 -25 -26 -27 -28 -29 -30 -31
leaf_value=-0.064493081968493002 0.017685847422790762 -0.051997231284823843 0.0032885909314044632 -0.029993820370295129 0.016892947254756839 -0.018383017272444544 0.0090606489996163907 0.0096697571776144398 -0.013929457838101551 0.0045053100106750609 0.021828139833958218 0.048930617392829244 0.03447672407222984 -0.054771765278831444 0.0042657338286996617 -0.046638193004096717 -0.0025675149027308483 0.0091255327196773581 0.044587081124863898 0.065636713592169202 0.017767868960219074 -0.032822649619882516 0.02056820256060668 0.02511789831029318 -0.016332074047617103 -0.010576281156506473 0.030719915539589301 -0.012650950506363482 0.035514256189407359 0.0094856344415168749
leaf_weight=12552.290221586823 5134.9930197447538 1983.7808648943901 2545.9303079396486 5037.7066214233637 7035.3652329444885 5995.8049425333738 5651.725162550807 5514.3073243796825 12068.159378096461 9090.6641345918179 7170.0110590159893 5004.8748693913221 10629.009293168783 7186.4771921783686 9035.9718465954065 1203.0854812711477 16682.052510052919 1592.0996513515711 6005.6923049539328 2543.7804489731789 4017.3329216241837 8138.5931926369667 9458.6197938024998 402.93258294463158 6326.8415883481503 6989.9024297446012 5429.7101520895958 1834.786739513278 6121.9422888308764 1512.2395022660494
leaf_count=62356 20972 9074 10420 21896 28406 25714 23233 23032 51427 37248 29211 20045 43014 34278 37633 5577 69174 6475 24123 10203 16546 35865 38356 1704 27309 29408 21828 8335 24667 6130
internal_value=-4.41992e-05 -0.0357387 0.0129697 0.00431026 0.0262884 -0.0189776 0.0136079 -0.00494372 -0.00727218 0.0169503 0.00705567 0.0354921 0.0242812 -0.0563119 -0.00411393 -0.0462626 0.00220003 0.0274169 0.0371584 0.0445941 0.00179647 -0.0287968 0.023191 -0.0259084 -0.0256117 -0.00220807 0.0394584 -0.0261218 0.0264427 0.031365
internal_weight=189897 50736 139161 84332 54828.7 27959.3 46780 11510.1 37552 27217.2 28987.1 27611.5 17793 22776.6 32111.4 10224.3 21817 14633.2 7597.79 12978.4 20043.2 16449.2 18126.5 5440.64 14465.4 16025.9 10434.6 3037.87 15580.6 12141.2
internal_count=803659 231540 572119 350348 221771 120994 191734 48746 158614 110691 119357 111080 72377 110546 135014 48190 90146 59004 30598 52076 83587 72248 73443 23600 63174 67041 41873 13912 63023 49144
is_linear=0
shrinkage=0.05


Tree=9
num_leaves=31
num_cat=0
split_feature=19 19 14 24 15 14 21 24 1 14 1 1 13 14 11 14 13 24 21 11 11 24 14 24 17 13 1 24 11 24
split_gain=32851.7 7079.19 4272.98 4152.9 3381.23 2439.63 2107.46 2024.04 978.712 888.741 835.444 753.908 743.946 658.662 651.751 798.196 626.956 612.873 661.191 608.901 603.849 524.364 524.939 501.869 462.465 461.832 449.167 445.801 412.668 360.21
threshold=0.22058823704719546 0.51470589637756359 261.50000000000006 3.5000000000000004 12.646073341369631 180.50000000000003 -0.11925592499999998 4.5000000000000009 9.8725229203701037 235.50000000000003 13.091882109642031 2.9416559934616093 -38.190369529021041 235.50000000000003 40.385965296750662 264.50000000000006 -28.604888029857864 4.5000000000000009 0.50852495500000006 34.302798560656178 14.008156353618409 3.5000000000000004 237.50000000000003 4.5000000000000009 198.50980377197268 -38.190369529021041 8.7907625436782855 7.5000000000000009 8.531781322423706 1.5000000000000002
decision_type=2 2 2 10 2 2 2 10 2 2 2 2 2 2 2 2 2 8 2 2 2 8 2 8 2 2 2 10 2 10
left_child=4 7 3 5 9 12 10 8 21 27 25 -8 -3 -6 15 23 -5 -4 -19 -15 -20 -2 -23 -11 -14 -7 -9 -1 -24 -27
right_child=1 2 17 16 13 6 11 26 -10 14 -12 -13 24 19 -16 -17 -18 18 20 -21 -22 22 28 -25 -26 29 -28 -29 -30 -31
leaf_value=-0.041796026672711407 -0.013580466054818449 0.050543487369624752 -0.034003977881199264 0.045522770900236445 -0.062724731907362538 0.01325675649007719 0.029997021463556123 0.019323367540325861 -0.019942587567251108 -0.024548785203532979 -0.018282734031878644 0.011244709889181602 0.018783810934900846 -0.014188918173675511 -0.033069514642102442 -0.029986387157858698 0.029759271225602603 -0.01816083406585477 -0.034181577212565047 -0.05750126621292137 0.024225372115482334 -0.0051355674408464771 -0.041465922299574347 0.022079897997226247 0.039200772006660944 0.0023897708366715422 -0.00038980417252656741 0.0041471235225895428 0.016796882870434394 -0.017734947104104098
leaf_weight=7995.8242923170328 9343.83256316185 3748.5548616200686 2657.2196919620037 13828.513932645321 15199.220064848661 7833.0205694884062 10320.158837422729 8563.5325749665499 15478.661124780774 758.95402216911316 5466.3002743571997 11154.108044445515 8799.0031064748764 1477.5723175555468 3328.1475897431374 1923.5064093917608 11616.298973783851 4335.5340065807104 548.02117818593979 1801.2472512573004 2281.6985753029585 11125.209091484547 321.14275808632374 2397.7826708108187 4052.282447218895 9762.2016653716564 4360.84757989645 565.15042993426323 5388.2282588332891 2878.2320770770311
leaf_count=36228 39879 15086 11281 55522 77475 31972 41822 34740 66410 3417 23108 45774 35767 6788 15138 8450 46964 17930 2259 8889 9287 46101 1339 10405 16344 40349 18023 2476 22467 12288
internal_value=-0.000145976 0.0098515 0.0178036 0.0212407 -0.0435399 0.0144484 0.00867247 -0.00461305 -0.00997614 -0.0274232 -0.000918813 0.0202577 0.0309445 -0.0583386 -0.0158743 -0.00460519 0.0383277 -0.0134995 -0.00589182 -0.0379932 0.0129058 -0.00408268 0.00118944 0.010865 0.0252243 0.00371793 0.0126724 -0.038763 0.013513 -0.00219368
internal_weight=189310 153863 99281.1 89458.7 35447.4 64013.9 47414 54581.5 41657.1 16969.4 25939.8 21474.3 16599.8 18478 8408.39 5080.24 25444.8 9822.47 7165.25 3278.82 2829.72 26178.4 16834.6 3156.74 12851.3 20473.5 12924.4 8560.97 5709.37 12640.4
internal_count=803978 634712 405753 364996 169266 262510 195313 228959 176196 76114 107717 87596 67197 93152 37410 22272 102486 40757 29476 15677 11546 109786 69907 13822 52111 84609 52763 38704 23806 52637
is_linear=0
shrinkage=0.05


Tree=10
num_leaves=31
num_cat=0
split_feature=17 18 14 13 1 21 14 11 14 13 5 17 14 21 11 14 21 21 14 15 14 4 11 14 6 21 3 11 18 14
split_gain=30032.8 5703.15 2817.13 2716.84 2679.82 1463.63 1463.44 1244.83 1194.97 985.31 809.691 804.945 776.543 659.439 588.403 531.617 492.611 486.048 458.098 434.095 474.797 411.41 403.698 348.984 469.737 343.478 309.692 288.302 281.972 278.746
threshold=167.31060028076175 177.36049652099612 234.50000000000003 -16.522911063634755 6.9850566089153299 -0.11077783999999999 196.50000000000003 40.385965296750662 187.50000000000003 -45.594515514436054 4.5000000000000009 161.37132263183597 173.50000000000003 -1.5734585999999997 54.128781830597873 265.50000000000006 0.56307989500000011 0.51909596000000013 175.50000000000003 3.4220036268234257 209.50000000000003 239.04111241549256 9.5080668581966847 262.50000000000006 7.5000000000000009 -1.0846349999999998 4.2901898622512826 97.424542144990468 158.11765289306643 261.50000000000006
decision_type=2 2 2 2 2 2 2 2 2 2 2 2 2 2 2 2 2 2 2 2 2 2 2 2 2 2 2 2 2 2
left_child=2 4 11 5 9 8 -5 15 -3 18 -7 -1 14 -8 -6 28 -15 23 -2 -14 -21 -9 -18 24 -11 -13 -10 -28 -4 -12
right_child=1 3 7 6 12 10 13 21 26 17 29 25 19 16 -16 -17 22 -19 -20 20 -22 -23 -24 -25 -26 -27 27 -29 -30 -31
leaf_value=-0.062062442119247767 0.047686589203989917 0.033462225398706538 -0.012024482329968738 0.022989194369527802 -0.0037951411796505832 0.04582490858319932 -0.045402130219473119 -0.020562048653471478 0.024375832652001286 -0.0016789597945040008 0.029672811751026085 -0.016510552842718261 -0.0055429694415938596 -0.0051630047224780276 0.030972105623528236 -0.034039078051924014 -0.035006933322280109 0.013996097192802426 0.016904452797471006 -0.029839654862048228 -0.012794528108202842 -0.053361537245471526 0.02021463782268744 -0.016068245580317209 0.012242126132712078 -0.046225831462012146 0.0029023703411535447 0.042545056813938859 0.012556797168174379 0.005935673091433856
leaf_weight=13922.454892247915 1379.3103108853102 7224.1072795540094 2570.8053209483624 8700.1536088585854 4319.5712983161211 10316.267000958323 842.31769281625748 1362.5278817564249 2428.0481472909451 19773.843834027648 12504.88058398664 1167.2210313379765 10389.938079476357 11775.286422356963 1693.1898419857025 1624.8551363348961 363.32963061332703 9245.7369757890701 9747.0785799175501 6029.476453229785 12677.558875307441 3218.0737997144461 3621.7836589962244 2747.6136742383242 8736.0270879417658 5872.3522316664457 10465.790403828025 478.66082993149757 2134.2430950850248 1373.1485021561384
leaf_count=72600 5566 29148 11809 35257 17925 41434 3581 6205 9857 82402 50637 5494 43419 49202 7007 7236 1490 37918 39718 26038 54153 15746 14889 11510 36029 28085 43139 1936 9349 5608
internal_value=-0.000122037 0.0088702 -0.0443684 0.0194767 0.000298995 0.0268752 0.00637935 -0.0237609 0.0170779 0.00754629 0.0352147 -0.0550928 -0.0103582 -0.0023254 0.00599882 -0.0093913 -2.04186e-05 0.0039258 0.0207244 -0.0137384 -0.0182897 -0.0436117 0.0151725 0.000946726 0.00258703 -0.0413018 0.00822491 0.00463989 -0.000873942 0.0273248
internal_weight=188706 156833 31872.5 70093.8 86739.3 44790.9 25302.9 10910.5 20596.6 51629.6 24194.3 20962 35109.7 16602.7 6012.76 6329.9 15760.4 40503.2 11126.4 29097 18707 4580.6 3985.11 31257.5 28509.9 7039.57 13372.5 10944.5 4705.05 13878
internal_count=804387 647863 156524 286178 361685 181759 104419 50345 84080 213143 97679 106179 148542 69162 24932 28394 65581 167859 45284 123610 80191 21951 16379 129941 118431 33579 54932 45075 21158 56245
is_linear=0
shrinkage=0.05


Tree=11
num_leaves=31
num_cat=0
split_feature=17 19 22 20 20 22 20 21 12 19 20 12 13 20 13 21 12 4 22 22 20 17 20 0 23 0 13 22 10 20
split_gain=27709.2 6355.26 3864.17 3305.65 2414.78 2319.95 2110.94 1877.37 1654.2 1174.51 1009.18 957.597 732.93 709.026 675.152 543.474 525.279 486.497 474.159 462.947 463.993 440.25 423.309 623.12 421.491 407.922 389.353 380.52 389.98 362.4
threshold=168.56278228759768 0.51470589637756359 0.055660221750000009 5.3230590820312509 76.348884582519545 -0.17849789999999996 77.815338134765639 -0.11925592499999998 4.7275541795665648 0.10294117778539659 -1.439338684082031 3.4721362229102173 -31.29270957372275 82.209007263183608 -15.395231913786739 0.51909596000000013 2.1965944272445825 89.925246637314572 -0.16837660999999995 -0.15288999499999997 18.671569824218754 162.51470947265628 54.864372253417976 0.62507152557373058 1.2220550500000003 0.88166773319244396 -29.258199989922549 -0.94543605999999991 -14.565434187650679 94.161460876464858
decision_type=2 2 2 2 2 2 2 2 2 2 2 2 2 2 2 2 2 2 2 2 2 2 2 2 2 2 2 2 8 2
left_child=4 5 3 27 9 10 14 12 21 -1 -2 -7 -5 17 25 -8 -12 -9 -10 20 -14 -6 23 24 -13 -4 -18 -3 -29 -24
right_child=1 2 6 7 8 11 15 13 18 -11 16 22 19 -15 -16 -17 26 -19 -20 -21 -22 -23 29 -25 -26 -27 -28 28 -30 -31
leaf_value=-0.060091192903561942 0.0050585342781781879 0.015654493724926322 0.041418086423994555 0.0024821788455564086 -0.045082166136172983 -0.0050054956266470151 -0.012272621284394481 0.022585926057704181 -0.020846442355392868 -0.034673351338136919 -0.031172748205039288 0.0052187736947960995 0.0030299005153744596 -0.011349058142060039 0.021018947195075313 0.017765623600628291 -0.0033343476157213104 0.0057414027584392529 0.014963046355973937 0.0065324826633223121 -0.024615814735298402 -0.016701640043574838 0.029143677360948951 -0.010066805359639712 0.032994043570175963 0.02668087202247681 -0.019972627981888043 0.038778362025330491 0.020991728980193133 0.0007357019539465363
leaf_weight=14521.843213230371 5125.6005008816719 6107.4515361487865 18457.738094300032 7740.7441843599081 5337.6310900002718 12508.698572009802 3291.6519988924265 9822.7275897413492 1434.4601135551929 6622.866810336709 6769.2479930073023 3271.2715105414391 1788.9207783043385 2928.9221011698246 8083.7395665198565 2773.7940779626369 5212.5935690701008 7606.3676172196865 2595.6023439466953 1841.2676313817501 10003.401615917683 1838.7496486008167 5252.7089620679617 3496.0797046720982 2344.5672028809786 6308.2663136720657 10805.824619784951 6949.6107715070248 5545.1970553994179 1427.8188052475452
leaf_count=77737 21239 24733 74074 31952 26263 52009 13515 39830 6526 31422 29514 13370 7513 12223 32678 11234 22132 31411 11261 7703 42807 8262 21541 14531 9482 25321 46778 27946 22407 5913
internal_value=-8.73027e-05 0.00867361 0.0162817 0.00835813 -0.042187 -0.00475901 0.028566 0.000544189 -0.0234197 -0.0521319 -0.0149866 0.00532853 -0.00980533 0.0114103 0.0335699 0.00146486 -0.0194953 0.0152354 0.00221501 -0.0167815 -0.020422 -0.0378138 0.0135136 0.00650314 0.0168185 0.0376655 -0.0145589 0.025887 0.030887 0.0230731
internal_weight=187815 155464 99249.8 60334.6 32351.2 56214.4 38915.2 41732.4 11206.4 21144.7 27913.3 28301.1 21374.3 20358 32849.7 6065.45 22787.7 17429.1 4030.06 13633.6 11792.3 7176.38 15792.4 9111.92 5615.84 24766 16018.4 18602.3 12494.8 6680.53
internal_count=803327 641856 405347 248525 161471 236509 156822 173439 52312 109159 119663 116846 89975 83464 132073 24749 98424 71241 17787 58023 50320 34525 64837 37383 22852 99395 68910 75086 50353 27454
is_linear=0
shrinkage=0.05


Tree=12
num_leaves=31
num_cat=0
split_feature=16 19 22 20 14 22 21 16 14 13 1 0 0 22 21 22 22 14 14 21 18 13 10 21 14 21 9 13 20 14
split_gain=26199 6567.63 3774.72 3130.65 2331.63 2181.79 1752.71 1555.55 841.964 739.41 679.194 619.194 604.617 592.267 586.959 548.133 520.968 497.902 482.864 470.497 462.299 408.608 371.98 367.51 356.625 347.549 336.24 336.238 327.931 311.103
threshold=0.48529411852359777 0.48529411852359777 0.066633861500000016 5.8208541870117196 261.50000000000006 0.055660221750000009 -0.12487920499999999 0.25000000745058065 260.50000000000006 -32.353334184609139 10.210135102272035 0.64515721797943126 1.8039801716804507 -1.2825376499999999 0.51909596000000013 -0.17849789999999996 -0.15288999499999997 199.50000000000003 233.50000000000003 1.0291663500000003 180.67240905761722 -37.345665130805507 -18.440502831339831 -1.5061045999999998 204.50000000000003 -0.72949796999999983 58.500000000000007 -50.183885513386763 -6.5469207763671866 235.50000000000003
decision_type=2 2 2 2 2 2 2 2 2 2 2 2 2 2 2 2 2 2 2 2 2 2 8 2 2 2 2 2 2 2
left_child=7 5 3 22 11 10 9 -1 20 24 13 21 -7 -2 -6 -9 17 -11 25 -10 -8 -4 -3 -19 -5 -17 -25 -26 -15 -30
right_child=1 2 4 6 14 12 8 15 19 16 -12 -13 -14 28 -16 18 -18 23 -20 -21 -22 -23 -24 26 27 -27 -28 -29 29 -31
leaf_value=-0.057610283301560344 -0.031568657420732379 0.031842532917384196 0.043000433847336296 -0.0094422472238918208 -0.020450813005849146 0.011932142191601465 0.0080585872721139519 -0.043679733239161772 -0.00082021432430394122 0.00066303091750871462 -0.02359591496425037 0.02169325267493347 -0.0053007412973254744 0.012248910996424243 0.013650537489537543 -0.0037193302850024972 0.0068435984650569775 -0.053908914196352999 -0.0055738348822176285 -0.041891864404908753 0.024326121465259982 0.029981733782010685 0.01796877383177789 -0.026113050381690168 0.028360963921633633 -0.041237922044315006 -0.00085634520835641079 0.00038258033971513492 -0.013778952799389855 0.00046836290457606141
leaf_weight=13803.100903630257 2523.2760554552078 8506.8517462611198 10914.499549657106 3434.3308665603399 2761.6590814739466 14361.627278402448 11377.02812628448 6459.2075131833553 2365.8313448280096 2339.0384353399277 12518.039494022727 11416.120228633285 7882.9407407194376 2226.0894689112902 2321.825023189187 767.97709505259991 2078.2219181805849 985.9834316521883 2447.8615638911724 987.71081031858921 7089.1059423089027 13495.175739765167 11195.436341390014 7741.8547353744507 1839.3816394805908 3148.4639726728201 1588.1092496216297 2578.2725738286972 9821.8072110712528 6281.8838803172112
leaf_count=76356 11088 34224 43948 14144 11422 58772 46741 31822 9884 9876 55485 45993 33194 9166 9411 3615 8676 4330 11352 4118 28799 54218 45289 33428 7505 15051 6695 10779 42072 26940
internal_value=-2.60954e-05 0.00758834 0.0149458 0.00737302 0.0268122 -0.00630433 1.29079e-05 -0.0459608 0.0101191 -0.00975074 -0.0143896 0.0313085 0.00582526 -0.00886225 -0.00487578 -0.0334178 -0.0163549 -0.0201649 -0.0229976 -0.0129258 0.0143046 0.0358044 0.0239604 -0.024887 0.00264161 -0.0338837 -0.0218145 0.0120357 -0.00573494 -0.00822154
internal_weight=187259 160632 105016 64107.2 40909.3 55615.7 44404.9 26626.6 21819.7 22585.2 33371.1 35825.8 22244.6 20853.1 5083.48 12823.5 14733.2 12655 6364.3 3353.54 18466.1 24409.7 19702.3 10315.9 7851.99 3916.44 9329.96 4417.65 18329.8 16103.7
internal_count=804393 666197 429480 264488 164992 236717 184975 138196 89542 95433 144751 144159 91966 89266 20833 61840 63005 54329 30018 14002 75540 98166 79513 44453 32428 18666 40123 18284 78178 69012
is_linear=0
shrinkage=0.05


Tree=13
num_leaves=31
num_cat=0
split_feature=16 22 16 13 16 14 13 5 17 14 12 12 5 17 22 22 22 11 16 14 22 22 13 14 14 12 17 14 12 5
split_gain=23956.7 5391.35 3398.04 2149.38 1499.18 1418.51 1282.36 1120.55 946.681 942.57 1006.02 892.516 789.389 742.718 651.14 641.625 522.558 514.012 497.458 485.539 604.724 566.782 433.284 393.857 380.865 558.368 354.369 341.199 340.999 339.597
threshold=0.48529411852359777 0.055660221750000009 0.72058823704719555 -22.73482267252939 0.27941177785396581 181.50000000000003 -43.081044325276324 6.5000000000000009 184.44949340820315 264.50000000000006 5.4272445820433441 4.4256965944272446 13.500000000000002 186.92627716064456 -0.25984330499999997 -1.2466693999999998 1.5679100000000001 33.014739663412236 0.69117647409439098 220.50000000000003 1.3255616000000001 2.0010872000000002 -43.081044325276324 240.50000000000003 234.50000000000003 6.9272445820433441 198.50980377197268 233.50000000000003 0.92105263157894746 6.5000000000000009
decision_type=2 2 2 2 2 2 2 2 2 2 2 2 2 2 2 2 2 2 2 2 2 2 2 2 2 2 2 2 2 2
left_child=4 2 12 7 24 8 -7 -3 -4 10 13 -6 15 23 29 -2 18 -11 -9 21 -21 -12 -17 -5 -1 -26 -10 -13 -19 -8
right_child=1 3 5 9 11 6 14 16 26 17 19 27 -14 -15 -16 22 -18 28 -20 20 -22 -23 -24 -25 25 -27 -28 -29 -30 -31
leaf_value=-0.058438091285683391 -0.024408440597985297 0.03569838437712454 -0.00058324138948690114 -0.014128478876516887 -0.04194278641855137 0.016895965162335453 -0.0011894337032564116 0.003265408951773656 0.020011562049941659 -0.020102556293894795 0.0035106348105215326 -0.024356075524969385 -0.026321103052757002 0.016296252104747184 0.010218983641359909 0.0079926355269978773 0.05634783435330553 -0.052285268501487438 0.02236439916728683 0.042388749539461548 0.0045784823076181298 0.051701052063182845 -0.0078598259253413513 0.010792340606091293 -0.048110368423376661 0.015985036816766877 0.036859097201097243 0.0042738553454075706 0.023051866934367241 -0.014255113523046842
leaf_weight=12467.786483317614 5008.8269130438566 18176.375381603837 4463.2841067314148 5187.7126002162695 6953.8059542328119 10790.577222391963 9494.6675534695387 5478.9648930430412 8895.1439769119024 3786.8081515282393 3511.3715632855892 2640.7384467571974 6949.6572199165821 6831.0415066927671 6471.5219977349043 5233.4543524980545 812.08102464675903 168.43461385369301 9026.5889780521393 4719.3695986717939 1363.1349098533392 737.51023338735104 24419.610727921128 2282.2101659625769 1762.8350991308689 420.34025354683399 4812.7724138796329 1716.6223797649145 1325.1123766601086 10442.910430252552
leaf_count=71774 22077 73350 18518 21768 34618 43736 39505 22414 35915 15811 14226 12481 31249 27557 26794 21713 3278 723 36318 19038 5522 2963 104477 9501 9362 1902 19309 7644 5591 44621
internal_value=5.32994e-05 0.00726612 -0.000146203 0.0186033 -0.0445047 0.00796716 0.0023737 0.0273028 0.0194172 0.00886161 0.0129709 -0.0308257 -0.0109423 0.00438186 -0.00356042 -0.00785817 0.0173388 -0.0103069 0.0151511 0.0248586 0.0339173 0.0118856 -0.00506186 -0.00651425 -0.0550626 -0.035768 0.0259289 -0.0130787 0.0145264 -0.00803335
internal_weight=186351 160389 96982.4 63406.7 25962.1 55370.9 37199.7 33494 18171.2 29912.7 24632.4 11311.2 41611.5 14301 26409.1 34661.9 15317.6 5280.36 14505.6 10331.4 6082.5 4248.88 29653.1 7469.92 14651 2183.18 13707.9 4357.36 1493.55 19937.6
internal_count=803755 665974 407914 258060 137781 228398 154656 135360 73742 122700 100575 54743 179516 58826 110920 148267 62010 22125 58732 41749 24560 17189 126190 31269 83038 11264 55224 20125 6314 84126
is_linear=0
shrinkage=0.05


Tree=14
num_leaves=31
num_cat=0
split_feature=16 19 22 20 22 16 24 14 14 12 12 5 0 14 14 24 11 25 11 22 14 22 13 14 14 0 11 14 19 5
split_gain=22344.7 5784.82 3197.39 2686.68 1769.17 1467.76 1458.55 1396.62 1072.46 984.382 953.446 615.567 604.164 554.401 549.503 495.697 495.583 466.095 434.043 432.571 428.769 452.982 402.863 371.184 661.657 392.763 368.884 357.084 356.88 344.852
threshold=0.48529411852359777 0.48529411852359777 0.33798368000000006 3.4155578613281254 -0.026206394649999996 0.1911764740943909 2.5000000000000004 253.50000000000003 261.50000000000006 3.6795665634674926 4.4256965944272446 12.500000000000002 1.0293335318565371 236.50000000000003 238.50000000000003 5.5000000000000009 12.778281696572909 26.426528140902523 15.017229010400021 -0.24855561999999998 236.50000000000003 -0.040968708699999988 -50.83003577814889 265.50000000000006 224.50000000000003 0.34324872493743902 63.742673904464901 184.50000000000003 0.60294118523597728 2.5000000000000004
decision_type=2 2 2 2 2 2 8 2 2 2 2 2 2 2 2 8 2 2 2 2 2 2 2 2 2 2 2 2 2 2
left_child=5 4 3 -3 11 -1 14 16 12 -6 -7 17 18 -12 19 -9 -4 29 -8 27 22 -22 -20 24 25 -11 -10 -5 -18 -2
right_child=1 2 7 6 9 10 8 15 26 23 13 -13 -14 -15 -16 -17 28 -19 20 -21 21 -23 -24 -25 -26 -27 -28 -29 -30 -31
leaf_value=-0.057924589513380476 0.0099946277002938427 0.023853235602225874 0.005453225284713566 0.01883025710303168 -0.0069107515199185766 -0.043722414726928144 -0.011200491304703302 0.025239207776413697 -0.0093492269292022329 0.016292437254925379 -0.029016756335673868 -0.026670395897559013 0.0018953127511188448 0.0033293698181633422 -0.027164292828637745 -0.0060788350482252548 0.028070064512255188 -0.020174476988852906 0.023232438170311578 0.031722588651430392 0.020116132457181884 0.04893917116624083 0.0054657892617354297 -0.010238741818215609 0.029887230054280563 -0.0084691030626034055 -0.056477729485212402 -0.01091811333313486 0.040644236883795461 -0.0088306056881897795
leaf_weight=10519.511787578464 3016.3854535073042 20271.607421591878 1547.1065688729286 1128.2666821628809 11379.888943374157 8979.2819671481848 1404.2427102178335 1952.5353030860424 4831.791148558259 3764.8712210208178 3805.3754846304655 7465.1618904173374 12314.157835766673 2031.5353330820799 3783.7848455160856 3576.0591454803944 10709.086479708552 7773.460084721446 5155.3509282767773 741.95915120840073 5500.4863568097353 1812.7326617985964 8372.2247037440538 1494.7727583497763 5020.6933364421129 2785.5382132828236 453.32672403752804 9457.1455513387918 11960.044510573149 12555.958346769214
leaf_count=62624 12628 81669 6219 4694 47756 46935 5756 7875 20177 15251 19034 33861 50645 9118 16657 14661 43174 34143 20753 3087 22538 7321 34147 6285 20483 11527 1897 40339 48286 54155
internal_value=-9.065e-06 0.00689033 0.0137832 0.00829578 -0.00620409 -0.0436409 0.00255672 0.0276605 0.00757308 0.00383997 -0.0334963 -0.014173 0.010781 -0.0177601 -0.0106698 0.00498433 0.032837 -0.0101758 0.0156995 -0.00515803 0.0175125 0.0272662 0.0122379 0.0132033 0.0162322 0.005763 -0.0134016 -0.00774585 0.0347056 -0.00518372
internal_weight=185564 160229 104972 75227.1 55256.7 25335.7 54955.5 29744.8 39844.3 24445.8 14816.2 30811 34559.2 5836.91 15111.2 5528.59 24216.2 23345.8 22245 11327.4 20840.8 7313.22 13527.6 13065.9 11571.1 6550.41 5285.12 10585.4 22669.1 15572.3
internal_count=803695 665984 429895 309680 236089 137711 228011 120215 163234 101302 75087 134787 141160 28152 64777 22536 97679 100926 90515 48120 84759 29859 54900 53546 47261 26778 22074 45033 91460 66783
is_linear=0
shrinkage=0.05


Tree=15
num_leaves=31
num_cat=0
split_feature=16 16 22 22 20 15 14 20 24 12 9 22 17 1 12 14 17 14 24 14 22 1 11 20 12 14 17 12 14 11
split_gain=20330.5 4707.51 2565.89 2068.84 1693.8 1571.97 1192.51 900.42 879.193 732.618 689.824 614.891 599.262 578.475 561.588 701.759 567.039 490.427 454.777 450.603 491.843 428.91 426.414 395.623 510.744 381.709 377.791 344.327 329.272 419.586
threshold=0.48529411852359777 0.72058823704719555 0.17966253000000001 -0.17849789999999996 0.50757598876953136 15.478336334228517 262.50000000000006 -6.0307769775390616 2.5000000000000004 4.4256965944272446 36.500000000000007 -1.2466693999999998 184.44949340820315 10.564153529703619 5.0015479876161004 266.50000000000006 185.1259460449219 161.50000000000003 5.5000000000000009 255.50000000000003 -1.2068874999999999 8.9456876814365405 72.135857951599576 78.784561157226577 5.6671826625387007 233.50000000000003 196.30833435058597 6.8452012383900938 222.50000000000003 15.793902891665141
decision_type=2 2 2 2 2 2 2 2 8 2 2 2 2 2 2 2 2 2 8 2 2 2 2 2 2 2 2 2 2 2
left_child=5 3 4 7 12 9 17 -2 19 -1 14 -9 -3 22 16 28 -5 -4 -8 20 -6 -13 -10 -7 -25 -11 -19 -22 -16 -30
right_child=1 2 6 10 8 23 18 11 13 25 -12 21 -14 -15 15 -17 -18 26 -20 -21 27 -23 -24 24 -26 -27 -28 -29 29 -31
leaf_value=-0.03892703184456206 0.010997692287098597 0.0016642279308172029 0.0051341578342982376 -0.0093590334878150185 -0.021718109358845623 -0.057621165958550984 0.025798599010654101 -0.031360505044977442 0.0081976351250011466 -0.024061242455756426 0.022134921693922324 -0.0063875176412199657 0.025191028051766508 -0.0047292049784167754 0.0067836891992626436 -0.021029874036106434 0.0077612390324016184 0.025886034598599662 -0.018563068028591503 -0.03482356310787748 -0.0042962970812710378 -0.019677689503659855 0.026505227373699598 -0.049406306103341735 0.0039830204539314327 0.0058886696424991546 0.038299741604095161 0.019195759831980637 0.0067609513232480926 0.037768314970265102
leaf_weight=6799.7708993405104 3691.5898849666119 3326.7666069865227 2040.500171944499 12310.140043705702 3216.1279619187117 11195.341504693031 816.51922759413719 4903.7799738049507 17334.358508169651 2890.2281019836664 5051.2369431555271 14402.813115611672 14522.692376554012 7335.2060989737511 4191.5251451581717 1409.4065597206354 7965.0631802529097 16190.672379821539 1968.8230310976505 1414.8131597936153 6741.9716655910015 10494.921658232808 3894.8873136490583 1604.3329123705626 621.13599929213524 1682.6756394654512 9876.7809095978737 2028.199812412262 1749.1287014484406 2900.9524861425161
leaf_count=35204 15170 13714 8252 52376 14002 69004 3310 22384 70906 14191 20540 61735 58401 30547 17192 5918 32522 65319 8141 6329 28496 46686 15691 9010 2884 7520 40028 8445 7147 11826
internal_value=-7.64586e-05 0.00646048 0.0139495 -0.00337469 0.00790573 -0.0422016 0.0256507 -0.0122931 0.00241822 -0.0285208 0.00502134 -0.0151785 0.0208065 0.0073752 0.00218889 0.0117259 -0.00263333 0.028743 -0.00555392 -0.00814733 -0.00499593 -0.0119902 0.0115576 -0.0537917 -0.0345101 -0.0130418 0.0305908 0.00113807 0.0169492 0.0261089
internal_weight=184572 159779 90708.3 69070.6 59815 24793.5 30893.3 33493.1 41965.6 11372.7 35577.5 29801.5 17849.5 28564.5 30526.2 10251 20275.2 28108 2785.34 13401.1 11986.3 24897.7 21229.2 13420.8 2225.47 4572.9 26067.5 8770.17 8841.61 4650.08
internal_count=802890 665077 371581 293496 246531 137813 125050 145975 174416 56915 147521 130805 72115 117144 126981 42083 84898 113599 11451 57272 50943 108421 86597 80898 11894 21711 105347 36941 36165 18973
is_linear=0
shrinkage=0.05


Tree=16
num_leaves=31
num_cat=0
split_feature=18 16 22 14 20 14 22 22 13 13 20 0 20 22 15 18 23 18 14 13 13 14 14 22 23 22 23 14 23 14
split_gain=18929.9 3987.49 2830.79 2148.63 1875.71 1449.36 1305.04 935.021 901.694 861.344 702.861 654.214 623.324 691.341 505.15 490.463 444.386 428.156 419.145 407.461 365.612 412.624 324.217 321.162 302.972 302.803 302.617 611.366 293.198 277.104
threshold=161.1470642089844 0.69117647409439098 -0.25984330499999997 234.50000000000003 4.3582839965820321 262.50000000000006 -0.17849789999999996 -0.026206394649999996 -27.609807453530582 -37.345665130805507 0.50757598876953136 1.4778293371200564 1.492424011230469 0.85727200000000015 13.94163751602173 182.33635711669925 1.4349610000000002 171.49331665039065 228.50000000000003 -68.591120305375952 -46.716757187441026 235.50000000000003 197.50000000000003 -0.83013656999999996 0.57171410500000008 -1.2466693999999998 0.78081134000000019 241.50000000000003 0.88105851500000021 228.50000000000003
decision_type=2 2 2 2 2 2 2 2 2 2 2 2 2 2 2 2 2 2 2 2 2 2 2 2 2 2 2 2 2 2
left_child=3 6 4 14 17 9 10 -5 19 12 -2 28 -4 29 -1 26 24 -3 -13 -6 -12 -22 -21 -19 -9 -23 27 -11 -8 -14
right_child=1 2 5 7 8 -7 11 16 -10 15 20 18 13 -15 -16 -17 -18 23 -20 22 21 25 -24 -25 -26 -27 -28 -29 -30 -31
leaf_value=-0.037451261105070098 0.0076938689075620459 -0.0036533725837806248 0.046455909476930311 -0.035100628928633519 0.02412743412516058 -0.0050534428977956 0.00078327376971011175 -0.019181186618690862 -0.011688297882726358 -0.0044082649071382233 0.0005593991577833049 -0.013735785303527199 0.015604814855726479 0.04314011703394538 -0.056219944854295704 0.026529419280111557 -0.027123373564733169 0.012010423013647306 0.0055716205436588404 -0.011000823658706074 -0.025546600425443208 -0.030706367678923291 0.0069743484274702007 0.026444405353710607 0.016361951885120355 -0.0063395346491906205 0.017190074815204709 0.026981514006313628 0.015024193014934024 0.03472618216011162
leaf_weight=5245.2125153839588 3524.170930147171 2340.586862206459 4575.2541483640671 5166.3614416271448 2388.5594613403082 5354.287639990449 5849.2353468388319 817.85430532693863 17350.942192420363 5359.7621229290962 2781.6606533825397 7106.160538226366 9537.0714895129204 4135.3029008954763 11392.889340445399 9219.5387452095747 1404.2760180681944 7639.3622584342957 4649.440907150507 3608.7287132889032 10406.64153893292 1555.6491390019655 8222.6985548138618 7782.4240314364433 2238.2587461173534 7051.0525665581226 13441.39722545445 2181.8517363518476 9458.8571476787329 2365.0115985423326
leaf_count=27057 14668 9735 18687 26599 9658 22154 24220 3875 74442 21848 11800 30460 38578 16853 72381 37264 6623 30835 19457 14938 47049 7186 34187 31346 10294 30619 54421 8921 38598 9577
internal_value=-0.000124137 0.00641436 0.0120133 -0.0394277 0.00327402 0.0196888 -0.00486237 -0.0206239 -0.0040389 0.0222959 -0.0130215 0.00277103 0.030176 0.0255289 -0.0503057 0.0169171 -0.00385167 0.0162715 -0.00609972 0.00529491 -0.0163713 -0.0188482 0.00149124 0.0192956 0.006847 -0.0107469 0.0126926 0.00467543 0.00958313 0.0194069
internal_weight=184151 157886 105503 26264.9 49333.3 56169.5 52382.9 9626.75 31570.9 50815.2 25319.2 27063.7 20612.6 16037.4 16638.1 30202.5 4460.39 17762.4 11755.6 14220 21795 19013.3 11831.4 15421.8 3056.11 8606.7 20983 7541.61 15308.1 11902.1
internal_count=804330 657501 433444 146829 205141 228303 224057 47391 133225 206149 111322 112735 83695 65008 99438 122454 20792 71916 49917 58783 96654 84854 49125 62181 14169 37805 85190 30769 62818 48155
is_linear=0
shrinkage=0.05


Tree=17
num_leaves=31
num_cat=0
split_feature=18 18 13 14 22 12 14 22 22 14 12 14 4 21 5 21 0 12 14 11 12 14 11 14 21 23 14 14 0 14
split_gain=17627.1 3732.7 2296.48 2020.31 1335.08 1290.1 1277.8 1692.52 1182.52 990.619 942.128 919.058 696.06 664.194 571.682 536.373 473.576 452.235 429.782 431.808 422.739 443.416 443.231 395.816 624.562 434.948 375.173 636.593 540.228 365.166
threshold=161.1470642089844 172.74019622802737 -29.258199989922549 234.50000000000003 -0.13172641999999998 4.7275541795665648 179.50000000000003 -0.17849789999999996 0.45226171500000006 171.50000000000003 3.6795665634674926 263.50000000000006 64.248382057994618 -0.087392471699999988 4.5000000000000009 -0.48358499999999999 2.7894325256347661 6.45046439628483 198.50000000000003 54.902615672167705 1.4938080495356039 245.50000000000003 70.183957243874545 255.50000000000003 1.1001508500000001 1.1675285000000002 264.50000000000006 224.50000000000003 0.28832082450389868 218.50000000000003
decision_type=2 2 2 2 2 2 2 2 2 2 2 2 2 2 2 2 2 2 2 2 2 2 2 2 2 2 2 2 2 2
left_child=3 4 8 16 12 -5 -4 13 9 -3 -6 -9 -2 18 -11 -16 -1 -13 19 -8 -14 22 -22 24 -15 -25 27 28 -12 -24
right_child=1 2 6 5 10 -7 7 11 -10 14 26 17 20 23 15 -17 -18 -19 -20 -21 21 -23 29 25 -26 -27 -28 -29 -30 -31
leaf_value=-0.033934346945413203 -0.0012856138651019442 0.041188729950700248 0.017852710059438195 -0.034502795286939406 -0.0058325257882994586 0.0034113655077940373 0.010189905276046247 0.016601396548415477 0.0334553967609445 0.021474143729176179 0.018276334491771601 -9.1088443888506917e-05 -0.031790845210262229 0.0024787494392156544 -0.0069775467882164464 0.012340226500403699 -0.053975848799785897 -0.037348575754772122 -0.021610472591152723 -0.045835111316881241 -0.022570265995402711 0.0025234041775054885 -0.0089852926639435535 0.002119869645855334 0.05166898591949079 -0.039487460633554322 -0.012540260208847819 0.029079206995383151 -0.0070788904184256405 0.040121957857506808
leaf_weight=3885.7268732190132 10983.913049653172 3325.3821584284306 14927.540496110916 5927.3452577441931 13128.331487983465 3609.6258994787931 2177.8400330990553 15933.021077379584 12696.948908254504 10650.840507477522 4585.8068001419306 3342.9880866855383 3897.3088268339634 5115.7524321526289 5041.5968178063631 12502.775185286999 12301.947774320841 1075.8314621895552 9639.4345537573099 407.39270879328251 9419.0550018101931 3414.5715559720993 1524.7356628477573 1549.741984769702 737.45981873571873 1055.0783180594444 1354.1853715032339 5062.536800712347 3875.2698630839586 502.49647465348244
leaf_count=21619 46396 13467 60126 31202 54972 16197 9097 64601 51853 43098 18655 13864 17644 21296 20949 50967 78029 4504 42412 1747 42348 14960 6764 6474 3053 4474 5649 20545 16327 2224
internal_value=-3.21538e-05 0.00621975 0.0120559 -0.0384124 -0.00390469 -0.0201539 0.00532659 0.000769516 0.0205723 0.0153819 0.0039298 0.011006 -0.0112818 -0.0093033 0.0123369 0.00678894 -0.0491674 -0.00916841 -0.0167558 0.00134692 -0.0171347 -0.0132892 -0.0180061 0.00146874 0.00868411 -0.0147418 0.012544 0.0150565 0.00666389 0.00320086
internal_weight=183652 157928 100180 25724.6 57748.2 9536.97 55962.1 41034.5 44217.5 31520.6 28006.1 20351.8 29742.1 20682.7 28195.2 17544.4 16187.7 4418.82 12224.7 2585.23 18758.2 14860.9 11446.3 8458.03 5853.21 2604.82 14877.8 13523.6 8461.08 2027.23
internal_count=805513 658466 411982 147047 246484 47399 231648 171522 180334 128481 116148 82969 130336 88553 115014 71916 99648 18368 53256 10844 83940 66296 51336 35297 24349 10948 61176 55527 34982 8988
is_linear=0
shrinkage=0.05


Tree=18
num_leaves=31
num_cat=0
split_feature=16 19 14 21 15 20 12 18 12 12 21 5 14 14 18 12 19 14 23 12 14 21 17 2 21 12 23 0 12 14
split_gain=16333.3 4098.77 2238.67 1639.88 1411.09 1404.97 1183.02 780.474 759.393 677.035 541.929 497.599 482.272 623.883 454.474 450.367 433.921 357.894 335.993 335.42 314.559 395.036 289.526 283.259 267.682 267.675 244.355 244.028 233.645 620.386
threshold=0.48529411852359777 0.48529411852359777 260.50000000000006 -0.071224827349999978 18.856004714965824 10.092330932617189 2.6068111455108363 182.33635711669925 4.2275541795665648 5.4272445820433441 -1.5734585999999997 9.5000000000000018 228.50000000000003 264.50000000000006 176.26871490478518 5.2956656346749229 0.33823530375957495 233.50000000000003 1.4392760500000004 2.6068111455108363 243.50000000000003 -0.71756502999999994 163.60294342041018 2.3703918606042866 -0.76345792499999987 5.8498452012383906 1.2643609500000001 3.3772941827774052 11.291021671826627 202.50000000000003
decision_type=2 2 2 2 2 2 2 2 2 2 2 2 2 2 2 2 2 2 2 2 2 2 2 2 2 2 2 2 2 2
left_child=4 6 3 5 8 15 14 11 -1 20 -4 19 16 25 22 18 -8 27 -3 -5 -7 -22 -2 -18 -17 26 -14 -10 -11 -30
right_child=1 2 10 7 -6 9 12 -9 17 28 -12 -13 13 -15 -16 24 23 -19 -20 -21 21 -23 -24 -25 -26 -27 -28 -29 29 -31
leaf_value=-0.038922742493619981 -0.037786304029383759 0.019172207286935236 -0.049601056271124301 0.011371940094710284 -0.05319035123669115 -0.0079497611381904275 -0.015249965182472396 0.030253256662828298 -0.011494937993263284 0.012983796149856669 -0.0068958237527038703 0.0042221629453008279 0.012897892661704286 -0.010728202300349245 0.00020462680285448793 0.03960473044734826 0.013900257623553999 0.0016031170058062511 0.0035906653961219476 0.024200602058663818 -0.013128681717497724 0.023945014090021397 -0.016687596546525699 -0.0035975253694766544 0.017696351016407413 0.022644607128380363 -0.0082228199903211004 -0.038121575166942881 0.037434499410902079 -0.04762741899288752
leaf_weight=7361.9653526544571 1840.9527385234833 8876.8224103301764 800.31896470487118 7836.3480668365955 10284.698592886329 15697.0152592659 6883.7793211042881 14741.817548200488 1772.1838565766811 9674.9300856739283 10196.144741460681 6739.7828628718853 4575.0685392022133 3738.7513073533773 3753.8113040179014 3099.994350746274 2933.3068075329065 2137.8736000359058 5669.9828792512417 14581.390294641256 1169.0660571604967 1861.3840943872929 13926.741492852569 10920.674110919237 2538.2851274460554 4299.965583845973 1953.4823673516512 1673.9512216448784 355.42352706193924 536.93400357663631
leaf_count=41132 9252 35892 3553 31858 68996 66155 30275 59975 8934 39899 42795 27690 19599 16266 15745 12561 12050 9802 22983 59178 4892 7858 60921 45855 10285 17853 8482 9278 1466 2298
internal_value=-0.000199875 0.00551514 0.0113297 0.0138425 -0.039364 0.00760114 -0.00555425 0.020877 -0.0283767 0.000607267 -0.0100081 0.0161356 -9.27001e-05 0.00687955 -0.0154311 0.0177509 -0.00499046 -0.0144683 0.0130996 0.0197169 -0.0051025 0.00964337 -0.0191532 0.00010802 0.0297467 0.0129594 0.00657783 -0.0244361 0.0107257 -0.0137435
internal_weight=182433 159202 104376 93379.2 23230.7 49479.8 54826.5 43899.3 12946 29294.8 10996.5 29157.5 35305 14567.3 19521.5 20185.1 20737.8 5584.01 14546.8 22417.7 18727.5 3030.45 15767.7 13854 5638.28 10828.5 6528.55 3446.14 10567.3 892.358
internal_count=803778 665636 429338 382990 138142 204289 236298 178701 69146 122568 46348 118726 150380 62200 85918 81721 88180 28014 58875 91036 78905 12750 70173 57905 22846 45934 28081 18212 43663 3764
is_linear=0
shrinkage=0.05


Tree=19
num_leaves=31
num_cat=0
split_feature=16 19 13 12 20 24 16 24 20 12 13 24 20 24 12 11 9 18 20 4 20 18 25 13 9 20 12 4 18 20
split_gain=15163.3 4142.57 2052.06 1207.98 1121.97 1285.99 1100.37 933.029 753.234 738.076 696.592 639.488 567.067 473.202 454.236 396.138 376.453 375.394 370.248 342.693 322.751 317.756 316.679 301.993 296.013 281.242 281.087 279.693 278.536 331.716
threshold=0.45588235557079321 0.51470589637756359 -33.862050147456088 4.3854489164086692 19.646110534667972 2.5000000000000004 0.1911764740943909 3.5000000000000004 -4.4447250366210929 5.0015479876161004 -31.662249741205027 3.5000000000000004 80.265686035156264 3.5000000000000004 8.0216718266253881 92.67470495860691 80.500000000000014 158.11765289306643 5.8208541870117196 82.781527869403376 57.22401428222657 179.23841094970706 25.014834511280064 -20.194573558924642 77.500000000000014 63.940284729003913 11.501547987616101 20.320640832185749 175.75000000000003 75.415557861328139
decision_type=2 2 2 2 2 8 2 10 2 2 2 10 2 10 2 2 2 2 2 2 2 2 2 2 2 2 2 2 2 2
left_child=6 3 7 10 14 -6 -1 8 -3 -8 18 22 13 16 21 24 -7 -12 -2 -9 -11 -4 23 -5 27 -24 -15 -10 29 -19
right_child=1 2 4 11 5 12 9 19 15 20 17 -13 -14 26 -16 -17 -18 28 -20 -21 -22 -23 25 -25 -26 -27 -28 -29 -30 -31
leaf_value=-0.053820710835328738 0.01922185596243273 0.036104667521380238 0.0055895347253671823 0.014506175526617378 -0.01763201669764838 0.001812122547246448 -0.039454879659106899 0.037987740623526653 0.022363009640047251 -0.028077760385303907 -0.039692972533522053 0.015507930011254096 -0.0059942640255965379 0.021420190708855775 0.03591613622362877 0.028130230075247349 0.030620406914350529 -0.020166032999625289 -0.0042744511489280507 0.020416372475358602 0.0006792134793418658 0.018189049830397732 -0.017807478193053054 -0.0041065747456003904 0.040667520824850811 0.0026928862077936558 -0.03221899472343652 0.0050686766946759984 -0.0025445070618213021 -0.0066122748135741469
leaf_weight=8891.8274321854115 2026.355964332819 3678.3898303806782 9417.130586579442 4027.8214914053679 7731.7079374045134 13754.756538212299 7661.1397040486336 8040.1627180576324 2755.1318092942238 1832.1243319958448 1433.2811679244041 7923.4754401296377 8290.7798919528723 7201.2466631531715 2262.1129209250212 3131.1791251301765 1234.9169693589211 14338.029191479087 9690.2220344245434 4243.5543619394302 2085.9414914995432 10680.519623368979 4284.2175066769123 4746.4045024067163 706.15405096113682 2744.1073960065842 251.95592856407166 15411.536636978388 4800.9797446727753 6590.388984426856
leaf_count=62384 8297 15015 38180 17000 34525 56519 44763 33171 11157 9988 7541 32426 34543 29165 9212 12665 5008 63750 41415 17280 9894 43182 18437 20479 2863 11917 1020 62832 20267 29325
internal_value=-5.3641e-05 0.00508821 0.011465 -0.00497438 0.00577154 0.000593988 -0.040591 0.020586 0.0151642 -0.0304279 -0.0103999 0.00391633 0.00517955 0.00930743 0.014678 0.0116621 0.00418736 -0.0147953 -0.000209524 0.0319197 -0.0127716 0.0122859 -0.00189637 0.00443832 0.00892849 -0.00980416 0.0196028 0.0076926 -0.0134069 -0.0158985
internal_weight=181868 161397 98791.2 62605.3 60825.1 38465.4 20471 37966.1 25682.4 11579.2 38879.3 23726 30733.7 22442.9 22359.8 22004 14989.7 27162.7 11716.6 12283.7 3918.07 20097.7 15802.6 8774.23 18872.8 7028.32 7453.2 18166.7 25729.4 20928.4
internal_count=804220 677191 406337 270854 251354 160780 127029 154983 104532 64645 170595 100259 126255 91712 90574 89517 61527 120883 49712 50451 19882 81362 67833 37479 76852 30354 30185 73989 113342 93075
is_linear=0
shrinkage=0.05


Tree=20
num_leaves=31
num_cat=0
split_feature=18 19 22 14 14 14 12 22 21 12 13 19 4 14 21 23 21 11 12 18 22 4 21 12 14 22 22 12 14 13
split_gain=13871.7 3256.21 2077.21 1903.34 1742.43 1666.63 1137.43 1074.88 1029.64 587.475 580.833 579.596 570.142 524.434 568.652 518.508 477.47 477.157 452.574 451.974 419.292 396.294 353.356 350.988 763.534 364.855 347.809 325.846 320.803 423.074
threshold=161.1470642089844 0.48529411852359777 -0.092493746449999983 232.50000000000003 183.50000000000003 261.50000000000006 5.0479876160990722 -0.19567234999999997 -0.12487920499999999 5.0015479876161004 -16.522911063634755 0.073529412969946875 100.52732104808094 255.50000000000003 1.1001508500000001 1.1724898500000003 0.50852495500000006 95.065769839097669 7.8544891640866883 177.9696960449219 -0.16837660999999995 18.909645237028602 -0.24765999499999997 3.0789473684210531 200.50000000000003 -1.2644603999999997 0.075349397950000022 2.3018575851393193 241.50000000000003 -35.336988318284774
decision_type=2 2 2 2 2 2 2 2 2 2 2 2 2 2 2 2 2 2 2 2 2 2 2 2 2 2 2 2 2 2
left_child=3 7 4 11 -3 10 26 12 17 28 19 -1 -2 14 23 -15 22 21 -18 -4 -8 -6 -7 24 -10 -25 -5 -28 29 -9
right_child=1 2 5 6 8 16 20 9 13 -11 -12 -13 -14 15 -16 -17 18 -19 -20 -21 -22 -23 -24 25 -26 -27 27 -29 -30 -31
leaf_value=-0.054063615556814784 -0.0054853450326206657 0.017348726547859055 0.018404213451838857 -0.03950601510836324 0.0078152728375870603 -0.0054373751151400524 -0.019407858030473017 0.0039299940992351236 -0.045364313899037619 0.011712278907950454 0.012325048003280499 -0.03299661583982471 -0.020597800475862633 0.0041809388743270512 0.03563931994592958 -0.033006774574638874 0.015068943827427531 0.037169603923663586 -0.046562007396262081 0.030764588537547682 0.01717259836287147 -0.013489928497710994 -0.039272826580384473 -0.020879410051481858 0.0056064077872914168 0.020281918593161634 -0.040316687331199197 0.0011497772431449129 0.0073623419261194915 -0.015172189687312029
leaf_weight=9504.3656756877899 14007.611551746726 16963.452280044556 13149.696103915572 4084.3265167176723 2493.8075067102909 1822.0868092179298 1187.9568924158812 4706.5119400173426 834.69932802021503 10038.833963602781 11942.438818514347 4983.3296220898628 11256.505970641971 2580.2098000943661 2017.3156283944845 1470.9642021507025 2643.1283386200666 530.65882417559624 334.7123938202858 16921.784912601113 2295.4190942943096 17460.13951548934 1337.930676728487 598.85777387022972 6080.1150778979063 5265.7763233929873 750.68688175082207 1281.1937412321568 4846.7004444152117 7543.5263674706221
leaf_count=67643 60632 68548 53421 23373 10309 7631 5692 19520 3397 41287 48148 29507 52075 10729 8179 6243 10767 2149 1402 69653 10087 75498 5611 2483 25028 21342 3992 6557 20202 32560
internal_value=-5.20998e-05 0.00537334 0.010476 -0.0353793 0.0039547 0.0181001 -0.0181099 -0.00479781 -0.00182221 0.00211203 0.0216555 -0.04682 -0.0122193 0.00661132 0.0109753 -0.00932658 -0.00623628 -0.00958187 0.00812826 0.0253604 0.00469535 -0.010827 -0.019771 0.0070794 -0.000552027 0.016076 -0.0310969 -0.0141825 -0.00352538 -0.00783334
internal_weight=180935 156847 104448 24087.3 56296 48151.8 9599.58 52399.7 39332.5 27135.6 42013.9 14487.7 25264.1 18847.9 14796.8 4051.17 6137.86 20484.6 2977.84 30071.5 3483.38 19953.9 3160.02 12779.4 6914.81 5864.63 6116.21 2031.88 17096.7 12250
internal_count=803665 656814 430538 146851 233905 196633 49701 226276 165357 113569 171222 97150 112707 77401 60429 16972 25411 87956 12169 123074 15779 85807 13242 52250 28425 23825 33922 10549 72282 52080
is_linear=0
shrinkage=0.05


Tree=21
num_leaves=31
num_cat=0
split_feature=16 19 22 20 14 22 16 22 20 0 14 0 25 11 14 22 22 11 11 14 2 11 11 5 17 11 14 22 22 14
split_gain=12961.9 3532.45 1904.53 1487.11 1245.31 1166.65 846.932 631.913 538.526 510.621 498.308 477.296 454.54 429.985 526.362 442.03 425.179 546.395 421.011 362.007 340.085 331.037 308.617 275.412 267.271 264.511 257.287 253.986 276.866 278.48
threshold=0.42647059261798864 0.48529411852359777 0.066633861500000016 2.4766693115234379 261.50000000000006 -0.25984330499999997 0.1911764740943909 -1.2466693999999998 -4.4447250366210929 1.4778293371200564 260.50000000000006 0.79209432005882274 25.014834511280064 52.526247973239556 200.50000000000003 -0.13903441999999996 -0.17849789999999996 34.302798560656178 81.848965866762242 228.50000000000003 5.6983447074890146 44.552299488635718 11.857232115548266 1.5000000000000002 193.11274719238284 16.244831388937339 197.50000000000003 1.1680100000000002 0.47169341500000006 271.50000000000006
decision_type=2 2 2 2 2 2 2 2 2 2 2 2 2 2 2 2 2 2 2 2 2 2 2 2 2 2 2 2 2 2
left_child=6 5 3 24 11 8 -1 18 -2 -7 13 25 -10 23 20 -16 -8 26 -5 -11 -15 -12 -6 -9 -3 -4 -18 28 29 -24
right_child=1 2 4 7 22 9 16 10 12 19 21 -13 -14 14 15 -17 17 -19 -20 -21 -22 -23 27 -25 -26 -27 -28 -29 -30 -31
leaf_value=-0.052147185975649685 0.0038179118454478669 0.0092154967117039459 0.012163665201218383 -0.019155763701079135 -0.030986755020271279 0.0059308608737515568 -0.040930921117501594 0.017921274431488939 -0.0097384760872578652 -0.014105264693108159 -0.0049978151397149177 0.012914995724364255 -0.024111457990289284 0.015586403754060944 0.010869739512134942 0.035542609982660796 -0.03484368842070068 -0.033020852067011074 0.044960475224676749 0.0029939351221682795 -0.013931091041896413 -0.033928045511013978 -0.016456925596463379 -0.0028405786112196906 0.021752221397335805 0.027553626834409983 0.011231741641506844 -0.04752705581842117 0.018290542559818712 0.033071837288097365
leaf_weight=8322.2265610694885 3845.5135204941034 7070.5647050887346 3217.099400728941 5303.9720927476883 920.96299295127392 19332.317160665989 4779.5892785191536 1752.7177449315786 11774.866916462779 7412.4907246679068 3594.842206299305 10818.412525415421 10326.149975016713 1434.8391986042261 9213.5617629289627 2260.3114371746778 381.87956655025482 3003.5554462075233 268.08678892254829 5313.5803062319756 3044.9908453971148 1363.230939462781 1737.0813457369804 17909.792241960764 10670.106727331877 21240.775642767549 1450.980809956789 252.3654403090477 1832.2938290387392 338.2302301377058
leaf_count=62515 16208 28516 12912 23678 3915 80421 29167 7161 53115 32463 15374 43841 48909 5790 37987 9162 2295 17857 1108 23344 12532 5924 7136 74807 43040 87484 7072 1041 7515 1403
internal_value=-0.000137092 0.00432203 0.0098253 0.00445371 0.0183284 -0.00556823 -0.0404673 -0.000276274 -0.0134501 0.000811166 0.00189212 0.0216617 -0.0164547 0.00395961 0.0100584 0.0157329 -0.0303545 -0.0198961 -0.0160634 -0.00696608 -0.0044756 -0.0129575 -0.0048137 -0.000989048 0.0167565 0.0255299 0.00161808 0.000986721 0.00413125 -0.00837278
internal_weight=180187 162249 104244 63887 40357.2 58004.9 17938.2 46146.3 25946.5 32058.4 40574.3 35276.3 22101 35616.2 15953.7 11473.9 9616.01 4836.42 5572.06 12726.1 4479.83 4958.07 5080.93 19662.5 17740.7 24457.9 1832.86 4159.97 3907.61 2075.31
internal_count=803692 684786 430326 265079 165247 254460 118906 193523 118232 136228 168737 144237 102024 147439 65471 47149 56391 27224 24786 55807 18322 21298 21010 81968 71556 100396 9367 17095 16054 8539
is_linear=0
shrinkage=0.05


Tree=22
num_leaves=31
num_cat=0
split_feature=16 16 22 22 20 11 16 18 12 12 21 11 5 11 12 23 12 20 20 12 23 22 20 22 22 11 5 22 18 12
split_gain=11991.9 3141.12 1876.34 1149.48 1113.99 953.39 846.652 707.432 649.656 636.27 609.294 510.9 462.766 447.735 419.513 387.989 386.893 380.424 362.473 356.433 342.532 328.69 313.75 311.173 294.828 293.312 281.022 271.748 270.145 261.469
threshold=0.42647059261798864 0.69117647409439098 -0.38673999999999992 0.030713726750000003 -2.4217987060546871 15.793902891665141 0.16176471114158633 179.01704406738284 6.7368421052631584 4.4256965944272446 0.60944152000000018 52.526247973239556 12.500000000000002 96.005895777764081 0.97832817337461309 1.2767918500000002 3.6795665634674926 5.8208541870117196 68.123107910156264 5.215170278637772 2.1617061000000004 0.9662500300000002 -2.4217987060546871 -1.2466693999999998 -0.92314603999999989 47.529523677051351 1.5000000000000002 0.77527007500000011 169.52228546142581 6.1671826625387007
decision_type=2 2 2 2 2 2 2 2 2 2 2 2 2 2 2 2 2 2 2 2 2 2 2 2 2 2 2 2 2 2
left_child=6 3 4 12 15 -4 -1 9 -8 11 13 -7 23 14 -6 -3 28 -13 -10 -17 26 -19 25 -2 -12 -9 -16 29 -5 -24
right_child=1 2 5 16 10 7 8 22 18 -11 24 17 -14 -15 20 19 -18 21 -20 -21 -22 -23 27 -25 -26 -27 -28 -29 -30 -31
leaf_value=-0.053115315701121095 -0.021743304397564889 0.024053571803345681 -0.0021736124650013986 -0.012142259269343357 -0.029662036926369813 -0.003229097653117693 -0.036629233088252049 0.022599973465804099 -0.025904397274703946 0.021169721802079731 0.031497153517486991 0.033401100740181815 -0.021758902629760466 0.033923504571425185 0.014681385282552188 0.0022400626845325228 0.0088533282406744809 0.0045474902010394459 0.016463147305393843 0.039835397057959181 -0.033596083521845767 0.036041350564725093 0.013837326071250709 -0.0057273565066854075 0.0044110799742138216 0.044502539618878297 -0.0063768597619613763 0.03022907967583149 0.0034180124218505629 0.031593750290754674
leaf_weight=6913.8240217491984 3546.4561084359884 5338.0758373141289 7346.9787106662989 5248.3046209216118 2052.5347543358803 8397.0097869187593 8537.3068664893508 3295.7181323766708 1026.0939448177814 10679.208013340831 1422.8996673226357 1950.0318347364664 8226.999258890748 652.36193649470806 1716.4353832900524 6167.7568346709013 12787.71183912456 6464.2859748601913 991.87875635176897 701.24805292487144 1077.9129636585712 949.32533268630505 13055.345207646489 20913.34634424746 3413.573531255126 2856.7472080886364 20444.22789297998 4842.4866234213114 5951.4514366984367 2464.843091160059
leaf_count=54414 16591 21661 30099 23553 8968 34614 53785 13504 6037 43635 5908 8007 39630 2658 7040 25069 52817 26496 4633 2838 4781 3895 53348 91743 14110 12003 87210 20209 24378 10100
internal_value=-0.000155777 0.00408944 0.00919805 -0.00540129 0.00116242 0.0147424 -0.0395129 0.0170039 -0.030599 0.0115256 -0.00390651 0.00572584 -0.0115012 -0.00694394 -0.00799938 0.0139429 0.00291097 0.0137558 -0.00508196 0.00608336 -0.00608485 0.00858465 0.0228792 -0.00805032 0.0123847 0.0327755 -0.00474522 0.0198876 -0.0038741 0.0166592
internal_weight=179432 161963 105289 56674.3 42987 62302 17469.1 54955 10555.3 28439.9 30779.9 17760.7 32686.8 25943.5 25291.1 12207.1 23987.5 9363.64 2017.97 6869 23238.6 7413.61 26515.1 24459.8 4836.47 6152.47 22160.7 20362.7 11199.8 15520.2
internal_count=803734 684865 436153 248712 180243 255910 118869 225811 64455 116647 130675 73012 147964 110657 107999 49568 100748 38398 10670 27907 99031 30391 109164 108334 20018 25507 94250 83657 47931 63448
is_linear=0
shrinkage=0.05


Tree=23
num_leaves=31
num_cat=0
split_feature=18 6 14 13 19 24 11 17 14 14 18 14 24 24 4 14 24 24 24 14 4 14 14 14 19 14 11 11 4 24
split_gain=10952.4 2732.01 1727.03 1331.33 929.012 922.789 781.655 612.514 603.46 560.968 537.047 526.579 598.73 424.861 419.828 419.229 525.369 397.072 354.114 343.434 303.384 278.46 270.53 326.137 258.303 243.683 255.143 239.133 223.297 209.603
threshold=161.1470642089844 1.5000000000000002 233.50000000000003 -46.716757187441026 0.57352942228317272 3.5000000000000004 43.371500721841407 159.91176605224612 259.50000000000006 177.50000000000003 180.67240905761722 260.50000000000006 3.5000000000000004 3.5000000000000004 124.94380021095277 264.50000000000006 4.5000000000000009 7.5000000000000009 5.5000000000000009 179.50000000000003 55.515505820512779 210.50000000000003 236.50000000000003 179.50000000000003 0.57352942228317272 176.50000000000003 20.325362273898474 145.48981178265885 296.8249719664455 4.5000000000000009
decision_type=2 2 2 2 2 10 2 2 2 2 2 2 10 10 2 2 8 10 10 2 2 2 2 2 2 2 2 2 2 8
left_child=2 4 7 9 13 10 15 -1 24 -3 20 12 25 14 -2 16 -4 -9 -11 -12 -5 27 23 -22 -7 26 -6 -16 -8 -13
right_child=1 3 6 5 11 8 28 17 -10 18 19 29 -14 -15 21 -17 -18 -19 -20 -21 22 -23 -24 -25 -26 -27 -28 -29 -30 -31
leaf_value=-0.053102669761503331 -0.006631010614090444 0.039511610180323904 -0.027714231715705452 0.0046882848838512058 -0.0081039046102741961 0.013766784384070908 -0.018226561484553379 -0.034925041660303364 -0.0024864821156992205 0.014323865498725245 0.022958383137188881 -0.034671942339725835 0.021263427658773183 0.00012215862050466206 -0.032071980555803611 -0.026228819509596199 0.013409856704510168 0.019673402215900328 0.032572900542184167 0.00612563285640981 0.0058643841047232304 -0.013425161275327519 0.0023689763789613684 -0.014638947379102549 0.025963247458338563 -0.0011493812518020849 0.021385087572806358 0.067818659588609234 -0.045496703767236912 -0.0064798729261212442
leaf_weight=7763.3181326836348 16983.398334100842 3372.3958959728479 1024.2089471966028 14739.820854350924 1005.1690841019154 9522.3505222052336 1187.094164699316 5390.7278262525797 3869.8154787570238 15848.812231823802 4125.9533861130476 949.7535799741745 5442.2483011186123 10949.579111561179 3617.7943275719881 1656.6603976041079 3202.07785012573 354.30345248430967 3194.2888291180134 11407.118969574571 2516.2431450039148 6990.6390845030546 7533.6904937624931 8453.995995759964 7985.1541035920382 12747.877089351416 2708.5519558489323 60.018851861357689 2050.4371711984277 2152.7715166658163
leaf_count=61364 73255 14143 5571 61036 4035 38881 6361 34746 15950 64954 16739 4384 22150 46231 17047 7952 15505 2051 13426 47402 10535 31780 32115 36989 32773 53340 10947 261 13054 8998
internal_value=-8.31042e-05 0.00462733 -0.0325919 0.0101091 -0.00335041 0.00671948 -0.0157789 -0.0439416 0.0153814 0.0207168 0.00292302 0.0041571 0.00688792 -0.00821382 -0.0115146 -0.00491822 0.00343954 -0.031555 0.0173865 0.010598 -0.000663307 -0.0192875 -0.00492629 -0.00993599 0.0193307 0.00213434 0.0134035 -0.0304239 -0.0355064 -0.0151185
internal_weight=178806 156177 22628.8 92569.6 63607.8 70154.1 9120.48 13508.3 21377.3 22415.5 48776.8 25006.4 21903.8 38601.4 27651.9 5882.95 4226.29 5745.03 19043.1 15533.1 33243.8 10668.5 18503.9 10970.2 17507.5 16461.6 3713.72 3677.81 3237.53 3102.53
internal_count=803975 657371 146604 384943 272428 292420 48443 98161 87604 92523 204816 103854 90472 168574 122343 29028 21076 36797 78380 64141 140675 49088 79639 47524 71654 68322 14982 17308 19415 13382
is_linear=0
shrinkage=0.05


Tree=24
num_leaves=31
num_cat=0
split_feature=15 19 22 20 12 14 21 14 14 14 22 12 21 14 22 12 14 12 17 23 12 14 14 12 19 22 14 21 0 14
split_gain=10366 2920.42 1705.79 1386.2 948.887 887.623 868.012 789.09 767.312 733.933 723.381 628.03 592.081 481.98 454.595 437.044 427.358 393.5 392.061 388.751 383.242 495.638 377.324 409.668 365.561 348.54 331.642 338.298 323.46 314.782
threshold=9.7743926048278826 0.39705882966518408 0.34739525500000007 2.4766693115234379 2.339009287925697 235.50000000000003 -0.11925592499999998 261.50000000000006 228.50000000000003 253.50000000000003 -0.40248454999999994 4.7275541795665648 0.080794680850000009 195.50000000000003 -0.033103309549999994 6.5588235294117654 163.50000000000003 2.1269349845201244 159.91176605224612 2.3124152500000004 2.6517027863777094 201.50000000000003 223.50000000000003 0.86842105263157909 0.57352942228317272 1.0894472500000003 262.50000000000006 0.50852495500000006 1.0293335318565371 264.50000000000006
decision_type=2 2 2 2 2 2 2 2 2 2 2 2 2 2 2 2 2 2 2 2 2 2 2 2 2 2 2 2 2 2
left_child=1 4 3 -3 -1 18 10 13 28 16 22 -7 29 17 -10 -12 25 -8 -2 20 21 -15 23 -5 -18 -4 -16 -28 -6 -11
right_child=5 2 9 6 8 11 7 -9 14 12 15 -13 -14 19 26 -17 24 -19 -20 -21 -22 -23 -24 -25 -26 -27 27 -29 -30 -31
leaf_value=-0.019890408903607142 -0.052862942368714284 0.014552812989127042 0.014729560454371153 -0.049484240968092362 -0.0038376307634086816 -0.034858873289579637 -0.042020966257712677 -0.013215902817918511 -0.0038500998045804475 0.00099835222585607417 -0.0020242438077853306 0.0045390711446093987 0.015532055448355673 -0.03520210057196034 0.024447481891348363 0.018092211553271981 0.015787573591284805 7.5455202458708911e-05 -0.033688880374297674 0.075832803446384711 0.017449824852603654 0.0074036100761409006 -0.019072333278140469 -0.0028806440782908902 0.027996973707649288 -0.023538716197114021 -0.016200591119924598 0.022524177064079422 -0.0183494437228587 -0.031910998882643274
leaf_weight=11886.240800961852 7336.4776248857379 22795.234736517072 1713.7608316838741 494.2937246710062 8659.9126023352146 2520.4713436514139 671.68698188662529 4579.1736641973257 5527.8798517733812 1514.687417909503 10225.265689879656 1688.7856282442808 3601.7743287086487 725.30410128831863 4016.74801017344 3667.6423063278198 10888.963630095124 3176.5413327217102 4200.7056279033422 233.48368294537067 12035.269011348486 11347.816451191902 9106.1941512823105 9843.3663354963064 14045.197620943189 910.15680196881294 1297.61706417799 995.94184309244156 6898.8834618479013 1395.5056919753551
leaf_count=56225 60857 92629 6984 2217 37691 16059 2784 19394 25760 6127 42440 7920 14665 2991 16748 15052 44570 13038 28651 961 49295 47030 40991 42082 58589 3698 5590 4272 32325 5909
internal_value=1.61368e-05 0.00377509 0.00756645 0.00392081 -0.00809318 -0.0387147 0.000254427 0.00603317 -0.00297439 0.0170789 -0.00542596 -0.0190548 0.00198186 0.00916033 0.00661819 0.0032873 0.0206461 -0.00728125 -0.0458852 0.0117598 0.0111361 0.00484133 -0.0116516 -0.00511356 0.0226659 0.00145155 0.0157877 0.000617518 -0.010273 -0.014788
internal_weight=178001 162255 122971 88901.3 39283.2 15746.4 66106 32769.3 27397 34070 33336.8 4209.26 6511.97 28190.1 11838.2 13892.9 27558.1 3848.23 11537.2 24341.9 24108.4 12073.1 19443.9 10337.7 24934.2 2623.92 6310.31 2293.56 15558.8 2910.19
internal_count=803544 690057 511446 370904 178611 113487 278275 135493 122386 140542 142782 23979 26701 116099 52370 57492 113841 15822 89508 100277 99316 50021 85290 44299 103159 10682 26610 9862 70016 12036
is_linear=0
shrinkage=0.05


Tree=25
num_leaves=31
num_cat=0
split_feature=15 6 18 17 14 12 11 14 12 14 25 12 14 14 17 14 12 11 14 11 11 9 14 12 12 11 18 14 4 14
split_gain=9596.83 2659.29 1070.72 981.485 888.062 612.346 542.229 527.643 498.714 496.305 419.591 389.428 459.405 389.344 383.301 374.218 391.903 364.085 435.095 335.487 301.486 282.095 279.739 278.921 265.954 281.94 246.691 246.034 218.632 205.435
threshold=9.7743926048278826 1.5000000000000002 177.26871490478518 185.1259460449219 233.50000000000003 4.7275541795665648 48.929337142444808 176.50000000000003 4.3854489164086692 264.50000000000006 26.583925327658658 2.7198142414860684 227.50000000000003 177.50000000000003 159.91176605224612 206.50000000000003 11.291021671826627 68.440097592586525 264.50000000000006 77.785250096994204 20.325362273898474 79.500000000000014 264.50000000000006 8.0216718266253881 2.0154798761609913 27.620079198385081 163.92513275146487 247.50000000000003 111.5264671444893 233.50000000000003
decision_type=2 2 2 2 2 2 2 2 2 2 2 2 2 2 2 2 2 2 2 2 2 2 2 2 2 2 2 2 2 2
left_child=1 3 8 11 14 -6 15 20 19 10 -10 26 28 -8 -2 23 21 24 27 -3 -5 -17 -14 -4 -9 -26 -1 -19 -13 -27
right_child=4 2 6 7 5 -7 13 17 9 -11 -12 12 22 -15 -16 16 -18 18 -20 -21 -22 -23 -24 -25 25 29 -28 -29 -30 -31
leaf_value=-0.027070907812745133 -0.052721439573546858 -0.0035714766209484512 0.013354432010034462 -0.0030380177830776353 -0.034341547898450613 0.0037268348274498335 0.038816404136224961 -0.012925687239278078 0.014256421553532215 -0.013174446687545142 -0.0024540384940468902 -0.0045926570845530789 0.012658060377414494 0.018221421515765102 -0.033306093100874422 0.0041206157388556236 -0.03249759011865419 0.0070940811008899964 -0.041750067889472477 0.013830801683751576 0.019871059763503077 0.025530223397501467 -0.013030815652903894 0.033773044487832103 -0.011967408292855844 -0.0016488308008394074 -0.012448675289859403 0.033656047061120332 -0.019890204946197792 0.013594965952271876
leaf_weight=3700.8404946327209 6876.4808698296547 20994.777564585209 10226.275460198522 1968.931381970644 2598.7511836662889 1779.0467271357775 2725.7833681702614 6852.8211331218481 18766.22445319593 2352.3862338215113 4696.3211734741926 5229.5683666318655 4391.232866242528 14528.982773140073 4045.4974869191647 12908.622081339359 666.66913551092148 6030.694802775979 413.95770819485188 3189.3505230695009 5303.6227243542671 1745.8750640451908 1395.8613854646683 1999.4482638239861 4024.1928901523352 6194.0868683159351 13086.194998726249 1018.3217788636684 4220.9251637607813 3435.1975693851709
leaf_count=19699 59522 89810 41836 7914 17073 8479 11588 29350 78235 10108 19927 22854 19627 60163 28189 53761 2841 25011 1912 13219 21547 7210 6391 8267 17018 25870 57754 4180 20043 14451
internal_value=-5.53078e-05 0.00351827 0.00891332 -0.00408517 -0.0379072 -0.018874 0.0145268 0.00167222 0.00388321 0.00871638 0.0109117 -0.0104208 -0.00463312 0.0214769 -0.0455337 0.0101727 0.0049664 -0.00144761 0.00800795 -0.00127602 0.0136692 0.00667283 0.00646066 0.0166963 -0.00488905 -0.000854722 -0.0156737 0.0109355 -0.0114265 0.00379016
internal_weight=177367 162067 94800.7 67266.5 15299.8 4377.8 44801.7 35241.8 49999.1 25814.9 23462.5 32024.6 15237.6 17254.8 10922 27546.9 15321.2 27969.3 7462.97 24184.1 7272.55 14654.5 5787.09 12225.7 20506.3 13653.5 16787 7049.02 9450.49 9629.28
internal_count=803849 690586 396965 293621 113263 25552 185666 147253 211299 108270 98162 146368 68915 71751 87711 113915 63812 117792 31103 103029 29461 60971 26018 50103 86689 57339 77453 29191 42897 40321
is_linear=0
shrinkage=0.05


Tree=26
num_leaves=31
num_cat=0
split_feature=16 19 6 13 15 21 17 12 12 13 12 5 21 12 21 13 16 21 11 23 12 5 13 12 23 6 5 11 12 5
split_gain=9082.7 2484.45 1096.16 949.677 875.424 683.887 591.424 556.194 524.944 405.878 380.835 331.863 324.753 278.52 280.576 254.935 232.508 260.023 214.033 262.154 204.68 194.975 188.069 185.852 176.55 175.85 173.714 168.892 173.747 159.479
threshold=0.42647059261798864 0.57352942228317272 1.5000000000000002 -15.395231913786739 21.682642936706547 -0.22205014999999997 196.83333587646487 5.7941176470588251 4.2275541795665648 -28.604888029857864 4.2058823529411766 4.5000000000000009 -0.91873112499999987 11.291021671826627 0.54695698500000012 -40.744197211871288 0.60294118523597728 0.54695698500000012 54.480110909097803 0.56494268500000011 1.9922600619195048 8.5000000000000018 -48.970923507165146 3.6795665634674926 0.30975498500000004 1.0000000180025095e-35 9.5000000000000018 71.033626906423862 1.3947368421052635 2.5000000000000004
decision_type=2 2 2 2 2 2 2 2 2 2 2 2 2 2 2 2 2 2 2 2 2 2 2 2 2 2 2 2 2 2
left_child=4 2 9 5 8 7 10 22 -1 26 15 -7 -9 14 21 29 20 -18 19 -12 -11 -5 -3 -19 -20 -10 -2 28 -16 -4
right_child=1 3 6 13 -6 11 -8 12 25 16 18 -13 -14 -15 27 -17 17 23 24 -21 -22 -23 -24 -25 -26 -27 -28 -29 -30 -31
leaf_value=-0.037176097188733888 0.0053114570028275528 0.011055453884756889 0.027602264120883679 0.0033229808840091139 -0.050120482521640808 0.026642551897432611 0.018268456949850603 0.03506958541891788 -0.022002174598357016 -0.028764666093474119 -0.0098754052225630516 0.015282201950745151 0.0099769323352445968 -0.024985077309952849 -0.0087566833922087008 -0.0077156635963795813 -0.011645570806335607 -0.0037649274642299921 0.067120326459755353 0.0057651788915541588 -0.012640320927969715 -0.0090951484011668124 -0.0014845196479758625 0.018604067057432696 0.014375516532754011 -0.0012021295387536887 -0.0069818044369706874 0.037273197305557275 0.015267394825396753 0.0017128561831696162
leaf_weight=5016.330095179379 6451.5619681179523 4297.1072030812502 670.6792099326849 13858.506165981293 6652.6156347543001 10707.555673360825 5586.347522765398 2377.7630897313356 2384.4693837240338 2927.4156436696649 3165.4888512790203 16102.485202386975 2818.2388458102942 893.16181068122387 951.36765377223492 14168.496206387877 15250.942007526755 4345.5349180400372 166.15996576845646 17407.024552062154 6012.2266074940562 4093.7513179630041 9823.291952162981 1179.8431707769632 3157.3098319619894 1770.3954112231731 5180.142123028636 660.99842934310436 3591.015433371067 5201.0365432351828
leaf_count=35099 27147 17705 2762 57507 59479 44642 23170 9900 14780 15014 13208 66229 11657 3814 3917 61454 66989 18773 680 73273 28938 17673 41115 4985 13067 9481 22883 2682 14667 21670
internal_value=-0.0001659 0.00338585 -0.00207163 0.0104527 -0.0363115 0.0146525 0.00294623 0.00747941 -0.0262903 -0.00808149 0.000997681 0.0198202 0.0214642 0.00239702 0.00345423 -0.00408542 -0.0111807 -0.00827891 0.00526059 0.0033582 -0.0179231 0.000490858 0.00233215 0.00101406 0.0170319 -0.0131417 -0.000163437 0.0136762 0.0102349 0.00467419
internal_weight=176869 161045 90870.2 70175.2 15823.8 46126.4 49522.5 19316.4 9171.19 41347.7 43936.2 26810 5196 24048.8 23155.6 20040.2 29716 20776.3 23896 20572.5 8939.64 17952.3 14120.4 5525.38 3323.47 4154.86 11631.7 5203.38 4542.38 5871.72
internal_count=804360 685521 394013 291508 118839 191248 209284 80377 59360 184729 186114 110871 21557 100260 96446 85886 134699 90747 100228 86481 43952 75180 58820 23758 13747 24261 50030 21266 18584 24432
is_linear=0
shrinkage=0.05


Tree=27
num_leaves=31
num_cat=0
split_feature=19 13 14 5 19 24 12 12 14 24 19 14 14 24 14 14 13 24 14 19 14 24 25 12 24 24 25 23 12 24
split_gain=8257.32 2218.67 1558.46 1230.7 1068.64 879.431 828.634 700.027 598.526 575.903 519.516 511.706 910.805 414.661 372.124 642.111 388.721 366.923 326.946 291.752 277.552 255.61 295.361 249.447 240.47 239.915 235.019 228.133 226.437 225.725
threshold=0.13235294446349147 -29.258199989922549 234.50000000000003 3.5000000000000004 0.57352942228317272 5.5000000000000009 2.3668730650154806 5.9674922600619196 260.50000000000006 2.5000000000000004 0.60294118523597728 243.50000000000003 176.50000000000003 2.5000000000000004 211.50000000000003 174.50000000000003 -63.695709774691615 4.5000000000000009 199.50000000000003 0.044117647223174579 261.50000000000006 4.5000000000000009 23.751822867989542 5.7941176470588251 1.5000000000000002 7.5000000000000009 21.600588315725329 2.6245776500000004 3.2368421052631584 3.5000000000000004
decision_type=2 2 2 2 2 10 2 2 2 8 2 2 2 8 2 2 2 8 2 2 2 8 2 2 8 10 2 2 2 10
left_child=2 3 19 -2 7 10 -4 11 9 18 14 12 -3 -13 15 -5 24 -8 23 -1 -15 -22 -23 -6 -17 -21 -16 -11 -18 -9
right_child=1 4 6 5 8 -7 17 29 -10 27 -12 13 -14 20 26 16 28 -19 -20 25 21 22 -24 -25 -26 -27 -28 -29 -30 -31
leaf_value=-0.050116586264801838 0.022852238381921807 -0.0017239145533607782 -0.040656953491148909 0.019740779405394177 -8.6154625720873256e-05 0.022955089514045485 -0.029403185559707903 -0.00088013245169150814 -0.0089299851958968314 0.011416953606223485 0.011571775137449617 -0.025829724611167604 -0.019679108477621731 0.0097031981694223595 0.014500903706720004 -0.057936192140199919 -0.026649816385375297 0.0024638698540500187 -0.013350191076557938 -0.035939116998227993 -0.031865628575477763 -0.013682173414220886 0.013378027694834392 0.028056299433697359 0.0073480014015664327 0.017106130284539337 0.00035774409236870932 0.053494043017873041 -0.0095749356089993749 0.012012945370107124
leaf_weight=7071.3480181545019 16095.157454684377 11821.04016391933 2182.5344030037522 2000.9466395676136 3586.8055863529444 7149.545481517911 1141.4862527251244 9181.1999989971519 6254.1825726181269 23387.431754514575 14161.28532102704 1422.8556383997202 17546.925041265786 6343.1352650523186 4780.3626877516508 147.29620189964771 3390.4785874783993 4313.9984866082668 4083.1363305151463 3343.0317466184497 806.47837747633457 2160.240724593401 1889.4498671144247 1007.8676968365908 2888.946149289608 227.10155443847179 7616.2059468254447 325.71676023304462 4546.3135312646627 5385.2300809621811
leaf_count=64157 67124 50300 14326 8337 14664 30000 6492 39831 26883 95470 58286 6846 81225 27144 20114 618 14910 21590 18385 24045 3621 9168 8048 4116 11941 1412 32373 1348 19441 22166
internal_value=-4.82278e-05 0.00363312 -0.0318623 0.01093 -0.00117853 0.00681894 -0.0146271 -0.00555744 0.0052299 0.00796414 0.00390012 -0.00883372 -0.0124522 -0.000414332 -0.000382311 -0.00630127 -0.0110514 -0.00420805 -0.00305664 -0.0442304 0.00281667 -0.00617866 -0.0010566 0.00609181 0.00416286 -0.032561 0.00581236 0.0119971 -0.0168715 0.00388695
internal_weight=176258 157978 18279.5 62776.5 95201.7 46681.4 7638.02 56556.6 38645.1 32391 39531.8 41990.1 29368 12622.2 25370.5 12974 10973 5455.48 8677.81 10641.5 11199.3 4856.17 4049.69 4594.67 3036.24 3570.13 12396.6 23713.1 7936.79 14566.4
internal_count=804381 672359 132022 263144 409215 196020 42408 248349 160866 133983 166020 186352 131525 54827 107734 55247 46910 28082 37165 89614 47981 20837 17216 18780 12559 25457 52487 96818 34351 61997
is_linear=0
shrinkage=0.05


Tree=28
num_leaves=31
num_cat=0
split_feature=15 22 5 13 14 17 22 5 13 17 22 6 14 14 5 14 14 24 3 22 24 13 13 24 14 14 24 17 14 14
split_gain=7649.88 2251.22 1758.55 1012.91 860.178 735.941 475.973 502.222 427.007 403.052 399.921 359.978 358.006 649.127 362.389 344.027 439.898 563.065 335.221 302.37 291.942 268.987 252.883 266.932 262.468 251.271 249.418 237.682 236.312 233.296
threshold=9.7743926048278826 -0.17849789999999996 7.5000000000000009 -12.470812891082312 235.50000000000003 191.47000122070315 -1.2825376499999999 2.5000000000000004 -59.412463241317319 159.91176605224612 -0.16837660999999995 3.5000000000000004 243.50000000000003 261.50000000000006 11.500000000000002 265.50000000000006 242.50000000000003 7.5000000000000009 16.97103309258819 0.94406590000000012 7.5000000000000009 -71.248739037547395 -36.917227279291062 1.5000000000000002 186.50000000000003 210.50000000000003 5.5000000000000009 191.74210357666018 256.50000000000006 176.50000000000003
decision_type=2 2 2 2 2 2 2 2 2 2 2 2 2 2 2 2 2 10 2 2 10 2 2 8 2 2 10 2 2 2
left_child=1 2 6 5 9 11 21 22 -4 -2 -6 29 14 -14 -10 16 17 27 -17 -19 -11 -1 24 -24 -8 -7 -18 -5 -9 -3
right_child=4 3 8 15 10 25 7 28 12 20 -12 -13 13 -15 -16 18 26 19 -20 -21 -22 -23 23 -25 -26 -27 -28 -29 -30 -31
leaf_value=0.037365991520080764 -0.05071804563873044 0.01651866693478236 0.0094890556198763982 -0.011705318710037866 -0.032075108010940365 0.024392301825660566 0.039712920381552164 0.0029249911468654348 -0.012033103854474576 -0.033457497146641653 -0.00041052305419207079 0.013531583244247962 0.0020233009191646732 -0.024917457904935679 -0.026170719697387747 -0.036807682122956917 0.017998370428101287 0.026007823999815455 -0.0043016757323516017 -0.024827041608526293 0.027939896164929041 -0.010642870149565754 -0.0035673636446003649 0.014536336989771163 0.011517136651492281 0.014407347926749662 -0.00072509426514884854 0.0038027151801336419 -0.012116297299540776 -0.00029020815798117027
leaf_weight=303.35565419495106 6326.0926815345883 2441.3491875976324 2121.941050440073 7646.5040334910154 1911.2033441662788 11839.745014175773 1600.8759415596724 25242.53373144567 10959.090142339468 3671.1161376908422 2083.8830290287733 13072.142152369022 7212.9304730594158 3239.2558503597975 7733.056717634201 1006.9642286598682 6061.661838889122 2215.8582245409489 3722.8290507048368 336.1772523522377 203.6605377048254 7068.9625061899424 2891.1146169602871 6881.4169850647449 1705.0749779343605 13482.283330112696 2517.0513281077147 3649.3229551613331 2911.5921575278044 13335.530016213655
leaf_count=1239 60787 10202 8852 33878 12558 50339 6626 105617 49092 27262 11285 53843 32179 15564 38043 4299 25211 9196 16317 1398 1335 30706 12099 28703 6909 55739 10296 14765 12643 56233
internal_value=-4.88755e-05 0.00304999 -0.00291241 0.00890559 -0.035235 0.0128564 0.00303805 0.00513027 -0.0121625 -0.0429372 -0.0155627 0.00739598 -0.0137392 -0.00632754 -0.017883 0.00102447 0.00360901 -0.00190274 -0.0112285 0.0193043 -0.030224 -0.0086626 0.0132262 0.0091807 0.0251786 0.0190768 0.0125053 -0.00669527 0.0013691 0.00231172
internal_weight=175395 161199 79871.2 81327.4 14196 54171 48604.9 41232.6 31266.3 10200.9 3995.09 28849 29144.3 10452.2 18692.1 27156.4 22426.6 13847.9 4729.79 2552.04 3874.78 7372.32 13078.5 9772.53 3305.95 25322 8578.71 11295.8 28154.1 15776.9
internal_count=803215 689988 348272 341716 113227 226356 204542 172597 143730 89384 23843 120278 134878 47743 87135 115360 94744 59237 20616 10594 28597 31945 54337 40802 13535 106078 35507 48643 118260 66435
is_linear=0
shrinkage=0.05


Tree=29
num_leaves=31
num_cat=0
split_feature=16 22 5 13 16 21 12 16 5 14 12 22 23 11 14 23 21 14 14 11 12 14 23 22 22 17 22 21 21 22
split_gain=7162.24 1991.66 1379.3 786.654 783.45 761.783 581.803 574.89 530.444 518.704 462.845 437.486 429.229 531.665 397.625 441.829 544.238 394.097 367.637 473.353 427.164 384.17 617.631 451.754 360.942 353.529 339.252 338.459 335.988 318.983
threshold=0.42647059261798864 0.055660221750000009 8.5000000000000018 -20.480352920932756 0.16176471114158633 0.5992195600000001 5.0015479876161004 0.77941176295280468 6.5000000000000009 207.50000000000003 2.7631578947368425 1.5679100000000001 0.57830724000000011 72.489355760012359 260.50000000000006 1.1675285000000002 0.69073289500000012 185.50000000000003 265.50000000000006 33.014739663412236 5.1284829721362231 220.50000000000003 2.0540985000000007 1.3255616000000001 -1.2466693999999998 187.14091491699222 -0.19567234999999997 -0.79875919499999992 -0.64732500999999987 -0.092493746449999983
decision_type=2 2 2 2 2 2 2 2 2 2 2 2 2 2 2 2 2 2 2 2 2 2 2 2 2 2 2 2 2 2
left_child=4 2 5 8 -1 7 -6 24 -3 10 -4 -10 13 -11 29 16 -16 -9 20 -20 -5 22 28 27 -2 -7 -8 -23 -22 -14
right_child=1 3 9 18 6 25 26 17 11 12 -12 -13 14 -15 15 -17 -18 -19 19 -21 21 23 -24 -25 -26 -27 -28 -29 -30 -31
leaf_value=-0.048591397754571643 -0.016991726931489721 0.020883547826978682 -0.035765993609733482 0.00041354332245003395 -0.033991666190792975 0.0028093588221394382 -0.028455053046501678 0.012783540316331228 0.00655022118828284 0.00011493987763712688 -0.011183362343536556 0.042404374148902781 -0.0085218388279598625 0.046850904603164441 -0.024270351003624124 -0.039633137826002446 0.04352295708255681 -0.00034474093323002712 -0.018838889071783771 0.016382790395132709 0.018917040319791342 0.010432934888558426 0.039534518341595472 -0.0028786770251849605 -0.0019938614133756943 0.020581740170950824 0.0041651774707647414 0.037988763755530147 -0.017330594270734311 0.015930806767533372
leaf_weight=5350.6004788056016 4759.2726711407304 18358.01830303669 3188.872868783772 13350.609167560935 5984.50095076859 4410.9234863594174 1275.2126686051488 11314.387879744172 15528.572077557445 3941.2213580161333 4793.7486626803875 899.17201279103756 13998.182824507356 718.63228918612003 943.76577787101269 2060.9019429683685 430.14596158266068 11552.803288757801 3382.7916198670864 1327.5066604614258 865.33221931755543 1684.2411150634289 868.01288199424744 1468.1505277752876 25509.446603044868 7653.7502430975437 2122.3592334836721 3297.9101109355688 2439.1794308722019 1473.2091317474842
leaf_count=54194 21568 77922 14703 56377 44562 18906 8109 46204 64191 17431 22026 3760 63978 3077 4558 10182 1929 48158 14509 5810 3551 6807 3582 5995 109014 31287 11852 13354 10057 6294
internal_value=3.78074e-05 0.00310563 -0.0014096 0.00998831 -0.0333229 0.0027432 -0.0246111 0.000167832 0.0150429 -0.00999186 -0.0210068 0.00851516 -0.00625999 0.00733096 -0.00960999 -0.0249969 -0.00302932 0.00615124 0.00385809 -0.00891097 0.00636722 0.013849 0.00202579 0.0214956 -0.00435252 0.0140848 -0.00808296 0.0286773 -0.0078358 -0.00619254
internal_weight=174951 160219 96749.3 63469.5 14732.7 65200.6 9382.07 53135.9 34785.8 31548.7 7982.62 16427.7 23566.1 4659.85 18906.2 3434.81 1373.91 22867.2 28683.7 4710.3 23973.4 10622.8 4172.52 6450.3 30268.7 12064.7 3397.57 4982.15 3304.51 15471.4
internal_count=803947 685230 419315 265915 118717 275137 64523 224944 145873 144178 36729 67951 107449 20508 86941 16669 6487 94362 120042 20319 99723 43346 17190 26156 130582 50193 19961 20161 13608 70272
is_linear=0
shrinkage=0.05


Tree=30
num_leaves=31
num_cat=0
split_feature=16 19 15 20 17 21 13 20 20 21 11 11 5 19 21 11 20 23 9 11 23 11 21 20 21 20 13 23 20 20
split_gain=6735.73 1923.38 831.932 813.971 801.847 775.595 549.35 462.278 451.409 498.456 445.836 428.408 392.918 317.937 277.525 275.656 307.201 288.929 283.138 257.858 308.343 430.563 278.837 454.229 248.744 248.674 220.701 220.47 217.035 314.571
threshold=0.42647059261798864 0.57352942228317272 25.586019515991214 79.287681579589858 196.83333587646487 -0.071224827349999978 -24.159708698975042 7.2383346557617196 67.646110534667983 -1.5734585999999997 33.253394066733847 10.389228504554778 3.5000000000000004 0.33823530375957495 -0.78959470999999992 28.886018813636749 -8.318016052246092 1.5707905000000002 74.500000000000014 53.79989594552125 1.2342374500000002 8.531781322423706 0.64024144500000013 100.27297973632814 -0.19994983999999996 74.476669311523452 -9.3735463795116605 2.0540985000000007 6.2876815795898446 49.516838073730476
decision_type=2 2 2 2 2 2 2 2 2 2 2 2 2 2 2 2 2 2 2 2 2 2 2 2 2 2 2 2 2 2
left_child=2 4 10 5 6 7 12 -3 11 -10 25 24 -2 -13 -5 -7 -17 18 -18 20 21 -11 23 -23 27 -1 -9 -8 -14 -30
right_child=1 3 -4 14 -6 15 8 26 9 19 -12 13 28 -15 -16 16 17 -19 -20 -21 -22 22 -24 -25 -26 -27 -28 -29 29 -31
leaf_value=-0.025154433352129742 0.013238620099719871 0.013399058284737794 -0.049970271871248764 -0.026791134014197651 0.012948118292431166 0.0069297032018032778 0.023273722799016121 0.0041443557345328926 -0.037375147859768358 -0.025445688350869168 -0.032334002944369292 -0.021739912612568205 0.010720381667689004 -0.0093652885193962806 -0.0016326995863677777 0.035163775590788045 0.013297273173881045 0.030174203840890881 0.044835896166552744 -0.011989467218988446 -0.0065957150927662056 0.013621651321003929 0.02882768045230294 -0.015813034346935352 -0.013355627625398259 0.001816929453662268 -0.0082087672586887081 -0.019550930456647422 -0.0077172983983367881 0.0038787208443392725
leaf_weight=1516.7741964831948 5977.7352840676904 12823.23046092689 4695.9657401815057 1310.14392760396 8346.7279252558947 5311.3843995779753 1807.6492913216352 15496.646318674088 892.10509292781353 860.22382870316505 6223.5587119013071 7247.4372538402677 3492.1675667241216 18295.487251341343 6686.2903954386711 2776.1272512376308 16178.464550420642 3663.5930437892675 743.60487635433674 3232.8972360789776 5067.9759561121464 6085.6756918728352 1862.042800962925 1669.4676795899868 1063.0669992268085 1955.605634085834 4714.9703695327044 359.63581477850676 13324.28746676445 10422.338770285249
leaf_count=11222 24790 52598 49743 5859 34902 21763 7973 65063 4159 3699 47445 35569 14480 78711 28226 11896 66849 15497 3087 15329 22589 26201 8029 7886 4752 10339 20459 1601 57076 45171
internal_value=6.40895e-05 0.00301639 -0.0326965 0.00925142 -0.00181227 0.0111964 -0.00332111 0.00597376 -0.00671691 -0.000879347 -0.0243261 -0.0107075 0.00163144 -0.0128771 -0.00575752 0.0172131 0.0195507 0.0174435 0.0146857 0.000856367 0.00352845 0.00842572 0.0114577 0.00728396 0.00644682 -0.00996831 0.00126235 0.0161617 -0.00091623 -0.00262788
internal_weight=174103 159711 14391.9 69704.5 90006.9 61708 81660.2 33034.8 48443.7 19670.4 9695.94 28773.3 33216.5 25542.9 7996.43 28673.2 23361.8 20585.7 16922.1 18778.3 15545.4 10477.4 9617.19 7755.14 3230.35 3472.38 20211.6 2167.29 27238.8 23746.6
internal_count=802963 684214 118749 291297 392917 257212 358015 138120 216498 87892 69006 128606 141517 114280 34085 119092 97329 85433 69936 83733 68404 45815 42116 34087 14326 21561 85522 9574 116727 102247
is_linear=0
shrinkage=0.05


Tree=31
num_leaves=31
num_cat=0
split_feature=19 19 14 22 14 22 5 11 14 6 22 24 22 17 23 11 5 14 23 14 22 11 11 5 14 11 14 14 11 23
split_gain=6056.74 1694.88 1460.94 980.76 807.64 894.338 671.231 634.975 559.953 443.082 413.553 391.794 378.303 311.641 307.293 302.66 293.159 289.662 274.025 269.969 246.221 308.817 242.934 241.895 234.143 232.308 230.896 529.99 434.944 226.081
threshold=0.13235294446349147 0.57352942228317272 230.50000000000003 -0.047694848849999992 260.50000000000006 -0.092493746449999983 2.5000000000000004 45.808174089295072 184.50000000000003 1.0000000180025095e-35 -0.16837660999999995 2.5000000000000004 -1.21867025 159.91176605224612 0.88105851500000021 96.005895777764081 15.500000000000002 229.50000000000003 0.93623566500000011 264.50000000000006 -0.89578321499999991 9.0522675820548493 20.631915132800589 14.500000000000002 256.50000000000006 12.778281696572909 239.50000000000003 261.50000000000006 54.128781830597873 1.2342374500000002
decision_type=2 2 2 2 2 2 2 2 2 2 2 10 2 2 2 2 2 2 2 2 2 2 2 2 2 2 2 2 2 2
left_child=2 3 13 6 5 8 -2 10 29 17 -4 15 -8 -1 26 20 -14 23 -16 -12 -10 -22 -15 -5 -13 -7 28 -28 -11 -3
right_child=1 4 7 9 -6 25 12 -9 11 14 19 24 16 22 18 -17 -18 -19 -20 -21 21 -23 -24 -25 -26 -27 27 -29 -30 -31
leaf_value=-0.04944688982658979 0.0070999771050457268 0.021514601972924832 -0.020226736857699018 -0.0046271357162451085 -0.0067847652571372099 0.0020279389409985677 -0.020721740866156576 -0.033866369138071291 -0.012994139711830039 -0.016152613688293856 0.017424634423924629 0.017864696441646219 -0.0054361055336824143 0.0020583543001858845 0.036277345239059809 0.030575593719593997 -0.020616725885308915 0.0068559882038018924 0.0099663576923587471 -0.013738098842534383 -0.047176219756575093 0.0013369810133688905 -0.035816463847826885 -0.025288254164955944 -0.023665772373308958 0.018840987240128754 0.029056782769365377 -0.011600083219112028 0.0093112753580919579 0.0076747091784963627
leaf_weight=5660.2589447572827 7680.1222058236599 5599.8750271499157 2169.8211285024881 5631.765678435564 7384.655200868845 2237.6842396855354 5904.1033667251468 2469.4152094572783 4987.34298799932 3721.1260580942035 2275.6470501050353 3987.5405536592007 30586.776917479932 498.61743928492069 1050.0949434638023 672.97046202421188 3548.5698442980647 3977.1881562620401 16967.165700756013 999.52116556465626 335.78007484972477 12632.679639130831 2800.8225028514862 1892.0429233983159 370.08724707365036 25134.583463162184 1855.4714188277721 1409.8850008249283 3051.1330282986164 6240.1156154721975
leaf_count=59502 32026 22884 13062 24215 31722 9007 28429 17604 22082 15499 11339 16238 135226 3102 4334 2719 18425 16750 70139 4766 1435 52250 22557 9522 1525 105862 7543 5903 12766 25405
internal_value=-3.4903e-05 0.00302716 -0.0284978 -0.00161364 0.00884785 0.0107039 -0.0064393 -0.0128418 0.00538835 0.00420798 -0.00330227 0.000837972 -0.00903643 -0.0423242 0.00759611 -0.00231936 -0.00701478 -0.00405677 0.0115018 0.00791305 -0.00355388 7.73339e-05 -0.0300939 -0.00982554 0.014333 0.0174666 0.000585129 0.0115042 -0.00468058 0.0142217
internal_weight=173733 156859 16874.1 87275.4 69583.3 62198.7 47719.6 7914.4 34826.4 39555.9 5444.99 22986.4 40039.5 8959.7 28054.9 18628.8 34135.3 11501 18017.3 3275.17 17955.8 12968.5 3299.44 7523.81 4357.63 27372.3 10037.6 3265.36 6772.26 11840
internal_count=803838 671906 131932 380777 291129 259407 214106 46771 144538 166671 29167 96249 182080 85161 116184 78486 153651 50487 74473 16105 75767 53685 25659 33737 17763 114869 41711 13446 28265 48289
is_linear=0
shrinkage=0.05


Tree=32
num_leaves=31
num_cat=0
split_feature=16 6 24 1 14 13 23 14 20 14 12 12 14 12 16 14 12 4 14 24 17 12 17 23 24 13 23 24 14 14
split_gain=5929.78 1808.89 1008.6 680.81 668.859 653.215 428.904 476.401 806.726 633.304 558.604 554.241 446.999 624.926 403.906 381.617 363.554 348.701 311.467 335.124 306.09 300.487 339.407 278.704 270.369 254.043 253.654 251.316 247.063 240.393
threshold=0.39705882966518408 1.0000000180025095e-35 3.5000000000000004 24.532674551010135 259.50000000000006 -48.970923507165146 1.2471615 238.50000000000003 1.492424011230469 264.50000000000006 1.8591331269349849 11.018575851393191 199.50000000000003 6.3699690402476792 0.60294118523597728 169.50000000000003 3.8560371517027869 25.399999752640728 261.50000000000006 3.5000000000000004 177.58816528320315 4.4907120743034072 187.78333282470706 0.6373728500000001 7.5000000000000009 -14.547713327134352 0.24819187000000004 4.5000000000000009 236.50000000000003 271.50000000000006
decision_type=2 2 10 2 2 2 2 2 2 2 2 2 2 2 2 2 2 2 2 10 2 2 2 2 10 2 2 10 2 2
left_child=3 14 5 16 21 15 7 8 20 10 -9 25 13 -8 -2 -3 -1 -10 19 -16 -7 22 -4 29 28 -12 -17 -6 -18 -11
right_child=1 2 4 -5 27 6 12 9 17 23 11 -13 -14 -15 18 26 24 -19 -20 -21 -22 -23 -24 -25 -26 -27 -28 -29 -30 -31
leaf_value=-0.035787925787239501 -0.014839407203859394 0.04029998298545321 0.0024846713468988199 -0.042216422982915558 -0.024256930332097793 -0.011490175817506262 -0.0049199808865326841 -0.011119814899834499 0.009237075202072063 -0.027280362426835281 0.028462411367761755 -0.051629128603749214 -0.014961715355952294 0.026460280798236726 -0.0048999851009399343 0.03760454600839367 -0.02322677052323192 -0.0091868805181473372 -0.016932104686273718 0.0072903797669257794 0.014717427753297006 0.02113861169102689 0.017354379501587858 0.0058458039369974858 0.036821053196152156 0.013329633414904191 0.0082223089789099646 0.0022870261533452204 0.0099534938383405679 0.010820809040891222
leaf_weight=1777.9338366910815 10234.357539713383 1104.636846318841 6637.0181473866105 7829.1121800541878 1106.7360489815474 1286.7630146965384 8755.7990616932511 1746.5970616862178 3017.8527219220996 1789.4934835880995 5598.6726845577359 268.38524048030376 7822.6130394414067 1936.6151603758335 21625.68435575068 775.66195578873158 1715.6871026754379 17208.170495547354 3802.5759344100952 7624.8212445527315 8271.8475853949785 14081.952571734786 9098.4690725505352 2383.8267294764519 312.51461688429117 5501.381292834878 13579.114830173552 4572.0574992597103 832.70160599797964 537.8908549696207
leaf_count=14971 51598 4852 28014 76752 4880 5925 37619 7526 12456 7775 23190 1147 36430 8186 93346 3194 13619 73694 17190 31723 33986 59149 38476 10428 1829 23124 56265 18998 4099 2344
internal_value=-9.35284e-06 0.00257304 0.00580191 -0.0332229 0.0128374 0.00274079 0.000577497 0.00308864 -0.000780739 0.00955341 0.0152015 0.019246 -0.00587967 0.00076557 -0.00616018 0.0119934 -0.0180384 -0.00643759 -0.00347243 -0.00172214 0.0111886 0.0158326 0.0110831 -0.00616968 -0.00699916 0.0209642 0.00981249 -0.00288947 -0.0123853 -0.0184738
internal_weight=172837 160369 117082 12467.9 35496.2 81585.3 66125.9 47610.9 29784.6 17826.2 13115 11368.4 18515 10692.4 43287.4 15459.4 4638.84 20226 33053.1 29250.5 9558.61 29817.4 15735.5 4711.21 2860.9 11100.1 14354.8 5678.79 2548.39 2327.38
internal_count=802785 691515 497658 111270 149517 348141 283830 201595 126061 75534 54987 47461 82235 45805 193857 64311 34518 86150 142259 125069 39911 125639 66490 20547 19547 46314 59459 23878 17718 10119
is_linear=0
shrinkage=0.05


Tree=33
num_leaves=31
num_cat=0
split_feature=15 0 22 19 19 11 14 11 24 14 14 23 22 23 14 14 12 22 13 17 22 15 14 11 11 14 14 4 22 23
split_gain=5521.62 1913.2 879.099 636.739 599.065 536.137 522.307 456.949 454.4 400.754 339.879 411.316 338.207 331.022 506.616 326.079 462.518 313.241 304.22 302.251 290.84 285.709 268.094 263.974 257.152 288.232 248.772 244.92 226.276 221.452
threshold=12.043208599090578 1.0293335318565371 0.066633861500000016 0.39705882966518408 0.57352942228317272 17.239815477970215 262.50000000000006 11.857232115548266 3.5000000000000004 182.50000000000003 161.50000000000003 2.3124152500000004 1.5224150000000003 0.57171410500000008 271.50000000000006 216.50000000000003 1.9922600619195048 1.1680100000000002 -50.83003577814889 196.83333587646487 -1.1729728499999998 26.860466003417972 180.50000000000003 96.005895777764081 45.808174089295072 251.50000000000003 195.50000000000003 29.590154796838764 -0.16078418999999997 1.3355400000000002
decision_type=2 2 2 2 2 2 2 2 10 2 2 2 2 2 2 2 2 2 2 2 2 2 2 2 2 2 2 2 2 2
left_child=1 2 4 15 19 26 10 -8 22 -6 12 27 -4 14 -9 -3 -17 -15 -11 20 -1 -7 -5 -24 25 -10 -2 -12 -28 -26
right_child=5 3 6 8 9 21 7 13 24 18 11 -13 -14 17 -16 16 -18 -19 -20 -21 -22 -23 23 -25 29 -27 28 -29 -30 -31
leaf_value=-0.015615709708608662 -0.038590587255487474 -0.018776568312415389 0.0029804515706000137 0.004916188294602955 0.016782765915914453 -0.0324619384461583 -0.027741579322919874 -0.042418749042180411 0.0072898044602696934 0.015087656133235976 0.022791584995652068 0.043697736097722768 -0.056259739644386658 0.01764367924272103 0.061060999314173262 -0.020553585140342275 0.0016340128890431984 -0.034668532819709649 0.00058550102795127453 0.011587306035732716 -0.001688418220499357 -0.050614534485952462 -0.0083159071648017582 0.013333280092269688 0.0017941222776892273 -0.019495401957582651 -0.02012997316300557 0.012186591394669323 0.036677360416578653 0.020627504611744011
leaf_weight=4446.0613371804357 325.80490493774414 9578.4354176744819 2385.7698611095548 6030.3504105210304 8668.2750954329967 5194.8883434459567 1338.5069147199392 640.29611504077911 2921.8282235711813 4704.6542961001396 6959.6210802197456 1252.2637558802962 266.98374661058187 3032.9443219155073 144.10410106182098 3578.0766569972038 6832.7372289076447 315.0358647108078 15621.270861953497 3556.1782340109348 23866.418889775872 3732.5922033414245 21743.183840349317 1504.6589277535677 2489.9535320550203 1529.1918758749962 291.80723412334919 25030.4314410761 436.15594259649515 4182.9546447843313
leaf_count=20907 3066 48743 9988 24750 35569 45065 5757 2726 11943 19131 30008 5340 1124 12506 610 18918 33266 1317 65686 14732 104514 44741 94090 6244 10343 6430 1803 104907 2301 17440
internal_value=1.99937e-05 0.00223566 0.00640399 -0.00482035 0.00258141 -0.0360755 0.012028 -0.00236287 -0.001209 0.00778193 0.0142214 0.0155958 -0.00300067 0.00586219 -0.0233547 -0.0121192 -0.00599285 0.0127124 0.00394276 -0.00215014 -0.00387597 -0.0400564 -0.00447745 -0.0069142 0.00739319 -0.00191483 -0.00234371 0.0144944 0.0139095 0.0136013
internal_weight=172601 162620 102229 60391.4 60862.9 9981.25 41366 5470.89 40402.1 28994.2 35895.1 33242.3 2652.75 4132.38 784.4 19989.2 10410.8 3347.98 20325.9 31868.7 28312.5 8927.48 29278.2 23247.8 11123.9 4451.02 1053.77 31990.1 727.963 6672.91
internal_count=803965 706989 434822 272167 260539 96976 174283 22916 171240 120386 151367 140255 11112 17159 3336 100927 52184 13823 84817 140153 125421 89806 125084 100334 46156 18373 7170 134915 4104 27783
is_linear=0
shrinkage=0.05


Tree=34
num_leaves=31
num_cat=0
split_feature=15 0 13 14 22 22 12 19 19 12 4 22 14 14 19 22 22 14 19 14 12 12 14 14 24 14 12 11 11 14
split_gain=4912.03 1623.5 859.393 732.938 561.653 528.61 501.869 420.806 410.539 400.407 391.97 392.265 380.544 356.641 289.096 280.454 275.66 247.284 241.353 367.126 394.461 230.11 219.284 219.214 244.64 263.625 333.976 217.071 211.437 224.52
threshold=10.599842071533205 1.0037087798118594 -41.654936913147147 231.50000000000003 -0.15288999499999997 -1.2068874999999999 3.5959752321981431 0.33823530375957495 0.60294118523597728 5.9674922600619196 26.5664331689477 1.5224150000000003 175.50000000000003 263.50000000000006 0.044117647223174579 -0.16837660999999995 -0.22252412499999999 261.50000000000006 0.60294118523597728 228.50000000000003 1.9922600619195048 3.535603715170279 261.50000000000006 259.50000000000006 3.5000000000000004 240.50000000000003 2.7631578947368425 47.991097446288862 71.033626906423862 271.50000000000006
decision_type=2 2 2 2 2 2 2 2 2 2 2 2 2 2 2 2 2 2 2 2 2 2 2 2 10 2 2 2 2 2
left_child=1 2 10 14 7 21 -5 -3 9 -7 -1 -12 -9 16 -2 -8 -11 -10 19 -6 28 -4 -22 24 -14 26 -26 -27 29 -21
right_child=3 4 5 6 18 8 15 12 17 13 11 -13 23 -15 -16 -17 -18 -19 -20 20 22 -23 -24 -25 25 27 -28 -29 -30 -31
leaf_value=0.024854337731433127 -0.04789625513667374 -0.020294777842778916 -0.0020109109690365926 -0.034102825369713999 -0.0072195979866180524 -0.0015286808902716552 -0.020752913934263931 0.0062522252411600287 0.012228072462712652 0.00091204418815752112 0.0093854201383869115 0.052527185063123309 -0.0090755665890147018 -0.011879881798414288 -0.027605700832961867 0.018033361175904067 0.016269307148021203 -0.0029288770630822416 0.008823957119489724 -0.025962212039944366 0.020715669069442624 -0.020250270334961285 -4.9183825592005567e-05 -0.023761289682985885 -0.037669662043749372 -0.010897090592521218 0.033488352894540302 0.042814229416246123 0.0094884595566662663 0.028202878638501863
leaf_weight=6180.9314443022013 4911.7282132133842 6395.9309647977352 4172.232224047184 1596.6105485185981 12631.203888088465 28902.524563185871 743.53789146989584 5106.2733389735222 19854.124824240804 4303.5645485073328 20220.009711384773 540.05375924706459 15971.680031463504 1885.5808666646481 2740.2640994489193 1245.1501487791538 9102.2381454184651 3112.4851210266352 7125.3812913298607 1579.4714569076896 3790.0540720522404 2952.5840997025371 1912.9741269797087 2245.1496704220772 454.60592049360275 257.47315981984138 257.49510735273361 693.74190133810043 976.08154042065144 216.83321948349476
leaf_count=26515 58859 35356 18868 13241 55756 124028 4656 21010 82550 18629 85100 2412 70744 8220 23597 6408 37506 13210 29519 7076 16156 13480 8452 10580 1927 1069 1096 2893 4326 1009
internal_value=6.4018e-05 0.002297 0.00615201 -0.0318943 -0.00424886 0.00337748 -0.0132343 -0.00885191 0.00475129 0.00193309 0.0138019 0.0105102 -0.00592212 0.00847592 -0.0406345 0.00352867 0.0113397 0.0101739 0.000867974 -0.00181818 0.00623165 -0.00957124 0.0137517 -0.00904929 -0.00717503 0.011069 -0.0119281 0.0282796 -0.00923709 -0.0194119
internal_weight=172078 160841 101226 11237.3 59614.3 74285.3 3585.3 31382.4 67160.5 44193.9 26941 20760.1 24986.4 15291.4 7651.99 1988.69 13405.8 22966.6 28232 21106.6 8475.41 7124.82 5703.03 19880.1 17635 1663.32 712.101 951.215 2772.39 1796.3
internal_count=804248 697487 430518 106761 266969 316491 24305 144675 284143 188383 114027 87512 109319 64355 82456 11064 56135 95760 122294 92775 37019 32348 24608 88309 77729 6985 3023 3962 12411 8085
is_linear=0
shrinkage=0.05


Tree=35
num_leaves=31
num_cat=0
split_feature=16 0 22 18 22 0 11 5 11 5 11 22 22 11 18 11 18 11 23 11 11 23 22 19 11 23 23 22 5 5
split_gain=4676.81 1469.5 850.081 616.429 544.81 544.489 453.504 434.358 420.351 397.385 351.944 299.205 293.382 289.687 288.55 266.797 243.549 207.766 191.129 289.365 215.41 190.677 316.13 181.747 177.374 177.319 210.237 293.996 174.29 172.204
threshold=0.36764706671237951 1.2512428760528567 0.16082139000000004 185.39170837402347 0.38392488500000005 10.467117309570314 108.20369620633893 2.5000000000000004 12.778281696572909 14.500000000000002 96.005895777764081 -0.17849789999999996 -1.2068874999999999 50.76485803746403 177.36049652099612 31.623580255721567 161.1470642089844 68.440097592586525 1.1452196500000003 33.014739663412236 52.327960417574225 0.96336984500000011 1.0894472500000003 0.57352942228317272 29.290478826860898 2.4967763500000006 1.4200684500000003 0.89314475500000012 15.500000000000002 9.5000000000000018
decision_type=2 2 2 2 2 2 2 2 2 2 2 2 2 2 2 2 2 2 2 2 2 2 2 2 2 2 2 2 2 2
left_child=5 2 3 7 9 11 18 13 21 16 12 -1 24 -2 -10 -13 -3 -18 20 -20 -6 -4 25 -14 -9 26 27 -23 -21 -22
right_child=1 4 8 -5 6 -7 -8 10 14 -11 -12 15 23 -15 -16 -17 17 -19 19 28 29 22 -24 -25 -26 -27 -28 -29 -30 -31
leaf_value=-0.032360087253379965 0.0047544284550362107 -0.026271971075193981 -0.019236458684149187 0.012885532997207204 0.0036532573736140412 -0.043193252055949705 0.037770662917932046 -0.028252789762059229 0.0091276800684163099 -0.018751825374847299 0.022577151285849879 0.0098920678859717639 -0.004509631499497329 0.025152195350622276 0.018420708373754365 -0.023719293709707281 -0.0065029112427882358 0.0027744191491137857 -0.0080384653147403309 0.017464691146905551 -0.004257311754375913 -0.0071231023703031597 -0.01017016629571765 0.0027157367212731192 -0.0083381255412022619 -0.060431395137732269 0.044595665052160033 0.049813156529654554 -0.0068878252510938282 -0.031401686896490033
leaf_weight=2491.390495672822 10081.570378430188 1324.5117382332683 1216.6133610755205 11038.312426522374 2826.8979147896171 5566.0507612600923 937.10605185478926 1560.2311027646065 17937.319275356829 6399.8360358551145 1362.8968603909016 1138.8046795800328 21592.240617401898 2103.0550172999501 15638.696333929896 1224.0823278129101 27074.697858043015 7765.1818626075983 2272.8355872929096 4331.3739044815302 1262.0343772321939 819.15865461528301 2021.7507922276855 14579.110896155238 3944.5346059128642 67.569542557001114 633.3020322099328 312.39446975290775 884.20862234383821 1087.5828561335802
leaf_count=22966 42637 8569 5095 45931 12138 61627 4068 7425 74881 33577 5654 7635 94952 8767 67648 10802 118348 33682 9740 18451 5354 3388 8424 60367 18181 287 2634 1297 4197 4957
internal_value=-5.78586e-05 0.00204235 0.00553673 0.00209936 -0.00448453 -0.0325195 0.00422639 -5.68215e-05 0.0114301 -0.00726827 -0.00241627 -0.0202742 -0.00323413 0.00827684 0.0134565 -0.00752281 -0.00523561 -0.00443514 0.00174159 0.0068481 -0.00564546 -0.00198782 0.00346048 -0.0015974 -0.0139867 0.0184968 0.0215512 0.00862573 0.0133356 -0.0168298
internal_weight=171495 161075 104909 66262 56166.3 10420.3 13602 55223.6 38646.8 42564.2 43039 4854.28 41676.1 12184.6 33576 2362.89 36164.4 34839.9 12664.9 7488.42 5176.52 5070.79 3854.18 36171.4 5504.77 1832.42 1764.86 1131.55 5215.58 2349.62
internal_count=803679 700649 447568 283914 253081 103030 58905 237983 163654 194176 186579 41403 180925 51404 142529 18437 160599 152030 54837 32388 22449 21125 16030 155319 25606 7606 7319 4685 22648 10311
is_linear=0
shrinkage=0.05


Tree=36
num_leaves=31
num_cat=0
split_feature=16 16 22 20 15 21 22 12 12 11 21 14 11 12 18 11 14 21 12 22 11 22 22 11 14 14 12 22 13 14
split_gain=4454.29 1420.16 918.372 722.072 595.662 512.992 496.519 482.583 418.147 412.644 441.975 726.846 377.53 373.443 364.917 343.208 320.181 388.546 322.373 322.06 320.779 314.929 306.188 300.296 557.05 604.782 490.525 343.056 297.308 334.272
threshold=0.36764706671237951 0.66176471114158641 0.38392488500000005 -4.4447250366210929 26.860466003417972 0.62234553500000012 -1.21867025 3.0789473684210531 6.9272445820433441 12.778281696572909 0.29393150000000007 255.50000000000003 96.005895777764081 1.9643962848297216 171.49331665039065 54.480110909097803 262.50000000000006 0.86721292000000016 3.4938080495356041 -0.8865730799999999 49.851090743157435 0.25870698500000006 1.6775100000000001 17.687629925646469 235.50000000000003 260.50000000000006 9.1253869969040267 -0.44788862999999995 -39.435043463627615 232.50000000000003
decision_type=2 2 2 2 2 2 2 2 2 2 2 2 2 2 2 2 2 2 2 2 2 2 2 2 2 2 2 2 2 2
left_child=4 7 3 15 8 6 -5 14 -1 -4 11 28 13 -8 -2 -3 18 -18 19 20 -7 -14 -12 -15 26 -26 -25 -28 -11 -30
right_child=1 2 9 5 -6 16 12 -9 -10 10 22 -13 21 23 -16 -17 17 -19 -20 -21 -22 -23 -24 24 25 -27 27 -29 29 -31
leaf_value=-0.02971367277473675 -0.017226519209241627 0.0079944664972647975 -0.0053509219706004349 -0.015680860557232109 -0.048724522182055231 -0.0097719315866308214 -0.010942084869347363 -0.0010906034419662718 0.0011464470813909238 0.022416473876777834 0.019215928973639898 -0.020520296902723119 0.030807216080099495 -0.010634507494165127 -0.0031087691614139273 0.026460351353333873 0.025719003611080066 -0.023111061759088732 0.022144121014325786 0.0012927743560358796 0.045106742530550081 -0.053387798196402485 0.051235574189590044 -0.0031898707011777994 0.022202246028651944 -0.0058086727235174135 -0.007657814450320966 0.053331745621208321 0.002096064266708306 0.026673771808219539
leaf_weight=5297.0669351518154 11617.709740564227 15042.096394851804 2993.1145096719265 6262.0350019186735 3527.0227852016687 380.23090958595276 8518.9402668774128 24682.031173475087 1384.4342776834965 4929.1874204128981 11361.613286986947 1883.4008744060993 1374.9838428646326 5066.3757736682892 7553.4832645505667 3021.2336237132549 554.03143204748631 1531.0795405656099 4303.909018933773 7252.3813264220953 885.10791085660458 119.91407042741776 798.62910938262939 22019.87891164422 5968.0149866342545 2845.1851270645857 351.7769775390625 666.89140462875366 6900.3237051516771 1729.4051114618778
leaf_count=47608 60901 62050 12386 28983 46833 1617 36877 111714 9019 21637 48445 7856 5672 21496 32842 12884 2335 6620 17842 30108 3687 502 3574 92267 24802 12363 1468 2752 28779 7193
internal_value=-7.7303e-05 0.00195832 0.0048397 0.00219724 -0.0321012 -0.000160142 -0.00245742 -0.00571335 -0.0233201 0.0122812 0.0141932 0.00857789 -0.000692744 -0.00150639 -0.0116646 0.0110843 0.00803719 -0.0101304 0.0109922 0.00535539 0.0286212 0.0240223 0.0213229 0.000671156 0.00246973 0.0131598 -0.00162006 0.0322834 0.012621 0.00702398
internal_weight=170821 160613 116760 86164.1 10208.5 68100.7 53194 43853.2 6681.5 30595.7 27602.6 15442.3 46932 45437.1 19171.2 18063.3 14906.7 2085.11 12821.6 8517.72 1265.34 1494.9 12160.2 36918.1 31851.7 8813.2 23038.5 1018.67 13558.9 8629.73
internal_count=803112 699652 494195 364325 103460 289391 227182 205457 56627 129870 117484 65465 198199 192025 93743 74934 62209 8955 53254 35412 5304 6174 52019 155148 133652 37165 96487 4220 57609 35972
is_linear=0
shrinkage=0.05


Tree=37
num_leaves=31
num_cat=0
split_feature=16 18 0 21 14 22 22 14 14 22 14 11 25 14 21 14 11 11 22 11 4 14 9 1 5 11 22 11 22 21
split_gain=4131.74 1389.75 773.404 668.979 665.692 604.227 522.857 440.624 428.032 324.339 334.416 307.15 300.504 317.446 312.63 503.834 305.693 298.69 255.324 247.771 247.682 243.547 225.138 220.94 215.201 237.95 213.622 208.805 196.911 191.976
threshold=0.33823530375957495 177.26871490478518 4.3276679515838632 0.51909596000000013 181.50000000000003 -1.2068874999999999 -0.39234758499999994 228.50000000000003 265.50000000000006 0.34739525500000007 163.50000000000003 9.5080668581966847 26.583925327658658 263.50000000000006 -1.1594290499999997 236.50000000000003 8.0752066537030007 34.302798560656178 0.77527007500000011 14.532123391300257 44.559207424521453 238.50000000000003 80.500000000000014 16.515074744820598 2.5000000000000004 70.183957243874545 -0.19567234999999997 54.480110909097803 -0.24300540499999998 0.62234553500000012
decision_type=2 2 2 2 2 2 2 2 2 2 2 2 2 2 2 2 2 2 2 2 2 2 2 2 2 2 2 2 2 2
left_child=7 2 5 4 27 29 -6 23 18 12 -11 -5 13 14 21 24 -17 26 19 -8 -13 -7 -21 -1 -16 -26 -9 -3 -4 -2
right_child=1 3 28 11 6 9 8 17 -10 10 -12 20 -14 -15 15 16 -18 -19 -20 22 -22 -23 -24 -25 25 -27 -28 -29 -30 -31
leaf_value=-0.022585560864922256 -0.017950409347847061 0.010531239906049242 -0.01550585531695607 -0.01752229663996669 -0.0063581971802264591 0.018565695533050996 -0.016553213913757206 -0.024028009072736868 -0.017901426089871615 -0.015075350704063085 0.0085086067648038055 0.025225388051380672 -0.0085595519309279913 -0.015547384936444459 0.0068533303874673311 -0.037908644104010368 0.013412618386754855 -0.032955689569252426 0.018516867270168987 0.005098999845686584 0.012496072049514662 -0.02212629305960629 0.032233673765223646 -0.045609368580804631 -0.0094318716799529564 0.0056833426207350667 0.016444564614395234 0.02625299081442399 -0.0059865099605878507 0.011544349185657899
leaf_weight=1330.0049549415708 5412.8933170065284 10509.351346924901 10466.406454898417 690.51205344498158 15583.234591752291 4105.5494203045964 1246.5970892012119 545.1084825694561 1751.3955933451653 1627.6480523124337 19514.270856387913 5540.6518654972315 9802.7495972067118 2567.1328149735928 3940.9306949004531 300.84886668622494 7522.3655240982771 1373.8057797029614 4378.8514042943716 12655.230669185519 12326.78097230196 403.03616879880428 812.64123810827732 4864.3818125128746 12268.892836079001 3304.3718418255448 808.0481543391943 2643.194097623229 11298.137762136757 613.60760949552059
leaf_count=12892 26305 43402 53221 2847 67449 17725 5153 3979 7526 7119 82001 23917 46276 11304 16317 1277 31765 13194 18982 52576 51633 1744 3374 61833 53503 14000 4438 11599 52523 2753
internal_value=-0.000176593 0.00165564 -0.00231395 0.00708223 0.00405105 0.00020179 0.00056966 -0.0332977 0.00574889 0.00159873 0.00669233 0.0151799 -0.000836878 0.00136315 0.00272677 0.00071468 0.0114344 -0.0165417 0.00791912 0.00476431 0.0164446 0.014924 0.00673856 -0.0406703 -0.00358321 -0.00622453 0.000134804 0.0136925 -0.0105648 -0.0149459
internal_weight=170209 161287 93148.8 68138.4 49580.5 71384.3 36428 8921.35 20844.7 65357.8 21141.9 18557.9 44215.9 34413.1 31846 27337.4 7823.21 2726.96 19093.3 14714.5 17867.4 4508.59 13467.9 6194.39 19514.2 15573.3 1353.16 13152.5 21764.5 6026.5
internal_count=802627 706291 417833 288458 210061 312089 155060 96336 87611 283031 89120 78397 193911 147635 136331 116862 33042 21611 80085 61103 75550 19469 55950 74725 83820 67503 8417 55001 105744 29058
is_linear=0
shrinkage=0.05


Tree=38
num_leaves=31
num_cat=0
split_feature=15 0 22 20 20 15 11 11 11 21 11 22 22 20 22 4 21 22 11 21 11 21 11 22 23 21 22 21 22 11
split_gain=3812.11 1384.2 640.569 582.997 505.222 460.197 377.445 327.268 326.313 344.636 361.789 321.594 318.128 284.021 279.123 238.898 233.536 224.025 221.249 251.978 214.64 211.724 198.579 195.285 383.338 197.002 194.492 194.162 190.224 182.647
threshold=12.646073341369631 0.64515721797943126 0.16082139000000004 -5.5233306884765616 78.784561157226577 5.9711689949035653 92.67470495860691 41.848222688509402 12.778281696572909 0.30427013500000005 46.940019882973239 -0.38673999999999992 1.6775100000000001 25.48380279541016 -1.2644603999999997 95.450759366154685 0.36153364000000004 -1.52295315 46.315588174439718 0.62234553500000012 59.43888839127802 0.22946334500000004 145.48981178265885 1.1680100000000002 2.7058399000000004 -0.033147301549999994 -0.18673216999999998 0.042616635550000011 -0.17849789999999996 66.271986887747019
decision_type=2 2 2 2 2 2 2 2 2 2 2 2 2 2 2 2 2 2 2 2 2 2 2 2 2 2 2 2 2 2
left_child=1 2 3 17 -2 11 14 28 16 10 23 15 22 -12 18 -3 21 -1 -5 -20 -15 -4 -11 -10 25 -25 -7 -19 -6 -13
right_child=4 5 8 6 7 26 -8 -9 9 12 13 29 -14 20 -16 -17 -18 27 19 -21 -22 -23 -24 24 -26 -27 -28 -29 -30 -31
leaf_value=-0.009323079194008042 -0.040609427276113226 -0.0020107206356728704 0.0043641460175014848 -0.021312930906259738 -0.020985958878039505 -0.018827248647419595 0.021726669394920926 -0.038002081491400101 0.0063585300965615993 0.017590839904122274 0.028004315782624113 -0.001144698532602548 0.051440600119363238 0.022714032527353829 0.00032247006122027543 -0.012375364910806111 -0.017000115096141497 0.0096448347054666709 -0.0048025548023975309 0.060730817911142168 -0.0056577872481860221 0.084941650704411897 -0.08203501311845933 -0.0088425994901627728 0.037322944937213498 -0.044397059819367056 -0.006569926814447658 0.023840024800001487 0.01631021026255251 0.0071324069435765615
leaf_weight=1085.7861625403166 6064.7076244279742 13221.06680662185 3214.6970936283469 2842.729430899024 563.69181587547064 6127.1602566018701 1901.7186436355114 820.80368083715439 9280.0330995693803 11766.743586212397 3325.9395756274462 21215.573947027326 717.62306970357895 1147.848199531436 41395.964042022824 9593.5908945202827 1572.792161770165 7038.4909922778606 1765.9104513972998 158.96151791512966 1587.3953052535653 82.650631830096245 49.261715203523636 1416.5955836698413 361.99292908608913 536.78421179950237 6861.6836795732379 3663.4906494319439 865.48108238726854 9716.6724746450782
leaf_count=4481 77367 57198 13367 13810 3909 35021 7917 7896 38931 50564 14817 89930 3277 4859 177292 45349 6588 29108 8194 674 6696 332 207 6067 1553 2279 34868 15435 4588 41291
internal_value=-8.79143e-05 0.00161046 0.00549014 0.00234627 -0.0331029 -0.00390733 -9.75794e-05 -0.0128604 0.010857 0.0127943 0.0082926 -0.00186609 0.0191348 0.0181909 -0.000997085 -0.00636942 -0.0011528 0.0123104 -0.0124521 0.000638106 0.00625243 0.00640903 0.0171686 0.00311738 -0.0098703 -0.0186306 -0.012353 0.0145059 0.00159553 0.00145552
internal_weight=169964 161649 94913.4 59853.1 8314.68 66735.7 48065.3 2249.98 35060.4 30190.2 17656.6 53746.9 12533.6 6061.18 46163.6 22814.7 4870.14 11787.8 4767.6 1924.87 2735.24 3297.35 11816 11595.4 2315.37 1953.38 12988.8 10702 1429.17 30932.2
internal_count=803865 710105 406448 256911 93760 303657 207887 16393 149537 129250 75202 233768 54048 26372 199970 102547 20287 49024 22678 8868 11555 13699 50771 48830 9899 8346 69889 44543 8497 131221
is_linear=0
shrinkage=0.05


Tree=39
num_leaves=31
num_cat=0
split_feature=15 19 24 12 20 20 20 20 22 13 23 9 12 11 20 12 22 23 12 22 22 11 12 12 23 19 19 12 13 12
split_gain=3553.08 1357.26 777.796 675.516 572.714 539.134 538.992 465.397 440.809 400.527 376.754 369.746 358.958 335.254 316.72 287.985 338.474 360.654 311.816 271.801 240.188 237.763 269.381 218.439 216.528 209.476 207.514 206.675 198.432 192.222
threshold=13.245591163635256 0.39705882966518408 3.5000000000000004 2.6068111455108363 3.8894500732421879 61.546920776367195 69.119430541992202 77.815338134765639 -0.17849789999999996 -68.591120305375952 2.1617061000000004 81.500000000000014 6.9272445820433441 54.480110909097803 105.83823394775392 8.1130030959752339 -0.11682939999999999 1.2342374500000002 5.9969040247678027 1.1680100000000002 -0.013681760949999998 14.532123391300257 8.6702786377709007 1.1934984520123841 1.4620874500000001 0.60294118523597728 0.044117647223174579 8.0216718266253881 -24.719330725297556 11.018575851393191
decision_type=2 2 10 2 2 2 2 2 2 2 2 2 2 2 2 2 2 2 2 2 2 2 2 2 2 2 2 2 2 2
left_child=1 3 4 26 13 28 25 -2 9 -6 23 21 -9 15 24 16 17 -3 -19 -8 -15 -10 -23 -11 27 -4 -1 -7 -5 -29
right_child=7 2 6 5 8 14 19 12 11 10 -12 -13 -14 20 -16 -17 -18 18 -20 -21 -22 22 -24 -25 -26 -27 -28 29 -30 -31
leaf_value=-0.034710092107746233 -0.040987210925702268 0.015150552630422354 0.010045802178043427 -0.0013210225330478964 0.014503986245227085 0.009750041332920345 0.0037774409210095321 -0.025830239624316312 -0.016133368738660489 -0.014830638202528963 -0.031480427343605899 0.030599359035497965 0.020613086636393579 0.012117394389062256 -0.012774974112531338 0.032886584725702654 -0.012696291503594246 -0.0042017123916312559 0.036663299076344733 -0.019559948983886331 0.035100573387087559 0.0028710881166917708 0.028311520089821185 -0.0031063306160163829 -0.0037994736732759994 0.019127275793542908 -0.013433135887125192 0.037029931083036469 -0.013008984301251834 -0.027642738233443542
leaf_weight=1258.5514381527901 5559.7083540335298 6539.4407920986414 14258.757341653109 6197.3936439305544 2626.9826295673847 6483.7418470084667 7935.5178637057543 1565.20672891289 1550.592686727643 4593.8404865115881 1364.4877463877201 1257.5104269385338 565.69109866023064 3539.760202139616 1890.0991947725415 877.94627647101879 2688.5077487975359 6412.418867379427 502.44915735721588 1479.3424541950226 1674.8627475202084 21569.90988612175 1092.3059549331665 29352.789756000042 2353.9496870562434 11454.106329843402 12770.130430936813 1248.4399469122291 8770.4571319371462 125.81049710512161
leaf_count=9095 74664 26765 59985 27460 10696 29988 33008 13327 6500 20712 6594 5225 2703 14767 9314 3700 11198 26113 2081 6205 7561 89569 4535 127485 10954 50071 64109 5332 44095 552
internal_value=-0.000169539 0.00140819 0.00407903 -0.00644021 0.0015092 -0.00182537 0.0103442 -0.033373 -0.000912082 -0.00432791 -0.00572928 0.00417577 -0.013497 0.00841366 0.00602175 0.00501481 0.00349702 0.00673355 -0.0012275 0.000108785 0.0195046 0.00280223 0.0040985 -0.00469332 0.00950169 0.0140918 -0.0153443 0.0134862 -0.00817003 0.0310935
internal_weight=169561 161870 120772 41098.6 85643.8 27069.9 35127.7 7690.61 63408.4 37938.1 35311.1 25470.3 2130.9 22235.4 12102 17020.8 16142.8 13454.3 6914.87 9414.86 5214.62 24212.8 22662.2 33946.6 10211.9 25712.9 14028.7 7857.99 14967.9 1374.25
internal_count=804363 713669 512770 200899 363501 127695 149269 90694 271316 165487 154791 105829 16030 92185 56140 69857 66157 54959 28194 39213 22328 100604 94104 148197 46826 110056 73204 35872 71555 5884
is_linear=0
shrinkage=0.05


Tree=40
num_leaves=31
num_cat=0
split_feature=15 0 18 22 17 20 13 20 22 4 21 21 20 22 21 22 22 13 22 24 20 23 4 22 21 20 20 20 23 24
split_gain=3257.84 1208.79 748.793 645.885 393.926 387.623 343.176 342.384 278.653 263.487 238.669 237.596 235.255 295.991 222.436 196.707 190.774 207.383 470.479 400.238 251.303 238.211 209.376 190.575 185.939 414.684 223.893 193.711 171.189 169.257
threshold=14.68165969848633 3.4976265430450444 185.39170837402347 0.16082139000000004 172.32727050781253 77.333641052246108 -48.970923507165146 -3.9687194824218746 -1.2068874999999999 13.882972016930582 0.62234553500000012 -0.62302365999999998 1.492424011230469 -0.19567234999999997 1.5450766500000002 -0.16078418999999997 2.7106600000000003 -35.336988318284774 1.0894472500000003 5.5000000000000009 6.2876815795898446 0.62443945000000012 48.365532897412784 -1.52295315 -1.1594290499999997 63.940284729003913 71.476669311523452 105.83823394775392 1.5895577000000003 1.5000000000000002
decision_type=2 2 2 2 2 2 2 2 2 2 2 2 2 2 2 2 2 2 2 10 2 2 2 2 2 2 2 2 2 8
left_child=1 2 3 6 -3 -2 9 23 10 -1 -9 -11 -6 -14 16 -7 17 19 21 20 -5 -19 -22 -8 26 -26 28 -27 -10 -25
right_child=5 4 -4 14 12 15 7 8 24 11 -12 -13 13 -15 -16 -17 -18 18 -20 -21 22 -23 -24 29 25 27 -28 -29 -30 -31
leaf_value=0.030708573844532402 -0.041339076341056193 -0.017198109962615421 0.012853856550880879 0.023047138643154667 0.0049691292901556262 -0.031182270299900724 -0.014426904919458708 -0.018218439600034469 0.020806995528609047 -0.0093242073002302167 0.018558989258240868 0.0089009104100115973 -0.011457952317593695 -0.00065539015082714477 0.024698711149575742 0.0020008768688555513 0.040017552599846809 -0.0041227304836677654 -0.0096241053435201299 0.02153028939982642 0.012604792037015221 0.010017324514919219 -0.006916321878906998 -0.0048367688712633453 -0.0093271199398225514 0.0030438499433928074 -0.019917879052686202 -0.023693895947154885 0.0011424556883477888 0.01119857311406907
leaf_weight=1069.1394546478987 4959.5876186564565 6982.0726080089808 18960.947204217315 1374.7350938469172 5858.1417241543531 869.8372363075614 1080.7664035260677 5028.9323214292526 2013.624403372407 2341.2849654629827 482.74416460096836 7561.0785247609019 12896.486824929714 12474.253635659814 1731.6456664577127 916.53235974162817 415.50316020846367 3758.5514733493328 5493.0705874785781 5358.6605389639735 2036.2612294331193 14342.122847527266 4215.5010141208768 2103.5189560949802 18678.280872091651 14493.710650809109 725.87035967409611 709.61486230045557 2456.1997991725802 7550.7132419869304
leaf_count=4524 70615 44383 80965 6218 24295 7945 4520 25485 8867 9802 2184 31428 60259 53087 7391 6004 1795 15932 23296 23726 8820 60339 17584 8678 82503 63519 3499 3698 11151 31335
internal_value=-0.000103236 0.0013129 0.0037092 0.00205809 -0.00646226 -0.0341465 -0.000938792 -0.00254081 -0.00447081 0.00713893 -0.0149945 0.00459131 -0.0040615 -0.0061468 0.00718837 -0.0141654 0.0063681 0.00598479 0.00319158 0.0110593 0.00370021 0.00708112 -0.000557102 0.0054753 -0.00298615 -0.00433678 0.00582059 0.00179439 0.0100039 0.00770456
internal_weight=168939 162193 123982 105022 38211 6745.96 66295.5 55324 44589 10971.5 5511.68 9902.36 31228.9 25370.7 38726.1 1786.37 36994.4 36578.9 23593.7 12985.2 7626.5 18100.7 6251.76 10735 39077.3 33881.6 5195.69 15203.3 4469.82 9654.23
internal_count=803847 719283 537259 456294 182024 84564 291193 245439 200906 45754 27669 41230 137641 113346 165101 13949 157710 155915 99567 56348 32622 76271 26404 44533 173237 149720 23517 67217 20018 40013
is_linear=0
shrinkage=0.05


Tree=41
num_leaves=31
num_cat=0
split_feature=16 16 22 5 11 22 12 11 23 16 19 23 22 11 12 23 11 5 19 24 12 23 13 11 11 12 23 24 24 22
split_gain=3081.8 1146.24 683.792 478.027 445.39 342.424 342.404 322.03 339.079 297.201 287.817 230.014 262.085 308.771 287.091 236.911 226.259 220.483 217.765 221.891 206.001 194.179 194.167 189.3 243.443 195.765 188.23 183.787 170.19 217.117
threshold=0.33823530375957495 0.77941176295280468 -0.25984330499999997 12.500000000000002 20.631915132800589 0.38392488500000005 5.0015479876161004 9.9283420878805639 1.1196350500000003 0.16176471114158633 0.57352942228317272 0.88105851500000021 1.0894472500000003 68.440097592586525 7.7910216718266261 2.4041249500000004 27.302392981219867 3.5000000000000004 0.33823530375957495 2.5000000000000004 1.7647058823529413 2.1617061000000004 -34.956531882978069 70.692184278597324 108.20369620633893 2.7631578947368425 1.6599746000000002 7.5000000000000009 6.5000000000000009 1.2711852500000003
decision_type=2 2 2 2 2 2 2 2 2 2 2 2 2 2 2 2 2 2 2 10 2 2 2 2 2 2 2 10 10 2
left_child=4 2 3 18 27 17 10 8 -8 -6 -4 -9 13 -13 28 -16 -12 -3 -2 21 -5 -20 26 -21 25 -25 -7 -1 29 -14
right_child=1 5 6 20 9 22 7 11 -10 -11 16 12 14 -15 15 -17 -18 -19 19 23 -22 -23 -24 24 -26 -27 -28 -29 -30 -31
leaf_value=-0.0086931988444890994 -0.011931958460668612 0.010290748060145731 -0.0037309022714532973 -0.028278721033543321 -0.045809301183505492 0.016333382557860789 -0.02943677687179836 0.0025968033387819387 0.0043067265270044612 -0.025119759447873827 -0.010215873166238903 0.02145183449479042 -0.009524623728570129 -0.023033848690763067 -0.021562906288311669 0.030499024503021513 0.008511795711091558 0.0024898014847815654 -0.003112498752531289 0.0023276079802374539 -0.011437432865946843 -0.023512369194382637 0.0088178676311628165 0.016949103204629407 -0.042554336303060464 0.063368326995049504 0.03764676191859781 0.050961444126044919 -0.00048645161568022902 0.045081581923161057
leaf_weight=977.55754033848643 6520.3058870881796 13779.777925431728 25809.339994341135 2656.9417036697268 3240.5078870728612 5041.2439460158348 1126.9410859718919 6909.1836561411619 2189.3754152730107 3748.7191865593195 1910.9309492260218 7502.8662740811706 246.01548705995083 410.6580395847559 1323.974011361599 260.76110799610615 10310.588783755898 26431.200944855809 23769.220339789987 5880.9491689801216 5739.4958814531565 1225.7492621839046 7455.2972598671913 679.95359247922897 119.95713396370411 340.91307047009468 1304.2692304998636 147.7366439960897 804.76992731541395 695.57157389074564
leaf_count=8160 34726 57831 116045 14840 50491 23004 4816 29222 9157 37165 7839 31656 1043 1780 5565 1099 43262 111065 103785 24972 30855 5857 31455 2884 503 1423 6179 942 3432 3036
internal_value=4.28863e-05 0.00156337 -0.00144718 -0.00595955 -0.0300178 0.00749582 0.00211216 0.0071601 -0.00716531 -0.0347175 -0.000737744 0.00977731 0.0141887 0.0191407 0.00242221 -0.0129825 0.00558298 0.00516327 -0.00360394 -0.0019076 -0.0167694 -0.00411381 0.0142912 0.00594518 0.0245754 0.0324974 0.0207194 -0.000823019 0.0164007 0.0308192
internal_weight=168561 160446 106434 46933.5 8114.52 54011.8 59501 21470.1 3316.32 6989.23 38030.9 18153.8 11244.6 7913.52 3331.09 1584.74 12221.5 40211 38537 32016.7 8396.44 24995 13800.8 7021.77 1140.82 1020.87 6345.51 1125.29 1746.36 941.587
internal_count=804089 707331 477797 219845 96758 229534 257952 90806 13973 87656 167146 76833 47611 33436 14175 6664 51101 168896 174150 139424 45695 109642 60638 29782 4810 4307 29183 9102 7511 4079
is_linear=0
shrinkage=0.05


Tree=42
num_leaves=31
num_cat=0
split_feature=15 13 4 18 12 22 22 14 14 23 14 17 20 11 14 14 12 22 25 25 12 13 22 12 12 14 14 22 22 12
split_gain=2859.11 1110.55 685.354 526.503 466.723 425.454 419.456 455.181 416.307 396.268 394.099 390.978 378.34 343.853 328.335 470.848 622.946 526.766 317.419 312.881 305.885 275.347 238.192 236.672 252.421 394.184 219.607 212.846 356.474 206.858
threshold=14.68165969848633 -27.609807453530582 32.716211497783668 182.41428375244143 5.0479876160990722 1.5679100000000001 -0.22252412499999999 266.50000000000006 223.50000000000003 2.2729268000000005 162.50000000000003 177.64930725097659 76.348884582519545 17.687629925646469 173.50000000000003 204.50000000000003 2.7631578947368425 0.26599726000000007 22.016543841362004 26.107058528065686 4.4256965944272446 -67.314322097140462 -1.1087322999999998 7.7910216718266261 10.332817337461302 211.50000000000003 265.50000000000006 0.90906459000000017 -0.092493746449999983 1.8157894736842108
decision_type=2 2 2 2 2 2 2 2 2 2 2 2 2 2 2 2 2 2 2 2 2 2 2 2 2 2 2 2 2 2
left_child=1 2 -1 4 11 14 10 8 9 -8 -6 29 -2 -10 27 16 17 -16 -19 -17 -14 -18 -12 -24 -25 -26 -5 28 -4 -3
right_child=12 3 5 26 6 -7 7 -9 13 -11 22 -13 20 -15 15 19 21 18 -20 -21 -22 -23 23 24 25 -27 -28 -29 -30 -31
leaf_value=0.015180520976673743 -0.040608793331048311 -0.021858437958523855 0.0058540227759156394 0.0067565408574901814 0.047423179712002418 0.033564645873876739 -0.0048400727734733617 -0.017645218959558295 0.0061565465082129176 0.035223280878628582 -0.027343517831912568 -0.0038623789745071586 -0.03422047797831887 0.026223937873222698 -0.030906362514561275 0.0078838014144407918 0.01529215960065625 -0.025781325696001167 0.021713724333860394 -0.0056959614126788176 0.0069733989317252408 -0.003169342108516637 -0.012141312334595656 0.016046413120436025 0.02475296470714413 -0.038629203536708213 -0.010700611135727201 -0.014070280620566162 0.037037978734422744 -0.0096600781942806704
leaf_weight=15935.063625693321 4583.5959741026163 4916.1226304471493 2007.8390322998166 17793.616746231914 320.1931466832757 1130.2888320088387 5915.0404220297933 1827.0402231216431 4328.1054074168205 688.10644897818565 1476.2880304828286 33028.592755153775 897.0870026499033 4212.6942263320088 3468.4687685891986 22199.503642253578 2602.1307130753994 552.4115422219038 964.61617352068424 5242.698177203536 903.9434500336647 9010.3950356021523 5026.3570965006948 1978.2377203777432 396.33603727072477 640.45695813000202 2003.5497331172228 519.40827234089375 1685.6766584888101 11866.221536368132
leaf_count=68852 69808 28213 8500 74919 1386 5115 25847 7940 17816 2984 7447 143277 9443 17698 15333 94617 11141 2367 4252 23376 5260 38852 23142 8831 1756 3001 8825 2332 7549 64137
internal_value=-0.000164687 0.00113091 0.00616466 -0.00227927 -0.00415739 0.00325516 0.00116186 0.00592355 0.00876798 -0.000660415 -0.00705213 -0.00702024 -0.0329799 0.0160566 0.00254451 0.00126869 -0.00537875 -0.0201603 0.00441325 0.00528934 -0.0135527 0.000968465 -0.00888958 -0.00549871 0.00557552 -0.0143995 0.00498936 0.015878 0.0200922 -0.0132345
internal_weight=168120 161735 65318.5 96417 76619.8 49383.4 26808.9 16971 15143.9 6603.15 9837.87 49810.9 6384.63 8540.8 48253.1 44040.2 16598 4985.5 1517.03 27442.2 1801.03 11612.5 9517.68 8041.39 3015.03 1036.79 19797.2 4212.92 3693.52 16782.3
internal_count=804016 719505 282286 437219 353475 213434 117848 72285 64345 28831 45563 235627 84511 35514 208319 189938 71945 21952 6619 117993 14703 49993 44177 36730 13588 4757 83744 18381 16049 92350
is_linear=0
shrinkage=0.05


Tree=43
num_leaves=31
num_cat=0
split_feature=15 19 13 22 5 22 11 25 24 5 9 11 9 19 9 5 15 24 24 22 9 11 9 9 9 22 5 11 22 22
split_gain=2630.2 1062.99 598.681 466.329 420.859 360.947 330.738 308.429 272.567 237.366 230.746 217.756 230.986 197.434 186.711 159.089 157.485 149.248 148.484 147.721 145.998 181.37 140.809 135.716 178.747 135.693 133.77 131.684 126.055 198.579
threshold=16.309750556945804 0.39705882966518408 -27.950289844613138 -0.19567234999999997 3.5000000000000004 0.77527007500000011 20.631915132800589 25.014834511280064 2.5000000000000004 17.500000000000004 35.500000000000007 15.017229010400021 80.500000000000014 0.60294118523597728 9.5000000000000018 2.5000000000000004 28.357535362243656 7.5000000000000009 6.5000000000000009 -0.13172641999999998 39.500000000000007 3.2237280221661737 60.500000000000007 47.500000000000007 21.500000000000004 1.5679100000000001 8.5000000000000018 50.76485803746403 1.5679100000000001 1.3878511000000002
decision_type=2 2 2 2 2 2 2 2 8 2 2 2 2 2 2 2 2 10 10 2 2 2 2 2 2 2 2 2 2 2
left_child=1 3 4 7 27 14 17 15 19 11 28 18 13 -13 -6 -1 -8 -2 23 26 21 -20 -16 24 -10 -7 -4 -3 29 -5
right_child=6 2 8 10 5 25 16 -9 9 -11 -12 12 -14 -15 22 -17 -18 -19 20 -21 -22 -23 -24 -25 -26 -27 -28 -29 -30 -31
leaf_value=0.011022780811972841 -0.012265482669077135 0.0094999747709900717 -0.0037823111298637643 -0.0022156533775837257 0.0074664704933659126 0.012627599238298129 -0.030141770576318089 -0.017408496341922038 -0.0054083661309128218 -0.024311718222354575 0.018985477671048565 0.00032859325162983184 0.023011667451080142 0.0075043022905451565 -0.0017347815764641129 -0.0075401597352018224 -0.048435441692734477 0.053567513935443734 -0.035083464285852108 0.019733090705190876 -0.021799637379764526 0.016374879165216842 0.012191074692164449 0.008892942039332238 -0.024856698422006714 0.033441521087997091 -0.01485144269740836 0.018985362904899526 0.013664305223740568 -0.030113243965812771
leaf_weight=1357.4059177786112 693.15028662234545 6823.774029314518 11786.48403121531 19390.47382459417 12138.549985453486 5276.0762132704258 2425.5392027683556 10297.613998647779 3654.8694613575935 836.74372474849224 1367.3873592987657 23076.54330354929 1544.9264951944351 16396.31940163672 18420.830516502261 7680.3419702127576 2299.8811122700572 97.286357749253511 188.26464286446571 561.96565563976765 393.61039434373379 1802.0626694560051 2012.6258664280176 938.72061388194561 1745.3331443369389 919.27404357492924 3551.4183304309845 7898.0309043079615 1181.7518811896443 658.59304314851761
leaf_count=5924 6560 29205 51603 93030 51142 23232 30231 60936 15162 3697 5728 97103 6422 68384 77334 38702 40220 735 760 2362 1663 7446 8387 3880 7288 4274 17673 34931 5437 3019
internal_value=-9.69943e-05 0.00105988 0.00345519 -0.00579271 0.00739282 0.00465953 -0.0340472 -0.0114928 0.000286809 0.00208192 -0.000915355 0.00252639 0.00405199 0.00330937 0.00255518 -0.00475123 -0.0390537 -0.00410536 -0.00464714 -0.00542319 0.00598863 0.0114923 -0.000362603 -0.00864734 -0.0116975 0.0157209 -0.00634612 0.0145897 -0.00219792 -0.00313352
internal_weight=167416 161900 119966 41933.6 53489.2 38767.4 5515.86 19335.4 66477.3 50577.4 22598.2 49740.7 41017.8 39472.9 32572 9037.75 4725.42 790.437 8722.86 15899.9 2383.94 1990.33 20433.5 6338.92 5400.2 6195.35 15337.9 14721.8 21230.8 20049.1
internal_count=802470 724724 511948 212776 228505 164369 77746 105562 283443 211805 107214 208108 171909 165487 136863 44626 70451 7295 36199 71638 9869 8206 85721 26330 22450 27506 69276 64136 101486 96049
is_linear=0
shrinkage=0.05


Tree=44
num_leaves=31
num_cat=0
split_feature=15 19 14 21 14 22 14 21 9 22 17 14 19 21 22 21 4 21 17 21 9 13 14 22 22 14 22 21 14 4
split_gain=2466.3 1044.41 610.03 593.312 549.196 545.272 519.894 502.925 439.465 429.698 374.114 359.029 357.129 318.73 282.247 277.166 341.938 251.454 293.214 239.508 237.237 235.921 555.351 233.046 232.461 304.752 284.776 232.141 225.101 259.126
threshold=19.744426727294925 0.39705882966518408 261.50000000000006 -0.071224827349999978 187.50000000000003 -0.16078418999999997 242.50000000000003 -0.72949796999999983 74.500000000000014 -0.25984330499999997 197.45076751708987 261.50000000000006 0.22058823704719546 -1.5734585999999997 1.5679100000000001 -0.71756502999999994 117.3863361105323 0.64024144500000013 172.66364288330081 0.25288889000000009 37.500000000000007 -43.535206903971655 203.50000000000003 0.77527007500000011 1.0095930500000001 182.50000000000003 0.32628046000000005 -0.49529029499999994 224.50000000000003 95.450759366154685
decision_type=2 2 2 2 2 2 2 2 2 2 2 2 2 2 2 2 2 2 2 2 2 2 2 2 2 2 2 2 2 2
left_child=1 6 3 4 24 21 7 9 10 -1 28 15 -9 -4 -14 -8 -17 18 -13 23 -15 22 27 -18 26 -26 -3 -6 -5 -30
right_child=-2 2 13 8 5 -7 11 12 -10 -11 -12 17 14 20 -16 16 19 -19 -20 -21 -22 -23 -24 -25 25 -27 -28 -29 29 -31
leaf_value=-0.0091363338997464318 -0.037667708747196799 0.0064830611487407472 -0.036854187316534288 0.0018543449772412705 -0.032695890206299337 0.0042296888550675859 -0.010479360177154938 -0.023688898132177224 0.032378289175343709 0.014018516569527423 0.0143436959559684 -0.026183637760355406 -0.010771047905221487 -0.0081705801283104319 0.025161814696974729 0.029487097887686487 0.012442510530436438 0.0063701589192729467 0.0020119796958227389 -0.0037592497898735438 0.012423999183242381 -0.01118242019236948 0.01781707938596842 0.064577189010187899 -0.020093415741329616 0.031937141236016327 0.023785492816057293 0.0034738748013893798 0.018416419682876422 0.0036115339757878621
leaf_weight=4578.5253775492311 4219.6915353126824 17621.58273537457 849.14873237907887 22517.987003967166 1128.036808848381 15614.614729389548 1534.3757536634803 6224.7935271076858 1862.6220379918814 3561.1627438813448 14612.002402722836 2307.3943773582578 13757.536962725222 9286.1437832266092 568.17259509861469 2162.1750562116504 1686.4813936576247 2168.6106196790934 1535.1195374727249 2827.8611540198326 1645.3035351634026 15358.366566970944 2429.4038090407848 244.71802321076393 1443.5185686051846 348.58276563882828 2748.4198130816221 730.42373687028885 5425.1661100387573 6492.6638235300779
leaf_count=26340 66039 73048 4196 95280 4713 65311 7186 44764 7911 17199 62976 12186 63107 40348 2379 9439 9185 10308 6904 15657 6983 69755 10008 1051 6115 1584 11904 3002 22606 27308
internal_value=6.85801e-05 0.00104409 0.00344115 0.0046162 0.00113205 -0.00274452 -0.00562732 -0.00952412 0.00854594 0.000994531 0.00764025 0.00210089 -0.0136902 -0.00736396 -0.00934426 0.00874179 0.0130038 -0.00724049 -0.0149216 0.00551041 -0.00507002 -0.00828749 0.00208184 0.0190789 0.0072997 -0.00996075 0.00881864 -0.018486 0.00479547 0.0103519
internal_weight=167491 163271 120114 108333 57422.9 35260.8 43156.9 28690.2 50910.4 8139.69 49047.8 14466.7 20550.5 11780.6 14325.7 8455.61 6921.24 6011.12 3842.51 4759.06 10931.4 19646.2 4287.86 1931.2 22162.1 1792.1 20370 1858.46 34435.8 11917.8
internal_count=804792 738753 513048 461521 245440 152789 225705 153789 216081 43539 208170 71916 110250 51527 65486 42518 35332 29398 19090 25893 47331 87478 17723 10236 92651 7699 84952 7715 145194 49914
is_linear=0
shrinkage=0.05


Tree=45
num_leaves=31
num_cat=0
split_feature=15 18 0 12 20 18 5 5 12 20 20 12 17 16 20 20 17 12 17 12 20 0 3 18 12 20 5 12 12 12
split_gain=2319.47 937.051 789.33 424.776 354.974 334.208 308.022 283.167 259.766 203.41 172.534 180.866 161.179 145.845 144.77 131.909 252.057 125.725 125.495 125.132 122.191 116.127 115.951 115.226 114.33 103.27 101.55 100.513 128.664 100.178
threshold=14.68165969848633 185.39170837402347 4.3276679515838632 2.1687306501547994 79.772979736328139 175.53743743896487 15.500000000000002 1.5000000000000002 5.1904024767801866 -9.5233306884765607 48.609481811523445 3.382352941176471 158.54411315917972 0.77941176295280468 59.627311706542976 105.83823394775392 179.34230804443362 12.851393188854491 159.91176605224612 0.65944272445820451 69.119430541992202 3.9646896123886113 21.53812345862389 190.41741943359378 3.9953560371517032 1.492424011230469 15.500000000000002 8.0216718266253881 11.018575851393191 3.9953560371517032
decision_type=2 2 2 2 2 2 2 2 2 2 2 2 2 2 2 2 2 2 2 2 2 2 2 2 2 2 2 2 2 2
left_child=1 2 3 5 12 19 18 20 -6 -3 -8 -12 -2 14 29 16 27 23 -4 -1 24 -14 -17 -11 -5 -20 -21 -16 -29 -9
right_child=4 9 6 7 8 -7 10 13 -10 17 11 -13 21 -15 15 22 -18 -19 25 26 -22 -23 -24 -25 -26 -27 -28 28 -30 -31
leaf_value=-0.026959257335665923 -0.045162825364147945 0.019126823768812092 -0.034833914653071792 0.0055606677520579186 -0.028812428574886913 0.0022214774583874789 -0.031788004342981346 -0.0053050984540290846 0.01215819937099329 0.0059560979751929885 -0.020742802185873866 0.0012197382036738128 -0.0016660421523511373 0.0053648113679169726 0.0089111456705731357 -0.035238263878344493 0.00050395778570226082 -0.041050487757137627 0.0017479836394405084 -0.0068847028551082354 -0.0071412216968725255 -0.033271343068992876 -0.0027391871372402189 0.015556534073804217 0.018230486681923803 -0.0064172626276210705 -0.021994065211835931 0.030228718705009046 -0.0039500717994404118 0.00066348668128855641
leaf_weight=992.16583850979805 2857.8437283486128 5244.7559045702219 351.52943187952042 2781.2125244513154 860.47740271687508 10197.867753699422 1645.7202936857939 11333.884296782315 701.46812757104635 13050.548339173198 2514.2589595764875 1494.1688906699419 396.98590969666839 24360.362278208137 6246.6132607534528 362.85954260081053 13263.292341798544 129.29314871132374 4840.2914679050446 10559.284217372537 774.94575715065002 1085.050355900079 1117.7978649288416 4109.7733330130577 4953.8512943312526 19355.757505446672 1242.3433277979493 1276.4006138145924 350.73885586112738 18511.194657944143
leaf_count=4724 50658 22752 2975 12065 9002 43319 10071 50517 3681 55887 16013 8424 4912 103717 28792 1754 56434 557 20802 47897 3288 16168 5568 17636 21187 89781 7098 5433 1532 81611
internal_value=-8.15731e-05 0.00104663 -0.0004916 0.00150131 -0.0308651 -0.00453053 -0.0076394 0.00312653 -0.0104166 0.0105022 -0.0181597 -0.0125579 -0.0382206 0.00216781 0.000683259 0.00370032 0.00471107 0.00788503 -0.00521557 -0.00991228 0.0117799 -0.0248122 -0.010722 0.00825611 0.0136762 -0.00478384 -0.00847698 0.011797 0.0228634 -0.00160323
internal_weight=166963 161061 138527 108325 5901.83 22991.7 30201.7 85333.2 1561.95 22534.4 5654.15 4008.43 4339.88 76823.1 52462.8 22617.7 21137 17289.6 24547.6 12793.8 8510.01 1482.04 1480.66 17160.3 7735.06 24196 11801.6 7873.75 1627.14 29845.1
internal_count=804255 719834 623002 474936 84421 103038 148066 371898 12683 96832 34508 24437 71738 335358 231641 99513 92191 74080 113558 59719 36540 21080 7322 73523 33252 110583 54995 35757 6965 132128
is_linear=0
shrinkage=0.05


Tree=46
num_leaves=31
num_cat=0
split_feature=16 19 1 14 21 11 14 11 14 21 24 14 21 14 20 11 5 11 5 14 25 16 17 11 21 17 19 21 11 14
split_gain=2073.05 846.56 523.81 420.226 448.044 342.903 275.508 271.014 306.649 331.321 253.1 346.607 610.476 516.774 338.479 303.455 242.017 237.455 222.444 278.01 219.289 209.3 197.19 195.45 191.242 186.37 180.472 180.146 177.971 177.777
threshold=0.27941177785396581 0.60294118523597728 12.474182009696962 259.50000000000006 -0.071224827349999978 17.239815477970215 189.50000000000003 105.05147439454778 174.50000000000003 0.51909596000000013 4.5000000000000009 236.50000000000003 -0.78959470999999992 261.50000000000006 7.6948242187500009 92.67470495860691 2.5000000000000004 8.0752066537030007 15.500000000000002 248.50000000000003 21.65932177305222 0.13235294446349147 175.45454406738284 28.886018813636749 1.0670309000000002 159.91176605224612 0.073529412969946875 -1.5734585999999997 50.095855824868472 240.50000000000003
decision_type=2 2 2 2 2 2 2 2 2 2 10 2 2 2 2 2 2 2 2 2 2 2 2 2 2 2 2 2 2 2
left_child=5 2 10 4 6 -1 -3 18 -9 -10 11 14 29 17 26 16 -16 -14 25 -20 -19 -7 -22 -6 -15 -4 -2 -5 -21 -13
right_child=1 3 7 27 23 21 -8 8 9 -11 -12 12 13 24 15 -17 -18 20 19 28 22 -23 -24 -25 -26 -27 -28 -29 -30 -31
leaf_value=0.008005754359931885 -0.033701160178557073 0.0094566906108556493 -0.036979315384828036 -0.039415189891000846 0.0029177253241594882 -0.044958061553991402 -0.0012008230075994341 0.071319540469560488 0.032948577869410016 -0.01504433955863712 0.0055401953389566487 0.0091368696912142548 -0.034248182903470349 -0.0014711043262490024 0.0061461563871121503 0.012228615378292396 -0.010825011734155595 0.025837442761525789 -0.024941472479445337 0.0069412107772698992 0.024966647941259974 -0.024581066543186265 0.0052971351198988458 0.01519283117893956 -0.033377123449230703 -0.0052804392119328407 0.0028000285056136373 -0.0040459713877620774 -0.01994170006644445 -0.024947069260895766
leaf_weight=536.12785171717405 345.22145926579833 10228.364763244987 472.4828658439219 383.29207184910774 3969.3541304022074 2351.6592803969979 14891.848301440477 194.27583043277264 609.13274808228016 874.88122968748212 19225.1508840397 472.99116577208042 240.68058347702026 4465.7155113741755 2348.7474881187081 1815.4178721830249 19843.623180806637 3593.723677188158 3858.1766911819577 1552.12732783705 1728.5715156570077 2725.7272929027677 4842.7510295808315 17729.654677227139 523.86551690846682 22500.571706995368 15464.226124130189 5704.0902863889933 1019.0210780277848 1990.474744990468
leaf_count=4713 2898 42976 4517 1925 16599 44579 64099 911 2910 4172 82202 2204 1046 20052 9861 7641 90440 15133 24108 8517 8465 33526 20485 76609 2420 104552 65766 24486 6248 9505
internal_value=-0.000145407 0.000896802 -0.00164193 0.00607826 0.00768504 -0.0300109 0.00313887 -0.00711957 0.0124177 0.0046639 0.000572004 -0.00108411 0.00470335 0.00840146 -0.00367995 -0.00742079 -0.00902866 0.0147444 -0.00823515 -0.0164555 0.0159077 -0.0340259 0.0104742 0.0129476 -0.00482699 -0.00593397 0.00200089 -0.0062791 -0.00371688 -0.0184018
internal_weight=166502 160888 107982 52906.6 46819.2 5613.51 25120.2 31080.7 1678.29 1484.01 76901.2 57676 17858.8 15395.3 39817.2 24007.8 22192.4 10405.7 29402.4 6429.33 10165 5077.39 6571.32 21699 4989.58 22973.1 15809.4 6087.38 2571.15 2463.47
internal_count=803565 720747 494053 226694 200283 82818 107075 155935 7993 7082 338118 255916 79310 67601 176606 107942 100301 45129 147942 38873 44083 78105 28950 93208 22472 109069 68664 26411 14765 11709
is_linear=0
shrinkage=0.05


Tree=47
num_leaves=31
num_cat=0
split_feature=15 5 13 14 21 14 23 14 13 14 14 23 18 14 23 18 14 23 19 14 21 21 17 14 21 21 23 13 14 23
split_gain=2017.92 904.433 688.144 533.023 443.153 361.002 336.814 481.42 323.041 289.23 251.107 242.054 237.38 227.88 357.39 264.145 226.275 220.297 203.02 202.657 195.185 260.917 190.949 190.55 186.863 181.011 257.486 177.257 175.085 166.532
threshold=20.686647415161136 10.500000000000002 -33.493582063541957 209.50000000000003 0.54695698500000012 172.50000000000003 1.2706497500000002 227.50000000000003 -58.495258846369218 153.50000000000003 265.50000000000006 1.1838822000000004 180.67240905761722 258.50000000000006 1.4392760500000004 163.66176605224612 253.50000000000003 0.42142683000000009 0.044117647223174579 272.50000000000006 -0.071224827349999978 -1.0149756999999997 159.91176605224612 177.50000000000003 -0.35631972499999992 -1.0274821499999998 2.1829980500000006 -97.111095975438587 233.50000000000003 1.0509969500000003
decision_type=2 2 2 2 2 2 2 2 2 2 2 2 2 2 2 2 2 2 2 2 2 2 2 2 2 2 2 2 2 2
left_child=1 2 5 8 10 20 7 27 -3 -6 12 -10 18 15 19 -11 -9 22 -4 29 21 -1 -5 -14 -24 26 -8 -7 -2 -15
right_child=28 3 4 17 9 6 25 16 11 13 -12 -13 23 14 -16 -17 -18 -19 -20 -21 -22 -23 24 -25 -26 -27 -28 -29 -30 -31
leaf_value=0.027154249228499319 -0.042051508920003748 0.0094751207757447376 -0.031644299847585419 -0.023307348445747177 -0.028977641263276815 0.016615220392489756 0.0079288588323213841 0.020807908028244143 -0.02761255076558804 -0.018739900324817371 -0.013308893462868541 -0.010323904030304922 0.011682576949237144 0.019159984013438602 -0.024773293953851507 0.013610139729937645 -0.0030710182539782534 -0.0039161803133777777 -0.0025828527675537251 0.062865700871720401 0.028483052366309339 -0.0042937112691688213 0.074102191819187938 0.00050980043491216892 0.01106827254010637 0.016781829706316444 -0.037025512651213177 -0.0021397433721489505 -0.012617628094117381 -0.0086891400248430822
leaf_weight=1203.4457922801375 2975.08086822927 1087.8915374130011 609.57566745206714 395.11632168665528 524.75343719124794 1354.1253019869328 3148.3433021903038 4543.4311319515109 4330.1211299002171 665.81093394756317 4342.9110267162323 3805.0787128061056 5477.0581185221672 1044.0198224782944 1192.3763952180743 11796.995450183749 1268.8397883027792 28651.142576143146 38200.668853156269 160.93195323646069 3039.8504049703479 1457.4444399923086 121.46223372593522 12579.439125999808 2974.3720850721002 9001.1628973335028 353.37866226583719 17914.30691421032 609.84343902394176 1102.9331251680851
leaf_count=5292 57104 4679 5630 2658 2317 5854 13573 19111 25219 4496 20130 22118 22676 4347 5125 49769 5293 143078 167176 684 13891 6389 565 53695 13814 40004 1599 76020 5780 4657
internal_value=5.09762e-05 0.000870443 0.00305264 -0.0055118 0.000238047 0.00810484 0.00632611 0.00298393 -0.0161067 0.00751344 -0.00172179 -0.0195284 -0.000836664 0.00871475 -0.00255724 0.0118805 0.0155954 -0.00247121 -0.00304011 0.00892652 0.0198284 0.00993417 0.00938574 0.00389929 0.0135645 0.0130297 0.00338298 -0.000820909 -0.0370493 0.00485594
internal_weight=165932 162347 120982 41365.2 77697.5 43284.3 37583.6 25080.7 9223.09 16487.8 61209.7 8135.2 56866.7 15963.1 3500.26 12462.8 5812.27 32142.1 38810.2 2307.88 5700.74 2660.89 3490.95 18056.5 3095.83 12502.9 3501.72 19268.4 3584.92 2146.95
internal_count=802743 739859 527728 212131 340702 187026 161454 106278 52016 71395 269307 47337 249177 69078 14813 54265 24404 160115 172806 9688 25572 11681 17037 76371 14379 55176 15172 81874 62884 9004
is_linear=0
shrinkage=0.05


Tree=48
num_leaves=31
num_cat=0
split_feature=15 0 16 22 20 13 14 14 12 12 22 11 14 11 12 14 12 22 23 23 12 14 23 11 14 23 23 22 22 22
split_gain=1817.14 841.701 418.987 369.764 327.867 317.339 307.03 294.809 363.494 317.436 424.386 318.164 441.689 292.902 285.384 409.764 281.003 270.228 276.368 248.873 255.701 224.01 708.473 608.605 317.297 425.106 427.306 328.911 271.022 231.352
threshold=17.153710365295414 0.62507152557373058 0.60294118523597728 -0.25984330499999997 -2.9402847290039058 -71.248739037547395 217.50000000000003 262.50000000000006 7.6532507739938085 8.6702786377709007 1.1680100000000002 50.095855824868472 178.50000000000003 70.183957243874545 1.2863777089783284 250.50000000000003 3.0789473684210531 1.5224150000000003 0.26362890000000005 1.2342374500000002 5.8823529411764719 231.50000000000003 0.84993806500000002 21.205184842975978 250.50000000000003 0.93623566500000011 0.67403534000000009 0.43984303000000008 0.33798368000000006 0.20379827500000003
decision_type=2 2 2 2 2 2 2 2 2 2 2 2 2 2 2 2 2 2 2 2 2 2 2 2 2 2 2 2 2 2
left_child=1 3 -3 4 19 -6 -2 9 -9 11 -11 16 -13 14 15 -4 -5 18 -14 -1 -21 22 -18 28 -25 26 27 -26 -23 -27
right_child=6 2 13 7 5 -7 -8 8 -10 10 -12 12 17 -15 -16 -17 21 -19 -20 20 -22 23 -24 24 25 29 -28 -29 -30 -31
leaf_value=0.016446478959260439 -0.042039953849166735 -0.010444378920278316 -0.0062053848225556325 -0.0074126938705493172 0.016876347674760157 -0.0036144666196991403 -0.015615473583716837 0.0025812498086453676 -0.026744748214748149 0.028744685639049167 0.00059772945849188863 0.029607597747809085 0.031302216905830828 0.0057174856038193266 -0.0013856154931341661 -0.036153502616762492 -0.014289941230344464 0.04179534794832742 0.0042469111857273362 -0.0019479495313165047 0.035781553554020039 -0.023108264507633914 0.011686586984503637 0.034723624237184371 0.014555420594186569 -0.088253823260438208 0.06506434705546775 -0.11201222147755446 0.01090892120030694 -0.0061570024156389382
leaf_weight=4721.5227001905441 2695.037356801331 16412.240342307836 5277.9828261584044 5257.029298055917 2020.0976361706853 29019.891513518989 1859.0670250989497 5474.7424074411392 1308.3252208679914 3835.9665299057961 2057.23997156322 2890.0549866482615 1027.6505325809121 11614.777838304639 32695.740211434662 1456.8292716965079 4404.5043806955218 565.13114187121391 11462.74881259352 5533.1623209640384 487.72441604733467 1334.570589736104 6493.0029422417283 2571.5799060463905 623.31225404143333 92.755870811641216 499.57290880382061 54.929943010210991 1041.8079435378313 1015.659860253334
leaf_count=19916 51829 98154 23375 22463 8354 130243 23189 23240 5760 16315 8721 13628 4322 50279 142171 6762 18622 2791 50021 23186 2089 5545 28224 10972 2555 388 2073 230 4311 4281
internal_value=-0.000115401 0.000764352 -0.00349521 0.00382791 0.00032524 -0.00228041 -0.0312588 0.0066417 -0.00307829 0.0080995 0.0189207 0.00647779 0.0119238 -0.00126073 -0.00331635 -0.012688 0.00276457 0.0080072 0.00647522 0.00785374 0.00111378 0.00571557 0.00118717 0.012536 0.0226778 0.00911926 0.0300231 0.00415506 -0.00819676 -0.0131005
internal_weight=165805 161251 67457.6 93793 41782.4 31040 4554.1 52010.6 6783.07 45227.5 5893.21 39334.3 15945.6 51045.3 39430.6 6734.81 23388.7 13055.5 12490.4 10742.4 6020.89 18131.7 10897.5 7234.19 4857.81 2286.23 1177.82 678.242 2376.38 1108.42
internal_count=804009 728991 320741 408250 183788 138597 75018 224462 29000 195462 25036 170426 70762 222587 172308 30137 99664 57134 54343 45191 25275 77201 46846 30355 20499 9527 4858 2785 9856 4669
is_linear=0
shrinkage=0.05


Tree=49
num_leaves=31
num_cat=0
split_feature=16 19 13 14 21 21 14 20 11 11 4 20 21 25 21 19 23 11 14 11 21 11 14 11 5 21 11 11 23 21
split_gain=1801.55 759.626 351.566 355.887 707.562 523.607 501.622 486.977 403.295 329.05 327.975 320.831 334.092 294.541 278.801 302.964 256.629 284.88 247.222 230.552 225.605 208.729 200.184 202.4 234.781 212.386 357.988 198.017 193.555 188.8
threshold=0.27941177785396581 0.60294118523597728 -27.950289844613138 237.50000000000003 -0.76345792499999987 -0.72949796999999983 261.50000000000006 -3.9687194824218746 37.705012688695838 20.631915132800589 28.990504510700706 83.16397857666017 -0.11925592499999998 26.694967439770704 0.30427013500000005 0.22058823704719546 1.4392760500000004 8.0752066537030007 189.50000000000003 85.685536006794266 -1.5734585999999997 8.0752066537030007 247.50000000000003 72.489355760012359 17.500000000000004 0.3317518550000001 54.128781830597873 15.017229010400021 0.29784916500000008 -0.13247221999999995
decision_type=2 2 2 2 2 2 2 2 2 2 2 2 2 2 2 2 2 2 2 2 2 2 2 2 2 2 2 2 2 2
left_child=9 2 10 5 20 13 8 -7 16 -1 -2 12 18 -4 19 -16 17 -6 -3 -9 -5 -18 -10 25 -25 26 29 -14 -19 -24
right_child=1 11 3 4 6 7 -8 14 22 -11 -12 -13 27 -15 15 -17 21 28 -20 -21 -22 -23 23 24 -26 -27 -28 -29 -30 -31
leaf_value=0.0016525475440706688 0.012232677414090435 0.0090443447288806166 0.0060237871757678873 -0.03434236046458871 -0.032531615141301394 -0.00018413546139965553 -0.0049426721769015407 -0.021198229988332606 -0.011062865646087232 -0.03393788313204979 0.00019205225933275607 -0.0075030295508115357 -0.006920668811799334 -0.01097282977813676 -0.028502311476040779 -0.0025047400212568757 0.050051613563567438 -0.0026114848007651082 -0.0011831650283892197 0.013918785190989283 -0.010031355747748804 -0.009908658925748895 0.019632253419007546 0.045349135985451643 -0.027169053077666223 -0.0067020511608942568 -0.016822630768597361 0.012362856828814871 0.026392801621677092 0.078975723167592035
leaf_weight=758.79997648671269 6847.6803198009729 9853.3022905290127 9643.370795302093 1240.6627999469638 233.73924912512302 7878.7225974723697 8661.4783874750137 11258.571661684662 2296.345837816596 4501.1993025057018 32466.948861546814 4139.3426868021488 1414.7142236381769 3463.6382103785872 1376.1288148649037 6018.1955762207508 164.80968925356865 637.46078834682703 14756.379912406206 486.96849520877004 4130.0569285154343 1163.5934872850776 281.17504511773586 582.5860360711813 137.29308193176985 2096.9020466506481 350.70483550429344 22416.397097185254 5872.3918795585632 256.66820012032986
leaf_count=7357 29558 41548 43898 6261 1013 33229 40342 56561 11985 75994 142050 18167 5826 18637 10003 26947 666 2710 63849 2760 18777 5376 1443 2553 990 10130 1721 96834 25390 1232
internal_value=-1.44713e-05 0.000931423 -0.00147656 -0.00364654 0.00066811 -0.00666867 0.00452408 -0.0106467 0.0103502 -0.0288043 0.0022895 0.00585658 0.00699831 0.00153179 -0.0149533 -0.00734625 0.0176478 0.0216042 0.00291196 -0.0197412 -0.0156527 -0.00243757 0.000533932 0.00772199 0.0315002 0.00197975 0.0224526 0.0112179 0.0235527 0.048046
internal_weight=165386 160126 107546 68231.5 28105.9 40125.6 22735.1 27018.6 14073.7 5260 39314.6 52580.1 48440.8 13107 19139.9 7394.32 8072 6743.59 24609.7 11745.5 5370.72 1328.4 6001.68 3705.33 719.879 2985.45 888.548 23831.1 6509.85 537.843
internal_count=803807 720456 494232 322624 130589 192035 105551 129500 65209 83351 171608 226224 208057 62535 96271 36950 35155 29113 105397 59321 25038 6042 30054 18069 3543 14526 4396 102660 28100 2675
is_linear=0
shrinkage=0.05


Tree=50
num_leaves=31
num_cat=0
split_feature=15 19 12 22 14 14 21 22 14 23 11 22 12 11 23 14 21 23 22 11 14 14 12 11 14 14 12 21 14 14
split_gain=1664.75 730.179 532.373 492.688 549.371 462.941 332.017 434.47 437.445 331.304 329.874 302.585 313.825 441.587 435.668 367.585 584.673 297.498 292.449 292.155 316.699 373.584 303.523 381.335 336.228 459.623 337.395 303.271 276.519 269.164
threshold=18.856004714965824 0.39705882966518408 3.0789473684210531 0.38392488500000005 177.50000000000003 228.50000000000003 0.62234553500000012 -0.92314603999999989 257.50000000000006 0.64900642500000016 54.480110909097803 -1.2466693999999998 6.5588235294117654 15.793902891665141 1.0459932000000003 246.50000000000003 -0.57886999499999992 0.99467701000000008 -1.0087099999999998 96.005895777764081 233.50000000000003 260.50000000000006 1.8591331269349849 27.620079198385081 242.50000000000003 254.50000000000003 3.8312693498452015 0.20585595000000004 264.50000000000006 188.50000000000003
decision_type=2 2 2 2 2 2 2 2 2 2 2 2 2 2 2 2 2 2 2 2 2 2 2 2 2 2 2 2 2 2
left_child=1 2 -1 4 10 -4 11 8 -8 -9 -3 -6 13 -13 17 18 -17 -14 -16 20 -15 22 -22 24 27 26 -26 -24 -7 -11
right_child=-2 3 5 -5 6 28 7 9 -10 29 -12 12 14 19 15 16 -18 -19 -20 -21 21 -23 23 -25 25 -27 -28 -29 -30 -31
leaf_value=-0.011792212065868911 -0.032893745250441635 0.0052152240096173946 -0.0066082690385671009 0.0080907506697143854 -0.013852073220725097 0.011304888074619107 0.042894244370292961 0.077378865770521055 -0.022248093469244761 -0.038605261810901126 0.02251141437135374 -0.035041506311233733 0.00047191843342845566 -0.0076387545728590495 -0.011392194295634666 -0.031217623017602721 0.094142818073036608 -0.04145966038498048 0.031477974666722662 0.018729785613049863 -0.0046010297250913485 -0.01095484958006805 -0.056218867730068206 0.020629215993622118 -0.032000192178284197 -0.036284737665040451 0.042619292139711974 0.061948850042008799 -0.007229701348909762 0.0027134587068049672
leaf_weight=17135.989795148373 3783.4930807650089 16117.410649955273 13504.701794903725 30878.454858183861 5921.6828823983669 8805.3257261328399 1280.1960872411728 144.27439025044441 321.93309590220451 405.44066323339939 3324.7462051063776 1100.3115209341049 4496.9894762486219 21646.950079590082 460.53207868337631 642.10480953752995 107.75173364579678 465.91829209029675 2899.2716223448515 1495.2966573983431 3658.964469730854 4040.9457218497992 431.39858566224575 4857.0157003849745 191.20219354331493 420.31121055781841 717.00639452040195 61.254225492477417 2607.6047148182988 13036.91876912117
leaf_count=97246 68955 66836 70878 134685 28678 41416 5341 598 1388 1709 14619 4749 18810 92199 1972 2896 495 2004 12265 6246 15866 17898 1843 20259 818 1766 2989 251 12375 54889
internal_value=-0.000114305 0.00065536 -0.00500866 0.00265491 0.000752769 -0.000343286 -0.00134437 0.00518109 0.0297988 0.00227621 0.008174 -0.00319305 -0.00186935 -0.00383516 0.00649835 0.0185369 -0.0131024 -0.00347218 0.0256001 -0.0029191 -0.00381818 0.00193402 0.00697304 0.0133142 -0.00619542 0.00689215 0.026892 -0.0414307 0.00706988 0.00146445
internal_weight=164961 161178 42053.6 119124 88245.8 24917.6 68803.7 15188.8 1602.13 13586.6 19442.2 53614.9 47693.2 38620.7 9072.57 4109.66 749.857 4962.91 3359.8 37520.3 36025 14378.1 10337.2 6678.19 1821.17 1328.52 908.209 492.653 11412.9 13442.4
internal_count=802939 733984 221915 512069 377384 124669 295929 63925 6729 57196 81455 232004 203326 164884 38442 17628 3391 20814 14237 160135 153889 61690 43792 27926 7667 5573 3807 2094 53791 56598
is_linear=0
shrinkage=0.05


Tree=51
num_leaves=31
num_cat=0
split_feature=17 0 22 16 12 5 19 12 11 12 21 11 22 21 21 21 11 12 22 12 17 21 21 22 21 4 12 11 12 21
split_gain=1544.16 687.221 450.304 437.941 412.18 386.048 385.696 314.508 248.891 264.035 245.055 246.141 221.157 184.307 168.896 212.405 167.796 261.865 214.725 177.709 165.625 162.426 203.36 158.876 158.832 158.606 158.407 153.639 150.579 141.561
threshold=159.91176605224612 6.3616042137146005 -1.2644603999999997 0.13235294446349147 4.2058823529411766 16.500000000000004 0.60294118523597728 4.3854489164086692 77.785250096994204 1.258513931888545 -0.19994983999999996 14.532123391300257 -0.16837660999999995 -1.3945062499999998 -0.31750278499999995 0.54695698500000012 47.770250197269327 5.9674922600619196 1.6775100000000001 5.5773993808049545 197.45076751708987 0.64024144500000013 1.0670309000000002 -1.21867025 -1.1594290499999997 8.4732906371355075 5.9674922600619196 21.205184842975978 4.4256965944272446 -1.0488714999999997
decision_type=2 2 2 2 2 2 2 2 2 2 2 2 2 2 2 2 2 2 2 2 2 2 2 2 2 2 2 2 2 2
left_child=3 2 8 -1 -5 23 7 20 13 -10 26 -12 -6 -2 -15 27 17 21 19 -18 -4 25 -23 -3 -19 -9 -8 -16 -27 -28
right_child=1 5 6 4 12 -7 10 16 9 -11 11 -13 -14 14 15 -17 18 24 -20 -21 -22 22 -24 -25 -26 28 29 -29 -30 -31
leaf_value=-0.04280405358640639 -0.02949489831709013 -0.017131388370584182 -0.0026984520624725593 -0.027895275611566073 -0.020632167360215836 -0.022567797290004139 -0.0002214488641045127 0.021733158860781233 -0.039276026454393154 0.041858862520353063 -0.0078054975901203777 0.011959561595855595 0.0097898979455420167 0.00062109944461338318 -0.044602855902696734 0.0045422045410361571 0.017184114271271068 0.015963132332544715 0.063433169914372839 0.002225052652744424 0.007336487538388759 0.027034182144669096 -0.0084986717755055046 -0.0028399879412467771 0.0040501430537126862 0.033224601534059144 0.020181694184925044 -0.01557170067594104 -0.009555751912077172 0.0040216586879808979
leaf_weight=1927.5299350209534 1071.9408710375428 2158.7523005343974 40020.005962964147 2987.7293770350516 913.86017353087664 3320.3969715684652 13144.878234267235 462.61087927222252 128.16771411150694 448.98471784219146 1699.7849070727825 21378.881581008434 1720.5750875622034 3602.3339210338891 545.14578080922365 1154.2601560652256 3958.8922615349293 3481.3354847468436 189.30756589025259 3982.3404920063913 4581.7113018333912 872.73802958801389 746.16991311684251 19536.718112781644 14242.602417785674 210.54212833940983 2064.6916448175907 2769.9733132869005 7486.52535963431 3941.9462276399136
leaf_count=42926 5585 11223 179606 31402 7599 26017 55801 1939 618 1971 7111 93002 10162 17713 2530 5057 17592 15408 890 17611 19603 3683 3252 90249 62022 925 9090 12996 33100 16894
internal_value=-0.000154934 0.00090594 0.0023441 -0.0222419 -0.0151859 -0.00669321 0.00316632 0.00113057 -0.00801359 0.0238045 0.00703399 0.0105036 -0.000767047 -0.0100244 -0.00743529 -0.0139275 0.00463281 0.00276705 0.0109428 0.00968372 -0.00166747 -0.00380118 0.0106616 -0.00426274 0.00639086 -0.0066716 0.00285264 -0.0203577 -0.00838139 0.00957886
internal_weight=164751 157202 132186 7549.69 5622.16 25015.9 122465 80234.8 9720.81 577.152 42230.2 23078.7 2634.44 9143.65 8071.71 4469.38 35633.1 27502.5 8130.54 7941.23 44601.7 9778.59 1618.91 21695.5 17723.9 8159.68 19151.5 3315.12 7697.07 6006.64
internal_count=803577 711488 583999 92089 49163 127489 537529 355631 46470 2589 181898 100113 17761 43881 38296 20583 156422 120329 36093 35203 199209 42899 6935 101472 77430 35964 81785 15526 34025 25984
is_linear=0
shrinkage=0.05


Tree=52
num_leaves=31
num_cat=0
split_feature=15 1 22 19 11 5 20 11 22 21 11 22 21 20 20 23 5 5 20 23 20 11 11 23 22 21 21 11 11 11
split_gain=1499.31 698.013 436.646 346.817 284.533 308.913 289.174 282.932 246.442 224.235 236.427 212.16 196.494 285.165 190.685 172.539 172.601 168.936 275.742 364.516 312.193 262.875 200.664 196.364 180.66 181.228 172.357 168.269 160.831 159.996
threshold=21.682642936706547 17.660273194313053 -1.2825376499999999 0.60294118523597728 105.05147439454778 15.500000000000002 61.02986145019532 76.554730456576181 0.5938871200000001 -0.19994983999999996 14.008156353618409 -0.16837660999999995 0.25288889000000009 11.555274963378908 30.815338134765629 2.1617061000000004 9.5000000000000018 5.5000000000000009 49.516838073730476 1.4070335000000003 6.7537841796875009 47.266789810287982 8.531781322423706 1.4116550000000003 1.5679100000000001 0.24118209000000004 -1.5734585999999997 20.631915132800589 49.851090743157435 1.997763432919887
decision_type=2 2 2 2 2 2 2 2 2 2 2 2 2 2 2 2 2 2 2 2 2 2 2 2 2 2 2 2 2 2
left_child=1 2 7 17 5 -3 -7 15 12 14 -11 -8 -6 -14 29 16 -1 21 19 20 -19 -4 -21 -23 -24 -26 -20 -2 -13 -5
right_child=27 4 3 9 8 6 11 -9 -10 10 -12 28 13 -15 -16 -17 -18 18 26 22 -22 23 24 -25 25 -27 -28 -29 -30 -31
leaf_value=-0.0029545501560724915 -0.0038203093883390281 -0.0044470887678022993 0.0010259252862591139 -0.053109295715279253 0.046460530871530646 -0.031774290622100632 -0.022281844800174186 0.025175713163739621 0.039518986644593877 -0.0080815104224768574 0.011655090689296635 0.011911478441099799 0.042774207706932237 -0.024563209072647529 -0.0029369050950121801 -0.025477319747912643 -0.022504514475095945 0.0069990619307596438 -0.021491025303845755 0.055144267363261737 -0.01191509717345263 0.0071767253426757343 1.22114945847143e-06 0.024658055050937114 0.0045051537630219907 0.048830302694491845 0.0033405600754475595 -0.040454791516922904 -0.014127119703789446 0.007825535299386753
leaf_weight=5133.1262851729989 358.58941090852022 24535.338781580329 21890.929065722972 107.84972389042377 186.601557508111 2142.2089154645801 1777.2499353252351 582.70759672299027 607.18543511256576 1636.9697289019823 20657.995511516929 1351.2362641915679 200.75220860168338 711.82957986369729 8195.0997305065393 1618.1420108340681 1446.4714324325323 2612.1808390021324 717.12561252340674 200.67812615633011 13218.929239027202 7233.2315166890621 4312.7964068427682 2064.57905562222 517.85348738729954 415.05750881880522 25999.301321551204 2501.0682939067483 1055.2481007538736 10559.616327941418
leaf_count=23606 4836 116307 94773 434 1014 16882 14444 2598 2984 6831 90185 7856 895 3847 34958 8001 8355 11196 3553 926 60488 31138 19860 9179 2298 1875 117769 54772 7189 45143
internal_value=1.79138e-05 0.000652746 0.00230265 0.00308807 -0.00588849 -0.00698754 -0.0168385 -0.008461 0.0139814 0.00681112 0.0102057 -0.00918512 -0.000148633 -0.00971954 0.00279854 -0.0108547 -0.00725522 0.00115285 -0.000708913 -0.00495554 -0.00879396 0.00401769 0.00620121 0.0110607 0.00431871 0.0242568 0.00267325 -0.0358639 0.000492377 0.00720455
internal_weight=164548 161688 129121 120340 32567.7 30861.3 6325.94 8780.45 1706.37 41157.5 22295 4183.73 1099.18 912.582 18862.6 8197.74 6579.6 79182.7 47993.9 21277.5 15831.1 31188.7 5446.39 9297.81 5245.71 932.911 26716.4 2859.66 2406.48 10667.5
internal_count=804192 744584 573166 530606 171418 162678 46371 42560 8740 177551 97016 29489 5756 4742 80535 39962 31961 353055 217965 96643 71684 135090 24959 40317 24033 4173 121322 59608 15045 45577
is_linear=0
shrinkage=0.05


Tree=53
num_leaves=31
num_cat=0
split_feature=18 0 20 18 24 5 12 12 20 12 20 11 5 12 11 11 12 11 12 12 4 4 11 24 11 12 12 24 11 8
split_gain=1282.98 645.51 602.103 470.604 322.744 291.609 279.469 228.579 227.626 442.184 352.899 284.171 244.73 233.556 236.015 234.239 306.264 226.205 447.188 222.602 224.127 217.68 211.1 204.802 196.914 331.854 280.369 191.876 178.744 176.092
threshold=158.11765289306643 6.2451779842376718 72.476669311523452 185.39170837402347 3.5000000000000004 16.500000000000004 2.6068111455108363 1.0758513931888547 60.573593139648445 11.018575851393191 7.6948242187500009 92.67470495860691 1.5000000000000002 9.1253869969040267 64.435121413435652 10.389228504554778 1.4938080495356039 49.240419371982021 5.2956656346749229 7.7910216718266261 45.831358991563327 82.781527869403376 21.205184842975978 2.5000000000000004 20.03343528257712 8.0216718266253881 5.6671826625387007 1.5000000000000002 9.0522675820548493 1.0000000180025095e-35
decision_type=2 2 2 2 10 2 2 2 2 2 2 2 2 2 2 2 2 2 2 2 2 2 2 10 2 2 2 10 2 2
left_child=2 3 -1 4 7 -3 -4 -2 10 24 13 12 -12 14 15 16 -9 18 -6 20 -20 -19 23 -17 25 -10 -26 -28 -27 -21
right_child=1 5 6 -5 17 -7 -8 8 9 -11 11 -13 -14 -15 -16 22 -18 21 19 29 -22 -23 -24 -25 26 28 27 -29 -30 -31
leaf_value=-0.038695612072644603 -0.011242372018813847 -0.0041507979797235361 -0.029975225418216705 0.0095670337484968053 -0.0055476186588185724 -0.019780626414575158 -0.0010687682576333193 -0.038440267843207532 -0.013530124809348185 -0.045294700787212872 0.010797363211961283 0.011326283790382488 -0.0074735595367900198 0.03778668395569923 0.01616114416448888 -0.020870951657135355 0.026210988630887423 0.017593702474364068 -1.4058255730794078e-05 0.022390231623796043 0.023231648901677174 0.0046459628664953217 0.00090255290093308339 0.032930315225135835 0.0053414854018565281 -0.0066816414560331595 0.028742712763397706 -0.020022691708282664 0.024500290263513854 -0.0020101814999692121
leaf_weight=2814.4100204668939 4721.1367996186018 21926.959401529282 1144.2103172540665 19649.987295284867 10032.026315730065 3453.5560615248978 3098.6241768337786 208.53061173856258 3091.3697926066816 439.10189801454544 1961.1106991618872 2484.8898706547916 27827.388524126261 487.25589410960674 2792.0378226079047 1971.2827307209373 1460.6628369241953 5837.1439250707626 1444.2462426498532 886.6955825984478 3675.6549295298755 7313.9241900295019 12067.796131536365 193.41794462874532 14473.045868635178 736.03844046592712 2097.850077021867 222.46040720492601 1221.0393578596413 4425.6662618294358
leaf_count=54638 21971 103453 12252 85565 43200 29478 20269 886 13791 2131 8256 10733 127835 2087 12265 8391 6181 26448 6305 3940 15856 32138 51771 843 65801 3339 8962 1091 5140 19023
internal_value=8.61159e-05 0.00102303 -0.0207679 0.0024299 0.00117845 -0.00627826 -0.00886951 -0.000577894 0.000105077 0.00432667 -0.00172302 -0.00491522 -0.00627038 0.00364806 0.00275626 0.000401741 0.018116 0.00527754 0.00198934 0.00923697 0.0166757 0.0103938 -0.00167692 -0.0160508 0.00532628 -0.00333194 0.00792917 0.0240607 0.0127756 0.00206598
internal_weight=164160 157102 7057.24 131722 112072 25380.5 4242.83 78456.4 73735.3 22280.9 51454.4 32273.4 29788.5 19181 18693.7 15901.7 1669.19 33615.4 20464.3 10432.3 5119.9 13151.1 14232.5 2164.7 21841.8 5048.45 16793.4 2320.31 1957.08 5312.36
internal_count=804039 716880 87159 583949 498384 132931 32521 351474 329503 100255 229248 146824 136091 82424 80337 68072 7067 146910 88324 45124 22161 58586 61005 9234 98124 22270 75854 10053 8479 22963
is_linear=0
shrinkage=0.05


Tree=54
num_leaves=31
num_cat=0
split_feature=17 22 16 12 1 16 21 23 11 22 9 16 12 23 22 11 11 12 21 11 21 11 21 23 16 21 11 21 23 11
split_gain=1297.96 507.911 400.533 357 342.796 301.936 255.059 250.181 239.109 327.407 221.972 205.406 196.788 236.411 384.933 319.393 260.833 245.365 190.649 185.145 296.419 324.936 267.858 225.724 191.969 214.963 314.177 346.267 232.954 178.941
threshold=159.91176605224612 -0.25984330499999997 0.13235294446349147 3.45046439628483 14.213365554809572 0.80882352590560924 0.60944152000000018 2.1617061000000004 70.183957243874545 -0.44788862999999995 44.500000000000007 0.83823528885841381 5.0015479876161004 0.88105851500000021 1.1680100000000002 68.440097592586525 15.017229010400021 7.7910216718266261 0.18159368500000003 26.681275045320444 -0.044221688049999992 3.2237280221661737 1.4806700500000003 2.2303354500000006 0.63235294818878185 0.097858551900000021 52.834792444292155 -0.50585707999999985 1.5520628000000001 7.4007831873655494
decision_type=2 2 2 2 2 2 2 2 2 2 2 2 2 2 2 2 2 2 2 2 2 2 2 2 2 2 2 2 2 2
left_child=2 4 -1 -4 6 12 7 11 10 -10 -8 -2 19 16 15 29 -14 18 -16 20 23 -22 -23 -3 -21 26 27 28 -26 -15
right_child=1 5 3 -5 -6 -7 8 -9 9 -11 -12 -13 13 14 17 -17 -18 -19 -20 24 21 22 -24 -25 25 -27 -28 -29 -30 -31
leaf_value=-0.041643787942324817 -0.0025254995521190185 0.0045142468728817482 -0.028561312915808091 -0.0027656582987553202 -0.008096087082707093 0.0091891572840995268 0.0010716515346752215 -0.018328921892629794 0.038242705577488566 -0.019022290007615465 0.029969492643516688 0.0062406132867353333 -0.017232244513059859 -0.0049470051946655267 -0.0043165149723877723 -0.025360724886263827 0.0036796209010605042 -0.012578383626212671 0.027106359297649769 -0.0046305786162165385 0.049686625203669045 -0.034762701480121554 0.033326645328473424 -0.039859876263989458 0.010375974246481838 0.0071274775320438136 0.0078023926657820892 -0.02270040956625868 -0.017295206400485735 0.018489933879404376
leaf_weight=1738.5108773186803 34324.945917904377 3083.5509695149958 2388.2724553234875 3058.410415135324 17990.085277944803 18770.320779368281 6673.5308589562774 2141.5206836275756 1162.1352745890617 317.13421001285315 737.01597484201193 8296.9475190341473 1920.8778378814459 892.03570380806923 1001.3810440301895 477.50297262519598 6652.1208919920027 2661.9791462346911 930.51442274823785 10141.126843415201 139.52618442475796 1743.0865844637156 156.6993852853775 314.94233463704586 2285.8931413590908 15988.659290283918 4652.163544639945 2728.2866120785475 1138.6309961080551 9314.0632365085185
leaf_count=42827 155543 13135 26859 22329 93207 82912 29077 10366 5012 1345 3060 34942 8261 3751 4485 2246 29505 11650 4421 53659 586 7502 678 1319 9651 68312 19928 11481 4789 40820
internal_value=2.44159e-05 0.000977681 -0.0207539 -0.0140798 -0.00212345 0.0035917 -0.000120688 -0.00165703 0.00761466 0.0259614 0.00394934 -0.000818947 0.00200504 0.00563788 0.00936671 0.0145707 -0.00100738 -0.00273627 0.0108248 -3.98786e-05 -0.00865269 -0.0237176 -0.0291319 0.00039153 0.00122836 0.003446 -0.00200181 -0.00941487 0.00117313 0.0164412
internal_weight=163822 156637 7185.19 5446.68 71643.3 84993.4 53653.2 44763.4 8889.82 1479.27 7410.55 42621.9 66223 23850.5 15277.5 10683.6 8573 4593.87 1931.9 42372.6 5437.81 2039.31 1899.79 3398.49 36934.8 26793.6 10805 6152.81 3424.52 10206.1
internal_count=803658 711643 92015 49188 332552 379091 239345 200851 38494 6357 32137 190485 296179 105139 67373 46817 37766 20556 8906 191040 23220 8766 8180 14454 167820 114161 45849 25921 14440 44571
is_linear=0
shrinkage=0.05


Tree=55
num_leaves=31
num_cat=0
split_feature=15 0 22 5 14 12 5 12 14 14 13 14 22 14 14 12 12 24 22 13 24 14 22 14 12 14 12 12 14 12
split_gain=1179.25 662.972 400.414 293.644 462.851 309.704 290.663 225.666 224.084 264.976 259.451 219.668 402.366 501.641 338.579 423.897 431.839 344.112 330.369 322.131 306.003 259.562 243.867 223.97 223.951 218.905 229.838 210.091 524.935 198.124
threshold=26.860466003417972 8.4039444923400897 0.055660221750000009 9.5000000000000018 207.50000000000003 3.382352941176471 14.500000000000002 7.7383900928792579 161.50000000000003 181.50000000000003 -45.594515514436054 222.50000000000003 1.5679100000000001 208.50000000000003 261.50000000000006 5.8823529411764719 12.851393188854491 5.5000000000000009 0.48771763000000007 -97.111095975438587 7.5000000000000009 257.50000000000006 1.1680100000000002 268.50000000000006 1.1099071207430342 270.50000000000006 2.7631578947368425 10.332817337461302 202.50000000000003 9.1253869969040267
decision_type=2 2 2 2 2 2 2 2 2 2 2 2 2 2 2 2 2 8 2 2 10 2 2 2 2 2 2 2 2 2
left_child=1 2 3 27 5 -5 -3 -6 -4 10 -10 12 -11 -14 15 19 22 18 23 -13 -21 -22 -17 -16 -19 -26 -27 29 -29 -1
right_child=-2 6 8 4 7 -7 -8 -9 9 11 -12 14 13 -15 17 16 -18 24 -20 20 21 -23 -24 -25 25 26 -28 28 -30 -31
leaf_value=0.00120966023708973 -0.039803984967066469 -0.0044119233489448174 -0.007216009201243042 -0.032569790319883656 -0.0030059729597781281 -0.0075226104096236084 -0.01779610176168615 0.021979727193520707 0.028394171441250816 -0.0021657386215958069 0.0084079014193659159 -0.067222421599547069 0.03167125984100911 -0.057387428106843025 -0.031625272225162426 0.028895515974331893 -0.044837779949638057 -0.055342617781858276 0.030487982068027043 0.0091899951130533855 -0.0065101713448737419 -0.06591900930214227 0.0055156008338359715 0.021856186162621343 -0.010914553457698536 0.05858916415958354 0.0023192376147617771 0.020022671017452282 -0.036094949693407305 0.018564012829605778
leaf_weight=58870.933092590421 1844.7997088693082 16283.507731452584 3565.987678527832 2269.2438751719892 15521.569437798113 2705.982765365392 5401.696521922946 958.5672757178545 2279.6352342367172 17241.529254522175 5643.1011321060359 150.62958319485188 1595.5229332894087 174.58008440583944 479.23414209485054 4916.2854466997087 238.33194726705551 237.6350184455514 1363.2980334982276 9836.9732193499804 1107.2258630022407 219.53457853198051 1443.237123735249 329.56828588247299 4311.5948900356889 228.61441674828529 865.95243456959724 654.88641915470362 1142.4099547043443 1690.8723158463836
leaf_count=256079 46760 78899 15829 12601 79147 15578 44968 4803 11378 77362 25561 649 7552 779 2006 21057 961 1070 5738 43235 4822 933 6152 1398 18532 993 3788 2831 5250 7278
internal_value=-6.49785e-05 0.000388559 0.0016483 -0.000541548 -0.00558689 -0.0189511 -0.00774653 -0.00155143 0.00491245 0.00573384 0.0141615 0.00424115 0.000165416 0.0228602 0.00725276 0.0110415 0.0211131 -0.00143037 0.0154766 0.00516694 0.00614961 -0.0163826 0.0235914 -0.00983274 -0.00793884 -0.0058453 0.0141147 0.00119442 -0.0156474 0.00169449
internal_weight=163573 161728 140043 83814.5 21455.4 4975.23 21685.2 16480.1 56228.5 52662.5 7922.74 44739.7 19011.6 1770.1 25728.1 17912.2 6597.85 7815.9 2172.1 11314.4 11163.7 1326.76 6359.52 808.802 5643.8 5406.16 1094.57 62359.1 1797.3 60561.8
internal_count=803989 757229 633362 383567 112129 28179 123867 83950 249795 233966 36939 197027 85693 8331 111334 77809 28170 33525 9142 49639 48990 5755 27209 3404 24383 23313 4781 271438 8081 263357
is_linear=0
shrinkage=0.05


Tree=56
num_leaves=31
num_cat=0
split_feature=15 1 17 22 11 5 14 12 14 21 14 22 11 12 11 14 21 21 23 5 14 12 22 14 23 22 11 14 22 23
split_gain=1150.91 649.818 377.158 377.497 304.96 287.024 284.387 283.935 282.218 365.26 274.673 251.795 216.605 202.778 272.561 273.12 232.178 309.914 202.098 203.005 184.512 305.589 452.136 356.837 376.934 289.514 281.246 405.759 347.641 343.949
threshold=26.860466003417972 19.233471795916561 206.35833740234378 -0.90654119999999994 105.05147439454778 16.500000000000004 215.50000000000003 3.382352941176471 174.50000000000003 0.51909596000000013 206.50000000000003 0.68539762500000012 77.785250096994204 1.2368421052631582 66.991382313517434 271.50000000000006 0.042616635550000011 0.033785214650000006 2.1617061000000004 10.500000000000002 262.50000000000006 8.0216718266253881 1.3255616000000001 254.50000000000003 1.0459932000000003 0.014423421100000002 50.76485803746403 176.50000000000003 1.5224150000000003 0.46604304000000002
decision_type=2 2 2 2 2 2 2 2 2 2 2 2 2 2 2 2 2 2 2 2 2 2 2 2 2 2 2 2 2 2
left_child=1 2 3 12 5 -3 -7 -8 -6 10 -10 -11 18 14 15 16 17 -5 19 -1 21 26 23 24 25 -23 -15 -28 29 -29
right_child=-2 4 -4 13 8 6 7 -9 9 11 -12 -13 -14 20 -16 -17 -18 -19 -20 -21 -22 22 -24 -25 -26 -27 27 28 -30 -31
leaf_value=-0.0021017284231227072 -0.039892007860040601 -0.004958109377301183 0.012205363783069696 -0.0096829453329675477 0.068669828530503504 -0.03736667736773535 -0.022427344916556066 0.0040508016753117316 0.0028514874050924524 -0.025938789027649251 0.071439034307876445 0.049876319715769002 0.014141546535094161 2.2180607764383695e-05 0.0061048460230726954 0.081342349330031316 -0.032354242439344837 0.10631708030285428 -0.021803406964123671 -0.016163198739554997 -0.0033652320237120173 -0.01414846626485303 -0.0089471598168405116 0.045968264841006662 0.022225652059976522 0.012720680010755804 0.020179590722076181 0.01673026215461014 0.034905391626516756 0.00026948488639121635
leaf_weight=14465.806525658816 1791.1984559223056 23181.555273041129 8347.2876151204109 2306.8763571605086 210.69763388112187 1372.7821732275188 2366.3986380621791 1768.5912731736898 291.92081236839294 711.89962780103087 291.13430157676339 128.44268048927188 1392.1816906146705 43387.795339867473 2720.7172947712243 71.871438942849636 1422.3125187531114 58.05599395185709 1889.1095448806882 3119.5437508188188 10000.749570600688 1698.8268824070692 2274.6236590221524 889.47061358392239 4861.3618282824755 2442.9855280965567 4489.3168606311083 3742.6015530079603 870.80727396160364 20837.53621615842
leaf_count=65161 47091 112842 36643 10554 1052 14403 20428 12656 1601 3947 1570 649 6144 192243 11983 314 6610 257 9666 18197 44235 7456 9885 3679 21556 10615 20875 16125 4269 91708
internal_value=-4.43491e-05 0.000397536 0.00192125 0.00122291 -0.00619945 -0.00739627 -0.0176555 -0.011104 0.0148044 0.00678843 0.0371627 -0.0143053 -0.00490484 0.00247559 -0.00601373 -0.0145568 -0.0163977 -0.00679156 -0.00626707 -0.00459693 0.00306058 0.00381226 0.0111504 0.0157719 0.0127839 0.00169914 0.00259451 0.00632207 0.00387703 0.0027764
internal_weight=163404 161613 131290 122943 30323.4 28689.3 5507.77 4134.99 1634.1 1423.4 583.055 840.342 20866.6 102076 6579.83 3859.12 3787.24 2364.93 19474.5 17585.4 95496.1 85495.3 12167.3 9892.64 9003.17 4141.81 73328.1 29940.3 25450.9 24580.1
internal_count=804414 757323 588175 551532 169148 160329 47487 33084 8819 7767 3171 4596 99168 452364 29718 17735 17421 10811 93024 83358 422646 378411 53191 43306 39627 18071 325220 132977 112102 107833
is_linear=0
shrinkage=0.05


Tree=57
num_leaves=31
num_cat=0
split_feature=19 14 12 22 5 11 22 22 21 12 11 14 12 14 14 14 22 14 11 22 14 14 22 21 12 12 24 11 14 21
split_gain=994.692 728.301 404.028 401.535 337.747 369.232 320.452 285.561 271.243 267.534 430.428 432.199 453.891 402.127 389.59 393.747 350.965 318.176 518.178 309.347 298.153 288.03 324.84 285.59 313.964 276.38 275.728 257.902 251.527 591.516
threshold=0.10294117778539659 224.50000000000003 1.8374613003095976 -1.2466693999999998 5.5000000000000009 47.266789810287982 1.5679100000000001 1.3878511000000002 0.66002536000000012 5.1625386996904039 68.440097592586525 270.50000000000006 1.6640866873065019 179.50000000000003 204.50000000000003 264.50000000000006 -0.14198879499999997 231.50000000000003 27.620079198385081 0.85727200000000015 176.50000000000003 251.50000000000003 0.58186933500000004 -0.62302365999999998 1.3421052631578949 3.0201238390092882 4.5000000000000009 57.682358524332479 219.50000000000003 -0.97553550999999994
decision_type=2 2 2 2 2 2 2 2 2 2 2 2 2 2 2 2 2 2 2 2 2 2 2 2 2 2 10 2 2 2
left_child=1 -1 -3 8 5 -5 7 9 -2 10 11 12 21 -12 19 -16 -13 20 -19 23 -14 -6 -23 -15 -25 -22 -26 -27 29 -11
right_child=3 2 -4 4 6 -7 -8 -9 -10 28 13 16 17 14 15 -17 -18 18 -20 -21 25 22 -24 24 26 27 -28 -29 -30 -31
leaf_value=-0.03238894940386066 -0.010143432612363532 -0.032822877572498847 0.0009840508228898333 0.0019262648781619659 -0.011432635222197979 0.010298147396265053 0.018876432281103986 -0.025102923655705323 0.01503740110271504 0.019605302182039555 0.029262701561241635 -0.019385495241500093 0.0065811950755399994 -0.0513403782300903 0.0093277038321491843 -0.03049522446715007 0.031025625727782197 -0.018047965369618113 0.0063425501139912528 0.021115747891792328 -0.020079266261793335 -0.042051995757822876 0.020517379889769569 -0.03691203161441161 0.00214339506459692 -0.0093624678252291586 -0.051303652587941576 0.014070066384814362 0.0099296575208018406 -0.010573858030271978
leaf_weight=3805.3151974789798 10900.167717497796 1061.418806552887 5255.4938505813479 40089.99030470103 5528.5212417766452 19613.104910343885 2124.7561867646873 1189.1328505128622 1184.8900274150074 2279.5728539787233 1483.2841482311487 457.09094173461199 2874.2669643610716 467.87603558972478 11108.918193493038 656.48045250028372 1403.0694267898798 2655.1032756716013 12086.61919285357 709.14404097571969 5318.4431699104607 1634.8478280603886 236.95160837471485 847.51598285138607 2772.4631373509765 7376.4516395032406 263.30787255242467 1395.5988012515008 10470.092123370618 5635.7018118835986
leaf_count=71070 53804 11529 37107 170958 26176 87286 9722 5305 5222 10447 6869 2185 13028 2311 49795 2961 6022 11586 52426 3314 25029 7518 1010 4009 12979 34535 1215 6448 45263 26220
internal_value=6.63256e-05 -0.0151119 -0.00470076 0.00107214 0.00182349 0.00467664 -0.000280171 -0.00079661 -0.00767352 -0.000424119 -0.00205851 -0.00490684 -0.00602706 0.00431466 0.00211373 0.00710328 0.0186345 -0.00342442 0.0019487 -0.00948625 -0.00809329 -0.0171761 -0.0341246 -0.0144774 -0.0100239 -0.0110869 -0.00250771 -0.00563326 0.00484511 -0.00188098
internal_weight=162886 10122.2 6316.91 152763 140678 59703.1 80975.2 78850.5 12085.1 77661.3 59276 40967 39106.8 18309 16825.7 11765.4 1860.16 31706.5 14741.7 5060.31 16964.8 7400.32 1871.8 4351.16 3883.29 14090.5 3035.77 8772.05 18385.4 7915.27
internal_count=803349 119706 48636 683643 624617 258244 366373 356651 59026 351346 269416 185963 177756 83453 76584 52756 8207 143052 64012 23828 79040 34704 8528 20514 18203 66012 14194 40983 81930 36667
is_linear=0
shrinkage=0.05


Tree=58
num_leaves=31
num_cat=0
split_feature=15 19 12 16 14 24 11 14 5 14 24 5 14 14 24 24 13 11 3 11 14 11 11 12 11 14 14 14 14 11
split_gain=1014.42 493.151 364.799 434.377 286.566 252.969 215.264 249.875 257.503 265.108 210.183 208.54 301.07 321.879 294.856 213.677 271.15 212.406 205.19 203.014 256.631 201.135 197.611 219.97 193.087 190.649 180.785 256.184 165.941 164.366
threshold=28.357535362243656 0.57352942228317272 2.7198142414860684 0.54411765933036815 260.50000000000006 3.5000000000000004 68.440097592586525 270.50000000000006 7.5000000000000009 210.50000000000003 7.5000000000000009 1.5000000000000002 228.50000000000003 265.50000000000006 4.5000000000000009 7.5000000000000009 44.286073386230896 24.582699336849689 21.887142002582554 32.109559930549601 177.50000000000003 108.20369620633893 48.929337142444808 8.0216718266253881 15.793902891665141 241.50000000000003 264.50000000000006 246.50000000000003 180.50000000000003 21.205184842975978
decision_type=2 2 2 2 2 10 2 2 2 2 10 2 2 2 8 10 2 2 2 2 2 2 2 2 2 2 2 2 2 2
left_child=1 2 3 21 5 28 7 8 10 -10 -5 -4 15 14 22 16 -13 -17 -15 -19 -21 -1 23 24 -14 -25 27 -8 29 -3
right_child=-2 4 11 6 -6 -7 26 -9 9 -11 -12 12 13 18 -16 17 -18 19 -20 20 -22 -23 -24 25 -26 -27 -28 -29 -30 -31
leaf_value=-0.022217179474694537 -0.040596510354363104 -0.0028445222731281494 0.010860292650892889 -0.004716409993169606 -0.005826155902336024 0.010060985779062476 0.00060423363373481118 0.020948587339653719 -0.032319135182958009 -0.0099297084423862342 0.02164940969723203 -0.0037032976327801372 -0.044012591463810195 -0.02340965299693781 0.0098174584559292503 0.047006981163157484 -0.027146210700326984 -0.031995400748823448 -0.00065795957470330757 0.036036188107702004 -0.0072481475097017651 0.018790079035471648 0.026465633030646071 0.067436272169357353 -0.0093143147040445507 0.0028306376999100531 -0.025310293905275401 0.024069470020156001 0.00093161090061701405 0.01134013642755511
leaf_weight=4766.6977983564138 1528.6269783079624 2678.0143128633499 4344.7881798818707 10433.091675832868 7216.3813952282071 16182.774840414524 6551.5989595130086 790.09472855180502 1656.809409737587 6539.0073444545269 813.93452374637127 29004.045640185475 475.1577342748642 1500.3751302585006 15085.824544031173 356.63659168034792 1287.2893682010472 308.81090189144015 2915.3137294575572 636.91338520124555 738.73287029564381 318.29489473253489 437.77667544409633 144.74650301039219 2544.357505582273 527.87949807941914 531.91596484184265 1413.2681332007051 32501.537812903523 8597.1526403576136
leaf_count=43386 43558 11006 19047 46199 31787 72959 29341 3713 8275 31337 3473 138289 2363 6848 68232 1581 14553 1424 13728 3127 3451 2636 2295 663 13655 2443 2762 6184 138611 37072
internal_value=-7.02032e-05 0.000314113 -0.0020215 -0.00617846 0.00358663 0.00471958 -0.00379398 -0.0065986 -0.00771905 -0.0144592 -0.00280659 0.000309353 -0.000509955 0.00377963 0.00657693 -0.00364518 -0.00470041 0.0120098 -0.00839214 0.00457665 0.0128038 -0.0196471 -0.00525961 -0.00902742 -0.0147873 0.016813 0.00288448 0.00477035 0.00274485 0.00797112
internal_weight=162828 161299 94123.4 33814.7 67175.9 59959.5 28729.7 20232.9 19442.8 8195.82 11247 60308.6 55963.9 23631.4 19215.7 32332.4 30291.3 2041.09 4415.69 1684.46 1375.65 5084.99 4129.92 3692.14 3019.52 672.626 8496.78 7964.87 43776.7 11275.2
internal_count=803998 760440 469005 177306 291435 259648 131284 92997 89284 39612 49672 291699 272652 110227 89651 162425 152842 9583 20576 8002 6578 46022 21419 19124 16018 3106 38287 35525 186689 48078
is_linear=0
shrinkage=0.05


Tree=59
num_leaves=31
num_cat=0
split_feature=17 20 18 0 12 12 21 21 4 5 12 21 20 20 24 12 3 21 9 17 25 12 3 12 20 21 21 18 24 24
split_gain=972.849 590.926 475.958 327.837 286.338 242.475 346.984 253.901 235.88 207.121 200.317 191.614 305.769 183.079 238.262 331.706 255.813 189.633 216.055 191.679 178.34 172.785 153.672 151.984 146.735 172.644 161.86 146.727 143.353 137.677
threshold=159.91176605224612 72.476669311523452 187.42769622802737 8.4039444923400897 1.8157894736842108 1.1934984520123841 1.3646467500000001 0.51909596000000013 43.315855957567699 16.500000000000004 6.1037151702786394 -0.97553550999999994 72.964897155761733 6.2876815795898446 7.5000000000000009 4.3854489164086692 38.415232762694366 -0.55150461499999992 81.500000000000014 179.51923370361331 22.868842756748204 9.6934984520123866 82.376367770135417 2.1269349845201244 75.866523742675795 -0.71756502999999994 0.33863845500000006 202.43030548095706 2.5000000000000004 5.5000000000000009
decision_type=2 2 2 2 2 2 2 2 2 2 2 2 2 2 8 2 2 2 2 2 2 2 2 2 2 2 2 2 10 10
left_child=1 -1 3 5 -3 6 29 10 -9 -5 13 12 20 14 15 23 -16 19 -19 -15 -12 -10 -8 -7 -13 -26 -27 -4 -25 -2
right_child=2 4 27 9 -6 7 22 8 21 -11 11 24 -14 17 16 -17 -18 18 -20 -21 -22 -23 -24 28 25 26 -28 -29 -30 -31
leaf_value=-0.038306885875793541 -0.011811453077957709 -0.037363555551006157 0.0082422327107872905 -0.0042123253981783508 -0.0019260249918957686 0.0028849997453685113 -0.0010550212442201922 0.013041875233552684 0.0035300213483001434 -0.019645620067681474 0.025981880771047568 -0.001437491009468681 -0.011621773504897077 0.00040563937412267046 0.0027439119227418039 0.012180333567869727 0.020890643411782924 -0.0013275955897072667 0.027536792190200721 -0.011246894191547478 0.0080966037944222267 -0.02547560849426957 0.039885465097834555 -0.0088386702024109576 -0.015622307900470004 0.021004799543908562 -0.0075772079471283244 0.034230296075236526 -0.029367605060759239 0.012542757240685648
leaf_weight=2427.3385602422059 7891.8636122383177 674.81946862861514 14712.604832991958 15648.673618756235 3642.0567949488759 1860.5194442868233 405.17352029681206 7651.6761344559491 20985.488340001553 2523.8687128610909 2479.9264439120889 12633.236987341195 1223.8580318316817 5217.0226634703577 5960.6087750792503 2575.2243250980973 2879.9095716625452 25993.759959477931 663.88856129348278 10907.014456763864 3183.8731791898608 525.31550082191825 526.6107620857656 3299.8207546360791 548.02758820354939 2323.0901257693768 628.93406136333942 563.07895110547543 1145.3505682051182 625.54907710850239
leaf_count=57865 36710 8355 64400 75130 25819 8047 1773 33862 92393 22048 10825 56046 5487 27480 26035 11099 12567 117270 2835 48556 14623 2266 2286 14080 2382 9936 2779 2513 4967 2700
internal_value=1.53801e-05 -0.0185746 0.000821328 -9.11927e-05 -0.00747303 0.000841098 -0.00685193 0.00148624 0.00550277 -0.00635672 8.38217e-05 0.00405335 0.0110342 -0.00142659 0.00284676 -0.00293751 0.00865713 -0.00319677 -0.000607744 -0.00747686 0.015931 0.00282052 0.022101 -0.00911254 0.00107257 0.0101303 0.0149148 0.00920236 -0.0141336 -0.0100215
internal_weight=162328 6744.21 155584 140308 4316.88 122136 9449.2 112687 29162.5 18172.5 83524.1 23020.9 6887.66 60503.1 17721.4 8880.92 8840.52 42781.7 26657.6 16124 5663.8 21510.8 931.784 6305.69 16133.3 3500.05 2952.02 15275.7 4445.17 8517.41
internal_count=803134 92039 711095 644182 34174 547004 43469 503535 128521 97178 375014 102078 30935 272936 76795 38193 38602 196141 120105 76036 25448 94659 4059 27094 71143 15097 12715 66913 19047 39410
is_linear=0
shrinkage=0.05


Tree=60
num_leaves=31
num_cat=0
split_feature=18 14 18 22 12 5 21 12 14 5 14 21 23 23 14 14 13 12 21 1 14 21 21 21 23 14 9 22 9 14
split_gain=816.781 470.72 453.209 333.815 277.126 273.851 246.471 220.358 210.06 210.383 275.386 617.56 351.81 351.808 340.511 276.162 267.611 263.895 251.36 242.423 205.088 197.948 217.781 219.86 208.091 195.09 190.14 184.774 203.283 182.953
threshold=158.11765289306643 226.50000000000003 182.33635711669925 -1.2466693999999998 3.4721362229102173 15.500000000000002 0.51909596000000013 6.8452012383900938 264.50000000000006 1.5000000000000002 237.50000000000003 -0.76345792499999987 1.2643609500000001 0.89765158500000009 247.50000000000003 252.50000000000003 -36.138513235554051 3.9953560371517032 0.98067301500000015 31.760971546173099 272.50000000000006 0.64024144500000013 0.023908165300000003 -0.71756502999999994 0.99467701000000008 176.50000000000003 66.500000000000014 -0.94543605999999991 12.500000000000002 172.50000000000003
decision_type=2 2 2 2 2 2 2 2 2 2 2 2 2 2 2 2 2 2 2 2 2 2 2 2 2 2 2 2 2 2
left_child=1 -1 3 -2 5 20 25 -3 9 -6 13 -12 15 -11 -14 -13 -17 18 -15 -19 26 22 23 -18 -23 -4 29 -10 -29 -5
right_child=2 7 6 4 8 -7 -8 -9 27 10 11 12 14 17 -16 16 21 19 -20 -21 -22 24 -24 -25 -26 -27 -28 28 -30 -31
leaf_value=-0.035784204106973923 -0.010053130706285105 -0.014150046371322562 0.011117560599248365 0.0027619869275121315 0.013362607504209256 -0.013586123924777477 0.012108824400821731 0.012433482152036705 0.035860896788587102 -0.0065837669049184965 -0.011144226433920065 0.03010755993173166 0.032683590202666639 -0.0173658443854081 -0.015645535442254735 -0.059559290969389125 -0.05293005853544757 0.0070722139682089114 0.017755040570911925 -0.019608944919292132 0.026218457559623428 0.062131001058327084 -0.0055590078843205321 0.025014597866297301 0.015623317118014835 0.00079712451678364416 0.01731270694505372 0.0021001607181414402 -0.020100884258662473 -0.004443690212092029
leaf_weight=2277.4206312727183 9111.6934266425669 3115.2626667823642 5808.7321873903275 12127.924969427288 4614.7369040697813 5243.3861045613885 10132.164859041572 1038.7544338963926 225.14835298061371 13112.070643480867 3062.2216114401817 3387.1901595667005 477.67542731761932 2410.3569256979972 1526.6215841397643 128.95839689671993 95.347544446587563 18624.590784894302 645.04847612977028 891.17133256234229 655.45601288974285 372.01129461824894 1652.4056186676025 1501.0593545883894 679.91205996274948 21618.465358361602 1247.6637966707349 1811.1269973367453 2392.4600346684456 32184.284027971327
leaf_count=53478 47626 28451 25368 54132 19977 35259 44681 5347 1065 61560 13331 14495 2071 11610 6483 535 393 85112 3069 7319 2929 1528 6979 6282 2820 93912 5284 8048 10672 143992
internal_value=-6.03139e-05 -0.0175204 0.000660827 -0.000859749 -9.16419e-05 -0.00275834 0.00544521 -0.00750117 0.00229032 0.00316163 0.00219209 0.00845776 0.0145701 -7.02946e-05 -0.00411691 0.0193615 0.0111395 0.00371364 -0.00994784 0.0058529 -0.0015296 0.0132728 0.00716424 0.020329 0.0321141 0.00298319 -0.00192937 -0.00817092 -0.0105373 -0.00247153
internal_weight=162171 6431.44 155740 118181 109069 51458.7 37559.4 4154.02 57610.1 53181.4 48566.6 12883.4 9821.18 35683.2 2004.3 7816.88 4429.69 22571.2 3055.41 19515.8 46215.3 4300.74 3248.81 1596.41 1051.92 27427.2 45559.9 4428.74 4203.59 44312.2
internal_count=803808 87276 716532 552571 504945 241596 163961 33798 263349 243564 223587 54917 41586 168670 8554 33032 18537 107110 14679 92431 206337 18002 13654 6675 4348 119280 203408 19785 18720 198124
is_linear=0
shrinkage=0.05


Tree=61
num_leaves=31
num_cat=0
split_feature=17 14 18 12 11 14 5 14 14 11 14 14 12 24 12 14 14 24 12 17 24 11 11 14 24 11 14 11 12 24
split_gain=856.422 602.277 431.822 312.21 316.209 385.977 330.163 335.521 263.686 234.71 363.962 375.326 445.448 261.514 233.551 223.456 490.535 265.143 207.659 185.349 182.956 170.178 203.957 252.2 253.461 167.301 432.956 189.001 212.141 175.599
threshold=159.91176605224612 226.50000000000003 182.33635711669925 2.7198142414860684 68.440097592586525 270.50000000000006 10.500000000000002 213.50000000000003 271.50000000000006 50.76485803746403 176.50000000000003 223.50000000000003 4.9055727554179578 5.5000000000000009 1.8374613003095976 202.50000000000003 173.50000000000003 4.5000000000000009 5.9674922600619196 213.25555419921878 7.5000000000000009 96.005895777764081 84.818206003472085 210.50000000000003 5.5000000000000009 15.793902891665141 232.50000000000003 30.246955496827059 7.2461300309597538 1.5000000000000002
decision_type=2 2 2 2 2 2 2 2 2 2 2 2 2 8 2 2 2 10 2 2 10 2 2 2 10 2 2 2 2 8
left_child=1 -1 3 4 5 6 20 -8 15 18 13 21 -13 -11 -3 16 -6 -18 -5 -4 -2 22 -12 24 -24 -20 29 28 -28 -27
right_child=2 14 19 9 8 -7 7 -9 -10 10 11 12 -14 -15 -16 -17 17 -19 25 -21 -22 -23 23 -25 -26 26 27 -29 -30 -31
leaf_value=-0.039013076204850179 -0.0062126866287270325 -0.034061908458462686 0.0043234981883829935 -0.0030822787855294873 0.019308848155140269 0.022348210374044022 -0.037930337141686643 -0.011696242145793685 -0.058113652159276198 0.0010770544344229081 -2.8744396977314066e-05 0.0085069567579290628 0.051293828154447357 0.033122443062763733 -0.0019253420940579195 0.0074960090980196294 -0.028141555702487372 0.0060387537319295907 -0.0023994975601432729 0.0166422353849256 0.012793468536349424 0.015696688978091115 -0.017394600464821455 -0.042439458016029087 0.035986909141466392 0.015677967531176364 0.0026860929998640259 0.040697554375959399 0.029215630590601189 -0.0018863195999529363
leaf_weight=2202.1195892356336 20050.553217068315 667.7509864680469 34141.554107189178 31976.559113688767 1251.9050418026745 1077.8609800189734 1559.0081337690353 5580.2972931712866 177.23300313204527 958.57951514795423 10119.975291259587 3219.444240372628 749.18082073330879 1895.1462072692811 3657.6134827286005 9006.1064396761358 1984.3481499478221 793.9591269493103 8411.0850215889513 3352.6417459994555 1350.6121051907539 1381.486047655344 897.19975713267922 673.86955541372299 294.54095491394401 1708.887836728245 1676.6296223178506 899.50037138164043 1367.9959411770105 8479.8987672589719
leaf_count=56366 89598 8703 149020 146022 5841 4954 10132 29304 934 4528 48646 14557 3347 9260 26823 42940 9990 3839 36981 14845 5763 6640 4304 3126 1455 7849 7224 3935 5817 39183
internal_value=6.30316e-06 -0.0177336 0.000753316 -0.000737055 -0.00414032 -0.00700973 -0.0081192 -0.0174295 0.00229153 0.0012141 0.00581932 0.00309494 0.016595 0.0223624 -0.00689332 0.00311715 -0.00666749 -0.0183752 -0.000491331 0.00542542 -0.00501268 -0.000914102 -0.00282985 -0.0180163 -0.00418215 0.00318366 0.00650636 0.0205698 0.0146119 0.00106085
internal_weight=161564 6527.48 155036 117542 42831.9 29618.3 28540.5 7139.31 13213.6 74710 20189.4 17335.7 3968.63 2853.73 4325.36 13036.3 4030.21 2778.31 54520.6 37494.2 21401.2 13367.1 11985.6 1865.61 1191.74 22544 14132.9 3944.13 3044.63 10188.8
internal_count=801926 91892 710034 546169 203295 139751 134797 39436 63544 342874 95863 82075 17904 13788 35526 62610 19670 13829 247011 163865 95361 64171 57531 8885 5759 100989 64008 16976 13041 47032
is_linear=0
shrinkage=0.05


Tree=62
num_leaves=31
num_cat=0
split_feature=15 18 0 12 11 12 14 18 14 12 11 14 24 14 14 12 11 24 11 9 19 24 14 12 11 14 24 12 11 15
split_gain=832.09 429.013 373.976 209.63 252.223 254.874 245.127 236.611 220.419 300.309 217 398.528 327.128 211.14 341.602 253.427 329.685 230.1 206.145 272.767 211.887 204.079 195.84 299.66 187.363 185.818 206.142 176.856 194.853 174.271
threshold=28.357535362243656 185.39170837402347 6.5931782722473153 2.1687306501547994 50.76485803746403 6.1377708978328185 176.50000000000003 175.53743743896487 220.50000000000003 4.9055727554179578 17.687629925646469 232.50000000000003 1.5000000000000002 244.50000000000003 255.50000000000003 3.0201238390092882 33.565862104112156 4.5000000000000009 10.389228504554778 20.500000000000004 0.57352942228317272 7.5000000000000009 216.50000000000003 7.1718266253869976 145.48981178265885 240.50000000000003 4.5000000000000009 6.7879256965944288 21.205184842975978 8.7511839866638201
decision_type=2 2 2 2 2 2 2 2 2 2 2 2 8 2 2 2 2 8 2 2 2 8 2 2 2 2 8 2 2 2
left_child=1 2 3 7 5 13 21 -1 -8 24 -7 12 -12 18 -15 16 -16 -18 19 -5 -20 -6 -14 -24 25 -10 -27 28 -13 -4
right_child=-2 -3 29 4 6 10 8 -9 9 -11 11 27 22 14 15 -17 17 -19 20 -21 -22 -23 23 -25 -26 26 -28 -29 -30 -31
leaf_value=-0.0077239885411567611 -0.039259391072411512 0.0068538169639226669 -0.0045748364654073876 0.020230589517703731 0.0043863775029220663 -0.0012551663743721238 0.0004579330280959032 0.0019920880482863358 0.016101024811621307 0.038584286615051214 0.024333811072090837 -0.050149450209320115 0.0025309307483006552 0.015395551237800354 -0.013106428640100263 -0.0063782652855109137 -0.011748963931265413 0.04528043836284551 -0.0095302098481146787 -0.052862251913974347 -0.00033359330663971555 0.028188065752521908 0.019099345735759599 -0.033344621703182621 -0.065748388863065013 0.026593072049601076 -0.0090430108352505933 0.031339924521560494 0.01453178755767497 -0.016574288705964304
leaf_weight=14323.330781562254 1333.0350965298712 22147.60098066926 19764.767073117197 1340.0465687401593 1593.1177066005766 10451.121753364801 14890.671799851581 11137.81381624192 3332.8887262158096 878.27360284328461 1521.0418976396322 127.4072241038084 6738.4160858411342 3830.6390819177032 634.33331175893545 7395.691840223968 226.45696898549795 800.99628627300262 15834.990989394486 140.10532692074776 10360.8145904392 2071.9915443677455 380.04704546555877 955.65117352083325 85.577178098261356 506.92133330926299 2017.744247879833 2214.9117071181536 1250.0290304273367 3572.1450932882726
leaf_count=71844 43399 97185 95144 6042 7419 46242 67067 48024 14914 3897 6778 550 30718 16785 3013 32758 1155 3418 76988 605 44248 9950 1734 4303 371 2257 8766 9620 5457 43184
internal_value=6.61177e-05 0.000392927 -0.000641191 0.000529547 0.00166745 -5.95706e-07 0.00588734 -0.00347384 0.0038679 0.0113105 0.00412613 0.00839059 0.0030713 -0.00240548 0.00288053 -0.0024135 0.0152247 0.0327116 -0.00486708 0.0132809 -0.00589297 0.0178462 -0.000936758 -0.0184196 0.00727413 0.00835201 -0.00188003 0.0225936 0.008517 -0.00641221
internal_weight=161859 160526 138378 115041 89579.9 64202.7 25377.2 25461.1 21712.1 6821.41 23638.6 13187.5 9595.16 40564.1 12888.1 9057.48 1661.79 1027.45 27676 1480.15 26195.8 3665.11 8074.11 1335.7 5943.13 5857.55 2524.67 3592.35 1377.44 23336.9
internal_count=803835 760436 663251 524923 405055 290414 114641 119868 97272 30205 105402 59160 43533 185012 57129 40344 7586 4573 127883 6647 121236 17369 36755 6037 26308 25937 11023 15627 6007 138328
is_linear=0
shrinkage=0.05


Tree=63
num_leaves=31
num_cat=0
split_feature=0 17 17 22 25 19 21 21 11 12 12 11 21 11 11 11 21 11 11 23 11 22 21 23 23 22 11 21 21 23
split_gain=679.994 413.618 324.472 308.506 299.525 267.09 193.51 176.438 170.958 188.78 169.76 311.812 296.206 302.866 222.418 294.642 201.791 479.687 266.329 221.623 205.812 391.271 224.554 349.015 216.88 282.566 197.51 191.479 211.263 185.195
threshold=12.600292205810549 168.56278228759768 211.72380828857425 0.055660221750000009 25.014834511280064 0.48529411852359777 -0.55150461499999992 1.5744800000000003 70.183957243874545 1.1934984520123841 5.1284829721362231 26.681275045320444 -0.033147301549999994 4.7379847955154757 25.766815043259243 24.252350459250138 0.097858551900000021 36.017273381825298 34.118159608252284 0.26362890000000005 47.529523677051351 1.3569536500000001 -0.50585707999999985 1.7749508000000003 0.58422529500000009 0.67365861000000005 11.857232115548266 0.40264956500000004 0.22946334500000004 2.4041249500000004
decision_type=2 2 2 2 2 2 2 2 2 2 2 2 2 2 2 2 2 2 2 2 2 2 2 2 2 2 2 2 2 2
left_child=2 -2 3 4 8 -6 -7 10 -1 -10 11 12 14 -14 15 -5 20 18 -18 -19 21 22 23 24 -13 -26 27 28 -12 -28
right_child=1 -3 -4 7 5 6 -8 -9 9 -11 26 16 13 -15 -16 -17 17 19 -20 -21 -22 -23 -24 -25 25 -27 29 -29 -30 -31
leaf_value=-0.00034056325605769409 -0.024066538798514763 -0.0052512354688445569 0.015679458895636246 -0.0062218017890770536 -0.010023850048931549 -0.0084296518103970271 0.0041262113449414359 0.016895178328636535 -0.0066247551969020064 0.011191617909546621 0.0012614787892009651 0.062808338931139601 0.047356629027481556 -0.033974411591250968 -0.071173814197723922 0.03762467788426202 0.018655013633222705 0.050271615448168522 0.061281762915361609 0.0022451659873729997 0.0037932441288056834 -0.066532353888852744 -0.017934132647773278 -0.02758852155754456 -0.0068543995636870473 0.031196714423662137 0.0075954692105494898 -0.019109119944750931 0.076795860510027819 0.035658048579620336
leaf_weight=48114.142353504896 3916.8063984252512 11482.449394442141 3672.9934969991446 2315.8161830045283 15076.159142512828 4752.5355912446976 8656.666732519865 2347.8251748103648 1904.0011411160231 6775.5681864023209 2852.7136466801167 194.43505143374205 122.5773249194026 1573.7497166823596 109.92211182415485 458.06695588119328 1377.7744223587215 243.51726716943085 498.98920308984816 13654.172104790807 6420.9136133287102 282.8099767845124 2317.2466922104359 715.37452820874751 1275.6012276932597 788.8091585021466 17449.616314094514 1334.3598436713219 94.677063286304474 607.51177685707808
leaf_count=212400 67626 53530 16360 10212 96913 20747 36717 10629 8767 29517 12357 832 550 7067 474 2046 6113 1093 2155 62899 30001 1311 10616 3260 5728 3552 80416 5757 387 3049
internal_value=-4.54996e-05 -0.0100382 0.00100861 0.00062987 -0.00127397 -0.005458 -0.000324178 0.0034764 0.000824625 0.007283 0.00290002 0.000585067 -0.0115007 -0.028073 -0.00174614 0.00102976 0.00257875 0.00629533 0.0300151 0.00309025 -0.0023089 -0.00933728 -0.00626842 0.00282344 0.0124628 0.00769296 0.00625222 -0.00340203 0.00371304 0.00854153
internal_weight=161388 15399.3 145989 142316 85279.1 28485.4 13409.2 57036.5 56793.7 8679.57 54688.7 32349.8 4580.13 1696.33 2883.81 2773.88 27769.6 15774.5 1876.76 13897.7 11995.2 5574.28 5291.47 2974.22 2258.85 2064.41 22338.9 4281.75 2947.39 18057.1
internal_count=803081 121156 681925 665565 405061 154377 57464 260504 250684 38284 249875 147909 20349 7617 12732 12258 127560 72260 8268 63992 55300 25299 23988 13372 10112 9280 101966 18501 12744 83465
is_linear=0
shrinkage=0.05


Tree=64
num_leaves=31
num_cat=0
split_feature=16 22 11 14 23 14 21 22 5 22 12 11 23 14 11 21 11 22 23 11 21 22 21 14 21 11 12 14 12 23
split_gain=712.52 431.307 396.855 339.494 512.072 469.062 739.581 483.908 481.151 327.432 492.217 332.703 327.02 376.455 319.943 309.716 632.832 395.499 296.536 349.933 377.476 291.791 289.834 286.808 257.123 588.007 539.092 423.11 554.571 519.609
threshold=0.13235294446349147 0.38392488500000005 111.65133048040369 261.50000000000006 1.1675285000000002 245.50000000000003 -0.71756502999999994 -0.026206394649999996 4.5000000000000009 -0.60950839499999987 5.1625386996904039 73.671558301492198 0.69593900500000017 255.50000000000003 62.51571629758083 0.62234553500000012 16.61007971562238 -0.29544110999999995 1.1452196500000003 52.327960417574225 0.30427013500000005 -0.55092459999999999 0.13841605500000004 163.50000000000003 -0.85476556499999989 52.327960417574225 7.0758513931888549 206.50000000000003 2.7631578947368425 0.57830724000000011
decision_type=2 2 2 2 2 2 2 2 2 2 2 2 2 2 2 2 2 2 2 2 2 2 2 2 2 2 2 2 2 2
left_child=-1 3 23 5 14 8 21 9 -2 12 11 -11 -8 18 15 22 -17 -18 19 20 -14 -7 -5 -3 26 -26 -10 28 -27 -29
right_child=1 2 -4 4 -6 6 7 -9 24 10 -12 -13 13 -15 -16 16 17 -19 -20 -21 -22 -23 -24 -25 25 27 -28 29 -30 -31
leaf_value=-0.034944591770128257 0.002701428553243383 -0.010405402192875442 0.030083841855719398 0.0046422737890020249 -0.024452657643763909 -0.040153945543042135 0.054835378178896402 0.027601635028350415 -0.0036926286693807335 -0.019967409470817269 0.018838797766409149 0.018431215446270383 0.044175228339147644 -0.0084118411010383805 -0.036615597309827025 -0.037634286279135822 0.10971191647273718 0.026729757629858627 0.034548036785882093 -0.020268926664014239 -0.023869602415867112 -0.0053688625605285978 -0.019281865666989011 0.0049288893614978868 -0.01314827742772183 -0.020775220184874602 0.022141369046390264 0.023454011017204558 0.003024815630755402 -0.00080527718597136046
leaf_weight=1446.58446890302 34883.503912512213 3316.3133114036173 1474.4318786840886 3301.532593794167 3802.2780229374766 898.06090538203716 468.0324832201004 3545.6521455906332 10464.000201979652 3003.7236945778131 1847.2615599185228 693.66552370414138 720.06591039523482 1660.7039484530687 609.62464876100421 353.82209730148315 166.54223424196243 1013.8867822289467 1816.2856397815049 744.12930856645107 283.38935461267829 1831.1489252410829 2051.9640891551971 37753.584054050967 19219.057836391032 4859.9612299781293 2501.2386407759041 2946.1476304344833 4929.5130875278264 8792.341879600659
leaf_count=46575 153687 15464 7118 15282 20108 4658 2107 15679 54547 14033 7827 3288 3331 7973 3089 1548 756 4379 8926 3694 1321 8019 9443 175626 96759 24730 12014 13864 24639 43792
internal_value=-2.33039e-05 0.000292736 0.00460584 -0.0012702 -0.0095089 -0.000392767 0.00708436 0.0114994 -0.00187078 0.00641677 -0.0022313 -0.0127604 0.014839 0.0112462 -0.00192795 0.00114707 0.0209448 0.0385203 0.0204063 0.00569719 0.0249538 -0.0168256 -0.0045296 0.00369045 -0.00484021 -0.00679157 0.00129256 -0.00111628 -0.00879157 0.00528484
internal_weight=161398 159952 42544.3 117408 11299.7 106108 17512.1 14782.9 88595.8 11237.3 5544.65 3697.39 5692.61 5224.57 7497.37 6887.75 1534.25 1180.43 3563.87 1747.58 1003.46 2729.21 5353.5 41069.9 53712.3 40747 12965.2 21528 9789.47 11738.5
internal_count=804276 757701 198208 559493 54605 504888 80856 68179 424032 52500 25148 17321 27352 25245 34497 31408 6683 5135 17272 8346 4652 12677 24725 191090 270345 203784 66561 107025 49369 57656
is_linear=0
shrinkage=0.05


Tree=65
num_leaves=31
num_cat=0
split_feature=15 19 12 14 23 5 24 5 19 14 14 21 14 12 24 23 25 21 23 12 14 12 21 23 21 21 23 14 24 21
split_gain=687.965 383.81 249.719 355.942 493.828 341.381 345.82 299.537 266.469 247.075 237.483 246.412 201.809 210.895 215 196.051 190.052 186.363 183.849 181.622 170.728 167.289 164.984 160.347 213.135 157.292 155.688 238.142 181.982 194.394
threshold=28.357535362243656 0.57352942228317272 1.9922600619195048 233.50000000000003 1.4349610000000002 2.5000000000000004 7.5000000000000009 17.500000000000004 0.22058823704719546 237.50000000000003 260.50000000000006 -0.11925592499999998 187.50000000000003 5.3777089783281742 1.5000000000000002 1.3568360000000002 22.948210906982428 -1.5734585999999997 0.71783736500000017 11.501547987616101 155.50000000000003 2.0386996904024772 0.54695698500000012 1.6599746000000002 0.25288889000000009 -1.3421354499999998 0.62443945000000012 264.50000000000006 4.5000000000000009 0.51909596000000013
decision_type=2 2 2 2 2 2 10 2 2 2 2 2 2 2 8 2 2 2 2 2 2 2 2 2 2 2 2 2 8 2
left_child=1 2 7 5 19 22 8 15 -7 -6 11 12 13 14 -3 18 -14 -12 -1 21 -13 -5 -4 -10 -25 -11 27 -23 -28 -30
right_child=-2 10 3 4 9 6 -8 -9 23 25 17 20 16 -15 -16 -17 -18 -19 -20 -21 -22 26 -24 24 -26 -27 28 -29 29 -31
leaf_value=-0.00068879804719515535 -0.037249393331257229 -0.010861320554356369 0.0027218647589941965 0.066526807041583522 0.016084822705639674 -0.01743309468595982 0.013714457044988816 -0.024786875288776954 -0.0061238813512831339 -0.025953800746712569 -0.036143802435951049 -0.016767886734984076 0.0041670827965505312 0.017554389110586564 0.0068641711979771942 0.0020516851267570759 -0.0062084814507094759 -0.0033447505455889803 -0.013337558716824738 -0.040289175141254206 0.008094435808751653 0.0076190096576673645 0.020543054962900476 -0.004406799465090214 0.016801906287923846 -0.0067286816121141738 0.0011027138254718217 -0.014683513694026673 0.0094980233009465051 0.024247632188668281
leaf_weight=4662.4024894740433 1231.3478114102036 2310.9857404232025 6313.177660504356 123.48519562184811 915.34238474071026 4608.5747026577592 2317.5889947749674 2044.2979776840657 26239.464057900012 1467.3372776992619 462.23852808773518 706.89337140321732 7188.2670918107033 3016.1202891767025 6577.490204423666 6939.2689498029649 11430.746779426932 6659.983013048768 7483.9129204507917 189.72954498231411 28247.300965577364 4709.4923728518188 1634.1833448968828 3130.5069056004286 1904.4048107862473 3866.9811670519412 3134.036449611187 1603.6839506104589 6007.7942112907767 3557.4744179993868
leaf_count=22263 43433 9567 28151 608 4776 46208 11105 20032 117215 7412 2445 2879 31392 13248 27957 34903 50058 29078 37036 896 124155 21608 7393 14631 8396 18705 15491 7624 27292 15996
internal_value=-3.46655e-05 0.00025295 -0.00182459 -0.000417162 0.00431419 -0.00303933 -0.00500084 -0.00660171 -0.00620997 -0.00790255 0.00314942 0.00418262 0.0010481 0.00613227 0.00225488 -0.00465266 -0.00220277 -0.00547821 -0.00848275 0.00826512 0.00748688 0.00874861 0.00638849 -0.00455563 0.00361692 -0.0120209 0.00836986 0.00195226 0.0115598 0.0149856
internal_weight=160685 159453 92853.1 71723.3 25575.4 46147.9 38200.5 21129.9 35883 6249.66 66600 59477.8 30523.6 11904.6 8888.48 19085.6 18619 7122.22 12146.3 19325.7 28954.2 19136 7947.36 31274.4 5034.91 5334.32 19012.5 6313.18 12699.3 9565.27
internal_count=801953 758520 467741 353507 120408 233099 197555 114234 186450 30893 290779 259256 132222 50772 37524 94202 81450 31523 59299 89515 127034 88619 35544 140242 23027 26117 88011 29232 58779 43288
is_linear=0
shrinkage=0.05


Tree=66
num_leaves=31
num_cat=0
split_feature=16 18 12 16 11 14 5 14 14 14 22 22 12 20 24 2 13 11 14 14 14 14 14 22 22 14 11 20 22 11
split_gain=631.183 375.789 294.677 316.744 261.506 290.905 236.677 246.4 229.01 207.753 200.651 192.551 297.145 189.722 284.803 254.588 200.148 189.02 182.809 267.365 201.575 193.06 262.371 179.042 202.128 171.441 170.951 170.357 166.116 171.357
threshold=0.13235294446349147 182.33635711669925 2.7198142414860684 0.51470589637756359 68.440097592586525 270.50000000000006 7.5000000000000009 210.50000000000003 271.50000000000006 265.50000000000006 -0.25984330499999997 -0.96998232499999992 7.7910216718266261 78.265686035156264 1.0000000180025095e-35 0.38090859353542333 -25.519460152234917 9.9283420878805639 204.50000000000003 212.50000000000003 189.50000000000003 253.50000000000003 247.50000000000003 -0.14198879499999997 0.71033275500000015 178.50000000000003 9.0522675820548493 -9.5233306884765607 -0.38673999999999992 9.5080668581966847
decision_type=2 2 2 2 2 2 2 2 2 2 2 2 2 2 10 2 2 2 2 2 2 2 2 2 2 2 2 2 2 2
left_child=26 2 3 -2 5 6 -5 25 10 11 18 12 -4 15 17 -13 -17 -15 20 -20 -6 22 -21 -7 -25 -8 -1 -3 -29 -30
right_child=1 27 9 4 8 23 7 -9 -10 -11 -12 13 -14 14 -16 16 -18 -19 19 21 -22 -23 -24 24 -26 -27 -28 28 29 -31
leaf_value=0.1095319326700574 -0.018387373767015311 0.011131318887773873 -0.0025897083771092501 -0.0029130257165072317 -0.00058318530885683199 -0.01643336253348246 -0.0015174817591897692 -0.0086033780591232619 -0.055175382086789217 -0.0084962571613073096 0.0086415848110148255 0.010422433395021441 -0.034789305906052996 -0.017899498671928825 -0.00052087483468229415 0.0032309680036182948 -0.0034397293291048448 0.01719184548369335 0.042287913698343102 -0.0056071778150367279 -0.043400093590995184 -0.032064888812020249 0.038244878659326464 0.042196714315343213 -0.025842733589175149 -0.034585871728655522 -0.036156701941772715 -0.0018266533698105573 -0.016633446015124367 0.0069070280304594656
leaf_weight=19.498683787882328 3694.6234276164323 7897.2279861569405 8045.9008377678692 16302.798499040306 539.1119254976511 257.61098539829254 505.55512685328722 8719.1198463737965 165.71008049696684 5649.9217118546367 7736.6199248731136 6416.5209386385977 785.54992655478418 408.2333030551672 5310.2370967827737 21720.547686114907 23312.594072485343 6209.0022135190666 351.54713821411133 1928.1094001308084 559.90474263578653 499.46189772337675 413.36370593309402 682.72476415336132 129.19277050346136 1744.6413098350167 1338.8152447119355 11519.711894668639 808.3143218755722 17284.822889208794
leaf_count=429 38782 35185 41471 71776 2411 1439 2381 41875 922 26390 33855 28224 4115 1787 24207 95273 119392 28444 1683 8915 2733 2738 1794 3005 549 8905 46236 49953 3459 76017
internal_value=-5.92505e-05 0.000229707 -0.00111512 -0.00437418 -0.00309652 -0.00573068 -0.00673407 -0.0124122 0.0030259 0.000736337 0.00383226 0.00145884 -0.00545745 0.00242268 0.00810413 0.00110543 -0.000222294 0.0150246 -0.00483789 0.00121863 -0.0224163 -0.00387652 0.00214749 0.0198374 0.0313518 -0.0271603 -0.0339863 0.00460678 0.00286648 0.00585449
internal_weight=160957 159599 122089 44230.1 40535.5 28341.6 27272.1 10969.3 12193.8 77858.5 12028.1 72208.6 8831.45 63377.1 11927.5 51449.7 45033.1 6617.24 4291.5 3192.48 1099.02 2840.94 2341.47 1069.53 811.918 2250.2 1358.31 37510.1 29612.8 18093.1
internal_count=804345 757680 593066 223763 184981 129930 124937 53161 55051 369303 54129 342913 45586 297327 54438 242889 214665 30231 20274 15130 5144 13447 10709 4993 3554 11286 46665 164614 129429 79476
is_linear=0
shrinkage=0.05


Tree=67
num_leaves=31
num_cat=0
split_feature=15 0 11 14 12 14 12 4 11 14 12 12 25 5 14 14 14 14 12 12 11 13 11 11 14 11 11 14 14 12
split_gain=662.85 345.272 214.225 280.296 267.127 255.966 436.793 274.219 254.051 408.999 357.188 235.693 222.371 190.782 190.074 175.284 348.506 208.695 188.681 268.662 309.538 198.372 179.657 205.946 176.788 171.914 171.44 378.718 319.304 292.838
threshold=28.357535362243656 6.0228779315948495 48.929337142444808 176.50000000000003 5.9674922600619196 204.50000000000003 4.3544891640866874 122.40556812286378 78.397701685042946 199.50000000000003 3.3235294117647065 1.3421052631578949 20.671843186020855 16.500000000000004 215.50000000000003 244.50000000000003 179.50000000000003 254.50000000000003 3.4938080495356041 4.1099071207430358 35.008993896410665 -11.362526758005925 45.235057061024868 40.166163226999004 250.50000000000003 27.620079198385081 15.793902891665141 231.50000000000003 214.50000000000003 7.1718266253869976
decision_type=2 2 2 2 2 2 2 2 2 2 2 2 2 2 2 2 2 2 2 2 2 2 2 2 2 2 2 2 2 2
left_child=1 2 4 -4 15 6 8 -7 -5 11 -11 -10 -13 -3 -15 16 -1 18 22 -20 21 -21 23 -17 -22 -19 -6 28 -28 -30
right_child=-2 13 3 5 26 7 -8 -9 9 10 -12 12 -14 14 -16 17 -18 25 19 20 24 -23 -24 -25 -26 -27 27 -29 29 -31
leaf_value=0.00064498847293607082 -0.037530733629159124 -0.0029178701548382298 0.013539217059954154 -0.016369406324950229 -0.00109179125443138 0.0095134759316039628 0.0075452565231448644 -0.00072315798484857204 -0.029277213451608854 -0.011229630992170085 -0.082186450897977215 -0.014716396328790196 0.02188297805216154 -0.030359257557428757 -0.0078572020421701222 0.0075462932655824934 -0.0089032362566451844 -0.0092714158289664891 0.048745152317605199 0.042426004494023985 0.03900035781338753 -0.00056223421836679806 0.026945182303060401 -0.03011932420846258 -0.049371514214047708 0.0032618887809442265 0.0060070925646861541 0.018176277479706054 0.011346578422469191 -0.026757364851378092
leaf_weight=19162.267551379278 1166.5606526304036 22487.391534011811 6584.5510270465165 5487.9334789812565 11171.845539309084 16295.49882022664 6363.4034384470433 10929.824644099921 343.73745760321617 799.17763071320951 227.10059032589197 515.72383272647858 2111.8096472602338 1284.9270587712526 3477.45900134556 894.59832930937409 19063.271657759324 4263.8855756148696 659.47158551216125 600.9145088121295 70.539888799190521 484.22846320271492 496.13968420773745 609.27985648438334 272.73385900259018 7631.4414617083967 9539.849144179374 5166.3483761698008 738.31220464967191 1586.2141910456121
leaf_count=86369 43887 111883 31400 25580 49453 71459 28867 52489 1543 3662 1032 2242 9660 15360 30811 4099 89602 18946 2892 2517 313 2134 2279 2883 1189 34304 43476 22709 3344 7157
internal_value=5.64705e-06 0.000280727 0.00133803 0.00393216 -0.000225154 0.00246329 -0.00258833 0.00540402 -0.00938659 0.000201279 -0.0269961 0.00960118 0.0146965 -0.00484349 -0.0139335 -0.00227841 -0.00411687 0.00211844 0.0118631 0.0223728 0.0101716 0.0232603 0.000885924 -0.0077234 -0.0311513 -0.00123108 0.00372139 0.00687863 0.00195795 -0.0146552
internal_weight=160486 159320 132070 49658.8 82411.3 43074.2 15848.9 27225.3 9485.48 3997.55 1026.28 2971.27 2627.53 27249.8 4762.39 54208.8 38225.5 15983.2 4087.91 2087.89 1428.42 1085.14 2000.02 1503.88 343.274 11895.3 28202.6 17030.7 11864.4 2324.53
internal_count=803541 759654 601600 227934 373666 196534 72586 123948 43719 18139 4694 13445 11902 158054 46171 247527 175971 71556 18306 9045 6153 4651 9261 6982 1502 53250 126139 76686 53977 10501
is_linear=0
shrinkage=0.05


Tree=68
num_leaves=31
num_cat=0
split_feature=15 18 0 11 21 14 9 21 18 5 0 14 5 23 20 11 14 14 21 25 14 20 14 21 23 20 11 14 21 21
split_gain=590.891 330.899 257.239 197.162 270.935 399.712 195.129 149.291 155.031 141.988 140.913 255.886 277.967 209.254 156.184 135.461 154.041 172.787 134.161 132.374 130.769 128.56 132.307 165.797 122.72 122.899 217.517 134.702 179.831 121.698
threshold=31.400850296020511 187.42769622802737 17.387359619140629 103.36032366453911 0.35373817500000004 220.50000000000003 78.500000000000014 1.5744800000000003 163.66176605224612 19.500000000000004 0.40101435780525213 209.50000000000003 9.5000000000000018 1.8642450000000002 22.590995788574222 68.884798549692349 271.50000000000006 251.50000000000003 0.42728510500000005 33.53361178338529 221.50000000000003 59.627311706542976 224.50000000000003 -0.15315947999999999 1.0240603500000003 5.3230590820312509 54.128781830597873 201.50000000000003 0.33863845500000006 0.51909596000000013
decision_type=2 2 2 2 2 2 2 2 2 2 2 2 2 2 2 2 2 2 2 2 2 2 2 2 2 2 2 2 2 2
left_child=1 2 3 6 21 18 7 10 -9 -4 14 12 19 -13 -1 -10 17 -17 -6 24 -15 22 -5 -24 25 26 -12 28 -27 -20
right_child=-2 -3 9 4 5 -7 -8 8 15 -11 11 13 -14 20 -16 16 -18 -19 29 -21 -22 -23 23 -25 -26 27 -28 -29 -30 -31
leaf_value=0.0032714100028079169 -0.040039937849512736 0.0072170526559853267 -0.0058508639676067564 0.031177191634916931 -0.041931330017002041 -0.045412175774903522 0.011629087758697211 -0.019384446220307217 0.0053807248667882895 -0.02244647785211612 -0.010376597121342588 0.0012066747830119596 -0.016581221174143148 0.042889981119955262 -0.001493849425809664 0.016820536419464339 -0.061070923697859429 0.059103542224846199 0.056418282337268505 -0.033684930861730085 -0.021955222353108938 0.10127387857229575 0.021112407677598911 -0.062709306661687531 0.00024882163686986206 -0.012992955287764113 0.015080346422179994 0.00078185132735072126 -0.043161122472130414 0.0086168633724799954
leaf_weight=29380.824086889625 917.42567900381982 15123.358795516193 7627.6809311266989 1238.6254239249974 122.34873312339187 394.53076635301113 3310.4205572903156 434.79353883862495 2415.5550119802356 1550.2724388856441 2518.6267930977046 27468.157728597522 5538.5327159259468 81.519142953678966 41455.433896321803 797.21680954098701 47.850374907255173 346.50640600919724 141.13117644190788 362.06577312014997 1367.7567749600857 55.570419486612082 168.08509854972363 89.627664282917976 10598.480092585087 1873.7024631723762 1257.1139325350523 989.42029286175966 670.59728079661727 2121.2163394931704
leaf_count=130863 37139 66905 42909 5658 544 1783 14397 2921 10528 20867 10870 137518 36814 498 185442 3586 224 1460 607 4983 7752 325 697 378 47462 8418 5584 4305 2961 9722
internal_value=-4.95875e-05 0.000180614 -0.000556253 -6.51915e-06 0.010488 0.00114075 -0.000353793 -0.000664752 0.00878997 -0.00865621 -0.0009741 -0.0029312 -0.00676987 0.000229412 0.00048266 0.0121905 0.0259791 0.0296712 0.00885841 -0.00379483 -0.0182807 0.0272159 0.0243997 -0.00816892 -0.00318866 -0.00817224 -0.00189909 -0.0148726 -0.0209582 0.0116225
internal_weight=160464 159547 144424 135246 4331.14 2779.23 130915 127604 4041.92 9177.95 123562 52726 23808.5 28917.4 70836.3 3607.13 1191.57 1143.72 2384.7 18270 1449.28 1551.91 1496.34 257.713 17907.9 7309.46 3775.74 3533.72 2544.3 2262.35
internal_count=804120 766981 700076 636300 19714 12656 616586 602189 18719 63776 583470 267165 121397 145768 316305 15798 5270 5046 10873 84583 8250 7058 6733 1075 79600 32138 16454 15684 11379 10329
is_linear=0
shrinkage=0.05


Tree=69
num_leaves=31
num_cat=0
split_feature=17 20 18 0 11 5 20 23 23 24 12 21 12 11 21 11 23 23 21 20 21 23 23 12 20 11 21 20 11 20
split_gain=540.619 390.755 305.022 214.594 181.64 168.778 199.007 146.077 199.98 174.13 142.779 227.414 134.318 127.913 137.708 127.738 348.149 344.826 274.099 287.912 345.428 220.176 280.241 303.679 280.858 315.856 305.909 258.573 258.006 311.193
threshold=157.66176605224612 70.985290527343764 187.42769622802737 4.3276679515838632 52.16049636443703 15.500000000000002 54.358283996582038 1.4709324000000004 0.56494268500000011 4.5000000000000009 1.0758513931888547 1.3646467500000001 3.4721362229102173 116.05492840440881 0.60944152000000018 50.76485803746403 0.26362890000000005 1.2643609500000001 -0.55150461499999992 -1.439338684082031 -0.016965973199999995 0.62443945000000012 1.2342374500000002 5.9674922600619196 67.646110534667983 14.008156353618409 -1.0846349999999998 1.9701385498046877 23.969941462571779 22.590995788574222
decision_type=2 2 2 2 2 2 2 2 2 8 2 2 2 2 2 2 2 2 2 2 2 2 2 2 2 2 2 2 2 2
left_child=1 -1 3 10 7 -5 -7 8 -3 -10 11 -2 13 -8 -15 21 -17 18 -18 -20 -21 -12 24 -24 26 -26 -23 -28 29 -25
right_child=2 4 -4 5 -6 6 12 -9 9 -11 15 -13 -14 14 -16 16 17 -19 19 20 -22 22 23 28 25 -27 27 -29 -30 -31
leaf_value=-0.03985594312386273 -0.010118976168970513 -0.02334683700964986 0.0072155646623433094 -0.0023021892116340272 -0.033935634095790597 -0.023953852711263882 -0.014148886273925979 -0.023343990050997035 -0.018469148350474984 0.022633412165206517 -0.0058601525599159708 0.022047482470741096 0.010166129147499144 0.14491729219168836 -0.014986785607111246 0.02662402597076673 -0.012926704034958037 0.0094835339750700756 0.021713397691305172 0.0099776386386096327 -0.0058003293468609747 0.03197347639728778 -0.0058528139911935657 0.015244730234468859 -0.0036019234236073605 0.017361032615671342 0.0093001031777482472 -0.0040099556898611491 0.015099719160869466 -0.0083879067202054704
leaf_weight=1330.6409252714366 5303.8580761868507 484.09833453409374 15167.865868195891 24786.253671133891 537.94617341086268 2128.8904761299491 1841.3323242217302 613.16819141618907 329.63571788184345 1168.9912515543401 13154.002050792798 612.0253344103694 1077.0189653970301 25.62506815418601 26.895789479836822 1577.5958800781518 4040.411589641124 11687.92679707706 1603.3015623688698 5207.3464151993394 10386.025559466332 777.84829370863736 18956.068202782422 1998.202993478626 2420.7278159298003 6968.4182528685778 5191.4577299915254 12273.797224413604 3826.0691719949245 4592.8221516851336
leaf_count=44039 24814 3536 67138 119518 8165 23261 14577 5105 3199 7730 57615 2704 8137 224 329 7018 18165 54269 7784 23136 45839 3429 87610 8827 10517 30271 22291 55510 17462 20903
internal_value=-1.24162e-05 -0.0171654 0.000479743 -0.000247664 -0.00752121 -0.0040068 -0.0122896 -0.0020364 0.00456153 0.0135863 0.000768349 -0.00678804 -0.00392591 -0.0119411 0.0642808 0.00119553 0.00368635 0.00258652 -0.00120955 0.00154403 -0.000531036 -2.94351e-05 0.00131608 -0.00208414 0.00493047 0.0119565 0.00131393 -5.33028e-05 0.00477366 -0.00122197
internal_weight=160096 4464.48 155632 140464 3133.84 29886 5099.76 2595.89 1982.73 1498.63 110578 5915.88 2970.87 1893.85 52.5209 104662 34502.6 32925 21237.1 17196.7 15593.4 70159.4 57005.4 29373.2 27632.2 9389.15 18243.1 17465.3 10417.1 6591.03
internal_count=803122 71774 731348 664210 27735 166046 46528 19570 14465 10929 498164 27518 23267 15130 553 470646 156211 149193 94924 76759 68975 314435 256820 134802 122018 40788 81230 77801 47192 29730
is_linear=0
shrinkage=0.05


Tree=70
num_leaves=31
num_cat=0
split_feature=16 16 25 20 23 18 11 5 11 23 11 12 20 17 12 23 20 12 11 11 20 20 23 25 11 1 20 12 23 20
split_gain=467.853 303.367 208.742 207.262 294.835 260.907 241.934 179.434 170.617 165.469 170.303 159.669 147.039 144.774 139.065 270.892 187.123 150.778 137.823 133.379 128.926 236.171 256.901 201.963 198.473 175.875 128.661 122.573 121.699 121.221
threshold=0.13235294446349147 0.83823528885841381 26.583925327658658 79.772979736328139 1.3613375000000001 172.2738952636719 53.79989594552125 15.500000000000002 27.620079198385081 0.51782399000000012 14.008156353618409 4.3854489164086692 48.075370788574226 179.98332977294925 8.0216718266253881 1.5455405000000002 22.095260620117191 10.332817337461302 92.67470495860691 9.0522675820548493 -1.439338684082031 39.940284729003913 1.3414118000000002 22.061906616389756 85.685536006794266 25.921092815697197 105.83823394775392 11.931888544891644 1.4551887000000001 -6.5469207763671866
decision_type=2 2 2 2 2 2 2 2 2 2 2 2 2 2 2 2 2 2 2 2 2 2 2 2 2 2 2 2 2 2
left_child=19 2 7 5 6 -4 9 8 14 26 -11 20 -9 -13 -2 17 -17 -16 -15 -1 28 22 23 -22 -24 -23 -5 -6 -10 -3
right_child=1 29 3 4 27 -7 -8 12 11 10 -12 13 -14 18 15 16 -18 -19 -20 -21 21 25 24 -25 -26 -27 -28 -29 -30 -31
leaf_value=0.098121258771994124 -0.0045707473176257122 0.01144588756871134 -0.012246220458005618 0.0044144674353276741 -0.014283853314290666 -0.0014831184280647096 -0.016374449344855099 -0.018374099359740447 0.011446626401183898 -0.0013060611266062973 0.021688874116665809 0.013908894075282242 -0.0022297686869314588 0.0029294896128761166 0.015782849507423057 0.010608997490235115 -0.019091471792647433 -0.0039735101788483627 0.036830978752778985 -0.033141803422909268 -0.016882278414229637 0.0046747137070874334 -0.00039607033638919162 -0.0035689619598379477 0.024349517239171493 -0.0055734908933706929 -0.032337598487658464 0.025635362078804975 -0.0019440719481491607 0.0032996104257234011
leaf_weight=18.730657398700714 20028.761472664773 6254.1242276281118 11197.647270960733 1099.3064453415573 2680.7982958182693 11324.875563494861 903.91677199676633 2157.0326410531998 4941.95022919029 1059.2710925191641 3354.4422063864768 4606.0249762907624 4071.7717141285539 13569.430125385523 3516.0437738075852 765.78992855548859 1719.8410336300731 1330.8434527516365 305.57932987809181 1188.0593869891018 4725.2220562770963 21562.412300750613 3953.7741368599236 7172.4090357162058 1018.1638482958078 5194.191473338753 302.92277957499027 206.24408419430256 2583.2653490900993 16923.05853138864
leaf_count=412 86582 28680 83292 5658 17163 50118 7735 13143 21604 4879 18326 20868 21392 59635 15096 3353 7760 5857 1363 46134 21128 94620 19056 31922 4651 24423 1805 926 11016 73898
internal_value=-2.3551e-05 0.000212638 -0.000692476 -0.00421189 0.00193684 -0.00683458 0.00767798 0.00040302 0.000931333 0.0114184 0.0161711 0.00224586 -0.0078226 0.006229 -0.002414 0.00347696 -0.00994056 0.0103585 0.00367873 -0.0310249 0.000806654 -0.00023595 -0.00486891 -0.00885741 0.00467526 0.00268512 -0.00354245 -0.0114242 0.0068502 0.0054982
internal_weight=159736 158529 135352 32129.4 9606.9 22522.5 6719.86 103223 96993.7 5815.94 4413.71 69632.4 6228.8 18481 27361.3 7332.52 2485.63 4846.89 13875 1206.79 51151.4 43626.2 16869.6 11897.6 4971.94 26756.6 1402.23 2887.04 7525.22 23177.2
internal_count=802495 755949 653371 189902 56492 133410 38403 463469 428934 30668 23205 310286 34535 81866 118648 32066 11113 20953 60998 46546 228420 195800 76757 53050 23707 119043 7463 18089 32620 102578
is_linear=0
shrinkage=0.05


Tree=71
num_leaves=31
num_cat=0
split_feature=17 14 18 11 1 14 14 24 14 14 11 11 20 14 25 24 11 14 11 14 11 24 14 11 20 24 24 14 14 14
split_gain=426.217 407.557 246.615 232.517 247.402 222.34 308.857 184.42 253.792 374.027 496.76 358.292 334.692 228.212 209.199 156.952 276.101 330.198 454.654 195.923 311.806 165.862 173.383 155.25 154.118 145.633 222.267 250.228 145.669 315.702
threshold=157.66176605224612 226.50000000000003 190.41741943359378 103.36032366453911 33.635875463485725 174.50000000000003 166.50000000000003 4.5000000000000009 235.50000000000003 260.50000000000006 9.0522675820548493 44.552299488635718 5.8208541870117196 266.50000000000006 21.276421880722051 1.5000000000000002 51.28246849409706 200.50000000000003 74.692760363878577 224.50000000000003 48.568307223703847 2.5000000000000004 187.50000000000003 45.413500027202332 89.358283996582045 5.5000000000000009 3.5000000000000004 219.50000000000003 207.50000000000003 223.50000000000003
decision_type=2 2 2 2 2 2 2 10 2 2 2 2 2 2 2 8 2 2 2 2 2 10 2 2 2 10 10 2 2 2
left_child=1 -1 3 4 7 6 -5 8 12 10 -10 -11 -2 -13 -12 -14 19 18 -18 -17 -21 -20 -23 -3 -16 26 28 -28 -7 -30
right_child=2 23 -4 5 -6 25 -8 -9 9 11 14 13 15 -15 24 16 17 -19 21 20 -22 22 -24 -25 -26 -27 27 -29 29 -31
leaf_value=-0.039441662351522605 0.0019681419089262642 0.0003332595194896718 0.010794163504705225 -0.0052426026363281098 -0.007005781667645098 0.0033914585425411496 0.083166165033726827 0.0036943637351271362 -0.026802868975289218 -0.00022745539259056661 0.016833736982483794 -0.041070035067141783 0.0014170253690417227 -0.0076554211641205842 0.0038964579882001995 -0.0078234316999299253 -0.022259287993428245 0.0029370360415730246 -0.00074420602957879359 -0.023154946266039467 0.029814712033222751 -0.035810209521678113 0.046457265208441935 -0.026172373852732123 0.022233656409170206 0.032885483059354265 0.001844826226458133 -0.046398415421833178 0.05171420795530085 -0.0021633059432348946
leaf_weight=1254.3384658060968 26766.658319830894 2418.1170295290649 5535.9507067501545 170.06616411544383 12632.078546822071 1858.4161403924227 234.33478513546288 30968.437487199903 1054.3589185625315 8050.9032852202654 5393.3126283213496 979.26781891286373 7463.893199775368 1068.5544285327196 14104.584127627313 13061.770736228675 3750.0284391473979 11347.299520371482 1842.5391257293522 4352.1980273351073 295.92307054623961 76.0675960034132 383.66282482817769 715.03539191745222 1246.2655493542552 502.31522137671709 858.93380356952548 390.15349261648953 577.81325076520443 512.62138586677611
leaf_count=44153 117074 17170 24778 841 77722 9190 1182 139727 4638 36624 23417 4606 37071 5496 63012 63700 18077 51969 8317 20934 1374 338 1733 10742 6325 2567 4197 1863 2750 2347
internal_value=-2.20787e-06 -0.015369 0.000431529 4.88656e-05 -0.000320806 0.0105358 0.0460657 0.000317983 -0.000714877 0.00297615 0.00666129 -0.00497825 -0.00241281 -0.0236465 0.00836337 -0.00516718 -0.00656691 -0.00209339 -0.0115237 -0.0109617 -0.0197769 0.00596483 0.032797 -0.00572217 0.00538652 0.00746975 0.00442145 -0.0132491 0.0119084 0.0264072
internal_weight=159866 4387.49 155478 149942 144838 5104.65 404.401 132206 101237 31897.2 21798.5 10098.7 69340 2047.82 20744.2 42573.4 35109.5 17399.6 6052.3 17709.9 4648.12 2302.27 459.73 3133.15 15350.8 4700.25 4197.94 1249.09 2948.85 1090.43
internal_count=803934 72065 731869 707091 682154 24937 2023 604432 464705 144118 97392 46726 320587 10102 92754 203513 166442 80434 28465 86008 22308 10388 2071 27912 69337 22914 20347 6060 14287 5097
is_linear=0
shrinkage=0.05


Tree=72
num_leaves=31
num_cat=0
split_feature=15 22 11 0 14 23 14 21 22 22 11 21 5 11 21 11 22 23 14 22 11 14 11 11 23 21 14 22 22 11
split_gain=486.886 305.152 305.232 268.095 231.065 415.319 379.664 628.42 297.692 289.403 276.026 331.739 270.297 261.338 256.269 422.252 301.318 296.223 352.478 319.578 264.116 326.453 253.66 438.755 300.846 285.044 282.081 495.755 245.416 245.13
threshold=28.357535362243656 0.38392488500000005 111.65133048040369 10.467117309570314 260.50000000000006 1.1675285000000002 245.50000000000003 -0.77317857499999987 -0.033103309549999994 -0.60950839499999987 26.375174039641063 1.0139480500000002 4.5000000000000009 23.969941462571779 -0.85476556499999989 52.327960417574225 -0.99851524999999997 0.57830724000000011 212.50000000000003 0.33798368000000006 81.848965866762242 216.50000000000003 46.315588174439718 37.513179078940361 0.17156968000000003 0.21633074500000002 266.50000000000006 -0.29544110999999995 -0.19567234999999997 16.244831388937339
decision_type=2 2 2 2 2 2 2 2 2 2 2 2 2 2 2 2 2 2 2 2 2 2 2 2 2 2 2 2 2 2
left_child=1 3 -3 4 6 22 12 28 9 29 -10 -12 -1 -11 16 -16 -14 18 -17 -20 -18 -22 23 26 -24 -25 -6 -28 -8 -9
right_child=-2 2 -4 -5 5 -7 7 8 10 13 11 -13 14 -15 15 17 20 -19 19 -21 21 -23 24 25 -26 -27 27 -29 -30 -31
leaf_value=0.0027338126435326299 -0.034912930483537455 0.0030877678427039764 0.026457299853168373 -0.0078032592342095544 0.0094694446610296638 -0.021996281333280913 -0.036537167438504305 -0.036346782157473223 0.0018098888908700348 0.016995792439747383 0.048881477878778411 0.0057414275502651584 -0.01032708561901971 -0.0089355207957524281 -0.011017219928943649 -0.0017746458928555127 0.010415152445678883 -0.0039270980902144917 0.029898155963400664 -0.052182246075929944 -0.055603949184202056 0.027392987638304795 0.086520380420152657 0.0010043495913146315 -0.030610323984277571 0.057782221748470579 0.015608931480753511 -0.029401658330856745 -0.0010513144008452208 0.019374036264287419
leaf_weight=32349.162446791306 989.61671955324709 40825.170836128294 1445.7817316241562 13125.585402149707 2586.7801676243544 3280.2755475714803 940.12090995162725 205.83991259336472 830.0599087625742 1402.5374858230352 1473.4012999273837 639.08254067972302 2995.4724983554333 3156.2701468206942 16922.243233934045 2651.000190237537 7880.2307239472866 13067.57718815282 2088.9141967184842 124.82721384987235 335.64879392832518 182.05749422311783 57.236553639173508 368.34715018421412 945.75837687030435 551.92808743566275 940.19812505692244 1747.5010186880827 1010.3691351152956 4358.5283663235605
leaf_count=142276 43494 192234 7160 81509 11304 17210 4771 904 3463 5893 6492 2850 16297 14100 83048 12309 38342 61772 9257 545 1559 830 259 1610 4508 2388 4418 7938 4265 19918
internal_value=3.14687e-05 0.000249884 0.00388768 -0.00107329 -0.000216365 -0.00725357 0.000579875 0.00816046 0.0124173 0.00795536 0.0262439 0.0358394 -0.000772057 -0.000955659 -0.00322432 -0.00535227 0.00328537 -6.09546e-06 0.0105251 0.0252484 0.00814147 -0.0264206 -0.000532656 0.00324536 -0.0238467 0.0350822 -0.00231503 -0.0136563 -0.0181652 0.0168538
internal_weight=159478 158488 42271 116217 103091 10478 92613.3 14016.2 12065.7 9123.18 2942.54 2112.48 78597.1 4558.81 46248 34854.6 11393.4 17932.3 4864.74 2213.74 8397.94 517.706 7197.75 6194.75 1002.99 920.275 5274.48 2687.7 1950.49 4564.37
internal_count=802923 759429 199394 560035 478526 49635 428891 62656 53620 40815 12805 9342 366235 19993 223959 166931 57028 83883 22111 9802 40731 2389 32425 27658 4767 3998 23660 12356 9036 20822
is_linear=0
shrinkage=0.05


Tree=73
num_leaves=31
num_cat=0
split_feature=15 16 19 14 21 14 21 19 17 21 21 13 14 23 23 14 14 14 23 5 14 14 17 23 23 23 23 18 17 23
split_gain=456.971 242.058 161.538 126.889 578.523 339.249 281.922 460.192 244.97 227.104 191.743 320.525 214.005 195.173 194.672 215.229 497.859 335.324 206.823 177.773 171.394 164.92 160.034 150.013 206.341 246.074 175.564 145.439 142.506 139.129
threshold=31.400850296020511 0.83823528885841381 0.63235294818878185 243.50000000000003 -0.79875919499999992 260.50000000000006 -0.72949796999999983 0.22058823704719546 177.58816528320315 0.29393150000000007 0.29393150000000007 -39.861644593843081 175.50000000000003 1.4551887000000001 1.4551887000000001 168.50000000000003 205.50000000000003 159.50000000000003 0.57830724000000011 28.500000000000004 239.50000000000003 271.50000000000006 188.15000152587893 0.57171410500000008 1.2706497500000002 1.9028643500000002 0.43381632500000006 163.92513275146487 188.51110839843753 0.26362890000000005
decision_type=2 2 2 2 2 2 2 2 2 2 2 2 2 2 2 2 2 2 2 2 2 2 2 2 2 2 2 2 2 2
left_child=1 2 3 6 -5 9 8 -8 -1 -6 11 29 13 28 15 17 22 -12 -18 21 -10 23 -17 26 -25 -26 -7 -16 -13 -9
right_child=-2 -3 -4 4 5 19 7 10 20 -11 14 12 -14 -15 27 16 18 -19 -20 -21 -22 -23 -24 24 25 -27 -28 -29 -30 -31
leaf_value=0.010034851811056848 -0.038227150654843944 0.0048061077168127355 0.0027336920913542274 -0.014650280254209658 0.01534259142757069 -0.0063323429963761148 -0.017398688328952694 0.021697730256732772 -0.00052487366124603788 0.0031839784429327136 -0.010827083964359127 -0.004071039433241011 -0.012677788732166913 -0.02462034800845872 -0.028444247188277035 -0.022797877727435824 0.027144764610198338 0.024121887144487344 0.00058568340317984567 0.084677379252977109 -0.032733181141852412 0.0099695672167637427 -0.0055028308371686202 0.0044598538375344157 -0.01946862522361148 0.024124302457905172 -0.034712308767960547 0.010256060325475283 0.013012561991490404 0.00041137838590361376
leaf_weight=6821.2274430692196 780.79809178411961 23258.529328025877 27160.176632650197 4942.2670998498797 7130.4259210191667 1489.3990540057421 6190.3719168752432 857.74845878779888 13816.256163105369 8324.1542102433741 1140.8731241673231 3395.8892626315355 13467.346217349172 785.65459086000919 253.17620721459389 3478.5725147277117 822.44696510583162 1719.9335638210177 6675.1312277242541 57.11404837667942 424.77637963742018 2018.2776570320129 2174.0410199910402 4424.0135934278369 2255.216132003814 377.07722525298595 858.90396316349506 5432.5979292392731 1904.514499604702 7235.5301700979471
leaf_count=44900 37294 103192 118899 24361 33160 6996 64495 3724 61894 40016 4779 14569 63229 3402 1257 16003 3561 7540 29619 334 1968 9638 9374 20204 11049 1925 4064 24041 7865 31440
internal_value=-9.41213e-05 9.35049e-05 -0.000714647 -0.00157808 0.00107275 0.00395823 -0.00268128 -0.00454937 0.00224423 0.00879434 -0.00293704 -0.00569813 -0.00916161 -0.00138013 0.000581308 -0.00224109 -0.00494506 0.0101855 0.00350231 -0.00255242 -0.0014878 -0.00299594 -0.0161482 -0.00577917 -0.00213533 -0.0132171 -0.0167228 0.00852811 0.00206865 0.00266977
internal_weight=159672 158892 135633 108473 31876.8 26934.6 76596.1 55533.8 21062.3 15454.6 49343.5 27646.7 19553.4 6086.06 21696.8 16011 13150.2 2860.81 7497.58 11480 14241 11422.9 5652.61 9404.61 7056.31 2632.29 2348.3 5685.77 5300.4 8093.28
internal_count=804792 767498 664306 545407 151747 127386 393660 284898 108762 73176 220403 124229 89065 25836 96174 70876 58557 12319 33180 54210 63862 53876 25377 44238 33178 12974 11060 25298 22434 35164
is_linear=0
shrinkage=0.05


Tree=74
num_leaves=31
num_cat=0
split_feature=15 16 0 21 11 12 3 18 14 11 14 14 12 11 11 14 11 9 14 14 25 14 11 25 21 11 20 21 14 12
split_gain=434.706 235.172 203.337 150.591 346.498 260.216 366.692 225.961 215.705 288.798 339.679 289.008 321.792 282.701 280.164 275.747 247.663 229.155 224.146 201.033 251.377 201.998 270.87 282.2 272.301 234.112 215.146 213.575 405.816 209.859
threshold=28.357535362243656 0.83823528885841381 17.387359619140629 0.51909596000000013 96.005895777764081 1.9086687306501551 92.097649741917863 166.48529052734378 165.50000000000003 8.531781322423706 218.50000000000003 212.50000000000003 2.4040247678018578 119.69848180428473 71.626220415770192 197.50000000000003 72.987787986387602 40.500000000000007 207.50000000000003 265.50000000000006 22.061906616389756 232.50000000000003 8.531781322423706 26.694967439770704 -0.70725798499999992 20.325362273898474 -16.078605651855465 -1.2089223499999997 237.50000000000003 6.4984520123839014
decision_type=2 2 2 2 2 2 2 2 2 2 2 2 2 2 2 2 2 2 2 2 2 2 2 2 2 2 2 2 2 2
left_child=1 2 3 4 19 6 -5 -8 -7 -10 11 14 -13 17 18 -16 -17 -12 -11 21 -21 22 -1 24 29 -26 -27 28 -23 -24
right_child=-2 -3 -4 5 -6 8 7 -9 9 10 13 12 -14 -15 15 16 -18 -19 -20 20 -22 27 23 -25 25 26 -28 -29 -30 -31
leaf_value=0.011535433118721511 -0.033959869439129931 0.0049228323772949481 -0.0077785456708521737 -0.011882133000663327 0.01759066395952508 0.019867909743958908 -0.022757728762645243 0.015313641665153678 -0.028933660516929017 -0.0093497088454441418 0.0077926331680481624 0.044287276970673833 -0.03668490527361077 -0.059482316279498952 0.033963333374091673 0.070095297867310905 -0.0039025302844816478 0.025934952472761588 0.022880189763105709 -0.027090412085448625 -0.0041165977706710283 0.024884009873892381 7.697650126590929e-05 -0.01080852750629485 -0.020056049532455284 0.012753768278030743 -0.0046771491992969689 0.0043304114508511135 -0.018319642882499897 0.013191927014283043
leaf_weight=3172.6424428857863 932.23782165534794 23142.518693037331 9031.9496738500893 5886.7771347444504 2416.5131800230592 2308.9273707345128 458.59584384039044 2565.9191794991493 651.76247495412827 4928.7588019743562 11664.721849525347 139.55619750358164 971.48971437290311 144.85976370982826 1041.546157553792 120.71114011481404 1592.468320293352 2045.2324467301369 604.77820982038975 1644.9605564177036 4306.48428318277 686.28772884979844 11461.753431882709 10579.294281652197 2281.0656191632152 1919.6184785962105 22615.16707309708 23217.291340095922 2598.7270037084818 4155.3417935222387
leaf_count=14490 43587 102800 60947 27050 11016 10789 3651 11310 2888 23518 52408 660 4545 659 4939 593 7499 9127 2886 7807 21540 3214 52719 63455 9768 8285 102877 108231 12216 18441
internal_value=6.49578e-05 0.000265475 -0.000531689 -1.2908e-05 -0.00108575 0.0027681 -0.00461271 0.00953541 0.00527716 0.00386715 0.00478769 -0.00254898 -0.0264835 0.00976482 0.000662263 0.0136883 0.00134923 0.0105008 -0.0058237 -0.00159511 -0.01047 -0.000956215 -0.00265349 -0.00350286 -0.00168122 -0.00473782 -0.00331288 0.00264198 -0.00928894 0.00356718
internal_weight=159288 158356 135213 126181 91055.1 35126.1 8911.29 3024.52 26214.8 23905.9 23254.1 9399.31 1111.05 13854.8 8288.26 2754.73 1713.18 13710 5533.54 88638.6 5951.44 82687.2 56184.9 53012.2 42432.9 26815.9 24534.8 26502.3 3285.01 15617.1
internal_count=803915 760328 657528 596581 434059 162522 42011 14961 120511 109722 106834 44640 5205 62194 39435 13031 8092 61535 26404 423043 29347 393696 270035 255545 192090 120930 111162 123661 15430 71160
is_linear=0
shrinkage=0.05


Tree=75
num_leaves=31
num_cat=0
split_feature=15 22 21 16 4 21 21 14 14 14 21 9 23 14 19 14 22 21 23 14 14 22 14 22 21 21 14 22 14 2
split_gain=394.457 242.531 225.566 199.171 158.353 169.367 233.815 150.55 244.331 174.415 152.917 139.817 169.362 287.196 286.887 278.295 542.325 341.646 278.061 262.25 261.856 237.56 225.39 368.211 306.292 276.843 327.607 279.737 248.331 288.345
threshold=31.400850296020511 -1.2466693999999998 -1.3945062499999998 0.83823528885841381 222.5449879318476 0.62234553500000012 -0.31750278499999995 185.50000000000003 206.50000000000003 216.50000000000003 -0.69710293499999987 77.500000000000014 1.1452196500000003 238.50000000000003 0.30882354080677038 255.50000000000003 0.066633861500000016 0.69073289500000012 1.1675285000000002 180.50000000000003 201.50000000000003 0.94406590000000012 265.50000000000006 -0.033103309549999994 0.21633074500000002 -0.60578891999999984 260.50000000000006 0.43984303000000008 258.50000000000006 25.893640875816349
decision_type=2 2 2 2 2 2 2 2 2 2 2 2 2 2 2 2 2 2 2 2 2 2 2 2 2 2 2 2 2 2
left_child=1 2 -1 11 5 6 7 -4 -9 -10 -11 12 13 14 -3 -14 18 -18 -17 -16 -21 -19 23 24 -15 27 -27 -25 29 -26
right_child=-2 3 4 -5 -6 -7 -8 8 9 10 -12 -13 15 22 19 16 17 21 -20 20 -22 -23 -24 25 28 26 -28 -29 -30 -31
leaf_value=-0.026495148664298192 -0.036810949534771001 -0.013891648232538734 0.014362561632326194 0.0051006367384728128 -0.025833962976187654 0.014676511589065994 -0.012979047756814835 -0.029744611705735752 0.050413426557929547 -0.014560216023408141 0.01557382375540366 0.0093581157891825632 0.003490446087464902 0.0064581016191802357 0.0042262942734523443 0.03692734649550633 -0.012863871694872754 0.020086487951105503 -0.025977936873488094 -0.01228704914553936 -0.001992319232704065 -0.0092567566907486073 -0.006168013755867563 0.0016324546365429097 -0.0025710107168337181 0.0257010932003926 -0.00026747814486507174 -0.069986777273117001 0.014372986872699185 -0.029530494797356567
leaf_weight=1288.0341260917485 728.25147067569196 6730.1535678394139 1782.6348014548421 21148.574348628521 796.80487227253616 1231.4144830647856 4582.2615717463195 698.98175152018666 188.0546222999692 884.43255568668246 801.62399373203516 3752.6103964596987 41621.014198254794 6389.8345476984978 10095.889007300138 185.38709071651101 2109.0096788853407 2661.0378312245011 3093.9575236104429 8874.2294807359576 20318.845232963562 930.314368262887 5921.2184362821281 1360.6933437623084 2073.5098621211946 4316.2556536085904 1689.8540447428823 150.52016055583954 844.61100911721587 1900.5811347328126
leaf_count=7782 37133 56570 8374 94099 7626 5601 22670 3806 990 4991 4331 16399 205524 29918 43504 863 9330 11743 16264 39671 88786 4029 27860 5819 8735 19405 7249 632 3833 10400
internal_value=-0.000122107 4.67797e-05 -0.00670952 0.000613247 -0.0043834 -0.00270031 -0.00509574 0.00319864 -0.00453828 0.0048737 -0.000232455 -0.000145884 -0.00044006 -0.00202122 -0.00435393 0.0017681 -0.00621451 0.00310577 -0.0224116 -0.00271982 -0.00512207 0.0124849 0.00233424 0.00502288 -0.000719174 0.0135834 0.0183959 -0.00554254 -0.010236 -0.0154684
internal_weight=159151 158422 12254.2 146168 10966.2 10169.4 8937.99 4355.73 2573.09 1874.11 1686.06 125020 121267 70666.2 46019.1 50600.7 8979.71 5700.36 3279.34 39289 29193.1 3591.35 24647.1 18725.9 11208.5 7517.32 6006.11 1511.21 4818.7 3974.09
internal_count=803937 766804 66171 700633 58389 50763 45162 22492 14118 10312 9322 606534 590135 342382 228531 247753 42229 25102 17127 171961 128457 15772 113851 85991 52886 33105 26654 6451 22968 19135
is_linear=0
shrinkage=0.05


Tree=76
num_leaves=31
num_cat=0
split_feature=16 22 20 11 14 14 21 25 14 14 21 22 23 21 14 11 23 22 21 21 21 11 25 4 23 22 22 11 21 14
split_gain=318.03 234.678 306.731 241.044 236.738 203.951 226.079 200.785 212.678 293.247 628.971 321.306 286.773 337.642 313.637 232.148 289.592 229.189 205.884 313.904 221.85 275.979 237.584 195.284 217.658 259.517 426.453 272.451 289.713 241.986
threshold=0.10294117778539659 0.34739525500000007 -2.4217987060546871 111.65133048040369 223.50000000000003 163.50000000000003 -1.6777381999999998 26.583925327658658 261.50000000000006 244.50000000000003 -0.71756502999999994 -0.026206394649999996 0.90576759000000007 0.19533317500000003 257.50000000000006 54.128781830597873 0.17156968000000003 -0.16837660999999995 1.6484033000000002 1.0670309000000002 0.62234553500000012 40.166163226999004 22.061906616389756 64.248382057994618 0.88105851500000021 1.0741876000000001 1.5679100000000001 72.987787986387602 -0.91873112499999987 263.50000000000006
decision_type=2 2 2 2 2 2 2 2 2 2 2 2 2 2 2 2 2 2 2 2 2 2 2 2 2 2 2 2 2 2
left_child=-1 2 -2 5 -5 -3 -7 8 9 -4 -11 12 13 -12 17 18 -17 -14 19 20 22 -22 -10 -8 -25 27 -27 29 -29 -26
right_child=1 3 7 4 -6 6 23 -9 15 10 11 -13 14 -15 -16 16 -18 -19 -20 -21 21 -23 -24 24 25 26 -28 28 -30 -31
leaf_value=-0.031919763393869177 0.0043897867882054555 -0.0091128190979426881 -0.0017907690780809328 0.027699952647651994 -0.065091281186531041 -0.018331252728984709 0.0087197795298474667 -0.0065893879192231832 -0.022186375122036115 -0.02056249330713561 0.009180500893048324 0.026681024324925445 0.024244188223583374 -0.018209398738343457 -0.011180141617733159 0.078637125315940914 -0.032057354366420342 -0.052945791266908175 0.037938636154324558 -0.042677736979682565 0.0076512839117966608 0.084054592420665861 0.0012958795832054963 -0.0076597802024679007 0.007970339000903855 -0.012589605372828997 0.015761349655995693 0.0969543781944424 -0.011226110749399075 0.027728352821419895
leaf_weight=773.48274738527834 21430.706475038081 3415.9027733560652 50629.260268840939 1402.2223396115005 71.346961755305529 1137.805196646601 15011.528637412935 20683.32448944822 1787.775461576879 1847.9978200420737 2693.4352226629853 2507.3948887512088 3472.6712732240558 1930.9272032827139 881.51675075292587 60.870440006256104 1341.6202507093549 97.988449290394783 269.53792759776115 548.95150303840637 981.76998357474804 133.41343887150288 2707.3367651104927 5154.4411581046879 7660.5397697146982 4456.1184409726411 1887.4087975490838 62.838571202009916 2030.7789574954659 1942.1922499313951
leaf_count=37533 93302 16108 231892 7079 337 5442 69257 136392 8370 8455 11301 10652 15032 8204 3905 266 7027 407 1193 2507 4166 548 12608 25436 36386 21762 9715 318 10239 8382
internal_value=4.25523e-05 0.000198986 -0.0010004 0.00329023 0.0231661 0.00260475 0.0036223 -0.00224823 -0.000999208 -4.83105e-05 0.00651922 0.010841 0.00646273 -0.00225776 0.015519 -0.00877671 -0.0272004 0.0221117 -0.00475383 -0.00662797 -0.00309363 0.0168588 -0.00804623 0.00427656 0.00140063 0.00398969 -0.00415311 0.00840592 -0.00793441 0.011969
internal_weight=159013 158240 114006 44233.1 1473.57 42759.6 39343.7 92575.8 71892.5 64061.2 13431.9 11583.9 9076.54 4624.36 4452.18 7831.28 1402.49 3570.66 6428.79 6159.25 5610.3 1115.18 4495.11 38205.8 23194.3 18039.9 6343.53 11696.3 2093.62 9602.73
internal_count=804221 766688 556227 210461 7416 203045 186937 462925 326533 289848 57956 49501 38849 19505 19344 36685 7293 15439 29392 28199 25692 4714 20978 181495 112238 86802 31477 55325 10557 44768
is_linear=0
shrinkage=0.05


Tree=77
num_leaves=31
num_cat=0
split_feature=15 22 21 19 5 11 21 21 12 14 12 5 14 22 4 11 22 21 23 14 20 11 22 23 12 24 22 11 22 11
split_gain=339.016 227.739 204.629 195.247 186.552 190.561 153.899 201.711 163.568 153.63 153.171 268.031 172.251 172.879 151.639 176.913 165.037 148.742 135.51 131.333 154.659 382.342 327.232 324.931 281.474 251.962 247.908 242.295 190.527 172.983
threshold=31.400850296020511 -1.2466693999999998 -1.3945062499999998 0.63235294818878185 10.500000000000002 78.93579828544253 -0.31750278499999995 0.24118209000000004 4.314241486068112 250.50000000000003 4.3854489164086692 20.500000000000004 266.50000000000006 -0.43459500499999998 118.70017996430398 8.531781322423706 0.075349397950000022 -0.19994983999999996 1.2471615 161.50000000000003 54.864372253417976 15.793902891665141 1.1680100000000002 0.89765158500000009 5.7058823529411775 4.5000000000000009 -0.21093407999999997 15.017229010400021 -0.85921498999999979 59.618031340925135
decision_type=2 2 2 2 2 2 2 2 2 2 2 2 2 2 2 2 2 2 2 2 2 2 2 2 2 8 2 2 2 2
left_child=1 2 -1 10 5 6 -4 -8 -9 17 11 -3 19 -14 -15 -16 -17 -5 -18 -12 23 26 24 27 25 -23 -22 -21 -26 -27
right_child=-2 3 4 9 -6 -7 7 8 -10 -11 12 -13 13 14 15 16 18 -19 -20 20 21 22 -24 -25 28 29 -28 -29 -30 -31
leaf_value=-0.025339972482838674 -0.035152484109947042 -0.0011996311618473856 0.0049143394928597914 0.0018749512885054232 -0.017461238640653087 0.030497949821756187 -0.01810077598981907 0.0089578020688313199 -0.028238861653192865 -0.0027935075756957473 0.026181096723778521 -0.016730583170099251 0.01317082764881515 -0.029787021949777226 -0.038591356587571519 -0.0315589096854689 0.034383783901711644 0.009259650385541135 -0.013941085783073355 -0.045497364043939927 -0.017756540926960367 -0.021642173310425405 -0.01575259138230159 0.0039935576371900134 -0.034582343847681579 0.0081410732112001741 0.0037502714396636175 -0.0059591606071659736 0.025627843369057247 0.04921745587930107
leaf_weight=1280.8498546667397 683.62257925979793 63592.56140977703 3688.6390421241522 13360.730238884687 2142.6537375077605 453.91400742344558 2583.3614544849843 1761.0003242213279 354.12309245765209 6723.6361397132277 585.95532178319991 2903.8891494274139 631.11611350625753 1091.6154892146587 276.98834067583084 208.94114546477795 461.03894843161106 13926.46598879993 210.79670859873295 405.12350801751018 2055.5053527224809 689.17245620116591 933.46402194350958 17366.235322985798 134.51552297361195 3214.9805853143334 3844.6425425279886 8458.5213231928647 4489.1450617797673 277.59385798126459
leaf_count=7866 37137 301757 18336 58045 15970 2043 12542 8094 1596 29076 2757 33685 3093 4942 1309 1071 1989 62776 931 1829 9979 3651 4590 83960 725 15238 16267 40015 21354 1386
internal_value=-4.36526e-05 0.000108372 -0.00643513 0.000658684 -0.00422846 -0.00101984 -0.00272903 -0.00872938 0.00271977 0.00397599 -0.000350218 -0.00187811 0.00189083 -0.0099392 -0.0164262 -0.00381396 0.00715426 0.00564405 0.0192231 0.0026937 0.00236437 0.00629975 0.0123844 1.78362e-05 0.0153687 0.00596651 -0.00374405 -0.00777123 0.0238691 0.011419
internal_weight=158791 158107 12264.5 145843 10983.7 8841.04 8387.12 4698.48 2115.12 34010.8 111832 66496.5 45335.4 2880.5 2249.38 1157.77 880.777 27287.2 671.836 42454.9 41868.9 15639 9738.87 26229.9 8805.41 4181.75 5900.15 8863.64 4623.66 3492.57
internal_count=804009 766872 66447 700425 58581 42611 40568 22232 9690 149897 550528 335442 215086 13335 10242 5300 3991 120821 2920 201751 198994 73190 46944 125804 42354 20275 26246 41844 22079 16624
is_linear=0
shrinkage=0.05


Tree=78
num_leaves=31
num_cat=0
split_feature=16 22 20 14 11 14 4 23 14 11 14 14 11 14 11 23 14 23 14 11 5 14 24 22 14 22 23 22 14 23
split_gain=308.573 214.422 277.329 208.987 235.694 266.85 184.779 221.943 253.397 249.174 381.882 178.156 281.263 191.263 175.965 602.92 432.297 436.081 521.951 389.466 345.348 310.963 308.739 307.058 302.428 235.02 250.464 206.417 185.129 507.005
threshold=0.10294117778539659 0.36488128000000003 -5.5233306884765616 163.50000000000003 111.65133048040369 223.50000000000003 56.903837367892272 0.78081134000000019 272.50000000000006 35.742389070360296 254.50000000000003 265.50000000000006 35.261407327714267 240.50000000000003 47.770250197269327 0.57830724000000011 261.50000000000006 1.3840513500000002 205.50000000000003 100.96431947589475 18.500000000000004 212.50000000000003 4.5000000000000009 0.29689309000000008 199.50000000000003 -1.2644603999999997 0.29784916500000008 -1.3015830499999999 235.50000000000003 1.2403435000000003
decision_type=2 2 2 2 2 2 2 2 2 2 2 2 2 2 2 2 2 2 2 2 2 2 10 2 2 2 2 2 2 2
left_child=-1 2 -2 -3 6 -6 -5 8 9 11 -11 13 -13 -8 25 21 17 22 24 20 -20 -16 27 -23 -19 -4 -27 -17 -28 -30
right_child=1 3 14 4 5 -7 7 -9 -10 10 -12 12 -14 -15 15 16 -18 18 19 -21 -22 23 -24 -25 -26 26 28 -29 29 -31
leaf_value=-0.032323236211183208 0.0046690100977401679 -0.0086027017510585373 -0.014903160693458204 0.008256433523033865 0.030426546766434512 -0.065348569234999473 -0.0080254557758953488 0.0029836764544192255 0.10537368099865188 -0.013558058111287106 -0.073181341294355065 -0.045068871764451783 0.090699461583805055 0.033695635097663428 0.0011883002822147646 -0.04784562465511516 -0.025726037844604883 0.00019351623016862694 0.025033070703348717 -0.032549445890799271 -0.026192459990879897 0.024025998720558425 -0.027034355492698704 -0.018637882584084605 -0.036802649731556253 -0.015620479815163886 -0.0050515405627934787 -0.0029851793051478503 0.0055302383244694268 -0.013571830067051614
leaf_weight=732.01712130196393 18456.658569440246 3462.5000359695405 4518.5078357942402 13323.908786341548 1253.6478114575148 76.279392641037703 502.14313992299139 21466.811779361218 46.068967275321484 2132.5884423274547 306.39230112731457 285.90580328553915 43.049006715416908 604.63347925245762 3820.5545809436589 258.45013689808547 1915.1995650269091 3804.5566104557365 4722.0164939053357 356.31155369617045 352.86126952432096 4578.9578532855958 1486.566777035594 463.77780832350254 645.2177782356739 3608.2088478021324 22538.880071882159 22029.434167971835 16413.54051294364 4405.1387129314244
leaf_count=37646 79670 16444 27211 62036 6316 363 2594 103014 201 10843 1450 1364 186 2623 19237 1502 11014 19831 22044 1744 4108 21871 7240 2208 3597 16797 114680 110101 74307 22130
internal_value=4.25672e-05 0.000192838 -0.000943593 0.00318054 0.00419967 0.0248883 0.00348829 0.000985643 -0.00995183 -0.0113498 -0.021075 0.00517421 -0.0270804 0.0147767 -0.00202361 0.000281614 -0.00262578 -0.00131051 0.00751741 0.0179178 0.0214669 0.0119487 -0.00497966 0.0200993 -0.005178 -0.00401312 -0.00296511 -0.0035075 -0.0019116 0.00148787
internal_weight=158611 157879 114375 43503.9 40041.4 1329.93 38711.5 25387.6 3920.78 3874.71 2438.98 1435.73 328.955 1106.78 95918.2 44433.9 35570.6 33655.4 9880.96 5431.19 5074.88 8863.29 23774.5 5042.74 4449.77 51484.3 46965.8 22287.9 43357.6 20818.7
internal_count=804372 766726 559292 207434 190990 6679 184311 122275 19261 19060 12293 6767 1550 5217 479622 224497 181181 170167 51324 27896 26152 43316 118843 24079 23428 255125 227914 111603 211117 96437
is_linear=0
shrinkage=0.05


Tree=79
num_leaves=31
num_cat=0
split_feature=18 20 18 12 11 12 23 11 23 24 3 4 23 9 24 11 11 23 23 12 12 12 11 11 23 23 23 11 12 12
split_gain=261.304 257.231 183.953 155.196 148.103 224.891 152.732 184.967 229.011 173.566 163.122 151.403 290.947 154.65 138.366 129.233 143.504 128.029 156.407 157.067 136.984 124.888 124.708 150.103 124.378 198.933 129.135 169.645 118.76 152.046
threshold=158.11765289306643 63.940284729003913 190.41741943359378 6.8452012383900938 103.36032366453911 1.258513931888545 1.6436854000000001 65.685129954811245 0.57171410500000008 6.5000000000000009 93.466603636741652 6.8473859429359445 2.1829980500000006 78.500000000000014 7.5000000000000009 58.414153906490789 47.770250197269327 2.4041249500000004 2.1248558500000003 1.5773993808049538 12.851393188854491 0.76315789473684215 50.76485803746403 10.895356289350397 1.1368207000000001 0.84993806500000002 1.5895577000000003 76.554730456576181 5.7538699690402479 8.9767801857585159
decision_type=2 2 2 2 2 2 2 2 2 10 2 2 2 2 10 2 2 2 2 2 2 2 2 2 2 2 2 2 2 2
left_child=1 14 4 -3 5 6 7 9 21 -2 15 12 22 17 -1 16 -8 18 20 -20 -13 -9 23 -7 25 -10 27 -26 -19 -30
right_child=2 3 -4 -5 -6 11 10 8 24 -11 -12 13 -14 -15 -16 -17 -18 28 19 -21 -22 -23 -24 -25 26 -27 -28 -29 29 -31
leaf_value=-0.033634307146060076 -0.015218201085397601 -0.010047433444658069 0.0093524419127453042 0.012348644637718838 0.0085519533209595187 0.018635163669777629 -0.003843196924557694 0.063933622949130964 0.0026312150640161697 0.022370735104160353 0.019092698447439948 -4.0495645593822038e-05 -0.03559862597087305 0.010435349794593471 0.021507786955465395 -0.018184809296437187 0.034674652728687437 0.0019402222030812559 0.03356819505745505 -0.013615718444058343 -0.02915834452873067 0.013659738696783153 0.028915307119191793 0.0015380398785919095 0.032671092182284665 -0.026070019889216551 -0.044212898736286955 -0.0037457836634136842 0.050220699939546122 0.0096426372858771925
leaf_weight=1311.8296497315168 6942.58293954283 2964.3307965835556 5569.9206518530846 1045.5861797183752 5002.0400172695518 1996.1033482626081 921.98660468310118 148.30473309382796 1107.1838275939226 320.45623425394297 1121.4657625965774 110473.6300179828 364.59529482573271 3500.9878345876932 123.88487203605473 952.88641497865319 326.70469195023179 1453.0649622958153 185.66881514340639 3215.4810786433518 404.3994931653142 721.24019803106785 785.23676396161318 3594.6335117444396 505.2548475433141 1326.2849905192852 120.00222043320537 867.8137568552047 360.92833690904081 639.16409303061664
leaf_count=45771 33243 32457 25119 5997 24262 8441 4165 667 5338 1366 6003 516913 1615 15410 2848 4898 1648 7214 840 15905 1844 3365 3851 15708 2478 6673 673 4234 1776 3047
internal_value=5.04403e-05 -0.0107112 0.000433722 -0.00420603 9.65459e-05 -0.000200614 -0.00591015 -0.00852539 -0.000904637 -0.0135569 0.00358012 0.000491104 0.00778249 8.22707e-05 -0.0288646 -0.00432694 0.00625421 -0.000228321 -0.000470975 -0.0110308 -0.000146958 0.0222978 0.0102683 0.0076446 -0.00604725 -0.0130158 0.00531143 0.00966874 0.0110712 0.0243226
internal_weight=158374 5445.63 152928 4009.92 147358 142356 15382.2 12059.1 4796.08 7263.04 3323.04 126974 6740.57 120233 1435.71 2201.58 1248.69 116732 114279 3401.15 110878 869.545 6375.97 5590.74 3926.54 2433.47 1493.07 1373.07 2453.16 1000.09
internal_count=803769 87073 716696 38454 691577 667315 74751 58037 23428 34609 16714 592564 29615 562949 48619 10711 5813 547539 535502 16745 518757 4032 28000 24149 19396 12011 7385 6712 12037 4823
is_linear=0
shrinkage=0.05


end of trees

feature_importances:
doy=413
reg_rain_7d=270
rmm2=245
reg_dry=233
rmm1=196
mjo_amp=137
onset_doy_anom=119
mjo_phase=103
wet_days_30d=89
rain_7d_vs_region=82
clim_false_rate=77
clim_dryday_doy=72
clim_onset_doy=67
clim_first_cand_doy=59
clim_rain_doy=48
rain_1d=40
rain_30d=35
rain_3d=29
days_since_wet_spell=28
onset_threshold_mm=24
days_since_rain=14
rain_14d=8
spell_deficit=5
rain_7d=4
wet_spell_seen=3

parameters:
[boosting: gbdt]
[objective: binary]
[metric: binary_logloss]
[tree_learner: serial]
[device_type: cpu]
[data_sample_strategy: bagging]
[data: ]
[valid: ]
[num_iterations: 80]
[learning_rate: 0.05]
[num_leaves: 31]
[num_threads: 10]
[seed: 0]
[deterministic: 0]
[force_col_wise: 0]
[force_row_wise: 0]
[histogram_pool_size: -1]
[max_depth: -1]
[min_data_in_leaf: 200]
[min_sum_hessian_in_leaf: 0.001]
[bagging_fraction: 0.6]
[pos_bagging_fraction: 1]
[neg_bagging_fraction: 1]
[bagging_freq: 1]
[bagging_seed: 3]
[bagging_by_query: 0]
[feature_fraction: 0.6]
[feature_fraction_bynode: 1]
[feature_fraction_seed: 2]
[extra_trees: 0]
[extra_seed: 6]
[early_stopping_round: 0]
[early_stopping_min_delta: 0]
[first_metric_only: 0]
[max_delta_step: 0]
[lambda_l1: 0]
[lambda_l2: 1]
[linear_lambda: 0]
[min_gain_to_split: 0]
[drop_rate: 0.1]
[max_drop: 50]
[skip_drop: 0.5]
[xgboost_dart_mode: 0]
[uniform_drop: 0]
[drop_seed: 4]
[top_rate: 0.2]
[other_rate: 0.1]
[min_data_per_group: 100]
[max_cat_threshold: 32]
[cat_l2: 10]
[cat_smooth: 10]
[max_cat_to_onehot: 4]
[top_k: 20]
[monotone_constraints: ]
[monotone_constraints_method: basic]
[monotone_penalty: 0]
[feature_contri: ]
[forcedsplits_filename: ]
[refit_decay_rate: 0.9]
[cegb_tradeoff: 1]
[cegb_penalty_split: 0]
[cegb_penalty_feature_lazy: ]
[cegb_penalty_feature_coupled: ]
[path_smooth: 0]
[interaction_constraints: ]
[verbosity: -1]
[saved_feature_importance_type: 0]
[use_quantized_grad: 0]
[num_grad_quant_bins: 4]
[quant_train_renew_leaf: 0]
[stochastic_rounding: 1]
[linear_tree: 0]
[max_bin: 255]
[max_bin_by_feature: ]
[min_data_in_bin: 3]
[bin_construct_sample_cnt: 200000]
[data_random_seed: 1]
[is_enable_sparse: 1]
[enable_bundle: 1]
[use_missing: 1]
[zero_as_missing: 0]
[feature_pre_filter: 1]
[pre_partition: 0]
[two_round: 0]
[header: 0]
[label_column: ]
[weight_column: ]
[group_column: ]
[ignore_column: ]
[categorical_feature: ]
[forcedbins_filename: ]
[precise_float_parser: 0]
[parser_config_file: ]
[objective_seed: 5]
[num_class: 1]
[is_unbalance: 0]
[scale_pos_weight: 1]
[sigmoid: 1]
[boost_from_average: 1]
[reg_sqrt: 0]
[alpha: 0.9]
[fair_c: 1]
[poisson_max_delta_step: 0.7]
[tweedie_variance_power: 1.5]
[lambdarank_truncation_level: 30]
[lambdarank_norm: 1]
[label_gain: ]
[lambdarank_position_bias_regularization: 0]
[eval_at: ]
[multi_error_top_k: 1]
[auc_mu_weights: ]
[num_machines: 1]
[local_listen_port: 12400]
[time_out: 120]
[machine_list_filename: ]
[machines: ]
[gpu_platform_id: -1]
[gpu_device_id: -1]
[gpu_device_id_list: ]
[gpu_use_dp: 0]
[num_gpu: 1]

end of parameters

pandas_categorical:[]
