tree
version=v4
num_class=1
num_tree_per_iteration=1
label_index=0
max_feature_idx=25
objective=binary sigmoid:1
feature_names=rain_1d rain_3d rain_7d rain_14d rain_30d wet_days_30d days_since_rain wet_spell_today wet_spell_seen days_since_wet_spell spell_deficit reg_rain_7d reg_dry rain_7d_vs_region doy clim_rain_doy clim_dryday_doy clim_onset_doy clim_first_cand_doy clim_false_rate onset_doy_anom rmm1 rmm2 mjo_amp mjo_phase onset_threshold_mm
feature_infos=[0:346.57876586914062] [0:964.80462646484375] [0:1936.1752166748047] [0:3242.0305023193359] [0:5169.823317527771] [0:30] [0:90] [0:1] [0:1] [0:99] [-40:1526.9935302734375] [0:206.38006867099287] [0.049535603715170282:16.606811145510836] [-206.38006867099287:1790.3473903487895] [152:274] [0.039228077977895737:78.65045166015625] [0:1] [153.82353210449219:228] [153.82353210449219:203.72727966308594] [0:0.82352942228317261] [-51.727279663085938:120.17646789550781] [-2.7230477:2.6857595000000001] [-2.8039255000000001:4.0264211000000003] [0.026713300499999999:4.2046590000000004] [1:8] [20:40]
tree_sizes=3432 3541 3544 3552 3531 3548 3544 3532 3557 3552 3543 3568 3547 3547 3535 3555 3555 3557 3548 3549 3559 3555 3561 3542 3557 3533 3553 3556 3553 3547 3551 3553 3558 3551 3544 3551 3555 3569 3562 3555 3538 3561 3555 3556 3571 3550 3564 3563 3553 3558 3566 3568 3555 3563 3570 3550 3546 3548 3549 3568 3573 3552 3556 3551 3559 3555 3559 3552 3551 3579 3551 3576 3540 3543 3553 3554 3561 3552 3565 3554 3553 3584 3564 3553 3554 3550 3536 3569 3555 3575 3550 3536 3552 3549 3577 3557 3512 3533 3549 3549 3527 3509 3541 3554 3525

Tree=0
num_leaves=31
num_cat=0
split_feature=18 17 15 24 5 5 22 24 15 5 16 21 18 15 15 22 22 5 11 22 16 21 5 11 5 5 5 11 5 22
split_gain=154886 14058.1 13060.1 6014.5 4109.09 3730.58 2430.59 2323.75 1989.87 1899.76 1256.36 1204.31 1158.55 982.885 889.044 851.992 833.575 683.472 721.209 668.628 653.822 651.324 630.418 603.911 601.363 562.611 532.255 543.292 484.774 477.199
threshold=161.1470642089844 186.32193756103518 15.478336334228517 2.5000000000000004 5.5000000000000009 12.500000000000002 -0.15288999499999997 2.5000000000000004 26.860466003417972 9.5000000000000018 0.48529411852359777 -0.44844999999999996 169.52228546142581 7.1922910213470468 7.2878777980804452 0.47169341500000006 -0.17849789999999996 6.5000000000000009 40.166163226999004 -0.0062803106849999993 0.48529411852359777 1.3326296000000002 8.5000000000000018 40.166163226999004 1.5000000000000002 18.500000000000004 2.5000000000000004 9.0522675820548493 7.5000000000000009 0.04601305725000001
decision_type=2 2 2 8 2 2 2 8 2 2 2 2 2 2 2 2 2 2 2 2 2 2 2 2 2 2 2 2 2 2
left_child=2 3 6 9 11 12 14 -6 16 24 -7 26 20 -8 -1 21 -4 -15 -19 -12 -5 22 -9 25 -2 -18 -3 -28 -14 -22
right_child=1 4 8 5 7 10 13 15 -10 -11 19 -13 28 17 -16 -17 23 18 -20 -21 29 -23 -24 -25 -26 -27 27 -29 -30 -31
leaf_value=0.64132186398428948 0.72127159168236132 0.74664427748636308 0.57809803540294091 0.67218191209404254 0.70200025650267639 0.64928456739177109 0.6834456632096747 0.73201516059395477 0.56005445251488606 0.65077125592810225 0.68115114638443919 0.75376998457856681 0.7359995348930346 0.59150964159709118 0.6051204557314569 0.74378940056958287 0.58059523737208185 0.67363250034432065 0.63123671361957467 0.70731294072282813 0.70550218316077007 0.75077427844002254 0.71491769143524642 0.59402541545016341 0.68402514525011404 0.65303966026306082 0.67682745505964959 0.73168332983191597 0.71932895728678548 0.72300228758015006
leaf_weight=2629.8123314082623 1277.4513971209526 7652.7405868470669 4020.7361635267735 987.34315998852253 8659.3651957511902 1732.6708922088146 2577.0653792023659 10582.855944469571 10444.339788466692 5002.98192897439 4469.5285089761019 26173.126334905624 11704.282743468881 531.23716150224209 4813.713453412056 9439.7098122090101 351.27697162330151 1956.0697486102581 2062.6717822700739 5382.183757647872 7911.1563274860382 2397.5484410226345 10995.523276433349 2088.8236325234175 7116.8492825031281 1133.6162207275629 473.83606645464897 9236.7005339711905 6956.8354190886021 7674.4599201083183
leaf_count=11866 5764 34530 18142 4455 39072 7818 11628 47751 47126 22574 20167 118096 52811 2397 21720 42593 1585 8826 9307 24285 35696 10818 49613 9425 32112 5115 2138 41677 31390 34628
internal_value=0.701178 0.723207 0.60267 0.704696 0.736227 0.713149 0.637884 0.725083 0.574231 0.675157 0.688535 0.746995 0.721242 0.658764 0.617901 0.731064 0.593742 0.644791 0.65186 0.695443 0.71162 0.726053 0.723304 0.611373 0.689695 0.635832 0.736781 0.729004 0.729786 0.71412
internal_weight=178437 145827 32609.4 60215.7 85611.4 46818.5 14570.6 42075 18038.8 13397.3 11584.4 43536.4 35234.1 7127.04 7443.53 33415.6 7594.45 4549.98 4018.74 9851.71 16573 23975.9 21578.4 3573.72 8394.3 1484.89 17363.3 9710.54 18661.1 15585.6
internal_count=805125 657988 147137 271700 386288 211250 65744 189847 81393 60450 52270 196441 158980 32158 33586 150775 34267 20530 18133 44452 74779 108182 97364 16125 37876 6700 78345 43815 84201 70324
is_linear=0
shrinkage=1


Tree=1
num_leaves=31
num_cat=0
split_feature=18 19 16 5 22 5 22 22 16 16 5 19 8 11 22 5 16 11 5 4 11 22 25 23 18 16 18 11 16 19
split_gain=135878 16242.8 10591.1 4507.04 3745.25 2042.65 2041.03 1971.88 1498.62 1396.61 1196.82 1040.36 930.175 1044.92 666.638 657.714 621.85 592.143 559.207 522.885 522.5 511.668 504.24 471.387 426.816 419.988 409.178 407.297 402.744 399.852
threshold=161.1470642089844 0.48529411852359777 0.27941177785396581 6.5000000000000009 -0.13172641999999998 10.500000000000002 -0.17849789999999996 -0.033103309549999994 0.45588235557079321 0.13235294446349147 5.5000000000000009 0.33823530375957495 1.0000000180025095e-35 16.244831388937339 -0.23260509499999996 15.500000000000002 0.48529411852359777 40.166163226999004 13.500000000000002 20.320640832185749 40.166163226999004 -0.13903441999999996 29.185482990741736 0.60902822000000012 184.72898864746097 0.48529411852359777 178.30302429199222 8.531781322423706 0.48529411852359777 0.33823530375957495
decision_type=2 2 2 2 2 2 2 2 2 2 2 2 2 2 2 2 2 2 2 2 2 2 2 2 2 2 2 2 2 2
left_child=2 4 9 12 5 11 25 15 -6 -1 22 -2 26 -14 -11 24 -7 -12 29 -13 -16 -15 -8 27 -5 -4 -3 -9 -19 -10
right_child=1 3 6 7 8 16 10 23 18 14 17 19 13 21 20 -17 -18 28 -20 -21 -22 -23 -24 -25 -26 -27 -28 -29 -30 -31
leaf_value=-0.12727078527910676 -0.022566671544126823 0.040682065365889322 -0.086551482012305045 0.0086368121824581933 -0.040490766693019625 -0.066090433577242744 -0.034435686056928975 -0.08025803850087862 0.0083410364930336968 -0.11406838115034082 -0.017040403783901283 0.027971905927656294 0.010626291146322089 0.032468184694751767 -0.063154664626395435 -0.031362152727752189 -0.028461973851774361 -0.061243911738538763 0.00026133641857041941 -0.00077258803368163999 -0.099905961013011094 0.046901505078498495 -0.1119725911054055 0.037327313174762185 0.027343423692355213 -0.061993908063682102 0.05330267931516585 0.019641080424382479 -0.02119504044223439 0.024677106699432589
leaf_weight=10768.892601430416 5452.0539388507605 10122.519260793924 4575.4762983769178 17265.007284790277 1262.9503113478422 1266.4214394986629 295.41302508115768 104.23409467935562 5432.97189489007 4093.9991883188486 3311.94256696105 1889.7276783436537 3593.451508179307 12632.235729590058 1606.7758488208055 914.18494018912315 8256.1270657628775 1917.3162577003241 4748.6224471926689 9692.4693613946438 2460.3662205189466 11974.835178181529 731.47470416128635 13115.548920422792 3702.8349067568779 2834.8673222064972 17677.172270655632 3380.1228188425303 935.29436147212982 12071.057643711567
leaf_count=46609 24575 46275 20029 78171 5618 5625 1314 473 24655 17797 14804 8599 16394 57650 7090 4119 36984 8461 21439 43875 10742 54831 3212 59839 16800 12501 81016 15361 4172 54958
internal_value=-7.21256e-05 0.020963 -0.0907517 0.0331643 -0.0020599 -0.0149274 -0.0587501 0.0199898 0.0124717 -0.115432 -0.0397651 -0.00455873 0.0422169 0.0358157 -0.0997966 0.010131 -0.0334727 -0.0314301 0.0154792 0.00391932 -0.085406 0.0394937 -0.0897221 0.0329843 0.0119415 -0.0771665 0.0487088 0.0166304 -0.048125 0.0196074
internal_weight=178086 144555 33531.8 94482.1 50072.4 26556.8 14601.8 38481.9 23515.6 18930 7191.44 17034.3 56000.2 28200.5 8161.14 21882 9522.55 6164.55 22252.7 11582.2 4067.14 24607.1 1026.89 16599.9 20967.8 7410.34 27799.7 3484.36 2852.61 17504
internal_count=803988 657257 146731 430929 226328 119658 64493 174763 106670 82238 31963 77049 256166 128875 35629 99090 42609 27437 101052 52474 17832 112481 4526 75673 94971 32530 127291 15834 12633 79613
is_linear=0
shrinkage=0.05


Tree=2
num_leaves=31
num_cat=0
split_feature=15 5 14 24 22 20 15 5 14 22 14 5 15 14 20 14 12 15 15 14 14 24 24 5 14 24 14 24 24 14
split_gain=115335 13818.8 6931.83 5758.88 4023.75 3185.57 2787.71 2164.74 1818.48 1788.63 1632.37 1313.95 1295.23 1138.38 1126.14 2413.28 964.208 938.633 916.83 899.917 801.433 787.5 737.573 719.982 661.885 562.955 511.414 508.913 486.933 484.327
threshold=9.7743926048278826 10.500000000000002 222.50000000000003 2.5000000000000004 -0.047694848849999992 -9.5233306884765607 3.8595376014709477 15.500000000000002 251.50000000000003 -0.026206394649999996 205.50000000000003 17.500000000000004 3.8117316961288457 251.50000000000003 -14.578781127929686 195.50000000000003 3.535603715170279 6.8118519783020028 13.94163751602173 187.50000000000003 206.50000000000003 6.5000000000000009 1.5000000000000002 5.5000000000000009 242.50000000000003 5.5000000000000009 195.50000000000003 2.5000000000000004 3.5000000000000004 194.50000000000003
decision_type=2 2 2 8 2 2 2 2 2 2 2 2 2 2 2 2 2 2 2 2 2 8 10 2 2 10 2 8 10 2
left_child=1 3 18 5 7 -1 13 10 12 24 -3 21 -7 23 -8 17 -11 -16 -2 -14 -9 -6 -10 -5 -4 -15 -13 -12 -25 -23
right_child=2 4 9 6 11 8 14 20 22 16 27 26 19 25 15 -17 -18 -19 -20 -21 -22 29 -24 28 -26 -27 -28 -29 -30 -31
leaf_value=0.04265855953621988 -0.088177037344599307 -0.043283568501999783 -0.094978243211543467 0.046363271233423257 0.030318362155801467 0.011547031091008743 0.0510581708497998 -0.085537111982479458 -0.075709614158096919 -0.062127278094725881 -0.020189268345908961 -0.095008133412922802 -0.043388268719607284 0.027227757675172638 0.00069577141588454596 0.025563820248919067 -0.0091733522291089203 -0.04506268420203699 -0.11831435902264896 -0.0025355384988626746 -0.039761346710128799 -0.024590593067625708 -0.021202098478487211 0.027920208781231876 -0.058584480041865367 -0.0074649260636000872 -0.013411488476907988 0.0040931595803894395 0.044523315036161006 0.010527265106233348
leaf_weight=4736.621101140976 3050.1748601347208 3348.4949164092541 2652.4639919400215 29462.789391681552 5379.1350299119949 13240.374751910567 2626.8729014098644 1162.6861256659031 979.21989478170872 1478.5436506420374 3068.0856877714396 201.78614421188831 2043.7189435064793 6131.372750133276 5728.8403033465147 20340.822214528918 2052.7015428394079 1392.2599906921387 15079.009508043528 3956.7583974003792 5395.5678990483284 1125.2509843111038 1695.0407468825579 12258.539403885603 2376.2002826035023 1444.3761355429888 3635.9938306212425 7265.7119033038616 6911.4937458783388 7655.6259165853262
leaf_count=21894 13201 14910 11247 136931 24589 60445 12231 5105 4438 6370 13650 898 9100 28154 26066 93424 8947 6160 63527 17928 23676 5103 7669 56230 10166 6661 16239 32692 31911 34848
internal_value=8.51138e-05 0.0170014 -0.0957386 0.0257967 -0.00897842 0.00548068 0.0320709 -0.0242724 -0.00255634 -0.0586442 -0.0129499 0.00822173 0.00281401 0.038646 0.0197872 0.0167942 -0.0313566 -0.00825562 -0.113249 -0.0164546 -0.0478885 0.0152549 -0.0411817 0.0414546 -0.0777961 0.0206132 -0.0177254 -0.0031175 0.0339082 0.0060247
internal_weight=177877 151187 26689.1 112949 38238.3 26651.7 86297.4 20240.5 21915.1 8559.91 13682.3 17997.8 19240.9 56208.6 30088.8 27461.9 3531.25 7121.1 18129.2 6000.48 6558.25 14160 2674.26 48632.8 5028.66 7575.75 3837.78 10333.8 19170 8780.88
internal_count=804410 690952 113458 519242 171710 121474 397768 90033 99580 36730 61252 81677 87473 259887 137881 125650 15317 32226 76728 27028 28781 64540 12107 225072 21413 34815 17137 46342 88141 39951
is_linear=0
shrinkage=0.05


Tree=3
num_leaves=31
num_cat=0
split_feature=17 19 25 24 4 10 22 21 24 4 4 4 19 22 8 21 24 19 22 22 8 21 21 21 6 9 4 8 25 21
split_gain=109212 11991.8 5051.5 4716.84 3281.25 1896.07 1673.16 1646.18 1458.83 1200.31 871.458 758.698 723.172 717.202 686.601 670.35 660.829 616.765 597.999 573.951 538.328 558.165 411.992 389.314 372.04 332.858 327.266 322.486 308.949 306.479
threshold=168.56278228759768 0.51470589637756359 29.185482990741736 2.5000000000000004 75.410651549696937 40.858126616477968 -0.17849789999999996 -0.12487920499999999 2.5000000000000004 127.62172758951785 12.400000035762789 172.4826531261206 0.36764706671237951 -0.79991891999999998 1.0000000180025095e-35 1.3646467500000001 4.5000000000000009 0.39705882966518408 -0.25984330499999997 0.45226171500000006 1.0000000180025095e-35 -0.19011549499999997 1.4441750000000002 -0.14242072499999997 1.0000000180025095e-35 97.500000000000014 160.19815167784694 1.0000000180025095e-35 26.993091326951983 1.4441750000000002
decision_type=2 2 2 8 2 8 2 2 8 2 2 2 2 2 2 2 10 2 2 2 2 2 2 2 2 2 2 2 2 2
left_child=2 3 11 10 8 6 23 13 14 12 -2 18 -5 -6 25 19 26 28 -1 -11 -10 -22 -7 -4 -8 -3 -9 -26 -12 -13
right_child=1 4 5 9 7 22 24 16 20 15 17 29 -14 -15 -16 -17 -18 -19 -20 -21 21 -23 -24 -25 27 -27 -28 -29 -30 -31
leaf_value=-0.047511022531717705 0.019367292968968899 0.03718483630186567 -0.097091204266686992 0.0054622134072490284 -0.0071888233989076651 -0.099387530511446387 -0.062689090180236468 0.029044845249381241 0.05075674971096597 -0.012267215101347944 -0.03271315305998837 -0.061156678537758795 0.022689214787880871 0.015583467831013276 0.011742903342866158 0.031351480118940504 0.044665336234716274 -0.016907195682898609 -0.013432523251795581 0.01059805067176116 0.02783745714632669 0.045044266536532269 -0.062701350471360676 -0.073599893138428463 -0.10531921805686668 -0.039158862719585581 0.012427562651708227 -0.032681584527566185 -0.056540589201728123 0.0045335823588691674
leaf_weight=2581.2012334764004 960.6601806730032 6606.5048925280571 4354.973758533597 9816.1126132756472 5192.2641153335571 14462.000304192305 3377.0027654320002 9962.9692119657993 18719.319080740213 9088.4996134638786 3946.5941244363785 4393.1090539246798 16060.096041232347 10345.055410549045 5504.0613398849964 1373.4837037920952 5395.0284816026688 4788.5399053543806 2569.2345153838396 3930.7195641249418 7234.0683955550194 13562.087569832802 814.90897591412067 3002.0736695080996 162.55087065696716 145.15469497442245 4220.1339148133993 2386.5508938282728 2081.6508740782738 184.89564241468906
leaf_count=11186 4431 30939 18125 44761 23532 59968 14366 46101 88788 40779 17431 18868 74348 47728 25219 6257 25314 21459 11410 17914 33858 63755 3413 12575 679 664 19317 10381 9175 808
internal_value=-4.90757e-05 0.0205563 -0.0748159 0.00157643 0.0319254 -0.085416 -0.0715868 0.0201265 0.0399278 0.0097168 -0.0262552 -0.0436915 0.0161546 0.00797345 0.0248534 -0.00185791 0.0297703 -0.0303084 -0.0305173 -0.00536353 0.0446024 0.0390604 -0.0974348 -0.0875168 -0.051799 0.035538 0.0241017 -0.037353 -0.0409492 -0.0585032
internal_weight=177222 138933 38288.5 52046.4 86886.6 28560.1 13283.2 35115.5 51771.2 40268.9 11777.4 9728.44 25876.2 15537.3 12255.7 14392.7 19578.1 10816.8 5150.44 13019.2 39515.5 20796.2 15276.9 7357.05 5926.1 6751.66 14183.1 2549.1 6028.24 4578
internal_count=803549 641770 161779 236555 405215 119507 56126 161992 243223 184059 52496 42272 119109 71260 56822 64950 90732 48065 22596 58693 186401 97613 63381 30700 25426 31603 65418 11060 26606 19676
is_linear=0
shrinkage=0.05


Tree=4
num_leaves=31
num_cat=0
split_feature=18 14 18 5 24 16 24 14 21 24 18 15 24 14 5 5 21 5 20 14 24 14 20 5 18 14 18 20 16 21
split_gain=96713 12043.8 10933.2 4401.6 3608.58 2181.46 2125.49 2051.24 2080.9 1841.17 1243.2 1177.61 968.188 967.554 1223.72 908.816 828.929 772.262 759.167 754.227 686.316 660.715 577.934 548.535 546.945 492.422 467.197 453.275 447.081 397.2
threshold=161.1470642089844 230.50000000000003 171.83396911621097 6.5000000000000009 2.5000000000000004 0.51470589637756359 2.5000000000000004 250.50000000000003 -0.79875919499999992 3.5000000000000004 158.11765289306643 13.94163751602173 2.5000000000000004 223.50000000000003 9.5000000000000018 17.500000000000004 1.3326296000000002 9.5000000000000018 73.476669311523452 227.50000000000003 2.5000000000000004 256.50000000000006 -12.666358947753904 18.500000000000004 169.52228546142581 216.50000000000003 179.01704406738284 46.646110534667976 0.75000000000000011 -0.11925592499999998
decision_type=2 2 2 2 8 2 8 2 2 8 2 2 8 2 2 2 2 2 2 2 8 2 2 2 2 2 2 2 2 2
left_child=1 11 4 7 17 19 21 12 20 23 -11 27 22 14 24 16 18 -2 28 -6 -9 -5 -4 -3 -7 -13 -14 -1 -8 -15
right_child=2 9 3 6 5 13 15 8 -10 10 -12 25 26 29 -16 -17 -18 -19 -20 -21 -22 -23 -24 -25 -26 -27 -28 -29 -30 -31
leaf_value=-0.083535673890970552 -0.0151350937812956 -0.037207968726861024 0.047219685030014162 -0.0019817444318171191 -0.038215002435579737 0.0038786871946899512 0.017441461690448912 -0.07600167014926941 0.027469302834217009 -0.03845482921934848 -0.0016398016448242415 -0.10602430558714093 0.038413575387189612 0.0086015702066066808 -0.015781879965483848 -0.035405958201760582 0.046608237790381833 -0.042165123151174884 0.0059738365285547769 0.016780590167984114 -0.010022096802758979 -0.047069085037188867 0.022495403093747462 -0.084736974787836442 0.026015153399686287 -0.084144017998107973 0.050223195385415448 -0.050366699661761542 0.032349009684794178 0.025994111616823842
leaf_weight=4541.8510006666183 6488.5884064137936 892.05138897895813 3237.8543151915073 7195.73452013731 3317.1172449290752 7446.498107329011 9906.3312949687243 667.1245172470808 5340.3191572129726 5675.6933788210154 3847.4219411462545 13939.081232622266 13758.446177199483 4891.9248163104057 5829.6912570744753 681.62437398731709 3297.3777517080307 4459.1919161379337 7075.3628080785275 767.04986754059792 961.97833156585693 914.98725891113281 8764.3059324920177 1915.6646733880043 4462.1153584271669 3184.728447034955 21496.066706970334 1339.7958248108625 10225.481856539845 9985.9958996325731
leaf_count=19065 29144 3756 15424 32366 14566 34372 45952 2994 25238 23959 16561 56635 65736 22467 26390 3064 15573 19317 32816 3421 4509 4071 40776 7904 21085 13013 103621 5657 47793 45802
internal_value=2.17236e-05 -0.0739535 0.0185387 0.0284706 -0.000955584 0.00655976 0.0157279 0.0377046 0.0123798 -0.0340783 -0.023583 -0.0953241 0.0414391 0.0108736 0.00298636 0.021658 0.0229342 -0.0261477 0.0200634 -0.0278847 -0.0370711 -0.00707332 0.0291687 -0.069655 0.0121746 -0.10196 0.0456156 -0.0759899 0.0250146 0.0202763
internal_weight=176507 35336.3 141171 93523 47648.2 36700.4 39296.9 54226.1 6969.42 12330.8 9523.12 23005.5 47256.7 32616.2 17738.3 31186.2 30504.6 10947.8 27207.2 4084.17 1629.1 8110.72 12002.2 2807.72 11908.6 17123.8 35254.5 5881.65 20131.8 14877.9
internal_count=803047 146550 656497 439933 216564 168103 181635 258298 32741 52180 40520 94370 225557 150116 81847 145198 142134 48461 126561 17987 7503 36437 56200 11660 55457 69648 169357 24722 93745 68269
is_linear=0
shrinkage=0.05


Tree=5
num_leaves=31
num_cat=0
split_feature=17 19 20 24 20 19 5 18 24 20 17 22 24 5 22 22 20 20 22 24 12 22 20 3 5 19 5 24 5 20
split_gain=88689.2 10707.2 10647.4 3894.9 3840.66 3054 2358.78 2279.29 1616.41 1473.3 1798.72 1272.48 1150.13 1047.17 948.975 948.549 923.547 601.887 559.134 549.501 543.343 541.495 482.028 481.444 455.689 408.364 407.164 404.375 394.985 448.715
threshold=168.56278228759768 0.51470589637756359 69.621322631835952 2.5000000000000004 71.476669311523452 0.10294117778539659 7.5000000000000009 158.11765289306643 2.5000000000000004 55.348884582519538 184.44949340820315 -0.026206394649999996 2.5000000000000004 9.5000000000000018 -0.047694848849999992 -0.15288999499999997 -7.7343139648437491 -10.775985717773436 0.04601305725000001 6.5000000000000009 4.3544891640866874 -0.15288999499999997 -0.96871948242187489 45.142926357686527 18.500000000000004 0.33823530375957495 18.500000000000004 4.5000000000000009 6.5000000000000009 54.864372253417976
decision_type=2 2 2 8 2 2 2 2 8 2 2 2 8 2 2 2 2 2 2 10 2 2 2 2 2 2 2 10 2 2
left_child=2 3 5 16 6 -1 12 11 -6 10 13 -4 17 25 26 -9 -2 -3 -15 27 -13 -11 -14 -18 -16 -5 -8 -10 -7 -30
right_child=1 4 7 9 8 28 14 15 19 21 -12 20 22 18 24 -17 23 -19 -20 -21 -22 -23 -24 -25 -26 -27 -28 -29 29 -31
leaf_value=-0.097203756897290508 0.015655452725747341 0.04651698262582965 -0.066343480040684757 -0.011377808576463491 -0.033658529697081364 -0.03543264550223782 0.012007951673376345 -0.028424891138599334 0.012491490045163157 0.0089943005799137821 0.022203160329114562 -0.045263104973298385 0.05306795475150991 -0.038563988201833571 0.035225715899857443 0.010653815579052664 -0.019189829723502125 0.021297012862516205 -0.010083575513484853 -0.014398433974743125 -0.0063204682111710833 0.027623557789480935 0.04104794401033348 -0.040570745953927873 -0.053374068827475578 0.0099153070885469787 -0.064323690414459248 0.034229939332498537 -0.072312284802355034 -0.038139495043387234
leaf_weight=17808.645242005587 1305.7308173179626 3158.6113058030605 4769.8669744431973 3510.4566251933575 2055.1421426534653 1515.5092058330774 11159.835260525346 3194.6003938764334 9509.5605676025152 6522.0331222116947 6819.2232018262148 1902.922971457243 12604.810995399952 3175.2417913675308 7584.2259542495012 3019.8049069344997 5805.8258556127548 9433.6150388866663 3769.4609273821115 1528.7279958128929 1692.1487767696381 9709.2441575974226 24773.91565617919 4822.0974219590425 147.10510797798634 6275.4431258589029 176.50178743898869 2760.1964475810528 4138.0556971728802 1255.9626799225807
leaf_count=71827 6042 15359 19549 16043 9159 6485 51296 13454 44771 29703 32268 7974 62040 13983 36063 13241 25635 44127 17031 7175 7208 45060 120711 20913 668 29343 769 13272 17246 5285
internal_value=-7.35182e-05 0.0189686 -0.0662669 0.00103359 0.0298941 -0.0862546 0.0349903 -0.0323755 0.00770023 0.00854917 0.000560592 -0.049414 0.0406994 -0.0082615 0.0200272 -0.00943647 -0.0240184 0.0276263 -0.023109 0.0138622 -0.0269402 0.020139 0.0451026 -0.0288937 0.0335332 0.00227653 0.0108139 0.0173841 -0.0580243 -0.0643639
internal_weight=175905 136607 39297.5 51714.8 84892.2 24718.2 69038.6 14579.3 15853.6 39781.1 23549.8 8364.94 49971 16730.6 19067.7 6214.41 11933.7 12592.2 6944.7 13798.5 3595.07 16231.3 37378.7 10627.9 7731.33 9785.9 11336.3 12269.8 6909.53 5394.02
internal_count=803700 641431 162269 236021 405410 100843 331033 61426 74377 183431 108668 34731 242237 76400 88796 26695 52590 59486 31014 65218 15182 74763 182751 46548 36731 45386 52065 58043 29016 22531
is_linear=0
shrinkage=0.05


Tree=6
num_leaves=31
num_cat=0
split_feature=17 14 17 24 14 21 17 5 22 5 14 14 5 17 24 14 17 5 14 23 23 22 10 14 15 9 12 24 23 22
split_gain=79235.1 10345.3 7837.3 3674.88 3175.07 2560.84 2446.47 1928.42 1890.94 1230.1 1139.84 1116.31 1020.2 948.638 766.257 741.798 701.081 678.977 667.727 675.991 601.764 486.955 450.136 447.392 434.348 423.639 420.584 377.22 374.459 373.167
threshold=168.56278228759768 230.50000000000003 187.091667175293 2.5000000000000004 212.50000000000003 -0.16231458499999998 161.37132263183597 12.500000000000002 -0.026206394649999996 4.5000000000000009 255.50000000000003 222.50000000000003 6.5000000000000009 157.66176605224612 2.5000000000000004 223.50000000000003 157.66176605224612 6.5000000000000009 247.50000000000003 0.61457589000000012 0.9502773550000001 0.30705543000000007 18.959673434495929 219.50000000000003 8.9701395034790057 63.500000000000007 4.4256965944272446 2.5000000000000004 2.0888086500000003 0.45226171500000006
decision_type=2 2 2 8 2 2 2 2 2 2 2 2 2 2 8 2 2 2 2 2 2 2 10 2 2 2 2 8 2 2
left_child=1 6 3 12 9 10 23 15 13 -4 25 -9 -2 -3 -11 17 26 -5 -7 -20 -12 -19 -22 -1 -8 28 -10 -15 -6 -13
right_child=2 8 4 7 5 18 24 11 16 14 20 29 -14 27 -16 -17 -18 21 19 -21 22 -23 -24 -25 -26 -27 -28 -29 -30 -31
leaf_value=-0.095113171046383532 -0.0020216426430601235 -0.062151965663578834 0.047208237035822061 0.019123709894617345 0.0090474612186627924 0.038711973383046952 -0.046451382175870505 -0.024419015552467525 -0.043186163379190873 0.01165661661203434 0.007715863907348049 -9.7274449385163661e-06 -0.029683508583499107 -0.050668810247152835 0.035672000826069986 0.026143507130962342 0.010614732437028587 -0.008714287730428337 -0.00061332726044566101 0.028389655102529943 -0.020514737677649487 0.01499792955923831 -0.067635448713509794 -0.07175852731570885 -0.069165698488877228 0.030014932035627134 -0.0034014696880789608 -0.017838474871048431 -0.042295682685661355 0.028480699245418229
leaf_weight=14752.122443526983 5739.74291048944 3560.6654300838709 21122.988316953182 11748.966795638204 9754.3611434549093 11124.651487708092 3794.2510908395052 4973.9769777059555 1396.6859287917614 4599.7942605465651 1475.3615433424711 4074.8966770023108 7949.3882445991039 1224.998835965991 11963.284928992391 13886.448576956987 3132.1068184524775 5357.2081628143787 2661.9685329943895 8189.789631947875 2128.2297501713037 3632.2539380639791 664.93967835605145 2401.5242038667202 4757.9749143123627 2540.0999526679516 1266.3539257496595 3063.0790018290281 367.56075999140739 1599.8560834676027
leaf_count=59118 25990 14459 105431 56035 45943 54267 15981 22002 5807 21257 6972 18410 34356 5062 58193 65461 13739 24566 12575 39317 9681 16969 2969 9680 19347 12354 5394 12903 1697 7447
internal_value=0.000184467 -0.0622765 0.0183163 0.00461362 0.0288646 0.0188447 -0.0809539 0.0114775 -0.0270839 0.0392083 0.00422958 -0.00712978 -0.0180861 -0.0430769 0.0290037 0.0172001 -0.00541989 0.0112106 0.0301035 0.0212757 -0.0181121 0.000867399 -0.0317524 -0.0918479 -0.059095 0.0117621 -0.0242757 -0.0272269 0.00717903 0.00802605
internal_weight=174906 39349.8 135556 58962.7 76593 38907 25705.9 45273.6 13643.9 37686.1 16930.6 10648.7 13689.1 7848.74 16563.1 34624.9 5795.15 20738.4 21976.4 10851.8 4268.53 8989.46 2793.17 17153.6 8552.23 12662 2663.04 4288.08 10121.9 5674.75
internal_count=803382 161490 641892 271236 370656 185775 104126 210890 57364 184881 79616 47859 60346 32424 79450 163031 24940 97570 106159 51892 19622 41535 12650 68798 35328 59994 11201 17965 47640 25857
is_linear=0
shrinkage=0.05


Tree=7
num_leaves=31
num_cat=0
split_feature=16 16 14 5 24 15 21 24 24 14 5 14 12 24 13 15 21 14 4 5 21 14 14 14 4 24 23 21 11 12
split_gain=70837.8 7740.96 4804.85 3067.16 2617.09 2123.43 2113.66 1495.47 1454.9 1290.93 1270.26 1238.39 954.026 823.374 723.778 701.187 672.59 642.009 610.732 602.899 583.568 512.193 467 465.054 448.374 403.87 361.53 445.096 424.876 363.246
threshold=0.48529411852359777 0.69117647409439098 220.50000000000003 6.5000000000000009 2.5000000000000004 10.599842071533205 -0.11925592499999998 3.5000000000000004 2.5000000000000004 250.50000000000003 13.500000000000002 203.50000000000003 5.1625386996904039 4.5000000000000009 -20.750840573005402 8.9701395034790057 -0.79875919499999992 254.50000000000003 368.24535631388432 14.500000000000002 0.7158442450000001 257.50000000000006 214.50000000000003 231.50000000000003 62.17720356583596 2.5000000000000004 0.61457589000000012 0.24118209000000004 51.28246849409706 4.6671826625387007
decision_type=2 2 2 2 8 2 2 8 8 2 2 2 2 10 2 2 2 2 2 2 2 2 2 2 2 8 2 2 2 2
left_child=2 4 5 8 19 -1 21 -4 9 -3 11 15 18 17 -10 24 -11 -8 -9 -2 -13 25 -12 -14 -6 -5 27 -19 29 -29
right_child=1 3 7 6 10 -7 13 12 14 16 22 20 23 -15 -16 -17 -18 26 -20 -21 -22 -23 -24 -25 -26 -27 -28 28 -30 -31
leaf_value=-0.048363228640600914 -0.016764179038655281 0.022772692500131933 -0.068701449183050572 -0.0046294953336287132 0.0096379139914149117 -0.086730641944697484 0.02489538048457338 -0.015012969287217157 0.042580642895905872 -0.067703332909738095 -0.031184578774909801 0.013049289934319683 -0.04084511228225543 0.040747669969979826 0.028601439237608623 -0.05856353411459491 0.0094148347540993788 0.0057413837243942261 -0.049975419111335795 -0.049941105470095809 0.03230977198801422 -0.021556539788532909 -0.0041921207079217799 0.0070983235480155437 -0.011465310010638266 0.011658290091883563 0.013228486863201182 0.0073824545741997261 -0.14169719763709362 -0.072366355438121074
leaf_weight=4559.5823521763086 9376.1738164871931 11990.70165528357 3201.5079434365034 7041.1722504943609 5675.8024698644876 17328.683245062828 10584.534059673548 1757.2749121040106 23969.406689271331 625.04094667732716 2076.8065919429064 13763.963422611356 665.3872744590044 5688.3987814486027 15105.092493996024 531.68971149623394 515.18498499691486 905.98252972960472 4327.56308580935 1603.084272429347 5506.6246544718742 2212.5587527900934 7005.3322661817074 2098.1879636496305 4520.9582545310259 8281.0065936595201 2585.2681463807821 296.16332705318928 101.50763203203678 274.42025743424892
leaf_count=19130 41400 57521 12942 31478 26889 69490 50248 7406 120883 2711 9109 65081 2724 27822 74887 2212 2311 4207 17627 6708 26376 9964 31189 8888 20738 39251 12111 1381 470 1262
internal_value=3.54637e-05 0.0157219 -0.0647815 0.0244744 -4.4615e-05 -0.0787408 0.0136615 -0.0394205 0.0323387 0.0179378 0.00601494 0.0109748 -0.0288196 0.0245883 0.0371775 -0.00264033 -0.0328815 0.0183531 -0.0398825 -0.0216125 0.0185544 0.000925862 -0.0103672 -0.00445564 0.000281128 0.00417357 0.00171872 -0.0171335 -0.0479317 -0.031032
internal_weight=174175 140237 33938.2 90176.4 50060.4 21888.3 37971 12049.9 52205.4 13130.9 39081.2 29999 8848.41 20436.3 39074.5 10728.5 1140.23 14747.9 6084.84 10979.3 19270.6 17534.7 9082.14 2763.58 10196.8 15322.2 4163.34 1578.07 672.091 570.584
internal_count=804416 666209 138207 436507 229702 88620 178194 49587 258313 62543 181594 141296 36645 97501 195770 49839 5022 69679 25033 48108 91457 80693 40298 11612 47627 70729 19431 7320 3113 2643
is_linear=0
shrinkage=0.05


Tree=8
num_leaves=31
num_cat=0
split_feature=19 19 16 5 22 21 21 22 22 5 16 3 16 21 21 5 12 12 11 10 21 22 21 0 5 21 16 22 17 22
split_gain=64869.3 8042.29 7205.4 2923.02 2325.9 1525.46 1357.04 1313.78 1296.87 948.974 819.682 797.737 663.411 567.795 542.886 496.588 493.659 485.749 700.963 454.443 405.074 388.632 375.933 385.271 368.187 344.265 343.825 326.263 321.252 309.311
threshold=0.22058823704719546 0.48529411852359777 0.27941177785396581 7.5000000000000009 0.04601305725000001 -0.19011549499999997 -0.21211291499999999 0.04601305725000001 -0.033103309549999994 2.5000000000000004 0.16176471114158633 46.22221630811692 0.54411765933036815 -0.21211291499999999 0.51909596000000013 12.500000000000002 4.0913312693498467 10.332817337461302 16.244831388937339 70.070860701799404 -1.5734585999999997 -0.17849789999999996 1.3891004000000002 1.4428498148918154 1.5000000000000002 -0.11925592499999998 0.48529411852359777 0.45747834000000004 162.51470947265628 0.48771763000000007
decision_type=2 2 2 2 2 2 2 2 2 2 2 2 2 2 2 2 2 2 2 8 2 2 2 2 2 2 2 2 2 2
left_child=2 4 10 5 6 9 11 12 13 17 -1 24 25 -5 29 -8 -15 -3 -19 20 -9 -12 23 -6 -2 -4 -22 -11 -14 -10
right_child=1 3 7 8 22 -7 15 19 14 27 21 -13 28 16 -16 -17 -18 18 -20 -21 26 -23 -24 -25 -26 -27 -28 -29 -30 -31
leaf_value=-0.082885267143652769 0.015449881479289291 0.041125010008399757 -0.061522057611489225 -0.005753339589443819 0.018543523627492071 0.040694305417037051 0.0083959972374799182 -0.059644247131805245 0.006872837119542544 0.015121119036694311 -0.072918315283511212 -0.03346529224783628 -0.048487638443010135 0.018389080771261525 0.037625970065481879 -0.013754387899482046 -0.011316558722625551 -0.041683168312561109 0.043904556545251334 -0.043300611183184949 -0.020860179824536154 -0.049338203553754297 0.040807706480779075 0.0024547684131746642 -0.014028945305679398 -0.041259935282575343 0.0029148213583178179 0.031570842758258541 -0.018501896646591055 0.027512393159689709
leaf_weight=13525.386953294277 1241.5990479588509 8634.7903076708317 4442.1606689691544 7863.1576355546713 9637.5216151922941 28634.816285029054 9637.1499818712473 420.79808813333511 3893.8352061510086 16059.480039834976 3722.5082410573959 6064.935532823205 1284.6573987156153 7238.3930657207966 5215.8296490907669 3430.0992207080126 1732.7586820274591 451.22226886451244 506.92879694700241 1439.6844945549965 3039.8833197802305 3315.960116699338 1250.7510190010071 6061.3969093114138 7181.5659406334162 3991.5706328004599 3041.3933495134115 3711.645579457283 2934.3629071414471 3400.9885943979025
leaf_count=54416 5851 43817 18065 35607 45757 146448 45047 1792 18476 77721 14937 26306 5279 34305 25940 15063 8145 2138 2558 5943 12746 13444 6022 28123 32027 16341 13512 18629 12681 16523
internal_value=5.55315e-05 0.0171616 -0.0547419 0.0259762 -0.000137956 0.0324824 -0.00910262 -0.0338345 0.0131164 0.0244733 -0.0756778 -0.0196399 -0.0438395 0.0040546 0.0253087 0.002581 0.0126509 0.0373775 0.00359728 -0.0178912 -0.0122593 -0.0618179 0.0144357 0.0123322 -0.00968236 -0.0519383 -0.0089712 0.0182107 -0.0276416 0.0164979
internal_weight=173007 131849 41158.4 87343.8 44505 57998.9 27555.3 20594.5 29345 29364.1 20563.9 14488.1 12652.8 16834.3 12510.7 13067.2 8971.15 9592.94 958.151 7941.76 6502.07 7038.47 16949.7 15698.9 8423.16 8433.73 6081.28 19771.1 4219.02 7294.82
internal_count=803659 634503 169156 430307 204196 291311 124294 86359 138996 144863 82797 64184 52366 78057 60939 60110 42450 48513 4696 33993 28050 28381 79902 73880 37878 34406 26258 96350 17960 34999
is_linear=0
shrinkage=0.05


Tree=9
num_leaves=31
num_cat=0
split_feature=17 14 19 14 24 21 19 24 24 14 17 17 19 14 21 24 3 25 19 14 9 24 14 3 21 14 21 3 11 23
split_gain=59170.2 8404.83 8325.52 3151.28 2619.91 2167.15 1864.9 1674.37 1617.63 1509.58 1249.33 1178.15 992.273 955.998 658.709 539.904 531.328 516.242 484.661 445.922 409.902 409.128 380.388 363.533 326.664 323.346 312.107 310.887 299.282 295.538
threshold=168.56278228759768 223.50000000000003 0.48529411852359777 250.50000000000003 2.5000000000000004 -0.79875919499999992 0.10294117778539659 2.5000000000000004 3.5000000000000004 226.50000000000003 157.66176605224612 184.67221832275393 0.60294118523597728 170.50000000000003 1.4441750000000002 2.5000000000000004 105.81939951330425 26.426528140902523 0.33823530375957495 177.50000000000003 36.500000000000007 4.5000000000000009 179.50000000000003 10.733306229114534 -0.11925592499999998 208.50000000000003 0.0095684877600000027 10.449098989367487 40.385965296750662 1.1368207000000001
decision_type=2 2 2 2 8 2 2 8 8 2 2 2 2 2 2 8 2 2 2 2 2 10 2 2 2 2 2 2 2 2
left_child=1 6 4 7 17 15 -1 13 16 11 28 18 19 -4 20 -5 -3 27 29 -9 -7 -21 -14 25 -11 -15 -24 -2 -10 -6
right_child=2 8 3 5 9 14 -8 12 10 24 -12 -13 22 23 -16 -17 -18 -19 -20 21 -22 -23 26 -25 -26 -27 -28 -29 -30 -31
leaf_value=-0.081315532305741775 0.0083350985168432253 -0.033420919757633748 0.040899973160566622 -0.058698967693012249 -0.026596453644444098 0.0059732920492825969 -0.049753983041808246 0.039220121075244668 -0.023504970284456497 0.0073325971593504726 -0.0018244763293790542 0.019149917547322152 0.051281850494411196 0.035355509129419593 0.045387617099157077 -0.014604101952313559 -0.069971167829442085 -0.037829441471530272 -0.0016572188409393887 0.018993523236847179 0.029079156795140556 0.035568235515415984 0.030371477987262138 0.0066504717610470637 0.023506402326785178 0.005507362181142627 0.043145482924198286 -0.019382175870978215 -0.04699209555523641 -0.0053319434519128409
leaf_weight=17011.591683849692 1214.5279385149479 1842.5738437920809 3378.062533468008 1241.1775516271591 4593.5173812806606 10337.031197935343 6465.7451825737953 6029.2342125326395 2996.6952448934317 4641.6425108462572 6570.5137786865234 4702.3901692330837 7052.7487596571445 2482.3081194907427 1490.9690994620323 1575.6727364957333 2167.4401360303164 3634.8575056046247 9178.9188005626202 13487.851353406906 2356.3742389827967 5145.3970402777195 8316.3500349968672 10756.547895818949 9541.4383231401443 1430.4092764407396 11296.395563513041 6041.5225681960583 2483.135494813323 2536.6966494172812
leaf_count=68786 5505 7503 17137 5326 20473 49860 26399 31420 12364 21785 28020 23014 37335 12218 7545 7440 8708 15573 42586 67116 11746 26269 42159 49988 45091 6801 58281 26021 10012 11497
internal_value=0.000118156 -0.0535592 0.0161402 0.0252963 -0.00102089 0.00600386 -0.0726259 0.030024 -0.0256845 0.00561089 -0.016528 -0.00289695 0.0346301 0.0169228 0.0139594 -0.0340474 -0.0531891 -0.0224504 -0.00925448 0.027399 0.0102646 0.0235721 0.0413167 0.0113989 0.0182142 0.0244478 0.0377308 -0.0147423 -0.0341546 -0.019033
internal_weight=172000 39537.7 132462 86376.5 46085.5 17001.2 23477.3 69375.3 16060.4 35194.6 12050.3 21011.5 51328 18047.3 14184.4 2816.85 4010.01 10890.9 16309.1 24662.5 12693.4 18633.2 26665.5 14669.3 14183.1 3912.72 19612.7 7256.05 5479.83 7130.21
internal_count=803978 161792 642186 430641 211545 81917 95185 348724 66607 164446 50396 97570 262580 86144 69151 12766 16211 47099 74556 124805 61606 93385 137775 69007 66876 19019 100440 31526 22376 31970
is_linear=0
shrinkage=0.05


Tree=10
num_leaves=31
num_cat=0
split_feature=17 14 5 21 18 17 14 21 4 21 17 5 21 21 5 14 14 11 11 21 5 4 14 21 11 2 18 14 21 5
split_gain=53323.4 7704.36 6255.23 2559.01 2334.86 1896.99 1725.93 1632.42 1230.26 955.277 949.399 826.644 810.46 746.284 712.908 635.845 524.607 431.951 430.743 534.702 406.923 406.52 429.933 388.927 369.001 362.233 340.768 339.784 329.941 321.736
threshold=168.56278228759768 229.50000000000003 7.5000000000000009 -0.12487920499999999 172.74019622802737 161.37132263183597 250.50000000000003 -0.79875919499999992 248.78074994683269 1.3326296000000002 186.11432647705081 3.5000000000000004 0.0095684877600000027 -0.071224827349999978 12.500000000000002 200.50000000000003 214.50000000000003 9.9283420878805639 40.385965296750662 -0.25585415999999994 13.500000000000002 59.462152533233173 215.50000000000003 -1.4169934999999998 98.898445862815393 15.171799436211588 182.85484313964847 218.50000000000003 0.76635733000000006 1.5000000000000002
decision_type=2 2 2 2 2 2 2 2 2 2 2 2 2 2 2 2 2 2 2 2 2 2 2 2 2 2 2 2 2 2
left_child=1 5 4 10 13 27 11 -8 23 14 15 -6 -13 29 17 24 -16 28 -10 -20 -17 -7 -23 -3 25 -4 -19 -1 -5 -2
right_child=2 8 3 9 6 21 7 -9 18 -11 -12 12 -14 -15 16 20 -18 26 19 -21 -22 22 -24 -25 -26 -27 -28 -29 -30 -31
leaf_value=-0.080224115067397822 0.019362813298828361 -0.05553207470139887 -0.016148891995083795 -0.065576511658153383 0.041151642732683978 -0.025523940211582385 -0.032871156786579453 0.021214854262084179 -0.021255901268056002 0.034178874048166503 0.0017860776999587787 0.020098420673669792 0.038422938845297398 0.021588487839205365 -0.020078990718696718 -0.0020370919675495175 0.0058185720975393066 0.012795150143361751 -0.067546585717871949 -0.030910969291818659 -0.023388910664569836 -0.060120954659995812 -0.030032925051271992 0.0040969835778831678 0.044841520677109233 -0.04566714479066733 0.031580741046392781 -0.059850142303599266 0.02754629031644126 -0.0012251997088272399
leaf_weight=14309.139155507088 2346.3297516405582 291.4649623632431 1613.1713096052408 286.32959561049938 21437.524979904294 1592.7897388041019 1826.2091674953699 5898.5816256701946 4978.6489849388599 4348.9976294487715 11398.489771366119 14467.215471550822 10356.6353995502 9155.7900989800692 2901.1453222930431 5877.6335930377245 5994.0426613539457 14010.345615625381 1455.0585897862911 3164.4474187642336 3596.2395041882992 5442.1533013731241 1522.6846756637096 4206.988794401288 147.92667186260223 2928.5667678564787 2916.6330899894238 2406.5007348954678 141.50053808093071 9904.5938261896372
leaf_count=58455 11365 1228 7128 1337 113625 6558 8237 29394 20578 21718 53036 72176 54710 45203 12855 26474 27861 67382 5880 12870 15581 22017 6197 17987 666 12633 14415 9721 703 46397
internal_value=7.66705e-05 -0.0509728 0.0153544 0.00272187 0.0247644 -0.0674914 0.0303051 0.00842584 -0.0213545 0.0124768 -0.00895529 0.0339583 0.0277447 0.0107903 0.00888012 -0.0175992 -0.00262917 0.014779 -0.0314659 -0.0424626 -0.0101438 -0.0483358 -0.0535482 0.000221999 -0.0326551 -0.0351885 0.0160337 -0.0772947 -0.0347847 0.00271913
internal_weight=170924 39369.9 131554 56161 75392.9 25273.3 53986.2 7724.79 14096.6 30599 25562 46261.4 24823.9 21406.7 26250 14163.5 8895.19 17354.8 9598.15 4619.51 9473.87 8557.63 6964.84 4498.45 4689.66 4541.74 16927 16715.6 427.83 12250.9
internal_count=804387 161491 642896 261789 381107 102948 278142 37631 58543 146271 115518 240511 126886 102965 124553 62482 40716 83837 39328 18750 42055 34772 28214 19215 20427 19761 81797 68176 2040 57762
is_linear=0
shrinkage=0.05


Tree=11
num_leaves=31
num_cat=0
split_feature=19 20 19 20 21 19 4 22 20 20 22 4 20 12 22 23 20 4 21 22 17 20 17 21 17 22 20 4 20 11
split_gain=48480.4 7212.01 6723.81 2772.79 2281.32 2083.55 1962.28 1917.88 1297.3 1111.73 1027.99 953.989 858.944 825.17 757.712 702.885 697.307 654.418 593.151 573.058 568.856 503.841 479.654 465.222 444.105 430.545 419.805 375.913 394.924 370.695
threshold=0.22058823704719546 67.646110534667983 0.48529411852359777 -0.44994354248046869 -0.11925592499999998 0.10294117778539659 327.57994794845587 -0.13172641999999998 74.936492919921889 -5.5233306884765616 -0.23260509499999996 89.925246637314572 62.476669311523445 4.3544891640866874 0.45747834000000004 0.61457589000000012 52.868820190429695 66.315099224448218 -1.5734585999999997 -0.13903441999999996 186.11432647705081 73.966629028320327 166.30882263183597 -0.14242072499999997 184.67221832275393 0.075349397950000022 82.68857574462892 58.833365548402078 50.476669311523445 16.244831388937339
decision_type=2 2 2 2 2 2 2 2 2 2 2 2 2 2 2 2 2 2 2 2 2 2 2 2 2 2 2 2 2 2
left_child=1 5 7 -4 8 -1 22 9 14 -2 26 -6 20 -12 17 21 24 29 -10 -17 -11 -13 25 -14 -9 -3 -8 -7 -29 -5
right_child=2 6 3 4 11 27 10 16 18 12 13 15 23 -15 -16 19 -18 -19 -20 -21 -22 -23 -24 -25 -26 -27 -28 28 -30 -31
leaf_value=-0.073875173517182438 0.018267941506408994 -0.020217342274009092 0.040905887134565125 -0.0043517054244711865 0.035264163750414891 -0.020902078978381332 -0.070977767588167651 -0.002975814360049294 -0.051785315664861865 -0.026963842893473214 -0.038784917051831624 0.015312876117779987 -0.014993311822427203 0.0017726291528070181 0.032830004034971924 0.012816699532331118 0.021536884329873295 0.0015383535254777584 -0.0059934730430742152 0.034624315257061 -0.0011846080276244376 -0.024845035560925523 0.021658600549305719 0.010009151815647583 0.019278972275377483 0.011838767047438511 -0.039925025406127065 -0.05589798920884087 -0.027305234147941556 0.022121205531099686
leaf_weight=17189.488758698106 3001.2700956314802 2852.6302851736546 17863.960667833686 1528.473855048418 18867.139565721154 1586.0348692536354 1866.2345447540283 8695.4433343857527 833.76194962859154 10776.407212540507 2698.2920889258385 1754.9183124154806 3275.8220080733299 2342.2970395535231 4352.3104021549225 5910.0768451094627 8556.6642570793629 11301.14749340713 4629.4144102483988 6147.2725823372602 2670.2376272529364 1405.9006690829992 1870.8337814509869 4303.5994551032782 3019.2712598145008 1654.0899220556021 2625.102094233036 4501.8501572310925 1654.5576309710741 9791.7373715043068
leaf_count=70990 14360 11738 96317 7517 100219 6675 7535 40062 3661 46913 10986 8633 14162 9768 22528 28960 41067 52914 21508 31672 12453 6617 8366 20069 15142 7167 10560 18368 6797 49603
internal_value=7.20146e-05 -0.0473895 0.0151354 0.0234162 0.0187189 -0.0641733 -0.0210851 -0.000639062 0.00922677 -0.0101948 -0.0354474 0.0277514 -0.0142583 -0.0199417 0.0137268 0.0184356 0.0106872 0.0100501 -0.0129902 0.023937 -0.0218451 -0.00255117 0.000382956 -0.000797452 0.00276114 -0.00845185 -0.0528409 -0.0426268 -0.0482193 0.0185467
internal_weight=169526 40841.4 128685 84386.1 66522.2 24931.9 15909.5 44298.7 32436.8 24027.3 9531.93 34085.3 21026.1 5040.59 26973.7 15218.2 20271.4 22621.4 5463.18 12057.3 13446.6 3160.82 6377.55 7579.42 11714.7 4506.72 4491.34 7742.44 6156.41 11320.2
internal_count=803327 168950 634377 430149 333832 102830 66120 204228 157731 107957 38849 176101 93597 20754 132562 75882 96271 110034 25169 60632 59366 15250 27271 34231 55204 18905 18095 31840 25165 57120
is_linear=0
shrinkage=0.05


Tree=12
num_leaves=31
num_cat=0
split_feature=19 14 19 20 22 19 5 18 21 21 20 14 22 22 21 5 14 13 5 21 22 18 21 21 14 9 5 19 5 20
split_gain=44818.5 7454.75 6050.92 2867.28 1930.7 1854.26 1787.3 1552.36 1383.63 1234.29 1091.4 1440.44 732.405 723.688 595.583 562.936 516.712 529.745 507.181 495.873 481.94 426.609 409.493 391.716 350.139 337.387 320.952 307.278 305.67 300.166
threshold=0.22058823704719546 229.50000000000003 0.51470589637756359 70.059715270996108 0.04601305725000001 0.10294117778539659 4.5000000000000009 158.11765289306643 -0.11925592499999998 -0.81418859999999993 -3.9687194824218746 233.50000000000003 -0.15288999499999997 0.021143936550000002 -1.2226113499999998 16.500000000000004 222.50000000000003 -22.73482267252939 11.500000000000002 1.5744800000000003 0.45747834000000004 182.41428375244143 0.64024144500000013 0.0095684877600000027 217.50000000000003 45.500000000000007 2.5000000000000004 0.33823530375957495 18.500000000000004 -9.5233306884765607
decision_type=2 2 2 2 2 2 2 2 2 2 2 2 2 2 2 2 2 2 2 2 2 2 2 2 2 2 2 2 2 2
left_child=1 5 4 6 10 24 29 13 20 -5 -2 18 28 -3 -13 -10 17 -6 22 25 21 -8 27 -18 -1 -11 -7 -12 -9 -4
right_child=2 7 3 9 16 26 8 12 15 19 11 14 -14 -15 -16 -17 23 -19 -20 -21 -22 -23 -24 -25 -26 -27 -28 -29 -30 -31
leaf_value=-0.073365444419459289 0.017371375663744495 -0.04504585859990265 0.045020231634922026 -0.026010961185444915 0.016293818288920466 -0.013223220520610571 0.002291719489654159 -0.0022943504147344366 0.032438918383500437 0.0046485608534092655 -0.03245933982307838 -0.040655640832508694 0.016938656800502085 -0.013854890890154008 0.0079093369820555925 -0.031826182282894688 0.0111376986487455 -0.006038721430008223 -0.032261906085282059 0.045378199628552322 0.030029164366475271 0.020265602622031587 0.0093422644081853322 0.033518201085146318 -0.05433017775343775 0.027985306759312434 -0.044895550910833221 -0.01222457763236252 -0.031422936909715954 0.033938270632662207
leaf_weight=15411.647980153561 4059.3668046742678 4640.9977346360683 9384.1974760890007 2755.4352975487709 6040.0358450263739 906.56454484164715 10828.054254963994 1982.2366081178188 16380.075842916965 10603.84236766398 2520.8502962589264 676.34050942957401 3326.3220944404602 3104.652815669775 9288.6171823441982 347.24332648515701 3593.3154356181622 4737.3399793356657 5254.7877344787121 957.86685344576836 2881.5241424739361 4748.4874264448881 1673.8042007982731 4291.2268934249878 2883.0885192453861 1812.8069792091846 6861.8562939018011 7338.2588234096766 1649.8776272982359 17606.449462145567
leaf_count=64545 19619 18705 52996 12308 28995 3822 51685 8382 86391 52073 10843 2855 14693 12834 42873 1613 17315 22247 22159 5092 15049 23275 7900 21368 11818 9352 28001 33359 6691 95535
internal_value=2.86557e-05 -0.0456178 0.0145921 0.0232405 0.000903429 -0.0616771 0.0281136 -0.0171503 0.0206878 0.00445549 -0.00678353 -0.0104492 -9.3824e-06 -0.0325471 0.00460939 0.031103 0.0135948 0.0064776 -0.0193876 0.0107337 0.011248 0.00777198 -0.0135193 0.0233212 -0.0703688 0.00805766 -0.0412016 -0.0174011 -0.0155309 0.0377928
internal_weight=168547 40767.2 127780 78306 49473.9 26063.2 62176 14704.1 35185.4 16130 30812 26752.7 6958.44 7745.65 9964.96 16727.3 18661.9 10777.4 16787.7 13374.5 18458.1 15576.5 11532.9 7884.54 18294.7 12416.6 7768.42 9859.11 3632.11 26990.6
internal_count=804393 169491 634902 405369 229533 108186 326544 61305 178013 78825 139608 119989 29766 31539 45728 88004 89925 51242 74261 66517 90009 74960 52102 38683 76363 61425 31823 44202 15073 148531
is_linear=0
shrinkage=0.05


Tree=13
num_leaves=31
num_cat=0
split_feature=17 14 5 22 25 17 14 17 22 14 24 24 4 24 25 14 11 12 24 13 25 14 5 4 24 14 11 12 16 5
split_gain=40154.9 6145.72 4982.9 2468.47 1769.98 1767.05 1335.26 1210.98 1197.79 1123.65 1107.37 810.551 755.805 721.025 460.212 453.313 444.436 430.409 430.253 425.975 403.602 412.113 390.974 380.843 378.135 375.528 368.106 372.908 367.017 350.06
threshold=168.56278228759768 228.50000000000003 6.5000000000000009 -0.13172641999999998 29.185482990741736 191.47000122070315 211.50000000000003 185.78959655761722 -0.013681760949999998 235.50000000000003 6.5000000000000009 2.5000000000000004 168.14085231348875 2.5000000000000004 26.426528140902523 257.50000000000006 43.720096607660828 2.2244582043343657 3.5000000000000004 -34.579891838479334 26.694967439770704 250.50000000000003 23.500000000000004 118.70017996430398 1.5000000000000002 250.50000000000003 44.293974340700153 4.0650154798761617 0.63235294818878185 12.500000000000002
decision_type=2 2 2 2 2 2 2 2 2 2 8 8 2 8 2 2 2 2 8 2 2 2 2 2 8 2 2 2 2 2
left_child=1 4 5 7 -1 11 -7 9 12 14 28 20 -3 25 29 -9 -15 22 -14 -13 21 -2 -10 -12 -11 -8 27 -17 -5 -4
right_child=2 8 3 10 -6 6 13 15 17 24 23 19 18 16 -16 26 -18 -19 -20 -21 -22 -23 -24 -25 -26 -27 -28 -29 -30 -31
leaf_value=-0.037599097622496934 0.010635521781587699 -0.00079057944860865643 -0.0089612711291586385 0.011905202285068715 -0.067972118587703384 0.03969943313283833 0.0084113469495296685 0.0079649427373753145 -0.0069931834367846909 -0.032936131360282388 0.014973924053508279 0.029920642618843453 -0.053374973859373266 0.017656421538106482 -0.038584042663356841 0.019971644844531511 0.039003493240525253 0.0053323985777691645 -0.027703197674368591 0.01486398017131711 -0.024800783973496499 -0.028747751013893982 -0.064405497247228341 0.0012777503340915645 0.0067808082656608528 -0.032056995208817475 -0.037671227533065697 -0.026000740084278356 0.033615520866488433 -0.030980078583618766
leaf_weight=6583.3902967423201 5516.0608484745026 1681.1758237630129 5042.6089683622122 2632.9897827804089 17717.128955066204 20164.017095983028 1979.4140719175339 14514.144471541047 847.49228994548321 668.48682896792889 9594.8325555771589 6902.6726216375828 2773.5573388934135 6838.0975747257471 3530.061658680439 1004.1645380854607 3791.447974845767 4755.9299516528845 3975.9466620981693 14715.36696216464 1290.4240769445896 754.20316749811172 455.37484295666218 10775.252522915602 5714.8220970928669 805.81160740554333 1033.5729082226753 785.0754409134388 7483.6527688205242 2811.5993933975697
leaf_count=26672 26511 7048 22401 12637 75014 113081 9819 69657 3626 2788 47486 36359 11221 36335 14994 4725 21032 20285 16105 75189 5746 3259 1842 50858 26302 3524 4701 3660 39148 11730
internal_value=0.000201098 -0.0443779 0.0136741 0.00403742 -0.0597455 0.0237458 0.0315668 -0.00500183 -0.0186023 -0.0141748 0.0144457 0.0147446 -0.0307882 0.0193404 -0.0235896 0.0043993 0.0252737 -0.00164376 -0.0382588 0.0196728 0.000653042 0.00589457 -0.0270938 0.00772942 0.00261698 -0.00330411 -0.0139306 -0.000203187 0.0279669 -0.0168464
internal_weight=167139 38790 128349 65591.3 24300.5 62757.5 33578.8 35104.5 14489.5 17767.6 30486.7 29178.7 8430.68 13414.8 11384.3 17337 10629.5 6058.8 6749.5 21618 7560.69 6270.26 1302.87 20370.1 6383.31 2785.23 2822.81 1789.24 10116.6 7854.21
internal_count=803755 161813 641942 311087 101686 330855 183791 160958 60127 78215 150129 147064 34374 70710 49125 82743 57367 25753 27326 111548 35516 29770 5468 98344 29090 13343 13086 8385 51785 34131
is_linear=0
shrinkage=0.05


Tree=14
num_leaves=31
num_cat=0
split_feature=16 19 14 20 24 24 19 20 14 14 19 16 5 5 24 5 12 25 5 24 11 11 12 5 22 19 24 22 24 22
split_gain=37050.2 7128.9 3200.99 2464.58 1845.39 1803.53 1693.72 1117.95 1042.3 1013.54 1124.07 962.937 704.129 695.812 688.456 636.286 614.548 552.206 500.815 491.59 412.774 412.03 410.74 358.818 341.358 312.058 305.908 293.522 309.8 282.598
threshold=0.48529411852359777 0.48529411852359777 217.50000000000003 -2.4217987060546871 2.5000000000000004 3.5000000000000004 0.13235294446349147 71.476669311523452 255.50000000000003 222.50000000000003 0.22058823704719546 0.1911764740943909 9.5000000000000018 13.500000000000002 3.5000000000000004 5.5000000000000009 4.314241486068112 25.014834511280064 20.500000000000004 7.5000000000000009 40.001929172009973 9.9283420878805639 4.1842105263157903 20.500000000000004 1.5679100000000001 0.60294118523597728 7.5000000000000009 -0.15288999499999997 7.5000000000000009 0.45226171500000006
decision_type=2 2 2 2 8 8 2 2 2 2 2 2 2 2 8 2 2 2 2 8 2 2 2 2 2 2 10 2 10 2
left_child=2 4 6 -3 17 8 -1 12 25 10 -6 -4 19 27 -13 -12 23 -2 -14 -7 22 -9 -10 -16 -17 -5 -23 -11 -29 -15
right_child=1 3 11 5 9 7 -8 21 20 13 15 14 18 29 16 24 -18 -19 -20 -21 -22 26 -24 -25 -26 -27 -28 28 -30 -31
leaf_value=-0.068586212224025403 -0.0098529200226192392 0.038795779100036093 -0.049084328726295777 0.001125499795342898 -0.034987396775491363 0.040756820948231548 -0.033845951691421544 -0.016591646853757712 0.024539940461430459 0.0082824298748379321 0.011385153541233744 -0.043889833085430506 0.014720234591541226 -0.0087270596285699588 -0.0036706174577152274 -0.010042807904315935 0.0063431210717833954 -0.031217703914672768 -0.083801030890626085 0.025938360439556454 -0.046563575732201913 0.014714141907170901 -0.029901309653086357 -0.034632856278351623 0.034436547982590097 0.015287595331321367 -0.01556559027283673 0.028055697266987964 -0.0020650132154123499 0.013778808920941557
leaf_weight=15015.341724097729 6444.8356927037239 15581.78312599659 3979.9609919339418 7724.4119640290737 2764.9200237840414 7912.3159749805927 4582.2414761036634 1367.9662600755692 594.39414419233799 4910.394164994359 6725.2519448399544 2213.6847510635853 7433.9291655868292 4803.4538834989071 1423.181106954813 10379.152098283172 2777.3538080304861 5700.038396731019 130.28595708310604 19166.185723736882 1245.811169937253 10869.599891155958 827.74241717159748 2732.4290252178907 449.09220258891582 7834.6893659383059 902.6364648938179 6418.3203984498978 984.45978435873985 1964.4319635778666
leaf_count=64891 27694 89273 16482 36997 11539 44727 18814 6744 2717 23131 33264 8978 37270 21127 5922 47475 11582 23991 581 104370 5530 54961 3637 11042 2126 38901 4187 31893 4736 9113
internal_value=-2.0273e-06 0.0117141 -0.0476671 0.02091 -0.00284271 0.0166875 -0.0604655 0.0217919 0.0033058 0.00241 -0.00536133 -0.0285563 0.026502 0.0106851 -0.0196196 -0.00069309 -0.0118649 -0.0198819 0.0130125 0.0302696 -0.0255627 0.009373 -0.00714587 -0.0240326 -0.00819505 0.00825726 0.0123913 0.0177634 0.0240504 -0.00219348
internal_weight=165860 133136 32724.2 81591.8 51544.4 66010 19597.6 47782.9 18227 39399.5 20318.4 13126.6 34642.7 19081.1 9146.65 17553.5 6932.96 12144.9 7564.22 27078.5 2667.95 13140.2 1422.14 4155.61 10828.2 15559.1 11772.2 12313.2 7402.78 6767.89
internal_count=803695 665984 137711 429895 236089 340622 83705 252840 87782 184404 94404 54006 186948 90000 37524 82865 28546 51685 37851 149097 11884 65892 6354 16964 49601 75898 59148 59760 36629 30240
is_linear=0
shrinkage=0.05


Tree=15
num_leaves=31
num_cat=0
split_feature=16 17 15 20 22 14 24 25 24 4 20 14 17 22 14 14 11 14 20 12 4 20 14 20 14 22 14 14 12 14
split_gain=33427.9 5410.37 3152.19 2450.17 1938.46 1491.97 969.859 935.798 756.624 717.948 625.205 609.711 588.506 579.031 568.482 497.138 480.322 452.739 449.624 408.706 405.899 393.818 450.393 391.98 387.939 383.504 350.737 366.26 337.376 329.52
threshold=0.48529411852359777 187.091667175293 21.682642936706547 30.333641052246097 -0.13172641999999998 196.50000000000003 2.5000000000000004 26.583925327658658 2.5000000000000004 121.16777024045588 73.476669311523452 251.50000000000003 169.92362213134768 -0.15288999499999997 217.50000000000003 221.50000000000003 38.133061216700106 236.50000000000003 -6.5469207763671866 3.1006191950464399 123.67467518523337 -7.7343139648437491 193.50000000000003 -3.4393386840820308 165.50000000000003 -1.1913062499999998 221.50000000000003 251.50000000000003 4.0650154798761617 197.50000000000003
decision_type=2 2 2 2 2 2 8 2 8 2 2 2 2 2 2 2 2 2 2 2 2 2 2 2 2 2 2 2 2 2
left_child=2 4 5 8 7 -1 11 9 16 21 -8 -5 24 -7 -4 20 -3 18 -9 -15 -14 -2 -23 -10 -6 29 -21 -28 -12 -18
right_child=1 3 14 6 12 13 10 17 23 -11 28 -13 15 19 -16 -17 25 -19 -20 26 -22 22 -24 -25 -26 -27 27 -29 -30 -31
leaf_value=-0.053632291668377921 0.023078564831761447 0.030764991809416761 -0.07007046128039536 0.0041156387538409415 -0.035926053300829722 -0.033738170582136129 0.021361351825590777 0.0032678302260883123 0.043527016371282055 -0.015439010588151057 0.014345160867586366 -0.029092401322598712 0.012393990738486765 -0.028780101306448286 -0.046831887722758682 0.021430277160074548 -0.027868834338902079 -0.006062060667956063 -0.033296632466380358 -0.022404072583584983 -0.0072981999731606632 -0.010288988023327063 0.0075995610283722901 0.030267317737821486 0.00094674788999215458 0.016932327693332482 0.021898679881662397 -0.016071317553105067 -0.0039930062944867435 0.028537771322912426
leaf_weight=5713.3637486249208 2241.1919280290604 4412.6293682157993 9933.2302140444517 5507.583239749074 863.628407523036 6462.6674947589636 19303.15973354876 988.13130551576614 9535.2756004929543 7032.4506550729275 5520.2056501209736 1844.2583128213882 9347.6540805995464 2507.2728112190962 3593.1413425952196 10724.332667559385 1058.7280595451593 3734.4671761095524 5629.8104930818081 1532.2740849554539 3633.2344935685396 5785.5584001690149 8977.1195613741875 13454.278089821339 4076.2242344915867 3442.076345667243 1678.2966838777065 1020.5063811540604 4595.1552152335644 341.7402385622263
leaf_count=23952 11514 23666 44439 26191 3608 26389 103989 4721 56989 30631 27839 7856 47259 10340 15013 53991 5426 16240 24013 6376 16649 26572 42083 75545 18061 17710 7010 4294 22892 1632
internal_value=4.05094e-06 0.0111762 -0.0454706 0.0208484 0.000585989 -0.0322874 0.0120257 -0.00741647 0.0309087 -0.00200318 0.016085 -0.00421764 0.010193 -0.0230461 -0.0639013 0.0134644 0.0188342 -0.0199837 -0.0278375 -0.012788 0.00688219 0.00355419 0.000588738 0.0357686 -0.00550565 0.00795842 -0.00330669 0.00754034 0.00601502 -0.014094
internal_weight=164490 132049 32440.8 69015.1 63033.8 18914.4 36770.4 34388.7 32244.7 24036.3 29418.5 7351.84 28645.1 13201 13526.4 23705.2 9255.17 10352.4 6617.94 6738.35 12980.9 17003.9 14762.7 22989.6 4939.85 4842.54 4231.08 2698.8 10115.4 1400.47
internal_count=802890 665077 137813 369735 295342 78361 188767 155774 180968 110800 154720 34047 139568 54409 59452 117899 48434 44974 28734 28020 63908 80169 68655 132534 21669 24768 17680 11304 50731 7058
is_linear=0
shrinkage=0.05


Tree=16
num_leaves=31
num_cat=0
split_feature=18 14 18 5 22 22 22 20 5 5 18 14 14 13 18 20 20 20 18 14 13 18 13 22 23 14 23 18 5 14
split_gain=30864.6 4867.85 4694.25 2538.25 1370.64 1113.12 1031.64 796.719 730.268 695.11 683.937 626.641 605.899 522.746 509.572 483.18 461.743 677.581 398.353 396.059 354.371 352.379 335.738 315.205 304.854 330.18 277.91 255.28 251.665 248.222
threshold=161.1470642089844 222.50000000000003 171.83396911621097 4.5000000000000009 0.04601305725000001 -0.033103309549999994 -0.17849789999999996 65.31754302978517 10.500000000000002 14.500000000000002 158.11765289306643 239.50000000000003 220.50000000000003 -15.112637258673967 156.92646789550784 40.889450073242195 63.940284729003913 -1.439338684082031 179.01704406738284 260.50000000000006 -31.29270957372275 184.98538208007815 -67.314322097140462 -1.2068874999999999 0.55684298000000021 261.50000000000006 0.99467701000000008 158.11765289306643 21.500000000000004 234.50000000000003
decision_type=2 2 2 2 2 2 2 2 2 2 2 2 2 2 2 2 2 2 2 2 2 2 2 2 2 2 2 2 2 2
left_child=1 10 4 7 9 8 11 18 19 16 -1 -3 13 -6 -8 -11 17 -2 -4 21 -7 -5 -19 -24 25 29 -9 -13 -15 -22
right_child=2 6 3 5 12 20 14 26 -10 15 -12 27 -14 28 -16 -17 -18 22 -20 -21 24 -23 23 -25 -26 -27 -28 -29 -30 -31
leaf_value=-0.066770247526614493 0.0097256591937789037 -0.05443162671295583 0.024937188787471726 0.0089691457669662765 0.010216134661608945 0.02766659273681208 -0.01985564250988614 0.024764783128649742 -0.0079462995211425479 -0.050238489929528313 -0.047713745269873008 -0.032989119740425961 0.020219169114321211 -0.0098483896630663249 0.0060936630075522948 -0.015415020771701064 0.0053630225091381 0.016067357493629853 0.037644456079433085 -0.0079403308998628706 -0.0060084085539168592 0.025133746642838579 -0.036396096291230938 -0.013538442515471597 0.01850171784000533 -0.029243701008579273 -0.0014007220348091643 -0.0095399009869005878 -0.058774439923013566 0.035422543560490689
leaf_weight=11140.421418130398 3612.4457107186317 2493.7155192792416 9760.8811128139496 16065.099919885397 6205.0452980846167 9415.455787062645 4065.6066187918186 1736.1888012737036 7555.7307557910681 1383.6014398485422 8181.9244000464678 2886.635256499052 7616.7916121184826 3316.3547611832619 3537.0175791531801 3555.7509473711252 7857.6111396402121 822.87065137922764 16798.395676910877 2723.1755244135857 848.60437248647213 4266.8183617293835 1771.4958674907684 10140.16388052702 9770.5117983967066 741.02239571511745 2440.218167334795 1942.4940183162689 284.54363566637039 628.52750799059868
leaf_count=50303 17556 10341 54902 80444 30158 51630 16693 9251 34961 5640 34735 11676 38285 15483 15170 15110 36639 3901 99549 12802 4418 22493 7661 45369 51392 3557 11925 7911 1176 3199
internal_value=6.78985e-05 -0.0421367 0.0112454 0.0183916 -0.00145369 0.0116597 -0.0206866 0.0297833 0.00554317 -0.00808609 -0.0587038 -0.0340795 0.00964052 0.00142231 -0.00778387 -0.0251779 -0.00459733 -0.00938507 0.0329755 0.00996416 0.0204066 0.0123625 -0.0148066 -0.0169406 0.0147031 -0.00202996 0.00947996 -0.0235607 -0.0137298 0.0116327
internal_weight=163565 34247.8 129317 82750.6 46566.7 52014.9 14925.5 30735.7 30610.8 29143.9 19322.3 7322.84 17422.7 9805.94 7602.62 4939.35 24204.6 16347 26559.3 23055.1 21404.1 20331.9 12734.5 11911.7 11988.7 2218.15 4176.41 4829.13 3600.9 1477.13
internal_count=804330 146829 657501 440523 216978 264896 61791 175627 150700 131876 85038 29928 85102 46817 31863 20750 111126 74487 154451 115739 114196 102937 56931 53030 62566 11174 21176 19587 16659 7617
is_linear=0
shrinkage=0.05


Tree=17
num_leaves=31
num_cat=0
split_feature=18 14 5 18 21 14 24 22 21 23 18 22 14 24 14 13 11 23 18 12 11 14 5 12 5 5 21 22 11 14
split_gain=28646.3 4466.24 4340.26 1971.27 1564.7 1238.31 1120.35 1091.59 884.409 840.206 717.969 648.384 630.708 623.781 529.693 433.213 432.445 433.493 422.923 401.746 389.217 377.236 349.341 337.047 330.341 315.704 304.218 303.57 367.381 313.444
threshold=161.1470642089844 221.50000000000003 8.5000000000000018 177.26871490478518 -0.16231458499999998 251.50000000000003 2.5000000000000004 0.021143936550000002 -0.79875919499999992 1.6251929000000003 158.47058868408206 -0.13172641999999998 207.50000000000003 2.5000000000000004 236.50000000000003 -42.614684594005062 9.9283420878805639 0.67403534000000009 178.30302429199222 2.2244582043343657 25.230167303280474 169.50000000000003 1.5000000000000002 4.3854489164086692 14.500000000000002 3.5000000000000004 -1.5327152499999999 0.45226171500000006 65.211102425164043 243.50000000000003
decision_type=2 2 2 2 2 2 8 2 2 2 2 2 2 8 2 2 2 2 2 2 2 2 2 2 2 2 2 2 2 2
left_child=1 10 3 6 11 13 22 14 -7 12 -1 24 18 21 -3 -8 17 -14 -6 -9 -13 -5 -2 -16 -4 -15 -21 28 -18 -30
right_child=2 7 4 5 9 8 15 19 -10 -11 -12 20 16 25 23 -17 27 -19 -20 26 -22 -23 -24 -25 -26 -27 -28 -29 29 -31
leaf_value=-0.064298569753837423 0.017365273376829946 -0.05107569311457414 -0.013728911054586613 0.038703735474086752 -0.018107710859242353 -0.028704918866113063 0.026118426394114144 -0.029550253049103099 0.015902090353737908 0.026761014967340169 -0.043865587508397579 0.019081752670019381 -0.084105978700882891 0.040413556960122797 -0.031443765398149602 0.011953839719677818 -0.00037977806915413044 0.014999676994484746 0.020940517753692153 -0.078423156675574729 -0.0062985698619769624 0.013430357211971146 -0.0074910656627408152 -0.0062582908206197871 -0.03285205606654739 0.028954385660189225 0.0038370409108896743 0.021349124937650264 0.0077589868672367918 0.037040511085818205
leaf_weight=12045.454302892089 1676.2353178262711 2532.72836355865 10186.737129807472 1853.6673893779516 4447.5229572802782 1453.7711355090141 7050.8609907329082 1271.1837675720453 4704.1345870643854 4508.8484256118536 6702.6708625257015 2016.3253243267536 250.99565015733242 10596.435956433415 4532.9796222299337 23036.83475664258 8797.2576923966408 195.81537456810474 820.60534937679768 114.05527241528034 6012.1752808541059 7252.7690793275833 8991.5994752049446 1879.7291672229767 2901.9413912594318 13932.391390532255 4860.5122430920601 3859.5794052779675 2663.8133565187454 1390.8375182300806
leaf_count=55526 8565 10606 44583 10952 20144 6452 38274 5284 24478 23140 28480 9632 1137 65606 18488 119786 42061 1007 4313 484 28501 37258 41125 7665 11956 80185 20514 19671 12802 6838
internal_value=0.000189286 -0.0406696 0.0109727 0.0180673 -0.000919954 0.0259832 0.0103379 -0.0205178 0.00536822 0.00706881 -0.0569963 -0.0111096 0.00310866 0.0297571 -0.0317163 0.015274 0.00775481 -0.0407363 -0.0120224 -0.00447633 7.71777e-05 0.0185786 -0.00358413 -0.0240634 -0.017971 0.0339062 0.00193562 0.00905366 0.00535982 0.0178099
internal_weight=162540 33939.3 128601 80548.7 48052.5 39793.2 40755.5 15191.2 6157.91 26935.3 18748.1 21117.2 22426.4 33635.3 8945.44 30087.7 17158.3 446.811 5268.13 6245.75 8028.5 9106.44 10667.8 6412.71 13088.7 24528.8 4974.57 16711.5 12851.9 4054.65
internal_count=805513 147047 658466 432681 225785 224931 207750 63041 30930 131113 84006 94672 107973 194001 36759 158060 83516 2144 24457 26282 38133 48210 49690 26153 56539 145791 20998 81372 61701 19640
is_linear=0
shrinkage=0.05


Tree=18
num_leaves=31
num_cat=0
split_feature=16 19 14 20 21 19 21 14 14 20 16 5 17 18 12 12 23 23 5 18 0 19 5 23 21 17 19 18 5 21
split_gain=26008.7 5400.38 2741.89 2046.62 1607.75 1587.76 1568.65 1001.19 902.518 786.792 756.114 534.13 511.642 506.498 502.792 483.234 460.302 456.441 430.444 428.21 419.01 378.653 374.488 336.823 299.175 286.954 283.475 283.415 283.23 280.237
threshold=0.48529411852359777 0.48529411852359777 217.50000000000003 -0.96871948242187489 -0.11925592499999998 0.10294117778539659 -0.21211291499999999 253.50000000000003 219.50000000000003 70.524711608886733 0.1911764740943909 16.500000000000004 172.66364288330081 176.26871490478518 4.3544891640866874 5.9272445820433441 0.61457589000000012 0.9502773550000001 11.500000000000002 184.98538208007815 0.35658088326454168 0.60294118523597728 20.500000000000004 1.6901442000000002 -0.23682564999999997 191.47000122070315 0.27941177785396581 178.38541412353518 5.5000000000000009 0.29393150000000007
decision_type=2 2 2 2 2 2 2 2 2 2 2 2 2 2 2 2 2 2 2 2 2 2 2 2 2 2 2 2 2 2
left_child=2 4 5 25 13 -1 7 15 12 11 -4 21 -6 20 22 19 28 -9 -10 -5 -2 -8 -12 27 -24 -3 -7 -14 -11 -30
right_child=1 3 10 6 8 26 9 17 18 16 14 -13 23 -15 -16 -17 -18 -19 -20 -21 -22 -23 24 -25 -26 -27 -28 -29 29 -31
leaf_value=-0.063098810787928269 -0.0072884279832923964 0.024458245286606478 -0.041694800893846772 0.0016269813533824323 -0.024469899259969251 -0.037400482957892063 0.020955957446597007 0.0070019317034063725 0.024809939042981014 0.020972788485869358 -0.0069660617371982139 -0.029301335871407458 -0.0058220114078255739 0.0037469947251659794 0.00010138443955225472 0.020952535895984219 0.016566940335880045 -0.024040199628875991 0.006767062051883559 0.022432751315167535 -0.021285858937002501 0.03380558949402189 -0.052962582264998503 0.027139692152435769 -0.023252643050521691 0.039193719966098134 -0.010720938636582633 0.01967411743554446 -0.0023274257356152238 -0.039892543749690326
leaf_weight=12541.131881728768 10296.527931839228 4808.7231909632683 3826.735486716032 13487.525738924742 2354.8600575178862 4688.0391560792923 10940.840707316995 1768.1198595315218 6321.1104687601328 684.18422488868237 2044.9112507402897 417.74636271595955 7089.6746301203966 4588.0230269283056 3376.6108652800322 7215.367948114872 7662.5760494619608 3582.3793080151081 6930.0217132866383 3027.3391380161047 11123.65025088191 12063.447190076113 1299.0146447122097 1132.3799662441015 2443.0633560419083 10608.171906158328 1265.3001398891211 1286.9616777300835 1369.60020840168 777.89640575647354
leaf_count=59329 45978 27947 16389 67172 10134 19322 61089 8727 31901 3688 8435 1929 33284 22229 14063 38982 40540 15911 31910 16075 48428 70544 5357 5557 9919 66434 5328 6877 6614 3686
internal_value=0.000120807 0.0100278 -0.0406383 0.018271 -0.00261583 -0.0530044 0.0142745 0.00575354 0.0064072 0.0215802 -0.0230299 0.0266777 -0.00360986 -0.0113289 -0.0152317 0.0101588 0.0102018 -0.0137827 0.0153752 0.00544201 -0.014558 0.0276955 -0.0241768 0.00155805 -0.0335775 0.0345994 -0.0317329 -0.00190298 -0.00702229 -0.015947
internal_weight=161022 129537 31484.8 78413.9 51123.2 18494.5 62997 29080.7 25115 33916.3 12990.3 23422 11863.9 26008.2 9163.6 23730.2 10494.3 5350.5 13251.1 16514.9 21420.2 23004.3 5786.99 9509.02 3742.08 15416.9 5953.34 8376.64 2831.68 2147.5
internal_count=803778 665636 138142 429338 236298 83979 334957 146867 119663 188090 54163 133562 55852 116635 37774 122229 54528 24638 63811 83247 94406 131633 23711 45718 15276 94381 24650 40161 13988 10300
is_linear=0
shrinkage=0.05


Tree=19
num_leaves=31
num_cat=0
split_feature=19 20 19 20 19 18 24 24 18 20 20 4 20 24 24 24 24 20 4 25 24 12 4 11 4 20 20 12 11 11
split_gain=23888.5 4467.59 3951.09 1811.39 1551.89 1408.17 1361.12 1053.78 902.303 641.864 568.976 540.962 514.929 509.231 505.189 480.846 465.097 450.601 412.922 370.048 338.233 336.504 321.54 317.135 295.522 278.864 260.693 257.898 244.571 242.796
threshold=0.22058823704719546 62.476669311523445 0.54411765933036815 68.123107910156264 0.073529412969946875 158.11765289306643 2.5000000000000004 2.5000000000000004 178.38541412353518 -1.0000000180025095e-35 53.358283996582038 60.16916764900089 -12.666358947753904 2.5000000000000004 2.5000000000000004 3.5000000000000004 3.5000000000000004 -12.666358947753904 43.960497617721565 24.868115207552915 3.5000000000000004 4.314241486068112 126.26765157282354 9.9283420878805639 49.63049931451679 75.866523742675795 89.358283996582045 5.1625386996904039 67.392728720886808 73.671558301492198
decision_type=2 2 2 2 2 2 8 8 2 2 2 2 2 8 8 8 10 2 2 2 10 2 2 2 2 2 2 2 2 2
left_child=1 4 6 7 -1 15 12 17 10 -9 11 -8 -2 -5 -7 -3 24 -4 -6 26 -13 -17 -12 -15 -11 -23 -14 -16 -26 -25
right_child=2 5 3 13 18 14 8 9 -10 16 22 20 19 23 27 21 -18 -19 -20 -21 -22 25 -24 29 28 -27 -28 -29 -30 -31
leaf_value=-0.062093067643743963 0.023280231399175882 -0.048805564193748617 0.03456889920303461 -0.01837015617849512 -0.011756149721635113 -0.025598040331697866 0.0077626179764721517 0.040344817674702764 0.021140759022563304 0.028593665282526361 0.016702512605312168 -0.014872278316925745 -0.0048567802684753173 -0.016414389735647194 -0.00027617858814039129 -0.031076874582417327 0.034320138531054804 0.0084608791990996128 -0.039513895469835324 -0.024156584642311144 0.001915566869377194 -0.0386533660889848 0.0023386732703395033 0.0085847942189425999 0.0096748688556022901 -0.0011313585382360701 -0.0409178932538736 0.021639319610845087 0.025655398021600676 0.036191574495501942
leaf_weight=11548.232957646251 982.90504109859467 2218.6293151080608 1938.114399895072 2130.5160633921623 1617.1893313378096 1524.2126284241676 7719.0373873859644 9106.0677476078272 8078.380268201232 6448.7390951663256 8207.2952406853437 8461.9672133624554 7418.5104265660048 1190.2760349065065 4358.6166933774948 4329.0063828974962 8710.7975451648235 11196.766936793923 7840.135559424758 5505.2132525146008 4647.8751757144928 629.00254799425602 7417.1148501038551 10237.422353476286 7124.4371520578861 2314.1278468370438 536.53120876848698 1938.8562393337488 3606.8049015253782 862.78975594043732
leaf_count=55992 5275 9434 12098 9141 6748 6270 39707 58841 44511 39319 41818 38420 32675 5928 18680 17871 51936 56246 33189 23423 22243 2706 35672 52855 38602 9552 2244 8541 19646 4637
internal_value=0.000128385 -0.0342942 0.0109821 0.0197359 -0.0497933 -0.015487 0.00169707 0.0243931 0.00602302 0.0289256 0.00267231 -0.00273793 -0.0116404 0.00419126 0.000221239 -0.0284314 0.0249079 0.0123156 -0.0347691 -0.0141919 -0.00892074 -0.0222097 0.00988439 0.00810338 0.0201338 -0.00916093 -0.00729377 0.0064735 0.0150479 0.0107337
internal_weight=159846 38318 121528 62552.7 21005.6 17312.5 58974.8 48131.7 44531.7 34996.8 36453.3 20828.9 14443.2 14421 7821.69 9490.77 25890.8 13134.9 9457.32 13460.3 13109.8 7272.14 15624.4 12290.5 17180 2943.13 7955.04 6297.47 10731.2 11100.2
internal_count=804220 168983 635237 349249 95929 73054 285988 276688 222371 208344 177860 100370 63617 72561 33491 39563 149503 68344 39937 58342 60663 30129 77490 63420 97567 12258 34919 27221 58248 57492
is_linear=0
shrinkage=0.05


Tree=20
num_leaves=31
num_cat=0
split_feature=18 19 14 14 4 14 21 19 19 22 21 21 22 21 4 14 12 22 18 22 21 11 11 21 18 22 22 23 14 12
split_gain=21659.8 4270.08 3940.99 1767.02 1381.21 1178.51 1136.95 942.977 907.273 879.143 798.466 646.779 549.19 503.069 495.533 489.767 447.555 445.794 436.795 434.364 383.03 378.722 396.494 339.913 329.963 323.32 320.479 299.18 388.127 285.176
threshold=161.1470642089844 0.48529411852359777 220.50000000000003 250.50000000000003 64.929087564349189 229.50000000000003 -0.79875919499999992 0.33823530375957495 0.044117647223174579 -0.15288999499999997 0.0095684877600000027 -1.5327152499999999 -0.15288999499999997 1.4441750000000002 32.716211497783668 238.50000000000003 5.4272445820433441 0.04601305725000001 185.39170837402347 1.0894472500000003 -0.004816729579999999 52.834792444292155 73.671558301492198 -0.44844999999999996 185.39170837402347 0.45747834000000004 0.11266563500000001 0.52511170500000015 263.50000000000006 0.47213622291021679
decision_type=2 2 2 2 2 2 2 2 2 2 2 2 2 2 2 2 2 2 2 2 2 2 2 2 2 2 2 2 2 2
left_child=2 5 8 4 18 7 26 -2 -1 15 24 -7 -13 21 -9 -4 20 -16 23 -18 -11 27 29 25 -6 -3 -5 28 -8 -23
right_child=1 3 9 6 10 11 13 14 -10 16 -12 12 -14 -15 17 -17 19 -19 -20 -21 -22 22 -24 -25 -26 -27 -28 -29 -30 -31
leaf_value=-0.061451041133477061 -0.018474983871371677 0.013532198856101962 -0.047820708531103394 -0.042516056199623925 0.0024284171757236461 -0.035736958028359744 0.014822952705187423 0.014988826667469779 -0.037983412505540784 -0.031125954782320876 0.022576138003300959 0.0019811451027146091 0.0203501679144261 0.038020137712674144 -0.011617194163799423 -0.020814614391405733 0.021604981416439444 0.0060968714245298403 0.037883771993215021 -0.028169038411529748 -0.0031827160179479781 0.048804287761210735 0.020513221198566352 0.029349206662767226 0.022409402757796432 0.036930927330046076 -0.0093881017372666672 0.014367501775059952 -0.026223964529834873 -0.031254811486460671
leaf_weight=10730.140362769365 12547.867599621415 8661.7884174436331 2508.9995722770691 1470.031974837184 13881.505052700639 788.89937396347523 1121.3871878832579 3931.6333620250225 6695.7621331959963 2048.3134841173887 11570.468587324023 8683.8197526037693 7656.2244150936604 1290.2820825576782 9414.1589747518301 5079.8500269204378 2060.8742680996656 5702.3086251616478 7927.7228059470654 555.7307850420475 3054.5466493964195 118.81313544511795 642.3696247190237 14555.151572003961 2426.5908893048763 1779.4539239853621 1450.7551331371069 7469.4408822506666 1181.9269191026688 1572.2975725233555
leaf_count=53597 53938 48339 10796 6120 69250 3470 5646 20125 29224 8551 65586 39589 39108 7446 41979 20760 8782 28067 50678 2372 12769 614 3363 90240 13160 11065 6736 38749 5765 7781
internal_value=5.4993e-05 0.00947953 -0.0361763 0.0168003 0.020721 -0.00210764 0.00219033 -0.00783303 -0.0524365 -0.0176646 0.0125308 0.00845321 0.0105888 0.00835335 -0.000822077 -0.0297484 -0.00578302 -0.00493505 0.0276555 0.0110269 -0.0144032 0.00518859 -0.0129057 0.0244102 0.00540271 0.0175231 -0.0260702 0.00950992 -0.00624218 -0.0256045
internal_weight=158579 125845 32734.2 77120 60802.7 48724.9 16317.3 31596 17425.9 15308.3 27878.6 17128.9 16340 13396.5 19048.1 7588.85 7719.47 15116.5 32924.1 2616.61 5102.86 12106.2 2333.48 24996.4 16308.1 10441.2 2920.79 9772.75 2303.31 1691.11
internal_count=803665 656814 146851 430538 348318 226276 82220 144109 82821 64030 147996 82167 78697 69364 90171 31556 32474 70046 200322 11154 21320 61918 11758 149644 82410 59404 12856 50160 11411 8395
is_linear=0
shrinkage=0.05


Tree=21
num_leaves=31
num_cat=0
split_feature=16 19 5 14 20 22 14 22 17 19 19 5 16 11 14 22 20 22 18 19 18 14 4 20 22 9 14 11 25 14
split_gain=20458 4874.14 2192.2 2001.66 1166.58 1148 962.791 748.251 716.696 635.572 585.741 581.308 534.407 500.498 411.458 397.131 455.715 391.121 374.041 359.599 310.126 300.668 294.182 272.292 291.204 256.349 245.775 218.461 218.15 209.648
threshold=0.42647059261798864 0.39705882966518408 6.5000000000000009 215.50000000000003 54.864372253417976 0.47169341500000006 247.50000000000003 -0.15288999499999997 159.91176605224612 0.10294117778539659 0.60294118523597728 14.500000000000002 0.1911764740943909 9.5080668581966847 259.50000000000006 0.36488128000000003 -0.44994354248046869 0.16082139000000004 157.70588684082034 0.57352942228317272 180.2159118652344 235.50000000000003 170.40276078879836 -8.318016052246092 -0.33686999999999995 45.500000000000007 203.50000000000003 9.9283420878805639 26.345863518118861 268.50000000000006
decision_type=2 2 2 2 2 2 2 2 2 2 2 2 2 2 2 2 2 2 2 2 2 2 2 2 2 2 2 2 2 2
left_child=3 4 6 8 9 11 10 22 -1 -2 20 14 -5 29 19 16 -11 -14 -9 21 -3 -4 -6 -12 -25 -15 -18 -20 -13 -8
right_child=1 2 5 12 7 -7 13 18 -10 15 23 28 17 25 -16 -17 26 -19 27 -21 -22 -23 -24 24 -26 -27 -28 -29 -30 -31
leaf_value=-0.062272228618532689 -0.045131922481425404 0.014528155030788718 -0.0042904368881746093 -0.039043275623085329 6.7103758308155402e-05 0.021936396923631116 -0.02799253997827135 -0.012615628857843628 -0.039809713404068581 -0.0011103820610475692 0.040343718376457754 -0.010646720475883446 -0.024746021115793097 0.0047328569636430687 -0.0086357840742750398 -0.00026325342481942255 -0.027149545839844469 0.0001709946835883618 -0.009507271724423819 0.012606601594245485 0.027172510152455937 0.011938059316376001 -0.017975681047419378 0.018934914169850815 0.033444272515549163 0.025325567249768206 -0.010263532720063556 0.019308234053471429 -0.040539739210796677 0.021265726875958908
leaf_weight=8473.217321023345 1627.963045284152 14038.623114079237 8985.1411804705858 4117.8212543427944 5192.638027086854 9077.4898880720139 1287.8687717020512 1273.9303129911423 6127.8554529100657 3431.9073217660189 5463.217890933156 2620.5667679607868 4686.824098110199 4403.238947302103 5271.6700393557549 4853.9978763610125 7265.4345121085644 2371.7038606703281 725.08603619039059 12914.059051319957 7412.4205428510904 4181.5444368571043 3998.0326870679855 6085.7612113654613 8025.3717754483223 2300.5321437567472 3065.8000252693892 7025.4506742805243 795.11065059900284 258.731918618083
leaf_count=44133 7205 78397 42835 18399 23051 50193 6185 5276 27174 15828 37252 11979 19370 22663 25342 22428 30751 9830 3556 66832 46013 20720 16745 35456 51225 12472 13303 34239 3534 1306
internal_value=7.25567e-05 0.00805217 0.0142366 -0.0406583 -0.00692178 0.00610361 0.0214731 0.00225868 -0.0528484 -0.0151814 0.0246072 0.00196937 -0.0247296 0.00588713 0.00410349 -0.0125601 -0.0168967 -0.0163749 0.0124848 0.00667869 0.0188985 0.000864008 -0.00778279 0.030862 0.0271886 0.0118024 -0.0221401 0.0166116 -0.0176151 -0.0197437
internal_weight=157359 131582 93121.3 25777.4 38460.2 43845.6 49275.8 18215.1 14601.1 20245.1 41025.4 34768.1 11176.3 8250.37 31352.4 18617.1 13763.1 7058.53 9024.47 26080.7 21451 13166.7 9190.67 19574.4 14111.1 6703.77 10331.2 7750.54 3415.68 1546.6
internal_count=803692 684786 512404 118906 172382 221435 290969 82867 71307 89515 248343 171242 47599 42626 155729 82310 59882 29200 43071 130387 124410 63555 39796 123933 86681 35135 44054 37795 15513 7491
is_linear=0
shrinkage=0.05


Tree=22
num_leaves=31
num_cat=0
split_feature=16 18 5 16 22 21 20 21 12 23 5 12 3 20 20 21 18 22 21 20 18 11 20 16 22 22 20 21 18 12
split_gain=18361.6 3883.16 1912.67 1727.9 1242.43 1228.27 948.578 642.248 639.73 594.931 465.705 464.146 446.673 440.791 412.347 462.391 343.848 337.906 333.021 404.124 330.384 328.093 315.887 334.922 314.135 285.754 283.849 275.312 271.817 271.329
threshold=0.42647059261798864 171.83396911621097 4.5000000000000009 0.16176471114158633 0.04601305725000001 -0.21211291499999999 47.609481811523445 -0.21211291499999999 11.018575851393191 1.6251929000000003 9.5000000000000018 4.3544891640866874 38.881517410278327 22.095260620117191 63.469665527343757 -0.79875919499999992 185.32742309570315 -0.15288999499999997 0.51909596000000013 45.671569824218757 179.01704406738284 20.325362273898474 46.646110534667976 0.66176471114158641 0.42497292500000006 1.2711852500000003 58.656867980957038 1.4200350000000002 158.47058868408206 4.0650154798761617
decision_type=2 2 2 2 2 2 2 2 2 2 2 2 2 2 2 2 2 2 2 2 2 2 2 2 2 2 2 2 2 2
left_child=3 4 8 26 7 16 -5 12 14 10 21 27 -2 -10 20 -16 -4 -13 28 25 -3 -7 23 -9 29 -20 -1 -8 -6 -12
right_child=1 2 5 6 18 9 11 22 13 -11 24 17 -14 -15 15 -17 -18 -19 19 -21 -22 -23 -24 -25 -26 -27 -28 -29 -30 -31
leaf_value=-0.059719134920564382 -0.0075174895298383768 0.021446470542665682 -0.0027148933079630313 -0.042987261220754358 -0.023266727726222756 -0.0059159419506260458 -0.029718903363942374 -0.019466361880961999 0.030759231353122269 0.032662055084546643 0.0033341566405942339 -0.022357451830994336 -0.023542875743889677 -0.032173848203590275 -0.01763831065064916 0.021871189316096013 0.013606291404977209 0.010607140123231763 -0.0062100902410647607 0.025670412892205709 0.033779333590120218 0.020677144910862498 0.0047871747256371874 0.0027422500889429805 0.020078304386643889 0.042864856668789718 -0.041809744573745394 0.0098192808226458123 0.0043631474832631452 -0.021781754545460802
leaf_weight=7406.6319350302219 8739.52807931602 8717.919994071126 18687.663340196013 6114.5100662857294 960.51534123718739 1274.5820494741201 4964.695842564106 3798.5805412828922 425.56779769062996 4412.9125235080719 5383.5118155181408 1280.0352413207293 8655.5312524884939 799.37295398116112 1009.3275443613529 2773.3491558432579 3899.552868694067 1976.3636385053396 2208.4064876288176 4148.6599872559309 14435.925977617502 12839.652194261551 8735.1897879987955 3068.2886083573103 2200.3164458274841 341.62892633676529 3172.3306424170732 482.64862976968288 11991.835874542594 1342.6637819260359
leaf_count=39757 39243 52677 91529 28093 4129 6817 20754 16647 2561 25771 27051 5344 36636 4100 4594 15414 20647 8295 10829 21253 95837 74345 40641 15335 12030 1733 14657 1969 58670 6376
internal_value=-1.27175e-05 0.00753868 0.014606 -0.0389175 -0.00295897 0.00873964 -0.0278949 -0.00888633 0.0250293 0.0158448 0.0126226 -0.0172886 -0.0154924 -0.0103024 0.0266364 0.011327 0.000103343 -0.00235357 0.00699392 0.016044 0.0291369 0.0182754 -0.00152057 -0.00954405 0.00368347 0.000378719 -0.0543531 -0.0262146 0.00231254 -0.00168192
internal_weight=156248 130850 78202.3 25397.2 52648.2 50040.9 14818.3 32997.1 28161.5 27453.6 23040.7 8703.74 17395.1 1224.94 26936.5 3782.68 22587.2 3256.4 19651 6698.7 23153.8 14114.2 15602.1 6866.87 8926.49 2550.04 10579 5447.34 12952.4 6726.18
internal_count=803734 684865 439749 118869 245116 264566 64455 148502 175183 152390 126619 36362 75879 6661 168522 20008 112176 13639 96614 33815 148514 81162 72623 31982 45457 12562 54414 22723 62799 33427
is_linear=0
shrinkage=0.05


Tree=23
num_leaves=31
num_cat=0
split_feature=17 19 14 14 24 4 4 24 14 24 17 4 14 19 24 17 24 14 11 18 18 14 18 4 14 11 9 9 11 4
split_gain=16830.3 3687.47 3289.09 1459.6 1136.99 863.052 858.242 738.83 670.4 586.57 582.209 481.928 438.605 651.106 438.202 380.53 371.837 316.246 296.749 284.347 271.831 256.348 255.589 239.307 237.133 226.033 222.099 231.727 220.427 216.041
threshold=163.60294342041018 0.54411765933036815 221.50000000000003 251.50000000000003 2.5000000000000004 127.62172758951785 64.929087564349189 3.5000000000000004 232.50000000000003 1.5000000000000002 159.91176605224612 12.400000035762789 222.50000000000003 0.39705882966518408 3.5000000000000004 157.66176605224612 2.5000000000000004 175.50000000000003 66.618944849196154 176.26871490478518 178.30302429199222 208.50000000000003 178.38541412353518 205.23339615762237 198.50000000000003 9.5080668581966847 43.500000000000007 17.500000000000004 98.898445862815393 603.35147772729408
decision_type=2 2 2 2 8 2 2 8 2 8 2 2 2 2 10 2 8 2 2 2 2 2 2 2 2 2 2 2 2 2
left_child=2 4 10 6 11 12 16 23 20 -5 -1 -2 13 -6 17 -9 21 -8 -19 24 29 -3 -15 -4 -13 -14 27 -11 -25 -7
right_child=1 3 7 9 5 8 14 15 -10 26 -12 19 25 22 -16 -17 -18 18 -20 -21 -22 -23 -24 28 -26 -27 -28 -29 -30 -31
leaf_value=-0.058116354511049795 0.018000172168715748 0.023502052790147405 -0.0069961916298161356 -0.041283254577576103 -0.0053237434193176445 -0.014948230035476099 0.031413136425295328 -0.019185229118021133 0.0054202696963904463 0.0060706895499222768 -0.037371284344900023 -0.025477460921280889 -0.0069883627472538141 0.0076332690180314399 0.025854498988675902 1.3469980563978921e-05 0.030657546816731596 0.0025171295136458636 0.018129964155219849 -0.0012305589590464929 0.014517420304889898 0.0027787004795950575 0.024729264314759837 -0.045649463174097842 -0.011231398392497469 0.018359267697821108 0.020125515077412923 -0.011192963985121547 0.059356160740536193 -0.069936496668904419
leaf_weight=9679.9643524736166 1264.4482094794512 4910.0643748492002 531.71612894535065 745.52999539673328 9625.5639643669128 9218.3638625890017 1476.1913761943579 5616.3316695541143 8414.5936723798513 7206.9560164809227 5211.3366501331329 5404.0050817728043 958.02010135352612 7422.7838451117277 5375.8042549937963 4774.8905612081289 18939.693218111992 10288.927068844438 4321.0851204097271 3332.3806724101305 789.45141205191612 2144.0666737258434 3098.8661262691021 2665.4020442962646 6362.6131380349398 10666.739374741912 1888.8970600068569 2660.5650988519192 50.112487733364105 181.24019725620747
leaf_count=52463 6459 29455 2150 3022 44069 40288 8713 23307 41102 36790 24250 22956 4908 39683 32574 20081 126355 53212 23173 15632 4053 11176 19159 11635 26470 56031 10155 13666 231 757
internal_value=8.14256e-05 0.00789415 -0.0346129 0.0168935 -0.000190955 0.00352857 0.0208976 -0.0168715 -0.00502392 0.00169419 -0.0508594 -0.0116412 0.00853636 0.0040736 0.0134966 -0.010364 0.0270075 0.00936543 0.00713574 -0.0141245 -0.0136489 0.0172046 0.0126703 -0.037686 -0.0177757 0.0162699 0.00442288 0.00141525 -0.0436905 -0.0160158
internal_weight=155227 126697 28529.8 59957.8 66739.1 50375.6 47455.8 13638.5 18603.6 12501.9 14891.3 16363.4 31772 20147.2 21462 10391.2 25993.8 16086.2 14610 15099 10189.1 7054.13 10521.6 3247.23 11766.6 11624.8 11756.4 9867.52 2715.51 9399.6
internal_count=803975 669858 134117 348291 321567 250050 284658 57404 86200 63633 76713 71517 163850 102911 117672 43388 166986 85098 76385 65058 45098 40631 58842 14016 49426 60939 60611 50456 11866 41045
is_linear=0
shrinkage=0.05


Tree=24
num_leaves=31
num_cat=0
split_feature=15 19 14 20 21 22 4 14 22 14 21 23 17 22 14 20 12 14 19 14 21 21 23 21 4 24 21 4 4 23
split_gain=15443.5 4026.52 2106.97 1843.1 1624.21 922.751 721.892 578.35 605.772 556.796 563.522 544.658 529.816 521.013 499.121 480.341 461.804 511.363 457.879 451.84 438.359 333.148 341.325 323.337 302.035 282.701 268.824 264.141 254.428 250.444
threshold=9.7743926048278826 0.42647059261798864 216.50000000000003 -5.5233306884765616 -0.11925592499999998 0.04601305725000001 90.843411613255753 252.50000000000003 0.36488128000000003 235.50000000000003 -1.4169934999999998 0.61457589000000012 159.91176605224612 -0.13903441999999996 260.50000000000006 -4.4447250366210929 4.2554179566563475 233.50000000000003 0.57352942228317272 221.50000000000003 -0.79875919499999992 -0.59581735499999999 0.54848385000000011 0.33863845500000006 403.3225564807654 6.5000000000000009 -0.23682564999999997 248.78074994683269 154.63015320524576 0.47509000000000007
decision_type=2 2 2 2 2 2 2 2 2 2 2 2 2 2 2 2 2 2 2 2 2 2 2 2 2 10 2 2 2 2
left_child=1 5 12 -3 7 9 -6 8 18 15 -11 14 -2 -13 -8 -1 24 25 -5 -7 -9 -21 -23 29 -4 -18 -26 -17 -12 -16
right_child=2 3 16 4 6 19 11 20 -10 10 28 13 -14 -15 23 27 17 -19 -20 21 -22 22 -24 -25 26 -27 -28 -29 -30 -31
leaf_value=0.0027734134438767693 -0.058482606772641305 0.030473322929776999 -0.0092090509167663051 -0.0050804581762133585 0.024140370901211634 -0.0042239993955956014 0.005305767685318135 -0.024395018234784922 0.020844007431467988 -0.049895319319831037 0.0094013638049658954 0.0047866893686546565 -0.037374767488345138 0.024639774484980666 -0.026505417768069823 -0.017401371453636103 -0.035440294155679036 0.0077759860337744471 0.0084154734751107248 -0.0049309908734485675 0.0011440125559762249 -0.0056619673785714315 0.024385168106465259 -0.066769470180586904 -0.050561850350782839 0.033496199391929049 -0.026052139899513556 -0.037421298857576966 -0.007182187954661726 0.0534152802997266
leaf_weight=2760.5581926256418 8267.0254659354687 12925.62685996294 1478.813739746809 11331.033763319254 19384.632536992431 8387.0540660023689 2533.9060876965523 3087.7953477054834 5398.3664106726646 567.06344932317734 4797.8325969576836 6599.4195490181446 4655.1367555856705 6619.6350915431976 556.31586246192455 13096.011210903525 1486.053167283535 2341.1559762656689 14109.321057409048 2059.7367698699236 3684.184527784586 1179.4771754294634 4749.6734379529953 461.49892930686474 1768.4663024842739 164.45793008804321 3056.3165358155966 1884.9889178276062 4463.7069884091616 117.98014967143536
leaf_count=13123 46838 86774 6252 54892 119925 38614 13086 13498 31845 2310 22171 34239 21970 38271 2636 55897 6752 9825 75965 9790 17903 5693 23842 2091 8007 694 13149 7744 19176 572
internal_value=0.000139996 0.00681269 -0.0374379 0.0130555 0.0100079 -0.00551909 0.0175566 0.0027274 0.00563292 -0.0111028 -0.00155596 0.00999881 -0.0508821 0.0147295 -0.00704163 -0.0163913 -0.02056 -0.00725 0.00240448 0.00388165 -0.0105028 0.0123907 0.018408 -0.0345685 -0.028986 -0.0285553 -0.0350445 -0.0199227 0.00140882 -0.0124635
internal_weight=153973 130756 23217.4 86809.7 73884.1 43946.1 36273.4 37610.7 30838.7 27570.2 9828.6 16888.8 12922.2 13219.1 3669.7 17741.6 10295.3 3991.67 25440.4 16375.9 6771.98 7988.89 5929.15 1135.79 6303.6 1650.51 4824.78 14981 9261.54 674.296
internal_count=803544 690057 113487 491697 404923 198360 210820 194103 162702 120421 43657 90895 68808 72510 18385 76764 44679 17271 130857 77939 31401 39325 29535 5299 27408 7446 21156 63641 41347 3208
is_linear=0
shrinkage=0.05


Tree=25
num_leaves=31
num_cat=0
split_feature=17 14 4 18 18 14 17 12 4 18 14 17 11 14 14 12 6 12 11 11 14 14 11 11 25 17 14 11 11 25
split_gain=14527.9 3030.26 2635.3 1128.43 859.491 607.788 565.799 494.015 475.767 447.88 447.271 441.924 366.568 336.939 328 357.145 321.467 311.076 293.527 291.272 285.256 410.058 259.172 253.529 248.163 238.305 235.49 234.481 225.598 223.592
threshold=163.60294342041018 221.50000000000003 90.843411613255753 182.33635711669925 178.38541412353518 229.50000000000003 159.91176605224612 4.314241486068112 368.24535631388432 171.83396911621097 210.50000000000003 185.78959655761722 91.238301613520932 204.50000000000003 211.50000000000003 11.018575851393191 2.5000000000000004 10.439628482972138 77.785250096994204 75.951033719080073 233.50000000000003 253.50000000000003 50.9687315441968 30.010807182985843 20.865936291217807 182.57035064697268 208.50000000000003 9.5080668581966847 53.79989594552125 25.708698236197236
decision_type=2 2 2 2 2 2 2 2 2 2 2 2 2 2 2 2 2 2 2 2 2 2 2 2 2 2 2 2 2 2
left_child=1 6 3 9 5 11 -1 8 -3 13 -5 12 16 25 24 28 26 -12 -7 -6 22 23 -9 -22 -11 -2 -4 -15 -16 -29
right_child=2 7 4 10 19 18 -8 20 -10 14 17 -13 -14 27 15 -17 -18 -19 -20 -21 21 -23 -24 -25 -26 -27 -28 29 -30 -31
leaf_value=-0.056210838764865767 -0.0053770114151076472 -0.0069401004201693362 -0.027297717947650704 0.031569469496641571 0.0063374741433288549 0.00036177381970540698 -0.035379205064685719 -0.03898157486285117 -0.031900190628081769 0.007947226636186383 0.018250192540441353 0.0028290459624795809 0.0036659505890620525 -0.01459189491502887 0.0059923839746863078 -0.029989573922898329 -0.0054679123953169234 -0.023800528817165319 0.02377518534712867 0.025091006129377615 0.0094298856703511295 -0.012081839654188221 0.022510079849243421 0.05259974617427543 0.022017767119229984 0.0096012724088612583 -0.011886228870390104 0.017652336027525108 0.021856833602583607 -0.0046035905867812081
leaf_weight=9166.2457903623581 8777.523823261261 2933.5538868606091 6626.4017889648676 9885.164065092802 11890.826813951135 16518.898518964648 5070.1786074191332 845.76882177591324 5469.8442261964083 4171.0151704028249 8160.9951294064522 5152.5197649002075 2559.078020170331 774.71651072800159 9459.3532749265432 591.38650885224342 4413.3830433040857 464.01345679163933 1455.6688301116228 2506.3613247871399 1410.8279167413712 2189.3979137092829 214.12106283009052 447.39296206831932 12618.129269167781 3806.2064454853535 3963.6150335967541 7132.7130377292633 2936.1417312026024 1340.151723921299
leaf_count=52735 40039 12172 28289 67676 62617 79912 24187 3688 23473 23694 48558 26988 11374 3730 52098 2951 19563 2428 7359 14267 5945 9231 904 1863 79794 20802 17228 36501 17300 6483
internal_value=3.42785e-05 -0.0326986 0.00728862 0.0137182 -0.000895383 -0.00461043 -0.0487948 -0.0157356 -0.0231887 0.00991908 0.0243092 -0.0100462 -0.0138235 0.00447892 0.0139074 0.00793981 -0.0168067 0.0159854 0.00225912 0.00960373 -0.00347093 0.00257735 -0.0265494 0.0198463 0.0185228 -0.00084612 -0.0215312 0.0117243 0.00975168 0.014132
internal_weight=152952 27747.3 125204 70117.5 55086.8 40689.6 14236.4 13510.9 8403.4 51607.3 18510.2 22715 17562.5 21831.3 29776 12986.9 15003.4 8625.01 17974.6 14397.2 5107.51 4047.62 1059.89 1858.22 16789.1 12583.7 10590 9247.58 12395.5 8472.86
internal_count=803849 134198 669651 402054 267597 190713 76922 57276 35645 283392 118662 103442 76454 107555 175837 72349 65080 50986 87271 76884 21631 17039 4592 7808 103488 60841 45517 46714 69398 42984
is_linear=0
shrinkage=0.05


Tree=26
num_leaves=31
num_cat=0
split_feature=16 19 15 21 21 19 5 23 5 5 16 11 5 12 5 12 5 21 11 11 23 11 12 12 13 15 11 21 12 21
split_gain=13422.1 3299.89 1694.83 1332.59 807.844 689.892 678.294 619.827 573.602 496.85 475.756 333.121 303.992 296.444 275.719 270.378 270.255 243.945 220.265 208.334 205.685 200.698 193.15 180.56 174.48 167.622 164.179 165.808 156.55 158.279
threshold=0.42647059261798864 0.57352942228317272 25.586019515991214 -0.11925592499999998 -0.21211291499999999 0.33823530375957495 2.5000000000000004 1.6251929000000003 2.5000000000000004 5.5000000000000009 0.63235294818878185 17.687629925646469 9.5000000000000018 4.3544891640866874 14.500000000000002 10.65015479876161 17.500000000000004 1.4200350000000002 20.631915132800589 100.96431947589475 0.47509000000000007 89.691619807248813 2.339009287925697 5.3777089783281742 -9.0942372357120984 12.646073341369631 9.9283420878805639 0.76635733000000006 6.7368421052631584 -1.2828898499999999
decision_type=2 2 2 2 2 2 2 2 2 2 2 2 2 2 2 2 2 2 2 2 2 2 2 2 2 2 2 2 2 2
left_child=2 3 13 5 8 22 -7 10 15 -6 -5 -11 -12 17 19 -3 -9 21 -17 28 -13 25 -2 -10 -25 -1 27 -14 29 -8
right_child=1 4 -4 7 9 6 14 16 23 11 12 20 26 -15 -16 18 -18 -19 -20 -21 -22 -23 -24 24 -26 -27 -28 -29 -30 -31
leaf_value=-0.026318795907719753 -0.024609551767929054 0.028703258437270032 -0.052143310577414684 -0.0039046207585253208 0.030950034315362432 0.01610218557064581 -0.015995253496014179 0.024884562937407876 0.0028568041949105414 -0.01305386073482632 0.013422270697031303 0.0046713649681083434 -0.067682881353941377 -0.015754799272116909 -0.021508102120518669 -0.030723322548416789 -0.010550638774644154 -0.0010391494229265183 0.040135405170032827 0.038466959302599885 0.021510867252661811 -0.011159316771814748 -0.011478934419124957 0.020295291590358824 0.00053990550232833597 -0.041361904201462879 0.0021813813056268429 0.021927235916769865 0.0048369187301771262 -0.0036825411512848823
leaf_weight=3207.5104621201754 4106.7775072604418 4605.3144444078207 8598.151814520359 11805.122989624739 10956.202280469239 4494.929395519197 3218.063582867384 5530.6112640574574 13270.445282392204 878.79415458440781 12801.259957194328 2172.715722694993 164.67524948716164 6021.6512658447027 2304.4068741500378 362.53790640830994 595.50685158371925 674.28675481677055 156.08883998543024 293.32087761163712 10982.51485337317 996.88399666547775 8814.7694730162621 3460.5977247431874 1650.6999437361956 4408.8574487566948 7527.1980006247759 74.401487901806831 4132.3989243879914 13802.876302532852
leaf_count=13616 17753 31050 49764 54356 76869 25932 15148 30188 70846 4601 73243 11822 752 27047 9848 1844 2620 2909 1042 1488 64870 4547 37866 20194 8370 20956 36949 385 20545 66940
internal_value=1.30733e-05 0.00642886 -0.0343794 0.000169099 0.0167118 -0.00608439 -0.00170635 0.00685607 0.0100572 0.0229705 0.00409589 0.0167392 0.00868789 -0.0243999 -0.00507718 0.0248494 0.0214388 -0.0300027 -0.00936108 -0.00331078 0.0187302 -0.0322698 -0.0156537 0.00593273 0.0139166 -0.035031 0.000883429 -0.0398207 -0.00389188 -0.00601125
internal_weight=152070 128162 23907.3 79666.3 48495.9 41167.5 28246 38498.8 23505.7 24990.2 32372.7 14034 20567.5 15309.2 23751.1 5123.94 6126.12 9287.54 518.627 21446.7 13155.2 8613.25 12921.5 18381.7 5111.3 7616.37 7766.27 239.077 21153.3 17020.9
internal_count=804360 685521 118839 394013 291508 195520 139901 198493 133346 158162 165685 81293 111329 69075 113969 33936 32808 42028 2886 104121 76692 39119 55619 99410 28564 34572 38086 1137 102633 82088
is_linear=0
shrinkage=0.05


Tree=27
num_leaves=31
num_cat=0
split_feature=19 14 19 20 24 4 14 24 24 25 20 14 12 11 19 24 5 14 24 14 20 14 23 20 24 14 11 23 11 14
split_gain=12170.6 2997.68 2805 1223.55 1071.67 869.537 848.382 788.911 746.57 637.144 467.876 424.38 418.156 412.659 374.716 363.045 331.281 306.259 302.143 416.037 294.966 281.533 269.439 251.841 247.808 229.755 229.482 302.449 267.678 290.452
threshold=0.16176471114158633 222.50000000000003 0.57352942228317272 69.119430541992202 3.5000000000000004 54.150421347469099 235.50000000000003 3.5000000000000004 3.5000000000000004 39.013249492645272 3.8894500732421879 170.50000000000003 4.314241486068112 88.744555543150895 0.33823530375957495 7.5000000000000009 14.500000000000002 206.50000000000003 1.5000000000000002 251.50000000000003 107.39705657958986 233.50000000000003 0.92417368000000011 0.98529052734375011 1.5000000000000002 270.50000000000006 9.9283420878805639 0.63108661500000018 40.001929172009973 252.50000000000003
decision_type=2 2 2 2 10 2 2 8 8 2 2 2 2 2 2 8 2 2 8 2 2 2 2 2 8 2 2 2 2 2
left_child=1 9 4 8 5 18 13 -3 11 -1 -10 -4 25 14 17 -12 -6 -7 19 -2 21 22 -14 -16 -8 -9 27 -26 -28 -30
right_child=2 7 3 -5 16 6 24 12 10 -11 15 -13 20 -15 23 -17 -18 -19 -20 -21 -22 -23 -24 -25 26 -27 28 -29 29 -31
leaf_value=-0.033148799960301643 -0.0016576092426323604 -0.034358120878720456 0.030708784549186449 0.0019461415505405177 0.013456164007672303 -0.032490637963108075 -0.017447369394550948 -0.017121196774106433 0.036981253954385424 -0.054292074078493457 0.032923890667405163 0.006365438029093503 -0.043740337792874152 0.0058290185924085199 0.0066713014628489277 0.017073509399318915 -0.0042108769489485817 -0.011994376829938575 0.010655565548129435 -0.072919147144009225 -0.0216234604149763 0.019886507609106537 0.013853506478803729 -0.012307097146240375 -0.069144986613789858 0.018671487830739502 0.015234284864359416 0.0084030455822379415 0.0089580579674321554 -0.014119770819277278
leaf_weight=6255.6576887518167 2977.5213064700365 3205.1895977109671 2177.7089342772961 11222.265956148505 17156.81055226177 4163.7555592656136 1255.9571967720985 5733.4959357082844 6798.3090061023831 8300.3926711380482 5039.7359806597233 10048.529214821756 387.77137818932533 2873.329100638628 2008.9446289241314 12773.170233353972 3138.3747049719095 3243.9023579359055 12562.701680034399 218.9482995569706 791.48069404065609 2706.8361166417599 424.38519535958767 13428.754127040505 230.36103485524654 485.56567811965942 5527.7761317193508 274.9810978770256 3429.8603944778442 2261.5138128250837
leaf_count=30437 14911 14247 15371 58156 93826 17249 5221 24144 50327 50510 34373 54451 1675 13350 10711 79256 14699 13650 69468 890 3339 11442 1770 62113 1045 2032 27052 1318 16600 10748
internal_value=0.000165968 -0.0293992 0.00697666 0.0164006 0.00091778 -0.00273692 -0.00676867 -0.0126425 0.0208039 -0.0452084 0.0258208 0.0107036 -0.00602963 -0.0120279 -0.014274 0.0215596 0.0107241 -0.0235179 0.00716348 -0.00656008 0.00593795 0.0121414 -0.0136652 -0.00983712 0.0036518 -0.0143241 0.00591329 -0.0270141 0.00739871 -0.000212974
internal_weight=151104 28290.8 122813 48059.7 74753.5 54458.3 38699.1 13734.7 36837.5 14556.1 24611.2 12226.2 10529.5 25718.7 22845.4 17812.9 20295.2 7407.66 15759.2 3196.47 4310.47 3518.99 812.157 15437.7 12980.4 6219.06 11724.5 505.342 11219.2 5691.37
internal_count=804381 139596 664785 291934 372851 264326 179057 58649 233778 80947 163956 69822 44402 117073 103723 113629 108525 30899 85269 15801 18226 14887 3445 72824 61984 26176 56763 2363 54400 27348
is_linear=0
shrinkage=0.05


Tree=28
num_leaves=31
num_cat=0
split_feature=15 5 14 24 22 17 14 14 14 13 17 5 24 22 14 17 24 4 14 15 25 14 17 22 13 14 24 22 5 22
split_gain=11171.3 2538.61 1789 1386.55 1091.31 896.575 944.941 679.383 537.239 503.616 422.47 419.592 418.291 403.854 379.853 380.151 373.712 330.494 305.581 301.339 287.634 250.354 229.131 224.586 217.297 216.357 205.912 203.234 202.905 182.195
threshold=10.599842071533205 9.5000000000000018 216.50000000000003 2.5000000000000004 -0.047694848849999992 191.47000122070315 212.50000000000003 206.50000000000003 251.50000000000003 -38.993787704145198 159.91176605224612 1.5000000000000002 3.5000000000000004 -1.3015830499999999 222.50000000000003 172.32727050781253 7.5000000000000009 248.78074994683269 218.50000000000003 31.400850296020511 26.694967439770704 267.50000000000006 193.41730499267581 1.5679100000000001 -16.222819706269366 165.50000000000003 5.5000000000000009 0.04601305725000001 14.500000000000002 -1.21867025
decision_type=2 2 2 8 2 2 2 2 2 2 2 2 8 2 2 2 8 2 2 2 2 2 2 2 2 2 10 2 2 2
left_child=1 3 10 8 7 9 -7 28 11 27 -2 -1 -4 21 15 26 18 -9 23 -14 -13 -10 -22 -6 -8 -17 -11 -5 -3 -27
right_child=2 4 12 5 16 6 24 17 13 14 -12 20 19 -15 -16 25 -18 -19 -20 -21 22 -23 -24 -25 -26 29 -28 -29 -30 -31
leaf_value=0.019468400765185662 -0.055166025153458545 -0.01956267552748793 -0.037727661680349245 0.011528241084407245 -0.0084434490147763681 0.030471818562156749 0.017170261307391264 -0.0024796795638948738 0.034146306327168169 -0.023152972188696726 -0.034671453215191592 0.0027759318649781695 -0.0081350832239951189 -0.033347672895842166 0.012888467956090692 0.013491137230522747 -0.00094977615903023076 -0.018054331968129514 0.019310003960744601 -0.038616961096897107 -0.024535335428293316 -0.023201994920999745 0.0045359379094832356 0.030247978312519089 0.0045822179287520947 -0.042246339689658623 0.0089142141685839438 0.026968736748661418 -0.039645053695817042 0.00072771851389444872
leaf_weight=3207.2619131952524 7197.759907528758 4711.9210839867592 2083.0062952339649 4138.4676541537046 2093.9476468116045 13798.166062153876 8545.8341108635068 14540.122854799032 441.21013596653938 2239.5875658243895 3876.3403576463461 13784.144258745015 6070.4844979196787 1900.91832280159 10067.817304477096 4126.1765021085739 12042.441474810243 4447.3886783272028 5692.4412880390882 934.97163227200508 1934.9806567579508 333.1614363193512 1042.4999435544014 455.84334671497345 5726.0578357428312 254.07847149670124 644.05578412115574 4398.3937395140529 1717.5134733915329 7455.1028663441539
leaf_count=19206 46222 20514 9916 22873 10262 100077 54414 66479 1941 9836 19557 70088 25842 7904 54366 23799 57258 19017 30787 4903 8276 1362 5714 2197 32293 1349 2882 26386 7162 40333
internal_value=0.000119522 0.0055005 -0.0345039 0.0106582 -0.00398371 0.0145586 0.021142 -0.0108859 8.3097e-05 0.00901262 -0.047996 0.00290235 -0.0180606 -0.0209536 0.0054049 0.000285599 0.00466496 -0.00612844 0.0128676 -0.0122082 -0.000268458 0.00947498 -0.0143586 -0.00151717 0.0121205 0.00425216 -0.0159902 0.0194858 -0.0249327 -0.000693912
internal_weight=149902 129740 20162.6 84037.9 45701.6 61393.7 28070.1 25416.9 22644.2 33323.7 11074.1 19968.9 9088.46 2675.29 24786.8 14719 20284.7 18987.5 8242.23 7005.46 16761.6 774.372 2977.48 2549.79 14271.9 11835.4 2883.64 8536.86 6429.43 7709.18
internal_count=803215 696775 106440 483099 213676 368608 186784 113172 114491 181824 65779 103284 40661 11207 132565 78199 100504 85496 43246 30745 84078 3303 13990 12459 86707 65481 12718 49259 27676 41682
is_linear=0
shrinkage=0.05


Tree=29
num_leaves=31
num_cat=0
split_feature=16 18 14 22 14 21 17 5 13 14 14 21 21 12 5 5 21 21 18 14 14 22 22 11 11 11 12 21 21 11
split_gain=10148.2 2373.82 1689.04 1120.5 1020.5 936.19 676.153 664.149 529.836 517.098 489.409 604.058 429.17 404.049 398.023 390.659 375.848 329.15 313.238 355.577 302.755 287.685 273.655 264.355 262.941 252.276 348.173 307.966 247.232 313.979
threshold=0.42647059261798864 178.38541412353518 215.50000000000003 0.04601305725000001 210.50000000000003 -0.11925592499999998 161.37132263183597 11.500000000000002 -23.024700004538236 205.50000000000003 220.50000000000003 -1.5327152499999999 -0.50585707999999985 5.4272445820433441 9.5000000000000018 3.5000000000000004 -0.24765999499999997 -1.6487905499999997 163.66176605224612 165.50000000000003 233.50000000000003 2.1169150000000005 -0.53966259999999988 59.618031340925135 59.43888839127802 9.5080668581966847 5.4272445820433441 0.023908165300000003 -1.6064002499999999 59.618031340925135
decision_type=2 2 2 2 2 2 2 2 2 2 2 2 2 2 2 2 2 2 2 2 2 2 2 2 2 2 2 2 2 2
left_child=2 3 6 7 15 17 -1 12 14 -9 21 -12 -2 16 -5 -3 -4 -6 -14 -20 -15 -10 -17 24 -7 -13 27 -27 -11 -30
right_child=1 4 13 8 5 23 -8 9 10 28 11 25 18 20 -16 22 -18 -19 19 -21 -22 -23 -24 -25 -26 26 -28 -29 29 -31
leaf_value=-0.052101662385422187 -0.0060736203007457504 0.032902785732651277 -0.035925620642449065 0.022154378709222856 -0.032208367239479528 0.014091319851993068 -0.027656711708897316 -0.030212649437996422 -0.0096944490445235437 -0.044964092908455544 -0.04154073119984078 -0.007733613344202063 -0.013272118812854592 -0.019843449461992492 0.004477942662616796 0.0085332449517722449 -0.013272893129574269 0.0006659045250599219 0.021858953258693872 0.003634086972034259 0.013590748144257753 0.03815040191487265 0.025322286354464197 0.029458053063678477 -0.10025370453364196 -0.0048746128043297629 0.029211825430672134 0.018696261610864819 -0.011787424473648701 0.0060478585355142455
leaf_weight=7762.9655957520008 16561.0261599347 7907.5760862901807 2935.2693730294704 8850.8515266180038 821.25388410687447 8149.923729993403 4457.0512498617172 3188.2524724453688 6736.8271415233612 424.03731305897236 547.39661739766598 1349.6787748038769 2223.8510354757309 1124.1535266637802 4975.1450560986996 4314.1603905186057 4870.4745606333017 10290.206007003784 3173.5608060583472 17058.231116436422 1699.3035701811314 328.58026275038719 5552.238308377564 3721.456530161202 49.602249756455421 2510.1803422123194 3013.5610928833485 3091.7199482172728 7768.7714119553566 3615.3387128710747
leaf_count=50737 78546 60272 13678 53506 3749 49156 20413 13269 34685 1743 2498 6820 9910 5289 25274 25109 21449 54816 18638 90252 7151 1806 36915 23453 311 12393 16139 16291 33607 16072
internal_value=0.000150516 0.00570106 -0.0305106 0.00096169 0.0156214 0.00867478 -0.0431888 -0.00340493 0.00847191 -0.0123476 0.00271175 0.00955108 3.24817e-05 -0.0159324 0.0157945 0.0246221 -0.0217947 -0.00176653 0.0045358 0.00649378 0.00027668 -0.00746432 0.0179828 0.0184064 0.0133875 0.0123615 0.0155101 0.0081353 -0.00752179 -0.0061233
internal_weight=149073 126223 22849.2 85417 40806.4 23032.4 12220 54013.1 31403.9 14996.4 17577.9 10512.5 39016.7 10629.2 13826 17774 7805.74 11111.5 22455.6 20231.8 2823.46 7065.41 9866.4 11921 8199.53 9965.14 8615.46 5601.9 11808.1 11384.1
internal_count=803947 685230 118717 431449 253781 131485 71150 262037 169412 64691 90632 54141 197346 47567 78780 122296 35127 58565 118800 108890 12440 36491 62024 72920 49467 51643 44823 28684 51422 49679
is_linear=0
shrinkage=0.05


Tree=30
num_leaves=31
num_cat=0
split_feature=16 19 20 21 20 21 20 5 17 17 20 3 11 20 17 23 16 19 17 2 11 11 11 21 23 11 5 13 21 23
split_gain=9488.72 2963.84 1486.28 1224.45 1154.38 715.145 633.105 575.436 373.653 373.503 367.394 380.805 363.606 353.944 331.726 305.127 282.955 269.19 260.018 247.06 258.398 230.868 216.389 216.298 212.805 205.217 202.709 198.266 191.076 190.646
threshold=0.33823530375957495 0.42647059261798864 -4.4447250366210929 -0.11925592499999998 57.22401428222657 -0.11925592499999998 48.075370788574226 8.5000000000000018 159.91176605224612 172.66364288330081 76.857505798339858 6.6464825496077546 38.133061216700106 21.609481811523441 157.66176605224612 1.6330332500000002 0.10294117778539659 0.57352942228317272 195.76281738281253 30.354047082364563 111.65133048040369 28.886018813636749 66.618944849196154 -1.5327152499999999 0.61457589000000012 9.9283420878805639 13.500000000000002 -24.974369790762566 1.4441750000000002 0.59148773500000007
decision_type=2 2 2 2 2 2 2 2 2 2 2 2 2 2 2 2 2 2 2 2 2 2 2 2 2 2 2 2 2 2
left_child=4 5 18 10 8 19 9 21 -1 27 11 13 23 -4 -8 22 -6 -13 -3 -2 -21 -5 24 -12 25 -9 -26 -7 -18 -14
right_child=1 2 3 7 16 6 14 15 -10 -11 12 17 29 -15 -16 -17 28 -19 -20 20 -22 -23 -24 -25 26 -27 -28 -29 -30 -31
leaf_value=-0.054138669547610187 -0.0076803005226606328 0.019697578693226841 0.030911863611996611 0.010337147127115602 -0.038039804717933667 -0.0010966731589315303 -0.013162753975332573 -0.06543648860843515 -0.033896073533334119 -0.0015643518706182011 -0.032101956402633518 -0.0046794937614105664 0.010690655691232585 0.0046854121261946709 0.011070805663498311 0.022926974699465516 -0.017570872464825974 0.0056422777742211995 0.03414297285657026 -0.019466265693350669 0.051780039793248682 0.022815594949367878 0.012666269621322203 0.0033935546710129913 0.0088377404531357114 -0.010109755237746869 -0.014163607413176398 -0.02866843167044348 0.018125165884827356 -0.033208501798431225
leaf_weight=5837.0636676549911 15427.698420211673 6947.2622591778636 2200.5398352816701 4903.6615592688322 1748.768584638834 869.32248832285404 1607.3924987316132 181.70507057011127 3753.239669084549 6660.9000510275364 490.93155129253864 11795.36406391114 286.68824110925198 3096.0448283776641 11581.324576839805 2383.2637775838375 5661.2518709748983 13597.338249392807 5656.7451407313347 8208.9682769477367 128.33609576523304 15216.290923595428 4052.1552127897739 3363.8913680613041 4264.5506538450718 2037.1257447600365 1234.2988584190607 2608.3801253736019 400.68130138516426 1781.0023055225611
leaf_count=40510 69094 47212 14210 30107 9805 3727 6608 764 19280 31485 2092 57775 1383 17881 55776 14418 25144 74884 44394 35498 550 101419 22335 16072 23240 10035 6158 11631 1680 7796
internal_value=8.34548e-05 0.00470539 0.0103628 0.00754945 -0.0345989 -0.00532444 0.000894704 0.0143413 -0.0462209 -0.00849963 0.00119123 0.0033916 -0.0102093 0.0155853 0.00811653 0.00661599 -0.0203248 0.000847635 0.0261829 -0.0114288 -0.0183635 0.019775 0.00331152 -0.00113413 -0.00160118 -0.014668 0.00367311 -0.0217786 -0.0152088 -0.0271196
internal_weight=147982 130581 83488.9 70884.9 17401 47092.3 23327.3 34273.1 9590.3 10138.6 36611.8 30689.3 5922.51 5296.58 13188.7 14153.1 7810.7 25392.7 12604 23765 8337.3 20120 11769.8 3854.82 7717.68 2218.83 5498.85 3477.7 6061.93 2067.69
internal_count=802963 706544 492175 400569 96419 214369 109227 208476 59790 46843 192093 164750 27343 32091 62384 76950 36629 132659 91606 105142 36048 131526 62532 18164 40197 10799 29398 15358 26824 9179
is_linear=0
shrinkage=0.05


Tree=31
num_leaves=31
num_cat=0
split_feature=17 14 19 14 22 5 14 24 22 17 19 14 14 6 5 24 5 24 14 11 4 23 14 24 14 5 11 14 25 5
split_gain=8698.37 2392.97 2178.43 1018.14 909.512 613.029 673.724 608.684 575.975 571.121 440.191 404.65 367.308 351.107 314.272 285.484 282.949 271.719 253.411 249.82 243.153 238.2 237.668 226.347 221.933 216.07 212.758 205.254 203.572 199.534
threshold=163.60294342041018 219.50000000000003 0.57352942228317272 249.50000000000003 0.04601305725000001 2.5000000000000004 233.50000000000003 3.5000000000000004 -0.15288999499999997 159.91176605224612 0.36764706671237951 238.50000000000003 167.50000000000003 1.0000000180025095e-35 9.5000000000000018 1.5000000000000002 10.500000000000002 1.5000000000000002 250.50000000000003 59.618031340925135 160.19815167784694 1.3455228000000001 221.50000000000003 7.5000000000000009 179.50000000000003 29.500000000000004 145.48981178265885 244.50000000000003 28.163898321986203 21.500000000000004
decision_type=2 2 2 2 2 2 2 8 2 2 2 2 2 2 2 8 2 8 2 2 2 2 2 10 2 2 2 2 2 2
left_child=1 9 4 7 5 -2 10 12 11 -1 -7 -3 -4 22 21 18 -12 -5 -8 20 -17 24 26 -24 -9 -13 29 -27 -18 -6
right_child=2 8 3 17 13 6 15 14 -10 -11 16 25 -14 -15 -16 19 28 -19 -20 -21 -22 -23 23 -25 -26 27 -28 -29 -30 -31
leaf_value=-0.051347375562135623 0.011006786302182679 -0.040684355667468218 0.030314840975919567 -0.030978451451943612 -0.0057435268029867263 -0.018743367048191205 0.00058127878286192596 0.033167506764880963 -0.002248109149889935 -0.02880779692444202 -0.0016626445453910268 -0.017018495515586412 0.0055349495925059175 0.011456481595305225 0.0096915542599537857 0.0062589671054961637 -0.013248833910383945 0.0027727560816399998 -0.037817869168335488 0.017560929183212729 -0.010645159659554464 0.035828394552901953 0.014861829226212021 -0.021722270626033754 0.019127016863406746 -0.026696644772618974 0.068105555077309088 0.062945944987943106 -0.05133099156707395 -0.042005026611268328
leaf_weight=7404.0446992814541 6077.3105932548642 2133.3305589258671 1748.4317633882165 631.80205310881138 4831.407269962132 10482.173263832927 962.68639719486237 3726.2150404825807 7075.9035407304764 4537.9462912231684 11944.284720018506 4251.2506833970547 10306.123045757413 18740.490555629134 3745.2357313334942 7162.0230524688959 3793.7443460822105 10343.257596239448 774.9493023455143 3044.1025506854057 3025.0193255543709 4348.3108416348696 2936.7446778044105 492.96751888096333 11535.22901456058 102.02942638099194 91.014766313135624 167.6740365177393 385.92033585906029 410.75746949017048
leaf_count=51174 34318 10431 13311 2547 23841 43844 4123 29857 30383 23430 61945 17857 56897 104228 21128 35781 16360 55360 3121 15053 13729 33122 15822 2356 78907 457 436 705 1593 1722
internal_value=2.66749e-05 -0.0264179 0.00561256 0.0141331 0.000353707 -0.00382501 -0.0059933 0.0182571 -0.0121798 -0.0427855 -0.0107673 -0.0227389 0.00913132 0.00759361 0.0229668 0.00249242 -0.00558127 0.000827153 -0.0165558 0.00499507 0.00123877 0.0255016 -0.000667975 0.00959864 0.0225571 -0.0142638 -0.00727089 0.0290606 -0.0167765 -0.00859232
internal_weight=147212 25672.2 121540 46384.6 75155.6 47652.2 41574.9 35409.5 13730.2 11942 26606.1 6654.28 12054.6 27503.4 23355 14968.8 16123.9 10975.1 1737.64 13231.1 10187 19609.8 8762.89 3429.71 15261.4 4520.95 5333.18 269.703 4179.66 5242.16
internal_count=803838 134437 669401 291129 378272 229867 195549 233222 59833 74604 123742 29450 70208 148405 163014 71807 79898 57907 7244 64563 49510 141886 44177 18178 108764 19019 25999 1162 17953 25563
is_linear=0
shrinkage=0.05


Tree=32
num_leaves=31
num_cat=0
split_feature=15 16 14 24 14 24 14 20 17 13 20 4 24 4 12 23 24 20 23 23 14 23 24 14 12 4 20 17 14 14
split_gain=8114.07 1915.72 1660.59 793.158 680.013 677.803 477.319 461.14 454.362 443.782 516.896 400.958 380.272 358.626 354.767 328.926 310.814 300.147 290.702 281.744 275.839 270.764 257.384 255.291 256.432 253.744 252.4 333.094 243.697 216.493
threshold=10.156138420104982 0.72058823704719555 216.50000000000003 3.5000000000000004 250.50000000000003 3.5000000000000004 227.50000000000003 -16.078605651855465 159.91176605224612 -31.662249741205027 -8.318016052246092 280.28621579706675 3.5000000000000004 136.11850598454478 3.535603715170279 1.3455228000000001 5.5000000000000009 -8.318016052246092 0.61970767500000012 1.2767918500000002 255.50000000000003 0.61457589000000012 7.5000000000000009 247.50000000000003 2.0154798761609913 32.716211497783668 1.9701385498046877 188.01666259765628 196.50000000000003 237.50000000000003
decision_type=2 2 2 8 2 8 2 2 2 2 2 2 8 2 2 2 10 2 2 2 2 2 10 2 2 2 2 2 2 2
left_child=1 5 8 7 15 11 9 -3 -2 19 -11 17 -4 23 -14 26 18 -1 -6 25 -9 -15 -23 24 -8 -7 27 -5 -19 -28
right_child=2 3 12 4 16 6 13 20 -10 10 -12 -13 14 21 -16 -17 -18 28 -20 -21 -22 22 -24 -25 -26 -27 29 -29 -30 -31
leaf_value=0.016332211231679859 -0.05185663998656781 0.028031727354968561 -0.033325891102206261 0.0082616384062515549 -0.0047700922965472937 0.024560897555475338 -0.0003782374823568203 0.0026615550753328458 -0.030279071076675875 0.016064510864956791 -0.012062241160592044 -0.034116107700559457 -0.020285589669974746 -0.012027550716447039 0.0017990503156230316 0.027831729209660202 -0.015005042831080962 -0.017874115563681341 0.014924923126763336 0.022282449355670513 -0.016626024077092558 0.0084865820617663363 -0.019791059675868188 0.0069818147885049283 0.02788805459309391 -0.0029425793560328758 0.010251708859953704 0.03173298905790177 -0.0046852079893817391 0.025553151022909688
leaf_weight=1261.0180779248476 6378.5126454234123 1647.3276887536049 2088.4692571908236 2266.6386825591326 2949.5161277204752 976.19932793825865 1013.3950684890151 15745.592579208314 3960.1862261742353 1874.6879130229354 12652.006091281772 1496.7248820364475 3596.4919932633638 3027.2822366803885 3676.8998088687658 7284.051156245172 1844.1145407557487 5205.4908788278699 5133.3466499298811 1997.3578901812434 2100.040771856904 7437.4514733180404 901.36138132214546 6762.4183998405933 3851.680992372334 5912.2476487234235 15067.021636255085 4541.9884084314108 10704.715490572155 2730.4856253415346
leaf_count=7877 46707 12440 10343 13277 15097 6025 5673 83471 20917 12403 58837 6342 16127 13739 16238 51086 9483 22690 29170 11123 9349 36587 4146 35925 22455 29676 94579 36296 47959 16748
internal_value=6.35311e-05 0.00471603 -0.0297822 0.011058 0.0149407 -0.00125918 0.00197737 0.00272823 -0.0435952 -0.00304793 -0.00843159 -0.00930448 -0.0145248 0.00709413 -0.00912248 0.018498 0.00351224 -0.00713992 0.00773832 0.00575336 0.000391024 0.000778169 0.00542798 0.0132675 0.0220013 0.000958087 0.015734 0.0239216 -0.0090012 0.0126006
internal_weight=146085 126384 19700.6 61310.1 41817.2 65074 46406.1 19493 10338.7 23412.5 14526.7 18667.9 9361.86 22993.6 7273.39 31890.2 9926.98 17171.2 8082.86 8885.8 17845.6 11366.1 8338.81 11627.5 4865.08 6888.45 24606.1 6808.63 15910.2 17797.5
internal_count=802785 692453 110332 370996 265736 321457 236589 105260 67624 118064 71240 84868 42708 118525 32365 211986 53750 78526 44267 46824 92820 54472 40733 64053 28128 35701 160900 49573 70649 111327
is_linear=0
shrinkage=0.05


Tree=33
num_leaves=31
num_cat=0
split_feature=15 19 14 14 22 19 14 11 24 14 11 22 11 24 13 14 12 22 24 17 9 22 22 12 22 14 17 17 23 23
split_gain=7671.51 2356.24 1182.26 900.895 769.275 519.943 507.047 433.329 421.102 419.766 403.788 391.082 365.307 341.871 328.045 551.53 319.133 305.784 284.41 281.346 277.722 277.551 390.468 261.629 256.108 252.182 250.199 239.862 235.575 235.224
threshold=12.646073341369631 0.54411765933036815 215.50000000000003 212.50000000000003 0.04601305725000001 0.33823530375957495 232.50000000000003 73.671558301492198 3.5000000000000004 166.50000000000003 38.133061216700106 -0.13172641999999998 11.403051592271213 7.5000000000000009 -23.024700004538236 220.50000000000003 3.1006191950464399 0.021143936550000002 7.5000000000000009 192.84387207031253 61.500000000000007 -1.1913062499999998 -1.6132802499999999 4.8622291021671833 1.5224150000000003 222.50000000000003 157.279411315918 156.45587921142581 2.0888086500000003 1.9593707000000002
decision_type=2 2 2 2 2 2 2 2 8 2 2 2 2 8 2 2 2 2 10 2 2 2 2 2 2 2 2 2 2 2
left_child=1 4 26 8 5 6 -1 11 10 -7 -3 20 -13 -14 24 -16 -4 -18 27 -10 28 22 -12 -20 -6 -19 -2 -17 -5 -25
right_child=2 3 16 7 14 9 -8 -9 19 -11 21 12 13 -15 15 18 17 25 23 -21 -22 -23 -24 29 -26 -27 -28 -29 -30 -31
leaf_value=-0.018902849264553261 -0.054222998714939019 0.021851728764131537 -0.030080692625983303 -0.003323706095545228 0.0097173119109240855 0.015715978352303143 -0.0025188254778939823 0.022303903708831063 0.01598035776452587 -0.0034644689380613873 0.016868295578551039 -0.012964668754890676 0.025951130673977474 0.0073615422314231146 -0.010106577377234673 -0.018809509863226399 -0.023325591508718792 -0.026828806139537954 -0.033333986498134731 0.029582543204477618 0.015113562006343804 0.0094018221594090179 -0.033068574574051421 0.019636624797810517 0.041280425855168626 0.01336311057250052 -0.036924105168405483 0.014504813876209539 -0.038546692570273725 -0.045501777120152992
leaf_weight=11074.805308103561 4265.2976608127356 4171.6901090666652 3205.0481305122375 11401.828810155392 10041.750328473747 3228.2954446077347 8232.5950337350368 3650.4142417311668 6498.915761820972 24448.396690137684 602.88333707302809 1501.2847970277071 3623.6031047999859 7789.8583581149578 7044.65069296211 581.42477189004421 1966.4375555366278 509.46955733001232 718.49544040858746 9174.4142039641738 2054.313178434968 3199.1960272416472 1112.6035440862179 722.87788063287735 685.7921791523695 1656.7739374339581 4123.835976600647 7495.6985141187906 494.33736748993397 170.4327961653471
leaf_count=47765 33166 27471 15357 60147 54877 18604 35665 22642 44384 117620 3579 7900 24275 45675 34255 2388 9483 2855 3313 72781 12354 18767 6325 3561 4012 6954 25861 38932 2235 762
internal_value=7.39786e-05 0.00407235 -0.0329041 0.0118926 -0.00173428 -0.00561999 -0.0119173 0.00614253 0.018979 -0.00122671 0.0104133 0.00394579 0.0102153 0.0132652 0.00491388 0.00053817 -0.0182421 -0.00905583 0.00827802 0.0239438 -0.0018586 0.000701606 -0.0155194 -0.0108938 0.0117387 0.00390253 -0.0457248 0.0121047 -0.00479049 0.00717203
internal_weight=145447 129721 15726.9 55275.3 74445.2 46984.1 19307.4 30515.6 24759.7 27676.7 9086.37 26865.2 12914.7 11413.5 27461.1 16733.6 7337.73 4132.68 9688.93 15673.3 13950.5 4914.68 1715.49 1611.81 10727.5 2166.24 8389.13 8077.12 11896.2 893.311
internal_count=803965 710289 93676 348535 361754 219654 83430 175228 173307 136224 56142 152586 77850 69950 142100 83211 34649 19292 48956 117165 74736 28671 9904 7636 58889 9809 59027 41320 62382 4323
is_linear=0
shrinkage=0.05


Tree=34
num_leaves=31
num_cat=0
split_feature=15 19 14 14 22 4 11 14 13 14 24 22 11 11 25 4 24 11 12 12 4 12 14 19 24 14 24 22 22 9
split_gain=6776.71 2170.56 1192.64 816.429 808.949 585.037 408.887 404.39 397.893 516.339 354.4 346.35 350.047 336.266 327.282 333.382 269.424 325.272 321.996 267.675 265.541 253.766 268.913 250.461 245.135 235.403 302.312 223.296 218.746 205.258
threshold=12.646073341369631 0.57352942228317272 214.50000000000003 212.50000000000003 0.04601305725000001 139.19583822786811 75.951033719080073 206.50000000000003 -28.927935623658971 220.50000000000003 3.5000000000000004 -0.13172641999999998 11.403051592271213 38.133061216700106 26.694967439770704 20.320640832185749 7.5000000000000009 9.5080668581966847 5.4272445820433441 1.8374613003095976 73.814968451857581 6.8452012383900938 253.50000000000003 0.044117647223174579 7.5000000000000009 234.50000000000003 4.5000000000000009 1.5679100000000001 1.5679100000000001 76.500000000000014
decision_type=2 2 2 2 2 2 2 2 2 2 8 2 2 2 2 2 10 2 2 2 2 2 2 2 8 2 8 2 2 2
left_child=1 4 23 10 5 14 11 -7 20 27 13 29 -13 -3 15 -1 17 -11 -19 -4 -6 -18 -23 -2 -14 -21 -27 -10 -22 -5
right_child=2 3 19 6 8 7 -8 -9 9 16 -12 12 24 -15 -16 -17 21 18 -20 25 28 22 -24 -25 -26 26 -28 -29 -30 -31
leaf_value=0.015537594107165424 -0.050170024183982247 0.023129550461930711 -0.034517326192210776 -0.0033669662402579718 0.02263608505800619 -0.025280615546579767 0.025528454509257142 -0.0076955489755475698 -0.0099905229463092896 -0.013013904241304408 0.025314051733100598 -0.013628735808843865 0.02607317997978665 0.0018508807169597945 -0.0097875318403800315 -0.00047286151679558434 -0.021393679585095356 0.0086543155238161702 0.029345350985533203 -0.021263672226753492 0.0040327532000632984 0.037754925455092479 -0.027506895206053861 -0.030819609015178225 0.008847672041389228 -0.030057157794726105 0.0083190029332755617 0.01701331919685084 0.050544843975129955 0.020070529217091598
leaf_weight=3767.9904882013798 5656.7099237814546 3423.7838864699006 1631.6708104014397 10792.087067104876 4595.4618861228228 4327.4115065261722 2594.6602621525526 13367.583479762077 8066.3202755227685 1154.6546336859465 12707.13931324333 1266.3432869389653 3033.8107780143619 4055.3850991725922 7962.5582083165646 23677.491572216153 1292.0827193856239 5922.3800602406263 2754.916733443737 3012.2969556897879 5170.4555127099156 469.26355195045471 236.73023007810116 2383.5363659113646 6471.5431447699666 678.56133013963699 2095.0706617683172 844.89617631584406 264.79503475129604 1021.6682690680027
leaf_count=21943 44516 23154 8007 57613 29041 18657 16558 58618 40526 5871 98256 6619 20806 23982 37846 117423 6058 30696 15067 15742 27437 2457 1073 13729 38482 3140 8761 4469 1552 6149
internal_value=0.000187471 0.00392969 -0.0310991 0.0127401 -0.000835805 -0.00457371 0.00673404 -0.0119973 0.00561463 0.00166053 0.0202313 0.00457386 0.0110578 0.0115935 -0.000863598 0.0017257 0.00850715 0.0119086 0.015226 -0.0166362 0.0137898 -0.00822793 0.0158637 -0.0444381 0.0143477 -0.0115886 -0.00107707 -0.0074286 0.00630761 -0.00133854
internal_weight=144699 129241 15457.8 45366.4 83875 53103 25180.1 17695 30772 20741.2 20186.3 22585.5 10771.7 7479.17 35408 27445.5 11830 9831.95 8677.3 7417.6 10030.7 1998.08 705.994 8040.25 9505.35 5785.93 2773.63 8911.22 5435.25 11813.8
internal_count=804248 710353 93895 291619 418734 254487 146227 77275 164247 106217 145392 129669 65907 47136 177212 139366 61222 51634 45763 35650 58030 9588 3530 58245 59288 27643 11901 44995 28989 63762
is_linear=0
shrinkage=0.05


Tree=35
num_leaves=31
num_cat=0
split_feature=16 19 5 16 18 22 22 22 24 11 18 11 5 18 5 24 2 25 11 11 25 11 0 6 11 24 24 23 22 23
split_gain=6538.59 1900.39 795.972 752.734 673.641 592.472 539.353 391.938 346.8 322.039 307.484 245.24 234.569 234.09 220.688 211.583 213.038 188.904 170.737 162.06 156.3 154.915 154.257 145.447 141.368 143.397 138.362 137.471 163.589 131.757
threshold=0.33823530375957495 0.54411765933036815 3.5000000000000004 0.13235294446349147 178.38541412353518 0.04601305725000001 -0.13172641999999998 -0.24300540499999998 6.5000000000000009 16.244831388937339 157.70588684082034 76.554730456576181 8.5000000000000018 156.30882263183597 3.5000000000000004 2.5000000000000004 2.4718961827456956 26.583925327658658 40.166163226999004 12.319892726561788 23.858423137664797 9.9283420878805639 1.5064487457275393 8.5000000000000018 119.69848180428473 2.5000000000000004 3.5000000000000004 1.6251929000000003 -1.21867025 1.7844480500000002
decision_type=2 2 2 2 2 2 2 2 8 2 2 2 2 2 2 8 2 2 2 2 2 2 2 2 2 8 8 2 2 2
left_child=3 4 9 -1 5 10 11 -5 19 23 -2 12 -4 -7 -6 16 -12 -18 -9 -8 -16 -10 -15 -3 25 -13 -11 28 -17 -21
right_child=1 2 6 7 14 13 8 18 21 26 15 24 -14 22 20 27 17 -19 -20 29 -22 -23 -24 -25 -26 -27 -28 -29 -30 -31
leaf_value=-0.043700978674344498 -0.02396430719018644 0.015803324624515613 0.004339532852454195 -0.032224050560488784 0.023617286310643026 -0.020970523918524574 -0.0080639511348025751 -0.0013939295940148169 -0.016240616216106361 0.017057009176775335 0.0033583763074718762 0.0034691133062519116 -0.006954069448216714 0.0076541823581716493 0.015622102543730955 -0.027307181920391107 -0.0090588671382265326 -0.022499510770152244 -0.019829459447833125 0.022262100746550176 0.00060990137751564585 0.01044042043334012 -0.00070623925532283232 -0.0064149419745466313 -0.025538729047756881 0.029007681351786142 0.028805724381031884 0.0093741905596985958 -0.0032880544574484709 0.041417389285339411
leaf_weight=6260.9436230137944 2503.9041280373931 1761.2627933248878 12756.152651339769 4484.1637855023146 2487.9381070360541 975.3130070567131 356.74407857656479 2184.7707978859544 569.60489589720964 3766.588452719152 2294.4811724796891 854.89318515360355 7187.5276682525873 12757.579467780888 2816.118363596499 733.37413317710161 8392.3478281795979 3797.8023630678654 2953.4964401498437 3798.6366088315845 4509.1631300151348 11737.652931362391 9720.8505263850093 1264.8150589615107 183.53418710827827 1539.9127542823553 7522.7089887037873 2070.7381409779191 20450.941035009921 1177.7758314833045
leaf_count=46349 11594 13842 75086 24472 16971 4323 2020 10233 2835 25900 10274 4316 35484 67061 16176 3463 35953 15941 15049 27278 24045 73120 47229 7436 1092 9885 61296 10194 95850 8912
internal_value=5.00232e-05 0.00380511 0.0108824 -0.0302068 -0.00143985 -0.00331858 0.00727377 -0.021423 0.0138206 0.0210053 -0.00699981 0.0021456 0.000269273 0.00299798 0.010754 -0.00587367 -0.0106172 -0.0132478 -0.0119925 0.0244696 0.00638251 0.00920435 0.00403883 0.00651767 0.0166534 0.0198962 0.0248877 -0.00291881 -0.00412082 0.026803
internal_weight=143872 127988 54477.8 15883.4 73510.6 63697.3 40162.4 9622.43 17640.4 14315.4 40243.6 22522 19943.7 23453.7 9813.22 37739.7 14484.6 12190.2 5138.27 5333.16 7325.28 12307.3 22478.4 3026.08 2578.34 2394.81 11289.3 23255.1 21184.3 4976.41
internal_count=803679 707576 348502 96103 359074 301882 240028 49754 114165 108474 183269 125863 110570 118613 57192 171675 62168 51894 25282 38210 40221 75955 114290 21278 15293 14201 87196 109507 99313 36190
is_linear=0
shrinkage=0.05


Tree=36
num_leaves=31
num_cat=0
split_feature=15 18 14 20 22 21 20 13 14 21 12 5 5 13 17 12 5 21 17 23 14 20 12 20 11 11 21 22 11 21
split_gain=5921.17 1770.01 1100.06 812.28 802.338 711.01 565.607 466.736 448.724 616.838 422.03 405.931 327.83 322.869 318.453 300.888 300.459 266.473 265.62 265.593 255.118 252.941 248.1 346.615 239.532 260.092 233.669 230.51 257.532 256.519
threshold=13.245591163635256 178.38541412353518 216.50000000000003 24.546920776367191 -0.13172641999999998 -0.11925592499999998 -4.4447250366210929 -67.314322097140462 205.50000000000003 -1.6064002499999999 2.0820433436532513 12.500000000000002 3.5000000000000004 -24.719330725297556 186.711540222168 10.332817337461302 15.500000000000002 -1.6777381999999998 157.279411315918 1.3455228000000001 219.50000000000003 36.560661315917976 4.2554179566563475 79.772979736328139 59.618031340925135 59.43888839127802 0.62234553500000012 -0.79991891999999998 56.069599263554579 -0.21211291499999999
decision_type=2 2 2 2 2 2 2 2 2 2 2 2 2 2 2 2 2 2 2 2 2 2 2 2 2 2 2 2 2 2
left_child=1 4 18 12 6 15 -1 -8 10 -10 -9 13 -3 19 -12 -5 -11 -13 -2 -6 -15 -19 -4 -24 25 -7 -22 28 -14 -30
right_child=2 3 22 5 11 24 7 8 9 16 14 17 27 20 -16 -17 -18 21 -20 -21 26 -23 23 -25 -26 -27 -28 -29 29 -31
leaf_value=0.010797398478207905 -0.052640090680898845 0.029023719633247503 -0.023595116534670529 -0.0008140039561906412 0.0093019962390412849 0.010859322310990557 0.018348341274652041 -0.030269632620822523 -0.039963642301921891 0.0011346462941211636 -0.014379135276548743 -0.04920677128573319 0.012959264483284591 -0.0036096279891899524 0.0038069583459613369 -0.037150240884130346 -0.011746851646757293 -0.017679038145769658 -0.033932939757620385 0.025079338655856438 0.0045416649502988977 0.0016916434646297698 -0.021649067751139769 0.014489440095240894 0.025631136837846871 -0.095302915364476937 0.024602579176170151 0.020069668719455112 -0.037888195075157456 0.019863348540268957
leaf_weight=5278.989437289536 3912.5749581381679 7050.0112474188209 3963.8402386307716 10510.297915160656 8682.9468646273017 7894.3215820863843 1811.1285980865359 3213.5395246297121 1109.7426316291094 19275.98293030262 10198.482273608446 298.14187631011009 1957.0108830332756 7084.5373681560159 3150.3076556399465 601.38034168630838 5915.1120425611734 2010.4825284779072 3702.9261791482568 3850.6626061871648 5882.4516376852989 10390.770206801593 1345.1967336237431 1307.4227124601603 3599.9093196392059 57.127319000661373 1926.4058805853128 6127.0534496679902 603.57809021323919 281.19591389596462
leaf_count=31605 33674 59918 19531 56400 52042 49606 9756 15023 4670 92961 45355 1285 11727 38542 17697 2998 24988 9034 25039 24450 31121 48483 6834 5520 24286 346 11917 43251 3189 1864
internal_value=9.46043e-06 0.00339218 -0.0305932 0.0123379 -0.00044939 0.00624596 -0.00467865 -0.00650759 -0.00755825 -0.00349833 -0.0140048 0.00481559 0.0209557 0.00823752 -0.0100873 -0.00278374 -0.0018904 -0.00257486 -0.0435497 0.0141508 0.00326053 -0.00144989 -0.0156762 -0.00383838 0.0149315 0.0100847 0.00949311 0.0146113 0.00283995 -0.0195321
internal_weight=142994 128762 14232 38681.9 90079.7 22663 49953.3 44674.3 42863.2 26300.8 16562.3 40126.4 16018.8 27427 13348.8 11111.7 25191.1 12699.4 7615.5 12533.6 14893.4 12401.3 6616.46 2652.62 11551.4 7951.45 7808.86 8968.84 2841.78 884.774
internal_count=803112 712514 90598 253585 458929 133636 242055 210450 200694 122619 78075 216874 119949 158072 63052 59398 117949 58802 58713 76492 81580 57517 31885 12354 74238 49952 43038 60031 16780 5053
is_linear=0
shrinkage=0.05


Tree=37
num_leaves=31
num_cat=0
split_feature=16 18 21 14 4 0 11 5 22 22 14 16 14 5 16 21 22 25 22 21 21 11 14 25 22 14 22 21 14 14
split_gain=5565.59 1661.63 1108.6 989.146 623.09 605.452 372.05 331.659 332.668 324.713 320.714 315.272 536.231 306.099 284.248 268.618 231.56 228.111 215.796 211.726 201.702 182.776 181.836 321.005 211.176 192.627 192.26 236.426 213.716 177.491
threshold=0.33823530375957495 185.39170837402347 -0.11925592499999998 208.50000000000003 145.89662785828116 0.68625673651695263 9.9283420878805639 1.5000000000000002 -0.79991891999999998 0.45226171500000006 169.50000000000003 0.69117647409439098 218.50000000000003 15.500000000000002 0.10294117778539659 1.3326296000000002 1.2982029000000002 39.013249492645272 -0.23260509499999996 -0.19011549499999997 0.76635733000000006 98.898445862815393 255.50000000000003 25.926900374889378 -1.7176085499999998 234.50000000000003 -0.68458327999999991 -1.3945062499999998 268.50000000000006 223.50000000000003
decision_type=2 2 2 2 2 2 2 2 2 2 2 2 2 2 2 2 2 2 2 2 2 2 2 2 2 2 2 2 2 2
left_child=3 2 5 17 11 7 20 -2 -9 15 -3 12 16 22 -5 -8 -4 -1 -16 -12 -6 -10 23 25 -24 -7 -26 28 -28 -17
right_child=1 10 4 14 6 13 9 8 21 -11 19 -13 -14 -15 18 29 -18 -19 -20 -21 -22 -23 24 -25 26 -27 27 -29 -30 -31
leaf_value=-0.031940798777553674 0.013749168910860851 0.041445294522951731 -0.0058238431159233633 -0.033857394064992122 -0.063944160073971898 -0.0034569285684596207 -0.0071650429713419981 -0.0092987131725778844 0.0019231851562682839 0.011416534333857385 0.010436294516843922 0.014184998288251163 0.015340630733161408 -0.021547450838471427 -0.022465787497175163 -0.016703603484337554 0.027031396361667615 -0.05042098094654468 -0.0041851527742311975 0.023540200666164506 -0.0045271802237004432 0.040898229554041529 0.029013253561186971 -0.015208611502048528 -0.040985251403048852 0.012693154178994533 -0.094785051162018047 -0.003451410046278101 -0.018120860536752735 0.021404798720540963
leaf_weight=2894.8053773269057 4433.9287173599005 1506.5657240003347 7915.7487406209111 1957.1856306940317 354.87281464040279 10846.85112337023 10548.244911260903 8424.3099122494459 20179.467927545309 4645.0752912312746 6149.1342720389366 21151.498707093298 6674.9756832122803 4198.9600689560175 2859.5600191801786 385.06049223989248 574.26531814783812 3973.0535104125738 3706.9991476610303 6185.9612112045288 238.86778119206429 304.36072348058224 217.36242942512035 5389.949162684381 901.45656099915504 2224.0343825444579 146.72161710262299 1440.7371527850628 237.96510431170464 1466.9284170269966
leaf_count=17275 28146 14170 40529 13220 1533 56294 48959 39743 106812 24651 38082 140752 37220 17899 14184 2016 3253 34982 16675 44834 1185 1831 908 26457 3714 10824 648 6931 1041 7859
internal_value=-0.000126109 0.00332187 0.00131723 -0.0285171 0.00649583 -0.00342296 -0.00121391 0.00101765 -0.000935519 0.000142459 0.0196717 0.0102404 0.0047381 -0.00920541 -0.0171363 -0.00408134 -0.00359859 -0.0426374 -0.0121481 0.0170092 -0.0400879 0.00250427 -0.00678342 -0.00494243 -0.0183211 -0.000708202 -0.0221034 -0.0127616 -0.0475309 0.0134767
internal_weight=142135 126743 112902 15391.6 53955.5 58946.1 17639 33342.1 28908.1 17045.3 13841.7 36316.5 15165 25604 8523.74 12400.2 8490.01 6867.86 6566.56 12335.1 593.741 20483.8 21405.1 18460.8 2944.24 13070.9 2726.88 1825.42 384.687 1851.99
internal_count=802627 706291 609205 96336 307957 301248 86203 176532 148386 83485 97086 221754 81002 124716 44079 58834 43782 52257 30859 82916 2718 108643 106817 93575 13242 67118 12334 8620 1689 9875
is_linear=0
shrinkage=0.05


Tree=38
num_leaves=31
num_cat=0
split_feature=15 4 20 21 20 21 22 23 25 11 22 20 11 4 4 21 23 20 23 20 15 22 11 20 0 4 23 11 11 20
split_gain=4899.51 1428.27 914.098 781.778 732.677 606.112 555.859 379.299 353.566 325.808 303.584 337.229 302.46 312.673 300.649 242.958 247.384 241.734 334.521 304.739 230.927 247.702 222.194 208.567 202.754 200.289 198.706 339.389 193.538 191.758
threshold=14.68165969848633 95.450759366154685 54.864372253417976 -0.11925592499999998 -13.940284729003904 1.3326296000000002 0.45226171500000006 1.6251929000000003 27.317998677492145 108.20369620633893 0.45747834000000004 72.964897155761733 28.886018813636749 28.382455227896575 368.24535631388432 -0.024982789499999995 0.47509000000000007 49.516838073730476 1.3275677500000003 24.029861450195316 31.400850296020511 -0.17849789999999996 12.778281696572909 36.560661315917976 0.23925665020942691 12.400000035762789 0.34389150000000007 52.834792444292155 53.090817768022937 45.151657104492195
decision_type=2 2 2 2 2 2 2 2 2 2 2 2 2 2 2 2 2 2 2 2 2 2 2 2 2 2 2 2 2 2
left_child=1 3 -2 4 -1 6 14 12 10 15 25 -12 17 -14 -3 16 -8 19 -19 -5 21 -4 -9 24 -15 -6 27 -25 -17 -16
right_child=2 5 20 7 8 -7 9 22 -10 -11 11 -13 13 23 29 28 -18 18 -20 -21 -22 -23 -24 26 -26 -27 -28 -29 -30 -31
leaf_value=0.023041891552436019 -0.043684380953642632 -0.0053528806030146737 -0.023525776759932619 0.0010230036578602383 0.014575957628607536 0.015088692772707102 -0.11735289927308226 -0.0096140264450776444 -0.011665826004453964 0.039287049257851099 0.021173991433344072 -0.0079278917058337225 0.028065375479018717 0.015083346263182133 -0.044997542017879796 0.018054716562605305 -0.003660956202404492 0.019434337743372814 -0.023084880281661571 -0.035878003724944825 -0.034677142799173354 -0.0012669581258305679 0.031241219642799956 -0.029941159070077328 -0.00086577794815979317 -0.00078461657412162537 0.021766849119382134 0.039504594106667845 0.0001192771367723464 -0.014959677198179748
leaf_weight=4183.9975065514445 6079.7456279247999 39340.263539850712 2337.1763048171997 3325.8019218891859 2336.7376886084676 4441.223120585084 47.324764847755432 363.34317517280579 4819.9459035545588 674.29979883134365 3938.006827712059 1331.5088921636343 3726.3642060980201 3677.8139113560319 624.1095929145813 3417.8016731664538 4854.522835187614 2961.3978442251682 547.3143996745348 671.63445466011763 1386.3367264419794 2685.5539142936468 3904.946221344173 495.59472520649433 4347.3858293071389 23014.441150866449 5661.519473515451 271.47267016023397 2685.7263290137053 3558.9621371626854
leaf_count=33202 50665 186308 11944 22345 14270 25723 233 2275 24559 3697 26100 6580 28821 26780 2882 18668 24384 17643 3265 4299 9487 12297 27510 3019 27531 122220 35178 1707 14842 15431
internal_value=0.000107753 0.00299807 -0.0297966 0.00786488 0.00325665 -0.00267945 -0.00410919 0.0139604 0.000920292 0.00557584 0.00290177 0.0138204 0.0116661 0.0151522 -0.00670828 0.00350697 -0.0047823 0.0032216 0.0127972 -0.00518439 -0.0166176 -0.0116271 0.0277619 0.0118213 0.00644441 0.000631759 0.0185316 -0.00534419 0.0101639 -0.019451
internal_weight=141712 129223 12488.8 69579.2 39624.6 59644.2 55203 29954.6 35440.6 11679.7 30620.7 5269.52 25686.3 18180.2 43523.3 11005.4 4901.85 7506.15 3508.71 3997.44 6409.07 5022.73 4268.29 14453.8 8025.2 25351.2 6428.59 767.067 6103.53 4183.07
internal_count=803865 719472 84393 427304 226931 292168 266445 200373 193729 61824 169170 32680 170588 123036 204621 58127 24617 47552 20908 26644 33728 24241 29785 94215 54311 136490 39904 4726 33510 18313
is_linear=0
shrinkage=0.05


Tree=39
num_leaves=31
num_cat=0
split_feature=19 20 18 4 24 20 22 18 19 20 24 12 11 23 22 20 20 13 20 18 4 20 11 4 4 20 11 23 11 20
split_gain=4717.08 1755.03 1411.97 825.944 527.733 454.068 372.251 314.798 314.738 318.674 307.239 300.511 283.001 282.337 248.326 237.935 235.527 222.636 209.661 193.859 193.436 193.411 201.971 193.009 185.513 173.177 170.712 169.056 161.659 159.4
threshold=0.10294117778539659 61.546920776367195 182.33635711669925 111.5264671444893 2.5000000000000004 -17.53835296630859 0.45226171500000006 156.92646789550784 0.57352942228317272 52.868820190429695 3.5000000000000004 1.8157894736842108 111.65133048040369 1.6599746000000002 -0.15288999499999997 71.476669311523452 58.151657104492195 -32.708159159603682 66.262786865234389 180.67240905761722 27.168170973658565 80.265686035156264 72.489355760012359 403.3225564807654 10.950230896472933 83.671569824218764 45.808174089295072 1.6599746000000002 9.9283420878805639 36.560661315917976
decision_type=2 2 2 2 8 2 2 2 2 2 8 2 2 2 2 2 2 2 2 2 2 2 2 2 2 2 2 2 2 2
left_child=1 7 3 4 24 -4 23 -1 9 13 -7 25 16 20 21 27 17 -8 -12 -17 26 -13 -23 29 -2 -3 -6 -10 -11 -5
right_child=2 11 5 6 8 10 12 -9 15 28 18 14 -14 -15 -16 19 -18 -19 -20 -21 -22 22 -24 -25 -26 -27 -28 -29 -30 -31
leaf_value=-0.049085152091662226 0.01270014285046692 -0.043440197013987811 0.034302358379068254 -0.012106912951009151 0.0023133732184597222 0.003192366137521066 0.010677624701996112 -0.029544067945975489 0.014688734243208358 -0.0078078984672003988 0.019721552219500501 -0.032354446001428158 0.041451217190191764 0.015918286089603228 0.0012942020078588676 0.0062306404922295834 0.011480692300705685 -0.013601924277000145 0.0062570509590134174 -0.03101126198592441 -0.0051219813669553102 -0.010552561283542483 0.066294937912743754 -0.02356549985898183 -0.0047590700445512054 -0.016056395922157733 0.028134451878986014 0.033038924448459142 0.014273354061308658 -0.0038626299538474167
leaf_weight=4448.016678571701 1700.6860740110278 855.49182999134064 2598.8302422389388 8252.6332620456815 2947.8147261738777 6594.7956311255693 1402.1986072733998 3853.2997736856341 10164.331784784794 919.87522472441196 10931.133961610496 1166.5144825279713 489.91778909415007 2589.9811624512076 5274.4080816730857 2952.0474026501179 3759.5876096263528 2885.8113153651357 3932.4052121564746 395.33186234533787 11594.912277832627 2736.0609475076199 87.269586205482483 1704.8726407289505 14368.160702474415 1778.3623593598604 816.73929864168167 1432.0431185886264 8326.4022172167897 20248.373362094164
leaf_count=40200 10294 4487 24247 37999 16580 36821 7889 25387 76063 4815 80836 6437 2566 14713 23329 16748 20927 14052 22305 2203 60598 11859 381 7781 68487 7782 5171 11964 46359 95083
internal_value=-9.31271e-06 -0.0223761 0.00372442 0.00103396 0.004799 0.0145666 -0.00462265 -0.0400192 0.00773885 0.0045354 0.012175 -0.0100641 0.00459564 0.000650585 -0.00582585 0.013568 0.00234709 -0.00566176 0.0161599 0.00182435 -0.00192479 -0.0152362 -0.00815456 -0.00722821 -0.00291056 -0.0249639 0.00792137 0.0169575 0.012076 -0.00625015
internal_weight=141208 20199.4 121009 96951.7 58208.3 24057.2 38743.4 8301.32 42139.5 27195.7 21458.3 11898.1 8537.52 17949.4 9264.25 14943.8 8047.6 4288.01 14863.5 3347.38 15359.5 3989.85 2823.33 30205.9 16068.8 2633.85 3764.55 11596.4 9246.28 28501
internal_count=804363 119862 684501 520292 333995 164209 186297 65587 255214 148236 139962 54275 45434 97062 42006 106978 42868 21941 103141 18951 82349 18677 12240 140863 78781 12269 21751 88027 51174 133082
is_linear=0
shrinkage=0.05


Tree=40
num_leaves=31
num_cat=0
split_feature=17 20 18 21 23 4 20 17 0 20 24 22 22 22 21 18 13 9 4 20 21 13 22 22 22 22 20 21 22 17
split_gain=4314.86 1568.25 1217.96 797.744 582.06 511.856 484.325 466.587 342.791 303.801 297.978 269.414 264.861 262.173 237.832 237.339 195.631 192.595 182.632 177.56 202.786 165.921 167.868 160.241 389.151 154.148 150.951 143.698 159.874 142.553
threshold=163.29412078857425 60.095260620117195 185.39170837402347 -0.11925592499999998 1.6251929000000003 149.17377249151471 -11.365150451660154 157.279411315918 1.0564991235733034 18.169540405273441 3.5000000000000004 0.48771763000000007 -0.33686999999999995 -1.21867025 -1.5327152499999999 156.78584289550784 -38.593676229045016 76.500000000000014 46.50151693075896 83.671569824218764 1.3154362500000001 -34.579891838479334 0.37528550500000007 -0.099670693299999988 -0.22252412499999999 0.43984303000000008 0.98529052734375011 0.20585595000000004 -1.52295315 199.7559509277344
decision_type=2 2 2 2 2 2 2 2 2 2 8 2 2 2 2 2 2 2 2 2 2 2 2 2 2 2 2 2 2 2
left_child=1 7 3 6 5 13 -2 -1 12 -4 -3 -7 -8 27 -11 -12 25 -15 -9 -13 -21 22 -10 24 26 -14 -6 -5 -29 -18
right_child=2 10 9 4 23 11 8 18 21 14 15 19 16 17 -16 -17 29 -19 -20 20 -22 -23 -24 -25 -26 -27 -28 28 -30 -31
leaf_value=-0.050074569435694216 0.014532494125301732 -0.023826511257426214 0.027360779882449185 0.0019627555543815975 0.031452847186793059 -0.0087385890584800469 -0.0045366939930537543 -0.0070667270372086607 -0.0039260780711732743 -0.02839439837763327 -0.012043432330613774 0.0011240460708468519 0.0063107694520342737 0.0080471674909020404 0.013747470074353519 0.003247684207036148 0.0030129133010410101 0.032800229756073815 -0.031276731267496458 0.038274137784418509 -0.042839379384588164 -0.010764860605036732 0.023625585062112296 0.025857127945120364 -0.12804676617771263 0.027779359295785924 0.0065769295512868031 -0.096592792638693928 -0.021788703837426513 -0.01940020444802884
leaf_weight=3699.7473839819431 4047.3375505134463 2781.8420202434063 5248.4327993318439 638.79840187728405 830.5050350651145 8967.4423518776894 16367.758665308356 954.44229333102703 3453.0272408500314 348.81847567111254 5831.2963345721364 1951.6209468171 2045.3171583339572 28102.765915863216 7840.3392115086317 4491.6133394017816 10703.168004602194 807.56450778245926 4253.0996158719063 695.32170890271664 85.805957689881325 16189.710618816316 657.20859248191118 4254.3110624700785 48.541241556406021 1414.2182541117072 2290.6401228234172 81.759368412196636 530.51996797323227 758.7953050211072
leaf_count=35448 29489 14059 45054 3571 5731 42760 78909 4858 16672 1660 26499 10070 11654 172908 50364 19553 56613 5604 29210 4064 526 75400 3842 28947 280 9439 12382 446 3110 4725
internal_value=1.74792e-05 -0.0203096 0.00379796 0.00198273 0.00661488 0.00432637 -0.0021207 -0.0364963 -0.00342745 0.0179702 -0.00930551 -0.00455033 -0.000144512 0.00776985 0.0119492 -0.00539043 0.00467336 0.00873972 -0.0268417 0.00919149 0.0293205 -0.00848734 0.000483986 0.0195167 0.0110013 0.0150924 0.0132041 -0.0146311 -0.0319187 0.00152758
internal_weight=140372 22012 118360 104922 49285.6 41861.6 55636.5 8907.29 51589.2 13437.6 13104.8 11700.2 31289.3 30161.4 8189.16 10322.9 14921.5 28910.3 5207.54 2732.75 781.128 20299.9 4110.24 7424 3169.69 3459.54 3121.15 1251.08 612.279 11462
internal_count=803847 129627 674220 577142 290399 243059 286743 69516 257254 97078 60111 57420 161340 185639 52024 46052 82431 178512 34068 14660 4590 95914 20514 47340 18393 21093 18113 7127 3556 61338
is_linear=0
shrinkage=0.05


Tree=41
num_leaves=31
num_cat=0
split_feature=16 19 22 5 16 19 22 5 22 13 12 11 5 5 24 22 13 24 11 5 9 11 22 24 11 19 12 23 12 11
split_gain=4014.43 1521.75 547.468 448.143 442.411 396.416 316.443 308.105 307.368 278.339 255.21 245.883 238.149 238.127 190.182 172.162 164.546 151.106 141.657 147.902 201.529 132.394 142.277 128.757 155.223 126.714 131.573 124.712 113.448 229.117
threshold=0.27941177785396581 0.57352942228317272 0.04601305725000001 3.5000000000000004 0.10294117778539659 0.33823530375957495 -0.13172641999999998 1.5000000000000002 -0.013681760949999998 -22.73482267252939 10.65015479876161 11.403051592271213 9.5000000000000018 14.500000000000002 7.5000000000000009 1.5679100000000001 -22.440938972882439 5.5000000000000009 76.554730456576181 7.5000000000000009 15.500000000000002 76.554730456576181 -0.23260509499999996 3.5000000000000004 40.694488838603355 0.044117647223174579 3.382352941176471 0.8919598150000001 5.4272445820433441 9.5080668581966847
decision_type=2 2 2 2 2 2 2 2 2 2 2 2 2 2 8 2 2 8 2 2 2 2 2 10 2 2 2 2 2 2
left_child=4 2 5 10 -1 21 18 -7 -6 12 -3 -8 -4 23 -13 -14 -12 -11 19 20 -5 25 -23 -9 -25 26 -2 -20 -19 -30
right_child=1 3 9 6 8 7 11 13 -10 17 16 14 15 -15 -16 -17 -18 28 27 -21 -22 22 -24 24 -26 -27 -28 -29 29 -31
leaf_value=-0.04105199115062582 -0.028386073437072681 0.02066244886036403 0.015555498623577472 0.014280437251182913 -0.029539260213574215 0.015521350854664388 -0.012743011299499766 -0.0020479133419312066 -0.0091456284076975643 0.010030858956194127 0.042884612154212597 0.022740863665192956 -0.00076803153227570622 -0.015389042791670715 0.010067532888087781 0.044252432554724025 -0.019328992383027994 -0.0055543064438152885 0.033252454810783823 -0.0039011461724044005 -0.0010304691427580669 0.011362921579217374 -0.019075774790171314 -0.0070503068722217732 0.01807970319358352 -0.0092322291471687804 -0.0080091402512420945 0.006804199505894214 -0.014619146248831587 0.0080934357731745604
leaf_weight=4174.4683819115162 1941.2343302369118 10714.772119298577 7332.4306201562285 3826.7374893575907 4290.2266810834408 2596.3304976448417 875.58418966084719 24988.8532576859 3246.7607480213046 3203.4446837976575 126.23575593531132 4625.7948854118586 4645.7763940021396 3169.7057769745588 8227.7536537647247 221.52220668643713 645.11689903587103 8940.0472122728825 651.57322083413601 7467.4526832699776 4900.7037000954151 1353.5654612630606 534.75504354387522 937.52732586860657 1779.9145560860634 15154.511388473213 1339.6470547169447 1408.3573182374239 1420.1499706059694 5076.805624358356
leaf_count=37627 9925 88443 47173 23841 27342 17002 4702 124925 18288 17443 1050 35845 23723 13463 53060 1294 3568 44884 4376 37913 30053 5848 2316 5471 10322 66111 6029 8359 7037 26656
internal_value=2.59355e-05 0.00258767 -0.00131782 0.0101915 -0.0279936 -0.00436256 0.00714882 -0.00101799 -0.0207565 0.00399324 0.0186628 0.0128834 0.00986445 -0.00240923 0.0146299 0.00128962 -0.00910508 0.000150359 0.0028355 0.00126422 0.0056838 -0.0098706 0.00273743 -0.000923784 0.00941035 -0.0111621 -0.0200708 0.0151821 -0.00190053 0.00312728
internal_weight=139818 128106 84636.2 43470.1 11711.5 53796 31984 33472.3 7536.99 30840.2 11486.1 13729.1 12199.7 30876 12853.5 4867.3 771.353 18640.4 18254.8 16194.9 8727.44 20323.7 1888.32 27706.3 2717.44 18435.4 3280.88 2059.93 15437 6496.96
internal_count=804089 720832 429622 291210 83257 261412 198149 171183 45630 168210 93061 93607 72190 154181 88905 25017 4618 96020 104542 91807 53894 90229 8164 140718 15793 82065 15954 12735 78577 33693
is_linear=0
shrinkage=0.05


Tree=42
num_leaves=31
num_cat=0
split_feature=16 18 4 14 17 11 22 20 11 14 10 14 14 17 23 22 23 11 12 14 14 11 12 22 14 4 12 13 14 12
split_gain=3769.48 1276.63 755.947 734.138 457.114 380.73 363.072 428.914 393.871 353.065 402.3 316.277 246.217 234.636 222.077 217.588 359.117 362.749 333.213 221.396 536.826 384.277 196.371 191.861 201.652 201.861 191.628 189.516 190.295 363.856
threshold=0.27941177785396581 185.39170837402347 119.94234003126623 211.50000000000003 159.91176605224612 88.744555543150895 0.04601305725000001 -8.318016052246092 29.290478826860898 206.50000000000003 -19.716644409298894 169.50000000000003 240.50000000000003 177.64930725097659 0.53717247000000012 -0.15288999499999997 0.61970767500000012 10.389228504554778 5.2461300309597538 269.50000000000006 260.50000000000006 33.789285444495953 2.3018575851393193 1.5224150000000003 270.50000000000006 46.50151693075896 8.0216718266253881 -62.591906146333763 192.50000000000003 10.162538699690405
decision_type=2 2 2 2 2 2 2 2 2 2 8 2 2 2 2 2 2 2 2 2 2 2 2 2 2 2 2 2 2 2
left_child=3 2 4 -1 -2 9 7 -6 26 10 -4 -3 -7 -12 -15 -11 17 -17 19 20 22 -22 -19 24 25 -10 -8 -9 -29 -30
right_child=1 11 5 -5 6 12 8 27 23 15 13 -13 -14 14 -16 16 -18 18 -20 -21 21 -23 -24 -25 -26 -27 -28 28 29 -31
leaf_value=-0.040756867090027571 -0.028795679545732158 0.040100691331482169 0.0087188106063395814 -0.015454645296434472 0.014345647542905019 0.0048445991786284079 -0.0044802882254538429 0.011233552515357272 0.020305558934993678 -0.0074981863510435749 -0.028155490167216503 0.014567537657155528 0.038911355101272825 0.022137062176752483 -0.01515827873908533 -0.066554192397706796 0.0058000004838692169 -0.025228300824076219 0.027190863263817946 0.018012000339350701 -0.023474010669274001 -0.098419784516599079 0.0050002387913985489 0.034833001002359691 0.056878747647657657 0.0076566816872269284 0.010968937767255172 -0.0061024407353669511 0.0029248755184328808 -0.026092593762700445
leaf_weight=5442.2084763050079 1048.4135610237718 1350.837654106319 1508.3431593105197 6061.0644117444754 5930.853283457458 3622.2357477918267 5711.5922663584352 3385.3191524446011 4745.8455581516027 15817.491322733462 3832.3401277884841 11836.151268310845 620.46257542073727 460.16884180158377 2971.0857703760266 276.90552800893784 10720.674917064607 878.38813236355782 590.11822891235352 479.94271034002304 382.8249988257885 309.40386871993542 1380.2721110507846 1049.2005773633718 252.72566342353821 9407.8742816522717 3093.4370584562421 12569.550771132112 22330.300591498613 1134.2383617162704
leaf_count=49979 6538 14090 7600 33187 42956 18050 34652 20773 35717 71367 17642 82857 3246 2187 14148 1160 55178 4194 2681 2236 1742 1393 6331 7788 1431 58680 18762 64417 117595 5439
internal_value=-1.50566e-05 0.00245454 0.000757932 -0.0274277 0.00395826 -0.00439893 0.00445197 0.00181077 0.00938888 -0.0059238 -0.0147741 0.0171859 0.0098346 -0.0196532 -0.0101516 -0.00340574 0.00090463 -0.011305 -0.00748463 -0.0134552 -0.0185774 -0.057066 -0.00676154 0.0141972 0.012692 0.0118991 0.000948058 -7.54859e-05 -0.00113823 0.00152117
internal_weight=139200 127697 114510 11503.3 70659.4 43850.7 69610.9 45350.3 24260.7 39608 8771.94 13187 4242.7 7263.59 3431.25 30836 15018.5 4297.86 4020.95 3430.83 2950.89 692.229 2258.66 15455.6 14406.4 14153.7 8805.03 39419.4 36034.1 23464.5
internal_count=804016 720850 623903 83166 414748 209155 408210 251180 157030 187859 41577 96947 21296 33977 16335 146282 74915 19737 18577 15896 13660 3135 10525 103616 95828 94397 53414 208224 187451 123034
is_linear=0
shrinkage=0.05


Tree=43
num_leaves=31
num_cat=0
split_feature=15 19 5 15 22 22 11 9 11 5 5 22 24 13 4 24 25 22 9 19 5 22 11 25 9 22 22 11 13 11
split_gain=3380.92 1406.91 811.569 421.897 370.716 361.965 350.552 301.27 264.405 237.392 222.413 215.955 196.023 185.631 184.382 205.906 177.65 156.577 155.77 153.359 138.587 124.989 120.882 116.135 112.72 110.912 257.543 241.192 167.254 149.693
threshold=18.856004714965824 0.42647059261798864 4.5000000000000009 31.400850296020511 -0.15288999499999997 0.47169341500000006 21.205184842975978 14.500000000000002 88.744555543150895 14.500000000000002 1.5000000000000002 -0.17849789999999996 2.5000000000000004 -26.964690820951208 248.78074994683269 3.5000000000000004 28.597947597503666 -0.7116301049999999 31.500000000000004 0.66176471114158641 27.500000000000004 1.5224150000000003 17.687629925646469 30.810327410697941 76.500000000000014 -1.6132802499999999 -1.21867025 55.889192541778648 -12.470812891082312 15.793902891665141
decision_type=2 2 2 2 2 2 2 2 2 2 2 2 8 2 2 8 2 2 2 2 2 2 2 2 2 2 2 2 2 2
left_child=1 4 6 11 8 9 7 -3 14 19 -8 -2 -12 21 -1 -16 -11 20 -6 24 -17 -7 -13 -18 25 -4 27 28 -27 -28
right_child=3 2 5 -5 18 13 10 -9 -10 16 12 22 -14 -15 15 17 23 -19 -20 -21 -22 -23 -24 -25 -26 26 29 -29 -30 -31
leaf_value=-0.0073151644343039182 -0.031684642707787029 0.016578057711956445 0.013214926462569233 -0.042991168230141256 -0.0010025878829678281 0.015280725636579857 0.027662723127394609 -0.0049829265967915471 0.014033567387775706 -0.0090676668952458291 0.0048444938438704484 0.023286083091570136 0.017850391752030275 0.0042483937520544418 -0.027891225781767962 0.0022825034902698486 -0.073000871002647807 -0.014108256464919137 0.015085830354581026 0.0079518140503172102 0.063061006412834228 0.042503919302568943 -0.014092203846642165 -0.00029343734294733591 0.020760789613640807 -0.019999011202965954 -0.013278220300169534 -0.03913275150352194 0.0098075240482987918 0.0015127469485827164
leaf_weight=20669.419223301113 2322.1463271528482 2730.0313206240535 1449.1907601878047 3750.8694404885173 22439.25247964263 4774.1082431599498 3942.6302227303386 3982.2995680272579 1250.286411061883 2776.968754760921 3998.8635549470782 237.81548675149679 10523.198099367321 5042.1203557029366 2585.8116522058845 441.35659920424223 187.68342114984989 2434.9205957949162 1611.6352517157793 7822.9570327922702 118.1292265355587 461.97466962784529 2302.6755544617772 77.484106987714767 648.24590742588043 1007.8359014838934 1833.6203044727445 780.05707044154406 881.3719035834074 25302.660257913172
leaf_count=93517 16317 22833 7355 37004 107997 34002 32927 24174 5606 12784 24297 1202 85129 31754 12491 1979 820 10780 8841 46540 520 3827 14115 337 3920 4963 9033 3634 4200 139572
internal_value=-5.84658e-05 0.00195505 0.00618131 -0.0303915 -0.00445788 0.00267256 0.0135736 0.00378749 -0.00842304 0.000647704 0.0171307 -0.0206658 0.0142696 0.0110972 -0.00949315 -0.0175578 -0.0128114 -0.00862805 7.60696e-05 0.00167867 0.0152048 0.0176903 -0.0105854 -0.0518361 0.000140227 -0.000288108 -0.000945068 -0.0157613 -0.00609554 0.000512857
internal_weight=138388 129774 78223.3 8613.51 51550.8 53046.3 25177 6712.33 27499.9 42768.1 18464.7 4862.64 14522.1 10278.2 26249.6 5580.22 3042.14 2994.41 24050.9 39725.9 559.486 5236.08 2540.49 265.168 31903 31254.7 29805.5 2669.26 1889.21 27136.3
internal_count=802470 733832 492101 68638 241731 302741 189360 47007 124893 233158 142353 31634 109426 69583 119287 25770 13941 13279 116838 219217 2499 37829 15317 1157 172677 168757 161402 12797 9163 148605
is_linear=0
shrinkage=0.05


Tree=44
num_leaves=31
num_cat=0
split_feature=15 19 20 14 14 21 21 19 14 22 21 20 4 19 21 21 22 22 21 14 21 14 14 21 14 2 14 9 9 22
split_gain=3057.57 1357.71 846.305 734.597 612.328 594.59 430.516 410.887 332.37 340.461 328.127 345.985 295.098 292.831 274.907 215.815 215.53 195.275 222.051 192.123 189.945 230.799 183.73 410.986 300.054 287.992 241.438 224.003 261.832 184.542
threshold=19.744426727294925 0.42647059261798864 -2.4217987060546871 205.50000000000003 215.50000000000003 -0.11925592499999998 -1.6777381999999998 0.22058823704719546 252.50000000000003 0.71033275500000015 1.5744800000000003 76.857505798339858 174.82670840620997 0.60294118523597728 -0.79875919499999992 -0.14242072499999997 1.5224150000000003 0.45226171500000006 0.080794680850000009 259.50000000000006 -1.5734585999999997 263.50000000000006 233.50000000000003 -1.2226113499999998 212.50000000000003 8.6521419882774371 201.50000000000003 63.500000000000007 48.500000000000007 -1.2068874999999999
decision_type=2 2 2 2 2 2 2 2 2 2 2 2 2 2 2 2 2 2 2 2 2 2 2 2 2 2 2 2 2 2
left_child=1 3 -3 7 -2 8 -5 -1 9 22 11 13 15 -7 19 -8 -9 18 -13 -10 21 -21 24 -24 25 -4 29 28 -26 -27
right_child=4 2 5 6 -6 10 12 16 14 -11 -12 17 -14 -15 -16 -17 -18 -19 -20 20 -22 -23 23 -25 27 26 -28 -29 -30 -31
leaf_value=-0.02112642655927887 -0.042546063272990299 0.018356233790277812 0.01143192076137595 -0.033512894776857323 -0.014752155951322577 0.0058823036519333131 -9.4487836541904641e-06 -0.0076266869267871719 -0.044368688513510689 0.019276544953473609 0.029439875346110662 0.018856988327052508 -0.0031000789178966533 0.017532450893454159 -0.001202511983196912 0.012281772736090435 0.026074715025328161 0.012055430999085046 -0.010708202791635512 -0.11357117910455435 -0.0028774916307719662 -0.024347251616710877 -0.019899113697068184 0.014204452322823117 -0.0099430863835425591 -0.031318859401704834 0.013461348463069648 0.010620587970991824 -0.042148099487011953 -0.0052775075766328342
leaf_weight=7279.0916710048914 4352.9960627406836 11999.489023253322 5304.4510187134147 899.13006236404181 3639.8112986683846 12926.054081827402 6486.0593298524618 13110.754711978137 707.43689300119877 2537.3160421848297 1833.5196006223559 734.61026777327061 16011.215851090848 9257.2613874897361 3616.444788441062 7946.2499984279275 491.25575941056013 1876.4761311411858 4649.0648194476962 77.878014326095581 1403.278500571847 911.64424683153629 1084.2588584944606 4750.5761199742556 5955.7290472239256 809.05109652876854 1487.5760872885585 1139.9615050256252 705.13486687839031 4251.768451333046
leaf_count=37687 45636 99884 32144 3897 20403 81095 29341 59932 3217 17715 13673 3819 71532 70275 18003 40636 2596 11863 25204 343 6196 3799 5553 25287 30136 3755 7772 7216 4259 21924
internal_value=0.000123061 0.00196529 0.00614193 -0.00427434 -0.0298925 0.00392165 0.000565981 -0.0115394 -0.000580571 0.00181365 0.00892258 0.00764396 0.00157355 0.0107446 -0.0105694 0.00675833 -0.00640769 -0.0018301 -0.00667124 -0.021492 -0.0147128 -0.031477 7.45741e-05 0.00786483 -0.0022385 0.00277343 -0.00424095 -0.00985319 -0.0133582 -0.00944599
internal_weight=138236 130243 78019 52223.8 7992.81 66019.5 31342.7 20881.1 34742.5 28025.8 31277 29443.5 30443.5 22183.3 6716.68 14432.3 13602 7260.15 5383.68 3100.24 2392.8 989.522 25488.5 5834.83 19653.7 11852.8 6548.4 7800.83 6660.86 5060.82
internal_count=804792 738753 493132 245621 66039 393248 145406 100215 187319 155761 205929 192256 141509 151370 31558 69977 62528 40886 29023 13555 10338 4142 138046 30840 107206 65595 33451 41611 34395 25679
is_linear=0
shrinkage=0.05


Tree=45
num_leaves=31
num_cat=0
split_feature=16 18 5 17 20 20 20 5 17 16 20 17 12 20 15 20 5 20 20 20 5 20 17 20 25 12 5 20 25 20
split_gain=2931.79 1193.5 565.136 550.286 490.648 490.183 407.013 203.553 194.662 191.589 226.322 268.714 188.399 184.944 182.925 172.611 172.49 166.762 155.389 142.595 135.663 258.612 121.836 175.939 121.329 120.41 118.762 114.105 112.633 134.33
threshold=0.22058823704719546 182.33635711669925 11.500000000000002 159.91176605224612 35.119430541992195 48.609481811523445 -17.53835296630859 15.500000000000002 213.25555419921878 0.72058823704719555 52.393394470214851 199.7559509277344 5.7058823529411775 79.287681579589858 31.400850296020511 102.1791458129883 22.500000000000004 61.02986145019532 -5.5233306884765616 70.059715270996108 29.500000000000004 82.209007263183608 179.44565582275393 82.68857574462892 25.290988522768025 4.2554179566563475 1.5000000000000002 80.265686035156264 23.482144188880927 36.092330932617195
decision_type=2 2 2 2 2 2 2 2 2 2 2 2 2 2 2 2 2 2 2 2 2 2 2 2 2 2 2 2 2 2
left_child=5 2 3 -2 7 -1 -3 -4 19 10 18 22 16 28 25 17 -6 -14 -5 26 -18 -22 23 24 -12 -7 -8 -27 -11 -30
right_child=1 6 4 9 12 14 8 -9 -10 13 11 -13 15 -15 -16 -17 20 -19 -20 -21 21 -23 -24 -25 -26 27 -28 -29 29 -31
leaf_value=-0.042651147975772102 -0.030477879650969361 0.031796579887718487 -0.011535630692502836 0.0064915177774899635 -0.0027480654421640285 -0.019701333069509174 0.026186643223300228 -0.030214648109430055 0.026774974344538072 0.0096256904051166964 0.02991945153292765 -0.02081090052670689 -0.0043181865228215481 -0.003164186896120723 -0.032809685467246157 -0.013076572236798851 -0.016812298340601561 0.016691307571446847 -0.0050048252358868683 -0.0001167995200195822 -0.030794835074128352 0.049342100237950624 0.0032237812042191015 0.0034700642427186778 0.0059327731583354547 -0.011081285225571223 0.0094015858716644269 0.018859217651183632 0.0066956347131293019 -0.0048095212445631811
leaf_weight=3566.0642697438598 1270.9044491276145 2358.1203370094299 4068.9773837924004 3516.8468777090311 18651.702515557408 2005.495691858232 1137.8610934019089 2274.4027925431728 1574.3027073740959 16714.344577275217 1701.8259350210428 942.67204443365335 1391.0313849151134 5344.9679884687066 1502.1232531815767 1002.0542567819357 3843.2906828597188 2939.1072419732809 17873.116758450866 3847.529703348875 181.03076972067356 224.4024680107832 8642.6473098993301 2398.0245824381709 764.43850629031658 905.82321631163359 14186.449359297752 489.26320791244507 8615.1930745914578 3595.0182716026902
leaf_count=37635 8682 24261 18810 22092 86869 11486 9655 11110 11723 106948 8862 5350 6427 28190 13028 4361 17194 13577 89275 20888 891 965 46892 11977 3690 5131 97743 2102 56628 21813
internal_value=-5.04429e-05 0.0018197 -0.000425609 0.00211585 -0.0056722 -0.0285474 0.0121162 -0.0182367 0.00987783 0.00270712 0.00015121 0.00498527 -0.00284864 0.00538004 -0.0182822 0.00561515 -0.00481952 0.00994269 -0.00311443 0.00848899 -0.0139103 0.0135723 0.00678703 0.0131161 0.02249 -0.0118573 0.0106495 -0.000575026 0.00695898 0.00330809
internal_weight=137529 129060 105956 71380 34576 8468.77 23104.3 6343.38 20746.1 70109.1 35839.6 14449.6 28232.6 34269.5 4902.71 5332.19 22900.4 4330.14 21390 19171.8 4248.72 405.433 13506.9 4864.29 2466.26 3400.58 15324.3 1395.09 28924.6 12210.2
internal_count=804255 734873 570603 410399 160204 69382 164270 29920 140009 401717 188138 76771 130284 213579 31747 24365 105919 20004 111367 128286 19050 1856 71421 24529 12552 18719 107398 7233 185389 78441
is_linear=0
shrinkage=0.05


Tree=46
num_leaves=31
num_cat=0
split_feature=16 19 14 21 14 14 16 21 25 21 5 14 11 20 14 21 5 11 11 21 11 21 11 5 9 24 11 14 5 14
split_gain=2639.08 1158.02 651.273 506.642 469.98 463.662 460.943 412.365 393.935 335.584 314.78 283.55 275.171 262.52 255.875 309.877 252.844 237.407 226.623 218.94 204.068 198.521 194.631 194.32 163.694 161.526 256.964 204.763 171.889 156.966
threshold=0.1911764740943909 0.57352942228317272 250.50000000000003 -0.071224827349999978 206.50000000000003 217.50000000000003 0.63235294818878185 0.0095684877600000027 26.814813715219504 -0.81418859999999993 2.5000000000000004 233.50000000000003 9.9283420878805639 -13.290626525878904 260.50000000000006 0.76635733000000006 10.500000000000002 97.424542144990468 41.848222688509402 1.5744800000000003 52.834792444292155 -1.6978661499999999 75.951033719080073 17.500000000000004 40.500000000000007 4.5000000000000009 59.618031340925135 268.50000000000006 29.500000000000004 256.50000000000006
decision_type=2 2 2 2 2 2 2 2 2 2 2 2 2 2 2 2 2 2 2 2 2 2 2 2 2 8 2 2 2 2
left_child=4 3 7 8 -1 6 -5 10 13 -4 -3 -10 14 -2 -7 -16 -14 23 21 20 24 -13 -22 29 -11 26 27 -18 -27 -15
right_child=1 2 9 5 -6 12 -8 -9 11 19 -12 18 16 17 15 -17 25 -19 -20 -21 22 -23 -24 -25 -26 28 -28 -29 -30 -31
leaf_value=-0.044044665028463333 0.016779516052423778 0.019781953272227204 -0.021430901335339481 -0.011982957251635602 -0.018154757070005145 0.012604041757163216 0.0038718631055062584 0.019303589089667256 -0.017374396193602478 -0.00015559564318821546 0.0043966300368797817 -0.039483537249118683 0.015928573511182608 -0.0011009594435595507 -0.067482951037944619 -0.001141705752692838 -0.021005142522321749 0.027913791792832383 -0.018674565381628355 0.034122403477318902 -0.024777214882040793 0.0058520035203961434 0.021042341031260934 -0.017477563021654912 0.020517772718841261 0.0066254886964259496 0.012256300862447791 0.029845841582633894 0.045273645827129276 -0.012330464344459979
leaf_weight=3152.7657926976681 1750.4702415317297 4190.9271070212126 1918.5716699361801 8435.6767834275961 3951.9823700264096 463.34882960468531 10038.374368682504 11908.760909877717 9118.7734811455011 5005.334287635982 16072.06870405376 256.4680684953928 7657.7752034515142 23816.738295257092 360.86823968589306 342.80029159784317 1887.9196805208921 602.69987187534571 1691.780453234911 491.11292278766632 1273.5580549091101 3887.1241658553481 282.46943958103657 2373.9834930896759 1183.0314124450088 9359.7207081690431 1348.9824717193842 220.26280146837234 295.85890880227089 3578.6356456428766
leaf_count=35650 13036 36752 8372 41401 26713 2426 61014 99420 46358 27367 99550 1105 46713 116787 1628 1875 8580 3032 7579 3700 6878 17379 1739 10288 7438 45640 6391 978 1255 16521
internal_value=2.1985e-05 0.00164605 0.00843546 -0.00163865 -0.0296481 0.00246805 -0.00336807 0.0119198 -0.0051639 -0.00260426 0.00757954 -0.0118671 0.00738269 -0.00204303 -0.0162325 -0.0352115 0.00871025 -0.00312837 -0.00325962 0.00178372 -0.000271182 0.00303711 -0.0164513 -0.00375776 0.00379921 0.00449389 -0.00477926 -0.0156806 0.00781428 -0.00256826
internal_weight=136919 129814 42325.8 87488.3 7104.75 40411.6 18474.1 32171.8 47076.7 10154.1 20263 14954.1 21937.5 32122.5 1167.02 703.669 20770.5 30372.1 5835.37 8235.51 7744.39 4143.59 1556.03 29769.4 6188.37 13112.7 3457.16 2108.18 9655.58 27395.4
internal_count=803565 741202 291216 449986 62363 217901 102415 235722 232085 55494 136302 72421 115486 159664 5929 3503 109557 146628 26063 47122 43422 18484 8617 143596 34805 62844 15949 9558 46895 133308
is_linear=0
shrinkage=0.05


Tree=47
num_leaves=31
num_cat=0
split_feature=15 19 5 14 21 14 21 19 14 5 14 21 4 14 21 23 21 23 23 21 21 14 18 13 23 14 23 23 21 23
split_gain=2534.97 1070.11 657.863 656.864 503.723 456.405 351.605 327.15 321.197 356.882 269.17 268.774 260.058 251.54 235.157 232.7 231.928 220.391 220.768 229.734 435.846 212.116 193.338 177.532 176.639 287.769 334.362 212.452 171.734 407.183
threshold=21.682642936706547 0.39705882966518408 3.5000000000000004 207.50000000000003 1.1001508500000001 215.50000000000003 -1.6487905499999997 0.10294117778539659 253.50000000000003 13.500000000000002 247.50000000000003 0.0095684877600000027 158.38477348536256 242.50000000000003 -0.78959470999999992 2.4041249500000004 -0.79875919499999992 0.22531373500000004 2.1829980500000006 -1.6978661499999999 -1.3268715999999998 262.50000000000006 185.39170837402347 -79.376225647311387 1.5588021500000002 263.50000000000006 1.4620874500000001 1.5077936500000002 0.24118209000000004 0.61457589000000012
decision_type=2 2 2 2 2 2 2 2 2 2 2 2 2 2 2 2 2 2 2 2 2 2 2 2 2 2 2 2 2 2
left_child=1 3 10 7 8 -2 -5 -1 9 11 22 13 -8 15 -12 17 21 -4 -19 -20 -21 -10 -3 -9 25 -6 -27 -28 -18 -30
right_child=5 2 4 6 24 -7 12 23 16 -11 14 -13 -14 -15 -16 -17 28 18 19 20 -22 -23 -24 -25 -26 26 27 -29 29 -31
leaf_value=-0.027333358401633048 -0.042190287319819268 0.013101767663152209 -0.030487599618850621 -0.02965970589249485 0.015340624366377243 -0.01537848074561078 0.0074730360201069731 0.030871164432751522 -0.041237029366930508 -0.010695782478305531 -0.019945492939414129 0.010301678626294138 -0.0023454145310190045 0.016230481931516438 0.010202520903896038 0.03279172523129522 0.0035146123798393903 0.00093993284553552678 0.0073565703750586055 -0.09334725496220192 0.018491128236081029 -0.0093544099484322591 0.026692582854495196 -0.0093322943596626101 0.024163255048194728 -0.0070396553060864762 -0.16357127255534892 -0.011043011749144542 -0.036363242617231603 -0.0009366140970714223
leaf_weight=2722.885393820703 3638.4542029500008 12301.974727906287 602.74381577968597 930.81388381868601 2239.2049629986286 2817.878319747746 11193.797485724092 278.18493267893791 797.71776938438416 4225.3930786252022 1022.4583317935467 13597.419578894973 16962.51805511862 2672.2499301210046 1756.6203302592039 530.35316905379295 5070.1022737473249 22437.808834984899 259.76871054619551 244.11209766566753 134.69966774433851 1506.467920050025 3324.9412915036082 16867.239785037935 3297.7097333520651 495.56275532394648 61.583270505070686 36.181331172585487 1094.7718176618218 3122.2136357948184
leaf_count=18638 42780 96821 3820 4072 15516 16845 54491 1347 3514 19558 4628 93799 76358 14302 11113 3057 25553 125551 1338 1103 838 6431 33261 76178 24877 3090 329 223 5379 17933
internal_value=8.39613e-05 0.00160522 0.00513846 -0.00422862 0.00268905 -0.0304924 0.000558142 -0.0112361 0.0012068 0.00312993 0.0134453 0.00457335 0.00155813 0.00167555 -0.000892501 6.83721e-05 -0.00620985 -0.000665903 0.000114313 -0.0288516 -0.0536353 -0.0204054 0.015995 -0.00867823 0.0162986 0.00713706 -0.0237967 -0.107806 -0.00268603 -0.0101402
internal_weight=136244 129787 80832.1 48955.4 62426.1 6456.33 29087.1 19868.3 56295.8 44704.5 18406 40479.2 28156.3 26881.7 2779.08 24209.5 11591.3 23679.1 23076.4 638.58 378.812 2304.19 15626.9 17145.4 6130.24 2832.53 593.327 97.7646 9287.09 4216.99
internal_count=802743 743118 512034 231084 366211 59625 134921 96163 322176 263366 145823 243808 130849 150009 15741 135707 58810 132650 128830 3279 1941 9945 130082 77525 44035 19158 3642 552 48865 23312
is_linear=0
shrinkage=0.05


Tree=48
num_leaves=31
num_cat=0
split_feature=16 19 14 22 20 11 14 14 13 14 23 11 12 23 14 23 23 4 23 14 22 22 14 11 23 23 22 14 11 12
split_gain=2338.25 930.585 559.552 480.533 612.547 434.438 316.746 272.998 251.468 397.392 312.474 298.859 472.868 472.405 250.1 232.027 231.431 228.581 226.573 214.852 306.229 232.617 244.06 261.128 318.668 455.178 405.586 550.287 287.105 302.331
threshold=0.22058823704719546 0.63235294818878185 208.50000000000003 -0.13172641999999998 -7.7343139648437491 76.554730456576181 250.50000000000003 241.50000000000003 -23.598412770189732 219.50000000000003 1.3455228000000001 9.9283420878805639 5.4272445820433441 1.9593707000000002 269.50000000000006 2.2729268000000005 0.53717247000000012 288.59981783479458 0.63108661500000018 232.50000000000003 -1.2068874999999999 -1.6132802499999999 257.50000000000006 44.293974340700153 1.2471615 1.4903361500000003 -0.43459500499999998 269.50000000000006 26.375174039641063 4.3544891640866874
decision_type=2 2 2 2 2 2 2 2 2 2 2 2 2 2 2 2 2 2 2 2 2 2 2 2 2 2 2 2 2 2
left_child=2 3 -1 4 -2 17 -3 -7 10 15 -5 18 14 -14 -13 -10 -16 19 -11 20 -6 -21 -23 24 26 28 -24 -28 -26 -30
right_child=1 6 -4 8 5 7 -8 -9 9 11 -12 12 13 -15 16 -17 -18 -19 -20 21 -22 22 23 -25 25 -27 27 -29 29 -31
leaf_value=-0.041336682867617103 0.013125414039869275 0.01415427736006657 -0.01464103030806733 0.003854010475883594 -0.019810575973227839 0.0028878700837595465 0.00052773798700093987 0.030848455281869455 -0.0089331715156582212 -0.050335632239902721 0.01811796798539532 -0.0011200975483095111 0.02615485682372273 -0.035717164191483526 -0.0088594083319888089 0.019755727522101859 0.035252048957148223 -0.016863011125458023 -0.0050644435124973311 0.021264146065027991 -0.0056220723143529938 0.0021448423690177709 0.026889056146973851 -0.027114047386102 -0.015653747524352803 -0.00034253640005504405 0.0037935270848138501 -0.069727933174330181 -0.043392253622679559 -0.13780099881471694
leaf_weight=3443.7185650318861 5179.7980517148972 17413.597129918635 4567.2695081904531 13075.946679025888 4651.585844643414 4537.7079827934504 5647.7559589445591 1080.0189763009548 10121.871488064528 318.53796100616455 5434.9796054959297 8761.4693323224783 4129.7405746430159 332.54980324953794 429.12536486983299 756.58302508294582 964.73439882695675 4729.8910286724567 2048.583197183907 1096.8525988459587 20831.837829068303 10369.249039068818 1267.3565823212266 1698.4010867327452 248.67275500297546 905.89142695069313 1256.0628109946847 318.15243800729513 188.91258296370506 154.94967760145664
leaf_count=40391 37867 133142 29090 81614 22337 23100 31189 5591 55926 1369 37628 44960 23045 1744 2080 4724 5112 22091 10420 5157 104722 52355 6043 7674 1072 4214 6152 1576 871 753
internal_value=8.28408e-05 0.00172362 -0.0261205 -0.000275825 -0.00328859 -0.00488289 0.0108173 0.00826788 0.0035257 0.000524588 0.00804279 0.00530327 0.00797231 0.0215369 0.00201044 -0.00693626 0.0216749 -0.00643124 -0.0111752 -0.00528309 -0.00821263 -0.00101797 -0.00250874 -0.010499 -0.00399216 -0.0226418 0.00584674 -0.0111002 -0.0566758 -0.0862105
internal_weight=135962 127951 8010.99 104889 58515.3 53335.5 23061.4 5617.73 46374.1 27863.2 18510.9 16984.7 14617.6 4462.29 10155.3 10878.5 1393.86 47717.8 2367.12 42987.9 25483.4 17504.5 16407.6 6038.4 4340 1498.43 2841.57 1574.22 592.535 343.862
internal_count=804009 734528 69481 570197 301575 263708 164331 28691 268622 149380 119242 88730 76941 24789 52152 60650 7192 235017 11789 212926 127059 85867 80710 28355 20681 6910 13771 7728 2696 1624
is_linear=0
shrinkage=0.05


Tree=49
num_leaves=31
num_cat=0
split_feature=16 19 14 21 14 21 14 19 25 4 23 4 11 21 14 14 21 11 5 11 21 23 14 21 5 20 11 14 23 5
split_gain=2169.97 983.422 503.117 443.902 421.994 409.194 337.269 334.772 302.745 301.046 287.196 281.709 269.155 265.593 264.368 263.525 245.273 228.79 206.201 204.996 188.058 185.308 184.24 303.353 176.787 171.003 224.594 207.429 170.765 166.965
threshold=0.1911764740943909 0.57352942228317272 212.50000000000003 -0.071224827349999978 206.50000000000003 -0.11925592499999998 218.50000000000003 0.22058823704719546 26.814813715219504 124.94380021095277 1.6901442000000002 12.400000035762789 9.9283420878805639 -1.6487905499999997 243.50000000000003 235.50000000000003 0.59002947500000003 98.898445862815393 9.5000000000000018 38.133061216700106 -1.2414231999999996 0.75663212000000013 242.50000000000003 0.30427013500000005 21.500000000000004 9.615272521972658 27.079945701987018 193.50000000000003 2.3124152500000004 29.500000000000004
decision_type=2 2 2 2 2 2 2 2 2 2 2 2 2 2 2 2 2 2 2 2 2 2 2 2 2 2 2 2 2 2
left_child=4 3 18 8 -1 13 7 -5 11 22 25 -2 21 -4 16 -10 -7 24 28 20 -17 -11 23 -8 -13 -9 -27 -28 -3 -14
right_child=1 2 5 6 -6 14 9 10 15 12 -12 17 29 -15 -16 19 -18 -19 -20 -21 -22 -23 -24 -25 -26 26 27 -29 -30 -31
leaf_value=-0.042334169022067498 0.014891881811241901 0.014868222001720178 -0.029399269655666943 -0.01613346809586674 -0.01695671976567413 0.0092718799185752543 0.004467876178131166 0.0059612865328603024 -0.015887180085903143 -0.062930868292654138 0.020519495170719784 -0.0033317393718214254 0.0025906114245617829 -0.0013549398989675732 0.0037843252709760973 -0.019069150277657588 0.033141435997415307 0.028806768104864308 -0.0012742043049327203 -0.0157992615596452 0.010069516495260764 -0.0078972928007790596 0.0085767939109232857 0.037835268726865136 -0.025122266609877004 -0.03462569930767543 -0.019675716758046247 0.0003726834388235064 0.040472643047101117 0.036412136015007
leaf_weight=2852.1588305607438 2249.2980282977223 15218.421452097595 912.24403757601976 3693.8887616619468 3852.345712043345 2566.7243757545948 1135.9724934697151 4678.4358940124512 9384.9570721015334 251.84600394964218 1623.76090683043 28368.565772339702 12524.579623818398 11175.17731038481 7276.6806127130985 678.07430670410395 1853.7261017858982 538.68312583118677 1946.7448034062982 1825.3062513023615 2999.4738808944821 388.05308277159929 5082.7853554114699 1701.3799785450101 961.407092705369 629.85702532529831 1612.4871649220586 6438.5402529910207 679.72356303036213 374.86531274020672
leaf_count=35699 14346 127913 4111 19519 26871 19774 7000 29560 47929 1035 10131 138617 61109 61501 45317 2999 15405 2784 10950 8181 13451 1873 29977 11281 4260 3256 7767 33800 5769 1622
internal_value=-2.66998e-05 0.0014173 0.00773905 -0.00160277 -0.0277572 0.00297766 0.00225914 -0.00265377 -0.00490029 0.00653495 0.000670329 -0.00216819 0.00200517 -0.00347372 0.00964402 -0.0107938 0.0192869 -0.00345338 0.0140847 -0.00210586 0.00469314 -0.0296213 0.0142773 0.0244825 -0.00404684 -0.0017436 -0.00589624 -0.00364462 0.0159654 0.00357623
internal_weight=135476 128772 41629.4 87142.2 6704.5 23784.6 40136.5 18677 47005.8 21459.5 14983.1 32118 13539.3 12087.4 11697.1 14887.8 4420.45 29868.7 17844.9 5502.85 3677.55 639.899 7920.14 2837.35 29330 13359.3 8680.88 8051.03 15898.1 12899.4
internal_count=803807 741237 290740 450497 62570 146108 217930 104033 232567 113897 84514 160007 65639 65612 80496 72560 35179 145661 144632 24631 16450 2908 48258 18281 142877 74383 44823 41567 133682 62731
is_linear=0
shrinkage=0.05


Tree=50
num_leaves=31
num_cat=0
split_feature=17 14 19 21 5 14 21 14 5 21 22 22 12 14 11 11 12 12 9 11 21 14 21 14 12 4 14 12 21 14
split_gain=2081.33 1116.11 759.939 531.732 434.783 439.843 303.469 285.92 284.89 282.201 236.617 235.408 217.551 203.713 196.505 180.225 233.631 190.227 157.419 166.009 285.546 163.49 157.098 148.308 195.561 148.23 164.646 146.946 167.106 144.265
threshold=159.91176605224612 220.50000000000003 0.63235294818878185 1.3326296000000002 12.500000000000002 202.50000000000003 -0.11925592499999998 249.50000000000003 1.5000000000000002 0.0095684877600000027 1.5679100000000001 0.075349397950000022 0.78482972136222917 236.50000000000003 100.96431947589475 88.744555543150895 2.2801857585139325 3.1656346749226012 75.500000000000014 21.205184842975978 0.84858900000000015 261.50000000000006 0.29393150000000007 169.50000000000003 5.7538699690402479 47.099999405443675 270.50000000000006 2.3018575851393193 -1.5327152499999999 255.50000000000003
decision_type=2 2 2 2 2 2 2 2 2 2 2 2 2 2 2 2 2 2 2 2 2 2 2 2 2 2 2 2 2 2
left_child=1 -1 3 4 6 -6 8 9 -2 23 18 13 -5 -3 29 16 -7 -17 19 20 21 -8 -23 -4 -25 -21 -27 -13 -29 -10
right_child=2 11 7 12 5 15 10 -9 14 -11 -12 27 -14 -15 -16 17 -18 -19 -20 25 -22 22 -24 24 -26 26 -28 28 -30 -31
leaf_value=-0.039321462523507253 0.010355505612016867 -0.033611259240503642 0.023912511576093601 0.043168937673763952 -0.019851399635618425 -0.013477472760660233 -0.0057460886737750443 0.00079764611902429514 -0.002095047519313348 0.022167704081211104 0.032504134139823622 -0.018749400359871913 0.011828877739304036 -0.0098465347241161912 0.033682583636541412 0.017993613023667553 -0.00075720468993338954 -0.023107173454673318 0.02651272772178935 0.012053726384763756 0.016706383045623465 -0.0027731159984947943 -0.04632398716864914 0.001903544081231887 0.017979014281071005 0.0021925787030287122 0.030833653118602616 -0.065541329017350658 0.0084160305914728773 -0.011141357584164523
leaf_weight=4448.2088629007339 4469.2979664057493 1182.1406984627247 1394.2213949114084 627.59354100376368 4949.9009273126721 5286.165225148201 1978.6462714746594 5901.1118482127786 30762.596991047263 6107.2551222592592 766.67557432502508 727.90451122820377 4666.1323436051607 3798.2594450861216 360.02193307876587 1668.4552329704165 11378.350319840014 337.72987858951092 780.19587685912848 6090.5119571611285 1039.2937512472272 316.35293498635292 599.16024206578732 6712.5104392617941 2633.5276723504066 17346.450117893517 515.73614687472582 77.536312118172646 2788.362649679184 5143.2851693481207
leaf_count=51785 29776 7261 14164 3875 25294 24047 12182 32826 161535 55233 5864 3261 30510 17270 2200 8165 52871 1597 5736 44598 6598 1773 3112 42266 19592 100498 2856 315 12175 23704
internal_value=-2.78433e-06 -0.0190015 0.00202811 0.000135907 -0.000734371 -0.00660175 0.00124082 0.0102693 -0.00155422 0.0135867 0.00510908 -0.00845635 0.0155518 -0.0154929 -0.00302219 -0.00308819 -0.00479278 0.0110665 0.00437529 0.003755 -0.00576384 -0.0138359 -0.0312946 0.00870558 0.00643473 0.00531834 0.00302121 0.00129672 0.00639297 -0.00339115
internal_weight=134854 13022.4 121831 99082.6 93788.8 23620.6 70168.2 22748.6 40735.2 16847.5 29433 8574.2 5293.73 4980.4 36265.9 18670.7 16664.5 2006.19 28666.3 27886.2 3933.45 2894.16 915.513 10740.3 9346.04 23952.7 17862.2 3593.8 2865.9 35905.9
internal_count=802939 92067 710872 546791 512406 111974 400432 164081 217215 131255 183217 40282 34385 24531 187439 86680 76918 9762 177353 171617 23665 17067 4885 76022 61858 147952 103354 15751 12490 185239
is_linear=0
shrinkage=0.05


Tree=51
num_leaves=31
num_cat=0
split_feature=17 19 16 21 4 11 12 21 22 21 22 22 12 5 5 22 22 21 0 12 21 22 11 11 21 17 22 22 12 22
split_gain=1800.14 710.957 530.003 481.517 373.005 309.988 285.426 249.983 242.631 230.776 223.561 299.417 204.858 201.054 180.097 173.339 171.155 171.137 162.855 156.888 156.386 162.403 150.404 154.629 146.785 140.122 129.893 129.856 165.794 129.321
threshold=159.91176605224612 0.63235294818878185 0.13235294446349147 1.4441750000000002 62.890511393547065 88.744555543150895 6.0541795665634686 -0.36164028999999992 1.5679100000000001 -0.64021539499999991 0.5938871200000001 -0.23260509499999996 4.314241486068112 3.5000000000000004 19.500000000000004 0.45226171500000006 -0.033103309549999994 1.4441750000000002 3.6244082450866704 11.291021671826627 -1.0392652499999999 -0.33686999999999995 100.96431947589475 17.687629925646469 0.56307989500000011 172.32727050781253 -0.64515053999999983 1.0894472500000003 7.6532507739938085 -1.6132802499999999
decision_type=2 2 2 2 2 2 2 2 2 2 2 2 2 2 2 2 2 2 2 2 2 2 2 2 2 2 2 2 2 2
left_child=2 3 -1 4 9 6 7 14 25 15 11 -7 17 19 29 -2 -15 -4 20 -3 21 -8 23 -5 -12 -9 -14 28 -28 -6
right_child=1 13 12 22 5 10 18 8 -10 -11 24 -13 26 16 -16 -17 -18 -19 -20 -21 -22 -23 -24 -25 -26 -27 27 -29 -30 -31
leaf_value=-0.033578613120065937 -0.0049895564378763628 0.019568397693765643 -0.019896489876298756 -0.031445456541368537 0.0092717949283745976 0.017565512003615801 0.0016310860714393754 -0.0097664222351755391 0.037472511549992517 0.0068424032943316844 0.044837203282950419 -0.0092464090506539209 -0.023431997056022485 0.0029121034009169512 -0.025341192293458794 0.010598545942295083 0.013356878629175024 0.0095952325628635808 -0.0091296365545412341 -0.015540079578950037 0.002828872211101461 0.031564375286452458 -0.021390177749881386 0.021752295151564825 0.012021965980509275 -0.0011548832824662297 -0.0013411090785944695 -0.022670665105171364 0.027311769000280029 -0.0094959390410615796
leaf_weight=3791.66952483356 9310.0586631000042 5699.0446381419897 5156.096841558814 141.26189548522234 968.45605743676424 1848.1038446798921 771.90423702448606 6146.909081235528 371.75212270766497 20487.951960586011 576.1881672590971 2382.4374068900943 561.85118167847395 10151.361759148538 1738.1444380804896 2204.9382573962212 6391.6399315819144 543.18682665377855 2093.9763718768954 336.3007667735219 6617.2765228897333 1096.6549338325858 236.43712156265974 3518.5352414622903 834.58471143990755 20392.888959288597 1648.9408350735903 420.9036525413394 726.5935118123889 17325.317425139248
leaf_count=42926 51630 52848 29549 938 4250 9248 3459 29797 2421 136697 3296 12672 3498 61942 8848 14300 47266 2519 10706 2071 34052 5466 1423 23530 5109 108469 8101 2063 3433 81050
internal_value=-8.79851e-05 0.00179213 -0.0178855 -3.27995e-05 -0.000738216 -0.00296633 -0.00406328 -0.0057353 -0.00258718 0.0036594 0.00821774 0.00246771 -0.0113131 0.00979876 -0.00996425 -0.00200402 0.00694816 -0.0170845 0.00335545 0.0176098 0.006437 0.0192064 0.0171931 0.0196909 0.0254466 -0.0031497 -0.00151653 0.00289346 0.00743062 -0.00850194
internal_weight=134491 121642 12849.2 99063.8 95167.5 63164.6 57523.3 46943.5 26911.6 32002.9 5641.31 4230.54 9057.57 22578.3 20031.9 11515 16543 5699.28 10579.8 6035.35 8485.84 1868.56 3896.23 3659.8 1410.77 26539.8 3358.29 2796.44 2375.53 18293.8
internal_count=803577 711488 92089 547361 521470 318843 288518 234835 140687 202627 30325 21920 49163 164127 94148 65930 109208 32068 53683 54919 42977 8925 25891 24468 8405 138266 17095 13597 11534 85300
is_linear=0
shrinkage=0.05


Tree=52
num_leaves=31
num_cat=0
split_feature=15 19 20 20 22 21 13 21 11 4 11 19 20 5 24 23 11 22 5 11 11 4 5 11 23 21 11 21 20 11
split_gain=1798.75 854.021 632.985 543.129 534.336 430.591 343.78 338.394 307.332 277.469 262.648 246.966 245.175 233.549 231.592 226.693 231.056 225.491 199.483 178.428 247.169 171.783 166.05 173.284 170.332 152.771 152.324 152.024 305.42 208.151
threshold=26.860466003417972 0.33823530375957495 54.864372253417976 -6.5469207763671866 -0.13172641999999998 0.51909596000000013 -34.579891838479334 -1.5734585999999997 76.554730456576181 368.24535631388432 119.69848180428473 0.10294117778539659 59.123107910156257 12.500000000000002 4.5000000000000009 1.7844480500000002 14.008156353618409 0.45226171500000006 29.500000000000004 47.266789810287982 24.852478495173319 45.207011856138713 21.500000000000004 6.8989440573627379 2.3465155500000008 0.87846228500000012 108.20369620633893 -1.3945062499999998 35.119430541992195 62.96864587203499
decision_type=2 2 2 2 2 2 2 2 2 2 2 2 2 2 8 2 2 2 2 2 2 2 2 2 2 2 2 2 2 2
left_child=1 2 11 -3 8 6 17 -4 13 -9 -10 -1 -2 27 -11 19 -17 21 -16 20 25 -6 23 -8 -25 -7 -19 28 29 -5
right_child=12 3 7 4 5 15 22 9 10 14 -12 -13 -14 -15 18 16 -18 26 -20 -21 -22 -23 -24 24 -26 -27 -28 -29 -30 -31
leaf_value=-0.024611453870229342 -0.042322267079400927 0.014327994120074617 -0.032554093842463466 0.00636870747510723 0.018994131754307305 -0.017555154370246306 -0.023353599144135033 0.0064678146663976008 0.013497575660138454 -0.01979691402135068 -0.030890504056784153 -0.0094108864642044824 -0.016710679976967395 -0.012533571133474723 -0.0039197493582016265 -0.051309551476509174 0.03537302032105305 0.017393936885851505 0.024263253897772688 0.0064910717142104314 0.030446213265959456 -0.0036344564555407057 -0.050748907577438697 -7.2031550322722439e-05 0.035767514921035019 0.016493806296383695 0.053013307691454993 -0.00015368765658347268 -0.027743229568069801 -0.049518507172399945
leaf_weight=3313.1487381383777 2536.4185359999537 10598.173042781651 740.64997056871653 1916.1172174289823 1215.1071011275053 521.11145122349262 785.08065213263035 12411.65718241781 4692.6172529757023 2093.0674961209297 357.79293798655272 13810.224206089973 1482.2516742199659 5283.6371118724346 4922.8071926012635 79.716813772916794 1674.8963919878006 3486.7581031545997 718.63853190094233 5943.8831683918834 2326.5736885070801 2701.7126977965236 164.72072687745094 15289.604910634458 337.86836410313845 891.81869855523109 327.80479571968317 31742.663974404335 1551.1667234301567 181.46464612334967
leaf_count=25701 36283 92237 3315 9753 9871 3343 3675 57529 27184 10910 2090 61734 10532 23242 21887 531 14299 26463 3294 43307 16306 15787 702 89391 2546 6030 2463 176163 6754 870
internal_value=5.99335e-05 0.00107788 -0.00522736 0.00368096 0.0022958 0.00687538 0.00311086 0.000614886 -0.00128444 0.00183586 0.0103474 -0.0123533 -0.0328822 -0.00272893 -0.00559696 0.014875 0.0314078 0.0118169 -0.000325979 0.0118763 0.020432 0.00338862 -0.000949971 -0.000447115 0.000705064 0.00393247 0.020468 -0.00126486 -0.010929 0.00151254
internal_weight=134099 130080 38010.2 92070.3 81472.1 35746.7 24308.7 20886.8 45725.5 20146.2 5050.41 17123.4 4018.67 40675 7734.51 11438 1754.61 7731.38 5641.45 9683.39 3739.5 3916.82 16577.3 16412.6 15627.5 1412.93 3814.56 35391.4 3648.75 2097.58
internal_count=804192 757377 184370 573007 480770 234714 150898 96935 246056 93620 29274 87435 46815 216782 36091 83816 14830 54584 25181 68986 25679 25658 96314 95612 91937 9373 28926 193540 17377 10623
is_linear=0
shrinkage=0.05


Tree=53
num_leaves=31
num_cat=0
split_feature=18 20 18 20 4 20 5 11 6 24 24 11 20 16 12 24 24 11 11 12 11 24 12 12 24 24 11 12 24 11
split_gain=1550.64 801.145 739.419 331.603 325.121 323.242 248.398 227.193 265.332 214.066 194.266 192.434 244.494 265.727 256.572 164.709 160.467 160.19 204.601 196.461 196.027 229.531 226.949 206.172 175.208 223.773 169.864 155.393 151.513 138.73
threshold=157.70588684082034 62.970138549804695 182.33635711669925 -19.215438842773434 111.5264671444893 59.627311706542976 27.500000000000004 96.005895777764081 3.5000000000000004 3.5000000000000004 3.5000000000000004 16.244831388937339 52.393394470214851 0.75000000000000011 5.9969040247678027 7.5000000000000009 3.5000000000000004 77.785250096994204 40.001929172009973 5.1625386996904039 14.532123391300257 4.5000000000000009 5.7058823529411775 4.636222910216719 3.5000000000000004 7.5000000000000009 40.385965296750662 1.0030959752321984 7.5000000000000009 56.971342052018777
decision_type=2 2 2 2 2 2 2 2 2 8 8 2 2 2 2 10 8 2 2 2 2 8 2 2 10 10 2 2 10 2
left_child=1 -1 4 -4 9 6 7 8 -6 -2 -5 -11 13 -13 15 -14 -3 18 20 24 -7 23 28 -22 -20 27 -21 -26 -23 -29
right_child=2 16 3 10 5 17 -8 -9 -10 11 -12 12 14 -15 -16 -17 -18 -19 19 26 21 22 -24 -25 25 -27 -28 29 -30 -31
leaf_value=-0.037073063753987272 -0.0019469367540097171 -0.023150575960198056 0.02971692805995866 0.00090923731956534914 -0.011856347716650395 -0.009933216214988428 -0.039921753619369824 0.0071216472362516424 0.0028423200825760959 -0.004030175898822516 0.011418858791764437 -0.0014966655981453504 0.010760984821167672 0.0098194706288514243 0.029071509818244169 -0.013625076571760604 -0.0049620622337418034 0.014743384144432995 -0.011469966687161263 -0.038124320814570734 0.0050613379864330923 0.010697237474296529 0.030448559898391816 -0.027398254954501919 0.033060272102969371 -0.029832322946533364 0.047872488130925844 0.013447896046981109 -0.021610590878365053 -0.012413219180663224
leaf_weight=3606.3444458656013 19090.21030972898 1506.8052081093192 1939.7210772186518 6442.9740680456161 14547.886375762522 1842.7875709831715 581.32089886069298 2566.3474342152476 3891.0386259257793 5577.7932141944766 13847.522480435669 13107.647817261517 8002.8920941352844 8584.6273188740015 1865.5264310613275 757.1547120437026 6199.3100001215935 1915.3707529604435 6493.7423480302095 70.865679726004601 1522.4405719041824 3790.9991464838386 1467.9474325403571 719.64478569477797 517.53766626864672 443.26576305925846 287.90275302529335 1227.0434053838253 400.35974729806185 896.66126570105553
leaf_count=44896 98746 8764 22131 37547 73588 8623 4651 13686 19824 33334 104732 75920 49193 66736 12084 3725 28465 10195 30024 330 6984 18622 7509 3224 3078 2052 1384 6922 1853 5217
internal_value=8.4785e-05 -0.0176257 0.00172177 0.00997092 -0.000109021 -0.00338127 -0.00770803 -0.00681465 -0.0087546 0.00237067 0.00808188 0.00454568 0.00602588 0.00298189 0.0122394 0.00865192 -0.00852107 0.000943641 -0.000400028 -0.00544802 0.0047479 0.0081727 0.013536 -0.00536483 -0.00680985 0.00300153 0.0308272 0.00852107 0.00760677 0.00252823
internal_weight=133712 11312.5 122399 22230.2 100169 43183.2 21586.6 21005.3 18438.9 56985.9 20290.5 37895.6 32317.8 21692.3 10625.6 8760.05 7706.12 21596.6 19681.2 9937.02 9744.18 7901.39 5659.31 2242.09 9578.25 3084.51 358.768 2641.24 4191.36 2123.7
internal_count=804039 82125 721914 164410 557504 217766 111749 107098 93412 339738 142279 240992 207658 142656 65002 52918 37229 106017 95822 49007 46815 38192 27984 10208 47293 17269 1714 15217 20475 12139
is_linear=0
shrinkage=0.05


Tree=54
num_leaves=31
num_cat=0
split_feature=17 16 16 21 22 21 11 12 22 11 21 12 23 24 21 23 11 23 11 21 11 22 12 21 12 3 12 22 23 21
split_gain=1558.03 531.631 428.208 379.773 326.852 260.048 272.058 230.39 235.538 222.306 217.419 207.752 191.57 182.894 181.779 170.251 197.084 169.431 211.869 236.696 224.353 173.345 190.898 168.326 148.83 146.791 146.465 157.866 166.069 140.785
threshold=159.91176605224612 0.75000000000000011 0.10294117778539659 -0.11925592499999998 0.45226171500000006 1.1001508500000001 36.017273381825298 3.9086687306501551 -1.2644603999999997 129.20073116478446 -0.071224827349999978 9.1253869969040267 1.6436854000000001 3.5000000000000004 0.11181553000000001 0.73998249000000016 129.20073116478446 0.55684298000000021 17.239815477970215 0.33863845500000006 26.484862307103892 0.085721280400000016 4.772445820433437 -0.079274214799999992 5.7058823529411775 88.12501741945745 4.314241486068112 1.0894472500000003 0.35652237000000003 -1.2603949499999998
decision_type=2 2 2 2 2 2 2 2 2 2 2 2 2 8 2 2 2 2 2 2 2 2 2 2 2 2 2 2 2 2
left_child=2 4 -1 -3 5 6 7 -2 14 -6 11 23 -5 -4 29 16 -12 18 19 -10 21 -20 -23 25 -22 -8 -15 28 -28 -9
right_child=1 3 13 12 9 -7 10 8 17 -11 15 -13 -14 26 -16 -17 -18 -19 20 -21 24 22 -24 -25 -26 -27 27 -29 -30 -31
leaf_value=-0.03413605112735156 0.0077203247129518024 0.0021307301410662684 -0.024742532105437698 0.0095050421884138869 0.0046779810804626334 0.0083972962092468181 -0.007024329713336175 -0.04189828710352736 -0.013978380741177861 0.047239576313889163 0.0056233538785555913 0.041865115997496878 0.024014531839866814 -0.013831863351484557 -0.061707919492808509 -0.0065125053662965287 -0.066141929917070477 0.0021310826331395393 0.027800641933032985 -0.067794115240475086 -0.03320242454510218 -0.082328164781829527 0.0044749880963149231 -0.065826081225801261 0.010795328075188966 -0.016744717114073271 -0.036816180321624349 -0.026278739166522177 0.0092331627991549276 -0.0016425490201814144
leaf_weight=2766.6011990346014 7878.0151916667819 24826.519331365824 2134.4726779572666 16273.332170180976 16439.809550926089 5083.0662983357906 12779.419064410031 313.49945361912251 648.89439453184605 311.65063899755478 6172.3408513739705 191.21491033583879 2644.4354231506586 4531.5588770732284 249.08855326473713 7932.6841989010572 96.177251718938351 10169.053454823792 705.19284149259329 297.71671985089779 654.05822789669037 79.886766865849495 291.5377558618784 134.96145585924387 271.45166567713022 5580.7211942821741 212.86270858719945 466.51427240669727 2317.135504283011 702.23009053617716
leaf_count=35256 44022 154017 15471 122987 97580 29973 61094 1353 3435 1833 33283 1024 22708 25704 1314 42678 486 51181 3765 1306 3359 392 1640 704 1430 26703 1100 2496 11988 3376
internal_value=6.06971e-05 0.00179613 -0.0167948 0.00619765 -0.000705011 -0.00242318 -0.00342065 0.000847903 -0.00291671 0.00547259 -0.00630985 -0.00985379 0.0115344 -0.0118265 -0.0235141 -0.00164628 0.00451189 -0.000929075 -0.0114795 -0.0309575 -0.0022594 0.0132537 -0.0143657 -0.0103907 -0.0203002 -0.00997968 -0.0081616 0.000415154 0.00534576 -0.0140963
internal_weight=133156 120727 12429.1 43744.3 76982.7 60231.2 55148.1 22260.6 14382.6 16751.5 32887.5 18686.3 18917.8 9662.54 1264.82 14201.2 6268.52 13117.8 2948.74 946.611 2002.13 1076.62 371.425 18495.1 925.51 18360.1 7528.07 2996.51 2530 1015.73
internal_count=803658 711643 92015 299712 411931 312518 282545 116573 72551 99413 165972 89525 145695 56759 6043 76447 33769 66508 15327 4741 10586 5797 2032 88501 4789 87797 41288 15584 13088 4729
is_linear=0
shrinkage=0.05


Tree=55
num_leaves=31
num_cat=0
split_feature=15 5 14 17 14 17 24 14 14 12 5 12 14 14 22 22 12 13 22 12 12 22 12 22 22 12 24 12 13 12
split_gain=1429.82 534.942 499.343 381.433 359.482 346.467 344.147 372.589 388.525 314.646 259.249 267.816 258.985 339.279 476.713 240.578 236.232 234.894 208.06 206.48 280.9 245.022 369.575 203.749 233.328 334.761 198.795 196.79 193.971 189.223
threshold=24.162032127380375 11.500000000000002 203.50000000000003 213.25555419921878 215.50000000000003 157.66176605224612 3.5000000000000004 245.50000000000003 219.50000000000003 0.84365325077399389 2.5000000000000004 10.332817337461302 233.50000000000003 254.50000000000003 -0.040968708699999988 1.5679100000000001 2.8034055727554184 -53.604130311923861 1.5679100000000001 4.1099071207430358 4.5123839009287936 -0.5315448049999999 6.7368421052631584 -1.0697576499999999 -1.6132802499999999 5.6671826625387007 1.5000000000000002 9.9736842105263168 -38.190369529021041 5.8498452012383906
decision_type=2 2 2 2 2 2 10 2 2 2 2 2 2 2 2 2 2 2 2 2 2 2 2 2 2 2 8 2 2 2
left_child=1 3 15 5 -2 -1 10 8 18 -9 11 28 23 14 -14 -3 -17 -11 -8 -19 -21 22 -22 24 25 -12 -15 -26 -7 -4
right_child=4 2 29 -5 -6 6 7 9 -10 17 12 -13 13 26 -16 16 -18 19 -20 20 21 -23 -24 -25 27 -27 -28 -29 -30 -31
leaf_value=-0.031644309600454806 -0.039545872628374001 -0.018128602314664264 -0.002935503358701894 0.026974431640262531 -0.01137908082535834 0.022363206287904808 0.0063356220499706439 0.046260842229993715 0.028003103495366128 -0.048741201139044371 0.011366313442582291 -0.02411303168649678 0.0054779963458775668 -0.024009739934926645 0.033050150817029326 0.10358768668672512 0.0023665982039454379 0.0088413969663782982 0.0275599983188764 -0.058914287720770259 -0.15969031046333798 -0.0027102353334507463 0.0034851393531126987 -0.00075579097389646922 -0.017539064173391503 -0.068350998172671429 0.00022403735891161417 0.025492675151511601 0.0063266487627322721 0.0072112029834302
leaf_weight=723.24988158047199 2590.4235656782985 6515.171393327415 26236.694448716938 1660.9794317260385 2014.4148640334606 2446.2120069786906 10791.94064231962 325.43689080327749 3283.1120164245367 280.37975060939789 1706.3134738057852 607.01718140393496 7583.1565585955977 939.57640913128853 1975.4141678661108 74.562781050801277 243.24641382694244 2514.195704691112 1292.2056811973453 270.17935185879469 62.424187943339348 2916.3235658407211 76.528242141008377 27954.114584565163 5177.6955177634954 141.70765269547701 8439.2294551134109 279.19305827468634 8223.2524056881666 5569.2522983774543
leaf_count=5940 39462 33540 125898 14393 13637 20467 79409 2221 25706 2185 9766 3470 41977 3802 12868 413 1309 15922 10644 1511 322 16403 425 164535 26858 716 43473 1341 59250 26126
internal_value=0.00014221 0.00112474 -0.00379339 0.003244 -0.0272293 0.00279583 0.00308156 0.00852075 0.0127527 -0.00156934 0.00126936 0.00816657 -0.000165847 0.00455027 0.011179 -0.0160556 0.026365 -0.00411989 0.00860732 -0.0019695 -0.0101432 -0.00581252 -0.0704384 -0.0026989 -0.0101336 0.00521987 -0.00220602 -0.0153331 0.0100051 -0.00115863
internal_weight=132914 128309 38638.9 89669.8 4604.84 88008.9 87285.6 21812.7 15367.3 6445.47 65472.9 11276.5 54196.4 18937.4 9558.57 6832.98 317.809 6120.03 12084.1 5839.65 3325.46 3055.28 138.952 35259 7304.91 1848.02 9378.81 5456.89 10669.5 31805.9
internal_count=803989 750890 187286 563604 53099 549211 543271 154748 115759 38989 388523 83187 305336 102120 54845 35262 1722 36768 90053 34583 18661 17150 747 203216 38681 10482 47275 28199 79717 152024
is_linear=0
shrinkage=0.05


Tree=56
num_leaves=31
num_cat=0
split_feature=15 5 21 20 20 11 9 14 22 11 4 14 20 23 12 11 14 21 14 23 12 12 12 11 14 11 14 14 11 12
split_gain=1389.88 577.092 519.477 453.814 423.307 390.066 305.078 248.813 222.311 247.298 245.725 209.28 329.64 205.466 193.656 193.033 288.29 420.22 385.826 351.651 233.243 203.38 477.161 253.262 299.67 225.945 189.682 263.066 224.978 325.312
threshold=26.860466003417972 13.500000000000002 0.91939226000000007 -16.793937683105465 35.621322631835945 79.642589872178192 76.500000000000014 215.50000000000003 -0.15288999499999997 51.624088383588266 91.775153197348132 174.50000000000003 19.646110534667972 2.2303354500000006 4.9458204334365332 9.9283420878805639 232.50000000000003 -1.6777381999999998 254.50000000000003 0.55684298000000021 1.9922600619195048 3.8808049535603719 5.3374613003095988 33.789285444495953 270.50000000000006 26.853949906137249 223.50000000000003 211.50000000000003 18.747223924407191 4.6671826625387007
decision_type=2 2 2 2 2 2 2 2 2 2 2 2 2 2 2 2 2 2 2 2 2 2 2 2 2 2 2 2 2 2
left_child=1 2 3 -1 -3 6 8 -2 -5 11 -11 14 -13 -4 -10 -14 19 -18 -19 20 -17 -20 23 25 -25 -23 27 -21 -29 -30
right_child=7 4 13 5 -6 -7 -8 -9 9 10 -12 12 15 -15 -16 16 17 18 21 26 -22 22 -24 24 -26 -27 -28 28 29 -31
leaf_value=0.018123230533676985 -0.040521456002381162 -0.01954624298763033 0.010882185841619112 -0.0032807113897419162 -0.0027092578564923424 0.011575800841971164 0.015510732559504742 -0.01387103600988986 -0.0027602661127920703 0.018508410733342917 -0.00020068752450034565 0.017221448628779612 -0.017516680826338765 0.040057259428423073 -0.027830417070364606 -0.089637955714306827 -0.039863291360701852 0.023093196584990483 0.012936813774235388 0.010219350252519991 -0.02282860886938656 -0.028941825537819689 0.010353200254379665 -0.10010213015653327 0.013702294354516711 0.032445121237322752 0.020434736910588863 0.026747490108587624 0.00072652342095164114 -0.042720509091707742
leaf_weight=3877.561567902565 2255.5310818254948 4406.0208549015224 11587.332432605326 44486.37950860709 24414.432934097946 7418.6804258860648 2886.8548425361514 1433.7471834346652 2132.4656858146191 4055.9005774855614 3093.0793220475316 2913.5720566064119 1603.7324845567346 635.82373617216945 1205.1159699857235 145.386693328619 459.65396356582642 3095.0575336813927 1998.8505035787821 1438.9068159684539 1230.9778113290668 851.43374927341938 1641.3581152483821 220.46630488336086 77.995272547006607 181.00739681720734 836.9780733063817 247.652941390872 754.61054192483425 1003.0739244669676
leaf_count=39430 36617 23741 83728 238222 116047 48273 18946 10474 12882 30389 17356 21540 7918 5421 8319 807 2105 19869 10593 8919 7376 4494 9332 1145 402 1033 5729 1528 5064 6715
internal_value=8.41723e-05 0.000950338 0.00274566 0.00140195 -0.00528386 0.000629677 -0.000431136 -0.030171 -0.00105601 0.00233481 0.0104148 -0.000286612 0.00177197 0.012403 -0.0118181 -0.00108019 0.000779402 0.00658598 0.00923752 -0.00797056 -0.0299457 0.000607948 -0.0076848 -0.0299215 -0.0704158 -0.0181585 -0.000900459 -0.0060895 -0.017791 -0.024078
internal_weight=132590 128900 100080 87856.8 28820.5 83979.2 76560.5 3689.28 73673.7 29187.3 7148.98 22038.3 18700.7 12223.2 3337.58 15787.1 14183.4 8525.82 8066.17 5657.59 1376.36 4971.11 2972.26 1330.9 298.462 1032.44 4281.22 3444.24 2005.34 1757.68
internal_count=804414 757323 617535 528386 139788 488956 440683 47091 421737 183515 47745 135770 114569 89149 21201 93029 85111 48973 46868 36138 8183 26999 16406 7074 1547 5527 27955 22226 13307 11779
is_linear=0
shrinkage=0.05


Tree=57
num_leaves=31
num_cat=0
split_feature=19 14 19 21 0 22 14 19 14 21 14 12 12 11 22 11 12 11 21 21 22 12 12 14 21 22 12 14 11 14
split_gain=1094.71 927.211 502.123 348.421 267.965 265.08 296.401 373.762 237.358 238.078 212.61 201.05 195.695 183.579 183.04 345.727 362.63 235.653 297.497 241.67 225.68 218.492 345.114 523.879 296.555 203.736 188.088 217.195 714.996 486.544
threshold=0.044117647223174579 220.50000000000003 0.63235294818878185 -0.21211291499999999 0.45057168602943426 1.5679100000000001 217.50000000000003 0.39705882966518408 247.50000000000003 -0.21211291499999999 179.50000000000003 0.32507739938080499 8.0216718266253881 145.48981178265885 -0.033103309549999994 59.618031340925135 1.0758513931888547 20.03343528257712 0.84858900000000015 0.46197338500000007 1.3255616000000001 5.7941176470588251 5.0015479876161004 248.50000000000003 0.13841605500000004 -0.98463689999999982 2.1687306501547994 246.50000000000003 58.047414695861363 257.50000000000006
decision_type=2 2 2 2 2 2 2 2 2 2 2 2 2 2 2 2 2 2 2 2 2 2 2 2 2 2 2 2 2 2
left_child=1 -1 3 4 -2 6 7 13 9 -4 -9 -12 -7 -5 15 16 -8 18 19 -18 26 22 -19 -24 -25 -23 -16 -28 -29 -30
right_child=2 -3 8 5 -6 12 14 10 -10 -11 11 -13 -14 -15 20 -17 17 21 -20 -21 -22 25 23 24 -26 -27 27 28 29 -31
leaf_value=-0.034074711761496977 0.00058668840739254768 -0.0047898292045240303 0.0061540955568670577 -0.0089090585225613771 -0.0068884052453299805 0.039069265208601406 -0.040791126799654492 0.013042571571142098 4.7848622790196442e-05 0.01847331957088692 0.05325033445308204 -0.0015638987214384508 -0.0031088517439007302 0.084966352695051539 0.0012922370788226755 0.015149768219165827 -0.02364249558018917 0.003466984723246472 0.020627360399704756 -0.09349192046748904 -0.017123514721712085 -0.03320340620680514 0.045472389034660249 0.039321203844431912 -0.087470834093524769 0.042230496639657014 0.026687715773676714 0.015556574481571784 -0.1050978543934491 0.019601756852976989
leaf_weight=3929.3097923249006 24935.544632598758 8656.4333830028772 8860.0730164125562 10769.416678421199 23090.243047818542 858.52074463292956 581.90141572058201 4412.8963044956326 6160.3352286890149 7037.7989497110248 169.69206389784813 8380.1998406425118 404.191018268466 51.339823327958584 2563.239192828536 3836.2934825718403 776.55215194821358 6861.1481105014682 326.82834525406361 146.64209181070328 662.30552244931459 105.56693358719349 133.95820890367031 53.208603829145432 321.89153635501862 564.60848027467728 3259.9398414865136 3918.2931929901242 215.84259408712387 121.93180581182241
leaf_count=53141 134443 41560 63184 52045 114984 6543 2949 36199 35317 65517 1036 55464 2688 253 15920 20983 3869 36246 1788 675 4466 530 800 262 1554 3254 21555 23853 1472 799
internal_value=9.12995e-05 -0.0139346 0.00156762 2.66799e-05 -0.00300732 0.00297053 0.00237822 -0.00159585 0.00838002 0.0116085 0.00413078 -0.000469885 0.0255764 -0.00845585 0.00624384 0.00241406 -0.00253595 -0.000135722 -0.0203229 -0.0348267 0.0111308 0.00300487 0.000517662 -0.0391625 -0.0694284 0.0303163 0.0129889 0.0169772 0.00953491 -0.0601581
internal_weight=132166 12585.7 119580 97522.2 48025.8 49496.4 48233.7 23783.5 22058.2 15897.9 12962.8 8549.89 1262.71 10820.8 24450.2 13708.6 9872.31 9290.4 1250.02 923.194 10741.6 8040.38 7370.21 509.058 375.1 670.175 10079.2 7516.01 4256.07 337.774
internal_count=803349 94701 708648 544630 249427 295203 285972 144997 164018 128701 92699 56500 9231 52298 140975 72910 51927 48978 6332 4544 68065 42646 38862 2616 1816 3784 63599 47679 26124 2271
is_linear=0
shrinkage=0.05


Tree=58
num_leaves=31
num_cat=0
split_feature=15 19 16 24 4 14 19 12 14 14 11 11 11 14 14 12 24 14 14 11 24 11 14 14 4 24 11 24 3 11
split_gain=1168.88 571.937 273.072 235.031 327.838 247.814 294.793 281.564 1043.61 516.257 487.486 423.075 349.49 326.874 264.219 254.253 233.628 221.478 214.532 210.121 196.152 192.366 191.591 190.619 189.778 187.366 182.513 175.103 170.372 166.601
threshold=28.357535362243656 0.63235294818878185 0.83823528885841381 3.5000000000000004 288.59981783479458 223.50000000000003 0.27941177785396581 3.4721362229102173 252.50000000000003 269.50000000000006 46.940019882973239 15.502362214384931 75.951033719080073 265.50000000000006 243.50000000000003 5.1625386996904039 3.5000000000000004 250.50000000000003 210.50000000000003 44.867967678055223 7.5000000000000009 9.0522675820548493 241.50000000000003 258.50000000000006 152.80135241150859 6.5000000000000009 32.109559930549601 3.5000000000000004 20.202769637107853 97.424542144990468
decision_type=2 2 2 8 2 2 2 2 2 2 2 2 2 2 2 2 10 2 2 2 10 2 2 2 2 8 2 10 2 2
left_child=1 2 3 4 -1 6 29 9 11 12 13 -9 20 16 24 19 21 -3 -2 22 -7 -10 25 -12 -14 -13 -18 -25 -15 -5
right_child=18 17 -4 5 -6 7 -8 8 10 -11 23 15 14 28 -16 -17 26 -19 -20 -21 -22 -23 -24 27 -26 -27 -28 -29 -30 -31
leaf_value=-0.0033939563400679912 -0.041559804092454959 0.011081166255499915 0.0080677446041572936 -0.012538117811339317 -0.020687904593884018 -0.0063879718895084869 -6.8012260971114929e-05 -0.0025592280174795397 -0.028619552869180633 0.023490632504894277 -0.12184364561998258 0.05793876531878131 0.02128809147995259 -0.029421006737845486 0.026860260038486645 0.034453141571573656 -0.013835770074346275 -0.00043464090420062824 -0.015368423436341839 0.028840945368362944 -0.031224604967904725 0.016640614226105903 0.021690894816493445 -0.083980452835969416 -0.022687233480615999 -0.018260395421143365 0.020306714590409426 0.039727118073570752 -0.0060576243788407983 0.011549215705663843
leaf_weight=26181.807566411793 1761.7862004302442 16360.097978681326 8168.3126802556217 8458.6584290452302 3059.8421161398292 11448.390684269369 25426.265863228589 1679.5924951732159 252.69310382008553 1826.4319642260671 113.39237294346094 87.793103456497192 389.37492471188307 1242.7799357771873 1392.6025844439864 3670.0808460265398 1947.9288797155023 5605.7198909521103 1408.1991611495614 1540.3250834643841 853.40065147727728 3161.4224529191852 800.72146862000227 64.66766718775034 659.5001160800457 883.85682108253241 488.8553878813982 49.868319369852543 2095.9345580786467 783.65138338506222
leaf_count=128445 31217 132792 57847 47007 17908 61026 154301 9002 1161 9858 592 627 2862 6492 7884 21700 10078 31495 12341 8939 4052 16174 4287 301 3432 4604 2666 296 10424 4188
internal_value=5.6335e-05 0.000795267 -0.00071692 -0.00144504 -0.00520424 0.000140819 -0.0028479 0.00313117 0.00744587 -0.00157695 -0.00407506 0.0199702 -0.00468377 -0.00227941 0.0125929 0.0253889 0.00484398 0.00814242 -0.0299334 0.0153394 -0.00811334 0.0132833 0.00359585 -0.0761458 -0.0063575 -0.011323 -0.00698076 -0.0302412 -0.0147605 -0.0104947
internal_weight=131864 128694 106728 98559.8 29241.6 69318.2 34668.6 34649.6 18079.9 16569.7 9417.54 8662.37 14743.3 9189.61 2441.48 6982.78 5850.9 21965.8 3169.99 3312.7 12301.8 3414.12 1772.37 227.928 1048.88 971.65 2436.78 114.536 3338.71 9242.31
internal_count=803998 760440 596153 538306 146353 391953 205496 186457 97343 89114 48184 49159 79256 46995 14178 40157 30079 164287 43558 18457 65078 17335 9518 1189 6294 5231 12744 597 16916 51195
is_linear=0
shrinkage=0.05


Tree=59
num_leaves=31
num_cat=0
split_feature=16 18 21 20 5 17 20 12 21 21 20 4 12 24 21 20 21 20 12 21 21 24 12 20 21 24 12 17 21 12
split_gain=1027.91 640.464 389.439 326.895 289.617 288.52 246.01 199.672 327.599 255.376 293.743 197.64 196.718 168.799 162.088 167.576 153.128 160.965 218.993 206.88 147.299 138.239 276.47 136.992 133.784 143.936 143.867 133.672 129.766 127.976
threshold=0.1911764740943909 185.39170837402347 1.4441750000000002 44.238334655761726 6.5000000000000009 157.279411315918 -12.666358947753904 8.0216718266253881 -0.21211291499999999 -0.37096172499999996 58.151657104492195 517.13883790373814 0.32507739938080499 1.5000000000000002 0.22946334500000004 68.646110534667983 -1.3268715999999998 56.772979736328132 0.78482972136222917 -0.87719526999999997 -0.82666512999999986 7.5000000000000009 4.8622291021671833 35.621322631835945 -0.51266261999999985 2.5000000000000004 1.038699690402477 172.66364288330081 -1.5327152499999999 2.0820433436532513
decision_type=2 2 2 2 2 2 2 2 2 2 2 2 2 8 2 2 2 2 2 2 2 10 2 2 2 8 2 2 2 2
left_child=3 2 4 -1 5 -2 -3 8 11 -9 -11 16 -10 20 15 27 -6 18 23 -20 -7 -5 -23 -18 26 -26 -21 -14 -8 -28
right_child=1 6 -4 21 7 13 28 9 12 10 -12 -13 14 -15 -16 -17 17 -19 19 24 -22 22 -24 -25 25 -27 29 -29 -30 -31
leaf_value=-0.037872612338141147 -0.036998812321049949 0.029982241045944977 0.014055333783058302 -0.014529536268586675 -0.014590119455430248 -0.0033816240181348298 -0.012986271548359277 0.015883179997147966 0.030926482101461508 -0.026051616116637328 0.010412272577620327 -0.024427671290120325 -0.015177752011292478 0.0044293164149593767 -0.0031750695619615493 0.011226392445134382 -0.06013790479700825 0.00013501870616297362 0.0027521318483752916 0.032453745724269609 -0.064477732285296366 -0.051443314538653168 0.074029619401173613 -0.0036141690080590573 -0.0222659581008577 0.00081945798038952846 -0.034676735951342838 0.0025627324386175211 0.01057346617331098 -0.014154784367126109
leaf_weight=1876.0355806574225 454.80562690272927 1642.8884325921535 4619.1442251875997 3575.435079600662 4755.3085648901761 6502.8501902408898 621.34945761412382 3078.7639522776008 499.18488785624504 1021.4160440191627 1200.333909586072 1613.9946426153183 1330.5893523544073 33900.657021582127 21969.830477420241 4842.1946093142033 322.06136618927121 9745.5049785971642 3747.566529199481 143.32633977010846 99.177861794829369 67.498454589396715 121.6851062849164 160.62641504406929 868.58058273792267 3020.3146491721272 947.96301547437906 5240.2657156959176 9641.9124372601509 3827.5365281552076
leaf_count=30675 4442 20162 31451 30459 21966 35675 3660 14611 2808 5356 6249 8528 6765 230116 117848 23357 1463 44417 17821 664 496 448 746 744 3894 14949 4527 27772 72621 18444
internal_value=5.33872e-05 0.00098961 -0.000163744 -0.0208261 -0.000764821 0.00255976 0.0120234 -0.00275745 -0.00354122 0.00656218 -0.00635563 -0.00742706 -0.000197648 0.00300487 -0.00066397 0.00416969 -0.00642984 -0.00472608 -0.00835933 -0.00708687 -0.00430906 -0.0123234 0.0292273 -0.0413746 -0.0112731 -0.00434104 -0.0167516 -0.00103145 0.00914601 -0.0182349
internal_weight=131459 125818 113912 5640.65 109293 40957.5 11906.2 68335.4 63034.8 5300.51 2221.75 29152.8 33882.1 40502.7 33382.9 11413 27538.8 22783.5 13038 12555.3 6602.03 3764.62 189.184 482.688 8807.72 3888.9 4918.83 6570.86 10263.3 4775.5
internal_count=803134 740806 644363 62328 612912 270729 96443 342183 315967 26216 11605 137417 178550 266287 175742 57894 128889 106923 62506 60299 36171 31653 1194 2207 42478 18843 23635 34537 76281 22971
is_linear=0
shrinkage=0.05


Tree=60
num_leaves=31
num_cat=0
split_feature=18 14 18 21 13 14 21 4 23 22 14 21 21 22 14 22 21 19 21 14 21 14 22 12 22 19 12 21 23 14
split_gain=974.91 629.002 513.77 278.771 281.452 217.44 213.26 211.634 183.092 183.063 199.654 294.049 169.248 239.421 166.122 308.79 436.877 319.147 290.117 217.673 307.651 207.367 231.225 179.444 184.459 183.057 177.822 166.17 214.19 161.56
threshold=158.11765289306643 219.50000000000003 182.33635711669925 1.1001508500000001 -47.317890566453649 167.50000000000003 0.51909596000000013 25.975696824491028 1.6436854000000001 -0.13172641999999998 165.50000000000003 -0.87719526999999997 1.0291663500000003 -0.22252412499999999 234.50000000000003 -1.2068874999999999 0.080794680850000009 0.27941177785396581 -1.4774618499999999 219.50000000000003 -1.1820513499999998 206.50000000000003 -0.57567774999999988 1.2863777089783284 -0.46028518999999996 0.57352942228317272 5.5433436532507754 -1.3268715999999998 2.5483800000000003 259.50000000000006
decision_type=2 2 2 2 2 2 2 2 2 2 2 2 2 2 2 2 2 2 2 2 2 2 2 2 2 2 2 2 2 2
left_child=1 -1 3 4 7 -4 29 -2 -5 10 11 -6 14 -14 15 16 27 -17 26 21 -21 23 -23 24 -19 -25 -16 28 -12 -7
right_child=2 -3 5 8 9 6 -8 -9 -10 -11 12 -13 13 -15 18 17 -18 19 -20 20 -22 22 -24 25 -26 -27 -28 -29 -30 -31
leaf_value=-0.032072717131560118 0.023245114159339223 -0.0064046661309468782 0.025137198969216276 0.0019366823987089822 -0.014150240528753992 0.0060582939026765934 0.016070433502293459 0.0034165933499304846 0.016482417951027669 0.00066885211185932893 -0.046524026205686492 0.011602715290943732 -0.061180108845300077 0.026976869290878825 -0.012285521354399035 -0.01731284850935878 -0.05934209008607938 -0.0098715812855410881 0.00069835247095088881 0.019082026187993685 -0.018798225939524418 0.034261867916762279 0.00062171283839789534 -0.0044556058900112614 -0.06699409642183958 0.010857790307062135 -0.055855048465852292 -0.0081491552085548244 0.02486323464246204 -0.0082047282973771243
leaf_weight=3406.2312600836158 1541.0759348571301 7971.3121471181512 1744.1037041395903 5054.6414525993168 1523.2684376388788 12779.138540923595 4664.8431188128889 10571.374250508845 3781.5962255112827 31636.442390061915 622.61512749269605 4062.3016782328486 291.62250028550625 103.87135092169046 737.30373866856098 4239.3456344492733 603.1994795165956 503.27143626660109 14513.379733800888 646.10509693622589 3124.7123684063554 935.05316379666328 1124.4861745834351 6241.8243063688278 195.75666006654501 2838.1057126820087 342.7484397739172 2956.7771834246814 125.70453030616045 2349.6749683693051
leaf_count=48418 12486 38858 21122 31832 9321 91614 39540 64381 26434 182081 2863 26780 1503 560 3111 23331 3294 2453 70405 2916 15080 4755 5659 28381 924 17794 1452 14157 618 11685
internal_value=-0.000104681 -0.0140914 0.00122315 -0.000309067 -0.00114576 0.0082172 0.00672511 0.0059411 0.0081629 -0.00225532 -0.00427819 0.00457822 -0.00551049 -0.0380172 -0.00518611 -0.00778298 -0.0199152 -0.00514871 -0.00116288 -0.00184415 -0.0123044 0.00148841 0.0159039 -0.00154895 -0.0259411 0.000331557 -0.0261509 -0.0134822 -0.034515 0.00384269
internal_weight=131232 11377.5 119854 98316.6 89480.3 21537.8 19793.7 12112.5 8836.24 77367.9 45731.5 5585.57 40145.9 395.494 39750.4 24157 4308.3 19848.7 15593.4 15609.3 3770.82 11838.5 2059.54 9778.96 699.028 9079.93 1080.05 3705.1 748.32 15128.8
internal_count=803808 87276 716532 552571 494305 163961 142839 76867 58266 417438 235357 36101 199256 2063 197193 122225 20932 101293 74968 77962 17996 59966 10414 49552 3377 46175 4563 17638 3481 103299
is_linear=0
shrinkage=0.05


Tree=61
num_leaves=31
num_cat=0
split_feature=17 14 18 5 14 12 11 14 17 12 11 14 5 24 18 12 5 12 14 17 24 14 12 14 12 14 14 14 14 12
split_gain=964.333 764.011 518.054 245.039 335.098 388.065 244.805 269.965 227.973 226.861 229.673 201.825 184.673 165.123 143.606 252.037 157.437 141.862 161.679 138.151 136.271 169.107 194.15 220.611 221.346 195.075 357.514 186.54 136.459 222.721
threshold=159.91176605224612 219.50000000000003 185.39170837402347 8.5000000000000018 201.50000000000003 1.258513931888545 54.480110909097803 248.50000000000003 179.34230804443362 9.1253869969040267 95.065769839097669 169.50000000000003 18.500000000000004 4.5000000000000009 169.52228546142581 0.84365325077399389 16.500000000000004 1.8374613003095976 241.50000000000003 213.25555419921878 1.5000000000000002 250.50000000000003 6.7368421052631584 207.50000000000003 11.018575851393191 243.50000000000003 237.50000000000003 186.50000000000003 165.50000000000003 1.7941176470588238
decision_type=2 2 2 2 2 2 2 2 2 2 2 2 2 8 2 2 2 2 2 2 8 2 2 2 2 2 2 2 2 2
left_child=1 -1 3 6 5 -5 20 -8 9 10 12 -4 -7 -10 -6 -16 -17 18 -3 -13 21 22 25 -24 -25 26 27 -2 29 -22
right_child=2 17 11 4 14 8 7 -9 13 -11 -12 19 -14 -15 15 16 -18 -19 -20 -21 28 -23 23 24 -26 -27 -28 -29 -30 -31
leaf_value=-0.033893984222718686 -0.016471392812653123 -0.040439144072980465 0.032521629555604975 -0.038756258534051687 0.0030900076238219265 -0.014227691135382539 0.010188317667472579 -0.015112506890172003 -0.0087180707731265277 0.020371692251782592 0.015648277528553946 0.0070520217865559474 -0.038702705247058794 0.011021066202377717 0.013568067643589374 -0.003594627853002122 -0.021560548114226221 -0.0021491651580258695 -0.008045417804655744 0.023460711188483238 -0.0029611691214764774 -0.029452085135678419 0.024301269131462251 0.0078183236316318634 -0.050829325612555334 0.043034791904560887 -0.088702124364037183 0.0046880430369353257 0.00031985150745906957 0.014911764718559681
leaf_weight=3331.6463267505169 2627.182796061039 553.81409493088722 1027.8052486665547 1038.9935612156987 19235.990479372442 4570.0665986835957 13295.642832249403 1144.2607361525297 1917.0354839488864 480.60761917382479 544.95394771546125 9227.2242085263133 926.83832888305187 2365.9546837955713 2051.5936272144318 16079.296876490116 1318.5546072795987 6544.8437574282289 1262.1565513312817 1489.2924460358918 2844.7659025862813 673.53165018558502 1132.8997519686818 507.46902867406607 234.42109186947346 174.96026687324047 141.03297312557697 1724.8381379768252 27608.252503700554 4498.5866307094693
leaf_count=51031 15237 3558 14083 5212 91551 21778 92154 6393 8584 2513 2745 69905 6288 12537 11335 85239 6076 31472 5831 12673 19759 2737 6193 2511 1075 808 653 8515 172136 31344
internal_value=4.99214e-05 -0.0136507 0.00139753 0.000304677 -0.00222623 -0.00958449 0.00256384 0.0081825 -0.00677617 -0.0126606 -0.0152912 0.0113662 -0.0183607 0.002186 2.68614e-05 -0.00300267 -0.0049574 -0.00558096 -0.0179413 0.00933434 0.000639654 -0.00561527 -0.00315733 0.0104299 -0.0107565 -0.00861536 -0.0106358 -0.00808611 0.00193121 0.00798845
internal_weight=130575 11692.5 118882 107138 50529.9 11844.5 56607.8 14439.9 10805.5 6522.47 6041.86 11744.3 5496.9 4282.99 38685.4 19449.4 17397.9 8360.81 1815.97 10716.5 42167.9 7216.34 6542.8 1874.79 741.89 4668.01 4493.05 4352.02 34951.6 7343.35
internal_count=801926 91892 710034 613373 253858 59657 359515 98547 54445 33324 30811 96661 28066 21121 194201 102650 91315 40861 9389 82578 260968 37729 34992 9779 3586 25213 24405 23752 223239 51103
is_linear=0
shrinkage=0.05


Tree=62
num_leaves=31
num_cat=0
split_feature=15 18 11 4 14 0 14 14 14 9 24 11 14 12 20 14 12 18 12 14 14 12 14 14 24 24 11 14 14 4
split_gain=919.039 526.465 272.441 314.761 265.817 290.55 213.244 208.788 202.854 194.39 189.26 284.592 197.746 166.086 159.871 195.344 468.171 221.124 219.566 153.843 205.451 152.82 296.815 228.464 225.501 152.134 196.461 281.289 146.118 173.693
threshold=28.357535362243656 185.39170837402347 88.744555543150895 111.5264671444893 206.50000000000003 0.43299245834350591 211.50000000000003 169.50000000000003 242.50000000000003 74.500000000000014 3.5000000000000004 29.054523943159328 245.50000000000003 2.7631578947368425 -5.0147094726562491 196.50000000000003 9.1253869969040267 175.55606079101565 11.018575851393191 223.50000000000003 206.50000000000003 5.8498452012383906 266.50000000000006 268.50000000000006 2.5000000000000004 6.5000000000000009 14.532123391300257 231.50000000000003 162.50000000000003 93.541083924472346
decision_type=2 2 2 2 2 2 2 2 2 2 10 2 2 2 2 2 2 2 2 2 2 2 2 2 8 8 2 2 2 2
left_child=1 2 3 9 5 13 -2 -3 28 10 14 12 19 -5 -1 16 17 -16 -17 20 -12 23 25 -6 -25 -23 -27 -28 29 -4
right_child=6 7 8 4 21 -7 -8 -9 -10 -11 11 -13 -14 -15 15 18 -18 -19 -20 -21 -22 22 -24 24 -26 26 27 -29 -30 -31
leaf_value=0.0060352263748558585 -0.040013760563086989 0.032542466048765921 -0.12122239791713041 -0.019091314443094295 -0.0049561436531452008 -0.016942666233112261 -0.012752619733150665 0.0087507794031162715 0.03498134045945326 0.015475777200838429 0.0049048530276040005 0.011513621974069771 -0.015082215948114415 0.0057999599866759444 -0.01345121021097965 0.0014695242401238592 0.029785075003931478 0.001642802577604725 -0.026099142830197344 0.030373467028170571 -0.036605944369367337 -0.0016997679772508909 -0.020480998456911498 -0.022605506077545221 0.01561833482185063 -0.00046120241066413027 0.0038206801517377226 0.038883131299736702 0.0070669156457354295 0.0031728862810670314
leaf_weight=7209.391581825912 1595.0516155734658 1008.1131535246968 47.874954089522362 864.76411054283381 26906.789812710136 7023.6533736661077 1305.3845305815339 10725.320627056062 665.95243296027184 2359.0411360263824 2550.6332125216722 8660.5899788588285 2102.046217083931 2965.2054333947599 9046.0491991043091 23004.749351866543 811.24788703024387 3315.414088524878 744.63649383187294 488.35098293423653 336.50172751396894 2001.8784002028406 978.79258327186108 455.59593906998634 2492.0000950619578 1256.1497456729412 992.03584467992187 1350.8054666146636 7234.6984685361385 65.779758390039206
leaf_count=53933 31747 14192 384 4425 132729 40202 11652 82993 3976 15548 18456 63853 11485 15130 47070 129215 4544 21426 3621 3866 2212 10180 4631 1969 12686 5648 4808 6513 44272 469
internal_value=7.28909e-05 0.00070529 -0.000316236 -0.000976803 -0.00403437 -0.0109024 -0.0277531 0.0107975 0.0085776 0.00140799 0.000838201 0.00587248 -0.00304726 0.000176273 -0.000774697 -0.00210453 -0.0069876 -0.00940311 0.000604076 0.00444963 5.56818e-05 -0.00198816 0.0049091 -0.00350838 0.00970459 0.00934907 0.0154936 0.0240445 0.0061803 -0.0498266
internal_weight=130564 127664 115931 107916 47287.7 10853.6 2900.44 11733.4 8014.31 60628.7 58269.6 14138.1 5477.53 3829.97 44131.5 36922.1 13172.7 12361.5 23749.4 3375.49 2887.13 36434 6579.66 29854.4 2947.6 5600.87 3598.99 2342.84 7348.35 113.655
internal_count=803835 760436 663251 614150 238921 59757 43399 97185 49101 375229 359681 99872 36019 19555 259809 205876 73040 68496 132836 24534 20668 179164 31780 147384 14655 27149 16969 11321 45125 853
is_linear=0
shrinkage=0.05


Tree=63
num_leaves=31
num_cat=0
split_feature=17 21 0 23 19 11 12 22 11 22 22 21 22 22 23 11 11 22 11 12 11 22 23 21 11 22 12 23 24 22
split_gain=752.594 412.474 341.524 321.056 252.395 243.267 230.378 269.919 201.877 171.4 170.119 166.252 166.233 157.527 206.455 147.495 168.13 144.617 208.647 141.376 211.657 133.38 180.432 215.646 128.001 145.354 122.837 155.213 122.408 120.839
threshold=157.66176605224612 -0.11925592499999998 0.43299245834350591 1.6251929000000003 0.57352942228317272 111.65133048040369 5.8823529411764719 0.085721280400000016 12.778281696572909 1.5679100000000001 -1.21867025 0.25288889000000009 0.021143936550000002 -1.7176085499999998 1.8540950500000002 59.618031340925135 59.43888839127802 -0.85921498999999979 8.531781322423706 1.7647058823529413 37.705012688695838 -1.6132802499999999 2.0888086500000003 -1.6978661499999999 62.96864587203499 0.36488128000000003 2.339009287925697 1.3840513500000002 5.5000000000000009 0.36488128000000003
decision_type=2 2 2 2 2 2 2 2 2 2 2 2 2 2 2 2 2 2 2 2 2 2 2 2 2 2 2 2 8 2
left_child=12 2 17 4 10 13 9 -8 -9 -5 19 -10 -1 -4 29 16 -6 18 -2 -3 26 -20 -23 -24 25 -16 -21 -28 -18 -15
right_child=1 3 5 6 15 -7 7 8 11 -11 -12 -13 -14 14 24 -17 28 -19 21 20 -22 22 23 -25 -26 -27 27 -29 -30 -31
leaf_value=-0.020553263389542709 0.023490155149723649 0.0092280575154607171 0.013244132149380923 0.014301261963194032 0.0048869482680751674 0.040432370892074063 -0.062983575387690047 -0.028971669213646706 -0.02134677661099223 0.040556291234099755 0.00072211019075942376 0.028446019895941463 -0.0066551272848907623 -0.0068066678201104186 -0.0048064423780926104 0.014865732514639763 -0.14249127731381636 0.0035299961732174669 0.0098076403131692937 0.050629861785065344 -0.056402257384157044 -0.0062134300148238954 -0.01338313686724805 -0.079123875307970423 -0.040166557047779494 -0.0294393739718702 0.027768305561369833 -0.035375064166225267 -0.0090753676654754725 0.0023986696381533106
leaf_weight=4811.5183255858719 646.50932722166181 351.34147536382079 1017.0291042588651 6086.2720752581954 10190.51944854483 282.58596373721957 175.91345119103789 350.97331503033638 223.91682095825672 691.83934947475791 31719.656019959599 658.82551626861095 3893.5539681613445 22032.161419257522 1590.5893300957978 4954.539089910686 32.242807283997536 25307.311592865735 1152.9946855269372 75.758689969778061 384.03944498300552 6636.2158804424107 365.29241349548101 188.84640683233738 576.58257541432977 959.99636545404792 134.92956175282598 342.61037807166576 35.909860849380493 4252.7344281300902
leaf_count=42822 3688 1771 5082 43372 79732 1594 1111 2124 1769 6022 178656 5649 29056 115530 8368 42525 212 152208 5937 430 2015 34948 1810 820 2745 5635 744 1812 268 24626
internal_value=-0.000138018 0.000880193 -0.00183446 0.00400867 0.00245419 -0.00566413 0.0131623 -0.00522585 0.00305407 0.0169867 -1.64442e-06 0.0158057 -0.0143385 -0.00609353 -0.00676263 0.00778229 0.00436014 0.00159492 -0.00385228 -0.0178029 -0.027934 -0.00597356 -0.00850513 -0.0358893 -0.0189058 -0.0140858 -0.00810831 -0.0175131 -0.0733418 -0.00531727
internal_weight=130123 121418 65008.8 56409.3 48221.5 30711.7 8187.74 1409.63 1233.72 6778.11 33008.3 882.742 8705.07 30429.1 29412.1 15213.2 10258.7 34297.2 8989.86 1288.68 937.338 8343.35 7190.35 554.139 3127.17 2550.59 553.299 477.54 68.1527 26284.9
internal_count=803081 731203 362991 368212 308165 163580 60047 10653 9542 49394 185428 7418 71878 161986 156904 122737 80212 199411 47203 6772 5001 43515 37578 2630 16748 14003 2986 2556 480 140156
is_linear=0
shrinkage=0.05


Tree=64
num_leaves=31
num_cat=0
split_feature=16 18 22 14 21 12 12 23 11 14 22 12 11 14 16 14 11 14 22 22 14 12 21 22 14 12 21 21 11 11
split_gain=698.326 413.753 318.878 303.578 258 253.384 236.504 278.967 320.276 307.773 628.575 499.557 527.967 371.484 344.301 328.725 256.007 515.229 511.231 327.757 437.658 305.25 283.742 282.954 253.717 647.495 505.388 367.132 292.61 266.155
threshold=0.16176471114158633 185.39170837402347 0.45226171500000006 206.50000000000003 1.3326296000000002 0.78482972136222917 2.0154798761609913 1.2342374500000002 16.244831388937339 230.50000000000003 0.42497292500000006 5.1625386996904039 60.43594982190168 265.50000000000006 0.75000000000000011 216.50000000000003 40.385965296750662 244.50000000000003 -0.5146114249999999 -0.59998893499999995 251.50000000000003 3.382352941176471 0.47868277500000006 0.16082139000000004 238.50000000000003 3.8065015479876165 -0.55150461499999992 -0.79875919499999992 14.008156353618409 48.929337142444808
decision_type=2 2 2 2 2 2 2 2 2 2 2 2 2 2 2 2 2 2 2 2 2 2 2 2 2 2 2 2 2 2
left_child=3 2 4 -1 6 -6 -2 8 -8 14 11 12 16 -13 -10 -16 19 18 22 20 21 -11 -18 -21 28 -26 27 -27 -9 -28
right_child=1 -3 -4 -5 5 -7 7 24 9 10 -12 13 -14 -15 15 -17 17 -19 -20 23 -22 -23 -24 -25 25 26 29 -29 -30 -31
leaf_value=-0.036859506305468637 -0.0065157411739729873 0.0097329887503971001 0.0048866447486752077 -0.0092648416780377121 0.039286289286824372 0.0052974383671540526 -0.0099601275714433571 0.019144027417135778 -0.0046027671420543455 -0.050049336988522014 -0.11387778624045655 0.036617998238893987 0.042287122055197079 -0.005837084684779054 0.013751350517215585 -0.010434011933260453 -0.042503653798495633 -0.024357669629992446 0.045918117492457146 -0.0038993814314213547 0.052127738402570484 0.029940604419467245 0.028907900989524334 0.026136793011263093 0.0054765319303680749 -0.028036822977129561 -0.078447465388263971 0.038196499595841142 -0.0045337912780576027 0.026473102315355886
leaf_weight=1630.0504621490836 22805.567189324647 11612.846333850175 24482.241731923074 2565.135191719979 641.99339720606804 3727.9953587949276 5106.8770421110094 1428.4913576617837 15029.687109127641 226.26283084601164 101.8289777636528 2473.8165844529867 872.19793909043074 650.41721881181002 6167.8495402187109 1818.5215898305178 394.22198428958654 2135.2222612202168 668.76451881974936 4075.4699558839202 821.63688988983631 250.03196988999844 213.78540693968534 969.83097212016582 1933.6055885329843 1449.1295890808105 646.32622716575861 243.60533711314201 14959.868653867394 66.190293230116367
leaf_count=31946 123935 97137 157670 22404 4108 24818 26793 8255 78603 1138 512 13885 5103 3328 43781 11134 2073 10595 3948 20768 4088 1305 1166 5227 9331 6282 3059 1060 80479 345
internal_value=7.27457e-05 0.000741129 -0.000172028 -0.0199931 -0.00155 0.0102986 -0.00215564 -0.000569778 0.00177374 0.00339925 0.00928722 0.0102075 0.00503924 0.0277805 -0.000145008 0.00824365 0.00170498 -0.00933739 0.0157813 0.00764515 0.0300431 -0.00808369 -0.0173879 0.00187835 -0.00531568 -0.0160654 -0.0333782 -0.0184881 -0.00246887 -0.0686773
internal_weight=130169 125974 114361 4195.19 89879.2 4369.99 85509.2 62703.6 41976.4 36869.5 13853.5 13751.7 10627.4 3124.23 23016.1 7986.37 9755.23 3411.99 1276.77 6343.23 1297.93 476.295 608.007 5045.3 20727.2 4338.86 2405.25 1692.73 16388.4 712.517
internal_count=804276 749926 652789 54350 495119 28926 466193 342258 233447 206654 73136 72624 55411 17213 133518 54915 50308 17782 7187 32526 6531 2443 3239 25995 108811 20077 10746 7342 88734 3404
is_linear=0
shrinkage=0.05


Tree=65
num_leaves=31
num_cat=0
split_feature=15 18 21 0 5 21 14 19 21 14 14 21 12 12 23 23 21 14 5 14 12 5 23 21 23 14 23 14 5 21
split_gain=760.441 431.242 269.129 289.875 220.425 192.252 189.523 304.248 213.37 180.944 168.806 147.474 304.544 141.824 134.098 159.785 149.583 190.511 141.88 137.477 133.682 143.7 159.464 141.414 147.534 139.885 135.385 163.462 141.031 135.961
threshold=31.400850296020511 182.33635711669925 1.4441750000000002 4.1008815765380868 2.5000000000000004 0.9413359750000001 208.50000000000003 0.22058823704719546 -0.16231458499999998 173.50000000000003 266.50000000000006 1.4200350000000002 2.7198142414860684 11.018575851393191 0.95612800000000009 0.44444790500000003 0.21633074500000002 243.50000000000003 28.500000000000004 245.50000000000003 2.1965944272445825 1.5000000000000002 2.4041249500000004 0.64024144500000013 2.1248558500000003 225.50000000000003 0.30975498500000004 268.50000000000006 19.500000000000004 -0.50585707999999985
decision_type=2 2 2 2 2 2 2 2 2 2 2 2 2 2 2 2 2 2 2 2 2 2 2 2 2 2 2 2 2 2
left_child=1 2 3 11 13 -6 7 -5 -8 -9 -4 20 -13 -3 15 -10 17 -17 -19 -18 26 -22 23 24 -23 -24 27 -1 29 -28
right_child=-2 4 10 6 5 -7 8 9 14 -11 -12 12 -14 -15 -16 16 19 18 -20 -21 21 22 25 -25 -26 -27 28 -29 -30 -31
leaf_value=-0.030166987114051982 -0.029392570415953334 0.020618459476083283 0.0078907852403755484 -0.022452606189623716 0.0025656449948635888 0.018518484497139595 -0.0084001746472769593 0.0055940815186535237 -0.0053741121285467821 -0.010213395537425292 0.039442624940444981 0.031313013686524539 -0.086551333118945861 -0.015307009246039879 -0.0038350385523883267 0.0042012295855906297 0.016501470267185441 0.035899306215701345 0.10146723924882886 -0.0056774845303869913 0.010611334800684602 -0.00013558164887482796 0.029005002645574686 0.0064694819722162962 -0.016995573050133349 -0.014683604042065302 -0.0078218664891238892 0.051026956458955046 -0.023444962500767066 0.002474774720820353
leaf_weight=748.78200082853436 2171.7856324352324 3530.240080088377 3830.0937622860074 3633.0863341353834 15087.659978635609 2157.8941162973642 8030.4565081857145 2677.1308082193136 1666.2857621498406 5586.8935441449285 475.8225970864296 90.274399757385254 136.88107669726014 297.18190611153841 4634.6408476270735 482.07557347789407 1609.7127916440368 577.5630457252264 95.877418652176857 1233.271548204124 4109.1645096391439 41414.751927670091 864.29452965036035 8295.0659136772156 1338.4958992898464 231.76618576049805 5122.1876075156033 66.674438178539276 763.53538921102881 8566.3471491187811
leaf_count=4374 37020 38181 26233 28038 104141 19572 38740 16501 8398 27509 3060 597 811 1920 24448 2616 8553 2924 412 5949 29731 224125 5243 52754 6983 1001 26697 317 3941 51164
internal_value=-6.19851e-05 0.00043842 -0.000857162 -0.00137423 0.00697239 0.00456274 -0.00548125 -0.0103953 -0.00229136 -0.00509251 0.0113858 0.000356082 -0.0397786 0.0178257 0.00247203 0.00763192 0.0130519 0.0282135 0.0453708 0.00688174 0.000484107 0.00161027 0.000900762 0.000495414 -0.00066381 0.0197619 -0.00366509 -0.0234739 -0.00254584 -0.00137847
internal_weight=129526 127354 106281 101975 21073 17245.6 30227 11897.1 18329.9 8264.02 4305.92 71748.2 227.155 3827.42 10299.4 5664.79 3998.5 1155.52 673.44 2842.98 71521.1 56253.5 52144.4 51048.3 42753.2 1096.06 15267.5 815.456 14452.1 13688.5
internal_count=801953 764933 601119 571826 163814 123713 164088 72048 92040 44010 29293 407738 1408 40101 53300 28852 20454 5952 3336 14502 406330 319837 290106 283862 231108 6244 86493 4691 81802 77861
is_linear=0
shrinkage=0.05


Tree=66
num_leaves=31
num_cat=0
split_feature=16 18 13 14 5 22 14 14 14 12 11 14 14 14 22 20 14 17 22 14 12 11 11 11 24 12 24 12 22 14
split_gain=633.92 415.259 232.716 210.465 205.853 212.128 227.264 200.113 249.258 389.186 296.105 270.984 191.644 191.487 173.064 164.261 273.202 423.908 324.327 213.731 475.072 420.461 266.028 334.596 541.59 360.638 330.928 314.14 297.18 258.372
threshold=0.13235294446349147 185.39170837402347 -41.654936913147147 205.50000000000003 2.5000000000000004 0.37528550500000007 246.50000000000003 168.50000000000003 196.50000000000003 1.1934984520123841 69.754337156104981 186.50000000000003 177.50000000000003 255.50000000000003 -1.2644603999999997 -6.5469207763671866 233.50000000000003 199.7559509277344 1.5679100000000001 251.50000000000003 4.3544891640866874 30.010807182985843 9.9283420878805639 41.848222688509402 3.5000000000000004 4.5356037151702795 3.5000000000000004 2.8034055727554184 -0.56666779499999986 262.50000000000006
decision_type=2 2 2 2 2 2 2 2 2 2 2 2 2 2 2 2 2 2 2 2 2 2 2 2 10 2 10 2 2 2
left_child=3 2 4 -1 -2 7 -7 -6 9 -9 11 -11 -3 -8 -13 -4 18 19 -17 20 -18 -22 -21 26 25 -25 27 -24 29 -28
right_child=1 12 15 -5 5 6 13 8 -10 10 -12 14 -14 -15 -16 16 17 -19 -20 22 21 -23 23 24 -26 -27 28 -29 -30 -31
leaf_value=-0.038014517018171483 0.018854085108514999 0.026039578468356035 0.0053039536353740322 -0.011698943840341593 0.03371680798526204 0.014490349721667293 -0.057007823706663879 -0.066059225289786958 0.0032511290678339565 -0.0044662727720401101 0.0082052049960622958 -0.091469605099111326 0.0070190649160716059 0.010746827138917392 -0.030725158689368589 -0.0055026698264309696 6.5704540789715004e-05 -0.019744328179233689 0.01857870252252106 -0.01532798528949441 0.011741705139571882 0.046966206264640702 0.030574479300890245 -0.016720644298026412 0.010123241105560111 -0.1060620661601025 0.019110050873945378 0.0065279944789255325 -0.0026277631804304379 -0.083962351381190181
leaf_weight=1257.6499816589057 2207.6206183284521 1526.72390473634 8197.4065698720515 1920.4972441419959 407.59389845281839 4668.2718215361238 213.22206452488899 303.82807707041502 8239.8059647157788 1309.4156312867999 1720.3022103756666 136.15915455669165 9959.6621586084366 202.66656375676394 827.39677588641644 44447.761931292713 10057.775032095611 2345.8942896127701 1442.624538782984 2823.9180852621794 4687.8269256278872 1033.3998692929745 1652.2092129066586 3999.5818265676498 2535.8869512677193 115.28623627126217 84.569307066500187 7616.208294287324 3494.5260809957981 212.41954089701176
leaf_count=27441 19347 20435 63250 19224 2973 35497 1588 1685 48159 7663 10074 631 76796 1457 4814 241823 52127 13415 10247 13191 25602 6101 8231 18479 14948 529 482 38234 18944 958
internal_value=-6.95307e-05 0.00048479 -0.000420786 -0.0221212 0.00444632 0.00268114 0.0113341 -0.000718076 -0.00184021 -0.0116015 -0.00744254 -0.019284 0.00954924 -0.0240437 -0.0393948 -0.00146035 -0.00210107 0.000883334 -0.00474525 0.00214682 0.00660948 0.0181112 -0.000978138 0.00107841 -0.00804966 -0.0192489 0.00572713 0.0108174 -0.0067157 -0.0546462
internal_weight=129648 126470 114984 3178.15 20236.3 18028.7 5084.16 12944.5 12536.9 4297.1 3993.27 2272.97 11486.4 415.889 963.556 94747.3 86549.9 40659.5 45890.4 38313.6 15779 5721.23 22534.6 19710.7 6650.76 4114.87 13059.9 9268.42 3791.51 296.989
internal_count=804345 757680 660449 46665 133888 114541 38542 75999 73026 24867 23182 13108 97231 3045 5445 526561 463311 211241 252070 197826 83830 31703 113996 100805 33956 19008 66849 46465 20384 1440
is_linear=0
shrinkage=0.05


Tree=67
num_leaves=31
num_cat=0
split_feature=15 20 11 9 14 12 5 14 14 14 11 11 14 11 25 12 20 11 4 14 12 13 14 3 14 11 11 12 11 12
split_gain=748.546 307.627 348.418 237.404 221.23 214.289 390.438 449.177 206.972 356.92 307.758 267.695 233.673 257.522 223.818 220.28 200.801 176.985 297.113 277.038 446.748 233.954 229.731 211.624 205.572 244.784 256.009 227.301 338.431 224.341
threshold=28.357535362243656 -9.5233306884765607 88.744555543150895 73.500000000000014 240.50000000000003 2.2801857585139325 20.500000000000004 206.50000000000003 268.50000000000006 260.50000000000006 66.271986887747019 70.692184278597324 264.50000000000006 69.754337156104981 21.276421880722051 1.7321981424148609 -2.4217987060546871 26.681275045320444 19.644801504909996 228.50000000000003 5.8498452012383906 52.400069017920522 267.50000000000006 8.8079102039337176 245.50000000000003 32.768276243663799 33.014739663412236 5.2461300309597538 28.886018813636749 4.314241486068112
decision_type=2 2 2 2 2 2 2 2 2 2 2 2 2 2 2 2 2 2 2 2 2 2 2 2 2 2 2 2 2 2
left_child=1 -1 3 5 -4 6 7 16 9 10 14 -10 13 -11 -9 -14 -3 -7 -19 21 24 -20 -22 -24 29 27 -27 -26 -29 -21
right_child=-2 2 4 -5 -6 17 -8 8 11 12 -12 -13 15 -15 -16 -17 -18 18 19 20 22 -23 23 -25 25 26 -28 28 -30 -31
leaf_value=0.0096780806525720072 -0.026089669960705615 0.00052982158791427421 0.0070538436142459325 0.012060634578580771 0.034303787717572136 -0.003387252466282346 -0.023791370377348488 0.010226224281878459 0.025620371588864058 -0.055340993034422949 0.012914414355643281 -0.016556976058817015 -0.020371254977142525 0.0012746160988024141 -0.0073117091290392624 0.027198752145708795 -0.018233872441515635 0.017025347195313803 -0.00092106884599902098 0.0051251853468560031 0.036830460482981428 -0.019662352936301822 -0.10414901671075379 0.016789706316691275 0.015598677909210101 -0.098005291962879854 -0.0050387766082752271 -0.054790744283254936 0.02427164106326039 0.028023377217904957
leaf_weight=8688.4011151641607 2681.9696402363479 1914.3408952504396 7606.2639949135482 3460.8697025328875 824.81983812153339 24647.683573264629 2509.1263229809701 2415.9367419928312 1617.1352944597602 669.29505009949207 4427.6327406167984 489.39989275485277 730.25961319357157 286.72943362593651 7355.1535883024335 363.76557747274637 5585.9307633414865 2998.5600171461701 30415.341575544327 4069.8975522369146 1476.5479957312346 1760.6827912144363 55.659759640693665 99.416095197200775 2951.295341514051 73.834733672440052 7126.0186415240169 302.05481208115816 243.79795368760824 1450.3328470960259
leaf_count=81265 43887 10424 48841 24169 5171 134273 13489 12618 8557 3098 25660 2447 3561 1732 38770 1884 31577 25004 176771 22689 8915 12863 295 482 15311 365 38112 1394 1307 8610
internal_value=4.50671e-05 0.000598852 -7.01423e-05 -0.000824319 0.00972348 -0.00124498 -0.00496439 -0.0031365 0.00107633 -0.000835721 0.00198055 0.0158183 -0.0203328 -0.0383773 -0.00297479 -0.00454374 -0.0134453 0.000113364 0.00174064 0.000824132 0.00581978 -0.00194718 0.0307503 -0.0270067 0.00330977 -0.000734408 -0.00600563 0.0101165 -0.0194988 0.0111452
internal_weight=129298 126616 117928 109497 8431.08 106036 28364.7 25855.6 18355.3 16248.8 14198.7 2106.54 2050.05 956.024 9771.09 1094.03 7500.27 77671.1 53023.4 50024.9 17848.9 32176 1631.62 155.076 16217.2 10697 7199.85 3497.15 545.853 5520.23
internal_count=803541 759654 678389 624377 54012 600208 153817 140328 98327 87323 77048 11004 10275 4830 51388 5445 42001 446391 312118 287114 97480 189634 9692 777 87788 56489 38477 18012 2701 31299
is_linear=0
shrinkage=0.05


Tree=68
num_leaves=31
num_cat=0
split_feature=15 18 21 0 14 18 14 11 11 14 4 11 11 14 23 11 21 5 11 21 23 11 18 14 23 23 21 14 21 25
split_gain=611.423 350.109 287.435 254.068 243.347 297.233 253.656 191.173 175.176 172.327 151.856 143.183 136.263 224.626 175.275 175.005 154.237 127.436 126.794 125.025 119.993 116.894 113.74 113.137 109.919 157.94 145.118 145.111 130.782 107.626
threshold=32.923778533935554 185.39170837402347 1.3326296000000002 1.0564991235733034 195.50000000000003 161.1470642089844 171.50000000000003 88.744555543150895 15.793902891665141 170.50000000000003 158.38477348536256 17.687629925646469 40.385965296750662 231.50000000000003 1.2643609500000001 88.744555543150895 0.64818123000000016 1.5000000000000002 29.781702899261621 -0.15315947999999999 0.31938626000000009 26.484862307103892 166.48529052734378 243.50000000000003 2.4041249500000004 2.1829980500000006 -1.9199379999999999 225.50000000000003 -1.3268715999999998 22.061906616389756
decision_type=2 2 2 2 2 2 2 2 2 2 2 2 2 2 2 2 2 2 2 2 2 2 2 2 2 2 2 2 2 2
left_child=1 2 3 7 5 -5 -7 17 -6 -3 22 -4 13 -12 20 -14 -17 21 -16 -11 23 -1 -10 -15 25 -19 -27 -26 -28 -8
right_child=-2 9 11 4 8 6 29 -9 10 19 12 -13 15 14 18 16 -18 24 -20 -21 -22 -23 -24 -25 27 26 28 -29 -30 -31
leaf_value=0.002007438668824784 -0.028775273666172677 0.02876321889295191 -0.025799669431360969 -0.023363212603831882 -0.016773027375587196 0.0036622855941979048 -0.019094929056740206 0.014240476860060223 0.011690956254042807 0.0017301894137731252 -0.013896360907589986 0.011641592754868096 -0.0097396762183763405 0.044673873450769869 -0.025224124348681654 0.018116355475225103 -0.01056105209650947 -0.00023331052668196716 0.0094057447552395642 0.012748998153104605 0.019920176283655833 0.016310039727627495 0.00085393113325190175 -0.029715453697817154 0.026139420206133336 0.0089486846075699667 -0.05603281352238846 -0.014313151166272291 -0.010394324520888287 -0.0065330448008260687
leaf_weight=3800.4420873411 1824.308825429529 982.24730731546879 265.92046013474464 2917.4716845043004 1764.5039488561451 4578.177468329668 2780.9396510720253 2667.338279210031 2932.9691843912005 5533.3247488103807 1451.1847150437534 5926.8245196118951 9665.3290762677789 64.288817718625069 528.40462047606707 1173.2480754703283 779.66966043785214 48994.47077902779 527.10266704857349 4813.6932623907924 2359.5122309327126 2288.3337485939264 13855.512710012496 235.10250663757324 818.57478010654449 275.559506110847 332.29639529809356 303.1573123857379 297.76733782142401 4409.413641192019
leaf_count=26725 33966 14826 1731 25640 8518 29230 13959 18645 13882 38619 8126 41311 49350 284 2492 6098 4297 279195 2455 43293 10752 19046 76895 1030 5190 1386 1433 1304 1882 22560
internal_value=-4.22107e-05 0.000369706 -0.000449737 -0.00104087 -0.00367007 -0.00907939 -0.00553668 0.00115929 -0.00142176 0.00875878 -0.00061445 0.0100299 -0.00397755 0.00277861 0.00929535 -0.00698139 0.00666784 0.000548097 -0.00793801 0.00685715 0.0161369 0.00738456 0.00274776 -0.0136462 -0.000267872 -0.000615965 -0.0212946 0.0152038 -0.0345148 -0.0113935
internal_weight=129147 127323 115994 109801 50022.8 14686 11768.5 59777.9 35336.8 11329.3 33572.3 6192.74 16783.8 5165.6 3714.41 11618.2 1952.92 57110.6 1055.51 10347 2658.9 6088.78 16788.5 299.391 51021.8 49900.1 905.623 1121.73 630.064 7190.35
internal_count=804120 770154 673416 630374 275568 91389 65749 354806 184179 96738 175661 43042 84884 25139 17013 59745 10395 336161 4947 81912 12066 45771 90777 1314 290390 283896 4701 6494 3315 36519
is_linear=0
shrinkage=0.05


Tree=69
num_leaves=31
num_cat=0
split_feature=17 20 18 21 5 11 24 11 12 21 20 11 12 21 23 11 11 20 0 23 20 18 21 24 24 12 21 21 21 23
split_gain=578.857 516.662 291.588 257.091 222.037 241.526 204.926 198.043 201.453 220.212 218.373 323.36 189.96 184.504 228.171 184.294 211.761 181.456 165.872 164.708 159.951 292.159 191.298 159.102 154.463 170.337 150.786 147.4 208.414 213.294
threshold=157.66176605224612 57.22401428222657 190.41741943359378 1.4441750000000002 4.5000000000000009 21.205184842975978 1.5000000000000002 89.691619807248813 6.5588235294117654 -0.92808919999999995 53.872985839843757 12.319892726561788 11.018575851393191 -1.3268715999999998 1.7749508000000003 32.570528774992241 42.957109953562274 94.161460876464858 9.3827090263366717 0.76229000000000013 52.393394470214851 163.66176605224612 0.59002947500000003 7.5000000000000009 2.5000000000000004 5.9272445820433441 0.33863845500000006 -0.96114000499999996 -0.35631972499999992 1.6251929000000003
decision_type=2 2 2 2 2 2 10 2 2 2 2 2 2 2 2 2 2 2 2 2 2 2 2 10 8 2 2 2 2 2
left_child=1 -1 3 4 5 6 12 8 13 17 -11 19 -2 15 20 -6 -17 18 -10 26 21 23 27 -15 25 -7 -12 -23 29 -29
right_child=2 -3 -4 -5 7 24 -8 -9 9 10 11 -13 -14 14 -16 16 -18 -19 -20 -21 -22 22 -24 -25 -26 -27 -28 28 -30 -31
leaf_value=-0.036515489707085888 -0.0065460997643920528 -0.0062545154998927309 0.017096206651972781 0.012361756309411574 -0.026784815195618285 -0.0046551568314909565 0.0052971700237665923 0.0070505047888108742 0.019745801984581961 -0.0085652081359458079 -0.0023265845458508533 0.020359815141238233 -0.037674525185623746 -0.022325374719691999 0.010947416911322798 0.010494381775515246 -0.01337753196143626 -0.031304485733363571 -0.022653955107341486 0.0021370758023970498 -0.00045317248845430744 0.0047398795222005612 0.0060829138689310674 0.047177268476460477 0.0097501901883813979 0.015435555638396426 -0.052242698962079739 -0.012299339911197131 -0.0028448474236513858 -0.055891090572038442
leaf_weight=1795.0016802623868 4069.0988445281982 6574.7310848496854 2698.921232290566 4380.0796208754182 1472.7572826147079 4481.24771008268 3866.8973934203386 6611.970465619117 3265.7084048315883 4241.0655758492649 285.48418867588043 2282.3107097186148 556.34010424464941 2943.1036303080618 3117.4180192947388 1311.4512763954699 3179.4410929866135 207.13235712051392 247.37422035634518 1475.8040957599878 30265.551945619285 2786.5715278759599 3995.2111102677882 83.800401706248522 13921.144860867411 1378.7779481112957 321.10234582424164 6993.7707268372178 9639.2951021827757 291.45553792268038
leaf_count=35987 27791 35787 24821 33513 7055 27394 26286 40534 17091 24759 1427 13147 2944 20303 17346 6498 15649 891 1552 7499 157710 13754 25062 525 116101 8763 1344 35360 54841 1388
internal_value=-3.41825e-05 -0.012748 0.000849947 0.000477179 1.75912e-05 0.0038559 -0.00319685 -0.00125891 -0.00195972 0.00390828 -0.000486173 0.00736418 -0.0102975 -0.00305433 -0.00222208 -0.011442 -0.00640556 0.0140711 0.0167546 -0.00688204 -0.00294254 -0.00576071 -0.00389249 -0.0203862 0.00688376 7.37197e-05 -0.0287926 -0.0059146 -0.007669 -0.0140507
internal_weight=128740 8369.73 120370 117671 113291 28273.5 8492.34 85017.8 78405.8 12326 8605.77 4364.7 4625.44 66079.8 60116.2 5963.65 4490.89 3720.21 3513.08 2082.39 56998.8 26733.2 23706.3 3026.9 19781.2 5860.03 606.587 19711.1 16924.5 7285.23
internal_count=803122 71774 731348 706527 673014 209279 57021 463735 423201 67710 48176 23417 30735 355491 326289 29202 22147 19534 18643 10270 308943 151233 130405 20828 152258 36157 2771 105343 91589 36748
is_linear=0
shrinkage=0.05


Tree=70
num_leaves=31
num_cat=0
split_feature=18 20 19 18 20 17 20 17 19 23 5 11 5 11 12 23 11 25 5 18 20 4 11 11 11 12 23 12 23 12
split_gain=551.797 433.503 283.538 182.48 147.496 141.345 137.725 294.845 292.736 178.776 175.243 172.502 161.379 149.624 587.887 190.932 137.315 132.551 110.101 109.232 106.293 103.509 103.165 100.749 136.981 125.37 174.999 413.473 271.286 164.678
threshold=156.92646789550784 61.970138549804695 0.63235294818878185 190.41741943359378 61.970138549804695 157.279411315918 52.868820190429695 199.7559509277344 0.33823530375957495 2.4041249500000004 1.5000000000000002 96.005895777764081 23.500000000000004 15.793902891665141 5.9969040247678027 1.8920257000000003 10.895356289350397 23.020559215545656 16.500000000000004 185.39170837402347 64.864372253417983 770.56980381160986 28.125387869683031 88.744555543150895 145.48981178265885 2.339009287925697 1.2342374500000002 4.0913312693498467 1.3495941000000002 5.1625386996904039
decision_type=2 2 2 2 2 2 2 2 2 2 2 2 2 2 2 2 2 2 2 2 2 2 2 2 2 2 2 2 2 2
left_child=1 5 3 6 19 -1 8 13 11 10 22 16 -12 -8 23 -16 -2 -6 -19 -4 -5 -18 -10 25 -25 -15 29 -28 -29 -27
right_child=2 -3 4 20 17 -7 7 -9 9 -11 12 -13 -14 14 15 -17 21 18 -20 -21 -22 -23 -24 24 -26 26 27 28 -30 -31
leaf_value=-0.037993981306478977 0.0083654966466130652 -0.00553453501445492 0.0062608873217579325 0.02642376054562548 0.0083326325902322099 -0.0095863115834762848 -0.0046908391855597417 -0.015812093033166243 0.0029633280187165694 0.021417960196054533 -0.001212885697614019 0.011509973076949603 -0.049027144737605832 -0.0027329444589698363 0.026676284383891847 -0.022228626698690121 -0.010057940079677655 -0.0047297968183530204 -0.075212899056509686 0.015855909028284421 -0.017946614373137066 -0.040749622779668218 0.019285329852343432 0.018954609924787386 -0.054273130791794716 0.0051749228896571528 0.008078222372284739 -0.054840212682693526 -0.011026440355460822 0.022482164895360989
leaf_weight=1691.7875315546989 1015.1197550445795 6954.8462669104338 10039.140880100429 940.74390766397119 2891.9060509428382 591.77569749578834 5725.3720968700945 2255.1255025565624 2394.2933778651059 967.64761100709438 35079.14972948283 1063.4870701804757 176.36389692127705 11913.615213148296 3221.5629321373999 212.02056385949254 13026.602171551436 3934.9976469948888 55.204388849437237 4210.7491479031742 156.83713081479073 279.75672747194767 1624.7978272251785 1262.8913147337735 66.309542492032051 9195.2936009913683 3496.5736572444439 428.33363895863295 1999.8882581889629 1615.205389354378
leaf_count=35976 4905 35580 80043 8961 17250 5514 28711 13485 19273 6885 210007 5716 741 60622 19430 1228 67013 23209 283 42630 960 3546 14643 7369 323 48094 18830 1989 10197 9082
internal_value=2.88299e-05 -0.0117427 0.00094088 -0.000190619 0.00619425 -0.0306397 -0.000420065 0.0017638 -0.00204508 0.000197665 -0.000325693 -0.00791104 -0.00145346 0.00277693 0.00405669 0.0236509 -0.00935391 0.000183312 -0.00572353 0.00909707 0.020073 -0.0107062 0.00956498 0.00181173 0.0152635 0.00118711 0.00397774 -0.00292842 -0.0187745 0.00776265
internal_weight=128487 9238.41 119249 98117 21132 2283.56 97019.4 41392.2 55627.2 40242.3 39274.6 15385 35255.5 39137.1 33411.7 3433.58 14321.5 6882.11 3990.2 14249.9 1097.58 13306.4 4019.09 29978.1 1329.2 28648.9 16735.3 5924.8 2428.22 10810.5
internal_count=802495 77070 725425 562010 163415 41490 552089 219360 332729 251549 244664 81180 210748 205875 177164 20658 75464 40742 23492 122673 9921 70559 33916 156506 7692 148814 88192 31016 12186 57176
is_linear=0
shrinkage=0.05


Tree=71
num_leaves=31
num_cat=0
split_feature=17 14 19 18 20 17 19 24 20 24 24 24 11 14 25 3 14 11 11 14 25 14 24 11 18 20 24 14 11 25
split_gain=473.819 489.963 281.472 165.103 159.38 267.655 248.695 181.223 162.037 231.827 174.071 201.319 160.677 153.976 205.519 149.949 147.908 134.946 195.623 175.381 232.194 191.532 353.459 270.549 131.988 131.606 128.322 126.266 231.959 196.327
threshold=157.66176605224612 213.50000000000003 0.63235294818878185 190.41741943359378 57.681983947753913 199.7559509277344 0.33823530375957495 7.5000000000000009 3.4155578613281254 4.5000000000000009 7.5000000000000009 6.5000000000000009 47.770250197269327 221.50000000000003 21.276421880722051 47.993512723594911 249.50000000000003 14.532123391300257 38.133061216700106 250.50000000000003 21.276421880722051 266.50000000000006 2.5000000000000004 73.671558301492198 164.17825317382815 67.646110534667983 3.5000000000000004 196.50000000000003 119.69848180428473 21.640113502740864
decision_type=2 2 2 2 2 2 2 10 2 10 8 10 2 2 2 2 2 2 2 2 2 2 8 2 2 2 10 2 2 2
left_child=1 -1 3 4 6 17 7 -2 10 13 11 -8 -12 27 -15 -13 26 -6 -19 20 -20 23 -23 -21 -9 -5 -4 28 29 -10
right_child=2 -3 16 25 5 -7 8 24 9 -11 12 15 -14 14 -16 -17 -18 18 19 21 -22 22 -24 -25 -26 -27 -28 -29 -30 -31
leaf_value=-0.035363052375335567 -0.0085481677046074876 -0.0053293204271391142 0.0062319977072433086 0.025418194974902053 -0.0046418423428103628 -0.015730565137782839 0.0021064348580748589 0.029031605633419305 -0.015538819540443772 0.0073432121225895002 0.0053483825040894478 -0.013591375017696928 0.023973271479100635 0.005564960440243974 -0.016965652490836907 -0.073380780489597827 -0.00084437507149692998 0.008830572330217978 0.018631587018467882 -0.0147362538444939 0.00088866945442220692 -0.024064388941748654 0.018495754257378653 0.018384766444959209 -0.007861961750233808 -0.028370865906186184 0.017369212863339558 0.0014709280702475762 -0.065817189211591617 0.00035958382717603054
leaf_weight=1711.1941314339638 15905.955887179822 6566.0025492869318 12159.229090414941 960.26685102283955 4965.1264555752277 2010.1183853819966 6495.6882566958666 573.44093748554587 3052.9126688912511 5440.5683907419443 3331.7214923165739 383.52787688374519 1774.5413999184966 1339.4378996044397 4136.1123830080032 143.66292733326554 5663.1702881902456 13268.644291501492 2422.9797395840287 4546.1039221510291 7705.8237273432314 673.67244583368301 1760.9029642865062 712.41136790812016 418.82301281392574 128.1372003108263 3285.0211877413094 11346.69829235971 161.10907612740993 5332.4150572270155
leaf_count=36533 84876 35532 95991 9217 24523 11696 45934 3351 15209 39732 25985 3362 13908 7227 22979 961 32576 70684 13181 23405 39932 2820 9779 4296 1897 765 35576 63517 839 27651
internal_value=2.81304e-05 -0.0115419 0.000825629 -0.000292126 -0.000507521 0.00202178 -0.00211657 -0.00725471 -9.43592e-05 -0.00202157 0.00480071 -0.00030708 0.0118244 -0.00403015 -0.0114542 -0.0299925 0.0060675 0.00301189 0.00423429 0.000811999 0.00513449 -0.00487897 0.00671387 -0.0102465 0.013467 0.0190654 0.00860188 -0.00198623 -0.00657577 -0.00542984
internal_weight=128375 8277.2 120098 98990.8 97902.4 38065.8 59836.6 16898.2 42938.4 30809.3 12129.1 7022.88 5106.26 25368.7 5475.55 527.191 21107.4 36055.7 31090.5 17821.9 10128.8 7693.09 2434.58 5258.52 992.264 1088.4 15444.3 19893.1 8546.44 8385.33
internal_count=803934 72065 731869 567726 557744 200316 357428 90124 267304 177154 90150 50257 39893 137422 30206 4323 164143 188620 164097 93413 53113 40300 12599 27701 5248 9982 131567 107216 43699 42860
is_linear=0
shrinkage=0.05


Tree=72
num_leaves=31
num_cat=0
split_feature=15 22 11 5 14 21 17 11 22 22 11 11 14 23 14 14 14 21 11 9 16 23 22 14 11 21 11 23 14 17
split_gain=498.534 310.859 276.192 273.497 344.793 240.244 227.789 218.683 266.106 197.239 194.294 189.449 179.264 487.998 405.433 274.915 172.478 365.978 167.013 163.289 161.179 182.884 159.871 142.556 214.298 170.766 142.357 140.792 189.294 135.508
threshold=31.400850296020511 0.45226171500000006 27.079945701987018 8.5000000000000018 202.50000000000003 0.7158442450000001 164.98430633544925 25.766815043259243 1.0527500000000003 1.5224150000000003 29.054523943159328 145.48981178265885 222.50000000000003 1.3568360000000002 208.50000000000003 247.50000000000003 269.50000000000006 1.3154362500000001 25.54010236654258 13.500000000000002 0.75000000000000011 0.81184423000000006 -0.56666779499999986 265.50000000000006 11.403051592271213 -0.43871623499999995 42.073485145293439 0.47944142000000006 265.50000000000006 162.51470947265628
decision_type=2 2 2 2 2 2 2 2 2 2 2 2 2 2 2 2 2 2 2 2 2 2 2 2 2 2 2 2 2 2
left_child=1 3 7 5 6 20 -5 12 -9 11 18 16 14 23 -3 29 27 -18 -7 -20 -1 -22 -21 -14 -25 -26 -8 28 -4 -15
right_child=-2 2 9 4 -6 10 26 8 -10 -11 -12 -13 13 15 -16 -17 17 -19 19 22 21 -23 -24 24 25 -27 -28 -29 -30 -31
leaf_value=-0.0025275885706349376 -0.025454384469067556 0.0012695092059119061 0.018545007721979694 -0.030123973727996203 -0.0013445176675422601 0.0048347474053219942 0.0015578079437949309 -0.04962722385746144 0.021584047391185593 0.025367885074988696 0.01477928710141975 0.060833915531829874 0.032996328551557264 -0.019219039925463116 -0.042707143626986632 -0.016629720317004933 0.043705226997407025 -0.060385976559500731 -0.0014248554401885718 -0.10690326304406217 0.0099444510266450056 7.8103482641854807e-05 -0.023129104488620742 -0.02467601249227826 -0.07710732693033244 0.033148493319068523 -0.012774231427616554 0.0058001994013777737 -0.1286230574229231 0.036743582194065649
leaf_weight=23599.886671420187 1877.3837254419923 1989.1434682831168 41.700789209455252 1450.7605814039707 37294.610416743904 1562.7816071808338 2422.4438925012946 474.63956466317177 180.49194240570068 1609.8885440602899 5550.1043666526675 161.24617482721806 1366.5880077630281 144.62360411882401 710.56357735767961 2171.1250091344118 644.53422176092863 96.26313155144453 263.90266240015626 98.464933861047029 7210.7095241472125 13468.570306889713 134.94722127169371 329.72350981831551 36.657536849379539 532.29888772964478 6081.6171937212348 16013.89099002257 44.394201375544071 422.01822751760483
leaf_count=135488 37095 15212 345 14829 184474 11669 10888 2797 1305 13479 44799 1195 8560 632 4423 11195 3750 601 2046 571 58127 88339 1031 1718 179 3100 28061 113026 202 3787
internal_value=0.000114663 0.000495509 0.00525492 -0.000799283 -0.00355135 0.00170672 -0.011818 -0.00229555 -0.0300052 0.00864547 0.00991262 0.00706066 6.47885e-05 0.00566772 -0.0103167 -0.00853573 0.00654222 0.0301159 -0.00319947 -0.0284056 0.000296186 0.00351874 -0.0587745 0.02283 0.00735089 0.025922 -0.00869194 0.00545573 -0.0579466 0.0224516
internal_weight=127986 126109 26969.8 99138.8 47249.4 51889.4 9954.82 8357.87 655.132 18611.9 7610.2 17002 7702.74 5003.03 2699.71 2737.77 16840.8 740.797 2060.1 497.315 44279.2 20679.3 233.412 2265.27 898.68 568.956 8504.06 16100 86.095 566.642
internal_count=802923 765828 185506 580322 238252 342070 53778 52908 4102 132598 60116 119119 48806 29171 19635 15614 117924 4351 15317 3648 281954 146466 1602 13557 4997 3279 38949 113573 547 4419
is_linear=0
shrinkage=0.05


Tree=73
num_leaves=31
num_cat=0
split_feature=15 18 21 20 21 5 20 23 18 14 14 18 20 14 14 1 14 23 5 14 13 14 14 5 17 13 21 21 14 21
split_gain=494.986 278.954 176.804 176.49 181.414 159.588 299.608 204.494 161.183 145.131 126.626 108.106 142.89 107.073 106.05 147.837 120.909 102.243 102.537 100.552 98.1515 140.329 225.327 126.623 93.6912 92.9836 89.3901 112.42 117.605 260.796
threshold=31.400850296020511 182.33635711669925 1.4441750000000002 -17.53835296630859 -0.19011549499999997 17.500000000000004 34.646110534667976 1.3275677500000003 174.19981384277347 266.50000000000006 208.50000000000003 156.30882263183597 100.27297973632814 208.50000000000003 161.50000000000003 5.3780717700719842 165.50000000000003 1.6251929000000003 5.5000000000000009 214.50000000000003 -48.441655599261303 182.50000000000003 195.50000000000003 6.5000000000000009 189.94999694824222 -88.962283738061259 0.91939226000000007 1.0291663500000003 262.50000000000006 1.4200350000000002
decision_type=2 2 2 2 2 2 2 2 2 2 2 2 2 2 2 2 2 2 2 2 2 2 2 2 2 2 2 2 2 2
left_child=1 2 5 -3 -5 11 -7 8 10 14 -8 12 -1 -9 15 -4 -16 18 -6 -2 21 -13 -23 -24 -25 -18 -22 -28 -29 -30
right_child=19 3 9 4 17 6 7 13 -10 -11 -12 20 -14 -15 16 -17 25 -19 -20 -21 26 22 23 24 -26 -27 27 28 29 -31
leaf_value=-0.03918870187377177 -0.035145820751407091 0.020867549235032361 0.0077801697904107785 -0.00038872285652793125 0.014461040760984149 -0.027523395588543106 -0.018437919907935557 0.013706569341092207 -0.037447907398022839 0.036046123858440332 0.0026267790406991755 0.016367926478398992 0.0034114813231245142 -0.016631992894278098 0.070597096506417142 -0.088810481108422823 -0.046303604881362669 0.02282469751317057 0.00270353413328921 -0.011289295496475272 -0.001265952047449939 -0.011265263206947249 0.015096375394081998 0.006341206469540582 -0.0084627237386600707 0.0078564674781405035 0.015991506240410715 0.004874049867497207 -0.0067587352574397554 -0.10040361308631125
leaf_weight=407.19513822719455 1112.3028846532106 1757.7706360928714 92.540593631565571 9838.688878569752 3048.8260049931705 1430.728702608496 770.89770859107375 318.92827118933201 278.61454164236784 455.1091461032629 9418.3656077049673 1968.9211997836828 379.88660958409309 3221.4183816090226 74.419570881873369 68.07470890879631 80.140254132449627 1229.5337078273296 4732.12787232548 734.34625222533941 66963.078435026109 2484.9028456509113 2569.8729895986617 3156.8095830827951 1614.582429766655 3424.5027860179543 1686.4340794421732 3792.5665935054421 854.54206469655037 80.454853788018227
leaf_count=5453 29936 24392 763 63762 30821 10557 5725 2401 1233 3060 45378 14396 1617 16340 584 471 644 12107 33282 7358 366018 15330 21009 16855 10653 23751 10759 24624 5124 389
internal_value=2.19903e-05 0.000398137 -0.000640353 0.00571928 0.00430561 -0.00105653 -0.00573685 -0.00350988 3.76588e-06 0.0094175 0.00103142 -0.00021585 -0.0186494 -0.0138959 0.0061681 -0.0334547 0.00795508 0.00943089 0.00731177 -0.0256702 -4.52875e-05 0.00418801 0.00174604 0.00615109 0.00133101 0.00660514 -0.000725822 0.00491254 0.000957857 -0.0149154
internal_weight=128047 126200 105593 20606.9 18849.2 101398 15439 14008.2 10467.9 4194.79 10189.3 85959.2 787.082 3540.35 3739.68 160.615 3579.06 9010.49 7780.95 1846.65 85172.2 11795.1 9826.17 7341.27 4771.39 3504.64 73377.1 6414 4727.56 934.997
internal_count=804792 767498 603134 164364 139972 573861 81634 71077 52336 29273 51103 492227 7070 18741 26213 1234 24979 76210 64103 37294 485157 78243 63847 48517 27508 24395 406914 40896 30137 5513
is_linear=0
shrinkage=0.05


Tree=74
num_leaves=31
num_cat=0
split_feature=15 16 21 12 9 14 18 12 11 14 20 21 11 14 14 12 4 14 21 14 14 21 14 11 12 11 21 14 12 12
split_gain=423.756 258.491 217.308 239.257 231.816 160.786 148.945 206.502 133.459 252.375 167.785 160.695 247.798 213.332 145.136 345.893 232.65 149.254 130.79 249.297 143.979 454.531 295.534 426.378 542.15 465.382 443.791 309.789 302.524 258.659
threshold=34.422899246215827 0.83823528885841381 1.3326296000000002 0.81578947368421062 76.500000000000014 260.50000000000006 156.30882263183597 6.7368421052631584 88.744555543150895 243.50000000000003 -12.666358947753904 0.35373817500000004 111.65133048040369 220.50000000000003 203.50000000000003 2.8034055727554184 101.70197010785343 186.50000000000003 1.3154362500000001 252.50000000000003 233.50000000000003 -1.6487905499999997 250.50000000000003 53.79989594552125 4.0650154798761617 36.318281658408999 -0.79875919499999992 262.50000000000006 4.772445820433437 5.1625386996904039
decision_type=2 2 2 2 2 2 2 2 2 2 2 2 2 2 2 2 2 2 2 2 2 2 2 2 2 2 2 2 2 2
left_child=1 2 4 -4 6 -3 7 -1 10 11 -8 12 -10 -14 15 16 -13 -18 20 -20 -12 -22 28 24 -24 26 -26 -28 -23 -27
right_child=-2 5 3 -5 -6 -7 8 -9 9 -11 18 14 13 -15 -16 -17 17 -19 19 -21 21 22 23 -25 25 29 27 -29 -30 -31
leaf_value=-0.015167901003016449 -0.027084192479756072 0.0088345479019898109 0.035321325870173351 0.0052317218644449054 0.013970102830126483 -0.01222306763487826 0.0081729820060914612 0.012740751867355514 0.003614840596471389 0.043870371566841954 -0.0032476955957253476 -0.068161987793563403 0.056429593200089459 0.0023686154983957514 0.0053729024431190724 0.016700682512342881 0.016602468473628822 -0.033831723022857751 0.0049669062649677458 -0.079934019598611808 -0.023152510576873436 0.0029007054181403578 0.011625607872128949 -0.018726414631713748 -0.026285759177421833 -0.066209774167192773 0.013216353050626293 -0.007575084954845524 0.018818284945667868 -0.0072117409064737297
leaf_weight=3632.0280796587467 1403.780669093132 11925.407242592424 754.06703915074468 5288.1432010903955 2607.8058649785817 980.21273321658373 4526.4867645911872 809.90747004002333 2357.9655232876539 412.56760992854834 52432.317188616842 321.44779067113996 485.50409653410316 292.16727719455957 1823.6306940726936 531.77992098405957 225.89026714116335 414.8486257083714 197.60386487841606 152.57779096066952 1868.9753533452749 9939.0922808647156 7335.4731910899282 3119.7205207124352 1678.2149057984352 478.703524120152 3400.1232734620571 3784.8439785391092 4265.6114189773798 303.63826884329319
leaf_count=24877 30813 97313 5263 37695 18173 5487 44175 4367 13589 2622 300991 2428 3431 1539 12208 3503 1439 2219 1402 857 8200 54007 37856 15086 7477 2265 18358 19744 24935 1596
internal_value=0.000225878 0.00052952 -0.000233312 0.00899212 -0.000752409 0.00723435 -0.00111892 -0.0100775 -0.000722272 0.00600556 -0.00121645 0.00357837 0.0116924 0.0361483 -0.00409187 -0.015641 -0.0335144 -0.0160532 -0.00169431 -0.0321476 -0.00157359 0.000852925 0.00216139 -0.00173985 0.00138181 -0.00640906 -0.00314378 0.00226446 0.00768167 -0.0433502
internal_weight=127751 126347 113441 6042.21 107399 12905.6 104791 4441.94 100349 6865.8 93483.4 6453.23 3135.64 777.671 3317.6 1493.97 962.187 640.739 88956.9 350.182 88606.7 36174.4 34305.4 20100.7 16981 9645.52 8863.18 7184.97 14204.7 782.342
internal_count=803915 773102 670302 42958 627344 102800 609171 29244 579927 42978 536949 40356 18559 4970 21797 9589 6086 3658 492774 2259 490515 189524 181324 102382 87296 49440 45579 38102 78942 3861
is_linear=0
shrinkage=0.05


Tree=75
num_leaves=31
num_cat=0
split_feature=15 22 21 19 14 14 21 25 14 25 25 23 14 13 21 4 4 4 14 21 14 22 22 22 22 13 21 23 22 14
split_gain=407.986 265.803 235.625 224.349 304.481 193.861 329.498 261.518 212.712 328.112 271.568 211.927 191.572 180.668 177.658 174.373 161.956 157.922 156.983 156.895 185.47 198.77 211.549 152.086 134.726 197.37 209.403 154.876 135.808 135.406
threshold=31.400850296020511 1.5679100000000001 1.4441750000000002 0.57352942228317272 252.50000000000003 234.50000000000003 -1.5327152499999999 26.694967439770704 251.50000000000003 22.695573055744173 21.65932177305222 0.81184423000000006 266.50000000000006 -11.049383616780979 -0.79875919499999992 491.73070845007902 91.775153197348132 20.320640832185749 168.50000000000003 0.0095684877600000027 241.50000000000003 -0.61916297999999992 0.30705543000000007 1.3569536500000001 -1.21867025 -8.5235982531964201 -1.3268715999999998 2.3465155500000008 -1.6132802499999999 173.50000000000003
decision_type=2 2 2 2 2 2 2 2 2 2 2 2 2 2 2 2 2 2 2 2 2 2 2 2 2 2 2 2 2 2
left_child=1 2 3 5 18 7 -7 15 10 14 -8 19 -4 -3 -10 17 23 -1 -5 -12 -21 -22 -23 -16 25 26 27 -20 -28 -30
right_child=-2 13 12 4 -6 6 8 -9 9 -11 11 -13 -14 -15 16 -17 -18 -19 24 20 21 22 -24 -25 -26 -27 28 -29 29 -31
leaf_value=0.0083391530056291987 -0.023832611374649051 0.02802764172755641 0.0072602409917608456 0.015664206776543881 -0.0056839182209422016 -0.020812649946458383 0.021061308893690511 -0.0089956319434100172 -0.034247608673904785 0.0036782944515223945 0.0028661245904677058 -0.0023208246605188367 0.038786946940129963 0.0030294886300470543 0.0049037394165847206 -0.033954944060977522 -0.016530378052067959 -0.0022020964277558322 -0.079688119462608398 0.048252780435629167 0.059440712446385685 -0.0079852696448377315 0.055684023281204434 -0.093764019176379373 0.0052110313066068116 0.013874538901282974 0.011977790952110663 0.0037884638396126092 -0.088056858331530083 -0.013822107181805758
leaf_weight=4011.239683855325 1775.1872076205909 1416.5491145327687 4176.8478114195168 3189.872125543654 8273.6822358295321 1595.5731149539351 2837.1374224424362 16481.54685869813 746.39890225231647 10750.581592582166 1731.2738672047853 5910.6857683882117 543.82556476444006 1475.2475944012403 1903.6424120143056 404.94327556341887 2402.5827964991331 31043.481032263488 191.81305622309446 545.08889351040125 186.84941709786654 757.67587412148714 156.56107807904482 38.873660154640675 22312.193578585982 858.20040428638458 558.07941788807511 77.935403972864151 63.945719115436077 1152.8147428631783
leaf_count=27949 37133 13376 31716 37719 45055 7186 15859 99547 3316 51640 8826 30218 3951 8329 11243 1926 12481 160891 876 3016 941 3850 929 208 169973 4621 3667 417 445 6633
internal_value=-3.66179e-05 0.000299372 -5.32369e-05 -0.000490824 0.00275656 -0.00195223 0.00128002 -0.00379189 0.00254113 -0.00127375 0.0075251 0.00338853 0.0108996 0.0152803 -0.0117285 -0.00137302 -0.00785324 -0.000995679 0.00521519 0.0133779 0.0244246 0.0125955 0.00296689 0.00288197 0.00389274 -0.00623853 -0.0146835 -0.0556453 -0.00843011 -0.0177926
internal_weight=127570 125795 122903 118183 36678.5 81504.1 29562.9 51941.2 27967.4 15842.1 12125.3 9288.13 4720.67 2891.8 5091.5 35459.7 4345.1 35054.7 28404.9 3377.45 1646.18 1101.09 914.237 1942.52 25215 2902.79 2044.59 269.748 1774.84 1216.76
internal_count=803937 766804 745099 709432 269406 440026 149713 290313 142527 78888 63639 47780 35667 21705 27248 190766 23932 188840 224351 17562 8736 5720 4779 11451 186632 16659 12038 1293 10745 7078
is_linear=0
shrinkage=0.05


Tree=76
num_leaves=31
num_cat=0
split_feature=5 14 21 11 20 22 9 22 11 22 14 11 14 21 14 11 21 4 4 14 22 11 14 23 21 14 23 21 14 11
split_gain=346.646 398.441 273.925 204.221 200.535 181.013 178.724 161.992 156.021 216.085 178.09 348.381 211.39 199.058 155.709 152.248 222.281 241.737 210.629 204.492 557.662 329.323 266.509 349.571 202.788 199.595 188.501 189.892 208.529 231.991
threshold=14.500000000000002 196.50000000000003 0.91939226000000007 79.642589872178192 -11.365150451660154 -0.0062803106849999993 76.500000000000014 1.5679100000000001 40.385965296750662 1.0894472500000003 251.50000000000003 20.03343528257712 232.50000000000003 -0.60578891999999984 160.50000000000003 20.8831020716474 0.31873576500000006 58.181410104036338 20.320640832185749 195.50000000000003 -1.2068874999999999 40.166163226999004 185.50000000000003 1.5186450000000002 0.84858900000000015 190.50000000000003 0.36691397000000009 0.033785214650000006 237.50000000000003 46.041871786809565
decision_type=2 2 2 2 2 2 2 2 2 2 2 2 2 2 2 2 2 2 2 2 2 2 2 2 2 2 2 2 2 2
left_child=2 -2 3 4 -1 -3 7 15 9 10 11 -7 -13 -12 -4 16 17 -6 -17 20 21 -20 -23 25 -18 -24 27 28 29 -21
right_child=1 5 14 -5 6 8 -8 -9 -10 -11 13 12 -14 -15 -16 18 24 -19 19 26 -22 22 23 -25 -26 -27 -28 -29 -30 -31
leaf_value=0.0083261211196879303 -0.022774757358737237 -0.0070689451255526673 -0.014196149134287192 0.0081824645840345607 -0.011919756953464835 0.056605857808475372 0.011479688688131307 0.013748860897774407 -0.003471667421231821 -0.01422958519283945 -0.029454268334902375 -0.0054584033740085929 0.030670257240878542 0.011259290735177256 0.0097771426795256917 0.010068541477777124 -0.028851973099398465 0.003643012404411089 -0.0024517420393804753 -0.057730988816625389 -0.0024142902548617219 -0.025234629413176481 -0.04892942153898145 -0.090587183055434436 0.023417613690456134 0.055202508857674353 0.0015426417576217611 0.0056087530327643895 -0.0047353431863937159 -0.011204205133016332
leaf_weight=6086.3638191521168 2859.6799109112471 12629.071190683171 719.3729160130024 7569.8517113458365 5003.5481327846646 569.75767436996102 2716.8406066633761 1682.5557399615645 6145.7155739273876 841.66144812852144 399.77385354042053 877.78295035287738 750.10318874567747 1195.6004190668464 11368.35213339515 4069.3464425168931 1650.9693330824375 4975.7200619522482 895.66144780814648 552.51669880002737 15295.930277353153 1144.9728272389621 121.69182124361396 435.48279473558068 208.28601357527077 72.658577471971512 33609.046957314014 1164.3169761858881 1179.2511018365622 520.41102679073811
leaf_count=60233 31930 69162 6010 51731 28524 2827 18937 12889 36164 4213 1732 5428 3495 5554 88238 31802 9392 25297 5202 3183 90167 5920 634 1994 1423 335 185246 7190 6268 3101
internal_value=-4.2902e-05 -0.00515971 0.0012874 0.0003277 -0.000402981 -0.00300699 -0.00110865 -0.00157999 0.00175175 0.0086774 0.0137628 0.0229905 0.0111977 0.0010451 0.00834937 -0.00194396 -0.0071189 -0.00416048 -0.000906567 -0.00171888 -0.00609574 -0.0271736 -0.0396412 -0.0657493 -0.0229869 -0.00991604 0.000405068 -0.0107827 -0.0192554 -0.0351952
internal_weight=127312 26269.1 101043 88955.4 81385.6 23409.5 75299.2 72582.4 10780.4 4634.68 3793.02 2197.64 1627.89 1595.37 12087.7 70899.8 11838.5 9979.27 59061.3 54991.9 17966.4 2670.47 1774.81 629.833 1859.26 194.35 37025.5 3416.5 2252.18 1072.93
internal_count=804221 160505 643716 549468 497737 128575 437504 418567 59413 23249 19036 11750 8923 7286 94248 405678 64636 53821 341042 309240 104252 14085 8883 2963 10815 969 204988 19742 12552 6284
is_linear=0
shrinkage=0.05


Tree=77
num_leaves=31
num_cat=0
split_feature=15 22 20 11 14 12 12 21 19 22 11 21 14 11 12 12 23 23 12 21 14 23 23 22 21 21 14 14 21 22
split_gain=354.792 254.759 248.743 229.408 216.316 476.303 422.82 382.613 322.318 316.522 228.25 217.784 238.264 692.155 536.695 423.514 511.281 433.1 383.596 362.467 421.033 811.774 275.151 269.88 269.575 291.37 247.106 337.378 419.757 426.958
threshold=32.923778533935554 0.45226171500000006 -2.9402847290039058 27.079945701987018 195.50000000000003 1.258513931888545 9.1253869969040267 1.3326296000000002 0.22058823704719546 -1.21867025 78.93579828544253 1.3326296000000002 252.50000000000003 41.550116399274252 4.2275541795665648 4.772445820433437 0.44444790500000003 1.1941400000000002 6.7879256965944288 -0.71756502999999994 266.50000000000006 0.64358318000000014 0.26362890000000005 -0.43459500499999998 -1.7869727999999998 1.0291663500000003 236.50000000000003 220.50000000000003 0.27051234000000007 -0.44788862999999995
decision_type=2 2 2 2 2 2 2 2 2 2 2 2 2 2 2 2 2 2 2 2 2 2 2 2 2 2 2 2 2 2
left_child=1 2 -1 -3 5 7 8 -4 -7 10 -10 12 26 15 22 16 -14 19 -19 -17 -21 23 -15 -22 -18 -26 27 -6 -29 -30
right_child=-2 3 4 -5 11 6 -8 -9 9 -11 -12 -13 13 14 -16 17 24 18 -20 20 21 -23 -24 -25 25 -27 -28 28 29 -31
leaf_value=0.0059990391225232045 -0.024077142852081374 -0.0023541179550346956 -0.044028337102579307 0.0076633668278717083 0.0028769946999433207 -0.020048268844738999 0.026589920479112475 0.10406106064168484 -0.027741321703345034 -0.00011959432241284876 0.029228586994064734 0.012155578306184953 -0.016975633321442272 0.023606979837340149 -0.091791330743006508 -0.037753602170156109 -0.052718707184281656 -0.064350024726542998 -0.011692404838620784 0.016415350840410972 0.0344859866987067 0.01892603006899821 -0.019996313642178049 -0.061256063892534296 0.022589082213652453 -0.021550478134667619 0.0061725969491840636 -0.010945457059939392 -0.040329850077620445 0.026310508442470567
leaf_weight=11407.785736337304 1519.0429225601256 8283.1119915954769 1077.1904939766973 18431.1902070418 17551.529112316668 3455.1123705450445 1030.2147526219487 44.527139525860548 1723.0040965750813 12425.893343664706 194.96656347811222 3235.7605150975287 1414.2053477615118 388.05854623764753 249.44195228070021 599.85034880042076 133.91906744241714 574.16818349063396 868.89325023442507 2560.2471862360835 81.235184654593468 821.09363412857056 5194.7063040360808 727.5937559902668 4513.0417372360826 406.85840799659491 14582.653818301857 11932.942596338689 286.93043497949839 1455.5259151011705
leaf_count=94407 33946 52897 6288 133197 104386 27038 5991 274 8159 67613 1266 22518 7064 1927 1154 2730 560 2529 3883 13798 402 4255 24592 3402 22975 2166 80854 62176 1721 9841
internal_value=-6.57367e-05 0.000224734 -0.000945158 0.00455735 -0.00185026 -0.0064248 -0.00453812 -0.0380624 -0.00634122 -0.00303834 -0.021938 -0.000499665 -0.00113627 -0.00591965 -0.0201774 0.000628413 0.00959059 -0.00867162 -0.032674 -0.00143526 0.00377172 -0.0160865 -0.0169618 -0.0516094 0.0170265 0.0189353 0.000799048 -0.00171046 -0.00759796 0.01532
internal_weight=127171 125652 98937.3 26714.3 87529.6 19950.9 18829.2 1121.72 17799 14343.9 1917.97 67578.7 64342.9 18533.3 5832.21 12701.1 6468.02 6233.08 1443.06 4790.02 4190.17 1629.92 5582.76 808.829 5053.82 4919.9 45809.6 31226.9 13675.4 1742.46
internal_count=804009 770063 583969 186094 489562 116629 110067 6562 104076 77038 9425 372933 350415 91437 27673 63764 32765 30999 6412 24587 21857 8059 26519 3804 25701 25141 258978 178124 73738 11562
is_linear=0
shrinkage=0.05


Tree=78
num_leaves=31
num_cat=0
split_feature=16 17 21 22 11 2 11 5 14 17 20 5 14 14 3 11 11 23 22 21 14 21 21 23 14 22 21 14 22 11
split_gain=311.609 226.714 202.398 239.666 224.554 191.015 177.345 178.218 210.142 203.434 142.671 139.51 137.468 125.864 131.129 120.465 119.528 261.648 141.181 136.189 127.578 124.68 118.928 116.598 277.388 395.739 250.025 346.347 335.416 325.44
threshold=0.10294117778539659 213.25555419921878 -0.11925592499999998 1.5679100000000001 100.96431947589475 62.231499627232559 8.0752066537030007 7.5000000000000009 213.50000000000003 172.66364288330081 -16.078605651855465 29.500000000000004 179.50000000000003 204.50000000000003 26.911975465714935 35.261407327714267 53.090817768022937 0.29784916500000008 -2.2201040999999995 0.033785214650000006 161.50000000000003 -0.10662768499999999 0.20585595000000004 0.47509000000000007 260.50000000000006 0.29689309000000008 0.24118209000000004 242.50000000000003 -0.18673216999999998 59.618031340925135
decision_type=2 2 2 2 2 2 2 2 2 2 2 2 2 2 2 2 2 2 2 2 2 2 2 2 2 2 2 2 2 2
left_child=-1 2 4 6 5 10 -4 16 9 -9 -2 23 -11 -6 -15 -5 17 19 -19 21 -18 -8 -14 24 -10 -26 27 -25 29 -28
right_child=1 -3 3 15 13 -7 7 8 11 12 -12 -13 22 14 -16 -17 20 18 -20 -21 -22 -23 -24 26 25 -27 28 -29 -30 -31
leaf_value=-0.019712312481071123 0.010923817666680794 0.019786186433237082 -0.015764514885992922 0.0068003960545953424 0.048620237952486649 -0.0090019532312240642 0.01487375689127295 -0.017378489505920702 0.0031526686206047767 0.017723354812034648 -0.0015532688620207395 0.026099450299762322 0.007827742480914909 -0.05255710397380961 0.019765896961330551 0.036125234009841238 -0.018185956067223705 -0.058903113860356321 0.0055906132070551659 -0.0054607102471285985 0.012717146915272877 -0.054210604386478456 -0.0080822286872570242 -0.0036227233523386791 -0.013006855618656124 -0.089244442466710344 -0.014192921574291249 0.029252791929570934 0.007610784490373463 0.0078408024780359017
leaf_weight=1962.3525528889149 2391.7044071629643 1483.5144407004118 1403.2700546570122 648.97847590595484 324.88093084469438 8653.0913946162909 79.117008190602064 2856.6497495770454 2724.2176919579506 815.78613556548953 53975.498124014586 610.45398472622037 1567.352790415287 74.062517002224922 379.17601735144854 761.16424549743533 350.65875689685345 84.438411682844162 12586.775324810296 612.54681410640478 6692.3136912733316 363.3560083322227 4678.3508067056537 1343.0087380893528 1077.3122747838497 201.27986027300358 4994.0557058490813 1983.8486493602395 8721.3456284143031 2521.1983503401279
leaf_count=37646 25752 14919 8896 4940 2451 49309 650 19738 13829 4950 292394 2959 8050 486 1980 7159 3001 566 97435 4389 59150 2596 25142 7152 4910 935 24810 10553 53756 13869
internal_value=5.24084e-05 0.000362947 0.000129426 0.00229156 -0.00176586 -0.00208557 0.00178111 0.00223016 5.95554e-06 -0.00612234 -0.00102367 0.00252015 -0.00156697 0.0249177 0.0078581 0.0226437 0.00588125 0.00316379 0.00515623 -0.0207484 0.0111762 -0.0418522 -0.00408902 0.00190827 -0.00586594 -0.0250688 0.00349915 0.0159843 0.000940134 -0.00680104
internal_weight=126922 124959 123476 57677.5 65798.4 65020.3 56267.3 54864.1 34094.9 9918.14 56367.2 24176.7 7061.49 778.119 453.239 1410.14 20769.2 13726.2 12671.2 1055.02 7042.97 442.473 6245.7 23566.3 4002.81 1278.59 19563.5 3326.86 16236.6 7515.25
internal_count=804372 766726 751807 379435 372372 367455 367336 358440 190653 57880 318146 132773 38142 4917 2466 12099 167787 105636 98001 7635 62151 3246 33192 129814 19674 5845 110140 17705 92435 38679
is_linear=0
shrinkage=0.05


Tree=79
num_leaves=31
num_cat=0
split_feature=18 20 18 19 20 23 4 19 19 12 11 12 24 12 11 20 11 12 12 23 23 11 11 23 12 23 12 20 19 20
split_gain=300.854 275.974 204.408 148.678 133.148 190.754 175.597 172.471 163.627 168.287 184.453 319.227 155.661 129.425 136.213 119.963 113.653 113.973 110.413 128.755 121.186 151.408 110.251 159.03 130.536 230.55 125.283 227.838 113.634 113.501
threshold=156.92646789550784 61.02986145019532 190.41741943359378 0.63235294818878185 56.772979736328132 2.4041249500000004 18.909645237028602 0.22058823704719546 0.51470589637756359 2.2244582043343657 15.793902891665141 5.9674922600619196 7.5000000000000009 10.65015479876161 97.424542144990468 63.469665527343757 27.620079198385081 5.8823529411764719 3.4721362229102173 0.39037400500000002 1.3495941000000002 27.905007794280266 54.128781830597873 0.22531373500000004 2.7631578947368425 2.1829980500000006 2.2801857585139325 -6.0307769775390616 0.57352942228317272 2.4766693115234379
decision_type=2 2 2 2 2 2 2 2 2 2 2 2 10 2 2 2 2 2 2 2 2 2 2 2 2 2 2 2 2 2
left_child=1 -1 3 4 5 6 -2 12 9 -6 -11 16 13 14 -8 -4 17 -12 -3 -20 -21 -22 23 26 25 -24 27 -9 -25 -26
right_child=2 18 15 -5 8 -7 7 22 -10 10 11 -13 -14 -15 -16 -17 -18 -19 19 20 21 -23 24 28 29 -27 -28 -29 -30 -31
leaf_value=-0.025526077068449102 0.0052428035494924202 -0.010768578739897228 0.019795529000157901 0.0044550633063337435 -0.0018129519214190746 0.016185722276911948 -0.015930937970808714 0.0083888352308054658 -0.0027005920796576346 -0.0029804994888419831 -0.0008146905286491998 0.026928963144615983 0.020436267688497725 0.039741625638427099 0.011927874738195714 -0.00784607216568977 0.0091596881985712263 -0.06728722124215554 -0.026430234051201318 0.011539523374847619 -0.025121201879363144 0.014821273622379656 -0.0023219065003956519 -0.0055912646204687028 0.019248650325812612 -0.062857471008506111 -0.017604002976074843 -0.12604715802053254 0.0027971655819693107 0.0028077399030066591
leaf_weight=1930.389057694003 6769.2371548525989 3274.0263201966882 2106.7798547744751 19253.532293327153 7820.627253189683 1427.4724013023078 5618.5993415266275 51.742121558636427 12600.241731073707 3644.1234958693385 2784.5631705485284 2241.5326817668974 373.4064452983439 114.24702336266637 475.21302871778607 481.7679497897625 8640.7614844627678 65.01410585641861 359.15420946478844 2236.7860862202942 603.1774870455265 389.82282647117972 9720.880487523973 18767.145405068994 1211.2262790650129 158.87315183132887 438.72596857324243 79.156340181827545 5143.090252391994 7836.4843664616346
leaf_count=41119 50669 18168 22097 149477 38690 9576 37452 387 73444 17848 13692 12902 2336 787 3058 3022 44522 289 1799 11052 2958 2061 55095 97347 8798 820 2497 432 36995 44380
internal_value=9.15675e-05 -0.00882945 0.000757421 0.000445228 -0.000359161 -0.00186008 -0.00231422 -0.00333763 0.00195139 0.00427775 0.00701901 0.00967268 -0.0108795 -0.0127661 -0.0137568 0.01465 0.00630428 -0.00235436 -0.00413005 0.00192729 0.00508787 -0.00944182 -0.00219391 -0.0044096 0.000671836 -0.00330162 -0.0304964 -0.073246 -0.00378687 0.00501059
internal_weight=126618 8793.36 117824 115236 95982.4 58185.5 56758 49988.8 37796.9 25196.6 17376 13731.9 6581.47 6208.06 6093.81 2588.55 11490.3 2849.58 6862.97 3588.94 3229.79 993 43407.3 24479.9 18927.5 9879.75 569.624 130.898 23910.2 9047.71
internal_count=803769 77157 726612 701493 552016 350629 341053 290384 201387 127943 89253 71405 43633 41297 40510 25119 58503 13981 36038 17870 16071 5019 246751 137658 109093 55915 3316 819 134342 53178
is_linear=0
shrinkage=0.05


Tree=80
num_leaves=31
num_cat=0
split_feature=17 20 17 21 11 11 21 0 11 12 11 20 4 4 20 20 4 21 11 12 24 20 11 12 11 12 21 21 12 11
split_gain=299.009 310.86 173.164 156.741 161.812 311.771 168.052 149.336 149.028 124.209 188.017 185.79 179.859 177.052 163.228 113.547 194.867 170.148 124.567 171.879 168.378 126.109 123.021 132.706 112.97 141.08 252.983 195.904 134.506 114.389
threshold=157.66176605224612 55.348884582519538 213.25555419921878 1.1001508500000001 27.620079198385081 26.064441246721586 1.5450766500000002 1.0293335318565371 88.744555543150895 6.5588235294117654 16.244831388937339 52.868820190429695 18.222176298499111 32.716211497783668 21.609481811523441 47.609481811523445 368.24535631388432 -1.3945062499999998 14.532123391300257 5.1625386996904039 6.5000000000000009 55.850708007812507 89.691619807248813 2.7198142414860684 111.65133048040369 0.84365325077399389 1.2578024500000002 1.1481375 2.2461300309597529 58.047414695861363
decision_type=2 2 2 2 2 2 2 2 2 2 2 2 2 2 2 2 2 2 2 2 8 2 2 2 2 2 2 2 2 2
left_child=1 -1 3 7 5 -5 -7 8 9 12 13 14 -2 -11 -12 16 -9 -17 -19 22 -21 -22 -20 -24 25 26 -6 -27 -29 -30
right_child=2 -3 -4 4 24 6 -8 15 -10 10 11 -13 -14 -15 -16 17 -18 18 19 20 21 -23 23 -25 -26 27 -28 28 29 -31
leaf_value=-0.030907561273723124 0.0084764991534056582 -0.0049047979663244673 0.017717520856906328 0.00014568642214641785 -0.023461606686691214 -0.0960140213071322 0.0036599356185585291 -0.0037581773805661738 0.012913691822800812 -0.014098662951428007 0.013943137488383772 0.024543957305488889 -0.0016026074962253161 0.0039515614114899568 -0.0021442462287348169 -0.015528844543695366 -0.024879928152843379 -0.014927579447607789 -0.00057251644417421013 -0.006942585687497305 -0.0022693762435983425 0.028637337101788687 0.027956404845019225 -0.015380196049673939 -0.012627043847803374 0.031107495535193121 0.042029493505666121 -0.0042242162764667161 0.016977385263496469 -0.00057240987375412717
leaf_weight=1393.7273040227592 4990.4671868942678 6537.3504902049899 1449.7972632460296 1246.3243503980339 184.04130823537707 142.39426469430327 59.874354548752308 22728.676533859223 2680.3627435527742 1941.3532830700278 3196.2499444521964 1720.5071804597974 39081.244708973914 4519.0405076369643 3110.4877732917666 1590.9821046926081 1146.1568160280585 1097.7943095937371 15618.634755037725 687.57819790393114 422.47894892841578 1505.3440494202077 745.73143960535526 230.67953404411674 573.14818930998445 812.93325530365109 729.7156801186502 2426.4805614314973 2583.4192419573665 1449.0155240781605
leaf_count=35084 41710 37149 14881 9219 1305 699 496 133296 20498 11261 24251 11606 230712 23495 20166 7173 11314 5339 80025 3960 2491 8279 4310 1257 4006 5705 5517 17525 19802 11618
internal_value=-7.88631e-05 -0.00947758 0.000549352 0.000336865 0.00625655 -0.00921869 -0.0666363 -0.000227828 0.00138699 0.000859179 0.00487535 0.00998481 -0.000461132 -0.00147389 0.00600975 -0.00238822 -0.00477317 0.000211975 0.00144584 0.00238224 0.014293 0.0218665 0.000504346 0.0177128 0.00881673 0.0103196 0.0288276 0.00799025 0.0050763 0.0106725
internal_weight=126602 7931.08 118671 117221 10207.3 1448.59 202.269 107014 61239.7 58559.4 14487.6 8027.24 44071.7 6460.39 6306.74 45774.1 23874.8 21899.2 20308.2 19210.4 2615.4 1927.82 16595 976.411 8758.75 8185.61 913.757 7271.85 6458.92 4032.43
internal_count=804149 72233 731916 717035 75892 10414 1195 641143 383699 363201 90779 56023 272422 34756 44417 257444 144610 112834 105661 100322 14730 10770 85592 5567 65478 61472 6822 54650 48945 31420
is_linear=0
shrinkage=0.05


Tree=81
num_leaves=31
num_cat=0
split_feature=5 20 4 17 22 22 22 12 12 11 5 22 22 11 9 20 20 20 12 12 11 22 20 9 4 11 11 6 12 20
split_gain=296.307 283.97 185.797 172.241 165.36 167.119 297.888 262.967 158.708 187.821 174.665 166.573 158.541 148.961 148.437 147.437 137.99 127.038 124.242 115.717 166.455 304.622 152.344 151.749 123.558 114.738 147.941 140.473 126.489 147.751
threshold=14.500000000000002 36.092330932617195 443.1861704587937 213.25555419921878 1.5679100000000001 -1.6132802499999999 -1.5738755999999998 5.9969040247678027 2.339009287925697 88.744555543150895 23.500000000000004 -0.15288999499999997 -0.8116650299999999 67.392728720886808 74.500000000000014 70.059715270996108 84.123107910156264 -13.940284729003904 1.9086687306501551 2.2801857585139325 52.16049636443703 -1.1249007999999996 96.985290527343764 14.500000000000002 50.246719270944602 27.905007794280266 32.768276243663799 21.500000000000004 8.0216718266253881 16.297058105468754
decision_type=2 2 2 2 2 2 2 2 2 2 2 2 2 2 2 2 2 2 2 2 2 2 2 2 2 2 2 2 2 2
left_child=3 2 -2 4 5 7 -7 -1 9 10 -3 -10 -11 14 17 -6 -15 18 -8 22 23 -22 -19 -21 -23 28 -27 -28 -25 -30
right_child=1 8 -4 -5 15 6 13 -9 11 12 -12 -13 -14 16 -16 -17 -18 19 -20 20 21 24 -24 25 -26 26 27 -29 29 -31
leaf_value=0.014755479803729469 -0.011464472962792885 -0.0069138921242271004 -0.038147443293970011 0.018483462584103359 0.022455091258626981 -0.039831522929411972 -0.0019609884907603953 -0.037961479199696509 -0.0060773309470973048 0.049050436743530629 -0.025468589994887009 0.0047259360639705008 0.0012015972316423622 0.0059229438821817981 0.011123158064743796 -0.0069559578457249532 -0.013550087900881046 -0.0063628195962546017 0.014925224628622578 0.0015635222796744012 -0.032457873327524596 0.018822753748400926 0.016434767751291979 -0.011976745270009879 0.0047053678622219703 0.0086271047109029129 -0.0054569484412860959 0.022297280455830879 0.018549504875891087 -0.0053439009338767003
leaf_weight=3426.8193463124335 2802.2962234970182 4528.9688743147999 850.02041121944785 1424.3214837424457 1595.1229961924255 460.09407753311098 1977.0529713705182 253.14630521088839 5984.1023171879351 204.14326796866953 1761.3888382762671 8834.3212341815233 1109.2199069019407 15451.427011284977 2661.6797353997827 580.76198895275593 965.72212519496679 14706.852549172938 2424.2766919322312 21414.211364366114 477.19969884306192 2155.4878787137568 770.28659219294786 7071.234734153375 5513.8425728473812 3083.7867225334048 8777.2815108876675 479.90384459123015 775.19300571456552 3886.7659644708037
leaf_count=20146 16507 21991 16488 14803 15048 2515 19192 1327 34858 1148 13409 49179 7254 106386 19092 2914 5400 82827 27790 119963 2423 18248 4054 40685 32899 19445 56060 4193 5424 22400
internal_value=-8.04316e-06 -0.00475657 -0.0176833 0.00122604 0.000977343 0.000670646 0.000257298 0.0111197 -0.00265026 -0.00852219 -0.0121127 0.000363153 0.00867067 0.000456929 -0.000474115 0.0146054 0.00477671 -0.00089416 0.00734131 -0.00141873 -0.000319655 0.0062619 -0.00522721 -0.00149846 0.00867504 -0.00422208 -0.000856184 -0.00401588 -0.00776195 -0.00136777
internal_weight=126407 26074.5 3652.32 100332 98908.1 96732.3 93052.3 3679.97 22422.1 7603.72 6290.36 14818.4 1313.36 92592.2 76175.1 2175.88 16417.1 73513.4 4401.33 69112 53634.9 8146.53 15477.1 45488.4 7669.33 24074.2 12341 9257.19 11733.2 4661.96
internal_count=804068 160834 32995 643234 628431 610469 588996 21473 127839 43802 35400 84037 8402 586481 474695 17962 111786 455603 46982 408621 321740 53570 86881 268170 51147 148207 79698 60253 68509 27824
is_linear=0
shrinkage=0.05


Tree=82
num_leaves=31
num_cat=0
split_feature=18 20 22 12 9 20 21 12 0 14 12 12 5 22 22 12 13 14 12 21 21 14 3 14 12 14 3 21 12 14
split_gain=262.979 272.706 181.465 211.073 170.148 151.846 135.13 263.032 125.482 197.729 273.541 232.31 218.334 155.086 197.053 215.065 159.15 154.054 172.149 179.852 172.354 177.74 167.134 152.704 151.592 144.354 216.239 141.497 127.872 126.634
threshold=156.30882263183597 56.297058105468757 1.5679100000000001 6.6269349845201253 75.500000000000014 -13.290626525878904 1.3326296000000002 0.86842105263157909 1.0293335318565371 200.50000000000003 9.1253869969040267 1.258513931888545 19.500000000000004 -1.2644603999999997 -1.6132802499999999 5.9969040247678027 -11.362526758005925 252.50000000000003 6.7368421052631584 -1.0846349999999998 -0.48358499999999999 244.50000000000003 186.04827749729159 175.50000000000003 9.4938080495356054 271.50000000000006 16.00243175029755 1.3154362500000001 5.215170278637772 173.50000000000003
decision_type=2 2 2 2 2 2 2 2 2 2 2 2 2 2 2 2 2 2 2 2 2 2 2 2 2 2 2 2 2 2
left_child=1 -1 4 -4 5 -2 8 -8 13 10 11 23 28 14 15 -7 -16 18 20 22 21 -15 -20 -10 -11 27 -27 -19 -13 -21
right_child=2 -3 3 -5 -6 6 7 -9 9 24 -12 12 -14 17 16 -17 -18 25 19 29 -22 -23 -24 -25 -26 26 -28 -29 -30 -31
leaf_value=-0.035872431334543965 0.0079286797279793028 -0.0057731066907899843 0.028111381191364783 5.5697493368501508e-05 0.012027517244682073 0.011852938758027924 0.035531218717384107 0.0029103923300520611 -0.0080532716454559655 -0.00014028325591252644 0.029295225455449825 -0.0023310428221887591 -0.031791991013878272 -0.0046109044304716027 -0.02242956299813444 -0.039402931524441014 0.00025047492637010718 -0.0049093001893040049 0.018516258453192821 -0.022846962000782026 0.0043370624993870526 0.020477786905246428 0.11306827548086976 -0.037904432557193113 -0.026689908976218299 -0.024461658513746452 0.026229776807395539 -0.076782379272852488 -0.015744266663036424 0.0063810704510629118
leaf_weight=897.09404501505196 5586.5844489075243 4646.5594657436013 1271.4067489542067 1416.9475814588368 2960.4150812067091 1648.9823937732726 708.04145567677915 4812.3989837765694 723.40284155122936 30860.196108870208 485.74852930009365 9796.1056584902108 796.03972563520074 12380.634912760928 2249.8975449949503 232.64931144937873 1178.4309057537466 10539.246953323483 2495.0239734724164 393.78833618573844 18181.721032669768 747.64235180616379 46.676856389269233 1051.9932280573994 546.1845671068877 280.01994223147631 837.06467919051647 67.931870728731155 2169.6711899153888 6050.9946426860988
leaf_count=25539 60567 26501 11636 9818 21946 8900 5453 36284 4072 166273 3322 56622 9821 68003 11216 1189 5852 55165 14951 2750 124103 3925 338 5894 2964 1481 4372 399 12571 41165
internal_value=-2.50139e-06 -0.0106495 0.000487337 0.0133296 0.000194217 -0.000110859 -0.000521922 0.00709996 -0.0009275 -0.00285963 -0.00757724 -0.00881123 -0.00645254 0.000637262 -0.00750157 0.00549798 -0.0146359 0.00146815 0.00293581 0.00903548 0.00118487 -0.00318068 0.0202964 -0.0257527 -0.00060284 -0.00357604 0.0135124 -0.00537679 -0.00476428 0.00459192
internal_weight=126059 5543.65 120516 2688.35 117827 114867 109280 5520.44 103760 46429.3 15023 14537.2 12761.8 57330.7 5309.96 1881.63 3428.33 52020.7 40296.5 8986.48 31310 13128.3 2541.7 1775.4 31406.4 11724.3 1117.08 10607.2 11965.8 6444.78
internal_count=803092 52040 751052 21454 729598 707652 647085 41737 605348 261539 92302 88980 79014 343809 27157 10089 17068 316652 255235 59204 196031 71928 15289 9966 169237 61417 5853 55564 69193 43915
is_linear=0
shrinkage=0.05


Tree=83
num_leaves=31
num_cat=0
split_feature=15 22 20 11 21 11 4 22 21 22 22 23 11 21 12 20 12 12 12 23 11 16 11 23 22 11 23 22 20 12
split_gain=265.385 178.192 244.292 220.13 175.041 312.41 165.645 161.194 159.184 144.54 375.64 211.55 171.002 154.091 236.919 139.955 155.38 130.711 128.221 266.513 208.386 206.788 134.676 169.932 128.528 120.925 268.329 124.121 121.505 387.272
threshold=31.400850296020511 -0.13172641999999998 -10.190521240234373 76.554730456576181 1.5744800000000003 27.620079198385081 273.07877713069325 -0.23260509499999996 -0.78959470999999992 -1.6132802499999999 -1.5738755999999998 2.1617061000000004 33.253394066733847 -0.68600228499999993 2.7848297213622297 59.627311706542976 1.8374613003095976 4.8003095975232215 2.2244582043343657 0.31938626000000009 145.48981178265885 0.63235294818878185 57.682358524332479 0.28358063500000003 1.6775100000000001 9.9283420878805639 0.63108661500000018 1.3255616000000001 50.940284729003913 5.4272445820433441
decision_type=2 2 2 2 2 2 2 2 2 2 2 2 2 2 2 2 2 2 2 2 2 2 2 2 2 2 2 2 2 2
left_child=1 2 8 6 18 -6 9 15 17 11 -11 13 -13 -4 -15 -5 -17 -1 19 22 21 24 -3 -24 -21 26 -20 -28 -27 -30
right_child=-2 4 3 7 5 -7 -8 -9 -10 10 -12 12 -14 14 -16 16 -18 -19 25 20 -22 -23 23 -25 -26 28 27 -29 29 -31
leaf_value=-0.010476905283377809 -0.020472308296049267 -0.03982871498780078 0.037625725442102263 0.0046161006436773065 -0.052470367720938826 0.022244131608519867 -0.011010134436421098 -0.014072814284805876 0.015318721555217346 -0.047474179171252594 -0.0026472138275105603 -0.03442958269847194 0.0090472436464666944 0.021269345454801927 -0.02048927919949025 0.012440584781470802 0.048275763240330311 0.029708161936528615 -0.040000786560108657 -0.011615408355651502 0.061116474659117563 0.0043390504379824339 0.0021788845413339398 -0.065027024119790985 0.051328778659534814 0.0011921413976860337 0.0063524906493925065 -0.015529285531259755 0.0013359797836955611 0.01691654014376678
leaf_weight=1285.8492934666574 1584.9910490363836 660.25218931213021 616.52906284853816 4249.4551236126572 150.24477276951075 1875.1845039054751 6282.5347509402782 847.11834491416812 3355.7687618844211 470.8708906956017 48727.685345454141 442.9774621874094 460.33571518957615 1079.5569043681026 494.46258417144418 1101.4956950470805 416.60730388015509 239.13304783031344 491.4913988225162 3732.014201708138 135.94902422651649 6683.9685085564852 596.15223146602511 110.66631064936519 81.92967364937067 19422.721032250673 2147.5298514179885 926.97087865695357 11061.002928536385 6236.51976762712
leaf_count=10831 37252 4054 2900 25552 1162 15751 36684 5323 34622 2286 263023 2284 2346 5768 2624 6127 2423 2407 2288 20357 1062 48136 3674 561 533 144984 12243 4621 63003 38783
internal_value=-0.000148427 0.00011072 -0.00155543 -0.00236329 0.00226026 0.0166787 -0.00333969 0.00628222 0.00923298 -0.00241795 -0.0030772 0.00806301 -0.0122879 0.0164569 0.00814661 0.00927381 0.0223 -0.00416013 0.00170143 -0.00283492 -0.000162442 -0.000961756 -0.0236077 -0.00842052 -0.0102502 0.00305281 -0.00573656 -0.000247832 0.0039065 0.00695411
internal_weight=125968 124383 70070.4 65189.6 54312.6 2025.43 58575 6614.68 4880.75 52292.4 49198.6 3093.86 903.313 2190.55 1574.02 5767.56 1518.1 1524.98 52287.2 12000.9 10633.9 10497.9 1367.07 706.819 3813.94 40286.2 3565.99 3074.5 36720.2 17297.5
internal_count=803664 766412 405200 357340 361212 16913 317915 39425 47860 281231 265309 15922 4630 11292 8392 34102 8550 13238 344299 78377 70088 69026 8289 4235 20890 265922 19152 16864 246770 101786
is_linear=0
shrinkage=0.05


Tree=84
num_leaves=31
num_cat=0
split_feature=15 21 11 14 21 5 21 11 12 14 5 23 14 14 11 23 11 3 23 23 14 23 13 14 14 12 14 14 14 12
split_gain=215.205 162.771 228.276 282.877 238.063 216.102 214.032 233.106 212.98 364.654 260.892 234.912 270.786 276.096 213.715 200.74 181.714 161.719 160.792 173.178 159.027 145.015 168.079 143.109 189.419 138.827 131.815 124.844 205.364 351.445
threshold=35.925676345825202 -0.21211291499999999 20.325362273898474 270.50000000000006 0.84858900000000015 7.5000000000000009 0.31873576500000006 19.299244392351842 6.7368421052631584 249.50000000000003 21.500000000000004 0.96336984500000011 229.50000000000003 209.50000000000003 10.895356289350397 0.6373728500000001 111.65133048040369 22.59581603854895 1.4551887000000001 1.8920257000000003 265.50000000000006 1.3840513500000002 39.61288546224128 254.50000000000003 259.50000000000006 0.32507739938080499 154.50000000000003 214.50000000000003 246.50000000000003 6.5588235294117654
decision_type=2 2 2 2 2 2 2 2 2 2 2 2 2 2 2 2 2 2 2 2 2 2 2 2 2 2 2 2 2 2
left_child=1 8 4 5 6 -4 23 15 10 11 14 -10 13 -13 -1 20 -12 -11 -17 -20 -8 26 -23 -3 -25 -7 -6 -27 -29 -30
right_child=-2 2 3 -5 21 25 7 -9 9 17 16 12 -14 -15 -16 18 -18 -19 19 -21 -22 22 -24 24 -26 27 -28 28 29 -31
leaf_value=0.01485740443750788 -0.022641169478927164 -0.012351606833355738 0.0065093838306674728 0.02305757930129566 -0.036296623069295673 0.024581038516306268 -0.010606365452763562 -0.075128449870729808 -0.0030616825125112275 -0.021238770451915419 -0.018466653218180456 0.014732303645359305 0.033928895121374446 -0.012492484944338663 -0.0029196770099525295 0.0019130220540009733 0.098714052378076136 0.0037564119086560821 -0.058440047258340989 0.036638411886213924 -0.056248353079925706 0.00042210183562141432 -0.070846845800426966 0.033272474186732501 -0.005602565534994261 -0.0047823788635731794 0.025072120774109849 0.0067504369021487822 -0.0043944509613580386 0.050728340727689926
leaf_weight=1756.7001644093543 1046.0943838264793 1769.4022682812065 20010.455856980756 1708.636730030179 94.551407359540462 561.23023590259254 315.56573483347893 195.71919126063585 2987.5645705033094 1735.2541999965906 3073.7410902250558 4292.574346665293 1335.8894980698824 1188.3612782806158 44328.996902527288 1104.4843953810632 32.465707782655954 1031.2086006999016 238.09389853477478 59.157598935067654 484.02749553322792 1036.6602070797235 88.901536598801613 509.00952581316233 811.98223140835762 11141.842511957511 1052.6384786590934 10521.817321781069 11033.621411956847 295.94206465780735
leaf_count=13770 27764 12199 168601 10309 771 3596 1885 1117 18984 8048 20358 28210 7962 6235 246096 7678 212 4767 1389 548 2124 7555 445 2910 4282 67501 6584 60355 59781 1654
internal_value=-6.81834e-05 0.000121212 0.00190865 0.0030361 -0.00612121 0.00239703 -0.0117566 -0.0229656 -0.00170301 0.00410495 -0.00318727 0.00862845 0.0137515 0.0088283 -0.00224174 -0.0182958 -0.0172105 -0.0119237 -0.0068821 -0.0394586 -0.0382711 0.00748433 -0.00526491 -0.00305779 0.00939075 -5.5526e-05 0.0199869 -0.000475338 0.00172091 -0.00295023
internal_weight=125843 124796 63033.7 55273.5 7760.19 53564.9 5487.44 2397.05 61762.8 12570.9 49191.9 9804.39 6816.83 5480.94 46085.7 2201.33 3106.21 2766.46 1401.74 297.251 799.593 2272.75 1125.56 3090.39 1320.99 33554.5 1147.19 32993.2 21851.4 11329.6
internal_count=803690 775926 421284 371797 49487 361488 34132 14741 354642 74206 280436 61391 42407 34445 259866 13624 20570 12815 9615 1937 4009 15355 8000 19391 7192 192887 7355 189291 121790 61435
is_linear=0
shrinkage=0.05


Tree=85
num_leaves=31
num_cat=0
split_feature=5 18 21 25 11 12 11 15 17 15 5 5 13 5 24 11 4 13 12 12 11 21 12 11 21 24 21 25 18 24
split_gain=210.618 272.379 178.88 174.031 172.577 163.912 164.682 143.396 123.326 118.077 112.17 111.488 131.347 106.574 100.722 115.017 110.938 94.8562 93.6031 117.956 103.102 92.8322 106.074 148.426 92.7851 131.114 87.5498 85.1861 105.142 84.4737
threshold=17.500000000000004 177.58351135253909 0.91939226000000007 23.751822867989542 79.642589872178192 2.2244582043343657 89.691619807248813 15.478336334228517 217.55000305175784 38.968345642089851 22.500000000000004 1.5000000000000002 -43.081044325276324 11.500000000000002 4.5000000000000009 10.389228504554778 288.59981783479458 -18.785201202386023 1.9086687306501551 5.9969040247678027 24.252350459250138 0.51909596000000013 1.1687306501547989 145.48981178265885 -0.12487920499999999 1.5000000000000002 0.24118209000000004 22.890998196601871 174.19981384277347 2.5000000000000004
decision_type=2 2 2 2 2 2 2 2 2 2 2 2 2 2 8 2 2 2 2 2 2 2 2 2 2 8 2 2 2 8
left_child=2 5 4 -3 7 6 10 8 11 14 -2 12 -1 -4 15 -7 -17 -15 24 -20 -21 22 23 -8 25 -14 -26 28 -16 -27
right_child=1 3 13 -5 -6 9 21 -9 -10 -11 -12 -13 18 17 27 16 -18 -19 19 20 -22 -23 -24 -25 26 29 -28 -29 -30 -31
leaf_value=0.023565702946726948 -0.0078650569270316117 0.0084063330072277759 0.0090462915925450891 -0.068383520973047979 0.0068478793432490545 0.031897741188889425 -0.025221321174088512 -0.02219410318541638 0.019727502430365376 -0.024128424141350829 -0.024857446390896581 -0.0011868748755564113 -0.025389988151535356 -0.010122068292728253 -0.0067001482158746796 0.0056297717619884233 -0.017242217469036487 0.0060417613949205872 0.014133315006256118 -0.011102916426609117 0.01264983027388486 -0.0085394340223988122 0.044874103131321515 0.088826031909698705 -0.047683324748251439 0.032584769996863369 -0.0084293162007022474 0.0043234495624507067 -0.073559447111028076 0.0013790072916331107
leaf_weight=860.97491486743093 1908.5748645495623 101.15462950617075 9490.4116947650909 269.67819476872683 8447.765038119629 165.89957101643085 156.42891641147435 763.74709350988269 749.90620780736208 534.03445557504892 1979.2728175707161 77550.465223789215 359.80012830719352 1600.7802105881274 1055.1973720639944 732.91067769564688 1911.687772385776 2093.5075637735426 2503.3049534261227 1225.9424494504929 726.90516176074743 457.94566280208528 250.62926973216236 33.845071967691183 214.86137330159545 287.26962681487203 417.0377827771008 7834.026160011068 61.295936897397041 875.92140512540936
leaf_count=9020 9734 475 79251 1210 57046 927 998 12775 7616 14865 15510 444061 2838 9994 4720 3613 14959 13201 20570 8165 6591 3362 1777 243 1711 2313 3377 45374 273 7228
internal_value=-3.77467e-05 -0.0051345 0.000784634 -0.0474707 2.706e-05 -0.00421268 -0.0120614 -0.000638868 -0.000446677 -0.00115629 -0.0165199 -0.000624845 0.00520773 0.00624186 -0.000111231 -0.0083669 -0.0109039 -0.000963068 0.00281371 0.00695048 -0.00225952 0.0072202 0.0235713 -0.00457676 -0.00574008 0.000946048 -0.0218309 0.00248172 -0.0104333 0.00910717
internal_weight=125621 17452.6 108169 370.833 94983.9 17081.7 4786.7 86536.1 85772.4 12295.1 3887.85 85022.5 7472.02 13184.7 11761 2810.5 2644.6 3694.29 6611.04 4456.15 1952.85 898.849 440.903 190.274 2154.89 1522.99 631.899 8950.52 1116.49 1163.19
internal_count=803797 118040 685757 1685 583311 116355 31624 526265 513490 84731 25244 505874 61813 102446 69866 19499 18572 23195 52793 35326 14756 6380 3018 1241 17467 12379 5088 50367 4993 9541
is_linear=0
shrinkage=0.05


Tree=86
num_leaves=31
num_cat=0
split_feature=17 14 22 11 4 14 21 11 17 14 14 22 22 14 14 23 11 14 11 11 14 22 22 23 21 11 14 21 21 23
split_gain=209.972 282.006 151.301 166.384 160.756 139.739 134.271 133.063 126.579 122.804 148.577 157.076 331.726 203.43 147.893 474.908 214.572 171.947 145.724 475.463 211.179 116.902 251.773 145.85 199.719 150.234 144.417 116.559 173.448 133.26
threshold=157.66176605224612 211.50000000000003 1.5679100000000001 47.991097446288862 8.4732906371355075 197.50000000000003 1.3326296000000002 43.720096607660828 213.25555419921878 161.50000000000003 166.50000000000003 -0.16078418999999997 -0.22252412499999999 249.50000000000003 249.50000000000003 1.5077936500000002 33.789285444495953 170.50000000000003 58.414153906490789 58.047414695861363 169.50000000000003 -1.6132802499999999 -1.5738755999999998 1.8642450000000002 -1.9199379999999999 52.16049636443703 198.50000000000003 -1.3268715999999998 -0.62302365999999998 2.5483800000000003
decision_type=2 2 2 2 2 2 2 2 2 2 2 2 2 2 2 2 2 2 2 2 2 2 2 2 2 2 2 2 2 2
left_child=1 -1 4 -4 7 -5 8 -2 21 -8 -11 12 14 -14 17 16 -16 -12 19 20 -13 27 -23 -24 25 -25 -27 29 -29 -6
right_child=2 -3 3 5 6 -7 9 -9 -10 10 11 18 13 -15 15 -17 -18 -19 -20 -21 -22 22 23 24 -26 26 -28 28 -30 -31
leaf_value=-0.029295703512226136 0.0058822806786719035 -0.0035728303467091761 0.0056221713875859265 0.066309123250503227 -0.030158534042296004 0.016829390435808455 -0.040041004545655123 0.029503361158772202 0.015695299885202286 0.0521515100906371 0.031471890364354015 -0.063866830254736204 -0.011848473786489969 -0.15500425714743632 -0.12328398385259959 0.034861913139951212 0.0034603266670609326 -0.021785022993162276 0.025117895156530807 -0.21314580088166576 0.011485883712372531 -0.036424702362692248 -0.00030473198420954669 0.0081593127325238751 -0.018562006041794164 -0.078886376348434761 -0.0084015181856556473 0.031107369195538772 0.0048017719381960753 0.025067394927480863
leaf_weight=1277.1914229765534 4468.5670599676669 6406.1475470997393 2024.1770337056369 227.86140501126647 370.54766330309212 381.6166387014091 130.67825452238321 687.17291231453419 1207.1809471622109 189.95516639202833 185.02559829130769 97.792142048478127 44.392729118466377 55.790761917829514 75.562884755432606 646.32842971384525 59.12887716293335 818.48920077458024 1528.6052544116974 23.87530430406332 1582.1339184269309 495.65793210268021 94308.261119022965 1768.1800491660833 2611.4364432264119 96.589920829981565 285.77095096558332 835.5737677346915 2498.9917957335711 153.84700125828385
leaf_count=35162 36321 36663 15083 2315 1615 3737 1050 7532 12076 1689 1523 852 352 351 353 4250 335 5739 13088 169 13515 2562 561039 9924 14089 685 1346 4209 14909 929
internal_value=0.000156178 -0.00785197 0.000678298 0.0125256 0.000407403 0.0354064 3.17011e-06 0.00903568 -0.000394973 0.00766281 0.00884476 0.00722727 -0.00424372 -0.0923139 0.000749457 0.0170535 -0.0680285 -0.0119441 0.0139149 0.00385504 0.00706405 -0.000582929 -0.000913901 -0.000735871 -0.00927248 0.00201133 -0.0263663 0.00795456 0.0114008 -0.0139395
internal_weight=125543 7683.34 117859 2633.66 115226 609.478 110070 5155.74 104632 5437.76 5307.08 5117.13 1884.72 100.183 1784.53 781.02 134.692 1003.51 3232.41 1703.8 1679.93 103425 99565.9 99070.2 4761.98 2150.54 382.361 3858.96 3334.57 524.395
internal_count=803462 71825 731637 21135 710502 6052 666649 43853 623383 43266 42216 40527 12903 703 12200 4938 688 7262 27624 14536 14367 611307 589645 587083 26044 11955 2031 21662 19118 2544
is_linear=0
shrinkage=0.05


Tree=87
num_leaves=31
num_cat=0
split_feature=15 16 14 22 22 22 22 14 17 12 14 25 14 12 14 17 13 24 13 9 12 17 5 24 14 24 14 22 14 24
split_gain=203.53 170.131 163.221 200.183 121.561 164.739 217.652 163.501 212.677 166.633 255.126 265.301 239.884 170.465 226.638 169.893 162.181 157.993 150.871 167.662 140.592 129.974 126.39 127.399 125.08 114.461 120.818 143.108 123.216 143.268
threshold=35.925676345825202 0.80882352590560924 260.50000000000006 -0.94543605999999991 -0.13172641999999998 -1.6132802499999999 -1.5738755999999998 219.50000000000003 199.7559509277344 2.2244582043343657 248.50000000000003 22.642625969648364 268.50000000000006 3.8312693498452015 230.50000000000003 169.697135925293 -52.190253269192603 7.5000000000000009 -21.031460480505004 57.500000000000007 9.2260061919504661 190.72883605957034 20.500000000000004 7.5000000000000009 216.50000000000003 7.5000000000000009 244.50000000000003 -0.040968708699999988 235.50000000000003 6.5000000000000009
decision_type=2 2 2 2 2 2 2 2 2 2 2 2 2 2 2 2 2 10 2 2 2 2 2 10 2 10 2 2 2 8
left_child=1 4 3 -3 5 20 -7 17 9 12 13 -12 22 25 -15 -13 -17 18 -6 -20 -1 -18 23 -9 -19 26 28 -28 29 -11
right_child=-2 2 -4 -5 7 6 -8 8 -10 10 11 15 -14 14 -16 16 21 24 19 -21 -22 -23 -24 -25 -26 -27 27 -29 -30 -31
leaf_value=0.0099569999232003298 -0.022424515794528033 -0.0039109246048160918 -0.0097774612632924515 0.0084799021373574701 0.00055792321765095151 -0.037766593882986858 -0.0026048522251225321 0.00083717429431422348 -0.0096883412305475355 0.026098069308496091 -0.010255152707982648 -0.0012484063199065221 0.022001787672766421 0.0076229781394891102 0.029153759017963465 -0.073013915218540268 0.024682102980772114 0.007737930654656347 -0.0077417031255850675 -0.068135760309903287 -0.047428295468029374 0.005598870711462367 -0.024607497346341333 -0.028011259878289715 0.081312519009483553 -0.022748476917404115 -0.073299245270247157 -0.0019590414427851821 0.034058174285169392 -0.0029507444497305609
leaf_weight=3463.4044601023197 1005.9271039981395 4201.0533239282668 1872.3324153497815 14537.038509950042 9688.0056383050978 442.75266881100833 53714.241061748937 2829.0943935252726 2573.4939447231591 644.94400801882148 2964.768031835556 2916.1376221850514 822.60086358711123 2133.1388031169772 2864.0997970663011 50.723900817334652 2002.0106236934662 2577.7103287111968 8376.0747375655919 115.53681758791208 109.14752419665456 1610.3528759330511 858.98297974467278 441.56061231344938 58.10663840174675 326.89029397815466 83.017814099788666 430.80564044043422 541.72082728892565 1237.3640093058348
leaf_count=19675 28017 27357 10292 123120 67290 2432 300820 17678 18588 4623 17359 12931 4844 12619 19071 362 11500 17656 55548 835 553 9327 4169 2046 289 1682 444 2774 3314 6956
internal_value=-3.54374e-05 0.000145658 0.00429523 0.00570184 -0.000677702 -0.00220695 -0.002893 0.00123537 0.00393316 0.00547384 0.00773006 0.00216108 -0.00263842 0.0141621 0.0199664 0.00775687 0.0149242 -0.00204778 -0.00370655 -0.00857135 0.008191 0.0161789 -0.00755075 -0.00306493 0.00939011 0.0052743 0.00839903 -0.0136054 0.013067 0.00701096
internal_weight=125493 124487 20610.4 18738.1 103877 57729.5 54157 46147.1 25331.7 22758.2 17806 9543.99 4952.24 8261.98 4997.24 6579.23 3663.09 20815.4 18179.6 8491.61 3572.55 3612.36 4129.64 3270.66 2635.82 3264.74 2937.85 513.823 2424.03 1882.31
internal_count=804171 776154 160769 150477 615385 323480 303252 291905 150287 131699 102962 51479 28737 51483 31690 34120 21189 141618 123673 56383 20228 20827 23893 19724 17945 19793 18111 3218 14893 11579
is_linear=0
shrinkage=0.05


Tree=88
num_leaves=31
num_cat=0
split_feature=15 19 12 21 21 12 11 14 11 18 11 14 21 13 14 12 11 11 12 11 21 14 14 21 21 21 14 21 21 21
split_gain=192.789 171.328 121.869 150.542 262.04 233.262 148.615 147.76 178.512 141.83 131.961 134.518 230.375 224.177 223.859 303.432 311.663 209.675 350.834 171.028 341.979 202.977 189.247 231.965 214.851 167.29 165.545 151.765 205.315 249.695
threshold=35.925676345825202 0.63235294818878185 2.2244582043343657 1.4441750000000002 1.4200350000000002 2.7198142414860684 17.687629925646469 268.50000000000006 70.692184278597324 174.09375000000003 100.96431947589475 228.50000000000003 -1.5327152499999999 80.292803321206733 252.50000000000003 3.0789473684210531 54.480110909097803 41.215527243203375 4.3854489164086692 27.905007794280266 -0.79875919499999992 260.50000000000006 260.50000000000006 -0.56170388999999987 -0.71756502999999994 -0.19994983999999996 271.50000000000006 1.1481375 0.87846228500000012 0.36153364000000004
decision_type=2 2 2 2 2 2 2 2 2 2 2 2 2 2 2 2 2 2 2 2 2 2 2 2 2 2 2 2 2 2
left_child=1 2 7 4 10 -6 -5 9 -9 -1 11 13 -13 -4 15 -14 -17 19 -19 20 21 -16 24 -24 -22 -20 -21 28 29 -25
right_child=-2 -3 3 6 5 -7 -8 8 -10 -11 -12 12 14 -15 17 16 -18 18 25 26 22 -23 23 27 -26 -27 -28 -29 -30 -31
leaf_value=-0.0066498787590688977 -0.021927686340897239 0.0044512448405581856 -0.0010324627194481636 -0.031830656372185288 0.035837749296333973 -0.073108103618411815 0.017446105846050351 0.02066793522715242 -0.017126762416238769 0.00076820603505106015 0.01643487366891928 -0.017799303709680289 -0.0065978023235390565 -0.02017766198041597 -0.038004867864301621 0.0093645537174486208 0.037451414407568391 -0.0077411878504862405 -0.0052328274471982903 0.0071003210143064767 -0.048836563528681584 0.0034871039831632709 0.029642633147260584 0.00035763217911702095 0.02015399608221688 -0.097394200731333216 0.043340800903646975 -0.055675209553108632 0.02115562631234048 -0.027436495360491336
leaf_weight=18602.696280602366 984.90965731814504 20467.879167106003 39956.025106353685 164.98387137800455 63.008964261040092 214.06036554090679 1969.1214522849768 1250.3606722056866 415.53853761404753 9857.6167214773595 1250.1016938444227 1308.3427945524454 2636.1088628098369 1588.8613456021994 944.65273374319077 9005.5512536950409 1108.5885797739029 1947.4747845754027 68.716911360621452 3999.1417199075222 119.620650395751 428.00072428584099 488.90782776474953 2251.6796236038208 1763.1716501191258 173.77493236958981 341.15029077976942 151.39408632367849 640.01990337669849 1259.3464064821601
leaf_count=101294 27993 164269 240178 1048 428 1200 15473 6653 2140 65319 8059 5892 14654 17701 4116 51088 6795 9868 316 20767 626 1890 2258 11448 9678 785 1871 747 3723 6288
internal_value=9.54423e-05 0.00026993 -0.000553268 0.000540162 0.000150602 -0.0482927 0.0136235 -0.00323328 0.0112359 -0.00408059 0.00033918 5.22431e-05 0.00268887 -0.00176513 0.0036704 0.00850888 0.0124465 -0.00056202 -0.0148201 0.00195972 -0.00235519 -0.0250743 0.00232045 -0.00295786 0.0157472 -0.0714064 0.00995818 -0.00666844 -0.00486813 -0.00961663
internal_weight=125421 124436 103968 73841.8 71707.7 277.069 2134.11 30126.2 1665.9 28460.3 71430.6 70180.5 28635.6 41544.9 27327.3 12750.2 10114.1 14577.1 2189.97 12387.1 8046.79 1372.65 6674.14 4791.35 1882.79 242.492 4340.29 4302.44 4151.05 3511.03
internal_count=804565 776572 612303 436897 420376 1628 16521 175406 8793 166613 418748 410689 152810 257879 146918 72537 57883 74381 10969 63412 40774 6006 34768 24464 10304 1101 22638 22206 21459 17736
is_linear=0
shrinkage=0.05


Tree=89
num_leaves=31
num_cat=0
split_feature=22 11 21 18 11 0 11 21 22 22 22 21 23 11 21 11 11 22 22 21 23 21 21 11 5 11 23 9 11 22
split_gain=198.001 217.718 367.849 213.531 159.795 215.328 147.762 121.48 138.392 118.92 123.017 156.372 211.678 210.877 129.099 129.002 135.134 117.525 241.646 131.101 136.551 129.124 125.432 261.205 189.427 182.369 156.671 142.599 172.282 204.886
threshold=0.45226171500000006 108.20369620633893 0.51909596000000013 156.92646789550784 27.079945701987018 0.46670407056808477 119.69848180428473 -1.1820513499999998 0.74209228000000016 1.5224150000000003 0.67365861000000005 1.0000000180025095e-35 0.47944142000000006 53.090817768022937 1.4441750000000002 54.128781830597873 31.816619188781406 -1.6132802499999999 -1.5738755999999998 -1.3268715999999998 2.4041249500000004 -0.62302365999999998 -0.48358499999999999 35.482507067406701 4.5000000000000009 20.03343528257712 0.73569989000000013 18.500000000000004 27.905007794280266 0.37528550500000007
decision_type=2 2 2 2 2 2 2 2 2 2 2 2 2 2 2 2 2 2 2 2 2 2 2 2 2 2 2 2 2 2
left_child=3 4 -3 -1 5 -2 17 -7 -9 10 11 12 -6 -13 -15 16 -14 19 -19 20 -5 -21 23 27 -24 26 -26 -20 -29 -30
right_child=1 2 -4 6 9 7 -8 8 -10 -11 -12 13 15 14 -16 -17 -18 18 22 21 -22 -23 24 -25 25 -27 -28 28 29 -31
leaf_value=-0.0099096514302927253 0.0028862494951840071 0.056999637369600092 -0.0057782193483230356 -0.048350952274997507 -0.10681333726417262 -0.037560937086084989 -0.017995677489582133 0.010090159581661406 -0.017419454368602282 0.019446333130338771 0.0013742507893044736 0.031728322683511744 0.028066248499016774 6.9396077673570359e-05 0.036447488970614166 0.018544027312266537 -0.014116143408758006 -0.033075931863238983 0.0059924671893881818 0.02823646115731946 0.0036116420608102631 0.0061817474819382962 0.0069555700237788932 -0.0064913884825932126 -0.02225374274841092 0.00056563010182158395 0.0030262051370133318 -0.0084387541612702798 0.012603625598796755 -0.08113421122953586
leaf_weight=6230.4839475546032 5652.6255102176219 496.89348303154111 438.84602150321007 191.98565384745598 44.180176645517349 463.78802835941315 1169.9297565743327 643.28852210007608 1574.5670090522617 1455.5604408234358 10535.64733726345 1455.5487323198467 228.04603034630418 1483.232308421284 290.87672701850533 791.3729766253382 1109.7770403083414 564.87843011133373 9622.6544098481536 887.07002255693078 366.24074728414416 2629.7259726133198 11464.095527306199 19381.583672141656 1678.53418193385 36733.375235211104 964.69397174008191 4859.5763665996492 1776.9528448469937 59.280881427228451
leaf_count=58558 37633 4243 3514 874 189 2570 7471 4203 10381 13859 79771 10698 1601 11149 2535 6182 7164 3010 53603 4649 1869 16222 96492 104184 8193 210831 5139 26690 10285 355
internal_value=8.25901e-05 0.00390508 0.0275831 -0.000951347 0.00304287 -0.00264954 -0.000346869 -0.0143151 -0.00943935 0.00577033 0.00452026 0.0106534 0.000283537 0.0176295 0.00605099 0.00255486 -0.00691012 -0.000120224 -0.000508526 0.00817801 -0.0143139 0.0117512 -0.000295569 -0.00256715 0.00129954 -0.00034729 -0.0130297 0.00209382 -0.00350904 0.00953488
internal_weight=125245 26664.3 935.74 98581.1 25728.5 8334.27 92350.6 2681.64 2217.86 17394.2 15938.7 5403.03 2173.38 3229.66 1774.11 2129.2 1337.82 91180.6 87105.6 4075.02 558.226 3516.8 86540.7 35700 50840.7 39376.6 2643.23 16318.5 6695.81 1836.23
internal_count=804117 195692 7757 608425 187935 54787 549867 17154 14584 133148 119289 39518 15136 24382 13684 14947 8765 542396 518782 23614 2743 20871 515772 195117 320655 224163 13332 90933 37330 10640
is_linear=0
shrinkage=0.05


Tree=90
num_leaves=31
num_cat=0
split_feature=16 18 14 24 12 14 14 9 12 14 14 12 9 11 14 20 11 14 14 10 14 17 20 24 10 17 11 12 24 14
split_gain=171.074 144.153 250.768 137.058 129.18 138.28 118.97 114.161 92.552 114.469 87.7397 110.509 214.994 162.5 131.171 85.6017 86.5103 149.151 105.03 121.301 88.2229 187.716 201.729 168.142 130.544 126.581 115.261 441.99 205.479 209.655
threshold=0.83823528885841381 156.30882263183597 214.50000000000003 3.5000000000000004 6.5588235294117654 189.50000000000003 260.50000000000006 75.500000000000014 4.3544891640866874 265.50000000000006 190.50000000000003 4.3854489164086692 18.500000000000004 57.682358524332479 180.50000000000003 -25.414283752441403 88.744555543150895 241.50000000000003 162.50000000000003 37.669104519486432 232.50000000000003 199.7559509277344 65.772979736328139 7.5000000000000009 87.715940445661559 166.30882263183597 14.532123391300257 6.6919504643962862 7.5000000000000009 263.50000000000006
decision_type=2 2 2 8 2 2 2 2 2 2 2 2 2 2 2 2 2 2 2 10 2 2 2 10 10 2 2 2 10 2
left_child=1 2 -1 4 10 -6 -5 15 -4 -10 11 12 -2 -14 -13 -3 20 18 19 -18 23 26 -23 24 -17 -25 -22 28 -28 -30
right_child=3 7 8 6 5 -7 -8 -9 9 -11 -12 14 13 -15 -16 16 17 -19 -20 -21 21 22 -24 25 -26 -27 27 -29 29 -31
leaf_value=-0.033784020378218184 -0.0061936199652196837 0.015393263815978898 -0.010035682770855349 0.011573278718779459 0.033884759051315286 -0.0085377650720342788 -0.0093294337033476595 0.0098666369606004219 0.0099653688336693615 -0.023643563822711534 0.0037906470672904036 0.017640710504721029 -0.06560674387020457 0.00048474899847839427 -0.021283662890765262 -0.0026480230047964608 -0.11826020334599735 0.028122771961524563 0.0031253969094312628 -0.0043640892769154296 -0.0049381713517377074 0.0043818309390753788 -0.017140988410907661 0.033063870064866982 -0.0185293621985009 0.0047014722072560439 0.0026738419022023108 0.026964707803722988 -0.026503821400820145 0.011068468481892843
leaf_weight=841.0789516158402 950.09975057467818 829.68782741203904 2665.2726184502244 6989.9873019419611 484.73417335748672 317.19591421633959 753.41536767035723 2674.1569759957492 1556.230144251138 301.60122817754745 1697.848363276571 554.02111450955272 339.95917873457074 127.86817071214318 353.8056924790144 52247.596982529387 37.436488229781389 612.37308033928275 6594.9558433406055 59.86945578828454 5207.0177110359073 1774.0846921689808 2815.6639864705503 461.18786041066051 1325.863541578874 2646.2185853198171 26395.925152160227 1824.1736227087677 1213.7649705037475 534.05385033786297
leaf_count=26847 7080 12432 15735 66941 3587 1856 4466 19686 8291 1280 9374 4198 2284 949 2263 317188 281 4198 43829 400 25754 12482 15887 3376 14118 16910 142420 12269 5868 2412
internal_value=-0.000115224 -0.000732725 -0.0087309 0.00541724 -0.00119673 0.0171152 0.00953855 -0.000332628 -0.00406579 0.00449949 -0.00484976 -0.0111564 -0.0198724 -0.0475799 0.00246406 -0.00059352 -0.000721513 0.0045244 0.00236116 -0.0489405 -0.00111887 0.000686583 -0.00882259 -0.00238549 -0.0030414 0.00892018 0.00192759 0.00312066 0.00157427 -0.0150237
internal_weight=125187 112618 5364.18 12568.9 4825.53 801.93 7743.4 107254 4523.1 1857.83 4023.6 2325.75 1417.93 467.827 907.827 104580 103750 7304.63 6692.26 97.3059 96445.6 39764.7 4589.75 56680.9 53573.5 3107.41 35174.9 29967.9 28143.7 1747.82
internal_count=804661 701663 52153 102998 31591 5443 71407 649510 25306 9571 26148 16774 10313 3233 6461 629824 617392 48708 44510 681 568684 217092 28369 351592 331306 20286 188723 162969 150700 8280
is_linear=0
shrinkage=0.05


Tree=91
num_leaves=31
num_cat=0
split_feature=22 11 20 14 2 22 4 11 11 14 17 14 11 22 16 11 14 11 17 17 11 14 20 17 18 9 18 24 11 14
split_gain=172.159 203.496 167.431 230.626 285.063 271.455 243.92 229.879 183.314 169.1 166.595 130.578 136.834 129.058 148.665 128.066 280.17 254.764 145.876 139.094 139.087 146.329 124.139 155.423 174.316 154.46 114.898 104.328 118.884 99.3866
threshold=1.5679100000000001 35.261407327714267 -3.4393386840820308 196.50000000000003 1.693256348371506 -1.1558719999999998 443.1861704587937 38.534988952967872 89.691619807248813 185.50000000000003 192.27991485595706 184.50000000000003 57.337247666997996 1.7426737500000002 0.25000000745058065 56.971342052018777 184.50000000000003 119.69848180428473 178.78430938720706 177.18951416015628 54.673052540296929 178.50000000000003 20.640762329101566 199.67500305175784 188.67314147949222 72.500000000000014 169.5933532714844 7.5000000000000009 61.285361430489523 210.50000000000003
decision_type=2 2 2 2 2 2 2 2 2 2 2 2 2 2 2 2 2 2 2 2 2 2 2 2 2 2 2 10 2 2
left_child=2 -2 10 4 26 7 15 9 11 -6 -1 12 -9 14 -3 18 27 -18 -7 -19 -20 -22 -5 25 29 -24 -4 28 -17 -25
right_child=1 13 3 22 5 6 -8 8 -10 -11 -12 -13 -14 -15 -16 16 17 19 20 -21 21 -23 23 24 -26 -27 -28 -29 -30 -31
leaf_value=0.0005423349557387903 0.0015861039946773873 0.13003744654350924 -0.0051459634964579858 0.012050746576436578 -0.010605248450572907 -0.012660533513127837 -0.033478441726150131 -0.034554064963553004 0.015757395029564081 0.043369667182901216 0.012137978085008213 -0.047943582770255601 0.0041588941066862655 0.015799132964502791 0.039740647325965349 -0.011512508923452413 -0.0037838967513774248 0.014230459725716144 0.00058937989406626786 -0.072529979724830287 0.042320565104059925 -0.039898650715025935 0.0003067680082637674 0.010090252870704074 0.0030617251581396116 0.013498635221632775 0.015127017993502865 0.047565270387593728 0.015522395518765199 -0.013484907431155308
leaf_weight=8077.2860161438584 1730.5901672579348 51.812079403549433 1022.345695739612 2177.4623626098037 709.87781356275082 5744.1799227725714 720.99194499664009 713.75878214649856 200.62680270336568 181.32932077720761 5023.3223833441734 932.58201039768755 335.05500472895801 667.19941675290465 350.27263794839382 495.9935570769012 3287.677463915199 58.426631819456816 5623.9224672466516 214.50657980144024 62.125267878174782 384.0820390060544 70370.80989835225 487.92703922465444 3215.1371742486954 2290.1771763786674 2205.316882956773 204.56959111057222 2240.5665950328112 5251.2530505545437
leaf_count=54731 12188 491 5447 18854 4931 35589 17877 4137 1454 1073 59768 5235 1927 6820 3608 2923 20022 282 32552 1319 416 2227 399842 4130 24159 16534 16735 1275 13451 34131
internal_value=-7.07817e-05 0.0121858 -0.000351632 -0.00099281 -0.00517263 -0.00719894 -0.00497236 -0.0209854 -0.0297213 0.00041305 0.00498918 -0.0343319 -0.0221946 0.0293234 0.0516699 -0.00384848 0.00178721 -0.00764515 -0.00694985 -0.0539731 -0.00154461 -0.0283823 0.000271164 -4.32541e-05 -0.00625838 0.000722738 0.00870605 0.013205 0.01062 -0.0114792
internal_weight=125031 2799.87 122231 109131 25337.9 22110.3 19037 3073.23 2182.02 891.207 13100.6 1981.4 1048.81 1069.28 402.085 18316.1 6501.74 3560.61 11814.3 272.933 6070.13 446.207 83792.8 81615.3 8954.32 72661 3227.66 2941.13 2736.56 5739.18
internal_count=804128 23107 781021 666522 168872 146690 127933 18757 12753 6004 114499 11299 6064 10919 4099 110056 39272 21623 70784 1601 35195 2643 497650 478796 62420 416376 22182 17649 16374 38261
is_linear=0
shrinkage=0.05


Tree=92
num_leaves=31
num_cat=0
split_feature=19 15 12 23 23 23 14 14 11 11 22 14 11 14 22 11 14 23 14 14 10 22 12 14 14 23 14 23 23 14
split_gain=183.978 151.528 120.56 217.308 205.389 299.881 172.395 159.52 189.068 151.064 151.787 149.158 140.057 146.467 395.978 328.158 235.947 215.987 197.847 291.416 175.068 172.934 154.667 132.02 128.995 139.971 127.818 303.319 293.384 460.557
threshold=0.63235294818878185 35.925676345825202 2.2801857585139325 0.30975498500000004 0.79899701500000009 1.2842400000000003 209.50000000000003 203.50000000000003 97.424542144990468 36.318281658408999 -0.60950839499999987 198.50000000000003 51.624088383588266 246.50000000000003 -0.7116301049999999 54.128781830597873 228.50000000000003 0.83387655500000013 256.50000000000006 250.50000000000003 143.66800482273104 0.20379827500000003 4.3854489164086692 268.50000000000006 198.50000000000003 0.089801419500000021 235.50000000000003 1.2342374500000002 0.61970767500000012 260.50000000000006
decision_type=2 2 2 2 2 2 2 2 2 2 2 2 2 2 2 2 2 2 2 2 10 2 2 2 2 2 2 2 2 2
left_child=1 2 3 23 6 7 -5 11 -9 -8 -11 -6 26 16 -15 -16 20 -18 19 -17 -14 -20 -19 24 -1 -26 -4 28 29 -28
right_child=-2 -3 12 4 5 -7 9 8 -10 10 -12 -13 13 14 15 18 17 22 21 -21 -22 -23 -24 -25 25 -27 27 -29 -30 -31
leaf_value=-0.0030654270125542627 0.0042822348995449743 -0.020939142055418792 -0.0030519806742800196 -0.0049847529552959988 -0.017054806662400092 0.00042485366366239348 0.041852203100712318 -0.0097165690028333789 0.018804793935716515 0.029410969735269795 0.0039505406870646454 -0.054432141801188716 0.0042496902054513222 0.034635587265298459 0.03059635110535984 -0.028840153337275489 0.042941168970340567 -0.00024217095422874717 -0.046874587177982034 -0.10457288360917071 -0.023748410833104021 0.021546403110226903 0.042018598892460846 0.026607002508868955 0.016576610024450506 -0.042504147773308541 0.010660191477931253 -0.0059828013668140273 0.011746291835533456 -0.017399143930357498
leaf_weight=430.57760613970459 20376.69172431156 934.93605557270348 30627.031521433964 2879.6589598041028 2968.5889120046049 11933.622292177752 354.8954861536622 5749.1696517691016 645.4428501855582 694.47977079823613 3700.9695688616484 292.63297503255308 15284.425425844267 356.83109881728888 208.6607867591083 329.31182783842087 736.52790209650993 997.69808365032077 173.18271858245134 206.95574241876602 578.50883449986577 195.68197754397988 275.49982405081391 129.63262026757002 112.5303195938468 883.61809423752129 3090.9144337028265 7974.791125819087 9042.449159629643 2773.8873301595449
leaf_count=2953 164468 28007 187655 18754 19499 71585 1978 29918 3892 3786 20034 1633 95879 1903 1223 2045 4750 5779 782 1086 6458 1202 1823 625 597 4568 17156 41762 49367 13584
internal_value=-6.39939e-05 -0.000910996 -0.000730102 -0.00335396 -0.00238391 -0.00487595 0.00466716 -0.0114266 -0.00683526 0.010518 0.00797906 -0.0204244 0.000378353 0.00402451 -0.0111382 -0.0258208 0.0052727 0.0214085 -0.0388461 -0.0582071 0.00322719 -0.0106173 0.00892819 -0.0215527 -0.025944 -0.0358201 -0.000939767 0.00188739 0.00609775 -0.00261179
internal_weight=124940 104563 103628 30775.8 29219.5 21589.5 7630 9655.83 6394.61 4750.34 4395.45 3261.22 72852.4 19343.3 1470.62 1113.79 17872.7 2009.73 905.132 536.268 15862.9 368.865 1273.2 1556.36 1426.73 996.148 53509.1 22882 14907.3 5864.8
internal_count=804751 640283 612276 179822 171079 126527 44552 54942 33810 25798 23820 21132 432454 122930 8241 6338 114689 12352 5115 3131 102337 1984 7602 8743 8118 5165 309524 121869 80107 30740
is_linear=0
shrinkage=0.05


Tree=93
num_leaves=31
num_cat=0
split_feature=5 20 12 11 5 18 20 22 22 22 12 22 20 18 22 13 22 11 12 12 13 5 13 3 22 12 20 24 11 1
split_gain=146.882 254.682 161.359 162.982 144.518 134.01 130.301 128.435 128.099 102.327 195.574 187.127 145.084 102.489 101.729 124.776 87.1934 99.8045 93.4898 106.039 86.1324 85.8448 127.712 113.377 117.311 109.956 137.01 151.524 121.456 118.374
threshold=15.500000000000002 33.151657104492195 2.4040247678018578 89.691619807248813 23.500000000000004 190.41741943359378 63.469665527343757 0.030713726750000003 -0.8116650299999999 -1.6132802499999999 5.9969040247678027 -1.5738755999999998 35.119430541992195 156.30882263183597 1.5679100000000001 -11.049383616780979 0.42497292500000006 129.20073116478446 1.6362229102167185 2.1687306501547994 80.292803321206733 1.5000000000000002 -44.030353859920432 29.16982509940863 -0.13172641999999998 5.1625386996904039 49.516838073730476 7.5000000000000009 11.403051592271213 7.2432797551155099
decision_type=2 2 2 2 2 2 2 2 2 2 2 2 2 2 2 2 2 2 2 2 2 2 2 2 2 2 2 10 2 2
left_child=5 20 3 4 -3 9 -7 -4 -5 10 -1 -11 -12 -13 21 -16 -10 18 -18 -20 -2 22 -15 -23 -25 -26 27 -27 -28 -29
right_child=1 2 7 8 -6 6 -8 -9 16 11 12 13 -14 14 15 -17 17 -19 19 -21 -22 23 -24 24 25 26 28 29 -30 -31
leaf_value=0.011943493776634008 -0.014056973048842495 -0.006240582641201981 -0.0036194099556079197 0.049047407864529144 -0.023533183147120076 0.018077910815563272 -0.011377626504994272 0.0062887967341854062 -0.011666506787970437 -0.030415600947360455 -0.085846177595201162 -0.020524112068066577 -0.0073664814252145053 0.021582857755070031 0.022405179604836636 -0.0018432385300037801 -0.0065508764552993128 0.068659156289556086 0.081848840546952073 -0.0320100789129368 -0.036879518250991283 -0.0024065818255820273 0.0027601096878217893 -0.00069152131942469054 0.0024237117146327079 -0.0038693311522084439 -0.0025268375868758471 0.043370645538022098 0.028604819406957263 -0.013129660904648925
leaf_weight=3427.6557540427893 1715.113729223609 3843.1412194315344 6477.0071637965739 167.82128980197012 1761.9643349144608 1958.6095484308898 463.70847285538912 6604.905032236129 543.02534182183444 494.74546353146434 84.781173003837466 581.63514124974608 188.54848002642393 1048.5218976214528 1157.0349763520062 978.78929957002401 299.8128601424396 78.76542198844254 70.317572036758065 28.036980777978897 544.87671418488026 34370.968566738069 6378.4684655945748 30329.461146606132 17173.016416462138 1688.8682685922831 401.72628966718912 343.79690251126885 1419.8054260201752 126.25822147540748
leaf_count=20390 11869 18901 39991 970 14444 21930 2913 38079 3641 2599 479 8943 905 11490 12466 5673 1983 602 519 221 12026 224118 50898 163166 111134 9705 2057 1963 8999 690
internal_value=2.16666e-05 -0.00367229 -0.00186327 -0.00811475 -0.0116797 0.000818497 0.0124368 0.00138323 0.00870405 0.000537488 0.00869529 0.000224509 -0.0319334 0.000382734 0.00051039 0.0112971 0.00202452 0.0176046 0.00735831 0.0493967 -0.0195733 0.000263291 0.00542 -0.00018286 0.00130176 0.00415958 0.0116462 0.00312259 0.0217413 0.0281988
internal_weight=124751 22134.8 19874.8 6792.89 5605.11 102616 2422.32 13081.9 1187.78 100194 3700.99 96493.1 273.33 95998.4 95416.7 2135.82 1019.96 476.933 398.167 98.3546 2259.99 93280.9 7426.99 85853.9 51482.9 21153.5 3980.46 2158.92 1821.53 470.055
internal_count=803764 143246 119351 41281 33345 660518 24843 78070 7936 635675 21774 613901 1384 611302 602359 18139 6966 3325 2723 740 23895 584220 62388 521832 297714 134548 23414 12358 11056 2653
is_linear=0
shrinkage=0.05


Tree=94
num_leaves=31
num_cat=0
split_feature=5 18 23 18 17 15 22 22 23 22 18 25 19 4 5 5 13 22 13 23 23 23 17 19 17 15 17 17 25 13
split_gain=159.344 137.388 117.716 109.252 187.412 115.23 107.488 104.093 227.357 123.476 107.833 84.7162 109.375 90.022 83.8316 76.7047 137.069 99.5328 198.526 115.205 130.379 92.7148 89.749 114.188 90.6881 85.9194 89.4323 83.0522 104.541 102.601
threshold=14.500000000000002 190.41741943359378 2.4041249500000004 177.58351135253909 177.64930725097659 35.925676345825202 -1.0697576499999999 -1.6132802499999999 2.1248558500000003 -1.5738755999999998 156.30882263183597 23.751822867989542 0.63235294818878185 218.60690438747409 2.5000000000000004 1.5000000000000002 -46.151083725467089 -1.2068874999999999 -34.223689303690151 1.2706497500000002 2.0540985000000007 2.3124152500000004 199.7559509277344 0.57352942228317272 196.83333587646487 2.0651907920837407 200.71794891357425 179.88861083984378 22.695573055744173 -31.662249741205027
decision_type=2 2 2 2 2 2 2 2 2 2 2 2 2 2 2 2 2 2 2 2 2 2 2 2 2 2 2 2 2 2
left_child=1 2 7 5 -5 6 -2 8 -1 -9 -11 -6 -13 -14 -4 16 -12 18 -17 -20 -21 -22 23 24 27 -24 -27 29 -29 -19
right_child=3 -3 14 4 11 -7 -8 9 -10 10 15 12 13 -15 -16 17 -18 22 19 20 21 -23 25 -25 -26 26 -28 28 -30 -31
leaf_value=0.018099120907345282 -0.012129220407945236 0.012926370292827331 -0.0067399724154176589 -0.07026046241161997 0.0047093291623759182 -0.02062109873001244 -0.00084662134171586099 -0.025056989837605587 -0.012825909456633212 -0.022786890355565293 0.022992299255777157 -0.0097640484800925586 -0.094769377092829787 -0.023520886869988787 0.017053653554280703 -0.023233391326404451 0.0026956269968114758 0.0071442601425262646 -0.035362963568875104 0.0032453992270526423 -0.042989785618941581 0.018832985525309834 0.0033283478768922174 0.0041498324851623495 0.01434305906718651 -0.023468372520316826 -0.0052393618969271936 -0.0063246503137829417 0.0002637369106335436 -0.00048712571779622131
leaf_weight=2173.3979851007462 2346.7964819315821 2367.7682846821845 467.58142665959895 148.31101625412703 501.58043526858091 859.09642656706274 20929.66305860132 481.49440082348883 817.06622414663434 501.82383148372173 951.81551967933774 461.30307777971029 80.265576392412186 99.54371527582407 1767.8932716529816 1334.9206368364394 6553.6406516879797 6087.6637223567814 233.60904651507735 3882.339709866792 264.41710357740521 77.971219182014465 2594.9256377071142 20979.698387283832 1036.3036052398384 768.14400126412511 5383.2197356112301 10673.545708421618 13811.04880252853 15921.585077391937
leaf_count=12452 14271 24623 3625 644 2670 25634 114044 2516 5086 8163 10745 2364 432 548 12037 6772 52899 31161 1233 20063 1193 405 23786 152627 7277 5209 39636 62603 77001 82015
internal_value=0.000123822 0.00102954 0.000738295 -0.00340723 -0.0175728 -0.00264882 -0.00198464 0.000470047 0.0096482 0.000170103 0.000303774 -0.010679 -0.0227068 -0.0556739 0.0120761 0.000431985 0.0052723 -5.50913e-06 -0.00632599 -0.00125948 0.000634217 -0.0288972 0.000468525 0.00107745 -0.000278748 -0.00430079 -0.00751913 -0.000604956 -0.00260847 0.00162391
internal_weight=124558 99131.9 96764.1 25426.6 1291 24135.6 23276.5 94528.6 2990.46 91538.2 91056.7 1142.69 641.112 179.809 2235.47 90554.8 7505.46 83049.4 5793.26 4458.34 4224.73 342.388 77256.1 68509.8 47530.1 8746.29 6151.36 46493.8 24484.6 22009.2
internal_count=803734 643127 618504 160607 6658 153949 128315 602842 17538 585304 582788 6014 3344 980 15662 574625 63644 510981 29666 22894 21661 1598 481315 412684 260057 68631 44845 252780 139604 113176
is_linear=0
shrinkage=0.05


Tree=95
num_leaves=31
num_cat=0
split_feature=18 12 14 24 23 23 23 22 24 14 14 22 14 14 25 18 14 14 25 12 14 23 1 14 12 12 14 14 14 23
split_gain=144.687 109.69 199.435 213.354 211.98 137.757 321.927 133.255 147.944 243.604 197.077 131.929 200.088 126.22 134.509 123.726 200.531 122.337 120.497 126.415 115.951 116.45 111.998 164.488 108.619 104.804 154.887 176.123 149.272 173.882
threshold=182.33635711669925 2.2801857585139325 268.50000000000006 2.5000000000000004 0.30975498500000004 0.79899701500000009 1.1368207000000001 -1.0697576499999999 2.5000000000000004 200.50000000000003 259.50000000000006 -0.61916297999999992 154.50000000000003 234.50000000000003 22.997423905134205 180.41287994384768 204.50000000000003 194.50000000000003 24.382754701375966 4.4582043343653259 198.50000000000003 0.089801419500000021 106.86000347137453 225.50000000000003 3.6795665634674926 3.9086687306501551 205.50000000000003 224.50000000000003 239.50000000000003 1.2342374500000002
decision_type=2 2 2 8 2 2 2 2 10 2 2 2 2 2 2 2 2 2 2 2 2 2 2 2 2 2 2 2 2 2
left_child=1 2 4 -4 20 11 -7 8 10 17 18 12 -6 -11 -15 22 -17 -10 -3 -20 -1 -22 -9 -24 -25 -2 -27 -28 -29 -30
right_child=25 7 3 -5 5 6 -8 15 9 13 -12 -13 -14 14 -16 16 -18 -19 19 -21 21 -23 23 24 -26 26 27 28 29 -31
leaf_value=-0.0013744548510116598 0.0073175446074790138 0.0020792122504156561 -0.016728793945177439 0.023060528936077337 -0.062844672680968508 -0.014398425816065284 -0.00093629952359593866 0.0020956428949408844 -0.0086892789749277218 -0.084401803316692753 0.028932443967101269 0.00045977656968421946 0.029620098994752726 -0.0015600575797527305 -0.047299281537259409 0.0086975238451192215 -0.016428548530825631 0.04170834461368006 -0.0020728734794531129 -0.024172199768931153 0.014208310195001543 -0.038541534638660058 -0.026845829395177007 -0.013021473748797164 0.0277182825037335 0.0088313824815482913 -0.020359427933222228 0.016250058741559215 0.0033298244490316364 -0.021156220676803367
leaf_weight=437.67008734494448 11034.278308048844 3382.9757090881467 448.62141535431147 1344.6207069680095 62.730010204017162 6501.5525611806661 14007.203412538394 59991.443066982552 1153.066896988079 125.50808894820511 485.92483162879944 6517.4714041724801 721.53477052226663 259.54040187597275 421.52084400504827 1204.2997212074697 2327.4379181005061 133.44783747754991 1408.892645444721 1196.150642702356 118.28062756732106 875.93752319179475 815.02557763643563 335.24489760398865 317.77146007120609 3176.7418055348098 1397.3759944401681 1069.1974250003695 2045.2728991247714 1122.0124181471765
leaf_count=3095 91459 16407 1987 7554 473 38668 85383 358936 8095 762 2129 39794 4166 1397 2179 11342 15448 884 8836 7547 625 4638 15701 1692 1457 33057 11724 8428 13573 6447
internal_value=0.000156879 -0.000585771 -0.00307851 0.0131025 -0.0040712 -0.00310479 -0.00520447 0.000465989 -0.00539514 -0.0169474 -0.00165814 0.00279258 0.0221536 -0.0384721 -0.0298967 0.00123866 -0.00786068 -0.00343329 -0.00414497 -0.0122255 -0.0228257 -0.032258 0.00176167 -0.0118781 0.00681542 0.0040709 4.485e-06 -0.00497339 0.000105204 -0.00534831
internal_weight=124439 104594 31035.6 1793.24 29242.4 27810.5 20508.8 73558.3 8567.03 2093.08 6473.94 7301.74 784.265 806.569 681.061 64991.2 3531.74 1286.51 5988.02 2605.04 1431.89 994.218 61459.5 1468.04 653.016 19844.9 8810.6 5633.86 4236.48 3167.29
internal_count=803883 639195 186383 9541 176842 168484 124051 452812 48236 13317 34919 44433 4639 4338 3576 404576 26790 8979 32790 16383 8358 5263 377786 18850 3149 164688 73229 40172 28448 20020
is_linear=0
shrinkage=0.05


Tree=96
num_leaves=31
num_cat=0
split_feature=5 19 12 21 23 23 13 12 12 12 17 11 11 24 24 11 21 15 12 24 11 3 21 21 11 21 13 24 24 12
split_gain=146.392 205.582 135.026 131.908 111.845 114.455 144.261 119.877 109.282 168.399 101.88 96.4273 95.1453 114.785 107.242 99.5821 120.455 92.0719 91.9668 88.126 137.16 83.9155 83.7228 91.4821 162.451 80.5543 79.8689 77.9638 68.3728 87.16
threshold=20.500000000000004 0.51470589637756359 1.8591331269349849 1.5744800000000003 1.8642450000000002 2.3124152500000004 -53.604130311923861 5.8823529411764719 2.7198142414860684 1.212074303405573 214.80555725097659 89.691619807248813 89.691619807248813 7.5000000000000009 6.5000000000000009 119.69848180428473 0.35373817500000004 21.682642936706547 4.1563467492260076 4.5000000000000009 9.9283420878805639 32.472349703311927 1.3154362500000001 1.1604920000000003 98.898445862815393 2.1251499500000004 0.4848625052708776 2.5000000000000004 4.5000000000000009 1.3421052631578949
decision_type=2 2 2 2 2 2 2 2 2 2 2 2 2 10 10 2 2 2 2 8 2 2 2 2 2 2 2 8 10 2
left_child=3 2 11 10 -5 6 28 8 9 -8 12 25 17 14 15 22 21 -1 -15 20 -4 27 23 -14 -25 -2 -22 -17 29 -6
right_child=1 -3 19 4 5 -7 7 -9 -10 -11 -12 -13 13 18 -16 16 -18 -19 -20 -21 26 -23 -24 24 -26 -27 -28 -29 -30 -31
leaf_value=-2.1207892613094755e-05 -0.021330870715892677 -0.054081907791932726 0.044927553331034098 0.026952598093162514 -0.014838576672691157 0.025227848875117306 0.033521857770828334 -0.053019516362972155 0.027224083007743313 -0.021936867042168226 0.015690699305792703 0.0064074159320276179 0.0096710168901160565 -0.080192240476112273 0.048821725278631677 -0.066429398385404584 -0.013755106986260339 -0.021077917089648106 0.011596748712816764 0.0010252531570714139 0.0043922539361711385 0.031951888544001765 0.041467379326273562 0.023263502875902242 -0.057164004693588732 0.045294908712291776 -0.018631772539823316 0.022142136480951011 -0.0079875238418196538 -0.11065484265991472
leaf_weight=101428.88120335527 1882.9920999780297 209.63984000682831 105.6716128103435 824.57104043848813 39.911593716591597 498.05345325171947 195.52827657386661 86.06860563158989 437.49913276545703 450.08103214204311 1077.9179319664836 431.1871752217412 4482.7701450567693 67.696393646299839 148.02024180069566 47.76998695731163 1110.3091242071241 520.81269446201622 44.898818720132113 7348.9103415254503 492.37660151720047 291.507607601583 193.89010226912796 112.84039872512221 139.33704820647836 45.578915059566498 1597.169169055298 49.887907475233078 70.383846964687109 58.851880311965942
leaf_count=617417 14071 921 685 7356 269 4969 1594 682 3901 3493 12007 3692 30942 412 1400 252 7640 13123 340 51423 2857 1904 1727 851 998 201 17501 541 743 437
internal_value=0.00010578 -0.00511631 -0.00424951 0.000668727 0.0116664 0.0047916 -0.00282684 0.00343033 0.00796085 -0.00511485 0.000401898 -0.0149563 0.000250058 0.00602639 0.00688618 0.00591312 -0.00536697 -0.000128982 -0.0438103 -0.00160099 -0.0103893 0.0185387 0.0093452 0.00802135 -0.0212258 -0.0197336 -0.0132069 -0.0214174 -0.0458435 -0.0724711
internal_weight=124491 12113.5 11903.9 112377 2660.95 1836.38 1338.32 1169.18 1083.11 645.609 109717 2359.76 108639 6688.93 6576.33 6428.31 1499.47 101950 112.595 9544.13 2195.22 389.166 4928.84 4734.95 252.177 1928.57 2089.55 97.6579 169.147 98.7635
internal_count=804349 91351 90430 712998 23444 16088 11119 9670 8988 5087 689554 17964 677547 47007 46255 44855 10337 630540 752 72466 21043 2697 34518 32791 1849 14272 20358 793 1449 706
is_linear=0
shrinkage=0.05


Tree=97
num_leaves=31
num_cat=0
split_feature=18 15 22 12 22 10 9 22 12 22 12 12 4 0 22 12 13 12 22 18 22 13 18 17 25 9 15 12 13 12
split_gain=134.954 122.093 93.3675 134.341 117.921 106.472 93.9844 80.4288 169.965 152.213 113.306 181.502 94.5475 90.7769 89.1421 87.295 86.1682 80.5317 183.002 140.863 111.287 97.2806 81.4972 72.7671 78.2373 70.9694 109.895 90.9367 73.0567 69.914
threshold=185.39170837402347 35.925676345825202 1.5679100000000001 6.6269349845201253 1.7426737500000002 -7.8506229460239405 66.500000000000014 -1.6132802499999999 5.6671826625387007 -1.5525849499999997 3.9396284829721364 2.1965944272445825 248.78074994683269 11.061603069305422 -1.83664005 1.3606811145510838 -21.308541379499911 8.0216718266253881 1.3255616000000001 163.00000000000003 -0.65970697999999983 -26.964690820951208 156.30882263183597 225.77272796630862 20.997501736879354 47.500000000000007 3.4690937995910649 11.018575851393191 -16.222819706269366 11.018575851393191
decision_type=2 2 2 2 2 10 2 2 2 2 2 2 2 2 2 2 2 2 2 2 2 2 2 2 2 2 2 2 2 2
left_child=1 2 6 4 -4 -5 7 8 12 10 11 -9 14 17 -1 -16 -10 22 19 20 -19 -20 -11 24 -2 26 -21 -27 -29 -8
right_child=23 -3 3 5 -6 -7 29 9 16 13 -12 -13 -14 -15 15 -17 -18 18 21 25 -22 -23 -24 -25 -26 27 -28 28 -30 -31
leaf_value=0.0043483762999003634 0.017399207269633264 -0.019052500744332637 0.04120024584422205 0.0034498769673541145 0.0087563211028045297 -0.040643149634677314 0.0094691302599682805 -0.034253328318765673 -0.071947058117203741 -0.010672872526295819 -0.048294067678770529 0.013749396401174688 -0.0142914109314521 -0.0043601329707722222 0.0034136281863187813 0.029645578661913748 -0.013067940295415595 -0.010040497877709997 0.044895665806009261 0.012746189615372695 0.025211288003573463 -0.027354786451741442 -0.00048707804188814541 0.025845815750252341 0.0030712133922215523 -6.6353971921810875e-05 -0.0013154322699599568 0.011894208804927094 -0.053819089299629357 -0.027114711373846287
leaf_weight=1590.2617894876748 1063.5533139817417 877.93821040168405 460.81097017414868 1155.2060687169433 713.50591970048845 154.30156225338578 3048.2525964304805 396.14628612063825 81.522336021065712 2014.8833292257041 263.86173493601382 389.77479457855225 366.2117166146636 15830.037692802027 462.38147491589189 1010.7380778547376 254.18442129716277 267.04010780528188 49.752375844866037 2509.8734403178096 1369.32145370543 580.49599044211209 75985.726608593017 417.7355844527483 9080.8089445717633 540.46721875667572 3110.6764621175826 55.63679177314043 171.27020310610533 135.48912677913904
leaf_count=9448 9981 27736 4241 7717 6312 968 22103 2033 417 13095 1272 2103 2419 96296 2413 5694 1273 1515 442 16553 7170 3581 450010 5080 82025 3768 16514 334 832 684
internal_value=1.22993e-05 -0.000489315 -0.000344883 0.00924009 0.0215118 -0.00177273 -0.000560447 -0.000811676 0.00636562 -0.00107276 -0.020006 -0.0104593 0.00969127 -0.000878624 0.012562 0.0214198 -0.0275372 -0.000242584 0.00433311 0.00637155 0.0194559 -0.0215892 -0.000750327 0.00541859 0.00457495 0.00301728 0.00496498 -0.0112363 -0.0377249 0.00790422
internal_weight=124408 113846 112968 2483.82 1174.32 1309.51 110484 107300 3765.3 103535 1049.78 785.921 3429.59 102485 3063.38 1473.12 335.707 86655.1 8654.53 8024.29 1636.36 630.248 78000.6 10562.1 10144.4 6387.92 5620.55 767.374 226.907 3183.74
internal_count=804029 706943 679207 19238 10553 8685 659969 637182 21664 615518 5408 4136 19974 610110 17555 8107 1690 513814 50709 46686 8685 4023 463105 97086 92006 38001 33067 4934 1166 22787
is_linear=0
shrinkage=0.05


Tree=98
num_leaves=31
num_cat=0
split_feature=19 17 20 17 19 20 25 21 12 9 17 23 4 0 12 23 20 23 21 23 21 20 20 12 12 20 23 23 23 12
split_gain=131.105 104.035 143.146 86.3607 98.1622 83.8592 101.634 95.7101 81.6641 102.42 80.8724 76.8342 73.2556 72.2287 67.0485 80.8701 84.1114 66.0801 171.529 85.6576 140.514 257.751 121.412 87.4253 91.508 85.716 78.0901 143.721 83.294 128.805
threshold=0.66176471114158641 155.11765289306643 59.123107910156257 155.279411315918 1.0000000180025095e-35 67.169540405273452 27.265548872947697 0.0095684877600000027 5.5773993808049545 8.5000000000000018 213.25555419921878 0.22531373500000004 52.151261270046241 11.275419712066652 4.314241486068112 0.47944142000000006 109.27297973632814 0.34389150000000007 0.033785214650000006 0.19178937000000004 -0.087392471699999988 37.02986145019532 53.872985839843757 6.4984520123839014 4.8003095975232215 15.344291687011721 0.38276721500000005 0.39037400500000002 0.36691397000000009 5.5433436532507754
decision_type=2 2 2 2 2 2 2 2 2 2 2 2 2 2 2 2 2 2 2 2 2 2 2 2 2 2 2 2 2 2
left_child=1 2 -1 4 -3 7 -7 8 9 11 13 -2 -11 17 -4 -16 -17 18 19 22 -21 -22 23 24 25 -5 28 -28 -19 -30
right_child=5 3 14 10 -6 6 -8 -9 -10 12 -12 -13 -14 -15 15 16 -18 26 -20 20 21 -23 -24 -25 -26 -27 27 -29 29 -31
leaf_value=-0.03901537830522505 -0.044818005345163225 0.041495167692540691 -0.013028082698457592 0.0054501857126372753 -0.0020755479650593029 0.00053881064688832733 -0.030573542667036536 0.013884035084029132 0.012901480666766788 0.0034097893067737747 0.016948764429521836 0.011225698121956468 -0.012455195385999918 -0.0038110821996586741 -0.031309877952873634 0.017549896519822607 -0.021631078930775705 -0.00085885480653845141 0.0052222662783083509 -0.012229215052452868 0.0084638868957066914 -0.073391684823571973 0.013445717110537717 -0.062795584946475136 0.030306358962323771 -0.039608819534155487 -0.029494987694641647 0.00016410240711499727 0.035507148674449859 -0.0086069222787414617
leaf_weight=374.57046479173005 62.34010710939765 260.14714591577649 1348.8213738631457 183.7006230391562 255.80135478451848 3619.7424285896122 282.00992351770401 3299.988024495542 1686.102706618607 1274.8573949225247 654.903175201267 1796.3554913438857 1692.972453892231 15553.420775072649 138.11634208261967 689.13238877058029 169.99176010489464 721.10213212110102 2286.2696968112141 1702.0262823309749 148.35273530706763 271.42137725092471 625.29883347451687 90.584902076050639 111.20349305309355 246.39426146820188 409.4635020531714 83491.606970982626 563.54740289412439 233.60288396850228
leaf_count=13918 547 2492 8276 1324 2522 21409 1570 37390 14805 11525 7557 13953 10921 102475 719 3755 728 4350 14078 9592 1034 1382 3388 591 699 1340 2302 504692 3290 1449
internal_value=-0.000127876 -0.000700014 -0.0103546 -0.000456281 0.0199311 0.00448292 -0.00171718 0.00694816 0.00343212 0.0001221 -0.000554504 0.00932292 -0.0056414 -0.000662156 -0.00576392 0.00406445 0.00978116 -0.000124415 -0.00535332 -0.0125083 -0.0186339 -0.0445117 -0.0021634 -0.0176067 -0.00994261 -0.0203954 0.000222439 1.90069e-05 0.011457 0.022585
internal_weight=124244 110529 2720.63 107809 515.949 13714.4 3901.75 9812.62 6512.63 4826.53 107293 1858.7 2967.83 106638 2346.06 997.24 859.124 91084.6 5665.25 3378.98 2121.8 419.774 1257.18 631.883 541.298 430.095 85419.3 83901.1 1518.25 797.15
internal_count=804073 691953 27396 664557 5014 112120 22979 89141 51751 36946 659543 14500 22446 651986 13478 5202 4483 549511 33428 19350 12008 2416 7342 3954 3363 2664 516083 506994 9089 4739
is_linear=0
shrinkage=0.05


Tree=99
num_leaves=31
num_cat=0
split_feature=22 12 10 11 0 11 24 22 12 11 22 12 11 16 17 12 11 4 22 22 12 5 24 12 22 22 11 12 12 12
split_gain=128.651 186.593 133.604 119.667 108.228 111.695 113.106 101.883 99.3546 98.062 142.314 99.1714 84.8426 81.1416 80.6981 81.5683 152.188 214.572 215.694 142.414 136.504 118.926 165.045 112.086 105.499 136.692 104.232 103.006 99.2987 94.4321
threshold=1.5679100000000001 6.6269349845201253 -10.276342085003851 100.96431947589475 11.061603069305422 88.744555543150895 7.5000000000000009 1.7426737500000002 4.1563467492260076 119.69848180428473 0.49563800000000008 1.4659442724458207 29.781702899261621 0.10294117778539659 225.77272796630862 6.5588235294117654 21.205184842975978 35.181660957634456 1.3255616000000001 -1.2068874999999999 6.4102167182662546 3.5000000000000004 1.5000000000000002 11.018575851393191 0.85727200000000015 0.38392488500000005 56.335588291241301 8.0216718266253881 7.93498452012384 1.8157894736842108
decision_type=2 2 10 2 2 2 10 2 2 2 2 2 2 2 2 2 2 2 2 2 2 2 8 2 2 2 2 2 2 2
left_child=4 3 -3 7 5 14 9 12 -8 -7 11 -11 -2 -6 15 20 17 23 27 -18 21 22 26 -17 25 -22 -1 28 -19 -24
right_child=1 2 -4 -5 13 6 8 -9 -10 10 -12 -13 -14 -15 -16 16 19 18 -20 -21 24 -23 29 -25 -26 -27 -28 -29 -30 -31
leaf_value=-0.012962699748312526 0.0023683310629054517 0.0046121481779549025 -0.038721766720388233 0.091192283557686271 -0.01686377496035919 0.011270993596582866 -0.075000423614468265 0.0094175351679751523 0.019354808736204505 -0.03677452902412414 0.020554419454484302 -0.0027170131539810075 0.051587544338087911 -0.0030435318114505044 0.024189757043049969 -0.0074695464475005111 -0.02015391890031587 -0.00092227949607527344 -0.031385952489996392 0.0090657204890042548 -0.021814677408667119 -0.0015641642576754832 -0.0018241720799546633 -0.030799970147581464 -0.087858247184909366 0.02712341420349142 0.025082990254999268 0.0097819759024280681 -0.047055145655534703 0.0086992649556014608
leaf_weight=1877.5625712014735 116.69742578268051 1265.8983858153224 205.92420856282115 63.388293236494064 1130.960648547858 4616.5954685788602 76.43344147503376 727.32833934575319 43.07540937513113 331.61210490390658 406.17241111956537 598.61190174147487 350.81458073295653 17220.615274807438 338.61186716705561 1898.6829243972898 438.34692982211709 2078.9694078769535 426.29676039516926 8226.3319697398692 964.22295233793557 63880.711949247867 2858.5593157541007 705.84103702008724 50.422804471105337 166.56390760652721 198.1779803968966 4307.3388887252659 122.58056117594242 8380.3158802054822
leaf_count=13325 964 8857 1674 750 27878 33563 436 7086 330 2068 3534 4072 3689 102751 4213 12296 2628 11229 2677 58343 5471 367107 23308 3803 330 1231 1454 23461 674 73979
internal_value=-0.000117187 0.0106147 -0.00147292 0.0247443 -0.000358725 0.000271614 0.00684923 0.0211458 -0.0411129 0.00781883 -0.0041062 -0.0148845 0.039333 -0.00389611 -0.000140574 -0.000226125 0.0027888 -0.00156811 0.00302753 0.00758534 -0.000926424 -0.00066819 0.0036303 -0.0138016 -0.0177879 -0.0145885 -0.00932002 0.0052859 -0.00351112 0.00602275
internal_weight=124074 2730.05 1471.82 1258.23 121344 102992 6072.5 1194.84 119.509 5952.99 1336.4 930.224 467.512 18351.6 96919.5 96580.9 18204.4 9539.71 6935.19 8664.68 78376.5 77195.3 13314.6 2604.52 1181.21 1130.79 2075.74 6508.89 2201.55 11238.9
internal_count=803181 23020 10531 12489 780161 649532 44003 11739 766 43237 9674 6140 4653 130629 605529 601316 115111 54140 38041 60971 486205 479173 112066 16099 7032 6702 14779 35364 11903 97287
is_linear=0
shrinkage=0.05


Tree=100
num_leaves=31
num_cat=0
split_feature=22 11 15 11 22 14 14 23 14 11 12 11 11 17 22 23 14 23 22 23 11 14 22 24 14 11 23 22 12 11
split_gain=126.251 189.749 163.012 210.592 218.334 155.639 434.574 339.596 256.62 164.078 256.05 149.264 147.097 131.231 169.769 122.549 120.091 339.141 514.388 287.936 308.869 289.155 502.727 360.952 248.123 201.077 200.024 165.673 193.909 359.362
threshold=0.45226171500000006 28.386584936119274 25.586019515991214 20.631915132800589 -0.22252412499999999 222.50000000000003 207.50000000000003 1.3568360000000002 247.50000000000003 26.375174039641063 4.5123839009287936 145.48981178265885 21.510219842207047 163.29412078857425 1.2711852500000003 1.3754500500000002 260.50000000000006 0.57171410500000008 0.29689309000000008 1.0780397000000002 55.569428578272884 267.50000000000006 -1.3015830499999999 2.5000000000000004 267.50000000000006 20.03343528257712 1.0344751000000001 -0.53966259999999988 5.0882352941176476 14.532123391300257
decision_type=2 2 2 2 2 2 2 2 2 2 2 2 2 2 2 2 2 2 2 2 2 2 2 10 2 2 2 2 2 2
left_child=2 5 16 4 -4 6 15 9 13 -7 -11 -3 -10 14 -9 -2 -1 18 25 20 -19 22 -21 -23 -20 -18 -22 28 -24 -30
right_child=1 11 3 -5 -6 7 -8 8 12 10 -12 -13 -14 -15 -16 -17 17 19 24 21 26 23 27 -25 -26 -27 -28 -29 29 -31
leaf_value=0.00019127148669482457 -0.016607812482306309 0.0056792088291364173 -0.0088464059757417564 -0.021517607830013372 0.11722258646926194 0.019868381202748874 -0.041470233386435192 0.043759329331862995 -0.010400771959564504 -0.077708954014303305 0.02367357766353996 0.057170136212311963 -0.041396662463245297 0.035283478693562929 -0.05583284706135181 0.0088764244711148962 -0.033678008222530968 0.017168054072687039 -0.11748141296175502 0.050670088985805939 -0.039656155903310952 -0.012359283854484218 -0.021670170456890816 0.027252663679827639 -0.026981593909379806 -0.0046535932642338762 0.034757449535564158 -0.01045918463771889 -0.0012873681509065005 -0.088775110021435261
leaf_weight=84036.868754735216 713.21125975996256 17631.44574858807 84.847735000774264 1544.0540894269943 56.551685785874724 2254.0875029377639 888.36191768757999 70.433144867420197 1964.3509884923697 113.95334726572037 135.15295894443989 140.89168115518987 474.7776535525918 420.13674532994628 105.8773287832737 1388.5810411479324 811.33636613935232 3038.0292978957295 180.87170035392046 246.06261109560728 424.58131293207407 1247.2992900907993 954.67786354571581 1065.4426046423614 131.06882232427597 2249.8338809534907 113.79557494819164 1258.686218701303 176.4659551680088 349.70270005613565
leaf_count=510043 5652 137783 1806 34351 731 14128 5803 334 9882 592 931 1329 2470 4279 487 11915 3688 16411 794 1147 1967 5444 4324 6900 593 11254 625 6616 782 1561
internal_value=7.29406e-05 0.00314869 -0.000752803 -0.0161635 0.0420431 -0.00298159 -0.0121722 0.00198136 -0.0092601 0.0156119 -0.022829 0.0060906 -0.0164486 0.0201152 -0.016025 0.000224951 -0.000482876 -0.00510808 -0.0186011 2.1877e-05 0.0109821 -0.00737698 -0.017655 0.00589319 -0.0796636 -0.0123547 -0.0238922 -0.0238082 -0.0351398 -0.0594917
internal_weight=124271 26301.3 97970.2 1685.45 141.399 8528.92 2990.15 5538.77 3035.58 2503.19 249.106 17772.3 2439.13 596.447 176.31 2101.79 96284.7 12247.9 3373.11 8874.74 3576.41 5298.34 2985.6 2312.74 311.941 3061.17 538.377 2739.53 1480.85 526.169
internal_count=804622 195585 609037 36888 2537 56473 23370 33103 17452 15651 1523 139112 12352 5100 821 17567 572149 62106 16329 45777 19003 26774 14430 12344 1387 14942 2592 13283 6667 2343
is_linear=0
shrinkage=0.05


Tree=101
num_leaves=31
num_cat=0
split_feature=21 14 20 22 22 14 14 14 22 21 14 22 14 14 9 22 21 23 14 14 10 17 14 22 9 17 21 14 14 23
split_gain=139.768 136.561 130.341 120.086 117.796 198.615 303.865 106.762 220.486 103.673 202.858 144.227 109.728 108.401 103.708 101.763 128.079 130.868 96.7732 336.527 198.32 114.788 107.927 95.7608 100.801 93.9658 89.0402 107.205 97.4366 87.2915
threshold=1.4441750000000002 265.50000000000006 -19.215438842773434 0.13537843500000005 -0.5315448049999999 249.50000000000003 168.50000000000003 245.50000000000003 0.94406590000000012 1.4200350000000002 265.50000000000006 0.9894630900000001 191.50000000000003 184.50000000000003 73.500000000000014 1.5679100000000001 0.27952314500000003 1.7358680000000002 253.50000000000003 248.50000000000003 2.1298721939325334 188.51110839843753 229.50000000000003 1.3878511000000002 29.500000000000004 195.61250305175784 0.13841605500000004 176.50000000000003 161.50000000000003 1.4551887000000001
decision_type=2 2 2 2 2 2 2 2 2 2 2 2 2 2 2 2 2 2 2 2 10 2 2 2 2 2 2 2 2 2
left_child=2 3 25 4 5 6 -2 -5 -9 14 11 12 13 -11 15 23 17 -17 19 22 21 -21 -6 -4 29 -1 27 28 -19 -25
right_child=1 -3 9 7 18 -7 -8 8 -10 10 -12 -13 -14 -15 -16 16 -18 26 -20 20 -22 -23 -24 24 -26 -27 -28 -29 -30 -31
leaf_value=0.0010589062222093036 0.056644505161853501 0.031686681076286673 -0.00071955301252240472 0.024234113410862377 -0.017463064946503109 0.047281350412586576 -0.022994115356446885 0.019379243967622729 -0.037325591267801168 0.01793010919207513 -0.078866425521122233 -0.10694526696025813 0.030860673083320696 -0.082233331086215666 0.0084851636160607584 0.036348116024231165 0.027850869807038426 0.0031841679290760573 0.0081239230122639172 -0.079539175725051703 -0.030641677539316167 -0.20140059556674739 0.029144687317620044 0.022466744676780205 0.013967929846836863 0.020042103246444218 -0.032527528292374042 0.0068101041835688303 -0.083300449957292771 -0.024533323736070738
leaf_weight=1271.8573108874261 156.66999518871307 561.01240785419941 109420.97542021796 1141.7386324498802 548.96968506649137 266.38834705203772 497.42107139900327 502.27435499429703 258.98416398093104 52.89779607206583 123.1819477006793 29.489612735807896 182.4399384893477 53.578557761386037 3181.1817004494369 240.32460385747254 681.34586613066494 63.458882180973887 390.3167185857892 40.606440708041191 80.37001994997263 40.042523674666882 159.48255998641253 108.25470692850649 265.83397362008691 1336.580756759271 221.37785139493644 1117.9638974387199 65.748645285144448 1050.7728745788336
leaf_count=13245 1567 4475 674350 11252 4654 1750 3757 4089 1772 438 583 181 1346 382 23957 1876 6842 498 2691 239 442 292 1344 835 2408 21343 1903 8147 598 7262
internal_value=6.88056e-05 0.00857794 -0.000262055 0.00539597 -0.00261485 0.0109746 -0.00386147 0.0145705 6.43008e-05 -0.000508841 -0.0246622 -0.00351097 0.00737902 -0.032768 -0.000417012 -0.000667177 0.00953803 0.0022245 -0.012545 -0.0218222 -0.0868333 -0.141769 -0.00694471 -0.000887321 -0.0137613 0.01079 -0.00338069 0.00181491 -0.0411262 -0.0201279
internal_weight=124112 4644.28 119467 4083.26 2180.27 920.479 654.091 1903 761.259 116859 441.588 318.406 288.916 106.476 116417 113236 2390.22 1708.87 1259.79 869.471 161.019 80.649 708.452 110846 1424.86 2608.44 1468.55 1247.17 129.208 1159.03
internal_count=804518 38324 766194 33849 16736 7074 5324 17113 5861 731606 2930 2347 2166 820 728676 704719 19864 13022 9662 6971 973 531 5998 684855 10505 34588 11146 9243 1096 8097
is_linear=0
shrinkage=0.05


Tree=102
num_leaves=31
num_cat=0
split_feature=16 18 5 24 18 16 11 11 23 24 16 24 23 11 23 17 24 11 11 4 17 17 17 23 10 18 10 5 11 23
split_gain=110.456 92.0947 93.5785 86.1145 81.8536 79.0681 73.7667 67.1437 73.0487 129.701 139.526 120.78 80.8359 68.5289 88.16 68.0279 78.2296 61.6031 61.4909 60.6339 60.5712 56.9248 84.8013 56.8036 56.0731 55.2454 66.0224 57.4942 53.2739 65.1612
threshold=0.83823528885841381 156.30882263183597 29.500000000000004 3.5000000000000004 155.92646789550784 0.10294117778539659 88.744555543150895 119.69848180428473 1.3754500500000002 6.5000000000000009 0.42647059261798864 7.5000000000000009 0.83387655500000013 90.762973746602029 0.88653594000000002 179.44565582275393 2.5000000000000004 111.65133048040369 105.05147439454778 154.63015320524576 214.80555725097659 199.7559509277344 200.71794891357425 0.30975498500000004 -3.673920798301697 189.88392639160159 -25.976631157100197 13.500000000000002 45.413500027202332 0.21055318500000003
decision_type=2 2 2 8 2 2 2 2 2 10 2 10 2 2 2 2 8 2 2 2 2 2 2 2 10 2 8 2 2 2
left_child=1 2 4 -2 -1 -4 20 8 11 19 -11 12 17 14 -14 16 -9 18 -8 -10 21 -3 -23 -24 -13 -25 -27 -28 29 -5
right_child=3 6 5 28 -6 -7 7 15 9 10 -12 24 13 -15 -16 -17 -18 -19 -20 -21 -22 22 23 25 -26 26 27 -29 -30 -31
leaf_value=-0.0076326921681466545 -0.00076981595854790454 -0.00023475995620853021 -0.010979205373884091 -0.029370903944836081 -0.0306695267403264 0.021040112106007682 0.013552526606722189 0.067048739636117724 0.021737561301534012 0.16723742772645034 0.037638306408902727 -0.093094916019919954 -0.036316712627807987 -0.0051104509811251532 0.035138379606887482 -0.013131097937736307 0.0028055522929656823 0.035541200699844434 -0.010222814839710782 -0.00075037128330085749 0.016209704763770021 -0.017927241822941961 -0.020480777159934929 -0.0036782974733492353 -0.0096669054651450093 -0.056133094840510857 0.011444772669923171 -0.047661737595517423 0.01207372268214351 0.0049656976825911536
leaf_weight=3935.4401819892228 4750.2319873049855 90079.056320818141 314.48381117545068 142.53889649361372 426.69525117427111 495.2961856815964 1450.9103150032461 50.001783110201359 733.31801556050777 25.96807999163866 94.521192595362663 44.451280973851681 52.510712144896388 1829.3228000067174 224.73614919930696 924.69455548003316 670.15897633694112 250.60512384586036 333.85711096040905 506.39163536392152 537.22135940007865 1029.5726728029549 421.78186082467437 5996.135523725301 36.627203183248639 38.485760413110256 1252.3524863868952 41.566815845668316 3729.9645160268992 3701.4040967747569
leaf_count=38279 31325 528452 6783 1097 4135 2991 9442 230 5566 183 915 256 318 12269 1491 6832 3915 1715 2220 3446 5589 7025 3078 45069 196 354 10912 247 37036 33377
internal_value=1.55227e-05 -0.000479722 -0.00699499 0.00450771 -0.00989262 0.00860698 -0.000163629 0.00471294 0.00732832 0.0174015 0.0667164 0.00408049 0.00526947 -0.00159668 0.0215229 -0.00416368 0.00735284 0.0123731 0.0091019 0.0125586 -0.000518296 -0.000609363 -0.00445221 -0.00266007 -0.0559833 -0.00163178 0.00757389 0.00951065 0.00781736 0.00368514
internal_weight=124120 111796 5171.92 12324.1 4362.14 809.78 106624 7228.07 5583.22 1360.2 120.489 4223.02 4141.94 2106.57 277.247 1644.86 720.161 2035.37 1784.77 1239.71 99396.2 98859 8779.9 7750.32 81.0785 7328.54 1332.41 1293.92 7573.91 3843.94
internal_count=804743 701908 52188 102835 42414 9774 649720 48994 38017 10110 1098 27907 27455 14078 1809 10977 4145 13377 11662 9012 600726 595137 66685 59660 452 56582 11513 11159 71510 34474
is_linear=0
shrinkage=0.05


Tree=103
num_leaves=31
num_cat=0
split_feature=0 14 25 12 14 12 12 14 11 22 21 24 22 22 14 14 11 14 25 21 16 22 11 22 21 21 14 25 14 21
split_gain=110.566 192.282 213.824 226.308 185.031 196.301 189.024 177.754 174.88 167.987 154.337 153.872 144.168 132.394 130.298 131.589 177.69 126.995 125.726 145.36 155.394 133.77 124.437 171.923 141.147 123.456 153.615 183.443 144.615 159.474
threshold=0.46670407056808477 200.50000000000003 32.285268002748502 9.1253869969040267 172.50000000000003 1.258513931888545 4.772445820433437 160.50000000000003 15.793902891665141 0.60472849000000017 1.4441750000000002 2.5000000000000004 0.47169341500000006 1.5679100000000001 193.50000000000003 180.50000000000003 54.480110909097803 197.50000000000003 22.016543841362004 -0.35631972499999992 0.54411765933036815 -0.076082348799999991 62.96864587203499 1.5679100000000001 -1.0274821499999998 -0.21211291499999999 256.50000000000006 21.276421880722051 208.50000000000003 0.47868277500000006
decision_type=2 2 2 2 2 2 2 2 2 2 2 10 2 2 2 2 2 2 2 2 2 2 2 2 2 2 2 2 2 2
left_child=12 2 3 4 6 14 7 10 -3 -8 -2 -4 -1 18 15 16 -6 -16 21 -20 -21 -7 -13 24 -24 26 27 -10 29 -27
right_child=1 8 11 -5 5 13 9 -9 25 -11 -12 22 -14 -15 17 -17 -18 -19 19 20 -22 -23 23 -25 -26 28 -28 -29 -30 -31
leaf_value=0.00024494732378845012 -0.0036641659116125264 -0.012755076609867258 -0.034476933832948052 0.025167401846862891 -0.078997797297320982 -0.0081953197176163842 -0.0088927479670379422 0.011896313158932649 0.011410499556451797 -0.064108467989502316 -0.091664079066310342 -0.014739499761229048 0.0062556142190653176 0.030615823055151665 0.016151246161264021 -0.059189925252984082 0.014876994865598148 -0.030982033136919669 -0.010662648064333501 -0.01388348341733717 0.010783559399726745 -0.028336223992197832 0.17316984716669523 0.18445561531910315 -0.0014455673306379042 0.0087712758722647728 -0.011600474519342365 -0.0028188653672959474 0.0048250057015849172 -0.016518845935788208
leaf_weight=47023.955281592906 2519.320815673098 2374.2473119869828 1032.2276119012386 645.91641688346863 70.541071478277445 2623.2764792330563 602.41442048922181 3513.1423848904669 2904.1356853693724 177.75239023193717 49.833495803177357 509.69247212633491 12661.525025658309 234.0235808044672 256.14300091937184 426.19560906291008 169.86739405244589 320.94402142055333 3216.7756240405142 865.94526774063706 2422.0797605030239 1202.1126793697476 11.958005597814916 16.674486665055156 108.12518540862948 972.17742958664894 3401.1193190738559 10278.599069274962 21668.929420959204 1733.7138255611062
leaf_count=297388 19099 11842 25278 3802 345 12923 3727 23033 14058 1118 344 9928 99903 1990 1417 2196 993 1821 17790 5199 15356 6986 258 317 2662 7067 15469 58541 130635 13053
internal_value=-2.97969e-05 -0.00146786 -0.00539501 -0.00390686 -0.004914 -0.00870838 0.00161512 0.00458811 0.00043494 -0.021539 -0.00540609 -0.0225064 0.00152012 -0.00649488 -0.02749 -0.0425331 -0.012881 -0.0100699 -0.00733848 -0.0031075 0.00428492 -0.0145303 -0.00336861 0.0388098 0.0172294 0.00119982 -0.00212808 0.000316469 0.00346401 -0.00743268
internal_weight=124013 64327.9 20995 19316.3 18670.4 11807.9 6862.46 6082.3 43332.9 780.167 2569.15 1678.68 59685.5 10564.2 1243.69 666.604 240.408 577.087 10330.2 6504.8 3288.03 3825.39 646.45 136.758 120.083 40958.7 16583.9 13182.7 24374.8 2705.89
internal_count=804538 407247 156582 118139 114337 67016 47321 42476 250665 4845 19443 38443 397291 60244 6772 3534 1338 3238 58254 38345 20555 19909 13165 3237 2920 238823 88068 72599 150755 20120
is_linear=0
shrinkage=0.05


Tree=104
num_leaves=31
num_cat=0
split_feature=21 11 20 11 11 14 22 24 21 14 21 14 11 22 23 0 23 21 14 23 21 9 14 14 17 14 11 3 14 21
split_gain=106.04 136.452 229.115 122.691 114.154 273.167 168.796 207.485 158.755 136.338 123.743 169.999 196.11 122.711 113.891 112.227 106.765 101.73 166.501 134.746 99.8943 97.6755 95.2936 93.0579 88.8162 85.9534 366.807 247.88 230.089 257.718
threshold=1.4441750000000002 84.818206003472085 32.702941894531257 59.618031340925135 89.691619807248813 241.50000000000003 0.90906459000000017 4.5000000000000009 0.080794680850000009 216.50000000000003 1.4200350000000002 265.50000000000006 68.884798549692349 0.61344966500000009 1.4903361500000003 10.675356864929201 1.2163054000000002 1.8306496500000002 251.50000000000003 2.0540985000000007 1.3646467500000001 76.500000000000014 258.50000000000006 248.50000000000003 172.66364288330081 252.50000000000003 41.848222688509402 20.881982162594799 235.50000000000003 -1.2414231999999996
decision_type=2 2 2 2 2 2 2 10 2 2 2 2 2 2 2 2 2 2 2 2 2 2 2 2 2 2 2 2 2 2
left_child=4 3 -3 -2 10 6 7 13 -8 24 15 12 -12 20 -14 21 -9 22 19 -19 -6 25 -5 -4 -10 28 27 -27 -1 -30
right_child=1 2 23 17 5 -7 8 16 9 -11 11 -13 14 -15 -16 -17 -18 18 -20 -21 -22 -23 -24 -25 -26 26 -28 -29 29 -31
leaf_value=-0.00057093202973648271 0.004482445442700024 0.03340491621350946 -0.020403897137043173 0.048258709627419016 0.0014087438518185992 0.042702365123715842 0.068836455345552425 -0.0073460550959159425 -0.043905629624348054 0.04534617605351482 0.032048515613868053 -0.076372399968989937 0.013396838835641859 0.03042967229600756 -0.08130520509980399 -0.0043142108892286228 -0.041092185156564952 -0.065331665107490944 0.033001508059015555 0.0042608391416428162 0.064490548537391321 0.00996381472285272 0.010781152303806909 -0.077488469973903032 0.0096840943285690408 -0.0074573807881209292 -0.014367641941553558 0.0060900217718411025 -0.012858127039066483 0.0092224152387905753
leaf_weight=59953.838099082932 2431.4314170833677 196.42366183921695 432.44674193486571 498.58348396793008 4713.0362217444927 470.10566584020853 162.06041677482426 603.24729194864631 99.331738559529185 223.54951349645853 153.95611105114222 124.44194314628839 47.57461965456605 419.31611470505595 92.932218870148063 15952.923504646868 382.8846285007894 98.146287530660629 346.60777708515525 232.68257230892777 62.606567362323403 2501.7450007200241 257.86156247183681 84.863666340708733 336.08568156883121 5340.6232106611133 5201.0913207083941 9177.291623018682 1489.0744468048215 11686.836356416345
leaf_count=397930 20386 2083 3397 4234 33139 3173 1731 4609 876 1971 1175 579 391 3536 605 113107 2940 579 2890 1921 568 19143 1947 569 2779 28423 26191 46609 7603 68434
internal_value=0.000152062 0.00761797 -0.0124557 0.0113269 -0.000134814 0.00584795 0.00336788 0.000536951 0.0246539 0.0137002 -0.000535002 -0.0276268 -0.00683781 0.00452909 -0.0493717 -0.000432792 -0.020477 0.0229217 0.00882893 -0.0165197 0.00224905 0.00021664 0.0355142 -0.0298999 -0.00261392 -4.60952e-05 -0.00297567 0.00110625 0.000743878 0.0067262
internal_weight=123774 4579.05 713.734 3865.31 119195 7472.22 7002.12 6181.09 821.027 658.967 111722 418.905 294.463 5194.96 140.507 111303 986.132 1433.88 677.437 330.829 4775.64 95350.5 756.445 517.31 435.417 92848.8 19719 14517.9 73129.7 13175.9
internal_count=803518 38006 6049 31957 765512 55322 52149 44792 7357 5626 710190 2750 2171 37243 996 707440 7549 11571 5390 2500 33707 594333 6181 3966 3655 575190 101223 75032 473967 76037
is_linear=0
shrinkage=0.05


end of trees

feature_importances:
doy=492
reg_rain_7d=339
rmm1=299
rmm2=297
reg_dry=249
onset_doy_anom=189
wet_days_30d=178
mjo_amp=170
mjo_phase=168
clim_onset_doy=119
clim_first_cand_doy=110
clim_false_rate=104
rain_30d=100
clim_dryday_doy=68
clim_rain_doy=56
rain_7d_vs_region=55
onset_threshold_mm=49
days_since_wet_spell=38
rain_1d=21
rain_14d=18
spell_deficit=12
rain_7d=6
days_since_rain=6
wet_spell_seen=4
rain_3d=3

parameters:
[boosting: gbdt]
[objective: binary]
[metric: binary_logloss]
[tree_learner: serial]
[device_type: cpu]
[data_sample_strategy: bagging]
[data: ]
[valid: ]
[num_iterations: 105]
[learning_rate: 0.05]
[num_leaves: 31]
[num_threads: 10]
[seed: 0]
[deterministic: 0]
[force_col_wise: 0]
[force_row_wise: 0]
[histogram_pool_size: -1]
[max_depth: -1]
[min_data_in_leaf: 200]
[min_sum_hessian_in_leaf: 0.001]
[bagging_fraction: 0.6]
[pos_bagging_fraction: 1]
[neg_bagging_fraction: 1]
[bagging_freq: 1]
[bagging_seed: 3]
[bagging_by_query: 0]
[feature_fraction: 0.6]
[feature_fraction_bynode: 1]
[feature_fraction_seed: 2]
[extra_trees: 0]
[extra_seed: 6]
[early_stopping_round: 0]
[early_stopping_min_delta: 0]
[first_metric_only: 0]
[max_delta_step: 0]
[lambda_l1: 0]
[lambda_l2: 1]
[linear_lambda: 0]
[min_gain_to_split: 0]
[drop_rate: 0.1]
[max_drop: 50]
[skip_drop: 0.5]
[xgboost_dart_mode: 0]
[uniform_drop: 0]
[drop_seed: 4]
[top_rate: 0.2]
[other_rate: 0.1]
[min_data_per_group: 100]
[max_cat_threshold: 32]
[cat_l2: 10]
[cat_smooth: 10]
[max_cat_to_onehot: 4]
[top_k: 20]
[monotone_constraints: ]
[monotone_constraints_method: basic]
[monotone_penalty: 0]
[feature_contri: ]
[forcedsplits_filename: ]
[refit_decay_rate: 0.9]
[cegb_tradeoff: 1]
[cegb_penalty_split: 0]
[cegb_penalty_feature_lazy: ]
[cegb_penalty_feature_coupled: ]
[path_smooth: 0]
[interaction_constraints: ]
[verbosity: -1]
[saved_feature_importance_type: 0]
[use_quantized_grad: 0]
[num_grad_quant_bins: 4]
[quant_train_renew_leaf: 0]
[stochastic_rounding: 1]
[linear_tree: 0]
[max_bin: 255]
[max_bin_by_feature: ]
[min_data_in_bin: 3]
[bin_construct_sample_cnt: 200000]
[data_random_seed: 1]
[is_enable_sparse: 1]
[enable_bundle: 1]
[use_missing: 1]
[zero_as_missing: 0]
[feature_pre_filter: 1]
[pre_partition: 0]
[two_round: 0]
[header: 0]
[label_column: ]
[weight_column: ]
[group_column: ]
[ignore_column: ]
[categorical_feature: ]
[forcedbins_filename: ]
[precise_float_parser: 0]
[parser_config_file: ]
[objective_seed: 5]
[num_class: 1]
[is_unbalance: 0]
[scale_pos_weight: 1]
[sigmoid: 1]
[boost_from_average: 1]
[reg_sqrt: 0]
[alpha: 0.9]
[fair_c: 1]
[poisson_max_delta_step: 0.7]
[tweedie_variance_power: 1.5]
[lambdarank_truncation_level: 30]
[lambdarank_norm: 1]
[label_gain: ]
[lambdarank_position_bias_regularization: 0]
[eval_at: ]
[multi_error_top_k: 1]
[auc_mu_weights: ]
[num_machines: 1]
[local_listen_port: 12400]
[time_out: 120]
[machine_list_filename: ]
[machines: ]
[gpu_platform_id: -1]
[gpu_device_id: -1]
[gpu_device_id_list: ]
[gpu_use_dp: 0]
[num_gpu: 1]

end of parameters

pandas_categorical:[]
