tree
version=v4
num_class=1
num_tree_per_iteration=1
label_index=0
max_feature_idx=25
objective=binary sigmoid:1
feature_names=rain_1d rain_3d rain_7d rain_14d rain_30d wet_days_30d days_since_rain wet_spell_today wet_spell_seen days_since_wet_spell spell_deficit reg_rain_7d reg_dry rain_7d_vs_region doy clim_rain_doy clim_dryday_doy clim_onset_doy clim_first_cand_doy clim_false_rate onset_doy_anom rmm1 rmm2 mjo_amp mjo_phase onset_threshold_mm
feature_infos=[0:346.57876586914062] [0:964.80462646484375] [0:1936.1752166748047] [0:3242.0305023193359] [0:5169.823317527771] [0:30] [0:90] [0:1] [0:1] [0:99] [-40:1526.9935302734375] [0:206.38006867099287] [0.049535603715170282:16.606811145510836] [-206.38006867099287:1790.3473903487895] [152:274] [0.039228077977895737:78.65045166015625] [0:1] [153.82353210449219:228] [153.82353210449219:203.72727966308594] [0:0.82352942228317261] [-51.727279663085938:120.17646789550781] [-2.7230477:2.6857595000000001] [-2.8039255000000001:4.0264211000000003] [0.026713300499999999:4.2046590000000004] [1:8] [20:40]
tree_sizes=3428 3542 3549 3550 3537 3558 3535 3549 3547 3557 3552 3562 3576 3550 3575 3550 3564 3549 3551 3550 3562 3571 3559 3562 3561 3550 3560 3555 3565 3569 3564 3550 3565 3557 3555 3559 3555 3567 3570 3559 3567 3564 3556 3572 3547 3553 3571 3553 3557 3575 3570 3566 3579 3570 3597 3546 3577 3564 3566 3570 3552 3557 3535 3568 3536 3552 3555 3559 3562 3574 3558 3544 3558 3587 3571 3551 3562 3556 3568 3556 3514 3552 3551 3579 3559 3552 3539 3524 3565 3575 3544 3557 3567 3569 3555 3562 3525 3548 3563

Tree=0
num_leaves=31
num_cat=0
split_feature=17 24 15 17 5 5 22 5 22 22 15 18 11 16 17 5 15 13 11 22 11 15 9 5 4 18 21 9 13 1
split_gain=116174 13273.1 9768.38 9529.13 5673.71 3674.58 2953.06 2310.92 1995.61 1851.12 1362.12 1243.51 1218.38 1134.78 1058.3 925.73 857.697 731.899 699.226 661.766 663.892 661.57 607.254 605.144 539.115 526.27 517.313 516.647 497.614 491.227
threshold=168.56278228759768 2.5000000000000004 12.646073341369631 187.091667175293 6.5000000000000009 5.5000000000000009 0.055660221750000009 8.5000000000000018 -0.15288999499999997 0.45226171500000006 26.860466003417972 172.48621368408206 16.244831388937339 0.63235294818878185 185.78959655761722 2.5000000000000004 6.6516275405883798 -23.598412770189732 65.211102425164043 -0.026206394649999996 34.722900977490859 5.4349453449249276 34.500000000000007 14.500000000000002 90.843411613255753 170.64705657958987 1.6484033000000002 12.500000000000002 -12.766736373824322 12.682733476161959
decision_type=2 8 2 2 2 2 2 2 2 2 2 2 2 2 2 2 2 2 2 2 2 2 2 2 2 2 2 2 2 2
left_child=2 4 8 6 11 12 7 25 21 18 19 -2 27 29 -6 22 -10 -15 24 -4 -21 -1 -13 -9 -7 -3 -26 -5 -11 -8
right_child=1 3 10 5 14 9 13 23 16 28 -12 15 -14 17 -16 -17 -18 -19 -20 20 -22 -23 -24 -25 26 -27 -28 -29 -30 -31
leaf_value=0.20736634509736115 0.23726603125789664 0.25116147258651489 0.15345065765350924 0.29456609788842181 0.20547468154505644 0.2741627113585855 0.26519774241253247 0.23836758733792526 0.23762032281862261 0.30015616884480711 0.13910242677894413 0.29433129268804664 0.30255704238785647 0.28889983777088951 0.23145442427839116 0.25631120856555911 0.20497688133937886 0.26855942271648853 0.28145293740488259 0.20357340082330189 0.16407069114423012 0.17605578849503725 0.25910963311793533 0.21346852432944249 0.25374476665370299 0.27058498709927364 0.30572403094080614 0.26292728552592448 0.27482529643353271 0.23986269424544093
leaf_weight=2311.6103115677834 5017.5975900292397 6721.1485331654549 6788.3550949394703 2260.6514900028706 7925.9430874586105 6821.5891090035439 5184.5061939954758 8714.2046654820442 3511.481308221817 7731.7087385952473 11601.37886506319 3609.7062831223011 30513.994646340609 8513.8158695697784 7759.0344834923744 9024.1426188647747 4714.7987952232361 9210.2530976235867 7459.4360011518002 1644.222073584795 3033.4038614630699 6293.7837300896645 1852.2423838376999 3389.1309008896351 10215.889745414257 7247.7230226695538 501.21816766262054 3007.5551838576794 2592.2530969977379 3031.188260525465
leaf_count=9390 20382 27302 27575 9183 32196 27710 21060 35398 14264 31407 47126 14663 123951 34584 31518 36657 19152 37413 30301 6679 12322 25566 7524 13767 41498 29441 2036 12217 10530 12313
internal_value=0.248575 0.267792 0.172327 0.275533 0.240712 0.28743 0.259268 0.247384 0.201294 0.275988 0.151193 0.258716 0.298723 0.271212 0.218324 0.266146 0.218908 0.278332 0.268631 0.163436 0.177944 0.184461 0.282391 0.231393 0.263176 0.26124 0.256181 0.27651 0.293799 0.25585
internal_weight=198204 158305 39899 123116 35188.7 71104.3 52012 26072.2 16831.7 35322.1 23067.4 19503.7 35782.2 25939.8 15685 14486.1 8226.28 17724.1 24998.1 11466 4677.63 8605.39 5461.95 12103.3 17538.7 13968.9 10717.1 5268.21 10324 8215.69
internal_count=805125 643051 162074 500111 142940 288833 211278 105908 68372 143482 93702 79226 145351 105370 63714 58844 33416 71997 101545 46576 19001 34956 22187 49165 71244 56743 43534 21400 41937 33373
is_linear=0
shrinkage=1


Tree=1
num_leaves=31
num_cat=0
split_feature=19 19 16 22 22 5 5 22 11 8 5 16 12 11 10 11 5 12 18 22 16 23 19 11 5 11 5 23 16 4
split_gain=103279 13946.6 9872.52 5714.04 5411.57 4851.74 2466.27 1859.9 1486.46 1385.53 1291.86 1281.67 933.824 878.08 766.106 693.147 685.754 680.904 635.119 628.74 576.851 572.835 571.253 518.841 516.162 482.732 452.863 445.826 438.672 435.292
threshold=0.22058823704719546 0.51470589637756359 0.33823530375957495 -0.11682939999999999 -0.13172641999999998 5.5000000000000009 6.5000000000000009 -0.22252412499999999 12.778281696572909 1.0000000180025095e-35 6.5000000000000009 0.16176471114158633 4.2554179566563475 77.059271984725001 1.7141187846660613 17.687629925646469 8.5000000000000018 5.215170278637772 161.1470642089844 -0.95834308999999984 0.54411765933036815 0.62443945000000012 0.33823530375957495 52.834792444292155 14.500000000000002 38.354455597295022 2.5000000000000004 1.2471615 0.57352942228317272 117.3863361105323
decision_type=2 2 2 2 2 2 2 2 2 2 2 2 2 2 8 2 2 2 2 2 2 2 2 2 2 2 2 2 2 2
left_child=2 3 11 6 5 9 22 18 -6 -3 25 -1 20 16 -5 -11 -7 -13 -4 -8 -9 23 -2 29 -21 -10 -24 -18 -16 -12
right_child=1 4 7 14 8 13 19 12 10 15 21 17 -14 -15 28 -17 27 -19 -20 24 -22 -23 26 -25 -26 -27 -28 -29 -30 -31
leaf_value=-0.1010067927152537 -0.019225421142836305 0.043229934137037157 -0.067682297825387219 0.021306792540583919 0.014347765226493257 0.0081014848264998312 -0.041511651293342722 -0.053757569076300762 0.044029444758614707 -0.011804572332413422 0.024987497691922655 -0.085761260902153885 -0.0075053099082774541 0.027343803696835561 -0.019287277985631512 0.025068737706044109 -0.001117132040109098 -0.057331158298678388 -0.038750730283001425 -0.016178520905286681 -0.021130057710894577 0.039991060834700887 0.022734885482534859 0.03778457344291275 -0.040818239118481162 0.058275998660169873 -0.00054747516179236321 -0.02210588214091079 0.0090640059981807256 -0.017687136449366432
leaf_weight=13529.078895941377 2533.5732832700014 15849.65582947433 5967.9741618037224 18562.731441795826 4328.4933716505766 11828.881563082337 5616.3231798410416 3122.280622407794 10018.698885321617 1468.6640941053629 1181.5324710011482 7324.0378093123436 3847.4680291861296 3329.6185844987631 1769.3876913636923 9613.6702764779329 6397.906791433692 2969.6022616475821 2788.3823368549347 10001.74955008924 2395.8968184143305 13402.273394614458 3209.1156810671091 2033.7790583521128 2699.1834450960159 14706.374766141176 5977.9752616733313 4184.1826445162296 5948.4364938735962 1207.0000085830688
leaf_count=54399 10287 64692 24066 75630 17638 48094 22736 12625 40938 5977 4812 29499 15585 13550 7180 39222 25996 11972 11278 40577 9718 54692 13065 8292 10919 60135 24318 16977 24210 4909
internal_value=-8.08997e-05 0.0186607 -0.0697248 -0.00122404 0.02991 0.0189117 -0.0161208 -0.0419089 0.0422671 0.0337468 0.0451068 -0.0908818 -0.0264161 0.00338929 0.0158025 0.0201816 -0.000170711 -0.0775659 -0.0584748 -0.0275807 -0.0395977 0.0348419 0.00178985 0.0192312 -0.0214177 0.0525053 0.00758681 -0.00941744 0.00256254 0.0034243
internal_weight=197814 155869 41944.7 56318.5 99550.7 52672.6 30037.9 18122 46878.2 26932 42549.7 23822.7 9365.65 25740.6 26280.6 11082.3 22411 10293.6 8756.36 18317.3 5518.18 17824.6 11720.7 4422.31 12700.9 24725.1 9187.09 10582.1 7717.82 2388.53
internal_count=803988 634846 169142 228922 405924 214508 121902 73272 191416 109891 173778 95870 37928 104617 107020 45199 91067 41471 35344 74232 22343 72705 47670 18013 51496 101073 37383 42973 31390 9721
is_linear=0
shrinkage=0.05


Tree=2
num_leaves=31
num_cat=0
split_feature=15 5 22 24 14 20 13 5 20 15 24 12 22 14 5 20 14 5 24 14 15 22 11 23 5 20 12 15 11 14
split_gain=87476.1 13230.6 7464.64 7174.17 5185.94 3231.96 2970.33 2339.67 1898.74 1742.68 1729.23 1682.47 1590.82 1543.42 1450.41 1318.93 1272.52 991.34 891.86 887.084 807.559 630.147 609.629 590.908 582.027 580.311 498.912 491.568 482.43 477.072
threshold=8.55957078933716 8.5000000000000018 -0.047694848849999992 2.5000000000000004 235.50000000000003 -5.0147094726562491 -20.480352920932756 14.500000000000002 -14.578781127929686 13.245591163635256 2.5000000000000004 4.4256965944272446 0.04601305725000001 251.50000000000003 15.500000000000002 -5.5233306884765616 157.50000000000003 17.500000000000004 7.5000000000000009 261.50000000000006 3.708223938941956 -0.16837660999999995 12.778281696572909 0.73569989000000013 4.5000000000000009 -7.7343139648437491 6.8452012383900938 4.8314433097839364 69.240060989413394 226.50000000000003
decision_type=2 2 2 8 2 2 2 2 2 2 8 2 2 2 2 2 2 2 8 2 2 2 2 2 2 2 2 2 2 2
left_child=1 3 7 5 9 -1 12 10 -8 -2 -3 17 15 20 18 -5 25 -6 -4 -20 26 -13 -18 -21 -17 -10 -7 -24 -12 -29
right_child=4 2 14 6 11 13 8 -9 16 -11 28 21 -14 -15 -16 24 22 -19 19 23 -22 -23 27 -25 -26 -27 -28 29 -30 -31
leaf_value=0.031123919490680704 -0.061564628090731224 -0.030787949006583756 0.032998741730426794 0.057964793859447285 -0.019381590915256274 -0.0018748368134240913 0.045746250972427641 -0.043751278110612281 -0.0016649469768442689 -0.093858004901767003 -0.0075457337980229305 -0.039281737053846272 0.049488582650111523 -0.046130097096743553 -0.0069122018816527965 0.035842713218090266 0.001839759263926208 -0.070311333724867808 0.018891495381219099 -0.038248738672810249 -0.020069580564513786 0.0094236439469008813 0.026170329493948069 0.012388360127354187 0.018195282126832763 -0.061516504850001756 0.022604617099696963 -0.011690094706167924 0.013424381954186685 0.020075542080910808
leaf_weight=6968.8610811084509 5369.7639274150133 8482.082003697753 9113.9109939187765 3821.7391253858805 1284.0938796401024 8314.6601826697588 6387.7331942170858 8124.2944827973843 958.0095162242651 18951.545189514756 11746.517048835754 1068.8842596262693 24518.547887772322 2411.4972451329231 5860.9449546486139 8196.9496271759272 4653.2899512648582 3743.4600744992495 9774.3901110738516 1278.9734708666801 4928.5579072237015 1750.1361802071333 15885.37818980217 1047.0361208319664 10874.125785067677 700.66291303932667 2775.3993708640337 1880.0083754956722 3577.0415893644094 3180.0495413988829
leaf_count=28488 21624 34259 37284 15694 5194 33837 26219 32754 3900 75880 47641 4293 100892 9793 23807 33647 18970 15012 39932 5206 19995 7062 65010 4275 44407 2825 11318 7643 14553 12996
internal_value=0.000115215 0.0147827 -0.00420837 0.0253089 -0.0753277 0.00212108 0.0325747 -0.0205844 0.0212116 -0.086731 -0.0126766 -0.0399754 0.0406378 -0.00884667 0.015104 0.0311568 0.0154604 -0.0573097 0.0211865 0.0122877 -0.00323136 -0.00905129 0.0182106 -0.0154593 0.0257818 -0.0269695 0.00425288 0.0218473 -0.00265004 0.00827339
internal_weight=197629 165461 59005.2 106455 32167.9 25399 81056.5 31929.9 33645.1 24321.3 23805.6 7846.57 47411.4 18430.1 27075.3 22892.8 27257.4 5027.55 21214.3 12100.4 16018.6 2819.02 25598.7 2326.01 19071.1 1658.67 11090.1 20945.4 15323.6 5060.06
internal_count=804410 675345 239711 435634 129065 103431 332203 129207 137563 97504 96453 31561 194640 74943 110504 93748 111344 20206 86697 49413 65150 11355 104619 9481 78054 6725 45155 85649 62194 20639
is_linear=0
shrinkage=0.05


Tree=3
num_leaves=31
num_cat=0
split_feature=17 19 24 22 25 4 8 4 10 22 24 24 13 24 6 22 24 21 10 9 9 13 22 8 4 21 6 4 4 18
split_gain=84967.1 12895.8 5797.78 4904.43 3613.9 2866.01 2384.76 1964.35 1276.85 1355.02 1169.21 1066.86 889.163 816.886 780.94 690.925 672.821 636.514 624.088 613.211 569.495 549.26 376.75 374.825 356.65 339.917 339.887 332.302 319.421 316.035
threshold=168.56278228759768 0.51470589637756359 2.5000000000000004 -0.13172641999999998 29.185482990741736 90.843411613255753 1.0000000180025095e-35 60.814195066690452 40.858126616477968 -0.17849789999999996 4.5000000000000009 2.5000000000000004 -16.222819706269366 3.5000000000000004 1.0000000180025095e-35 -0.11682939999999999 2.5000000000000004 -0.26192292499999997 24.804563283920292 19.500000000000004 32.500000000000007 -55.081675560147303 0.37528550500000007 1.0000000180025095e-35 164.03009763360026 1.1001508500000001 1.0000000180025095e-35 12.400000035762789 37.657605178654201 182.33635711669925
decision_type=2 2 8 2 2 2 2 2 8 2 10 8 2 10 2 2 8 2 10 2 2 2 2 2 2 2 2 2 2 2
left_child=4 3 6 7 15 12 20 16 9 -6 21 -9 13 17 25 -1 27 23 -17 -14 -3 -7 -16 -4 -13 -5 -11 -2 -19 -23
right_child=1 2 5 14 8 10 -8 11 -10 26 -12 24 19 -15 22 18 -18 28 -20 -21 -22 29 -24 -25 -26 -27 -28 -29 -30 -31
leaf_value=-0.051683329696162551 0.011828445376725439 0.037616321229122271 0.039598671331425271 -0.0036377786091415345 -0.076850164568382562 0.035601035169084576 -0.007580155821619596 -0.038651723068775602 -0.083460923971680576 -0.055733158754214224 0.03708684691258006 -0.009561711823575755 0.039517918550315667 0.055039788274891067 0.010672276510339414 -0.015158915947619651 0.013101554845497999 0.052477123357562994 -0.055206795408811994 0.019134896989354038 0.010938818792741846 0.0053846877025305537 0.025088276384882563 0.015771572632860456 -0.027782204774263339 0.022604469741474245 -0.032332142298532401 -0.020524870484306384 0.03840637440478583 0.021203946825754633
leaf_weight=5576.8237544745207 1041.7168967872858 4754.3671231269836 2983.3287615776062 7169.9032742679119 7669.4560256898403 2403.030775770545 13931.312196284533 8247.1566410213709 15830.491869971156 3581.1626075655222 7325.6941766291857 8363.729810193181 8466.446514710784 13180.660273641348 7799.895588606596 3600.5512081980705 5880.3091123849154 7351.1356747448444 1332.5999414622784 6545.8150808364153 3455.1345858126879 11040.792353585362 10824.910016030073 3698.2192529737949 3956.4252423942089 1489.4759714901447 2748.3158681094646 3324.5644118636847 8984.0392952412367 4421.1996664106846
leaf_count=22372 4256 19579 12373 29262 30700 9881 56513 33207 63381 14366 30246 33924 34933 54731 31910 14543 24026 30520 5357 26867 14123 45045 44434 15258 15960 6085 11060 13491 37077 18069
internal_value=-0.000134672 0.0165302 0.0275459 -0.0021539 -0.0648438 0.0340748 0.00501659 -0.0158236 -0.0737275 -0.0627155 0.020266 -0.0247338 0.040867 0.0451107 0.0132842 -0.0396252 0.00206207 0.0394227 -0.0259861 0.0306322 0.0263913 0.0133668 0.0190519 0.0264148 -0.0154147 0.000878167 -0.0455789 -0.012805 0.0447413 0.00990912
internal_weight=196979 156639 98541.2 58098.1 40339.4 76400.4 22140.8 30813.9 29829.4 13998.9 25190.7 20567.3 51209.6 36197.4 27284.2 10510 10246.6 23016.7 4933.15 15012.3 8209.5 17865 18624.8 6681.55 12320.2 8659.38 6329.48 4366.28 16335.2 15462
internal_count=803549 641770 405215 236555 161779 315000 90215 124864 119507 56126 103241 83091 211759 149959 111691 42272 41773 95228 19900 61800 33702 72995 76344 27631 49884 35347 25426 17747 67597 63114
is_linear=0
shrinkage=0.05


Tree=4
num_leaves=31
num_cat=0
split_feature=16 18 24 20 15 24 20 5 18 14 14 24 24 5 14 16 24 14 18 14 5 16 11 14 11 24 14 9 21 11
split_gain=76673.4 12584.8 6043.21 4146.51 3855.14 3801.19 3731.52 2401.27 2061.44 1255.87 1135.75 1115.22 1091.2 913.842 860.677 919.321 839.556 802.306 770.966 719.208 717.4 672.27 551.64 476.332 462.109 445.749 504.571 520.031 477.097 437.859
threshold=0.48529411852359777 171.83396911621097 2.5000000000000004 2.9332580566406254 18.856004714965824 3.5000000000000004 73.966629028320327 5.5000000000000009 161.1470642089844 215.50000000000003 255.50000000000003 3.5000000000000004 4.5000000000000009 11.500000000000002 236.50000000000003 0.66176471114158641 4.5000000000000009 222.50000000000003 161.81506347656253 228.50000000000003 4.5000000000000009 0.75000000000000011 21.205184842975978 254.50000000000003 14.532123391300257 4.5000000000000009 254.50000000000003 35.500000000000007 -0.41576999499999995 40.166163226999004
decision_type=2 2 8 2 2 8 2 2 2 2 2 10 10 2 2 2 8 2 2 2 2 2 2 2 2 10 2 2 2 2
left_child=4 5 3 -3 9 13 7 22 17 18 20 21 14 -2 15 -10 -11 -7 -1 -6 -5 -9 -4 -16 -8 26 -26 -28 -27 -18
right_child=1 2 6 10 19 8 24 11 12 16 -12 -13 -14 -15 23 -17 29 -19 -20 -21 -22 -23 -24 -25 25 28 27 -29 -30 -31
leaf_value=-0.075663562213044933 -0.018626087218616839 0.03191584406318989 0.031705593976183354 0.0096787399164865624 -0.089106426860822957 -0.061005974045099533 -0.011645188778008306 0.0092637403823141624 -0.018719298478459337 -0.061244527162959167 -0.046701322974536268 0.038272647758076435 0.02031353030286711 -0.046014242193150742 0.025823218178332098 0.0057403226870009448 -0.014732935453629812 -0.015127071089962005 -0.043566402757718774 -0.060809107809299573 -0.01477105459506993 0.027442615708698222 0.047635345935411452 0.0024553465220438632 0.034673081037265206 -0.0023812415049128352 -0.0047891965754988022 0.032890051629999154 0.038415483960584133 -0.041581068191989326
leaf_weight=5619.3852129876614 11166.319965466857 7927.5135187804699 6688.8404625654221 4360.6945785880089 14466.442935526371 1288.9378158152103 2494.9526992291212 9710.5642643123865 7213.4184911549091 2679.4620553404093 2084.0058906525373 11477.1519895643 11147.277903407812 4188.5690340995789 4292.0834721326828 8216.2082706093788 3158.9434263110161 3651.3506711125374 2812.5643394589424 2669.5533935427666 9611.3753033727407 10680.58969502151 29191.208324640989 4432.7202542573214 1287.8993954360485 997.89500038325787 6236.5393958538771 1072.2924112379551 2540.5350152552128 2926.599199488759
leaf_count=22512 45160 32617 27700 17820 58099 5170 10212 39780 29352 10731 8416 47561 45909 16807 17463 33720 12686 14687 11352 10701 38872 43937 122082 18048 5272 4139 25513 4441 10551 11737
internal_value=-4.54806e-05 0.0143424 0.0244191 0.00233081 -0.067916 -0.0049354 0.0308498 0.0357949 0.00314056 -0.0511856 -0.0122776 0.0258053 0.00737419 -0.0260996 0.00140209 -0.00569513 -0.0379251 -0.027107 -0.0649637 -0.0847019 -0.00714011 0.0187864 0.0446667 0.0139526 0.00794935 0.0119786 0.00582921 0.00074254 0.0269127 -0.0276492
internal_weight=196292 161959 106362 23983.6 34333 55596.9 82378.5 67748.4 40242 17197 16056.1 31868.3 35301.7 15354.9 24154.4 15429.6 8765 4940.29 8431.95 17136 13972.1 20391.2 35880 8724.8 14630.1 12135.2 8596.73 7308.83 3538.43 6085.54
internal_count=803047 665229 438913 97725 137818 226316 341188 281060 164349 69018 65108 131278 144492 61967 98583 63072 35154 19857 33864 68800 56692 83717 149782 35511 60128 49916 35226 29954 14690 24423
is_linear=0
shrinkage=0.05


Tree=5
num_leaves=31
num_cat=0
split_feature=17 19 20 20 24 22 20 19 20 22 22 24 20 20 17 12 20 19 5 17 17 24 0 5 5 24 17 11 22 24
split_gain=70414.1 11341.2 6467.44 4976.41 5636.12 4247.6 2855.53 2448.43 2081.41 2042.77 1855.28 1131.81 1126.48 1049.41 880.215 834.063 816.522 1093.5 663.78 604.715 594.28 537.989 440.408 424.827 416.384 413.396 409.128 393.142 384.65 519.161
threshold=168.56278228759768 0.51470589637756359 74.476669311523452 3.4155578613281254 2.5000000000000004 -0.11682939999999999 76.857505798339858 0.10294117778539659 -1.439338684082031 -0.026206394649999996 0.13537843500000005 2.5000000000000004 75.866523742675795 60.573593139648445 159.91176605224612 4.4256965944272446 57.681983947753913 0.33823530375957495 7.5000000000000009 158.07353210449222 184.44949340820315 2.5000000000000004 0.90567889809608471 3.5000000000000004 6.5000000000000009 7.5000000000000009 191.47000122070315 18.435597973895888 -0.20170999999999997 5.5000000000000009
decision_type=2 2 2 2 8 2 2 2 2 2 2 8 2 2 2 2 2 2 2 2 2 8 2 2 2 8 2 2 2 8
left_child=2 5 7 21 12 8 10 -1 -2 14 18 -10 23 20 -4 19 17 -7 27 -11 -13 -3 -19 -5 -9 -12 -23 -6 -8 -30
right_child=1 3 9 4 6 16 28 24 11 15 25 13 -14 -15 -16 -17 -18 22 -20 -21 -22 26 -24 -25 -26 -27 -28 -29 29 -31
leaf_value=-0.082959711835859207 0.013658939149866715 0.033234578048306991 -0.061822866756505328 0.01310103119427531 -6.0426163238687598e-06 -0.01517448239209645 -0.0089142767834222633 -0.026987928564007637 -0.033484406133203033 -0.048867407637077004 0.050392949946745619 -0.032603688743099955 -0.04472420160730365 0.0018910002511726685 -0.027402346795874125 0.010477908446042818 0.023376629688343004 0.021729970152124363 0.012358568151736578 -0.0047155370282823683 -0.0022836821111242873 0.037447216862485817 0.0024009901077582849 -0.0082463247978107231 -0.05551080005831617 0.036287647424513722 0.054244484203845679 0.031377029092516696 0.030787510097224705 0.002670115431865904
leaf_weight=18956.897023230791 5278.9245427697897 7152.4382705837488 4619.1986378729343 3041.5927544087172 1075.6537051647902 4651.4500540196896 3758.3954659700394 1627.2297739386559 10451.935672923923 1562.414717823267 9498.1584727019072 5948.1937267929316 1872.2689028680325 7123.3171999305487 3110.4105164855719 2856.034555375576 10184.448106437922 6819.1381118446589 9817.1313412487507 1539.3267962783575 2219.1009471267462 5075.4550418406725 5189.7360765188932 9958.5581788420677 6039.5949191898108 11506.315552636981 12785.608375489712 13808.896473154426 2261.3373415768147 5985.0209137350321
leaf_count=76558 21623 29617 18536 12455 4428 19019 15391 6530 41988 6265 40069 24069 7540 28861 12462 11492 41844 28226 40290 6196 9065 21287 21326 40306 24230 48235 53953 57747 9433 24659
internal_value=-6.88864e-05 0.0152005 -0.0589556 0.0255992 0.0189708 -0.00233791 0.0260437 -0.0733154 -0.0149394 -0.0310206 0.0317436 -0.0208042 -0.00847479 -0.012135 -0.0479773 -0.00901657 0.0122242 0.00540568 0.0224528 -0.0269644 -0.0243669 0.0448317 0.0133777 -0.00325115 -0.0494613 0.0426681 0.0494737 0.0291092 0.00434149 0.0103833
internal_weight=195774 155463 40311.1 97596.8 72583.3 57866.2 57710.9 26623.7 31021.5 13687.4 45706.2 25742.5 14872.4 15290.6 7729.61 5957.78 26844.8 16660.3 24701.7 3101.74 8167.29 25013.5 12008.9 13000.2 7666.82 21004.5 17861.1 14884.6 12004.8 8246.36
internal_count=803700 641431 162269 405410 300553 236021 240252 107318 125606 54951 190769 103983 60301 61995 30998 23953 110415 68571 102465 12461 33134 104857 49552 52761 30760 88304 75240 62175 49483 34092
is_linear=0
shrinkage=0.05


Tree=6
num_leaves=31
num_cat=0
split_feature=17 5 14 22 24 21 14 22 17 14 17 17 21 5 14 23 14 17 12 5 5 13 12 14 21 14 22 14 17 14
split_gain=63625.1 8436.13 6500.49 6205 3456.55 2239.06 2063.43 2044.51 1959.5 1827.94 1809.43 1080.13 947.013 935.823 912.019 1157.91 910.33 910.01 870.612 748.354 711.241 588.764 575.581 553.464 524.588 496.109 551.232 495.642 589.797 839.593
threshold=168.56278228759768 6.5000000000000009 229.50000000000003 -0.047694848849999992 2.5000000000000004 -0.21211291499999999 223.50000000000003 -0.033103309549999994 187.091667175293 252.50000000000003 161.37132263183597 186.32193756103518 -1.3945062499999998 12.500000000000002 261.50000000000006 0.78081134000000019 223.50000000000003 187.091667175293 4.2925696594427256 11.500000000000002 16.500000000000004 -28.283378223528153 7.5123839009287936 183.50000000000003 0.5992195600000001 176.50000000000003 0.13537843500000005 255.50000000000003 186.32193756103518 215.50000000000003
decision_type=2 2 2 2 8 2 2 2 2 2 2 2 2 2 2 2 2 2 2 2 2 2 2 2 2 2 2 2 2 2
left_child=2 4 10 5 6 19 17 20 21 24 -1 16 -8 27 -13 -16 -5 -2 -9 -3 -4 -6 -22 -19 25 -10 -27 28 29 -7
right_child=1 3 7 11 8 13 12 18 9 -11 -12 14 -14 -15 15 -17 -18 23 -20 -21 22 -23 -24 -25 -26 26 -28 -29 -30 -31
leaf_value=-0.081185967783649018 -0.00042714550158466581 -0.015497590658612906 -0.021636695185065356 -0.0010096038451699056 0.029743692844370132 -0.02063759869713485 -0.067855583633222791 -0.026827990727661871 0.048259186035355235 0.010262326358957848 -0.053001328469413113 0.034097661255736086 -0.010263735838950879 -0.016132850114805208 -0.03881286772770505 0.024703074341351772 0.021915067744640058 0.036303607549978627 0.010081688439193257 -0.036089785888377808 -0.059465271071139025 0.011834947842893689 -0.001779968031631956 0.011990642025655267 0.05206335882837522 0.025112617201429661 0.043111757563533186 -0.0091991297464288913 0.021577985595935725 0.019308400661565764
leaf_weight=16645.433628112078 4913.3170380890369 14301.485007464886 2177.9976791143417 8968.0575045496225 7514.516254067421 2612.0155744552612 868.04719151556492 3203.4473290592432 8575.2539097070694 5130.7678137272596 8669.308659017086 12799.720119252801 3998.5803075283766 5730.7434687167406 1046.4318692833185 2277.3397790044546 8372.9199754595757 5540.8658588379622 3185.4493011534214 6381.6181606352329 5564.8608427643776 11793.491031810641 468.92511945962906 4054.7925997078419 9767.3941338062286 9120.6888220012188 7981.9609947055578 3485.4493065327406 7075.1179616302252 2647.8840757161379
leaf_count=67913 20031 57843 8727 36893 31345 10580 3509 12877 36611 21352 34867 53685 16196 23151 4266 9499 34582 23136 12826 25645 22398 48708 1882 16608 41689 38467 34050 14179 29108 10759
internal_value=7.85622e-05 0.0145787 -0.0562124 0.00264106 0.0259798 -0.0101014 0.00762269 -0.0296406 0.0319191 0.0381583 -0.0715363 0.0187227 -0.0205481 0.00117696 0.0280383 0.00470052 0.01006 0.0170725 -0.00842644 -0.0218526 -0.0461425 0.0188061 -0.0549832 0.0260321 0.0421959 0.0384406 0.033515 0.00744782 0.012152 -0.000528551
internal_weight=194874 154958 39915.4 75698.8 79259.7 42234.3 19375.6 14600.7 59884.1 40576.1 25314.7 33464.5 4866.63 21551.2 16123.5 3323.77 17341 14509 6388.9 20683.1 8211.78 19308 6033.79 9595.66 35445.3 25677.9 17102.6 15820.5 12335 5259.9
internal_count=803382 641892 161490 310190 331702 171265 79480 58710 252222 172169 102780 138925 19705 87777 67450 13765 71475 59775 25703 83488 33007 80053 24280 39744 150817 109128 72517 64626 50447 21339
is_linear=0
shrinkage=0.05


Tree=7
num_leaves=31
num_cat=0
split_feature=16 16 24 24 15 14 5 14 14 5 14 12 24 24 5 16 11 11 21 14 14 24 12 13 12 15 4 24 21 24
split_gain=58319.5 8947.94 4037.78 3924.22 3181.14 2384.55 1799.62 1758.58 1104.2 1064.65 1028.8 1010.84 862.15 820.866 814.372 659.048 590.669 589.986 570.76 569.289 561.644 552.667 478.415 474.739 469.653 451.297 428.81 427.311 406.619 400.435
threshold=0.48529411852359777 0.72058823704719555 2.5000000000000004 2.5000000000000004 18.856004714965824 252.50000000000003 12.500000000000002 183.50000000000003 215.50000000000003 4.5000000000000009 255.50000000000003 4.3854489164086692 4.5000000000000009 3.5000000000000004 4.5000000000000009 0.60294118523597728 67.392728720886808 21.205184842975978 -0.79875919499999992 210.50000000000003 227.50000000000003 4.5000000000000009 4.3544891640866874 -7.9586593134461365 6.1377708978328185 9.7743926048278826 64.248382057994618 3.5000000000000004 -0.72949796999999983 4.5000000000000009
decision_type=2 2 8 8 2 2 2 2 2 2 2 2 10 10 2 2 2 2 2 2 2 10 2 2 2 2 2 8 2 10
left_child=4 3 7 14 8 9 12 24 25 17 -9 -10 15 16 -2 19 -11 -4 -7 -5 -6 -8 -22 -14 -3 -1 -17 -13 -18 -20
right_child=1 2 5 6 20 18 21 10 11 13 -12 27 23 -15 -16 26 28 -19 29 -21 22 -23 -24 -25 -26 -27 -28 -29 -30 -31
leaf_value=-0.045084291045326609 -0.0048117541949695836 0.016936804571324425 0.025511979690433895 -0.022081230707295625 -0.079287347009590503 -0.021897800424445679 -0.016561987450866646 -0.0024209966649480115 -0.045255624068368992 0.015007173568639412 -0.045773443747440939 -0.048563784417839817 0.028392928311849155 0.03829028567302583 -0.030340643872878128 0.017721241225881739 -0.044019692982910426 0.04502967940725762 0.0076464139297418542 0.0062016462707258696 -0.070121843708819492 0.0049819322659706462 -0.026933837974841408 0.0067494383397247119 0.050636635232378963 -0.068374895823222148 0.0040317749658945329 -0.0017068346658771041 0.035858069208481273 0.028655744870380286
leaf_weight=3917.622223585844 4376.7904261946678 7061.649781614542 4799.3606712371111 3363.483573526144 13917.688069611788 1282.468977406621 9755.7183838635683 11057.005402579904 5470.4328297078609 12976.868494868279 1560.8170440495014 592.82445020973682 8498.8088763654232 10845.648712322116 10915.771621018648 10492.617807820439 162.81955698132515 20137.770957112312 8519.485572680831 3775.3325910866261 1794.694965928793 4283.3067425489426 1000.2912273257971 3610.6310262680054 1210.7327880114317 4459.340794429183 12577.992760404944 2694.0574656277895 6048.8434029370546 3090.4614912718534
leaf_count=15766 17896 29274 20256 13713 57663 5319 39457 44871 22059 54044 6258 2390 35811 46060 43823 43893 681 86739 35011 15455 7315 17634 4043 14986 5033 18130 51643 10841 25363 12989
internal_value=-1.39534e-05 0.0125709 0.0231814 -0.000572482 -0.0596537 0.0290983 0.00552295 0.00395935 -0.0445102 0.0336372 -0.00778687 -0.0320897 0.0106691 0.0272949 -0.023035 0.0061503 0.0210784 0.0412745 0.00974405 -0.00712518 -0.0751757 -0.00998905 -0.0546805 0.0219407 0.0218746 -0.0574893 0.0102583 -0.0101702 0.0337576 0.0132409
internal_weight=194251 160404 88753.9 71650.5 33847 67863.7 56357.9 20890.2 17134.3 54971.3 12617.8 8757.31 42318.9 30034.2 15292.6 30209.4 19188.5 24937.1 12892.4 7138.82 16712.7 14039 2794.99 12109.4 8272.38 8376.96 23070.6 3286.88 6211.66 11609.9
internal_count=804416 666209 371898 294311 138207 286462 232592 85436 69186 233143 51129 35290 175501 126148 61719 124704 80088 106995 53319 29168 69021 57091 11358 50797 34307 33896 95536 13231 26044 48000
is_linear=0
shrinkage=0.05


Tree=8
num_leaves=31
num_cat=0
split_feature=19 19 16 22 5 22 21 22 11 5 21 5 12 21 21 16 11 5 16 0 9 16 16 11 25 11 9 12 22 11
split_gain=53091.4 8315.08 5727.03 3631.89 3146.45 2941.58 1482.96 1402.7 1250.29 1132.91 995.007 830.388 714.308 704.113 636.764 614.304 607.32 597.512 551.116 528.495 524.963 480.97 392.478 368.496 367.16 357.855 344.726 324.409 320.266 312.118
threshold=0.22058823704719546 0.48529411852359777 0.27941177785396581 -0.13172641999999998 4.5000000000000009 -0.13172641999999998 -0.21211291499999999 -0.17849789999999996 12.778281696572909 3.5000000000000004 -0.60578891999999984 6.5000000000000009 5.0015479876161004 0.42728510500000005 -0.21211291499999999 0.77941176295280468 20.03343528257712 10.500000000000002 0.54411765933036815 1.4778293371200564 33.500000000000007 0.16176471114158633 0.54411765933036815 50.50536256878646 25.070076999068263 9.0522675820548493 15.500000000000002 7.6532507739938085 -0.99851524999999997 78.397701685042946
decision_type=2 2 2 2 2 2 2 2 2 2 2 2 2 2 2 2 2 2 2 2 2 2 2 2 2 2 2 2 2 2
left_child=2 5 21 4 10 9 15 18 -5 -2 20 23 22 29 24 -6 27 -18 -4 -7 -3 -1 -9 -10 -11 -22 -12 -8 -27 -13
right_child=1 3 7 8 6 19 16 12 11 14 26 13 -14 -15 -16 -17 17 -19 -20 -21 25 -23 -24 -25 -26 28 -28 -29 -30 -31
leaf_value=-0.075258697038733502 0.0073267239825637494 0.024772766323851347 -0.053187018226515739 0.0069934806038120349 -0.016076478258686938 0.016140167558524033 -0.045087884735117989 -0.038063194826995869 0.035796865383889223 -0.019393542195312814 0.045744559100929484 0.014121941455719456 -0.0016777918743098325 0.037621931297664335 -0.010140056085752972 0.0031924310760271385 0.022127879797507796 -0.00022017327402589949 -0.029292512414890916 0.00069060737432381249 -0.051649855251737542 -0.05888462809654374 -0.013469345548714973 0.048414734804142941 -0.037410338972536858 -0.023559928324604379 0.029441664574317523 0.036534411268303486 0.013654915389582809 0.037024703220712128
leaf_weight=12940.380047872663 4938.5154002159834 5079.5679665803909 7060.9722244292498 4504.4977586120367 8893.2755292654037 14050.099921956658 621.22878929972649 4339.0336570739746 14644.324787959456 6467.6610278785229 5705.6901488900185 8594.3793691396713 3707.595385953784 8301.2560433149338 10255.531284615397 7731.5386502444744 11431.417315900326 4050.6464108675718 3673.0197736620903 9133.6858586370945 310.30359677970409 6904.6421210467815 2592.940640732646 9593.2204868942499 5030.1855342388153 764.12649370729923 7535.2251500487328 150.54143661260605 2364.5999782085419 1798.8395948708057
leaf_count=54416 20346 21365 28644 18833 36029 58500 2536 17506 63233 26021 24595 36032 14974 35286 41540 31644 47621 16528 14763 37561 1258 28381 10472 42029 20228 3116 32197 618 9762 7625
internal_value=0.000105237 0.0137577 -0.050223 0.0219336 0.0131453 -0.00297502 0.0033839 -0.0322619 0.0320556 -0.0142914 0.0278939 0.0346849 -0.0193934 0.0267642 -0.0191994 -0.00711562 0.0141229 0.0162812 -0.0450141 0.0100538 0.0145613 -0.069565 -0.028867 0.0407928 -0.0272783 -0.000524136 0.0364697 -0.02914 0.00456134 0.0180891
internal_weight=193169 151950 41218.6 102075 54638.2 49875.7 32878.6 21373.6 47436.5 26691.9 21759.5 42932 10639.6 18694.5 21753.4 16624.8 16253.8 15482.1 10734 23183.8 8518.6 19845 6931.97 24237.5 11497.8 3439.03 13240.9 771.77 3128.73 10393.2
internal_count=803659 634503 169156 430307 227269 204196 134976 86359 203038 108135 92293 184205 42952 78943 87789 67673 67303 64149 43407 96061 35501 82797 27978 105262 46249 14136 56792 3154 12878 43657
is_linear=0
shrinkage=0.05


Tree=9
num_leaves=31
num_cat=0
split_feature=19 19 14 14 24 24 14 19 17 14 24 24 24 14 14 11 17 21 24 25 19 17 14 14 13 24 23 3 8 14
split_gain=48519.8 7948.61 6242.95 4124.03 3116.19 2693.6 1809.72 1697.97 1464.11 1235.72 1113.23 1099.39 1049.66 878.69 1137.2 806.68 778.125 688.357 649.832 575.281 497.724 456.438 438.984 434.496 431.797 415.941 425.831 391.573 382.139 379.239
threshold=0.22058823704719546 0.51470589637756359 228.50000000000003 258.50000000000006 2.5000000000000004 2.5000000000000004 183.50000000000003 0.10294117778539659 159.91176605224612 177.50000000000003 3.5000000000000004 4.5000000000000009 2.5000000000000004 237.50000000000003 168.50000000000003 40.385965296750662 184.44949340820315 -0.42715842999999992 3.5000000000000004 26.426528140902523 0.60294118523597728 192.88932800292972 245.50000000000003 211.50000000000003 -60.402960005432547 4.5000000000000009 0.47944142000000006 12.460568960756065 1.0000000180025095e-35 256.50000000000006
decision_type=2 2 2 2 8 8 2 2 2 2 10 10 8 2 2 2 2 2 8 2 2 2 2 2 2 8 2 2 2 2
left_child=2 5 7 4 6 19 -3 -1 15 21 17 13 -5 14 -7 25 23 -11 -10 27 -19 -6 -12 24 -16 -4 -27 -2 -9 -15
right_child=1 3 8 12 9 11 -8 28 18 10 22 -13 -14 29 16 -17 -18 20 -20 -21 -22 -23 -24 -25 -26 26 -28 -29 -30 -31
leaf_value=-0.072147736707447535 0.0051121879565483152 0.02902376187422407 -0.049236262505060829 -0.041253924933673018 0.033860070874524265 0.016618232517055426 -0.0023193257531684179 -0.020723126312595888 -0.033793734481834821 0.0079905784684530298 0.042219951642711306 0.016402205329810855 0.0006468096294391805 0.019362689017354724 0.0064506276969651735 -0.054796509494262458 0.0045144394323590725 0.018036263892078519 0.0017031652930202792 -0.038738778886237044 0.032132968743362612 0.05197920910511377 0.022458905418406158 -0.0080057583370013782 -0.032163369164763478 -0.048900623467302534 -0.0056537645261066543 -0.020715593955422745 -0.049349961428852639 7.4653421083808818e-05
leaf_weight=17677.390596792102 1851.7250237315893 7095.832719296217 1171.34082891047 1742.0954582840204 6090.7218498140574 4021.2112923711538 13118.129161864519 1432.5542109012604 1687.7116432785988 6861.9973040819168 13063.809678480029 12615.610411062837 10487.090475201607 5702.0894257575274 818.4999144077301 3737.3439282178879 4532.1048517674208 11313.00216935575 5451.1369480788708 3729.9667858928442 14038.261594191194 8125.1657309234142 3585.6358949095011 4647.2747123539448 6248.720087647438 719.49594578146935 2712.3572637587786 7065.0976874232292 6308.4853624105453 4607.2160817980766
leaf_count=75056 7522 29903 4799 6977 26469 16701 53236 5779 6815 29057 57214 52763 43668 23316 3345 15332 18799 47951 21994 15000 60026 35967 15285 18936 25365 2914 10951 28396 25626 18816
internal_value=-2.89656e-05 0.0130276 -0.0483501 0.021788 0.0257689 -0.00195845 0.00868412 -0.0635945 -0.023315 0.0312435 0.0274677 0.00398389 -0.005325 -0.00114007 -0.00718504 -0.0375402 -0.0130773 0.0220407 -0.0066923 -0.0222521 0.0258433 0.0442191 0.0379658 -0.019883 -0.027691 -0.023521 -0.0147322 -0.0153521 -0.0440556 0.0107437
internal_weight=192259 151361 40897.8 95521.7 83292.6 55839.5 20214 25418.4 15479.4 63078.6 48862.7 43192.7 12229.2 30577.1 20267.8 8340.54 16246.6 32213.3 7138.85 12646.8 25351.3 14215.9 16649.4 11714.5 7067.22 4603.19 3431.85 8916.82 7741.04 10309.3
internal_count=803978 634712 169266 405753 355108 228959 83139 106461 62805 271969 209533 178041 50645 125278 83146 33996 66445 137034 28809 50918 107977 62436 72499 47646 28710 18664 13865 35918 31405 42132
is_linear=0
shrinkage=0.05


Tree=10
num_leaves=31
num_cat=0
split_feature=18 18 14 5 21 4 14 14 14 11 21 14 21 17 21 14 5 15 18 14 17 4 18 14 21 13 18 11 18 2
split_gain=44093.7 7183.36 4907.47 3502.32 2084.18 1668.95 1283.02 1250.23 996.683 923.966 896.299 896.164 800.716 778.334 726.476 614.68 559.44 495.279 475.778 458.227 588.135 444.185 365.2 355.004 354.071 354.045 345.462 342.495 329.251 314.025
threshold=161.1470642089844 172.74019622802737 229.50000000000003 4.5000000000000009 -0.071224827349999978 114.95012314990164 257.50000000000006 250.50000000000003 241.50000000000003 40.385965296750662 -0.06070800124999999 175.50000000000003 -0.79875919499999992 159.91176605224612 0.050545455900000008 215.50000000000003 16.500000000000004 4.287311553955079 185.32742309570315 221.50000000000003 182.42893218994143 368.24535631388432 158.11765289306643 259.50000000000006 -1.5327152499999999 -50.183885513386763 185.18225860595706 14.008156353618409 179.01704406738284 2.5781826376914982
decision_type=2 2 2 2 2 2 2 2 2 2 2 2 2 2 2 2 2 2 2 2 2 2 2 2 2 2 2 2 2 2
left_child=2 5 13 7 11 10 16 14 17 22 29 -5 -9 -1 15 26 28 -7 25 20 -12 -11 -4 -21 -10 -13 -3 -8 -6 -2
right_child=1 3 9 4 6 8 27 12 24 21 19 18 -14 -15 -16 -17 -18 -19 -20 23 -22 -23 -24 -25 -26 -27 -28 -29 -30 -31
leaf_value=-0.07279170858504358 0.0083904399472468569 0.028822042598455489 -0.023943082378324571 0.031677144549954635 0.021219894823480162 -0.0093734450386608169 -0.027309493779639232 -0.030838783145560562 -0.051829047142025186 -0.023880126609526695 -0.0032998401058571326 0.012177384842499701 0.018826365042336125 -0.053364452158186852 0.044097090974394432 0.012860523249323481 -0.025509701621581633 -0.027228249496996999 0.013056335405110205 0.031602148486924553 0.021483165159662785 -0.052296094027869534 -0.0010636880299667456 0.0052298280136969973 0.0040820968028934873 -0.0064707386998626021 0.044627574276635495 0.00640684564897483 0.0333749873109059 -0.0061890008027332619
leaf_weight=13483.673607438803 4889.0680408626795 11772.448953911662 4307.9098486751318 2376.8448585569859 10004.791683018208 6678.0375549793243 861.55798679590225 1106.2899994552135 293.17119301855564 2229.9398461729288 5998.864409506321 2970.2031719237566 3037.7284732758999 8375.6675778478384 12742.230139613152 4621.8002515882254 498.59681256115437 9287.2428059279919 5246.5272591263056 4377.4066133648157 3982.3902145922184 3598.9566105753183 2930.3935292065144 1801.6018093675375 7565.7670956403017 17754.436549425125 4902.3630180060863 5940.4849790334702 12596.482596039772 15091.758449241519
leaf_count=58637 20258 50954 17501 10109 42488 27334 3545 4550 1197 9016 24720 12480 12796 34877 56801 19689 2056 37627 21860 18314 17034 14874 11823 7445 30973 73125 21461 24753 54119 61971
internal_value=-6.70105e-05 0.0112762 -0.05086 0.0197262 0.0120111 -0.00231254 0.0212196 0.0314953 -0.0125861 -0.0266162 0.00445996 0.00229735 0.00556348 -0.0653507 0.0346521 0.0289991 0.0268396 -0.0197609 -0.000392568 0.013215 0.00658942 -0.0414311 -0.0146819 0.0239149 0.00199005 -0.00379768 0.0334712 0.00213289 0.0279955 -0.00262135
internal_weight=191325 156398 34926.5 96432.8 58249.9 59965.3 29901.9 38182.9 23824.2 13067.2 36141.1 28348 4144.02 21859.3 34038.8 21296.6 23099.9 15965.3 25971.2 16160.3 9981.25 5828.9 7238.3 6179.01 7858.94 20724.6 16674.8 6802.04 22601.3 19980.8
internal_count=804387 657659 146728 410786 244535 246873 126961 166251 97131 53214 149742 117574 17346 93514 148905 92104 98663 64961 107465 67513 41754 23890 29324 25759 32170 85605 72415 28298 96607 82229
is_linear=0
shrinkage=0.05


Tree=11
num_leaves=31
num_cat=0
split_feature=17 19 20 20 22 22 21 19 22 20 20 12 20 20 21 20 23 17 4 20 21 19 4 22 12 21 23 4 17 4
split_gain=40414.9 7200.52 4413.34 3597.2 4370.02 2480.07 1797.44 1710.98 1522.43 1422.75 1298.82 893.703 857.956 772.135 702.202 688.062 724.169 649.487 599.965 580.802 617.281 559.715 550.947 543.435 517.332 513.048 465.989 449.498 439.373 379.851
threshold=168.56278228759768 0.48529411852359777 71.476669311523452 -0.44994354248046869 -0.13172641999999998 -0.17849789999999996 -0.21211291499999999 0.10294117778539659 -0.15288999499999997 74.936492919921889 -0.44994354248046869 4.314241486068112 59.627311706542976 77.815338134765639 0.51909596000000013 37.524711608886726 2.0540985000000007 184.67221832275393 234.66118459776047 67.646110534667983 -0.89375877499999989 0.33823530375957495 239.04111241549256 0.77527007500000011 7.2461300309597538 0.0095684877600000027 1.2528702 49.010599318891771 191.47000122070315 64.248382057994618
decision_type=2 2 2 2 2 2 2 2 2 2 2 2 2 2 2 2 2 2 2 2 2 2 2 2 2 2 2 2 2 2
left_child=2 5 7 28 6 10 15 -1 18 23 -2 22 17 -8 -11 27 -17 26 -4 21 -21 -12 -10 25 -16 -6 -7 -5 -3 -9
right_child=1 3 8 4 9 12 13 29 11 14 19 -13 -14 -15 24 16 -18 -19 -20 20 -22 -23 -24 -25 -26 -27 -28 -29 -30 -31
leaf_value=-0.068125382302229545 0.0091520473618286573 0.026570982938016866 -0.018482164497195967 0.015282855972665214 0.019004710331879292 -0.01259211680732893 0.019047595421580941 -0.016922354609180908 0.0015943711380477805 -0.003418440502274809 -0.039280116751388629 0.010774178318544185 0.019682677211018355 -0.0058721253219909996 0.032513863765721261 -0.011959180762763533 -0.061174955250066054 0.017914039259362878 -0.050067264425582285 -0.046849335987408439 -0.0022574546199675602 -0.018414834604515901 -0.038143282755497818 0.04199110249495408 -0.017444058748749929 0.035114151708795165 0.0081438331549879561 -0.0062659292641929695 0.042030934919016952 -0.044923794126275902
leaf_weight=16550.563011020422 4805.1315033733845 6613.7150576561689 2154.4297733306885 4088.4015944451094 9639.7624836564064 7736.6019097566605 15413.008911669254 1540.5627937614918 1331.3076020479202 4965.9481292068958 4799.2755342572927 3378.0043383985758 9247.4137643277645 3893.1895341128111 3352.7106830775738 10559.536645516753 803.47493021190166 4018.3000938296318 4987.8854327350855 886.22770781815052 6196.5589065253735 9739.3041718900204 2528.2426286041737 9183.2858835607767 612.25298431515694 10152.555053919554 4168.4126556515694 5927.3863091915846 15118.816702872515 5691.7263926565647
leaf_count=73051 19870 28750 8691 17171 41564 31727 65480 6220 5355 20641 19270 13642 38461 16001 14346 42954 3226 17076 20731 3554 25091 39335 10373 40961 2545 44755 17323 24188 67567 23408
internal_value=-3.83582e-05 0.0115169 -0.0460376 0.0193233 0.0143443 -0.00366165 0.00296354 -0.059259 -0.0241682 0.0265588 -0.0143598 -0.00800483 0.0075703 0.0140224 0.0091095 -0.00702337 -0.0154443 0.000535289 -0.0405438 -0.0195852 -0.0078428 -0.0253048 -0.0244394 0.0319365 0.0247971 0.0272695 -0.00533157 0.00253084 0.0373276 -0.0389623
internal_weight=190084 151921 38162.7 100324 78591.5 51597.2 40685 23782.9 14379.9 37906.5 26426.5 7237.55 25170.7 19306.2 8930.91 21378.8 11363 15923.3 7142.32 21621.4 7082.79 14538.6 3859.55 28975.6 3964.96 19792.3 11905 10015.8 21732.5 7232.29
internal_count=803327 641856 161471 430149 333832 211707 169020 102679 58792 164812 107120 29370 104587 81481 37532 87539 46180 66126 29422 87250 28645 58605 15728 127280 16891 86319 49050 41359 96317 29628
is_linear=0
shrinkage=0.05


Tree=12
num_leaves=31
num_cat=0
split_feature=16 19 20 22 22 15 21 14 20 14 14 21 21 14 14 22 14 14 13 5 5 22 21 5 19 14 21 22 18 22
split_gain=37635.9 7902.01 3414.65 3899.63 2617.61 2599.97 1598.52 1532.44 1046.18 958.804 882.581 858.75 827.358 807.509 786.862 720.808 538.139 531.479 722.936 521.861 511.774 501.332 516.424 484.519 465.969 464.976 425.499 451.799 421.562 406.083
threshold=0.48529411852359777 0.48529411852359777 0.98529052734375011 -0.13172641999999998 0.055660221750000009 18.856004714965824 -0.21211291499999999 259.50000000000006 -6.5469207763671866 255.50000000000003 216.50000000000003 0.51909596000000013 -0.21211291499999999 214.50000000000003 256.50000000000006 -0.047694848849999992 227.50000000000003 222.50000000000003 -24.159708698975042 13.500000000000002 18.500000000000004 0.77527007500000011 -0.17945643499999997 8.5000000000000018 0.13235294446349147 218.50000000000003 0.46197338500000007 -0.20170999999999997 182.33635711669925 -0.020325674699999997
decision_type=2 2 2 2 2 2 2 2 2 2 2 2 2 2 2 2 2 2 2 2 2 2 2 2 2 2 2 2 2 2
left_child=5 4 -3 6 8 10 14 20 -2 28 24 -9 -10 -14 23 -12 -7 18 -6 -15 21 22 -5 25 -1 -4 -11 -28 -8 -18
right_child=1 2 3 7 17 16 9 11 12 26 15 -13 13 19 -16 -17 29 -19 -20 -21 -22 -23 -24 -25 -26 -27 27 -29 -30 -31
leaf_value=-0.060578972031159563 0.011841527011624208 0.035733878295595697 0.01035782971152579 0.016750000406281104 0.013996852467150761 -0.068526123621887064 0.013684891553312387 -0.011911746096350796 -0.023958003904813969 0.0086814438318507849 -0.037598637271345922 0.023241209183324979 -0.022232869038429068 0.0092491891247017191 -0.033447920357253406 -0.0081779415296671498 -0.05917355426554452 0.016903203549258623 -0.011258902842775052 -0.015115930179978511 -0.048561445990789383 0.040323037775960212 0.032892993407168829 -0.016321879711938603 -0.036574733603690408 -0.0083763437033942782 -0.030870201146993834 0.04839345950860631 0.032072937590801327 -0.019379586053804593
leaf_weight=3664.9386910945177 3796.1005896627903 22658.899268299341 7233.4325268864632 8325.4340512603521 5673.6207713335752 12654.856336176395 10266.595131799579 3786.5763314068317 15969.735043734312 1974.4868988543749 4587.8888595998287 3208.5628450810909 6029.6030583530664 6499.8948781639338 2438.8871738910675 3811.9724422544241 1678.3494050949812 10755.783535584807 5658.3018542528152 3318.9762468487024 204.04487687349319 9362.0730144828558 12248.112334549427 5111.5603575259447 4525.9798994660378 6107.8746809959412 1935.9023493081331 197.27889508008957 4476.897870734334 1039.1433768719435
leaf_count=15863 15814 101465 30057 35932 23833 57774 43533 15690 64497 8113 19032 13705 24529 26528 9822 15506 7211 44743 23390 13383 857 42221 54326 20586 18482 25013 7983 819 19358 4328
internal_value=8.7421e-05 0.0101418 0.018676 0.0136479 -0.00457973 -0.0493728 0.00276245 0.0252976 -0.0129663 0.0133185 -0.0356424 0.00421339 -0.0159263 -0.00783207 -0.00676276 -0.0242497 -0.0641882 0.00894273 0.00138616 0.00101259 0.0301907 0.0307291 0.0263616 -0.00323421 -0.0473213 0.00178103 -0.00804326 -0.0235206 0.0192703 -0.0439694
internal_weight=189202 157239 99536.6 76877.7 57702 31963.1 39742.9 37134.8 35614.3 18851.2 16590.8 6995.14 31818.2 15848.5 20891.8 8399.86 15372.3 22087.7 11331.9 9818.87 30139.7 29935.6 20573.5 18452.9 8190.92 13341.3 4107.67 2133.18 14743.5 2717.49
internal_count=804393 666197 429480 328015 236717 138196 165284 162731 144751 79806 68883 29395 128937 64440 85478 34538 69313 91966 47223 39911 133336 132479 90258 75656 34345 55070 16915 8802 62891 11539
is_linear=0
shrinkage=0.05


Tree=13
num_leaves=31
num_cat=0
split_feature=16 17 14 22 22 16 5 14 14 25 22 24 13 14 11 14 14 12 24 11 14 17 24 4 24 14 12 4 5 12
split_gain=34161.2 5972.12 2861.07 3291.14 2858.66 2461.75 1327.09 1248.63 1101.78 885.774 791.074 764.74 693.983 818.444 686.074 666.813 625.624 609.601 542.062 459.068 447.01 441.919 438.157 418.669 414.833 407.058 508.61 390.472 372.458 357.139
threshold=0.48529411852359777 186.32193756103518 178.50000000000003 -0.13172641999999998 0.055660221750000009 0.25000000745058065 12.500000000000002 261.50000000000006 256.50000000000006 26.743294256925587 0.030713726750000003 2.5000000000000004 -24.450221868837392 220.50000000000003 43.720096607660828 228.50000000000003 228.50000000000003 4.3854489164086692 5.5000000000000009 68.440097592586525 208.50000000000003 196.13889312744143 2.5000000000000004 43.315855957567699 7.5000000000000009 258.50000000000006 4.5681114551083608 51.474384054541595 9.5000000000000018 3.8560371517027869
decision_type=2 2 2 2 2 2 2 2 2 2 2 8 2 2 2 2 2 2 8 2 2 2 8 2 8 2 2 2 2 2
left_child=5 4 21 8 6 16 9 24 11 27 -7 -4 28 -14 -10 -12 -1 -18 -9 23 -8 -3 -11 -13 -5 26 -15 -2 -6 -17
right_child=1 2 3 7 12 10 20 18 14 22 15 19 13 25 -16 29 17 -19 -20 -21 -22 -23 -24 -25 -26 -27 -28 -29 -30 -31
leaf_value=-0.06541435855817411 0.0081087938904089978 0.028528743474177526 -0.0023400686042653065 0.036821224627872511 0.028732582139448862 -0.042185938652627847 -0.04669368207353549 0.028797285711428363 -0.0056794870867997692 -0.033335593533705604 -0.033033668366848991 0.022698715010527913 -0.009216222484871547 0.0061889819523633267 -0.04359287478753765 -0.019814680444498037 -0.057581867224334539 -0.011664963528622152 -0.0064016066951216102 0.02696602625559268 -0.020287620487804105 0.044006902354874235 -0.0097210009111638965 0.0030491688535270517 0.02428634866778108 0.0033683663838405529 0.039229850467136278 -0.0049801477897359449 0.0092867704288633161 0.017934073993387842
leaf_weight=13527.654288828373 9397.0011054873466 10223.366424903274 13115.887747019529 10795.185024008155 6531.6596551686525 8870.0378353148699 2014.2293341904879 1499.7154502570629 3928.5675724446774 3186.7293834388256 3404.9087763875723 3821.6668957173824 6252.4568879306316 2104.2188333421946 1712.9943124651909 1142.8519718497992 1937.7279324680567 1153.5316974967718 4032.8221677541733 4703.4281773120165 7850.6926633864641 8416.8333806991577 5121.454633936286 9321.8744401484728 17018.62459525466 4426.2868494838476 2608.8752248734236 14471.793001428246 3954.2970837056637 1384.5369228869677
leaf_count=62927 39138 45780 53497 49176 28323 37297 8114 6487 16055 12902 14155 16833 26018 8787 6951 4668 8391 4766 16777 20347 31701 38767 20982 39301 75164 18303 10984 59041 16546 5577
internal_value=1.00989e-05 0.00956177 0.0181137 0.0134749 -0.00159297 -0.047566 -0.00964065 0.0248376 0.0031232 -0.00472157 -0.0327331 0.00682609 0.0114814 0.00472256 -0.0171971 -0.0185944 -0.0607748 -0.0404569 0.0031433 0.0135621 -0.0256834 0.0355198 -0.0187817 0.00876384 0.0291526 0.0142584 0.0244828 0.000173014 0.0214011 0.000863499
internal_weight=187932 156511 88591 69950.8 67919.7 31421.2 42041.9 33346.3 36604.4 32177 14802.3 30962.9 25877.8 15391.8 5641.56 5932.3 16618.9 3091.26 5532.54 17847 9864.92 18640.2 8308.18 13143.5 27813.8 9139.38 4713.09 23868.8 10486 2527.39
internal_count=803755 665974 385135 300588 280839 137781 171878 147604 152984 132063 61697 129978 108961 64092 23006 24400 76084 13157 23264 76481 39815 84547 33884 56134 124340 38074 19771 98179 44869 10245
is_linear=0
shrinkage=0.05


Tree=14
num_leaves=31
num_cat=0
split_feature=16 19 20 22 16 22 14 14 14 20 12 11 5 14 25 24 19 12 24 24 20 12 22 14 19 12 24 17 11 12
split_gain=31656.9 6756.48 2941.07 3302.89 2377.34 2122.56 1363.78 1196.13 905.832 897.773 826.485 785.974 684.344 680.922 651.228 642.016 590.424 585.47 509.402 493.893 466.394 476.047 459.583 451.99 428.668 391.431 380.842 367.234 362.795 355.588
threshold=0.48529411852359777 0.48529411852359777 -0.44994354248046869 -0.13172641999999998 0.1911764740943909 -0.22252412499999999 260.50000000000006 256.50000000000006 206.50000000000003 -7.1311798095703116 4.314241486068112 68.440097592586525 6.5000000000000009 223.50000000000003 25.014834511280064 1.0000000180025095e-35 0.33823530375957495 7.0758513931888549 7.5000000000000009 7.5000000000000009 97.702941894531264 3.4721362229102173 -0.17849789999999996 239.50000000000003 0.13235294446349147 1.258513931888545 2.5000000000000004 191.83750152587893 20.03343528257712 1.2863777089783284
decision_type=2 2 2 2 2 2 2 2 2 2 2 2 2 2 2 10 2 2 8 8 2 2 2 2 2 2 8 2 2 2
left_child=4 5 27 7 -1 9 18 11 24 -2 -10 12 28 16 -11 -9 -7 19 -5 -8 21 -15 -12 -14 -6 -21 -16 -3 -4 -17
right_child=1 2 3 6 8 13 17 15 10 14 22 -13 23 20 26 29 -18 -19 -20 25 -22 -23 -24 -25 -26 -27 -28 -29 -30 -31
leaf_value=-0.062296171218148323 0.011144234263123708 0.024180621904992983 -0.0095323749421755699 0.035992160265684713 -0.05922758319522467 -0.015693263684444125 0.028352050626936399 0.0020413723525467514 -0.036045172001031266 -0.0098223104350153648 -0.02907382457292601 0.021101452495511992 -0.011917069939106798 0.0058044543035835616 -0.036411715161818584 -0.060755201096135775 0.0049769296571258517 -0.029006303443300286 0.022706175123669719 -0.053990855448851821 -0.0019906488523252219 0.027550635028646971 0.0057378538142367477 0.0088301756129570697 -0.034886596054577231 0.0032968415346971329 -0.018236047011835774 0.038293758117523197 0.013321241328640328 -0.022621972527500211
leaf_weight=13209.043650835752 3093.9032865017653 6850.1620870381594 2025.8048294633627 11747.798744112253 3861.2865232229233 5398.4847713559866 2145.2197232544422 2556.8062409162521 6380.4658151268959 13332.871849179268 1506.8969844281673 7180.3173887729645 9069.0254060924053 4357.4457420557737 5007.7198522239923 768.50244769454002 9590.9761877059937 1189.1671308726072 18722.74462595582 331.07536192238331 3868.3645498156548 5958.4559845924377 2553.1540679931641 3693.5226944833994 3414.6507499963045 2920.1002768427134 6798.1814075708389 14138.498978585005 12135.243666321039 2988.3710361868143
leaf_count=62624 12941 30554 8356 54107 17422 22090 9332 10496 26902 53906 6314 30522 37033 18166 20261 3098 40292 4897 83116 1369 15827 25024 10385 15296 14064 12149 27582 65691 51757 12122
internal_value=-3.04695e-05 0.00913817 0.0170868 0.0125887 -0.0462405 -0.00449523 0.0233704 0.00270335 -0.0342668 -0.0142683 -0.0248246 0.00640438 0.00248415 0.00496271 -0.0173962 -0.017286 -0.00246803 0.0027372 0.0278295 0.00973638 0.0128149 0.0183665 -0.00718656 -0.00591253 -0.0478105 -0.00255172 -0.0259481 0.033689 0.0100515 -0.0304366
internal_weight=186794 155869 98462.4 77473.7 30925.5 57406.4 37056.1 40417.6 17716.5 28232.7 10440.5 34103.9 26923.6 29173.7 25138.8 6313.68 14989.5 6585.56 30470.5 5396.4 14184.3 10315.9 4060.05 12762.5 7275.94 3251.18 11805.9 20988.7 14161 3756.87
internal_count=803695 665984 429895 333650 137711 236089 164970 168680 75087 114690 43601 142964 112442 121399 101749 25716 62382 27747 137223 22850 59017 43190 16699 52329 31486 13518 47843 96245 60113 15220
is_linear=0
shrinkage=0.05


Tree=15
num_leaves=31
num_cat=0
split_feature=17 16 14 24 22 14 20 12 25 20 17 4 14 17 22 22 14 22 11 14 14 4 11 20 1 4 14 12 11 20
split_gain=28845.4 4646.02 4067.78 2386.3 2076.43 1486.89 1289.41 1271.19 1168.27 1108.89 917.061 749.717 665.023 659.979 627.882 617.088 536.897 529.945 525.041 523.506 779.534 523.851 506.208 500.194 458.012 454.5 409.748 400.438 391.6 390.584
threshold=167.31060028076175 0.72058823704719555 230.50000000000003 2.5000000000000004 -0.17849789999999996 252.50000000000003 -5.5233306884765616 4.4256965944272446 29.185482990741736 5.3230590820312509 196.47499847412112 177.1158391684294 224.50000000000003 191.47000122070315 0.17966253000000001 -1.21867025 255.50000000000003 -0.79341500999999981 12.778281696572909 236.50000000000003 254.50000000000003 111.5264671444893 41.848222688509402 -3.9687194824218746 4.5839552879333505 91.775153197348132 265.50000000000006 6.1377708978328185 9.5080668581966847 -5.5233306884765616
decision_type=2 2 2 8 2 2 2 2 2 2 2 2 2 2 2 2 2 2 2 2 2 2 2 2 2 2 2 2 2 2
left_child=2 4 8 9 6 10 -2 11 -1 27 14 -4 13 24 23 -8 -11 -9 -14 21 -21 -17 -22 -5 -6 -20 -19 -3 -7 -12
right_child=1 3 7 5 12 28 15 17 -10 16 29 -13 18 -15 -16 19 -18 26 25 20 22 -23 -24 -25 -26 -27 -28 -29 -30 -31
leaf_value=-0.034820495027905463 0.019702554688184538 0.012204280092125794 -0.0031989062188922503 0.028911989800096134 0.0076920795468855057 -0.022606306801100019 -0.027952786070057085 -0.042959239404544845 -0.061087733726857822 -0.0030112961461263455 0.046412605463133576 -0.039209864126620218 -0.0070671778714692275 0.023532964886171504 0.02874775601971595 -0.0075363527793520652 -0.034798021558137035 0.013890210640507664 0.030924889140870479 0.011163498853049614 -0.0058054464320995538 -0.026718328343228223 -0.04505864441112109 0.010011552601359296 -0.010584999702906273 0.012221900315979473 -0.025582935458768826 0.04316131753848465 0.0091245650966705946 0.030183661910499315
leaf_weight=5758.9142725169659 3471.629042416811 6746.9424907416105 1864.6924488842487 4661.9081546068192 5968.1829565316439 1064.6507322341204 5304.0192647129297 609.22058816254139 16028.629366651177 10989.107573032379 5078.1316261291504 6428.6150424182415 2141.4735313653946 2863.9146281927824 13913.875769048929 9062.6596601456404 1510.145582139492 3628.2722133249044 5346.6792539507151 5955.2683489322662 2744.7891395390034 5861.4498187154531 1171.2718907594681 14051.345022708178 8049.8104296326637 8280.1912364512682 801.91925327479839 1235.3673555105925 11108.801183000207 13789.304775714874
leaf_count=24207 15219 29226 7553 21098 25377 4426 21494 2555 77136 44638 24558 27279 8977 13066 63219 37124 6064 14799 23333 24536 11157 23712 4731 60411 33441 35076 3245 5394 46892 62947
internal_value=-3.71539e-05 0.00949181 -0.0408355 0.0172883 -0.000415514 0.0220638 -0.00914691 -0.0190807 -0.0541467 0.00244294 0.0257789 -0.0311144 0.00856214 0.00166544 0.0207036 -0.0124749 -0.00685421 0.00072528 0.0159453 -0.00916303 -0.000229806 -0.0150714 -0.0175544 0.0147214 -0.00280351 0.019562 0.00674092 0.0170001 0.00634786 0.0345539
internal_weight=185491 150371 35120.3 84149.6 66221.3 63668 33571.1 13332.7 21787.5 20481.6 51494.6 8293.31 32650.3 16881.9 32627.1 30099.5 12499.3 5039.41 15768.3 24795.4 9871.33 14924.1 3916.06 18713.3 14018 13626.9 4430.19 7982.31 12173.5 18867.4
internal_count=802890 646116 156774 368873 277243 283551 137973 55431 101343 85322 232233 34832 139270 71884 144728 122754 50702 20599 67386 101260 40424 60836 15888 81509 58818 58409 18044 34620 51318 87505
is_linear=0
shrinkage=0.05


Tree=16
num_leaves=31
num_cat=0
split_feature=18 5 14 22 18 22 14 5 16 13 13 15 13 14 22 22 14 23 14 14 22 22 18 22 18 22 20 14 13 0
split_gain=26685.8 4806.26 3616.63 3157.66 1865.56 1140.74 1107.26 1096.66 981.769 852.381 670.83 608.674 564.55 558.517 538.171 503.125 445.527 430.078 1032.05 430.235 423.294 411.159 391.043 370.281 342.424 342.363 339.08 386.865 314.182 308.399
threshold=161.1470642089844 6.5000000000000009 228.50000000000003 -0.047694848849999992 177.26871490478518 -0.15288999499999997 211.50000000000003 13.500000000000002 0.63235294818878185 -34.223689303690151 -16.222819706269366 13.94163751602173 -62.591906146333763 228.50000000000003 -0.79991891999999998 -0.17849789999999996 209.50000000000003 0.62443945000000012 261.50000000000006 271.50000000000006 -0.41909230999999997 0.26599726000000007 156.92646789550784 -0.91453793499999991 178.30302429199222 -0.69253640999999988 4.8575057983398446 207.50000000000003 -12.766736373824322 2.2470753192901616
decision_type=2 2 2 2 2 2 2 2 2 2 2 2 2 2 2 2 2 2 2 2 2 2 2 2 2 2 2 2 2 2
left_child=2 4 11 7 9 -4 25 12 13 20 15 -1 -3 29 -14 -8 -9 18 -10 21 -2 -20 -7 -11 -19 -6 -16 -28 -25 -5
right_child=1 3 5 8 6 22 10 16 17 23 -12 -13 14 -15 26 -17 -18 24 19 -21 -22 -23 -24 28 -26 -27 27 -29 -30 -31
leaf_value=-0.04127594023448701 0.0077296317261019544 0.018176074827935294 -0.036115909381137887 0.0010728235903544174 0.023096688069010007 -0.018235333909551673 0.0099046003872910252 -0.043656038343698605 0.015915737910152321 -0.0070827575325662978 0.0021108124527893604 -0.06090944080011175 -0.014395055350716375 0.013200382650572754 0.020902013715261101 0.032981776905985465 -0.018049841282944502 0.015479449502154855 -0.023971921356558238 0.037176753503664221 0.028680848338153864 -0.089553468893596264 0.00609270484009522 0.013825934206960922 0.029746296743610946 0.035912794128295282 -0.016214696873779605 0.00098794028750324135 0.001092474849046011 -0.02189856804652994
leaf_weight=5572.8526599556208 3741.6172380000353 2435.5463168621063 6396.2908640950918 2643.7455141842365 7656.084469884634 3423.2281471341848 4130.0306003093719 2320.1501847356558 4265.9945459961891 5579.2179097533226 6280.6561385691166 13622.016749069095 13523.204380691051 3674.6731396913528 1571.2348587363958 5519.3367768526077 6347.1284994632006 12040.48263733089 622.0411386936903 167.21392711997032 6781.9670571237803 388.20485155284405 3190.3499958664179 9803.343199044466 6467.1082739382982 16371.098601132631 4368.58461612463 12965.731789112091 9575.7923665493727 3264.9410996884108
leaf_count=24107 15814 10254 27432 10937 34401 14191 17675 9469 18365 23394 26591 68141 55062 15542 6632 25724 25709 52406 2542 685 30672 1586 12958 42483 29178 77140 17796 53298 40783 13363
internal_value=-6.13047e-05 0.00867214 -0.0414174 -0.000109984 0.0176435 -0.0210625 0.0250529 -0.00899299 0.0114211 0.00929922 0.0148293 -0.0552117 -0.00503575 -0.00210361 -0.00677957 0.0231066 -0.0249086 0.0168325 0.00447719 -0.0369435 0.0212332 -0.0492364 -0.00650049 0.00426667 0.0204661 0.0318302 -0.00133172 -0.00334814 0.00753434 -0.011622
internal_weight=184710 152505 32204.7 77066 75439.1 13009.9 39957.2 43531.6 33534.4 35481.9 15930 19194.9 34864.3 9583.36 32428.8 9649.37 8667.28 23951 5443.45 1177.46 10523.6 1010.25 6613.58 24958.4 18507.6 24027.2 18905.6 17334.3 19379.1 5908.69
internal_count=804330 657501 146829 322824 334677 54581 181531 178220 144604 153146 69990 92248 143042 39842 132788 43399 35178 104762 23178 4813 46486 4128 27149 106660 81584 111541 77726 71094 83266 24300
is_linear=0
shrinkage=0.05


Tree=17
num_leaves=31
num_cat=0
split_feature=18 5 14 22 24 18 12 14 14 21 21 18 18 18 13 4 0 12 22 5 5 11 22 23 11 24 14 21 14 11
split_gain=24696.6 4419.17 3386.22 2554.04 2010.98 1391.18 1133.97 1087.43 978.849 909.259 863.939 673.118 655.982 607.335 548.055 497.439 494.872 443.788 431.819 410.061 397.515 394.491 380.861 356.134 351.179 348.629 433.115 342.779 347.097 327.253
threshold=161.1470642089844 7.5000000000000009 228.50000000000003 -0.13172641999999998 2.5000000000000004 177.36049652099612 4.314241486068112 223.50000000000003 261.50000000000006 -0.21211291499999999 -1.5061045999999998 178.38541412353518 171.93548583984378 158.47058868408206 -15.112637258673967 273.07877713069325 4.3276679515838632 7.7910216718266261 -0.17849789999999996 3.5000000000000004 15.500000000000002 79.642589872178192 0.04601305725000001 1.6599746000000002 20.03343528257712 7.5000000000000009 261.50000000000006 -0.16231458499999998 211.50000000000003 17.687629925646469
decision_type=2 2 2 2 8 2 2 2 2 2 2 2 2 2 2 2 2 2 2 2 2 2 2 2 2 8 2 2 2 2
left_child=2 4 13 9 7 14 15 12 19 17 -9 16 -2 -1 22 -4 23 21 -8 -7 24 -3 -6 -5 -11 -13 -27 28 -21 -10
right_child=1 3 6 11 5 8 18 10 29 20 -12 25 -14 -15 -16 -17 -18 -19 -20 27 -22 -23 -24 -25 -26 26 -28 -29 -30 -31
leaf_value=-0.060327114195595694 -0.0074093926421188771 -0.02372104035136624 -0.01439680267309691 0.0060648082575509368 0.010954544092118117 0.036136004874141398 -0.021016262505219575 -0.062812942273906699 -0.026321143733053248 -0.034149185589721083 -0.0077486010222202239 0.034383577937149558 0.015723269098468325 -0.041628776569925065 0.0040917680359394866 -0.041083676589852097 -0.0067201830746558017 0.012238352010035787 0.0091846404710468343 0.026704147169069704 -0.022322277079324358 0.0038684561590081111 0.024727969595321156 0.025593705895137198 0.0018754229109032611 0.021105261686548808 -0.015572859784554173 0.029994179111354959 0.0024164975227493964 0.010582653023709518
leaf_weight=11957.793802946806 4152.4263410568237 14268.486971542239 2619.2548424601555 13667.02905151248 10161.085952788591 14367.003756836057 1870.1291466206312 823.68817320466042 871.41350309550762 709.00681759417057 5231.5885292887688 3200.8691492676735 11692.438972458243 6838.2005560994148 11552.481517806649 5246.5415280461311 6692.3282788991928 1057.5092588216066 3220.1768817007542 3025.578297123313 2257.1312355995178 1424.762526974082 9922.6390224248171 2814.7378729432821 14335.225790724158 3612.372011885047 1034.7482203245163 10425.364131838083 2862.5391806364059 1928.0660211443901
leaf_count=61077 16950 57781 10737 58150 43795 68868 7891 3316 3600 2870 21136 14682 50517 31346 49417 22950 28017 4285 13046 14115 9147 5787 45170 12233 59102 15989 4258 48433 12657 8191
internal_value=0.000136378 0.00850981 -0.0399708 -0.00134585 0.0158802 0.0202882 -0.0203016 0.0027733 0.0273925 -0.0108003 -0.015248 0.00903205 0.00966086 -0.053527 0.0127694 -0.0322001 0.00474556 -0.0191035 -0.00191283 0.0299749 -0.00276068 -0.0212162 0.0177604 0.00940128 0.000175493 0.0216873 0.0129368 0.024547 0.014899 -0.000909946
internal_weight=183843 152091 31752.1 65074.2 87016.3 65116.2 12956.1 21900.1 33480 34052.1 6055.28 31022.1 15844.9 18796 31636.2 7865.8 23174.1 16750.8 5090.31 30680.5 17301.4 15693.2 20083.7 16481.8 15044.2 7847.99 4647.12 16313.5 5888.12 2799.48
internal_count=805513 658466 147047 272301 386165 294246 54624 91919 155864 138972 24452 133329 67467 92423 138382 33687 98400 67853 20937 144073 71119 63568 88965 70383 61972 34929 20247 75205 26772 11791
is_linear=0
shrinkage=0.05


Tree=18
num_leaves=31
num_cat=0
split_feature=16 19 20 15 21 20 21 14 12 14 19 6 14 18 19 5 21 5 5 23 17 18 18 23 9 23 5 12 14 19
split_gain=22676.4 4953.74 2327.9 2193.59 1922.08 1272.18 955.443 722.843 715.293 606.089 577.914 522.003 485.371 479.746 435.244 417.685 397.924 387.309 377.21 370.823 332.361 324.339 312.361 296.349 296.2 295.605 274.402 273.221 555.791 268.788
threshold=0.48529411852359777 0.48529411852359777 0.50757598876953136 21.682642936706547 -0.21211291499999999 76.857505798339858 -0.06070800124999999 215.50000000000003 4.3854489164086692 256.50000000000006 0.60294118523597728 2.5000000000000004 221.50000000000003 177.26871490478518 0.13235294446349147 2.5000000000000004 -1.6064002499999999 12.500000000000002 18.500000000000004 0.62443945000000012 191.47000122070315 176.26871490478518 185.39170837402347 1.6436854000000001 75.500000000000014 2.4041249500000004 20.500000000000004 1.3111455108359136 267.50000000000006 0.10294117778539659
decision_type=2 2 2 2 2 2 2 2 2 2 2 2 2 2 2 2 2 2 2 2 2 2 2 2 2 2 2 2 2 2
left_child=3 6 20 7 9 10 11 14 26 15 18 21 13 25 -1 -4 -11 -14 23 -7 -3 -2 -17 24 -6 29 -9 28 -21 -8
right_child=1 2 4 -5 5 19 12 8 -10 16 -12 -13 17 -15 -16 22 -18 -19 -20 27 -22 -23 -24 -25 -26 -27 -28 -29 -30 -31
leaf_value=-0.051871940313697421 -0.019143971144870636 0.020014842627836774 0.018804457486516088 -0.057719163923064913 0.011861210777725464 -0.014230189820386345 -0.049663312849318186 -0.016494543564458623 -0.0025211975749262045 -0.046185657732648239 0.0288520896390764 -0.0026175643489270502 0.016347512800415003 0.016283307607947627 -0.029129897426690504 -0.00055862679150524102 -0.0081327904913678483 -0.00026643666732743013 -0.054836498552966254 0.0097493543601537072 0.033613021806463535 -0.00076680694723009837 0.014785898542046903 0.033676840284653391 0.049923497324492742 0.048906977167982001 -0.039122486581385493 0.01244804285832107 -0.062369925292985844 -0.0083186359635800712
leaf_weight=4097.0563768297434 14023.239221692085 6557.8858661353588 4312.2809482961893 11298.100946083665 12370.060393884778 2660.5813876092434 408.1394415050745 2108.2874467670918 3602.9943654090166 816.50295197963715 16789.292799398303 12806.636951610446 8036.2461217045784 2333.2829239368439 4335.5624866038561 20472.078591629863 4308.5798742324114 6224.7559620738029 187.88509306311607 821.39153508841991 14316.162135899067 2896.9967429190874 3956.7292799204588 2102.8007536828518 532.29836818575859 216.91093999147415 3685.5780706256628 5594.6756431162357 394.75764255225658 10068.715819031
leaf_count=20049 57527 29856 19052 59520 55405 10999 1779 8917 15000 3348 77441 53102 33676 10209 18223 86686 17774 25541 777 3528 69643 12087 17090 9731 2455 901 16433 23897 1656 41476
internal_value=-4.27179e-05 0.00764565 0.0145673 -0.0404818 0.0104723 0.0176916 -0.00403247 -0.0295564 -0.0200159 0.00163536 0.0224581 -0.0102337 0.00272314 -0.00425377 -0.0401841 0.00446003 -0.014203 0.00909621 0.015391 0.00159567 0.0293421 -0.0159978 0.00192723 0.0162739 0.0134353 -0.00873588 -0.0308928 0.00777906 -0.0136923 -0.00993386
internal_weight=182336 153209 96194 29127.6 75319.9 41453.7 57014.9 17829.5 9396.86 33866.2 31982.3 29726.9 27288.1 13027 8432.62 28741.1 5125.08 14261 15193 9471.41 20874 16920.2 24428.8 15005.2 12902.4 10693.8 5793.87 6810.82 1216.15 10476.9
internal_count=803778 665636 429338 138142 329839 185889 236298 78622 40350 143950 145809 122716 113582 54365 38272 122828 21122 59217 68368 40080 99499 69614 103776 67591 57860 44156 25350 29081 5184 43255
is_linear=0
shrinkage=0.05


Tree=19
num_leaves=31
num_cat=0
split_feature=16 19 20 24 20 13 24 20 24 12 19 18 4 19 20 11 18 12 11 11 25 12 11 24 20 24 24 18 11 24
split_gain=20863.1 5609.48 2541.65 2560.21 1447.15 1241.48 1130.59 1013.58 952.156 913.804 729.515 599.197 560.492 529.378 504.936 490.925 485.546 451.817 575.853 401.944 389.307 346.125 399.066 345.567 337.161 310.698 307.217 297.124 294.771 277.004
threshold=0.42647059261798864 0.39705882966518408 3.4155578613281254 2.5000000000000004 69.119430541992202 -13.355424233403735 3.5000000000000004 55.850708007812507 4.5000000000000009 4.3544891640866874 0.073529412969946875 158.11765289306643 54.842139109969146 0.10294117778539659 72.476669311523452 50.50536256878646 185.18225860595706 6.7879256965944288 20.03343528257712 72.489355760012359 25.014834511280064 4.314241486068112 15.502362214384931 4.5000000000000009 1.492424011230469 3.5000000000000004 3.5000000000000004 184.98538208007815 9.9283420878805639 7.5000000000000009
decision_type=2 2 2 8 2 2 8 2 10 2 2 2 2 2 2 2 2 2 2 2 2 2 2 10 2 8 8 2 2 10
left_child=4 6 15 14 10 8 20 13 12 -6 -1 -9 -5 -8 17 16 -3 18 -4 -14 -2 -13 -23 24 -15 -17 -11 -20 -7 -12
right_child=1 2 3 5 9 28 7 11 -10 26 29 21 19 23 -16 25 -18 -19 27 -21 -22 22 -24 -25 -26 -27 -28 -29 -30 -31
leaf_value=-0.059713564669627676 -0.013026580550887266 0.017054457889870516 -0.053862305810547434 0.0207039659494236 -0.038962669555332868 -0.012370544788846622 -0.047466714364995138 -0.021250902897416837 0.028445226098572435 -0.037277152749917788 -0.040320526962887376 0.0021075746517695069 0.0032434089350318255 -7.8550941030226682e-06 -0.02694620952115467 0.019676166347271786 0.035634681992570937 0.012598801035855332 -0.0096034012885662292 0.018797222197757604 -0.031537395333309036 0.00038079220544181853 0.028514048492515653 0.00093314276369554298 -0.021559971365059365 0.042373893060117379 0.0044341276442180968 0.01077017556130231 0.0050619368935855766 0.009616945255031031
leaf_weight=10329.832253322005 5572.9567474573851 14676.688538491726 662.9908792078495 13533.617715135217 4643.9175414443016 2782.1521733999252 1049.3087168335915 1894.9784712344408 13603.511068344116 540.69108743965626 5868.8865385949612 7945.2291663885117 14816.665303483605 2443.0635422617197 2934.2700530737638 2050.29084174335 4625.1572515070438 3146.7918797135353 10337.716918766499 5770.9917659014463 5797.0068239122629 1963.7897702455521 3518.8509880900383 4400.1373720765114 7054.0712684839964 5725.1543100774288 2384.6321244239807 2163.2761881649494 18842.9299236238 291.12446817755699
leaf_count=56733 22669 67903 2677 62214 21308 11709 4704 7795 64707 2416 27011 32751 63076 10166 11846 9173 22735 12967 41851 25358 24060 8158 14684 18413 28748 27936 9947 8820 80363 1322
internal_value=8.04656e-05 0.0067124 0.0123772 0.00827963 -0.0432813 0.0127571 -0.00902413 -0.00397433 0.0172603 -0.0251766 -0.0515897 0.005062 0.0128004 -0.0132379 -0.00785498 0.0257835 0.0215083 -0.00441907 -0.00848777 0.00760405 -0.0224663 0.00877666 0.0184391 -0.0106502 -0.0160164 0.0363921 -0.00328552 -0.00607721 0.00281871 -0.0379593
internal_weight=181371 157312 115672 88594.9 24059.1 69349.9 41639.4 30269.4 47724.8 7569.24 16489.8 15322.8 34121.3 14946.6 19245 27077.3 19301.8 16310.8 13164 20587.7 11370 13427.9 5482.64 13897.3 9497.13 7775.45 2925.32 12501 21625.1 6160.01
internal_count=804220 685483 513335 385588 118737 307427 172148 125419 215355 33671 85066 63388 150648 62031 78161 127747 90638 66315 53348 88434 46729 55593 22842 57327 38914 37109 12363 50671 92072 28333
is_linear=0
shrinkage=0.05


Tree=20
num_leaves=31
num_cat=0
split_feature=18 19 14 22 14 22 4 14 22 21 19 14 21 19 21 0 12 14 12 21 18 14 22 12 4 14 23 12 22 11
split_gain=18989.7 4130.72 3024.11 1927.72 1770.13 1331.14 1287.35 1064.84 1052.9 940.745 828.806 725.722 743.768 692.183 669.343 635.972 484.336 474.679 451.382 372.41 363.636 338.265 376.257 328.684 325.106 317.669 388.975 354.443 316.124 324.795
threshold=161.1470642089844 0.57352942228317272 227.50000000000003 0.055660221750000009 253.50000000000003 0.13537843500000005 47.718493178486831 175.50000000000003 0.066633861500000016 -0.13247221999999995 0.073529412969946875 236.50000000000003 -1.2828898499999999 0.39705882966518408 -0.78959470999999992 1.2219766378402712 7.7910216718266261 175.50000000000003 1.7941176470588238 1.3891004000000002 177.26871490478518 256.50000000000006 -1.3993544999999998 0.61145510835913319 226.47981445491317 217.50000000000003 2.0540985000000007 1.258513931888545 -0.20170999999999997 9.9283420878805639
decision_type=2 2 2 2 2 2 2 2 2 2 2 2 2 2 2 2 2 2 2 2 2 2 2 2 2 2 2 2 2 2
left_child=2 3 10 6 5 7 20 -3 16 25 -1 13 -13 -8 -6 -5 24 -15 -10 -17 -2 22 -14 -23 -4 27 -27 -9 -25 -30
right_child=1 4 8 15 14 -7 11 9 18 -11 -12 12 21 17 -16 19 -18 -19 -20 -21 -22 23 -24 28 -26 26 -28 -29 29 -31
leaf_value=-0.057745512825738303 0.0010962537701902848 0.03131935385282987 -0.015575872350839379 0.015348898548831544 -0.02788555018992708 0.032305341478018522 -0.024795715092599924 -0.02432821775328485 -0.036049856555089355 0.021703305329488297 -0.034637279372682302 -0.051754445119897845 -0.023821822990242037 0.013089721507844685 0.004504360866176867 -0.0017402938283961251 0.012685447730864066 -0.012098607700179351 0.0056316855095653829 0.0286574716719948 0.017542253689778579 -0.073259090292572909 0.011647735525374946 -0.014146298949193002 -0.039693997002463233 -0.0022927916441008592 -0.06029231631197432 0.012397137793030389 -0.071497570483127784 0.019505262974033478
leaf_weight=11365.285930559039 9440.7992604672909 8024.9546134024858 1909.4410962462425 19819.771110996604 1915.5807074904442 16981.145864680409 11142.493106856942 714.52022843062878 759.91161566972733 11303.676572337747 5901.2358990162611 691.80262006819248 834.74466063082218 2224.4604806751013 9506.115998595953 11395.940975993872 623.67333908379078 11727.595420405269 4436.1423317193985 1104.2942045032978 5218.4754602760077 187.56147521734238 7098.5918620377779 3563.3237813562155 5227.1149411350489 7211.9734351187944 300.1522268652916 8039.3032409697771 104.43187415599823 1403.3297115713358
leaf_count=63450 39684 39008 7891 88272 7915 83441 45452 2976 3225 51270 27678 2819 3399 9794 40412 48736 2618 48455 18345 4842 23678 763 29249 14422 23644 29987 1204 34796 425 5815
internal_value=6.33889e-06 0.00729368 -0.0361499 0.000133174 0.0169111 0.0207869 -0.00567913 0.015291 -0.0178895 0.0106245 -0.0498502 -0.0104294 -0.00125695 -0.0155039 -0.000929853 0.00977902 -0.0295517 -0.00808203 -0.000469913 0.000947179 0.00695157 0.00139491 0.0079131 -0.00843823 -0.0332441 0.00292461 -0.00461792 0.00939704 -0.00602677 0.0131589
internal_weight=180178 149955 30222.8 85957.6 63997.4 52575.7 53637.6 35594.6 12956.3 27569.6 17266.5 38978.3 13883.8 25094.5 11421.7 32320 7760.23 13952.1 5196.05 12500.2 14659.3 13192 7933.34 5258.65 7136.56 16265.9 7512.13 8753.82 5071.09 1507.76
internal_count=803665 656814 146851 365805 291009 242682 223955 159241 55723 120233 91128 160593 56892 103701 48327 141850 34153 58249 21570 53578 63362 54073 32648 21425 31535 68963 31191 37772 20662 6240
is_linear=0
shrinkage=0.05


Tree=21
num_leaves=31
num_cat=0
split_feature=16 19 20 22 14 22 14 22 11 17 14 9 19 11 17 11 14 11 5 20 22 11 14 19 17 11 4 14 11 22
split_gain=17719.7 4577.03 2240.24 2619.16 1452.51 1131.88 892.592 756.28 710.755 692.278 662.589 646.38 548.89 507.977 434.902 432.677 430.337 443.917 441.618 373.263 369.141 582.789 575.103 357.538 337.078 334.283 321.104 426.547 354.978 318.696
threshold=0.42647059261798864 0.39705882966518408 0.50757598876953136 -0.13172641999999998 227.50000000000003 -0.22252412499999999 261.50000000000006 -0.033103309549999994 77.059271984725001 159.91176605224612 223.50000000000003 43.500000000000007 0.57352942228317272 15.502362214384931 196.13889312744143 50.50536256878646 256.50000000000006 41.848222688509402 14.500000000000002 99.388145446777358 -0.94543605999999991 26.853949906137249 240.50000000000003 0.10294117778539659 159.91176605224612 57.337247666997996 20.972219301387671 238.50000000000003 91.238301613520932 -0.25361239999999996
decision_type=2 2 2 2 2 2 2 2 2 2 2 2 2 2 2 2 2 2 2 2 2 2 2 2 2 2 2 2 2 2
left_child=4 5 14 8 9 24 12 -6 11 -1 23 16 -5 -8 15 -3 18 -18 20 -12 21 -4 -23 -7 -2 -9 -26 28 -28 -19
right_child=1 2 3 6 7 10 13 25 -10 -11 19 -13 -14 -15 -16 -17 17 29 -20 -21 -22 22 -24 -25 26 -27 27 -29 -30 -31
leaf_value=-0.058324206463889396 -0.041095312764782621 0.014337425374704137 -0.040896392601762685 0.013142324012691843 -0.036099567467145453 -0.044328977841140219 -0.022055377128897109 0.0051190787928718185 0.016460117801716002 -0.037241900125238807 0.015052380256667594 0.010695839906015039 0.02564865500444348 0.008377575510801134 0.033109413828494166 0.034440238773005782 -0.0078088473909405116 -0.04345100136681336 -0.028124346212126235 -0.0046592494276128131 0.0028470891013601192 -0.011070596561773557 0.023404768233838878 -0.006638557035939731 0.0032830869427881576 -0.034700599136461077 -0.025072935743816496 -0.0062225363757920874 0.016691522968201197 0.014696665499563021
leaf_weight=9031.0498940199614 1313.2070175409317 10741.891985282302 1273.4758895039558 16120.354891851544 4197.5351514667273 671.30746452510357 1829.7742596715689 2425.6232536286116 5540.2095881551504 6860.7061532586813 7288.0913940519094 7526.8481743484735 19259.751048222184 5461.1346255093813 9599.6823347806931 3565.4853158146143 4114.1337969899178 1840.4213305860758 1630.0690948665142 3581.2172050327063 17812.054084643722 6263.6212893873453 1498.1768333464861 9830.06385409832 2150.5073522925377 672.3100580573082 10416.724567070603 5757.4352476149797 534.23628078401089 269.72584035992622
leaf_count=53109 5989 49922 5192 72636 19476 3046 7566 10139 23916 33165 30715 32486 92482 23489 48660 17017 16779 7488 6603 14700 75107 25779 6187 40671 8943 3017 42680 23460 2178 1095
internal_value=3.39896e-05 0.00609995 0.011264 0.00766557 -0.0407464 -0.00811395 0.0166682 -0.0222721 -0.000376509 -0.0492256 -9.54089e-05 -0.00258574 0.0199509 0.000737945 0.0248757 0.0193492 -0.00546676 -0.0173755 -0.00286337 0.00855797 -0.00132862 -0.00955999 -0.00441403 -0.00905193 -0.0166085 -0.00353095 -0.0149013 -0.0172419 -0.0230341 -0.0360149
internal_weight=179077 155890 114347 90439.8 23187.2 41542.8 42671 7295.47 47768.7 15891.8 21370.7 42228.5 35380.1 7290.91 23907.1 14307.4 34701.7 6224.28 28477.4 10869.3 26847.3 9035.27 7761.8 10501.4 20172.1 3097.93 18858.9 16708.4 10951 2110.15
internal_count=803692 684786 512404 396805 118906 172382 196173 32632 200632 86274 89132 176716 165118 31055 115599 66939 144230 25362 118868 45415 112265 37158 31966 43717 83250 13156 77261 68318 44858 8583
is_linear=0
shrinkage=0.05


Tree=22
num_leaves=31
num_cat=0
split_feature=16 16 24 16 22 20 18 20 22 20 21 22 20 20 20 11 11 12 12 5 5 11 20 21 12 23 20 12 22 21
split_gain=16351.1 3626.27 1887.67 1672.85 1291.24 1113.76 806.362 689.376 625.174 574.754 513.829 478.259 489.6 459.296 421.673 413.527 370.613 364.426 349.772 346.201 343.526 333.188 323.102 486.182 316.394 283.93 277.904 277.16 273.422 308.231
threshold=0.45588235557079321 0.69117647409439098 2.5000000000000004 0.1911764740943909 0.055660221750000009 79.287681579589858 182.33635711669925 5.3230590820312509 0.030713726750000003 -8.318016052246092 -0.21211291499999999 0.16082139000000004 -3.9687194824218746 63.469665527343757 46.646110534667976 66.618944849196154 20.03343528257712 3.8560371517027869 6.3699690402476792 13.500000000000002 4.5000000000000009 12.778281696572909 72.964897155761733 -0.70725798499999992 7.0015479876161004 0.78081134000000019 -12.666358947753904 7.7910216718266261 -1.21867025 -0.33969499499999994
decision_type=2 2 8 2 2 2 2 2 2 2 2 2 2 2 2 2 2 2 2 2 2 2 2 2 2 2 2 2 2 2
left_child=3 4 7 -1 9 6 11 18 27 -2 24 12 -4 -10 -12 28 -16 -15 26 -18 -8 -13 -9 -24 -11 -6 -3 -5 -14 -30
right_child=1 2 5 8 25 -7 20 22 13 10 14 21 15 17 16 -17 19 -19 -20 -21 -22 -23 23 -25 -26 -27 -28 -29 29 -31
leaf_value=-0.052696118383234382 0.014629777211869317 0.019052800060494649 0.023570487156054115 -0.037873357820473012 -0.0037317221492081235 0.0016461404589620848 0.033027182238362762 -0.0036562422017105871 -0.027367896036117775 -0.02123718816239404 -0.015911398640115284 -0.0036010473852174912 -0.03002747300976193 -0.019369881166170378 -0.029996953585281285 0.018047216005961316 0.0095129336859966027 0.017298623944740483 0.037061768223510032 -0.010886403868631234 0.020403110952600844 0.022743231780583083 -0.041118463716311039 0.0070612740678602237 -0.0024507815909946442 0.0090993583255136647 -0.00081698860431516718 -0.0053148184318239531 -0.0089722544309927266 0.008143848035250369
leaf_weight=10648.044176563621 2236.5561734735966 2924.2914254963398 4962.6220096796751 7664.7674736082554 5918.379717156291 11471.259747996926 10257.298607453704 12760.879820823669 2929.3467332571745 13141.656396463513 6176.46434225142 1298.8329329043627 667.98446245491505 1213.1780320852995 911.56331481039524 4988.9370525181293 6842.1347192078829 1532.2089774161577 1122.2624587267637 2987.0892023742199 11371.172561317682 15764.5108730793 1477.5000566542149 810.33257408440113 2702.3031892776489 15873.746938541532 4416.3632083386183 714.96283185482025 3823.6327808052301 8422.3730751276016
leaf_count=62345 10213 13720 23687 36562 25080 48314 52095 51983 13673 54195 25807 5832 2847 5305 3737 22224 28649 6264 5125 12253 52764 75807 6016 3271 11077 69218 19125 3203 16408 36935
internal_value=3.58516e-06 0.00608571 0.0119832 -0.0377473 -0.00393972 0.0159502 0.0186157 -0.000338923 -0.0264187 -0.00988894 -0.0115632 0.0144033 0.00967547 -0.0136006 -0.00550278 0.00582273 0.00048359 0.00109377 0.0110772 0.00331312 0.0263913 0.0207379 -0.00675927 -0.0240579 -0.0180334 0.00561464 0.00710004 -0.0350964 0.00109912 0.0027993
internal_weight=178033 153330 96540.3 24702.5 56789.9 73028.6 61557.4 23511.6 14054.5 34997.8 32761.2 39928.9 22865.5 5674.73 16917.3 17902.9 10740.8 2745.39 8462.92 9829.22 21628.5 17063.3 15048.7 2287.83 15844 21792.1 7340.65 8379.73 12914 12246
internal_count=803734 676382 436153 127352 240229 336913 288599 99240 65007 145931 135718 183740 102101 25242 70446 78414 44639 11569 37970 40902 104859 81639 61270 9287 65272 94298 32845 39765 56190 53343
is_linear=0
shrinkage=0.05


Tree=23
num_leaves=31
num_cat=0
split_feature=17 19 14 14 4 24 24 24 14 24 18 24 19 14 17 14 24 14 4 24 14 11 13 11 11 24 14 11 11 9
split_gain=14839.4 3417.06 2610.95 1440.68 1425.8 1094.25 814.814 807.333 691.96 568.413 522.069 518.755 516.242 507.381 505.169 421.19 407.67 386.073 373.81 350.314 397.019 314.114 287.533 265.114 254.709 249.799 240.069 236.804 227.181 239.314
threshold=163.60294342041018 0.57352942228317272 229.50000000000003 252.50000000000003 95.450759366154685 2.5000000000000004 3.5000000000000004 2.5000000000000004 232.50000000000003 4.5000000000000009 177.26871490478518 3.5000000000000004 0.27941177785396581 226.50000000000003 159.91176605224612 175.50000000000003 1.5000000000000002 183.50000000000003 10.950230896472933 3.5000000000000004 166.50000000000003 51.88454376086132 -35.741852739220334 9.0522675820548493 21.205184842975978 4.5000000000000009 256.50000000000006 14.008156353618409 89.691619807248813 76.500000000000014
decision_type=2 2 2 2 2 8 8 8 2 8 2 10 2 2 2 2 8 2 2 10 2 2 2 2 2 10 2 2 2 2
left_child=2 4 14 5 7 17 -6 18 12 -4 13 15 -8 19 -1 -7 -5 -3 -2 20 22 -11 -9 -15 -22 -14 -20 -10 29 -17
right_child=1 3 9 16 6 11 8 10 27 21 -12 -13 25 23 -16 28 -18 -19 26 -21 24 -23 -24 -25 -26 -27 -28 -29 -30 -31
leaf_value=-0.055673740519309324 0.015782564593077673 0.018277606509674318 -0.034260519215482864 -0.041023081227594176 -0.019180003833063817 0.032174155748786536 -0.025650420766403947 0.048704414027232662 -0.016565259538080176 -0.0037576373574939891 0.018166661939317985 0.031048729206871246 -0.0097472643355754479 -0.013431374646335304 -0.036314841375218024 0.012075814330255664 0.0013295420331071398 0.00049886215299952189 -0.0070934938312970756 0.009735965113663661 -0.045398009313700992 -0.027066436680170537 0.0035308533547483744 0.018363937028977657 -0.0092642740006394254 0.0057416986305236055 -0.034224542128852925 0.0071035719851608604 0.030736387971415726 0.036890551278005383
leaf_weight=9529.7062839120626 1709.5340393334627 4587.7553777098656 3263.7186788767576 597.23108598589897 10613.214611336589 4654.7549472302198 4006.5977018475533 399.05040538311005 1151.6464064866304 5938.0397001802921 11188.774327367544 12953.511128917336 8428.740616813302 719.79700569808483 5227.411690890789 16410.464019209146 11311.316843777895 9127.4297980964184 9254.7114061266184 6093.7172211259604 524.97926868498325 1909.5991747528315 2950.2404510825872 7277.6725925207138 6721.8447448760271 3765.2008015364408 893.25994272530079 12708.722312599421 2159.9820002168417 1032.0805751085281
leaf_count=58390 7397 21351 15140 2452 43761 24239 16877 1787 4796 24964 52810 66021 35013 3014 27016 75890 48306 37416 38286 26836 2204 8607 12643 31209 28498 16542 3626 53546 10432 4906
internal_value=-4.15167e-05 0.00594411 -0.0350359 0.0148587 -0.000391896 0.0185197 -0.00727052 0.00546946 -0.00306529 -0.0167274 0.00920773 0.0229693 -0.0100817 0.0051468 -0.0488192 0.0186538 -0.00079777 0.00644678 -0.0058409 0.000184645 -0.00530862 -0.00943219 0.00892598 0.0155009 -0.0118878 -0.00496456 -0.0094848 0.0051359 0.0154418 0.0135461
internal_weight=177111 151242 25868.5 62834.5 88407.7 50926 40674.1 47733.6 30060.9 11111.4 35876.1 37210.8 16200.5 24687.3 14757.1 24257.3 11908.5 13715.2 11857.5 16689.8 10596.1 7847.64 3349.29 7997.47 7246.82 12193.9 10148 13860.4 19602.5 17442.5
internal_count=803975 669858 134117 291013 378845 240255 170535 208310 126774 48711 159001 181488 68432 106191 85406 115467 50758 58767 49309 71968 45132 33571 14430 34223 30702 51555 41912 58342 91228 80796
is_linear=0
shrinkage=0.05


Tree=24
num_leaves=31
num_cat=0
split_feature=15 19 20 22 14 22 21 14 12 21 19 14 14 20 24 21 14 12 17 23 21 12 12 14 23 0 14 15 4 22
split_gain=14024.4 3684.15 1530.62 1685.98 1460.82 1242.53 891.286 765.948 694.208 620.633 600.543 577.344 571.345 459.222 454.774 449.999 446.3 397.151 392.603 387.668 368.663 525.739 351.82 382.258 333.611 322.846 318.195 302.749 299.022 298.417
threshold=9.7743926048278826 0.48529411852359777 1.9701385498046877 -0.11682939999999999 217.50000000000003 0.055660221750000009 -0.21211291499999999 260.50000000000006 5.7058823529411775 0.51909596000000013 0.33823530375957495 254.50000000000003 236.50000000000003 -2.9402847290039058 7.5000000000000009 0.31873576500000006 222.50000000000003 7.2461300309597538 160.11765289306643 2.1617061000000004 -0.14242072499999997 2.1965944272445825 2.6068111455108363 261.50000000000006 1.1675285000000002 0.34324872493743902 233.50000000000003 15.478336334228517 111.5264671444893 -0.83829995999999996
decision_type=2 2 2 2 2 2 2 2 2 2 2 2 2 2 8 2 2 2 2 2 2 2 2 2 2 2 2 2 2 2
left_child=1 5 29 6 18 10 19 14 27 20 12 -8 -1 -12 -5 -13 25 -11 -2 -4 -9 -22 -18 -24 -14 -7 -10 -6 -17 -3
right_child=4 2 3 7 8 16 11 9 26 17 13 15 24 -15 -16 28 22 -19 -20 -21 21 -23 23 -25 -26 -27 -28 -29 -30 -31
leaf_value=-0.023940916332477816 -0.05677938659391079 0.014017793016710462 -0.0044474652127647323 0.028118568167966471 -0.019314851058795497 0.007623308051504251 0.013961632109175337 -0.00068220861476574364 -0.026742540064047172 0.025975030805622121 0.012755016988373736 0.015875265769623254 0.0034586316106180941 -0.0073423055904902976 0.014837434409565489 -0.0025280437496757735 -0.0028713138128633295 -0.026045272262842339 -0.037298924843461756 -0.032817268594315996 -0.1075355639137839 -0.020624608166909489 0.024873379563504123 0.0023966191474978867 -0.019244772215525108 -0.0087482750247127108 0.013472582690425228 -0.040845970652140171 -0.034183066821717005 0.02728412268395455
leaf_weight=10567.68680433929 7808.0175773054361 5949.6891807764769 19129.873243659735 10381.157898902893 2876.1610804647207 5223.9697844386101 13918.171012938023 2201.9008641690016 723.77032279968262 2409.2730647027493 3388.9872523993254 1475.7626959532499 4161.9623709321022 17597.572240576148 17014.251742333174 1540.0023041814566 2967.5942285209894 431.94874404370785 3881.1842081695795 1284.108926743269 204.42638149857521 1143.1211034357548 5509.7858535051346 2880.6112581789494 2646.0207046121359 7106.6876135617495 1529.7091334909201 3784.9225590229034 1446.3337832689285 14773.556090250611
leaf_count=44494 49940 28732 79067 52527 12939 22635 62011 9167 3790 10843 14582 6105 17194 71926 80474 6456 12577 1784 20126 5256 827 4747 23832 12048 11094 29906 6373 20319 5883 75890
internal_value=7.16717e-05 0.0052124 0.0114915 0.00806936 -0.0386883 -0.0042293 0.000957608 0.016235 -0.0234389 0.000647737 -0.00978911 0.00894434 -0.0166641 -0.00409646 0.019871 -0.00670521 0.00477448 0.01806 -0.050315 -0.00623354 -0.0132914 -0.0338792 0.0119248 0.0171578 -0.0053669 -0.00181228 0.000550196 -0.0315534 -0.0178654 0.0234762
internal_weight=175958 155354 93303.6 72580.3 20603.8 62050.9 38794.3 33786.1 8914.56 6390.67 38362.2 18380.3 17375.7 20986.6 27395.4 4462.1 23688.6 2841.22 11689.2 20414 3549.45 1347.55 11358 8390.4 6807.98 12330.7 2253.48 6661.08 2986.34 20723.2
internal_count=803544 690057 429769 325147 113487 260288 164778 160369 43421 27368 159290 80455 72782 86508 133001 18444 100998 12627 70066 84323 14741 5574 48457 35880 28288 52541 10163 33258 12339 104622
is_linear=0
shrinkage=0.05


Tree=25
num_leaves=31
num_cat=0
split_feature=15 18 14 8 4 14 12 25 18 14 11 14 4 18 17 12 14 12 11 14 11 6 18 15 4 11 9 11 12 14
split_gain=13012 3158.55 1448.95 1330.28 782.132 643.151 621.053 583.926 558.194 426.435 415.346 413.235 377.961 377.749 361.506 308.499 371.505 303.432 409.128 263.102 258.957 255.72 227.55 214.948 205.406 260.772 192.294 179.564 199.892 170.485
threshold=9.7743926048278826 172.74019622802737 217.50000000000003 1.0000000180025095e-35 126.26765157282354 260.50000000000006 4.314241486068112 27.449288803339009 185.39170837402347 237.50000000000003 68.440097592586525 208.50000000000003 82.781527869403376 185.18225860595706 159.91176605224612 0.86842105263157909 266.50000000000006 2.339009287925697 83.542760797467778 237.50000000000003 16.61007971562238 1.5000000000000002 156.92646789550784 14.68165969848633 40.767312794923789 20.8831020716474 45.500000000000007 81.848965866762242 2.1470588235294121 259.50000000000006
decision_type=2 2 2 2 2 2 2 2 2 2 2 2 2 2 2 2 2 2 2 2 2 2 2 2 2 2 2 2 2 2
left_child=1 4 14 13 7 8 23 21 10 -9 12 27 20 24 -2 16 -7 18 -13 -8 -5 -1 -19 -4 25 -3 -17 28 -6 -23
right_child=2 3 6 5 11 15 19 9 -10 -11 -12 17 -14 -15 -16 26 -18 22 -20 -21 -22 29 -24 -25 -26 -27 -28 -29 -30 -31
leaf_value=-0.0016459334272484194 -0.056467022297214044 0.008310673708640819 -0.020996967674484775 -0.0064333121527202861 -0.044328045192240234 0.022402897876821606 -0.021351573103411542 -0.021331741144313861 0.019959778489900173 0.010761580981595954 0.015600300766081508 -0.020351282095011167 -0.001617653444271526 0.028972699646634428 -0.037954017693129213 -0.004612364797939369 -0.058807156345970481 -0.023558563383231965 0.011246876704591215 0.0061885069090289319 0.011855885551254549 0.0087346418244295398 0.00049842120667968181 -0.041657341611344573 0.0084006559758886077 0.024175243959004254 0.019359856435377503 -0.0058512398458097636 -0.020253274791582732 -0.0055008121126144957
leaf_weight=14602.788739293814 7171.6210125386715 3588.3119157403708 2095.4616869539022 2250.0233187228441 1097.7068799883127 193.60257050395012 1580.9949880987406 4407.8091967254877 9805.5492585152388 1351.9201702773571 9977.728423178196 5763.0623587369919 15678.122951060534 8529.7845562249422 4187.0260482132435 8356.7594214230776 511.27094978094101 1078.5819690078497 1245.149383738637 1918.6995619833469 13816.968382224441 17731.182954743505 10981.829992726445 3166.6555522829294 5743.9906224310398 9325.1810361295938 928.60235486924648 1521.4695073664188 4028.6516712456942 2385.556952252984
leaf_count=61936 47715 17257 9537 9722 4590 868 8131 18774 45925 5617 46329 24126 67841 43717 22388 35134 2127 4549 5252 8046 63598 76791 45877 17446 27086 46100 3987 6417 16997 9969
internal_value=-3.60144e-05 0.00487751 -0.0378622 0.0110452 -0.00338754 0.00697451 -0.022581 0.000944445 0.00922555 -0.0137983 0.00670241 -0.0102061 0.00390534 0.0202556 -0.0496467 -0.00463582 -0.0365016 -0.00646316 -0.0147364 -0.00625533 0.00929442 0.00339048 -0.00165481 -0.0334356 0.016269 0.0197679 -0.00221315 -0.0209399 -0.025416 0.00704633
internal_weight=175022 154902 20120.5 88705.9 66195.7 61518.6 8761.81 40479.3 51528.4 5759.73 41722.8 25716.5 31745.1 27187.3 11358.6 9990.24 704.874 19068.6 7008.21 3499.69 16067 34719.5 12060.4 5262.12 18657.5 12913.5 9285.36 6647.83 5126.36 20116.7
internal_count=803849 690586 113263 409691 280895 275531 43160 173087 233415 24391 187490 107808 141161 134160 70103 42116 2995 79804 29378 16177 73320 148696 50426 26983 90443 63357 39121 28004 21587 86760
is_linear=0
shrinkage=0.05


Tree=26
num_leaves=31
num_cat=0
split_feature=16 19 15 13 21 5 21 8 11 5 12 19 5 21 23 11 12 11 12 17 23 5 12 5 11 21 23 5 5 15
split_gain=12020.8 3059.45 1358.21 1136.72 911.001 776.885 674.319 604.902 487.334 459.774 443.125 397.008 333.448 321.488 360.604 278.71 252.185 242.145 254.175 260.801 195.507 189.154 185.155 182.986 175.859 196.007 228.734 170.841 156.633 156.302
threshold=0.42647059261798864 0.57352942228317272 21.682642936706547 -23.598412770189732 0.0095684877600000027 3.5000000000000004 0.54695698500000012 1.0000000180025095e-35 17.687629925646469 8.5000000000000018 4.3854489164086692 0.33823530375957495 14.500000000000002 -0.21211291499999999 1.6783351500000003 96.005895777764081 2.3668730650154806 8.531781322423706 4.4256965944272446 177.7963790893555 1.6599746000000002 2.5000000000000004 9.1253869969040267 2.5000000000000004 77.785250096994204 -0.62958570999999985 1.3495941000000002 8.5000000000000018 10.500000000000002 31.400850296020511
decision_type=2 2 2 2 2 2 2 2 2 2 2 2 2 2 2 2 2 2 2 2 2 2 2 2 2 2 2 2 2 2
left_child=2 3 10 5 7 -2 11 21 -6 20 -1 16 23 15 27 22 -5 -8 19 -19 -10 -3 -7 -13 28 26 -26 -15 -9 -4
right_child=1 4 29 6 8 13 17 24 9 -11 -12 12 -14 14 -16 -17 -18 18 -20 -21 -22 -23 -24 -25 25 -27 -28 -29 -30 -31
leaf_value=-0.032475189685595311 0.02065503146538045 0.023308833885042887 -0.042292898929601495 -0.025852732218303157 -0.00083329529010101608 -0.0065202428096303644 -0.020955796775248874 0.0038058685596478563 0.024752177301481861 0.011946986513242877 -0.012959054638877707 0.0056060892302048091 -0.022576206552108714 0.0091161058671139269 0.024150100890682397 0.032244792493723771 -0.01123840377610094 -0.008081699239230012 0.017887015061342167 0.0093508969507588337 0.040204411778902993 0.010576632288376983 0.032050927641437126 -0.0055174161712202088 -0.027371268549079442 0.030140894640554784 0.029251872856076611 -0.0013956764506197401 -0.0084999580063021326 -0.055764815073374767
leaf_weight=7165.315100133419 7033.1875880211592 6197.2084858566523 3668.3166300058365 4201.3002882003784 2481.5543434470892 11647.807647392154 883.22381050884724 18249.751159861684 14810.413727432489 7348.2056092023849 4898.9485541135073 4548.0313244909048 2509.4080964028835 7441.9192681610584 2491.3124825805426 509.19900633394718 9932.5112876147032 3840.8010936677456 3335.3543161600828 4858.118991702795 2378.3678296208382 5516.0982404500246 318.69555626809597 19746.514681354165 409.22874815762043 1207.5243166387081 314.54725973308086 8040.7692708075047 3011.7237481325865 5291.3263985812664
leaf_count=36286 32973 31232 22395 18111 11370 49252 3864 80337 74887 33418 23074 20546 10324 33558 11164 2170 41490 16102 14480 21075 12419 26320 1396 83468 1859 5636 1352 34040 12678 37084
internal_value=-5.41737e-05 0.00480933 -0.0355073 -0.00100742 0.0133889 0.0056785 -0.0056608 0.00805295 0.0202819 0.0224174 -0.024552 -0.00880354 -0.00522771 0.0022187 0.00649882 -0.00394778 -0.0155841 0.004299 0.0061541 0.0016539 0.0268925 0.0173143 -0.00549041 -0.00343491 0.00337504 0.017817 -0.0027569 0.00365719 0.00206241 -0.0502544
internal_weight=174287 153263 21023.9 91338.2 61924.6 37482.9 53855.3 34906.1 27018.5 24537 12064.3 40937.8 26804 30449.7 17974 12475.7 14133.8 12917.5 12034.3 8698.92 17188.8 11713.3 11966.5 24294.5 23192.8 1931.3 723.776 15482.7 21261.5 8959.64
internal_count=804360 685521 118839 394013 291508 164553 229460 159414 132094 120724 59360 173939 114338 131580 78762 52818 59601 55521 51657 37177 87306 57552 50648 104014 101862 8847 3211 67598 93015 59479
is_linear=0
shrinkage=0.05


Tree=27
num_leaves=31
num_cat=0
split_feature=19 19 14 20 4 24 24 12 14 19 13 19 24 20 14 11 18 13 5 12 4 23 12 24 23 23 12 11 12 14
split_gain=10895.5 2520.72 2497.29 1212.35 1140.63 985.531 919.312 765.331 678.054 537.228 490.284 487.297 461.092 428.869 405.188 299.718 292.588 289.746 276.319 267.668 262.94 262.815 269.585 251.742 248.364 243.067 248.405 443.389 459.978 243.038
threshold=0.16176471114158633 0.57352942228317272 228.50000000000003 75.866523742675795 55.515505820512779 3.5000000000000004 3.5000000000000004 2.339009287925697 226.50000000000003 0.044117647223174579 -36.530851112569074 0.33823530375957495 7.5000000000000009 3.8894500732421879 180.50000000000003 10.389228504554778 158.11765289306643 -57.573885239995199 23.500000000000004 9.1253869969040267 21.585746940225366 2.4041249500000004 0.32507739938080499 1.5000000000000002 1.2643609500000001 1.6502280500000002 3.4721362229102173 15.502362214384931 6.0541795665634686 243.50000000000003
decision_type=2 2 2 2 2 8 8 2 2 2 2 2 8 2 2 2 2 2 2 2 2 2 2 8 2 2 2 2 2 2
left_child=2 4 9 5 10 14 17 -4 11 -1 20 24 15 -14 -3 -7 -9 -6 21 -19 -2 22 -13 -5 -8 26 -10 -28 -29 -27
right_child=1 3 7 23 6 12 8 16 25 -11 -12 18 13 -15 -16 -17 -18 19 -20 -21 -22 -23 -24 -25 -26 29 27 28 -30 -31
leaf_value=-0.052265857408803476 0.033347909649297722 0.018132788058196129 -0.031941538006657104 -0.035570524255819802 0.015070013627089748 -0.0087124428565268607 -0.022678252011009235 -0.012252296610625338 -0.0019211697857900807 -0.032046125463414718 0.003879926757718942 0.056750384444997706 0.028247443474070752 0.013175943738852114 0.00086772856728519322 0.0314790329998531 0.0073576308018529187 -0.017609504474486021 -0.067379785019852076 0.010238690089253289 0.01296932028748625 0.048306253608620488 -0.0023756117777153042 -0.0011294113717157518 -0.0012804692479956449 0.041719737223202824 -0.010259755399976214 0.0089219811554272482 0.040237247522999064 0.010419139185217842
leaf_weight=8572.1135042756796 2207.8533402830362 4788.8943643271923 3657.4898733198643 561.29327797889709 791.40896514058113 486.41733953356743 5300.6323923319578 4669.9079869240522 8962.1615328490734 5337.6584729701281 19235.656457856297 194.3063478320837 6331.625764966011 18555.269121930003 11697.223884418607 9833.0554180890322 3208.0744254887104 14399.128914788365 156.16313488781452 917.23410731554031 5594.9987870156765 267.33154162764549 14953.621597528458 9405.0597050637007 1822.3630698025227 855.897013053298 2038.0505944490433 4831.7863992601633 1547.8161275535822 2248.6935280114412
leaf_count=59505 10650 23515 17371 2329 3270 2381 22159 20830 37736 28376 84922 853 34160 87766 49188 52545 13514 59637 637 3780 25818 1209 65030 40050 7620 3972 8519 20572 6730 9737
internal_value=-2.34925e-05 0.00517327 -0.0302457 0.0128946 -0.000341859 0.015973 -0.00422323 -0.0130435 -0.000420315 -0.0445097 0.00816856 -0.00637295 0.0206973 0.0170114 0.00588369 0.0295839 -0.00426682 -0.0144167 -0.00141726 -0.0159412 0.0187391 -0.000744706 -0.00161349 -0.00307247 -0.0172047 0.00617452 0.00387198 0.0100394 0.0165248 0.019059
internal_weight=173429 147984 25445.2 61658.8 86325.1 51692.5 59286.6 11535.5 43178.8 13909.8 27038.5 22694.4 35206.4 24886.9 16486.1 10319.5 7877.98 16107.8 15571.4 15316.4 7802.85 15415.3 15147.9 9966.35 7123 20484.4 17379.8 8417.65 6379.6 3104.59
internal_count=804381 664785 139596 291934 372851 249555 251461 51715 184774 87881 121390 97508 176852 121926 72703 54926 34344 66687 67729 63417 36468 67092 65883 42379 29779 87266 73557 35821 27302 13709
is_linear=0
shrinkage=0.05


Tree=28
num_leaves=31
num_cat=0
split_feature=15 22 5 14 13 17 14 14 5 5 9 25 17 14 14 14 24 17 24 22 14 24 5 24 9 22 14 14 22 9
split_gain=10167.5 2444.59 2047.46 1420.32 1203.82 727.638 1023.13 689.382 592.169 435.112 405.409 391.577 391.521 379.089 373.971 649.173 585.744 472.42 354.838 332.761 305.277 346.309 296.641 295.033 281.156 271.953 262.653 261.193 453.45 343.346
threshold=9.7743926048278826 0.055660221750000009 8.5000000000000018 217.50000000000003 -23.024700004538236 191.41642761230472 218.50000000000003 206.50000000000003 9.5000000000000018 15.500000000000002 75.500000000000014 26.694967439770704 159.91176605224612 171.50000000000003 220.50000000000003 259.50000000000006 5.5000000000000009 191.3178634643555 4.5000000000000009 2.1169150000000005 237.50000000000003 6.5000000000000009 11.500000000000002 7.5000000000000009 14.500000000000002 1.5224150000000003 205.50000000000003 256.50000000000006 -0.38673999999999992 7.5000000000000009
decision_type=2 2 2 2 2 2 2 2 2 2 2 2 2 2 2 2 8 2 8 2 2 10 2 10 2 2 2 2 2 2
left_child=1 2 5 12 8 11 13 22 -3 27 24 -1 -2 -7 17 23 -17 19 -5 -6 21 -20 -4 -16 -8 -10 -19 29 -29 -9
right_child=3 4 7 18 14 6 10 9 25 -11 -12 -13 -14 -15 15 16 -18 26 20 -21 -22 -23 -24 -25 -26 -27 -28 28 -30 -31
leaf_value=0.0022330994415655689 -0.054532959590373103 0.024391099248217862 -0.014031237019567539 -0.035316889829335375 -0.010875557376399267 0.028248460045313478 0.0048257993356093914 0.0071132597943053587 0.0057918195999964771 -0.017665845367469488 0.020114703984992561 -0.012250498169603961 -0.034611529725618373 0.012871924943356726 0.022407470371196204 0.023577327693271376 -0.0083624479128172093 0.021250993243693148 -0.032711405336769105 0.037999106623635127 -0.0029699117361808585 0.021730886265471806 -0.032216310537628107 -0.00021678496518300769 -0.012296095663575091 0.048455439916680311 -0.0096477002066688439 -0.025463689830532207 0.0036446775917549096 -0.008393718491354011
leaf_weight=25127.468557238579 6468.2674331516027 20104.148980110884 5097.1295992285013 2477.5042607337236 7466.0062334388494 5954.7464945614338 4131.1385953277349 8888.6178882271051 7205.1499160528183 6206.2346756011248 1899.4023348689079 5729.942694067955 3999.4705532640219 12270.350528091192 8157.0281492769718 1880.984630510211 6048.6909952759743 2669.41290974617 2269.4188927412033 364.33243054151535 3404.6348569095135 334.52231974899769 4007.337329775095 1750.1045457869768 5711.4684712290764 392.9824488312006 925.68752221763134 2885.4340872317553 2493.5128916800022 5963.68583086133
leaf_count=108318 47636 103068 21247 13396 32436 31853 17842 37081 32304 26328 8528 24316 22410 57616 36978 8217 25244 14228 12917 1644 15244 1624 16980 7813 24684 1847 4590 11814 10275 24737
internal_value=-5.51868e-05 0.00421548 -0.000638518 -0.0346021 0.0124268 0.00493263 0.0104819 -0.0101725 0.0198971 -0.00608565 -0.0010282 -0.000456684 -0.0469255 0.0178972 0.00535436 0.00987807 -0.000784051 -0.00170806 -0.0193971 -0.00859694 -0.0128282 -0.0257117 -0.0220381 0.0184113 -0.00510993 0.00800451 0.0132945 -0.00253256 -0.0119718 0.000886555
internal_weight=172285 153331 96366.5 18953.8 56964.5 60824.5 29967.1 35542 27702.3 26437.5 11742 30857.4 10467.7 18225.1 29262.2 17836.8 7929.68 11425.4 8486.08 7830.34 6008.58 2603.94 9104.47 9907.13 9842.61 7598.13 3595.1 20231.3 5378.95 14852.3
internal_count=803215 689988 421619 113227 268369 273157 140523 148462 137219 110235 51054 132634 70046 89469 131150 78252 33461 52898 43181 34080 29785 14541 38227 44791 42526 34151 18818 83907 22089 61818
is_linear=0
shrinkage=0.05


Tree=29
num_leaves=31
num_cat=0
split_feature=16 18 22 16 14 21 5 22 13 22 14 21 14 12 14 14 14 22 21 23 21 23 21 21 22 22 11 5 14 22
split_gain=9192.77 2406.78 1343.33 1221.43 891.055 964.94 775.847 594.042 535.117 519.77 516.6 485.647 433.131 425.803 421.497 373.405 347.748 347.422 387.688 340.319 315.794 315.196 312.621 311.32 294.807 270.366 258.369 247.642 239.974 239.527
threshold=0.42647059261798864 178.38541412353518 0.055660221750000009 0.16176471114158633 211.50000000000003 -0.11925592499999998 10.500000000000002 -0.15288999499999997 -12.197879648718393 -0.55092459999999999 207.50000000000003 -0.071224827349999978 260.50000000000006 4.3544891640866874 173.50000000000003 218.50000000000003 220.50000000000003 -1.0464816999999997 -1.3268715999999998 1.6599746000000002 -1.6777381999999998 0.62443945000000012 -1.5327152499999999 0.25288889000000009 -1.2068874999999999 -0.047694848849999992 72.489355760012359 7.5000000000000009 265.50000000000006 -0.21093407999999997
decision_type=2 2 2 2 2 2 2 2 2 2 2 2 2 2 2 2 2 2 2 2 2 2 2 2 2 2 2 2 2 2
left_child=3 2 6 -1 9 20 11 -5 19 14 -8 17 -7 -9 -3 -15 -10 18 -2 27 -6 -14 -18 -21 -12 -22 -26 -4 -28 -23
right_child=1 4 8 7 5 12 10 13 16 -11 24 -13 21 15 -16 -17 22 -19 -20 23 25 29 -24 -25 26 -27 28 -29 -30 -31
leaf_value=-0.048122516683067627 -0.040694113094652908 0.024950273407208623 0.015024034741956613 -0.033226686402331035 -0.033453328272057131 0.020378601723448738 -0.028361099001623827 -0.023935472511785572 -0.010422555225039416 0.025889645236080186 -0.026700837361301105 0.0055034286726386716 -0.0219825296466577 -0.018019409394400953 0.0033690497095838728 0.017848755701566056 -0.033451844660250848 -0.0019161286375981167 -0.0095635251556027857 0.010516986148241383 -0.0069415970065610363 -0.012220157597505169 0.0078412017605902027 0.037832939418574463 -0.0093613638875795265 0.0081330763945900737 0.011611108514783518 0.0033972193347446091 -0.093704393933007113 0.019424012942302265
leaf_weight=7347.2708427757025 1206.2932804375887 3503.919679954648 8911.5099736154079 6316.3630119860172 799.22572666406631 11330.084358870983 4379.4544244259596 3244.7397493869066 5373.7732145041227 14491.103884205222 1981.3584617823362 16707.803852424026 1074.1404280513525 1279.7426754385233 6383.4421714097261 1673.0600270926952 483.27961312234402 19177.767437070608 5834.5671854913235 1988.8973785936832 7613.3078896254301 857.77956372499466 8568.4769068062305 2194.836789265275 10269.39055557549 4880.0870372653008 2267.647022485733 9422.1765265911818 54.419413402676582 1969.421564668417
leaf_count=54194 5053 18569 43578 34233 3366 54869 18313 16596 23669 76901 8309 73607 4441 6696 28934 6998 2002 81883 24489 9425 31582 3538 36659 10768 42524 22756 9449 41489 232 8825
internal_value=4.5888e-05 0.0042332 -0.000374407 -0.0319406 0.01284 0.00684062 -0.00487871 -0.0224366 0.00717014 0.0198591 -0.0133044 -0.0011585 0.0154313 -0.011436 0.0110188 0.00230268 -0.000348242 -0.00540386 -0.0149021 0.0119865 -0.0030035 0.00106212 0.00563309 0.0248529 -0.00877787 -0.00105305 -0.00595566 0.00904921 0.00910368 0.00982217
internal_weight=171585 151724 98821.7 19861.2 52902.5 28524 61878.7 12513.9 36943 24378.5 18952.3 42926.4 15231.4 6197.54 9887.36 2952.8 14425.5 26218.6 7040.86 22517.4 13292.6 3901.34 9051.76 4183.73 14572.8 12493.4 12591.5 18333.7 2322.07 2827.2
internal_count=803947 685230 431449 118717 253781 129377 263859 64523 167590 124404 78827 185032 71673 30290 47503 13694 62330 111425 29542 105260 57704 16804 38661 20193 60514 54338 52205 85067 9681 12363
is_linear=0
shrinkage=0.05


Tree=30
num_leaves=31
num_cat=0
split_feature=15 19 5 20 21 11 20 11 21 21 17 13 23 11 20 17 5 19 11 20 21 23 23 19 5 20 21 9 23 2
split_gain=8687.75 2554.4 1438.81 1134.47 841.378 663.871 659.844 555.297 535.826 493.919 478.743 446.215 432.798 384.781 390.96 378.639 322.012 314.051 302.847 267.84 260.306 291.359 229.056 219.455 210.945 210.917 318.663 204.866 203.125 230.228
threshold=10.599842071533205 0.39705882966518408 4.5000000000000009 68.123107910156264 0.0095684877600000027 20.8831020716474 64.864372253417983 14.008156353618409 -1.5734585999999997 0.27051234000000007 159.91176605224612 -35.336988318284774 1.6901442000000002 97.424542144990468 6.7537841796875009 157.66176605224612 2.5000000000000004 0.60294118523597728 34.722900977490859 70.059715270996108 -1.3421354499999998 1.8540950500000002 1.4620874500000001 0.22058823704719546 14.500000000000002 7.2383346557617196 -1.3945062499999998 40.500000000000007 1.2767918500000002 0.7719792276620866
decision_type=2 2 2 2 2 2 2 2 2 2 2 2 2 2 2 2 2 2 2 2 2 2 2 2 2 2 2 2 2 2
left_child=1 6 5 10 13 25 11 -6 -8 16 -2 -1 17 14 28 -10 -7 -9 22 -19 21 -16 -5 -13 -22 -3 -27 -17 -4 -30
right_child=3 2 4 18 7 9 8 12 15 -11 -12 23 -14 -15 20 27 -18 19 -20 -21 24 -23 -24 -25 -26 26 -28 -29 29 -31
leaf_value=0.00033417049823318714 -0.05220989152938961 0.011279231084084124 0.018156029380729639 0.0038010577408322519 -0.022323921925703347 0.021888189241557693 -0.040295895371725621 0.0040101932467418635 -0.021866938529596411 0.029073714446726625 -0.030493478282213878 -0.023722955880944696 0.024596748574009772 0.030541929286696273 -0.0029792718903303207 0.0035034486477859396 0.0091674857966712094 0.020546771697581723 -0.026915336952048799 0.0033794439168210949 -0.0015473370389924113 -0.029126422458296899 -0.029902077947961764 -0.011955067018186855 -0.019246713324166553 -0.037797362504505161 0.0016383961756362799 0.029168551948639689 0.03499235561554194 -0.0052810066206955414
leaf_weight=5963.6654579341412 6602.3924182876945 5300.1403798013926 3115.1106016486883 2062.8936433196068 1322.3219332396984 9183.8759279102087 758.45525321364403 16618.91923648119 1448.8723874688148 9045.5205334573984 4131.829123005271 5532.2399314939976 4782.8627479374409 913.18876042962074 2126.8158694952726 15234.951874673367 10859.620142832398 7121.1796705275774 3320.7910902947187 3336.9655351936817 24546.079107791185 2134.3720246851444 666.09670063853264 13969.453353375196 1806.4006808102131 584.03624092042446 4117.5079881846905 818.39669582247734 408.08076632022858 2676.5463968217373
leaf_count=25028 51993 26806 14435 9389 5558 46420 3239 74274 6303 48700 24173 24990 23370 4205 9147 64028 52370 35652 17778 14671 104790 8937 3166 57957 7484 2404 18082 3479 1920 12215
internal_value=5.97927e-05 0.00378914 0.00785277 -0.0340957 0.00360684 0.0155544 -0.00643349 0.00941418 0.000819848 0.0193751 -0.0438544 -0.0116345 0.0107321 -0.00150109 -0.00229675 0.00260379 0.0149969 0.00828225 -0.0167763 0.0150699 -0.00461557 -0.0160798 -0.0044332 -0.0152944 -0.00276127 0.00444158 -0.0032674 0.00481359 0.00915226 5.65718e-05
internal_weight=170510 153726 110000 16784 70908.8 39090.7 43726 33182.2 18260.7 29089 10734.2 25465.4 31859.9 37726.6 36813.4 17502.2 20043.5 27077.1 6049.78 10458.1 30613.7 4261.19 2728.99 19501.7 26352.5 10001.7 4701.54 16053.3 6199.74 3084.63
internal_count=802963 696464 511440 106499 316658 194782 185024 153525 77049 147490 76166 107975 147967 163133 158928 73810 98790 124597 30333 50323 130358 18084 12555 82947 112274 47292 20486 67507 28570 14135
is_linear=0
shrinkage=0.05


Tree=31
num_leaves=31
num_cat=0
split_feature=17 19 14 22 14 22 5 14 22 14 23 19 6 17 14 11 14 22 23 24 14 5 11 11 22 23 23 2 11 11
split_gain=7873.1 2080.22 2028.89 1110.78 934.813 796.182 751.067 621.315 585.665 485.083 568.666 537.959 470.542 463.778 386.23 422.36 382.654 305.061 290.593 266.952 265.722 327.486 265.309 263.221 250.59 255.989 249.865 245.697 241.055 230.341
threshold=163.60294342041018 0.57352942228317272 223.50000000000003 0.055660221750000009 252.50000000000003 0.13537843500000005 2.5000000000000004 176.50000000000003 -0.19567234999999997 235.50000000000003 1.1724898500000003 0.33823530375957495 1.0000000180025095e-35 159.91176605224612 257.50000000000006 44.867967678055223 174.50000000000003 -1.21867025 1.3840513500000002 1.5000000000000002 248.50000000000003 28.500000000000004 20.03343528257712 29.054523943159328 -1.6132802499999999 1.8763792500000001 1.6599746000000002 32.317709341645248 10.389228504554778 40.166163226999004
decision_type=2 2 2 2 2 2 2 2 2 2 2 2 2 2 2 2 2 2 2 8 2 2 2 2 2 2 2 2 2 2
left_child=2 3 13 6 5 7 -2 -3 20 11 22 -8 -5 -1 15 18 -13 23 -12 -6 -4 -22 -11 28 -25 -26 -14 -24 -9 -10
right_child=1 4 8 12 19 -7 9 17 29 10 14 16 26 -15 -16 -17 -18 -19 -20 -21 21 -23 27 24 25 -27 -28 -29 -30 -31
leaf_value=-0.051020405259126315 0.0093394631692969732 0.022649277084549044 -0.036381553292096531 -0.0024833022023102408 -0.034568465901837639 0.023920632239065032 -0.022257819166208347 0.04139411088179995 0.0045454228878246353 -0.012387999334354792 0.0052168267009451005 0.006992839096321442 0.0078440038301886752 -0.029866118136611337 -0.027229106919444437 0.012425520434245144 -0.010292666438113038 0.0085604451324736118 -0.037845248235423561 0.00035355430580695345 -0.018794372689565103 0.051088909378679249 0.017445395157010633 0.020804084958137653 -0.0032792139163198065 -0.05899608026393266 0.020875634320905105 0.00028790934794128232 -0.040939067776394583 -0.01478596334397364
leaf_weight=6779.0672036856413 7657.8238641619682 7584.4931116998196 2696.3808114305139 10043.753319203854 574.33720043301582 15010.239277765155 8185.8129452615976 99.905926272273064 3963.3100813105702 1534.7393019646406 638.46654985845089 3884.8417957276106 17800.98390313983 4203.1479922086 2584.6236143708229 2149.7217181026936 18190.321411818266 22309.146589294076 1012.0504625737667 11203.3482247293 2357.7472213208675 179.51531036198139 4929.6002627313137 973.7784304022789 1540.2111486941576 237.0342930406332 4636.3130674362183 3617.4787062257528 756.55859181284904 2519.825935728848
leaf_count=54207 34600 40800 14777 43731 2415 82382 34986 418 16874 6280 2627 17384 81334 24803 10683 8956 76185 101823 4172 48400 10930 873 20647 4238 6533 974 21800 14887 3146 11973
internal_value=-8.00518e-05 0.00414785 -0.0274881 -0.000804721 0.0112836 0.0143513 -0.00517418 0.0100631 -0.0130142 -0.00755286 -0.000646735 -0.0113107 0.00651134 -0.0429276 -0.0123215 -0.00217806 -0.00725054 0.00637906 -0.0211946 -0.0013522 -0.0254542 -0.0138318 0.00674745 -0.00710949 0.000429619 -0.0107393 0.0105376 0.0101845 -0.0312979 -0.0029693
internal_weight=169855 147156 22699 86866.5 60289.1 48511.4 54385.5 33501.1 11716.8 46727.7 16466.7 30261 32481.1 10982.2 6384.86 3800.24 22075.2 25916.6 1650.52 11777.7 5233.64 2537.26 10081.8 3607.49 2751.02 1777.25 22437.3 8547.08 856.465 6483.14
internal_count=803838 669401 134437 378272 291129 240314 231407 157932 55427 196807 68252 128555 146865 79010 26438 15755 93569 117132 6799 50815 26580 11803 41814 15309 11745 7507 103134 35534 3564 28847
is_linear=0
shrinkage=0.05


Tree=32
num_leaves=31
num_cat=0
split_feature=16 16 14 24 24 4 12 14 17 17 14 12 17 14 23 14 17 20 14 20 20 24 23 12 23 14 12 14 20 13
split_gain=7468.42 2219.51 967.115 958.33 796.419 639.173 569.314 554.768 457.598 345.089 342.677 332.947 332.319 318.263 428.038 282.905 290.917 280.391 266.692 259.401 253.778 253.617 236.528 232.336 243.001 466.921 226.792 340.79 221.612 217.019
threshold=0.36764706671237951 0.75000000000000011 218.50000000000003 2.5000000000000004 2.5000000000000004 100.52732104808094 5.7058823529411775 259.50000000000006 159.91176605224612 159.91176605224612 255.50000000000003 6.7879256965944288 196.47499847412112 227.50000000000003 1.1196350500000003 215.50000000000003 188.15000152587893 -3.9687194824218746 252.50000000000003 -12.033370971679686 -12.666358947753904 7.5000000000000009 1.4116550000000003 3.0789473684210531 0.61457589000000012 264.50000000000006 6.5588235294117654 189.50000000000003 -10.775985717773436 -39.861644593843081
decision_type=2 2 2 8 8 2 2 2 2 2 2 2 2 2 2 2 2 2 2 2 2 10 2 2 2 2 2 2 2 2
left_child=2 3 9 11 10 8 -4 12 -5 -1 26 20 -6 14 17 16 22 -10 -15 -14 -2 -11 -7 -17 25 -25 28 -28 -3 -16
right_child=1 4 6 5 7 15 -8 -9 13 21 -12 -13 19 18 29 23 -18 -19 -20 -21 -22 -23 -24 24 -26 -27 27 -29 -30 -31
leaf_value=-0.051904612632869253 0.0068214072109782772 0.013723138794295564 -0.027265624773214037 -0.037171515362047734 0.012448337999074655 -0.018657934961484501 0.0058797679887236127 -0.0013582163549825327 0.010576562087359121 -0.035119394928474816 -0.0255750723103427 0.0035511629784042396 0.035586193665199398 0.018472410815922588 0.02508044127315754 -0.0057461845642169272 0.010238244548225922 -0.0067127411399173116 0.0046152069966971668 0.018687576747584058 -0.016043383474151747 0.022416358309563508 0.0024154844789778893 0.0045755604489136304 0.0081373373128456796 -0.035519043166035248 0.033195831280336652 -0.0025558846946277906 -0.0031442527803341351 0.0066997166327938014
leaf_weight=5246.1485875397921 1317.9727647006512 2423.9079578667879 4874.6527906730771 610.23751644045115 25672.982202231884 6723.0876753032207 1763.9034113436937 5239.4794042408466 3024.6327860504389 3540.9621811062098 1123.4250533878803 3132.521642357111 2778.1699759811163 7808.2960353791714 2212.3349179923534 12623.16189186275 1385.9136559069157 10424.519110158086 6253.3769968301058 12467.534319713712 15243.634276613593 201.82762870192528 1660.0565784275532 2426.1503494083881 9116.411545291543 1035.1609251797199 1404.8065558224916 1267.2945718467236 9886.3420395553112 5855.6202718913555
leaf_count=45266 6359 12090 27771 3549 124495 28544 8391 22341 14759 21227 4636 13037 17091 36230 11006 54183 6389 46636 26786 65295 64450 1158 7145 10094 39067 4230 6442 5328 41514 27276
internal_value=-1.23759e-05 0.00334819 -0.0329371 -0.00163533 0.0106199 0.00106625 -0.0184591 0.0139601 0.00572443 -0.0436261 0.00104658 -0.0113963 0.0159216 0.00646119 0.00263806 -0.00375434 -0.010977 -0.00282398 0.0123107 0.0217691 -0.0142235 -0.0320117 -0.0144851 -0.000954182 0.00385521 -0.00742217 0.00304434 0.0162453 0.000177809 0.0117424
internal_weight=168745 153117 15627.5 90853.1 62263.9 71159 6638.56 46158.2 36189 8988.94 16105.8 19694.1 40918.7 35578.8 21517.1 34969.9 9769.06 13449.2 14061.7 15245.7 16561.6 3742.79 8383.14 25200.9 12577.7 3461.31 14982.4 2672.1 12310.2 8067.96
internal_count=802785 698972 103813 399740 299232 315894 36162 229222 166242 67651 70010 83846 206881 162693 99677 149652 42078 61395 63016 82386 70809 22385 35689 107574 53391 14324 65374 11770 53604 38282
is_linear=0
shrinkage=0.05


Tree=33
num_leaves=31
num_cat=0
split_feature=15 19 22 14 14 13 22 14 11 12 23 9 23 14 17 14 24 14 12 22 12 23 12 14 24 23 23 17 12 14
split_gain=7046.06 1980.44 1196.16 1320.84 1078.48 720.136 673.57 529.472 466.79 459.283 425.233 425.966 420.978 370.108 322.207 322.154 292.272 322.456 344.566 291.439 581.368 333.442 282.987 281.678 370.996 344.56 277.007 275.352 273.05 321.673
threshold=10.599842071533205 0.39705882966518408 0.055660221750000009 175.50000000000003 215.50000000000003 -23.308858712921751 -0.22252412499999999 228.50000000000003 78.397701685042946 4.314241486068112 1.2403435000000003 76.500000000000014 1.3495941000000002 257.50000000000006 157.66176605224612 185.50000000000003 5.5000000000000009 259.50000000000006 1.1099071207430342 -0.98463689999999982 3.8312693498452015 2.1617061000000004 7.2461300309597538 220.50000000000003 7.5000000000000009 2.4041249500000004 1.2528702 159.91176605224612 7.0015479876161004 185.50000000000003
decision_type=2 2 2 2 2 2 2 2 2 2 2 2 2 2 2 2 8 2 2 2 2 2 2 2 10 2 2 2 2 2
left_child=1 6 3 -3 27 12 -1 26 10 -6 11 -5 15 19 -9 -4 22 23 -19 20 21 -12 -7 25 -25 -18 -8 -2 29 -21
right_child=4 2 5 8 9 16 7 14 -10 -11 13 -13 -14 -15 -16 -17 17 18 -20 28 -22 -23 -24 24 -26 -27 -28 -29 -30 -31
leaf_value=-0.012111441156350756 -0.051312478408822207 0.017437000109488978 0.030635719498001708 0.00029583247078578015 -0.028500492305269992 0.028449637097033093 -0.012381859946454568 -0.018668413135833641 0.012451885941222049 -0.0035001509122240555 0.0038248558687405329 0.026571708521230909 0.030345368055658406 -0.023227127527021017 0.01140242241281051 0.011569945647498808 -0.0026773457981709029 -0.07221606582827908 -0.0050624083923537545 -0.035964756518706474 -0.02484547372116945 -0.052856846366363557 -0.011469388578103763 0.024024137092816922 -0.0083814818216087651 0.037392266760676966 0.0034576647174217388 -0.03235508160886677 0.019304728613454405 0.0022050775970690398
leaf_weight=20973.674312010407 5165.8985812589526 12933.491987034678 2751.4470798671246 29999.812005892396 4417.3766427338123 2404.196463689208 7817.7364474236965 982.34871588647366 6396.5753029435873 3145.0554421916604 4792.2630156576633 1625.0132265537977 6912.4771528840065 3240.2484982162714 9473.8949893116951 11375.853979304433 5738.7513497769833 200.46548373997211 3688.4187067300081 642.33014924824238 3942.4931721240282 273.3115182518959 543.88244929909706 3983.7312185615301 1134.1816490739584 590.82620970904827 4265.8456657677889 3056.6444738656282 1914.0247586965561 3886.1091912984848
leaf_count=89481 45552 66522 15595 131256 26120 11826 32928 4114 29257 15822 19984 7551 38241 13553 40211 58265 28585 815 15508 2846 16655 1112 2514 18942 5239 3086 18379 19099 8329 16578
internal_value=6.25436e-05 0.00335456 0.00695534 0.0030189 -0.0317367 0.0139268 -0.00566274 0.000338143 -0.000269467 -0.0181052 -0.00188694 0.00164679 0.0202343 -0.00786578 0.0085758 0.0152851 0.00666807 0.00389579 -0.00854174 -0.00464294 -0.0104499 0.000756783 0.0210837 0.00812139 0.0168425 0.00106822 -0.00679024 -0.0442701 0.00347689 -0.00321581
internal_weight=168268 152483 108970 69645.7 15785 39324.2 43513.5 22539.8 56712.2 7562.43 50315.6 31624.8 21039.8 18690.8 10456.2 14127.3 18284.5 15336.4 3888.88 15450.5 9008.07 5065.57 2948.08 11447.5 5117.91 6329.58 12083.6 8222.54 6442.46 4528.44
internal_count=803965 697372 512259 313643 106593 198616 185113 95632 247121 41942 217864 138807 112101 79057 44325 73860 86515 72175 16323 65504 37751 21096 14340 55852 24181 31671 51307 64651 27753 19424
is_linear=0
shrinkage=0.05


Tree=34
num_leaves=31
num_cat=0
split_feature=15 19 22 14 14 24 19 14 12 14 22 13 14 14 12 24 12 12 22 4 14 22 24 4 11 12 24 22 14 24
split_gain=6327.91 1990.87 1062.58 872.704 710.493 744.241 647.648 493.453 453.17 402.227 399.218 361.272 600.519 368.097 454.117 349.645 333.391 291.274 273.803 322.783 270.495 261.095 260.358 252.248 248.564 241.571 241.262 244.822 231.749 275.671
threshold=12.646073341369631 0.57352942228317272 0.055660221750000009 218.50000000000003 252.50000000000003 3.5000000000000004 0.33823530375957495 171.50000000000003 4.314241486068112 236.50000000000003 -0.95834308999999984 -27.950289844613138 222.50000000000003 258.50000000000006 5.4272445820433441 5.5000000000000009 7.2461300309597538 1.5773993808049538 1.5679100000000001 51.474384054541595 188.50000000000003 -0.20170999999999997 2.5000000000000004 10.107773780822756 12.778281696572909 1.3421052631578949 7.5000000000000009 2.1169150000000005 237.50000000000003 6.5000000000000009
decision_type=2 2 2 2 2 10 2 2 2 2 2 2 2 2 2 8 2 2 2 2 2 2 8 2 2 2 10 2 2 10
left_child=1 2 6 -2 5 10 9 -8 -5 -1 -3 18 26 14 -14 16 -15 -17 19 -4 -12 25 -11 -9 -23 -6 27 -13 29 -10
right_child=3 4 11 8 21 -7 7 23 28 22 20 12 13 15 -16 17 -18 -19 -20 -21 -22 24 -24 -25 -26 -27 -28 -29 -30 -31
leaf_value=-0.019065746126407906 -0.044583167513837757 0.00031774084204018736 0.022854432708822675 -0.030471488396305063 -0.034462915576353829 0.023885862500369462 0.01050993422152653 0.023457760650477794 -0.028972317939547482 -0.021034889252682258 0.019890728007294012 -0.013162206695181753 0.0047560619420268027 0.031645100161659799 0.029998206058515022 -0.053190966878381221 -0.026412245816014021 -0.0039149765451004532 0.041820667766712574 0.0048273419026813626 0.0090554120936464488 -0.013785926116496048 0.00086336828589538895 -0.0051332087269957867 0.010134895009172584 -0.0047090860910021194 0.0091730003853010399 0.025615102614162506 0.013710409543989027 0.040499148786848529
leaf_weight=11535.829597175121 7442.599336989224 9175.0777909606695 3570.030326128006 3188.2853175997734 819.12628121674061 11592.739708006382 6583.7543017417192 789.07774356007576 913.05129135400057 1769.1988411992788 8317.5002650469542 7867.7492593973875 3903.510153144598 1240.4436481148005 3277.7985612750053 321.82421904802322 307.96468441188335 4225.9967579245567 732.04119981825352 8153.3740402311087 18739.466346412897 1351.7690011560917 5819.6807667613029 32769.575841933489 5507.1180136948824 4058.5453252345324 1769.9355045706034 428.33491156995296 1209.5978197604418 168.3310713544488
leaf_count=51469 62655 41497 18334 19714 3444 65831 30707 3638 5557 7824 44701 35089 17322 5467 14879 1328 1312 17724 3732 37296 88752 5640 24698 137902 24806 16948 8013 2000 5196 773
internal_value=0.0001774 0.00298646 -0.00150429 -0.0334344 0.0101541 0.0128593 -0.0056126 -0.0020048 -0.0182854 -0.0131848 0.00933069 0.0052972 0.00162803 0.00861039 0.01628 -0.000425565 0.0200884 -0.00741289 0.0121731 0.0103185 0.0123869 -0.000869488 -0.00424388 -0.00446026 0.00541919 -0.0097118 -0.00758197 -0.0111573 -0.00132053 -0.0181308
internal_weight=167549 154627 95066.1 12921.9 59561.3 47824.8 59267.1 40142.4 5479.27 19124.7 36232 35799 23343.6 13277.5 7181.31 6096.23 1548.41 4547.82 12455.4 11723.4 27057 11736.6 7588.88 33558.7 6858.89 4877.67 10066 8296.08 2290.98 1081.38
internal_count=804248 710353 418734 93895 291619 240781 256238 172247 31240 83991 174950 162496 103134 58032 32201 25831 6779 19052 59362 55630 133453 50838 32522 141540 30446 20392 45102 37089 11526 6330
is_linear=0
shrinkage=0.05


Tree=35
num_leaves=31
num_cat=0
split_feature=16 16 24 22 16 18 22 22 13 5 5 11 25 5 22 0 23 5 18 5 11 11 22 5 11 23 23 11 18 22
split_gain=5900.6 1890.94 805.551 789.468 684.937 585.715 456.899 412.879 407.218 379.756 275.891 263.289 248.691 242.369 258.674 240.622 227.078 223.842 218.252 201.696 253.082 192.976 184.593 158.38 147.903 148.622 141.217 133.173 131.814 130.016
threshold=0.33823530375957495 0.72058823704719555 2.5000000000000004 0.36488128000000003 0.13235294446349147 185.39170837402347 -1.21867025 -0.14198879499999997 -42.114818479911911 15.500000000000002 2.5000000000000004 12.778281696572909 29.121832543611529 3.5000000000000004 0.37528550500000007 0.90567889809608471 2.4041249500000004 4.5000000000000009 173.1534118652344 4.5000000000000009 68.440097592586525 19.299244392351842 1.0527500000000003 2.5000000000000004 111.65133048040369 0.78081134000000019 1.6783351500000003 50.76485803746403 185.39170837402347 -1.5525849499999997
decision_type=2 2 8 2 2 2 2 2 2 2 2 2 2 2 2 2 2 2 2 2 2 2 2 2 2 2 2 2 2 2
left_child=4 3 10 6 -1 8 18 -6 13 12 -3 -10 17 -4 29 -5 19 27 -2 -13 -21 22 -9 -7 25 -17 -16 -8 -12 -15
right_child=1 2 5 15 7 23 9 21 11 -11 28 16 -14 14 26 24 -18 -19 -20 20 -22 -23 -24 -25 -26 -27 -28 -29 -30 -31
leaf_value=-0.046394500536305616 -0.024543643113897066 0.010410579569839151 0.028223140475794928 0.010971772331488692 -0.034174573846452505 0.031638753147579586 0.0027514806147338842 0.033707999615296275 -0.0066977032395092242 -0.014012959127996197 -0.0058919740176787729 0.012933365977199161 -0.014858834612818957 0.046142293408139634 0.018499486943467616 -0.015544669424542461 0.041050137384887227 -0.0032499525599738936 -0.0063485200437054801 0.0019627158558370595 0.019967916531870633 -0.016009810956113108 -0.03068052460214727 0.017998199035773068 0.025843530941847409 0.0014164194785151851 0.044797990785297684 0.017807264326162194 0.0060001404862409487 0.0048228834681919826
leaf_weight=5100.3652035444975 4424.8088535219431 4517.1437284499407 3192.9334278255701 10404.967581309378 4110.8135688453913 2822.4825635701418 7657.2132572978735 398.57206447422504 3737.1715099364519 8155.502147808671 12389.098231092095 9192.6891861855984 3544.1328886076808 195.68845558166504 2919.4399893581867 1561.8946291953325 491.70312620699406 28026.888294741511 2627.4336511343718 17538.273787349463 2195.0921569913626 3482.4622764065862 153.40859635174274 8678.9390365183353 521.15490832179785 7438.7166535332799 618.72158759832382 1816.5041815638542 2869.0202857851982 5959.3059777021408
leaf_count=46349 19560 21292 18127 48206 26694 16745 34509 1854 16890 35703 51978 47638 16765 934 15833 6746 2641 118659 11313 79581 10087 20446 760 45614 2296 33336 3606 8473 12598 28446
internal_value=-7.97332e-06 0.00275511 0.00826362 -0.00283577 -0.0320257 0.0112555 -0.00586521 -0.0230238 0.00873383 -0.00415897 -0.000442203 0.00580197 -0.00220071 0.0162762 0.0123384 0.00571612 0.00739008 -0.00100404 -0.0177666 0.0068165 0.00396648 -0.0116563 0.0157898 0.0213481 -2.75754e-05 -0.00152827 0.0231097 0.00563987 -0.00365562 0.00614385
internal_weight=166743 153497 77317.7 76179.2 13245.6 57542.4 56252.5 8145.26 46041 49200.2 19775.3 33154.9 41044.7 12886.1 9693.16 19926.7 29417.8 37500.6 7052.24 28926.1 19733.4 4034.44 551.981 11501.4 9521.77 9000.61 3538.16 9473.72 15258.1 6154.99
internal_count=803679 707576 372010 335566 96103 286142 244982 49754 223783 214109 85868 156837 178406 66946 48819 90584 139947 161641 30873 137306 89668 23060 2614 62359 42378 40082 19439 42982 64576 29380
is_linear=0
shrinkage=0.05


Tree=36
num_leaves=31
num_cat=0
split_feature=15 5 21 14 11 14 22 18 13 21 22 22 12 14 22 20 22 14 20 5 12 11 11 17 21 0 11 20 14 22
split_gain=5571.81 1720.45 1250.07 829.093 797.362 649.161 631.906 596.02 583.143 488.415 452.483 400.951 399.397 389.355 377.6 348.446 333.066 414.724 427.413 323.961 287.815 384.585 282.509 281.401 269.934 268.982 268.349 258.8 253.225 244.104
threshold=12.646073341369631 11.500000000000002 0.033785214650000006 218.50000000000003 14.008156353618409 207.50000000000003 -0.91453793499999991 177.36049652099612 -35.336988318284774 -1.3268715999999998 0.45226171500000006 -0.19567234999999997 5.7058823529411775 187.50000000000003 1.0527500000000003 -16.793937683105465 1.2982029000000002 217.50000000000003 -2.4217987060546871 4.5000000000000009 5.5433436532507754 27.620079198385081 87.722411732163422 192.47222137451175 -0.41576999499999995 0.23925665020942691 68.440097592586525 35.119430541992195 185.50000000000003 -0.092493746449999983
decision_type=2 2 2 2 2 2 2 2 2 2 2 2 2 2 2 2 2 2 2 2 2 2 2 2 2 2 2 2 2 2
left_child=1 2 6 -2 -4 14 9 16 10 28 13 26 -5 -8 -3 -10 17 18 -6 -9 21 -19 23 -20 -15 -17 -7 -18 -1 -21
right_child=3 5 4 12 7 11 8 19 15 -11 -12 -13 -14 24 -16 25 27 20 22 29 -22 -23 -24 -25 -26 -27 -28 -29 -30 -31
leaf_value=-0.0057710643419322579 -0.043606843074837899 -0.024704892392883596 -0.010641949255725591 -0.025908467656359648 0.017240561645727497 -0.014286068937010019 0.021451743219417677 0.028004810461132804 0.016103271482211894 -0.0032139636081383741 0.027890589743571472 0.0016102045085612173 0.0046041183584603134 -0.0067743186433354939 0.01272608994637507 0.0030741389276899784 0.053010482818971853 -0.021137376767398269 -0.011257556287482366 0.0080828448668342229 0.033276362148616609 0.014266749979332659 0.014649192403286089 0.016249938173516058 0.013129116808560898 -0.0057901094987677856 0.0035043418677258875 0.011246932435601965 -0.036177944091988191 0.022139128015858822
leaf_weight=1060.479298979044 6998.5146453976631 6267.7878729701042 3696.646046936512 3875.5858726203442 3099.7987979352474 9714.604434505105 3359.8616334199905 7667.2137622088194 3370.9392758607864 14345.782041572034 3614.3798897564411 15736.06272174418 1482.2814629152417 4449.4066780805588 754.28609922528267 19953.998207703233 711.9612327888608 852.341248691082 7304.5842411145568 6351.5419750213623 1693.092660844326 7593.5109540820122 1690.0042361840606 1064.4264331012964 2758.9241601377726 14983.694778762758 2710.7350838780403 774.70107799768448 1933.5555834472179 6014.8697008937597
leaf_count=4856 62488 27842 16948 24044 15204 41743 16478 44690 18697 61889 19757 68306 7242 19721 3384 90238 3744 3618 32605 29239 7841 34015 7968 5458 12976 66220 11699 4011 8061 32130
internal_value=2.44887e-05 0.00262422 0.00551016 -0.032275 0.0116753 -0.00708304 0.00122687 0.0135162 0.00396057 -0.00704835 0.0126215 -0.00369127 -0.0174677 0.00739728 -0.020683 0.000753875 0.00833171 0.00686673 0.00101076 0.0199295 0.014466 0.0106917 -0.00399185 -0.00775745 0.000844308 -0.00072752 -0.0104049 0.0312696 -0.0254134 0.0149209
internal_weight=165886 153529 118346 12356.4 48514.7 35183.5 69831 44818 52491.2 17339.8 14182.6 28161.4 5357.87 10568.2 7022.07 38308.6 24784.4 23297.8 13158.8 20033.6 10138.9 8445.85 10059 8369.01 7208.33 34937.7 12425.3 1486.66 2994.03 12366.4
internal_count=803112 709338 556364 93774 237471 152974 318893 220523 244087 74806 68932 121748 31286 49175 31226 175155 114464 106709 61235 106059 45474 37633 46031 38063 32697 156458 53442 7755 12917 61369
is_linear=0
shrinkage=0.05


Tree=37
num_leaves=31
num_cat=0
split_feature=16 18 22 0 5 14 21 21 14 14 22 11 25 22 21 14 22 22 14 11 25 5 11 11 11 21 9 5 21 14
split_gain=5157.45 1702 842.635 694.763 686.187 622.036 513.867 468.637 393.499 387.335 354.898 321.822 300.074 299.889 334.247 299.476 329.534 269.417 464.138 276.898 267.757 302.093 263.014 262.439 254.12 253.802 251.971 234.275 225.071 225.025
threshold=0.30882354080677038 178.38541412353518 -1.0697576499999999 1.3131805062294009 3.5000000000000004 215.50000000000003 0.48634322000000002 -1.2996536999999997 234.50000000000003 255.50000000000003 0.37528550500000007 21.205184842975978 25.014834511280064 -0.20170999999999997 0.50852495500000006 261.50000000000006 0.30705543000000007 -0.092493746449999983 252.50000000000003 12.778281696572909 39.013249492645272 11.500000000000002 12.319892726561788 77.785250096994204 41.215527243203375 0.27952314500000003 9.5000000000000018 28.500000000000004 -0.21211291499999999 190.50000000000003
decision_type=2 2 2 2 2 2 2 2 2 2 2 2 2 2 2 2 2 2 2 2 2 2 2 2 2 2 2 2 2 2
left_child=5 2 7 10 11 -1 15 -2 20 -10 -4 -3 23 27 -15 16 26 18 -8 -19 21 -5 -12 -9 -17 -24 -6 -11 29 -28
right_child=1 4 3 8 6 -7 17 12 9 13 22 -13 -14 14 -16 24 -18 19 -20 -21 -22 -23 25 -25 -26 -27 28 -29 -30 -31
leaf_value=-0.04315803953986224 -0.037915402564148611 0.0068822788510276471 0.0013057356149864133 -0.0038386275028939269 0.0080667295511522245 -0.019708819225751021 0.016564644768856183 -0.0061607707209080835 0.01041420882459968 -0.023807675292564754 -0.0049469542719259817 0.022897791694222236 -0.019921087699132155 -0.012439239513432877 0.014888228945396778 -0.0034562651024160418 0.015910460368446233 -0.020827894278797915 -0.018185793630847161 0.025455772556578295 -0.047792624157968006 -0.015806249000492986 0.0071963107523544722 0.029485231732343072 -0.035248517729235311 0.021126998586700294 0.0045573975789478215 0.076238744295469021 0.0075761769517249146 -0.014611591300200111
leaf_weight=6266.7203000336885 1656.4620540514588 4346.4447436481714 36286.727248057723 14738.143668860197 7159.702728331089 5158.9016740396619 3264.5721401721239 7101.1592173576355 6683.7213162630796 2243.3368318229914 2408.0313758328557 11279.164755105972 4428.0613910779357 2274.7918208241463 2200.2337723076344 2166.7734793573618 4612.7816477417946 343.45743030309677 1360.5481797605753 5286.1679773777723 432.40534580498934 8210.57002107054 7859.6605321019888 555.84917862713337 884.52938632667065 5599.5382995679975 2186.3162879347801 59.12827180325985 2913.5519270002842 5103.6402497291565
leaf_count=57277 7291 22250 160239 66361 31616 32044 16056 30297 29227 9530 10523 63482 20164 9490 9547 8988 24935 1465 5726 28948 2996 35911 37593 2402 3709 27975 10453 272 14045 21815
internal_value=-0.000164916 0.00224525 -0.00145914 0.000320239 0.00972105 -0.0325729 0.00585761 -0.0129824 -0.00493589 0.00187422 0.00403327 0.0184436 -0.00956206 -0.00654792 0.000997169 0.00199484 0.00403302 0.0152838 0.00634056 0.0226289 -0.00885659 -0.00812089 0.0102704 -0.00356959 -0.0126809 0.0129931 0.000876871 -0.0212065 -0.00416848 -0.00886282
internal_weight=165071 153645 102738 88996.3 50907.7 11425.6 35282 13741.5 36842.3 13461.2 52154 15625.6 12085.1 6777.49 4475.03 25027.3 21976 10254.7 4625.12 5629.63 23381.1 22948.7 15867.2 7657.01 3051.3 13459.2 17363.2 2302.47 10203.5 7289.96
internal_count=802627 713306 459818 399664 253488 89321 167756 60154 163334 58066 236330 85732 52863 28839 19037 115561 102864 52195 21782 30413 105268 102272 76091 32699 12697 65568 77929 9802 46313 32268
is_linear=0
shrinkage=0.05


Tree=38
num_leaves=31
num_cat=0
split_feature=15 4 21 20 22 11 20 22 11 22 11 25 21 11 11 4 4 11 25 4 11 11 20 22 15 23 22 11 1 22
split_gain=4720.24 1267.97 957.196 746.805 676.383 581.803 473.869 521.403 381.194 373.877 357.421 335.019 309.373 389.017 365.644 300.04 293.593 309.025 293.013 278.913 273.572 249.981 228.186 227.396 222.851 204.494 195.425 191.629 183.129 176.445
threshold=12.646073341369631 90.843411613255753 -0.033147301549999994 75.415557861328139 -0.047694848849999992 28.886018813636749 -13.940284729003904 0.38392488500000005 76.554730456576181 -0.020325674699999997 42.732788166210021 26.583925327658658 0.42728510500000005 12.778281696572909 41.215527243203375 29.590154796838764 20.320640832185749 21.205184842975978 39.013249492645272 296.8249719664455 88.744555543150895 31.108582943158904 -8.9246292114257795 1.5224150000000003 5.7940058708190927 1.6502280500000002 -1.21867025 59.43888839127802 18.913088172674183 -1.6132802499999999
decision_type=2 2 2 2 2 2 2 2 2 2 2 2 2 2 2 2 2 2 2 2 2 2 2 2 2 2 2 2 2 2
left_child=1 2 6 18 8 -4 -1 11 19 -5 -9 16 20 -14 -15 -7 17 -8 -2 22 28 -17 -3 24 -16 -23 29 -11 -6 -24
right_child=3 4 5 9 12 15 7 10 -10 27 -12 -13 13 14 23 21 -18 -19 -20 -21 -22 25 26 -25 -26 -27 -28 -29 -30 -31
leaf_value=0.014744515558710623 -0.025627972286320157 0.022572106157834306 0.0026989764761350971 -0.025342348645800053 -0.00011575323006032211 0.026984766143889075 -0.0065304477383093728 0.0042079022104729129 0.0058416190466874084 0.014893030053230795 0.026070644995650219 -0.013822074491896087 -0.025181114541869561 0.02616621402078196 0.0096186244350063097 0.039613904667929994 -0.0028079812798673916 0.018744071254078603 -0.045452327358818892 -0.022591136365381195 0.020190449342465264 0.010556307781791077 -0.0034100088749031664 0.049686122032987695 -0.0083608495001023415 0.026160218012580283 -0.0062618336152857447 -0.034218519982591906 -0.012525039206812067 -0.023474621379496831
leaf_weight=6357.1270789951086 2844.3723478615284 617.80268016457558 10170.125356331468 2024.8628826737404 11418.391627937555 5684.7402514591813 1836.034248277545 5895.7123195305467 4958.6379678472877 1298.2459025532007 2736.7726759314537 5569.1591334864497 783.76685918867588 3023.7418168857694 6074.8824899494648 899.94959992915392 24104.542993307114 3540.1371753364801 5434.8893822133541 3396.7457261681557 1340.8296623528004 15812.600059755147 1609.733719304204 287.14787012338638 2405.0291535183787 2421.0228312015533 24481.339789763093 233.50156489014626 4018.6949097588658 3432.7045017033815
leaf_count=34556 21228 3154 49412 11661 50783 32303 7958 28600 21770 5735 14699 25092 3250 14103 29267 4367 105180 16880 53860 15789 6193 79060 6820 1440 10755 12958 103687 1276 17457 14572
internal_value=4.36684e-06 0.00235958 0.00642722 -0.0304143 -0.00273794 0.0127714 0.0019911 0.000134786 -0.00709702 -0.0112476 0.0111413 -0.00257627 0.00297922 0.0089083 0.0111763 0.0168986 -0.000451441 0.0101129 -0.0386455 -0.00901011 -0.00146473 0.0139007 -0.00747893 0.00600385 0.00451899 0.0126295 -0.00810851 0.00738896 -0.00334683 -0.0170712
internal_weight=164713 152877 85027.9 11835.9 67849.4 34988.4 50039.5 43682.4 38497 3556.61 8632.48 35049.9 29352.5 12574.6 11790.8 24818.3 29480.7 5376.17 8279.26 33538.3 16777.9 19133.6 30141.6 8767.06 8479.91 18233.6 29523.8 1531.75 15437.1 5042.44
internal_count=803865 710105 411065 93760 299040 178100 232965 198409 165792 18672 43299 155110 133248 58815 55565 128688 130018 24838 75088 144022 74433 96385 128233 41462 40022 92018 125079 7011 68240 21392
is_linear=0
shrinkage=0.05


Tree=39
num_leaves=31
num_cat=0
split_feature=15 19 18 20 22 20 20 12 13 13 12 22 20 20 11 22 23 18 19 22 11 23 24 22 11 22 12 24 11 11
split_gain=4373.9 1653.79 827.602 616.459 600.031 569.798 568.876 527.4 384.623 372.471 352.937 317.015 346.317 315.201 295.261 278.253 259.562 241.641 232.003 214.672 211.493 208.09 219.75 264.34 272.249 198.594 187.16 314.437 201.438 199.945
threshold=14.68165969848633 0.39705882966518408 185.39170837402347 69.621322631835952 0.055660221750000009 -1.9687194824218748 61.546920776367195 1.8591331269349849 -12.197879648718393 -27.609807453530582 4.3544891640866874 -1.0697576499999999 102.1791458129883 -16.078605651855465 78.397701685042946 -1.2068874999999999 1.6599746000000002 156.92646789550784 0.073529412969946875 -0.13172641999999998 10.895356289350397 0.52511170500000015 5.5000000000000009 -0.20170999999999997 12.778281696572909 -0.14198879499999997 3.9086687306501551 1.5000000000000002 6.8989440573627379 65.211102425164043
decision_type=2 2 2 2 2 2 2 2 2 2 2 2 2 2 2 2 2 2 2 2 2 2 10 2 2 2 2 10 2 2
left_child=1 6 4 17 5 -3 9 -8 16 -1 -5 -9 -13 -4 15 26 -6 -2 -11 -15 -20 -14 23 -23 -25 -12 27 -7 -28 -29
right_child=3 2 13 10 8 14 7 11 -10 18 25 12 21 19 -16 -17 -18 -19 20 -21 -22 22 -24 24 -26 -27 28 29 -30 -31
leaf_value=-0.0021704701778013325 -0.049472018270116824 0.011230221912360051 0.030477504635022207 -0.029024066001693896 0.010059077349818528 -0.05194676049759242 -0.013704661760747874 -0.018909600663986181 0.00074752401886449217 -0.037930687785358748 -0.019770252756870804 0.011306959346395693 -0.03017698210005737 0.0069694463442695476 0.0091116772608050706 -0.0016899178615968115 0.024349525862298414 -0.030024902711188226 0.0046815980060500532 0.018672067187047489 -0.015263317878726118 -0.014410609520805646 -0.025661702541827841 -0.023580122601815884 0.031327764327547934 0.017857311207518045 0.027580135310961668 0.003513432521527823 -0.02797198303295775 -0.027525447664127831
leaf_weight=8434.8953994587064 3768.161217585206 9821.6245966553688 2777.9556762576103 1944.8886459171772 17748.012488558888 343.30935001373291 5131.4804671555758 1301.990884616971 9969.9425104111433 1032.8067306503654 569.11196427047253 10928.458930596709 735.11503556370735 8739.0617741346359 5294.699562638998 35377.970169082284 3870.6000282615423 2784.7367292195559 1456.5396989285946 7106.528824403882 15146.700743123889 893.29708129167557 669.96984872221947 281.46453477442265 1126.8640747219324 910.0776242762804 175.13124220073223 2960.701932027936 2253.9525665491819 628.05009050667286
leaf_count=36032 41114 51091 17609 12476 93224 1495 22509 5919 46032 6900 3006 47223 3093 40548 24079 152645 22095 23910 6184 38991 66622 3977 2748 1147 4705 3991 712 12247 9423 2616
internal_value=-0.000147333 0.00192856 0.0053643 -0.0322299 0.00334701 0.000277237 -0.00587496 0.000235153 0.00887204 -0.0108125 -0.0150302 0.0047241 0.00682778 0.0149438 -0.00201016 -0.00342117 0.0126186 -0.0412136 -0.0149454 0.0122188 -0.0135134 -0.00637763 -0.000481964 0.00685545 0.0203451 0.00337669 -0.0130479 -0.00630422 -0.0239571 -0.00192469
internal_weight=164184 154207 107068 9976.98 88444 56855.4 47139.6 21068.6 31588.6 26070.9 3424.08 15937.2 14635.2 18623.5 47033.8 41739.1 21618.6 6552.9 17636 15845.6 16603.2 3706.71 2971.6 2301.63 1408.33 1479.19 6361.15 3932.06 2429.08 3588.75
internal_count=804363 719866 512807 84497 415659 254308 207059 91321 161351 115738 19473 68812 62893 97148 203217 179138 115319 65024 79706 79539 72806 15670 12577 9829 5852 6997 26493 16358 10135 14863
is_linear=0
shrinkage=0.05


Tree=40
num_leaves=31
num_cat=0
split_feature=17 20 18 13 22 20 17 20 20 22 22 22 20 20 21 23 13 21 22 21 21 17 2 20 24 21 4 22 22 21
split_gain=4040.04 1365.75 1117.01 688.688 513.384 692.275 499.795 470.082 457.246 411.448 396.288 389.468 326.908 290.481 400.292 300.361 302.57 274.825 271.546 293.717 239.764 232.496 224.705 224.548 214.129 213.615 201.14 216.001 186.411 185.373
threshold=163.60294342041018 68.123107910156264 182.33635711669925 -42.114818479911911 -0.11682939999999999 0.98529052734375011 159.91176605224612 -12.666358947753904 5.3230590820312509 -0.13903441999999996 0.030713726750000003 1.0527500000000003 49.985290527343757 54.358283996582038 -1.1820513499999998 2.4041249500000004 -22.73482267252939 -0.72949796999999983 -1.21867025 -0.15315947999999999 0.27051234000000007 199.7559509277344 3.4817915707826619 72.964897155761733 7.5000000000000009 -1.5327152499999999 24.78078825771809 -1.7667101999999997 1.0095930500000001 0.95533362000000011
decision_type=2 2 2 2 2 2 2 2 2 2 2 2 2 2 2 2 2 2 2 2 2 2 2 2 10 2 2 2 2 2
left_child=1 6 3 8 5 -5 -1 -4 -2 -9 -3 12 26 15 -15 16 -6 28 -7 22 23 -16 -20 -11 -8 -12 -10 -28 -18 -19
right_child=2 10 7 4 13 18 24 9 11 20 25 -13 -14 14 21 -17 17 29 19 -21 -22 -23 -24 -25 -26 -27 27 -29 -30 -31
leaf_value=-0.045553607571725822 0.025107065899637043 -0.017774726207116696 0.025203126390428744 0.006805780578211235 0.0053089406783804098 -0.016936903025074595 -0.024867007553723321 0.0029324252042606954 0.015730349281963811 0.013234060748474934 -0.048044407283544678 0.027253085837935509 0.013537186854815303 -0.012516158577161277 0.011516844494641514 0.028472518342692606 0.01206603750080531 -0.015266175351145231 0.00042922654103775306 -0.00071182065679617045 0.023237855178522671 -0.014730670077718826 -0.013039282774317373 -0.01067422070966129 0.023610025459287164 0.0036387799753944865 0.038384199162715543 -0.0048617406626929429 -0.023291900493168649 0.0051143546620877091
leaf_weight=5191.9599689394236 3425.8273758590221 5957.611843906343 5009.6263808459044 10283.024166584015 7251.9402137547731 6682.3626751452684 3650.7977015227079 14853.375181391835 1515.0299696773291 5764.1738727688789 207.84607894718647 1831.7326264977455 5232.2996081411839 2222.8732451498508 15512.007622942328 807.61950248479843 2238.3233765214682 7277.7909325808287 3945.7887069731951 15025.719623625278 5361.2630980759859 891.37183523178101 14390.857702553272 1182.9552161544561 242.1807895898819 4681.0446133464575 295.74785459041595 10707.949434950948 446.25463058054447 1317.1975307911634
leaf_count=54951 18371 31556 30935 49160 35810 28182 24761 67350 7817 30876 892 10284 23982 9831 69863 4016 10185 33228 16464 64029 30198 4181 60435 5005 1431 20982 1293 49484 2085 6210
internal_value=-5.22915e-06 -0.021098 0.00292513 0.000553193 -0.00145459 -0.00476599 -0.0353982 0.0111309 0.00825757 0.00853469 -0.0091182 0.00530877 0.00304293 0.0029351 0.00739139 -0.00135709 -0.00265856 -0.0077811 -0.00773759 -0.00589454 0.0152945 0.0100897 -0.0101412 0.00916201 -0.021846 0.00143215 -0.00134396 -0.00369603 0.00618204 -0.0121426
internal_weight=163405 19931.4 143473 111302 88293.1 50327.8 9084.94 32171.4 23008.6 27161.8 10846.5 19582.8 17751 37965.4 18626.3 19339.1 18531.5 11279.6 40044.7 33362.4 12308.4 16403.4 18336.6 6947.13 3892.98 4888.89 12518.7 11003.7 2684.58 8594.99
internal_count=803847 134573 669274 504910 393679 218270 81143 164364 111231 133429 53430 92860 82576 175409 83875 91534 87518 51708 169110 140928 66079 74044 76899 35881 26192 21874 58594 50777 12270 39438
is_linear=0
shrinkage=0.05


Tree=41
num_leaves=31
num_cat=0
split_feature=16 19 22 1 16 22 11 5 22 4 12 19 22 5 11 11 23 11 24 4 11 12 22 23 9 9 5 12 11 22
split_gain=3888.91 1483.65 639.339 556.418 400.877 390.507 417.989 305.914 289.116 273.328 268.606 267.809 263.439 245.213 242.656 239.873 220.906 215.862 200.611 220.826 171.485 170.629 181.996 162.302 160.567 197.95 183.06 157.191 250.964 157.04
threshold=0.27941177785396581 0.57352942228317272 -1.0697576499999999 11.67929492890835 0.10294117778539659 0.055660221750000009 12.778281696572909 3.5000000000000004 -0.020325674699999997 127.62172758951785 10.332817337461302 0.10294117778539659 0.45226171500000006 2.5000000000000004 81.848965866762242 47.770250197269327 2.1617061000000004 77.059271984725001 7.5000000000000009 140.86816470324996 78.397701685042946 4.3544891640866874 1.0894472500000003 0.84993806500000002 11.500000000000002 44.500000000000007 10.500000000000002 7.1718266253869976 20.03343528257712 -0.31765721499999994
decision_type=2 2 2 2 2 2 2 2 2 2 2 2 2 2 2 2 2 2 8 2 2 2 2 2 2 2 2 2 2 2
left_child=4 2 9 11 -1 7 -7 10 -6 14 -3 -4 13 15 16 -13 -2 24 -8 -20 -21 -10 23 -23 26 27 -9 28 -26 -5
right_child=1 5 3 29 8 6 18 17 21 -11 -12 12 -14 -15 -16 -17 -18 -19 19 20 -22 22 -24 -25 25 -27 -28 -29 -30 -31
leaf_value=-0.045033754517217202 -0.0056902000401294305 0.014312365784114529 -0.011012133868681079 -0.010732049753563198 -0.033086354223665092 -0.00613328988167637 0.02299263476401461 0.0086898333342859801 -0.024438366044849839 -0.023150968462291085 -0.020780295505064439 0.0057600595453712565 0.0094078650198657094 -0.00043177656878987759 0.039292116043099914 0.031028730348339018 -0.029848721858474554 0.014729312622355415 0.015191675678783554 -0.012364028829839743 0.030436361182504618 -0.014425387910588434 -0.029848928883079457 0.026305302715040231 -0.039496046116027132 0.0089247509605269518 -0.0052058252385467421 0.011873968057719371 -0.0064925968786123103 -0.0030373641753042215
leaf_weight=3330.2335995137691 7298.8398710638285 10183.974838800728 3335.0166882500052 10620.221469692886 3421.8134879842401 2302.7507392317057 7141.987845428288 8730.485508620739 1269.2661504149437 3981.0043020397425 575.27053852379322 5045.112479493022 14165.958459198475 30854.708687275648 269.51347732543945 1153.2357003092766 1086.3544355407357 3166.0940462052822 9147.7074727416039 1332.7936310917139 282.85047234594822 385.96066892892122 359.10309567302465 664.2818456441164 622.09154531359673 2592.2327420711517 3252.4589835852385 1013.4119158983231 7635.7970382422209 17652.450437657535
leaf_count=37627 32056 54426 15743 47443 27198 10865 43705 39473 9629 18159 2503 23388 68117 134009 1185 5985 4901 15220 50468 6090 1488 2491 2395 3917 2624 11802 13646 4463 34437 78636
internal_value=8.24053e-05 0.00199788 -0.00183377 -0.000235497 -0.0310804 0.00830651 0.0139165 0.00530488 -0.0234571 -0.0123095 0.0124343 0.00271472 0.00360871 0.00139142 -0.00732056 0.0104657 -0.00882327 0.00246484 0.0164952 0.0121821 -0.00485678 -0.0111485 0.000829365 0.0113374 0.000835936 -0.00328738 0.0049181 -0.00670246 -0.00898333 -0.00592804
internal_weight=162873 153442 95462.4 82826.7 9430.66 57979.9 20208.1 37771.8 6100.43 12635.7 10759.2 54554 51219 37053.1 8654.71 6198.35 8385.19 27012.6 17905.3 10763.4 1615.64 2678.61 1409.35 1050.24 23846.5 11863.5 11982.9 9271.3 8257.89 28272.7
internal_count=804089 720832 429622 373321 83257 291210 112616 178594 45630 56301 56929 247242 231499 163382 38142 29373 36957 121665 101751 58046 7578 18432 8803 6408 106445 53326 53119 41524 37061 126079
is_linear=0
shrinkage=0.05


Tree=42
num_leaves=31
num_cat=0
split_feature=16 16 22 14 14 22 14 23 11 12 4 18 12 14 13 14 11 20 11 14 14 12 14 4 14 12 23 11 11 14
split_gain=3547.77 1338 636.206 537.707 492.851 556.259 465.335 537.715 444.006 585.904 429.248 372.552 357.675 345.15 314.764 309.524 294.285 280.244 323.107 290.533 271.961 267.435 262.5 252.044 251.301 250.105 230.489 205.561 202.34 201.98
threshold=0.27941177785396581 0.75000000000000011 -0.17849789999999996 215.50000000000003 259.50000000000006 -0.94543605999999991 228.50000000000003 1.2643609500000001 12.778281696572909 5.1625386996904039 174.82670840620997 185.39170837402347 0.65944272445820451 255.50000000000003 -31.662249741205027 270.50000000000006 71.626220415770192 -8.318016052246092 68.440097592586525 256.50000000000006 261.50000000000006 0.32507739938080499 242.50000000000003 65.620665103197112 270.50000000000006 4.3544891640866874 0.6373728500000001 77.785250096994204 68.440097592586525 167.50000000000003
decision_type=2 2 2 2 2 2 2 2 2 2 2 2 2 2 2 2 2 2 2 2 2 2 2 2 2 2 2 2 2 2
left_child=3 2 10 -1 5 27 7 21 20 12 17 -7 24 -11 -9 23 -17 -2 -19 22 -8 -4 -20 -14 -10 -5 -22 29 -26 -3
right_child=1 4 6 25 -6 11 8 14 9 13 -12 -13 15 -15 -16 16 -18 18 19 -21 26 -23 -24 -25 28 -27 -28 -29 -30 -31
leaf_value=-0.041406084087151213 0.0092539988661017401 0.010764542645097266 0.053946257944474219 -0.0278262683625864 -0.0059705555048702287 0.0091023074791272088 0.0044001190417121954 0.021847201269097002 -0.0090312333672297584 0.03453788526031034 -0.015105490413008186 0.020290671372141626 0.020255587633556133 0.0083630639277524899 0.00058714103646877701 0.030843577882680537 -0.070936497113824784 -0.0071740121570802971 0.0050453442319980876 -0.035449396466529517 -0.063535450648362232 -0.00885768095837163 0.038674291346846329 0.00035260514939226508 -0.0047725390183330626 -0.0033426773427547938 -0.015077799678439842 0.022091673769044067 -0.10105950782043115 -0.0067807121308426435
leaf_weight=4968.0373991280794 3808.1953947842121 2069.5097834318876 170.42079294472933 2394.2432959973812 6087.5929879397154 33683.286924913526 1745.2787652164698 2680.6464192643762 576.830955773592 3247.859449416399 10358.500791236758 9550.5074290633202 1922.4339573383331 2058.0885128676891 4963.4369146227837 1660.5690007954836 73.265553176403046 28090.764983773232 4087.9156960770488 381.92425121366978 299.37268030643463 15308.686969056726 675.3755719512701 9194.6482356488705 81.527461364865303 1848.2343313470483 1347.0124443471432 877.6780911386013 164.59001302719116 7894.6163120567799
leaf_count=54231 19153 10897 799 18074 26220 169938 7590 13930 2632 15791 47627 54865 9454 8992 23570 7239 328 121353 17604 1661 1208 70917 3009 41149 341 10861 5536 4089 691 34267
internal_value=-0.000106187 0.00170748 -0.00205463 -0.0302426 0.00751644 0.00903483 0.00216901 -0.00280483 0.00730987 0.0102875 -0.00610821 0.0115743 0.00481441 0.0243886 0.00804456 0.00686149 0.0265043 -0.00359201 -0.00506414 0.00645404 -0.00935122 -0.00816279 0.00982063 0.00379586 -0.0271216 -0.0171633 -0.0239224 -0.00109182 -0.0693124 -0.00313592
internal_weight=162271 153061 92897.3 9210.52 60163.2 54075.6 45494.7 23123.2 22371.5 18979.8 47402.7 43233.8 13673.9 5305.95 7644.08 12850.9 1733.83 37044.2 33236 5145.22 3391.66 15479.1 4763.29 11117.1 822.948 4242.48 1646.39 10841.8 246.117 9964.13
internal_count=804016 720850 420574 83166 300276 274056 210167 109216 100951 86617 210407 224803 61834 24783 37500 58170 7567 162780 143627 22274 14334 71716 20613 50603 3664 28935 6744 49253 1032 45164
is_linear=0
shrinkage=0.05


Tree=43
num_leaves=31
num_cat=0
split_feature=15 16 22 19 5 15 22 11 13 4 9 19 22 11 22 11 5 9 5 24 9 11 22 11 4 11 16 4 11 4
split_gain=3249.12 1383.67 557.445 534.876 331.503 328.08 275.786 293.102 267.26 280.41 246.757 195.419 191.428 253.184 184.615 184.595 182.517 176.751 172.062 170.238 164.848 162.485 151.181 139.381 130.618 129.675 125.512 117.081 114.842 132.773
threshold=18.856004714965824 0.69117647409439098 -0.17849789999999996 0.60294118523597728 15.500000000000002 28.357535362243656 0.055660221750000009 12.778281696572909 -41.654936913147147 20.320640832185749 34.500000000000007 0.13235294446349147 1.5679100000000001 47.991097446288862 -0.020325674699999997 68.440097592586525 4.5000000000000009 9.5000000000000018 2.5000000000000004 2.5000000000000004 76.500000000000014 65.211102425164043 0.37528550500000007 68.440097592586525 134.64440439268949 20.8831020716474 0.57352942228317272 8.4732906371355075 20.325362273898474 25.399999752640728
decision_type=2 2 2 2 2 2 2 2 2 2 2 2 2 2 2 2 2 2 2 8 2 2 2 2 2 2 2 2 2 2
left_child=1 2 4 8 11 14 16 -8 9 -3 12 -1 15 -14 -2 -4 25 -18 -13 27 21 24 -11 -20 28 -5 -17 -10 -21 -30
right_child=5 3 10 6 -6 -7 7 -9 19 22 -12 18 13 -15 -16 26 17 -19 23 20 -22 -23 -24 -25 -26 -27 -28 -29 29 -31
leaf_value=-0.021174695859879231 -0.032867432597646642 0.029239161966977741 0.00034461076224821466 0.0010926861951895685 -0.018619041176557227 -0.044227884578843558 -0.0064512636446465493 0.018665308494117929 0.011351510342086576 0.0021024736555672295 0.013379146003948378 0.0061011133205100022 0.003329622518630674 0.049572125670351047 -0.0086103277310813527 -0.017261248689156208 0.0091820650201167135 -0.0019589420076106881 -0.008429556419092871 -0.0042800402668828758 0.022557349738776586 0.013020342880734295 0.015200532141480995 0.0022114679319561593 -0.0065055831702858129 0.015114426380091823 -0.0030183420679499996 -0.0067881025744890291 0.014989238259343285 0.0023070355962332418
leaf_weight=1992.5285935550928 1780.7681266441941 1469.6524091139436 21713.480772584677 2084.9248959124088 6684.6481007188559 3601.1695451065898 1293.2610398977995 11366.15207054466 978.74683681130409 7512.9937065392733 3358.6744703650475 3103.634399920702 1005.054971344769 418.66606517881155 1402.9346963614225 2803.0623507276177 6817.796851426363 7448.5283417999744 17107.534188106656 5149.3011739999056 965.75724236667156 2793.085841178894 3116.2953164577484 3751.8314202129841 5503.5811394155025 7886.2344914600253 3450.8568952083588 9670.8244586586952 2460.7038920149207 12770.275069758296
leaf_count=11994 15074 8405 97725 10660 34296 43341 6232 67675 4580 34875 16257 14213 4691 2063 10223 13320 30798 33617 72200 23870 4684 12621 17478 16006 23712 42475 15475 40962 13041 59907
internal_value=-2.59689e-05 0.00145963 -0.00406636 0.00550658 -0.00869053 -0.0338891 0.0101179 0.0160991 0.00225888 0.00877551 0.000542449 -0.0061329 -0.000924872 0.0169532 -0.0221843 -0.00183555 0.00699333 0.00336555 -0.00488134 0.0003019 0.00224993 0.00156527 0.00594363 -0.00651561 0.000328719 0.0121829 -0.00940388 -0.00512008 0.00217451 0.00435681
internal_weight=161463 154678 65390 89288.1 32640.2 6784.87 36896.9 12659.4 52391.2 12098.9 32749.8 25955.5 29391.1 1423.72 3183.7 27967.4 24237.5 14266.3 23963 40292.3 29642.7 28676.9 10629.3 20859.4 25883.9 9971.16 6253.92 10649.6 20380.3 15231
internal_count=802470 733832 298240 435592 148709 68638 191457 73907 244135 60758 149531 114413 133274 6754 25297 126520 117550 64415 102419 183377 137835 133151 52353 88206 120530 53135 28795 45542 96818 72948
is_linear=0
shrinkage=0.05


Tree=44
num_leaves=31
num_cat=0
split_feature=15 19 18 20 21 14 14 21 4 22 19 14 21 6 18 22 14 14 14 22 14 20 17 20 22 13 22 21 1 14
split_gain=2992.25 1273.32 689.348 661.997 551.683 418.171 400.73 429.661 374.115 302.38 288.091 283.684 280.431 268.641 256.363 253.291 242.678 240.421 250.442 283.193 273.37 261.982 210.366 197.779 195.491 187.535 186.896 177.696 173.818 180.893
threshold=19.744426727294925 0.33823530375957495 185.39170837402347 58.656867980957038 -0.11925592499999998 215.50000000000003 214.50000000000003 -1.6777381999999998 64.929087564349189 -0.15288999499999997 0.10294117778539659 261.50000000000006 -1.5734585999999997 21.500000000000004 158.11765289306643 1.5679100000000001 155.50000000000003 262.50000000000006 226.50000000000003 -0.78332125999999991 237.50000000000003 -2.9402847290039058 199.7559509277344 -16.078605651855465 1.0894472500000003 -81.437098358380055 0.77527007500000011 -0.21211291499999999 0.12257604673504831 171.50000000000003
decision_type=2 2 2 2 2 2 2 2 2 2 2 2 2 2 2 2 2 2 2 2 2 2 2 2 2 2 2 2 2 2
left_child=1 3 4 10 6 -2 13 -8 16 -9 -1 23 -5 25 -14 -10 24 18 21 20 -20 -18 -11 -4 -6 -3 27 -25 -27 -30
right_child=5 2 11 12 8 -7 7 9 15 22 -12 -13 14 -15 -16 -17 17 -19 19 -21 -22 -23 -24 26 -26 28 -28 -29 29 -31
leaf_value=-0.029508260376267244 -0.044742945559449847 0.027473446181102756 0.027762185702192833 -0.03214283340310127 -0.0053276404544943248 -0.01854016342562597 -0.033031443253574523 -0.0093855376722510354 0.0019799025052857993 0.0045705622821417347 -0.011228690284720615 -0.0037825037441424412 -0.008962335244276665 0.027111207561386765 0.0045732534014960259 0.032843630068671997 0.02129158949243086 -0.0080779111170994674 -0.058661472562298422 0.030208096687628323 0.01322095634599694 0.0058387103118242335 -0.020134233138235452 0.0045368900728542921 -0.079938539302189277 0.0082797800733217103 0.028461339809910464 0.016933236138703261 0.0059176450865552847 -0.0043905282704011939
leaf_weight=2533.7554000467062 3634.5340834036469 695.0547247081995 2648.0676789134741 664.25854786485434 856.31002971529961 2623.8595013692975 1378.9466568827629 12808.417921587825 29499.780486866832 9045.2433959394693 14429.054042346776 2222.2405656278133 4789.1543796136975 1094.9666734188795 12968.820386298001 679.08858561515808 4052.7121918201447 1271.9152945280075 172.59906183183193 3726.089995905757 554.5501783490181 8485.117017917335 951.42655599117279 5972.377660498023 96.847252503037453 6485.676368445158 1663.2520156577229 5603.8023869991302 6203.3691991567612 13551.620106697083
leaf_count=18302 45636 3590 17719 3055 4340 20403 5972 52781 134635 41279 64569 9754 23143 5544 56824 3801 23257 5592 777 19053 2495 45235 4544 28301 465 31394 10790 30536 31229 59777
internal_value=0.000131103 0.00149888 0.00396183 -0.00683396 0.00236001 -0.033762 -0.00122336 -0.005939 0.00614789 -0.00429943 -0.0139607 0.0129486 -0.000271396 0.00284522 0.000922537 0.00267547 0.0116009 0.0128847 0.0144542 0.0246394 -0.00389848 0.010835 0.00221752 0.015289 -0.0129844 0.00185781 0.0127922 0.0105387 0.00117829 -0.00115347
internal_weight=161363 155105 119719 35385 101610 6258.39 52214.7 24184 49395 22805.1 16962.8 18109.7 18422.2 28030.7 17758 30178.9 19216.1 18263 16991.1 4453.24 727.149 12537.8 9996.67 15887.5 953.157 26935.7 13239.4 11576.2 26240.7 19755
internal_count=804792 738753 572860 165893 475760 66039 236110 104576 239650 98604 82871 97100 83022 131534 79967 138436 101214 96409 90817 22325 3272 68492 45823 87346 4805 125990 69627 58837 122400 91006
is_linear=0
shrinkage=0.05


Tree=45
num_leaves=31
num_cat=0
split_feature=15 5 18 20 20 20 0 12 12 17 5 17 5 15 20 20 17 5 12 12 20 20 10 20 20 18 12 25 20 3
split_gain=2798.95 1097.7 682.307 501.625 404.584 348.096 297.655 279.289 249.889 213.764 195.206 190.314 185.422 165.224 162.934 160.407 144.483 135.654 180.227 135.293 157.299 130.323 137.145 106.772 170.505 155.104 149.004 130.88 107.164 102.487
threshold=15.478336334228517 12.500000000000002 182.33635711669925 57.22401428222657 39.483802795410163 -16.078605651855465 1.0564991235733034 1.8591331269349849 5.4272445820433441 213.25555419921878 16.500000000000004 159.91176605224612 17.500000000000004 1.5091391205787661 78.784561157226577 70.985290527343764 157.279411315918 2.5000000000000004 1.6981424148606814 5.7058823529411775 101.22058868408205 75.866523742675795 -19.42661214023828 63.469665527343757 83.16397857666017 169.52228546142581 1.3421052631578949 21.276421880722051 0.50757598876953136 131.09632103145125
decision_type=2 2 2 2 2 2 2 2 2 2 2 2 2 2 2 2 2 2 2 2 2 2 10 2 2 2 2 2 2 2
left_child=1 2 6 16 10 -4 13 12 -5 15 -3 -8 29 -1 -10 17 -2 -7 -19 -9 21 -21 -23 25 27 -13 -26 -25 -27 -6
right_child=3 4 5 8 7 9 11 19 14 -11 -12 23 -14 -15 -16 -17 -18 18 -20 20 -22 22 -24 24 26 28 -28 -29 -30 -31
leaf_value=0.011676306025974619 -0.049138456888495989 -0.012207980702546577 0.023818139857707445 -0.02427363208934704 -0.011590898720402741 0.017727189643693093 -0.032062851326114687 -0.0033725474710522632 -0.018263075512864657 0.023156140636904205 -0.03112177982388218 -0.0091394410284638804 -0.024127687843121498 0.002772993448971299 0.017591296565919151 -0.0024743784562067414 -0.030585976535056472 0.01729571823925663 0.0040632413163137404 0.0022002367458697518 -0.010272310277487628 0.0069460491177384745 0.035152127584683245 0.021861014941337322 -0.019624139538897561 0.0063404645775719639 0.00091259093564148618 0.003933793364262834 -0.0031121561354092919 0.0051061450979463154
leaf_weight=5779.7993083223701 2231.3377288728952 4110.1463660523295 4047.3672482594848 2752.5235972777009 3140.0321787893772 3329.0165753662586 525.37050861120224 12535.85119958967 549.95968943834305 2145.4966949597001 2042.8212519660592 8190.37190566957 2328.5868553817272 52870.190842792392 744.76737087965012 3982.5626517385244 1996.3683010712266 3198.8593849539757 13145.400355376303 1744.8249171450734 1045.875514253974 831.76016008853912 894.70457075536251 1444.2966924905777 1159.4606284052134 4063.619308963418 3696.8822881132364 3446.4389798790216 11429.09515658021 1298.4634137377143
leaf_count=29390 30860 18767 26275 21864 13638 18968 3616 55853 4369 11397 10156 35949 11262 247153 3292 17418 20798 15625 67168 7871 4360 3562 3803 6406 4985 20824 15622 15127 52165 5712
internal_value=-2.41071e-05 0.00151345 0.00361268 -0.0283431 -0.00706275 0.0101865 0.0014937 -0.00410993 -0.0157553 0.00804735 -0.0184915 -0.00223178 -0.0127037 0.00365058 0.00235914 0.00667612 -0.0403871 0.00852853 0.00665397 -0.000699156 0.00671904 0.0118399 0.0215752 -0.00176202 0.00264245 -0.00357477 -0.00399362 0.00923132 -0.000632558 -0.0067062
internal_weight=160702 152427 122454 8274.96 29973.1 29848.7 92605.5 23820.1 4047.25 25801.3 6152.97 33955.5 6767.08 58650 1294.73 23655.8 4227.71 19673.3 16344.3 17053 4517.17 3471.29 1726.46 33430.2 9747.08 23683.1 4856.34 4890.74 15492.7 4438.5
internal_count=804255 723072 588088 81183 134984 156851 431237 106061 29525 130576 28923 154694 30612 276543 7661 119179 51658 101761 82793 75449 19596 15236 7365 151078 42140 108938 20607 21533 72989 19350
is_linear=0
shrinkage=0.05


Tree=46
num_leaves=31
num_cat=0
split_feature=16 19 14 21 24 25 14 14 5 20 17 21 21 14 11 14 11 20 24 20 11 14 25 24 21 14 14 25 14 17
split_gain=2554.25 1008.11 552.485 492.732 490.027 523.076 442.455 436.132 368.181 348.69 336.216 333.251 308.291 273.869 434.176 412.934 363.097 313.08 291.743 405.62 291.699 280.866 259.74 259.295 258.082 239.964 238.361 212.495 203.6 194.373
threshold=0.25000000745058065 0.60294118523597728 252.50000000000003 -0.071224827349999978 2.5000000000000004 25.014834511280064 215.50000000000003 255.50000000000003 13.500000000000002 54.358283996582038 158.54411315917972 -0.78959470999999992 0.95533362000000011 237.50000000000003 14.532123391300257 256.50000000000006 54.480110909097803 12.507575988769533 3.5000000000000004 -6.5469207763671866 38.133061216700106 201.50000000000003 23.92355791628361 6.5000000000000009 -0.70725798499999992 224.50000000000003 209.50000000000003 21.042334142327313 214.50000000000003 193.41730499267581
decision_type=2 2 2 2 8 2 2 2 2 2 2 2 2 2 2 2 2 2 10 2 2 2 2 10 2 2 2 2 2 2
left_child=6 4 3 28 5 7 -1 -2 10 -10 -6 -4 13 16 -15 20 18 -18 19 -12 -16 23 -17 27 -9 26 -20 -19 -3 -30
right_child=1 2 11 -5 8 -7 -8 24 9 -11 12 -13 -14 14 15 22 17 21 25 -21 -22 -23 -24 -25 -26 -27 -28 -29 29 -31
leaf_value=-0.040037221048484076 0.00082071968420362488 0.0096390257135904826 -0.025016986375809486 0.017641401192234774 -0.03033711785707089 -0.016798335319151154 -0.01551573160183182 -0.043615767491785182 -0.01533036208563039 -0.00092558724747377288 0.0061418960851371655 0.00094820601619591792 0.010488272784830298 -0.010782626510146359 0.029786342363176045 -0.0071033448016699337 0.016722828874243322 -0.039927071545485665 0.004502621816693194 -0.012678910053264471 0.0095342356937097167 0.0065959374013149878 0.013184315719390516 0.022584240430156721 0.0038986149907289168 0.028518961729744097 -0.025213734103486304 -0.0089043381547446766 0.010395717051935441 -0.005978746585388329
leaf_weight=3985.5721589699388 14075.231790170074 12366.871378540993 1481.1797721683979 14467.888712368906 773.45009241998196 9283.7852300256491 3419.4536871090531 928.59210640192032 6105.1951406672597 13466.160501465201 3677.4965307042003 7431.8746394515038 10840.471814855933 2976.1375721693039 3200.0550213456154 3866.0547645539045 4166.0640372335911 771.74564637243748 4689.6905178204179 12912.32080822438 4002.7636445611715 5936.1903992816806 2663.8713545948267 466.04628649353981 412.43203385174274 867.3462131023407 787.20696224272251 1935.2125809788704 2714.0750804841518 5449.8748350143433
leaf_count=50642 60555 65293 6356 84841 5478 43599 25437 4001 28037 59569 18806 33088 52633 12623 14868 16483 21307 3374 23305 58021 17915 27856 11236 2317 1702 4483 3920 8704 12191 24925
internal_value=-4.09767e-05 0.0013497 0.00774421 0.0105744 -0.0012311 -0.00742274 -0.0287174 -0.00177596 0.000587371 -0.00541964 0.00240924 -0.00336904 0.00280695 0.00123324 0.00652815 0.0102802 -0.00121022 0.0053705 -0.00501951 -0.00850675 0.0185347 0.00017728 0.00117372 -0.0118293 -0.0290107 0.00409931 0.000227599 -0.0177603 0.00559376 -0.00053451
internal_weight=160120 152715 43911.8 34998.7 108804 24700 7405.03 15416.3 84103.5 19571.4 64532.1 8913.05 63758.7 52918.2 16708.9 13732.7 36209.3 13275.3 22934.1 16589.8 7202.82 9109.19 6529.93 3173 1341.02 6344.24 5476.9 2706.96 20530.8 8163.95
internal_count=803565 727486 226694 187250 500792 109857 76079 66258 390935 87606 303329 39444 297851 245218 73125 60502 172093 63558 108535 76827 32783 42251 27719 14395 5703 31708 27225 12078 102409 37116
is_linear=0
shrinkage=0.05


Tree=47
num_leaves=31
num_cat=0
split_feature=15 19 18 14 21 21 23 5 4 14 18 10 14 19 14 9 14 14 23 17 21 14 13 14 18 5 23 5 14 13
split_gain=2497.11 1072.8 612.385 588.793 450.033 408.635 394.059 374.912 330.611 286.427 283.046 275.253 241.078 219.849 199.029 204.367 189.251 175.419 187.852 183.64 167.96 219.35 219.831 167.075 183.811 165.069 160.571 150.625 178.756 143.534
threshold=21.682642936706547 0.33823530375957495 185.39170837402347 236.50000000000003 -0.21211291499999999 -1.3421354499999998 2.4041249500000004 7.5000000000000009 16.116456873714927 215.50000000000003 158.11765289306643 143.66800482273104 177.50000000000003 0.10294117778539659 260.50000000000006 73.500000000000014 165.50000000000003 189.50000000000003 2.4041249500000004 179.98332977294925 0.95533362000000011 236.50000000000003 -21.308541379499911 261.50000000000006 190.41741943359378 15.500000000000002 1.5588021500000002 13.500000000000002 256.50000000000006 -34.223689303690151
decision_type=2 2 2 2 2 2 2 2 2 2 2 8 2 2 2 2 2 2 2 2 2 2 2 2 2 2 2 2 2 2
left_child=1 3 4 13 8 -5 7 11 29 -2 -7 14 -4 -1 15 16 -6 18 26 27 21 22 -18 24 -14 -9 -10 28 -19 -3
right_child=9 2 12 5 6 10 -8 25 17 -11 -12 -13 23 -15 -16 -17 20 19 -20 -21 -22 -23 -24 -25 -26 -27 -28 -29 -30 -31
leaf_value=-0.022489201877547313 -0.044377896582906445 0.023820116170288678 0.025140312356605455 -0.029495791855623128 0.02105535247123028 -0.00698041685052738 0.040484004850537103 0.0017745517602528453 0.0044838150725747877 -0.01983012059553738 0.0083536976516421814 -0.014962893209866655 0.0082987768097818691 -0.009272925224985535 -0.0034405550395899391 0.03156688764544438 0.0067003747631947819 0.012428554247267156 0.028277037181046155 -0.006985603726496252 0.017297865184604574 0.017700636735282101 -0.009007385458102108 -0.0030534491205486784 0.022281757205775396 -0.011037884474550607 -0.0076837612118078134 -0.013537332274815229 -0.013350200065335691 0.0053630066138321613
leaf_weight=3864.4580511897802 3008.8420358970761 1384.5101934075356 2969.530358672142 1004.6007076874375 3422.0811216160655 4398.7605807632208 781.29052787274122 22241.200470924377 8295.8794623911381 1967.9808602035046 9522.6459652036428 1164.1347362995148 9472.1168835908175 16942.592877179384 2529.3926006704569 1182.830028437078 8667.1412877291441 3464.3780110776424 639.66413395106792 23881.87184843421 4041.6594169214368 3061.3460893332958 2996.7799977511168 2238.2399244308472 3125.9778213649988 2833.1899537444115 4026.7005925476551 1069.0774651020765 833.52534204721451 4397.352462336421
leaf_count=27955 42780 7473 20380 4596 19037 21332 4428 100410 38992 16845 40937 5906 49631 76555 10968 6372 47005 14895 3056 104077 22508 14649 14306 9826 17095 12039 18942 4560 3545 21643
internal_value=0.000179355 0.00130272 0.00358887 -0.00629269 0.00208037 0.00128522 0.00526007 0.00473149 -0.00142586 -0.0346769 0.00350841 0.00881229 0.0121376 -0.0117285 0.00988141 0.0113233 0.0102427 -0.0029618 0.00187992 -0.0051075 0.00827009 0.00579122 0.0026642 0.00953355 0.0117699 0.000326474 0.000507465 0.00324937 0.00742714 0.00978605
internal_weight=159430 154453 118720 35733.1 100914 14926 52921 52139.8 47993 4976.82 13921.4 27065.4 17805.9 20807.1 25901.2 23371.8 22189 42211.1 12962.2 29248.9 18766.9 14725.3 11663.9 14836.3 12598.1 25074.4 12322.6 5366.98 4297.9 5781.86
internal_count=802743 743118 571743 171375 474811 66865 257628 253200 217183 59625 62269 140751 96932 104510 134845 123877 117505 188067 60990 127077 98468 75960 61311 76552 66726 112449 57934 23000 18440 29116
is_linear=0
shrinkage=0.05


Tree=48
num_leaves=31
num_cat=0
split_feature=16 16 11 22 12 14 12 22 14 23 22 22 11 23 14 19 22 14 11 22 12 0 11 14 12 22 14 14 20 11
split_gain=2258.57 934.362 506.168 496.815 474.908 426.71 449.489 374.187 358.312 382.833 715.251 447.75 513.252 365.137 363.332 354.297 334.463 353.096 320.23 319.151 297.382 296.591 279.887 279.362 265.079 264.465 254.821 248.004 244.186 210.356
threshold=0.1911764740943909 0.63235294818878185 75.951033719080073 -0.91453793499999991 3.0789473684210531 260.50000000000006 0.56811145510835925 1.5679100000000001 270.50000000000006 0.57171410500000008 0.22874807000000005 -0.37704915999999994 14.008156353618409 1.1008879500000004 265.50000000000006 0.60294118523597728 -1.2068874999999999 228.50000000000003 26.681275045320444 -0.15288999499999997 8.0216718266253881 4.3276679515838632 32.109559930549601 214.50000000000003 8.0216718266253881 -0.29544110999999995 272.50000000000006 263.50000000000006 -17.53835296630859 26.853949906137249
decision_type=2 2 2 2 2 2 2 2 2 2 2 2 2 2 2 2 2 2 2 2 2 2 2 2 2 2 2 2 2 2
left_child=23 4 3 28 7 15 -7 -2 9 10 22 13 -13 14 -11 20 -6 21 24 25 -5 -18 -8 -1 -19 -10 -4 -26 -3 -30
right_child=1 2 26 5 16 6 8 -9 19 11 -12 12 -14 -15 -16 -17 17 18 -20 -21 -22 -23 -24 -25 27 -27 -28 -29 29 -31
leaf_value=-0.042354817526153776 -0.012213082338353066 0.01314657709248398 0.01265802508188691 0.0011886993780904386 -0.024520538254893084 -0.089539291951375832 0.0018428205576448637 0.049802828302495675 -0.000940597875747122 0.04556444609744302 -0.075296040023024244 -0.023222289002420505 0.01251831299834298 -0.046951727442289176 -0.038708491342272104 0.010397043744978239 0.00022440550365703676 -0.0085175730344347316 0.017489284750436596 0.025596863198752304 0.014052023869690667 -0.016826675831219842 -0.042978429852209898 -0.019021620488931908 0.023104926055932513 -0.083620731549889971 -0.10452809490831977 -0.018978964342021731 -0.016521562905331778 -0.0036506011348044045
leaf_weight=2984.8797490373254 17988.47412776202 1737.4130002781749 14121.557527795434 36475.956116333604 1379.4869780987501 153.25584843754768 1302.1344233751297 245.60141401737928 587.38118773698807 272.02949380874634 551.36134591698647 1311.4840190261602 4279.830221131444 884.13809725642204 239.63069681823254 24049.477655313909 8395.9568062052131 3582.6352431625128 4584.2589289695024 1670.9052809327841 5123.3862608671188 3661.9393906891346 474.44893057644367 2253.941065736115 1614.0296142101288 114.78801135718822 45.55380891263485 446.14500862360001 4054.3816765099764 14618.692167684436
leaf_count=43143 87533 10111 73057 171765 6950 628 5431 1254 2428 1129 2255 5398 19024 3695 992 131203 38685 15461 20662 7288 24437 19579 1955 19401 7004 465 193 1840 17445 63598
internal_value=-3.94722e-05 0.00105915 0.00344077 0.00216243 -0.00531101 0.00399044 -0.00474552 -0.0113751 -0.00362613 -0.00804483 -0.025601 -0.00219271 0.00413244 -0.0275149 0.00609758 0.00556623 -0.000638198 0.000841204 0.00767474 0.0137147 0.00277325 -0.00495491 -0.0101445 -0.0323215 -0.000300344 -0.0145565 0.0122739 0.0139866 -0.00477759 -0.00644594
internal_weight=159205 153966 112068 97900.7 41898.5 77490.2 11841.4 18234.1 11688.1 9315.06 2327.94 6987.11 5591.31 1395.8 511.66 65648.8 23664.5 22285 10227.1 2373.07 41599.3 12057.9 1776.58 5238.82 5642.81 702.169 14167.1 2060.17 20410.5 18673.1
internal_count=804009 741465 542497 469247 198968 378093 50688 88787 50060 39879 9641 30238 24422 5816 2121 327405 110181 103231 44967 10181 196202 58264 7386 62544 24305 2893 73250 8844 91154 81043
is_linear=0
shrinkage=0.05


Tree=49
num_leaves=31
num_cat=0
split_feature=16 19 14 21 13 14 21 4 19 21 14 11 11 14 14 11 5 14 25 14 14 21 11 23 14 23 21 11 21 14
split_gain=2155.61 925.27 436.109 461.78 426.061 525.769 651.392 399.569 378.504 312.659 292.65 363.048 516.73 252.189 249.555 330.125 241.607 228.812 244.658 228.474 215.655 210.435 317.679 203.76 244.117 196.376 223.668 199.95 260.841 231.486
threshold=0.1911764740943909 0.57352942228317272 252.50000000000003 0.0095684877600000027 -24.719330725297556 235.50000000000003 -1.2414231999999996 27.168170973658565 0.27941177785396581 -0.78959470999999992 257.50000000000006 38.133061216700106 14.008156353618409 214.50000000000003 250.50000000000003 9.9283420878805639 17.500000000000004 213.50000000000003 21.276421880722051 259.50000000000006 246.50000000000003 0.29393150000000007 10.389228504554778 1.8540950500000002 235.50000000000003 0.57171410500000008 0.33863845500000006 52.327960417574225 0.62234553500000012 268.50000000000006
decision_type=2 2 2 2 2 2 2 2 2 2 2 2 2 2 2 2 2 2 2 2 2 2 2 2 2 2 2 2 2 2
left_child=13 4 3 17 7 8 -7 -2 -6 19 11 12 14 -1 -8 -16 -13 -3 -19 -4 -14 22 -10 24 -20 26 -12 29 -29 -27
right_child=1 2 9 -5 5 6 10 -9 21 -11 25 16 20 -15 15 -17 -18 18 23 -21 -22 -23 -24 -25 -26 27 -28 28 -30 -31
leaf_value=-0.041706114374375533 0.016051458320347083 0.0081861705332507435 -0.051721764432041864 0.014803857911567991 -0.016199589503203656 -0.024196168360975479 0.010229041640458044 0.00041585611518514466 0.01210435624792645 0.0011393528225910634 -0.0059536019009302941 0.0059991833018176004 0.014550042529913799 -0.019281921834705264 -0.04767267231318062 0.010465022089273624 -0.015387947762206897 0.013348870944710914 -0.0093794890072647647 -0.011241619855164661 0.034975238844249239 0.0032342866174368181 -0.0098889154408570868 -0.033406032289303583 0.0081725034352353992 -0.001478425424604649 -0.038540582440392462 -0.042989317625895772 -1.1522291701204347e-05 0.01790582720179645
leaf_weight=2882.6043038927019 4719.2480376958847 16273.693647041917 459.71005049347878 17268.949608646333 10861.313928991556 2378.7928009852767 1299.2103869765997 30411.83163382858 1828.0548287630081 9578.0540637522936 2065.088094457984 4047.5936029553413 2718.3171215057373 2223.7380424886942 574.27333089709282 423.72100704908371 1958.7141560316086 2340.5843658596277 5296.9511877149343 1435.6680942326784 2466.7832227051258 5920.5699017643929 16057.535749137402 580.86538314819336 3163.1966991424561 5010.6366384625435 706.01895029842854 548.53395533561707 987.36885730177164 2222.5905861258507
leaf_count=43168 24664 86024 1993 101947 61004 10545 5622 138400 8337 42589 8677 17312 12424 19402 2445 1814 10214 10581 24603 6161 11018 26885 70202 2420 14422 21678 2941 2426 4418 9471
internal_value=9.81464e-06 0.00107235 0.00616701 0.00838897 -0.00188352 -0.00437377 0.000801518 0.00251662 -0.00846518 -0.00253305 0.00317822 0.00817885 0.0155275 -0.0319464 -0.00421207 -0.0230032 -0.000976764 0.00438289 -0.00105538 -0.0210819 0.0242721 -0.00493591 -0.00764047 -0.00478549 -0.00281672 -0.00266689 -0.014267 0.00100003 -0.0153786 0.00447952
internal_weight=158710 153604 56397.7 44924.2 97206.2 62075.1 27407.6 35131.1 34667.5 11473.4 25028.8 13488.6 7482.31 5106.34 2297.2 997.994 6006.31 27655.3 11381.6 1895.38 5185.1 23806.2 17885.6 9041.01 8460.15 11540.2 2771.11 8769.13 1535.9 7233.23
internal_count=803807 741237 290740 239997 450497 287433 121005 163064 166428 50743 110460 60849 33323 62570 9881 4259 27526 138050 52026 8154 23442 105424 78539 41445 39025 49611 11618 37993 6844 31149
is_linear=0
shrinkage=0.05


Tree=50
num_leaves=31
num_cat=0
split_feature=15 16 21 22 14 25 23 11 5 22 14 21 19 14 5 4 11 14 13 14 22 25 21 12 12 11 11 16 11 12
split_gain=2007.25 878.015 574.956 432.761 394.184 340.517 325.195 333.072 320.85 300.716 297.072 406.606 393.552 276.398 275.128 265.326 314.132 257.007 256.988 244.951 286.369 229.188 224.71 213.89 195.925 420.354 193.289 188.173 180.611 262.604
threshold=21.682642936706547 0.69117647409439098 -0.11925592499999998 0.36488128000000003 255.50000000000003 22.490291622281077 2.4041249500000004 20.03343528257712 5.5000000000000009 0.45747834000000004 235.50000000000003 -1.3421354499999998 0.22058823704719546 217.50000000000003 1.5000000000000002 170.40276078879836 20.03343528257712 171.50000000000003 -36.138513235554051 184.50000000000003 1.0095930500000001 22.142363941669469 -0.71756502999999994 3.0789473684210531 7.2461300309597538 14.532123391300257 54.128781830597873 0.83823528885841381 111.65133048040369 1.2368421052631582
decision_type=2 2 2 2 2 2 2 2 2 2 2 2 2 2 2 2 2 2 2 2 2 2 2 2 2 2 2 2 2 2
left_child=1 3 4 10 9 22 7 -4 -9 14 12 -12 -1 -2 -3 16 -13 26 -11 20 -20 -16 -6 -18 -17 -26 -14 -23 29 -5
right_child=13 2 6 28 5 -7 -8 8 -10 18 11 15 17 -15 21 24 23 -19 19 -21 -22 27 -24 -25 25 -27 -28 -29 -30 -31
leaf_value=-0.019649674948578159 -0.042281803214295532 0.011360053617334593 -0.0043694311431336638 -0.021429577264594588 -0.042146376870464082 -0.0016472392083343717 0.043474440891349581 0.01548775829307231 0.0057768349641292259 0.026268898040989887 -0.031836948993676867 -0.010776712411862156 0.00089533335449531548 -0.016989279190641492 0.0045103676372365582 -0.0090223663447415413 0.0033913020490710013 -0.0086469796694591868 0.0099237765627001144 0.016854699151426632 -0.02758712302199548 -0.0076530553326565097 -0.010672699543435402 0.019443500229825821 -0.0091173754330770365 0.064786834501015675 0.032044667048719583 0.0033198375416210869 0.03058696549087947 0.0039556161931949873
leaf_weight=6877.7929708659649 2842.6634921878576 4775.0201570615172 4868.3686841204762 1087.9966461285949 1183.0101560354233 3133.9932557046413 651.75052167475224 13958.915470317006 21776.864968754351 2119.1033764183521 1035.150113992393 2355.0045310854912 3659.3452151268721 1745.1200470775366 10256.785368584096 7459.082838691771 5183.1673675328493 16799.170725807548 1097.6757740303874 2100.1390367671847 946.81780001521111 14491.157446466386 1090.1739837229252 3460.442946344614 559.42922432720661 292.1083712130785 575.49055210500956 5348.6183756366372 583.63777093589306 15801.005943283439
leaf_count=42492 44496 24953 23186 5166 5092 13409 4050 83396 105467 13189 4884 9855 17096 14931 45498 34959 22265 71928 6001 11098 5137 64803 4603 15141 2389 1235 2621 25994 2800 74805
internal_value=-8.10561e-05 0.000892893 0.00416449 -0.0034772 0.000355012 -0.0123353 0.00846202 0.00789896 0.00957039 0.0020234 -0.00591846 -0.00132324 -0.00926765 -0.0326667 0.000211421 0.000314133 0.0054087 -0.00587212 0.0121094 0.00486524 -0.00745275 -0.0015577 -0.0270636 0.00981926 -0.00642807 0.0162807 0.00513492 -0.00469485 0.00326505 0.00231912
internal_weight=158115 153527 87798.4 65728.8 46542.5 5407.18 41255.9 40604.1 35735.8 41135.3 48256.2 20344.4 27911.8 4587.78 34871.6 19309.2 10998.6 21034 6263.74 4144.63 2044.49 30096.6 2273.18 8643.61 8310.62 851.538 4234.84 19839.8 17472.6 16889
internal_count=802939 743512 435876 307636 219777 23104 216099 212049 188863 196673 224865 90728 134137 59427 161248 85844 47261 91645 35425 22236 11138 136295 9695 37406 38583 3624 19717 90797 82771 79971
is_linear=0
shrinkage=0.05


Tree=51
num_leaves=31
num_cat=0
split_feature=16 19 21 22 12 5 11 11 5 17 22 22 22 22 22 11 12 21 4 22 4 21 22 11 11 12 12 5 21 21
split_gain=1766.68 839.027 474.582 463.708 455.715 414.246 446.436 322.35 286.076 267.144 257.604 247.692 228.285 211.64 417.365 201.554 516.82 259.564 194.539 187.207 172.497 163.666 156.31 147.28 144.846 187.668 144.48 142.799 132.877 131.692
threshold=0.16176471114158633 0.42647059261798864 1.1001508500000001 -1.0697576499999999 4.3854489164086692 4.5000000000000009 20.8831020716474 80.377632546720136 15.500000000000002 157.66176605224612 1.5679100000000001 -0.89578321499999991 -0.99851524999999997 0.066633861500000016 0.04601305725000001 26.484862307103892 7.0015479876161004 -1.3268715999999998 19.644801504909996 -1.0965549999999997 243.7102416083217 -1.2996536999999997 1.5679100000000001 20.631915132800589 56.971342052018777 1.7647058823529413 5.6671826625387007 6.5000000000000009 1.5015317500000001 -1.0274821499999998
decision_type=2 2 2 2 2 2 2 2 2 2 2 2 2 2 2 2 2 2 2 2 2 2 2 2 2 2 2 2 2 2
left_child=23 3 5 20 9 6 -3 8 11 -5 -11 15 29 14 19 16 -7 24 -14 -4 21 -2 -13 -1 25 -17 -9 -21 -6 -8
right_child=1 2 13 4 28 7 12 26 -10 10 -12 22 18 -15 -16 17 -18 -19 -20 27 -22 -23 -24 -25 -26 -27 -28 -29 -30 -31
leaf_value=-0.0025936990422849616 -0.036281256827295987 -0.0028465743921894642 0.040510650814117956 -0.021596123878606877 0.0029007479011874688 -0.039929315088905813 -0.015327909787231558 0.011147818210015127 -0.020961753990901291 -0.0055674906302029701 0.036074215255153523 0.00062401605358191985 0.020064520457937558 0.02167992206235194 -0.098496915159764609 0.039585041778096401 0.021705796833829935 -0.0012851537637273498 0.0093053371866789539 0.015741892416105567 -0.032889089111671092 -0.0094858895346862423 0.021940743811531244 -0.036211562563813797 -0.04861171107071504 -0.023288917503229128 -0.030247167216845623 -0.0024789082426017457 0.034064636438150137 0.0050090914389416714
leaf_weight=358.52433187142015 643.9345440864563 8612.6191579774022 423.22250480204821 2660.9987947940826 18732.043106965721 1242.9556891322136 1038.7375691086054 6785.9290741309524 1833.9628556221724 25461.032848563045 375.90691414475441 36502.821696385741 6256.2036335021257 4665.0044023022056 91.380789592862129 139.67216019332409 467.36162455379963 8530.8886221051216 12799.421811513603 1951.8168030902743 1290.6164458245039 4911.7384402453899 879.72537489980459 3585.4581678323448 435.81911073625088 760.14374002814293 216.6086377799511 2392.4436669200659 347.42216085642576 3395.0319697409868
leaf_count=4075 3118 43063 2277 17244 85605 5229 4913 34174 7747 115965 1802 168789 37874 27464 475 581 1938 36071 71924 11046 8101 22918 5153 50374 1982 3206 1010 10914 1613 16932
internal_value=-0.000117911 0.000729289 0.0034612 -0.00426137 -0.00251045 0.00233673 0.00689078 -0.000192831 -0.00157936 -0.00651434 -0.00496026 -0.000852902 0.010461 0.014074 0.00676855 -0.00724325 -0.0230841 -0.00449525 0.0128386 0.00880646 -0.0164271 -0.0125976 0.00112624 -0.033157 -0.0249823 -0.0134963 0.00986322 0.00570919 0.00346997 0.000242184
internal_weight=157789 153845 99421.8 54423.7 47577.4 89897.9 32102 57795.9 50793.4 28497.9 25836.9 48959.4 23489.4 9523.87 4858.86 11576.8 1710.32 9866.52 19055.6 4767.48 6846.29 5555.67 37382.5 3943.98 1335.64 899.816 7002.54 4344.26 19079.5 4433.77
internal_count=803577 749128 492762 256366 222229 440586 174706 265880 230696 135011 117767 222949 131643 52176 24712 49007 7167 41840 109798 24237 34137 26036 173942 54449 5769 3787 35184 21960 87218 21845
is_linear=0
shrinkage=0.05


Tree=52
num_leaves=31
num_cat=0
split_feature=15 5 21 11 20 22 23 21 20 13 11 22 22 22 11 23 4 20 23 21 11 19 11 5 11 22 22 11 22 20
split_gain=1778.11 881.374 580.083 540.973 459.205 442.552 407.543 400.076 294.856 307.531 292.859 295.9 292.562 246.848 241.754 279.167 292.601 260.995 451.568 445.062 270.076 228.692 223.227 217.354 255.174 254.255 213.637 198.276 191.108 185.911
threshold=26.860466003417972 14.500000000000002 0.51909596000000013 91.238301613520932 44.688575744628913 -0.98463689999999982 1.6783351500000003 -1.3268715999999998 -3.9687194824218746 -41.654936913147147 14.008156353618409 0.085721280400000016 -1.0697576499999999 0.65944034000000007 8.0752066537030007 2.4041249500000004 20.320640832185749 54.864372253417976 1.1675285000000002 -1.6777381999999998 49.474657544628514 0.33823530375957495 56.971342052018777 5.5000000000000009 28.886018813636749 -0.46755985499999991 0.021143936550000002 59.071394312365605 -1.6132802499999999 84.123107910156264
decision_type=2 2 2 2 2 2 2 2 2 2 2 2 2 2 2 2 2 2 2 2 2 2 2 2 2 2 2 2 2 2
left_child=1 2 3 5 -3 7 23 22 9 -7 -8 26 -6 -11 -10 16 -16 18 21 20 -19 -18 -1 24 -4 27 -12 -25 -9 -21
right_child=-2 4 6 -5 12 8 10 28 14 13 11 -13 -14 -15 15 -17 17 19 -20 29 -22 -23 -24 25 -26 -27 -28 -29 -30 -31
leaf_value=-0.0174103800991861 -0.037945619563207827 -0.021525754848838421 -0.00051495055180664846 0.020072824773155199 -0.023915235084617927 0.028714476902178893 -0.020609312496109755 0.0066037927787855671 -0.014777546256694311 0.0093110245984571269 0.01391986953945203 0.033204019169061731 -0.0024501907767859776 -0.010388852577222312 0.011190124482224374 0.030288552303963368 -0.019680547734646732 -0.048700299746112001 0.0055351807083765759 0.0080053144145107013 0.016156851932661247 -0.0054209082622077758 -0.052645224430220496 -0.017098339140342769 0.016927297477421981 0.0054075094793061594 -0.051378986272631724 0.0060591951810865519 -0.0067942389715269216 -0.0017196516611176851
leaf_weight=2111.9113720692694 3024.1064078323543 5048.9430545978248 3087.6888689920306 3386.8144115842879 1754.1525980457664 1654.4275514855981 427.4726395085454 3323.776715837419 2609.1053350940347 8148.7440953180194 2891.859948143363 3033.9974017031491 16615.743342675269 1974.7735246047378 5665.3513962142169 789.1203799135983 3292.704947322607 630.80542919039726 9409.8347565382719 14516.766229204834 214.62374830245972 19226.620535388589 570.79433810710907 2638.207474924624 6533.1005714572966 12527.751446802169 129.95867867022753 1421.8959390111268 13344.024289928377 7428.7861818820238
leaf_count=9577 46815 28616 16195 17338 9935 11102 2086 15147 11464 44303 14240 18247 80971 11152 30007 4087 16238 2698 44906 65554 927 90405 2626 11631 38755 61100 667 6364 59856 31183
internal_value=1.78793e-05 0.000761633 0.0023589 0.00044003 -0.00817226 -0.000260744 0.00812843 -0.00700731 0.00146705 0.00873518 0.0193519 0.0221756 -0.00450109 0.00546756 0.000124838 0.000760658 0.00037429 -0.000745691 -0.00366307 0.00334141 -0.0322358 -0.00750669 -0.0249241 0.00535143 0.0113299 0.00188349 0.0110955 -0.0089888 -0.00412226 0.00471339
internal_weight=157434 154410 130991 98299 23418.8 94912.2 32691.9 19350.5 75561.7 11777.9 6483.29 6055.82 18369.9 10123.5 63783.7 61174.6 60385.5 54720.1 31929.2 22791 845.429 22519.3 2682.71 26208.6 9620.79 16587.9 3021.82 4060.1 16667.8 21945.6
internal_count=804192 757377 637855 468570 119522 451232 169285 87206 364026 66557 35240 33154 90906 55455 297469 286005 281918 251911 151549 100362 3625 106643 12203 134045 54950 79095 14907 17995 75003 96737
is_linear=0
shrinkage=0.05


Tree=53
num_leaves=31
num_cat=0
split_feature=16 18 13 4 20 11 12 18 20 20 20 24 11 12 24 20 24 24 20 20 20 11 25 11 24 5 20 20 18 11
split_gain=1544.76 776.422 450.148 388.508 282.66 255.46 247.039 277.103 250.163 316.941 213.617 209.952 211.714 388.621 260.788 209.534 206.617 199.475 181.334 180.163 335.213 267.138 202.572 178.474 211.113 152.719 166.577 150.965 215.724 146.714
threshold=0.1911764740943909 182.33635711669925 -28.927935623658971 32.078610006719835 -16.078605651855465 9.0522675820548493 8.0216718266253881 157.70588684082034 67.646110534667983 -4.4447250366210929 72.476669311523452 1.5000000000000002 17.687629925646469 4.314241486068112 4.5000000000000009 60.095260620117195 7.5000000000000009 5.5000000000000009 14.868820190429689 6.2876815795898446 41.358283996582038 81.848965866762242 25.653800453990701 20.631915132800589 4.5000000000000009 21.500000000000004 42.833152770996101 105.83823394775392 163.00000000000003 54.480110909097803
decision_type=2 2 2 2 2 2 2 2 2 2 2 8 2 2 8 2 10 10 2 2 2 2 2 2 10 2 2 2 2 2
left_child=5 2 3 -2 -3 -1 7 15 9 -9 -7 -10 -13 16 -15 -4 -14 19 -8 29 21 -21 -22 -6 -25 -11 -27 28 -20 -5
right_child=1 4 6 17 23 10 18 8 11 25 -12 12 13 14 -16 -17 -18 -19 27 20 22 -23 -24 24 -26 26 -28 -29 -30 -31
leaf_value=0.064184214085218988 0.014217717730846419 0.02068316391856927 -0.035939156196383715 -0.0010377776616451028 -0.0037942814013330068 -0.035932432484970238 0.021302921906615591 0.0020039151162756139 -0.019182865293222731 -0.0073011619620662899 -0.010830548112762208 -0.0098422866874252439 0.0011131922965902823 -0.0084446460813276444 0.020690744739757044 -0.010288670878140208 -0.023796192414152095 0.011244383934579601 0.019108883653136687 -0.012910776206953484 0.0072071342506413857 0.0035074164617898379 -0.007202882949276259 0.0056426359290260887 0.018213400831307649 -0.045678355278568249 -0.011155418941158193 -0.031412294553893681 -0.00092510390209511002 0.01924757694829585
leaf_weight=72.568344838917255 6947.8055610731244 3847.9414971098304 998.18574062362313 1617.4956889897585 3833.169857122004 3465.049485757947 1349.1389655396342 10347.220554150641 1254.7280950844288 29741.697396613657 1123.3421002998948 3356.4037478864193 14337.149730317295 935.04383824020624 4287.0934160873294 3926.2937977835536 882.80636919289827 4296.7844795063138 1661.8508604615927 8209.4027320146561 9913.8220892623067 3547.7808667942882 3233.6346548348665 18957.116980336607 4053.674030341208 544.47566084191203 974.72715203464031 331.48142495751381 7000.6233239620924 1984.214757874608
leaf_count=677 38243 26358 9215 7947 17884 54225 6540 51702 5803 136377 7699 14221 62700 4012 19190 20318 3779 23517 7902 36949 45031 16924 14828 94165 26003 3368 5373 1395 31285 10409
internal_value=3.71638e-05 0.00090459 -0.000887967 0.00347797 0.00801109 -0.028314 -0.00300629 -0.00404992 -0.00320427 -0.005581 -0.0297906 0.000743036 0.00179435 0.00370537 0.0154733 -0.0154942 -0.000333101 0.0012029 0.0042165 -0.000311005 -0.00182275 -0.00795664 0.00366269 0.00619391 0.00785785 -0.00809155 -0.0235502 0.00165137 0.00292008 0.0101398
internal_weight=157033 152372 121680 39750.9 30691.9 4660.96 81928.9 71585.8 66661.3 41608.1 4588.39 25053.2 23798.5 20442.1 5222.14 4924.48 15220 32803.1 10343.1 28506.4 24904.6 11757.2 13147.5 26844 23010.8 31260.9 1519.2 8993.96 8662.47 3601.71
internal_count=804039 741438 577028 193848 164410 62601 383180 336058 306525 196820 61924 109705 103902 89681 23202 29533 66479 155605 47122 132088 113732 53873 59859 138052 120168 145118 8741 40582 39187 18356
is_linear=0
shrinkage=0.05


Tree=54
num_leaves=31
num_cat=0
split_feature=17 16 16 22 21 12 11 11 23 12 22 1 16 23 11 12 12 21 21 22 12 22 21 22 21 21 22 21 12 11
split_gain=1493.27 584.996 478.102 407.189 349.349 275.848 232.854 203.928 213.159 202.029 198.377 194.354 179.787 178.816 182.736 200.395 190.453 239.001 186.823 173.853 236.621 164.923 165.916 187.148 163.548 161.652 158.896 153.387 237.475 177.264
threshold=159.91176605224612 0.77941176295280468 0.13235294446349147 -0.17849789999999996 -0.36164028999999992 1.8157894736842108 77.059271984725001 45.413500027202332 0.35652237000000003 5.3777089783281742 -1.0697576499999999 25.921092815697197 0.36764706671237951 1.6599746000000002 12.778281696572909 9.5773993808049553 5.1625386996904039 -1.1594290499999997 0.33863845500000006 -1.2068874999999999 3.9086687306501551 -0.11682939999999999 0.25288889000000009 1.6775100000000001 -1.1820513499999998 -0.92808919999999995 -0.49492500499999997 -0.15315947999999999 3.4164086687306505 11.403051592271213
decision_type=2 2 2 2 2 2 2 2 2 2 2 2 2 2 2 2 2 2 2 2 2 2 2 2 2 2 2 2 2 2
left_child=2 3 -1 6 9 -4 12 8 -6 -3 -7 13 -2 14 15 18 17 -16 -5 20 24 -15 -23 -24 -14 -18 -9 29 -29 -21
right_child=1 4 5 11 7 10 -8 26 -10 -11 -12 -13 19 21 16 -17 25 -19 -20 27 -22 22 23 -25 -26 -27 -28 28 -30 -31
leaf_value=-0.036853911156025418 -0.021325209062185876 -0.0024527481127415026 -0.029694780284344649 -0.0043468098689353951 -0.012334929022960805 -0.037624765443171476 0.0064029840503567791 0.0063173402984332428 0.0079048893991470227 0.0083305328648462414 -0.0042208143627515109 -0.0045063491566836545 -0.026185823606206651 -0.057867334833422983 -0.023599373476081584 0.015241202964956469 0.023575610952068164 0.0020353644562223173 -0.030573942016609474 0.0081005022521785566 -0.023677074715388404 0.0048296014603763614 0.015189267546779364 0.048715530221126929 -0.0025723822249290249 0.0064427083603035692 0.018316427110245236 -0.0043831735191076889 0.0076245531742042821 -0.0073417994303256479
leaf_weight=2637.9047532081604 1617.8715678006411 13128.434542626143 1729.3093871586025 1823.2242787927389 1494.4363745227456 483.46481860429049 4988.8631018102169 4062.2621653079987 10000.835849218071 6490.0653487071395 5388.2554209791124 8389.8892510980368 840.10584620386362 84.496177345514297 952.7955385223031 725.68504720181227 1643.0117170661688 19467.464569367468 1081.3097729831934 2066.6514801084995 2498.9191538989544 3698.2528904154897 2665.0293251723051 492.78540454059839 5722.2358257099986 8479.4302537664771 8608.708244420588 9807.6867616698146 7095.5218301713467 18374.411286406219
leaf_count=42827 12802 63076 12436 8165 7570 4306 23171 20271 54043 32776 32446 41213 3987 381 4401 3188 7934 93825 4750 9278 10872 18008 14286 2911 25599 41503 52132 43888 31415 80198
internal_value=-5.80421e-05 0.00123392 -0.0185167 -0.000832373 0.00607175 -0.0121489 -0.00387744 0.0100957 0.00527278 0.00111475 -0.00697716 0.00242855 -0.00494552 0.0038438 0.00235757 -0.0082464 0.00361816 0.000838168 -0.0141179 -0.00437402 -0.0105866 0.0111601 0.0120191 0.0204349 -0.00559889 0.00922567 0.0144704 -0.00286636 0.000657507 -0.00578022
internal_weight=156539 146300 10238.9 102516 43784.7 7601.03 53012.3 24166.2 11495.3 19618.5 5871.72 49503.4 48023.4 41113.5 34172.9 3630.22 30542.7 20420.3 2904.53 46405.5 9061.26 6940.56 6856.07 3157.81 6562.34 10122.4 12671 37344.3 16903.2 20441.1
internal_count=803658 711643 92015 481775 229868 49188 241210 134016 61613 95852 36752 240565 218039 199352 163766 16103 147663 98226 12915 205237 40458 35586 35205 17197 29586 49437 72403 164779 75303 89476
is_linear=0
shrinkage=0.05


Tree=55
num_leaves=31
num_cat=0
split_feature=15 5 14 22 12 22 22 13 5 12 17 22 12 22 4 14 14 14 22 24 24 12 12 9 12 12 24 5 12 12
split_gain=1398 679.991 544.943 444.715 305.065 351.329 332.494 267.504 249.996 274.576 269.609 242.173 233.82 223.578 236.175 214.261 212.931 322.436 232.567 270.52 279.077 214.389 285.574 214.905 212.381 208.053 215.962 164.611 228.025 158.141
threshold=26.860466003417972 12.500000000000002 207.50000000000003 0.055660221750000009 5.7058823529411775 -0.6677691899999999 1.0894472500000003 -27.950289844613138 2.5000000000000004 10.332817337461302 159.91176605224612 1.0527500000000003 4.9055727554179578 1.5224150000000003 28.990504510700706 192.50000000000003 220.50000000000003 258.50000000000006 2.1169150000000005 7.5000000000000009 5.5000000000000009 8.6702786377709007 4.7275541795665648 56.500000000000007 11.501547987616101 8.6702786377709007 7.5000000000000009 20.500000000000004 1.8591331269349849 1.1099071207430342
decision_type=2 2 2 2 2 2 2 2 2 2 2 2 2 2 2 2 2 2 2 10 8 2 2 2 2 2 10 2 2 2
left_child=1 3 11 8 27 -6 -7 13 9 10 -1 -3 -13 14 -5 -11 18 24 19 20 -9 22 -22 -24 25 26 -18 -4 -29 -12
right_child=-2 2 4 7 5 6 -8 16 -10 15 29 12 -14 -15 -16 -17 17 -19 -20 -21 21 -23 23 -25 -26 -27 -28 28 -30 -31
leaf_value=-0.037871996312658751 -0.035122966561867551 -0.022510765844545789 -0.002551143426565719 0.021720422449633695 -0.031386461992471901 0.018058500690077708 -0.017769785062254878 0.015365943049872172 -0.0011751476710377448 0.028321134711004045 -0.0066257669482384374 0.03861996239900764 -0.018390454387558274 0.03232428881327562 0.0067724843555079257 -0.037314633788354916 0.017508638102079584 -0.00098404048688046676 0.030268728504730544 0.01157800689134017 -0.0072734914054016098 0.0075254715697808325 -0.025319492414138906 -0.080560973904237734 -0.029844143266211681 0.037655382408576542 -0.007494328261946826 -0.027841671952695535 -0.0061296497131378171 0.010533660520495036
leaf_weight=317.62221121415496 2779.5420658178627 5544.2791475653648 15670.975084125996 3288.5442636534572 507.60444029793143 4036.7776444926858 770.40082229301333 1097.0223602615297 63779.711953781545 156.71983647346497 1507.2857788205147 337.01199578493834 383.46370820701122 1168.7746557369828 13443.723973378539 589.31698785722256 4601.0802661627531 6085.4053509533405 526.98791290819645 2245.2626802138984 3625.3027222715318 1191.3225326500833 1910.6127320639789 193.28571049869061 255.64419493079185 990.13696675747633 1062.5596122443676 1692.2783148810267 4233.4820349998772 12250.321607038379
leaf_count=2805 46760 32187 69534 22272 2599 18020 3446 6038 289895 747 7782 1842 2208 8065 75776 2534 23850 26510 3020 11733 18709 6264 9554 1081 1244 5223 5121 10630 23789 64751
internal_value=1.36769e-05 0.000650301 -0.00568705 0.00239824 -0.00259492 0.00813526 0.0123141 0.00657285 0.000184199 0.0060335 0.00760082 -0.0189674 0.00829349 0.0111896 0.00971146 -0.0235071 0.00309781 0.00740842 -0.00209392 -0.00375851 -0.00805431 -0.0117685 -0.0157811 -0.0304304 0.0147991 0.0165185 0.0128173 -0.00523578 -0.0123338 0.00865333
internal_weight=156242 153463 33176.3 120287 26911.5 5314.78 4807.18 41685.7 78601 14821.3 14075.2 6264.75 720.476 17901 16732.3 746.037 23784.6 12994.8 10789.8 10262.8 8017.55 6920.52 5729.2 2103.9 6909.42 6653.78 5663.64 21596.7 5925.76 13757.6
internal_count=803989 757229 164255 592974 128018 24065 21466 224460 368514 78619 75338 36237 4050 106113 98048 3281 118347 61948 56399 53379 41646 35608 29344 10635 35438 34194 28971 103953 34419 72533
is_linear=0
shrinkage=0.05


Tree=56
num_leaves=31
num_cat=0
split_feature=15 5 21 11 14 22 14 14 21 23 20 14 21 11 23 21 11 12 11 12 21 21 14 12 21 22 22 5 14 11
split_gain=1349.02 650.61 481.787 448.217 412.103 363.502 412.226 348.083 1083.67 542.512 505.633 423.692 340.93 339.451 353.282 336.818 333.965 315.27 297.308 369.699 363.175 323.299 366.456 294.296 288.28 275.889 295.655 249.854 247.575 423.055
threshold=26.860466003417972 13.500000000000002 0.54695698500000012 91.238301613520932 208.50000000000003 -0.94543605999999991 262.50000000000006 237.50000000000003 -0.76345792499999987 1.1516866000000003 -2.4217987060546871 251.50000000000003 -1.3268715999999998 11.857232115548266 1.6901442000000002 -1.2226113499999998 47.529523677051351 4.5123839009287936 43.720096607660828 2.7198142414860684 0.3317518550000001 -0.44844999999999996 212.50000000000003 5.7058823529411775 0.27952314500000003 -0.6677691899999999 1.0894472500000003 8.5000000000000018 265.50000000000006 54.128781830597873
decision_type=2 2 2 2 2 2 2 2 2 2 2 2 2 2 2 2 2 2 2 2 2 2 2 2 2 2 2 2 2 2
left_child=1 2 3 5 -3 12 7 9 11 10 16 15 -1 -4 27 -9 -7 -11 19 20 -12 -20 24 -6 -23 -25 -27 -15 -14 -30
right_child=-2 4 13 -5 23 6 -8 8 -10 17 18 -13 28 14 -16 -17 -18 -19 21 -21 -22 22 -24 25 -26 26 -28 -29 29 -31
leaf_value=-0.022590960383211508 -0.034943867181385868 -0.018961509576818653 -0.012801747047806379 0.018594203493608387 -0.0062910183180574543 0.0019800959276496883 -0.0097600946048112067 -0.024146000025972187 0.01760201315970944 0.00097933070660715521 -0.042707551777687008 -0.033782855400609949 -0.0050457991123267591 0.010282132996502082 0.020443386479449578 0.015376851738301606 0.026282885727024464 0.014269314526659117 -0.012208008045571097 -0.0087987809386521065 0.040773524338325415 0.0033065665349231266 0.017153086333089641 -0.029906627186787452 -0.020679174202278994 0.017655198038738211 -0.018388752438476191 -0.00068880020335813094 0.046025528900821636 -0.022381975157533776
leaf_weight=2731.9546103365719 2712.2873387038708 5227.0048275701702 1890.4445493295789 3276.3828059397638 17807.793942794204 5031.1844162344933 7391.8333743661642 872.79778380692005 10778.671270720661 8773.6436538696289 1413.6200578249991 1528.4806874245405 16350.845742654055 14307.97787443921 5498.7592622488737 1406.1785242706537 1965.0876160189509 9080.8008579164743 4753.6563105173409 9773.8460412435234 142.70945700630546 4466.38871601969 3322.5334692522883 436.73507120087743 1739.8953012637794 3508.1181356646121 678.17393791675568 8142.853963997215 614.73883232474327 356.3126183450222
leaf_count=12445 47091 31558 8994 17117 87249 28334 30966 4026 50022 44061 7018 6621 74084 79439 31042 6242 12189 46993 21764 46013 745 21973 16598 2301 8675 15679 3001 38098 2553 1523
internal_value=3.98087e-06 0.000622649 0.00215127 0.000422761 -0.00631959 -0.000221105 0.00142809 0.00269958 0.00950241 0.000733117 -0.00310298 -0.0134256 -0.00617835 0.0076987 0.00908571 0.000236517 0.00880896 0.00773906 -0.00635703 -0.0124049 -0.0350314 -0.00155877 0.00375456 -0.00337296 -0.00341994 0.00786627 0.0118131 0.00630315 -0.00358865 0.0209272
internal_weight=155982 153269 125612 95771.6 27657.8 92495.2 72441.3 65049.5 14586.1 50463.4 32608.9 3807.46 20053.9 29840 27949.6 2278.98 6996.27 17854.4 25612.6 11330.2 1556.33 14282.5 9528.82 22430.8 6206.28 4623.03 4186.29 22450.8 17321.9 971.051
internal_count=804414 757323 617535 459962 139788 442845 352240 321274 66911 254363 163309 16889 90605 157573 148579 10268 40523 91054 122786 53776 7763 69010 47246 108230 30648 20981 18680 117537 78160 4076
is_linear=0
shrinkage=0.05


Tree=57
num_leaves=31
num_cat=0
split_feature=19 14 0 22 20 11 12 11 21 21 22 5 5 14 11 12 11 11 11 14 14 14 21 13 21 22 14 21 12 14
split_gain=1133.2 887.088 491.645 408.907 393.778 302.147 276.711 272.498 231.624 227.218 263.871 215.773 201.537 267.799 225.516 195.766 324.618 189.922 415.636 262.29 188.73 188.582 292.537 341.564 304.261 180.632 182.818 179.142 269.153 193.817
threshold=0.044117647223174579 222.50000000000003 1.0564991235733034 0.055660221750000009 -11.365150451660154 88.744555543150895 1.8157894736842108 9.9283420878805639 1.1001508500000001 0.27051234000000007 1.5679100000000001 1.5000000000000002 15.500000000000002 208.50000000000003 111.65133048040369 5.4272445820433441 45.413500027202332 26.064441246721586 41.550116399274252 230.50000000000003 270.50000000000006 210.50000000000003 -0.65693205499999985 -62.591906146333763 0.22946334500000004 -1.2068874999999999 245.50000000000003 -0.2753926049999999 6.5588235294117654 249.50000000000003
decision_type=2 2 2 2 2 2 2 2 2 2 2 2 2 2 2 2 2 2 2 2 2 2 2 2 2 2 2 2 2 2
left_child=1 -1 3 4 -2 11 -3 -5 12 15 17 -6 -4 -14 -15 16 20 19 -19 -11 -9 -18 23 -23 -24 26 -13 28 -27 -30
right_child=2 6 8 7 5 -7 -8 9 -10 10 -12 25 13 14 -16 -17 21 18 -20 -21 -22 22 24 -25 -26 27 -28 -29 29 -31
leaf_value=-0.03724377389105573 0.013214427282445776 -0.026188154808685887 -0.0022163645737335292 -0.0052021708829226923 0.0097902449626967245 0.01749594743388411 -0.0010202178902373863 -0.010100442680590346 0.0062809551312846511 -0.024538424056436338 0.045168640247743787 -0.014273872486859768 -0.024867893645308364 -0.0067694685466798844 0.049667351881463276 0.011798778419178577 0.020489952904602003 0.035402371184604035 0.010143484084257571 0.012567323833897252 0.030435466078526159 -0.093528750641587693 0.019201836223469687 -0.0081489113594648919 -0.072751225013169302 -0.0081317911602358031 0.0071260548600806262 0.0024290887607243379 0.010521454833496806 -0.01527746150050579
leaf_weight=3333.6122913174331 5770.3141805827618 1353.7476486638188 42778.63882657513 3514.85253675282 3917.8870030492544 2204.2031337991357 5634.1400677002966 4720.2175649106503 6705.1678871996701 735.02635092288256 678.68223598599434 5214.9535598047078 2384.8138308674097 5766.785121563822 181.62020371854305 7736.1565004885197 2383.5138163715601 2146.3546704724431 6748.260676369071 1348.4095114767551 304.78052848577499 149.22443087399006 1314.805760152638 532.92495541274548 95.585461862385273 13692.517920140177 1233.4923918992281 18107.616572674364 3866.8906614482403 895.85620698332787
leaf_count=54685 34329 9111 198281 15959 19255 11215 30905 23519 33497 4033 4750 22850 15486 27949 902 41317 14353 12033 40430 6962 1285 762 6914 2592 476 59564 5354 83665 17170 3746
internal_value=-1.82455e-05 -0.0160253 0.00112026 0.00348839 0.000859444 -0.000591786 -0.00589899 0.00794192 -0.00245596 0.00954098 0.0149326 -0.0014417 -0.00360223 -0.0107154 -0.00503825 0.00589422 0.00108574 0.0130594 0.016242 -0.000528901 -0.00763626 0.0108769 -7.73973e-05 -0.0269359 0.0129228 -0.00246502 -0.0101799 -0.00110413 -0.00457073 0.00566658
internal_weight=155451 10321.5 145130 87312.5 54903.7 49133.4 6987.89 32408.8 57817 28893.9 11656.7 46929.2 51111.9 8333.22 5948.41 17237.2 9501.05 10978.1 8894.62 2083.44 5025 4476.05 2092.54 682.149 1410.39 43011.3 6448.45 36562.9 18455.3 4762.75
internal_count=803349 94701 708648 432533 257148 222819 40016 175385 276115 159426 68208 211604 242618 44337 28851 91218 49901 63458 52463 10995 24804 25097 10744 3354 7390 192349 28204 164145 80480 20916
is_linear=0
shrinkage=0.05


Tree=58
num_leaves=31
num_cat=0
split_feature=15 19 14 1 24 11 9 14 14 12 19 11 24 24 14 20 11 12 24 4 12 14 13 12 14 14 12 12 11 5
split_gain=1169.46 592.126 370.387 298.801 243.343 220.057 210.637 183.547 209.066 356.651 192.175 219.111 204.418 179.207 274.659 316.065 295.729 351.772 251.326 317.155 188.877 217.926 187.079 184.859 184.983 178.106 298.158 172.084 273.578 332.619
threshold=28.357535362243656 0.60294118523597728 251.50000000000003 18.591101646423343 3.5000000000000004 88.744555543150895 74.500000000000014 242.50000000000003 265.50000000000006 0.84365325077399389 0.27941177785396581 105.05147439454778 6.5000000000000009 3.5000000000000004 236.50000000000003 -2.9402847290039058 20.03343528257712 5.7941176470588251 1.5000000000000002 114.95012314990164 2.2244582043343657 249.50000000000003 -52.87426192803602 8.6702786377709007 241.50000000000003 224.50000000000003 3.1269349845201244 3.3498452012383906 72.489355760012359 21.500000000000004
decision_type=2 2 2 2 10 2 2 2 2 2 2 2 10 10 2 2 2 2 8 2 2 2 2 2 2 2 2 2 2 2
left_child=1 3 4 5 -3 6 13 10 27 -10 11 12 -5 14 15 -1 23 18 -18 -20 -15 25 -23 -16 -25 -22 -27 28 -9 -30
right_child=-2 2 -4 7 -6 -7 -8 8 9 -11 -12 -13 -14 20 16 -17 17 -19 19 -21 21 22 -24 24 -26 26 -28 -29 29 -31
leaf_value=0.0040743359937612071 -0.03525492023064504 0.0057394894382185252 -0.0032910577155592577 -0.020639089574147881 0.0159805255904811 0.01126724021044798 0.015479202413615258 -0.0074533261534997916 -0.053615018030552609 -0.003856137692566851 -0.0047399219243319949 0.017314131190205029 0.0083709688743434443 -0.0075219962508287488 -0.014515665699219894 -0.0070977560024744757 -0.023314681699305905 0.032096095183940257 0.015306607494371023 -0.0021349023731806103 0.0053364257545664533 -0.076462786034348987 -0.0021395783881493343 0.056394881546210723 0.00050965369614223933 -0.013539182873402595 0.02659819031258245 0.016851653098411253 0.03492462783327388 -0.027494833348431572
leaf_weight=8024.6141719296575 2311.2141625545919 25806.578800849617 9202.2213806435466 5858.6546833254397 7482.3394479304552 4224.9343569800258 2021.6374110206962 3629.9913248568773 433.06837718188763 2114.8434950187802 11519.361788287759 480.76344901695848 676.90767534822226 3510.3484734930098 3230.3075465708971 29978.1517884247 776.01553948223591 1247.767559543252 4969.2219552248716 5479.9023090302944 9191.4304459840059 85.086558155715466 5143.2093973606825 164.69938191771507 1392.2162618935108 566.21762548387051 2516.5086842179298 1982.9373713880777 904.59106058627367 278.4141508191824
leaf_count=40925 43558 134482 41535 41554 50470 21130 9931 17035 1975 9219 50989 3155 4204 17056 13808 138341 3673 5698 21872 23980 48779 478 23049 708 5991 2832 13009 8851 4062 1649
internal_value=3.81686e-05 0.000571906 0.00558743 -0.00135849 0.00804177 0.000153455 -0.000446382 -0.00583362 -0.000119523 -0.0123314 -0.00871394 -0.0152368 -0.0176336 -0.000868677 -0.00236311 -0.00473863 0.00286718 0.00692171 0.00412076 0.00616031 0.00306156 0.00518454 -0.00336352 -0.00769595 0.00645391 0.00882565 0.019224 0.00446005 -0.00064769 0.0202237
internal_weight=155204 152893 42491.1 110402 33288.9 82522.3 78297.3 27879.5 9343.85 2547.91 18535.7 7016.33 6535.56 76275.7 55262.9 38002.8 17260.1 12472.9 11225.1 10449.1 21012.8 17502.5 5228.3 4787.22 1556.92 12274.2 3082.73 6795.93 4813 1183.01
internal_count=803998 760440 226487 533953 184952 391260 370130 142693 42791 11194 99902 48913 45758 360199 254996 179266 75730 55223 49525 45852 105203 88147 23527 20507 6699 64620 15841 31597 22746 5711
is_linear=0
shrinkage=0.05


Tree=59
num_leaves=31
num_cat=0
split_feature=16 18 0 20 12 21 18 24 21 21 4 21 5 21 12 24 17 20 12 24 4 24 20 9 21 12 25 20 12 20
split_gain=1011.24 610.757 360.653 283.775 221.185 236.137 189.253 182.704 178.236 157.634 161.073 154.155 124.762 126.118 261.132 152.396 124.753 414.579 221.486 160.775 123.424 131.396 118.177 133.933 118.03 113.386 112.66 112.352 109.528 109.238
threshold=0.13235294446349147 182.33635711669925 4.3276679515838632 -13.290626525878904 3.0789473684210531 1.5744800000000003 163.66176605224612 7.5000000000000009 1.3646467500000001 -0.58789157499999989 21.585746940225366 -1.6487905499999997 1.5000000000000002 -0.19011549499999997 8.0216718266253881 1.0000000180025095e-35 172.66364288330081 53.358283996582038 5.5015479876161004 7.5000000000000009 239.04111241549256 4.5000000000000009 76.348884582519545 35.500000000000007 1.1001508500000001 4.1563467492260076 25.653800453990701 55.348884582519538 3.8065015479876165 109.27297973632814
decision_type=2 2 2 2 2 2 2 10 2 2 2 2 2 2 2 10 2 2 2 10 2 8 2 2 2 2 2 2 2 2
left_child=7 2 4 -3 6 12 -2 27 11 -5 -11 -4 26 14 -14 -16 17 19 20 -13 -19 -22 -12 -24 -8 -9 -6 -1 -10 -17
right_child=1 3 8 9 5 -7 24 25 28 10 22 16 13 -15 15 29 -18 18 -20 -21 21 -23 23 -25 -26 -27 -28 -29 -30 -31
leaf_value=-0.043462440544690735 -0.012617841242531506 0.01883574688035336 -0.022965302804081891 -0.00067284308694964324 0.014697107618925443 0.027290585913418354 -0.0025192277393068264 -0.04571913880350819 0.0033943072906277359 0.020842406185982598 0.0077182980105605804 -0.025332375432505622 -0.0035962729019701108 0.0039700872492100525 -0.0040655369950281699 0.014247599115410818 -0.0034764694729584739 0.0052728218785020424 0.017534302391226324 0.028342900989108157 -0.028502767087247693 -0.0061194900015659019 -0.009236610173879117 0.028040578110727493 0.0068708928077664657 0.050892674796932748 -0.0033527924053897273 -0.021634249899745286 0.035832192499944071 -0.049527015297311537
leaf_weight=1411.3098242282867 4191.3471655845642 4277.0167366340756 1380.0239926017821 8442.6809547618032 3338.4508507847786 940.80962882936001 24497.61531213671 41.796236611902714 2235.2603069804609 2042.5547004267573 13067.550738558173 3671.3710494376719 21262.499724920839 24314.693449348211 1804.7000447697937 4239.4759746678174 18749.129364915192 1443.2608420774341 1150.0051511451602 144.22394302114844 902.57738308236003 2392.5813051126897 1974.4075957238674 273.45395483076572 3874.9701590612531 104.26921919360757 1166.0120386816561 1018.1520486585796 293.56454543024302 67.270748555660248
leaf_count=30443 22922 29931 7041 39957 17493 5123 114567 760 11262 12999 70760 27305 97589 118133 8152 19505 83196 6454 5352 950 6398 13663 8601 1258 19924 1551 6352 13711 1474 308
internal_value=9.72591e-07 0.000527024 -0.0010456 0.00690881 0.000586917 0.00246137 -0.00270182 -0.0310613 -0.00557034 0.00493101 0.00765652 -0.0066507 0.00204519 0.0013496 -0.000978089 0.00813 -0.00585864 -0.0104604 -0.0021402 -0.0232966 -0.00691786 -0.0122573 0.00589673 -0.00469136 -0.00123658 0.0231246 0.0100251 -0.0343272 0.00717261 0.0132402
internal_weight=154713 152138 122060 30077.7 89697.8 57133.9 32563.9 2575.53 32362 25800.6 17358 29833.2 56193.1 51688.6 27373.9 6111.45 28453.1 9704.02 5888.42 3815.59 4738.42 3295.16 15315.4 2247.86 28372.6 146.065 4504.46 2429.46 2528.82 4306.75
internal_count=803134 756669 593163 163506 430068 272655 157413 46465 163095 133575 93618 150359 267532 243687 125554 27965 143318 60122 31867 28255 26515 20061 80619 9859 134491 2311 23845 44154 12736 19813
is_linear=0
shrinkage=0.05


Tree=60
num_leaves=31
num_cat=0
split_feature=18 14 19 22 1 18 21 14 21 23 9 22 23 21 12 21 22 4 9 12 23 4 21 14 14 21 21 12 25 23
split_gain=965.287 609.88 485.103 303.382 299.006 209.29 202.179 197.196 236.422 168.241 170.38 164.919 191.027 163.978 214.345 194.686 157.393 157.157 148.864 139.108 138.213 149.158 124.051 122.722 372.11 349.381 298.411 398.472 279.223 231.525
threshold=158.11765289306643 221.50000000000003 0.63235294818878185 -1.2068874999999999 18.913088172674183 190.41741943359378 0.78214648000000009 251.50000000000003 0.46197338500000007 2.4041249500000004 72.500000000000014 0.33798368000000006 1.4903361500000003 -1.3945062499999998 3.45046439628483 0.47868277500000006 -0.94543605999999991 79.459737077355399 26.500000000000004 7.7383900928792579 1.2975052 280.28621579706675 1.2578024500000002 235.50000000000003 252.50000000000003 -0.79875919499999992 -1.2226113499999998 3.4721362229102173 22.695573055744173 1.1894188000000001
decision_type=2 2 2 2 2 2 2 2 2 2 2 2 2 2 2 2 2 2 2 2 2 2 2 2 2 2 2 2 2 2
left_child=1 18 3 6 5 9 13 8 16 10 23 19 -13 -2 20 17 -4 -16 -1 -3 -15 -22 -6 29 26 28 -25 -28 -26 -5
right_child=2 11 7 4 22 -7 -8 -9 -10 -11 -12 12 -14 14 15 -17 -18 -19 -20 -21 21 -23 -24 24 25 -27 27 -29 -30 -31
leaf_value=-0.035420708454281344 -0.027675424285986794 -0.015778830587783288 -0.0022025728874265878 -0.0033489784593808136 -0.0060636435591190155 0.02132407550540576 0.016055560655128941 -0.0010753678011972113 0.017745200093793389 0.018754118643673656 0.014023618424834947 0.016694185343865849 -0.014662848798096354 -0.042308015148903699 -0.003524067364382009 -0.060171793374604633 0.0085646038786151134 -0.026784993751626952 0.12383071233464599 0.012360542703109297 0.0008566556314760558 -0.035199326539922353 0.0057296820052073379 -0.013667117579348412 -0.043674510909932691 0.0016104214801585842 0.0033943094626889751 0.024755841766656003 -0.0056043538157711428 0.0035811464592615892
leaf_weight=2901.006709381938 1190.6215890310705 3830.8021864593029 4489.6754461526871 31817.870175011456 20259.74140585959 1338.1943863108754 786.58969451114535 6651.3026037216187 5507.565559476614 1370.1529229581356 2463.5231611654162 1263.9150206670165 787.49599552899599 208.89087947458029 1497.4777100458741 256.64284981787205 13903.244124390185 1409.3741610944271 13.796835839748381 495.31122352182865 5537.0066793039441 301.50277065113187 2504.7681832425296 1080.8110830783844 803.25919699668884 12477.912018671632 4326.4534168839455 4406.4295987784863 1201.5474487692118 19398.941792491823
leaf_count=49792 5747 24896 20732 154047 100019 8080 3831 30042 35983 7332 12419 6255 3873 955 6573 1207 77468 6785 76 2384 25050 1902 12121 4936 3433 54561 19583 20920 5189 97617
internal_value=-5.90583e-05 -0.0156812 0.00094088 -0.000551152 0.000294772 0.00172261 -0.00837222 0.00653918 0.0086582 0.00139177 0.00108645 -0.00701911 0.00465556 -0.0102209 -0.0079619 -0.0185055 0.00593638 -0.0148074 -0.0346247 -0.0125549 -0.00244425 -0.001011 -0.00476583 0.000664214 0.00359068 -0.00150299 0.0111071 0.0141745 -0.020872 -0.000724097
internal_weight=154482 9292.33 145189 114638 103450 80685.1 11188.1 30551.8 23900.5 79346.9 77976.7 6377.52 2051.41 10401.5 9210.9 3163.49 18392.9 2906.85 2914.8 4326.11 6047.4 5838.51 22764.5 75513.2 24296.4 14482.7 9813.69 8732.88 2004.81 51216.8
internal_count=803808 87276 716532 552307 500257 388117 52050 164225 134183 380037 372705 37408 10128 48219 42472 14565 98200 13358 49868 27280 27907 26952 112140 360286 108622 63183 45439 40503 8622 251664
is_linear=0
shrinkage=0.05


Tree=61
num_leaves=31
num_cat=0
split_feature=17 14 18 0 11 24 14 12 14 11 12 14 11 12 24 5 19 12 14 12 14 14 17 11 11 14 14 11 24 12
split_gain=960.85 762.039 496.988 294.139 249.774 234.435 230.894 312.79 230.092 376.787 505.746 435.032 318.132 369.807 283.914 272.509 215.512 208.156 208.126 231.412 205.177 185.862 177.021 176.082 175.989 167.897 162.086 184.918 155.539 192.932
threshold=159.91176605224612 222.50000000000003 185.39170837402347 10.467117309570314 88.744555543150895 3.5000000000000004 249.50000000000003 2.3018575851393193 235.50000000000003 20.03343528257712 3.3916408668730655 254.50000000000003 40.385965296750662 4.5356037151702795 1.0000000180025095e-35 1.5000000000000002 0.54411765933036815 1.8157894736842108 224.50000000000003 3.1269349845201244 217.50000000000003 177.50000000000003 189.62625885009768 31.816619188781406 36.017273381825298 241.50000000000003 252.50000000000003 21.823152354246602 7.5000000000000009 6.3018575851393193
decision_type=2 2 2 2 2 10 2 2 2 2 2 2 2 2 10 2 2 2 2 2 2 2 2 2 2 2 2 2 10 2
left_child=1 -1 3 4 5 8 7 -7 15 -10 -11 14 -13 -14 -12 -2 -17 -3 24 23 -18 -4 -22 -20 -9 -25 27 -16 -21 -30
right_child=2 17 21 -5 -6 6 -8 18 9 10 11 12 13 -15 26 16 20 -19 19 28 22 -23 -24 25 -26 -27 -28 -29 29 -31
leaf_value=-0.036893063334768737 0.0064261486855277834 -0.024357702577333853 0.021017186010127351 -0.0063801446797375691 0.0099443289447203459 -0.0064475548615532856 -0.0025845771623149122 -0.00083082523098800996 -0.0081967179888134348 -0.00038338551239715615 0.036489714120245556 0.010338046976829492 -0.0067085452550420298 -0.10833494094002181 0.033080025006311888 -0.0073692710164897854 0.0026690693115565306 -0.0017378453832988215 -0.076121533454098139 0.033133480438853578 0.0037530223216853103 0.0067892604656868295 -0.016046225290673531 -0.022628186276486047 0.011808184597233307 0.026118368517632232 0.057918127534357246 -0.03148995720722142 -0.022647759867140328 0.024161529509679355
leaf_weight=2870.8435302414 6627.9322862103581 1254.9332907013595 2736.9101920425892 15930.751381449401 7118.3480314724147 3403.5368331968784 8601.5589806064963 4531.9516571909189 5904.9383805394173 11310.071711614728 2764.7604517862201 3621.6007178276777 334.27153973281384 121.32995097339153 158.05353279411793 26245.892227042466 14184.392870038748 5348.6319520026445 76.191143706440926 2262.606029972434 1733.5607717782259 14214.794024646282 3234.0877815112472 329.86114212870598 7019.8063868880272 377.99393863976002 97.547791123390198 365.47766929864883 318.04790483415127 709.44829938560724
leaf_count=53334 34358 8805 20482 77825 36911 17364 39453 24149 25142 49294 13639 15606 1393 535 675 119647 70667 29753 400 12978 7733 76179 14689 1697 40144 1929 408 1607 1527 3603
internal_value=3.24416e-05 -0.0153914 0.00104498 -2.53439e-05 0.000883039 0.000264734 0.00421355 0.00728637 -0.00115778 0.00281833 0.00628328 0.0163852 0.00538199 -0.0339504 0.0296296 -0.00304384 -0.00442653 -0.00603953 0.010278 0.0199936 -0.000393635 0.00908751 -0.00913752 -0.00441247 0.00685004 0.00340255 -0.00091816 -0.0119704 0.0258093 0.0096644
internal_weight=153810 9474.41 144336 127384 111453 104335 27631 19029.4 76703.9 24678.1 18773.1 7463.04 4077.2 455.601 3385.84 52025.9 45397.9 6603.57 15625.9 4074.15 19152 16951.7 4967.65 784.046 11551.8 707.855 621.079 523.531 3290.1 1027.5
internal_count=801926 91892 710034 613373 535548 498637 143244 103791 355393 108299 83157 33863 17534 1928 16329 247094 212736 38558 86427 22134 93089 96661 22422 4026 64293 3626 2690 2282 18108 5130
is_linear=0
shrinkage=0.05


Tree=62
num_leaves=31
num_cat=0
split_feature=15 18 0 14 19 24 12 14 11 14 5 24 20 11 11 11 14 12 14 11 5 24 11 11 14 14 24 24 11 12
split_gain=928.09 519.325 281.816 284.397 322.923 275.208 279.396 262.108 236.626 279.82 267.114 234.397 229.783 224.656 223.643 219.33 239.449 200.39 182.844 194.36 190.388 178.756 176.694 172.019 304.966 217.734 169.097 159.433 158.052 177.794
threshold=28.357535362243656 182.33635711669925 1.0564991235733034 237.50000000000003 0.22058823704719546 1.5000000000000002 1.8591331269349849 256.50000000000006 27.079945701987018 254.50000000000003 29.500000000000004 6.5000000000000009 -17.53835296630859 88.744555543150895 52.16049636443703 105.05147439454778 174.50000000000003 3.382352941176471 243.50000000000003 59.618031340925135 19.500000000000004 7.5000000000000009 18.035498580788683 52.834792444292155 173.50000000000003 200.50000000000003 4.5000000000000009 4.5000000000000009 85.685536006794266 0.61145510835913319
decision_type=2 2 2 2 2 8 2 2 2 2 2 10 2 2 2 2 2 2 2 2 2 10 2 2 2 2 10 10 2 2
left_child=1 2 13 4 11 -5 7 18 9 -8 17 15 -3 26 -12 -4 -17 -10 -7 -20 -21 -11 -14 -6 -25 -26 -1 -24 29 -9
right_child=-2 12 3 5 23 6 8 28 10 21 14 -13 22 -15 -16 16 -18 -19 19 20 -22 -23 27 24 25 -27 -28 -29 -30 -31
leaf_value=-0.00084170646511331517 -0.033301508659124228 0.01863432339886242 -0.020706095574366108 -0.027517325239839369 -0.0077323146782342887 -0.011906074327686504 0.015415637550930315 -0.049746349194434325 0.0047723754903642307 -0.0083081185273067414 0.097981772093146124 0.0089766776607536885 -0.0063168482933685672 0.014219089140978886 -0.012867353511624033 0.1164645165434854 0.0023051645832669913 0.02261911936430026 -0.0041875267454368334 0.031348857744996232 -0.015531019228187363 -0.055448229712127567 0.004369704984650071 0.020711144172132091 -0.010901763130146569 0.002806038859782551 0.0053413563618081427 0.015183201684485224 0.026901235606877447 -0.014378762050949477
leaf_weight=50678.728985052556 2063.8139644823968 3373.7150670513511 6419.486391633749 791.61547372490168 13948.741456925869 1371.0865356773138 1405.3680449351668 421.15878666937351 4306.7515613809228 2225.8394003808498 160.25764176249504 872.01978107914329 3158.2610374689102 3130.5985689871013 63.091247454285622 52.762399781495333 315.73434359207749 2477.4906546026468 1219.5155763179064 1193.7205428034067 263.88107756525278 220.15362085402012 19301.297745384276 1593.0279172286391 4751.8673055246472 7417.6289390027523 14142.796616431326 4139.2420918419957 192.05996897816658 2256.869798399508
leaf_count=235951 43399 24403 47976 3836 63477 6661 6381 1891 19909 9476 803 5485 14630 16809 400 363 2301 11213 5710 5364 1620 909 97690 7961 21807 33671 75052 27764 891 10032
internal_value=-5.51239e-06 0.00044719 -0.00100271 -0.0037011 -0.00633158 0.00130968 0.00259481 -0.00525784 0.0075978 -0.00235787 0.013069 -0.0154177 0.00634348 0.00113929 0.0667515 -0.0185524 0.0189218 0.0112921 0.00293691 0.0105404 0.022857 -0.0125719 0.0047839 -0.00381951 0.000146508 -0.00254695 0.000507379 0.00627977 -0.0168134 -0.0199573
internal_weight=153929 151865 121892 53940.1 35371.3 18568.9 17777.2 6918.29 10859 3851.36 7007.59 7660 29972.5 67952.1 223.349 6787.98 368.497 6784.24 4048.2 2677.12 1457.6 2445.99 26598.8 27711.3 13762.5 12169.5 64821.5 23440.5 2870.09 2678.03
internal_count=803835 760436 595949 268137 183041 85096 81260 32169 49091 16766 32325 56125 164487 327812 1203 50640 2664 31122 19355 12694 6984 10385 140084 126916 63439 55478 311003 125454 12814 11923
is_linear=0
shrinkage=0.05


Tree=63
num_leaves=31
num_cat=0
split_feature=17 19 22 11 21 23 12 23 22 23 11 22 25 21 11 11 21 11 11 21 12 11 21 11 21 21 21 23 12 22
split_gain=838.37 398.276 274.488 249.189 234.443 214.613 196.538 237.174 190.388 186.911 297.185 416.111 225.404 246.523 257.668 198.302 187.457 242.533 184.8 197.049 175.623 173.371 284.014 277.584 264.016 243.769 229.056 163.733 229.409 167.314
threshold=157.66176605224612 0.63235294818878185 0.45226171500000006 111.65133048040369 1.5015317500000001 0.85595423000000015 0.92105263157894746 1.3903600500000002 0.066633861500000016 0.7227983750000001 45.235057061024868 -0.36151543499999994 24.868115207552915 0.7158442450000001 35.482507067406701 129.20073116478446 -0.087392471699999988 8.0752066537030007 20.8831020716474 -0.21211291499999999 9.1253869969040267 31.108582943158904 0.26034356500000005 20.325362273898474 0.33863845500000006 0.66002536000000012 -0.094839982699999978 0.63108661500000018 1.3947368421052635 0.29689309000000008
decision_type=2 2 2 2 2 2 2 2 2 2 2 2 2 2 2 2 2 2 2 2 2 2 2 2 2 2 2 2 2 2
left_child=8 2 9 4 6 -5 7 -4 -1 10 11 16 -11 14 -14 27 17 -2 -3 -20 -16 23 26 24 -13 -24 -23 29 -29 -12
right_child=1 18 3 5 -6 -7 -8 -9 -10 12 15 21 13 -15 20 -17 -18 -19 19 -21 -22 22 25 -25 -26 -27 -28 28 -30 -31
leaf_value=-0.024305821056208626 0.064976243837502987 -0.0027044532432904146 -0.040091792033917696 0.063333784099882037 0.025076578644864213 0.011934893831471196 0.002828083379718013 0.020984952309533889 -0.0076838882511075859 -0.00087891704686771381 0.013529282900692829 -0.0058247117981825164 -0.0031530133930568541 0.0011942528948866414 -0.015663367822405246 -0.046893044149176943 0.023027207051752579 -0.0046658522969694905 0.0030087878419291433 0.011882465008939604 0.047111884853966904 -0.013801046421152808 0.010092549122097104 0.0053346611776381335 -0.04227189456252986 -0.094828496435056378 -0.042036391067045618 0.027314840117959857 -0.01171384698454434 -0.0061583938157068223
leaf_weight=3887.9850931428373 133.7127860635519 5173.3174077197909 556.72131408378482 311.60031179711223 1152.4913942143321 581.49128594622016 23243.863171491772 221.57345999404788 3095.0760851018131 38030.107357375324 8466.3631724864244 1765.0509183444083 8039.9704710617661 6809.5654362514615 10572.16428893432 164.79684546589851 1776.0889329575002 1735.8691891618073 11901.665931262076 13190.124350816011 111.66002431511879 2053.5561935119331 1132.2899159528315 3930.1801537387073 690.76617502421141 57.205172140151262 1105.0404640808702 471.83788050338626 1847.4950096346438 1236.1892706304789
leaf_count=44310 702 26164 2710 1657 6749 3316 122282 1086 27568 174193 41660 8003 39484 34511 53900 831 7960 8147 59579 78320 630 9536 5398 18369 2964 271 5093 2195 9090 6403
internal_value=-1.60927e-05 0.00079095 -0.000539735 0.0039789 0.00305751 0.0299188 0.00200011 -0.0226992 -0.0169407 -0.00184666 0.0016753 -0.00319299 -0.00331867 -0.00695234 -0.00991504 0.00741946 0.0113996 0.000347034 0.00589973 0.00767374 -0.0150029 -0.00814974 -0.0158494 -0.00290551 -0.0160895 0.00497127 -0.0236894 0.00816782 -0.00376562 0.0110205
internal_weight=153446 146463 116198 26067.7 25174.6 893.092 24022.2 778.295 6983.06 90129.9 26566.4 14379.8 63563.5 25533.4 18723.8 12186.7 3645.67 1869.58 30265.1 25091.8 10683.8 10734.1 4348.09 6386 2455.82 1189.5 3158.6 12021.9 2319.33 9702.55
internal_count=803081 731203 567140 137800 132827 4973 126078 3796 71878 429340 126622 66443 302718 128525 94014 60179 16809 8849 164063 137899 54530 49634 20298 29336 10967 5669 14629 59348 11285 48063
is_linear=0
shrinkage=0.05


Tree=64
num_leaves=31
num_cat=0
split_feature=16 22 5 14 21 18 12 11 11 12 11 11 14 14 14 14 12 24 21 22 21 14 11 12 18 12 14 23 23 21
split_gain=783.146 431.975 407.857 296.49 281.956 260.59 209.688 209.447 206.022 247.465 245.168 200.483 437.524 249.23 210.51 293.599 752.648 522.351 249.492 209.633 203.67 186.506 213.232 213.058 181.178 181.091 179.694 205.504 179.348 161.939
threshold=0.13235294446349147 0.055660221750000009 14.500000000000002 212.50000000000003 1.5015317500000001 189.88392639160159 10.162538699690405 103.36032366453911 45.235057061024868 3.2368421052631584 97.424542144990468 68.440097592586525 256.50000000000006 242.50000000000003 184.50000000000003 202.50000000000003 2.7631578947368425 2.5000000000000004 0.24118209000000004 -0.59998893499999995 1.8306496500000002 240.50000000000003 80.377632546720136 5.4272445820433441 182.41428375244143 7.6532507739938085 261.50000000000006 0.53717247000000012 1.1064166000000002 0.86721292000000016
decision_type=2 2 2 2 2 2 2 2 2 2 2 2 2 2 2 2 2 8 2 2 2 2 2 2 2 2 2 2 2 2
left_child=-1 2 5 6 24 11 -4 25 9 -6 -10 -2 13 14 29 16 19 -18 -17 -16 -14 23 -23 -20 -3 -5 -26 -28 -19 -13
right_child=1 4 3 7 8 -7 -8 -9 10 -11 -12 12 20 -15 15 18 17 28 21 -21 -22 22 -24 -25 26 -27 27 -29 -30 -31
leaf_value=-0.028748404890180924 -0.0019231257078233346 0.0018460879365828923 -0.026431214762153356 -0.0087216453545803756 -0.046827996941212577 0.012354498336881937 0.065114522115007761 0.046104909282959572 0.034602008936799815 0.015279254649166804 -0.016231214919279997 0.015453898833540307 -0.021666408487576297 0.027540798546578815 -0.063048678489744908 0.01835109597845782 -0.031135220642007341 0.013646183927059925 0.007271165438466471 -0.022738458239476608 -0.10545716030443618 -0.11049164631605775 0.0035093866754388153 -0.038337238349261782 0.012648869159320814 0.018094545824158381 -0.044206616634908547 0.0025351136853270732 0.052592823052493111 0.075928129897104402
leaf_weight=2317.2590612135828 67274.665337026119 42614.55091593042 2707.9380357898772 8913.4616646170616 222.52187342196703 3923.4286467283964 63.103953115642071 189.60419771447778 1771.1407799124718 566.85011945664883 273.24897721782327 2029.2658265791833 775.05283898115158 1369.0950098484755 546.3287156522274 2865.46444901824 545.48616457730532 860.70463240891695 1599.0155430361629 789.91445595771074 79.149888947606087 84.113264232873917 79.058493033051491 303.85175558924675 7828.4754399135709 676.48573201522231 283.01710039377213 1366.2689717561007 450.05640812218189 116.19218335673213
leaf_count=46575 314222 217102 18424 46459 1267 21308 476 956 10559 3412 1602 10631 3535 6519 2471 12565 2354 4278 7940 3777 334 395 387 1524 51621 3142 1173 6268 2333 667
internal_value=9.22875e-05 0.000534576 -0.00148462 -0.00988947 0.00407257 -0.000224091 -0.0243237 -0.00579744 0.0194293 -0.00226571 0.0278031 -0.000842927 0.00497373 0.00750951 0.00483657 0.00115693 -0.0106549 0.00994286 0.00880409 -0.0392543 -0.0295446 -0.00443946 -0.055572 -2.79414e-05 0.00323682 -0.00682831 0.00948908 -0.00550768 0.0270486 0.0187629
internal_weight=153485 151168 96241.4 12550.6 54926.1 83690.8 2771.04 9779.55 2833.76 789.372 2044.39 79767.4 12492.7 11638.5 10269.5 8123.99 3192.49 1856.25 4931.5 1336.24 854.203 2066.04 163.172 1902.87 52092.3 9589.95 9477.76 1649.29 1310.76 2145.46
internal_count=804276 757701 464697 69457 293004 395240 18900 50557 16840 4679 12161 373932 59710 55841 49322 38024 15213 8965 22811 6248 3869 10246 782 9464 276164 49601 59062 7441 6611 11298
is_linear=0
shrinkage=0.05


Tree=65
num_leaves=31
num_cat=0
split_feature=15 19 14 14 21 19 24 14 12 12 25 21 25 23 23 21 14 21 14 23 12 5 21 18 12 14 5 5 21 12
split_gain=782.51 433.013 295.081 244.17 692.039 381.579 402.238 268.657 412.862 291.686 264.514 320.844 264.314 262.799 251.867 280.189 256.191 239.3 220.552 265.607 231.224 209.295 186.777 175.89 173.048 167.863 161.304 210.371 155.906 402.76
threshold=31.400850296020511 0.60294118523597728 250.50000000000003 236.50000000000003 -1.3421354499999998 0.22058823704719546 7.5000000000000009 255.50000000000003 3.6207430340557281 1.3111455108359136 22.695573055744173 -0.57886999499999992 25.014834511280064 2.4041249500000004 1.5186450000000002 -0.76345792499999987 252.50000000000003 0.51909596000000013 260.50000000000006 0.57171410500000008 7.7910216718266261 3.5000000000000004 -0.78959470999999992 169.10294342041018 4.6981424148606825 263.50000000000006 29.500000000000004 18.500000000000004 0.91939226000000007 6.3018575851393193
decision_type=2 2 2 2 2 2 10 2 2 2 2 2 2 2 2 2 2 2 2 2 2 2 2 2 2 2 2 2 2 2
left_child=1 3 17 5 -5 6 -1 8 12 -9 11 -11 -6 21 15 16 23 -3 -13 -20 -21 -7 25 -10 -16 -4 27 -12 -17 -30
right_child=-2 2 22 4 7 13 -8 9 14 10 26 18 -14 -15 24 28 -18 -19 19 20 -22 -23 -24 -25 -26 -27 -28 -29 29 -31
leaf_value=-0.014235904361115255 -0.035353805627423358 0.0047501319218845742 -0.034936827191236516 -0.023291761040320758 0.0088292339875480977 0.0032624903859979413 0.022104392765061275 -0.018004039991749068 0.028207577978804521 -0.032713567252103275 0.0097122289218086154 0.016917617855650841 -0.007182230273757995 0.019491453422044516 -0.054499196975728581 0.029663825587143269 -0.044437343905042281 0.015398007667551734 -0.029384671354574184 0.006839477155554061 -0.040085012806637052 -0.0036995043933718908 2.8984136265778418e-05 -0.0063436169242617321 0.0025442123860086353 -0.0022022027117965166 0.0836706883417455 -0.0078052847227328484 -0.047373738997231123 0.04297199847415295
leaf_weight=10313.390450634062 1550.689811386168 25668.76413474977 796.96118851006031 2545.5069567114115 5732.1527503654361 14287.250620961189 821.27117629721761 2126.2126616984606 735.54516722261906 996.59250029921532 8034.3212001398206 1207.1824184656143 4681.7902701422572 1457.2601520642638 163.42409694939852 4316.4177668467164 242.45621743798256 6641.6080020740628 1014.4955194443464 2131.7247820794582 298.37970663607121 44158.035562813282 7883.7323069274426 736.23564001917839 694.20002664625645 769.38330073654652 66.251179784536362 2177.7425589337945 234.39023727178574 258.19193364679813
leaf_count=75633 37020 138373 3438 11893 25740 74400 4996 9641 3236 4291 34845 5431 23961 7481 852 20521 1015 44646 4214 9444 1230 200639 36199 3323 3539 3389 304 9887 1094 1278
internal_value=-2.77487e-05 0.000334805 0.0046663 -0.00131819 0.00189442 -0.0030545 -0.0115538 0.00368346 0.00804307 -0.00061402 0.00170853 -0.00698292 0.00163097 -0.0014745 0.0170887 0.0204374 0.0030788 0.00693928 -0.00146458 -0.00790977 0.00106375 -0.00199758 -0.00310507 0.0109313 -0.00837648 -0.0188694 0.00648507 0.00597619 0.0266232 -2.6987e-05
internal_weight=152742 151191 41760.4 109430 38393.2 71037.2 11134.7 35847.7 17794.8 18052.9 15926.7 5648.37 10413.9 59902.5 7380.86 6523.24 1714.24 32310.4 4651.78 3444.6 2430.1 58445.3 9450.08 1471.78 857.624 1566.34 10278.3 10212.1 4809 492.582
internal_count=801953 764933 226045 538888 175739 363149 80629 163846 84559 79287 69646 24610 49701 282520 34858 30467 7574 183019 20319 14888 10674 275039 43026 6559 4391 6827 45036 44732 22893 2372
is_linear=0
shrinkage=0.05


Tree=66
num_leaves=31
num_cat=0
split_feature=16 16 22 5 14 11 20 11 14 24 22 14 11 24 12 22 12 14 18 11 12 11 22 14 12 12 14 11 14 12
split_gain=703.307 419.072 298.548 291.108 288.899 229.24 206.022 213.038 361.254 357.913 242.322 409.914 426.518 399.489 321.42 288.962 278.663 224.757 212.874 211.467 278.33 200.129 186.368 182.743 182.037 180.42 177.842 327.161 303.224 512.051
threshold=0.13235294446349147 0.83823528885841381 0.055660221750000009 15.500000000000002 212.50000000000003 103.36032366453911 -9.5233306884765607 20.03343528257712 235.50000000000003 4.5000000000000009 -0.17849789999999996 256.50000000000006 41.848222688509402 3.5000000000000004 0.81578947368421062 -0.32743333499999999 3.9659442724458209 271.50000000000006 161.1470642089844 44.552299488635718 0.94582043343653266 58.047414695861363 -1.5738755999999998 221.50000000000003 10.162538699690405 0.56811145510835925 222.50000000000003 35.008993896410665 250.50000000000003 5.1625386996904039
decision_type=2 2 2 2 2 2 2 2 2 10 2 2 2 10 2 2 2 2 2 2 2 2 2 2 2 2 2 2 2 2
left_child=-1 2 3 6 24 -6 -2 23 18 10 11 14 13 22 -10 17 19 -15 -9 -16 -21 -11 -13 -8 -5 -12 27 -4 29 -28
right_child=1 -3 26 4 5 -7 7 8 9 21 25 12 -14 15 16 -17 -18 -19 -20 20 -22 -23 -24 -25 -26 -27 28 -29 -30 -31
leaf_value=-0.02807468814928667 0.0067962246961327443 0.0074587944310471922 -0.0095141689067413018 -0.029006471778391316 -0.0071642161337391987 0.053973844597998748 0.0010947181298340658 -0.02214617141496 0.033162143964959055 -0.010618773852886497 -0.044977820679358245 0.048541828685942999 -0.023901464050685384 -0.067291839716169685 -0.011694606746972192 0.028541105752346137 0.023391133028200201 0.020202552883565188 -0.0033183163576035236 -0.026066232531852546 0.010298181230498584 -0.1150966981146109 0.0058095367432737296 -0.015045656808034142 0.061001657684243753 0.017627978848290125 0.0032366933439617802 0.0032367169265308791 0.00068978481298989007 0.025863317786089631
leaf_weight=2202.5246112979949 7071.9455102235079 18354.362977847457 7158.6903387345374 2093.6076501533389 7924.7536156140268 155.35764130949974 2592.0075690560043 1566.8073181733489 1142.6600488498807 87.837257891893387 117.67478966712952 277.59669919312 2521.3119358569384 409.29703831672668 2284.5187861248851 144.16481500864029 1706.9280833676457 88.907716929912567 35404.569535106421 588.40118300914764 4908.4532393142581 95.366497159004211 3037.9470859915018 5420.4514727666974 56.814252611249685 3867.5284146666527 6547.778494104743 16915.989852853119 14139.303899489343 4044.5042303353548
leaf_count=46665 39912 103067 37863 15473 42550 811 13042 13194 5045 421 514 1195 11070 1693 10020 605 7910 367 158144 2594 21882 421 12818 22794 433 17607 34874 94887 64494 21980
internal_value=-3.12087e-05 0.000378769 -0.000602984 -0.00241768 -0.0103184 -0.00598217 -0.00131536 -0.00218117 -0.00112962 0.00406053 0.00466626 0.00207962 -0.00783284 0.00240681 0.00812111 -0.0336511 0.00510228 -0.0516687 -0.0041168 0.00108794 0.00640158 -0.0653342 0.00940089 -0.00982481 -0.0266012 0.0157685 0.00250408 -0.000555041 0.00548185 0.011878
internal_weight=152928 150726 132371 83564.9 10230.5 8080.11 73334.4 66262.4 58250 21278.6 21095.4 17110.2 6479.23 3957.91 10631 642.37 9488.3 498.205 36971.4 7781.37 5496.85 183.204 3315.54 8012.46 2150.42 3985.2 48806.3 24074.7 24731.6 10592.3
internal_count=804345 757680 654613 400515 59267 43361 341248 301336 265500 94162 93320 75199 27748 16678 47451 2665 42406 2060 171338 34496 24476 842 14013 35836 15906 18121 254098 132750 121348 56854
is_linear=0
shrinkage=0.05


Tree=67
num_leaves=31
num_cat=0
split_feature=15 15 9 14 25 11 12 14 5 14 11 11 5 14 11 12 11 11 14 12 11 5 11 14 11 14 14 11 12 14
split_gain=782.358 355.109 226.944 190.943 296.906 257.985 574.55 248.881 195.127 225.608 173.571 307.771 308.378 220.277 214.825 206.272 173.318 172.93 261.413 165.262 165.211 180.235 216.748 253.286 163.797 236.454 207.125 164.012 191.061 156.445
threshold=31.400850296020511 2.4365237951278691 74.500000000000014 237.50000000000003 26.694967439770704 14.008156353618409 5.7058823529411775 256.50000000000006 9.5000000000000018 206.50000000000003 26.681275045320444 38.922266629043015 29.500000000000004 269.50000000000006 26.484862307103892 1.2368421052631582 39.506411314737228 54.480110909097803 174.50000000000003 5.1904024767801866 40.166163226999004 23.500000000000004 77.059271984725001 265.50000000000006 51.624088383588266 181.50000000000003 196.50000000000003 78.397701685042946 7.1718266253869976 200.50000000000003
decision_type=2 2 2 2 2 2 2 2 2 2 2 2 2 2 2 2 2 2 2 2 2 2 2 2 2 2 2 2 2 2
left_child=1 24 3 4 8 -5 10 -8 17 -10 14 12 13 15 -7 -12 -13 -3 -19 20 -18 22 -22 -24 -1 -26 27 28 -27 -20
right_child=-2 2 -4 5 -6 6 7 -9 9 -11 11 16 -14 -15 -16 -17 19 18 29 -21 21 -23 23 -25 25 26 -28 -29 -30 -31
leaf_value=0.0018704346654648677 -0.036091500493310523 -0.0012138812596660053 0.011461529866675564 -0.0081080325101924623 -0.008411963740610243 -0.0071933146815819811 0.031001666422563287 0.0074220319487877905 -0.012930135297130023 -0.00066333571020547172 -0.069308292887934941 -0.048051509217821892 0.10419975196807725 0.029840769924922211 -0.093110048857823702 0.0067435990405683363 0.039294352557052076 0.023761997868375052 -0.0057391252877643821 0.060576674441731537 -0.0029765356529325602 -0.020981917200676176 0.019602377332696957 -0.03087240506523671 0.021028222761546742 -0.016026050488498499 0.0098265486923885658 0.011039915018319437 0.027872350701292722 0.0086459091268405574
leaf_weight=23510.169914923608 1486.4946424923837 22387.284511566162 3497.0966882258654 6375.1318668574095 19077.978521611542 4506.0253760740161 2304.2863945141435 2176.3957400918007 6292.0961446464062 9269.4589324593544 89.332352451980114 197.72670270502567 85.051054589450359 1098.4276191443205 72.96023066341877 6890.7846127003431 244.21593239158392 1836.1638079658151 3181.0152011290193 106.95465185493231 14503.097704187036 1171.2028454318643 2042.3277518302202 282.05473729968071 3030.1337649673223 2317.5098922103643 8315.2440715953708 1195.591315060854 276.61792248487473 4654.4664644449949
leaf_count=121947 37447 110328 17716 27220 116722 19990 11662 9609 29587 41608 383 888 432 4808 312 31233 1099 10166 15936 547 66613 7515 10195 1319 19377 11461 44568 7139 1618 24096
internal_value=-7.36698e-06 0.000348125 -0.00107408 -0.00147694 -0.00314163 0.00115755 0.00280905 0.0195526 -0.00103007 -0.00562376 0.000410867 0.0019528 0.010042 0.00903794 -0.00858232 0.00576049 -0.00160797 0.00119984 0.0067865 -0.00110493 -0.00146986 -0.00202512 -0.000704547 0.0134668 0.00448237 0.00853925 0.00541151 -0.00427582 -0.0113361 0.00280595
internal_weight=152473 150987 112342 108844 66698.5 42146 35770.8 4480.68 47620.5 15561.6 31290.2 26711.2 8163.6 8078.54 4578.99 6980.12 18547.6 32058.9 9671.65 18349.9 18242.9 17998.7 16827.5 2324.38 38645.3 15135.1 12105 3789.72 2594.13 7835.48
internal_count=803541 766094 559984 542268 348443 193825 166605 21271 231721 71195 145334 125032 36856 36424 20302 31616 88176 160526 50198 87288 86741 85642 78127 11514 206110 84163 64786 20218 13079 40032
is_linear=0
shrinkage=0.05


Tree=68
num_leaves=31
num_cat=0
split_feature=15 18 0 14 21 14 11 18 11 14 23 11 14 18 25 14 11 23 21 21 11 5 25 18 23 14 21 14 21 14
split_gain=662.789 368.377 229.42 212.376 293.294 279.607 352.709 224.996 208.012 205.639 188.985 262.597 203.402 202.601 213.593 155.025 149.606 134.177 133.978 130.616 186.317 218.174 138.802 126.121 131.402 120.398 113.764 112.932 111.163 110.153
threshold=31.400850296020511 185.39170837402347 1.0564991235733034 203.50000000000003 -1.5734585999999997 172.50000000000003 63.742673904464901 156.63235473632815 88.744555543150895 165.50000000000003 1.4116550000000003 97.424542144990468 189.50000000000003 163.92513275146487 21.640113502740864 170.50000000000003 105.05147439454778 0.63108661500000018 -0.30160026499999998 0.51909596000000013 12.778281696572909 7.5000000000000009 20.671843186020855 169.52228546142581 0.85595423000000015 216.50000000000003 0.25288889000000009 163.50000000000003 0.27952314500000003 239.50000000000003
decision_type=2 2 2 2 2 2 2 2 2 2 2 2 2 2 2 2 2 2 2 2 2 2 2 2 2 2 2 2 2 2
left_child=1 2 8 5 -5 6 7 -4 19 -8 13 12 -12 -7 18 -3 -11 26 -15 -1 -21 22 25 24 -9 27 -16 -22 -13 -6
right_child=-2 15 3 4 29 10 9 23 -10 16 11 28 -14 14 17 -17 -18 -19 -20 20 21 -23 -24 -25 -26 -27 -28 -29 -30 -31
leaf_value=-0.00042998175992677018 -0.033870299758052592 0.020964395864880567 -0.048430376236549236 -0.027775486131825591 -0.0026312209512312501 -0.031405441618761153 0.0026236409764240128 -0.027421930507138089 0.012966939000654111 0.033539769471634256 -0.016545140871373067 0.099467133558626866 0.0073595392964174531 -0.0089492725658931373 0.017848342947580167 0.0056560326273999047 0.09846962508877577 -0.010372678994587776 -0.031330166694885246 -0.010316131124157241 0.025206081928822351 0.00019166546521893314 0.016189406872842978 0.0045190559441032774 -0.0035401651201350214 0.01494349137398417 -0.016666434533404127 -0.020575340256729371 0.026295364135563395 0.0029009733434915068
leaf_weight=56491.10097162798 1427.0191880762577 1861.2664526104927 272.18499847501516 965.83538949862123 18021.605223242193 1611.0582189559937 551.03548815846443 761.96689072623849 3629.6166879683733 561.56794681400061 1991.2737591192126 66.898518141359091 1607.3983887694776 1085.8528322055936 909.29526980221272 14791.747046262026 104.96892216801643 3509.8795236721635 1743.9203653633595 1836.9749107025564 163.26396236568689 6891.8481046371162 5776.4274523034692 3416.415742456913 2351.8207536414266 721.23526936024427 322.74087809026241 749.78859163820744 225.79203274846077 17968.169005170465
leaf_count=270335 37139 14826 4120 4678 92232 13942 3301 4087 20223 3207 11151 402 8441 4716 4122 81912 618 16089 7911 8405 902 33078 33961 18269 12611 3828 1513 4188 1243 82670
internal_value=3.33191e-05 0.000354025 -0.000515703 -0.00288422 -0.000599289 -0.00688707 0.000462925 -0.00397425 0.00128724 0.0252356 -0.0113954 -0.00216016 -0.0058687 -0.0153084 -0.0118796 0.00736817 0.0438974 -0.00539026 -0.0227483 0.000703389 0.00467016 0.00659554 0.0125502 -0.00211414 -0.00939114 -0.000314662 0.00880076 -0.0123705 0.0433015 0.000130773
internal_weight=152390 150963 134310 58049.7 36955.6 21094.1 8019.96 6802.39 76260.3 1217.57 13074.1 3891.36 3598.67 9182.75 7571.69 16653 666.537 4741.92 2829.77 72630.6 16139.5 14302.6 7410.72 6530.2 3113.79 1634.29 1232.04 913.053 292.691 35989.8
internal_count=804120 766981 670243 295323 179580 115743 46213 39087 374920 7126 69530 21237 19592 48293 34351 96738 3825 21724 12627 354697 84362 75957 42879 34967 16698 8918 5635 5090 1645 174902
is_linear=0
shrinkage=0.05


Tree=69
num_leaves=31
num_cat=0
split_feature=17 20 18 5 21 11 20 11 23 5 23 11 23 12 23 23 24 12 12 11 5 20 11 21 12 21 20 25 20 11
split_gain=612.501 492.113 328.127 271.328 333.744 310.488 287.268 237.825 301.916 225.702 218.193 222.578 215.495 204.275 186.294 172.921 162.968 251.641 250.614 156.105 149.409 139.815 139.241 273.86 259.905 269.057 226.827 209.388 182.767 176.062
threshold=157.66176605224612 65.31754302978517 190.41741943359378 10.500000000000002 0.54695698500000012 11.857232115548266 46.646110534667976 48.568307223703847 0.59889301500000014 19.500000000000004 0.36691397000000009 31.623580255721567 1.6783351500000003 5.7058823529411775 1.8392467500000003 0.64900642500000016 4.5000000000000009 0.32507739938080499 9.1253869969040267 38.7119807903035 5.5000000000000009 46.151657104492195 20.03343528257712 0.27952314500000003 6.2523219814241502 -0.55150461499999992 61.546920776367195 22.695573055744173 -6.5469207763671866 11.403051592271213
decision_type=2 2 2 2 2 2 2 2 2 2 2 2 2 2 2 2 8 2 2 2 2 2 2 2 2 2 2 2 2 2
left_child=1 -1 3 4 7 -6 9 10 20 16 11 -2 15 -8 -15 -7 18 -18 -5 -13 -9 -22 23 29 25 -24 28 -26 -27 -12
right_child=2 -3 -4 6 5 12 13 8 -10 -11 22 19 -14 14 -16 -17 17 -19 -20 -21 21 -23 24 -25 27 26 -28 -29 -30 -31
leaf_value=-0.037960929494736256 -0.0028809694766377268 -0.0068772125873371977 0.01460995001900693 -0.018455420667747059 -0.014047331372016565 0.033045856920554263 -0.0022828087758146047 0.02293132127882079 0.00093345187591001029 -0.026328229596969913 0.0028160735570159244 -0.039804862846095572 0.019262224967123751 0.011481389689384391 -0.027592779838382039 0.0052417688550077919 0.054330674961285214 -0.0041500755548564633 0.040872711769868744 -0.0097987366232280132 4.4271759062740963e-05 0.020595783040399534 -0.0063622158202026784 -0.027865998868894983 0.019142719796049267 0.010609065669459824 0.01381020600453953 0.0019295741200557907 -0.0049321483891702645 -0.0089373859279702327
leaf_weight=1717.1291486807168 2360.5150918327272 4920.8715020976961 4065.7534812316298 3511.0772372707725 1622.0703438073397 578.27286043018103 22913.76476366818 2544.96637403965 19095.16397453472 1677.1933722533286 6475.9783609546721 969.38026723265648 3892.3246936015785 4631.892508033663 325.60119583085179 16180.975094862282 187.27461015060544 8008.4863568916917 186.58051689341664 784.88557117804885 2392.5296334587038 1264.2099796682596 13720.697995550931 1208.052441585809 3062.5449247509241 2627.486752666533 3870.0065291523933 4174.2925600633025 6748.4851361699402 6270.4475299939513
leaf_count=40780 11299 30994 24821 17772 7663 2979 108445 15211 93949 14866 30273 4599 23708 21952 1607 88733 921 39027 950 3870 11702 5813 63302 5511 15394 15158 17488 21963 32800 29572
internal_value=-7.08927e-05 -0.0149225 0.000607461 0.000204411 0.00161607 0.00701062 -0.00319656 6.69837e-05 0.00404665 -0.00916212 -0.00185898 -0.0129088 0.00866521 -0.000291681 0.00891001 0.00620306 -0.00673936 -0.00280731 -0.0154515 -0.0263929 0.0136306 0.00715304 -0.00091459 -0.00512359 0.000802714 -0.00145525 0.00362767 0.00921561 -0.000576271 -0.00296614
internal_weight=151989 6638 145351 141285 99843.3 22273.6 41441.9 77569.6 25296.9 13570.6 52272.8 4114.78 20651.6 27871.3 4957.49 16759.2 11893.4 8195.76 3697.66 1754.27 6201.71 3656.74 48158 13954.5 34203.5 26966.7 13246 7236.84 9375.97 12746.4
internal_count=803122 71774 731348 706527 500987 123083 205540 377904 126675 73536 251229 19768 115420 132004 23559 91712 58670 39948 18722 8469 32726 17515 231461 65356 166105 128748 65446 37357 47958 59845
is_linear=0
shrinkage=0.05


Tree=70
num_leaves=31
num_cat=0
split_feature=17 20 16 19 0 11 12 23 23 12 23 23 11 12 17 20 23 20 5 20 11 12 20 12 11 25 20 11 11 12
split_gain=549.719 484.555 311.36 187.972 160.14 148.737 144.034 151.155 136.191 131.319 140.045 264.857 149.584 121.76 210.326 182.206 225.379 172.956 165.735 162.791 113.873 112.945 112.227 111.501 111.059 109.8 109.56 108.901 103.541 156.961
threshold=157.66176605224612 63.940284729003913 0.83823528885841381 0.63235294818878185 10.090156078338625 88.744555543150895 1.8157894736842108 0.50913557500000006 1.3568360000000002 6.0541795665634686 0.83387655500000013 1.2706497500000002 119.69848180428473 3.0789473684210531 179.88861083984378 35.621322631835945 0.77340608500000008 95.507575988769545 11.500000000000002 42.333641052246101 6.8989440573627379 7.7910216718266261 48.075370788574226 4.4907120743034072 87.722411732163422 25.014834511280064 -9.5233306884765607 29.781702899261621 48.249919299797476 1.1377708978328176
decision_type=2 2 2 2 2 2 2 2 2 2 2 2 2 2 2 2 2 2 2 2 2 2 2 2 2 2 2 2 2 2
left_child=1 -1 3 4 5 13 -3 21 -9 10 23 22 -13 18 15 16 -15 25 -2 -20 -19 -8 -12 -7 -16 -17 -4 -10 29 -28
right_child=2 6 26 -5 -6 9 7 8 27 -11 11 12 -14 14 24 17 -18 20 19 -21 -22 -23 -24 -25 -26 -27 28 -29 -30 -31
leaf_value=-0.037869684958007292 -0.0010377164752888625 -0.024563434020783689 0.01497629763416624 0.0039259731812496187 -0.0058689940416431679 0.016611055947660224 -0.030545479405859683 0.0088740933697082167 -0.027094269899899926 -0.046106254737621755 -0.015564973880573233 0.024340895414334814 -0.025764056423442008 -0.016753489424339681 -0.0019261307976213308 0.01514782526467782 0.0029327799700016523 -0.028381031589901157 -0.022803292303597136 -0.0057417885746428084 0.0010720562720271593 0.049099745594056658 0.012021338915863974 0.065327109526798377 -0.060398829871559423 0.0047675162596976803 -0.053147007368230428 0.0033056951350903113 0.0094932774282274271 0.0019916340339392181
leaf_weight=1619.7152812927961 23006.470170147717 894.55550705641508 3314.1737890467048 22247.101614922285 15257.873456774279 1710.7058728933334 596.89880415424705 2273.2165017388761 595.04326550662518 110.26946791261435 1529.3352308496833 1340.4490892328322 166.74307360872626 1870.3866800442338 29889.593238562346 6299.5965342149138 6515.7228830829263 371.60408169031143 1736.4069112837315 7165.0347246751189 2751.4714406728745 47.205260753631592 484.87200050055981 125.30341658741236 80.428550839424133 4278.9213015772402 130.2046233266592 582.10495439171791 6736.6717664450407 7928.0187185555696
leaf_count=39906 109424 7229 23461 118450 81413 8379 3776 13474 3189 566 7715 7125 868 9025 143857 28543 31885 1551 8670 33349 11714 228 2291 658 405 22015 574 4212 37921 40622
internal_value=-1.53879e-05 -0.0141171 0.000627216 -0.000247784 -0.00113475 -0.000326997 -0.00639964 -0.0024262 0.0017268 0.00766284 0.00877794 0.00293877 0.0187843 -0.000847365 0.000643299 0.00434524 -0.0014594 0.00789784 -0.00327932 -0.00907217 -0.00244043 -0.0246414 -0.00892156 0.0199696 -0.00208506 0.0109499 0.00676034 -0.0120713 0.00491901 0.00109422
internal_weight=151656 6608.74 145047 126938 104691 89433.3 4989.02 4094.47 3450.36 5467.68 5357.41 3521.4 1507.19 83965.6 52057.7 22087.7 8386.11 13701.6 31907.9 8901.44 3123.08 644.104 2014.21 1836.01 29970 10578.5 18109.1 1177.15 14794.9 8058.22
internal_count=802495 72014 730481 627903 509453 428040 32108 24879 20875 27602 27036 17999 7993 400438 248995 104733 40910 63823 151443 42019 13265 4004 10006 9037 144262 50558 102578 7401 79117 41196
is_linear=0
shrinkage=0.05


Tree=71
num_leaves=31
num_cat=0
split_feature=17 14 17 0 11 20 11 24 14 14 11 11 11 11 24 14 14 11 14 24 11 11 2 14 14 11 14 14 11 24
split_gain=468.287 493.422 290.445 238.856 242.771 175.702 242.338 201.005 311.922 327.913 269.087 256.327 253.413 210.851 222.572 238.122 213.693 310.22 202.683 189.127 277.933 203.563 185.345 181.159 193.056 241.415 179.138 163.481 155.707 154.059
threshold=157.66176605224612 219.50000000000003 213.25555419921878 8.4039444923400897 88.744555543150895 -4.4447250366210929 54.480110909097803 4.5000000000000009 235.50000000000003 254.50000000000003 16.61007971562238 41.848222688509402 42.379285719833881 25.230167303280474 3.5000000000000004 270.50000000000006 268.50000000000006 33.789285444495953 250.50000000000003 3.5000000000000004 36.565737825728981 44.552299488635718 0.4394026473164559 248.50000000000003 263.50000000000006 12.319892726561788 248.50000000000003 238.50000000000003 59.618031340925135 7.5000000000000009
decision_type=2 2 2 2 2 2 2 10 2 2 2 2 2 2 10 2 2 2 2 8 2 2 2 2 2 2 2 2 2 10
left_child=1 -1 3 4 5 6 -2 8 22 10 18 13 -13 -11 15 -15 -16 -18 -10 26 27 -22 -7 -9 -25 -26 28 -21 -12 -6
right_child=2 -3 -4 -5 29 7 -8 23 9 11 19 12 -14 14 16 -17 17 -19 -20 20 21 -23 -24 24 25 -27 -28 -29 -30 -31
leaf_value=-0.037577944656079582 0.0029994359981840042 -0.0053966786870033407 0.017866686555585078 -0.0045875817812507892 0.010797081211622738 0.0056416273326279371 0.021096641845769398 0.0077425281936000295 -0.0017064130627241253 -0.0057135925141935289 -0.0098340507296373007 -0.069220572901894761 -0.010587409120832858 0.0074924220008977197 -0.046843274751200585 0.04089557108761957 0.045455665865625591 -0.046612432571834395 -0.043162224938801702 -0.0059942994177050336 -0.01249707194618109 0.012193847424305607 -0.0049871694363910904 -0.0091998841692704971 -0.014385710852132994 0.015636545240742806 0.023099013787263579 0.029771137441058849 0.018705778882422922 -0.043462933654873685
leaf_weight=1566.9920806605369 13496.321716889739 4957.4531020149589 2383.906530931592 21475.105518437922 7382.4081817641854 4541.0000722669065 2142.7805432453752 13010.653858723119 1994.5304219350219 5648.5964347273111 2430.7698905691504 192.5985492169857 3850.8989771604538 4667.1127380058169 342.53329522907734 601.5337089151144 221.9293545037508 154.20384632050991 345.00340341031551 357.37131077051163 1014.1409184709191 4700.1502315700054 42314.008328314871 4153.4956899955869 937.65458492934704 2335.7603091001511 747.08765205740929 2990.6514268741012 593.84029652178288 132.2112385481596
leaf_count=40037 76589 32028 14844 112211 40703 22213 14587 75552 8741 24002 10610 817 16798 20212 1440 2581 999 638 1438 1647 4738 22616 200861 20612 3848 10955 3238 15079 2588 712
internal_value=-2.72521e-05 -0.0131303 0.000561779 0.000272715 0.00113322 0.000558339 0.0054802 -0.000225989 -0.00138643 0.00251734 0.007757 -0.00255344 -0.0133966 0.00121542 0.0077523 0.0113132 -0.0183325 0.00768687 -0.0078356 0.0105998 0.0145152 0.00781042 -0.00395697 0.0041861 -0.00204435 0.00703504 0.0011909 0.0259528 -0.00422632 0.00983678
internal_weight=151683 6524.45 145158 142774 121299 113785 15639.1 98145.5 77708 30853 15173.5 15679.4 4043.5 11635.9 5987.31 5268.65 718.666 376.133 2339.53 12834 9062.31 5714.29 46855 20437.6 7426.91 3273.41 3771.7 3348.02 3024.61 7514.62
internal_count=803934 72065 731869 717025 604814 563399 91176 472223 361256 138182 70695 67487 17615 49872 25870 22793 3077 1637 10179 60516 44080 27354 223074 110967 35415 14803 16436 16726 13198 41415
is_linear=0
shrinkage=0.05


Tree=72
num_leaves=31
num_cat=0
split_feature=15 22 5 14 21 11 11 21 21 14 21 14 21 14 14 25 11 25 0 14 14 11 21 14 11 14 14 21 11 22
split_gain=522.892 349.152 327.671 504.653 308.133 293.89 290.506 267.642 240.717 235.628 330.863 299.436 270.793 327.597 236.658 229.968 226.497 206.291 202.81 214.163 269.347 449.137 218.512 269.355 236.43 201.609 294.92 247.94 502.486 267.986
threshold=31.400850296020511 0.38392488500000005 8.5000000000000018 207.50000000000003 -0.071224827349999978 23.68438548846142 111.65133048040369 -0.97553550999999994 1.5015317500000001 215.50000000000003 -1.5327152499999999 235.50000000000003 -0.78959470999999992 251.50000000000003 259.50000000000006 21.65932177305222 50.9687315441968 26.694967439770704 0.43299245834350591 225.50000000000003 253.50000000000003 60.43594982190168 0.080794680850000009 268.50000000000006 52.526247973239556 260.50000000000006 245.50000000000003 0.29393150000000007 59.618031340925135 0.066633861500000016
decision_type=2 2 2 2 2 2 2 2 2 2 2 2 2 2 2 2 2 2 2 2 2 2 2 2 2 2 2 2 2 2
left_child=1 2 4 5 9 7 8 -4 18 17 16 15 13 -13 -15 -12 -11 -1 -3 -20 21 -21 24 -24 -22 26 -5 -28 29 -29
right_child=-2 6 3 25 -6 -7 -8 -9 -10 10 11 12 -14 14 -16 -17 -18 -19 19 20 22 -23 23 -25 -26 -27 27 28 -30 -31
leaf_value=0.0037204631073064392 -0.031789009036971065 0.006416498190226297 0.045044081987102816 -0.0030728649320774502 0.0055367335789011105 -0.015556336249064813 0.028682595277420932 -0.019017888442284435 0.023042538173629067 -0.045974773754393565 0.0039228648279211499 0.0051772907899649227 0.0081444603597625367 -0.053669594302649816 -0.011418799791385971 -0.018287607052610101 0.019532396090251133 -0.0077326614827208946 -0.0064795963238350853 0.027729598455356264 -0.011388229957299286 -0.017214358250290055 -0.0067580199346523491 0.035384929635108676 -0.082778275453554109 -0.0087989578203701967 0.015749829152013752 -0.019529922420278577 0.019902344511728134 0.020057248114878686
leaf_weight=20504.533504866064 1276.5890055093914 18335.541663825512 393.28448075242341 19081.444774728268 25604.313311392441 10486.908722842112 1210.8972008787096 277.23490469902754 1549.083711579442 784.30182784795761 1551.4015611708164 1545.2008748203516 5567.5646726489067 551.79246190190315 829.46000555157661 4679.904590010643 158.01730787754059 4863.3075206689537 8744.1617532297969 2232.8525829911232 1585.3021001666784 739.26181932538748 1012.8262468129396 604.77552378177643 124.18697474896908 7231.2278740927577 4776.4428112506866 2526.6609799191356 1905.7590890601277 513.68142034113407
leaf_count=100807 37095 103795 2092 93675 137552 57187 7255 1642 9818 3472 6788 6795 24520 2312 3581 20652 757 26243 50003 11387 6799 4079 4708 2771 526 31833 21585 11431 9235 2528
internal_value=6.31238e-05 0.000334466 -0.00102488 -0.00421259 0.00123261 -0.0135041 0.00461612 0.018568 0.00378098 -0.00145304 -0.00627391 -0.00443462 0.0016724 -0.0106392 -0.0283241 -0.0127581 -0.0349808 0.00152455 0.0028864 -0.00141638 0.00561198 0.0165485 -0.00415976 0.00901016 -0.0166198 -0.0013354 0.000538559 0.00762592 -0.000220928 -0.0128371
internal_weight=151248 149971 113832 47192.6 66639.8 11157.4 36138.9 670.519 34928 41035.5 15667.6 14725.3 8494.02 2926.45 1381.25 6231.31 942.319 25367.8 33378.9 15043.4 6299.21 2972.11 3327.09 1617.6 1709.49 36035.2 28804 9722.54 4946.1 3040.34
internal_count=802923 765828 564687 231208 333479 60921 201141 3734 193886 195927 68877 64648 37208 12688 5893 27440 4229 127050 184068 80273 30270 15466 14804 7479 7325 170287 138454 44779 23194 13959
is_linear=0
shrinkage=0.05


Tree=73
num_leaves=31
num_cat=0
split_feature=15 18 13 5 21 23 14 20 17 23 14 21 23 13 20 14 23 21 14 5 20 21 21 14 23 14 21 21 21 17
split_gain=499.591 285.738 201.735 257.824 154.382 153.194 172.912 315.593 178.039 141.242 137.756 119.065 113.936 116.863 110.418 108.099 544.467 264.237 253.084 302.119 223.459 208.626 205.108 388.273 210.528 340.634 248.512 195.283 176.382 221.06
threshold=31.400850296020511 185.39170837402347 -23.598412770189732 3.5000000000000004 1.1001508500000001 2.4041249500000004 203.50000000000003 7.6948242187500009 189.94999694824222 1.1894188000000001 169.50000000000003 -1.2089223499999997 0.90576759000000007 -74.162986720067323 83.671569824218764 237.50000000000003 1.3613375000000001 -0.85476556499999989 252.50000000000003 28.500000000000004 -3.9687194824218746 0.70677247500000007 -0.72949796999999983 259.50000000000006 0.62443945000000012 265.50000000000006 -0.14242072499999997 -0.78959470999999992 0.29393150000000007 177.64930725097659
decision_type=2 2 2 2 2 2 2 2 2 2 2 2 2 2 2 2 2 2 2 2 2 2 2 2 2 2 2 2 2 2
left_child=1 2 3 -1 15 6 7 -5 -8 12 -3 -11 13 -9 -7 17 18 -4 21 22 -19 -17 23 -20 25 -24 -27 -18 -22 -30
right_child=-2 10 4 5 -6 14 8 9 -10 11 -12 -13 -14 -15 -16 16 27 20 19 -21 28 -23 24 -25 -26 26 -28 -29 29 -31
leaf_value=0.0088889080433882037 -0.031525077797933503 0.019852385947814164 0.0014002008198975909 0.0048174823999244032 0.0046775691862609471 0.033785316659784147 0.0055200432581653689 0.010218426019976258 -0.0030902832658302138 -0.014328275705474874 0.0048990159653874519 0.0035640577968548896 -0.02246145412451319 -0.012575816793817203 -0.020565429048946041 0.012456964294901568 -0.021452651604828638 0.00061343109616623633 -0.044867535576248285 0.059731624979513322 -0.012396721969499869 -0.010462143168997755 0.003482215925644769 0.0027792002890205439 0.006432367797784686 0.0030446842471451886 -0.032563127478917681 -0.0040781322572594697 -0.011747136615715081 0.0070335410357399769
leaf_weight=10466.962711345404 1246.263744994998 1718.4873260483146 13284.489947512746 6238.4934642799199 7567.6572893541306 533.38249223306775 16360.616494238377 672.84247690439224 9482.6956942901015 1372.8635096512735 14785.763486601412 2875.7798428349197 2447.2240568846464 3401.2429968733341 112.5458816960454 7941.5952165052295 3445.5759465843439 7095.5765347778797 759.30873556435108 200.02598046511412 15825.084793940187 1134.0037168115377 3303.0737196728587 976.76993698626757 6485.232859686017 708.17433741688728 1588.3387987613678 3048.1108879819512 3176.074621681124 3090.5780225768685
leaf_count=61191 37294 14087 67822 32669 39107 3223 75707 3391 48483 6176 82999 14271 11565 15403 649 37731 15898 36799 3251 892 84342 5578 14393 4235 28445 2977 6652 13961 21006 14595
internal_value=-1.12504e-05 0.000250616 -0.000516179 0.00184401 -0.00211567 0.000148607 -0.000215971 -0.00413091 0.00236066 -0.00931423 0.00645713 -0.0022195 -0.0139354 -0.00880972 0.0242981 -0.00282912 -0.000509011 -0.0044455 0.00308737 -0.00112363 -0.0071061 0.00959237 -0.00200863 -0.0180739 0.000300576 -0.00680092 -0.0215862 -0.013299 -0.00958543 -0.00248527
internal_weight=151345 150099 133594 53964.6 79629.7 43497.7 42851.8 17008.4 25843.3 10770 16504.3 4248.64 6521.31 4074.09 645.928 72062 29590.2 42471.8 23096.5 14020.9 29187.3 9075.6 13820.9 1736.08 12084.8 5599.59 2296.51 6493.69 22091.7 6266.65
internal_count=804792 767498 670412 272728 397684 211537 207665 83475 124190 50806 97086 20447 30359 18794 3872 358577 134013 224564 104154 60845 156742 43309 59953 7486 52467 24022 9629 29859 119943 35601
is_linear=0
shrinkage=0.05


Tree=74
num_leaves=31
num_cat=0
split_feature=15 16 9 21 11 21 0 11 11 12 14 12 21 14 14 21 11 12 21 12 25 20 11 12 14 21 11 11 14 14
split_gain=458.705 272.804 211.851 180.038 215.314 333.316 188.348 182.424 204.866 249.097 167.496 514.571 194.165 124.111 124.049 489.525 288.059 390.079 230.745 342.975 241.89 230.811 245.803 234.206 259.341 230.13 344.158 282.288 265.283 229.604
threshold=34.422899246215827 0.83823528885841381 75.500000000000014 1.1001508500000001 98.898445862815393 0.64818123000000016 13.124871730804445 119.69848180428473 45.235057061024868 1.7941176470588238 267.50000000000006 0.61145510835913319 2.3039530500000001 165.50000000000003 236.50000000000003 -0.92808919999999995 14.008156353618409 5.7058823529411775 -0.85476556499999989 6.2523219814241502 22.695573055744173 -2.4217987060546871 50.76485803746403 4.3544891640866874 205.50000000000003 0.29393150000000007 42.957109953562274 29.781702899261621 217.50000000000003 183.50000000000003
decision_type=2 2 2 2 2 2 2 2 2 2 2 2 2 2 2 2 2 2 2 2 2 2 2 2 2 2 2 2 2 2
left_child=1 2 3 4 6 -6 14 8 9 -5 -10 -12 -13 -11 18 -16 -17 -18 19 -1 -21 -20 25 24 29 -23 27 -27 -28 -24
right_child=-2 -3 -4 7 5 -7 -8 -9 10 13 11 12 -14 -15 15 16 17 -19 21 20 -22 22 23 -25 -26 26 28 -29 -30 -31
leaf_value=-0.0018973104691298152 -0.034392956699929929 0.0061165755248035573 0.011171642650927939 -0.035569076909395994 0.021356524825109541 -0.0089559796827041321 -0.0076519673959504729 -0.027446035908317165 0.01313636814508363 0.021923781796576228 -0.083866374838259483 0.017606850930126091 -0.088773813828160464 -0.0020838551033965109 -0.012229053846658086 -0.0072936966080032646 0.0035553148549281408 0.021655833590136293 0.002894418852096757 0.026176760601750546 0.0040945519583257652 -0.012902967126813476 0.0054478137590619723 0.0067147142111414846 0.00081157771673165185 -0.0093683578617021115 -0.030307630804220144 0.020137844684605322 0.040796544405254993 -0.019582346415450893
leaf_weight=13161.52971785143 955.65230066329241 17986.525576978922 3809.2072972208261 506.02618854679167 2449.0533222258091 1439.1230315156281 12351.747331023216 425.05726359598339 7202.1873297747225 632.60038465075195 184.90555223822594 617.98228484392166 45.09716223180294 3579.5514258462936 5578.439138635993 4750.5888010933995 20521.595061644912 3480.6383227035403 9032.729745529592 2140.4954390153289 2947.5250329952687 14912.928006280214 1180.0707125719637 5597.4892432522029 6770.5716268662363 1357.5859601050615 1140.0851156897843 2009.1417506374419 147.33997954055667 4090.7011077813804
leaf_count=65024 30813 102800 19589 2596 13392 8194 72238 2381 39975 3850 792 3023 193 18602 25581 20182 93605 16890 50704 10093 15488 73853 5849 29061 33644 7594 6080 10761 720 20348
internal_value=0.000119813 0.000339851 -0.000446965 -0.000792131 -0.0014265 0.0101376 -0.00183104 0.0047399 0.00581343 -0.00245909 0.0106616 -0.0103478 0.0102489 0.00152607 -0.0011034 0.00132453 0.00395445 0.00618092 -0.00239594 0.00236469 0.0133877 -0.00427488 -0.00601545 -0.00173488 -0.00566295 -0.00987391 -0.000167476 0.00824063 -0.0221447 -0.0139784
internal_weight=151004 150049 132062 128253 115059 3888.18 111171 13193.4 12768.4 4718.18 8050.17 847.985 663.079 4212.15 98819.5 34331.3 28752.8 24002.2 64488.2 18249.6 5088.02 46238.6 37205.9 17638.8 12041.3 19567.1 4654.15 3366.73 1287.43 5270.77
internal_count=803915 773102 670302 650713 579301 21586 557715 71412 69031 25048 43983 4008 3216 22452 485477 156258 130677 110495 329219 90605 25581 238614 187910 88902 59841 99008 25155 18355 6800 26197
is_linear=0
shrinkage=0.05


Tree=75
num_leaves=31
num_cat=0
split_feature=15 22 20 21 4 14 23 21 14 21 22 22 23 14 3 14 22 21 14 23 23 14 13 23 13 14 14 25 14 20
split_gain=413.471 307.353 313.19 238.659 199.275 183.314 202.488 150.367 240.184 275.14 298.564 254.806 275.932 385.841 259.265 239.65 238.308 476.203 441.727 404.141 344.641 315.881 255.531 218.232 210.423 191.915 205.96 175.055 348.211 176.311
threshold=31.400850296020511 0.055660221750000009 -9.5233306884765607 1.5015317500000001 288.59981783479458 214.50000000000003 1.1008879500000004 -0.21211291499999999 191.50000000000003 0.24118209000000004 -0.41909230999999997 -0.76042082999999983 1.57960955 180.50000000000003 9.6250452846288699 254.50000000000003 -0.37704915999999994 1.0670309000000002 268.50000000000006 0.61457589000000012 2.1617061000000004 266.50000000000006 -33.07917245738092 0.71783736500000017 -55.88892480083986 243.50000000000003 234.50000000000003 24.45667386054993 256.50000000000006 86.731285095214858
decision_type=2 2 2 2 2 2 2 2 2 2 2 2 2 2 2 2 2 2 2 2 2 2 2 2 2 2 2 2 2 2
left_child=1 2 -1 -3 7 -6 -7 27 11 10 25 12 13 -9 -15 -11 17 18 -17 21 -21 -18 -23 -20 -14 26 -10 28 -4 -29
right_child=-2 3 4 -5 5 6 -8 8 9 15 -12 -13 24 14 -16 16 19 -19 23 20 -22 22 -24 -25 -26 -27 -28 29 -30 -31
leaf_value=0.0073334081401623093 -0.029407951768229898 0.0025213717205767763 0.00078716435017504415 0.017587916706719168 -0.027182874675741178 0.0016732848628474334 -0.01789414949003262 -0.0079538251650509654 0.016644335996009355 0.0029355130803706241 -0.00071837947758221412 0.0016662227304398748 0.045706469602383976 -0.0042981136063760831 -0.059282828844950036 -0.017758470675597701 0.0057781388900147073 -0.048827321723537875 -0.022265315107302428 0.020526689690895911 -0.088777282124909609 0.062594114326099556 -0.057885850388896092 0.05137405071554673 -0.0069271674773823859 0.027281080010210054 -0.010758786164426616 -0.0094698569944428462 -0.01888639077011281 0.0090638440207520231
leaf_weight=9223.325902916491 1180.1196652408689 51693.3216260802 22775.036895796657 2768.2410743832588 1335.8426211532205 3160.1729810163379 2271.9405081383884 1431.4137006029487 2442.2130829840899 13757.457423973829 4261.5271067321301 3961.5603305548429 235.94292362779379 280.00114249438047 916.17731861397624 1912.6664967611432 522.49561011791229 908.44153069704771 132.65567737817764 1748.7014895826578 74.240041568875313 47.1944729834795 527.6647734194994 409.28268958628178 955.37932305037975 2467.6805961430073 952.40130738168955 14588.037103906274 2494.583537504077 1406.1716958582401
leaf_count=55237 37133 280256 99639 17196 13580 18129 14961 7647 11265 67148 19610 21125 1357 1374 4214 8077 2294 3778 542 7744 306 209 2194 1737 5022 11097 4295 69318 10931 6522
internal_value=5.92228e-05 0.000291774 -0.00142202 0.0032875 -0.00236135 -0.0105957 -0.00651243 -0.00165764 0.000614133 0.00263447 0.0093527 -0.00721797 -0.016432 -0.025479 -0.0464264 -0.000759611 -0.00884931 -0.0179211 -0.00646757 0.00160041 0.016029 -0.0223613 -0.0479032 0.0333408 0.00352658 0.0166726 0.00895514 -0.00374667 -0.00115565 -0.00783995
internal_weight=150842 149662 95200.2 54461.6 85976.9 6767.96 5432.11 79208.9 37945.1 30164.6 10123.8 7780.47 3818.91 2627.59 1196.18 20040.8 6283.34 3363.05 2454.6 2920.3 1822.94 1097.35 574.859 541.938 1191.32 5862.29 3394.61 41263.8 25269.6 15994.2
internal_count=803937 766804 469352 297452 414115 46670 33090 367445 181035 140296 46267 40739 19614 13235 5588 94029 26881 14134 10356 12747 8050 4697 2403 2279 6379 26657 15560 186410 110570 75840
is_linear=0
shrinkage=0.05


Tree=76
num_leaves=31
num_cat=0
split_feature=16 22 20 5 14 11 11 23 22 14 23 22 23 14 23 21 11 14 23 11 14 21 14 23 21 22 22 21 21 11
split_gain=351.289 272.09 297.149 204.041 226.747 200.031 180.841 249.646 232.52 209.462 244.274 284.592 209.196 199.683 247.427 195.434 406.644 245.027 236.729 196.722 364.232 281.459 233.466 218.476 188.458 183.349 253.92 180.711 180.008 222.855
threshold=0.10294117778539659 0.055660221750000009 -2.9402847290039058 15.500000000000002 212.50000000000003 103.36032366453911 20.03343528257712 0.67403534000000009 -1.4815649999999998 193.50000000000003 2.1617061000000004 -1.7667101999999997 1.0959892500000004 184.50000000000003 1.2342374500000002 -0.17945643499999997 69.754337156104981 178.50000000000003 1.3754500500000002 42.073485145293439 187.50000000000003 -0.50585707999999985 186.50000000000003 1.1257050000000002 0.42728510500000005 -0.53966259999999988 -0.90654119999999994 -0.13247221999999995 1.5015317500000001 45.235057061024868
decision_type=2 2 2 2 2 2 2 2 2 2 2 2 2 2 2 2 2 2 2 2 2 2 2 2 2 2 2 2 2 2
left_child=-1 2 -2 6 -5 -6 8 24 -4 15 11 27 -10 -14 -15 19 17 -17 -18 22 -21 -22 -9 -24 -8 26 -19 -11 -3 -30
right_child=1 28 3 4 5 -7 7 9 12 10 -12 -13 13 14 -16 16 18 25 -20 20 21 -23 23 -25 -26 -27 -28 -29 29 -31
leaf_value=-0.025559744651928132 0.0053746649695937589 0.0024846336947079222 -0.047677889735644602 -0.0235390871858394 -0.006367352696496506 0.048975338853777944 0.0029564023226347266 -0.0011309903478894494 -0.015718161087154191 0.046607614369980892 -0.021164355033477217 -0.00025244844772533148 0.025012791007215693 0.0168052303987389 -0.012677805588420375 -0.010913431691719037 -0.01667151909416794 -0.033397252620738574 0.03929857583670051 -0.0011673320031488793 -0.04307054460734222 0.0044495014505270348 -0.015458208150708821 0.045963894330858568 0.019904956563795234 0.0014388347933697631 -0.084300371543532884 0.0018293606136540531 -0.0071591922199683014 0.024579289398103166
leaf_weight=1321.3493352327496 14222.389801040292 51591.128444239497 361.85746587812901 2133.2697289660573 8046.4966859985143 165.66420708224177 12571.086000626907 2691.5068818870932 3499.8505085203797 537.15594208240509 1349.7214113138616 32701.154089283198 709.23539438284934 1002.6198164410889 2445.0105641763657 1726.4384314995259 323.14977297745645 1100.853955231607 452.31949896551669 3784.5242133028805 1123.7356796488166 430.76997692883015 194.01610337197781 564.63689216971397 1885.3730405010283 252.75763968005776 315.31590896658599 387.73888795822859 769.16619886085391 1964.2779441997409
leaf_count=37533 80852 280153 1626 18688 44773 900 59016 13704 15445 2267 6383 146201 3986 4283 10476 9884 1630 5005 2486 17821 4973 1962 869 2470 9232 1287 1500 1744 4738 12334
internal_value=9.77686e-05 0.00032501 -0.00128926 -0.00246293 -0.0090193 -0.0052451 -0.00149949 -0.000591021 -0.00856732 -0.0023279 -0.000315908 0.000521536 -0.00671296 0.000870876 -0.00410133 -0.0077573 -0.0166691 -0.0241292 0.0159836 -0.00352685 -0.00953942 -0.0299078 0.0057775 0.0302563 0.00516801 -0.0377857 -0.0447825 0.0278577 0.0031473 0.015649
internal_weight=150625 149303 94978.6 80756.3 10345.4 8212.16 70410.8 62392.3 8018.57 47935.8 34975.8 33626 7656.72 4156.87 3447.63 12960 4170.84 3395.37 775.469 8789.19 5339.03 1554.51 3450.16 758.653 14456.5 1668.93 1416.17 924.895 54324.6 2733.44
internal_count=804221 766688 469463 388611 64361 45673 324250 288434 35816 220186 156595 150212 34190 18745 14759 63591 21792 17676 4116 41799 24756 6935 17043 3339 68248 7792 6505 4011 297225 17072
is_linear=0
shrinkage=0.05


Tree=77
num_leaves=31
num_cat=0
split_feature=15 19 22 12 11 14 14 5 21 20 22 14 12 21 14 14 22 14 21 14 21 11 12 5 14 4 22 14 23 14
split_gain=379.717 275.216 222.294 173.055 277.864 469.444 436.121 312.827 274.513 270.774 221.006 214.027 264.544 221.032 208.102 227.957 276.844 234.586 260.784 222.392 211.714 221.229 207.078 204.172 200.113 193.546 189.64 173.255 316.192 272.858
threshold=34.422899246215827 0.63235294818878185 -1.21867025 3.0789473684210531 65.685129954811245 269.50000000000006 271.50000000000006 25.500000000000004 1.9023737000000003 -2.4217987060546871 1.4297318500000002 206.50000000000003 2.9334365325077405 0.66002536000000012 243.50000000000003 173.50000000000003 0.83071401500000019 202.50000000000003 1.7710663000000002 239.50000000000003 0.9413359750000001 111.65133048040369 2.6068111455108363 11.500000000000002 159.50000000000003 119.94234003126623 0.26599726000000007 264.50000000000006 0.61457589000000012 228.50000000000003
decision_type=2 2 2 2 2 2 2 2 2 2 2 2 2 2 2 2 2 2 2 2 2 2 2 2 2 2 2 2 2 2
left_child=1 2 -1 4 6 7 9 10 27 24 14 -11 22 -14 15 16 -6 -17 19 20 21 26 25 -22 -4 -13 -19 29 -29 -5
right_child=-2 -3 3 8 5 -7 -8 -9 -10 11 -12 12 13 -15 -16 17 -18 18 -20 -21 23 -23 -24 -25 -26 -27 -28 28 -30 -31
leaf_value=-0.0077460544480544239 -0.032800812307167117 0.004412600897636113 -0.0040877885546549402 -0.00055184495336390443 0.028021385540384941 -0.059169170798163286 0.02719116391395103 -0.034432925265152604 0.042733784577575679 -0.018693251714912523 0.041579776791245901 -0.00086164087632673459 -0.01373169790339919 -0.058913384085382971 0.015677784939472111 -0.013360472162422726 -0.046372079768827117 0.016862566342593612 -0.058318403748762015 -0.023445737003476564 0.0099563571817811343 0.0418471247100137 0.0079769119117816447 -0.030393839240825057 0.013664764171372225 -0.013166479843018403 -0.0069414180203150912 -0.025420573274221508 0.0002062060007359778 0.0066561739523421197
leaf_weight=10997.627190995961 881.48875337094069 29588.042078927159 4779.2656033635139 37821.842054914683 1205.7223205436021 298.13078537583351 985.84237825870514 507.68565948493779 397.69761211425066 4826.0147730521858 410.5311905965209 5866.4586481899023 783.32513177022338 413.32852755114436 3157.5829829052091 2948.7243997640908 138.60721631348133 2567.7009854875505 164.31069095805287 606.44595647603273 641.70751209557056 596.16752466186881 2569.9413055423647 611.28607052192092 2375.7011552974582 7019.1352377049625 1240.2178148552775 1674.3358020186424 4275.1630217432976 20109.392183758318
leaf_count=55175 30787 164184 24655 202266 7457 1361 4499 4913 2260 27433 2677 26466 3612 1962 15213 15361 881 11998 816 2846 3649 2962 12252 3026 13117 34778 6430 7010 18412 95551
internal_value=-9.92855e-05 9.36483e-05 -0.000971381 -0.000287732 -0.00267648 0.00284463 -0.00549022 0.00409803 0.00137396 -0.00661635 0.00546934 -0.00942261 -0.0067349 -0.0293738 0.00439826 0.00107499 0.0203223 -0.00168639 0.00367025 0.00530545 0.00839121 0.01355 -0.00498028 -0.00973745 0.00180777 -0.00756492 0.00910996 0.00111581 -0.00700886 0.00195031
internal_weight=150459 149578 119990 108992 44713.8 15094.8 29619 14796.7 64278.4 28633.2 14289 21478.2 16652.2 1196.65 13878.5 10720.9 1344.33 9376.56 6427.84 6263.53 5657.08 4404.09 15455.5 1252.99 7154.97 12885.6 3807.92 63880.7 5949.5 57931.2
internal_count=804009 773222 609038 553863 228364 79590 148774 78229 325499 144275 73316 106503 79070 5574 70639 55426 8338 47088 31727 30911 28065 21390 73496 6675 37772 61244 18428 323239 25422 297817
is_linear=0
shrinkage=0.05


Tree=78
num_leaves=31
num_cat=0
split_feature=16 16 22 21 14 23 11 5 17 23 22 11 14 21 14 23 22 21 11 5 21 21 14 19 21 11 11 14 23 17
split_gain=363.985 238.668 184.833 178.927 290.904 167.96 193.588 195.21 158.345 150.063 136.134 142.144 131.91 360.177 364.191 300.786 230.135 324.985 395.866 269.452 269.292 258.852 225.802 207.134 200.348 186.819 325.352 226.417 221.259 204.224
threshold=0.10294117778539659 0.77941176295280468 -1.2068874999999999 -0.65693205499999985 252.50000000000003 2.4041249500000004 20.631915132800589 2.5000000000000004 185.78959655761722 2.4041249500000004 0.36488128000000003 11.403051592271213 236.50000000000003 -1.3421354499999998 253.50000000000003 1.3495941000000002 -0.20170999999999997 0.46197338500000007 54.128781830597873 28.500000000000004 1.6484033000000002 0.44911027000000009 232.50000000000003 0.22058823704719546 2.1251499500000004 34.722900977490859 15.017229010400021 249.50000000000003 0.59889301500000014 178.60713958740237
decision_type=2 2 2 2 2 2 2 2 2 2 2 2 2 2 2 2 2 2 2 2 2 2 2 2 2 2 2 2 2 2
left_child=-1 2 8 4 10 6 -5 -8 -2 12 11 -3 15 -14 25 23 17 18 19 21 -19 -16 24 -4 -17 26 29 -28 -29 -15
right_child=1 3 9 5 -6 -7 7 -9 -10 -11 -12 -13 13 14 16 22 -18 20 -20 -21 -22 -23 -24 -25 -26 -27 27 28 -30 -31
leaf_value=-0.026674737851857058 -0.012843393142304036 0.018885322290285129 -0.012430039445699275 -0.0058249995944811873 -0.023295789526254385 0.039398279244007121 0.017124321686591969 0.0048777224168965331 -0.00021104879602303604 0.015457685988546271 0.0133567609494464 -0.0028843486892765023 -0.017631909318602146 0.018432420756986544 0.0017975567327566258 0.0029955834068224885 0.0024510138389247141 -0.026942615728989795 -0.03513225265826176 0.11275077886210064 0.029571831940541988 0.07243992682152435 0.027975320388156574 -0.0027496906741076837 -0.066496127009317202 0.0040085583284605354 0.017550636602194938 -0.024976636810027014 0.055453878967055774 -0.012059101324843046
leaf_weight=1266.5137560945004 5803.3048292752355 813.63966725766659 6521.9548060912639 3464.8750236034393 1352.8012040704489 363.56628818064928 3857.6242410391569 20776.322094380856 4332.3866316005588 1477.7392106670886 1918.6794657334685 9425.0335085317492 2268.0902730152011 907.58652137219906 3586.7890738993883 13582.953223083168 13198.427990473807 2511.9104694575071 690.15567046403885 57.229034557938576 229.27101424336433 133.54349328577518 925.16503182053566 36161.80624255538 103.51869325712323 8924.6539788655937 3356.9391155317426 95.800457939505577 757.04152198135853 1387.1271596997976
leaf_count=37646 31443 3951 50518 17644 5899 2794 27244 114588 19818 8291 12484 45089 10430 3960 15539 74094 59290 10944 3079 266 1021 568 4805 170355 544 44403 17338 464 3690 6173
internal_value=5.88313e-06 0.00023287 -0.00102044 0.00342827 -0.00131006 0.00567736 0.00523966 0.00679613 -0.00744439 -0.000348275 0.0011381 -0.0011527 -0.000593268 0.00168656 0.00290968 -0.00210948 -0.00147311 -0.00865695 -0.000340346 0.00602371 -0.0222067 0.00435209 0.00408219 -0.00422908 0.00246516 0.0087063 0.0151503 0.0234048 0.0464004 3.43378e-06
internal_weight=150252 148986 107013 41972.5 13510.2 28462.4 28098.8 24633.9 10135.7 96877.7 12157.4 10238.7 95400 38104.6 35836.5 57295.4 20407.3 7208.9 4467.72 3777.56 2741.18 3720.33 14611.6 42683.8 13686.5 15429.1 6504.49 4209.78 852.842 2294.71
internal_count=804372 766726 537033 229693 67423 162270 159476 141832 51261 485772 61524 49040 477481 177165 166735 300316 90707 31417 19452 16373 11965 16107 79443 220873 74638 76028 31625 21492 4154 10133
is_linear=0
shrinkage=0.05


Tree=79
num_leaves=31
num_cat=0
split_feature=18 20 18 23 23 20 9 4 13 3 1 12 11 20 12 9 9 12 4 23 24 23 23 11 11 20 20 20 12 12
split_gain=329.939 285.015 214.113 169.799 260.483 188.947 185.887 146.834 233.235 206.385 179.394 136.844 139.305 135.372 132.188 114.262 113.568 113.014 157.078 154.576 141.514 118.858 206.862 173.881 179.456 151.563 146.799 117.286 116.426 157.715
threshold=156.78584289550784 62.970138549804695 190.41741943359378 2.4041249500000004 2.1248558500000003 79.772979736328139 74.500000000000014 20.320640832185749 -34.223689303690151 24.375085007399324 19.233471795916561 8.0216718266253881 60.43594982190168 7.6948242187500009 0.47213622291021679 7.5000000000000009 20.500000000000004 1.8591331269349849 123.67467518523337 2.0294156500000002 3.5000000000000004 1.6599746000000002 1.6330332500000002 36.318281658408999 25.230167303280474 6.2876815795898446 18.671569824218754 -10.190521240234373 5.0882352941176476 4.9458204334365332
decision_type=2 2 2 2 2 2 2 2 2 2 2 2 2 2 2 2 2 2 2 2 8 2 2 2 2 2 2 2 2 2
left_child=1 16 3 4 6 -5 7 8 -2 -9 11 12 17 -14 -12 -15 -1 18 -11 20 -19 22 27 24 -23 -24 -26 -22 29 -29
right_child=2 -3 -4 5 -6 -7 -8 9 -10 10 14 -13 13 15 -16 -17 -18 19 -20 -21 21 23 25 -25 26 -27 -28 28 -30 -31
leaf_value=-0.031224840142133475 0.015242706953458481 -0.0051967662326944525 0.01192329030981152 0.018179071678243622 -0.012559849428064205 -0.013535302975720365 0.011110614415267631 -0.0040014749956134464 0.00082915829426568732 1.7991384546744577e-05 0.012351067492788061 0.013027416539906543 0.016983955092655406 0.0070653429991206773 -0.0034142012929304377 -0.0026816334212056985 0.10904945392592401 -0.0045367138601640029 -0.018013717487010202 0.033212499344506492 0.020265996397070898 0.030199073444196031 -0.094606888688297183 0.030506624418370171 -0.060317890781871414 -0.011028666393419774 0.00072628195066046783 2.6540190379328594e-05 0.0075075310658921247 -0.03337480828344843
leaf_weight=1508.6634848956019 3888.1339247636497 5004.2698549348861 4008.7338275834918 2405.6262211706489 4039.5309732016176 582.73231642693281 3878.682351142168 31937.210671365261 10084.494546677917 3205.130286982283 1401.0969350580126 2851.7182345185429 2278.0528106205165 9001.5937149021775 25732.032882181928 4513.9440777748823 13.614621339365838 8813.3801019322127 1937.0687056593597 371.97998639941216 884.46773129701614 248.14203011989594 92.151786550879478 901.20215643011034 162.65582855045795 130.59870828315616 247.26243919879198 13487.645144410431 5962.1558717843145 361.92559312283993
leaf_count=39464 25334 32644 25119 13966 21157 2976 20203 159052 53517 14983 7049 13470 13381 43306 134586 22920 75 40948 9095 1942 6164 1270 493 5063 887 697 1223 63113 28028 1644
internal_value=3.15326e-05 -0.0109622 0.000531931 0.000204267 -5.40567e-05 0.0119923 0.000327666 2.09154e-06 0.00484079 -0.00058831 0.000731672 0.00236178 0.0017833 0.00571122 -0.00259969 0.00381007 -0.0298995 9.76939e-05 -0.00677674 0.00121429 0.00083286 0.0029383 0.00194526 0.0162511 -0.00328833 -0.0458732 -0.0235839 0.00246212 0.0016663 -0.000848671
internal_weight=149936 6526.55 143409 139401 136412 2988.36 132373 128494 13972.6 114521 82584.2 55451.1 52599.4 15793.6 27133.1 13515.5 1522.28 36805.8 5142.2 31663.6 31291.6 22478.2 20918.9 1559.26 658.06 222.75 409.918 20696.2 19811.7 13849.6
internal_count=803769 72183 731586 706467 689525 16942 668368 648165 78851 569314 410262 268627 255157 79607 141635 66226 39539 175550 24078 151472 149530 108582 100139 8443 3380 1190 2110 98949 92785 64757
is_linear=0
shrinkage=0.05


Tree=80
num_leaves=31
num_cat=0
split_feature=17 20 17 21 21 11 21 0 11 20 21 11 12 12 12 4 3 21 12 21 12 3 4 11 6 20 11 21 11 20
split_gain=369.269 299.72 219.813 168.716 208.531 200.439 292.623 191.68 176.388 217.812 341.055 192.504 205.424 165.813 167.422 157.895 217.778 146.947 143.86 140.841 139.759 129.433 128.467 113.332 111.109 117.365 108.632 105.103 104.563 180.512
threshold=157.66176605224612 62.970138549804695 213.25555419921878 1.1001508500000001 1.1481375 98.898445862815393 0.35373817500000004 1.0564991235733034 98.898445862815393 34.646110534667976 1.23086125 45.235057061024868 2.7352941176470593 0.32507739938080499 3.5650154798761613 51.474384054541595 119.10870838165285 1.9023737000000003 1.7941176470588238 0.42728510500000005 3.3235294117647065 25.064189791679386 154.63015320524576 29.539231976915165 20.500000000000004 21.609481811523441 111.65133048040369 0.51909596000000013 66.991382313517434 61.970138549804695
decision_type=2 2 2 2 2 2 2 2 2 2 2 2 2 2 2 2 2 2 2 2 2 2 2 2 2 2 2 2 2 2
left_child=1 -1 3 5 -5 7 26 24 11 10 -10 12 23 -8 19 -13 21 -14 -3 -15 27 28 -23 -6 -2 -26 -7 -21 -17 -30
right_child=2 18 -4 4 8 6 13 -9 9 -11 -12 15 17 14 -16 16 -18 -19 -20 20 -22 22 -24 -25 25 -27 -28 -29 29 -31
leaf_value=-0.033334995695478979 0.00047425392513032331 -0.024945621921165426 0.015749915769902405 0.023077896993312117 0.0079339778599894269 0.012224227465104686 0.05956989607090462 -0.0031236546033309113 -0.084559861744899059 -0.045320259877022831 0.029633579217120933 0.028281154995960067 -0.00044754821934521829 -0.058819329899529552 0.03282019864858992 -0.0065867581124106874 0.021879706070292826 0.034770772128783232 -0.002377902834935676 0.035072905234936107 -0.080400436327183536 0.0099061147498587659 -0.0097273139962984392 -0.029363263350885429 0.021224801745732158 0.0026707316914232862 0.035376363221354672 -0.007358658736506667 -0.0061818796857668386 -0.11288206611892626
leaf_weight=1293.8040172401816 71246.166340123862 853.58630196377635 2329.0365296453238 1507.5439947713166 260.81207709759474 989.27871022745967 103.94269008003175 48410.114509288222 80.882598608732224 400.56144934147596 323.62414038740098 1010.8524028211832 2721.6445308439434 135.07214106060565 260.85052465088665 293.16675308346748 1746.9573435690254 331.34964746236801 4067.450332146138 159.46525291725993 60.163054967299104 2731.0816963538527 1197.8314791843295 922.77785256691277 1332.5182824581861 2362.9029375836253 1041.0126182567328 1612.2760458160192 83.491956599056721 74.678876489400864
leaf_count=39515 354080 7305 14881 8283 1390 5468 533 241954 498 2168 2012 7380 14937 728 1586 1667 9209 1879 25413 892 342 14623 5950 4829 8142 12185 5892 9341 605 462
internal_value=1.60216e-06 -0.01193 0.000517599 0.000266596 0.00554212 -0.000298828 0.0102333 -0.000671354 0.00336991 -0.019233 0.00664796 0.00497123 -0.00347141 -0.0018516 -0.00474276 0.00998189 0.0069588 0.00338492 -0.0062967 -0.00973831 -0.0060893 0.00100432 0.0039194 -0.0211448 0.000912782 0.00936501 0.0241068 -0.00352198 -0.0243241 -0.0569521
internal_weight=149945 6214.84 143730 141401 13687.3 127714 4362.06 123352 12179.7 805.068 404.507 11374.6 4236.58 2331.77 2227.83 7138.06 6127.21 3052.99 4921.04 1966.98 1831.9 4380.25 3928.91 1183.59 74941.6 3695.42 2030.29 1771.74 451.338 158.171
internal_count=804149 72233 731916 717035 75892 641143 24782 616361 67609 4678 2510 62931 23035 13422 12889 39896 32516 16816 32718 11303 10575 23307 20573 6219 374407 20327 11360 10233 2734 1067
is_linear=0
shrinkage=0.05


Tree=81
num_leaves=31
num_cat=0
split_feature=5 20 4 11 4 22 12 20 22 22 11 12 22 12 5 11 12 22 22 20 22 22 12 11 11 12 20 22 13 12
split_gain=317.892 249.461 299.213 217.59 318.638 310.541 213.702 190.638 155.328 141.754 174.607 153.301 149.784 139.558 137.6 141.245 123.126 141.095 254.501 134.915 229.493 150.149 174.085 198.795 131.228 264.904 272.45 149.17 132.27 131.683
threshold=13.500000000000002 47.123107910156257 466.3950739651919 50.76485803746403 19.644801504909996 1.5679100000000001 1.8591331269349849 3.4155578613281254 2.7106600000000003 -1.0697576499999999 49.240419371982021 1.9303405572755421 -0.6536029299999998 0.32507739938080499 26.500000000000004 85.685536006794266 1.1099071207430342 -1.83664005 -1.7667101999999997 -12.666358947753904 1.1238994000000002 -1.2068874999999999 3.535603715170279 9.9283420878805639 15.793902891665141 5.9969040247678027 55.850708007812507 -1.0317606999999998 -21.031460480505004 7.0015479876161004
decision_type=2 2 2 2 2 2 2 2 2 2 2 2 2 2 2 2 2 2 2 2 2 2 2 2 2 2 2 2 2 2
left_child=3 2 13 8 -5 7 14 -6 16 10 -8 12 -11 -2 15 -3 -1 -18 -19 20 -20 22 -21 -24 27 -26 28 29 -27 -23
right_child=1 6 -4 4 5 -7 9 -9 -10 11 -12 -13 -14 -15 -16 -17 17 18 19 21 -22 24 23 -25 25 26 -28 -29 -30 -31
leaf_value=-0.0098534506546810036 0.034460733065200005 -0.01203406919097936 -0.036895200955340636 0.021406716367681475 0.010710593663981383 0.041447963639744706 -0.025335923754651643 0.00092791570423561814 0.033957008693644215 0.12126010485527253 0.024930566816197843 0.0015617165273179368 0.021008866995267564 -0.0099164469923180166 -0.03594516497084313 0.011129485015748074 -0.016999632415581636 0.049977855725108877 0.009466776970105931 0.00039260557056802292 -0.0246479945244963 0.063331713579114463 0.019100434387273754 -0.021901155489969133 -0.0011095937181621076 0.0078351066733225692 0.019809454708006005 -0.0061576833431077026 -0.0042109327198246466 0.00097857659240906981
leaf_weight=3481.2953264936805 181.78683768771589 3990.5600034799427 1103.0683351010084 2450.133318234235 5825.0316421054304 513.34045065566897 935.82635392807424 34298.15120251663 324.34347026795149 48.10399479791522 210.97680927440524 14187.665710955858 156.95719399116933 5797.8089761510491 492.78065148368478 787.22786956466734 1233.5200410801917 253.30358179286122 6061.2809995263815 2755.5446062106639 535.65669414401054 144.85047550499439 333.45769170112908 2558.3387374188751 37789.323283771053 5638.3632754832506 3217.1836789175868 10445.171885531396 3823.3458273727447 201.95119538158178
leaf_count=18072 887 20895 26333 17235 35440 3979 6108 170828 2030 273 1383 80051 898 34022 6320 4360 6461 1134 38443 12977 3364 752 1558 11314 183520 30978 17129 47381 19090 853
internal_value=-5.94469e-05 -0.00487456 -0.0129791 0.00104251 0.0038994 0.00284332 -0.00211571 0.00234838 -0.000519685 0.000835291 -0.0160748 0.0021837 0.0450005 -0.00856179 -0.0108148 -0.00821592 -0.000662615 -0.000235827 4.47567e-05 -0.000127995 0.00669342 -0.000800662 -0.0086011 -0.0171682 -8.14406e-05 0.000988712 0.00724229 -0.00508559 0.00296754 0.0271292
internal_weight=149776 27892.8 7082.66 121884 43086.7 40636.5 20810.1 40123.2 78796.9 15539.5 1146.8 14392.7 205.061 5979.6 5270.57 4777.79 78472.6 74991.3 73757.8 73504.5 6596.94 66907.5 5647.34 2891.8 61260.2 50468.2 12678.9 10792 9461.71 346.802
internal_count=804068 181530 61242 622538 227482 210247 120288 206268 395056 88713 7491 81222 1171 34909 31575 25255 393026 374954 368493 367359 41807 325552 25849 12872 299703 250717 67197 48986 50068 1605
is_linear=0
shrinkage=0.05


Tree=82
num_leaves=31
num_cat=0
split_feature=18 14 9 16 21 21 22 12 22 14 12 14 22 9 21 22 12 21 4 14 20 14 12 21 22 12 14 21 14 14
split_gain=272.436 220.531 186.852 162.241 148.645 132.28 165.047 189.942 148.062 640.08 204.327 188.593 151.397 127.226 123.882 119.584 212.294 184.929 153.44 147.546 169.489 131.608 127.659 247.876 149.494 169.89 158.369 141.426 134.207 381.463
threshold=156.78584289550784 219.50000000000003 74.500000000000014 0.83823528885841381 -0.16974469999999997 1.1001508500000001 -1.0087099999999998 1.8157894736842108 -0.35569745499999994 260.50000000000006 4.1842105263157903 237.50000000000003 -0.71799501499999996 20.500000000000004 1.1604920000000003 -1.2068874999999999 3.9086687306501551 -1.1820513499999998 306.09146771207458 195.50000000000003 27.889450073242191 173.50000000000003 3.0789473684210531 0.86721292000000016 0.17966253000000001 2.9334365325077405 266.50000000000006 0.98067301500000015 224.50000000000003 253.50000000000003
decision_type=2 2 2 2 2 2 2 2 2 2 2 2 2 2 2 2 2 2 2 2 2 2 2 2 2 2 2 2 2 2
left_child=1 13 3 5 -4 15 7 -7 9 10 11 12 -8 -1 -10 16 17 21 19 -19 -21 -2 23 -17 25 -25 -26 -27 -24 -30
right_child=2 -3 4 -5 -6 6 8 -9 14 -11 -12 -13 -14 -15 -16 22 -18 18 -20 20 -22 -23 28 24 26 27 -28 -29 29 -31
leaf_value=-0.028867379354028763 0.0073630933796645457 -0.0051641740240594694 0.0026121975709794483 0.0045729315703770318 0.021006353671987256 -0.0034891417402243049 -0.050152922338711985 0.048185469278453796 0.021086282951930366 -0.052511623453024993 0.040061818838170414 0.014206378633411771 -0.0051499702504115806 0.11024137613940917 0.0037181525488013153 -0.0017702971302209587 -0.016862395905466031 -0.0066573612933455463 -0.033728573891799639 0.036556892879262601 0.0048006883235847189 -0.032668648476208713 -0.0011772683746667601 -0.021185900191764528 -0.010814808990736004 -0.09576136144638342 0.04694986042573427 -0.0041578306525413781 0.0097867874689306703 -0.0026763487474064616
leaf_weight=1441.4078312888741 283.11339403875172 4936.6073891669512 2609.2270765006542 17083.121942184865 1896.1526509076357 299.02482251450419 251.37963758222759 437.30541993677616 1190.3856470379978 607.98576667904854 353.06472124531865 984.47583059221506 721.22575464472175 15.665238484740255 7432.59982278198 36618.540992017835 3234.5809606574476 2680.4880652092397 303.18137502111495 471.01484027504921 3829.9905038643628 743.041484516114 33806.89453715086 1310.6963520552963 911.69042947515845 148.17608483508229 135.39056816697121 58.8517862893641 12526.448484919965 12039.803821578622
leaf_count=39946 1408 31963 12444 99096 11283 1459 1289 2372 6590 2528 1984 4549 4000 85 41771 181235 15541 13873 2304 2025 16675 3920 178032 6871 5022 687 673 284 61051 52132
internal_value=-0.000114633 -0.0102116 0.000336984 1.08871e-05 0.0103566 -0.000631215 0.00428906 0.0272241 0.00282356 -0.00691004 0.00510894 -0.00121393 -0.016821 -0.0272972 0.00611795 -0.00118494 -0.00599658 -0.00176608 0.0010343 0.00254854 0.00828609 -0.0216276 -0.000615443 -0.00282302 -0.0178465 -0.0278679 -0.003308 -0.0698664 0.00086643 0.0036788
internal_weight=149362 6393.68 142968 138462 4505.38 121379 12277.4 736.33 11541.1 2918.13 2310.15 1957.08 972.605 1457.07 8622.99 109102 11545.4 8310.83 7284.67 6981.49 4301.01 1026.15 97556.5 39183.3 2564.81 1517.72 1047.08 207.028 58373.1 24566.3
internal_count=803092 71994 731098 707371 23727 608275 66542 3831 62711 14350 11822 9838 5289 40031 48361 541733 55746 40205 34877 32573 18700 5328 485987 194772 13537 7842 5695 971 291215 113183
is_linear=0
shrinkage=0.05


Tree=83
num_leaves=31
num_cat=0
split_feature=15 22 11 9 20 22 22 11 11 20 12 23 12 21 23 22 21 12 22 22 23 23 11 12 22 21 3 11 21 12
split_gain=277.232 194.528 382.444 183.183 181.383 305.861 199.626 216.363 192.104 209.935 412.958 301.779 287.879 286.02 496.472 216.658 382.84 248.951 219.988 229.683 212.974 208.951 203.55 227.188 211.354 202.218 196.065 190.709 189.272 175.085
threshold=31.400850296020511 1.5679100000000001 47.991097446288862 74.500000000000014 -3.4393386840820308 1.0741876000000001 -0.17849789999999996 68.440097592586525 9.9283420878805639 48.609481811523445 5.4272445820433441 1.2643609500000001 0.32507739938080499 0.38595135500000005 0.83387655500000013 0.26599726000000007 0.31873576500000006 0.65944272445820451 0.45226171500000006 0.45747834000000004 1.8540950500000002 0.63108661500000018 54.128781830597873 3.7461300309597529 0.62641051500000011 1.3154362500000001 31.217749506235126 69.754337156104981 -1.2226113499999998 3.0789473684210531
decision_type=2 2 2 2 2 2 2 2 2 2 2 2 2 2 2 2 2 2 2 2 2 2 2 2 2 2 2 2 2 2
left_child=1 3 -3 4 5 -1 7 29 21 11 13 12 -10 15 -15 -11 17 -17 -19 -20 26 -8 23 -13 25 -25 -12 -24 -14 -6
right_child=-2 2 -4 -5 6 -7 8 -9 9 10 20 22 28 14 -16 16 -18 18 19 -21 -22 -23 27 24 -26 -27 -28 -29 -30 -31
leaf_value=0.0054826474936868546 -0.026374779718869309 0.0025204611718587836 0.041374303480656752 0.0098652527870942003 -0.0080728034463393855 -0.021991356666581766 -0.039297262274441198 0.0029972302387466861 0.058852222982733543 0.0021043570467539244 0.0084820629191104842 -0.023423897996731065 -0.089315599758050063 0.029285139469969891 0.0014035481941537962 -0.074911623467744895 -0.077789307794011706 -0.022952032365104121 0.054588357907598833 -0.0033011815332473059 -0.019648530616710985 -0.0051889868819373457 0.032554233505907297 0.032776104845820109 -0.005663417610573619 -0.027001876660893195 0.025075326248719054 0.0071766539684123519 -0.0053278088074353138 -0.0021823647349796527
leaf_weight=18145.041493229568 999.67705800198019 2701.7446725293994 826.33456655591726 4339.5044839009643 21196.390605546534 1071.9449562504888 550.13841386698186 11535.114212164655 173.70984127372503 6397.774244600907 3661.6247729063034 852.54612616077065 66.329133667051792 2035.7643931917846 7388.6878979578614 137.69737285375595 207.69939777813852 1542.1122452244163 178.93292365968227 3588.6938132103533 429.97189562954009 2425.6533735617995 1168.1545716840774 898.42384964600205 1515.9310366418213 167.09584837406874 3466.6126215681434 2020.407541455701 18479.917570736259 31161.016537452117
leaf_count=107693 37252 15564 6104 23010 102782 6518 2372 57951 966 29797 19019 5046 329 10083 39280 618 940 7289 824 17234 2245 10827 7454 4764 9145 993 16911 12877 100504 147273
internal_value=-0.000145623 3.13251e-05 0.0116298 -0.000251347 -0.000563959 0.00394905 -0.00127928 -0.00320146 0.000862068 0.00153908 0.00444143 -0.00178626 -0.00503149 0.000903879 0.00742868 -0.00419821 -0.0113276 -0.00877969 -0.00705091 -0.000538124 0.0144923 -0.0115057 0.00738639 -0.00106075 0.00633108 0.0233851 0.0165541 0.0164812 -0.00563298 -0.00456716
internal_weight=149331 148331 3528.08 144803 140463 19217 121246 63892.5 57353.9 54378.1 29035.6 25342.5 18720 21477.4 9424.45 12052.9 5655.14 5447.44 5309.74 3767.63 7558.21 2975.79 6622.56 3434 2581.45 1065.52 7128.24 3188.56 18546.2 52357.4
internal_count=803664 766412 21668 744744 721734 114211 607523 308006 299517 286318 144240 142078 101799 106065 49363 56702 26905 25965 25347 18058 38175 13199 40279 19948 14902 5757 35930 20331 100833 250055
is_linear=0
shrinkage=0.05


Tree=84
num_leaves=31
num_cat=0
split_feature=15 5 11 21 11 12 14 23 14 21 12 14 12 14 23 14 12 23 23 14 11 24 11 11 12 12 23 14 14 14
split_gain=255.112 164.779 271.52 244.905 221.355 235.404 217.479 213.164 221.897 574.638 301.12 255.032 342.354 273.423 199.055 200.578 292.645 252.858 192.679 189.805 228.927 185.352 183.218 251.761 199.881 182.884 228.109 172.169 157.952 336.081
threshold=34.422899246215827 10.500000000000002 20.03343528257712 0.27051234000000007 48.568307223703847 5.3374613003095988 206.50000000000003 0.36691397000000009 238.50000000000003 -0.92808919999999995 5.2956656346749229 211.50000000000003 4.6981424148606825 205.50000000000003 1.1008879500000004 190.50000000000003 3.9953560371517032 1.2403435000000003 2.1829980500000006 263.50000000000006 43.371500721841407 1.5000000000000002 33.253394066733847 38.133061216700106 5.2461300309597538 5.7058823529411775 1.6901442000000002 258.50000000000006 228.50000000000003 216.50000000000003
decision_type=2 2 2 2 2 2 2 2 2 2 2 2 2 2 2 2 2 2 2 2 2 8 2 2 2 2 2 2 2 2
left_child=1 2 14 4 5 7 -3 22 11 19 -11 13 21 -9 -1 16 -16 -17 27 -10 -21 -13 24 -24 -4 -8 -27 -6 29 -7
right_child=-2 6 3 -5 18 28 25 8 9 10 -12 12 -14 -15 15 17 -18 -19 -20 20 -22 -23 23 -25 -26 26 -28 -29 -30 -31
leaf_value=-0.01039364053771508 -0.029117793533393874 -0.0093755309269939139 0.0037009677195095183 0.0062891726761895202 0.0061654781232967594 0.0050751978356755375 -0.0024143106603044854 -0.0034364091076404925 -0.034979683795584048 0.018552698911576283 -0.09051848459927804 0.0086401983485174215 -0.043238100151398839 0.03957271277349439 -0.0029280674996250478 0.014307551213086855 0.020753687121085749 -0.011927141306847739 -0.024870497772931294 0.019084804488902291 -0.039457437982491371 -0.015826639794081648 -0.057076866244895358 -0.012765687599168891 -0.093522881873264407 0.010111483703058748 -0.016807826162401049 -0.01422375629273223 0.014871247589405915 -0.024715175514317667
leaf_weight=7747.8436176069081 751.21385358460248 9023.8177199941128 863.91827061027288 27314.622378416359 20651.856801088899 6425.6586324162781 29808.477260455489 11396.101646695286 869.37347162514925 3615.6828923597932 63.429960921406746 1057.0363179594278 912.68413580954075 380.91840307414532 3113.0574534405023 1155.6395575404167 2244.2452396638691 4460.8516596257687 547.22485183179379 495.40215358138084 250.65071214735508 2885.1422317400575 550.99055257067084 766.39228161796927 55.306726053357124 6030.7207423206419 904.12411616928875 1089.079014107585 2652.9068406149745 1109.3083338662982
leaf_count=37153 30797 57766 4192 157231 106078 33624 149233 59002 3895 16203 283 4359 4136 1685 17071 5190 12082 20386 2723 2148 1173 13391 2626 3817 247 28798 4475 4676 13938 5312
internal_value=-7.3069e-05 7.4111e-05 0.00118632 0.00240052 0.000525108 -0.0019927 -0.00242101 -0.0046803 -0.00317994 0.00573426 0.0166482 -0.00601783 -0.0156599 -0.00204207 -0.00425839 7.38502e-05 0.00699456 -0.00652755 0.00440551 -0.019117 -0.00061007 -0.0092657 -0.019381 -0.0313279 -0.00224394 -0.000712841 0.00659999 0.0051435 0.00438145 0.00068672
internal_weight=149194 148442 102675 83953.7 56639.1 34350.9 45767.1 24163 21926.4 5294.54 3679.11 16631.9 4854.86 11777 18721.6 10973.8 5357.3 5616.49 22288.2 1615.43 746.053 3942.18 2236.61 1317.38 919.225 36743.3 6934.84 21740.9 10187.9 7534.97
internal_count=803690 772893 532621 440739 283508 170031 240272 117157 106275 23702 16486 82573 21886 60687 91882 54729 29153 25576 113477 7216 3321 17750 10882 6443 4439 182506 33273 110754 52874 38936
is_linear=0
shrinkage=0.05


Tree=85
num_leaves=31
num_cat=0
split_feature=18 17 5 13 3 1 12 21 12 15 12 24 11 4 3 4 12 11 11 25 11 15 21 11 21 4 12 18 21 11
split_gain=246.812 204.192 138.351 227.988 173.855 168.237 126.93 190.447 125.709 114.739 97.3509 198.975 154.665 151.38 118.061 110.372 96.3296 133.172 100.524 97.6385 96.0232 95.284 94.6495 93.6746 93.1382 161.221 92.7274 92.5619 91.3763 87.675
threshold=158.11765289306643 213.25555419921878 2.5000000000000004 -24.159708698975042 24.375085007399324 18.913088172674183 0.47213622291021679 0.15998668000000002 1.8157894736842108 37.451803207397468 5.215170278637772 7.5000000000000009 68.440097592586525 61.503134973347194 73.924354612827315 158.38477348536256 8.0216718266253881 27.905007794280266 31.108582943158904 24.274647629261022 63.239574884401854 12.646073341369631 -1.3945062499999998 9.5080668581966847 0.40264956500000004 47.099999405443675 10.332817337461302 175.58020782470706 -0.49529029499999994 96.005895777764081
decision_type=2 2 2 2 2 2 2 2 2 2 2 10 2 2 2 2 2 2 2 2 2 2 2 2 2 2 2 2 2 2
left_child=8 2 3 -2 16 10 7 20 -1 -10 12 29 13 -6 15 -14 17 22 -19 23 -7 -13 -4 24 25 -18 27 -5 -28 -12
right_child=1 -3 4 26 5 6 -8 -9 9 -11 11 21 14 -15 -16 -17 19 18 -20 -21 -22 -23 -24 -25 -26 -27 28 -29 -30 -31
leaf_value=-0.021572672662491649 0.010681668066919312 0.015214908282634913 -0.031331886965336349 -0.0030026050346904816 0.0062806242464969082 0.016729604782903557 -0.0032047647587813951 0.026372271204724726 -0.0036745970432429387 -0.029710531568780459 0.0039949037137296233 0.023664973387516615 0.0042748860987199518 -0.0020819763900690679 0.01293270858839877 -0.018528895618631559 -0.019437810547188388 0.0091295902599172925 -0.0036370120940147663 -0.0058403437230726074 -0.028278870837878917 0.099780497665308526 -0.0088256220755901036 0.011421641454701509 -0.028202952338764853 0.019874253307773926 -0.022706982475274133 0.0061296445915969963 0.011434816850612524 0.06850058238538298
leaf_weight=1518.4519001487643 7873.4518815763295 2304.0983318611979 498.36021220311522 6151.1453647315502 6776.0844780281186 185.06101991981268 26042.540203668177 880.37860638089478 5865.4986097868532 455.10904127545655 10730.032779416069 1054.0833150669932 6080.8040028661489 26857.434454131871 4274.006767263636 580.35263967886567 461.30376872420311 1681.6916674859822 18434.509946128353 2578.0440223291516 325.90127695538104 41.916302355006337 7290.432981967926 2975.916236281395 314.58974821865559 597.37955708801746 799.8535994887352 5053.2827246412635 258.77894850075245 51.941209107637405
leaf_count=18207 50453 14913 2286 28956 34930 890 131172 4516 48836 20030 50923 5046 32645 125590 21431 2962 1985 8399 96518 12561 1603 285 33974 15552 1353 2588 3503 30104 1331 255
internal_value=-2.41199e-05 0.000455481 0.000210452 0.00404252 -0.000439587 0.00079345 -0.0024185 0.0122903 -0.00865898 -0.00555369 0.00235452 0.00637653 0.00128249 -0.000397042 0.00644784 0.00228563 -0.00340884 -0.00471889 -0.00256934 0.00186835 -0.0119768 0.0266643 -0.0102695 0.00643808 -0.00436186 0.00274249 -0.000220641 0.00111629 -0.0143582 0.00431198
internal_weight=148992 141153 138849 20136.5 118713 83880.5 27433.9 1391.34 7839.06 6320.61 56446.7 11878 44568.7 33633.5 10935.2 6661.16 34832.2 27905 20116.2 6927.23 510.962 1096 7788.79 4349.19 1373.27 1058.68 12263.1 11204.4 1058.63 10782
internal_count=803797 716724 701811 114347 587464 412248 138181 7009 87073 68866 274067 56509 217558 160520 57038 35607 175216 141177 104917 34039 2493 5331 36260 21478 5926 4573 63894 59060 4834 51178
is_linear=0
shrinkage=0.05


Tree=86
num_leaves=31
num_cat=0
split_feature=17 14 17 23 23 20 4 11 22 11 14 11 11 21 23 22 22 22 14 23 14 23 22 22 21 11 11 11 14 21
split_gain=235.83 277.366 203.583 157.531 221.08 154.532 152.317 210.124 163.895 304.821 167.873 302.584 313.981 162.349 137.366 132.834 129.354 214.391 215.043 146.568 133.559 432.949 454.064 377.479 493.081 375.125 348.235 261.489 215.113 566.818
threshold=157.66176605224612 219.50000000000003 213.25555419921878 2.4041249500000004 2.1617061000000004 77.815338134765639 20.320640832185749 50.50536256878646 1.5679100000000001 35.261407327714267 271.50000000000006 67.867619931397982 27.620079198385081 1.1001508500000001 0.50913557500000006 -0.15288999499999997 -1.6132802499999999 -1.21867025 245.50000000000003 1.4709324000000004 261.50000000000006 0.57171410500000008 0.26599726000000007 -0.37704915999999994 0.86721292000000016 42.732788166210021 14.008156353618409 24.852478495173319 236.50000000000003 -1.2089223499999997
decision_type=2 2 2 2 2 2 2 2 2 2 2 2 2 2 2 2 2 2 2 2 2 2 2 2 2 2 2 2 2 2
left_child=1 -1 3 4 6 -5 7 -2 10 -10 16 12 13 -12 -3 -14 -8 18 -18 -20 28 22 -22 24 25 -23 -25 -24 -19 -30
right_child=2 14 -4 5 -6 -7 8 -9 9 -11 11 -13 15 -15 -16 -17 17 20 19 -21 21 23 27 26 -26 -27 -28 -29 29 -31
leaf_value=-0.031361482994563594 0.0024808554120175096 -0.024839261412581904 0.015229070180601774 0.017223390827061702 -0.013235711823472758 -0.010943874322091585 0.0098637618461498676 0.018541630721843658 -0.008907326079545386 0.034774875396634097 -0.01335320657935932 -0.04832400095743631 0.010773412877032224 0.037865646112542492 -0.00081331494988010663 0.042734385691976601 -0.014075601632333604 -0.001310396868504593 0.044037747773980972 0.00062139761888929061 -0.012467843335614619 0.0163182414972169 -0.02089146052963603 -0.019527120882205953 -0.052555549379336965 -0.030244843720935513 0.011582554253973011 -0.0900010837356328 -0.021729199638677567 0.0062587080948522805
leaf_weight=1176.4719077795744 12672.73441779986 694.43509665876627 2312.6516213156283 2418.4049992244691 3070.7378919404 608.88902021199465 2787.8276353422552 2425.5109704136848 713.41649904288352 905.28158319555223 865.29711812734604 192.77806604653597 497.29323969781399 187.36227272450924 4116.6247926168144 942.48912583291531 5419.3959532957524 68634.547872908413 237.0190229639411 1060.6518651843071 2265.955732896924 1053.0681846141815 229.18489436805248 1081.582668453455 689.20382352173328 732.58567997068167 5320.6898517087102 341.6274399459362 1960.2954019680619 23301.933430857956
leaf_count=39861 69280 4649 15093 14245 16092 3149 13111 17100 3910 6181 3563 865 2201 888 27315 4301 25931 358980 1021 4638 9434 4492 935 4458 2867 3246 24301 1392 8869 111094
internal_value=0.000110595 -0.00961008 0.000517877 0.000275821 2.754e-05 0.0115563 0.000330406 0.00506205 -0.000267855 0.015529 -0.000485049 0.011871 0.0165443 -0.00420951 -0.00428569 0.0317104 -0.000773371 -0.00103746 -0.0096983 0.00857918 -0.000486522 -0.00552044 -0.0225211 -8.57892e-05 -0.0166652 -0.00279105 0.00632474 -0.0623382 0.000141527 0.00408613
internal_weight=148916 5987.53 142928 140616 137588 3027.29 134518 15098.2 119419 1618.7 117801 2685.22 2492.44 1052.66 4811.06 1439.78 115116 112328 6717.07 1297.67 105611 11713.9 2836.77 8877.13 2474.86 1785.65 6402.27 570.812 93896.8 25262.2
internal_count=803462 71825 731637 716544 699150 17394 683058 86380 596678 10091 586587 11818 10953 4451 31964 6502 574769 561658 31590 5659 530068 51125 11761 39364 10605 7738 28759 2327 478943 119963
is_linear=0
shrinkage=0.05


Tree=87
num_leaves=31
num_cat=0
split_feature=5 14 12 24 14 17 12 22 15 14 24 14 14 12 22 17 24 20 9 14 14 25 3 5 14 12 14 12 25 14
split_gain=210.194 303.041 220.752 194.745 285.667 169.877 151.604 149.69 150.43 147.757 198.857 177.054 229.96 291.884 214.819 145.98 127.79 267.274 117.536 284.941 314.811 194.197 161.365 115.816 115.58 109.785 109.729 106.471 104.013 103.167
threshold=15.500000000000002 209.50000000000003 1.8591331269349849 5.5000000000000009 195.50000000000003 213.25555419921878 10.439628482972138 -0.94543605999999991 1.481164872646332 245.50000000000003 1.5000000000000002 255.50000000000003 265.50000000000006 1.3606811145510838 -1.3993544999999998 162.33823394775393 7.5000000000000009 41.857505798339851 3.5000000000000004 223.50000000000003 203.50000000000003 21.276421880722051 8.5114741958677786 26.500000000000004 257.50000000000006 1.212074303405573 198.50000000000003 0.21517027863777091 23.105414235591891 165.50000000000003
decision_type=2 2 2 10 2 2 2 2 2 2 10 2 2 2 2 2 10 2 2 2 2 2 2 2 2 2 2 2 2 2
left_child=5 3 23 6 -5 7 15 9 -9 18 -11 25 14 -14 -13 -2 -6 -18 26 20 22 -21 -20 -3 -16 -12 -1 -17 -27 -24
right_child=1 2 -4 4 16 -7 -8 8 -10 10 11 12 13 -15 24 27 17 -19 19 21 -22 -23 29 -25 -26 28 -28 -29 -30 -31
leaf_value=-0.0051388125785183231 -0.043220150743105423 -0.0091400254809098323 0.0014583202399203127 -0.023384217094038165 0.02070744312719603 0.014299718789888628 0.060482516492208774 0.0074667109691129597 0.00071761021335403153 -0.028860371705099058 0.04493121837137462 0.014613760943056765 -0.015886553280634198 0.036263496996637605 -0.067368352553468638 0.058343069377765448 0.032088969591480027 0.22222819045539849 0.0058142134905026267 -0.00080354520604405402 0.020076155791505564 -0.026799587373357789 0.00045766629825106915 -0.036259340188435268 -0.019131430444478525 0.03069007765629915 0.0092126338185914338 -0.019696819153126974 -0.0010181533966024286 -0.013446914094354995
leaf_weight=2952.391548095271 791.52252857200801 3384.5142712667584 12218.344805797562 403.85032190009952 258.58631885610521 2263.8513998612761 52.025394227355719 9051.5287307351828 93864.196886509657 389.31198173761368 396.90579906851053 470.91628115624189 422.44772643595934 732.17521353065968 146.76865833997726 43.69336948543787 60.754264065995812 25.836874017491937 2084.4867796134204 996.14764611423016 1274.5753142312169 2576.1623154059052 1774.6229891385883 444.75661599263549 789.28832391649485 490.60868464410305 2424.9474424906075 2092.4110161885619 545.61561821401119 5371.376488937065
leaf_count=16527 26421 18768 70496 5417 2563 14943 832 54658 477059 2158 1809 2022 1965 3108 618 207 470 449 10604 4259 5557 11139 10196 5371 3418 2155 10363 13121 2441 25057
internal_value=-8.94046e-06 -0.00480879 -0.00182488 -0.0176471 0.00513821 0.000726825 -0.0233747 0.000484301 0.00131127 -0.00308575 0.00520574 0.0085321 0.000656587 0.0171859 -0.0129106 -0.024885 0.03848 0.0907117 -0.00495437 -0.0073562 -0.00320721 -0.0195528 -0.00642408 -0.0122985 -0.0267585 0.0225986 0.00133358 -0.018074 0.0140095 -0.0099943
internal_weight=148795 19776.3 16047.6 3728.68 749.028 129018 2979.65 126754 102916 23838.7 4384.04 3994.73 2561.6 1154.62 1406.97 2927.63 345.177 86.5911 19454.7 14077.4 10505.1 3572.31 9230.49 3829.27 936.057 1433.13 5377.34 2136.1 1036.22 7146
internal_count=804171 144115 94635 49480 8899 660056 40581 645113 531717 113396 19694 17536 11131 5073 6058 39749 3482 919 93702 66812 51414 15398 45857 24139 4036 6405 26890 13328 4596 35253
is_linear=0
shrinkage=0.05


Tree=88
num_leaves=31
num_cat=0
split_feature=15 19 18 14 21 12 21 18 11 21 14 12 21 11 20 14 11 12 1 4 14 11 20 0 14 11 21 13 18 14
split_gain=187.155 160.816 146.273 124.959 125.921 115.76 234.047 146.456 170.496 157.69 154.297 241.045 155.511 161.303 136.554 227.217 161.456 135.343 133.16 122.878 117.075 115.599 105.36 103.811 203.552 222.12 141.194 119.414 114.886 145.525
threshold=35.925676345825202 0.63235294818878185 197.47023773193362 251.50000000000003 0.91939226000000007 3.0789473684210531 1.5015317500000001 171.7113952636719 88.744555543150895 -0.10662768499999999 243.50000000000003 3.0201238390092882 -0.86452558999999984 41.215527243203375 6.7537841796875009 209.50000000000003 36.983869110444573 1.3421052631578949 92.396998405456557 770.56980381160986 161.50000000000003 17.687629925646469 -1.9687194824218748 11.275419712066652 227.50000000000003 26.681275045320444 0.87846228500000012 49.383895454599589 169.10294342041018 192.50000000000003
decision_type=2 2 2 2 2 2 2 2 2 2 2 2 2 2 2 2 2 2 2 2 2 2 2 2 2 2 2 2 2 2
left_child=1 2 5 4 -3 7 23 8 10 18 14 12 -12 17 16 -16 22 -14 -10 -17 -18 -8 -1 28 27 -26 -27 -25 -7 -30
right_child=-2 3 -4 -5 -6 6 21 -9 9 -11 11 -13 13 -15 15 19 20 -19 -20 -21 -22 -23 -24 24 25 26 -28 -29 29 -31
leaf_value=-0.0060053861384983158 -0.02746748151571976 0.0040422694977754236 0.021469603133355875 -0.0026300413287750324 0.016625105851493186 0.003565712133320915 -0.032879878684253037 0.0001571104308950314 0.021906914353953557 0.00079650805834531385 -0.021132585763665213 -0.057416829688626159 -0.050852651271295207 -0.0013228789340647969 -0.023521246080118702 -0.0053683264565324382 -0.0073072503343772043 0.020183781373492138 0.10035948873653942 -0.03318159082120864 0.01674349470285692 0.024448117204154674 -0.028173709890280264 -0.0085573538040180728 -0.01274217984425479 0.024424103059862957 -0.019477591979782233 -0.030302362734480129 0.0035914845011075637 -0.0030483795536278796
leaf_weight=3138.794277574867 612.9337590970099 20574.277166202664 743.68995923176408 6438.7189623937011 2200.1988261565566 22732.138306202367 93.314128693193197 24984.985724635422 450.92571180872619 2367.1621762141585 736.01250333338976 182.262271232903 69.23737009614706 4975.9855377227068 3441.2333066146821 5511.1802565585822 825.98287411220372 1505.9827392101288 60.647582236677408 427.0193520821631 1303.2568025700748 1327.9328635316342 645.59554904326797 2018.4711510483176 1088.3375020809472 1156.8016837947071 216.78139187395573 918.58065344765782 12121.05991204083 25846.658874481916
leaf_count=14755 27993 117488 5052 29832 16949 112172 472 124615 2200 13091 3853 826 341 23978 21823 27312 4789 6801 626 5134 6260 7981 5274 11047 4972 5885 1133 13308 63770 124833
internal_value=8.19029e-05 0.000196102 -0.000620616 0.00351984 0.00525855 -0.000759847 0.000595377 -0.00256728 -0.00522184 0.00624136 -0.00667178 -0.000781264 0.000642945 0.00309223 -0.00954861 -0.0132999 -0.00359749 0.0170312 0.0313852 -0.00737364 0.00741459 0.0206637 -0.00979362 0.000163565 -0.00647983 0.00412351 0.0174863 -0.0153662 0.000754562 -0.000928588
internal_weight=148716 148103 118890 29213.2 22774.5 118146 67520.1 50626.3 25641.3 2878.74 22762.5 7469.48 7287.22 6551.21 15293.1 9379.43 5913.63 1575.22 511.573 5938.2 2129.24 1421.25 3784.39 66098.8 5398.97 2461.92 1373.58 2937.05 60699.9 37967.7
internal_count=804565 776572 612303 164269 134437 607251 345573 261678 137063 15917 121146 35799 34973 31120 85347 54269 31078 7142 2826 32446 11049 8453 20029 337120 36345 11990 7018 24355 300775 188603
is_linear=0
shrinkage=0.05


Tree=89
num_leaves=31
num_cat=0
split_feature=22 11 5 21 11 5 11 11 22 23 23 23 11 22 21 11 21 11 23 22 11 23 11 23 23 11 21 21 11 23
split_gain=207.172 238.108 218.286 188.442 176.214 166.193 187.192 183.761 184.41 214.181 206.455 142.727 359.473 335.638 244.554 201.551 251.432 191.394 169.472 196.299 158.908 165.675 136.58 244.953 226.899 195.809 190.636 208.045 239.896 211.138
threshold=0.45226171500000006 111.65133048040369 15.500000000000002 0.64818123000000016 27.079945701987018 1.5000000000000002 17.687629925646469 4.7379847955154757 -1.4539831499999998 1.0959892500000004 1.0240603500000003 0.67403534000000009 48.249919299797476 -0.56666779499999986 0.57696247500000009 31.623580255721567 0.51909596000000013 129.20073116478446 0.36691397000000009 0.43984303000000008 40.694488838603355 0.15539592000000002 40.001929172009973 1.2250030000000003 1.0344751000000001 40.912814533885793 0.64024144500000013 1.8306496500000002 81.848965866762242 1.6978337000000001
decision_type=2 2 2 2 2 2 2 2 2 2 2 2 2 2 2 2 2 2 2 2 2 2 2 2 2 2 2 2 2 2
left_child=2 4 5 -3 -2 -1 7 -7 -9 10 -10 12 13 -8 15 16 -15 -14 20 -20 -17 -22 23 -13 -24 -26 -27 29 -29 -28
right_child=1 3 -4 -5 -6 6 11 8 9 -11 -12 22 17 14 -16 18 -18 -19 19 -21 21 -23 24 -25 25 26 27 28 -30 -31
leaf_value=0.0060253218822037789 -0.0025151691180013789 0.042581334455534997 -0.0067640271856384314 -0.0027718001261780754 0.0053973645324760389 0.01838987865479897 0.035345116383448741 -0.049787679032975651 -0.012373002862760146 0.0010802671571829897 -0.051514514957376335 0.007093595284893158 0.011194254292520054 0.0031967795889521014 0.039808098813682934 -0.032520986737578514 -0.062778972366970817 -0.050276105628675752 -0.0030700168015748287 -0.078940605089085278 -0.067620145274846721 0.0032540087347210467 -0.0084780313632264025 -0.0032472764333022056 -0.023347773362176413 -0.0026838594897228389 0.0062582324806552837 -0.0033944120997439864 -0.067522489794771753 0.031022194506317533
leaf_weight=9883.2304162140936 10494.398251580074 677.82245045341551 14145.248711470515 345.48626949265599 21350.167746497318 621.6709895581007 557.95500231720507 277.45363840088248 4031.1722900178283 3386.006852298975 366.79505212605 11068.229239374399 9837.0137552171946 5214.9335265029222 304.14813733845949 1465.5907563026994 147.52040807902813 127.31062211841345 3280.5763576198369 86.531942673027515 92.175441175699234 716.06145111098886 13079.116931408644 11864.594210788608 892.30517496354878 16035.312076093629 6173.6694523151964 864.09755954146385 174.4772382080555 999.35198313556612
leaf_count=56824 54787 4629 106747 2333 133943 2740 2710 1263 18030 15609 1567 54153 50645 25188 1506 6740 660 664 15512 418 452 3472 63244 58414 4188 73711 33012 4638 874 5444
internal_value=5.00995e-05 0.00355312 -0.00094512 0.0272816 0.00278979 -0.000134504 -0.000798716 -0.00778327 -0.00980369 -0.00837228 -0.0156484 -6.7769e-05 0.00340279 -0.00247694 -0.00434618 -0.00557017 0.00137043 0.0104039 -0.0121672 -0.00504269 -0.0227104 -0.00490241 -0.00130673 0.0017437 -0.00313713 -0.000358208 0.000488754 0.00668369 -0.0142223 0.00971221
internal_weight=148560 32867.9 115693 1023.31 31844.6 101547 91664.1 8683.1 8061.43 7783.97 4397.97 82981 21829.8 11865.5 11307.5 11003.4 5362.45 9964.32 5640.94 3367.11 2273.83 808.237 61151.2 22932.8 38218.3 25139.2 24246.9 8211.6 1038.57 7173.02
internal_count=804117 195692 608425 6962 188730 501678 444854 39209 36469 35206 19597 405645 107967 56658 53948 52442 25848 51309 26594 15930 10664 3924 297678 112567 185111 121867 117679 43968 5512 38456
is_linear=0
shrinkage=0.05


Tree=90
num_leaves=31
num_cat=0
split_feature=0 16 16 9 9 12 18 24 14 14 11 11 14 14 24 5 11 14 14 16 11 12 17 14 11 14 24 12 11 20
split_gain=198.171 137.963 136.097 106.696 108.41 177.398 176.646 113.23 149.352 112.262 341.496 155.271 161.831 236.719 174.57 109.781 102.847 102.689 110.068 152.075 111.759 123.067 97.2505 144.688 128.591 143.605 184.911 140.821 164.178 106.425
threshold=12.864675998687746 0.83823528885841381 0.10294117778539659 73.500000000000014 12.500000000000002 4.3854489164086692 179.131462097168 7.5000000000000009 251.50000000000003 268.50000000000006 52.327960417574225 60.43594982190168 184.50000000000003 206.50000000000003 6.5000000000000009 1.5000000000000002 26.853949906137249 174.50000000000003 211.50000000000003 0.27941177785396581 26.853949906137249 6.9272445820433441 189.94999694824222 211.50000000000003 96.005895777764081 197.50000000000003 5.5000000000000009 9.1253869969040267 20.631915132800589 5.3230590820312509
decision_type=2 2 2 2 2 2 2 10 2 2 2 2 2 2 10 2 2 2 2 2 2 2 2 2 2 2 10 2 2 2
left_child=1 3 -2 4 5 6 9 -7 17 11 -11 -1 -13 14 -14 16 -6 -9 19 20 -19 -22 24 -24 25 26 27 29 -29 -17
right_child=2 -3 -4 -5 15 7 -8 8 -10 10 -12 12 13 -15 -16 22 -18 18 -20 -21 21 -23 23 -25 -26 -27 -28 28 -30 -31
leaf_value=-0.005483813601139708 -0.026354668516454641 0.0047379854135447489 -0.0042874720903141456 0.008173898113107923 -0.0043277767977389896 0.0039152620746429976 0.0048996200411003596 -0.0047903665425064971 -0.013086807430955527 0.023840077275908849 -0.021540855663493227 0.016264135427362554 -0.016084344968145529 0.0038669748962942511 0.047862202208135522 -0.0030203325105531663 0.013124703200035441 0.24684344499777455 0.017519250336476746 0.040070141726620247 0.19275116324518823 0.0045321288432822694 -0.00048290013567971868 -0.0095371654362576639 0.024831374731535082 0.0012477936017019637 0.01047687062546244 -0.012798606074147826 0.052290301911833953 -0.017152962682328767
leaf_weight=22292.447224559262 729.81084733828902 16979.356915276498 15933.889578249305 3775.8892224803567 1393.1266893595457 16525.298624649644 10883.783453933895 230.90351249091327 313.02860064804554 1303.4215685501695 606.76637723296881 1624.4320989437401 2578.4897885415703 7433.0316250883043 110.38168309815228 2005.286430221051 2139.5963600985706 14.217744680121539 586.05966081283987 418.47294147312641 13.574645305052398 21.613245083019137 7643.4055170044303 10437.008993729949 475.99611846730113 16408.947910604998 1254.728347491473 199.64242346584797 186.6486361771822 3969.9863833468407
leaf_count=114992 27691 99788 91647 20077 6843 86071 58891 1311 1317 5815 2942 8715 13116 36142 635 9498 13291 213 2843 2005 212 326 43595 51883 2535 75742 6711 845 832 18137
internal_value=-0.000118079 0.000531358 -0.00525546 -9.0604e-05 -0.000371631 0.000944542 -0.000680942 0.00514482 0.0178506 -0.00237058 0.00942121 -0.00303257 0.00161952 -0.000732124 -0.0134424 -0.00222555 0.00624305 0.0253923 0.0320032 0.0500695 0.13229 0.0804624 -0.00292826 -0.00570976 -0.000875543 -0.00138587 -0.00705939 -0.0105193 0.018705 -0.0124114
internal_weight=148489 131826 16663.7 114846 111070 64955.9 46832.8 18123.2 1597.87 35949 1910.19 34038.8 11746.3 10121.9 2688.87 46114.4 3532.72 1284.84 1053.94 467.879 49.4056 35.1879 42581.7 18080.4 24501.2 24025.2 7616.29 6361.56 386.291 5975.27
internal_count=804661 685323 119338 585535 565458 335546 241248 94298 8227 182357 8757 173600 58608 49893 13751 229912 20134 6910 5599 2756 751 538 209778 95478 114300 111765 36023 29312 1677 27635
is_linear=0
shrinkage=0.05


Tree=91
num_leaves=31
num_cat=0
split_feature=17 14 17 22 11 14 22 11 17 14 14 1 17 4 14 14 24 17 11 11 22 11 9 13 14 22 22 11 11 22
split_gain=181.844 249.938 150.647 128.417 325.365 129.018 351.336 302.85 223.731 215.295 190.047 376.766 182.44 215.264 170.137 163.926 195.804 156.716 153.471 144.193 177.304 146.121 137.265 130.398 125.541 124.563 162.839 128.048 117.228 116.703
threshold=157.66176605224612 218.50000000000003 213.25555419921878 1.5679100000000001 47.991097446288862 171.50000000000003 1.0741876000000001 63.742673904464901 185.78959655761722 163.50000000000003 196.50000000000003 0.15609277784824374 179.88861083984378 122.40556812286378 257.50000000000006 165.50000000000003 6.5000000000000009 178.78430938720706 26.064441246721586 17.687629925646469 0.58186933500000004 4.0024652567118322 76.500000000000014 -72.637069093841959 197.50000000000003 -1.2068874999999999 -1.9131074999999997 36.983869110444573 58.414153906490789 -1.3993544999999998
decision_type=2 2 2 2 2 2 2 2 2 2 2 2 2 2 2 2 10 2 2 2 2 2 2 2 2 2 2 2 2 2
left_child=1 -1 3 5 -5 6 7 8 -2 23 11 -7 13 14 -12 18 28 -13 -8 20 21 -14 -21 -9 -6 26 -19 -28 -17 -23
right_child=2 -3 -4 4 24 10 15 9 -10 -11 12 17 19 -15 -16 16 -18 25 -20 22 -22 29 -24 -25 -26 -27 27 -29 -30 -31
leaf_value=-0.030369246981924343 -0.0021543403056284833 -0.0037412183198721988 0.013198985293816008 0.0012396992685394619 0.065061913464547858 0.0063670720320322107 -0.025596549849458375 -0.085236965819124391 0.0094458981811252792 0.035159347429275033 0.011756667080490245 -0.014392056723183234 0.042662153648416246 -0.00018126826509055053 -0.0012019857554573564 -0.061420515405023579 -0.076807294391328759 0.018887139837916844 0.019825452962302828 -0.00085865594683370871 0.0063228019967445735 -0.052071525402028029 0.011628487430704673 0.0056682475930873617 0.022995569534096861 -0.0031495781616839879 0.0080610600205495327 -0.032781776668545974 0.029180551566044322 -0.011908449581732559
leaf_weight=1078.0782201327384 9109.3941551763564 4808.7275829128921 2242.4333312138915 2532.5420541670173 279.55702038854361 6121.8015750609338 529.5612290725112 41.360180884599686 7643.379265666008 1340.2882604654878 9653.509689502418 6224.2212726995349 118.30951289832592 16932.008237563074 3433.5316955000162 55.611459376290441 241.73504167795181 246.99378947168589 285.43245995044708 51230.660297207534 1702.9007591307163 186.36769104003906 2298.5535847619176 572.98759011924267 487.37897363305092 12250.641410194337 234.06618629395962 1055.618235245347 95.684384766966105 5307.5568903237581
leaf_count=39357 44665 32686 15006 14661 2251 33209 2599 331 49934 8447 44521 36876 478 88383 14994 369 1408 1349 1745 250835 8125 812 13001 3675 3662 61563 1023 4662 671 22830
internal_value=-1.11656e-05 -0.00862206 0.000344731 0.000139058 0.00988492 -9.58805e-05 0.00362421 0.0053122 0.00313847 0.0239317 -0.000729147 -0.00448666 0.000351594 0.00354121 0.00835699 -0.0224987 -0.04898 -0.00780712 -0.00968376 -0.00122211 -0.007806 -0.0120934 -0.000322249 -0.000580403 0.038394 -0.00483355 -0.0182477 -0.0253687 -0.0043061 -0.0132801
internal_weight=148341 5886.81 142454 140212 3299.48 136912 19915.4 18707.4 16752.8 1954.64 116997 26133.3 90863.4 30019 13087 1208.02 393.031 20011.5 814.994 60844.3 7315.13 5612.23 53529.2 614.348 766.936 13787.3 1536.68 1289.68 151.296 5493.92
internal_count=804128 72043 732085 717079 20574 696505 113844 107052 94599 12453 582661 138682 443979 147898 59515 6792 2448 105473 4344 296081 32245 24120 263836 4006 5913 68597 7034 5685 1040 23642
is_linear=0
shrinkage=0.05


Tree=92
num_leaves=31
num_cat=0
split_feature=22 18 14 23 11 22 14 14 14 22 14 11 23 11 17 12 12 22 22 12 11 14 22 12 14 23 11 12 14 23
split_gain=183.704 206.244 180.294 153.921 267.075 383.768 209.077 233.353 211.26 352.039 197.668 262.804 189.305 185.529 155.531 154.838 154.627 199.921 147.597 194.911 145.228 140.206 150.129 197.067 757.91 279.031 254.73 229.193 214.782 214.231
threshold=0.055660221750000009 158.11765289306643 248.50000000000003 0.69593900500000017 44.126377676085987 -0.60950839499999987 215.50000000000003 191.50000000000003 250.50000000000003 -0.19567234999999997 268.50000000000006 31.108582943158904 0.41263689000000009 53.401806228566379 179.34230804443362 2.6068111455108363 0.84365325077399389 1.0000000180025095e-35 -0.43459500499999998 5.0015479876161004 27.620079198385081 171.50000000000003 -1.7667101999999997 2.6640866873065021 203.50000000000003 1.8392467500000003 67.867619931397982 2.6068111455108363 256.50000000000006 1.5299225000000003
decision_type=2 2 2 2 2 2 2 2 2 2 2 2 2 2 2 2 2 2 2 2 2 2 2 2 2 2 2 2 2 2
left_child=1 2 -1 4 5 -3 7 14 13 15 11 20 -13 -8 -6 -10 17 -11 -12 -20 -7 -5 -23 24 27 26 29 -24 -28 -26
right_child=-2 3 -4 21 6 10 8 -9 9 16 18 12 -14 -15 -16 -17 -18 -19 19 -21 -22 22 23 -25 25 -27 28 -29 -30 -31
leaf_value=-0.021362099289554556 0.0022530800512013706 0.034947990312060695 -0.00018476995054882435 0.0030233838675555302 -0.0051906086510840298 -9.2016016503219142e-05 0.0080522137810135931 -0.0068798677957889595 -0.057033785467037128 -0.057919279381562473 0.0035869583112829043 -0.023079095597722279 -0.0012403048183830816 0.033088422876790556 0.022403020174680155 -0.00046012881148340605 0.031721282661694356 0.045794960432001264 -0.0081602524836079937 -0.066730452513042035 0.019396874131733133 0.010307409235562559 -0.024202231898919346 -0.0012233630484176613 -0.0084864821285003649 -0.022140306863041644 0.013724622248625898 -0.099040826583634389 -0.017831951505906253 0.0088784084786821607
leaf_weight=2362.3758293073624 53937.130898158997 641.98345445655286 1748.6784584149718 11405.612394187599 737.16852213069797 4299.9189976006746 1179.3480061925948 3085.8399628754705 287.3643908649683 122.4475084990263 254.79547137022018 2069.7604686282575 1905.5689343176782 1988.836006205529 1658.6596510186791 208.34645174443722 639.95483745634556 73.594681292772293 246.129035115242 335.89949668943882 1228.1543812118471 2031.0949873812497 4212.0196587573737 34832.831023195758 8149.5264905840158 1632.5919544044882 3964.812392000109 103.97642710804939 623.18111868202686 2270.1703298073262
leaf_count=43265 312816 3281 10073 63431 3896 20556 5557 15902 1229 522 1057 9666 9260 10088 9661 865 2759 359 1028 1388 5939 9808 20760 164422 36563 8106 19127 518 2720 10129
internal_value=-7.4256e-05 -0.00140543 -0.0123563 -0.000906132 0.00284731 -0.00253292 0.00876658 0.00220929 0.0167523 4.13745e-05 -0.00486311 -0.00281028 -0.0126136 0.0237742 0.0139142 -0.0333048 0.0198304 -0.0189499 -0.028145 -0.0420187 0.00424049 -0.00204282 -0.00304221 -0.0035284 -0.00735953 -0.00251629 -0.00038018 -0.0260277 0.00943538 -0.00470265
internal_weight=148238 94300.6 4111.05 90189.6 20963.8 10982.2 9981.56 5481.67 4499.89 1331.71 10340.2 9503.4 3975.33 3168.18 2395.83 495.711 835.997 196.042 836.824 582.029 5528.07 69225.8 57820.2 55789.1 20956.3 16640.3 15007.7 4316 4587.99 10419.7
internal_count=804751 491935 53338 438597 103013 52175 50838 29459 21379 5734 48894 45421 18926 15645 13557 2094 3640 881 3473 2416 26495 335584 272153 262345 97923 76645 68539 21278 21847 46692
is_linear=0
shrinkage=0.05


Tree=93
num_leaves=31
num_cat=0
split_feature=15 18 22 11 12 20 12 11 5 20 15 12 22 11 24 22 20 22 12 11 22 12 22 12 12 12 22 11 24 11
split_gain=155.59 142.353 138.281 187.346 184.805 169.692 148.692 252.057 206.736 335.411 170.193 142.135 189.508 242.017 162.036 158.382 143.014 439.892 236.602 225.124 191.002 186.195 181.556 333.95 303.814 218.188 217.979 185.325 179.072 317.02
threshold=37.451803207397468 190.41741943359378 0.45226171500000006 111.65133048040369 0.65944272445820451 -3.9687194824218746 8.0216718266253881 17.687629925646469 7.5000000000000009 20.640762329101566 15.478336334228517 3.0789473684210531 -1.7667101999999997 28.886018813636749 2.5000000000000004 -1.2068874999999999 50.476669311523445 0.42497292500000006 5.5015479876161004 54.480110909097803 -0.040968708699999988 3.1656346749226012 -0.59998893499999995 4.9458204334365332 5.7058823529411775 6.4102167182662546 -0.56666779499999986 42.073485145293439 2.5000000000000004 90.762973746602029
decision_type=2 2 2 2 2 2 2 2 2 2 2 2 2 2 10 2 2 2 2 2 2 2 2 2 2 2 2 2 10 2
left_child=1 2 5 4 -4 -1 7 -7 9 -8 11 12 -9 14 -14 -13 28 19 -19 20 21 -18 23 27 26 -25 -24 -23 -17 -30
right_child=-2 -3 3 -5 -6 6 8 10 -10 -11 -12 15 13 -15 -16 16 17 18 -20 -21 -22 22 24 25 -26 -27 -28 -29 29 -31
leaf_value=0.0041339865740669659 -0.028142557917664734 0.0096379605338855964 -0.028406160009297177 0.024412863858156157 0.0025860863374545838 -0.012977484106524296 0.01905400501678095 0.016501471934269245 0.015037510760429411 -0.0085401051994315955 -0.014438585801166123 -0.0088848681831621024 -0.014232381753888933 -0.0032108468206513275 -0.053684101561796538 -0.0026307802874366878 0.03206940099915586 -0.13259065986149765 0.0037774816562404822 0.022364018681987258 0.012437929809113641 0.029651636553192175 -0.055438938192555111 -0.033685490397278008 0.012782320155285996 0.026580131320990841 -0.010676387039459031 -0.0046254892252404764 0.016380032006186127 -0.033541392095298293
leaf_weight=14248.387712143362 487.72423403896391 3822.225661393255 487.77430001460016 968.88168946281075 30272.792083337903 5216.7645804509521 1503.5746132060885 1166.8351295031607 3044.507170367986 4107.1150772459805 2522.7298103645444 3800.9846174158156 947.71256746165454 38109.057068448514 358.43061976879835 18561.90292288363 423.17355530709028 87.134070754051208 49.684853449463844 1912.9862386360765 4470.293976187706 1385.2906614467502 291.36170676350594 596.35956801846623 1444.3626250624657 199.79656239598989 3918.4161767326295 550.75513241440058 2679.4625590462238 359.88564541563392
leaf_count=82736 24592 24917 2589 6232 173835 24526 7617 5532 15366 18807 37691 17704 4724 179711 1769 88255 1880 429 213 9599 21467 6229 1259 2606 6646 921 17457 2483 14017 1955
internal_value=2.2462e-05 0.000115777 -0.000137589 0.00277601 0.00209373 -0.000963342 -0.0017067 -0.00231479 0.00454949 -0.00114325 -0.00165115 -0.00125425 -0.00334851 -0.00393655 -0.0250915 0.000832334 0.00183266 0.005526 -0.0834014 0.00633227 0.00402135 -0.000250479 -0.00188496 0.00869621 -0.00699865 -0.0185474 -0.0137869 0.0199033 -0.000788504 0.0104598
internal_weight=147996 147509 143686 31729.4 30760.6 111957 97708.6 89053.4 8655.2 5610.69 83836.6 81313.9 40582 39415.2 1306.14 40731.9 36930.9 15329.6 136.819 15192.8 13279.8 8809.52 8386.34 2732.2 5654.14 796.156 4209.78 1936.05 21601.3 3039.35
internal_count=803764 779172 754255 182656 176424 571599 488863 447073 41790 26424 422547 384856 191736 186204 6493 193120 175416 71189 642 70547 60948 39481 37601 12239 25362 3527 18716 8712 104227 15972
is_linear=0
shrinkage=0.05


Tree=94
num_leaves=31
num_cat=0
split_feature=15 18 22 13 23 4 5 4 6 23 23 22 22 17 15 13 25 23 18 13 23 2 17 4 22 22 5 2 22 13
split_gain=174.755 151.405 110.402 135.308 126.269 100.054 128.407 93.5367 91.6659 114.517 122.401 91.1547 85.0231 83.6033 93.9517 91.5081 103.682 80.3563 78.9394 69.3279 80.0469 66.4364 62.5956 61.9006 60.6242 87.3506 59.8537 87.6878 79.2399 75.3179
threshold=34.422899246215827 182.33635711669925 -1.2068874999999999 -62.591906146333763 2.4041249500000004 19.644801504909996 14.500000000000002 222.5449879318476 1.5000000000000002 1.8540950500000002 1.6901442000000002 -0.46755985499999991 -1.6132802499999999 179.88861083984378 1.3268321156501772 -32.353334184609139 26.814813715219504 2.1617061000000004 172.2738952636719 -10.490209061398685 2.0540985000000007 0.32347974181175237 178.60713958740237 339.9721810072661 -0.55092459999999999 -0.92314603999999989 2.5000000000000004 19.672781348228458 1.5679100000000001 -30.967407623461614
decision_type=2 2 2 2 2 2 2 2 2 2 2 2 2 2 2 2 2 2 2 2 2 2 2 2 2 2 2 2 2 2
left_child=1 2 3 -1 8 -6 -7 12 9 10 -4 -3 17 15 -15 16 -10 21 -18 20 22 -5 -14 -16 25 -11 29 28 -28 -13
right_child=-2 11 4 7 5 6 -8 -9 13 24 -12 26 19 14 23 -17 18 -19 -20 -21 -22 -23 -24 -25 -26 -27 27 -29 -30 -31
leaf_value=0.023998231565239309 -0.02622979146308721 1.0682389386101852e-05 -0.001861467563372664 -0.032848288729428896 -0.015694037400140522 0.025783277750067286 -0.012538687959159869 -0.019489150675818454 0.013031525752100143 -0.01410878654771475 0.0094003911095120046 0.020843635648787336 1.448042631753727e-05 0.008389033003245323 -0.0014306481660132334 0.0015673029388558711 -0.011082929944180336 -0.0092128805471760195 0.01636825877499682 -0.0019674881493354549 -0.038523545482493073 0.0091583156417725294 -0.014765862683641074 0.027639103936663696 -0.014516407608022981 0.018550036912264863 0.0004566665576576149 0.0098914332367387552 0.026167454652168701 0.0055675314287850783
leaf_weight=378.26622928678989 630.92766486108303 11719.039471626282 45701.339259238914 97.563626289367676 249.90721994638443 1157.1986875496805 268.80097001977265 1209.468670334667 4117.1762082800269 439.28960650227964 2546.2030778490007 1352.3504092507064 1012.13773403503 2746.8041132166982 30791.941593639553 14880.85771708563 916.45183339342475 1109.2465876191854 365.53097754716873 2677.9365677461028 273.15638092905283 2104.7232691422105 2450.0184423923492 183.22429629415274 2582.5334015600383 381.70789361558855 8536.3686209395528 4564.9511535987258 309.58175365999341 2000.9279699623585
leaf_count=1910 31073 60700 239592 466 1372 6814 1639 9437 19769 2381 13733 11769 4864 15807 156980 70001 4239 5656 1787 13335 1456 9728 10835 824 13704 2079 50948 25045 2508 13283
internal_value=7.59455e-06 0.000120288 -0.000665629 -0.00536346 -0.000170431 0.0134423 0.0185559 -0.00638132 -0.000386486 -0.00189237 -0.00126695 0.00339379 -0.00474927 0.00105385 -0.000471805 0.00359064 0.00916594 0.00175656 -0.00324913 -0.00810835 -0.0125092 0.00728331 -0.0104462 -0.00125781 -0.0107552 0.00107944 0.00575861 0.0042641 0.00135932 0.0117326
internal_weight=147756 147125 118641 11312.5 107329 1675.91 1426 10934.3 105653 51651.1 48247.5 28483.2 9724.78 54002 33722 20280 5399.16 3311.53 1281.98 6413.25 3735.31 2202.29 3462.16 30975.2 3403.53 820.998 16764.2 13410.9 8845.95 3353.28
internal_count=803734 772661 608408 57687 550721 9825 8453 55777 540896 271489 253325 164253 46340 269407 173611 95796 25795 15850 6026 30490 17155 10194 15699 157804 18164 4460 103553 78501 53456 25052
is_linear=0
shrinkage=0.05


Tree=95
num_leaves=31
num_cat=0
split_feature=19 14 25 14 24 22 23 12 22 14 12 12 10 12 23 25 18 24 14 23 23 12 22 14 23 22 14 10 22 22
split_gain=139.942 198.037 241.335 181.246 160.378 148.499 146.027 181.141 285.978 154.18 217.154 172.856 172.599 166.717 180.325 139.097 138.868 128.868 184.545 128.168 144.271 143.955 123.787 213.558 115.339 112.107 350.777 123.512 109.888 106.354
threshold=0.57352942228317272 235.50000000000003 26.694967439770704 178.50000000000003 2.5000000000000004 1.0741876000000001 1.3613375000000001 1.8374613003095976 0.23699499500000001 253.50000000000003 3.4721362229102173 9.6934984520123866 -23.281863766908643 2.8436532507739942 0.78081134000000019 22.695573055744173 156.78584289550784 1.5000000000000002 238.50000000000003 0.88653594000000002 1.2975052 1.6362229102167185 0.77527007500000011 247.50000000000003 1.4116550000000003 0.20379827500000003 245.50000000000003 25.91264061033726 -0.56666779499999986 0.085721280400000016
decision_type=2 2 2 2 10 2 2 2 2 2 2 2 10 2 2 2 2 10 2 2 2 2 2 2 2 2 2 10 2 2
left_child=1 2 24 5 16 -2 7 8 19 10 25 13 28 14 -11 -15 -4 18 -8 21 -21 -3 -5 -24 -1 27 -27 -9 -12 -14
right_child=3 6 4 22 -6 -7 17 9 -10 11 12 -13 29 15 -16 -17 -18 -19 -20 20 -22 -23 23 -25 -26 26 -28 -29 -30 -31
leaf_value=-0.0023676685583915325 0.010273001154999803 0.013402879030744523 -0.027569667144751588 -0.00010833465540981331 -0.00076950563288442344 -0.014461763445910776 0.044107598980350868 0.0026733776827412331 -0.036738403544345231 0.0020323225118369721 0.03295540028227479 0.033503330835976383 0.016563262382003514 -0.0099612205980229018 0.034484906229816675 0.0031767397868851591 -0.0091761879125423704 -0.0012426076980442413 -0.029617838864382153 -0.013642705994529712 0.024937711283987873 -0.022883140382010045 0.015649240005698693 -0.0061602467405551869 0.0033204153870781657 0.086303086330069972 -0.023895915876912324 -0.025784820949647159 -0.0075589165914733266 0.033669918144219387
leaf_weight=30239.052118565887 8650.3122590370476 1969.4671741500497 1132.5615467308089 38596.259749591351 5768.5651946719736 651.71348008513451 94.576168455183506 2032.8072282001376 595.57711379230022 1035.8342513442039 207.05908134579659 435.78197957575321 2370.9140541628003 3081.3045266643167 728.68658394366503 5815.482014477253 10869.065712700598 9482.0545544475317 764.30935288220644 1867.0457267984748 277.50180357322097 316.42310276627541 3306.507650565356 1698.3579932898283 12635.252228081226 140.89259999990463 146.36411117762327 468.25026682764292 854.80442985147238 1476.5339220091701
leaf_count=143548 59279 9329 32588 193296 46631 4686 472 9315 2818 4567 928 1992 10984 13508 3317 25431 66187 45784 4319 9031 1353 1505 25807 8625 62564 723 738 2702 4178 7678
internal_value=0.000142741 -0.0010069 -0.00272202 0.00220296 -0.00762118 0.00853868 0.0020378 0.00419162 -0.00423929 0.00644629 0.0118833 0.00267415 0.0182112 0.00141098 0.0154461 -0.00137406 -0.0109141 -0.00292352 -0.0214577 0.000136817 -0.00864115 0.0083722 0.000851107 0.00824863 -0.000691326 0.000739239 0.030266 -0.00266277 0.000364784 0.0231353
internal_weight=147709 94806.2 60644.5 52903.2 17770.2 9302.03 34161.7 23820.7 5026.01 18794.7 7697.63 11097.1 4909.31 10661.3 1764.52 8896.79 12001.6 10340.9 858.886 4430.44 2144.55 2285.89 43601.1 5004.87 42874.3 2788.31 287.257 2501.06 1061.86 3847.45
internal_count=803883 512190 351518 291693 145406 63965 160672 110097 24036 86061 37246 48815 23768 46823 7884 38939 98775 50575 4791 21218 10384 10834 227728 34432 206112 13478 1461 12017 5106 18662
is_linear=0
shrinkage=0.05


Tree=96
num_leaves=31
num_cat=0
split_feature=17 19 11 23 23 17 5 25 3 5 24 21 11 21 23 11 21 21 12 11 12 11 12 12 12 12 23 21 1 5
split_gain=143.339 118.146 93.1134 110.999 153.661 85.6167 85.1609 99.5892 98.4921 78.3743 75.1369 74.5563 149.464 121.891 136.939 120.614 213.922 111.623 217.566 188.49 133.121 111.502 218.502 232.115 175.973 163.308 294.549 127.756 103.058 89.0098
threshold=157.279411315918 0.63235294818878185 53.79989594552125 0.47944142000000006 1.3275677500000003 225.77272796630862 17.500000000000004 23.020559215545656 39.833093702793128 8.5000000000000018 4.5000000000000009 1.1001508500000001 119.69848180428473 1.1481375 1.6502280500000002 98.898445862815393 0.64818123000000016 1.8306496500000002 3.0789473684210531 50.50536256878646 1.7941176470588238 67.392728720886808 2.4690402476780191 2.5650154798761613 2.6517027863777094 3.4721362229102173 1.4620874500000001 1.2578024500000002 31.760971546173099 7.5000000000000009
decision_type=2 2 2 2 2 2 2 2 2 2 10 2 2 2 2 2 2 2 2 2 2 2 2 2 2 2 2 2 2 2
left_child=2 5 3 -1 9 11 8 -8 -3 -5 -11 15 13 -13 21 28 -17 19 -19 20 -16 22 -15 -24 27 -26 -27 -23 -2 -29
right_child=1 6 -4 4 -6 -7 7 -9 -10 10 -12 12 -14 14 17 16 -18 18 -20 -21 -22 24 23 -25 25 26 -28 29 -30 -31
leaf_value=-0.025624917633113621 -0.00069996090022270304 0.001109097230615981 -0.020791173908793911 -0.031466100588857286 -0.014806939704853665 0.024728440515381558 0.010399170305314703 -0.083405667581979537 0.0072030899588056184 0.0043026436580270713 0.028104595709441335 0.019441718893416754 -0.027747020871950065 -0.026936594074268096 -0.030150314315898364 0.017419329527671321 -0.0080831492366261453 -0.011909731796901454 0.026349016798778092 0.028393173886892303 0.0097669674159975781 -0.010594450401557917 0.071356484021137132 -0.0030460446999774349 -0.087042981681660817 -0.10585119529672829 0.052808118247785973 0.050864538604638326 -0.0057661377005145363 0.015910155681609455
leaf_weight=544.17311618570238 87056.476750453934 18530.678715098649 1141.1029393505305 125.5205279989168 1326.48306049034 335.41788618639112 52.248840510845184 60.207642056047916 10323.932513114065 1654.3066156590357 413.840869827196 1199.4301071856171 372.61276591382921 1048.5169274825603 259.39911786280572 2249.5885623749346 1294.9747911915183 1269.5686810091138 524.19486383162439 1365.6847168765962 1054.4080830700696 326.19331788271666 108.34966429322958 2532.7109581660479 83.479637272655964 42.065889684483409 90.203771878033876 254.88822310417891 11345.732138415799 637.49705897457898
leaf_count=5045 425890 109135 23490 2622 16383 2485 232 268 54554 16858 2917 6444 2033 5225 1240 12502 7294 6677 3074 8095 5867 1664 538 13570 439 257 548 1596 64173 3234
internal_value=-2.80992e-05 0.000269791 -0.00817674 -0.00463086 -0.00137908 -0.000457902 0.00311976 -0.0401151 0.00328965 0.00674363 0.00907675 -0.000532804 0.00334518 0.0044207 0.00254158 -0.000957701 0.00810257 0.00893283 -0.000720855 0.0153933 0.00186873 -0.00303874 -0.00763712 3.21759e-05 0.00878695 -0.0327366 0.00193385 0.0161595 -0.00128414 0.0259398
internal_weight=147624 142418 5205.43 4064.32 3520.15 113451 28967.1 112.456 28854.6 2193.67 2068.15 113116 11169.2 10796.6 9597.16 101947 3544.56 4473.26 1793.76 2679.49 1313.81 5123.91 3689.58 2641.06 1434.33 215.749 132.27 1218.58 98402.2 892.385
internal_count=804349 737034 67315 43825 38780 572845 164189 500 163689 22397 19775 570360 60501 58468 52024 509859 19796 24953 9751 15202 7107 27071 19333 14108 7738 1244 805 6494 490063 4830
is_linear=0
shrinkage=0.05


Tree=97
num_leaves=31
num_cat=0
split_feature=0 22 25 15 9 4 9 12 12 22 9 13 18 12 10 13 22 22 17 22 12 12 9 12 12 9 17 12 25 9
split_gain=153.719 120.151 128.998 104.295 101.685 131.967 106.062 171.181 147.705 111.611 146.906 108.425 89.5977 86.0192 93.716 96.1263 93.2562 108.877 84.2773 102.408 139.149 88.5742 101.85 83.803 80.81 73.8871 81.2547 71.3878 70.7688 69.3965
threshold=12.864675998687746 0.055660221750000009 24.868115207552915 31.400850296020511 12.500000000000002 6.8473859429359445 43.500000000000007 10.162538699690405 7.1718266253869976 -0.058308038899999991 33.500000000000007 -83.69497687933567 182.85484313964847 2.1052631578947372 -24.886718487739561 -46.716757187441026 -1.6132802499999999 -1.52295315 191.74210357666018 -1.0697576499999999 5.3374613003095988 8.0216718266253881 8.5000000000000018 2.6640866873065021 3.1006191950464399 59.500000000000007 187.60000610351565 1.1934984520123841 20.256530058383944 7.5000000000000009
decision_type=2 2 2 2 2 2 2 2 2 2 2 2 2 2 10 2 2 2 2 2 2 2 2 2 2 2 2 2 2 2
left_child=1 2 4 -2 13 -6 8 -8 11 10 -10 23 25 16 -15 -16 27 -18 19 20 -4 -21 -23 -7 -14 28 -27 -1 -3 -19
right_child=3 12 18 -5 5 6 7 -9 9 -11 -12 -13 24 14 15 -17 17 29 -20 21 -22 22 -24 -25 -26 26 -28 -29 -30 -31
leaf_value=-0.0028989211952585719 -0.0037058802588023627 -0.0037254780502228657 -0.0080508836493268007 -0.025521460998453916 0.016212585876472344 -0.016379733100606947 0.0059588943983931416 -0.029131929955496162 0.0180506760410469 -0.021844317545580867 -0.0091376004641966317 -0.006417591117559073 0.014751645126430506 0.040759350197807555 0.015993449414945956 0.0037123761737142299 -0.033029295276689102 0.00074572654001365916 0.00058782762728376277 -0.0043146168528727926 -0.033675614526719723 0.025410563912785331 -0.0011867751436585082 0.02755445864169466 0.0039642636362029618 0.0233634567123133 0.0031840249929579499 0.028329991282120454 0.0021494367589586089 -0.013050897761018729
leaf_weight=296.78236732631922 15909.856932407245 6115.0118431150913 3510.1211141226813 566.44181650411338 1045.0315769687295 146.56829410046339 5704.4170063585043 369.10014614462852 1767.6146296113729 300.001539491117 690.2215406820178 15378.909805476665 2605.4580938331783 185.48030113428831 1796.0862034633756 14066.433220222592 268.68849793076515 8152.6878874972463 10674.372734665871 14877.568743217736 623.23031755071133 553.06498417630792 1027.0622460786253 411.31230043619871 5202.4450492523611 798.98793437331915 1326.2374481931329 475.6033982411027 31667.643017471768 1025.159926623106
leaf_count=1372 91461 31004 20993 27639 6052 792 28113 1593 8151 1459 3129 72145 18451 1019 8795 65976 1250 39022 55082 80100 3792 3705 4552 2508 35024 4268 8003 2226 171279 5074
internal_value=9.43397e-05 0.000666587 -0.000478893 -0.00445739 0.00104521 -0.00118344 -0.00191805 0.00382191 -0.00378295 0.00689907 0.0104149 -0.00563178 0.00266737 0.00323533 0.00551848 0.00510386 -0.000350353 -0.0017168 -0.00301761 -0.00488661 -0.0119218 -0.0031191 0.00813282 0.0160033 0.00756539 0.00170892 0.010778 0.0163423 0.00119853 -0.000796602
internal_weight=147538 131061 83345.5 16476.3 52080.1 25813.2 24768.1 6073.52 18694.6 2757.84 2457.84 15936.8 47715.8 26266.9 16048 15862.5 10218.9 9446.54 31265.4 20591 4133.35 16457.7 1580.13 557.881 7807.9 39907.9 2125.23 772.386 37782.7 9177.85
internal_count=804029 684929 416900 119100 248676 123942 117890 29706 88184 12739 11280 75445 268029 124734 75790 74771 48944 45346 168224 113142 24785 88357 8257 3300 53475 214554 12271 3598 202283 44096
is_linear=0
shrinkage=0.05


Tree=98
num_leaves=31
num_cat=0
split_feature=17 20 23 23 21 9 20 23 23 17 21 12 21 23 23 0 21 9 12 23 23 12 23 6 21 9 20 17 20 12
split_gain=122.723 222.26 127.193 161.307 151.554 136.235 135.006 121.376 109.253 99.6453 99.5843 169.271 148.174 99.3172 156.886 142.003 122.381 109.602 132.691 189.963 229.999 211.911 146.395 110.943 108.352 93.2662 207.71 94.2817 123.244 109.685
threshold=157.279411315918 63.469665527343757 2.4041249500000004 2.1248558500000003 -0.97553550999999994 74.500000000000014 38.507575988769538 0.50913557500000006 1.3275677500000003 172.91567230224612 0.35373817500000004 1.0758513931888547 0.14982857000000002 1.6599746000000002 1.8540950500000002 0.40101435780525213 -0.89375877499999989 12.500000000000002 3.0789473684210531 0.79899701500000009 0.9893690650000001 0.32507739938080499 1.6330332500000002 20.500000000000004 1.5744800000000003 45.500000000000007 57.22401428222657 183.78333282470706 23.560661315917972 3.3235294117647065
decision_type=2 2 2 2 2 2 2 2 2 2 2 2 2 2 2 2 2 2 2 2 2 2 2 2 2 2 2 2 2 2
left_child=1 -1 3 5 6 13 -4 -3 -9 -6 11 -5 -13 17 24 -16 -17 18 19 -2 21 -21 -20 25 -15 -19 27 -27 -29 -30
right_child=2 7 4 10 9 -7 -8 8 -10 -11 -12 12 -14 14 15 16 -18 23 22 20 -22 -23 -24 -25 -26 26 -28 28 29 -31
leaf_value=-0.031082932647513745 0.0034324795477667543 -0.023388453718434423 0.010891472964531803 0.045160948958844802 -0.0046794051577296629 0.0091420122727499213 -0.018304583207183114 0.0070802747935497668 -0.010729795639140033 0.031541299466754803 0.0020934865997557194 -0.014252192724802574 -0.061212680632411989 0.0059355263206611435 0.0048775418964691784 -0.018586801417967647 -0.00054403286637694898 -0.0040089520466051343 0.0037477245827738691 0.041682369371988645 -0.001246722143029246 -0.015036190303332461 -0.024728115597165028 0.006997729301140421 0.023342945409540392 0.010519058506941915 0.016094155848791394 0.0072975353034514315 0.0019878552520696735 -0.015858801605359001
leaf_weight=846.33504763897508 13407.922573044896 626.42030234262347 1194.0618924200535 111.94852153398097 237.17495290003717 4183.155149012804 591.14969848655164 2297.1456527467817 1376.0193974953145 946.49571776762605 1236.722030647099 2596.209355764091 178.74657300300896 8699.7228929642588 3882.322192683816 1718.5151744186878 2072.828715223819 37692.213068529963 28590.854352541268 169.21874121949077 16753.841082537547 5112.9278988912702 457.60134668461978 2984.8286528736353 995.5497654043138 1140.5148555412889 1953.8121518865228 1416.1971093565226 1288.846273817122 2590.9206940159202
leaf_count=36966 68466 4503 6258 545 1411 22700 3140 15668 10015 6863 7340 13153 1064 46096 21560 8775 10900 188440 146686 871 85934 26212 2500 17147 5692 5417 9556 8883 7163 14149
internal_value=-9.283e-05 -0.00767754 0.000181688 -3.67044e-05 0.0104205 0.000260642 0.00121874 -0.00306424 0.000407267 0.0242858 -0.00977705 -0.0148612 -0.0172981 -2.31843e-05 0.0034979 -0.0018434 -0.00872508 -0.00056176 0.000793142 -0.00126003 -0.00411524 -0.0132116 0.00329831 -0.00234257 0.00772521 -0.0029477 0.00181975 -0.00251512 -0.00532356 -0.00993121
internal_weight=147350 5145.92 142204 139235 2968.88 135112 1785.21 4299.59 3673.17 1183.67 4123.63 2886.9 2774.96 130929 17368.9 7673.67 3791.34 113560 64492.4 35443.9 22036 5282.15 29048.5 49067.3 9695.27 46082.5 8390.29 6436.48 5295.96 3879.77
internal_count=804073 67152 736921 719249 17672 697147 9398 30186 25683 8274 22102 14762 14217 674447 93023 41235 19675 581424 330669 181483 113017 27083 149186 250755 51788 233608 45168 35612 30195 21312
is_linear=0
shrinkage=0.05


end of trees

feature_importances:
doy=453
reg_rain_7d=356
rmm2=295
reg_dry=271
rmm1=248
onset_doy_anom=170
mjo_amp=167
wet_days_30d=154
mjo_phase=139
clim_onset_doy=101
clim_first_cand_doy=89
clim_false_rate=84
rain_30d=81
clim_dryday_doy=68
clim_rain_doy=61
rain_7d_vs_region=60
days_since_wet_spell=49
onset_threshold_mm=45
rain_1d=25
rain_3d=13
rain_14d=11
days_since_rain=9
spell_deficit=8
rain_7d=7
wet_spell_seen=6

parameters:
[boosting: gbdt]
[objective: binary]
[metric: binary_logloss]
[tree_learner: serial]
[device_type: cpu]
[data_sample_strategy: bagging]
[data: ]
[valid: ]
[num_iterations: 99]
[learning_rate: 0.05]
[num_leaves: 31]
[num_threads: 10]
[seed: 0]
[deterministic: 0]
[force_col_wise: 0]
[force_row_wise: 0]
[histogram_pool_size: -1]
[max_depth: -1]
[min_data_in_leaf: 200]
[min_sum_hessian_in_leaf: 0.001]
[bagging_fraction: 0.6]
[pos_bagging_fraction: 1]
[neg_bagging_fraction: 1]
[bagging_freq: 1]
[bagging_seed: 3]
[bagging_by_query: 0]
[feature_fraction: 0.6]
[feature_fraction_bynode: 1]
[feature_fraction_seed: 2]
[extra_trees: 0]
[extra_seed: 6]
[early_stopping_round: 0]
[early_stopping_min_delta: 0]
[first_metric_only: 0]
[max_delta_step: 0]
[lambda_l1: 0]
[lambda_l2: 1]
[linear_lambda: 0]
[min_gain_to_split: 0]
[drop_rate: 0.1]
[max_drop: 50]
[skip_drop: 0.5]
[xgboost_dart_mode: 0]
[uniform_drop: 0]
[drop_seed: 4]
[top_rate: 0.2]
[other_rate: 0.1]
[min_data_per_group: 100]
[max_cat_threshold: 32]
[cat_l2: 10]
[cat_smooth: 10]
[max_cat_to_onehot: 4]
[top_k: 20]
[monotone_constraints: ]
[monotone_constraints_method: basic]
[monotone_penalty: 0]
[feature_contri: ]
[forcedsplits_filename: ]
[refit_decay_rate: 0.9]
[cegb_tradeoff: 1]
[cegb_penalty_split: 0]
[cegb_penalty_feature_lazy: ]
[cegb_penalty_feature_coupled: ]
[path_smooth: 0]
[interaction_constraints: ]
[verbosity: -1]
[saved_feature_importance_type: 0]
[use_quantized_grad: 0]
[num_grad_quant_bins: 4]
[quant_train_renew_leaf: 0]
[stochastic_rounding: 1]
[linear_tree: 0]
[max_bin: 255]
[max_bin_by_feature: ]
[min_data_in_bin: 3]
[bin_construct_sample_cnt: 200000]
[data_random_seed: 1]
[is_enable_sparse: 1]
[enable_bundle: 1]
[use_missing: 1]
[zero_as_missing: 0]
[feature_pre_filter: 1]
[pre_partition: 0]
[two_round: 0]
[header: 0]
[label_column: ]
[weight_column: ]
[group_column: ]
[ignore_column: ]
[categorical_feature: ]
[forcedbins_filename: ]
[precise_float_parser: 0]
[parser_config_file: ]
[objective_seed: 5]
[num_class: 1]
[is_unbalance: 0]
[scale_pos_weight: 1]
[sigmoid: 1]
[boost_from_average: 1]
[reg_sqrt: 0]
[alpha: 0.9]
[fair_c: 1]
[poisson_max_delta_step: 0.7]
[tweedie_variance_power: 1.5]
[lambdarank_truncation_level: 30]
[lambdarank_norm: 1]
[label_gain: ]
[lambdarank_position_bias_regularization: 0]
[eval_at: ]
[multi_error_top_k: 1]
[auc_mu_weights: ]
[num_machines: 1]
[local_listen_port: 12400]
[time_out: 120]
[machine_list_filename: ]
[machines: ]
[gpu_platform_id: -1]
[gpu_device_id: -1]
[gpu_device_id_list: ]
[gpu_use_dp: 0]
[num_gpu: 1]

end of parameters

pandas_categorical:[]
