tree
version=v4
num_class=1
num_tree_per_iteration=1
label_index=0
max_feature_idx=25
objective=binary sigmoid:1
feature_names=rain_1d rain_3d rain_7d rain_14d rain_30d wet_days_30d days_since_rain wet_spell_today wet_spell_seen days_since_wet_spell spell_deficit reg_rain_7d reg_dry rain_7d_vs_region doy clim_rain_doy clim_dryday_doy clim_onset_doy clim_first_cand_doy clim_false_rate onset_doy_anom rmm1 rmm2 mjo_amp mjo_phase onset_threshold_mm
feature_infos=[0:346.57876586914062] [0:964.80462646484375] [0:1936.1752166748047] [0:3242.0305023193359] [0:5169.823317527771] [0:30] [0:90] [0:1] [0:1] [0:99] [-40:1526.9935302734375] [0:206.38006867099287] [0.049535603715170282:16.606811145510836] [-206.38006867099287:1790.3473903487895] [152:274] [0.039228077977895737:78.65045166015625] [0:1] [153.82353210449219:228] [153.82353210449219:203.72727966308594] [0:0.82352942228317261] [-51.727279663085938:120.17646789550781] [-2.7230477:2.6857595000000001] [-2.8039255000000001:4.0264211000000003] [0.026713300499999999:4.2046590000000004] [1:8] [20:40]
tree_sizes=3395 3526 3532 3548 3538 3540 3557 3540 3552 3537 3542 3549 3551 3538 3546 3524 3546 3557 3560 3549 3554 3548 3554 3543 3559 3538 3543 3555 3555 3560 3556 3547 3537 3563 3564 3560 3547 3557 3555 3560 3562 3568 3566 3572 3562 3555 3560 3562 3561 3571 3560 3563 3567 3553 3559 3549 3567 3553 3552 3551 3543 3559 3564 3547 3545 3566 3563 3550 3547 3568 3544 3564 3566 3563 3554 3557 3556 3541 3566 3562 3552 3572 3572 3567 3547 3540 3562 3558 3571 3553 3572 3541 3546 3553 3567 3553 3544 3573 3555 3544 3548 3531 3571 3552 3566 3550 3565 3555 3556 3558 3532 3540 3559 3515 3528

Tree=0
num_leaves=31
num_cat=0
split_feature=16 17 15 17 24 15 5 15 5 5 17 15 3 5 21 21 22 5 11 21 21 22 21 24 21 9 11 22 11 9
split_gain=185018 18140.2 11557.6 7618.81 3148.17 2349.01 2616.37 2005.6 1964.32 1954.75 1534.09 1288.29 1180.42 1161.26 992.818 825.499 796.157 766.62 734.358 686.859 566.884 555.708 546.13 449.861 432.126 417.942 417.401 415.612 400.528 398.142
threshold=0.42647059261798864 170.76470947265628 21.682642936706547 186.32193756103518 2.5000000000000004 5.5796117782592782 5.5000000000000009 12.646073341369631 11.500000000000002 6.5000000000000009 161.37132263183597 31.400850296020511 53.526700571179397 16.500000000000004 -0.13247221999999995 -0.65693205499999985 -0.24855561999999998 22.500000000000004 34.722900977490859 -0.079274214799999992 -0.044221688049999992 -0.15288999499999997 0.042616635550000011 2.5000000000000004 -0.13247221999999995 94.500000000000014 33.565862104112156 -0.047694848849999992 46.315588174439718 11.500000000000002
decision_type=2 2 2 2 8 2 2 2 2 2 2 2 2 2 2 2 2 2 2 2 2 2 2 8 2 2 2 2 2 2
left_child=2 5 7 4 12 19 10 16 22 15 -7 17 -3 -9 -11 25 -1 -4 23 29 26 -8 -6 -15 -20 -5 -10 -19 -22 -2
right_child=1 3 11 9 8 6 21 13 20 14 -12 -13 -14 18 -16 -17 -18 27 24 -21 28 -23 -24 -25 -26 -27 -28 -29 -30 -31
leaf_value=0.97001671657360899 1.0185735854572222 1.0635758208388659 0.89117129416527119 1.1001877744625492 1.0825895520153848 0.90279513659199362 1.0056920784367231 0.91069844732479466 1.0738976991002516 1.0818176765698229 1.0029819588956765 0.88360924063302937 1.0270647796667669 0.9407244015196593 1.1003880940012569 1.1135202837158971 1.0089107372769519 0.91697124164023103 0.9242864785071635 1.06705778391323 1.0911238775734873 1.0413100756535678 1.0972228508700312 1.0062552655973047 0.96277866894417186 1.0474763590267844 1.0355366732357116 0.95707692289973056 1.0642069923460524 1.0580052230513568
leaf_weight=2512.2685968875885 1825.7344526052475 6849.3178617954254 1607.508539557457 13060.935350060463 11647.808108925819 828.26653361320496 2047.3939901590347 1540.3621047735214 1026.0814565420151 12660.155067443848 712.09557116031647 7156.2457412481308 3269.9550712108612 344.69774901866913 16689.51342523098 30881.255779266357 2776.0854130983353 1440.2147233486176 1236.4863359928131 2904.8463320732117 2043.5788518190384 2357.564737200737 14101.705089211464 1100.8581680059433 1829.1680771112442 386.66427075862885 2291.3720870018005 1203.8669031858444 4265.1339071989059 986.02250397205353
leaf_count=13170 9571 35906 8427 68469 61061 4342 10733 8075 5379 66368 3733 37515 17142 1807 87491 161888 14553 7550 6482 15228 10713 12359 73925 5771 9589 2027 12012 6311 22359 5169
internal_value=1.06375 1.08663 0.932138 1.09246 1.07637 1.02712 1.00512 0.967899 1.0834 1.10239 0.949041 0.896601 1.05178 0.948234 1.09238 1.10902 0.99042 0.918507 0.961082 1.05001 1.06413 1.02475 1.0906 0.990555 0.947213 1.09867 1.0474 0.935184 1.07293 1.03239
internal_weight=153583 130835 22747.8 119173 45495 11661.9 5945.32 11339.9 35375.7 73678.5 1540.36 11407.8 10119.3 6051.57 29349.7 44328.9 5288.35 4251.59 4511.21 5716.6 9626.17 4404.96 25749.5 1445.56 3065.65 13447.6 3317.45 2644.08 6308.71 2811.76
internal_count=805125 685875 119250 624740 238497 61135 31167 59447 185449 386243 8075 59803 53048 31724 153859 232384 27723 22288 23649 29968 50463 23092 134986 7578 16071 70496 17391 13861 33072 14740
is_linear=0
shrinkage=1


Tree=1
num_leaves=31
num_cat=0
split_feature=18 16 19 5 16 5 16 22 16 25 18 5 5 22 3 22 22 8 11 19 11 5 22 11 23 18 5 11 19 4
split_gain=159330 15317.2 13467 3511.67 2834.32 2422.18 2297.05 1883.02 1855.74 1529.54 1441.97 1162.14 850.798 788.628 744.817 645.854 605.21 586.352 899.447 521.992 501.141 501.015 460.192 458.761 416.382 347.178 322.499 311.543 307.836 279.569
threshold=161.1470642089844 0.27941177785396581 0.48529411852359777 7.5000000000000009 0.48529411852359777 7.5000000000000009 0.13235294446349147 -0.16078418999999997 0.48529411852359777 29.185482990741736 176.26871490478518 19.500000000000004 18.500000000000004 -0.15288999499999997 59.691753003746278 -0.047694848849999992 -0.17849789999999996 1.0000000180025095e-35 9.5080668581966847 0.22058823704719546 40.166163226999004 12.500000000000002 -0.17849789999999996 40.166163226999004 2.7058399000000004 156.78584289550784 13.500000000000002 40.166163226999004 0.36764706671237951 443.1861704587937
decision_type=2 2 2 2 2 2 2 2 2 2 2 2 2 2 2 2 2 2 2 2 2 2 2 2 2 2 2 2 2 2
left_child=1 6 4 9 19 17 -1 10 13 -3 14 15 -8 -5 -6 24 -14 -4 -19 29 -15 28 -10 -18 26 -11 -7 -23 -9 -2
right_child=2 3 5 8 7 11 12 21 22 25 -12 -13 16 20 -16 -17 23 18 -20 -21 -22 27 -24 -25 -26 -27 -28 -29 -30 -31
leaf_value=-0.15174621446677894 -0.056097343887153039 -0.05942782116706824 0.048700363022033274 -0.082036477038948091 -0.003328915625076772 0.021729387243040972 -0.14176657698697867 0.013556105556275011 -0.040665312303131244 -0.15914024865222434 0.021175284458133811 -0.082561961406295764 -0.12058998398168524 -0.025695190805990295 -0.025601178856306042 0.034282004589132088 -0.060438145894068478 0.0013752080004164114 0.040300328629792832 -0.022712737485337999 -0.066208808552301712 0.0213030184496679 -0.0038999771694261743 -0.1035926888271545 -0.1164369004152029 -0.11643714608834294 -0.0013449946021562719 -0.0051220542370421576 0.028420461756653321 -0.12542640253666054
leaf_weight=9597.7249262332916 1438.2274279594421 961.02926468849182 24499.368115723133 3231.2830766141415 10397.755201414227 12618.808913275599 2035.4996858090162 6134.8401623517275 1467.1101270020008 916.90438976883888 4302.6200691610575 250.24578802287579 2590.555689021945 1483.0518871247768 5873.7845822423697 11601.227993950248 1036.8073125779629 1565.6608121842146 28503.993944346905 1589.8702415823936 1576.2939233183861 1667.5344611257315 2025.907539114356 1538.0559241622686 56.026280552148819 1032.725118547678 1720.6357760578394 3363.6705591827631 8067.2622904926538 161.78196455538273
leaf_count=46609 7320 4930 131035 16235 54711 66913 9974 32409 7563 4491 22890 1316 12803 7581 30670 61644 5208 8355 152274 8231 8004 8783 10537 7644 295 5152 9097 17596 42897 821
internal_value=4.61956e-05 -0.104391 0.0249243 -0.0629324 0.00231679 0.0369522 -0.135714 0.00595112 -0.0485797 -0.111143 -0.00456315 0.0244693 -0.114328 -0.064805 -0.01137 0.0255027 -0.10349 0.0429557 0.0382737 -0.0430248 -0.0465842 0.0171981 -0.0193491 -0.0862461 0.0184257 -0.136592 0.0189607 0.00363872 0.022001 -0.0631814
internal_weight=153306 29492.9 123813 12694.3 42997.3 80816 16798.6 39807.5 9783.65 2910.66 20574.2 26246.9 7200.92 6290.63 16271.5 25996.7 5165.42 54569 30069.7 3189.88 3059.35 19233.3 3493.02 2574.86 14395.5 1949.63 14339.4 5031.21 14202.1 1600.01
internal_count=803988 146731 657257 64493 226328 430929 82238 209956 49920 14573 108271 139265 35629 31820 85381 137949 25655 291664 160629 16372 15585 101685 18100 12852 76305 9643 76010 26379 75306 8141
is_linear=0
shrinkage=0.05


Tree=2
num_leaves=31
num_cat=0
split_feature=15 14 5 14 15 14 20 15 13 5 24 15 24 15 14 24 23 5 24 5 5 12 22 24 20 5 22 24 14 14
split_gain=137611 12115.6 11058.3 3785.37 3443.64 2927.07 4911.53 2076.82 2042.85 1960.03 1378.35 1181.16 1071.27 951.298 901.86 834.405 817.618 808.838 689.825 680.259 662.368 657.047 609.975 586.101 573.46 552.041 548.182 520.168 465.26 461.391
threshold=9.7743926048278826 215.50000000000003 12.500000000000002 203.50000000000003 3.659008383750916 204.50000000000003 -9.5233306884765607 20.686647415161136 -21.308541379499911 18.500000000000004 2.5000000000000004 5.6338582038879403 2.5000000000000004 15.478336334228517 251.50000000000003 2.5000000000000004 2.0888086500000003 6.5000000000000009 2.5000000000000004 5.5000000000000009 17.500000000000004 4.314241486068112 -0.020325674699999997 4.5000000000000009 78.265686035156264 20.500000000000004 -0.36151543499999994 1.5000000000000002 192.50000000000003 161.50000000000003
decision_type=2 2 2 2 2 2 2 2 2 2 8 2 8 2 2 8 2 2 8 2 2 2 2 10 2 2 2 10 2 2
left_child=2 13 4 20 10 6 -6 15 26 22 14 -10 16 28 19 -3 -7 -12 -11 -1 -4 25 -5 24 -9 -17 -8 -16 -2 -13
right_child=1 7 3 9 5 12 8 23 11 18 17 29 -14 -15 27 21 -18 -19 -20 -21 -22 -23 -24 -25 -26 -27 -28 -29 -30 -31
leaf_value=0.034385299596597703 -0.12760701631865798 -0.087211653147351714 -0.047303244676416473 -0.0031557028264077736 0.042672432120117787 0.011812113007908803 -0.014416997199138498 -0.11745245422843592 -0.018543569499006061 -0.070679875266995887 0.043470123667182392 -0.092416601486311589 0.031263969694505574 -0.14478083069720235 -0.066808074573181414 -0.018113213532583407 -0.057762471813170402 0.030164109560680004 -0.021288423418706414 0.012553263315584692 -0.09770464078994788 -0.012798208079076865 0.018334607155297104 -0.056235137471289304 -0.07131964808840302 -0.066596514102434445 0.015914532838326799 0.0045738967118131796 -0.086480767375755094 -0.048211338630591627
leaf_weight=8124.3863238543272 1990.1638029068708 997.61633861064911 2543.4397115856409 6934.3592290282249 4739.0134770721197 4160.8930576443672 2646.3052298873663 2167.9071157872677 3159.5624969601631 855.71436174213886 31088.750119954348 926.98580960929394 21551.841453686357 11510.505655035377 410.04359975457191 844.78802964091301 468.95620146393776 18072.919518813491 4054.3711834400892 6364.5237728059292 877.96461497247219 1760.5469314306974 6301.9676869362593 853.635030195117 986.64097252488136 1931.0350732803345 3405.4028273075819 672.89606043696404 1067.3229304850101 1637.1030251830816
leaf_count=44053 9491 4793 13149 36139 25761 22116 13971 10015 16639 4283 169693 4471 116047 52986 2173 4194 2476 97302 20701 33951 4446 8744 33337 4001 4645 9374 18218 3582 5215 8444
internal_value=0.000149957 -0.109492 0.0206432 -0.0120288 0.0272026 0.0161794 -0.000304657 -0.0656872 -0.017603 -0.00293201 0.0344728 -0.0390145 0.0265764 -0.138178 0.0215069 -0.0458217 0.00475397 0.0385793 -0.0299089 0.0247967 -0.0602615 -0.0367022 0.00707669 -0.0930968 -0.103051 -0.051853 0.0026509 -0.0224908 -0.113283 -0.0642225
internal_weight=153108 24110.2 128997 21567.8 107430 42696.1 16514.4 9542.17 11775.4 18146.4 64733.5 5723.65 26181.7 14568 15571.8 5533.99 4629.85 49161.7 4910.09 14488.9 3421.4 4536.37 13236.3 4008.18 3154.55 2775.82 6051.71 1082.94 3057.49 2564.09
internal_count=804410 113458 690952 112055 578897 228143 87504 45766 61743 94460 350754 29554 140639 67692 83759 27105 24592 266995 24984 78004 17595 22312 69476 18661 14660 13568 32189 5755 14706 12915
is_linear=0
shrinkage=0.05


Tree=3
num_leaves=31
num_cat=0
split_feature=17 19 13 24 17 4 22 21 8 18 18 21 21 8 21 21 3 2 3 2 22 9 9 4 4 3 10 21 22 21
split_gain=123353 10024.5 6794.4 2647.75 2316.8 1898.25 1630.99 1147.93 1016.63 973.033 936.215 922.364 813.862 735.609 707.574 663.773 635.511 633.861 510.23 505.724 490.391 473.787 425.75 403.851 364.583 360.193 341.933 447.825 328.997 324.711
threshold=168.56278228759768 0.48529411852359777 42.001420177657728 2.5000000000000004 163.60294342041018 75.410651549696937 -0.17849789999999996 -0.11077783999999999 1.0000000180025095e-35 177.26871490478518 176.26871490478518 -0.087392471699999988 -0.11925592499999998 1.0000000180025095e-35 -0.044221688049999992 -0.14242072499999997 55.505417272448547 14.473270386457445 131.09632103145125 273.23530864715582 -0.047694848849999992 17.500000000000004 97.500000000000014 131.78347617760303 104.93891415838154 72.989016305655255 -12.388989216089247 -1.6487905499999997 -1.0697576499999999 0.9413359750000001
decision_type=2 2 2 8 2 2 2 2 2 2 2 2 2 2 2 2 2 2 2 2 2 2 2 2 2 2 10 2 2 2
left_child=2 3 4 10 6 12 15 26 -8 14 17 20 13 22 16 -1 -5 -2 -10 -13 -4 24 -3 -16 -17 -6 -7 28 -28 -9
right_child=1 5 11 9 25 7 8 29 18 -11 -12 19 -14 -15 23 21 -18 -19 -20 -21 -22 -23 -24 -25 -26 -27 27 -29 -30 -31
leaf_value=-0.10072121016238839 -0.011233185383110517 0.045074589665389776 -0.12673199246174235 0.0058546019548992977 -0.021489587743718286 0.02342169133727235 -0.10778107000253255 0.029232295370205837 -0.030044586624511212 0.029598073090377715 0.011973575187668747 -0.084647180314907311 0.048443524224268154 0.026081095939746304 0.020235484872943601 -0.10496729103654739 -0.020458352225167054 -0.041175975939997951 -0.064063501503624873 -0.10908511223374982 -0.10130736306279475 0.0040295337813422627 -0.0063187033653698587 0.0036256841570649137 -0.064180057801365251 -0.049394810182381163 -0.077132702018182259 0.011756615807776385 -0.0055745163939576146 0.04367456794866504
leaf_weight=4206.4227201491594 3150.3154142647982 12369.288240924478 5168.8494467586279 6323.4204419404268 3094.970569729805 6574.0373243540525 696.84940202534199 11757.475013956428 2888.3173513710499 5683.3485897928476 1835.0585610121489 5524.1659454405308 21345.773417443037 11791.545375034213 8995.8824678510427 753.90768283605576 3600.4243797808886 4028.4037582427263 1785.1970477700233 3470.1596172004938 3047.9645903557539 202.18257178366184 416.31040877103806 6169.708862349391 2042.7767425179482 1848.1747061610222 240.8250444829464 7164.0293723791838 478.88341677188873 5828.8563692867756
leaf_count=19339 16437 68963 22975 33876 15650 35759 3188 64471 14246 31149 9886 25461 119292 64869 48440 3431 18793 20606 8506 15435 13801 996 2272 32442 9616 9135 1246 38664 2583 32022
internal_value=-6.25216e-05 0.0243606 -0.0828685 0.00393824 -0.060942 0.0347819 -0.0723421 0.0254407 -0.051468 0.0109191 -0.0198929 -0.105182 0.0412993 0.0350926 0.00668689 -0.087891 -0.00369298 -0.0280393 -0.0430501 -0.0940868 -0.117314 -0.069867 0.0434008 0.0134789 -0.0752087 -0.0319309 0.0150018 0.00797855 -0.0295927 0.0340213
internal_weight=152484 117754 34729.9 39786.6 17518.8 77967 12575.7 32044.1 5370.36 30772.8 9013.78 17211.1 45922.9 24577.1 25089.4 7205.29 9923.84 7178.72 4673.51 8994.33 8216.81 2998.87 12785.6 15165.6 2796.68 4943.15 14457.8 7883.74 719.708 17586.3
internal_count=803549 641770 161779 211629 84107 430141 59322 174745 25940 164700 46929 77672 255396 136104 133551 33382 52669 37043 22752 40896 36776 14043 71235 80882 13047 24785 78252 42493 3829 96493
is_linear=0
shrinkage=0.05


Tree=4
num_leaves=31
num_cat=0
split_feature=16 18 14 18 14 18 5 16 5 21 5 14 21 21 24 18 18 21 18 14 18 5 21 24 24 5 24 5 21 20
split_gain=109216 10724.9 10366.3 4330.7 3123.99 4165.69 2500.79 2269.36 1896.05 1630.93 1387.02 1322.15 2712.08 1079.45 856.555 844.291 815.058 637.163 635.765 607.737 600.071 577.712 573.174 514.561 511.132 459.516 455.312 454.425 368.782 368.531
threshold=0.48529411852359777 171.83396911621097 216.50000000000003 161.1470642089844 197.50000000000003 161.1470642089844 7.5000000000000009 0.1911764740943909 9.5000000000000018 -1.5734585999999997 13.500000000000002 250.50000000000003 -0.79875919499999992 -0.071224827349999978 2.5000000000000004 158.11765289306643 169.43404388427737 -0.11925592499999998 158.47058868408206 249.50000000000003 179.23841094970706 17.500000000000004 -0.044221688049999992 2.5000000000000004 4.5000000000000009 16.500000000000004 4.5000000000000009 23.500000000000004 0.13841605500000004 48.075370788574226
decision_type=2 2 2 2 2 2 2 2 2 2 2 2 2 2 8 2 2 2 2 2 2 2 2 8 10 2 8 2 2 2
left_child=2 4 3 18 5 -2 11 24 16 19 17 20 23 25 27 -16 -7 -11 -1 -6 -3 -15 -12 -13 28 -8 -10 -9 -4 -19
right_child=1 6 7 -5 9 8 13 14 26 10 22 12 -14 21 15 -17 -18 29 -20 -21 -22 -23 -24 -25 -26 -27 -28 -29 -30 -31
leaf_value=-0.12337879901499914 -0.089688884565478633 0.035330125421334679 -0.098689519652534349 -0.047050171708018985 -0.0069232104142047078 -0.0076930020063683841 0.010932753739692873 -0.041531423688187241 -0.06514010565199968 0.011461173138686453 -0.01777235233604393 -0.072408426034750006 0.035468703513343428 0.030835162332721544 -0.041132887951695063 -0.0051059255541885118 0.020534746944921384 0.012406718108165252 -0.10149915048935949 -0.086031056026040456 0.047055049897165135 -0.03192928121307357 0.0086053300824686721 -0.014690680771972034 -0.044909683659606729 -0.0389701454655665 -0.025942259203270358 -0.09616283625548043 -0.059134615842383775 0.035978808564460868
leaf_weight=11358.570072799921 1715.9753738492727 18919.95051831007 2283.1717406958342 2572.6999460160732 433.34065987169743 7221.6280314475298 11505.09807357192 846.50393760204315 1260.9928288161755 7514.5906987637281 3505.6207309514284 658.28509584069252 5521.5170123577118 14139.090093284845 3583.2068977206945 2977.4414700269699 3958.0174435973167 2121.5205241888762 4747.5191695392132 551.64618636667728 25852.988124057651 375.61359138786793 4989.3197541236877 933.69367054104805 867.91945311427116 479.60817265510559 1799.7558095604181 694.84045015275478 802.23003281652927 7613.3862883150578
leaf_count=48536 7856 106548 9915 12692 2260 38618 62276 3912 6405 40142 17770 3514 31163 78473 16753 14342 21866 11706 21168 2816 147325 1980 25859 5169 3875 2465 9386 3100 3525 41632
internal_value=0.000187918 0.0215558 -0.083985 -0.107314 0.00138957 -0.0161168 0.0325373 -0.0478334 -0.00724566 0.0118404 0.0142569 0.0389198 0.0188921 0.0200393 -0.0326729 -0.0247859 0.00230163 0.022401 -0.116936 -0.0512702 0.0421013 0.0292088 -0.0022808 -0.0385875 -0.0788872 0.00893264 -0.0421073 -0.0662057 -0.0884274 0.0308436
internal_weight=151806 121072 30734.1 18678.8 42685.8 15956.4 78385.8 12055.3 14240.4 26729.4 25744.4 51886.4 7113.5 26499.4 8101.99 6560.65 11179.6 17249.5 16106.1 984.987 44772.9 14514.7 8494.94 1591.98 3953.32 11984.7 3060.75 1541.34 3085.4 9734.91
internal_count=803047 665229 137818 82396 226316 84131 438913 55422 76275 142185 137109 293719 39846 145194 38107 31095 60484 93480 69704 5076 253873 80453 43629 8683 17315 64741 15791 7012 13440 53338
is_linear=0
shrinkage=0.05


Tree=5
num_leaves=31
num_cat=0
split_feature=17 20 19 19 18 20 18 5 20 22 5 22 24 5 24 20 24 24 24 24 18 24 3 5 19 11 20 19 5 25
split_gain=99029.7 15799.7 9162.35 3499.58 3051.03 2801.24 2315.41 2013.6 1425.79 1216 1211.54 1205.32 947.19 939.917 807.856 789.157 705.31 700.711 585.16 563.795 438.331 434.761 423.557 417.512 389.022 384.268 337.519 329.776 327.855 310.902
threshold=168.56278228759768 64.423660278320327 0.48529411852359777 0.10294117778539659 158.11765289306643 60.573593139648445 176.26871490478518 7.5000000000000009 67.169540405273452 -0.026206394649999996 8.5000000000000018 -0.13172641999999998 2.5000000000000004 18.500000000000004 1.5000000000000002 78.784561157226577 6.5000000000000009 2.5000000000000004 2.5000000000000004 2.5000000000000004 180.07963562011722 7.5000000000000009 73.924354612827315 18.500000000000004 0.33823530375957495 16.61007971562238 55.348884582519538 0.57352942228317272 12.500000000000002 26.426528140902523
decision_type=2 2 2 2 2 2 2 2 2 2 2 2 8 2 8 2 10 8 8 8 2 8 2 2 2 2 2 2 2 2
left_child=1 3 5 26 9 6 10 8 20 15 18 -12 23 19 -10 -3 -16 -7 25 -9 27 -21 -5 -6 -20 -2 -1 -4 -8 -27
right_child=2 4 7 22 12 17 28 13 14 -11 11 -13 -14 -15 16 -17 -18 -19 24 21 -22 -23 -24 -25 -26 29 -28 -29 -30 -31
leaf_value=-0.11355623748190868 0.020684623908060706 -0.10070313234285799 0.028360524101747015 -0.051005659998128831 -0.0093707776671868685 -0.0030054377976403254 0.025170485967648537 0.0075929861778894553 -0.036125343922256865 -0.029195989262291042 -0.044824958131536113 -0.0096886972905552617 0.0051956089553327174 -0.054380086877118955 0.030166599708758512 -0.055066583768250132 -0.014390516277873742 0.027038508008787761 -0.010088453050597477 0.035795453973537693 0.047373957015216364 0.020539982107135712 -0.077954469027238404 -0.068741487868557369 0.013619324108605231 -0.015322936714067207 -0.091680913285277568 0.041814812119505905 -0.014514383715258037 -0.052153014559412673
leaf_weight=13949.747032627463 451.49698148667812 1302.8254528641701 6976.8993435800076 2688.6077540367842 507.64430204033852 2351.4735274761915 5302.2718961983919 4951.9041851013899 601.37522840499878 3657.6911982595921 4816.2485006600618 4949.0908180177212 4913.0513668954372 401.31140248477459 6479.5919098705053 3492.4365278333426 1028.5899054259062 11104.424642667174 2729.6658360213041 7643.6022816747427 21999.87035214901 12022.234333336353 3211.7116867005825 710.86336100101471 4722.7955939173698 1487.8475743383169 2051.0900819450617 13176.279456451535 576.42608390748501 932.20668072998524
leaf_count=58289 2371 5551 40060 12642 2467 12044 29966 26667 3161 16955 24317 25960 24280 2021 37206 15811 5708 60534 14637 43271 128843 67012 14446 3162 25854 7700 8666 76221 3084 4794
internal_value=-2.06564e-05 -0.0717693 0.0228016 -0.0986187 -0.0314462 0.00327405 -0.00632001 0.0330278 0.0387973 -0.0509217 -0.0143964 -0.0270207 -0.00459343 0.021436 0.0195942 -0.067484 0.0240614 0.0217884 -0.00245391 0.022674 0.0424911 0.0264709 -0.0656854 -0.0440349 0.00493552 -0.0216265 -0.110758 0.0371587 0.0212774 -0.0295256
internal_weight=151191 36485.7 114706 21901.2 14584.5 39423.9 25968 75281.7 50262.6 8452.95 20089.4 9765.34 6131.56 25019.1 8109.56 4795.26 7508.18 13455.9 10324 24617.7 42153 19665.8 5900.32 1218.51 7452.46 2871.55 16000.8 20153.2 5878.7 2420.05
internal_count=803700 162269 641431 94043 68226 211261 138683 430170 291199 38317 105633 50277 29909 138971 46075 21362 42914 72578 55356 136950 245124 110283 27088 5629 40491 14865 66955 116281 33050 12494
is_linear=0
shrinkage=0.05


Tree=6
num_leaves=31
num_cat=0
split_feature=17 14 17 17 24 5 14 5 5 24 14 21 12 21 3 21 21 14 21 14 13 21 22 5 13 12 14 14 14 22
split_gain=87780.2 14725.9 6783.21 2562.95 2372.28 2238.44 1917.62 2112.48 1703.36 1493.72 1194.73 1704.75 981.019 931.763 903.359 706.215 601.623 598.921 542.598 525.283 517.827 514.223 490.437 452.178 432.764 412.09 378.415 375.419 372.082 358.691
threshold=168.56278228759768 223.50000000000003 186.32193756103518 161.37132263183597 2.5000000000000004 20.500000000000004 223.50000000000003 10.500000000000002 5.5000000000000009 2.5000000000000004 250.50000000000003 -0.79875919499999992 4.3544891640866874 -0.13247221999999995 24.375085007399324 -0.071224827349999978 -1.5734585999999997 198.50000000000003 -0.071224827349999978 249.50000000000003 -43.081044325276324 -1.5734585999999997 0.16082139000000004 9.5000000000000018 6.4352122755842309 3.1006191950464399 210.50000000000003 263.50000000000006 207.50000000000003 0.04601305725000001
decision_type=2 2 2 2 8 2 2 2 2 8 2 2 2 2 2 2 2 2 2 2 2 2 2 2 2 2 2 2 2 2
left_child=1 3 4 26 14 16 7 20 10 -7 -4 -12 15 19 -2 -11 -3 23 25 -10 -6 -21 -18 -16 28 27 -1 -8 -5 -9
right_child=2 5 8 24 6 9 18 29 13 12 11 -13 -14 -15 17 -17 22 -19 -20 21 -22 -23 -24 -25 -26 -27 -28 -29 -30 -31
leaf_value=-0.1072440670277881 0.0064192439461572791 -0.080061441757294294 0.043930530922761009 -0.06410688577794782 0.029875092846185499 -0.082489572083003865 -0.016963738932233251 -0.033295785461283985 0.019762861892953402 -0.07976311289922941 -0.042077418044609544 0.033820183396926572 -0.0087766545926172956 0.032036919254589437 -0.025428083900324572 -0.034323296340179797 -0.0091495985569873192 -0.0097199720251450791 0.0342302621862655 -0.062303988873480737 0.0086391520759308543 0.0036543429146957867 0.023450050931222603 -0.064240528923765819 -0.081311043405680364 0.023913273838321335 -0.086607252215436012 0.040953155879933312 -0.026044055499518298 -0.0093440215851994541
leaf_weight=12545.600719004869 3952.2831766009331 236.42661391198635 29133.949119135737 3282.1746092289686 3933.0488970130682 1865.4549933373928 1400.7794325351715 2874.4065065979958 12052.797163456678 1194.9349762052298 993.29866579174995 2890.6830928325653 2735.0608142018318 18071.117138341069 2163.4111071527004 3012.4377063959837 3600.2913345694542 3739.8120406717062 9836.2930173426867 332.85618788003922 10625.38985003531 2571.0432657897472 1696.5366614758968 1150.0434359759092 3175.3163003176451 3802.3919517248869 2735.558883830905 348.58801946043968 800.57377055287361 3427.3451546877623
leaf_count=51265 21178 1129 174550 14795 22166 7931 7579 14635 67822 5329 5328 17011 12652 104817 11262 13668 17450 19031 55235 1729 58963 14316 8569 5567 13708 20908 11333 1901 3661 17894
internal_value=0.000268723 -0.0667309 0.0220783 -0.0919323 0.00761442 -0.0271194 0.0137874 0.00390963 0.0324265 -0.0427749 0.0404578 0.0144041 -0.0320931 0.0243966 -0.0127164 -0.0472445 -0.00219574 -0.0234384 0.0271766 0.0151638 0.0143778 -0.0039249 0.00129429 -0.0389145 -0.0674495 0.0146754 -0.103556 -0.00540611 -0.0566515 -0.0202726
internal_weight=150180 36880.4 113300 22539.2 47253.8 14341.1 36248.2 20860.2 66045.7 8807.89 33017.9 3883.98 6942.43 33027.8 11005.5 4207.37 5533.25 7053.27 15388.1 14956.7 14558.4 2903.9 5296.83 3313.45 7258.06 5551.76 15281.2 1749.37 4082.75 6301.75
internal_count=803382 161490 641892 94762 256319 66728 199281 113658 385573 39580 196889 22339 31649 188684 57038 18997 27148 35860 85623 83867 81129 16045 26019 16829 32164 30388 62598 9480 18456 32529
is_linear=0
shrinkage=0.05


Tree=7
num_leaves=31
num_cat=0
split_feature=16 14 16 14 15 5 15 5 21 5 15 21 14 21 21 4 21 23 14 24 14 12 3 24 14 5 21 16 12 14
split_gain=78290.7 7213.66 6109.38 2676.69 2393.65 1869.43 1818.81 1702.5 1207.86 1121.49 1141.03 1068.92 1470.13 989.429 754.45 707.599 608.94 549.721 507.13 438.155 436.269 544.433 388.658 379.82 370.378 361.513 356.66 340.904 339.979 338.673
threshold=0.48529411852359777 215.50000000000003 0.69117647409439098 196.50000000000003 10.599842071533205 7.5000000000000009 17.153710365295414 13.500000000000002 -0.094839982699999978 9.5000000000000018 8.9701395034790057 -0.11925592499999998 252.50000000000003 -0.11925592499999998 -0.79875919499999992 339.9721810072661 -0.14242072499999997 2.0888086500000003 194.50000000000003 2.5000000000000004 228.50000000000003 4.314241486068112 10.449098989367487 2.5000000000000004 218.50000000000003 14.500000000000002 -1.6487905499999997 0.57352942228317272 4.3544891640866874 221.50000000000003
decision_type=2 2 2 2 2 2 2 2 2 2 2 2 2 2 2 2 2 2 2 8 2 2 2 8 2 2 2 2 2 2
left_child=1 4 3 9 18 11 15 13 25 10 27 12 22 17 23 -3 26 -5 -1 -8 -21 -22 -4 -14 -15 -7 -9 -2 -17 -18
right_child=2 6 5 7 -6 8 19 16 -10 -11 -12 -13 14 24 -16 28 29 -19 -20 20 21 -23 -24 -25 -26 -27 -28 -29 -30 -31
leaf_value=-0.070009092037520121 -0.023949637506985644 -0.0033226399550553933 0.038688053227920335 0.011027484648950019 -0.096592682803647203 0.0081741612467534641 -0.085322410814166763 -0.076770313348783786 0.026996238151582197 -0.044123515836114763 -0.076516777234769282 0.041554655551237302 -0.063979422848698689 0.014655554668180826 0.01734769467245206 -0.04717873320652418 -0.01826177701875956 -0.036638546834135678 -0.033835387935285975 -0.068681114128953266 -0.056233142750232404 -0.0071490797439967505 0.025637133520597929 -0.01090393402279915 0.034785278409153776 -0.020211740648482066 -0.01821244844943801 0.0013878274997485758 -0.017462357183752202 0.01143364853539248
leaf_weight=2029.4228619337082 1623.5001087188721 2887.6915821135044 9510.1598537117243 9287.2266171127558 15587.508342117071 10617.918485090137 1321.8634413033724 282.4545074403286 13618.048711627722 2707.2378593236208 564.11863072216511 22480.879989549518 589.40748482942581 3122.6610504835844 1529.0203333348036 2491.6660859882832 1274.0077667832375 646.03967253863811 1859.9981461763382 2213.0398416370153 1513.1823807656765 901.68446783721447 14287.579201593995 786.77753388881683 8540.9999928325415 1253.1668338477612 3168.3655831068754 7261.5812485516071 1570.7547570616007 3887.4780029207468
leaf_count=9004 8189 13739 56908 51198 63288 58139 5427 1347 78325 13297 2412 136337 2990 17762 8764 11063 6602 3328 8777 9189 6515 3993 84327 4294 49603 6423 15847 39628 7212 20489
internal_value=0.000184306 -0.0686282 0.0192206 0.00405417 -0.0878354 0.0278251 -0.0396235 0.0120266 0.0168346 -0.015757 -0.00762609 0.0335203 0.026755 0.019522 -0.0068204 -0.0222476 -0.00676944 0.00792401 -0.0527233 -0.0599138 -0.0526395 -0.0379162 0.030854 -0.0336656 0.0293978 0.00517616 -0.0230263 -0.00324406 -0.0356959 0.00410182
internal_weight=149415 32376.8 117039 42365.7 19476.9 74673 12899.9 30209.2 25489.1 12156.4 9449.2 49183.8 26702.9 21596.9 2905.21 6950.11 8612.31 9933.27 3889.42 5949.77 4627.91 2414.87 23797.7 1376.19 11663.7 11871.1 3450.82 8885.08 4062.42 5161.49
internal_count=804416 138207 666209 229702 81069 436507 57138 166176 142887 63526 50229 293620 157283 121891 16048 32014 44285 54526 17781 25124 19697 10508 141235 7284 67365 64562 17194 47817 18275 27091
is_linear=0
shrinkage=0.05


Tree=8
num_leaves=31
num_cat=0
split_feature=17 19 16 21 5 22 21 16 3 5 10 9 21 5 5 21 16 12 22 22 22 21 17 5 19 21 10 11 23 11
split_gain=71036 7574.59 7400.78 1851.73 1743.24 1046.39 1039.9 1017.17 875.367 760.75 708.27 659.798 629.025 557.327 540.63 493.159 469.857 469.821 454.938 433.587 393.737 379.545 377.625 368.606 368.111 334.929 294.738 285.995 435.186 335.648
threshold=168.56278228759768 0.48529411852359777 0.27941177785396581 -0.13247221999999995 8.5000000000000018 -0.17849789999999996 -0.11925592499999998 0.13235294446349147 61.818093378096826 19.500000000000004 50.508803337812431 11.500000000000002 -0.071224827349999978 3.5000000000000004 12.500000000000002 -1.5734585999999997 0.48529411852359777 14.165634674922602 -0.17849789999999996 -0.047694848849999992 -0.047694848849999992 -0.079274214799999992 186.7349548339844 28.500000000000004 0.33823530375957495 -0.86452558999999984 60.489645086228855 32.768276243663799 1.9378600000000001 62.96864587203499
decision_type=2 2 2 2 2 2 2 2 2 2 8 2 2 2 2 2 2 2 2 2 2 2 2 2 2 2 8 2 2 2
left_child=2 3 7 8 6 11 13 -1 19 12 15 21 27 17 24 -7 -17 -3 -9 22 -10 -4 -2 26 -5 -13 -23 -6 -29 -30
right_child=1 4 5 14 9 10 -8 18 20 -11 -12 25 -14 -15 -16 16 -18 -19 -20 -21 -22 23 -24 -25 -26 -27 -28 28 29 -31
leaf_value=-0.089398729404006089 -0.012588251355472336 0.037393586922442296 -0.063499630912606617 0.0063400420967452062 0.022944285578784487 -0.067378668990034613 0.042185414130059107 -0.07752396552436959 -0.033274655058398564 -0.064984456271642566 -0.048095115164157348 -0.060858149521460458 0.026504568380537663 0.022049967805182119 0.00041390717819264253 -0.023808067255155902 0.004354327466149009 -0.05301284807807969 -0.054594996771621711 0.010861287814220823 -0.0058498188563137271 -0.036228614234511035 0.014565024981630018 0.023967583306573476 0.024174497981737979 -0.0069538314203730373 -0.074399464217270089 0.0061212289271882457 -0.012912343872477326 -0.10312014714827074
leaf_weight=11575.186605617404 7291.5486791878939 11804.624875724316 4161.6379726976156 4123.4739273935556 2325.7926238626242 407.93773263692856 24606.906954616308 4620.8198625892401 3984.7157185077667 277.90591251850128 2044.6918198168278 368.64765822887421 10276.255776196718 16160.860814124346 5575.4036097973585 3159.0680234134197 2786.9354271888733 144.64154623448849 4096.0100781172514 4785.1077513992786 1949.3378348052502 2219.0421214848757 1552.2544400393963 207.35929258167744 9704.617422580719 1308.8465391546488 656.23723803460598 5603.5111643075943 291.17359462380409 158.95536524057388
leaf_count=46592 37884 72482 17911 22709 12987 1812 153285 18974 19751 1346 8936 1671 60715 95419 29562 14388 14048 778 17231 26577 10168 10121 8978 930 56078 6201 2830 30938 1565 792
internal_value=0.000172548 0.0203561 -0.0591857 0.00261396 0.0300048 -0.0351762 0.0346788 -0.0796764 -0.00824099 0.0169898 -0.0225054 -0.0471001 0.0182144 0.0281064 0.013558 -0.0142644 -0.0106096 0.0362949 -0.0667572 -0.00126149 -0.0242681 -0.0536431 -0.00782123 -0.0403203 0.0188572 -0.0188291 -0.0449633 0.00804563 0.00231876 -0.0449257
internal_weight=148230 110617 37612.4 38966.5 71650.6 17320.4 52717 20292 19563 18933.6 8398.63 8921.77 18655.7 28110.1 19403.5 6353.94 5946 11949.3 8716.83 13628.9 5934.05 7244.28 8843.8 3082.64 13828.1 1677.49 2875.28 8379.43 6053.64 450.129
internal_count=803659 642014 161645 211707 430307 78848 321964 82797 103358 108343 39184 39664 106997 168679 108349 30248 28436 73260 36205 73439 29919 31792 46862 13881 78787 7872 12951 46282 33295 2357
is_linear=0
shrinkage=0.05


Tree=9
num_leaves=31
num_cat=0
split_feature=19 14 19 17 19 14 14 21 17 21 21 19 24 24 3 14 2 11 21 14 21 14 24 24 25 21 14 14 17 3
split_gain=64233.7 12772.1 6729.68 2209.66 2199.18 1942.97 1585.83 2353.01 1539.41 890.909 843.554 781.225 778.175 603.802 508.839 500.472 496.514 462.073 452.696 434.999 402.908 401.662 353.804 351.614 343.833 319.947 379.638 313.602 272.721 266.23
threshold=0.22058823704719546 223.50000000000003 0.51470589637756359 157.66176605224612 0.10294117778539659 228.50000000000003 243.50000000000003 -0.79875919499999992 184.44949340820315 -0.14242072499999997 -0.13247221999999995 0.60294118523597728 2.5000000000000004 2.5000000000000004 50.944780230522163 159.50000000000003 18.536950856447223 38.133061216700106 -1.6487905499999997 250.50000000000003 0.9413359750000001 212.50000000000003 2.5000000000000004 2.5000000000000004 25.070076999068263 -1.5734585999999997 233.50000000000003 259.50000000000006 166.30882263183597 192.54343679547313
decision_type=2 2 2 2 2 2 2 2 2 2 2 2 8 8 2 2 2 2 2 2 2 2 8 8 2 2 2 2 2 2
left_child=1 4 5 13 21 8 11 19 12 17 18 14 15 -3 -4 -2 -14 25 -7 -8 -9 -1 -13 27 -17 -5 29 -21 -11 -27
right_child=2 3 6 9 -6 10 7 20 -10 28 -12 22 16 -15 -16 24 -18 -19 -20 23 -22 -23 -24 -25 -26 26 -28 -29 -30 -31
leaf_value=-0.08972970680531657 0.01769906901931453 -0.06982037822872636 0.032106157352031428 -0.068235433754950101 -0.052722979171435695 -0.037256764021732725 0.01048298115516638 0.020361072929895616 0.016511377454561292 0.0063235700231412438 0.029278976269698026 0.030694098262972765 0.0050978694131827325 -0.032368787509462163 0.01485481809349554 -0.02119862921779244 -0.013497536765728381 -0.039451745079289641 0.0094528318210338937 -0.11041902532646918 0.039720380933718519 -0.068507994621365684 0.043652418405965329 -0.016830584740629418 -0.048705618610640107 -0.014876056890461184 0.013795037747091121 -0.041807406256201572 0.034307738448890589 -0.099071166643178915
leaf_weight=14782.755764991045 549.52497328817844 1339.9026805311441 16348.032056689262 178.19421152770519 6663.699791803956 565.40609490871429 714.45422950387001 10203.372378662229 6945.683289244771 3386.5197300761938 8405.2856767624617 7159.49004791677 6684.6786426454782 5479.7942683547735 5791.2182592302561 2716.5820461213589 7751.2673022001982 1622.1013302206993 6162.4079502522945 211.79742982983589 3650.753441631794 2647.7376169115305 20062.804951965809 1271.7713682055473 1955.3095626980066 359.02394640445709 1519.5569161623716 779.75851380825043 1171.2157513946295 126.36752903461456
leaf_count=59551 2903 5507 101275 801 29358 2873 4138 61752 40571 16201 48924 43480 36835 24007 33969 13505 40525 7322 33299 1099 22610 10724 126495 7010 9524 1648 7352 3925 6260 535
internal_value=0.000214488 -0.0545354 0.020139 -0.0186155 -0.0771683 0.00441534 0.0300528 0.0167981 -0.00372135 -0.00138957 0.0187184 0.0345721 -0.0108708 -0.0397363 0.0275944 -0.0274104 -0.00488703 -0.0192472 0.0055224 -0.0235196 0.025465 -0.0865102 0.0402456 -0.0342529 -0.032719 -0.00422383 0.00149653 -0.0565594 0.0135207 -0.0369542
internal_weight=147206 39276.9 107930 15182.7 24094.2 41736.1 66193.5 16831.9 26603 8362.98 15133.1 49361.5 19657.4 6819.7 22139.3 5221.42 14435.9 3805.24 6727.81 2977.78 13854.1 17430.5 27222.3 2263.33 4671.89 2183.14 2004.95 991.556 4557.74 485.391
internal_count=803978 169266 634712 69633 99633 228959 405753 100534 143863 40119 85096 305219 103292 29514 135244 25932 77360 17658 36172 16172 84362 70275 169975 12034 23029 10336 9535 5024 22461 2183
is_linear=0
shrinkage=0.05


Tree=10
num_leaves=31
num_cat=0
split_feature=17 14 17 14 5 17 4 5 14 21 21 21 18 21 21 14 14 21 21 11 14 18 4 14 14 4 18 5 21 5
split_gain=58227.4 10252.5 5423.48 2010.35 2142.58 1897.18 1789.73 1560.86 1018.35 1017.88 951.317 877.258 825.002 757.181 598.801 587.505 586.885 499.939 453.743 445.02 462.195 400.258 387.989 395.822 370.634 324.653 308.951 305.8 297.822 341.368
threshold=168.56278228759768 223.50000000000003 186.32193756103518 227.50000000000003 9.5000000000000018 161.37132263183597 368.24535631388432 4.5000000000000009 246.50000000000003 -0.70725798499999992 -1.6487905499999997 -0.11077783999999999 169.20588684082034 -0.14242072499999997 -0.13247221999999995 202.50000000000003 249.50000000000003 -0.97553550999999994 -1.5734585999999997 40.166163226999004 232.50000000000003 158.11765289306643 149.17377249151471 204.50000000000003 213.50000000000003 128.96987589448693 185.39170837402347 29.500000000000004 1.3326296000000002 9.5000000000000018
decision_type=2 2 2 2 2 2 2 2 2 2 2 2 2 2 2 2 2 2 2 2 2 2 2 2 2 2 2 2 2 2
left_child=1 5 3 4 12 24 18 8 -4 -10 -5 16 -2 19 -12 -6 26 -18 -3 20 -8 -20 23 -7 -1 -17 -9 -15 29 -13
right_child=2 6 7 10 15 22 13 11 9 -11 14 28 -14 27 -16 25 17 -19 21 -21 -22 -23 -24 -25 -26 -27 -28 -29 -30 -31
leaf_value=-0.086827116364720819 -0.0036998573247916176 -0.063164203933014737 0.04241655643373831 -0.039972804927862177 -0.032521281806694453 -0.04565267089841385 -0.070598989330954029 0.015044807437502087 -0.027997254934071392 0.032078629560390176 0.010906255772770213 0.032226835831655226 0.01753933510617656 -0.026796661429706908 0.030160136012382099 0.0085681745953947435 -0.033387760476812821 0.0079659429036822577 -0.016348716022678653 -0.069927525564082618 -0.022067583619806715 0.012372287084884769 -0.062845741767564287 0.014326753716343808 -0.064625772699383868 -0.017011526808188609 0.033296773965288226 0.0076050436060133833 0.044508770320264956 0.017174069911329068
leaf_weight=13459.775348201394 8127.9457926303148 265.24484564363956 21096.482816770673 645.06613214313984 4927.2415954172611 2881.6792906373739 696.59725108742714 11587.023298278451 1058.0455156713724 2108.8583827614784 7085.4526630192995 10804.884453564882 10449.211993247271 3857.0137661397457 9393.7201036214828 1804.3028372526169 1025.9653388261795 2533.7885888665915 1744.643609598279 1720.3261634707451 1658.6761511713266 3975.1669565290213 4426.9947136342525 303.62164181470871 2203.2424991130829 3964.5026026368141 2899.0690895467997 775.43068093061447 2839.4674071967602 5788.2070772796869
leaf_count=54038 43873 1163 138362 3237 24203 12399 2876 68683 5688 13442 38578 69087 61233 17027 55942 9777 5377 14558 8010 7102 7218 19816 18318 1371 8852 20144 17643 3301 17956 35113
internal_value=0.000157114 -0.0531115 0.0188604 0.00594325 -0.00201713 -0.0737544 -0.0204083 0.028567 0.0384479 0.0120051 0.0195505 0.0221694 0.00824699 -0.0348741 0.0218828 -0.0198432 0.01423 -0.00395874 0.000641174 -0.0505919 -0.0364451 0.00361055 -0.0532645 -0.0399328 -0.0837085 -0.00901089 0.0186996 -0.0210377 0.0295411 0.0269773
internal_weight=146108 37968.4 108139 46397.4 29273.2 23275.3 14693.1 61741.8 24263.4 3166.9 17124.2 37478.4 18577.2 8708.04 16479.2 10696 18045.8 3559.75 5985.06 4075.6 2355.27 5719.81 7612.3 3185.3 15663 5768.81 14486.1 4632.44 19432.6 16593.1
internal_count=804387 161491 642896 256987 159230 94978 66513 385909 157492 19130 97757 228417 105106 37524 94520 54124 106261 19935 28989 17196 10094 27826 32088 13770 62890 29921 86326 20328 122156 104200
is_linear=0
shrinkage=0.05


Tree=11
num_leaves=31
num_cat=0
split_feature=19 20 19 4 19 20 20 21 20 17 4 21 22 21 22 4 21 4 21 12 21 22 22 17 17 21 4 20 21 11
split_gain=52270.3 9244.47 6012.26 2739.49 2164.46 1571.3 1494.13 1490.48 1210.45 1193.61 858.627 850.587 830.431 790.005 740.305 590.35 575.865 510.282 371.202 370.535 503.573 412.911 354.292 357.93 350.589 336.407 321.813 388.735 302.881 309.736
threshold=0.22058823704719546 61.546920776367195 0.48529411852359777 339.9721810072661 0.10294117778539659 -2.9402847290039058 56.772979736328132 -0.11925592499999998 69.621322631835952 186.11432647705081 66.315099224448218 -1.5734585999999997 -0.026206394649999996 -0.14242072499999997 -0.13172641999999998 64.929087564349189 -0.11077783999999999 76.972490612417474 -1.5734585999999997 5.4272445820433441 -0.087392471699999988 1.0894472500000003 0.16082139000000004 166.30882263183597 159.91176605224612 -1.6487905499999997 58.833365548402078 49.031280517578132 -0.79875919499999992 27.620079198385081
decision_type=2 2 2 2 2 2 2 2 2 2 2 2 2 2 2 2 2 2 2 2 2 2 2 2 2 2 2 2 2 2
left_child=1 4 6 18 24 -4 9 8 15 10 -2 -10 16 25 -12 -7 -5 -9 -3 20 -14 -21 23 -20 -1 -8 -6 -28 29 -13
right_child=2 3 5 12 26 7 13 17 11 -11 14 28 19 -15 -16 -17 -18 -19 22 21 -22 -23 -24 -25 -26 -27 27 -29 -30 -31
leaf_value=-0.083716618073390842 0.0027665137282108405 -0.049954782691688925 0.042816415823898751 -0.062750994576836416 -0.025138062549520807 0.029097558373972734 -0.035742615811800417 0.03873780478652207 -0.051403904816757877 0.016689579276170735 -0.03122873406881287 -0.032815873733549092 -0.058796594744223864 0.026555247773169106 -0.0060370399904748516 0.012450619121089598 -0.031088919321934118 0.025179340850709071 -0.0093715892427769162 0.012206224239074871 -0.015457213136722721 -0.048065374204866604 0.02647092353896115 0.023967982512019415 -0.0663284059140785 0.0058908405941933487 -0.058692311827196864 -0.025776938216857233 0.012500502666436032 0.0083212954455110146
leaf_weight=12258.443977534771 7095.1636611521244 281.22357070446014 13214.635820567608 3226.30922318995 1466.4488451480865 10608.984121799469 530.69274961948395 13447.744294136763 845.63460032641888 4927.382217913866 6147.7349977493286 958.28188444674015 1037.967640042305 7429.9910220205784 5548.5901646465063 10698.612800493836 2594.1325793713331 14360.194539442658 2805.7774146646261 1279.641190290451 1891.6411764621735 364.20093059539795 1901.8972874581814 1127.804936170578 3831.6274705082178 5548.0494978278875 4178.3026900440454 1145.1365274190903 3060.254754781723 874.27901713550091
leaf_count=49492 38811 1229 87623 13222 6611 68215 2604 89685 4211 29764 30069 5182 4392 44213 28994 62555 11132 89866 13174 5715 8236 1628 9797 5950 15644 29773 17747 4981 18085 4727
internal_value=0.000121675 -0.0490129 0.0185028 -0.0204969 -0.0695887 0.0273385 0.00234713 0.023609 0.0152509 -0.00521234 -0.0109559 -0.00513103 -0.0361198 0.0156196 -0.0192796 0.0207401 -0.0486472 0.0317373 0.00605198 -0.0201695 -0.0308273 -0.00116833 0.00875916 0.000190925 -0.0795802 0.00225083 -0.0459035 -0.051618 0.00287526 -0.0131963
internal_weight=144687 39390.6 105296 16510.6 22880 68068.6 37227.6 54854 27046 23718.9 18791.5 5738.45 10393.9 13508.7 11696.3 21307.6 5820.44 27807.9 6116.7 4573.45 2929.61 1643.84 5835.48 3933.58 16090.1 6078.74 6789.89 5323.44 4892.82 1832.56
internal_count=803327 168950 634377 74475 94475 430149 204228 342526 162975 127638 97874 32205 44325 76590 59063 130770 24354 179551 30150 19971 12628 7343 28921 19124 65136 32377 29339 22728 27994 9909
is_linear=0
shrinkage=0.05


Tree=12
num_leaves=31
num_cat=0
split_feature=18 14 19 14 5 19 19 14 21 22 5 5 21 21 22 5 18 14 18 14 21 14 21 22 14 22 18 14 21 21
split_gain=48126.7 8026.54 6857 2505.16 1752.54 1591.76 1138.16 1027.45 1286.83 991.769 901.494 838.068 766.558 762.882 656.221 515.66 509.337 500.549 428.663 419.66 351.101 320.949 397.768 319.526 366.907 313.921 296.108 279.482 265.581 241.264
threshold=161.1470642089844 228.50000000000003 0.48529411852359777 228.50000000000003 6.5000000000000009 0.33823530375957495 0.073529412969946875 249.50000000000003 -0.79875919499999992 -0.17849789999999996 6.5000000000000009 18.500000000000004 -0.11077783999999999 -0.14242072499999997 0.04601305725000001 17.500000000000004 157.70588684082034 214.50000000000003 180.67240905761722 209.50000000000003 -1.6487905499999997 249.50000000000003 -0.97553550999999994 0.04601305725000001 165.50000000000003 0.74209228000000016 182.33635711669925 206.50000000000003 -0.16974469999999997 1.3326296000000002
decision_type=2 2 2 2 2 2 2 2 2 2 2 2 2 2 2 2 2 2 2 2 2 2 2 2 2 2 2 2 2 2
left_child=1 6 3 5 7 23 17 18 -9 15 -7 12 21 20 -12 -3 -11 -1 -4 -8 -5 -6 -23 24 -2 -10 29 -26 -17 -14
right_child=2 9 4 13 11 10 19 8 25 16 14 -13 26 -15 -16 28 -18 -19 -20 -21 -22 22 -24 -25 27 -27 -28 -29 -30 -31
leaf_value=-0.080161463733119567 -0.0058523690225476439 -0.0060926502176126092 0.031614236859086674 -0.032027884617740199 0.013258917969655715 0.014568688105969308 -0.058532067886825148 -0.025719024057590141 0.034547497868692448 -0.015918330584195672 -0.020151520416907251 -0.053688897413541381 0.018545676051713818 0.027593608403434961 0.0075466604464209655 -0.053056266820681479 0.01369184416952296 -0.057188361874259346 0.043122349151625834 -0.029700235846301899 0.0083019347771519821 -0.037213610389146327 0.0058744625451393707 -0.012097727193644088 -0.042553642521922466 -0.001894767466492766 0.037509491399675778 -0.017698553534237788 -0.02922548204903605 0.03947285944533141
leaf_weight=12895.41633066535 1301.9251829981804 1442.2042869031429 17840.420287415385 591.96767035126686 10585.140348255634 7339.0861673951149 5227.8917580544949 1512.588396281004 3395.4332384765148 3511.323399618268 5354.6134005486965 411.22636817395687 9377.584358394146 8083.0821664482355 3559.016376003623 2180.9545319378376 2475.2739464640617 2920.6468685418367 14841.190952435136 1668.2136185318232 6003.3854641765356 742.51849809288979 1914.8098994493484 4129.0430466383696 3915.9503788948059 715.30286902189255 4004.598709449172 1593.1579597294331 2530.934803172946 1614.775069758296
leaf_count=52501 6607 6768 118654 2848 61920 42655 21313 7769 22223 15540 27398 2034 59297 48689 19515 8971 12184 11796 102664 7011 32488 3795 11006 20750 18353 4656 25886 7672 10930 10500
internal_value=0.000147155 -0.0509865 0.0165235 0.000652444 0.0264485 -0.00833301 -0.0685291 0.0334446 0.0137 -0.0181657 0.00159212 0.0170941 0.0181267 0.017298 -0.00909264 -0.0322589 -0.00367519 -0.0759231 0.0368414 -0.0515628 0.00467781 0.00935904 -0.0061748 -0.0230767 -0.0297297 0.0282073 0.0258675 -0.0353704 -0.0402648 0.0216232
internal_weight=143680 34852.9 108827 41871.2 66955.6 27192.8 22712.2 38304.9 5623.32 12140.7 16252.7 28650.7 28239.4 14678.4 8913.63 6154.09 5986.6 15816.1 32681.6 6896.11 6595.35 13242.5 2657.33 10940.1 6811.03 4110.74 14997 5509.11 4711.89 10992.4
internal_count=804393 147014 657379 226975 430404 142950 92621 255966 34648 54393 89568 174438 172404 84025 46913 26669 27724 64297 221318 28324 35336 76721 14801 53382 32632 26879 95683 26025 19901 69797
is_linear=0
shrinkage=0.05


Tree=13
num_leaves=31
num_cat=0
split_feature=16 17 14 17 14 17 5 5 4 5 14 24 22 24 25 14 12 22 22 24 17 5 17 4 24 24 14 12 4 4
split_gain=43263.8 5702.15 4574.92 1980.07 1832.6 1718.69 1571.81 1464 1088.22 1069.35 982.624 597.54 517.01 510.121 456.744 443.91 711.53 435.483 424.985 421.427 390.64 385.447 345.227 320.541 313.82 304.709 399.005 318.702 299.029 296.03
threshold=0.48529411852359777 186.32193756103518 215.50000000000003 163.60294342041018 200.50000000000003 172.66364288330081 11.500000000000002 5.5000000000000009 368.24535631388432 9.5000000000000018 250.50000000000003 2.5000000000000004 -0.13903441999999996 1.5000000000000002 26.993091326951983 227.50000000000003 4.3544891640866874 0.30705543000000007 -0.047694848849999992 2.5000000000000004 164.98430633544925 10.500000000000002 159.91176605224612 54.150421347469099 2.5000000000000004 7.5000000000000009 220.50000000000003 4.8622291021671833 133.2242038920522 152.80135241150859
decision_type=2 2 2 2 2 2 2 2 2 2 2 8 2 8 2 2 2 2 2 8 2 2 2 2 8 10 2 2 2 2
left_child=2 4 3 22 5 20 19 10 -4 14 -3 -10 29 -12 -7 -13 -17 -11 21 -6 -2 -9 -1 -22 -16 26 -14 -27 -5 -8
right_child=1 7 8 28 6 9 12 18 11 17 13 15 25 -15 24 16 -18 -19 -20 -21 23 -23 -24 -25 -26 27 -28 -29 -30 -31
leaf_value=-0.078450345258350623 -0.054963542552633818 0.037623200359466466 -0.0038680262307702394 -0.017421714055505483 0.0053503243144308573 0.012132446794899804 0.0043865605399415987 0.017591550656459464 -0.059748862409237671 -0.035151986156885841 -0.052159892639483146 -0.047511057564474886 -0.0098775874371490567 0.01539741869104265 -0.032613237740018446 -0.036198189272725695 0.0015376962728071864 0.0066899812571474346 0.025072826434862746 0.024988194632604009 -0.0065940258677988119 0.00062952184864863571 -0.06209168447114416 -0.038912611181534697 0.00067811333896504867 -0.053902396397574021 0.018427995578410697 0.012292692437176622 -0.045580559387610291 -0.019074545015495697
leaf_weight=10976.054691240191 1610.7678783982992 24770.541165217757 3536.8584826886654 1642.6512575894594 3428.4008393734694 9003.5424485504627 1911.1842172145844 12608.964793473482 2116.4422921687365 2624.4422952383757 304.27870850265026 2408.6551721692085 1693.1819901615381 3301.620610550046 1020.8594670146704 3225.9395155757666 2038.045902878046 814.47987461090088 12994.763781756163 13459.910177841783 1376.4829057008028 4560.6657716482878 4606.6583337038755 1733.7160536497831 2303.6713016182184 390.42455863952637 4697.0836786329746 339.01067043840885 2217.9682473391294 4531.4633778780699
leaf_count=45323 6559 173731 16264 7410 18239 53010 10174 79168 8537 12556 1441 9767 8767 20847 5135 13505 8907 4196 82828 81784 6886 27120 18596 8101 12894 1974 25956 1770 9472 22838
internal_value=0.000190593 0.0152767 -0.0502097 -0.0656761 0.00304368 -0.00851796 0.0108227 0.0259209 -0.0276401 -0.000592983 0.0340733 -0.0362279 -0.00185382 0.00968381 0.00628464 -0.0297328 -0.0215906 -0.025243 0.0182507 0.0210022 -0.0349799 0.0130863 -0.0736186 -0.0246161 -0.00955135 0.00743224 0.0109277 -0.023163 -0.0336069 -0.0121153
internal_weight=142249 109479 32769.3 19443.3 50938.6 20488 30450.7 58540.8 13325.9 15767 28376.4 9789.08 13562.3 3605.9 12328.1 7672.64 5263.99 3438.92 30164.4 16888.3 4720.97 17169.6 15582.7 3110.2 3324.53 7119.7 6390.27 729.435 3860.62 6442.65
internal_count=803755 665974 137781 80801 280839 109337 171502 385135 56980 87791 196019 40716 71479 22288 71039 32179 22412 16752 189116 100023 21546 106288 63919 14987 18029 38467 34723 3744 16882 33012
is_linear=0
shrinkage=0.05


Tree=14
num_leaves=31
num_cat=0
split_feature=16 19 14 19 14 19 5 14 16 5 22 5 5 11 12 22 5 24 19 20 24 14 24 24 24 25 24 19 13 22
split_gain=39764.9 6639.94 4078.02 1955.51 1847.65 1586.88 1510.68 1041.87 1008.24 846.847 764.62 718.47 710.705 611.828 528.968 513.347 438.226 405.23 379.083 363.628 412.301 318.177 308.249 304.538 301.163 298.387 294.954 293.627 288.713 287.085
threshold=0.48529411852359777 0.48529411852359777 215.50000000000003 0.13235294446349147 227.50000000000003 0.22058823704719546 6.5000000000000009 247.50000000000003 0.1911764740943909 6.5000000000000009 0.04601305725000001 15.500000000000002 17.500000000000004 9.5080668581966847 4.3544891640866874 -0.033103309549999994 20.500000000000004 2.5000000000000004 0.39705882966518408 -15.328430175781248 2.5000000000000004 269.50000000000006 2.5000000000000004 7.5000000000000009 3.5000000000000004 26.705381369590764 4.5000000000000009 0.27941177785396581 -20.480352920932756 -0.23260509499999996
decision_type=2 2 2 2 2 2 2 2 2 2 2 2 2 2 2 2 2 8 2 2 8 2 8 8 8 2 10 2 2 2
left_child=2 4 3 -1 5 -2 7 19 26 18 -11 17 15 21 16 -8 -10 -6 -7 -3 -21 -9 -15 -17 -13 -14 -4 -5 -22 -16
right_child=1 6 8 27 11 9 12 13 14 10 -12 24 25 22 29 23 -18 -19 -20 20 28 -23 -24 -25 -26 -27 -28 -29 -30 -31
leaf_value=-0.071372874874307851 -0.038957615465897093 0.046350264420649379 -0.052780773727325453 -0.040455284242176696 0.00030940973977659937 -0.0017981616152170721 0.011386022277638491 -0.030097181802242134 -0.0068956882262707492 -0.022553254809157201 0.0029262445869232658 -0.029618314192465869 -0.016615893239487856 -0.0075347401615969605 -0.020833897073320905 0.034966119078928694 -0.036556851288481976 0.021875159051801988 0.018241675142616081 0.021510505821003847 0.040072839365874663 0.052890883368627545 0.02588446257018423 0.018488139435863405 0.0014687624428919707 -0.096767966089929991 -0.021934840543386916 -0.0099876095494629783 0.025961862812733518 0.010201091852847375
leaf_weight=15094.44600135088 3776.1173301190138 5918.2137302458286 3571.2924327999353 3140.7442944943905 2724.5184804946184 5167.7478403747082 15793.924948945642 1007.0637339055538 1888.0999342352152 7465.4858510196209 4861.3275220394135 1015.6432226151228 437.19000281393528 832.67515234649181 1165.4359265118837 4751.6670304983854 3659.6306781321764 10864.177335619926 4341.9211363643408 6314.7353204190731 13603.851894840598 129.5230361521244 4015.000271320343 6851.5662280321121 3333.6550273746252 157.39303839206696 992.34700639545918 1057.841740116477 4952.7827678620815 2062.1945088505745
leaf_count=62735 16511 43053 14456 13069 14075 28369 96773 5699 8659 37155 26403 4802 2283 4625 4983 31416 15311 65132 26321 42961 97520 859 26593 42684 17321 763 4068 4985 34666 9445
internal_value=0.000104641 0.0146816 -0.0482799 -0.062977 -0.000415081 -0.00903367 0.024833 0.0314955 -0.0270195 -0.00385746 -0.0125055 0.0118907 0.0160794 0.0124028 -0.017103 0.0172535 -0.0264651 0.0175516 0.00735258 0.0352058 0.0325522 -0.0206019 0.0201437 0.0252385 -0.0057958 -0.0379599 -0.0460797 -0.0327831 0.0363082 -0.00100803
internal_weight=140948 108316 32632 19293 43550.6 25612.6 64765.6 36773.8 13339 21836.5 12326.8 17938 27991.7 5984.26 8775.36 27397.2 5547.73 13588.7 9509.67 30789.6 24871.4 1136.59 4847.68 11603.2 4349.3 594.583 4563.64 4198.59 18556.6 3227.63
internal_count=803695 665984 137711 80789 236089 134759 429895 255976 56922 118248 63558 101330 173919 37776 38398 170873 23970 79207 54690 218200 175147 6558 31218 74100 22123 3046 18524 18054 132186 14428
is_linear=0
shrinkage=0.05


Tree=15
num_leaves=31
num_cat=0
split_feature=17 14 17 25 20 24 17 14 4 11 25 24 4 22 24 11 22 14 14 4 9 24 24 14 14 20 12 14 14 14
split_gain=35768.8 6740.63 3915.37 1739.68 1579.51 1326.49 1108.4 1072 1131.6 623.765 555.583 525.672 506.904 484.231 463.184 464.978 402.823 388.571 372.254 433.014 359.895 367.283 448.199 443.328 347.165 338.099 335.956 450.68 321.84 302.741
threshold=168.56278228759768 224.50000000000003 187.091667175293 29.185482990741736 27.889450073242191 2.5000000000000004 157.66176605224612 223.50000000000003 110.35737553797664 9.5080668581966847 26.426528140902523 2.5000000000000004 45.831358991563327 -0.026206394649999996 2.5000000000000004 55.569428578272884 -1.1913062499999998 212.50000000000003 268.50000000000006 134.64440439268949 66.500000000000014 2.5000000000000004 7.5000000000000009 256.50000000000006 233.50000000000003 -8.318016052246092 2.8034055727554184 201.50000000000003 268.50000000000006 198.50000000000003
decision_type=2 2 2 2 2 8 2 2 2 2 2 8 2 2 8 2 2 2 2 2 2 8 8 2 2 2 2 2 2 2
left_child=1 3 5 -1 12 10 13 8 -7 28 25 -8 -4 24 15 -14 26 -5 19 -9 21 23 -23 -11 -3 -2 27 -17 -6 -27
right_child=2 6 4 17 9 7 11 18 -10 20 -12 -13 14 -15 -16 16 -18 -19 -20 -21 -22 22 -24 -25 -26 29 -28 -29 -30 -31
leaf_value=-0.035467594020683266 0.028559215561090687 -0.072810270560849905 0.041210225905452043 -0.069963860081474788 -0.022124525276563639 0.011156064917368473 -0.027246138736439163 0.024891855663760877 -0.012933278281737032 0.01219464010822708 -0.027055657220636409 0.0050572761704061157 0.023133641702405543 -0.014111790251673768 0.033108612897408671 -0.1280832433358414 0.0090472437401717155 -0.049776961983819562 0.042861736084045872 0.0062939488634543355 0.033865843900365705 0.029574494317310487 0.013989537517418988 -0.024701899980092923 -0.033942864161095099 -0.017234016999747949 0.011263237543132057 0.0076787926857497697 0.03954336362533227 0.0028637185921435333
leaf_weight=6133.725125014782 778.76220598816872 700.18365299701691 12365.538080781698 14110.181598603725 1407.2833515405655 13760.993531003594 1590.6244996339083 7760.7267173081636 7548.4598277211189 3716.1642697751522 3284.8890867978334 6032.2166732996702 2516.623634442687 2961.9785448759794 8529.2527201622725 193.57108424603939 608.21275337040424 2883.1042971462011 1612.2013738751411 5246.0052417218685 3439.1015901714563 7184.0779679566622 12899.02121822536 1041.4666347801685 3213.6580424904823 3355.0074135661125 131.07904699444771 88.974922403693199 248.0396940112114 4241.9791183173656
leaf_count=25399 4673 2842 91860 59517 8334 81638 6836 49226 38507 23121 16056 29279 16345 12869 59025 1166 3880 11743 10100 30896 24163 49283 84500 5488 13340 17447 869 528 1620 22340
internal_value=0.0001181 -0.0415464 0.0154939 -0.0583024 0.0246608 0.00502088 -0.0148166 0.00977649 0.00262268 0.0169605 -0.00963152 -0.00168602 0.0340941 -0.0293713 0.0267995 0.0115867 -0.0168463 -0.0665421 0.0202034 0.0173918 0.0187067 0.0166067 0.0195657 0.00411433 -0.040913 -0.00279552 -0.0548514 -0.0854549 -0.0128657 -0.00601301
internal_weight=139583 37625.7 101957 23127 54368.4 47589 14498.7 35928.4 21309.5 29935.2 11660.6 7622.84 24433.3 6875.82 12067.7 3538.46 1021.84 16993.3 14618.9 13006.7 28279.8 24840.7 20083.1 4757.63 3913.84 8375.75 413.625 282.546 1655.32 7596.99
internal_count=802890 161825 641065 96659 370182 270883 65166 210367 120145 196509 60516 36115 173673 29051 81813 22788 6443 71260 90222 80122 186555 162392 133783 28609 16182 44460 2563 1694 9954 39787
is_linear=0
shrinkage=0.05


Tree=16
num_leaves=31
num_cat=0
split_feature=16 18 14 5 14 15 18 16 20 5 5 18 5 22 22 3 22 14 14 22 18 5 23 13 22 18 23 14 13 20
split_gain=32721.7 4811.9 3750.62 1693.5 1397.18 1373.01 1049.29 869.387 785.009 742.438 722.089 560.628 549.703 456.454 431.321 345.99 338.184 546.552 337.529 336.479 334.122 308.481 307.839 279.491 262.92 259.787 239.733 252.172 203.33 197.684
threshold=0.48529411852359777 171.83396911621097 214.50000000000003 5.5000000000000009 199.50000000000003 12.646073341369631 164.17825317382815 0.1911764740943909 66.725708007812514 14.500000000000002 17.500000000000004 185.39170837402347 12.500000000000002 -0.13903441999999996 0.075349397950000022 111.12837830185892 0.30705543000000007 165.50000000000003 196.50000000000003 -0.16078418999999997 179.01704406738284 11.500000000000002 1.1894188000000001 -5.6231253706956776 -0.15288999499999997 156.92646789550784 2.1617061000000004 267.50000000000006 -71.248739037547395 -17.53835296630859
decision_type=2 2 2 2 2 2 2 2 2 2 2 2 2 2 2 2 2 2 2 2 2 2 2 2 2 2 2 2 2 2
left_child=2 4 5 8 6 18 -2 -4 20 19 11 13 16 21 15 -9 17 -8 -1 26 -3 -5 -10 -24 -11 -7 27 -6 -19 -22
right_child=1 3 7 10 9 25 12 14 22 24 -12 -13 -14 -15 -16 -17 -18 28 -20 -21 29 -23 23 -25 -26 -27 -28 -29 -30 -31
leaf_value=-0.047447790674622223 -0.03370333462205851 0.026661094723186923 -0.041509708745236351 0.01042541321343023 0.005038925970699536 -0.072738866901977936 0.01295457920007222 -0.0081531054350161645 0.023169588171144742 -0.015842813860633027 -0.035019208285412613 0.02990187135155933 -0.035645344740606398 0.019451540834761152 -0.00069139564687199838 -0.03348260748637346 0.014395772100827851 0.026122198798715524 -0.021474555246503657 0.020002339757915863 0.048058373312030944 -0.0069736616140652664 0.011853056663643308 -0.026225302582921179 0.0031539875924409284 -0.05844264989632636 -0.036498617350998304 0.036611226943691497 -0.016441485467141092 0.035172605419157781
leaf_weight=3039.375281766057 3930.2742746174335 9874.5318358391523 4714.7285710424185 12098.075715526938 7374.7011758983135 8107.1253405958414 2703.3066832721233 2239.3571610301733 2386.5521196424961 3416.4659071713686 721.99346236884594 5626.4791800677776 1243.1514792442322 13185.764371588826 3322.1007753461599 3389.8692966401577 2812.3793021887541 294.8023087978363 2129.9063211530447 8970.179497718811 3963.6245584487915 3226.2082266360521 1201.9179270863533 802.98853076994419 3899.3115857094526 5284.6499838829041 317.23628902435303 690.83652383089066 5495.8282822966576 12083.812897875905
leaf_count=12615 17381 69164 19226 75751 42600 35323 15743 9885 16036 16660 3638 37501 5689 85633 14937 14140 16618 1749 9311 54980 30569 18599 7440 4479 20441 22137 1552 4019 29745 90769
internal_value=0.000118617 0.0134967 -0.0440159 0.0219487 0.000109914 -0.058652 -0.0111621 -0.0241345 0.0305918 0.00764026 0.0144319 0.0154788 -0.00410051 0.0126314 -0.0149792 -0.0234095 -0.000629247 -0.0056052 -0.0367522 0.0132721 0.0339035 0.00676219 0.0110398 -0.00340324 -0.00571847 -0.0671021 0.0060688 0.00774739 -0.0142704 0.0383581
internal_weight=138548 106320 32227.1 65171.9 41148.5 18561.1 16479.7 13666.1 30313.4 24668.7 34858.5 34136.5 12549.5 28510 8951.33 5629.23 11306.3 8493.94 5169.28 17353 25922 15324.3 4391.46 2004.91 7315.78 13391.8 8382.77 8065.54 5790.63 16047.4
internal_count=804330 666756 137574 439579 227177 79386 86925 58188 218457 140252 221122 217484 69544 179983 38962 24025 63855 47237 21926 103151 190502 94350 27955 11919 37101 57460 48171 46619 31494 121338
is_linear=0
shrinkage=0.05


Tree=17
num_leaves=31
num_cat=0
split_feature=18 14 18 5 14 4 21 4 21 14 21 18 22 5 21 21 18 21 18 24 4 22 12 12 23 22 11 22 4 14
split_gain=30171.6 5396.79 3982.23 1649.4 1393.87 1046.02 936.425 885.836 840.154 783.449 910.246 714.542 574.06 503.893 407.737 403.588 371.622 352.254 348.824 331.087 328.528 330.989 297.699 296.545 386.013 277.515 267.597 266.758 260.309 258.531
threshold=161.1470642089844 218.50000000000003 171.83396911621097 5.5000000000000009 222.50000000000003 111.5264671444893 -0.13247221999999995 368.24535631388432 -0.13247221999999995 251.50000000000003 -0.79875919499999992 158.47058868408206 -0.040968708699999988 16.500000000000004 -1.6487905499999997 -0.23682564999999997 185.39170837402347 1.3326296000000002 184.98538208007815 2.5000000000000004 517.13883790373814 -0.13172641999999998 2.2244582043343657 2.3018575851393193 2.0888086500000003 0.075349397950000022 28.125387869683031 -0.15288999499999997 23.527066297829155 268.50000000000006
decision_type=2 2 2 2 2 2 2 2 2 2 2 2 2 2 2 2 2 2 2 10 2 2 2 2 2 2 2 2 2 2
left_child=1 11 4 9 5 19 14 25 18 16 26 -1 15 17 -6 -9 -4 -10 23 28 21 -7 -14 24 29 -3 -11 -16 -2 -5
right_child=2 7 3 8 6 20 -8 12 13 10 -12 -13 22 -15 27 -17 -18 -19 -20 -21 -22 -23 -24 -25 -26 -27 -28 -29 -30 -31
leaf_value=-0.065814314302424626 0.011555893225888129 -0.010728061098014604 0.029488358750477089 -0.0075802182594713989 -0.038503883367955169 -0.027573502292246012 0.024795007763014965 -0.051491191619761283 0.019937130724746496 -0.044417334135142886 0.025155813613402529 -0.045369297479586901 -0.040035142929537471 -0.022871846573508638 -0.0049348321104985722 -0.024442283979184121 0.043172930237414114 0.040203578979104426 0.021835863094668728 0.012616542820076532 -0.079688870290028399 -0.0083475528588053283 -0.007461079820463682 0.0072889069488507128 -0.062734483809131228 0.013074235311158545 0.0055743172988121899 0.015151345204455897 -0.0079518163183710938 0.048043330002217347
leaf_weight=12137.068426951766 2215.4336791336536 3289.1261970847845 19275.181390963495 3664.3731256127357 627.6419335603714 4632.423351585865 7871.356291860342 2772.1226778328419 15222.868690632284 787.33439506590366 2645.2554165571928 6614.4721138626337 872.42395024001598 624.62306787073612 3892.4766707569361 2750.0507187247276 6690.0119381472468 2496.2596544474363 2779.0687295496464 4748.063325330615 222.34865528345108 4333.5738235414028 3565.2732964158058 9523.2950569093227 305.06745103001595 1949.6109452396631 405.00482921302319 2871.5454075038433 7485.1095250695944 220.53077055513859
leaf_count=53116 12908 15133 142044 21439 2996 21523 50216 11323 102670 3931 18348 27255 3660 3438 20703 11402 52828 17563 17685 27708 945 21727 15378 57149 1539 9780 2109 16764 40948 1285
internal_value=0.000244837 -0.0406585 0.0136572 0.021264 0.00101693 -0.00658855 0.0127947 -0.0185138 0.0138759 0.0298992 0.00880953 -0.0586053 -0.0272676 0.0212382 1.40839e-05 -0.0380277 0.0330158 0.0227944 0.00568622 0.00179946 -0.0197774 -0.0182829 -0.0138725 0.00241205 -0.00867155 -0.00186916 -0.0274461 0.00359338 -0.00349587 -0.00441114
internal_weight=137489 33950.1 103539 64638.9 38900 23637 15263 15198.6 34836.1 29802.8 3837.59 18751.5 9959.87 18343.8 7391.66 5522.17 25965.2 17719.1 16492.3 14448.6 9188.35 8966 4437.7 13713.3 4189.97 5238.74 1192.34 6764.02 9700.54 3884.9
internal_count=805513 147047 658466 442028 216438 125759 90679 66676 222768 219260 24388 80371 41763 123671 40463 22725 194872 120233 99097 81564 44195 43250 19038 81412 24263 24913 6040 37467 53856 22724
is_linear=0
shrinkage=0.05


Tree=18
num_leaves=31
num_cat=0
split_feature=18 14 19 14 5 14 21 16 19 17 5 5 21 21 21 12 14 18 12 21 21 5 18 21 19 14 17 0 21 5
split_gain=27551.7 5202.85 4744.76 1656.04 1310.05 972.169 1114.8 970.846 943.602 895.761 581.661 567.028 556.821 521.375 487.939 481.346 530.025 451.03 343.36 323.623 294.744 304.87 282.148 281.469 278.665 277.739 243.216 235.857 233.181 216.418
threshold=161.1470642089844 214.50000000000003 0.48529411852359777 229.50000000000003 7.5000000000000009 250.50000000000003 -0.79875919499999992 0.1911764740943909 0.33823530375957495 159.91176605224612 20.500000000000004 11.500000000000002 -0.14242072499999997 -1.5734585999999997 0.9413359750000001 4.2925696594427256 268.50000000000006 182.41428375244143 3.1006191950464399 -0.23682564999999997 0.042616635550000011 2.5000000000000004 182.75555419921878 0.063103135650000017 0.57352942228317272 219.50000000000003 157.66176605224612 0.41672818362712866 0.13841605500000004 23.500000000000004
decision_type=2 2 2 2 2 2 2 2 2 2 2 2 2 2 2 2 2 2 2 2 2 2 2 2 2 2 2 2 2 2
left_child=1 9 3 8 5 17 -7 28 23 -1 14 20 18 -9 22 16 19 24 -5 29 21 -10 -6 -2 -4 -25 -21 -11 -3 -15
right_child=2 7 4 12 10 6 -8 13 11 27 -12 -13 -14 15 -16 -17 -18 -19 -20 26 -22 -23 -24 25 -26 -27 -28 -29 -30 -31
leaf_value=-0.067081073240873215 -0.024368962588995999 -0.046370335225726526 0.018430784312768195 -0.01100514278963409 0.0064623022450368038 -0.024984987885193866 0.022456429044963845 -0.062423502216992735 0.018037190763886043 -0.024372467165247415 -0.068392884132617113 -0.015907353829870931 0.023475704267785988 -0.024487147169172864 0.029735253577800554 0.0045062485696930428 0.021635685231528923 0.038779601537895156 0.012980161476104349 -0.028279571344410157 0.016007913852734534 -0.0055940958956646374 0.021825722569354677 -0.012220155652368609 0.030553665021393828 0.030996783017185517 -0.0037191997055626837 -0.048268308137870558 -0.023318521916554296 -0.057996278742310704
leaf_weight=10535.144230499864 6944.8196103423834 2957.5295125693083 7065.7492531388998 2522.9661057293415 14264.704074591398 1715.5845613479614 4443.7035521715879 470.30005615949631 1784.471974670887 1271.3016710281372 220.47385948896408 3879.7539943009615 7461.3694003373384 1164.2016244977713 3645.8474535048008 4253.5311799049377 791.47340062260628 11687.152553923428 3648.8458955287933 1717.6616580784321 4608.3593467772007 5792.3255205601454 3779.9595554172993 3925.8618516772985 14442.97325014323 409.68465806543827 2438.6321267932653 5576.9192044138908 1749.3754646480083 824.42180320620537
leaf_count=47469 32606 12175 50272 13310 88029 8695 31316 1956 10860 5201 1000 19040 48073 5132 25632 19530 3760 92795 20622 7149 28285 32179 24436 19086 108102 2208 11262 23102 7138 3358
internal_value=0.000291603 -0.0388785 0.0132217 5.15908e-05 0.0220306 0.0274861 0.00924037 -0.0186452 -0.00704554 -0.0579269 0.0122309 0.000737598 0.0142864 -0.0109065 0.0130536 -0.00873589 -0.0168557 0.0308711 0.00317505 -0.0218162 0.00603822 -2.68574e-05 0.00968163 -0.018129 0.0265723 -0.00813019 -0.0138736 -0.0438365 -0.0378096 -0.0384012
internal_weight=135995 33750.5 102245 40978.5 61266.1 39355.2 6159.29 16367.1 27345.3 17383.4 21911 16064.9 13633.2 11660.2 21690.5 11189.9 6936.39 33195.9 6171.81 6144.92 12185.2 7576.8 18044.7 11280.4 21508.7 4335.55 4156.29 6848.22 4706.9 1988.62
internal_count=803778 147232 656546 226269 430277 291180 40011 71460 144264 75772 139097 90364 82005 52147 138097 50191 30661 251169 33932 26901 71324 43039 112465 53900 158374 21294 18411 28303 19313 8490
is_linear=0
shrinkage=0.05


Tree=19
num_leaves=31
num_cat=0
split_feature=19 20 19 19 18 20 18 24 20 4 4 24 24 20 24 12 24 11 24 4 20 20 19 3 20 24 12 18 24 11
split_gain=25121.9 5175.08 3673.56 1708.16 1387.91 1292.67 1100.64 920.76 658.621 653.192 647.654 472.671 489.718 400.708 387.176 365.805 364.222 361.589 343.282 310.253 392.584 306.191 280.71 275.447 253.457 253.151 269.1 245.809 231.693 227.131
threshold=0.22058823704719546 62.476669311523445 0.54411765933036815 0.073529412969946875 158.11765289306643 66.262786865234389 178.38541412353518 2.5000000000000004 53.358283996582038 136.11850598454478 64.929087564349189 1.5000000000000002 5.5000000000000009 77.815338134765639 2.5000000000000004 4.2554179566563475 4.5000000000000009 35.482507067406701 2.5000000000000004 20.320640832185749 44.688575744628913 29.864372253417972 0.39705882966518408 25.064189791679386 114.0735321044922 7.5000000000000009 3.45046439628483 182.44009399414065 3.5000000000000004 47.266789810287982
decision_type=2 2 2 2 2 2 2 8 2 2 2 8 10 2 8 2 10 2 10 2 2 2 2 2 2 8 2 2 10 2
left_child=1 3 6 -1 13 10 7 17 9 22 -4 29 28 16 -6 24 -3 -2 27 -5 -21 23 -9 -19 -15 -10 -27 -12 -13 -7
right_child=2 4 5 19 14 11 -8 8 25 -11 18 12 -14 15 -16 -17 -18 21 -20 20 -22 -23 -24 -25 -26 26 -28 -29 -30 -31
leaf_value=-0.062464196757749481 -0.0014058583046086014 -0.05253681973729251 0.034000338008662138 -0.0064146154283948242 -0.018817032898799577 -0.012672114918081496 0.020555614535491429 -0.0029026520859595081 0.023365767458181242 -0.017193730219802719 0.010677682330367354 0.011819898265928155 -0.012280657178652296 -0.032248915797585952 0.010280275792493321 -0.004095743000745878 -0.0091980655617532308 -0.0059536194840445417 0.031505859787972955 -0.043694489907254885 -0.019627204191964523 -0.0092522397134146821 0.011782129023563841 -0.041334938775118756 0.0086052156850138818 -0.0015464494419010887 0.016989754907073645 0.026728708095582501 0.029983317686372902 -0.074102070633134773
leaf_weight=12294.812579005957 4173.4124235212803 1986.89364592731 20529.298379324377 908.29508310556412 1446.4868453592062 647.54288218915462 8297.629899032414 6434.5330179035664 4428.8167227655649 4715.6939733028412 7626.4306290745735 6839.7444975823164 1762.1605439707637 3735.2445480972528 5438.8920041620731 2567.6641480773687 641.7880977243185 740.45643808692694 4978.1042922437191 6239.0692411661148 2329.4983130544424 2905.3825130015612 6582.8890731334686 2142.8056470900774 422.16391833126545 3640.2215168103576 4235.578384898603 3471.5636893287301 2362.4284623488784 195.25811615586281
leaf_count=55992 22062 8234 162284 3916 6270 3268 57117 34627 29011 23291 49031 45668 10617 15597 27221 11219 2627 4163 35794 26124 9897 14528 42452 10258 1886 22063 26416 24300 17386 901
internal_value=0.000204918 -0.0342344 0.0137411 -0.0501674 -0.0128714 0.0234743 0.00398448 0.000546501 0.00491526 -0.00125213 0.0281144 0.00908747 0.0118617 -0.0254116 0.00416564 -0.0189366 -0.0419633 -0.0126254 0.0205965 -0.0342093 -0.0371545 -0.0207127 0.00452375 -0.0322538 -0.0280993 0.0138029 0.00842315 0.0157006 0.0164857 -0.026975
internal_weight=134721 38010.8 96710 21771.7 16239.1 48412.5 48297.4 39999.8 30037.7 17733.1 36605.4 11807.1 10964.3 9353.75 6885.38 6725.07 2628.68 9962.06 16076.1 9476.86 8568.57 5788.64 13017.4 2883.26 4157.41 12304.6 7875.8 11098 9202.17 842.801
internal_count=804220 168983 635237 95929 73054 349249 285988 228871 177860 100370 271409 77840 73671 39563 33491 28702 10861 51011 109125 39937 36021 28949 77079 14421 17483 77490 48479 73331 63054 4169
is_linear=0
shrinkage=0.05


Tree=20
num_leaves=31
num_cat=0
split_feature=18 14 19 14 4 19 14 21 18 22 21 22 21 4 18 14 18 22 22 21 13 21 18 12 22 14 22 14 22 14
split_gain=22683.8 4628.61 4092.17 1371.55 1124.12 1067.1 913.989 1011.04 719.014 695.832 529.984 525.86 496.631 468.576 458.687 456.653 382.029 360.949 397.624 328.175 326.49 306.414 300.11 295.323 285.53 284.628 284.932 261.061 245.657 244.998
threshold=161.1470642089844 224.50000000000003 0.48529411852359777 229.50000000000003 90.843411613255753 0.073529412969946875 250.50000000000003 -0.79875919499999992 177.26871490478518 -0.17849789999999996 0.9413359750000001 0.38392488500000005 -0.13247221999999995 54.842139109969146 185.39170837402347 236.50000000000003 182.75555419921878 0.42497292500000006 0.45226171500000006 0.0095684877600000027 -32.708159159603682 -0.86452558999999984 156.92646789550784 3.1006191950464399 -1.0697576499999999 166.50000000000003 0.45747834000000004 210.50000000000003 -1.7176085499999998 207.50000000000003
decision_type=2 2 2 2 2 2 2 2 2 2 2 2 2 2 2 2 2 2 2 2 2 2 2 2 2 2 2 2 2 2
left_child=1 5 3 8 6 27 14 -8 11 15 16 13 23 -2 19 -3 -6 -9 -19 25 -13 -17 -11 -5 -15 -4 -27 -1 -23 -26
right_child=2 9 4 12 10 -7 7 17 -10 22 -12 20 -14 24 -16 21 -18 18 -20 -21 -22 28 -24 -25 29 26 -28 -29 -30 -31
leaf_value=-0.06288151079483717 -0.001421693819862481 -0.046528392531629457 0.03474239035999107 -0.010445304077472503 0.0035317678318231593 -0.034446931559966996 -0.025587902344786195 0.029859407372227 0.01341278427892925 -0.011021848184128115 0.028482967436874881 0.018523522827466058 0.021804133330056392 -0.035977396979042835 0.039806553586535891 -0.048119123366096583 0.021149236447202499 -0.16771590853606388 0.001617512092422294 0.032559598939106475 -0.0057267229039722096 0.052021650556276437 0.01035995301252025 0.011711561281537254 -0.021854546480061025 0.014087892693827592 0.034020616259523566 -0.045439895361744052 -0.014105324163812808 -0.0057807725147693461
leaf_weight=10502.021416410804 5049.8016832917929 1730.1007682085037 3009.392166428268 2567.2997820824385 13536.136909723282 6420.8032229095697 1678.6237520575523 2899.435060814023 3866.8400770425797 3725.2595041394234 3648.4463660418987 2140.8914333879948 7256.1309578865767 2166.6055340766907 7252.2129748240113 673.71716040372849 3981.7060586959124 34.856385678052902 1045.4082603529096 10087.569858893752 3942.2559989392757 144.31181629002094 2931.6852902472019 3627.8779535591602 6504.0905075520277 10198.920909449458 2175.3568136543036 2713.4050608873367 4223.2804796993732 3731.4110988229513
leaf_count=49295 27348 7218 23842 13495 85252 26569 8461 20970 25410 16040 26842 11825 47900 9901 60783 2772 27151 255 7450 79788 20541 632 14384 20772 30607 73365 16379 11689 18252 18477
internal_value=0.000210331 -0.0357086 0.0120395 -0.000147524 0.0204004 -0.0511783 0.025502 0.00694537 -0.0065663 -0.0130852 0.0111487 -0.00984932 0.0129278 -0.0142617 0.0287103 -0.0243691 0.0075371 0.0206708 -0.00399635 0.0255496 0.0028095 -0.0167567 -0.00160527 0.00252949 -0.0194892 0.020951 0.0175945 -0.0593041 -0.011909 -0.0159959
internal_weight=133466 33064.6 100401 40853.2 59548.1 19636.2 38381.8 5658.32 27401.9 13428.4 21166.3 23535.1 13451.3 17451.9 32723.5 6771.41 17517.8 3979.7 1080.26 25471.2 6083.15 5041.31 6656.94 6195.18 12402.1 15383.7 12374.3 13215.4 4367.59 10235.5
internal_count=803665 146851 656814 226276 430538 87553 291293 37136 144109 59298 139245 118699 82167 86333 254157 28874 112403 28675 7705 193374 32366 21656 30424 34267 58985 113586 89744 60984 18884 49084
is_linear=0
shrinkage=0.05


Tree=21
num_leaves=31
num_cat=0
split_feature=16 19 14 20 20 19 19 5 11 4 5 19 16 25 22 22 22 10 17 22 11 11 5 22 20 14 11 22 22 22
split_gain=21365.6 4702.64 2526.78 1297.32 1284.66 1167.13 872.66 677.404 770.819 646.366 593.491 509.954 460.101 459.518 391.649 349.03 336.818 315.202 286.443 282.816 261.634 243.344 228.273 234.477 227.744 260.358 217.772 212.558 211.222 195.33
threshold=0.42647059261798864 0.48529411852359777 213.50000000000003 -4.4447250366210929 54.864372253417976 0.33823530375957495 0.10294117778539659 9.5000000000000018 12.319892726561788 158.38477348536256 11.500000000000002 0.10294117778539659 0.16176471114158633 28.722260957956319 1.2982029000000002 0.066633861500000016 -0.020325674699999997 -15.709028655290602 195.26143646240237 -0.16078418999999997 6.357137902244788 9.5080668581966847 3.5000000000000004 -0.17849789999999996 59.627311706542976 268.50000000000006 80.377632546720136 -0.040968708699999988 0.47169341500000006 1.5679100000000001
decision_type=2 2 2 2 2 2 2 2 2 2 2 2 2 2 2 2 2 10 2 2 2 2 2 2 2 2 2 2 2 2
left_child=2 4 6 -3 5 11 -1 8 24 21 22 -2 -4 16 17 -14 -9 -10 -15 -11 -21 -6 -7 -24 -5 -26 -19 -23 -12 -13
right_child=1 3 12 7 9 10 -8 13 14 19 28 29 15 18 -16 -17 -18 26 -20 20 -22 27 23 -25 25 -27 -28 -29 -30 -31
leaf_value=-0.060423394284079106 -0.04640284939412611 0.036267066057203499 -0.036726444671160291 0.020588187415510998 -0.0085186368794168861 0.016226979888682703 -0.032376218555315993 0.0013534039349727496 0.025229034314128825 -0.010527095554122597 -0.024367112577712537 -0.01758792864484501 -0.023717708144904037 -0.08867436724916733 0.045214872947092949 -0.0021484189583963801 0.018215554498654179 0.012813163661612479 -0.013849716754234066 -0.053529355543509897 0.0093767839190895767 0.012685145048828171 -0.0064803512950124334 0.010293154076855002 -0.020680134021841896 0.030225846509604568 0.031263597339091558 0.027736552764132918 0.0039331551758680578 0.022979342549181093
leaf_weight=11176.030521258712 1643.8336762785912 9865.6079103201628 3864.7568116784096 633.39655189961195 880.89531897008419 3597.4783536195755 3694.054113432765 6871.7132840976119 17377.347946964204 4466.6345639228821 2713.6323178261518 9602.3405796438456 5065.7415563464165 178.40227408707142 1718.938699901104 2978.2274889200926 5203.6558427959681 12407.877663940191 447.29752737283707 170.60510905086994 4500.3961247354746 5663.9036173075438 4564.2842493653297 3831.6262268722057 1804.7977006882429 290.84990648180246 1835.806850284338 4006.8915853947401 870.49249231815338 305.36053889989853
leaf_count=53389 7205 82250 16239 4656 5263 22644 15280 42478 133412 22542 12899 44924 21053 866 13704 12945 35026 88140 2921 889 25011 33304 24898 23402 11067 1998 13808 25473 4522 1484
internal_value=0.000168712 0.0102967 -0.039714 0.0197315 -0.00151959 -0.00857537 -0.0534585 0.0163859 0.0198826 0.00820221 0.000355462 -0.0206178 -0.0225486 0.00645486 0.0219738 -0.0157331 0.00862074 0.020709 -0.0352915 -0.00153289 0.00706821 0.016632 0.00569079 0.00117486 -0.00566352 -0.013604 0.0151932 0.0189236 -0.0174945 -0.0163354
internal_weight=132233 105454 26778.8 58635.7 46818.4 27129 14870.1 48770.1 36069 19689.3 15577.5 11551.5 11908.7 12701.1 33340 8043.97 12075.4 31621 625.7 9137.64 4671 10551.7 11993.4 8395.91 2729.04 2095.65 14243.7 9670.8 3584.12 9907.7
internal_count=803692 684786 118906 430326 254460 141978 68669 348076 266785 112482 88365 53613 50237 81291 249064 33998 77504 235360 3787 48442 25900 64040 70944 48300 17721 13065 101948 58777 17421 46408
is_linear=0
shrinkage=0.05


Tree=22
num_leaves=31
num_cat=0
split_feature=18 20 18 5 21 18 20 20 21 22 21 20 22 3 5 20 22 11 5 21 12 21 20 21 5 24 11 18 2 20
split_gain=19202.2 3742.14 2888 1444.44 959.579 942.718 903.263 900.927 791.403 578.236 550.194 591.806 446.076 445.065 363.426 358.322 351.656 368.501 345.669 336.465 329.08 325.063 303.655 293.492 279.402 278.363 281.569 260.694 255.993 268.57
threshold=161.1470642089844 66.725708007812514 178.38541412353518 9.5000000000000018 0.042616635550000011 156.69117736816409 28.348884582519535 35.621322631835945 -0.11925592499999998 -0.026206394649999996 -1.6487905499999997 93.507575988769545 0.60472849000000017 111.12837830185892 21.500000000000004 -11.365150451660154 0.04601305725000001 45.808174089295072 3.5000000000000004 -0.11077783999999999 2.2801857585139325 -1.5734585999999997 50.476669311523445 -1.5327152499999999 4.5000000000000009 2.5000000000000004 55.569428578272884 157.70588684082034 5.1465546935796747 24.546920776367191
decision_type=2 2 2 2 2 2 2 2 2 2 2 2 2 2 2 2 2 2 2 2 2 2 2 2 2 8 2 2 2 2
left_child=1 5 3 4 15 -1 18 12 21 13 20 14 -5 -3 -12 -2 28 -18 -4 -15 -9 -8 24 -11 -7 26 -20 -25 -17 -30
right_child=2 9 6 7 -6 22 8 10 -10 23 11 -13 -14 19 -16 16 17 -19 25 -21 -22 -23 -24 27 -26 -27 -28 -29 29 -31
leaf_value=-0.060915237841778019 0.022963430827301526 -0.0072381417913760186 0.040108690703106853 -0.024953751925835804 0.020955870485072439 -0.024400470552622629 -0.027776022490409086 -0.083275510641151101 0.025605699752408635 -0.056627786384677928 0.0020159755657009086 0.028493117172500894 0.0057496937503106783 -0.045467308766032062 -0.028546158045432701 0.0079087181056830443 0.0048040627068181817 0.030313721002948487 0.022385074568978897 -0.018893078536051634 -0.0081352992907688 0.0073251026140148104 -0.022726253694570819 -0.0074299922470401755 -0.047178278760446786 0.030879057241654174 -0.014001574121278601 0.014965233300183038 -0.01385719068008321 0.0024675316024547027
leaf_weight=7859.2016498148441 2469.0627028644085 3075.7372610121965 7026.7779682129622 5942.4735979288816 15098.875190019608 1680.583086758852 720.10880949348211 293.32578611373901 9055.4753051102161 228.18274113535881 15082.454611890018 2060.9910685196519 1476.5268365070224 2287.5569256693125 1038.7768993526697 4951.7607463151217 4834.724875241518 2001.171007193625 1690.7017989382148 2489.1169645488262 289.05629606544971 7730.9412175118923 2458.2391509413719 3402.7703801244497 6840.8134140372276 6073.8576100096107 774.53655786067247 2100.8877913951874 5214.3821198046207 4873.4720175042748
leaf_count=38618 17630 13712 62208 28368 106695 7111 3900 1357 69473 975 86867 13379 7712 9553 4749 31290 31251 13336 12308 10381 1373 52571 10494 14722 30551 48179 5262 10621 29852 29236
internal_value=0.000114986 -0.0332683 0.0110817 0.00500999 0.0110536 -0.0476921 0.0231296 -0.0040943 0.0153366 -0.0132631 0.0017377 0.00327108 -0.0188432 -0.0220758 4.50459e-05 0.00491148 0.00287302 0.0122752 0.0318928 -0.0316264 -0.0460587 0.00433122 -0.0382223 -0.00118839 -0.0426894 0.0251281 0.010952 0.00112001 -0.00140105 -0.00597121
internal_weight=131123 32423.1 98699.5 65627.1 39443.4 18838.8 33072.4 26183.6 17506.5 13584.3 18764.6 18182.2 7419 7852.41 16121.2 24344.6 21875.5 6835.9 15565.9 4776.67 582.382 8451.05 10979.6 5731.84 8521.4 8539.1 2465.24 5503.66 15039.6 10087.9
internal_count=803734 146738 656996 403095 259290 86774 253901 143805 125944 59964 107725 104995 36080 33646 91616 152595 134965 44587 127957 19934 2730 56471 48156 26318 37662 65749 17570 25343 90378 59088
is_linear=0
shrinkage=0.05


Tree=23
num_leaves=31
num_cat=0
split_feature=18 14 19 14 18 14 17 4 4 4 11 24 11 24 18 24 24 17 14 14 4 19 11 4 18 9 11 10 4 4
split_gain=17218.5 3825.83 3385.59 983.647 964.219 1120.7 947.991 745.376 714.52 457.699 421.798 390.022 394.369 377.062 360.965 357.925 345 323.46 300.246 274.29 258.326 251.774 239.157 238.781 232.92 230.035 228.849 242.58 221.137 213.855
threshold=161.1470642089844 214.50000000000003 0.54411765933036815 212.50000000000003 178.38541412353518 225.50000000000003 159.91176605224612 111.5264671444893 517.13883790373814 49.010599318891771 12.319892726561788 2.5000000000000004 55.569428578272884 2.5000000000000004 185.39170837402347 2.5000000000000004 2.5000000000000004 199.7559509277344 269.50000000000006 227.50000000000003 127.62172758951785 0.33823530375957495 9.5080668581966847 443.1861704587937 157.70588684082034 59.500000000000007 88.744555543150895 -16.902282434701917 71.417908608913436 17.490164220333103
decision_type=2 2 2 2 2 2 2 2 2 2 2 8 2 8 2 10 8 2 2 2 2 2 2 2 2 2 2 10 2 2
left_child=1 6 4 9 5 7 -1 15 24 -4 -5 12 -11 -10 17 21 -7 25 20 -15 22 -2 -18 26 -3 -12 27 -9 -8 -23
right_child=2 8 3 10 -6 16 28 23 13 11 14 -13 -14 19 -16 -17 18 -19 -20 -21 -22 29 -24 -25 -26 -27 -28 -29 -30 -31
leaf_value=-0.059349747538908676 -0.015858364054748136 -0.014432224801374717 0.035849434424392777 -0.0074970261496129197 0.017942310099748126 -0.004028587647959856 -0.017753292741047325 -0.0034965309766404294 -0.045284325010276023 0.018470407198775608 0.013035192040509916 0.027342732056176627 -0.019210954946772326 -0.034004058958067102 0.027738255726689278 0.0099802384993064736 -0.014370967479122448 -0.0025438778257553252 0.038215995005406317 -0.012378358883935275 0.0031831976095110601 0.018229909311323199 0.021374215012040544 -0.051859894922734399 0.0034679376778236773 0.031955242649192195 -5.2851457379848066e-05 -0.023635717583211358 -0.039543397153352144 -0.0039535185355526487
leaf_weight=9282.5076270997524 3874.9662097096443 2957.5946972370148 10479.443537719548 2142.8418226987123 7962.3304882273078 3606.057784922421 1514.9451402425766 1931.7075385600328 1732.5234804004431 2197.5380598828197 12434.567232020199 7631.5917882248759 1013.9709701836109 2135.7925390899181 4880.7135364413261 5549.6928236633539 511.43200278282166 3013.7899010255933 1120.2275340557098 4679.4938708692789 5406.7017139494419 1299.9396689832211 5423.1830758303404 473.152409106493 4710.4549282044172 1844.7475370168686 1936.1559711620212 6622.5096876099706 5066.1710810661316 6587.9664614722133
leaf_count=47218 18591 12847 92596 13785 57502 18525 6257 9583 7352 15318 86988 58699 6506 9065 37923 33616 3255 21935 7605 19609 33289 8505 36979 2001 22329 14541 9504 31026 21927 39099
internal_value=0.00019332 -0.0315992 0.0106064 0.020558 0.0019229 -0.000953871 -0.0490563 -0.00694569 -0.0145193 0.0283969 0.0136835 0.0211917 0.00657098 -0.0244593 0.0157306 -0.000485332 0.00959043 0.0123402 0.0135314 -0.0191595 0.0110901 -0.00542339 0.0182919 -0.0171463 -0.0034372 0.0154815 -0.0155758 -0.0190888 -0.0345309 -0.000295806
internal_weight=130025 32079.5 97945.2 45639.2 52306 44343.7 15863.6 28276.1 16215.9 21322.5 24316.7 10843.1 3211.51 8547.81 22173.8 17312.6 16067.6 17293.1 12461.5 6815.29 11341.3 11762.9 5934.62 10963.5 7668.05 14279.3 10490.4 8554.22 6581.12 7887.91
internal_count=803975 146604 657371 348291 309080 251578 75402 151925 71202 173119 175172 80523 21824 36026 161387 99811 99653 123464 81128 28674 73523 66195 40234 52114 35176 101529 50113 40609 28184 47604
is_linear=0
shrinkage=0.05


Tree=24
num_leaves=31
num_cat=0
split_feature=15 19 14 20 21 20 21 25 14 19 21 19 4 22 23 12 23 3 22 4 23 12 14 21 21 4 14 22 12 22
split_gain=16318.3 3982.52 2453.05 1305.48 1270.58 1139.79 746.586 606.146 600.741 621.908 579.476 503.523 501.295 424.539 394.46 353.962 340.147 338.099 328.458 298.353 273.294 269.276 288.519 267.192 259.303 253.989 251.516 250.906 243.876 234.927
threshold=9.7743926048278826 0.42647059261798864 215.50000000000003 -8.318016052246092 -0.11925592499999998 53.358283996582038 -0.14242072499999997 39.013249492645272 249.50000000000003 0.57352942228317272 -0.79875919499999992 0.22058823704719546 89.018010266125216 -0.53966259999999988 2.0888086500000003 2.7631578947368425 1.6330332500000002 93.466603636741652 0.075349397950000022 154.63015320524576 2.4041249500000004 3.1006191950464399 222.50000000000003 -0.49529029499999994 -0.37096172499999996 95.450759366154685 266.50000000000006 -1.21867025 2.1269349845201244 -1.3015830499999999
decision_type=2 2 2 2 2 2 2 2 2 2 2 2 2 2 2 2 2 2 2 2 2 2 2 2 2 2 2 2 2 2
left_child=1 5 7 -3 8 11 14 -2 9 -5 13 -1 -6 29 17 -11 -14 -7 23 -8 25 -20 -23 -4 -12 -13 28 -27 -26 -10
right_child=2 3 18 4 12 6 19 -9 10 15 24 20 16 -15 -16 -17 -18 -19 21 -21 -22 22 -24 -25 26 27 -28 -29 -30 -31
leaf_value=-0.025244102742577886 -0.037438208071609892 0.034297707438891101 -0.039104109984055967 0.0010867888883988959 0.027390412268205579 0.0034980006882363657 0.025438371422433249 -0.059100200787497476 -0.012013320315483404 0.0043653624992728134 0.017619686850832327 -0.0026692894909914403 0.010303951340860817 -0.010726478992408675 -0.046632498464488657 0.022623627781763776 0.031333994049683518 -0.021278135070951505 -0.025808314119020154 0.0071747825395017178 0.030501397443126289 -0.027101138079966527 0.0099416086658146562 -0.018111472888463383 -0.075773772123111247 -0.047337941317268074 0.018457899860871495 -0.012808107181417389 -0.010553046464052944 -0.067331878871306788
leaf_weight=5340.169071495533 5273.327331289649 8608.1317110657692 2403.5834464505315 10967.237290538847 14811.929844073951 5455.5766572952271 3998.402404487133 8364.8729744702578 270.08616057038307 3748.4636388272047 2057.2942988350987 8214.7553863525391 10929.049332104623 2031.6324851512909 549.90246032178402 9098.9355764389038 2332.8637070506811 1840.7098251730204 1415.7589889988303 5074.5306052267551 459.36775348335505 695.01347266882658 2146.7598291561007 4110.7545991390944 213.46114569157362 573.1505441814661 394.23435045778751 6313.7742030099034 433.36033100634813 666.47142665088177
leaf_count=22644 23696 75584 10267 69288 121873 29020 26502 43899 1285 25811 13537 45973 76266 10914 2540 69791 17453 8665 5991 27708 2414 2955 9362 17317 1291 2555 2594 30339 2820 3190
internal_value=0.000161243 0.00876785 -0.0366416 0.0161295 0.0134304 -0.00418858 0.00545877 -0.0507278 0.00625413 0.00983226 -0.00779136 -0.0119978 0.0210681 -0.023576 -0.00583534 0.0172972 0.0140054 -0.00275459 -0.0188041 0.0152254 -0.00745068 -0.00800152 0.000875705 -0.0258619 0.00733294 -0.00860706 -0.0129927 -0.0156882 -0.0321606 -0.0514088
internal_weight=128794 104383 24410.1 66563.2 57955 37820.3 16919.1 13638.2 29881.2 23814.6 6066.54 20901.2 28073.8 2968.19 7846.19 12847.4 13261.9 7296.29 10771.9 9072.93 15561 4257.53 2841.77 6514.34 3098.35 15101.7 1041.06 6886.92 646.821 936.558
internal_count=803544 690057 113487 491697 416113 198360 94435 67595 200521 164890 35631 103925 215592 15389 40225 95602 93719 37685 45892 54210 81281 18308 12317 27584 20242 78867 6705 32894 4111 4475
is_linear=0
shrinkage=0.05


Tree=25
num_leaves=31
num_cat=0
split_feature=15 18 14 18 14 4 17 4 25 14 0 15 12 14 11 14 12 6 25 17 11 18 12 11 4 12 14 11 4 4
split_gain=15053.1 3156.08 2288.97 1004.31 918.538 931.315 683.953 662.548 541.044 463.478 373.106 322.699 366.379 281.685 265.043 243.155 251.511 228.351 195.493 306.909 187.466 186.077 182.038 188.004 196.684 171.548 171.547 157.338 150.051 149.183
threshold=10.156138420104982 171.83396911621097 215.50000000000003 185.39170837402347 201.50000000000003 152.80135241150859 179.34230804443362 51.474384054541595 39.013249492645272 246.50000000000003 1.1096200346946719 26.860466003417972 4.2554179566563475 170.50000000000003 9.5080668581966847 269.50000000000006 4.2554179566563475 2.5000000000000004 28.722260957956319 179.51923370361331 9.5080668581966847 159.029411315918 9.1253869969040267 81.848965866762242 81.932634789496674 10.332817337461302 233.50000000000003 35.008993896410665 13.882972016930582 62.890511393547065
decision_type=2 2 2 2 2 2 2 2 2 2 2 2 2 2 2 2 2 2 2 2 2 2 2 2 2 2 2 2 2 2
left_child=1 4 8 7 6 25 10 9 -2 28 -1 12 21 -5 -11 16 -7 18 -9 -20 -15 -4 23 24 -12 29 -14 -8 -3 -6
right_child=2 3 11 13 5 15 27 17 -10 14 22 -13 26 20 -16 -17 -18 -19 19 -21 -22 -23 -24 -25 -26 -27 -28 -29 -30 -31
leaf_value=-0.0076502986106250148 -0.037044974094555504 0.032904387408043988 -0.02681778685302106 0.049389337297326322 0.022373016719292284 -0.012720836630448788 0.014206132762823079 0.0061761979423521872 -0.058082359175415689 -0.024603552496110948 -0.020185677736079183 -0.034490056077729175 -0.017104389306506471 -0.0052792224248787954 0.011388240341642632 0.017447171225739813 0.0028191891839050259 0.01359660722068368 -0.069538245844434229 -0.0031861838611903174 0.027701402731874738 -0.0021030983759486414 0.020653130662025239 -0.0056856960782798449 -0.03913554742003289 -0.011727398558084225 0.0085432717491661578 -0.0023053304165082714 0.021206900901702297 0.010935487217192275
leaf_weight=6119.4449072480202 4925.3264932483435 3752.2453121468425 3948.6811022162437 1510.0385508239269 4021.9848489388824 7793.3565773367882 2242.9433006048203 16675.605321958661 8089.5923936367035 722.50858101993799 2699.1971889063716 2430.3936810493469 964.79992505162954 451.02060813456774 1744.6143902316689 1061.9612284898758 3909.325101993978 12305.936906285584 208.64058662205935 1033.7915248647332 9504.3065519034863 943.74529536813498 212.87229204177856 946.85269965231419 2787.285743445158 664.66238383203745 2005.4077474921942 4040.4535101279616 10229.315714031458 9803.5348383486271
leaf_count=29848 22444 32749 16297 14995 26894 39619 14552 111740 43733 4156 13134 10491 4082 2969 12484 5699 19963 87702 1067 6924 79439 4174 966 4329 12112 3863 8710 24191 85395 59128
internal_value=0.000140524 0.00824866 -0.0361905 0.0160054 -0.00149066 0.00439671 -0.00991393 0.0127478 -0.0501245 0.0208229 -0.0165605 -0.0185686 -0.0136434 0.0292641 0.000842176 -0.00545066 -0.00752983 0.00835255 0.00475042 -0.0143756 0.0262069 -0.0220517 -0.024762 -0.0262678 -0.0298181 0.0130712 0.000209298 0.00358998 0.0243483 0.0142642
internal_weight=127750 104442 23307.9 58138 46303.9 27254.8 19049 46672.7 13014.9 16448.7 12765.7 10293 7862.63 11465.4 2467.12 12764.6 11702.7 30224 17918 1242.43 9955.33 4892.43 6646.21 6433.34 5486.48 14490.2 2970.21 6283.4 13981.6 13825.5
internal_count=803849 693918 109931 439620 254298 155166 99132 342217 66177 134784 60389 43754 33263 97403 16640 65281 59582 207433 119731 7991 82408 20471 30541 29575 25246 89885 12792 38743 118144 86022
is_linear=0
shrinkage=0.05


Tree=26
num_leaves=31
num_cat=0
split_feature=15 19 15 5 21 21 21 5 3 23 5 19 12 21 21 12 12 11 25 23 11 5 16 25 25 3 12 13 12 11
split_gain=13843.9 3460.08 1533.09 1214.56 985.259 774.506 532.762 463.428 386.733 305.474 302.225 296.58 243.638 263.685 234.14 340.086 229.648 224.577 202.223 189.185 258.311 209.112 176.055 175.52 168.713 163.225 151.128 149.184 145.794 159.56
threshold=9.7743926048278826 0.42647059261798864 26.860466003417972 8.5000000000000018 -0.11925592499999998 -0.071224827349999978 1.1001508500000001 1.5000000000000002 92.097649741917863 1.6251929000000003 14.500000000000002 0.63235294818878185 4.2554179566563475 -0.23682564999999997 -1.6487905499999997 2.2801857585139325 1.8374613003095976 111.65133048040369 26.993091326951983 1.6251929000000003 12.778281696572909 3.5000000000000004 0.54411765933036815 37.553422331810005 27.073019415140156 18.857255220413212 5.9272445820433441 17.921023678956882 8.4334365325077432 21.205184842975978
decision_type=2 2 2 2 2 2 2 2 2 2 2 2 2 2 2 2 2 2 2 2 2 2 2 2 2 2 2 2 2 2
left_child=1 5 12 4 7 8 10 28 18 16 14 -9 13 -2 15 -5 -7 -10 25 21 -21 -6 -18 27 -12 -1 -27 -14 -3 -30
right_child=2 3 -4 6 19 9 -8 11 17 -11 24 -13 23 -15 -16 -17 22 -19 -20 20 -22 -23 -24 -25 -26 26 -28 -29 29 -31
leaf_value=0.0069377481333491552 -0.040280388286652924 0.033483242293797712 -0.050721901505285799 -0.060221400971163845 0.03371312543386 -0.010463184782487325 0.026442505965946307 0.0058383682433688147 -0.025460175519145856 0.01883459536052642 -0.0080137463034338479 0.018459016221875485 -0.013805414565679861 -0.022829287463994354 0.0062257642733827877 0.0069113439098427007 -0.0052484321912675182 0.044877303573555717 -0.014313274926429118 -0.014127377348605724 0.04383162253459319 0.021963710872892644 0.0085504208928808348 -0.007125321960303928 -0.042976054356988237 -0.010534430930720583 0.0072543918841254263 -0.035846865918659487 -0.0090666974072312143 0.037933023395103349
leaf_weight=3087.6187531575561 3513.8207376226783 3189.4492617249489 8838.7482512742281 331.0363936573267 5791.49228040874 3387.9888903871179 2562.9108854308724 13750.671615876257 4295.7624640166759 2849.1915312260389 2357.5391026735306 7037.5278936326504 1572.6400912255049 5653.25098118186 14703.383699506521 436.44111748039722 3298.3755226880312 115.68077345192432 5862.3262226656079 206.28176660835743 2740.1649849712849 10977.426822438836 7720.7398844286799 2708.278063043952 403.38016094267368 5689.335652731359 1510.2342953383923 1502.6569380909204 466.62501063197851 293.28530149906874
leaf_count=16898 15963 28231 46624 1600 53315 18281 19401 98554 19392 16344 13174 55387 7046 24968 95715 2467 15492 520 29590 1620 24065 90946 46282 11981 2055 28156 7595 6902 3191 2605
internal_value=0.000165673 0.00810139 -0.0342138 0.0150759 0.0197416 -0.00393214 0.00510156 0.0130954 -0.0104872 0.00387837 0.0021003 0.0101116 -0.0244516 -0.0295221 0.00481995 -0.0220857 0.00091948 -0.023606 -0.00690236 0.0280798 0.0397705 0.0260234 0.00441988 -0.016411 -0.0131356 -0.00267815 -0.00680243 -0.0245835 0.0287948 0.00909873
internal_weight=126854 103065 23789.4 65247.6 44452.9 37817.3 20794.7 24737.6 20561 17256.3 18231.8 20788.2 14950.6 9167.07 15470.9 767.478 14407.1 4411.44 16149.5 19715.4 2946.45 16768.9 11019.1 5783.58 2760.92 10287.2 7199.57 3075.3 3949.36 759.91
internal_count=804360 690876 113484 492326 357914 198550 134412 187968 102151 96399 115011 153941 66860 40931 99782 4067 80055 19912 82239 169946 25685 144261 61774 25929 15229 52649 35751 13948 34027 5796
is_linear=0
shrinkage=0.05


Tree=27
num_leaves=31
num_cat=0
split_feature=18 14 19 20 19 5 24 18 20 5 18 20 24 14 20 12 24 24 24 14 24 5 14 11 24 14 24 12 12 19
split_gain=12289.4 3198.04 2638.61 992.229 875.432 808.16 705.924 570.629 530.654 468.646 410.721 454.947 373.152 341.083 339.406 285.357 283.636 349.087 282.744 262.362 244.199 224.37 220.582 295.822 218.544 216.98 211.535 207.198 204.921 203.688
threshold=161.1470642089844 213.50000000000003 0.57352942228317272 69.119430541992202 0.044117647223174579 12.500000000000002 2.5000000000000004 158.11765289306643 54.358283996582038 3.5000000000000004 177.26871490478518 49.985290527343757 2.5000000000000004 233.50000000000003 -13.940284729003904 4.2925696594427256 5.5000000000000009 2.5000000000000004 2.5000000000000004 261.50000000000006 7.5000000000000009 21.500000000000004 198.50000000000003 38.133061216700106 1.5000000000000002 270.50000000000006 1.5000000000000002 5.1625386996904039 5.5433436532507754 0.33823530375957495
decision_type=2 2 2 2 2 2 8 2 2 2 2 2 8 2 2 2 10 8 10 2 8 2 2 2 8 2 8 2 2 2
left_child=1 4 5 9 -1 6 14 13 21 -4 11 29 -11 18 -2 25 17 -5 -3 28 -13 -7 23 -16 -21 -15 -9 -28 -10 -8
right_child=2 7 3 16 -6 8 10 26 19 12 -12 20 -14 15 22 -17 -18 -19 -20 24 -22 -23 -24 -25 -26 -27 27 -29 -30 -31
leaf_value=-0.054562384764840891 0.026694122751447932 -0.042331510017243501 0.033926602284797124 -0.014311581287733272 -0.029641137015901039 -0.014042998395793036 -0.0075667717345789809 -0.029354763586877282 -0.0065022482522543411 0.0083652601968150862 0.018836727272057825 0.026500129022502074 0.024194611874534186 -0.024653530988258794 -0.0012915565717387869 -3.5969891106569191e-05 -0.01662110926041566 0.014088940440773485 -0.0097325191695784505 -0.040309424870292869 0.0092311369689808687 -0.04202915702806672 0.00050340983606177593 -0.024148682813548601 0.02899836669013893 0.01624259452885804 -0.0034632075237547599 0.017418171998333478 0.020227834919601399 0.0049434923182625316
leaf_weight=8502.7470464259386 807.67663455754519 2289.9796960055828 8752.5636441931129 1336.3828366324306 6025.6930388212204 6519.1234567016363 4836.8331539034843 573.04412227869034 4798.932679452002 5096.8003670200706 8946.2090817093849 3077.3627845942974 13826.630670271814 3819.5729843527079 2610.7409865111113 2581.6029435694218 1316.2337883114815 5667.3296832218766 938.30913482606411 124.96757529675961 6116.8666464015841 804.01748044788837 5270.1648142933846 3091.4224589318037 1181.9070699289441 353.74364131689072 4193.4149287194014 1656.420204564929 841.93913105875254 9935.2083843946457
leaf_count=47862 6382 10291 84452 7267 26589 30755 23721 2412 26850 36219 71595 22643 113107 15877 14340 11205 8022 42867 4005 556 41067 3391 29976 16695 7816 1580 19325 7977 4721 64816
internal_value=0.000223905 -0.027146 0.00914027 0.0198074 -0.044229 0.00262801 0.00593577 -0.0120163 -0.00773066 0.0243588 0.00969514 0.00628209 0.0199318 -0.0194952 -0.00456758 -0.0131028 0.00466615 0.00866855 -0.0328625 0.00216804 0.0150134 -0.017121 -0.00687099 -0.0136856 0.0223452 -0.021184 -0.000390392 0.00245146 -0.00250972 0.000847002
internal_weight=125894 30934.5 94959.3 35995.9 14528.4 58963.4 44692.5 16406.1 14270.9 27676 32912.5 23966.3 18923.4 9983.21 11780 6754.92 8319.95 7003.71 3228.29 6947.75 9194.23 7323.14 10972.3 5702.16 1306.87 4173.32 6422.88 5849.84 5640.87 14772
internal_count=804381 147123 657258 291934 74451 365324 291235 72672 74089 233778 223842 152247 149326 42958 67393 28662 58156 50134 14296 39943 63710 34146 61011 31035 8372 17457 29714 27302 31571 88537
is_linear=0
shrinkage=0.05


Tree=28
num_leaves=31
num_cat=0
split_feature=15 17 14 14 14 5 5 5 24 15 24 17 17 14 13 9 24 14 24 14 24 24 22 25 14 14 24 4 22 24
split_gain=11479.7 2337.75 2056.49 1099.58 979.23 1013.66 650.823 556.751 554.443 458.089 434.717 429.342 388.047 349.803 393.596 322.398 288.811 276.035 273.117 271.952 265.249 333.513 262.491 253.805 435.362 276.31 405.03 236.329 223.897 223.695
threshold=10.599842071533205 187.091667175293 206.50000000000003 212.50000000000003 201.50000000000003 12.500000000000002 14.500000000000002 3.5000000000000004 5.5000000000000009 29.882416725158695 2.5000000000000004 172.66364288330081 159.91176605224612 166.50000000000003 -68.591120305375952 60.500000000000007 2.5000000000000004 174.50000000000003 1.5000000000000002 250.50000000000003 7.5000000000000009 3.5000000000000004 -1.21867025 24.868115207552915 260.50000000000006 254.50000000000003 1.5000000000000002 152.80135241150859 -0.020325674699999997 7.5000000000000009
decision_type=2 2 2 2 2 2 2 2 10 2 8 2 2 2 2 2 10 2 8 2 10 10 2 2 2 2 8 2 2 10
left_child=1 4 12 7 6 16 8 -3 11 -4 -9 -1 -2 -13 -15 18 23 -10 19 -5 21 -20 -16 25 -25 -6 -27 -7 -29 -30
right_child=2 3 9 15 5 27 -8 10 17 -11 -12 13 -14 14 22 -17 -18 -19 20 -21 -22 -23 -24 24 -26 26 -28 28 29 -31
leaf_value=-0.021216988382001853 -0.056790601941457158 0.03414490359648472 -0.013306336795160632 0.0013581285603038516 0.021376884807185997 0.0087944125765404644 -0.034114323116250615 0.0031111825817625497 0.00045888465337423471 -0.036579638013241544 0.023469830677438769 0.0091240359509551939 -0.035799293879192493 0.026015364397914454 -0.035131208519069895 0.021530876463998525 0.023138857274972877 0.028671277732220165 0.0051710533863502176 -0.038893334555568086 -0.013890863352859304 0.020636192431709353 -0.0085689742844356955 -0.0069451018056760714 0.028835996658994917 -0.056277004173440649 0.0085529157146559866 -0.01273834456034497 0.0044809968393466305 -0.025556794907586878
leaf_weight=4730.4608021304011 6530.7367292195559 8298.5780120864511 9028.124360665679 1246.6447843462229 5442.0575807094574 3140.4480982348323 2067.626722946763 3719.2329257875681 1876.0951715260744 2760.9450894594193 8890.5237372219563 3807.1716681569815 3332.8249707221985 746.98992327600718 1056.6664846837521 3976.8417821228504 5787.3771938979626 1611.0027298927307 12657.361936405301 631.50814723968506 1309.7582166567445 4810.8550252690911 7723.5262985080481 3892.407835111022 1086.6059300675988 275.85066676139832 1855.4319149851799 6717.3280734121799 4979.5433364883065 706.9118527173996
leaf_count=21133 38614 82797 38581 8545 35198 17265 8735 26850 10939 13650 74796 24552 15595 4789 5481 33539 40549 9565 93002 2916 8271 39511 43172 23490 6525 1294 12666 31759 26012 3424
internal_value=0.000237627 0.00719192 -0.0328566 0.0156543 0.000489762 0.00593728 -0.00732502 0.0240871 -0.00475347 -0.0187595 0.0174658 -0.00827699 -0.0497021 -0.00368518 -0.00880432 0.00849593 0.0138987 0.0134972 0.00598544 -0.0121895 0.00780383 0.00943119 -0.0117693 0.00963689 0.000867887 0.0154011 0.000139559 -0.00345619 -0.00655832 0.000743011
internal_weight=124697 103045 21652.6 45541.3 57503.5 33884 23619.5 20908.3 21551.9 11789.1 12609.8 18064.8 9863.56 13334.4 9527.18 24633 18339.7 3487.1 20656.1 1878.15 18778 17468.2 8780.19 12552.4 4979.01 7573.34 2131.28 15544.2 12403.8 5686.46
internal_count=803215 696775 106440 370227 326548 198182 128366 184443 119631 52231 101646 99127 54209 77994 53442 185784 119722 20504 152245 11461 140784 132513 48653 79173 30015 49158 13960 78460 61195 29436
is_linear=0
shrinkage=0.05


Tree=29
num_leaves=31
num_cat=0
split_feature=16 18 14 21 17 14 21 2 23 14 16 5 11 11 18 5 22 21 14 11 14 21 22 11 14 12 13 22 11 11
split_gain=10506.9 2205.2 1934.05 1087.59 786.789 735.691 769.546 724.775 500.044 466.883 533.218 401.286 340.191 385.798 312.346 297.882 269.104 261.485 228.091 221.095 216.405 403.123 214.224 251.612 209.209 343.937 198.93 209.206 195.62 191.554
threshold=0.42647059261798864 178.38541412353518 213.50000000000003 -0.071224827349999978 161.37132263183597 211.50000000000003 -0.11925592499999998 10.832882210612299 1.6251929000000003 209.50000000000003 0.72058823704719555 7.5000000000000009 98.898445862815393 34.722900977490859 156.92646789550784 4.5000000000000009 0.20379827500000003 -1.5734585999999997 269.50000000000006 13.341808016478279 200.50000000000003 -1.8709155499999999 -0.30655443499999996 35.482507067406701 234.50000000000003 5.4690402476780191 -19.627846907016934 -1.3015830499999999 6.357137902244788 21.823152354246602
decision_type=2 2 2 2 2 2 2 2 2 2 2 2 2 2 2 2 2 2 2 2 2 2 2 2 2 2 2 2 2 2
left_child=2 3 4 7 -1 15 17 -2 9 10 -5 -11 13 -9 24 -3 20 -7 28 -10 -15 -22 23 -17 -4 -26 -23 -28 -13 -27
right_child=1 5 14 8 -6 6 -8 12 19 11 -12 18 -14 16 -16 22 -18 -19 -20 -21 21 26 -24 -25 25 29 27 -29 -30 -31
leaf_value=-0.051885034472992753 0.0050391888933976449 0.034104665998868293 -0.031607605438186297 -0.0098373801507636235 -0.025862266005112097 -0.027566018900593927 0.022275569002277635 -8.0688401350291838e-05 -0.018560536030352001 0.025804587526018764 0.013138838464553704 -0.06758309373836148 0.030483006800206654 -0.024937572033566068 -0.0045941524392227855 0.034769500782133936 -0.0010847105231332967 0.0036030101814141149 0.030294082859994999 0.026498098247184992 -0.066956988512012136 0.0013327004502816223 0.029269490406993455 0.0022344215499495845 -0.022841084603482539 -0.0047614347871603275 0.010834429478726607 -0.022648565159987578 0.0058828534460249873 0.039441689798506943
leaf_weight=8223.7152441293001 15827.455850705504 7447.3814135044813 2865.6240684688091 6788.6004153937101 4495.9220793247223 738.47082716971636 8473.3518791422248 6850.3258399069309 288.20447433739901 4037.255576685071 4019.4042894244194 90.42724633961916 533.09521418809891 5604.712932407856 4729.7934531718493 788.26044125854969 3024.9985346347094 7471.808412194252 994.6235953271389 4725.2454266101122 310.05924178659916 2750.512195430696 2773.6516932547092 2405.7003048360348 2971.5371347516775 744.46121037006378 562.61055475473404 2715.6120358556509 10214.896385982633 364.24605298042297
leaf_count=48970 100268 76160 12917 38293 19566 3982 71673 39408 1978 32938 31379 555 2937 29072 20405 6216 17371 53722 6478 32954 1323 15151 23657 18371 12175 3154 2946 14215 64183 1530
internal_value=0.000201628 0.00741559 -0.029202 0.00250971 -0.0426897 0.0187168 0.0117061 -0.00314733 0.00944128 0.00666706 -0.0012923 0.0122757 -0.00894419 -0.00990886 -0.0145059 0.0274342 -0.0144064 0.000796507 0.00744019 0.0239047 -0.0177801 -0.0114486 0.0191053 0.0102724 -0.0212537 -0.013976 -0.00858313 -0.0169006 0.00523171 0.00978317
internal_weight=123832 99436.7 24395.3 69338 12719.6 30098.6 16683.6 38179.4 31158.7 26145.2 10808 15337.2 22351.9 21818.8 11675.7 13415 14968.5 8210.28 11299.9 5013.45 11943.5 6338.79 5967.61 3193.96 6945.87 4080.24 6028.73 3278.22 10305.3 1108.71
internal_count=803947 685230 118717 431449 68536 253781 129377 222691 208758 173826 69672 104154 122423 119486 50181 124404 80078 57704 71216 34932 62707 33635 48244 24587 29776 16859 32312 17161 64738 4684
is_linear=0
shrinkage=0.05


Tree=30
num_leaves=31
num_cat=0
split_feature=17 20 19 20 21 20 21 17 5 2 5 21 21 11 17 11 3 5 21 20 19 21 21 20 17 5 5 20 23 17
split_gain=9671.36 2638.32 2454.99 824.06 819.546 645.685 619.913 597.011 551.982 496.255 484.673 453.483 438.452 405.72 330.939 314.995 316.024 283.722 271.982 334.99 261.212 242.002 215.864 205.779 202.358 198.829 189.964 181.037 236.524 207.041
threshold=163.60294342041018 57.22401428222657 0.54411765933036815 67.169540405273452 -0.11925592499999998 48.609481811523445 -0.76345792499999987 159.91176605224612 3.5000000000000004 11.437620595097544 9.5000000000000018 0.0095684877600000027 -0.14242072499999997 41.550116399274252 157.66176605224612 100.96431947589475 100.99953508377077 9.5000000000000018 -1.5734585999999997 74.476669311523452 0.39705882966518408 0.9413359750000001 1.3326296000000002 -10.775985717773436 199.7559509277344 21.500000000000004 17.500000000000004 59.627311706542976 2.0888086500000003 185.78959655761722
decision_type=2 2 2 2 2 2 2 2 2 2 2 2 2 2 2 2 2 2 2 2 2 2 2 2 2 2 2 2 2 2
left_child=1 7 4 8 9 10 -5 -1 -4 23 20 -10 13 18 -14 16 27 -7 -3 -20 -6 24 -19 -2 -8 -12 -13 29 -29 -11
right_child=2 12 3 6 5 17 21 -9 11 15 25 26 14 -15 -16 -17 -18 22 19 -21 -22 -23 -24 -25 -26 -27 -28 28 -30 -31
leaf_value=-0.052101015864429528 0.023142757641508346 -0.056670941575650828 0.030822489808456768 -0.01721514452631458 -0.0018835341259349964 0.02648453249847273 0.011336136550745144 -0.029509554067107691 0.010532986625184142 -0.015891419293819081 -0.0089592550206804619 0.026046917514084795 -0.013006278933738803 -0.037675779849299915 0.007189425863605341 0.036025344937796314 -0.024335406820427979 0.0060895834808909989 -0.030768293415717924 0.0015998564493331321 0.015769826307429166 0.026429658256688388 0.029821172179615676 0.00061552653411216934 -0.010343705063626783 -0.045601015208125144 -0.040725059677107656 0.0045883975254316436 -0.045013372404299694 0.0015974642415277137
leaf_weight=7517.1468874514103 1122.7644705623388 313.38751156628132 9478.7778284773231 2488.7196402177215 3948.7086224108934 4142.0038678273559 4692.1299274265766 4794.8734884262085 13200.456184118986 7034.1713663041592 5067.0898321792483 8620.2670748606324 4728.5750717371702 2464.6482278555632 3550.9603666961193 353.80684343725443 3770.3877857029438 5856.5216528400779 1148.5538372248411 2623.5814903080463 4463.2982785701752 1994.6800871789455 1144.8900558948517 10354.285857394338 1395.7936377674341 398.51909205317497 106.99683676660061 3566.4918207749724 256.69853109121323 2228.0526289045811
leaf_count=46378 8309 1318 96853 13168 21424 32598 34682 22381 99279 33853 25302 76380 20263 10785 16482 1821 17557 37046 5139 11602 35214 17053 7938 61131 10418 1677 576 19923 1189 15224
internal_value=0.000144683 -0.0261981 0.00761715 0.016676 0.0005366 0.00714987 0.00460052 -0.043306 0.0207403 -0.00523166 -4.77705e-05 0.0163808 -0.0119927 -0.0216576 -0.00434484 -0.0106019 -0.0115827 0.0161127 -0.0119876 -0.00826126 0.00748386 0.0113191 0.00997394 0.00282112 0.00636466 -0.0116388 0.0252237 -0.00790658 0.00124711 -0.0116847
internal_weight=122827 27141.7 95685.5 41977.8 53707.7 25021 10571.3 12312 31406.5 28686.7 13877.6 21927.7 14829.7 6550.17 8279.54 17209.6 16855.8 11143.4 4085.52 3772.14 8412.01 8082.6 7001.41 11477.1 6087.92 5465.61 8727.26 13085.4 3823.19 9262.22
internal_count=802963 134348 668615 348409 320206 161199 75321 68759 273088 159007 83617 176235 65589 28844 36745 89567 87746 77582 18059 16741 56638 62153 44984 69440 45100 26979 76956 70189 21112 49077
is_linear=0
shrinkage=0.05


Tree=31
num_leaves=31
num_cat=0
split_feature=17 14 19 14 14 17 17 22 24 11 4 24 22 11 14 23 11 22 9 22 17 11 11 24 24 23 22 4 14 25
split_gain=8647.76 2694.27 2241.74 842.837 705.897 628.747 578.205 460.309 442.809 439.956 439.809 421.938 354.036 337.134 275.529 303.377 275.613 271.998 265.481 264.26 253.894 228.036 232.789 227.671 430.819 381.669 238.247 225.31 239.603 264.264
threshold=163.60294342041018 215.50000000000003 0.54411765933036815 213.50000000000003 228.50000000000003 188.15000152587893 159.91176605224612 0.04601305725000001 2.5000000000000004 38.133061216700106 20.972219301387671 2.5000000000000004 -1.1913062499999998 14.532123391300257 269.50000000000006 1.9593707000000002 9.5080668581966847 -1.7176085499999998 67.500000000000014 1.5679100000000001 157.66176605224612 40.166163226999004 77.785250096994204 7.5000000000000009 3.5000000000000004 2.1096805500000007 -1.6132802499999999 339.9721810072661 206.50000000000003 25.290988522768025
decision_type=2 2 2 2 2 2 2 2 8 2 2 8 2 2 2 2 2 2 2 2 2 2 2 10 10 2 2 2 2 2
left_child=1 6 4 8 5 7 -1 10 9 -4 -2 -3 17 -5 16 -16 -6 -11 23 -9 -13 -18 -23 24 25 26 -15 28 -12 -30
right_child=2 11 3 13 14 -7 -8 19 -10 12 27 20 -14 18 15 -17 21 -19 -20 -21 -22 22 -24 -25 -26 -27 -28 -29 29 -31
leaf_value=-0.050722520527480497 0.008829466864779539 -0.02822543851155801 0.027112383072609582 -0.0076980109848089791 -0.016965196810501449 0.010987047220711942 -0.028344155231764385 -0.00079597482718905864 0.028470964113160392 0.017843038882137084 -0.016586918581255713 -0.012902459205612152 0.010518245974423223 0.044791093933944433 0.037644084738193306 -0.02111988966455489 0.01440420769441628 -0.04220546882051926 0.027784577345288299 0.027535762483654271 0.0018081641171269415 -0.0013346434526198489 0.023821381021793136 -0.013465736939056384 0.025292961380591977 -0.041267406513517013 0.0065983691613816613 -0.040437328071238884 0.0079250421991659218 -0.018812035236738214
leaf_weight=7597.2699407935143 2348.0356573015451 2705.7999283373356 2533.2329938560724 2575.3466117978096 1156.4451930373907 6097.6045803725719 4662.956321939826 9944.6551429852843 13616.946307942271 256.70138446241617 11641.353589177132 6582.5185369700193 2074.2774961814284 422.19667894393206 1359.3642629161477 261.24893669039011 7702.5808774009347 704.75531724095345 2228.7921462506056 896.30716709792614 5289.4995904266834 6542.2943089157343 1069.0387814119458 1018.7804448381066 3941.3318686410785 406.42013788223267 11653.774149700999 784.69403763115406 2419.2293279990554 1494.0758374556899
leaf_count=48153 13910 11859 22653 17617 7084 48469 22039 54677 129975 1921 56832 28028 16706 3015 9775 1423 51409 5170 20158 5153 24358 42062 7113 6471 34571 2192 87998 3287 12246 7514
internal_value=0.000125428 -0.0249404 0.00719574 0.0159342 0.000455459 -0.00362897 -0.0422143 -0.00664745 0.0236132 0.0117324 -0.0114021 -0.0104109 -0.00110654 0.00931096 0.00849855 0.0281639 0.00656197 -0.0261711 0.011538 0.00154876 -0.00634864 0.00833964 0.00220127 0.0094606 0.0108835 0.006332 0.00793725 -0.0143098 -0.0129892 -0.00228521
internal_weight=121988 26838 95149.5 41432.6 53716.9 35626 12260.2 29528.4 19185.9 5568.97 18687.4 14577.8 3035.73 22246.6 18091 1620.61 16470.4 961.457 19671.3 10841 11872 15313.9 7611.33 17442.5 16423.7 12482.4 12076 16339.4 15554.7 3913.31
internal_count=803838 134437 669401 348447 320954 202088 70192 153619 176425 46450 93789 64245 23797 172022 118866 11198 107668 7091 154405 59830 52386 100584 49175 134247 127776 93205 91013 79879 76592 19760
is_linear=0
shrinkage=0.05


Tree=32
num_leaves=31
num_cat=0
split_feature=16 17 14 20 14 4 17 20 12 13 13 15 23 12 12 12 4 24 14 23 12 24 23 17 24 14 14 12 23 24
split_gain=8167.81 1678.85 1671.43 962.267 758.448 741.937 493.344 476.328 498.404 434.521 412.369 403.499 299.617 304.786 365.947 290.143 270.614 269.211 247.552 268.51 246.673 270.82 227.938 220.97 201.602 271.716 257.663 306.345 248.613 234.554
threshold=0.39705882966518408 186.11432647705081 205.50000000000003 -8.318016052246092 196.50000000000003 149.17377249151471 159.91176605224612 -3.9687194824218746 9.1253869969040267 -36.138513235554051 -31.662249741205027 28.357535362243656 0.30975498500000004 2.0820433436532513 1.9303405572755421 3.535603715170279 43.315855957567699 3.5000000000000004 269.50000000000006 1.9593707000000002 3.382352941176471 7.5000000000000009 1.2471615 178.78430938720706 2.5000000000000004 250.50000000000003 262.50000000000006 2.3018575851393193 1.5362299500000003 5.5000000000000009
decision_type=2 2 2 2 2 2 2 2 2 2 2 2 2 2 2 2 2 8 2 2 2 10 2 2 8 2 2 2 2 8
left_child=2 4 6 -3 7 -6 -1 -2 10 16 17 15 13 14 -11 -4 -5 -9 20 -20 21 22 -7 -12 25 -14 28 -28 -27 -26
right_child=1 3 11 9 5 18 -8 8 -10 12 23 -13 24 -15 -16 -17 -18 -19 19 -21 -22 -23 -24 -25 29 26 27 -29 -30 -31
leaf_value=-0.05339335581394692 0.0053874812767628899 0.031386924815414941 -0.018707199437493851 0.027759738150231628 0.011697545166924901 -0.016320516938499754 -0.030024615115080325 -0.019166497873713034 0.023200065171099678 -0.035225762475216443 -0.025173259682612761 -0.031421279538390488 0.0058173340932494667 -0.0029914349696855114 -0.17952108530298694 -0.0011996008474243127 0.012743741704848464 0.0068140980352887253 0.027916438420851404 -0.039342263406796696 0.0021719481021980585 -0.061706478816298628 0.0022060614102578226 -0.008019540810606629 0.021146301947937172 -0.060593240761748636 -0.031070873644037968 0.024821118217418781 0.026575866673570283 0.0075448957661756787
leaf_weight=5380.3666501641273 5305.4954707100987 6300.8939508646727 5054.2571539133787 4425.6021185666323 17967.23884485662 4618.881737574935 3901.196916654706 1503.6006706506014 936.79036749154329 266.06821555644274 6777.2248324900866 3046.7016008645296 5696.1679324507713 983.95796945691109 51.832915246486664 4449.5019424259663 9324.9269325509667 2955.1038752198219 1030.5164602994919 172.42385394871235 5957.290653847158 257.99859566986561 2591.1868672072887 2598.3028698042035 4118.7348171547055 456.62882347404957 477.49415399134159 501.75919392704964 98.995290249586105 13755.344394654036
leaf_count=36247 33173 66505 21434 44659 116595 23521 18519 7793 5254 1916 31606 15885 41333 7985 412 19185 75686 17175 5836 802 30767 1209 13556 14174 35988 2408 2405 2652 647 107458
internal_value=0.000196143 0.00629355 -0.0274887 0.0132218 0.000182484 0.00489121 -0.0435754 -0.0074623 -0.0120778 0.0103709 -0.0144681 -0.0155895 0.00661735 -0.0167622 -0.0592419 -0.0105114 0.0175783 -0.00194962 -0.00346891 0.0182512 -0.0054163 -0.0114689 -0.00966297 -0.0204207 0.00783035 0.000785724 -0.017879 -0.00243629 -0.0450425 0.0106801
internal_weight=120962 99130.5 21832 46458.4 52672.1 32595.5 9281.56 20076.5 14771 40157.5 13834.2 12550.5 26407 1301.86 317.901 9503.76 13750.5 4458.7 14628.3 1202.94 13425.4 7468.07 7210.07 9375.53 25105.1 7231.05 1534.88 979.253 555.624 17874.1
internal_count=802785 691515 111270 390054 301461 192286 54766 109175 76002 323549 70748 56504 203204 10313 2328 40619 120345 24968 75691 6638 69053 38286 37077 45780 192891 49445 8112 5057 3055 143446
is_linear=0
shrinkage=0.05


Tree=33
num_leaves=31
num_cat=0
split_feature=15 19 14 14 22 24 14 4 11 17 25 15 0 14 11 22 24 23 12 11 14 22 22 17 9 24 19 12 13 24
split_gain=7634.54 2226.18 1656.65 693.771 666.542 427.271 404.954 525.448 400.805 382.226 353.476 332.505 317.866 333.274 315.887 311.432 301.769 332.126 324.459 314.752 313.706 276.609 257.786 252.72 249.821 246.912 238.876 238.446 285.183 222.363
threshold=10.599842071533205 0.54411765933036815 206.50000000000003 212.50000000000003 0.04601305725000001 2.5000000000000004 232.50000000000003 47.718493178486831 38.133061216700106 159.91176605224612 25.014834511280064 32.923778533935554 1.0293335318565371 220.50000000000003 12.319892726561788 -1.1913062499999998 1.5000000000000002 1.4116550000000003 3.45046439628483 80.377632546720136 250.50000000000003 -1.7176085499999998 0.038758732350000012 192.88932800292972 62.500000000000007 7.5000000000000009 0.36764706671237951 4.1563467492260076 -39.435043463627615 7.5000000000000009
decision_type=2 2 2 2 2 8 2 2 2 2 2 2 2 2 2 2 8 2 2 2 2 2 2 2 2 10 2 2 2 10
left_child=1 4 9 5 6 8 7 26 -3 -2 -9 22 -6 -14 -5 21 20 18 19 -18 -8 -10 -4 -7 29 -15 -1 28 -23 -16
right_child=2 3 11 14 12 23 16 10 15 -11 -12 -13 13 25 24 -17 17 -19 -20 -21 -22 27 -24 -25 -26 -27 -28 -29 -30 -31
leaf_value=-0.0067210658593517747 -0.052138824980973476 0.025258676842136708 -0.018445056057939242 -0.0096377533020806094 0.012176348268706907 0.018892312059016831 0.0040559807887580379 -0.006877263240534265 0.020382922256127971 -0.030352167921541134 -0.021386032125639748 -0.03410537385130185 -0.0079079739142342478 0.015053027344435064 0.010023193688060109 0.0090915401375499319 -0.011418902942413546 0.020874803649411352 0.012087791063810013 0.033698136111379194 -0.038583728129581947 -0.096714585967101252 -0.0017723787206411557 0.033065241351520676 0.024657191164336758 -0.018063478638925507 0.011584690402862596 0.014575578010161528 -0.02486598831854692 -0.013717010043873585
leaf_weight=3298.1558062136173 5580.7058442533016 2434.3003045171499 5601.0533071011305 2079.0760352388024 11731.523186936975 5494.8883148729801 882.77833245694637 10061.797435887158 243.23505744338036 3157.9822853505611 7204.1405708640814 1969.4806482344866 5713.9124630838633 3875.2751315608621 16334.441639460623 1997.73612383008 4499.7692244872451 2725.9788858294487 3674.8170963451266 421.92509209364653 842.21292740106583 244.54015894979239 3955.689493522048 7372.8113976567984 2810.033468618989 657.59185779094696 3874.7770435586572 150.29802176356316 317.87663843482733 1048.8900770246983
leaf_count=16259 38659 22452 24329 13806 78012 49190 4616 52449 1859 15642 35575 10685 31226 24355 128244 16383 27310 16509 23587 2578 3782 1731 17278 78302 26305 3459 29346 1188 2202 6647
internal_value=0.000131378 0.00580288 -0.0278523 0.0148396 -0.000356223 0.0220652 -0.00440954 -0.00820659 0.0102415 -0.0442699 -0.0129319 -0.0154024 0.00655704 0.000122938 0.00891631 -0.00213946 0.00270268 0.00567101 0.000847972 -0.00754507 -0.0167728 -0.0255949 -0.0115449 0.0270149 0.010827 0.0102458 0.00316783 -0.0412927 -0.0562221 0.00859003
internal_weight=120258 99992.8 20264.9 40528.1 59464.7 18255.7 37486.4 24438.9 5387.99 8738.69 17265.9 11526.2 21978.3 10246.8 22272.4 2953.69 13047.5 11322.5 8596.51 4921.69 1724.99 955.95 9556.74 12867.7 20193.4 4532.87 7172.93 712.715 562.417 17383.3
internal_count=803965 697372 106593 348309 349063 173307 212011 133629 45815 54301 88024 52292 137052 59040 175002 23363 78382 69984 53475 29888 8398 6980 41607 127492 161196 27814 45605 5121 3933 134891
is_linear=0
shrinkage=0.05


Tree=34
num_leaves=31
num_cat=0
split_feature=15 19 14 22 14 4 25 24 15 11 14 25 12 12 0 14 4 14 11 9 13 14 19 11 12 14 22 3 24 11
split_gain=6795.03 2188.58 1649.22 667.214 661.405 558.055 382.872 345.784 336.925 331.819 323.648 301.637 293.825 289.955 289.469 284.829 247.175 241.133 234.705 230.316 218.762 198.239 209.793 216.919 194.597 244.801 185.749 178.805 174.339 163.796
threshold=10.599842071533205 0.57352942228317272 206.50000000000003 0.04601305725000001 212.50000000000003 137.66441714763644 39.013249492645272 2.5000000000000004 29.882416725158695 35.482507067406701 206.50000000000003 26.694967439770704 2.2801857585139325 10.332817337461302 1.4778293371200564 221.50000000000003 12.400000035762789 258.50000000000006 77.785250096994204 60.500000000000007 -32.353334184609139 194.50000000000003 0.39705882966518408 38.133061216700106 3.535603715170279 232.50000000000003 -1.21867025 10.449098989367487 7.5000000000000009 9.9283420878805639
decision_type=2 2 2 2 2 2 2 8 2 2 2 2 2 2 2 2 2 2 2 2 2 2 2 2 2 2 2 2 10 2
left_child=1 3 6 5 7 11 -2 9 24 -3 12 16 -7 18 29 20 -1 -13 19 -6 -16 22 -18 -24 -4 -26 -25 -11 -17 -5
right_child=2 4 8 14 13 10 -8 -9 -10 27 -12 17 -14 -15 15 28 21 -19 -20 -21 -22 -23 23 26 25 -27 -28 -29 -30 -31
leaf_value=0.020725859894109612 -0.029807810884321641 0.028974312446412721 -0.016374009461267835 -0.0035046122835829204 0.0064373315619325926 -0.043919256966342753 -0.051479519022851118 0.028887513144336102 -0.030023745842554791 0.025333406831717298 -0.006900983164269639 -0.012030599079089746 -0.014448888264823205 -0.021584370425517294 0.0071411943039927069 0.014252277711511087 -0.012798774665372379 0.021325165336212391 0.028465948969808388 0.022867525858888123 -0.013722004309084582 0.0062475070997080606 0.016113508275582139 -0.034866909799377642 -0.016003468573709097 0.008472356930283604 2.8803660878327908e-05 -0.0059389780276306653 -0.013542540526384737 0.013346438227987721
leaf_weight=1901.5580799803138 3362.3839592188597 1763.7573116123676 4714.8688889741898 1625.7743075564504 13360.165335133672 1234.6267364099622 5196.2411413490772 10394.186475344002 2542.5905553102493 586.12284994125366 10491.608086451888 5753.8831500262022 2686.2390331104398 710.97518341243267 1860.4449379071593 3696.9565780758858 3727.139302149415 597.21932745724916 1726.9969291239977 2537.5463211089373 3865.9996983259916 10955.968422114849 1896.0471562221646 460.08662210404873 1733.9420218765736 2483.6598315685987 2205.1374048441648 2062.7689720317721 664.91118483245373 12736.587588883936
leaf_count=14287 17471 16979 20226 10462 103209 5643 37110 106916 13619 5781 55327 32301 11993 4697 11670 23873 17568 3512 14752 23397 20507 73037 14488 3070 7727 10608 15658 15716 3497 89147
internal_value=0.000207263 0.0055564 -0.0263596 0.000315836 0.0160491 -0.00351361 -0.0429699 0.023909 -0.0139682 0.0121781 -0.0114826 0.000663599 -0.0237375 0.00970089 0.00687954 0.000388146 0.00353362 -0.00889116 0.0109641 0.00906114 -0.00694377 0.00183385 -0.00400036 0.00319029 -0.00939521 -0.00159156 -0.00600592 0.000987642 0.0100132 0.0114388
internal_weight=119536 99502.7 20033.7 66360.2 33142.5 41909.5 8558.63 14806.8 11475.1 4412.65 14412.5 27497 3920.87 18335.7 24450.7 10088.3 21145.9 6351.1 17624.7 15897.7 5726.44 19244.4 8288.41 4561.27 8932.47 4217.6 2665.22 2648.89 4361.87 14362.4
internal_count=804248 697487 106761 406040 291447 246884 54581 145392 52180 38476 72963 173921 17636 146055 159156 59547 138108 35813 141358 126606 32177 123821 50784 33216 38561 18335 18728 21497 27370 99609
is_linear=0
shrinkage=0.05


Tree=35
num_leaves=31
num_cat=0
split_feature=16 19 16 18 22 5 18 22 24 11 3 0 22 24 25 5 5 24 5 11 25 24 5 22 11 11 17 22 23 11
split_gain=6448.08 1932.81 796.057 618.322 587.937 391.302 384.881 359.508 275.635 347.693 226.27 210.395 201.235 195.053 194.052 166.629 156.226 154.824 153.588 132.32 127.136 122.562 118.533 111.709 109.502 116.558 127.345 108.294 151.986 105.885
threshold=0.36764706671237951 0.54411765933036815 0.10294117778539659 185.39170837402347 0.04601305725000001 8.5000000000000018 178.38541412353518 -0.17849789999999996 2.5000000000000004 15.793902891665141 64.168665856122985 0.62507152557373058 -0.047694848849999992 3.5000000000000004 24.601461446285253 12.500000000000002 1.5000000000000002 1.5000000000000002 3.5000000000000004 9.9283420878805639 26.583925327658658 2.5000000000000004 13.500000000000002 1.5224150000000003 81.284812012300975 35.008993896410665 157.66176605224612 1.3569536500000001 0.52511170500000015 40.694488838603355
decision_type=2 2 2 2 2 2 2 2 8 2 2 2 2 10 2 2 2 8 2 2 2 8 2 2 2 2 2 2 2 2
left_child=2 4 -1 5 6 8 10 -4 16 -10 17 19 22 -12 -8 -16 -3 20 -11 27 -2 -5 -7 -21 25 26 -19 28 -6 -9
right_child=1 3 7 21 11 12 14 29 9 18 13 -13 -14 -15 15 -17 -18 24 -20 23 -22 -23 -24 -25 -26 -27 -28 -29 -30 -31
leaf_value=-0.041979476357977948 -0.0054055530082444403 0.02519247248509561 -0.027703774675246814 0.015388400715868868 -0.044696711873674577 -0.00041398384757807552 0.018994800693619762 -0.0038512711298175819 -0.001317480179403295 0.028512792120168492 -0.013796901422622016 0.0013113039360951231 0.010742510802632835 0.0043291831004392172 0.003806892655500329 -0.037680494144289527 0.0016651147236807495 -0.024052675634114049 0.017107883573419452 0.011650159134488764 -0.023304511394419424 0.029487845659284386 -0.019350941065232049 0.032034582659406494 0.017337750629360171 -0.0058222753928238499 0.0045437408546248814 -0.024379795411637723 0.013530867605314157 -0.016696174702916424
leaf_weight=5717.9056218117476 3315.2341533750296 822.07386134564877 6908.4454176127911 2054.0546884834766 128.02607563138008 4681.2188372761011 2453.321879774332 2732.284191891551 2069.8190263733268 4289.9930127486587 10898.587846651673 11244.126428231597 4131.7636651918292 1717.6462843194604 1806.398980230093 278.44613002240658 4944.1559939831495 410.89231804013252 9492.6265063211322 8621.9675076976418 1415.3220682069659 6219.2120647802949 1002.4832355678082 728.40443397313356 818.6627554371953 7535.7129014655948 7104.4625399708748 421.82062589377165 852.34989476948977 3888.2202523201704
leaf_count=37309 17302 8310 34220 18372 823 32069 19693 12788 17806 46413 53005 65862 31292 9417 13499 1643 37893 2206 86405 58759 6706 63775 6149 5056 4850 43073 42332 2487 5452 18713
internal_value=0.000151477 0.00527789 -0.0263383 0.013828 -0.000404202 0.0106265 -0.00418994 -0.0197251 0.0143853 0.0177902 -0.00605597 0.00609346 0.00234703 -0.011329 0.00946655 -0.00174946 0.00502313 -0.00282624 0.0206596 0.0110937 -0.0107645 0.0259896 -0.00375687 0.0132414 -0.000459427 -0.00142854 0.00297728 -0.00322746 0.0058892 -0.0113965
internal_weight=118706 99458.8 19246.9 39707.4 59751.4 31434.1 37754.7 13528.9 21618.7 15852.4 33216.5 21996.7 9815.47 12616.2 4538.17 2084.85 5766.23 20600.3 13782.6 10752.6 4730.56 8273.27 5683.7 9350.37 15869.7 15051.1 7515.35 1402.2 980.376 6620.5
internal_count=803679 700649 103030 348484 352165 266337 213726 65721 196827 150624 178891 138439 69510 62422 34835 15142 46203 116469 132818 72577 24008 82147 38218 63815 92461 87611 44538 8762 6275 31501
is_linear=0
shrinkage=0.05


Tree=36
num_leaves=31
num_cat=0
split_feature=15 18 14 21 20 21 2 14 5 11 18 14 5 22 17 12 5 16 21 14 12 22 12 21 14 11 14 5 12 11
split_gain=5887.18 1723.93 1398.47 784.63 664.37 612.626 608.826 462.572 439.674 336.197 324.209 313.796 298.084 296.052 283.978 278.701 251.326 241.807 227.204 227.025 266.289 204.546 200.575 415.92 306.677 186.894 185.991 182.617 180.561 180.38
threshold=12.646073341369631 178.38541412353518 207.50000000000003 -0.071224827349999978 24.546920776367191 -0.11925592499999998 11.857412204146387 268.50000000000006 8.5000000000000018 105.05147439454778 164.17825317382815 211.50000000000003 12.500000000000002 1.2982029000000002 157.279411315918 9.4938080495356054 4.5000000000000009 0.10294117778539659 1.3326296000000002 198.50000000000003 5.3374613003095988 0.038758732350000012 1.258513931888545 -0.75609549999999992 194.50000000000003 6.357137902244788 253.50000000000003 27.500000000000004 5.1284829721362231 20.631915132800589
decision_type=2 2 2 2 2 2 2 2 2 2 2 2 2 2 2 2 2 2 2 2 2 2 2 2 2 2 2 2 2 2
left_child=1 3 14 6 16 15 26 8 10 12 -5 13 -8 -10 -2 -6 -3 -4 25 -14 27 -19 23 24 -18 -13 -1 -21 -27 -7
right_child=2 4 17 7 5 29 9 -9 11 -11 -12 18 19 -15 -16 -17 22 21 -20 20 -22 -23 -24 -25 -26 28 -28 -29 -30 -31
leaf_value=0.0053670447991141087 -0.053599214292635658 0.030878246604288381 -0.02767658664054596 -0.0081440894406559928 0.0017300919629418541 -0.00075345570934368231 -0.0057267903376096189 0.02975363621342831 -0.01321849471817263 0.037682190534706644 0.014746861362970418 -0.073432719983100095 -0.032772850871764202 0.030289429729530894 -0.033937425227989336 -0.031714142588540987 -0.12723968021841531 -0.016859407701002482 0.020452432432139539 -0.015969355992276918 0.0075260450663987011 0.0008594553372884673 0.019835029838998271 0.013770258810439216 0.011235564789124658 -0.001551588240423777 -0.0095283048870347942 -0.061071917238632839 0.014986456095011423 0.021225593597869113
leaf_weight=14237.858219824731 3692.7203595563769 6423.6305388957262 2582.3516137897968 1788.3532473295927 7501.9463058486581 1075.3968388810754 14838.658804856241 1967.1326759979129 5314.9459830746055 374.22812303900719 11424.756118118763 82.022686317563057 1880.7581003606319 421.09744067490101 3670.9872014671564 678.3259584158659 108.13385174423456 4024.0915722474456 1823.3121322095394 5251.0826929211617 1266.9830848276615 2735.6876580491662 4462.1906338185072 490.86690039932728 62.862020596861839 7914.5003338381648 2456.4582010284066 233.61905126273632 2084.2140764892101 7069.9971958622336
leaf_count=93103 28792 74951 13908 9087 54900 9379 86340 14129 27344 2083 94434 471 8116 2298 21902 4498 732 17440 12302 24396 6060 11732 39486 4343 437 47697 14131 978 12784 64859
internal_value=-1.15973e-05 0.0045265 -0.02751 0.000504525 0.0151116 0.00861852 -0.00414813 0.00625143 0.00475206 -0.00927492 0.0116483 -0.000413824 -0.0100252 -0.0100197 -0.0438033 -0.00104671 0.0242896 -0.0146639 0.0042153 -0.0174124 -0.0131293 -0.0096895 0.0160256 -0.0096483 -0.0765636 0.00127674 0.00317485 -0.0179013 0.00189689 0.0183241
internal_weight=117939 101233 16705.8 73360 27873.4 16325.7 40539.6 32820.3 30853.2 23845.3 13213.1 17640.1 23471.1 5736.04 7363.71 8180.27 11547.7 9342.13 11904 8632.44 6751.68 6759.78 5124.05 661.863 170.996 10080.7 16694.3 5484.7 9998.71 8145.39
internal_count=803112 709338 93774 455753 253585 133636 235207 220546 206417 127973 103521 102896 125890 29642 50694 59398 119949 43080 73254 39550 31434 29172 44998 5512 1169 60952 107234 25374 60481 74238
is_linear=0
shrinkage=0.05


Tree=37
num_leaves=31
num_cat=0
split_feature=16 18 14 21 1 14 5 25 21 14 11 5 25 21 22 14 16 14 14 18 14 11 5 22 14 25 14 14 18 14
split_gain=5420.67 1479.17 1307.68 876.587 614.625 465.613 493.586 484.411 360.821 420.293 297.9 299.935 297.021 282.992 258.59 229.725 223.543 189.033 182.773 179.757 250.974 177.523 164.657 162.529 162.265 158.46 208.225 198.417 198.203 189.311
threshold=0.33823530375957495 182.33635711669925 206.50000000000003 -0.11925592499999998 2.9416559934616093 269.50000000000006 8.5000000000000018 31.314836537837987 -0.19011549499999997 253.50000000000003 100.96431947589475 14.500000000000002 39.013249492645272 1.3326296000000002 1.5679100000000001 168.50000000000003 0.073529412969946875 199.50000000000003 207.50000000000003 171.37683868408206 204.50000000000003 6.357137902244788 4.5000000000000009 -0.026206394649999996 222.50000000000003 27.14229094386101 263.50000000000006 169.50000000000003 169.43404388427737 183.50000000000003
decision_type=2 2 2 2 2 2 2 2 2 2 2 2 2 2 2 2 2 2 2 2 2 2 2 2 2 2 2 2 2 2
left_child=2 3 12 4 -2 6 7 19 9 15 11 25 -1 14 18 -3 -4 -13 -8 20 -5 -20 -10 -18 -15 27 -27 28 -6 -29
right_child=1 8 16 5 10 -7 13 -9 22 -11 -12 17 -14 24 -16 -17 23 -19 21 -21 -22 -23 -24 -25 -26 26 -28 29 -30 -31
leaf_value=-0.030006791731208828 0.0037086060911534001 0.038471969705260282 -0.029888588563399085 6.3145588541826039e-05 -0.0056015714788384104 0.031645712511680073 -0.01152600913813568 -0.035297369192932054 0.034165871790708464 -0.012876780950637105 0.035016773425092004 -0.03910650800230412 -0.05054869867201444 -0.0056331380575750656 0.034399743115121895 0.012241854978808217 -0.016948380101542457 -0.014897612098765301 -0.062493388433812393 0.018018776583179987 0.02015711752155927 0.00094497519458432763 0.019771580803347375 -0.0027859855432491188 0.023826500604371317 -0.01771604776460339 0.021359883223695544 -0.019338370463802247 0.021481192538015722 -0.003309695087121871
leaf_weight=3021.0493519455194 18866.151027776301 963.42824837565422 1838.4558448195457 4259.6802459657192 1279.5851617679 1854.8023419752717 4367.135034956038 519.31711842864752 3163.056583635509 1558.0784616544843 391.07024876028299 984.90730565786362 4235.9128166213632 624.94643352925777 481.32134619355202 6226.2272355183959 4516.2923530340195 4445.9601518213749 110.28119274973869 9803.3537293970585 2445.4139435663819 12241.149735994637 5360.4119881764054 3673.8087447434664 1849.5170567333698 3991.4533492475748 371.91361250728369 2256.391937032342 1429.3347319886088 10017.544357821345
leaf_count=16233 124921 11634 10505 25396 6322 13837 22919 2897 37670 9459 2250 4203 33537 3620 3112 55456 20017 20108 628 93637 19580 75436 49742 16044 13173 21615 1952 13082 12635 61007
internal_value=1.39739e-05 0.0044888 -0.0258369 0.00170597 -0.0031141 0.00721073 0.00597503 0.0122075 0.0177955 0.0106599 -0.00822837 -0.00891232 -0.0420025 0.000580628 -0.00169417 0.0157616 -0.014136 -0.0192944 -0.0027353 0.0137039 0.00739353 0.000373545 0.0251167 -0.0105967 0.016387 -0.00599702 -0.0143813 -0.00355453 0.00869103 -0.00625768
internal_weight=117148 99862.4 17285.5 82591.2 44034.3 38556.9 36702.1 17027.8 17271.2 8747.73 25168.2 24777.1 7256.96 19674.4 17199.9 7189.66 10028.6 5430.87 16718.6 16508.4 6705.09 12351.4 8523.47 8190.1 2474.46 19346.2 4363.37 14982.9 2708.92 12273.9
internal_count=802627 706291 96336 542330 268095 274235 260398 141510 163961 76549 143174 140924 49770 118888 102095 67090 46566 24311 98983 138613 44976 76064 87412 36061 16793 116613 23567 93046 18957 74089
is_linear=0
shrinkage=0.05


Tree=38
num_leaves=31
num_cat=0
split_feature=15 20 20 21 1 23 4 11 25 20 15 21 11 22 11 20 23 11 3 25 11 20 22 21 4 22 11 4 11 11
split_gain=4838.34 1278.6 1089.55 1132.51 704.974 578.242 468.091 420.274 369.162 320.31 342.817 290.514 283.335 267.727 271.766 247.683 246.483 263.649 246.047 195.026 186.656 214.088 180.72 182.624 179.091 174.751 257.323 177.665 173.107 366.372
threshold=12.646073341369631 53.358283996582038 -12.666358947753904 -0.11925592499999998 4.0604118183255204 1.6599746000000002 128.96987589448693 12.778281696572909 39.013249492645272 40.889450073242195 2.9826073646545415 -1.6487905499999997 98.898445862815393 -0.020325674699999997 53.79989594552125 70.524711608886733 0.29784916500000008 52.834792444292155 92.097649741917863 26.583925327658658 6.357137902244788 55.348884582519538 0.030713726750000003 -0.67567974499999994 114.95012314990164 1.3255616000000001 6.8989440573627379 52.839482743293054 33.253394066733847 36.318281658408999
decision_type=2 2 2 2 2 2 2 2 2 2 2 2 2 2 2 2 2 2 2 2 2 2 2 2 2 2 2 2 2 2
left_child=2 8 -1 4 19 6 9 -7 -2 10 -5 15 18 -8 20 -6 17 28 -13 -4 -15 -22 23 -3 -9 27 -27 -18 -11 -30
right_child=1 22 3 5 11 7 13 24 -10 16 -12 12 -14 14 -16 -17 25 -19 -20 -21 21 -23 -24 -25 -26 26 -28 -29 29 -31
leaf_value=0.024936119436102005 -0.025825537161407348 -0.034072211750818183 0.0063323597925155437 0.014386544357013677 -0.011527657378081264 -0.031427608956826378 -0.0064953754227961751 0.034750205435853866 -0.048768055773275171 0.0021857173987519843 -0.0022959608523094783 -0.0038770220730899338 0.030609326973372347 -0.044963918568194046 -0.0022880750972414255 -0.043465483421995056 0.032097566001184512 0.041699912604796253 -0.015692120502059727 -0.0043467737625266572 -0.004263728043503238 0.026254589804010988 -0.0039106220553478555 -0.012474910823330368 0.017383620586508483 -0.10961385415702335 0.010338301084323121 0.016699571926149119 -0.12207114410615022 -0.012172243018631608
leaf_weight=6012.3156231418252 2796.5602268725634 1351.1768055558205 18910.068188607693 5871.6578509360552 1563.9197230488062 336.53878151625395 8099.4316744059324 2928.3202598020434 4718.7576983198524 430.61011084914207 6474.1952116191387 16624.350504331291 510.89626554399729 116.09936309605837 3893.2648276016116 992.27367249131203 2656.9357756078243 227.03159968554974 5995.0927198752761 5523.3024561554193 743.83427035808563 2521.9293928742409 3806.4809799790382 3553.4003879725933 3018.0157187208533 61.670303456485271 155.49620608240366 6366.980816796422 106.65738218277693 257.45873718708754
leaf_count=64883 15738 6570 134871 57462 8865 2385 47972 26152 38101 3656 43926 99990 3074 663 23619 4456 25401 1940 29727 32638 4118 16985 17275 16076 21227 436 1306 51339 864 2150
internal_value=0.000205784 -0.0251257 0.00430007 0.00298531 -0.00216185 0.00881306 0.0064885 0.0228629 -0.0402354 0.0110656 0.00563872 -0.00794519 -0.00617688 -0.000242479 0.00671883 -0.0239376 0.0175927 -0.00570576 -0.00700907 0.0039182 0.0170854 0.0193043 -0.0120869 -0.0184305 0.0259403 0.0201691 -0.0240717 0.0212363 -0.0192836 -0.0446101
internal_weight=116625 16226.4 100398 94386 50119.9 44266.1 37983.3 6282.87 7515.32 22608.7 12345.9 25686.5 23130.3 15374.6 7275.13 2556.19 10262.8 1021.76 22619.4 24433.4 3381.86 3265.76 8711.06 4904.58 5946.34 9241.08 217.167 9023.92 794.726 364.116
internal_count=803865 93760 710105 645222 313621 331601 281837 49764 53839 188480 101388 146112 132791 93357 45385 13321 87092 8610 129717 167509 21766 21103 39921 22646 47379 78482 1742 76740 6670 3014
is_linear=0
shrinkage=0.05


Tree=39
num_leaves=31
num_cat=0
split_feature=19 20 19 20 24 3 20 18 24 20 4 13 4 18 12 11 24 11 23 11 24 24 18 22 18 24 22 18 11 20
split_gain=4703.66 2002.23 1470.86 698.439 560.987 382.813 316.479 283.631 269.913 248.053 396.699 240.843 229.004 221.855 243.442 214.883 214.882 183.393 183.211 195.655 183.104 233.147 174.614 172.989 171.923 158.176 152.61 152.205 149.054 138.838
threshold=0.10294117778539659 56.772979736328132 0.57352942228317272 65.31754302978517 3.5000000000000004 78.045776724815383 -8.9246292114257795 156.92646789550784 3.5000000000000004 55.348884582519538 20.972219301387671 -71.248739037547395 273.07877713069325 184.98538208007815 2.7631578947368425 88.744555543150895 2.5000000000000004 32.768276243663799 2.2729268000000005 12.319892726561788 5.5000000000000009 2.5000000000000004 175.55606079101565 1.5679100000000001 184.72898864746097 6.5000000000000009 -1.6627522999999997 176.90956115722659 111.65133048040369 31.753784179687504
decision_type=2 2 2 2 10 2 2 2 10 2 2 2 2 2 2 2 8 2 2 2 10 8 2 2 2 10 2 2 2 2
left_child=1 7 4 6 5 9 -4 -1 13 10 27 -12 -3 14 -8 17 -14 -7 19 -11 21 -5 29 -6 -23 -25 -18 -2 -28 -13
right_child=2 12 3 20 23 15 8 -9 -10 18 11 22 16 -15 -16 -17 26 -19 -20 -21 -22 24 -24 25 -26 -27 28 -29 -30 -31
leaf_value=-0.048473847633293134 0.00572388841336691 0.0062580954714584539 0.031472249691281005 -0.012477072754908967 0.0064838509477702505 0.0023200014712233415 -0.00059591223121166492 -0.030192960271301084 0.026236134165477244 -0.010619436083658841 0.016348802033623003 -0.013973814972067518 -0.026883312997831893 0.023984880807669591 0.014576377950427899 0.0061249172774486731 0.06473259341510644 -0.015256631202838581 -0.037941804298694273 0.0099962592038245791 -0.014585819891182225 0.0056041901112416047 0.00078747826233812224 0.039405785203197985 0.028752163963314332 0.0085476246029614587 -0.0081870350428159405 0.027951170349577649 -0.059214881315885461 -0.0026685603016338095
leaf_weight=4537.7784908115864 2674.6431891173124 2124.0416722595692 3750.5691417083144 1540.3211980313063 15176.59736328572 1766.3375938087702 4179.4361247122288 4000.2165711000562 4531.0397808775306 1311.3949039280415 1160.8548054024577 8416.7406143322587 1916.0612845718861 3156.09902241081 7194.2809140458703 1812.913592427969 69.708424121141434 9277.5204396098852 225.92533101886511 9360.165725722909 1448.399801671505 4942.5762173086405 4938.633854560554 803.33794116228819 956.72775407880545 860.02244712412357 8769.1967298388481 1081.0877686664462 144.51603528857231 4009.9797514826059
leaf_count=37279 16648 10249 46879 8557 103413 9702 33328 23581 46810 8244 8590 43203 9013 32301 64933 9077 287 47771 1008 62015 9105 40871 39033 5906 8582 5438 38792 11470 661 21617
internal_value=-2.31185e-05 -0.0210968 0.00478147 0.0135631 0.000354018 -0.00250243 0.0181956 -0.0399134 0.0155817 0.000335854 -0.00268753 -0.00569145 -0.00875884 0.0122576 0.00900154 -0.00982664 -0.0116856 -0.0124455 0.0065174 0.0074621 0.00167281 0.00483969 -0.00716567 0.00816251 0.00936248 0.0234656 -0.00844144 0.0121278 -0.00902089 -0.0103262
internal_weight=116137 21561.5 94575.6 31699.4 62876.2 46036.2 22811.4 8538 19060.9 33179.4 22281.9 18526.2 13023.5 14529.8 11373.7 12856.8 10899.5 11043.9 10897.5 10671.6 8888.02 7439.63 17365.4 16840 5899.3 1663.36 8983.42 3755.73 8913.71 12426.7
internal_count=804363 119862 684501 291366 393135 278378 224251 60860 177372 211828 140561 112443 59002 130562 98261 66550 48753 57473 71267 70259 67115 58010 103853 114757 49453 11344 39740 28118 39453 64820
is_linear=0
shrinkage=0.05


Tree=40
num_leaves=31
num_cat=0
split_feature=17 20 18 21 23 17 20 13 22 4 0 22 21 18 20 20 17 20 22 17 20 20 24 21 0 23 13 22 23 21
split_gain=4240.77 1688.88 1121.9 736.327 514.23 491.918 471.435 444.497 558.898 396.393 351.569 292.016 287.282 277.247 272.531 247.444 329.311 232.51 231.83 211.502 203.675 177.127 175.999 169.671 169.093 167.641 153.729 153.069 170.652 138.908
threshold=163.29412078857425 55.348884582519538 185.39170837402347 -0.11925592499999998 1.6251929000000003 157.279411315918 -13.290626525878904 -42.114818479911911 -1.1729728499999998 127.62172758951785 1.0564991235733034 0.37528550500000007 -1.5734585999999997 156.78584289550784 25.48380279541016 38.969223022460945 188.01666259765628 14.868820190429689 0.31588700500000005 199.7559509277344 84.656867980957045 77.815338134765639 2.5000000000000004 -1.5734585999999997 0.31413173675537115 0.29784916500000008 -12.766736373824322 -1.6132802499999999 1.8540950500000002 0.033785214650000006
decision_type=2 2 2 2 2 2 2 2 2 2 2 2 2 2 2 2 2 2 2 2 2 2 10 2 2 2 2 2 2 2
left_child=1 5 3 6 9 -1 -2 8 14 15 -9 -10 -3 21 -8 16 -5 -4 -11 25 -20 22 -14 -19 -7 29 -21 -12 -29 -17
right_child=2 12 17 4 -6 24 7 10 11 18 27 -13 13 -15 -16 19 -18 23 20 26 -22 -23 -24 -25 -26 -27 -28 28 -30 -31
leaf_value=-0.049484898816198053 0.019834148550028144 -0.047239699269806423 0.031703382619191041 -0.0019415032795681245 0.021980602357812531 -0.0053319390844914875 -0.054637890144071916 -0.00053786734613706371 0.0080665946556118927 -0.0063303237579326217 0.012112204565223425 0.033876461586614615 -0.032421572937140361 0.0013392758892170394 0.0058174037040723964 -0.026745519757417621 0.015548437926243231 -0.023325055359134785 0.0019407447155172901 0.0055316777640291286 0.02863280130308082 -0.0078306488771654002 -0.0038390733274253266 0.017165259136314712 -0.0297624941867989 0.020772339036425599 -0.046470342101942397 -0.0098002414191131967 -0.027099300410958579 0.014198997361963898
leaf_weight=3785.5665407031775 2487.2307699248195 454.73778682202101 3417.4535302966833 6749.4689542725682 5711.1116522923112 838.71479489654303 473.50305453687906 20291.518380619586 4784.4402983486652 8087.8654092177749 705.34671521186829 1420.9268396496773 1787.6770165190101 5878.4595928490162 306.75471325963736 350.55060329288244 4475.0268080160022 270.39075826108456 2848.6224192008376 438.55246283859015 953.11687409132719 5375.7279343903065 771.03717821836472 5610.8847684934735 4570.2610820010304 7402.3947843015194 209.13085843622684 12775.759049601853 1604.2629753649235 503.31286939233541
leaf_count=32938 25000 1969 42468 44516 47340 4276 3001 128784 33463 49581 3763 11332 9416 27055 1707 2812 48890 1568 17000 4277 7485 22923 3620 53042 27430 62428 1795 71195 8498 4275
internal_value=2.22572e-05 -0.0189497 0.00486716 0.00301299 0.00816058 -0.0356594 -0.00131743 -0.00255974 0.00896521 0.00569487 -0.00483568 0.0139811 -0.00817973 -0.0068905 -0.0308931 0.00997047 0.00503222 0.0213314 -0.00154372 0.0161945 0.00863836 -0.0129872 -0.0238135 0.0153001 -0.025976 0.0183528 -0.011305 -0.0106163 -0.0117319 -0.00262225
internal_weight=115340 23462.2 91877.6 82578.9 37729.2 9194.54 44849.7 42362.5 6985.62 32018 35376.9 6205.37 14267.6 13812.9 780.258 20128.4 11224.5 9298.73 11889.6 8903.94 3801.74 7934.44 2558.71 5881.28 5408.98 8256.26 647.683 15085.4 14380 853.863
internal_count=803847 129627 674220 577142 290399 64644 286743 261743 49503 243059 212240 44795 64983 63014 4708 168993 93406 97078 74066 75587 24485 35959 13036 54610 31706 69515 6072 83456 79693 7087
is_linear=0
shrinkage=0.05


Tree=41
num_leaves=31
num_cat=0
split_feature=16 19 16 22 22 5 5 13 24 5 22 22 12 2 11 24 11 22 23 12 12 22 22 12 22 11 11 23 0 11
split_gain=3941.98 1439.79 600.922 507.955 310.561 310.034 273.249 261.257 318.103 228.056 217.747 289.435 205.325 188.211 203.225 194.659 183.986 182.799 173.502 168.128 161.208 147.6 206.003 152.164 159.376 140.361 161.108 174.041 134.678 134.045
threshold=0.36764706671237951 0.57352942228317272 0.10294117778539659 -0.16078418999999997 -0.15288999499999997 3.5000000000000004 16.500000000000004 -32.708159159603682 5.5000000000000009 8.5000000000000018 -1.6132802499999999 -1.5738755999999998 10.65015479876161 1.693256348371506 77.059271984725001 3.5000000000000004 34.722900977490859 -0.16078418999999997 1.9378600000000001 0.56811145510835925 1.8869969040247681 -1.6132802499999999 -1.5738755999999998 2.7631578947368425 -1.1558719999999998 77.785250096994204 54.902615672167705 2.0294156500000002 0.21618565171957019 9.5080668581966847
decision_type=2 2 2 2 2 2 2 2 8 2 2 2 2 2 2 10 2 2 2 2 2 2 2 2 2 2 2 2 2 2
left_child=2 3 -1 6 -4 12 10 9 -9 19 18 -12 -3 -13 15 16 -15 21 -2 -5 -6 -7 -23 25 -25 26 -24 -28 -10 -19
right_child=1 5 4 7 20 17 -8 8 28 -11 11 13 -14 14 -16 -17 -18 29 -20 -21 -22 22 23 24 -26 -27 27 -29 -30 -31
leaf_value=-0.036053321132215342 0.030550989721777295 0.023628022823876067 -0.023070104549975559 -0.061809703315422251 -0.026104314166746329 0.026241099376885815 -0.015361799872940177 0.014729401511355206 0.0039829974869886398 0.0036059765177321535 -0.055036746239885762 0.0074807085291218314 -0.0073415299479050525 -0.0014078564898518731 0.0093287940805366794 0.0086138266908294455 -0.011229376688200956 -0.011231755850290272 0.00097692659981921115 0.021190974095889818 -0.0041286850389996637 -0.059935109078473263 0.0048268826467257522 -0.010005110817232829 0.013723196173739544 0.018207848582003725 -0.0094090465308265432 -0.056825274725789826 -0.0048113157838361202 0.0160834489879631
leaf_weight=4999.7210354954004 854.3220771625638 7511.9189679436386 6782.174797333777 60.939785093069077 991.12837276607752 834.12015382945538 4683.739807151258 3902.6750049516559 7630.3324538767338 4057.5939552262425 269.07135870307684 3704.1349822059274 575.79880237579346 7622.3806043788791 2366.969796217978 2048.7365057468414 12735.485976427794 469.31465388089418 1180.4457526430488 4350.2225328758359 5257.473149754107 121.82274520397186 2333.3888615593314 815.88088195770979 5303.118999004364 809.67937355488539 2025.8975983187556 213.0589796230197 10134.50527895987 10123.353963784873
leaf_count=37627 5417 88443 35378 441 4806 6822 20829 26428 51835 25339 1528 25604 4618 47163 14105 14545 73522 3319 6973 36582 25906 818 18826 6379 44822 6793 16018 1218 58851 93134
internal_value=0.000145605 0.00414619 -0.0213177 -5.63112e-05 -0.0156616 0.0129999 -0.00411198 0.00471651 0.00180581 0.0121625 -0.00239976 -0.00351874 0.0214225 -0.00303005 -0.00460186 -0.0060738 -0.00755226 0.0100438 0.0134029 0.0200306 -0.00761799 0.005937 0.00447773 0.00516517 0.0105582 -0.000967223 -0.00436602 -0.0139445 -0.00103398 0.0148723
internal_weight=114769 96738.9 18030.5 65601.6 13030.8 31137.4 35465.3 30136.3 21667.5 8468.76 30781.5 28746.8 8087.72 28477.7 24773.6 22406.6 20357.9 23049.6 2034.77 4411.16 6248.6 12457 11622.8 11501 6119 5382.02 4572.35 2238.96 17764.8 10592.7
internal_count=804089 700372 103717 409162 66090 291210 209686 199476 137114 62362 188857 176467 93061 174939 149335 135230 120685 198149 12390 37023 30712 101696 94874 94056 51201 42855 36062 17236 110686 96453
is_linear=0
shrinkage=0.05


Tree=42
num_leaves=31
num_cat=0
split_feature=15 18 14 22 14 20 14 12 23 22 11 14 12 13 14 14 12 11 23 14 4 17 12 14 13 3 12 23 16 11
split_gain=3622.05 1198.44 1075.61 559.789 494.523 477.737 396.038 457.3 412.697 307.462 304.765 284.459 312.98 296.009 337.333 424.506 356.193 297.052 284.575 277.777 264.42 261.522 260.359 240.021 216.582 214.497 205.188 352.488 203.023 195.085
threshold=14.68165969848633 178.38541412353518 203.50000000000003 -0.16078418999999997 212.50000000000003 -6.5469207763671866 203.50000000000003 1.4442724458204337 2.1617061000000004 -1.6132802499999999 12.778281696572909 269.50000000000006 2.2244582043343657 -34.223689303690151 221.50000000000003 248.50000000000003 3.6795665634674926 9.5080668581966847 0.44444790500000003 244.50000000000003 215.00924082472923 186.711540222168 3.4164086687306505 177.50000000000003 -71.248739037547395 10.733306229114534 5.3777089783281742 1.4349610000000002 0.073529412969946875 145.48981178265885
decision_type=2 2 2 2 2 2 2 2 2 2 2 2 2 2 2 2 2 2 2 2 2 2 2 2 2 2 2 2 2 2
left_child=1 3 -2 5 25 -1 7 23 9 -8 -6 12 18 19 -15 16 -16 -17 -5 -14 -11 24 -13 -7 -9 -3 -19 -28 -4 -20
right_child=2 4 28 11 10 6 8 21 -10 20 -12 22 13 14 15 17 -18 26 29 -21 -22 -23 -24 -25 -26 -27 27 -29 -30 -31
leaf_value=0.014125135122918676 -0.042427988683609419 0.030511751571378906 -0.027902732000248759 -0.024599465157419835 -0.014487076325960619 -0.013717028756019312 0.026539225096420954 0.031029582449715754 -0.035846380794241586 0.0023707213398195376 0.0089094813893749424 0.042259017628318254 0.019205457213872273 -0.0039183439330125278 0.00056761702874024919 -0.023783525228174601 0.031188154583658034 -0.0027261310493594572 -0.0014664490886993518 -0.020055748154802808 -0.010699982078976255 0.0049023629065102726 0.0035760733754550212 -0.05441700582976098 -0.013372909600366623 0.015700320710167068 0.02934196407628922 -0.033385151249745462 -0.0091398077292052984 0.066843049646424027
leaf_weight=3355.4871867746115 5085.3802838400006 3543.5274810045958 1849.5565677955747 1483.7566637098789 1551.6361395418644 611.36424341797829 1052.0681196451187 280.80110122263432 823.84798396378756 14171.129480071366 13449.298869460821 941.58612067252398 5622.9040460288525 8512.2569406852126 1401.2046551629901 1032.8325681388378 2946.8362268805504 2620.2031802609563 6465.6532837599516 488.94500926882029 5321.5241298004985 2769.8788476213813 808.10985779762268 891.08017209917307 10909.712045252323 7893.8841789439321 1435.9492676332593 264.44982336461544 6535.2832108736038 105.23779599368572
leaf_count=26506 42452 44658 11783 9199 10831 3260 6299 1754 4014 91683 116416 6721 43689 51243 8948 5993 20120 17058 41703 4150 24658 22307 5543 4551 53860 82076 9924 1714 30276 627
internal_value=6.23597e-05 0.00331795 -0.0242874 6.53945e-05 0.0124604 -0.00393368 -0.00557925 -0.011674 -0.00116862 0.000223641 0.00648863 0.00477415 0.00371264 0.00654124 0.00334578 0.00971921 0.0213227 0.000292637 -0.00482965 0.0160618 -0.00119797 -0.00885155 0.0244053 -0.0378758 -0.0122561 0.0202914 0.00605217 0.0195726 -0.0132814 -0.000362416
internal_weight=114225 100755 13470.2 74316.8 26438.3 40186.9 36831.4 15462.8 21368.6 20544.7 15000.9 34129.9 32380.2 24325.6 18213.7 9701.48 4348.04 5353.43 8054.65 6111.85 19492.7 13960.4 1749.7 1502.44 11190.5 11437.4 4320.6 1700.4 8384.84 6570.89
internal_count=804016 719505 84511 465524 253981 238892 212386 85732 126654 122640 127247 226632 214368 162839 115000 63757 29068 34689 51529 47839 116341 77921 12264 7811 55614 126734 28696 11638 42059 42330
is_linear=0
shrinkage=0.05


Tree=43
num_leaves=31
num_cat=0
split_feature=19 19 15 5 24 5 22 4 4 11 11 9 22 5 22 11 22 5 11 24 22 13 3 22 9 22 11 11 22 24
split_gain=3227.42 1075.93 883.377 402.878 352.59 340.275 208.168 195.365 189.508 187.153 174.325 274.889 161.364 178.599 159.484 156.956 220.653 148.953 145.463 130.902 126.766 124.368 117.617 117.83 117.238 115.325 201.515 169.691 112.157 155.515
threshold=0.10294117778539659 0.57352942228317272 28.357535362243656 13.500000000000002 3.5000000000000004 3.5000000000000004 -0.17849789999999996 20.320640832185749 633.09328168630611 81.284812012300975 20.631915132800589 16.500000000000004 -0.16078418999999997 12.500000000000002 -0.047694848849999992 35.008993896410665 -0.18673216999999998 6.5000000000000009 45.235057061024868 7.5000000000000009 -0.17849789999999996 -34.223689303690151 21.887142002582554 -1.6132802499999999 4.5000000000000009 1.0894472500000003 40.385965296750662 26.064441246721586 1.5679100000000001 6.5000000000000009
decision_type=2 2 2 2 10 2 2 2 2 2 2 2 2 2 2 2 2 2 2 8 2 2 2 2 2 2 2 2 2 10
left_child=2 3 6 4 7 10 24 18 14 15 11 -3 13 -7 -5 22 -17 -8 -2 -14 -4 -18 -9 -24 -1 26 -19 -27 -6 -30
right_child=1 5 20 8 28 12 17 9 -10 -11 -12 -13 19 -15 -16 16 21 25 -20 -21 -22 -23 23 -25 -26 27 -28 -29 29 -31
leaf_value=-0.021491816057352512 0.0062150761980905899 0.030197702300662783 -0.043351874333575076 -0.010374011758079317 0.0082448675622841267 0.0066285577917957559 -0.028470833411784774 -0.0046058271642366094 -0.03338514365524764 0.011241284017901887 0.025497498691049048 -0.0052207247854096674 0.020707830594895851 -0.014784764219171921 0.00016016322186937956 -0.0092614774744910061 0.012202255811888057 0.0081711703230714777 0.032104960143885072 0.0090296211236351575 -0.028004686130671464 -0.0036960741348122002 0.031111193889489713 0.0043297548683473601 -0.0079067326923608194 -0.044483283393225048 -0.010199254317365281 -0.0015115862706471493 0.044498749062199333 0.0088945456712392224
leaf_weight=5340.8314649239182 3340.8436529040337 917.09399328008294 2511.4496778771281 7955.9456163421273 11045.225469663739 11226.532910767943 656.78145070374012 4161.8736704587936 640.68251821398735 2697.5444450601935 5567.970297768712 1357.7255767583847 3747.1797884777188 1065.2899373844266 6551.1577429622412 11962.190313339233 2182.6029210910201 2987.0405947417021 646.92280980944633 6678.0399979203939 2920.2686707302928 2816.3042392581701 437.06405740231276 6587.788365252316 2262.3781904950738 399.89538836479187 2982.2875026911497 538.27960271388292 532.30525247752666 723.30991145223379
leaf_count=27068 24793 12565 21498 37998 81975 94380 3889 28208 2922 17721 68855 11303 38350 6954 34823 70303 16373 14173 5783 58147 21713 18096 2834 41704 11297 1901 14696 2743 4571 4834
internal_value=9.73695e-05 0.00406994 -0.0178065 0.000299512 0.00257925 0.0117539 -0.0116089 9.31872e-06 -0.00679386 -0.00133717 0.020733 0.00906522 0.00865318 0.00477169 -0.00561728 -0.00254298 -0.00557507 -0.00573507 0.0104221 0.0132288 -0.0351074 0.00324644 0.00205431 0.0060002 -0.0174511 -0.00356949 -0.0010069 -0.0198561 0.00985613 0.024012
internal_weight=113441 92841.6 20599.2 62281.8 47134 30559.8 15167.5 34833.1 15147.8 30845.4 7842.79 2274.82 22717 12291.8 14507.1 28147.8 16961.1 7564.28 3987.77 10425.2 5431.72 4998.91 11186.7 7024.85 7603.21 6907.5 5969.33 938.175 12300.8 1255.62
internal_count=802470 683492 118978 392938 317195 290554 75767 225815 75743 195239 92723 23868 197831 101334 72821 177518 104772 37402 30576 96497 43211 34469 72746 44538 38365 33513 28869 4644 91380 9405
is_linear=0
shrinkage=0.05


Tree=44
num_leaves=31
num_cat=0
split_feature=19 14 18 17 21 4 20 22 14 4 13 22 14 14 1 21 21 14 4 22 14 4 14 21 22 21 19 20 14 21
split_gain=2918.86 1852.39 868.574 717.353 621.923 416.677 363.351 344.341 330.025 368.651 324.863 565.121 441.564 306.854 265.368 248.359 247.125 242.513 220.537 218.668 178.172 253.051 173.472 170.101 162.548 161.924 157.72 256.283 153.449 152.358
threshold=0.22058823704719546 210.50000000000003 185.39170837402347 157.279411315918 -0.11925592499999998 259.93872990459209 -14.578781127929686 1.5679100000000001 269.50000000000006 123.67467518523337 -38.593676229045016 -1.1729728499999998 197.50000000000003 187.50000000000003 0.25620211288332945 1.3326296000000002 -1.5734585999999997 169.50000000000003 43.315855957567699 0.37528550500000007 228.50000000000003 1227.8899683952334 223.50000000000003 -0.14242072499999997 -1.6132802499999999 -1.1462150499999997 0.54411765933036815 46.151657104492195 243.50000000000003 0.76635733000000006
decision_type=2 2 2 2 2 2 2 2 2 2 2 2 2 2 2 2 2 2 2 2 2 2 2 2 2 2 2 2 2 2
left_child=1 3 4 -1 6 -3 -2 8 9 26 11 12 13 -8 -12 -11 -7 -4 -5 -13 21 29 -17 -19 25 -16 27 -6 -28 -18
right_child=2 5 17 18 7 16 10 -9 -10 15 14 19 -14 -15 24 22 20 23 -20 -21 -22 -23 -24 -25 -26 -27 28 -29 -30 -31
leaf_value=-0.047703767016635083 0.019757554175932709 0.0091124135845066165 0.043852126579578959 -0.0056349788906580565 0.00098550416042386549 -0.047430786132522447 -0.035314867511696671 0.038040519555239023 0.032436134751286545 -0.0037015495574176079 0.0038399247031929585 0.0069706258498167754 0.011571081983028052 -0.11929073958101211 -0.017751978369651016 -0.0092063203208833499 -0.013003600372658282 0.0099965589297768571 -0.024579323392112412 0.028048705601967552 -0.0024875705228239588 -0.03653290451588747 0.029087633052457925 0.024631483345551843 -0.0080237872974221729 0.025410031100971581 0.019162185180649449 0.017241393627089981 0.0036126109637977656 0.016606631622587659
leaf_weight=3320.4010743945837 2000.6480501405895 5180.3644550219178 931.58159356564283 1940.6067158281803 7193.7022135406733 377.34591607749462 394.44778323918581 941.56129682436585 1261.6017417237163 9832.8691090270877 7296.8545061424375 5392.3733812645078 379.68076300621033 149.99200673401356 311.054303124547 410.31751079112291 2476.3120454251766 4214.5729559026659 7384.7371070832014 1593.6631833165884 8913.9993899092078 1029.5118913426995 1054.3767237439752 3756.9396591819823 21852.279709920287 715.45951910316944 6699.3414780944586 3656.3479662239552 2079.5628822222352 525.91996047645807
leaf_count=32240 21904 26831 14162 9024 49840 1710 2590 8758 11689 63249 50581 38605 2269 721 1702 2663 11999 39581 40274 13394 38925 5980 9335 43357 131157 4170 75413 30684 19471 2514
internal_value=3.25008e-05 -0.0129996 0.00497588 -0.0277479 0.00318259 -0.00291921 -0.00100676 0.00825151 0.00737897 0.00635579 -0.002098 0.00692075 -0.0298039 -0.0586263 -0.0044623 -0.000839829 -0.00759775 0.0197213 -0.020638 0.0117823 -0.00643312 -0.0151538 0.0183611 0.0168962 -0.00711022 0.0123265 0.0104971 0.00646464 0.0154796 -0.00781279
internal_weight=113268 31149.2 82119.2 12645.7 73216.1 18503.5 40086.5 33129.7 32188.1 30926.5 38085.8 7910.16 924.121 544.44 30175.6 11297.6 13323.1 8903.09 9325.34 6986.04 12945.7 4031.74 1464.69 7971.51 22878.8 1026.51 19629 10850.1 8778.9 3002.23
internal_count=804792 169497 635295 81538 538195 87959 267093 271102 262344 250655 245189 57579 5580 3311 187610 75247 61128 97100 49298 51999 59418 20493 11998 82938 137029 5872 175408 80524 94884 14513
is_linear=0
shrinkage=0.05


Tree=45
num_leaves=31
num_cat=0
split_feature=17 20 18 5 17 20 5 20 18 20 4 0 20 17 20 12 20 17 4 0 17 20 5 4 12 12 5 12 17 12
split_gain=2766.95 1409.04 878.359 530.199 445.792 300.527 287.762 252.003 222.189 209.188 198.762 181.021 156.498 159.463 151.94 141.323 168.844 199.097 156.477 136.644 136.349 125.206 172.161 125.149 120.27 111.436 154.642 108.08 107.878 159.41
threshold=163.29412078857425 54.358283996582038 185.39170837402347 10.500000000000002 157.279411315918 29.333641052246097 15.500000000000002 -18.344085693359371 157.70588684082034 -12.666358947753904 545.79983105883014 0.72771972417831432 21.092330932617191 199.7559509277344 70.524711608886733 5.3777089783281742 87.784561157226577 177.64930725097659 134.64440439268949 0.21618565171957019 192.54412078857425 73.966629028320327 29.500000000000004 1299.6740894317629 5.1625386996904039 4.2554179566563475 23.500000000000004 8.4334365325077432 187.78333282470706 1.258513931888545
decision_type=2 2 2 2 2 2 2 2 2 2 2 2 2 2 2 2 2 2 2 2 2 2 2 2 2 2 2 2 2 2
left_child=1 4 3 9 -1 6 -5 -4 21 20 15 -11 28 27 -15 16 18 -18 -7 -6 -2 23 25 -3 -10 26 -23 -14 -13 -30
right_child=2 8 7 5 19 10 -8 -9 24 11 -12 12 13 14 -16 -17 17 -19 -20 -21 -22 22 -24 -25 -26 -27 -28 -29 29 -31
leaf_value=-0.04697965071788765 0.0087450329601155199 -0.012637192514694653 0.042361541316394406 -0.0078455411420174908 -0.0033118219882719113 0.0048951912336848069 -0.035556098174502747 0.015815986383872615 -0.0027174574566295813 0.0065796294119648338 -0.03051494336569224 -0.0087044154778565096 0.0069420479635204568 -0.0007104776038197565 -0.042695544033867668 0.0085550336836138583 -0.0050538455140489531 0.022577198952240942 -0.0070859145759549162 -0.026470544137076543 0.027476292143643666 -0.00531122171846785 0.014219392566181811 -0.037228584670007857 0.014391204003052863 -0.0016614372756681252 -0.025470887172856383 -0.014783184801264091 -0.034586067981526011 0.0092408933276483026
leaf_weight=3166.5629962086678 2548.7417289279401 1538.7495706006885 1010.4967242144048 4136.3830379769206 747.97885102033615 3616.0953525006771 1210.5606008768082 7736.5668543130159 3563.0208581462502 30551.22258548066 550.7948339805007 5644.5271998494864 10326.552158690989 601.59911794960499 334.77963300794363 3842.5682855695486 1224.4891724959016 1392.5659883394837 11052.880157202482 4301.7863136380911 1570.4773240722716 1863.5915968716145 805.62663091719151 779.82584924995899 1442.2125746905804 2296.8777464777231 1943.5251440554857 605.14822738617659 231.79577677324414 1907.6132978610694
leaf_count=31952 23709 8231 15755 20789 3873 22451 5345 81077 16364 242444 2501 31367 75783 5397 2310 22577 7601 9999 61193 27473 21071 7994 3465 4760 6926 9998 8331 3915 1889 17715
internal_value=-8.10237e-05 -0.0157862 0.00383246 0.00221349 -0.0322719 -0.00350925 -0.0141248 0.0188871 -0.00626809 0.00506065 -0.000890539 0.00417168 0.000428124 0.00404152 -0.0157508 -0.000116862 -0.00204495 0.00965197 -0.00413228 -0.0230416 0.0158914 -0.0108685 -0.00749283 -0.0209207 0.00221414 -0.0103603 -0.0156067 0.00573816 -0.00508099 0.00447849
internal_weight=112546 22449.8 90095.9 81348.8 8216.33 27026.3 5346.94 8747.06 14233.4 54322.5 21679.4 50203.2 19652 11868.1 936.379 21128.6 17286 2617.06 14669 5049.77 4119.22 9228.2 6909.62 2318.58 5005.23 6103.99 3807.12 10931.7 7783.94 2139.41
internal_count=804255 129367 674888 578056 63298 152456 26134 96832 66069 425600 126322 380820 138376 87405 7707 123821 101244 17600 83644 31346 44780 42779 29788 12991 23290 26323 16325 79698 50971 19604
is_linear=0
shrinkage=0.05


Tree=46
num_leaves=31
num_cat=0
split_feature=17 14 19 20 21 14 1 11 21 5 17 14 21 11 21 5 21 21 11 14 21 20 14 14 17 14 21 11 17 11
split_gain=2487.83 1493.34 934.064 604.896 478.721 382.535 331.926 307.029 290.175 285.136 272.156 241.284 310.855 271.529 279.437 233.684 225.483 218.639 250.96 215.38 430.93 274.901 210.057 195.317 188.22 188.111 184.714 164.834 161.024 151.746
threshold=162.33823394775393 210.50000000000003 0.60294118523597728 63.940284729003913 0.063103135650000017 218.50000000000003 2.9416559934616093 111.65133048040369 -0.76345792499999987 8.5000000000000018 157.279411315918 231.50000000000003 1.3326296000000002 119.69848180428473 0.3317518550000001 10.500000000000002 0.0095684877600000027 -0.13247221999999995 41.550116399274252 230.50000000000003 -1.6777381999999998 -2.9402847290039058 169.50000000000003 267.50000000000006 200.058708190918 232.50000000000003 -1.5734585999999997 145.48981178265885 200.71794891357425 12.319892726561788
decision_type=2 2 2 2 2 2 2 2 2 2 2 2 2 2 2 2 2 2 2 2 2 2 2 2 2 2 2 2 2 2
left_child=1 10 4 16 6 9 -2 19 -5 -6 -1 13 15 14 -7 -13 22 18 25 21 -21 -8 -4 -17 -10 -3 -27 -11 -26 -22
right_child=2 17 3 8 5 11 7 -9 24 27 -12 12 -14 -15 -16 23 -18 -19 -20 20 29 -23 -24 -25 28 26 -28 -29 -30 -31
leaf_value=-0.046756713779856567 0.0026306216561036472 -0.023739480734683044 0.030686021076805917 -0.01805419500905955 0.0069374371014520181 0.0067141227384883906 0.0039313092335645184 0.044565696012057399 0.012446369188199554 -0.0076360305763109931 -0.026083494358188325 0.013999072129660541 0.028410484176166574 -0.020837265051722724 0.048519786522684433 -0.0065081977199289284 0.025294548795117944 -0.00074435847075512377 -0.027753233576219141 -0.036236727303473465 -0.02541918058356965 -0.012847810131333721 0.010078268366836625 0.026556205501697874 -0.060790747287894069 -0.04017423715761826 0.0064142639819633864 0.06738309348695895 -0.0035096060212627444 0.0057310697828901001
leaf_weight=3080.8961814343929 17387.442257288843 1015.6640492156148 1440.9496686197817 1715.3309244886041 7977.3104016929865 596.90664941072464 2936.6499043777585 291.85019550845027 3403.5425551310182 6997.6643564328551 3305.1156336888671 3970.431065492332 1742.4908166825771 249.58837524056435 1211.1855418533087 3902.0560064762831 5916.0692598298192 7255.2327170819044 2061.1652565747499 739.68407852202654 414.75521712750196 14451.974780287594 8700.1766119748354 503.36380945146084 132.61570560187101 234.66633814573288 2187.6536576598883 73.005050301551819 1502.4446123316884 6559.0831299498677
leaf_count=32197 118191 5287 19633 9304 65615 4447 21637 1720 29542 36908 22725 36200 15598 1566 9532 25634 72284 33273 10114 3392 2501 75900 81719 4107 1047 994 9615 420 13165 39298
internal_value=8.51343e-05 -0.0163275 0.00346985 0.0122566 0.000606584 0.00578966 -0.00269173 -0.00633593 -0.000297838 0.000458084 -0.0360629 0.0123782 0.00920237 0.0279829 0.0347298 0.00520344 0.0175368 -0.00644412 -0.0139625 -0.00692949 2.43917e-05 -0.010014 0.0130092 -0.00272509 0.00574948 -0.00568894 0.00188621 -0.00685203 -0.00818986 0.00387509
internal_weight=111957 19140.4 92816.6 22811.1 70005.4 27224 42781.4 25394 6753.93 15048 6386.01 12176 10118.3 2057.68 1808.09 8375.85 16057.2 12754.4 5499.15 25102.1 7713.52 17388.6 10141.1 4405.42 5038.6 3437.98 2422.32 7070.67 1635.06 6973.84
internal_count=803565 114205 689360 226694 462666 200027 262639 144448 53058 102943 54922 97084 81539 15545 13979 65941 173636 59283 26010 142728 45191 97537 101352 29741 43754 15896 10609 37328 14212 41799
is_linear=0
shrinkage=0.05


Tree=47
num_leaves=31
num_cat=0
split_feature=17 14 19 21 17 23 4 14 5 14 21 13 21 18 18 17 5 14 7 4 18 13 21 14 23 23 14 21 23 4
split_gain=2364.04 1346.24 782.781 440.064 415.017 411.457 320.315 273.139 297.789 260.389 245.209 212.075 205.588 170.365 167.21 179.18 166.439 161.257 153.565 139.699 130.307 128.762 169.078 128.314 128.365 124.212 120.613 119.041 118.168 116.005
threshold=163.29412078857425 212.50000000000003 0.63235294818878185 -0.15315947999999999 157.279411315918 1.6251929000000003 12.400000035762789 268.50000000000006 9.5000000000000018 241.50000000000003 -1.5734585999999997 -36.530851112569074 0.0095684877600000027 156.92646789550784 183.83870697021487 200.43750000000003 3.5000000000000004 207.50000000000003 1.0000000180025095e-35 62.17720356583596 179.23841094970706 -15.94495719667789 0.64024144500000013 218.50000000000003 1.1675285000000002 1.5362299500000003 262.50000000000006 1.4441750000000002 1.5640419500000002 107.02760487049819
decision_type=2 2 2 2 2 2 2 2 2 2 2 2 2 2 2 2 2 2 2 2 2 2 2 2 2 2 2 2 2 2
left_child=1 4 3 6 -1 7 -2 8 21 12 -3 -8 16 27 15 -11 -4 -10 25 -6 -17 23 -23 24 -5 -13 29 -12 -27 -7
right_child=2 10 9 5 19 26 11 -9 17 14 13 18 -14 -15 -16 20 -18 -19 -20 -21 -22 22 -24 -25 -26 28 -28 -29 -30 -31
leaf_value=-0.045324025423883328 0.014372426743211045 -0.041418124769439367 0.024416046854825089 0.010899670915718631 -0.0061277807768152191 0.023904998050664029 0.0041319567008770092 0.026699840539836168 -0.011785314511890547 0.0048151953482789408 -0.010294834197273259 -0.0057925821125113693 0.02727548145091337 0.0027880602745962856 0.017559651247370966 0.0082170054561869887 0.0077230401944903652 0.00045005292547011108 -0.011981210977150936 -0.026464959011319979 -0.033850165270515008 -0.0058625573421696442 0.01325121883748384 0.01873410898468254 -0.0041669119534034835 0.028634984427299601 0.041635462209261315 0.013059535399269698 0.00069920049813904485 0.0077270613909824889
leaf_weight=3097.8587936460972 2736.8477328158915 453.42219415307045 2173.4958417750895 4943.7816841974854 1091.8150959983468 2350.1273462325335 7473.5484829060733 1205.2722799479961 3836.1206078454852 2760.5671116113663 7626.4848392084241 15282.42671296373 3919.8633911795914 5431.6876153349876 1701.8435919359326 263.12056860327721 4771.2835305705667 9030.6169051826 6652.5224201194942 3736.3035630211234 609.26966412365437 3376.0788356661797 1758.985498636961 3173.9201377928257 1979.0669623315334 401.92471458390355 523.84779883176088 586.83250403404236 6257.7630987204611 2098.4744426310062
leaf_count=33312 23676 2026 29129 44029 5590 22203 51183 11058 19073 21750 35175 96266 49455 25340 15243 1953 41912 57815 34281 25225 4605 26934 14525 31014 17453 2470 4984 2518 37269 15277
internal_value=0.000115927 -0.0145549 0.00373516 0.00153085 -0.0310404 0.00565907 -0.00211565 0.00340213 0.00240188 0.0136789 -0.00528543 -0.00336712 0.0181207 -0.0040818 0.00463124 -0.00142819 0.0129502 -0.00319846 -0.00532717 -0.0218682 -0.0211675 0.00713253 0.000686057 0.0104107 0.00659254 -0.00330931 0.0189564 -0.0086248 0.00238922 0.0162771
internal_weight=111305 22024.4 89280.8 73081.3 7925.98 34276.3 38805 29303.8 28098.6 16199.4 14098.4 36068.2 10864.6 13645 5334.8 3632.96 6944.78 12866.7 28594.6 4828.12 872.39 15231.8 5135.06 10096.8 6922.85 21942.1 4972.45 8213.32 6659.69 4448.6
internal_count=802743 129186 673557 509510 64127 264365 245145 221901 210843 164047 65059 221469 120496 63033 43551 28308 71041 76888 170286 30815 6558 133955 41459 92496 61482 136005 42464 37693 39739 37480
is_linear=0
shrinkage=0.05


Tree=48
num_leaves=31
num_cat=0
split_feature=16 14 19 22 20 13 14 11 12 14 23 14 2 23 23 22 22 23 14 14 17 14 14 11 12 23 4 23 11 22
split_gain=2173.61 963.395 845.611 411.207 489.906 284.753 305.761 325.195 310.587 394.037 388.509 281.55 291.355 279.832 244.986 323.256 366.374 235.805 232.58 231.493 222.809 221.06 218.749 224.74 306.827 336.946 214.956 212.095 355.666 210.77
threshold=0.33823530375957495 202.50000000000003 0.63235294818878185 -0.16078418999999997 -7.7343139648437491 -33.07917245738092 223.50000000000003 9.5080668581966847 5.3777089783281742 269.50000000000006 1.9593707000000002 189.50000000000003 3.4817915707826619 0.53717247000000012 2.1617061000000004 -1.6132802499999999 -1.5738755999999998 0.17156968000000003 241.50000000000003 233.50000000000003 157.279411315918 229.50000000000003 268.50000000000006 18.435597973895888 2.6300309597523226 0.29784916500000008 51.474384054541595 1.2643609500000001 80.377632546720136 0.075349397950000022
decision_type=2 2 2 2 2 2 2 2 2 2 2 2 2 2 2 2 2 2 2 2 2 2 2 2 2 2 2 2 2 2
left_child=1 20 3 4 -2 26 -7 29 9 17 -10 12 -6 -11 15 21 -17 19 -4 -9 -1 -13 23 -18 25 -25 -5 28 -27 -8
right_child=2 -3 18 5 11 6 7 8 10 13 -12 14 -14 -15 -16 16 22 -19 -20 -21 -22 -23 -24 24 -26 27 -28 -29 -30 -31
leaf_value=-0.047933194103419202 0.014536067803087804 -0.0084383651935106135 0.017699492109431884 0.022470525714123196 0.0059408132373166131 -0.003894806657200928 -0.06005246829343569 -0.10722242310313874 0.026510381858584432 -0.0053439384736256234 -0.031299864650497902 -0.00626718617245929 -0.014717007865326837 0.047436667139976775 -0.022487147496783568 -0.06180040501056016 -0.016630447357234308 0.0021748514599538343 0.0049043961577383312 -0.015017255314462928 -0.026531160324597548 0.038427214243933458 0.020286384946265033 -0.072346187908965118 0.004981325255819409 -0.016213869420734349 0.0069853824395914796 0.0046604958086354335 0.014508286566805832 -0.0069458831114841916
leaf_weight=2032.4446516856551 3890.526163071394 10170.008383430541 10758.066825274378 3239.2773537859321 2105.2255094647408 11887.226022791117 214.21079361438751 92.840675450861454 3480.2481390684843 361.55090735852718 316.26379377394915 405.59514884278178 9008.003083743155 819.81296914070845 1314.1437744125724 249.31587982177734 2374.3954156041145 7017.1555815301836 5303.2203636467457 249.43215784430504 3041.0921918526292 867.58342552185059 1150.0023146122694 191.76593985781074 11928.456019431353 5382.7103144191206 7272.7684747315943 3334.7981294207275 1141.0513368584216 1419.8466348424554
leaf_count=24201 37156 51534 120933 34031 14470 78386 1279 635 26317 2524 2065 2380 49361 6106 6745 1387 14204 47407 43398 1770 20830 5802 7739 1172 77489 33002 54933 20505 7201 9047
internal_value=0.000217902 -0.0173181 0.00300907 0.000900128 -0.00238947 0.00482036 0.0019994 0.00701427 0.00979056 0.00450023 0.0216876 -0.00405885 -0.0108035 0.0312926 -0.00141369 -0.000388182 -0.00160445 0.000195752 0.0134753 -0.0402672 -0.0351125 0.0241952 -0.00101359 -0.0020202 -0.000441154 -0.0068768 0.0117588 -0.0055961 -0.010839 -0.0139402
internal_weight=111019 15243.5 95775.5 79714.2 43343.6 36370.6 25858.6 13971.4 12337.3 8540.79 3796.51 39453 11113.2 1181.36 28339.8 27025.7 25752.5 7359.43 16061.3 342.273 5073.54 1273.18 25503.2 24353.2 21978.8 10050.3 10512 9858.56 6523.76 1634.06
internal_count=804009 96565 707444 543113 278613 264500 175536 97150 86824 58442 28382 241457 63831 8630 177626 170881 162699 49812 164331 2405 45031 8182 161312 153573 139369 61880 88964 60708 40203 10326
is_linear=0
shrinkage=0.05


Tree=49
num_leaves=31
num_cat=0
split_feature=19 14 19 20 14 21 21 23 25 14 21 14 3 21 14 5 11 13 14 11 3 23 23 13 23 11 21 21 19 11
split_gain=2023.87 1417.78 745.06 522.693 372.894 310.646 302.436 265.951 263.721 270.035 324.039 304.12 271.173 246.779 260.936 227.518 213.164 240.023 196.523 189.786 208.009 212.682 189.673 335.383 188.717 182.628 175.245 169.039 160.405 154.387
threshold=0.10294117778539659 209.50000000000003 0.57352942228317272 68.123107910156264 268.50000000000006 -0.76345792499999987 0.033785214650000006 1.9593707000000002 24.868115207552915 253.50000000000003 -0.79875919499999992 229.50000000000003 8.5114741958677786 0.0095684877600000027 209.50000000000003 7.5000000000000009 30.010807182985843 -38.993787704145198 213.50000000000003 38.133061216700106 10.733306229114534 0.79899701500000009 0.29784916500000008 8.6688698697892885 0.30975498500000004 96.005895777764081 1.3326296000000002 -1.2226113499999998 1.0000000180025095e-35 145.48981178265885
decision_type=2 2 2 2 2 2 2 2 2 2 2 2 2 2 2 2 2 2 2 2 2 2 2 2 2 2 2 2 2 2
left_child=1 28 4 13 6 -5 8 -6 9 11 -11 12 -2 14 19 -8 -10 -18 29 -4 -21 -22 23 -16 -13 -14 -7 -3 -1 -17
right_child=2 27 3 5 7 26 15 -9 16 10 -12 24 25 -15 22 18 17 -19 -20 20 21 -23 -24 -25 -26 -27 -28 -29 -30 -31
leaf_value=-0.042809661512508188 0.015188409987384469 -0.024458095806802724 0.025151094633936801 -0.018352661457524934 0.028206164923819662 0.0014043115394178375 0.010245931113591615 -0.0168418648435603 -0.00012859112052393477 -0.040097014491918208 8.0233591888001409e-05 -0.034816279509404725 -0.0052756082570401749 0.020751826375716514 -0.016247455307497338 -0.0073073334350768895 0.0021335167628321388 -0.016635273845258602 0.0049625898803253871 0.028052524692485644 0.025931214179381535 -0.0037717101353986074 0.0038778399199883443 -0.17125257853109679 0.016776269369387583 0.028241256650047727 0.02916716212823809 -0.0036634731464394287 -0.026795333308080545 0.07018907178335522
leaf_weight=2872.3961483389139 2117.8342668525875 1061.0843751430511 3147.3568414896727 2007.2088897675276 1821.7041005715728 5136.8015544787049 8409.6522358432412 398.72934658080339 4990.4193375408649 878.74018977582455 1168.3337045609951 185.16922666877508 12115.282062157989 7879.642802618444 274.91465041041374 6478.7405487746 2152.6216044910252 8158.0596295669675 8585.3100419640541 1098.9595682881773 781.09403384849429 2625.9859455674887 5624.9224078059196 39.020331978797913 3730.8892114683986 419.54808331280947 638.14323085546494 12250.960766136646 3451.3217367231846 63.918031878769398
leaf_count=31828 17198 5002 37384 10500 14822 43042 71142 2197 29210 4681 7929 1285 69702 96683 2630 34018 13259 41743 59629 13752 8011 23156 48363 298 23639 2565 6921 58023 24833 362
internal_value=-2.68232e-05 -0.0145837 0.0031168 0.00968832 -3.50942e-07 -0.00141317 -0.000751839 0.0201128 -0.00363866 5.24861e-05 -0.0171777 0.00195281 -0.00135544 0.0137118 0.00962931 0.00365324 -0.00861158 -0.012717 -1.20797e-05 0.0157313 0.0091477 0.00304348 0.00176434 -0.0359963 0.0143285 -0.00415162 0.00447668 -0.0053227 -0.0340751 -0.00653963
internal_weight=110565 19635.8 90929 29254.1 61675 7782.15 59454.5 2220.43 35916.9 20615.8 2047.07 18568.7 14652.7 21471.9 13592.3 23537.6 15301.1 10310.7 15128 7653.4 4506.04 3407.08 5938.86 313.935 3916.06 12534.8 5774.94 13312 6323.72 6542.66
internal_count=803807 119686 684121 290740 393381 60463 376362 17019 211211 126999 12610 114389 89465 230277 133594 165151 84212 55002 94009 82303 44919 31167 51291 2928 24924 72267 49963 63025 56661 34380
is_linear=0
shrinkage=0.05


Tree=50
num_leaves=31
num_cat=0
split_feature=19 14 19 21 5 22 17 21 14 23 11 12 23 14 14 25 11 14 11 21 21 12 5 14 22 14 14 5 14 14
split_gain=1855.98 1319.34 674.571 419.451 360.416 287.132 262.38 257.384 247.384 387.026 241.278 345.448 326.865 269.129 368.235 371.533 277.265 223.222 215.602 212.357 209.178 276.756 227.255 204.549 202.339 281.419 228.238 201.792 190.23 321.409
threshold=0.10294117778539659 215.50000000000003 0.63235294818878185 1.3326296000000002 5.5000000000000009 1.5679100000000001 157.279411315918 -0.64021539499999991 268.50000000000006 1.9593707000000002 88.744555543150895 2.2801857585139325 0.28358063500000003 207.50000000000003 256.50000000000006 21.653857684135442 40.385965296750662 240.50000000000003 45.413500027202332 0.0095684877600000027 -0.14242072499999997 5.0015479876161004 29.500000000000004 260.50000000000006 0.030713726750000003 232.50000000000003 252.50000000000003 24.500000000000004 228.50000000000003 240.50000000000003
decision_type=2 2 2 2 2 2 2 2 2 2 2 2 2 2 2 2 2 2 2 2 2 2 2 2 2 2 2 2 2 2
left_child=1 6 3 4 7 8 -1 -2 10 -10 11 12 18 -14 15 -15 -16 19 -6 -4 21 27 -22 -5 25 -23 -26 -3 -13 -30
right_child=2 20 17 23 5 -7 -8 -9 9 -11 -12 28 13 14 16 -17 -18 -19 -20 -21 22 24 -24 -25 26 -27 -28 -29 29 -31
leaf_value=-0.042533715549109424 -0.0015836831147038194 -0.0072147948955808743 0.011361596305493745 0.012126445105292795 -0.11229113678589681 0.023697378113727113 -0.022949931353984002 0.0097187221644719698 0.023448065844143648 -0.039583972230227117 0.0073483321924102986 -0.0049033400948471795 -0.022095320334572 0.017492154577055691 0.014166230045574039 -0.0083052397075602889 -0.045170183679519527 0.0041644950534310077 -0.033759901843377994 0.026368811202088782 -0.0023134621596555514 -0.051824112099114666 0.023431459733807711 0.043797670560034183 0.038217094172112998 0.0040563887562449358 -0.011483017195943437 -0.031851300320785876 0.016610552167123201 -0.0021743765944922258
leaf_weight=3043.4062366932631 8027.9107651785016 1529.8633180260658 6654.393191985786 3131.7300972938538 111.55338076502085 1043.469507701695 3915.5101386085153 13518.36538676545 1706.2171019539237 283.12395863234997 4584.9331635460258 19163.801337931305 3350.3443017080426 1971.5329109951854 254.18867207318544 4771.507843606174 866.05341959744692 5444.0842053033412 398.68659137189388 3652.0222869999707 6053.4804037064314 316.03053629398346 997.55424112081528 608.32570673525333 602.02261710166931 778.29020874202251 373.82702773809433 1820.8372121602297 3225.8657439500093 7735.730567574501
leaf_count=35012 61051 6764 70306 26573 675 7457 27235 122830 13797 1230 28348 108106 17958 12428 1696 28564 5132 45021 2386 48754 27297 1674 4440 6106 2732 3338 1714 9149 21165 54001
internal_value=-5.85523e-05 -0.0140791 0.00295173 0.000970216 0.000110568 -0.00224031 -0.0315196 0.00550769 -0.00279972 0.0144619 -0.00353954 -0.00473254 -0.0120141 -0.0102306 -0.00517312 -0.000761112 -0.0317058 0.0123555 -0.0511152 0.0166814 -0.00434615 -0.0117302 0.00133164 0.0172881 0.00264242 -0.012114 0.0191858 -0.0206083 -0.00189847 0.00335481
internal_weight=109935 19430.8 90503.8 74753.3 71013.3 49467 6958.92 21546.3 48423.5 1989.34 46434.2 41849.3 11723.9 11213.6 7863.28 6743.04 1120.24 15750.5 510.24 10306.4 12471.9 5420.87 7051.03 3740.06 2070.17 1094.32 975.85 3350.7 30125.4 10961.6
internal_count=802939 119355 683584 519503 486824 302943 62247 183881 295486 15027 280459 252111 68839 65778 47820 40992 6828 164081 3061 119060 57108 25371 31737 32679 9458 5012 4446 15913 183272 75166
is_linear=0
shrinkage=0.05


Tree=51
num_leaves=31
num_cat=0
split_feature=16 19 5 21 22 5 21 11 22 21 12 5 3 11 11 21 12 11 12 11 22 11 22 22 21 11 12 21 12 16
split_gain=1656.92 884.798 448.967 446.302 292.526 271.664 241.403 233.251 232.024 169.732 159.582 153.686 187.649 152.505 210.84 152.258 148.533 146.73 159.648 144.936 137.363 170.669 129.834 264.901 124.844 122.642 145.491 116.27 162.381 185.175
threshold=0.1911764740943909 0.42647059261798864 1.5000000000000002 0.9413359750000001 -0.15288999499999997 9.5000000000000018 -0.19011549499999997 20.8831020716474 -0.23260509499999996 -0.48358499999999999 2.2244582043343657 29.500000000000004 161.03115606307986 88.744555543150895 42.957109953562274 1.3646467500000001 4.6981424148606825 21.205184842975978 7.0015479876161004 145.48981178265885 0.45747834000000004 53.79989594552125 -1.4815649999999998 -1.6132802499999999 0.77417108500000009 69.240060989413394 4.4256965944272446 -0.65693205499999985 1.3421052631578949 0.86764705181121837
decision_type=2 2 2 2 2 2 2 2 2 2 2 2 2 2 2 2 2 2 2 2 2 2 2 2 2 2 2 2 2 2
left_child=8 4 17 5 9 6 20 22 -1 -2 15 12 25 14 -7 19 -9 18 -3 -6 27 -22 23 -8 -16 26 -11 28 29 -4
right_child=1 2 3 -5 10 13 7 16 -10 11 -12 -13 -14 -15 24 -17 -18 -19 -20 -21 21 -23 -24 -25 -26 -27 -28 -29 -30 -31
leaf_value=-0.031767989021098349 -0.011860988193259678 0.020248933936885205 -0.015690350980549991 0.017195305441495137 -0.010798337260910416 0.0028718103358259216 0.013756353985922096 0.0097722053029589348 -0.014547058632646862 -0.0076203992490256793 0.0033686637543706983 0.034286975827032599 -0.017263893280416619 0.01293742731453011 -0.0090443116707141485 0.015338327106644838 0.023052040797115883 0.028851972592785876 -0.010098387587706746 0.072981089976339217 0.0050556329160217272 0.032284155370996041 -0.0056076681015264744 -0.22994105030938183 -0.036647672044743229 0.010282708056174799 0.0056988930845879547 0.0053500817575577921 -0.0011994959637064227 -0.092739193138498793
leaf_weight=3473.6972810551524 10727.565054155886 1394.0264459252357 990.51171112433076 6131.6959312409163 4602.0493619143963 4795.5705479383469 25.57517559081316 7878.2838925607502 4482.5919956639409 7284.2580366134644 15955.949211418629 262.27299193292856 2323.4220942035317 1295.7051917165518 6322.2392268180847 687.16722735017538 2874.3719418346882 2558.9286302253604 627.94427964091301 51.222543783485889 2628.6871294640005 736.00432543084025 1351.0079595968127 18.628794729709625 437.17093484848738 1801.3380047157407 2852.4362702816725 6082.3909434527159 8850.9562565498054 83.731964021921158
leaf_count=29900 51796 18055 6740 66178 24715 32006 316 82999 32484 39889 90271 1116 10923 8946 39179 4293 32165 33072 5166 266 22273 7762 13347 159 3225 9361 15801 51805 68733 636
internal_value=-9.67389e-05 0.00162356 0.00591213 0.00455237 -0.00345145 0.00280487 0.0053029 0.0108283 -0.0220687 -0.00709145 0.000864656 -0.00356798 -0.0042665 -0.00332224 -0.00514646 -0.00661595 0.0133239 0.0208986 0.0108239 -0.00986062 0.00183768 0.0110195 -0.00840095 -0.0917594 -0.0108347 -0.00173567 -0.0038722 -9.28494e-05 -0.00342861 -0.0217766
internal_weight=109587 101631 55083.4 50502.5 46547.7 44370.8 31520.2 12147.9 7956.29 25251.3 21296.4 14523.7 14261.5 12850.7 11555 5340.44 10752.7 4580.9 2021.97 4653.27 19372.3 3364.69 1395.21 44.204 6759.41 11938 10136.7 16007.6 9925.2 1074.24
internal_count=803577 741193 492762 436469 248431 370291 286935 128986 62384 128886 119545 77090 75974 83356 74410 29274 115164 56293 23221 24981 157949 30035 13822 475 42404 65051 55690 127914 76109 7376
is_linear=0
shrinkage=0.05


Tree=52
num_leaves=31
num_cat=0
split_feature=15 19 20 20 20 19 21 13 4 23 5 11 23 11 13 21 20 22 21 11 22 21 22 11 21 24 23 11 23 13
split_gain=1567.57 922.332 521.927 507.71 431.154 340.747 310.341 315.515 300.665 245.663 236.85 208.952 248.101 238.818 264.443 250.085 207.034 234.529 206.03 202.247 221.349 198.817 186.776 183.742 178.732 165.009 171.205 225.127 257.279 155.375
threshold=25.586019515991214 0.42647059261798864 40.393394470214851 -3.9687194824218746 55.348884582519538 0.10294117778539659 1.1150733500000001 -38.993787704145198 168.14085231348875 2.4041249500000004 5.5000000000000009 42.073485145293439 0.41263689000000009 33.253394066733847 -10.490209061398685 -0.34609783999999993 73.476669311523452 0.030713726750000003 -0.79875919499999992 9.5080668581966847 -0.99851524999999997 -1.7407688499999998 -1.3993544999999998 40.385965296750662 -0.36164028999999992 2.5000000000000004 1.6099775000000003 40.385965296750662 1.5588021500000002 -44.030353859920432
decision_type=2 2 2 2 2 2 2 2 2 2 2 2 2 2 2 2 2 2 2 2 2 2 2 2 2 8 2 2 2 2
left_child=1 2 5 25 -2 -1 7 10 18 29 -5 12 13 15 -15 -9 24 22 -4 20 -14 -10 -18 -16 -13 26 27 -3 -29 -7
right_child=4 3 8 6 -6 9 -8 11 21 -11 -12 16 19 14 23 -17 17 -19 -20 -21 -22 -23 -24 -25 -26 -27 -28 28 -30 -31
leaf_value=-0.025433694199011078 -0.039225871957876579 0.0092669624425244686 -0.0053010318387539789 0.018876711292582157 -0.011222875004708232 0.0036245711506336913 0.01762995357420399 -0.10562918049924395 -0.037844688048050759 0.02395700835815473 0.0042606875675665718 -0.0098163677562050078 0.038826624649548523 -0.014169149346688219 -0.09819276022946366 0.0031922259747077424 0.019328077262555921 0.0093747986853495759 0.011413238141420879 0.0068271206787457323 -0.015235562690781078 -0.0023074517813294992 -0.032697735380129454 0.025988361656537579 0.0044948277920259568 0.02281941632902465 0.022345818730750821 -0.021615227631845032 -0.14831528825995099 -0.010109062602441583
leaf_weight=2934.5907887518406 2896.4158294126391 879.88959681242704 2393.5709783136845 4416.430046826601 2617.3690294474363 2400.2038153633475 3810.7032255232334 54.125119030475616 401.57024689763784 616.3377902135253 7442.2861763685942 3893.2064647972584 209.77817715704441 412.58683293685317 204.23623114079237 1248.5573095083237 192.33101180940866 577.60345658659935 8017.5865072980523 16339.085362680256 1863.1711361706257 17627.632270306349 1625.0054650977254 34.415456771850586 4960.1100375242531 5240.4219218157232 996.7684556171298 380.8610857129097 43.859470196068287 14486.023153483868
leaf_count=20667 35261 10316 12710 52335 14690 13534 41390 466 1784 3228 60830 24693 1399 3560 1508 11010 1314 4215 52897 135694 11844 84745 9864 255 39091 68229 11172 3723 434 71334
internal_value=3.83518e-05 0.0014197 -0.00357434 0.00587192 -0.0259374 -0.00966918 0.00395008 0.00275057 0.000805587 -0.0070247 0.00970513 0.000141643 0.00316254 -0.0137737 -0.0384713 -0.00140675 -0.00532776 -0.0183668 0.00757041 0.0049605 -0.0097485 -0.00310104 -0.0271842 -0.0802511 -0.00179885 0.0179188 0.00675465 -0.00516555 -0.0350168 -0.00815687
internal_weight=109217 103703 48877.5 54825.4 5513.78 20437.2 47283.6 43472.9 28440.4 17502.6 11858.7 31614.2 20366 1953.92 651.239 1302.68 11248.3 2394.94 10411.2 18412 2072.95 18029.2 1817.34 238.652 8853.32 7541.8 2301.38 1304.61 424.721 16886.2
internal_count=804192 754241 260899 493342 49951 108763 399468 358078 152136 88096 113165 244913 165736 16799 5323 11476 79177 15393 65607 148937 13243 86529 11178 1763 63784 93874 25645 14473 4157 84868
is_linear=0
shrinkage=0.05


Tree=53
num_leaves=31
num_cat=0
split_feature=18 20 18 0 20 4 20 24 24 24 11 25 13 11 20 20 18 11 12 11 12 11 20 11 24 11 9 12 24 25
split_gain=1428.95 814.003 693.689 340.768 335.099 325.024 281.172 219.016 218.456 213.036 176.425 167.865 162.108 173.287 155.623 153.197 139.428 132.114 210.536 152.496 143.022 132.219 129.1 187.897 126.838 122.726 121.872 120.799 120.581 118.671
threshold=158.11765289306643 56.297058105468757 182.33635711669925 1.0564991235733034 51.42878723144532 422.72699279338127 -19.215438842773434 1.5000000000000002 3.5000000000000004 7.5000000000000009 18.035498580788683 39.013249492645272 -49.568460231865863 34.722900977490859 76.857505798339858 91.693748474121108 190.41741943359378 15.017229010400021 5.0015479876161004 76.554730456576181 3.0789473684210531 103.36032366453911 -5.5233306884765616 88.744555543150895 2.5000000000000004 111.65133048040369 9.5000000000000018 10.65015479876161 2.5000000000000004 28.024618822336201
decision_type=2 2 2 2 2 2 2 8 10 10 2 2 2 2 2 2 2 2 2 2 2 2 2 2 8 2 2 2 8 2
left_child=1 11 3 8 5 22 -4 14 12 15 29 -1 -2 26 -6 17 28 -9 19 20 -19 -21 -5 -24 -3 -7 -14 -10 -12 -8
right_child=2 24 6 4 7 25 10 9 27 -11 16 -13 13 -15 -16 -17 -18 18 -20 21 -22 -23 23 -25 -26 -27 -28 -29 -30 -31
leaf_value=-0.015850583429176082 0.0106310162626357 -0.020477548146865469 0.03402775695081988 0.0053337051567075291 -0.004355092645219813 -0.035223457906615623 -0.0018700472428371294 -0.024701468510979624 0.010904430660961747 -0.018540099869798581 0.0011093839694344542 -0.040269881076251603 0.0095260320936646943 -0.0042487448346691823 -0.038489731062397385 0.016621447418762047 0.02648363699627029 -0.0061202500594054552 0.020980931072006014 0.0213376983911827 0.0090464807345430626 -0.01265933458044486 -0.0090854663035756286 0.0051775890064055911 -0.0047072991087227624 0.016155972405434895 3.4137139513039422e-05 -0.010111813891862926 0.013267811821741742 -0.060710606513742299
leaf_weight=926.80728373676538 4125.6228970587254 1517.4775653406978 1335.6108079478145 2448.2171805724502 998.5417275801301 1255.2251016944647 1633.3902953490615 405.46316169202328 10521.076972350478 957.56403940916061 2747.1943319663405 2947.9955258890986 5601.2583515644073 12713.179530013353 500.88272650539875 2660.1283879056573 1485.6601141132414 5318.2423781752586 1616.3216882310808 1431.509271543473 2195.1618010886014 356.61395742744207 15125.979392576963 2724.3522804416716 7959.2412209883332 127.50070130825043 8531.9121019951999 730.4966991096735 7914.033164460212 89.439503792673349
leaf_count=6268 35265 7798 22131 20756 5177 8271 13929 2640 89727 5001 23220 36821 38354 84681 2207 18186 17769 33962 9840 9066 13711 1923 87983 16868 36272 775 63130 4947 86668 693
internal_value=0.00019093 -0.0151303 0.00233194 0.000478552 -0.00294838 -0.00703035 0.0121246 0.00243494 0.00357257 0.00426344 0.0100131 -0.0344347 0.00140476 -1.34361e-05 -0.0157758 0.00582621 0.0121368 0.00328889 0.00433055 0.00143528 -0.00168843 0.0145542 -0.00543172 -0.00690844 -0.00723443 -0.0304775 0.00379637 0.0095392 0.0101352 -0.00495816
internal_weight=108902 13351.5 95550.6 80345.3 38121.7 21681.3 15205.3 16440.4 42223.5 14941 13869.7 3874.8 30972 26846.3 1499.42 13983.4 12146.9 11323.3 10917.8 9301.53 7513.4 1788.12 20298.5 17850.3 9476.72 1382.73 14133.2 11251.6 10661.2 1722.83
internal_count=804039 87159 716880 552470 236366 134653 164410 101713 316104 94329 142279 43089 221430 186165 7384 89328 127657 71142 68502 58662 47673 10989 125607 104851 44070 9046 101484 94674 109888 14622
is_linear=0
shrinkage=0.05


Tree=54
num_leaves=31
num_cat=0
split_feature=16 16 21 16 21 22 3 9 22 23 1 11 21 12 10 22 22 23 12 12 22 11 21 21 21 17 25 11 22 11
split_gain=1421.35 503.136 289.039 263.12 243.15 208.696 254.945 193.321 176.763 164.355 160.294 141.318 151.023 139.97 134.083 129.961 189.713 131.36 126.25 125.798 133.06 120.367 170.498 120.277 106.29 102.839 102.402 102.077 101.542 99.3011
threshold=0.27941177785396581 0.75000000000000011 -0.094839982699999978 0.10294117778539659 1.1001508500000001 0.31588700500000005 88.12501741945745 76.500000000000014 -0.23260509499999996 1.7060800000000003 1.3569213151931765 108.20369620633893 0.51909596000000013 8.0216718266253881 121.95347533226014 -1.6132802499999999 -1.5738755999999998 2.1248558500000003 0.84365325077399389 0.52012383900928805 -0.087063040549999984 22.113093404139715 0.84858900000000015 -1.9199379999999999 1.23086125 177.64930725097659 25.380655944347385 100.96431947589475 -0.21093407999999997 12.778281696572909
decision_type=2 2 2 2 2 2 2 2 2 2 2 2 2 2 8 2 2 2 2 2 2 2 2 2 2 2 2 2 2 2
left_child=3 4 10 28 5 6 7 15 24 21 -3 23 -13 -8 -6 17 -17 -2 -10 20 -18 22 -4 -7 -5 -16 -21 -12 -1 -11
right_child=1 2 9 8 14 11 13 -9 18 29 27 12 -14 -15 25 16 19 -19 -20 26 -22 -23 -24 -25 -26 -27 -28 -29 -30 -31
leaf_value=-0.03683655576508657 0.02488400637088457 0.0083807958254482739 -0.013060433396368202 -0.021250242837328851 0.010747161919790277 -0.025640927378420022 -0.010410191091021264 0.024022178700036329 -0.046207177505924374 -0.029863804052982498 -0.0015761259496524628 0.051038677664982185 0.00095911650710334313 0.019318421077291929 -0.033536545182925849 -0.046815231095823764 -0.013289972673755816 -0.005277739790634655 -0.0024090277226742449 0.00082385666566124833 -0.075144619514576461 0.01277146913682912 0.026134713552956018 0.0033275255206581069 0.020378759213434804 0.032055660213204128 -0.0053456408489239967 0.039888884029086816 -0.020350979573383811 0.031013369322743158
leaf_weight=1609.8415194824338 901.73944626003504 8202.98894225806 1053.1381779685616 3421.1603909209371 5816.8139544911683 366.75808936730027 11766.606846373528 758.05246241390705 170.64748800545931 69.425325658172369 10215.100378047675 316.31745070964098 286.51071145012975 408.83098117262125 294.62252426147461 235.80472160875797 433.5946160517633 601.02014086395502 3975.6288539543748 18361.148608248681 107.95945024490356 9957.5455473959446 375.58325981348753 13972.6505013071 159.76472838968039 74.047770712524652 10612.57247762382 149.6129602715373 2237.7753016874194 1466.9435612075031
leaf_count=17757 6039 76335 10548 21696 45246 2280 60982 6892 909 635 79761 2063 1927 1881 1475 1404 2616 3592 21997 124317 834 109004 3980 95512 1005 793 63030 1372 19620 18156
internal_value=-1.54926e-05 0.00196451 0.00715575 -0.0165738 -0.000538421 -0.00152517 -0.00325252 -0.000910181 -0.0112519 0.0128975 0.00315918 0.00358284 0.027278 -0.00941045 0.00889302 -0.00151566 -0.00224045 0.0128255 -0.00422233 -0.00188276 -0.0257365 0.0108243 -0.00274571 0.00258486 -0.0193878 -0.0203112 -0.00143603 -0.000973795 -0.0272563 0.0282448
internal_weight=108380 96805.4 31490.3 11574.8 65315.1 59129.6 44187.3 32011.9 7727.2 12922.6 18567.7 14942.2 602.828 12175.4 6185.48 31253.8 29751.1 1502.76 4146.28 29515.3 541.554 11386.3 1428.72 14339.4 3580.93 368.67 28973.7 10364.7 3847.62 1536.37
internal_count=803658 720674 299791 82984 420883 373369 271587 208724 45607 142323 157468 101782 3990 62863 47514 201832 192201 9631 22906 190797 3450 123532 14528 97792 22701 2268 187347 81133 37377 18791
is_linear=0
shrinkage=0.05


Tree=55
num_leaves=31
num_cat=0
split_feature=15 5 14 14 17 24 13 4 12 24 14 24 17 5 22 24 22 22 12 22 22 14 14 24 22 3 14 12 14 12
split_gain=1233.38 555.899 502.136 466.503 348.288 310.183 309.768 245.225 234.796 292.111 225.45 249.739 225.131 208.157 201.486 199.796 177.627 170.111 154.998 174.041 154.813 154.005 243.397 308.632 271.228 201.342 297.573 201.161 306.852 221.956
threshold=24.162032127380375 11.500000000000002 204.50000000000003 195.50000000000003 213.25555419921878 2.5000000000000004 -36.530851112569074 25.399999752640728 3.45046439628483 7.5000000000000009 267.50000000000006 1.5000000000000002 158.54411315917972 15.500000000000002 -1.6132802499999999 6.5000000000000009 -1.5738755999999998 -1.1249007999999996 10.65015479876161 1.5679100000000001 1.5224150000000003 250.50000000000003 265.50000000000006 1.5000000000000002 -1.3015830499999999 6.922233574092389 189.50000000000003 4.7275541795665648 170.50000000000003 1.5402476780185761
decision_type=2 2 2 2 2 8 2 2 2 10 2 8 2 2 2 8 2 2 2 2 2 2 2 10 2 2 2 2 2 2
left_child=1 4 -2 13 5 14 7 -7 9 10 -5 -12 -8 17 -1 18 -16 -3 19 -14 -9 25 24 -24 -23 -18 27 28 -27 -30
right_child=2 3 -4 8 -6 6 12 20 -10 -11 11 -13 15 -15 16 -17 21 -19 -20 -21 -22 22 23 -25 -26 26 -28 -29 29 -31
leaf_value=0.014670562244277215 -0.040159758238933689 -0.039967942573641058 -0.010163232919178601 -0.0057023208496385482 0.032011720702556555 0.02774974123812754 -0.026072840701269723 0.0082462010503777088 0.0036932580998705377 -0.039305214304641567 -0.040704712092974438 0.023426057079623922 0.0099452045587221528 -0.030491504697159888 -0.048208725875614526 0.0013999214957923934 0.011862804996289278 -0.0044545567111693076 -0.027853933909871911 0.046005361971838937 0.043123257160428911 0.025320557828388619 -0.018622800513066817 0.040546032161716684 -0.039052993109614118 -0.0050897060660500598 0.004268087870662316 0.0010275343999720467 -0.088833185550564187 -0.027496524551066159
leaf_weight=1674.5765861943364 2346.4585741609335 390.69990921020508 3441.4114075303078 15413.336611315608 1095.2299064286053 2100.5128687955439 645.86545638740063 11499.250235080719 12945.989208444953 604.95152249187231 172.68243493139744 1207.9512714147568 7965.1139915324748 1999.0073606446385 218.33163398504257 24323.966429002583 2498.669539809227 2426.1196290329099 257.55431922525167 348.38956158608198 326.3034197576344 191.91966318339109 568.70447087287903 358.45652051270008 1085.7985456436872 2139.4381348341703 5914.5901332460344 2114.0460638068616 160.73357267677784 1711.4996040388942
leaf_count=11806 31384 1863 21715 82589 14393 27441 5294 110039 68197 2894 742 7969 74928 11089 1264 193797 22635 11943 2009 3958 3886 1203 2495 2204 5356 15993 39664 13883 847 10509
internal_value=0.000124129 0.00139393 -0.022329 -0.00369996 0.00405924 0.00359564 0.00574173 0.01201 -0.00140535 -0.00519906 -0.00396823 0.0153813 0.00313888 -0.0181552 -0.00187037 0.00371321 -0.00350413 -0.00939279 0.0102772 0.0114617 0.00921213 -0.00291836 -0.0152288 0.00427193 -0.0293715 -0.00105053 -0.00373114 -0.0114541 -0.0180302 -0.032807
internal_weight=108148 102360 5787.87 35160.7 67199 66103.7 47467 13926.1 30344.9 17398.9 16794 1380.63 33540.9 4815.83 18636.8 32895 16962.2 2816.82 8571.06 8313.5 11825.6 16743.9 2204.88 927.161 1277.72 14539 12040.3 6125.72 4011.67 1872.23
internal_count=803989 750890 53099 187286 563604 549211 421352 141366 162391 94194 91300 8711 279986 24895 127859 274692 116053 13806 80895 78886 113925 114789 11258 4699 6559 103531 80896 41232 27349 11356
is_linear=0
shrinkage=0.05


Tree=56
num_leaves=31
num_cat=0
split_feature=15 0 21 14 14 20 22 11 11 3 11 17 22 22 4 5 14 20 5 21 14 23 14 11 12 22 12 11 23 14
split_gain=1216.76 567.258 421.275 467.875 374.306 334.787 310.127 300.894 225.082 248.63 208.979 197.485 200.899 195.216 181.883 202.054 164.456 155.501 150.837 265.648 154.459 150.76 257.147 227.581 203.034 173.225 243.399 213.47 188.746 161.649
threshold=26.860466003417972 0.62507152557373058 0.023908165300000003 209.50000000000003 203.50000000000003 -12.666358947753904 -0.16078418999999997 9.5080668581966847 100.96431947589475 121.32380667328836 145.48981178265885 172.66364288330081 0.93355476500000012 1.5224150000000003 149.17377249151471 29.500000000000004 176.50000000000003 -17.53835296630859 9.5000000000000018 -0.64021539499999991 249.50000000000003 1.9378600000000001 268.50000000000006 62.96864587203499 2.8746130030959756 -1.3015830499999999 2.6300309597523226 66.618944849196154 0.24819187000000004 183.50000000000003
decision_type=2 2 2 2 2 2 2 2 2 2 2 2 2 2 2 2 2 2 2 2 2 2 2 2 2 2 2 2 2 2
left_child=1 5 8 10 -2 -1 18 -8 9 17 11 -4 16 -9 -5 -16 -13 -3 19 -7 -21 22 25 -23 -24 -19 27 28 -27 -28
right_child=4 2 3 14 -6 6 7 13 -10 -11 -12 12 -14 -15 15 -17 -18 21 -20 20 -22 23 24 -25 -26 26 29 -29 -30 -31
leaf_value=0.020555972459637795 -0.041524671517408816 0.019686346940440098 -0.017103766064423102 0.015430380381208664 -0.012888276384544825 -0.0046930955200075071 -0.009535927546714805 0.00895367462392202 0.027955602918045448 -0.015368675960453949 0.071320866468367702 0.0082997243979856094 0.023643287184356807 0.030395740591673177 0.0019501160707689408 0.03223137217418922 -0.011186529371402933 0.011022004562420862 -0.0056631133339029201 0.0048931309978902868 0.020506503338455467 -0.011402597148176152 0.046159709948000449 -0.059727237588303853 -0.0098792755251328728 -0.055169517116560297 -0.0121727422535922 0.0026488648074644845 -0.015809540672281644 0.0022912426513941862
leaf_weight=3239.2381593994796 1959.7721751853824 649.51195661351085 3195.6645916104317 5344.8209209702909 2733.0910426452756 6983.6537762694061 2145.805240765214 18714.233225353062 468.9952689409256 6712.8628078661859 84.664543528109789 1577.7513339370489 692.43340710923076 1124.5837557464838 8732.9183729290962 586.98869923502207 3446.1358950920403 1583.322559658438 7816.5719072073698 7756.7464054822922 1989.8526676446199 2026.4099507406354 448.69600679725409 276.07512650638819 251.84893774241209 323.20286030322313 2579.7728427574039 1593.5793571211398 5091.100367680192 7679.503044296056
leaf_count=44334 28148 8858 17747 48713 18943 49130 13529 163636 3034 34797 631 14839 5938 11651 49489 2513 25405 9226 43384 67817 18011 11901 2939 1261 1593 2044 16215 9590 30782 48316
internal_value=4.33235e-05 0.0011766 -0.00240541 0.00257131 -0.0248533 0.00501593 0.00393371 0.00824681 -0.00637224 -0.00692424 -0.00640485 -0.00715117 -0.00158523 0.0101706 0.00807815 0.00386055 -0.00506644 -0.00440461 7.06235e-05 0.00274967 0.00808251 -0.00512149 -0.00369583 -0.0172203 0.0260281 -0.00480179 -0.00625332 -0.0134352 -0.0181689 -0.00134667
internal_weight=107810 103117 53346.3 23661.4 4692.86 49770.7 46531.4 21984.6 29684.9 29215.9 8996.65 8911.99 5716.32 19838.8 14664.7 9319.91 5023.89 22503 24546.8 16730.3 9746.6 21853.5 19551 2302.49 700.545 18850.5 17267.2 7007.88 5414.3 10259.3
internal_count=804414 757323 345831 165275 47091 411492 367158 188816 180556 177522 64560 63929 46182 175287 100715 52002 40244 142725 178342 134958 85828 133867 120705 13162 4532 116173 106947 42416 32826 64531
is_linear=0
shrinkage=0.05


Tree=57
num_leaves=31
num_cat=0
split_feature=19 14 4 20 21 14 4 19 5 14 22 12 12 22 21 3 21 22 12 21 21 22 14 22 11 22 22 12 11 14
split_gain=1003.57 700.08 813.955 413.302 329.391 286.501 285.096 256.244 249.478 225.434 234.347 287.553 223.266 209.137 198.749 351.819 192.34 170.171 149.841 148.028 142.824 312.493 258.241 171.669 449.592 148.282 183.273 140.575 134.761 143.699
threshold=0.42647059261798864 201.50000000000003 384.68553601205355 -11.365150451660154 -0.19011549499999997 253.50000000000003 248.78074994683269 1.0000000180025095e-35 5.5000000000000009 263.50000000000006 -1.3015830499999999 1.8374613003095976 5.2956656346749229 1.5679100000000001 -1.5734585999999997 6.922233574092389 1.3326296000000002 -0.18673216999999998 9.1253869969040267 0.91939226000000007 -0.81418859999999993 0.81843450500000003 260.50000000000006 0.56587234500000017 34.302798560656178 0.27487151000000004 0.11266563500000001 7.6532507739938085 75.951033719080073 242.50000000000003
decision_type=2 2 2 2 2 2 2 2 2 2 2 2 2 2 2 2 2 2 2 2 2 2 2 2 2 2 2 2 2 2
left_child=1 2 7 -2 5 12 19 -1 -6 10 -7 -12 28 18 -11 17 -10 -16 -9 -3 21 22 25 -22 -25 26 -13 -18 29 -5
right_child=3 6 -4 4 8 9 -8 13 16 14 11 20 -14 -15 15 -17 27 -19 -20 -21 23 -23 -24 24 -26 -27 -28 -29 -30 -31
leaf_value=-0.034602390555788835 0.019780939510414423 0.0024747693648559327 -0.039317615567283005 -0.0050358028993005219 0.015776924943016354 0.039525282822173109 -0.0048867914742186901 -0.0090265984996480957 0.0026565093742272634 -0.021080835805830291 -0.078621910648833448 -0.071592827109285134 0.0095226437945629371 0.023354198411570951 0.024827706671587804 0.015927884818027403 0.022169904971101384 -0.085523835126605247 0.01366736138011021 0.016039679084567618 0.0062692403042762081 0.014977270587824137 -0.0064750636250407766 -0.013357969428822636 -0.2213280797188289 -0.12528697271954148 0.035678173091306963 -0.071416321265617103 0.01113407399881015 0.013107356984079317
leaf_weight=880.88662456348538 4345.4826622828841 14545.357102051377 2402.4641069583595 11059.879013095051 7158.7255566120148 137.23838193714619 16534.309176199138 15666.566831942648 14445.325775757432 863.26127691566944 243.48207578808069 297.13525768369436 7111.8797479793429 549.65118595212698 46.443003587424755 1560.0124080702662 1748.8811192698777 135.46958824247122 761.91096173226833 2332.9965718239546 652.50630070269108 234.28216424584389 210.62424689531326 156.608966819942 30.193743094801903 105.75621105730534 45.334718152880669 40.115523360669613 1877.7145433090627 1209.8725676164031
leaf_count=10045 62988 83965 28195 81484 88889 931 83811 81189 124913 3812 1311 1384 62477 3232 314 10321 19634 993 3916 16981 4619 1304 1065 1152 233 589 245 448 14824 8085
internal_value=0.000167986 -0.00466735 -0.0120001 0.00499953 0.00369814 -0.000177454 -0.000220544 -0.00832324 0.00800176 -0.0113219 -0.0234527 -0.0278447 0.00229639 -0.00695783 -0.00147696 0.00824483 0.00457245 -0.0573689 -0.00797334 0.00435061 -0.0206671 -0.0345729 -0.0521886 -0.00584594 -0.0479726 -0.0736074 -0.0573302 0.0200327 -0.00133663 -0.00324585
internal_weight=107390 53674.1 20261.5 53716.2 49370.7 25977.7 33412.7 17859 23393 4718.35 2113.16 1975.92 21259.3 16978.1 2605.19 1741.92 16234.3 181.913 16428.5 16878.4 1732.44 893.133 658.85 839.309 186.803 448.226 342.47 1789 14147.5 12269.8
internal_count=803349 311334 126577 492015 429027 195143 184757 98382 233884 28273 12833 11902 166870 88337 15440 11628 144995 1307 85105 100946 10591 4587 3283 6004 1385 2218 1629 20082 104393 89569
is_linear=0
shrinkage=0.05


Tree=58
num_leaves=31
num_cat=0
split_feature=15 19 14 14 13 11 24 24 4 20 20 14 11 14 12 14 24 14 14 11 24 14 14 12 24 14 11 3 11 20
split_gain=974.602 628.201 349.207 311.254 287.804 299.618 304.355 239.914 221.775 204.893 194.339 322.054 328.595 272.327 390.741 385.301 305.923 250.358 309.123 179.322 175.222 313.917 169.808 258.338 316.282 228.015 190.531 161.675 159.035 157.626
threshold=28.357535362243656 0.63235294818878185 214.50000000000003 270.50000000000006 -36.138513235554051 34.722900977490859 3.5000000000000004 5.5000000000000009 51.474384054541595 62.476669311523445 -6.5469207763671866 177.50000000000003 15.017229010400021 231.50000000000003 5.6671826625387007 209.50000000000003 5.5000000000000009 262.50000000000006 250.50000000000003 88.744555543150895 2.5000000000000004 215.50000000000003 196.50000000000003 1.1934984520123841 4.5000000000000009 186.50000000000003 84.818206003472085 3.7892491593956952 25.766815043259243 34.646110534667976
decision_type=2 2 2 2 2 2 10 8 2 2 2 2 2 2 2 2 10 2 2 2 10 2 2 2 10 2 2 2 2 2
left_child=1 3 -2 4 7 10 19 22 -9 -3 -6 -12 -13 15 16 -14 -15 18 -18 -7 28 -22 23 24 25 -1 27 -25 -17 -21
right_child=2 9 -4 -5 5 6 -8 8 -10 -11 11 12 13 14 -16 20 17 -19 -20 29 21 -23 -24 26 -26 -27 -28 -29 -30 -31
leaf_value=0.055153682574169596 -0.036448214440470306 0.014436092805181128 -0.0068630628203512128 0.017439175699304268 0.01101143734074333 -0.0094889779120944685 0.0021164179302560269 0.020353452707232517 0.0045780619711864512 0.0020010685897774473 -0.012953517156751197 -0.0083813108733920682 0.0088547407394916969 0.0082413722157998037 0.026239076538840722 -0.0080533900345088789 -0.017615814657015456 -3.2071295531071801e-05 -0.10941443984336792 -0.012699170511284417 -0.045030651943283019 0.025537733092191248 0.0042280514650413449 0.024067223178029711 -0.17139800664681448 -0.076371374668257566 0.019541528104726549 -0.01816292929569854 -0.0330022040589424 0.018532590199560588
leaf_weight=51.498377278447151 2356.7228259854019 10178.334040313959 1729.7052487060428 2313.487290494144 4148.3052222579718 25210.643789362162 9196.229532007128 3163.7019593827426 7528.9740364104509 4911.2443769127131 4423.9044272452593 5922.781046487391 3694.228398565203 6372.5576094686985 2844.6531650833786 1240.5656442716718 237.02615885436535 515.00884117931128 149.07384955883026 636.26041688024998 216.69407033547759 569.90870116651058 3967.7256696522236 252.71133325248957 52.088760610669851 87.825252532958984 525.95635100454092 2132.3670287467539 1317.5693294107914 1103.0563320666552
leaf_count=344 33751 123828 9807 16940 40438 145794 59649 35153 54930 40459 27239 36839 24880 41991 20885 7942 1358 3528 769 3376 1494 4539 30788 2615 442 445 4267 15456 8257 5795
internal_value=1.43221e-05 0.000964848 -0.0239301 -0.000653577 -0.00114298 -0.0026273 -0.00573763 0.00452229 0.00924708 0.0103892 0.000924695 -0.00059699 0.00177192 0.00527716 0.0105308 -0.00227521 0.00438467 -0.0228684 -0.0532505 -0.00841767 -0.0145671 0.006065 -0.00262362 -0.0113848 -0.0674984 -0.027709 -0.00767317 -0.0136802 -0.0209112 0.00710695
internal_weight=107051 102964 4086.43 87874.8 85561.3 67798.5 36146.2 17762.8 10692.7 15089.6 31652.3 27504 23080.1 17157.3 10118.3 7038.97 7273.67 901.109 386.1 26950 3344.74 786.603 7070.17 3102.45 191.412 139.324 2911.03 2385.08 2558.13 1739.32
internal_count=803998 760440 43558 596153 579213 434773 214614 144440 90083 164287 220159 179721 152482 115643 68531 47112 47646 5655 2127 154965 22232 6033 54357 23569 1231 789 22338 18071 16199 9171
is_linear=0
shrinkage=0.05


Tree=59
num_leaves=31
num_cat=0
split_feature=16 18 20 21 0 20 21 20 5 17 21 20 5 12 5 4 12 12 4 12 17 3 10 20 21 17 12 20 5 12
split_gain=929.297 554.027 450.301 313.4 300.796 267.275 195.799 195.515 333.289 221.205 181.503 149.498 146.713 169.219 137.243 151.132 132.087 131.322 130.957 143.595 142.085 130.767 136.131 128.965 127.536 119.912 111.166 115.747 109.671 108.007
threshold=0.1911764740943909 182.33635711669925 43.78456115722657 1.3326296000000002 0.72771972417831432 -17.53835296630859 -0.19011549499999997 31.753784179687504 16.500000000000004 162.33823394775393 -0.16974469999999997 63.940284729003913 6.5000000000000009 3.45046439628483 29.500000000000004 218.60690438747409 0.56811145510835925 0.81578947368421062 517.13883790373814 6.1037151702786394 179.51923370361331 14.776527941226961 18.106151986122132 62.476669311523445 0.089702900500000016 199.7559509277344 7.93498452012384 27.421218872070316 13.500000000000002 9.1253869969040267
decision_type=2 2 2 2 2 2 2 2 2 2 2 2 2 2 2 2 2 2 2 2 2 2 10 2 2 2 2 2 2 2
left_child=2 3 -1 4 12 -3 11 8 9 -6 18 -7 24 -14 15 25 -11 -5 20 -20 -9 -13 -23 -16 -2 -12 27 -19 -8 -18
right_child=1 5 -4 17 7 6 28 10 -10 16 14 21 13 -15 23 -17 29 26 19 -21 -22 22 -24 -25 -26 -27 -28 -29 -30 -31
leaf_value=-0.036213006285632739 0.0029323659198395293 0.031432851798703837 -0.0089968669649449686 0.035482052316520012 -0.027523202400152932 0.0065481914536832594 0.016299761753024538 0.0017043457438092207 -0.032775029395932874 -0.02986751402614737 0.0073922412984672534 -0.030425866612044501 -0.0061540985834613818 0.0029589765482973427 -0.041068930078644622 -0.0045623654796613962 -0.0040970406437332322 -0.0017530729972426184 -0.02778314302526649 0.0097559882063813063 -0.0098571926863348907 0.010687220356299364 -0.027085544618525626 0.041911420208722447 0.012373018706089374 -0.023654276493599698 -0.036994962460008315 0.017009053908581716 -0.011661358435805631 0.023229685771429975
leaf_weight=2178.8007523790002 12293.91525284946 1362.4640598297119 5022.9818850979209 553.96583582088351 1110.8986658453941 5343.6990786902606 5865.9099340774119 5606.0259442105889 1279.8654574863613 484.28185492753983 7739.0755209736526 553.43514992296696 8197.9984766095877 13450.194005507976 53.057474195957184 5572.1198845803738 12016.563030842692 1208.0634990110993 1165.8346430137753 325.3462640941143 5050.8839326277375 785.75429225713015 341.30912607908249 356.87075400352478 5045.2212067358196 323.07377084717155 123.60736003518105 2570.3123134970665 372.29375528544188 371.82366056367755
leaf_count=30177 99778 24192 32151 4467 9056 53104 72597 27293 6865 3392 55805 3374 51758 84753 262 26990 76720 10128 5367 1452 30695 5141 1938 1505 53088 2937 1008 21660 3160 2321
internal_value=0.000108388 0.00136353 -0.0172346 -0.000184854 -0.0008999 0.0103515 0.00818355 -0.0038649 -0.0083628 -0.00612626 -0.00124355 0.00245766 0.00225284 -0.000492197 0.00262744 0.00176925 -0.00427773 0.0127211 -0.00571858 -0.0195918 -0.0037757 -0.0105457 -0.000765394 0.0310974 0.0056799 0.00614534 0.00948151 0.0110113 0.0146295 -0.00327505
internal_weight=106726 99523.9 7201.78 84899 80443 14624.9 13262.4 41455.7 15263.4 13983.6 26192.3 7024.2 38987.3 21648.2 14044.2 13634.3 12872.7 4455.95 12148.1 1491.18 10656.9 1680.5 1127.06 409.928 17339.1 8062.15 3901.98 3778.38 6238.2 12388.4
internal_count=803134 740806 62328 577300 540037 163506 139314 250660 98354 91489 152306 63557 289377 136511 87499 85732 82433 37263 64807 6819 57988 10453 7079 1767 152866 58742 32796 31788 75757 79041
is_linear=0
shrinkage=0.05


Tree=60
num_leaves=31
num_cat=0
split_feature=18 14 18 14 23 13 21 14 22 4 14 12 22 14 14 1 14 22 22 14 23 21 14 22 12 14 23 14 22 21
split_gain=828.979 651.286 467.844 331.893 331.525 258.177 363.686 276.846 264.07 229.082 214.896 194.522 178.509 287.153 294.876 172.671 197.245 155.227 257.597 247.994 153.162 146.988 142.812 137.68 137.53 136.546 134.736 164.636 155.62 131.477
threshold=158.11765289306643 211.50000000000003 185.39170837402347 269.50000000000006 1.9593707000000002 -42.114818479911911 0.91939226000000007 216.50000000000003 -1.3015830499999999 23.527066297829155 168.50000000000003 2.6919504643962853 -1.6132802499999999 229.50000000000003 165.50000000000003 1.0079288855195048 241.50000000000003 -1.21867025 -1.6132802499999999 200.50000000000003 1.0344751000000001 2.0166322000000005 175.50000000000003 1.5679100000000001 6.5588235294117654 186.50000000000003 1.8642450000000002 260.50000000000006 -0.13172641999999998 0.35373817500000004
decision_type=2 2 2 2 2 2 2 2 2 2 2 2 2 2 2 2 2 2 2 2 2 2 2 2 2 2 2 2 2 2
left_child=1 -1 3 5 11 9 12 22 -9 -2 -4 -5 13 14 -7 16 -14 18 -11 25 24 -6 -8 29 -10 -20 28 -28 -17 -19
right_child=2 -3 10 4 21 6 7 8 20 17 -12 -13 15 -15 -16 26 -18 23 19 -21 -22 -23 -24 -25 -26 -27 27 -29 -30 -31
leaf_value=-0.031188664222963125 0.024301127203138633 -0.0053680835616149976 0.040759712864350567 0.04352540447737107 -0.029367130140573225 0.031004484158058065 0.0080804434778209023 -0.076157380941766273 -0.03590247162342846 0.017047045031527971 0.010763202396023186 0.013369424091312655 0.0051797659356304466 0.037741521612433507 -0.016966426578051499 -0.0065788684077049287 -0.0067967630365845886 0.0088020364631699877 -0.035448962226977514 0.011323038057809778 0.021791494668540506 0.045939516161577654 -0.012615855093161765 0.04241667242606656 0.044845866143897149 -0.096320214354520706 -0.011070794660476701 -0.049358055266983135 -0.0002112788038903264 -0.0018159416911034132
leaf_weight=3297.4959574714303 1516.8039473034441 9409.5941287204623 650.85941531136632 930.57085154950619 440.45637372136116 475.90670217573643 1749.6382925882936 72.970092467963696 214.94796548783779 364.31351378187537 7130.7161228395998 1258.6186278238893 10628.397272098809 700.60616260766983 974.85446936264634 24359.465231176466 5080.2573987804353 7254.3498083353043 239.78911157697439 183.02963449060917 3849.2443588636816 75.025609202682972 1590.1164222583175 243.72317332029343 68.838582292199135 150.70763799548149 2550.697074174881 314.68845202028751 15830.83956123516 4873.4976798333228
leaf_count=42717 18698 44559 13217 8011 1994 3982 14799 568 1574 2816 83459 10886 85158 5075 5725 149831 35956 56578 1536 1176 33707 892 10876 2867 564 756 16125 1348 103099 45259
internal_value=-8.63816e-05 -0.0120705 0.00153767 0.000475208 0.0177093 -8.46562e-05 -0.00138015 0.00897349 0.0175061 0.00589712 0.0132771 0.026202 -0.00266281 0.01148 -0.00121956 -0.00318076 0.00130631 0.00379804 -0.0158035 -0.036664 0.0191778 -0.0183389 -0.00177426 0.00528511 -0.0162265 -0.0591275 -0.00481784 -0.0152914 -0.00407076 0.00453547
internal_weight=106481 12707.1 93773.9 85992.4 2704.67 83287.7 68461.5 7545.76 4206 14826.2 7781.58 2189.19 60915.7 2151.37 1450.76 58764.3 15708.7 13309.4 937.84 573.526 4133.03 515.482 3339.75 12371.6 283.787 390.497 43055.7 2865.39 40190.3 12127.8
internal_count=803808 87276 716532 619856 21783 598073 468387 62088 36413 129686 96676 18897 406299 14782 9707 391517 121114 110988 6284 3468 35845 2886 25675 104704 2138 2292 270403 17473 252930 101837
is_linear=0
shrinkage=0.05


Tree=61
num_leaves=31
num_cat=0
split_feature=18 14 18 14 5 14 5 12 14 11 14 24 14 24 14 14 17 14 19 12 24 17 19 14 11 12 9 2 14 14
split_gain=851.993 591.518 450.96 292.479 242.402 271.127 236.296 214.962 200.237 181.293 171.173 170.756 179.017 163.876 233.813 278.988 186.763 165.167 194.973 160.969 314.251 153.931 149.895 171.159 176.741 287.057 147.259 144.546 142.166 263.967
threshold=158.11765289306643 207.50000000000003 185.39170837402347 270.50000000000006 9.5000000000000018 195.50000000000003 15.500000000000002 1.258513931888545 168.50000000000003 75.951033719080073 161.50000000000003 4.5000000000000009 168.50000000000003 3.5000000000000004 243.50000000000003 215.50000000000003 202.12500000000003 209.50000000000003 0.45588235557079321 5.215170278637772 7.5000000000000009 157.279411315918 0.33823530375957495 166.50000000000003 15.793902891665141 5.5433436532507754 80.500000000000014 96.989087551832213 221.50000000000003 254.50000000000003
decision_type=2 2 2 2 2 2 2 2 2 2 2 8 2 10 2 2 2 2 2 2 10 2 2 2 2 2 2 2 2 2
left_child=1 21 3 4 9 6 7 -6 -4 13 27 -9 -13 22 15 17 -16 18 -15 20 -7 -1 -2 -24 -25 26 -26 -11 -21 -30
right_child=2 -3 8 -5 5 19 -8 11 -10 10 -12 12 -14 14 16 -17 -18 -19 -20 28 -22 -23 23 24 25 -27 -28 -29 29 -31
leaf_value=-0.040396308955438581 -0.007223881107680347 -0.0063231933361457288 0.040106130078344328 0.019386857009396446 -0.043663379868473476 -0.0016052608742173379 -0.026968083119473268 -0.014548385627236383 0.010717463659845912 -0.13160896842251335 0.013269895548300915 -0.043421148140078587 0.0077008836174834025 -0.001374363223337496 -0.0022498259176200754 0.031312131864919705 -0.054946907068411911 -0.038773207122359904 0.01669574252495222 -0.0036395731878670133 -0.031068457493580205 -0.016523582293479475 0.01105128653703915 -0.013067905103915624 -0.0032000439356325138 0.011721865782564149 0.025807692702456739 0.0069121031030285598 0.021925349357628354 -0.0049399859722506576
leaf_weight=1901.3264314234257 6351.7183017581701 9614.5853333100677 630.70845398306847 1999.1580782309175 357.60368124395609 22609.13776428625 1878.4197410941124 2047.9276794344187 7054.0177013091743 36.893249414861202 4403.0133778825402 182.07920884341002 2649.9881532043219 2804.4691286832094 2501.0742060989141 1425.2661030776799 179.26066441088915 191.82294918596745 3190.2595988698304 2290.9081401973963 941.76174187660217 1050.1267657801509 3864.4200285188854 2431.6023578941822 14060.276036985219 4877.8355625420809 450.57245257124305 37.251912321895361 2481.2852922901511 1447.0180313512683
leaf_count=30666 32701 47224 13269 16417 1810 133366 11033 9869 83392 329 42124 998 13847 16823 20490 15715 1397 2029 38342 12246 4938 9046 40418 17450 111556 45003 4437 284 14912 9795
internal_value=-0.000112864 -0.0123352 0.00153207 0.000491436 3.98529e-05 -0.0029913 -0.0117585 -0.00629958 0.0131344 0.00242862 0.0119956 -0.0035532 0.00439998 0.00141645 0.00690496 0.0113766 -0.00579338 0.00677947 0.00824332 -0.000895335 -0.00278471 -0.0319109 -0.00034697 0.00135388 -0.000363985 0.00122985 -0.00229762 -0.0628476 0.00625866 0.0120306
internal_weight=105942 12566 93375.7 85691 83691.9 36886.1 7116.02 5237.6 7684.73 46805.7 4477.16 4880 2832.07 42328.6 10292.2 7611.82 2680.33 6186.55 5994.73 29770.1 23550.9 2951.45 32036.4 25684.7 21820.3 19388.7 14510.8 74.1452 6219.21 3928.3
internal_count=801926 86936 714990 618329 601912 212814 37557 26524 96661 389098 42737 24714 14845 346361 94796 72909 21887 57194 55165 175257 138304 39712 251565 218864 178446 160996 115993 613 36953 24707
is_linear=0
shrinkage=0.05


Tree=62
num_leaves=31
num_cat=0
split_feature=15 19 14 12 24 18 11 14 12 19 14 11 11 24 14 11 5 14 5 2 24 14 14 12 2 14 20 11 24 14
split_gain=782.099 529.244 282.505 267.327 229.145 219.751 216.435 281.313 854.726 308.558 482.846 436.194 292.986 305.491 264.841 238.15 221.444 211.531 198.005 196.142 194.065 253.629 177.655 168.565 167.607 162.139 148.829 147.339 141.271 145.273
threshold=31.400850296020511 0.63235294818878185 270.50000000000006 1.8374613003095976 3.5000000000000004 160.05882263183597 15.017229010400021 224.50000000000003 4.9055727554179578 0.27941177785396581 212.50000000000003 38.133061216700106 19.651336420823366 4.5000000000000009 250.50000000000003 75.951033719080073 7.5000000000000009 202.50000000000003 16.500000000000004 126.9754669070244 7.5000000000000009 260.50000000000006 252.50000000000003 8.0216718266253881 3.0136306956410412 260.50000000000006 92.901397705078139 96.005895777764081 3.5000000000000004 242.50000000000003
decision_type=2 2 2 2 8 2 2 2 2 2 2 2 2 10 2 2 2 2 2 2 10 2 2 2 2 2 2 2 10 2
left_child=1 2 3 5 19 -1 25 9 15 27 24 12 -12 16 -10 20 -14 -2 22 -5 -9 -22 -3 -16 -11 28 -24 -8 29 -6
right_child=17 18 -4 4 6 -7 7 8 14 10 11 -13 13 -15 23 -17 -18 -19 -20 -21 21 -23 26 -25 -26 -27 -28 -29 -30 -31
leaf_value=-0.016473920242271782 -0.04074719904726596 0.013177558690663818 0.016761685123961621 -0.0031252884613024827 -0.027029889961522925 -0.0035206140766780958 -0.010353049430300312 0.00095812389099935119 0.034161739631069769 0.019642987812343304 0.011616907259926947 -0.00064381525109361937 -0.09760517188918949 -0.0014198317090876786 0.0064737807265686899 0.026087919455774235 -0.04118775645417394 -0.013936945939487334 -0.04874953109740135 -0.027476872281047473 -0.035782508089964402 0.02335177442798126 -0.0037267880098418014 0.048602306216935828 0.0054087755837958166 -0.023091353908803111 0.02759189377795886 0.018719653929784041 0.007949617809129601 0.0004017815786965272
leaf_weight=4193.6416721083224 1247.5563315562904 11167.640679899603 2258.0851628407836 18706.722670014948 855.74344136938453 14925.99685722217 6968.4528757072985 10038.119886662811 3153.8812213912606 2549.4864702261984 246.60661896318197 2656.4162547178566 311.86709539219737 245.86729848012328 1949.3769633546472 864.55423240363598 397.69148311764002 1795.3197981752455 143.30800062417984 864.17977184057236 776.47597901150584 235.71369383484125 3021.8966930285096 269.45230171829462 10941.624815039337 1262.9092003107071 432.76599054783583 463.96438649296761 1753.8247725740075 1105.2186854332685
leaf_count=22111 22530 135067 17088 116501 6442 103380 38390 69610 23541 27965 1740 20640 2816 2285 14040 6329 2342 14460 918 5641 4223 1391 24779 2179 83635 8078 3513 2466 12666 7069
internal_value=3.87625e-05 0.000778608 -0.000691292 -0.00115114 0.000344597 -0.00636246 0.00223592 0.00340249 0.00829762 -1.24831e-05 0.00363918 -0.011956 -0.0369339 -0.0494645 0.0248519 0.000831402 -0.066087 -0.0249387 0.00953795 -0.00420191 -0.0011468 -0.0220022 0.0101125 0.0116094 0.00809995 -0.00762216 0.000203356 -0.00853593 -0.00235833 -0.0115768
internal_weight=105804 102761 87995.9 85737.8 66618.2 19119.6 47047.2 42069.6 17287.6 24782 17349.6 3858.45 1202.03 955.426 5372.71 11914.9 709.559 3042.88 14765.6 19570.9 11050.3 1012.19 14622.3 2218.83 13491.1 4977.7 3454.66 7432.42 3714.79 1960.96
internal_count=803835 766845 602568 585480 459989 125491 337847 303592 121313 182279 141423 29823 9183 7443 39760 81553 5158 36990 164277 122142 75224 5614 163359 16219 111600 34255 28292 40856 26177 13511
is_linear=0
shrinkage=0.05


Tree=63
num_leaves=31
num_cat=0
split_feature=17 19 21 22 11 22 0 21 21 11 21 12 3 10 11 23 12 11 11 11 11 22 22 12 24 22 21 12 12 22
split_gain=652.926 430.833 264.494 234.129 205.926 177.189 174.232 172.6 136.531 118.039 112.7 140.695 102.088 101.114 97.1435 203.99 199.896 182.233 340.117 169.886 140.39 121.212 151.548 200.699 116.149 172.419 165.477 191.005 187.125 162.324
threshold=159.91176605224612 0.63235294818878185 -0.11925592499999998 1.5679100000000001 111.65133048040369 0.030713726750000003 0.40101435780525213 1.1604920000000003 -0.11925592499999998 22.113093404139715 1.3326296000000002 0.86842105263157909 99.408423721790328 143.66800482273104 42.732788166210021 0.28358063500000003 5.7941176470588251 38.7119807903035 33.253394066733847 21.205184842975978 26.064441246721586 -0.17849789999999996 -0.41059787499999995 4.2058823529411766 5.5000000000000009 0.72205493000000009 0.49909551500000005 2.1687306501547994 0.78482972136222917 -0.85921498999999979
decision_type=2 2 2 2 2 2 2 2 2 2 2 2 2 8 2 2 2 2 2 2 2 2 2 2 8 2 2 2 2 2
left_child=5 2 4 10 6 7 -2 -1 -3 -10 14 -12 -8 -9 15 16 17 18 -4 -18 -17 22 -22 -24 25 26 27 -16 29 -28
right_child=1 8 3 -5 -6 -7 12 13 9 -11 11 -13 -14 -15 24 20 19 -19 -20 -21 21 -23 23 -25 -26 -27 28 -29 -30 -31
leaf_value=-0.017854396805963183 0.00030732629290470767 0.0050367633731496228 -0.015000154059838171 0.027776388332751492 0.036581373450031478 -0.0037775512154815099 -0.0041374450701669651 0.022506017194807548 -0.0020938049079245197 0.017521784420460342 0.037255360967859537 0.0071434340779511149 -0.012013851398243278 -0.025394153379244333 -0.0010449642521738335 0.00020279321959895005 -0.042934978941719458 0.04145189013040157 -0.097649695000003395 0.038750843791201806 0.011160623268302836 0.019359864485331113 -0.034733964638598805 0.014631681229419009 0.0018671657308448712 -0.036007607579075111 0.038025613774077628 -0.039156881976867543 0.0049953357099583439 -0.041982601371311566
leaf_weight=6842.7854481562972 20550.838361959904 8264.8160539790988 361.98670983314514 938.8131469078362 330.07149709761143 5482.7661777958274 16590.276543762535 436.9042917303741 891.47921134158969 5480.1267968192697 441.96420446038246 3129.133950676769 5470.4198652096093 146.29613642022014 679.91673951596022 4593.5546130388975 88.333221610635519 70.509960006922483 189.08081128820777 220.82869279384613 2789.1806696951389 2843.4275612346828 468.93385466188192 365.65803675726056 12747.668434601277 460.7871939279139 75.018383517861366 635.60948618873954 3462.9526978284121 385.53167235478759
leaf_count=51287 141905 81210 2862 8865 2373 36770 99627 2536 10715 72138 4116 28896 27899 1246 4612 38931 641 531 1209 1846 22020 23576 3576 2994 92785 3608 519 4351 26757 2680
internal_value=-6.22974e-05 0.0014074 -7.1638e-05 0.00315798 -0.00270014 -0.010596 -0.00300527 -0.015629 0.00927782 0.0147774 0.00247762 0.0108795 -0.00609102 0.0104673 0.00149159 0.00499482 -0.0174742 -0.0337981 -0.0434842 0.0153485 0.00688695 0.0116338 0.00556788 -0.0131139 -0.000785783 -0.0067184 -0.00413596 -0.0194749 0.00101074 -0.028896
internal_weight=105436 92526.9 77890.5 34948.9 42941.6 12908.8 42611.5 7425.99 14636.4 6371.61 34010.1 3571.1 22060.7 583.2 30439 11991.5 930.739 621.577 551.068 309.162 11060.8 6467.2 3623.77 834.592 18447.5 5699.82 5239.03 1315.53 3923.5 460.55
internal_count=803081 711242 547179 275375 271804 91839 269431 55069 164063 82853 266510 33012 127526 3782 233498 98186 7089 4602 4071 2487 91097 52166 28590 6570 135312 42527 38919 8963 29956 3199
is_linear=0
shrinkage=0.05


Tree=64
num_leaves=31
num_cat=0
split_feature=16 18 14 21 1 14 5 11 12 22 14 23 12 23 14 5 22 22 12 14 21 11 11 11 14 14 11 14 11 23
split_gain=630.757 428.019 402.494 293.164 237.8 221.088 311.209 264.93 264.153 284.625 385.508 243.06 342.554 255.582 293.221 252.82 214.926 207.863 201.117 719.959 198.088 194.016 190.127 189.59 289.661 326.405 388.165 386.794 263.31 242.634
threshold=0.16176471114158633 185.39170837402347 205.50000000000003 1.3326296000000002 1.5577619299292567 194.50000000000003 15.500000000000002 89.691619807248813 3.0789473684210531 -1.3015830499999999 269.50000000000006 0.29784916500000008 2.0820433436532513 0.79899701500000009 256.50000000000006 11.500000000000002 0.62641051500000011 0.21535670000000004 1.258513931888545 180.50000000000003 -0.22928500499999996 17.687629925646469 47.266789810287982 14.532123391300257 228.50000000000003 252.50000000000003 46.607583067169415 261.50000000000006 38.922266629043015 1.3275677500000003
decision_type=2 2 2 2 2 2 2 2 2 2 2 2 2 2 2 2 2 2 2 2 2 2 2 2 2 2 2 2 2 2
left_child=2 3 -1 4 -2 6 18 8 9 -7 11 12 -11 20 15 -15 -16 -12 19 -6 -13 -5 -14 -10 28 -26 29 -28 -25 -27
right_child=1 -3 -4 21 5 7 -8 -9 23 10 17 13 22 14 16 -17 -18 -19 -20 -21 -22 -23 -24 24 25 26 27 -29 -30 -31
leaf_value=-0.034886104635184427 0.003487383328330939 0.012521305217776278 -0.0065093255381157289 -0.037289265652797769 -0.0056486978861492714 0.010526211436705242 -0.027486500988232555 0.013114773913933548 -0.011830762818201031 -0.055480793633864947 0.002933319322179574 -0.013075153942123371 -0.0413599496225373 0.0011230374307235524 -0.03626652393175317 -0.016648414979813852 0.027371603800995094 0.049082321471977663 -0.0027506497366820946 -0.083526062343333859 0.0070538226860127895 0.014381312449857124 0.031199740175852184 -0.0137477150356125 0.020262102561157118 0.011457979818700286 -0.10402869478032173 0.01250647003588411 0.004825744433798654 -0.018733013455263275
leaf_weight=1897.2745945490897 26315.68160078302 7583.855225417763 3658.669518250972 188.33019102364779 1669.9004952386022 2469.0358655676246 1639.6799250133336 3441.1369526647031 1959.266987003386 637.66523682326078 573.76813251525164 1793.3238873593509 142.69947173446417 3629.2361375465989 1632.7913563027978 4460.1253598704934 143.68643346428871 423.71984931826591 15362.841583568603 359.96129588037729 3832.4722514562309 4526.2636277340353 241.88282477855682 3073.766856033355 4512.2113815061748 3135.9376125112176 167.21094301342964 123.1313678175211 5028.543560795486 843.72281447798014
leaf_count=31110 216087 97137 23240 1650 13222 14753 9772 23043 11455 3786 3706 10249 869 26625 9063 22206 927 3498 105945 2044 24947 40238 1595 19234 28822 20453 984 796 32014 4806
internal_value=0.00019157 0.00110346 -0.0162041 0.000165471 -0.000488165 -0.00219493 -0.00666961 -0.000179846 -0.00135851 -0.00536362 -0.0076045 -0.00942816 -0.0330313 -0.00786863 -0.0127179 -0.00867622 -0.0311068 0.0225663 -0.00470565 -0.0194932 0.000636165 0.0123098 0.00423899 0.00288825 0.00459683 0.0108866 0.000976924 -0.054734 -0.00222128 0.00505413
internal_weight=105468 99911.8 5555.94 92328 87613.4 61297.7 19032.4 42265.3 38824.2 19980.4 17511.4 16513.9 1022.25 15491.6 9865.84 8089.36 1776.48 997.488 17392.7 2029.86 5625.8 4714.59 384.582 18843.8 16884.5 8782.21 4270 290.342 8102.31 3979.66
internal_count=804276 749926 54350 652789 610901 394814 130983 263831 240788 122224 107471 100267 6250 94017 58821 48831 9990 7204 121211 15266 35196 41888 2464 118564 107109 55861 27039 1780 51248 25259
is_linear=0
shrinkage=0.05


Tree=65
num_leaves=31
num_cat=0
split_feature=15 18 21 0 14 19 14 12 14 14 14 12 12 14 12 5 5 21 12 14 19 18 18 21 24 12 12 12 14 24
split_gain=657.966 424.694 266.9 293.776 239.757 369.317 211.559 429.378 204.532 201.725 200.182 181.283 175.449 173.92 172.305 146.842 123.175 143.085 137.965 144.799 122.044 156.934 120.978 116.387 113.145 163.924 113.008 143.074 221.2 256.684
threshold=31.400850296020511 185.39170837402347 1.3326296000000002 0.60524472594261181 194.50000000000003 0.10294117778539659 171.50000000000003 1.258513931888545 222.50000000000003 169.50000000000003 203.50000000000003 9.1253869969040267 7.93498452012384 180.50000000000003 5.7058823529411775 15.500000000000002 6.5000000000000009 0.089702900500000016 5.7538699690402479 258.50000000000006 0.63235294818878185 190.41741943359378 167.343132019043 -2.0836265999999992 4.5000000000000009 5.8498452012383906 9.9736842105263168 3.0510835913312699 269.50000000000006 7.5000000000000009
decision_type=2 2 2 2 2 2 2 2 2 2 2 2 2 2 2 2 2 2 2 2 2 2 2 2 8 2 2 2 2 10
left_child=1 2 3 16 5 -5 14 13 -4 -3 -2 15 -10 -8 -7 24 17 -1 -18 23 21 -11 -15 -20 -9 -26 27 28 29 -6
right_child=10 9 8 4 26 6 7 11 12 20 -12 -13 -14 22 -16 -17 18 -19 19 -21 -22 -23 -24 -25 25 -27 -28 -29 -30 -31
leaf_value=0.0023851720691723029 -0.039210143524608443 0.038923783153507752 -0.0019976768892439344 -0.029189833319025128 -0.0039219629476337841 0.0045462039091674093 -0.014053720567765236 -0.01436433104706546 0.021709345434011526 -0.0024853531951217552 -0.012541308611337516 0.026167180008845659 -0.038562071909795728 -0.024369613304692745 -0.037060753065533969 -0.028417699353291661 -0.0028179159696713439 0.011959705763511795 0.051060099845533884 -0.0076524162280051907 0.016227343656920731 0.024415674415304532 -0.088328949658687858 0.0084845670870403837 0.0056339054341708467 -0.023988721421697525 -0.023874828107871681 0.0027298496414781253 0.020077571557960028 -0.035931552675210345
leaf_weight=13519.597117125988 1192.2172844782472 639.98005736246705 1834.2658980190754 1953.8643360249698 16785.812263768166 4609.2663880549371 198.35114707425237 2513.6072224192321 2880.0159639529884 2724.3786924816668 1718.6023171395063 374.95597250759602 125.13677559792995 100.9717510715127 262.03196974471211 888.23995617032051 16004.228644717485 5484.691988889128 165.05276101455092 1534.1835964918137 3437.254783693701 675.79546682536602 285.24104103446007 4863.6349154189229 2449.2985539399087 575.99477578699589 542.9520449154079 14959.634113527834 916.06387270987034 649.59480515122414
leaf_count=115701 23160 14106 15809 18554 100624 34014 1130 14126 26015 29755 13860 2241 1006 469 1701 4315 104606 61978 1013 9955 44466 8402 1604 30603 15638 3669 3110 90912 6279 3132
internal_value=-3.85518e-05 0.000630763 -0.00027715 -0.000894697 -0.00355669 -0.00900671 -0.0057875 -0.0111212 0.0111591 0.0121007 -0.0234741 -0.00758327 0.0191876 -0.0522061 0.00230098 -0.00955602 0.00218318 0.00514889 -0.000314438 0.00579005 0.00958475 0.00286692 -0.0717135 0.00989187 -0.0065267 -1.20995e-05 -0.00126859 -0.000899416 -0.00385788 -0.00511654
internal_weight=104865 101954 94476.7 89637.3 48065.9 14211.8 12258 7386.66 4839.42 7477.41 2910.82 6802.1 3005.15 584.564 4871.3 6427.14 41571.4 19004.3 22567.1 6562.87 6837.43 3400.17 386.213 5028.69 5538.9 3025.29 33854.1 33311.1 18351.5 17435.4
internal_count=801953 764933 668204 625374 301518 97461 78907 43192 42830 96729 37020 39989 27021 3203 35715 37748 323856 177679 146177 41571 82623 38157 2073 31616 33433 19307 204057 200947 110035 103756
is_linear=0
shrinkage=0.05


Tree=66
num_leaves=31
num_cat=0
split_feature=16 18 14 14 13 22 14 22 20 14 12 17 14 9 14 24 22 17 5 12 14 24 24 14 11 11 17 14 12 22
split_gain=593.937 393.343 344.148 243.932 220.637 278.428 344.012 247.611 226.427 201.62 313.259 204.31 252.258 200.608 198.314 176.029 175.676 170.979 169.6 162.81 261.133 276.342 189.946 188.307 151.403 198.508 158.296 155.204 210.987 133.414
threshold=0.16176471114158633 185.39170837402347 205.50000000000003 271.50000000000006 -38.593676229045016 -1.1913062499999998 197.50000000000003 -1.9131074999999997 -6.5469207763671866 182.50000000000003 9.1253869969040267 199.7559509277344 212.50000000000003 77.500000000000014 167.50000000000003 7.5000000000000009 -1.2825376499999999 184.16620635986331 3.5000000000000004 2.3018575851393193 267.50000000000006 7.5000000000000009 1.5000000000000002 187.50000000000003 63.742673904464901 38.133061216700106 184.16620635986331 175.50000000000003 4.1099071207430358 1.5679100000000001
decision_type=2 2 2 2 2 2 2 2 2 2 2 2 2 2 2 10 2 2 2 2 2 10 8 2 2 2 2 2 2 2
left_child=2 3 -1 4 5 6 7 -2 16 10 15 13 -13 19 -3 24 -6 -18 -7 20 21 23 -22 -11 25 26 -10 -27 -29 -20
right_child=1 14 -4 -5 8 18 -8 -9 9 11 -12 12 -14 -15 -16 -17 17 -19 29 -21 22 -23 -24 -25 -26 27 -28 28 -30 -31
leaf_value=-0.034071500085380256 0.013690490002490242 0.04111889059276267 -0.0073288950416186792 0.018812935890596641 0.028723529774588169 0.018176321697289166 0.012412835752618014 -0.051618136955130622 -0.012315804519748926 -0.047161931662643958 0.035268890618397802 0.018377606608074214 -0.022431516161456382 0.020643249583981307 0.0095634882226917281 0.010750199841703377 -0.0053492343231398469 0.012763943978891482 0.0035251041874422352 0.00080613021566489052 -0.039432325519523775 -0.041651876067020838 0.029241018987287766 -0.004791420362966591 0.0054376764556479731 -0.014394121412442066 0.0083641295358809296 -0.05275684814321252 -0.015233909294957243 0.040148929406029377
leaf_weight=1799.7109570205212 186.07410889863968 535.76957851648331 3626.8825261183083 1670.9143661297858 844.39934126287699 2595.7928417511284 600.37884709984064 652.83777780085802 4468.3159045875072 266.44203681126237 395.03645519167185 461.54908312112093 2091.5474238954484 1090.4931732788682 6902.3590838648379 939.69442969933152 2482.5826408527792 2739.6723040565848 13174.794357322156 36196.86393385008 114.35756747424603 552.40785221010447 796.61476184427738 13496.033778756857 1130.7730530649424 2167.2834536880255 1166.222239498049 804.83473246917129 702.20349910855293 252.46163007244468
leaf_count=31263 1598 12430 23237 12994 8624 32531 4054 4096 26374 1383 3037 4877 16861 9512 84801 5909 17100 35813 106291 231442 489 2621 5867 79346 6504 13036 10331 4831 4080 3013
internal_value=-9.6143e-05 0.000782625 -0.0162026 -0.000111214 -0.000461321 0.00458666 -0.0164716 -0.0371334 -0.00167043 -0.00250993 -0.00844833 -0.00124004 -0.0150497 -0.000568363 0.0118417 -0.00996895 0.00757778 0.00415383 0.00647916 -0.00101858 -0.00535628 -0.00700855 0.0205864 -0.00561508 -0.0118348 -0.0139333 -0.0080348 -0.0229739 -0.0352948 0.00421665
internal_weight=104905 99478.7 5426.59 92040.6 90369.7 17462.3 1439.29 838.912 72907.3 66840.7 11774.4 55066.3 2553.1 52513.2 7438.13 11379.3 6066.65 5222.25 16023 51422.7 15225.9 14314.9 910.972 13762.5 10439.6 9308.86 5634.54 3674.32 1507.04 13427.3
internal_count=804345 749845 54500 652614 639620 151583 9748 5694 488037 426500 74102 352398 21738 330660 97231 71065 61537 52913 141835 321148 89706 83350 6356 80729 65156 58652 36705 21947 8911 109304
is_linear=0
shrinkage=0.05


Tree=67
num_leaves=31
num_cat=0
split_feature=15 5 14 20 11 14 12 25 2 14 11 14 11 11 12 12 12 14 14 11 11 11 11 12 14 13 3 11 14 14
split_gain=623.871 310.838 313.391 230.936 233.075 188.058 258.136 205.815 186.934 184.412 177.727 176.691 313.77 248.284 721.144 551.358 217.297 192.19 455.532 373.677 227.558 350.284 171.015 246.333 189.66 170.855 160.365 198.2 157.093 153.976
threshold=31.400850296020511 12.500000000000002 194.50000000000003 -25.414283752441403 75.951033719080073 268.50000000000006 2.8746130030959756 29.05936062932015 70.908836677670493 203.50000000000003 9.9283420878805639 252.50000000000003 9.5080668581966847 40.385965296750662 4.3854489164086692 5.0882352941176476 4.4582043343653259 224.50000000000003 213.50000000000003 16.244831388937339 39.709729274025555 25.766815043259243 89.691619807248813 2.2244582043343657 267.50000000000006 -22.440938972882439 13.897927001118662 33.014739663412236 165.50000000000003 215.50000000000003
decision_type=2 2 2 2 2 2 2 2 2 2 2 2 2 2 2 2 2 2 2 2 2 2 2 2 2 2 2 2 2 2
left_child=1 3 -3 -1 5 7 8 11 -7 -2 -8 16 -13 -14 -15 -16 -5 18 25 -19 21 29 23 24 -4 -18 27 -12 -6 -20
right_child=9 2 22 4 28 6 10 -9 -10 -11 26 12 13 14 15 -17 17 19 20 -21 -22 -23 -24 -25 -26 -27 -28 -29 -30 -31
leaf_value=0.029515473453715448 -0.038816861661614487 -0.017035179348746911 -0.012161694622904961 -0.000150654460919302 -0.024972587393204158 0.042153173895537188 0.031042919496910279 -0.009380470555427841 -0.0069219198798197018 -0.012812599969190396 -0.013021689413984756 -0.026584228301881552 0.0054865985356856066 -0.0086644390238470557 -0.24666869617500653 0.0018502840825287061 0.013076774789786494 -0.002593700271620251 -0.044567470460302815 0.026487650125797752 0.0080021599224854752 -0.053585215318065482 0.010666494094286961 0.00052918760294477926 0.01525466597887782 0.00086587268078751442 0.0038880694849707099 -0.093854512910281726 0.01185230913316784 0.013721671391279645
leaf_weight=782.71900751069188 1121.9344388768077 3733.6921955123544 7673.8257859833539 26764.383826617151 300.48142220079899 919.22924410924315 388.60850155353546 4770.6144490167499 245.57279377058148 1739.466941781342 291.62532084435225 1419.4948949739337 4887.9122325628996 2175.6215981133282 56.465809933841228 36.465120069682598 6355.8372045010328 1763.7404965497553 152.56291126459837 2954.0091809034348 545.79266257956624 725.4614146836102 2571.3447804115713 17443.943294271827 686.45283440127969 5214.813953962177 938.90836088731885 101.68611475452781 7405.9796305522323 431.09193724766374
leaf_count=16246 23244 22571 39837 218636 2600 8348 3289 34587 1747 14203 2457 8053 40298 16922 470 265 61744 13348 1284 29756 5738 6255 14237 90701 4442 40079 7934 780 69826 3644
internal_value=2.47735e-06 0.00065017 -0.00341958 0.00252695 0.00221969 0.00118674 0.0136439 0.000569455 0.0318097 -0.0230187 0.00133636 0.00145712 -0.00511885 -0.000858041 -0.0145248 -0.150171 0.00271301 0.00693717 0.00388604 0.0156173 -0.0191103 -0.0304114 -0.00162749 -0.00285293 -0.00990901 0.00757395 -0.00734583 -0.0341051 0.0104134 -0.00156483
internal_weight=104600 101738 32109.3 69629.1 68846.4 61139.9 2885.63 58254.3 1164.8 2861.4 1720.83 53483.7 8575.96 7156.46 2268.55 92.9309 44907.7 18143.3 13425.6 4717.75 1854.91 1309.12 28375.6 25804.2 8360.28 11570.7 1332.22 393.311 7706.46 583.655
internal_count=803541 766094 171788 594306 578060 505634 24555 481079 10095 37447 14460 446492 66008 57955 17657 735 380484 161848 118744 43104 16921 11183 149217 134980 44279 101823 11171 3237 72426 4928
is_linear=0
shrinkage=0.05


Tree=68
num_leaves=31
num_cat=0
split_feature=15 18 21 0 14 25 11 14 11 14 4 14 23 21 14 23 14 14 14 23 23 18 23 14 11 11 18 15 9 14
split_gain=498.053 331.72 283.165 247.661 238.078 307.555 249.21 223.775 174.509 187.394 158.054 157.18 126.915 125.981 124.515 123.416 119.898 201.914 181.641 168.908 110.253 110.558 109.299 132.455 175.641 138.524 109.89 109.04 107.301 115.171
threshold=34.422899246215827 185.39170837402347 1.3326296000000002 0.43299245834350591 192.50000000000003 32.285268002748502 89.691619807248813 172.50000000000003 17.687629925646469 222.50000000000003 273.07877713069325 170.50000000000003 0.30975498500000004 -0.14242072499999997 210.50000000000003 0.51782399000000012 241.50000000000003 237.50000000000003 227.50000000000003 1.6251929000000003 2.4041249500000004 166.48529052734378 2.4041249500000004 173.50000000000003 71.626220415770192 60.078988253193749 171.18182373046878 12.043208599090578 76.500000000000014 212.50000000000003
decision_type=2 2 2 2 2 2 2 2 2 2 2 2 2 2 2 2 2 2 2 2 2 2 2 2 2 2 2 2 2 2
left_child=1 2 3 28 5 7 10 -5 -4 22 12 -3 -6 -13 -2 -9 17 18 19 -8 21 -14 23 24 -10 26 -25 -21 29 -1
right_child=14 11 8 4 6 -7 16 15 9 -11 -12 13 20 -15 -16 -17 -18 -19 -20 27 -22 -23 -24 25 -26 -27 -28 -29 -30 -31
leaf_value=0.0043410318423597587 -0.034864435556057206 0.034612406363301269 -0.033237350749092391 0.001291123569168286 -0.01505763097427216 -0.029736049152045391 0.0040889258862901413 0.0067462863082075834 0.0045730622294160054 0.021471854562242966 -0.0075909982193503242 0.0022513805448542519 0.0074954356993785221 0.016063043131376287 -0.010899144914872136 -0.014451369228076064 0.040558206571545415 -0.06323270616421181 0.05739539633682033 0.034412755541580672 -0.028139552174910848 -0.00086380956072909174 0.046082453346526116 -0.075069224680739233 0.085060722442646119 -0.0031087264036125423 -0.0089878005555764032 0.13122794323434045 0.017750735359364139 -0.0011430977545518119
leaf_weight=18654.657570064068 1167.4342231974006 625.8152632676065 208.46154581382871 5536.5952158197761 1345.4929852262139 1564.1196240782738 2459.874145694077 770.25427030771971 737.76862896978855 2820.4677974656224 10432.205269835889 3695.8619451411068 5257.8530170507729 2983.6407686583698 1013.3440843373537 6285.9766924753785 328.63969986513257 93.31385687738657 196.50303408503532 165.21221873536706 323.92835677415133 15958.335397452116 123.19593384489417 146.55457653477788 73.654494844377041 608.25971129909158 110.20593109726906 34.67011908069253 1045.993294108659 19664.083411436528
leaf_count=156316 23714 14826 1731 40336 9009 17926 15954 4681 6824 25861 51508 38924 27928 42988 7130 37110 2083 641 1302 1174 1465 112249 1213 903 660 4855 1156 234 9791 143628
internal_value=-0.000100183 0.000404193 -0.000385806 -0.00101791 -0.00332631 -0.00883201 -0.00119629 -0.00623342 0.0114092 0.0134305 -0.00249064 0.0106704 -0.000165458 0.00842234 -0.0237386 -0.0121368 0.0119555 0.00875596 0.0111291 0.0076907 0.000765431 0.00120806 0.000822779 -0.00252869 0.0119748 -0.0161316 -0.0468509 0.0517753 0.00195832 0.00152678
internal_weight=104432 102252 94946.3 90117.7 50753 14156.9 36596 12592.8 4828.57 4620.11 33317.8 7305.32 22885.6 6679.5 2180.78 7056.23 3278.21 2949.57 2856.26 2659.76 21540.1 21216.2 1799.64 1676.44 811.423 865.02 256.761 199.882 39364.7 38318.7
internal_count=804120 773276 676538 633335 323600 100053 223547 82127 43203 41472 202159 96738 150651 81912 30844 41791 21388 19305 18664 17362 141642 140177 15611 14398 7484 6914 2059 1408 309735 299944
is_linear=0
shrinkage=0.05


Tree=69
num_leaves=31
num_cat=0
split_feature=18 20 18 21 12 23 21 23 5 23 21 20 17 12 13 3 21 20 3 24 11 21 11 12 23 12 11 23 12 12
split_gain=488.062 394.05 298.684 174.303 168.747 198.465 177.308 195.241 181.783 179.72 164.214 153.745 145.922 142.61 141.455 144.5 140.86 137.41 135.27 134.655 134.612 259.364 218.48 233.104 176.836 131.609 130.829 131.935 128.888 124.977
threshold=156.92646789550784 51.42878723144532 182.33635711669925 1.3326296000000002 2.2801857585139325 0.29784916500000008 -1.6064002499999999 1.4070335000000003 10.500000000000002 0.87778512000000009 -0.087392471699999988 -19.215438842773434 161.37132263183597 0.86842105263157909 -44.530055251664507 3.7892491593956952 -0.19011549499999997 63.940284729003913 14.470952779054643 5.5000000000000009 68.440097592586525 0.88908213500000011 53.401806228566379 1.5773993808049538 1.0896113000000003 2.2244582043343657 59.618031340925135 1.1894188000000001 0.61145510835913319 0.32507739938080499
decision_type=2 2 2 2 2 2 2 2 2 2 2 2 2 2 2 2 2 2 2 8 2 2 2 2 2 2 2 2 2 2
left_child=1 12 3 4 5 -2 8 9 -7 29 25 -4 -1 -5 15 -6 17 -13 -19 -17 22 -22 -11 26 -25 -9 -24 -28 -23 -8
right_child=2 -3 11 13 14 6 7 10 -10 20 -12 16 -14 -15 -16 19 -18 18 -20 -21 21 28 23 24 -26 -27 27 -29 -30 -31
leaf_value=-0.034349052836058651 -0.024506592297278321 -0.0053564745007382321 0.026288388085525617 0.037329280838969241 0.031177970498682869 -0.0084943367462274981 0.037269884011333569 0.0034025923538860202 -0.046954978071678144 -0.0055003648613429117 0.022527317033735519 0.0054952286235395416 0.0058670597180114524 0.0069351668750968643 -5.8674065973733869e-05 -0.0049170224290258462 0.012006043516002617 -0.031409388062876957 -0.0010148699149619381 0.010218415786904909 0.0083029166028711927 -0.053076996203667286 -0.027441229259124091 -0.075418134000575413 -0.028358023371531701 -0.047451470892656722 -0.013019615920431094 0.035697022213616432 -0.011207386511900577 -5.5913617332777662e-05
leaf_weight=1865.8121401332319 1140.3445741198957 8314.9988751299679 1049.7440103199333 436.00971496105194 587.76630977541208 1046.9135883264244 230.50354143232107 3048.2516427785158 434.19162432476878 2903.5534549355507 1272.8384182415903 5207.530348084867 256.25350469350815 3309.6955544538796 46137.259080275893 2166.7629748284817 5974.9364377483726 545.1906653046608 1110.1650515273213 4562.3489305190742 2096.5812958106399 267.46596606820822 781.58234817907214 332.95567584037781 501.51077671349049 131.76606874167919 414.86723376065493 207.74392076209188 585.2651092633605 7167.6692153513432
leaf_count=33811 7414 41781 22276 4234 7219 6626 1533 18541 1917 19612 10286 54083 1213 30940 313182 16799 77380 3331 7127 41710 13605 1878 4595 2042 3135 777 2443 1228 4355 48049
internal_value=-1.07342e-05 -0.0102661 0.00113228 -4.59796e-05 -0.000564871 -0.00419064 -0.00310816 -0.00186805 -0.0197933 -0.00452059 0.00735802 0.0078992 -0.0294922 0.0104821 0.000965682 0.00742398 0.00639359 0.00150627 -0.0110382 0.00534482 -0.00966996 -0.00115372 -0.0145533 -0.0262872 -0.047203 0.00128117 -0.0138329 0.00326663 -0.0243869 0.00111192
internal_weight=104088 10437.1 93651.4 79763.8 76018.1 22564 21423.7 19942.6 1481.11 15489.7 4452.86 13887.6 2122.07 3745.71 53454.1 7316.88 12837.8 6862.89 1655.36 6729.11 8091.53 2949.31 5142.21 2238.66 834.466 3180.02 1404.19 622.611 852.731 7398.17
internal_count=803122 76805 726317 562120 526946 148036 140622 132079 8543 102475 29604 164197 35024 35174 378910 65728 141921 64541 10458 58509 52893 19838 33055 13443 5177 19318 8266 3671 6233 49582
is_linear=0
shrinkage=0.05


Tree=70
num_leaves=31
num_cat=0
split_feature=18 20 20 11 5 20 17 20 25 17 12 17 19 20 11 12 20 23 17 23 0 23 12 5 4 11 11 23 11 11
split_gain=459.94 366.633 302.04 206.183 179.957 281.305 171.502 161.544 200.766 159.193 152.858 140.13 133.294 186.991 167.25 209.63 151.255 285.458 160.924 127.647 126.032 117.974 175.689 113.759 104.793 101.407 149.285 101.273 261.678 392.276
threshold=156.78584289550784 61.546920776367195 -14.578781127929686 88.744555543150895 12.500000000000002 50.940284729003913 213.25555419921878 96.985290527343764 24.145000123977663 192.47222137451175 5.1625386996904039 161.37132263183597 0.33823530375957495 38.507575988769538 14.532123391300257 5.7538699690402479 59.123107910156257 0.78081134000000019 199.67500305175784 2.1829980500000006 4.7231981754302987 1.2528702 1.2368421052631582 1.5000000000000002 384.68553601205355 50.9687315441968 57.337247666997996 0.35652237000000003 38.7119807903035 33.253394066733847
decision_type=2 2 2 2 2 2 2 2 2 2 2 2 2 2 2 2 2 2 2 2 2 2 2 2 2 2 2 2 2 2
left_child=1 11 9 4 6 20 7 12 19 -2 21 -1 13 -4 16 23 17 -14 -18 -9 -6 22 25 -16 -22 -7 -27 28 29 -25
right_child=2 -3 3 -5 5 10 -8 8 -10 -11 -12 -13 14 -15 15 -17 18 -19 -20 -21 24 -23 -24 27 -26 26 -28 -29 -30 -31
leaf_value=-0.030852901108841275 0.0042682716696480173 -0.0045694247554532502 -0.0085117924276662156 0.0088181549033158769 -0.0058723987566034006 0.016369756636341572 0.024711547035856922 0.005808424254483276 0.030875921300016096 0.025489595098101222 0.0091458510223746039 0.006039667941979002 -0.044742231127558853 0.0057180514887070271 0.016375418420299295 0.0095519743574167988 -0.0082253835372407755 0.015763465153300203 -0.037541407263282957 -0.049825484102162143 -0.013194151602900904 0.0039510288217642683 -0.0028792036600020776 -0.0049793494444938351 -0.032376990588098641 -0.059940537670295391 -0.018007908760926443 0.0010067897357813947 0.0038593295623941871 -0.07597784901882719
leaf_weight=2254.0692344084382 1686.195065246895 7209.4315732270479 8052.6077635847032 6907.000857014209 4483.21012275666 144.21918692439795 768.22489209473133 1135.8064196109772 993.63636576384306 1857.0635134037584 3575.0489070788026 290.21835172176361 231.30063756927848 3235.6076994240284 1133.6377477049828 8652.8232514448464 2618.8145017586648 1211.2983993291855 569.26750741153955 112.38707744330168 2602.5898778475821 4165.3065033555031 5749.969327416271 504.69984624907374 980.6539952494204 277.71760277450085 896.9292086660862 30033.55641496554 1268.3379588425159 315.74627843126655
leaf_count=37173 18974 33505 39948 55009 23367 820 10303 9571 7148 36309 20010 1348 2052 20271 12966 87143 17831 10205 3881 545 13494 24592 30516 4442 8867 1457 4757 252500 11209 2282
internal_value=5.18299e-06 -0.0103298 0.0010758 0.000515772 -0.000169335 -0.00394981 0.0012522 0.000951778 0.0141178 0.0153947 0.000142462 -0.026644 0.00044113 -0.00443286 0.00162339 0.00261979 -0.00739283 0.00603795 -0.0134702 0.000763283 -0.0114619 -0.00272325 -0.00665607 0.00081588 -0.0184516 -0.0231077 -0.0279644 0.000266271 -0.0103767 -0.0323621
internal_weight=103917 9753.72 94163.7 90620.4 83713.4 22875.6 60837.8 60069.5 2241.83 3543.26 14809.2 2544.29 57827.7 11288.2 46539.5 41908.8 4630.68 1442.6 3188.08 1248.19 8066.45 11234.1 7068.84 33256 3583.24 1318.87 1174.65 32122.3 2088.78 820.446
internal_count=802495 72026 730469 675186 620177 127880 492297 481994 17264 55283 82152 38521 464730 60219 404511 370542 33969 12257 21712 10116 45728 62142 37550 283399 22361 7034 6214 270433 17933 6724
is_linear=0
shrinkage=0.05


Tree=71
num_leaves=31
num_cat=0
split_feature=18 20 19 14 24 18 17 17 24 14 25 11 11 14 11 11 11 11 18 20 11 14 14 11 24 14 14 24 14 14
split_gain=419.992 365.934 304.361 179.374 163.258 153.23 144.861 133.747 130.01 148.968 267.345 239.456 216.507 453.433 222.231 172.251 151.068 147.282 129.267 127.899 124.089 123.718 312.969 352.653 260.163 248.022 151.13 196.998 152.123 148.14
threshold=156.92646789550784 60.573593139648445 0.63235294818878185 268.50000000000006 1.5000000000000002 190.41741943359378 157.279411315918 199.7559509277344 3.5000000000000004 233.50000000000003 25.926900374889378 9.0522675820548493 40.166163226999004 254.50000000000003 40.385965296750662 68.440097592586525 41.215527243203375 8.0752066537030007 185.39170837402347 -2.9402847290039058 80.377632546720136 242.50000000000003 219.50000000000003 103.36032366453911 5.5000000000000009 254.50000000000003 207.50000000000003 5.5000000000000009 215.50000000000003 177.50000000000003
decision_type=2 2 2 2 8 2 2 2 10 2 2 2 2 2 2 2 2 2 2 2 2 2 2 2 10 2 2 10 2 2
left_child=1 6 3 5 -5 8 -1 -6 9 10 19 -11 -13 14 -14 16 -15 -12 -4 -2 -16 22 26 -24 25 -23 27 29 -28 -10
right_child=2 -3 18 4 7 -7 -8 -9 21 11 17 12 13 15 20 -17 -18 -19 -20 -21 -22 24 23 -25 -26 -27 28 -29 -30 -31
leaf_value=-0.032739446353075283 0.0073747173152912786 -0.0040310200846547361 0.0051484612601375799 -0.020629789798821855 0.020060001824126154 0.02334032403159789 -0.0056150717666912774 -0.019165205586952758 0.0042273405370195482 -0.022106052941271832 0.019268091188259368 0.0094626369580305212 -0.10277231270673209 0.045719753570223981 0.0027881046775760244 0.0053275482031274017 -0.035238965678821565 -0.0099294747055185956 0.016151804622416593 -0.0020833800127399485 0.025606697747836041 -0.0094024199555130562 0.023286770814992797 -0.044396017079118277 -0.015258832436713207 0.020377121600089351 -0.022529987257964904 0.0098827909571555742 0.0073654961267654341 -0.016477886286841388
leaf_weight=1914.3274504169822 4283.3698207810521 7781.2564213499427 10634.003099475056 335.34296262264252 2336.2511187754571 666.92257997952402 663.12788986414671 238.80737869441509 1861.1395766232163 957.35967689752579 444.84755713865161 7809.4460795708001 46.694129269570112 59.278377413749695 4786.9626985266805 394.99530930072069 1391.2201383598149 13918.359162185341 3563.5108208600432 21567.901970617473 679.54776716977358 1282.8588961027563 3016.2766888588667 204.6575020737946 2533.1476316824555 1534.5762868337333 1184.6334870532155 5402.2906355559826 663.11870152503252 1610.705593880266
leaf_count=35422 41845 36332 112011 1492 20587 9545 5318 2273 15626 5118 2913 55548 264 390 30917 2262 8287 85369 52132 138878 4601 11066 25168 1449 15876 14427 8575 43238 4640 12365
internal_value=0.000110607 -0.00944103 0.00116995 -3.84209e-05 0.0121421 -0.000503189 -0.0257658 0.0164163 -0.000713743 -0.00192684 -0.00355489 0.00213322 0.00366447 -0.0024893 0.0046923 -0.0239344 -0.0319012 -0.00902391 0.00791119 -0.000516017 0.00562887 0.00282862 0.00530884 0.0189738 -0.00363423 0.00681912 0.0012024 0.00391138 -0.011803 -0.00538049
internal_weight=103767 10358.7 93408.2 79210.7 2910.4 76300.3 2577.46 2575.06 75633.4 56340 40214.5 16125.5 15168.1 7358.7 5513.2 1845.49 1450.5 14363.2 14197.5 25851.3 5466.51 19293.4 13942.8 3220.93 5350.58 2817.44 10721.9 8874.14 1847.75 3471.85
internal_count=803934 77072 726862 562719 24352 538367 40740 22860 528822 376392 269005 107387 102269 46721 35782 10939 8677 88282 164143 180723 35518 152430 111061 26617 41369 25493 84444 71229 13215 27991
is_linear=0
shrinkage=0.05


Tree=72
num_leaves=31
num_cat=0
split_feature=15 21 22 14 11 22 23 5 0 14 14 11 5 11 22 5 14 22 11 14 17 22 23 21 14 14 25 14 14 11
split_gain=420.148 279.127 258.495 266.683 264.298 275.762 388.02 261.038 247.533 242.509 234.068 210.518 201.65 184.605 159.669 150.823 183.261 143.817 209.053 177.478 222.235 168.136 201.183 214.93 166.541 187.872 197.271 155.154 150.617 142.127
threshold=32.923778533935554 -0.11925592499999998 1.5679100000000001 269.50000000000006 15.017229010400021 1.3255616000000001 0.78707039500000009 7.5000000000000009 1.0833250880241396 259.50000000000006 213.50000000000003 145.48981178265885 29.500000000000004 111.65133048040369 0.19324044500000001 15.500000000000002 197.50000000000003 -0.79991891999999998 8.531781322423706 210.50000000000003 191.47000122070315 -1.6132802499999999 2.0888086500000003 -1.6978661499999999 223.50000000000003 252.50000000000003 21.65932177305222 270.50000000000006 265.50000000000006 38.133061216700106
decision_type=2 2 2 2 2 2 2 2 2 2 2 2 2 2 2 2 2 2 2 2 2 2 2 2 2 2 2 2 2 2
left_child=1 8 3 4 5 6 14 -6 17 -7 11 -9 -12 15 -3 -10 -17 18 -1 20 -19 -20 28 -24 29 26 -26 -27 -23 -21
right_child=-2 2 -4 -5 7 9 -8 10 13 -11 12 -13 -14 -15 -16 16 -18 19 21 24 -22 22 23 -25 25 27 -28 -29 -30 -31
leaf_value=0.025323782864318214 -0.020913843944394803 -0.043444449690336839 0.026475483255575156 0.022103330116904074 0.0087894583469705061 -0.0044638015463245671 0.011518225823916905 -0.006953139542363972 -0.0033742317570466425 -0.092543219006269911 0.002538231405044571 0.069687081106695178 0.02899114572143735 0.041163193977676343 -0.0042157794690563365 -0.030687490772762505 -0.0085638396421959598 0.0035253978976586583 0.013136330870650529 -0.024896415709321953 0.019973914938928427 -0.0074369075291277169 -0.015825718415387706 -0.078996900453519092 0.02351773524301316 -0.0099261200364273508 0.0024435623721115306 0.018668811566737799 0.037977463946258762 -0.00027657655647518961
leaf_weight=565.05158075690269 2305.9607298262417 693.41907878778875 1195.8001694865525 1741.9507526196539 13666.670738337561 132.92566813714802 1293.1380867492408 9050.5072637498379 17186.965937597677 189.00503385812044 16762.630000419915 89.504254523664713 751.80313526839018 209.21880784258246 414.42755020596087 1111.80486131832 5903.783896651119 6889.1283042989671 1001.9430715106428 1171.8632658608258 2924.9328469466418 6563.0976216737181 425.53583116084337 196.44832126051188 1524.6713484190404 3454.2943650856614 4081.3504303134978 548.93112071603537 186.81195029616356 1171.9914509318769
leaf_count=4318 33913 5349 12154 17482 158535 1127 11543 57567 112336 1182 115265 673 3290 1402 3467 8396 28532 46252 7008 8304 39886 46061 2565 1000 11327 20471 29546 3706 1225 9041
internal_value=0.000184665 0.000666099 0.00354246 0.00292956 0.00215312 -0.0129209 -0.00708324 0.00317138 -0.00173351 -0.0563015 0.000290567 -0.00619509 0.00367531 -0.00549138 -0.0287867 -0.00589636 -0.0120738 0.00125413 -0.00408534 0.00344691 0.00842917 -0.0060726 -0.00868479 -0.0358726 -0.000644114 0.00227098 0.00817828 -0.00600144 -0.00617457 -0.0125912
internal_weight=103406 101100 45981.8 44786 43044 2722.92 2400.98 40321.1 55117.8 321.931 26654.4 9140.01 17514.4 24411.8 1107.85 24202.6 7015.59 30706.1 8938.89 21767.2 9814.06 8373.84 7371.89 621.984 11953.1 9609.25 5606.02 4003.23 6749.91 2343.85
internal_count=802923 769010 387634 375480 357998 22668 20359 335330 381376 2309 176795 58240 118555 150666 8816 149264 36928 230710 62177 168533 86138 57859 50851 3565 82395 65050 40873 24177 47286 17345
is_linear=0
shrinkage=0.05


Tree=73
num_leaves=31
num_cat=0
split_feature=15 19 20 17 14 21 14 23 14 5 13 20 23 18 23 21 21 14 17 23 18 21 23 5 23 21 21 14 21 14
split_gain=383 253.457 306.841 213.681 197.906 276.179 198.186 182.936 162.896 154.003 153.141 185.01 152.221 151.768 140.22 137.917 131.381 127.091 131.171 121.213 118.752 111.51 117.402 164.825 146.566 109.112 215.111 151.925 145.381 122.875
threshold=31.400850296020511 0.57352942228317272 67.646110534667983 199.7559509277344 228.50000000000003 -1.5734585999999997 269.50000000000006 2.4041249500000004 200.50000000000003 1.5000000000000002 -22.161137777573828 -2.4217987060546871 1.6180181500000004 185.39170837402347 2.4041249500000004 0.0095684877600000027 -1.5327152499999999 189.50000000000003 179.38796234130862 0.36691397000000009 175.58020782470706 1.3326296000000002 0.99467701000000008 29.500000000000004 0.99988341500000011 0.72620400500000015 1.4441750000000002 251.50000000000003 -1.0149756999999997 240.50000000000003
decision_type=2 2 2 2 2 2 2 2 2 2 2 2 2 2 2 2 2 2 2 2 2 2 2 2 2 2 2 2 2 2
left_child=1 4 9 16 7 -6 12 10 -2 -3 -1 -12 21 20 15 -11 -4 18 -13 -19 -5 22 23 -7 -24 28 27 -27 -14 -30
right_child=8 2 3 13 5 6 -8 -9 -10 14 11 17 25 -15 -16 -17 -18 19 -20 -21 -22 -23 24 -25 -26 26 -28 -29 29 -31
leaf_value=-0.00020177330022675506 -0.036594338036654683 0.021631081783068731 -0.023672886586745913 0.010590816060594832 -0.018637172649396582 0.0021664075288647089 0.018556589819696035 0.016843661661639361 -0.010024374325335419 0.0025903573136620019 0.0023442318336289333 -0.017010078586312285 0.0017642003232228405 0.0014974983708834495 0.037453963796065581 0.012072736349945844 0.0033382990291867367 -0.022630101541748122 -0.0014806956753024678 -0.0037444391941756218 -0.034682777872796049 0.022855619049897816 -0.053962812561107867 0.033303943118503973 -0.0032937585427460442 -0.00068670069886894388 0.013939751492826967 -0.052310586052770537 0.043845813163969447 0.012421937741005364
leaf_weight=18528.642133662477 871.26047075912356 1881.8439377043396 492.13304699957371 166.84655871242285 1516.8731016144156 11576.896464474499 1967.9837232194841 1117.4189498610795 1706.7915619127452 10958.597187057137 5028.3769957125187 5899.5833317451179 737.04976654797792 630.5220042206347 358.84175759926438 5898.3562262970954 5167.3114570975304 919.16174968332052 1767.252723749727 11094.33964959532 1077.3271457366645 545.09315178543329 143.83225022628903 440.21428492665291 9818.1119113489985 335.71675380691886 1298.9678568914533 246.68180081993341 692.13810791820288 566.34748318046331
leaf_count=127082 21398 33766 2275 1269 7054 73516 16158 7857 15896 108583 37950 37935 4045 5805 4851 82576 44279 4749 9902 61135 7939 4486 850 1892 58702 2691 10526 1740 4284 3601
internal_value=1.19543e-05 0.000498407 0.00468293 -0.00386145 -0.00100272 0.0021422 0.00325388 -0.00312174 -0.0190145 0.00805377 -0.0036381 -0.00621483 0.00211253 -0.018487 0.00656848 0.00590882 0.000985698 -0.00840171 -0.0134311 -0.00519116 -0.0286079 0.000537203 -1.73212e-05 0.00330972 -0.00403067 0.0112624 0.00262097 -0.0226048 0.019404 0.0297254
internal_weight=103451 100872 26631.8 7534.14 74240.7 29885.9 28369 44354.8 2578.05 19097.6 43237.4 24708.7 26401 1874.7 17215.8 16857 5659.44 19680.3 7666.84 12013.5 1244.17 22524.1 21979.1 12017.1 9961.94 3876.9 1881.37 582.399 1995.54 1258.49
internal_count=804792 767498 291343 61567 476155 189545 182491 286610 37294 229776 278753 151671 166333 15013 196010 191159 46554 113721 47837 65884 9208 139446 134960 75408 59552 26887 14957 4431 11930 7885
is_linear=0
shrinkage=0.05


Tree=74
num_leaves=31
num_cat=0
split_feature=18 14 21 9 14 20 11 14 12 14 21 14 14 21 12 13 14 14 21 12 21 14 21 14 21 14 14 11 18 12
split_gain=340.227 345.839 229.554 229.831 220.219 206.954 191.172 205.819 196.015 274.55 322.325 310.783 267.52 184.309 167.305 161.062 175.125 282.419 246.891 272.518 215.528 215.416 315.105 209.607 179.269 319.703 186.269 416.29 335.025 322.81
threshold=156.30882263183597 209.50000000000003 1.3326296000000002 76.500000000000014 252.50000000000003 -3.9687194824218746 89.691619807248813 241.50000000000003 2.2801857585139325 206.50000000000003 -1.6064002499999999 267.50000000000006 222.50000000000003 0.56307989500000011 7.93498452012384 -40.2989838724558 228.50000000000003 240.50000000000003 -0.79875919499999992 4.1842105263157903 -1.1594290499999997 251.50000000000003 -1.1248923499999999 244.50000000000003 1.0000000180025095e-35 219.50000000000003 217.50000000000003 23.072045487435336 169.52228546142581 8.5758513931888576
decision_type=2 2 2 2 2 2 2 2 2 2 2 2 2 2 2 2 2 2 2 2 2 2 2 2 2 2 2 2 2 2
left_child=1 -1 3 5 -4 -2 8 -8 9 -7 -11 12 13 -12 -6 -10 20 -18 19 23 -17 -21 -23 -19 26 -26 -22 -28 -29 -30
right_child=2 -3 4 -5 14 6 7 -9 15 10 11 -13 -14 -15 -16 16 17 18 -20 21 24 22 -24 -25 25 -27 27 28 29 -31
leaf_value=-0.03595775052680536 0.0071161882520444407 -0.0055087451899275101 0.004636229403276979 0.01694039471149909 0.0314030290512268 -0.015557506045829787 0.0055241881302822626 0.043832107511068918 0.0065135867671922577 -0.031294222424093313 0.0028546303572069679 0.025920460139170588 -0.0064659900675555328 0.030735168340217257 -0.069234243131177001 0.005704001505693738 0.01331956125664821 -0.059793344093507977 0.0028651385686352527 0.0014145995570678338 -0.0058845809267801764 -0.01221446464772398 -0.052562474463963595 0.016698670748376936 -0.0034709615722092304 0.028680955206343881 0.020250318292756486 -0.009790222584002542 -0.038479955413133572 -0.15497538304248459
leaf_weight=1120.2283563800156 9467.9294053688645 5544.7235165759921 3152.7936899699271 2077.9784833192825 1371.038304887712 5180.6313928104937 5549.9037333875895 373.31872882694006 8396.9658379815519 887.07283838093281 2046.1603772565722 1049.3720571808517 9474.1551903747022 833.66920421272516 41.664383940398693 4915.987238548696 4625.5086232759058 97.508796036243439 11934.518211361021 851.5213418751955 9925.1267235726118 1193.257422991097 813.94132170081139 986.87320831418037 6836.5004101544619 870.73972737044096 560.70193300768733 1478.9622107595205 1438.0224378854036 61.179781638085842
leaf_count=24663 107444 27502 31190 20800 15409 32765 43516 2905 80415 4030 13761 8520 60665 6228 345 32275 33107 571 91444 5149 65896 5921 4068 5462 50521 7179 3882 7263 10511 508
internal_value=0.000293756 -0.0106312 0.00104846 0.000504919 0.0119904 0.000124626 -0.00069897 0.00794559 -0.00138675 -0.00569777 -0.00212254 -0.000189681 -0.00240945 0.0109335 0.0283881 0.000139865 -0.00100898 0.00244875 -0.000718807 -0.0115642 -0.00372656 -0.0196581 -0.0285941 0.00977167 -0.00591652 0.00016471 -0.00939737 -0.0192449 -0.026685 -0.0433341
internal_weight=103158 6664.95 96493 91927.5 4565.5 89849.5 80381.6 5923.22 74458.4 19471.1 14290.4 13403.4 12354 2879.83 1412.7 54987.3 46590.3 20503.1 15877.6 3943.1 26087.2 2858.72 2007.2 1084.38 21171.2 7707.24 13464 3538.87 2978.16 1499.2
internal_count=803915 52165 751750 704806 46944 684006 576562 46421 530141 125969 93204 89174 80654 19989 15754 404172 323757 145722 112615 21171 178035 15138 9989 6033 145760 57700 88060 22164 18282 11019
is_linear=0
shrinkage=0.05


Tree=75
num_leaves=31
num_cat=0
split_feature=15 22 22 22 21 23 20 21 14 14 9 21 23 13 14 13 21 23 21 14 14 14 20 22 23 14 21 9 13 19
split_gain=360.672 246.2 283.435 281.636 241.114 227.971 195.255 185.04 227.125 181.305 174.475 203.519 142.835 135.186 257.478 275.713 198.52 154.129 251.095 165.924 281.387 263.7 203.606 171.092 162.463 159.179 365.936 243.627 173.091 162.359
threshold=34.422899246215827 -0.16078418999999997 -1.6132802499999999 -1.5738755999999998 -1.3268715999999998 2.5483800000000003 -15.328430175781248 1.5015317500000001 169.50000000000003 229.50000000000003 39.500000000000007 -0.64021539499999991 0.73569989000000013 -34.223689303690151 241.50000000000003 -56.700418385374284 1.3154362500000001 0.37449388500000008 0.16949430500000004 233.50000000000003 243.50000000000003 222.50000000000003 54.358283996582038 0.22874807000000005 0.29784916500000008 222.50000000000003 -1.5734585999999997 54.500000000000007 -26.392480128240013 0.60294118523597728
decision_type=2 2 2 2 2 2 2 2 2 2 2 2 2 2 2 2 2 2 2 2 2 2 2 2 2 2 2 2 2 2
left_child=1 2 4 -4 5 -1 -5 13 -9 -6 -8 12 -12 14 -3 16 -16 18 19 21 -21 -15 -23 24 -22 27 -27 29 -29 -19
right_child=-2 7 3 6 9 -7 10 8 -10 -11 11 -13 -14 17 15 -17 -18 25 -20 20 23 22 -24 -25 -26 26 -28 28 -30 -31
leaf_value=-0.041800809991633908 -0.021377266833077765 0.0099375184161414123 -0.040709788280352849 0.014013521231900148 0.0078814299749932464 0.032460535715401272 -0.0039940034506956738 -0.059272416638323958 0.020905457928917247 0.034052193710773414 -0.11003197046324686 0.016040988293558146 -0.0039871570880711344 -0.012752748984008072 -0.050840636436672373 -0.005188712965088234 -0.20426144495771201 -0.0029416383904408445 0.017066554928661659 0.053360946586527541 -0.012010470025981004 -0.094663091839068403 -0.02980758391216199 0.032441177224481359 -0.076860603454805054 -0.023462663146854714 0.0073810446044168757 0.010111250207476771 -0.068127075889580002 0.014676237287115774
leaf_weight=348.52520932629704 1951.4780158512294 9619.5485151745379 485.66384551487863 1730.0015858784318 1715.5039417594671 145.87467884458601 45012.624647233635 91.393412373960018 2030.8708681128919 1077.278959594667 31.307676535099745 2442.6000748798251 1861.1408359594643 1398.0496886484325 134.11810708791018 1105.7564015835524 24.322580553591251 11582.215037873015 771.01077279262245 201.19999322295189 781.0406353585422 195.59661424532533 318.60492631047964 187.04410203918815 109.3083435818553 1027.4980034641922 14799.186343554407 101.42562131583691 230.53864636644721 1473.1324039287865
leaf_count=1906 30810 101006 3088 28224 14021 1141 297453 969 20720 8130 273 27641 14997 10266 1416 9940 279 77073 5532 1359 5515 1436 1661 1369 755 4943 106918 1201 2729 21166
internal_value=-9.21258e-05 0.000319212 -0.00194557 -0.00285315 0.0122875 -0.0198684 -0.00249241 0.00300909 0.0174264 0.017985 -0.00307134 0.00650782 -0.00579869 0.00231426 0.00714944 -0.0140567 -0.075526 0.000727853 -0.00852525 -0.0147125 -0.000766717 -0.0240318 -0.0546138 -0.010915 -0.0200494 0.00198296 0.00537726 -0.00202993 -0.0442642 -0.00095271
internal_weight=102984 101032 54850.5 51563.3 3287.18 494.4 51077.7 46181.9 2122.26 2792.78 49347.7 4335.05 1892.45 44059.6 10883.7 1264.2 158.441 33175.9 3961.86 3190.84 1278.59 1912.25 514.202 1077.39 890.349 29214 15826.7 13387.3 331.964 13055.3
internal_count=803937 773127 396874 371676 25198 3047 368588 376253 21689 22151 340364 42911 15270 354564 112641 11635 1695 241923 27893 22361 8998 13363 3097 7639 6270 214030 111861 102169 3930 98239
is_linear=0
shrinkage=0.05


Tree=76
num_leaves=31
num_cat=0
split_feature=5 14 21 14 20 11 14 16 4 9 22 11 22 11 24 22 22 14 23 23 14 25 11 23 22 25 11 21 22 21
split_gain=318.628 425.229 217.849 182.335 172.261 170.392 174.847 171.593 162.317 159.999 164.647 141.561 176.387 171.375 164.815 153.62 227.129 140.476 339.623 241.15 162.005 396.266 250 341.079 260.84 241.271 226.724 206.029 199.641 152.421
threshold=14.500000000000002 196.50000000000003 0.9413359750000001 217.50000000000003 -24.24568939208984 79.642589872178192 226.50000000000003 0.30882354080677038 443.1861704587937 76.500000000000014 2.1169150000000005 89.691619807248813 0.90906459000000017 40.166163226999004 3.5000000000000004 1.0894472500000003 -0.16078418999999997 269.50000000000006 1.9593707000000002 0.59889301500000014 253.50000000000003 25.926900374889378 41.848222688509402 0.54848385000000011 -0.85921498999999979 25.926900374889378 11.403051592271213 -0.47047499999999992 0.62641051500000011 -0.28784333499999998
decision_type=2 2 2 2 2 2 2 2 2 2 2 2 2 2 10 2 2 2 2 2 2 2 2 2 2 2 2 2 2 2
left_child=2 8 4 -4 -1 7 -7 -6 -2 10 17 13 14 15 -13 16 -3 20 19 29 25 22 26 -24 27 -9 -22 -25 -26 -19
right_child=1 11 3 -5 5 6 -8 9 -10 -11 -12 12 -14 -15 -16 -17 -18 18 -20 -21 21 -23 23 24 28 -27 -28 -29 -30 -31
leaf_value=0.024250408501944102 -0.013472948635699051 -0.0046697352079063696 0.0021606018811367151 0.016902407475328649 -0.023059088898819052 0.0049728842512009328 0.028827319253457873 0.002330210804303943 -0.03724922696180695 0.014276742955190859 0.030681553650263128 0.014438260507042208 0.048591947375553307 -0.0073828533942095556 -0.017201880944496102 -0.019245982458132804 0.011754097976501551 -0.040257779366681824 -0.026879732001853902 0.037423147156784208 -0.028625619251798479 0.0097678970214027314 0.018976078543927535 -0.055357385917641277 -0.070775737553950904 -0.0055135395615370222 -0.0022663342573019151 0.0095683823451616339 0.020353463497470824 0.014830089641096453
leaf_weight=773.66048155725002 2042.7626651450992 4166.6118645071983 4302.8593915719539 4092.1616108305752 811.59011789783835 4792.2903900295496 913.9706664532423 33627.630143769085 1107.4313739463687 1918.2250506058335 422.11374738253653 1326.0561256967485 257.91251063719392 12301.499774929136 595.67473090440035 803.23168608918786 4252.6661451086402 185.31000447273254 434.02522732317448 1026.5129388384521 1064.1304618865252 2388.5588069334626 269.17942104488611 199.26339190453291 655.178262937814 13837.150865677744 3485.4718371406198 312.80846329778433 65.728469714522362 384.16089732944965
leaf_count=17149 12314 21240 43327 48479 9512 43266 8353 276865 19616 19026 4332 7837 1659 67702 3538 4213 22386 1512 1950 8725 6199 15588 1919 883 4249 98766 27250 2093 413 3860
internal_value=9.68296e-05 -0.00458448 0.00175179 0.00934767 0.000807899 0.000536008 0.00879803 -0.000235895 -0.0218405 7.17899e-05 -0.000395369 -0.00229035 0.00984917 -0.00352006 0.00462699 0.00163258 0.00362653 -0.00062232 0.0122948 0.0229585 -0.00109158 -0.007474 -0.0142797 -0.0319593 -0.0430856 4.34967e-05 -0.00843658 -0.0157549 -0.0624504 -0.00313505
internal_weight=102816 26853.8 75962 8395.02 67567 66793.3 5706.26 61087 3150.19 60275.4 58357.2 23703.7 2179.64 21524 1921.73 9222.51 8419.28 57935.1 2030.01 1595.98 55905.1 8440.32 6051.76 1502.16 1232.98 47464.8 4549.6 512.072 720.907 569.471
internal_count=804221 160505 643716 91806 551910 534761 51619 483142 31930 473630 454604 128575 13034 115541 11375 47839 43626 450272 16047 14097 434225 58594 43006 9557 7638 375631 33449 2976 4662 5372
is_linear=0
shrinkage=0.05


Tree=77
num_leaves=31
num_cat=0
split_feature=5 14 19 19 11 12 22 21 14 22 15 21 14 5 14 14 12 11 22 22 11 22 11 22 11 21 23 12 4 14
split_gain=290.978 394.095 197.347 156.877 141.49 229.664 181.506 136.286 157.462 183.254 150.953 131.782 140.877 148.151 129.344 167.057 166.428 120.435 117.4 112.251 455.433 109.464 107.436 107.051 126.399 232.707 150.341 170.633 126.873 131.205
threshold=17.500000000000004 196.50000000000003 0.63235294818878185 0.51470589637756359 89.691619807248813 2.339009287925697 0.90906459000000017 0.9413359750000001 253.50000000000003 1.3255616000000001 17.153710365295414 -0.31750278499999995 238.50000000000003 29.500000000000004 227.50000000000003 212.50000000000003 1.258513931888545 145.48981178265885 -0.81932410499999986 1.5679100000000001 58.047414695861363 -1.0087099999999998 94.320466111330532 0.04601305725000001 45.413500027202332 0.88908213500000011 0.24819187000000004 3.1006191950464399 51.474384054541595 267.50000000000006
decision_type=2 2 2 2 2 2 2 2 2 2 2 2 2 2 2 2 2 2 2 2 2 2 2 2 2 2 2 2 2 2
left_child=2 19 7 4 5 11 14 10 21 18 23 -3 -13 -14 15 17 -16 22 -10 -2 -21 -9 -6 -1 26 28 27 -25 -26 -30
right_child=1 3 -4 -5 6 -7 -8 8 9 -11 -12 12 13 -15 16 -17 -18 -19 -20 20 -22 -23 -24 24 25 -27 -28 -29 29 -31
leaf_value=-0.0019377980785400561 -0.03064423232288942 -0.025372722311357267 0.0065717672630132137 -0.032389443635044639 0.088133595370966378 -0.00013104551550589726 0.059887279560342691 0.025676111190666262 -0.029252535657418352 -0.072987171752606966 -0.022075923403232001 -0.019873963162256213 -0.0015525346377080152 0.061151340562815674 -0.0093690658684283754 -0.021876207455960257 0.064569257182911621 0.10646783562174361 0.025075763194198797 -0.032728864870502104 0.20234192827501071 0.00041423124872149385 0.0034569559180102081 -0.085054146474506986 0.021792774438515825 -0.043366441046567124 0.00033535267087840006 -0.011674308512115487 0.0047373476615527616 0.06105827435264484
leaf_weight=40843.325818639249 1754.7649511657655 1541.8981192484498 13834.035339802504 452.09476416185498 40.407429672777653 11099.146999824792 174.43668783456087 463.38629600964487 104.93905819952488 51.504617601633072 818.56019720807672 1271.2898026406765 1575.7397461384535 99.187732294201851 129.90724509954453 540.58039736747742 182.00509711354971 35.218201171606779 1663.5386238433421 91.552745714783669 25.517254989594221 5600.2208258416504 393.94135955348611 104.6491128411144 1513.4930925220251 218.84079743176699 11416.620351027697 318.39750391989946 6207.7086293846369 104.16929200664163
leaf_count=276578 22176 8207 163694 2380 307 58971 1131 4183 863 463 12146 7849 7271 417 603 2843 854 235 18984 1199 285 51467 3013 677 18569 1818 89667 2419 43874 866
internal_value=-0.000166359 -0.00567955 0.00111875 -0.00335094 -0.00258063 -0.00399075 0.0120998 3.21402e-05 0.00622128 0.0191152 -0.000760735 -0.0135337 -0.00733124 0.00219501 0.00575413 -0.00294415 0.0338434 0.0188512 0.0218373 -0.0274812 0.0197883 0.00234868 0.0115188 -0.000473062 0.00253559 0.00737153 -0.00075044 -0.0299841 0.00879581 0.00567638
internal_weight=102671 19407.7 83263.4 17535.9 17083.8 15587.3 1496.5 69429.4 7883.59 1819.98 61545.8 4488.12 2946.22 1674.93 1322.06 1010.15 311.912 469.567 1768.48 1871.83 117.07 6063.61 434.349 60727.2 19883.9 8044.21 11839.7 423.047 7825.37 6311.88
internal_count=804009 117741 686268 94081 91701 82715 8986 522574 75960 20310 446614 23744 15537 7688 7855 6398 1457 3555 19847 23660 1484 55650 3320 434468 157890 65127 92763 3096 63309 44740
is_linear=0
shrinkage=0.05


Tree=78
num_leaves=31
num_cat=0
split_feature=16 17 21 11 1 21 11 14 22 14 23 14 11 22 22 14 22 14 11 4 14 22 11 21 14 14 21 22 11 22
split_gain=244.551 219.877 212.608 189.35 173.942 163.193 167.241 159.115 147.065 144.245 137.454 275.933 255.804 207.681 154.694 154.166 150.06 208.399 189.099 177.616 185.259 159.902 216.553 200.07 183.96 155.402 196.563 181.848 167.755 149.434
threshold=0.10294117778539659 213.25555419921878 1.3326296000000002 17.239815477970215 0.34955714643001562 -0.44844999999999996 111.65133048040369 204.50000000000003 1.5679100000000001 258.50000000000006 1.9378600000000001 269.50000000000006 62.51571629758083 -1.7176085499999998 0.36488128000000003 265.50000000000006 0.45747834000000004 239.50000000000003 35.261407327714267 666.10666143894207 259.50000000000006 0.81843450500000003 21.510219842207047 -0.5197654949999998 264.50000000000006 226.50000000000003 -1.1462150499999997 -1.1729728499999998 57.682358524332479 -1.4815649999999998
decision_type=2 2 2 2 2 2 2 2 2 2 2 2 2 2 2 2 2 2 2 2 2 2 2 2 2 2 2 2 2 2
left_child=7 2 4 -4 -2 6 10 -1 -7 -5 11 13 14 -6 -12 -16 18 -18 -15 20 25 22 -19 24 -24 26 27 -20 -28 -30
right_child=1 -3 3 9 5 8 -8 -9 -10 -11 12 -13 -14 16 15 -17 17 21 19 -21 -22 -23 23 -25 -26 -27 28 -29 29 -31
leaf_value=-0.03255202253421699 0.0040023097492801101 0.024789826248970109 -0.037742861791335423 0.0079586526700149186 0.054502866311606127 0.00025878424479040899 0.046071868649198953 -0.0066381328065147063 0.021260684865541783 0.029376925368137741 -0.0013632225717605465 0.0303633968652702 -0.044795586695069965 0.0003624076376746283 -0.015384811690543712 -0.065992706041493293 0.012751449635173729 0.033552755611994056 -0.043597447197337547 -0.034732315378056093 -0.034311210000663041 0.0096691561783077955 -0.076188590823025204 0.035124490452250162 -0.00067971308697684953 0.0026226241458992285 -0.021681169976768985 0.006161585415770038 -0.060110813999700821 -0.0035675113625376897
leaf_weight=839.66923653893173 19615.738300172612 927.34607023000717 193.85072595067322 3651.0468537677079 150.76602848991752 42876.789260169491 164.22646379470825 2007.9656038656831 849.07821346074343 1001.2580527029932 2571.0230501033366 603.51854893565178 542.20054697617888 8038.253474900499 885.90587345696986 180.56164710223675 2607.8444526456296 107.82444270327687 198.93093020841479 652.49987831711769 636.54249637573957 423.57488515228033 317.90876448899508 67.533486038446426 107.99490254372358 3302.6103935576975 3653.4292284082621 2249.0793731901795 120.69155474379659 2942.4177440367639
leaf_count=21717 180441 14919 1711 35440 944 319277 1357 15929 7747 10871 16658 3893 2513 52909 6731 824 19395 662 1186 4432 3182 2473 1677 457 668 19378 23353 14402 600 18626
internal_value=0.000156949 0.000569912 0.000342132 0.0105535 -0.000185166 -0.00129145 -0.00409688 -0.014288 0.000667081 0.0125736 -0.00436976 -0.00302528 -0.0127888 -0.00381425 -0.00800685 -0.0240069 -0.00416216 0.00524512 -0.00573033 -0.00929031 -0.00802087 -0.0138496 -0.0304066 -0.0444224 -0.0570885 -0.00667591 -0.0100267 0.0021019 -0.014447 -0.0058143
internal_weight=102488 99640.4 98713.1 4846.16 93866.9 74251.2 30525.3 2847.63 43725.9 4652.3 30361.1 26181.4 4179.69 25577.9 3637.49 1066.47 25427.1 3632.68 21794.5 13756.2 13103.7 1024.84 601.262 493.437 425.904 12467.2 9164.55 2448.01 6716.54 3063.11
internal_count=804372 766726 751807 48022 703785 523344 196320 37646 327024 46311 194963 168237 26726 164344 24213 7555 163400 25332 138068 85159 80727 5937 3464 2802 2345 77545 58167 15588 42579 19226
is_linear=0
shrinkage=0.05


Tree=79
num_leaves=31
num_cat=0
split_feature=19 20 20 18 23 4 4 24 11 19 24 12 23 18 19 11 20 12 11 23 4 4 24 18 20 24 23 24 12 11
split_gain=275.679 234.438 202.422 384.412 219.198 196.28 166.15 145.7 138.507 181.285 149.689 134.215 141.612 124.985 130.407 124.878 117.809 114.952 114.828 114.512 105.917 105.718 104.538 104.871 101.213 96.1674 94.3361 103.954 96.7619 220.565
threshold=0.57352942228317272 70.059715270996108 51.42878723144532 156.69117736816409 2.4041249500000004 27.168170973658565 666.10666143894207 7.5000000000000009 92.67470495860691 0.22058823704719546 6.5000000000000009 2.6640866873065021 1.0509969500000003 157.70588684082034 0.51470589637756359 145.48981178265885 92.901397705078139 9.1253869969040267 46.041871786809565 2.3465155500000008 16.116456873714927 104.93891415838154 5.5000000000000009 183.83870697021487 -5.5233306884765616 1.5000000000000002 2.1617061000000004 3.5000000000000004 5.1625386996904039 19.651336420823366
decision_type=2 2 2 2 2 2 2 10 2 2 10 2 2 2 2 2 2 2 2 2 2 2 10 2 2 10 2 10 2 2
left_child=2 19 3 -1 5 18 7 8 9 17 11 21 -13 -4 15 26 22 -7 25 20 -2 24 23 -3 -10 -5 28 -28 -15 -30
right_child=1 16 13 4 -6 6 -8 -9 10 -11 -12 12 -14 14 -16 -17 -18 -19 -20 -21 -22 -23 -24 -25 -26 -27 27 -29 29 -31
leaf_value=-0.029869089473034266 0.01749191087828569 -0.0063261952868618673 -0.0039105914361891262 -0.0047853608595192325 0.019725860195175176 -0.016869212799423095 -0.031363104419009698 0.010301179347758304 -0.087467279510386187 -0.0045385546926040273 0.06307382250585418 0.033458704823514485 -0.0062814658405744746 0.0033391016253019644 -0.0043844088968501916 -0.067874527273509497 0.013965512757280264 0.013821662404387446 0.01959837458794883 0.032002681068095444 0.0054101771184307335 0.0015371033909613884 -0.019942726017098272 0.012537054150306337 -0.016985452515162199 0.0093476589367941457 -0.028491843220690944 0.0061132251240783655 0.001751373123376095 0.021015855551125284
leaf_weight=1373.8537327405065 2030.9587693735957 3967.035473305732 8768.469530031085 2707.4570698533207 1034.9196263700724 4872.9177526347339 592.40049980394542 1546.7113755084574 57.885916575789452 21380.338167397305 105.48107083141804 577.62609718739986 365.49794405326247 15368.393883794546 4951.9091818220913 58.304986529052258 846.36364369094372 324.74112712591887 1067.0495439898223 457.19842823967338 16941.185312462971 1440.2093888521194 1090.8089399710298 903.87944687902927 384.0751986913383 2165.4298797138035 437.83966044336557 428.77311819419265 3148.3933870233595 2812.971011787653
leaf_count=30466 36422 32857 44716 20966 7536 28997 6856 9906 560 133151 800 3833 2312 94100 40602 293 7390 1840 11336 6583 192662 8310 6752 8756 3186 17565 1937 3201 20653 19225
internal_value=8.50795e-05 0.00450365 -0.00144095 -0.00388863 -0.00296373 -0.00358896 -0.00515427 -0.00465332 -0.00543749 -0.00657501 0.00487695 0.00268265 0.0180675 0.00128038 0.00295347 0.00458635 -0.00348032 -0.0149494 0.00475045 0.00730129 0.00670437 -0.00503193 -0.00595897 -0.00282395 -0.0263934 0.00149575 0.00477974 -0.011383 0.00543693 0.0108436
internal_weight=102209 26237.4 75971.6 39996.6 38622.7 37587.8 31647.9 31055.5 29508.8 26578 2930.78 2825.29 943.124 35975.1 27206.6 22254.7 6808.09 5197.66 5939.94 19429.3 18972.1 1882.17 5961.72 4870.91 441.961 4872.89 22196.4 866.613 21329.8 5961.36
internal_count=803769 291422 512347 287620 257154 249618 199751 192895 182989 163988 19001 18201 6145 224727 180011 139409 55755 30837 49867 235667 229084 12056 48365 41613 3746 38531 139116 5138 133978 39878
is_linear=0
shrinkage=0.05


Tree=80
num_leaves=31
num_cat=0
split_feature=17 20 17 11 21 11 11 20 4 11 21 20 12 20 12 12 11 21 11 20 11 20 12 24 20 0 21 11 21 21
split_gain=242.166 275.852 162.319 154.126 150.834 177.28 149.637 156.082 188.296 157.086 144.91 138.916 163.526 123.805 108.539 105.425 110.997 154.386 130.99 98.4661 135.247 173.39 217.972 178.365 91.7194 88.7004 87.2695 86.6827 99.9927 102.833
threshold=157.66176605224612 59.123107910156257 214.80555725097659 129.20073116478446 -0.11925592499999998 111.65133048040369 6.357137902244788 94.857505798339858 51.474384054541595 15.017229010400021 0.66002536000000012 -15.328430175781248 2.2801857585139325 37.985290527343757 1.5773993808049538 0.52012383900928805 32.347828984606572 -0.15315947999999999 80.377632546720136 -2.9402847290039058 29.781702899261621 16.761665344238285 7.6532507739938085 5.5000000000000009 49.516838073730476 17.74709510803223 -1.5327152499999999 85.685536006794266 -0.32651200499999994 -0.87719526999999997
decision_type=2 2 2 2 2 2 2 2 2 2 2 2 2 2 2 2 2 2 2 2 2 2 2 10 2 2 2 2 2 2
left_child=1 3 4 -1 5 11 10 8 13 -10 -6 -2 15 14 -8 27 26 18 -18 -16 21 -21 23 -23 -5 -14 -17 28 29 -13
right_child=2 -3 -4 24 6 -7 7 -9 9 -11 -12 12 25 -15 19 16 17 -19 -20 20 -22 22 -24 -25 -26 -27 -28 -29 -30 -31
leaf_value=-0.027037042460430084 0.011835575293500988 -0.0035091492243832303 0.024035077410163509 0.012981669139418953 -0.042402297516666194 0.033362044284937969 -0.013898328149984136 0.014783704403599638 -0.020605236606150747 0.0011070729636912088 0.0040184896514548546 -0.030406366816856878 0.00025660933046832082 0.018348389974540354 0.01639406815837182 -0.019626276935417852 -0.0099602598820036498 0.030201322888547395 0.011600523974133735 -0.00065976525807688537 0.0081019677482403567 -0.063835528750644951 0.0031477153047578042 -0.20833843247743111 0.20657731360700549 -0.010801569279238839 0.013787042731510837 -0.079829558116297161 -0.055694726879540336 0.012621095157640334
leaf_weight=1782.3482936117798 1870.2926826905459 7337.9825532212853 738.77318969741464 14.208578664809467 356.41778625361621 365.55345304682851 670.68811005353928 2699.8610078729689 857.0686022490263 28558.167142203078 317.12160910107195 289.16716507822275 34331.799910921603 2489.4097701460123 1920.9458716977388 236.78723775222898 9704.4408453479409 264.69926669448614 758.75474011525512 556.23485463857651 2305.0969617180526 105.41264304146171 101.64437834918499 26.378435704857111 9.940266937017439 1913.5450728386641 1097.4576460979879 64.643106423318386 150.42286351695657 265.49448109418154
leaf_count=36809 29139 34935 12403 338 2811 3121 7353 22651 7037 224536 3264 1409 237854 31315 26181 1393 56280 1681 4922 4468 29667 1042 1291 362 151 12260 6723 344 871 1538
internal_value=-5.59187e-05 -0.00781945 0.000707394 -0.0253162 0.000520374 -0.0012858 0.0027828 0.00317373 0.00233951 0.000473765 -0.0205725 -0.00153505 -0.00204482 0.00905129 0.00497866 -0.00689529 -0.00574917 -0.00744072 -0.00839579 0.00750511 0.00198416 -0.0158618 -0.0519281 -0.0941094 0.097716 -0.000327481 0.00784695 -0.0248248 -0.019676 -0.00982518
internal_weight=102161 9144.48 93016.3 1806.5 92277.5 51313.1 40964.4 40290.9 37591 29415.2 673.539 50947.5 49077.2 8175.81 5686.4 12831.9 12062.1 10727.9 10463.2 5015.71 3094.77 789.67 233.435 131.791 24.1488 36245.3 1334.24 769.728 705.085 554.662
internal_count=804149 72233 731916 37298 719513 357535 361978 355903 333252 231573 6075 354414 325275 101679 70364 75161 70999 62883 61202 63011 36830 7163 2695 1404 489 250114 8116 4162 3818 2947
is_linear=0
shrinkage=0.05


Tree=81
num_leaves=31
num_cat=0
split_feature=5 20 22 12 9 22 22 12 17 20 25 25 5 17 11 11 11 22 17 4 13 20 17 20 8 25 4 17 15 13
split_gain=242.994 294.432 163.547 193.65 181.88 170.037 230.459 139.049 137.628 143.336 190.312 160.937 142.26 138.198 136.075 129.907 125.265 117.74 114.946 109.114 108.925 100.917 116.367 186.81 115.156 145.068 121.064 100.455 98.6294 96.1293
threshold=14.500000000000002 30.815338134765629 1.5679100000000001 10.65015479876161 76.500000000000014 -1.6132802499999999 -1.5738755999999998 5.6671826625387007 213.25555419921878 94.161460876464858 25.070076999068263 26.583925327658658 1.5000000000000002 169.697135925293 21.510219842207047 67.867619931397982 75.951033719080073 0.030713726750000003 157.279411315918 353.46406160295015 -21.031460480505004 -16.793937683105465 198.90277862548831 26.933258056640629 1.0000000180025095e-35 21.640113502740864 57.550731446594007 187.60000610351565 32.923778533935554 28.637320892372099
decision_type=2 2 2 2 2 2 2 2 2 2 2 2 2 2 2 2 2 2 2 2 2 2 2 2 2 2 2 2 2 2
left_child=2 19 4 29 5 7 14 -1 9 11 -11 12 20 -12 -7 -16 21 28 -13 -2 -8 -14 24 -24 25 26 -23 -28 -3 -4
right_child=1 17 3 -5 -6 6 8 -9 -10 10 13 18 16 -15 15 -17 -18 -19 -20 -21 -22 22 23 -25 -26 -27 27 -29 -30 -31
leaf_value=0.016553173600381908 -0.012410999069704646 -0.0043040870812342058 0.030611024739130591 -0.0087811571162471798 0.01623730648219673 -0.12925674661024694 0.020148884188829957 -0.028474512286319129 0.022159677518385927 -0.00014127262546746838 0.0092369774507398607 -0.027883969535026028 0.016813397171280789 0.039125653584084173 -0.0059605779395425496 -0.068858632114950899 0.0068396029282571449 0.0016856880459987771 -0.0040279013325720207 -0.033442846367600358 0.0032356314935771224 -0.0098252196115933207 0.0059338966793054913 -0.014901625829482394 0.0012174997486309716 0.00043424114100615969 -0.024541217570519459 -0.075081550780294909 -0.022163393789376259 -0.028329121005553456
leaf_weight=2383.0251312926412 1803.8499301783741 12723.933067018166 1177.9544681143016 534.22272136062384 1929.5237402021885 36.015112549066544 1611.2178275678307 183.84218659624457 720.29208091646433 2035.8438319414854 836.17269154638052 522.09252236783504 796.00777005217969 719.88354398310184 230.99578806385398 126.53309658914804 6225.8433652296662 10388.748849648982 14581.364134127274 937.7691882122308 2325.5706949569285 1879.1829522661865 1574.138026278466 3394.1434067450464 27758.050136901438 3136.8810749799013 415.81781255453825 128.5668076351285 822.17351964488626 72.730777774006128
leaf_count=19806 9900 63466 14316 3491 20787 328 22625 1494 12353 17098 4763 9714 14514 6051 1652 589 58215 60605 102183 13972 25589 15895 20866 31794 205418 29105 2677 1336 12891 575
internal_value=3.90878e-06 -0.00409689 0.00145604 0.0164064 0.00109301 0.000684793 0.000214997 0.0133184 0.000433948 0.000203294 0.00992241 -0.000339365 0.00104544 0.0230807 -0.0378894 -0.0283508 0.000253187 -0.00231868 -0.00485434 -0.0196145 0.0101611 -0.000796169 -0.00116271 -0.00830028 -9.81789e-05 -0.00666515 -0.0158505 -0.0365931 -0.0053896 0.0271636
internal_weight=102012 26676.5 75335.9 1784.91 73551 71621.5 69054.6 2566.87 68661.1 67940.8 3591.9 64348.9 49245.4 1556.06 393.544 357.529 45308.6 23934.9 15103.5 2741.62 3936.79 39082.8 38286.8 4968.28 33318.5 5560.45 2423.57 544.385 13546.1 1250.69
internal_count=804068 160834 643234 18382 624852 604065 582765 21300 580196 567843 27912 539931 428034 10814 2569 2241 379820 136962 111897 23872 48214 321605 307091 52660 254431 49013 19908 4013 76357 14891
is_linear=0
shrinkage=0.05


Tree=82
num_leaves=31
num_cat=0
split_feature=18 14 22 9 12 20 21 14 22 14 14 14 12 14 14 22 22 22 14 20 22 12 14 14 22 22 3 13 4 21
split_gain=210.427 234.949 174.682 200.482 165.06 156.01 138.892 175.911 158.929 148.221 137.889 130.819 126.225 144.164 124.021 123.316 120.977 269.236 181.591 181.913 157.66 226.152 281.086 273.597 302.781 186.495 178.056 165.503 177.71 160.471
threshold=156.30882263183597 205.50000000000003 1.5679100000000001 75.500000000000014 6.6269349845201253 -24.24568939208984 1.3326296000000002 222.50000000000003 0.94406590000000012 247.50000000000003 264.50000000000006 272.50000000000006 5.8823529411764719 173.50000000000003 161.50000000000003 -0.29544110999999995 -1.6132802499999999 -1.5738755999999998 229.50000000000003 -3.9687194824218746 -1.0697576499999999 1.9922600619195048 267.50000000000006 256.50000000000006 0.45747834000000004 -0.94543605999999991 2.5765388309955601 -36.530851112569074 24.160131096839908 -1.2996536999999997
decision_type=2 2 2 2 2 2 2 2 2 2 2 2 2 2 2 2 2 2 2 2 2 2 2 2 2 2 2 2 2 2
left_child=1 -1 3 5 -4 -2 11 12 -9 -10 -11 16 13 14 -8 -15 18 -18 19 -7 26 22 23 -22 25 -25 -19 28 -23 -28
right_child=2 -3 4 -5 -6 6 7 8 9 10 -12 -13 -14 15 -16 -17 17 20 -20 -21 21 27 -24 24 -26 -27 29 -29 -30 -31
leaf_value=-0.032970638687433163 0.021870371595631134 -0.0049156006578406353 0.028671380658792902 0.015960271644352424 0.001575886416550396 0.029655219050275867 -0.023934618905364871 0.022892419940262292 0.029114352629193187 -0.061921754819839719 0.017585742470700657 0.020633038739262484 -0.078902620557573883 -0.040509122541146518 0.024205591455402253 -0.0014211258850972007 -0.038349227938303608 0.022251060756059461 0.02741413149047732 -0.0074429150937890725 -0.0047597579941650375 0.021973658598340638 0.027886527524177057 0.014428614697435406 0.044292539412767888 -0.048529734112564928 -0.024823056040692053 -9.5051607537061642e-05 0.0041540985129949462 -0.005837400374494507
leaf_weight=861.33242327906191 806.45542834512889 5548.6335939876735 1067.7001490499824 2007.5405156835914 1185.8855923861265 420.54416193068027 167.89236291125417 2052.2713572531939 137.86153811588883 163.10009888187051 81.120788812637329 715.72942946478724 52.62104176543653 306.2259983420372 644.72997384704649 588.10866438038647 483.07370440848172 494.65102757327259 930.47934393957257 1528.0772685781121 14932.466530913487 1601.7135231271386 614.97933865711093 136.20556795597076 119.42883994802833 843.21927392855287 1295.0065735429525 42973.226135168225 11021.582179402933 7889.8656362909824
leaf_count=22965 18900 29075 11636 21946 9818 4545 1566 23421 1573 1545 1055 5985 528 2545 6395 5396 2899 4471 6985 10218 104938 24443 4786 717 1042 4833 7155 307455 101068 53188
internal_value=7.82933e-05 -0.00869002 0.00066838 0.000335023 0.0144202 -9.85292e-06 -0.000205731 0.00867819 0.0173815 -0.0122019 -0.0355484 -0.000639065 -0.00336571 -0.000992268 0.0142424 -0.0148354 -0.000817826 -0.00116987 0.00925519 0.000574569 -0.000950165 -0.000147231 -0.0052596 -0.00653278 -0.0306004 -0.0397685 -0.00694221 0.00138354 0.0064167 -0.00851666
internal_weight=101672 6409.97 95261.8 93008.2 2253.59 91000.6 90194.2 4193.93 2434.35 382.082 244.221 86000.2 1759.58 1706.96 812.622 894.335 85284.5 82405.4 2879.1 1948.62 81922.3 72242.8 16646.3 16031.3 1098.85 979.425 9679.52 55596.5 12623.3 9184.87
internal_count=803092 52040 751052 729598 21454 707652 688752 44024 27594 4173 2600 644728 16430 15902 7961 7941 638743 616995 21748 14763 614096 549282 116316 111530 6592 5550 64814 432966 125511 60343
is_linear=0
shrinkage=0.05


Tree=83
num_leaves=31
num_cat=0
split_feature=15 22 22 22 21 23 4 12 22 20 4 3 11 21 22 21 12 22 11 12 12 22 11 22 11 21 12 21 20 20
split_gain=213.113 176.924 206.777 274.562 223.296 216.912 161.085 153.031 256.127 147.184 184.633 132.711 128.058 175.382 162.651 126.534 164.173 296.807 222.303 216.726 171.661 174.604 147.054 215.265 241.519 142.136 143.632 157.243 133.999 126.479
threshold=37.451803207397468 -0.16078418999999997 -1.6132802499999999 -1.5738755999999998 -1.3268715999999998 2.5483800000000003 12.400000035762789 0.56811145510835925 0.27487151000000004 46.151657104492195 243.7102416083217 192.54343679547313 9.5080668581966847 -0.24765999499999997 1.5679100000000001 -0.48358499999999999 4.3544891640866874 -1.0697576499999999 16.244831388937339 5.2956656346749229 7.5123839009287936 -0.29999218999999994 69.240060989413394 -0.59998893499999995 95.065769839097669 0.9413359750000001 2.6640866873065021 -0.004816729579999999 -10.775985717773436 50.940284729003913
decision_type=2 2 2 2 2 2 2 2 2 2 2 2 2 2 2 2 2 2 2 2 2 2 2 2 2 2 2 2 2 2
left_child=1 2 4 -4 5 -1 -5 8 -3 10 -6 15 13 -9 29 -8 22 19 20 -18 21 -19 28 24 -24 26 27 -25 -17 -14
right_child=-2 7 3 6 9 -7 11 12 -10 -11 -12 -13 14 -15 -16 16 17 18 -20 -21 -22 -23 23 25 -26 -27 -28 -29 -30 -31
leaf_value=-0.041615068755888274 -0.019888501988747129 -0.039098091461062079 -0.038783555316400931 0.0091916539089787353 0.010835482431117443 0.03238762499889538 -0.0050033737411366392 0.0035439389425632318 0.012780267346372687 0.030120866762644156 -0.058421564861950305 -0.011279329818168713 0.00011150286043742502 -0.020318372369470629 0.018143457065705988 0.015535051617857327 0.012397756758259933 -0.0072487163142907433 0.016479431487386127 -0.035904440362869737 0.023116087746627285 -0.063803830640785833 0.027199394243777115 -0.041921611090444497 -0.023926495455440011 -0.030065307310949418 0.029640518591821253 0.0063539345615808837 -0.0056222925900765814 0.005750730143703771
leaf_weight=348.95085464790463 1349.8269319180399 562.48133748024702 517.61815607920289 2915.140670530498 1520.9207987841219 137.24842626601458 20057.167377928272 1753.2314913254231 411.10850934125483 1104.5618845578283 101.7377995941788 4311.6700763255358 20183.985255209729 1371.714881522581 1826.9170076232404 792.9139862395823 370.0486756414175 442.40090523287654 4465.570252109319 620.70408394001424 264.40801968984306 196.55546106398106 1489.9273556414992 243.8881783336401 272.5501214787364 444.23580508679152 354.07533275336027 541.34679006785154 13059.951389439404 19595.824360370636
leaf_count=1875 24662 4157 3186 32612 13096 1122 127030 12295 3569 8423 753 28052 185061 10434 18990 11883 2809 3365 37538 4443 2014 1351 11276 1498 2295 3955 2919 3894 94586 144521
internal_value=-0.000161116 0.000104625 -0.00181735 -0.00258726 0.0104851 -0.0207014 -0.00221799 0.00239951 -0.0172013 0.0160504 0.00645988 -0.00291215 0.0028265 -0.00693372 0.00355971 -0.00208477 0.000400165 0.00726354 0.0119038 -0.0178691 -0.0107077 -0.0247187 -0.002138 0.00726784 0.0192842 -0.00611002 0.00324872 -0.00867434 -0.00441025 0.0028895
internal_weight=101629 100279 54573.6 51360.2 3213.42 486.199 50842.6 45705.3 973.59 2727.22 1622.66 47927.4 44731.7 3124.95 41606.7 43615.7 23558.6 6359.69 5368.93 990.753 903.364 638.956 17198.9 3346.02 1762.48 1583.55 1139.31 785.235 13852.9 39779.8
internal_count=803664 779002 399975 374706 25269 2997 371520 379027 7726 22272 13849 338908 371301 22729 348572 310856 183826 51520 44268 7252 6730 4716 132306 25837 13571 12266 8311 5392 106469 329582
is_linear=0
shrinkage=0.05


Tree=84
num_leaves=31
num_cat=0
split_feature=14 16 23 14 21 12 23 14 4 12 12 23 12 11 11 11 14 23 24 21 14 12 11 23 24 23 14 11 12 21
split_gain=187.643 194.918 158.484 152.363 173.823 138.769 151.107 131.42 318.516 208.974 197.614 170.428 332.535 295.814 222.625 195.079 170.978 168.832 168.767 139.242 137.486 266.406 244.919 230.457 129.384 130.725 122.723 118.425 165.79 115.643
threshold=271.50000000000006 0.80882352590560924 2.1096805500000007 251.50000000000003 -0.81418859999999993 2.2244582043343657 0.47944142000000006 195.50000000000003 422.72699279338127 9.1253869969040267 5.7941176470588251 0.29784916500000008 2.0820433436532513 36.318281658408999 33.253394066733847 21.205184842975978 232.50000000000003 2.3124152500000004 5.5000000000000009 -1.9959941999999999 173.50000000000003 1.258513931888545 72.987787986387602 0.65570852000000002 2.5000000000000004 1.3684356000000002 189.50000000000003 55.163667807822634 2.8436532507739942 1.3326296000000002
decision_type=2 2 2 2 2 2 2 2 2 2 2 2 2 2 2 2 2 2 10 2 2 2 2 2 10 2 2 2 2 2
left_child=1 7 5 -3 -5 -2 -7 8 9 10 18 12 -9 14 15 -14 -15 -12 20 -20 -1 -22 23 27 -25 -26 -24 28 -23 -13
right_child=2 3 -4 4 -6 6 -8 11 -10 -11 17 29 13 16 -16 -17 -18 -19 19 -21 21 22 26 24 25 -27 -28 -29 -30 -31
leaf_value=0.00020487437122023502 0.047044732026501668 0.0071555598843541061 -0.01953265469822241 -0.031392392254034049 0.00082602577348909177 -0.043001338958090773 0.019294796362964002 -0.037421539203775778 -0.031278636404136674 0.017673681072880563 -0.017386336532129554 -7.6883458659641272e-06 -0.038440238571209456 0.0018698426664198508 -0.060343993878382497 0.0086678171080014181 0.042537608251298792 0.037253485368842716 -0.022375152065723658 0.014435914297961847 -0.040065208608761636 -0.029268224364719791 0.0030652116201668449 -0.0116039019791256 -0.014234956714946474 -0.053562369744066321 0.035185043411363304 -0.013596577234059638 0.031832067344615113 0.010062270325030355
leaf_weight=8988.0896235667169 414.14962457492948 12097.98614731431 263.00251859799027 549.37522886693478 1748.8157472759485 107.5928706265986 942.55984951555729 883.11145411990583 1055.4699076637626 1138.221195705235 3400.111702779308 53998.544808972627 332.85709762200713 669.64633790776134 248.85266570746899 642.30051425471902 419.99805311858654 146.59097884222865 290.96905378811061 2142.5558348912746 626.87162639573216 134.15507265366614 1046.7605529725552 3993.5024560820311 441.65785011462867 405.89407101087272 414.52568593993783 365.84652266651392 624.5131482295692 3008.9652111437172
leaf_count=78186 3906 141741 1691 2740 16309 942 8375 5307 20941 8455 23978 375037 2312 4791 1500 4535 3282 1130 2426 18129 3397 813 6789 23065 3030 2865 3105 2329 4073 28511
internal_value=-0.000185417 -0.000468238 0.0161488 0.00491366 -0.00688599 0.0225665 0.0128774 -0.00137532 -0.00440563 -0.00323041 -0.00426464 -0.000106059 -0.0113383 -0.00137057 -0.0182322 -0.0074348 0.0175697 -0.0151181 -0.00228741 0.0100271 -0.00404638 -0.00879029 -0.00614546 -0.0106392 -0.0153751 -0.0331098 0.0121945 0.00974467 0.0210034 0.00052399
internal_weight=101543 99816.2 1727.3 14396.2 2298.19 1464.3 1050.15 85420 25215.7 24160.3 23022 60204.3 3196.77 2313.65 1224.01 975.158 1089.64 3546.7 19475.3 2433.52 17041.8 8053.73 7426.86 5965.57 4841.05 847.552 1461.29 1124.51 758.668 57007.5
internal_count=803690 788776 14914 160790 19049 13223 9317 627986 202711 181770 173315 425275 21727 16420 8347 6847 8073 25108 148207 20555 127652 49466 46069 36175 28960 5895 9894 7215 4886 403548
is_linear=0
shrinkage=0.05


Tree=85
num_leaves=31
num_cat=0
split_feature=5 18 21 15 15 11 11 21 21 11 5 11 12 25 12 21 12 11 21 18 12 2 11 13 21 21 12 17 17 11
split_gain=186.585 173.82 155.026 142.556 130.543 119.457 156.767 171.742 131.638 112.367 105.814 131.342 101.508 106.661 95.0609 109.198 115.027 92.6517 174.003 90.7376 85.3379 139.37 82.6313 81.67 113.135 121.841 134.167 84.123 82.6233 82.3145
threshold=12.500000000000002 190.41741943359378 0.9413359750000001 16.309750556945804 38.968345642089851 40.166163226999004 89.691619807248813 1.4441750000000002 0.95533362000000011 84.818206003472085 1.5000000000000002 21.205184842975978 2.339009287925697 20.641736900806432 5.9969040247678027 -0.15315947999999999 1.9303405572755421 68.440097592586525 -1.6978661499999999 171.66728210449222 3.1269349845201244 238.65330934524539 11.857232115548266 -54.329523014060385 1.4441750000000002 1.4200350000000002 0.56811145510835925 184.37739562988284 172.91567230224612 67.392728720886808
decision_type=2 2 2 2 2 2 2 2 2 2 2 2 2 2 2 2 2 2 2 2 2 2 2 2 2 2 2 2 2 2
left_child=1 2 3 10 5 -2 7 12 20 -9 11 14 13 -7 15 22 -17 -12 -19 -13 21 -8 -1 24 25 26 -4 -27 -25 -28
right_child=4 -3 23 -5 -6 6 8 9 -10 -11 17 19 -14 -15 -16 16 -18 18 -20 -21 -22 -23 -24 28 -26 27 29 -29 -30 -31
leaf_value=0.019773111901650733 0.0015129612201909383 0.018215235992366102 -0.087739350007498607 -0.027452508699708535 -0.02012451129757899 0.0062535595621613788 0.010097951717925021 0.017919592479802179 -0.011313121324396005 -0.032074829842977416 -0.0010827987157033994 0.0034223467620513441 -0.004194172588814749 -0.013950967822802014 -0.015203619305754852 -0.027974418433049986 0.013031858647249352 -0.040563923695287045 0.0057366681503008546 0.02261546101866236 -0.0044424592129677243 0.045376571498853074 -0.0054236989845385317 -0.0013411910683133515 0.021872512198676496 -0.0063476113960631081 -0.046691338261816817 -0.14084753643783254 0.01361172037839793 0.0029466571641498388
leaf_weight=1115.7098211478442 11966.412033280358 1523.2904462050647 49.225445790216327 457.88906096294522 1080.0027223527431 719.76657071337104 1344.0178890526295 997.69897360354662 848.32535805180669 125.72069604508579 44530.944000203162 998.46077046915889 8702.797495001927 7008.0017608068883 769.47526649199426 417.37990181706846 288.4631799980998 207.00483373552561 8315.0737460553646 1607.4651978109032 602.25785193033516 352.92964307777584 458.6591678429395 1153.6573353484273 311.12335713393986 18.934455148875713 94.616444852203131 29.526226937770844 4632.8604598734528 659.43461355194449
leaf_count=11360 66687 24431 413 7826 20360 3857 7513 7382 5232 818 349833 7074 50751 37627 6400 4148 2984 1131 72915 25676 3642 2429 4480 8501 4645 147 1472 377 55702 7984
internal_value=7.05111e-06 0.00152215 0.00113727 0.00030745 -0.00302953 -0.00246377 -0.00476246 -0.00660488 0.00551164 0.0123012 0.000524423 0.00702518 -0.00789823 -0.0120685 -1.89887e-05 0.0051096 -0.0112213 -0.000168697 0.00460738 0.0152658 0.0117216 0.0174576 0.0124338 0.00820127 -0.00388731 -0.0133115 -0.00861039 -0.0894868 0.0106308 -0.00333538
internal_weight=101387 67639.2 66115.9 59166.5 33747.9 32667.9 20701.5 17554 3147.53 1123.42 58708.6 5655.61 16430.6 7727.77 3049.69 2280.21 705.843 53053 8522.08 2605.93 2299.21 1696.95 1574.37 6949.38 1162.86 851.737 803.277 48.4607 5786.52 754.051
internal_count=803797 597499 573068 493827 206298 185938 119251 100435 18816 8200 486001 62122 92235 41484 29372 22972 7132 423879 74046 32750 13584 9942 15840 79241 15038 10393 9869 524 64203 9456
is_linear=0
shrinkage=0.05


Tree=86
num_leaves=31
num_cat=0
split_feature=16 14 21 22 14 4 17 23 21 11 17 4 17 20 22 14 14 14 11 11 21 11 20 21 22 11 11 23 14 4
split_gain=181.393 202.426 165.949 184.083 165.262 316.269 188.793 178.499 166.155 131.939 121.025 162.849 205.253 136.921 110.535 109.431 196.219 123.087 246.566 130.169 112.644 106.478 137.156 198.217 254.263 169.651 161.643 154.736 135.226 127.517
threshold=0.77941176295280468 254.50000000000003 -0.81418859999999993 0.93355476500000012 195.50000000000003 368.24535631388432 188.01666259765628 0.36691397000000009 0.16949430500000004 119.69848180428473 199.7559509277344 137.66441714763644 179.88861083984378 60.573593139648445 1.5679100000000001 237.50000000000003 241.50000000000003 253.50000000000003 34.475699628861889 40.385965296750662 -0.087392471699999988 40.166163226999004 78.784561157226577 -0.72949796999999983 -0.21093407999999997 25.058431991205868 25.230167303280474 1.3613375000000001 242.50000000000003 259.93872990459209
decision_type=2 2 2 2 2 2 2 2 2 2 2 2 2 2 2 2 2 2 2 2 2 2 2 2 2 2 2 2 2 2
left_child=4 14 -3 -4 5 6 -1 8 15 -8 11 12 -9 -12 -2 -6 -17 18 20 -19 -18 22 23 24 -13 -26 -25 -24 -29 -30
right_child=1 2 3 -5 7 -7 9 10 -10 -11 13 21 -14 -15 -16 16 17 19 -20 -21 -22 -23 27 26 25 -27 -28 28 29 -31
leaf_value=-0.0051521752807660685 0.0056451550154799262 -0.026684985948085369 0.0039558413769923287 -0.040589469001661119 -0.022549926575483124 -0.029393366649638583 0.0097234802530041381 0.011434855398761717 0.01094444889290222 -0.067759126909681555 0.0027800997756314864 -0.0064897018566628314 0.0013012629370195625 -0.016569046588861006 0.032485423860319239 0.03878721016687834 0.040745466574663047 -0.011984868708794574 -0.067586877991203262 0.029841507311377899 -0.031095950120341966 -0.0030862766722125094 0.013046992137242456 -0.030924624232880893 0.048440635046937706 0.0030908513130833079 -0.0040804441978106792 0.024588558474050046 0.0076242235263772884 -0.024120125859078759
leaf_weight=18375.59522902593 17650.021957116202 823.6023410782218 2192.5987334959209 258.34716054052114 1829.9952886998653 1221.2403612919152 2983.8727990724146 8051.6139073446393 816.08118552900851 54.984369417652488 1709.5946073792875 1163.3929923791438 13169.045421464369 1963.7620178870857 391.16621887311339 222.18427646160126 111.06364925578237 757.60116933658719 241.7348132096231 245.447654183954 105.36350721493363 17307.67963289097 4441.4251864254475 797.94799720868468 492.9497498087585 354.29135924018919 1882.5138702709228 313.68689944595098 515.08996086195111 817.34926158562303
leaf_count=113347 196520 4065 20418 2241 11724 22976 39462 54418 6108 520 20077 6694 113302 16410 6726 1637 796 5101 1272 1608 783 102849 24304 4952 2823 2172 11228 1450 3525 3954
internal_value=5.48053e-05 0.00415301 -0.00728236 -0.000754191 -0.00103793 -0.00465507 -0.00324296 0.000390787 -0.00936943 0.0082997 0.00118854 0.00184086 0.00514654 -0.00756557 0.00622887 -0.0140897 -0.00488469 -0.0115472 -0.0329885 -0.00173036 0.00578866 -0.000656852 0.00324409 -0.00318065 0.0086839 0.0295027 -0.0120803 0.00819474 -0.00489714 -0.011852
internal_weight=101261 21315.7 3274.55 2450.95 79945.5 22635.7 21414.5 57309.8 4329.47 3038.86 52980.3 49307 21220.7 3673.36 18041.2 3513.39 1683.4 1461.21 458.162 1003.05 216.427 28086.3 10778.6 4691.1 2010.63 847.241 2680.46 6087.55 1646.13 1332.44
internal_count=803462 229970 26724 22659 573492 176305 153329 397187 29029 39982 368158 331671 167720 36487 203246 22921 11197 9560 2851 6709 1579 163951 61102 27869 11689 4995 16180 33233 8929 7479
is_linear=0
shrinkage=0.05


Tree=87
num_leaves=31
num_cat=0
split_feature=22 22 14 14 22 13 5 14 22 8 14 12 13 20 12 14 24 3 12 14 14 12 12 14 22 22 9 22 17 14
split_gain=164.256 258.772 250.93 239.049 204.309 197.377 201.416 190.197 202.454 183.424 169.317 167.248 263.893 166.585 147.355 129.995 120.322 125.048 115.007 128.131 255.157 300.594 235.327 219.552 201.456 204.154 196.996 264.537 218.713 221.567
threshold=-1.6132802499999999 -1.0697576499999999 164.50000000000003 181.50000000000003 -1.5738755999999998 -21.031460480505004 8.5000000000000018 267.50000000000006 0.9894630900000001 1.0000000180025095e-35 229.50000000000003 4.3854489164086692 -46.716757187441026 -5.0147094726562491 3.9659442724458209 242.50000000000003 3.5000000000000004 165.39457845687869 2.0154798761609913 228.50000000000003 252.50000000000003 3.6207430340557281 10.332817337461302 243.50000000000003 -0.27703701999999991 -0.047694848849999992 54.500000000000007 -0.29544110999999995 178.78430938720706 205.50000000000003
decision_type=2 2 2 2 2 2 2 2 2 2 2 2 2 2 2 2 10 2 2 2 2 2 2 2 2 2 2 2 2 2
left_child=10 2 -2 9 -5 6 -3 18 -9 11 13 12 -4 -1 -10 -12 17 -6 -7 26 21 23 -23 -21 -25 -26 28 -28 -20 -30
right_child=1 5 3 4 16 7 -8 8 14 -11 15 -13 -14 -15 -16 -17 -18 -19 19 20 -22 22 -24 24 25 -27 27 -29 29 -31
leaf_value=0.030230875184834305 0.013495354313463902 0.0068895783473965763 -0.18060219359828805 -0.041933959614643419 -0.003637984181042163 -0.0064117877491140359 -0.00084350748298869728 0.014701781975848538 0.04234895241942635 -0.015430839918990134 0.04268930165221807 -0.0058220818160713492 -0.053158251350685241 -0.0046842491456864583 -0.038795034184826785 0.0091960331246398117 0.037452418634665689 -0.0235037656887843 -0.0067405393332221845 0.0062183181462938603 -0.0039070427654227724 0.017901364737979011 -0.014664829587253389 0.004301184487707015 -0.08550816539455984 -0.02310091221852982 0.016267168889616591 -0.063054020172440245 0.0098852690177548032 -0.0091189893302489576
leaf_weight=430.07687211409211 1260.7825591992587 19436.47067502141 45.109931966289878 392.97246842086315 6855.1027177404612 11837.038453767076 14855.528681235388 2931.3589725717902 67.392971038818359 1023.6597137022763 595.35896249487996 149.3542551882565 361.03950310871005 1645.4228492919356 309.19583668187261 564.73640620335937 162.1768996976316 894.73719760403037 12413.370694741607 1728.2752181850374 8293.5224898457527 5444.636885587126 616.89028644561768 445.91840476542711 173.84366484731436 528.3231567516923 160.1132190823555 303.06852104514837 5098.2082583848387 2192.5430942773819
leaf_count=5601 12646 216637 397 2300 44180 86201 98870 24161 673 7206 4556 1324 2869 11798 2105 4251 1368 6391 89325 10641 53564 37159 4066 2550 1054 3125 1451 3185 48637 15880
internal_value=3.44223e-05 -0.000331655 -0.00750377 -0.0101834 -0.00679089 0.000588926 0.00353963 -0.00133684 0.0102671 -0.0280096 0.0111167 -0.0511197 -0.0677219 0.0025618 -0.0242001 0.0264067 -0.00504033 -0.00593427 -0.00211665 -0.00075707 0.00240901 0.0082695 0.0145852 -0.00504036 -0.0219793 -0.0386514 -0.00346223 -0.0356582 -0.00270363 0.00416966
internal_weight=101216 97980.6 11144.9 9884.15 8304.99 86835.7 34292 52543.7 3307.95 1579.16 3235.6 555.504 406.149 2075.5 376.589 1160.1 7912.02 7749.84 49235.8 37398.7 17231.4 8937.89 6061.53 2876.36 1148.09 702.167 20167.3 463.182 19704.1 7290.75
internal_count=804171 777965 78681 66035 54239 699284 315507 383777 26939 11796 26206 4590 3266 17399 2778 8807 51939 50571 356838 270637 112159 58595 41225 17370 6729 4179 158478 4636 153842 64517
is_linear=0
shrinkage=0.05


Tree=88
num_leaves=31
num_cat=0
split_feature=19 18 14 14 18 21 11 14 14 14 11 21 11 4 11 12 20 14 14 14 19 11 11 12 11 12 11 18 21 14
split_gain=202.245 136.928 190.44 139.962 105.548 105.368 170.816 166.652 124.167 269.855 261.589 289.222 152.248 160.819 138.156 112.744 177.251 143.833 330.905 385.443 253.672 249.241 235.014 344.623 226.545 294.534 219.691 180.355 157.769 156.411
threshold=0.63235294818878185 155.11765289306643 211.50000000000003 271.50000000000006 190.41741943359378 0.033785214650000006 111.65133048040369 221.50000000000003 217.50000000000003 231.50000000000003 111.65133048040369 0.3317518550000001 145.48981178265885 422.72699279338127 103.36032366453911 2.2801857585139325 -1.439338684082031 228.50000000000003 214.50000000000003 197.50000000000003 0.27941177785396581 22.113093404139715 22.476063048126807 9.806501547987617 15.502362214384931 7.4040247678018583 37.311321259802071 170.41477203369143 -1.3268715999999998 253.50000000000003
decision_type=2 2 2 2 2 2 2 2 2 2 2 2 2 2 2 2 2 2 2 2 2 2 2 2 2 2 2 2 2 2
left_child=1 2 -1 4 5 6 15 -8 12 10 11 -10 13 -7 -11 16 -3 18 19 20 -17 27 23 -20 -19 28 -24 -21 -26 -30
right_child=-2 3 -4 -5 -6 8 7 -9 9 14 -12 -13 -14 -15 -16 17 -18 24 22 21 -22 -23 26 -25 25 -27 -28 -29 29 -31
leaf_value=-0.038107784467975234 0.0057754102065345689 0.0043245947251429459 -0.005569059629438244 0.016145844668693909 0.019576406757174338 -0.00051003825571219478 0.06244430337173356 -0.0024833985575582092 0.00092905194565908074 0.0018165604303465165 -0.020078617375703798 0.036616792102760289 0.070803790114956619 -0.019305376854810184 -0.086315562538786139 -0.014552032699880891 -0.0094175076121278678 -0.0074508124990877722 0.041259836537167117 0.0090079836271762439 0.00032428035589795589 0.018664673734066752 -0.032851213533575278 -0.02359866610167341 -0.012951908688428576 0.041070352549663805 -0.01030347336692441 -0.053437902344234289 0.014638344546456464 -0.00083122356209605207
leaf_weight=525.81208855845034 13574.650584183633 3014.2699251528829 3074.6547703593969 1261.8728135973215 640.48905830085278 15352.790050260723 199.8494933526963 194.42673743516207 867.86975726112723 12921.537010595202 382.39423814415932 1640.820902697742 71.315242156386375 1228.2195220757276 43.62114879488945 3948.9623991958797 10583.238302120939 3351.775986418128 435.10042483359575 245.01475091092288 10438.809573182836 3415.4590246081352 1657.1297061033547 385.26843978837132 1028.2945846766233 619.88805918395519 3104.3718079552054 217.54422359913588 3850.9958342835307 2837.5830335915089
leaf_count=14653 164269 24709 15190 11288 9889 120863 1858 1308 6649 102297 2538 13848 576 13512 295 29087 60651 19285 2735 1458 77025 23986 9698 2420 5726 4778 18838 1692 25696 17748
internal_value=9.70478e-05 -0.000783547 -0.0103303 -0.000373932 -0.00062626 -0.000784226 -0.00223597 0.0305017 0.00142755 0.00459415 0.0184045 0.0242761 -0.00158775 -0.00190336 0.00151341 -0.00249929 -0.00637109 -0.00101765 -0.00324461 1.15011e-05 -0.0037595 0.0139996 -0.0138978 0.0108088 0.00352582 0.00793931 -0.0181559 -0.0204126 0.00527296 0.00807634
internal_weight=101114 87539.4 3600.47 83938.9 82677 82036.6 49528 394.276 32508.6 15856.2 2891.08 2508.69 16652.3 16581 12965.2 49133.7 13597.5 35536.2 23847.7 18265.8 14387.8 3878.02 5581.87 820.369 11688.5 8336.76 4761.5 462.559 7716.87 6688.58
internal_count=804565 640296 29843 610453 599165 589276 328698 3166 260578 125627 23035 20497 134951 134375 102592 325532 85360 240172 166939 133248 106112 27136 33691 5155 73233 53948 28536 3150 49170 43444
is_linear=0
shrinkage=0.05


Tree=89
num_leaves=31
num_cat=0
split_feature=18 22 9 13 22 22 21 23 5 22 11 23 23 23 21 22 21 21 23 23 23 11 22 23 23 9 21 18 22 11
split_gain=181.261 137.903 148.297 143.848 118.478 196.485 122.077 159.005 119.202 155.74 174.503 180.246 161.965 195.848 157.545 148.533 146.926 140.431 145.708 129.705 128.928 130.841 268.565 218.726 162.948 161.334 162.247 127.069 97.0414 117.69
threshold=156.78584289550784 1.5679100000000001 78.500000000000014 -4.784710712038879 -1.6132802499999999 -1.5738755999999998 -1.3268715999999998 2.5483800000000003 1.5000000000000002 -1.0697576499999999 12.778281696572909 2.0540985000000007 1.4116550000000003 1.3613375000000001 -1.6978661499999999 -1.0965549999999997 0.53773349500000012 0.080794680850000009 1.3754500500000002 1.2643609500000001 2.2303354500000006 15.017229010400021 1.3255616000000001 0.52511170500000015 0.50051710000000005 20.500000000000004 -0.10662768499999999 169.5933532714844 -1.3015830499999999 38.7119807903035
decision_type=2 2 2 2 2 2 2 2 2 2 2 2 2 2 2 2 2 2 2 2 2 2 2 2 2 2 2 2 2 2
left_child=-1 2 4 -3 6 -6 7 -2 -7 10 -10 12 13 15 -13 28 17 18 -15 -17 21 22 23 24 -11 -25 -27 -18 -12 -30
right_child=1 3 -4 -5 5 8 -8 -9 9 20 11 14 -14 16 -16 19 27 -19 -20 -21 -22 -23 -24 25 -26 26 -28 -29 29 -31
leaf_value=-0.0067036895440992618 -0.032601636281822374 0.023274172000395527 0.01509457678590625 -0.0036418259381465982 -0.031399623122016766 0.0071238314461528609 0.014438425912363967 0.03349287627289442 0.031083694231504908 -0.018005456652591088 0.024814831702931011 -0.012859885992414281 0.00048360014612543341 -0.11466442382244786 -0.058568807260801471 -0.04684186663805992 -0.031749502602266388 0.040218494297252105 -0.028547209606407421 0.036522633333886938 0.018301128156399615 0.00062291196805108198 -0.055974252435313482 0.0081247538848702085 -0.076038869514260518 -0.020745252125859748 0.018085709869788701 -0.15686223945952527 0.0091770886224425193 -0.015417137776363913
leaf_weight=9103.1733265724033 321.10086513310671 1335.5941801965237 1682.4766149446368 789.27160445228219 501.45976296253502 5432.7051939684898 2450.2103178463876 125.91007915511727 294.76530897244811 670.18539718724787 259.39598065055907 484.51185624301434 4549.5466630905867 56.611304678022861 308.37288396432996 365.10049369186163 36.769306583330035 60.552123142406344 342.887083157897 52.722037605941296 976.16533971950412 64054.930074257776 271.89443611726165 2377.1959650535136 146.90705651789904 1253.6826411560178 341.58485237136483 46.076009711250663 718.77935542725027 1500.2273411173373
leaf_count=72315 1701 16056 18613 4918 3014 63475 20457 1025 1997 5011 1682 2370 30479 355 1728 2530 205 487 2092 318 8532 498664 1793 16059 1009 8107 3549 437 5409 9730
internal_value=2.56222e-05 0.000692932 0.000394576 0.0132793 0.000113358 -0.000225201 0.0100549 -0.0139515 -4.00515e-05 -0.000531733 -0.00669409 -0.00796555 -0.0057067 -0.0138935 -0.0306886 -0.00872015 -0.0414253 -0.0302515 -0.0410064 -0.0362606 0.000266317 1.13415e-05 -0.00772695 -0.00497693 -0.0285196 -0.000128493 -0.0124245 -0.102374 -0.00406447 -0.00745005
internal_weight=100911 91807.6 89682.7 2124.87 88000.2 85103 2897.22 447.011 84601.6 79168.9 9076.32 8781.55 7988.67 3439.12 792.885 2896.23 542.896 460.051 399.498 417.823 70092.5 69116.4 5061.45 4789.56 817.092 3972.46 1595.27 82.8453 2478.4 2219.01
internal_count=804117 731802 710828 20974 692215 669032 23183 2726 666018 602543 59819 57822 53724 23245 4098 19669 3576 2934 2447 2848 542724 534192 35528 33735 6020 27715 11656 642 16821 15139
is_linear=0
shrinkage=0.05


Tree=90
num_leaves=31
num_cat=0
split_feature=18 14 14 20 9 12 24 24 17 17 11 12 11 9 6 14 12 14 11 17 10 24 12 24 14 24 11 14 14 24
split_gain=156.618 152.186 150.909 118.595 111.096 105.735 270.008 155.35 100.583 95.345 88.9169 116.672 109.134 202.815 159.795 110.789 400.428 309.228 453.914 266.776 222.815 210.585 213.075 199.898 193.318 182.892 190.9 189.672 173.808 268.366
threshold=156.92646789550784 269.50000000000006 204.50000000000003 -16.793937683105465 72.500000000000014 2.8746130030959756 1.5000000000000002 7.5000000000000009 192.54412078857425 161.37132263183597 88.744555543150895 2.2801857585139325 21.205184842975978 20.500000000000004 21.500000000000004 223.50000000000003 5.1625386996904039 215.50000000000003 39.709729274025555 177.4294357299805 87.715940445661559 1.0000000180025095e-35 4.8374613003095979 3.5000000000000004 231.50000000000003 7.5000000000000009 27.620079198385081 245.50000000000003 196.50000000000003 4.5000000000000009
decision_type=2 2 2 2 2 2 8 10 2 2 2 2 2 2 2 2 2 2 2 2 10 10 2 8 2 10 2 2 2 8
left_child=2 3 9 8 10 6 -3 -7 -2 -1 11 -5 13 -13 15 17 25 20 19 -19 28 22 -21 24 -18 -17 -27 -28 29 -14
right_child=1 5 -4 4 -6 7 -8 -9 -10 -11 -12 12 14 -15 -16 16 23 18 -20 21 -22 -23 -24 -25 -26 26 27 -29 -30 -31
leaf_value=-0.026197121385141138 -0.00033124080423747502 -0.031173374078664964 -0.0034679025461528861 -0.0039787607663610463 0.010933975869318551 0.0091797012041683872 0.033359877158172423 -0.041460795063150868 0.020248458516746379 0.0092959284152160249 0.0051834704245520323 0.0011969025247692488 -0.0075412970259595789 -0.012792675827184401 0.022898574081937229 0.0017443277734128287 -0.060798095158097677 -0.0072834335649903026 0.00068233131339235276 -0.035709223810846832 -0.028397666792424239 -0.018333353664593915 -0.091843419103617138 0.024841233592923385 0.010486627960328065 -0.081880415049119748 -0.045472292815384091 0.013177372407680625 0.0085398213768729213 0.005113675272335574
leaf_weight=1250.8338845074177 1062.9802290797234 191.63830342888832 8248.4307268224657 21568.684012528509 2226.2191490232944 1288.445674687624 1026.2062332816422 170.60466673970222 1343.8644052408636 222.38303755968809 6613.2408762890846 6833.6146710924804 7799.384373433888 4171.6298157162964 850.96983681805432 11267.718786735088 135.13964244350791 603.04406439512968 2264.310351472348 321.81861093267798 615.97715018317103 365.21748973429203 359.93798676133156 2836.6608185321093 314.8301224000752 120.13061255216599 244.84518894553185 313.05557894706726 7191.4212308004498 9048.5589512251318
leaf_count=32268 13850 859 43826 145782 24897 12559 11052 881 31344 1088 54680 46408 54649 33278 12343 85825 810 3048 17097 2313 5482 3264 2722 24766 2238 608 1516 1892 57652 75664
internal_value=-6.94479e-05 0.000573999 -0.00610185 0.000218556 -8.76341e-05 0.0123172 0.0231878 0.00323404 0.0111631 -0.0208368 -0.000380419 -0.000856937 0.000352881 -0.00410664 0.00145205 0.00103488 0.00447854 -0.000801256 -0.0138546 -0.0337918 0.00127159 -0.0490388 -0.0654368 0.0199311 -0.0110097 0.000225785 -0.0249752 -0.0125974 0.00203298 -0.000744765
internal_weight=100872 91150.1 9721.65 88473.3 86066.4 2676.89 1217.84 1459.05 2406.84 1473.22 83840.2 77226.9 55658.3 11005.2 44653 43802.1 15232.4 28569.7 3914.33 1650.02 24655.3 1046.97 681.757 3286.63 449.97 11945.8 678.031 557.901 24039.4 16847.9
internal_count=804661 727479 77182 702128 656934 25351 11911 13440 45194 33356 632037 577357 431575 79686 351889 339546 117655 221891 28444 11347 193447 8299 5035 27814 3048 89841 4016 3408 187965 130313
is_linear=0
shrinkage=0.05


Tree=91
num_leaves=31
num_cat=0
split_feature=0 14 17 14 22 24 11 11 22 11 24 14 24 17 11 14 4 22 14 14 11 14 2 11 20 22 22 14 11 22
split_gain=149.198 126.418 213.052 153.698 149.478 189.671 132.269 124.607 202.91 171.551 128.337 125.822 122.236 113.871 105.463 148.007 115.133 99.0706 302.123 355.998 175.366 167.907 155.546 155.439 127.579 126.368 120.899 119.753 119.062 121.954
threshold=0.64515721797943126 193.50000000000003 159.91176605224612 171.50000000000003 0.24538857500000003 6.5000000000000009 124.4390619989404 89.691619807248813 0.90906459000000017 94.320466111330532 6.5000000000000009 216.50000000000003 2.5000000000000004 188.01666259765628 63.742673904464901 165.50000000000003 99.503752443939462 0.56587234500000017 222.50000000000003 246.50000000000003 21.823152354246602 268.50000000000006 70.908836677670493 21.510219842207047 37.524711608886726 0.9894630900000001 0.48771763000000007 209.50000000000003 49.851090743157435 0.58186933500000004
decision_type=2 2 2 2 2 8 2 2 2 2 8 2 10 2 2 2 2 2 2 2 2 2 2 2 2 2 2 2 2 2
left_child=-1 2 -2 13 6 -6 12 17 9 -9 11 -10 -5 14 16 -16 -4 26 23 20 22 28 -20 24 -19 -23 -3 -28 29 -21
right_child=1 7 3 4 5 -7 -8 8 10 -11 -12 -13 -14 -15 15 -17 -18 18 19 21 -22 25 -24 -25 -26 -27 27 -29 -30 -31
leaf_value=0.0019837871311167753 -0.026032094681742834 -0.00065516557658814537 -0.0010157848693653133 -0.0078633789500621859 0.030914837961592806 -0.0058055501814658697 -0.068088992203097401 0.028158974744892429 0.0012008062718041792 -0.0018802696679261666 0.0833258023079326 0.061149794570886262 -0.026347834577240093 0.016811538465304636 -0.0075699454630187568 0.035987331539126692 -0.025783697178212918 -0.15780827587991172 0.0072721150991882089 -0.074749003328025754 0.025886663887431979 0.038383395405860707 -0.079926683622665834 -0.017015685929711571 -0.045512455399006634 -0.024858769807079677 -0.024364075565317594 0.026185442927331028 -0.049199530150234219 -0.0091404430174787752
leaf_weight=46701.642923532054 1196.6730241551995 28720.061014581472 3135.8449034579098 5099.1511557996273 488.05948272161186 1250.9233514517546 102.59574286267161 583.92539393156767 232.97402868047357 2535.122625105083 118.90354138612747 139.23301443830132 1084.1136732362211 1093.2048734780401 367.93213371559978 413.32030757516623 550.78003731742501 30.465703904628754 157.97159449383616 74.477870810776949 1415.1818219386041 244.63870924711227 74.522371329367161 2346.2561819590628 137.57367101684213 115.60381224378943 138.41574767790735 738.1513759046793 280.75808325782418 1159.8197885081172
leaf_count=414787 27925 188847 19414 31244 3855 8473 640 4152 1962 18439 1166 1072 7459 17631 2172 2400 3035 269 1203 374 9631 2356 318 17878 886 875 1063 5471 1918 7213
internal_value=-8.59177e-05 -0.00187501 -0.00581563 -0.00403314 -0.00845985 0.00451217 -0.0120487 -0.000390536 0.00845976 0.00375068 0.0382988 0.0237299 -0.011108 0.00235514 -0.00118504 0.0154905 -0.00472209 -0.00128739 -0.00712412 0.00232555 0.0192761 -0.0125699 -0.0209007 -0.0203605 -0.0666849 0.018076 -9.65881e-05 0.0181847 -0.0198638 -0.0131566
internal_weight=100728 54026.7 14782.6 13585.9 8024.84 1738.98 6285.86 39244.1 3610.16 3119.05 491.111 372.207 6183.26 5561.08 4467.88 781.252 3686.62 35633.9 6037.27 3522.97 1647.68 1875.3 232.494 2514.3 168.039 360.243 29596.6 876.567 1515.06 1234.3
internal_count=804128 389341 124248 96323 51671 12328 39343 265093 26791 22591 4200 3034 38703 44652 27021 4572 22449 238302 42921 23888 11152 12736 1521 19033 1155 3231 195381 6534 9505 7587
is_linear=0
shrinkage=0.05


Tree=92
num_leaves=31
num_cat=0
split_feature=17 22 22 11 14 12 23 11 23 14 23 23 22 22 15 23 12 11 14 12 14 11 19 14 14 14 14 22 23 11
split_gain=169.647 129.894 200.359 241.588 164.101 165.974 313.346 196.136 344.523 341.324 296.675 242.178 180.26 243.159 173.319 158.767 200.06 300.919 328.89 306.794 446.642 293.878 251.714 191.118 230.083 221.959 184.101 175.244 164.323 265.193
threshold=214.80555725097659 -1.6132802499999999 -1.0697576499999999 12.778281696572909 271.50000000000006 2.2244582043343657 0.29784916500000008 67.867619931397982 0.79899701500000009 268.50000000000006 1.0896113000000003 1.0302550000000001 -0.59998893499999995 0.93355476500000012 3.6846599578857426 2.0888086500000003 2.1470588235294121 42.732788166210021 240.50000000000003 2.6640866873065021 249.50000000000003 68.440097592586525 0.51470589637756359 240.50000000000003 259.50000000000006 268.50000000000006 259.50000000000006 -1.0965549999999997 1.2842400000000003 63.239574884401854
decision_type=2 2 2 2 2 2 2 2 2 2 2 2 2 2 2 2 2 2 2 2 2 2 2 2 2 2 2 2 2 2
left_child=1 -1 3 -3 5 6 -4 8 -8 10 11 -10 -9 14 -14 16 23 18 27 -20 22 -19 -21 28 -25 -26 -22 -18 -5 -30
right_child=-2 2 4 15 -6 -7 7 12 9 -11 -12 -13 13 -15 -16 -17 17 21 19 20 26 -23 -24 24 25 -27 -28 -29 29 -31
leaf_value=0.0097688702506511394 0.024628119691786896 0.023856696657182735 -0.026168947287973594 -0.028433909407475633 0.017287932998658519 0.0013909846755833701 0.0051084300058555007 0.016717543938913552 -0.020651860158525829 0.052515679785104685 -0.0063322015583301069 -0.06484548243852109 0.0067608895873335047 0.026048309811057366 -0.010901441109237542 -0.028557746137951243 0.0073619924003895708 -0.037890994913763035 0.030898113377268249 -0.06773649328763208 -0.050907873675896886 0.0040873057995697631 -0.19547443764286151 0.028575478281528101 -0.052436686633656276 0.040640959522984993 0.014937122010232168 -0.035476106220186106 0.01697652190181478 -0.023638171838396407
leaf_weight=3163.73306735605 691.83078499883413 604.62192322313786 1437.2194066289812 609.6854762211442 1396.2532041929662 60803.614197747782 4682.5818793661892 2058.3753798026592 2679.7681169565767 201.34312735497952 5564.5264994129539 349.96442659199238 2327.3642573338002 774.22167650982738 3441.8870054259896 911.06287461705506 2731.2006689161062 1625.1729894764721 147.25427746400237 96.44504738599062 248.6521691121161 560.42682813480496 65.273719150573015 1038.7678907997906 193.63808509334922 94.588062562048435 184.0601342394948 260.60500873066485 1072.461789784953 641.46629217267036
leaf_count=25758 12497 5304 9962 4391 13260 496778 35665 14506 19208 1856 42578 2444 22062 7266 23388 4825 20948 11052 981 481 1559 4205 487 6702 960 751 1161 1906 8158 3652
internal_value=-2.82985e-05 -0.000199181 -0.000525058 -0.00685017 0.000293008 1.13908e-05 -0.00355544 -0.00208238 -0.0058469 -0.0116792 -0.0131891 -0.0257764 0.00381621 -0.000244084 -0.00377637 -0.00862372 -0.00672315 -0.0123999 -0.00377184 -0.0335534 -0.0495446 -0.0271301 -0.120179 0.00248198 0.0176134 -0.0218562 -0.0229299 0.00361992 -0.00616329 0.00177087
internal_weight=100658 99966.2 96802.5 11085.4 85717.1 84320.9 23517.3 22080 13478.2 8795.6 8594.26 3029.73 8601.85 6543.47 5769.25 10480.8 9569.7 5919.09 3733.49 741.685 594.431 2185.6 161.719 3650.61 1326.99 288.226 432.712 2991.81 2323.61 1713.93
internal_count=804751 792254 766496 77523 688973 675713 178935 168973 101751 66086 64230 21652 67222 52716 45450 72219 67394 42780 27523 4669 3688 15257 968 24614 8413 1711 2720 22854 16201 11810
is_linear=0
shrinkage=0.05


Tree=93
num_leaves=31
num_cat=0
split_feature=18 18 20 11 20 12 22 11 25 20 15 22 12 22 11 11 20 12 3 20 20 11 18 24 13 24 11 22 20 3
split_gain=145.031 117.513 144.179 134.764 111.221 117.963 87.2702 95.2054 83.3792 90.254 82.3778 81.6558 139.711 193.511 118.946 115.048 162.352 122.85 110.311 98.2031 96.7434 164.35 104.33 93.5351 87.4538 87.0353 88.2772 86.6715 81.7716 80.9843
threshold=182.33635711669925 155.11765289306643 57.22401428222657 129.20073116478446 20.640762329101566 9.4938080495356054 -0.57567774999999988 35.482507067406701 21.714705145359044 66.262786865234389 12.043208599090578 -0.15288999499999997 0.56811145510835925 0.27487151000000004 34.722900977490859 80.377632546720136 63.469665527343757 9.1253869969040267 186.04827749729159 90.507575988769545 47.123107910156257 18.035498580788683 169.52228546142581 4.5000000000000009 -72.637069093841959 4.5000000000000009 96.005895777764081 -0.43459500499999998 61.970138549804695 21.53812345862389
decision_type=2 2 2 2 2 2 2 2 2 2 2 2 2 2 2 2 2 2 2 2 2 2 2 8 2 10 2 2 2 2
left_child=1 2 3 -1 6 8 7 -2 9 -6 -4 14 13 24 18 17 -17 -16 19 20 22 -22 -3 -14 -13 -15 -27 -18 -28 -10
right_child=4 11 10 -5 5 -7 -8 -9 29 -11 -12 12 23 25 15 16 27 -19 -20 -21 21 -23 -24 -25 -26 26 28 -29 -30 -31
leaf_value=-0.038223710746460478 0.019027969006568765 -0.0007631419328325644 -0.021049654108904192 0.13985967826572809 0.025622883716223885 -0.020097962906738008 0.017121647414057726 -0.004472894058081758 -0.0066920239316484512 -0.0038212894726405103 -0.0011304089269981792 -0.098177025398149056 0.014317716081644642 0.063463877109145958 -0.0049630656850447432 -0.00082882505783696985 0.030249294071404281 0.043905172872079123 -0.016080883722124524 0.013002784276714977 -0.015974669980675201 0.002453454321845528 0.010461972299709542 0.0014235652532473256 -0.031795459620991506 0.030579879806626426 -0.0070393815379643527 -0.021524187788189538 -0.09184390374120438 0.0049568423265600866
leaf_weight=488.87237517535686 639.75890940055251 4382.3697551302612 661.6376847922802 9.8978947773575765 763.83784357085824 581.44568531960249 2675.0502938739955 1315.3666137643158 2233.9472121857107 394.14715309813619 2395.8101603984833 55.859298124909401 1463.5287907253951 60.395631358027458 25828.202605303377 2917.2614813279361 719.92471645399928 128.25889367982745 821.63923963345587 2014.9847702905536 1880.0059909597039 3390.5285700373352 3921.7513785883784 35488.935839850456 411.8948420714587 118.05507031828165 128.05215296521783 90.326779086142778 35.607937015593052 4487.4778607580811
leaf_count=14570 11734 25673 2924 223 8874 4639 47730 16403 27317 3748 12189 371 11550 559 168763 20934 4715 1017 5926 13059 11403 24031 38489 277373 2731 1032 944 628 220 43995
internal_value=0.000117835 -0.000617212 -0.00951818 -0.0344169 0.00502569 0.00161593 0.0112548 0.00322289 0.00322061 0.0156062 -0.00544645 -0.000239632 0.00148416 -0.0190464 -0.00165181 -0.00354031 0.00467291 -0.00471991 0.00176403 0.0027055 0.00117616 -0.00412166 0.00453872 0.00193462 -0.0399153 0.00952005 -0.0022283 0.0244582 -0.0259362 0.00108478
internal_weight=100505 87413.8 3556.22 498.77 13091 8460.86 4630.18 1955.13 7879.41 1157.98 3057.45 83857.6 37762.3 809.865 46095.3 29684 3727.51 25956.5 16411.3 15589.6 13574.7 5270.53 8304.12 36952.5 467.754 342.111 281.715 810.251 163.66 6721.43
internal_count=803764 639324 29906 14793 164440 88573 75867 28137 83934 12622 15113 609418 294780 5857 314638 196057 26277 169780 118581 112655 99596 35434 64162 288923 3102 2755 2196 5343 1164 71312
is_linear=0
shrinkage=0.05


Tree=94
num_leaves=31
num_cat=0
split_feature=18 15 17 19 17 5 15 18 19 18 17 5 18 22 22 22 25 25 4 17 13 17 4 17 25 13 4 17 4 19
split_gain=137.213 107.754 84.1002 117.76 124.144 115.429 88.1493 84.5859 83.859 87.4889 83.9029 64.6468 63.8212 62.6409 83.579 74.657 111.498 99.6338 86.9017 91.4586 92.7554 80.9939 80.7768 69.0578 70.6271 66.6989 72.8615 64.548 62.4499 61.7205
threshold=182.33635711669925 37.451803207397468 199.7559509277344 0.60294118523597728 190.8796310424805 16.500000000000004 2.561894536018372 180.75391387939456 0.66176471114158641 190.41741943359378 201.91944122314456 16.500000000000004 200.23332977294925 1.5679100000000001 1.1680100000000002 0.04601305725000001 22.695573055744173 25.380655944347385 491.73070845007902 180.97187805175784 -19.913285974793755 196.83333587646487 403.3225564807654 179.98332977294925 25.33252266645432 -12.766736373824322 17.490164220333103 158.54411315917972 54.150421347469099 0.36764706671237951
decision_type=2 2 2 2 2 2 2 2 2 2 2 2 2 2 2 2 2 2 2 2 2 2 2 2 2 2 2 2 2 2
left_child=1 2 3 13 -5 -6 -4 -8 9 10 11 -2 -10 14 15 17 18 22 19 20 28 -21 23 29 -25 26 -15 -16 -17 -1
right_child=8 -3 6 4 5 -7 7 -9 12 -11 -12 -13 -14 25 27 16 -18 -19 -20 21 -22 -23 -24 24 -26 -27 -28 -29 -30 -31
leaf_value=0.00073324366654831932 0.0047446600914868055 -0.015244054227550465 0.0022512808600830109 0.011894235477600086 0.001276594214797723 -0.059375545943129097 -0.010656973551293438 -0.040718233804839049 0.013162837585710484 0.018769719131800828 -0.0066353631227416797 -0.040284296563402322 -0.020101674717528172 -0.026292685008218377 -0.028858799701171851 0.022450983144411654 0.0043136532046079033 -0.0042978820938881787 -0.061297858808196548 -0.011014064692859026 -0.0057051463669969445 0.042246589347301668 -0.019638021590942203 -0.0027067086501352264 0.026475884093988534 0.0015658663013113255 0.028762593085248801 -0.0065162478282609479 0.0038339802705083803 0.0079035374871294188
leaf_weight=8828.9288134798408 6277.1148365810513 1238.2621255367994 1242.4537127166986 3956.2176103182137 5871.2486961800605 78.506598897278309 1769.1114812549204 268.96646832488477 3226.4766506347805 761.72420358471572 2500.8697495609522 79.74202611669898 150.07079175300896 67.209470987319946 374.12100434303284 597.47727283090353 14435.338005680591 21479.454953886569 62.761338531970978 2813.9660307206213 2223.9771331995726 72.272204402834177 494.77118672430515 10959.496375199407 210.33384693786502 1126.9055951181799 516.07326308265328 2347.0852538347244 1823.6356522664428 4545.9697943627834
leaf_count=44737 69316 24833 15070 39817 64264 462 16966 2660 47358 12313 32279 476 2511 758 2341 5180 95753 128628 289 24699 14389 797 2338 81384 1518 7225 5541 17496 12241 30095
internal_value=0.000107451 -0.000605316 -0.000394774 -8.3962e-05 0.00503118 0.00046645 -0.0082453 -0.0146422 0.00490084 0.00252069 0.00112139 0.00417356 0.0116789 -0.00077833 -0.0010053 -0.000664076 0.00173371 -0.00179958 -0.00317033 -0.00267786 0.00166553 -0.00966623 0.000343605 0.000747177 -0.00215486 0.00867532 0.0223846 -0.00959745 0.00843562 0.00317075
internal_weight=100401 87404.5 86166.3 82885.8 9905.97 5949.76 3280.53 2038.08 12996 9619.45 8857.73 6356.86 3376.55 72979.8 71269.6 68548.4 22029.4 46519 7594.09 7531.33 4645.09 2886.24 25039.5 24544.7 11169.8 1710.19 583.283 2721.21 2421.11 13374.9
internal_count=803734 639481 614648 579952 104543 64726 34696 19626 164253 114384 102071 69792 49869 475409 461885 442048 153348 288700 57595 57306 31810 25496 160072 157734 82902 13524 6299 19837 17421 74832
is_linear=0
shrinkage=0.05


Tree=95
num_leaves=31
num_cat=0
split_feature=19 14 22 12 10 18 17 14 4 14 22 25 22 12 23 0 18 17 14 25 17 2 25 23 14 18 19 16 17 14
split_gain=148.824 105.556 96.8896 165.185 104.387 102.036 230.23 144.652 101.912 163.193 107.171 114.756 104.433 110.398 106.924 101.034 86.9722 115.907 89.7802 162.431 150.653 106.365 99.4068 84.439 80.2975 73.6811 73.4333 69.4541 72.7168 203.718
threshold=0.63235294818878185 273.50000000000006 1.5679100000000001 6.6269349845201253 0.81132616102695476 155.11765289306643 155.279411315918 205.50000000000003 603.35147772729408 236.50000000000003 0.030713726750000003 26.743294256925587 -0.58885022999999992 4.7275541795665648 1.0459932000000003 59.816541671752937 185.39170837402347 189.25489807128909 213.50000000000003 23.020559215545656 192.84387207031253 3.3655675947666173 24.085204625129705 0.55684298000000021 253.50000000000003 200.23332977294925 0.72058823704719555 0.86764705181121837 199.7559509277344 205.50000000000003
decision_type=2 2 2 2 10 2 2 2 2 2 2 2 2 2 2 2 2 2 2 2 2 2 2 2 2 2 2 2 2 2
left_child=1 2 5 15 -5 7 -7 -1 27 10 -10 -12 14 23 -11 -4 17 -2 20 -20 21 -19 -21 -14 -15 -18 -24 28 -8 -30
right_child=16 -3 3 4 -6 6 8 -9 9 12 11 -13 13 24 -16 -17 25 18 19 22 -22 -23 26 -25 -26 -27 -28 -29 29 -31
leaf_value=-0.038598342467754912 0.012271505007623763 0.041645493651166599 0.021653725530980272 0.0019036728602402451 -0.049362383905239948 0.042874664785457803 -0.00016979345847664367 -0.0057415688353030523 -0.022509925517808466 0.047765591606521871 -0.060608759059107203 -0.0012746470829039338 0.012568447809070894 0.027420438950769677 0.0058349399577428962 0.09980973917803504 0.013857711279907568 0.018307377376971936 0.008667686916235923 -0.030428170863882886 0.012534095126815668 -0.025071023431762735 -0.0011113340784892547 -0.027526922934519346 -0.011989432977193369 -0.021612566190626105 -0.019201017231967547 0.0074773104242669601 0.012753855099150524 -0.014124868817271706
leaf_weight=375.22726359218359 2452.3237723503262 146.79645613953471 913.51822446100414 916.09345250762999 110.35726227983832 303.16513189487159 69134.747240984812 3060.9551896490157 1778.0159862972796 227.35451278090477 85.258316665887833 1475.1384564377367 174.05125787854195 337.48666314035654 455.93079845607281 42.423295263200998 3106.2020579501987 191.65710147097707 1541.2773341089487 550.95834714174271 2357.5493498332798 530.65503761917353 1717.8169307112694 527.56965850293636 208.34956755489111 152.778578851372 832.17807864025235 2806.6795322336257 942.40798089653254 2788.980638731271
leaf_count=12652 24839 1398 9550 7219 1016 2420 475661 16329 17874 966 382 12213 742 1505 2114 364 49978 3247 14660 4906 34270 6754 16090 2297 964 2493 7394 31526 14935 27125
internal_value=0.0001842 -0.000573668 -0.000645662 0.0102782 -0.0036508 -0.000901509 -0.000544514 -0.00933968 -0.000707667 -0.00743047 -0.0141208 -0.00455334 0.00413893 -0.00446816 0.0198362 0.0252229 0.00508145 0.00280392 -0.000203929 -0.00459489 0.00641385 -0.0135517 -0.0111875 -0.0175767 0.012383 0.0121888 -0.00702002 -0.000239461 -0.000536796 -0.00733472
internal_weight=100244 86810.5 86663.7 1982.39 1026.45 84681.3 81245.1 3436.18 80942 5269.16 3338.41 1560.4 1930.74 1247.46 683.285 955.942 13433.4 10174.4 7722.09 4642.23 3079.86 722.312 3100.95 701.621 545.836 3258.98 2550 75672.8 72866.1 3731.39
internal_count=803883 639252 637854 18149 8235 619705 590724 28981 588304 39057 30469 12595 8588 5508 3080 9914 164631 112160 87321 43050 44271 10001 28390 3039 2469 52471 23484 549247 517721 42060
is_linear=0
shrinkage=0.05


Tree=96
num_leaves=31
num_cat=0
split_feature=21 11 11 17 17 23 15 5 21 24 12 23 23 23 12 12 12 21 11 11 21 11 21 11 11 25 23 5 12 11
split_gain=136.63 161.942 130.585 119.534 104.861 78.242 77.8016 105.71 90.4114 90.5215 89.8072 81.9508 96.4181 75.7204 77.8473 128.708 117.262 70.8732 144.748 126.761 195.567 175.808 213.497 141.396 120.352 130.922 111.331 108.45 103.51 99.4644
threshold=1.5450766500000002 17.687629925646469 86.487190067987243 157.66176605224612 214.80555725097659 1.8642450000000002 37.451803207397468 29.500000000000004 -0.044221688049999992 6.5000000000000009 4.2554179566563475 1.3613375000000001 0.35652237000000003 2.1617061000000004 2.7198142414860684 0.97832817337461309 5.8823529411764719 -0.19011549499999997 111.65133048040369 22.113093404139715 0.84858900000000015 32.570528774992241 0.74276534000000016 29.054523943159328 4.7379847955154757 24.305859351158144 1.4267945000000002 3.5000000000000004 0.41950464396284837 27.302392981219867
decision_type=2 2 2 2 2 2 2 2 2 10 2 2 2 2 2 2 2 2 2 2 2 2 2 2 2 2 2 2 2 2
left_child=3 -2 5 6 17 -3 7 10 9 -9 -1 12 -12 14 15 -7 -16 18 24 20 -19 22 -21 29 -5 -26 -25 -23 -29 -24
right_child=1 2 -4 4 -6 13 -8 8 -10 -11 11 -13 -14 -15 16 -17 -18 19 -20 21 -22 27 23 26 25 -27 -28 28 -30 -31
leaf_value=-0.011607885527200301 -0.062375564182570703 0.031131049606944725 -0.011533471400115248 0.015220006336749844 0.0203925557970056 0.043669026860775312 -0.018940959528158854 -0.016873801219759468 0.023147969451736042 0.034120215689976224 -0.031622513723549267 -0.01418949198366411 0.0099839127194274041 0.024555322360829884 0.028624327591511674 -0.024735920952748475 -0.065712861008860798 -0.011044894836669209 0.034446129417741493 0.016176383107978351 0.01114169018436215 0.01081185109000464 -0.0081811244221006788 0.031206752709887181 0.00062792849705944041 -0.0047090457192278641 -0.021821847638072909 0.019241802259069459 -0.00026453047356882458 -0.0460381942705652
leaf_weight=3748.0767833236605 71.960878795012832 759.79506959952414 444.28466145507991 1060.9533153176308 640.28927228599787 83.127953190356493 1021.6033892799169 391.83420977368951 599.32891100645065 110.81271026842296 151.45466911047697 666.00353442132473 1609.1198120526969 609.53452850878239 316.90252764336765 376.54765375517309 35.798312487080693 4017.2902197539806 281.94623916968703 4331.3639851920307 1318.4750910717994 2657.8803081270307 642.9399577435106 332.1928483825177 25215.607580613345 21111.110511457548 139.97633042559028 696.92528768628836 26620.253243941814 236.94104344025254
leaf_count=25899 578 8554 4229 8335 11962 966 22072 2813 3156 534 930 4637 9703 6847 3627 3679 382 35239 2609 39690 13729 39431 6680 3344 183046 141503 1401 5287 211200 2287
internal_value=2.02303e-05 0.0111176 0.0131546 -0.000286638 0.000246776 0.0181851 -0.00602649 -0.004211 0.0100481 -0.00558632 -0.00675702 0.000737301 0.00638877 0.0112504 0.00124963 -0.0122976 0.0188906 0.000101064 -0.00120985 0.00162544 -0.0055615 0.00270098 0.0107629 -0.00657849 -0.00142272 -0.00180418 0.0154733 0.00117209 0.000233808 -0.0184163
internal_weight=100300 2697.95 2625.99 97602.4 89304.1 2181.71 8298.23 7276.63 1101.98 502.647 6174.65 2426.58 1760.57 1421.91 812.376 459.676 352.701 88663.9 47669.6 40994.2 5335.77 35658.5 5683.41 1352.05 47387.7 46326.7 472.169 29975.1 27317.2 879.881
internal_count=804349 28862 28284 775487 705743 24055 69744 47672 6503 3347 41169 15270 10633 15501 8654 4645 4009 693781 335493 358288 48968 309320 53402 13712 332884 324549 4745 255918 216487 8967
is_linear=0
shrinkage=0.05


Tree=97
num_leaves=31
num_cat=0
split_feature=9 22 22 22 12 13 22 12 22 15 15 13 17 22 12 12 22 22 13 16 18 9 13 25 12 22 9 22 17 12
split_gain=121.884 116.755 121.254 172.753 118.653 144.029 116.92 204.86 128.106 135.245 112.725 106.273 103.187 94.2463 91.9046 87.7979 197.11 166.547 106.686 90.6831 90.0288 118.618 85.0055 85.3332 78.459 99.8966 77.6265 145.608 112.55 100.199
threshold=76.500000000000014 1.5679100000000001 -1.6132802499999999 -1.5738755999999998 5.1904024767801866 -4.784710712038879 1.1680100000000002 5.3374613003095988 0.45747834000000004 35.925676345825202 32.923778533935554 -5.6231253706956776 214.80555725097659 0.56587234500000017 5.6671826625387007 4.2554179566563475 0.42497292500000006 -1.0697576499999999 -43.081044325276324 0.80882352590560924 164.17825317382815 21.500000000000004 -88.962283738061259 23.57473802864552 8.4334365325077432 1.2982029000000002 14.500000000000002 0.030713726750000003 177.35760498046878 8.4334365325077432
decision_type=2 2 2 2 2 2 2 2 2 2 2 2 2 2 2 2 2 2 2 2 2 2 2 2 2 2 2 2 2 2
left_child=1 2 14 -4 10 -6 8 -8 9 12 -3 24 15 -10 -1 20 17 19 -19 -17 -5 22 23 -22 25 -9 27 -20 -28 -30
right_child=-2 4 3 6 5 -7 7 11 13 -11 -12 -13 -14 -15 -16 16 -18 18 26 -21 21 -23 -24 -25 -26 -27 28 -29 29 -31
leaf_value=0.011900216356169196 0.012548453108108726 0.02453876712290504 -0.029393504364844822 -0.0059224162292735652 0.016541149261312959 -0.014430906278943015 0.0013708892302240179 -0.048273166015813329 0.012349665891430512 -0.019970297248400968 0.12680551895114059 -0.038336085476614268 0.023655030851163165 0.0020888882736050645 -0.018506783016876777 -0.013974280859163949 -0.02935620539969911 0.013038100488625949 0.0016136099212605633 0.0085796830683532548 0.00045426183205465398 -0.0071434318772207409 0.00078655073642501831 -0.041627235862465348 0.0011250808865279677 -0.0030564363799530717 0.0086989650765495821 0.014756027716229039 -0.0008918882157575586 -0.01499521293197814
leaf_weight=2846.4713409375399 1913.9390235133469 630.75890009850264 523.31582418642938 12512.219740260392 897.58303035236895 643.68424204923213 2006.6496466938406 255.04196995124221 2737.889181163162 937.07612478546798 27.233763158321381 639.80510595999658 425.60806722566485 12238.428197497502 271.37372847087681 2245.7552945427597 510.97936452925205 2557.6843597050756 8437.965197628364 555.23623446188867 243.10492956638336 6347.9066667240113 27628.144206771627 237.76806455478072 524.9209598172456 233.86188444495201 2055.3125131241977 2808.3037153035402 4582.4340497031808 1735.7573509179056
leaf_count=23464 21449 7455 3298 70872 10266 4247 18912 2477 24405 19719 434 4266 8165 106376 2042 14108 4061 28044 54234 5225 2456 59837 209952 2233 5084 2419 12390 18380 43354 14405
internal_value=5.51941e-05 -0.000188184 -0.000448921 -0.000774193 0.0112 0.00360522 -0.00061189 -0.00936825 -0.000250847 -0.00110625 0.0289575 -0.022393 -0.000863445 0.00396541 0.00924854 -0.00100779 0.0013548 0.0019842 0.00343525 -0.00950198 -0.00228993 -0.000970738 0.000423456 -0.0203962 -0.0123037 -0.0266946 0.0021828 0.00489642 -0.00146196 -0.00476817
internal_weight=100212 98298.3 96099 92981.2 2199.26 1541.27 92457.9 3660.28 88797.6 73821.3 657.993 1653.63 72884.2 14976.3 3117.85 72458.6 25489.4 24978.4 22177.5 2800.99 46969.1 34456.9 28109 480.873 1013.82 488.904 19619.8 11246.3 8373.5 6318.19
internal_count=804029 782580 760178 734672 22402 14513 731374 33158 698216 567435 7889 14246 547716 130781 25506 539551 194201 190140 170807 19333 345350 274478 214641 4689 9980 4896 142763 72614 70149 57759
is_linear=0
shrinkage=0.05


Tree=98
num_leaves=31
num_cat=0
split_feature=21 12 20 17 20 12 12 9 4 20 21 25 20 20 20 21 10 4 6 20 9 17 9 4 25 20 25 23 12 17
split_gain=127.17 127.922 120.334 100.624 208.758 94.3813 103.665 83.4006 80.0168 127.76 101.242 82.3915 78.4609 76.9104 75.6103 75.0605 72.7627 70.5527 68.8627 116.49 79.7691 123.615 122.088 107.755 111.775 95.5333 196.25 155.176 169.595 105.381
threshold=1.3326296000000002 0.81578947368421062 -26.904739379882809 157.66176605224612 50.476669311523445 5.8823529411764719 3.4721362229102173 77.500000000000014 770.56980381160986 78.784561157226577 0.72620400500000015 32.808040991425521 20.640762329101566 3.4155578613281254 9.615272521972658 1.4200350000000002 143.66800482273104 545.79983105883014 21.500000000000004 67.646110534667983 14.500000000000002 179.88861083984378 43.500000000000007 98.471542552113547 26.482981395721438 23.059715270996097 21.014617684483532 0.61970767500000012 7.0015479876161004 189.94999694824222
decision_type=2 2 2 2 2 2 2 2 2 2 2 2 2 2 2 2 8 2 2 2 2 2 2 2 2 2 2 2 2 2
left_child=2 12 -1 4 -4 6 16 8 18 11 -11 -10 -2 15 -7 -8 17 -3 20 -20 23 22 -22 24 -5 26 -23 -28 -29 -27
right_child=1 5 3 7 -6 14 13 -9 9 10 -12 -13 -14 -15 -16 -17 -18 -19 19 -21 21 25 -24 -25 -26 29 27 28 -30 -31
leaf_value=0.025313457438528343 0.081761672079238942 0.0037885655962858833 -0.02635554381760068 0.005917396374569975 -0.0027693070705426572 -0.088985519359308152 -0.084715349358310349 0.010595208719114868 -0.041706271415083637 0.030376796240280321 -0.028672659815967658 -0.011706198014020052 0.023605370383255969 0.032826612202257209 -0.011909742188733448 0.0084085021596393798 -0.019710057571501471 0.040712997886198164 0.018931756000378715 -0.012233020906230159 0.00031666162164667195 -0.016277908033562688 0.018836464816373799 -0.00081555387703573191 -0.0034373298538605819 -0.0017843561936058874 0.022652105755428132 -0.0043530873315493646 0.018639098156727135 -0.011424003243970788
leaf_weight=448.85331755690277 65.451444540172815 2605.9240995310247 1085.3491623867303 14572.656806852669 6878.6036285143346 34.319560054689646 23.075645172968507 1779.4916810970753 299.21406466513872 270.28006902337074 98.221587330102921 968.97019000723958 472.711754783988 580.2932165954262 326.62492067180574 212.78242831118405 315.13522083498538 135.14852678030729 1100.0312104411423 411.28037524968386 7238.1572622172534 1517.2165159098804 1013.650320943445 35923.061099197716 4088.4153796192259 4763.569071855396 926.94792057201266 3911.4668767023832 1007.8387679159641 7004.0710862614214
leaf_count=12755 781 28485 30618 126759 37011 340 296 19646 1600 1219 446 7580 5002 6314 3322 2673 2299 715 15998 2974 45684 15380 7929 220284 28829 38290 12336 46014 12734 69760
internal_value=-8.66437e-05 0.00787828 -0.000485478 -0.00060782 -0.00598661 0.0049556 0.00723619 -0.000114786 -0.000338821 -0.0112841 0.0146026 -0.0188117 0.0308169 0.0230556 -0.0194639 -0.00102165 0.00300551 0.00562331 -0.000124094 0.0104483 -0.000319152 -0.00252132 0.00259364 0.000785625 0.00386781 -0.00472758 -0.000260831 0.00389799 0.000360249 -0.00752233
internal_weight=100079 4771.47 95307.3 94858.5 7963.95 4233.3 3872.36 86894.5 85115 1636.69 368.502 1268.18 538.163 816.151 360.944 235.858 3056.21 2741.07 83478.4 1511.31 81967.1 27382.9 8251.81 54584.1 18661.1 19131.1 7363.47 5846.25 4919.31 11767.6
internal_count=804073 50227 753846 741091 67629 44444 40782 673462 653816 10845 1665 9180 5783 9283 3662 2969 31499 29200 642971 18972 623999 248127 53613 375872 155588 194514 86464 71084 58748 108050
is_linear=0
shrinkage=0.05


Tree=99
num_leaves=31
num_cat=0
split_feature=22 22 22 4 22 11 11 13 5 24 22 22 5 24 12 24 22 22 22 12 12 11 22 22 24 12 11 11 22 22
split_gain=108.387 125.528 146.645 124.236 88.2058 88.1265 133.317 161.05 136.989 122.627 121.372 107.219 158.442 131.472 124.782 121.984 106.661 121.895 137.834 244.729 110.937 98.8686 91.9469 123.592 90.3895 242.213 174.792 90.3398 100.121 135.772
threshold=0.04601305725000001 -1.6132802499999999 -1.5738755999999998 384.68553601205355 0.038758732350000012 89.691619807248813 66.991382313517434 -44.030353859920432 11.500000000000002 5.5000000000000009 0.72205493000000009 0.90906459000000017 24.500000000000004 4.5000000000000009 0.65944272445820451 6.5000000000000009 0.11266563500000001 0.16082139000000004 0.26599726000000007 1.0758513931888547 8.0216718266253881 67.392728720886808 0.83071401500000019 0.38392488500000005 5.5000000000000009 4.3854489164086692 59.43888839127802 94.320466111330532 0.65944034000000007 0.17966253000000001
decision_type=2 2 2 2 2 2 2 2 2 8 2 2 2 10 2 10 2 2 2 2 2 2 2 2 8 2 2 2 2 2
left_child=1 -1 -3 4 -4 6 7 24 21 10 -9 13 15 14 -7 -13 -11 -18 19 -19 -21 -8 23 -15 25 -2 -27 -16 29 -29
right_child=5 2 3 -5 -6 11 8 9 -10 16 -12 12 -14 22 27 -17 17 18 -20 20 -22 -23 -24 -25 -26 26 -28 28 -30 -31
leaf_value=0.0083997653505393701 0.01868146272022677 -0.027952348536630096 -0.00066699259336989829 -0.0080606335400588425 -0.025964261873951934 0.07379065009323893 -0.055426099814287338 0.016741609541046764 -0.014466504668159633 0.012469663489276916 -0.0050885451111478972 0.0090571571112394115 0.095516679825030731 -0.022002564101519424 0.03755820317162311 0.063053477046752029 -0.01727598148629772 -0.059972470925261138 -0.001396935559671002 0.010103109422767403 0.040599839773853834 0.0038639590829206839 -0.055985894208879151 0.012467404655311222 0.021292819673415952 -0.01873476441821164 -0.17476115857435154 0.038424217551739609 0.037441736120010269 -0.0091187959358175041
leaf_weight=3129.947592208162 198.67142386734486 533.04169550351799 53088.937475007027 6685.2792111877352 345.83209084905684 82.042315475642681 71.446989547461271 2317.423037564382 2520.3606963604689 1661.8047033939511 877.24119616299868 595.45745819248259 72.847384853288531 494.57780176401138 260.50267850421369 126.01166675426066 1050.7411198820919 114.5179364066571 17324.936704834923 2052.7941635511816 348.16620093397796 2387.3341076895595 91.329562239348888 546.21102130785584 1599.8087629564106 41.111478269100189 31.241962287575006 180.343063140288 201.5130139645189 872.50936498679221
leaf_count=26189 2836 3340 406178 49790 2873 789 762 23195 17235 13438 8526 5775 641 4054 2331 1472 7532 774 141225 15177 2685 27343 762 5084 20888 737 414 1765 1923 7448
internal_value=-0.000123692 -0.00136304 -0.00186697 -0.00163523 -0.0008312 0.00206474 0.00125265 0.00261037 -0.00627739 0.00158085 0.0107474 0.00957566 0.0257311 0.00486571 0.0141024 0.0185624 0.000281966 -0.000688066 0.000191251 0.0111258 0.0145405 0.00211928 -0.00816405 -0.00391795 0.0167709 -0.00990144 -0.0875704 0.0108233 0.00524552 -0.000946421
internal_weight=99904 63783 60653.1 60120 53434.8 36120.9 32597.6 27618.5 4979.14 25747.6 3194.66 3523.35 794.317 2729.03 1596.91 721.469 22553 20891.2 19840.4 2515.48 2400.96 2458.78 1132.12 1040.79 1870.83 271.025 72.3534 1514.87 1254.37 1052.85
internal_count=803181 488370 462181 458841 409051 314811 282767 237427 45340 212552 31721 32044 7888 24156 14256 7247 180831 167393 159861 18636 17862 28105 9900 9138 24875 3987 1151 13467 11136 9213
is_linear=0
shrinkage=0.05


Tree=100
num_leaves=31
num_cat=0
split_feature=14 11 14 22 14 14 24 14 23 22 11 2 14 24 17 14 11 14 14 24 9 22 24 14 17 22 22 22 14 12
split_gain=107.002 103.49 159.418 179.573 182.179 200.634 158.933 172.242 151.04 208.578 190.135 122.944 187.866 192.82 193.573 130.184 104.867 98.6002 98.9686 92.4634 91.5771 93.0644 144.696 108.017 160.415 131.356 166.429 115.476 245.487 165.827
threshold=272.50000000000006 89.691619807248813 241.50000000000003 0.90906459000000017 237.50000000000003 228.50000000000003 6.5000000000000009 216.50000000000003 0.95612800000000009 0.60472849000000017 124.4390619989404 76.801795363426223 212.50000000000003 7.5000000000000009 172.66364288330081 199.50000000000003 97.424542144990468 204.50000000000003 223.50000000000003 7.5000000000000009 78.500000000000014 1.5679100000000001 6.5000000000000009 165.50000000000003 192.54412078857425 -1.0965549999999997 -1.0828951499999997 1.0894472500000003 260.50000000000006 4.772445820433437
decision_type=2 2 2 2 2 2 10 2 2 2 2 2 2 10 2 2 2 2 2 8 2 2 10 2 2 2 2 2 2 2
left_child=1 11 3 4 5 8 7 -5 9 10 -3 20 13 14 -13 -15 -9 -12 -19 -10 21 23 -23 24 25 -1 -27 -25 -29 -30
right_child=-2 2 -4 6 -6 -7 -8 16 19 -11 17 12 -14 15 -16 -17 -18 18 -20 -21 -22 22 -24 27 -26 26 -28 28 29 -31
leaf_value=0.015877222330933655 0.017277626279569479 0.0076646145375655938 0.033988997313613455 -0.0022160649181474407 -0.072532900281408103 0.047322558264087392 0.073440526249250321 -0.0097356604321844047 -0.0059641627233964359 0.044012416609737863 -0.062683256702807055 -0.025270572685759857 -0.0010962008603920537 0.017564666630403115 -0.0026651303049581936 0.13470990771463531 0.07280790374705752 0.05622138900208408 -0.036851995378439119 -0.037590975978685721 0.011831065297029307 0.028565447143459273 -0.00050408699311847401 -0.00045827302140996856 0.021967473618102556 -0.089800218337292292 -0.00052461354386959774 -0.0037886301472309426 0.0058164304334368255 -0.057810194214191792
leaf_weight=1388.6949640959501 895.48827311396599 2087.5866876486689 469.06222134083509 442.84203384071589 82.900958336889744 229.83442091196775 143.54743223078549 50.507539872080088 2205.0351825263351 346.16360468603671 155.07604920864105 2365.3245790377259 10083.270228251815 185.02732549980283 1579.3371964227408 26.283701756969094 157.68417645990849 44.314189836382866 76.263387568295002 257.24925133399665 1674.4652185849845 721.2129586879164 1050.9894592240453 64017.02657179907 1219.0635766778141 51.740631634369493 5133.2005542051047 2401.0983656011522 138.05522004887462 393.64663890749216
leaf_count=11413 8287 18064 3926 4222 586 2104 1746 559 18744 3245 1150 37170 57073 2471 9105 327 1370 401 565 2123 18779 9470 8944 486804 27801 348 40888 23366 1083 2488
internal_value=8.11539e-05 -7.42898e-05 0.00590286 0.00379965 0.000579314 0.00171464 0.0259987 0.0154416 -0.000320977 0.00782344 0.00250616 -0.000510732 -0.00478374 -0.0137281 -0.0162229 0.0327015 0.0528319 -0.0364464 -0.00246496 -0.00928232 0.000267489 1.42777e-05 0.0113354 -0.000254304 0.00531668 0.00222596 -0.00143264 -0.000902815 -0.0106028 -0.0413098
internal_weight=100072 99176.5 6748.07 6279 5484.42 5401.52 794.581 651.034 5171.69 2709.4 2363.24 92428.4 14239.2 4155.97 3944.66 211.311 208.192 275.654 120.578 2462.28 78189.2 76514.7 1772.2 74742.5 7792.7 6573.64 5184.94 66949.8 2932.8 531.702
internal_count=804622 796335 58805 54879 46982 46396 7897 6151 44292 23425 20180 737530 106146 49073 46275 2798 1929 2116 966 20867 631384 612605 18414 594191 80450 52649 41236 513741 26937 3571
is_linear=0
shrinkage=0.05


Tree=101
num_leaves=31
num_cat=0
split_feature=21 20 14 14 17 22 14 23 5 16 17 17 9 22 21 14 14 14 22 14 23 22 14 23 21 22 14 21 23 14
split_gain=132.723 108.455 108.717 100.062 87.6557 87.5041 78.5217 190.531 105.723 84.6429 78.4262 75.66 75.3714 81.9393 78.6151 96.3829 97.0662 80.24 77.8706 154.984 77.88 160.836 164.776 207.819 245.24 203.271 149.67 284.572 194.816 147.205
threshold=1.4441750000000002 -19.215438842773434 273.50000000000006 261.50000000000006 225.77272796630862 0.16993466000000004 250.50000000000003 1.6502280500000002 8.5000000000000018 0.30882354080677038 192.54412078857425 157.66176605224612 70.500000000000014 1.5679100000000001 -0.004816729579999999 176.50000000000003 161.50000000000003 264.50000000000006 1.3878511000000002 260.50000000000006 1.9378600000000001 -1.6132802499999999 270.50000000000006 0.53717247000000012 1.1604920000000003 0.52435833500000006 222.50000000000003 -0.96114000499999996 2.3465155500000008 192.50000000000003
decision_type=2 2 2 2 2 2 2 2 2 2 2 2 2 2 2 2 2 2 2 2 2 2 2 2 2 2 2 2 2 2
left_child=1 10 4 5 12 6 8 -8 9 -2 -1 -5 13 18 15 16 -15 -16 20 -20 21 -3 -23 -24 -25 -26 28 -28 29 -22
right_child=3 2 -4 11 -6 -7 7 -9 -10 -11 -12 -13 -14 14 17 -17 -18 -19 19 -21 26 22 23 24 25 -27 27 -29 -30 -31
leaf_value=-0.00091783519844131512 0.10370217186952782 0.017292746439221653 0.040160706243564 -0.0044370171691889516 0.032043235596878626 0.01509876259423952 -0.050600771052365413 0.035268430883717623 -0.022188868219707308 0.003389807814228043 0.02158183128868776 0.04117423856689939 0.0081163730314479637 0.00064974220512796792 0.022541795636590565 0.0055723114613544121 -0.087465937040248118 -0.081604111541967936 -0.005144937967864787 -0.051318337248930236 -0.016408001244070013 -0.0011194706935754729 -0.016288136184134577 0.03302345826038848 -0.1148454412323759 0.014921122866432976 -0.024649529320646513 0.050303819102644087 0.017783147277992052 0.010111350833411768
leaf_weight=645.13500117324293 20.819396844133735 1245.294855389744 163.23855538293719 119.21159176528454 204.77690487541258 1450.9454513099045 80.378677058964968 313.30526218563318 634.72144266031682 583.37741169147193 967.78478061035275 379.66807210072875 2401.7845968510956 66.148879392072558 862.21942506544292 986.27432727999985 58.221120061352849 17.939332962036133 980.93113425001502 222.14546162635088 1722.0579621549696 80687.176738627255 395.96581668779254 1079.6902724802494 52.490907728672028 68.784423001110554 1609.8860170319676 136.51171882078052 1000.3658235818148 750.71876056492329
leaf_count=9189 262 10026 1563 572 3683 15757 762 3096 5008 7028 25399 5839 26580 569 10109 8199 598 177 9194 1245 13596 608642 3440 9856 574 913 7937 1049 8246 5410
internal_value=8.64753e-05 -0.000265017 -0.00048402 0.00953496 -0.000554617 0.00616866 -0.0017722 0.0176527 -0.00795399 0.00701201 0.0125874 0.030288 -0.00062571 -0.000854162 0.0091767 0.000328521 -0.0409683 0.0203289 -0.00107626 -0.0137063 -0.000904898 -0.000534606 -0.000804613 0.0150947 0.0254468 -0.0417249 -0.00682953 -0.0187652 -0.000824264 -0.00835607
internal_weight=99908 96325.5 94712.6 3582.43 94549.4 3083.55 1632.6 393.684 1238.92 604.197 1612.92 498.88 94344.6 91942.8 1990.8 1110.64 124.37 880.159 89952 1203.08 88748.9 83529.4 82284.1 1596.93 1200.97 121.275 5219.54 1746.4 3473.14 2472.78
internal_count=804518 766194 731606 38324 730043 31913 16156 3858 12298 7290 34588 6411 726360 699780 19652 9366 1167 10286 680128 10439 669689 633451 623425 14783 11343 1487 36238 8986 27252 19006
is_linear=0
shrinkage=0.05


Tree=102
num_leaves=31
num_cat=0
split_feature=17 23 23 23 23 10 11 11 11 23 24 23 10 11 23 16 11 23 11 3 4 23 17 11 11 24 11 24 2 11
split_gain=104.34 84.4279 126.283 115.805 114.551 110.551 100.375 131.554 87.6983 82.2335 105.381 103.872 85.6092 89.3848 81.7235 76.7545 75.7945 178.386 139.436 158.097 154.133 115.399 106.17 105.663 83.0593 80.3076 141.617 124.904 81.2466 79.1062
threshold=214.80555725097659 1.4116550000000003 1.8642450000000002 1.3613375000000001 1.3568360000000002 417.82500958442694 25.54010236654258 21.823152354246602 145.48981178265885 1.7060800000000003 6.5000000000000009 1.4801116000000001 292.54926300048834 35.482507067406701 1.4978700500000002 0.073529412969946875 14.532123391300257 0.28358063500000003 32.768276243663799 24.375085007399324 28.382455227896575 1.2975052 179.34230804443362 59.618031340925135 45.235057061024868 4.5000000000000009 59.43888839127802 5.5000000000000009 42.505854964256294 33.565862104112156
decision_type=2 2 2 2 2 8 2 2 2 2 10 2 8 2 2 2 2 2 2 2 2 2 2 2 2 10 2 10 2 2
left_child=1 3 9 4 8 6 7 -5 15 11 -11 -3 13 -12 -13 -1 17 -17 19 -18 24 -19 -21 25 -20 28 27 -27 29 -22
right_child=-2 2 -4 5 -6 -7 -8 -9 -10 10 12 14 -14 -15 -16 16 18 21 20 22 23 -23 -24 -25 -26 26 -28 -29 -30 -31
leaf_value=-0.013431243839259836 0.020330650147879201 0.0098812315570523321 -0.002302564256098984 -0.01697815092165984 0.027114414382796187 0.028293468063304201 -0.0086454541914890767 -0.071443665962179617 0.034479063954861819 0.0064098019182738586 0.0067127375450361446 -0.015319990739718781 0.082099403429711185 0.0373152018402425 0.0012491777029894028 -0.039011433579345903 -0.002459954168495026 -0.0056938535313809354 -0.00061288613475831062 0.0031763593058826605 -0.025248832074856922 0.023574838522430114 0.013784150718788957 0.00061320233453641428 0.01689004730573895 0.021914109432145935 -0.074961351618684641 -0.0021232457883253587 -0.0096725667921336161 -0.0025735025296407016
leaf_weight=1198.4167865775526 626.79095042683184 3531.9736302513629 10316.517602415755 377.84922397881746 368.43703400157392 165.29613994434476 1999.208289142698 156.46731933020055 174.65476001985371 4279.1965481005609 525.48822985962033 808.73617723584175 59.356647176668048 436.90827300585806 9192.9889448117465 383.38766655512154 5925.1727353110909 5146.5278220828623 1142.0427096933126 5254.4668923616409 394.91070206835866 359.36569233983755 4280.4527321625501 17604.053242089227 1666.2009995914996 803.67734978534281 54.554472450166941 1645.2916349507868 7506.8139866609126 13523.101121189073
leaf_count=18566 12430 28818 85177 2899 3081 1775 15684 1126 1749 36185 3964 6329 641 3935 74122 2842 57074 38371 13374 30684 2871 2707 37726 129408 25608 7291 408 13141 47421 99336
internal_value=1.08638e-05 -0.000117624 0.00214387 -0.00105768 -0.000651119 -0.0112118 -0.0137994 -0.0330313 -0.000804062 0.00457936 0.00985775 0.00251132 0.0242777 0.0206299 -9.19974e-05 -0.000896705 -0.00066783 -0.00607937 -0.000134799 0.00395388 -0.00156044 -0.00377957 0.0079394 -0.00232707 0.00977436 -0.00449016 0.00398234 0.00577081 -0.00548032 -0.00321866
internal_weight=99908.3 99281.5 29151.2 70130.3 67431.5 2698.82 2533.52 534.317 67063.1 18834.6 5300.95 13533.7 1021.75 962.397 10001.7 66888.4 65690 5889.28 59800.7 15460.1 44340.6 5505.89 9534.92 41532.4 2808.24 23928.3 2503.52 2448.97 21424.8 13918
internal_count=804743 792313 239171 553142 531658 21484 19709 4025 528577 153994 44725 109269 8540 7899 80451 526828 508262 43920 464342 125484 338858 41078 68410 299876 38982 170468 20840 20432 149628 102207
is_linear=0
shrinkage=0.05


Tree=103
num_leaves=31
num_cat=0
split_feature=0 14 4 12 12 14 12 22 4 11 24 22 11 14 24 12 14 24 11 22 11 21 22 11 21 14 22 21 22 22
split_gain=114.389 187.371 155.905 179.039 156.25 142.231 497.637 214.011 173.802 140.333 174.9 175.558 193.766 124.102 111.805 105.931 101.571 178.091 127.85 97.2552 96.1766 138.807 137.198 146.855 119.311 123.592 108.313 94.0662 116.097 89.2122
threshold=0.10312839597463609 193.50000000000003 422.72699279338127 9.1253869969040267 5.7941176470588251 174.50000000000003 1.258513931888545 1.0894472500000003 142.59615984559062 69.754337156104981 2.5000000000000004 -0.25984330499999997 58.047414695861363 177.50000000000003 7.5000000000000009 4.9055727554179578 175.50000000000003 5.5000000000000009 42.073485145293439 -0.60950839499999987 89.691619807248813 1.3326296000000002 0.90906459000000017 94.320466111330532 0.56307989500000011 216.50000000000003 0.54894245000000008 0.64818123000000016 0.61344966500000009 -0.33686999999999995
decision_type=2 2 2 2 2 2 2 2 2 2 10 2 2 2 10 2 2 10 2 2 2 2 2 2 2 2 2 2 2 2
left_child=-1 2 3 4 5 14 8 9 -7 10 13 -12 -13 15 -2 19 17 -6 -18 -8 21 -3 23 -22 -24 -26 -23 28 -25 -29
right_child=1 20 -4 -5 16 6 7 -9 -10 -11 11 12 -14 -15 -16 -17 18 -19 -20 -21 22 26 24 27 25 -27 -28 29 -30 -31
leaf_value=0.0021955348240693261 -0.00093639635417968052 -0.0010054672343575927 -0.027806252522960512 0.024825395997501793 -0.019899319020191195 -0.074966870948108555 -0.053785467130297887 0.047076125937862118 -0.021037036571626325 0.0073017258581399309 -0.051866851753023691 -0.022839853107879841 0.064481673904876288 -0.001306571046263059 0.02102366409278221 0.01685643475876316 0.0055640114068815335 -0.078770707699340831 -0.026301883765777596 -0.0095570957647059841 0.025789698958793517 0.018343158066673276 0.068702945023721942 0.0024104925766371722 -0.0072187349058178661 0.05152143913216916 -0.007412630428635849 -0.046930262139123519 0.043620472619215256 -0.0057578097349538218
leaf_weight=37209.29150595516 6945.5948308203369 39092.173875646666 762.57514254190028 497.12083462812006 540.86704190820456 351.20514817722142 301.62770185433328 191.81341395713389 261.25964189507067 1401.1917278505862 464.03610032610595 371.69063557498157 75.595966404303908 2847.6781394742429 631.37224054336548 117.78638350591063 633.01425575092435 167.95068002305925 624.5192981697619 211.79267264716327 638.59419930167496 1641.446296248585 152.76512954570353 1232.5675440300256 223.55629143118858 148.15715048834682 542.57864436507225 146.93008409440517 197.44434818997979 1193.6546216290444
leaf_count=341526 62261 263432 18556 3555 4448 2078 1955 1766 1394 9874 3162 2868 624 18041 5627 789 4367 1317 3980 1497 4820 15615 1638 8893 1938 1254 5111 1119 1759 9274
internal_value=-1.46369e-08 -0.00130488 -0.00571395 -0.00469966 -0.00561059 -0.00377736 -0.00914536 -0.00474718 -0.0520338 -0.00647142 -0.010868 -0.0303545 -0.00797071 -0.00575603 0.000896021 -0.0257959 -0.0188151 -0.0339399 -0.0102696 -0.0355947 0.000392007 -0.000319998 0.00786129 0.0041944 0.0316433 0.0162693 0.0119442 -0.000790609 0.00812694 -0.010302
internal_weight=99817.9 62608.6 17398.7 16636.1 16139 14172.6 6595.68 5983.21 612.465 5791.4 4390.21 911.323 447.287 3478.88 7576.97 631.207 1966.35 708.818 1257.53 513.42 45209.9 41276.2 3933.67 3409.19 524.479 371.713 2184.02 2770.6 1430.01 1340.58
internal_count=804538 463012 148159 129603 126048 111936 44048 40576 3472 38810 28936 6654 3492 22282 67888 4241 14112 5765 8347 3452 314853 284158 30695 25865 4830 3192 20726 21045 10652 10393
is_linear=0
shrinkage=0.05


Tree=104
num_leaves=31
num_cat=0
split_feature=14 21 14 14 11 17 11 22 21 22 14 22 23 23 11 22 22 11 23 14 17 14 11 11 17 22 11 21 22 17
split_gain=109.043 106.528 148.701 235.396 229.702 240.865 212.474 187.097 184.42 388.411 310.823 256.914 204.491 200.159 197.215 263.743 184.324 177.303 174.39 167.158 254.855 252.855 267.461 202.964 176.736 249.784 210.551 156.908 152.919 152.624
threshold=273.50000000000006 -0.094839982699999978 253.50000000000003 231.50000000000003 8.531781322423706 159.91176605224612 46.940019882973239 0.69818211000000008 -0.79875919499999992 -0.7116301049999999 259.50000000000006 0.89314475500000012 1.8642450000000002 0.95612800000000009 33.014739663412236 0.43984303000000008 -0.47345999999999994 54.902615672167705 0.36691397000000009 214.50000000000003 179.38796234130862 198.50000000000003 21.205184842975978 63.742673904464901 188.01666259765628 -0.94543605999999991 42.073485145293439 -0.19994983999999996 -0.58885022999999992 185.78959655761722
decision_type=2 2 2 2 2 2 2 2 2 2 2 2 2 2 2 2 2 2 2 2 2 2 2 2 2 2 2 2 2 2
left_child=1 2 3 4 -1 -6 7 -5 10 17 11 13 28 -4 -11 16 -16 -10 -8 21 -21 24 29 -24 -7 26 -26 -20 -12 -23
right_child=-2 -3 8 6 5 19 18 -9 9 14 12 -13 -14 -15 15 -17 -18 -19 27 20 -22 22 23 -25 25 -27 -28 -29 -30 -31
leaf_value=0.016739602351367757 0.039717227425892079 0.001942346716362205 0.013588243322866168 0.0086557732884375762 -0.01953349299057542 -0.0056272470707457809 -0.061102479332614805 0.036427729194248637 0.037360449553282001 0.00020403675059957874 -0.023562559542504913 0.0153034693578718 -0.022722576540986857 -0.063145496992004127 -0.061965690711285104 -0.093290218677697614 -0.0073800818760659638 -0.0058632407198543519 -0.0046417606623659615 0.0032281899489901896 -0.014670926203120466 -0.005322998128682443 0.021149792696751286 -0.00015408525307299972 0.0098766509405425196 0.011038683829123503 -0.025210615387100056 0.044398590436865372 0.0099326867267574351 -0.078227895708421979
leaf_weight=1546.4165683574975 173.00692752189934 43903.86214495264 97.379424639046192 6392.6414047665894 2058.7638203650713 13355.423237042502 128.51156271249056 669.20191117748618 814.01546286046505 2103.6972243152559 436.49457951635122 167.37217827141285 1348.006496168673 650.00345774739981 187.19373371452093 126.36601091176271 869.92731156945229 334.33295856416225 2875.8330215364695 3181.2108201570809 5302.8422218933702 170.57535143196583 2936.0648511238396 1805.0971096791327 712.00727262720466 4373.8650268372148 1067.6306843906641 171.91380800306797 1540.0139433592558 123.15374847128987
leaf_count=15503 1784 394164 563 42218 31479 77089 592 5450 5364 14969 1948 959 6074 2939 982 772 5477 1949 17054 15913 39646 939 21813 12391 8963 57109 8666 1136 8462 1151
internal_value=0.000170897 0.000101702 -0.00135316 -0.000240148 -0.00211339 -0.00294478 0.00646208 0.0112923 -0.00736622 -0.000238572 -0.014822 -0.0406162 -0.00771459 -0.0531428 -0.00898418 -0.025303 -0.0170955 0.024782 -0.00427725 -0.00191017 -0.00795982 0.000181243 0.0101699 0.0130405 -0.00239703 0.00461354 -0.011175 -0.00186189 0.00252738 -0.036052
internal_weight=99622.8 99449.8 55546 46871.2 36633.1 35086.6 10238.1 7061.84 8674.8 4435.53 4239.27 914.755 3324.52 747.383 3287.18 1183.49 1057.12 1148.35 3176.26 33027.9 8484.05 24543.8 5034.89 4741.16 19508.9 6153.5 1779.64 3047.75 1976.51 293.729
internal_count=803518 801734 407570 357112 290662 275159 66450 47668 50458 29513 20945 4461 16484 3502 22200 7231 6459 7313 18782 243680 55559 188121 36294 34204 151827 74738 17629 18190 10410 2090
is_linear=0
shrinkage=0.05


Tree=105
num_leaves=31
num_cat=0
split_feature=19 5 18 19 19 18 4 22 24 18 18 11 11 22 11 18 9 22 11 22 16 13 11 9 22 11 4 23 23 11
split_gain=114.119 123.345 75.6216 74.166 84.1711 69.0799 58.7315 61.0207 60.5277 58.1341 58.4885 102.869 76.5452 62.9074 66.065 57.3836 55.1588 54.2788 121.077 94.9866 102.85 64.4287 60.2266 61.6519 58.0874 105.684 68.4587 56.1615 170.066 103.373
threshold=0.63235294818878185 16.500000000000004 155.11765289306643 0.66176471114158641 0.69117647409439098 190.41741943359378 770.56980381160986 1.0527500000000003 2.5000000000000004 185.39170837402347 177.58351135253909 42.073485145293439 20.631915132800589 -0.040968708699999988 80.377632546720136 177.8484802246094 14.500000000000002 1.5679100000000001 33.565862104112156 1.7426737500000002 0.16176471114158633 25.568422431431877 111.65133048040369 11.500000000000002 1.3878511000000002 14.008156353618409 73.814968451857581 1.9378600000000001 1.6180181500000004 67.392728720886808
decision_type=2 2 2 2 2 2 2 2 8 2 2 2 2 2 2 2 2 2 2 2 2 2 2 2 2 2 2 2 2 2
left_child=2 9 6 -3 -5 17 7 -1 -8 10 11 -2 -12 14 -13 -14 -11 24 21 20 -20 -19 23 -21 27 -26 -27 28 -4 -30
right_child=1 3 5 4 -6 -7 8 -9 -10 16 12 13 15 -15 -16 -17 -18 18 19 22 -22 -23 -24 -25 25 26 -28 -29 29 -31
leaf_value=-0.011507044354754246 0.015529891777350516 0.0041063389392560282 -0.00089505633485847708 -0.10721304918274058 -0.0097223079813248577 0.016573514602284921 -0.022888639414424476 -0.045339346590657081 0.0026546704374164135 0.018989141776933532 -0.013018082471789802 -0.011014247798724494 -0.024485003955707432 0.011260865524146825 0.019920270359028033 0.0035099672512457361 0.0054857362345520962 0.00085470733078225327 0.13453217221387745 -0.0055722637898052499 0.035461441368884183 -0.042509876413094894 0.086047900489154353 0.034307674470291823 -0.039978008582093487 0.017124485981541104 -0.013060447854173067 -0.0052390073268922064 0.0098755229784361492 -0.0040944461266364078
leaf_weight=1568.4200831521302 2049.7838314734399 57.015381332486868 65775.358789540827 54.625464379787445 37.137578252702951 602.99909038096666 274.22929887287319 144.86090870015323 1472.9953019842505 1251.3012544941157 974.00851065292954 1181.5064131841063 189.79379055462778 778.00669179670513 201.15046814456582 4512.8665329497308 1912.3167471904308 963.77191744185984 28.358603566884995 342.7900420781225 261.77295863255858 93.005513183772564 23.525105603039265 133.99399584159255 256.87303341925144 273.85218666307628 592.481410600245 5643.8086723461747 6181.4118763320148 1684.5343526359648
leaf_count=12542 21556 362 474048 297 254 9963 3634 1027 12707 20587 10336 10585 2036 9905 2137 54191 31782 7721 251 3024 2937 789 283 2193 1590 3170 4471 40620 45984 12754
internal_value=8.54954e-05 0.00441514 -0.000576618 -0.0407023 -0.0682876 -0.000274132 -0.0078172 -0.0143924 -0.00136519 0.00493256 0.0030443 0.00750887 -0.000267857 -0.000104196 -0.00650272 0.00237516 0.010831 -0.000397838 0.00807394 0.0228621 0.0455738 -0.00299833 0.00962674 0.00568383 -0.000592558 -0.0118783 -0.0035101 -0.000432529 -6.4098e-05 0.00688364
internal_weight=99518.6 13199.5 86319 148.778 91.763 82858.5 3460.51 1713.28 1747.22 13050.7 9887.12 4210.45 5676.67 2160.66 1382.66 4702.66 3163.62 82255.5 1847.22 790.441 290.132 1056.78 500.309 476.784 80408.3 1123.21 866.334 79285.1 73641.3 7865.95
internal_count=803736 164028 639708 913 551 609798 29910 13569 16341 163115 110746 44183 66563 22627 12722 56227 52369 599835 17198 8688 3188 8510 5500 5217 582637 9231 7641 573406 532786 58738
is_linear=0
shrinkage=0.05


Tree=106
num_leaves=31
num_cat=0
split_feature=14 16 14 14 5 23 12 14 24 13 12 14 18 4 12 12 23 25 14 18 25 5 14 18 14 3 18 23 24 23
split_gain=105.161 94.1142 150.646 125.451 192.292 114.72 166.35 123.689 110.38 96.9056 104.867 154.938 96.4436 158.325 94.5767 134.825 138.84 93.3628 152.314 140.475 157.022 121.932 121.519 91.4205 90.7503 106.311 108.781 83.7899 82.3119 84.8473
threshold=273.50000000000006 0.77941176295280468 254.50000000000003 195.50000000000003 16.500000000000004 0.30975498500000004 2.4040247678018578 253.50000000000003 5.5000000000000009 -34.579891838479334 3.2368421052631584 225.50000000000003 169.52228546142581 91.775153197348132 9.1253869969040267 5.7941176470588251 2.3124152500000004 20.594189301133159 263.50000000000006 175.58020782470706 22.642625969648364 12.500000000000002 251.50000000000003 159.029411315918 211.50000000000003 24.727126851677898 177.20811462402347 1.6436854000000001 5.5000000000000009 2.0540985000000007
decision_type=2 2 2 2 2 2 2 2 10 2 2 2 2 2 2 2 2 2 2 2 2 2 2 2 2 2 2 2 10 2
left_child=1 3 -3 4 14 6 7 -5 -4 -8 11 -11 13 -7 15 28 -17 22 21 20 -20 24 -14 -12 27 -26 -27 -19 -1 -30
right_child=-2 2 8 5 -6 12 9 -9 -10 10 23 -13 17 -15 -16 16 -18 18 19 -21 -22 -23 -24 -25 25 26 -28 -29 29 -31
leaf_value=-0.0029123795755278412 0.039702769364482263 0.004850910202171591 -0.0025241049357406977 -0.034151596123282883 -0.020002550527092048 0.012020010171951185 0.023201727932603874 0.007801410316796791 -0.026465112834009125 -0.03666716294995763 -0.031237742658318874 0.036380532936282642 0.010178461427982637 0.0014870875209865757 0.013006374078063819 -0.015437237120936267 0.040925566360215299 0.0016773807067500266 -0.0035120650492479013 -0.00022088081243547576 0.036500735251447078 -0.012778315377736223 -0.0098433497142888585 -0.0036377118192707559 -0.010805137112846929 -0.0073498220832225007 0.0057242509353395993 0.024556628041440695 0.012534967757869662 -0.014090191862724616
leaf_weight=14451.492856061086 166.40311511047184 17558.76772775501 2597.2331123165786 814.73483124002814 1718.8303106296808 4165.9204395748675 350.7411363106221 223.49612396582961 590.07385104522109 96.322163335978985 417.54826446063817 285.59981382265687 3233.966844022274 24813.836226539686 926.63226012699306 2803.4240417350084 112.75117910467088 2478.2966925539076 381.34467095136642 2022.3183869756758 684.90744844265282 3554.8858072981238 988.81651323288679 1060.7034561764449 4119.8778522238135 3036.0717384070158 3340.4998932518065 476.27430205233395 1681.8052993528545 363.06047507561743
leaf_count=107235 1739 203021 22621 4741 24659 29605 3273 1529 3758 567 2168 1954 25818 140442 6667 19022 885 24582 3330 17613 5743 21627 8554 7495 39555 23107 30300 4613 14352 3150
internal_value=0.000106912 4.01934e-05 0.0030356 -0.000750416 -0.0039485 0.000497168 -0.00862263 -0.0251217 -0.00696327 -0.000866917 -0.00541516 0.01791 0.00105329 0.00300159 -0.00259088 -0.00333603 -0.0132447 -0.00126859 -0.00268886 0.00752415 0.0222003 -0.00454405 0.00548889 -0.0114495 -0.00236708 -0.00454596 -0.000500873 0.00537256 -0.0015837 0.00780317
internal_weight=99516.6 99350.2 20746.1 78604.2 22058 56546.2 3249.15 1038.23 3187.31 2210.91 1860.17 381.922 53297 28979.8 20339.2 19412.5 2916.18 24317.3 20094.5 3088.57 1066.25 17005.9 4222.78 1478.25 13451 10496.4 6376.57 2954.57 16496.4 2044.87
internal_count=803725 801986 229400 572586 175970 396616 21727 6270 26379 15457 12184 2521 374889 170047 151311 144644 19907 204842 170470 26686 9073 143784 34372 9663 122157 92962 53407 29195 124737 17502
is_linear=0
shrinkage=0.05


Tree=107
num_leaves=31
num_cat=0
split_feature=21 11 23 23 23 11 21 25 11 21 23 23 4 16 5 4 11 23 11 11 23 21 23 11 21 1 11 23 11 21
split_gain=94.5463 157.852 152.753 151.728 208.425 145.992 141.199 142.758 172.477 137.58 139.868 134.944 132.662 189.672 128.455 115.731 108.849 149.096 108.642 113.419 192.432 190.773 157.901 129.291 105.815 104.698 102.753 119.574 147.147 104.264
threshold=-0.071224827349999978 23.072045487435336 0.34389150000000007 0.73998249000000016 1.6251929000000003 100.96431947589475 -0.094839982699999978 24.51644155979157 4.7379847955154757 0.87846228500000012 1.3613375000000001 0.78081134000000019 259.93872990459209 0.27941177785396581 8.5000000000000018 443.1861704587937 42.732788166210021 0.79899701500000009 31.108582943158904 35.482507067406701 0.58422529500000009 0.50852495500000006 0.41263689000000009 34.475699628861889 -0.087392471699999988 106.86000347137453 40.694488838603355 0.43381632500000006 38.7119807903035 0.36153364000000004
decision_type=2 2 2 2 2 2 2 2 2 2 2 2 2 2 2 2 2 2 2 2 2 2 2 2 2 2 2 2 2 2
left_child=2 9 24 18 11 6 7 15 -9 -2 -11 -5 13 -12 -6 -4 17 -13 -3 20 21 22 23 -20 -1 -10 27 28 -21 -28
right_child=1 3 5 4 14 -7 -8 8 25 10 12 16 -14 -15 -16 -17 -18 -19 19 26 -22 -23 -24 -25 -26 -27 29 -29 -30 -31
leaf_value=-0.009075153688954429 -0.010947405162730149 0.020350816376587307 0.0014816409204775616 -0.016874756263407523 0.021652668148773632 0.023766683236611102 0.022883478049450585 0.022736282885084402 -0.0040688336306764728 0.022354638061612163 0.15944550572908461 0.044324342073429293 -0.040292017267270608 -0.00048200099033869604 0.0045257756222398518 -0.034694686928991039 -0.0026736201440144096 0.0038192383634573362 -0.01190328356309716 -0.023449198247831496 0.030811681945953674 -0.11406647411772695 0.026912652945761301 -0.070176903137218707 -0.038751938726767188 -0.022595471219143189 0.010160595713921096 0.038908692045417831 0.046166657266872184 -0.0018541145429241618
leaf_weight=2495.9307216703892 4062.4740993529558 1510.3117414154112 27270.052271531895 1302.0811072103679 1616.7206839751452 599.48814790509641 609.44231611117721 587.14906560815871 23803.131639447063 738.21732738800347 17.979324547573924 235.79425611533225 221.82558793760836 799.7184094954282 3389.1936369016767 221.88422045856714 13867.58974593319 5610.6429372746497 266.27486702799797 218.5972305573523 198.78245574980974 54.544755030423403 150.13112028688192 147.59388271346688 340.67516005970538 786.88926580827683 4959.7470755893737 523.35204612463713 115.00335340388119 2838.7415203675628
leaf_count=18209 35528 13626 203173 10864 24584 5563 5335 4471 166823 7336 249 2160 1161 8929 29430 1019 120254 52831 2144 1730 1582 384 1392 950 2348 10788 42003 4428 983 24250
internal_value=-5.60433e-06 0.00176712 -0.00134482 0.0029728 0.000892696 -0.000749304 -0.0010256 -0.00130268 -0.00402275 -0.00587163 0.00572712 -0.00129136 -0.00609104 0.0032249 0.0100603 0.00118841 -0.000261293 0.00546016 0.00790063 0.00591367 -0.0118805 -0.0256281 -0.0168884 -0.0328039 -0.0126517 -0.00466259 0.00759514 0.0240199 0.000615982 0.00578742
internal_weight=99560 42845.3 56714.6 37005.1 26022 53878 53278.5 52669.1 25177.2 5840.21 1777.74 21016.1 1039.52 817.698 5005.91 27491.9 19714 5846.44 10983.1 9472.77 817.327 618.545 564 413.869 2836.61 24590 8655.44 856.953 333.601 7798.49
internal_count=804527 386798 417729 333595 240123 397172 391609 386274 182082 53203 17675 186109 10339 9178 54014 204192 175245 54991 93472 79846 6452 4870 4486 3094 20557 177611 73394 7141 2713 66253
is_linear=0
shrinkage=0.05


Tree=108
num_leaves=31
num_cat=0
split_feature=22 22 21 23 14 3 14 3 24 21 21 22 23 4 21 23 4 11 11 14 23 14 14 11 23 23 14 14 20 11
split_gain=91.0306 120.668 115.144 124.026 121.469 108.482 109.762 112.656 105.918 101.129 178.243 329.349 172.072 153.608 156.004 156.171 145.565 142.262 130.566 128.494 154.547 255.904 144.475 122.08 109.593 112.894 108.595 124.369 105.97 209.352
threshold=-1.6132802499999999 -0.16078418999999997 -1.3268715999999998 2.5483800000000003 229.50000000000003 192.54343679547313 236.50000000000003 626.90290313959133 4.5000000000000009 -0.67567974499999994 -1.1594290499999997 -1.1729728499999998 1.6099775000000003 85.398522458970561 -1.1066401999999997 1.1772359000000001 70.682855300605311 56.971342052018777 68.440097592586525 251.50000000000003 1.5588021500000002 176.50000000000003 261.50000000000006 77.059271984725001 0.93623566500000011 0.90576759000000007 176.50000000000003 250.50000000000003 91.693748474121108 18.435597973895888
decision_type=2 2 2 2 2 2 2 2 8 2 2 2 2 2 2 2 2 2 2 2 2 2 2 2 2 2 2 2 2 2
left_child=2 5 3 -1 -4 9 -7 -8 -3 10 11 17 13 14 15 -12 -11 -2 -19 20 -16 -22 -21 28 25 -15 -13 -28 29 -18
right_child=1 8 4 -5 -6 6 7 -9 -10 16 12 26 -14 24 19 -17 23 18 -20 22 21 -23 -24 -25 -26 -27 27 -29 -30 -31
leaf_value=-0.028249089705472775 -0.0069866803906278229 0.013764532190177349 0.0044745943318409255 0.029079324354162075 0.02693028201548596 -0.016151799734664296 -0.0035287535253259537 0.045744216997815113 0.0011622537786491389 0.0053430387835803929 0.022999286932323587 -0.0043016961043566282 0.011021073583191763 -0.016065639045257585 -0.0078210713285186938 -0.055784178647177565 -0.033630202834852331 -0.081055032326914842 -0.025672429344630023 -0.04994834013487829 -0.14273173244787613 0.0099967243217175539 0.0026933740931076727 0.0091112258410855143 -0.001602259231444518 -0.080365183820531053 0.014132115913612893 -0.0098039383626833104 0.0070263871295823789 -0.0037134759722972687
leaf_weight=368.29566530697048 824.10986590944231 1732.8540820591152 1646.51584937796 125.81703403964639 948.95722665451467 2546.6090061357245 1849.0999843031168 122.7650573477149 43445.294799512252 10428.169453028589 73.26408720575273 1657.6713317334652 992.94754391722381 523.68834595009685 2913.2969830241054 423.94813272170722 609.09130953066051 141.00226209871471 431.88030829280615 450.85088475048542 55.237666964530945 53.297310493886471 183.03791989386082 2183.9464126061648 3973.327714337036 77.665522042661905 3785.8280312735587 632.73488602042198 2109.6398811116815 14107.748792598024
leaf_count=1977 5259 15469 14953 1125 8081 29143 8992 533 375564 108348 613 14495 6543 2934 23348 3170 4225 675 2220 2103 341 405 1026 15656 21244 433 25108 2857 12801 94596
internal_value=3.39373e-05 -0.00023706 0.00848062 -0.0136222 0.0126921 -0.00190017 -0.00929654 -0.000439468 0.00164592 -0.00118331 -0.00422995 0.00157606 -0.00869334 -0.0109373 -0.0178982 -0.0441526 0.000596176 -0.0203062 -0.0394211 -0.0143163 -0.0100161 -0.0683262 -0.0347675 -0.00200786 -0.00461556 -0.0244896 0.00660954 0.010703 -0.00345149 -0.00495385
internal_weight=99418.6 96329 3089.59 494.113 2595.47 51150.9 4518.47 1971.87 45178.1 46632.4 17193.8 7473.23 9720.56 8727.61 4152.93 497.212 29438.6 1396.99 572.883 3655.72 3021.83 108.535 633.889 19010.4 4574.68 601.354 6076.23 4418.56 16826.5 14716.8
internal_count=804237 778101 26136 3102 23034 387068 38668 9525 391033 348400 112774 50614 62160 55617 31006 3783 235626 8154 2895 27223 24094 746 3129 127278 24611 3367 42460 27965 111622 98821
is_linear=0
shrinkage=0.05


Tree=109
num_leaves=31
num_cat=0
split_feature=19 11 9 23 4 9 25 6 11 5 9 11 4 15 4 11 9 9 25 11 8 25 9 4 9 25 13 5 6 13
split_gain=99.8408 61.223 127.174 136.617 99.1284 61.1722 77.4329 60.9558 58.3141 56.2539 57.6938 66.3514 55.6667 54.3549 53.4266 52.56 48.3427 50.7413 99.3914 64.6047 116.805 79.5533 77.4608 62.5004 56.8703 54.896 123.118 61.9779 55.8825 52.8098
threshold=0.57352942228317272 18.035498580788683 20.500000000000004 0.52511170500000015 15.399999916553499 60.500000000000007 28.597947597503666 24.500000000000004 15.017229010400021 12.500000000000002 11.500000000000002 34.722900977490859 89.925246637314572 38.968345642089851 97.461077295243754 73.671558301492198 76.500000000000014 15.500000000000002 20.018823799490931 45.413500027202332 1.0000000180025095e-35 22.56165932118893 25.500000000000004 42.009503647685058 37.500000000000007 22.47393027842045 -18.218781043270791 1.0000000180025095e-35 8.5000000000000018 -83.69497687933567
decision_type=2 2 2 2 2 2 2 2 2 2 2 2 2 2 2 2 2 2 2 2 2 2 2 2 2 2 2 2 2 2
left_child=7 2 3 -2 -3 6 14 13 -9 10 11 -6 -13 16 -4 -11 17 18 -1 20 25 22 -21 -24 -23 26 28 -27 -19 -20
right_child=1 4 5 -5 9 -7 -8 8 -10 15 -12 12 -14 -15 -16 -17 -18 19 29 21 -22 24 23 -25 -26 27 -28 -29 -30 -31
leaf_value=0.0065701291583108393 -0.026760658813089401 0.017356673050114527 -0.01237407506101032 0.01380837517213683 0.015258105752049628 0.001208016977281364 -0.067829100056327959 -0.012160577328655562 0.026295693270315435 -0.009880667597953292 0.0013063234911956266 0.01065019043909516 0.0010258859874617387 -0.012764691471146667 -0.058187529254145581 0.0089579739931610943 0.012786260956765766 -0.019739099676083196 -0.019009745465774691 0.0042486363881324551 -0.0023892049523092191 0.0022251802152507189 -0.00043780009744433474 -0.020953903536541935 0.017271714200278863 -0.066273807186538553 -0.043443112284818369 -0.0069413105677584193 0.0089091449614500089 -0.00067755050194920276
leaf_weight=4999.4887455161661 245.3996818382293 1275.9237327259034 1210.6860487516969 1315.3924772907048 1856.6685479842126 628.98453675955534 71.870026592165232 132.27710188552737 380.31178964115679 1452.2644667550921 10092.018996525556 2364.9648325610906 4117.1796068567783 954.67411889322102 66.28083673492074 495.9604123570025 651.50006063655019 507.95287917181849 394.98059234954417 1150.623766195029 7722.7428265940398 2564.9809039123356 613.02837606333196 940.28724610060453 830.75466401129961 44.183926144614816 436.9177958779037 1729.7561727166176 255.05074287764728 49707.081738800742
leaf_count=33922 2429 25697 10483 17577 21567 5174 569 900 4549 10495 126259 28511 37658 21735 583 4277 6991 3801 3281 8305 55301 18833 6470 7416 8342 376 3106 12979 2260 313851
internal_value=0.000127229 0.00284589 -0.00325082 0.00741675 0.00384225 -0.0116686 -0.0176696 -0.000798169 0.0163674 0.00299531 0.00384943 0.00692669 0.00453835 -0.000918096 -0.0147957 -0.00508277 -0.000762034 -0.000884977 -0.000151597 -0.00329074 -0.00563224 0.000815642 -0.00558224 -0.0128626 0.00591026 -0.0140503 -0.0223075 -0.00845562 -0.0101637 -0.000822449
internal_weight=99210.2 25193.6 3538.61 1560.79 21655 1977.82 1348.84 74016.6 512.589 20379.1 18430.8 8338.81 6482.14 73504 1276.97 1948.22 72549.3 71897.8 55101.6 16796.3 10696.6 6099.67 2703.94 1553.32 3395.74 2973.86 1199.92 1773.94 763.004 50102.1
internal_count=803697 291279 36815 20006 254464 16809 11635 512418 5449 228767 213995 87736 66169 506969 11066 14772 485234 478243 351054 127189 77823 49366 22191 13886 27175 22522 9167 13355 6061 317132
is_linear=0
shrinkage=0.05


Tree=110
num_leaves=31
num_cat=0
split_feature=14 17 9 22 11 24 14 20 17 22 22 14 20 14 11 12 14 12 24 24 22 3 22 22 3 24 9 14 17 11
split_gain=98.8546 92.4331 76.5099 87.3758 99.3884 84.386 107.754 162.518 70.0066 69.4593 149.815 94.1911 139.695 131.474 143.479 88.3171 72.4167 148.086 226.277 110.87 122.067 111.622 92.8163 148.309 113.034 80.1402 74.9999 73.2114 181.85 152.914
threshold=273.50000000000006 225.77272796630862 69.500000000000014 1.5679100000000001 100.96431947589475 6.5000000000000009 196.50000000000003 30.815338134765629 199.16666412353518 -1.6132802499999999 -1.5738755999999998 229.50000000000003 -3.9687194824218746 242.50000000000003 29.054523943159328 5.6671826625387007 270.50000000000006 2.6919504643962853 1.5000000000000002 3.5000000000000004 -0.15288999499999997 39.347889728844173 -0.076082348799999991 0.22874807000000005 13.604646362364294 7.5000000000000009 20.500000000000004 254.50000000000003 199.7559509277344 42.732788166210021
decision_type=2 2 2 2 2 10 2 2 2 2 2 2 2 2 2 2 2 2 8 10 2 2 2 2 2 8 2 2 2 2
left_child=1 2 3 9 5 6 7 -5 -4 11 -11 12 -1 -13 -15 -14 27 18 -18 22 21 -21 -19 24 -24 -22 -27 -12 29 -29
right_child=-2 -3 8 4 -6 -7 -8 -9 -10 10 16 13 15 14 -16 -17 17 19 -20 20 25 -23 23 -25 -26 26 -28 28 -30 -31
leaf_value=0.026290156212430395 0.039716591496446435 0.032159988796006303 0.013996924091407056 0.035079412995663833 0.077696698263030384 -0.0014586353955332936 0.0078262717923704202 0.19852654111939799 -0.004189951663443818 -0.027525053573629034 -0.00019758172581124542 0.036829301945777555 -0.0020203330118548917 0.048106954185448338 -0.015422597525406825 -0.040008299979360791 -0.032973324751954046 0.026782736338925767 0.03972152866042291 -0.16656701242723237 0.0037846492537072819 -0.028116056510271072 -0.10394656470133141 0.029243810578452663 -0.015982838861936292 -0.094576538597553786 -0.0069244788435339905 0.001549385044804362 -0.020851956971097332 -0.010770829485224988
leaf_weight=418.28142689168453 156.06950055249035 222.18334455788136 1764.0870479810983 274.19093933142722 51.566696161404252 1090.7744006421417 670.05032744444907 15.180276330560444 755.10924894735217 518.43488130439073 75294.897246574052 522.12174822203815 1377.282673029229 117.44870726019144 354.95429511368275 171.13958919420838 129.51867841184139 379.33076911047101 598.45965994521976 25.242120061069727 241.49039259180427 33.823979299515486 43.55200332403183 165.04856544733047 205.64918085932732 46.872762888669968 50.132778137922287 8340.9800583422184 1461.1159877069294 3606.8469293005764
leaf_count=5730 1727 4874 19292 4063 764 9630 7362 160 9590 3217 606749 4127 10191 921 2753 1236 574 3358 6303 313 2702 277 356 1522 1696 201 248 56809 12066 24802
internal_value=8.1671e-05 1.87531e-05 -5.39077e-05 -0.000279192 0.00980107 0.00805631 0.0188642 0.0443079 0.00854605 -0.000504434 -0.000749323 0.00703053 0.000686776 0.0195622 0.000440358 -0.00624207 -0.000595843 0.00901089 0.0267605 -0.00185031 -0.0233694 -0.0890716 0.00894601 -0.00741235 -0.03171 -0.011676 -0.0498105 -0.000803785 -0.00420752 -0.00217047
internal_weight=99101.8 98945.8 98723.6 96204.4 2101.76 2050.2 959.422 289.371 2519.2 94102.6 91141.4 2961.23 1966.7 994.525 472.403 1548.42 90623 1919.12 727.978 1191.14 397.562 59.0661 793.581 414.25 249.201 338.496 97.0055 88703.8 13408.9 11947.8
internal_count=803613 801886 797012 768130 21979 21215 11585 4223 28882 746151 721193 24958 17157 7801 3674 11427 717976 17550 6877 10673 3741 590 6932 3574 2052 3151 449 700426 93677 81611
is_linear=0
shrinkage=0.05


Tree=111
num_leaves=31
num_cat=0
split_feature=18 17 14 14 12 24 24 16 22 22 14 14 22 18 18 22 14 17 22 12 14 9 14 12 21 12 14 14 21 12
split_gain=94.7306 225.89 113.82 99.5566 94.3046 161.924 126.28 91.9086 87.8106 87.1849 145.767 105.994 100.964 76.1502 70.3484 76.3158 69.5563 80.9611 68.1164 89.9871 104.843 143.671 97.1751 123.91 175.061 96.2601 89.3947 86.4598 80.8043 79.1732
threshold=155.11765289306643 155.279411315918 209.50000000000003 270.50000000000006 2.6919504643962853 1.5000000000000002 7.5000000000000009 0.83823528885841381 -1.7176085499999998 -1.6132802499999999 229.50000000000003 166.50000000000003 -1.5738755999999998 156.30882263183597 164.17825317382815 -1.7667101999999997 254.50000000000003 154.75000000000003 -0.65970697999999983 4.3544891640866874 188.50000000000003 16.500000000000004 183.50000000000003 2.3668730650154806 -0.94070410999999987 3.3916408668730655 175.50000000000003 246.50000000000003 -1.1594290499999997 1.2368421052631582
decision_type=2 2 2 2 2 8 10 2 2 2 2 2 2 2 2 2 2 2 2 2 2 2 2 2 2 2 2 2 2 2
left_child=2 -2 -1 7 5 -5 -6 9 -7 10 11 14 -11 -14 15 -3 -4 -18 19 20 21 26 23 -23 28 -26 -9 29 -25 -20
right_child=1 3 16 4 6 8 -8 18 -10 12 -12 -13 13 -15 -16 -17 17 -19 27 -21 -22 22 -24 24 25 -27 -28 -29 -30 -31
leaf_value=-0.033721318173123078 0.042892764213471789 -0.026594581255223695 0.00084444514769300538 -0.024566671415159003 0.0072228976686203629 -0.0080986836614745684 -0.04699364002923101 0.010189720367955919 0.04001719169807421 -0.024440127955103957 0.027249734579049192 -0.0071211119319325444 -0.0098777810818723444 -0.00037045386121458898 0.033768357266474341 0.044006813795439317 0.0011959880585429737 -0.026340860874950009 -0.010745883043340843 0.010679223873707787 0.0049427415886679534 -0.0022348101209701122 -0.0037175552137896613 -0.081530095833854177 -0.091007316951460707 -0.010253995963159948 -0.029507351869709375 -0.0054068516784063284 -0.20549932476901472 0.013283801597513582
leaf_weight=382.62418482080102 310.76169254817069 124.94994542375207 1951.2175011709332 146.45599108934402 1116.3746079783887 111.16214706748724 117.82409943640232 409.07974959351122 632.33177368156612 446.31039513833821 744.76980678737164 1228.3334047794342 2162.1436119433492 79976.178060220554 327.75063282065094 53.997502153739333 456.97377774864435 640.53687487542629 373.43533417396247 1052.3513724543154 898.26286162808537 73.261735225096345 116.68075014464557 25.765453472733498 69.523104522377253 78.015318838879466 215.81196347996593 940.67743541672826 31.213028894737363 4085.3202921506017
leaf_count=14002 2533 821 10884 688 11117 724 566 5597 7405 2699 6545 8356 18808 607176 4234 336 2008 2780 4126 11992 8170 837 1246 239 733 990 1535 8469 285 58667
internal_value=0.000109305 0.000401511 -0.0080524 0.000262879 0.0109639 0.0233608 0.0020132 1.94837e-05 0.032822 -0.000472429 0.00876324 0.000816706 -0.000749855 -0.000620834 0.0200356 -0.0051644 -0.00482088 -0.0148846 0.00501862 -0.00106325 -0.00750951 -0.0184767 -0.0420618 -0.0580972 -0.0779998 -0.0486631 -0.00354526 0.00836354 -0.151814 0.0112693
internal_weight=99300.1 95868.7 3431.35 95558 2124.15 889.95 1234.2 93433.8 743.494 85064.4 2479.8 1735.03 82584.6 82138.3 506.698 178.947 3048.73 1097.51 8369.4 2969.97 1917.61 1019.35 394.459 277.779 204.517 147.538 624.892 5399.43 56.9785 4458.76
internal_count=804568 774894 29674 772361 20500 8817 11683 751861 8129 648975 20292 13747 628683 625984 5391 1157 15672 4788 102886 31624 19632 11462 4330 3084 2247 1723 7132 71262 524 62793
is_linear=0
shrinkage=0.05


Tree=112
num_leaves=31
num_cat=0
split_feature=19 5 20 21 22 19 23 24 20 11 19 11 22 11 22 21 21 11 2 23 22 11 23 11 19 11 23 21 23 20
split_gain=92.6648 123.401 66.3639 183.576 164.443 145.806 156.552 155.669 167.954 138.379 119.635 106.563 106.293 173.316 156.561 124.615 166.191 157.913 162.858 138.939 111.882 109.792 102.057 97.6659 95.7152 116.907 95.3076 142.697 94.9709 94.4147
threshold=0.63235294818878185 17.500000000000004 52.393394470214851 -1.3945062499999998 -1.6627522999999997 0.10294117778539659 2.3465155500000008 7.5000000000000009 41.857505798339851 108.20369620633893 0.60294118523597728 53.090817768022937 -0.16078418999999997 68.440097592586525 -0.58885022999999992 1.1793401000000003 0.70677247500000007 18.435597973895888 31.860910594463352 1.9981602000000003 -1.3015830499999999 6.8989440573627379 1.4620874500000001 17.239815477970215 0.51470589637756359 69.240060989413394 1.1008879500000004 0.64024144500000013 2.1617061000000004 17.721443176269535
decision_type=2 2 2 2 2 2 2 10 2 2 2 2 2 2 2 2 2 2 2 2 2 2 2 2 2 2 2 2 2 2
left_child=2 -2 5 11 28 7 10 9 -9 -1 -7 -4 13 15 -15 16 17 21 -19 -17 22 -6 -20 -18 25 -14 -22 -28 -5 -11
right_child=1 -3 3 4 12 6 -8 8 -10 29 -12 -13 24 14 -16 19 23 18 20 -21 26 -23 -24 -25 -26 -27 27 -29 -30 -31
leaf_value=-0.016724503410586292 0.0042951137652056052 -0.052993066013293171 -0.0063763424603694155 0.030997832916768088 0.011437081767784851 -0.0023938692895362785 0.016653104574089726 0.013071625143851715 0.15449531083311188 0.11872215549730472 0.0077706336769911332 -0.0301304140083129 0.0081826210055898334 0.019671836561111558 -0.0050135168225910604 0.025317709173281907 0.022563540677705985 0.0066620066513192666 0.056273159991090053 -0.048366523364015881 -0.0033688418280452149 -0.018969104924077388 0.0044396756868564768 -0.021075595315463182 -0.0025845201436152654 -0.0043811357285096749 -0.021204879446423092 0.058069941413131376 -0.045418508306482364 0.014004410406567712
leaf_weight=3199.1666669026017 12971.974257143214 93.691082403063774 2452.8077184557915 638.32856524735689 350.77727164328098 38279.886971617118 1204.5625834539533 239.43399070389569 22.041037714108825 24.680730851367116 3130.7080881725997 583.95741464197636 11427.440408661962 1695.3993817232549 1033.1597768068314 608.38326180353761 137.26774478331208 5175.4818646535277 117.9611756503582 70.551023036241531 3353.9285778589547 1910.6364092975855 471.80605559051037 1794.6175267547369 4075.9645028095692 2208.8896463513374 1522.4814407452941 58.019575834274292 42.554045617580414 135.35846511274576
leaf_count=50443 163432 507 12666 5148 2015 267103 10276 3249 393 309 40275 2923 75012 10847 6676 5366 1095 34287 666 648 18915 11013 2779 12409 39542 14172 8411 319 211 1951
internal_value=-4.27225e-05 0.00388029 -0.000639003 0.000859634 0.00183748 -0.00192677 -0.00110821 -0.0115582 0.0255361 -0.0144523 -0.00162525 -0.0109526 0.00137687 -0.0012955 0.0103264 -0.00333246 -0.00428788 -0.00224807 0.000289606 0.017601 -0.00568066 -0.0142497 0.0148848 -0.0179648 0.0041379 0.0061473 -0.00814118 -0.0182599 0.0261623 0.0307906
internal_weight=99031.9 13065.7 85966.3 39730.4 36693.6 46235.8 42615.2 3620.68 261.475 3359.21 41410.6 3036.77 36012.8 18300.5 2728.56 15571.9 14893 12961.1 10699.7 678.934 5524.2 2261.41 589.767 1931.89 17712.3 13636.3 4934.43 1580.5 680.883 160.039
internal_count=803058 163939 639119 265120 249531 373999 317654 56345 3642 52703 307378 15589 244172 115446 17523 97923 91909 78405 65377 6014 31090 13028 3445 13504 128726 89184 27645 8730 5359 2260
is_linear=0
shrinkage=0.05


Tree=113
num_leaves=31
num_cat=0
split_feature=14 21 14 18 14 19 3 22 14 22 10 18 5 14 21 25 25 14 22 14 2 21 4 18 14 4 19 5 18 25
split_gain=91.274 83.1186 89.0035 84.1032 86.1378 84.7998 83.8105 73.1874 86.5298 116.98 76.6766 66.7144 138.226 129.734 61.8648 73.4267 60.1609 59.3279 159.46 76.3191 90.4531 63.1846 65.9506 58.9528 166.606 106.376 96.2301 94.8869 93.4551 81.2521
threshold=273.50000000000006 1.4441750000000002 261.50000000000006 156.78584289550784 205.50000000000003 0.1911764740943909 199.09831076860431 0.16993466000000004 250.50000000000003 -0.52191111499999987 -19.42661214023828 190.41741943359378 14.500000000000002 254.50000000000003 1.6484033000000002 24.382754701375966 26.685620248317722 244.50000000000003 0.7935755550000001 170.50000000000003 5.4205292249098429 1.9023737000000003 108.12459602952005 166.48529052734378 196.50000000000003 443.1861704587937 0.42647059261798864 20.500000000000004 168.02986145019534 20.641736900806432
decision_type=2 2 2 2 2 2 2 2 2 2 8 2 2 2 2 2 2 2 2 2 2 2 2 2 2 2 2 2 2 2
left_child=1 3 7 4 5 -1 -4 8 10 -10 -3 23 13 -13 15 -11 -15 19 -19 20 -9 -21 -23 24 25 -5 -26 -25 -29 -30
right_child=-2 2 6 11 -6 -7 -8 17 9 14 -12 12 -14 16 -16 -17 -18 18 -20 21 -22 22 -24 27 26 -27 -28 28 29 -31
leaf_value=-0.024007267695938521 0.038709153875457786 0.016061098572214529 0.038179241831629629 -0.0021601958818661003 -0.0029837496637408869 0.010974040673887069 -0.015918839091862886 0.024726293190140303 0.051035787578048601 -0.09735741811773517 -0.015462473842286351 0.021644189292215999 -0.14770949448573387 -0.0067913573205468985 0.014464968801151083 -0.0019061442101602722 -0.074272401726528645 0.022503391211170169 -0.034576675451359749 0.0322109489918775 -0.10282591414700055 0.046869533658756402 -0.014569210437072256 -0.00048731183367312905 0.0043487826952378159 -0.027783607506835391 0.020368595331383514 0.0086302756544387859 0.021467649012861297 -0.032510587867820122
leaf_weight=953.78168515115976 151.91957198828459 238.86273207515478 377.37770338729024 7558.3830765038729 6986.8181109074503 211.03029574453831 87.707305330783129 28.332062412053347 156.34424389526248 31.837099272757769 986.51450598984957 1016.2338932249695 12.551756128668783 293.43610779568553 151.29898767545819 52.245052918791771 36.259517312049866 296.62580803409219 206.77070600539446 628.99397861212492 25.712528737261891 57.962757075205445 167.51692479103804 62545.768097659573 13396.492751998827 427.00284259114414 1007.0854205302894 266.50407889485359 78.153565853834152 600.84352245926857
leaf_count=29700 1767 3225 5601 42149 37937 1038 610 385 1566 406 8969 20133 116 3139 1573 383 334 3297 1724 7306 201 1193 1521 537778 73818 6167 7454 1253 351 2754
internal_value=0.000110108 5.04166e-05 0.00762354 -0.00022706 -0.00508361 -0.0176657 0.027965 0.00449206 -0.00277003 0.017658 -0.0093095 0.000226791 0.0112164 0.0128071 -0.00463416 -0.0387676 -0.014415 0.0128056 -0.000964381 0.020428 -0.0367242 0.0240815 0.0013617 5.28249e-05 0.00225882 -0.00353366 0.00547021 -0.000725099 -0.0164378 -0.0262752
internal_weight=99036.4 98884.4 3494.1 95390.3 8151.63 1164.81 465.085 3029.02 1617.1 391.725 1225.38 87238.7 1358.48 1345.93 235.381 84.0822 329.696 1411.91 503.397 908.518 54.0446 854.474 225.48 85880.2 22389 7985.39 14403.6 63491.3 945.501 678.997
internal_count=803848 802081 37960 764121 68675 30738 6211 31749 16122 3928 12194 695446 23722 23606 2362 789 3473 15627 5021 10606 586 10020 2714 671724 129588 48316 81272 542136 4358 3105
is_linear=0
shrinkage=0.05


Tree=114
num_leaves=31
num_cat=0
split_feature=19 20 17 19 4 12 11 22 22 13 25 11 12 20 25 12 22 22 12 22 11 11 22 11 4 11 20 12 20 20
split_gain=88.9254 74.8587 237.189 146.282 106.463 101.82 199.476 193.099 121.915 104.125 99.8308 96.0374 102.068 93.7987 96.8804 92.7019 82.648 204.183 100.685 90.5386 82.0077 95.6802 81.5735 85.3795 77.1432 98.3282 86.7146 78.6862 121.812 74.8578
threshold=0.63235294818878185 49.516838073730476 199.7559509277344 0.39705882966518408 666.10666143894207 5.3374613003095988 15.017229010400021 -0.86996909999999994 1.1680100000000002 -9.3735463795116605 25.792816078662877 100.96431947589475 2.3854489164086692 56.297058105468757 25.070076999068263 7.0758513931888549 1.0741876000000001 0.13537843500000005 8.5232198142414877 1.5679100000000001 6.357137902244788 6.8989440573627379 1.0741876000000001 100.96431947589475 1394.0205159187319 43.720096607660828 80.784561157226577 8.0216718266253881 67.169540405273452 69.621322631835952
decision_type=2 2 2 2 2 2 2 2 2 2 2 2 2 2 2 2 2 2 2 2 2 2 2 2 2 2 2 2 2 2
left_child=1 3 5 4 11 22 16 -8 13 -10 29 -1 -13 14 -9 -11 17 -7 20 -18 -19 -22 -3 -24 25 27 -26 -15 -29 -4
right_child=-2 2 10 -5 -6 6 7 8 9 15 -12 12 -14 24 -16 -17 19 18 -20 -21 21 -23 23 -25 26 -27 -28 28 -30 -31
leaf_value=-0.0052407815411206699 0.0037006960744885042 -0.00044158292550736827 0.00061127255107601755 0.00061426058715298838 -0.02329535521323306 -0.0065851417902721854 -0.014504305675071844 0.01889990480042401 0.02027552235075112 0.0040389946919549445 -0.039524445685503735 -0.00054420997984930058 0.033095096103289361 0.015253138287502278 -0.016430390046675649 -0.046822983835726556 -0.029855652296090458 0.044748432663744148 0.03482554932016322 0.0021789168781296653 -0.085309265997436934 0.0036373109072700472 0.011046183476418048 0.087825105930643382 -0.025915859387055869 0.044650525759716952 0.049923313264945063 0.00030061920572175643 0.045974640515857389 -0.021252277208940462
leaf_weight=19488.713106973097 13056.776854083873 27931.064287610352 754.07094079814851 22853.072500986978 777.51372131612152 2673.3589598983526 625.02634707279503 392.09610095247626 218.721017325297 165.84405168145895 372.29020080529153 688.63457277230918 334.26184002123773 2689.4457560181618 382.18017118051648 193.45626382529736 493.28514807671309 116.17711217701435 512.50652246922255 398.06612332910299 30.774361237883568 622.92442696541548 999.10249682143331 36.603534307330847 165.54767675697803 428.0699145719409 47.73917019367218 199.84742258116603 540.70118129998446 813.12986082211137
leaf_count=117276 164307 181635 7382 214785 21111 15352 4006 2777 2391 1022 3253 3839 1900 20180 3165 1215 2949 710 3889 2101 149 4383 7617 230 1163 2966 209 1646 4145 6423
internal_value=-0.000143763 -0.000727855 0.000788527 -0.00216383 -0.0051459 0.00161946 0.00573949 0.0117949 0.0148277 -0.00686707 -0.0162818 -0.00445683 0.01047 0.0174165 0.00146229 -0.0234003 -0.00181789 0.00128246 0.0176763 -0.015563 0.0062296 -0.000673959 6.95783e-05 0.0138418 0.0204496 0.0220677 -0.00878731 0.0192372 0.0336659 -0.0107388
internal_weight=99001 85944.2 41802 44142.2 21289.1 39862.5 10895.8 6048.68 5423.65 578.021 1939.49 20511.6 1022.9 4845.63 774.276 359.3 4847.09 3955.74 1282.38 891.351 769.876 653.699 28966.8 1035.71 4071.35 3858.06 213.287 3429.99 740.549 1567.2
internal_count=804176 639869 280958 358911 144126 263900 74418 44885 40879 4628 17058 123015 5739 36251 5942 2237 29533 24483 9131 5050 5242 4532 189482 7847 30309 28937 1372 25971 5791 13805
is_linear=0
shrinkage=0.05


end of trees

feature_importances:
doy=521
reg_rain_7d=367
rmm2=346
rmm1=307
reg_dry=234
mjo_phase=185
wet_days_30d=181
onset_doy_anom=177
mjo_amp=175
clim_onset_doy=154
clim_first_cand_doy=146
rain_30d=131
clim_false_rate=113
onset_threshold_mm=66
rain_7d_vs_region=63
clim_rain_doy=55
clim_dryday_doy=54
rain_14d=49
days_since_wet_spell=49
rain_1d=22
rain_7d=20
spell_deficit=14
rain_3d=9
wet_spell_seen=6
days_since_rain=5
wet_spell_today=1

parameters:
[boosting: gbdt]
[objective: binary]
[metric: binary_logloss]
[tree_learner: serial]
[device_type: cpu]
[data_sample_strategy: bagging]
[data: ]
[valid: ]
[num_iterations: 115]
[learning_rate: 0.05]
[num_leaves: 31]
[num_threads: 10]
[seed: 0]
[deterministic: 0]
[force_col_wise: 0]
[force_row_wise: 0]
[histogram_pool_size: -1]
[max_depth: -1]
[min_data_in_leaf: 200]
[min_sum_hessian_in_leaf: 0.001]
[bagging_fraction: 0.6]
[pos_bagging_fraction: 1]
[neg_bagging_fraction: 1]
[bagging_freq: 1]
[bagging_seed: 3]
[bagging_by_query: 0]
[feature_fraction: 0.6]
[feature_fraction_bynode: 1]
[feature_fraction_seed: 2]
[extra_trees: 0]
[extra_seed: 6]
[early_stopping_round: 0]
[early_stopping_min_delta: 0]
[first_metric_only: 0]
[max_delta_step: 0]
[lambda_l1: 0]
[lambda_l2: 1]
[linear_lambda: 0]
[min_gain_to_split: 0]
[drop_rate: 0.1]
[max_drop: 50]
[skip_drop: 0.5]
[xgboost_dart_mode: 0]
[uniform_drop: 0]
[drop_seed: 4]
[top_rate: 0.2]
[other_rate: 0.1]
[min_data_per_group: 100]
[max_cat_threshold: 32]
[cat_l2: 10]
[cat_smooth: 10]
[max_cat_to_onehot: 4]
[top_k: 20]
[monotone_constraints: ]
[monotone_constraints_method: basic]
[monotone_penalty: 0]
[feature_contri: ]
[forcedsplits_filename: ]
[refit_decay_rate: 0.9]
[cegb_tradeoff: 1]
[cegb_penalty_split: 0]
[cegb_penalty_feature_lazy: ]
[cegb_penalty_feature_coupled: ]
[path_smooth: 0]
[interaction_constraints: ]
[verbosity: -1]
[saved_feature_importance_type: 0]
[use_quantized_grad: 0]
[num_grad_quant_bins: 4]
[quant_train_renew_leaf: 0]
[stochastic_rounding: 1]
[linear_tree: 0]
[max_bin: 255]
[max_bin_by_feature: ]
[min_data_in_bin: 3]
[bin_construct_sample_cnt: 200000]
[data_random_seed: 1]
[is_enable_sparse: 1]
[enable_bundle: 1]
[use_missing: 1]
[zero_as_missing: 0]
[feature_pre_filter: 1]
[pre_partition: 0]
[two_round: 0]
[header: 0]
[label_column: ]
[weight_column: ]
[group_column: ]
[ignore_column: ]
[categorical_feature: ]
[forcedbins_filename: ]
[precise_float_parser: 0]
[parser_config_file: ]
[objective_seed: 5]
[num_class: 1]
[is_unbalance: 0]
[scale_pos_weight: 1]
[sigmoid: 1]
[boost_from_average: 1]
[reg_sqrt: 0]
[alpha: 0.9]
[fair_c: 1]
[poisson_max_delta_step: 0.7]
[tweedie_variance_power: 1.5]
[lambdarank_truncation_level: 30]
[lambdarank_norm: 1]
[label_gain: ]
[lambdarank_position_bias_regularization: 0]
[eval_at: ]
[multi_error_top_k: 1]
[auc_mu_weights: ]
[num_machines: 1]
[local_listen_port: 12400]
[time_out: 120]
[machine_list_filename: ]
[machines: ]
[gpu_platform_id: -1]
[gpu_device_id: -1]
[gpu_device_id_list: ]
[gpu_use_dp: 0]
[num_gpu: 1]

end of parameters

pandas_categorical:[]
