tree
version=v4
num_class=1
num_tree_per_iteration=1
label_index=0
max_feature_idx=25
objective=binary sigmoid:1
feature_names=rain_1d rain_3d rain_7d rain_14d rain_30d wet_days_30d days_since_rain wet_spell_today wet_spell_seen days_since_wet_spell spell_deficit reg_rain_7d reg_dry rain_7d_vs_region doy clim_rain_doy clim_dryday_doy clim_onset_doy clim_first_cand_doy clim_false_rate onset_doy_anom rmm1 rmm2 mjo_amp mjo_phase onset_threshold_mm
feature_infos=[0:346.57876586914062] [0:964.80462646484375] [0:1936.1752166748047] [0:3242.0305023193359] [0:5169.823317527771] [0:30] [0:90] [0:1] [0:1] [0:99] [-40:1526.9935302734375] [0:206.38006867099287] [0.049535603715170282:16.606811145510836] [-206.38006867099287:1790.3473903487895] [152:274] [0.039228077977895737:78.65045166015625] [0:1] [153.82353210449219:228] [153.82353210449219:203.72727966308594] [0:0.82352942228317261] [-51.727279663085938:120.17646789550781] [-2.7230477:2.6857595000000001] [-2.8039255000000001:4.0264211000000003] [0.026713300499999999:4.2046590000000004] [1:8] [20:40]
tree_sizes=3429 3493 3512 3531 3520 3539 3521 3530 3547 3509 3543 3534 3557 3537 3552 3547 3543 3549 3543 3545 3551 3553 3540 3559 3526 3528 3539 3551 3547 3563 3546 3551 3553 3532 3553 3558 3559 3556 3560 3521 3558 3546 3548 3564 3573 3539 3548 3555 3550 3554 3547 3569 3556 3551 3541 3557 3555 3539 3551 3557 3513 3571 3520 3562 3558 3551 3570 3542 3545 3541 3562 3554 3541 3556 3538

Tree=0
num_leaves=31
num_cat=0
split_feature=18 24 13 17 5 22 22 5 21 5 21 9 22 22 11 13 17 9 11 4 22 5 16 16 17 9 13 5 5 15
split_gain=25958.7 9066.42 7771.54 5811.51 5597.14 4189.59 2923.21 2060.54 1408.86 1363.67 1362.14 1238.32 1222.93 1189.8 1080.12 1046.36 806.32 777.084 715.051 714.868 601.824 580.944 532.142 512.373 494.54 494.301 448.633 441.249 425.769 421.762
threshold=171.83396911621097 2.5000000000000004 -21.308541379499911 167.31060028076175 4.5000000000000009 0.45226171500000006 0.04601305725000001 2.5000000000000004 0.7158442450000001 6.5000000000000009 0.24118209000000004 23.500000000000004 1.5679100000000001 1.2982029000000002 16.244831388937339 -20.480352920932756 198.69697570800784 10.500000000000002 66.271986887747019 51.474384054541595 0.31588700500000005 9.5000000000000018 0.80882352590560924 0.66176471114158641 190.97222137451175 36.500000000000007 -81.437098358380055 6.5000000000000009 2.5000000000000004 9.7743926048278826
decision_type=2 8 2 2 2 2 2 2 2 2 2 2 2 2 2 2 2 2 2 2 2 2 2 2 2 2 2 2 2 2
left_child=3 7 4 29 10 8 19 25 -6 14 11 28 22 24 17 23 -16 -4 -11 -5 -13 -10 -7 -8 -12 26 -2 -9 -3 -1
right_child=1 2 9 6 5 12 15 27 21 18 13 20 -14 -15 16 -17 -18 -19 -20 -21 -22 -23 -24 -25 -26 -27 -28 -29 -30 -31
leaf_value=-1.8437565522882085 -1.6467432330634659 -1.6804236808954984 -1.7765262388023841 -1.814260872030661 -1.8043921907764897 -1.7540502242665938 -1.7985484075452327 -1.8217480739937379 -1.7476119683103988 -1.8180605447143166 -1.7412859473767786 -1.7745782400277614 -1.6535215312282003 -1.6181801827419684 -1.7835706409575742 -1.8131104537772897 -1.7447273232526928 -1.8261986649102329 -1.7781378376100352 -1.838666380128942 -1.7322557447287967 -1.7952120629393191 -1.7161307214979553 -1.7657356079605691 -1.7011574555494211 -1.8154954649534654 -1.7744484099223299 -1.8438103084092221 -1.7326079686969762 -1.8599473893397178
leaf_weight=5793.6460807025433 70.441308602690697 855.11626432836056 1292.4343368411064 4110.450405433774 6651.7933824062347 2981.6920868605375 2156.27998881042 4655.5521670132875 2001.0908751934767 6837.1716282814741 1027.76415322721 2107.4196663200855 426.52757945656776 376.21235902607441 4258.9712368249893 4993.3309721201658 1947.1384099125862 2011.3964022696018 1340.6884518563747 11119.178749158978 1398.7631279677153 943.62255568802357 1346.1443191319704 2654.4612918198109 3113.4815919399261 845.53818622231483 1897.914362937212 4419.8587007075548 731.08621492981911 13249.391816541553
leaf_count=47786 581 7053 10660 33903 54864 24593 17785 38399 16505 56393 8477 17382 3518 3103 35128 41185 16060 16590 11058 91711 11537 7783 11103 21894 25680 6974 15654 36455 6030 109281
internal_value=-1.80579 -1.7824 -1.7714 -1.83421 -1.75285 -1.77263 -1.81837 -1.82091 -1.79164 -1.79654 -1.72332 -1.74107 -1.73425 -1.70332 -1.78367 -1.79708 -1.77138 -1.80676 -1.81151 -1.83208 -1.75768 -1.76286 -1.74224 -1.78044 -1.7111 -1.78353 -1.7698 -1.8325 -1.70441 -1.85502
internal_weight=97614.6 53537.8 41648.5 44076.7 23960.7 14350.9 25033.7 11889.3 9596.51 17687.8 9609.84 5092.39 4754.36 4517.46 9509.94 9804.07 6206.11 3303.83 8177.86 15229.6 3506.18 2944.71 4327.84 4810.74 4141.25 2813.89 1968.36 9075.41 1586.2 19043
internal_count=805125 441580 343517 363545 197628 118366 206478 98063 79152 145889 79262 42002 39214 37260 78438 80864 51188 27250 67451 125614 28919 24288 35696 39679 34157 23209 16235 74854 13083 157067
is_linear=0
shrinkage=1


Tree=1
num_leaves=31
num_cat=0
split_feature=19 22 18 5 11 22 5 8 11 23 11 2 18 5 11 19 5 5 12 11 22 22 1 8 22 23 3 23 22 11
split_gain=25849.9 6672.9 5785.13 5053.29 3660.15 3003.76 2184.71 1160.41 1154.8 2346.67 896.818 813.057 721.334 703.047 676.9 615.304 574.369 493.437 481.313 474.025 598.141 468.903 447.193 413.904 409.308 500.876 465.953 378.456 350.692 342.628
threshold=0.51470589637756359 0.20379827500000003 161.1470642089844 4.5000000000000009 16.61007971562238 0.04601305725000001 8.5000000000000018 1.0000000180025095e-35 50.095855824868472 1.57960955 66.618944849196154 1.7922566160559656 180.06155395507815 5.5000000000000009 19.299244392351842 0.33823530375957495 7.5000000000000009 2.5000000000000004 8.5232198142414877 16.61007971562238 1.5679100000000001 1.5679100000000001 9.8725229203701037 1.0000000180025095e-35 -0.36151543499999994 2.2729268000000005 113.05128215253355 2.7058399000000004 1.2982029000000002 47.991097446288862
decision_type=2 2 2 2 2 2 2 2 2 2 2 2 2 2 2 2 2 2 2 2 2 2 2 2 2 2 2 2 2 2
left_child=2 3 -1 7 -3 13 8 12 11 17 16 23 -2 -4 -9 -7 -5 -10 -14 -17 22 -8 -21 -6 25 -12 -26 -27 -11 -22
right_child=1 4 5 10 6 15 21 14 9 28 24 -13 18 -15 -16 19 -18 -19 -20 20 29 -23 -24 -25 26 27 -28 -29 -30 -31
leaf_value=-0.049851322607433253 0.02890365009552609 -0.0091050682018018018 -0.011688771780188234 -0.00071665028433483594 0.10625734271937291 -0.01005752835076972 0.02250893532743594 -0.026846197806573588 0.10698225702737302 0.12589301951728674 -0.0030836502880649697 0.042565774840286834 0.062156694510719472 -0.032865661708198379 0.023645117760160483 -0.016998983702209959 -0.020415718311735432 0.062188550814479597 0.005500449123659875 0.024485218760249238 0.0389736415653677 0.099998692451675072 -0.0030152116099112117 0.06120510316873623 0.019427108659811565 0.13301898856026254 0.07939950385647189 -0.056256508647023751 0.18499355905599374 0.13042155337553157
leaf_weight=17157.907973520458 3714.7297165691853 2233.7472245320678 5686.9635626077652 7421.1010403335094 927.77855475991964 4036.4137539565563 3555.4947289302945 797.92545090615749 769.32715756446123 507.43934508413076 2585.4478490650654 3860.0704698786139 4812.6261282041669 12618.493842981756 3926.5227471441031 1075.237534545362 7379.4454402551055 3107.0569427907467 406.74211756139994 4240.8235495910048 255.31338229775429 205.69682390242815 2268.7270570471883 1145.310883000493 1539.481696754694 116.35797213017941 409.55515676736832 33.45933736115694 522.65907225012779 171.5206947773695
leaf_count=146731 30056 18501 46872 61232 7203 33299 28789 6624 5956 3988 21408 30831 38466 106014 31641 8909 61578 24580 3338 34279 2045 1601 18571 9044 12601 950 3338 283 3916 1344
internal_value=-0.000239854 0.0248632 -0.0266461 0.0118416 0.0504974 -0.0135277 0.0596159 0.0351592 0.0710086 0.088962 -0.00450453 0.0561493 0.0457566 -0.0262876 0.0151136 0.00585995 -0.0105392 0.0711038 0.0577434 0.0138798 0.0186682 0.0267722 0.0149017 0.081409 0.0145608 0.00208188 0.0320635 0.0906546 0.15603 0.0759404
internal_weight=97489.4 49978 47511.4 33143.4 16834.6 30353.5 14600.8 13658.5 10839.6 4906.48 19484.8 5933.16 8934.1 18305.5 4724.45 12048 14800.5 3876.38 5219.37 8011.62 6936.38 3761.19 6509.55 2073.09 4684.3 2735.27 1949.04 149.817 1030.1 426.834
internal_count=803988 405924 398064 271515 134409 251333 115908 110125 85518 38440 161390 47078 71860 152886 38265 98447 122810 30536 41804 65148 56239 30390 52850 16247 38580 22641 15939 1233 7904 3389
is_linear=0
shrinkage=0.05


Tree=2
num_leaves=31
num_cat=0
split_feature=5 13 24 15 22 20 5 22 24 22 11 15 13 20 14 23 14 14 24 24 20 24 11 22 24 11 9 11 14 9
split_gain=18215.1 8647.66 5730.08 4794.84 3413.14 3334.26 2935.98 2041.71 1494.99 1302.25 1242.25 1097.15 1040.88 986.167 920.371 1216.74 791.526 730.319 724.429 716.44 711.065 707.501 802.407 703.69 602.754 453.078 435.717 414.017 397.446 397.322
threshold=8.5000000000000018 -29.590431919465583 3.5000000000000004 8.0547790527343768 0.030713726750000003 -9.5233306884765607 3.5000000000000004 0.36488128000000003 2.5000000000000004 -0.42777149499999995 16.61007971562238 3.8117316961288457 -24.974369790762566 -4.4447250366210929 240.50000000000003 1.3455228000000001 218.50000000000003 165.50000000000003 2.5000000000000004 2.5000000000000004 2.4766693115234379 2.5000000000000004 20.03343528257712 1.5679100000000001 7.5000000000000009 119.69848180428473 18.500000000000004 105.05147439454778 172.50000000000003 85.500000000000014
decision_type=2 2 10 2 2 2 2 2 8 2 2 2 2 2 2 2 2 2 8 8 2 8 2 2 10 2 2 2 2 2
left_child=1 2 6 4 19 21 9 11 -8 -1 -9 18 23 -11 15 16 -4 -12 -7 -2 27 -3 -23 -6 25 26 -17 -10 -13 -19
right_child=3 5 14 -5 12 7 8 10 20 13 17 28 -14 -15 -16 24 -18 29 -20 -21 -22 22 -24 -25 -26 -27 -28 -29 -30 -31
leaf_value=0.026298268059633086 -0.043777975353806231 0.0067438598702792858 0.046120561787467984 -0.049614691039525115 0.019711355798673065 -0.02128075843883457 -0.025034922336678329 -0.016944974181363755 0.046977657048134863 0.1187853499035364 -0.034633822254715695 -0.045380321248985951 -0.0056660015989412615 0.056902824912496756 0.031870142447399802 0.093846124178606799 0.11541269441048133 0.034164508382006832 0.0060274945439845844 -0.021108287648389748 0.012670481691268788 0.018353197307073243 0.057374969408326759 0.10251997204119956 0.062764074066170947 -0.011555685278537613 0.13243751060819636 0.16246844787637926 -0.02138148258919878 0.099174870702026532
leaf_weight=2667.2899185344577 5171.4230201244354 2111.1525383964181 2238.8517017439008 13473.633873604238 4756.0809090435505 3834.1807210370898 2546.1186300218105 1814.9705556631088 1075.2740267291665 874.63491571694613 375.63389796763659 2404.975884988904 6968.4738956168294 2450.771448135376 957.60950711369514 1324.8586358875036 505.15055570006371 3878.2857917025685 6620.6545115336776 10698.30008662492 6131.0555730313063 2283.3974158167839 3117.357224740088 270.26866719126701 766.73062433302402 71.744145587086678 1675.5329615548253 82.896964564919472 6113.2762358263135 249.57394233345985
leaf_count=21079 44647 16989 17101 119149 38080 32095 21395 15305 8529 6540 3202 20891 57933 18838 7432 9971 3840 30483 53988 90846 49383 18414 24385 1971 5821 552 12149 626 50856 1920
internal_value=6.35641e-05 0.018602 0.0418449 -0.0251271 -0.0132849 0.00204346 0.0247531 -0.00664429 0.00794204 0.0523378 0.0179713 -0.0148423 0.00684321 0.0732097 0.077714 0.084377 0.0589141 0.0320436 -0.00398854 -0.0284979 0.0194627 0.0312909 0.0408833 0.0241835 0.102558 0.112466 0.115434 0.055377 -0.0281617 0.0381182
internal_weight=97510.2 56172 23368.5 41338.2 27864.5 32803.5 15828 25291.6 9835.35 5992.7 6318.46 18973.1 11994.8 3325.41 7540.48 6582.87 2744 4503.49 10454.8 15869.7 7289.23 7511.91 5400.75 5026.35 3838.87 3072.14 3000.39 1158.17 8518.25 4127.86
internal_count=804410 451784 183256 352626 233477 268528 126390 208740 79933 46457 50910 157830 97984 25378 56866 49434 20941 35605 86083 135493 58538 59788 42799 40051 28493 22672 22120 9155 71747 32403
is_linear=0
shrinkage=0.05


Tree=3
num_leaves=31
num_cat=0
split_feature=19 24 13 18 4 22 22 8 21 8 9 24 22 17 18 9 6 21 13 4 19 21 18 19 9 18 21 22 22 4
split_gain=21967.2 7219.61 5615.07 3365.98 3240.63 2525.37 1595.54 1561.4 1287.42 1174.48 1028.1 1127.99 883.793 681.665 632.287 549.096 752.767 467.78 465.121 411.843 409.285 408.064 376.915 349.482 383.615 339.189 338.325 337.399 318.779 318.248
threshold=0.42647059261798864 2.5000000000000004 -21.308541379499911 161.1470642089844 40.194611735641963 0.3967179950000001 -0.24300540499999998 1.0000000180025095e-35 0.7158442450000001 1.0000000180025095e-35 25.500000000000004 7.5000000000000009 1.5679100000000001 199.50000000000003 177.36049652099612 33.500000000000007 14.500000000000002 1.4441750000000002 -9.9182192101244198 99.503752443939462 0.60294118523597728 -0.42715842999999992 182.33635711669925 0.57352942228317272 7.5000000000000009 171.49331665039065 1.3646467500000001 0.36488128000000003 -0.033103309549999994 23.527066297829155
decision_type=2 8 2 2 2 2 2 2 2 2 2 8 2 2 2 2 2 2 2 2 2 2 2 2 2 2 2 2 2 2
left_child=3 7 4 -1 10 8 29 15 21 14 13 17 20 25 -4 16 -2 -12 26 -10 -7 -6 -23 -11 -25 -3 27 -8 -19 -5
right_child=1 2 9 6 5 12 18 -9 19 23 11 -13 -14 -15 -16 -17 -18 28 -20 -21 -22 22 -24 24 -26 -27 -28 -29 -30 -31
leaf_value=-0.048452248145590557 0.012117923054021359 0.029212370177412517 0.0049157506509373908 -0.0083985081456161761 -0.016987566864042441 0.035179859267206647 -0.01247931630594825 -0.028574544651183198 0.052117125114817267 -0.0092918484126000844 0.072463441038199114 0.038743842052759159 0.10916138773005285 0.12601032778527749 0.040484985685682887 -0.014507091415980767 0.096280195384796818 0.030594995771950996 -0.018093286732889794 0.017991113887106561 0.06071879806172386 0.0010884582539054562 0.028516708200858023 0.016792956899212438 -0.0048247818952593322 0.082171744926822943 0.042434612275908994 0.011178355359713052 0.16440945726966277 -0.036471477225571917
leaf_weight=16047.890792556107 2727.5069966837764 366.68577053397894 2040.1390463113785 1158.4445537030697 1957.895742982626 3496.6422037184238 2740.6043031290174 8176.98995269835 2224.7979333028197 6655.5556779578328 2189.5097857713699 4645.232464440167 620.86636456102133 855.35144329816103 3223.8297345414758 1808.2579015642405 293.41705018281937 55.21979421377182 3808.9210179448128 1469.1797922626138 2854.6692972704768 4176.5559498891234 1788.1095566004515 4157.4854103028774 4050.9406966567039 1762.2550829946995 521.95056039839983 3345.9482287093997 240.14675533026457 7890.8558850958943
leaf_count=146938 21776 2862 16318 9578 15885 26325 22857 70582 17105 55443 15454 34963 4096 5990 25029 14894 2256 416 32217 11841 20998 34332 14373 33950 33284 12612 4179 26630 1601 68765
internal_value=-0.000159137 0.0178404 0.0266575 -0.0314992 0.0408553 0.0284601 -0.0175217 -0.0152623 0.0141805 0.00640981 0.0636308 0.0533033 0.0522464 0.0882794 0.0267031 0.00727991 0.0203216 0.0804942 -0.0041794 0.038553 0.0466664 0.0028131 0.0093144 -0.000778216 0.0061251 0.0730681 0.00384163 0.000525668 0.13958 -0.032879
internal_weight=97351.9 61837.2 48831.1 35514.6 28703.1 18588.7 19466.7 13006.2 11616.5 20128 10114.4 7130.11 6972.18 2984.29 5263.97 4829.18 3020.92 2484.88 10417.4 3693.98 6351.31 7922.56 5964.67 14864 8208.43 2128.94 6608.5 6086.55 295.367 9049.3
internal_count=803549 492385 382877 311164 218853 144955 164226 109508 93536 164024 73898 52434 51419 21464 41347 38926 24032 17471 85883 28946 47323 64590 48705 122677 67234 15474 53666 49487 2017 78343
is_linear=0
shrinkage=0.05


Tree=4
num_leaves=31
num_cat=0
split_feature=18 24 20 18 21 20 20 24 16 24 2 16 5 11 11 11 5 21 14 11 14 9 24 14 11 11 11 14 11 18
split_gain=18801.4 6066.34 5342.57 4730.05 3017.72 2386.2 1994.63 1770.36 1622.28 939.296 850.603 756.398 738.877 736.323 612.49 527.033 518.339 500.841 494.187 428.599 436.303 407.064 403.076 400.18 556.999 399.213 496.148 416.782 367.568 362.353
threshold=171.66728210449222 2.5000000000000004 68.123107910156264 161.1470642089844 0.24118209000000004 -5.5233306884765616 7.2383346557617196 3.5000000000000004 0.77941176295280468 5.5000000000000009 1.982675760984421 0.63235294818878185 5.5000000000000009 16.244831388937339 47.770250197269327 34.118159608252284 6.5000000000000009 1.0861206000000003 236.50000000000003 77.785250096994204 197.50000000000003 36.500000000000007 4.5000000000000009 182.50000000000003 20.325362273898474 119.69848180428473 50.095855824868472 179.50000000000003 21.205184842975978 180.06155395507815
decision_type=2 8 2 2 2 2 2 8 2 10 2 2 2 2 2 2 2 2 2 2 2 2 10 2 2 2 2 2 2 2
left_child=3 6 4 18 5 14 10 -5 16 12 -2 -9 -7 -4 29 -11 28 23 -1 -14 -21 -15 -13 24 -10 26 -19 -28 -6 -3
right_child=1 2 13 7 8 9 -8 11 17 15 -12 22 19 21 -16 -17 -18 25 -20 20 -22 -23 -24 -25 -26 -27 27 -29 -30 -31
leaf_value=-0.054075054018122598 0.044115871852365117 0.020531204115133497 -0.035036402967464512 -0.035102786608937009 0.011801891303403533 0.018134238950889576 -0.030603976750541856 -0.01781569786894454 -0.00012495417680241541 0.0092074737938824935 -0.0024290437440102055 -0.0035146896745309394 -0.015512048509427577 -0.0043347696422407645 0.079851196036780786 0.048300564204303315 0.021816963923301218 0.064516533407059165 -0.03468270851050051 0.067226370275391745 -0.00087702398809269859 0.026260356204327425 0.016515247644020247 0.04966172318880227 0.085598684949288129 -0.001433904904185903 0.16064458884868121 0.094963853233262757 0.052574768078544658 0.05398857475045972
leaf_weight=10671.913793772459 1400.8163535147905 1334.5152005851269 1772.785350561142 6549.6515502110124 641.85780522972345 4971.3347399532795 7039.2688365876675 6903.8189638331532 210.59615378081799 1386.3111747130752 3273.9315512925386 7491.7565098181367 4393.607751198113 6866.8154844865203 1433.5421044155955 2281.5965318456292 3671.5403268709779 923.29574652761221 4758.064139790833 330.18292657285929 811.15355955809355 1290.6385779157281 3777.2825149819255 3717.3878369778395 1889.767369762063 119.95846848189831 337.17641654610634 881.6787733361125 4011.4403011873364 2062.3525756374002
leaf_count=101743 11070 10116 15090 57984 5014 37944 61520 58620 1632 10873 27021 62738 36165 55724 10098 16197 29068 6753 44807 2569 6512 9854 29808 27449 13352 906 2307 6110 28982 15021
internal_value=-0.000164242 0.018283 0.02657 -0.0263761 0.035659 0.0220958 -0.0137919 -0.0128176 0.0513696 0.0117513 0.0115249 -0.00478432 0.00414494 -0.00584001 0.0524416 0.0335316 0.0358719 0.0673307 -0.0480978 -0.00842086 0.0188665 0.00050849 0.00320004 0.0595458 0.0770075 0.0873169 0.0922852 0.11325 0.0469545 0.0408542
internal_weight=97206 57053.6 45339.5 40152.5 35409.3 19004.6 11714 24722.5 16404.7 14174.2 4674.75 18172.9 10506.3 9930.24 4830.41 3667.91 8324.84 8079.86 15430 5534.94 1141.34 8157.45 11269 5817.75 2100.36 2262.11 2142.15 1218.86 4653.3 3396.87
internal_count=803047 447347 347736 355700 267068 145495 99611 209150 121573 110260 38091 151166 83190 80668 35235 27070 63064 58509 146550 45246 9081 65578 92546 42433 14984 16076 15170 8417 33996 25137
is_linear=0
shrinkage=0.05


Tree=5
num_leaves=31
num_cat=0
split_feature=19 24 20 18 24 20 20 13 22 5 11 12 17 11 22 5 19 22 20 13 20 19 13 11 12 17 18 12 11 12
split_gain=19091.8 5848.87 4996.58 3138.95 2784.32 2581.66 1825.92 1776.68 1486.7 1196.82 1090.63 1037.2 729.386 662.182 659.341 560.609 537.322 520.48 492.041 477.325 449.829 432.018 414.758 399.645 388.797 352.521 351.607 340.172 326.507 323.17
threshold=0.42647059261798864 2.5000000000000004 70.524711608886733 161.1470642089844 3.5000000000000004 1.0000000180025095e-35 10.092330932617189 -28.604888029857864 -0.24300540499999998 5.5000000000000009 46.940019882973239 6.1377708978328185 198.50980377197268 15.793902891665141 -0.17849789999999996 10.500000000000002 0.60294118523597728 1.5679100000000001 -3.9687194824218746 -16.222819706269366 78.784561157226577 0.60294118523597728 -9.6304034033080885 47.991097446288862 4.7275541795665648 199.67500305175784 177.36049652099612 8.7647058823529438 145.48981178265885 8.9767801857585159
decision_type=2 8 2 2 10 2 2 2 2 2 2 2 2 2 2 2 2 2 2 2 2 2 2 2 2 2 2 2 2 2
left_child=3 6 4 20 5 10 11 15 -5 19 12 25 27 -4 -15 17 -11 28 -13 26 -1 -9 -10 -19 -22 -2 -7 -3 -6 -16
right_child=1 2 13 8 7 9 -8 21 22 16 -12 18 -14 14 29 -17 -18 23 -20 -21 24 -23 -24 -25 -26 -27 -28 -29 -30 -31
leaf_value=-0.053238961467498028 -0.01067751516207038 0.016029316097273386 -0.034247710941756541 -0.031918674552771101 0.06389505111291785 0.016547459343559064 -0.030127162395741116 0.016214225380095114 0.0035445694942072416 -0.0089890937650225038 0.076512339512988845 0.10773942420332967 0.062843392698617551 -0.018162109503564762 0.0086009937344913908 0.026250399083012233 0.01435784089324018 0.064053904560185629 0.030168841414883858 -8.1218552473155109e-05 -0.044898829675751678 0.042669734632075303 -0.017381581257910474 0.12973263644079078 -0.014588110183512732 0.020750982769678683 0.0406989987430115 0.11688219188916665 -0.027221631937409563 0.12085286119107573
leaf_weight=10242.735246397555 3126.1577067896724 2775.3729704320431 1807.3375903442502 8750.453835234046 6987.2556944340467 2346.6659212335944 7400.2212065309286 3385.6936785057187 6649.4968432635069 6025.0016283839941 2271.5948181599379 312.7130084335804 1426.5750525072217 3415.6757129058242 5271.9907267540693 929.29837434738874 4168.6665459647775 405.53761877119541 590.34255708009005 1400.1624362170696 3098.7204357683659 2837.7337965145707 3676.1296686679125 550.47973798215389 1608.1568655222654 1247.4340957701206 4221.1287932768464 85.244823835790157 99.207719311118126 63.915831089019775
leaf_count=101752 25850 20743 15681 78622 46989 17663 66300 26155 53779 49425 15662 2384 10000 28442 41747 6913 33319 2529 4812 11124 30002 21216 31614 3156 15561 9979 30498 595 708 480
internal_value=-1.04703e-05 0.0162571 0.0238828 -0.0302025 0.0319737 0.0216189 -0.0141051 0.048817 -0.0167571 0.0119074 0.0485045 0.00836648 0.03365 -0.00670339 -0.00101179 0.0630566 0.000559029 0.0673057 0.0571197 0.0264238 -0.0473569 0.0282822 -0.00390652 0.101968 -0.0345481 -0.0017108 0.0320735 0.0190745 0.0626158 0.00996799
internal_weight=97177.1 63151.4 50474.5 34025.7 39915.6 24720.4 12676.9 15195.2 19076.1 18161.6 6558.79 5276.65 4287.19 10558.9 8751.58 8971.78 10193.7 8042.48 903.056 7967.96 14949.6 6223.43 10325.6 956.017 4706.88 4373.59 6567.79 2860.62 7086.46 5335.91
internal_count=803700 492370 383045 311330 296695 189029 109325 107666 164015 142029 47000 43025 31338 86350 70669 60295 82744 53382 7196 59285 147315 47371 85393 5685 45563 35829 48161 21338 47697 42227
is_linear=0
shrinkage=0.05


Tree=6
num_leaves=31
num_cat=0
split_feature=17 24 13 5 22 5 14 17 21 14 15 21 22 23 14 22 14 22 14 17 14 14 13 14 17 17 5 12 13 22
split_gain=15525.1 6103.6 4802.27 3426.09 2242.21 1824.47 1421.01 1640.8 926.075 892.062 810.677 788.857 618.647 560.755 548.99 547.464 545.928 536.53 532.873 519.387 497.542 466.824 428.045 424.21 422.869 401.812 400.073 394.334 391.697 386.325
threshold=170.76470947265628 2.5000000000000004 -20.480352920932756 5.5000000000000009 0.45226171500000006 2.5000000000000004 177.50000000000003 187.78333282470706 1.1001508500000001 254.50000000000003 9.7743926048278826 0.14982857000000002 0.29689309000000008 1.6599746000000002 183.50000000000003 0.36488128000000003 174.50000000000003 1.5679100000000001 258.50000000000006 195.26143646240237 221.50000000000003 181.50000000000003 -34.223689303690151 260.50000000000006 187.14091491699222 198.50980377197268 9.5000000000000018 4.9055727554179578 -37.755582872801234 0.45747834000000004
decision_type=2 8 2 2 2 2 2 2 2 2 2 2 2 2 2 2 2 2 2 2 2 2 2 2 2 2 2 2 2 2
left_child=10 5 3 9 8 28 7 -4 26 11 -1 12 16 20 19 -8 -3 29 -10 -7 21 24 -15 -17 -13 -9 -5 -22 -2 -6
right_child=1 2 6 4 17 14 15 25 18 -11 -12 13 -14 22 -16 23 -18 -19 -20 -21 27 -23 -24 -25 -26 -27 -28 -29 -30 -31
leaf_value=-0.029326736499367852 0.042055827482622231 0.053078747380279914 -0.0083003626019331374 0.0022917619982230383 0.12670360398022407 -0.024010103551681747 -0.012998487951055047 0.028799180555688253 0.041703493146839861 -0.002984756997705782 -0.051231512434276316 0.029868440565974166 0.049460343366796 0.10284515883012253 -0.034397758741455085 0.012572415563746657 0.011338731195729115 0.07638431671116705 -0.029159818639762743 0.019067405523239277 0.060966494894039637 0.033401832142899511 0.041971313972441582 -0.014973052265750504 0.073977998553652113 0.062558054035390234 -0.017796242649080515 0.12035107811092186 0.0033173285178628867 0.029365871325480294
leaf_weight=7005.7289694920182 846.73575709015131 1034.9571376368403 2918.5410542562604 6084.2871418297291 102.76465567946434 2195.5505502223969 12872.848407819867 2306.0680272877216 1738.5376408323646 981.12006592750549 10657.856097027659 772.19911526888609 3708.591824002564 996.03772476315498 8855.1118304282427 4804.3105831667781 3216.4794885888696 726.60620168596506 312.29339846968651 1025.9578546360135 977.45543972402811 3702.7911657840014 409.41219334304333 1970.0887813046575 1848.6200284957886 1429.3902497142553 4181.1892720386386 393.75710086524487 2834.8035980835557 6130.652708247304
leaf_count=66453 6419 7050 23784 48999 755 19547 109147 17085 13065 7399 109901 5674 24534 5833 81912 38613 23846 4424 2518 8478 6841 25107 2737 16479 11628 9947 35382 2672 23041 44112
internal_value=-0.000151829 0.0092824 0.0161828 0.0277152 0.0130575 -0.0185752 -0.000180538 0.0197883 0.000237714 0.0433746 -0.0425458 0.0460407 0.0345366 0.0560985 -0.0279681 -0.0069441 0.0215099 0.0357399 0.0309037 -0.0102895 0.050781 0.0448469 0.0851549 0.00456079 0.0609979 0.0417305 -0.00589114 0.0780946 0.012236 0.0309907
internal_weight=97040.7 79377.2 63619 37317.8 19276.3 15758.2 26301.2 6654 12316.3 18041.4 17663.6 17060.3 7960.03 9100.27 12076.6 19647.2 4251.44 6960.02 2050.83 3221.51 7694.82 6323.61 1405.45 6774.4 2620.82 3735.46 10265.5 1371.21 3681.54 6233.42
internal_count=803382 627028 487631 272576 149255 139397 215055 50816 99964 123321 176354 115922 55430 60492 109937 164239 30896 49291 15583 28025 51922 42409 8570 55092 17302 27032 84381 9513 29460 44867
is_linear=0
shrinkage=0.05


Tree=7
num_leaves=31
num_cat=0
split_feature=16 24 13 16 5 24 5 14 24 16 21 24 23 5 14 12 11 14 23 14 11 14 11 14 13 14 14 14 11 13
split_gain=14784.9 5163.41 3993.94 2459.95 2162.68 1858.93 1241.55 1190.33 775.266 762.188 750.764 612.176 606.746 550.805 519.552 449.678 546.701 493.959 492.272 428.096 429.435 393.496 379.885 364.823 334.521 333.383 329.843 325.085 308.892 305.948
threshold=0.63235294818878185 2.5000000000000004 -20.480352920932756 0.42647059261798864 3.5000000000000004 4.5000000000000009 2.5000000000000004 257.50000000000006 3.5000000000000004 0.77941176295280468 -0.10662768499999999 7.5000000000000009 1.6599746000000002 8.5000000000000018 207.50000000000003 9.1253869969040267 45.808174089295072 171.50000000000003 1.3495941000000002 196.50000000000003 35.482507067406701 193.50000000000003 96.005895777764081 174.50000000000003 -37.755582872801234 255.50000000000003 267.50000000000006 256.50000000000006 18.035498580788683 -16.522911063634755
decision_type=2 8 2 2 2 10 2 2 8 2 2 10 2 2 2 2 2 2 2 2 2 2 2 2 2 2 2 2 2 2
left_child=3 6 4 -1 15 10 24 9 -5 -4 23 12 -7 25 -14 16 -3 -18 -19 20 -8 -17 -11 -6 -2 -12 27 -15 -9 -10
right_child=1 2 7 8 5 11 19 28 29 22 13 -13 14 26 -16 21 17 18 -20 -21 -22 -23 -24 -25 -26 -27 -28 -29 -30 -31
leaf_value=-0.049398620181805936 0.037623667239589965 0.032424940693130011 0.00034208117954035193 -0.038126633382761232 0.04497938965446828 0.03688318293855896 0.0078064485568298111 -0.035991832045294624 -0.0042797386838425624 0.020498689099019574 0.03034333782375169 0.011993368351883877 0.098871326732569098 0.0060631635358014907 0.048489486577960955 0.12037029156789164 0.08074873488134586 0.037291183030008605 0.079827033387708357 -0.033731933800242864 -0.02443932989591889 0.041692063081831807 0.11841447338148602 -0.0090319240702875 0.0013867548246561199 -0.0064998532535042149 0.077016903257761421 -0.037691492113668693 -0.010038309731498231 -0.020204638991609767
leaf_weight=11214.759000912309 834.23335558921099 4186.3921668753028 10691.821222394705 3939.7850964590907 335.1863137409091 4334.8597275689244 1596.8725406453013 1747.0902826562524 5782.6701931133866 6443.0218362286687 6349.9474615231156 1486.4173525050282 882.05529052764177 3144.51308837533 1226.6642381772399 394.02225302904844 1514.6931591704488 2980.4504583403468 882.29935266822577 5599.3275275751948 2918.4198090210557 268.44424409419298 99.656070984899998 4465.9013058766723 2682.2185518816113 679.36193910241127 144.16805110871792 489.74014940857887 3334.54303817451 6304.4380932673812
leaf_count=119044 6132 28065 87452 37721 2404 29224 14023 15526 47408 49503 46156 10438 5095 25545 8027 2456 9162 19838 5056 53303 26076 1777 726 35769 21858 5462 1190 4196 28343 57441
internal_value=-0.000203747 0.0120019 0.0187105 -0.0314376 0.029558 0.0212158 -0.0155985 0.00229737 -0.0188671 0.00856784 0.0111993 0.0409277 0.0475994 0.0185075 0.0696006 0.048756 0.0459871 0.0565374 0.047025 -0.0244953 -0.0130361 0.0885992 0.022008 -0.00525256 0.00999175 0.0267821 0.00311038 0.000158182 -0.0189666 -0.0125869
internal_weight=96954 69712.3 56081.2 27241.7 33765.1 23538.8 13631.1 22316.1 16026.9 17234.5 15608.8 7930 6443.58 10807.7 2108.72 10226.3 9563.84 5377.44 3862.75 10114.6 4515.29 662.466 6542.68 4801.09 3516.45 7029.31 3778.42 3634.25 5081.63 12087.1
internal_count=804416 542802 421410 261614 239860 173506 121392 181550 142570 137681 120722 52784 42346 82549 13122 66354 62121 34056 24894 93402 40099 4233 50229 38173 27990 51618 30931 29741 43869 104849
is_linear=0
shrinkage=0.05


Tree=8
num_leaves=31
num_cat=0
split_feature=19 22 5 11 21 16 16 17 5 6 22 11 21 21 21 23 23 11 16 12 23 23 12 19 21 11 19 5 22 22
split_gain=15268.1 4198.96 3578.36 2069.51 1791.05 1419.65 1369.75 1108.99 806.655 738.646 667.306 640.425 623.836 570.813 558.771 494.266 453.833 413.236 412.92 401.901 386.066 374.206 360.734 373.802 336.269 323.235 308.281 281.791 288.275 286.42
threshold=0.33823530375957495 0.04601305725000001 4.5000000000000009 16.61007971562238 -0.071224827349999978 0.77941176295280468 0.39705882966518408 198.50980377197268 10.500000000000002 4.5000000000000009 -0.24300540499999998 53.79989594552125 0.26034356500000005 -0.44844999999999996 -0.58789157499999989 2.1829980500000006 1.6099775000000003 50.50536256878646 0.83823528885841381 9.1253869969040267 1.6599746000000002 0.53717247000000012 6.4102167182662546 0.57352942228317272 0.24118209000000004 47.991097446288862 0.60294118523597728 1.0000000180025095e-35 1.0095930500000001 2.7106600000000003
decision_type=2 2 2 2 2 2 2 2 2 2 2 2 2 2 2 2 2 2 2 2 2 2 2 2 2 2 2 2 2 2
left_child=6 2 7 27 18 9 -1 14 11 20 -8 -6 17 -9 -2 -13 -14 19 21 -7 26 -4 23 -16 -11 -22 -5 28 -3 -29
right_child=1 3 4 5 8 12 10 13 -10 24 -12 15 16 -15 22 -17 -18 -19 -20 -21 25 -23 -24 -25 -26 -27 -28 29 -30 -31
leaf_value=-0.049786605075521802 -0.0052245832945637186 0.045053478420661791 -0.0054011880696706429 0.0013230941476283767 -0.0019064623897264547 0.015518744454983531 -0.037562820263995475 0.017926325726885999 -0.017381453633763845 0.022996959825564298 -0.014657292423545449 0.021739258608179431 0.046592258638105163 0.050849541090802912 0.010347809810122037 0.10595099225641423 0.079764896691110102 0.047342565536480009 -0.0048378900407513026 0.06904524041352135 0.0089812688904308893 -0.031782334319044765 -0.0080838205125908415 0.034468394816067414 0.047619791341392791 0.048436137692909637 0.022666379973174434 -0.020678390146942525 -0.021555136979828707 0.04946318964038475
leaf_weight=9962.125077046454 4090.2518781870604 407.94283149391413 1569.6237583756447 6107.6564662083983 4496.260249838233 3308.3601620569825 5830.63564350456 2268.0089780390263 3531.4268273636699 2969.4875922128558 6996.9256310388446 3822.8588352352381 4060.177300401032 3142.4249271228909 3237.6392003372312 181.66312160342932 1385.8162627518177 2558.3421552181244 2334.9031746909022 391.45114079862833 924.69155208021402 9377.6819155216217 1149.6036160290241 3189.0491930767894 2606.3987884148955 1184.1136948242784 2339.150426119566 2844.0599730312824 268.69177438318729 152.45643536001444
leaf_count=110546 33750 3092 13310 46845 36734 22968 57534 17400 30797 20825 63460 29869 26405 20889 24503 1283 8145 16629 20345 2495 6918 87867 8752 22496 17332 7879 16878 24385 2092 1236
internal_value=-9.87716e-05 0.0109349 0.000659486 0.0247588 -0.0112719 0.0294136 -0.0358767 0.0183458 0.00270158 0.0197934 -0.0250709 0.0110456 0.04267 0.0370543 0.00966719 0.025585 0.0550466 0.0318925 -0.0239295 0.0211991 0.0120153 -0.0280006 0.0177065 0.0223204 0.0345132 0.031148 0.00723561 -0.0105139 0.0186104 -0.0170944
internal_weight=96689.9 73900.2 42391.4 31508.8 25314.4 27835.6 22789.7 17077 12032.2 16131.5 12827.6 8500.78 11704.1 5410.43 11666.5 4004.52 5445.99 6258.15 13282.2 3699.81 10555.6 10947.3 7576.29 6426.69 5575.89 2108.81 8446.81 3673.15 676.635 2996.52
internal_count=803659 572119 347995 224124 220205 193319 231540 127790 98683 116677 120994 67886 76642 38289 89501 31152 34550 42092 121522 25463 78520 101177 55751 46999 38157 14797 63723 30805 5184 25621
is_linear=0
shrinkage=0.05


Tree=9
num_leaves=31
num_cat=0
split_feature=19 14 21 16 14 24 24 17 23 24 24 17 14 13 23 13 14 11 9 23 13 14 11 14 3 24 11 14 11 11
split_gain=14221.7 3783.15 3733.24 3574.14 1949.8 1532.96 1042.14 944.859 833.189 745.711 684.955 658.206 574.196 546.421 524.894 497.261 487.098 583.198 457.72 440.219 428.206 426.286 655.631 417.323 392.82 388.463 505.428 382.523 414.388 381.192
threshold=0.48529411852359777 254.50000000000003 0.24118209000000004 0.48529411852359777 176.50000000000003 3.5000000000000004 2.5000000000000004 199.67500305175784 1.6978337000000001 7.5000000000000009 7.5000000000000009 191.47000122070315 208.50000000000003 -15.94495719667789 1.25831 -13.355424233403735 182.50000000000003 50.095855824868472 77.500000000000014 2.3124152500000004 -36.917227279291062 196.50000000000003 35.482507067406701 237.50000000000003 4.5368762016296396 4.5000000000000009 34.118159608252284 266.50000000000006 52.526247973239556 40.694488838603355
decision_type=2 2 2 2 2 8 8 2 2 8 8 2 2 2 2 2 2 2 2 2 2 2 2 2 2 8 2 2 2 2
left_child=3 2 4 -1 7 -5 21 10 11 20 -2 -4 29 14 23 18 17 -13 24 -14 -8 22 -6 -7 -11 -3 -27 -28 -29 -10
right_child=1 25 8 5 6 13 9 -9 12 15 -12 16 19 -15 -16 -17 -18 -19 -20 -21 -22 -23 -24 -25 -26 26 27 28 -30 -31
leaf_value=-0.045930805417348272 0.0014436370967890134 -0.034878862976235617 0.019667165235102275 -0.03420373814255806 0.040159249538993164 -0.013057782526694491 0.055504478439086402 0.057151068452295034 0.047184108915798093 0.029670435811641267 0.035382168805388955 0.040559663377831533 0.02490271515265427 -0.015441568081951974 0.017255805605870238 -0.014203004256158062 0.03429872397058166 0.087032572349819204 0.055482873448139791 0.09307271226557659 0.014500227766717175 -0.023557255271728476 -0.01455490738795355 0.013784048198302307 0.0025554051788269066 -0.02160927311030247 -0.0089081940619907315 0.05147303058140771 -0.017091113333935246 0.097443933384706846
leaf_weight=12145.185718171299 2726.499323323369 2028.5002098679543 5530.6987669244409 6596.132359072566 787.11513689160347 5721.9984248131514 1224.2288001105189 2386.4159016609192 562.43645121157169 1615.424066118896 3268.5855569913983 1737.5809565186501 1180.79168292135 9247.5700734332204 3434.0634573549032 2759.5543032437563 7375.7598673775792 1106.8692656978965 518.6731128692627 295.67473805695772 1327.5270810574293 4301.088463447988 1792.5234680473804 1937.6714379787445 7692.8564847931266 3600.5683430656791 1455.0270154178143 727.77058324217796 315.30502603203058 1164.9099356159568
leaf_count=136764 21261 18147 39819 64414 6760 46109 7489 15751 3654 11031 22206 11065 7865 83774 25413 22786 50228 6382 3649 1901 9518 41432 15592 16863 58008 30262 11326 5686 2496 6327
internal_value=-0.000142812 0.015679 0.0208842 -0.0234133 0.0100252 -0.0132595 0.00221233 0.0305477 0.0382988 0.00954573 0.0199501 0.0335669 0.0615444 -0.00646655 0.0010156 0.00454782 0.0410862 0.058668 0.00981424 0.0386081 0.0341864 -0.0139209 0.0021489 -0.00626667 0.00726382 -0.0159296 -0.00962213 0.00765693 0.0307507 0.0811157
internal_weight=96565 57482.4 49355.2 39082.6 30400.5 26937.4 22019 8381.5 18954.7 15138.3 5995.08 15750.9 3203.81 20341.3 11093.7 12586.5 10220.2 2844.45 9826.95 1476.47 2551.76 6880.73 2579.64 7659.67 9308.28 8127.17 6098.67 2498.1 1043.08 1727.35
internal_count=803978 430641 362724 373337 235483 236573 176265 59218 127241 112481 43467 107494 19747 172159 88385 95474 67675 17447 72688 9766 17007 63784 22352 62972 69039 67917 49770 19508 8182 9981
is_linear=0
shrinkage=0.05


Tree=10
num_leaves=31
num_cat=0
split_feature=18 5 21 21 13 5 13 14 15 18 18 14 11 11 17 15 11 14 14 14 14 21 14 14 14 14 14 13 1 4
split_gain=11687.1 4067.06 2812.92 1546.42 1326.47 1309.43 934.185 852.256 793.067 632.087 606.397 597.502 542.338 532.415 516.516 475.69 458.37 329.791 312.708 307.764 300.177 297.661 290.027 268.614 250.764 242.902 272.189 241.465 221.364 218.738
threshold=164.17825317382815 7.5000000000000009 0.16949430500000004 0.27051234000000007 -18.218781043270791 2.5000000000000004 -36.530851112569074 179.50000000000003 8.7511839866638201 177.36049652099612 177.36049652099612 176.50000000000003 86.487190067987243 105.05147439454778 198.50980377197268 3.7316577434539799 29.781702899261621 256.50000000000006 214.50000000000003 255.50000000000003 199.50000000000003 1.4441750000000002 259.50000000000006 252.50000000000003 237.50000000000003 178.50000000000003 161.50000000000003 -36.138513235554051 9.0902608036994952 27.756468869745735
decision_type=2 2 2 2 2 2 2 2 2 2 2 2 2 2 2 2 2 2 2 2 2 2 2 2 2 2 2 2 2 2
left_child=8 2 5 12 10 6 25 13 -1 27 -4 -11 28 -5 -8 19 22 21 -16 -9 -14 29 -6 -22 -10 26 -2 -7 -3 -12
right_child=1 3 4 7 16 9 14 15 24 11 17 -13 20 -15 18 -17 -18 -19 -20 -21 23 -23 -24 -25 -26 -27 -28 -29 -30 -31
leaf_value=-0.025162022822116648 0.010061709153234753 -0.015195281106419789 0.025967240253052984 0.038458576940559694 0.0048862579160398236 0.0022703462046100463 0.0032543578658654707 0.01930944483851741 -0.052289342842424015 0.030258177341270218 0.056989692974657925 0.0013223562228200179 0.045160669497738649 0.15233964767440594 0.042420878387240984 -0.0065183388316701982 0.028348057218860735 0.0079195687991743171 -0.0012009544420442818 -0.0079075811481488373 -0.0095661748204639678 0.076501470163608296 -0.033378825087786342 0.12565714593856112 -0.032762966900971649 0.033151610922040033 0.073743853388230571 -0.015519676387091891 -0.027552339975858615 0.039200554517555865
leaf_weight=6106.6628271266818 204.38049910217524 8902.9569629877806 5989.2813624665141 435.99249435961246 2782.912594281137 2671.0065773352981 5480.288416005671 4574.3051091060042 7716.6935195550323 2247.0952121168375 2735.8504713401198 8643.4709784686565 463.95417813211679 133.69982153922319 1685.9450855702162 6421.0099768042564 1982.8405553400517 520.09531290084124 543.03501537442207 1343.1013984978199 894.37232790142298 879.83909551799297 601.33650980889797 37.297010630369186 2098.1693447083235 1853.9735970422626 945.27350225299597 6668.7783553749323 6118.7078101858497 4736.0374052375555
leaf_count=61585 1259 78617 40597 3142 21137 20894 42372 33983 92987 15704 15784 68813 3542 887 11196 53658 15060 3818 4240 11153 7851 4814 5369 298 24346 12465 5696 57066 56698 29356
internal_value=-0.000175564 0.00756643 0.0160744 -0.00727953 0.0305729 0.00659567 0.0207292 0.00566913 -0.039316 -0.000889317 0.0382671 0.00729503 -0.0174601 0.0654052 0.0115102 0.00290591 0.00926506 0.0465668 0.0317977 0.0131316 0.0123474 0.0489723 -0.0019208 -0.00402393 -0.0481189 0.0443794 0.0624413 -0.0104324 -0.0202301 0.0457208
internal_weight=96418.4 80496.8 51171.4 29325.4 20228.2 30943.2 10712.9 12908.1 15921.5 20230.4 14861.1 10890.6 16417.3 569.692 7709.27 12338.4 5367.09 8871.82 2228.98 5917.41 1395.62 8351.73 3384.25 931.669 9814.86 3003.63 1149.65 9339.78 15021.7 7471.89
internal_count=804387 625469 375640 249829 135935 239705 77228 102823 178918 162477 94369 84517 147006 4029 57808 98794 41566 53772 15436 45136 11691 49954 26506 8149 117333 19420 6955 77960 135315 45140
is_linear=0
shrinkage=0.05


Tree=11
num_leaves=31
num_cat=0
split_feature=19 22 20 13 21 17 17 4 23 4 20 20 11 22 20 21 22 20 12 21 21 12 11 21 13 11 11 23 20 22
split_gain=12206.3 3309.4 3782.38 2484.32 1858.8 1162.87 953.308 883.344 734.493 687.08 679.726 622.372 609.369 572.394 548.987 475.338 460.867 447.688 425.508 730.622 461.79 404.63 393.882 489.721 354.205 331.267 324.17 383.181 324.811 339.97
threshold=0.33823530375957495 0.04601305725000001 -1.9687194824218748 -20.480352920932756 -0.11925592499999998 163.60294342041018 187.78333282470706 89.018010266125216 1.25831 22.893705449998382 5.8208541870117196 70.524711608886733 56.069599263554579 0.62641051500000011 67.646110534667983 -1.2603949499999998 -0.83013656999999996 78.265686035156264 6.2523219814241502 0.26034356500000005 -0.56170388999999987 5.1625386996904039 47.770250197269327 -0.15315947999999999 -32.353334184609139 129.20073116478446 12.778281696572909 2.3465155500000008 -15.328430175781248 0.94406590000000012
decision_type=2 2 2 2 2 2 2 2 2 2 2 2 2 2 2 2 2 2 2 2 2 2 2 2 2 2 2 2 2 2
left_child=5 2 6 8 9 17 -2 -6 10 24 13 -7 -9 25 15 -10 -8 -1 20 -20 -12 -19 -18 -24 -4 -3 28 -28 29 -5
right_child=1 3 4 26 7 11 16 12 14 -11 18 -13 -14 -15 -16 -17 22 21 19 -21 -22 -23 23 -25 -26 -27 27 -29 -30 -31
leaf_value=-0.052377731004491258 0.00055222916244328083 0.058271784882451952 0.025590805169192755 0.040273417574350184 0.01442778497354299 -0.030026685392776149 0.019598860700002677 -0.023224599593864376 0.020527199431866889 -0.024989513156254386 -0.024434471925189698 -0.0031535013861253348 0.005479297812373691 0.015124960991226122 0.011755948422643093 0.053162194236823002 0.03465853384779026 -0.042246231389396816 0.013919216948484964 0.080099205755761904 0.015790217970354219 -0.0066273138569713777 0.038099691185710959 0.096175090333214253 -0.013895602883478672 0.20069266253447499 0.0045804318069721578 0.053529358929203991 -0.024929690928111429 -0.029456924885201675
leaf_weight=7309.5872993171215 2822.7347399294376 1774.2200539335608 1070.544527284801 468.50043270736933 8467.4822785407305 6941.6780577301979 3180.8835513740778 3788.5905862674117 1359.6718496307731 13696.211654819548 798.59184627234936 3124.3663190677762 3610.1572587788105 1044.5166279673576 1264.0305598527193 6263.7794046252966 3334.3053518533707 2523.9566441476345 1115.9649328142405 665.40068571269512 6633.5460773929954 1165.9253681376576 763.02858211100101 695.24661837518215 1207.4769378677011 40.98622477799654 8470.7443300038576 418.63923721760511 1788.8741054460406 277.58478425443172
leaf_count=91735 22266 10360 7843 3321 62223 67117 22577 33136 8607 128979 5800 29913 29815 6174 8655 35609 22387 29203 7625 4141 45672 13164 5127 3896 10208 243 66312 3079 16076 2064
internal_value=-0.000340477 0.00910286 -4.95545e-05 0.0211521 -0.00872137 -0.0339704 0.0255241 0.00340049 0.0313756 -0.0207607 0.0233418 -0.0216867 -0.00921992 0.0446338 0.0422853 0.0473451 0.0343633 -0.0452086 0.0167289 0.0386708 0.0114653 -0.0309962 0.0441565 0.0658346 0.00466392 0.0615963 0.00239366 0.00689141 -0.0133752 0.0143252
internal_weight=96087.2 75021.7 42636.7 32385.1 31840.5 21065.5 10796.2 15866.2 20960.7 15974.2 12073.2 10066 7398.75 2859.72 8887.48 7623.45 7973.46 10999.5 9213.5 1781.37 7432.14 3689.88 4792.58 1458.28 2278.02 1815.21 11424.3 8889.38 2534.96 746.085
internal_count=803327 572195 348457 223738 272204 231132 76253 125174 132886 147030 80015 97030 62951 16777 52871 44216 53987 134102 63238 11766 51472 42367 31410 9023 18051 10603 90852 69391 21461 5385
is_linear=0
shrinkage=0.05


Tree=12
num_leaves=31
num_cat=0
split_feature=19 22 20 13 16 5 21 22 22 5 19 14 21 21 14 14 19 22 14 19 5 21 14 9 14 14 14 19 21 14
split_gain=11224.5 3083.27 2889.97 2545.01 1352.11 1173.61 850.585 843.71 657.235 644.24 543.493 537.519 501.055 494.013 463.207 423.124 403.608 379.178 314.929 288.641 279.568 270.368 437 310.763 269.373 478.568 268.984 262.757 257.403 256.802
threshold=0.33823530375957495 -0.36151543499999994 -4.4447250366210929 -17.37069867215704 0.39705882966518408 6.5000000000000009 -0.10662768499999999 0.45226171500000006 0.04601305725000001 3.5000000000000004 0.51470589637756359 254.50000000000003 0.16949430500000004 0.72620400500000015 206.50000000000003 260.50000000000006 0.57352942228317272 -0.91453793499999991 173.50000000000003 0.60294118523597728 2.5000000000000004 1.3326296000000002 244.50000000000003 18.500000000000004 226.50000000000003 255.50000000000003 229.50000000000003 0.51470589637756359 -1.6064002499999999 229.50000000000003
decision_type=2 2 2 2 2 2 2 2 2 2 2 2 2 2 2 2 2 2 2 2 2 2 2 2 2 2 2 2 2 2
left_child=4 2 10 5 -1 12 9 18 -6 -4 -2 13 14 27 20 16 -5 -12 -7 -9 -3 -14 23 -23 -16 -26 -10 -8 -22 -20
right_child=1 3 6 15 8 7 11 19 26 -11 17 -13 21 -15 24 -17 -18 -19 29 -21 28 22 -24 -25 25 -27 -28 -29 -30 -31
leaf_value=-0.048067245757811961 -0.0045359673586277969 0.04616976796932213 -0.0013507278661704638 -0.0046796831341335467 -0.032063101942726407 0.059775397709583282 -0.023493549037019654 0.018185909966352179 -0.019501877699262406 -0.02865716538797048 0.015633226348145592 -0.026288065181569162 0.037034627716544775 0.022128336996169458 -0.0035591684110213989 -0.016255811188906854 0.013908288274470361 0.040959807906688794 -0.009910122830571402 0.041049032686194996 -0.014770846223836915 0.040406300841389575 -0.0083412061884488142 0.091560445210896665 0.037129283559055308 -0.020241885788993857 0.0035692290709600548 0.0018651365082870603 0.028868107166928454 0.011040301839662878
leaf_weight=8567.5211844965816 1458.9296061098576 2431.2515925243497 2826.9874888211489 6135.9967302009463 6918.0205925256014 213.24727374315262 1407.6322089582682 3945.0006844475865 2611.8100058361888 9155.7726972997189 2700.8006342574954 1852.6049240455031 8249.8192812129855 2465.9474742636085 1759.0089200809598 3236.8142760917544 5570.9064667448401 3267.8842447251081 3817.5692774504423 2125.3888815641403 381.95762185752392 492.61550512164831 198.77158391475677 756.38473311811686 1507.1203784421086 478.2119645178318 2445.64062730968 3716.4646138399839 2893.4177960604429 2369.8565995469689
leaf_count=110918 11809 14355 23090 51179 73153 1465 12551 26540 24017 90699 19087 16336 48802 18013 12141 28720 42405 21338 30372 13166 2619 2777 1318 3853 10463 3614 23667 28223 18809 18894
internal_value=-0.000137562 0.00878753 -0.00405548 0.0167456 -0.0329017 0.0247815 -0.0133725 0.0128437 -0.0220488 -0.0222156 0.0228183 -0.00214943 0.0325553 0.0037451 0.0243576 -0.000258072 0.00416612 0.0295042 0.000177953 0.0261963 0.0333232 0.0405411 0.0604825 0.0714333 0.0106882 0.0233069 -0.00834684 -0.00510433 0.0237762 -0.00188538
internal_weight=95959.4 75416.4 28853 46563.3 20543 31619.6 21425.4 12471.1 11975.5 11982.8 7427.61 9442.65 19148.6 7590.04 9450.97 14943.7 11706.9 5968.68 6400.67 6070.39 5706.63 9697.59 1447.77 1249 3744.34 1985.33 5057.45 5124.1 3275.38 6187.43
internal_count=804393 572638 241146 331492 231755 209188 188912 90437 120837 113789 52234 75123 118751 58787 62001 122304 93584 40425 50731 39706 35783 56750 7948 6630 26218 14077 47684 40774 21428 49266
is_linear=0
shrinkage=0.05


Tree=13
num_leaves=31
num_cat=0
split_feature=16 24 14 16 16 5 17 22 13 24 24 14 5 22 12 16 13 12 14 14 12 4 13 14 11 11 12 11 22 14
split_gain=9512.93 3317.15 2345.14 1964.31 1455.2 941.238 900.419 629.374 543.61 511.909 507.725 469.097 459.145 456.056 603.626 347.116 343.041 306.007 332.787 300.528 425.184 296.495 350.653 276.981 410.895 312.425 469.34 276.522 257.444 250.693
threshold=0.60294118523597728 2.5000000000000004 255.50000000000003 0.75000000000000011 0.39705882966518408 2.5000000000000004 201.97499847412112 0.030713726750000003 -15.395231913786739 3.5000000000000004 3.5000000000000004 179.50000000000003 5.5000000000000009 -0.17849789999999996 4.4582043343653259 0.83823528885841381 -36.138513235554051 4.3854489164086692 224.50000000000003 236.50000000000003 3.4721362229102173 23.527066297829155 -23.024700004538236 269.50000000000006 68.440097592586525 34.118159608252284 3.7786377708978334 87.722411732163422 -0.16837660999999995 237.50000000000003
decision_type=2 8 2 2 2 2 2 2 2 10 10 2 2 2 2 2 2 2 2 2 2 2 2 2 2 2 2 2 2 2
left_child=4 5 3 8 -1 -2 9 -6 10 21 12 -8 29 -4 23 -7 -11 -12 -19 -14 -21 22 -5 28 25 -25 -27 -23 -15 -3
right_child=1 2 13 6 7 15 11 -9 -10 16 17 -13 19 14 -16 -17 -18 18 -20 20 -22 27 -24 24 -26 26 -28 -29 -30 -31
leaf_value=-0.047277642217256027 0.0069485564956543525 0.011120929627328694 -0.027024113598544341 0.040717172250483054 -0.030127766300968441 -0.027246077122223052 0.060123322473395427 -0.0062422598040607399 -0.00492910183438529 0.039267340851119541 0.013036417221287689 0.032213237245611613 -0.013544156976413597 0.13574987461037585 -0.020910667326748445 -0.0044487004681526892 0.020053262886833404 0.02275773603459905 0.060959140080073526 -0.005873157534434916 0.05571188453787939 0.0072990869664494099 0.0060201623138705683 -0.0066677724293682863 -0.056496336749911204 0.04797574777647598 0.2006888248735077 0.03125372828533813 1.7084421904519213e-05 0.046397842228938842
leaf_weight=8230.9292494505644 3761.098712541163 3362.7141574248672 2813.2443693876266 1973.1622769758105 6242.075882717967 7855.9837263822556 2194.0900982543826 4941.4706552252173 7756.4558135867119 4600.6525156870484 3690.7730312421918 4813.1644799634814 3723.8857610449195 34.369418561458588 2758.6987078562379 2120.8839564844966 4699.8143199533224 1709.6072785258293 856.00983961671591 838.05055301636457 419.96005611121655 9281.9387234970927 1154.3464630246162 232.98588133603334 115.59506393969059 622.25155276805162 53.915669426321983 1383.6443682685494 2840.3165057078004 591.59560076892376
leaf_count=110789 29214 22877 25860 11757 65331 81016 12067 44379 65040 25714 24183 30758 30717 292 24608 19177 31573 10820 5498 7146 3383 68413 8293 1990 931 5022 381 9489 22954 4083
internal_value=-7.53322e-05 0.00787988 0.0127681 0.0168598 -0.0313218 -0.0143657 0.0252605 -0.0195754 0.00584048 0.0204954 0.0113388 0.0409597 0.00368985 -0.010149 -0.0030158 -0.0224007 0.0295611 0.0222616 0.0355223 -0.00640708 0.0147136 0.0143808 0.0279167 0.00964623 0.0319519 0.0432474 0.060431 0.0104094 0.00168653 0.016409
internal_weight=95673.7 76259.2 62521.2 53049.9 19414.5 13738 30100.8 11183.5 22949.1 23093.6 15192.6 7007.25 8936.21 9471.38 6658.13 9976.87 9300.47 6256.39 2565.62 4981.9 1258.01 13793.1 3127.51 3899.43 1024.75 909.153 676.167 10665.6 2874.69 3954.31
internal_count=803755 583256 453849 371811 220499 129407 198064 109710 173747 155239 108707 42825 68206 82038 56178 100193 57287 40501 16318 41246 10529 97952 20050 31570 8324 7393 5403 77902 23246 26960
is_linear=0
shrinkage=0.05


Tree=14
num_leaves=31
num_cat=0
split_feature=19 24 5 16 20 11 22 17 12 11 22 19 14 20 13 14 24 14 17 19 14 14 20 12 11 12 13 14 12 14
split_gain=9703.07 2741.91 2052.77 1272.67 1256.96 1199.72 1085.55 832.252 824.509 669.401 646.639 552.335 472.042 448.206 436.41 402.767 391.315 320.752 317.488 311.816 384.171 296.527 334.504 314.432 410.136 288.038 264.011 258.184 251.711 232.18
threshold=0.33823530375957495 2.5000000000000004 6.5000000000000009 0.39705882966518408 15.344291687011721 16.61007971562238 0.3967179950000001 196.83333587646487 6.3699690402476792 111.65133048040369 -0.24300540499999998 0.57352942228317272 181.50000000000003 -3.4393386840820308 -24.974369790762566 259.50000000000006 1.5000000000000002 255.50000000000003 197.25724792480472 0.57352942228317272 256.50000000000006 230.50000000000003 105.83823394775392 4.7275541795665648 30.010807182985843 9.4938080495356054 -37.345665130805507 268.50000000000006 8.9767801857585159 259.50000000000006
decision_type=2 8 2 2 2 2 2 2 2 2 2 2 2 2 2 2 10 2 2 2 2 2 2 2 2 2 2 2 2 2
left_child=3 4 5 -1 8 15 13 11 18 14 -5 26 -9 -4 -8 -3 25 -13 -2 -15 -21 -12 23 27 29 -10 -7 -23 -28 -25
right_child=1 2 6 10 -6 7 9 12 16 -11 21 17 -14 19 -16 -17 -18 -19 -20 20 -22 22 -24 24 -26 -27 28 -29 -30 -31
leaf_value=-0.047082400390547306 -0.014671470604120308 0.0016497614653505283 0.038383102761943552 -0.034358616270229403 -0.027769631078407471 0.018768426161297393 0.021329923156691154 0.047475766707326131 0.077913190397191703 0.066059940451608359 -0.021074395978352607 0.028068203954985438 0.026724705168277192 -0.013659441228563884 -0.00099088914247816859 -0.042006955817314111 -0.0056164538739963367 -0.0067801773665769121 0.010318931891017477 0.0064410666540965006 -0.021321349503331779 -0.012694995961224205 -0.027084863686249884 0.033622315304039384 0.090650149888087339 0.018443353611432275 -0.00068829380112982294 0.066912469112986428 0.042171113236544905 -0.022684037241150187
leaf_weight=7889.4943290352821 3479.6219476237893 3748.1507687419653 550.74817684292793 5116.1423420831561 6743.1521691530943 3865.2313200011849 5096.8618617281318 4091.38548681885 579.63948336988688 604.73020804673433 3313.8037733137608 8912.5709755197167 8319.575515113771 8987.4042001590133 3838.7558104768395 613.98633912205696 345.22574088722467 712.75524771213531 2001.0384381189942 5624.5987917631865 1599.6377990916371 1229.6831933930516 826.69083426892757 524.00991085916758 222.04861188679934 314.74851331859827 5541.6370176002383 110.04647444188595 364.14007420837879 280.26062361896038
leaf_count=110653 30941 29020 3655 57353 71374 24387 32158 22168 4356 3877 31577 55331 51752 78919 30525 6109 2837 5565 15427 44089 14235 11777 8925 5126 2046 2609 40871 949 2362 2722
internal_value=-0.000135299 0.0079459 0.0123566 -0.0315837 -0.0125197 0.0200855 0.00172808 0.0234577 0.00278391 0.0151914 -0.02106 0.0169866 0.0335688 -0.00593506 0.0117418 -0.0045033 0.039592 0.0254872 -0.00554703 -0.00744293 0.00029163 -0.0105996 0.000275631 0.00984272 0.0306539 0.0570288 0.00861097 -0.00611094 0.00196104 0.0139977
internal_weight=95447.8 75935.6 62472.2 19512.2 13463.4 36169.4 26302.7 31807.3 6720.27 9540.35 11622.7 19396.3 12411 16762.4 8935.62 4362.14 1239.61 9625.33 5480.66 16211.6 7224.24 6506.54 3192.74 2366.05 1026.32 894.388 9771.01 1339.73 5905.78 804.271
internal_count=803695 572567 445023 231128 127544 237565 207458 202436 56170 66560 120475 128516 73920 140898 62683 35129 9802 60896 46368 137243 58324 63122 31545 22620 9894 6965 67620 12726 43233 7848
is_linear=0
shrinkage=0.05


Tree=15
num_leaves=31
num_cat=0
split_feature=17 16 22 24 14 20 14 17 20 12 12 20 11 11 14 22 1 14 14 11 4 24 22 22 14 11 22 20 14 12
split_gain=8165.79 3033.83 1740.78 1434.87 1264.69 1146.52 721.906 721.145 570.44 667.554 562.032 498.619 485.346 453.933 633.467 566.089 446.131 327.684 317.029 298.236 283.733 275.252 267.467 253.631 250.678 249.665 248.689 243.862 243.504 332.863
threshold=168.56278228759768 0.75000000000000011 -0.30655443499999996 2.5000000000000004 255.50000000000003 -12.666358947753904 236.50000000000003 201.97499847412112 16.297058105468754 6.2523219814241502 4.7275541795665648 96.985290527343764 16.61007971562238 50.50536256878646 177.50000000000003 1.0095930500000001 5.3780717700719842 183.50000000000003 181.50000000000003 22.476063048126807 49.63049931451679 1.5000000000000002 0.16082139000000004 0.29689309000000008 261.50000000000006 14.008156353618409 -1.9131074999999997 -13.290626525878904 229.50000000000003 4.1563467492260076
decision_type=2 2 2 8 2 2 2 2 2 2 2 2 2 2 2 2 2 2 2 2 2 8 2 2 2 2 2 2 2 2
left_child=6 2 5 8 7 21 -1 13 9 -3 -8 19 24 23 -15 26 22 -11 -9 -12 -7 -2 -14 27 -4 -25 -16 -5 -18 -30
right_child=1 3 12 4 -6 20 10 18 -10 17 11 -13 16 14 15 -17 28 -19 -20 -21 -22 -23 -24 25 -26 -27 -28 -29 29 -31
leaf_value=-0.047581568573460825 -0.01928028438034329 -0.0041578571542911303 -0.0071319711578468128 0.022074616619382675 -0.0090164273999339666 -0.010181566262806583 -0.035341209419205794 0.050857711291964973 -0.022896557737700038 0.064656383747969184 0.011057426716693174 -0.023203823624354851 0.0022166893714896832 0.046751018651116125 0.079648288991427438 0.050117471213552534 -0.0073896232574544671 0.0084116001390004778 0.028690940231546842 0.082326259908676203 -0.026243073844783794 0.030444616485925197 0.018277127214828576 -0.011159005618769813 -0.041518730242901758 0.024068030536977619 0.012255466578585679 0.00040609500698789473 0.0015847927978223043 0.038607071449833601
leaf_weight=7969.5442452728748 345.44212262332439 3896.9478521198034 2185.1900961697102 1693.6128450036049 3586.5987550020218 3729.9175270050764 2613.7769264057279 2436.4459971338511 2777.3867009580135 605.02584928274155 413.81804662197828 774.58513036370277 3860.9433057829738 2646.8858733549714 138.57042916119099 1233.6423514261842 6299.42609333992 452.76720894128084 4791.1030906736851 226.80923569202423 10480.739971913397 1418.5550312846899 7890.7632859349251 566.39217200875282 698.95357349514961 4454.537826910615 7236.2063831612468 5554.3795760497451 3371.4542319178581 739.49380557984114
leaf_count=112524 2640 32836 18875 10719 30441 32158 32632 12855 29269 4314 5020 8942 30696 14701 809 6265 49620 3649 29743 2707 105229 9806 53184 4491 7035 27607 49208 40882 27916 6117
internal_value=-0.000304793 0.00526321 -0.00441227 0.0146972 0.0190788 -0.0173089 -0.0388611 0.0223558 -0.00476162 0.0054065 -0.0216041 0.00377412 0.00381366 0.0181103 0.0253618 0.0187805 0.00632469 0.0406126 0.0361695 0.0363786 -0.0220284 0.0207016 0.0130012 0.0114563 -0.0154769 0.0200928 0.0135324 0.00547165 -0.0012126 0.00825228
internal_weight=95089.9 83091.4 41020.9 42070.5 34338.4 15974.7 11998.5 30751.8 7732.13 4954.74 4028.99 1415.21 25046.2 23524.2 11255.3 8608.42 22162.1 1057.79 7227.55 640.627 14210.7 1764 11751.7 12268.9 2884.14 5020.93 7374.78 7247.99 10410.4 4110.95
internal_count=802890 641065 343276 297789 227721 149833 161825 197280 70068 40799 49301 16669 193443 154682 70983 56282 167533 7963 42598 7727 137387 12446 83880 83699 25910 32098 50017 51601 83653 34033
is_linear=0
shrinkage=0.05


Tree=16
num_leaves=31
num_cat=0
split_feature=16 18 22 14 22 15 13 20 5 14 22 22 23 23 14 14 20 14 14 14 13 18 5 13 5 14 13 22 3 18
split_gain=7709.86 2532.08 1633.87 1504.31 1086.63 979.141 730.124 631.918 509.087 431.5 351.694 340.88 334.478 319.409 373.902 369.507 320.296 291.931 337.004 274.977 265.108 222.504 222.183 216.799 212.368 208.151 201.193 194.434 187.456 187.828
threshold=0.57352942228317272 177.36049652099612 -0.24855561999999998 181.50000000000003 -0.18673216999999998 10.156138420104982 -12.470812891082312 70.059715270996108 5.5000000000000009 255.50000000000003 -0.83013656999999996 -0.15288999499999997 1.5895577000000003 1.25831 228.50000000000003 243.50000000000003 7.2383346557617196 256.50000000000006 270.50000000000006 157.50000000000003 -38.190369529021041 187.42769622802737 1.0000000180025095e-35 -45.055139483116996 10.500000000000002 236.50000000000003 -29.590431919465583 0.93355476500000012 113.05128215253355 187.42769622802737
decision_type=2 2 2 2 2 2 2 2 2 2 2 2 2 2 2 2 2 2 2 2 2 2 2 2 2 2 2 2 2 2
left_child=5 2 8 10 9 11 13 12 26 21 -3 -1 -6 14 16 20 23 24 -19 -12 -15 -5 -21 -4 -16 -7 -2 -9 29 -24
right_child=1 3 6 4 7 25 -8 27 -10 -11 19 -13 -14 15 17 -17 -18 18 -20 22 -22 -23 28 -25 -26 -27 -28 -29 -30 -31
leaf_value=-0.032116644784033685 0.0070065161309819119 0.014612704703432953 0.040765308527976871 -0.0031087713117949009 0.017926150146656661 -0.05073365397356927 -0.0077248614435594777 0.0026415031718582806 -0.022311571020157947 -0.026079854744043882 0.015947450990894681 -0.010961528092564905 0.037782545061622069 0.038818249564596743 0.042088848616893479 -0.0040877382471372686 -0.0065922083664809034 -0.012090055035883814 0.060152668185516935 0.068897942061482628 0.015341160948044379 0.013715271262893373 0.02987358907413722 0.0051848856091588347 0.0029294098375108515 -0.029872496300242291 -0.010569940128649693 -0.030485695903930288 0.07845895832899813 0.049687881841848282
leaf_weight=3528.8917036950588 2415.0662517622113 2746.0654892623425 652.26405725628138 7735.5814605876803 10772.942941240966 5710.2296526655555 6982.5368790328503 2707.009156152606 9536.9050531536341 1689.1643742695451 1537.4715937301517 4138.110639385879 2641.5153619945049 2376.8625200539827 1453.7099934145808 1198.1835680752993 5148.7048921063542 920.3659880682826 194.72312657535076 581.60131196677685 2437.0401720553637 2633.4544962123036 4709.7424803748727 1243.3119425699115 454.56843788921833 1519.3064304217696 4992.0967798382044 528.56396579742432 257.08925238251686 1607.6211549341679
leaf_count=41181 18547 18849 3777 64915 70030 87661 61814 21890 96493 16204 9845 40298 14710 13519 10505 8854 37776 7738 1549 3057 16300 20177 27517 8401 3771 21024 43354 4450 1519 8605
internal_value=-0.000122707 0.00601636 -0.00288613 0.0148873 0.00877722 -0.0331535 0.00577488 0.0170551 -0.0146741 -0.00265343 0.0302189 -0.0207015 0.0218387 0.0116372 0.00619047 0.0207555 -0.000122891 0.0208954 0.000567968 0.0351462 0.0269386 0.00116499 0.0392683 0.0174431 0.0327672 -0.0463544 -0.00483906 -0.00277791 0.036637 0.0349229
internal_weight=95050.7 80154.2 40006.3 40147.8 28708.2 14896.5 23062.3 16650 16944.1 12058.2 11439.6 7667 13414.5 16079.7 10067.6 6012.09 7044.28 3023.37 1115.09 8693.53 4813.9 10369 7156.05 1895.58 1908.28 7229.54 7407.16 3235.57 6574.45 6317.36
internal_count=804330 614166 332398 281768 212376 190164 174004 111080 158394 101296 69392 81479 84740 112190 73517 38673 49954 23563 9287 50543 29819 85092 40698 12178 14276 108685 61901 26340 37641 36122
is_linear=0
shrinkage=0.05


Tree=17
num_leaves=31
num_cat=0
split_feature=18 18 22 14 21 14 22 21 4 5 11 14 12 13 23 9 14 11 11 14 22 21 12 11 14 23 11 14 14 12
split_gain=7153.22 2703.45 1665.71 1471.96 1380.67 961.051 849.653 783.196 755.669 637.219 588.549 587.476 497.246 489.156 431.382 417.375 413.291 407.868 348.869 341.826 296.573 291.78 269.88 366.952 265.176 263.568 252.722 504.243 286.59 407.508
threshold=161.1470642089844 177.36049652099612 0.36488128000000003 179.50000000000003 -0.06070800124999999 257.50000000000006 0.27487151000000004 -0.071224827349999978 96.471147269010558 2.5000000000000004 50.095855824868472 236.50000000000003 5.1625386996904039 -9.3735463795116605 2.3124152500000004 74.500000000000014 256.50000000000006 24.852478495173319 27.620079198385081 217.50000000000003 -0.17849789999999996 1.4441750000000002 3.6795665634674926 111.65133048040369 251.50000000000003 0.63108661500000018 50.50536256878646 171.50000000000003 220.50000000000003 2.0386996904024772
decision_type=2 2 2 2 2 2 2 2 2 2 2 2 2 2 2 2 2 2 2 2 2 2 2 2 2 2 2 2 2 2
left_child=11 2 7 10 6 14 19 9 26 -2 -3 -1 -13 21 15 -6 17 -14 -7 -5 -20 22 23 -4 -8 -11 -9 -28 -29 -30
right_child=1 3 13 4 5 18 24 8 -10 25 -12 12 16 -15 -16 -17 -18 -19 20 -21 -22 -23 -24 -25 -26 -27 27 28 29 -31
leaf_value=-0.049120739105345562 0.0019062720688984799 0.021850236953842143 -0.0029422141511121097 -0.0015836611047259756 0.018783112680703644 -0.034378662010249153 0.022084967190499093 7.1716154382623102e-05 -0.015883849751900415 -0.010553662215241757 0.047168362418679693 -0.036938061014384155 0.0078332869040594385 -0.0069878182415410829 0.065548949064757653 0.054725517187984019 -0.026612634528791757 0.10311394512649459 -0.025737332544855114 -0.020622596480031979 0.017441093816059194 0.045463173410939361 0.019409872506035139 0.045244609661958285 -0.010081091928275082 -0.027634338523399211 0.060583189722078837 -0.0026993143570452835 -0.0069660349926890398 0.056673278907954865
leaf_weight=6504.9698599800467 3049.5575496032834 7794.8345563262701 3436.5740980878472 4302.2833969518542 12479.883997149765 928.58967626094818 3152.4065677598119 4866.864299826324 6003.6182778775692 2962.0313340425491 3255.0075249448419 2319.3838073387742 419.65216279029846 3238.0366226509213 568.74190948158503 862.98590435832739 574.98819391429424 152.46054690331221 589.95978950709105 5214.9924231767654 1215.0146987810731 739.28156139701605 6197.2103148400784 445.39469760656357 803.49326694011688 9531.6113118827343 572.37258110195398 1827.526626214385 430.16643568873405 604.14646531641483
leaf_count=102064 24319 48335 23246 35431 80034 8745 19680 38714 55916 26411 17265 31013 5325 28424 2965 5146 6830 1815 5366 48636 9114 4522 41598 2892 6528 100449 3604 13372 3450 4304
internal_value=-0.000197103 0.00449922 -0.00413175 0.0137037 0.00797657 0.0176076 -0.00392228 -0.0108151 -0.00237208 -0.0185846 0.0293119 -0.0402607 -0.0236252 0.0100595 0.022933 0.0211117 0.00330149 0.03336 -0.00949298 -0.0120171 0.0033217 0.015162 0.0129352 0.00259669 0.0155507 -0.023586 0.00740082 0.0177844 0.00920637 0.0302248
internal_weight=95044 85072.6 43904.4 41168.2 30118.4 16645.2 13473.2 29847.9 14304.7 15543.2 11049.8 9971.45 3466.48 14056.5 13911.6 13342.9 1147.1 572.113 2733.56 9517.28 1804.97 10818.5 10079.2 3881.97 3955.9 12493.6 8301.08 3434.21 2861.84 1034.31
internal_count=805513 658466 371221 287245 221645 111370 110275 270539 119360 151179 65600 147047 44983 100682 88145 85180 13970 7140 23225 84067 14480 72258 67736 26138 26208 126860 63444 24730 21126 7754
is_linear=0
shrinkage=0.05


Tree=18
num_leaves=31
num_cat=0
split_feature=19 21 5 14 15 19 19 14 14 6 12 14 21 23 14 18 14 17 12 23 14 12 5 14 14 14 12 14 23 14
split_gain=7295.33 1907.59 1597.95 1313.87 1181.48 787.279 586.33 488.285 406.004 519.349 386.092 651.645 408.618 377.505 395.409 365.174 353.004 346.424 310.622 299.518 355.026 644.532 271.138 232.913 339.539 230.379 306.471 229.67 214.11 324.873
threshold=0.33823530375957495 0.24118209000000004 3.5000000000000004 252.50000000000003 9.7743926048278826 0.51470589637756359 0.60294118523597728 233.50000000000003 214.50000000000003 5.5000000000000009 4.3854489164086692 258.50000000000006 -0.65693205499999985 1.6978337000000001 208.50000000000003 182.33635711669925 255.50000000000003 187.78333282470706 8.7647058823529438 1.6599746000000002 219.50000000000003 3.9659442724458209 1.5000000000000002 181.50000000000003 215.50000000000003 237.50000000000003 4.6981424148606825 156.50000000000003 0.51782399000000012 271.50000000000006
decision_type=2 2 2 2 2 2 2 2 2 2 2 2 2 2 2 2 2 2 2 2 2 2 2 2 2 2 2 2 2 2
left_child=4 2 8 5 7 19 28 -1 9 17 -9 12 -12 15 -15 23 -8 -2 -10 20 -3 -22 -11 27 -25 -6 -27 -7 29 -4
right_child=1 3 6 -5 25 13 16 10 18 22 11 -13 -14 14 -16 -17 -18 -19 -20 -21 21 -23 -24 24 -26 26 -28 -29 -30 -31
leaf_value=-0.028134532616811619 -0.010155705637268761 -0.0079820607796891371 -0.0036636886491011483 -0.0058583187139051515 -0.050048403714162741 -0.0083485661873010097 0.0051089125949540636 -0.018379936720670346 0.005379544034481056 0.038703982663413017 -0.0061060062114998356 -0.021540752750833551 0.06042998457939297 0.056190784495338188 0.021589658654170257 0.032029894601128137 -0.021260907016352151 0.014880158853737752 -0.030269488663915087 0.027930766264075993 0.0003183775733883856 0.074316662714804513 0.016656431775963303 0.0017119403208863994 0.023417264039024045 -0.044979087918653918 0.0022215730732311799 0.034062048583763854 -0.015539376709463384 0.11152162643761508
leaf_weight=6203.5530259720981 1977.1886263266206 3759.2617806196213 3295.6510874181986 5774.1252022385597 5455.2915167808533 365.85986115783453 9763.7351578697562 2851.9757192023098 2953.1020835936069 2893.7925643101335 350.48771915584803 849.05065958946943 673.48377906903625 1856.1838405579329 1490.0818172469735 6072.4987395629287 1457.7219934463501 4582.5157861933112 769.41290537267923 1189.7023979872465 1048.5332382395864 408.07549528032541 2695.5974493771791 3897.854367017746 3349.796635992825 943.712367631495 540.60480225086212 2484.6742828562856 14492.233950681984 61.373605869710445
leaf_count=68073 15269 28010 27782 48444 90764 2484 77086 31998 21816 17884 3676 9335 6700 9319 8778 34415 13696 29455 6946 8075 8678 2962 17161 24886 22477 14238 7122 13956 131788 505
internal_value=-0.000390609 0.00631719 -0.000307573 0.0157101 -0.02916 0.0205144 -0.00727388 -0.0189118 0.0124517 0.016878 -0.0067997 0.0108335 0.0376721 0.0255061 0.0407941 0.0223402 0.00168176 0.00733359 -0.00199497 0.00530359 0.000138136 0.0210861 0.028076 0.0165108 0.0117458 -0.045294 -0.0277982 0.0286177 -0.0129039 -0.00152527
internal_weight=94507.1 76639 44942.3 31696.6 17868.2 25922.5 29070.7 10928.6 15871.6 12149.1 4725 1873.02 1023.97 19516.9 3346.27 16170.7 11221.5 6559.7 3722.51 6405.57 5215.87 1456.61 5589.39 10098.2 7247.65 6939.61 1484.32 2850.53 17849.3 3357.02
internal_count=803778 571872 359388 212484 231906 164040 250857 119782 108531 79769 51709 19711 10376 116315 18097 98218 90782 44724 28762 47725 39650 11640 35045 63803 47363 112124 21360 16440 160075 28287
is_linear=0
shrinkage=0.05


Tree=19
num_leaves=31
num_cat=0
split_feature=19 24 13 16 20 20 4 12 24 19 24 11 12 20 20 4 12 11 18 24 16 18 13 11 13 12 9 24 20 9
split_gain=6659.56 2057.31 1316.72 1155.47 934.407 841.531 750.725 667.976 612.712 574.327 564.152 539.596 432.287 413.253 501.654 399.482 359.987 295.797 270.741 260.509 244.494 236.419 235.034 225.475 225.118 284.24 221.717 213.096 205.51 219.945
threshold=0.33823530375957495 2.5000000000000004 -33.862050147456088 0.33823530375957495 10.092330932617189 12.029861450195314 32.716211497783668 6.3699690402476792 3.5000000000000004 0.51470589637756359 3.5000000000000004 12.778281696572909 4.2275541795665648 61.970138549804695 96.985290527343764 90.843411613255753 9.1253869969040267 66.271986887747019 176.38038635253909 1.5000000000000002 0.66176471114158641 161.1470642089844 -86.071898981859604 145.48981178265885 -88.962283738061259 2.3854489164086692 77.500000000000014 4.5000000000000009 -11.365150451660154 77.500000000000014
decision_type=2 8 2 2 2 2 2 2 10 2 8 2 2 2 2 2 2 2 2 10 2 2 2 2 2 2 2 10 2 2
left_child=3 4 6 -1 7 9 28 22 24 -4 -5 -7 21 -14 -15 26 18 27 -11 -9 -19 -12 -2 -10 25 -8 -13 -17 -3 -30
right_child=1 2 5 10 -6 11 8 19 23 16 12 15 13 14 -16 17 -18 20 -20 -21 -22 -23 -24 -25 -26 -27 -28 -29 29 -31
leaf_value=-0.046839931866226522 0.069608335461748341 0.048274834503727326 -0.0047389139153281015 -0.039108700981639911 -0.024413464023136995 -0.026265330857615302 -0.0015255997433667938 0.052761580331313486 0.02350036152519825 0.0048095101881158843 -0.037046860963160913 0.0046576722738738974 -0.019083669796961418 0.03520767189686605 -0.014771424329632955 -0.015451141127762379 0.060879504767156034 -0.013064554481137098 0.024073114661901495 -0.0060351148342835713 0.019990055764481211 -0.014784759552543665 -0.006745935835264347 -0.044777795125703235 0.0024061359135997187 0.051458840173117915 0.02653720137437305 0.0015107003647367113 0.025002379121599125 0.064610397089295543
leaf_weight=5611.6137076467276 101.91196486353874 1425.243718393147 2958.2740184441209 2743.8345083668828 7010.9580068588257 2052.8160779252648 468.21874938160181 794.32987745851278 8710.5487017631531 2632.4533387497067 1800.7079345397651 9826.3518505990505 1602.6110899411142 1223.1915485560894 850.40469468012452 6207.5519790425897 522.50608716905117 836.56383077055216 5942.3260765150189 246.61286999285221 1684.3027916625142 3535.306838825345 4890.4875635951757 121.72738311439753 9678.1688717007637 549.84537755697966 1311.6659074425697 2638.4405713677406 6095.289216183126 371.4150108024478
leaf_count=96349 625 6678 22702 36145 78646 20047 3008 5505 49504 17899 24814 72973 16786 12078 9774 56296 2982 7402 34639 1888 13101 35043 40592 800 69831 3481 9014 19806 33759 2053
internal_value=-0.000205023 0.00609747 0.00978436 -0.0281743 -0.0120006 0.00357934 0.0180692 0.00242518 0.0128087 0.0143977 -0.0192613 -0.00173185 -0.013215 -2.12961e-05 0.0147135 0.000507074 0.0206205 -0.00608689 0.0181604 0.0388395 0.00901987 -0.0223029 -0.00517366 0.0225544 0.00476006 0.0271131 0.00723646 -0.0103924 0.0310828 0.0272869
internal_weight=94445.7 77078 64033.7 17367.7 13044.3 36613.3 27420.5 6033.34 19528.5 12055.6 11756.1 24557.7 9012.22 3676.21 2073.6 22504.9 9097.29 11366.9 8574.78 1040.94 2520.87 5336.01 4992.4 8832.28 10696.2 1018.06 11138 8845.99 7891.95 6466.7
internal_count=804220 573231 445975 230989 127256 276861 169114 48610 126624 78222 134640 198639 98495 38638 21852 178592 55520 96605 52538 7393 20503 59857 41217 50304 76320 6489 81987 76102 42490 35812
is_linear=0
shrinkage=0.05


Tree=20
num_leaves=31
num_cat=0
split_feature=19 21 4 14 22 14 19 19 14 13 12 14 23 21 13 11 22 23 12 14 21 23 21 14 14 12 21 14 14 11
split_gain=6141.93 1626.17 1249.69 1080.79 1077.52 984.044 742.054 659.075 656.626 591.395 503.995 518.267 441.522 421.067 404.784 390.479 668.308 376.253 354.309 455.961 679.009 682.898 358.324 347.906 346.908 558.763 467.438 405.185 341.493 333.163
threshold=0.33823530375957495 0.27051234000000007 32.716211497783668 254.50000000000003 0.36488128000000003 236.50000000000003 0.13235294446349147 0.60294118523597728 175.50000000000003 -34.223689303690151 4.3854489164086692 257.50000000000006 0.59148773500000007 -0.76345792499999987 -41.19255329425166 28.386584936119274 -0.24855561999999998 1.6978337000000001 1.8591331269349849 264.50000000000006 1.0139480500000002 0.53717247000000012 0.98067301500000015 268.50000000000006 216.50000000000003 4.5356037151702795 0.39547174000000002 181.50000000000003 199.50000000000003 50.095855824868472
decision_type=2 2 2 2 2 2 2 2 2 2 2 2 2 2 2 2 2 2 2 2 2 2 2 2 2 2 2 2 2 2
left_child=5 2 9 7 8 6 -1 17 -4 -2 -7 13 -10 -12 -6 -5 -17 24 -18 22 21 -21 -20 -23 27 -26 -27 29 -11 -3
right_child=1 3 4 15 14 10 -8 -9 12 28 11 -13 -14 -15 -16 16 18 -19 19 20 -22 23 -24 -25 25 26 -28 -29 -30 -31
leaf_value=-0.049937687600562171 0.025060964605231058 0.0025360970972750797 0.0082886279261259188 -0.026692695113548628 0.024968686221538076 -0.022742901840902691 -0.024080020864723519 0.027968276678005118 -0.0034095693001104151 0.011324055599895596 -0.018903433181468088 -0.019109428133759127 -0.02019647818741549 0.045116809245832903 0.0019198082086106091 -0.029891377119070667 -0.0084089673055997138 0.029168604852521873 -0.037597083471512416 -0.043316341640714198 0.0069757723094643403 0.078638279687993681 0.034149505508708065 0.17372256217631166 0.0091998559831037927 -0.028778133707946144 0.065294039898225742 -0.0072337973038217795 -0.0089382188712774716 0.034828430774819688
leaf_weight=5136.2299836836755 5453.6630409508944 1980.4983936175704 3513.6750385612249 1613.0426798313856 2737.8776680678129 3461.0514284521341 6041.0590560361743 11274.393534488976 5552.7857953384519 5966.27452994138 349.22147028893232 1040.7761027887464 13299.027935422957 964.93000078573823 6256.1388461515307 1059.5633020177484 834.49458376318216 2599.1616635918617 312.08721748739481 72.35704167932272 377.10074660927057 208.6125480979681 390.81124904751778 182.62737492471933 3048.3273309394717 154.24308859556913 896.49561196565628 4722.8052212744951 3190.7452685460448 1337.7568959593773
leaf_count=91683 32718 13099 26173 15455 15907 44186 69187 64115 46672 40459 4071 12052 134114 10257 44648 9985 6530 15530 2418 565 2706 1626 2771 1250 22607 1031 5806 32784 25808 7452
internal_value=-7.96365e-05 0.00592235 -4.94848e-05 0.0147594 -0.00567654 -0.0272868 -0.0359656 0.0188687 -0.0115538 0.0120277 -0.0106044 0.00723772 -0.0152524 0.0281027 0.00893814 -0.00640532 0.00311908 0.0119069 0.0178333 0.0320166 0.056842 0.097302 0.00228583 0.123353 0.00820912 0.0200453 0.0514705 0.0021737 0.0042635 0.0155613
internal_weight=94027.8 77034.6 45970.2 31064.4 31359.5 16993.3 11177.3 26013.7 22365.5 14610.7 5815.98 2354.93 18851.8 1314.15 8994.02 5050.7 3437.65 14739.3 2378.09 1543.6 840.698 463.597 702.898 391.24 12140.1 4099.07 1050.74 8041.06 9157.02 3318.26
internal_count=803665 572229 366499 205730 267514 231436 160870 162424 206959 98985 70566 26380 180786 14328 60555 43306 27851 98309 17866 11336 6147 3441 5189 2876 82779 29444 6837 53335 66267 20551
is_linear=0
shrinkage=0.05


Tree=21
num_leaves=31
num_cat=0
split_feature=19 16 14 22 22 20 18 22 11 25 14 19 11 14 9 22 14 11 22 14 22 11 11 14 22 10 14 11 17 5
split_gain=5727.28 2128.06 1646.68 1110.95 868.114 689.074 479.18 434.588 517.296 343.986 319.175 314.916 301.735 282.715 364.229 307.564 249.172 302.286 244.539 238.676 213.858 208.607 207.126 237.079 264.927 205.42 198.905 197.575 185.423 182.017
threshold=0.48529411852359777 0.42647059261798864 255.50000000000003 -0.24300540499999998 -0.55092459999999999 -4.4447250366210929 177.36049652099612 -0.17849789999999996 34.118159608252284 25.014834511280064 161.50000000000003 0.57352942228317272 16.244831388937339 180.50000000000003 77.500000000000014 0.9662500300000002 266.50000000000006 52.526247973239556 0.36488128000000003 238.50000000000003 0.19324044500000001 111.65133048040369 78.397701685042946 245.50000000000003 -1.83664005 -15.396636620163916 206.50000000000003 47.529523677051351 198.50980377197268 8.5000000000000018
decision_type=2 2 2 2 2 2 2 2 2 2 2 2 2 2 2 2 2 2 2 2 2 2 2 2 2 8 2 2 2 2
left_child=1 19 4 9 5 28 11 -4 -9 25 -5 -6 26 -14 15 -15 27 -18 -12 -1 -21 -20 29 24 -24 -3 -8 -10 -2 -7
right_child=2 3 7 10 6 22 12 8 16 -11 18 -13 13 14 -16 -17 17 -19 21 20 -22 -23 23 -25 -26 -27 -28 -29 -30 -31
leaf_value=-0.046923240030516032 0.0088892980639131754 -0.0020466524543833959 -0.030672844936754678 -0.027361430223969797 -2.1052482627916633e-05 -0.0038272667224799068 0.014053459743555197 -0.02017104239002887 -0.027676017258942212 -0.032403840601063737 -0.0071928226657209347 0.014949243094995256 0.031721487440444777 0.013067509606167722 0.04806131773656843 0.031440547200905319 0.048802779016762332 -0.011408219053523483 0.0043652129343368252 -0.03725964082767786 0.0052309334750966063 0.047848335521781388 0.06889258301305784 0.073651973939362195 -0.0019818432727895362 -0.021491479948106601 -0.020174545516274053 0.014967505892909617 0.02776688568795781 -0.019847499850302847
leaf_weight=5347.2211437784135 3107.5111003667116 2097.0998125076294 2478.6193311586976 1146.4467268399894 5874.9151900187135 6843.7956828400493 1093.7327036634088 2491.8613966330886 466.7655051201582 5032.9609912410378 6429.0126335173845 8736.8230246677995 5684.0965953916311 11629.232501782477 986.40830305218697 2832.8157814890146 718.11353302001953 293.08010701835155 7605.2129326276481 900.50420778989792 440.65108469501138 285.21942054480314 146.69048360735178 140.22720023244619 1229.0690750852227 3855.2340694889426 692.21873253583908 646.79562741518021 2238.1790638789535 2392.2924614548683
leaf_count=98238 21088 21181 25627 10800 42264 58238 6972 22672 3577 58061 59298 57548 29133 75460 5670 14173 5164 2343 60981 14187 6354 2069 806 1018 10078 42070 6089 4945 13167 24421
internal_value=-0.000278118 -0.0169965 0.00884602 -0.0106244 0.011841 0.00212739 0.0160072 -0.0137891 -0.00471971 -0.022782 -0.00198798 0.00893057 0.0205183 0.0221861 0.0186758 0.0166683 0.0134022 0.0313574 4.52445e-05 -0.0421916 -0.0233054 0.00594288 -0.00516681 0.011957 0.0056197 -0.0146423 0.000783127 -0.00291595 0.0167968 -0.00797846
internal_weight=93862.8 33139.6 60723.2 26451.2 53628 16097.8 37530.2 7095.24 4616.62 10985.3 15465.9 14611.7 22918.5 21132.6 15448.5 14462 2124.75 1011.19 14319.4 6688.38 1341.16 7890.43 10752.1 1515.99 1375.76 5952.33 1785.95 1113.56 5345.69 9236.09
internal_count=803692 373239 430453 254460 366125 128816 237309 64328 38701 121312 133148 99812 137497 124436 95303 89633 16029 7507 122348 118779 20541 63050 94561 11902 10884 63251 13061 8522 34255 82659
is_linear=0
shrinkage=0.05


Tree=22
num_leaves=31
num_cat=0
split_feature=16 24 16 5 21 16 11 5 23 11 22 12 20 22 2 20 5 12 9 21 12 11 12 11 12 11 23 22 20 21
split_gain=5168.46 1858.78 1299.29 743.965 668.937 614.484 570.434 433.863 425.519 395.832 378.927 369.421 366.23 310.628 276.828 251.926 249.934 239.811 307.574 239.319 233.759 214.62 319.621 199.949 244.376 227.439 217.04 195.922 191.687 189.589
threshold=0.54411765933036815 2.5000000000000004 0.72058823704719555 6.5000000000000009 0.27051234000000007 0.27941177785396581 17.687629925646469 3.5000000000000004 1.6901442000000002 78.397701685042946 0.34739525500000007 8.7647058823529438 -11.365150451660154 0.038758732350000012 1.982675760984421 26.933258056640629 10.500000000000002 6.5588235294117654 38.500000000000007 0.39547174000000002 4.0650154798761617 43.371500721841407 2.7198142414860684 16.61007971562238 2.7198142414860684 111.65133048040369 1.6901442000000002 0.36488128000000003 26.933258056640629 1.3646467500000001
decision_type=2 8 2 2 2 2 2 2 2 2 2 2 2 2 2 2 2 2 2 2 2 2 2 2 2 2 2 2 2 2
left_child=5 3 10 14 7 -1 -6 -4 11 27 12 16 -3 -7 15 17 -8 -2 -19 -13 -15 -10 -23 -12 25 26 -25 -9 -11 -14
right_child=1 2 4 -5 6 13 8 9 21 28 23 19 29 20 -16 -17 -18 18 -20 -21 -22 22 -24 24 -26 -27 -28 -29 -30 -31
leaf_value=-0.047913545475496033 0.0046661362265289904 0.018286396513645015 0.015098103824784223 -0.028515130553882523 -0.013078677061121641 -0.033199597735380747 0.018753470799171803 -0.0076208873641308008 0.01847852551271606 0.034975717418777294 -0.012302062512606966 -0.046895447094088778 -0.010843446768312934 -0.025358294278760626 -0.010470099317636331 -0.017841400897242898 0.0003201927991379165 0.056399699708664201 -0.019225650234791909 0.076344051075582925 0.0032294503087667015 0.025830888528683843 0.061600224792283588 -0.017538530337683055 0.014382070090356042 0.037964126822805089 0.017210366014564722 0.005457324577966014 0.0027558324771974163 0.0091606646639262983
leaf_weight=4237.0848158076406 1460.9346159808338 1343.67226690799 8905.9654285982251 4921.4799678102136 1308.4815841242671 3581.4437416158617 13359.166461974382 7207.9370775818825 1149.7197461500764 1147.7725709453225 1311.8855582252145 43.289814367890358 12936.323938634247 1432.0300328470767 5944.4008868150413 699.30500940233469 2132.4622803553939 590.48001904785633 173.44980484992266 378.27383872121572 1426.865299500525 1193.949576549232 1314.1424179971218 1801.6077687330544 5859.5103838182986 289.50081154704094 597.69645930826664 4750.058338701725 772.03550831973553 1303.0564301870763
leaf_count=82866 11223 8735 53663 60995 10922 51335 79171 58842 6927 7081 12547 261 117631 17285 55678 7436 16546 4037 1465 2023 16019 7181 6237 13507 40338 1915 4140 31289 5770 10669
internal_value=-0.000384709 0.00383276 0.00717733 -0.0129273 0.0124107 -0.0331252 0.0188754 0.0064858 0.0210124 0.000958229 -0.00180385 0.0174757 -0.00665744 -0.0233901 -0.00427488 0.00831834 0.0162163 0.016545 0.0392263 0.0636077 -0.0110941 0.0363898 0.0445897 0.00586667 0.00865608 -0.00382284 -0.00887859 -0.00242582 0.0220269 -0.00901234
internal_weight=93574 82896.6 69106.5 13790.1 43663.3 10677.4 20879.5 22783.8 19571 13877.8 25443.3 15913.2 15583.1 6440.34 8868.57 2924.17 15491.6 2224.86 763.93 421.564 2858.9 3657.81 2508.09 9860.2 8548.32 2688.81 2399.3 11958 1919.81 14239.4
internal_count=803734 636229 495395 140834 285913 167505 129268 156645 118346 102982 209482 98001 137035 84639 79839 24161 95717 16725 5502 2284 33304 20345 13418 72447 59900 19562 17647 90131 12851 128300
is_linear=0
shrinkage=0.05


Tree=23
num_leaves=31
num_cat=0
split_feature=19 24 14 4 19 11 8 14 11 14 24 1 24 11 24 14 14 14 18 14 13 6 14 14 14 9 4 9 17 19
split_gain=4979.85 1411.98 931.213 928.721 699.539 669.038 641.221 521.627 463.158 518.536 439.338 429.557 385.007 387.271 351.282 339.749 356.085 329.318 324.923 268.398 266.43 255.33 253.039 244.767 288.982 344.007 245.585 238.127 235.319 217.871
threshold=0.33823530375957495 2.5000000000000004 237.50000000000003 64.248382057994618 0.13235294446349147 16.61007971562238 1.0000000180025095e-35 179.50000000000003 105.05147439454778 166.50000000000003 4.5000000000000009 1.1341143846511843 4.5000000000000009 69.240060989413394 4.5000000000000009 245.50000000000003 256.50000000000006 193.50000000000003 158.11765289306643 259.50000000000006 -17.109957082825634 11.500000000000002 270.50000000000006 255.50000000000003 227.50000000000003 43.500000000000007 20.972219301387671 37.500000000000007 197.45076751708987 0.51470589637756359
decision_type=2 8 2 2 2 2 2 2 2 2 8 2 10 2 10 2 2 2 2 2 2 2 2 2 2 2 2 2 2 2
left_child=2 6 4 5 -1 19 21 8 -5 -10 -4 23 13 22 -6 17 -17 -15 -12 -3 -14 -2 -9 24 25 26 -7 -23 -13 -8
right_child=1 3 10 7 14 11 29 12 9 -11 18 28 20 15 -16 16 -18 -19 -20 -21 -22 27 -24 -25 -26 -27 -28 -29 -30 -31
leaf_value=-0.048948157202929332 -0.0028939735209575755 -0.00040872567480278031 -0.032955788498892594 0.013163860778064557 -0.030278928230415742 0.036333771073803728 -0.033217122206822727 -0.011457099679485069 -0.032499073073535889 0.10552181539667108 -0.022061140089759498 0.0061601914900386171 0.013751175058439084 0.027115734337594777 -0.002574867803369543 0.049432606447480536 -0.026685633162719071 -0.0069420149053223941 0.0086304200254373065 -0.040051368961735417 -0.0047033017448766656 0.040282476666998641 0.018949938638643374 -0.0055145741301285767 0.039001292695157785 0.0056074346850021528 0.018839494200807397 -0.0066577055869924146 0.019519348498062413 -0.014276177387880421
leaf_weight=4609.7040378674865 4246.3112589195371 3730.1909944936633 1416.3841199912131 3587.8878365680575 4297.662761233747 3259.1550969034433 2160.7884847074747 11967.642130918801 89.410483494400978 278.64213240891695 1235.0710679516196 10313.152077391744 5968.7719456031919 906.0906229019165 1559.5328474789858 744.69422619789839 192.82882434129715 3262.0433309301734 2851.1753690801561 481.15802440792322 2908.0966104269028 752.21356677263975 724.79131425172091 743.91928307712078 2586.2263395413756 2898.4226341918111 5228.6265941560268 420.91913298517466 4845.0926433503628 5111.3219138160348
leaf_count=92488 35017 28215 20466 22452 54230 16726 27437 104399 467 1387 18223 67068 35479 6273 15722 5648 1751 25290 30181 5404 23668 4725 6622 5750 15418 16382 29494 3684 27291 56618
internal_value=-0.000203139 0.00504148 -0.0256239 0.00803195 -0.0343777 0.0137098 -0.0102069 0.00171338 0.0186542 0.0719954 -0.00896948 0.0163398 -0.000799585 -0.00504176 -0.0229042 0.00658621 0.0337649 0.000466364 -0.000649255 -0.00494644 0.00770557 0.0028117 -0.00971937 0.0224247 0.0239126 0.0204823 0.0255605 0.023449 0.0104312 -0.019908
internal_weight=93377.9 77408.4 15969.5 64716.8 10466.9 34085.9 12691.6 30630.9 3955.94 368.053 5502.63 29874.6 26675 17798.1 5857.2 5105.66 937.523 4168.13 4086.25 4211.35 8876.87 5419.44 12692.4 14716.3 13972.4 11386.2 8487.78 1173.13 15158.2 7272.11
internal_count=803975 572665 231310 445184 162440 211748 127481 233436 24306 1854 68870 178129 209130 149983 69952 38962 7399 31563 48404 33619 59147 43426 111021 83770 78020 62602 46220 8409 94359 84055
is_linear=0
shrinkage=0.05


Tree=24
num_leaves=31
num_cat=0
split_feature=17 19 20 22 21 20 22 14 12 14 23 14 0 4 4 12 21 14 14 21 14 21 23 22 12 24 21 12 23 14
split_gain=4469.73 1817.83 1402.87 996.904 923.979 677.559 799.133 604.64 480.095 392.916 452.649 346.692 328.07 312.674 280.551 270.784 448.235 420.666 385.407 292.147 357.087 248.707 248.325 264.813 245.738 245.537 227.092 258.066 258.051 215.385
threshold=167.31060028076175 0.51470589637756359 71.476669311523452 -0.24855561999999998 -0.06070800124999999 -4.4447250366210929 0.27487151000000004 236.50000000000003 4.6981424148606825 228.50000000000003 1.2643609500000001 258.50000000000006 0.26359106600284582 20.972219301387671 101.70197010785343 3.4721362229102173 1.5015317500000001 242.50000000000003 266.50000000000006 -1.1594290499999997 261.50000000000006 1.1481375 0.78081134000000019 0.89314475500000012 0.41950464396284837 2.5000000000000004 -0.51266261999999985 7.0015479876161004 0.64900642500000016 272.50000000000006
decision_type=2 2 2 2 2 2 2 2 2 2 2 2 2 2 2 2 2 2 2 2 2 2 2 2 2 8 2 2 2 2
left_child=7 3 4 14 5 -3 13 -1 -9 10 -5 26 -6 -7 -2 18 19 -18 -11 -17 -21 22 29 -24 -14 -4 -10 -28 -29 -20
right_child=1 2 25 9 12 6 -8 8 11 15 -12 -13 24 -15 -16 16 17 -19 21 20 -22 -23 23 -25 -26 -27 27 28 -30 -31
leaf_value=-0.044537138400878036 -0.013076128284410097 0.016596088825063703 -0.038475071011839057 -0.013998221377474446 0.022636694340973419 0.0087944684673597947 0.015385229088429431 -0.032573205043809061 -0.0057171633671887203 -0.012707877016236883 0.0081367493972347906 -0.02480388015502949 0.05080979208013834 -0.012455370627274302 -0.029805687058755411 -0.021746983500536402 0.16882785422541249 0.0025303218089966573 -0.010068449232337018 0.033920160727660083 -0.0056736183310534564 -0.011853404671652896 0.12298080599650958 -0.034414779620671743 0.009565121766758446 -0.0081378023223090939 0.012390294829508515 0.16975319573708322 0.053029607031682448 0.12288884749239093
leaf_weight=5441.7822749242187 6469.5285241939127 7716.4343168660998 730.05487671494484 6194.8632628023624 15263.974440738559 2118.9108545258641 4986.1940731927752 2035.3854988366365 302.31582221016288 1901.0777798630297 3681.4532626867294 525.20548038929701 373.91008952260017 9442.0768245458603 4092.7197869159281 442.4706044010818 93.808715887367725 63.54880228638649 152.0194034576416 1896.1571016274393 813.33135651051998 196.01481454819441 161.0824064835906 31.544574677944183 9885.6372636035085 7623.4581573009491 229.53358559310436 66.477824445813894 164.18156120553613 37.054209962487221
leaf_count=108906 64770 47311 9120 51261 85722 15182 30279 31398 3970 16061 26555 6753 2311 89867 50012 3986 598 471 1369 15240 7724 1612 1288 279 60809 64952 2746 772 1912 308
internal_value=-0.000293361 0.00323737 0.0081667 -0.00769013 0.0113481 0.00436169 -0.00134422 -0.0342753 -0.0174625 0.000314798 -0.0057473 0.00642844 0.0179892 -0.00856025 -0.0195608 0.0106578 0.0200154 0.102109 -0.00183801 0.0158859 0.0220372 0.0338914 0.0573524 0.0971611 0.0110731 -0.0107934 0.0279451 0.0500235 0.0872578 0.0164977
internal_weight=93132.2 84367.3 58140.7 26226.7 49787.1 24263.6 16547.2 8764.88 3323.1 15664.4 9876.32 1287.71 25523.5 11561 10562.2 5788.11 3309.32 157.358 2478.79 3151.96 2709.49 577.715 381.701 192.627 10259.5 8353.51 762.509 460.193 230.659 189.074
internal_count=803544 647087 405553 241534 331481 182639 135328 156457 47551 126752 77816 16153 148842 105049 114782 48936 28019 1069 20917 26950 22964 4856 3244 1567 63120 74072 9400 5430 2684 1677
is_linear=0
shrinkage=0.05


Tree=25
num_leaves=31
num_cat=0
split_feature=18 18 14 0 14 11 11 12 9 14 25 14 12 2 18 11 14 17 14 14 14 12 11 11 15 11 14 11 4 9
split_gain=4288.95 1335.37 789.46 558.429 534.097 431.091 420.519 393.417 390.375 284.874 263.654 479.707 364.753 243.885 238.83 220.268 571.274 305.95 267.677 217.985 214.498 194.123 237.549 188.196 185.644 183.84 272.173 173.853 173.629 199.411
threshold=161.1470642089844 177.36049652099612 180.50000000000003 1.1360113024711611 236.50000000000003 50.095855824868472 16.244831388937339 4.7275541795665648 77.500000000000014 256.50000000000006 26.583925327658658 257.50000000000006 4.3544891640866874 2.0697897970676427 190.41741943359378 16.244831388937339 227.50000000000003 178.78430938720706 161.50000000000003 266.50000000000006 206.50000000000003 9.1253869969040267 21.205184842975978 44.552299488635718 3.659008383750916 50.095855824868472 178.50000000000003 9.5080668581966847 41.390168797224767 48.500000000000007
decision_type=2 2 2 2 2 2 2 2 2 2 2 2 2 2 2 2 2 2 2 2 2 2 2 2 2 2 2 2 2 2
left_child=4 3 5 10 -1 21 20 -6 13 -9 11 12 25 -8 -15 18 28 -18 -14 -12 -4 -3 -23 -19 -5 -2 -27 -20 29 -17
right_child=1 2 6 24 7 -7 8 9 -10 -11 19 -13 15 14 -16 16 17 23 27 -21 -22 22 -24 -25 -26 26 -28 -29 -30 -31
leaf_value=-0.046063582002470946 -0.0068100084475282213 0.012932046712162663 0.02155526326921435 -0.0044980205821281687 -0.033721381213897422 0.034806140775351907 0.013984918367177693 0.026120419499185157 0.02985736748639449 -0.022859267231322068 -0.012200996133963585 -0.016349820454922805 0.069607035660906522 0.0010049385755606314 0.020738254450402106 0.025172685108116793 0.071897776040793962 0.017816088969066349 -0.035707248332896117 0.033083568175895042 -0.023072470712989956 -0.044306162631382137 0.087661681157867599 0.064453724172847837 -0.01518510795973213 0.029788195206717369 0.0007421186058296892 0.0024031940408341416 0.0018067888142716587 -0.010686169889200202
leaf_weight=4747.5371185541153 5097.7602796964347 8223.7636230364442 316.15786481648684 7524.3935434743762 1826.3687472119927 3607.5885175019503 6193.0578508153558 633.71484519168735 1724.3233267515898 556.73728277534246 4315.5247763283551 2613.8139438554645 111.57239308208227 18491.797743797302 1670.9492654949427 2207.9176588393748 561.67867320030928 1023.0174854323268 455.03833893314004 282.2290815487504 1787.2986545190215 41.972047284245491 169.34532862901688 273.80645807087421 8836.556555211544 1015.1409855373204 3909.6881493069232 870.070736002177 3352.7355709560215 469.64178831130266
leaf_count=101992 42950 48459 2315 62515 29618 18065 38043 7734 10948 7357 39148 25049 895 138125 11150 14444 4493 7626 4638 2761 18378 273 802 1675 88415 6239 30797 8301 27449 3195
internal_value=-3.78762e-05 0.00320627 0.00951905 -0.00300446 -0.0356103 0.020342 0.00520035 -0.0191502 0.00681577 0.00321419 0.00147183 0.00375125 0.0064675 0.0053072 0.00264125 0.0135841 0.0168631 0.0410925 -0.0044201 -0.00941465 -0.0163577 0.0141525 0.0613649 0.0277051 -0.0102707 -0.000154775 0.00673414 -0.0107009 0.00939011 0.0188814
internal_weight=92911.2 85146.8 42226.3 42920.6 7764.36 12042.7 30183.6 3016.82 28080.1 1190.45 26559.6 21961.9 19348.1 26355.8 20162.7 9325.48 7888.8 1858.5 1436.68 4597.75 2103.46 8435.08 211.317 1296.82 16361 10022.6 4924.83 1325.11 6030.3 2677.56
internal_count=803849 657148 286558 370590 146701 67599 218959 44709 198266 15091 219660 177751 152702 187318 149275 72716 58882 13794 13834 41909 20693 49534 1075 9301 150930 79986 37036 12939 45088 17639
is_linear=0
shrinkage=0.05


Tree=26
num_leaves=31
num_cat=0
split_feature=19 5 16 21 21 5 11 23 12 19 12 11 23 12 11 12 12 5 17 17 9 17 23 21 23 11 12 21 17 12
split_gain=3981.01 1150.23 1012.61 726.675 679.174 500.095 478.315 374.78 374.175 308.342 307.769 306.919 306.472 333.119 290.471 277.26 274.581 328.47 225.12 263.178 203.826 197.837 186.42 204.906 170.71 166.594 164.116 163.093 156.576 154.134
threshold=0.33823530375957495 7.5000000000000009 0.30882354080677038 0.27051234000000007 0.24118209000000004 1.5000000000000002 20.325362273898474 2.2729268000000005 4.3854489164086692 0.57352942228317272 2.2801857585139325 86.487190067987243 1.6599746000000002 8.866873065015481 43.371500721841407 4.3544891640866874 0.92105263157894746 11.500000000000002 196.83333587646487 179.98332977294925 21.500000000000004 163.29412078857425 1.6251929000000003 -1.2603949499999998 0.54848385000000011 18.435597973895888 1.8157894736842108 -0.79875919499999992 188.51110839843753 5.6671826625387007
decision_type=2 2 2 2 2 2 2 2 2 2 2 2 2 2 2 2 2 2 2 2 2 2 2 2 2 2 2 2 2 2
left_child=2 3 -1 5 11 10 -5 16 21 18 27 15 13 -8 29 24 28 25 19 -7 -11 -4 -13 -24 -3 -18 -16 -2 -6 -14
right_child=1 4 8 6 7 9 12 -9 -10 20 -12 22 14 -15 26 -17 17 -19 -20 -21 -22 -23 23 -25 -26 -27 -28 -29 -30 -31
leaf_value=-0.045608968489822189 -0.018340410430896709 -0.0080981618802335332 -0.038134825052193733 -0.0068615633056327762 0.001335125349223509 0.0067930187834268352 0.014162987655306915 0.045582593324334855 -0.0046365154133884146 0.011490089898232546 0.022106693504555283 0.0047301946303138212 0.001802803650094476 0.058043066448668315 0.012387143371785682 -0.0051269642036598576 -0.029250083247856669 -0.013391289531514498 0.0092364909511236104 -0.014444913210950273 -6.0942038020797489e-05 -0.018486967382014285 -0.047108816923527391 0.10476110701638326 -0.025682729040026067 0.0074666577630125774 0.051109892761002446 0.01046108963423697 0.033135245053695785 0.041855901923191274
leaf_weight=3960.1686657443643 805.74660269916058 1854.5660898387432 1719.1437189429998 2075.3532721698284 628.84739819914103 1879.0293439850211 14378.576698631048 512.6822376921773 4311.0694499388337 6802.8468470200896 5081.2003209292889 1053.0447607934475 848.86091208457947 445.06348023563623 330.16516503691673 4260.5596994496882 324.59188582748175 3545.852783575654 1932.5029213503003 6511.9735945239663 8705.5957340747118 5041.8130954019725 28.306902892887592 94.383221618831158 5408.4575123041868 6047.7124864831567 1618.7520004287362 1256.9655556902289 1006.2084619179368 334.0391693636775
leaf_count=89610 5585 16705 30256 15986 5211 16433 82651 2991 50953 48389 31996 8862 5246 2308 1925 40177 3385 29145 13359 53906 63376 60718 335 544 56842 43410 7368 7953 7100 1635
internal_value=-0.000358387 0.00419454 -0.0239125 0.00835079 -0.00470134 0.00378784 0.015862 0.00379328 -0.0161489 0.000549559 0.0154955 -0.0127719 0.0184887 0.0154843 0.0327 -0.0152548 0.00193507 -0.00119535 -0.00614552 -0.00968878 0.00500638 -0.0234878 0.0115554 0.0696243 -0.0211944 0.00559209 0.0445596 -0.000792927 0.0209131 0.0131392
internal_weight=92804.1 77771.9 15032.2 53006.7 24765.2 32975.9 20030.8 12065.9 11072 25831.9 7143.91 12699.3 17955.5 14823.6 3131.82 11523.6 11553.2 9918.16 10323.5 8391 15508.4 6760.96 1175.73 122.69 7263.02 6372.3 1948.92 2062.71 1635.06 1182.9
internal_count=804360 572823 231537 358116 214707 240997 117119 91242 141927 195463 45534 123465 101133 84959 16174 113724 88251 75940 83698 70339 111765 90974 9741 879 73547 46795 9293 13538 12311 6881
is_linear=0
shrinkage=0.05


Tree=27
num_leaves=31
num_cat=0
split_feature=18 19 20 24 24 14 14 23 23 14 11 12 14 12 9 12 11 12 11 1 11 14 12 14 23 24 11 24 11 11
split_gain=3765.77 1541.66 1174.62 828.575 605.904 533.289 516.853 545.697 403.206 439.87 480.054 390.657 385.785 490.302 316.576 314.602 312.501 383.981 387.376 289.399 282.065 290.607 277.518 273.378 263.004 237.357 228.517 225.355 215.71 214.691
threshold=161.1470642089844 0.51470589637756359 73.966629028320327 3.5000000000000004 2.5000000000000004 236.50000000000003 232.50000000000003 1.2643609500000001 1.6599746000000002 179.50000000000003 50.095855824868472 4.7275541795665648 194.50000000000003 6.3699690402476792 77.500000000000014 1.8591331269349849 12.778281696572909 4.9055727554179578 30.010807182985843 0.32409137487411505 50.095855824868472 201.50000000000003 9.1253869969040267 258.50000000000006 0.47509000000000007 1.5000000000000002 98.898445862815393 3.5000000000000004 15.502362214384931 47.266789810287982
decision_type=2 2 2 8 8 2 2 2 2 2 2 2 2 2 2 2 2 2 2 2 2 2 2 2 2 10 2 8 2 2
left_child=5 3 4 -2 12 -1 7 19 9 10 22 -7 13 -3 -11 -8 -17 -18 -19 -5 -9 26 -6 -13 -16 -15 -22 -4 -29 -10
right_child=1 2 27 6 8 11 15 20 29 14 -12 23 -14 25 24 16 17 18 -20 -21 21 -23 -24 -25 -26 -27 -28 28 -30 -31
leaf_value=-0.045562980157625894 -0.024219311254209522 -0.0011209878276505169 -0.033444719808726868 0.0026618524428698403 0.0091399738758279978 -0.033157597926147794 -0.011849092860672894 -0.0060031771505601218 0.015269919325752499 0.0054517151877815761 0.033786137448355909 0.023587535878081812 -0.014724617594968565 0.051375387594916638 0.069663430591962477 -0.016208909343069743 0.0074697594208238197 0.021186934289452449 0.071315326052419928 -0.019470757672777832 0.028721061889222715 -0.00074167106210434137 0.063784361071335921 -0.025416553396611048 0.018358567424283621 -0.0011227123114211297 0.099402318842006079 -0.030095431360276533 -0.0040824967537960643 0.0332843749906786
leaf_weight=4406.1495122201741 5640.7373818978667 4177.9863095656037 1006.7448942437768 1837.2454223148525 6404.120903596282 1725.3611836396158 1551.8882161006331 2202.5242664031684 3520.4725115299225 24215.662101581693 3605.1176770031452 714.86963884904981 3546.1699265614152 773.26219256222248 312.99545672535896 765.25542327016592 3138.0230474583805 1283.7602566331625 550.61018639430404 7526.313188623637 993.06869402900338 943.39261148497462 240.13900022208691 471.43687173724174 1228.3213766366243 298.18107761442661 128.56606669723988 935.97995298355818 5335.7830092534423 3123.7941089048982
leaf_count=102239 69201 33618 11995 14626 36157 29715 14582 16917 20185 158940 17355 8762 40943 5039 1899 7936 28441 11149 4027 69721 6674 6801 1171 6407 7260 2351 826 10605 43544 15295
internal_value=-0.000172203 0.00278143 0.00730245 -0.00721401 0.00996228 -0.0345912 -0.00262801 -0.00837494 0.0124264 0.0103375 0.0190979 -0.0179781 -0.00198636 0.00661994 0.00685088 0.00811815 0.0135199 0.0180975 0.0362643 -0.0151282 0.00644277 0.0197139 0.0111243 0.00410836 0.0288155 0.0367778 0.0369041 -0.0114967 -0.00796877 0.0237431
internal_weight=92603.9 85286.1 58724.7 26561.4 51446.2 7317.82 20920.6 13631.1 42650.6 36006.4 10249.4 2911.67 8795.6 5249.43 25757 7289.54 5737.65 4972.39 1834.37 9363.56 4267.55 2065.03 6644.26 1186.31 1541.32 1071.44 1121.63 7278.51 6271.76 6644.27
internal_count=804381 657258 406357 250901 340213 147123 181700 115565 258262 222782 54683 44884 81951 41008 168099 66135 51553 43617 15176 84347 31218 14301 37328 15169 9159 7390 7500 66144 54149 35480
is_linear=0
shrinkage=0.05


Tree=28
num_leaves=31
num_cat=0
split_feature=17 24 5 5 13 22 14 22 14 14 14 14 10 24 14 14 22 14 14 22 22 6 17 2 17 14 3 13 24 14
split_gain=3350.03 1387.61 957.291 660.863 646.573 503.468 490.786 371.619 365.017 272.984 528.39 412.108 310.969 305.252 324.903 271.843 624.688 262.087 257.081 254.274 236.542 234.959 208.856 199.59 197.785 408.78 201.247 192.803 195.313 297.497
threshold=163.29412078857425 2.5000000000000004 10.500000000000002 6.5000000000000009 -16.222819706269366 -0.14198879499999997 237.50000000000003 -0.37704915999999994 162.50000000000003 223.50000000000003 248.50000000000003 209.50000000000003 -20.601229155063624 5.5000000000000009 217.50000000000003 181.50000000000003 1.0527500000000003 222.50000000000003 237.50000000000003 0.67365861000000005 0.075349397950000022 8.5000000000000018 200.85128021240237 49.783983319997795 192.88932800292972 224.50000000000003 131.09632103145125 -81.437098358380055 7.5000000000000009 239.50000000000003
decision_type=2 8 2 2 2 2 2 2 2 2 2 2 8 8 2 2 2 2 2 2 2 2 2 2 2 2 2 2 8 2
left_child=6 3 4 17 7 18 -1 8 -3 11 27 12 -9 14 -13 19 -17 21 -4 23 -8 -2 -10 -14 -6 26 -26 -11 -29 -30
right_child=1 2 5 -5 24 -7 20 9 22 10 -12 13 15 -15 -16 16 -18 -19 -20 -21 -22 -23 -24 -25 25 -27 -28 28 29 -31
leaf_value=-0.04744453552115134 -0.005317935515716736 0.03570493097220731 -0.033368492925715525 -0.026553281431748389 -0.0049839904329639848 -2.416611555216066e-05 -0.032266408893430826 0.022446976148018563 -0.0041123208715031136 -0.012590043438283389 0.0058885923397340818 -0.015994681087779607 0.02295028985805744 -0.0065895526827151017 0.056524034881107389 -0.0085724326064752325 0.031771170901733113 -0.021220763533750017 -0.0091347167740720558 0.0012877912750492522 -0.00066340286073908591 0.014730255676957949 0.013936843690387821 0.078500860185354654 0.01385144717796506 -0.0074520325999905953 0.071657338939608947 0.043765665679237377 0.014857054774953034 0.046543296069362736
leaf_weight=3662.1164310500026 5080.2211270965636 780.78122383728623 2058.6778528876603 4980.2799554243684 9362.8951760232449 9496.9842576272786 1343.5945202559233 7408.1399197503924 6893.3546202220023 250.14718843251467 3528.661556057632 243.7598953768611 2909.4046986363828 4267.7157531008124 418.85519346222281 3995.4729991145432 1261.6788039281964 1733.9163417853415 2337.3606599234045 1562.8261589296162 1058.0572540462017 2050.4882911294699 2087.2409941330552 170.45545331761241 4181.883989520371 3280.243050865829 155.2695592418313 2227.3819100148976 2373.7383135855198 1076.8859305530787
leaf_count=90884 45218 4579 23539 68914 82862 82147 23369 38647 51867 1334 24876 1322 16470 27240 2201 25618 6273 20351 24576 8444 15167 15458 12395 964 25342 28503 923 11372 15484 6876
internal_value=-7.40523e-06 0.00252043 0.00529633 -0.011981 0.00810102 -0.0065005 -0.035926 0.0114669 0.00293629 0.014094 0.0212099 0.0110672 0.0146998 -0.00168552 0.0298623 0.00890078 0.00111394 -0.00379205 -0.0204885 0.0177161 -0.0183496 0.000448327 8.36922e-05 0.0260492 -0.000116872 0.0058654 0.0159369 0.0303272 0.0322198 0.0247565
internal_weight=92238.5 86174.7 72329.8 13844.9 58436.8 13893 6063.77 41456.5 9761.38 31695.1 9456.81 22238.3 17308 4930.33 662.615 9899.84 5257.15 8864.63 4396.04 4642.69 2401.65 7130.71 8980.6 3079.86 16980.3 7617.4 4337.15 5928.15 5678.01 3450.62
internal_count=803215 673795 523854 149941 393592 130262 129420 255962 68841 187121 59942 127179 96416 30763 3523 57769 31891 81027 48115 25878 38536 60676 64262 17434 137630 54768 26265 35066 33732 22360
is_linear=0
shrinkage=0.05


Tree=29
num_leaves=31
num_cat=0
split_feature=16 16 21 22 11 5 22 14 12 16 13 23 12 21 11 18 18 11 14 12 14 21 23 5 21 23 23 14 12 23
split_gain=3230.71 1231.71 826.461 775.054 485.564 481.693 465.175 531.336 366.827 326.774 303.207 275.782 262.68 250.832 246.689 244.855 241.054 230.006 283.93 362.551 437.145 457.699 305.981 222.893 209.255 260.291 236.202 211.667 209.135 193.373
threshold=0.48529411852359777 0.72058823704719555 -0.06070800124999999 -0.30655443499999996 18.747223924407191 3.5000000000000004 0.17966253000000001 191.50000000000003 8.1130030959752339 0.25000000745058065 -42.114818479911911 1.6599746000000002 4.4907120743034072 -0.16231458499999998 45.235057061024868 179.16573333740237 187.42769622802737 16.61007971562238 228.50000000000003 4.2058823529411766 255.50000000000003 -1.0149756999999997 1.2643609500000001 10.500000000000002 1.0000000180025095e-35 1.7060800000000003 1.1008879500000004 268.50000000000006 2.1687306501547994 0.79377040500000007
decision_type=2 2 2 2 2 2 2 2 2 2 2 2 2 2 2 2 2 2 2 2 2 2 2 2 2 2 2 2 2 2
left_child=9 3 6 5 -4 -2 7 8 15 -1 -8 16 -11 -7 -13 -3 -6 -5 22 23 21 -21 -19 24 25 -20 -26 -27 -16 -23
right_child=1 2 4 17 11 13 10 -9 -10 12 -12 14 -14 -15 28 -17 -18 18 19 20 -22 29 -24 -25 26 27 -28 -29 -30 -31
leaf_value=-0.046598001566077678 0.0013035120450055292 -0.0080103979833953485 -0.010762986750304288 -0.013890192973231678 0.010008427475511963 -0.030973043094932387 0.023988227972464637 -0.014286807587184603 0.044381626404299268 -0.035226738668722606 0.003715597096464593 0.0095563307248000134 -0.0074855668172801402 -0.01379718788413483 0.016472627083166165 0.0087952991488758937 0.023816946728161849 -0.0097066095985393879 -0.015851422190814462 -0.021461248029993316 -0.0060107635289408136 0.021758918974612854 0.0090698982315258973 -0.01024585877970083 0.037453487150945035 -0.0095778919466592647 -0.00011254412761391633 0.11467247719843553 0.04456225759419935 0.055381784568945241
leaf_weight=2929.8785030283034 3074.6353189609945 3953.9374025538564 2005.3982097022235 2444.3904565908015 17861.645875193179 3968.6984605379403 2646.1792701780796 7478.0037022829056 520.10773355513811 2111.3459415659308 6083.6996400766075 1476.9442809298635 1432.8079742342234 4582.2311163283885 1025.5000735223293 4794.3433442413807 3840.1545659229159 6418.9989446252584 949.59987460076809 311.23566177859902 938.53906360268593 652.15818274766207 3276.4213196374476 2360.7449221238494 984.32235457003117 63.103863649070263 727.29594318941236 73.662171322852373 1880.5157161951065 1251.8374333642423
leaf_count=76010 26728 34181 16552 24770 112039 53967 13948 75080 3776 39357 40354 8700 22309 47311 6405 31291 20769 52116 8307 2306 8357 4890 22314 22439 7154 501 4951 583 8764 7718
internal_value=-0.000187557 0.00238705 0.00702714 -0.00536137 0.0129416 -0.0156693 0.00050562 -0.00437248 0.00362737 -0.0342418 0.00986263 0.0147643 -0.024017 -0.0217716 0.026204 0.00119963 0.0124528 0.000498385 0.00245215 0.00923211 0.0225842 0.0346965 -0.00336109 0.00106654 0.0106114 -0.00654853 0.0215003 0.05769 0.0346588 0.0438827
internal_weight=92118.3 85644.3 53566.4 32077.9 28090.2 11625.6 25476.3 16746.4 9268.39 6474.03 8729.88 26084.8 3544.15 8550.93 4382.96 8748.28 21701.8 20452.3 18007.9 8312.5 3153.77 2215.23 9695.42 5158.73 2797.98 1086.37 1711.62 136.766 2906.02 1904
internal_count=803947 666271 371859 294412 173229 128006 198630 144328 69248 137676 54302 156677 61666 101278 23869 65472 132808 166406 141636 67206 23271 14914 74430 43935 21496 9391 12105 1084 15169 12608
is_linear=0
shrinkage=0.05


Tree=30
num_leaves=31
num_cat=0
split_feature=16 19 20 21 20 21 20 16 13 3 23 10 21 11 23 20 11 11 11 9 5 13 21 23 23 20 11 23 9 11
split_gain=2952.1 1283.11 926.615 602.702 509.286 441.219 373.678 340.967 307.32 288.838 279.533 229.998 237.778 217.098 197.03 188.013 189.729 195.467 183.238 182.589 166.346 164.829 154.307 157.638 154.168 151.407 205.614 147.811 146.991 144.955
threshold=0.48529411852359777 0.51470589637756359 72.476669311523452 -0.06070800124999999 -2.9402847290039058 0.27051234000000007 68.646110534667983 0.22058823704719546 -35.336988318284774 3.7892491593956952 1.2528702 -20.506893110275264 1.1001508500000001 78.397701685042946 2.2729268000000005 103.28768157958986 40.166163226999004 12.778281696572909 119.69848180428473 74.500000000000014 3.5000000000000004 -29.590431919465583 1.1315167500000001 1.3495941000000002 0.40623313500000008 20.640762329101566 65.211102425164043 0.21055318500000003 37.500000000000007 20.631915132800589
decision_type=2 2 2 2 2 2 2 2 2 2 2 8 2 2 2 2 2 2 2 2 2 2 2 2 2 2 2 2 2 2
left_child=7 5 3 4 27 6 8 -1 -2 -6 15 25 19 20 -7 16 17 -8 22 -13 -11 -4 -14 -24 -21 -5 29 -3 -23 -27
right_child=1 2 21 11 9 14 10 -9 -10 13 -12 12 18 -15 -16 -17 -18 -19 -20 24 -22 28 23 -25 -26 26 -28 -29 -30 -31
leaf_value=-0.047369362778702892 -0.0039056523082446788 -0.033583279439089155 0.0037325849561614952 0.026926275487430647 0.012853526005157757 -0.00027408374515898118 -0.01007542426966777 -0.023606800441217254 -0.021852206497601692 0.0033691472609270893 -0.019105694548482221 0.0063132300294918417 0.06036655633339081 0.012022314946773787 0.035852164686728853 -0.023601603739089566 -0.0066633796123150377 0.030830816391949269 -0.025125455070588165 0.09423615945307208 -0.010665757025374249 -0.017546739465688983 -0.0019490632858044283 0.025971922379736102 0.023336498725863984 -0.0073048557671281517 -0.0015440601272415846 0.014128205890692981 0.0019786453941005198 0.024932688322815814
leaf_weight=2528.5505842901766 3349.7946311943233 164.6413995474577 1777.9681735821068 4602.5905399471521 2737.5425906777382 10451.351649239659 364.78132523596287 3755.0025355182588 8289.4529174678028 2761.4508344084024 1263.0881324857473 12608.490461349487 268.64567399024963 1647.068074002862 390.56133803725243 386.08293723315001 793.14398239180446 1455.0527186840773 199.96058967709541 96.280912525951862 8959.4517550393939 4773.2783028036356 612.66284995526075 2886.1176571696997 367.50506221503019 395.72894488275051 1444.0629810541868 8315.9464867785573 1207.4951163940132 2908.6091720014811
leaf_count=69044 29510 890 13130 22454 18472 91922 4065 68709 89188 19649 15104 77624 1512 12865 2748 5089 8844 14105 1157 545 82128 46509 3489 15034 2045 2775 7644 49990 11037 15686
internal_value=-0.000100577 0.00233109 0.00646467 0.00891475 0.00328186 -0.00674727 -0.01205 -0.0331751 -0.0166879 -0.00194017 0.000616246 0.0141621 0.0107032 -0.00497041 0.00103049 0.00892596 0.0137393 0.0226302 0.0214234 0.00744829 -0.00735912 -0.00963198 0.0239 0.0210836 0.0382262 0.0204633 0.0141944 0.0131981 -0.013605 0.0210709
internal_weight=91762.4 85478.8 58735.5 50976.8 24586.1 26743.3 15901.4 6283.55 11639.2 16105.5 4262.15 26390.7 17039.7 13368 10841.9 2999.06 2612.98 1819.83 3967.39 13072.3 11720.9 7758.74 3767.43 3498.78 463.786 9350.99 4748.4 8480.59 5980.77 3304.34
internal_count=802963 665210 404635 333959 183994 260575 165905 137753 118698 133114 47207 149965 101406 114642 94670 32103 27014 18170 21192 80214 101777 70676 20035 18523 2590 48559 26105 50880 57546 18461
is_linear=0
shrinkage=0.05


Tree=31
num_leaves=31
num_cat=0
split_feature=19 14 24 5 19 11 14 22 5 22 14 24 14 22 24 11 14 22 22 11 5 11 22 17 14 11 14 22 17 22
split_gain=2784.85 860.655 804.896 603.238 577.134 518.005 479.353 595.626 448.795 371.518 366.411 364.593 357.04 317.583 305.188 295.717 362.973 329.261 333.976 283.631 274.167 271.959 531.352 225.147 216.162 350.466 374.09 248.14 270.034 213.99
threshold=0.33823530375957495 235.50000000000003 2.5000000000000004 10.500000000000002 0.13235294446349147 50.76485803746403 177.50000000000003 1.0527500000000003 2.5000000000000004 0.62641051500000011 171.50000000000003 4.5000000000000009 215.50000000000003 -0.14198879499999997 4.5000000000000009 16.61007971562238 261.50000000000006 0.36488128000000003 0.64200115000000013 105.05147439454778 2.5000000000000004 58.729286920959744 -0.5315448049999999 157.66176605224612 196.50000000000003 35.482507067406701 187.50000000000003 -0.86996909999999994 195.76281738281253 -1.5525849499999997
decision_type=2 2 8 2 2 2 2 2 2 2 2 8 2 2 10 2 2 2 2 2 2 2 2 2 2 2 2 2 2 2
left_child=1 4 8 5 -1 15 9 12 -2 19 -11 -3 29 -5 -6 16 -4 20 -19 -7 -17 22 -14 -13 25 26 -10 28 -28 -8
right_child=2 11 3 13 14 6 7 -9 24 10 -12 23 21 -15 -16 17 -18 18 -20 -21 -22 -23 -24 -25 -26 -27 27 -29 -30 -31
leaf_value=-0.047229827553222317 0.0058649622877953896 -0.028267821378972397 -0.0023696694629246418 -0.018443076243217109 -0.02802198151760962 0.032087826083698839 0.041547469846817786 0.032108065918280235 0.0026596994501389901 -0.016368358931409876 0.037457365854609945 -0.019883043545991769 -0.015500728159023262 0.00045793440474956639 -0.001002410684832979 0.011745316452273297 -0.042234491832182787 0.02679371412786323 0.0069234863650254608 0.089668209657334352 -0.0026284284106801057 0.0082814940669907518 0.044722300125701067 0.0086163148106995942 -0.02266689481455976 -0.017878122203149313 0.066146382352309033 0.01589209704856575 0.23084088048050155 -0.0015317928754894281
leaf_weight=3290.2378638088703 3802.4278364703059 1290.0987537577748 4447.3339593186975 3246.08192737028 3725.7386510521173 3286.4647626131773 296.70355696231127 2551.1772589609027 1314.7908852212131 804.25776494294405 519.59488712251186 890.01716068387032 480.7623183503747 7042.6087075248361 1452.4755591675639 4565.2454729154706 654.13187528401613 2975.5975237712264 7307.1103081181645 228.192372135818 12130.507144719362 4584.2630711644888 1531.2079804986715 3117.4898448102176 4299.4138599298894 2560.8926322124898 69.650172360241413 94.487085081636906 38.840400725603104 9094.4211337119341
leaf_count=90632 27961 21952 35024 32770 52953 16607 1622 11758 11655 3992 2389 15678 3883 54743 15325 26345 7989 18058 41685 1041 90106 30284 9864 34953 58744 26543 884 1064 386 56948
internal_value=-0.000237362 -0.0209685 0.00342513 0.00561238 -0.0308559 0.00767529 0.013336 0.00967721 -0.00838031 0.0273495 0.00476986 -0.00516037 0.00609603 -0.00550655 -0.0204447 0.00354998 -0.00748858 0.00563751 0.0126756 0.0358507 0.00130236 0.0150107 0.0303314 0.00228358 -0.0148455 -0.00659728 0.0124358 0.0754374 0.126678 -0.000166466
internal_weight=91692.2 13766.1 77926.2 65745.7 8468.45 55457 23377 18538.5 12180.5 4838.51 1323.85 5297.61 15987.4 10288.7 5178.21 32079.9 5101.47 26978.5 10282.7 3514.66 16695.8 6596.23 2011.97 4007.51 8378.08 4078.66 1517.77 202.978 108.491 9391.12
internal_count=803838 231493 572345 445108 158910 357595 138388 114359 127237 24029 6381 72583 102601 87513 68278 219207 43013 176194 59743 17648 116451 44031 13747 50631 99276 40532 13989 2334 1270 58570
is_linear=0
shrinkage=0.05


Tree=32
num_leaves=31
num_cat=0
split_feature=16 16 24 14 24 16 17 20 12 14 12 13 4 23 23 14 13 14 14 12 17 12 20 23 13 2 14 20 24 12
split_gain=2702.43 956.133 584.44 533.059 455.859 330.912 303.133 292.055 230.956 453.674 227.371 223.561 214.097 207.604 200.478 308.518 167.437 157.325 200.281 329.117 265.604 182.044 157.923 165.215 154.413 148.315 147.229 140.13 139.478 161.436
threshold=0.48529411852359777 0.72058823704719555 3.5000000000000004 256.50000000000006 2.5000000000000004 0.27941177785396581 203.35858154296878 -13.940284729003904 5.9969040247678027 184.50000000000003 4.3854489164086692 -26.964690820951208 33.990159798413522 1.6099775000000003 1.25831 229.50000000000003 -35.741852739220334 237.50000000000003 256.50000000000006 4.0913312693498467 179.44565582275393 7.7910216718266261 -17.53835296630859 1.6099775000000003 -9.9182192101244198 13.337224692106249 227.50000000000003 10.566963195800783 4.5000000000000009 5.8823529411764719
decision_type=2 2 8 2 8 2 2 2 2 2 2 2 2 2 2 2 2 2 2 2 2 2 2 2 2 2 2 2 8 2
left_child=5 2 7 4 8 -1 13 -2 -3 -10 -7 12 -4 -6 15 27 -15 22 19 -19 24 -22 -13 -24 -21 -20 -12 -14 -5 -30
right_child=1 3 11 28 6 10 -8 -9 9 -11 26 17 14 16 -16 -17 -18 18 25 20 21 -23 23 -25 -26 -27 -28 -29 29 -31
leaf_value=-0.044886057288251457 0.010840081888248018 -0.0076560699826285581 0.017982601422060308 -0.025462627843894272 0.0061529597192642206 -0.033023264137299412 0.019565455780148525 -0.022621179094877715 0.037441977781395672 -0.010235939028679385 -0.021600712960466589 0.0076170715963563718 0.011750568450981934 0.025564583707289226 0.011091381768730466 0.011438808002964733 0.0090041309611070923 -0.0068327533012996827 -0.021086762850115084 0.079791818971061274 0.027413703016335562 -0.012720039703301815 -0.017373669385175445 0.004101939261535347 0.029024248837836844 -0.00082797274281012554 0.012016852352885294 -0.016927824488533427 0.00086305718978438913 -0.023574586661827181
leaf_weight=2882.9544871151447 741.02641902863979 6269.3999372012913 2195.5299641937017 1089.9945165887475 27676.720177721232 1749.6533806249499 6811.8450601547956 5401.4735272377729 927.88439962640405 1077.2414101883769 676.02380029112101 1015.2061754688621 488.33643621951342 2721.0661565437913 2943.497709646821 1903.6607694923878 3478.6256429627538 1786.7180866003036 1409.4173050820827 254.22049669921398 623.38514412939548 515.27617152035236 5152.1941617392004 1083.5346489734948 367.24188556149602 2513.5814996138215 626.69683692231774 3300.1764546260238 2771.8799674250185 892.6678755953908
leaf_count=83399 5250 62811 12906 12716 176308 34195 36098 71932 6074 10418 11622 6323 3509 12799 18460 14944 21177 16958 15168 1889 4784 4325 50732 8889 3344 26252 8816 28037 23207 9443
internal_value=-0.00011687 0.00215035 -0.00473665 0.00621385 0.00776598 -0.0327379 0.00994159 -0.0185833 -0.00293204 0.011835 -0.0212531 -0.00140741 0.00404471 0.00800591 0.00049948 -0.00497872 0.0162755 -0.00541896 -0.000326077 0.00828308 0.0236225 0.00925683 -0.0106648 -0.013642 0.0498865 -0.00810988 -0.00543158 -0.0132291 -0.00976845 -0.00509465
internal_weight=91347.1 85411.8 31694.5 53717.3 48962.8 5935.33 40688.3 6142.5 8274.53 2005.13 3052.37 25552 10831.2 33876.4 8635.67 5692.17 6199.69 14720.8 7469.84 3546.84 1760.12 1138.66 7250.93 6235.73 621.462 3923 1302.72 3788.51 4754.54 3664.55
internal_count=802785 664753 293702 371051 325685 138032 246382 77182 79303 16492 54633 216520 77856 210284 64950 46490 33976 138664 72720 31300 14342 9109 65944 59621 5233 41420 20438 31546 45366 32650
is_linear=0
shrinkage=0.05


Tree=33
num_leaves=31
num_cat=0
split_feature=19 24 19 14 14 19 0 14 12 11 4 14 13 14 12 22 12 22 23 14 23 11 14 24 12 14 9 23 14 22
split_gain=2528.73 998.106 697.592 562.998 555.896 506.832 406.647 371.962 356.374 315.853 276.415 267.952 237.122 227.347 545.996 226.984 226.165 197.168 195.656 241.669 186.645 177.929 176.586 172.699 195.623 163.98 151.714 149.246 245.615 255.787
threshold=0.16176471114158633 2.5000000000000004 0.60294118523597728 251.50000000000003 236.50000000000003 0.51470589637756359 1.8776789307594302 196.50000000000003 4.3854489164086692 36.983869110444573 28.382455227896575 258.50000000000006 -24.159708698975042 186.50000000000003 3.2120743034055734 0.34739525500000007 6.2523219814241502 -0.94543605999999991 1.6003815000000003 184.50000000000003 2.5483800000000003 68.884798549692349 187.50000000000003 1.5000000000000002 1.5928792569659445 267.50000000000006 16.500000000000004 1.3495941000000002 232.50000000000003 -0.23260509499999996
decision_type=2 8 2 2 2 2 2 2 2 2 2 2 2 2 2 2 2 2 2 2 2 2 2 10 2 2 2 2 2 2
left_child=4 5 6 20 -1 -2 10 9 -6 13 12 -10 -3 16 -15 -12 23 -11 19 -18 -4 -5 26 -7 -25 -23 -19 28 -8 -30
right_child=1 2 3 21 8 7 27 -9 11 17 15 -13 -14 14 -16 -17 18 22 -20 -21 -22 25 -24 24 -26 -27 -28 -29 29 -31
leaf_value=-0.045219084871292892 -0.025154517035084912 0.019864345308988101 0.012911665444587484 -0.0094944248110747989 -0.031285941509230052 -0.0112016552290162 -0.015860411551291417 -0.016197855189060251 0.026417622361868703 -0.021017762652844125 -0.003309581223466198 -0.02282849877611761 0.0013418101714440245 0.19038467007433829 0.024879114184561513 0.0066882032188528371 0.13042991803920637 -0.0080380457836012106 0.019584361490657527 -0.00057761183746656215 0.050374367748403009 0.036569296698823396 -0.026133170731337165 0.066984450477802507 0.0076825115133837361 -0.055293791178514254 0.032768720183711263 0.0015240236361098239 -0.016151110677969351 0.013544830722174758
leaf_weight=3328.6172584332526 4062.2095904201269 4208.9217230640352 24272.818590089679 3895.6302750259638 1366.5773013308644 1018.5955122634768 6327.8832477331161 3683.8513242825866 682.42933552712202 1384.8155893981457 13143.730157904327 462.63131774961948 2930.9867197796702 59.660390801727772 281.54377529397607 9992.0812081545591 104.2533110678196 371.84877251833677 352.08259955048561 52.878487229347229 336.22254721075296 369.42533634603024 315.82806995511055 169.65028560161591 753.2699988335371 55.006123296916485 585.51760095357895 3762.6465672366321 1219.1643871068954 1786.4007405824959
leaf_count=96763 57623 22813 137983 33536 26650 7526 57545 46990 8973 11987 112191 6797 22282 583 2454 67461 652 3201 2256 403 1740 2644 3145 1157 5634 444 3950 29750 13146 15686
internal_value=7.096e-06 0.00218164 0.00448964 0.0105031 -0.0318215 -0.0104633 0.000478501 -0.00392741 -0.0140551 0.00436817 0.00366267 0.00651848 0.012262 0.0161102 0.05429 0.00100845 0.0107746 -0.00796688 0.0403986 0.086618 0.0134255 -0.0061436 0.00623353 0.00298811 0.018644 0.0245619 0.0169272 -0.00688243 -0.0102712 0.00149773
internal_weight=91337.2 85496.9 72300.9 28929.1 5840.26 13196 43371.8 9133.8 2511.64 5449.94 30275.7 1145.06 7139.91 2791.93 341.204 23135.8 2450.73 2658.01 509.214 157.132 24609 4320.06 1273.19 1941.52 922.92 424.431 957.366 13096.1 9333.45 3005.57
internal_count=803965 664782 517221 176347 139183 147561 340874 89938 42420 42948 224747 15770 45095 20665 3037 179652 17628 22283 3311 1055 139723 36624 10296 14317 6791 3088 7151 116127 86377 28832
is_linear=0
shrinkage=0.05


Tree=34
num_leaves=31
num_cat=0
split_feature=15 19 22 14 22 14 12 25 22 12 14 14 0 24 11 11 22 22 10 11 12 11 14 14 14 11 22 9 14 14
split_gain=2253.75 1089.51 758.472 736.814 333.035 322.712 328.809 302.998 302.152 480.817 292.204 276.653 249.182 240.939 338.568 238.416 236.408 235.525 219.975 219.174 213.308 714.569 268.262 213.422 212.845 210.046 204.164 207.541 204.058 381.904
threshold=9.7743926048278826 0.51470589637756359 -0.25984330499999997 256.50000000000006 -0.55092459999999999 181.50000000000003 7.7910216718266261 25.014834511280064 -0.17849789999999996 4.8003095975232215 235.50000000000003 230.50000000000003 0.95438385009765636 2.5000000000000004 69.240060989413394 54.480110909097803 0.16082139000000004 1.5679100000000001 -17.945211213827129 79.642589872178192 4.9458204334365332 30.010807182985843 259.50000000000006 239.50000000000003 270.50000000000006 9.5080668581966847 0.94406590000000012 47.500000000000007 194.50000000000003 198.50000000000003
decision_type=2 2 2 2 2 2 2 2 2 2 2 2 2 10 2 2 2 2 8 2 2 2 2 2 2 2 2 2 2 2
left_child=1 2 7 4 5 6 15 18 -5 26 -2 17 -6 -7 28 -3 -12 -4 -1 -19 24 22 23 -22 -13 -25 27 -10 -15 -30
right_child=10 3 11 8 12 13 -8 -9 9 -11 16 20 -14 14 -16 -17 -18 19 -20 -21 21 -23 -24 25 -26 -27 -28 -29 29 -31
leaf_value=0.0058858062157843222 -0.044850902034305667 0.004042280858881306 -0.0075133434056707839 -0.027501108150793482 0.012306759532262235 -0.010037572377678137 0.09218522236992216 -0.027030600648521752 0.0070881708775444169 -0.028409128017445773 -0.032586941668747468 -0.0039285656040668332 0.0032385244248504322 -0.037307664474157988 0.033628334477333065 0.031342577519317592 0.012402862271250512 0.010524686028632975 -0.015641988111018929 0.08818863210894573 -0.023119447399992398 0.062295534651508215 -0.018896500893342105 -0.012543196327521886 0.031745256039418975 0.039691229041056174 -0.036141729471189821 0.049850432458927542 0.10484914611614238 -0.0026346002318922944
leaf_weight=1619.8082962855697 2901.9115867428482 5265.01056946069 9565.9030006863177 1937.1340387873352 27270.655318714678 6548.7030878216028 117.75575319677591 4484.1801393330097 2158.0244859233499 1304.2156132981181 786.91624535806477 3564.0789421722293 10490.394635461271 375.27593494206667 858.47976563125849 942.04844456166029 463.23249467462301 722.40246607363224 4431.6377426870167 102.97825889289379 257.9977139160037 691.58504647389054 806.0742680542171 250.78320475295186 472.67750026658177 820.84639766812325 233.00248453766108 325.79070167988539 87.271042846143246 1295.6916603967547
leaf_count=17500 89662 33997 82824 22430 158611 64760 683 60544 17137 13630 16341 33545 67236 2377 5038 5749 7534 5154 54914 578 2313 4840 9174 2563 4604 6548 1862 2174 573 9353
internal_value=-0.000161646 0.00155608 -0.00661088 0.00538943 0.00725518 0.00108141 0.00976819 -0.0171813 -0.0112841 -0.00346668 -0.0361459 -0.000156271 0.00978767 -0.00491351 0.00790909 0.00819004 -0.0159197 -0.00530164 -0.00987956 0.0203094 0.0076328 0.0181623 0.00384853 0.0176413 0.000255431 0.027467 0.00851306 0.0127149 -0.00466059 0.00421896
internal_weight=91152.5 87000.4 27791 59209.5 53251.3 15490.2 6324.81 10535.6 5958.17 4021.03 4152.06 17255.3 37761 9165.42 2616.72 6207.06 1250.15 10391.3 6051.45 825.381 6864.04 2827.29 2135.7 1329.63 4036.76 1071.63 2716.82 2483.82 1758.24 1382.96
internal_count=804248 690711 285101 405610 348377 122530 40429 132958 57233 34803 113537 152143 225847 82101 17341 39746 23875 88556 72414 5732 63587 25438 20598 11424 38149 9111 21173 19311 12303 9926
is_linear=0
shrinkage=0.05


Tree=35
num_leaves=31
num_cat=0
split_feature=18 19 22 16 5 13 5 22 17 23 22 11 5 17 23 11 25 17 22 24 3 5 22 11 23 5 6 11 23 25
split_gain=2174.83 835.203 659.299 372.552 360.385 307.092 375.577 303.74 242.466 225.222 217.419 249.805 186.734 162.658 148.1 145.56 137.811 131.682 128.226 124.921 161.828 112.629 105.169 151.497 104.113 103.198 100.147 98.9851 154.76 96.9372
threshold=161.1470642089844 0.60294118523597728 -0.55092459999999999 0.1911764740943909 7.5000000000000009 -28.927935623658971 2.5000000000000004 0.075349397950000022 211.72380828857425 1.25831 0.16082139000000004 12.778281696572909 2.5000000000000004 195.26143646240237 2.4041249500000004 53.401806228566379 25.070076999068263 197.45076751708987 -0.033103309549999994 2.5000000000000004 133.79256122931841 21.500000000000004 0.36488128000000003 1.997763432919887 0.089801419500000021 8.5000000000000018 9.5000000000000018 66.271986887747019 0.84993806500000002 25.070076999068263
decision_type=2 2 2 2 2 2 2 2 2 2 2 2 2 2 2 2 2 2 2 8 2 2 2 2 2 2 2 2 2 2
left_child=3 2 4 -1 13 6 26 -5 10 -8 12 -12 -3 29 -13 25 -6 21 -11 -17 24 22 23 -7 -21 -14 -4 -25 -29 -2
right_child=1 8 5 7 16 17 9 -9 -10 18 11 14 15 -15 -16 19 -18 -19 -20 20 -22 -23 -24 27 -26 -27 -28 28 -30 -31
leaf_value=-0.048299264226001677 -0.0056625655242392471 0.011434105084310968 0.012218055512894805 -0.03292994944941318 -0.016403540752005209 0.071806001318044863 -0.0019644911573167296 -0.0053642479034195032 0.022875890719486171 -0.0090236312707090826 -0.015248006680618237 0.012403723040606848 -0.0014670983899042938 0.0057384967938144326 0.042261868146732169 -0.010619087236022487 -0.034016649122861981 0.0090024442078313373 0.014215199728789249 0.086022317215493749 0.039025642066026246 -0.032873579483106298 0.00065971303774646961 -0.0093993346827471926 0.0059468087043238775 -0.016299943336084574 0.030688011530193484 0.023734613779339195 -0.014186284086576784 -0.019445821312001163
leaf_weight=1821.222136316821 4408.5370155200362 5114.0077408030629 1342.1615061722696 2326.7757077608258 3333.2315107360482 59.370599403977394 9063.3627636581659 1751.838798282668 2506.9564179368317 683.85147529840469 807.27233987301588 11837.701694771647 6556.9141285307705 2372.3176720775664 429.62288077920675 911.16541298478842 1667.8623093366623 2059.3175354711711 4466.4130435548723 39.984471909701824 423.99078649282455 338.47141882777214 7542.1713419556618 8820.1249264329672 4321.8329698294401 1427.0947971642017 1624.1194547042251 594.44568897038698 489.94672849029303 1794.8480899818242
leaf_count=61819 41223 30180 7079 53043 43206 478 66432 31812 14795 5866 6988 64512 51634 17205 2093 10663 23500 14285 24577 245 3047 4173 60007 84840 27735 14647 8290 5864 4813 18628
internal_value=-0.000145572 0.00189127 -0.00219058 -0.0294989 -0.0116171 0.00126078 0.00615805 -0.0210942 0.00790657 0.00278013 0.00672836 0.0116796 0.00328359 -0.00539505 0.0134528 0.000236285 -0.0222831 -0.00296637 0.0111284 0.00634117 0.00957176 -0.00434804 -0.00379467 -0.00716614 0.0067004 -0.00412009 0.0223378 -0.00764672 0.00660403 -0.00965302
internal_weight=90936.9 85037.1 50660.6 5899.84 13576.8 37083.8 17179.9 4078.61 34376.5 14213.6 31869.6 13074.6 18795 8575.7 12267.3 13681 5001.09 19903.8 5150.26 5696.97 4785.81 17844.5 17506.1 9963.89 4361.82 7984.01 2966.28 9904.52 1084.39 6203.39
internal_count=803679 657005 430466 146674 143762 286704 112244 84855 226539 96875 211744 73593 138151 77056 66605 107971 66706 174460 30443 41690 31027 160175 156002 95995 27980 66281 15369 95517 10677 59851
is_linear=0
shrinkage=0.05


Tree=36
num_leaves=31
num_cat=0
split_feature=16 5 22 21 11 5 22 20 12 21 14 14 14 23 11 12 22 21 14 12 23 21 22 14 20 20 12 14 21 11
split_gain=2022.44 827.049 861.346 594.337 454.079 405.93 464.978 380.292 297.644 284.201 246.514 357.746 237.412 351.291 300.979 237.336 232.034 231.075 216.84 265.528 207.453 203.676 203.172 206.475 263.624 261.491 414.258 387.701 295.785 249.238
threshold=0.39705882966518408 8.5000000000000018 -0.14198879499999997 0.27051234000000007 17.687629925646469 1.5000000000000002 0.36488128000000003 -2.4217987060546871 2.2801857585139325 -0.19011549499999997 236.50000000000003 254.50000000000003 225.50000000000003 1.9378600000000001 53.79989594552125 4.3854489164086692 -1.0087099999999998 -1.3268715999999998 237.50000000000003 4.7275541795665648 2.4967763500000006 0.90184903000000005 1.5679100000000001 216.50000000000003 9.615272521972658 51.42878723144532 4.9055727554179578 255.50000000000003 0.30427013500000005 124.4390619989404
decision_type=2 2 2 2 2 2 2 2 2 2 2 2 2 2 2 2 2 2 2 2 2 2 2 2 2 2 2 2 2 2
left_child=18 3 10 5 -5 8 7 16 -2 -9 -3 15 14 -14 20 21 -7 -4 -1 -20 -8 -12 23 24 -6 28 -27 -28 -25 -30
right_child=1 2 17 4 22 6 12 9 -10 -11 11 -13 13 -15 -16 -17 -18 -19 19 -21 -22 -23 -24 25 -26 26 27 -29 29 -31
leaf_value=-0.043310782457031904 -0.0041839848833944574 -0.025601838960234116 -0.024364932068884265 -0.013075209885198899 0.014229783755694584 -0.012270068471763679 -0.0093590158457660735 -0.014921366483029589 0.017030415483147432 8.7013260561762909e-05 -0.012278899811044408 -0.026568635107069055 0.025108817842323734 -0.038470219035081889 0.015584612414062289 0.039775823331826179 0.010609132658467919 0.0026865925749581503 -0.039595802276534246 0.014879230972772595 0.031596492885773785 0.020575040363920896 0.036078796276629986 -0.042034928867567052 0.0002934959681879337 0.0050131083343213992 0.052556978821805579 -0.0095059296313539845 0.042209152259390849 -0.052259006956561438
leaf_weight=2784.7060433086008 2357.0453367084265 5028.7497407197952 834.92103430256248 1862.8937441967428 7572.7804803699255 1494.7764294221997 3887.6972368471324 10512.369951371104 5534.7459011524916 4506.2380309142172 1858.1916709206998 1887.3109788708389 2490.8528306297958 237.12476845085621 2573.8314322717488 353.62271292135119 4276.2047353088856 14191.225277040154 495.9285647533834 406.08406724780798 334.93108362704515 631.16540236771107 885.40839322283864 120.25139606744051 6147.9571387432516 4226.6210757158697 999.47114332765341 335.82762871310115 1815.150569755584 71.792349986732006
leaf_count=92127 17804 65245 7486 16698 41763 12075 23750 108504 35465 36815 21965 26259 17113 2248 13667 4011 27534 118978 12626 6164 2150 5495 3908 662 35937 28732 5348 3020 9170 393
internal_value=-0.000142649 0.00139411 -0.00632997 0.00446984 0.0106293 0.000594316 -0.0020354 -0.00622674 0.0106946 -0.0104185 -0.0178951 -0.0096985 0.00711299 0.0195702 0.00211073 0.00150613 0.00468195 0.00118197 -0.0364101 -0.0150819 -0.00610379 -0.00394401 0.0126211 0.0116439 0.00798572 0.0182733 0.0126864 0.0369527 0.0337404 0.0385892
internal_weight=90715.9 87029.2 24785.2 62244 24038.2 38205.8 30314 20789.6 7891.79 15018.6 9759.04 4730.29 9524.44 2727.98 6796.46 2842.98 5770.98 15026.1 3686.72 902.013 4222.63 2489.36 22175.3 21289.9 13720.7 7569.11 5561.92 1335.3 2007.19 1886.94
internal_count=803112 692195 249439 442756 145631 297125 243856 184928 53269 145319 122975 57730 58928 19361 39567 31471 39609 126464 110917 18790 25900 27460 128933 125025 77700 47325 37100 8368 10225 9563
is_linear=0
shrinkage=0.05


Tree=37
num_leaves=31
num_cat=0
split_feature=18 21 5 14 22 5 11 22 11 3 22 11 22 22 18 14 14 11 22 22 18 14 21 22 14 21 14 22 14 14
split_gain=1904.36 726.175 606.627 473.712 464.641 453 424.666 356.343 336.893 284.867 253.309 242.044 240.054 230.891 224.864 204.775 285.514 283.737 254.922 206.334 201.148 193.018 175.98 168.731 166.168 166.822 165.743 352.734 346.213 337.201
threshold=161.1470642089844 0.27051234000000007 6.5000000000000009 233.50000000000003 -0.14198879499999997 11.500000000000002 17.687629925646469 1.5679100000000001 86.487190067987243 3.7892491593956952 0.38392488500000005 50.50536256878646 1.0527500000000003 0.16082139000000004 187.42769622802737 176.50000000000003 198.50000000000003 56.069599263554579 -0.087063040549999984 1.5679100000000001 186.53615570068362 261.50000000000006 -0.55150461499999992 1.2243577000000003 272.50000000000006 -0.087392471699999988 217.50000000000003 -0.46755985499999991 181.50000000000003 246.50000000000003
decision_type=2 2 2 2 2 2 2 2 2 2 2 2 2 2 2 2 2 2 2 2 2 2 2 2 2 2 2 2 2 2
left_child=3 2 9 -1 -4 6 -3 14 24 21 -7 20 22 -5 26 23 19 18 -18 -17 -11 -2 -10 -13 -6 -26 28 -28 -8 -29
right_child=1 5 4 13 8 10 7 -9 12 11 -12 15 -14 -15 -16 16 17 -19 -20 -21 -22 -23 -24 -25 25 -27 27 29 -30 -31
leaf_value=-0.042425570707940723 0.011960140743718678 -0.012750472212243458 -0.018040568283246388 -0.025850058935584536 -0.0061183616924349784 -0.015310742046133178 0.013486006709291322 0.038458386652839842 -0.043898161386739458 -0.0068969307361576001 0.006218307588799557 0.020339283250025941 0.079451822563423383 0.0040189304162109654 0.02105496045222939 -0.015567603303993774 0.0067225693825234455 0.0010844018652606099 0.06341462843076838 0.083637451522089401 0.0075256762459363497 -0.033480050965044472 0.023709129119580914 -0.037710541969663669 -0.0018966809764047491 0.10182848307940834 -0.0050597082383062207 0.028936608410675899 -0.0025451922321198333 0.0069146158366721888
leaf_weight=2938.7308977022767 7115.9419379159808 2004.7702177464962 8618.1129886843264 1535.7959433626384 8661.7138144783676 3180.9693825989962 6025.2892975024879 1138.3721936009824 110.93187491223216 13219.112223368138 2393.6385744102299 2589.0899816900492 170.84476339444518 1117.0546446572989 3859.9430109262466 2122.6708591654897 380.59782475978136 2043.1239131614566 413.56798330694437 52.758348107337952 2957.6570265702903 240.69017084315419 688.46054453775287 130.63770127296448 83.952422305941582 70.95896127820015 2033.7125184237957 3703.2499759420753 7633.7713284641504 3276.7158119641244
leaf_count=98168 45751 17982 112665 31573 72244 31986 34141 5186 936 106830 18242 15135 896 16640 19755 15349 3632 14936 2300 219 19511 2641 5025 635 790 565 17081 20855 47463 23495
internal_value=-0.000339745 0.0015214 -0.00237365 -0.0286009 -0.0095753 0.00700977 0.00946638 0.0110764 -0.00211987 0.00186585 -0.00606709 -0.00078161 0.0258292 -0.0132761 0.00990018 0.00649437 0.000500106 0.0109473 0.036288 -0.0131244 -0.00425969 0.0104691 0.0142841 0.0175381 -0.00519814 0.0459642 0.00800027 0.0132625 0.00452697 0.0186009
internal_weight=90512.8 84921.3 49670.8 5591.58 18405 35250.4 29675.8 27671.1 9786.86 31265.8 5574.61 23909.2 970.237 2652.85 26532.7 7732.45 5012.72 2837.29 794.166 2175.43 16176.8 7356.63 799.392 2719.73 8816.63 154.911 22672.7 9013.68 13659.1 6979.97
internal_count=802627 656246 420060 146381 193121 236186 185958 167976 80456 226939 50228 178547 6857 48213 162790 52206 36436 20868 5932 15568 126341 48392 5961 15770 73599 1355 143035 61431 81604 44350
is_linear=0
shrinkage=0.05


Tree=38
num_leaves=31
num_cat=0
split_feature=15 21 22 20 22 11 22 4 22 23 11 23 11 4 11 20 4 22 11 23 11 11 11 20 25 11 23 22 11 21
split_gain=1729.32 691.886 547.294 515.904 399.166 389.975 342.341 334.256 308.375 289.38 284.612 404.695 262.715 230.519 238.222 223.409 212.5 199.579 194.799 175.303 238.884 172.677 171.749 166.736 184.565 163.299 162.205 167.432 158.642 151.859
threshold=9.7743926048278826 0.27051234000000007 -0.99851524999999997 -5.5233306884765616 0.36488128000000003 14.532123391300257 1.5679100000000001 92.663445204496398 0.94406590000000012 0.089801419500000021 91.238301613520932 1.6251929000000003 10.389228504554778 21.585746940225366 38.133061216700106 79.287681579589858 103.80737090855838 0.16082139000000004 6.8989440573627379 0.59148773500000007 44.126377676085987 48.929337142444808 32.347828984606572 2.4766693115234379 25.14572632312775 44.552299488635718 2.4967763500000006 -0.13172641999999998 1.997763432919887 0.84858900000000015
decision_type=2 2 2 2 2 2 2 2 2 2 2 2 2 2 2 2 2 2 2 2 2 2 2 2 2 2 2 2 2 2
left_child=1 2 12 8 9 28 7 -7 -4 21 16 -12 -1 14 -11 -2 18 -17 -6 20 22 -5 -15 24 -9 -22 27 -25 -3 -29
right_child=15 5 3 4 10 6 -8 23 -10 13 11 -13 -14 19 -16 17 -18 -19 -20 -21 25 -23 -24 26 -26 -27 -28 29 -30 -31
leaf_value=0.020226502833030416 -0.041912817460928953 0.034570588247363247 0.013437192915777031 -0.011646215164286744 -0.045222149949365492 0.010607819478461684 0.032144633512618849 0.0055490828868968306 -0.01330204907090028 -0.008174920625687079 0.011509405474364506 0.092122590290158554 -0.017917045781625424 -0.0048695089843123806 0.019367831490449537 -0.032365724594562752 -0.0090736217582310236 0.01082105400136215 0.0070289973678253868 -0.014224186781443292 0.11275398793163874 0.070696596777599652 -0.02803636612544412 -0.0098549040841826169 0.054174162814797346 0.0039442354582377714 0.044119887549163565 0.01150418521973766 -0.021515671022496935 -0.003283779091058182
leaf_weight=483.15977916307747 2567.6757701206952 136.32944962382317 8158.9074093773961 96.088088454678655 181.27871821075678 20257.025206815451 1367.5087970644236 615.10280952975154 1241.6130324602127 1732.0326959807426 603.07279657758772 209.03821993619204 6710.6675013229251 2144.2454060912132 1434.3171026613563 666.76742691919208 3269.6937686428428 445.65991489216685 8356.8775166179985 11090.325513152406 33.826667409390211 186.24689327925444 1275.6580891907215 4336.3751430399716 285.01947882957757 3500.7202403638512 192.13404019549489 2869.4218360166997 1551.8981933817267 4392.1343484148383
leaf_count=4660 90214 1060 49101 771 2311 119150 6740 3401 7212 14268 3835 958 79506 20522 8608 15686 27219 7462 53147 125073 312 1475 11936 43776 1613 30426 1268 22985 15862 33308
internal_value=-0.000239796 0.00118513 -0.00257828 -0.000466071 -0.00332405 0.00648556 0.00763993 0.00662189 0.00990446 -0.00746831 0.0037342 0.0323471 -0.0153528 -0.00813847 0.00430378 -0.0338051 0.00176371 -0.0150701 0.00591446 -0.0103218 -0.00409761 0.0427304 -0.0135166 0.000258927 0.020989 0.00501717 -0.00132537 -0.00208197 -0.0169688 0.0025605
internal_weight=90390.8 86710.7 50707.8 43513.9 34113.4 36002.9 34314.7 32947.2 9400.52 21493.5 12620 812.111 7193.83 21211.1 3166.35 3680.1 11807.9 1112.43 8538.16 18044.8 6954.45 282.335 3419.9 12690.2 900.122 3534.55 11790.1 11597.9 1688.23 7261.56
internal_count=803865 690503 441340 357174 300861 249163 232241 225501 56313 213391 87470 4793 84166 211145 22876 113362 82677 23148 55458 188269 63196 2246 32458 106351 5014 30738 101337 100069 16922 56293
is_linear=0
shrinkage=0.05


Tree=39
num_leaves=31
num_cat=0
split_feature=18 19 22 20 20 12 4 13 4 11 23 18 3 20 11 12 11 18 12 11 12 23 22 20 22 22 20 20 12 11
split_gain=1689.39 716.05 536.545 483.881 444.405 327.397 249.817 228.747 322.265 198.109 184.863 174.938 151.643 149.203 275.422 244.663 254.289 184.896 162.919 160.707 133.1 200.228 131.142 233.853 128.782 191.338 126.166 198.908 184.596 148.287
threshold=161.1470642089844 0.60294118523597728 -0.55092459999999999 71.476669311523452 74.936492919921889 5.1284829721362231 101.70197010785343 -34.223689303690151 24.160131096839908 14.532123391300257 1.25831 202.43030548095706 133.79256122931841 62.476669311523445 9.5080668581966847 4.9055727554179578 37.311321259802071 177.36049652099612 8.9767801857585159 15.502362214384931 7.0015479876161004 0.6661301850000001 0.31588700500000005 -8.318016052246092 1.2243577000000003 0.72205493000000009 57.681983947753913 8.1695404052734393 4.9055727554179578 44.552299488635718
decision_type=2 2 2 2 2 2 2 2 2 2 2 2 2 2 2 2 2 2 2 2 2 2 2 2 2 2 2 2 2 2
left_child=4 2 6 11 -1 -6 -2 8 -4 -7 26 12 22 17 -15 -16 18 -9 19 -17 -11 -22 23 -3 25 -20 27 -10 -28 -30
right_child=1 3 7 -5 5 9 -8 13 10 20 -12 -13 -14 14 15 16 -18 -19 24 -21 21 -23 -24 -25 -26 -27 28 -29 29 -31
leaf_value=-0.041684153105283332 -0.0064875099730961954 0.014753103537982377 0.021723694405277563 -0.0087052993256219284 -0.027357601308950215 -0.016100885482490439 -0.021492530976067233 -0.0098876344550264464 0.0095824440847332853 0.010472412717422157 0.010373255965898031 0.040285717830711026 0.030544845238253612 -0.027039012794412044 -0.0012364707833400039 -0.016723103706927964 0.069718147519225893 0.0021227967073661458 0.022235413203562805 0.014944605136956519 0.1415505585548012 0.029868680305686464 0.012805517434785349 0.00231573304856141 -0.024058575032444844 0.10162575521441185 0.0021098472398006639 -0.010562457542057778 -0.0079653643681470553 0.07448444065689229
leaf_weight=2713.4393805973232 9238.5238599963486 5214.8633111864328 2562.2718464359641 4286.9284906834364 1580.4552522469312 465.05649371258914 3964.0284298807383 8978.7872748412192 1653.1952073685825 402.00377764366567 4376.8411291390657 446.21599455177784 778.26900773122907 710.59387432038784 5027.0811064653099 513.98101336881518 211.08432760834694 4981.893670771271 176.95554365217686 1804.481655459851 54.135756490752101 150.43945674970746 10058.634548649192 13725.245289456099 58.448139224201441 132.87176158279181 960.68401833623648 4726.7091132737696 77.772619269788265 180.10365062952042
leaf_count=96912 88611 28122 12930 39299 34628 6891 54939 82139 9408 5998 25083 2440 5379 8377 45797 5936 1546 33207 1759 14315 602 2126 50777 100646 528 865 7461 36045 549 1048
internal_value=-0.000254532 0.00146625 -0.00233702 0.00701358 -0.0274609 -0.0128984 -0.010994 0.000741108 0.00563344 0.00843184 0.00218919 0.00924339 0.00877688 -0.00240655 0.00275921 0.00543417 0.0170027 -0.00560185 0.0128367 0.00791999 0.0272363 0.0599673 0.00819164 0.00574077 0.0436842 0.0565 -0.00252571 -0.00534172 0.0122101 0.0496838
internal_weight=90212 84846.5 50336.3 34510.2 5365.53 2652.09 13202.6 37133.8 14537.6 1071.64 11975.3 30223.2 29777 22596.2 8635.5 7924.9 2897.82 13960.7 2686.74 2318.46 606.579 204.575 28998.7 18940.1 368.275 309.827 7598.46 6379.9 1218.56 257.876
internal_count=804363 657206 430543 226663 147157 50245 143550 286993 92524 15617 79594 187364 184924 194469 79123 70746 24949 115346 23403 20251 8726 2728 179545 128768 3152 2624 54511 45453 9058 1597
is_linear=0
shrinkage=0.05


Tree=40
num_leaves=31
num_cat=0
split_feature=18 0 21 9 24 20 4 22 20 17 20 23 13 21 22 22 13 13 23 20 13 22 23 3 23 3 0 22 20 20
split_gain=1526.01 614.524 379.804 372.4 365.593 320.697 263.864 310.478 309.797 211.343 269.398 242.341 211.015 209.905 194.629 170.256 157.706 156.705 163.862 144.186 142.163 137.386 150.01 137.051 133.436 131.931 122.361 120.856 202.418 118.849
threshold=159.69117736816409 0.95438385009765636 0.14982857000000002 56.500000000000007 2.5000000000000004 81.731285095214858 12.400000035762789 0.14726732500000003 4.3582839965820321 190.8796310424805 59.627311706542976 1.3455228000000001 -18.785201202386023 -0.49529029499999994 0.055660221750000009 -0.95834308999999984 -41.654936913147147 -55.081675560147303 0.48919199500000005 -16.078605651855465 -38.593676229045016 0.075349397950000022 1.3568360000000002 126.12294939160348 1.2767918500000002 42.984472334384925 9.0483694076538104 0.60472849000000017 26.933258056640629 61.02986145019532
decision_type=2 2 2 2 8 2 2 2 2 2 2 2 2 2 2 2 2 2 2 2 2 2 2 2 2 2 2 2 2 2
left_child=3 2 6 5 -3 -1 20 8 15 10 11 -6 14 -10 19 -8 25 18 -16 -4 -2 -7 -23 -11 -20 -9 -12 28 -19 -26
right_child=1 4 12 -5 9 21 7 16 13 23 26 -13 -14 -15 17 -17 -18 27 24 -21 -22 22 -24 -25 29 -27 -28 -29 -30 -31
leaf_value=-0.042946882221554739 0.023081608668421183 -0.018351985284721675 0.027806444173197803 0.31371544032907051 -0.016785063958196369 -0.028160839442574671 -0.011138884210243363 0.0086922691509922923 -0.017745398512044371 0.0010763279714115785 0.0084358881139802427 0.0015063225586986087 0.0010715381642940288 -0.0032553854540237821 0.042104839507611666 0.0096231754221334075 0.00087840296795912206 0.011402471036214529 -0.0045490087737260088 0.0036842600923328744 0.0053242035501961651 0.014497934480474095 -0.02772278367617205 0.021277405659099122 0.019758906479209408 0.032900355139392365 -0.0088849256466131451 0.014325457058270152 0.037818129812555223 -0.015914951629060776
leaf_weight=2294.3523398842663 1586.8802856784314 4218.2738637626171 673.31529053300619 6.883111495524644 6451.8051054310054 961.96965104900301 1355.8718594834208 2549.8533272910863 5585.1673168279231 9984.0585094988346 3284.8091097474098 2516.9862449467182 6694.8430303875357 4523.9863127525896 323.02990115433931 3625.9056459311396 7470.8159437198192 1169.854057462886 1832.1167120300233 7625.5838069412857 3887.3390302229673 571.69482488371432 331.54547016322613 915.70715644955635 1576.6169899217784 721.7039701230824 1477.4766709189862 3628.1412572190166 1912.0656248889863 273.251928165555
leaf_count=86806 8102 58703 2985 102 64229 21329 11798 13559 68424 65454 31534 19806 55013 45087 1681 24382 53437 5824 9428 49997 26953 8559 5394 6870 7088 4199 16138 18444 11085 1437
internal_value=-0.000240308 0.00119376 0.00420256 -0.0297879 -0.00475267 -0.0304316 0.000504505 -0.00160863 -0.0062332 -0.002423 -0.00654928 -0.0116522 0.00870576 -0.0112619 0.0113936 0.00397134 0.00488796 0.0158453 0.00801586 0.00564448 0.010475 -0.015022 -0.00101322 0.00277525 0.00501452 0.014041 0.00306145 0.0205166 0.0277981 0.0144836
internal_weight=90031.9 85865.5 57016.3 4166.45 28849.1 4159.56 31307.5 25833.3 15090.9 24630.8 13731.1 8968.79 25708.8 10109.2 19014 4981.78 10742.4 10715.1 4005.02 8298.9 5474.22 1865.21 903.24 10899.8 3681.99 3271.56 4762.29 6710.06 3081.92 1849.87
internal_count=803847 681657 418923 122190 262734 122088 255941 220886 149691 204031 131707 84035 162982 113511 107969 36180 71195 54987 19634 52982 35055 35282 13953 72324 17953 17758 47672 35353 16909 8525
is_linear=0
shrinkage=0.05


Tree=41
num_leaves=31
num_cat=0
split_feature=19 19 24 2 0 12 16 11 22 4 5 22 13 22 23 22 11 24 12 24 11 12 22 22 23 22 11 12 22 11
split_gain=1452.88 656.019 509.146 299.075 294.054 256.669 240.214 179.09 187.615 168.056 158.769 153.321 138.635 129.693 174.58 129.024 176.738 161.24 160.369 191.607 154.312 121.957 121.236 119.884 118.667 117.626 115.691 124.746 133.384 114.004
threshold=0.10294117778539659 0.57352942228317272 2.5000000000000004 2.9015136212110524 3.561622262001038 5.215170278637772 0.16176471114158633 50.50536256878646 1.5679100000000001 28.382455227896575 4.5000000000000009 0.16082139000000004 -25.230711618732464 0.085721280400000016 1.4620874500000001 -0.32743333499999999 56.648642875830838 3.5000000000000004 2.3854489164086692 7.5000000000000009 108.20369620633893 11.291021671826627 0.14726732500000003 -1.9131074999999997 2.4967763500000006 -0.95834308999999984 105.05147439454778 0.32507739938080499 1.1680100000000002 66.271986887747019
decision_type=2 2 8 2 2 2 2 2 2 2 2 2 2 2 2 2 2 10 2 10 2 2 2 2 2 2 2 2 2 2
left_child=5 2 3 -2 9 -1 -7 10 15 12 21 29 -4 -8 -15 17 18 23 -17 -20 25 -3 -12 -9 -18 -19 -6 -28 -29 -11
right_child=1 7 4 -5 26 6 13 8 -10 11 22 -13 -14 14 -16 16 24 20 19 -21 -22 -23 -24 -25 -26 -27 27 28 -30 -31
leaf_value=-0.038778885255757359 0.0019837865944967599 0.0070851514412827339 0.015725446798792175 -0.022957974942618833 -0.010855121110334895 -0.044621899760974193 -0.019696349200742046 0.035049326482137377 0.03845855168814985 -0.0079022040483024102 -0.0064315145751422664 0.0034093375223162611 0.00052621558769386906 0.036390795207346956 -0.025915703478049459 -0.0028769318526213282 0.0081000475282841048 0.078064580846641071 0.037154139027729211 -0.016107023850729454 -0.055112342018159101 -0.019712552589757272 0.0042642609361531166 -0.0023205697108295868 0.073249262444672433 0.020653817110607708 0.070010706058220989 -0.0038861635976568006 0.090776918581680341 0.004748681028441306
leaf_weight=2633.253480181098 1628.4251275453717 13636.480606157333 3340.4311953168362 4585.9800272993743 7698.3573513701558 391.17743568122387 395.53391087614 222.99628943577409 532.32526028156281 7800.8300862405449 6129.416398961097 11597.37277703546 2722.9120011236519 379.03825523518026 158.82582270167768 430.09373396635056 9741.0736152678728 100.6975427120924 1524.2152377329767 189.31996046751738 59.510619148612022 437.27464507520199 4664.9556192159653 5122.7967185862362 69.418327316641808 741.72322495281696 78.404290961101651 512.70329431444407 39.119318353012204 2306.7812043353915
leaf_count=85790 17291 82954 18168 70172 79821 16523 8668 1451 2199 76516 57770 83845 21528 5807 2873 2835 52920 572 7867 906 360 3897 30818 42054 346 4261 590 5048 264 19975
internal_value=-0.000134569 0.00123008 -0.00320519 -0.016423 -0.000929246 -0.0297501 -0.0117851 0.005534 0.00922583 0.00154231 0.00275253 -0.000513682 0.00890102 0.00200945 0.0179784 0.00836884 0.011412 0.00254531 0.0244156 0.0312636 0.0220882 0.0062512 -0.0018092 -0.000755445 0.00856846 0.0276007 -0.00916885 0.0114138 0.00297667 -0.00501481
internal_weight=89871.4 85913.6 42311.3 6214.41 36096.9 3957.83 1324.58 43602.3 18734.2 27768.3 24868.1 21705 6063.34 933.398 537.864 18201.8 11954.1 6247.72 2143.63 1713.54 901.931 14073.8 10794.4 5345.79 9810.49 842.421 8328.58 630.227 551.823 10107.6
internal_count=804089 684428 393218 87463 305755 119661 33871 291210 115771 220032 175439 180336 39696 17348 8680 113572 64874 48698 11608 8773 5193 86851 88588 43505 53266 4833 85723 5902 5312 96491
is_linear=0
shrinkage=0.05


Tree=42
num_leaves=31
num_cat=0
split_feature=15 16 22 20 14 18 14 12 12 11 14 14 14 12 14 11 11 22 12 11 22 12 14 11 22 11 14 22 14 23
split_gain=1400.63 665.709 386.165 397.717 335.972 255.691 213.132 185.429 169.761 198.368 380.566 233.112 246.287 225.699 173.597 252.761 199.66 174.036 174.769 197.754 166.32 174.104 172.303 166.557 165.33 164.469 334.592 271.762 281.577 256.472
threshold=11.53325414657593 0.72058823704719555 -0.30655443499999996 -13.290626525878904 256.50000000000006 190.41741943359378 237.50000000000003 4.4256965944272446 3.4721362229102173 29.290478826860898 228.50000000000003 266.50000000000006 239.50000000000003 6.0541795665634686 268.50000000000006 66.271986887747019 34.475699628861889 0.72205493000000009 2.6919504643962853 41.215527243203375 -0.17849789999999996 4.8003095975232215 265.50000000000006 71.033626906423862 -1.2466693999999998 50.095855824868472 179.50000000000003 0.89314475500000012 234.50000000000003 0.41263689000000009
decision_type=2 2 2 2 2 2 2 2 2 2 2 2 2 2 2 2 2 2 2 2 2 2 2 2 2 2 2 2 2 2
left_child=1 2 3 -1 5 25 -2 -8 14 11 -11 12 -10 -12 -4 16 -16 18 19 -18 -6 22 23 -22 -5 -3 -27 28 -28 -30
right_child=6 4 8 24 20 -7 7 -9 9 10 13 -13 -14 -15 15 -17 17 -19 -20 -21 21 -23 -24 -25 -26 26 27 -29 29 -31
leaf_value=0.014092175493450335 -0.044821138939163542 0.0015655111854193113 -0.0081220911208376 -0.029876620703276704 -0.02269021446537782 0.01818075454721186 -0.038023026852321298 0.011280839777804273 -0.013401834978152331 -7.5476970271252334e-05 0.015298440333138777 -0.030377372973983949 0.011350734332182942 0.04991273160666837 -0.018505300861937964 -0.053205145645800138 0.11566404563462225 0.12936659303700068 -0.026320280859880887 0.028058351428428809 -0.014247364592552476 -0.018645126883925469 0.023503362284780283 0.034312850245915932 -0.012828815082218351 0.018441303464713718 -0.0025833810648179319 0.018476255141302699 0.060946006175440853 0.010371669351135517
leaf_weight=1255.0281448103487 1923.5638936217874 25031.851490184665 8878.8738676048815 1717.5024153664708 1468.0891662202775 3575.9710208438337 382.94767773896456 378.19033517315984 1848.3813565522432 4428.1492999140173 1735.2265199124813 744.45251497626305 2199.8944845609367 646.17042097263038 239.35435456782579 127.79143453761935 72.829889059066772 43.915416181087494 122.88053619861603 516.73244217783213 1015.0939858220518 1073.9225388728082 845.61693628877401 212.74284397438169 8275.5863440837711 5289.6845831647515 10611.370690234005 2655.8865029662848 282.97497999668121 2144.6029400862753
leaf_count=8295 83187 176340 78008 26873 18080 19560 11039 6040 17152 35723 12807 8850 20725 3989 2373 1190 564 317 1062 4456 8073 11132 6570 1540 109242 27453 73055 12234 1859 16228
internal_value=-0.000398099 0.000698983 -0.00491718 -0.0124296 0.0041027 0.00530358 -0.0359617 -0.0135425 -0.00100557 0.00310956 0.00859392 -0.00468283 4.85679e-05 0.0247077 -0.00577877 0.0127309 0.0212382 0.033823 0.0277606 0.039058 -0.00879898 -0.00231429 0.006149 -0.00581244 -0.0157615 0.00430252 0.00756718 0.0039013 0.000931355 0.0162896
internal_weight=89745.3 87060.6 32852.8 11248.1 54207.8 49592.3 2684.7 761.138 21604.7 11602.3 6809.55 4792.73 4048.28 2381.4 10002.4 1123.5 995.713 756.358 712.443 589.562 4615.47 3147.38 2073.45 1227.84 9993.09 46016.4 20984.5 15694.8 13038.9 2427.58
internal_count=804016 703750 331626 144410 372124 326729 100266 17079 187216 99246 52519 46727 37877 16796 87970 9962 8772 6399 6082 5020 45395 27315 16183 9613 136115 307169 130829 103376 91142 18087
is_linear=0
shrinkage=0.05


Tree=43
num_leaves=31
num_cat=0
split_feature=16 19 24 16 25 22 11 22 13 3 4 11 9 4 4 24 3 16 22 9 11 22 22 24 22 4 3 22 11 25
split_gain=1275.32 633.509 543.208 316.518 200.407 189.444 216.621 243.345 186.88 147.802 144.37 204.751 142.93 141.538 136.273 130.783 131.88 127.143 166.043 120.54 206.046 138.063 129.407 123.935 117.798 115.84 113.601 130.384 129.889 109.234
threshold=0.33823530375957495 0.51470589637756359 3.5000000000000004 0.83823528885841381 26.426528140902523 0.36488128000000003 129.20073116478446 0.71033275500000015 -28.927935623658971 0.22638119012117389 89.018010266125216 78.397701685042946 31.500000000000004 28.382455227896575 3.5484858155250554 3.5000000000000004 94.953062385320678 0.16176471114158633 0.36488128000000003 10.500000000000002 9.5080668581966847 1.0741876000000001 0.36488128000000003 1.5000000000000002 0.80366650500000014 108.12459602952005 36.964085452258594 1.5679100000000001 40.385965296750662 25.926900374889378
decision_type=2 2 8 2 2 2 2 2 2 2 2 2 2 2 2 10 2 2 2 2 2 2 2 8 2 2 2 2 2 2
left_child=17 2 4 8 25 9 12 -8 13 -4 19 -12 26 -3 -5 16 -15 -1 -19 21 -21 23 -22 -10 -24 -2 29 28 -28 -7
right_child=1 3 5 14 -6 6 7 -9 10 -11 11 -13 -14 15 -16 -17 -18 18 -20 20 22 -23 24 -25 -26 -27 27 -29 -30 -31
leaf_value=-0.048031224649992592 -0.0075774896749323667 0.011818167696689287 0.026686134124432378 0.031112228573118458 -0.034654659942878134 -0.0010144024048586264 0.12414524344344369 -0.00030796433973662992 -0.01207790137549903 -0.006920479770287812 -0.0096523758273378679 0.018969850392805649 0.017593628178165188 -0.0028964460832122743 0.0089398384124853639 0.0079263484008551249 0.022871022303218795 -0.036854641797586796 0.0029152395606262785 -0.028644772996688241 -0.0045862872243600606 -0.022296506956572038 0.019865729595300648 0.010923837104560808 -0.0014946850100788613 -0.027424978318677958 0.014114720839731677 0.031641087593485433 -0.0038257174737585269 -0.020076220494361537
leaf_weight=1148.9774772711098 2530.6567674372345 5659.7412810958922 335.16088423877954 726.36105189472437 1598.8611580822617 2381.385227009654 76.99177691154182 79.11897224187851 656.43271478265524 12275.054486105219 6949.8866035081446 685.61309031397104 1316.4466232247651 8379.9370298013091 14753.350057344884 6575.8398850560188 526.83958438411355 875.84193519502878 374.3693817909807 691.41615481302142 5449.1940687857568 388.5861684679985 1268.0258821882308 5370.9236761443317 1313.2508215345442 1035.9236262571067 1531.7109011225402 412.75810778513551 2951.2392677087337 1097.2175514753908
leaf_count=54155 32978 29047 3159 3603 29747 17397 558 617 5638 134786 66410 5024 8905 62875 88826 33611 4106 31142 10878 7884 43829 2525 7980 35638 8059 19239 15044 3279 25944 9587
internal_value=-6.64428e-05 0.000925259 -0.00533048 0.0038346 -0.0199487 -0.00196734 0.00322939 0.0614702 0.00166748 -0.00602522 -0.00147521 -0.00708016 0.00228493 0.00505252 0.00998219 0.0025787 -0.00136989 -0.0360206 -0.0249529 0.0013522 -0.00247447 0.00655378 -0.000217945 0.00841716 0.00900203 -0.0133483 -0.000123416 0.00478507 0.00230586 -0.0070309
internal_weight=89417.1 87017.9 27622.5 59395.4 5165.44 22457.1 9846.87 156.111 43915.7 12610.2 22773.3 7635.5 9690.76 21142.4 15479.7 15482.6 8906.78 2399.19 1250.21 15137.8 8721.89 6415.94 8030.47 6027.36 2581.28 3566.58 8374.31 4895.71 4482.95 3478.6
internal_count=802470 706295 301240 405055 81964 219276 81331 1175 312626 137945 182987 71434 80156 129639 92429 100592 66981 96175 42020 111553 67752 43801 59868 41276 16039 52217 71251 44267 40988 26984
is_linear=0
shrinkage=0.05


Tree=44
num_leaves=31
num_cat=0
split_feature=17 19 14 20 13 21 14 14 22 22 22 2 9 22 14 22 18 21 4 13 14 21 17 14 14 13 14 22 22 14
split_gain=1239.01 564.492 581.564 496.288 346.699 344.719 335.437 282.45 250.922 216.804 203.197 195.797 190.749 189.461 225.191 185.982 174.721 152.381 149.294 145.177 222.666 226.605 160.607 140.575 160.672 196.562 173.446 239.003 260.426 242.02
threshold=160.11765289306643 0.51470589637756359 256.50000000000006 66.262786865234389 -21.031460480505004 -0.06070800124999999 205.50000000000003 236.50000000000003 -1.0697576499999999 -0.17849789999999996 0.90906459000000017 0.38090859353542333 38.500000000000007 0.36488128000000003 221.50000000000003 -0.35569745499999994 190.41741943359378 1.3646467500000001 39.58073244988919 -33.493582063541957 210.50000000000003 -1.0077569499999999 189.94999694824222 156.50000000000003 183.50000000000003 -55.081675560147303 211.50000000000003 1.1680100000000002 -0.55092459999999999 220.50000000000003
decision_type=2 2 2 2 2 2 2 2 2 2 2 2 2 2 2 2 2 2 2 2 2 2 2 2 2 2 2 2 2 2
left_child=7 3 5 4 15 6 11 -1 -5 -4 -11 -3 -10 19 -15 18 23 -17 -2 20 21 -8 -22 -7 -25 -26 -27 28 29 -28
right_child=1 2 9 8 -6 16 13 -9 12 10 -12 -13 -14 14 -16 17 -18 -19 -20 -21 22 -23 -24 24 25 26 27 -29 -30 -31
leaf_value=-0.048443616682374471 0.0017245936735461359 0.016408945442247073 -0.025791462399273275 -0.025669633201286159 -0.017269107015380477 -0.013421818498366067 0.18002287440679426 -0.016771425957807562 0.0048735759386752805 -0.00024633544045940233 -0.032198954189956885 0.0026995608492777004 0.031209374569268394 -0.018319410123078868 0.013616661384352347 -0.0013578763424319544 0.023303027370756856 0.025588027579444235 -0.022083610562522248 -0.016085037945482501 0.018829294506825623 0.027718258979721622 -0.013378149046871363 0.015154095344550922 -0.0010830518052173854 0.0010673302147549408 0.047402387044132924 -0.0083800465792663505 0.022223629256577559 -0.005479351131263019
leaf_weight=1413.50749838911 989.05217087455094 3281.4537651836872 1784.702363666147 617.35560360178351 8158.8119725976139 740.48105372488499 28.916167873889208 1404.4707962367684 7168.3378383629024 3446.8988272733986 580.50168874114752 12610.971045613289 759.58787009492517 765.57857571542263 1971.1212446242571 6910.787404820323 2018.4533302262425 566.76743812672794 1968.1380819901824 4481.294559918344 523.75738328322768 135.97205194085836 1474.5797636322677 6956.5071274489164 6138.714848138392 3913.6725592724979 246.35969964414835 1072.0460730418563 5710.8508818075061 1725.5526454523206
leaf_count=67435 9133 18886 22343 11161 112281 4494 236 29775 77812 29002 5953 87273 6580 4518 11942 53193 9714 3256 28448 47448 5169 1235 12843 33599 32450 23497 1659 5707 34118 13632
internal_value=-4.73713e-05 0.00101273 0.00373425 -0.00496478 -0.0095484 0.00535761 0.00110559 -0.0326699 0.00500859 -0.0112898 -0.00485877 0.00553112 0.00740047 -0.00639134 0.00467927 -0.00351058 0.00912512 0.000687659 -0.0141229 -0.010951 -0.000313042 0.0553519 -0.00493149 0.00804455 0.00866202 0.00626001 0.00981802 0.0137293 0.0168151 0.00114808
internal_weight=89565.2 86747.2 59608.4 27138.8 18593.6 53796.3 25273.6 2817.98 8545.28 5812.1 4027.4 15892.4 7927.93 9381.22 2736.7 10434.7 28522.6 7477.55 2957.19 6644.52 2163.23 164.888 1998.34 26504.2 25763.7 18807.2 12668.5 8754.81 7682.76 1971.91
internal_count=804792 707582 405718 301864 206311 348420 189550 97210 95553 57298 34955 106159 84392 83391 16460 94030 158870 56449 37581 66931 19483 1471 18012 149156 144662 111063 78613 55116 49409 15291
is_linear=0
shrinkage=0.05


Tree=45
num_leaves=31
num_cat=0
split_feature=16 16 17 12 18 18 20 5 10 12 3 20 12 5 20 0 17 20 17 20 20 5 12 6 12 12 17 20 3 5
split_gain=1177.27 578.835 278.723 220.325 199.146 155.842 146.726 198.548 153.266 128.376 184.691 122.95 164.175 111.659 108.307 106.912 106.769 128.75 96.5887 121.564 95.7797 93.5848 98.586 92.0732 80.7547 81.477 82.5046 120.055 80.4266 85.3883
threshold=0.33823530375957495 0.69117647409439098 203.35858154296878 3.4721362229102173 175.53743743896487 182.33635711669925 59.627311706542976 2.5000000000000004 -20.601229155063624 1.8591331269349849 131.09632103145125 80.784561157226577 5.1904024767801866 1.5000000000000002 -13.290626525878904 0.90567889809608471 160.11765289306643 93.507575988769545 190.51586914062503 94.161460876464858 41.358283996582038 1.5000000000000002 2.535603715170279 18.500000000000004 4.9055727554179578 9.3421052631578956 177.4294357299805 68.646110534667983 52.870275795459754 19.500000000000004
decision_type=2 2 2 2 2 2 2 2 10 2 2 2 2 2 2 2 2 2 2 2 2 2 2 2 2 2 2 2 2 2
left_child=11 3 5 4 16 9 7 -5 -8 10 -3 -1 -13 -7 -4 -9 -2 23 19 24 -12 22 -11 -18 -10 26 27 -26 -21 -30
right_child=1 2 14 6 -6 13 8 15 18 21 20 12 -14 -15 -16 -17 17 -19 -20 28 -22 -23 -24 -25 25 -27 -28 -29 29 -31
leaf_value=-0.042483975447157436 -0.037253194264599963 -0.0087720543241649185 0.020487785498871737 0.01385580736090259 -0.0016118915790496659 0.015409126017643352 -0.0048299038430134325 -0.0038557630428691664 0.0099572054305630334 -0.011133021288209767 0.044263046877545072 -0.039837271573941083 0.015587541901359709 0.0040826412021326905 0.0080755646677112183 -0.017591607101118439 -0.016135992339242945 0.0044982510385151902 -0.0037487681289053408 -0.02113807490297424 0.0053999069847430886 0.00040650684154342121 0.012367581518320304 0.066361386568070752 0.0057290152926334241 -0.008640989556862497 0.019873107216658539 0.061277174377180416 0.03602727788357675 -0.0096793421497620696
leaf_weight=1714.6844223123044 501.0197312515229 6355.5814022496343 2306.4772898182273 1082.3339274823666 4261.8696510121226 2603.073297586292 2234.4947054572403 3485.076840121299 637.19462562538683 520.47381712123752 231.49568572640419 297.75845880247653 240.94510463252664 13243.560372453183 7386.8359457440674 2386.7289060410112 6954.7075821775943 885.30696354620159 722.51078700274229 282.49964246712625 499.46611148491502 25884.741101551801 3100.5223806351423 33.023488461971283 124.53135030530393 108.79266817308962 416.2141230031848 446.95497673563659 206.46950314193964 200.69498795643449
leaf_count=82685 13789 51707 10958 8563 34951 14031 23444 33689 7397 3570 1657 9690 4069 87717 46152 28813 82438 10391 6959 3368 4593 198439 18535 261 1463 1244 3701 4179 2614 3188
internal_value=-0.000265119 0.000658173 0.00324213 -0.00577118 -0.0104112 0.00180221 -0.00101731 -0.00581369 0.00518196 8.43442e-06 -0.00603409 -0.0359386 -0.0150646 0.00594406 0.0110308 -0.00944105 -0.0148888 -0.013461 0.0122926 0.0170749 0.0177515 0.00145985 0.00898752 -0.0157367 0.0241345 0.0323567 0.0368766 0.0492039 -0.000681011 0.0135296
internal_weight=89356 87102.7 62132.2 24970.4 12635.9 52438.9 12334.5 6954.14 5380.36 36592.3 7086.54 2253.39 538.704 15846.6 9693.31 5871.81 8374.06 7873.04 3145.86 2423.35 730.962 29505.7 3621 6987.73 1733.69 1096.49 987.7 571.486 689.664 407.164
internal_count=804255 707811 437359 270452 141830 380249 128622 71065 57557 278501 57957 96444 13759 101748 57110 62502 106879 93090 34113 27154 6250 220544 22105 82699 17984 10587 9343 5642 9170 5802
is_linear=0
shrinkage=0.05


Tree=46
num_leaves=31
num_cat=0
split_feature=16 21 20 16 11 16 14 1 14 11 17 11 14 3 11 25 11 21 11 11 14 14 11 14 24 14 21 21 11 11
split_gain=1067.85 476.612 366.596 316.094 301.415 283.464 236.537 231.452 226.224 206.078 204.421 201.428 188.487 283.318 233.916 193.318 171.613 171.032 183.585 160.149 159.017 157.503 232.02 150.802 146.489 144.945 331.733 344.013 140.122 146.409
threshold=0.48529411852359777 -0.11925592499999998 -3.4393386840820308 0.69117647409439098 91.238301613520932 0.1911764740943909 199.50000000000003 4.1526056453585634 258.50000000000006 9.5080668581966847 186.32193756103518 28.125387869683031 218.50000000000003 133.79256122931841 129.20073116478446 21.014617684483532 9.9283420878805639 1.3326296000000002 52.526247973239556 20.325362273898474 173.50000000000003 187.50000000000003 136.89156054385907 182.50000000000003 3.5000000000000004 266.50000000000006 1.1001508500000001 0.51909596000000013 47.266789810287982 40.166163226999004
decision_type=2 2 2 2 2 2 2 2 2 2 2 2 2 2 2 2 2 2 2 2 2 2 2 2 8 2 2 2 2 2
left_child=5 2 10 -3 7 -1 21 9 12 -4 -2 -10 13 15 24 -5 -11 19 -19 -17 -20 -6 -23 28 -14 -13 27 -27 29 -21
right_child=1 3 4 8 6 -7 -8 -9 11 16 -12 25 14 -15 -16 17 -18 18 20 23 -22 22 -24 -25 -26 26 -28 -29 -30 -31
leaf_value=-0.045229021133227347 -0.0086731858876247184 -0.0022756465333319104 -0.025865903095432859 -0.0056257480314019191 0.0074247172061469692 -0.016560822099352817 -0.0052119980258848739 -0.01358487945695451 -0.022871365942526239 0.072310381874396049 0.0084224286497159226 -0.0069921375447455844 -0.0056331082759438246 0.041905226687370616 -0.055404564899687862 -0.013465096287096771 -0.0026633595316499278 0.005287118011036155 0.074017679333378522 0.010738058308720537 0.025078545791190711 0.082200280759780212 -0.01808055365277874 0.0020188104888196382 0.016070930067415959 0.00027883108338970308 -0.016515935610572345 0.086360886725578623 0.020788127676767507 -0.016454218384039317
leaf_weight=1199.8388400226831 2231.4335662592202 13315.413426687941 986.62370957620442 3886.7809072099626 211.1739300340414 3066.4745398648083 509.96743206679821 9668.2443585563451 1123.5603414699435 75.726204626262188 8069.2709126695991 1327.6924913339317 845.26787606999278 515.48496881499887 120.73300043493509 1081.5506307408214 14668.354921812192 838.56906410306692 227.07562769204378 2461.082164876163 617.06247866898775 283.97587908431888 71.917183190584183 7932.2456331551075 9623.5150732547045 212.14210116863251 358.05493915081024 255.27751536294818 2758.9508013017476 618.64019244164228
leaf_count=62363 20677 120346 12331 23059 1753 75224 4897 112737 12523 708 46907 11649 7599 3182 755 7463 127859 4323 993 13205 2899 1614 407 45061 59792 2054 2931 1823 13096 3335
internal_value=-0.000225979 0.00100079 -0.00328447 0.00427594 -0.00639816 -0.024632 0.0194974 -0.00749698 0.00678248 -0.00375468 0.00471854 -0.00572011 0.00808207 0.0053322 0.0135181 0.00440703 -0.00227341 0.00676554 0.0218688 0.00505307 0.0383153 0.0416888 0.0619421 0.00650833 0.0143181 0.00323617 0.0196759 0.0473759 0.0126063 0.00527223
internal_weight=89162.1 84895.8 36776.7 48119.1 26476 4266.31 1077.03 25398.9 34803.7 15730.7 10300.7 3276.73 31527 20937.4 10589.5 20422 14744.1 16535.2 1682.71 14852.5 844.138 567.067 355.893 13770.9 10468.8 2153.17 825.475 467.42 5838.67 3079.72
internal_count=803565 665978 329890 336088 262306 137587 8671 253635 215742 140898 67584 30980 184762 116616 68146 113434 128567 90375 8215 82160 3892 3774 2021 74697 67391 18457 6808 3877 29636 16540
is_linear=0
shrinkage=0.05


Tree=47
num_leaves=31
num_cat=0
split_feature=17 19 14 14 13 4 14 18 23 21 14 18 14 10 21 21 14 21 21 21 18 18 17 9 9 9 14 23 13 14
split_gain=1007.6 512.318 295.799 287.721 279.38 271.624 235.193 362.559 310.553 304.513 361.275 191.334 206.318 173.681 167.06 148.091 267.132 138.981 124.697 123.539 125.781 123.528 119.569 113.184 112.65 112.108 105.531 105.485 114.046 145.348
threshold=160.11765289306643 0.60294118523597728 252.50000000000003 236.50000000000003 -32.708159159603682 28.382455227896575 236.50000000000003 171.49331665039065 1.2044423500000001 0.39547174000000002 199.50000000000003 169.5933532714844 259.50000000000006 -4.6556401729583756 -0.06070800124999999 1.3646467500000001 241.50000000000003 -0.76345792499999987 1.3326296000000002 1.6484033000000002 175.53743743896487 202.43030548095706 175.55303192138675 39.500000000000007 38.500000000000007 21.500000000000004 193.50000000000003 2.4041249500000004 -55.081675560147303 208.50000000000003
decision_type=2 2 2 2 2 2 2 2 2 2 2 2 2 10 2 2 2 2 2 2 2 2 2 2 2 2 2 2 2 2
left_child=3 4 14 -1 5 22 7 -6 11 10 -9 12 13 17 21 -10 -17 -8 -7 24 -21 25 26 -13 -4 -3 -2 28 29 -16
right_child=1 2 19 -5 6 18 8 9 15 -11 -12 23 -14 -15 27 16 -18 -19 -20 20 -22 -23 -24 -25 -26 -27 -28 -29 -30 -31
leaf_value=-0.048119684706876387 0.015854740398653044 0.0068760291554232538 -0.013984802889132614 -0.01475558731847932 -0.016443909143589699 -0.0023616459094870129 -0.0024017676610613328 -0.00058473014843061534 -0.015326036524916563 0.010022307459688158 -0.022371775468462498 -0.0033657693847076991 -0.00092224953084039561 0.0058759041288152809 0.011165126553285798 0.072843599967586103 -0.003095083880099565 0.045972934147942755 0.012297642228389654 -0.035014272254739555 0.038137145407939839 0.04252247469716959 0.010933326452924927 0.017395528862250743 0.0060390347079827093 -0.0020245763361262594 0.071202520065503233 0.03568525149174985 0.012864490898322846 -0.0065741952484186534
leaf_weight=1247.6761345304549 186.88584776781499 7662.657788939774 3018.2420028597116 1341.8798677623272 8402.2482856139541 13588.143420424312 174.64436015859246 5709.8947121687233 3319.85044968687 3303.9788196347654 2852.7459669783711 3657.1483990550041 1016.6747444160283 617.62417321279645 2692.8541570976377 129.3394078053534 1038.1834251713008 986.29981227405369 1623.0550610721111 74.536884129047394 265.48961934447289 197.1230488717556 3989.5466227754951 799.04763054847717 914.68910207226872 6570.7743510492146 159.93258946947753 411.55738732218742 10953.023559726775 2020.1383434087038
leaf_count=67180 1553 55184 29295 29740 121352 108044 1980 43940 38507 21313 29394 36106 11814 7910 12852 691 9628 9401 9451 583 1874 1109 20965 6446 7829 46240 1102 1819 59087 10354
internal_value=-0.000117789 0.000804128 0.00549334 -0.0308431 -0.00235943 0.0023504 -0.00523578 -0.00849741 0.00039617 -0.00286993 -0.00784511 0.00679336 0.0170456 0.0273112 0.00721899 -0.00994067 0.00537262 0.0387 -0.000796775 -0.00682631 0.022046 0.00331324 0.0133878 0.00036004 -0.00932747 0.00276727 0.0415093 0.0107242 0.0100662 0.00356171
internal_weight=88925.9 86336.3 34781.1 2589.56 51555.2 19547.6 32007.7 20268.9 11738.8 11866.6 8562.64 7251.44 2795.24 1778.57 30508.1 4487.37 1167.52 1160.94 15211.2 4272.96 340.027 14430.6 4336.37 4456.2 3932.93 14233.4 346.818 16077.6 15666 4712.99
internal_count=802743 705823 226226 96920 479597 141115 338482 215999 122483 94647 73334 73657 31105 19291 186645 48826 10319 11381 117495 39581 2457 102533 23620 42552 37124 101424 2655 84112 82293 23206
is_linear=0
shrinkage=0.05


Tree=48
num_leaves=31
num_cat=0
split_feature=16 19 22 20 25 12 4 14 14 12 11 14 11 14 11 23 25 11 23 11 14 11 22 22 17 22 19 13 22 12
split_gain=971.962 467.171 379.954 366.82 263.612 257.615 214.548 284.524 308.872 349.942 307.707 329.244 292.134 270.018 257.05 247.496 217.732 193.234 192.272 188.149 337.373 187.803 169.363 169.086 180.527 163.28 156.435 153.567 165.144 152.229
threshold=0.27941177785396581 0.57352942228317272 -0.64515053999999983 75.415557861328139 25.014834511280064 2.3018575851393193 11.697199020534756 227.50000000000003 259.50000000000006 4.314241486068112 30.010807182985843 239.50000000000003 9.5080668581966847 252.50000000000003 15.793902891665141 1.3903600500000002 23.92355791628361 67.867619931397982 0.79899701500000009 66.991382313517434 270.50000000000006 46.315588174439718 0.45226171500000006 0.52435833500000006 169.697135925293 -0.17849789999999996 0.39705882966518408 -11.642459943542406 0.5938871200000001 4.6671826625387007
decision_type=2 2 2 2 2 2 2 2 2 2 2 2 2 2 2 2 2 2 2 2 2 2 2 2 2 2 2 2 2 2
left_child=-1 2 4 -3 -2 19 -7 -8 9 17 11 -11 -13 18 -10 -14 22 21 -12 20 -4 -9 -16 24 -22 -5 -6 28 -20 -27
right_child=1 3 5 25 26 6 7 8 14 10 13 12 15 -15 16 -17 -18 -19 27 -21 23 -23 -24 -25 -26 29 -28 -29 -30 -31
leaf_value=-0.038450306423225403 -0.0059230806091572583 0.0056834602512092656 -0.018054819952223782 -0.022978901389962513 -0.034606920459014277 0.018254281780112486 -0.0041468354041238956 -0.0092675755892417354 -0.03163886180613168 -0.021506518301523246 0.015277704881959378 -0.017568636634231895 0.037449260500769098 -0.0085021615463090217 -0.027899616380391665 -0.014498780801905054 0.016459688130304777 -0.037296629492045395 0.077328144367989501 0.00017631687623350972 -0.034863932755754168 0.022203450917980868 0.010959774872780275 -0.031139206398865735 0.085606739555554229 0.0052693440345798134 -0.012822988021228811 0.10117556650592466 0.032033298191674359 -0.018627594582511616
leaf_weight=1629.5912701804191 6177.8859416712075 39457.989940930158 4489.229533046484 1482.6839487738907 1605.5819108597934 1842.6016175393015 13614.882491659373 1177.8141571097076 738.37093770503998 600.95164403319359 349.93909788131714 410.21211251616478 1462.6141847800463 256.41678071022034 745.71561680361629 271.31972382217646 1262.2500779535621 341.54960845597088 327.00958866253495 3722.9589503426105 37.870489742606878 791.93603353202343 448.29069867730141 62.519119828939438 161.47103162482381 1998.4534613005817 1696.07955481112 173.09377540834248 527.71057825349271 998.62803019955754
leaf_count=83077 72298 248142 46344 17767 34784 11944 115675 11860 10180 5904 2945 4663 12595 2094 7422 2149 15412 2774 1771 32109 605 7230 3416 597 1226 15118 19071 1696 2801 10340
internal_value=-0.000203015 0.000511903 -0.00317409 0.00414407 -0.0120202 -0.000694042 0.00182954 0.000540981 0.00699728 0.0131039 0.0214097 0.0111768 0.0203429 0.0385817 -0.00579201 0.0293169 0.00198748 -0.00263581 0.0473444 -0.00824045 -0.0148345 0.00339016 -0.0133129 0.0402324 0.0626602 -0.00941319 -0.0234237 0.0582367 0.0494329 -0.00269668
internal_weight=88863.6 87234 43296.3 43937.8 9479.55 33816.7 25342.7 23500.1 9885.19 6690.57 4379.27 2745.1 2144.15 1634.17 3194.63 1733.93 2456.26 2311.3 1377.75 8474.05 4751.09 1969.75 1194.01 261.861 199.342 4479.77 3301.66 1027.81 854.72 2997.08
internal_count=804009 720932 429565 291367 126153 303412 222531 210587 94912 58482 36618 25311 19407 11307 36430 14744 26250 21864 9213 80881 48772 19090 10838 2428 1831 43225 53855 6268 4572 25458
is_linear=0
shrinkage=0.05


Tree=49
num_leaves=31
num_cat=0
split_feature=16 5 21 13 11 20 4 23 14 14 11 14 21 14 14 14 11 23 21 11 2 11 11 21 14 23 16 14 23 19
split_gain=911.322 443.002 448.36 294.786 258.608 249.39 218.8 195.405 313.058 359.226 225.19 309.483 179.522 177.48 187.625 174.076 204.604 199.259 331.778 166.238 155.439 153.297 153.027 149.487 146.353 169.073 142.266 150.19 250.257 199.179
threshold=0.27941177785396581 10.500000000000002 0.27051234000000007 -41.19255329425166 29.781702899261621 -18.344085693359371 12.400000035762789 1.6978337000000001 216.50000000000003 179.50000000000003 42.379285719833881 206.50000000000003 -1.3421354499999998 258.50000000000006 237.50000000000003 224.50000000000003 54.480110909097803 0.84993806500000002 0.70677247500000007 32.347828984606572 7.3454937338829049 9.5080668581966847 25.766815043259243 0.31873576500000006 238.50000000000003 1.7749508000000003 0.83823528885841381 231.50000000000003 2.1096805500000007 0.51470589637756359
decision_type=2 2 2 2 2 2 2 2 2 2 2 2 2 2 2 2 2 2 2 2 2 2 2 2 2 2 2 2 2 2
left_child=-1 2 3 6 13 -5 -2 8 9 -6 11 -11 -3 14 22 16 -10 18 -17 -19 -18 -16 -4 -12 25 -9 27 29 -29 -7
right_child=1 12 4 5 7 26 -8 24 15 10 23 -13 -14 -15 21 17 20 19 -20 -21 -22 -23 -24 -25 -26 -27 -28 28 -30 -31
leaf_value=-0.037751734573830797 0.022345595961110316 -0.02905860401685605 0.0025251851705923828 0.0077516814159628569 0.013994779536743045 -0.018363814008908019 0.0029705510870450358 0.048998755127201754 0.062513160228493111 -0.0023399818250712068 0.029199978934487916 0.054517602498773243 -0.0056123675173623301 -0.020230821350486056 -0.029263022253484261 0.014136359481062472 -0.0049504320852275354 0.052468885602463947 0.06531119617269604 0.0029318655175636543 0.036710438586519116 0.025556944588313032 -0.020272799724102425 -0.0092076611914852086 0.0017709292133484954 0.019181232498206933 0.0019217236790723847 -0.00025095318352692922 -0.047491803857600982 -0.0055975861398213402
leaf_weight=1576.3990798275918 1705.9430138617754 861.34345967695117 2792.042204329744 4224.5228129178286 4352.1517877038568 4995.0849701948464 9960.2328454405069 592.88367266394198 393.96876586228609 693.68679923005402 263.30770513229072 364.33668679744005 15359.106570545584 1092.4891031552106 143.83959598466754 1411.9942525587976 381.78193747252226 177.09930178895593 407.6373231112957 3455.1118658743799 539.65671992301941 1074.3152884356678 998.4927087482065 6128.4005394354463 866.93586901202798 2400.1267697401345 5390.8107709772885 7964.2132104709744 289.57227756455541 7868.9049117527902
leaf_count=83351 8433 12965 19584 24559 24009 64235 69326 2730 2177 4390 1554 2036 180205 12359 1392 8863 1797 1107 2393 23433 3106 6922 6284 36298 5815 11638 38887 78455 4000 61504
internal_value=-8.65682e-05 0.000595158 0.00229991 -0.000961051 0.00714593 -0.00352969 0.00580543 0.00962863 0.00750009 0.00258356 -0.00408389 0.0172723 -0.00685913 -0.001981 0.00200287 0.0160727 0.0323939 0.0121296 0.0256302 0.00536097 0.0194623 0.0190651 -0.00348396 -0.00762113 0.0198638 0.0251022 -0.00532776 -0.00717837 -0.00191388 -0.0105558
internal_weight=88726.4 87150 70929.5 42399.3 28530.3 30733.1 11666.2 22429.1 18569.1 11801.9 7449.73 1058.02 16220.5 6101.18 5008.69 6767.25 1315.41 5451.84 1819.63 3632.21 921.439 1218.15 3790.53 6391.71 3859.95 2993.01 26508.6 21117.8 8253.79 12864
internal_count=803807 720456 527286 349399 177887 271640 77759 131346 111163 68287 44278 6426 193170 46541 34182 42876 7080 35796 11256 24540 4903 8314 25868 37852 20183 14368 247081 208194 82455 125739
is_linear=0
shrinkage=0.05


Tree=50
num_leaves=31
num_cat=0
split_feature=16 5 22 21 11 5 22 11 23 14 19 14 12 14 14 14 22 14 23 14 23 14 11 22 11 23 22 11 14 9
split_gain=877.541 424.023 384.171 373.422 329.26 248.073 384.256 225.603 219.755 209.615 218.849 194.567 175.491 171.717 165.989 372.944 315.076 313.085 354.602 360.555 538.014 400.931 351.416 307.396 237.965 260.598 416.167 345.364 234.929 191.466
threshold=0.27941177785396581 11.500000000000002 -0.14198879499999997 0.19533317500000003 29.781702899261621 1.5000000000000002 0.36488128000000003 32.347828984606572 2.1829980500000006 175.50000000000003 0.36764706671237951 243.50000000000003 2.2801857585139325 254.50000000000003 179.50000000000003 217.50000000000003 -0.46755985499999991 245.50000000000003 1.1315846500000002 266.50000000000006 0.53717247000000012 252.50000000000003 75.951033719080073 1.3255616000000001 50.095855824868472 1.3903600500000002 0.67365861000000005 108.20369620633893 174.50000000000003 17.500000000000004
decision_type=2 2 2 2 2 2 2 2 2 2 2 2 2 2 2 2 2 2 2 2 2 2 2 2 2 2 2 2 2 2
left_child=-1 3 11 5 -5 12 9 -6 14 10 -7 -3 -2 -13 24 -16 -17 22 19 21 -21 -19 23 -18 -9 26 27 29 -29 -26
right_child=1 2 -4 4 7 6 -8 8 -10 -11 -12 13 -14 -15 15 16 17 18 -20 20 -22 -23 -24 -25 25 -27 -28 28 -30 -31
leaf_value=-0.037879124314560482 -0.0046893862383256633 -0.028351998128539436 -0.0014597381455941673 -0.003766476370606283 0.029782651840046775 -0.025897600916186415 0.0046742779343166667 0.0014771179589721066 0.029736521281594208 -0.0093790655552649423 0.005485868184859328 0.0069082018585494044 0.011815953032244999 -0.022775206710643307 -0.0027487440187087537 -0.0049229023499593834 0.042573452189479694 0.031555232409109644 -0.012033372605061212 -0.038938976756515843 0.090026438812219237 -0.032181143441404055 0.0015517998922762565 -0.0082619971554843737 0.026252528882358423 0.048189120263364971 -0.021795059277517955 0.11368637221347566 0.024369684265002786 -0.017883989708623243
leaf_weight=1516.9758871383965 2295.9561262931675 2642.8612584657967 8216.1858251094818 6914.7489724848419 1189.234281366691 627.10622281208634 10888.269012855366 2144.116715265438 1061.2333362270147 17576.638471640646 4804.6529080010951 1001.4955440834165 5389.2085306253284 947.15866248495877 9341.7275580931455 2183.9877866562456 2345.509538223967 614.73879707977176 1518.3503205236048 105.09936434775591 342.91023150831461 410.74660870432854 1011.2221363671124 340.19350245222449 1147.3738652858883 777.04156534932554 583.31429562531412 171.97412936761975 129.35695270076394 311.83939838968217
leaf_count=82981 17672 46184 83575 53366 7428 12188 69952 12864 5252 184883 33398 13571 34150 16707 55449 17810 12733 3541 10224 836 2070 3106 5400 1603 6308 3719 2981 810 632 1546
internal_value=-0.000189953 0.000467383 -0.00793388 0.0019171 0.00591955 -0.00122518 -0.00306409 0.00852265 0.00749123 -0.00672617 0.00185849 -0.0195161 0.00688499 -0.00752393 0.00648456 0.00422386 0.0115645 0.0169478 0.0049204 0.0223866 0.0597529 0.00601987 0.0266773 0.0361335 0.0143032 0.0231117 0.014781 0.0269051 0.0755515 0.0168146
internal_weight=88551.2 87034.3 12807.7 74226.6 32644.7 41581.8 33896.7 25730 24540.7 23008.4 5431.76 4591.52 7685.16 1948.65 23479.5 18214.5 8872.76 6688.77 2991.85 1473.5 448.01 1025.49 3696.93 2685.7 5265.02 3120.9 2343.86 1760.54 301.331 1459.21
internal_count=802939 719958 160037 559921 207678 352243 300421 154312 146884 230469 45586 76462 51822 30278 141632 112772 57323 39513 19777 9553 2906 6647 19736 14336 28860 15996 12277 9296 1442 7854
is_linear=0
shrinkage=0.05


Tree=51
num_leaves=31
num_cat=0
split_feature=17 16 21 22 5 12 11 3 21 11 16 12 11 22 22 22 21 5 3 11 11 12 17 5 11 22 12 12 21 8
split_gain=790.536 376.343 294.727 235.448 224.063 195.421 195.37 188.802 179.594 160.276 149.924 146.126 209.613 159.682 137.568 119.431 119.338 114.918 138.746 112.175 104.026 170.952 132.359 102.638 118.273 100.973 289.707 108.193 111.455 100.6
threshold=160.11765289306643 0.69117647409439098 0.14982857000000002 0.36488128000000003 2.5000000000000004 5.0479876160990722 17.687629925646469 3.7892491593956952 -0.19011549499999997 111.65133048040369 0.13235294446349147 2.2801857585139325 129.20073116478446 0.65944034000000007 -1.0464816999999997 -2.0133645499999999 -1.4577523499999998 12.500000000000002 123.55846448987724 66.271986887747019 52.834792444292155 4.3544891640866874 204.26923370361331 12.500000000000002 53.401806228566379 0.71033275500000015 5.0882352941176476 7.6532507739938085 -0.48358499999999999 1.0000000180025095e-35
decision_type=2 2 2 2 2 2 2 2 2 2 2 2 2 2 2 2 2 2 2 2 2 2 2 2 2 2 2 2 2 2
left_child=5 3 7 4 -2 -1 -4 29 -6 14 -7 12 16 -14 15 -9 -5 18 -8 -20 22 -22 -16 24 -10 27 -27 28 -23 -3
right_child=1 2 6 11 8 10 17 9 23 -11 -12 -13 13 -15 20 -17 -18 -19 19 -21 21 25 -24 -25 -26 26 -28 -29 -30 -31
leaf_value=-0.039844595178326114 0.0054166541712394635 0.011624504369965948 -0.010800748358666179 0.023646139496445638 -0.01839164176318895 -0.045697211366620062 0.0074211828160670942 0.020775192983126325 -0.0093275671688148078 0.028925418782757548 0.0017532917703091538 0.0052993251944841403 0.11582704889543201 0.0028195034094140444 -0.0055487796367402111 -0.014878638709804319 -0.020103754999135585 -0.0041888270367741688 0.0057909409585119639 0.037869728923393971 -0.0010564852838473636 -0.010810851307986391 0.0082066818380231495 -0.015864561850256306 0.0049043340417844628 0.072705666183670498 0.0020229648333375924 0.039501893304953406 0.021638952332590885 -0.0022005591566646629
leaf_weight=1479.8605395099148 2463.5432891305536 4231.4972289912403 1573.9511429574341 173.27160333283246 5061.464672870934 221.11059622466564 24076.483954992145 252.8788029551506 3273.8316158503294 401.70458520576358 664.21001050900668 6739.0616517243907 53.417607814073563 73.575347009114921 13722.760436834767 3158.7326818089932 1486.6260038372129 2010.9151358753443 449.7396398447454 692.22501569241285 5622.0668900944293 666.04911942407489 2003.3068533502519 2094.3844203976914 2633.1118303062394 260.38393656909466 325.62317284941673 232.90885277092457 437.6229509525001 1909.0764048472047
leaf_count=67750 20767 24878 14543 1493 84131 14419 134323 2321 34447 2523 14883 57294 421 668 113528 37706 13150 16378 3338 4122 42278 5037 13148 33675 24422 1289 1594 1394 2926 14731
internal_value=-0.000221742 0.000561975 0.00262068 -0.00474706 -0.00841274 -0.0287331 0.00632223 -0.000588394 -0.0110211 -0.00238313 -0.0101358 0.0019286 -0.0107796 0.0508879 -0.00285555 -0.0122306 -0.0155254 0.00731236 0.0082296 0.0252523 -0.00148066 0.0033455 -0.00379609 -0.0063569 -0.00298372 0.0162117 0.0335002 0.00861242 0.00206394 0.0073267
internal_weight=88445.4 86080.2 62027.9 24052.3 15526.3 2365.18 28803.3 33224.6 13062.8 27084 885.321 8525.95 1786.89 126.993 26682.3 3411.61 1659.9 27229.4 25218.4 1141.96 23270.7 7544.65 15726.1 8001.33 5906.94 1922.59 586.007 1336.58 1103.67 6140.57
internal_count=803577 706525 436057 270468 197442 97052 172704 263353 176675 223744 29302 73026 15732 1089 221221 40027 14643 158161 141783 7460 181194 54518 126676 92544 58869 12240 2883 9357 7963 39609
is_linear=0
shrinkage=0.05


Tree=52
num_leaves=31
num_cat=0
split_feature=15 19 24 20 25 6 6 21 22 19 22 22 5 11 22 21 20 23 20 21 11 22 11 20 21 23 11 11 22 5
split_gain=745.54 401.825 339.043 275.659 269.991 153.847 145.959 136.11 126.589 119.053 107.472 145.343 100.634 169.932 140.542 107.635 113.883 202.952 103.715 109.402 131.487 112.916 100.457 103.401 106.321 96.7228 95.2995 94.7332 104.833 89.3418
threshold=18.856004714965824 0.60294118523597728 2.5000000000000004 72.476669311523452 25.014834511280064 1.0000000180025095e-35 5.5000000000000009 1.1001508500000001 -1.0828951499999997 0.39705882966518408 0.085721280400000016 0.80366650500000014 1.5000000000000002 9.5080668581966847 0.16082139000000004 1.4441750000000002 68.123107910156264 1.2044423500000001 -14.578781127929686 -0.19011549499999997 54.480110909097803 -1.21867025 34.118159608252284 95.507575988769545 1.0861206000000003 0.089801419500000021 111.65133048040369 97.424542144990468 0.54894245000000008 15.500000000000002
decision_type=2 2 8 2 2 2 2 2 2 2 2 2 2 2 2 2 2 2 2 2 2 2 2 2 2 2 2 2 2 2
left_child=1 2 4 7 6 29 26 -3 -9 -6 -5 22 -7 -14 18 16 -16 -18 -15 -20 21 -21 -12 -24 -25 -22 -1 28 -17 -4
right_child=-2 3 5 10 9 12 -8 8 -10 -11 11 -13 13 14 15 27 17 -19 19 20 25 -23 23 24 -26 -27 -28 -29 -30 -31
leaf_value=-0.01236764665706898 -0.040381281410864417 0.005022557705452721 -0.0033712184909836154 -0.016255699058215275 -0.038618469317612397 0.0083593197133850251 0.0064633428214622207 0.052446848111668803 0.013006628277977134 -0.016085300565316023 -0.0073133316540692044 -0.02245284734297142 -0.022602040726311706 0.014395479678703155 0.00024753922576466067 0.039619718634826412 0.021243211445028404 -0.0036832303658786247 -0.01214309898807164 -0.0306117025822016 0.070304870304928643 -0.0042056216525163323 0.013338106445182433 0.11234629687994623 -0.0017287366293861337 0.0048800198621896974 0.097305849098776181 -0.032899225495103476 0.0074402461281822367 -0.014235713620200475
leaf_weight=3272.1076639182866 1129.5325883524492 27470.405365344137 9879.3800905514508 1928.8013839051127 1055.8563883788884 4186.4400183539838 1662.9552764575928 215.78826000541449 3346.3698000125587 1322.0161035694182 610.76088267564774 519.92226627469063 802.93999482132494 797.19792655110359 10337.282524595968 498.13756920583546 1956.5470434259623 1400.6348267281428 3204.3763112658635 440.11041737254709 56.397418543696404 4931.4995395122096 787.49473594129086 54.717298530042171 32.200424261391163 3611.4149909978732 18.939518081024289 80.136377321556211 514.59695930220187 2339.8568991860375
leaf_count=48018 69065 171945 94901 20997 28022 28162 18256 1031 16055 17231 5745 4833 10068 4118 67153 2750 16034 11501 34516 4771 378 47018 5219 362 232 29050 341 457 3054 42909
internal_value=-3.79993e-05 0.000484229 -0.00228705 0.00463469 -0.0122573 -0.0006637 -0.0056076 0.00621535 0.0154099 -0.0261028 -0.00783279 0.000273699 0.00111951 6.06613e-05 0.000715344 0.00405209 0.00284628 0.0108458 -0.00306825 -0.00420641 -0.0013919 -0.00637444 0.00823945 0.0190987 0.0705459 0.0059049 -0.0117071 0.0191453 0.023292 -0.00545265
internal_weight=88464.8 87335.3 52368.8 34966.5 7331.87 45036.9 4954 31032.6 3562.16 2377.87 3933.9 2005.1 32817.7 28631.3 27828.3 14787.3 13694.5 3357.18 13041 12243.8 9039.42 5371.61 1485.17 874.412 86.9177 3667.81 3291.05 1092.87 1012.73 12219.2
internal_count=804192 735127 508708 226419 111868 396840 66615 189031 17086 45253 37388 16391 259030 230868 220800 100949 94688 27535 119851 115733 81217 51789 11558 5813 594 29428 48359 6261 5804 137810
is_linear=0
shrinkage=0.05


Tree=53
num_leaves=31
num_cat=0
split_feature=16 16 24 11 12 20 18 11 13 5 12 11 18 20 24 12 20 13 20 0 20 25 24 11 12 20 11 18 25 24
split_gain=717.504 372.768 414.909 194.272 248.234 384.532 339.135 298.413 193.521 193.194 154.763 184.503 149.593 158.458 148.65 165.625 149.886 141.912 146.573 134.328 130.354 123.988 123.417 117.688 116.813 110.559 119.191 117.209 225.89 156.036
threshold=0.22058823704719546 0.83823528885841381 2.5000000000000004 16.244831388937339 4.3544891640866874 50.476669311523445 171.83396911621097 49.474657544628514 -92.302003004844352 8.5000000000000018 5.3374613003095988 24.252350459250138 169.52228546142581 66.262786865234389 7.5000000000000009 7.578947368421054 87.784561157226577 -40.2989838724558 13.492424011230471 0.81382218003273021 -0.96871948242187489 28.597947597503666 6.5000000000000009 45.808174089295072 4.5356037151702795 93.507575988769545 108.20369620633893 164.17825317382815 25.28031854629517 7.5000000000000009
decision_type=2 2 8 2 2 2 2 2 2 2 2 2 2 2 10 2 2 2 2 2 2 2 8 2 2 2 2 2 2 8
left_child=-1 2 9 -4 6 8 17 10 -6 -2 11 24 13 -12 15 16 -15 18 -5 -10 21 23 -9 -8 -7 26 -19 -27 -29 -30
right_child=1 -3 3 4 5 7 20 22 19 -11 12 -13 -14 14 -16 -17 -18 25 -20 -21 -22 -23 -24 -25 -26 27 -28 28 29 -31
leaf_value=-0.040651498328623803 -0.0067519849660947736 0.0071776629286251078 -0.0084978285261126402 0.023053706321718173 0.050876281028072595 0.094097727465004749 0.00031428481511305443 0.0098407880377747638 0.0027039071896621837 -0.023393251560598946 -0.0072959001166130995 -0.008257423994920866 0.0097370617631024805 0.05513326453571972 -0.0076006007335453459 0.074888689695041158 0.010223526693941502 -0.015803144795638945 -0.0045259985631504601 -0.009657922316188592 0.00021421481065124262 0.040452716763864374 0.052342280924800748 0.015493372501562986 0.018347442740493023 -0.014111086458778283 0.021618865378229605 -0.0064708232983002895 0.0036100225352871038 0.076313186691929602
leaf_weight=1069.5051733050495 7042.5193786332384 16993.612398449332 5534.3869331162423 600.54714672267437 187.08709578588605 63.004106141626835 2827.6316236890852 227.83426965773106 9250.7421341026202 2317.7810981627554 244.47994348593056 1511.6417668443173 2877.3331673443317 344.86511784419417 162.89603602699935 302.30021158605814 402.64558459818363 6418.543166779913 2417.8550017261878 2881.1496193716303 19151.95358819142 294.94769612699747 687.87649269308895 2327.6152359806001 252.23871001601219 774.61966572143137 219.23657086119056 549.24439269676805 123.61634400486946 182.51459447294474
leaf_count=69458 83896 102911 57221 3753 1020 539 15670 1476 57625 51732 2677 13873 19808 2888 1527 2406 4575 82533 20896 26547 135149 1531 4877 10976 2495 15055 2949 5006 1265 1705
internal_value=3.38046e-05 0.000533425 -0.00107553 0.000432764 0.00132692 0.00588418 -0.00113618 0.0151716 0.000547846 -0.0108747 0.0112095 -0.000996562 0.016353 0.0294012 0.0367992 0.0436892 0.0309887 -0.00831195 0.000967131 -0.000232403 0.0021559 0.00897766 0.0417899 0.00716938 0.0337365 -0.0116993 -0.0145641 -3.12196e-05 0.012721 0.0470628
internal_weight=88242.2 87172.7 70179.1 60818.8 55284.4 19396.1 35888.3 7077.12 12319 9360.3 6161.4 1826.88 4334.52 1457.19 1212.71 1049.81 747.511 11286.2 3018.4 12131.9 24602.1 5450.19 915.711 5155.25 315.243 8267.77 6637.78 1629.99 855.375 306.131
internal_count=804039 734581 631670 496042 438821 142333 296488 57141 85192 135628 50788 16907 33881 14073 11396 9869 7463 133162 24649 84172 163326 28177 6353 26646 3034 108513 85482 23031 7976 2970
is_linear=0
shrinkage=0.05


Tree=54
num_leaves=31
num_cat=0
split_feature=16 16 24 21 22 12 17 21 21 11 11 12 22 11 12 22 11 16 25 11 12 17 11 22 22 3 21 12 12 12
split_gain=695.637 366.272 302.073 214.436 167.488 160.807 195.907 163.398 148.575 146.746 159.269 149.48 139.272 134.727 188.81 134.318 134.975 124.862 123.028 122.176 173.942 121.175 116.729 163.885 116.665 162.746 112.344 108.365 106.987 126.616
threshold=0.27941177785396581 0.75000000000000011 2.5000000000000004 1.1001508500000001 -1.2068874999999999 3.4721362229102173 187.78333282470706 1.4441750000000002 1.1315167500000001 81.284812012300975 35.261407327714267 3.6795665634674926 0.94406590000000012 10.389228504554778 9.4938080495356054 -1.2466693999999998 16.244831388937339 0.86764705181121837 25.014834511280064 45.235057061024868 6.3018575851393193 160.11765289306643 45.808174089295072 -0.96998232499999992 1.5679100000000001 104.19091138243677 -1.6777381999999998 2.7198142414860684 2.8436532507739942 3.0201238390092882
decision_type=2 2 8 2 2 2 2 2 2 2 2 2 2 2 2 2 2 2 2 2 2 2 2 2 2 2 2 2 2 2
left_child=-1 2 13 4 9 6 21 15 -5 10 11 28 19 14 -2 -7 -17 -6 -15 20 -9 -4 27 -24 -23 -26 -18 -10 -3 -30
right_child=1 3 5 8 17 7 -8 12 22 -11 -12 -13 -14 18 -16 16 26 -19 -20 -21 -22 24 23 -25 25 -27 -28 -29 29 -31
leaf_value=-0.035852707908844046 0.025897551405765329 0.0038854369219088096 -0.035298929232740632 0.042875365399706829 0.0016821972445326524 -0.037705151882247982 0.0010238704551540463 -0.0056945738788491676 -0.021709229757974183 0.033908488508420286 -0.023895496530632124 -0.019815110285041581 -0.023969675971071802 -0.011044891652771578 -0.033301271847460477 -0.0092621022279072134 -0.029450241328699014 0.0086421650864026544 -0.028159941652710387 0.069387479828044565 0.056060915200404529 -0.0091194725431603587 0.061622003663260198 0.013213868208863326 0.0037810941247901231 0.098091176704048877 0.0040202060498508848 0.007147480024477665 0.12405473436196886 0.024798474499350562
leaf_weight=1332.4686826262623 435.83027624338865 624.73670742847025 429.3437385847792 380.52039647102356 28255.358736295253 218.93521024100482 8493.7956761457026 268.12463264539838 433.94974927976727 184.72168261930346 1394.1967310607433 556.43651317805052 122.51570239104331 3028.9353400077671 193.77065411582589 2440.8704571109265 254.16874402202666 8347.1335685066879 1608.132280276157 176.3641496989876 197.18011054955423 9088.8610910438001 183.4542139545083 3392.671262152493 210.52185518294573 57.474202495068312 14372.479735445231 1289.997219864279 40.560562711209059 145.04519987851381
leaf_count=82984 4850 4847 13712 2092 193782 2619 59262 2308 2544 1125 14071 5288 979 46965 3421 29217 2114 48727 33304 1022 1102 97311 878 17509 1279 466 120952 7265 365 1298
internal_value=-1.33322e-05 0.00053708 -0.00284916 0.00365143 0.00234646 -0.00122671 -0.00453215 0.0021208 0.0127346 -0.0091215 -0.0120116 0.000119228 0.0247311 -0.0140388 0.00765417 0.00111989 0.0016201 0.0032696 -0.0169852 0.0340525 0.0205394 -0.00935404 0.0105629 0.0157137 -0.0081599 0.0242962 0.00343661 -0.000124669 0.0138151 0.0470376
internal_weight=88158.6 86826.1 41597.3 45228.8 39548.2 36330.6 18280 18050.6 5680.59 2945.7 2760.98 1366.78 764.185 5266.67 629.601 17286.5 17067.5 36602.5 4637.07 641.669 465.305 9786.2 5300.07 3576.13 9356.86 267.996 14626.6 1723.95 810.342 185.606
internal_count=803658 720674 420883 299791 269503 332343 172030 160313 30288 26994 25869 11798 5411 88540 8271 154902 152283 242509 80269 4432 3410 112768 28196 18387 99056 1745 123066 9809 6510 1663
is_linear=0
shrinkage=0.05


Tree=55
num_leaves=31
num_cat=0
split_feature=17 0 14 22 14 14 12 14 14 14 12 12 14 12 14 22 14 12 24 22 14 12 9 14 9 12 4 22 14 17
split_gain=610.441 310.947 290.573 196.152 223.531 278.508 344.333 307.822 213.712 193.265 199.778 186.387 221.832 187.729 258.785 177.417 232.144 175.285 150.286 148.124 141.737 139.173 138.19 158.844 145.484 183.367 135.944 166.804 141.812 201.407
threshold=160.11765289306643 0.51652422547340404 236.50000000000003 -0.31765721499999994 161.50000000000003 173.50000000000003 3.4938080495356041 166.50000000000003 171.50000000000003 258.50000000000006 6.7879256965944288 0.41950464396284837 225.50000000000003 3.9953560371517032 253.50000000000003 0.94406590000000012 209.50000000000003 5.1904024767801866 4.5000000000000009 -1.0087099999999998 255.50000000000003 4.9705882352941186 35.500000000000007 269.50000000000006 13.500000000000002 3.6795665634674926 25.399999752640728 1.5679100000000001 237.50000000000003 177.64930725097659
decision_type=2 2 2 2 2 2 2 2 2 2 2 2 2 2 2 2 2 2 10 2 2 2 2 2 2 2 2 2 2 2
left_child=2 9 -1 8 -5 6 7 -6 -3 26 22 18 15 -14 -15 -13 21 -4 -7 -12 -19 -17 23 -11 25 -25 -2 28 -28 -30
right_child=1 3 17 4 5 11 -8 -9 -10 10 19 12 13 14 -16 16 -18 20 -20 -21 -22 -23 -24 24 -26 -27 27 -29 29 -31
leaf_value=-0.047065362234191575 0.0078858068678276157 0.0036082829336388741 -0.027407541121268253 -0.019053136490540617 0.011230372594705997 0.055160551860836383 -0.0094533216833553174 0.061334643596939235 -0.011987229766601033 -0.013245387583682858 0.061843826334474931 -0.010959347410531624 -0.00091211245988068569 0.028047509211948443 -0.0053229967990452084 0.026084360908230072 -0.019777543244391155 0.037191119110169424 -0.0042159009582618881 -0.034065505034602178 -0.013864263259861058 -0.0051786530225979314 0.017581575501509388 0.0056120256122820763 -0.017744169887958839 0.063116210711019083 -0.0004636212942633859 0.018248684028785708 0.026275228523674039 0.0037588499379126415
leaf_weight=953.74316749256104 14294.058497257531 2864.0878982264549 659.18743766658008 1486.4971597231925 648.3127872319892 262.14087656605989 676.0594326229766 581.43264039605856 9420.5392301985994 2381.9600684363395 41.549761105328798 6949.6583200180903 5211.1314216386527 1576.8119116062298 919.12396227940917 1053.0822266731411 657.20711723901331 263.27171650715172 178.87956645898521 779.31002108752728 279.12360428459942 537.07798625715077 729.84088466875255 412.15994756110013 292.62908829003572 208.0640149526298 25094.857575241476 1519.9483858961612 1191.953314319253 5932.9589662514627
leaf_count=67440 84939 24259 20654 10701 4226 1980 5393 3544 122609 24268 726 62119 43898 11966 9255 6590 4928 4281 1237 11085 4799 4101 6081 4011 2935 1990 188608 8244 11638 45484
internal_value=-0.000197582 0.000461989 -0.0264731 -0.0033447 -0.000378622 0.00106428 0.0192022 0.0349506 -0.00835123 0.00283921 -0.00667703 -0.000929625 -0.00176763 0.00448904 0.0157617 -0.00701062 0.00519969 -0.0101026 0.0311222 -0.0291415 0.0109402 0.0155286 -0.00208913 -0.00645044 0.0112751 0.0249733 0.0037993 0.00206784 0.00130397 0.00752886
internal_weight=88056.7 85901.3 2155.33 33022 20737.4 19250.9 1905.8 1229.75 12284.6 52879.3 4845.51 17345.1 16904.1 7707.07 2495.94 9197.03 2247.37 1201.58 441.02 820.86 542.395 1590.16 4024.65 3294.81 912.853 620.224 48033.8 33739.7 32219.8 7124.91
internal_count=803989 706815 97174 316806 169938 159237 13163 7770 146868 390009 51096 146074 142857 65119 21221 77738 15619 29734 3217 11811 9080 10691 39285 33204 8936 6001 338913 253974 245730 57122
is_linear=0
shrinkage=0.05


Tree=56
num_leaves=31
num_cat=0
split_feature=15 5 22 21 22 20 11 14 23 21 14 14 11 11 22 11 23 23 12 12 11 23 14 14 5 14 23 14 22 11
split_gain=611.294 378.291 354.045 242.809 241.785 351.493 216.351 201.667 200.65 266.795 338.336 436.897 432.668 299.469 252.321 246.743 245.515 200.69 247.962 194.16 213.003 177.209 169.912 199.78 169.215 161.684 284.1 264.305 302.946 466.805
threshold=18.856004714965824 10.500000000000002 -0.14198879499999997 0.16949430500000004 0.36488128000000003 -0.96871948242187489 28.886018813636749 243.50000000000003 1.9815817000000002 -0.72949796999999983 227.50000000000003 264.50000000000006 29.781702899261621 50.9687315441968 0.89314475500000012 21.823152354246602 2.6245776500000004 0.93985930000000006 3.3916408668730655 7.578947368421054 9.5080668581966847 0.089801419500000021 259.50000000000006 237.50000000000003 1.5000000000000002 217.50000000000003 1.6099775000000003 179.50000000000003 0.67365861000000005 105.05147439454778
decision_type=2 2 2 2 2 2 2 2 2 2 2 2 2 2 2 2 2 2 2 2 2 2 2 2 2 2 2 2 2 2
left_child=1 3 7 4 5 -1 22 -3 9 17 15 12 -12 -14 -15 -11 -10 -6 -19 -9 -21 -7 23 -5 -23 26 27 28 29 -8
right_child=-2 2 -4 6 8 21 25 19 16 10 11 -13 13 14 -16 -17 -18 18 -20 20 -22 24 -24 -25 -26 -27 -28 -29 -30 -31
leaf_value=0.0042183393480914148 -0.039097337298623885 -0.024493688809729752 -0.0010471248558650433 -0.0051844791248367543 0.084340173232121451 0.037836899178651281 0.01165976603799548 -0.0089828051642333977 -0.022618731509606662 -0.032029162052483122 0.065601821792194856 -0.034914160341216874 -0.0097902784613424845 -0.023046793513026784 0.10229831309033294 -0.00019398381439620529 0.022315603045356968 0.036005066808811215 0.0078055135240883344 -0.039543665298587168 0.092775931645289272 0.0059338604242381767 -0.022590758716845939 0.017181025617307184 -0.0099667462378857739 0.012430510759329367 0.018577487266580386 -0.0043615115274989935 -0.013144005639674938 0.074479936169287414
leaf_weight=9852.309119394049 990.02478443551809 3325.4976825183257 10401.632716247812 4010.0490982662886 110.34658064693213 210.67500728182495 3403.8331339433789 2212.8979575298727 1204.9492461280897 702.30637603625655 588.92602277174592 281.06332057714462 564.24484176561236 57.899604760110378 127.65529000014067 4522.6167486319318 405.56067060399801 1109.0168700106442 2621.1314929900691 43.569185797125101 96.275647100061178 1881.7626994252205 946.6884718760848 1328.3957176171243 15053.976911521517 9522.0053178686649 2818.0363268330693 8233.8629029616714 1061.6410986008123 322.93338633142412
leaf_count=68967 69393 62733 107250 27625 702 1530 19274 34934 8547 5235 4232 2888 3217 308 596 26016 2934 6821 15653 881 1137 13675 11191 9424 169412 59394 13925 49439 5561 1520
internal_value=-4.97925e-05 0.000394886 -0.00652923 0.00196439 -0.000660768 -0.00330757 0.00522379 -0.0165696 0.00515082 0.00763064 0.00171177 0.0216697 0.0335666 0.00835092 0.0632724 -0.00447841 -0.0112965 0.0181763 0.016197 -0.00536363 0.0515632 -0.00763194 -0.0030804 0.000383033 -0.00819975 0.00728173 0.00418607 0.00107057 0.0104102 0.0171218
internal_weight=88011.8 87021.8 16079.9 70941.9 39294.4 26998.7 31647.4 5678.24 12295.7 10685.2 6844.71 1619.79 1338.73 749.8 185.555 5224.92 1610.51 3840.49 3730.15 2352.74 139.845 17146.4 6285.13 5338.44 16935.7 25362.3 15840.3 13022.3 4788.41 3726.77
internal_count=804414 735021 206935 528086 330733 253584 197353 99685 77149 65668 42492 11241 8353 4121 904 31251 11481 23176 22474 36952 2018 184617 48240 37049 183087 149113 89719 75794 26355 20794
is_linear=0
shrinkage=0.05


Tree=57
num_leaves=31
num_cat=0
split_feature=5 21 22 20 11 14 22 11 14 14 21 14 11 12 11 2 12 21 14 11 14 22 3 20 22 11 14 2 14 12
split_gain=516.94 296.295 280.206 403.09 311.913 428.015 272.799 212.76 219.843 289.411 247.73 206.762 193.382 191.079 177.995 163.659 158.203 173.167 156.496 226.196 166.74 154.227 223.831 150.435 154.469 150.221 178.457 168.308 149.719 338.787
threshold=14.500000000000002 -0.11925592499999998 0.17966253000000001 2.9332580566406254 60.975795745019212 205.50000000000003 0.030713726750000003 29.781702899261621 260.50000000000006 237.50000000000003 -0.11077783999999999 244.50000000000003 28.125387869683031 5.2956656346749229 31.108582943158904 0.38090859353542333 5.0479876160990722 -0.59581735499999999 162.50000000000003 11.403051592271213 170.50000000000003 1.5679100000000001 82.376367770135417 -15.328430175781248 -0.092493746449999983 119.69848180428473 166.50000000000003 62.231499627232559 218.50000000000003 6.0541795665634686
decision_type=2 2 2 2 2 2 2 2 2 2 2 2 2 2 2 2 2 2 2 2 2 2 2 2 2 2 2 2 2 2
left_child=1 2 3 16 -4 13 11 8 9 15 -11 -2 -10 25 -9 -3 17 18 19 -1 -20 28 -23 24 -19 26 -6 -28 -16 -30
right_child=6 7 4 -5 5 -7 -8 14 12 10 -12 -13 -14 -15 21 -17 -18 23 20 -21 -22 22 -24 -25 -26 -27 27 -29 29 -31
leaf_value=0.0052498105179324892 -0.033862991580451959 0.009046835381509721 -0.00033731274391503741 -0.01144001730767733 0.013113609492534067 -0.010307970119506035 -0.0041294118236934159 0.028578307730558007 -0.025997658334933289 0.10914363468355692 0.012407818690312513 -0.0071897519444474606 0.021389315455958 0.0028532719697847604 0.0016065512560624524 -0.010337525084965292 0.01403227349996345 0.021672684514573229 0.018599793233424901 -0.034373402605590159 -0.011692067189067021 0.015925203421949818 0.095786376584018632 -0.0046493812370995745 -0.02577010870379487 -0.016602510820044117 0.052961992081561451 0.15121011782200716 0.0065540122807904062 0.042035071631784375
leaf_weight=548.69889663346112 1970.5988063151017 1457.8592470120639 10493.845618896186 12911.108533686958 293.18751009367406 831.93905591592193 3839.36139252875 821.04125178232789 1457.0083442609757 67.101178627461195 2379.3840126059949 1151.5398859716952 251.81870514340699 396.01125854998827 19992.924532018602 4293.6713279467076 2188.3793132156134 1598.4685982167721 760.55765362642705 1046.0502763353288 1124.9261028133333 1303.1297027058899 93.148591302335262 1559.4131433758885 191.33836357295513 99.230339519679546 890.28132891096175 45.215709938667715 12968.876444241963 708.65202540531754
leaf_count=4763 69143 9252 74086 165982 1785 5535 69009 5664 17907 519 18447 22694 2677 2002 126589 33709 13990 9105 6525 9788 9220 5850 578 14532 1066 566 4453 510 94000 3403
internal_value=1.53652e-05 0.00114216 -0.00232281 -0.00577494 0.0034782 0.0191379 -0.013057 0.00378875 -0.00269758 0.000703739 0.0151046 -0.0240305 -0.0190061 0.0333457 0.00557934 -0.00542339 0.00233631 -0.00141297 -0.00922215 -0.0207457 0.000530305 0.00504005 0.0213176 0.00670202 0.0165893 0.0424302 0.0472074 0.057867 0.00436442 0.00839527
internal_weight=87734.8 80773.3 34978.7 21928.9 13049.7 2555.87 6961.5 45794.6 9906.84 8198.02 2446.49 3122.14 1708.83 1723.93 35887.8 5751.53 9017.83 6829.45 3480.23 1594.75 1885.48 35066.7 1396.28 3349.22 1789.81 1327.91 1228.68 935.497 33670.5 13677.5
internal_count=803349 642503 323908 234971 88937 14851 160846 318595 82511 61927 18966 91837 20584 9316 236084 42961 68989 54999 30296 14551 15745 230420 6428 24703 10171 7314 6748 4963 223992 97403
is_linear=0
shrinkage=0.05


Tree=58
num_leaves=31
num_cat=0
split_feature=16 19 24 3 20 12 4 14 11 14 12 12 12 24 20 20 11 12 11 9 19 14 12 14 14 12 24 14 10 5
split_gain=573.483 325.651 216.005 219.21 215.853 143.011 199.244 181.3 271.725 226.865 481.923 260.17 300.535 222.642 220.421 188.661 256.809 232.967 213.022 194.886 173.873 148.418 144.992 141.939 146.834 186.575 132.292 149.484 129.209 126.335
threshold=0.22058823704719546 0.63235294818878185 2.5000000000000004 16.651338875293735 70.059715270996108 1.8591331269349849 2.7449924647808079 236.50000000000003 12.778281696572909 251.50000000000003 8.9767801857585159 5.1625386996904039 7.7910216718266261 3.5000000000000004 84.656867980957045 13.933258056640627 20.8831020716474 9.1253869969040267 103.36032366453911 15.500000000000002 0.13235294446349147 245.50000000000003 0.41950464396284837 261.50000000000006 256.50000000000006 10.65015479876161 4.5000000000000009 251.50000000000003 -22.043614915013311 12.500000000000002
decision_type=2 2 8 2 2 2 2 2 2 2 2 2 2 10 2 2 2 2 2 2 2 2 2 2 2 2 10 2 10 2
left_child=-1 2 3 -2 -3 20 -7 13 23 11 -11 21 28 15 -14 16 -8 18 19 -18 -4 29 26 24 -9 -26 27 -22 -13 -10
right_child=1 4 5 -5 -6 6 7 8 9 10 -12 12 14 -15 -16 -17 17 -19 -20 -21 22 -23 -24 -25 25 -27 -28 -29 -30 -31
leaf_value=-0.039608262399283722 0.00056749535476536292 0.0067094532038413012 -0.038600299137316531 -0.015878952973259888 -0.0071072401417381281 0.020365394700118118 -0.02648052040660975 -0.016785489405502379 0.023124326566601842 -0.00054007437010661775 0.082073853560186247 0.021228142775447989 -0.0049399473827223686 0.0028320830050184969 0.10166907603292774 -0.01107673504518842 0.0081502269651536601 0.053523761040577433 0.046785513738243585 -0.01012322905864539 0.047451589258072073 -0.0069310136335743421 -0.0061078828463868758 -0.035937970895855237 0.0014961050031611169 0.087656139856782778 -0.013440325217080624 -0.030122208883501422 0.057003395285836284 -0.010523962122987195
leaf_weight=913.15876949671656 3405.73876462318 22240.971558243036 388.10657215397805 5000.221035274677 3237.5031691268086 1249.8748392304406 814.99257468432188 698.47019116207957 1346.9761511906981 6410.5435185451061 180.52532146126032 368.47235715389252 602.91116540320218 12585.969147021882 51.718391578644514 8598.9834891976789 3104.1141161331907 221.96811460889876 247.9772125184536 2751.4404836669564 360.40575116686523 1177.0366980098188 9509.2876731250435 518.1376339904964 243.2015690933913 83.736791424453259 218.86159447580576 74.269357539713383 812.01590966433287 351.11718220449984
leaf_count=69342 36155 134133 12528 89564 30154 8015 6930 7512 9828 65336 1059 2045 4290 82684 470 82789 24017 1275 1300 17436 2803 10242 79262 8156 3140 912 1498 837 5311 4975
internal_value=-0.000212809 0.000201827 -0.00177074 -0.00921627 0.00495358 -0.00058906 0.000706642 0.000109349 0.00503632 0.00772413 0.00173478 0.0161029 0.0308065 -0.00212501 0.00362482 -0.00608884 -8.14241e-05 0.00332355 0.00148944 -0.000436468 -0.00579803 0.00671054 -0.00454167 -0.0146351 -0.00384632 0.0237638 0.018222 0.0341585 0.0458641 0.0161647
internal_weight=87768.7 86855.5 61377.1 8405.96 25478.5 52971.1 42420.2 41170.3 12844.9 11301.3 6591.07 4710.25 1835.12 28325.4 654.63 15739.5 7140.49 6325.5 6103.53 5855.55 10550.9 2875.13 10162.8 1543.55 1025.41 326.938 653.537 434.675 1180.49 1698.09
internal_count=803998 734656 570369 125719 164287 444650 347722 339707 123276 103556 66395 37161 12116 216431 4760 133747 50958 44028 42753 41453 96928 25045 84400 19720 11564 4052 5138 3640 7356 14803
is_linear=0
shrinkage=0.05


Tree=59
num_leaves=31
num_cat=0
split_feature=16 16 21 12 16 21 3 12 17 17 20 20 20 25 4 25 24 20 20 12 12 18 12 12 21 25 24 24 21 12
split_gain=550.487 309.816 221.782 179.179 186.212 164.249 152.622 149.599 135.801 131.225 131.009 122.646 168.917 160.146 150.774 117.958 116.757 111.147 107.473 121.2 117.497 97.4999 93.4472 141.334 90.1929 89.5313 86.0112 83.1446 81.3867 80.2275
threshold=0.1911764740943909 0.69117647409439098 0.27051234000000007 4.1563467492260076 0.48529411852359777 1.4441750000000002 3.7892491593956952 0.41950464396284837 211.72380828857425 177.64930725097659 -11.365150451660154 67.646110534667983 96.985290527343764 25.290988522768025 28.990504510700706 20.783971031010157 4.5000000000000009 82.68857574462892 28.857505798339847 2.1052631578947372 10.332817337461302 190.41741943359378 8.7647058823529438 10.65015479876161 -1.3714820999999997 22.602730011940007 2.5000000000000004 5.5000000000000009 0.30427013500000005 0.86842105263157909
decision_type=2 2 2 2 2 2 2 2 2 2 2 2 2 2 2 2 10 2 2 2 2 2 2 2 2 2 8 8 2 2
left_child=-1 3 6 4 -2 9 18 16 29 11 -11 13 27 14 15 -5 -4 -7 19 -3 -20 22 -9 28 -12 -21 -6 -13 -24 -8
right_child=1 2 7 5 26 17 8 21 -10 10 24 12 -14 -15 -16 -17 -18 -19 20 25 -22 -23 23 -25 -26 -27 -28 -29 -30 -31
leaf_value=-0.042593845804743201 -0.025869047281493057 -0.0070061939140131828 0.049521449729371718 -0.0010989944352654852 -0.017158854441959033 0.047687297373666705 -0.015278477658311643 0.0036774424592520409 0.014164634109737131 0.048652144314161788 -0.028038194024672277 -0.0024291233821729747 -0.004556205584281145 -0.022854239180528924 0.00061013211206459317 0.073404356181897779 -0.0011958288914833523 -0.02537559175242985 0.0011712030996104672 0.024742249760044948 -0.035497158672093181 0.016789471330491686 -0.047855590530764186 -0.043032269031242174 -0.0046279579549314128 0.0087564207884706022 -0.0047678087696052199 0.032954943988958617 0.030066304516200695 -0.002104080930671679
leaf_weight=755.91029222309589 1334.4795481683686 844.94868534430861 337.06015210598707 86.197185982018709 1593.122114803642 283.19796983990818 1206.3126090504229 22826.67867994681 1250.3816097080708 108.99765825644135 444.88195404969156 199.28464742284268 656.74781114049256 634.60310079157352 1375.1271686181426 137.353963797912 170.74673251435161 63.054659264162183 1450.5740993637592 1279.5167526900768 256.18992901220918 1670.0060235261917 34.177842251956463 79.146942317485809 5337.2542584240437 2778.2890893183649 11546.054204031825 989.66427990607917 761.73284406214952 26992.180210100487
leaf_count=62328 44530 5990 2135 792 29472 2054 11479 136222 7893 687 5109 3701 10799 15363 19677 1400 975 789 10664 7224 2959 8116 193 830 48716 15074 111062 10645 4608 221648
internal_value=-0.000138309 0.000232215 0.00212283 -0.00449138 -0.00807999 0.000543663 -0.000411909 0.00565439 -0.00195303 -0.000633634 -0.00540641 0.00625917 0.0157925 -0.00162318 0.0068136 0.0448003 0.0324993 0.0343474 0.00645383 0.0102152 -0.00435038 0.00511584 0.00429266 0.0203185 -0.0064337 0.013802 -0.00627141 0.027027 0.0266643 -0.00266819
internal_weight=87483.9 86728 61937.9 24790 14473.7 10316.4 36058.4 25879.5 29448.9 9970.11 5891.13 4078.98 1845.7 2233.28 1598.68 223.551 507.807 346.253 6609.52 4902.75 1706.76 25371.7 23701.7 875.058 5782.14 4057.81 13139.2 1188.95 795.911 28198.5
internal_count=803134 740806 436010 304796 185064 119732 282931 153079 241020 116889 54512 62377 25145 37232 21869 2192 3110 2843 41911 28288 13623 149969 141853 5631 53825 22298 140534 14346 4801 233127
is_linear=0
shrinkage=0.05


Tree=60
num_leaves=31
num_cat=0
split_feature=18 9 18 14 22 21 5 22 12 13 4 23 14 12 22 23 14 14 12 12 21 22 9 9 12 23 14 2 2 14
split_gain=471.672 346.382 235.058 216.731 206.706 199.139 186.576 179.953 165.774 157.322 197.395 157.855 234.467 201.84 288.475 176.219 148.795 140.996 201.209 283.739 215.257 207.398 179.49 139.229 137 133.181 120.159 119.051 117.558 116.941
threshold=158.47058868408206 40.500000000000007 187.42769622802737 237.50000000000003 -0.64515053999999983 1.1001508500000001 8.5000000000000018 -1.0087099999999998 1.8157894736842108 -33.862050147456088 23.527066297829155 1.25831 228.50000000000003 5.5433436532507754 0.89314475500000012 0.48919199500000005 251.50000000000003 270.50000000000006 2.535603715170279 0.92105263157894746 1.1481375 0.04601305725000001 12.500000000000002 41.500000000000007 8.6702786377709007 2.4967763500000006 161.50000000000003 24.802456915378574 7.837223321199418 185.50000000000003
decision_type=2 2 2 2 2 2 2 2 2 2 2 2 2 2 2 2 2 2 2 2 2 2 2 2 2 2 2 2 2 2
left_child=1 3 4 -1 5 6 24 8 -7 10 23 12 29 14 15 28 -15 25 19 -19 21 -21 -20 26 -2 -11 -6 -10 -14 -12
right_child=2 -3 -4 -5 9 7 -8 -9 27 17 11 -13 13 16 -16 -17 -18 18 22 20 -22 -23 -24 -25 -26 -27 -28 -29 -30 -31
leaf_value=-0.044361521811284305 -0.0027934846573097684 0.21993572662661032 0.0072195903917944698 -0.011266204278299179 -0.0089979771694901796 -0.0069765516384160155 -0.017161294480349507 -0.0020957166721359628 0.029427633000203315 -0.0024683464434232935 0.0034306131948148287 0.0077695260848224508 0.0029066657891831109 0.057819676238535955 0.099327173684474607 -0.0053860163671588628 -0.032868672727769103 -0.035747755715486086 0.023878374669774407 0.019769060944672515 0.0025501383970303257 0.11560356349296885 -0.023591076408816736 0.0022954937026440792 -0.027750377229868103 0.019303995108239626 0.023877834785964201 0.085878868899191815 0.052914130229210599 -0.0085006265590252799
leaf_weight=875.62658291868865 10733.765627050772 13.467485071159897 11188.504943806678 1137.5677764015272 312.30801286734641 168.0314104128629 3584.9978670692071 841.92721616104245 232.14789506420493 31877.373641170561 2885.774407915771 6980.5304501308128 222.51996506378055 329.14756025373936 78.786474660038948 1617.689160451293 51.746650859713554 95.324692560359836 389.86337723582983 83.066611452028155 112.06599063426256 178.42186306789517 404.9700351767242 1768.2652760408819 578.61555803194642 717.21197286713868 2490.6247089970857 157.21708643808961 248.35521436110139 7117.5709399431944
leaf_count=68324 103379 183 66863 28758 1552 1385 67045 6509 1304 287543 16528 38241 1617 1717 389 11419 353 916 4115 842 994 1221 4759 8609 6900 5688 11778 1305 1815 51757
internal_value=-0.000101751 -0.0239359 0.00046383 -0.0256757 -0.000554144 -0.00552898 -0.00722309 0.012499 0.0345082 0.000844669 0.00393196 0.0017427 -0.00160945 0.0119275 0.00601876 0.00245306 0.0454453 -0.00135319 0.0150268 0.0409651 0.0605841 0.0853513 -0.000306707 0.0132839 -0.00407234 -0.00198869 0.0202128 0.052383 0.0293385 -0.00505869
internal_weight=87473.5 2026.66 85446.8 2013.19 74258.3 16296.7 14897.4 1399.32 557.396 57961.6 24103.3 19532.1 12551.6 2548.25 2167.35 2088.56 380.894 33858.3 1263.71 468.879 373.554 261.488 794.833 4571.2 11312.4 32594.6 2802.93 389.365 470.875 10003.3
internal_count=803808 97265 706543 97082 639680 187827 177324 10503 3994 451853 145775 123836 85595 17310 15240 14851 2070 306078 12847 3973 3057 2063 8874 21939 110279 293231 13330 2609 3432 68285
is_linear=0
shrinkage=0.05


Tree=61
num_leaves=31
num_cat=0
split_feature=16 0 14 24 12 14 24 12 14 16 18 19 14 14 11 24 24 2 9 3 12 11 11 9 17 14 12 24 11 19
split_gain=472.249 292.594 182.763 158.533 172.777 128.383 148.953 128.367 170.186 152.613 140.402 128.286 131.965 126.372 184.645 257.726 117.135 114.585 110.647 110.101 107.768 279.013 107.418 102.885 98.4533 237.499 126.635 109.243 114.787 107.581
threshold=0.1911764740943909 0.81382218003273021 257.50000000000006 2.5000000000000004 0.41950464396284837 251.50000000000003 4.5000000000000009 1.5201238390092882 232.50000000000003 0.69117647409439098 175.55606079101565 0.51470589637756359 256.50000000000006 266.50000000000006 34.118159608252284 5.5000000000000009 3.5000000000000004 0.21299934387207034 4.5000000000000009 123.55846448987724 4.9055727554179578 30.010807182985843 50.76485803746403 36.500000000000007 174.79044342041018 238.50000000000003 5.0479876160990722 1.0000000180025095e-35 12.778281696572909 0.51470589637756359
decision_type=2 2 2 8 2 2 10 2 2 2 2 2 2 2 2 8 8 2 2 2 2 2 2 2 2 2 2 10 2 2
left_child=-1 2 17 11 5 6 -5 10 9 -9 -6 -3 -13 -4 16 -16 -15 -2 -18 -12 23 -22 24 -10 25 26 -19 28 -27 -26
right_child=1 3 13 4 7 -7 -8 8 20 -11 19 12 -14 14 15 -17 18 22 -20 -21 21 -23 -24 -25 29 27 -28 -29 -30 -31
leaf_value=-0.041002712306094653 0.0082867297580671902 -0.025118366787750441 -0.012878470206132621 0.042840251488478955 -0.017490389476816727 -0.021313366120313898 -0.0075854333583984081 -0.011751556555998672 -0.0018061244519746993 -0.00039976705923255266 -0.0064616165253616829 -0.0033505174195014756 -0.049193857275897965 0.033426315887792872 -0.011098608541542789 0.037285934678537878 0.020564881579859005 -0.016842752251181627 -0.022280271217503814 0.01819327104406435 0.0034855145167519441 0.046828674307005394 0.0050189193837999954 0.019056160524457057 -0.0076470365891237319 -0.0012461647495038625 0.013643308713404878 0.011455481936789906 0.062311553164708801 0.00078823749406087675
leaf_weight=702.21461616549641 9131.3972106799483 1429.8305396558717 3169.3762640785426 510.93688272405416 2888.1199222970754 157.65357013605535 204.75344494730234 4621.0958229517564 3858.7440830720589 8237.4501583669335 2708.4623010195792 2368.8878309577703 167.13877864554524 134.39585918560624 472.51067952439189 656.93826376274228 177.12661113217473 723.00113238859922 982.90708634257317 542.69841032847762 1312.1399900717661 516.93078239262104 17928.521040957421 696.82274700328708 4895.3551254458725 89.805085446685553 642.3330382341519 354.49992030672729 338.25974220596254 16576.321719810367
leaf_count=62424 57942 36653 35273 3745 34569 1734 1387 62111 44855 52037 18172 28354 3467 2305 4863 4937 2119 13112 12254 4057 14173 4018 117528 4887 47291 1082 9178 4184 3272 109943
internal_value=-0.000193945 0.000137836 0.002269 -0.00383033 -0.00242265 0.019431 0.0284234 -0.00317531 -0.00116672 -0.00447996 -0.00946987 -0.0131469 -0.00639006 -0.00630751 0.0022862 0.0170521 -0.0106009 0.00321565 -0.0157261 -0.00234178 0.00550573 0.015754 0.00210096 0.00138847 -0.000114038 0.0100899 -0.00250084 0.0320319 0.0490057 -0.0011352
internal_weight=87196.6 86494.4 56272.7 30221.7 26255.8 873.344 715.69 25382.5 19243.2 12858.5 6139.28 3965.86 2536.03 5593.25 2423.88 1129.45 1294.43 50679.5 1160.03 3251.16 6384.64 1829.07 41548.1 4555.57 23619.6 2147.9 1365.33 782.565 428.065 21471.7
internal_count=801926 739502 425283 314219 245745 6866 5132 238879 182081 114148 56798 68474 31821 61751 26478 9800 16678 363532 14373 22229 67933 18191 305590 49742 188062 30828 22290 8538 4354 157234
is_linear=0
shrinkage=0.05


Tree=62
num_leaves=31
num_cat=0
split_feature=15 15 24 14 5 14 11 12 18 5 19 9 9 11 14 12 18 12 11 12 14 9 14 12 18 11 14 20 14 11
split_gain=445.203 278.146 172.421 151.381 149.083 138.974 131.572 203.228 125.507 119.62 122.441 145.085 116.383 111.525 163.644 135.556 96.0386 93.5295 91.0475 137.121 144.412 88.1569 120.788 87.678 149.272 129.502 141.762 128.479 96.3418 118.502
threshold=20.686647415161136 3.139987707138062 2.5000000000000004 255.50000000000003 8.5000000000000018 234.50000000000003 9.5080668581966847 5.0015479876161004 171.99858093261722 1.5000000000000002 0.60294118523597728 6.5000000000000009 77.500000000000014 77.059271984725001 246.50000000000003 1.7941176470588238 190.41741943359378 1.3111455108359136 14.532123391300257 9.4938080495356054 265.50000000000006 42.500000000000007 201.50000000000003 1.8591331269349849 173.1534118652344 103.36032366453911 174.50000000000003 -0.96871948242187489 271.50000000000006 67.867619931397982
decision_type=2 2 8 2 2 2 2 2 2 2 2 2 2 2 2 2 2 2 2 2 2 2 2 2 2 2 2 2 2 2
left_child=1 3 4 5 18 9 -7 13 -9 17 16 -12 23 -8 -15 -16 -11 -1 19 20 -3 22 -19 24 25 28 27 -27 -4 -30
right_child=-2 2 12 -5 -6 6 7 8 -10 10 11 -13 -14 14 15 -17 -18 21 -20 -21 -22 -23 -24 -25 -26 26 -28 -29 29 -31
leaf_value=-0.010280390875267172 -0.03945867026168412 0.013527060700248485 -0.020325866897518932 -0.0081415086800757965 -0.024753631186298475 -0.025701145749756293 0.003107033457086762 0.054405118973417627 0.020341656881608283 -0.0024231433209486244 0.013956939651958739 0.002189122200885003 0.011682814719016055 0.0057012309913441802 0.085522262772364341 -0.020352047559580987 0.017506494416474016 0.012751181346087621 -0.010131162970698141 -0.033843195248493815 0.12354040091762004 -0.00031112208905922185 0.053673726880730015 -0.0006317199272607983 -0.00098739726546287336 0.010859394138364372 0.0011002271690621764 0.17580865195284365 0.060224646389964179 -0.045341872272716376
leaf_weight=562.09154035896063 706.50473723839968 630.50724164117128 2766.7629386559129 2830.7289040200412 1459.4714099960402 222.98837345838547 2832.3995767273009 377.59888843074441 954.91053503379226 14988.827129796147 3290.5940617695451 12824.691621430218 1620.2010747790337 297.3328240532428 153.88825939595699 37.144505195319653 628.89537961781025 4110.6557864882052 2741.7734009539708 151.47869703453034 30.340949259698391 1299.3802100345492 187.72687025368214 26415.238184462301 4808.8456967622042 23.757690947502851 327.14139089547098 22.743903554975986 79.66375607252121 38.78076540119946
leaf_count=3981 62462 6425 40450 28798 40911 2389 22047 2606 6115 112857 20949 75265 10432 2077 941 234 3375 21564 38930 2489 497 6962 959 250232 34443 156 3624 256 863 546
internal_value=4.34048e-05 0.000365691 -0.00261641 0.00305461 -0.0113042 0.00379581 0.0117402 0.0135396 0.0300279 0.0027732 0.00153534 0.00459272 -0.00140968 0.00691632 0.0289578 0.0649372 -0.00161955 0.00914886 -0.0057758 0.00891885 0.018757 0.0111013 0.0145505 -0.00202516 -0.00658693 -0.0148469 0.0128236 0.0935387 -0.0184335 0.0255701
internal_weight=87423.1 86716.6 41116.7 45599.9 5013.57 42769.1 4876.26 4653.27 1332.51 37892.9 31733 16115.3 36103.1 3320.77 488.366 191.033 15617.7 6159.85 3554.1 812.327 660.848 5597.76 4298.38 34482.9 8067.7 3258.85 373.643 46.5016 2885.21 118.445
internal_count=803835 741373 430254 311119 89252 282321 36409 34020 8721 245912 212446 96214 341002 25299 3252 1175 116232 33466 48341 9411 6922 29485 22523 330570 80338 45895 4036 412 41859 1409
is_linear=0
shrinkage=0.05


Tree=63
num_leaves=31
num_cat=0
split_feature=17 0 12 21 12 12 11 23 19 22 12 25 22 11 12 17 17 19 25 22 23 12 21 23 3 11 22 12 11 11
split_gain=369.832 220.461 193.152 184.855 128.897 145.061 144.166 145.035 124.843 149.515 116.495 112.556 111.812 124.393 134.519 109.527 104.096 126.365 151.696 102.829 93.5759 91.3377 90.7819 104.851 106.152 117.873 121.94 105.701 104.202 137.785
threshold=160.11765289306643 0.55294013023376476 5.1904024767801866 1.3326296000000002 0.47213622291021679 2.2801857585139325 60.43594982190168 1.3986131500000003 0.48529411852359777 -0.31765721499999994 14.165634674922602 25.014834511280064 1.5679100000000001 47.991097446288862 4.0650154798761617 203.35858154296878 177.64930725097659 0.36764706671237951 21.653857684135442 0.23699499500000001 1.7749508000000003 4.3854489164086692 0.51909596000000013 2.1096805500000007 3.7892491593956952 52.834792444292155 -0.36822707999999993 7.0015479876161004 29.781702899261621 32.347828984606572
decision_type=2 2 2 2 2 2 2 2 2 2 2 2 2 2 2 2 2 2 2 2 2 2 2 2 2 2 2 2 2 2
left_child=2 10 -1 8 19 6 -6 -8 9 11 12 -3 15 14 -14 16 17 21 -19 -5 -15 -2 23 24 -18 -26 -27 -28 -24 -30
right_child=1 3 -4 4 5 -7 7 -9 -10 -11 -12 -13 13 20 -16 -17 22 18 -20 -21 -22 -23 28 -25 25 26 27 -29 29 -31
leaf_value=-0.034939918657872569 -0.0070264624103352422 -0.0092304177669755676 -0.0020428083248181942 0.078509303529298524 -0.025124749787296514 0.018194080069435802 0.091690870202963834 0.0026079267205959978 -0.0016679429677359107 -0.0042294053103707147 -0.04448587089606873 -0.02787327257686837 -0.042457595355420603 0.07433872405664084 0.010417347851813228 0.0076782443219602994 0.0055444566497494475 0.0065278991704487716 0.033403393552119472 0.0070540564673458612 0.023435026977272764 0.0092083378049869682 -0.0051203665641026694 -0.018135224137110825 -0.0052779626787363403 -0.0068720107401858497 0.0053829411980535853 0.035011220889237749 0.032694327796375509 0.0048948232088343721
leaf_weight=1132.7535093352199 1656.5456076720729 1880.5411359351128 735.97084727790207 113.78809050656855 539.52367447689176 1337.1647754339501 46.909405732527375 988.13280522450805 19134.035324018449 6579.4110057745129 130.8066835924983 1422.7913076793775 130.1234300006181 108.46822273731232 1456.5882179401815 7498.9313340000808 5138.2120718248188 1387.0499407351017 844.49225538596511 90.069874878972769 527.43921746499836 1814.052965214476 2541.3988160416484 909.49256823398173 13135.152432197705 2185.5812727306038 4259.6935186944902 322.98581240326166 468.86698719114065 8693.6049405038357
leaf_count=68967 23777 31291 27897 640 4300 9400 283 7558 148541 77029 1845 33668 802 456 8432 43072 32546 11979 6736 624 2290 22431 18586 8531 111751 20981 25543 1807 2614 48704
internal_value=5.84828e-06 0.000487783 -0.0219919 -0.00278239 0.0087894 0.00609002 -0.0041941 0.00672988 -0.00402514 -0.00858828 0.0024626 -0.0172662 0.00257914 0.0135539 0.00605716 0.00209924 0.00113416 0.00742929 0.0167089 0.047127 0.0322209 0.00145954 0.000180703 -0.00146801 -0.00086197 -0.00251603 0.00284403 0.00747832 0.00383623 0.00632081
internal_weight=87210.6 85341.9 1868.72 32132.4 3115.59 2911.73 1574.57 1035.04 29016.8 9882.74 53209.5 3303.33 53078.7 2222.62 1586.71 50856.1 43357.1 5702.14 2231.54 203.858 635.907 3470.6 37655 25951.1 25041.6 19903.4 6768.26 4582.68 11703.9 9162.47
internal_count=803081 706217 96864 313334 22805 21541 12141 7841 290529 141988 392883 64959 391038 11980 9234 379058 335986 64923 18715 1264 2746 46208 271063 201159 192628 160082 48331 27350 69904 51318
is_linear=0
shrinkage=0.05


Tree=64
num_leaves=31
num_cat=0
split_feature=16 18 22 14 11 21 12 14 11 5 12 11 14 11 14 21 12 11 23 12 23 5 9 1 14 14 11 14 23 21
split_gain=418.724 243.959 221.629 418.785 322.755 256.249 291.126 279.264 199.762 192.703 207.162 185.924 251.293 187.642 176.893 171.546 205.932 182.786 211.793 146.29 144.273 143.358 142.818 142.641 142.36 140.802 179.412 139.212 170.707 182.526
threshold=0.1911764740943909 187.42769622802737 0.36488128000000003 162.50000000000003 111.65133048040369 -0.56170388999999987 4.9705882352941186 222.50000000000003 39.150453789407628 9.5000000000000018 6.4102167182662546 53.401806228566379 169.50000000000003 105.05147439454778 211.50000000000003 -1.6487905499999997 2.7198142414860684 41.215527243203375 0.46604304000000002 2.7352941176470593 0.089801419500000021 3.5000000000000004 38.500000000000007 4.4959319829940805 226.50000000000003 225.50000000000003 52.327960417574225 213.50000000000003 1.6003815000000003 -0.71756502999999994
decision_type=2 2 2 2 2 2 2 2 2 2 2 2 2 2 2 2 2 2 2 2 2 2 2 2 2 2 2 2 2 2
left_child=-1 2 5 -4 15 6 -2 22 -9 10 11 21 13 -13 -11 -5 17 18 -17 -18 -14 -7 23 -8 27 -12 -27 28 29 -19
right_child=1 -3 3 4 -6 9 7 8 -10 14 25 12 20 -15 -16 16 19 24 -20 -21 -22 -23 -24 -25 -26 26 -28 -29 -30 -31
leaf_value=-0.040435366786743497 -0.014860711111016518 0.0070419495460908215 -0.02020680526563283 -0.020723074365307834 0.03244135160561331 0.0050760062037564016 0.017496826112130267 -0.021716778490703956 0.041362943569162695 -0.020684872308104604 -0.018209750177898509 0.023306783581323359 0.065276378749292346 0.097885828292204144 -0.0033393168209431981 0.150976857319294 0.066664796641353094 0.055476386903454404 0.01370401299858108 0.0063365226944734517 0.0044007257114675345 -0.0050032184289634761 -0.01390161704787358 -0.0095453751089188653 -0.019379535707596478 -0.0027228864278607298 0.064978592227532037 0.019631594868288558 0.024147348951074513 -0.017957177248349106
leaf_weight=637.29862816166133 7892.8301090719178 11354.302610404789 1830.2065828153864 713.64897539559752 996.17807948309928 6471.4021893655881 2499.1900934828445 1558.5251090731472 135.57604191545397 1862.0618012342602 2059.8261355441064 1326.9818797502667 97.586693845689297 89.221814046613872 6966.9535707123578 28.436375834047794 100.07150991167873 88.418982079252601 627.4708946030587 17761.986506874673 7665.8851212253794 7753.4578307513148 628.1937079615891 605.11176428757608 1767.3627163367346 1064.501567447558 106.75735974311829 621.14801964070648 353.19227071851492 1588.6707638390362
leaf_count=62302 107596 67329 14072 5648 5958 46524 22368 21314 1139 28495 14627 7737 542 422 93096 175 654 508 5159 119681 53803 68787 5719 9308 13545 10632 539 4260 1812 10525
internal_value=-8.68592e-05 0.000210481 -0.000820235 0.00286273 0.00457657 -0.00281912 -0.00873197 0.000183201 -0.0166472 -0.000598254 0.00152376 0.00316226 0.00870934 0.0280711 -0.00699947 0.00340156 0.00415304 -0.00473473 0.0198761 0.00667822 0.00517424 -0.000417781 0.00782458 0.0122242 -0.00839153 -0.0103421 0.0034981 -0.00106272 -0.00740052 -0.0140549
internal_weight=87252.5 86615.2 75260.9 26476.8 24646.6 48784.1 13319.4 5426.6 1694.1 35464.6 26635.6 23404.5 9179.68 1416.2 8829.02 23650.4 22936.8 5074.7 655.907 17862.1 7763.47 14224.9 3732.5 3104.3 4418.79 3231.09 1171.26 2651.43 2030.28 1677.09
internal_count=804276 741974 674645 181997 167925 492648 167444 59848 22453 325204 203613 177815 62504 8159 121591 161967 156319 35984 5334 120335 54345 115311 37395 31676 30650 25798 11171 17105 12845 11033
is_linear=0
shrinkage=0.05


Tree=65
num_leaves=31
num_cat=0
split_feature=15 0 21 14 19 14 12 23 12 14 12 19 14 23 21 21 23 23 25 4 19 2 14 21 14 14 23 23 14 12
split_gain=388.849 218.681 158.212 149.061 133.326 221.906 208.518 252.352 129.472 236.718 174.476 121.717 116.542 121.362 120.16 113.474 109.8 127.351 108.954 120.632 157.101 104.104 129.061 360.521 150.949 103.184 97.8199 96.4838 119.959 96.1123
threshold=19.744426727294925 0.49938528239727026 1.3326296000000002 257.50000000000006 0.57352942228317272 235.50000000000003 1.8869969040247681 1.4620874500000001 2.8436532507739942 170.50000000000003 2.3235294117647065 0.22058823704719546 270.50000000000006 0.57171410500000008 -1.5734585999999997 0.24118209000000004 1.0780397000000002 1.0302550000000001 24.568066775798805 280.28621579706675 0.51470589637756359 0.85009944438934337 238.50000000000003 -0.54046523499999999 248.50000000000003 207.50000000000003 0.63108661500000018 0.57830724000000011 271.50000000000006 11.291021671826627
decision_type=2 2 2 2 2 2 2 2 2 2 2 2 2 2 2 2 2 2 2 2 2 2 2 2 2 2 2 2 2 2
left_child=1 3 4 15 5 11 27 -8 9 10 -4 -3 13 -5 -15 18 17 -14 21 20 -20 -1 -23 -24 -25 26 -22 28 -7 -17
right_child=-2 2 8 12 -6 6 7 -9 -10 -11 -12 -13 16 14 -16 29 -18 -19 19 -21 25 22 23 24 -26 -27 -28 -29 -30 -31
leaf_value=0.009394314209246064 -0.037092584433726421 -0.026233717911848177 0.085470369074150121 -0.025848080434875867 -0.00027932203846049247 0.0012094909160336601 0.013592536361087988 -0.022833777253727709 0.024188197002777204 -0.0033212082942545434 -0.0071032561449393544 -0.0091672256079149 0.018575186936291739 -0.05106661541357941 -0.003073147363473134 0.0063778850079138881 -0.0086348940096088993 0.12457752868787514 -0.013155500305955034 0.028844451511943221 0.020357247206430465 -0.001039439508755057 -0.01476631839179849 0.044580694949733275 0.0082275036364058748 -0.0078296856793471873 0.0013319259016791635 -0.019858495580867053 0.10812523674011242 -0.04142468616470385
leaf_weight=5268.9243172276765 700.48468801658601 1161.9498905511573 136.68612975906581 882.88894141092896 13209.49458848685 297.77695976942778 3117.3525664526969 560.06655566766858 859.70849744044244 2199.7475224044174 80.519250598736107 10315.148838404566 532.83475902490318 134.93563311360776 3218.1782652372494 19216.46612229757 461.38825173862278 28.98069591447711 3138.8001497387886 288.3793061003089 835.7314388230443 10963.219313304871 723.95810630172491 710.07371978089213 478.07430392503738 2453.0087709464133 3509.7230683602393 1265.8677079984918 27.772750580683351 104.74680391326547
leaf_count=35423 65831 40291 738 10223 97333 3647 37519 8326 6718 17904 538 105754 5321 2604 34693 109871 5267 255 37359 5159 4367 87785 7143 5485 3860 19225 21426 20621 269 998
internal_value=-1.67271e-05 0.00028505 -0.00289412 0.00228034 -0.00403518 -0.00699767 0.00149709 0.00804015 0.00753552 0.00160462 0.0512775 -0.0108972 -0.00570763 -0.00936549 -0.00501914 0.00316133 0.00943008 0.0242548 0.00114851 -0.00297881 -0.00390513 0.0034746 0.00105155 0.0130347 0.0299725 0.000367008 0.00499478 -0.0136181 0.0106337 0.0061166
internal_weight=86882.9 86182.4 33232.1 52950.3 29955.4 16745.9 5268.84 3677.42 3276.66 2416.95 217.205 11477.1 5259.21 4236 3353.11 47691.1 1023.2 561.815 28369.9 10225.6 9937.26 18144.2 12875.3 1912.11 1188.15 6798.46 4345.45 1591.42 325.55 19321.2
internal_count=801953 736122 339658 396464 313760 216427 70382 45845 25898 19180 1276 146045 58363 47520 37297 338101 10843 5576 227232 87536 82377 139696 104273 16488 9345 45018 25793 24537 3916 110869
is_linear=0
shrinkage=0.05


Tree=66
num_leaves=31
num_cat=0
split_feature=16 16 24 5 9 11 14 12 14 14 24 17 12 18 22 14 22 11 13 13 14 22 14 14 22 20 9 22 14 12
split_gain=364.099 217.821 187.952 160.865 144.065 106.796 242.799 130.725 369.71 386.68 263.508 257.39 221.597 209.557 184.004 182.643 198.135 181.747 161.069 151.158 135.332 151.772 232.724 130.798 167.271 130.421 130.291 130.088 121.91 382.457
threshold=0.16176471114158633 0.83823528885841381 2.5000000000000004 8.5000000000000018 79.500000000000014 16.244831388937339 260.50000000000006 4.3544891640866874 227.50000000000003 253.50000000000003 7.5000000000000009 187.78333282470706 8.866873065015481 175.53743743896487 -0.39234758499999994 268.50000000000006 -0.17849789999999996 66.271986887747019 -92.302003004844352 -39.435043463627615 176.50000000000003 -0.13172641999999998 163.50000000000003 174.50000000000003 1.0527500000000003 86.731285095214858 11.500000000000002 0.066633861500000016 212.50000000000003 7.7910216718266261
decision_type=2 2 8 2 2 2 2 2 2 2 10 2 2 2 2 2 2 2 2 2 2 2 2 2 2 2 2 2 2 2
left_child=-1 2 3 -2 5 6 25 13 18 10 11 -10 -11 15 -13 19 -17 -18 -9 23 21 26 -23 -7 -25 -4 -15 -27 -20 -30
right_child=1 -3 4 -5 -6 7 -8 8 9 12 -12 14 -14 20 -16 16 17 -19 28 -21 -22 22 -24 24 -26 27 -28 -29 29 -31
leaf_value=-0.042917179848865124 -0.0042354216637217959 0.0051804276843819656 -0.0052926032677919422 -0.02027458984088383 0.012707413689067699 0.018097905563681124 -0.031766784200608071 0.042463374228872107 0.03777871130160889 -0.0076411752943250496 -0.014569020045036364 -0.031464031155750645 0.074436927670838302 0.02643586133414377 0.017825391250258501 -0.035196300070949892 0.031836465000215822 -0.048757240598130837 0.00023984066098985766 -0.010614585880885954 -0.00032331900456698988 -0.015532434947434962 0.019880149469332097 -0.0077355879756167163 0.020167183678276943 -0.014659709093268298 -0.0024490378832995401 0.047677329831788635 -0.0014309397513346518 -0.046303189941973959
leaf_weight=492.88889645691961 6783.5662959041074 17156.193507816643 3860.1335903331637 2030.7580885710195 2111.9153162464499 825.71667861100286 856.43674665689468 201.99907807633281 2077.891031214036 2059.3290056027472 452.66285164281726 212.98839741572738 84.655282665044069 1585.6138418763876 1647.9476446695626 165.08529756590724 769.96794381737709 76.045348141342402 9327.9735172921792 10407.545314308256 14218.574959740043 1070.3956467658281 817.28594453632832 3646.610988096334 628.88632051832974 128.1585015822202 517.60552402213216 238.14321709051728 2034.4070994956419 618.47734916489571
leaf_count=54500 84335 103067 36138 54905 13381 4491 13689 1067 15717 21012 3319 1706 479 8022 8690 2706 7313 884 68265 131656 97885 5304 3707 30448 3258 1764 2587 2713 17124 4213
internal_value=-0.000108664 0.00013544 -0.00111076 -0.00793261 -0.000119091 -0.000582109 -0.00750711 7.65861e-05 0.00344469 0.0130378 0.0215342 0.0256859 -0.00436713 -0.00173879 0.0121702 -0.00581635 0.0147642 0.0245432 -0.00170216 -0.00715897 0.00196053 0.0100954 -0.000197882 -0.000108099 -0.00362759 -0.00258482 0.0193295 0.0258868 -0.00245028 -0.0119057
internal_weight=87105.9 86613 69456.8 8814.32 60642.5 58530.5 5082.87 53447.7 18718.3 6535.47 4391.49 3938.83 2143.98 34729.3 1860.94 16519.9 1011.1 846.013 12182.9 15508.8 18209.5 3990.9 1887.68 5101.21 4275.5 4226.44 2103.22 366.302 11980.9 2652.88
internal_count=804345 749845 646778 139240 507538 494157 54304 439853 141592 50923 29432 26113 21491 298261 10396 180756 10903 8197 90669 169853 117505 19620 9011 38197 33706 40615 10609 4477 89602 21337
is_linear=0
shrinkage=0.05


Tree=67
num_leaves=31
num_cat=0
split_feature=15 5 15 11 14 14 12 9 12 9 20 12 11 14 9 12 14 9 14 11 11 11 11 12 14 12 11 11 14 11
split_gain=334.891 183.052 144.853 127.432 142.787 136.535 327.454 162.184 213.669 161.046 158.601 204.051 157.155 151.863 124.478 123.828 167.631 122.072 118.022 435.077 150.072 106.947 104.984 104.748 256.637 188.918 181.016 182.939 141.093 132.008
threshold=21.682642936706547 14.500000000000002 1.9085775017738345 50.76485803746403 175.50000000000003 270.50000000000006 2.535603715170279 14.500000000000002 4.2275541795665648 34.500000000000007 -17.53835296630859 4.3854489164086692 24.852478495173319 273.50000000000006 10.500000000000002 4.2275541795665648 199.50000000000003 82.500000000000014 163.50000000000003 105.05147439454778 96.005895777764081 108.20369620633893 18.035498580788683 3.9659442724458209 222.50000000000003 5.2956656346749229 73.671558301492198 92.67470495860691 216.50000000000003 58.729286920959744
decision_type=2 2 2 2 2 2 2 2 2 2 2 2 2 2 2 2 2 2 2 2 2 2 2 2 2 2 2 2 2 2
left_child=1 2 -1 5 18 9 13 8 -8 10 -4 -12 -10 -7 -13 21 -17 23 20 -20 -5 -3 -16 -6 25 28 -27 -28 -25 -26
right_child=-2 15 3 4 17 6 7 -9 12 -11 11 14 -14 -15 22 16 -18 -19 19 -21 -22 -23 -24 24 29 26 27 -29 -30 -31
leaf_value=0.0044826164937105933 -0.038531715436850883 -0.0167203073987756 0.0036590106735609447 0.0051647624892964521 -0.0020829504868778576 0.067176152408742903 -0.010021113520185398 -0.021506458191902295 0.0098795652454891861 0.0034059120534927542 -0.011223024654044416 0.0066235820188798979 0.098653304791374991 -0.030309660926340395 -0.013999031711737445 -0.037149683548765668 0.0056331439589844719 0.028070200810883128 0.011739180220437781 0.092120818253041664 -0.0478072281061067 0.012198649396715885 -0.0013771405531624538 0.014721984185738543 0.048350903684163414 0.00033636230163246162 -0.039070998661599382 0.040850434444600334 -0.038162731689050086 0.012674637392959721
leaf_weight=20195.077143751085 561.00457959994674 3323.7428349452093 4696.7727589383721 1054.7385674538091 14102.279152773321 308.04757162556052 263.38302364014089 494.94657449796796 91.662906341254711 7925.379019103013 11193.537208573893 3216.1594008663669 108.94641514122486 45.293392674997449 2313.9562966329977 256.80929697304964 2044.9398969579488 399.68138113617897 2389.6666296310723 180.1483719740063 152.09400656726211 352.99546906352043 5714.42262378335 2002.4836148368195 458.58267268538475 1532.3996899481863 635.71570338215679 79.853191352449358 133.64595824666321 597.23656545206904
leaf_count=124797 59971 65153 27541 6913 117907 2197 2758 6024 1322 60855 121201 34084 815 437 26857 7555 31677 2162 16116 916 922 4227 43691 14850 2330 10534 4562 550 1280 3337
internal_value=-5.99578e-05 0.000190679 0.000819235 -0.000411989 0.00243927 -0.00227132 0.0135569 -0.00161825 0.0195974 -0.00286413 -0.0046955 -0.00644436 0.0583408 0.0546296 -0.0016868 -0.00824902 0.000845746 0.000750784 0.0113525 0.0174077 -0.00154522 -0.0139413 -0.00501634 0.000190633 0.0060839 0.000752171 -0.0093636 -0.0301077 0.011397 0.0282013
internal_weight=86825.6 86264.6 80286.1 60091 23718.5 36372.5 1312.28 958.939 463.992 35060.2 27134.8 22438.1 200.609 353.341 11244.5 5978.49 2301.75 19941.9 3776.65 2569.82 1206.83 3676.74 8028.38 19542.2 5439.92 4384.1 2247.97 715.569 2136.13 1055.82
internal_count=803541 743570 634958 510161 182379 327782 13553 10919 4895 314229 253374 225833 2137 2634 104632 108612 39232 157512 24867 17032 7835 69380 70548 155350 37443 31776 15646 5112 16130 5667
is_linear=0
shrinkage=0.05


Tree=68
num_leaves=31
num_cat=0
split_feature=16 18 0 21 14 20 14 11 11 23 11 21 14 14 23 16 18 9 21 9 18 18 11 14 14 11 14 23 4 23
split_gain=330.122 205.567 153.882 146.463 127.028 141.822 114.704 118.31 202.515 103.505 101.676 212.202 117.442 106.286 210.429 143.485 96.3538 90.5333 88.1149 89.9244 92.2834 84.1708 84.0614 111.631 124.013 85.6675 233.503 139.717 86.8425 108.754
threshold=0.16176471114158633 187.42769622802737 0.79209432005882274 1.3326296000000002 258.50000000000006 90.507575988769545 269.50000000000006 34.118159608252284 35.482507067406701 0.57171410500000008 111.65133048040369 0.35373817500000004 178.50000000000003 241.50000000000003 1.3414118000000002 0.66176471114158641 202.43030548095706 7.5000000000000009 -1.5327152499999999 35.500000000000007 184.04412078857425 188.76956939697268 83.542760797467778 247.50000000000003 263.50000000000006 52.526247973239556 248.50000000000003 0.30975498500000004 666.10666143894207 0.75663212000000013
decision_type=2 2 2 2 2 2 2 2 2 2 2 2 2 2 2 2 2 2 2 2 2 2 2 2 2 2 2 2 2 2
left_child=-1 2 4 10 5 -2 9 17 -9 -6 13 12 -12 15 22 -4 21 -8 -11 -20 -21 -3 25 -24 -25 27 -27 -15 -29 -30
right_child=1 16 3 -5 6 -7 7 8 -10 18 11 -13 -14 14 -16 -17 -18 -19 19 20 -22 -23 23 24 -26 26 -28 28 29 -31
leaf_value=-0.042494312995002094 0.0014330751876509285 0.013476545186696299 -0.014558440975819193 0.0070980525451669416 -0.030066097631488143 0.032179670044413571 0.021466150081839303 0.086352293182677148 0.0087236914274665366 -0.050838876723769057 0.14235225788693898 -0.0059294461804544731 0.033140448996623051 -0.026924163418085068 -0.01769685302679189 -0.0047187834446981462 0.028314307402521218 -0.021097048369833483 -0.010261985744524532 0.005143474998996405 0.069496098605786857 0.0030039262807770046 -0.0056172275312357904 0.078835000026941535 -0.027172819286845673 0.025245268835789814 -0.02321469594932743 0.0085727935846140659 0.10800311792683547 0.015862326626800989
leaf_weight=456.27278689621016 42852.213446888141 2491.1274305768311 5328.1272825766355 2753.4347206223756 639.01426773145795 377.36596901062876 170.55191026069224 98.986249830573797 527.84115558862686 112.00730162672698 25.749759454280138 698.67723629996181 331.78883400000632 271.70022393669933 1316.6718687750399 12162.406165402383 478.72301935404539 459.43036430887878 2044.4197427686304 412.96286330185831 63.434465497732162 8341.4251944236457 121.08603201061487 133.77367483172566 34.149404816329479 356.98737022001296 812.69109168928117 2859.0292351115495 49.066485575400293 90.053734515793622
leaf_count=54397 319815 14894 98600 23504 7936 4697 2099 573 5035 2316 150 5568 2768 3299 18641 99859 2449 6052 23856 4211 557 49562 1673 1225 358 4278 10948 31683 1113 2004
internal_value=-0.000122826 0.000101386 -0.000845048 -0.00383597 0.000867541 0.00170221 -0.00709867 0.00573722 0.0211005 -0.0120296 -0.00506044 0.0101095 0.0413809 -0.00574162 -2.62784e-05 -0.00771689 0.00638495 -0.00955837 -0.00764215 -0.00570339 0.0138399 0.0054133 0.00489683 0.0309783 0.0572437 0.00319236 -0.00841572 0.00734607 0.0104597 0.0488984
internal_weight=86871.2 86414.9 75103.6 27345.4 47758.2 43229.6 4528.65 1256.81 626.827 3271.84 24592 1056.22 357.539 23535.7 6045.21 17490.5 11311.3 629.982 2632.82 2520.82 476.397 10832.6 4728.54 289.009 167.923 4439.53 1169.68 3269.85 2998.15 139.12
internal_count=804120 749723 682818 305671 377147 324512 52635 13759 5608 38876 282167 8486 2918 273681 75222 198459 66905 8151 30940 28624 4768 64456 56581 3256 1583 53325 15226 38099 34800 3117
is_linear=0
shrinkage=0.05


Tree=69
num_leaves=31
num_cat=0
split_feature=17 20 0 12 5 11 18 21 21 23 12 12 11 12 11 20 23 5 12 11 12 23 11 23 23 21 21 11 25 11
split_gain=311.403 223.308 184.846 151.104 117.307 150.285 107.524 110.549 94.2214 149.651 126.142 135.108 151.278 91.7527 93.3186 89.4665 151.448 93.5023 88.7919 114.962 85.7798 112.58 118.694 80.0075 79.6967 117.279 115.795 99.9168 91.7405 83.171
threshold=160.11765289306643 73.476669311523452 0.95438385009765636 4.4256965944272446 2.5000000000000004 9.5080668581966847 182.33635711669925 1.3326296000000002 -1.2828898499999999 2.4967763500000006 7.7910216718266261 2.0386996904024772 62.51571629758083 8.4334365325077432 21.823152354246602 66.262786865234389 0.93623566500000011 20.500000000000004 5.5773993808049545 34.475699628861889 4.1563467492260076 0.50913557500000006 15.502362214384931 0.089801419500000021 2.0540985000000007 -1.4417803499999997 -1.0846349999999998 21.205184842975978 27.14229094386101 8.531781322423706
decision_type=2 2 2 2 2 2 2 2 2 2 2 2 2 2 2 2 2 2 2 2 2 2 2 2 2 2 2 2 2 2
left_child=1 -1 4 -3 24 -6 7 15 10 23 11 12 -7 14 -12 17 20 -4 -18 -20 -17 -22 -23 -10 25 28 -26 29 -2 -27
right_child=2 3 6 -5 5 8 -8 -9 9 -11 13 -13 -14 -15 -16 16 18 -19 19 -21 21 22 -24 -25 26 27 -28 -29 -30 -31
leaf_value=-0.046583466852799335 0.025518030599216375 -0.028233453632857442 -0.0070106406573267575 0.0083045789193005558 -0.017623113251658658 0.038134584936567822 0.0028250757208569217 0.0063012658452596161 0.036266310946103622 0.027316965577023247 0.084805599080997496 -0.017360329162975665 -0.040259816338662623 -0.00041491401398417591 0.013447710852948814 0.0025165998826558577 -0.01336305360934012 -0.030939511882764982 -0.0013761553526166967 0.062288212245940368 -0.0038954286542851133 -0.011747576476948287 0.048315695687445266 0.0014685764032500027 -0.021646276284027752 0.007641648883459755 0.013075932740911312 0.0079398523069898821 -0.015273503038940506 -0.008382056739475674
leaf_weight=565.99553821561858 1202.2517451737076 514.53892454039305 13568.001830615103 626.46357118431479 1070.7139994055033 234.85614594165236 6646.6526500117034 2140.9272640608251 164.93176646996289 574.62724976893514 74.979479984380305 2003.3451206963509 82.356280824169517 395.31014384608716 116.58919672761112 1777.549035298638 1987.9716436564922 420.01676161773503 351.95938435290009 87.785982640460134 266.28092813584954 102.6386504881084 406.26695238146931 36774.077126173303 598.39449054375291 1344.3374377656728 399.72379234433174 10010.828522212803 155.00064838863909 2033.5121784638613
leaf_count=61781 7161 22081 141370 12777 14851 2296 47683 17083 1107 3250 569 20197 953 3921 785 19828 27975 14751 4184 649 2864 1323 3408 283096 4528 10481 2322 53405 1160 15283
internal_value=0.00020298 -0.0209352 0.000627765 -0.00818266 0.00225155 0.000857133 -0.00272061 -0.00446681 0.00134708 0.00201919 -0.00732262 -0.0125596 0.0177189 0.0133707 0.0416724 -0.00568245 7.23613e-05 -0.00773131 -0.00886647 0.0114456 0.00857356 0.0224414 0.0362026 0.00162492 0.0059261 0.0068517 -0.00774165 0.00543102 0.0208517 -0.00200447
internal_weight=86698.9 1707 84991.9 1141 57235.8 41491.8 27756.1 21109.4 40421.1 37513.6 2907.44 2320.56 317.212 586.879 191.569 18968.5 4980.45 13988 2427.72 439.745 2552.74 775.187 508.906 36939 15744 14745.9 998.118 13388.7 1357.25 3377.85
internal_count=803122 96639 706483 34858 425365 331025 281118 233435 316174 287453 28721 23446 3249 5275 1354 216352 60231 156121 32808 4833 27423 7595 4731 284203 94340 87490 6850 79169 8321 25764
is_linear=0
shrinkage=0.05


Tree=70
num_leaves=31
num_cat=0
split_feature=16 19 18 0 20 19 12 11 20 20 11 25 12 12 17 12 6 17 20 5 20 11 23 1 11 12 20 23 18 23
split_gain=295.738 174.937 260.91 119.51 106.552 197.155 164.74 107.862 200.891 105.821 103.61 113.333 101.027 93.1364 81.6655 153.604 165.992 94.5332 86.6518 82.0022 80.7542 86.5182 80.5089 77.8759 74.4885 173.786 82.8469 72.1042 70.7279 70.4743
threshold=0.16176471114158633 0.63235294818878185 190.41741943359378 1.0037087798118594 62.970138549804695 0.22058823704719546 1.9086687306501551 108.20369620633893 14.409004211425783 71.476669311523452 72.135857951599576 25.979200281202797 0.41950464396284837 12.38699690402477 177.64930725097659 4.3544891640866874 19.500000000000004 177.58816528320315 98.522285461425795 1.5000000000000002 5.3230590820312509 54.128781830597873 0.50051710000000005 22.074687719345096 33.014739663412236 5.8823529411764719 94.857505798339858 0.90576759000000007 171.49331665039065 1.1894188000000001
decision_type=2 2 2 2 2 2 2 2 2 2 2 2 2 2 2 2 2 2 2 2 2 2 2 2 2 2 2 2 2 2
left_child=-1 2 3 13 5 7 10 -5 -9 -3 23 22 -7 14 15 16 17 -2 -17 28 21 -14 -12 -6 26 -26 27 -8 -16 -22
right_child=1 9 -4 4 6 12 24 8 -10 -11 11 -13 20 -15 19 18 -18 -19 -20 -21 29 -23 -24 -25 25 -27 -28 -29 -30 -31
leaf_value=-0.041819195373789017 -0.0062575325207362385 0.0047277991013378699 0.017481164453605588 -0.033717572379482801 -0.0058785477144144196 0.018102974148786814 0.01538603494646865 0.18989219771015645 -0.018417374265888697 -0.0054081055791829168 0.073153377443545539 -0.023723302647789071 -0.0060905228548123885 -0.025833356737139702 -0.011878006654325963 0.015099096494930631 0.07021958102829999 0.042448871742452376 -0.0080554062024270276 -0.0022502898208068395 -0.013061947566244254 0.008862969557646554 0.010697795034736036 -0.02777048488213912 0.00862762942259712 0.061572872092553466 -0.016631185712974041 -0.0058930877919676147 0.0069529601236117504 -0.0037907885255958201
leaf_weight=421.99393949983642 3072.8948117811233 22542.870926737785 1780.6895967982709 891.8488259431906 774.82816095091403 425.79221249185503 857.8044103635475 14.627922873944042 44.052354559767991 2906.2751283831894 56.754217121750116 242.05248077120632 2869.845433704555 351.78163462597877 562.22589443996549 3104.5213203108869 74.737209161743522 101.96792461164296 463.85674692876637 25776.167590565979 5227.1769892079756 1457.8568216059357 489.98527922295034 854.51020721765235 1919.9700929261744 167.66199299599975 572.08506240602583 741.33962550573051 4352.2238122262061 3373.4456601990387
leaf_count=54407 43489 135399 9921 35575 11128 3395 9313 280 1408 28016 430 5093 23617 4471 4460 33723 573 697 7322 198475 54425 9519 5372 14346 27763 1689 9205 10198 24403 34383
internal_value=-0.000113808 9.11494e-05 -0.00136934 -0.00194009 -0.00496691 -0.00740112 0.000248421 -0.0293915 0.0358221 0.00357012 -0.010172 0.00469917 -0.00583379 -0.000262584 -2.20808e-05 0.00492743 -0.00293665 -0.00468034 0.0120878 -0.00112175 -0.00662348 -0.00105231 0.0173027 -0.0173698 0.00616599 0.0129072 -0.000318641 0.00552383 0.00479667 -0.00942636
internal_weight=86493.8 86071.9 60622.7 58842 20981.6 14304.6 6676.99 950.529 58.6803 25449.1 2418.13 788.792 13354.1 37860.4 37508.6 6817.98 3249.6 3174.86 3568.38 30690.6 12928.3 4327.7 546.739 1629.34 4258.86 2087.63 2171.23 1599.14 4914.45 8600.62
internal_count=802495 748088 584673 574752 257139 162602 94537 37263 1688 163415 36369 10895 125339 317613 313142 85804 44759 44186 41045 227338 121944 33136 5802 25474 58168 29452 28716 19511 28863 88808
is_linear=0
shrinkage=0.05


Tree=71
num_leaves=31
num_cat=0
split_feature=17 20 17 19 1 24 14 14 11 11 7 14 11 14 24 24 24 18 17 1 20 19 14 17 14 11 25 14 14 3
split_gain=274.27 233.879 173.858 118.067 107.848 135.074 141.46 163.323 223.392 133.524 148.101 125.052 193.191 191.971 168.33 126.022 118.028 115.508 114.042 106.715 103.257 98.9863 103.512 98.1773 97.8512 105.93 129.17 95.257 134.95 100.562
threshold=160.11765289306643 80.784561157226577 211.72380828857425 0.63235294818878185 1.6648260205984118 2.5000000000000004 235.50000000000003 178.50000000000003 54.128781830597873 111.65133048040369 1.0000000180025095e-35 165.50000000000003 105.05147439454778 174.50000000000003 4.5000000000000009 7.5000000000000009 7.5000000000000009 170.55882263183597 177.64930725097659 35.721507787704475 70.059715270996108 0.51470589637756359 255.50000000000003 189.94999694824222 196.50000000000003 75.951033719080073 21.276421880722051 172.50000000000003 258.50000000000006 0.22638119012117389
decision_type=2 2 2 2 2 8 2 2 2 2 2 2 2 2 10 10 8 2 2 2 2 2 2 2 2 2 2 2 2 2
left_child=1 -1 3 4 18 9 7 8 17 21 -11 14 15 -14 -10 -13 -9 -7 27 23 -5 -6 -23 -8 25 -18 -27 -2 29 -29
right_child=2 -3 -4 20 5 6 19 16 11 10 -12 12 13 -15 -16 -17 24 -19 -20 -21 -22 22 -24 -25 -26 26 -28 28 -30 -31
leaf_value=-0.045071686010774256 -0.0064031164965904497 -0.0059990323781484167 0.012042113990874495 0.0043079449898567454 -0.020915907976071683 -0.017775896950630678 0.0096457407260179609 -0.0016703264785620769 0.011245565331417016 -0.0081203189249945511 0.23627621366106208 0.0067246220943564909 0.098072661412608036 0.0071128433383698163 -0.042210854881594491 0.046552561677747427 -0.027754319521498885 0.00058640791539818829 -0.00012517428761786949 -0.0091121228190220484 -0.0056469716235436626 -0.0025522429957413263 -0.047426572045770846 -0.0019405142689372008 -0.0079477780358869921 -0.036509043021663794 0.01275225573874336 0.063331183178428715 -0.0071483864464241464 0.016181450990069214
leaf_weight=595.87359831295907 781.76159133668989 1069.8117487472482 3133.4443538561463 20458.739539060742 1812.8592647234909 1187.8041100222617 5115.2300602355972 5373.438900525216 711.56668382510543 13.395173979923129 10.436735531315207 902.99472378566861 154.57265631388873 92.75867151748389 184.62941926158965 253.78775231912732 1482.5751686082222 3063.1517727784812 21101.381526172161 1479.9196267630905 2984.0078305453062 2137.6905750706792 135.7408119160682 2844.6763908155262 5865.913395350799 194.5884791854769 415.37816457590088 117.9976688362658 649.35470357723534 2340.0086359390989
leaf_count=67689 8875 29416 17373 123314 45459 16010 50561 42936 4663 234 270 6303 723 517 1229 1572 16915 19215 149425 16562 28459 27089 3070 23267 63390 1764 4101 806 8025 24702
internal_value=9.1708e-05 -0.0199953 0.000485571 4.31016e-05 -0.00115969 -0.00301695 -0.00182691 -0.00421973 0.00224453 -0.0115046 0.104113 0.0147924 0.0241008 0.0641253 0.000197993 0.0154952 -0.00739619 -0.00454737 0.00132503 0.00321301 0.00304061 -0.0122042 -0.00525125 0.00550537 -0.0112615 -0.0205425 -0.00299687 0.0091915 0.0131157 0.0184697
internal_weight=86665.5 1665.69 84999.8 81866.4 58423.6 33433.1 29323 19883.2 6551.27 4110.12 23.8319 2300.31 1404.11 247.331 896.196 1156.78 13331.9 4250.96 24990.5 9439.83 23442.7 4086.29 2273.43 7959.91 7958.46 2092.54 609.967 3889.12 3107.36 2458.01
internal_count=803934 97105 706829 689456 537683 345850 269728 179338 50232 76122 504 15007 9115 1240 5892 7875 129106 35225 191833 90390 151773 75618 30159 73828 86170 22780 5865 42408 33533 25508
is_linear=0
shrinkage=0.05


Tree=72
num_leaves=31
num_cat=0
split_feature=16 22 11 14 17 15 21 21 22 23 23 14 11 9 22 14 11 23 14 14 9 11 16 23 14 14 14 11 11 9
split_gain=263.41 179.715 287.251 201.303 184.944 152.438 136.286 114.79 200.939 200.496 177.413 112.888 140.124 132.897 110.058 203.997 261.79 221.838 188.062 109.142 252.587 140.501 138.236 116.506 242.589 150.018 106.03 105.23 104.701 106.777
threshold=0.16176471114158633 -1.2068874999999999 78.93579828544253 163.50000000000003 184.48917388916018 2.4365237951278691 1.4441750000000002 -0.55150461499999992 0.16082139000000004 1.9378600000000001 1.7060800000000003 267.50000000000006 98.898445862815393 24.500000000000004 0.87445149000000011 208.50000000000003 22.476063048126807 1.0410833000000002 198.50000000000003 227.50000000000003 35.500000000000007 14.532123391300257 0.51470589637756359 1.6599746000000002 207.50000000000003 223.50000000000003 221.50000000000003 1.997763432919887 90.762973746602029 23.500000000000004
decision_type=2 2 2 2 2 2 2 2 2 2 2 2 2 2 2 2 2 2 2 2 2 2 2 2 2 2 2 2 2 2
left_child=-1 2 3 4 -2 -3 -5 8 26 10 14 12 -12 -13 15 -10 17 -17 -16 22 21 -21 -9 27 -25 -26 -7 -24 29 -23
right_child=1 5 -4 6 -6 7 -8 19 9 -11 11 13 -14 -15 18 16 -18 -19 -20 20 -22 28 23 24 25 -27 -28 -29 -30 -31
leaf_value=-0.041059040533032234 -0.024688277755421983 0.0035739752061786042 0.030527727347814934 -0.019329224949826002 0.015358355063310179 -0.0057915454902556012 0.043879472127224844 -0.018695116647078406 0.015508062896747549 -0.018035488781754063 0.011749304509989195 0.021074248270405715 0.085807579368347972 0.12254732134323423 -0.0050593611664050547 0.044868720396427947 -0.023599285569833036 -0.011329863849053722 0.041180680619912605 -0.017231624945092189 0.015460802827001375 0.0041780127250430231 0.045519157832887791 0.022164623570510623 -0.041325922622319655 0.012926998651036435 -0.018530037118375978 -0.002657006194283584 -0.020994219457327455 -0.010719710240165799
leaf_weight=389.08483720105141 399.08738084184006 29650.256233565509 433.6386568620801 3671.5126327769831 1030.9984617307782 4055.0800424492918 86.389101004693657 1177.6055299602449 1026.0636592637748 1067.5171554530971 684.20854945061728 68.885054824873805 69.514108583796769 60.551271237432957 458.62667164904997 312.03382738353685 1465.474467465654 399.2592100771144 421.07516108173877 1048.5445950524881 3439.9497201051563 11545.638481333852 113.11092412658036 1331.4978085830808 296.61359934508801 222.15519335493445 2736.1257993048057 17002.594902400859 485.87779708346352 1341.655984358862
leaf_count=54364 6233 186819 3672 53969 6534 54655 543 33164 7604 9923 5266 560 336 397 3379 3065 12607 3741 3030 14746 22508 117004 887 7166 1817 1169 44712 128116 4160 10777
internal_value=-6.46238e-05 0.000121101 -0.00852117 -0.0117903 0.00417329 0.000724873 -0.0178649 -0.000937119 -0.00502734 0.00161286 0.00583962 0.0261458 0.0186842 0.0691197 0.00144152 -0.00286202 -0.0115243 0.013352 0.0170954 0.000443171 0.00328853 0.000384265 -0.0020799 -0.00104732 0.0108682 -0.0181127 -0.0109258 -0.00233599 0.00176665 0.00262635
internal_weight=86490.6 86101.5 5621.63 5187.99 1430.09 80479.9 3757.9 50829.7 12824.4 6033.21 4965.69 883.159 753.723 129.436 4082.53 3202.83 2176.77 711.293 879.702 38005.2 17861.7 14421.7 20143.6 18966 1850.27 518.769 6791.21 17115.7 13373.2 12887.3
internal_count=802923 748559 70951 67279 12767 677608 54512 490789 149275 49908 39985 6559 5602 957 33426 27017 19413 6806 6409 341514 169195 146687 172319 139155 10152 2986 99367 129003 131941 127781
is_linear=0
shrinkage=0.05


Tree=73
num_leaves=31
num_cat=0
split_feature=16 20 21 23 16 21 14 23 19 23 6 14 14 21 13 14 23 23 14 23 14 14 14 1 13 23 14 14 14 23
split_gain=267.234 137.467 150.68 135.155 110.358 100.789 99.2228 142.018 125.386 99.3055 110.443 108.773 138.99 98.7599 95.9568 228.794 212.102 189.101 186.21 160.238 185.803 132.679 186.043 114.278 111.542 90.2286 87.688 143.371 92.8609 194.63
threshold=0.1911764740943909 -17.53835296630859 -1.6487905499999997 2.4967763500000006 0.69117647409439098 0.51909596000000013 232.50000000000003 0.90867179500000017 0.22058823704719546 1.2767918500000002 17.500000000000004 175.50000000000003 197.50000000000003 0.50852495500000006 -57.573885239995199 199.50000000000003 1.3495941000000002 0.84993806500000002 207.50000000000003 0.77340608500000008 252.50000000000003 232.50000000000003 267.50000000000006 1.3090061545372011 -42.614684594005062 2.1248558500000003 258.50000000000006 271.50000000000006 232.50000000000003 0.54848385000000011
decision_type=2 2 2 2 2 2 2 2 2 2 2 2 2 2 2 2 2 2 2 2 2 2 2 2 2 2 2 2 2 2
left_child=-1 -2 25 4 6 13 8 -8 -4 10 11 -10 -13 26 15 16 23 18 -16 20 24 -21 -23 -7 -20 -3 28 -28 -6 -30
right_child=1 2 3 -5 5 14 7 -9 9 -11 -12 12 -14 -15 17 -17 -18 -19 19 21 -22 22 -24 -25 -26 -27 27 -29 29 -31
leaf_value=-0.03778313854081683 0.0064465755551019162 -0.0054568117762467143 -0.020577682358642293 0.018294972115602288 -0.0011418972682639831 0.02080313132144912 0.0067164235245303974 -0.0050227865642844399 0.0048211143146544505 0.0023041571646340484 0.022557673346527914 -0.026875451901453615 -0.0078985608786115071 -0.03321278881332939 -0.0023107491259436561 -0.0097220319206787961 0.037208844259422745 0.0034708500946210846 -0.0010443163392266095 0.08652392129292015 -0.019383062815628103 0.014197142706479361 0.093164171858494418 -0.016737996416737195 0.043585800928884366 -0.024184508275596039 -0.013954851965885265 0.030040234368018101 0.01931567174942948 0.0001537743499365162
leaf_weight=466.91052436036989 7774.8809848837554 1921.3143244837411 1395.1865425747819 985.09470153786242 25663.555989889428 335.76070689409971 4644.0332675492391 5783.9540990302339 1092.34335382469 3439.4986169012263 279.12731341645122 1274.8402230348438 3965.1599294040352 230.56589310243726 670.16639759205282 3186.736614972353 592.5145899541676 11114.313684215769 198.54390326887369 174.23344296216965 258.75212041288614 297.10100827738643 98.807013977319002 508.29371825233102 473.39413277432323 966.41541751800105 2049.874760966748 202.62142698280513 1839.4329484961927 4733.3477994166315
leaf_count=62586 42178 18926 49082 6357 188765 1588 52495 73325 10166 34178 1863 16701 43647 1710 3891 16007 2615 69837 1078 1078 2343 1874 598 2762 2956 13588 24583 2180 13025 42810
internal_value=-9.90334e-05 0.000105641 -0.00052346 -9.45916e-05 -0.000337987 0.000902655 -0.00332281 0.000205334 -0.00653686 -0.00458598 -0.00817026 -0.00952808 -0.0125197 -0.000668853 0.0039492 -0.00225464 0.0143055 0.00610816 0.0196019 0.0293816 0.0165652 0.0502371 0.0340901 -0.00179737 0.0304166 -0.0117305 -0.000450332 -0.00998574 0.000216238 0.00551847
internal_weight=86616.8 86149.9 78375 75487.3 74502.2 52628 21874.1 10428 11446.2 10051 6611.47 6332.34 5240 34719.4 17908.6 4623.31 1436.57 13285.3 2171 1500.83 930.69 570.141 395.908 844.054 671.938 2887.73 34488.8 2252.5 32236.3 6572.78
internal_count=804792 742206 700028 667514 661157 379700 281457 125820 155637 106555 72377 70514 60348 273073 106627 22972 6965 83655 13818 9927 6377 3550 2472 4350 4034 32514 271363 26763 244600 55835
is_linear=0
shrinkage=0.05


Tree=74
num_leaves=31
num_cat=0
split_feature=16 21 11 11 12 20 12 21 14 14 14 12 4 21 21 11 11 12 14 14 18 14 25 14 20 21 12 11 21 11
split_gain=240.225 145.332 195.963 174.581 206.685 160.725 187.332 200.33 217.255 199.612 224.736 195.246 177.534 150.738 144.477 143.306 142.096 181.908 176.53 138.292 153.487 134.611 132.353 264.835 181.658 171.292 127.248 123.198 135.882 118.069
threshold=0.16176471114158633 0.27051234000000007 111.65133048040369 20.325362273898474 8.6702786377709007 -10.190521240234373 4.3544891640866874 -0.13247221999999995 272.50000000000006 265.50000000000006 233.50000000000003 4.4582043343653259 99.503752443939462 1.0523938500000003 0.36153364000000004 119.69848180428473 46.940019882973239 2.0820433436532513 240.50000000000003 206.50000000000003 174.87967681884768 220.50000000000003 23.060576504468923 257.50000000000006 80.784561157226577 -1.3945062499999998 1.6160990712074306 25.058431991205868 -0.64021539499999991 66.991382313517434
decision_type=2 2 2 2 2 2 2 2 2 2 2 2 2 2 2 2 2 2 2 2 2 2 2 2 2 2 2 2 2 2
left_child=-1 2 5 13 -5 -2 7 -7 9 10 -9 27 16 -3 -6 21 -12 -18 -19 20 -16 -4 23 -13 -24 -26 -17 -8 -29 -14
right_child=1 3 15 4 14 6 11 8 -10 -11 12 22 29 -15 19 26 17 18 -20 -21 -22 -23 24 -25 25 -27 -28 28 -30 -31
leaf_value=-0.040690836599945261 0.0040078047419173767 -0.015860857589789164 0.065829559121695552 0.0029912888933233258 -0.032632330148200835 -0.010656531407574802 0.074021204039826552 -0.0061320057933975484 0.068084142838166481 -0.039192201413981158 0.0086176352295519714 0.0059470601336476213 -0.011734889357517627 0.0081562219684482001 -0.017724178095338404 0.050827657562766498 0.015722138129919568 0.10109647121450822 0.02027813251958939 0.0636662877350785 0.042019062367449046 -0.0099530896505526639 -0.0069978732695291203 -0.02736596533506739 -0.043172885517655933 0.017841970475905269 -0.017235755350110845 -0.033163373801864036 0.028504865794837922 0.02446408417981296
leaf_weight=360.07236499385908 9141.4340750277042 2201.3172999946401 255.88179251551628 32835.634457737207 85.525921261869371 12425.568959259894 111.34344823937863 3725.6539127416909 115.13169296644628 322.17960678599775 459.48966611176729 8297.21502507478 702.61010455340147 928.12327839108184 175.98203734587878 95.123676634393632 262.67622015066445 192.94365341588855 104.61241666600108 275.06010190118104 273.49132395163178 75.603434210177511 9823.3018106175587 641.83553304336965 125.57361593376845 1264.9879234842956 239.44039424555376 109.57961547980085 465.74458110006526 330.33532236609608
leaf_count=54358 54593 22537 1465 234688 491 164724 1127 33509 942 4223 3783 70057 10192 8803 1341 701 2257 1106 733 1420 1269 685 91036 8224 2353 16077 1903 1461 4363 3494
internal_value=7.17658e-06 0.00017792 -0.00159686 0.00255656 0.00360728 -0.00196609 -0.00334936 -0.0069908 0.000337852 -0.000951639 0.00118694 -9.18776e-05 0.0144676 -0.00873759 0.0285419 0.0253198 0.0292563 0.0461381 0.0728461 0.0357981 0.0186404 0.0485675 -0.000985807 0.00355235 -0.00460336 0.012305 0.00220992 0.0261072 0.016722 -0.000146015
internal_weight=86423.5 86063.4 49288.3 36775.1 33645.7 48622.2 39480.8 18641.2 6215.63 6100.5 5778.32 20839.6 2052.67 3129.44 810.059 666.049 1019.72 560.232 297.556 724.533 449.473 331.485 20152.9 8939.05 11213.9 1390.56 334.564 686.668 575.324 1032.95
internal_count=803915 749557 479008 270549 239209 474254 419661 224963 60239 59297 55074 194698 21565 31340 4521 4754 7879 4096 1839 4030 2610 2150 187747 78281 109466 18430 2604 6951 5824 13686
is_linear=0
shrinkage=0.05


end of trees

feature_importances:
doy=386
reg_rain_7d=285
rmm2=212
reg_dry=200
rmm1=140
mjo_amp=131
onset_doy_anom=115
mjo_phase=93
wet_days_30d=92
clim_dryday_doy=74
clim_onset_doy=73
clim_false_rate=73
rain_7d_vs_region=72
clim_first_cand_doy=68
days_since_wet_spell=57
rain_30d=42
rain_14d=25
onset_threshold_mm=25
clim_rain_doy=20
rain_1d=16
rain_7d=15
rain_3d=11
days_since_rain=11
spell_deficit=7
wet_spell_seen=6
wet_spell_today=1

parameters:
[boosting: gbdt]
[objective: binary]
[metric: binary_logloss]
[tree_learner: serial]
[device_type: cpu]
[data_sample_strategy: bagging]
[data: ]
[valid: ]
[num_iterations: 75]
[learning_rate: 0.05]
[num_leaves: 31]
[num_threads: 10]
[seed: 0]
[deterministic: 0]
[force_col_wise: 0]
[force_row_wise: 0]
[histogram_pool_size: -1]
[max_depth: -1]
[min_data_in_leaf: 200]
[min_sum_hessian_in_leaf: 0.001]
[bagging_fraction: 0.6]
[pos_bagging_fraction: 1]
[neg_bagging_fraction: 1]
[bagging_freq: 1]
[bagging_seed: 3]
[bagging_by_query: 0]
[feature_fraction: 0.6]
[feature_fraction_bynode: 1]
[feature_fraction_seed: 2]
[extra_trees: 0]
[extra_seed: 6]
[early_stopping_round: 0]
[early_stopping_min_delta: 0]
[first_metric_only: 0]
[max_delta_step: 0]
[lambda_l1: 0]
[lambda_l2: 1]
[linear_lambda: 0]
[min_gain_to_split: 0]
[drop_rate: 0.1]
[max_drop: 50]
[skip_drop: 0.5]
[xgboost_dart_mode: 0]
[uniform_drop: 0]
[drop_seed: 4]
[top_rate: 0.2]
[other_rate: 0.1]
[min_data_per_group: 100]
[max_cat_threshold: 32]
[cat_l2: 10]
[cat_smooth: 10]
[max_cat_to_onehot: 4]
[top_k: 20]
[monotone_constraints: ]
[monotone_constraints_method: basic]
[monotone_penalty: 0]
[feature_contri: ]
[forcedsplits_filename: ]
[refit_decay_rate: 0.9]
[cegb_tradeoff: 1]
[cegb_penalty_split: 0]
[cegb_penalty_feature_lazy: ]
[cegb_penalty_feature_coupled: ]
[path_smooth: 0]
[interaction_constraints: ]
[verbosity: -1]
[saved_feature_importance_type: 0]
[use_quantized_grad: 0]
[num_grad_quant_bins: 4]
[quant_train_renew_leaf: 0]
[stochastic_rounding: 1]
[linear_tree: 0]
[max_bin: 255]
[max_bin_by_feature: ]
[min_data_in_bin: 3]
[bin_construct_sample_cnt: 200000]
[data_random_seed: 1]
[is_enable_sparse: 1]
[enable_bundle: 1]
[use_missing: 1]
[zero_as_missing: 0]
[feature_pre_filter: 1]
[pre_partition: 0]
[two_round: 0]
[header: 0]
[label_column: ]
[weight_column: ]
[group_column: ]
[ignore_column: ]
[categorical_feature: ]
[forcedbins_filename: ]
[precise_float_parser: 0]
[parser_config_file: ]
[objective_seed: 5]
[num_class: 1]
[is_unbalance: 0]
[scale_pos_weight: 1]
[sigmoid: 1]
[boost_from_average: 1]
[reg_sqrt: 0]
[alpha: 0.9]
[fair_c: 1]
[poisson_max_delta_step: 0.7]
[tweedie_variance_power: 1.5]
[lambdarank_truncation_level: 30]
[lambdarank_norm: 1]
[label_gain: ]
[lambdarank_position_bias_regularization: 0]
[eval_at: ]
[multi_error_top_k: 1]
[auc_mu_weights: ]
[num_machines: 1]
[local_listen_port: 12400]
[time_out: 120]
[machine_list_filename: ]
[machines: ]
[gpu_platform_id: -1]
[gpu_device_id: -1]
[gpu_device_id_list: ]
[gpu_use_dp: 0]
[num_gpu: 1]

end of parameters

pandas_categorical:[]
