tree
version=v4
num_class=1
num_tree_per_iteration=1
label_index=0
max_feature_idx=25
objective=binary sigmoid:1
feature_names=rain_1d rain_3d rain_7d rain_14d rain_30d wet_days_30d days_since_rain wet_spell_today wet_spell_seen days_since_wet_spell spell_deficit reg_rain_7d reg_dry rain_7d_vs_region doy clim_rain_doy clim_dryday_doy clim_onset_doy clim_first_cand_doy clim_false_rate onset_doy_anom rmm1 rmm2 mjo_amp mjo_phase onset_threshold_mm
feature_infos=[0:346.57876586914062] [0:964.80462646484375] [0:1936.1752166748047] [0:3242.0305023193359] [0:5169.823317527771] [0:30] [0:90] [0:1] [0:1] [0:99] [-40:1526.9935302734375] [0:206.38006867099287] [0.049535603715170282:16.606811145510836] [-206.38006867099287:1790.3473903487895] [152:274] [0.039228077977895737:78.65045166015625] [0:1] [153.82353210449219:228] [153.82353210449219:203.72727966308594] [0:0.82352942228317261] [-51.727279663085938:120.17646789550781] [-2.7230477:2.6857595000000001] [-2.8039255000000001:4.0264211000000003] [0.026713300499999999:4.2046590000000004] [1:8] [20:40]
tree_sizes=3382 3425 3429 3476 3464 3466 3480 3482 3479 3481 3488 3507 3514 3512 3510 3506 3527 3510 3513 3526 3529 3523 3510 3532 3518 3512 3501 3521 3547 3522 3532 3525 3514 3540 3519 3547 3514 3493 3512 3516 3547 3503 3526 3552 3543 3510 3533 3523 3535 3539 3535 3539 3546 3561 3538 3525 3514 3533 3546 3532 3539 3543 3513 3571 3540 3528 3552 3547 3527 3532 3545 3545 3548 3572 3517 3552 3541 3519 3529 3524 3528 3540 3521 3504 3525 3540 3530 3526 3548 3515 3521 3533 3531 3534 3531 3529 3536 3522 3513 3541 3493 3537 3533 3535 3526 3549 3522

Tree=0
num_leaves=31
num_cat=0
split_feature=15 0 15 15 0 0 21 15 13 21 0 17 17 21 21 5 11 5 1 17 13 21 1 22 5 1 21 15 4 5
split_gain=188571 28129.7 10251 5450.17 4896.37 4396.89 2392.54 1626.95 1552.55 1203.37 1116.79 1018.23 770.387 751.475 624.251 607.438 595.71 594.039 651.396 593.618 585.644 541.026 516.684 486.906 541.223 457.259 430.507 419.427 400.267 393.607
threshold=19.744426727294925 32.051063537597663 10.599842071533205 28.357535362243656 23.203928947448734 71.708236694335952 -0.70725798499999992 31.400850296020511 30.27590831745151 1.0000000180025095e-35 46.792161941528327 156.6470642089844 156.6470642089844 0.47868277500000006 -0.024982789499999995 9.5000000000000018 22.476063048126807 28.500000000000004 15.719405412673952 157.279411315918 169.38584068506358 0.38595135500000005 27.307104259729389 -0.033103309549999994 27.500000000000004 25.457864448428158 -0.32651200499999994 3.9853844642639165 888.27895709872257 6.5000000000000009
decision_type=2 2 2 2 2 2 2 2 2 2 2 2 2 2 2 2 2 2 2 2 2 2 2 2 2 2 2 2 2 2
left_child=2 3 8 9 13 7 12 26 19 15 -6 23 17 25 -13 -2 -11 18 -5 -1 -10 -9 -17 24 -8 -4 -3 -21 -25 -27
right_child=1 5 4 6 10 -7 11 21 20 16 -12 14 -14 -15 -16 22 -18 -19 -20 27 -22 -23 -24 28 -26 29 -28 -29 -30 -31
leaf_value=-2.6509068339716291 -2.4648508774590874 -2.4320109690752849 -2.6952096364485256 -2.5620481743617298 -2.535052798503703 -2.075382252976171 -2.218623854621617 -2.2444037401409309 -2.6928366610296055 -2.6700262253045643 -2.3766211597358771 -2.5193797014991044 -2.5893756977097455 -2.6040062609109751 -2.3701830481387587 -2.6708694446391275 -2.4635358479422691 -2.5482570449030679 -2.3579795662660548 -2.7325524671682277 -2.5629265387441955 -2.1416307300738788 -2.5728718236804422 -2.444077303778061 -2.3510667935924623 -2.4776959225606774 -2.3059862750317048 -2.7217479004971552 -2.3204101312116308 -2.6483243697854393
leaf_weight=246.80571636557579 72.446347519755363 108.22305652499199 938.34985698759556 52.801898315548897 332.94364969432354 534.15043245255947 185.49122339487076 428.4275785535574 2542.8846565335989 39.288898408412933 169.71613539755344 130.07006518542767 149.71451438963413 506.469617664814 163.8228006362915 252.28235068917274 329.07428848743439 111.79477456212044 172.09728075563908 24453.886598467827 88.816721856594086 229.6019411534071 288.23764559626579 122.98615774512291 161.14401210844517 35.717180371284485 241.15049614012241 14227.462571829557 171.02576534450054 441.10717758536339
leaf_count=4146 1217 1818 15763 887 5593 8973 3116 7197 42717 660 2851 2185 2515 8508 2752 4238 5528 1878 2891 410792 1492 3857 4842 2066 2707 600 4051 239002 2873 7410
internal_value=-2.69004 -2.35888 -2.71974 -2.466 -2.61982 -2.1922 -2.40341 -2.25468 -2.72557 -2.55683 -2.48104 -2.35649 -2.49405 -2.65621 -2.43541 -2.6 -2.48545 -2.45208 -2.40511 -2.72809 -2.68841 -2.20777 -2.61849 -2.32074 -2.27904 -2.67494 -2.34418 -2.72858 -2.37113 -2.63513
internal_weight=47928 3943.83 43984.2 2402.28 2424.3 1541.55 1420.95 1007.4 41559.9 981.33 502.66 934.54 486.408 1921.64 293.893 612.966 368.363 336.694 224.899 38928.2 2631.7 658.03 540.52 640.647 346.635 1415.17 349.374 38681.3 294.012 476.824
internal_count=805125 66251 738874 40355 40725 25896 23870 16923 698149 16485 8444 15699 8171 32281 4937 10297 6188 5656 3778 653940 44209 11054 9080 10762 5823 23773 5869 649794 4939 8010
is_linear=0
shrinkage=1


Tree=1
num_leaves=31
num_cat=0
split_feature=16 1 25 1 2 5 25 1 16 1 5 16 1 11 23 1 23 18 16 5 11 1 1 12 1 18 25 12 23 19
split_gain=120679 10970 10586.8 2929.19 2338.88 2077.65 1998.95 1606.34 1006 953.295 886.555 868.941 820.633 800.361 627.359 607.121 501.839 495.64 495.37 466.46 435.323 433.772 430.346 375.009 346.528 330.41 289.751 283.418 397.852 264.673
threshold=0.22058823704719546 67.66840505599977 35.145220872759829 61.776378810405738 136.92651963233951 7.5000000000000009 39.013249492645272 144.49953794479373 0.13235294446349147 27.307104259729389 9.5000000000000018 0.10294117778539659 11.098193421959879 52.327960417574225 1.5707905000000002 134.81660270690921 1.4551887000000001 155.69117736816409 0.42647059261798864 15.500000000000002 23.68438548846142 118.98304319381715 226.48409843444827 4.2925696594427256 21.318968534469608 158.16176605224612 26.694967439770704 5.6671826625387007 1.4620874500000001 0.30882354080677038
decision_type=2 2 2 2 2 2 2 2 2 2 2 2 2 2 2 2 2 2 2 2 2 2 2 2 2 2 2 2 2 2
left_child=1 6 4 5 9 12 24 11 17 26 14 -3 -4 -7 -5 27 25 -8 -11 -10 -21 -12 -9 -19 -1 -14 -2 -6 -29 -17
right_child=2 7 3 10 15 13 8 22 19 18 21 -13 16 -15 -16 29 -18 23 -20 20 -22 -23 -24 -25 -26 -27 -28 28 -30 -31
leaf_value=0.012395696749462299 -0.041339112945500703 0.27792600388482869 0.079926601866870298 0.3646612675994807 0.018588392698053232 -0.0048384529368761028 0.22558741145058378 0.2975791122582242 0.20078581524793906 0.037828487911324968 0.10382018145628819 0.19996905216511565 0.32718086476810404 0.092243435092993126 0.059636130795527799 0.19536196788954652 0.10601219724693561 0.19978894502580305 -0.020141935659797376 0.0017252489779876056 0.11570857772035603 0.20763577299906225 0.35438703144828709 0.12222458445572906 0.092076290503962405 0.12069927010232184 -0.029512465410678673 0.051239495063867539 0.32219958439678881 0.050240809666828028
leaf_weight=240.02445553615689 28510.301630944014 978.77570078521967 241.03571277111769 86.78121767193079 608.63382413983345 1089.129481267184 583.13794616982341 855.69139195233583 113.68520387262106 402.31322947144508 261.43000200390816 587.42945579811931 91.259107150137424 262.67620950564742 21.407129671424627 88.966979999095201 64.103844128549099 316.65928014367819 4279.443062517792 111.82634768635035 333.1923944465816 167.34640059992671 636.45410354807973 321.90667307376862 316.29273578152061 26.566319759935141 6343.8866645172238 50.536802925169468 17.768738768994808 49.63063421100378
leaf_count=3868 495374 11891 3933 1152 9983 17852 7574 9685 1586 6543 3900 7740 1389 4222 296 1264 990 4303 73613 1760 4959 2204 6697 4471 4792 432 109609 810 284 812
internal_value=-0.000473147 0.222312 -0.0286505 0.0753888 -0.0346126 0.0443793 0.140649 0.284639 0.166496 -0.0363418 0.177608 0.248833 0.140954 0.0140803 0.305405 0.0491588 0.220929 0.191957 -0.0151534 0.110578 0.0871344 0.144727 0.322031 0.16094 0.0577818 0.282033 -0.0391874 0.0295308 0.125358 0.144127
internal_weight=48058.3 5395.08 42663.2 2311.74 40351.5 1774.77 2336.73 3058.35 1780.41 39535.9 536.965 1566.21 422.965 1351.81 108.188 815.537 181.929 1221.7 4681.76 558.704 445.019 428.776 1492.15 638.566 556.317 117.825 34854.2 676.939 68.3055 138.598
internal_count=803988 69326 734662 36370 698292 28818 33313 36013 24653 685139 7552 19631 6744 22074 1448 13153 2811 16348 80156 8305 6719 6104 16382 8774 8660 1821 604983 11077 1094 2076
is_linear=0
shrinkage=0.05


Tree=2
num_leaves=31
num_cat=0
split_feature=15 0 15 15 14 0 14 12 13 0 14 14 0 14 23 24 0 11 14 24 11 22 13 12 4 12 0 23 24 4
split_gain=100687 8935.06 3615.5 2266.84 2095.16 1822.36 1042.35 1032.05 944.374 886.467 658.012 502.656 478.053 471.332 405.122 390.806 388.784 386.039 362.415 354.2 319.8 314.494 310.369 297.989 292.348 291.701 280.621 262.999 260.784 247.714
threshold=15.478336334228517 21.638623237609867 8.3714632987976092 26.860466003417972 215.50000000000003 19.310250282287601 198.50000000000003 3.1563467492260067 6.4352122755842309 63.361597061157234 157.50000000000003 194.50000000000003 48.995447158813484 228.50000000000003 1.0344751000000001 2.5000000000000004 43.300025939941413 18.747223924407191 215.50000000000003 2.5000000000000004 16.61007971562238 -1.52295315 124.01693900174034 2.3854489164086692 1098.4034689739349 3.3018575851393193 2.2037545442581181 1.5895577000000003 7.5000000000000009 1159.3404649794104
decision_type=2 2 2 2 2 2 2 2 2 2 2 2 2 2 2 8 2 2 2 8 2 2 2 2 2 2 2 2 10 2
left_child=2 3 8 7 12 10 14 15 13 25 27 -9 -3 -1 20 -2 -7 -8 28 -19 -5 -16 -10 -12 -21 29 -23 -4 -17 -6
right_child=1 4 5 6 9 16 17 11 22 -11 23 -13 -14 -15 21 18 -18 19 -20 24 -22 26 -24 -25 -26 -27 -28 -29 -30 -31
leaf_value=-0.043121522455864383 0.050365484288061702 0.22128154224757526 0.14238814874451891 0.078845286951440163 0.13326132898458035 0.066934917860659429 -0.0059198658170091694 0.084496891331596199 -0.018001439375939822 0.22934404868493963 0.023397465363543497 0.0076289095902567052 0.26314485605964921 -0.030510711047124717 0.29151329301935042 0.20004323365963012 0.14877266156442703 0.057818317161285632 0.096993954367733032 0.10648232162541292 0.24790075786787741 0.069059334760259106 0.051991567344055301 -0.016782631981403579 0.17759539310758385 0.099048040613650828 0.16659623440303648 0.0026829637856440798 -0.0038205743215646766 0.21779640641769352
leaf_weight=20732.859322279692 172.38617393374443 1352.8829164728522 108.42098215967417 32.154920566827059 274.43912901356816 450.0509260520339 66.546251028776169 320.45966778323054 5146.3777381442487 342.80959123373032 629.66010208800435 629.14368890598416 1517.6202322617173 11551.187263112515 42.610481634736061 208.42084964364767 215.82295175641775 181.64395656809211 254.55247464030981 336.39829117804766 298.22218806296587 91.689243629574776 162.46569816023111 1719.0852457806468 263.54733082279563 362.01547405868769 423.73294876515865 48.72853859513998 16.917159479111433 133.33102410286665
leaf_count=372819 2524 13893 1580 364 3058 6666 843 4663 89861 2918 10354 9416 12967 207131 453 2820 2770 2237 3563 3821 3214 1123 2471 28917 2846 3932 4794 765 237 1390
internal_value=-0.000408185 0.1703 -0.0310715 0.109914 0.220872 0.0201875 0.149483 0.0669508 -0.0353968 0.162329 0.000639022 0.0336309 0.243498 -0.0386105 0.187388 0.115333 0.0936435 0.109605 0.138518 0.119436 0.231735 0.160765 -0.0158501 -0.00600563 0.137965 0.132226 0.149413 0.0993596 0.184789 0.161367
internal_weight=48086.2 7321.52 40764.7 3338.43 3983.1 3171.77 1736.55 1601.88 37592.9 1112.6 2505.89 949.603 2870.5 32284 888.41 652.277 665.874 848.136 479.89 781.59 330.377 558.033 5308.84 2348.75 599.946 769.786 515.422 157.15 225.338 407.77
internal_count=804410 81076 723334 42918 38158 51052 19695 23223 672282 11298 41616 14079 26860 579950 9948 9144 9436 9747 6620 8904 3578 6370 92332 39271 6667 8380 5917 2345 3057 4448
is_linear=0
shrinkage=0.05


Tree=3
num_leaves=31
num_cat=0
split_feature=25 10 13 6 10 2 17 21 4 17 21 21 4 24 13 25 22 22 22 4 22 21 17 4 21 9 22 21 22 13
split_gain=76219.1 6856.86 3632.26 1576.27 974.787 929.031 742.45 682.495 635.156 512.804 422.144 349.918 369.003 336.603 315.106 278.611 268.978 263.831 255.112 380.459 249.253 276.617 295.749 260.979 224.35 196.471 217.847 186.436 184.435 173.507
threshold=35.145220872759829 40.858126616477968 62.251172581866342 1.0000000180025095e-35 155.31314421296122 45.200808897614486 177.58816528320315 -0.62302365999999998 91.775153197348132 163.60294342041018 -0.13247221999999995 -0.62302365999999998 83.646908860653653 4.5000000000000009 169.38584068506358 26.694967439770704 0.74209228000000016 -0.38673999999999992 -0.39234758499999994 981.58256387710583 0.45226171500000006 -0.32651200499999994 155.79412078857425 1159.3404649794104 0.033785214650000006 2.5000000000000004 1.3878511000000002 0.24118209000000004 -1.3993544999999998 -41.654936913147147
decision_type=2 10 2 2 10 2 2 2 2 2 2 2 2 10 2 2 2 2 2 2 2 2 2 2 2 2 2 2 2 2
left_child=2 3 5 7 20 15 14 25 -9 24 -6 -5 13 -13 -4 29 -12 -14 27 -20 21 22 -3 28 -7 26 -2 -10 -23 -1
right_child=1 4 6 11 10 9 -8 8 18 -11 16 12 17 -15 -16 -17 -18 -19 19 -21 -22 23 -24 -25 -26 -27 -28 -29 -30 -31
leaf_value=-0.046913617420934445 0.066381867570998995 0.15357484399551358 0.055226690678435747 -0.0065261979033779741 0.1557569810945823 -0.0055776587935639829 2.5895643150367299e-06 0.19012959822135012 0.10329341478344969 -0.022517205094388357 0.20503273012349418 0.084531482262659108 0.073714647131683381 0.30088324968457758 0.12062230422116536 -0.027871360227193772 0.15814271827922965 0.0034676011595311967 0.06509215056737154 0.16484812174648011 0.11362631795028114 0.23311144123034394 0.09623971295921474 0.21093897034489079 0.048048950155434159 0.015755591256881748 0.23899997409597604 0.1668698274498718 0.14612062502186726 -0.037697929021088761
leaf_weight=7165.5203669890761 400.83270394802094 493.73899425938725 642.68730809539557 483.74453211203218 1116.585062995553 398.44625771418214 539.03031949326396 245.9748939499259 295.56077401340008 5831.3576502911747 1499.2551253512502 169.68208469450474 204.31497925892472 19.405695807188749 259.57849840819836 5481.3627133667469 410.83735330030322 383.30417338758707 577.79862927645445 114.45136716589332 709.91508505865932 67.634559493511915 428.20546986907721 242.96267181262374 380.67723876982927 216.33054990693927 18.352537285536528 198.95958362519741 944.0226173736155 18008.943757794797
leaf_count=134007 4945 4748 9016 7300 8946 6268 9038 2852 3553 104858 11573 2297 2841 261 2823 99755 3185 5927 7720 1254 7234 624 4592 2219 5785 2924 206 2417 9597 334784
internal_value=-0.000615357 0.128388 -0.0314189 0.070955 0.160702 -0.0344313 0.046441 0.097807 0.116942 -0.0174268 0.180601 0.0268512 0.0476209 0.108201 0.0741535 -0.0380974 0.195035 0.0279762 0.101625 0.081799 0.13978 0.148255 0.127078 0.163702 0.0206521 0.054553 0.0744901 0.129157 0.152161 -0.0403228
internal_weight=47949.5 9241.87 38707.6 3328.71 5913.16 37266.3 1441.3 2068.26 1432.75 6610.48 3026.68 1260.45 776.707 189.088 902.266 30655.8 1910.09 587.619 1186.77 692.25 2886.48 2176.56 921.944 1254.62 779.123 635.516 419.185 494.52 1011.66 25174.5
internal_count=803549 97215 706334 44497 52718 685457 20877 25871 17796 116911 23704 18626 11326 2558 11839 568546 14758 8768 14944 8974 29014 21780 9340 12440 12053 8075 5151 5970 10221 468791
is_linear=0
shrinkage=0.05


Tree=4
num_leaves=31
num_cat=0
split_feature=15 0 1 15 14 14 15 21 18 14 21 14 0 21 14 11 21 15 0 21 21 18 24 14 21 3 15 14 11 21
split_gain=69937.1 5187.25 2072.8 1737.1 1331.26 812.756 799.542 786.95 729.467 691.31 584.705 546.197 543.626 464.592 461.374 437.498 397.188 348.502 311.078 261.27 255.336 275.559 241.745 263.453 238.323 208.764 179.228 176.795 176.74 189.897
threshold=13.245591163635256 20.693199157714847 35.003659486770637 24.162032127380375 215.50000000000003 198.50000000000003 6.9864089488983163 -0.004816729579999999 158.82353210449222 161.50000000000003 -0.033147301549999994 167.50000000000003 59.816541671752937 -0.97553550999999994 228.50000000000003 26.484862307103892 -1.1248923499999999 38.968345642089851 26.391065597534183 -0.96114000499999996 1.0291663500000003 155.79412078857425 4.5000000000000009 185.50000000000003 0.14982857000000002 364.24643816053873 5.060321807861329 227.50000000000003 68.440097592586525 -0.47047499999999992
decision_type=2 2 2 2 2 2 2 2 2 2 2 2 2 2 2 2 2 2 2 2 2 2 8 2 2 2 2 2 2 2
left_child=2 3 8 9 17 13 25 -7 11 16 -11 19 24 -5 26 -12 -2 28 -8 -1 21 -15 23 -17 -6 -4 -10 -26 -3 -30
right_child=1 4 6 5 12 7 18 -9 14 10 15 -13 -14 20 -16 22 -18 -19 -20 -21 -22 -23 -24 -25 27 -27 -28 -29 29 -31
leaf_value=-0.023046646986040184 -0.015058637090755693 0.16434383847587053 -0.014312115034297822 0.085413485838114797 0.066397711306374438 0.040491285703962959 0.014120079814351504 0.12435619999606745 -0.043547555415053063 0.005694895939799694 -0.020003337612559444 -0.015248039513842244 0.15360123178645335 0.17541874770779275 -0.029158756421884504 0.24010591577045648 0.16996154465922003 0.18183137438825916 0.064611400260412635 0.093233628171389471 0.24349000380175251 0.11529707829323976 0.06188406578968092 0.095681209018504146 0.15103664470421943 0.089511916488235865 -0.031031521806257786 0.090312066180858075 0.088886531246909956 0.1463385679132552
leaf_weight=62.779003098607063 35.880606893450022 1208.1189687810838 2731.2534065619111 348.92007657513022 527.16214915364981 670.16013890132308 715.01880241930485 481.00442526116967 17146.08217972517 957.98365022614598 128.22198313102126 926.34217845275998 507.27744307368994 391.27368199825287 12142.595507677644 41.516531426459551 147.08036143705249 1867.0947854369879 532.00651003420353 203.69264363870025 74.593961231410503 392.47219403460622 465.60683505609632 135.0251100063324 202.9497267305851 48.305535778403282 3447.772856425494 311.5187276378274 188.9016241133213 696.84740994125605
leaf_count=999 485 9555 49002 3550 4909 7270 10981 4404 331431 14010 1881 15391 3415 3157 229666 509 1542 12506 7243 2801 631 3728 5992 1661 1649 651 64555 2917 1441 5115
internal_value=-0.000749057 0.118473 -0.0314698 0.0770773 0.150532 0.105784 0.00244753 0.0756111 -0.0354949 0.0416187 0.0317896 0.00291017 0.111083 0.134468 -0.0368943 0.0641899 0.133792 0.165926 0.0356952 0.065855 0.154287 0.145497 0.0810062 0.130806 0.0902495 -0.0124762 -0.0414538 0.114513 0.151663 0.1342
internal_weight=47735.5 9779.61 37955.8 4269.74 5509.87 2358.42 4026.58 1151.16 33929.3 1911.32 1728.35 1192.81 1548.91 1207.26 32736.5 770.37 182.961 3960.96 1247.03 266.472 858.34 783.746 642.148 176.542 1041.63 2779.56 20593.9 514.468 2093.87 885.749
internal_count=803047 90327 712720 48820 41507 22740 67877 11674 644843 26080 24053 19191 12890 11066 625652 10043 2027 28617 18224 3800 7516 6885 8162 2170 9475 49653 395986 4566 16111 6556
is_linear=0
shrinkage=0.05


Tree=5
num_leaves=31
num_cat=0
split_feature=25 20 0 13 0 17 12 0 0 17 20 19 20 24 24 24 0 17 17 12 12 12 20 12 18 17 24 12 20 20
split_gain=56246 7545.75 2397.46 1931.29 1706.27 1067.9 1022.93 630.691 507.859 482.209 378.38 370.26 322.141 296.661 275.828 307.858 265.298 239.665 224.12 218.193 216.065 205.606 203.948 199.553 197.478 184.119 170.03 161.314 153.738 146.397
threshold=31.871143794059758 67.646110534667983 12.15512800216675 55.489097862259349 34.079013824462898 157.279411315918 3.1563467492260067 11.704837799072267 46.792161941528327 156.83823394775393 47.123107910156257 0.30882354080677038 42.833152770996101 2.5000000000000004 7.5000000000000009 2.5000000000000004 51.241277694702156 163.60294342041018 163.60294342041018 1.7647058823529413 4.8622291021671833 3.6207430340557281 81.731285095214858 1.3606811145510838 155.69117736816409 159.17646789550784 7.5000000000000009 10.65015479876161 64.864372253417983 58.656867980957038
decision_type=2 2 2 2 2 2 2 2 2 2 2 2 2 8 10 8 2 2 2 2 2 2 2 2 2 2 10 2 2 2
left_child=3 2 5 7 6 14 9 10 12 23 18 16 25 -7 15 -2 29 28 -1 -12 26 -14 24 -3 -8 27 -15 -4 -9 -5
right_child=1 4 8 11 -6 13 22 17 -10 -11 19 -13 21 20 -16 -17 -18 -19 -20 -21 -22 -23 -24 -25 -26 -27 -28 -29 -30 -31
leaf_value=-0.0034146002529165348 0.075552740415248315 0.10941363067813339 0.14611858633895367 0.05491047570972582 0.097690334217284291 -0.0042544714358349698 0.054637620609419985 0.056663730590659704 0.1536306106844747 0.010847281474941468 -0.016167080077806349 0.0011536728759313304 0.12419694460604254 0.083952875572597563 0.026733523800053356 0.1309782369396556 0.11534933745548114 -0.01714317883760549 -0.041816952215567103 -0.032912006958509536 0.019270492121284379 0.082832703480984662 -0.024420416363090898 0.055059946586240111 -0.011490376306807383 0.10484006973209375 -0.032187237848798407 0.030641860182648778 -0.027708980747653468 -0.0012398805648982433
leaf_weight=388.36701569706202 366.23342690989375 257.39930209517479 1581.542843721807 359.28288500383496 807.1245194375515 284.47921680659056 188.12267861142755 187.9714929163456 2665.018251452595 513.00664556398988 2392.146384563297 721.22454138845205 609.54106767475605 444.53956016898155 98.481153052300215 830.92781521007419 134.55225387215614 2932.1587809547782 17883.169500857592 10488.855521280318 262.77437280863523 615.17895917966962 1062.9154276922345 501.92840795218945 279.44184467941523 388.96677051484585 33.405119489878416 31.446372680366039 74.878235973417759 171.19861276447773
leaf_count=6698 3646 3028 11639 4655 6274 3909 1976 2534 15733 7485 46005 12230 4578 5183 1064 6939 1245 55098 357156 204299 3265 4870 16278 5881 3729 3747 498 253 1260 2545
internal_value=-0.00058975 0.0939416 0.120423 -0.0318671 0.0336795 0.0773244 0.0152181 -0.0342024 0.137385 0.0483292 -0.0363722 0.0259785 0.123923 0.03914 0.107485 0.1141 0.0528587 -0.0130407 -0.0410009 -0.0298038 0.0557893 0.103504 -0.0123217 0.0736046 0.0151758 0.136357 0.0757852 0.143888 0.0326145 0.0368212
internal_weight=47556.3 11822.5 8212.53 35733.8 3609.94 2320.84 2802.81 34347.5 5891.69 1272.33 31152.5 1386.26 3226.68 1025.2 1295.64 1197.16 665.034 3195.01 18271.5 12881 740.719 1224.72 1530.48 759.328 467.565 2001.96 477.945 1612.99 262.85 530.481
internal_count=803700 109975 65324 693725 44651 24504 38377 673050 40820 16394 614158 20675 25087 12855 11649 10585 8445 58892 363854 250304 8946 9448 21983 8909 5705 15639 5681 11892 3794 7200
is_linear=0
shrinkage=0.05


Tree=6
num_leaves=31
num_cat=0
split_feature=15 15 13 12 0 0 14 21 15 17 14 21 14 14 0 12 21 14 0 10 21 22 14 14 17 21 0 17 21 14
split_gain=51234.7 2994.35 1848.85 1149.8 915.175 660.02 628.298 550.908 480.829 471.396 397.62 489.519 341.727 340.383 330.63 316.074 308.713 303.222 285.268 282.657 277.39 261.531 286.065 216.22 269.113 215.076 214.116 193.318 163.682 172.635
threshold=13.245591163635256 26.860466003417972 9.4823144449053753 3.2120743034055734 17.017292022705082 15.988125324249269 195.50000000000003 -0.19011549499999997 4.7576336860656747 178.78430938720706 195.50000000000003 -0.033147301549999994 228.50000000000003 204.50000000000003 7.6894726753234872 1.7647058823529413 -0.024982789499999995 197.50000000000003 84.736579895019545 19.867960040271281 0.8141860350000002 0.038758732350000012 243.50000000000003 265.50000000000006 166.70588684082034 -0.57886999499999992 56.637285232543952 155.279411315918 -0.68600228499999993 174.50000000000003
decision_type=2 2 2 2 2 2 2 2 2 2 2 2 2 2 2 2 2 2 2 8 2 2 2 2 2 2 2 2 2 2
left_child=2 3 8 7 10 27 14 19 12 26 -3 -12 -1 -9 -5 20 -8 28 25 -2 -10 22 -18 24 -22 -19 -7 -4 -6 -30
right_child=1 4 5 6 17 9 16 13 15 -11 11 -13 -14 -15 -16 -17 21 18 -20 -21 23 -23 -24 -25 -26 -27 -28 -29 29 -31
leaf_value=-0.043225954433068307 0.0109223697280353 0.10525608403225567 0.045184416374323862 0.023892995085276564 0.11323952502769784 0.034976044745064536 -0.013940527134165014 0.1374541873117596 -0.016730950492994761 -0.0056591286443768247 0.031118082418361948 0.10200492313658441 -0.030014022637992306 0.084802920486435299 0.091649774224264902 -0.029993504755129602 0.11302023324442456 0.06843896238968962 0.14318111250434842 0.073748488569762627 0.087734583021161994 0.0083597378636551915 0.0003589030615586476 0.11688412150851153 -0.011790303017426852 0.10986327645445715 0.10226102457897748 -0.017984438728400644 0.1192648453512236 0.15260598112844898
leaf_weight=15075.505329933017 292.30530477315187 1003.4776191413403 124.23843241855502 284.58436400070786 670.06926389783621 817.27818908542395 656.69988210499287 468.09853663668036 1387.3776550851762 898.09258678555489 587.16146381944418 416.79199711978436 7264.8116228990257 919.70123215764761 493.37976589053869 6082.5995769239962 164.36973424628377 399.84029044955969 528.51321841776371 462.59066498652101 91.707817304879427 366.88750920072198 85.474381923675537 60.188786368817091 253.3642040938139 1569.7030956745148 137.81196693703532 3739.3092291168869 582.81567385792732 1337.6094715669751
leaf_count=314373 3715 7647 1813 3819 4124 11577 8805 3739 25666 16213 5601 3161 146056 8301 4430 119849 1647 2846 2690 4303 1401 4013 1033 1108 4929 9772 1474 68422 3318 7537
internal_value=-0.00105868 0.0918487 -0.0302523 0.0583328 0.111647 -0.00417673 0.0315539 0.083944 -0.0351855 0.020347 0.0829736 0.060619 -0.0389311 0.102648 0.0669264 -0.0245562 0.00990867 0.122941 0.110366 0.0494681 -0.00610058 0.0352849 0.0746327 0.0302433 0.0148369 0.101493 0.0447815 -0.015942 0.135019 0.142555
internal_weight=47222.4 11290.1 35932.3 4194.09 7095.98 5716.73 2051.4 2142.7 30215.6 1853.18 2007.43 1003.95 22340.3 1387.8 777.964 7875.24 1273.43 5088.55 2498.06 754.896 1792.64 616.732 249.844 405.261 345.072 1969.54 955.09 3863.55 2590.49 1920.43
internal_count=803382 90501 712881 43805 46696 99499 23747 20058 613382 29264 16409 8762 460429 12040 8249 152953 15498 30287 15308 8018 33104 6693 2680 7438 6330 12618 13051 70235 14979 10855
is_linear=0
shrinkage=0.05


Tree=7
num_leaves=31
num_cat=0
split_feature=15 15 1 12 15 21 14 14 15 21 12 14 12 21 21 24 21 1 13 14 15 11 1 12 24 4 14 12 11 11
split_gain=45005.4 2231.93 1870.35 916.153 657.743 607.524 596.623 537.342 500.783 472.019 420.003 400.945 339.732 325.38 298.337 276.7 262.758 262.708 258.398 231.68 227.372 225.804 219.983 214.096 213.066 198.564 183.552 182.744 181.285 179.405
threshold=13.245591163635256 26.860466003417972 43.361064784228809 3.187306501547988 5.219710350036622 0.36153364000000004 214.50000000000003 197.50000000000003 8.0547790527343768 0.40264956500000004 8.5758513931888576 227.50000000000003 1.7647058823529413 -0.97553550999999994 0.39547174000000002 5.5000000000000009 -0.071224827349999978 17.356195524334911 70.724010122103792 241.50000000000003 8.2187185287475604 50.76485803746403 43.361064784228809 2.7352941176470593 2.5000000000000004 491.73070845007902 204.50000000000003 4.4907120743034072 72.135857951599576 29.539231976915165
decision_type=2 2 2 2 2 2 2 2 2 2 2 2 2 2 2 10 2 2 2 2 2 2 2 2 10 2 2 2 2 2
left_child=2 3 4 9 11 6 10 17 25 18 22 -1 14 -12 -6 -7 -9 -5 -2 21 -16 29 -3 -8 -25 -4 -23 -17 -20 -11
right_child=1 5 8 7 12 15 23 16 -10 19 13 -13 -14 -15 20 27 -18 -19 28 -21 -22 26 -24 24 -26 -27 -28 -29 -30 -31
leaf_value=-0.041549027768331435 0.036976161778610857 0.078719208480003813 -0.0074018455019089829 0.013849773449811142 -0.015607336816222454 0.1260075308738598 0.088139411360778658 -0.013309257991303364 0.042475061963577108 0.073799808297052016 -0.0052880775254195355 -0.028248066547233421 -0.025381778821301517 0.08804563019217114 0.0099121308209578467 0.11302789189556972 0.032293962493033394 0.077570820803830057 0.10157526778661224 0.066175891796761338 0.080063140347154158 0.13677705833065323 0.10984619856441331 0.028243020397907184 0.099177418190469713 0.061762754531005451 0.072411723867021494 0.042851333329749122 0.044399393974449045 0.19432366377561225
leaf_weight=15763.30280534178 714.96905411779881 725.23402823507786 2001.5483426526189 217.28257657214999 1021.230313885957 2189.5242238566279 355.34924834221601 615.10383217409253 806.72306603565812 41.484096325933933 163.14439908787608 8862.1689503677189 5873.0368280410767 217.03354898095131 417.55366019904613 192.15403098613024 647.38708413392305 637.62457904219627 393.68619725480676 284.5900586694479 158.86713572964072 204.3412130177021 2847.1773847937584 603.92947090044618 127.80208658799529 108.44466121122241 251.49373840540648 182.24485255032778 217.53749593347311 142.96236747503281
leaf_count=339796 7851 5652 36447 2956 18674 12069 2470 8336 10027 326 1332 181701 115395 1407 7890 1054 6807 5768 3136 2448 2316 1429 16312 4655 935 1444 1930 1103 1609 1141
internal_value=-0.00072219 0.0829596 -0.0293373 0.0544569 -0.0328209 0.0993259 0.0891998 0.0308256 0.0089951 0.0766614 0.0982295 -0.0367636 -0.0198214 0.0480849 0.000621731 0.119187 0.0100825 0.0614106 0.057465 0.104096 0.0293516 0.120821 0.103551 0.056308 0.0407507 -0.00381951 0.101502 0.0790734 0.0813319 0.167761
internal_weight=46984.9 11972.1 35012.9 4368.46 32096.2 7603.59 5039.67 2117.4 2916.72 2251.06 3952.59 24625.5 7470.69 380.178 1597.65 2563.92 1262.49 854.907 1326.19 924.871 576.421 640.281 3572.41 1087.08 731.732 2109.99 455.835 374.399 611.224 184.446
internal_count=804416 90726 713690 43737 665772 46989 32763 23867 47918 19870 24703 521497 144275 2739 28880 14226 15143 8724 12596 7274 10206 4826 21964 8060 5590 37891 3359 2157 4745 1467
is_linear=0
shrinkage=0.05


Tree=8
num_leaves=31
num_cat=0
split_feature=25 0 10 16 0 12 19 25 17 16 17 21 0 12 5 21 12 22 21 5 0 0 5 11 0 21 22 0 0 22
split_gain=38264.8 3445.53 1767.99 880.675 707.585 666.883 512.702 410.582 388.376 366.129 313.585 386.195 273.086 237.982 235.039 192.623 201.965 153.427 148.866 147.87 141.836 141.7 137.951 135.703 134.89 134.239 133.711 125.98 125.262 124.68
threshold=31.871143794059758 17.387359619140629 36.164304614067085 0.1911764740943909 53.66070747375489 3.1563467492260067 0.27941177785396581 26.814813715219504 158.54411315917972 0.16176471114158633 155.279411315918 -0.13247221999999995 51.241277694702156 4.2275541795665648 9.5000000000000018 -1.0660805999999998 1.3606811145510838 0.43984303000000008 0.56307989500000011 9.5000000000000018 9.8992919921875018 2.2470753192901616 9.5000000000000018 21.510219842207047 37.453712463378913 1.7710663000000002 0.030713726750000003 4.9896202087402353 2.0282436609268193 0.04601305725000001
decision_type=2 2 10 2 2 2 2 2 2 2 2 2 2 2 2 2 2 2 2 2 2 2 2 2 2 2 2 2 2 2
left_child=2 3 7 10 9 8 12 20 15 -3 -2 27 -4 -13 28 -5 -17 -15 -10 23 26 -9 -11 29 -8 -26 -1 -12 -7 -18
right_child=1 4 6 5 -6 14 24 21 18 22 11 13 -14 17 -16 16 19 -19 -20 -21 -22 -23 -24 -25 25 -27 -28 -29 -30 -31
leaf_value=-0.034343638437543726 0.081375594037854965 0.087612561048793322 0.022648098920395755 0.0040339200928277349 0.10919312988695395 0.007627296053852161 -0.014654975904618251 -0.026813740617388473 -0.0086087888524551109 0.088549675577676554 0.0049135383648102968 0.096432733910216492 0.090818824293569911 0.067557077801580045 -0.014566569447831194 0.1067351243584243 -0.0058204942798739988 0.0018840747805324227 0.049498741983955992 0.029318960193074874 -0.023701913116575556 -0.009578192330320482 0.049202319804410491 0.11850725411477302 0.013081657962611806 0.1676130288064841 -0.042225643383281636 0.040413451920800592 0.087823303278094123 0.11587009817418865
leaf_weight=13220.142739955336 1019.4413667060435 3388.3804143331945 908.00988856330514 118.42463067546487 3182.5538084097207 105.71944911032915 1691.3093673251569 3681.6647305712104 361.98005874827504 280.24053950607777 406.3070539496839 459.48880495131016 174.57356512919068 233.65899549052119 1136.9825264215469 277.21806650981307 58.97409749776125 143.30322859063745 157.33885955065489 282.11858279630542 2017.676439858973 1765.9049281217158 1120.7761039584875 123.38282644376159 328.0187810510397 13.698322847485541 9136.9493245258927 649.53998572006822 89.598463352769613 31.65355359017849
leaf_count=289028 7457 20077 12618 1621 15899 1486 31940 77462 5304 2102 4231 3317 1418 1788 17922 2912 556 1235 2068 3531 41436 34285 10003 974 5561 224 200190 5814 932 268
internal_value=-0.000748198 0.0697159 -0.0299018 0.0398544 0.0908913 0.0195161 0.00593585 -0.0336459 0.0434573 0.0787096 0.0590035 0.0469143 0.0337147 0.07228 -0.00585454 0.0634573 0.07254 0.0426623 0.00905744 0.0532568 -0.03642 -0.0212294 0.0571304 0.0845296 -0.00886567 0.0197473 -0.0375666 0.0267701 0.0446757 0.0374831
internal_weight=46565 13627.1 32937.9 5655.13 7971.95 2743.39 3115.61 29822.3 1411.09 4789.4 2911.74 1892.3 1082.58 836.451 1332.3 891.772 773.347 376.962 519.319 496.129 24374.8 5447.57 1401.02 214.01 2033.03 341.717 22357.1 1055.85 195.318 90.6277
internal_count=803659 109497 694162 61416 48081 37574 51761 642401 17234 32182 23842 16385 14036 6340 20340 9862 8241 3023 7372 5329 530654 111747 12105 1798 37725 5785 489218 10045 2418 824
is_linear=0
shrinkage=0.05


Tree=9
num_leaves=31
num_cat=0
split_feature=15 15 13 25 21 14 14 1 21 14 25 17 14 11 17 14 21 13 14 21 11 24 23 23 14 21 11 19 11 3
split_gain=34573.3 1753.49 1603.69 738.467 659.107 515.492 484.69 387.417 357.236 359.788 334.187 329.641 278.977 277.446 273.98 265.315 256.233 232.195 220.171 281.94 297.402 218.677 240.131 217.27 208.888 581.039 618.025 478.336 597.307 214.691
threshold=12.646073341369631 29.882416725158695 25.568422431431877 37.553422331810005 -0.62302365999999998 242.50000000000003 229.50000000000003 38.799999505281455 -0.91873112499999987 204.50000000000003 30.574545726180084 178.78430938720706 159.50000000000003 46.041871786809565 163.60294342041018 221.50000000000003 0.48634322000000002 169.38584068506358 161.50000000000003 0.36957310500000001 26.484862307103892 4.5000000000000009 1.2842400000000003 1.4551887000000001 266.50000000000006 1.6484033000000002 46.041871786809565 0.39705882966518408 68.440097592586525 97.9447486549616
decision_type=2 2 2 2 2 2 2 2 2 2 2 2 2 2 2 2 2 2 2 2 2 10 2 2 2 2 2 2 2 2
left_child=2 4 3 6 7 10 14 -2 -3 -10 -6 15 23 -7 16 17 -1 -4 -12 -20 -21 22 -22 -5 -8 -26 -27 -28 29 -29
right_child=1 8 11 12 5 13 24 -9 9 -11 18 -13 -14 -15 -16 -17 -18 -19 19 20 21 -23 -24 -25 25 26 27 28 -30 -31
leaf_value=-0.019336448379688499 -0.0078478317223054615 0.059436446155969637 0.034619884159744624 0.10098843240348601 0.023250229887201414 -0.013257325339180746 -0.027954177530470189 0.043910029494887315 0.098474306707523218 0.073273975194726212 0.10500876068382228 -0.011433452227500515 -0.0029359128338429081 0.044554033007740461 -0.03923328084990791 0.0038434596819913874 0.074531394548808111 0.13446980754990659 0.050092101387027715 -0.00072433500855555698 0.08719375689636305 0.05948850375543982 0.14904759381783672 -0.0027809848829175084 -0.017054816503550948 -0.04345565063713528 -0.010103002859406058 0.4844331461582474 0.0086298907154572814 0.22022303632060153
leaf_weight=318.65974942222238 731.70839351043105 1260.1686228364706 605.84160644933581 144.97331578284502 424.39819089323282 339.12266366183758 9048.2705773338675 713.18991708755493 3718.7088871523738 2318.8633061349392 406.50532859563828 1673.5928240120411 462.67873124405742 532.34273870289326 17767.607998229563 1025.1967761293054 93.104318127036095 63.642949961125851 1438.2797286771238 99.853593960404396 576.4802273362875 417.66294465214014 219.85924543067813 76.998410850763321 1605.4395757317543 48.691747732460499 22.36642025783658 20.036739982664585 16.069470878690481 16.764402139931917
leaf_count=5940 9966 8141 9103 1505 4901 4137 194270 5844 18988 13144 2585 31688 7471 4362 405242 15240 1577 600 12315 968 3934 2864 1387 1041 34272 1051 424 396 300 322
internal_value=-0.00104195 0.0673569 -0.0283886 -0.0321035 0.0470724 0.0565898 -0.0333171 0.0177121 0.0837461 0.0888093 0.0649777 0.00430332 0.0191984 0.0220679 -0.0382989 0.0198419 0.00201723 0.0442983 0.0705751 0.0654528 0.0822172 0.0890343 0.104436 0.0651415 -0.0249111 -0.00898228 0.0948931 0.183825 0.264529 0.373085
internal_weight=46207.1 13197.1 33009.9 29641.7 5899.4 4454.5 28957 1444.9 7297.74 6037.57 3583.04 3368.27 684.65 871.465 18179.4 1694.68 411.764 669.485 3158.64 2752.14 1313.86 1214 796.339 221.972 10777.6 1729.37 123.929 75.237 52.8706 36.8011
internal_count=803978 93536 710442 653811 53263 37453 643794 15810 40273 32132 28954 56631 10017 8499 412759 24943 7517 9703 24053 21468 9153 8185 5321 2546 231035 36765 2493 1442 1018 718
is_linear=0
shrinkage=0.05


Tree=10
num_leaves=31
num_cat=0
split_feature=15 15 1 14 1 14 21 21 17 15 21 21 13 4 11 14 14 14 14 15 14 4 11 14 21 1 21 11 21 4
split_gain=30961 1684.06 1299.01 523.102 497.466 469.715 454.494 438.084 352.977 347.747 345.869 313.669 311.727 284.648 238.914 352.026 236.69 219.164 187.127 181.892 173.485 162.861 151.989 139.623 138.041 129.051 128.649 126.905 125.456 123.171
threshold=11.53325414657593 22.931266784667972 28.328458786010746 215.50000000000003 28.870589315891269 261.50000000000006 -0.91873112499999987 0.20585595000000004 157.279411315918 6.6516275405883798 1.6484033000000002 0.27051234000000007 -38.993787704145198 888.27895709872257 46.041871786809565 267.50000000000006 163.50000000000003 195.50000000000003 196.50000000000003 38.968345642089851 271.50000000000006 1159.3404649794104 26.064441246721586 158.50000000000003 -1.2414231999999996 183.0884761810303 0.40264956500000004 45.413500027202332 -1.1462150499999997 443.1861704587937
decision_type=2 2 2 2 2 2 2 2 2 2 2 2 2 2 2 2 2 2 2 2 2 2 2 2 2 2 2 2 2 2
left_child=2 4 5 6 11 8 18 25 -1 29 -7 16 -10 -9 -12 -16 28 -6 -3 -8 -17 27 23 -13 -20 -5 -11 -19 -2 -4
right_child=1 3 9 7 17 10 19 13 12 26 14 22 -14 -15 15 20 -18 21 24 -21 -22 -23 -24 -25 -26 -27 -28 -29 -30 -31
leaf_value=0.039388434947342059 -0.026910068260077736 0.063058495055318173 -0.014717517379970877 0.027342162276365364 0.067156088949614737 -0.018180466264137853 0.075827258464994066 0.041849518850263667 -0.043983330638962669 0.003567346785706338 -0.030682078381433327 0.088531337005444771 -0.031573794780348302 0.099905115933347777 -0.012495958466056587 0.22604406623158768 -0.014065719004149647 0.0060537780335001906 -0.012201377539320934 0.093144850548792013 0.058312781516022309 0.07179963602408547 0.060484863229772923 -0.031684392331059595 0.050845863662071757 0.070376234061793913 0.034193053479014253 0.039186381774947515 0.070167181907783427 0.038093432824095469
leaf_weight=158.02813953906298 42.670740373432636 1032.7474431395531 3204.8957504928112 1199.597168199718 928.98599395155907 2913.4369465745986 3177.9631784148514 339.43896495550871 7328.9468457959592 792.01550734788179 53.983645483851433 30.951126620173454 16430.049587164074 567.64753225818276 44.852831922471523 43.686477571725845 882.51600634306669 391.83403234928846 166.86069275066257 2985.7346022725105 24.888343725353479 284.46608135849237 377.08780792728066 97.971622943878174 179.28165614977479 203.61653006821871 604.07742987200618 1104.6982211917639 143.26252417638898 113.41020826995373
leaf_count=1813 588 6484 64380 9323 6950 62434 17462 2157 174340 12041 1180 228 375568 3001 903 702 13612 4231 1246 14466 399 2171 4106 1424 1195 1011 8714 9393 1257 1608
internal_value=-0.00087859 0.0606563 -0.0283119 0.0720367 0.0344745 -0.0325405 0.0784184 0.0511769 -0.0349077 -0.00409428 -0.0141587 0.0121117 -0.0354035 0.0782503 0.0555233 0.0964606 -0.00325399 0.0474577 0.0523991 0.0842298 0.166881 0.0371509 0.0444989 -0.00236433 0.0205058 0.0336324 0.0168338 0.0305212 0.0478637 -0.0129017
internal_weight=45849.6 14137.3 31712.3 9852.89 4284.44 26997.9 7542.59 2310.3 23917 4714.4 3080.85 1574.46 23759 907.086 167.411 113.428 1068.45 2709.98 1378.89 6163.7 68.5748 1781 506.011 128.923 346.142 1403.21 1396.09 1496.53 185.933 3318.31
internal_count=804387 100305 704082 56345 43960 617339 40853 15492 551721 86743 65618 21215 549908 5158 3184 2004 15457 22745 8925 31928 1101 15795 5758 1652 2441 10334 20755 13624 1845 65988
is_linear=0
shrinkage=0.05


Tree=11
num_leaves=31
num_cat=0
split_feature=17 20 13 0 0 17 12 20 21 4 19 12 21 0 22 21 17 20 17 21 20 17 21 11 21 20 0 12 17 0
split_gain=26451.1 2796.17 1243.68 1072.48 895.869 551.23 494.215 447.837 426.968 328.287 321.971 275.253 261.412 232.348 210.367 209.867 180.204 174.219 158.394 210.81 157.574 156.734 163.57 255.709 155.294 154.744 149.733 149.583 142.478 137.985
threshold=162.51470947265628 66.725708007812514 24.14794515870258 24.393512725830082 27.072340011596683 157.279411315918 3.1563467492260067 35.621322631835945 0.26034356500000005 316.24879143387085 0.30882354080677038 1.8157894736842108 -1.1462150499999997 63.361597061157234 0.030713726750000003 -1.5734585999999997 155.79412078857425 79.287681579589858 163.60294342041018 0.60944152000000018 82.68857574462892 177.35760498046878 1.6484033000000002 68.440097592586525 0.53773349500000012 57.681983947753913 6.2451779842376718 4.3544891640866874 156.83823394775393 77.608024597167983
decision_type=2 2 2 2 2 2 2 2 2 2 2 2 2 2 2 2 2 2 2 2 2 2 2 2 2 2 2 2 2 2
left_child=1 3 7 5 6 12 9 18 26 -3 25 17 -1 -5 -13 -16 20 -9 19 -2 -8 -19 -23 -24 28 -4 -7 -14 -11 -6
right_child=2 4 10 13 29 8 16 11 -10 24 -12 14 27 -15 15 -17 -18 21 -20 -21 -22 22 23 -25 -26 -27 -28 -29 -30 -31
leaf_value=0.028777109449755135 -0.02145501378205926 -0.020178975354556091 0.040135773705480417 0.07164944763018273 0.044150909538140916 -0.0037719876008195327 0.036610343637238356 -0.020067512511826105 0.060132855756687878 0.039037965403834918 -0.0092291206837470507 -0.022690753819977132 0.079267528641718682 0.09187837757003664 0.032054361900529946 -0.038192476996200125 -0.029893276763553245 -0.022776579857021279 -0.039228302197009235 0.10124986286098657 -0.014578693153698209 0.0085428457743723981 0.13517650685954255 -0.020448099700108666 0.063089939158871372 -0.0021057205304962265 0.028664371425789245 0.054188398742234169 -0.0062309169891959539 0.084501105244861902
leaf_weight=486.86119478568435 160.9671519100666 325.61667648330331 641.63548143208027 3706.4755683466792 1093.0050462260842 681.55016259849072 237.81017520651221 2131.2420572787523 731.84974549338222 516.94883016124368 1996.2518773786724 5651.5777129270136 1456.0846571177244 2339.9707748964429 107.91867434233427 4999.2113437615335 947.84679933637381 307.20664105191827 12811.271706793457 43.656097810715437 404.86190946772695 482.37211382389069 68.006305865943432 42.366189669817686 373.74496560543776 327.05017634853721 742.90068534016609 1025.1506490409374 261.23601598292589 264.32852224260569
leaf_count=3843 2987 5064 7896 19056 7585 8914 2133 47010 6243 4864 38288 130505 8614 10189 2444 116487 15285 6557 313826 660 6003 10339 1093 862 3688 5123 7023 5948 3527 1271
internal_value=-0.000845548 0.0519006 -0.0284789 0.0652251 0.0182589 0.048379 0.00329071 -0.0318776 0.0291184 0.0241031 0.00224853 -0.025595 0.0623571 0.0794919 -0.0293447 -0.0367021 -0.0160464 -0.0122809 -0.0385313 0.005089 0.00439041 0.00616099 0.0211718 0.0757932 0.036627 0.0258866 0.0131529 0.0689318 0.0238527 0.0520652
internal_weight=45367 15596.2 29770.7 11170.8 4425.4 5124.4 3068.07 26805.8 2156.3 1477.55 2964.94 13789.9 2968.1 6046.45 10758.7 5107.13 1590.52 3031.19 13015.9 204.623 642.672 899.951 592.745 110.372 1151.93 968.686 1424.45 2481.24 778.185 1357.33
internal_count=803327 119250 684077 69830 49420 40585 40564 632770 22180 17143 51307 315297 18405 29245 249436 118931 23421 65861 317473 3647 8136 18851 12294 1955 12079 13019 15937 14562 8391 8856
is_linear=0
shrinkage=0.05


Tree=12
num_leaves=31
num_cat=0
split_feature=15 0 1 14 18 15 13 21 0 0 18 14 22 14 21 21 22 18 13 0 18 22 20 21 18 21 22 21 14 14
split_gain=24806.3 1803.14 1289.46 697.641 536.365 409.986 401.218 357.712 311.715 289.706 250.667 234.772 234.212 206.762 205.061 184.943 181.059 169.314 162.526 156.036 151.73 142.488 128.18 126.246 122.144 138.033 138.396 111.819 111.562 108.286
threshold=11.53325414657593 29.356949806213382 22.074687719345096 217.50000000000003 156.63235473632815 6.9864089488983163 -38.993787704145198 0.38595135500000005 84.736579895019545 7.1740832328796396 156.63235473632815 217.50000000000003 0.49563800000000008 225.50000000000003 -0.033147301549999994 -1.1462150499999997 -1.4317225999999998 159.779411315918 66.506829220167262 40.133169174194343 156.63235473632815 0.54894245000000008 82.68857574462892 0.14982857000000002 164.17825317382815 -1.5734585999999997 0.32628046000000005 0.39547174000000002 265.50000000000006 210.50000000000003
decision_type=2 2 2 2 2 2 2 2 2 2 2 2 2 2 2 2 2 2 2 2 2 2 2 2 2 2 2 2 2 2
left_child=2 3 6 4 15 18 28 9 11 -6 -8 21 29 17 20 -2 -16 -12 -4 -7 -5 27 -18 -13 -15 -26 -27 -3 -1 -9
right_child=1 8 5 14 7 19 10 12 -10 -11 13 23 -14 24 16 -17 22 -19 -20 -21 -22 -23 -24 -25 25 26 -28 -29 -30 -31
leaf_value=-0.043016713447887482 0.032687223686125068 0.069221912698585214 -0.016867452936586144 0.013550039944316031 -0.0072878474495616978 0.0089475753824635098 0.018159289178197785 0.06269613094772826 0.09020260013395022 0.034226057427924499 0.00084939298830978647 0.029373510639192354 0.010020050398292098 -0.037741605747245707 0.1332925356282193 0.066199859163646277 0.043992233821535803 -0.035318825257949882 0.014185789361253774 0.050641591635319207 -0.021170065071554861 0.054501770938925824 0.010614974315159238 0.060719443928789231 0.015174040756157539 -0.017212108579833109 -0.033093215347703986 0.08970017868991477 0.0012391840102329013 0.12112470504579845
leaf_weight=6760.0321733467281 498.11868619546294 1904.8294304013252 3998.3868071213365 907.06499575823545 743.84982136264443 1244.2468429133296 290.82613036036491 512.79714640602469 1608.9422444030643 964.14414923265576 336.41182154417038 592.40687111765146 203.77905273064971 1182.9505150206387 39.847882397472858 2459.518172159791 535.46902544423938 8450.1968132257462 470.21422526612878 272.95413678884506 480.528140258044 989.62501184642315 622.01817110553384 709.81726493686438 262.35053168237209 4812.2467556223273 1921.3572597578168 1057.6173394024372 145.40855532512069 94.898046690970659
leaf_count=172679 3550 9193 86293 9431 9073 19552 4124 3888 6844 8067 6287 3632 1675 25923 342 13216 4296 212336 7588 3079 6427 4738 6399 4064 5957 111528 45521 4870 3112 709
internal_value=-0.000650624 0.0520653 -0.0267498 0.036023 0.0461266 -0.00597306 -0.0318965 0.0291554 0.0709017 0.0161526 -0.0278172 0.0649754 0.0564702 -0.0286064 0.0146055 0.0605687 0.0297567 -0.0339341 -0.0135974 0.016477 0.00151976 0.0710521 0.0260804 0.0464931 -0.0228794 -0.0203613 -0.0217478 0.0765606 -0.0420848 0.0720044
internal_weight=45072.9 14925.3 30147.6 8062.03 5477.11 5985.8 24161.8 2519.47 6863.24 1707.99 17256.3 5254.3 811.474 16965.5 2584.93 2957.64 1197.34 8786.61 4468.6 1517.2 1387.59 3952.07 1157.49 1302.22 8178.91 6995.95 6733.6 2962.45 6905.44 607.695
internal_count=804393 100414 703979 67073 40178 116512 587467 23412 33341 17140 411676 26497 6272 407552 26895 16766 11037 218623 93881 22631 15858 18801 10695 7696 188929 163006 157049 14063 175791 4597
is_linear=0
shrinkage=0.05


Tree=13
num_leaves=31
num_cat=0
split_feature=25 14 2 12 0 0 14 4 17 17 4 24 0 4 4 14 11 24 0 22 11 24 12 25 25 25 12 14 11 11
split_gain=21493.7 1999.58 1535.07 703.595 689.629 420.303 404.818 382.844 302.542 285.427 280.78 232.068 229.994 194.77 193.091 191.568 364.545 204.662 178.641 168.525 158.261 155.018 194.092 149.984 143.661 133.835 153.576 610.195 143.066 116.432
threshold=31.871143794059758 223.50000000000003 64.434684023261084 3.187306501547988 23.791531562805179 27.797258377075199 227.50000000000003 316.24879143387085 156.6470642089844 163.60294342041018 700.84096694737684 2.5000000000000004 0.72771972417831432 1098.4034689739349 266.20577678084379 266.50000000000006 53.401806228566379 2.5000000000000004 84.736579895019545 0.030713726750000003 25.54010236654258 2.5000000000000004 3.6517027863777094 26.892183840274814 26.694967439770704 26.694967439770704 5.6671826625387007 173.50000000000003 81.848965866762242 35.261407327714267
decision_type=2 2 2 2 2 2 2 2 2 2 2 10 2 2 2 2 2 8 2 2 2 8 2 2 2 2 2 2 2 2
left_child=2 4 6 7 8 25 9 -3 -2 -1 -5 13 -10 29 -7 17 -17 -8 -6 24 -12 -14 -23 -19 -11 26 -4 -28 -29 -9
right_child=1 3 5 10 18 14 15 11 12 19 20 -13 21 -15 -16 16 -18 23 -20 -21 -22 22 -24 -25 -26 -27 27 28 -30 -31
leaf_value=0.0010006827529695885 0.054850841147939713 -0.01513783267709547 -0.018878771349366351 -0.025905447978379355 0.064067160267275922 0.0079186261068100502 -0.0095185588389362849 -0.028503230387595769 -0.0091928111216180771 -0.035994958345428117 -0.01945575943889321 0.066055225242352161 0.01063141570565807 0.0611528646964992 0.050989592802187095 -0.016438684867634147 0.054954324884048861 -0.033372394117918112 0.084576984649844422 -0.044169784827778967 0.023737435868572614 0.063180128425722473 0.027049070411880566 -0.013067005633040037 -0.018938167491226888 0.0056419268340655859 0.34494249734247084 -0.021826948928501483 0.12650433701525837 0.02503675359300267
leaf_weight=498.7708834297955 2722.2469864562154 314.98575241863728 1951.0253785103559 868.66841258481145 4960.088520411402 536.76583245024085 1506.691290974617 116.50471410527825 319.73633455485106 7400.9300397932529 288.25997108966112 751.8567897118628 445.49073312431574 369.80453014373779 504.86234347894788 1332.7972230240703 205.49847323447466 5433.246815290302 1367.8706662356853 5712.9566745199263 794.86158744245768 710.64494915679097 783.69785419479012 1094.3400262892246 1486.0226865820587 1209.7242925018072 13.287782263010739 108.3698487393558 18.093886345624924 752.67146729677916
leaf_count=8503 15742 4488 40145 13939 23292 9058 35482 1385 3845 193978 3859 5767 4274 2380 4807 30590 4092 131545 5623 150803 6544 5194 6247 25047 37134 20661 206 1969 287 6869
internal_value=-0.000835146 0.0465593 -0.0262658 0.0173478 0.0575536 0.00114843 -0.0310905 0.0360421 0.0436215 -0.0361913 -0.0047446 0.0441432 0.0300745 0.0308037 0.0288234 -0.0230421 -0.0068719 -0.026137 0.0685133 -0.0374619 0.0122347 0.0365482 0.0442622 -0.0299707 -0.0331453 -0.00759179 -0.0152479 0.0352161 0.000221626 0.0178357
internal_weight=44580.8 15567.4 29013.4 4257.61 11309.8 4342.13 24671.3 2305.82 4981.82 15098.7 1951.79 1990.84 2259.57 1238.98 1041.63 9572.57 1538.3 8034.28 6327.96 14599.9 1083.12 1939.83 1494.34 6527.59 8886.95 3300.5 2090.78 139.752 126.464 869.176
internal_count=803755 109448 694307 45231 64217 77133 617174 20889 35302 390418 24342 16401 19560 10634 13865 226756 34682 192074 28915 381915 10403 15715 11441 156592 231112 63268 42607 2462 2256 8254
is_linear=0
shrinkage=0.05


Tree=14
num_leaves=31
num_cat=0
split_feature=25 14 0 0 12 13 25 25 17 3 14 0 14 12 0 24 14 24 24 24 12 12 12 20 24 12 14 11 22 13
split_gain=19884.6 1746.98 1351.16 687.645 643.241 491.551 368.894 361.702 344.984 331.851 244.632 222.319 206.084 204.316 187.726 175.797 191.462 169.213 169.151 164.274 181.464 166.882 342.387 155.7 152.433 183.581 212.154 151.426 145.88 126.579
threshold=31.871143794059758 223.50000000000003 17.017292022705082 44.944404602050788 5.1625386996904039 -40.744197211871288 26.694967439770704 37.553422331810005 159.17646789550784 142.80135188251737 225.50000000000003 36.216108322143562 236.50000000000003 0.94582043343653266 5.3417844772338876 7.5000000000000009 199.50000000000003 4.5000000000000009 6.5000000000000009 1.5000000000000002 4.8374613003095979 9.1253869969040267 6.1377708978328185 12.029861450195314 2.5000000000000004 1.9086687306501551 265.50000000000006 38.7119807903035 -0.60950839499999987 169.38584068506358
decision_type=2 2 2 2 2 2 2 2 2 2 2 2 2 2 2 10 2 10 10 8 2 2 2 2 8 2 2 2 2 2
left_child=2 3 5 8 7 -1 10 -3 15 -4 29 13 17 -9 -10 16 19 -6 -18 21 -21 22 23 -2 -12 26 -26 -8 -25 -7
right_child=1 4 9 -5 12 6 27 11 14 -11 24 -13 -14 -15 -16 -17 18 -19 -20 20 -22 -23 -24 28 25 -27 -28 -29 -30 -31
leaf_value=-0.041721589173257509 -0.013866239477598744 -0.018797120192534798 -0.0059878501444609426 0.071297749715761388 0.041683707278967058 -0.035522729193890906 -0.021143724513022571 0.064545552277757101 -0.0020637607381751473 0.030441520100449988 -0.0076939493117603496 0.053941469237983056 -0.035749678326566822 0.017913467089578156 0.035592524151893144 0.015095419285940888 0.037626248536055555 -0.033444093798341457 0.12717794923802789 0.072198110308532945 0.04643561958272116 -0.034283473400892682 0.142433744954539 0.02271498968344552 -0.019071573762281944 -0.030590206659857296 0.033422902006025365 -0.0022694393065489436 0.089372587609141366 0.094433984830585543
leaf_weight=6161.4219920299947 143.4994300045073 380.36706927791238 1597.731572587043 3854.3400268554688 198.42589305341244 7945.170897975564 2333.8602845035493 269.33490836620331 459.04687510803342 1025.6869415827096 1400.1250873170793 884.6912309974432 639.43060917407274 1806.2616639137268 1184.2780913822353 325.4518481567502 1900.9425096809864 119.16238393262029 53.447300061583519 2182.2264857254922 1007.2244909107685 73.438355673104525 77.557024102658033 219.11381764709949 980.01125309616327 4647.8647611439228 238.49258026853204 1950.8326577991247 131.20005527883768 17.855275087058544
leaf_count=168310 1230 5740 32733 16358 1886 209791 54928 2453 5341 12246 33003 4785 10379 18741 8357 2307 10462 1186 310 11773 5306 517 484 1273 22549 114787 4752 40772 759 177
internal_value=-0.000772601 0.0439491 -0.0259154 0.0540285 0.0167096 -0.0294076 -0.0255176 0.0270615 0.0454401 0.00826124 -0.0291641 0.0329582 -0.0194162 0.0239927 0.0250787 0.0509078 0.0529183 0.0134785 0.040139 0.0594199 0.0640795 0.0363087 0.0454259 0.0299331 -0.0225242 -0.0260619 -0.00877807 -0.0125527 0.047863 -0.0352195
internal_weight=44208.5 15909.4 28299.1 11611.8 4297.67 25675.6 19514.2 3340.65 7757.43 2623.42 15229.5 2960.29 957.019 2075.6 1643.32 6114.1 5788.65 317.588 1954.39 3834.26 3189.45 644.809 571.37 493.813 7266.49 5866.37 1218.5 4284.69 350.314 7963.03
internal_count=803695 109647 694048 64477 45170 649069 480759 31719 48119 44979 385059 25979 13451 21194 13698 34421 32114 3072 10772 21342 17079 4263 3746 3262 175091 142088 27301 95700 2032 209968
is_linear=0
shrinkage=0.05


Tree=15
num_leaves=31
num_cat=0
split_feature=15 1 1 20 25 14 4 14 11 20 12 25 12 1 25 15 14 24 11 14 12 22 22 4 4 11 25 14 22 12
split_gain=18146.2 1138.67 1012.27 421.754 387.367 327.854 327.567 312.899 250.368 236.893 203.721 195.616 193.338 180.507 160.517 154.082 150.706 182.998 147.267 143.515 137.777 136.422 199.76 129.437 126.201 120.377 115.765 111.777 124.854 109.247
threshold=11.53325414657593 18.913088172674183 44.339946985244758 58.656867980957038 26.892183840274814 195.50000000000003 339.9721810072661 229.50000000000003 23.372189530774076 24.029861450195316 1.258513931888545 36.871822619438184 3.3018575851393193 7.6608766317367563 39.013249492645272 5.8514513969421396 267.50000000000006 2.5000000000000004 53.401806228566379 238.50000000000003 3.3235294117647065 0.11266563500000001 0.41218942500000005 1227.8899683952334 981.58256387710583 33.789285444495953 36.871822619438184 175.50000000000003 0.10370039500000001 0.84365325077399389
decision_type=2 2 2 2 2 2 2 2 2 2 2 2 2 2 2 2 2 8 2 2 2 2 2 2 2 2 2 2 2 2
left_child=1 4 5 11 7 13 15 -1 -7 -8 26 -4 23 -2 -10 19 17 -9 -18 -3 -13 -20 -23 -5 -14 -22 -6 28 -27 -16
right_child=2 6 3 12 10 8 9 16 14 -11 -12 20 24 -15 29 -17 18 -19 21 -21 25 22 -24 -25 -26 27 -28 -29 -30 -31
leaf_value=-0.039264529372500453 0.0094338956611512131 -0.024152082280770759 0.036088756201668716 0.036379363747046277 -0.0020233090407844509 -0.02230225172557615 0.105504130925762 -0.0083992485396588174 -0.0029891483699410037 0.01322150267231585 -0.020823660391630961 0.067392276326068257 -0.00064768168851375848 0.044740244634485497 0.067471385736464093 0.0011319556184977834 -0.014456250756332263 -0.032496869260295554 0.0067367782499165923 -0.0046219243263228744 0.070600175373779162 0.22374727108175338 0.0055865565497603929 0.06490590655798191 0.031670557630316759 0.050430066543022539 0.053512868528895613 0.053050135454523667 0.0026049053518774328 0.022422353617544799
leaf_weight=10705.459220457822 465.74372020736337 2486.3460092805326 1031.6028515212238 1293.9962656870484 302.46707304939628 480.11209815740585 74.953640010207891 949.96722769737244 635.10155180841684 830.2269376590848 3766.1112305223942 3078.8531811460853 468.26643286272883 1634.3389078751206 150.45258821174502 1719.4025498144329 778.40459891781211 4639.3824374936521 83.113097727298737 1513.6217927671969 782.93604335188866 20.532848585397005 20.568255089223385 578.10844586789608 849.89468460902572 289.76106827706099 134.99412341043353 2459.850275836885 257.384128510952 1237.3532642237842
leaf_count=304331 4578 59566 6836 7820 7059 6760 836 23074 8143 11534 90832 13569 3668 11680 1089 30982 18764 119301 1731 32593 3760 260 460 2877 5070 1321 1414 11062 1224 10696
internal_value=-0.000972479 -0.0250776 0.0420727 0.0502538 -0.0306847 0.0223546 -0.00696156 -0.0340108 0.0101254 0.020971 -0.0170723 0.0564527 0.0348899 0.0369184 0.0178289 -0.0113852 -0.0253424 -0.0284035 -0.00637681 -0.0167647 0.0595054 0.0439651 0.117299 0.0452183 0.020198 0.0530821 0.0151973 0.0484989 0.0279783 0.0273512
internal_weight=43719.3 28025.6 15693.8 11090.7 21401 4603.1 6624.55 17197.4 2503.02 905.181 4203.57 7900.39 3190.27 2100.08 2022.91 5719.37 6491.97 5589.35 902.619 3999.97 6868.78 124.214 41.1011 1872.1 1318.16 3789.93 437.461 3007 547.145 1387.81
internal_count=802890 702737 100153 57207 567226 42946 135511 467921 26688 12370 99305 37772 19435 16258 19928 123141 163590 142375 21215 92159 30936 2451 720 10697 8738 17367 8473 13607 2545 11785
is_linear=0
shrinkage=0.05


Tree=16
num_leaves=31
num_cat=0
split_feature=15 0 1 15 14 14 14 13 18 1 14 23 22 22 22 22 15 0 14 5 23 1 0 14 0 18 13 22 18 20
split_gain=16443.9 1321.87 881.785 704.868 420.791 232.941 229.767 220.599 208.837 176.106 164.837 212.662 187.817 167.53 228.683 147.265 145.199 144.878 132.199 145.262 125.356 112.211 110.121 97.2971 93.8805 91.2415 84.2036 72.6362 72.5206 71.9267
threshold=9.7743926048278826 44.944404602050788 22.074687719345096 21.682642936706547 227.50000000000003 180.50000000000003 199.50000000000003 66.506829220167262 159.69117736816409 21.318968534469608 267.50000000000006 1.6688709500000003 -0.033103309549999994 0.11266563500000001 0.21535670000000004 0.038758732350000012 4.5905609130859384 84.736579895019545 181.50000000000003 9.5000000000000018 1.8059088000000003 12.682733476161959 0.22810353338718417 206.50000000000003 16.308449745178226 155.79412078857425 -47.872978040031597 0.54894245000000008 170.41477203369143 25.48380279541016
decision_type=2 2 2 2 2 2 2 2 2 2 2 2 2 2 2 2 2 2 2 2 2 2 2 2 2 2 2 2 2 2
left_child=2 3 4 5 8 22 21 16 -1 -7 12 -12 28 -13 -15 26 -4 23 19 -9 -16 25 -2 -3 -8 -5 -10 -23 -6 -28
right_child=1 17 7 6 10 9 24 18 15 -11 11 13 -14 14 20 -17 -18 -19 -20 -21 -22 27 -24 -25 -26 -27 29 -29 -30 -31
leaf_value=0.0053965689958315778 -0.0040182103459012125 0.060372026450962284 -0.019850850500118814 0.050858461668264514 -0.026770106295979718 -0.010379588237606721 0.020044267447015676 0.010704607953997277 -0.042168943011510862 0.014400563536256903 -0.016251239729218395 -0.010238269360584876 -0.033298594573578172 0.15505717346713094 -0.030867985868614917 -0.043545547418863184 -0.0020336124680077282 0.071728770151106597 0.0084003211912480596 0.11773033639305577 0.069844335100096924 0.052868826068634557 0.03777504043565616 0.042576722991995865 0.036474280846340711 0.00030877825005058289 -0.032665726854987302 0.035024000957115393 -0.012664676285418753 -0.019779576100221422
leaf_weight=301.43719818815589 185.34488084539771 2016.558490395546 2376.1423653028905 146.87029115110636 1348.7803130187094 1092.9440445266664 1611.5237706042826 63.789084527641535 1671.696105632931 2080.1408454701304 993.40378079563379 136.59591263532639 3236.8829265460372 48.180085700005293 52.670864462852478 4798.8565169647336 2203.8150649257004 1664.728838481009 647.2357156984508 62.46738575398922 72.227201037108898 2850.5536938309669 1045.6321596540511 1263.1001738980412 1900.3941556178033 225.27921907231212 4267.2104511484504 723.74520122259855 2817.8094679228961 1459.3789824545383
leaf_count=5221 2108 8629 56458 849 33193 18316 11746 926 50041 20541 23534 2910 84780 581 1253 141758 43795 6854 9373 664 1506 14069 8802 6104 10057 1743 122300 3659 71560 41000
internal_value=-0.00074961 0.0379535 -0.0252422 0.0288963 -0.0298198 0.0130311 0.0382614 -0.00710831 -0.0356993 0.00586465 -0.0213763 -0.00497326 -0.0242624 0.0311412 0.0636698 -0.0367153 -0.0112797 0.059673 0.0175741 0.0641663 0.027465 0.0465445 0.0314842 0.0535336 0.0289428 0.0203412 -0.0322796 0.0492663 -0.0172361 -0.0293858
internal_weight=43365.4 16806.8 26558.6 11862.4 21205.1 4404.06 7458.37 5353.45 12498.6 3173.08 8706.55 1303.08 7403.47 309.674 173.078 12197.1 4579.96 4944.39 773.492 126.256 124.898 3946.45 1230.98 3279.66 3511.92 372.15 7398.29 3574.3 4166.59 5726.59
internal_count=804330 113477 690853 91890 579637 49767 42123 111216 360320 38857 219317 29784 189533 6250 3340 355099 100253 21587 10963 1590 2759 20320 10910 14733 21803 2592 213341 17728 104753 163300
is_linear=0
shrinkage=0.05


Tree=17
num_leaves=31
num_cat=0
split_feature=18 0 2 14 0 14 14 18 0 21 12 22 21 24 12 5 4 4 4 21 12 11 12 12 14 14 11 21 21 18
split_gain=14064.6 1469.51 1244.58 526.782 504.606 435.283 427.079 384.939 326.464 280.919 269.04 198.565 177.944 154.453 149.76 146.112 138.212 137.348 129.684 128.034 156.261 135.093 127.509 279.435 143.002 124.957 310 213.483 122.483 117.833
threshold=159.57353210449222 10.856282234191896 63.299951374530799 237.50000000000003 59.816541671752937 229.50000000000003 215.50000000000003 155.79412078857425 20.693199157714847 0.36153364000000004 2.3854489164086692 0.030713726750000003 -1.5734585999999997 5.5000000000000009 3.3018575851393193 4.5000000000000009 234.66118459776047 545.79983105883014 81.932634789496674 -0.97553550999999994 4.2058823529411766 50.50536256878646 8.4334365325077432 5.5433436532507754 169.50000000000003 266.50000000000006 46.041871786809565 1.6484033000000002 -0.79875919499999992 163.00000000000003
decision_type=2 2 2 2 2 2 2 2 2 2 2 2 2 8 2 2 2 2 2 2 2 2 2 2 2 2 2 2 2 2
left_child=1 3 5 7 6 11 19 -1 -4 -9 16 18 15 25 -8 -7 -5 -10 -2 22 21 -21 23 -3 -25 28 -27 -28 -14 -13
right_child=2 4 8 10 -6 12 14 9 17 -11 -12 29 13 -15 -16 -17 -18 -19 -20 20 -22 -23 -24 24 -26 26 27 -29 -30 -31
leaf_value=0.044234619373909309 -0.033484417004136478 0.01888839829951635 -0.0091677103571938933 -0.034599068932676842 0.061723455680731565 0.064441437531743348 0.032151094343569955 0.00045723726024006554 0.012032225688031382 0.040149297435519801 -0.028733626390087603 -0.011059585066021754 0.0035224550782430998 -0.026638760663958507 0.0084174305938914448 -0.0060385696842756159 0.030081699814993635 0.049883686060179157 -0.020132366316955724 0.071800867530469034 0.038192134670879591 0.048963621699798399 -0.019962706820674567 0.16537339770160914 0.063881596585068742 -0.021705124769232233 0.016293130914789615 0.11861101988994999 -0.022502620857674863 -0.043438570976585947
leaf_weight=1331.9672355726361 5625.7172467708588 608.69581724330783 2877.9049038439989 103.35519146174192 3229.3765697516501 105.60107707977295 1584.4432189613581 1748.1183665059507 1215.3136799558997 597.36664423719049 935.90034018829465 298.75974017381668 577.30898625776172 4776.6960448920727 1146.0665524303913 236.59052464365959 396.54965502023697 297.88327412307262 2696.4648257121444 1001.5208441726863 1831.1851549819112 1878.4268126413226 114.38890016078949 43.625787112861872 170.45026920363307 316.91613139212132 132.07173176854849 82.42504646256566 2079.3237381577492 4945.6984449420124
leaf_count=8016 165644 3348 58278 1825 13450 2456 11430 19029 17764 5082 16892 6706 14097 125500 9016 5570 4352 1940 74280 5008 8895 8980 662 231 904 7821 2976 981 53487 150893
internal_value=-0.000754768 0.0350882 -0.0235747 0.0127516 0.0449252 -0.0284511 0.0384442 0.0227778 0.000717514 0.0105791 -0.012926 -0.033971 -0.0194332 -0.0209503 0.0221962 0.0158361 0.0166666 0.0195116 -0.0291612 0.0462935 0.0496549 0.0569276 0.0293608 0.0362341 0.085237 -0.0124215 0.00969713 0.055979 -0.016848 -0.0415965
internal_weight=42986.1 16721.4 26264.7 5113.26 11608.2 21873.6 8378.8 3677.45 4391.1 2345.49 1435.81 13566.6 8306.93 7964.74 2730.51 342.192 499.905 1513.2 8322.18 5648.29 4711.13 2879.95 937.161 822.772 214.076 3188.05 531.413 214.497 2656.63 5244.46
internal_count=805513 117120 688393 55196 61924 610411 48474 32127 77982 24111 23069 397523 212888 204862 20446 8026 6177 19704 239924 28028 22883 13988 5145 4483 1135 79362 11778 3957 67584 157599
is_linear=0
shrinkage=0.05


Tree=18
num_leaves=31
num_cat=0
split_feature=15 0 2 15 14 21 17 0 14 21 14 12 0 12 21 14 12 14 20 21 14 21 12 21 14 21 18 0 12 23
split_gain=13697 1137.25 707.204 538.736 354.042 266.993 248.066 228.587 212.566 233.469 199.11 199.814 188.555 178.028 157.445 149.995 127.371 121.159 115.826 114.361 114.065 120.913 104.728 139.152 132.674 155.66 114.121 104.372 123.386 133.552
threshold=9.4815282821655291 37.453712463378913 45.200808897614486 21.682642936706547 229.50000000000003 0.14982857000000002 163.60294342041018 18.492912292480472 199.50000000000003 -0.12487920499999999 183.50000000000003 3.1563467492260067 77.608024597167983 3.0201238390092882 0.51909596000000013 218.50000000000003 8.5232198142414877 246.50000000000003 57.681983947753913 -0.97553550999999994 259.50000000000006 1.3891004000000002 1.9922600619195048 -1.5734585999999997 265.50000000000006 1.6484033000000002 181.17995452880862 0.37249350547790533 5.5773993808049545 1.1608809500000004
decision_type=2 2 2 2 2 2 2 2 2 2 2 2 2 2 2 2 2 2 2 2 2 2 2 2 2 2 2 2 2 2
left_child=2 3 4 5 6 10 14 20 16 -10 27 -12 18 15 -1 -7 -5 -15 -3 -18 -4 -22 24 26 -6 -26 -24 -2 29 -29
right_child=1 12 7 8 22 13 -8 -9 9 -11 11 -13 -14 17 -16 -17 19 -19 -20 -21 21 -23 23 -25 25 -27 -28 28 -30 -31
leaf_value=-0.010991268135571115 -0.017481840175225721 0.049827647282350923 -0.01908189344029184 0.043894055438677054 -0.016645984827487442 0.057640728921617396 -0.035587773883598704 0.0078689206184115318 0.0083947838933633358 0.035518891840500555 0.0089536221569653015 -0.027002155425231541 0.06297472312062545 0.01850161493116767 0.0694931042600372 0.020091877372585016 -0.022135346442899599 -0.022480472761237016 0.031380166830371786 0.036441596715547829 -0.0073369732017310452 0.041726415778621739 -0.0058026263496669178 -0.025034617074811763 0.0024034111576580956 0.088885908998593097 0.07359655357011724 0.041513486859172125 0.073471645207687883 -0.0075957360637504958
leaf_weight=256.28411347419024 159.99953209608793 2877.7468011453748 3363.2994095906615 3286.9048575796187 1182.2152619175613 496.37288801372051 11570.957565033808 1487.7048666588962 1455.7326441071928 1744.5937058143318 678.11366061493754 895.98104754835367 2048.4691073596478 670.27575166523457 78.569298598915339 575.27036626264453 143.53067449107766 245.66010585799813 1218.5886146090925 195.97197961807251 717.29605353996158 151.17867409065366 187.96689639985561 5789.7915356047451 272.56096284836531 63.324255373328924 58.555077005177736 280.4902052283287 118.4522453583777 271.90553214773536
leaf_count=4312 2102 12472 80146 16489 30408 4026 359644 26020 10618 9370 8211 14473 8414 7282 1010 5177 998 3603 6253 1037 14822 2647 4366 155516 5957 711 1360 2264 1323 2747
internal_value=-0.000885277 0.0332773 -0.0244444 0.0238039 -0.028987 0.0101414 -0.03436 -0.00898578 0.0325919 0.0231874 -0.00106627 -0.0115167 0.0505673 0.0236963 0.0080441 0.0375216 0.0408827 0.00749742 0.0443488 0.0116849 -0.0149116 0.00124184 -0.0205157 -0.023468 -0.00876886 0.0189234 0.0132778 0.0187228 0.0273709 0.0173704
internal_weight=42543.8 17364.1 25179.7 11219.3 19460.2 4392.52 11905.8 5719.48 6826.73 3200.33 2404.94 1574.09 6144.8 1987.58 334.853 1071.64 3626.41 915.936 4096.34 339.503 4231.77 868.475 7554.41 6036.31 1518.1 335.885 246.522 830.848 670.848 552.396
internal_count=803778 116859 686919 89720 563284 51208 364966 123635 38512 19988 31120 22684 27139 20088 5322 9203 18524 10885 18725 2035 97615 17469 198318 161242 37076 6668 5726 8436 6334 5011
is_linear=0
shrinkage=0.05


Tree=19
num_leaves=31
num_cat=0
split_feature=25 20 10 6 4 13 12 25 4 12 25 20 20 18 12 18 24 18 20 12 13 18 24 4 4 12 20 24 12 20
split_gain=12340.2 1011.84 856.968 480.204 406.738 364.595 292.787 226.066 215.842 194.252 191.889 167.68 163.051 155.798 149.951 143.006 135.493 154.765 123.127 120.442 113.538 113.229 102.447 108.615 101.13 100.268 94.2634 84.7079 93.8149 143.901
threshold=30.574545726180084 63.940284729003913 14.989200115203859 1.0000000180025095e-35 981.58256387710583 -42.614684594005062 2.5030959752321986 26.685620248317722 259.93872990459209 5.1904024767801866 39.013249492645272 42.333641052246101 21.092330932617191 155.79412078857425 11.018575851393191 155.79412078857425 2.5000000000000004 171.18182373046878 76.348884582519545 1.9086687306501551 511.15411284659353 155.69117736816409 2.5000000000000004 353.46406160295015 1159.3404649794104 1.6160990712074306 45.151657104492195 5.5000000000000009 5.7941176470588251 17.721443176269535
decision_type=2 2 10 2 2 2 2 2 2 2 2 2 2 2 2 2 8 2 2 2 2 2 10 2 2 2 2 10 2 2
left_child=2 3 5 10 6 -1 13 11 -4 -6 -2 -7 -10 -3 20 -5 17 -13 -11 -18 26 -8 -15 -24 -14 -17 27 -12 -29 -30
right_child=1 4 8 15 9 7 21 -9 12 18 14 16 24 22 -16 25 19 -19 -20 -21 -22 -23 23 -25 -26 -27 -28 28 29 -31
leaf_value=-0.040395954657824369 0.027588858703345515 0.037521599684067118 -0.011325094148532118 0.03631126068549699 0.040451397191697026 -0.033674683366195314 0.0052844120121601388 -0.011893844500701363 0.063133928937896086 0.027021366207515763 0.050687765353683134 -0.030895095989251484 0.004199888363563632 -0.0091838843744441474 -0.0078031490877673929 0.035408237049492926 -0.007182761384612945 0.0066541839134388499 -0.029550119273557347 -0.028594513816082929 0.067178069065655779 -0.020298853508232836 -0.010343611472977694 0.045957279813754033 0.11246462372647137 -0.0067949209832407868 0.036560992927058902 0.021222533127358972 0.12943189245430037 0.040332369655535216
leaf_weight=4669.514898641035 1780.2424293681979 642.72449461743236 3634.7697592955083 397.84741707891226 1428.6274265125394 5656.3026338983327 688.78126852959394 2918.4503618907183 139.14765799604356 203.37555287778378 5110.1683103665709 424.1831245534122 1191.5401335600764 516.20854717493057 129.58858726173639 170.12473181076348 774.74326309747994 773.13630178943276 180.6906817778945 4341.7529797963798 611.12914519011974 1159.8274090960622 134.80378619581461 232.50640589371324 20.970501285046339 791.57723707519472 2481.3395741060376 556.20745069906116 53.243985131382942 288.72396628558636
leaf_count=150894 13565 4733 80821 2444 8630 179229 7816 76254 1631 1328 23180 11226 17126 5975 751 2217 19305 19946 1943 123265 2488 18292 1952 1854 168 11336 11480 2728 275 1368
internal_value=-0.000592012 0.0314122 -0.0234864 0.0391849 0.0128737 -0.0282036 0.00261025 -0.0243773 -0.00498211 0.0319701 0.0426464 -0.0274196 0.0120707 0.0188118 0.0455472 0.0111399 -0.0218115 -0.00666336 0.000398699 -0.0253544 0.0463077 -0.010769 0.00517415 0.0253227 0.00616347 0.000699828 0.0447976 0.0481925 0.033955 0.054542
internal_weight=42102.3 17557.7 24544.5 12370.2 5187.55 19558.1 3374.85 14888.6 4986.43 1812.69 11010.6 11970.1 1351.66 1526.24 9230.4 1359.55 6313.82 1197.32 384.066 5116.5 9100.81 1848.61 883.519 367.31 1212.51 961.702 8489.68 6008.34 898.175 341.968
internal_count=804220 124355 679865 71832 52523 580119 40622 429225 99746 11901 55835 352971 18925 14514 42270 15997 173742 31172 3271 142570 41519 26108 9781 3806 17294 13553 39031 27551 4371 1643
is_linear=0
shrinkage=0.05


Tree=20
num_leaves=31
num_cat=0
split_feature=19 0 13 14 0 14 18 21 14 22 12 12 13 0 21 4 11 14 4 12 21 22 12 4 21 11 21 14 12 4
split_gain=10906.4 1262.58 719.919 473.105 467.961 435.887 332.106 384.376 308.127 196.37 173.023 159.449 154.083 145.629 141.123 132.977 132.426 130.047 118.162 116.781 115.395 121.266 110.902 109.898 113.818 108.03 130.164 171.435 114.16 112.79
threshold=0.13235294446349147 11.47038793563843 11.129713277571804 229.50000000000003 43.300025939941413 238.50000000000003 156.63235473632815 0.36153364000000004 216.50000000000003 0.030713726750000003 2.3854489164086692 1.2368421052631582 66.506829220167262 107.07286071777345 -1.0846349999999998 243.7102416083217 50.095855824868472 251.50000000000003 112.68286483362319 5.6238390092879262 -1.5734585999999997 0.20379827500000003 1.212074303405573 1038.3874968290331 0.063103135650000017 51.624088383588266 0.62234553500000012 203.50000000000003 1.5928792569659445 80.259969934821143
decision_type=2 2 2 2 2 2 2 2 2 2 2 2 2 2 2 2 2 2 2 2 2 2 2 2 2 2 2 2 2 2
left_child=1 5 3 9 8 6 14 -8 16 18 15 17 -4 -6 -1 -7 -3 -5 25 -9 -13 -22 -19 -10 -25 26 27 -2 -28 -30
right_child=2 4 12 11 13 10 7 19 23 -11 -12 20 -14 -15 -16 -17 -18 22 -20 -21 21 -23 -24 24 -26 -27 28 -29 29 -31
leaf_value=0.0062352058171905268 -0.036083865019036702 0.044456324344447073 -0.0086817314399395325 -0.015596319717251887 0.044608216656261572 -0.035497200452783602 -0.0092714095473264754 0.047147877667405205 0.0054790040848296511 -0.041341645538906915 -0.026160998938505448 0.011610071690931482 0.015959268487346839 0.066868825485154798 0.037408068264398062 0.021592785497299642 0.02796314497149361 0.012490524115805573 -0.01577579529682353 -0.0068036909267922361 -0.016781885872027537 -0.031554377391584607 0.10478683288819662 0.011922924169671632 0.050149209633791603 -0.040906701718107411 0.069313760222218024 -0.0081920368096106509 -0.019718355012039109 0.058084398987457445
leaf_weight=458.92155534029007 2586.6518051642925 2325.2417987920344 2889.520540645346 595.07015244662762 4374.5849110633135 131.8136992752552 1622.2502182852477 510.70742000639439 1482.0295764394104 4774.5538784470409 992.15392059460282 267.95148504525423 811.85250681638718 888.79289745539427 1745.4260517992079 439.0320275388658 2572.1884737201035 464.65248138457537 1502.7160366196185 124.46427942439914 4039.525132695213 2121.2296165376902 34.041726365685463 449.34547762945294 343.7992542758584 2009.09877592884 48.596692388877273 700.81794448383152 396.55807485803962 51.788893729448318
leaf_count=3410 83720 11939 64754 15130 18913 2463 20911 4613 13199 158440 19236 6298 11855 3619 9752 4739 12969 10641 44019 1261 110402 61613 521 2930 1940 66515 1545 21882 12846 1590
internal_value=-0.000750718 0.0279534 -0.0234987 -0.0273189 0.0370543 0.00916492 0.017124 0.00364081 0.0287383 -0.0334528 -0.0135517 -0.0174732 -0.00327417 0.0483792 0.030924 0.00837114 0.0358014 0.000175065 -0.0282855 0.0365818 -0.0204754 -0.0218725 0.0189879 0.0135255 0.0285349 -0.031527 -0.0265379 -0.0301422 -0.00268152 -0.010622
internal_weight=41755.4 18460.8 23294.6 19593.3 12436 6024.77 4461.77 2257.42 7172.6 12070.8 1563 7522.47 3701.37 5263.38 2204.35 570.846 4897.43 1093.76 7296.23 635.172 6428.71 6160.75 498.694 2275.17 793.145 5793.51 3784.41 3287.47 496.944 448.347
internal_count=803665 131894 671771 595162 65509 66385 39947 26785 42977 390557 26438 204605 76609 22532 13162 7202 24908 26292 232117 5874 178313 172015 11162 18069 4870 188098 121583 105602 15981 14436
is_linear=0
shrinkage=0.05


Tree=21
num_leaves=31
num_cat=0
split_feature=25 0 1 0 17 14 4 20 14 0 11 22 14 14 11 22 11 14 18 0 25 4 22 17 20 11 11 20 22 2
split_gain=10103.9 988.133 930.509 361.825 351.293 333.316 270.629 268.125 265.028 138.218 133.967 130.923 124.067 120.146 198.494 163.875 114.777 111.077 127.829 110.252 105.736 99.9748 94.1123 90.6513 84.5134 81.9895 80.0121 70.5696 154.967 162.443
threshold=30.28137938678265 12.15512800216675 17.660273194313053 67.389881134033217 155.279411315918 227.50000000000003 205.23339615762237 64.423660278320327 215.50000000000003 0.18351475149393084 70.692184278597324 0.030713726750000003 179.50000000000003 267.50000000000006 52.327960417574225 -0.033103309549999994 42.957109953562274 238.50000000000003 162.54412078857425 30.247662544250492 24.868115207552915 1159.3404649794104 0.54894245000000008 172.91567230224612 82.68857574462892 26.484862307103892 9.0522675820548493 58.151657104492195 -1.2466693999999998 5.6983447074890146
decision_type=2 2 2 2 2 2 2 2 2 2 2 2 2 2 2 2 2 2 2 2 2 2 2 2 2 2 2 2 2 2
left_child=2 4 5 8 24 11 17 9 22 -6 -9 20 16 15 -15 23 -8 18 -4 -14 -1 -10 -3 -7 -2 -26 -25 28 29 -28
right_child=1 3 6 -5 7 13 12 10 21 -11 -12 -13 19 14 -16 -17 -18 -19 -20 -21 -22 -23 -24 26 25 -27 27 -29 -30 -31
leaf_value=-0.034384125804465114 0.03778459284403201 0.040309928685265374 0.012908857842706505 0.052067926346553606 -0.01007487087364455 -0.03817360053859431 0.15033318263580833 -0.017121657743578794 0.012699951188365892 0.018171538153082652 0.032471093984172986 -0.041360100265145652 -0.0012870595674027417 -0.013867352983433024 0.046131340523599455 -0.032146023845413145 0.032768003463379068 -0.0019126461452876971 -0.022742262469901506 0.02611338031890912 -0.020562067664762096 0.032433616509388315 0.025873251911628849 0.022194762804411232 -0.018218672234387535 0.027474772340394412 0.124654779862367 -0.01874560904494782 -0.011908945979641388 0.0071967515398694698
leaf_weight=4057.0637670233846 1198.9930517598987 4848.082628859207 280.19544703140855 2656.3657769747078 529.90661386400461 387.80955809354782 25.197889503091574 1457.2964607514441 2058.3788020499051 2355.8192477431148 149.27909621596336 3927.3555569257587 1348.2916675861925 823.69326118379831 164.5214508138597 2587.914411270991 104.59643443487585 1471.0481124836951 2400.1353812050074 503.44161926209927 2109.0549521222711 933.34774842858315 1481.5914555713534 156.5827422440052 147.33439049497247 289.91843903437257 44.864176705479622 2192.0307356733829 538.69367168098688 82.549643605947495
leaf_count=138043 6680 22767 5255 10946 9231 10869 353 24243 15959 19890 1819 137827 25359 21566 3158 77607 1157 33481 64872 5672 65756 5087 6925 4147 2693 3118 1219 60689 15136 2168
internal_value=-0.000563363 0.0274292 -0.0224055 0.0357839 0.0110973 -0.0284063 -0.00569917 0.00387009 0.0311383 0.0129829 -0.0124963 -0.0342165 0.00950032 -0.0199991 -0.00384202 -0.0226634 0.0565666 -0.0129547 -0.019012 0.00617253 -0.0296605 0.0188652 0.0369353 -0.0154437 0.0309249 0.0120717 -0.0125081 -0.0144164 -0.000162954 0.049204
internal_weight=41311.4 18106.3 23205 11977.8 6128.55 17072.1 6132.91 4492.3 9321.4 2885.73 1606.58 10093.5 1981.53 6978.66 988.215 5990.44 129.794 4151.38 2680.33 1851.73 6166.12 2991.73 6329.67 3402.53 1636.25 437.253 3014.72 2858.14 666.107 127.414
internal_count=803692 129358 674334 61684 67674 538185 136149 55183 50738 29121 26062 341626 32541 196559 24724 171835 1510 103608 70127 31031 203799 21046 29692 94228 12491 5811 83359 79212 18523 3387
is_linear=0
shrinkage=0.05


Tree=22
num_leaves=31
num_cat=0
split_feature=18 2 20 21 20 18 12 22 12 3 11 10 22 12 20 21 12 22 21 21 12 11 21 9 20 18 11 20 12 11
split_gain=8996.31 878.292 817.174 549.501 360.05 359.276 309.782 307.198 254.219 198.439 194.32 180.256 174.847 156.886 133.989 130.612 145.421 151.612 130.549 459.625 280.019 474.387 590.083 230.203 125.007 122.165 118.292 143.76 130.166 117.029
threshold=159.69117736816409 50.585170030593879 84.656867980957045 -0.17945643499999997 47.609481811523445 156.63235473632815 4.2275541795665648 0.45226171500000006 3.2368421052631584 345.03835487365728 18.035498580788683 15.710434529185298 0.038758732350000012 9.3421052631578956 40.889450073242195 -1.5734585999999997 1.9922600619195048 0.066633861500000016 1.2578024500000002 1.2804896500000003 4.3854489164086692 28.604480915371298 1.4441750000000002 11.500000000000002 29.333641052246097 156.63235473632815 63.239574884401854 47.123107910156257 0.76315789473684215 31.816619188781406
decision_type=2 2 2 2 2 2 2 2 2 2 2 10 2 2 2 2 2 2 2 2 2 2 2 2 2 2 2 2 2 2
left_child=2 4 3 5 12 14 26 10 25 -3 -8 -7 18 24 -1 -6 -17 -18 -2 -20 -21 -22 -23 -24 -9 -4 -5 28 -28 -12
right_child=1 9 8 6 15 11 7 13 -10 -11 29 -13 -14 -15 -16 16 17 -19 19 20 21 22 23 -25 -26 -27 27 -29 -30 -31
leaf_value=0.036233901943939432 -0.028878986316550698 -0.0060824363496839052 0.0227706647944977 0.053638620895639956 0.013330003948093411 -0.012751300903583451 -0.03050177794746179 -0.031200338072956864 -0.018989506808840716 0.027845111194685603 0.066612054293257159 0.015455465642531308 -0.040906159054750896 0.056358241459664837 0.018599802796446973 -0.0056692081195185134 -0.015849847317891508 -0.031975381757476044 0.22609887099547496 -0.041628061073313516 -0.046797572660772488 -0.048219503261746809 0.54712654599134403 0.19032815066346981 0.0093350437300621404 -0.0072454576392869717 0.095921334314058943 0.027144958119095106 0.04506856260691481 0.035128131935277383
leaf_weight=2677.6077078431845 6075.5374824926257 4949.0365904439241 1060.3308207467198 2884.6357826236635 318.07835066691041 881.25175147689879 93.673354722559452 277.90234830975533 1011.673164030537 471.09726821258664 401.89759915694594 1581.3815795704722 3742.3777730725706 123.81618206948042 1808.4843459352851 1542.0646469369531 3335.0798990763724 2594.0748232137412 20.766537325456738 210.22012808173895 39.369875773787498 13.649369390681384 9.1907037273049372 11.16439365968108 597.08774635381997 497.4746599458158 141.75780522078276 1304.6395352967083 1136.0130576342344 1129.839445175603
leaf_count=12736 204362 104020 8122 16175 7572 12392 647 1498 17322 3588 2430 10447 135864 778 10406 40165 95623 80542 676 7023 1282 459 306 349 3615 7066 659 6504 5236 5870
internal_value=-0.00040313 -0.0207648 0.0265748 0.0310265 -0.0261011 0.0207086 0.0398838 0.0257465 0.000515611 -0.00312899 0.0391503 0.00536061 -0.0323203 0.00391651 0.0291308 -0.0180159 -0.0193521 -0.0229092 -0.0272783 0.00466313 -0.0122892 0.071197 0.205244 0.369506 -0.00356017 0.0131867 0.0466639 0.0388551 0.0507808 0.043427
internal_weight=40941.2 23331.7 17609.5 15040 17911.6 6948.73 8091.26 2624.22 2569.48 5420.13 1625.41 2462.63 10122.3 998.806 4486.09 7789.3 7471.22 5929.15 6379.9 304.361 283.594 73.3743 34.0045 20.3551 874.99 1557.81 5467.05 2582.41 1277.77 1531.74
internal_count=803734 681831 121903 89393 574223 45981 43412 14838 32510 107608 8947 22839 350321 5891 23142 223902 216330 176165 214457 10095 9419 2396 1114 655 5113 15188 28574 12399 5895 8300
is_linear=0
shrinkage=0.05


Tree=23
num_leaves=31
num_cat=0
split_feature=17 0 13 14 14 17 13 0 0 24 18 14 11 4 24 11 14 24 11 13 18 14 14 0 11 14 24 11 3 24
split_gain=8212.69 960.937 674.594 644.734 373.302 294.773 244.674 223.671 166.233 157.493 165.549 147.835 151.373 138.467 134.096 154.881 130.631 127.696 127.381 108.464 107.094 113.891 101.65 90.1243 83.5452 78.7286 91.2263 89.4084 73.4412 72.4871
threshold=163.60294342041018 36.216108322143562 -7.6757066693191547 222.50000000000003 228.50000000000003 156.6470642089844 62.251172581866342 0.28832082450389868 107.07286071777345 2.5000000000000004 156.63235473632815 266.50000000000006 52.327960417574225 339.9721810072661 7.5000000000000009 52.834792444292155 187.50000000000003 2.5000000000000004 25.54010236654258 -41.654936913147147 171.10748291015628 180.50000000000003 208.50000000000003 19.775870323181156 25.766815043259243 215.50000000000003 5.5000000000000009 44.126377676085987 2.0965727865695958 4.5000000000000009
decision_type=2 2 2 2 2 2 2 2 2 8 2 2 2 2 10 2 2 8 2 2 2 2 2 2 2 2 10 2 2 8
left_child=1 3 4 7 19 18 16 -1 22 10 -9 17 -13 -7 15 25 -4 -6 -5 -2 21 -8 -3 28 -15 -11 27 -27 -18 -21
right_child=2 8 6 5 11 13 20 9 -10 14 -12 12 -14 24 -16 -17 23 -19 -20 29 -22 -23 -24 -25 -26 26 -28 -29 -30 -31
leaf_value=-0.0064011549851095764 -0.040994305666082628 0.040979639682010932 -0.02406923789188874 -0.014343411404424342 -0.0030306886124043036 -0.034219817943273584 0.083903423224668636 0.025031265487656485 0.059115209182043431 0.040826778399977379 -0.0053974639815532206 -0.011153909615579171 0.03734573072726316 -0.03409943108078211 0.00090395299306574375 0.021218898809233996 0.031468734897754938 -0.024800591810923742 0.017569632843252435 -0.022691774885412228 -0.0031016539810559355 0.020196715339434061 0.026972688662978479 0.007115677128325483 0.00053009485585638495 -0.011568497481937815 0.067936663767890593 0.042914369407853245 -0.012482637796050114 -0.034386583103805025
leaf_weight=604.30138306319714 3513.7053877264261 3517.7831176482141 1780.6046575382352 385.63030322268605 818.27975100465119 672.32439847290516 85.534334540367126 1066.3486728742719 888.89224188029766 2913.5435537397861 768.54816361516714 578.77637274935842 221.67820968478918 211.80390893854201 397.00348340719938 2384.4315953552723 96.647640569135547 3816.7712172865868 1637.4736683145165 2207.0215456336737 402.91765072196722 376.8455659635365 2065.206653688103 801.45848163031042 959.14774506352842 227.3152283243835 72.389570124447346 111.3879379183054 3663.0246717371047 3352.9323714859784
leaf_count=6847 133167 14728 55420 6166 21872 14398 942 5399 3679 17485 7397 15785 4164 4293 2874 13283 2683 116169 13678 75168 7247 4785 9804 16031 11283 1645 459 699 97677 118748
internal_value=-0.000719632 0.0233955 -0.0216893 0.0152487 -0.0279 -0.00169282 -0.00918374 0.0229134 0.0390144 0.0251447 0.0122902 -0.0175327 0.00230744 -0.0161519 0.0290049 0.0309585 -0.0125869 -0.0209588 0.0114825 -0.0341078 0.015744 0.0321373 0.0358041 -0.00810012 -0.00575751 0.0379353 0.0173933 0.00642265 -0.0113447 -0.0297492
internal_weight=40599.7 18883.5 21716.2 12411.6 14509.2 3866.38 7207.03 8545.27 6471.88 7940.97 1834.9 5435.51 800.455 1843.28 6106.07 5709.07 6341.74 4635.05 2023.1 9073.66 865.298 462.38 5582.99 4561.13 1170.95 3324.64 411.093 338.703 3759.67 5559.95
internal_count=803975 134117 669858 105906 485073 49818 184785 56088 28211 49241 12796 157990 19949 29974 36445 33571 171811 138041 19844 327083 12974 5727 24532 116391 15576 20288 2803 2344 100360 193916
is_linear=0
shrinkage=0.05


Tree=24
num_leaves=31
num_cat=0
split_feature=25 0 0 14 14 21 4 12 12 25 23 17 17 24 12 20 0 21 21 9 14 14 12 12 14 4 17 14 22 14
split_gain=7919.02 794.06 762.093 441.112 360.055 310.082 224.683 197.294 190.115 147.77 145.902 139.569 133.559 150.242 162.724 139.52 126.299 118.652 116.457 113.418 116.343 109.827 109.272 181.827 175.933 101.247 100.176 97.9728 143.362 97.6399
threshold=30.28137938678265 41.627704620361335 8.5548720359802264 241.50000000000003 225.50000000000003 -0.87719526999999997 192.74484939128163 4.2275541795665648 2.2461300309597529 24.868115207552915 0.75663212000000013 156.6470642089844 172.91567230224612 2.5000000000000004 1.9922600619195048 78.265686035156264 84.736579895019545 -0.62958570999999985 -1.5327152499999999 1.5000000000000002 196.50000000000003 268.50000000000006 11.501547987616101 5.5773993808049545 176.50000000000003 1299.6740894317629 195.63392639160159 175.50000000000003 -0.55802616499999991 179.50000000000003
decision_type=2 2 2 2 2 2 2 2 2 2 2 2 2 8 2 2 2 2 2 2 2 2 2 2 2 2 2 2 2 2
left_child=2 3 4 5 9 19 -4 17 -5 -1 -10 -9 -6 -14 15 -15 -3 -7 21 20 22 -16 23 27 -25 -12 -19 -2 -29 -8
right_child=1 16 6 8 12 7 29 11 10 -11 25 -13 13 14 18 -17 -18 26 -20 -21 -22 -23 -24 24 -26 -27 -28 28 -30 -31
leaf_value=-0.03612805045323874 -0.0060681747828308487 0.034763862610287286 -0.010451460878947581 0.014647903256581577 -0.035435437886356329 0.0077710951158562087 0.057930531667060019 0.025577245581852637 -0.039463570069240082 -0.023410724139395239 -0.0082532303934034126 0.0048122656617120181 5.9981756111413878e-05 -0.016649403329553492 -0.0040874560558347879 0.016816058204170599 0.051510720759265709 0.034981715189511216 -0.024396415330598387 -0.014564903056178033 -0.0046979522776527793 0.11137344826403905 -0.049734631087255649 0.10942071584689789 0.02990587492248474 0.061518998718758301 -0.021702850342429109 0.0041217696550890836 0.072851170537884036 0.010244784443711985
leaf_weight=6408.7396361958236 381.35346315801144 3837.8414337746799 2494.8887728024274 871.42235098034143 896.32240878231823 474.2434286121279 115.23567442037165 1736.8313525542617 426.21237106621265 3562.8090041298419 843.61751249618828 1515.452462522313 1347.8908566553146 756.66811295226216 67.598510019481182 527.84306469932199 1603.3070510961115 4626.1231320519 4237.3598088342696 564.30154421925545 695.37705013528466 28.578489802777767 50.187015194445848 104.7445000950247 206.74558353796601 54.408964589238167 78.650361195206642 190.37614151462913 125.29146014712751 1417.3509082719684
leaf_count=239645 2504 16646 65024 9368 26050 3504 1198 8524 7571 118033 14428 13387 35506 20891 1690 12039 6673 27196 131411 7389 5551 592 327 555 1163 520 2399 1052 697 22011
internal_value=-0.000502419 0.0236806 -0.0208418 0.0169419 -0.025278 0.0211128 -0.00119683 0.0255655 -0.00347905 -0.031587 -0.0154096 0.0159059 -0.0172733 -0.0149316 -0.0185278 -0.00289509 0.0397071 0.0316272 -0.0231598 0.00491584 0.0111877 0.0310142 0.0216163 0.0252128 0.0569089 -0.0039622 0.0340297 0.0109869 0.031545 0.0138657
internal_weight=40247.8 18386.5 21861.3 12945.3 17833.8 10749.7 4027.48 8431.3 2195.66 9971.55 1324.24 3252.28 7862.26 6965.94 5618.05 1284.51 5441.15 5179.02 4333.54 2318.38 1754.08 96.177 1058.7 1008.51 311.49 898.026 4704.77 697.021 315.668 1532.59
internal_count=803544 129454 674090 106135 585857 74248 88233 55010 31887 357678 22519 21911 228179 202129 166623 32930 23319 33099 133693 19238 11849 2282 6298 5971 1718 14948 29595 4253 1749 23209
is_linear=0
shrinkage=0.05


Tree=25
num_leaves=31
num_cat=0
split_feature=15 0 4 25 14 14 0 18 12 0 0 25 12 11 14 14 12 14 12 4 14 12 11 12 11 17 11 11 12 14
split_gain=7166.83 686.45 531.573 308.495 290.96 260.275 254.423 221.23 180.188 154.164 153.569 138.985 141.569 132.337 110.803 105.41 102.066 98.2089 94.6747 91.5902 91.503 88.4956 88.8237 85.4203 79.8774 87.3041 77.6691 74.1403 73.6259 76.433
threshold=8.9701395034790057 41.627704620361335 114.95012314990164 39.013249492645272 222.50000000000003 240.50000000000003 17.017292022705082 159.69117736816409 4.7275541795665648 94.14953994750978 2.2470753192901616 26.694967439770704 2.6517027863777094 51.28246849409706 266.50000000000006 217.50000000000003 4.2275541795665648 205.50000000000003 10.332817337461302 1299.6740894317629 226.50000000000003 2.3668730650154806 68.440097592586525 0.65944272445820451 46.041871786809565 184.44949340820315 48.568307223703847 61.85164704809295 0.84365325077399389 212.50000000000003
decision_type=2 2 2 2 2 2 2 2 2 2 2 2 2 2 2 2 2 2 2 2 2 2 2 2 2 2 2 2 2 2
left_child=2 3 4 10 7 16 11 -1 19 20 -2 14 -13 -9 -4 -12 27 -18 23 26 -3 22 24 -6 -16 -26 -7 -5 -29 -30
right_child=1 9 6 5 18 8 -8 13 -10 -11 15 12 -14 -15 21 -17 17 -19 -20 -21 -22 -23 -24 -25 25 -27 -28 28 29 -31
leaf_value=0.010355569513658937 -0.018988216301326348 0.035674979102307339 -0.021967753030884038 0.0326376082339771 0.022306418410175399 -0.0092936724083997023 0.010320792835493727 -0.028580865793462223 -0.032457566443380513 0.052378347415687081 0.013612191880835421 0.011818464050148131 -0.014374123109449669 -0.041901361646041184 -0.0039692626215549589 -0.01087458176661011 0.023309242838755375 0.0054782491787992342 0.010738686654225789 0.065408553116109616 0.016199376622164346 -0.017396227957739593 -0.021510635966483452 -0.019635374270159208 0.0048182112768371038 0.095122852204324246 0.018455359913596914 0.048458185786177638 0.023675691871276119 -0.0023690319803926743
leaf_weight=297.77545179240406 662.85940469056368 3648.7352601364255 3766.8896480668336 3332.1184082701802 123.60553018562496 444.73088154941797 1318.7278384491801 5066.8486967850477 318.67866720631719 1251.6358375549316 1936.5302937366068 894.3135750349611 1216.3831208515912 2964.7790234424174 62.169789005070925 567.62410744465888 2267.926481179893 1171.7866677902639 289.31757525354624 69.336044229567051 725.48259311169386 275.71503968909383 77.490095246583223 5030.086247548461 39.892980080097914 81.018986690789461 579.97700312361121 183.40953367203474 803.72783868759871 433.15301318466663
leaf_count=4230 13100 15339 117098 17824 3061 5234 23731 186857 5778 5293 17963 20446 33453 117281 1512 7951 11075 7942 8320 447 3646 7916 1588 153776 707 1178 4432 926 3482 2263
internal_value=-0.000568942 0.0223401 -0.020168 0.015928 -0.0260582 0.0203898 -0.00967505 -0.0319336 0.000568888 0.0368916 0.00239424 -0.0137873 -0.00327584 -0.0335026 -0.0189412 0.00805958 0.0238074 0.0172382 -0.0170628 0.0102099 0.0324493 0.00231907 0.0231669 -0.0186253 0.0420909 0.0656122 0.00641475 0.0285574 0.0189688 0.0145603
internal_weight=39902.7 18397.7 21505 12771.9 13772.4 9604.84 7732.6 8329.4 1412.72 5625.85 3167.01 6413.87 2110.7 8031.63 4303.18 2504.15 8192.12 3439.71 5443.01 1094.04 4374.22 536.287 260.572 5153.69 183.082 120.912 1024.71 4752.41 1420.29 1236.88
internal_count=803849 122695 681154 98417 473525 59403 207629 308368 15891 24278 39014 183898 53899 304138 129999 25914 43512 19017 165157 10113 18985 12901 4985 156837 3397 1885 9666 24495 6671 5745
is_linear=0
shrinkage=0.05


Tree=26
num_leaves=31
num_cat=0
split_feature=25 3 15 13 21 12 15 13 21 21 21 15 17 21 23 21 12 10 13 23 21 12 5 23 12 11 11 12 25 23
split_gain=6415.4 657.798 594.681 289.112 287.833 291.712 189.659 182.98 164.865 158.198 126.922 122.239 119.737 108.519 131.355 149.337 94.4287 89.0536 88.7304 88.2677 172.728 130.589 110.147 82.4015 78.5983 102.061 98.0131 74.0928 74.0063 72.2582
threshold=30.28137938678265 70.045047521591201 35.925676345825202 -41.654936913147147 -0.56170388999999987 3.187306501547988 3.9580683708190922 42.001420177657728 0.38595135500000005 0.39547174000000002 0.8261199600000001 13.245591163635256 179.88861083984378 1.23086125 1.6901442000000002 1.5744800000000003 11.018575851393191 -7.5763349793851367 114.60094258135753 0.80457514500000016 0.74276534000000016 0.76315789473684215 14.500000000000002 1.6003815000000003 1.1099071207430342 55.163667807822634 71.626220415770192 1.4442724458204337 23.510928463935858 1.7520907000000003
decision_type=2 2 2 2 2 2 2 2 2 2 2 2 2 2 2 2 2 8 2 2 2 2 2 2 2 2 2 2 2 2
left_child=1 3 4 -1 7 10 -3 -2 16 18 -6 -7 19 28 15 -15 -4 -17 -8 20 -11 22 23 -21 25 -12 -27 -16 -5 -9
right_child=2 6 8 13 5 11 9 29 -10 12 24 -13 -14 14 27 17 -18 -19 -20 21 -22 -23 -24 -25 -26 26 -28 -29 -30 -31
leaf_value=-0.038111965599997348 -0.013200068985293882 -0.017651590520661037 0.028970074492211534 -0.026779478825287157 0.021592923837716764 -0.010308797569172251 -0.011179166253167954 0.0060782718216160058 0.045118972583751388 0.038373846749960874 0.11978036157390924 0.012806528951138575 -0.0034697267123223116 0.01066330509118929 0.026270276539851135 0.24306432006124024 -0.014714128937459107 0.043132009860225418 0.022639989262047078 0.074048931098620346 0.2043459112127084 0.0088740350219380423 0.021335781116394604 0.23184927738682523 0.032479315238232789 0.0057193381613211726 0.066225252718235719 -0.036412744036448015 -0.018305695004383001 0.029232160439743572
leaf_weight=3490.1132784429938 1274.8935584593564 2405.1089524384588 4212.1128926128149 5557.2248124927282 3442.3553669061512 695.6888020131737 2216.5469281952828 1589.1519830413163 1980.4917318373919 171.60870624147356 57.645878756418824 3197.4607634209096 746.86095064692199 317.79176478460431 56.845602564513683 10.295744320377706 126.87587134540081 12.035907272249462 211.60841862857342 21.975098464637995 16.368457434698939 706.85897429659963 42.845811557024717 13.89683151617646 1171.4603932593018 97.365112951025367 214.55924625135958 258.52276403829455 4827.6492293085903 426.92641108110547
leaf_count=140737 18849 70920 18741 194323 24580 14463 51720 10531 8265 3020 357 19955 18116 10356 1115 233 716 199 1870 407 285 12647 653 267 7984 733 1381 8869 159331 2737
internal_value=-0.000784137 -0.0196353 0.0207152 -0.0255662 0.0142505 0.0189326 -0.00648368 0.00161991 0.0331582 -6.44939e-06 0.0269432 0.00867433 0.0115894 -0.0215971 -0.00186306 0.0196622 0.0276896 0.141776 -0.00822379 0.0231336 0.053831 0.0157291 0.0764019 0.139811 0.038873 0.0589974 0.0474174 -0.0250667 -0.0228424 0.0109934
internal_weight=39571.1 21084.2 18487 14530.5 12167.5 8876.54 6553.68 3290.97 6319.48 4148.57 4983.39 3893.15 1720.41 11040.4 655.492 340.123 4338.99 22.3317 2428.16 973.554 187.977 785.577 78.7177 35.8719 1541.03 369.57 311.924 315.368 10384.9 2016.08
internal_count=804360 675068 129292 515163 101570 69453 159905 32117 27722 88985 35035 34418 35395 374426 20772 10788 19457 432 53590 17279 3305 13974 1327 674 10455 2471 2114 9984 353654 13268
is_linear=0
shrinkage=0.05


Tree=27
num_leaves=31
num_cat=0
split_feature=25 1 1 14 20 14 4 24 24 14 11 18 11 18 13 12 20 4 12 24 11 23 24 23 25 12 14 20 11 12
split_gain=5872.4 674.501 498.504 346.538 237.74 217.222 200.434 166.001 162.716 148.001 181.319 141.635 137.208 126.726 126.431 116.646 106.066 105.375 104.714 108.227 102.309 124.869 101.597 97.8489 94.4974 92.0243 258.421 89.7382 89.5142 87.955
threshold=30.28137938678265 18.295722723007206 48.639724016189582 225.50000000000003 83.671569824218764 215.50000000000003 172.4826531261206 2.5000000000000004 7.5000000000000009 267.50000000000006 53.401806228566379 156.63235473632815 69.240060989413394 171.10748291015628 -39.435043463627615 3.1269349845201244 111.36764526367189 1227.8899683952334 3.3235294117647065 1.5000000000000002 34.722900977490859 0.8919598150000001 2.5000000000000004 1.9028643500000002 26.993091326951983 6.8452012383900938 229.50000000000003 13.492424011230471 61.85164704809295 2.9613003095975237
decision_type=2 2 2 2 2 2 2 8 10 2 2 2 2 2 2 2 2 2 2 8 2 2 8 2 2 2 2 2 2 2
left_child=1 3 4 14 8 18 -3 13 11 24 23 -2 16 -5 -1 17 -6 28 19 27 -20 -22 -13 -11 -9 -17 -27 -4 -7 -24
right_child=2 6 5 7 12 15 -8 9 -10 10 -12 22 -14 -15 -16 25 -18 -19 20 -21 21 -23 29 -25 -26 26 -28 -29 -30 -31
leaf_value=-0.039819344475297801 0.024644423274721449 -0.012829166227130696 -0.032768255393362117 -0.022984289850137438 -0.020433848240432196 0.03086247488972543 0.0060367393880391895 -0.026596398477071011 -0.021174891539934935 -0.017185768412926152 0.055870801834563721 -0.008378400182081228 0.034580413787159793 0.01088480100943306 -0.026922545764675926 0.0003572215634987995 0.016480141816617836 0.042340925752859263 0.040056430754883514 0.039242047129715546 0.033899137208557382 0.014059655621556933 0.025992479179412054 0.039418031646388761 -0.0063381048981563997 0.065135329228566352 -0.044023010874346374 0.02646486358435093 0.0061516490873866451 0.0045322734649972411
leaf_weight=2932.0141119360924 2452.1000337414443 3182.1001953184605 93.262363988906145 403.97786672599614 1101.9224639181048 641.74693968519568 2523.5156879518181 3832.9010594468564 311.71367829479277 619.84627518802881 120.56153335422277 699.23995483852923 162.64566215127707 867.43012164160609 5444.5104076322168 1338.1088118888438 235.4950724542141 551.63449074327946 919.92095060646534 3383.8566199801862 1245.689858417958 2187.5911130383611 841.99850901216269 86.097405936568975 678.21678338013589 182.18080899864435 76.197314992547035 197.9428746663034 854.15747090801597 1102.2959397453815
leaf_count=128514 13264 87609 515 11730 18921 4105 44153 129451 3481 18504 1980 9630 1663 23949 207080 8453 4165 2499 4038 14725 5415 9705 8668 1726 20224 917 699 897 4845 12856
internal_value=-0.000795358 -0.0191168 0.0196081 -0.0246868 0.00895983 0.0259082 -0.00448544 -0.0161229 0.013845 -0.0199897 -0.000537485 0.015991 -0.00864757 0.000113612 -0.031441 0.0157771 -0.0139265 0.0236737 0.0305042 0.0367254 0.0252449 0.0212657 0.00795799 -0.0102363 -0.0235528 0.00564101 0.0328982 0.00744745 0.0167662 0.0138344
internal_weight=39270.9 20691.2 18579.7 14985.6 6907.41 11672.3 5705.62 6609.03 5407.35 5337.62 826.505 5095.63 1500.06 1271.41 8376.52 3644.03 1337.42 2047.54 8028.26 3675.06 4353.2 3433.28 2643.53 705.944 4511.12 1596.49 258.378 291.205 1495.9 1944.29
internal_count=804381 674920 129461 543158 72648 56813 131762 207564 47899 171885 22210 44418 24749 35679 335594 21518 23086 11449 35295 16137 19158 15120 31154 20230 149675 10069 1616 1412 8950 21524
is_linear=0
shrinkage=0.05


Tree=28
num_leaves=31
num_cat=0
split_feature=15 15 13 6 25 14 22 14 3 17 14 25 22 10 14 22 5 14 22 22 14 24 22 22 9 24 14 17 17 24
split_gain=5252.17 614.146 583.271 257.517 240.289 180.206 200.53 203.683 217.351 135.96 135.791 114.32 113.82 106.931 100.522 111.619 140.85 99.7498 100.371 168.103 92.8643 88.0916 99.1284 174.727 123.483 87.8095 173.502 93.0426 82.9822 93.7067
threshold=8.0547790527343768 34.422899246215827 -31.999912161772183 1.0000000180025095e-35 26.685620248317722 266.50000000000006 0.030713726750000003 204.50000000000003 295.19960361719137 155.79412078857425 261.50000000000006 36.871822619438184 0.066633861500000016 417.82500958442694 228.50000000000003 -1.4317225999999998 29.500000000000004 218.50000000000003 -0.68458327999999991 0.10370039500000001 197.50000000000003 3.5000000000000004 0.29689309000000008 -0.087063040549999984 42.500000000000007 2.5000000000000004 154.50000000000003 188.15000152587893 181.87442016601565 2.5000000000000004
decision_type=2 2 2 2 2 2 2 2 2 2 2 2 2 10 2 2 2 2 2 2 2 10 2 2 2 10 2 2 2 10
left_child=2 3 10 11 5 6 7 8 25 -5 12 17 -1 20 -13 16 -16 18 -2 -20 -3 -7 23 -23 -24 -4 27 -27 -9 -30
right_child=1 13 4 9 -6 21 -8 28 -10 -11 -12 14 -14 -15 15 -17 -18 -19 19 -21 -22 22 24 -25 -26 26 -28 -29 29 -31
leaf_value=-0.027898389534448245 -0.0062069616739263067 0.033505528889748136 -0.031277122926246979 0.015854145346368215 -0.001777003150275925 -0.00897088960193612 -0.029524586625313605 -0.018168728358240287 0.087920542514659791 -0.012744308774920533 -0.00092289848301587818 0.022808819081187287 -0.042582679857425705 0.051019746328137799 0.022999362935073694 0.0079136541211939932 0.13157711924535653 -0.0089658800856868125 0.034116594020850231 0.003557312698506294 0.021468319408022584 -0.0082455025734793509 -0.017075138814391967 0.091992166940256359 0.076695238249332054 0.010478097244599145 -0.016044735897883793 0.17174784635238657 0.0032698736487381617 -0.021228379170816741
leaf_weight=3237.656268376857 591.18910514935851 3508.3730230256915 2013.3372753541917 574.08735604956746 3475.9033299256116 656.87026416510344 3127.6755454782397 1035.5179343465716 41.169544376432896 1497.8384654466063 330.82659321092069 4320.8307838253677 2241.3243685830384 547.83738219738007 114.53651221469045 2513.1037129573524 39.691831085830927 772.61479586176574 827.07004315964878 986.26953114196658 2965.8180774897337 76.184571357443929 198.0847149528563 99.787301300093532 41.626033430919051 16.776856368407607 469.1629867721349 18.498843191191554 2056.650976696983 480.72489679977298
leaf_count=128876 5875 15006 75303 5872 90707 17487 112021 30901 345 27234 8601 20860 97552 2352 890 19227 239 10873 7463 8716 13425 1965 5659 1299 1019 621 17058 699 61151 13919
internal_value=-0.000534954 0.0180126 -0.0187435 0.0112475 -0.0131496 -0.0169749 -0.0192221 -0.0139632 -0.0247285 -0.00481645 -0.0320341 0.0145219 -0.0339121 0.0297988 0.018097 0.0104586 0.0516103 0.00665518 0.0116761 0.0175066 0.0279955 0.00242499 0.0204113 0.0487943 -0.000540837 -0.0266047 -0.00793071 0.0974523 -0.00624814 -0.00137804
internal_weight=38877 19259.3 19617.8 12237.2 13808 10332.1 9259.51 6131.84 2558.95 2071.93 5809.81 10165.3 5478.98 7022.03 6988.16 2667.33 154.228 3177.14 2404.53 1813.34 6474.19 1072.55 415.683 175.972 239.711 2517.78 504.439 35.2757 3572.89 2537.38
internal_count=803215 138032 665183 107249 430154 339447 312018 199997 94026 33106 235029 74143 226428 30783 41216 20356 1129 32927 22054 16179 28431 27429 9942 3264 6678 93681 18378 1320 105971 75070
is_linear=0
shrinkage=0.05


Tree=29
num_leaves=31
num_cat=0
split_feature=17 13 14 21 13 17 17 22 14 11 14 22 14 23 14 12 12 14 13 22 21 14 1 12 11 21 5 23 14 11
split_gain=4709.62 572.839 561.414 344.976 291.236 279.808 275.642 239.876 304.768 199.705 198.381 184.77 241.747 193.825 157.292 155.9 136.994 148.729 133.378 127.01 116.384 117.016 114.448 106.421 113.43 110.471 146.838 104.127 102.267 97.7817
threshold=163.60294342041018 -29.928125768992182 223.50000000000003 0.36153364000000004 42.001420177657728 157.279411315918 157.279411315918 0.49563800000000008 158.50000000000003 22.724912485540287 205.50000000000003 0.030713726750000003 267.50000000000006 1.8059088000000003 261.50000000000006 5.1625386996904039 3.7074303405572762 203.50000000000003 27.125231904384247 0.055660221750000009 0.13841605500000004 155.50000000000003 47.453811705112464 1.9643962848297216 63.239574884401854 0.78214648000000009 9.5000000000000018 1.0344751000000001 234.50000000000003 80.377632546720136
decision_type=2 2 2 2 2 2 2 2 2 2 2 2 2 2 2 2 2 2 2 2 2 2 2 2 2 2 2 2 2 2
left_child=2 14 3 6 10 15 -1 9 -9 -5 20 -12 23 -14 19 -4 17 29 27 -2 -3 -22 -7 24 25 -13 -27 -8 -17 -10
right_child=1 4 5 7 -6 22 18 8 16 -11 11 12 13 -15 -16 28 -18 -19 -20 -21 21 -23 -24 -25 -26 26 -28 -29 -30 -31
leaf_value=0.022938098335820618 -0.026221707461610861 -0.028903256862359651 0.016412364912358594 -0.00062213402157648885 0.0092888334368679323 -0.023466170948273024 0.0063802172718065491 0.12544802336458916 0.072476727411331709 0.043838139494618594 -0.0033062230616692587 -0.0029389945084439817 -0.004560194255441281 0.06872838442620717 0.0014954409610923045 0.017302011478938461 -0.0071462800962710142 0.00058121064348195823 0.011744557932783254 -0.041227657815250028 0.030741383855279598 -0.016249475116877365 0.0032261014560847389 -0.03066800982150298 -0.028460871425564915 0.17151234729840301 0.019855956803333089 -0.025461805858300591 -0.025246534750957672 0.02234725450600961
leaf_weight=6075.8048714920878 3506.7776150498539 2863.4977955557406 2730.3154154606164 274.68266604840755 1442.8779379576445 1081.1601762156934 499.22257419861853 59.352016624063253 183.82487384229898 3132.7080748230219 4534.8278594389558 127.6773812957108 427.50210928730667 113.308842131868 366.10155881941319 210.83798325434327 599.19503520056605 333.52026498690248 2263.6596640087664 2369.9707387201488 148.72628032229841 1153.3776794131845 638.19861531630158 2037.9584271181375 204.43379107862711 24.291812529787421 44.101903511211276 526.89654701948166 423.26900312677026 208.14186761155725
leaf_count=27685 141362 109663 19487 1760 25235 22371 5809 359 882 15049 132315 3831 11972 1857 9729 1473 3043 1547 14089 106189 5703 41607 5272 73365 5248 693 1124 7584 6694 950
internal_value=-0.0004247 -0.0178316 0.0170949 0.0222127 -0.0118987 0.00284166 0.016627 0.0331252 0.015556 0.0402549 -0.0145167 -0.00966276 -0.0193339 0.0108935 -0.0302987 0.0112263 0.0105414 0.0251397 0.00496775 -0.0322793 -0.023268 -0.0108627 -0.0135623 -0.0260395 -0.00246973 0.0246369 0.075416 -0.00997905 -0.0110943 0.0459816
internal_weight=38606.2 19365.4 19240.8 14157 13122.6 5083.78 9365.58 4791.42 1384.03 3407.39 11679.7 7514.1 2979.27 540.811 6242.85 3364.42 1324.68 725.487 3289.78 5876.75 4165.6 1302.1 1719.36 2438.46 400.505 196.071 68.3937 1026.12 634.107 391.967
internal_count=803947 669893 134054 78757 412613 55297 55167 23590 6781 16809 387378 230405 98090 13829 257280 27654 6422 3379 27482 247551 156973 47310 27643 84261 10896 5648 1817 13393 8167 1832
is_linear=0
shrinkage=0.05


Tree=30
num_leaves=31
num_cat=0
split_feature=15 13 21 13 11 20 3 17 15 20 21 17 11 20 20 20 21 23 21 11 23 20 11 17 23 10 21 10 13 3
split_gain=4441.01 523.457 488.861 465.116 202.576 201.954 187.563 152.13 140.905 128.034 207.011 125.44 121.345 159.413 129.373 111.434 111.406 111.193 156.032 96.3346 119.834 97.6111 79.6927 79.2785 88.0399 77.4414 77.0007 147.401 72.7501 70.7719
threshold=7.5017826557159433 -31.999912161772183 0.39547174000000002 49.383895454599589 23.072045487435336 56.772979736328132 70.045047521591201 155.79412078857425 35.925676345825202 23.059715270996097 -1.5734585999999997 185.1259460449219 40.694488838603355 32.702941894531257 17.721443176269535 76.348884582519545 -0.56170388999999987 1.3754500500000002 -0.033147301549999994 108.20369620633893 0.57171410500000008 37.02986145019532 27.905007794280266 177.64930725097659 1.2767918500000002 106.04110369086267 0.43916224000000009 -27.096653056144714 156.43334706263741 295.19960361719137
decision_type=2 2 2 2 2 2 2 2 2 2 2 2 2 2 2 2 2 2 2 2 2 2 2 2 2 8 2 10 2 2
left_child=1 15 3 7 25 12 9 -2 -6 26 11 -11 13 -5 -14 -1 -9 -7 -19 20 -16 -21 -13 -12 -25 -4 -3 -28 -22 -8
right_child=2 6 4 5 8 17 29 16 -10 10 23 22 14 -15 19 -17 -18 18 -20 21 28 -23 -24 24 -26 -27 27 -29 -30 -31
leaf_value=-0.033802073270510991 0.012923360318616572 -0.029194194939432556 -0.018367690433295277 0.043317834991674541 0.024122662659824379 0.00084283022507964864 -0.0059066750304916718 -0.020120960780173822 0.040410253765419499 -0.0092453947752696667 -0.026460455473600288 0.082297999820772461 0.00059272533250158898 0.010614997374088112 0.042933769757065796 -0.010525759904533491 -0.00090946781628650655 0.01192105102362 0.07840555155231313 0.044433593650050021 0.0066913824148605583 -0.036379518980598761 0.012886124469114075 -0.01656362508326838 -0.00033786427125868609 0.027695239982751352 0.024435069773697797 -0.025416492576809464 0.024580379391812089 0.024549239544842089
leaf_weight=4829.7214969396591 1010.9446041248739 2496.6897349022329 328.85450914688408 1171.018957182765 4528.7123213689774 2325.121913574636 4305.3103225138038 1356.7948175948113 1883.8661653399467 132.13042137771845 1136.7194408867508 105.49654016271234 922.9331512786448 547.5332270488143 645.66937584429979 576.72014670446515 1698.9057692680508 404.41373773291707 112.06321501731873 51.118286702781916 835.45993157848716 131.36263079941273 68.299721648916602 2645.238047990948 1222.1534974817187 125.16631992161274 211.06539217196405 492.4707751609385 1782.8574459590018 198.61223373003304
leaf_count=215049 7965 100404 4306 5468 34448 15138 113244 23104 7956 3692 38640 2517 4552 2764 3002 17413 24566 3112 596 249 4710 614 1868 90928 39461 740 6470 19667 7752 2568
internal_value=-0.000561975 -0.0182452 0.0158374 0.0101344 0.0266283 0.0165172 -0.0128109 -0.00388146 0.0289131 -0.0171774 -0.0124124 0.0274548 0.0216538 0.0329109 0.0172197 -0.0313215 -0.00944356 0.00550843 0.0264702 0.0216708 0.0236475 -0.0136226 0.0552498 -0.0148546 -0.0114375 -0.00563592 -0.0250774 -0.0104472 0.018877 -0.00455849
internal_weight=38283.4 18420.6 19862.8 12996.2 6866.6 8929.55 13014.2 4066.65 6412.58 8510.26 5310.04 305.927 6087.95 1718.55 4369.4 5406.44 3055.7 2841.6 516.477 3446.47 3263.99 182.481 173.796 5004.11 3867.39 454.021 3200.23 703.536 2618.32 4503.92
internal_count=802963 651921 151042 103592 47450 47957 419459 55635 42404 303647 177106 8077 29111 8232 20879 232462 47670 18846 3708 16327 15464 863 4385 169029 130389 5046 126541 26137 12462 115812
is_linear=0
shrinkage=0.05


Tree=31
num_leaves=31
num_cat=0
split_feature=25 1 1 14 14 17 22 4 25 24 14 11 11 23 19 25 1 4 11 14 22 3 24 5 1 24 14 11 22 23
split_gain=4057.92 575.061 360.821 273.996 242.247 180.96 165.091 122.777 121.684 117.815 119.139 165.629 110.738 107.433 101.705 98.8544 90.1858 87.2565 87.5792 91.8497 311.75 97.6591 85.44 85.8521 85.1365 83.7272 83.2195 80.8364 89.7305 80.3754
threshold=30.28137938678265 18.295722723007206 118.98304319381715 225.50000000000003 241.50000000000003 156.6470642089844 0.030713726750000003 491.73070845007902 24.868115207552915 2.5000000000000004 267.50000000000006 53.401806228566379 52.834792444292155 0.76724058500000014 0.33823530375957495 26.993091326951983 257.35231399536138 93.541083924472346 68.440097592586525 169.50000000000003 1.2711852500000003 254.76009535789493 7.5000000000000009 28.500000000000004 2.0393350273370747 2.5000000000000004 176.50000000000003 60.078988253193749 0.45226171500000006 1.9378600000000001
decision_type=2 2 2 2 2 2 2 2 2 8 2 2 2 2 2 2 2 2 2 2 2 2 10 2 2 8 2 2 2 2
left_child=1 3 4 6 5 22 8 17 -1 14 15 29 13 -6 -5 -11 27 -3 19 20 21 -19 23 -2 -13 -7 -9 28 -4 -12
right_child=2 7 16 9 12 25 -8 26 -10 10 11 24 -14 -15 -16 -17 -18 18 -20 -21 -22 -23 -24 -25 -26 -27 -28 -29 -30 -31
leaf_value=-0.028909552807064715 0.026553973113338097 -0.016261040139008448 0.037249949949789633 -0.033410013635577628 -0.031583576803849468 -0.004171583369905813 -0.038248545934851275 0.1193853330841715 -0.012128876564081733 -0.024632272601552724 -0.016631802192430514 0.10839990808353027 0.011482397214146463 -0.0025224909228312858 0.0056306991598003989 -0.0032998770356521333 0.038927015145920063 0.0051056204242430027 -0.010658319670870465 0.0023460509900079724 0.28508230257568518 0.16158025911963744 -0.0050903418255154251 0.013219108809410719 0.022352099696143754 0.011027235373229589 0.018611226020990204 0.017523733291246981 0.012117690963024058 0.034602503011884306
leaf_weight=3048.3872210588306 3519.1037079356611 1326.428151993081 1435.9427440837026 197.89841962046921 467.36320634000003 1176.3392400108278 2826.5067504644394 20.830276139080524 1676.5377419479191 3541.5251593533903 613.5433750487864 42.332674995064735 779.58657041564584 991.33456842973828 1033.3206439930946 641.79666805639863 1138.4750381931663 103.92881677858531 1534.8438793309033 2194.0838603563607 11.330521211028097 10.03885526396334 307.99221883714199 1842.1618155948818 87.548609964549541 3937.0610038172454 348.22296408563852 2654.8610362671316 473.44425453990698 86.49353956617415
leaf_count=136218 16930 42539 6255 6100 8349 12443 134388 120 64676 129490 18710 708 7321 16402 29329 19981 4965 2225 32951 50456 161 83 1909 9016 1332 32209 3405 11482 2076 1609
internal_value=-0.000751686 -0.016811 0.0158411 -0.0222783 0.0112461 0.0143531 -0.0286863 -0.00321848 -0.0229591 -0.0145257 -0.0179287 -0.000622159 -0.00372116 -0.0118489 -0.000666481 -0.0213611 0.0263288 -0.005205 -0.00139684 0.00473387 0.046197 0.0201743 0.0205043 0.0219754 0.0510119 0.00753061 0.0246064 0.0231785 0.0310279 -0.0102612
internal_weight=38069.3 19345.6 18723.7 13795.9 13020.9 10782.7 7551.43 5549.71 4724.92 6244.46 5013.24 829.918 2238.28 1458.7 1231.22 4183.32 5702.72 5180.65 3854.23 2319.38 125.298 113.968 5669.26 5361.27 129.881 5113.4 369.053 4564.25 1909.39 700.037
internal_count=803838 674481 129357 542541 104579 72507 335282 131940 200894 207259 171830 22359 32072 24751 35429 149471 24778 128415 85876 52925 2469 2308 27855 25946 2040 44652 3525 19813 8331 20319
is_linear=0
shrinkage=0.05


Tree=32
num_leaves=31
num_cat=0
split_feature=15 13 15 12 24 14 12 12 13 24 12 14 24 17 23 14 1 14 14 24 23 4 4 14 24 20 4 12 23 14
split_gain=3755.92 475.916 470.505 236.716 262.217 241.921 196.167 181.338 156.188 142.1 191.919 117.621 117.664 151.646 102.024 125.953 100.669 95.5003 94.0392 91.4339 149.826 89.5311 89.2037 87.6608 87.6602 84.6521 84.4335 84.2995 87.9136 91.5196
threshold=7.0998258590698251 -40.744197211871288 34.422899246215827 3.187306501547988 2.5000000000000004 183.50000000000003 1.2368421052631582 4.314241486068112 17.921023678956882 6.5000000000000009 0.73684210526315808 222.50000000000003 2.5000000000000004 191.3178634643555 1.3134066000000002 217.50000000000003 37.196068644523628 199.50000000000003 230.50000000000003 2.5000000000000004 1.7358680000000002 1098.4034689739349 1038.3874968290331 196.50000000000003 6.5000000000000009 44.238334655761726 847.74700856208813 4.8374613003095979 1.4392760500000004 171.50000000000003
decision_type=2 2 2 2 8 2 2 2 2 8 2 2 8 2 2 2 2 2 2 8 2 2 2 2 10 2 2 2 2 2
left_child=1 -1 3 4 18 19 -3 17 11 10 -6 -8 13 -13 15 -11 -7 -4 -2 20 27 -17 -20 -12 -19 -16 -25 28 29 -5
right_child=2 6 7 5 9 16 8 -9 -10 14 23 12 -14 -15 25 21 -18 24 22 -21 -22 -23 -24 26 -26 -27 -28 -29 -30 -31
leaf_value=-0.034528847825183728 -0.015904893159309468 0.000327505912891401 0.038301367892988783 0.0659360970053115 0.069239279273685769 -0.013785334091579955 -0.024548500414794248 0.015017722754895664 -0.0025676210928470772 0.024122293365778716 0.037620158933562908 -0.015343088423142442 -0.017492620384775056 0.021644914158897362 -0.037999076967863511 -0.0022064316115657213 0.0014258348030132392 0.020679664849451988 0.00098517237623277527 0.009219957438200501 0.081823480790272574 0.029127455897364703 0.055326956635625979 0.0079608363072149364 0.083048912330503169 0.019086908785421672 0.035589351453538302 0.042113777750667825 -0.046527198146511156 -0.016294759511443165
leaf_weight=3464.1064363345504 830.98873870633543 2084.9109710436314 2161.8091002851725 60.48642504774034 257.70421523600817 1949.0193928759545 4647.9515597783029 3072.7155147567391 1758.7349695172161 1748.9841389972717 717.68462504819036 638.47761956974864 4241.0800904575735 488.01507783681154 171.68014239147305 1136.2121470160782 2459.3509472683072 1751.054840952158 362.40666806511581 1438.8003857787699 122.30394443683326 284.16043743118644 94.410476561635733 956.14682119712234 57.351138144731522 103.30043832585216 388.53897055797279 198.54959087260067 74.51275409758091 74.556760650128126
leaf_count=164384 8097 56716 9227 499 1972 40124 199012 13736 40615 13008 4574 18922 145867 13656 1656 12455 16939 7671 4724 10466 972 1444 584 9289 248 1096 1878 1663 694 597
internal_value=-0.000819676 -0.0179539 0.0136788 0.00818865 0.0145007 0.00120777 -0.0138088 0.0241451 -0.0163118 0.0190571 0.0286215 -0.0187247 -0.0136781 0.000685705 0.0126082 0.0151435 -0.0053009 0.0312037 -0.00589375 0.0157737 0.0335006 0.00407832 0.0123123 0.023515 0.0227024 -0.0165624 0.0159644 0.0188543 -0.00327894 0.0207507
internal_weight=37796 17323.3 20472.7 13429.8 7052.22 6377.58 13859.2 7042.93 11774.3 5764.41 2320.07 10015.5 5367.57 1126.49 3444.34 3169.36 4408.37 3970.22 1287.81 1969.21 530.409 1420.37 456.817 2062.37 1808.41 274.981 1344.69 408.106 209.556 135.043
internal_count=802785 639172 163613 132731 60777 71954 474788 30882 418072 47372 17713 377457 178445 32578 29659 26907 57063 17146 13405 14891 4425 13899 5308 15741 7919 2752 11167 3453 1790 1096
is_linear=0
shrinkage=0.05


Tree=33
num_leaves=31
num_cat=0
split_feature=15 0 13 0 0 17 14 25 14 14 0 12 11 22 17 12 24 12 12 24 23 23 11 14 22 23 22 14 0 12
split_gain=3492.51 590.42 468.843 236.365 221.07 177.326 142.477 131.284 130.325 127.57 123.547 117.273 118.978 109.121 100.566 100.451 100.242 90.4107 76.5008 97.0264 75.981 78.9047 78.4238 106.147 94.9364 94.5282 139.793 71.4993 81.2999 68.0517
threshold=7.5017826557159433 46.792161941528327 -31.999912161772183 8.2494740486145037 6.1346659660339364 155.279411315918 261.50000000000006 26.694967439770704 226.50000000000003 197.50000000000003 107.07286071777345 3.2368421052631584 81.848965866762242 0.055660221750000009 172.91567230224612 1.7647058823529413 2.5000000000000004 2.4040247678018578 0.56811145510835925 2.5000000000000004 1.6180181500000004 0.58422529500000009 35.261407327714267 228.50000000000003 -0.047694848849999992 0.85595423000000015 -0.25984330499999997 196.50000000000003 1.2512428760528567 8.0216718266253881
decision_type=2 2 2 2 2 2 2 2 2 2 2 2 2 2 2 2 8 2 2 10 2 2 2 2 2 2 2 2 2 2
left_child=2 3 6 5 7 -2 13 8 -4 -5 -3 12 -11 -1 -10 -7 -16 -18 19 -14 21 -13 24 25 -23 26 -24 28 -17 -22
right_child=1 10 4 9 -6 15 -8 -9 14 11 -12 20 18 -15 16 27 17 -19 -20 -21 29 22 23 -25 -26 -27 -28 -29 -30 -31
leaf_value=-0.025626973130703046 0.016635674089398169 0.025438043030149994 -0.026165392325238179 0.019940277011457147 -0.0004332620850091988 0.011676134251605404 0.0030097167244438343 -0.0045970261846855955 -0.035747310201460679 0.020856094184273033 0.046976537822964792 -0.01566435801649952 -0.01522525359455075 -0.041209553382787631 0.0061034771494191779 -0.015974107011272495 0.00088370074535821521 -0.019782919336514011 -0.0094397953472464529 0.090603710784785629 -0.030389452193323369 0.043029983738325256 -0.020393655746381627 -0.030083299157791288 0.0034148826094785451 -0.0023482530960232196 0.053618154309651347 -0.015192430567987509 0.008384160558461605 0.028880567947859287
leaf_weight=2810.8868031930178 1284.2861051857471 4038.9097017906606 3256.8087793942541 4341.4827887117863 3271.9682038612664 760.63507594168186 311.83187498897314 2114.662539916113 418.80344688519835 2238.2105099782348 798.77414816617966 409.82875755801797 40.46043342910707 1881.7234146613628 768.53736091218889 533.62539035268128 718.52592513151467 2006.5489607844502 592.68375885859132 44.998200414702296 297.83256610482931 302.28270963579416 90.561207471415401 220.37079751119018 302.0334982201457 654.7755246758461 211.39418714493513 1795.1734208241105 952.53974278643727 56.97121693007648
leaf_count=127412 9458 18003 143242 22591 85242 8847 8368 63887 14781 15693 3630 3043 295 97257 20653 8018 19843 72510 3651 258 2189 2390 489 1942 2515 3764 1203 33348 9001 442
internal_value=-0.000503965 0.0137998 -0.0167687 0.00893709 -0.0116092 0.000458168 -0.0297086 -0.0155475 -0.0187764 0.013543 0.0290033 0.00845577 0.0152992 -0.031883 -0.0126205 -0.00468487 -0.00983871 -0.0143354 -0.00304486 0.0409024 0.000614049 0.00409221 0.0086436 0.00112166 0.023269 0.00833323 0.0314268 -0.00847986 -0.000366827 -0.020818
internal_weight=37528.1 19967.8 17560.3 15130.1 12555.9 5326.26 5004.44 9283.89 7169.22 9803.89 4837.68 5462.4 2916.35 4692.61 3912.42 4041.97 3493.61 2725.07 678.142 85.4586 2546.05 2191.25 1781.42 1177.1 604.316 956.731 301.955 3281.34 1486.17 354.804
internal_count=803965 150770 653195 129137 420158 68672 233037 334916 271029 60465 21633 37874 19897 224669 127787 59214 113006 92353 4204 553 17977 15346 12303 7398 4905 5456 1692 50367 17019 2631
is_linear=0
shrinkage=0.05


Tree=34
num_leaves=31
num_cat=0
split_feature=15 0 13 25 25 0 0 14 14 14 24 22 14 11 12 12 15 12 0 19 22 22 12 14 12 14 3 12 11 12
split_gain=3220 546.31 440.13 226.998 197.961 169.259 129.515 128.964 119.48 115.568 114.669 113.7 112.893 125.344 103.856 102.673 89.9647 85.0834 81.3117 79.0248 77.928 120.457 81.1225 73.8096 79.2296 229.916 231.38 70.105 63.6234 73.6886
threshold=7.1922910213470468 29.356949806213382 -31.999912161772183 39.013249492645272 26.685620248317722 94.14953994750978 5.3417844772338876 251.50000000000003 217.50000000000003 223.50000000000003 2.5000000000000004 0.038758732350000012 199.50000000000003 18.747223924407191 0.84365325077399389 2.9613003095975237 37.451803207397468 1.7321981424148609 1.3452118039131167 0.39705882966518408 -0.65970697999999983 0.038758732350000012 0.56811145510835925 270.50000000000006 4.8374613003095979 170.50000000000003 82.376367770135417 8.866873065015481 81.848965866762242 3.2368421052631584
decision_type=2 2 2 2 2 2 2 2 2 2 8 2 2 2 2 2 2 2 2 2 2 2 2 2 2 2 2 2 2 2
left_child=2 3 7 8 6 16 9 11 18 -4 19 -1 -5 -14 -15 -6 28 -12 -2 -11 -20 27 -23 24 -8 26 -26 -22 29 -3
right_child=1 5 4 12 15 -7 23 -9 -10 10 17 -13 13 14 -16 -17 -18 -19 20 -21 21 22 -24 -25 25 -27 -28 -29 -30 -31
leaf_value=-0.025437868033636981 -0.015504117066115208 0.026368692038422167 -0.026107371357026028 0.017091942399360498 0.0094583751680434661 0.040560368759576491 -0.011029046924820249 -0.0061645431949013882 -0.015504785622283558 -0.029200616329536314 0.0019416474233314954 -0.042044035967799875 -0.023418770099795507 0.034554356833948051 0.0055112956384657519 -0.009317988558888669 0.027619068475240545 -0.021205557957794895 -0.0086668753551721964 0.010152629790710986 0.032015694730470966 0.099252507648665722 -0.002111930642652568 0.030010630693697488 -0.01476861814448611 0.0038543341809840212 0.30144374912429517 -0.048869939412645648 0.0051954543642853861 0.011361572490885393
leaf_weight=2536.6621973104775 490.41419497691095 1712.024428544566 2919.0974980462343 3982.3260148465633 1430.5365280322731 1182.9767511375248 1971.6376562863588 534.95392404124141 1365.8016209602356 154.40722779557109 471.16593672521412 1745.5496264006943 345.20805347338319 334.88384480029345 3692.9162249267101 1480.6042428128421 2512.0047721415758 2515.567762337625 568.17166195809841 711.32150771841407 649.24092657677829 19.226826258003712 816.29159342311323 139.72479135729373 9.967443974688651 294.28575470298529 12.498265823349355 27.076281731948256 1079.4209807775915 1570.5506870150566
leaf_count=119030 12270 9091 132824 19491 35146 5414 56707 17221 30525 4907 12448 95032 5860 2028 26894 46897 10496 92233 7273 19303 7353 215 9703 3006 415 8821 142 421 5249 7833
internal_value=-0.000430327 0.0129728 -0.0165416 0.00633904 -0.0114553 0.0230912 -0.0150509 -0.0293242 -0.00356 -0.0186031 -0.0129116 -0.0322152 0.0110024 0.00545421 0.007934 -9.11913e-05 0.0200794 -0.0175546 0.00279046 0.00310818 0.00710924 0.01304 0.000336514 -0.00514095 -0.00729941 0.0158776 0.166498 0.0287101 0.015732 0.0191942
internal_weight=37276.5 20348.5 16928 12291.6 12110.8 8056.98 9199.67 4817.17 3936.22 6771.56 3852.46 4282.21 8355.33 4373.01 4027.8 2911.14 6874 2986.73 2570.42 865.729 2080.01 1511.84 835.518 2428.11 2288.39 316.751 22.4657 676.317 4362 3282.58
internal_count=804248 160116 644132 122033 412849 38083 330806 231283 67760 261715 128891 214062 54273 34782 28922 82043 32669 104681 37235 24210 24965 17692 9918 69091 66085 9378 557 7774 22173 16924
is_linear=0
shrinkage=0.05


Tree=35
num_leaves=31
num_cat=0
split_feature=25 13 0 0 0 17 22 13 11 17 22 0 11 22 25 13 24 2 24 11 2 22 11 24 22 11 11 23 22 22
split_gain=2714.34 480.291 452.883 275.559 156.562 137.446 118.594 106.26 93.027 92.2271 116.665 88.6086 80.0724 79.4875 78.365 76.7293 68.6966 64.4401 57.7993 61.3248 57.1592 56.2793 64.0994 53.5828 60.491 66.3174 100.558 52.648 69.2868 52.5341
threshold=29.647422081232076 -29.590431919465583 51.241277694702156 5.642298936843873 8.2494740486145037 155.279411315918 -1.4539831499999998 -48.441655599261303 56.069599263554579 172.91567230224612 1.0000000180025095e-35 107.07286071777345 18.035498580788683 0.19324044500000001 23.510928463935858 44.286073386230896 5.5000000000000009 170.86949491500857 2.5000000000000004 21.205184842975978 0.32347974181175237 -0.55092459999999999 86.487190067987243 5.5000000000000009 0.32628046000000005 53.401806228566379 67.392728720886808 1.3986131500000003 -0.25984330499999997 -0.25361239999999996
decision_type=2 2 2 2 2 2 2 2 2 2 2 2 2 2 2 2 8 2 8 2 2 2 2 8 2 2 2 2 2 2
left_child=1 7 4 9 5 -2 17 -1 13 -3 14 -4 -7 18 20 -5 -9 -6 -8 -20 -11 22 -10 24 25 -12 -27 29 -29 -23
right_child=2 3 11 15 6 12 8 16 21 10 23 -13 -14 -15 -16 -17 -18 -19 19 -21 -22 27 -24 -25 -26 26 -28 28 -30 -31
leaf_value=-0.035089048422243495 0.015821393297281369 -0.026546211117390545 0.024246877754142453 -0.0025291777974818597 0.021866965739155989 -0.018359255362120418 0.010739828918547878 -0.012344239082020319 0.00086854414093178768 0.0075781774823214052 -0.0097515315021709913 0.043091056745416662 0.00053761635351187015 0.0070193304010977026 -0.00044710437504578705 0.012601970275511815 -0.027512624614711587 0.059856542158498949 -0.0014498814195180766 0.026460645269790653 -0.016511908713192001 -0.0025083032977124236 -0.033352392280463515 -0.023429970167271719 -0.018488676693306422 0.098127397623937615 -0.012657617145585345 0.049661135060936924 -0.0086697996726744619 0.016702251286262206
leaf_weight=2237.5733398105949 1334.8317541740835 1248.7846257071942 3250.8221774436533 2981.1201178058982 276.93115953542292 678.81319746747613 1198.5991946496069 1358.9077169522643 811.26134121604264 280.30904432944953 99.753128178417683 774.25755997747183 3196.0938893742859 1810.6132177859545 2295.0205904524773 1164.2227785307914 1662.8625937253237 188.25958601012826 215.00548001937568 2311.3275401238352 1994.4003238640726 448.02918190136552 163.59216007404029 2199.7904980927706 314.45079474896193 46.643806736916304 35.569838162511587 54.774459104984999 583.05550294928253 1724.7670299112797
leaf_count=118456 10024 42183 14096 81464 1907 11818 7045 56625 4579 11113 3661 3584 43610 11193 79066 14838 78439 842 1508 13489 74623 2328 898 91318 11186 667 918 296 3223 8682
internal_value=-0.000163349 -0.0141268 0.0129915 -0.00884956 0.00899322 0.00199063 0.0127205 -0.0268259 0.0114881 -0.0139961 -0.0118357 0.0278815 -0.00277665 0.0156185 -0.00696664 0.00172243 -0.0206977 0.0373365 0.0197953 0.0240857 -0.0135413 0.0054457 -0.00490243 -0.0200826 -0.005232 0.0176523 0.05062 0.00903537 -0.00359066 0.0127417
internal_weight=36940.4 17919.4 19021 12660.1 14996 5209.74 9786.22 5259.34 9321.03 8514.72 7265.94 4025.08 3874.91 5535.55 4569.73 4145.34 3021.77 465.191 3724.93 2526.33 2274.71 3785.48 974.854 2696.21 496.418 181.967 82.2136 2810.63 637.83 2172.8
internal_count=803679 664557 139122 411037 121442 65452 55990 253520 53241 314735 272552 17680 55428 33235 164802 96302 135064 2749 22042 14997 85736 20006 5477 107750 16432 5246 1585 14529 3519 11010
is_linear=0
shrinkage=0.05


Tree=36
num_leaves=31
num_cat=0
split_feature=15 0 13 21 17 0 22 12 14 14 11 11 14 5 0 17 22 14 12 11 12 21 12 11 20 21 20 14 23 14
split_gain=2636.13 468.343 380.733 254.038 247.161 200.508 189.405 222.809 168.792 157.624 156.063 287.318 157.02 187.987 154.501 131.52 114.605 103.953 117.627 115.263 103.406 102.9 93.6708 108.705 100.347 90.899 90.2465 88.3767 115.382 87.3444
threshold=7.1922910213470468 48.995447158813484 -42.114818479911911 0.40264956500000004 155.279411315918 5.7380576133728036 0.29689309000000008 3.6795665634674926 204.50000000000003 222.50000000000003 50.50536256878646 22.724912485540287 246.50000000000003 17.500000000000004 8.2494740486145037 172.91567230224612 0.33798368000000006 195.50000000000003 0.76315789473684215 74.360047715909261 8.0216718266253881 -0.14242072499999997 1.3111455108359136 80.377632546720136 25.936492919921879 -1.5327152499999999 107.39705657958986 259.50000000000006 0.81184423000000006 270.50000000000006
decision_type=2 2 2 2 2 2 2 2 2 2 2 2 2 2 2 2 2 2 2 2 2 2 2 2 2 2 2 2 2 2
left_child=2 3 -1 4 -2 9 10 8 22 -4 11 -5 13 -13 -6 -11 -17 -12 19 -19 27 -3 -8 24 -24 -18 -14 28 -20 -7
right_child=1 21 5 6 14 29 7 -9 -10 15 17 12 26 -15 -16 16 25 18 20 -21 -22 -23 23 -25 -26 -27 -28 -29 -30 -31
leaf_value=-0.031766850197060818 0.014818474659998993 0.015962872469912875 -0.022291886837111845 -0.012532155297547188 -0.010544988770731073 -0.003289514442222113 0.099720361456752005 -0.016066954998445859 0.0026780879403340771 -0.029147622763000144 0.036211193695342737 0.030629440129701382 -0.011786428751421142 0.071951342028620413 0.0040830844084569495 -0.0022721411184699115 0.027795905125601858 0.0052367946510692778 0.021605272252270769 0.075272788248885045 0.093866522509729877 0.031629757338028919 0.020625604573908569 -0.0052721642790022234 0.091595650968978315 -0.02390863516721848 0.05758557716490792 0.057309979548807691 -0.016133301291725834 0.030986686449438777
leaf_weight=2898.4351207558066 3207.137158472091 1667.6268269121647 4507.9752376955003 265.40045948885381 3003.3066690377891 3210.7418675925583 65.428527960553765 796.65448298305273 575.38102827221155 753.9502203091979 384.30323405191302 529.87586838006973 171.01862541586161 577.49877078831196 4521.2201063260436 3639.953893436119 91.134814774617553 122.73500722274184 276.56580271944404 111.96865726448596 27.547664307057858 2836.9068130776286 100.67286696843803 112.3626864105463 99.057825492694974 1122.8976952116936 63.465336374938488 57.368095919489861 748.62169503234327 196.27970948442817
leaf_count=155903 18042 7455 204848 2655 48635 89516 396 7867 4890 25624 2355 4234 2515 3254 31362 116860 2148 876 2047 825 199 12988 684 717 574 44431 844 552 5878 3938
internal_value=-0.000426151 0.0116124 -0.0153242 0.00756086 0.00319808 -0.0117978 0.0167642 0.00343677 0.0197422 -0.0153309 0.0237498 0.0349635 0.0443598 0.0522244 -0.00175613 -0.00973226 -0.00671117 0.0133122 0.00674629 0.038826 -6.50197e-05 0.0258345 0.0456738 0.034061 0.0561047 -0.0200076 0.00715458 -0.00253971 -0.0059414 -0.00130634
internal_weight=36743.5 20322.1 16421.4 15817.6 10731.7 13522.9 5085.93 1749.56 952.903 10115.9 3336.37 1607.26 1341.86 1107.37 7524.53 5607.94 4853.99 1729.11 1344.81 234.704 1110.1 4504.53 377.522 312.093 199.731 1214.03 234.484 1082.56 1025.19 3407.02
internal_count=803112 159844 643268 139401 98039 487365 41362 15128 7261 393911 26234 13502 10847 7488 79997 189063 163439 12732 10377 1701 8676 20443 2371 1975 1258 46579 3359 8477 7925 93454
is_linear=0
shrinkage=0.05


Tree=37
num_leaves=31
num_cat=0
split_feature=25 0 0 14 0 18 21 11 21 5 11 14 14 21 21 9 14 22 4 11 11 21 21 11 14 14 21 21 5 18
split_gain=2453.43 478.943 299.179 262.876 179.244 157.773 130.272 111.788 134.388 196.489 258.323 172.641 210.167 309.894 502.946 136.342 115.321 104.578 101.845 99.5736 106.881 98.0665 116.75 99.2169 97.7336 96.1738 120.361 92.9278 101.324 92.4565
threshold=26.814813715219504 21.638623237609867 12.864675998687746 229.50000000000003 77.608024597167983 155.79412078857425 0.47868277500000006 51.28246849409706 0.53773349500000012 16.500000000000004 46.315588174439718 173.50000000000003 168.50000000000003 1.4441750000000002 1.6484033000000002 6.5000000000000009 172.50000000000003 0.29689309000000008 64.248382057994618 22.724912485540287 52.16049636443703 0.86721292000000016 0.77417108500000009 26.064441246721586 254.50000000000003 245.50000000000003 1.6484033000000002 1.4441750000000002 8.5000000000000018 164.45683288574222
decision_type=2 2 2 2 2 2 2 2 2 2 2 2 2 2 2 2 2 2 2 2 2 2 2 2 2 2 2 2 2 2
left_child=2 5 3 7 -3 -2 -7 8 -1 11 -11 12 15 16 18 21 -14 19 -15 -8 25 22 -10 -24 -22 26 27 28 -21 -9
right_child=1 4 -4 -5 -6 6 17 29 9 10 -12 -13 13 14 -16 -17 -18 -19 -20 20 24 -23 23 -25 -26 -27 -28 -29 -30 -31
leaf_value=-0.025178166253497322 0.012100394938775946 0.014749938224105922 0.0011645413117673494 -0.011553574898521757 0.032143313296101178 -0.0043169057128950227 -0.018116189359229127 -0.010283068412410043 0.038549152531522912 0.021313415377753487 0.38213053671103042 -0.035877560190751397 -0.021009537304224887 0.24179018764043458 -0.047009480459572539 -0.03534527533859036 0.20724967735135968 -0.0058827722254054587 0.53092256565725504 0.014888385934479427 -0.00085639323044881747 -0.0047120950083370493 0.08548804350835848 0.35307005430771765 0.050635721014716695 0.0029432428203751532 -0.031970959156876602 0.12065367810395007 0.059943200945721212 -0.037664268728149985
leaf_weight=3318.018938805908 3539.2225355990231 8184.7872172500938 1975.8896207492799 5365.5968353170902 1809.0216295942664 6228.4915495552123 192.740463193506 354.80029587075114 52.992568030953407 14.675162648782136 6.5942163858562699 274.5979866432026 40.498594610951841 10.583225917071109 10.902361510321496 154.4399155145511 5.3870322257280341 810.70379522442818 6.8080144710838786 202.05066281929612 658.10380715690553 85.856115786358714 9.9719283077865821 5.1847891882061949 106.15020668134093 209.48867744207382 49.737786008045077 40.824806777760386 328.90093010663986 2398.411799101159
leaf_count=160885 22676 43077 44926 185747 8380 117777 3506 11031 2251 466 187 13809 2026 332 499 7510 230 16155 183 3599 10309 3601 410 212 1642 4612 691 456 3104 132338
internal_value=-0.000535715 0.00976173 -0.0168755 -0.0198175 0.0179013 0.00318291 -0.000393483 -0.026384 -0.0210332 -0.000755813 0.145315 -0.00569662 0.0160004 0.0909624 0.218022 -0.00226321 0.00963716 0.00900811 0.377689 0.0157594 0.019861 0.0309262 0.075243 0.19321 0.00635237 0.032262 0.0421237 0.0486136 0.0428581 -0.0341407
internal_weight=36451.4 22360.2 14091.2 12115.3 9993.81 12366.4 8827.19 6749.72 3996.51 678.492 21.2694 657.223 382.625 74.1792 28.2936 308.445 45.8856 2598.7 17.3912 1788 1595.26 154.005 68.1493 15.1567 764.254 831.003 621.514 571.776 530.952 2753.21
internal_count=802627 235984 566643 521717 51457 184527 161851 335970 192601 31716 653 31063 17254 3270 1014 13984 2256 44074 515 27919 24413 6474 2873 622 11951 12462 7850 7159 6703 143369
is_linear=0
shrinkage=0.05


Tree=38
num_leaves=31
num_cat=0
split_feature=25 25 1 0 20 20 21 21 22 21 22 23 11 21 21 4 21 11 23 11 23 23 4 0 22 20 20 20 9 11
split_gain=2303 443.844 279.844 224.114 198.447 130.644 153.943 117.526 143.411 101.423 122.627 90.4334 86.9016 85.0636 224.563 147.413 82.9016 81.9128 81.7138 82.9913 80.5447 234.659 80.0128 78.985 77.2828 88.0723 81.3912 77.0837 71.4245 68.5774
threshold=26.694967439770704 39.013249492645272 24.532674551010135 48.995447158813484 41.358283996582038 85.693748474121108 -1.0846349999999998 0.46197338500000007 0.49563800000000008 -1.5734585999999997 0.20379827500000003 0.7227983750000001 51.28246849409706 1.2578024500000002 1.2804896500000003 39.58073244988919 0.36957310500000001 64.781364744050506 1.2471615 70.183957243874545 1.6502280500000002 1.6003815000000003 88.059555634856238 46.792161941528327 0.11266563500000001 53.872985839843757 78.265686035156264 77.815338134765639 52.500000000000007 50.50536256878646
decision_type=2 2 2 2 2 2 2 2 2 2 2 2 2 2 2 2 2 2 2 2 2 2 2 2 2 2 2 2 2 2
left_child=2 7 4 5 12 6 -3 -2 22 28 18 17 13 -1 15 -15 -5 -7 -11 24 21 -16 -9 -4 25 -20 -26 -12 -6 -8
right_child=1 3 23 16 9 11 29 8 -10 10 27 -13 -14 14 20 -17 -18 -19 19 -21 -22 -23 -24 -25 26 -27 -28 -29 -30 -31
leaf_value=-0.024457242013336211 -0.0051707895941427362 -0.0017986988673352974 -0.0057635914788577748 0.018482465443060227 0.0018344598138925628 -0.028536563253067339 0.019653231327332862 -0.006277392759250479 -0.011731212445991322 -0.015360351699955428 -0.035597270121031109 0.0051493211108565758 -0.036151866131887027 0.013986073109077096 -0.019203833416102552 0.32761782331998057 0.03347138403773537 0.029829487253567363 0.033257464411718653 -0.035570006404936065 -0.046642456804807386 0.18076933448886331 0.020137254894687432 0.021215724434413202 -0.049484577563333604 -0.0055750364872116168 0.081043182935037705 -0.013940954497715152 0.06356455233934627 0.01032576329613805
leaf_weight=2959.8057051189244 4896.764448302798 1467.9835201948881 2656.0932640992105 2203.0602123886347 192.68372985348105 411.20264401659369 4764.3485045917332 352.63234725221992 672.36843408830464 2572.2171900412068 989.33485856465995 1363.6064145546407 1880.5899753998965 6.6641192566603404 62.927428795024753 7.839255316182971 1593.6119770184159 69.538153026252985 178.64002563152462 138.79510375484824 66.648088707588613 18.06981522962451 1522.6728444909677 301.14535436220467 14.24942112714052 779.0463094683364 58.011780353263021 705.69213113188744 60.943442955613136 3367.3635386936367
leaf_count=151965 111032 9056 68329 9551 5264 5838 24661 10508 13068 97942 47537 15181 111508 260 2945 275 7222 486 6191 5053 3382 410 22160 4061 541 25155 555 27298 1337 15094
internal_value=-0.000396867 0.00936737 -0.0166244 0.0142551 -0.0203893 0.0107611 0.0131025 -0.000639591 0.00806822 -0.013998 -0.0154405 -0.00142625 -0.0276541 -0.0225254 0.0126719 0.193705 0.0247811 -0.0200496 -0.0103808 0.000582148 -0.00629476 0.027069 0.0151695 -0.00300996 0.00548377 0.00169564 0.0549799 -0.0265946 0.0168588 0.0157924
internal_weight=36334.6 22685.2 13649.4 15240.7 10692.2 11444 9599.7 7444.44 2547.67 5689.61 5435.99 1844.35 5002.54 3121.95 162.149 14.5034 3796.67 480.741 3740.96 1168.74 147.645 80.9972 1875.31 2957.24 1029.95 957.686 72.2612 1695.03 253.627 8131.71
internal_count=803865 243857 560008 87089 487618 70316 48811 156768 45736 216873 210272 21505 270745 159237 7272 535 16773 6324 135437 37495 6737 3355 32668 72390 32442 31346 1096 74835 6601 39755
is_linear=0
shrinkage=0.05


Tree=39
num_leaves=31
num_cat=0
split_feature=15 15 13 12 24 12 22 20 20 22 3 12 18 12 12 24 12 23 23 4 20 24 23 24 12 20 22 11 3 11
split_gain=1953.81 385.436 357.287 221.169 186.469 167.455 149.453 154.536 144.888 157.584 123.88 123.457 138.661 113.565 112.429 107.312 176.054 189.766 359.168 127.431 107.107 97.012 94.537 94.5137 119.86 109.911 114.811 108.069 88.896 119.34
threshold=6.3568010330200204 35.925676345825202 -41.654936913147147 3.0201238390092882 2.5000000000000004 1.258513931888545 0.030713726750000003 23.059715270996097 25.014709472656254 -0.18673216999999998 295.19960361719137 10.332817337461302 176.00270843505862 4.314241486068112 3.8560371517027869 3.5000000000000004 4.1563467492260076 1.6901442000000002 1.4978700500000002 80.259969934821143 85.179145812988295 6.5000000000000009 1.8763792500000001 6.5000000000000009 0.76315789473684215 35.119430541992195 -1.2068874999999999 84.818206003472085 9.6250452846288699 15.017229010400021
decision_type=2 2 2 2 8 2 2 2 2 2 2 2 2 2 2 10 2 2 2 2 2 8 2 8 2 2 2 2 2 2
left_child=2 3 -1 4 -2 -4 7 10 9 14 15 -9 -13 -3 -5 -7 -17 18 -18 -20 -8 -11 -23 24 -6 26 -26 -28 -14 -30
right_child=1 13 5 8 23 6 20 11 -10 21 -12 12 28 -15 -16 16 17 -19 19 -21 -22 22 -24 -25 25 -27 27 -29 29 -31
leaf_value=-0.031204266893257029 -0.0058144185540038099 0.025443203350557816 0.0026796222526469524 -0.004375742494865365 0.049899534682251619 -0.024125115718185521 -0.026231172520725106 -0.0047837350101656104 -0.0057741720748250508 -0.029276679874249006 0.082466085324699914 -0.0042246342985167743 0.049259241418584086 0.011886166642089276 0.029134677793874481 -0.019898527040272312 -0.038734584459913846 -0.035412199176816532 0.13958078994487952 0.34514214950986183 -0.0059910246768224889 -0.0033484174777286776 0.045258219225815965 0.0095111647508895301 -0.0012023210522197673 0.0096297280466312446 0.056117711575430475 0.00024062960962229404 0.077691488677592208 0.30928078833037298
leaf_weight=2648.1179355662316 1366.4062857925892 3524.960043720901 1904.8697686847299 335.44383592158556 336.01270457636565 2087.2429386619478 2818.3341429512948 3936.5039110351354 5314.2634675931185 300.62064843997359 28.730983065441251 85.593495886772871 51.917606750503182 2754.7304417937994 982.35575371980667 176.17471023835242 23.315067766234279 30.897630045190454 26.88244903087616 11.299146441742776 851.81655366718769 639.07361980248243 117.57550889905542 3662.8445992777124 178.12167723104358 1406.2805638313293 435.38303855992854 107.94428184069693 16.34528307616711 8.288489541038869
leaf_count=154819 15499 15527 55741 2958 2723 96134 129179 132242 71971 2389 215 3094 1653 12345 8879 7398 1130 1532 709 201 27843 5579 1192 34660 1407 12633 3165 789 446 311
internal_value=-0.00053835 0.00908124 -0.0145766 0.00477129 0.010884 -0.0109227 -0.0134746 -0.00890816 -0.00118602 0.00907818 -0.019026 -0.0030185 0.039604 0.0194989 0.0206078 -0.0202983 0.00942205 0.0649441 0.115126 0.207669 -0.0215365 -0.00529843 0.00425432 0.0146086 0.0221801 0.0177812 0.0336351 0.0450373 0.0880321 0.16464
internal_weight=36168.3 21462 14706.3 15182.3 7492.99 12058.2 10153.3 6483.19 7689.33 2375.07 2384.54 4098.65 162.145 6279.69 1317.8 2355.81 268.569 92.3943 61.4967 38.1816 3670.15 1057.27 756.649 6126.59 2463.74 2127.73 721.449 543.327 76.5514 24.6338
internal_count=804363 191716 612647 163844 70876 457828 402087 245065 92968 20997 107319 137746 5504 27872 11837 107104 10970 3572 2040 910 157022 9160 6771 55377 20717 17994 5361 3954 2410 757
is_linear=0
shrinkage=0.05


Tree=40
num_leaves=31
num_cat=0
split_feature=25 0 13 25 0 21 20 24 22 20 20 21 22 21 4 21 4 24 17 21 4 21 17 23 22 23 13 20 20 23
split_gain=1806.88 401.788 292.294 194.042 174.661 139.881 164.064 145.552 103.016 82.8734 82.6353 89.7691 122.21 82.1623 101.795 78.9371 78.7805 77.1754 76.2098 75.6513 79.6972 74.6841 77.4617 70.8358 70.5986 69.694 65.4191 63.147 86.278 88.3111
threshold=26.814813715219504 56.637285232543952 -27.283185579447824 39.013249492645272 4.7231981754302987 -0.91873112499999987 47.123107910156257 6.5000000000000009 0.030713726750000003 74.476669311523452 26.933258056640629 -1.5734585999999997 0.32628046000000005 -0.12487920499999999 1394.0205159187319 0.36957310500000001 466.3950739651919 5.5000000000000009 179.04860687255862 0.41705139000000008 10.107773780822756 0.36957310500000001 184.48917388916018 1.4349610000000002 -1.52295315 1.2471615 200.51966753606644 86.731285095214858 105.83823394775392 1.4267945000000002
decision_type=2 2 2 2 2 2 2 10 2 2 2 2 2 2 2 2 2 10 2 2 2 2 2 2 2 2 2 2 2 2
left_child=2 3 8 17 10 -5 -7 13 -1 -10 19 -12 18 -8 24 -3 23 21 -13 -4 -21 -2 -23 -6 -15 -20 -16 -26 -29 -30
right_child=1 15 4 5 16 6 7 -9 9 -11 11 12 -14 14 26 -17 -18 -19 25 20 -22 22 -24 -25 27 -27 -28 28 29 -31
leaf_value=-0.019068093071623611 -0.0037273304211940072 0.017289829222683902 -0.028917820681612572 -0.0020549896614004727 -0.0075948108569813102 0.018476183135873073 -0.0053601689098069947 0.05357533757588933 -0.039090659977253223 -0.0092993325226563544 0.019834944048930006 -0.021612093356799512 -0.027973402498494532 0.052317003757506544 0.04867412286142208 0.032524622300462533 0.028540887725117398 -0.014770332712302459 -0.0087851081716873013 0.031449959218944792 -0.017599147864762407 0.012318212071208338 -0.012263133449593382 0.009226765924959926 0.0096176250313580753 0.010506940148981422 0.014205837791418567 -0.013898770207006181 -0.0018286306613829321 0.051329576536572843
leaf_weight=2726.8849117821082 3558.8493148917332 1947.5311009995639 1431.216338513419 2261.3329841345549 1966.3976066336036 4730.6942656934261 1557.5037672612816 152.89013132639229 1518.6461702864617 276.68194394931197 227.04310981743038 699.19507459178567 951.88802712038159 74.793296042829752 223.66056253015995 1515.2940534949303 222.94780612364411 929.03744949959219 1463.3448976576328 110.34328028745949 322.41488916799426 1815.397469215095 388.3098754985258 916.82253617234528 1711.2786318771541 687.17625041119754 358.74181505665183 855.51783836260438 241.43484860472381 114.46249752677977
leaf_count=137378 82667 8861 73723 15351 54832 21151 11988 1216 96597 10408 5929 26152 42120 472 1068 7169 2215 22965 53259 5102 15209 27995 13276 23955 8368 20321 1565 7654 3620 1261
internal_value=-0.000396686 0.00830408 -0.0148343 0.00544498 -0.00962103 0.00917694 0.0117115 0.00565998 -0.0252037 -0.0345072 -0.0146778 -0.0106458 -0.0124709 0.00422386 0.00839392 0.0239639 -2.63294e-05 -0.0014053 -0.00728465 -0.0233819 -0.00504909 0.000751598 0.0079832 -0.00224445 0.00467306 -0.00261852 0.0275035 0.00343635 -0.00529623 0.0153639
internal_weight=35957.7 22436.7 13521 18973.9 8998.79 12282.3 10021 5290.28 4522.21 1795.33 5892.62 4028.65 3801.6 5137.39 3579.89 3462.83 3106.17 6691.59 2849.72 1863.97 432.758 5762.56 2203.71 2883.22 2997.49 2150.52 582.402 2922.69 1211.42 355.897
internal_count=803847 236647 567200 220617 322817 73714 58363 37212 244383 107005 241815 147781 141852 35996 24008 16030 81002 146903 99732 94034 20311 123938 41271 78787 21375 73580 2633 20903 12535 4881
is_linear=0
shrinkage=0.05


Tree=41
num_leaves=31
num_cat=0
split_feature=0 0 19 13 19 22 12 12 23 23 0 11 22 22 24 12 13 5 4 10 23 24 23 9 11 12 2 22 11 23
split_gain=1635.93 358.382 280.289 219.711 151.035 127.664 118.184 107.26 130.412 105.964 90.7631 77.6478 84.8203 75.9488 93.6767 74.6751 73.5348 72.171 76.3708 84.3116 73.1432 106.999 108.943 68.408 66.3205 93.106 130.43 126.032 195.973 154.637
threshold=4.6368851661682138 48.995447158813484 0.044117647223174579 -48.970923507165146 0.27941177785396581 0.56587234500000017 1.6160990712074306 1.7647058823529413 1.25831 1.7844480500000002 107.07286071777345 19.299244392351842 0.94406590000000012 0.51160311500000011 5.5000000000000009 11.018575851393191 -26.392480128240013 16.500000000000004 17.490164220333103 -20.016172927618026 1.57960955 3.5000000000000004 1.6901442000000002 9.5000000000000018 50.50536256878646 3.5959752321981431 180.30842041969302 -0.29544110999999995 33.789285444495953 1.1724898500000003
decision_type=2 2 2 2 2 2 2 2 2 2 2 2 2 2 8 2 2 2 2 8 2 10 2 2 2 2 2 2 2 2
left_child=2 4 6 -4 24 7 -1 13 -9 17 -3 12 -8 -5 -15 -11 -6 18 -10 20 -20 -22 23 -23 25 26 -2 28 -27 -30
right_child=1 10 3 5 16 -7 11 8 9 15 -12 -13 -14 14 -16 -17 -18 -19 19 -21 21 22 -24 -25 -26 27 -28 -29 29 -31
leaf_value=0.023441857624625913 0.014369865961410135 0.0182439498255038 -0.032204898475172508 -0.00043793057257072434 -0.018800937140120037 -0.024559103705480645 -0.026745184325665007 -0.018205579230287403 -0.020096648782273782 -0.023049990836278254 0.037174769016017913 0.0029200195093665345 0.027555024215791108 0.19735302171300584 -0.014370090640660053 0.034868488148756337 -0.00018026725237079192 -0.032449728444524643 0.012854340094929695 0.0007264336413913251 0.029286786676721771 0.2456662766687972 -0.020698406881960545 0.092707717294241876 0.0044218833322348166 0.032949982934150218 0.046166697411692818 -0.001041284400909438 -0.024830446894006594 0.021827818065969593
leaf_weight=530.44700715877116 2093.7945820353925 3890.0325555931777 1715.56225813739 1719.4153233105317 653.70732331741601 1949.4930817903951 484.50557933375239 4603.1192143419757 249.66245417669415 781.66127433907241 757.01932252570987 1524.846236359328 83.587091039866209 9.8443159162998217 9.8368975250050408 59.036079216748476 2788.1941038779914 135.4525405485183 345.68635184597224 914.80552921071649 124.36536469310522 14.032486565411089 10.138662800192831 18.217123247683048 6132.7538799494505 896.21628875657916 380.71991546079516 2175.3332387730479 365.39152356423438 343.60869820043445
leaf_count=4030 17329 20157 107084 57038 30922 91732 6603 193231 11548 31469 3803 14117 1297 308 421 2084 79700 3808 13885 35730 4810 314 459 480 42514 6553 1853 16329 2254 2227
internal_value=-0.000110883 0.00912814 -0.0124889 -0.0155709 0.00554346 -0.0129609 0.00238512 -0.0104448 -0.0131175 -0.00428591 0.0213352 -0.00296028 -0.0187213 0.000707437 0.0959533 -0.0189462 -0.00372125 0.00252124 0.00536368 0.00982831 0.0260439 0.0531467 0.120862 0.16465 0.00811771 0.01174 0.0192787 0.00680183 0.0174246 -0.00221917
internal_weight=35760.5 20476.8 15283.7 12660.3 15829.7 10944.8 2623.39 8995.27 7256.18 2653.06 4647.05 2092.94 568.093 1739.1 19.6812 840.697 3441.9 1812.36 1676.91 1427.25 512.44 166.754 42.3883 32.2496 12387.8 6255.06 2474.51 3780.55 1605.22 709
internal_count=804089 223641 580448 554401 199681 447317 26047 355585 297818 104587 23960 22017 7900 57767 729 33553 110622 71034 67226 55678 19948 6063 1253 794 89059 46545 19182 27363 11034 4481
is_linear=0
shrinkage=0.05


Tree=42
num_leaves=31
num_cat=0
split_feature=25 15 13 12 20 14 23 22 11 14 12 3 20 18 10 12 14 17 4 17 11 12 16 14 22 11 14 10 11 14
split_gain=1636.84 346.644 287.422 204.456 168.038 149.765 194.823 187.7 135.602 128.475 121.658 108.507 107.026 100.842 95.817 150.217 647.874 92.8566 91.4266 87.475 85.1956 82.8001 111.692 219.411 79.4442 76.1601 82.9951 87.4274 76.0324 72.76
threshold=26.694967439770704 37.451803207397468 -42.614684594005062 3.0201238390092882 81.246215820312514 265.50000000000006 1.7844480500000002 0.030713726750000003 68.440097592586525 203.50000000000003 4.314241486068112 206.18916153907779 58.151657104492195 158.16176605224612 5.0374625027179727 5.7941176470588251 168.50000000000003 179.34230804443362 1098.4034689739349 172.91567230224612 34.722900977490859 0.69195046439628494 0.57352942228317272 203.50000000000003 0.021143936550000002 52.16049636443703 173.50000000000003 292.54926300048834 17.687629925646469 196.50000000000003
decision_type=2 2 2 2 2 2 2 2 2 2 2 2 2 2 8 2 2 2 2 2 2 2 2 2 2 2 2 10 2 2
left_child=2 3 21 18 13 7 -7 9 17 11 25 -4 24 20 -9 -16 -17 -8 -2 -14 -5 22 23 -1 28 -3 -27 29 -11 -28
right_child=1 10 5 4 -6 6 8 14 -10 12 -12 -13 19 -15 15 16 -18 -19 -20 -21 -22 -23 -24 -25 -26 26 27 -29 -30 -31
leaf_value=0.36061782113387791 0.0080229191575891725 0.036000451571965485 -0.019349225015137875 0.01718571802028657 -0.015832853960576612 -0.0065698135015297907 -0.0046942899191894059 -0.030076320703026807 -0.024445742463501015 0.046123893159686007 0.010411071621875337 0.028557255877024318 -0.032081427798799161 -0.0040290778553104577 -0.017607371926474713 0.35639502540303347 -0.004407115945770531 0.069101309216015649 0.02418964808214534 -0.0052010677819209657 0.0018516066580593759 -0.033522872775653495 -0.0081059228319716806 -0.034388861567158036 0.14834108237443758 -0.015050361217350778 0.031667843908665248 0.037922227160538134 0.0036234630938938822 0.0059436134796076404
leaf_weight=5.4316367451101524 7340.8381597772241 1088.1438242197037 2463.2791554024443 1482.5788652598858 1564.7232895921916 968.59383372031152 53.32920110784471 1971.5634527849033 68.715953964740038 113.04996329173446 2442.6877887547016 123.29251905158162 355.62449679523706 3392.2334583131596 1058.3704580515623 13.419413102790712 90.561271848157048 209.03156651370227 992.25842547416687 2004.2826385628432 2326.6696857735515 1994.7130258139223 73.178743776865304 7.4081647470593452 8.998537306673823 158.97192673385143 417.71085587143898 613.54868672788143 1364.6486232047901 802.03668180853128
leaf_count=225 88528 4800 116932 9358 31173 30064 1166 106524 1306 3917 10982 1361 12067 73608 32877 147 2390 3781 4779 64246 11912 130052 3777 250 355 696 1816 2947 48518 3462
internal_value=-0.000252715 0.00786157 -0.0144298 0.00434345 -0.000987221 -0.011168 0.00475456 -0.0133314 0.037805 -0.00844103 0.0187508 -0.0170555 -0.00264545 0.00224016 -0.0233642 -0.0119631 0.0451082 0.0541403 0.00995063 -0.00926366 0.00782266 -0.0314513 0.016421 0.146694 0.00785913 0.0253584 0.0195308 0.022536 0.00690391 0.0147718
internal_weight=35569.9 22622.4 12947.5 17099.3 8766.21 10866.8 1299.67 9567.09 331.077 6433.18 5523.1 2586.57 3846.6 7201.48 3133.91 1162.35 103.981 262.361 8333.1 2359.91 3809.25 2080.73 86.0185 12.8398 1486.7 3080.41 1992.27 1833.3 1477.7 1219.75
internal_count=804016 244061 559955 219358 126051 425651 36317 389334 6253 247396 24703 118293 129103 94878 141938 35414 2537 4947 93307 76313 21270 134304 4252 475 52790 13721 8921 8225 52435 5278
is_linear=0
shrinkage=0.05


Tree=43
num_leaves=31
num_cat=0
split_feature=25 13 15 13 6 22 13 24 3 11 1 19 11 8 9 11 16 13 5 22 4 22 24 11 22 22 11 11 22 1
split_gain=1472.76 278.062 258.183 153.574 130.927 94.2378 88.9575 85.1538 91.4416 82.0095 72.7256 66.6606 67.4458 67.8373 78.5078 77.0554 63.0124 61.9131 56.2519 63.7937 95.8942 54.6381 94.6414 73.6421 72.9754 65.9086 62.4672 112.49 53.769 52.1271
threshold=26.814813715219504 -42.614684594005062 38.968345642089851 17.921023678956882 1.0000000180025095e-35 1.6035561000000003 511.15411284659353 5.5000000000000009 47.402400746941574 22.113093404139715 46.385453760623939 0.39705882966518408 9.0522675820548493 1.0000000180025095e-35 40.500000000000007 68.440097592586525 0.51470589637756359 169.38584068506358 28.500000000000004 -0.65970697999999983 1098.4034689739349 0.45226171500000006 2.5000000000000004 84.235833273491266 -0.24855561999999998 -0.06539430844999998 26.375174039641063 28.886018813636749 0.45226171500000006 58.156503468751914
decision_type=2 2 2 2 2 2 2 8 2 2 2 2 2 2 2 2 2 2 2 2 2 2 10 2 2 2 2 2 2 2
left_child=1 16 4 7 21 17 18 11 -9 -6 -7 -3 -13 14 -14 -15 -1 -5 28 -20 -21 22 23 29 -25 -26 -24 -28 -4 -2
right_child=2 3 6 5 9 10 -8 8 -10 -11 -12 12 13 15 -16 -17 -18 -19 19 20 -22 -23 26 24 25 -27 27 -29 -30 -31
leaf_value=0.017235933214318423 0.003514856572974694 -0.019856763456839534 0.024884087095950132 -0.0016297681420492163 -0.014159463618646704 0.15132609726713475 0.039776534620726597 -0.022809509640050709 -0.008311676630290107 0.0013945001192528367 0.010498713732716831 0.021351016056654556 -0.031413910401618471 0.0012012827678752993 0.0044754601009616484 -0.026196269466218322 -0.032211234646140167 0.037426884522881051 -0.0076373218760177417 -0.0072992712775326318 0.021690893664512233 0.001454870242057377 -0.0077686846281969438 -0.023754257249783344 0.038984239884069467 -0.0053001851103825423 0.0736718636498188 0.017150979884823139 0.007559301084743804 0.012446534889397802
leaf_weight=66.011718129739165 3422.1746396003291 921.96994781121612 1860.0967828929424 1876.6240700818598 1183.5931858420372 17.451300444081426 419.98334670811892 3161.1412727450952 1660.3460508454591 2977.2827312378213 18.539426663890481 231.27270718477666 484.05376939103007 1957.9902888685465 221.84143070038408 294.33627996500582 1973.5390620185062 106.2656210847199 431.65737830847502 384.40333976596594 1100.282843850553 3219.0368252210319 233.73635458759964 389.65015440061688 111.3194897454232 332.73899239208549 90.518085110932589 2391.9766505993903 591.25683177262545 3126.4821893163025
leaf_count=3213 40398 36125 8310 42873 28071 326 2040 158511 66172 77085 268 8792 26279 72917 9462 9285 132212 709 1930 1702 4874 24950 2124 2716 696 2226 761 17907 2593 16943
internal_value=-0.000278068 -0.0136559 0.00752758 -0.0104973 0.00470916 0.00195647 0.0178137 -0.0133118 -0.0178197 -0.00303228 0.0810285 -0.00802231 -0.00459624 -0.00663131 -0.0201446 -0.00238909 -0.0306032 0.000481139 0.0156932 0.00926819 0.0141851 0.0071279 0.00893591 0.00599842 -0.00799056 0.00586397 0.0169145 0.0192407 0.0207102 0.0077803
internal_weight=35257.6 12991.4 22266.2 10951.8 17478.5 2018.88 4787.68 8932.95 4821.49 4160.88 35.9907 4111.46 3189.49 2958.22 705.895 2252.33 2039.55 1982.89 4367.7 1916.34 1484.69 13317.6 10098.6 7382.37 833.709 444.058 2716.23 2482.49 2451.35 6548.66
internal_count=802470 567144 235326 431719 213877 44176 21449 387543 224683 105156 594 162860 126735 117943 35741 82202 135425 43582 19409 8506 6576 108721 83771 62979 5638 2922 20792 18668 10903 57341
is_linear=0
shrinkage=0.05


Tree=44
num_leaves=31
num_cat=0
split_feature=1 15 15 22 14 21 22 4 14 21 13 14 21 14 21 21 21 17 14 21 21 14 4 20 21 22 17 20 14 21
split_gain=1228.67 268.228 249.552 178.733 154.76 129.623 169.333 161.195 125.358 110.282 104.744 110.442 102.174 101.631 175.208 178.522 115.756 96.055 90.3408 102.882 137.124 87.0197 118.152 86.3929 76.8677 74.8197 83.5275 79.8491 70.4949 69.8125
threshold=17.660273194313053 3.7877115011215214 37.451803207397468 -0.16078418999999997 242.50000000000003 0.39547174000000002 0.45747834000000004 174.82670840620997 219.50000000000003 -0.14242072499999997 30.27590831745151 180.50000000000003 -0.087392471699999988 190.50000000000003 1.2578024500000002 1.2804896500000003 -0.49529029499999994 155.79412078857425 168.50000000000003 1.4441750000000002 1.6484033000000002 260.50000000000006 932.82195697724831 31.753784179687504 2.1251499500000004 0.89314475500000012 159.91176605224612 -1.9687194824218748 157.50000000000003 -0.56170388999999987
decision_type=2 2 2 2 2 2 2 2 2 2 2 2 2 2 2 2 2 2 2 2 2 2 2 2 2 2 2 2 2 2
left_child=1 3 5 13 -5 10 7 -7 -9 23 -2 12 25 14 -1 -16 -15 -3 -17 -20 -21 22 -10 -4 28 27 -27 -12 -8 -13
right_child=2 17 9 4 -6 6 24 8 21 -11 11 29 -14 16 15 18 -18 -19 19 20 -22 -23 -24 -25 -26 26 -28 -29 -30 -31
leaf_value=-0.027637661893551841 -0.0071384057097108669 0.0094792728930283895 0.021497089146135427 -0.036007020982770761 -0.010064048882543747 -0.0012712354466816965 0.060924525016385546 0.030864602742848992 -0.0034828577748811339 0.023978404963977372 -0.024387860224797421 -0.0075386150689693877 -0.0070195488027277797 0.0083734627055141331 0.21147060740333934 -0.044562475580520476 -0.015079230366863497 -0.0077011706273576348 -0.045530511759477865 0.15238076465571293 -0.046880203902372672 0.034512188026227929 0.027834301528256819 0.0024549763975622234 0.063749064076388681 0.032466388079477944 0.12292422009476578 0.020293250130922334 -0.0073348860552302168 0.0047033441792153838
leaf_weight=1288.3782320749015 3083.0613742135465 924.67225580476224 933.24030530452728 2065.0093165691942 797.8304653596133 1150.5930083822459 37.770289735868573 1541.5092003475875 997.19243769533932 2582.8182682543993 107.81814132258296 1898.9921840615571 443.24548987112939 910.05045323818922 12.098150428384541 38.175660994835198 1244.5797789180651 6723.8235994363204 17.72797826398164 29.252326477319002 11.533282956108449 327.71668302454054 430.37864672392607 1644.3254024684429 39.881549337878823 102.12714252620935 33.576624475419521 1253.3600921705365 1561.1414116602391 3007.8117161784321
leaf_count=74299 77036 8056 4023 135312 34091 25795 552 10414 10936 11537 2171 16968 2526 37676 333 2131 57290 229185 1044 469 663 4136 2117 7384 447 467 390 6545 17018 23781
internal_value=-0.000491959 -0.0119481 0.00711617 -0.0194877 -0.0287831 0.0040347 0.00977963 0.0148414 0.0204634 0.0166774 0.000512955 0.00395878 0.0140543 -0.0119893 -0.0224878 0.0381986 -0.00517424 -0.00562316 0.0145753 0.0532587 0.0962606 0.0113166 0.00597139 0.00935508 -0.00395776 0.0202951 0.0555835 0.0167388 -0.00568536 -3.50121e-05
internal_weight=35239.7 14063.1 21176.6 6414.64 2862.84 16016.2 6086.18 4447.39 3296.8 5160.38 9929.99 6846.93 1940.13 3551.8 1397.17 108.787 2154.63 7648.5 96.6892 58.5136 40.7856 1755.29 1427.57 2577.57 1638.79 1496.88 135.704 1361.18 1598.91 4906.8
internal_count=804792 580549 224243 343308 169403 201299 71415 53398 27603 22944 129884 52848 12099 173905 78939 4640 94966 237241 4307 2176 1132 17189 13053 11407 18017 9573 857 8716 17570 40749
is_linear=0
shrinkage=0.05


Tree=45
num_leaves=31
num_cat=0
split_feature=25 0 4 20 12 20 17 12 4 0 12 20 10 12 12 20 3 0 12 16 4 17 20 4 25 17 17 12 4 12
split_gain=1219.24 338.88 218.881 166.415 157.162 170.072 105.59 80.9027 76.1803 74.0649 80.2645 108.457 66.901 64.7423 62.8414 113.5 72.3897 61.4425 60.6779 96.8904 59.6224 57.4051 65.5682 140.828 56.4469 47.0841 46.8356 44.8867 44.2033 42.9498
threshold=26.694967439770704 59.816541671752937 170.40276078879836 33.656867980957038 2.7352941176470593 78.265686035156264 156.6470642089844 6.6269349845201253 1098.4034689739349 4.7231981754302987 5.7941176470588251 9.615272521972658 7.8255080640316015 10.332817337461302 5.9674922600619196 11.555274963378908 82.376367770135417 131.87927246093753 0.69195046439628494 0.48529411852359777 1299.6740894317629 179.04860687255862 76.348884582519545 13.160109490156175 22.288666212558748 155.279411315918 189.36110687255862 2.339009287925697 353.46406160295015 0.84365325077399389
decision_type=2 2 2 2 2 2 2 2 2 2 2 2 8 2 2 2 2 2 2 2 2 2 2 2 2 2 2 2 2 2
left_child=2 4 3 12 8 6 28 20 -2 -4 -11 -12 -1 18 -14 16 -16 -3 19 -5 25 -20 24 26 -23 -7 -24 -25 -6 -10
right_child=1 17 9 13 5 7 -8 -9 29 10 11 -13 14 -15 15 -17 -18 -19 21 -21 -22 22 23 27 -26 -27 -28 -29 -30 -31
leaf_value=-0.02726886505459741 0.0076530528875880348 0.019616450425493984 -0.0086242365980283842 0.16666839033217629 0.021201741573889051 0.0047603445180351769 -0.0015084898713570224 -0.032187297275209824 0.046589936609115708 0.0044627214367014955 0.14087092227573364 0.024069817226082799 -0.015205743551121219 0.013934276059274562 0.047603649669451631 -0.024139286196238827 0.25936296921302365 0.042133138188222764 -0.022630538531211938 0.0060562769102313506 0.025072421019610942 -0.024052338338608394 0.1747570201718372 0.010334634405291268 -0.0091190902681411723 -0.016688874985774791 0.047706932736021619 -0.0097730563253426161 0.0068663767011683712 0.017826842294992238
leaf_weight=3177.4983983477578 6698.0466881645843 2702.4316694140434 1163.1547413691878 8.7766062635928375 626.64641359448433 352.50502946227789 5430.0227585900575 435.94155851192772 148.93808901309967 1158.7153756758198 23.281543098390102 113.11701382417232 1045.1003898000345 256.70001942012459 9.5997586557641643 22.601800218224525 6.7567230295389882 341.43682610988617 1168.5350798005238 240.26959197688848 126.48780108243227 981.31671276129782 12.481606759130957 404.89143485948443 1784.9251483138651 928.5243524312973 18.065258979797363 877.01804841868579 3772.2152113206685 996.78046982362866
leaf_count=206106 79472 12687 45211 205 2831 3994 88550 11094 664 23712 180 1910 45487 9028 382 841 112 1784 51292 6994 833 45937 472 10566 78055 20386 605 33098 17116 4651
internal_value=-0.0002947 0.00664094 -0.012839 -0.0161203 0.00422022 0.000541869 0.00315598 -0.0133901 0.00969322 0.000529783 0.00875141 0.0448865 -0.0236089 -0.01057 -0.0128657 0.0487174 0.144983 0.0221552 -0.0117167 0.0123603 -0.00754942 -0.0128616 -0.010058 -0.000853192 -0.0144234 -0.0107875 0.103514 -0.00341893 0.0089129 0.0216033
internal_weight=35032.8 22560 12472.8 10014.5 19516.1 11672.3 9828.88 1843.46 7843.77 2458.27 1295.11 136.399 4261.56 5752.98 1084.06 38.9583 16.3565 3043.87 5496.28 249.046 1407.52 5247.23 4078.7 1312.46 2766.24 1281.03 30.5469 1281.91 4398.86 1145.72
internal_count=804255 244062 560193 489180 229591 144804 108497 36307 84787 71013 25802 2090 252928 236252 46822 1335 494 14471 227224 7199 25213 220025 168733 44741 123992 24380 1077 43664 19947 5315
is_linear=0
shrinkage=0.05


Tree=46
num_leaves=31
num_cat=0
split_feature=25 14 21 21 14 17 10 24 14 14 11 2 11 11 14 20 21 17 17 21 24 14 11 14 11 21 14 21 21 19
split_gain=1250.67 214.714 213.306 177.639 175.94 188.444 151.541 133.935 179.919 132.558 127.136 121.743 163.314 110.196 156.332 123.039 143.932 108.859 106.666 95.5357 124.638 127.663 218.986 170.068 144.866 148.435 116.702 116.584 111.665 93.3052
threshold=26.814813715219504 265.50000000000006 -0.55150461499999992 1.6484033000000002 244.50000000000003 184.48917388916018 7.8255080640316015 2.5000000000000004 190.50000000000003 195.50000000000003 46.041871786809565 43.180405840277679 60.975795745019212 63.239574884401854 256.50000000000006 109.27297973632814 1.6484033000000002 179.51923370361331 183.28147888183597 0.40264956500000004 5.5000000000000009 173.50000000000003 55.569428578272884 191.50000000000003 74.360047715909261 0.50852495500000006 160.50000000000003 1.0523938500000003 1.6484033000000002 0.39705882966518408
decision_type=2 2 2 2 2 2 8 8 2 2 2 2 2 2 2 2 2 2 2 2 10 2 2 2 2 2 2 2 2 2
left_child=1 6 9 -3 5 19 7 8 -1 11 -5 -2 -13 -6 -15 16 -16 -10 -11 -4 21 27 -23 -24 25 -25 -22 -21 -29 -12
right_child=2 3 4 10 13 -7 -8 -9 17 18 29 12 -14 14 15 -17 -18 -19 -20 20 26 22 23 24 -26 -27 -28 28 -30 -31
leaf_value=-0.029068984402782761 -0.011516383115046531 -0.00080650334253023852 0.009909885006203557 -0.038898289413731184 -0.0075881483817168823 -0.015827791045086949 -0.0064002297353496929 -0.02284077661785874 -0.023028278500375487 -0.010879127663923847 -0.024364939755366358 0.018345765206446627 -0.011235647277668827 -0.0045121026344443994 0.086804535055450271 -0.0052578225114659569 -0.010976310677475398 0.010755670032948436 0.020473679576548991 -0.0072035203965669552 0.073327725910990196 0.042210424403415631 0.046189212372415744 0.050011789743625662 0.021736706296046716 -0.015316561798137432 -0.0053157833360094747 0.033564371093652658 -0.023448125768118125 0.089678909673908819
leaf_weight=659.82094001490623 739.63452643621713 1183.3467921838164 6874.5490288790315 30.118924830108881 1962.6970717646182 557.13450904376805 3541.464183752425 5652.4683121377602 310.26617381442338 2855.735817543231 20.5732840616256 2001.0566750857979 607.61367680504918 417.98194533213973 159.48001356236637 92.548690719529986 48.892908174544573 1018.2858390873298 298.81761848460883 635.57315713819116 49.511995388194919 1359.3135329643264 406.40419187489897 99.432167361490428 1144.1745501803234 647.30590021330863 712.57719015330076 489.44400684349239 103.36928707920015 121.50984183326364
leaf_count=40946 17739 36118 53682 939 35853 23303 108770 325593 13310 33543 292 12095 3656 4254 2047 767 553 40017 9606 4740 368 9781 2712 637 7474 4194 5276 3375 737 1188
internal_value=-4.4157e-05 -0.0126743 0.00706893 0.00611498 0.0102125 0.0126045 -0.0149523 -0.0189148 -0.00774828 -0.000550252 0.0534084 0.00637794 0.011454 -0.00145397 0.0152804 0.0426962 0.0639183 0.00285448 -0.00790366 0.0138707 0.0186898 0.0216231 0.0263073 0.0168832 0.0105635 -0.00656249 -0.000117014 0.00766936 0.0236003 0.0731108
internal_weight=34801.1 12537.9 22263.2 1355.55 15760.4 13078.8 11182.3 7640.84 1988.37 6502.86 172.202 3348.3 2608.67 2681.6 718.904 300.922 208.373 1328.55 3154.55 12521.7 5647.11 4885.02 3656.63 2297.32 1890.91 746.738 762.089 1228.39 592.813 142.083
internal_count=803565 567173 236392 38537 159753 116279 528636 419866 94273 76639 2419 33490 15751 43474 7621 3367 2600 53327 43149 92976 39294 33650 24798 15017 12305 4831 5644 8852 4112 1480
is_linear=0
shrinkage=0.05


Tree=47
num_leaves=31
num_cat=0
split_feature=2 15 15 13 21 17 14 21 23 23 23 10 21 9 21 18 13 14 21 14 17 21 21 18 4 21 3 14 14 23
split_gain=958.189 234.626 196.471 159.242 126.989 150.966 88.6813 104.812 146.793 190.882 88.7179 79.4951 77.5108 76.5962 75.7826 71.8777 70.3535 69.9757 82.6013 66.9591 97.3931 96.5086 83.1697 115.869 74.1795 68.4266 97.8182 65.9123 95.0754 72.5057
threshold=53.198438763618476 3.6355595588684086 38.968345642089851 -46.151083725467089 0.47868277500000006 186.32193756103518 221.50000000000003 1.2578024500000002 1.6502280500000002 1.5895577000000003 1.3213951500000003 21.72253132462502 -0.94070410999999987 9.5000000000000018 -2.0836265999999992 175.53743743896487 511.15411284659353 197.50000000000003 -1.4577523499999998 195.50000000000003 185.1259460449219 -1.8284060999999998 -0.55150461499999992 185.32742309570315 981.58256387710583 0.39547174000000002 516.25085854530346 261.50000000000006 245.50000000000003 0.79377040500000007
decision_type=2 2 2 2 2 2 2 2 2 2 2 8 2 2 2 2 2 2 2 2 2 2 2 2 2 2 2 2 2 2
left_child=1 3 14 -1 -3 -6 7 -5 9 10 -9 -7 15 -11 -2 -8 17 -4 -19 20 21 -16 23 -21 27 -26 -27 28 -24 -29
right_child=2 4 16 6 5 11 12 8 -10 13 -12 -13 -14 -15 19 -17 -18 18 -20 22 -22 -23 24 -25 25 26 -28 29 -30 -31
leaf_value=-0.033016161574763989 -0.038178489779952793 -0.0083010020842404896 0.020191593266984009 -0.022215429675429728 0.013242846220661662 -0.018014307708380532 -0.009029328757103763 0.15711212087109466 -0.04636778439235914 0.22551587754338082 -0.013776003495426001 0.040405967064703167 -0.010897106798376383 0.071585019665427727 0.05633567086149005 0.02848692152966183 0.036097435237387475 -0.047015839982874119 0.009137941117163418 -0.0090321162695158243 -0.020149006392571767 0.0097508557948414801 0.0036648481077636193 0.053747126962597119 0.003983619573732354 0.042452466695836542 0.010097549424466987 -0.0099251458439298824 -0.011926857068135215 0.023909715821195138
leaf_weight=1263.9046013653278 103.14989288896322 6179.8798070298508 2245.4484164267778 2389.9441626882181 1732.8024617144838 714.29256563726813 237.8814912000671 7.6208034409210077 54.53335512522608 16.271709113381803 62.932352441363037 62.452499383129179 1866.012613017112 17.784800854511559 112.87231062538922 273.64357154164463 403.53116974234581 66.955625310540199 1815.5815332680941 1987.5282238256186 266.57054945547134 4795.53472186625 3644.8021233696491 75.331320410594344 1103.1428712010384 369.26740386150777 635.31546287238598 215.4172045737505 1335.0355795044452 591.68734549731016
leaf_count=95540 1527 198006 9949 144075 42850 30494 9027 247 3359 242 3131 2212 79965 366 802 9249 2035 344 8101 24610 9238 34844 45183 1867 5646 1864 2956 4154 21445 9415
internal_value=-0.000166471 -0.00974981 0.00704762 -0.0171877 -0.00444957 0.0050343 -0.013121 -0.0195983 0.0195981 0.0540997 0.00662026 -0.0132712 -0.00617111 0.149466 0.0043285 0.0110567 0.0161868 0.0142321 0.00711684 0.00462075 0.00923383 0.0108334 0.00222262 -0.00671462 0.00455846 0.012587 0.0220211 0.00163264 -0.000516659 0.014878
internal_weight=34647.1 14880 19767.2 6190.53 8689.43 2509.55 4926.62 2549.09 159.143 104.61 70.5532 776.745 2377.54 34.0565 15235.7 511.525 4531.52 4127.99 1882.54 15132.5 5174.98 4908.41 9957.53 2062.86 7894.67 2107.73 1004.58 5786.94 4979.84 807.105
internal_count=802743 618763 183980 345201 273562 75556 249661 151420 7345 3986 3378 32706 98241 608 163551 18276 20429 18394 8445 162024 44884 35646 117140 26477 90663 10466 4820 80197 66628 13569
is_linear=0
shrinkage=0.05


Tree=48
num_leaves=31
num_cat=0
split_feature=25 0 13 12 14 0 0 14 22 22 11 14 12 22 22 14 23 23 14 12 23 23 25 20 12 4 23 20 12 14
split_gain=1013.66 258.758 233.125 162.732 156.421 150.831 131.299 119.512 168.975 108.191 103.466 221.169 158.578 125.568 141.618 160.165 118.281 103.122 135.575 84.5249 83.9763 118.832 82.4667 74.0978 82.232 73.896 84.9956 74.8122 69.992 226.713
threshold=26.814813715219504 77.608024597167983 -48.970923507165146 2.3854489164086692 196.50000000000003 1.1096200346946719 4.9896202087402353 240.50000000000003 0.030713726750000003 2.1169150000000005 46.607583067169415 175.50000000000003 9.1253869969040267 -0.53966259999999988 0.81843450500000003 187.50000000000003 0.95612800000000009 1.8059088000000003 185.50000000000003 0.69195046439628494 0.57830724000000011 1.6599746000000002 21.305684790015224 72.964897155761733 6.5588235294117654 572.88731786608707 1.6978337000000001 4.8575057983398446 6.1377708978328185 170.50000000000003
decision_type=2 2 2 2 2 2 2 2 2 2 2 2 2 2 2 2 2 2 2 2 2 2 2 2 2 2 2 2 2 2
left_child=2 3 19 25 5 -5 7 8 22 20 -7 -12 13 17 16 -16 -15 18 -13 -1 -6 23 -4 -22 -25 26 -2 -28 -8 -30
right_child=1 -3 6 4 9 10 28 -9 -10 -11 11 12 -14 14 15 -17 -18 -19 -20 -21 21 -23 -24 24 -26 -27 27 -29 29 -31
leaf_value=0.024647269545213867 0.0099827209660775709 0.024658708262724649 -0.023928565354633183 -0.012191769168745866 -0.015636857881013273 0.016515436182817103 -0.0033399981214202595 -0.0053113883967586444 -0.03247637980067155 0.10707879392349669 -0.018868918522657832 0.019362312065492604 -0.069383803191820206 0.024830655560263062 -0.061122052105109063 0.034514994186916254 0.06949655887719744 0.045750970436962773 -0.02784116237904288 -0.034430084323563391 0.0058237843244365499 -0.017912783636375156 -0.0065250725688551217 -0.0014810762216534502 -0.028432563255362888 0.016812544671422541 -0.034794992625380931 0.00040924443094340565 0.18800056561340497 0.01041906119584856
leaf_weight=62.884790316224098 3273.7215234162286 1709.6413145586848 975.24760006554425 873.5438140090555 1282.5982859143987 2937.1500320155174 3047.5447927955538 2992.4804586917162 1422.4469263721257 20.981535886414349 804.03495015669614 270.33872758224607 55.201790072023869 455.12949084397405 82.609438023529947 90.952071118168533 220.28386708721519 107.46544202975929 345.3147836253047 1272.0225712265819 3344.826386266388 938.43732105568051 2252.317543560639 1443.0563918594271 351.10640013217926 2855.6223885249346 196.0640334635973 644.27254379820079 18.394379066303372 247.49091964121908
leaf_count=3422 44199 8541 51710 24457 18469 18933 88285 114444 92203 279 4917 1692 327 2805 483 511 1324 678 2142 98667 37498 12925 111427 21468 8602 14627 3513 8094 237 7130
internal_value=-0.000381043 0.00597273 -0.0119098 0.00442027 0.00124081 0.0070663 -0.00950432 -0.013108 -0.0181233 -0.00368603 0.0102016 0.00257058 0.0131688 0.0161097 0.0291395 -0.0110944 0.0394795 0.000793155 -0.00711593 -0.0316307 -0.0040163 -0.00156169 -0.0117895 0.00142711 -0.00676821 0.0106338 0.00634204 -0.00783606 -0.00119083 0.0233628
internal_weight=34593.2 22302.4 12290.8 20592.7 13623 6242.02 10955.9 7642.49 4650.01 7381.01 5368.48 2431.33 1627.3 1572.09 848.975 173.562 675.413 723.119 615.654 1334.91 7360.02 6077.43 3227.57 5138.99 1794.16 6969.68 4114.06 840.337 3313.43 265.885
internal_count=804009 236484 567525 227943 157510 58269 465436 369784 255340 99241 33812 14879 9962 9635 5123 994 4129 4512 3834 102089 98962 80493 163137 67568 30070 70433 55806 11607 95652 7367
is_linear=0
shrinkage=0.05


Tree=49
num_leaves=31
num_cat=0
split_feature=25 13 4 21 21 14 20 14 23 11 11 21 21 21 21 13 14 25 21 25 14 20 21 5 11 11 20 23 14 16
split_gain=901.228 231.68 212.414 152.495 124.633 100.87 98.8654 98.4543 135.154 95.1559 83.2202 120.102 104.778 88.8931 78.4301 76.026 75.2448 75.1487 74.2733 72.9993 79.2695 83.8795 85.1715 81.2188 110.249 94.2092 80.146 76.6343 68.7043 68.5961
threshold=26.694967439770704 -28.927935623658971 1038.3874968290331 -0.13247221999999995 1.0523938500000003 212.50000000000003 66.725708007812514 266.50000000000006 1.7844480500000002 68.440097592586525 84.235833273491266 -1.8284060999999998 -1.1462150499999997 0.95533362000000011 1.6484033000000002 80.292803321206733 262.50000000000006 23.469580107927328 -0.19011549499999997 29.647422081232076 162.50000000000003 14.409004211425783 -0.58789157499999989 25.500000000000004 16.61007971562238 20.03343528257712 24.546920776367191 1.7749508000000003 165.50000000000003 0.42647059261798864
decision_type=2 2 2 2 2 2 2 2 2 2 2 2 2 2 2 2 2 2 2 2 2 2 2 2 2 2 2 2 2 2
left_child=1 16 4 5 6 -4 10 15 14 -10 12 -12 28 19 -9 17 29 -3 -13 -14 27 22 -22 24 -23 26 -26 -21 -2 -1
right_child=2 7 3 -5 -6 -7 -8 8 9 -11 11 18 13 -15 -16 -17 -18 -19 -20 20 21 23 -24 -25 25 -27 -28 -29 -30 -31
leaf_value=0.026361408274241667 -0.026071572063355936 -0.014585308410648139 0.013967458549514838 0.022005998283594289 0.013350195428224455 -0.0055169964839542687 -0.0059177745137284632 -0.007400063098535312 0.052072782728838675 -0.017963949622582645 0.10695860067158114 -0.03361718594970646 -0.0017917381263348878 -0.024809629912111733 0.068871824673521057 0.012203048582127174 0.0042100871276811542 -0.0041075033105992592 -0.0039178468435194487 0.025310829247582801 0.021055308541123943 -0.030459015120890692 -0.013446657588653939 0.0022119400267854731 0.12024388725117925 0.017113401771797522 0.0058799226939243304 -0.025450325131860248 -0.0011686593461311596 -0.025286295056532529
leaf_weight=64.842531499452889 356.86690541170537 4018.3527870597318 1525.2891586571932 2896.8416873794049 2402.8111147340387 1175.3118396960199 3761.728569900617 693.72255395166576 222.4511955846101 61.394245250150561 20.65050844848156 288.52833305764943 1503.3693249793723 209.45590995345265 34.426154224202037 402.44075701385736 249.85379101149738 2981.90587615408 772.56658645998687 1129.3816712703556 233.08566925302148 118.45363925211132 757.81166635081172 1649.0467197038233 40.360423954203725 2356.2844794709235 24.501722380518913 78.80310492310673 1225.5906260386109 3185.2248725509271
leaf_count=2479 5490 179499 6899 13799 26136 7197 61775 22315 3923 1178 177 3858 48675 2166 354 4796 8102 118564 8520 7725 2144 1012 5724 8184 257 17540 289 597 15847 218586
internal_value=-0.000285679 -0.0114064 0.00559645 0.0140394 0.00280425 0.00548885 0.00105906 -0.00690838 0.00771352 0.0369143 0.00349743 -0.00964967 0.00496701 0.00726579 -0.00370449 -0.00890806 -0.0222159 -0.0101233 -0.0120176 0.00812021 0.0104529 0.00776001 -0.00531782 0.0108543 0.016463 0.0187703 0.077788 0.0219817 -0.00679754 -0.0242481
internal_weight=34441.4 11914.6 22526.7 5597.44 16929.3 2700.6 14526.5 8414.69 1011.99 283.845 10764.8 1081.75 9683.01 8100.55 728.149 7402.7 3499.92 7000.26 1061.09 7891.1 6387.73 5179.54 990.897 4188.65 2539.6 2421.15 64.8621 1208.18 1582.46 3250.07
internal_count=803807 559796 244011 27895 216116 14096 189980 330629 27770 5101 128205 12555 115650 94313 22669 302859 229167 298063 12378 92147 43472 35150 7868 27282 19098 18086 546 8322 21337 221065
is_linear=0
shrinkage=0.05


Tree=50
num_leaves=31
num_cat=0
split_feature=25 13 12 21 14 14 22 23 14 21 10 25 11 19 13 12 23 4 14 12 4 21 11 21 11 4 12 21 22 21
split_gain=782.501 199.18 178.869 206.454 154.671 125.724 206.205 129.261 102.465 178.379 127.136 101.215 91.9624 90.9737 90.5767 90.4564 88.0725 85.0366 84.3906 113.349 333.66 84.0205 83.8494 101.399 78.7984 78.0343 100.689 80.3196 73.255 72.8632
threshold=26.685620248317722 -48.441655599261303 2.3854489164086692 -0.56170388999999987 245.50000000000003 263.50000000000006 0.030713726750000003 1.7844480500000002 203.50000000000003 0.62234553500000012 -21.025110951066015 39.013249492645272 71.033626906423862 0.27941177785396581 80.292803321206733 0.69195046439628494 1.0196774000000002 1227.8899683952334 253.50000000000003 1.9086687306501551 130.33093731850389 1.23086125 81.848965866762242 0.84858900000000015 9.0522675820548493 81.063779249787345 1.6362229102167185 0.95533362000000011 0.74209228000000016 0.41705139000000008
decision_type=2 2 2 2 2 2 2 2 2 2 10 2 2 2 2 2 2 2 2 2 2 2 2 2 2 2 2 2 2 2
left_child=1 15 3 -2 11 6 8 -7 9 14 25 -4 -9 -8 -3 21 -6 22 -15 20 -20 -1 28 -24 -10 26 27 -11 -5 -13
right_child=2 5 4 17 16 7 13 12 24 10 -12 29 -14 18 -16 -17 -18 -19 19 -21 -22 -23 23 -25 -26 -27 -28 -29 -30 -31
leaf_value=-0.0058318444406126532 -0.0039568390812522196 -0.022034944420240038 -0.0030014391325171937 0.014903428031620354 -0.023734358778990838 -0.0037008868270009231 -0.0031475787431629355 0.04021689655285933 0.037956886260630901 0.18181131011610369 -0.00045162994220088626 0.0039381456347437121 -0.027233125345246752 -0.030663393750449061 0.027233666781853478 -0.032417255226406642 -0.0012299037105292787 0.030883112785511743 0.159016070721194 -0.021966136064303178 -0.022017391680564054 0.12373537636866556 -0.0097150929530332789 0.020270436178957921 -0.0016815466388131611 0.17690627444089999 0.012471789317953935 0.011638340313720581 0.04116187011313821 0.014021475073812063
leaf_weight=46.514547890983522 1728.1175758065656 1925.0877133244649 3878.9400332169607 3746.6819725129753 840.11665268242359 1146.2542113438249 525.65862388815731 324.70739065669477 129.04266618005931 18.716253372840587 306.34862421639264 6696.3115692436695 59.087418073788285 1895.7261120947078 97.20957189053297 1219.2131289960817 900.12048778682947 794.45947520807385 36.487491699866951 298.67609266284853 78.665663786232471 16.075164183042943 740.51226067449898 453.90489179175347 3495.0221207868308 12.137360409833489 69.295079708099365 10.917913651093839 285.33941800426692 2445.7061301320791
leaf_count=2650 20451 107436 84393 38467 19766 38212 16795 5999 4465 660 13387 34610 1207 114004 909 99947 19347 3715 1185 14486 2219 761 7063 4039 128229 306 3499 427 2869 11436
internal_value=-0.000329476 -0.0108114 0.00512392 0.011275 0.00189432 -0.00852352 -0.0107997 0.00471357 -0.00559361 -0.013513 0.0162167 0.00376564 0.0297888 -0.0219283 -0.0196544 -0.0294046 -0.0121015 0.0156467 -0.0261996 -0.0057268 0.0362201 0.0288679 0.0133252 0.00168749 -0.000260053 0.0617858 0.0460331 0.121542 0.0167714 0.00663691
internal_weight=34221.1 11710.8 22510.2 7749.02 14761.2 10429 8898.99 1530.05 6063.78 2439.71 417.415 13021 383.795 2835.21 2022.3 1281.8 1740.24 6020.9 2309.56 413.829 115.153 62.5897 5226.44 1194.42 3624.06 111.067 98.9292 29.6342 4032.02 9142.02
internal_count=802939 556783 246156 76604 169552 453425 408007 45418 259318 126624 18279 130439 7206 148689 108345 103358 39113 56153 131894 17890 3404 3411 52438 11102 132694 4892 4586 1087 41336 46046
is_linear=0
shrinkage=0.05


Tree=51
num_leaves=31
num_cat=0
split_feature=0 12 0 11 22 21 22 11 12 11 5 12 17 2 8 22 12 21 4 12 22 21 12 22 2 11 21 16 21 21
split_gain=752.215 211.183 184.291 180.105 115.633 93.6502 148.996 136.664 98.4403 90.0472 147.29 116.544 81.7806 77.8176 74.555 73.1829 97.265 124.088 73.0351 70.0757 67.8418 62.939 60.598 74.0295 58.4574 58.2097 94.9495 79.8207 70.1923 58.0722
threshold=8.2494740486145037 1.7647058823529413 77.608024597167983 60.975795745019212 0.030713726750000003 0.39547174000000002 0.42497292500000006 108.20369620633893 0.76315789473684215 50.50536256878646 9.5000000000000018 8.1130030959752339 155.79412078857425 35.360565721988685 1.0000000180025095e-35 1.3878511000000002 5.9674922600619196 0.44911027000000009 273.07877713069325 10.332817337461302 0.36488128000000003 -1.8284060999999998 3.0789473684210531 0.94406590000000012 238.65330934524539 77.059271984725001 0.25288889000000009 0.48529411852359777 0.84858900000000015 -1.5327152499999999
decision_type=2 2 2 2 2 2 2 2 2 2 2 2 2 2 2 2 2 2 2 2 2 2 2 2 2 2 2 2 2 2
left_child=1 18 5 4 14 7 9 12 -8 10 -7 20 -2 22 19 -15 -17 -18 25 -3 -11 24 23 -6 -5 26 -1 28 -27 -24
right_child=2 3 -4 21 13 6 8 -9 -10 11 -12 -13 -14 15 -16 16 17 -19 -20 -21 -22 -23 29 -25 -26 27 -28 -29 -30 -31
leaf_value=-0.0057578068182601002 0.0092574628673833589 -0.016358349597666445 0.022090630537654074 -0.03518218316357468 -0.013342313005438013 0.0012414978714048708 0.042113122234234746 -0.036289198618242063 -0.0055076153442354132 0.0065316379315823701 0.035370172527720636 0.10437094763519217 -0.00034776611024880754 -0.0095350611830685335 -0.002140641528045429 -0.019234822643527494 0.098689713363509068 -0.033448834778158604 0.016693378425094059 0.037448284354052223 0.047252389852706841 -0.026582308792368128 0.00357255381927118 0.036675831397749811 0.11597540870727485 -0.0065056982849633523 0.015221773589649379 -0.023360970681459769 0.1595155055157769 -0.025713702480572594
leaf_weight=1415.2364420872182 3403.3683307878673 1564.0413687406108 1760.089866373688 10.470756543800237 388.18764097522944 452.12198254652321 115.52331307251006 225.41582326311618 1580.0338292717934 2326.4431350901723 1050.6719896839932 31.009959866292775 6348.2920917123556 1160.5263766534626 5665.0492652319372 63.724225816316903 62.169278101064265 24.139622448012233 750.23737536091357 62.021121046505868 106.03094633296132 1813.2920544641092 183.59506513271481 90.345842143520713 14.068016506731508 14.104270084761085 870.01776639092714 399.17012212797999 10.493700095452366 2134.4916009185836
leaf_count=49359 16231 73290 9297 579 18224 6629 1422 1961 13038 22812 8234 172 82165 22103 179857 1126 591 281 8351 2838 956 102413 8228 4065 70 429 25753 20633 182 122288
internal_value=-0.000518818 -0.00810022 0.00675604 -0.0109749 -0.00863139 0.0050289 0.0101646 0.00211376 -0.00224016 0.0154667 0.0251101 0.0095762 0.0030051 -0.0153404 -0.00485051 -0.00528144 0.0274662 0.0617722 0.00289906 -0.0142843 0.00832533 -0.0254967 -0.0200508 -0.00384223 0.052624 -0.00092589 0.00223248 -0.0179232 0.067785 -0.0233937
internal_weight=34094.4 16695.4 17399 13236.1 11398.3 15638.9 5661.84 9977.08 1695.56 3966.28 1502.79 2463.48 9751.66 4107.18 7291.11 1310.56 150.033 86.3089 3459.26 1626.06 2432.47 1837.83 2796.62 478.533 24.5388 2709.02 2285.25 423.768 24.598 2318.09
internal_count=803577 640660 162917 535953 432891 153620 53263 100357 14460 38803 14863 23940 98396 176906 255985 24101 1998 872 104707 76128 23768 103062 152805 22289 649 96356 75112 21244 611 130516
is_linear=0
shrinkage=0.05


Tree=52
num_leaves=31
num_cat=0
split_feature=1 15 25 20 22 21 22 4 11 23 23 5 23 20 11 20 13 11 20 11 23 22 20 20 11 23 22 11 20 21
split_gain=659.384 193.268 185.143 124.615 162.773 102.495 192.243 130.591 104.389 92.2584 129.876 91.8077 143.382 84.3711 90.7377 152.513 78.8037 71.4043 97.9675 97.5793 70.6784 70.5716 77.3868 70.3776 100.605 96.174 93.853 69.1881 74.7915 115.949
threshold=15.200000241398813 40.473472595214851 24.868115207552915 81.246215820312514 0.030713726750000003 0.39547174000000002 0.45747834000000004 192.74484939128163 116.05492840440881 1.8642450000000002 2.0294156500000002 4.5000000000000009 0.22531373500000004 61.546920776367195 55.569428578272884 47.123107910156257 511.15411284659353 73.671558301492198 40.889450073242195 90.762973746602029 2.0540985000000007 -0.8865730799999999 21.092330932617191 57.681983947753913 31.816619188781406 0.8919598150000001 -0.85921498999999979 8.0752066537030007 40.393394470214851 1.2578024500000002
decision_type=2 2 2 2 2 2 2 2 2 2 2 2 2 2 2 2 2 2 2 2 2 2 2 2 2 2 2 2 2 2
left_child=2 5 3 4 27 8 7 -7 9 23 21 12 -5 14 15 -9 -3 18 -16 -19 -15 -11 -23 24 -2 -26 -25 -1 29 -29
right_child=1 16 -4 11 -6 6 -8 13 -10 10 -12 -13 -14 20 17 -17 -18 19 -20 -21 -22 22 -24 26 25 -27 -28 28 -30 -31
leaf_value=0.017654879996530586 0.015447956866437929 0.012988874527687964 -0.0032619035494644553 0.25292436784726741 -0.031925009781750349 0.00021609368149650972 -0.0061743388647391506 0.024810802865997753 -0.039316556987450769 0.01313024378576446 -0.001137136957643692 -0.0084013518850328487 0.019171969037307179 0.013102274687857532 0.028575324770679474 0.079491805171529928 0.037445251716680859 0.056425309238997357 -0.016982228632846427 0.015365720755132817 -0.026193548197126007 0.076174564275430068 0.020973695961649216 0.0080124968706528406 0.0069723426685925211 -0.007389374880208641 -0.010132845781282995 -0.025185290065747601 -0.0060363186864062389 0.027098281412402787
leaf_weight=178.01634349580854 1210.2788712270558 3514.1515082269907 6221.5857460750267 5.7441907469183198 1629.0376727562398 1433.5880087492988 1793.6387123782188 417.62624531984329 165.01777619309723 223.14107170142233 592.30859735794365 885.45058882981539 256.22279018443078 1628.8652362208813 207.83363642636687 183.57505824975669 362.9151413589716 208.83068122062832 270.33918268419802 470.05382853467017 122.14895979873836 142.23360330797732 115.8797002453357 924.01096050720662 2176.0538094239309 2508.2922380482778 3104.6686627892777 1540.2099186107516 1450.8399375416338 113.07333252392709
leaf_count=8255 15878 15783 205254 257 123524 32667 20436 2389 2171 3403 8967 35037 9470 14427 1325 1020 1917 1446 1636 3758 1145 1300 1535 12820 28599 33443 40540 106972 63133 5685
internal_value=-5.69828e-05 0.00516768 -0.00932113 -0.0155418 -0.0190072 0.00297491 0.00784484 0.0129323 3.534e-05 0.000629371 0.0145459 -0.000705445 0.0252398 0.0181255 0.0258609 0.0416118 0.0152872 0.017648 0.00283727 0.0280604 0.0103477 0.0338103 0.0515688 -0.000877519 0.00260343 -0.000717756 -0.00597011 -0.0125879 -0.0143274 -0.0215952
internal_weight=34055.6 21775.5 12280.2 6058.59 4911.18 17898.4 6736.5 4942.86 11161.9 10996.9 1073.56 1147.42 261.967 3509.27 1758.26 601.201 3877.07 1157.06 478.173 678.885 1751.01 481.254 258.113 9923.3 5894.62 4684.35 4028.68 3282.14 3104.12 1653.28
internal_count=804192 246605 557587 352333 307569 228905 80249 59813 148656 146485 15205 44764 9727 27146 11574 3409 17700 8165 2961 5204 15572 6238 2835 131280 77920 62042 53360 184045 175790 112657
is_linear=0
shrinkage=0.05


Tree=53
num_leaves=31
num_cat=0
split_feature=25 0 13 12 20 11 12 20 24 12 12 20 4 12 4 20 18 12 11 9 24 24 18 24 20 8 24 2 20 11
split_gain=653.731 205.617 167.381 131.815 124.954 153.44 116.323 98.9967 97.2538 93.6446 108.099 94.6513 92.2404 127.898 78.7233 79.5338 83.0776 74.8932 79.1114 88.7886 68.1416 65.4607 73.4653 64.8001 131.726 64.1659 63.974 62.8116 62.5204 61.2199
threshold=26.694967439770704 77.608024597167983 -31.999912161772183 2.3854489164086692 80.265686035156264 52.327960417574225 1.2368421052631582 18.671569824218754 1.5000000000000002 9.1253869969040267 6.1671826625387007 38.969223022460945 1227.8899683952334 4.8622291021671833 172.4826531261206 27.421218872070316 167.80882263183597 3.6795665634674926 32.109559930549601 1.0000000180025095e-35 1.5000000000000002 2.5000000000000004 194.09999847412112 1.5000000000000002 59.627311706542976 1.0000000180025095e-35 7.5000000000000009 170.86949491500857 59.627311706542976 51.28246849409706
decision_type=2 2 2 2 2 2 2 2 8 2 2 2 2 2 2 2 2 2 2 2 8 8 2 10 2 2 8 2 2 2
left_child=2 3 6 8 5 17 -1 -7 -2 10 11 -9 26 -14 15 -4 -17 20 19 -19 27 22 -18 -12 -25 -22 -6 -5 -21 -8
right_child=1 -3 14 4 12 7 29 9 -10 -11 23 -13 13 -15 -16 16 21 18 -20 28 25 -23 -24 24 -26 -27 -28 -29 -30 -31
leaf_value=0.0046789655377727892 -0.011392714838252577 0.021602946730545247 -0.01680604457004584 -0.019751574419082624 -0.0043127654086073238 -0.021138166914759473 -0.014149200823430833 0.0076923361098366928 0.01064966869193191 -0.062827563870797992 0.035363733543102412 -0.011130739568051044 0.046772774519624541 -0.034062438612073476 0.0020331694176018581 -0.020749648857189801 0.0061964115192304822 0.0174790377761074 -0.0021830891860723975 -0.006260264427366294 -0.0021108692368356939 -0.0063328741653681762 0.084760692926276332 -0.01889873616057574 0.090579762076357526 0.024244746611034672 -0.023373486428587428 0.037510451093822457 0.019428445706100202 -0.030622504072793245
leaf_weight=395.9380943570286 541.00847533997148 1682.2776288129389 2220.9819383984432 217.99877213127911 803.98759188875556 782.42549620009959 897.71880690660328 1065.2455611675978 6547.9718641638756 60.000968380831182 306.33049498591572 1786.8127834033221 144.66905412077904 72.818890694528818 2089.0003273924813 715.10427870042622 1002.3899812493473 1619.2191357724369 2714.6108869807795 983.98000067938119 280.71000912692398 2611.2717430619523 29.677735686302185 168.6466077324003 31.786152504384518 1297.5355251478031 973.39769512228668 60.319898620247841 310.83799147605896 1529.3610215205699
leaf_count=20646 6779 8686 127494 3020 15197 11786 59053 9829 65720 440 2507 14094 841 781 55839 30591 29677 9340 27417 19398 4636 110771 776 1266 183 12807 21112 291 8096 124966
internal_value=-0.000168716 0.00479536 -0.00986737 0.00343307 0.000565689 0.00254015 -0.0204398 -0.00510643 0.00896609 -0.00143232 -0.000317204 -0.00410008 -0.0109966 0.0196757 -0.00642232 -0.00910688 -0.00518057 0.00683207 0.00395828 0.00967815 0.0155379 -0.00211986 0.00853544 0.0209389 -0.00117332 0.0195587 -0.0147588 -0.00725134 -8.31195e-05 -0.0245378
internal_weight=33944 22452.6 11491.4 20770.3 13681.3 11686.5 2823.02 4201.25 7088.98 3418.82 3358.82 2852.06 1994.87 217.488 8668.43 6579.43 4358.44 7485.21 5628.65 2914.04 1856.56 3643.34 1032.07 506.763 200.433 1578.25 1777.39 278.319 1294.82 2427.08
internal_count=804039 244226 559813 235540 163041 125110 204665 40105 72499 28319 27879 23923 37931 1622 355148 299309 171815 85005 64251 36834 20754 141224 30453 3956 1449 17443 36309 3311 27494 184019
is_linear=0
shrinkage=0.05


Tree=54
num_leaves=31
num_cat=0
split_feature=25 13 25 12 21 13 22 21 17 17 22 12 23 9 17 11 1 12 17 10 6 11 3 21 12 11 21 21 16 17
split_gain=633.292 226.17 130.866 128.238 141.039 105.373 101.264 130.486 157.686 105.353 85.4453 84.3036 106.715 80.0157 77.6045 76.3218 73.7453 71.8379 70.2951 66.9393 66.4917 64.8949 65.2812 64.4299 61.9043 58.6995 57.292 56.6171 55.356 54.2108
threshold=36.871822619438184 -48.970923507165146 23.469580107927328 2.3854489164086692 -0.62958570999999985 44.286073386230896 0.33798368000000006 0.46197338500000007 167.31060028076175 190.72883605957034 -0.76042082999999983 5.215170278637772 1.5186450000000002 28.500000000000004 184.91612243652347 12.778281696572909 257.35231399536138 0.84365325077399389 184.67221832275393 7.251045733690261 50.500000000000007 9.5080668581966847 1.0000000180025095e-35 0.64818123000000016 10.439628482972138 38.133061216700106 -2.1536850999999992 -1.4577523499999998 0.54411765933036815 184.37739562988284
decision_type=2 2 2 2 2 2 2 2 2 2 2 2 2 2 2 2 2 2 2 10 2 2 2 2 2 2 2 2 2 2
left_child=1 17 5 4 -2 18 7 8 19 -9 15 -7 -13 25 -8 -11 26 28 23 -4 -19 22 -15 -3 -20 -10 -5 -21 -1 -27
right_child=3 2 6 16 -6 11 14 9 13 10 -12 12 -14 21 -16 -17 -18 20 24 27 -22 -23 -24 -25 -26 29 -28 -29 -30 -31
leaf_value=0.084598100246059127 -0.0027336176577805616 -0.023580695423292952 -0.027141015431455157 -0.045253961223552276 0.017603452650178951 0.0012185392351012853 -0.0045045682728487406 0.01714662186489856 -0.0082884245727203164 0.13591792819735507 -0.015495036975506405 0.002640785803979577 0.10871154110375958 0.18581509789828154 -0.023268088041567367 0.014705105111339004 0.02176796585629294 -0.029184577738424727 -0.0091002316155020108 0.027729637870298529 0.18724452818950535 0.012698420299149577 0.043361842795529126 -0.0047869599024920354 0.02747162623340664 0.016367693878494374 0.0032181282286607247 -0.011000736352234931 -0.0039653706618024099 -0.0025119677794997568
leaf_weight=20.028494370169938 1068.898431411013 1873.6586839696392 699.21229490451515 60.346498619765043 4205.4760363586247 358.47767354361713 1841.010738492012 1786.4197477130219 1380.678694806993 13.130426155403255 537.68248820398003 48.867271114140749 45.158740429207683 8.459856113418935 785.87851176876575 165.7368663623929 546.6774298325181 1357.5094583025202 2913.4055145820603 102.52626410033554 2.5756355207413426 674.88559152185917 62.503594153560698 603.42536492552608 119.54009087383747 685.38379383273423 9787.1497064046562 1069.5324815837666 109.14372505899519 851.91288829036057
leaf_count=515 6938 96958 18328 392 21910 7002 40349 32127 57090 415 19366 762 407 240 41209 6073 2820 112343 145140 952 217 29344 1986 26416 5094 20669 60025 10712 6359 31500
internal_value=-0.000227832 -0.0065939 -0.00492112 0.00713288 0.0134822 -0.0108529 -0.00160408 0.00118143 -0.00310258 0.0106526 -0.00553891 0.0123212 0.0541923 0.00292898 -0.0101247 0.0243094 0.00391 -0.0252546 -0.012758 -0.0149072 -0.0286375 0.0175325 0.0626904 -0.0190063 -0.00765021 -0.000808472 0.00291652 -0.00759203 0.010311 0.00591045
internal_weight=33785.3 18116.7 16627.5 15668.5 5274.37 5962.53 10665 8038.06 5535.1 2502.97 716.55 452.504 94.026 3663.82 2626.89 178.867 10394.2 1489.26 5510.03 1871.27 1360.09 745.849 70.9635 2477.08 3032.95 2917.98 9847.5 1172.06 129.172 1537.3
internal_count=803658 711573 592139 92085 28848 281779 310360 228802 170821 57981 25854 8171 1169 140829 81558 6488 63237 119434 273608 29992 112560 31570 2226 123374 150234 109259 60417 11664 6874 52169
is_linear=0
shrinkage=0.05


Tree=55
num_leaves=31
num_cat=0
split_feature=0 15 14 0 12 24 17 22 14 12 9 14 5 22 12 14 22 14 12 22 12 12 12 9 12 22 24 24 22 14
split_gain=559.9 180.514 156.787 140.503 139.187 93.3445 88.2926 83.6301 84.9517 72.8288 132.868 66.6524 90.2251 75.0286 106.554 93.743 72.3316 115.324 190.278 71.0147 160.994 68.1897 66.3821 64.1252 61.9711 70.4264 58.7955 57.0709 56.9885 54.2639
threshold=7.8341226577758798 3.7877115011215214 220.50000000000003 63.361597061157234 1.6160990712074306 4.5000000000000009 155.279411315918 -0.040968708699999988 240.50000000000003 1.9922600619195048 14.500000000000002 197.50000000000003 18.500000000000004 -0.6536029299999998 3.3235294117647065 185.50000000000003 0.33798368000000006 167.50000000000003 5.7941176470588251 0.9662500300000002 11.018575851393191 3.8560371517027869 2.4318885448916414 34.500000000000007 7.7910216718266261 1.2243577000000003 1.0000000180025095e-35 1.5000000000000002 0.65944034000000007 229.50000000000003
decision_type=2 2 2 2 2 8 2 2 2 2 2 2 2 2 2 2 2 2 2 2 2 2 2 2 2 2 10 10 2 2
left_child=1 2 5 11 -3 -1 -6 -4 -9 10 -10 12 16 14 27 21 -2 18 -18 20 -15 -16 -13 -12 -24 28 -23 -14 29 -26
right_child=3 4 7 -5 6 -7 -8 8 9 -11 23 22 13 19 15 -17 17 -19 -20 -21 -22 26 24 -25 25 -27 -28 -29 -30 -31
leaf_value=-0.011278936269328549 0.0067455549220957062 0.0090048223709010087 0.0013147167895617147 0.016207489905180925 0.0077196690455140814 -0.028617651460459238 -0.0079003107092097576 -0.035696728587903612 0.0012328087947246643 -0.014723604063819552 0.16903813177585225 0.0058100765448995013 0.0059156846452161488 0.029267265613472978 -0.043176213536854607 -0.024163327132568097 -0.0013882390800013262 -0.026808530988739046 0.11674515380811575 0.0019463653285949883 -0.059654768896112612 -0.019765202786150293 -0.0049081643683615067 0.019630831445666321 0.023863143514478422 0.059935606650901876 0.034235715834917128 0.053295007915161653 -0.029764165640570456 -0.026275588359545854
leaf_weight=1325.3482318874449 2496.5992051083595 1967.3293522819877 1785.1766616031528 2753.5787209253758 1040.6199013460428 1879.4761300282553 6889.5186544870958 369.38186272699386 139.25802766252309 600.46252862084657 19.023023280315105 4073.7422469826415 120.95934727415442 1349.7899543438107 46.157716080546379 367.62015935964882 358.71263181976974 467.96031731925905 36.663221848197281 395.9578651022166 51.986425213515759 64.826768327504396 4211.6842873003334 11.651757053099571 298.40975492820144 69.251254869624972 217.15767536032945 133.59259322471917 88.093925963155925 64.958853768184781
leaf_count=83390 31422 41846 70661 14625 8128 148052 221322 26152 4537 30238 559 51924 583 6483 210 1804 4098 5219 202 1904 291 306 43154 433 2101 703 1024 644 747 1227
internal_value=-0.00030621 -0.00707309 -0.0138151 0.00583242 -0.00289659 -0.021453 -0.00584989 -0.00544194 -0.0160164 -0.00654627 0.0222657 0.00391592 0.00792897 0.0146468 0.00327874 -0.00685381 0.00243182 -0.010036 0.00983317 0.020651 0.0259293 0.0125527 0.00113187 0.114698 -0.00289561 0.0133608 0.0217952 0.0308923 0.00609983 0.0148524
internal_weight=33694.9 16027.2 6129.78 17667.7 9897.47 3204.82 7930.14 2924.95 1139.78 770.395 169.933 14914.1 6107.98 2748.05 950.314 695.762 3359.94 863.336 395.376 1797.73 1401.78 328.142 8806.14 30.6748 4732.4 520.714 281.984 254.552 451.463 363.369
internal_count=803989 635318 364022 168671 271296 231442 229450 132580 61919 35767 5529 154046 54190 13249 4571 3344 40941 9519 4300 8678 6774 1540 99856 992 47932 4778 1330 1227 4075 3328
is_linear=0
shrinkage=0.05


Tree=56
num_leaves=31
num_cat=0
split_feature=0 15 14 0 11 21 14 12 12 11 22 22 4 3 23 11 12 22 5 21 22 14 12 11 21 12 14 20 23 20
split_gain=564.303 183.923 175.323 136.904 113.312 118.68 121.379 207.231 111.874 104.458 103.392 99.154 90.9482 89.1481 88.9651 82.6297 88.726 84.0331 149.032 82.5038 77.4537 109.218 90.5137 114.942 74.5675 124.154 73.7684 73.099 66.1172 67.2884
threshold=12.15512800216675 3.9580683708190922 222.50000000000003 94.14953994750978 51.28246849409706 1.2578024500000002 167.50000000000003 3.3018575851393193 1.7647058823529413 64.435121413435652 -1.3993544999999998 -0.17849789999999996 1159.3404649794104 432.62354162335401 1.6978337000000001 60.975795745019212 6.6269349845201253 1.4880200000000003 25.500000000000004 -1.8284060999999998 -0.040968708699999988 253.50000000000003 1.9922600619195048 70.692184278597324 1.9023737000000003 3.1563467492260067 175.50000000000003 48.075370788574226 1.9593707000000002 89.358283996582045
decision_type=2 2 2 2 2 2 2 2 2 2 2 2 2 2 2 2 2 2 2 2 2 2 2 2 2 2 2 2 2 2
left_child=1 2 4 9 5 -1 -7 -8 14 24 -11 -9 -12 -14 -3 16 -10 -18 26 -17 27 -22 23 28 -2 -26 -19 -4 29 -23
right_child=3 8 20 -5 -6 6 7 11 15 10 12 -13 13 -15 -16 19 17 18 -20 -21 21 22 -24 -25 25 -27 -28 -29 -30 -31
leaf_value=-0.016139893680548727 0.0085996802496314893 0.011419358458898235 0.03006372151025179 0.024953384913576886 -0.031486541198695407 -0.030046831810279662 -0.041246288751714148 0.14768736659608092 0.00015311964489165517 0.032332079924232801 -0.0054285988205925208 -0.014440033482528409 0.067691655206055329 0.0069854301979159041 -0.011577892201591998 0.083892624296750706 -0.015796075304469588 0.12553860401956593 0.087569945551866632 -0.018682437860221252 -0.02928609879671339 0.11990146143426086 -0.010720243476225223 -0.021873010162511274 0.082302717535162787 -0.027167177391811348 -0.017948404264289463 -0.0011691922372740061 -0.027151317683770149 0.032392270469562494
leaf_weight=2073.4481061464176 8834.3850482152775 2144.5941900731996 208.25784578826278 1005.3398201391101 1349.7075829813257 51.558418435044587 30.037935463711619 49.591549638658762 5921.2491271337494 237.92560028657317 3624.5023138225079 11.384418771602212 62.580005027353764 1249.2191597744823 522.20124020706862 18.963879013434052 1714.3016017898917 8.595886789262293 55.140314149670303 1175.476419464685 592.68833794258535 48.007120966911316 475.53875077702105 62.321387860924006 81.988548638299108 37.060897316783667 134.43021530471742 1787.84656138625 16.577498831786215 41.619053449481726
leaf_count=138469 78423 41900 8904 5613 112000 3099 1841 844 142283 2074 32227 725 276 5591 10232 181 46105 109 403 35042 37832 1271 22400 2092 643 260 4285 67809 486 995
internal_value=-2.58009e-05 -0.00588485 -0.0124241 0.00713426 -0.020068 -0.0131022 0.0308798 0.0653456 -0.00208269 0.00586456 0.000208825 0.117673 -0.00134572 0.00993081 0.00691348 -0.0047405 -0.00287159 -0.0122317 0.0185277 -0.0169851 -0.00398954 -0.0138163 0.00044284 0.0318199 0.00913264 0.0482816 -0.00851305 0.00210283 0.0632376 0.0800713
internal_weight=33626.5 18493.5 6798.58 15133 3565.73 2216.02 142.572 91.0139 11695 14127.7 5174.23 60.976 4936.3 1311.8 2666.8 9028.16 7833.72 1912.47 198.166 1194.44 3232.86 1236.75 644.064 168.525 8953.43 119.049 143.026 1996.1 106.204 89.6262
internal_count=804414 679307 398767 125107 256978 144978 6509 3410 280540 119494 40168 1569 38094 5867 52132 228408 193185 50902 4797 35223 141789 65076 27244 4844 79326 903 4394 76713 2752 2266
is_linear=0
shrinkage=0.05


Tree=57
num_leaves=31
num_cat=0
split_feature=0 13 0 20 21 22 12 12 14 9 12 14 21 1 14 22 12 4 12 12 21 12 14 11 20 11 14 14 12 22
split_gain=478.887 182.428 128.602 102.704 103.217 102.699 167.174 93.1153 92.8083 95.5607 97.4202 88.5397 204.19 140.074 84.7645 102.329 87.7469 87.008 80.4044 75.1109 74.5646 72.3763 167.522 94.3813 69.349 70.1198 116.23 105.766 87.5355 72.3538
threshold=8.2494740486145037 -46.151083725467089 77.608024597167983 -4.4447250366210929 0.51909596000000013 -0.047694848849999992 3.9659442724458209 1.9086687306501551 166.50000000000003 12.500000000000002 3.3018575851393193 168.50000000000003 -0.38558338499999995 5.1695115864276895 217.50000000000003 2.1169150000000005 3.6207430340557281 1098.4034689739349 4.2275541795665648 1.5928792569659445 0.063103135650000017 6.8452012383900938 229.50000000000003 32.109559930549601 -5.5233306884765616 52.327960417574225 173.50000000000003 160.50000000000003 9.1253869969040267 1.0312679500000002
decision_type=2 2 2 2 2 2 2 2 2 2 2 2 2 2 2 2 2 2 2 2 2 2 2 2 2 2 2 2 2 2
left_child=1 19 14 4 -3 -5 -7 -6 -9 10 -10 12 13 -8 24 16 17 -16 -12 -1 -19 23 -23 -18 -2 -26 27 -27 29 -28
right_child=2 3 -4 5 7 6 11 8 9 -11 18 -13 -14 -15 15 -17 21 20 -20 -21 -22 22 -24 -25 25 26 28 -29 -30 -31
leaf_value=-0.0022874566139375499 -0.017109029573163095 -0.026041812632127678 0.018453126031920116 1.4640343100086603e-05 0.041246191869021842 0.00069915114076235648 -0.0013674841384350241 -0.035289063128618139 -0.046443588176424133 -0.017131803636462915 0.24350654539724334 -0.019256278609324527 -0.028998575625811998 0.20539354989384917 -0.00083522931348364935 0.11386769789004154 0.00059213357065120652 0.001527605753714385 0.067915953982173621 -0.028687734119840776 0.033201042935660119 0.041681381096773482 -0.028230718505529953 -0.027584492412023799 0.011990424242185509 0.034441775023486318 0.0097510326445248638 -0.020779550529592787 -0.054828717912123175 -0.011111418714760578
leaf_weight=346.31692658271641 295.09030969999731 1014.7750409049913 1693.561203610152 8062.388709757477 117.9592099878937 2333.1221620729193 13.243775177747009 160.78185207303613 10.229967837221919 53.166407586075366 9.2920597251504677 2600.8050275333226 53.547421839088202 20.416526370681822 3372.6283521084115 18.359510949812829 482.15541055798531 356.42898385226727 21.184800079092383 1215.2159977033734 387.41825522482395 182.9523010160774 159.46017184108496 773.58660518471152 4542.4939283635467 97.946162088774145 3849.5751121453941 704.43255335185677 56.08719293680042 465.03992357384413
leaf_count=19880 10956 64251 9268 239377 4366 71220 401 9562 601 3259 271 115399 1101 183 48268 136 7894 1757 500 109449 1709 1338 2729 6932 31496 563 31830 4795 347 3511
internal_value=-0.000369703 -0.00660683 0.00536501 -0.00485391 -0.0177845 -0.00348149 -0.00909407 0.00471299 -0.0123048 0.0270188 0.0837111 -0.0175914 0.0317154 0.12635 0.00395602 -0.00089195 -0.0012805 0.00258026 0.127487 -0.0228379 0.0180465 -0.0112203 0.00913619 -0.0167739 0.00673221 0.00745802 0.00347656 -0.0140042 0.00668817 0.00750037
internal_weight=33469.7 16032.4 17437.2 14470.9 1387.39 13083.5 5021.13 372.614 254.655 93.8732 40.7068 2688.01 87.2077 33.6603 15743.7 5732.99 5714.63 4116.48 30.4769 1561.53 743.847 1598.15 342.412 1255.74 10010.7 9715.57 5173.08 802.379 4370.7 4314.62
internal_count=803349 639820 163529 510491 82810 427681 188304 18559 14193 4631 1372 117084 1685 584 154261 70763 70627 51734 771 129329 3466 18893 4067 14826 83498 72542 41046 5358 35688 35341
is_linear=0
shrinkage=0.05


Tree=58
num_leaves=31
num_cat=0
split_feature=15 4 13 14 1 5 14 14 11 12 14 12 20 24 24 12 11 11 14 12 12 20 15 12 14 14 4 12 24 14
split_gain=489.429 171.408 147.479 92.8382 114.106 91.3349 88.8218 87.8496 84.808 80.3919 84.4875 71.0758 71.5554 68.3568 67.4814 63.0523 75.6099 62.6909 135.8 327.209 202.734 103.263 95.6565 87.8826 117.879 105.738 64.6418 62.3805 115.316 145.953
threshold=3.7624297142028813 981.58256387710583 -48.970923507165146 218.50000000000003 3.474569216370583 27.500000000000004 221.50000000000003 265.50000000000006 129.20073116478446 4.314241486068112 197.50000000000003 8.6702786377709007 -5.5233306884765616 4.5000000000000009 3.5000000000000004 1.0758513931888547 81.284812012300975 63.239574884401854 209.50000000000003 3.9086687306501551 3.5650154798761613 47.609481811523445 13.94163751602173 0.73684210526315808 203.50000000000003 172.50000000000003 208.38916902244094 3.3018575851393193 3.5000000000000004 167.50000000000003
decision_type=2 2 2 2 2 2 2 2 2 2 2 2 2 8 10 2 2 2 2 2 2 2 2 2 2 2 2 2 10 2
left_child=2 3 -1 4 -2 8 13 15 11 10 -3 12 -6 27 -9 -5 -17 18 -14 20 21 -20 -23 24 -19 -25 -27 -4 -29 -30
right_child=1 9 6 7 5 -7 -8 14 -10 -11 -12 -13 17 -15 -16 16 -18 23 19 -21 -22 22 -24 25 -26 26 -28 28 29 -31
leaf_value=-0.030783556224039638 -0.010528941738437648 0.030555532908141503 -0.018855989156124579 0.005430502271361588 -0.013585576647498633 -0.0081388561514962494 -0.0032046737652662916 -0.0014811169839167879 -0.030872153679103294 0.0035110769418421565 0.011328796634694278 -0.014840387592818039 0.010107949434713444 -0.022477345112068267 0.018854563365335055 -0.0061397437909520092 -0.027573074694381736 0.052606454784057011 0.001752860669929069 -0.015433940323760255 0.2238319295640453 0.15546771441269233 0.061295860232159841 -0.021497192180273007 -0.020477063987522297 -0.014304168587091482 0.0093973035305307574 -0.0059566802520997705 -0.047589920238704758 0.079912292096275803
leaf_weight=905.69281354174018 1269.027067434974 715.32526572793722 604.87051336187869 1065.7919736253098 356.15073017962277 1125.3654303802177 3066.6860646083951 972.10644385777414 145.22204200644046 2505.8185949474573 2837.9987974911928 341.94700508657843 5667.5290261600167 1568.6099538113922 701.77902434393764 5288.0394189055078 445.33909625280648 180.30561170820147 51.671547617763281 153.86395004298538 20.943442372605205 34.940573410131037 120.63875248283148 467.30454168282449 78.666347642429173 351.991586511489 1555.0087095312774 600.53842577058822 29.245775383897126 88.177392652258277
leaf_count=88803 53896 3498 33228 16806 15351 5961 125024 25484 1959 13424 14108 4679 54354 108380 14856 133331 8075 2003 1785 3418 355 1018 629 3568 1086 15064 12195 37372 1843 2445
internal_value=-9.89731e-05 0.00298807 -0.011995 0.000794032 0.00363809 0.00532678 -0.00913424 -0.00320717 0.00691822 0.0103713 0.0152069 0.00750646 0.00835339 -0.0154199 0.00705081 -0.00573325 -0.00780909 0.00925474 0.0120574 0.0408746 0.0787433 0.0630772 0.0833031 0.00281379 0.0304129 -0.000208057 0.00501731 -0.00704053 0.00292617 0.0480225
internal_weight=33316.6 26452.8 6863.82 20393.6 11920.6 10651.5 5958.13 8473.06 9526.18 6059.14 3553.32 9380.96 9039.01 2891.44 1673.89 6799.17 5733.38 8682.86 6049.59 382.058 228.194 207.251 155.579 2633.28 258.972 2374.3 1907 1322.83 717.962 117.423
internal_count=803998 406903 397095 375873 177321 123425 308292 198552 117464 31030 17606 115505 110826 183268 40340 158212 141406 95475 61559 7205 3787 3432 1647 33916 3089 30827 27259 74888 41660 4288
is_linear=0
shrinkage=0.05


Tree=59
num_leaves=31
num_cat=0
split_feature=25 0 20 3 21 12 9 20 18 20 17 17 20 21 4 20 9 21 24 21 25 12 20 12 12 20 24 4 12 12
split_gain=438.849 149.519 115.325 123.221 91.5579 122.131 118.233 91.7498 91.3647 73.0197 72.4187 68.9921 122.874 120.797 118.8 81.1052 82.7473 113.051 78.809 91.8155 76.6665 70.8809 94.0042 68.1576 178.197 179.774 88.7075 66.6547 61.6791 64.2879
threshold=24.868115207552915 77.608024597167983 31.287681579589847 232.01174473762515 -1.0846349999999998 3.3498452012383906 40.500000000000007 81.731285095214858 171.83396911621097 5.8208541870117196 155.79412078857425 167.31060028076175 44.238334655761726 0.40264956500000004 316.24879143387085 87.224014282226577 2.5000000000000004 1.9023737000000003 6.5000000000000009 -0.50585707999999985 35.993842467665679 1.2863777089783284 7.6948242187500009 8.4334365325077432 5.7941176470588251 18.169540405273441 7.5000000000000009 90.843411613255753 10.332817337461302 2.6517027863777094
decision_type=2 2 2 2 2 2 2 2 2 2 2 2 2 2 2 2 2 2 10 2 2 2 2 2 2 2 10 2 2 2
left_child=2 4 3 -1 6 8 9 10 11 -2 -7 12 13 20 -14 16 -13 -18 -16 -20 -6 -15 -23 24 -11 -26 -27 -10 29 -4
right_child=1 -3 28 -5 5 7 -8 -9 27 23 -12 15 14 21 18 -17 17 -19 19 -21 -22 22 -24 -25 25 26 -28 -29 -30 -31
leaf_value=-0.020295678543239076 -0.026915644424452254 0.017504970262628775 -0.0012609283097477222 0.04053258984504389 -0.01295927235706747 0.0079023971611445702 0.044133828900657895 -0.013676949012778822 -0.017830190246274753 -0.0085293364253898572 -0.0022859327517546625 0.0020481321582320566 -0.019126149010826307 0.051359916326546774 0.0039818572815771168 0.049421064688231438 0.029764365917378528 0.23309006493716944 0.00041051168262868634 0.11245104724643749 0.011550756963666054 0.00099506851301504884 0.031808154290176076 -0.024681819846530114 0.076639516869262347 0.030946241037382183 -0.024452275306150198 0.003561067118109074 0.020496904871968827 -0.012267678040582597
leaf_weight=2764.637568260543 438.0401519248262 1642.0470062084496 2485.7949888417497 84.938046225346625 394.06230120174587 2530.399577639997 111.45649331295863 1246.9718570448458 582.41741220466793 1709.3119154111482 5607.4159951582551 536.79133145557716 585.38773330301046 231.25691355578601 4160.3194725802168 198.46780376881361 304.70763349439949 6.022755821235477 36.644682781770825 35.512062948197126 1659.2992427274585 384.12696167919785 695.37104262132198 366.57090759463608 129.14919024705887 158.54972154274583 131.11902844207361 968.33010449120775 208.94533476419747 2844.5617050472647
leaf_count=201068 14940 8856 89118 855 4725 11390 4109 31576 29991 21762 111304 13803 9243 1290 24822 4440 12361 220 234 205 8001 2303 3500 5897 1260 1713 2351 30020 7784 143993
internal_value=-0.000409246 0.00292888 -0.0102967 -0.018469 0.00189685 0.00311716 -0.00618437 -0.00105317 0.00674793 -0.00811107 0.000882642 0.00863492 0.00708738 0.0144186 0.00196638 0.0207218 0.0139508 0.0344404 0.00488749 0.0563348 0.006843 0.0262718 0.0208547 -0.00479974 -0.00136507 0.027825 0.00587216 -0.0044792 -0.00609008 -0.00713591
internal_weight=33238.6 24849.7 8388.88 2849.58 23207.7 20163.5 3044.2 9384.79 10778.7 2932.74 8137.82 9227.97 8181.98 3364.12 4817.86 1045.99 847.522 310.73 4232.48 72.1567 2053.36 1310.75 1079.5 2494.7 2128.13 418.818 289.669 1550.75 5539.3 5330.36
internal_count=803134 360316 442818 201923 351460 299428 52032 154270 145158 47923 122694 85147 54323 19819 34504 30824 26384 12581 25261 439 12726 7093 5803 32983 27086 5324 4064 60011 240895 233111
is_linear=0
shrinkage=0.05


Tree=60
num_leaves=31
num_cat=0
split_feature=25 14 22 4 22 12 18 21 22 21 12 21 23 18 12 14 14 9 14 21 12 4 18 2 19 23 14 9 22 21
split_gain=380.801 150.465 136.678 130.399 114.688 141.795 156.664 116.295 113.015 109.891 109.123 104.981 98.8183 88.5842 87.2037 162.352 117.297 162.462 83.6772 88.118 124.684 91.0802 126.444 110.211 83.0175 111.662 90.8679 82.193 81.4855 141.179
threshold=24.868115207552915 266.50000000000006 0.030713726750000003 1299.6740894317629 0.20379827500000003 8.866873065015481 173.25000000000003 0.47868277500000006 0.094977799800000026 -0.13247221999999995 3.6795665634674926 1.4200350000000002 2.0540985000000007 155.79412078857425 5.7941176470588251 168.50000000000003 271.50000000000006 18.500000000000004 207.50000000000003 0.53773349500000012 1.6362229102167185 16.824693486094478 173.52419281005862 0.26727399230003362 0.25000000745058065 1.3134066000000002 228.50000000000003 28.500000000000004 0.021143936550000002 0.033785214650000006
decision_type=2 2 2 2 2 2 2 2 2 2 2 2 2 2 2 2 2 2 2 2 2 2 2 2 2 2 2 2 2 2
left_child=1 2 18 4 5 7 -7 13 -9 -5 24 -3 -13 -2 -12 -16 -17 -18 19 -1 21 22 -21 -24 25 26 -6 -15 -20 -30
right_child=3 11 -4 9 10 6 -8 8 -10 -11 14 12 -14 27 15 16 17 -19 28 20 -22 -23 23 -25 -26 -27 -28 -29 29 -31
leaf_value=-0.020696342360984974 0.0092009182276556294 0.0016532386854517019 -0.021781900816855115 0.0027068772175820113 0.020274941109771072 -0.034532504422255306 0.030941658047504768 0.0092403559700589676 0.037966545907418707 0.021444863537490807 -0.018637723799293359 0.063526824820375513 -0.037742061555376342 -0.002527036665122228 0.070674947694462545 -0.0073655421746059054 -0.0025755732402002853 0.25427266830475337 -0.0026048373441238141 -0.0011066944433387269 -0.0093524663874891261 0.021292922521316832 0.086339793245435392 0.34169111966425841 -0.013043838219181939 -0.0059879773539003762 -0.010422680616608412 0.018942359290056134 -0.011586791905792915 0.2452829796332103
leaf_weight=1560.5680672964081 2961.2951220106333 768.28105125948787 2373.0152293411084 1513.7695165760815 1321.820230172947 437.61650775000453 114.56255252659321 3960.8712555202655 373.97731726942584 1619.3452380560338 1623.9215629883111 134.76730837486684 28.585029013454914 6646.1795028764755 71.614101754967123 1634.105398859363 15.299825437366964 9.2797900419682247 2963.4244136558846 11.945386637933554 350.14259216282517 65.917592523619533 10.246670410968365 7.5238332981243721 693.18321438366547 1095.2595469588414 294.13330590818077 476.84473895607516 12.840911360457541 8.0655084727331978
leaf_count=105409 16301 24135 163808 7769 8097 7190 4409 52747 4954 7865 28172 1715 629 123857 960 34281 525 265 121157 467 20798 3099 359 303 30105 8431 3373 21666 641 321
internal_value=-0.000234155 -0.00950997 -0.0119052 0.00286089 0.00148567 0.00392621 -0.020917 0.00487896 0.0117268 0.0123953 -0.00392028 0.00941428 0.045684 0.00193446 -0.0103196 -0.00250653 -0.00570684 0.100544 -0.00720546 -0.0150989 0.00449901 0.0547853 0.125968 0.206897 0.00238587 0.00633418 0.0146844 -0.00108733 -0.00189547 0.0941844
internal_weight=33158.4 8295.32 7363.69 24863.1 21730 14971.3 552.179 14419.2 4334.85 3133.11 6758.62 931.633 163.352 10084.3 3354.22 1730.3 1658.69 24.5796 4990.67 2006.34 445.776 95.6335 29.7159 17.7705 3404.4 2711.21 1615.95 7123.02 2984.33 20.9064
internal_count=803808 442841 416362 360967 345333 231124 11599 219525 57701 15634 114209 26479 2344 161824 64203 36031 35071 790 252554 130435 25026 4228 1129 662 50006 19901 11470 145523 122119 962
is_linear=0
shrinkage=0.05


Tree=61
num_leaves=31
num_cat=0
split_feature=0 0 11 12 11 14 14 14 12 14 11 24 11 14 12 6 14 12 24 5 14 12 17 11 5 14 24 11 12 14
split_gain=358.851 128.121 117.019 116.165 89.2722 88.716 96.5751 78.0778 71.439 69.6216 91.4146 89.2896 66.2082 64.3764 89.2327 126.192 64.0305 135.175 112.573 100.91 81.1614 60.4275 58.9768 58.9621 58.618 65.8824 55.5013 77.2678 120.4 86.0456
threshold=4.6368851661682138 67.389881134033217 77.785250096994204 1.258513931888545 50.50536256878646 173.50000000000003 161.50000000000003 180.50000000000003 1.5928792569659445 268.50000000000006 53.401806228566379 4.5000000000000009 52.327960417574225 165.50000000000003 5.9674922600619196 2.5000000000000004 205.50000000000003 3.6517027863777094 4.5000000000000009 7.5000000000000009 221.50000000000003 9.1253869969040267 190.8796310424805 48.568307223703847 24.500000000000004 239.50000000000003 3.5000000000000004 26.484862307103892 4.1099071207430358 188.50000000000003
decision_type=2 2 2 2 2 2 2 2 2 2 2 10 2 2 2 2 2 2 8 2 2 2 2 2 2 2 10 2 2 2
left_child=2 4 3 -1 16 6 -6 -7 22 11 -11 12 26 14 -13 -16 19 20 -19 -2 -18 -9 -4 -20 25 -15 -5 -28 -29 -30
right_child=1 -3 8 9 5 7 -8 21 -10 10 -12 13 -14 24 15 -17 17 18 23 -21 -22 -23 -24 -25 -26 -27 27 28 29 -31
leaf_value=0.0089694377648365572 -0.00093198177707412566 0.014978460863818464 0.011845665835074288 -0.0050239458695029871 0.018697698920837259 0.021175195949614704 -0.02247894379753565 -1.4869436260938552e-05 -0.033996280029074379 0.00082984928048769483 0.052282376783140232 -0.0042011607193213965 -0.015591811349508961 -0.032342123694893532 0.18938161935767109 -0.025800591342120385 0.034224818736652354 0.013990237334562679 -0.015544736872600304 0.015427925112271394 0.0065501886476069197 -0.053121255803255676 -0.029733509112133124 0.040325109723022827 0.0082548099119231066 -0.011535472602101108 -0.017390728372574753 0.0011727388115674118 0.097521038333886187 0.019598412982271201
leaf_weight=1265.5650163246319 1363.215527523309 2337.2731978185475 203.16080340789631 6168.0419954298995 172.34206691291183 443.06822652928531 800.95660019479692 7634.6525281388313 601.64463826501742 639.81725442223251 98.79625547863543 212.17961379094049 1421.6910690711811 936.56435241596773 13.966272834688427 12.116417943499981 312.58199304621667 472.57578888814896 1523.3484454061836 3052.8066660184413 1712.8403002843261 52.943448657169938 145.5215782742016 47.798345321789384 155.37466813530773 643.01435374841094 154.25584519747645 214.77892276458442 73.693248998373747 68.581592744216323
leaf_count=35912 24950 12800 7378 252803 2123 4100 8360 89308 47277 20722 1592 9183 78825 64969 115 714 3481 6759 21194 20383 28452 444 8719 476 2090 31102 5492 7998 1535 2670
internal_value=-0.000236403 0.00398247 -0.00668862 -0.0053583 0.00252053 -0.000918388 -0.0151761 0.000790017 -0.0235732 -0.00703593 0.00777348 -0.00812238 -0.00579784 -0.017658 0.00668857 0.0921594 0.00620992 0.00168444 -0.00738602 0.0103786 0.010836 -0.000387468 -0.00554269 -0.0138205 -0.0210034 -0.0238848 -0.00371119 0.0121038 0.0248591 0.0603585
internal_weight=32955.2 19926.4 13028.8 12078.4 17589.1 9103.96 973.299 8130.66 950.327 10812.9 738.614 10074.3 8101.04 1973.22 238.262 26.0827 8485.17 4069.14 2043.72 4416.02 2025.42 7687.6 348.682 1571.15 1734.95 1579.58 6679.35 511.31 357.054 142.275
internal_count=801926 222830 579096 515722 210030 104335 10483 93852 63374 479810 22314 457496 349323 108173 10012 829 105695 60362 28429 45333 31933 89752 16097 21670 98161 96071 270498 17695 12203 4205
is_linear=0
shrinkage=0.05


Tree=62
num_leaves=31
num_cat=0
split_feature=15 0 14 24 11 18 18 24 4 14 11 12 15 4 18 11 14 4 11 12 12 14 4 20 12 24 14 14 12 11
split_gain=329.88 150.275 139.568 100.886 79.4399 77.8603 71.6793 64.922 106.594 87.0311 81.3118 77.6391 63.0859 62.0346 60.3302 57.1588 98.0092 63.1762 48.9358 133.912 107.403 77.0136 80.6345 115.396 61.0025 88.573 106.394 161.764 200.007 153.773
threshold=3.9580683708190922 36.216108322143562 225.50000000000003 4.5000000000000009 45.413500027202332 155.79412078857425 164.17825317382815 3.5000000000000004 80.259969934821143 191.50000000000003 18.035498580788683 3.3018575851393193 46.265377044677741 280.28621579706675 171.93548583984378 37.513179078940361 195.50000000000003 44.559207424521453 81.848965866762242 0.69195046439628494 6.1377708978328185 203.50000000000003 187.14769459143284 31.753784179687504 3.9086687306501551 3.5000000000000004 218.50000000000003 209.50000000000003 3.5650154798761613 55.163667807822634
decision_type=2 2 2 8 2 2 2 10 2 2 2 2 2 2 2 2 2 2 2 2 2 2 2 2 2 8 2 2 2 2
left_child=2 5 3 4 7 -2 -4 9 -9 13 -11 -10 -3 -1 -5 -12 17 -17 24 21 -21 22 23 -20 25 -7 27 -27 29 -29
right_child=1 12 6 14 -6 18 -8 8 11 10 15 -13 -14 -15 -16 16 -18 -19 19 20 -22 -23 -24 -25 -26 26 -28 28 -30 -31
leaf_value=-0.016559354439120183 0.0053401850037624148 0.0067579091729703146 -0.02659406560200004 -0.0087302437935633508 -0.021222961055012788 -0.0063373028703186257 -0.00016736056447628001 0.0045145396608276397 5.0125358268738602e-05 0.084385534129782738 -0.00891527089111817 0.13542349420990335 0.020686121597295208 0.16614957017149123 -0.027983746888250963 0.31302926440294221 0.020405300876598531 0.056064877524674608 0.056005101350192411 -0.020867887539454219 0.057255917117169743 0.0030502612136088922 0.028008037588359725 0.28074463922463661 -0.0050064725936133751 0.0070454278021229557 -0.001511121859408123 0.07001040161336286 0.13704851313765862 0.0052957902644818755
leaf_weight=572.38704059179872 5042.2091778833419 5558.3184517193586 279.17143864836544 538.45877649029717 608.27818795200437 2234.9328956352547 3049.3928052973934 119.54465578403324 15.549199591390787 39.499803004786372 163.91644317191094 32.223050896078348 951.7840421423316 3.6906180977821341 1678.9435969786718 4.0872277058660966 66.788770820014179 5.5436500338837504 16.757577896118168 1086.8143688333221 44.903690761420876 130.46380204148591 48.363087886013091 8.2337238211184722 5369.6362906713039 2128.4967856109142 2629.9915499193594 142.18132056295872 46.656690070405602 256.27736197924241
leaf_count=36773 29466 31584 12067 39003 43495 47556 127704 5393 698 1535 8980 459 4896 94 142573 276 3407 312 483 22873 816 2156 467 147 132106 39426 62023 2065 769 4233
internal_value=-0.00041363 0.00223358 -0.00988988 -0.0163726 -0.00692931 6.13035e-06 -0.00239113 0.00158024 0.0299686 -0.0039977 0.0188362 0.0922658 0.00879709 -0.015103 -0.0233144 0.00775804 0.0431747 0.184305 -0.00189569 -0.0109999 -0.0177203 0.0262203 0.0668339 0.138001 -0.000945597 0.0019861 0.0055615 0.0127868 0.0401644 0.0285052
internal_weight=32873.5 25696 7177.48 3848.91 1631.51 19185.9 3328.56 1023.23 167.317 855.914 279.836 47.7723 6510.1 576.078 2217.4 240.336 76.4196 9.63088 14143.7 1335.54 1131.72 203.818 73.3544 24.9913 12808.2 7438.54 5203.6 2573.61 445.115 398.459
internal_count=803835 381066 422769 282998 101422 344586 139771 57927 6550 51377 14510 1157 36480 36867 181576 12975 3995 588 315120 26942 23689 3253 1097 630 288178 156072 108516 46493 7067 6298
is_linear=0
shrinkage=0.05


Tree=63
num_leaves=31
num_cat=0
split_feature=25 0 10 12 23 12 11 21 21 11 22 21 11 17 12 19 22 11 12 22 23 22 8 17 22 21 23 0 11 21
split_gain=306.562 110.611 99.9377 105.932 102.144 91.272 101.778 82.5188 79.3497 72.8223 63.0917 91.13 162.206 112.229 87.3408 84.9282 76.9066 63.5801 107.327 61.1787 70.8759 68.4599 61.1498 70.5618 68.4324 94.8096 69.2927 59.5341 66.7346 64.5927
threshold=24.868115207552915 34.079013824462898 14.989200115203859 5.7941176470588251 1.5186450000000002 1.6160990712074306 61.85164704809295 -1.4417803499999997 -1.8284060999999998 75.951033719080073 -0.076082348799999991 -0.004816729579999999 22.476063048126807 205.19374847412112 3.6795665634674926 0.48529411852359777 -0.099670693299999988 31.816619188781406 3.8560371517027869 -1.3993544999999998 1.3414118000000002 -0.60950839499999987 1.0000000180025095e-35 178.78430938720706 0.58186933500000004 -1.5327152499999999 1.2643609500000001 131.87927246093753 88.744555543150895 -0.17945643499999997
decision_type=2 2 8 2 2 2 2 2 2 2 2 2 2 2 2 2 2 2 2 2 2 2 2 2 2 2 2 2 2 2
left_child=2 5 9 -4 -5 7 10 -2 -8 22 11 13 -13 -7 -12 16 17 18 -14 -10 21 -21 -1 -24 26 -26 -25 28 29 -3
right_child=1 27 3 4 -6 6 8 -9 19 -11 14 12 15 -15 -16 -17 -18 -19 -20 20 -22 -23 23 24 25 -27 -28 -29 -30 -31
leaf_value=-0.020423450019396671 -0.027150361865006013 0.0031358598434873628 -0.0024870413632535056 0.0075797950228286837 0.089903428867457169 -0.0017853126002833454 0.071290583984875741 0.0093954868215916955 0.03121724110737234 -0.030738783581949217 0.0060083510258214547 -0.023007772024576344 0.0093556833624007952 0.045126710084684885 -0.0081864663562880718 -0.008250904556895422 0.078388079898712618 0.012339519932094003 0.053400705410001019 -0.026250094408473347 -0.02685072701152838 -0.0025849551294394773 -0.018084111580848949 -0.0066816852718953497 0.052311081263585184 -0.027623798917996545 0.010077930327487376 0.030096340657905951 -0.0032333290516058143 0.014461058375130037
leaf_weight=1157.9370892881416 160.69346605613828 2172.687929357402 2104.7199811371975 96.291651313193142 61.120448115281761 4242.263496434316 28.676693823188543 3474.558887779247 82.294808551669121 470.49366060271859 1623.9030607915483 297.41250860039145 262.85913251060992 130.43892337195575 3252.9706230233423 303.53267371468246 54.251741711050272 1286.8093315567821 292.10306930355728 383.94750039372593 629.91310997260734 1484.0171225802042 1141.8126604985446 1638.9149358500727 39.59157320857048 439.07551400735974 987.48393976129591 296.38310116529465 1235.0739283943549 2995.1641366519034
leaf_count=91382 3247 11544 68834 2217 813 73656 329 51949 1459 45983 29432 6455 3022 5668 70172 12812 538 14210 4030 7326 12822 27751 64757 90788 1456 33583 42767 1823 6282 15974
internal_value=-3.45583e-05 0.0027394 -0.00845036 0.000479548 0.0399104 0.00069703 -0.00109525 0.00777298 -0.0100267 -0.0118881 0.000889068 0.00397631 0.011595 -0.000375916 -0.00345961 0.0162822 0.0202119 0.0184567 0.032593 -0.0109578 -0.0123592 -0.00746061 -0.0102417 -0.00746148 -0.00355069 -0.0209169 -0.000378901 0.00822314 0.00720612 0.0097012
internal_weight=32827.4 24690 8137.44 2262.13 157.412 17990.6 14355.4 3635.25 2608.85 5875.31 11746.5 6869.67 2496.97 4372.7 4876.87 2199.56 1896.02 1841.77 554.962 2580.17 2497.88 1867.96 5404.82 4246.88 3105.07 478.667 2626.4 6699.31 6402.93 5167.85
internal_count=803081 360501 442580 71864 3030 324878 269682 55196 49687 370716 219995 120391 41067 79324 99604 34612 21800 21262 7052 49358 47899 35077 324733 233351 168594 35039 133555 35623 33800 27518
is_linear=0
shrinkage=0.05


Tree=64
num_leaves=31
num_cat=0
split_feature=1 22 14 14 18 22 11 21 12 14 12 14 12 11 22 5 12 24 11 14 14 22 5 21 11 21 11 23 12 22
split_gain=216.741 118.146 169.179 105.228 176.392 121.289 101.026 100.26 144.236 346.578 165.193 112.365 99.1296 103.371 100.039 98.5762 88.519 100.061 92.7838 122.174 122.432 86.1818 83.4323 94.3282 108.345 82.2927 82.2041 100.628 80.1457 140.148
threshold=10.210135102272035 0.030713726750000003 267.50000000000006 218.50000000000003 169.52228546142581 2.1169150000000005 53.401806228566379 -0.91873112499999987 4.8374613003095979 170.50000000000003 8.5758513931888576 197.50000000000003 3.187306501547988 33.565862104112156 -0.73784845999999993 22.500000000000004 4.8374613003095979 6.5000000000000009 49.240419371982021 173.50000000000003 160.50000000000003 -0.60950839499999987 6.5000000000000009 0.30427013500000005 40.694488838603355 -1.9199379999999999 81.848965866762242 0.64900642500000016 9.4938080495356054 1.3255616000000001
decision_type=2 2 2 2 2 2 2 2 2 2 2 2 2 2 2 2 2 8 2 2 2 2 2 2 2 2 2 2 2 2
left_child=1 -1 -3 4 7 12 25 8 15 -10 11 -11 26 14 -14 -2 18 28 22 20 -20 -17 -9 24 -24 -4 -5 -28 29 -18
right_child=3 2 6 5 -6 -7 -8 16 9 10 -12 -13 13 -15 -16 21 17 -19 19 -21 -22 -23 23 -25 -26 -27 27 -29 -30 -31
leaf_value=-0.0023669464222586378 -0.025786146449307958 -0.018448192562254613 0.11322462132460771 0.0041796800859333428 -0.011902627398852684 0.11536987408164037 0.073747069832380496 0.0070506797329385907 0.092450239946490001 0.026439285795987102 -0.033791061154469795 -0.024548648486662581 0.030342302600623091 -0.018663718437201781 -0.0058555707892484522 -0.015937411078867928 -0.006791017227415222 0.0085728037952705113 0.032469144131909426 0.011490790732795853 -0.01732512507157578 0.024213304667145667 0.030979375692513456 0.040401194803150853 -0.0028549381085111345 -1.1310827322948144e-05 -0.045432118026474122 -0.0039438611347298392 0.028953916657504089 -0.058998165807140582
leaf_weight=6298.2074448643252 726.72047164896503 2862.1152177443728 15.809863049536942 4988.0645278808661 1366.0653731962666 21.047161162830889 61.851604927331209 853.93698977958411 116.20524144545197 468.78745831595734 245.38877766393125 139.47036252822727 230.3829822037369 1512.5588509864174 1089.2351194079965 290.76009763218462 852.08901449944824 1989.6873347572982 147.49252454470843 4317.0476268413477 732.00478062219918 245.63685616385192 538.61736162658781 690.31513670738786 421.09835101570934 352.50464346818626 180.06684555578977 759.19757078494877 116.64929411001503 150.46524290554225
leaf_count=289251 8213 195053 273 82170 66382 190 756 8136 707 3036 1725 1055 4145 19782 22181 1534 5811 13250 1307 34105 6009 1326 3363 4398 2981 12278 2401 10821 651 986
internal_value=-5.84152e-05 -0.00638011 -0.0140543 0.00255627 0.00518548 -0.00175823 0.0151552 0.00697608 -0.00266822 0.0118271 0.000756744 0.0147269 -0.0020528 -0.00974591 0.000482156 -0.0137987 0.00896842 0.00184658 0.0118431 0.00803068 -0.00894719 0.00245999 0.0197487 0.026312 0.0161462 0.00514275 0.00162412 -0.0119375 -0.0101081 -0.0146773
internal_weight=32779.5 9590.49 3292.28 23189 14408.4 8780.55 430.166 13042.4 2232.97 969.852 853.647 608.258 8759.51 2832.18 1319.62 1263.12 10809.4 3108.89 7700.51 5196.54 879.497 536.397 2503.97 1650.03 959.716 368.315 5927.33 939.264 1119.2 1002.55
internal_count=804276 497611 208360 306665 164975 141690 13307 98593 17596 6523 5816 4091 141500 46108 26326 11073 80997 20698 60299 41421 7316 2860 18878 10742 6344 12551 95392 13222 7448 6797
is_linear=0
shrinkage=0.05


Tree=65
num_leaves=31
num_cat=0
split_feature=0 25 14 12 0 21 19 14 18 19 24 23 21 12 24 4 4 23 18 4 23 14 14 14 21 14 12 23 21 12
split_gain=263.947 164.673 121.171 103.961 88.5697 70.4379 70.304 61.7076 67.0104 74.5924 113.503 60.6068 58.7422 56.1136 91.6116 84.3839 55.7704 52.4298 49.1801 48.0935 168.279 43.6471 48.0515 85.16 72.8415 62.8 61.7167 185.882 61.704 56.3921
threshold=20.693199157714847 23.469580107927328 242.50000000000003 1.6160990712074306 94.14953994750978 -1.2226113499999998 0.36764706671237951 265.50000000000006 161.81506347656253 0.42647059261798864 3.5000000000000004 1.7272303000000002 -0.76345792499999987 2.6068111455108363 4.5000000000000009 76.972490612417474 353.46406160295015 0.62443945000000012 155.11765289306643 13.160109490156175 0.43381632500000006 226.50000000000003 173.50000000000003 180.50000000000003 -0.17945643499999997 197.50000000000003 5.7058823529411775 1.1257050000000002 -1.0846349999999998 0.97832817337461309
decision_type=2 2 2 2 2 2 2 2 2 2 8 2 2 2 10 2 2 2 2 2 2 2 2 2 2 2 2 2 2 2
left_child=1 2 -1 5 21 -3 -4 11 -9 10 -10 -7 -8 14 17 -16 -13 -14 -5 20 -15 22 26 -24 -25 -26 28 -28 -2 -27
right_child=4 3 6 18 -6 7 12 8 9 -11 -12 16 13 19 15 -17 -18 -19 -20 -21 -22 -23 23 24 25 29 27 -29 -30 -31
leaf_value=-0.016526222442699443 -0.028086770861023676 -0.019437717864826072 -0.023291326970425658 0.0042804993371923367 0.020763123266602526 0.0093330784922063884 0.021031157238993126 0.0019404997610555056 0.23226390750607925 0.031063885059097487 0.054193956143979642 -0.029438315757088235 0.026933696803863573 0.25137241293937868 0.13596962813432428 0.027749717259238735 0.019399352424967615 -0.010977885166139905 -0.0042718578745005341 -0.013906481500698665 -0.012833483100062368 -0.001038654133583869 0.025403625199406921 -0.00047832870220234535 0.023037585338699929 -0.012754855411220581 -0.030959400191200932 0.074855815510841417 0.00011402369980580569 0.010201386482343804
leaf_weight=3507.0370783135295 228.35596922785044 231.80312526412308 305.00298493634909 1991.8719289656729 932.67156687751412 2469.7098036282696 348.17414746899158 113.61120842024684 11.993211658671497 120.5477796010673 31.752300234511495 198.53288828628138 120.48907874058932 6.7722002100199452 20.127275567501783 128.86624586954713 81.871084647253156 364.75880316086113 10743.947176818736 717.37491546943784 26.45185322035104 2518.1033029193059 671.2320454781875 2190.6114793177694 846.1176843829453 308.6746945027262 74.073570504784584 92.157584048807621 1257.1072204504162 1969.4159139180556
leaf_count=246813 1887 6042 13991 13089 5501 48082 11635 1244 262 2121 539 5307 4280 328 615 3192 650 12511 317447 35436 1345 24656 3816 12979 5044 2541 373 455 8968 10804
internal_value=-0.000242397 -0.00346886 -0.0108931 -0.000894658 0.00602512 0.00707149 -0.00119617 0.00910659 0.0315197 0.0518386 0.107113 0.00683107 0.00270366 -0.00191605 0.00902541 0.043178 -0.0151606 -0.00152825 -0.00293404 -0.0111611 0.0467921 0.00466973 0.00655163 0.00863455 0.00651233 0.0114126 -0.000997922 0.0278008 -0.00423718 0.00708665
internal_weight=32629.2 21540.7 5545.05 15995.6 11088.5 3259.82 2038.02 3028.02 277.904 164.293 43.7455 2750.11 1733.01 1384.84 634.241 148.994 280.404 485.248 12735.8 750.599 33.2241 10155.8 7637.75 5986.05 5314.82 3124.21 1651.69 166.231 1485.46 2278.09
internal_count=801953 724929 330146 394783 77024 64247 83333 58205 4166 2922 801 54039 69342 57707 20598 3807 5957 16791 330536 37109 1673 71523 46867 35184 31368 18389 11683 828 10855 13345
is_linear=0
shrinkage=0.05


Tree=66
num_leaves=31
num_cat=0
split_feature=6 13 12 14 22 5 22 12 14 11 22 12 22 20 18 20 24 14 12 12 11 7 12 5 14 11 14 14 11 22
split_gain=219.973 110.265 92.3693 92.2546 120.91 106.469 95.9636 129.799 135.133 85.4276 81.5355 181.428 78.8695 104.273 104.031 89.3042 83.7009 70.7401 68.9024 66.3986 66.3613 83.7508 67.664 72.0897 66.0545 64.11 63.3143 67.4147 62.688 76.4798
threshold=1.0000000180025095e-35 -62.591906146333763 1.7647058823529413 197.50000000000003 2.1169150000000005 18.500000000000004 -0.55092459999999999 3.3235294117647065 185.50000000000003 33.253394066733847 1.0527500000000003 11.018575851393191 -0.047694848849999992 1.9701385498046877 180.10011291503909 58.656867980957038 2.5000000000000004 189.50000000000003 4.8374613003095979 2.4318885448916414 46.940019882973239 1.0000000180025095e-35 7.4040247678018583 7.5000000000000009 165.50000000000003 16.61007971562238 217.50000000000003 236.50000000000003 81.848965866762242 -0.14198879499999997
decision_type=2 2 2 2 2 2 2 2 2 2 2 2 2 2 2 2 8 2 2 2 2 2 2 2 2 2 2 2 2 2
left_child=3 -2 -3 5 19 20 7 -7 18 -10 11 17 13 -4 -15 24 -16 -8 -9 28 21 -1 23 -23 -14 -12 -18 -28 29 -5
right_child=1 2 12 4 -6 6 10 8 9 -11 25 -13 15 14 16 -17 26 -19 -20 -21 -22 22 -24 -25 -26 -27 27 -29 -30 -31
leaf_value=-0.0020892198122024574 -0.028658777598284488 0.0046953899297635894 -0.018762126736571298 0.001523428402888047 0.11172482749037072 0.026396212648747308 0.018916462326836213 -0.01067353425262208 0.022198318804931227 -0.031469808162965428 0.044536245790733148 -0.059717956938508579 0.00092686440790059439 -0.0044254629222332063 0.031358535368279865 -0.0052731172291767226 -0.035544906038349221 0.039323565891245658 0.02632799812846582 -0.0036841830892690424 -0.0048175308964296289 0.0023508113589159698 -0.040429491772250567 0.026052941312555662 -0.026632036918821163 -0.0073846331994504013 0.04784408108342289 -0.00058889997358197159 -0.0054573038909240517 0.014912924403226602
leaf_weight=1362.0435357089154 518.73541043046862 1963.3249765569344 913.58971155434847 2969.6137595148757 23.119265685789287 422.99949228577316 1136.7727782675065 204.89388841576874 87.00076965149492 477.68883547466248 68.86335757561028 62.097240124829113 260.78340046107769 3185.7219881429337 411.83901233086362 1610.6397933689877 94.469070141203701 680.87504715844989 323.18449831008911 6916.5528687601909 2203.3763026879169 507.52227057702839 51.692675133235753 871.97750496771187 1304.8996045184322 398.03660669364035 89.463318034075201 349.02882225159556 1489.0607674866915 1663.3772578430362
leaf_count=30622 54469 62312 55715 45260 286 2241 5816 1021 440 2700 340 431 13422 120550 15797 73003 7425 3831 1624 94239 38542 5669 388 5673 96757 2067 4643 14894 19670 24498
internal_value=-0.000318079 -0.00619368 -0.00504666 0.00255075 -0.00012067 0.00648905 0.0127224 0.00291325 -0.0061926 -0.0231766 0.0190544 0.0236972 -0.00737369 -0.0034861 -0.000103625 -0.0135443 0.0144582 0.0265782 0.0119784 -0.00032754 0.00166907 0.00678577 0.0152275 0.0173409 -0.0220441 0.000352025 0.00136445 0.00937901 0.0034647 0.00633282
internal_weight=32623.2 10702.5 10183.8 21920.7 13061.7 8859.02 3862.41 1515.77 1092.77 564.69 2346.65 1879.75 8220.43 5044.11 4130.52 3176.32 944.8 1817.65 528.078 13038.6 4996.61 2793.24 1431.19 1379.5 1565.68 466.9 532.961 438.492 6122.05 4632.99
internal_count=804345 518987 464518 285358 183953 101405 20511 8026 5785 3140 12485 10078 402206 219024 163309 183182 42759 9647 2645 183667 80894 42352 11730 11342 110179 2407 26962 19537 89428 69758
is_linear=0
shrinkage=0.05


Tree=67
num_leaves=31
num_cat=0
split_feature=0 25 14 11 12 11 12 14 20 3 0 20 20 14 20 15 14 2 1 11 4 13 12 12 11 1 14 12 14 13
split_gain=241.062 150.639 100.001 85.4275 80.5289 96.5767 77.9411 97.0269 157.34 72.8432 64.2389 60.9971 75.1972 54.7131 49.9404 47.8265 47.628 45.7863 110.559 45.4729 45.2784 44.7686 42.6919 41.1907 56.3684 67.8151 47.5886 76.9111 59.7204 84.3677
threshold=21.638623237609867 24.019894361495975 242.50000000000003 49.240419371982021 1.6160990712074306 60.975795745019212 0.69195046439628494 203.50000000000003 29.864372253417972 142.80135188251737 131.87927246093753 81.731285095214858 -0.44994354248046869 261.50000000000006 60.573593139648445 46.265377044677741 260.50000000000006 108.36288268119098 11.67929492890835 136.89156054385907 30.84677524864674 144.41401730221773 5.5015479876161004 4.0294117647058831 32.570528774992241 35.721507787704475 229.50000000000003 6.9272445820433441 247.50000000000003 -13.05243415491592
decision_type=2 2 2 2 2 2 2 2 2 2 2 2 2 2 2 2 2 2 2 2 2 2 2 2 2 2 2 2 2 2
left_child=1 2 3 9 -3 11 7 8 -5 -1 15 12 -6 14 -7 19 22 20 -19 -2 -18 -8 -13 -14 25 26 -25 28 29 -28
right_child=10 4 -4 6 5 13 21 -9 -10 -11 -12 16 23 -15 -16 -17 17 18 -20 -21 -22 -23 -24 24 -26 -27 27 -29 -30 -31
leaf_value=-0.0099310565745216114 0.0043782244306811522 0.006412558588995307 -0.0016736898402531829 0.012355974515068674 -0.013902623500319093 -0.0097185550963557691 -0.0278090437804039 -0.021120981052619208 0.21076417056159277 0.050468777910587327 0.028895309692273243 -0.0095855904506970402 0.0070610026280557431 0.03402984336793783 -0.028960733626043712 0.014591726159809608 0.045185198902180229 0.15923331862857132 0.0096183383074571697 -0.024588807840003959 -0.0070618392518405002 0.045216636899523176 -0.032723378111949843 -0.0051117179174374264 -0.0068721695359389573 0.019146686287836182 0.081356216047466456 -0.0091637087756861971 -0.0041554364184821068 0.018638110390379197
leaf_weight=2272.9779799939133 9170.3123125564307 3170.7598525937647 2330.5162903079763 35.254622366745025 743.7191386250779 1498.8482952564955 1463.9802473708987 74.720541292801499 13.021212027408181 50.059661716222763 292.05280528962612 661.57910947781056 3206.8429543972015 60.087414178065956 434.88066333532333 1190.3601367771626 42.578164120204747 13.391105731949208 88.071754639968276 136.53355858009309 858.37797568459064 20.430907625705004 285.21473425533623 1374.2464171182364 1906.5782466526143 601.75222584418952 83.75665527023375 247.98198619391769 102.9614950735122 148.24308512639254
leaf_count=152493 65508 57894 94536 2099 39192 47684 120341 3163 383 1595 1856 12227 56248 1272 7084 5757 1327 297 1307 910 26539 175 9085 29265 40181 3719 3009 10083 4486 3826
internal_value=-0.000308133 -0.00333443 -0.00988111 -0.014746 -0.000694635 -0.00251837 -0.0236052 0.0145475 0.0690629 -0.00860833 0.00580377 -0.000579416 0.00126673 -0.0125931 -0.0140587 0.00515862 -0.00854705 -0.000948193 0.0307259 0.00395068 -0.00454534 -0.0267742 -0.0165829 0.00273879 -0.00036603 0.00448226 -3.39016e-05 0.0119249 0.0275183 0.0415326
internal_weight=32580.1 21790.8 6260.96 3930.45 15529.9 12359.1 1607.41 122.996 48.2758 2323.04 10789.3 10365.3 8416.08 1993.82 1933.73 10497.2 1949.21 1002.42 101.463 9306.85 900.956 1484.41 946.794 7672.36 4465.52 2558.94 1957.19 582.943 334.961 232
internal_count=803541 729510 374785 280249 354725 296831 126161 5645 2482 154088 74031 240791 190009 56040 54768 72175 50782 29470 1604 66418 27866 120516 21312 150817 94569 54388 50669 21404 11321 6835
is_linear=0
shrinkage=0.05


Tree=68
num_leaves=31
num_cat=0
split_feature=15 21 13 11 14 23 11 14 14 14 14 25 5 21 21 13 23 23 11 0 21 14 21 21 11 20 4 14 4 18
split_gain=236.385 117.134 114.706 105.793 102.239 114.837 116.804 160.82 166.176 103.234 92.9325 99.8157 358.635 83.4269 78.9845 77.1006 75.8314 93.6508 100.262 75.0331 95.0307 72.785 89.9139 105.688 81.8555 72.0993 70.6163 98.3057 86.7578 70.3924
threshold=3.7877115011215214 0.40264956500000004 -50.183885513386763 81.848965866762242 245.50000000000003 0.84468061000000005 52.834792444292155 186.50000000000003 232.50000000000003 259.50000000000006 210.50000000000003 27.981815105676656 12.500000000000002 0.74276534000000016 -2.0836265999999992 62.251172581866342 1.25831 2.0294156500000002 46.315588174439718 25.072136878967289 -1.8284060999999998 155.50000000000003 0.9413359750000001 0.8261199600000001 23.68438548846142 1.9701385498046877 32.716211497783668 177.50000000000003 74.641859747469439 169.79144287109378
decision_type=2 2 2 2 2 2 2 2 2 2 2 2 2 2 2 2 2 2 2 2 2 2 2 2 2 2 2 2 2 2
left_child=2 3 -1 14 5 6 7 -3 10 -6 -9 12 -12 -11 -2 -16 25 18 26 20 -5 22 23 -7 -23 -4 -18 28 -28 -26
right_child=1 4 16 19 9 21 -8 8 -10 13 11 -13 -14 -15 15 -17 17 -19 -20 -21 -22 24 -24 -25 29 -27 27 -29 -30 -31
leaf_value=-0.027386610842647114 -0.027143407060437844 -0.0044152066303075185 -0.027287780707672616 0.056833273334167239 -0.012719954930001881 0.039742843540605088 0.010198769854490084 0.044659324355548029 -0.0014996153452751602 -0.018107420727346609 -0.0040224189624865252 0.074876348573090848 0.30413506065285301 0.014476185114305325 -0.0022684537492761365 0.0048858596651860479 -0.0053233626319808963 -0.021288385222138537 -0.011036986597225806 -0.0046060690404507087 -0.031655239784842241 -0.021096492615865808 -0.00019089147279323685 0.16269613556707846 0.0083210033362897985 -0.0079578075988826959 0.018307716603225506 0.010131268308794059 0.077000732442955716 -0.013994110408700723
leaf_weight=738.3243046537973 249.81867400323972 164.28213689848781 591.11085452046245 31.177458488382399 1205.7679546019062 71.908359723165631 925.15633472846821 187.4469097442925 107.37012260127813 245.1704937312752 16.872618042863905 134.06342847086489 20.363864504732192 973.03754954040051 7887.2985627856106 7205.0038437340409 400.99931005993858 423.24266122514382 689.58418748062104 1039.6999321104959 560.45120228407905 285.14398319367319 85.067764165811241 22.554869946092367 4239.778610246256 2612.9468901236542 132.97677697008476 718.24779888102785 120.0126391723752 384.62812497466803
leaf_count=84960 4467 2094 44094 248 23451 1171 10620 2167 1791 7287 744 797 385 19674 208097 41292 24456 24637 33878 5670 13134 5019 1325 291 36465 141953 7448 33617 5085 17803
internal_value=-0.000271193 0.00184833 -0.0088578 -0.000602815 0.00643562 0.00964178 0.021527 0.0381095 0.0530746 -0.00235351 0.0693671 0.0959877 0.168049 0.0079091 0.000684685 0.00114708 -0.00644878 0.000106339 0.00450636 -0.0127043 -0.0269041 0.00600537 0.0371872 0.070497 0.00485778 -0.0115314 0.0123196 0.019602 0.0463439 0.00646235
internal_weight=32469.5 26042.1 6427.45 16973.4 9068.61 6644.64 1555.56 630.399 466.117 2423.98 358.747 171.3 37.2365 1218.21 15342.1 15092.3 5689.12 2485.06 2061.82 1631.33 591.629 5089.08 179.531 94.4632 4909.55 3204.06 1372.24 971.237 252.989 4624.41
internal_count=804120 403992 400128 272908 131084 80672 18598 7978 5884 50412 4093 1926 1129 26961 253856 249389 315168 129121 104484 19052 13382 62074 2787 1462 59287 186047 70606 46150 12533 54268
is_linear=0
shrinkage=0.05


Tree=69
num_leaves=31
num_cat=0
split_feature=0 25 20 5 23 12 0 23 12 11 21 23 20 20 5 11 11 17 21 11 20 18 20 12 11 11 20 18 17 12
split_gain=170.175 106.909 100.796 87.5708 235.131 246.1 74.1168 68.0149 65.3272 75.4798 94.7178 85.7359 84.3377 73.0478 65.4234 62.0729 95.9182 71.692 59.1826 58.4764 75.9557 55.3718 50.743 49.6697 76.7117 74.2717 95.4935 109.926 49.7364 46.6235
threshold=11.47038793563843 23.469580107927328 78.265686035156264 3.5000000000000004 0.40623313500000008 5.7538699690402479 131.87927246093753 2.0294156500000002 1.4938080495356039 60.975795745019212 1.2578024500000002 1.7182350000000002 81.731285095214858 -0.96871948242187489 13.500000000000002 25.54010236654258 46.315588174439718 197.25724792480472 -1.8709155499999999 81.848965866762242 61.546920776367195 178.55698394775393 82.68857574462892 0.84365325077399389 49.240419371982021 89.691619807248813 65.31754302978517 168.02986145019534 187.60000610351565 6.6919504643962862
decision_type=2 2 2 2 2 2 2 2 2 2 2 2 2 2 2 2 2 2 2 2 2 2 2 2 2 2 2 2 2 2
left_child=1 2 23 4 5 -4 19 8 -3 10 12 14 13 -10 15 -12 17 -17 -14 -2 -21 -5 -18 25 28 -1 27 -27 -25 -15
right_child=6 7 3 21 -6 -7 -8 -9 9 -11 11 -13 18 29 -16 16 22 -19 -20 20 -22 -23 -24 24 -26 26 -28 -29 -30 -31
leaf_value=-0.0063194277471477324 0.0046131263360540782 0.0079802510028323583 -0.034206279913754412 -0.0080982629742351181 0.01847008883850431 0.40692084584018429 0.028692989344814214 -0.014491627383788922 -0.014855235541669655 -0.013054260764920105 -0.0037715491347740829 -0.017670566808014595 0.08355245436393903 0.0056663186312800153 0.0033182678171914549 0.10918104913442495 -0.025532609980737295 0.020801788834683074 -0.013273858090405316 0.0014839490419766255 -0.017405755229008293 0.021493649957821739 0.064089046540947103 -0.017831148886675918 -0.025572405384373567 0.16246356618260327 0.24796710328173341 -0.01444385261676933 -0.0028721770977605345 -0.0052484206833918129
leaf_weight=171.37521985312924 12149.488108799793 2048.7542788358405 4.9156205272302014 915.24591686762869 163.26166195515543 7.1858803164213896 287.88461677730083 883.73390588024631 633.10393131058663 1299.1081649148837 44.35739609785378 103.34322091937065 14.972946813330053 4130.4136338979006 115.77314652875066 92.728567445650697 37.392360520549119 31.106656393036246 1436.2012755172327 2035.2450741380453 719.5224265307188 190.05796530004591 25.879512267187238 1059.7544585256837 1225.5714889378287 11.256891277153043 5.1825497439131132 30.473087097518146 1167.9266491904855 1281.1467636469752
leaf_count=8520 106867 43713 216 38417 6186 299 1869 25289 37259 56875 1179 3126 278 101079 1703 1913 1786 969 43624 16097 5230 6233 349 71882 105980 355 209 2176 74432 39012
internal_value=-0.000244051 -0.00366055 -0.00985395 0.00222298 0.0349426 0.238801 0.00360828 -0.00114139 -9.56001e-05 -0.00188583 -5.85639e-05 0.0221805 -0.00139815 0.00120101 0.0340575 0.0493521 0.0618992 0.0873252 -0.012218 0.00312186 -0.00345441 -0.00299508 0.0115513 -0.0140659 -0.0155282 0.00903134 0.0640704 0.0359632 -0.00999328 0.00308184
internal_weight=32322.4 17130.2 4952.21 1280.67 175.363 12.1015 15192.1 12178 11294.3 9245.53 7946.42 450.581 7495.84 6044.66 347.238 231.464 187.107 123.835 1451.17 14904.3 2754.77 1105.3 63.2719 3671.54 3453.25 218.288 46.9125 41.73 2227.68 5411.56
internal_count=803122 673059 314905 51351 6701 515 130063 358154 332865 289152 232277 11025 221252 177350 7899 6196 5017 2882 43902 128194 21327 44650 2135 263554 252294 11260 2740 2531 146314 140091
is_linear=0
shrinkage=0.05


Tree=70
num_leaves=31
num_cat=0
split_feature=0 12 11 4 23 4 12 23 20 23 25 11 23 23 18 12 11 12 12 20 23 11 11 23 4 11 12 19 5 17
split_gain=174.927 108.088 125.362 146.303 88.0655 75.1956 63.3465 107.872 88.7439 87.4705 69.3249 83.1082 65.5054 169.889 114.861 91.5908 127.667 84.9788 74.4546 70.106 68.4268 65.5438 61.7018 60.4202 138.76 59.0084 58.8282 95.4197 68.984 82.8047
threshold=14.183512687683107 1.2368421052631582 51.88454376086132 84.52066266164185 2.0540985000000007 1299.6740894317629 6.6919504643962862 2.0294156500000002 64.864372253417983 1.9378600000000001 20.783971031010157 19.299244392351842 1.4903361500000003 1.7272303000000002 171.18182373046878 3.9659442724458209 45.235057061024868 4.1563467492260076 5.7941176470588251 4.8575057983398446 1.6436854000000001 26.375174039641063 64.435121413435652 0.85595423000000015 306.09146771207458 20.03343528257712 10.332817337461302 0.51470589637756359 2.5000000000000004 192.62202453613284
decision_type=2 2 2 2 2 2 2 2 2 2 2 2 2 2 2 2 2 2 2 2 2 2 2 2 2 2 2 2 2 2
left_child=1 4 6 -4 -1 22 7 8 10 -10 -3 -12 14 17 15 16 -13 -14 -15 -16 21 -19 -2 24 -18 -17 -8 -28 -29 -30
right_child=5 2 3 -5 -6 -7 26 -9 9 -11 11 12 13 18 19 25 23 20 -20 -21 -22 -23 -24 -25 -26 -27 27 28 29 -31
leaf_value=0.0086205422914479354 0.0051054033736078622 -0.012401660790254064 -0.028894514398051116 -0.0070482935804381938 -0.029742122341701399 0.011897758594895478 -0.012987613484513253 -0.020213352748563992 -0.0065524036616128661 0.04500557589895432 -0.0091857092805050951 0.01493561633473988 0.02373455277030067 -0.0132527360351389 -0.023295799667325531 0.076390349707259567 0.15896380759647977 0.001801883929419776 0.046278741570463647 0.0025546533857694759 0.0090124117735237569 0.093447046339110731 -0.0025439802742957427 0.032793835722070827 0.038578350396753926 -0.00099410013210848055 -0.012113366153274061 0.00056190918113056679 0.0076509764423928501 0.086568145733028137
leaf_weight=2358.3128972025588 7122.5801741685718 503.58791643381119 1020.6218893202022 3071.6046805763617 158.75654360931367 2473.4855699762702 2118.0307033383287 635.73754811566323 3246.3717016931623 83.412985118106008 670.06974223721772 885.83386312052608 292.73761213943362 315.13275926746428 381.91882959892973 24.419126835651696 38.725639979820698 22.724705130793154 61.990565072745085 831.93280287086964 42.315814026631415 138.6331085478887 4184.2137796310708 118.35572062060237 62.506842873990536 797.58488594042137 358.27656904840842 122.78111360920593 59.048824396915734 75.672979134134948
leaf_count=62989 64304 35490 101682 95754 4394 11986 87675 23061 103926 1654 19998 13934 9126 10413 27953 374 1102 587 2149 45462 1772 2994 33401 2145 393 15369 10769 5321 2947 3371
internal_value=-0.000261669 -0.00343866 -0.00495561 -0.0125026 0.00619008 0.00400271 -0.00235683 -0.000361893 0.00112187 -0.00524772 0.00520988 0.00710522 0.00982578 0.0219301 0.00645386 0.0140386 0.0234309 0.0411192 -0.00337059 -0.00559126 0.0658679 0.0806309 0.00227468 0.0574784 0.0857353 0.00139477 -0.00903418 0.00456302 0.0277228 0.0522898
internal_weight=32277.4 18497.1 15980 4092.23 2517.07 13780.3 11887.8 9153.99 8518.25 3329.78 5188.47 4684.88 4014.81 873.535 3141.28 1927.43 1105.42 496.411 377.123 1213.85 203.674 161.358 11306.8 219.588 101.232 822.004 2733.81 615.779 257.503 134.722
internal_count=802495 692804 625421 197436 67383 109691 427985 317902 294841 105580 189261 153771 133773 27041 106732 33317 17574 14479 12562 73415 5353 3581 97705 3640 1495 15743 110083 22408 11639 6318
is_linear=0
shrinkage=0.05


Tree=71
num_leaves=31
num_cat=0
split_feature=25 14 0 11 10 11 14 24 3 19 24 14 11 18 20 11 14 3 2 11 24 17 17 14 20 24 14 24 18 10
split_gain=179.563 104.586 84.7938 87.7239 81.7813 70.5621 59.7719 123.886 76.4465 71.8476 55.9555 49.5312 102.284 59.7359 105.112 72.3017 81.3528 99.5742 59.3594 59.3446 49.5641 81.5368 80.2426 78.1202 65.5116 66.0104 160.055 61.4364 58.0921 54.8586
threshold=24.868115207552915 264.50000000000006 84.736579895019545 81.848965866762242 21.72253132462502 50.50536256878646 206.50000000000003 2.5000000000000004 39.347889728844173 0.39705882966518408 7.5000000000000009 245.50000000000003 63.239574884401854 160.38235473632815 111.36764526367189 9.0522675820548493 257.50000000000006 18.857255220413212 22.111307367682461 40.001929172009973 1.5000000000000002 184.91612243652347 166.70588684082034 175.50000000000003 45.671569824218757 6.5000000000000009 227.50000000000003 3.5000000000000004 172.37634277343753 -23.467296767234799
decision_type=2 2 2 2 8 2 2 8 2 2 10 2 2 2 2 2 2 2 2 2 8 2 2 2 2 10 2 8 2 10
left_child=1 4 3 10 5 6 8 9 -1 -8 11 20 13 14 -13 16 17 -15 -19 -17 -2 22 24 -24 -22 -26 -27 -23 29 -25
right_child=2 -3 -4 -5 -6 -7 7 -9 -10 -11 -12 12 -14 15 -16 19 -18 18 -20 -21 21 27 23 28 25 26 -28 -29 -30 -31
leaf_value=-0.025626981723989275 -0.0029020383066684385 0.0073075620700219519 0.014743525469594712 -0.0071593492790311443 0.00057053739395866439 -0.02094821888353561 -0.023254245044967665 -0.011007441226895821 0.0019691407508559233 0.022148104542733995 -0.0089899425138703949 -0.020160268247900081 0.014700359565563434 0.026486550175312651 0.013005687808965317 -0.012336084166689755 0.0070837357120546122 0.25404473151132306 0.049203057429900512 0.010697999018928893 0.0084342364563258186 0.010057174576862863 -0.0048064157589288239 0.062696016746865382 -0.00032618644149338944 0.068720507480730747 -0.02956741323163662 -0.014251999731084236 0.0028827820326748498 0.025445780348363825
leaf_weight=830.7504929988645 2170.7973952689208 1120.589024413377 1221.2204682826996 2745.7616172977723 1619.8097594990395 1616.9805074068718 102.77521496172994 1571.1932028345764 359.20246072951704 546.66275566257536 1031.1417729831301 1198.145257782191 690.02167605794966 22.659937288612127 297.58780526183546 650.97004171926528 68.730641438625753 10.460403754375877 5.9440306294709435 488.66053348500282 6315.2857561726123 369.48046443518251 292.59918202413246 115.3875713404268 4814.1343665532768 106.67977709788829 66.573626089841127 870.80869257403538 241.17403455683962 685.9392346763052
leaf_count=73134 33982 33672 7132 35815 53358 141740 4718 94634 23627 18504 20690 20104 9373 792 4809 23599 2572 394 183 13084 36820 15561 13324 6067 32562 620 693 51631 9660 21080
internal_value=-0.00019505 -0.00681794 0.00190669 0.00123209 -0.0091999 -0.0123473 -0.00826458 -0.00341611 -0.0173021 0.0149384 0.0023556 0.00295653 -0.00249378 -0.00682263 -0.0135574 0.00125708 0.0402017 0.096839 0.186913 -0.00245861 0.00412255 0.00522146 0.00642214 0.0180104 0.00505183 0.000768024 0.0309999 -0.00700806 0.0244129 0.0308811
internal_weight=32248.1 7767.96 24480.2 23258.9 6647.37 5027.56 3410.58 2220.63 1189.95 649.438 20513.2 19482 3433.18 2743.16 1495.73 1247.43 107.795 39.0644 16.4044 1139.63 16048.9 13878.1 12637.8 1335.1 11302.7 4987.39 173.253 1240.29 1042.5 801.327
internal_count=803934 443387 360547 353415 409715 356357 214617 117856 96761 23222 317600 296910 74910 65537 24913 40624 3941 1369 577 36683 222000 188018 120826 50131 70695 33875 1313 67192 36807 27147
is_linear=0
shrinkage=0.05


Tree=72
num_leaves=31
num_cat=0
split_feature=15 22 14 21 22 14 14 14 14 23 11 21 14 5 11 14 5 14 22 14 21 21 23 14 13 17 25 14 16 22
split_gain=168.708 135.722 112.41 98.6044 192.334 111.66 142.039 142.925 136.208 98.419 96.1375 91.796 91.0285 84.6363 115.733 210.973 110.677 81.2963 133.896 79.9504 105.29 87.8514 90.5332 79.6003 79.0967 78.2474 104.446 78.0639 77.8288 76.0691
threshold=3.7877115011215214 -0.16078418999999997 240.50000000000003 0.40264956500000004 0.45747834000000004 204.50000000000003 182.50000000000003 157.50000000000003 193.50000000000003 1.9593707000000002 108.20369620633893 2.1251499500000004 168.50000000000003 8.5000000000000018 51.28246849409706 246.50000000000003 16.500000000000004 190.50000000000003 -0.83829995999999996 191.50000000000003 0.59002947500000003 1.2578024500000002 1.7358680000000002 237.50000000000003 55.489097862259349 172.66364288330081 36.871822619438184 173.50000000000003 0.36764706671237951 -1.3993544999999998
decision_type=2 2 2 2 2 2 2 2 2 2 2 2 2 2 2 2 2 2 2 2 2 2 2 2 2 2 2 2 2 2
left_child=1 19 12 10 13 6 7 -6 -8 -10 24 -7 -3 -5 15 16 -15 27 23 21 -21 -1 -23 -19 25 26 -2 -16 -17 -26
right_child=3 2 -4 4 5 11 8 -9 9 -11 -12 -13 -14 14 17 28 -18 18 -20 20 -22 22 -24 -25 29 -27 -28 -29 -30 -31
leaf_value=-0.016472941006825573 -0.017834839759451573 0.001904941442974294 -0.0028369941123692864 -0.0010975006635102547 0.047213999475032284 -0.016883418555405066 0.068300764942016048 -0.026536450613103738 0.023519068721414446 -0.040685874515668984 -0.029081008319014709 0.053087297378570354 -0.030148639000455443 0.013512716835866226 -0.0013826760911406374 -0.036471090089698843 0.044580547682334007 -0.061366439874047475 0.008346301688849431 0.0085234947957790845 -0.01809621308294777 0.046234527365181029 -0.049267046314857801 -0.0093877965709411627 0.021639215751118591 0.0018923795613795908 -0.0022017882825537977 0.04084837492053648 0.0076767794174336492 0.0018924427737058817
leaf_weight=1126.2589431256056 1720.4855013340712 266.28663422726095 930.89137402689084 1329.1102804779075 79.377750239335001 1461.6327385264449 136.26763847842813 359.52078910497949 269.75614551641047 75.601091269403696 292.86641051713377 47.472572131082416 1312.4319509877823 430.40240010619164 166.46032942645252 124.85951868258417 864.31846435833722 101.85996914003044 2511.813060537912 2021.1142431297339 454.09010375244543 110.84537272853777 31.005610483698547 261.09807948768139 517.82344210147858 3408.5333144282922 2817.2915298398584 318.02639548573643 481.72777481097728 8136.7242157440633
leaf_count=86118 47487 21908 43198 33692 1229 28055 1482 3730 3279 953 3348 710 127470 5854 994 1264 5255 879 25951 93004 22447 3323 2255 3118 3051 146991 24400 2609 11397 47472
internal_value=-0.000257608 -0.00762844 -0.0166226 0.00152123 0.00574211 -0.00628073 0.0074386 -0.0131212 0.0261628 0.00938727 -0.000732441 -0.0146486 -0.0247443 0.0101752 0.013023 0.0228782 0.0342711 0.00743996 0.00424235 -0.00159573 0.00363462 -0.0117996 0.0251612 -0.0241035 -0.000230604 -0.00383219 -0.00813164 0.0263656 -0.00145566 0.00307631
internal_weight=32166 6252.92 2509.61 25913 9019.3 2429.63 920.523 438.899 481.625 345.357 16893.7 1509.11 1578.72 6589.68 5260.57 1901.31 1294.72 3359.26 2874.77 3743.31 2475.2 1268.11 141.851 362.958 16600.9 7946.31 4537.78 484.487 606.587 8654.55
internal_count=802923 399723 192576 403200 130451 39438 10673 4959 5714 4232 272749 28765 149378 91013 57321 23770 11109 33551 29948 207147 115451 91696 5578 3997 269401 218878 71887 3603 12661 50523
is_linear=0
shrinkage=0.05


Tree=73
num_leaves=31
num_cat=0
split_feature=15 21 14 17 14 14 14 23 10 21 21 20 14 19 17 13 21 5 21 21 21 14 23 23 14 14 21 23 1 14
split_gain=150.927 104.736 112.27 90.0089 83.557 76.9773 170.195 121.455 86.5026 82.292 85.2675 73.3168 112.125 145.986 99.3405 87.7881 72.7208 72.3868 69.5326 67.186 60.9578 82.1527 96.6036 95.5216 66.3694 58.824 94.9829 70.1789 57.2361 56.7504
threshold=3.4690937995910649 -0.16974469999999997 244.50000000000003 184.91612243652347 221.50000000000003 182.50000000000003 197.50000000000003 1.7272303000000002 -20.506893110275264 1.0523938500000003 -0.087392471699999988 -2.9402847290039058 182.50000000000003 0.39705882966518408 155.79412078857425 -0.31646641306925088 -0.55150461499999992 15.500000000000002 1.9023737000000003 0.57696247500000009 -0.52824032499999984 173.50000000000003 1.3134066000000002 1.7520907000000003 187.50000000000003 259.50000000000006 1.3891004000000002 1.9593707000000002 202.3749980926514 163.50000000000003
decision_type=2 2 2 2 2 2 2 2 10 2 2 2 2 2 2 2 2 2 2 2 2 2 2 2 2 2 2 2 2 2
left_child=4 11 3 5 20 7 17 9 -8 10 -3 -2 15 14 -14 -13 -16 -7 28 -6 24 22 -22 -24 -1 -4 -27 -28 -9 -12
right_child=1 2 25 -5 19 6 8 18 -10 -11 29 12 13 -15 16 -17 -18 -19 -20 -21 21 -23 23 -25 -26 26 27 -29 -30 -31
leaf_value=-0.013947571579875896 -0.02155449578958267 0.026896957580484146 -0.0093665600893601125 -0.0097651661248729232 0.0034326673353398682 -0.00084335066692574909 0.038263112709459368 -0.040417366890883585 0.0056849011782486442 0.023018089190493432 0.008066633455159046 -0.011994564304896753 0.00041694551900456833 0.0083090515040219123 -0.017640878437650373 0.010684543634893195 -0.0038195985691249733 0.030155350287005167 0.025054984731976065 -0.014633056879981746 -0.022468277413732304 -0.027721153387979258 0.032572509324513041 -0.038530928804494734 0.012023159082342626 -0.0037989591062385325 0.032696295785974015 -0.013014661821460377 0.031700314678825336 -0.009844494858006805
leaf_weight=657.33119684224948 463.97770845331252 270.48017974989489 1936.411090712063 774.5803439989686 1947.2576993834227 220.53392453910783 210.22640701523051 299.31387597881258 5797.2844546735287 510.42592726787552 709.83028213400394 511.85906021902338 2312.2314705085009 1782.3189716641791 2582.7124060322531 2542.2226245673373 1507.7564207804389 1286.4103371845558 58.294516801834106 698.40593753103167 348.44198914524168 1103.5272737606429 215.55259179649875 59.506052374374121 391.8402334661223 1289.7826324077323 367.96910193189979 108.10309139359742 29.553487069904804 1169.6431075385772
leaf_count=53839 22705 3010 42887 42627 88967 7625 6573 3255 58966 4793 7737 14350 14157 69007 46675 15897 22901 7885 551 34115 29506 105911 11078 4283 31088 36124 4920 1804 167 11389
internal_value=-9.36969e-05 0.0014486 0.00420883 0.00667749 -0.00769953 0.00788415 0.0106022 0.00118087 0.00683112 0.00499127 0.000702762 -0.00209844 -0.0012934 -0.00434395 -0.00786691 0.00688088 -0.0125485 0.0256213 -0.0249476 -0.00134007 -0.0137573 -0.0195297 -0.00501049 0.0171062 -0.00424592 -0.00335016 0.00324891 0.0223111 -0.0338601 -0.00307922
internal_weight=32163.8 26741.9 15038.8 11336.6 5421.86 10562 7514.46 3047.54 6007.51 2660.38 2149.95 11703.1 11239.1 8185.02 6402.7 3054.08 4090.47 1506.94 387.162 2645.66 2776.2 1727.03 623.501 275.059 1049.17 3702.27 1765.85 476.072 328.867 1879.47
internal_count=804792 446005 240313 154578 358787 111951 81049 30902 65539 26929 22136 205692 182987 152740 83733 30247 69576 15510 3973 123082 235705 150778 44867 15361 84927 85735 42848 6724 3422 19126
is_linear=0
shrinkage=0.05


Tree=74
num_leaves=31
num_cat=0
split_feature=0 25 14 3 18 11 12 12 21 18 21 12 3 21 11 11 25 13 12 12 21 20 11 4 18 15 13 20 12 13
split_gain=163.54 113.507 111.673 72.108 70.733 65.2645 76.7741 74.4455 67.9872 63.3659 65.1987 65.8246 67.0489 67.4362 103.828 62.9747 60.6221 59.2123 75.3408 55.89 66.7521 63.4593 82.5531 73.1325 55.8881 52.9061 51.123 46.3846 45.2071 49.6525
threshold=25.072136878967289 23.469580107927328 242.50000000000003 2.0965727865695958 154.75000000000003 81.848965866762242 7.2461300309597538 0.69195046439628494 0.53773349500000012 171.18182373046878 -0.89375877499999989 2.339009287925697 94.953062385320678 1.0006730000000001 66.271986887747019 49.474657544628514 22.441518396139148 46.829663238208454 5.0882352941176476 2.3235294117647065 -1.2226113499999998 81.246215820312514 51.88454376086132 15.399999916553499 163.00000000000003 43.951930999755866 511.15411284659353 82.209007263183608 0.84365325077399389 -25.814226786199459
decision_type=2 2 2 2 2 2 2 2 2 2 2 2 2 2 2 2 2 2 2 2 2 2 2 2 2 2 2 2 2 2
left_child=1 2 17 16 -3 19 7 8 -7 -5 15 12 13 28 -15 -11 27 -1 -19 20 -6 22 -21 -23 -10 -2 -27 -4 29 -12
right_child=25 4 3 9 5 6 -8 -9 24 10 11 -13 -14 14 -16 -17 -18 18 -20 21 -22 23 -24 -25 -26 26 -28 -29 -30 -31
leaf_value=-0.015731268776056167 0.0039078770400578179 0.010394923071251321 0.015467311537534098 -0.0153852103550427 -0.013865388932887463 -0.032424580522044791 0.066642114882140779 -0.020514981349868153 0.060946399702362763 0.041435303669817923 0.15060179325597048 -0.01104542193931826 -0.0081259421805744986 0.096832662830538235 -0.0081945592175563988 -0.03616200806655695 -0.01603632451291051 -0.0085485359171712429 0.068216569205026958 0.0019554511948733778 0.0060833194970711857 0.070670704203342413 -0.010163308648663348 -0.012708205457425022 -0.0030024707649615088 0.010163459794605109 0.03550192359174683 0.092146116404675682 -0.00032542124918992542 0.015659625428252503
leaf_weight=3160.206805543974 7924.0584610495716 1421.2673753537238 33.346460241824389 593.1558827124536 464.02114272024482 56.222539016511291 28.786255687009543 940.83996164612472 75.553549822419882 175.91887907497585 10.141869933344426 641.700573512353 211.96238907240331 67.828384980559349 35.533401980996132 29.886319450102746 35.429501042701304 94.928758117370307 47.045811120420694 6465.1495358543471 4273.0992051628418 25.74678716249764 1794.466597571969 1638.8631577091292 61.542644278611988 1320.2116082459688 233.80196864902973 49.006473771296442 153.95113128237426 18.253958558663726
leaf_count=246634 54683 8760 1505 26612 12521 1281 743 32541 493 5796 419 31513 5672 1528 1186 800 1468 2436 516 163030 83109 748 53325 48669 2008 6463 1459 1838 5633 526
internal_value=5.06295e-05 -0.00226101 -0.00861675 0.000531147 -0.000285861 -0.00124576 -0.0126418 -0.014711 0.0134957 -0.00178532 0.00421853 -0.000469047 0.013163 0.0289302 0.0609942 0.0300465 0.038347 -0.0143111 0.0171882 -0.000341019 0.00412674 -0.00247381 -0.000678356 -0.0113769 0.0324258 0.00556322 0.013996 0.0616553 0.0105214 0.0673393
internal_weight=32081.9 22603.9 5358.3 2056.12 17245.6 15824.3 1162.94 1134.16 193.319 1938.33 1345.18 1139.37 497.671 285.709 103.362 205.805 117.782 3302.18 141.975 14661.3 4737.12 9924.23 8259.62 1664.61 137.096 9478.07 1554.01 82.3529 182.347 28.3958
internal_count=803915 741310 334082 84496 407228 398468 37066 36323 3782 79685 53073 46477 14964 9292 2714 6596 4811 249586 2952 361402 95630 265772 216355 49417 2501 62605 7922 3343 6578 945
is_linear=0
shrinkage=0.05


Tree=75
num_leaves=31
num_cat=0
split_feature=15 22 14 4 21 14 21 21 23 14 14 22 19 4 21 24 21 25 21 14 22 22 22 13 4 22 21 14 25 2
split_gain=122.649 94.6295 126.292 80.9711 72.7787 66.589 92.6673 80.2409 73.3217 66.5347 63.317 81.6344 74.1372 97.6594 74.9711 108.554 78.3255 69.1356 68.783 94.7276 68.3165 65.4052 61.8995 61.5183 59.6718 46.2553 63.3207 57.2719 45.7733 55.5115
threshold=3.4438613653182988 -0.16078418999999997 239.50000000000003 1299.6740894317629 0.39547174000000002 191.50000000000003 0.59002947500000003 1.2578024500000002 1.7358680000000002 168.50000000000003 197.50000000000003 2.1169150000000005 0.16176471114158633 243.7102416083217 -0.57886999499999992 6.5000000000000009 -0.21211291499999999 30.28137938678265 -0.97553550999999994 164.50000000000003 0.20379827500000003 -1.6132802499999999 0.89314475500000012 -8.5235982531964201 39.58073244988919 0.36488128000000003 0.25288889000000009 228.50000000000003 21.227954888343817 12.071787297725679
decision_type=2 2 2 2 2 2 2 2 2 2 2 2 2 2 2 10 2 2 2 2 2 2 2 2 2 2 2 2 2 2
left_child=1 5 9 10 25 7 -7 -1 24 22 18 12 13 -12 -15 21 -17 20 19 -2 -14 -16 -3 -23 -9 -5 27 -27 -26 -30
right_child=3 2 -4 4 -6 6 -8 8 -10 -11 11 -13 17 14 15 16 -18 -19 -20 -21 -22 23 -24 -25 28 26 -28 -29 29 -31
leaf_value=-0.016824119383834827 -0.02582452392244089 -0.016822167926219961 0.00040584664223651448 -0.000826793272889289 0.020527278296824377 0.0081500860860093151 -0.019534161454661372 -0.029036713963218164 -0.048945081211707778 -0.030148026617878493 -0.025135207101706986 0.085912285838038713 0.0041882456615587281 -0.014091804030175249 0.032212592224649082 0.083234488371490084 -0.0095378400583188243 0.029421195750669062 0.0052302140319007741 0.00050647059134056426 -0.007775606363794374 0.015371517335741852 0.041142683112537569 -0.0046394097184644847 -0.010913458464390506 0.028870969899430023 -0.022353152914329263 -0.026017633732392815 0.11820442270879411 0.027146295408806226
leaf_weight=981.55656211310998 433.35916187101975 159.49741328740492 770.17105895653367 1578.7900426033884 899.86965223588049 1717.9437304851599 365.79085076320916 22.62674586288631 26.673757973127067 1094.1438930900767 588.71233259653673 25.233917894773185 4161.3462597620673 1465.4764339653775 132.76639133505523 63.18091123457998 34.952320120297372 217.25869642104954 7636.4922662926838 1598.8073854194954 1671.7688612220809 413.67974450066686 63.593329939525574 5206.6476882891729 17.401291281916201 432.94220651686192 91.147683352231979 52.58826725371182 38.613547910470515 30.290987177751958
leaf_count=79308 11800 14226 36789 8134 4684 80426 19326 1037 2125 114676 13500 450 140766 16158 832 571 304 5821 103546 21426 76972 4245 4940 36957 572 2020 417 392 677 840
internal_value=-0.000444029 -0.00740009 -0.0156798 0.000933681 0.00859216 -0.00199741 0.00328319 -0.0118409 0.024088 -0.0250781 -5.60506e-05 -0.00220744 -0.00237292 -0.00556078 -0.00398258 -0.00144869 0.0504287 0.00179258 0.0030548 -0.00511855 0.000758665 -0.00234219 -0.000189082 -0.00316405 0.0422538 0.00360225 0.0157082 0.0228847 0.0610625 0.0791355
internal_weight=31993.3 5288.3 2087.41 26705 3055.34 3200.9 2083.73 1117.16 135.606 1317.23 23649.7 13981 13955.8 7905.42 7316.7 5851.23 98.1332 6050.37 9668.66 2032.17 5833.12 5753.09 223.091 5620.33 108.933 2155.47 576.678 485.53 86.3058 68.9045
internal_count=803937 354942 170631 448995 15647 184311 99752 84559 5251 133842 433348 296576 296126 72567 59067 42909 875 223559 136772 33226 217738 42034 19166 41202 3126 10963 2829 2412 2089 1517
is_linear=0
shrinkage=0.05


Tree=76
num_leaves=31
num_cat=0
split_feature=25 14 13 22 4 22 5 21 22 11 22 14 14 14 23 14 20 20 11 11 21 21 21 23 23 11 20 21 23 14
split_gain=120.504 79.8233 120.251 94.0053 70.1706 97.1781 88.2784 81.1951 88.1389 74.5338 91.5364 112.963 70.5896 87.1037 78.6979 70.4004 61.0933 113.252 83.8297 92.5556 117.054 100.803 80.5378 87.5276 74.777 80.5092 73.2205 80.697 77.9093 87.4743
threshold=23.469580107927328 241.50000000000003 46.829663238208454 0.030713726750000003 981.58256387710583 1.0000000180025095e-35 24.500000000000004 0.39547174000000002 0.9894630900000001 108.20369620633893 0.34739525500000007 229.50000000000003 263.50000000000006 163.50000000000003 1.6003815000000003 185.50000000000003 63.469665527343757 13.492424011230471 48.929337142444808 25.230167303280474 0.77417108500000009 0.90184903000000005 1.0670309000000002 1.7646245500000002 1.4349610000000002 32.109559930549601 -1.9687194824218748 -0.28301581999999997 1.1941400000000002 164.50000000000003
decision_type=2 2 2 2 2 2 2 2 2 2 2 2 2 2 2 2 2 2 2 2 2 2 2 2 2 2 2 2 2 2
left_child=1 2 3 -1 5 6 16 9 -9 10 15 -12 13 14 -7 -6 17 18 19 -2 26 -22 -23 24 25 -24 -21 28 29 -28
right_child=4 -3 -4 -5 7 12 -8 8 -10 -11 11 -13 -14 -15 -16 -17 -18 -19 -20 20 21 22 23 -25 -26 -27 27 -29 -30 -31
leaf_value=-0.0086443533142118844 -0.0075605834126297638 0.00043864333380424749 0.021632207670697512 -0.027395572701810134 0.019912929561782509 0.017217706044559505 -0.0059556540313580094 0.01942230617347529 -0.012929715769347495 -0.032439142120692328 0.021659189446933572 -0.029719790269951057 0.009438422383317548 -0.0084477510737743008 -0.021271227064363737 -0.0038625304989393337 -0.0016921677322727991 0.012384172119685882 -0.015499690950921711 -0.018423104803845208 0.12369214816838861 -0.044926196577702499 -0.037176932693469354 -0.015674872550685399 0.085217501989698463 0.051757226903660573 0.085034099378950317 -0.0051382256354020727 0.0098630468619724104 0.01432435539877952
leaf_weight=2256.3994653574191 1009.5719735054299 2292.5073366477154 251.61991899833083 949.70522095542401 352.09095986932516 630.86889503896236 2501.7099562259391 1521.7108769845217 243.58968878723681 148.94176720455289 958.39899812266231 119.52824012748897 788.37259184848517 5944.7320219120011 167.24403269123286 2633.3139986824244 2847.2692898288369 4147.9702942306176 694.13633914338425 268.125884688925 30.134343602694571 32.099030368961394 35.044236551970243 59.701975858770311 95.984129895456135 86.551674354821444 91.877113170921803 403.24608447402716 306.00453856121749 83.58366818074137
leaf_count=151461 22547 90846 4083 97076 1663 10116 17526 7989 1196 732 4516 1084 20068 142103 4415 14183 66564 87900 23853 15445 439 513 503 1031 942 1282 552 5171 5666 2756
internal_value=-0.000242573 -0.00679648 -0.0115922 -0.0142056 0.00119595 -0.000210856 0.00245883 0.0059549 0.0149533 0.00218113 0.00345781 0.0159397 -0.00471004 -0.00636543 0.00913585 -0.00105279 0.00452476 0.00693496 -0.000138908 0.00412729 0.0120339 0.0377919 0.0290535 0.0377483 0.0524118 0.026032 0.00442184 0.0113584 0.0251569 0.0516224
internal_weight=31952 5750.23 3457.72 3206.1 26201.8 20224.2 12693 5977.57 1765.3 4212.27 4063.33 1077.93 7531.22 6742.84 798.113 2985.4 10191.3 7344.03 3196.06 2501.92 1492.35 339.515 309.381 277.282 217.58 121.596 1152.84 884.711 481.465 175.461
internal_count=804221 343466 252620 248537 460755 429392 252690 31363 9185 22178 21446 5600 176702 156634 14531 15846 235164 168600 80700 56847 34300 4710 4271 3758 2727 1785 29590 14145 8974 3308
is_linear=0
shrinkage=0.05


Tree=77
num_leaves=31
num_cat=0
split_feature=15 21 21 4 22 12 14 14 11 14 23 5 14 11 22 22 11 12 21 14 22 12 11 5 11 23 23 12 21 21
split_gain=141.396 108.099 91.4315 89.4479 95.2243 120.823 104.9 122.749 96.4891 124.391 104.526 100.885 106.656 100.789 93.8978 92.257 89.1056 88.6896 159.017 88.3076 87.7661 83.5514 80.0135 79.545 105.62 88.9458 108.246 107.642 76.2866 74.9579
threshold=3.7316577434539799 -0.17945643499999997 -0.65693205499999985 1299.6740894317629 0.20379827500000003 3.187306501547988 182.50000000000003 198.50000000000003 21.205184842975978 218.50000000000003 1.4070335000000003 28.500000000000004 214.50000000000003 29.290478826860898 2.1169150000000005 -0.25361239999999996 41.215527243203375 1.7647058823529413 0.66002536000000012 252.50000000000003 0.11266563500000001 1.6640866873065019 67.867619931397982 11.500000000000002 94.320466111330532 1.7358680000000002 1.4978700500000002 2.339009287925697 0.64024144500000013 1.9023737000000003
decision_type=2 2 2 2 2 2 2 2 2 2 2 2 2 2 2 2 2 2 2 2 2 2 2 2 2 2 2 2 2 2
left_child=2 -2 -1 4 8 16 -7 -8 -3 11 -11 12 23 19 -9 28 29 -14 -19 -12 -15 22 -4 25 -25 26 27 -10 -13 -6
right_child=1 3 21 -5 5 6 7 14 9 10 13 15 17 20 -16 -17 -18 18 -20 -21 -22 -23 -24 24 -26 -27 -28 -29 -30 -31
leaf_value=0.0023460756884038656 -0.0020129683861213423 -0.012092231518544076 0.012736903424976093 0.01555972103779224 0.022587451516684062 -0.029500839647176692 0.035737633479567987 -0.010609299596347668 0.021789401093034389 -0.0043006727976445209 0.12934162253189441 -0.0062389793614474557 0.008919604537796718 0.0042554223280981554 0.088222752336544918 0.020893146523484563 0.0013720615941633159 0.027507621642817129 0.13564458435788551 0.022551710850441942 0.047606991975368856 -0.015220591177904903 -0.015202986466102589 0.025554160366227471 -0.0064683258662458264 -0.031296224370141228 0.047034144193291952 -0.010278557160876986 -0.058353988529386037 0.11471286172733566
leaf_weight=1862.5434839152731 11140.525482394267 658.66585517954081 615.31874533323571 1628.2922415938228 310.85492548160255 563.84346964815632 168.51926319254562 1533.2289186362177 463.94841122580692 2606.0249750958756 32.88036719802767 210.74849686585367 81.942141888663173 920.37571801617742 23.423673919402063 182.91647958662361 2018.7732329368591 79.103596733883023 59.503402355127037 46.40094830468297 132.7568343738094 3038.7572187618352 437.60317306546494 1729.6753704692237 302.09079875424504 147.81047668773681 166.1720140199177 597.64993405155838 104.52068375423551 22.878655070438981
leaf_count=112701 187371 14803 26624 8231 5684 6277 2084 37952 8394 51819 572 975 1114 14106 343 892 28254 1505 863 1059 1231 229513 24784 14070 2795 2365 2557 14268 483 320
internal_value=0.000111375 0.00170678 -0.00683652 0.00450805 0.00314003 -0.00262208 -0.010798 -0.0046717 0.00627788 0.00781775 0.00121081 0.0138022 0.016699 0.013887 -0.00906644 -0.00728397 0.00533436 0.0503285 0.0745695 0.0679002 0.00976026 -0.011016 0.00112144 0.0145081 0.0207921 0.0052182 0.00963604 0.00374336 -0.0236465 0.0292268
internal_weight=31887.7 25933.5 5954.22 14793 13164.7 4641.52 2289.02 1725.17 8523.19 7864.52 3738.44 4126.08 3627.9 1132.41 1556.65 498.186 2352.51 220.549 138.607 79.2813 1053.13 4091.68 1052.92 3407.35 2031.77 1375.58 1227.77 1061.6 315.269 333.734
internal_count=804009 410387 393622 223016 214785 80914 46656 40379 133871 119068 68787 50281 47931 16968 38295 2350 34258 3482 2368 1631 15337 280921 51408 44449 16865 27584 25219 22662 1458 6004
is_linear=0
shrinkage=0.05


Tree=78
num_leaves=31
num_cat=0
split_feature=4 22 17 14 20 21 14 23 23 4 22 17 23 19 5 20 23 21 3 22 17 17 23 14 14 21 11 5 11 23
split_gain=114.664 106.286 97.4625 203.526 78.5063 131.195 104.654 115.261 90.7738 110.563 125.9 98.7637 88.7109 92.4077 75.4138 83.0319 82.4301 70.783 73.877 69.8887 68.2326 134.956 68.2505 64.8521 88.6023 197.712 110.294 173.818 107.541 146.363
threshold=1159.3404649794104 0.030713726750000003 185.42411041259768 240.50000000000003 -3.4393386840820308 0.14982857000000002 156.50000000000003 1.4116550000000003 1.7358680000000002 44.559207424521453 -0.83013656999999996 186.32193756103518 1.7520907000000003 0.48529411852359777 26.500000000000004 60.095260620117195 1.3355400000000002 0.39547174000000002 458.48491396009928 -1.0613109499999998 172.91567230224612 156.6470642089844 0.26362890000000005 203.50000000000003 185.50000000000003 -0.19994983999999996 68.884798549692349 14.500000000000002 34.302798560656178 2.0888086500000003
decision_type=2 2 2 2 2 2 2 2 2 2 2 2 2 2 2 2 2 2 2 2 2 2 2 2 2 2 2 2 2 2
left_child=1 4 23 -4 5 -1 12 -8 9 -9 11 -11 13 -7 15 -6 -16 -2 -19 -15 21 -17 -22 24 28 -26 27 -27 29 -3
right_child=17 2 3 -5 14 6 7 8 -10 10 -12 -13 -14 19 16 20 -18 18 -20 -21 22 -23 -24 -25 25 26 -28 -29 -30 -31
leaf_value=-0.023348259132326799 0.0036311152513901325 0.018830033594361459 -0.030058615558913388 0.00051298358018001878 0.0065257219944676384 0.021096717624484149 -0.037297065713545352 -0.012885780091680787 -0.041420832510797742 -0.0050950353022244637 0.02783378802025312 0.20238099969846957 -0.044240974086772744 0.22938953320132557 -0.011472687169122177 0.0062665948513820555 0.009880302354131008 0.043648220602835346 0.01206315398442123 0.081962008252948693 0.036564982748633318 -0.019543396211875907 0.0015753115683132752 -0.0067872256270865468 -0.014324186484529417 -0.015638082379336411 0.012764726340752345 0.07309271763103839 -0.010946105654097897 -0.040917640500489655
leaf_weight=778.34215471195057 2993.4874187409878 770.77230587648228 1070.5346423094161 1106.5873019243591 8881.8399507990107 57.617919756099582 148.23121702717617 54.390327223576605 41.804967388045043 7.3647816292941597 49.255143271293491 24.187106061726809 21.267239401116967 9.6729785930365306 1775.7413360178471 886.01248696818948 605.30930092465132 225.56209561228752 1021.0255271773785 43.555725337937474 144.99092242214829 1180.1374174333178 3075.5689200740308 4144.1178979342803 394.64268266083673 71.655830866657197 413.0814773561433 234.76884476514533 1535.1602234416641 117.24350927537307
leaf_count=53766 15413 13017 112269 46368 234956 1425 11167 3104 3349 237 988 795 692 309 11288 7661 4080 1168 5378 1764 5273 29190 99782 97120 8002 3245 6197 1583 22006 2780
internal_value=0.000147428 -0.00102697 -0.00519091 -0.0145266 0.0012813 -0.0108707 0.0103689 -0.00490167 0.0222851 0.0421434 0.0788876 0.155284 0.047716 0.0655969 0.00218924 0.00357293 -0.00604247 0.00780255 0.0178087 0.112489 -0.00138816 -0.0084778 0.00316142 -0.00254338 0.00242896 0.0140924 0.0296769 0.0523601 -0.00293738 0.0109045
internal_weight=31883.9 27643.9 9858.56 2177.12 17785.3 1235.69 457.347 325.234 177.002 135.197 80.807 31.5519 132.114 110.847 16549.6 14168.5 2381.05 4240.08 1246.59 53.2287 5286.71 2066.15 3220.56 7681.44 3537.32 1114.15 719.506 306.425 2423.18 888.016
internal_count=804372 782413 312587 158637 469826 77596 23830 19640 8473 5124 2020 1032 4190 3498 392230 376862 15368 21959 6546 2073 141906 36851 105055 153950 56830 19027 11025 4828 37803 15797
is_linear=0
shrinkage=0.05


Tree=79
num_leaves=31
num_cat=0
split_feature=13 20 12 18 11 3 23 18 24 4 19 12 23 20 20 23 12 12 20 23 23 20 18 11 24 23 11 23 23 4
split_gain=103.72 87.0383 82.7434 74.0118 64.8408 82.6001 82.7059 64.0408 58.922 99.2515 83.4729 104.238 77.5197 75.1605 64.3511 109.608 85.4632 62.3695 88.4016 68.3459 89.1631 61.2364 89.6453 79.9835 87.9098 82.0043 76.6615 60.2519 57.992 68.799
threshold=-62.591906146333763 -5.5233306884765616 3.0510835913312699 164.17825317382815 81.848965866762242 326.30965268611914 1.9593707000000002 157.70588684082034 4.5000000000000009 981.58256387710583 0.51470589637756359 9.1253869969040267 1.0829919500000003 43.297058105468757 58.151657104492195 1.4116550000000003 9.1253869969040267 3.8560371517027869 27.889450073242191 1.4978700500000002 1.5362299500000003 7.2383346557617196 173.52419281005862 45.413500027202332 5.5000000000000009 1.7749508000000003 25.230167303280474 1.2471615 0.68788874000000011 1098.4034689739349
decision_type=2 2 2 2 2 2 2 2 8 2 2 2 2 2 2 2 2 2 2 2 2 2 2 2 8 2 2 2 2 2
left_child=3 -2 4 -1 5 6 -3 -7 10 21 11 12 -4 -13 15 -11 -17 -14 19 -19 -21 22 23 24 -10 -26 -27 -12 -6 -30
right_child=1 2 8 -5 28 7 -8 -9 9 14 27 13 17 -15 -16 16 -18 18 -20 20 -22 -23 -24 -25 25 26 -28 -29 29 -31
leaf_value=0.058493342304767597 -0.011975698789503886 0.0043912657533077904 -0.016554073505042271 -0.025762751408442332 -0.019417975932498596 0.0098352063759760029 -0.011937231568271159 0.032630013956704618 -0.035817910702692538 0.017702434854802131 -0.0018825680488595915 -0.044347325079559539 -0.0073745273562161916 -0.0022141243932462182 -0.0047253560601837634 -0.032334600020457654 0.025663892907833059 0.0058040777416276355 -0.00074986209820101103 0.10125594473331688 0.024638534686216136 -0.008049113628260985 -0.025498163241143974 -0.025580960115590703 0.028951461085994591 -0.0060222347301720682 0.13348973666937644 0.022259604694588556 -0.0052188642032622336 0.017667956123190547
leaf_weight=26.479739607777447 1428.0478609148413 8437.7121756579727 498.12260549375787 530.91843044012785 487.73208310734481 1952.667985746637 853.02219103928655 365.30892135389149 41.177183679305017 1225.0916861826554 386.04552553175017 221.87828034441918 814.92002481222153 201.79094475787133 1128.0564261022955 219.25706083327532 88.398497000336647 577.20005795359612 1246.7169794496149 39.761070680804551 587.81928863376379 7269.413985056337 136.26049072435126 73.516415864694864 235.79529172508046 13.04609458753839 38.128227325156331 779.95136340567842 1464.9634842742234 422.13958910107613
leaf_count=793 98960 188777 7502 65292 6471 9627 17761 2296 564 5879 19422 4584 11979 4211 6825 1015 424 9312 18716 418 7845 231137 14803 4170 6901 298 828 32907 21803 2249
internal_value=-0.000303498 7.83538e-05 0.000656265 -0.0216625 0.00345843 0.00499835 0.00289095 0.0134401 -0.0018203 -0.00400233 0.00244578 -0.00084917 0.0017994 -0.024332 0.00433616 0.0110039 -0.0156408 0.00460248 0.00858523 0.0182379 0.0296461 -0.00684435 0.00942138 0.0213014 0.0318505 0.0416509 0.0984896 0.0142717 -0.00406798 -9.25017e-05
internal_weight=31791.3 31233.9 29805.9 557.398 13983.5 11608.7 9290.73 2317.98 15822.3 10468.1 5354.21 4188.21 3764.54 423.669 2660.8 1532.75 307.656 3266.42 2451.5 1204.78 627.58 7807.34 537.924 401.663 328.147 286.97 51.1743 1166 2374.84 1887.1
internal_count=803769 737684 638724 66085 248984 218461 206538 11923 389740 272844 116896 64567 55772 8795 14143 7318 1439 48270 36291 17575 8263 258701 27564 12761 8591 8027 1126 52329 30523 24052
is_linear=0
shrinkage=0.05


Tree=80
num_leaves=31
num_cat=0
split_feature=0 17 13 12 21 3 24 11 17 21 11 4 19 11 21 0 12 6 4 21 21 20 17 21 12 17 12 0 17 24
split_gain=99.5646 83.1987 69.7297 49.2781 77.0455 68.8775 68.2336 95.9008 105.271 64.1935 96.364 94.8295 75.9626 52.3241 67.2935 48.804 48.626 53.8692 47.7532 47.6672 87.5977 58.146 59.6736 50.0051 81.468 51.5022 47.6852 45.2598 52.6323 83.4035
threshold=33.028537750244148 155.279411315918 -63.695709774691615 1.7647058823529413 -0.55150461499999992 104.19091138243677 4.5000000000000009 16.244831388937339 184.16620635986331 0.8261199600000001 67.867619931397982 99.503752443939462 0.57352942228317272 63.239574884401854 -1.8284060999999998 131.87927246093753 0.65944272445820451 47.500000000000007 234.66118459776047 1.2578024500000002 1.2804896500000003 -2.4217987060546871 209.12857055664065 1.7000587500000002 2.9613003095975237 184.67221832275393 2.2801857585139325 11.920547008514406 172.91567230224612 2.5000000000000004
decision_type=2 2 2 2 2 2 8 2 2 2 2 2 2 2 2 2 2 2 2 2 2 2 2 2 2 2 2 2 2 8
left_child=1 -1 16 4 -4 6 7 8 -6 11 -11 -8 -13 19 -15 -2 -3 -18 -14 21 -21 -5 27 -22 25 26 -25 28 -23 -30
right_child=15 2 3 13 5 -7 9 -9 -10 10 -12 12 18 14 -16 -17 17 -19 -20 20 23 22 -24 24 -26 -27 -28 -29 29 -31
leaf_value=0.0051437389060277677 0.0040715199395293805 0.033154045687743244 -0.0091558761008514976 -0.016047222139254917 0.003875708550721127 -0.0020846918146361407 -0.0015407184000932877 -0.0059305736188720228 0.11828066487951867 0.057087384373301978 0.00081409648800666746 0.018598561819907964 0.059715132841357023 0.054882303457609409 -0.012761158716117599 0.025792857062872293 -0.026718929612558485 0.20399306028972042 0.19871697601251703 0.071139809077092206 0.011334232079342019 -0.009685301847115706 0.022416978756995356 -0.015233926174189179 -0.035921127747091899 -0.041207698261994025 0.084286356756554159 0.0022694630836720656 0.008154814347313943 -0.0060076455216203977
leaf_weight=3667.1917241550982 6943.3925637034699 37.266163122374564 1228.6829452826641 879.38877148972824 49.195415462367237 1742.6142393006012 547.26048557832837 716.88204432046041 33.089748864993453 216.61941624665633 117.01093095261604 299.27745315060019 82.44434990407899 36.497031379956752 1967.6977525893599 267.6526164226234 473.8767434200272 1.5560252922587086 5.9767486811615518 50.930705497041345 657.92494007665664 3556.7759023350663 230.47054377943277 17.332103801891208 157.01199363637716 19.157944864127785 36.475051328074187 2808.51890276419 1493.3507507806644 3414.8705275035463
leaf_count=21842 42539 2127 36807 72829 1018 27526 22569 20334 1191 4455 4070 7560 3155 300 57854 1830 60792 181 152 899 18987 72635 11554 331 5876 1222 733 29988 64120 208673
internal_value=-0.000283642 -0.00180113 -0.00302117 -0.00256212 0.00172701 0.00523776 0.0114068 -3.84312e-05 0.0507497 0.0186113 0.0374126 0.0118694 0.030754 -0.00397234 -0.0115026 0.00488122 -0.021215 -0.0255373 0.071228 -0.00283871 0.0080179 -0.00366237 -0.00271433 0.00432122 -0.015704 0.0276982 0.0525363 -0.00323005 -0.00505473 -0.00169786
internal_weight=31756.4 24545.3 20878.2 20365.5 5039.05 3810.37 2067.76 799.167 82.2852 1268.59 333.63 934.959 387.699 15326.4 2004.19 7211.05 512.699 475.433 88.4211 13322.2 938.833 12383.4 11504 887.902 229.977 72.9651 53.8072 11273.5 8465 4908.22
internal_count=804149 759780 737938 674838 128837 92030 64504 22543 2209 41961 8525 33436 10867 546001 58154 44369 63100 60973 3307 487847 28048 459799 386970 27149 8162 2286 1064 375416 345428 272793
is_linear=0
shrinkage=0.05


Tree=81
num_leaves=31
num_cat=0
split_feature=13 15 12 22 12 12 11 22 12 20 17 0 20 9 20 5 12 11 22 22 20 11 12 12 25 12 12 11 12 17
split_gain=104.298 74.4411 63.0236 67.1382 87.3404 76.5728 71.6746 81.314 77.3935 70.2284 68.8465 63.2476 195.448 77.942 73.3557 102.469 65.8139 59.0222 60.4696 60.6859 58.3289 58.0619 57.8899 78.5765 65.0574 55.5877 55.2852 51.2757 49.9965 48.9216
threshold=-62.591906146333763 43.951930999755866 1.7321981424148609 -0.047694848849999992 3.6795665634674926 5.7941176470588251 51.28246849409706 -0.25361239999999996 6.4984520123839014 1.492424011230469 184.48917388916018 1.2803452610969546 8.6715698242187518 17.500000000000004 75.866523742675795 3.5000000000000004 7.7910216718266261 54.902615672167705 1.1680100000000002 0.37528550500000007 25.48380279541016 111.65133048040369 3.3018575851393193 5.3374613003095988 21.042334142327313 0.69195046439628494 5.9272445820433441 23.68438548846142 1.9303405572755421 197.80952453613284
decision_type=2 2 2 2 2 2 2 2 2 2 2 2 2 2 2 2 2 2 2 2 2 2 2 2 2 2 2 2 2 2
left_child=25 2 -2 6 10 20 9 -8 -9 22 21 14 13 -13 -7 -16 17 26 19 -19 -6 -5 -4 24 -24 -1 -14 -12 -23 -11
right_child=1 -3 3 4 5 11 7 8 -10 29 27 12 16 -15 15 -17 -18 18 -20 -21 -22 28 23 -25 -26 -27 -28 -29 -30 -31
leaf_value=0.031720749081644489 0.0034423492966664847 0.0083974943856940203 -0.02088958130805367 0.0050299231750540541 -0.028822341175340868 -0.023428944482567049 -0.0091370631579759127 0.0036221159530540484 0.054484362852393255 0.0031685340265242405 0.026330226659512318 0.1080905249481285 0.022899282041034249 -0.030973660177085079 0.049073638443786739 -0.010054901585604709 0.009789058557449078 -0.010606242459855843 -0.037968138697472426 0.048456819239670594 -0.011274516857405688 0.038657053443904486 -0.033882155996151915 -0.02966431671241436 0.025508729572177022 -0.027055318636006555 -0.023599153769490844 -0.019060279500922723 -0.043243201896640784 0.016479917974503929
leaf_weight=43.013272379059345 7220.5818373048678 2498.8742172122002 530.63769101956859 3011.217472275719 633.65190256247297 660.38002384500578 2937.0865480029024 629.95786933926865 83.895882136188447 7016.7208534912206 68.772112268023193 57.143748598638922 71.299150189850479 11.722196081653236 93.77276277076453 322.04217378981411 742.27170924516395 72.39112339541316 48.063228767365217 106.79967815754935 1877.2250447398983 21.722038068808615 54.119604529812932 130.07453883998096 283.806443430949 486.67159347329289 562.71819868450984 582.21944015240297 106.59274425916374 764.66366843273863
leaf_count=2396 141866 12358 27358 47158 20635 53912 63536 12635 1129 156345 4455 819 1152 1127 3580 16188 10267 657 443 1158 53682 200 4028 11171 15163 63686 8758 38330 991 28885
internal_value=-0.000251647 0.000122204 -0.000598544 -0.00195694 -0.00523278 -0.00940211 0.000428165 -0.00545863 0.00966757 0.00287638 0.000553267 -0.00363375 0.00245091 0.0843148 -0.0130828 0.00336525 -0.00111518 -0.0105133 0.0113136 0.0246695 -0.0157126 0.00362261 -0.00959992 0.003218 0.0159252 -0.0222316 -0.0183423 -0.0142321 -0.0291868 0.00447857
internal_weight=31730.1 31200.4 28701.5 21481 9050 5259.48 12431 3650.94 713.854 8780.02 3790.52 2748.6 1672.41 68.8659 1076.19 415.815 1603.54 861.271 227.254 179.191 2510.88 3139.53 998.638 468.001 337.926 529.685 634.017 650.992 128.315 7781.38
internal_count=804068 737986 725628 583762 263512 172378 320250 77300 13764 242950 91134 98061 24381 1946 73680 19768 22435 12168 2258 1815 74317 48349 57720 30362 19191 66082 9910 42785 1191 185230
is_linear=0
shrinkage=0.05


Tree=82
num_leaves=31
num_cat=0
split_feature=4 21 22 14 12 3 22 14 12 20 5 21 5 9 13 14 15 22 20 21 21 21 12 12 22 21 0 12 22 20
split_gain=94.1883 78.3841 133.627 97.928 131.624 93.3451 71.53 160.693 371.693 87.1013 101.411 79.2769 78.1272 74.1581 74.1694 138.502 96.5838 93.8881 74.0894 76.212 82.0808 70.1014 88.9939 66.3223 89.8445 65.988 64.3811 65.7317 91.3471 92.6312
threshold=545.79983105883014 -0.13247221999999995 -1.3993544999999998 181.50000000000003 5.3777089783281742 199.09831076860431 0.45226171500000006 167.50000000000003 5.7941176470588251 61.02986145019532 19.500000000000004 -0.90578287999999996 25.500000000000004 21.500000000000004 -13.05243415491592 243.50000000000003 3.7316577434539799 1.2982029000000002 -3.4393386840820308 0.53773349500000012 0.54695698500000012 -0.033147301549999994 2.2801857585139325 3.0201238390092882 0.61344966500000009 2.1251499500000004 107.07286071777345 9.3421052631578956 1.1680100000000002 29.864372253417972
decision_type=2 2 2 2 2 2 2 2 2 2 2 2 2 2 2 2 2 2 2 2 2 2 2 2 2 2 2 2 2 2
left_child=6 3 -3 4 -2 -4 12 8 11 10 -9 -8 18 14 15 16 -11 21 19 -1 -21 -18 -23 -5 -25 -16 27 28 -7 -30
right_child=1 2 5 23 -6 26 7 9 -10 13 -12 -13 -14 -15 25 -17 17 -19 -20 20 -22 22 -24 24 -26 -27 -28 -29 29 -31
leaf_value=-0.019080878471727836 -0.002312176452939602 0.045749558646682627 0.024299606746581413 0.0043789573652806574 0.037335834643657383 0.0036629209186425172 -0.034764684137937728 -0.026632457742952444 0.12777173534088482 -0.014053260129452358 0.0038305565341833973 0.0099766903746333763 -0.021805773874462159 0.016147215444964062 -0.022515347698969117 -0.0067011505749336939 0.065023170485842913 -0.038713390167483742 0.00078489660049921306 0.14723138826224166 0.0029189713260638385 0.088347833423440214 0.31343344034054893 -0.012429891158807089 0.0099759062219829456 0.053272163134303933 0.026224216874089979 0.034390310572582398 -0.066680473193813247 -0.0092127036552880123
leaf_weight=962.80089831911027 493.80992891639471 216.33023355714977 611.8966935062781 1570.3908871440217 362.22381335683167 4337.2511405544356 120.72849713498726 1409.1421880424023 63.163485772442073 19.519277593120933 338.55806306889281 529.47483396809548 431.87632596306503 344.35907570365816 692.70242023235187 249.7569592022337 14.490838669240473 7.2636619121767572 14437.658945615403 9.094697311986236 414.15283531555906 9.1247331630438584 9.9719869149848801 2434.040003946051 547.33474691119045 29.03338364046067 298.01646585762501 154.00477225985378 83.112279206514359 424.41803784295917
leaf_count=70832 2285 1224 4586 9203 1737 23144 4982 99503 996 1778 4079 13836 4793 16411 20780 12369 838 494 461136 193 20597 232 530 16886 3654 352 2068 990 385 2199
internal_value=-0.000231225 0.00337025 0.007243 -0.00101666 0.0144886 0.00582569 -0.00229845 -0.00843771 0.0129609 -0.0133268 -0.0207325 0.00162857 -0.000848791 -0.0039139 -0.010618 0.00980984 0.0771131 0.119969 -0.00027547 -0.0113133 0.00635967 0.154412 0.215631 -0.00393521 -0.00831456 -0.0193971 0.00368736 0.00233879 0.00131305 -0.0187361
internal_weight=31625.7 11532.8 6125.03 5407.8 856.034 5908.7 20092.9 3837.29 713.367 3123.92 1747.7 650.203 16255.6 1376.22 1031.86 310.127 60.3705 40.8512 15823.7 1386.05 423.248 33.5876 19.0967 4551.77 2981.37 721.736 5296.8 4998.79 4844.78 507.53
internal_count=803092 68361 34596 33765 4022 33372 734731 177180 19814 157366 103582 18818 557551 53784 37373 16241 3872 2094 552758 91622 20790 1600 762 29743 20540 21132 28786 26718 25728 2584
is_linear=0
shrinkage=0.05


Tree=83
num_leaves=31
num_cat=0
split_feature=4 11 12 21 12 16 4 21 12 21 22 23 11 11 21 20 3 12 12 11 3 11 23 4 23 23 22 20 4 3
split_gain=82.2561 74.9568 99.5779 112.073 102.883 76.842 80.1204 73.1355 68.6401 147.809 97.4332 91.2101 95.4815 126.594 147.619 90.9516 96.3366 87.8199 104.985 74.1528 70.5562 65.8798 64.4477 68.1565 62.58 62.1958 58.0711 56.6193 103.839 92.5376
threshold=1159.3404649794104 81.848965866762242 0.76315789473684215 0.84858900000000015 5.6671826625387007 0.63235294818878185 168.14085231348875 0.39547174000000002 3.0201238390092882 -1.2226113499999998 -0.076082348799999991 1.2767918500000002 26.375174039641063 28.386584936119274 -0.26192292499999997 64.423660278320327 326.30965268611914 4.3854489164086692 7.93498452012384 26.681275045320444 458.48491396009928 15.793902891665141 0.59148773500000007 177.1158391684294 1.2105088500000003 1.3213951500000003 -1.0214239499999997 25.936492919921879 51.474384054541595 16.97103309258819
decision_type=2 2 2 2 2 2 2 2 2 2 2 2 2 2 2 2 2 2 2 2 2 2 2 2 2 2 2 2 2 2
left_child=1 8 3 -3 -4 6 -5 -2 9 -1 11 -10 21 14 -14 19 -17 25 27 -16 -11 -13 -6 -24 -9 -15 -26 29 -29 -19
right_child=7 2 4 5 22 -7 -8 24 10 20 -12 12 13 17 15 16 -18 18 -20 -21 -22 -23 23 -25 26 -27 -28 28 -30 -31
leaf_value=-0.014767772993683087 0.0021805778348197033 -0.012041298731802985 -0.015774427267866084 0.12125454222125039 -0.045558254386496889 -0.0076509742437647181 0.0353861344075031 0.025505273591316019 -0.0032031438704345897 0.0035497135216779156 -0.00763793106536998 0.011593293578988403 0.0093605904139197216 0.048268261882701835 0.24862526564102483 0.0036014940588747994 0.15170990331894105 -0.021945812380702513 -0.048007064173712338 0.10310055158272989 0.022603448668462187 -0.014399689117855047 -0.034685262616599967 0.064273163802315431 0.054575815494134372 -0.0047466783165741617 -0.0039247795926202122 0.12521892109648994 -0.0010286578983907237 0.045752982688455124
leaf_weight=1101.3603380415589 2967.3653648551553 273.60232242709026 2209.6356048104353 32.251942865084857 22.848237975500524 80.51214297907427 158.28530736360699 760.78344158641994 4689.667467746418 9767.9836471257731 5637.7329809786752 404.15039181429893 99.8773023635149 58.626469343900681 12.156539803370832 36.999508143402636 14.642354995012282 56.861042430158705 48.408829141873866 36.12465200945735 510.35556515585631 611.14482864970341 20.896447641775012 88.887276886031032 46.290885724127293 765.55576079012826 411.055349458009 16.530707208905369 229.44560544844717 414.22907756036147
leaf_count=33168 15321 5767 67042 539 862 3207 1185 4062 141884 238672 208221 11814 2814 1539 287 1094 117 5119 1521 558 2637 16956 2340 595 251 21493 2126 589 4096 7788
internal_value=-0.000110306 -0.00110767 -0.00872667 0.0105163 -0.0132038 0.0332469 0.0504781 0.00641729 -0.000210016 0.00263218 -0.00267294 0.00106253 0.00819351 0.0151395 0.0525539 0.0952069 0.0476798 0.0104069 0.0225895 0.144043 0.00449791 -0.00405165 0.0294194 0.0452942 0.0167277 -0.000921648 0.00210259 0.0274157 0.0079284 0.0375525
internal_weight=31584.3 27398.8 2886.92 544.652 2342.27 271.049 190.537 4185.5 24511.9 11379.7 13132.2 7494.42 2804.75 1789.46 199.8 99.9231 51.6419 1589.66 765.475 48.2812 10278.3 1015.3 132.632 109.784 1218.13 824.182 457.346 717.066 245.976 471.09
internal_count=803664 781904 81537 10698 70839 4931 1724 21760 700367 274477 425890 217669 75785 47015 4870 2056 1211 42145 19113 845 241309 28770 3797 2935 6439 23032 2377 17592 4685 12907
is_linear=0
shrinkage=0.05


Tree=84
num_leaves=31
num_cat=0
split_feature=4 11 12 21 11 14 12 11 12 21 21 23 11 4 14 14 24 12 4 23 12 21 11 21 1 21 5 11 14 5
split_gain=94.6116 133.576 90.7424 70.4715 89.0398 87.2217 296.058 108.513 108.144 82.2332 78.7833 102.094 71.1521 67.2393 67.0288 148.934 120.651 148.482 85.313 82.743 97.4234 105.178 87.6559 80.6751 79.9649 77.3077 72.4473 67.9235 66.4584 92.2413
threshold=112.68286483362319 48.929337142444808 0.69195046439628494 -0.17945643499999997 21.205184842975978 181.50000000000003 4.8374613003095979 72.135857951599576 3.535603715170279 -1.9199379999999999 -1.8709155499999999 1.1992014000000002 52.16049636443703 1504.5136097669604 203.50000000000003 182.50000000000003 4.5000000000000009 3.7074303405572762 266.20577678084379 0.57830724000000011 5.6238390092879262 0.20585595000000004 50.50536256878646 0.7158442450000001 0.85029509663581859 -0.087392471699999988 15.500000000000002 108.20369620633893 197.50000000000003 24.500000000000004
decision_type=2 2 2 2 2 2 2 2 2 2 2 2 2 2 2 2 8 2 2 2 2 2 2 2 2 2 2 2 2 2
left_child=1 -1 -3 5 -5 6 7 10 -7 -8 12 -12 -2 14 15 16 18 -18 -6 27 22 -22 26 -23 -16 -19 -21 -17 -24 -30
right_child=3 2 -4 4 13 8 9 -9 -10 -11 11 -13 -14 -15 24 19 17 25 -20 20 21 23 28 -25 -26 -27 -28 -29 29 -31
leaf_value=-0.0010115832938728925 -0.0061468769057875152 0.015470688682183972 -0.018756060640991574 -0.015570194111956398 0.0023844185600145028 0.0018452928621520614 -0.032200757917526517 -0.048708870032107721 -0.010367055703185286 0.03376684744079899 0.012567354180898075 -0.018391426971867894 0.10825080800880256 0.017846313523646858 0.024095803584319831 0.043344155527692392 0.0087719834835810022 0.022729545213216643 0.042719245172323832 -0.0064328468394402594 -0.057136364355537206 0.071223490819136814 0.021583680131491964 -0.022674210028221703 7.8257912579957893e-06 -0.029877767015199577 0.056145283876059639 -0.024589275763747684 0.0195650313862572 -0.024761459868304168
leaf_weight=6852.4120557093993 24.924344204831868 214.53904028516263 1925.5047522922978 555.24123118212447 317.26508261542767 3611.7042574840598 49.400873588398099 143.78758928133175 3638.0126390177757 808.68512186268345 450.79589088819921 647.80896582547575 28.628936988301575 924.35414123907685 360.44031911157072 412.96193548291922 637.61799411382526 77.48612087732181 222.56763863377273 58.468222032301128 95.523609824478626 38.89790531527251 666.91804128978401 52.805380820762366 7368.2621692637913 650.44243464339525 216.90736260078847 39.748425911180675 229.74619193002582 237.87273890897632
leaf_count=309917 294 7123 164062 15330 3317 57834 738 1547 58373 6614 4385 7166 263 4756 16505 4496 6310 611 1225 1399 1030 297 7915 627 109671 4999 1221 606 3871 1188
internal_value=-8.12864e-05 -0.00441787 -0.0153192 0.00164684 0.00400829 -0.00165883 0.00717321 -0.00791019 -0.00428362 0.029936 -0.00278075 -0.00568808 0.055872 0.00487165 0.00384375 0.00913675 -0.000927532 -0.00883815 0.0190623 0.0184876 0.0131243 -0.0206843 0.0176253 0.0174932 0.00113418 -0.0242544 0.0428834 0.0373385 0.0114623 -0.0029881
internal_weight=31559.7 8992.46 2140.04 22567.3 13163.5 9403.75 2154.03 1295.95 7249.72 858.086 1152.16 1098.6 53.5533 12608.3 11683.9 3955.23 1905.38 1365.55 539.833 2049.85 1597.14 187.227 1409.91 91.7033 7728.7 727.929 275.376 452.71 1134.54 467.619
internal_count=803690 481102 171185 322588 185374 137214 21007 13655 116207 7352 12108 11551 557 170044 165288 39112 16462 11920 4542 22650 17548 1954 15594 924 126176 5610 2620 5102 12974 5059
is_linear=0
shrinkage=0.05


Tree=85
num_leaves=31
num_cat=0
split_feature=0 25 13 11 21 12 12 18 21 12 21 11 11 11 24 21 21 13 11 1 12 5 21 12 21 21 3 13 21 21
split_gain=97.7442 79.5237 66.0901 64.4729 57.1126 85.1654 75.0291 72.1504 65.3096 52.9751 105.171 72.2928 82.0471 113.568 88.0842 63.6848 62.8023 71.7174 64.1384 70.9616 59.6989 59.1553 58.6268 70.9403 57.2022 53.0441 52.4284 52.3049 51.6133 77.9019
threshold=56.637285232543952 21.305684790015224 -7.9586593134461365 81.848965866762242 0.39547174000000002 0.69195046439628494 7.4040247678018583 163.00000000000003 -1.8284060999999998 3.535603715170279 -1.2226113499999998 32.109559930549601 26.375174039641063 26.681275045320444 4.5000000000000009 0.14982857000000002 0.31873576500000006 52.400069017920522 8.531781322423706 10.032814383506777 4.7275541795665648 15.500000000000002 -1.5327152499999999 7.1377708978328185 0.26034356500000005 -1.4169934999999998 0.76070943474769603 200.51966753606644 -1.1462150499999997 -1.7869727999999998
decision_type=2 2 2 2 2 2 2 2 2 2 2 2 2 2 8 2 2 2 2 2 2 2 2 2 2 2 2 2 2 2
left_child=1 2 26 9 8 7 -7 -6 -5 10 -3 12 16 15 28 25 17 21 19 -18 -17 -11 23 -16 -23 -14 -1 -4 29 -15
right_child=-2 3 27 4 5 6 -8 -9 -10 11 -12 -13 13 14 22 20 18 -19 -20 -21 -22 24 -24 -25 -26 -27 -28 -29 -30 -31
leaf_value=0.034270216810297904 0.0083615839594561765 -0.011151166138039436 0.00032942526918172964 0.043422489152616095 0.045993036627396032 -0.0090323530407570973 0.076051576657619843 -0.005165767809614902 -0.018010609354998399 0.0020908967835193393 0.0046702094495665782 -0.0056123829962566258 0.09199450707807641 0.062926706752764502 0.10338657558154983 0.20508706069913352 0.010975297771586326 0.015041707212488398 -0.018386239158554706 0.15446560484145028 0.068165628197055878 -0.019971415427008529 -0.0055329701349055615 -0.049395789171558457 0.067321324341269889 0.0056347453944214174 -0.016115118871206504 0.099746829528317274 0.029165149094632265 -0.033177739483171369
leaf_weight=52.314348317682743 3249.650029329583 1159.9500953326933 936.58756795525551 44.071186624933034 159.05008300580084 1050.2902265561279 25.572146814782172 120.7162174875848 1118.8559556733817 1580.3532768478617 11032.049981614575 5573.1790040503256 22.244149670936167 27.297838309779763 25.062328168191016 8.8699764544144255 65.750151326879859 761.09700661245733 733.18575304094702 8.9501475226134044 54.836971425451338 532.28177589643747 820.52999457763508 10.02134480467066 18.491904258728027 76.285426299553365 1721.3887403802946 12.419603087007998 487.50752961076796 81.870354604907334
leaf_count=3868 18567 31051 38431 617 967 26163 456 3939 29563 69326 228590 136893 321 610 454 133 3033 5642 24077 294 1325 11057 22921 301 242 2070 131044 76 9794 1972
internal_value=0.000149815 -0.000792691 -0.00891504 7.15376e-05 -0.00752296 -0.000547194 -0.00694125 0.0239788 -0.0156472 0.000900568 0.00316417 -0.00163423 0.00253771 0.0119388 0.00748868 0.0514847 -0.00156651 0.00187732 -0.0138825 0.0299808 0.0901042 -0.00282897 -0.00279638 0.0595861 -0.0169239 0.0258598 -0.0146106 0.00173412 0.0222171 -0.00879348
internal_weight=31570.7 28321.1 2722.71 25598.4 2518.56 1355.63 1075.86 279.766 1162.93 23079.8 12192 10887.8 5314.64 1614.53 1452.29 162.237 3700.11 2892.22 807.886 74.7003 63.7069 2131.13 855.614 35.0837 550.774 98.5296 1773.7 949.007 596.676 109.168
internal_count=803797 785230 173419 611811 61705 31525 26619 4906 30180 550106 259641 290465 153572 39901 36052 3849 113671 86267 27404 3327 1458 80625 23676 755 11299 2391 134912 38507 12376 2582
is_linear=0
shrinkage=0.05


Tree=86
num_leaves=31
num_cat=0
split_feature=0 17 23 21 23 22 17 21 14 14 23 22 11 11 14 15 14 21 22 14 20 23 23 14 11 0 21 22 22 14
split_gain=80.9242 78.7492 50.0173 51.7339 77.1497 79.9169 82.818 91.833 81.1565 77.3858 105.128 82.3903 72.9768 89.6146 70.6356 63.3469 67.6042 59.7912 58.4371 55.3098 54.9381 59.3961 66.3702 68.7566 58.9037 54.0384 53.8574 95.8467 112.393 108.178
threshold=24.393512725830082 155.279411315918 2.0294156500000002 1.23086125 2.0135488500000003 0.030713726750000003 177.7963790893555 -0.13247221999999995 191.50000000000003 233.50000000000003 0.9169374400000001 0.021143936550000002 47.991097446288862 38.7119807903035 183.50000000000003 4.2231256961822519 254.50000000000003 0.0095684877600000027 -0.83013656999999996 190.50000000000003 45.151657104492195 0.28358063500000003 0.21055318500000003 258.50000000000006 30.246955496827059 0.22810353338718417 0.53773349500000012 -1.1087322999999998 -1.21867025 156.50000000000003
decision_type=2 2 2 2 2 2 2 2 2 2 2 2 2 2 2 2 2 2 2 2 2 2 2 2 2 2 2 2 2 2
left_child=1 -1 3 4 5 6 7 14 26 10 11 -9 13 -5 18 16 -7 20 -3 25 -10 22 -22 24 -24 -15 -8 28 -28 -29
right_child=-2 2 -4 12 -6 15 8 9 17 -11 -12 -13 -14 19 -16 -17 -18 -19 -20 -21 21 -23 23 -25 -26 -27 27 29 -30 -31
leaf_value=0.0057528287511627212 0.0037288760297660819 -0.01684737629266516 -0.012545192057830196 0.0048584649096207692 0.048444607318868731 -0.022924996811695471 -0.012193389119428877 0.017559685474901998 0.023812714421416355 -0.010065033884990793 -0.0049583175485314757 0.1169081719430799 -0.0036033654940276099 -0.0044310244678233048 -0.016810072206163658 -0.0047362429170961055 0.00042073595056922245 -0.00076542707837635483 0.0069156315057926901 0.029287354277916362 0.016257702021984326 0.0048983088481585578 0.0043883228075288997 -0.020228436044150255 0.1812940817625589 0.11075990975023629 0.01700891538700711 0.055128533976564302 0.15678247051846073 -0.040478290134660297
leaf_weight=2984.0992864985019 9531.3314350093715 391.07922461023554 1275.2794644450769 431.02468892000616 71.230360952205956 1177.7454949400853 1041.1669803895056 863.81846372503787 680.86626880941913 898.59310970269144 807.45656573306769 20.427087896037847 797.33416120777838 13.009754058904944 1935.6504087070934 3437.2261001826264 420.75114139448851 1560.0861359364353 759.64386841841042 191.22108526481315 76.872473658062518 1727.4577815807424 6.2043259814381626 8.6921123769134265 19.155229870229959 44.621465016156435 40.628286844585091 43.894025574438274 21.508438024669886 85.835889110341668
leaf_count=18622 64425 7988 50236 12279 1947 128606 85855 12949 39518 22073 11600 241 25576 391 43604 91296 21318 73313 13607 4237 2871 57684 255 360 579 664 2008 1577 854 6929
internal_value=-0.000114771 -0.00179287 -0.00298774 -0.00229349 -0.00311544 -0.00334763 -0.000957118 -0.00515572 0.00352954 0.00178595 0.00808315 0.0199842 0.00665865 0.0186812 -0.0109803 -0.00856302 -0.0167836 0.00692696 -0.00116797 0.0425075 0.011689 0.00718835 0.0424896 0.0995554 0.139822 0.0851245 -0.00770692 0.016576 0.067108 -0.00795554
internal_weight=31363.9 21832.6 18848.5 17573.2 16096 16024.8 10989 5676.67 5312.37 2590.3 1691.7 884.246 1477.21 679.877 3086.37 5035.72 1598.5 4079.33 1150.72 248.852 2519.25 1838.38 110.924 34.0517 25.3596 57.6312 1233.03 191.867 62.1367 129.73
internal_count=803462 739037 720415 670179 627032 625085 383865 112062 271803 46863 24790 13190 43147 17571 65199 241220 149924 174580 21595 5292 101267 61749 4065 1194 834 1055 97223 11368 2862 8506
is_linear=0
shrinkage=0.05


Tree=87
num_leaves=31
num_cat=0
split_feature=25 14 13 22 17 22 12 17 12 12 24 17 12 14 22 9 17 14 24 14 1 14 20 24 25 24 12 14 12 12
split_gain=61.3051 71.625 101.357 63.677 63.5167 60.5196 59.9845 58.9018 55.9692 45.8755 57.511 67.4136 60.2666 81.5533 60.7457 55.8258 45.5723 58.3353 66.2179 131.317 136.218 108.971 57.1597 94.1968 74.2351 67.1179 86.7397 78.4451 75.8657 70.6744
threshold=23.469580107927328 241.50000000000003 46.829663238208454 0.030713726750000003 170.76470947265628 0.021143936550000002 4.2554179566563475 187.60000610351565 3.6207430340557281 2.7352941176470593 1.5000000000000002 184.37739562988284 2.6300309597523226 228.50000000000003 1.0894472500000003 33.500000000000007 166.30882263183597 177.50000000000003 2.5000000000000004 197.50000000000003 31.174995422363285 266.50000000000006 84.123107910156264 6.5000000000000009 37.553422331810005 3.5000000000000004 1.1099071207430342 206.50000000000003 1.1099071207430342 1.8869969040247681
decision_type=2 2 2 2 2 2 2 2 2 2 8 2 2 2 2 2 2 2 8 2 2 2 2 10 2 10 2 2 2 2
left_child=1 2 3 5 -3 7 -7 -1 -4 10 15 12 16 14 -14 -2 22 -18 19 20 -19 -21 23 25 -24 28 -27 -28 -12 -30
right_child=9 4 8 -5 -6 6 -8 -9 -10 -11 11 -13 13 -15 -16 -17 17 18 -20 21 -22 -23 24 -25 -26 26 27 -29 29 -31
leaf_value=-0.015756365885172107 -0.011692502056111007 -0.033731463311291753 -0.00040793042166631171 -0.023418812887490027 0.0042143963058108467 0.15645344716658394 -0.030720551612338123 0.00066425770570303769 0.046187150401963216 -0.00064355973030405002 -0.0074641305510372534 -0.0043502748077493816 0.043407731470601868 -0.0084633868261292759 -0.026703653295430937 0.051821962342813603 -0.011698631167594115 0.33291418418028751 0.013758295684401515 0.01686052202760634 0.030403405116019539 0.16033612080907972 -0.03006131451634966 -0.020489066159599362 7.9148246306954713e-05 0.041309039211831974 0.022041575752847969 -0.01040489903147648 0.016429758013604936 0.00091325479232729975
leaf_weight=1164.4477915735915 804.27049020398408 115.24974641297013 142.15979685168713 851.46080832602456 2148.0902192546055 10.037191755604001 6.5299228033982208 1027.5461050183512 116.86971856746823 14749.020800751867 944.51292626839131 1737.3999911425635 312.52113613998517 141.29734182776883 33.605091549921781 35.171099700964987 183.93984257476404 6.9350404418073577 911.93237553816289 115.35503630805761 7.4254259411245584 14.001460710540412 240.76990005746484 308.11832823231816 1317.8141299281269 308.06924701761454 504.65939168073237 294.17636861652136 1495.6507705827244 1440.1373841585591
leaf_count=78663 14488 5860 2841 96909 84804 564 550 71957 1286 287363 5759 73353 2766 1794 300 1215 8421 287 21516 2965 162 270 4548 2488 8795 1664 2805 1643 9190 8945
internal_value=0.000162356 -0.0045898 -0.00926566 -0.0118092 0.00226814 -0.00732477 0.0851297 -0.00806204 0.0207118 0.00118649 0.0036054 0.00462946 0.00644791 0.0235059 0.0365434 -0.00897287 0.00541783 0.0142366 0.0187624 0.050201 0.188656 0.0335011 0.00382103 0.00629802 -0.00459324 0.00795675 0.0188117 0.0100949 0.00485618 0.00882111
internal_weight=31489.2 5582.39 3319.05 3060.02 2263.34 2208.56 16.5671 2191.99 259.03 25906.8 11157.8 10318.3 8580.92 487.424 346.126 839.442 8093.5 1239.59 1055.65 143.717 14.3605 129.356 6853.91 5295.32 1558.58 4987.21 1106.91 798.836 3880.3 2935.79
internal_count=804171 343434 252770 248643 90664 151734 1114 150620 4127 460737 173374 157671 84318 4860 3066 15703 79458 33621 25200 3684 449 3235 45837 32494 13343 30006 6112 4448 23894 18135
is_linear=0
shrinkage=0.05


Tree=88
num_leaves=31
num_cat=0
split_feature=13 0 21 15 14 12 21 21 20 12 21 11 13 21 14 21 4 11 21 12 12 14 4 20 21 21 21 4 14 20
split_gain=65.2177 59.233 47.2262 46.6647 48.0122 64.5127 43.6331 42.9361 81.0211 48.734 76.6985 70.2759 54.9765 50.9726 66.8938 56.9264 52.7254 49.7482 52.0085 94.2181 84.9005 48.4712 86.0876 49.5505 61.3723 54.6676 44.5116 42.5672 52.7098 70.0094
threshold=-63.695709774691615 131.87927246093753 -2.0836265999999992 40.473472595214851 196.50000000000003 3.45046439628483 -1.4577523499999998 -1.6777381999999998 2.4766693115234379 3.535603715170279 -0.57886999499999992 92.67470495860691 -44.030353859920432 1.6484033000000002 159.50000000000003 -0.61522114499999991 2.7449924647808079 89.691619807248813 1.3891004000000002 4.3544891640866874 6.1671826625387007 235.50000000000003 1038.3874968290331 58.151657104492195 -0.96114000499999996 -1.3714820999999997 -0.71756502999999994 572.88731786608707 173.50000000000003 35.621322631835945
decision_type=2 2 2 2 2 2 2 2 2 2 2 2 2 2 2 2 2 2 2 2 2 2 2 2 2 2 2 2 2 2
left_child=-1 2 -2 7 5 -5 -6 8 -4 10 11 12 -9 14 15 -11 -17 18 -16 -20 -21 23 26 25 -25 -14 -23 -12 -29 -30
right_child=1 -3 3 4 6 -7 -8 9 -10 13 27 -13 21 -15 17 16 -18 -19 19 20 -22 22 -24 24 -26 -27 -28 28 29 -31
leaf_value=-0.01871967810786317 -0.019504950047391285 0.023799195203042245 -0.027671528596499247 0.024434333754057101 -0.037128570223347646 0.004362948953306761 0.0012833093872949893 0.03070981250745064 0.016118046981857825 -0.046025893267825961 0.00080178531936264403 -0.046479973181387739 -0.025100974585919717 -0.031588077721566021 -0.0035286902106028127 -0.014262130832715278 0.080739372995548786 -0.023870185306699512 -0.041591899164485288 0.05152232671468137 -0.035954027086345694 0.0089087871623759092 0.081086644294621285 -0.0062204027308711751 -0.042406980431524341 -0.0015947787977891625 -0.018573629225243717 -0.038688945351144269 0.035529164821852512 0.0063649553809914106
leaf_weight=469.50313322432339 311.43384876707569 259.04635074362159 121.51925649121404 606.89966854453087 76.236031949520111 1174.2060151919723 1726.601366661489 103.88472198089585 768.2044015773572 15.489905208349226 8895.6168002504855 103.98086649831384 302.32805249700323 159.42682841559872 10047.710231651552 19.181160300504416 56.80728779360652 292.21060576289892 48.264248128049076 155.34945482574403 32.970429951325059 511.15641462430358 34.20798821374774 234.36523774126545 234.12412124685943 1341.072068318259 205.83809559047222 59.500224284827709 220.62609080504626 2892.8978991741315
leaf_count=63135 9600 1857 8082 3134 422 5514 8218 8976 16478 763 244826 1426 9611 4774 328044 1113 1259 3316 1291 2390 1519 12749 195 3494 3224 37401 4854 288 1127 15485
internal_value=-0.000243948 3.63656e-05 -0.000164573 3.39301e-05 0.0053921 0.011212 -0.000360685 -0.000681274 0.0101129 -0.0010515 0.000780315 -0.00627345 -0.00484918 -0.00361269 -0.00319169 0.0391501 0.0568851 -0.00356158 -0.00298228 0.0201407 0.0360982 -0.00614968 0.00475385 -0.0100285 -0.0243562 -0.00593173 0.00100413 0.00257557 0.00754658 0.00844229
internal_weight=31480.7 31011.2 30752.1 30440.7 3583.94 1781.11 1802.84 26856.7 889.724 25967 15139.6 3070.96 2966.98 10827.4 10668 91.4784 75.9884 10576.5 10284.3 236.584 188.32 2863.09 751.202 2111.89 468.489 1643.4 716.995 12068.6 3173.02 3113.52
internal_count=804565 741430 739573 729973 17288 8648 8640 712685 24560 688125 343656 81930 80504 344469 339695 3135 2372 336560 333244 5200 3909 71528 17798 53730 6718 47012 17603 261726 16900 16612
is_linear=0
shrinkage=0.05


Tree=89
num_leaves=31
num_cat=0
split_feature=25 0 11 21 21 19 22 15 22 23 22 21 23 21 22 0 9 25 19 11 25 23 22 0 0 22 13 21 21 13
split_gain=83.153 52.3089 67.1121 56.0479 62.7562 46.3694 44.9562 50.7501 44.188 57.1133 44.8739 39.8158 39.1961 75.2609 48.3663 57.0188 45.5552 71.5241 42.6572 56.1119 40.5215 37.3681 46.9553 37.2588 36.434 35.0541 56.1183 41.4251 79.777 43.6565
threshold=20.701035678386692 67.389881134033217 81.848965866762242 0.39547174000000002 -1.8284060999999998 0.77941176295280468 1.0312679500000002 4.5041537284851083 -0.65970697999999983 1.4903361500000003 -0.44051554499999995 0.36957310500000001 2.0540985000000007 1.9023737000000003 0.16082139000000004 3.894195675849915 52.500000000000007 22.016543841362004 0.39705882966518408 63.742673904464901 25.653800453990701 1.5299225000000003 1.2982029000000002 27.797258377075199 8.8846516609191912 -1.4539831499999998 114.60094258135753 0.54695698500000012 0.20585595000000004 -24.159708698975042
decision_type=2 2 2 2 2 2 2 2 2 2 2 2 2 2 2 2 2 2 2 2 2 2 2 2 2 2 2 2 2 2
left_child=-1 2 5 4 -4 12 7 -5 9 -9 -10 -3 13 25 18 -16 20 -18 -15 -20 -14 -8 -23 -6 -12 26 27 28 29 -2
right_child=1 11 3 6 23 -7 21 8 10 -11 24 -13 16 14 15 -17 17 -19 19 -21 -22 22 -24 -25 -26 -27 -28 -29 -30 -31
leaf_value=-0.0096060657349313072 0.030182729131723186 0.0026258381689718098 0.045790650895258571 -0.019689083040660374 -0.024466795314103954 -0.024504887511622865 -0.050844521726934169 -0.049531040459803499 0.050706828423647633 0.018786853542680625 0.029904269288702129 0.016447043059829299 -0.023771094551796854 -0.025830436954003042 0.01330441685756591 0.11049848401206042 0.1430316945294173 0.0092769163773549247 -0.045882559221992227 0.10710781883900367 -0.0038040050378726946 0.042506564959950643 -0.025404896464154683 -0.0074034662094121535 0.0033745759461414741 0.0011686914800758601 0.037257597978989442 -0.020940191140233794 0.046136372821595044 -0.0023424635080326289
leaf_weight=2020.4250021800399 123.35287949396297 1248.2332518473268 40.885196799878031 206.45843682391569 680.09419892611913 174.13154510268942 72.6968984589912 71.420204983092844 64.955779574345797 52.241213702131063 155.54702866869047 894.0570635907352 326.21823736932129 36.163672076538205 25.712293671444058 36.607308087870479 11.270053384825585 54.792135367635638 8.2701015137136 17.085824844427407 1139.479733441025 34.94272071076557 86.293869054410607 605.60581123828888 748.68880161130801 21404.941198385553 162.65536737069488 126.80103619536385 126.09830544004217 604.9494161112234
leaf_count=131940 4948 6977 627 18029 29047 8835 1661 779 700 503 4345 5589 19855 449 260 241 332 1803 375 265 17145 623 2271 3427 5382 519314 809 2564 2645 12377
internal_value=0.000202678 0.000878422 0.000285779 -0.00701565 -0.0144904 0.00113058 -0.000369912 0.00298716 0.00728517 -0.0207507 0.01088 0.00839892 0.00131601 0.00183908 0.0405545 0.0712408 -0.00642249 0.0338877 0.00882673 0.0573608 -0.00826123 -0.0227615 -0.00564389 -0.0164414 0.00796622 0.00162467 0.0101488 0.00562163 0.00958352 0.00320017
internal_weight=31361.1 29340.6 27198.4 2819.83 1326.59 24378.5 1493.24 1299.31 1092.85 123.661 969.192 2142.29 24204.4 22672.6 123.839 62.3196 1531.76 66.0622 61.5196 25.3559 1465.7 193.933 121.237 1285.7 904.236 22548.8 1143.86 981.202 854.401 728.302
internal_count=804117 672177 659611 67394 33101 592217 34293 29738 11709 1282 10427 12566 583382 544247 1590 501 39135 2135 1089 640 37000 4555 2894 32474 9727 542657 23343 22534 19970 17325
is_linear=0
shrinkage=0.05


Tree=90
num_leaves=31
num_cat=0
split_feature=0 17 11 12 11 11 17 5 14 14 11 6 20 5 11 11 24 6 5 24 12 14 24 11 14 18 20 12 12 12
split_gain=60.7088 47.2173 46.4639 46.2742 79.6938 57.2639 89.3765 60.866 49.8543 44.0024 68.2505 115.803 51.6939 71.6081 81.8959 63.5132 60.0106 57.991 54.7552 50.7105 55.3182 60.6567 151.859 57.2221 134.2 95.0031 83.3605 66.0935 64.2996 57.8079
threshold=37.453712463378913 154.75000000000003 129.20073116478446 0.76315789473684215 91.238301613520932 95.065769839097669 177.64930725097659 12.500000000000002 193.50000000000003 266.50000000000006 53.401806228566379 1.5000000000000002 65.772979736328139 8.5000000000000018 48.733527244567505 9.0522675820548493 3.5000000000000004 44.500000000000007 9.5000000000000018 6.5000000000000009 4.2275541795665648 168.50000000000003 6.5000000000000009 55.163667807822634 209.50000000000003 169.43404388427737 52.868820190429695 1.0758513931888547 3.5650154798761613 4.0294117647058831
decision_type=2 2 2 2 2 2 2 2 2 2 2 2 2 2 2 2 10 2 2 8 2 2 10 2 2 2 2 2 2 2
left_child=1 -1 3 5 9 -3 7 -7 -6 12 -11 -12 13 14 -5 18 17 -16 -14 -15 23 22 -22 24 -21 26 -26 -27 -25 -28
right_child=-2 2 -4 4 8 6 -8 -9 -10 10 11 -13 15 19 16 -17 -18 -19 -20 20 21 -23 -24 28 25 27 29 -29 -30 -31
leaf_value=0.0075788212037793609 0.0046159184289987073 0.0036194103476258331 -0.028678458070549653 -0.0013403487197440023 0.0010157278841214218 0.13071750557410275 -0.01005876205204647 0.041136175281884353 -0.025975308243397662 0.0011908067491670832 0.0051460751773144808 0.065038856552237165 0.030923245650368299 -0.00152561794790752 -0.010689260435898211 -0.0071639004015710168 -0.036295233708066241 0.19382682598489334 -0.017686552586367071 0.0042092058665561772 -0.025289290225534219 -0.001329608717269392 0.10137694298261862 -0.00013126649484853647 0.11080043334016938 0.12634519179730774 0.04971695772114243 -0.00092592184060472787 0.03446424719925046 -0.036009895394486229
leaf_weight=1535.5892400927842 6178.4475518213585 1225.323577250354 154.83400567108765 4497.8728561606258 250.21043614321388 24.033998193219304 70.779493669047952 85.846286495216191 539.47326158126816 1250.695807334967 232.07691004499793 122.89603413641453 202.45532129704952 3803.171242498327 1028.9573119145352 5378.226079185959 274.54215992870741 2.4802523266989729 80.235706335864961 605.69775456888601 45.578138258773834 2021.1478352376726 47.499821603763849 1066.7622127607465 54.550936139654368 9.9431395716965181 255.09848288726062 150.1944050709717 152.65483546606265 20.597849546931684
leaf_count=9005 37157 27107 6898 214690 10234 441 3353 722 24131 37857 3526 2107 7562 69844 83537 149120 32052 271 3507 8024 319 35670 241 22742 1116 325 2881 7004 2993 225
internal_value=0.000174906 -0.000914523 -0.0014662 -0.00128569 -0.00184553 0.00750646 0.0337053 0.0617324 -0.0174328 -0.00126694 0.00668963 0.0260062 -0.00191583 -0.000289066 -0.00454203 -0.00594878 -0.0155594 -0.0100102 0.0171127 0.00270929 0.00634472 0.000496481 0.0397419 0.0116821 0.0199676 0.0393834 0.0546715 0.00771154 0.00422432 0.0432051
internal_weight=31367.9 25189.4 23653.8 23499 22093 1405.98 180.66 109.88 789.684 21303.3 1605.67 354.973 19697.7 14036.7 5803.85 5660.92 1305.98 1031.44 282.691 8232.9 4429.73 2114.23 93.078 2315.5 1096.08 490.385 330.247 160.138 1219.42 275.696
internal_count=804661 767504 758499 751601 719978 31623 4516 1163 34365 685613 43490 5633 642123 481934 330550 160189 115860 83808 11069 151384 81540 36230 560 45310 19575 11551 4222 7329 25735 3106
is_linear=0
shrinkage=0.05


Tree=91
num_leaves=31
num_cat=0
split_feature=4 22 14 17 14 22 14 24 9 11 14 11 14 11 18 11 14 22 22 14 6 18 20 17 14 11 14 22 18 18
split_gain=59.7158 63.4455 118.829 115.56 85.8877 83.5339 60.2118 107.924 78.0195 80.3416 72.7511 61.5619 91.1896 60.0081 58.7375 58.4094 52.1059 51.3605 52.5528 50.2566 69.6849 49.2322 47.0702 100.908 87.9048 115.451 85.5338 79.6744 72.0864 57.4841
threshold=1038.3874968290331 0.030713726750000003 263.50000000000006 185.42411041259768 203.50000000000003 2.1169150000000005 185.50000000000003 6.5000000000000009 15.500000000000002 66.271986887747019 168.50000000000003 97.424542144990468 175.50000000000003 18.747223924407191 154.75000000000003 75.951033719080073 160.50000000000003 1.6775100000000001 0.9894630900000001 239.50000000000003 50.500000000000007 160.05882263183597 63.469665527343757 172.91567230224612 210.50000000000003 61.85164704809295 216.50000000000003 -0.65970697999999983 158.82353210449222 175.75000000000003
decision_type=2 2 2 2 2 2 2 10 2 2 2 2 2 2 2 2 2 2 2 2 2 2 2 2 2 2 2 2 2 2
left_child=1 14 3 4 6 -6 10 8 9 -8 15 -12 -13 -9 -1 -3 -17 18 -11 20 -5 -2 24 28 -16 26 27 -26 -24 -30
right_child=21 2 -4 19 5 -7 7 13 -10 17 11 12 -14 -15 22 16 -18 -19 -20 -21 -22 -23 23 -25 25 -27 -28 -29 29 -31
leaf_value=0.011641418848206731 0.0040933232364137942 0.010381453843573288 0.0098475189690433382 -0.027323750985427653 -0.010665358996190734 0.090224504445925002 0.048638812544843167 0.0432303482488956 -0.041613427983389323 0.0064902206650591229 -0.015151276759903385 -0.028818029734376985 0.067820945863268631 -0.024150795048336744 -0.00094547312308910407 0.043589706023128387 -0.038525570013023987 -0.066083219039299909 0.049682279803281999 -0.0076403903975573928 0.21304846623745244 0.054890031356691064 -0.006400809589443876 0.0019669576161703991 0.0055583617343596958 -0.0070803214312388108 0.011368469646519903 0.058156954905843522 -0.027884822163422692 0.093024545450618987
leaf_weight=1108.4120333716273 5214.111520556733 999.5766841545701 1219.0122026260942 928.01489542657509 3041.1058807373047 19.665954903699458 254.47052096459083 37.520267841406167 43.797921334160492 296.69419865403324 1052.7994204969145 42.237762662349269 55.445467169396579 233.72619220474735 8060.5743708056398 22.430890127085149 112.0359762981534 18.673904720926657 91.506444234168157 564.2602714872919 2.037261836230754 47.148524754680693 1620.763963627629 2938.3351284828968 110.74557345639914 743.61689389823005 1563.1983812586404 205.98707136558369 643.96398724801838 9.0303552774712426
leaf_count=6331 27573 16322 34791 110938 77863 360 2992 876 3255 4448 17734 571 787 5547 235620 294 1540 342 1039 30198 236 293 17328 94385 3213 27669 54909 5403 20878 393
internal_value=-0.000299182 -0.00128088 -0.00466652 -0.00693115 -0.00397377 -0.00998787 0.00167254 0.0120586 0.0223602 0.0266533 -0.00276971 -0.0116235 0.0261661 -0.0147057 0.000518164 0.00621475 -0.024607 0.0128175 0.0167729 -0.0194313 -0.026569 0.00455888 -0.000258122 -0.00415314 0.00164222 0.00958995 0.0161842 0.0398412 -0.0120594 -0.0260731
internal_weight=31300.9 26039.6 9035.01 7816 6321.69 3060.77 3260.92 976.389 705.143 661.345 2284.53 1150.48 97.6832 271.246 17004.6 1134.04 134.467 406.875 388.201 1494.31 930.052 5261.26 15896.2 5212.09 10684.1 2623.55 1879.93 316.733 2273.76 652.994
internal_count=804128 776262 310133 275342 133970 78223 55747 18499 12076 8821 37248 19092 1358 6423 466129 18156 1834 5829 5487 141372 111174 27866 459798 132984 326814 91194 63525 8616 38599 21271
is_linear=0
shrinkage=0.05


Tree=92
num_leaves=31
num_cat=0
split_feature=25 13 13 12 12 14 23 22 23 14 23 12 22 11 11 24 22 23 11 25 11 14 24 12 14 14 14 11 14 22
split_gain=66.7367 63.4281 58.7701 45.6366 42.4816 54.5877 72.5941 54.1303 66.5978 65.2961 46.081 45.9712 76.9482 45.08 47.3636 42.7526 41.2626 56.675 54.756 68.2613 61.7366 54.5734 40.8588 50.3663 70.0276 53.6932 55.3458 46.5345 53.3861 67.6235
threshold=25.653800453990701 200.51966753606644 -61.463395828098605 0.84365325077399389 2.7352941176470593 196.50000000000003 0.58422529500000009 2.1169150000000005 2.0294156500000002 224.50000000000003 2.0135488500000003 11.501547987616101 1.8385756500000003 26.064441246721586 81.848965866762242 7.5000000000000009 1.0894472500000003 0.74509108000000013 95.065769839097669 30.574545726180084 136.89156054385907 208.50000000000003 1.5000000000000002 2.6300309597523226 228.50000000000003 216.50000000000003 222.50000000000003 73.671558301492198 257.50000000000006 -0.047694848849999992
decision_type=2 2 2 2 2 2 2 2 2 2 2 2 2 2 2 10 2 2 2 2 2 2 8 2 2 2 2 2 2 2
left_child=1 2 3 -1 13 11 -7 8 10 -10 15 -6 -13 -2 22 -8 17 21 -19 -20 -21 -16 -15 27 25 -25 -27 -24 -29 -30
right_child=4 -3 -4 -5 5 6 7 -9 9 -11 -12 12 -14 14 16 -17 -18 18 19 20 -22 -23 23 24 -26 26 -28 28 29 -31
leaf_value=0.024972391214214979 -0.0078790846826503804 0.048017225319926457 -0.0031216040035070528 -0.032364695785640128 0.0038784903322870235 -0.014327109028807322 0.00071554874191403432 0.066544137040593851 -0.0521649969234401 -0.0044337255894344504 0.064576632358734093 -0.046399714524093555 0.054869033633381616 -0.0054922910589201446 0.0055930028894297761 -0.018711327959884453 -0.024871171553466808 -0.0075855343819341784 -0.012414924139479117 0.030218703071927422 -0.016647182804383896 -0.028328769352427015 0.0054177084736482519 0.029060778835002844 -0.0022561263230478391 0.14118239685843026 0.038655980712369344 0.013515314415285591 0.09407288227173978 0.010721171735225413
leaf_weight=38.967072064289823 723.38495251676068 58.142642134800553 8079.9570244455244 274.04499144037254 5908.234701998299 1216.9174946411513 5207.5719821983948 28.591442818753421 122.28545167809352 171.5702124228701 26.472668444272131 97.561450557783246 22.277027468662709 605.94432877888903 205.03265265189111 298.48630328150466 178.22460065130144 440.24539510998875 175.47732656612061 473.5748101240024 81.823073930107057 279.23793879477307 5467.5803900025785 182.9913264317438 140.00395481241867 23.904809174127877 30.197597165126354 615.08673709211871 48.921039881184697 48.041206704452634
leaf_count=3234 11461 340 444464 47860 70443 22647 84603 375 1564 3692 441 1524 309 8436 2126 7227 1860 4763 4579 2707 488 3200 64058 2039 2013 223 363 6603 515 594
internal_value=0.000211703 -0.00358364 -0.00394679 -0.02517 0.00161738 -0.000240917 -0.00322062 -0.000910161 -0.00125254 -0.0244062 -1.85608e-05 0.00325471 -0.0272764 0.00412172 0.00508747 -0.000340799 -0.00208204 0.000385039 0.00633402 0.0147174 0.0232968 -0.0139849 0.00692287 0.00807089 0.0257894 0.0422902 0.0856967 0.00698566 0.0190009 0.0533062
internal_weight=31270.8 8451.11 8392.97 313.012 22819.6 13100 7071.9 5854.98 5826.39 293.856 5532.53 6028.07 119.838 9719.67 8996.29 5506.06 1833.62 1655.39 1171.12 730.875 555.398 484.271 7162.67 6556.73 377.098 237.094 54.1024 6179.63 712.049 96.9622
internal_count=804751 495898 495558 51094 308853 192825 120549 97902 97527 5256 92271 72276 1833 116028 104567 91830 19723 17863 12537 7774 3195 5326 84844 76408 4638 2625 586 71770 7712 1109
is_linear=0
shrinkage=0.05


Tree=93
num_leaves=31
num_cat=0
split_feature=25 10 20 12 18 3 5 12 20 22 11 12 5 2 11 22 13 22 20 11 20 20 11 22 5 11 5 22 12 20
split_gain=54.3366 50.3563 61.2324 62.3037 52.9601 39.9056 45.7502 39.8748 40.3281 38.7814 38.759 97.848 36.0742 39.6974 44.1501 35.392 97.1015 49.1998 62.0653 50.8547 48.9517 47.6682 70.7991 71.687 120.437 78.0845 75.6588 63.0354 62.3518 118.093
threshold=23.469580107927328 20.789829982817174 32.22956848144532 10.332817337461302 171.18182373046878 71.978497169911876 4.5000000000000009 5.7941176470588251 2.4766693115234379 0.58186933500000004 95.065769839097669 0.69195046439628494 8.5000000000000018 3.9684845879673962 7.4007831873655494 -1.4539831499999998 98.485101135038192 -1.7176085499999998 -16.078605651855465 27.905007794280266 -18.344085693359371 71.94028472900392 52.327960417574225 -0.24855561999999998 18.500000000000004 145.48981178265885 27.500000000000004 0.9894630900000001 6.1377708978328185 49.031280517578132
decision_type=2 8 2 2 2 2 2 2 2 2 2 2 2 2 2 2 2 2 2 2 2 2 2 2 2 2 2 2 2 2
left_child=1 2 5 4 10 -1 -7 -3 -9 -6 -4 -12 13 -5 -15 16 17 19 -19 -2 -17 22 -22 26 -25 27 -24 28 -26 -30
right_child=15 7 3 12 9 6 -8 8 -10 -11 11 -13 -14 14 -16 20 -18 18 -20 -21 21 -23 23 24 25 -27 -28 -29 29 -31
leaf_value=-0.020007318572903124 -0.037903120206466509 0.0013758559342431297 -0.016368287967958868 0.023730969767383026 0.0026700999233139609 0.080347295694422102 -0.002913868119059959 0.10598233125581069 0.019927366935172108 -0.019264483393311355 0.20178168121332185 -0.030744222863771327 -0.03016174100293742 0.005670600745796478 0.14332737990539135 -0.019923948370560916 0.030296207855024557 0.090896363889297144 0.0069092877942221482 -0.00083989864346155352 0.0050546394367303599 -0.0029704693947316882 -0.0021123896809465493 -0.0081829806141578056 0.010244546023081582 -0.04439407871867334 -0.018763085568132481 -0.0044087496646678269 0.00097437038766910256 0.064452375050637986
leaf_weight=1054.5966738476418 130.1224475260824 1296.9957923684269 890.13832568237558 112.07387330615893 1591.4677109171171 18.168230684706941 118.02478330931626 15.192275970242916 90.663975991308689 229.70815641293302 6.1747609796002534 11.662075592903419 22.811482724267989 9.2492131032049674 15.133331896737216 284.59831773885526 381.91194282472134 21.83819769974798 606.77732017682865 314.79351947596297 9787.9582266681828 5971.2528985296376 2379.0977242011577 1679.425024672877 2162.0234412816353 67.606009053997695 955.70920243859291 641.23346457909793 137.60266502574086 155.78746017348021
leaf_count=122316 2921 44568 55202 3885 80289 1168 9906 118 1611 20307 157 1462 1278 212 596 19783 1999 1146 11396 6960 174676 109675 49275 59552 12683 387 4895 3626 838 877
internal_value=0.000144422 -0.00437394 -0.00718373 -0.00324797 -0.0050255 -0.0167197 0.00869791 0.00379568 0.033154 -0.000105602 -0.0148826 0.0561904 0.0270524 0.0367667 0.0933897 0.0011092 0.00867923 0.000967894 0.00996675 -0.0117403 0.000654 0.000899476 0.00218577 -0.00124788 0.0026362 0.00837924 -0.00688844 0.00954535 0.0131898 0.034785
internal_weight=31159.8 5482.06 4079.21 2888.42 2729.15 1190.79 136.193 1402.85 105.856 1821.18 907.975 17.8368 159.268 136.456 24.3825 25677.7 1455.44 1073.53 628.616 444.916 24222.3 23937.7 17966.4 8178.48 4843.68 3164.25 3334.81 3096.65 2455.41 293.39
internal_count=803764 343075 296778 163388 157417 133390 11074 46297 1729 100596 56821 1619 5971 4693 808 460689 24422 22423 12542 9881 436267 416484 306809 132133 77963 18411 54170 18024 14398 1715
is_linear=0
shrinkage=0.05


Tree=94
num_leaves=31
num_cat=0
split_feature=25 17 0 18 5 25 19 25 4 13 25 5 22 4 22 15 22 23 23 4 22 4 16 22 17 22 17 13 6 15
split_gain=67.8323 58.7262 54.1604 53.9082 71.718 63.2811 50.848 48.9183 48.6004 47.0592 46.4044 53.9403 90.0365 53.737 57.8818 61.3684 55.6944 44.4328 44.3872 43.7376 50.6201 43.5599 43.5145 42.6526 41.2919 58.5513 38.897 36.9638 46.9118 35.3954
threshold=26.694967439770704 175.45454406738284 107.07286071777345 172.37634277343753 13.500000000000002 28.00466892421246 0.69117647409439098 27.49145324826241 89.925246637314572 -12.470812891082312 35.993842467665679 27.500000000000004 2.1169150000000005 1038.3874968290331 -0.55092459999999999 18.856004714965824 -1.0317606999999998 2.0888086500000003 1.7060800000000003 666.10666143894207 -1.2068874999999999 384.68553601205355 0.66176471114158641 1.5679100000000001 154.75000000000003 -0.28485888499999995 162.33823394775393 -55.88892480083986 47.500000000000007 43.951930999755866
decision_type=2 2 2 2 2 2 2 2 2 2 2 2 2 2 2 2 2 2 2 2 2 2 2 2 2 2 2 2 2 2
left_child=6 2 10 4 5 -3 8 -5 27 -7 19 23 13 16 15 -15 -13 -10 -16 26 -21 -9 -23 24 25 -12 -2 28 -1 -26
right_child=1 3 -4 7 -6 9 -8 21 17 -11 11 12 -14 14 18 -17 -18 -19 -20 20 -22 22 -24 -25 29 -27 -28 -29 -30 -31
leaf_value=-0.026742630555964753 -0.013283625365981705 0.010044423867774845 0.01625485587082507 0.017156898445701271 -0.0024259656372704716 0.054968798157295821 -0.013377946934537383 -0.0049064172641670213 0.0025032101861929908 0.022532835981613663 0.023373898949478084 0.011979341381626405 0.068966892202509331 0.032627478806240603 0.0059649009059119622 -0.012930504548167852 -0.013427577132153935 -0.019532793674666243 -0.019186528115825333 0.071519194846189668 0.0037977174634643619 0.008132042310888871 0.11700108878709932 -0.016194248721618971 0.0016585345878209106 0.0010466861695963166 -0.0010797728316684018 -0.0049702603005326966 0.17781251727503666 0.012856661767369907
leaf_weight=254.02469763206318 1534.7483602333814 462.70113996136934 525.54887545853853 393.72870894568041 389.1006249669008 193.75449542235583 1159.1045439739246 1156.7930445065722 4289.4413824116345 268.56727487407625 621.59521885029972 247.53194940462708 42.533324137330055 78.901890993118286 2483.6188210193068 994.07032666727901 1640.8192953038961 240.64697375334799 187.77476653829217 28.149409567937255 520.24503507837653 25.153584527783096 13.602446212433277 265.03737095929682 6952.7766324859113 555.92236979678273 1136.1487397858873 3760.9360577664338 1.8487072088755656 784.43407360836864
leaf_count=43724 17158 17441 3574 17438 9623 7856 72206 46600 181567 7324 3477 1406 184 474 12481 4936 10070 11101 916 326 4022 435 256 1700 48078 3558 20890 250874 195 3844
internal_value=-8.59172e-05 0.00148016 0.00044762 0.00809243 0.0155809 0.0231497 -0.0035553 0.00189457 -0.00222177 0.0362157 -1.28827e-05 0.0011666 -0.00266501 -0.00321805 0.000250659 -0.0095531 -0.0100926 0.00132856 0.00419047 -0.00545413 0.00739775 -0.0031419 0.0483243 0.00353546 0.00412378 0.0128427 -0.00809469 -0.00622511 -0.0245782 0.00279537
internal_weight=31209.3 21503.3 18599.9 2903.4 1314.12 925.023 9706 1589.28 8546.9 462.322 18074.3 14855 5675.25 5632.72 3744.37 1072.97 1888.35 4530.09 2671.39 3219.29 548.394 1195.55 38.756 9179.77 8914.73 1177.52 2670.9 4016.81 255.873 7737.21
internal_count=803734 244067 137094 106973 42244 32621 559667 64729 487461 15180 133520 91124 30467 30283 18807 5410 11476 192668 13397 42396 4348 47291 691 60657 58957 7035 38048 294793 43919 51922
is_linear=0
shrinkage=0.05


Tree=95
num_leaves=31
num_cat=0
split_feature=25 4 14 22 14 12 1 16 9 17 23 4 25 23 12 22 14 17 12 17 24 17 4 14 22 14 12 12 14 14
split_gain=57.0103 56.7416 59.0526 90.8232 64.2031 203.63 94.5181 61.9818 49.3392 47.5957 45.8764 117.327 79.7255 64.1615 45.2251 76.6513 67.1676 147.987 69.6309 60.9102 60.0984 59.9313 58.0312 80.8075 56.6404 81.7834 61.3281 60.5175 54.7897 94.0026
threshold=23.469580107927328 288.59981783479458 253.50000000000003 0.066633861500000016 168.50000000000003 5.7941176470588251 1.71885222196579 0.48529411852359777 24.500000000000004 185.1259460449219 0.43381632500000006 21.585746940225366 20.997501736879354 1.1257050000000002 3.535603715170279 -0.092493746449999983 183.50000000000003 197.80952453613284 8.5758513931888576 201.61965179443362 2.5000000000000004 192.84387207031253 700.84096694737684 230.50000000000003 -0.65970697999999983 206.50000000000003 4.4582043343653259 4.2058823529411766 159.50000000000003 166.50000000000003
decision_type=2 2 2 2 2 2 2 2 2 2 2 2 2 2 2 2 2 2 2 2 8 2 2 2 2 2 2 2 2 2
left_child=1 2 3 9 5 -5 -7 -6 -4 -1 11 12 -10 -12 -2 16 18 24 21 -19 -21 28 -17 -24 25 27 -27 -18 -16 -30
right_child=14 -3 8 4 7 6 -8 -9 10 -11 13 -13 -14 -15 15 22 17 19 -20 20 -22 -23 23 -25 -26 26 -28 -29 29 -31
leaf_value=-0.012410360844380852 0.002815918700190058 0.017347378593767122 -0.0034797859976757675 -0.016775398156419642 0.015767508359905098 -0.034525104217183314 0.20010315934395023 -0.033388603151594663 0.29310117512542977 0.00094934105291557625 -0.014985058343063965 0.010559095767573624 0.044653442454541996 0.025960191070847412 0.055846430883125242 -0.010854409194515947 0.0025527099191959895 0.05493572853904749 -0.04283514279887999 0.036582830669366725 -0.011088292901840735 -0.019209349159373272 0.0031195560365736819 -0.023779401779751706 0.0015699363360474781 -0.019958873221936915 0.0093932797936932908 -0.027577864216908294 -0.012272766843726121 0.017603271228765534
leaf_weight=1154.9241898788605 14368.271419764264 276.45122807100415 1053.7219948349521 139.44375891634263 70.062365385703743 5.3288735388778177 16.5762585029006 694.26563199632801 6.6877478910610062 1574.813839646522 150.85145931784064 32.121962577104568 6.2957381904125214 258.14888180792332 73.777447381988168 2747.8849691837095 214.92527876188979 134.44741343241185 59.956267823465168 135.94002830050886 127.13167961034924 146.76987361954525 2178.9628990553319 319.21592473611236 1929.8513710899279 253.4393787686713 591.04820996662602 738.49123993515968 321.85140740824863 1430.9937050524168
leaf_count=75462 231906 6631 38381 13591 3779 729 263 85414 227 101408 7264 1453 249 8378 1110 99899 2782 5719 1127 4815 6754 10658 10957 3942 34509 5066 11661 9835 4102 15812
internal_value=-3.17788e-05 -0.00468261 -0.00586528 -0.00929883 -0.0228245 0.00580577 0.14401 -0.028868 0.00245929 -0.00470549 0.0162179 0.0635241 0.184437 0.0108587 0.000949979 -0.00140088 0.00238222 -0.00128405 0.00981735 0.027677 0.0135906 0.0114379 -0.00584166 -0.000325718 -0.00437898 -0.0107618 0.00057121 -0.0207901 0.0139096 0.0121137
internal_weight=31212.7 5439.69 5163.24 3655.41 925.677 161.349 21.9051 764.328 1507.83 2729.74 454.106 45.1054 12.9835 409 25773 11404.7 6158.62 4125.27 2033.35 397.519 263.072 1973.39 5246.06 2498.18 3727.76 1797.9 844.488 953.417 1826.62 1752.85
internal_count=803883 343229 336598 280646 103776 14583 992 89193 55952 176870 17571 1929 476 15642 460654 228748 113950 81141 32809 17288 11569 31682 114798 14899 63853 29344 16727 12617 21024 19914
is_linear=0
shrinkage=0.05


Tree=96
num_leaves=31
num_cat=0
split_feature=23 25 3 23 19 12 5 11 23 21 1 5 17 17 1 25 24 12 23 11 17 21 5 21 25 12 17 5 13 23
split_gain=44.9274 40.9804 61.0439 52.9916 41.6643 40.1143 51.9223 38.6143 45.7894 43.6389 36.3192 38.8964 39.7826 43.0778 95.933 68.2069 53.5086 65.837 71.9317 52.3434 48.6994 56.2475 43.5672 43.3804 43.3272 42.5422 62.1158 81.2537 66.6097 48.5297
threshold=2.4967763500000006 20.701035678386692 1.8865607231855395 0.54848385000000011 0.69117647409439098 9.2260061919504661 26.500000000000004 86.487190067987243 2.4623731000000002 1.7710663000000002 226.48409843444827 28.500000000000004 155.279411315918 172.66364288330081 7.2432797551155099 30.28137938678265 2.5000000000000004 1.7321981424148609 0.26362890000000005 24.582699336849689 184.91612243652347 -0.28301581999999997 3.5000000000000004 -0.10662768499999999 26.285934554040434 11.018575851393191 190.72883605957034 1.5000000000000002 -7.101204072762477 1.7749508000000003
decision_type=2 2 2 2 2 2 2 2 2 2 2 2 2 2 2 2 8 2 2 2 2 2 2 2 2 2 2 2 2 2
left_child=1 2 3 -1 7 -2 -7 8 10 -10 11 12 -3 14 19 16 25 18 24 -14 -19 -22 -21 -24 -18 29 -27 -28 -29 -15
right_child=5 4 -4 -5 -6 6 -8 -9 9 -11 -12 -13 13 15 -16 -17 17 20 -20 22 21 -23 23 -25 -26 26 27 28 -30 -31
leaf_value=0.12099005523989964 -0.022745201808822727 0.00722608757888046 -0.0088702523022622867 0.016285734957226222 -0.0083321175192516885 -0.0074880304958046626 0.078046630284040658 -0.0045783850201627273 0.0010335145003586637 0.070562102492051845 0.012799246399589832 -0.0031826764156509023 -0.024401617655458244 0.01255413724954057 0.0010166009026072052 0.030136734842554067 0.084925320534395332 0.0038338101012380765 0.0069962432042166333 0.023285400054166981 0.0041173290111445786 -0.01283581663589101 -0.022368963643072226 0.0035135954843470889 0.0014910385607250602 -0.0065690226852816534 -0.016386475629488344 0.20655786328968495 0.06654468504796783 -0.0073552549628190071
leaf_weight=13.231156641850246 372.52674322668463 3251.2521738689393 1835.3236337190028 83.272552323760465 1222.9996715092566 71.091046331450343 22.579258590936661 2703.5038208810147 43.408445119392127 46.073448171140626 700.31470236927271 4094.6810190761462 599.47665868652984 1490.2922108015046 7801.6267352513969 240.24009583657607 47.863106666598469 1579.6984379410278 1405.1246748263948 117.0188673036173 708.57776543335058 1576.8685987314675 330.93736389628612 315.55233875801787 22.883322395384312 38.875453112646937 17.051606341265142 12.175567739643155 28.65145200304687 384.40741561446339
leaf_count=931 10743 19486 122995 5704 71148 2798 98 49964 1169 736 4014 23065 18376 63541 76786 6809 1642 77478 45102 3026 50522 106506 11315 9216 579 1588 662 504 696 17150
internal_value=-1.28491e-05 0.000221242 -0.00682647 0.0317349 0.00069454 -0.0154014 0.0137367 0.00109544 0.0017128 0.0372174 0.00158301 0.00125606 0.00216637 0.00118196 -0.00112215 0.00397759 0.00311417 0.000515039 0.00949502 -0.013356 -0.00291545 -0.00758018 -0.00466279 -0.00974974 0.058335 0.0101518 0.0423197 0.0747107 0.11224 0.00846997
internal_weight=31177.6 30711.4 1931.83 96.5037 28779.6 466.197 93.6703 27556.6 24853.1 89.4819 24763.6 24063.3 19968.6 16717.3 9164.61 7552.71 7312.47 5341.02 1475.87 1362.99 3865.14 2285.45 763.509 646.49 70.7464 1971.45 96.7541 57.8786 40.827 1874.7
internal_count=804349 790710 129630 6635 661080 13639 2896 589932 539968 1905 538063 534049 510984 491498 118719 372779 365970 281829 47323 41933 234506 157028 23557 20531 2221 84141 3450 1862 1200 80691
is_linear=0
shrinkage=0.05


Tree=97
num_leaves=31
num_cat=0
split_feature=4 22 18 17 0 17 12 4 12 0 18 4 25 4 22 2 12 4 18 9 18 18 18 1 12 18 9 9 8 25
split_gain=52.8529 59.2583 63.0363 54.631 53.5333 45.9268 109.603 82.3574 62.9994 54.5468 48.659 61.1246 60.23 51.7362 43.9669 42.3639 51.8916 50.3286 125.105 46.0325 40.0054 39.4519 38.3138 37.185 36.9665 37.3746 36.0736 76.4685 100.779 79.0654
threshold=981.58256387710583 0.45226171500000006 154.75000000000003 185.42411041259768 131.87927246093753 172.66364288330081 9.1253869969040267 90.843411613255753 10.332817337461302 2.0735383033752446 173.25000000000003 33.333848420530565 27.265548872947697 48.365532897412784 0.066633861500000016 1.1593021713197234 6.7879256965944288 140.86816470324996 180.10011291503909 10.500000000000002 180.2159118652344 160.05882263183597 154.48529052734378 63.541052341461189 3.9396284829721364 164.45683288574222 25.500000000000004 40.500000000000007 1.0000000180025095e-35 30.810327410697941
decision_type=2 2 2 2 2 2 2 2 2 2 2 2 2 2 2 2 2 2 2 2 2 2 2 2 2 2 2 2 2 2
left_child=1 2 22 23 21 6 9 8 14 -4 -10 12 -12 -13 26 16 17 -9 -19 -20 -15 -2 -1 -3 25 -17 -7 28 29 -28
right_child=4 3 5 -5 -6 7 -8 15 10 -11 11 13 -14 20 -16 24 -18 18 19 -21 -22 -23 -24 -25 -26 -27 27 -29 -30 -31
leaf_value=0.0054101347182159386 0.0027892089252648804 0.00047958123852150986 -0.010781387213383691 -0.016133793316803032 0.03270221935292162 -0.0068442115509084606 -0.037037665087168298 0.018566154010386887 -0.016003314891085901 -0.00062133887571473665 -0.0005914627668813057 0.12558558965386357 0.11100349660021967 -0.023207234764670379 -0.017846645807080102 0.033255279708108397 -0.0083093048947542984 0.020385501615136095 0.078022835569750357 0.22715169889979961 0.083920628667311259 0.043447994204225758 0.025002216952308195 -0.0093921488460446921 -0.0033655297989306459 0.0065495817558806572 -0.021839732590803525 -0.0068229622942077477 0.026204282995380142 0.19670236000678443
leaf_weight=902.02665706910193 5599.4914017040282 2421.8043140636291 1591.9827335362788 1068.4789774701931 157.33091374486685 2136.8171112891287 232.50798114901409 76.181729668285698 60.757539280690253 7739.4345124277752 96.77931950846687 27.347308320691809 12.815613785292951 16.28146677929908 541.25166264781728 135.08732447726652 64.3127795252949 36.565588239114732 10.577647173777224 13.182297678897156 16.942702005151659 59.311067343689501 344.40735286660492 1572.7909303093329 984.42167014675215 3569.4395533939824 178.15008659707382 871.69141867174767 531.82581882341765 3.2427131105214348
leaf_count=5339 29614 81337 40963 96162 1237 133507 4990 4326 2612 68597 3636 806 420 546 51161 4553 3480 1700 569 651 499 381 2058 9392 43603 119057 19290 47403 25947 193
internal_value=-0.000270904 -0.00126048 -4.76924e-05 -0.00609669 0.00402588 -0.000764415 -0.0032026 0.00172068 -0.00316513 -0.00235566 0.0222148 0.0358743 0.0133437 0.0757611 -0.00454484 0.00621067 0.0286439 0.0459875 0.079749 0.166594 0.0322786 0.00322296 0.0108394 -0.00340859 0.00524399 0.00753213 -0.00260608 0.00310859 0.0152394 -0.0168759
internal_weight=31073.2 25257.1 20194 5063.07 5816.13 18947.6 9563.93 9383.67 4493.9 9331.42 230.924 170.166 109.595 60.5715 4262.98 4889.77 200.82 136.507 60.3255 23.7599 33.2242 5658.8 1246.43 3994.6 4688.95 3704.53 3721.73 1584.91 713.219 181.393
internal_count=804029 772797 585906 186891 31232 578509 114550 463959 286020 109560 8519 5907 4056 1851 277501 177939 10726 7246 2920 1220 1045 29995 7397 90729 167213 123610 226340 92833 45430 19483
is_linear=0
shrinkage=0.05


Tree=98
num_leaves=31
num_cat=0
split_feature=4 20 21 9 12 21 12 20 20 21 21 19 10 23 21 23 13 12 21 17 23 4 21 20 23 21 23 21 4 17
split_gain=57.214 45.0285 77.3282 63.1223 43.9161 123.471 64.9745 72.8761 53.9845 53.4808 48.9981 43.8107 47.322 68.1729 59.914 68.662 43.3586 42.5584 87.7767 98.6779 88.6474 58.6556 117.12 43.4216 73.1661 78.6438 64.0104 48.0952 41.8184 41.6187
threshold=981.58256387710583 -5.5233306884765616 0.14982857000000002 12.500000000000002 4.314241486068112 -1.6064002499999999 7.1718266253869976 72.964897155761733 44.238334655761726 -1.6487905499999997 -0.30160026499999998 0.48529411852359777 -32.893044561147683 1.4116550000000003 0.24118209000000004 1.4448999000000002 -86.071898981859604 1.2368421052631582 0.98067301500000015 179.04860687255862 2.1248558500000003 105.98737020790578 1.0861206000000003 34.646110534667976 0.96886367000000007 0.53773349500000012 0.57171410500000008 0.0095684877600000027 44.559207424521453 156.08823394775393
decision_type=2 2 2 2 2 2 2 2 2 2 2 2 10 2 2 2 2 2 2 2 2 2 2 2 2 2 2 2 2 2
left_child=1 2 -1 11 8 -6 -7 -8 9 -2 -11 -4 -13 -14 -15 -16 -3 18 19 23 21 22 -20 24 26 -26 -18 -28 -17 -10
right_child=4 16 3 -5 5 6 7 -9 29 10 -12 12 13 14 15 28 17 -19 20 -21 -22 -23 -24 -25 25 -27 27 -29 -30 -31
leaf_value=-0.020023605504907685 0.06753152357961828 -0.032251996886420609 -0.0093326426901973354 -0.029449170691101798 -0.05288263299231051 -0.0045208883821445684 0.017752798253878977 -0.037175825499965273 -0.0011059085584319722 0.00044291728522281989 0.026452056217742638 0.052932077113905823 -0.019917473425627885 0.17117731415713772 0.13650987137176626 -0.045099336743335217 -0.0069969575908731402 -0.0015679202377243255 0.16901734543122535 0.011278966097981527 -0.021173180452720847 0.017583338842145729 0.033476212160753388 -0.013167028851311414 -0.027914577933491242 0.059140354718511069 0.066477809316001918 0.01205626724669717 0.032440414942626263 0.011661485842826984
leaf_weight=805.38153821812011 52.55205849185586 108.03208306408487 149.13809495884925 110.15847538714297 108.28923309780657 1522.7299318034202 721.01829643268138 64.964316934347153 1488.1801535114646 308.0374374575913 438.46714550629258 94.014353171922266 97.099417784251273 6.8765601520426562 11.4785856641829 23.275167734129354 115.77572079980746 20028.664142261259 18.121678603580222 1108.0305611195508 130.82575473422185 735.69802893209271 101.00591849861667 1181.2579143769108 198.93447184935212 28.859288486652076 87.733175438363105 75.82300269138068 60.522906720405445 1116.482913473621
leaf_count=68937 239 17504 6835 11469 642 8183 3623 1013 7273 1455 2672 3835 8399 449 508 1918 849 580352 325 34743 2412 10501 2107 15731 2228 191 895 779 1881 6125
internal_value=-0.000267238 -0.00129643 -0.0101499 0.0042515 0.00420154 -0.000952252 0.00150536 0.0131713 0.00786049 0.0192213 0.0157346 0.0126904 0.0238837 0.00998179 0.0383194 0.0270521 -0.00079339 -0.00064931 0.0042145 -0.000309354 0.0170365 0.0229022 0.0553301 -0.00791656 0.0043153 -0.0166753 0.0214314 0.0414751 0.0106256 0.00436918
internal_weight=31097.4 25276.7 1357.95 552.564 5820.72 2417 2308.71 785.983 3403.72 799.057 746.505 442.405 293.267 199.253 102.153 95.2767 23918.8 23810.7 3782.07 2796.41 985.651 854.826 119.128 1688.38 507.126 227.794 279.332 163.556 83.7981 2604.66
internal_count=804073 772848 104231 35294 31225 13461 12819 4636 17764 4366 4127 23825 16990 13155 4756 4307 668617 651113 70761 55416 15345 12933 2432 20673 4942 2419 2523 1674 3799 13398
is_linear=0
shrinkage=0.05


Tree=99
num_leaves=31
num_cat=0
split_feature=4 22 17 5 13 12 12 12 11 11 24 10 22 22 19 13 11 11 22 22 5 24 24 11 5 3 5 3 11 22
split_gain=43.0077 55.3381 63.554 76.8822 60.8103 76.3266 61.0577 95.0576 49.286 47.4662 70.5787 63.1435 55.5282 43.5459 46.5597 58.3802 56.4026 84.8655 64.3953 121.777 70.1366 65.2303 62.4226 55.0915 42.2017 41.3082 40.9428 54.5441 52.5139 46.0867
threshold=807.61934294551622 0.20379827500000003 155.279411315918 24.500000000000004 -42.114818479911911 3.6795665634674926 5.7941176470588251 5.8498452012383906 86.487190067987243 32.570528774992241 7.5000000000000009 -0.75860369205475198 0.54894245000000008 -0.8116650299999999 0.30882354080677038 91.409224794283759 28.386584936119274 26.375174039641063 -1.7176085499999998 -1.1377592999999997 7.5000000000000009 2.5000000000000004 2.5000000000000004 21.510219842207047 16.500000000000004 36.486483350396163 28.500000000000004 626.90290313959133 9.5080668581966847 -0.50443315499999986
decision_type=2 2 2 2 2 2 2 2 2 2 8 8 2 2 2 2 2 2 2 2 2 10 10 2 2 2 2 2 2 2
left_child=1 2 -1 13 -3 9 -7 -8 -9 10 11 12 -6 14 15 -4 17 23 -19 20 21 -20 -18 -16 -2 -23 27 28 -26 -28
right_child=24 4 3 -5 5 6 7 8 -10 -11 -12 -13 -14 -15 16 -17 22 18 19 -21 -22 25 -24 -25 26 -27 29 -29 -30 -31
leaf_value=0.008988321771468839 -0.034485961654252988 -0.022870354128602523 -0.013904736490157742 -0.012105979560886371 -0.0030737653230678095 -0.018455510770071914 0.074720085599843139 -0.0060495236242927193 0.11114379607846292 -0.0013832219219375868 -0.0020223249695758773 0.018907255092965349 0.10118821262879499 0.0023969387848905314 0.01306513504207913 0.0070815923488946374 0.0018812773310524702 -0.041066409343546842 0.077711817892638035 0.010993003013374442 0.031600494741728567 0.12886416105159421 -0.016972974048781307 -0.020660700302720846 -0.039340521768494778 0.28972291634060721 -0.0078169945415658398 -0.00028931684322784526 0.013728436391204694 0.0034969006904959814
leaf_weight=1853.2481107655913 73.196101952344179 453.2303461630363 1548.9454253646545 1370.9492573090829 16.930691487155855 1194.9646297693253 37.056420359294862 1449.6148637235165 8.0292779426090402 2560.5427924937103 289.99134138040245 187.58893743064255 50.257026573643088 8843.2909579474945 438.15772055229172 420.83050448819995 1500.9423589394428 18.312254724092782 22.490288460161537 70.258836572989821 22.308292825706303 12.302510106004776 619.38120323140174 166.20870179729536 46.759358750656247 8.4993113270029408 1276.0751194376498 1375.119708167389 2047.9851821772754 3048.2786889392883
leaf_count=11052 374 65506 28470 12268 819 43134 938 67387 95 55826 10911 4112 1839 322204 18033 2247 71448 987 769 2722 648 493 29023 8260 757 218 6805 7243 12478 16115
internal_value=-0.000146924 -0.00123172 0.000253601 -0.000821593 -0.00525241 -0.00387079 -0.0100349 -0.00329505 -0.00532822 0.00146976 0.0148574 0.0340031 0.0752554 0.000309095 -0.00349857 -0.00941982 0.000554727 0.0122465 0.0452317 0.0570788 0.105531 0.142054 -0.00363176 0.00377128 0.00304684 0.204863 0.00340369 0.00744839 0.0125256 0.000157244
internal_weight=31031.7 23164.3 16916.1 15062.9 6248.21 5794.98 2689.67 1494.7 1457.64 3105.31 544.768 254.777 67.1877 13691.9 4848.64 1969.78 2878.86 758.538 154.171 135.859 65.6004 43.2921 2120.32 604.366 7867.41 20.8018 7794.22 3469.86 2094.74 4324.35
internal_count=803181 759409 508842 497790 250567 185061 111554 68420 67482 73507 17681 6770 2658 485522 163318 30717 132601 32130 5837 4850 2128 1480 100471 26293 43772 711 43398 20478 13235 22920
is_linear=0
shrinkage=0.05


Tree=100
num_leaves=31
num_cat=0
split_feature=4 11 14 24 17 14 23 14 12 14 14 14 23 12 4 2 14 22 22 11 12 14 12 12 3 0 11 11 0 3
split_gain=40.5886 53.1032 61.8382 84.4226 56.6703 59.9332 89.4174 81.6809 58.504 116.801 49.0887 48.3258 106.253 79.8917 72.1059 67.0545 93.2146 57.9884 57.8903 49.1256 49.0698 46.3107 43.6648 40.1128 41.665 40.4475 40.0603 38.2162 37.1666 37.1309
threshold=1299.6740894317629 68.440097592586525 173.50000000000003 5.5000000000000009 191.96875000000003 256.50000000000006 1.6436854000000001 269.50000000000006 7.1718266253869976 224.50000000000003 160.50000000000003 208.50000000000003 0.82948699500000012 0.69195046439628494 222.5449879318476 83.792090147733703 198.50000000000003 -1.6132802499999999 -0.71799501499999996 77.785250096994204 8.1130030959752339 203.50000000000003 5.5773993808049545 11.018575851393191 310.00570499897009 131.87927246093753 68.884798549692349 54.128781830597873 67.389881134033217 128.45810649544003
decision_type=2 2 2 8 2 2 2 2 2 2 2 2 2 2 2 2 2 2 2 2 2 2 2 2 2 2 2 2 2 2
left_child=1 -1 3 10 5 11 7 -7 -6 -10 -3 12 14 21 -4 16 -16 -15 19 -19 -13 29 -17 24 27 -26 -20 -2 -28 -14
right_child=23 2 4 -5 8 6 -8 -9 9 -11 -12 20 13 17 15 22 -18 18 26 -21 -22 -23 -24 -25 25 -27 28 -29 -30 -31
leaf_value=0.00046474965106921469 0.012688035708817026 0.05223968840689195 -0.015666236174263704 -0.039514700145297801 -0.019314864742014805 0.045461902358260288 -0.014914743717250257 -0.036078285281519386 -0.020292155687804788 0.31362251202529057 -0.0091457426479331829 -0.0091561086468158609 0.087567296360529581 0.025376734527126174 -0.0047568279447230133 0.025803434939292547 0.16417987487189653 -0.012268533246497501 0.085544342755752081 -0.050913912232194193 0.073824565663781358 -0.026425211818972078 -0.034450683508110973 -0.0437710284581092 0.0035725123147600599 0.034394862708452517 -0.01145342296899781 0.065608967049927802 0.015365209232354194 0.025430058168129339
leaf_weight=22252.149596703006 94.556751107797027 37.096631687367335 123.09562782244757 287.16525054886006 620.48966916650534 225.22392311878502 140.6527093546465 34.775665203109384 7.3223269258160126 2.9837878281250596 223.42062141047791 2092.9409844097681 32.922779257409275 111.37751066638157 13.744927548570557 478.77690045163035 18.91881411941722 180.65032955259085 10.902781398966907 151.27158081438392 16.979036358650774 29.215043443255126 31.230053001083434 39.747831521555781 2662.51614167355 109.89587305486202 743.19464562623762 52.937959134578705 155.41820412129164 87.425949121825397
leaf_count=635076 585 766 9199 7317 49233 3546 2303 494 1212 417 5023 41645 908 1926 400 3121 254 3302 338 3563 336 461 192 281 13527 923 16450 247 882 695
internal_value=-6.37969e-05 -0.000650278 -0.00488575 -0.0208665 -0.00323369 -0.00133536 0.0171321 0.0344592 -0.0172895 0.0955702 -0.000238367 -0.00306848 0.00217358 -0.00519546 0.0187855 0.0266148 0.0950616 -0.00903485 -0.0121401 -0.029981 -0.00845369 0.0293614 0.0220536 0.00550465 0.00619018 0.00480624 -0.00560338 0.031996 -0.00680312 0.04301
internal_weight=31069 28109.3 5857.2 547.683 5309.51 4678.72 400.652 260 630.796 10.3061 260.517 4278.07 2168.15 1502.38 665.766 542.671 32.6637 1352.82 1241.44 331.922 2109.92 149.564 510.007 2959.65 2919.91 2772.41 909.516 147.495 898.613 120.349
internal_count=804622 789059 153983 13106 140877 90015 6343 4040 50862 1629 5789 83672 41691 28525 13166 3967 654 26461 24535 6865 41981 2064 3313 15563 15282 14450 17670 832 17332 1603
is_linear=0
shrinkage=0.05


Tree=101
num_leaves=31
num_cat=0
split_feature=20 24 0 23 22 17 21 9 21 14 14 14 5 22 21 19 14 9 22 20 22 17 9 9 17 22 21 17 14 2
split_gain=45.7059 46.6639 41.8647 40.1362 70.5482 58.8357 39.0939 43.6942 43.3927 37.8505 55.065 101.779 49.8534 37.6235 36.1836 36.6576 48.9808 64.782 50.7031 43.2933 55.1193 42.8236 59.3152 42.7411 36.8711 89.655 66.8891 60.0953 65.7742 69.1786
threshold=-5.5233306884765616 2.5000000000000004 131.87927246093753 1.7272303000000002 -1.52295315 184.67221832275393 -2.0836265999999992 16.500000000000004 -1.6777381999999998 157.50000000000003 193.50000000000003 209.50000000000003 5.5000000000000009 -0.14198879499999997 -1.3714820999999997 0.60294118523597728 217.50000000000003 13.500000000000002 -0.32743333499999999 44.238334655761726 -0.29999218999999994 225.77272796630862 55.500000000000007 55.500000000000007 182.42893218994143 0.58186933500000004 -0.55150461499999992 184.44949340820315 229.50000000000003 0.32347974181175237
decision_type=2 10 2 2 2 2 2 2 2 2 2 2 2 2 2 2 2 2 2 2 2 2 2 2 2 2 2 2 2 2
left_child=1 -1 6 4 5 -3 7 -2 9 -8 13 -12 -13 -11 -10 23 18 -18 -17 20 -19 -20 -23 24 -16 26 -26 -28 -29 -30
right_child=2 3 -4 -5 -6 -7 8 -9 14 10 11 12 -14 -15 15 16 17 19 21 -21 -22 22 -24 -25 25 -27 27 28 29 -31
leaf_value=-0.016898520052599546 -0.027335264728906905 -0.01790314189551959 0.021452813633751455 -0.022416529498609228 0.0039159183426799773 0.13503464476716712 -0.043258446821451954 0.02640951554727012 -0.0085138489684320352 0.041757610425642994 -0.035502665172054172 0.038326099777303731 0.002278996491097206 0.0092297984748704424 0.00077873424551121943 -0.0046983121359196857 -0.0090859297224103394 0.063967381598863254 -0.03447368185780441 0.0040114384988988545 0.00044530321225335294 -0.036094047183251217 0.30475506396527158 -0.014743649503344954 0.02217508609531392 -0.016524364408468224 0.022428575051952972 -0.014742724453636395 0.066561352077406918 0.0046358622876621729
leaf_weight=765.46468910435215 226.25471377046779 9.0256439512595552 238.05197625607252 129.56066742446274 416.23526468104683 18.237775433808565 29.969950495287776 44.535629330668598 1125.4989152471535 209.99129223078489 130.08100758306682 146.95280966488644 273.1083331219852 154.84722943557426 20575.328475607093 400.44372283224948 1188.2338323227596 71.667807710822672 287.20240945671685 930.44362112996168 64.455173266585916 2.5212625004351135 1.2536780382506547 408.40146783972159 770.44020257447846 369.63454963080585 391.00900031067431 486.91929366858676 46.05727595789358 1090.954640180571
leaf_count=65326 4573 378 1822 11978 25737 704 461 2501 28573 3934 3485 2796 6552 3122 284696 30520 44265 3186 39832 43880 6729 412 192 24629 35850 33616 15122 40146 2131 37370
internal_value=0.000205193 -0.00882903 0.000613124 0.00196046 0.00911619 0.085562 0.000443812 -0.0184315 0.000619748 0.0111535 0.012981 0.00297822 0.0149507 0.0280149 0.000266522 0.000631686 -0.00463254 -0.00106009 -0.0162644 0.00788142 0.0341118 -0.032111 0.117221 0.00127437 0.00155065 0.00658284 0.00965412 0.00485793 0.00061608 0.00720058
internal_weight=31002.8 1338.52 29664.3 573.059 443.499 27.2634 29426.2 270.79 29155.4 944.951 914.981 550.142 420.061 364.839 28210.5 27085 2946.22 2254.8 691.421 1066.57 136.123 290.977 3.77494 24138.7 23730.3 3155.01 2785.38 2014.94 1623.93 1137.01
internal_count=804518 104123 700395 38797 26819 1082 698573 7074 691499 20350 19889 12833 9348 7056 671149 642576 169016 98060 70956 53795 9915 40436 604 473560 448931 164235 130619 94769 79647 39501
is_linear=0
shrinkage=0.05


Tree=102
num_leaves=31
num_cat=0
split_feature=25 0 11 4 11 23 23 11 11 23 5 4 2 11 11 16 24 23 23 11 23 4 2 3 3 23 5 11 0 23
split_gain=47.0533 45.8072 56.8242 47.6037 45.2432 43.6697 47.0155 41.9966 36.5448 48.192 40.3626 47.6425 48.1194 45.8319 42.4959 42.0566 67.7081 58.821 46.9747 48.5662 46.7461 40.1214 51.3201 35.9166 33.4871 33.9099 33.3763 46.8481 32.9164 31.2463
threshold=23.469580107927328 33.028537750244148 49.240419371982021 84.52066266164185 58.047414695861363 1.2767918500000002 0.15539592000000002 48.929337142444808 81.848965866762242 0.26362890000000005 28.500000000000004 981.58256387710583 315.53501510620123 27.620079198385081 76.554730456576181 0.22058823704719546 4.5000000000000009 1.2250030000000003 0.70163381000000014 29.781702899261621 0.79377040500000007 517.13883790373814 136.92651963233951 94.953062385320678 458.48491396009928 1.3213951500000003 2.5000000000000004 24.582699336849689 2.0735383033752446 0.85595423000000015
decision_type=2 2 2 2 2 2 2 2 2 2 2 2 2 2 2 2 8 2 2 2 2 2 2 2 2 2 2 2 2 2
left_child=1 2 5 -4 -3 6 26 -8 10 -10 11 -2 13 -13 15 18 17 -17 -12 20 -20 -11 -23 -5 25 -21 27 -1 -7 -26
right_child=8 4 3 23 -6 28 7 -9 9 21 14 12 -14 -15 -16 16 -18 -19 19 24 -22 22 -24 -25 29 -27 -28 -29 -30 -31
leaf_value=-0.016008990267459909 0.0019700152680253223 -0.0049364231390903327 -0.024157132288101991 0.0016628625301986046 0.033574026439147829 0.0004720724145309595 -0.0082520387128426319 0.084071009464466717 -0.037452176925806366 -0.010836735543089976 0.0044616401380909746 -0.0038093550393326378 -0.0015377673092227832 0.021589636679827998 0.019952103805389004 -0.0089375788193609609 -0.0015972966646444885 0.064275056253965054 -0.050021138499170961 -0.025889033508326026 0.010909037568788063 0.041202883222719165 -0.00033216420496075646 -0.014920497794673117 0.008229400653189195 -0.004830425175285021 0.021220106164626454 0.21306967510245889 0.017194692813660685 -0.010774492806812315
leaf_weight=3.3307217936962825 16595.093096698867 148.90154117997736 570.73695947881788 635.92142958403565 154.86647831229493 1003.0147860136349 1732.9233237106819 11.412826202344148 102.90453590010293 1036.0987773942761 868.96629369072616 220.08734149765223 534.18758270516992 913.4713553711772 196.78678877837956 39.570592999458313 321.50102527439594 86.844608660787344 33.11934101395309 619.28107417374849 407.51924700476229 76.294623780064285 1965.2164705190808 669.65073543530889 271.51132621988654 277.09838333725929 30.815509855281562 5.0423003938049078 415.48300305102021 1050.6491996310651
leaf_count=301 378245 3029 70651 43446 2306 62223 116400 587 1692 36600 4371 2030 2747 4808 1062 408 3005 719 202 3150 2507 462 10436 25188 1316 1575 1826 224 17983 5244
internal_value=0.000162187 -0.00408726 -0.00521628 -0.0121231 0.0147426 -0.00116651 -0.00637235 -0.00760017 0.00105514 -0.00395993 0.00176623 0.00277994 0.0108332 0.0166593 -0.00266998 -0.00379435 0.0106222 0.0414677 -0.0056271 -0.00892434 0.0062265 -0.00282826 0.00123948 -0.00684794 -0.011935 -0.0193918 0.0471087 0.129958 0.00537885 -0.00686869
internal_weight=30998.3 5382.1 5078.33 1876.31 303.768 3202.02 1783.52 1744.34 25616.2 3180.51 22435.7 18262.8 1667.75 1133.56 4172.85 3976.06 447.916 126.415 3528.14 2659.18 440.639 3077.61 2041.51 1305.57 2218.54 896.379 39.1885 8.37302 1418.5 1322.16
internal_count=804743 344164 338829 139285 5335 199544 119338 116987 460579 49190 411389 387830 9585 6838 23559 22497 4132 1127 18365 13994 2709 47498 10898 68634 11285 4725 2351 525 80206 6560
is_linear=0
shrinkage=0.05


Tree=103
num_leaves=31
num_cat=0
split_feature=25 14 4 2 11 3 11 14 11 4 5 3 14 22 14 22 24 14 14 12 12 22 14 12 12 5 14 14 21 21
split_gain=48.278 50.5295 44.3301 39.8802 35.0231 40.3545 34.0969 67.3126 32.5749 32.6543 56.2064 60.8654 48.0253 50.831 134.987 56.9322 47.9759 44.3955 37.3081 37.1421 37.0524 36.3648 56.3853 155.016 65.0504 53.7432 94.2701 86.7372 59.0206 55.5375
threshold=20.701035678386692 241.50000000000003 10.950230896472933 1.0000000180025095e-35 30.246955496827059 153.20752999931577 89.691619807248813 245.50000000000003 136.89156054385907 981.58256387710583 29.500000000000004 548.42395627498638 191.50000000000003 -0.56666779499999986 233.50000000000003 -1.0214239499999997 2.5000000000000004 228.50000000000003 246.50000000000003 4.2925696594427256 7.1718266253869976 0.20379827500000003 167.50000000000003 5.7941176470588251 0.56811145510835925 19.500000000000004 253.50000000000003 228.50000000000003 2.1251499500000004 -1.8284060999999998
decision_type=2 2 2 2 2 2 2 2 2 2 2 2 2 2 2 2 10 2 2 2 2 2 2 2 2 2 2 2 2 2
left_child=1 4 3 -3 5 -1 -4 -8 9 21 11 -11 -12 14 16 -16 -14 -15 19 -13 -21 -2 23 -23 -24 26 28 -27 -26 -29
right_child=8 2 6 -5 -6 -7 7 -9 -10 10 12 18 13 17 15 -17 -18 -19 -20 20 -22 22 24 -25 25 27 -28 29 -30 -31
leaf_value=-0.0034538229580327396 0.00098758109467104072 0.13208374508921994 -0.0015601355334295551 -0.0064838405151572747 -0.020248590513766242 0.10913490780731246 0.17200069312345811 -0.044182169746899896 -0.019156298987214517 0.016377808747063193 0.023302745318956961 0.010612221149933126 -0.022474387960750512 0.004623633814364151 0.070551911581098567 0.0027692100587428181 -0.075392466238303785 -0.016519367328628434 -0.03257624679966515 -0.010552847386407693 0.012200676116279395 0.0017443899154599301 0.026178020621451581 0.075391444283340242 -0.017861149825169495 0.0054349231410417004 0.0023100396299274048 0.080206672669590806 0.043464033659275043 -0.018702743834239414
leaf_weight=308.36014862218872 16761.486900284421 11.17464585369453 792.27683866163716 8.8977301558479649 794.17908318107948 7.168887371197342 7.0489775394089502 5.9164074063301086 209.07723375922069 1359.7003180766478 178.19988718628883 965.58101480454206 448.61050532758236 1409.4728088192642 50.487515088170767 77.986746458336711 46.672343924641609 300.32615491189063 71.883332990109921 594.25213134661317 254.86567551083863 826.57857725233771 157.76541972020641 77.216903739143163 2027.7335123042576 1664.4348629324231 955.0403177109547 13.559042152017353 39.084929174743593 609.23442881787196
leaf_count=24831 428206 318 33620 334 72190 102 324 300 4225 8123 897 5179 2316 6917 260 441 227 1837 453 3038 1313 20934 2650 1488 124053 12420 36404 164 997 9977
internal_value=-4.7179e-05 -0.00769262 0.00167627 0.0732664 -0.0146557 -0.000559078 -0.000196928 0.0772516 0.00046147 0.000604101 0.00397302 0.00831733 -0.00164279 -0.0035569 -0.0157623 0.0297455 -0.0276029 0.000902381 0.00250237 0.00390907 -0.00371698 -0.000234625 -0.00344996 0.00811289 -0.00536269 -0.00630471 -0.0106802 -0.00052172 -0.016681 -0.0164242
internal_weight=31034.3 1935.02 825.315 20.0724 1109.71 315.529 805.242 12.9654 29099.3 28890.2 5758.04 3246.28 2511.76 2333.56 623.757 128.474 495.283 1709.8 1886.58 1814.7 849.118 23132.1 6370.65 903.795 5466.85 5309.09 3021.86 2287.23 2066.82 622.793
internal_count=804538 132019 34896 652 97123 24933 34244 624 672519 668294 31001 18106 12895 11998 3244 701 2543 8754 9983 9530 4351 637293 209087 22422 186665 184015 161454 22561 125050 10141
is_linear=0
shrinkage=0.05


Tree=104
num_leaves=31
num_cat=0
split_feature=20 21 11 23 22 9 8 22 11 17 14 22 22 20 21 14 23 11 21 21 11 14 23 22 22 11 10 22 3 21
split_gain=39.731 43.9607 71.6089 54.8677 52.6285 85.5325 50.1495 47.2871 44.2827 40.983 34.7435 53.9252 75.4816 130.009 117.697 77.6459 116.266 74.3807 94.6077 67.5688 64.4963 100.952 75.6999 65.4676 58.8017 60.1586 56.9324 52.2737 57.8155 51.0598
threshold=-5.5233306884765616 0.14982857000000002 45.808174089295072 1.7520907000000003 -1.1087322999999998 2.5000000000000004 1.0000000180025095e-35 1.0095930500000001 44.867967678055223 184.44949340820315 197.50000000000003 -0.71799501499999996 -0.26662154499999996 28.348884582519535 -1.5061045999999998 161.50000000000003 1.4551887000000001 60.975795745019212 -0.67567974499999994 -0.47047499999999992 32.109559930549601 178.50000000000003 1.8763792500000001 0.014423421100000002 0.72205493000000009 87.722411732163422 -18.194756186008451 -0.19567234999999997 64.168665856122985 -0.12487920499999999
decision_type=2 2 2 2 2 2 2 2 2 2 2 2 2 2 2 2 2 2 2 2 2 2 2 2 2 2 10 2 2 2
left_child=1 7 3 4 5 9 -7 -1 -6 -3 11 -2 -13 15 -15 16 -14 27 -19 20 21 23 -22 -17 25 -21 -25 -16 -29 -30
right_child=10 2 -4 -5 8 6 -8 -9 -10 -11 -12 12 13 14 17 19 -18 18 -20 24 22 -23 -24 26 -26 -27 -28 28 29 -31
leaf_value=-0.019638692593301109 -0.002176882261856214 0.013200120120387238 -0.036815609840379453 -0.040452148223049524 0.0031857050192258584 -0.0098067228146770744 0.1212032226802208 0.025058991627284668 0.099323521508072665 0.13807476317921391 -0.00068323292381066499 0.01258018365390039 0.024005772143828784 -0.052339181653742683 -0.014373396742389161 -0.016430045325433653 -0.025304508631939851 -0.044784357590161285 0.01505265295031878 -0.011992245807514464 -0.016419886946524256 -0.019973662520629779 0.022731800008649421 -0.0064784855564994073 -0.026724242071463747 0.017052557050209926 0.070041729761028459 -0.01923401612244325 0.024223929747709871 0.057588919312758169
leaf_weight=711.25870248535648 3465.4767223377712 8.8553521074354631 94.343864400871098 45.807273279875517 303.53130457713269 47.333362632896751 7.6133597129955879 63.683678279398009 11.474159729667006 27.266298326663673 19288.479623680003 2419.1420673092362 492.2877281261608 58.652331351768225 53.315567157231271 37.474457421340048 156.88035890832543 76.312300944700837 453.3318652594462 1005.5753055829555 437.13940592296422 92.683113686740398 170.93887386075221 29.407639398705214 535.13693540683016 215.73359285457991 134.89215282723308 40.815469696652144 213.19176486879587 253.37560227327049
leaf_count=62667 65527 279 11168 3453 16066 2798 248 6024 359 700 502037 43776 3409 527 357 808 1753 528 3345 25714 13710 4670 4298 1721 15983 6413 1588 878 1205 1509
internal_value=0.000192065 -0.00828826 0.00257382 0.0108607 0.0167342 0.0499947 0.0101878 -0.0159379 0.00699078 0.108642 0.000570456 0.00290856 0.00547144 0.00161117 0.0160933 -0.00342213 0.0120687 0.019819 0.00636306 -0.0072072 0.00390917 0.0230754 -0.00539458 0.0428506 -0.0129182 -0.00685198 0.0563892 0.0324957 0.0374393 0.0424276
internal_weight=30951.4 1321.17 546.225 451.881 406.074 91.0684 54.9467 774.942 315.005 36.1217 29630.2 10341.8 6876.29 4457.14 1148.99 3308.15 649.168 1090.34 529.644 2658.98 902.536 294.457 608.078 201.774 1756.45 1221.31 164.3 560.698 507.383 466.567
internal_count=803518 103762 35071 23903 20450 4025 3046 68691 16425 979 699756 197719 132192 88416 8349 80067 5162 7822 3873 74905 26795 8787 18008 4117 48110 32127 3309 3949 3592 2714
is_linear=0
shrinkage=0.05


Tree=105
num_leaves=31
num_cat=0
split_feature=4 11 11 22 13 23 23 22 22 18 24 11 11 18 23 24 11 18 11 22 11 24 11 22 23 13 22 22 19 24
split_gain=38.9775 87.9445 53.8152 49.2268 50.7505 44.2469 46.7743 76.992 64.7618 47.477 61.9553 44.9912 53.5337 44.316 43.9854 41.6655 47.2636 40.5464 48.0365 56.7464 44.9465 71.6955 62.448 53.9383 68.7351 48.4993 45.6869 50.2413 43.2981 58.0518
threshold=114.95012314990164 49.474657544628514 9.5080668581966847 -1.6132802499999999 85.497398175137718 0.13422438000000003 1.3986131500000003 -0.86996909999999994 -1.7667101999999997 158.82353210449222 5.5000000000000009 6.357137902244788 5.7738242810447895 175.90900421142581 0.41263689000000009 3.5000000000000004 9.0522675820548493 160.38235473632815 68.440097592586525 -0.13172641999999998 39.709729274025555 4.5000000000000009 46.607583067169415 -0.60950839499999987 1.2903483500000001 -6.53272132332157 -0.75141000499999988 -0.79341500999999981 0.48529411852359777 1.5000000000000002
decision_type=2 2 2 2 2 2 2 2 2 2 8 2 2 2 2 10 2 2 2 2 2 8 2 2 2 2 2 2 2 8
left_child=1 5 -2 4 -4 -1 7 11 -8 -9 -11 12 -7 -10 -12 16 -15 -5 20 -20 25 22 23 -22 -25 -19 27 -23 29 -26
right_child=2 -3 3 17 -6 6 8 9 13 10 14 -13 -14 15 -16 -17 -18 18 19 -21 21 26 -24 24 28 -27 -28 -29 -30 -31
leaf_value=0.046243454921099915 -0.023214914052952753 -0.012148076707477621 0.0035602084609960283 -0.00024842067916845033 0.031413465323148392 -0.010545772581313157 -0.02419222015516264 0.011235742852676022 0.001253334713474592 0.0086353184636848539 0.0079080319106675564 -0.022594066568678756 0.10656169210766862 0.059189677187032247 -0.011230590483188366 0.0023526913049824517 0.017793080094232701 0.01109722089525747 0.0073590555872028078 -0.012210862890975576 0.0074183807043120276 0.023258077353317284 -0.0066483918556229787 0.0085971389825492996 0.058867862072533486 -0.0076949313480040617 0.016715017433939609 0.10092991649891506 0.036384467087765694 0.23646866552841203
leaf_weight=50.115693429019302 223.0651184101589 1945.5047335610725 412.38162315031514 16079.647552836686 270.34718910232186 27.38335227034986 177.48789609409869 668.59617334697396 1390.6606915986631 765.57380413310602 361.45935290749185 626.62856124527752 14.028793683275579 78.668390776030719 1752.9575807666406 393.27656157757156 529.43456441443413 625.33672606153414 716.07329044723883 765.34229660662822 132.84892839565873 54.279533548746258 657.8687502630055 29.911510970443487 9.312632126733666 758.89187320973724 1349.7105617581401 33.635095060337335 12.369718834757803 10.166598021984099
leaf_count=2371 8067 169776 7706 114855 1506 927 7130 4470 51112 36599 22055 26025 188 2540 115881 24652 23310 32943 22664 31583 4249 1898 19241 1035 264 24308 45010 887 318 166
internal_value=4.69058e-05 -0.00277159 0.00116487 0.00141403 0.0146194 -0.000101787 -0.000450809 -0.00369097 0.0048657 -0.000757446 -0.00354462 -0.0192492 0.0307027 0.00703099 -0.00795665 0.0150454 0.0232368 0.000988808 0.00484675 -0.00275275 0.00791063 0.0122085 0.000717486 0.0255242 0.0637317 0.000796461 0.0190172 0.0537753 0.113674 0.158582
internal_weight=30923 8781.78 22141.2 21918.1 682.729 6836.27 6786.16 4216.63 2569.53 3548.59 2879.99 668.041 41.4121 2392.04 2114.42 1001.38 608.103 21235.4 5155.75 1481.42 3674.33 2290.1 852.478 194.609 61.7605 1384.23 1437.63 87.9146 31.8489 19.4792
internal_count=803736 487036 316700 308633 9212 317260 314889 206145 108744 179005 174535 27140 1115 101614 137936 50502 25850 299421 184566 54247 130319 73068 25273 6032 1783 57251 47795 2785 748 430
is_linear=0
shrinkage=0.05


Tree=106
num_leaves=31
num_cat=0
split_feature=23 12 14 22 24 22 22 1 22 13 22 13 4 18 25 14 23 12 23 13 18 14 23 25 14 22 18 2 23 4
split_gain=40.4945 36.4691 53.0536 48.3064 50.9473 44.4982 56.0912 75.0288 43.8087 55.9025 45.3683 41.848 41.4405 52.3146 54.4399 61.9139 53.1437 45.9595 40.8963 39.747 50.3083 35.2626 127.122 64.1278 56.4065 68.6202 118.441 54.2267 51.134 49.7885
threshold=2.4967763500000006 1.7647058823529413 270.50000000000006 1.3255616000000001 3.5000000000000004 0.41218942500000005 0.085721280400000016 6.5985656678676614 -0.96998232499999992 -42.114818479911911 -0.86996909999999994 -48.441655599261303 733.939440958202 167.48529815673831 26.107058528065686 153.50000000000003 1.7520907000000003 0.69195046439628494 1.6436854000000001 -38.993787704145198 176.38038635253909 246.50000000000003 0.93985930000000006 20.701035678386692 262.50000000000006 1.2243577000000003 156.30882263183597 0.57007116079330455 0.42142683000000009 10.950230896472933
decision_type=2 2 2 2 8 2 2 2 2 2 2 2 2 2 2 2 2 2 2 2 2 2 2 2 2 2 2 2 2 2
left_child=1 2 3 4 8 6 -4 -8 12 -10 -11 -3 13 -1 15 16 -15 -16 -14 20 -19 23 27 -13 -24 -26 -27 28 29 -23
right_child=-2 11 5 -5 -6 -7 7 -9 9 10 -12 21 18 14 17 -17 -18 19 -20 -21 -22 22 24 -25 25 26 -28 -29 -30 -31
leaf_value=-0.01494780485049693 -0.015119540977611826 -0.013743004276285362 0.016350171080368469 -0.034519167215412379 0.0052669062143955499 -0.016350186232132163 -0.00082445798887901189 0.099613637488808582 0.045265744760436925 -0.038774662349275069 -0.0094018621750497113 -0.013805405820557974 0.00078151031070624916 0.11450162013753938 0.099708641226088246 -0.0079276746749679782 -0.027458720829870061 0.20312029984942392 0.035285839465728566 0.012522701991854832 0.0096521376396137715 0.18438213277035767 -0.0045965295521979404 0.00088838100951781909 0.007456926799589203 0.22890148889052095 0.033596966874381094 -0.018746778176337752 -0.0053402522339267289 0.034631072328467877
leaf_weight=545.98974308604375 449.68423352460377 627.96934384759516 228.73181645385921 88.358135576825589 4993.9755686910357 64.2944211717695 28.488953769207001 52.446084277704358 36.21251214761287 183.41601656191051 461.31058792117983 774.5486139615532 194.73179053515196 18.635418605990711 19.62016727309674 424.40215362003073 9.4287616973742825 5.4632059703581017 152.69210838899016 148.00609949417412 7.2183731733821332 5.754033242352306 1271.1222873195074 17444.437358351657 982.64626639522612 7.8526834510266772 67.960338853299618 1453.0397573472001 109.36061881575733 35.672270419076085
leaf_count=7964 13682 97622 3336 2542 102209 1134 249 510 1820 3367 10325 64327 990 525 427 16497 420 159 806 3566 358 159 42645 337071 28765 166 2270 52603 5562 1649
internal_value=-0.000241662 -2.14117e-05 0.00296204 0.00201827 0.00247132 0.0213041 0.0291496 0.0646811 -0.00385367 -0.0143896 -0.0178051 -0.00102515 0.000853466 -0.00362167 0.00615926 -0.00311054 0.0675033 0.0293098 0.0160038 0.0201505 0.101752 -0.000664019 -0.00495671 0.000262977 0.0025019 0.0110228 0.0565432 -0.0157853 0.0126886 0.0592869
internal_weight=30893.5 30443.8 7663.42 7289.46 7201.1 373.961 309.667 80.935 2207.13 680.939 644.727 22780.4 1526.19 1178.76 632.774 452.466 28.0642 180.308 347.424 160.688 12.6816 22152.4 3933.41 18219 2329.58 1058.46 75.813 1603.83 150.787 41.4263
internal_count=803725 790043 157204 151975 149433 5229 4095 759 47224 15512 13692 632839 31712 29916 21952 17442 945 4510 1796 4083 517 535217 133819 401398 73846 31201 2436 59973 7370 1808
is_linear=0
shrinkage=0.05


end of trees

feature_importances:
doy=407
reg_dry=341
rmm1=320
reg_rain_7d=301
rmm2=247
mjo_amp=175
onset_doy_anom=162
rain_1d=156
rain_30d=142
clim_onset_doy=133
mjo_phase=123
rain_7d_vs_region=108
onset_threshold_mm=106
clim_first_cand_doy=83
clim_rain_doy=79
wet_days_30d=73
rain_3d=56
rain_14d=44
days_since_wet_spell=33
clim_false_rate=32
rain_7d=27
spell_deficit=26
clim_dryday_doy=17
days_since_rain=12
wet_spell_seen=6
wet_spell_today=1

parameters:
[boosting: gbdt]
[objective: binary]
[metric: binary_logloss]
[tree_learner: serial]
[device_type: cpu]
[data_sample_strategy: bagging]
[data: ]
[valid: ]
[num_iterations: 107]
[learning_rate: 0.05]
[num_leaves: 31]
[num_threads: 10]
[seed: 0]
[deterministic: 0]
[force_col_wise: 0]
[force_row_wise: 0]
[histogram_pool_size: -1]
[max_depth: -1]
[min_data_in_leaf: 200]
[min_sum_hessian_in_leaf: 0.001]
[bagging_fraction: 0.6]
[pos_bagging_fraction: 1]
[neg_bagging_fraction: 1]
[bagging_freq: 1]
[bagging_seed: 3]
[bagging_by_query: 0]
[feature_fraction: 0.6]
[feature_fraction_bynode: 1]
[feature_fraction_seed: 2]
[extra_trees: 0]
[extra_seed: 6]
[early_stopping_round: 0]
[early_stopping_min_delta: 0]
[first_metric_only: 0]
[max_delta_step: 0]
[lambda_l1: 0]
[lambda_l2: 1]
[linear_lambda: 0]
[min_gain_to_split: 0]
[drop_rate: 0.1]
[max_drop: 50]
[skip_drop: 0.5]
[xgboost_dart_mode: 0]
[uniform_drop: 0]
[drop_seed: 4]
[top_rate: 0.2]
[other_rate: 0.1]
[min_data_per_group: 100]
[max_cat_threshold: 32]
[cat_l2: 10]
[cat_smooth: 10]
[max_cat_to_onehot: 4]
[top_k: 20]
[monotone_constraints: ]
[monotone_constraints_method: basic]
[monotone_penalty: 0]
[feature_contri: ]
[forcedsplits_filename: ]
[refit_decay_rate: 0.9]
[cegb_tradeoff: 1]
[cegb_penalty_split: 0]
[cegb_penalty_feature_lazy: ]
[cegb_penalty_feature_coupled: ]
[path_smooth: 0]
[interaction_constraints: ]
[verbosity: -1]
[saved_feature_importance_type: 0]
[use_quantized_grad: 0]
[num_grad_quant_bins: 4]
[quant_train_renew_leaf: 0]
[stochastic_rounding: 1]
[linear_tree: 0]
[max_bin: 255]
[max_bin_by_feature: ]
[min_data_in_bin: 3]
[bin_construct_sample_cnt: 200000]
[data_random_seed: 1]
[is_enable_sparse: 1]
[enable_bundle: 1]
[use_missing: 1]
[zero_as_missing: 0]
[feature_pre_filter: 1]
[pre_partition: 0]
[two_round: 0]
[header: 0]
[label_column: ]
[weight_column: ]
[group_column: ]
[ignore_column: ]
[categorical_feature: ]
[forcedbins_filename: ]
[precise_float_parser: 0]
[parser_config_file: ]
[objective_seed: 5]
[num_class: 1]
[is_unbalance: 0]
[scale_pos_weight: 1]
[sigmoid: 1]
[boost_from_average: 1]
[reg_sqrt: 0]
[alpha: 0.9]
[fair_c: 1]
[poisson_max_delta_step: 0.7]
[tweedie_variance_power: 1.5]
[lambdarank_truncation_level: 30]
[lambdarank_norm: 1]
[label_gain: ]
[lambdarank_position_bias_regularization: 0]
[eval_at: ]
[multi_error_top_k: 1]
[auc_mu_weights: ]
[num_machines: 1]
[local_listen_port: 12400]
[time_out: 120]
[machine_list_filename: ]
[machines: ]
[gpu_platform_id: -1]
[gpu_device_id: -1]
[gpu_device_id_list: ]
[gpu_use_dp: 0]
[num_gpu: 1]

end of parameters

pandas_categorical:[]
