tree
version=v4
num_class=1
num_tree_per_iteration=1
label_index=0
max_feature_idx=25
objective=binary sigmoid:1
feature_names=rain_1d rain_3d rain_7d rain_14d rain_30d wet_days_30d days_since_rain wet_spell_today wet_spell_seen days_since_wet_spell spell_deficit reg_rain_7d reg_dry rain_7d_vs_region doy clim_rain_doy clim_dryday_doy clim_onset_doy clim_first_cand_doy clim_false_rate onset_doy_anom rmm1 rmm2 mjo_amp mjo_phase onset_threshold_mm
feature_infos=[0:346.57876586914062] [0:964.80462646484375] [0:1936.1752166748047] [0:3242.0305023193359] [0:5169.823317527771] [0:30] [0:90] [0:1] [0:1] [0:99] [-40:1526.9935302734375] [0:206.38006867099287] [0.049535603715170282:16.606811145510836] [-206.38006867099287:1790.3473903487895] [152:274] [0.039228077977895737:78.65045166015625] [0:1] [153.82353210449219:228] [153.82353210449219:203.72727966308594] [0:0.82352942228317261] [-51.727279663085938:120.17646789550781] [-2.7230477:2.6857595000000001] [-2.8039255000000001:4.0264211000000003] [0.026713300499999999:4.2046590000000004] [1:8] [20:40]
tree_sizes=3382 3577 3537 3566 3559 3550 3551 3569 3568 3545 3546 3561 3559 3551 3540 3557 3548 3540 3558 3562 3561 3552 3561 3557 3557 3553 3560 3554 3568 3562 3564 3545 3554 3554 3561 3566 3549 3555 3560 3563 3560 3563 3580 3560 3563 3552 3557 3560 3564 3551 3561 3567 3569 3557 3563 3555 3569 3560 3559 3567 3566 3565 3558 3551 3560 3533 3552 3556 3563 3540 3567 3574 3566 3575 3552 3560 3561 3550 3554 3553 3572 3538 3581 3572 3555 3561 3527 3570 3564 3572 3555 3563 3557 3552 3574 3563 3554 3565 3573 3560 3551 3578 3561 3558 3519 3533 3548 3550 3562 3559 3579 3542 3534 3573 3573 3544 3572 3576 3575 3563 3551 3545 3530 3533 3564 3568

Tree=0
num_leaves=31
num_cat=0
split_feature=1 5 18 7 5 18 18 16 21 9 11 18 5 16 11 21 13 21 24 11 15 0 24 9 24 22 16 15 0 5
split_gain=64175.9 26693.2 13721.4 8729.75 6101.64 3084.07 2993.46 2920.97 2867.59 2780.74 2771.78 1760.61 1726.63 1612.84 1417.74 1334.42 1311.43 1087.86 1064.75 915.151 847.951 794.399 759.128 731.07 721.992 719.468 692.557 527.599 505.611 491.214
threshold=12.898411482572557 7.5000000000000009 172.48621368408206 1.0000000180025095e-35 3.5000000000000004 171.93548583984378 163.66176605224612 0.66176471114158641 -0.10662768499999999 26.500000000000004 20.631915132800589 180.41287994384768 5.5000000000000009 0.83823528885841381 14.008156353618409 -0.044221688049999992 -42.114818479911911 0.0095684877600000027 2.5000000000000004 19.299244392351842 2.561894536018372 2.5366268157958989 2.5000000000000004 24.500000000000004 4.5000000000000009 2.7106600000000003 0.42647059261798864 1.6165126562118532 0.83526119589805614 1.5000000000000002
decision_type=2 2 2 2 2 2 2 2 2 2 2 2 2 2 2 2 2 2 8 2 2 2 8 2 10 2 2 2 2 2
left_child=1 2 6 5 9 -2 23 18 13 11 25 -4 21 -6 -10 27 -8 29 -3 -17 -16 -7 -18 -1 -21 -11 -20 -9 -5 -12
right_child=3 7 4 28 8 12 16 15 14 10 17 -13 -14 -15 20 19 22 -19 26 24 -22 -23 -24 -25 -26 -27 -28 -29 -30 -31
leaf_value=1.1800503060892265 1.1662595108438842 1.1744338418411862 1.0501785611911607 1.1674643212633042 1.1140867339419882 1.078770579417742 1.0826185170008558 1.1093505731664577 1.1436684128394468 1.1165406303622396 1.0449900681334829 1.0063947531677062 1.1433312356747434 1.0727948235851656 1.0480591467779037 1.1544446793624286 1.1406344627972287 1.0317039701624706 1.1670406986729813 1.115358228012209 1.0760907473729044 1.1214141854352291 1.110939707689981 1.1110505805506627 1.0864709058008666 0.96551543392774986 1.1380443020410347 1.1407974538147374 1.1888277164415011 1.0775629403465772
leaf_weight=2205.8314740657806 7977.2484822273254 3762.9542706012726 4291.9838736057281 3065.7820420265198 8180.9063818454742 2091.5166857242584 3274.8042278289795 1573.9555566310883 568.98428630828857 2314.2270500659943 1769.8444900512695 4958.4501881599426 5371.6851997375488 3325.8574342727661 5163.0329647064209 1092.4646277427673 2893.7549333572388 4075.007746219635 2601.1238732337952 6879.2345929145813 5670.0504968166351 2284.8159637451172 8390.8534445762634 464.28821802139282 3154.7552025318146 80.64926815032959 9878.7954468727112 8714.3753941059113 29483.041745901108 3368.0318222045898
leaf_count=11925 43126 20343 23203 16574 44227 11307 17704 8509 3076 12511 9568 26806 29040 17980 27912 5906 15644 22030 14062 37190 30653 12352 45362 2510 17055 436 53406 47111 159389 18208
internal_value=1.12546 1.10203 1.0816 1.17144 1.06672 1.14321 1.1194 1.13513 1.08454 1.04715 1.06346 1.0267 1.12434 1.10215 1.06677 1.12301 1.11047 1.05101 1.15112 1.111 1.06273 1.10103 1.11856 1.16805 1.10627 1.11139 1.14409 1.13599 1.18682 1.06633
internal_weight=148928 98654.2 60996.6 50274.1 43767 17725.3 17229.5 37657.7 22908.8 20858.2 11607.8 9250.43 9748.02 11506.8 11402.1 21414.8 14559.4 9212.88 16242.9 11126.5 10833.1 4376.33 11284.6 2670.12 10034 2394.88 12479.9 10288.3 32548.8 5137.88
internal_count=805125 533337 329755 271788 236610 95825 93145 203582 123848 112762 62753 50009 52699 62207 61641 115771 78710 49806 87811 60151 58565 23659 61006 14435 54245 12947 67468 55620 175963 27776
is_linear=0
shrinkage=1


Tree=1
num_leaves=31
num_cat=0
split_feature=1 19 5 7 19 8 18 11 5 18 16 8 11 19 12 18 5 5 23 8 22 22 22 22 22 22 5 19 22 18
split_gain=58734.6 22862.2 11615.4 8795.52 4780.73 3548.42 3242.56 2537.09 2277.5 2257.72 1833.31 1759.17 1064.02 1021.03 850.438 829.476 780.212 775.791 762.846 751.035 695.892 686.198 559.599 505.465 498.591 475.749 444.427 440 420.668 414.159
threshold=12.26904618740082 0.51470589637756359 5.5000000000000009 1.0000000180025095e-35 0.33823530375957495 1.0000000180025095e-35 171.83396911621097 16.244831388937339 6.5000000000000009 180.10011291503909 0.80882352590560924 1.0000000180025095e-35 51.624088383588266 0.16176471114158633 11.018575851393191 171.83396911621097 2.5000000000000004 8.5000000000000018 2.4041249500000004 1.0000000180025095e-35 -0.0062803106849999993 -0.16078418999999997 1.2243577000000003 0.45226171500000006 -0.28485888499999995 -0.17849789999999996 7.5000000000000009 0.33823530375957495 0.14726732500000003 179.31085205078128
decision_type=2 2 2 2 2 2 2 2 2 2 2 2 2 2 2 2 2 2 2 2 2 2 2 2 2 2 2 2 2 2
left_child=1 4 5 6 13 9 27 -7 15 24 17 29 22 -1 16 -6 -11 28 23 -17 -10 -14 -9 -12 -3 -15 -13 -2 -4 -8
right_child=3 2 10 -5 8 7 11 12 20 14 18 26 21 25 -16 19 -18 -19 -20 -21 -22 -23 -24 -25 -26 -27 -28 -29 -30 -31
leaf_value=0.042759045954532206 0.049507339400349411 -0.042134366540329649 -0.0092641256412391623 0.060010647251658493 -0.0097829014398327016 0.0065634507806274535 -0.0099535131012289755 -0.036105077372947596 0.018316634374518286 -0.1035614976585426 -0.026238055750155566 -0.00045144159958418104 -0.047791798735133451 0.028203211951582138 -0.012985675131643516 -0.054448463342562085 -0.076729420488715713 0.0033367802940625782 -0.12869398619561356 -0.01725258303715391 -0.0063088947022177117 -0.086746920342194778 -0.091099466242044291 -0.055367010139836297 -0.067200928426314227 0.0069047281796460157 0.025168978029950093 0.025984426150742892 -0.031414081629215128 -0.044514454054539604
leaf_weight=6563.2759309709072 4961.7101617008448 3982.6246347278357 5671.8000135570765 31781.593470230699 4695.0823482573032 2239.7700197100639 1476.8082767277956 7036.1447726041079 6320.9054422676563 6211.9750099331141 5765.6532141566277 3207.3703483045101 1972.2439689487219 5271.9983127862215 353.40450768172741 3137.7966709882021 4840.0103487968445 8533.5407848507166 216.74012562632561 2393.0797810405493 5251.6748399287462 2663.7307338267565 494.7165521979332 2009.2881998866796 3969.5609835386276 5216.7259437888861 3583.0589935034513 3323.5933820158243 3446.1068352907896 2100.1565637588501
leaf_count=36148 27384 21005 30380 177351 25207 12025 7914 37159 34321 32025 30763 17281 10382 28726 1880 16432 25350 46189 1152 12690 28355 13950 2600 10675 20874 28273 19541 18327 18392 11237
internal_value=0.000152597 -0.0223613 -0.0418651 0.0440146 0.00746261 -0.0611322 0.0167578 -0.0423381 -0.0080502 -0.0751165 -0.0164948 -0.00187903 -0.0513401 0.0272928 -0.0893775 -0.0252419 -0.0918189 -0.0074983 -0.0363622 -0.0383607 0.00714191 -0.0701884 -0.0397294 -0.033772 -0.0546539 0.0176118 0.0130692 0.0400756 -0.0176382 -0.0302522
internal_weight=148692 98257.8 59407.3 50434.3 38850.5 33764.2 18652.7 14406.6 21798.5 19357.6 25643.1 10367.4 12166.8 17052 11405.4 10226 11052 17651.4 7991.68 5530.88 11572.6 4635.97 7530.86 7774.94 7952.19 10488.7 6790.43 8285.3 9117.91 3576.96
internal_count=803988 524953 314801 279035 210152 177250 101684 76116 117005 101134 137551 55973 64091 93147 59255 54329 57375 94961 42590 29122 62676 24332 39759 41438 41879 56999 36822 45711 48772 19151
is_linear=0
shrinkage=0.05


Tree=2
num_leaves=31
num_cat=0
split_feature=7 5 20 13 24 15 12 15 15 20 6 24 14 13 14 12 24 24 14 11 14 15 4 23 20 22 20 24 20 24
split_gain=53867 23589.8 10281.9 8846.55 3673.1 2804.88 2804.69 2557.95 2375.3 1926.31 1760.8 1534.09 1480.67 1359.24 1316.1 1235.44 1132.71 1009.23 1096.21 984.424 933.843 857.928 757.856 746.715 709.539 695.792 657.275 654.13 653.127 574.89
threshold=1.0000000180025095e-35 7.5000000000000009 -9.5233306884765607 -18.218781043270791 2.5000000000000004 4.9859051704406747 1.6362229102167185 2.6226284503936772 2.5416612625122075 8.1695404052734393 1.5000000000000002 2.5000000000000004 222.50000000000003 -43.535206903971655 167.50000000000003 4.2058823529411766 2.5000000000000004 7.5000000000000009 243.50000000000003 20.325362273898474 246.50000000000003 11.53325414657593 30.84677524864674 2.4041249500000004 -23.098388671874996 2.7106600000000003 -19.215438842773434 6.5000000000000009 -18.344085693359371 2.5000000000000004
decision_type=2 2 2 2 8 2 2 2 2 2 2 8 2 2 2 2 8 8 2 2 2 2 2 2 2 2 2 8 2 8
left_child=1 2 6 4 15 9 24 20 12 -3 -2 -11 23 -9 -10 -4 -8 18 -13 26 22 29 -6 -5 -1 -16 -18 -24 -21 -7
right_child=10 5 3 8 7 21 16 13 14 11 -12 17 -14 -15 25 -17 19 -19 -20 28 -22 -23 27 -25 -26 -27 -28 -29 -30 -31
leaf_value=-0.058865024893465748 0.057990022886983683 -0.038970641020800327 0.014255725546744613 -0.040048104502714205 -0.079743006723911172 0.045683518064271809 -0.057993445528643855 -0.049778078634111704 0.044232449284578812 0.033295211619088071 0.0084015874334108769 -0.031810488637628115 0.0063196705327418909 -0.020072030639491034 0.0075651349977053084 -0.025927772787154468 -0.09165129369961994 0.010136361734487596 0.0065727544904419415 -0.12636052620261623 -0.015845669049102482 0.051975566914682914 -0.076158573667137713 -0.12557541297373909 -0.016538207160874025 -0.13604830094665074 -0.035293074290781504 -0.045702019720125102 -0.091577097768372667 0.018370560694063714
leaf_weight=1782.365859746933 32174.716297760606 2456.4190641492605 3568.9263198673725 2707.9495517611504 5189.8967437744141 2387.7094123363495 2961.3962512761354 6494.5073662549257 2920.9402174800634 4654.9819273203611 1896.0102438628674 3824.4802601784468 2143.133138448 9463.5486380457878 10823.848619744182 4119.7865966409445 1086.8449666798115 12412.269383862615 3620.2099015265703 2215.8856588304043 1052.1679331213236 3410.6366832405329 2576.5435596704483 281.13093830645084 2228.4726009517908 84.003508001565933 990.27093422412872 5610.5701005011797 3508.7171644866467 9977.4100316166878
leaf_count=8969 184755 13218 18897 14210 26284 13380 15105 33630 16351 25624 10505 20575 11371 49857 57926 21494 5421 67567 19592 11052 5468 19290 13197 1443 11785 437 5153 29025 17884 54945
internal_value=3.66091e-05 -0.0163795 -0.0338845 -0.0242547 -0.0381503 0.0130295 -0.0710576 -0.0459617 0.00364965 0.00323297 0.0552308 0.00746374 -0.0253967 -0.032164 0.0144305 -0.00727608 -0.0843565 0.00140681 -0.0131471 -0.0943548 -0.0612181 0.0297752 -0.0647854 -0.0481315 -0.0353577 0.00644677 -0.0648123 -0.055295 -0.105061 0.023648
internal_weight=148626 114555 71810.9 57037 38075.9 42744.1 14774 30387.2 18961 26968.4 34070.7 24511.9 5132.21 15958.1 13828.8 7688.71 10763.1 19857 7444.69 7801.72 14429.2 15775.8 13377 2989.08 4010.84 10907.9 2077.12 8187.11 5724.6 12365.1
internal_count=804410 609150 374959 299590 197852 234191 75369 157461 101738 146576 195260 133358 27024 83487 74714 40391 54615 107734 40167 39510 73974 87615 68506 15653 20754 58363 10574 42222 28936 68325
is_linear=0
shrinkage=0.05


Tree=3
num_leaves=31
num_cat=0
split_feature=7 19 8 19 21 4 4 18 9 6 6 19 6 24 13 9 13 24 24 21 18 6 6 24 24 8 19 21 13 9
split_gain=49558 22244.5 9469.97 4855.61 3291.38 2275.07 2225.15 2192.66 2337.2 1696.94 1241.17 1235.36 1139.3 1050.34 881.572 807.289 796.936 770.94 769.391 663.844 629.035 618.192 606.438 541.542 489.741 479.856 470.036 419.579 374.153 365.672
threshold=1.0000000180025095e-35 0.51470589637756359 1.0000000180025095e-35 0.33823530375957495 0.0095684877600000027 89.018010266125216 50.847406454384334 181.44355010986331 53.500000000000007 1.5000000000000002 1.0000000180025095e-35 0.16176471114158633 1.5000000000000002 2.5000000000000004 -13.05243415491592 92.500000000000014 -39.435043463627615 2.5000000000000004 3.5000000000000004 0.080794680850000009 175.75000000000003 1.0000000180025095e-35 1.0000000180025095e-35 4.5000000000000009 3.5000000000000004 1.0000000180025095e-35 0.36764706671237951 0.9413359750000001 -31.29270957372275 11.500000000000002
decision_type=2 2 2 2 2 2 2 2 2 2 2 2 2 8 2 2 2 8 8 2 2 2 2 10 8 2 2 2 2 2
left_child=1 3 7 11 12 14 16 10 21 26 -3 -1 -4 -8 27 17 -5 -12 -13 -10 -18 -9 -15 28 -23 -22 -2 -6 -7 -16
right_child=9 2 4 6 5 23 13 8 19 -11 15 18 -14 22 29 -17 20 -19 -20 -21 25 24 -24 -25 -26 -27 -28 -29 -30 -31
leaf_value=0.044108562187600446 0.06152239665503717 -0.01057779795059878 0.012040854288799481 -0.04904170873060866 -0.046620263392993196 -0.019779127988772773 0.032132476523826801 -0.053511056888739167 -0.018942640386983275 0.0083872859211379259 -0.030929295404184272 0.039359601742381484 -0.012807550174910221 0.021028499630892521 -0.052204570576174406 0.016174577576272407 -0.0032944014791972615 -0.061226573411247126 0.0112263039166669 -0.063326995392285104 -0.05070279297406604 -0.073450120370579103 -0.0046273825686614142 -0.03186938529995114 -0.10055851781880235 -0.0011707512421002624 0.048722978234360559 -0.068874067139815393 0.0051233717973851872 -0.0034827970251685835
leaf_weight=8674.1246707737446 19973.665363103151 2387.3289179205894 6500.2369420677423 2219.7978903055191 7010.4371462464333 2677.1672106683254 3527.0788791328669 1248.4481065869331 2000.7621396481991 1912.1803861260414 2879.2950141727924 3406.0119666457176 15881.81197488308 3001.0836072862148 526.66842822730541 438.00817675888538 4364.1051954478025 7788.2684180289507 8481.2322361767292 1455.7987249046564 1600.746966868639 2510.7412519752979 9894.5942956805229 2935.4029855430126 5049.6126573681831 703.88994792103767 11238.977438047528 3045.7343073636293 3452.5031750053167 1426.0578036010265
leaf_count=49901 118881 12335 35061 11322 35657 14210 19560 6219 10192 10633 14697 19168 83688 16395 2733 2266 23141 38778 46599 7201 7971 12285 53220 15479 24277 3692 66280 15412 18647 7649
internal_value=0.000223546 -0.0152879 -0.0331833 0.0117136 -0.0189436 -0.0331242 -0.00294821 -0.0572051 -0.0725074 0.0541143 -0.0432905 0.0297617 -0.00559081 0.00795826 -0.047397 -0.0503211 -0.023098 -0.0530527 0.0192899 -0.0376489 -0.0144561 -0.08618 0.00134442 -0.0142134 -0.0915669 -0.0355816 0.0569153 -0.0533665 -0.00575438 -0.0166435
internal_weight=148212 115087 69214.3 45872.7 43456 21074 25311.3 25758.3 12265.4 33124.8 13492.9 20561.4 22382 16422.8 12008.9 11105.6 8888.54 10667.6 11887.2 3456.56 6668.74 8808.8 12895.7 9065.07 7560.35 2304.64 31212.6 10056.2 6129.67 1952.73
internal_count=803549 607755 356786 250969 228536 109787 135301 128250 60174 195794 68076 115668 118749 89175 61451 55741 46126 53475 65767 17393 34804 42781 69615 48336 36562 11663 185161 51069 32857 10382
is_linear=0
shrinkage=0.05


Tree=4
num_leaves=31
num_cat=0
split_feature=1 5 18 20 7 21 20 16 24 18 14 20 21 18 16 20 24 14 14 18 18 16 11 11 14 0 11 24 11 20
split_gain=46962.5 17279 8246.29 10532.4 6441.83 3777.1 2403.61 2215.24 2212.39 1867.5 1694.03 1654.75 1535.16 1318.49 978.638 890.703 885.461 849.985 848.852 779.386 746.949 702.55 596.81 536.272 536.113 531.853 522.213 522.08 516.644 508.177
threshold=13.748407185077669 7.5000000000000009 171.49331665039065 27.889450073242191 1.0000000180025095e-35 -0.12487920499999999 -6.5469207763671866 0.63235294818878185 2.5000000000000004 161.1470642089844 242.50000000000003 6.2876815795898446 1.0000000180025095e-35 175.58020782470706 0.63235294818878185 -1.0000000180025095e-35 3.5000000000000004 240.50000000000003 202.50000000000003 175.13873291015628 185.6957702636719 0.39705882966518408 20.631915132800589 24.582699336849689 219.50000000000003 2.439024925231934 53.401806228566379 3.5000000000000004 44.126377676085987 24.029861450195316
decision_type=2 2 2 2 2 2 2 2 8 2 2 2 2 2 2 2 8 2 2 2 2 2 2 2 2 2 2 10 2 2
left_child=1 2 9 8 6 -5 19 21 15 29 26 -9 24 -10 -8 -4 -11 27 20 -2 -15 -3 -12 -19 -13 -16 -7 -14 -18 -1
right_child=4 7 3 5 -6 10 14 11 13 16 22 12 17 18 25 -17 28 23 -20 -21 -22 -23 -24 -25 -26 -27 -28 -29 -30 -31
leaf_value=0.060090208467681684 0.012331509429733706 0.045579914926641846 -0.053309235977279094 0.0071244612748886148 0.057637894844509298 -0.039387771264003141 0.04468963898821926 -0.043969969003477077 -0.045774014543235916 0.014024117963756461 0.012932247194079542 0.0017314420337520503 -0.0099911886967264524 -0.072831293866430183 0.0027389425910955521 -0.019705082030663037 -0.0064701334336655621 0.029089115977620286 -0.049543738048134223 -0.043938225840563554 -0.096579784052409856 0.01864274345363932 -0.025016523367296456 -0.0047883917549347167 0.025041963125486944 0.027911406127501016 -0.068391156038524553 -0.042234046325703989 -0.031838994195982392 -0.018315097016254618
leaf_weight=1463.6924072355032 933.50071766972542 3210.990217551589 4728.1220400035381 9711.8415492475033 28160.394903227687 3375.5423034131527 4821.9351756572723 1983.5789894461632 4584.8953987061977 3634.2144829332829 1487.2943821549416 3742.713138282299 2831.1737508773804 10563.285834670067 3848.3735667467117 3385.205040127039 5777.1372268795967 1503.6742923259735 2631.8885611742735 1802.7064346969128 4845.7077984660864 9837.0315882116556 3409.9221517592669 5222.3910395205021 7233.8775968104601 4614.0326694995165 2882.5019932091236 2256.0199770778418 3074.780027449131 240.14369861781597
leaf_count=8658 5055 19019 23261 50514 173250 16800 27929 10433 22837 19708 7909 20568 15232 50949 20934 17304 30661 8248 12804 9033 22690 55454 17189 28178 39964 25411 14097 11772 15846 1340
internal_value=7.54721e-05 -0.0183285 -0.0338087 -0.0430905 0.0432377 -0.0156739 0.0179235 0.00860187 -0.061701 -5.19544e-05 -0.0355211 -0.000180274 0.00363285 -0.0697343 0.0267129 -0.0392924 -0.0067537 -0.00887587 -0.0758207 -0.0247434 -0.0803053 0.0252747 -0.0134911 0.00278844 0.0170946 0.0164656 -0.0527557 -0.0242954 -0.0152848 0.0490353
internal_weight=147799 103618 65796.2 51606.2 44180.9 20867.1 16020.5 37821.5 30739.1 14190 11155.3 24773.4 22789.8 22625.8 13284.3 8113.33 12486.1 11813.3 18040.9 2736.21 15409 13048 4897.22 6726.07 10976.6 8462.41 6258.04 5087.19 8851.92 1703.84
internal_count=803047 541435 332567 256354 261612 106509 88362 208868 149845 76213 55995 134395 123962 109280 74274 40565 66215 63430 86443 14088 73639 74473 25098 36426 60532 46345 30897 27004 46507 9998
is_linear=0
shrinkage=0.05


Tree=5
num_leaves=31
num_cat=0
split_feature=7 19 20 18 13 5 19 24 0 12 24 11 24 24 20 22 20 20 18 20 3 24 0 12 0 22 0 12 19 22
split_gain=42441.2 18365 15940.4 4470.17 3195.84 2418.26 2108.28 1835.17 1504.53 1289.13 1154.69 1129.96 1107.42 990.613 969.388 915.355 871.497 858.825 846.709 823.483 690.941 683.635 670.629 630.019 544.045 484.271 476.87 517.622 457.66 443.725
threshold=1.0000000180025095e-35 0.39705882966518408 23.059715270996097 175.58020782470706 -14.547713327134352 5.5000000000000009 0.1911764740943909 2.5000000000000004 2.2954241037368779 1.2863777089783284 2.5000000000000004 50.9687315441968 2.5000000000000004 6.5000000000000009 61.546920776367195 1.8385756500000003 62.476669311523445 -11.365150451660154 170.00141906738284 3.4155578613281254 14.776527941226961 2.5000000000000004 2.8965305089950566 4.7275541795665648 2.439024925231934 1.3255616000000001 9.0483694076538104 11.018575851393191 0.39705882966518408 -0.36822707999999993
decision_type=2 2 2 2 2 2 2 8 2 2 8 2 8 8 2 2 2 2 2 2 2 8 2 2 2 2 2 2 2 2
left_child=1 6 3 15 5 11 16 19 28 -9 -7 25 -8 14 -12 18 -1 -11 -3 23 -19 -13 -14 -5 29 -4 27 -6 -2 -20
right_child=8 2 4 7 26 10 12 9 -10 17 13 21 22 -15 -16 -17 -18 20 24 -21 -22 -23 -24 -25 -26 -27 -28 -29 -30 -31
leaf_value=0.055942073733347523 0.045842957904031409 0.002441986139728289 -0.016257479089901345 -0.036655917031622499 0.0072202075652112287 0.026032806875892801 0.033461890015187859 -0.026088381068821387 0.057468761164354003 -0.085426373135319741 -0.044024479939875995 0.0032801455999795816 -0.00086124420285944641 0.00095665846154900549 -0.0044895985269248614 -0.10956702939549066 0.025923120996013252 -0.075186253590431754 -0.022085533158134132 -0.013914386423041348 -0.05105520249009992 -0.054807458026939537 0.025217956007609111 -0.073249618537728753 -0.0019003370818957478 -0.071076666601448193 0.036544214889859657 0.044600194887097537 0.018248003348033514 -0.047762242744874124
leaf_weight=4528.8606426119804 2597.5828636735678 3007.1003362834454 7972.7196903675795 3338.3699583411217 11432.287219822407 2897.3451366424561 4341.880405947566 1737.542837113142 24966.206238687038 6729.2688839286566 3068.4355851709843 567.4422246068716 11527.270928069949 10946.642021849751 3133.808059155941 293.64498594403267 5192.5892672985792 5907.8482204079628 3433.8109647631645 2360.8191097080708 5983.5082311034203 4708.4414077848196 3134.6323655843735 1819.1228960454464 1558.4205327928066 423.44018591940403 2001.0279296636581 1006.8563661277294 3567.8797263354063 3304.2877233326435
leaf_count=27344 15905 15961 40113 16142 61770 16125 24745 8375 158576 30728 15541 2952 62394 58338 16493 1460 30795 27671 17371 12138 29309 22641 17529 8792 8149 2055 11207 5438 21268 16375
internal_value=0.00015328 -0.0137204 -0.0250931 -0.0486469 -0.00578627 -0.0142152 0.0209742 -0.0594995 0.052006 -0.0672966 -0.0031565 -0.0304284 0.0112849 -0.00808934 -0.0240526 -0.0225576 0.0399121 -0.0711402 -0.0202877 -0.0383804 -0.0630493 -0.0485605 0.00471568 -0.0495747 -0.0285255 -0.0190303 0.0138953 0.0102492 0.0298796 -0.0346823
internal_weight=147489 116357 87632.2 39473.7 48158.4 33718.3 28725.2 27876.5 31131.7 20358.2 20046.2 13672 19003.8 17148.9 6202.24 11597.3 9721.45 18620.6 11303.6 7518.31 11891.4 5275.88 14661.9 5157.49 8296.52 8396.16 14440.2 12439.1 6165.46 6738.1
internal_count=803700 607951 445144 192471 252673 174258 162807 133155 195749 96083 106497 67761 104668 90372 32034 59316 58139 87708 57856 37072 56980 25593 79923 24934 41895 42168 78415 67208 37173 33746
is_linear=0
shrinkage=0.05


Tree=6
num_leaves=31
num_cat=0
split_feature=9 5 17 14 21 17 15 6 24 13 14 6 24 14 24 14 24 12 22 0 17 15 9 24 23 21 17 14 17 14
split_gain=39559.9 15327.3 6887.65 8521.23 3278.94 2952.62 2195.39 1577.7 1534.46 1430.45 1319.05 1124.33 1043.64 1139.47 999.13 820.732 722.233 754.212 667.179 632.95 632.84 607.482 535.894 513.143 486.055 472.93 468.873 467.832 512.461 452.04
threshold=1.0000000180025095e-35 7.5000000000000009 187.091667175293 210.50000000000003 -0.12487920499999999 167.31060028076175 4.115276813507081 1.5000000000000002 2.5000000000000004 -37.755582872801234 241.50000000000003 1.5000000000000002 2.5000000000000004 246.50000000000003 3.5000000000000004 189.50000000000003 6.5000000000000009 3.4721362229102173 0.68539762500000012 3.9646896123886113 196.05555725097659 9.2330470085144061 38.500000000000007 2.5000000000000004 0.64900642500000016 1.3646467500000001 175.98484802246097 202.50000000000003 198.80808258056643 181.50000000000003
decision_type=2 2 2 2 2 2 2 2 8 2 2 2 8 2 8 2 8 2 2 2 2 2 2 8 2 2 2 2 2 2
left_child=7 2 5 8 24 15 12 26 20 -7 -6 -10 -3 16 -8 -2 -14 29 22 23 -4 -16 -12 -11 -5 -15 -1 28 -13 -18
right_child=1 6 3 4 10 9 14 -9 11 19 18 27 13 25 21 -17 17 -19 -20 -21 -22 -23 -24 -25 -26 -27 -28 -29 -30 -31
leaf_value=0.059348250091970214 0.057786468739546328 0.022158293531659597 -0.020166787986452897 -0.012093948290662529 -0.04733778738661519 -0.031701041107771298 0.042188735327074574 0.0064693105087297031 -0.041704126734113472 0.0089490733417827619 -0.0052211180623002139 -0.062805134041526101 -0.033413610355088698 0.019053356133601873 0.011752532108145742 -0.019798177437983712 -0.050180720697635128 -0.021165166188379901 0.028866500889062938 0.02025365567101492 -0.048382625363580428 0.037316216683672701 -0.042656383661705558 -0.012957473888741656 0.016375467817519338 -0.022885129498445796 0.046174877942750658 -0.045429157313242381 -0.082120918471795423 0.01404259144206433
leaf_weight=17051.908938527107 2161.683655872941 4299.0316488593817 3791.9043475985527 1892.5904185920954 5537.7292103022337 6106.5503225922585 5114.2601349055767 1851.1559611856937 5880.5169886350632 3574.6094718873501 2403.2287981808186 8759.2970948964357 3469.1546634733677 4798.004636824131 12219.805865690112 404.13544653356075 294.87264363467693 4124.6869782656431 840.89383599162102 2415.9794833064079 4180.0501930564642 2869.2974201142788 1586.8631798774004 10592.745269551873 7200.8961660861969 780.85291974246502 11230.314494982362 2162.1058174371719 5682.5005708038807 3707.0916134417057
leaf_count=112665 13531 24261 18751 9742 26503 30341 30661 10646 27913 19233 12320 40355 17726 26455 68541 2271 1516 22229 4379 13204 20029 17585 7960 54668 37783 4195 72277 10163 25379 20100
internal_value=0.000112849 -0.0130597 -0.026543 -0.037308 -0.0114647 -0.00526513 0.0112606 0.0511923 -0.0538214 -0.0110147 -0.030683 -0.0605049 0.000129388 -0.00538569 0.0230911 0.0455634 -0.0143184 -0.00616374 -0.0115859 -0.0033958 -0.0349658 0.0166158 -0.0201161 -0.00742992 0.0104496 0.0131803 0.0541192 -0.0671605 -0.0704106 0.00929914
internal_weight=146985 116851 75174.3 49918.6 19462.2 25255.7 41677.1 30133.4 30456.4 22689.9 10368.7 22484.4 21473.7 17174.7 20203.4 2565.82 11595.8 8126.65 4830.99 16583.3 7971.95 15089.1 3990.09 14167.4 9093.49 5578.86 28282.2 16603.9 14441.8 4001.96
internal_count=803382 607794 374525 241277 98687 133248 233269 195588 142590 117446 51162 103810 116482 92221 116787 15802 61571 43845 24659 87105 38780 86126 20280 73901 47525 30650 184942 75897 65734 21616
is_linear=0
shrinkage=0.05


Tree=7
num_leaves=31
num_cat=0
split_feature=1 5 7 16 14 21 16 13 16 24 14 21 16 24 14 14 21 14 14 5 21 14 16 21 12 2 3 11 12 14
split_gain=37397.4 12590.3 5247.56 5024.05 3796.73 2000.22 1924.28 1586.84 1473.11 1150.39 1139.91 1258.16 1120.02 841.364 839.845 761.319 634.715 630.411 605.23 596.249 729.314 568.029 496.185 472.914 472.212 467.055 447.738 410.305 391.809 377.404
threshold=14.440095543861391 7.5000000000000009 1.0000000180025095e-35 0.75000000000000011 210.50000000000003 0.0095684877600000027 0.66176471114158641 -39.435043463627615 0.69117647409439098 3.5000000000000004 187.50000000000003 0.0095684877600000027 0.54411765933036815 3.5000000000000004 218.50000000000003 240.50000000000003 -0.26192292499999997 240.50000000000003 218.50000000000003 2.5000000000000004 0.29393150000000007 251.50000000000003 0.33823530375957495 0.70677247500000007 1.2863777089783284 6.4077023491263398 5.8671893626451501 24.582699336849689 5.4272445820433441 221.50000000000003
decision_type=2 2 2 2 2 2 2 2 2 8 2 2 2 8 2 2 2 2 2 2 2 2 2 2 2 2 2 2 2 2
left_child=1 3 8 7 9 21 13 16 -2 26 25 28 -9 -3 -10 18 -1 23 -7 -14 -21 -6 -15 29 -11 -8 -5 -19 -12 -13
right_child=2 6 -4 4 5 15 10 12 14 24 11 17 19 22 -16 -17 -18 27 -20 20 -22 -23 -24 -25 -26 -27 -28 -29 -30 -31
leaf_value=-0.011133462236796215 0.034756301156192632 0.040439211329346601 0.055254352836323378 -0.052837926388943995 -0.0075088358033730228 -0.029255742666426377 -0.058569890904756422 0.031883775975558769 -0.010511919809155359 -0.024685138690200045 0.02323283257292226 0.0055612731622115968 -0.020426896327375075 0.041949479929969308 0.022459638275588674 -0.018834536446121958 -0.041493641076299881 0.027120085837673648 -0.071755535624055289 0.006108501263301677 -0.020054056337133756 0.02524332643985689 0.010412498509960998 -0.04121806484104712 -0.059799087290439416 -0.016968476550649422 -0.027961036076120452 -0.005163448166423462 -0.0011931873888584637 -0.038986623001103657
leaf_weight=2561.7106017768383 6850.095831990242 4138.3399965167046 25228.640040457249 2598.3854676187038 4970.4988005310297 1453.7743790894747 937.5908824801445 1858.0301115214825 4667.0052056610584 1017.0986420512199 6460.7679008245468 1578.3450839072466 6980.9091728180647 1417.7479388266802 3293.3878461718559 2851.0971471965313 5253.6299350708723 1248.6959624737501 1982.8115371912718 8446.1574357897043 3889.6536620557308 1803.2743572294712 10329.098859339952 2005.5395449101925 16871.71740463376 2404.3652133792639 5967.4350923299789 4631.7678825557232 2200.8331200629473 679.26244540512562
leaf_count=12733 40548 25562 171847 12286 25385 6723 4796 11037 23999 4827 36401 8325 35053 9045 18418 14346 24943 7025 9229 44550 19815 9582 59041 10200 76497 12624 28699 25070 12242 3568
internal_value=0.000189053 -0.0152936 0.0413857 -0.0281004 -0.0396979 -0.0176393 0.00777492 -0.0122912 0.0177592 -0.0505879 -0.00175019 0.00303225 -0.00518375 0.0210541 0.00313024 -0.0379456 -0.0315449 -0.00891832 -0.0537906 -0.00875065 -0.00214188 0.00121269 0.014222 -0.0235554 -0.0578041 -0.0286538 -0.0355126 0.00169529 0.017027 -0.0078535
internal_weight=146578 106539 40039.1 68506.2 39516.1 13061.5 38032.4 28990.1 14810.5 26454.6 22147.2 18805.2 21174.8 15885.2 7960.39 6287.68 7815.34 10143.6 3436.59 19316.7 12335.8 6773.77 11746.8 4263.15 17888.8 3341.96 8565.82 5880.46 8661.6 2257.61
internal_count=804416 549604 254812 335705 187574 65265 213899 148131 82965 122309 120251 102831 110455 93648 42417 30298 37676 54188 15952 99418 64365 34967 68086 22093 81324 17420 40985 32095 48643 11893
is_linear=0
shrinkage=0.05


Tree=8
num_leaves=31
num_cat=0
split_feature=7 19 5 16 19 6 21 21 16 5 11 22 22 21 11 9 5 12 0 19 5 3 12 12 21 23 17 22 22 5
split_gain=34064.3 13896.7 7414.26 1919.22 1775.18 1590.07 1568.34 1328.8 1067.61 952.599 870.233 763.182 718.76 711.293 651.644 649.449 634.382 606.714 511.873 505.724 499.86 480.962 469.394 463.473 458.483 426.452 397.968 388.316 371.404 369.132
threshold=1.0000000180025095e-35 0.39705882966518408 5.5000000000000009 0.80882352590560924 0.16176471114158633 1.5000000000000002 0.30427013500000005 -0.44844999999999996 0.83823528885841381 10.500000000000002 44.126377676085987 -0.31765721499999994 1.5679100000000001 -0.32651200499999994 20.325362273898474 14.500000000000002 2.5000000000000004 4.3544891640866874 5.8337688446044931 0.36764706671237951 2.5000000000000004 13.334168434143068 3.4721362229102173 9.2260061919504661 -0.06070800124999999 2.4041249500000004 192.88932800292972 0.43984303000000008 -0.092493746449999983 9.5000000000000018
decision_type=2 2 2 2 2 2 2 2 2 2 2 2 2 2 2 2 2 2 2 2 2 2 2 2 2 2 2 2 2 2
left_child=1 4 3 7 -1 19 8 16 17 12 15 21 14 20 -8 26 23 24 28 -2 -5 -6 -10 -3 -4 -19 -9 -11 -16 -13
right_child=5 2 6 13 11 -7 9 10 22 27 -12 29 -14 -15 18 -17 -18 25 -20 -21 -22 -23 -24 -25 -26 -27 -28 -29 -30 -31
leaf_value=0.03925210170247178 0.057814746146269164 -0.03170159273459279 0.020718275845602433 -0.049319408320973028 0.00019464996444232068 0.0040939566368593796 0.017072010976493586 -0.026167475907033458 -0.00024311309986497001 0.013832131123133768 -0.047471394585722887 -0.0054522196950977488 -0.088508702941046111 -0.055246606639531487 -0.019138066166594667 -0.015066647282348156 -0.001879493970772945 -0.0008126398831616523 0.0060094090700382125 0.043447644655859659 -0.025198099477604038 0.028387202394622443 -0.033235008829964573 0.0075120813057415817 -0.0019585460913264766 -0.067854787283090801 -0.054895743775053719 -0.016997670836139237 -0.039961359867982632 0.012652144215932604
leaf_weight=7802.7501829117537 16708.639667287469 4621.8362337648869 8671.9410943686962 3875.4846244752407 1937.71152561903 1810.0560904443264 928.8599140048027 2625.0916352719069 1841.2990849465132 2690.6127458959818 7724.9308178126812 6310.164416089654 434.00354960560799 10598.968938112259 3844.4243389964104 6316.42182905972 6056.8659640699625 8071.6363050639629 1062.628416582942 9702.0499792546034 4826.3383133560419 6898.0549273192883 2600.1386064887047 899.84302896261215 2999.7029858380556 243.38218288123608 2233.9209678024054 1644.9677872210741 4842.3085770606995 5082.2353443950415
leaf_count=49938 118599 22006 48136 17744 10592 10570 5030 12674 9495 14608 35486 33716 2050 47591 19414 31279 30775 43440 5665 66068 22912 39965 12906 4541 15842 1218 10044 8656 23833 28866
internal_value=9.72283e-05 -0.0117333 -0.0213404 -0.0342092 0.0189941 0.0494318 -0.00527497 -0.026395 0.00261049 -0.0177439 -0.0345662 0.0111782 -0.0254988 -0.0465469 -0.0229298 -0.0256422 -0.0130549 0.00753809 -0.0267423 0.0525388 -0.0359453 0.0222052 -0.0195606 -0.0253109 0.0148905 -0.0027829 -0.0393838 0.00213374 -0.030749 0.00262468
internal_weight=145907 117687 89655.6 49779.7 28030.9 28220.7 39875.9 30478.9 24428.1 15447.8 18900.4 20228.2 11112.2 19300.8 10678.2 11175.4 11578.5 19986.7 9749.36 26410.7 8701.82 8835.77 4441.44 5521.68 11671.6 8315.02 4859.01 4335.58 8686.73 11392.4
internal_count=803659 608422 445345 235052 163077 195237 210293 146805 131037 79256 89483 113139 55992 88247 53942 53997 57322 108636 48912 184667 40656 50557 22401 26547 63978 44658 22718 23264 43247 62582
is_linear=0
shrinkage=0.05


Tree=9
num_leaves=31
num_cat=0
split_feature=1 19 14 9 21 19 14 19 17 14 24 24 15 14 1 11 8 14 14 24 9 3 14 21 11 17 9 11 14 1
split_gain=32476 10884.6 9092.07 5122.98 2846.48 2610.7 2272.29 1621.24 1330.76 1142.95 1012.5 1000.31 824.919 664.3 662.657 606.947 598.098 590.306 569.894 506.057 478.675 449.307 414.023 642.511 744.245 396.263 390.251 390.046 361.382 347.717
threshold=13.979817897081377 0.51470589637756359 211.50000000000003 1.0000000180025095e-35 0.0095684877600000027 0.33823530375957495 241.50000000000003 0.39705882966518408 197.80952453613284 194.50000000000003 2.5000000000000004 3.5000000000000004 8.3714632987976092 219.50000000000003 3.8028568327426915 20.631915132800589 1.0000000180025095e-35 185.50000000000003 219.50000000000003 2.5000000000000004 35.500000000000007 14.181249499320986 231.50000000000003 0.3317518550000001 111.65133048040369 190.8796310424805 41.500000000000007 68.884798549692349 189.50000000000003 22.855610132217411
decision_type=2 2 2 2 2 2 2 2 2 2 8 8 2 2 2 2 2 2 2 8 2 2 2 2 2 2 2 2 2 2
left_child=1 5 8 29 13 12 18 -5 11 25 28 21 19 27 -13 -8 -12 -10 -6 -1 -21 -3 23 -20 -25 -9 -17 -4 -7 -2
right_child=3 2 4 7 6 10 15 9 17 -11 16 14 -14 -15 -16 26 -18 -19 22 20 -22 -23 -24 24 -26 -27 -28 -29 -30 -31
leaf_value=0.034763198860980019 0.040011740880396773 -0.034324565533944557 -0.030409748701752712 0.040174874003610028 -0.02367542932375153 0.0013308229602428843 0.020115247042232016 0.0039775549163299211 -0.064865982188979959 0.018473513371532743 -0.024754238550871169 -0.049824403089702041 0.04009616412899078 0.013097082540483541 -0.026777303722963282 -0.0056205923128615776 -0.0042420925181918768 -0.043779903722274284 -0.027604445197967342 0.012596524316467884 -0.03269440061323816 -0.008998435848147579 -0.03687144535229913 -0.096471718566259912 0.0046788318531892515 -0.028335731643580043 -0.035863649963206956 0.023175886561803083 0.028569207787142899 0.056428937385293136
leaf_weight=2533.4264990985394 3869.0927455425262 3213.5555747896433 1498.6130817085505 4938.0842447429895 2575.8139814287424 2270.732559889555 1959.0545268803835 1560.4088318049908 7840.2218397855759 6383.178757339716 4829.0174987614155 10973.772421255708 4482.4072136431932 13027.255826309323 4362.9559051841497 5560.6784723550081 13451.641051083803 5775.5183681696653 717.61470691859722 8767.8343740999699 624.02012056112289 3849.2177733629942 2092.012642800808 1486.1115400195122 207.08602687716484 2418.6321665495634 1319.0183113515377 438.20269626379013 2625.1109548360109 19749.4921887815
leaf_count=15745 27739 15128 7666 31122 12096 11873 10600 8214 34101 35717 23061 49601 29403 69775 20831 28897 71710 26269 3332 50468 3368 19188 10032 6784 1001 11615 6228 2278 15319 144817
internal_value=5.52124e-05 -0.0142309 -0.0265278 0.039141 -0.00662099 0.00655075 -0.0213389 0.0166008 -0.0435963 0.00536385 -0.00425333 -0.0360997 0.0218113 0.00903492 -0.0432702 -0.00443153 -0.00966164 -0.0559256 -0.0424467 0.0149357 0.00958411 -0.020525 -0.053177 -0.0673052 -0.0841051 -0.015666 -0.0114233 -0.0182803 0.0159387 0.0537414
internal_weight=145400 106481 66896.7 38918.9 30881.5 39584.2 15917.4 15300.3 36015.2 10362.2 23176.5 22399.5 16407.7 14964.1 15336.7 8838.75 18280.7 13615.7 7078.64 11925.3 9391.85 7062.77 4502.82 2410.81 1693.2 3979.04 6879.7 1936.82 4895.84 23618.6
internal_count=803978 544754 323807 259224 158689 220947 78970 86668 165118 55546 121963 104748 98984 79719 70432 45725 94771 60370 33245 69581 53836 34316 21149 11117 7785 19829 35125 9944 27192 172556
is_linear=0
shrinkage=0.05


Tree=10
num_leaves=31
num_cat=0
split_feature=1 5 18 14 7 21 18 18 6 5 14 21 14 21 1 6 5 11 14 14 11 18 21 14 13 21 13 14 18 14
split_gain=29768.8 10200.8 4832.33 6089.21 3956.82 2508.97 1611.53 1181.96 1161.44 1131.34 1070.81 927.48 858.311 752.376 598.826 564.353 536.266 497.271 474.07 466.056 464.153 431.94 417.102 674.955 395.576 365.1 363.036 348.969 337.914 375.795
threshold=16.255827829241756 8.5000000000000018 172.48621368408206 207.50000000000003 1.0000000180025095e-35 -0.12487920499999999 163.66176605224612 185.6957702636719 1.0000000180025095e-35 14.500000000000002 242.50000000000003 -0.044221688049999992 200.50000000000003 0.27051234000000007 3.474569216370583 1.5000000000000002 8.5000000000000018 20.631915132800589 216.50000000000003 218.50000000000003 14.008156353618409 172.2738952636719 0.31873576500000006 231.50000000000003 -97.111095975438587 -1.1820513499999998 -15.395231913786739 216.50000000000003 172.48621368408206 175.50000000000003
decision_type=2 2 2 2 2 2 2 2 2 2 2 2 2 2 2 2 2 2 2 2 2 2 2 2 2 2 2 2 2 2
left_child=1 2 6 7 8 18 12 14 21 11 19 -3 -1 -8 -4 -6 28 -12 25 -7 -13 -2 -21 24 -24 -5 -15 -23 -10 -30
right_child=4 9 3 5 15 10 13 -9 16 -11 17 20 -14 26 -16 -17 -18 -19 -20 22 -22 27 23 -25 -26 -27 -28 -29 29 -31
leaf_value=0.051152386222037216 0.044339845192712141 0.016065898191862844 -0.042975695952595705 0.046836944790435805 0.055079715243488349 -0.022655506235080794 0.00027351914456232897 -0.059583767304778913 0.013874720637955746 0.026482435952633776 0.015872384691176598 0.038593951587995577 -0.013576037814104051 -0.028223073953891006 -0.025626065152678096 0.0010576036427202608 0.023945845071777275 -0.017457823252794016 0.011487011288905563 -0.028980030310411315 -0.0060097650169735478 0.0050737760144617299 0.0037647440584074039 -0.033514206960495667 -0.091894325710990044 -0.030157471442894421 -0.00068526388751903263 0.034946237155737102 -0.045705187430635098 -0.0056110672801721589
leaf_weight=1994.2471393197775 3360.2760102450848 11080.601722300053 17350.768801569939 176.13411746919155 21367.6892580688 3241.3294328153133 12242.908185854554 8585.4033253341913 969.39836409687996 8882.4270894378424 1526.6039527505636 612.44991312921047 688.51766595244408 4609.1173094809055 6980.1952390223742 494.676832228899 1591.7494359463453 4184.378841817379 9354.0098165720701 1806.6051195263863 11851.805123046041 1971.8911518454552 117.85382968187332 1261.9453023672104 1291.0715130269527 1180.3362746089697 1616.5462982654572 1938.7798401862383 945.24449077248573 1529.280340090394
leaf_count=13194 21508 64410 77415 904 162712 14801 64194 36908 5636 55598 8202 3561 3915 22648 32640 3219 9579 20566 49616 8481 64543 10075 528 5881 5688 5767 8479 11303 4374 8042
internal_value=0.000299127 -0.0122997 -0.0220758 -0.029643 0.0410919 -0.0105688 -0.00166272 -0.0436309 0.0184118 0.0112782 -0.0249632 0.00554147 0.0345413 -0.00692334 -0.0379996 0.0538575 -4.58736e-05 -0.0085471 0.00748089 -0.0371064 -0.00381517 0.0311934 -0.0475603 -0.0601126 -0.0838956 -0.0201328 -0.0210739 0.0198887 -0.0111384 -0.0209389
internal_weight=144804 110635 78208 57056.6 34169 24140.3 21151.3 32916.4 12306.6 32427.3 13429.8 23544.9 2682.76 18468.6 24331 21862.4 5035.67 5710.98 10710.5 7718.81 12464.3 7270.95 4477.48 2670.87 1408.93 1356.47 6225.66 3910.67 3443.92 2474.52
internal_count=804387 567939 379827 267397 236448 120434 112430 146963 70517 188112 64147 132514 17109 95321 110055 165931 27631 28768 56287 35379 68104 42886 20578 12097 6216 6671 31127 21378 18052 12416
is_linear=0
shrinkage=0.05


Tree=11
num_leaves=31
num_cat=0
split_feature=1 19 20 9 21 19 20 20 20 22 4 20 19 12 13 20 4 17 6 4 0 4 11 22 21 12 12 17 12 22
split_gain=27565.2 9770.7 7703.55 3816.19 2698.22 2140.26 1579.27 1256.91 1248.39 1255.67 1050.93 700.693 808.127 692.486 723.867 654.972 922.379 638.129 621.297 592.65 575.79 525.875 493.193 486.957 414.32 404.492 392.148 390.666 390.151 374.621
threshold=16.255827829241756 0.48529411852359777 27.421218872070316 1.0000000180025095e-35 0.0095684877600000027 0.33823530375957495 63.469665527343757 -7.7343139648437491 -0.44994354248046869 0.81843450500000003 47.099999405443675 57.22401428222657 0.1911764740943909 2.2801857585139325 -92.302003004844352 70.059715270996108 27.756468869745735 188.31666564941409 1.5000000000000002 177.1158391684294 2.2954241037368779 38.90565703064204 20.631915132800589 -0.0062803106849999993 -0.19011549499999997 0.97832817337461309 1.6362229102167185 195.26143646240237 5.3374613003095988 -0.35569745499999994
decision_type=2 2 2 2 2 2 2 2 2 2 2 2 2 2 2 2 2 2 2 2 2 2 2 2 2 2 2 2 2 2
left_child=1 5 8 18 15 11 25 -5 17 13 -7 12 -1 21 -15 16 -4 -3 -2 24 -9 -10 -8 -12 -13 -6 -19 -16 -18 -28
right_child=3 2 4 7 6 10 22 20 9 -11 23 19 -14 14 27 -17 28 26 -20 -21 -22 -23 -24 -25 -26 -27 29 -29 -30 -31
leaf_value=0.052102395141142323 0.054486274758558842 -0.027739173482347747 -0.023426108395032161 -0.015525841993065054 0.013848162461301243 -0.017737646741774041 0.018262805666807391 0.010386289259205454 -0.040779791912727632 -0.057439641550551736 0.014859109026699374 0.016845464853756757 0.020438759784447834 -0.080058274645184155 -0.016929031996456671 0.024325788905158942 0.01625926538242381 -0.03198065830165818 -0.0026333078124080728 0.025435402432517407 0.035235959249562875 0.012858772833935753 -0.0099504261944841285 -0.0042534905542549514 -0.014406418567726587 -0.034810789867140986 -0.04662148243113972 -0.035093428700586883 -0.0053551796915030335 -0.063514009981318592
leaf_weight=3188.1701993942261 20532.158994615078 3379.2881502211094 2698.2856310755014 2278.0365342348814 446.66653311252594 6906.2574042975903 1981.6465354859829 3789.1090925335884 592.15723915398121 3217.477737814188 7399.5888600349426 1850.4180338829756 5480.3219504803419 630.73789379000664 6561.768018886447 4713.0381540805101 6763.5788102895021 2159.2170527428389 487.27596844732761 4116.6770298629999 6061.8392595201731 1988.9205427914858 7081.4098386615515 6062.3074374049902 2481.6417709290981 9510.7313856929541 6643.930208131671 5397.5332189798355 3019.2048193961382 6525.6385566741228
leaf_count=22044 162455 15725 13451 11085 2282 33597 10918 21668 2611 14300 41597 11162 31972 2751 31267 26101 37236 9478 3172 26880 37538 9923 36221 32439 14373 44354 28830 24302 16008 27587
internal_value=0.000273755 -0.0116942 -0.0223115 0.0402752 -0.00590695 0.0090702 -0.0188827 0.0179399 -0.0383253 -0.0290707 -0.00188238 0.0221023 0.0320889 -0.0230509 -0.0278873 0.0084473 0.00244988 -0.0474198 0.0531621 0.0118532 0.0256797 0.000541853 -0.00378024 0.00625244 -0.00105652 -0.0326269 -0.0517564 -0.0251293 0.00958866 -0.0549961
internal_weight=143945 110797 73311.2 33148.4 36214.6 37485.4 19020.5 12129 37096.7 18388.6 20368.2 17117.2 8668.49 15171.1 12590 17194.1 12481.1 18708.1 21019.4 8448.74 9850.95 2581.08 9063.06 13461.9 4332.06 9957.4 15328.8 11959.3 9782.78 13169.6
internal_count=803327 567409 353345 235918 186571 214064 93775 70291 166774 85154 107633 106431 54016 70854 58320 92796 66695 81620 165627 52415 59206 12534 47139 74036 25535 46636 65895 55569 53244 56417
is_linear=0
shrinkage=0.05


Tree=12
num_leaves=31
num_cat=0
split_feature=7 19 20 21 18 1 14 15 0 14 20 5 22 14 21 14 5 1 0 13 22 19 9 13 22 22 9 22 9 5
split_gain=25584.3 9640.45 7737.41 3070.35 2887.81 1842.27 1742.63 1173.56 1033.66 945.378 794.544 760.197 665.288 606.224 616.934 1009.7 588.152 574.456 572.985 557.087 556.221 494.355 493.276 487.251 447.728 421.06 526.188 407.961 377.872 361.129
threshold=1.0000000180025095e-35 0.36764706671237951 24.546920776367191 -0.12487920499999999 175.58020782470706 18.591101646423343 242.50000000000003 9.7743926048278826 1.9141832590103152 219.50000000000003 0.98529052734375011 11.500000000000002 2.1169150000000005 218.50000000000003 0.3317518550000001 231.50000000000003 3.5000000000000004 11.480384007096292 0.19415935873985293 -13.666838580909708 -0.19567234999999997 0.48529411852359777 39.500000000000007 -97.111095975438587 -0.64515053999999983 0.69818211000000008 41.500000000000007 -0.0062803106849999993 59.500000000000007 6.5000000000000009
decision_type=2 2 2 2 2 2 2 2 2 2 2 2 2 2 2 2 2 2 2 2 2 2 2 2 2 2 2 2 2 2
left_child=1 7 4 9 12 21 11 17 10 16 24 13 18 -5 -15 23 -4 22 -3 25 -12 -2 27 -16 -6 26 -8 -1 -11 -22
right_child=5 2 3 6 8 -7 19 -9 -10 28 20 -13 -14 14 15 -17 -18 -19 -20 -21 29 -23 -24 -25 -26 -27 -28 -29 -30 -31
leaf_value=0.019994159940648296 0.034428654939265849 -0.019625277235259614 -0.039562359304977077 -0.017855558672995656 -0.039387083107412471 0.053441676529897265 -0.0057695162534670361 0.043656988200661384 -0.020024996085527824 0.021067086409111056 -0.02132028402982979 0.0066311484944948894 -0.090354559431378503 -0.021287351913813521 0.0082986635276078198 -0.026685972535395987 0.0016061556027986705 0.032258354964925899 0.0010046257950603571 0.012957065004396078 -0.051250012175296594 0.0044667637460326327 -0.025649894781111016 -0.082151997294964488 -0.056966056026634806 0.021047299277720838 -0.039083125224488618 0.0025579477646018715 0.0029533117991256213 -0.019047389107845994
leaf_weight=7693.7174500524998 3018.385546259582 7902.1097805351019 1133.5724756121635 6367.1417578458786 5610.6443784981966 19398.847966350615 5920.7520276755095 4243.5960627943277 5576.0048711597919 12995.944424167275 5159.8498933762312 1673.320298999548 267.20708608627319 2907.1837687343359 160.78682225942612 2120.2405408918858 3686.0600779801607 3626.2929048091173 5862.4205112457275 4918.4530967324972 4130.9989909678698 2531.1174637377262 907.96904444694519 1982.4130638390779 10282.473200857639 1074.0680103302002 1481.1790364831686 5948.3862484246492 3698.9357279539108 1105.0645412504673
leaf_count=46267 21116 37638 5405 29900 24228 159008 30844 30330 25786 73492 23683 8892 1208 14043 737 10082 20027 23307 29342 27492 17651 15917 4827 8775 43268 5429 6987 33940 19520 5252
internal_value=0.000157612 -0.00953602 -0.0164292 -0.00284655 -0.0312613 0.0461745 -0.0135788 0.0199844 -0.0395838 0.0114229 -0.0437314 -0.0251588 -0.0123599 -0.0290883 -0.0390586 -0.0511688 -0.00808283 0.0144555 -0.0108394 -0.000427375 -0.0329774 0.0207664 0.0100166 -0.0753655 -0.0507631 -0.00819471 -0.0124402 0.0123922 0.0170542 -0.0444586
internal_weight=143385 118437 96016.8 50120.1 45896.8 24948.4 28605.5 22420 31865 21514.5 26289 15211.1 14031.7 13537.8 7170.62 4263.44 4819.63 18176.4 13764.5 13394.5 10395.9 5549.5 14550.1 2143.2 15893.1 8476 7401.93 13642.1 16694.9 5236.06
internal_count=804393 608352 469681 261625 208056 196041 143181 138671 139868 118444 114082 72429 68188 63537 33637 19594 25432 108341 66980 70752 46586 37033 85034 9512 67496 43260 37831 80207 93012 22903
is_linear=0
shrinkage=0.05


Tree=13
num_leaves=31
num_cat=0
split_feature=7 16 14 17 17 4 0 24 14 22 14 24 24 4 12 11 24 11 0 24 12 17 24 5 6 11 22 5 2 14
split_gain=23945.2 8059.09 4469.01 2526.13 1787.26 1751.72 1428.25 1256.72 1361.64 1007.74 957.546 771.843 757.747 721.98 693.957 670.117 575.449 477.488 472.403 453.803 480.796 431.326 405.859 402.324 401.26 342.759 308.009 296.735 293.337 349.714
threshold=1.0000000180025095e-35 0.72058823704719555 209.50000000000003 167.31060028076175 195.50588226318362 72.226299822330489 2.439024925231934 2.5000000000000004 246.50000000000003 -0.36822707999999993 216.50000000000003 2.5000000000000004 2.5000000000000004 71.417908608913436 2.2244582043343657 53.401806228566379 6.5000000000000009 44.126377676085987 5.3417844772338876 2.5000000000000004 1.2863777089783284 157.66176605224612 5.5000000000000009 1.5000000000000002 1.5000000000000002 35.482507067406701 1.6775100000000001 1.5000000000000002 3.7246126681566243 169.50000000000003
decision_type=2 2 2 2 2 2 2 8 2 2 2 8 8 2 2 2 8 2 2 8 2 2 10 2 2 2 2 2 2 2
left_child=1 3 4 10 9 11 24 -4 13 28 -1 23 -7 15 -11 -9 -15 27 -14 25 -21 -12 -10 -5 -2 -6 -16 -13 -3 -30
right_child=6 2 7 5 19 12 -8 8 22 14 21 17 18 16 26 -17 -18 -19 -20 20 -22 -23 -24 -25 -26 -27 -28 -29 29 -31
leaf_value=0.051011914853880749 0.032396904227610261 -0.021667502517333542 0.019338055449594774 -0.01575043320681389 -0.044137899721017129 0.03223853756956916 0.052208965146501946 -0.017393454989791651 -2.7605708499210263e-05 -0.0064173258573210342 0.038396100501976185 -0.021394038012531362 0.0035126835136563127 -0.027301155170451147 -0.034871089344316368 -0.045655859069665995 0.0054009076152939728 -0.025127917808418894 0.026669825851517465 -0.013256342429326948 -0.049478850897306699 0.0063579830602278845 0.026186984938738386 0.018763540649108922 0.0031747355785198862 -0.017591737886960231 -0.070346267592551831 -0.0020993014375754564 -0.01813659339125338 0.0051320070296222153
leaf_weight=3604.8828577548265 3631.4159309118986 3386.3771210312843 4446.6506687253714 1142.2289362698793 2156.3055589646101 3733.713590696454 18712.91210552305 5496.5152293741703 8396.4714324176311 2246.7753991931677 1561.9829225093126 2729.2670549303293 13611.41905464232 2037.9806146174669 8377.391531303525 3392.698054432869 3952.9842376559973 5989.9058956801891 2626.5598424822092 988.56046991050243 12650.596358641982 3205.7581669539213 1790.5150216668844 3229.9551094472408 1736.5967964828014 2792.0807468742132 660.36418321728706 7376.6654304414988 2598.6656104922295 4261.4492751061916
leaf_count=26380 27785 15579 25274 5554 9488 23561 157276 26368 44769 10656 11024 12839 75025 9636 37861 15273 21217 28522 15791 4418 53290 21052 9881 17870 10480 12581 2866 38122 12248 21069
internal_value=0.000235905 -0.00900502 -0.0199247 0.00657234 -0.030789 0.00139646 0.0456869 -0.00515615 -0.00950177 -0.0209819 0.0315686 -0.00888272 0.011931 -0.0191433 -0.031289 -0.0281841 -0.00572624 -0.013943 0.00725986 -0.0421474 -0.0468546 0.01686 0.00458212 0.00974526 0.0229456 -0.0291661 -0.0374707 -0.00731175 -0.00962871 -0.00368368
internal_weight=142526 118445 69632.4 48812.3 40118.6 40439.7 24080.9 29513.8 25067.2 21531 8372.62 20468 19971.7 14880.2 11284.5 8889.21 5990.96 16095.8 16238 18587.5 13639.2 4767.74 10187 4372.18 5368.01 4948.39 9037.76 10105.9 10246.5 6860.11
internal_count=803755 608214 332474 275740 180056 217284 195541 152418 127144 100279 58456 102907 114377 72494 51383 41641 30853 79483 90816 79777 57708 32076 54650 23424 38265 22069 40727 50961 48896 33317
is_linear=0
shrinkage=0.05


Tree=14
num_leaves=31
num_cat=0
split_feature=9 19 20 24 14 5 0 17 24 24 0 17 9 24 11 14 5 11 22 22 19 12 17 0 0 25 9 22 14 14
split_gain=22051.7 8111.71 6274.87 2192.97 2084.29 1541.53 1523.53 1487.83 1084.18 999.331 742.573 690.176 514.914 502.57 604.648 438.608 603.152 435.104 557.88 432.114 429.378 420.364 384.174 339.59 337.792 323.484 317.952 408.569 317.112 358.674
threshold=1.0000000180025095e-35 0.36764706671237951 11.059715270996096 2.5000000000000004 246.50000000000003 4.5000000000000009 2.439024925231934 188.31666564941409 7.5000000000000009 3.5000000000000004 0.3292414546012879 158.54411315917972 40.500000000000007 2.5000000000000004 37.705012688695838 238.50000000000003 3.5000000000000004 50.76485803746403 1.3569536500000001 1.3255616000000001 0.39705882966518408 2.4040247678018578 173.88985443115237 2.7894325256347661 2.3413845300674443 25.926900374889378 35.500000000000007 0.68539762500000012 220.50000000000003 252.50000000000003
decision_type=2 2 2 8 2 2 2 2 8 8 2 2 2 8 2 2 2 2 2 2 2 2 2 2 2 2 2 2 2 2
left_child=6 9 7 15 5 17 20 24 23 25 13 -11 21 14 -9 16 -4 18 -5 26 -1 -13 -14 -7 -3 -2 -6 -28 -23 -30
right_child=1 2 3 4 19 8 -8 10 -10 11 -12 12 22 -15 -16 -17 -18 -19 -20 -21 -22 28 -24 -25 -26 -27 27 -29 29 -31
leaf_value=0.038123470930533275 0.022592798445271529 -0.019546375503899316 -0.014754525536243427 -0.017858298397945598 0.0072160108532676659 -0.028425392167274296 0.051409481171456467 -0.04627233912902437 -0.0007915620916403316 0.039428233311341772 -0.024872539568069701 0.026521181180303971 -0.065655791157044605 -0.048761333615559954 -0.011605502052015845 0.03290192020908686 0.01734459668285953 -0.041470731236389946 -0.072380658321589394 0.041210552539142124 0.0091315983714733394 0.014584418496141059 0.0028723740400056269 -0.0021983955456225421 0.0043291143037577232 0.045650845114228365 -0.017666581859148815 0.026043581423298282 -0.016808165926398951 0.0099800171964833859
leaf_weight=2148.7673826441169 2676.0474250838161 7752.4346506595612 1938.2364659160376 5826.6581623852253 11909.237041980028 6640.6853431910276 17999.051411807537 2709.3975917100906 14591.702467009425 2002.6611878573895 7523.0067387670279 3090.642108976841 397.03620512783527 13037.972123891115 2348.5942035019398 2672.6105017364025 5965.3929590880871 5510.8793276846409 509.44723236560822 788.10306911170483 3148.2669104635715 4770.6089438647032 420.49322538077831 1516.1593099981546 1830.961680278182 3534.4086063280702 2946.7947059869766 652.126789316535 2502.4337797313929 2493.8448926061392
leaf_count=16441 17242 36168 9507 27209 65238 31121 157157 11779 75458 14746 33192 18962 2112 54259 10390 15800 34137 23726 2216 4397 21819 28338 2184 7692 9318 24958 14931 3438 14921 14839
internal_value=1.1256e-06 -0.00873762 -0.0149609 -0.00532047 -0.00962578 -0.0165704 0.0444728 -0.0317937 -0.0089531 0.0187472 -0.0380806 0.0120216 0.00800544 -0.0435699 -0.0301808 0.0153952 0.00947194 -0.0311952 -0.0222528 0.00511718 0.0208973 0.0104526 -0.0304481 -0.0235513 -0.0149849 0.0357205 0.00328043 -0.00974124 0.00536571 -0.00343778
internal_weight=141855 118559 96670.4 61468 50891.8 34595.5 23296.1 35202.4 22748.5 21888.2 25619 15677.7 13675.1 18096 5057.99 10576.2 7903.63 11847 6336.11 16296.3 5297.03 12857.5 817.529 8156.84 9583.4 6210.46 15508.2 3598.92 9766.89 4996.28
internal_count=803695 608278 469976 314870 255426 167422 195417 155106 114271 138302 109620 96102 81356 76428 22169 59444 43644 53151 29425 88004 38260 77060 4296 38813 45486 42200 83607 18369 58098 29760
is_linear=0
shrinkage=0.05


Tree=15
num_leaves=31
num_cat=0
split_feature=1 16 20 7 17 17 20 24 14 4 20 14 24 4 24 6 6 24 22 24 24 11 12 11 9 14 24 4 11 22
split_gain=21056.8 6433.05 4018.79 3117.01 1499.34 1443.07 1098.43 1040.52 1078.76 981.833 940.858 884.593 637.906 717.429 589.243 504.99 503.268 497.396 465.539 451.938 437.965 423.602 422.689 386.029 369.939 352.865 347.254 336.769 327.237 318.381
threshold=17.061446547508243 0.69117647409439098 32.702941894531257 1.0000000180025095e-35 167.31060028076175 187.14091491699222 -3.4393386840820308 2.5000000000000004 246.50000000000003 72.991986483335509 -9.5233306884765607 216.50000000000003 6.5000000000000009 73.814968451857581 2.5000000000000004 1.0000000180025095e-35 1.5000000000000002 2.5000000000000004 1.6775100000000001 3.5000000000000004 5.5000000000000009 51.88454376086132 3.5650154798761613 14.008156353618409 35.500000000000007 207.50000000000003 6.5000000000000009 170.40276078879836 14.532123391300257 -0.38673999999999992
decision_type=2 2 2 2 2 2 2 8 2 2 2 2 8 2 8 2 2 8 2 8 10 2 2 2 2 2 8 2 2 2
left_child=1 4 5 10 11 18 -7 -4 12 19 -2 -1 -9 21 23 -12 -5 -11 29 -6 24 -14 26 25 28 -8 -16 -13 -10 -3
right_child=3 2 7 16 9 6 14 8 20 17 15 27 13 -15 22 -17 -18 -19 -20 -21 -22 -23 -24 -25 -26 -27 -28 -29 -30 -31
leaf_value=0.049080608603928655 -0.013456074427677451 -0.00076312264700567601 0.017563318315489896 0.052494627786969207 0.0084889771684380673 -0.04290412014050312 -0.093246950358105984 -0.032782230744606157 0.031467784833221303 0.031618236048151248 0.034066654844557835 -0.0088181755425285162 -0.010940659022210574 0.006217590753966799 -0.036080477809341725 0.0099116818952818299 -0.0017632559748424475 0.0075256208791841736 -0.067662271540223376 -0.012172537702922658 0.024354395169693344 -0.037476809165159441 -0.036048426013285048 -0.0051756791720083198 -0.019429751624312847 0.042587160217115574 -0.0097397121271840578 0.022597256517083077 0.0001795373341228045 -0.018127014355713043
leaf_weight=3005.5555109232664 2024.9369501769543 5127.7096139937639 4696.5732152760029 17411.548695489764 3577.5728824660182 14518.16767410934 227.70682327449322 4424.7037749737501 952.28883054852486 2605.5398857370019 5334.7036881446838 1205.342037089169 4189.844454921782 4095.5575696229935 1890.6712654456496 3641.6493112370372 438.0679127573967 12033.93339830637 357.24143649637699 10163.563678644598 2045.6334392651916 2346.1193467080593 9326.3250904306769 4259.2020025402308 2144.2172458171844 59.812689647078514 3698.9775912091136 2914.1847027242184 6773.733885012567 5440.5219290927052
leaf_count=23264 9503 25827 27573 159988 19260 60628 1026 20138 5510 17395 34660 7609 20657 22442 8251 21113 2985 68934 1590 50309 11513 10738 40056 20226 10613 308 17029 20947 36800 25998
internal_value=0.0001686 -0.0096371 -0.0177938 0.0382611 0.00795443 -0.0274128 -0.0324951 -0.00415363 -0.00793565 0.00280585 0.0173249 0.028459 -0.0168309 -0.0101897 -0.0247286 0.0242693 0.051163 0.0118155 -0.0116041 -0.00679298 0.00330436 -0.0204702 -0.0295318 -0.00896841 -0.00106034 -0.0649397 -0.0186542 0.0134054 0.00403962 -0.00970292
internal_weight=140932 112081 76575 28850.9 35505.7 44906.3 33980.9 31668.7 26972.1 28380.6 11001.3 7125.08 15056.2 10631.5 19462.7 8976.35 17849.6 14639.5 10925.5 13741.1 11915.9 6535.96 14916 4546.72 9870.24 287.52 5589.65 4119.53 7726.02 10568.2
internal_count=802890 574641 366923 228249 207718 200939 147524 165984 138411 155898 65276 51820 73975 53837 86896 55773 162973 86329 53415 69569 64436 31395 65336 21560 52923 1334 25280 28556 42310 51825
is_linear=0
shrinkage=0.05


Tree=16
num_leaves=31
num_cat=0
split_feature=1 18 20 0 18 20 5 22 20 5 2 14 20 5 22 18 22 13 5 13 23 18 22 23 13 18 5 22 22 23
split_gain=19346.8 6108.98 5025.1 2665.73 1596.53 900.407 880.539 879.391 860.67 821.709 821.619 772.967 710.374 540.769 520.554 504.643 412.652 383.004 341.76 333.03 329.457 321.206 291.979 234.077 223.597 222.232 247.366 218.252 213.714 220.731
threshold=17.061446547508243 172.48621368408206 22.095260620117191 2.0735383033752446 161.1470642089844 -8.318016052246092 7.5000000000000009 -0.17849789999999996 -6.5469207763671866 4.5000000000000009 3.8450653851032262 219.50000000000003 65.31754302978517 8.5000000000000018 -0.36822707999999993 184.5334396362305 2.1169150000000005 -44.530055251664507 9.5000000000000018 -13.666838580909708 2.4041249500000004 171.37683868408206 0.68539762500000012 0.78081134000000019 -43.535206903971655 157.70588684082034 6.5000000000000009 1.2982029000000002 -1.0697576499999999 1.6901442000000002
decision_type=2 2 2 2 2 2 2 2 2 2 2 2 2 2 2 2 2 2 2 2 2 2 2 2 2 2 2 2 2 2
left_child=1 4 5 8 11 15 21 13 -2 12 20 -1 24 -6 -12 23 17 -9 -10 28 -7 -5 -14 -3 -4 26 -13 -26 -11 -30
right_child=3 2 9 6 7 10 -8 16 18 19 14 25 22 -15 -16 -17 -18 -19 -20 -21 -22 -23 -24 -25 27 -27 -28 -29 29 -31
leaf_value=0.050062421223749869 -0.027056786181753136 -0.048185859018668759 -0.03320290259147797 0.045611947767387431 0.0034593410269665769 -0.033602456681356523 0.051561001083270198 -0.018569342216961895 0.0071401746972255889 0.014226157393006068 -0.004910772816780401 -0.1086434443802935 -0.0041718147198439295 0.022469852107904743 -0.025861815059027956 -0.052524003655500397 -0.061595833959451889 -0.00056351881579784979 0.032418327075877572 0.010039773151011974 -0.072294656187828474 0.019615126255777299 0.03102934490307049 -0.028925315452679835 -0.014149864574484236 0.0053369743777863824 0.032182333645914336 -0.056101084621512726 -0.002791967242247981 -0.02062956558315536
leaf_weight=2632.5461890399456 1290.6784977912903 2058.1369207277894 3435.3357431143522 1773.5791282206774 10016.834519855678 8233.3310063332319 16143.59000710398 3825.9410941675305 3012.6047834903002 1609.7249449044466 5571.0260087326169 30.855052292346954 2641.5459464490414 5969.9116432219744 6337.8798620477319 5667.4983569458127 323.56509999185801 12938.394064806402 2404.2834291905165 6363.9256045669317 589.55907805263996 3605.5162983909249 757.09722255915403 6798.0725167021155 4926.5139752328396 2358.3767116889358 1581.5149658545852 330.03326767683029 15257.532573990524 1955.8273512646556
leaf_count=21293 6485 8646 14784 14367 53504 34965 147866 19088 18947 9184 26075 171 13482 37665 28103 23112 1587 70469 18352 36568 2460 23407 4179 28913 23483 15845 11707 1447 78513 9663
internal_value=0.000147285 -0.00916101 -0.0177896 0.0371454 0.00661245 -0.031322 0.0457224 0.00213067 0.00962117 -0.00499068 -0.0246318 0.0290571 -0.0157046 0.0105594 -0.0160621 -0.0408696 -0.00575504 -0.00467365 0.0183638 0.000152732 -0.0361958 0.0281936 0.00367658 -0.0334063 -0.0232824 0.0151218 0.0294218 -0.0167939 -0.00319035 -0.0048198
internal_weight=140441 112211 72533 28230.3 39677.9 35255.5 21522.7 33074.6 6707.57 37277.5 20731.8 6603.29 12090.5 15986.7 11908.9 14523.7 17087.9 16764.3 5416.89 25187 8822.89 5379.1 3398.64 8856.21 8691.88 3970.75 1612.37 5256.55 18823.1 17213.4
internal_count=804330 574906 343577 229424 231329 152274 185640 182313 43784 191303 91603 49016 57375 91169 54178 60671 91144 89557 37299 133928 37425 37774 17661 37559 39714 27723 11878 24930 97360 88176
is_linear=0
shrinkage=0.05


Tree=17
num_leaves=31
num_cat=0
split_feature=1 5 9 18 14 21 22 24 18 18 4 11 24 14 11 21 12 14 0 21 14 5 18 24 21 21 4 18 13 9
split_gain=18128.1 5389.36 3295.85 2561.59 2930.37 1469.11 1022.73 979.403 874.497 845.641 689.781 603.481 584.303 579.995 574.093 617.461 541.312 506.737 498.374 485.011 474.827 369.915 368.544 351.935 348.482 350.341 341.046 324.842 324.385 289.715
threshold=15.719405412673952 8.5000000000000018 1.0000000180025095e-35 171.93548583984378 204.50000000000003 -0.19011549499999997 -0.36822707999999993 2.5000000000000004 171.83396911621097 161.1470642089844 179.52879112586382 14.008156353618409 3.5000000000000004 216.50000000000003 38.133061216700106 0.8261199600000001 1.5928792569659445 194.50000000000003 2.3413845300674443 -1.2603949499999998 190.50000000000003 2.5000000000000004 184.5334396362305 7.5000000000000009 -0.42715842999999992 -0.90578287999999996 20.972219301387671 180.13236999511722 -15.112637258673967 44.500000000000007
decision_type=2 2 2 2 2 2 2 8 2 2 2 2 8 2 2 2 2 2 2 2 2 2 2 8 2 2 2 2 2 2
left_child=1 3 18 9 6 13 14 -3 -4 20 23 -7 -11 19 22 21 -8 -10 -2 -6 -1 -16 -5 -9 25 -23 -21 -18 -14 -13
right_child=2 7 8 4 5 11 16 10 17 12 -12 29 28 -15 15 -17 27 -19 -20 26 -22 24 -24 -25 -26 -27 -28 -29 -30 -31
leaf_value=0.052024203597529475 0.029088976283728474 0.027835856460747321 0.032307765291867546 -0.024275388697618642 0.059857909932583879 0.018361447565680439 -0.013478297434290585 -0.01058189278106068 -0.011079120853922641 0.012534271474263928 0.016092180677948275 -0.014684870693667439 -0.013666975300610057 0.010942477744038176 -0.025200770437448023 -0.04969432528716658 -0.034105352178283921 0.015351250279203874 0.052837514776382571 -0.063286684132036405 -0.017103375919677356 -0.0074063345739732445 -0.048036427740315128 0.0043197987655084393 -0.014801080473660043 0.027328410013652112 -0.01354769065349413 -0.048309366038624846 0.0039277030277501653 -0.028691557408618496
leaf_weight=1137.2811714783311 2609.7666497826576 5474.5802633687854 4622.6867009326816 5997.8780598267913 171.55622574687004 1061.2011768370867 1902.2222936749458 6407.9975033402443 3040.1644017994404 4566.9754819571972 8528.5276579707861 8701.5219543129206 8704.3005398884416 8994.6878433227539 1995.82829888165 956.82519267499447 7564.1348786056042 4491.5429258048534 14542.655627384782 488.30369752645493 317.22535840421915 1334.160816423595 2243.9263307750225 10377.124307498336 2214.4702428132296 1590.501182988286 1168.324743039906 8640.7227128446102 3746.708996295929 6417.4495703428984
leaf_count=9639 22424 37495 32596 26179 878 5971 8150 34539 14398 25671 53475 41027 42809 48784 8362 4008 32321 26727 145346 2145 1859 6253 9200 59558 9672 7219 5611 35359 19833 28005
internal_value=0.000145074 -0.0091119 0.0351118 -0.0159593 -0.0208676 -0.00853543 -0.030536 0.00866174 0.0151911 0.00036682 0.00451402 -0.0180733 -0.00276156 0.00572401 -0.0214618 -0.0119992 -0.0387197 0.00468261 0.049226 -0.0199429 0.0369462 -0.00693788 -0.0307496 -0.00136946 0.000158205 0.0114861 -0.028238 -0.0416817 -0.00837256 -0.0206317
internal_weight=140011 110704 29306.8 79916.2 61443.7 27003 34440.7 30788.2 12154.4 18472.5 25313.6 16180.2 17018 10822.9 16333.6 8091.79 18107.1 7531.71 17152.4 1828.18 1454.51 7134.96 8241.8 16785.1 5139.13 2924.66 1656.63 16204.9 12451 15119
internal_count=805513 564022 241491 378955 279144 132421 146723 185067 73721 99811 147572 75003 88313 57418 70893 35514 75830 41125 167770 8634 11498 31506 35379 94097 23144 13472 7756 67680 62642 69032
is_linear=0
shrinkage=0.05


Tree=18
num_leaves=31
num_cat=0
split_feature=9 19 20 20 21 19 0 5 18 21 14 12 0 21 21 5 6 19 6 12 12 9 5 14 14 17 19 21 20 12
split_gain=16717.6 6018.76 4005.64 1517.42 1639.21 1453.09 1388.43 1231.03 859.976 840.895 805.205 797.008 736.07 611.722 532.717 518.483 426.283 394.243 391.346 369.559 367.103 367.082 344.637 288.387 382.921 286.108 268.753 259.157 267.257 254.79
threshold=1.0000000180025095e-35 0.48529411852359777 56.772979736328132 6.7537841796875009 0.70677247500000007 0.16176471114158633 2.439024925231934 3.5000000000000004 180.13236999511722 -0.19011549499999997 233.50000000000003 5.3374613003095988 3.4395794868469243 1.0000000180025095e-35 -0.43871623499999995 3.5000000000000004 1.5000000000000002 0.36764706671237951 1.5000000000000002 11.018575851393191 5.3374613003095988 35.500000000000007 10.500000000000002 217.50000000000003 232.50000000000003 157.66176605224612 0.36764706671237951 1.5744800000000003 67.646110534667983 1.6362229102167185
decision_type=2 2 2 2 2 2 2 2 2 2 2 2 2 2 2 2 2 2 2 2 2 2 2 2 2 2 2 2 2 2
left_child=6 5 3 8 7 10 17 19 16 -4 -2 14 13 15 -9 -7 -3 -1 -19 -5 -17 27 -15 -6 -25 -12 -8 28 -11 -10
right_child=1 2 9 4 23 12 26 11 29 21 25 -13 -14 22 -16 20 -18 18 -20 -21 -22 -23 -24 24 -26 -27 -28 -29 -30 -31
leaf_value=0.038017883243738955 0.049321713759356296 -0.006066262695174943 0.018334992056175125 -0.028179567139449725 -0.028854775936946797 -0.0072283669530458887 0.053883062498697447 0.017180944792310009 -0.02196425866305235 -0.010564381310620811 0.032532481377031928 -0.017981332146820447 0.021388411284512396 -0.012312212548438643 -0.0032444689288123512 0.021566024863817191 -0.026508108239324465 0.021407027712853664 -0.014924517512310496 0.013491664571029523 0.0029439988237063078 -0.017811531000284701 0.006798269809773278 -0.063841701546544102 -0.017818792004252734 0.0021449005994977608 0.039956452847265553 -0.024366005677048944 0.0094132841912152598 -0.040824109236833814
leaf_weight=1756.9946044757962 3099.1202785819769 3712.4532840549946 7131.6692572087049 7241.4375072419643 4398.9910903722048 3982.0199816226959 10371.034142240882 5394.0030943453312 2087.8150102496147 2244.7680549174547 1253.7294387370348 5218.7152717262506 5615.7822868078947 8535.6926762387156 7817.7672893255949 6386.4848942905664 8151.2726451307535 2104.2842756509781 1143.071146979928 573.65548488497734 4519.3839488849044 3178.2034025639296 3259.3816360458732 1609.4571778476238 629.64931990206242 2024.6752778217196 5228.6457857117057 862.92115606367588 6576.2430901676416 12754.861152425408
leaf_count=14721 26298 17105 41356 31984 19165 20030 107959 29562 8798 11338 9801 25180 34476 42908 38003 38089 35002 16689 6747 2648 25933 15255 18799 6868 2880 13942 49466 4443 35903 52430
internal_value=0.000304952 -0.00693648 -0.0147999 -0.0212974 -0.0141063 0.00924395 0.0418666 -0.00849138 -0.030151 0.00456563 0.0310523 -0.0014396 0.00493699 0.00147389 0.00509534 0.00821216 -0.0201124 0.0189454 0.00861764 -0.0251194 0.01385 -0.0030699 -0.00703121 -0.036302 -0.0509135 0.0137721 0.0492181 0.00176955 0.00432875 -0.0381729
internal_weight=138864 118260 79583.9 59590.1 32883.7 38676.3 20604 26245.6 26706.4 19993.8 6377.52 18430.5 32298.7 26683 13211.8 14887.9 11863.7 5004.35 3247.36 7815.09 10905.9 12862.1 11795.1 6638.1 2239.11 3278.4 15599.7 9683.93 8821.01 14842.7
internal_count=803778 608196 377920 269625 156290 230276 195582 127377 113335 108295 50041 92745 180235 145759 67565 84052 52107 38157 23436 34632 64022 66939 61707 28913 9748 23743 157425 51684 47241 61228
is_linear=0
shrinkage=0.05


Tree=19
num_leaves=31
num_cat=0
split_feature=7 19 20 19 6 24 20 6 20 4 24 20 24 4 24 4 6 24 18 12 4 13 11 24 20 20 11 18 20 12
split_gain=15519.7 5393.33 3624.17 1486.53 1414.54 1059.54 935.732 898.874 878.337 631.223 618.984 615.057 471.73 469.63 435.484 578.601 392.385 372.673 336.036 304.796 328.404 304.647 298.823 285.449 352.861 320.056 279.086 274.483 273.948 263.439
threshold=1.0000000180025095e-35 0.51470589637756359 30.333641052246097 0.1911764740943909 1.0000000180025095e-35 3.5000000000000004 65.772979736328139 1.5000000000000002 61.02986145019532 103.80737090855838 2.5000000000000004 -12.033370971679686 3.5000000000000004 30.84677524864674 6.5000000000000009 76.972490612417474 1.5000000000000002 2.5000000000000004 180.07963562011722 4.0650154798761617 100.52732104808094 -71.248739037547395 51.88454376086132 7.5000000000000009 -5.0147094726562491 52.868820190429695 18.747223924407191 156.30882263183597 57.681983947753913 2.2801857585139325
decision_type=2 2 2 2 2 8 2 2 2 2 8 2 10 2 8 2 2 8 2 2 2 2 2 8 2 2 2 2 2 2
left_child=1 3 7 8 -2 13 10 18 -1 21 -4 -9 29 -5 28 22 -6 -8 -3 20 -19 -7 -16 -23 -25 -26 -27 -10 -12 -13
right_child=4 2 6 5 16 9 17 11 27 -11 14 12 -14 -15 15 -17 -18 19 -20 -21 -22 23 -24 24 25 26 -28 -29 -30 -31
leaf_value=0.048066005195712212 0.048718613459844677 -0.003783814017308445 0.0092396806874922022 -0.0017406655218946488 0.027988660368467422 -0.034635846436517022 0.031491025635687016 -0.040919601056893053 0.037241397355758578 0.0090210746263887885 -0.031708261664117929 -0.0022007268855634707 -0.035884314258350605 0.024658835940985637 -0.0084944661847496366 0.0077914669344228043 -0.0016831152312118914 -0.015252190872096272 -0.020888793109197723 0.012552232088501161 0.0076577429335194227 -0.015695310115532223 -0.028767091001612871 -0.018792835041770206 0.011569496733236161 0.015442488674718612 -0.015584936584557339 0.0065389375696401674 -0.0038891998498611041 -0.022364066908856339
leaf_weight=3138.6688341349363 14963.032547660172 5541.0905940979719 3662.6840241402388 2241.7446339577436 3284.8400254175067 969.01667968928814 1441.18964189291 8044.3438892364502 929.87317882478237 8868.4740310311317 4006.2337933033705 1839.8525843918324 6660.9980217814445 6776.1734142452478 4986.7090984880924 3842.5085447430611 1685.7109002023935 2950.412848085165 5959.561865478754 6146.6183814108372 3327.1859650611877 5003.1509143710136 2860.6195059418678 2289.2151058763266 4990.9796538352966 972.10937340557575 2839.5561741665006 3342.522058211267 1136.1795908659697 13565.203991636634
leaf_count=26821 156910 26161 21394 11621 28030 4529 8889 32788 7527 51716 17442 8355 27650 42709 24329 20930 10512 14953 26022 33678 18714 24873 12830 10830 25672 5384 15374 23459 5418 58700
internal_value=0.000228779 -0.00664663 -0.0146174 0.00764828 0.041042 0.00333488 -0.0025995 -0.024541 0.027987 -0.001799 -0.00938604 -0.0290827 -0.0247658 0.0180968 -0.0134393 -0.00810394 0.0179275 0.00743186 -0.0126485 0.00463873 -0.00311043 -0.00742259 -0.0158873 -0.00578213 -0.00130964 0.00323866 -0.00766987 0.0132284 -0.0255638 -0.0199562
internal_weight=138266 118333 75971.4 42361.5 19933.6 34950.4 34360.3 41611.1 7411.06 25932.5 20494.9 30110.4 22066.1 9017.92 16832.3 11689.8 4970.55 13865.4 11500.7 12424.2 6277.6 17064 7847.33 16095 11091.9 8802.65 3811.67 4272.4 5142.41 15405.1
internal_count=804220 608768 358253 250515 195452 192708 178577 179676 57807 138378 102343 127493 94705 54330 80949 58089 38542 76234 52183 67345 33667 86662 37159 82133 57260 46430 20758 30986 22860 67055
is_linear=0
shrinkage=0.05


Tree=20
num_leaves=31
num_cat=0
split_feature=1 19 14 7 21 19 18 14 14 4 0 14 22 22 21 14 12 6 11 4 11 14 22 14 21 22 12 22 11 4
split_gain=14944.3 4671.64 3008.52 2601.13 1364 1120.59 900.307 817.386 779.529 770.661 754.034 751.802 634.424 570.68 522.699 521.663 502.264 451.699 380.096 352.146 339.831 337.059 351.401 336.668 334.66 333.118 310.999 309.341 309.53 303.491
threshold=17.964315414428714 0.48529411852359777 204.50000000000003 1.0000000180025095e-35 0.0095684877600000027 0.1911764740943909 180.10011291503909 219.50000000000003 242.50000000000003 35.810577183961875 1.0293335318565371 217.50000000000003 -0.36822707999999993 -0.17849789999999996 -1.2603949499999998 219.50000000000003 2.2461300309597529 1.5000000000000002 20.631915132800589 22.205187477171425 45.413500027202332 264.50000000000006 0.74209228000000016 236.50000000000003 0.39547174000000002 -0.64515053999999983 1.2863777089783284 0.60472849000000017 45.235057061024868 99.503752443939462
decision_type=2 2 2 2 2 2 2 2 2 2 2 2 2 2 2 2 2 2 2 2 2 2 2 2 2 2 2 2 2 2
left_child=1 5 6 10 11 7 12 -1 15 20 -2 14 -3 23 -4 -6 -14 -5 -10 -16 -7 22 -20 -11 -15 -8 -27 -23 -29 -13
right_child=3 2 4 17 8 9 25 -9 18 13 -12 29 16 24 19 -17 -18 -19 21 -21 -22 27 -24 -25 -26 26 -28 28 -30 -31
leaf_value=0.046837902489419381 -0.0034953118767005529 -0.0076485559581721749 0.059562104880984137 0.050416797861611497 -0.011783952664768524 -0.0052292513647187325 -0.023306991138455666 0.01139812405543841 0.016643827765429067 0.022164332751875807 0.025706821856237839 0.0059848532675963583 -0.0031619325933877514 0.0067505061524538281 -0.05198092670868168 -0.033119086580779687 -0.03118797275199079 -0.0044754908813425098 -0.0063973499849140419 -0.012076970776775572 -0.030797529004255156 -0.017511002198284279 0.033347090508668631 0.0029822391502270762 -0.010227083089294355 -0.0088796327365914061 -0.039936443209834735 -0.023654266764546357 -0.12481247884074671 0.022511976283295421
leaf_weight=2698.0986614599824 3364.3814116716385 9153.6860062554479 212.72085606306791 14242.147019915283 5845.4654448330402 5469.5514615699649 6159.1546513587236 4098.335446819663 1975.0943760052323 7150.905820697546 6443.4351000487804 10806.195978105068 1982.5622944906354 7449.0976830199361 717.67991037666798 5621.6410048231483 8259.2976719066501 384.73863572627306 5080.4618193879724 2400.8635901734233 1703.8206940218806 1497.8683728352189 623.50044282525778 3363.5903247073293 4754.3580706939101 870.75088027864695 10966.492397196591 156.27798275649548 146.58128035068512 3738.3788832575083
leaf_count=23936 18603 42205 1145 158012 26124 27427 25926 29942 11297 43785 42110 58933 9072 42018 3088 25005 35672 2714 25892 12145 7831 7755 3130 20710 25944 3704 44945 840 756 22999
internal_value=0.00016176 -0.00751133 -0.0145678 0.0356147 -0.00481834 0.00714779 -0.02469 0.0254721 -0.0134759 0.00298065 0.0156903 0.00532673 -0.0172151 0.00749197 -0.0160957 -0.0222453 -0.0257637 0.0489727 -0.00286683 -0.0212739 -0.0113057 -0.00800321 -0.0020478 0.0160288 0.000135892 -0.0327446 -0.0376528 -0.0268559 -0.0728636 0.0102341
internal_weight=137337 112902 76214.7 24434.7 38822.7 36687.8 37391.9 6796.43 20946.9 29891.3 9807.82 17875.8 19395.5 22718 3331.26 11467.1 10241.9 14626.9 9479.78 3118.54 7173.37 7504.69 5703.96 10514.5 12203.5 17996.4 11837.2 1800.73 302.859 14544.6
internal_count=803665 582226 360633 221439 199109 221593 161524 53878 100799 167715 60713 98310 86949 132457 16378 51129 44744 160726 49670 15233 35258 38373 29022 64495 67962 74575 48649 9351 1596 81932
is_linear=0
shrinkage=0.05


Tree=21
num_leaves=31
num_cat=0
split_feature=1 19 20 9 5 18 11 16 22 18 11 22 20 14 9 0 17 14 22 22 11 22 5 5 22 14 11 22 9 0
split_gain=13610 4403.82 3135.63 2394.62 1220.58 928.03 844.515 666.206 659.584 582.936 452.816 640.584 429.56 419.048 405.639 395.934 386.787 380.64 344.162 327.487 316.034 301.858 277.936 276.73 302.606 259.545 248.275 245.3 240.837 208.077
threshold=18.591101646423343 0.36764706671237951 4.8575057983398446 1.0000000180025095e-35 5.5000000000000009 175.53743743896487 43.720096607660828 0.42647059261798864 0.47169341500000006 172.48621368408206 9.5080668581966847 1.3255616000000001 18.671569824218754 193.50000000000003 36.500000000000007 2.3897628784179692 173.88985443115237 199.50000000000003 -0.64515053999999983 -0.64515053999999983 98.898445862815393 -1.7176085499999998 9.5000000000000018 2.5000000000000004 -0.17849789999999996 214.50000000000003 50.095855824868472 0.9662500300000002 13.500000000000002 1.6871629357337954
decision_type=2 2 2 2 2 2 2 2 2 2 2 2 2 2 2 2 2 2 2 2 2 2 2 2 2 2 2 2 2 2
left_child=1 7 5 15 6 26 10 25 22 -5 -4 -12 29 -8 19 -2 -16 -10 21 -9 28 -7 -6 -15 -25 -1 -3 -22 -19 -11
right_child=3 2 4 9 8 18 13 14 17 12 11 -13 -14 23 16 -17 -18 20 -20 -21 27 -23 -24 24 -26 -27 -28 -29 -30 -31
leaf_value=0.046835301437080715 0.02802771875215268 -0.0049505321735833349 0.020330133813165997 0.031066366769388204 0.00070733734491812395 -0.051788681280369953 -0.0035920245515766811 0.024543025932967869 -0.033326384064910557 -0.025566823265842128 -0.0050609620421708159 -0.047909266300471813 0.017890330757323766 -0.039173814006736925 -0.047569155955991455 0.05195250502689637 0.0093281025980848122 -0.011142801336925103 -0.035324622933036356 0.007894235535960031 -0.011467733643900097 -0.018660699339992898 0.011141309376256429 -0.0088209504995761003 -0.029332434936926523 0.020350445678956663 -0.026542287162056474 -0.080632104002331353 0.006653466831709429 0.0033858956454710012
leaf_weight=1849.4540745615959 2030.1820582672954 5695.1023967191577 1571.0665881186724 3641.0929031446576 16478.704660207033 764.35184466093779 2419.7954114675522 4020.053297996521 1525.9160865917802 1158.9678175747395 12659.824990063906 935.84798130393028 3052.859612621367 3118.5586233139038 572.33069603890181 11821.904684565961 622.99470777064562 4519.618170529604 13530.946524396539 11134.485281467438 272.34473014622927 6812.9661247134209 10416.243638008833 2914.151388861239 4699.2026571109891 1855.1227846518159 1736.8368762880564 241.85915660858154 3279.9503894895315 1334.0482019856572
leaf_count=16972 19335 26218 8971 26799 87024 3206 10439 28044 7087 5176 61013 4033 18846 13063 3017 139189 3293 23725 55617 69442 1433 28662 62199 13549 20016 15084 7998 1139 16501 6602
internal_value=0.000280565 -0.00682325 -0.0113793 0.0353213 -0.00531727 -0.0251961 -0.0131176 0.0144391 0.000696117 0.0155252 -0.00507652 -0.0080137 0.00531798 -0.0223896 0.0100999 0.0484483 -0.0179317 -0.01038 -0.0305459 0.012312 -0.00616488 -0.0220088 0.00474861 -0.0266272 -0.0214835 0.0335817 -0.0099994 -0.044093 -0.00365905 -0.0100787
internal_weight=136687 113648 93593.3 23039.1 65053.1 28540.2 28318.4 20054.4 36734.6 9186.97 15166.7 13595.7 5545.88 13151.7 16349.9 13852.1 1195.33 9839.69 21108.3 15154.5 8313.77 7577.32 26894.9 10731.9 7613.35 3704.58 7431.94 514.204 7799.57 2493.02
internal_count=803692 587745 451893 215947 330192 121701 131084 135852 199108 57423 74017 65046 30624 57067 103796 158524 6310 49885 87485 97486 42798 31868 149223 46628 33565 32056 34216 2572 40226 11778
is_linear=0
shrinkage=0.05


Tree=22
num_leaves=31
num_cat=0
split_feature=7 18 20 21 18 16 24 20 24 12 11 11 12 5 20 20 23 9 22 23 23 11 21 21 5 3 10 12 11 12
split_gain=12661.3 3994.6 3047.18 1515.91 1264.01 1106.83 897.45 765.463 665.249 643.76 570.955 522.217 505.629 489.301 641.156 465.451 419.2 399.832 391.971 358.742 346.813 359.525 327.535 311.524 306.201 271.343 268.033 263.362 249.785 246.149
threshold=1.0000000180025095e-35 172.48621368408206 21.092330932617191 0.0095684877600000027 161.1470642089844 0.63235294818878185 3.5000000000000004 59.123107910156257 2.5000000000000004 1.2863777089783284 14.008156353618409 35.482507067406701 2.1965944272445825 3.5000000000000004 67.646110534667983 -14.578781127929686 2.4623731000000002 44.500000000000007 -0.36151543499999994 1.8200016500000002 1.6099775000000003 45.235057061024868 -0.47047499999999992 -1.5327152499999999 3.5000000000000004 15.69248151779175 15.710434529185298 2.4040247678018578 20.325362273898474 11.018575851393191
decision_type=2 2 2 2 2 2 8 2 8 2 2 2 2 2 2 2 2 2 2 2 2 2 2 2 2 2 10 2 2 2
left_child=1 4 8 13 7 -2 25 -1 11 -10 -5 19 -8 14 29 28 18 -12 -17 -3 21 -14 -23 -22 -13 -6 -7 -9 -11 -4
right_child=5 2 3 10 6 26 12 27 9 15 17 24 20 -15 -16 16 -18 -19 -20 -21 23 22 -24 -25 -26 -27 -28 -29 -30 -31
leaf_value=0.04896895789598997 0.049317135835126036 -0.016681159494376752 -0.020008913558896241 0.021658242382186652 0.0041541531257194 0.012596598708847207 0.012907939440227681 0.035442812738510771 -0.0011870276447896004 -0.025448742807919252 -0.0094176957193049388 -0.015030398187760622 0.0033344129081701924 0.012501181102900931 0.025463478831906416 -0.012447493868914427 -0.063015573788966411 -0.025015163774395662 -0.028479777268683251 -0.050083517919633253 0.0099526321230125614 0.010472781430745912 -0.017310010945287464 -0.028230522868574061 0.0089243057226740426 0.02314138910159393 0.031970079896720613 0.0062046375812143204 -0.046330298790539001 0.028959082627268391
leaf_weight=2484.3951930701733 10750.214969605207 3750.8060859963298 3404.8016600906849 1194.606881737709 2775.5073396116495 2975.2969885766506 4820.453877478838 1034.7926168963313 2264.5668359696865 2043.5571357607841 14264.202058859169 2311.3784188181162 10732.632453337312 13683.790257178247 1221.9214004725218 5625.8074679970741 690.74113430082798 5771.4981268942356 11842.741610497236 1022.8501175120473 676.34066620469093 1335.7513049095869 5142.4854497686028 2532.6390333324671 3152.0536423847079 5844.8453224301338 4470.2812449112535 3005.7643352299929 4821.4125911146402 276.67695772647858
leaf_count=23861 125364 16253 16069 7072 15533 25432 26789 8042 9863 8377 70218 9738 59069 78559 6892 24064 2835 24945 49460 4394 3529 7169 26368 12790 14864 37995 44831 22223 19705 1431
internal_value=0.00023875 -0.00576068 -0.0124159 -0.00278112 0.00698489 0.039054 0.00310149 0.0271339 -0.0226387 -0.0267162 -0.0119093 -0.0117678 -0.00165576 0.00764522 -0.00590598 -0.0290264 -0.0248309 -0.0139117 -0.0233175 -0.0238473 -0.00509423 -0.00228005 -0.0115807 -0.0201823 -0.00121095 0.0170292 0.0242311 0.0136995 -0.0401189 -0.0163219
internal_weight=135925 117729 77343.4 39817.5 40385.6 18195.8 33860.7 6524.95 37525.9 27288.8 21230.3 10237.1 25240.3 18587.2 4903.4 25024.3 18159.3 20035.7 17468.5 4773.66 20419.8 17210.9 6478.24 3208.98 5463.43 8620.35 7445.58 4040.56 6864.97 3681.48
internal_count=803734 608107 364739 205186 243368 195627 189242 54126 159553 114304 102235 45249 135714 102951 24392 104441 76359 95163 73524 20647 108925 92606 33537 16319 24602 53528 70263 30265 28082 17500
is_linear=0
shrinkage=0.05


Tree=23
num_leaves=31
num_cat=0
split_feature=1 19 14 9 24 1 18 11 4 0 19 0 3 6 24 24 24 11 24 4 14 14 14 4 11 14 11 14 14 11
split_gain=12108.1 3874.41 2397.69 1982.19 1136.5 809.086 793.864 698.668 679.843 510.865 430.641 426.572 421.879 405.754 367.677 333.315 314.479 307.559 300.396 396.61 346.104 299.375 280.377 264.329 251.651 194.779 261.197 210.287 194.027 193.232
threshold=20.566105350852016 0.48529411852359777 204.50000000000003 1.0000000180025095e-35 3.5000000000000004 8.7907625436782855 180.10011291503909 14.008156353618409 34.580821022391326 2.4865337610244755 0.13235294446349147 0.48305802047252661 25.800615761429075 1.5000000000000002 2.5000000000000004 2.5000000000000004 2.5000000000000004 18.035498580788683 6.5000000000000009 145.89662785828116 243.50000000000003 263.50000000000006 219.50000000000003 103.80737090855838 44.867967678055223 219.50000000000003 100.96431947589475 231.50000000000003 218.50000000000003 111.65133048040369
decision_type=2 2 2 2 8 2 2 2 2 2 2 2 2 2 8 8 8 2 8 2 2 2 2 2 2 2 2 2 2 2
left_child=1 4 6 13 12 10 11 -4 24 -5 22 16 -1 -2 -10 -8 17 -3 20 -20 25 -22 -6 -12 -9 26 -16 29 -21 -27
right_child=3 2 7 9 5 -7 15 8 14 -11 23 -13 -14 -15 18 -17 -18 -19 19 28 21 -23 -24 -25 -26 27 -28 -29 -30 -31
leaf_value=0.0099635709012825535 0.04997676888260727 -0.038403237073399599 0.017577942701372827 0.0015103863755430514 0.046595887533764396 0.017399617481030191 -0.017960180098156201 -0.010886561462916777 0.013127021111813223 0.027481408959805321 -0.0093338128443798511 -0.003837029093418977 0.031092081003234268 -0.0099336706144214238 0.00031113030326437575 -0.033039065868508001 -0.024148785751680269 -0.00030066607672569031 -0.0037350985839403705 -0.015719511589514831 0.0078260689428096258 -0.021243328238359581 0.0069905451039139772 0.0030579720754985713 -0.028281432827456029 -0.048813499672216196 -0.050848546253743167 -0.015303076389495615 0.022923169994203303 0.013475392485604497
leaf_weight=4171.6399844661355 11979.437427677214 641.2540325820446 3480.2468908652663 3346.5407848581672 624.00971756130457 6534.2943205907941 5068.6141476407647 4942.793956361711 3481.536593310535 4360.4150430858135 12624.642999820411 6413.8284823819995 5451.1846760064363 289.13420657813549 1487.6338364556432 13272.891532242298 9846.6061945259571 3019.8805372342467 12703.174501560628 377.68243326991796 2852.7973340973258 1283.2800049334764 1569.4076409190893 6528.1722062006593 3590.6155350208282 1290.376254580915 298.7595474049449 1354.960521556437 2293.7486500814557 137.37237606197596
leaf_count=25645 149609 2822 20498 18963 6231 46810 21481 23215 22092 29916 63697 30530 41179 2129 6672 54584 41798 14156 65604 2102 14868 6891 11486 38300 15252 5415 1368 6312 13718 632
internal_value=0.000142335 -0.00608202 -0.0124429 0.0360811 0.0071199 0.0020061 -0.0213674 -0.00381392 -0.00587695 0.0162058 -0.0027066 -0.0144557 0.0219345 0.0485642 -0.00205845 -0.0288733 -0.0194971 -0.00698306 -0.00425447 -5.21042e-05 -0.0116756 -0.0011961 0.018274 -0.00511018 -0.0182083 -0.0211596 -0.00826856 -0.0294292 0.0174561 -0.0428151
internal_weight=135317 115341 77838.1 19975.5 37503.4 27880.5 38263.1 39575 36094.7 7706.96 21346.2 19921.6 9622.82 12268.6 27561.3 18341.5 13507.7 3661.13 24079.8 15374.6 8705.18 4136.08 2193.42 19152.8 8533.41 4569.1 1786.39 2782.71 2671.43 1427.75
internal_count=803975 603358 370010 200617 233348 166524 165371 204639 184141 48879 119714 89306 66824 151738 145674 76065 58776 16978 123582 81424 42158 21759 17717 101997 38467 20399 8040 12359 15820 6047
is_linear=0
shrinkage=0.05


Tree=24
num_leaves=31
num_cat=0
split_feature=7 19 20 0 24 21 20 12 0 21 21 22 25 25 12 4 22 17 19 14 22 12 4 4 4 19 24 12 3 14
split_gain=11095.4 3491.96 2374.64 1332.37 1061.8 971.286 1162.09 1034.04 794.62 686.738 617.125 611.058 468.878 424.243 387.307 364.796 552.006 357.275 350.397 341.315 314.506 305.93 331.311 295.281 292.343 292.116 284.966 353.496 249.948 247.685
threshold=1.0000000180025095e-35 0.48529411852359777 58.656867980957038 2.2954241037368779 2.5000000000000004 0.70677247500000007 2.9332580566406254 4.2058823529411766 3.4976265430450444 -0.43871623499999995 -0.19011549499999997 1.3569536500000001 25.070076999068263 26.426528140902523 1.3111455108359136 102.75194662064315 0.68539762500000012 198.80808258056643 0.48529411852359777 233.50000000000003 2.1169150000000005 11.018575851393191 21.585746940225366 45.207011856138713 28.382455227896575 0.33823530375957495 7.5000000000000009 4.7275541795665648 19.531755417585376 199.50000000000003
decision_type=2 2 2 2 8 2 2 2 2 2 2 2 2 2 2 2 2 2 2 2 2 2 2 2 2 2 8 2 2 2
left_child=1 4 5 18 12 6 17 9 13 -8 -4 21 28 20 29 16 -12 26 -2 23 24 22 -9 -11 -6 -5 27 -3 -1 -7
right_child=3 2 10 25 8 14 7 11 -10 19 15 -13 -14 -15 -16 -17 -18 -19 -20 -21 -22 -23 -24 -25 -26 -27 -28 -29 -30 -31
leaf_value=-0.0039575483672634314 0.028261754254668543 -0.0010117988946958213 0.016992805458799175 0.052082482261410393 -0.018770831973581009 0.027696724156659587 0.017897186723442961 -0.027198166613158908 0.02017640057460825 -0.016002160283908426 -0.015772638946573544 -0.046977661274687568 0.036018573951833228 0.0080068639395461279 -0.031709224623752079 0.0078733803720178238 0.021582944376645714 -0.030827653438215655 0.00016113332929480628 -0.033821420669469464 -0.067451358973064993 0.016603747044462335 -0.0095050220996258424 0.0050964638177623013 -0.0015411367105669536 0.036442174195394965 -0.024406622358365576 -0.027118584368466925 0.021831260453744034 -0.022616249155357829
leaf_weight=1565.822353169322 2223.4543328732252 4127.86200979352 6412.8381416425109 7811.4847805052996 3084.0578012391925 462.5322417318821 5151.4512138590217 3549.1161571294069 5491.5779530331492 2449.5419752001762 5906.0780959501863 1381.6427683979273 3896.7932077795267 8595.3148036897182 10634.773568972945 5241.6474003642797 1186.9001743048429 7530.8586240559816 2212.9918278008699 928.92321389168501 203.44230078905821 865.998620480299 10396.277935229242 5128.6210792586207 12190.218819215894 4853.5992402583361 6337.9132771193981 1889.5163134038448 2347.1892765089869 516.9379535317421
leaf_count=9113 20127 17998 38589 103398 14787 2039 28032 15174 37965 10399 29010 5759 29946 54054 44592 29233 6327 30822 16814 4549 996 4145 49647 25035 66475 55098 26608 7905 16496 2412
internal_value=0.000205531 -0.00527236 -0.0111608 0.0378324 0.00734758 -0.0159197 -0.0128792 -0.00664093 0.00301575 0.00349148 0.00441288 -0.0151871 0.0237435 -0.000899634 -0.0289385 -0.00212835 -0.0095196 -0.0222428 0.0142478 -0.00523295 -0.00584592 -0.0122187 -0.0140096 -0.0017246 -0.00502102 0.046092 -0.0170081 -0.00921273 0.0115133 0.00114691
internal_weight=134575 117474 80099.4 17101.5 37374.4 61352 49737.7 29851.6 29564.6 13658.5 18747.5 16193 7809.8 24073 11614.2 12334.6 7092.98 19886.2 4436.45 8507.09 15477.7 14811.4 13945.4 7578.16 15274.3 12665.1 12355.3 6017.38 3913.01 979.47
internal_count=803544 608107 378275 195437 229832 275116 226073 142740 174277 68015 103159 74725 55555 136312 49043 64570 35337 83333 36941 39983 82258 68966 64821 35434 81262 158496 52511 25903 25609 4451
is_linear=0
shrinkage=0.05


Tree=25
num_leaves=31
num_cat=0
split_feature=7 18 14 0 25 6 4 12 0 14 17 11 18 14 12 18 6 12 11 18 18 18 4 0 4 11 14 18 9 9
split_gain=10268.3 2962.56 2267.23 1373.25 1182.83 730.484 619.527 712.873 617.581 548.241 540.039 443.052 375.436 344.437 690.366 328.836 309.142 306.583 304.615 296.794 295.901 273.088 270.128 261.068 243.68 226.716 225.198 215.711 204.052 201.815
threshold=1.0000000180025095e-35 172.48621368408206 203.50000000000003 2.439024925231934 26.426528140902523 1.5000000000000002 87.171183388680234 11.018575851393191 5.5370237827301034 238.50000000000003 163.60294342041018 53.401806228566379 186.89593505859378 250.50000000000003 4.3544891640866874 163.92513275146487 1.5000000000000002 2.1687306501547994 26.681275045320444 169.79144287109378 163.92513275146487 186.79712677001956 28.382455227896575 5.157952308654786 73.814968451857581 53.401806228566379 229.50000000000003 156.30882263183597 5.5000000000000009 29.500000000000004
decision_type=2 2 2 2 2 2 2 2 2 2 2 2 2 2 2 2 2 2 2 2 2 2 2 2 2 2 2 2 2 2
left_child=1 4 5 15 8 21 7 11 13 10 -6 22 29 14 20 -2 -17 -11 -15 -5 26 -3 -4 28 25 -22 -1 -19 -8 -7
right_child=3 2 6 19 9 12 23 -9 -10 17 -12 -13 -14 18 -16 16 -18 27 -20 -21 24 -23 -24 -25 -26 -27 -28 -29 -30 -31
leaf_value=0.037318214353024258 0.040820824671096295 -0.0048093454000347627 -0.013720307359678564 0.05103344712198226 0.047287421073563207 -0.023605073549577874 -0.0055931135211329253 0.037724348317122243 0.022675002981837559 0.030381130174775547 0.018363646752423777 -0.01854823403733304 -0.035448230666742325 0.024027655853551481 -0.014783078054769805 0.018143142238412683 -0.011954539188485751 0.026393571295328114 -0.0013415298759309338 0.034001426537905215 0.00092540429333260593 -0.025708102732365269 9.6310072573085295e-05 0.023805808657994698 0.010055815384993814 -0.020333509490843265 -0.0084430695772642183 -0.0072660780950556426 0.0081169463810093281 -0.012441285913154502
leaf_weight=1018.4752591997385 883.76167218387127 8952.8315340802073 5043.2777967303991 8354.3788286671042 2355.9237421900034 16376.558252431452 4095.7513956129551 860.58870059251785 2803.8507142439485 948.73605814576149 5126.6885190978646 7629.4720355272293 5519.5514136254787 2141.9467279613018 9459.7770476937294 2268.0023858398199 1366.3984834477305 569.26328196376562 2641.9274531006813 3700.2586774528027 3780.1474690362811 1893.0063717961311 11843.450205661356 1817.3235779032111 3949.7119887769222 1875.7154604569077 364.70378617197275 2878.1562099903822 8040.0342800393701 5382.6548037976027
leaf_count=7348 9014 40432 23615 113899 24278 69018 22697 5032 18366 7293 31037 34402 22555 12438 50697 20690 8402 4886 14936 43144 18933 7909 61090 11683 22729 8778 2374 19334 44311 22529
internal_value=0.000156954 -0.00504527 -0.0107478 0.0369975 0.00602039 -0.0194363 -0.00232528 -0.00697843 0.000417618 0.0192429 0.0274755 -0.0085491 -0.0238003 -0.00205645 -0.00488205 0.0134841 0.00682737 0.00522728 0.01002 0.0458086 0.00364192 -0.008459 -0.00403064 0.00613738 0.0005274 -0.00612727 0.0252549 -0.00170191 0.00348981 -0.0208441
internal_weight=133942 117370 77454.5 16572.8 39915 38124.6 39329.9 25376.8 28036.3 11878.8 7482.61 24516.2 27278.8 25232.4 20448.5 4518.16 3634.4 4396.16 4783.87 12054.6 10988.8 10845.8 16886.7 13953.1 9605.57 5655.86 1383.18 3447.42 12135.8 21759.2
internal_count=803849 608700 365273 195149 243427 162443 202830 124139 156599 86828 55315 119107 114102 138233 110859 38106 29092 31513 27374 157043 60162 48341 84705 78691 50440 27711 9722 24220 67008 91547
is_linear=0
shrinkage=0.05


Tree=26
num_leaves=31
num_cat=0
split_feature=9 19 5 6 21 15 12 12 11 21 23 17 11 12 23 5 12 15 19 10 6 21 25 12 23 12 6 9 23 11
split_gain=9373.86 3013.14 1770.93 1371.66 1038.44 656.3 648.381 647.32 514.196 503.273 489.754 480.567 529.36 463.884 457.897 396.795 368.884 359.608 357.868 323.944 315.521 305.509 327.374 309.988 276.27 263.43 242.891 228.144 222.653 220.118
threshold=1.0000000180025095e-35 0.36764706671237951 3.5000000000000004 1.0000000180025095e-35 0.3317518550000001 12.646073341369631 4.3544891640866874 11.018575851393191 14.008156353618409 -0.37096172499999996 1.6901442000000002 201.91944122314456 50.50536256878646 2.7198142414860684 2.4041249500000004 10.500000000000002 2.3854489164086692 3.0942995548248295 0.36764706671237951 20.789829982817174 1.5000000000000002 0.3317518550000001 25.290988522768025 5.4272445820433441 0.94514796000000012 1.1099071207430342 1.5000000000000002 23.500000000000004 0.92950195000000013 32.768276243663799
decision_type=2 2 2 2 2 2 2 2 2 2 2 2 2 2 2 2 2 2 2 10 2 2 2 2 2 2 2 2 2 2
left_child=3 5 7 19 6 16 9 11 -6 -4 15 12 20 -12 17 25 -2 -8 -5 -1 -3 22 23 -18 28 -10 -20 -23 -11 -27
right_child=1 2 4 18 8 -7 14 -9 10 24 13 -13 -14 -15 -16 -17 21 -19 26 -21 -22 27 -24 -25 -26 29 -28 -29 -30 -31
leaf_value=0.032381818510196093 0.02239835000694522 -0.00029459756757354866 0.014743733965915809 0.03271005087464373 0.026879319496755046 0.04011202557920282 -0.010025531097102502 0.017979955992414722 0.013324111320570762 -0.0044159090495480367 -0.0075981167206170697 -0.029770965021973118 -0.027726460257849431 -0.041224204577149384 -0.043665387704469399 0.005807331650931712 0.013850578499918838 0.0045119273435627561 0.013764959305017352 0.050582500241753307 -0.015073278096757313 0.00017519444327431392 0.020144999420013243 -0.013025815065486852 0.013432162524796518 -0.0025982814849012641 -0.015386098278751245 -0.030051238699046703 -0.079999160599060093 -0.017840622434331616
leaf_weight=3517.4183776453137 4493.4589842781425 4891.5962759181857 11275.764517724514 1485.0702441781759 835.46434635668993 2017.6071286350489 9826.8281978517771 1238.678857922554 894.2572238817811 7506.6404725983739 1675.0940698087215 7690.0661945790052 6547.9683717936277 2646.5693549513817 747.94209752976894 3444.2394891157746 2252.6449688225985 7499.7526346892118 1893.3556462824345 8076.6952213272452 13801.108616530895 3475.9238154962659 4702.3692450076342 2046.667315132916 2617.71121288836 2998.7497188001871 1146.3847315534949 759.93512009829283 97.721946343779564 11277.456325404346
leaf_count=42644 32426 22613 63068 14871 5145 20732 47302 6328 4501 38146 8126 32545 27348 11722 3299 18753 14726 41514 16941 114284 60531 21736 32376 12730 13567 14467 6808 4049 483 50579
internal_value=0.000202497 -0.004712 -0.00831893 0.0359527 -0.00336997 0.0130976 0.0015919 -0.0174931 -0.0116296 0.00746021 -0.0130334 -0.0188279 -0.0154928 -0.0281954 -0.0053879 -0.00951201 0.0100215 -0.00373314 0.0126014 0.0450641 -0.0112061 0.00581886 0.0110291 0.00105614 -0.000574756 -0.0129902 0.00276971 -0.0052534 -0.0053976 -0.0146393
internal_weight=133381 117262 97513.6 16118.9 63344.2 19748.6 39572.4 34169.4 23771.8 21497.8 22936.4 32930.7 25240.7 4321.66 18074.5 18614.7 17731 17326.6 4524.81 11594.1 18692.7 13237.5 9001.68 4299.31 10222.1 15170.5 3039.74 4235.86 7604.36 14276.2
internal_count=804360 608812 470037 195548 320672 138775 207379 149365 113293 115264 108148 143037 110492 19848 92115 88300 118043 88816 38620 156928 83144 85617 59832 27456 52196 69547 23749 25785 38629 65046
is_linear=0
shrinkage=0.05


Tree=27
num_leaves=31
num_cat=0
split_feature=1 5 7 20 24 11 18 24 23 11 12 14 20 20 14 19 1 4 25 14 11 14 4 11 5 4 19 19 12 18
split_gain=9448.33 2817.71 1767.57 1482.54 1081.24 741.498 637.017 632.429 553.331 537.417 522.648 452.096 453.676 433.059 420.644 483.85 417.211 402.371 344.594 336.727 322.367 303.753 288.679 287.48 274.223 251.531 230.438 225.544 218.782 217.818
threshold=20.18502771854401 9.5000000000000018 1.0000000180025095e-35 -8.318016052246092 2.5000000000000004 12.778281696572909 180.2159118652344 2.5000000000000004 1.6599746000000002 44.126377676085987 2.8034055727554184 170.50000000000003 12.507575988769533 -6.5469207763671866 239.50000000000003 0.48529411852359777 9.0902608036994952 37.657605178654201 22.695573055744173 194.50000000000003 35.482507067406701 270.50000000000006 20.972219301387671 27.620079198385081 2.5000000000000004 179.52879112586382 0.39705882966518408 0.39705882966518408 1.1687306501547989 169.79144287109378
decision_type=2 2 2 2 8 2 2 8 2 2 2 2 2 2 2 2 2 2 2 2 2 2 2 2 2 2 2 2 2 2
left_child=1 3 13 6 14 -6 23 -3 9 11 -10 -7 29 -2 15 18 25 19 -5 -11 -17 28 -22 -1 -14 -9 -15 -4 -19 -13
right_child=2 7 27 4 5 8 -8 16 10 17 -12 12 24 26 -16 20 -18 21 -20 -21 22 -23 -24 -25 -26 -27 -28 -29 -30 -31
leaf_value=-0.0038105540340560456 -0.0060579729887267394 0.027215654504863712 0.051589308792723831 -0.00073011015644187211 0.012422148663404903 0.022899878061247561 -0.031035143325716816 -0.0032915242767398815 -0.00034380948038863457 -0.0075137925430294105 -0.031382882991696462 0.0095959643043543354 -0.015501633644290592 0.036644670357164601 0.027062951173517858 -0.014731061954362993 0.017374757070914525 0.011185738325245696 0.033506605898700741 -0.029724289834544615 -0.018946401803789165 -0.070987988992334008 0.010225646818031335 -0.022798103414826701 0.00157845528448924 0.0098614296607362328 0.015257193604516744 0.036043906545323148 -0.010198161269545619 -0.026737934682125528
leaf_weight=4629.1737857088447 1823.8795675933361 4220.4446168169379 7262.2652699574828 1222.166128270328 3715.5957603827119 1580.9381089061499 9546.5953736752272 9554.9920881986618 1812.5771042406559 2467.5822100043297 5386.022028490901 480.48864038288593 2849.2171839475632 1813.7221580520272 2074.3972715958953 3600.1511010602117 5868.9655481874943 1296.451694175601 1842.5067258998752 5537.7354788929224 1051.2029313743114 195.99897368997335 4370.4881950467825 3500.8522634804249 13388.769813813269 5865.2091143280268 4125.9961359500885 3456.1031310334802 15342.070336245 2894.5390401855111
leaf_count=20871 8752 34481 108974 7641 22234 9790 39296 54007 9347 10525 23905 2567 12840 15994 13446 17579 44675 6857 13193 23000 4504 1021 22279 15514 68751 37981 25726 44425 72032 12174
internal_value=0.000253849 -0.00510971 0.0334213 -0.00931779 -0.00609625 -0.00917073 -0.0222762 0.00953619 -0.0106781 -0.00866189 -0.0235685 -0.00281303 -0.00488672 0.0152501 0.00626752 0.00269647 0.00603023 -0.013652 0.0198575 -0.0228799 -0.00313459 -0.00926272 0.00456707 -0.0119885 -0.00141929 0.00171163 0.021793 0.0465806 -0.00853138 -0.0215639
internal_weight=132777 114295 18482 88785.5 71108.9 56948 17676.6 25509.6 53232.4 46033.8 7198.6 21194 19613 7763.6 14160.9 12086.5 21289.2 24839.8 3064.67 8005.32 9021.84 16834.5 5421.69 8130.03 16238 15420.2 5939.72 10718.4 16638.5 3375.03
internal_count=804381 600510 203871 429366 353685 275043 75681 171144 252809 219557 33252 106122 96332 50472 78642 65196 136663 113435 20834 33525 44362 79910 26783 36385 81591 91988 41720 153399 78889 14741
is_linear=0
shrinkage=0.05


Tree=28
num_leaves=31
num_cat=0
split_feature=7 5 6 6 14 17 24 22 22 5 22 5 24 24 10 14 10 15 6 6 17 9 13 22 14 17 22 25 14 15
split_gain=8344.64 2452.22 1235.6 1208.03 892.201 838.139 785.36 610.491 464.429 438.162 413.37 428.482 439.529 395.33 375.924 360.477 326.345 314.266 275.786 264.038 256.956 234.792 231.949 229.82 227.447 391.771 208.448 206.179 203.223 237.551
threshold=1.0000000180025095e-35 9.5000000000000018 1.0000000180025095e-35 1.0000000180025095e-35 246.50000000000003 167.31060028076175 2.5000000000000004 0.030713726750000003 0.69818211000000008 1.5000000000000002 1.8385756500000003 2.5000000000000004 6.5000000000000009 2.5000000000000004 -2.9526132643222804 203.50000000000003 20.789829982817174 12.646073341369631 1.5000000000000002 1.0000000180025095e-35 196.47499847412112 21.500000000000004 -15.66016576073533 -2.0133645499999999 187.50000000000003 184.91612243652347 -0.63354348999999999 21.276421880722051 233.50000000000003 2.496581077575684
decision_type=2 2 2 2 2 2 8 2 2 2 2 2 8 8 8 2 10 2 2 2 2 2 2 2 2 2 2 2 2 2
left_child=1 3 16 14 5 15 9 17 13 -7 11 20 -13 -6 26 -5 -2 28 -4 -9 22 24 -8 -11 25 -14 -1 -26 29 -3
right_child=2 7 18 4 8 6 10 19 -10 23 -12 12 21 -15 -16 -17 -18 -19 -20 -21 -22 -23 -24 -25 27 -27 -28 -29 -30 -31
leaf_value=0.010143300483003973 0.031137398020784107 0.0055792323155974865 0.022281465131023404 0.043377045503642964 0.022479657700651672 -0.018725739842825672 -0.023607234754997493 0.014944673329196202 0.022661403571120061 -0.038203461192105777 -0.044863367240575845 -0.02148065528832744 -0.0024650492645217656 -0.0066939464051728702 0.016505375419673774 -0.0533169674154945 0.049950898152384869 0.043788018029375576 -0.0036290767290519076 -0.0030811270150277155 -0.030963513623363081 -0.0039985282983608502 -0.0072007599488120577 0.0026006808127112466 -0.024185003188456178 -0.031834169359318917 -0.0054137782628339058 -0.0025624689648967736 0.0083806980131020514 0.027624525701021072
leaf_weight=3134.8760299161077 3351.0448660552502 1710.8227380812168 2765.0598405078053 878.39447745680809 1341.0090810582042 3601.7896886914968 5942.1632250100374 2656.0886708721519 2190.0012290626764 355.36375315487385 1265.0537637174129 9976.7376759275794 1713.9194239526987 8619.9818302467465 4780.1102267578244 107.39692863076925 7435.3231856897473 1011.3268167302012 1633.0306089818478 8627.550359711051 5948.5406040996313 11819.22253729403 3380.9968472197652 10897.557269968092 1438.6017842292786 3364.7284450232983 6870.0405390411615 4709.1983240395784 6128.9477261155844 4280.8668232187629
leaf_count=17304 42707 9624 27901 9107 8733 15884 25190 18112 12297 1706 5266 42905 8304 45057 28888 640 114180 10809 10651 50459 24573 52980 15198 55418 7128 13961 34343 23032 40858 30000
internal_value=0.000135885 -0.00439905 0.0350024 -0.00812525 -0.0106224 -0.012934 -0.0136344 0.00969258 0.00181951 -0.00354985 -0.016657 -0.0159172 -0.0127137 -0.00276456 0.00497252 0.0327994 0.0441095 0.017021 0.0126621 0.00116297 -0.0228429 -0.00891767 -0.0176589 0.00130882 -0.0140957 -0.0219252 -0.000538697 -0.00762531 0.0147842 0.0213319
internal_weight=131936 116751 15184.5 92335.7 77550.7 65399.7 64413.9 24415.6 12151 14854.7 49559.2 48294.1 33022.4 9960.99 14785 985.791 10786.4 13132 4398.09 11283.6 15271.7 23045.7 9323.16 11252.9 11226.4 5078.65 10004.9 6147.8 12120.6 5991.69
internal_count=803215 607776 195439 447914 367379 301292 291545 159862 66087 73008 218537 213271 148310 53790 80535 9747 156887 91291 38552 68571 64961 105405 40388 57124 52425 22265 51647 30160 80482 39624
is_linear=0
shrinkage=0.05


Tree=29
num_leaves=31
num_cat=0
split_feature=1 16 7 14 21 5 16 14 11 21 12 14 17 6 6 12 21 14 1 14 14 14 11 11 14 22 12 12 18 11
split_gain=8095.66 2514.56 1641.32 1191.07 991.555 1095.3 650.295 635.319 596.105 525.029 418.477 413.55 407.954 405.124 403.619 371.998 412.24 435.788 355.446 331.873 655.317 560.762 446.389 327.888 347.319 365.316 362.334 331.76 323.478 280.497
threshold=21.318968534469608 0.66176471114158641 1.0000000180025095e-35 244.50000000000003 0.3317518550000001 3.5000000000000004 0.39705882966518408 189.50000000000003 23.072045487435336 -0.50585707999999985 1.2863777089783284 199.50000000000003 188.01666259765628 1.5000000000000002 1.0000000180025095e-35 5.3374613003095988 -0.43871623499999995 235.50000000000003 8.7907625436782855 218.50000000000003 202.50000000000003 231.50000000000003 108.20369620633893 20.631915132800589 265.50000000000006 0.53639948500000012 1.8157894736842108 7.7910216718266261 181.16196441650393 44.552299488635718
decision_type=2 2 2 2 2 2 2 2 2 2 2 2 2 2 2 2 2 2 2 2 2 2 2 2 2 2 2 2 2 2
left_child=1 6 14 4 5 28 -1 8 -7 -5 11 -6 -10 -4 -2 16 -9 -18 -8 20 -12 22 -21 -11 25 27 -26 -25 -3 -23
right_child=2 3 13 9 10 7 18 15 12 23 19 -13 -14 -15 -16 -17 17 -19 -20 21 -22 29 -24 24 26 -27 -28 -29 -30 -31
leaf_value=0.031067891016424667 0.024990882549073435 -0.010793161057823178 0.04782726675398536 0.019714467062222372 0.030092445138864478 -0.038585959237888073 0.0027415427045559379 0.019423395716268201 0.0072664134968071841 0.013247435751078306 -0.025043760507954579 -0.018941704604633673 -0.01321738298879745 -0.014015907327070863 0.00084879186296396613 -0.0065900599295281876 0.007101907918435642 -0.027499276242983057 0.017090271691836634 -0.059206476125360633 -0.0027007389837444469 -0.00032361137824361673 0.0093944719196449224 -0.0039286535734660679 0.022134126221274503 0.022373551340362341 -0.033515303781325161 -0.070355910260926094 -0.023565818975155969 -0.0352646248280176
leaf_weight=2953.6850002855062 3919.1641423180699 11425.675558947027 9406.7482120282948 3809.7376401536167 792.48864380270243 1575.3828488886356 17968.954642996192 5806.898229945451 3872.087453674525 2952.3275440856814 11521.585886262357 937.71870465576649 6526.3893549740314 272.07407695055008 3100.6837146803737 4811.4356608763337 5025.3184824958444 1110.150364600122 5679.6926738806069 2046.9771808683872 4589.0406648591161 1245.2514875605702 267.9010272026062 6385.8174263164401 352.15013558417559 1383.3772396706045 1708.5163190811872 192.67031871527433 8759.2419460490346 1065.1639271155
leaf_count=30985 28439 50946 147837 23829 3804 6995 105544 34468 20358 17465 49686 4818 28335 2058 17833 24385 25942 5990 42631 8717 20100 5686 1234 34813 2184 7265 9160 932 36571 4937
internal_value=0.000211489 -0.0045215 0.0327384 -0.00858696 -0.0114051 -0.00741092 0.00895173 -0.00113901 -0.00993396 0.00339746 -0.0201003 0.00352187 -0.00558985 0.0460876 0.0143289 0.00514691 0.00987575 0.000837716 0.00618825 -0.0220714 -0.01868 -0.0338778 -0.0512667 -0.00139477 -0.0057088 -0.000972515 -0.0239992 -0.00588457 -0.0163367 -0.0164407
internal_weight=131464 114766 16698.7 88163.3 71378.7 48912.6 26602.3 28727.7 11973.9 16784.6 22466.1 1730.21 10398.5 9678.82 7019.85 16753.8 11942.4 6135.47 23648.6 20735.9 16110.6 4625.29 2314.88 12974.9 10022.5 7961.86 2060.67 6578.49 20184.9 2310.42
internal_count=803947 607780 196167 428620 332972 233990 179160 146473 55688 95648 98982 8622 48693 149895 46272 90785 66400 31932 148175 90360 69786 20574 9951 71819 54354 43010 11344 35745 87517 10623
is_linear=0
shrinkage=0.05


Tree=30
num_leaves=31
num_cat=0
split_feature=7 16 19 20 21 19 20 21 20 19 5 11 10 20 20 2 11 23 17 5 21 10 5 3 5 23 20 11 23 11
split_gain=7164.3 2123.29 1108.68 1028.72 975.793 810.469 750.413 500.543 486.171 436.232 376.42 346.101 327.48 320.59 300.12 281.541 272.578 346.812 271.812 267.452 267.245 253.642 244.075 224.445 219.484 181.802 173.571 173.154 173.275 165.447
threshold=1.0000000180025095e-35 0.72058823704719555 0.27941177785396581 32.702941894531257 0.0095684877600000027 0.1911764740943909 61.546920776367195 -0.41576999499999995 -16.078605651855465 0.57352942228317272 10.500000000000002 14.008156353618409 29.410181543231015 0.98529052734375011 75.866523742675795 5.9843813776969919 44.126377676085987 1.8200016500000002 157.66176605224612 2.5000000000000004 0.76635733000000006 16.496585294604301 2.5000000000000004 4.8116202950477609 3.5000000000000004 2.9098149500000003 -12.666358947753904 34.118159608252284 0.55684298000000021 35.008993896410665
decision_type=2 2 2 2 2 2 2 2 2 2 2 2 8 2 2 2 2 2 2 2 2 10 2 2 2 2 2 2 2 2
left_child=1 5 -2 8 14 6 -1 19 12 15 16 -6 -3 -4 22 -10 17 26 -8 -7 23 -15 -5 -11 -13 -21 -9 -25 -29 -20
right_child=2 3 13 4 11 7 18 10 9 20 -12 24 -14 21 -16 -17 -18 -19 29 25 -22 -23 -24 27 -26 -27 -28 28 -30 -31
leaf_value=0.043439617127741088 0.048681881947934345 -0.031243209371420007 -0.0056624562701389908 -0.013702420767385082 0.019129305974292979 -0.0033772179677679795 0.027100861229101561 -0.013040769381806126 -0.012435380084620954 -0.023917068467545891 0.0087138368958869401 -0.026868432393391036 -0.0092285626147217466 0.013288785184671746 0.022511442228744884 0.0019394791506739892 -0.01215830599280405 -0.031117057550421136 -0.011850158073173691 0.013703963411669377 -0.028509629112953672 0.032891620697427564 0.0076943961046515271 -0.020064413626465605 -0.0098298385783405721 -0.055426665774854639 0.0051242417096086096 -0.021354048895492347 -0.0044992969259129061 0.015382945139012845
leaf_weight=2369.0903453379869 6535.9979117177427 5957.2442931979895 1001.3021625429392 1592.2032285928726 906.8192034214735 3177.9910751506686 1162.9923491403461 1558.2894076257944 6238.9902280420065 4049.3342952132225 5922.3515561074018 2287.3037143796682 2359.2611082196236 2851.5804088786244 2902.8934892192483 7500.1187240928411 8868.9750299826264 842.22202061116695 1582.340711414814 10847.515639059246 3550.5765389800072 3922.6159853227437 8154.702914878726 3603.7074021548033 10877.886623315513 94.981142722070217 8395.6994752958417 1840.3214438706636 8877.8971231803298 859.97944692522287
leaf_count=26034 106253 24646 10209 7707 5547 15386 10946 6753 27386 16662 36608 9716 10017 28802 18082 35783 43185 4121 11726 68425 14664 49943 46891 15498 53085 487 44899 7900 38772 6830
internal_value=0.000121436 -0.00398383 0.0335035 -0.00941252 -0.00167503 0.00441778 0.0215856 0.00183426 -0.0141139 -0.0115745 -0.00233601 -0.0107337 -0.0249999 0.0207402 0.0084021 -0.00458864 -0.00566404 -0.000328437 0.007217 0.00939077 -0.0159524 0.024643 0.00419808 -0.013524 -0.0127919 0.0130989 0.0022795 -0.0105841 -0.00739499 -0.00225858
internal_weight=130693 116382 14311.5 70699.3 26721.8 45682.4 5974.4 39708 43977.5 35660.9 25587.5 14072 8316.51 7775.5 12649.8 13739.1 19665.2 10796.2 3605.31 14120.5 21921.8 6774.2 9746.91 18371.3 13165.2 10942.5 9953.99 14321.9 10718.2 2442.32
internal_count=802963 607756 195207 332356 141028 275400 55536 219864 191328 156665 135566 68348 34663 88954 72680 63169 98958 55773 29502 84298 93496 78745 54598 78832 62801 68912 51652 62170 46672 18556
is_linear=0
shrinkage=0.05


Tree=31
num_leaves=31
num_cat=0
split_feature=1 19 9 14 24 1 22 11 25 6 17 14 25 6 24 4 22 3 14 17 11 24 19 22 5 6 11 9 14 22
split_gain=7162.62 2161.59 1528.92 1229.68 842.779 502.969 443.092 527.323 417.573 403.79 362.02 344.933 473.672 340.348 338.86 291.721 291.276 279.032 277.169 246.131 244.684 243.905 239.672 239.42 244.036 233.739 226.499 215.554 203.903 199.393
threshold=21.318968534469608 0.51470589637756359 1.0000000180025095e-35 212.50000000000003 3.5000000000000004 10.032814383506777 -0.31765721499999994 36.983869110444573 27.787069579958921 1.5000000000000002 213.25555419921878 244.50000000000003 21.276421880722051 1.5000000000000002 2.5000000000000004 77.805829681456103 2.1169150000000005 23.297234773635868 168.50000000000003 158.54411315917972 11.403051592271213 2.5000000000000004 0.39705882966518408 -1.7667101999999997 1.5000000000000002 1.5000000000000002 50.50536256878646 6.5000000000000009 215.50000000000003 1.8385756500000003
decision_type=2 2 2 2 8 2 2 2 2 2 2 2 2 2 10 2 2 2 2 2 2 8 2 2 2 2 2 2 2 2
left_child=1 4 9 6 8 16 7 -3 17 -2 11 12 -5 22 15 26 19 -1 21 -6 -13 -9 -4 -20 -25 -8 -14 -17 -16 -27
right_child=2 3 13 10 5 -7 25 18 -10 -11 -12 20 14 -15 28 27 -18 -19 23 -21 -22 -23 -24 24 -26 29 -28 -29 -30 -31
leaf_value=0.0018745813906665078 0.0471148482348255 -0.018477622299966575 0.035610954191920084 -0.020247460570193825 0.024354128903150321 0.014552661090302505 -0.010757078960118408 0.0001296101512793993 0.036928599888584504 -0.015044604689618758 -0.027507330009643144 0.02268608757925528 0.0060989934991466611 -0.012396787905983061 0.020575483838426976 0.0012852511729475409 -0.045368020943294479 0.020907337659039259 -0.029740008087404186 -0.0023323690724846892 0.0026816721864163511 -0.039600995543806257 0.012650886667084955 -0.019700153977467751 0.0060800327372189517 -0.021510880212008393 -0.013408963130648408 0.029265679041666645 -0.015722257573320571 -0.047158218598673265
leaf_weight=3506.7151380032301 8731.0136397704482 8994.1188227087259 1538.7177794501185 4087.6896197646856 896.12104676663876 5612.368513982743 5393.7416187077761 702.8276589512825 2216.1930905357003 268.88669598847628 1317.6536498516798 1762.8118330165744 3893.9917174205184 1037.221714630723 427.5762073174119 1158.3908902034163 380.68686033040285 4270.8584410473704 591.7913002371788 23415.776980169117 11465.63963362202 856.67176789045334 4350.0367231890559 1038.0814160853624 7874.8952480331063 15583.908699035645 2406.7084291055799 1695.5262151062489 3990.2832510024309 796.42073377966881
leaf_count=20447 147964 38590 14277 20932 8603 44573 24629 3032 20885 2062 6435 11208 19471 5801 1899 7276 1908 31834 2712 128298 63620 3626 26115 4235 35938 64961 11081 9877 18271 3278
internal_value=0.000252781 -0.00412305 0.0316667 -0.009195 0.00519536 0.00104287 -0.0148488 -0.00948662 0.017786 0.0452563 -0.00185106 -0.000755752 -0.00532856 0.0140039 -0.000834205 0.00465406 -0.00202823 0.0123273 -0.00217685 -0.00134776 0.00534896 -0.0217068 0.0186553 0.00102948 0.00307558 -0.0197878 -0.0013535 0.017913 -0.0122054 -0.0227607
internal_weight=130263 114337 15925.9 74038.7 40298.7 30305 41832.5 20058.4 9993.77 8999.9 32206.3 30888.6 17660.2 6925.98 13572.5 9154.62 24692.6 7777.57 11064.3 24311.9 13228.5 1559.5 5888.75 9504.77 8912.98 21774.1 6300.7 2853.92 4417.86 16380.3
internal_count=803838 607619 196219 351071 256548 183382 181001 88133 73166 150026 170070 163635 88807 46193 67875 47705 138809 52281 49543 136901 74828 6658 40392 42885 40173 92868 30552 17153 20170 68239
is_linear=0
shrinkage=0.05


Tree=32
num_leaves=31
num_cat=0
split_feature=1 16 7 20 24 14 16 24 12 24 6 12 14 17 6 24 23 4 14 1 14 24 23 23 14 14 12 13 12 4
split_gain=6681.42 1969.01 1441.53 1112.25 647.362 716.697 609.236 425.142 428.095 421.256 377.93 337.354 441.264 318.78 305.551 298.171 273.849 334.249 269.574 267.674 240.28 229.199 225.265 225.145 214.007 210.73 273.04 204.046 200.249 198.129
threshold=22.074687719345096 0.66176471114158641 1.0000000180025095e-35 -9.5233306884765607 2.5000000000000004 246.50000000000003 0.33823530375957495 6.5000000000000009 2.1269349845201244 3.5000000000000004 1.5000000000000002 4.2058823529411766 238.50000000000003 199.67500305175784 1.0000000180025095e-35 5.5000000000000009 1.6901442000000002 89.018010266125216 267.50000000000006 8.7907625436782855 243.50000000000003 1.5000000000000002 2.7058399000000004 0.57830724000000011 180.50000000000003 252.50000000000003 1.3421052631578949 -58.495258846369218 5.7941176470588251 43.960497617721565
decision_type=2 2 2 2 8 2 2 8 2 8 2 2 2 2 2 10 2 2 2 2 2 8 2 2 2 2 2 2 2 2
left_child=1 6 14 13 11 7 -1 -6 20 -8 -4 -5 24 21 -2 16 17 -7 -17 -11 29 28 23 -10 -13 26 -18 -26 -3 -9
right_child=2 3 10 4 5 15 9 8 22 19 -12 12 -14 -15 -16 18 25 -19 -20 -21 -22 -23 -24 -25 27 -27 -28 -29 -30 -31
leaf_value=0.034494665707530583 0.02364034546894736 0.011397387398980404 0.047049838651431745 0.013568854214828544 -0.017793953054017382 -0.0067806602837672952 0.01796060572127807 -0.0079747208758094677 -0.016423974435417755 -0.0010855362355628331 -0.01557005188417974 -0.021765122367695313 0.029645844638515641 -0.030149907387633696 0.0017843762614588713 0.026264106706732099 -0.063737345317325791 0.010995867753533971 -0.021489886155127595 0.012824711932951278 -0.041404146742004926 -0.017782712294182875 -0.05442675710062192 -0.0062474045407997728 0.027102569704193058 -0.032689521016481787 0.040228105771768836 -0.0049337108573561106 -0.042301525189741583 0.014883540029181972
leaf_weight=2012.8949303142726 3571.8828752115369 1228.5082743763924 8214.9182128868997 6098.5655121393502 13386.601012885571 5296.7850341424346 5564.5680096969008 1299.9274051040411 7682.4607341215014 14214.700067415833 247.7832463234663 1732.5533598437905 957.03039886802435 5015.4227806404233 2895.0608660131693 1950.1121050305665 84.291166495531797 5278.6377721950412 347.5010143071413 4569.31433204934 251.00743216648698 8697.1450410969555 277.59380343556404 18581.182894248515 557.09826736152172 1039.4815312363207 242.53742890059948 4541.6081390343606 201.16419143974781 3495.1860097311437
leaf_count=23827 26794 5415 145388 37217 59136 27445 42010 5987 35591 80616 1879 8162 6334 20966 16785 11845 498 31650 2144 35090 1386 37371 1159 86068 2571 5575 1270 22758 822 19026
internal_value=0.000173023 -0.00392569 0.031634 -0.00750781 -0.00495279 -0.00723141 0.00806491 -0.0103266 -0.00716148 0.00587863 0.0452147 0.00476306 -0.00213311 -0.0198412 0.0138579 0.00254451 -0.000629697 0.00209255 0.0190354 0.00229871 0.00618708 -0.0147332 -0.0096995 -0.0092247 -0.00658889 -0.0216864 0.0133021 -0.00142871 0.00381732 0.00868643
internal_weight=129534 114604 14929.6 88242.4 73100.2 59213.3 26361.5 44974 31587.4 24348.6 8462.7 13886.9 7788.29 15142.2 6466.94 14239.3 11941.7 10575.4 2297.61 18784 5046.12 10126.8 26541.2 26263.6 6831.26 1366.31 326.829 5098.71 1429.67 4795.11
internal_count=802785 611939 190846 430396 365822 288780 181543 208353 149217 157716 147267 77042 39825 64574 43579 80427 66438 59095 13989 115706 26399 43608 122818 121659 33491 7343 1768 25329 6237 25013
is_linear=0
shrinkage=0.05


Tree=33
num_leaves=31
num_cat=0
split_feature=0 7 19 14 17 12 4 14 19 22 12 19 11 4 22 11 24 22 11 12 25 19 24 11 14 11 17 24 12 9
split_gain=6089.76 1919.14 1677.05 1060.3 727.125 714.609 670.009 543.281 496.09 454.079 358.894 345.107 332.506 326.58 321.786 320.585 319.838 278.99 265.724 262.981 242.744 228.394 226.267 212.393 277.826 243.886 208.297 202.418 212.899 197.45
threshold=4.5559403896331796 1.0000000180025095e-35 0.33823530375957495 202.50000000000003 196.13889312744143 11.018575851393191 89.925246637314572 215.50000000000003 0.16176471114158633 -0.36822707999999993 2.3018575851393193 0.36764706671237951 103.36032366453911 181.99794530868533 1.6775100000000001 51.624088383588266 4.5000000000000009 1.8385756500000003 36.983869110444573 4.3854489164086692 21.10047067403794 0.36764706671237951 2.5000000000000004 75.48547650337359 169.50000000000003 46.041871786809565 217.55000305175784 2.5000000000000004 1.1687306501547989 30.500000000000004
decision_type=2 2 2 2 2 2 2 2 2 2 2 2 2 2 2 2 10 2 2 2 2 2 10 2 2 2 2 8 2 2
left_child=2 11 7 4 9 6 15 8 -1 18 -11 -2 14 -9 29 26 -8 20 -4 -15 -10 -3 -20 24 25 -24 -5 28 -17 -12
right_child=1 21 3 5 -6 -7 16 13 17 10 12 -13 -14 19 -16 27 -18 -19 22 -21 -22 -23 23 -25 -26 -27 -28 -29 -30 -31
leaf_value=0.047412777078065717 0.027612054910260683 0.050430326105949046 -0.0086438081246659696 -0.003190121713893778 -0.021695434617636813 0.03596644616932989 0.0086524631582720612 -0.0065822057360716314 -0.003015590588418065 0.0012003842743456743 -0.017157737687169921 0.0087065702052309176 -0.065293568643020231 0.028148795828530873 -0.044351676284382371 -0.043923291142835164 -0.005843041494529932 -0.055761466719370212 0.010028255340821617 0.00039108483854478795 0.023303358755516423 0.032292362485148905 0.013313215887104522 -0.043827911545193846 0.016104905665357324 -0.066183340263111332 -0.035538975788902381 -0.017199330942901051 0.017449879639068813 0.00073163386245983606
leaf_weight=1499.4991094097495 3139.8190625458956 5113.7347741164267 6890.6919665634632 19313.522394817322 15219.138638157398 1195.9508977010846 12944.438274361193 4336.1060923784971 1181.2624845206738 3042.9964069277048 9050.6279746964574 10437.621524445713 359.63551611453295 1683.967818569392 956.06531346961856 170.27616618573666 5388.9894882403314 136.6355047300458 5427.8240436650813 1728.8199412226677 3387.8853502720594 2639.6863222755492 158.82001101225615 382.98553819581866 792.1188901104033 243.65294634178281 509.80617323890328 9266.9988077171147 806.88684967905283 1859.1684579178691
leaf_count=19568 28572 98444 31736 98292 64186 7295 82699 28436 7528 14726 40339 58166 1671 16313 4029 1140 29700 748 27581 14941 24444 39972 724 1751 3621 1053 2371 41298 4785 7836
internal_value=3.71895e-06 0.0244152 -0.00482083 -0.00722241 -0.0128364 -0.00219832 -0.00314207 0.0113531 0.0223766 -0.00821291 -0.0141645 0.0130802 -0.0179887 0.00252372 -0.0165496 -0.00773561 0.00439152 0.0143904 -0.00167296 0.0140918 0.0164999 0.0442601 0.00518401 -0.0114789 -0.00107991 -0.0348579 -0.0040238 -0.0149172 0.00672129 -0.0141094
internal_weight=129266 21330.9 107935 93980.6 44383.7 49596.9 48400.9 13954.2 6205.28 29164.6 15268.5 13577.4 12225.5 7748.89 11865.9 30067.5 18333.4 4705.78 13896.1 3412.79 4569.15 7753.42 7005.4 1577.58 1194.59 402.473 19823.3 10244.2 977.163 10909.8
internal_count=803965 225154 578811 466833 199253 267580 260285 111978 52288 135067 68601 86738 53875 59690 52204 147886 112399 32720 66466 31254 31972 138416 34730 7149 5398 1777 100663 47223 5925 48175
is_linear=0
shrinkage=0.05


Tree=34
num_leaves=31
num_cat=0
split_feature=0 19 7 14 12 4 0 14 19 22 11 11 24 24 19 24 12 4 3 11 14 12 12 22 4 22 19 11 22 12
split_gain=5511.59 1689.08 1636.58 989.142 658.825 687.836 578.007 539.871 514.857 398.007 333.629 317.545 315.215 290.655 279.784 272.975 260.791 256.605 253.595 252.655 254.076 248.395 240.621 240.381 232.489 245.942 223.937 217.438 213.819 225.41
threshold=5.3417844772338876 0.33823530375957495 1.0000000180025095e-35 202.50000000000003 11.018575851393191 72.226299822330489 1.0000000180025095e-35 215.50000000000003 0.16176471114158633 -0.36822707999999993 51.28246849409706 38.133061216700106 2.5000000000000004 4.5000000000000009 0.33823530375957495 2.5000000000000004 2.1269349845201244 139.19583822786811 43.513768479228027 75.48547650337359 169.50000000000003 4.3854489164086692 5.1284829721362231 1.6775100000000001 44.559207424521453 0.32628046000000005 0.39705882966518408 103.36032366453911 1.7426737500000002 11.018575851393191
decision_type=2 2 2 2 2 2 2 2 2 2 2 2 8 10 2 10 2 2 2 2 2 2 2 2 2 2 2 2 2 2
left_child=1 7 14 6 5 10 9 8 -1 11 -5 -3 -9 -7 -2 -13 -11 -14 22 20 -17 -19 -15 -10 -8 -26 -4 28 29 -18
right_child=2 3 26 4 -6 13 24 12 23 16 -12 15 17 18 -16 19 27 21 -20 -21 -22 -23 -24 -25 25 -27 -28 -29 -30 -31
leaf_value=0.047677204324040906 0.029488307395459018 -0.016781643761097653 0.050028769418150147 -0.0043254420829981375 0.03508010627062666 0.0068961536490196708 -0.010723044362171304 0.025762730945867698 0.016836310799206614 -0.0054043068157861689 -0.016442809527528045 0.0040364439258143087 -0.012115371985669209 0.01971942191141398 0.009821060322082513 -0.043393528600909656 -0.022405604879882166 0.020860090303477671 -0.014153710360032871 -0.054989272291179198 0.008551455572349027 -0.0051104432201615063 -0.0078963441476295592 -0.039918421879080554 0.006689863943412153 -0.012758866579956528 0.030769047118924326 -0.06182652789755963 -0.045627848517074292 0.020999504790381218
leaf_weight=1549.3995838686824 2236.8291435018182 7770.6720705404878 4885.2667300142348 16753.434969268739 1180.7862249836326 17012.251920036972 7296.5695756189525 1284.7415985576808 4636.8791600614786 2138.5084461122751 8594.5185720026493 4847.4017403572798 3003.083057705313 1490.1640200354159 9433.6638773828745 345.19783142209053 11734.803802289069 1798.6201830878854 3709.7897827401757 390.0872949436307 734.82155004143715 1884.5493078492582 1673.7673725523055 193.45824604853988 6097.8356507644057 2215.2039170898497 2193.7734810188413 372.81782310456038 976.49849247932434 306.18726374953985
leaf_count=21310 21986 34144 98100 83627 7358 106914 31545 12511 33193 9476 38424 22274 18248 7559 54231 1484 50070 16503 21002 1633 3155 15253 8709 1099 32206 10761 34507 1569 4100 1297
internal_value=4.31609e-05 -0.00422824 0.0250997 -0.00662835 -0.00181219 -0.00269768 -0.0119968 0.0117668 0.0226057 -0.0161003 -0.00843446 -0.0100139 0.00308993 0.00339034 0.0135928 -0.00168801 -0.0216212 -0.00126978 -0.00528619 -0.0205532 -0.00807608 0.00757409 0.00511239 0.0145555 -0.00421047 0.00150638 0.0440654 -0.0242105 -0.0231285 -0.0213002
internal_weight=128742 109992 18749.5 95641.3 50414.7 49233.9 45226.6 14350.7 6379.74 29617 25348 14088.2 7970.99 23886 11670.5 6317.51 15528.8 6686.25 6873.72 1470.11 1080.02 3683.17 3163.93 4830.34 15609.6 8313.04 7079.04 13390.3 13017.5 12041
internal_count=804248 595424 208824 477307 273593 266235 203714 118117 55602 129202 122051 62690 62515 144184 76217 28546 66512 50004 37270 6272 4639 31756 16268 34292 74512 42967 132607 57036 55467 51367
is_linear=0
shrinkage=0.05


Tree=35
num_leaves=31
num_cat=0
split_feature=0 7 5 18 24 11 22 5 18 22 23 16 18 17 5 23 3 22 5 11 24 11 22 11 11 23 22 23 11 13
split_gain=5049.07 1894.78 1468.65 843.553 548.92 621.104 438.699 358.425 337.8 324.93 317.199 272.223 270.172 249.871 233.128 207.402 202.36 201.061 190.588 182.197 181.671 161.796 214.141 366.244 140.278 136.457 143.461 192.599 165.083 131.988
threshold=4.1764333248138437 1.0000000180025095e-35 9.5000000000000018 185.39170837402347 2.5000000000000004 18.747223924407191 -0.0062803106849999993 2.5000000000000004 166.58823394775393 2.7106600000000003 1.6599746000000002 0.30882354080677038 169.52228546142581 217.55000305175784 6.5000000000000009 0.69593900500000017 8.5114741958677786 -1.6132802499999999 2.5000000000000004 84.818206003472085 6.5000000000000009 24.582699336849689 0.066633861500000016 18.035498580788683 35.482507067406701 1.2403435000000003 -0.58885022999999992 0.73998249000000016 51.624088383588266 -13.666838580909708
decision_type=2 2 2 2 8 2 2 2 2 2 2 2 2 2 2 2 2 2 2 2 8 2 2 2 2 2 2 2 2 2
left_child=2 8 3 4 16 9 11 15 -2 -6 19 -4 -3 18 -10 -7 -1 -18 -5 -9 -8 22 23 -22 -19 26 27 -13 29 -29
right_child=1 12 6 13 5 7 20 10 14 -11 -12 25 -14 -15 -16 -17 17 24 -20 -21 21 -23 -24 -25 -26 -27 -28 28 -30 -31
leaf_value=-0.0046888145547281622 0.028273347844412367 0.049203220435439399 0.043248270832943997 -0.023551584716266973 0.0071126215143062187 -0.028728568820332492 -0.0082149791497367012 -0.0039911110757346446 0.0017269461375301947 -0.049562720917574306 -0.019204695172883538 -0.032497105698887203 0.028717998590382977 -0.034944733306279209 0.015820544292067758 -0.013089141456029851 -0.013946507208079779 0.003315396187412137 -0.011375306802687684 -0.016500659985204343 0.0037017759121259399 0.0094749459379971281 -0.0022773115424746899 -0.14098391004291583 0.016224449149468495 0.019529921208923863 0.013052381412723356 -0.020451565236345795 0.020178540304079579 0.013524168666535333
leaf_weight=4670.3947206921875 2478.1918571777642 5022.6929741613567 731.91334865614772 4795.3781522512436 8012.4254166521132 3099.2217599190772 4292.4296969249845 27073.905184734613 6611.705900400877 260.14629273861647 4770.8925839699805 423.7183359824121 2376.6959222815931 1840.3105966895819 5274.7714360132813 6716.2419553436339 936.50385453552008 3807.6457593478262 9752.9787465594709 3260.5335842482746 99.014829456806183 5061.7774937599897 1620.8617857806385 77.275482498109341 4705.5135569274426 3708.1407761722803 4529.4779483452439 763.98514058068395 931.92076545953751 455.51663414761424
leaf_count=23362 24239 103762 9956 20635 42348 13598 26018 132255 33931 1103 22429 2890 37602 8215 34300 29286 5518 21757 45334 14885 699 34600 11183 498 27124 28952 31437 4978 7138 3647
internal_value=0.000131878 0.0220741 -0.00435664 -0.00741556 -0.00493868 -0.00726494 0.00692434 -0.00958348 0.0114844 0.00532459 -0.00722147 0.013756 0.0426281 -0.017588 0.00798196 -0.0180297 0.00382475 0.00803254 -0.0153902 -0.00533621 -0.000148823 0.00489957 -0.00798533 -0.0601576 0.0104517 0.0117558 0.00769606 -0.00172672 0.00434573 -0.00776003
internal_weight=128162 21764.1 106398 83702.1 67313.4 53193.4 22696 44920.8 14364.7 8272.57 35105.3 11544.7 7399.39 16388.7 11886.5 9815.46 14120.1 9449.66 14548.4 30334.4 11151.4 6858.93 1797.15 176.29 8513.16 10812.8 7104.62 2575.14 2151.42 1219.5
internal_count=803679 233834 569845 407849 333665 255904 161996 212453 92470 43451 169569 88998 141364 74184 68231 42884 77761 54399 65969 147140 72998 46980 12380 1197 48881 79042 50090 18653 15763 8625
is_linear=0
shrinkage=0.05


Tree=36
num_leaves=31
num_cat=0
split_feature=16 0 20 10 21 10 12 14 14 14 11 14 21 11 14 22 11 20 23 14 21 22 18 22 5 14 11 22 21 18
split_gain=4499.58 2010.27 1159.64 922.42 918.884 802.97 503.78 941.485 488.893 549.426 723.684 529.357 486.216 458.582 672.536 450.258 591.824 424.473 404.132 327.381 314.664 312.966 308.327 270.619 259.394 254.733 252.138 244.816 244.533 239.926
threshold=0.48529411852359777 2.8965305089950566 -12.033370971679686 9.5947898924350739 0.3317518550000001 2.580275413393974 4.3544891640866874 257.50000000000006 243.50000000000003 263.50000000000006 27.620079198385081 216.50000000000003 -0.43871623499999995 111.65133048040369 231.50000000000003 0.60472849000000017 53.090817768022937 -10.775985717773436 0.64358318000000014 215.50000000000003 -0.42715842999999992 2.7106600000000003 187.91379547119143 1.6775100000000001 7.5000000000000009 175.50000000000003 31.816619188781406 0.69818211000000008 0.69073289500000012 169.79144287109378
decision_type=2 2 2 8 2 8 2 2 2 2 2 2 2 2 2 2 2 2 2 2 2 2 2 2 2 2 2 2 2 2
left_child=5 2 22 17 6 19 12 21 11 27 18 23 25 14 -13 16 -12 -3 -11 -1 -19 -8 -2 -6 -5 29 -27 -10 -17 -4
right_child=1 3 4 24 8 -7 7 -9 9 10 15 13 -14 -15 -16 28 -18 20 -20 -21 -22 -23 -24 -25 -26 26 -28 -29 -30 -31
leaf_value=0.033575295003996641 -0.015056229927365928 -0.020698331236688676 0.017841769787116563 0.017922222691709466 -0.007885732711088193 0.049208651617827996 -0.0057388803699712585 0.023933640827110983 0.0029670253742576742 0.053005786576897668 -0.039158258096161469 -0.04706643394915766 -0.00082982653397303168 0.033045485260778155 -0.01278447785447304 0.02783577654382088 0.033726930237371312 0.018683982297581257 -0.0055458866573493068 0.0057668107716148699 0.0025779839161969645 -0.048166473206651073 -0.033414825507810483 -0.041762362119638526 0.038818898578555895 -0.0020219644411800814 0.02061402326477987 0.0286633970618645 -0.091837568075915268 -0.013999931313862521
leaf_weight=2022.392546646297 9749.5245053954422 1434.7088024690747 997.25308811664581 2964.5562518537045 13293.964777469635 4589.4923021160066 27149.819106396288 2814.6690934710205 5496.9441046193242 388.20582411438227 1311.2161138802767 2922.8094239011407 12477.539614073932 300.03099731728435 2803.2860885225236 47.138790421187878 352.73263288661838 4517.4262517914176 1213.0908854454756 2220.1920585632324 9223.1949735172093 440.74582253396511 2988.7491568364203 615.9557789824903 2981.1479772813618 1457.1173434369266 7893.1660214141011 1113.9777411296964 413.20989773049951 1451.2369149662554
leaf_count=22310 41680 6550 7119 25509 61093 94430 134694 17859 30366 2436 6982 12987 67857 1553 13371 269 2210 31098 7219 20916 56751 1908 12796 2650 47462 9062 48787 6241 2251 6696
internal_value=0.000285337 -0.00227426 -0.00529834 0.0117128 -0.0031888 0.0347146 0.000680349 -0.00360793 -0.0101775 -0.00135287 -0.0167061 -0.0147526 0.00605119 -0.0271302 -0.0302884 -0.0358321 -0.0236967 0.00517156 0.00867314 0.0190276 0.00787404 -0.00641836 -0.0193659 -0.00938874 0.0284045 0.0133275 0.0170867 0.00730069 -0.0795495 -0.00102904
internal_weight=127645 118813 97692.4 21121 84954.1 8832.08 54681.5 30405.2 30272.6 10336.5 3725.59 19936 24276.3 6026.13 5726.1 2124.3 1663.95 15175.3 1601.3 4242.58 13740.6 27590.6 12738.3 13909.9 5945.7 11798.8 9350.28 6610.92 460.349 2448.49
internal_count=803112 665456 498086 167370 443610 137656 293982 154461 149628 57974 21367 91654 139521 27911 26358 11712 9192 94399 9655 43226 87849 136602 54476 63743 72971 71664 57849 36607 2520 13815
is_linear=0
shrinkage=0.05


Tree=37
num_leaves=31
num_cat=0
split_feature=1 18 5 14 21 1 14 25 3 14 11 22 0 14 22 18 5 21 11 11 21 25 21 8 4 11 22 14 18 21
split_gain=4898.37 1427.21 1180.97 1022.57 668.867 657.26 576.608 549.292 441.974 377.828 368.289 442.053 367.079 315.523 471.496 296.207 295.764 266.873 267.64 263.709 255.719 241.719 228.712 234.035 220.893 219.455 218.271 231.687 232.942 210.479
threshold=24.102101594209675 172.74019622802737 9.5000000000000018 182.50000000000003 0.18159368500000003 10.032814383506777 214.50000000000003 25.964672338962561 5.8671893626451501 238.50000000000003 111.65133048040369 1.5679100000000001 2.4865337610244755 248.50000000000003 -0.29544110999999995 184.98538208007815 5.5000000000000009 -0.16231458499999998 20.631915132800589 14.008156353618409 0.39547174000000002 24.22552448511124 -1.6777381999999998 1.0000000180025095e-35 72.226299822330489 53.79989594552125 2.0010872000000002 191.50000000000003 169.10294342041018 -1.1820513499999998
decision_type=2 2 2 2 2 2 2 2 2 2 2 2 2 2 2 2 2 2 2 2 2 2 2 2 2 2 2 2 2 2
left_child=1 5 12 15 6 7 8 13 24 20 29 -12 -2 14 -1 -3 -6 21 -19 -18 -9 -15 -8 -24 -5 -22 27 -16 -29 -10
right_child=2 3 -4 4 16 -7 22 9 10 -11 11 -13 -14 17 26 -17 19 18 -20 -21 25 -23 23 -25 -26 -27 -28 28 -30 -31
leaf_value=0.0036581583780233963 -0.0009423487229028671 -0.012730144959375906 0.044884745793989766 -0.016656005772512032 -0.016008983722995557 0.017549585266071369 0.039921572455315357 0.02639960481537313 0.016672473198323889 -0.0013719830405962464 -0.093284587449132331 0.070558411490446102 0.024645426160847486 0.036173374050112769 -0.0011379690343685139 -0.02596142357777724 0.034093988720383377 0.024686740702355298 -0.0078407999553708318 -0.0059751798288580557 0.017458213981975008 -0.014321523926557347 -0.0061789551007829253 0.009562798550358827 -0.054760687994960804 -0.023300912958138291 -0.052554590255702888 -0.026042913978951351 -0.0072618848301265054 -0.0026456041385524887
leaf_weight=8012.5448406897485 2445.6142817139626 16381.227313894778 6481.319733325392 3105.3130746334791 10231.958350691944 7853.6098630204797 536.11049026623368 4097.2918405756354 1755.5158362314105 3260.1187885776162 201.00136353075504 50.916474226862192 3282.2314392104745 1212.3502117097378 3719.7828699275851 5703.9452441930771 423.2064061537385 861.5160675868392 2369.2844514027238 12836.792911753058 845.23862140253186 293.95485586673021 2873.5268409922719 13223.848934441805 432.8062758743763 540.60994824022055 327.02021945267916 3332.4637159593403 3273.2706025093794 7146.5886144712567
leaf_count=46874 16288 69653 124082 12923 43815 71751 3704 31645 8658 23589 901 236 37829 7658 18067 24262 2846 5157 12795 64933 5754 1878 14036 78787 1880 2952 1474 18482 15798 33920
internal_value=0.000157651 -0.00304195 0.0302673 -0.0071141 -0.00333625 0.00458359 0.00169976 0.00141536 -0.00632617 0.0121077 -0.000524815 -0.0600213 0.013722 -0.00257974 -0.00550457 -0.0161484 -0.00962265 0.00894335 0.000837856 -0.00469386 0.0201211 0.0263164 0.00782394 0.00675254 -0.0213314 0.00155302 -0.0123962 -0.0111194 -0.0167391 0.00116541
internal_weight=127111 114902 12209.2 74902.8 52817.6 39999.1 29325.6 32145.4 12692.1 8743.26 9154.02 251.918 5727.85 23402.2 18665.1 22085.2 23492 4737.11 3230.8 13260 5483.14 1506.31 16633.5 16097.4 3538.12 1385.85 10652.5 10325.5 6605.73 8902.1
internal_count=802627 624428 178199 360554 266639 263874 155045 192123 58518 63940 43715 1137 54117 128183 100695 93915 111594 27488 17952 67779 40351 9536 96527 92823 14803 8706 53821 52347 34280 42578
is_linear=0
shrinkage=0.05


Tree=38
num_leaves=31
num_cat=0
split_feature=1 20 9 21 1 4 10 15 20 11 6 21 22 25 20 11 20 4 21 23 23 6 11 20 22 23 21 22 22 21
split_gain=4539.54 1284.46 1168.06 978.179 695.98 539.813 361.504 359.999 371.794 331.053 319.884 291.572 289.823 265.052 272.897 241.662 241.585 239.013 238.406 233.465 220.455 298.147 218.56 338.789 292.87 324.538 216.951 195.355 196.135 193.142
threshold=24.102101594209675 -7.7343139648437491 1.0000000180025095e-35 0.0095684877600000027 5.9182875156402597 91.775153197348132 -26.295560993999239 3.5596544742584233 77.333641052246108 14.008156353618409 1.5000000000000002 1.1150733500000001 0.43984303000000008 22.161227166652683 33.151657104492195 27.620079198385081 -14.578781127929686 259.93872990459209 0.43916224000000009 0.73998249000000016 1.2528702 9.5000000000000018 54.902615672167705 47.123107910156257 -1.0697576499999999 1.7844480500000002 1.1604920000000003 -1.7176085499999998 -0.90654119999999994 -1.6487905499999997
decision_type=2 2 2 2 2 2 10 2 2 2 2 2 2 2 2 2 2 2 2 2 2 2 2 2 2 2 2 2 2 2
left_child=1 6 10 4 7 11 -1 8 13 -7 -2 22 17 -3 20 -13 -4 -11 -14 -8 -15 -22 24 -24 -5 -26 -17 -21 -29 -9
right_child=2 3 16 5 -6 9 19 29 -10 12 -12 15 18 14 -16 26 -18 -19 -20 27 21 -23 23 -25 25 -27 -28 28 -30 -31
leaf_value=-0.0036628988388194388 0.04570043039860449 -0.011774537728896512 -0.010453902142485216 0.019032902943864644 0.014255687367798503 0.030534638428189459 -0.03239165853489176 0.02795609068645763 0.019493147037941166 0.001727094238324569 -0.017021414615896627 0.0042801765412052162 0.007645536042018725 -0.01267688755425668 0.0098287680352656566 -0.054593055764049769 0.017184155635745213 0.026146177570209806 -0.01577755703646308 -0.043929152103670849 0.015022200090002481 -0.012036853543023836 -0.0087036982799336068 -0.032437046073746013 -0.004083417563981011 -0.039488128235372622 -0.020968372163516664 -0.0035604335392133268 -0.018799113677890653 0.0055299471183559617
leaf_weight=5149.8324320241809 6337.6491947770119 8298.765822507441 962.72783605754375 1287.4908205792308 12945.439305771142 903.5076821744442 2698.1800442077219 1038.5048809424043 1703.5999431163073 9968.7982272990048 209.53333536535501 835.09296615794301 1464.6366096325219 4808.8521763682365 4382.0025046169758 543.66225875541568 4408.1093863286078 1113.0911281630397 4199.4184889160097 588.51495558395982 2304.5619900748134 1821.8904457837343 7281.5974685847759 1894.4393526948988 12101.033242419362 682.87373438850045 4061.1496675349772 2992.2757562361658 7177.4207810051739 12582.32309436053
leaf_count=22892 139111 41195 4422 6986 97167 6478 11818 7641 10723 60386 1628 4540 8947 20880 24104 2418 33354 10184 23700 2565 10762 7699 32281 8765 58475 2955 18561 13043 30895 79290
internal_value=0.000144336 -0.00290424 0.0295148 -0.000578788 0.00427981 -0.0058095 -0.0149297 0.000783564 -0.00298875 0.0010708 0.0436908 -0.0100424 -0.000520618 -0.0047614 -0.000390567 -0.0204622 0.012229 0.00418194 -0.00972043 -0.019241 -0.00540282 0.0030752 -0.00760339 -0.0136066 -0.00368799 -0.00597756 -0.0249492 -0.01594 -0.0143162 0.00724173
internal_weight=126747 114829 11918 96222.7 49885.9 46336.8 18606.2 36940.5 23319.7 17649.5 6547.18 28687.3 16745.9 21616.1 13317.3 5439.9 5370.84 11081.9 5664.06 13456.4 8935.3 4126.45 23247.4 9176.04 14071.4 12783.9 4604.81 10758.2 10169.7 13620.8
internal_count=803865 625350 178515 544137 299461 244676 81213 202294 115363 109695 140739 134981 103217 104640 63445 25519 37776 70570 32647 58321 39341 18461 109462 41046 68416 61430 20979 46503 43938 86931
is_linear=0
shrinkage=0.05


Tree=39
num_leaves=31
num_cat=0
split_feature=1 19 9 20 1 24 18 20 24 4 12 24 22 11 15 4 22 4 11 3 20 18 4 11 20 22 12 22 22 22
split_gain=4204.28 1449.47 1015.15 896.035 614.288 415.225 398.15 290.898 366.585 228.856 277.822 220.793 203.586 249.506 203.523 203.391 201.536 208.868 247.425 190.827 189.677 464.405 199.595 227.256 195.482 180.48 176.871 201.653 237.565 228.265
threshold=26.388872146606449 0.51470589637756359 1.0000000180025095e-35 61.970138549804695 9.5519820898771304 2.5000000000000004 190.41741943359378 3.4155578613281254 2.5000000000000004 26.5664331689477 8.4334365325077432 1.5000000000000002 1.5679100000000001 8.0752066537030007 13.245591163635256 142.59615984559062 0.93355476500000012 102.75194662064315 68.884798549692349 41.377302616834648 45.671569824218757 163.92513275146487 160.19815167784694 49.240419371982021 -12.666358947753904 0.48771763000000007 1.6362229102167185 -0.35569745499999994 -1.7176085499999998 0.62641051500000011
decision_type=2 2 2 2 2 8 2 2 10 2 2 8 2 2 2 2 2 2 2 2 2 2 2 2 2 2 2 2 2 2
left_child=1 4 -2 6 5 19 7 15 9 10 -9 -5 20 -14 -6 26 17 -13 -19 -1 21 -7 23 -22 -23 -20 -3 28 -28 -29
right_child=2 3 -4 11 14 12 -8 8 -10 -11 -12 16 13 -15 -16 -17 -18 18 25 -21 22 24 -24 -25 -26 -27 27 29 -30 -31
leaf_value=0.0076878769763193515 0.044147609566589641 -0.0010342514595643656 0.01273899967346835 0.032782862314376791 0.014049516508261115 0.033617974859908528 -0.023763742219744987 -0.017107363144676316 -0.012768271053266667 0.00085539109474881486 0.0098183908014279168 -0.0042041248065613247 0.03437694532680418 -0.029830847947672059 0.039555877504911408 -0.040605973455643436 0.02047711623743588 0.013301414819831894 -0.0061103306254026643 0.027099124414536813 -0.0040811072904880031 -0.01535465388874436 0.0051787759356837458 -0.023212143256904644 0.003836084816503492 -0.069088084603362576 -0.037657273464523938 -0.025821858065262174 -0.0064274365868824401 -0.008291185900203361
leaf_weight=4204.3793473653495 5912.9092703424394 3038.6757080852985 4555.3302448950708 639.46386579051614 8175.4585535563529 1220.9899044670165 4512.6047505065799 4154.778216149658 11640.109464742243 17730.340649321675 1244.2976403273642 8040.8635173179209 175.33771639317274 1069.9057928286493 864.31916359439492 647.08256615325809 1451.7512890174985 4430.4520404972136 694.20929692685604 1811.5017498098314 6502.1035977862775 1545.676530353725 3756.6887293197215 2038.3908849954605 9340.9019434377551 135.11655429378152 658.29811642691493 5365.1075120083988 7986.8898672573268 2841.38347286731
leaf_count=28336 133573 13282 32201 4656 71337 12075 20227 17555 51653 92086 5561 42862 1163 5255 13548 2865 8734 27637 4538 16497 36201 6720 26636 10791 46368 756 2798 22609 33829 12014
internal_value=0.000137814 -0.00260279 0.0304824 -0.00671602 0.00499716 0.00171516 -0.00948429 -0.0083188 -0.00553162 -0.0018893 -0.0109013 0.00404265 -0.00105781 -0.0207697 0.0164924 -0.0130369 0.00279473 0.000863322 0.00860949 0.0135365 -5.12091e-05 0.00439098 -0.0044249 -0.00864936 0.00111022 -0.0164417 -0.0121381 -0.0141401 -0.00880955 -0.0197539
internal_weight=126385 115917 10468.2 75211.4 40705.7 31665.9 59819.6 55307 34769.5 23129.4 5399.08 15391.9 25650 1245.24 9039.78 20537.4 14752.4 13300.6 5259.78 6015.88 24404.8 12107.6 12297.2 8540.49 10886.6 829.326 19890.4 16851.7 8645.19 8206.49
internal_count=804363 638589 165774 363662 274927 190042 274479 254252 166855 115202 23116 89183 145209 6418 84885 87397 84527 75793 32931 44833 138791 65163 73628 46992 53088 5294 84532 71250 36627 34623
is_linear=0
shrinkage=0.05


Tree=40
num_leaves=31
num_cat=0
split_feature=15 0 20 9 21 9 22 22 3 20 4 25 23 20 18 21 4 23 24 20 4 21 20 21 18 25 21 21 21 20
split_gain=3503.95 1761.21 852.982 766.589 702.549 387.156 365.938 335.462 328.871 327.356 320.97 320.542 312.165 263.845 242.696 222.903 209.892 198.307 182.223 178.757 179.506 171.467 166.211 204.594 154.974 170.622 154.744 218.294 279.463 216.676
threshold=9.7743926048278826 2.5366268157958989 -12.666358947753904 1.0000000180025095e-35 0.3317518550000001 1.0000000180025095e-35 2.7106600000000003 -0.13172641999999998 5.8671893626451501 70.059715270996108 119.94234003126623 21.667294847965245 1.2403435000000003 47.123107910156257 180.2159118652344 -0.42715842999999992 127.62172758951785 1.2342374500000002 4.5000000000000009 -0.44994354248046869 96.471147269010558 -0.41576999499999995 21.092330932617191 2.1251499500000004 176.00270843505862 25.28031854629517 0.9413359750000001 1.1793401000000003 1.1150733500000001 66.262786865234389
decision_type=2 2 2 2 2 2 2 2 2 2 2 2 2 2 2 2 2 2 8 2 2 2 2 2 2 2 2 2 2 2
left_child=1 2 14 -3 6 -2 8 10 9 11 -6 -4 19 -7 -1 -5 -17 -9 -15 20 -10 -21 23 -19 25 -13 29 28 -28 -24
right_child=5 3 4 15 7 13 -8 17 12 -11 -12 24 -14 18 -16 16 -18 22 -20 21 -22 -23 26 -25 -26 -27 27 -29 -30 -31
leaf_value=-0.0084833691181298455 0.049405373177990472 0.02969185268306046 -0.025795130018964482 0.013813917359507247 -0.0068753162479126967 0.042715361283407069 -0.044124332203508705 -0.0081539398377317579 -0.006304526369560165 0.01493112947400272 0.012726822102349853 -0.0049321644157574694 0.0088985305119548778 0.035491380466771347 -0.023014184274817273 -0.0010767847887844643 0.014656795023534961 -0.034178798778217251 -0.0012217041037125356 0.0063883369712236975 -0.039676964460784142 -0.0020684151525880525 -0.011937242226544544 0.048712799403409869 -0.009305793961818163 0.023969467523556529 -0.018592093515041045 -0.013344000102757931 -0.067855981462165357 0.029122101975092182
leaf_weight=4852.8000600375235 3264.0009484551847 4351.4023024477065 2398.9927978813648 6607.8588475175202 8832.908858846873 1069.1852175630629 452.98051677644253 9719.8615949191153 2661.6117227822542 1533.7819402888417 2733.855565417558 1276.9664688780904 14616.391011931002 494.64785994961858 7050.826003447175 9533.1022704765201 2724.79658812657 1958.30064240098 1062.3578079082072 9966.8410669974983 473.95532599836588 15034.020503718406 1303.8260653167963 76.532199114561081 5414.3474821522832 849.65591058135033 746.92852795869112 3884.418826866895 468.55709812045097 425.28853943571448
leaf_count=20916 82100 79905 10940 42703 41670 15138 2002 47621 12117 9283 16997 6063 85882 5969 30229 50807 19302 8694 10552 58672 2185 80984 5741 338 23722 5210 3711 19650 2270 2474
internal_value=0.000258948 -0.00159003 -0.00455822 0.0107765 -0.00279932 0.0379064 0.00057955 -0.00892691 0.00095379 -0.0065622 -0.00224157 -0.00987989 0.00297099 0.0236014 -0.0170916 0.00641231 0.00242153 -0.0130876 0.010457 -0.000108469 -0.01136 0.00130307 -0.0184962 -0.0310388 -0.00481406 0.00662083 -0.0147549 -0.0191368 -0.037623 -0.0018274
internal_weight=125841 119951 96733.6 23217.2 84830 5890.19 54679.5 30150.5 54226.6 11473.7 11566.8 9939.96 42752.8 2626.19 11903.6 18865.8 12257.9 18583.7 1557.01 28136.4 3135.57 25000.9 8863.85 2034.83 7540.97 2126.62 6829.02 5099.9 1215.49 1729.11
internal_count=803847 690088 497371 192717 446226 113759 297060 149166 295058 55218 58667 45935 239840 31659 51145 112812 70109 90499 16521 153958 14302 139656 42878 9032 34995 11273 33846 25631 5981 8215
is_linear=0
shrinkage=0.05


Tree=41
num_leaves=31
num_cat=0
split_feature=1 5 19 5 12 24 16 0 11 5 24 12 6 24 23 22 12 22 11 12 16 19 9 12 11 23 4 9 19 11
split_gain=3653.97 1159.04 1032.82 620.342 457.632 407.57 356.965 318.073 283.227 295.603 262.357 259.527 230.482 210.684 209.593 189.234 185.759 429.477 189.942 243.976 178.214 178.014 142.649 148.206 139.545 140.421 137.901 134.026 142.942 132.078
threshold=23.269164085388187 9.5000000000000018 0.33823530375957495 4.5000000000000009 11.018575851393191 3.5000000000000004 0.83823528885841381 1.2219766378402712 21.205184842975978 1.5000000000000002 2.5000000000000004 2.3854489164086692 1.5000000000000002 2.5000000000000004 1.6901442000000002 -1.6132802499999999 1.6640866873065019 0.87445149000000011 92.67470495860691 4.2925696594427256 0.1911764740943909 0.36764706671237951 10.500000000000002 4.5681114551083608 15.017229010400021 0.54848385000000011 84.52066266164185 39.500000000000007 0.22058823704719546 23.072045487435336
decision_type=2 2 2 2 2 8 2 2 2 2 8 2 2 8 2 2 2 2 2 2 2 2 2 2 2 2 2 2 2 2
left_child=2 7 5 4 8 -1 10 -2 -4 -10 -5 -7 -3 15 16 -11 17 26 24 -20 -13 -9 -8 -24 25 -18 -12 -22 -29 -17
right_child=1 12 3 6 -6 11 22 21 9 13 14 20 -14 -15 -16 29 18 -19 19 -21 27 -23 23 -25 -26 -27 -28 28 -30 -31
leaf_value=0.02474619116388364 -0.0041900872034204501 0.04480884919608661 -0.0021660835763286212 0.0097415620548410159 0.018888772684220054 0.01979489630375126 -0.017117139133329805 0.042729985027745908 -0.020263797285407299 -0.030065788044311228 0.002286876332861505 0.038996876883019789 -0.0013795040927835421 -0.011528244863946421 -0.010152311402200367 -0.041827346994459245 0.038889705961235387 -0.056627311576889938 -0.0091226897442026177 -0.063369971205456205 0.0014001476054984335 0.014637128004465268 0.0020687921404707803 -0.013806035799501555 -0.00051796187606466975 0.0061446496896427815 0.021298160443496486 -0.069616152810838078 -0.0086133072434236881 0.0048272784751585869
leaf_weight=3519.8112322874367 2154.4283926002681 5585.1901064403355 9623.7381443753839 7309.1289345175028 1446.2396446242929 2395.7139092385769 3754.1083907224238 698.76779819279909 8020.1681456938386 471.96361871436238 1518.6649159379303 300.34515848010778 283.75261173397303 19710.570518508554 4988.2894218787551 156.22388122230768 425.61020127311349 224.68777974322438 1585.4474113509059 237.53451151400805 7944.6853715963662 2916.9066736958921 3450.6535617560148 2560.4524861648679 25390.331446383148 1410.1286934949458 2564.9757076576352 133.51946732401848 336.83008448779583 4319.4240078739822
leaf_count=37191 14189 125036 44492 49543 7788 21092 18542 12702 34004 2184 8088 4605 2231 85071 24958 767 2769 1135 7928 1115 59344 29640 15977 11554 133900 8823 16815 701 1714 20191
internal_value=0.000250039 0.0269327 -0.00247919 -0.00430883 -0.0087597 0.00992157 -0.000795243 0.0110169 -0.00970538 -0.0119256 0.00106068 0.00522357 0.0425759 -0.0092128 -0.000594204 1.20454e-05 0.000835384 0.0105227 -0.000601675 -0.016222 0.00121634 0.0200767 -0.00947137 -0.00469432 0.000444774 0.0137535 0.0142303 -0.000136576 -0.0260413 0.0031898
internal_weight=125438 11639 113799 99168.3 43748.3 14630.9 55420 5770.1 42302.1 32678.4 45654.8 11111.1 5868.94 24658.2 38345.7 4947.61 33357.4 4308.33 29049.1 1822.98 8715.38 3615.67 9765.21 6011.11 27226.1 1835.74 4083.64 8415.03 470.35 4475.65
internal_count=804089 183798 620291 495644 194497 124647 301147 56531 186709 142217 255074 87456 127267 108213 205531 23142 180573 26038 154535 9043 66364 42342 46073 27531 145492 11592 24903 61759 2415 20958
is_linear=0
shrinkage=0.05


Tree=42
num_leaves=31
num_cat=0
split_feature=16 16 7 14 10 18 22 12 22 12 22 14 14 25 12 12 20 11 22 4 20 23 23 14 17 11 12 14 14 14
split_gain=3232.27 1114.23 757.038 568.134 458.749 430.912 283.684 358.848 330.992 314.746 251.192 233.562 214.897 288.187 214.358 196.78 241.788 208.512 191.589 177.057 175.106 187.133 198.792 186.643 173.497 169.559 187.486 212.049 167.815 165.364
threshold=0.42647059261798864 0.72058823704719555 1.0000000180025095e-35 245.50000000000003 -2.9526132643222804 189.99815368652347 -0.64515053999999983 1.2863777089783284 -1.7667101999999997 5.2956656346749229 -0.64515053999999983 214.50000000000003 203.50000000000003 21.65932177305222 3.1006191950464399 1.3111455108359136 -11.365150451660154 12.778281696572909 -1.5525849499999997 82.781527869403376 -10.775985717773436 1.3613375000000001 1.7272303000000002 161.50000000000003 157.66176605224612 84.818206003472085 2.3854489164086692 264.50000000000006 178.50000000000003 270.50000000000006
decision_type=2 2 2 2 8 2 2 2 2 2 2 2 2 2 2 2 2 2 2 2 2 2 2 2 2 2 2 2 2 2
left_child=4 2 10 5 11 6 8 -8 -3 20 -2 -1 -9 -14 -13 -12 -17 -18 -11 -20 21 23 -23 -10 -16 26 27 -19 -7 -5
right_child=1 3 -4 29 -6 28 7 12 9 18 15 14 13 -15 24 16 17 25 19 -21 -22 22 -24 -25 -26 -27 -28 -29 -30 -31
leaf_value=0.036944800891886127 0.0091822672045099047 -0.024275295331586552 0.024232239820867169 0.0060635998404959743 0.047670263660827779 -0.035883484853369042 0.0082193937799122287 -0.012949427710100887 -0.031520082671027475 0.036637627549940571 0.013743563407336507 0.034430229692632534 -0.016599307368477794 -0.00089944938322502027 0.017579937089037483 -0.020759014870405643 0.013443678310121585 0.01762202904309949 -0.0088486525097686668 -0.038016013555255593 0.0090438814346086287 0.017995027496245441 -0.018640316683842115 0.0028076587622809686 -0.027351185858886524 -0.016524079960964163 -0.0019827357217206388 -0.017193922623326592 -0.01558411517528027 -0.018559740688119337
leaf_weight=1027.571878246963 10331.981023870409 1368.3572685047984 4405.1159110441804 11219.181851297617 3552.5782136693597 1443.5830744765699 2990.1246838271618 21810.903576429933 915.62918179854751 194.1288691163063 2461.1712840944529 420.63037974014878 4005.4755936637521 10808.575724698603 364.0620319917798 1466.0038013011217 2634.7954294458032 2462.5212091095746 2783.0785707570612 639.25778528675437 8614.4943803809583 1221.8991677053273 530.17298437654972 696.84256508946419 521.39195223525167 1712.7718181088567 19746.399977117777 530.89886336773634 3460.8770244829357 725.00490042567253
leaf_count=14288 67506 6773 70741 70536 90878 6424 17695 97174 3988 1063 15280 4775 19858 52384 4104 6341 17658 14968 12360 3203 49102 5511 2410 3039 4792 8459 108624 3438 15804 4840
internal_value=0.000192001 -0.00159451 0.00453012 -0.00541069 0.0363578 -0.00734917 -0.00611652 -0.00843329 -0.000706073 0.00136333 0.00243049 0.0191236 -0.00979303 -0.00514527 0.00508503 0.000181028 -0.000988441 8.22944e-05 -0.0115623 -0.0143063 0.00526622 -0.00440584 0.00690495 -0.0166925 -0.00887838 -0.0013579 -0.000214903 0.0114436 -0.0215651 0.00456755
internal_weight=125065 119179 45751.7 73427.6 5886.23 61483.4 56578.9 39615.1 16963.9 15595.5 41346.5 2333.66 36625 14814.1 1306.08 31014.6 28553.4 27087.4 3616.47 3422.34 11979 3364.54 1752.07 1612.47 885.454 24452.6 22739.8 2993.42 4904.46 11944.2
internal_count=804016 685179 313015 372164 118837 296788 274560 187111 87449 80676 242274 27959 169416 72242 13671 174768 159488 153147 16626 15563 64050 14948 7921 7027 8896 135489 127030 18406 22228 75376
is_linear=0
shrinkage=0.05


Tree=43
num_leaves=31
num_cat=0
split_feature=1 5 19 1 16 6 25 24 5 9 11 9 22 24 9 22 11 11 4 22 9 4 24 11 9 6 15 22 6 16
split_gain=3240.52 1067.35 996.327 509.077 406.972 363.983 346.116 317.492 272.705 207.806 204.637 179.189 175.344 155.772 190.513 150.55 195.203 129.752 148.057 126.598 125.612 120.117 137.429 158.24 113.543 112.032 108.724 108.58 108.139 101.261
threshold=24.102101594209675 11.500000000000002 0.51470589637756359 9.3988972753286379 0.83823528885841381 1.0000000180025095e-35 25.070076999068263 2.5000000000000004 4.5000000000000009 7.5000000000000009 21.510219842207047 1.0000000180025095e-35 -0.17849789999999996 1.5000000000000002 15.500000000000002 1.2711852500000003 9.9283420878805639 49.851090743157435 30.84677524864674 -0.087063040549999984 11.500000000000002 4.3628793209791192 2.5000000000000004 65.685129954811245 10.500000000000002 1.5000000000000002 21.682642936706547 -0.11682939999999999 8.5000000000000018 0.33823530375957495
decision_type=2 2 2 2 2 2 2 8 2 2 2 2 2 8 2 2 2 2 2 2 2 2 8 2 2 2 2 2 2 2
left_child=2 5 3 6 8 11 15 -8 10 19 -4 -2 29 20 27 17 -17 -1 -19 -10 -12 -6 23 28 -24 -7 -9 -15 -23 -5
right_child=1 -3 4 12 21 25 7 26 9 -11 13 -13 -14 14 -16 16 -18 18 -20 -21 -22 22 24 -25 -26 -27 -28 -29 -30 -31
leaf_value=0.00081166654863297082 0.038461351929860915 0.045398147782358914 -1.6145406149199069e-05 0.043833182384368646 -0.029048228680286101 0.006289767654806021 0.023391898728646585 0.0029081195847808407 -0.00087917404038612601 0.0026073530699534555 0.025358359860000148 0.015249081101130572 0.0075893716099991061 -0.027360691737727601 -0.0085207697109781887 0.025568612631724538 -0.026878411191090679 -0.029776781907103134 -0.0053038406625788804 -0.011978257830902353 -0.0041489234422860937 -0.00137388850032992 -0.021444164629892987 0.019093110472917032 -0.010981538139791939 -0.015597423375772869 0.045796578550760338 -0.011485931020800887 -0.019339545795440352 0.019320786374315946
leaf_weight=11521.566349443048 1307.2538550794125 4369.7081753015518 6694.2966664284468 474.05704013258219 985.43871495872736 1873.7884701825678 2462.7738144807518 10664.585182297975 5402.7787821814418 19685.070182867348 478.8939486593008 2287.9010671749711 4119.9570688903332 2564.0631992071867 11787.502233967185 207.3302990347147 1200.5423179864883 720.21156015247107 4324.2552241124213 4897.903970759362 1450.9534855261445 2490.0907956659794 3444.7275655120611 661.22483317553997 10506.033440612257 848.60903463512659 148.85224197804928 1860.9866766370833 1261.2826070487499 3787.8809185996652
leaf_count=65685 31735 108568 31794 8145 4243 14838 21413 64989 33516 100088 2106 17805 36644 11239 50345 1232 5623 3173 24249 27349 6584 11761 16121 3100 45699 4855 2230 8130 5522 33689
internal_value=7.84444e-05 0.0264012 -0.00239374 0.00400632 -0.0058135 0.0132564 0.00107131 0.00719367 -0.00361307 -0.0004036 -0.00748775 0.0236978 0.0149474 -0.0102445 -0.0118429 -0.00345104 -0.0191421 -0.00211645 -0.00880311 -0.00615736 0.00318269 -0.0120476 -0.0111338 -0.00344175 -0.0135663 -0.000535995 0.00350268 -0.0206885 -0.00741783 0.022057
internal_weight=124491 10687.3 113803 39632 74171.2 6317.55 31250.1 13276.2 54822.4 29985.8 24836.7 3595.15 8381.9 18142.4 16212.6 17973.9 1407.87 16566 5044.47 10300.7 1929.85 19348.8 18363.4 4412.6 13950.8 2722.4 10813.4 4425.05 3751.37 4261.94
internal_count=802470 177801 624669 267072 357597 69233 188594 88632 271151 160953 110198 49540 78478 78404 69714 99962 6855 93107 27422 60865 8690 86446 82203 20383 61820 19693 67219 19369 17283 41834
is_linear=0
shrinkage=0.05


Tree=44
num_leaves=31
num_cat=0
split_feature=1 19 7 20 1 17 21 14 21 20 6 17 6 4 21 21 22 21 20 20 13 13 15 14 14 22 14 21 14 14
split_gain=3046.34 1006.7 736.999 698.175 570.535 371.4 313.581 324.389 298.039 274.627 234.158 234.081 223.344 207.804 198.698 198.428 198.342 224.591 206.364 318.66 245.341 216.467 196.002 193.14 188.985 201.731 187.503 182.513 253.092 202.621
threshold=30.015349507331852 0.51470589637756359 1.0000000180025095e-35 65.772979736328139 9.3988972753286379 213.25555419921878 0.91939226000000007 236.50000000000003 1.5744800000000003 6.7537841796875009 19.500000000000004 159.91176605224612 1.5000000000000002 142.59615984559062 2.1251499500000004 -0.50585707999999985 0.16082139000000004 0.46197338500000007 61.02986145019532 -8.9246292114257795 -15.112637258673967 -74.162986720067323 14.68165969848633 239.50000000000003 217.50000000000003 0.36488128000000003 251.50000000000003 -0.071224827349999978 225.50000000000003 219.50000000000003
decision_type=2 2 2 2 2 2 2 2 2 2 2 2 2 2 2 2 2 2 2 2 2 2 2 2 2 2 2 2 2 2
left_child=1 4 -2 5 11 6 9 14 15 13 27 23 -4 -3 24 -5 18 -18 19 -13 -20 -21 -6 -1 -8 -26 -10 29 -29 -11
right_child=2 3 12 8 22 -7 7 -9 26 10 -12 16 -14 -15 -16 -17 17 -19 20 21 -22 -23 -24 -25 25 -27 -28 28 -30 -31
leaf_value=0.048961169287733586 0.012631606189213086 -0.0087384748018582824 0.045226973438718496 0.018283926974648541 0.013042900432922812 -0.025480146294528067 -0.01646268049094048 0.015061994307265389 0.026141970997260053 -0.002284301921623909 -0.016330427030316109 -0.0093891228957458245 -0.021839630206407928 -0.035635613524585531 0.024657124345940439 0.0034809904302461796 0.00023686578282401655 -0.014282322204889855 -0.01244236822895339 -0.018263333392561944 0.007698813239107748 0.013192306300729484 0.039440834241229725 0.0080752749297039444 -0.018333456063242329 -0.054321418750634343 -0.034639313840475021 -0.0011044120161808506 -0.017152634121790408 0.0093037525294096621
leaf_weight=438.7677485011518 3443.0915367566049 20378.719103205949 4395.0176819525659 2955.9655858613551 8737.215125290677 2755.4655167870224 5184.747393514961 753.62900087609887 154.30772573128343 8698.6931696683168 2700.9234827682376 2295.1442675217986 127.18642777949572 743.46119014546275 245.55839230492711 9661.0790973305702 7732.2882702201605 4061.9832344762981 3550.4575999230146 580.78262509033084 2631.9436578154564 9165.6266274116933 764.09682078845799 843.13491646200418 781.29004232212901 778.39304487407207 696.84033842384815 9209.7517698556185 3349.6368933059275 6659.3579891510308
leaf_count=6997 25329 87570 122148 20262 82576 12451 22663 3625 825 42902 11607 10614 1021 3373 1076 55331 42250 20482 21502 2891 18037 58421 14611 7900 3477 3291 3754 42006 15871 39929
internal_value=0.000153466 -0.00189186 0.0300671 -0.00530383 0.00443909 -0.0075374 -0.00670583 -0.0160893 0.00501781 -0.00530119 -0.00227551 0.00118136 0.0433363 -0.00968685 -0.0194496 0.00695025 0.000287475 -0.00476437 0.00355704 0.00736927 -0.0038681 0.0113162 0.0151698 0.0220969 -0.0210589 -0.0363173 -0.0236023 -0.000915206 -0.00538556 0.00274064
internal_weight=124475 116509 7965.3 75707.8 40801.4 62239.6 59484.2 7743.62 13468.2 51740.5 30618.4 31300.1 4522.2 21122.2 6989.99 12617 30018.2 11794.3 18224 12041.6 6182.4 9746.41 9501.31 1281.9 6744.43 1559.68 851.148 27917.4 12559.4 15358.1
internal_count=804792 656294 148498 370013 286281 289841 277390 34132 80172 243258 152315 189094 123169 90943 30507 75593 174197 62732 111465 71926 39539 61312 97187 14897 29431 6768 4579 140708 57877 82831
is_linear=0
shrinkage=0.05


Tree=45
num_leaves=31
num_cat=0
split_feature=1 5 18 18 1 25 20 6 0 12 5 4 20 17 20 25 20 20 12 12 20 18 18 8 4 5 3 20 16 12
split_gain=2813.37 1062.99 746.978 554.331 468.975 420.076 363.239 295.444 244.088 222.32 219.533 192.681 182.026 159.964 143.608 138.283 384.726 286.828 250.406 249.19 148.684 276.731 229.272 186.033 173.415 168.787 145.264 126.739 156.726 146.926
threshold=30.015349507331852 9.5000000000000018 164.89794921875003 182.33635711669925 11.67929492890835 31.314836537837987 -14.578781127929686 1.5000000000000002 1.4103196859359743 11.018575851393191 6.5000000000000009 179.52879112586382 25.014709472656254 217.55000305175784 103.28768157958986 23.482144188880927 92.901397705078139 73.476669311523452 2.7631578947368425 4.8622291021671833 30.333641052246097 171.83396911621097 164.45683288574222 1.0000000180025095e-35 79.459737077355399 3.5000000000000004 21.53812345862389 76.857505798339858 0.54411765933036815 2.3668730650154806
decision_type=2 2 2 2 2 2 2 2 2 2 2 2 2 2 2 2 2 2 2 2 2 2 2 2 2 2 2 2 2 2
left_child=1 3 -2 5 11 8 -5 10 9 15 -4 -3 -11 -8 -7 17 20 18 -1 -19 21 -17 23 -22 -23 -24 -27 28 -6 -29
right_child=2 4 7 6 27 14 13 -9 -10 12 -12 -13 -14 -15 -16 16 -18 19 -20 -21 22 24 25 -25 -26 26 -28 29 -30 -31
leaf_value=-0.00035116709162133643 0.049696398353738264 -0.00030936698959807248 0.0093911671917290811 -0.021131567379657542 0.040284604124731296 0.050215354028942408 -0.0061544019832478593 -0.015287784986974407 0.0036776040447115085 -0.0046553914809451553 0.032085754770389587 0.009931006717827269 0.031265108890145693 -0.023212974795731506 -0.018616755667536251 0.0085412073837767312 -0.036614579218416432 -0.0059096163619591895 -0.012364927409372447 0.017814948846213749 -0.14238537581177943 -0.0048422371331316248 -0.0066729035598378228 -0.022873970855775069 -0.023206802657491636 0.020854291549310428 0.0043875965807354898 0.024153857762296591 0.018339176298930355 -0.0045211390412969055
leaf_weight=5919.4781961105764 2829.598869509995 12457.777393460274 1914.1590006072074 6000.3239241056144 1140.0872098635882 507.18923401087523 20890.20101441443 603.68936751037836 13804.355759400874 627.12209573760629 2405.9883504100144 7275.5637091621757 804.26378076151013 1470.259572211653 88.521298833191395 3430.4795787781477 742.02120350673795 2468.3330749794841 16228.058194670826 2005.0354945585132 37.613064214587212 6801.0499905832112 1659.4594808742404 211.74950977787375 1584.3325146660209 2365.9599580839276 3086.4742631539702 823.75710321776569 2848.8081260472536 974.02141598239541
leaf_count=28199 85632 76637 16689 26238 20036 8606 98535 3554 80942 2832 42262 55312 5291 6669 646 19683 4379 13230 74114 11462 183 28710 7646 1257 7114 12346 16800 9990 27952 11309
internal_value=6.74317e-05 -0.00187762 0.0292274 -0.0044133 0.00713739 -0.00177788 -0.0102089 0.0174567 -0.00218113 -0.00386709 0.0220348 0.00346651 0.0155353 -0.00727704 0.039973 -0.00446415 -0.00131328 -0.00682166 -0.00915411 0.00472572 5.44765e-05 -0.00342042 0.00563189 -0.0413974 -0.00831439 0.00728645 0.0115355 0.0196528 0.02462 0.00862411
internal_weight=124006 116252 7753.44 90732.3 25520 62371.5 28360.8 4923.84 61775.8 47971.4 4320.15 19733.3 1431.39 22360.5 595.711 46540 19919.1 26620.9 22147.5 4473.37 19177.1 11815.9 7361.26 249.363 8385.38 7111.89 5452.43 5786.67 3988.9 1797.78
internal_count=804255 656118 148137 454882 201236 323440 131442 62505 314188 233246 58951 131949 8123 105204 9252 225123 98118 127005 102313 24692 93739 55507 38232 1440 35824 36792 29146 69287 47988 21299
is_linear=0
shrinkage=0.05


Tree=46
num_leaves=31
num_cat=0
split_feature=1 5 5 21 20 11 1 19 3 14 14 14 14 14 11 11 14 17 24 11 20 21 21 11 14 11 11 11 11 21
split_gain=2568.89 915.471 729.564 654.454 574.178 411.587 380.231 327.015 295.88 316.788 255.885 398.743 347.151 409.867 414.908 335.539 281.641 358.212 255.62 266.981 255.398 247.585 223.615 295.78 285.9 303.046 237.051 273.061 202.091 192.309
threshold=30.015349507331852 10.500000000000002 11.500000000000002 0.31873576500000006 -4.4447250366210929 23.072045487435336 14.947151184082033 0.13235294446349147 6.1407581567764291 215.50000000000003 264.50000000000006 245.50000000000003 218.50000000000003 230.50000000000003 111.65133048040369 39.150453789407628 202.50000000000003 179.34230804443362 7.5000000000000009 20.325362273898474 -14.578781127929686 -1.3945062499999998 -0.43871623499999995 20.631915132800589 236.50000000000003 111.65133048040369 80.377632546720136 24.252350459250138 25.230167303280474 1.23086125
decision_type=2 2 2 2 2 2 2 2 2 2 2 2 2 2 2 2 2 2 8 2 2 2 2 2 2 2 2 2 2 2
left_child=1 3 20 4 18 -5 21 -6 9 -9 11 12 16 14 -14 -15 17 -7 -1 -20 -2 -3 28 -24 25 -25 27 -26 -10 -18
right_child=2 6 -4 5 7 10 -8 8 22 -11 -12 -13 13 15 -16 -17 29 -19 19 -21 -22 -23 23 24 26 -27 -28 -29 -30 -31
leaf_value=-0.0025267395490024807 -0.011893860424299208 0.02908275067019718 0.046362016667525423 0.0036326848624141264 0.038217994674193304 0.0063229656503661497 0.023762355947705174 -0.013584414543780163 -0.0018989948392064294 0.0040480677594670472 -0.030864089005543185 0.004298832653862595 -0.04879635292589786 0.010549973804871875 0.029175254732711792 -0.02542102516445513 0.0018861192938608624 -0.017914298322373304 -0.0014348135168922196 -0.021250605007605498 0.020477897870579451 0.0035109012776675819 0.018734232145785065 0.0028722962653387209 -0.043683921410713755 -0.045251146657681089 -0.063089864038824203 -0.0055600583856848622 0.010414060443235743 -0.034958247016442422
leaf_weight=7879.4978199340403 734.43663254380226 1004.9822867587209 3242.9467766173184 5106.043094098568 616.45139446109533 1797.2670304737985 3216.8318649083376 5815.3351439014077 4347.4241739343852 4531.5781863257289 1656.465185392648 3830.7941206879914 1890.5221300572157 1011.6948777772486 186.8777041323483 1801.6521849893034 5217.3120799809694 10025.546733304858 2445.8366509899497 5572.8200876824558 3558.4702864587307 16029.612983748317 1816.9840857200325 11141.878396544605 546.79597246274352 336.03721166402102 230.58346424624324 3297.0136143043637 14267.707235299051 378.94520077854395
leaf_count=35896 4534 9084 95207 26754 9047 11216 46557 25118 25925 24060 8393 19757 8272 4590 850 8454 23546 44251 11174 25145 48088 112723 10358 55444 2947 1657 1248 18694 82860 1716
internal_value=0.00017889 -0.00165894 0.0284654 -0.00370174 -0.000710655 -0.0094146 0.00799913 0.0020705 0.00158873 -0.00586237 -0.0118113 -0.0106028 -0.0131617 -0.0249317 -0.0417716 -0.0124865 -0.00985576 -0.0142296 -0.0089231 -0.0152074 0.0149382 0.00502117 0.00373131 -0.000349144 -0.00257973 0.00145957 -0.0139563 -0.0109933 0.00753849 -0.000614562
internal_weight=123536 116000 7535.85 95749.1 62845.9 32903.1 20251.4 46947.8 46331.3 10346.9 27797.1 26140.6 22309.8 4890.75 2077.4 2813.35 17419.1 11822.8 15898.2 8018.66 4292.91 17034.6 35984.4 17369.3 15552.3 11477.9 4074.39 3843.81 18615.1 5596.26
internal_count=803565 655736 147829 487372 329573 157799 168364 257358 248311 49178 131045 122652 102895 22166 9122 13044 80729 55467 72215 36319 52622 121807 199133 90348 79990 57101 22889 21641 108785 25262
is_linear=0
shrinkage=0.05


Tree=47
num_leaves=31
num_cat=0
split_feature=15 5 10 21 14 18 23 10 5 21 23 23 14 14 21 14 14 14 23 5 21 23 18 3 14 10 5 14 23 23
split_gain=2417.83 1019.68 530.03 525.161 553.25 405.657 287.193 276.669 281.596 249.898 222.919 286.624 492.764 215.376 214.977 282.47 440.731 300.219 232.494 186.7 183.482 173.919 172.685 167.814 166.114 163.034 160.296 158.973 158.867 154.658
threshold=12.646073341369631 9.5000000000000018 6.6912208020687105 -0.32651200499999994 214.50000000000003 171.83396911621097 1.7844480500000002 46.458462734520445 2.5000000000000004 -1.3945062499999998 2.1096805500000007 1.3495941000000002 240.50000000000003 240.50000000000003 0.69073289500000012 238.50000000000003 262.50000000000006 217.50000000000003 1.2342374500000002 1.5000000000000002 0.3317518550000001 2.2729268000000005 176.00270843505862 18.524212799966339 271.50000000000006 -25.173667123168702 15.500000000000002 163.50000000000003 2.4967763500000006 0.48919199500000005
decision_type=2 2 10 2 2 2 2 8 2 2 2 2 2 2 2 2 2 2 2 2 2 2 2 2 2 10 2 2 2 2
left_child=1 3 9 4 5 23 7 8 22 -3 11 24 -13 -2 18 17 -17 -16 -10 -7 -20 -21 -5 25 29 -1 -4 -24 -11 -6
right_child=13 2 26 6 10 19 -8 -9 14 28 -12 12 -14 -15 15 16 -18 -19 20 21 -22 -23 27 -25 -26 -27 -28 -29 -30 -31
leaf_value=0.015621213205496271 0.047052294939577279 0.02624433960037241 0.016484902504470371 -0.0047677776474957245 -0.010841728226656622 -0.014757362029057461 -0.017788435596518628 0.010598713819733235 -0.0033294083846969729 0.0033166642714322599 0.038706789869689194 -0.023215409003484851 0.015722826256606131 0.014739536546297578 -0.010214823353629722 0.012486140205860675 -0.021393184409493712 -0.034033332869948911 0.020588035337583951 -0.0023147917517838241 -0.0062319501323472659 -0.024121570466212439 -0.031639450267988263 0.016669416370184927 -0.035209733239486479 -0.0088165356323322893 0.036170758680182408 -0.013914262596658089 -0.042005859548141039 0.015889878044758863
leaf_weight=1058.8670319654047 2843.8217289485037 1212.4704362284392 3388.2193823233247 3698.7149992473423 581.44138746708632 5168.8312044665217 5254.94766930677 2532.3964046277106 21240.109108245 19686.280356789008 626.82043354399502 1688.1269950699061 1564.6370058003813 631.29457685723901 6664.0387885104865 2802.4815474692732 1458.7857396602631 1650.2100356873125 1941.2686902415007 14013.035179875791 948.8493432495743 977.18532091006637 1659.8569528758526 2980.9925181157887 174.15886566229165 1915.7742052860558 1489.8299218732864 5324.485136538744 194.2719715796411 7673.7008142601699
leaf_count=7034 81288 10010 47631 17624 3109 21673 25568 16682 107133 133649 4887 10791 11653 12419 31982 14592 7790 7469 10568 65465 4725 4618 7166 22424 1168 10035 31721 22875 1066 47928
internal_value=8.15253e-05 -0.0011135 0.0076519 -0.00354569 0.00094233 -0.00317674 -0.00667102 -0.00550042 -0.00636094 0.00421637 0.00968096 0.00812035 -0.00448635 0.0411882 -0.00428138 -0.0095816 0.000885725 -0.0149458 -0.00151887 -0.00656387 0.0117837 -0.00373785 -0.013505 0.00828743 0.0129851 -0.000115235 0.0225034 -0.0181307 0.00287168 0.014006
internal_weight=123046 119571 25971.1 93599.7 38423.6 26114.7 55176.1 49921.2 47388.8 21093 12308.9 11682.1 3252.76 3475.12 36705.7 12575.5 4261.27 8314.25 24130.2 20159.1 2890.12 14990.2 10683.1 5955.63 8429.3 2974.64 4878.05 6984.34 19880.6 8255.14
internal_count=802743 709036 224077 484959 210785 131249 274174 248606 231924 144725 79536 74649 22444 93707 184259 61833 22382 39451 122426 91756 15293 70083 47665 39493 52205 17069 79352 30041 134715 51037
is_linear=0
shrinkage=0.05


Tree=48
num_leaves=31
num_cat=0
split_feature=15 0 20 4 19 20 12 22 12 4 20 11 14 22 22 3 12 23 23 12 12 12 22 11 25 22 22 20 19 12
split_gain=2333.69 1275.22 538.605 427.117 412.014 294.456 249.21 297.1 235.312 202.16 216.313 220.414 199.013 197.806 195.419 182.591 179.881 177.326 176.309 230.053 167.015 166.867 273.825 166.451 159.666 155.241 167.061 153.78 151.646 135.317
threshold=12.646073341369631 3.4395794868469243 -14.578781127929686 107.02760487049819 0.57352942228317272 63.469665527343757 2.1965944272445825 -1.0697576499999999 11.018575851393191 26.5664331689477 53.358283996582038 15.017229010400021 240.50000000000003 -1.0464816999999997 2.1169150000000005 55.505417272448547 1.8157894736842108 0.36691397000000009 0.78081134000000019 1.9303405572755421 10.439628482972138 4.5356037151702795 1.3878511000000002 103.36032366453911 25.28031854629517 -0.76042082999999983 -1.6132802499999999 -14.578781127929686 0.36764706671237951 11.018575851393191
decision_type=2 2 2 2 2 2 2 2 2 2 2 2 2 2 2 2 2 2 2 2 2 2 2 2 2 2 2 2 2 2
left_child=1 2 18 16 6 15 -4 -8 9 24 14 -12 -2 -13 23 21 -3 -17 -1 -20 -7 25 29 28 -9 26 -6 -18 -11 -23
right_child=12 3 4 -5 5 20 7 8 -10 10 11 13 -14 -15 -16 17 27 -19 19 -21 -22 22 -24 -25 -26 -27 -28 -29 -30 -31
leaf_value=-0.026065802147361167 0.046989035286801567 0.01401315230596392 0.0091835619963267466 0.021045649890225119 -0.022651064333397211 0.00085805455241735244 0.013321816676450566 -0.016167837066858322 0.020275660760566076 0.013658388295041591 0.0085586536745298047 -0.099946780522612355 0.015652953144982554 -0.0083418632455149883 -0.033922321940765977 0.019150371080120573 -0.020185541016355581 -0.019374301884754377 0.002038186971308129 -0.016361719773165081 0.035447850525377578 -0.0089237995473071003 -0.030958729649352715 -0.02561988326891982 0.0027089138289090879 -0.0052966031613207341 0.011462010586912727 0.0032695391629427224 0.0018962061445733744 0.014321915265071209
leaf_weight=2390.7546664476395 2734.2633142955601 3985.354354608804 7985.4390228223056 6647.3589483592659 409.56676157936454 9029.8944703824818 3535.8078229650855 4228.989284593612 1159.8574927002192 3556.1866143960506 2197.8829256501049 58.277638269588351 623.47617582976818 10348.030593041331 351.62941433116794 319.12865146622062 770.06499760597944 4504.0693105906248 2480.7415247447789 5386.884053517133 362.01180442050099 12843.880727615207 1407.6942711770535 468.57521753199399 1523.3727263994515 10590.462448801845 2853.7066847905517 7457.8859040513635 11934.273874860257 657.24792055785656
leaf_count=10535 81557 30549 55391 93629 1952 51741 23062 19193 7329 25467 14804 433 12397 63366 1565 1740 3692 23696 10805 23359 2717 56135 6037 2367 7856 47263 13996 50144 58136 3096
internal_value=7.3047e-05 -0.00108276 -0.00331992 0.0108476 -0.00208681 -0.00563121 0.00113047 -0.000503435 -0.0018682 -0.00260962 -0.000906445 -0.0058258 0.0411768 -0.00886443 0.00289515 -0.00781972 0.00529577 -0.0168219 -0.0141763 -0.0105605 0.00219495 -0.00630962 -0.00998061 0.00370843 -0.0111692 -0.00235861 0.00717492 0.00107216 0.00459719 -0.0077912
internal_weight=122803 119445 100584 18860.7 90326 42977.7 47348.3 39362.9 35827.1 34667.2 28914.9 12604.2 3357.74 10406.3 16310.7 33585.8 12213.3 4823.2 10258.4 7867.63 9391.91 28762.6 14908.8 15959 5752.36 13853.7 3263.27 8227.95 15490.5 13501.1
internal_count=804009 710055 532041 178014 487342 208373 278969 223578 200516 193187 166138 78603 93954 63799 87535 153915 84385 25436 44699 34164 54458 128479 65268 85970 27049 63211 15948 53836 83603 59231
is_linear=0
shrinkage=0.05


Tree=49
num_leaves=31
num_cat=0
split_feature=16 5 10 21 20 10 11 3 14 4 23 21 11 14 14 14 14 14 11 23 21 11 10 23 11 25 23 25 11 14
split_gain=2178.93 786.763 490.475 463.331 470.477 311.025 301.634 269.929 316.771 276.849 262.385 236.7 227.814 224.636 390.115 252.893 370.804 326.439 280.472 227.207 252.715 226.528 205.268 202.2 221.384 184.119 182.627 179.056 177.58 222.418
threshold=0.33823530375957495 9.5000000000000018 14.989200115203859 0.3317518550000001 -6.0307769775390616 25.91264061033726 23.072045487435336 6.1407581567764291 214.50000000000003 62.17720356583596 0.64900642500000016 -1.3421354499999998 145.48981178265885 262.50000000000006 245.50000000000003 217.50000000000003 231.50000000000003 202.50000000000003 111.65133048040369 1.7182350000000002 2.1251499500000004 53.79989594552125 8.416420447826388 0.81184423000000006 15.017229010400021 20.458858233690265 1.7272303000000002 21.65932177305222 111.65133048040369 200.50000000000003
decision_type=2 2 10 2 2 8 2 2 2 2 2 2 2 2 2 2 2 2 2 2 2 2 8 2 2 2 2 2 2 2
left_child=22 3 11 4 23 7 -5 8 9 -6 -9 -3 -12 14 15 17 18 19 -17 25 -21 27 -1 24 -2 -8 -25 -18 -27 -30
right_child=1 2 -4 6 5 -7 13 10 -10 -11 12 -13 -14 -15 -16 16 21 -19 -20 20 -22 -23 -24 26 -26 28 -28 -29 29 -31
leaf_value=0.02532578322489425 0.0061493391657446404 0.024048573024582433 0.024581014282051825 0.003200019733804918 -0.0088010332446366076 0.024422482681477838 0.0059433281071244086 -0.0038151267289542341 0.0039427774474415983 -0.037895822351805268 0.0061277261732480253 0.0026510518977576969 -0.071935826130223396 -0.027153657280826152 0.0074455218841642141 -0.040267298665741087 -0.024847615012434772 0.002105556248420847 0.031754617765013017 -0.032727909279655562 0.041103288617408612 -0.026303085882733286 0.050114422164751329 -0.00027628078090467356 -0.022478691526738818 -0.014904737211264556 -0.014225711570894984 0.015569428209345244 0.035413814739206372 -0.0387289016281952
leaf_weight=1474.9267413020134 826.3918522708118 1377.3187474776059 3323.6431172713637 4881.064568599686 5040.7037291489542 1462.9049131087959 1532.5607541371137 9786.7148346081376 4565.5734649524093 975.190479837358 25011.293828222901 20751.530298532918 92.815702553838491 1844.8381965700537 3121.2849813904613 2193.7753292135894 370.55020796135068 5002.2885234169662 143.32894198037684 1923.8569288533181 122.49406836181879 979.78785586543381 1935.9991693999618 7489.9743171744049 3683.7176661621779 7522.8873467631638 3415.6959219928831 1043.2928308285773 375.03706513717771 137.45513458922505
leaf_count=25140 3736 11814 60413 25556 22051 18717 7499 50712 24249 4383 142340 147003 445 9458 17062 9709 1711 22957 680 9018 550 4947 71751 34567 17416 36486 15872 4909 2040 616
internal_value=9.93991e-06 -0.00111962 0.00667436 -0.00324031 -0.00075129 0.00173789 -0.00821513 0.00100757 -0.00598733 -0.0135229 0.00312905 0.00398388 0.00583625 -0.0103326 -0.00906335 -0.0114774 -0.0216761 -0.00857274 -0.0358387 -0.0131717 -0.0282905 -0.00783872 0.0394061 -0.00832951 -0.0172329 -0.00993552 -0.0046462 0.00496656 -0.0129644 0.0154914
internal_weight=122409 118998 25452.5 93545.5 62351 46935.2 31194.5 45472.3 10581.5 6015.89 34890.8 22128.8 25104.1 26313.4 24468.6 21347.3 4730.74 16616.6 2337.1 11614.3 2046.35 2393.63 3410.93 15415.8 4510.11 9567.94 10905.7 1413.84 8035.38 512.492
internal_count=803807 706916 219230 487686 334488 262897 153198 244180 50683 26434 193497 158817 142785 127642 118184 101122 21956 79166 10389 56209 9568 11567 96891 71591 21152 46641 50439 6620 39142 2656
is_linear=0
shrinkage=0.05


Tree=50
num_leaves=31
num_cat=0
split_feature=16 5 21 11 12 14 10 12 14 5 22 25 22 22 11 14 4 17 21 12 10 5 12 21 19 23 21 14 22 14
split_gain=2020.9 769.247 540.761 527.584 491.68 601.206 427.212 409.963 384.819 346.039 301.544 301.232 289.099 520.815 259.526 634.986 246.446 233.012 221.768 219.138 219.127 218.406 211.878 214.352 205.496 201.951 197.974 194.012 190.667 236.493
threshold=0.33823530375957495 11.500000000000002 -0.44844999999999996 21.205184842975978 6.5588235294117654 248.50000000000003 16.496585294604301 10.439628482972138 175.50000000000003 2.5000000000000004 -1.3625972 22.602730011940007 -0.31765721499999994 0.94406590000000012 23.072045487435336 231.50000000000003 109.19565428793432 175.98484802246097 -0.59581735499999999 0.97832817337461309 2.580275413393974 2.5000000000000004 4.3544891640866874 -0.43871623499999995 0.51470589637756359 2.4967763500000006 -0.64021539499999991 268.50000000000006 -1.4539831499999998 258.50000000000006
decision_type=2 2 2 2 2 2 10 2 2 2 2 2 2 2 2 2 2 2 2 2 8 2 2 2 2 2 2 2 2 2
left_child=20 2 4 28 8 7 22 11 10 -5 -2 -6 18 17 15 26 -7 -14 -12 -11 -1 -16 23 -3 -13 27 -10 -21 -4 -30
right_child=1 6 3 9 5 16 -8 -9 14 19 12 24 13 -15 21 -17 -18 -19 -20 25 -22 -23 -24 -25 -26 -27 -28 -29 29 -31
leaf_value=0.023038972718718256 -0.030518655312322226 0.025504552094488188 0.037030480309663071 -0.015241761353821832 -0.030244599027105884 0.03227992794777345 0.029963114439268995 0.0088433579040629942 -0.066197099547680563 0.0097397266605178719 0.015167748903324972 0.0088494699975379745 0.01757377123246865 0.023646501970614197 -0.0040746383926340644 0.012822710698012704 -0.036896369433754676 -0.021319354010506705 -0.013531805237965523 -0.0050364900916344234 0.049449913988729693 0.015059752221115989 -0.0017645125500483029 0.0065450417162420532 -0.015824081682300765 -0.042383148236365291 -0.00023338154012194354 -0.023157889157970794 -0.00032161828715337537 0.018748205330742524
leaf_weight=1315.3030337356031 837.37192570976913 1961.6845268178731 456.21739019826055 10530.266537688673 2738.9582105353475 1161.8199965488166 2171.0777928568423 1902.8749270867556 445.32049341872334 2330.5763482414186 3657.0827199872583 1171.5209622588009 436.50318801961839 1023.4546350613236 1684.7248311936855 1300.7578057665378 143.94056989066303 3226.8890168797225 824.07873470894992 41925.568114042282 1959.3871791232377 12965.563152920455 5260.3452038280666 6205.1243291608989 3011.4152715802193 376.96774129010737 152.65971167385578 1530.0582518000156 7241.0553738288581 2095.5002915635705
leaf_count=21696 4579 19099 2571 46769 13214 8122 44611 9808 2364 18913 20004 6928 3952 5261 7737 8843 1060 14955 4541 217372 74711 84940 38653 46622 13614 1839 760 9032 37023 13346
internal_value=0.00010992 -0.00095859 -0.00252323 -0.00521209 0.00234994 -0.00702133 0.0093899 -0.0117072 0.00592522 -0.0070632 -0.00181575 -0.0173571 0.000808911 -0.00787209 0.0106052 -0.00678458 0.0246319 -0.0166816 0.0098881 -0.00519731 0.038852 0.0128592 0.00606137 0.0111017 -0.00891326 -0.00599171 -0.0493856 -0.00567506 0.00550425 0.00395997
internal_weight=122044 118769 103171 66486.2 36684.9 10130.5 15598.2 8824.77 26554.4 56693.4 10005.4 6921.89 9168.01 4686.85 16549 1898.74 1305.76 3663.39 4481.16 46163.2 3274.69 14650.3 13427.2 8166.81 4182.94 43832.6 597.98 43455.6 9792.77 9336.56
internal_count=802939 706532 557547 346865 210682 52746 148985 43564 157936 293925 53292 33756 48713 24168 104644 11967 9182 18907 24545 247156 96407 92677 104374 65721 20542 228243 3124 226404 52940 50369
is_linear=0
shrinkage=0.05


Tree=51
num_leaves=31
num_cat=0
split_feature=16 0 10 17 21 5 22 22 5 11 11 4 12 19 21 12 12 21 11 21 12 3 10 11 21 12 22 22 22 11
split_gain=1899.38 1102.22 559.041 411.589 342.53 284.532 271.407 264.444 264.01 247.458 245.707 257.983 243.363 188.573 174.039 173.033 172.391 297.186 233.234 156.232 153.392 145.592 145.552 138.738 132.76 132.306 159.064 140.908 128.541 123.798
threshold=0.30882354080677038 2.8965305089950566 5.0374625027179727 217.55000305175784 0.91939226000000007 2.5000000000000004 2.1169150000000005 0.30705543000000007 8.5000000000000018 21.205184842975978 41.550116399274252 93.541083924472346 3.8065015479876165 0.60294118523597728 -0.42715842999999992 9.3421052631578956 4.3544891640866874 -0.36164028999999992 92.67470495860691 2.0166322000000005 1.8157894736842108 33.373930722475059 4.4914487957954412 32.768276243663799 -1.3945062499999998 10.439628482972138 -1.1249007999999996 -1.1087322999999998 1.3878511000000002 37.311321259802071
decision_type=2 2 8 2 2 2 2 2 2 2 2 2 2 2 2 2 2 2 2 2 2 2 8 2 2 2 2 2 2 2
left_child=22 3 14 4 5 9 13 10 -4 -2 12 -12 19 16 -3 -11 17 23 25 29 -16 -15 -1 24 -7 27 -27 -18 -19 -6
right_child=1 2 8 -5 7 6 -8 -9 -10 15 11 -13 -14 21 20 -17 18 28 -20 -21 -22 -23 -24 -25 -26 26 -28 -29 -30 -31
leaf_value=0.026544572886467839 0.0015286770602042474 0.012224586757187723 0.013293462509056162 -0.026337359245117299 -0.0115021697386095 0.032977744664076644 -0.029505455753243828 -0.017747149242304784 0.034009121619999312 -0.011821250679424751 -0.020389038751932272 0.0025492186202836051 0.018258628879407292 0.00030204477042425348 0.01105569006050886 0.010212960762150466 0.015368344633541794 0.00074713241796253976 -0.051157024061453796 -0.075441999237215021 -0.0031497216639555952 -0.0081698106955405744 0.049890976900605621 0.017746513148518415 -0.0050811317336936501 -0.031257425768391432 0.022237252883251606 -0.0021581288055409686 0.036725491948694768 0.021619797336840441
leaf_weight=1096.4455870464444 6658.3039213418961 4764.8957141656429 3565.8451710157096 1837.3309230133891 1296.6054233554751 274.14379028044641 744.10467008128762 5844.1321918405592 2706.5331894606352 12516.782160833478 3025.9270717427135 2059.6297980882227 1903.3000802136958 13401.591218553483 2575.6381021849811 958.5218041986227 1230.313020510599 12254.408244850114 223.04066522233188 79.961617346853018 7239.4190706238151 8157.5679422020912 1723.5356729254127 5782.1432323846966 1369.3957422561944 157.60451576113701 1126.5189975313842 16708.017861157656 252.39005239866674 359.51097233965993
leaf_count=19645 33726 33793 37292 8423 6293 1897 3447 29230 63343 55468 13342 12173 9540 63427 16814 4067 7968 70278 1093 422 43402 43822 69896 40695 9167 933 7459 93405 1300 1817
internal_value=0.000276133 -0.000684536 0.0097557 -0.00290107 -0.00245405 -0.00119618 0.000488473 -0.00951723 0.0222363 -0.00635703 -0.00400327 -0.0111005 0.00591447 0.000855207 0.00438533 -0.0102533 0.00291324 0.00618073 -0.000436216 -0.00762143 0.000578767 -0.00290377 0.0408262 0.0141033 0.00128331 0.000154935 0.0156525 -0.000955274 0.00147606 -0.00430332
internal_weight=121894 119074 20852.3 98221.2 96383.9 81814.8 61681.2 14569.1 6272.38 20133.6 8724.93 5085.56 3639.38 60937.1 14580 13475.3 39378 19932.5 19445.5 1736.08 9815.06 21559.2 2819.98 7425.68 1643.54 19222.5 1284.12 17938.3 12506.8 1656.12
internal_count=803577 714036 194644 519392 510969 438152 344891 72817 100635 93261 43587 25515 18072 341444 94009 59535 234195 123337 110858 8532 60216 107249 89541 51759 11064 109765 8392 101373 71578 8110
is_linear=0
shrinkage=0.05


Tree=52
num_leaves=31
num_cat=0
split_feature=1 19 7 20 1 20 19 21 21 6 20 21 5 23 22 11 4 21 20 22 24 23 4 25 20 19 23 23 22 24
split_gain=1869.22 650.755 635.85 459.477 430.891 255.06 374.95 256.513 244.531 243.996 227.44 213.613 272.049 281.866 194.216 184.934 218.155 211.851 168.716 220.737 193.558 197.146 232.206 162.442 161.07 241.245 152.576 150.975 147.486 148.334
threshold=30.58022536337376 0.48529411852359777 1.0000000180025095e-35 67.646110534667983 10.210135102272035 49.516838073730476 0.22058823704719546 -1.5734585999999997 1.5744800000000003 1.5000000000000002 -14.578781127929686 0.3317518550000001 2.5000000000000004 2.3465155500000008 1.6775100000000001 15.017229010400021 90.843411613255753 -0.31750278499999995 1.9701385498046877 1.0095930500000001 7.5000000000000009 1.2403435000000003 128.96987589448693 22.288666212558748 65.772979736328139 0.22058823704719546 0.77340608500000008 1.5640419500000002 1.3255616000000001 4.5000000000000009
decision_type=2 2 2 2 2 2 2 2 2 2 2 2 2 2 2 2 2 2 2 2 10 2 2 2 2 2 2 2 2 8
left_child=1 4 -2 11 5 6 -1 -7 28 -4 -8 12 26 18 -12 -9 17 -17 19 20 21 22 -14 -20 25 -6 -3 -23 29 -5
right_child=2 3 9 8 24 7 10 15 -10 -11 14 -13 13 -15 -16 16 -18 -19 23 -21 -22 27 -24 -25 -26 -27 -28 -29 -30 -31
leaf_value=0.028633775919132062 0.0098188376101291854 -0.018169778520766979 0.043279479621546983 0.01529151731908448 0.041394244080617121 0.036743848257069084 -0.015247701931319517 0.0080669233476141702 -0.020666094138021288 -0.030701915962893286 0.0066907560308004689 -0.0096337841290066277 -0.009327879353938022 -0.028091379675210693 -0.024111732011837736 -1.5262177203174166e-05 -0.0019315085682154261 -0.024778920822720901 -0.0035491815691396141 0.021523018991012353 -0.033001776426109096 0.018051478889783961 -0.053348786279675403 0.0053383181242637068 0.0049444573157471526 0.01447143007162369 -0.006227688570011926 -0.0063803373834453508 0.035947485235517933 0.002324055079176809
leaf_weight=1609.6806284803897 3168.078610252589 3687.824205249548 3346.4980132449418 2906.5067250709981 1067.5623140074313 378.31725136935711 1497.7382054552436 2218.903926320374 889.21778909862041 114.61334148049355 11920.707706436515 21376.541620910168 3889.1579024605453 930.46338241919875 533.73129421472549 1262.5275452584028 6112.3283718004823 2732.6835333630443 8097.4472133796662 653.78149961680174 740.43864268809557 1174.2308755107224 323.65903174132109 14080.05281352438 2578.0223557986319 3770.2739731371403 9735.5907606929541 1367.9375528283417 409.12439072877169 9133.3285602293909
leaf_count=19538 24556 15879 120422 19085 21514 3383 6498 15723 4769 954 65303 96168 17094 4391 2365 7823 43611 13639 43680 2788 3221 5255 1450 74881 31304 33637 41796 6113 3018 54334
internal_value=0.000193979 -0.00129334 0.0260091 -0.00381398 0.00431516 0.00150065 0.00579196 -0.00375574 0.00465055 0.0408215 0.00315481 -0.00552318 -0.00355636 -0.000999497 0.00536889 -0.00500162 -0.00787106 -0.0169553 -0.000167383 -0.00631918 -0.00875024 -0.00608745 -0.0127217 0.0020933 0.0150414 0.0204198 -0.00950966 0.00490741 0.00646041 0.00545551
internal_weight=121707 115078 6629.19 79395.3 35682.5 28266.6 15561.9 12704.8 13338.2 3461.11 13952.2 66057.1 44680.6 31257.2 12454.4 12326.4 10107.5 3995.21 30326.7 8149.21 7495.42 6754.99 4212.82 22177.5 7415.86 4837.84 13423.4 2542.17 12449 12039.8
internal_count=804192 658260 145932 393922 264338 177883 93704 84179 81206 121376 74166 312716 216548 158873 67668 80796 65073 21462 154482 35921 33133 29912 18544 118561 86455 55151 57675 11368 76437 73419
is_linear=0
shrinkage=0.05


Tree=53
num_leaves=31
num_cat=0
split_feature=1 0 18 18 5 25 20 12 12 24 20 13 0 1 24 18 11 20 12 13 18 20 25 20 18 18 9 24 4 20
split_gain=1761.48 677.138 479.881 386.189 306.237 240.514 384.651 305.046 270.608 245.593 204.408 187.11 185.836 175.172 168.032 156.399 153.259 136.351 129.609 133.351 129.604 126.736 208.219 214.42 212.73 151.898 171.982 125.189 122.942 119
threshold=35.721507787704475 2.439024925231934 166.48529052734378 182.33635711669925 11.500000000000002 23.482144188880927 80.784561157226577 2.7631578947368425 4.8622291021671833 2.5000000000000004 -17.53835296630859 -83.69497687933567 2.1166182756423955 13.748407185077669 2.5000000000000004 161.1470642089844 50.50536256878646 48.075370788574226 2.1965944272445825 -35.336988318284774 176.00270843505862 78.784561157226577 32.285268002748502 33.151657104492195 169.5933532714844 164.45683288574222 40.500000000000007 4.5000000000000009 24.160131096839908 -12.666358947753904
decision_type=2 2 2 2 2 2 2 2 2 8 2 2 2 2 10 2 2 2 2 2 2 2 2 2 2 2 2 10 2 2
left_child=1 3 -2 5 15 6 7 16 14 20 -5 -9 -4 -6 -8 17 -1 -3 -17 -20 -7 22 23 24 -11 26 -25 -13 -18 -21
right_child=2 4 12 10 13 9 8 11 -10 21 -12 27 -14 -15 -16 18 28 -19 19 29 -22 -23 -24 25 -26 -27 -28 -29 -30 -31
leaf_value=0.0089770827949441061 0.048519265260366644 0.049011696892768658 0.0019294473041278648 -0.018102385666445318 0.0096703845968165534 0.018115041356202035 0.0098216840398648551 -0.034323780985768257 0.021803582389644468 0.010601190532055481 -0.0061589267366436032 -0.005742663596120562 0.02655585142519783 0.028989040514152742 -0.013103089758552422 0.0086375960749948497 -0.030792639326576318 -0.01306006219542521 -0.0090370816468247489 -0.016709479367771972 0.0029468153501567536 -0.0066987085509243151 0.041087082575012979 -0.0089496424590829703 -0.0066405289368478134 0.0092995161319602473 -0.10418672671832759 -0.014195414904140528 -0.0016844968565458839 0.0055507888476764257
leaf_weight=4221.833823736757 1920.1835373826325 333.22021628171206 1258.0223604775965 4256.4497842639685 2708.3600962068886 3289.7182389646769 1731.868526969105 696.51191921532154 2266.4465904608369 2238.6624516695738 22611.670706745237 16247.907278355211 1958.6518903393298 2071.579744162038 1482.7261166088283 6006.7698679957539 394.27885956317186 119.83367113023996 3215.8288672827184 665.53017593175173 2462.6413161121309 5299.1815618537366 334.17240522801876 467.09039427340031 8890.3551778271794 7603.2046015150845 51.792317502200603 5997.6952456533909 4410.1844716072083 6050.9693219400942
leaf_count=21459 79552 6788 10700 19065 24016 28829 10548 3024 14133 14534 107571 82063 35812 41782 8114 41896 1678 1105 16570 3051 12697 36384 6313 4122 38868 40657 245 27760 24298 40405
internal_value=9.47273e-05 -0.00117282 0.0287442 -0.00297571 0.00691269 -0.000972576 -0.00366041 -0.00575865 0.0085765 0.00231296 -0.00805161 -0.00882213 0.0169282 0.0180472 -0.000753114 0.00366497 0.0020279 0.032601 0.0028405 -0.000665931 0.011623 0.000160439 0.00201656 0.00133625 -0.00317162 0.00751265 -0.0186379 -0.00802217 -0.00407917 0.00334289
internal_weight=121263 116126 5136.86 94954.4 21172.1 68086.3 37449.5 31968.4 5481.04 30636.8 26868.1 22942.1 3216.67 4779.94 3214.59 16392.2 9026.3 453.054 15939.1 9932.33 5752.36 24884.5 19585.3 19251.1 11129 8122.09 518.883 22245.6 4804.46 6716.5
internal_count=804039 677975 126064 502362 175613 375726 193077 160282 32795 182649 126636 112847 46512 65798 18662 109815 47435 7893 101922 60026 41526 141123 104739 98426 53402 45024 4367 109823 25976 43456
is_linear=0
shrinkage=0.05


Tree=54
num_leaves=31
num_cat=0
split_feature=1 16 17 16 6 21 17 1 21 23 6 11 12 22 22 12 22 21 23 22 22 22 24 23 9 11 11 9 11 3
split_gain=1621.84 567.667 498.603 412.594 305.693 271.608 232.709 213.378 187.193 201.873 175.804 159.395 147.603 145.353 185.053 127.282 178.576 193.267 147.279 224.669 172.027 140.437 134.265 132.195 132.054 125.609 271.369 124.29 119.059 116.077
threshold=35.003659486770637 0.75000000000000011 173.88985443115237 0.25000000745058065 1.0000000180025095e-35 0.7559146550000001 207.09999847412112 14.440095543861391 -1.6487905499999997 1.7182350000000002 1.5000000000000002 88.744555543150895 4.2925696594427256 -1.6132802499999999 -0.13903441999999996 4.3544891640866874 1.2243577000000003 -0.44844999999999996 1.7182350000000002 -1.4317225999999998 0.37528550500000007 -1.7667101999999997 7.5000000000000009 1.8540950500000002 20.500000000000004 61.85164704809295 74.692760363878577 18.500000000000004 90.762973746602029 27.280111812055114
decision_type=2 2 2 2 2 2 2 2 2 2 2 2 2 2 2 2 2 2 2 2 2 2 10 2 2 2 2 2 2 2
left_child=1 3 -2 -1 7 6 15 -5 -6 11 -4 -10 -13 -7 -15 16 17 21 19 -17 25 -3 -23 28 -22 -21 -27 -20 -24 -16
right_child=2 5 10 4 8 13 -8 -9 9 -11 -12 12 -14 14 29 18 -18 -19 27 20 24 22 23 -25 -26 26 -28 -29 -30 -31
leaf_value=0.035674050902499838 0.048379770865607061 -0.025274911537299979 0.02022498152339252 0.0042915203991040988 0.015484261907815645 -0.047892564025282434 -0.013319025461010379 0.017998782049607857 0.0013014447902065687 -0.010351408425761018 -0.015295651175935621 -0.0075074569259766764 -0.0455939730628818 -0.0020571782657206666 -0.0091406813074440246 0.046484374771426147 0.024385816672608529 -0.0038183513455635498 -0.026821353780448327 -0.008664044457418224 -0.0056105716264776362 0.010003449279118505 -0.020746401250919561 0.017362377426197007 0.011384412414649062 0.029008406659682587 -0.012329035772994115 -0.0067931903149582341 0.056381734615358219 -0.022058104516265276
leaf_weight=921.52018348127604 1852.6016907766461 346.78152376040816 2922.4319736454636 8869.4112573191524 1857.3586650379002 266.52117388322949 4746.3421471174806 4175.5079822875559 34981.535935327411 4824.9445009082556 394.72573179006577 1669.6414867471904 299.24911994859576 4030.1875510010868 3524.59806760028 228.78867573291063 784.01435948908329 12726.969487261027 1220.561258489266 10017.983563194051 1887.1256763041019 6936.575411837548 946.96784348785877 397.78483065217733 2895.864923864603 725.4539663400501 874.61525977775455 2119.9456530809402 51.875520423054695 3436.8454084396362
leaf_count=22419 80304 1838 45537 58883 12827 1203 22181 56126 204009 27190 2357 9145 1420 19115 15752 1163 3564 63091 5754 47868 9123 38542 4891 1958 13092 3193 3863 10004 261 16985
internal_value=0.000209874 -0.00101385 0.0276072 0.0025046 0.00196468 -0.00449801 -0.00282402 0.00868008 -4.31774e-05 -0.000733891 0.0159949 0.0005222 -0.0133164 -0.0114719 -0.0105845 -0.00164224 0.000963909 0.000104999 -0.00453809 -0.00261321 -0.0033009 0.00585736 0.00715579 -0.00698459 0.00467928 -0.00658635 0.00641932 -0.014117 -0.0166883 -0.0155202
internal_weight=120935 115765 5169.76 57599.2 56677.6 58165.8 46907.7 13044.9 43632.7 41775.4 3317.16 36950.4 1968.89 11258.2 10991.6 42161.3 22191 21407 19970.3 16629.8 16401 8679.99 8333.2 1396.63 4782.99 11618.1 1600.07 3340.51 998.843 6961.44
internal_count=803658 675460 128198 392019 369600 283441 230386 115009 254591 241764 47894 214574 10565 53055 51852 208205 114145 110581 94060 78302 77139 47490 45652 7110 22215 54924 7056 15758 5152 32737
is_linear=0
shrinkage=0.05


Tree=55
num_leaves=31
num_cat=0
split_feature=1 5 17 1 17 17 22 14 24 14 12 22 12 12 5 24 14 14 3 22 14 9 9 14 6 9 14 14 17 22
split_gain=1595.92 504.012 471.7 360.669 321.087 286.016 261.163 253.23 238.276 302.138 216.409 211.49 246.325 188.85 197.629 199.641 267.229 334.158 203.803 196.257 180.653 177.894 235.443 177.354 176.044 174.565 167.164 179.991 262.793 164.105
threshold=35.003659486770637 10.500000000000002 175.45454406738284 15.456594716757538 217.55000305175784 159.91176605224612 0.030713726750000003 233.50000000000003 2.5000000000000004 238.50000000000003 11.018575851393191 -2.0133645499999999 4.5681114551083608 0.78482972136222917 2.5000000000000004 4.5000000000000009 268.50000000000006 245.50000000000003 66.561203554272666 0.71033275500000015 193.50000000000003 6.5000000000000009 37.500000000000007 181.50000000000003 1.5000000000000002 8.5000000000000018 169.50000000000003 199.50000000000003 177.58816528320315 0.42497292500000006
decision_type=2 2 2 2 2 2 2 2 8 2 2 2 2 2 2 10 2 2 2 2 2 2 2 2 2 2 2 2 2 2
left_child=1 4 -2 6 5 -1 7 -3 9 11 13 -7 21 -10 -15 25 17 26 -19 -18 -12 -13 -23 -14 -4 -16 -17 -28 -29 -27
right_child=2 3 24 -5 -6 8 -8 -9 10 -11 20 12 23 14 15 16 19 18 -20 -21 -22 22 -24 -25 -26 29 27 28 -30 -31
leaf_value=0.04128751145700868 0.04763451705344602 0.018531033048226009 0.020343763952876667 0.021940869738680036 -0.022738868019104724 -0.029383680264263634 -0.0030030326135948322 0.0011658134382940683 0.011555886931300774 0.020350259781549161 -0.0104641123383339 -0.0022393698912448337 -0.016189982462602278 -0.0091526110714663031 -0.0065621744469410263 0.0080652847412811066 -0.063628000925450359 0.016312352635689805 -0.023427692750673215 -0.0072142840322782127 0.031368073074176731 0.017250839161126026 -0.0074907504107977257 0.00020538955130284967 -0.015291730309637942 -0.00063659430378193655 -0.018525795615971202 -0.03493568533370861 -0.0025922879365512575 0.0097535379561752081
leaf_weight=375.27469072490931 1856.3662856034935 4022.1374650616199 2786.5435237884521 3048.1069876309484 1944.6675372645259 576.51173883304 8374.4422069601715 4390.7787115834653 1895.5563279688358 2123.6536482460797 383.41803761199117 3426.8139389324933 2525.772632740438 16904.981163643301 10320.397951358929 1214.5470890402794 360.324328513816 2138.6435717809945 378.99790556356311 269.3995312936604 785.97903769463301 4626.2448431327939 1213.1512546613812 4750.4761299137026 395.04231227189302 23496.906858604401 5057.1907362379134 701.22053251229227 5946.7972944211215 4532.546481307596
leaf_count=7567 82411 35113 43453 54433 9003 2967 54912 34151 11182 17070 1661 21270 12265 76376 60728 6482 1903 12351 2175 1735 5343 25748 6843 24839 2325 114338 23268 3545 27111 21421
internal_value=6.46368e-05 -0.00113414 0.0276104 0.00612111 -0.00263406 -0.00221792 0.00324756 0.00946918 -0.00239273 0.00256647 -0.0036756 0.000359281 0.00139755 -0.00401653 -0.00443056 -0.00296348 -0.00764216 -0.00633836 0.0103231 -0.0395436 0.0176551 0.00680386 0.0121103 -0.00548731 0.0159157 -0.00100314 -0.00958568 -0.0114177 -0.00600855 0.00104385
internal_weight=120823 115785 5037.95 19835.5 95949.5 94004.8 16787.4 8412.92 93629.5 19242.6 74386.9 17119 16542.5 73217.5 71322 54417 16067.1 15437.4 2517.64 629.724 1169.4 9266.21 5839.4 7276.25 3181.59 38349.9 12919.8 11705.2 6648.02 28029.5
internal_count=803989 675800 128189 178609 497191 488188 124176 69264 480621 111002 369619 93932 90965 362615 351433 275057 78570 74932 14526 3638 7004 53861 32591 37104 45778 196487 60406 53924 30656 135759
is_linear=0
shrinkage=0.05


Tree=56
num_leaves=31
num_cat=0
split_feature=15 0 9 20 21 12 14 11 1 22 14 11 11 14 23 23 12 23 12 21 14 4 12 23 5 23 22 12 23 11
split_gain=1464.75 823.566 404.223 371.039 337.567 383.491 506.537 345.241 293.91 253.645 236.09 407.615 299.915 211.901 208.671 207.831 324.455 222.631 202.95 196.718 196.58 337.114 208.371 222.421 205.656 193.121 201.18 190.708 188.349 192.218
threshold=13.245591163635256 3.4395794868469243 1.0000000180025095e-35 -17.53835296630859 -0.19011549499999997 4.3544891640866874 254.50000000000003 19.651336420823366 19.233471795916561 1.0095930500000001 218.50000000000003 105.05147439454778 32.768276243663799 240.50000000000003 0.64358318000000014 0.64900642500000016 4.5681114551083608 0.87074590000000007 1.1377708978328176 -0.22928500499999996 218.50000000000003 102.75194662064315 6.4102167182662546 0.79899701500000009 12.500000000000002 0.71315962000000011 0.45747834000000004 2.2461300309597529 0.88653594000000002 58.414153906490789
decision_type=2 2 2 2 2 2 2 2 2 2 2 2 2 2 2 2 2 2 2 2 2 2 2 2 2 2 2 2 2 2
left_child=1 3 8 -1 5 9 15 14 -3 10 11 25 -12 -2 -6 16 -7 -17 -14 -18 24 -22 -23 -24 -9 -5 -27 -4 -19 -30
right_child=13 2 27 4 7 6 -8 20 -10 -11 12 -13 18 -15 -16 17 19 28 -20 -21 21 22 23 -25 -26 26 -28 -29 29 -31
leaf_value=-0.013086152783189673 0.045670137212612642 0.0042279122550174277 0.012569763133882509 -0.011380647503037543 0.023935127321151925 -0.093470781265749869 0.019816666584516286 -0.0037232969352056647 0.036407203203725272 0.036487304852431013 -0.004336507834300095 -0.063387705846589357 -0.0086484696364470936 0.0085390530536990656 0.0016695770052856545 0.0092161547862532091 -0.019083463387575168 -0.047544828766887898 0.023151059227936963 0.030937291606020878 -0.014622461628613866 -0.00029279045254546873 -0.095471963343802979 -0.014406326692157008 0.01734969606424985 0.0092538763780674257 -0.015945545739352342 0.0010312085280319875 -0.0070739338036989096 0.0090895755642965946
leaf_weight=7694.8376507982612 1958.9572094008327 1081.6696686279029 5948.8443808443844 1925.1931040175259 1446.1884736455977 136.14815975353122 2301.9015458356589 23642.953375101089 2063.3719632513821 716.26963671669364 1778.9754495546222 237.52714387513697 565.11100351624191 478.5839118026197 3856.987623501569 3060.8583487104625 2023.1261882316321 261.31353901140392 4441.8107197638601 216.79291456192732 12330.62042985484 8767.4554248005152 113.59562193974853 325.23359955660999 1216.4166743140668 6803.5007293578237 895.45156343467534 8995.0459893457592 13148.266310811043 2137.6016620043665
leaf_count=33842 79450 14118 40617 10206 8802 662 16494 108638 68105 3987 12103 1195 5006 11315 22651 15651 10150 1285 32739 1030 57273 55336 781 1735 9370 40057 4591 57386 69571 10268
internal_value=2.88671e-05 -0.000762914 0.00905478 -0.00253812 -0.00165909 0.00175004 -0.0024436 -0.00433958 0.0253447 0.00737379 0.00611905 0.00117946 0.0132963 0.0383864 0.00774481 -0.00488632 -0.0188084 -0.00310769 0.019561 -0.0142305 -0.00572098 -0.00921754 -0.00197754 -0.0355604 -0.0026915 0.00277942 0.00632129 0.005625 -0.00553439 -0.00481315
internal_weight=120571 118133 18088.9 100044 92349.3 40649.8 23286 51699.5 3145.04 17363.8 16647.6 9861.67 6785.9 2437.54 5303.18 20984.1 2376.07 18608 5006.92 2239.92 46396.3 21536.9 9206.28 438.829 24859.4 9624.15 7698.95 14943.9 15547.2 15285.9
internal_count=804414 713649 180226 533423 499581 234995 125111 264586 82223 109884 105897 56049 49848 90765 31453 108617 11842 96775 37745 11180 233133 115125 57852 2516 118008 54854 44648 98003 81124 79839
is_linear=0
shrinkage=0.05


Tree=57
num_leaves=31
num_cat=0
split_feature=1 19 0 9 20 1 4 3 13 12 24 14 24 11 12 14 9 19 0 11 21 12 22 14 14 21 22 20 21 22
split_gain=1307.19 523.315 438.619 393.227 328.363 296.763 229.205 219.665 211.153 175.522 171.957 198.867 162.423 156.073 154.368 143.128 142.692 137.151 132.482 127.543 124.82 230.472 196.97 125.231 124.239 119.511 144.124 116.076 113.061 183.758
threshold=38.799999505281455 0.60294118523597728 1.2803452610969546 1.0000000180025095e-35 60.573593139648445 17.356195524334911 29.590154796838764 44.046547606587417 -21.577926650251211 2.1965944272445825 3.5000000000000004 225.50000000000003 2.5000000000000004 35.482507067406701 4.0650154798761617 259.50000000000006 1.0000000180025095e-35 0.13235294446349147 0.90567889809608471 103.36032366453911 1.0861206000000003 4.5356037151702795 1.3878511000000002 230.50000000000003 248.50000000000003 -0.58789157499999989 -1.3625972 -8.318016052246092 0.7559146550000001 -0.36822707999999993
decision_type=2 2 2 2 2 2 2 2 2 2 8 2 8 2 2 2 2 2 2 2 2 2 2 2 2 2 2 2 2 2
left_child=1 2 6 18 7 9 8 20 -1 -4 -11 19 13 -8 15 -6 -7 -10 -2 27 21 25 -23 -22 -13 26 -3 -12 -17 -30
right_child=3 4 5 -5 14 16 12 -9 17 10 11 24 -14 -15 -16 28 -18 -19 -20 -21 23 22 -24 -25 -26 -27 -28 -29 29 -31
leaf_value=-0.01198285423383768 0.0060203633280180172 -0.022269198833480247 0.012957273538966883 0.01042688267440349 0.0045070611654146218 0.032754746568824773 0.0004055694938034719 -0.015518537812393776 0.042505325540123616 0.012999401363072311 -0.015820406100610498 -0.020468595279993493 -0.00021337691886101734 0.015660833105795937 0.010476924359101383 -0.002914136451369443 0.013079569492444862 -0.00072585661203722709 0.045528318197082286 -0.038736483164262606 -0.02176914977293784 -0.0074714496006943985 -0.029897356448712553 0.01455478973378403 -0.001697974223537752 -0.0031327421632904896 0.010004673166569387 0.0080448743579220449 0.025216256024465103 -0.037624217998446258
leaf_weight=7383.3418970294297 236.73490885086358 379.58911598101258 4883.0795532558113 1824.5960175748914 2835.1438067704439 1436.2086073420942 3224.705800620839 6720.6156509350985 188.4215391818434 2614.353616444394 567.27599237114191 1719.1537180449814 32063.753556178883 3491.4813097286969 4104.4884887784719 1163.7501581758261 2575.3647818956524 5829.9087090305984 2073.6163279898465 166.30324157699943 1843.5795015692711 10953.531768959016 1074.4507694840431 271.60434558987617 1808.6056492216885 9142.8305506333709 3802.1861884724349 4930.9620503243059 139.13562804460526 690.40957680158317
leaf_count=32663 4211 1926 34856 15012 17059 43688 24035 36001 3465 20837 2460 10917 177198 25799 24292 7934 25011 28462 96924 929 8065 48293 4718 1161 12475 40811 18563 31091 768 3725
internal_value=0.000164383 -0.000820405 0.00176273 0.0277857 -0.00518632 0.00792084 -0.000680398 -0.00741655 -0.00631713 0.00498519 0.00168722 -0.0015311 0.00126767 0.00833733 0.00334917 -0.00271079 0.02013 0.000634459 0.0414844 0.00427248 -0.00543372 -0.00445974 -0.00947706 -0.0171002 -0.0108485 6.97121e-05 0.00707048 0.00558017 -0.0129742 -0.0270666
internal_weight=120139 116004 72882.9 4134.95 43121.3 20701.3 52181.6 34188.4 13401.7 16689.7 11806.7 9192.3 38779.9 6716.19 8932.93 4828.44 4011.57 6018.33 2310.35 5664.54 27467.8 25352.6 12028 2115.18 3527.76 13324.6 4181.78 5498.24 1993.3 829.545
internal_count=803349 687202 473886 116147 213316 182264 291622 159538 64590 113565 78709 57872 227032 49834 53778 29486 68699 31927 101135 34480 123537 114311 53011 9226 23392 61300 20489 33551 12427 4493
is_linear=0
shrinkage=0.05


Tree=58
num_leaves=31
num_cat=0
split_feature=15 1 5 20 24 14 19 14 11 4 24 12 11 14 14 11 14 16 14 11 19 14 12 12 14 12 11 12 12 24
split_gain=1326.02 558.224 380.315 368.677 294.614 209.336 197.199 235.82 223.448 190.915 203.138 214.162 296.182 261.369 298.719 198.28 261.41 325.238 310.456 297.14 456.758 348.367 390.755 328.215 250.596 314.354 278.757 269.543 221.483 209.591
threshold=15.478336334228517 24.102101594209675 10.500000000000002 -9.5233306884765607 2.5000000000000004 162.50000000000003 0.48529411852359777 238.50000000000003 35.482507067406701 29.590154796838764 4.5000000000000009 1.6640866873065019 89.691619807248813 200.50000000000003 180.50000000000003 15.017229010400021 236.50000000000003 0.66176471114158641 252.50000000000003 44.867967678055223 0.22058823704719546 240.50000000000003 3.5650154798761613 4.4256965944272446 265.50000000000006 2.8746130030959756 40.385965296750662 4.8622291021671833 8.866873065015481 2.5000000000000004
decision_type=2 2 2 2 8 2 2 2 2 2 10 2 2 2 2 2 2 2 2 2 2 2 2 2 2 2 2 2 2 10
left_child=1 3 -3 -1 6 -6 -5 8 -8 -7 11 13 15 14 -11 -13 17 -17 19 20 -18 23 -23 -21 26 -26 27 -20 -29 -28
right_child=-2 2 -4 4 5 9 7 -9 -10 10 -12 12 -14 -15 -16 16 18 -19 24 21 -22 22 -24 -25 25 -27 29 28 -30 -31
leaf_value=-0.0083346572590700732 0.041248294402453631 0.0058472911909675934 0.03150854431596968 0.014041718372568183 0.019970569223393245 -0.0070019893076128138 -0.009685931028353266 0.020315766902648129 0.0054283319709854394 -0.0064706085488009926 -0.0047724295779022581 0.015456246612772435 -0.015887564850394012 0.0056841734746812134 0.054598292016589105 0.015233036891929261 -0.065617590271889348 0.00017958923946868912 -0.011134744757448932 -0.093476792082542351 0.0021371491057731273 -0.0030724662819621388 -0.055682496841888952 -0.0020782751054328188 -0.03862907786322313 -8.1757932691873248e-05 0.043215712533219666 0.022408264365106151 -0.10646128984741797 0.0031173389654800491
leaf_weight=16239.633064504713 1932.0693001225591 5167.3622808177024 2003.1072484571487 5078.504537537694 1119.976417183876 14311.864383552223 4022.1458485163748 1567.8559295795858 6234.371286150068 295.36091009713709 19874.472066760063 2286.0704345777631 2725.9484440870583 4670.5444702059031 619.54412414878607 4706.3594004362822 274.3757964912802 15091.487898603082 1998.1376676764339 335.62590785697103 2571.1665733233094 1212.2551081106067 496.98517146892846 138.75944937765598 747.35375347733498 1803.5665965098888 813.3108341358602 1175.186853999272 33.336149908602238 543.58523659408092
leaf_count=72292 81091 57491 57444 47529 9623 64074 20141 12235 34166 1770 106384 15178 13758 30851 3676 33149 2226 71985 12171 1762 14021 6789 2526 659 4503 10740 5256 7230 185 3093
internal_value=0.000171381 -0.000500634 0.0130193 -0.00137421 -0.000181129 -0.00148034 0.00580206 0.00226228 -0.00049917 -0.00179372 -0.000599333 0.00135043 -2.8945e-05 0.0104748 0.0348977 0.00123449 0.000216182 0.00375869 -0.00555903 -0.0150664 -0.00441672 -0.0289358 -0.0183932 -0.066803 0.0011628 -0.0113858 0.00817815 0.000137467 0.0187684 0.0271661
internal_weight=120090 118158 7170.47 110988 94748.2 77845.3 16902.9 11824.4 10256.5 76725.3 62413.4 42539 36953.5 5585.45 914.905 34227.6 31941.5 19797.8 12143.6 5029.17 2845.54 2183.63 1709.24 474.385 7114.48 2550.92 4563.56 3206.66 1208.52 1356.9
internal_count=803998 722907 114935 607972 535680 421609 114071 66542 54307 411986 347912 241528 205231 36297 5446 191473 176295 105134 71161 27983 16247 11736 9315 2421 43178 15243 27935 19586 7415 8349
is_linear=0
shrinkage=0.05


Tree=59
num_leaves=31
num_cat=0
split_feature=16 0 18 10 21 20 12 12 21 20 17 20 20 25 20 21 18 17 25 24 18 20 5 18 20 25 17 18 24 9
split_gain=1242.64 662.102 391.348 340.586 239.552 164.909 159.799 215.472 311.859 244.991 219.945 194.874 292.748 225.52 164.924 183.002 157.694 141.023 160.119 139.518 137.068 234.467 134.075 133.223 132.655 255.536 257.307 131.694 126.789 126.007
threshold=0.27941177785396581 4.2473878860473642 185.6957702636719 29.410181543231015 0.91939226000000007 -20.127014160156246 10.439628482972138 5.3777089783281742 -0.43871623499999995 3.4155578613281254 179.38796234130862 89.952728271484389 52.868820190429695 25.290988522768025 40.393394470214851 -0.72949796999999983 178.38541412353518 217.55000305175784 22.338983133435253 1.5000000000000002 164.17825317382815 47.609481811523445 2.5000000000000004 169.5933532714844 91.693748474121108 22.061906616389756 175.45454406738284 162.29412078857425 7.5000000000000009 25.500000000000004
decision_type=2 2 2 10 2 2 2 2 2 2 2 2 2 2 2 2 2 2 2 8 2 2 2 2 2 2 2 2 10 2
left_child=-1 2 4 16 6 -4 7 8 9 19 11 12 13 -9 15 -8 -3 18 -7 -2 21 -10 -11 -21 -24 -26 -27 -14 -12 -25
right_child=1 3 5 -5 -6 17 14 10 20 22 28 -13 27 -15 -16 -17 -18 -19 -20 23 -22 -23 24 29 25 26 -28 -29 -30 -31
leaf_value=0.039883151504291899 0.010168967989274089 0.01088009392491281 -0.020607416326380804 0.031382302986821757 -0.0067982110775195274 -0.014948924241092378 0.01219669857206781 -0.014384261351895428 0.037188844494714317 -0.0070008297243011833 0.00038230647840251271 0.0067395767983859517 -0.063488556101684232 0.019668580837242471 0.027711073837779345 -0.029488922105830054 -0.00020564195341169039 -0.021129865008092122 -0.0018861326096208408 0.013714063832002743 -0.0019843265571149364 -8.5082243235271615e-05 0.015546285755333032 -0.010965190686105408 0.037231918917382811 0.0077582462661507888 -0.058224126567188186 -0.026934842005439243 -0.014086007649052497 0.028665487824286452
leaf_weight=1934.0287175662816 2265.4863588735461 8497.4654035065323 2566.2582355439663 1555.5992563273758 13158.816921813414 3109.5197263732553 1040.4849059041589 2369.3117382787168 616.72713094390929 845.19334491156042 15301.047688001767 1081.97239632532 300.29254721291363 610.74587634392083 1077.3107981327921 351.35990229249001 5153.0233814697713 1537.45820719935 9544.8585824500769 791.71327723562717 27952.355363983661 1330.8652138635516 8898.4230979904532 3649.9155192710459 248.51347066089511 315.79263771884143 276.32953754253685 1377.1858590785414 1679.5134478248656 211.28728657960892
leaf_count=83030 11484 84734 11939 46561 68016 14652 5262 13336 7121 4052 74100 8132 2493 4783 8283 1599 33359 7073 46175 6015 144233 11153 64551 16190 1972 3169 2186 8158 8410 913
internal_value=0.0001404 -0.000512898 -0.00195718 0.00922293 -0.000591411 -0.00894533 0.000533783 9.34873e-05 0.00201232 0.0073128 -0.00390984 -0.0123707 -0.0168106 -0.00740107 0.0130328 0.00165989 0.00669555 -0.00683522 -0.00509694 -4.12153e-06 -0.00109058 0.0117312 0.0120951 -0.00495848 0.0137528 -0.0052275 -0.0230804 -0.0335124 -0.00104947 -0.00878972
internal_weight=119649 117715 102509 15206.1 85750.6 16758.1 72591.8 70122.7 47402.6 17502.7 22720.1 5739.51 4657.54 2980.06 2469.16 1391.84 13650.5 14191.8 12654.4 6918.4 29899.9 1947.59 10584.3 4652.92 9739.06 840.636 592.122 1677.48 16980.6 3861.2
internal_count=803134 720104 555450 164654 475611 79839 407595 392451 273039 110532 119412 36902 28770 18119 15144 6861 118093 67900 60827 34602 162507 18274 75930 23118 71878 7327 5355 10651 82510 17103
is_linear=0
shrinkage=0.05


Tree=60
num_leaves=31
num_cat=0
split_feature=1 18 18 12 18 25 14 21 21 14 12 14 18 13 22 21 25 21 14 22 21 4 4 22 21 22 23 14 25 19
split_gain=1057.62 515.005 476.581 318.735 266.744 254.5 510.821 274.249 244.447 236.055 228.606 201.072 267.497 265.978 213.146 209.338 186.433 173.565 237.976 206.222 181.802 164.642 164.108 163.371 177.752 159.477 186.436 183.288 153.36 152.187
threshold=35.721507787704475 182.33635711669925 164.45683288574222 2.1965944272445825 163.92513275146487 23.482144188880927 248.50000000000003 -0.094839982699999978 -0.044221688049999992 182.50000000000003 4.8622291021671833 217.50000000000003 169.10294342041018 -86.071898981859604 2.1169150000000005 0.3317518550000001 23.44985077902675 1.1315167500000001 254.50000000000003 -0.71799501499999996 0.26034356500000005 28.990504510700706 160.19815167784694 -1.7176085499999998 -0.44844999999999996 0.84008500000000008 1.7358680000000002 194.50000000000003 21.042334142327313 0.54411765933036815
decision_type=2 2 2 2 2 2 2 2 2 2 2 2 2 2 2 2 2 2 2 2 2 2 2 2 2 2 2 2 2 2
left_child=1 3 -2 4 -1 6 11 -8 -7 -3 17 13 22 -5 16 28 21 19 -19 20 -9 -15 -13 -6 -25 -26 27 -27 -14 -23
right_child=2 9 -4 5 23 8 7 10 -10 -11 -12 12 15 14 -16 -17 -18 18 -20 -21 -22 29 -24 24 25 26 -28 -29 -30 -31
leaf_value=0.025760534492967304 0.048434676682404275 -0.013361518122413705 0.012951792780600144 -0.035365547346315862 -0.022041719370374559 0.0072407340253366247 0.024077608666166171 -0.093608000541295866 -0.0018272122703617225 -0.0037065807316922685 0.015712621473503562 -0.034071350172851587 -0.011578721273379139 -0.0079248326900415809 -0.0414392191672424 -0.020804986951179681 -0.022505421728553358 0.023716994365999316 -0.043142501342950224 0.010078408101791511 -0.012607296845156336 0.007606646584156905 -0.0011009866635570808 0.01451321318872326 0.0045553192015669692 -0.0027501440283130281 0.0167277898890828 -0.052265258989426688 0.0074300331717542375 -0.00302789346276834
leaf_weight=1714.9384758882225 1371.1818998493254 8805.5438678264618 3052.9165298230946 634.02446320094168 537.92657919973135 15553.064746351913 2128.6654376126826 88.093079281970859 14232.049722781405 22523.248918000609 1817.3887199629098 1813.0087964273989 1915.9393798764795 5590.6314420178533 344.61064982227981 1951.6400439590216 1033.8051097355783 172.32610075362027 575.52323102205992 1387.4743903502822 313.27460405230522 6719.2140812911093 476.65868657827377 4371.6628997512162 10180.527231566608 349.06011191941798 310.77204742841423 401.58510959334671 2375.5720263328403 6735.7757106889039
leaf_count=25681 77223 39509 48602 2723 3686 112549 15129 503 87273 114178 10862 10693 11170 24447 1555 8994 4538 917 2780 7697 1799 42178 4214 30797 63713 1727 1835 2224 13273 31339
internal_value=-2.95025e-05 -0.000952065 0.0239576 0.00109424 0.00701708 -0.000512612 -0.00333688 0.009374 0.00290793 -0.00642062 0.00218168 -0.00612179 -0.0125962 -0.00349784 -0.00250689 -0.00723274 -0.00183668 -0.0075148 -0.027725 0.00094513 -0.030574 -0.000713654 -0.0272111 0.00502546 0.00595934 0.002632 -0.0158023 -0.0292744 -0.00105712 0.002283
internal_weight=119478 115054 4424.1 83725.2 17866.5 65858.7 36073.6 6482.75 29785.1 31328.8 4354.08 29590.9 8532.82 21058.1 20424 6243.15 20079.4 2536.69 747.849 1788.84 401.368 19045.6 2289.67 16151.5 15613.6 11241.9 1061.42 750.645 4291.51 13455
internal_count=803808 677983 125825 524296 129663 394633 194811 39687 199822 153687 24558 155124 48344 106780 104057 33437 102502 13696 3697 9999 2302 97964 14907 103982 100296 69499 5786 3951 24443 73517
is_linear=0
shrinkage=0.05


Tree=61
num_leaves=31
num_cat=0
split_feature=16 0 7 17 12 12 14 11 18 5 19 9 19 14 11 12 14 14 14 14 12 17 14 24 11 14 11 14 12 19
split_gain=1110.45 586.387 487.72 249.303 208.907 183.601 360.129 219.727 182.797 173.556 169.169 168.788 304.284 175.053 143.092 130.735 156.72 333.473 129.828 128.549 294.792 227.663 181.663 232.757 208.794 313.564 174.266 158.692 137.632 128.519
threshold=0.25000000745058065 1.2512428760528567 1.0000000180025095e-35 217.55000305175784 2.1965944272445825 11.018575851393191 192.50000000000003 18.435597973895888 176.26871490478518 3.5000000000000004 0.1911764740943909 8.5000000000000018 0.57352942228317272 264.50000000000006 49.474657544628514 5.0882352941176476 255.50000000000003 215.50000000000003 240.50000000000003 202.50000000000003 2.7631578947368425 179.44565582275393 175.50000000000003 2.5000000000000004 92.67470495860691 187.50000000000003 25.058431991205868 248.50000000000003 3.1006191950464399 0.39705882966518408
decision_type=2 2 2 2 2 2 2 2 2 2 2 2 2 2 2 2 2 2 2 2 2 2 2 10 2 2 2 2 2 2
left_child=-1 3 4 5 8 9 7 -7 -3 10 -2 12 13 15 -6 -11 17 -17 -14 20 -13 27 28 24 26 -26 -24 -21 -22 -4
right_child=1 2 29 -5 14 6 -8 -9 -10 11 -12 19 18 -15 -16 16 -18 -19 -20 21 22 -23 23 -25 25 -27 -28 -29 -30 -31
leaf_value=0.041714592761319606 0.026872881802433465 0.016170737212665678 0.0321385051741069 -0.021408751508042015 0.003112402613614576 -0.041350245095899178 0.026451118637465649 0.014189473858773333 0.0021046466435188879 0.005858761321983587 -0.0061838893094347371 0.013858446928036679 -0.016525258076588792 -0.017101468937697227 -0.0063040393320577988 0.0049786587048541546 0.023164648659512874 -0.034040710595749306 -0.0031574748442572209 -0.014541016913287023 -0.029366938808289552 0.0063157994053931136 -0.022111471607713123 -0.021285171318338823 0.034052086201518943 -0.079792434981730484 0.0029052009003551183 0.0037021002405284763 0.010177639038798179 0.014205328893765657
leaf_weight=1586.7863007057458 391.58928075805306 4621.0665898546576 1671.9383631199598 1709.7396551333368 11767.62184637785 400.68744895979762 1460.2825452275574 319.19522558525205 4617.5549066737294 7967.3764497693628 27460.852639812976 2210.9774236902595 5353.2182804234326 1249.0349520388991 6137.9209630768746 1253.3370543699712 366.95908131636679 971.10323664732277 2749.6248442642391 2554.6208012737334 244.7819377630949 16925.915242038667 832.80692316964269 2845.330639321357 86.270177319645882 197.73855082690716 4215.2617330029607 2233.5644659250975 2101.3742663543671 2488.0580573212355
leaf_count=76064 5702 35806 55764 7909 74701 1890 10124 1479 24826 54340 123124 10536 26859 8952 32605 8144 2751 6550 16827 15168 1100 89412 3983 12573 377 831 20171 14553 9474 49331
internal_value=0.000180286 -0.000381417 0.00547881 -0.00251207 0.00303521 -0.00212898 0.0121889 -0.0167385 0.00914135 -0.00250882 -0.00571818 -0.000864348 -0.00452901 0.000591495 -0.000115673 0.00268588 -0.00706779 -0.0120633 -0.01199 0.00125383 -0.00273443 0.00359281 -0.00622154 -0.00974008 -0.00357649 -0.045213 -0.0012255 -0.00603208 0.00604107 0.0214188
internal_weight=118993 117406 31304.2 86101.6 27144.2 84391.9 2180.17 719.883 9238.62 82211.7 27852.4 54359.3 19910.7 11807.8 17905.5 10558.8 2591.4 2224.44 8102.84 34448.6 12734.5 21714.1 10523.6 8177.41 5332.08 284.009 5048.07 4788.19 2346.16 4160
internal_count=801926 725862 273033 452829 167938 444920 13493 3369 60632 431427 128826 302601 124423 80737 107306 71785 17445 14694 43686 178178 59045 119133 48509 37935 25362 1208 24154 29721 10574 105095
is_linear=0
shrinkage=0.05


Tree=62
num_leaves=31
num_cat=0
split_feature=15 0 9 18 12 14 11 19 9 14 18 11 4 24 18 12 2 14 11 14 12 11 12 20 12 4 14 20 14 12
split_gain=1067.58 533.131 322.371 302.778 175.88 296.775 167.279 157.318 209.633 196.089 188.835 178.564 161.936 144.626 140.319 126.315 136.385 124.559 114.599 113.506 116.977 112.057 110.902 119.865 109.692 103.028 112.183 101.194 200.546 239.943
threshold=15.478336334228517 4.3276679515838632 1.0000000180025095e-35 189.99815368652347 11.018575851393191 191.50000000000003 18.435597973895888 0.57352942228317272 59.500000000000007 222.50000000000003 164.89794921875003 75.951033719080073 136.11850598454478 2.5000000000000004 169.79144287109378 0.81578947368421062 30.875260367989544 178.50000000000003 35.482507067406701 240.50000000000003 8.7647058823529438 61.285361430489523 2.0820433436532513 -15.328430175781248 5.7538699690402479 20.972219301387671 249.50000000000003 61.546920776367195 248.50000000000003 5.1625386996904039
decision_type=2 2 2 2 2 2 2 2 2 2 2 2 2 8 2 2 2 2 2 2 2 2 2 2 2 2 2 2 2 2
left_child=1 3 14 4 7 6 -6 8 13 12 -10 -11 15 18 -3 -9 21 -5 -1 -2 -21 -17 -4 -24 -14 26 -12 -15 29 -29
right_child=19 2 22 17 5 -7 -8 9 10 11 25 -13 24 27 -16 16 -18 -19 -20 20 -22 -23 23 -25 -26 -27 -28 28 -30 -31
leaf_value=0.0012835313713146406 0.045371452720661468 0.037785614697360061 0.01105452425489876 -0.026365356740863023 -0.036706088392930873 0.024329436808804252 0.016164085716974436 0.016233614573500723 -0.072771482550563357 0.0025059869814481311 -0.040977785310991034 -0.016076132793164395 -0.015723537717347826 0.0017506302168989558 0.014198037826633354 -0.0066222240064720819 -0.016878212197458525 -0.0089326501885335051 0.012993942520779699 0.025314581424992783 -0.058830677886158991 0.00088480799878165074 -0.022496355578636756 0.0028836884131908337 -0.052295473967194639 -0.0041840747426441375 0.0050598148770898549 -0.0034165912443331666 0.00062416327719673937 -0.028163898995242083
leaf_weight=4149.4136813767254 1399.0925046065822 1110.7126713041216 4604.2762384433299 1323.1064441539347 385.60276301391423 1580.2549769543111 243.30680546723306 676.90809431113303 126.72384299710393 14499.301128249615 453.21045728027821 1418.3934960346669 1595.6029698513448 25479.653904872015 1461.3662321269512 17543.57637797296 2445.0065250992775 4540.8536351658404 4207.2325479220599 238.2427529245615 48.945438027381897 6935.9892715960741 496.60250470787287 7145.3652721568942 234.64979218319058 1778.6241144761443 186.43761947005987 2615.1680577555671 8750.5472378274426 1565.3004130851477
leaf_count=29149 72488 44057 33523 6285 1836 10929 1203 3204 622 80824 1971 7781 8285 137858 35809 76057 12379 21472 33424 7426 770 30158 2136 48863 1049 8777 928 17472 58154 8946
internal_value=7.30027e-06 -0.000559502 0.0083062 -0.00183835 -0.00117044 0.0127725 -0.016259 -0.00149596 0.000458739 -0.00362144 -0.0135133 0.000849266 -0.0060393 0.00121935 0.0243947 -0.0050838 -0.00562032 -0.0128699 0.0071801 0.0394968 0.0108193 -0.00449525 0.00492542 0.00123167 -0.0204383 -0.0103792 -0.0275723 -7.76302e-05 -0.00367995 -0.0126873
internal_weight=119239 117553 14818.3 102735 96870.9 2209.16 628.91 94661.7 49312.3 45349.4 2545 15917.7 29431.7 46767.3 2572.08 27601.5 26924.6 5863.96 8356.65 1686.28 287.188 24479.6 12246.2 7641.97 1830.25 2418.27 639.648 38410.7 12931 4180.47
internal_count=803835 723151 164388 558763 531006 13968 3039 517038 297301 219737 12298 88605 131132 285003 79866 121798 118594 27757 62573 80684 8196 106215 84522 50999 9334 11676 2899 222430 84572 26418
is_linear=0
shrinkage=0.05


Tree=63
num_leaves=31
num_cat=0
split_feature=17 0 7 17 21 22 11 24 12 23 11 21 22 22 22 12 10 21 11 12 21 12 12 21 23 22 3 11 21 22
split_gain=856.593 520.696 305.299 275.188 239.836 242.684 241.329 233.406 237.946 219.992 283.736 281.548 218.806 212.404 206.612 196.116 180.187 168.64 166.658 431.06 310.99 302.444 263.89 187.618 169.966 165.997 160.649 176.794 186.332 158.554
threshold=157.66176605224612 5.5370237827301034 1.0000000180025095e-35 213.25555419921878 0.91939226000000007 0.30705543000000007 41.550116399274252 3.5000000000000004 3.0510835913312699 0.64900642500000016 20.325362273898474 -0.40757006499999998 2.1169150000000005 -0.29544110999999995 -0.60950839499999987 3.8065015479876165 3.0515461921691895 0.13841605500000004 57.337247666997996 2.1687306501547994 1.8306496500000002 4.2554179566563475 2.0386996904024772 1.3891004000000002 1.3903600500000002 -0.41059787499999995 32.053785145282752 32.347828984606572 0.57696247500000009 1.5224150000000003
decision_type=2 2 2 2 2 2 2 8 2 2 2 2 2 2 2 2 8 2 2 2 2 2 2 2 2 2 2 2 2 2
left_child=16 3 -3 4 9 6 15 -8 -9 10 11 -2 -11 -13 17 -6 -1 -12 19 -7 22 -21 24 -23 -20 -10 -16 -28 -29 -26
right_child=1 2 -4 -5 5 18 7 8 25 12 14 13 -14 -15 26 -17 -18 -19 20 21 -22 23 -24 -25 29 -27 27 28 -30 -31
leaf_value=0.017746651326708242 -0.043807593192133037 0.0054943335464174431 0.025710499623960312 -0.017039417214350584 -0.0035548161541336196 0.026790701344209741 -0.057820363680764653 0.0020752071375060225 -0.040070434030257646 0.0016471196477714771 -0.071504692722470717 -0.007697091429690904 -0.023100089969655718 0.024873200479229758 -0.010187961701326085 0.019046599870688168 0.048133168307563867 0.023337786868157934 0.011715984870583977 -0.044948405552571707 -0.047601394352343437 -0.022629072360782113 0.013888986417983223 0.015226132096180482 -0.053165626743418994 -0.0097520134538729708 -0.015219757369893162 0.0044616915593301233 -0.048230973824859802 0.031335197394223316
leaf_weight=980.98250560089946 216.53209044784307 9630.136236904189 2316.0972024025396 2808.1920105293393 1899.1666785227135 414.2922799307853 228.41118348669261 3268.4580704988912 668.96930658165365 64125.87840718776 207.66348598711193 700.7472239267081 904.81525228265673 1747.7846245896071 10399.979783557355 1938.9444034714252 973.20093441940844 59.913767414167523 227.53859554231167 1395.5730129051954 361.52219651453197 1487.7230061721057 1529.1467374693602 418.7934333467856 389.20672403462231 1387.2408560663462 1675.2798962472007 6186.4888604516163 171.45410457625985 64.042922157794237
leaf_count=15972 1244 68752 83951 13208 9514 2349 1201 18382 3263 363631 1121 3950 4480 10023 48255 9917 55906 306 1506 6595 1858 7572 7353 2249 2307 6629 10486 39792 956 353
internal_value=7.47038e-05 -0.000474571 0.0094156 -0.00160114 -0.00117625 -0.00686529 -0.00177481 -0.00843775 -0.00630894 -0.000143754 -0.00454537 0.010715 0.00130245 0.0155525 -0.0067206 0.007865 0.0328963 -0.0502605 -0.0144667 -0.0212365 -0.00467812 -0.0272685 0.00236203 -0.01431 -0.0235115 -0.0196305 -0.00608588 -0.000774628 0.00303337 -0.0411832
internal_weight=118784 116830 11946.2 104884 102076 15679 9391.19 5553.08 5324.67 86396.5 21365.8 2665.06 65030.7 2448.53 18700.8 3838.11 1954.18 267.577 6287.84 3716.38 2571.46 3302.09 2209.93 1906.52 680.788 2056.21 18433.2 8033.22 6357.94 453.25
internal_count=803081 731203 152703 578500 565292 81048 48906 29475 28274 484244 116133 15217 368111 13973 100916 19431 71878 1427 32142 18765 13377 16416 11519 9821 4166 9892 99489 51234 40748 2660
is_linear=0
shrinkage=0.05


Tree=64
num_leaves=31
num_cat=0
split_feature=16 1 18 12 14 18 21 12 14 14 23 14 22 12 11 12 22 11 14 7 14 11 14 23 12 11 22 5 21 18
split_gain=936.714 443.857 352.692 270.708 232.01 217.144 190.363 300.927 267.55 215.482 254.874 395.083 373.93 260.671 240.965 217.735 269.846 211.269 188.138 177.237 175.564 167.896 245.403 162.369 184.092 183.113 179.743 166.867 161.107 157.455
threshold=0.25000000745058065 38.799999505281455 182.33635711669925 2.1965944272445825 171.50000000000003 167.89705657958987 1.1001508500000001 5.1904024767801866 256.50000000000006 254.50000000000003 0.64900642500000016 237.50000000000003 0.33798368000000006 6.7879256965944288 53.401806228566379 4.9705882352941186 1.5679100000000001 14.008156353618409 250.50000000000003 1.0000000180025095e-35 249.50000000000003 103.36032366453911 220.50000000000003 1.1257050000000002 2.2244582043343657 69.240060989413394 -1.0464816999999997 9.5000000000000018 1.1604920000000003 169.10294342041018
decision_type=2 2 2 2 2 2 2 2 2 2 2 2 2 2 2 2 2 2 2 2 2 2 2 2 2 2 2 2 2 2
left_child=-1 2 3 5 -4 -2 9 8 18 10 11 21 13 14 29 23 20 -11 28 -3 -17 -5 -23 24 25 -12 -26 -25 -8 -13
right_child=1 19 4 6 -6 -7 7 -9 -10 17 15 12 -14 -15 -16 16 -18 -19 -20 -21 -22 22 -24 27 26 -27 -28 -29 -30 -31
leaf_value=0.040195308206142435 0.016920107244318718 0.0084280478712315532 -0.01477522283844564 -0.0021010153725153371 -0.0034901077467835474 0.0033609807771066537 -0.0344992947852686 0.013483898962849728 -0.036602360395668561 0.021655088621744797 0.0034739837091048013 -0.044410734404302821 0.023519190476501483 -0.077773940866799784 -0.07366637742958014 -0.002242176216235786 -0.022418276845067728 0.0031128430314405972 0.027027990753147157 0.033348339214260093 0.023737453682166128 -0.067235651630510707 0.021013812847505954 0.0053742398412429193 -0.05713736477001348 -0.1013895540975307 0.0013765869358724082 0.020661327012105345 -0.0070310081704401343 -0.0033725986562185722
leaf_weight=1432.4576256200671 3739.5572444209829 1734.4576883856207 5527.1124574840069 8551.5371898300946 25864.624175386503 14023.087259585038 638.50253690592945 1221.2695160340518 1051.8636146150529 2016.6500691268593 78.050194757059216 354.93819820228964 289.82340521924198 328.76287382189184 232.99012157507241 16855.056518066674 1644.2657668730244 6439.9499930040911 342.84656183887273 1212.241540428251 675.39131885580719 231.55651130340993 118.54000280983746 8557.3703365139663 132.12048439867795 88.05925932712853 9299.2271410562098 2255.0633637942374 3235.5340326242149 681.31531991064548
leaf_count=76046 40647 14549 25314 45645 129770 88342 3361 6686 5763 15804 507 2399 1697 1911 1217 91776 8004 44022 2056 49619 4463 1191 720 46847 817 467 53586 20810 16507 3733
internal_value=2.11889e-05 -0.000469243 -0.000962524 0.000743425 -0.00547747 0.00621637 -0.000744904 -0.00887093 -0.0140542 0.000151669 -0.00108822 -0.00790012 -0.0286701 -0.0381442 -0.027826 0.000768635 -0.00305712 0.00753666 -0.00842247 0.0186878 -0.00123997 -0.00349257 -0.0373803 0.00436284 -0.000370751 -0.0523912 0.000550915 0.00856416 -0.011566 -0.0174583
internal_weight=118854 117422 114475 83083.3 31391.7 17762.6 65320.7 6490.02 5268.75 58830.7 50374.1 10789.5 1887.83 1598.01 1269.24 39584.6 19174.7 8456.6 4216.88 2946.7 17530.4 8901.63 350.097 20409.9 9597.46 166.109 9431.35 10812.4 3874.04 1036.25
internal_count=804276 728230 664062 508978 155084 128989 379989 34373 27687 345616 285790 58513 10957 9260 7349 227277 104243 59826 21924 64168 96239 47556 1911 123034 55377 974 54403 67657 19868 6132
is_linear=0
shrinkage=0.05


Tree=65
num_leaves=31
num_cat=0
split_feature=15 0 18 5 21 14 18 19 14 12 23 25 12 14 14 14 4 12 18 12 1 25 18 12 21 23 12 12 2 23
split_gain=893.885 406.464 276.122 234.867 189.492 251.694 284.687 242.921 206.735 244.939 180.684 173.84 232.65 255.58 171.358 194.396 215.463 217.871 176.332 175.429 170.073 168.342 253.501 157.865 161.948 186.453 176.088 161.582 198.105 211.64
threshold=15.478336334228517 5.5370237827301034 185.39170837402347 10.500000000000002 1.0000000180025095e-35 219.50000000000003 169.52228546142581 0.25000000745058065 258.50000000000006 4.3854489164086692 1.2528702 22.602730011940007 5.7941176470588251 197.50000000000003 197.50000000000003 188.50000000000003 97.461077295243754 3.1269349845201244 170.64705657958987 8.9767801857585159 22.478994846343998 24.332476454973225 164.17825317382815 4.8622291021671833 -0.56170388999999987 0.36691397000000009 3.8560371517027869 1.3421052631578949 24.802456915378574 0.57171410500000008
decision_type=2 2 2 2 2 2 2 2 2 2 2 2 2 2 2 2 2 2 2 2 2 2 2 2 2 2 2 2 2 2
left_child=1 2 4 -3 5 7 8 -1 9 -7 14 12 -12 -14 15 16 17 -9 -18 23 -5 -10 -23 24 -16 26 -26 -27 -29 -30
right_child=-2 3 -4 20 -6 6 -8 10 21 -11 11 -13 13 -15 19 -17 18 -19 -20 -21 -22 22 -24 -25 25 27 -28 28 29 -31
leaf_value=0.019414856528079179 0.038008725899422141 0.0044446235908138596 -0.0070773794152303327 0.011289823360425291 -0.0026462034687977621 0.0059576402833802569 0.011423887863284597 -0.013010968049226405 0.034855053263930513 -0.020015008416009394 0.0031354769140585076 0.0076102380962130463 -0.02668213296451899 0.021674777126010129 0.011152899909765158 0.011249063194978143 0.0062722950432301285 0.004684919403453198 -0.035920883740014127 0.023174193762961787 0.036423982018407151 0.020883971587219625 -0.036092079003162934 -0.026957954849537349 0.037033979792650357 0.036506362628724573 -0.04434658464686031 -0.022633125959470059 -0.13240407665724052 -0.029350536588155663
leaf_weight=1419.1579025732353 1535.3811609996483 8824.4713281691074 17597.204857276753 1750.642789427191 41798.736546795815 1578.852764301002 11252.355819554999 2861.6011975165457 557.94689183868468 2133.4100792249665 3782.2061780784279 7329.309587392956 1573.2218107692897 329.84136134013534 761.79187490977347 2151.6892906259745 337.78035282343626 4432.0478587504476 923.96959272399545 292.89469413645566 1093.8718210980296 515.43637452088296 312.87860477529466 1950.4559354167432 233.29756101593375 81.208122281357646 91.854421596974134 592.82824896648526 97.719384850934148 102.06669354997575
leaf_count=17357 81130 77002 84478 20155 221960 14485 74609 13453 4237 15079 20345 37146 7262 1765 4789 10972 2466 19922 4566 1430 43398 5167 2311 9565 1422 634 459 3011 660 718
internal_value=0.0001189 -0.000379665 -0.00136272 0.00847312 -0.000213296 0.00201213 0.00698316 -0.000757846 -0.00281775 -0.00897002 -0.00178366 0.0025212 -0.00403965 -0.0182939 -0.00554088 -0.0021817 -0.00556046 -0.00225874 -0.0246294 -0.0140935 0.0209647 0.013652 -0.000655106 -0.0168896 -0.00686547 -0.0183135 0.0139787 -0.0303318 -0.0372172 -0.0801645
internal_weight=118296 116761 105092 11669 87494.6 45695.8 16350.9 29344.9 5098.52 3712.26 27925.8 13014.6 5685.27 1903.06 14911.2 10707.1 8555.4 7293.65 1261.75 4204.12 2844.51 1386.26 828.315 3911.22 1960.77 1198.97 325.152 873.822 792.614 199.786
internal_count=801953 720823 580268 140555 495790 273830 115888 157942 41279 29564 140585 66518 29372 9027 74067 51379 40407 33375 7032 22688 63553 11715 7478 21258 11693 6904 1881 5023 4389 1378
is_linear=0
shrinkage=0.05


Tree=66
num_leaves=31
num_cat=0
split_feature=16 6 7 20 24 12 12 16 12 14 6 12 11 17 24 22 24 22 11 14 12 11 22 11 14 22 11 24 9 14
split_gain=833.653 385.785 330.192 233.205 182.534 151.935 150.652 149.496 152.195 182.106 148.448 138.717 135.806 130.593 128.473 159.096 121.407 111.091 129.013 110.389 344.81 264.756 326.334 310.324 193.725 284.05 308.363 186.786 182.469 174.497
threshold=0.25000000745058065 1.0000000180025095e-35 1.0000000180025095e-35 -17.53835296630859 1.5000000000000002 1.7941176470588238 1.8157894736842108 0.83823528885841381 11.018575851393191 192.50000000000003 23.500000000000004 5.7941176470588251 22.724912485540287 183.12916564941409 3.5000000000000004 -1.7176085499999998 2.5000000000000004 -1.1913062499999998 50.76485803746403 264.50000000000006 4.0650154798761617 53.090817768022937 0.65944034000000007 43.371500721841407 250.50000000000003 -0.34745000499999995 75.951033719080073 7.5000000000000009 12.500000000000002 253.50000000000003
decision_type=2 2 2 2 8 2 2 2 2 2 2 2 2 2 8 2 8 2 2 2 2 2 2 2 2 2 2 8 2 2
left_child=-1 2 6 4 11 -6 -2 8 10 12 16 17 -10 -4 15 -8 -5 -3 -19 24 21 23 -23 -21 -18 28 -27 -22 29 -26
right_child=1 3 13 7 5 -7 14 -9 9 -11 -12 -13 -14 -15 -16 -17 19 18 -20 20 27 22 -24 -25 25 26 -28 -29 -30 -31
leaf_value=0.039343336314913435 0.010182356904319812 -0.050618764487662574 0.030460476348056154 0.0048737473339777026 -0.0033205548486776163 -0.019570668109786998 -0.024813422756724213 -0.0051619471668582894 -0.028481175421455292 0.024146147964736867 -0.012967801854046848 -0.045625522860295406 0.025444927591706731 0.010408604965908673 -0.0026773743309852125 0.012420140184639272 -0.0015147004227945614 0.023842116507353406 -0.03819581429246123 -0.017679032303496652 -0.011617141742796612 0.030906294502174737 -0.068250461528772108 -0.062904675998840712 -0.023344950930976001 0.015952098492345572 -0.048650685613987645 0.016790334189059123 -0.021219686509737323 0.017630116335068047
leaf_weight=1333.9720028731972 5263.7861324679106 61.99113641679287 1606.5926111917943 10846.223408374004 2258.121914666146 3963.8328232616186 317.04338832944632 17631.101105319336 352.13029745221138 1311.3545274306089 2269.0323116704822 107.73093183338642 173.50327367149293 1643.897967884317 9848.2887915614992 2934.7572878617793 42715.471918954514 876.32562492787838 91.755108147859573 1711.7616470586509 943.23737301677465 426.47938699834049 101.98407810740173 486.81535246036947 361.02448273822665 5092.4927130695432 190.71277106180787 1493.8369676675647 1172.3187555670738 919.72769504413009
leaf_count=76234 37590 261 59407 76270 9702 18335 2048 81207 1723 9582 10040 487 883 37414 59879 21406 218523 3678 388 9922 5691 2778 579 2620 2349 31694 1314 9798 6224 6319
internal_value=5.47289e-05 -0.000392888 0.0056394 -0.00175737 -0.0103075 -0.0136745 0.00303887 -0.0010438 -1.48378e-05 0.0141845 -0.000394547 0.00810062 -0.0106665 0.0203258 0.000167966 0.00878344 3.48957e-05 0.0137584 0.0179288 -0.000908849 -0.00787074 -0.0200814 0.011678 -0.0277171 -0.000196106 0.0070837 0.0136113 0.00579534 -0.00697468 0.00607067
internal_weight=118507 117173 21614.4 95559 7359.76 6221.95 18363.9 88199.2 70568.1 1836.99 68731.1 1137.8 525.634 3250.49 13100.1 3251.8 66462.1 1030.07 968.081 55615.9 5164.11 2727.04 528.463 2198.58 50451.7 7736.28 5283.21 2437.07 2453.07 1280.75
internal_count=804345 728111 217744 510367 32851 28037 120923 477516 396309 12188 384121 4814 2606 96821 83333 23454 374081 4327 4066 297811 31388 15899 3357 12542 266423 47900 33008 15489 14892 8668
is_linear=0
shrinkage=0.05


Tree=67
num_leaves=31
num_cat=0
split_feature=15 0 1 7 20 25 14 14 14 25 12 11 11 13 12 14 15 4 13 12 14 12 5 11 12 12 9 12 14 4
split_gain=810.239 405.07 418.663 303.366 192.336 204.47 405.365 312.34 245.516 216.151 174.06 258.323 177.108 163.111 211.88 279.147 160.243 157.865 133.001 129.698 127.202 131.064 117.474 111.396 116.514 108.587 105.58 105.51 103.389 112.119
threshold=18.030252456665043 1.3778134584426882 22.855610132217411 1.0000000180025095e-35 -14.578781127929686 21.65932177305222 249.50000000000003 216.50000000000003 265.50000000000006 21.640113502740864 4.0650154798761617 53.090817768022937 43.371500721841407 -43.535206903971655 6.2523219814241502 200.50000000000003 2.4365237951278691 124.94380021095277 -58.495258846369218 4.8622291021671833 181.50000000000003 3.45046439628483 1.5000000000000002 54.480110909097803 2.2801857585139325 10.332817337461302 38.500000000000007 3.6207430340557281 222.50000000000003 97.461077295243754
decision_type=2 2 2 2 2 2 2 2 2 2 2 2 2 2 2 2 2 2 2 2 2 2 2 2 2 2 2 2 2 2
left_child=1 4 -3 22 -1 6 7 9 16 13 11 12 27 20 -15 -16 18 25 -7 26 -6 -22 -4 24 -18 -9 -8 -10 29 -20
right_child=-2 2 3 -5 5 8 19 17 10 -11 -12 -13 -14 14 15 -17 23 -19 28 -21 21 -23 -24 -25 -26 -27 -28 -29 -30 -31
leaf_value=-0.0089750361478207596 0.04091862661394069 0.0021599669847956384 -0.028504476353781633 0.034898369884319665 -0.026887492310950611 0.0051609079884699718 0.0060037992180838676 -0.022506134037803889 -0.015281959059470255 -0.041715979335541803 -0.0010502338511182861 0.011447158769879178 -0.06152937320639628 0.0076095459347674298 -0.020331189282974317 0.015801821627776835 0.016644557323853615 0.00044460801210991922 -0.0045289122173800128 0.018440331474696415 0.0074916286053443486 -0.014347648866703411 0.011228699767577711 -0.00094470818286011837 0.0042508718222118236 0.018981505125213217 -0.019396912109367396 -0.056310632457965609 0.0029895602404133512 -0.017422412132022596
leaf_weight=9059.9431715421379 1199.8896763687953 25154.987984288484 199.5298436563462 1759.4711457788944 953.02992498129606 4627.6084899269044 2109.3481943011284 5047.2931657135487 941.01269682683051 364.527552485466 1893.0660437401384 438.09690234065056 382.03598135337234 4999.5422862432897 1861.3437503650784 748.84505146741867 2095.6960275750607 1003.5189845860004 9746.165563326329 1826.7210043817759 1126.0668626055121 1758.8684891611338 2579.5644215662032 9941.7350805671886 19864.922158821486 162.08308733254671 506.47758763283491 187.38208571262658 3534.000406621024 2038.1417825911194
leaf_count=40594 72462 167453 1352 76791 4184 20281 12425 25773 5585 1679 12843 3138 2186 25790 8584 3674 16046 6736 42741 11579 5453 7785 24503 53947 116145 1037 2461 1072 19181 10061
internal_value=5.79122e-05 -0.000361799 0.00468214 0.0186577 -0.00207906 -0.00127958 -0.00530579 -0.00863993 0.000344827 -0.00386593 -0.0118499 -0.0223363 -0.0321362 -0.00265714 0.0015816 -0.0099628 0.00124858 -0.0177144 -0.00226676 0.008221 -0.0110597 -0.00582356 0.00836676 0.00344644 0.0054343 -0.0212119 0.00108017 -0.022139 -0.00451083 -0.00676018
internal_weight=118111 116911 29693.6 4538.57 87217.5 78157.5 22467.7 18025.1 55689.9 11812.2 3841.59 1948.53 1510.43 11447.7 7609.73 2610.19 51848.3 6212.9 19945.9 4442.55 3837.97 2884.94 2779.09 31902.4 21960.6 5209.38 2615.83 1128.39 15318.3 11784.3
internal_count=803541 731079 270099 102646 460980 420386 117160 90695 303226 57149 24824 11981 8843 55470 38048 12258 278402 33546 92264 26465 17422 13238 25855 186138 132191 26810 14886 6657 71983 52802
is_linear=0
shrinkage=0.05


Tree=68
num_leaves=31
num_cat=0
split_feature=16 0 7 21 20 11 9 23 11 25 14 11 14 11 14 14 4 5 16 4 11 21 23 23 14 14 14 21 11 23
split_gain=787.632 374.214 318.305 209.775 217.352 168.825 172.739 160.459 152.93 152.617 489.295 162.927 146.558 334.025 288.035 276.604 218.461 191.324 172.973 171.119 155.891 171.062 147.186 141.512 165.409 309.851 247.266 275.46 258.014 197.759
threshold=0.22058823704719546 1.3778134584426882 1.0000000180025095e-35 0.3317518550000001 -2.9402847290039058 14.008156353618409 28.500000000000004 0.73998249000000016 15.017229010400021 21.65932177305222 257.50000000000006 31.623580255721567 236.50000000000003 78.93579828544253 214.50000000000003 195.50000000000003 80.259969934821143 3.5000000000000004 0.72058823704719555 66.980697385966792 111.65133048040369 -0.21211291499999999 0.74509108000000013 1.6901442000000002 243.50000000000003 218.50000000000003 263.50000000000006 1.2804896500000003 40.001929172009973 0.58422529500000009
decision_type=2 2 2 2 2 2 2 2 2 2 2 2 2 2 2 2 2 2 2 2 2 2 2 2 2 2 2 2 2 2
left_child=-1 3 -3 4 7 6 -5 8 -2 10 -6 -11 14 -14 15 16 -13 -17 -18 22 -19 -22 -16 24 25 -7 -26 28 29 -28
right_child=1 2 -4 5 9 23 -8 -9 -10 11 -12 12 13 -15 19 17 18 20 -20 -21 21 -23 -24 -25 26 -27 27 -29 -30 -31
leaf_value=0.042829052767309854 0.010214115879147074 0.0026985853766710571 0.018191615813104512 0.014509277802239918 -0.0062619999282795373 -0.0035945392896050985 -0.023408376052577364 -0.002494571844053372 -0.019873386338813626 -0.00095427257256348777 0.025794870152568147 0.017183200109916388 0.0013972491584181076 -0.060806960917823297 -0.0047584359963232341 -0.022295755671166994 0.018233041417970022 0.0041722148861095916 -0.012175405752431808 0.028201695607249017 -0.0047821087831596727 -0.10832585359377243 0.019467543773575451 -0.013796317728687269 0.0090536318346334712 -0.020122351319276942 0.042570951851871597 0.03387731971585789 -0.045677993197633722 -0.013105040405301327
leaf_weight=1074.0220183245838 498.39874327927828 25917.346376985312 3800.5759086413309 1817.3410115577281 11367.482567947358 12759.944016641006 358.86496800929308 10249.66247805953 2746.7919982820749 11922.16749493219 1328.5542029701173 4102.8035951722413 3248.2530030179769 230.17036981321871 1054.8285006918013 1285.7616770267487 685.43296465743333 2550.6172914011404 1466.4043304920197 2377.2289247764274 101.17056000977755 64.9566645398736 1543.5105638131499 5038.4476107042283 4395.2069938704371 3645.2213498353958 180.10875682905316 299.37900873087347 579.28355557098985 1336.2134119514376
leaf_count=69220 2340 163797 108900 10955 61304 59067 2196 46828 12697 73297 9178 19353 22494 1379 4712 5387 5938 14268 7252 16748 479 350 7756 24077 24465 16886 1010 1654 2917 7216
internal_value=0.00022646 -0.000165141 0.00468051 -0.00181593 -2.22349e-05 -0.00516753 0.00824863 -0.00556304 -0.0152508 0.00170353 -0.0029057 0.00361387 0.00652444 -0.00273515 0.00863893 0.00384954 0.0104172 -0.00641359 -0.00248532 0.0185095 0.00110845 -0.0456742 0.00963465 -0.00620188 -0.00455171 -0.00726802 0.00201102 -0.0109118 -0.0173235 -0.00646815
internal_weight=118026 116952 29717.9 87234.2 56824.2 30410 2176.21 13494.9 3245.19 43329.3 12696 30633.3 18711.1 3478.42 15232.7 10257.1 6254.64 4002.51 2151.84 4975.57 2716.74 166.127 2598.34 28233.8 23195.4 16405.2 6790.19 2394.98 2095.61 1516.32
internal_count=804120 734900 272697 462203 311760 150443 13151 61865 15037 249895 70482 179413 106116 23873 82243 53027 32543 20484 13190 29216 15097 829 12468 137292 113215 75953 37262 12797 11143 8226
is_linear=0
shrinkage=0.05


Tree=69
num_leaves=31
num_cat=0
split_feature=1 18 18 17 0 1 20 5 21 12 21 5 23 23 20 11 12 25 1 20 24 21 18 21 20 12 20 12 11 17
split_gain=683.589 306.625 287.363 241.881 199.804 209.218 163.139 126.674 125.86 262.038 201.06 119.442 206.754 132.746 141.607 124.932 171.165 117.23 116.08 106.97 101.991 102.828 100.652 100.368 110.35 111.077 93.5055 88.4698 86.6955 103.48
threshold=43.361064784228809 190.41741943359378 164.45683288574222 157.66176605224612 0.98030513525009166 9.8725229203701037 87.224014282226577 8.5000000000000018 1.1150733500000001 5.1904024767801866 1.1604920000000003 2.5000000000000004 0.78081134000000019 2.4041249500000004 35.621322631835945 49.851090743157435 9.5773993808049553 25.14572632312775 19.536829054355625 -20.127014160156246 1.5000000000000002 -1.9959941999999999 165.29412078857425 -1.6487905499999997 2.4766693115234379 4.6671826625387007 13.492424011230471 3.1269349845201244 59.618031340925135 188.74206542968753
decision_type=2 2 2 2 2 2 2 2 2 2 2 2 2 2 2 2 2 2 2 2 10 2 2 2 2 2 2 2 2 2
left_child=1 3 -2 6 8 -6 -1 22 11 10 -10 12 27 23 -15 20 28 -3 -9 -19 -14 -22 -7 24 25 -13 -4 -5 -17 -30
right_child=2 17 26 4 5 7 -8 18 9 -11 -12 13 15 14 -16 16 -18 19 -20 -21 21 -23 -24 -25 -26 -27 -28 -29 29 -31
leaf_value=0.046249097009877546 0.048878971186636588 -0.018860014094663508 -0.0018605279825970494 -0.02188190162403891 -0.00012560403503339971 0.02734871011115755 0.008263205501693266 0.0089448113099217762 -0.035319884355719318 0.013703748074907077 -0.0083203854229161375 0.015592488053609918 0.0070814373239225141 -0.022360129360082345 0.035610546326947781 -0.025088045900413743 0.046734387000947876 -0.026213740708849353 0.024807379870088825 0.0028608383204542626 0.026060023456153342 -0.0044718120425054388 0.0024091787274830856 0.00030903270257480713 0.021279759973315993 -0.030779215401388733 0.021746751347596217 -0.0080424681358558375 -0.03051532034909777 0.0014285614490722875
leaf_weight=446.28087316919118 851.63570998236537 2999.95041760616 628.29253607895225 1795.457082638517 18609.998274713755 429.77614004909992 769.4715426908806 3486.9566250611097 783.34227878041565 1215.7231565695256 5715.8120396323502 270.3050210736692 4492.6412348225713 1032.5260646864772 116.39897959120572 1002.8918381221592 121.5957705527544 396.77137909643352 1723.8454506397247 1544.8505586329848 289.26678414829075 5523.9964694362134 6654.5653740726411 49504.48898652941 1161.8122257282957 245.51713837310672 1260.0425370233133 3238.8466235715896 328.19871616363525 1102.5689176172018
leaf_count=17308 68195 14405 6837 8423 104113 6477 12038 36239 3718 6168 27354 1262 21168 5223 1117 4376 501 1968 45075 7477 1481 26297 47765 270360 8390 1051 27823 14388 1435 4690
internal_value=0.000105261 -0.000482891 0.0247827 6.42162e-05 -0.000183606 0.00321833 0.0222337 0.00827931 -0.00153256 -0.00759412 -0.0115796 -0.000866552 -0.00439263 0.00033931 -0.0164612 -0.00102986 -0.0109243 -0.012666 0.0141962 -0.003091 0.0014242 -0.00294833 0.0039258 0.000716758 0.0127408 -0.00649601 0.0138952 -0.0129816 -0.0138232 -0.00591513
internal_weight=117744 115004 2739.97 110062 108847 30905.1 1215.75 12295.1 77941.4 7714.88 6499.15 70226.5 17895.5 52331 1148.93 12861.2 2555.26 4941.57 5210.8 1941.62 10305.9 5813.26 7084.34 51182.1 1677.63 515.822 1888.34 5034.3 2433.66 1430.77
internal_count=803122 700267 102855 676417 647071 239669 29346 135556 407402 37240 31072 370162 82759 287403 6340 59948 11002 23850 81314 9445 48946 27778 54242 281063 10703 2313 34660 22811 10501 6125
is_linear=0
shrinkage=0.05


Tree=70
num_leaves=31
num_cat=0
split_feature=16 20 1 7 19 12 6 18 20 20 19 18 20 25 12 4 11 17 25 11 23 4 11 23 4 5 23 12 23 11
split_gain=679.975 379.674 437.167 251.906 221.516 196.896 189.588 163.674 163.149 160.083 280.13 249.387 221.315 308.074 202.707 236.642 181.3 176.197 145.944 143.322 173.485 214.115 142.739 166.009 141.792 139.53 139.015 150.184 149.906 140.753
threshold=0.1911764740943909 -11.365150451660154 24.532674551010135 1.0000000180025095e-35 0.60294118523597728 2.1965944272445825 1.5000000000000002 189.99815368652347 60.573593139648445 52.868820190429695 0.22058823704719546 169.43404388427737 88.846115112304702 24.131919300556188 5.1625386996904039 147.49697974324229 103.36032366453911 166.70588684082034 23.499214434623724 20.631915132800589 0.53717247000000012 109.19565428793432 67.867619931397982 1.1368207000000001 28.990504510700706 13.500000000000002 0.78081134000000019 2.0572755417956663 1.7272303000000002 92.67470495860691
decision_type=2 2 2 2 2 2 2 2 2 2 2 2 2 2 2 2 2 2 2 2 2 2 2 2 2 2 2 2 2 2
left_child=-1 7 4 -4 5 22 -5 26 -6 10 -7 12 14 -14 15 -11 18 -16 24 -13 21 -21 -3 -24 -12 -15 -2 28 -28 -29
right_child=1 2 3 6 8 9 -8 -9 -10 11 16 19 13 25 17 -17 -18 -19 -20 20 -22 -23 23 -25 -26 -27 27 29 -30 -31
leaf_value=0.044447158957676869 -0.014960201864427298 0.012546585383884654 0.0060060625671799709 0.032667010175463397 -0.0051930481143282626 0.024632309739997214 -0.024629919614372522 -0.022417636357884463 0.0027833418448156367 -0.018419096931716478 -0.009139611532403424 0.011038849598140768 0.017093079673785878 -0.02450231601190498 -0.055122471236604555 0.012910611081364083 -0.021492989770645957 -0.020352860508931953 0.0063081659108740577 -0.030527946028512783 0.0020680394558940936 0.0087186458226525473 0.0092742819837194016 -0.011677331639816234 0.0018231553450022869 -0.00063560987024401463 0.011148171178716894 -0.0085161588196416473 -0.010305354606040238 0.062002761166714784
leaf_weight=850.51191301923245 3236.8574880268425 6507.9942158041522 3260.1017245408148 1906.0755068808794 26290.597748478875 1390.3940946338698 155.48463659733534 1688.8339585009962 8477.3016107734293 1636.6864987164736 3899.6492364741862 3132.6638667080551 1525.4274201001972 1121.2656810693443 455.98428749479353 952.85232071299106 819.92140583693981 1811.9810301829129 12832.930362857878 988.60469427518547 6228.0798755921423 535.04881576448679 2237.110084367916 1635.9445708030835 12095.240437338129 1347.9853901015595 2708.6004620715976 6418.6788956504315 1163.166361598298 70.560795331373811
leaf_count=62317 15293 52083 29939 85166 121712 19202 1371 8226 49351 9997 17111 20636 9713 7566 4407 9669 4058 10833 68302 4844 35212 3486 15246 11720 63831 13242 13450 28704 5484 324
internal_value=-7.13152e-05 -0.000396613 0.000712388 0.0146601 -6.1548e-05 0.00175012 0.0283358 -0.0077412 -0.00324818 0.000467235 0.00270596 -0.00305339 -0.0092852 -0.00056666 -0.0164535 -0.00689042 0.00167688 -0.0273647 0.0023366 0.00201527 -0.00163233 -0.0167494 0.00802417 0.000423773 -0.000850037 -0.0114788 -0.0059169 -0.00309053 0.00470205 -0.00773994
internal_weight=117383 116532 101245 5321.66 95923.7 61155.8 2061.56 15286.7 34767.9 50774.7 31038.1 19736.6 8852.18 3994.68 4857.5 2589.54 29647.7 2267.97 28827.8 10884.4 7751.73 1523.65 10381 3873.05 15994.9 2469.25 13597.9 10361 3871.77 6489.24
internal_count=802495 740178 668697 116476 552221 381158 86537 71481 171063 302109 172504 129605 65427 30521 34906 19666 153302 15240 149244 64178 43542 8330 79049 26966 80942 20808 63255 47962 18934 29028
is_linear=0
shrinkage=0.05


Tree=71
num_leaves=31
num_cat=0
split_feature=1 18 18 6 1 20 18 25 14 20 14 17 2 17 25 24 25 17 17 6 19 7 6 18 11 20 19 14 14 24
split_gain=603.744 300.528 255.243 226.816 199.92 191.762 144.124 130.981 330.023 174.58 174.547 166.099 146.645 119.374 106.374 105.397 95.0681 116.463 113.788 101.59 95.4628 91.441 91.3416 89.8935 88.6557 158.713 156.744 140.867 120.701 112.676
threshold=46.385453760623939 182.33635711669925 164.45683288574222 1.5000000000000002 19.536829054355625 -17.53835296630859 172.2738952636719 23.482144188880927 244.50000000000003 46.646110534667976 266.50000000000006 185.78959655761722 13.337224692106249 217.55000305175784 23.451612102240329 2.5000000000000004 21.714705145359044 193.93791198730472 200.71794891357425 37.500000000000007 0.51470589637756359 1.0000000180025095e-35 52.500000000000007 163.66176605224612 49.474657544628514 70.059715270996108 0.27941177785396581 176.50000000000003 196.50000000000003 2.5000000000000004
decision_type=2 2 2 2 2 2 2 2 2 2 2 2 2 2 2 10 2 2 2 2 2 2 2 2 2 2 2 2 2 8
left_child=1 3 -2 4 24 -3 21 8 9 14 22 -11 -10 16 23 -14 17 -7 20 -19 -18 -6 -9 -5 25 26 -1 -26 -29 -27
right_child=2 5 -4 7 6 13 -8 10 12 11 -12 -13 15 -15 -16 -17 18 19 -20 -21 -22 -23 -24 -25 27 29 -28 28 -30 -31
leaf_value=0.026022306512367629 0.049425568795647697 -0.013657353481771646 0.013860358635899947 0.022541839309755146 0.014465864984588492 0.0038522482923063241 0.0053980633194384885 0.0031207449616148858 0.011820677255675377 -0.020524520361131483 -0.014162516496607283 -0.0038141344913587153 0.0069146255447459035 -0.016210311199716502 -0.019995702151743455 -0.016513063647256521 0.0042502852015995326 -0.013225087677505696 0.0031125536473697417 -0.087480814749205951 -0.0068897059701513155 0.034318450986661052 -0.074265091182607892 -0.0028684535693662121 -0.015623942091223489 0.023355443926129843 0.0064640309556134486 0.011934386829280753 -0.0019859197026498433 -0.0061864470053475768
leaf_weight=1168.080268740654 739.91317046247423 5017.6275476254523 1584.8290219735354 354.17861802130938 1400.1082836408168 1239.2443269621581 2415.59427498281 23393.162261994556 4643.144259378314 3306.6534824743867 1581.5029548965394 2702.7671099826694 975.31506321579218 1605.0758320968598 897.36560690402985 943.67035270482302 2502.9110047649592 2907.9404185693711 9911.4568929802626 45.840442255139351 8292.6036583259702 992.57976023387164 37.195418640971184 17376.137485269457 1384.7827113624662 356.28893836028874 8289.9957387316972 2102.0486825741827 5999.3246694356203 3341.2953137131408
leaf_count=17891 65289 23638 30267 2938 17739 6414 27662 133762 27295 18256 10294 13806 6167 7521 3902 5061 14526 14085 50156 203 41502 45477 161 80029 7963 4255 45693 13440 43529 25013
internal_value=-2.53836e-05 -0.000534645 0.0251963 0.00103307 0.00475848 -0.00469527 0.0140169 -0.000786242 -0.00294725 -0.00560121 0.00190935 -0.0130108 0.00701622 -0.00299822 -0.00321024 -0.00460865 -0.00214594 -0.00901065 -0.000755511 -0.0144067 -0.00430677 0.0227124 0.00299473 -0.00235962 0.0027918 0.00544843 0.00888199 -0.000892676 0.00162698 -0.00333433
internal_weight=117509 115184 2324.74 83661.2 27450.1 31522.7 4808.28 56211.1 31199.2 24637.1 25011.9 6009.42 6562.13 26505.1 18627.7 1918.99 24900 4193.03 20707 2953.78 10795.5 2392.69 23430.4 17730.3 22641.8 13155.7 9458.08 9486.16 8101.37 3697.58
internal_count=803934 708378 95556 550333 248662 158045 90878 301671 157454 118931 144217 32062 38523 134407 86869 11228 126886 20702 106184 14288 56028 63216 133923 82967 157784 92852 63584 64932 56969 29268
is_linear=0
shrinkage=0.05


Tree=72
num_leaves=31
num_cat=0
split_feature=15 5 1 21 11 5 14 22 14 14 14 11 14 21 22 21 22 11 23 9 22 14 22 9 22 22 23 23 22 17
split_gain=613.56 273.209 336.491 270.244 237.557 207.578 206.942 185.154 182.561 279.932 234.584 251.666 360.927 271.393 227.004 218.368 227.217 218.273 220.283 181.108 151.005 149.619 223.753 172.482 203.934 181.687 162.722 169.8 145.578 153.546
threshold=18.856004714965824 11.500000000000002 23.681603431701664 0.31873576500000006 23.072045487435336 1.5000000000000002 210.50000000000003 1.5679100000000001 262.50000000000006 245.50000000000003 217.50000000000003 111.65133048040369 230.50000000000003 0.36957310500000001 -1.4317225999999998 2.1251499500000004 0.53639948500000012 41.848222688509402 0.84993806500000002 39.500000000000007 -0.092493746449999983 202.50000000000003 0.33798368000000006 4.5000000000000009 -0.15288999499999997 0.014423421100000002 2.1248558500000003 1.6599746000000002 0.49563800000000008 181.87442016601565
decision_type=2 2 2 2 2 2 2 2 2 2 2 2 2 2 2 2 2 2 2 2 2 2 2 2 2 2 2 2 2 2
left_child=1 3 6 5 7 -1 28 -5 9 10 14 12 20 -14 -6 16 -11 18 -15 -10 -12 22 26 24 -23 -26 27 -16 29 -3
right_child=-2 2 -4 4 8 -7 -8 -9 19 15 11 -13 13 17 21 -17 -18 -19 -20 -21 -22 23 -24 -25 25 -27 -28 -29 -30 -31
leaf_value=-0.0054608556796181826 0.040445726111429992 0.035795107125297647 0.028947098342880503 0.0070144672300837263 -0.033870080788849115 0.0020014726769542498 0.00057083678472431626 -0.040930939708265918 -0.012172390917765553 0.0028461593494675829 -0.0067065704499657975 0.035358617004532467 -0.058749390947283132 -0.01230252049680171 -0.00090387228785902612 -0.058684783554664027 0.03268619472353667 -0.014169780609343553 0.032201604113720063 -0.044745491935994308 -0.039692754306360024 0.016113871834871035 -0.016344866062868248 0.0071072150061222712 -0.07653773942927565 -0.016295313296973011 0.042809875620262061 -0.032391197495983279 -0.00062746619720662638 0.0061355201385686004
leaf_weight=11238.894493917003 933.72390268929303 1101.9470742689446 1447.0611023334786 5048.7807482164353 634.6968529522419 54530.231490082107 11053.828596913256 208.73784126527607 1902.6770665543154 3158.7931057466194 427.38278352748603 226.29996812716126 237.31456286273897 473.79026544839144 6843.7791642704979 122.34815383609384 798.45931879710406 1789.2430366240442 670.56382659636438 549.63030874356627 1853.0599129330367 323.92828037869185 3960.4591726949438 4729.5995523668826 170.75324688386172 464.33722766116261 199.27093503437936 455.73819678556174 887.71209518704563 722.82009735144675
leaf_count=54542 68882 13984 58119 27740 3324 322369 89567 1038 10819 19316 2110 1141 1148 2219 35428 706 4150 9512 3095 2357 8504 2500 20151 20738 1076 3286 951 2381 6726 5044
internal_value=9.8153e-05 -0.000226315 0.00602004 -0.00116706 -0.00469948 0.000726216 0.00360811 0.00510348 -0.00641802 -0.00525351 -0.00735563 -0.0162032 -0.0183498 -0.00743522 -0.00452999 0.00683377 0.00887375 -0.00326554 0.0137812 -0.0194882 -0.0335164 -0.00344211 -0.00673258 0.0031863 -0.0161378 -0.0325872 -0.00165438 -0.00287392 0.0159808 0.0240563
internal_weight=117166 116232 15213.4 101019 35249.6 65769.1 13766.3 5257.52 29992.1 27539.8 23460.2 5677.65 5451.35 3170.91 17782.6 4079.6 3957.25 2933.6 1144.35 2452.31 2280.44 17147.9 11459.2 5688.62 959.019 635.09 7498.79 7299.52 2712.48 1824.77
internal_count=802923 734041 173440 560601 183690 376911 115321 28778 154912 141736 117564 27729 26588 15974 89835 24172 23466 14826 5314 13176 10614 86511 58911 27600 6862 4362 38760 37809 25754 19028
is_linear=0
shrinkage=0.05


Tree=73
num_leaves=31
num_cat=0
split_feature=15 19 1 14 21 18 21 8 18 10 18 20 18 17 14 5 21 20 1 14 14 5 17 20 18 21 23 18 13 13
split_gain=612.9 272.634 295.038 225.592 205.134 177.558 145.003 140.997 215.572 131.515 126.58 237.576 408.042 289.035 274.408 172.156 157.649 121.644 120.789 116.466 116.036 112.676 108.333 148.052 105.313 101.29 125.413 99.1109 96.665 94.5695
threshold=21.682642936706547 0.60294118523597728 30.58022536337376 208.50000000000003 0.0095684877600000027 164.45683288574222 -1.6978661499999999 1.0000000180025095e-35 187.42769622802737 -21.458196753263469 177.26871490478518 45.671569824218757 163.66176605224612 179.44565582275393 252.50000000000003 5.5000000000000009 -1.6487905499999997 96.985290527343764 13.530221104621889 241.50000000000003 174.50000000000003 11.500000000000002 189.88181304931643 79.287681579589858 177.20811462402347 -1.3945062499999998 1.6901442000000002 169.10294342041018 -3.9276904526971079 -75.799971837573466
decision_type=2 2 2 2 2 2 2 2 2 10 2 2 2 2 2 2 2 2 2 2 2 2 2 2 2 2 2 2 2 2
left_child=1 2 10 7 6 -4 -5 8 -3 -6 11 12 -1 14 16 -12 -13 -15 27 -11 -7 24 23 -8 29 -16 -27 -18 -9 -14
right_child=-2 3 5 4 9 20 22 28 -10 19 15 13 21 17 25 -17 18 -19 -20 -21 -22 -23 -24 -25 -26 26 -28 -29 -30 -31
leaf_value=0.029732397844530207 0.046032304610372235 0.00012268560298974761 0.042288742817400353 0.040030297713857764 0.0035419664045167908 -0.00696225848084377 -0.014837700649770722 -0.0095098406278801163 -0.014893306202292995 -0.014261816955326655 -0.0056105579176878966 0.043310784632700605 -0.010448822954555865 0.0067742662535468651 0.033408721778809505 0.0031023104405473265 -0.019397120382325973 -0.014360239570869847 0.0038329745021300011 -0.0018412481213583472 0.018103769680013627 0.015063823376570385 0.0073009281289041182 0.022397418821930141 0.03545067843585234 0.0037770549287802105 -0.021428925565578062 -0.0030619923321355664 -0.025017455982244564 0.0035386764280321819
leaf_weight=1671.8605441683903 721.38103862572461 10183.505267672241 572.31064289715141 300.57510512135923 3790.7476333677769 636.93118340801448 1267.2880674153566 8372.9806973785162 3122.1815141290426 3666.5787504985929 13508.613201672211 121.94321651477367 1286.4419341403991 8948.7502602916211 250.27451729681343 9768.2531292606145 4900.6956632826477 735.97324455156922 849.07403606362641 3889.0446526110172 1672.9168908353895 2153.8058577552438 7541.9043625667691 337.19113458506763 247.07461458444595 4236.7923781471327 557.5288975732401 1146.1097558028996 1141.619343932718 19691.335216762498
leaf_count=27558 59701 44098 36628 2694 17642 6377 7557 39011 14494 18273 61345 1411 6018 57967 2708 56689 35120 4916 15431 24290 36536 19296 47780 2707 1140 33091 4415 6487 7823 105589
internal_value=0.00011884 -0.000165682 0.00170389 -0.00329307 0.00047416 0.0173793 0.00591646 -0.00672555 -0.00340167 -0.00405721 0.00105892 0.00255764 0.00587688 -0.00126589 -0.00643065 -0.00195418 -0.0128238 0.00516687 -0.0138226 -0.00786977 0.0111919 0.00416972 0.00479113 -0.00700344 0.00306357 0.00246402 0.000842008 -0.016302 -0.011373 0.00268045
internal_weight=117292 116570 72956.7 43613.6 20793.3 2882.16 9446.96 22820.3 13305.7 11346.4 70074.5 46797.7 25050.5 21747.1 12062.4 23276.9 7017.82 9684.72 6895.88 7555.62 2309.85 23378.7 9146.38 1604.48 21224.9 5044.6 4794.32 6046.81 9514.6 20977.8
internal_count=804792 745091 518722 226369 120943 79541 60738 105426 58592 60205 439181 321147 159601 161546 98663 118034 58449 62883 57038 42563 42913 132043 58044 10264 112747 40214 37506 41607 46834 111607
is_linear=0
shrinkage=0.05


Tree=74
num_leaves=31
num_cat=0
split_feature=15 18 0 18 21 20 12 14 14 11 25 20 11 12 3 21 14 21 12 25 14 12 11 9 14 14 14 11 14 12
split_gain=568.307 281.738 248.436 168.396 159.91 186.76 263.352 390.141 267.448 404.439 262.912 207.843 178.433 166.204 186.868 200.935 255.897 204.845 219.855 183.44 195.085 164.602 163.752 180.935 162.154 274.213 308.621 315.096 468.728 240.736
threshold=19.744426727294925 190.41741943359378 5.5370237827301034 168.02986145019534 0.3317518550000001 -1.9687194824218748 4.3544891640866874 257.50000000000006 237.50000000000003 78.93579828544253 21.65932177305222 78.265686035156264 145.48981178265885 4.2275541795665648 92.097649741917863 -0.17945643499999997 240.50000000000003 -0.044221688049999992 2.1965944272445825 22.642625969648364 263.50000000000006 0.94582043343653266 14.008156353618409 28.500000000000004 264.50000000000006 243.50000000000003 218.50000000000003 111.65133048040369 230.50000000000003 1.7321981424148609
decision_type=2 2 2 2 2 2 2 2 2 2 2 2 2 2 2 2 2 2 2 2 2 2 2 2 2 2 2 2 2 2
left_child=1 2 4 -4 5 -1 8 10 12 13 -8 -12 -7 14 15 19 17 -17 -19 -10 -21 -11 23 -6 25 26 -24 28 -28 -26
right_child=-2 -3 3 -5 22 6 7 -9 9 21 11 -13 -14 -15 -16 16 -18 18 -20 20 -22 -23 24 -25 29 -27 27 -29 -30 -31
leaf_value=-0.0040739277625614148 0.041629373788430589 -0.012046659747278959 0.018953306322195274 0.0039480517782716981 0.015435576166090891 0.010652309275839178 -0.010476211758292699 0.017562353359858566 0.019569617790958199 0.014325711599709202 0.0019594515452544376 -0.020809378964872133 -0.059145119603834506 0.035694763706583192 0.017742890026757645 0.03563804902128373 -0.008787866862572916 0.0073552657380085186 -0.096754340314944079 0.0080390420657593647 -0.027366933809526952 -0.068683354126856763 -0.0024414935646538075 -0.023246651653817355 0.030471934759692738 0.0058421984436550292 -0.036515860848858862 0.033424127112066347 -0.0066771703849577745 -0.019729278452160083
leaf_weight=15169.81075086724 807.14409231115133 5006.7680551391095 2392.5966497128829 8547.3833426292986 1956.9057763181627 14624.269258552231 7790.8860786948353 2582.142229356803 1149.5010342439637 74.135886047966778 16402.250528316014 1066.5230356240645 91.16520574875176 330.10493612289429 1125.8928284253925 51.00041257403791 1962.2490078536794 65.8555678287521 217.55204114131629 940.62663514725864 662.08332197461277 299.71476728189737 17890.108165419661 356.58214117586613 260.67848720494658 6578.5763725079596 2173.2438226323575 308.24449073616415 3336.2528669852763 2744.010966216214
leaf_count=71154 65915 24888 63446 84293 12111 97092 40741 19690 8703 704 89645 8260 507 2211 10970 302 11568 368 995 7773 5009 1838 88223 2180 1938 39791 10247 1710 16630 15013
internal_value=-0.000154798 -0.0004455 7.71776e-05 0.00723116 -0.000703889 0.000778869 0.00226804 -0.0009459 0.00641169 -0.00172686 -0.00283851 0.000568232 0.0102159 0.00118315 -0.000667331 -0.00477549 -0.0156915 -0.0560539 -0.0726215 0.00433606 -0.0065952 -0.0522281 -0.00339435 0.00946595 -0.0042883 -0.00318889 -0.00569503 -0.0156978 -0.0184517 -0.0153653
internal_weight=116964 116157 111150 10940 100210 64605.8 49436 27841.8 21594.2 6878.72 25259.7 17468.8 14715.4 6504.87 6174.76 5048.87 2296.66 334.408 283.408 2752.21 1602.71 373.851 35604.6 2313.49 33291.1 30286.4 23707.8 5817.74 5509.5 3004.69
internal_count=803915 738000 713112 147739 565373 377530 306376 158336 148040 50441 138646 97905 97599 47899 45688 34718 13233 1665 1363 21485 12782 2542 187843 14291 173552 156601 116810 28587 26877 16951
is_linear=0
shrinkage=0.05


Tree=75
num_leaves=31
num_cat=0
split_feature=15 4 21 22 22 22 14 14 23 4 20 21 13 14 14 23 23 14 13 21 23 23 14 19 19 2 9 9 23 4
split_gain=531.878 270.453 201.431 204.616 232.552 306.327 213.706 399.525 192.251 154.673 152.49 151.192 223.381 193.609 148.973 144.945 352.49 151.11 154.695 168.224 148.224 140.015 133.539 316.64 182.122 167.904 196.627 134.132 174.401 160.471
threshold=21.682642936706547 181.99794530868533 -0.43871623499999995 -1.7667101999999997 0.45747834000000004 0.94406590000000012 183.50000000000003 194.50000000000003 2.4967763500000006 27.168170973658565 -20.127014160156246 -0.82666512999999986 -24.450221868837392 234.50000000000003 181.50000000000003 1.8540950500000002 1.6099775000000003 210.50000000000003 -19.357964457211661 -0.70725798499999992 1.3684356000000002 1.4709324000000004 220.50000000000003 0.22058823704719546 0.60294118523597728 3.6000000387430195 36.500000000000007 13.500000000000002 1.1008879500000004 102.75194662064315
decision_type=2 2 2 2 2 2 2 2 2 2 2 2 2 2 2 2 2 2 2 2 2 2 2 2 2 2 2 2 2 2
left_child=1 2 3 -1 9 15 -7 -8 10 -5 -4 13 -13 -11 -14 16 17 20 -19 -20 -6 -22 23 -12 -25 -24 27 29 -29 -27
right_child=-2 -3 8 4 5 6 7 -9 -10 11 22 12 14 -15 -16 -17 -18 18 19 -21 21 -23 25 24 -26 26 -28 28 -30 -31
leaf_value=-0.023572652599838449 0.044633917595767916 0.0074528633051141567 -0.011867540043388365 -0.00092472868414356741 -0.027576804859132855 0.021967403735497631 -0.025251765912966302 0.018347777826820618 -0.029955499954632481 1.7501378887282748e-05 0.027398670032626971 0.020029683554123323 -0.011803866406998946 0.016188890328028425 0.0095969220903817376 0.01066561514249623 -0.046893846668338054 0.020373090438584256 -0.025776992911593563 0.024768664763539252 0.038524600319907905 -0.028619526481893989 0.0017577682991578233 0.0022478596426392036 -0.0050129143494282696 -0.01517092586697045 -0.01632727342471324 -0.0047814494302905221 0.014462036074565499 -0.0020479425183682338
leaf_weight=767.98747800569981 662.96638245042413 10388.459373728372 3966.9016588628292 8858.1019575428218 1300.9480320606381 1308.4746763845906 1065.2571191741154 1034.9545699376613 635.95382435806096 9155.6333053940907 1036.7950441278517 4324.7067700102925 1120.1693808110431 2318.8014171700925 2959.6243996936828 530.79138816334307 793.10676399432123 644.90036676079035 611.40098571777344 224.23320674523711 184.90969388652593 132.394869341515 7685.779543351382 21917.874674478546 14251.114220997319 4098.3648346029222 4353.978785507381 3162.9902597051114 1874.2373093105853 5396.665418532677
leaf_count=5215 59493 137016 18760 43310 6612 6803 4900 6849 3281 59956 16624 26003 7582 20507 23934 3047 4561 3737 3943 1640 998 626 38816 117136 65121 25127 20840 17984 10631 42885
internal_value=1.02882e-05 -0.000244896 -0.00100139 0.00195224 0.00248892 -0.00514861 0.00611445 -0.00376802 -0.0026141 0.0045704 -0.002357 0.00701896 0.0121136 0.00328661 0.00371956 -0.0138288 -0.0171713 -0.0095514 0.00199243 -0.0122002 -0.0201075 0.0105069 -0.00176528 0.000168252 -0.000613052 -0.00447248 -0.00700785 -0.00421475 0.00238006 -0.00771325
internal_weight=116768 116106 105717 37336.4 36568.4 7831.37 3408.69 2100.21 68380.7 28737 67744.7 19878.9 8404.5 11474.4 4079.79 4422.69 3891.89 3098.79 1480.53 835.634 1618.25 317.305 63777.8 37205.8 36169 26572 18886.2 14532.3 5037.23 9495.03
internal_count=803937 744444 607428 230223 225008 43716 18552 11749 377205 181292 373924 137982 57519 80463 31516 25164 22117 17556 9320 5583 8236 1624 355164 198881 182257 156283 117467 96627 28615 68012
is_linear=0
shrinkage=0.05


Tree=76
num_leaves=31
num_cat=0
split_feature=16 6 9 16 21 23 14 11 14 11 22 11 14 16 22 14 23 14 22 14 11 23 22 21 23 22 21 14 22 11
split_gain=496.032 244.247 192.802 138.211 125.203 215.776 211.981 143.937 136.699 150.726 153.235 126.492 312.822 121.598 118.393 107.17 261.304 199.637 134.938 196.286 103.87 114.688 124.008 141.067 102.639 99.6941 139.269 217.667 99.6087 96.152
threshold=0.1911764740943909 1.0000000180025095e-35 1.0000000180025095e-35 0.83823528885841381 -1.6487905499999997 1.7182350000000002 208.50000000000003 92.67470495860691 270.50000000000006 40.166163226999004 0.21535670000000004 88.744555543150895 245.50000000000003 0.69117647409439098 -1.0697576499999999 212.50000000000003 0.56494268500000011 209.50000000000003 0.90906459000000017 228.50000000000003 145.48981178265885 1.2403435000000003 -0.31765721499999994 0.36957310500000001 2.3465155500000008 -1.0317606999999998 -0.016965973199999995 252.50000000000003 0.23699499500000001 12.319892726561788
decision_type=2 2 2 2 2 2 2 2 2 2 2 2 2 2 2 2 2 2 2 2 2 2 2 2 2 2 2 2 2 2
left_child=-1 2 13 4 6 11 29 -7 -8 -10 -11 14 15 -2 -6 16 17 -13 19 -17 21 22 -18 -24 -5 26 -16 -28 -25 -3
right_child=1 3 -4 24 5 7 8 -9 9 10 -12 12 -14 -15 25 18 20 -19 -20 -21 -22 -23 23 28 -26 -27 27 -29 -30 -31
leaf_value=0.042494140565533474 0.025306586011961309 -0.016093242709354551 0.002741643500932628 -0.0043676656602308584 0.0081286120284228703 -0.0097455476240280378 0.042882403306913452 0.021417163690692638 0.046748978988266916 0.016503484260517176 -0.10788861695396626 -0.030163766060160135 -0.075891949550925819 0.0049442566855199144 -0.00066112678881024851 0.027664509013098706 0.035822987040586542 -0.1191116013339729 -0.045239178149651407 -0.014632273498731764 -0.057975575675297888 -0.020551096768361019 -0.028082483312728973 -0.012791000208367828 -0.025310733658196229 0.00039772714935892237 -0.026216320914800931 -0.1460459813849809 0.02328027169807538 0.0074985006945009472
leaf_weight=683.86856976803392 1686.1827245745808 560.29208081774414 18131.758903205395 18909.405238043517 5097.0225403569639 7943.2659620754421 614.9765393929556 387.75374886579812 72.039432944729924 47.387337429448962 50.319815373048186 459.63234919402748 163.20984125882387 1297.6904010688886 400.26266975607723 718.66726364940405 286.22729447484016 72.398348251357675 113.96912774257362 442.41489253379405 82.131946288049221 541.23807316832244 336.95894479006529 298.93125326465815 602.76011852733791 54072.476976044476 213.13707951083779 45.279137035831809 528.46629330329597 1872.593259640038
leaf_count=62554 74066 2987 122924 87916 32342 43526 5930 1952 520 578 339 2268 991 30982 2827 4101 1445 429 527 2448 430 2714 1634 1446 2929 299020 1079 251 2505 10561
internal_value=6.70267e-05 -0.000183358 0.00468027 -0.00126519 -0.000294796 -0.000724901 0.00935402 -0.00829273 0.0319334 -0.00775269 -0.0480033 0.000262302 -0.00829471 0.0164556 0.000840865 -0.00543321 -0.0112436 -0.0424685 0.00644172 0.0115492 -0.00321689 -0.000930979 0.00639874 -0.000858989 -0.00501589 0.000162033 -0.0191579 -0.0476947 0.0102483 0.00206096
internal_weight=116733 116049 21115.6 94933.2 75421.1 72203.4 3217.61 8331.02 784.723 169.747 97.7072 63872.4 4044.25 2983.87 59828.2 3881.04 2605.98 532.031 1275.05 1161.08 2073.95 1991.82 1450.58 1164.36 19512.2 54731.2 658.679 258.416 827.398 2432.89
internal_count=804221 741667 227972 513695 422850 401935 20915 45478 7367 1437 917 356457 20938 105048 335519 19947 12871 2697 7076 6549 10174 9744 7030 5585 90845 303177 4157 1330 3951 13548
is_linear=0
shrinkage=0.05


Tree=77
num_leaves=31
num_cat=0
split_feature=15 0 5 20 21 23 14 12 22 21 12 22 11 22 11 21 14 23 23 11 22 14 19 12 14 11 20 11 23 14
split_gain=493.477 225.67 183.005 154.867 198.35 277.945 230.656 176.608 159.931 174.543 163.725 191.368 353.738 233.54 302.536 309.726 213.024 208.871 213.498 154.955 253.312 213.745 153.002 146.32 273.246 238.757 262.092 138.943 193.25 224.722
threshold=19.744426727294925 6.5931782722473153 11.500000000000002 -12.666358947753904 -1.6487905499999997 2.4967763500000006 208.50000000000003 4.0650154798761617 -1.0697576499999999 1.1001508500000001 2.1965944272445825 0.47169341500000006 98.898445862815393 1.4880200000000003 60.078988253193749 0.80044829500000014 227.50000000000003 0.54848385000000011 0.83387655500000013 103.36032366453911 -0.36151543499999994 205.50000000000003 0.39705882966518408 1.9643962848297216 210.50000000000003 58.729286920959744 63.469665527343757 67.867619931397982 0.42142683000000009 247.50000000000003
decision_type=2 2 2 2 2 2 2 2 2 2 2 2 2 2 2 2 2 2 2 2 2 2 2 2 2 2 2 2 2 2
left_child=1 3 -3 -1 6 8 7 -5 9 23 11 12 27 14 16 17 22 -16 -19 -12 -21 -22 -13 24 -6 -26 -27 -10 -29 -30
right_child=-2 2 -4 4 5 -7 -8 -9 10 -11 19 13 -14 -15 15 -17 -18 18 -20 20 21 -23 -24 -25 25 26 -28 28 29 -31
leaf_value=-0.0061226836474946519 0.041261154194859734 0.0038416210443893936 0.02160008029950013 0.023084142740440912 0.017041562831727513 -0.026636229822617097 0.032407585763998319 -0.0047617828749204217 0.0084868068927535061 -0.027408042905498944 -0.0017032595097448561 0.029632923368070947 0.034823970736411525 0.044981758447480751 -0.075097831497431045 -0.050687658276309014 0.034646967694847361 0.035578539641399336 -0.015245732557368644 0.034975261413946211 -0.045141367872989002 -0.00021261154398651949 -0.040969544316924116 0.011085954434267454 -0.0028020061689850067 -0.093357847267330388 -0.013983885490874818 0.020163411062639906 -0.018555615253729094 0.014864583724771478
leaf_weight=12354.715525655076 721.12523488746956 7706.4624143689871 1786.3887198739685 819.84900837950408 841.70592414401472 1014.7643331363797 952.49535745475441 1858.115070191212 6205.7774527352303 372.86485451646149 65765.399888002314 115.41421081312001 1035.7374205477536 194.46018809825182 101.42535086534917 653.76716838032007 481.40917941369116 293.54955753497779 691.24922706373036 185.08615303970873 694.03813239466399 427.58388120215386 224.6333740465343 6551.7020066631958 702.19397662673146 191.72901505045593 226.81693171802908 653.76660936884582 1998.0203178087249 671.28323349356651
leaf_count=56333 66005 76631 57880 5847 6677 5400 9183 9676 44158 2146 359655 1214 6379 1210 621 3717 3298 1769 3998 1141 3365 2134 1135 41621 6065 1490 2179 4185 13262 5635
internal_value=5.64363e-05 -0.000200575 0.00718538 -0.000860346 -0.00016809 -0.000628873 0.0112892 0.00376858 -0.000332975 0.00603152 -0.0010366 0.00402647 0.0070873 -0.00770537 -0.0117213 -0.0235238 0.0132768 -0.00714308 -7.52724e-05 -0.00204217 -0.0190851 -0.0280291 -0.01699 0.007499 -0.00447573 -0.0206366 -0.0504796 0.00406913 -0.00418087 -0.0101486
internal_weight=116494 115772 9492.85 106280 93924.8 90294.4 3630.46 2677.96 89279.6 8887.01 80392.6 13320.5 10564.6 2755.91 2561.45 1739.99 821.457 1086.22 984.799 67072.1 1306.71 1121.62 340.048 8514.15 1962.45 1120.74 418.546 9528.85 3323.07 2669.3
internal_count=804009 738004 134511 603493 547160 522454 24706 15523 517054 60178 456876 90581 73619 16962 15752 10105 5647 6388 5767 366295 6640 5499 2349 58032 16411 9734 3669 67240 23082 18897
is_linear=0
shrinkage=0.05


Tree=78
num_leaves=31
num_cat=0
split_feature=16 1 5 17 22 20 14 21 22 11 21 14 14 14 11 14 11 11 22 11 23 11 21 11 14 11 23 22 16 11
split_gain=441.188 229.577 179.876 177.278 146.214 151.929 235.199 176.956 330.001 280.37 291.218 240.509 423.771 219.359 285.269 259.932 203.344 178.692 510.855 298.751 178.047 304.778 340.062 237.842 182.093 166.67 161.195 160.877 156.435 154.352
threshold=0.1911764740943909 35.003659486770637 11.500000000000002 213.25555419921878 2.7106600000000003 -5.5233306884765616 161.50000000000003 0.69073289500000012 -0.13903441999999996 42.073485145293439 1.5744800000000003 263.50000000000006 236.50000000000003 217.50000000000003 111.65133048040369 230.50000000000003 10.389228504554778 53.090817768022937 0.65944034000000007 27.620079198385081 0.56494268500000011 20.325362273898474 -0.40757006499999998 24.582699336849689 174.50000000000003 23.969941462571779 0.78081134000000019 0.53639948500000012 0.42647059261798864 45.808174089295072
decision_type=2 2 2 2 2 2 2 2 2 2 2 2 2 2 2 2 2 2 2 2 2 2 2 2 2 2 2 2 2 2
left_child=-1 3 -3 4 5 26 -7 20 9 10 16 12 13 -10 15 -15 -9 19 -19 -13 21 22 -8 24 -23 -26 -2 29 -29 -14
right_child=1 2 -4 -5 -6 6 7 8 11 -11 -12 17 27 14 -16 -17 -18 18 -20 -21 -22 23 -24 -25 25 -27 -28 28 -30 -31
leaf_value=0.041475931608040965 -0.012344839562362658 0.0063340661324211844 0.034161285235432069 -0.01281831078642081 -0.029487152196667824 0.035481721830881628 -0.057002024637893493 -0.067020633370576344 -0.0057163860428524936 -0.0026072155880814407 -0.029734858257192784 -0.0097297161209253039 0.015678207879165556 -0.040004453543893433 0.03931057658414161 -0.0060404396859908742 0.025513570946206494 0.034661302922197303 -0.068457035762164081 -0.050379361738893506 0.0030634584661540908 0.047933193856056822 0.023993326863370388 -0.0036342256175693139 -0.025002669030525334 -0.082844062946877642 -0.0017212849766316603 -0.07836732681200799 0.022507232903853144 -0.013677754287786496
leaf_weight=634.10801909863949 4649.0523686241359 2538.1403907728381 752.28465701453388 2934.4491772092879 428.38568171299994 480.52187699824572 140.77432680223137 59.933230049908161 5611.1950110355392 4422.3722602492198 288.89821830019355 901.55577191710472 786.49001054745167 1547.6207188451663 169.33326247893274 886.04245239216834 2413.1414073854685 381.50999039877206 174.08176447078586 906.64115693513304 52535.249357106164 73.622993305325508 1513.2003413075581 11986.882060362957 910.99841039162129 143.67575362510979 15384.809538964182 38.363818346522748 1700.6986266653985 1036.9912320440635
leaf_count=62715 22004 39296 42364 14075 2191 8896 843 389 28957 26272 1609 5856 4502 7597 987 4325 14312 2798 904 4677 334354 420 9902 69867 5005 773 71662 569 9871 6380
internal_value=-8.3552e-05 -0.000311489 0.0127046 -0.000692275 -0.000367413 -0.00025285 0.000631689 0.000442344 -0.00352666 0.00519903 0.0176945 -0.00795996 -0.00503753 -0.0112834 -0.0232773 -0.0276465 0.0232449 -0.0225116 0.00228662 -0.0301283 0.00169993 -0.00315016 0.0170693 -0.00570118 -0.0276375 -0.0329533 -0.00418708 0.0093628 0.0202382 -0.00101451
internal_weight=116431 115797 3290.43 112506 109572 109144 89109.8 88629.3 21324.9 7184.35 2761.97 14140.5 11776.7 8214.19 2603 2433.66 2473.07 2363.79 555.592 1808.2 67304.4 14769.2 1653.97 13115.2 1128.3 1054.67 20033.9 3562.54 1739.06 1823.48
internal_count=804372 741657 81660 659997 645922 643731 550065 541169 120005 42582 16310 77423 63188 41866 12909 11922 14701 14235 3702 10533 421164 86810 10745 76065 6198 5778 93666 21322 10440 10882
is_linear=0
shrinkage=0.05


Tree=79
num_leaves=31
num_cat=0
split_feature=1 19 18 4 11 18 3 20 19 20 23 12 11 24 11 3 24 20 12 12 4 24 12 20 19 18 20 18 11 12
split_gain=414.122 223.97 202.717 195.467 279.906 208.551 181.785 180.31 399.948 173.381 152.261 246.626 280.797 215.4 153.893 132.156 130.943 129.058 126.949 119.11 118.612 115.961 120.952 113.998 109.207 109.942 138.526 105.444 105.059 321.299
threshold=49.798106789588935 0.60294118523597728 166.48529052734378 28.990504510700706 50.76485803746403 177.26871490478518 41.891059696674354 62.476669311523445 0.22058823704719546 28.857505798339847 1.1008879500000004 1.8157894736842108 69.240060989413394 3.5000000000000004 20.03343528257712 7.7141421064734468 1.5000000000000002 37.02986145019532 8.3266253869969056 6.1037151702786394 69.208125501871123 4.5000000000000009 5.0882352941176476 -21.101730346679684 0.073529412969946875 158.16176605224612 7.2383346557617196 189.99815368652347 20.631915132800589 7.7910216718266261
decision_type=2 2 2 2 2 2 2 2 2 2 2 2 2 8 2 2 10 2 2 2 2 10 2 2 2 2 2 2 2 2
left_child=1 3 -2 4 5 24 27 8 -5 -8 11 -9 13 14 -13 17 19 20 -6 -11 -10 22 -12 -17 -1 26 -26 -3 -15 -30
right_child=2 6 -4 7 18 -7 9 10 15 16 21 12 -14 28 -16 23 -18 -19 -20 -21 -22 -23 -24 -25 25 -27 -28 -29 29 -31
leaf_value=0.04603121548331239 0.04875021579589689 -0.00041021915196729972 0.012486201992471139 0.027912910783322222 -0.018799437582016056 -0.0079338615009576837 -0.016067103218677235 0.015151046258146214 -0.0046974828101067397 0.0065885542618766757 0.0052535923491887088 0.0070695062777773312 -0.059670707488016832 0.0040352540560920106 -0.067961246793255312 -0.016409538175252876 -0.010590437620768878 0.0095752190983546641 0.021337843722949976 -0.03721522639611085 -0.029425200558240466 -0.0017591178129957475 0.026113918199464251 0.0050060227529418778 0.020971802221593547 0.0047423059503966742 -0.16157428591887479 -0.0099144887566064311 -0.0065311596928148063 -0.073063866760939511
leaf_weight=159.06938294321299 559.46294145472348 29029.225013252348 1236.9714038465172 1777.9648975632153 3172.9610644206405 5086.3701672516763 4706.5641703307629 1287.3598217056133 1491.9546295702457 2819.8550459258258 3157.9178535002284 95.973982925061136 256.76506550889462 2267.4095694385469 234.85773886414245 633.19665771722794 3017.3615742763504 915.6886047385633 209.22780649363995 163.23497312888503 717.85237690061331 4594.6445442573167 890.2126047401689 30930.292608662508 19.062823304906487 7324.2049980368465 21.322994248941541 3243.4343288950622 6000.4491988760419 186.13456735108048
leaf_count=4592 63261 138543 25074 45110 14041 22802 24220 14804 6609 19568 33011 952 2037 17215 2030 3089 20088 4868 882 1086 3368 34520 8662 193379 357 38335 116 15407 44485 1258
internal_value=-1.27488e-05 -0.000386864 0.0238007 0.00132914 -0.00354056 -0.000114345 -0.00323878 0.00273393 0.00479062 -0.00888394 -0.00121942 -0.0053166 -0.00823218 -0.0067221 -0.0462392 0.00360473 -0.00324796 -0.0062012 -0.0163109 0.00417994 -0.0127399 0.00367715 0.00984624 0.0045759 0.00517239 0.00428374 -0.0769845 -0.00136569 -0.00517039 -0.0085444
internal_weight=116207 114411 1796.43 71430.9 15992.2 12610 42979.7 55438.7 36466.9 10707 18971.7 10328.9 9041.59 8784.83 330.832 34689 6000.45 3125.5 3382.19 2983.09 2209.81 8642.78 4048.13 31563.5 7523.66 7364.59 40.3858 32272.7 8453.99 6186.58
internal_count=803769 715434 88335 496522 81125 66202 218912 415397 256423 64962 158974 82781 67977 65940 2982 211313 40742 14845 14923 20654 9977 76193 41673 196468 43400 38808 473 153950 62958 45743
is_linear=0
shrinkage=0.05


Tree=80
num_leaves=31
num_cat=0
split_feature=15 0 17 17 12 4 11 12 8 19 3 12 21 17 11 11 20 20 4 20 19 17 21 20 19 12 11 20 24 21
split_gain=394.333 219.429 194.465 149.216 142.222 132.539 221.378 186.958 147.635 136.835 166.704 130.427 238.474 191.671 142.502 132.106 131.42 265.055 121.737 167.931 114.345 113.899 108.743 104.98 104.487 103.577 97.505 109.817 99.7521 96.3648
threshold=21.682642936706547 6.3616042137146005 175.45454406738284 217.55000305175784 11.018575851393191 26.5664331689477 45.808174089295072 8.3266253869969056 1.0000000180025095e-35 0.60294118523597728 27.280111812055114 4.3544891640866874 -0.06070800124999999 179.44565582275393 92.67470495860691 32.768276243663799 51.921394348144538 85.693748474121108 95.450759366154685 48.609481811523445 0.13235294446349147 166.70588684082034 -2.1536850999999992 3.4155578613281254 0.22058823704719546 2.1269349845201244 111.65133048040369 0.98529052734375011 7.5000000000000009 1.0861206000000003
decision_type=2 2 2 2 2 2 2 2 2 2 2 2 2 2 2 2 2 2 2 2 2 2 2 2 2 2 2 2 8 2
left_child=1 3 -3 4 5 6 20 -8 -9 11 -11 12 15 16 -15 -7 24 21 19 29 -1 -18 -22 -4 -13 -25 27 28 -17 -14
right_child=-2 2 23 -5 -6 9 7 8 -10 10 -12 13 18 14 -16 26 17 -19 -20 -21 22 -23 -24 25 -26 -27 -28 -29 -30 -31
leaf_value=0.036189443333457312 0.04245913581266534 0.023273339408778945 -0.0044686112663854475 -0.014750739363323665 0.012037478754187416 -0.00015588038757941955 -0.013788063314564506 0.039399991290519402 -0.02322339239622976 0.0014920069302687871 -0.0063451271166249813 0.019944134723037327 0.0051487615269900158 0.0029371560946892241 -0.038555359886485049 0.015102702107718143 -0.047363931417971281 -0.00024993479227609813 0.0047266687958689973 -0.012718299274572173 0.029502870071447251 -0.01932087725747756 -0.0019655799694932872 0.015963513453096836 -0.003838942796598935 0.0022104949676932445 -0.017635999962120726 0.016515864832561369 -0.007213017629583535 -0.0097626821382879696
leaf_weight=203.43864727951586 545.57053478481248 1553.5695445653982 2536.5244498057291 1874.5285983476788 2205.5781582389027 2704.5895409658551 6429.3935727719218 301.76619563996792 135.77868545055389 12805.289427515119 14431.673509259708 543.65108961053193 4316.4420932354406 14101.17092663981 209.01347718574107 934.75102188810706 449.74962660763413 2097.5265338057652 7936.7254548300989 3313.4735623868182 278.24479530006647 1860.0928504979238 16265.550078544766 2294.7077764654532 3035.3158971779048 3392.4000553181395 260.15769672393799 6569.8973338571377 1076.3826357005164 1445.4887925526127
leaf_count=4806 59443 55661 16698 8912 14766 19583 28229 1268 580 61378 77503 8093 21556 74383 974 5382 4835 16809 58633 16358 1280 11052 75098 36571 18717 33216 1712 58130 5520 7003
internal_value=8.96058e-05 -0.000110786 0.00705544 -0.000773182 -0.000520891 -0.000793346 -0.00407561 -0.0116352 0.0199581 0.000199223 -0.00266063 0.00173094 0.00396829 -0.00113476 0.00232847 0.00951414 -0.00733979 -0.0131186 0.000204101 -0.00375111 -0.000975396 -0.0247993 -0.00143457 0.00398917 -0.000221692 0.00776157 0.012472 0.0133867 0.00316141 0.0014069
internal_weight=116108 115563 9777.2 105786 103911 101706 23614.2 6866.94 437.545 78091.4 27237 50854.4 28557.9 22296.5 14310.2 11545.8 7986.34 4407.37 17012.1 9075.4 16747.2 2309.84 16543.8 8223.63 3578.97 5687.11 8841.19 8581.03 2011.13 5761.93
internal_count=804149 744706 142146 602560 593648 578882 111261 30077 1848 467621 138881 328740 193877 134863 75357 90327 59506 32696 103550 44917 81184 15887 76378 86485 26810 69787 70744 69032 10902 28559
is_linear=0
shrinkage=0.05


Tree=81
num_leaves=31
num_cat=0
split_feature=16 4 12 0 22 22 12 11 22 12 13 22 11 11 22 4 22 20 11 20 11 11 22 20 11 11 22 20 22 12
split_gain=396.214 209.231 159.085 149.268 146.895 206.763 169.698 192.494 284.685 168.314 160.265 215.441 171.24 191.387 262.71 146.591 133.88 130.844 187.883 125.99 124.184 184.849 194.614 191.292 144.191 240.806 178.34 128.93 125.729 147.007
threshold=0.1911764740943909 179.52879112586382 11.018575851393191 8.7084975242614764 -1.7667101999999997 -1.0697576499999999 2.1965944272445825 103.36032366453911 -0.36151543499999994 5.9969040247678027 -92.302003004844352 0.37528550500000007 67.867619931397982 72.987787986387602 0.085721280400000016 1.0000000180025095e-35 2.7106600000000003 13.492424011230471 16.61007971562238 14.409004211425783 28.386584936119274 36.565737825728981 -1.6132802499999999 29.333641052246097 22.724912485540287 20.8831020716474 -1.4815649999999998 3.8894500732421879 -1.2825376499999999 9.2260061919504661
decision_type=2 2 2 2 2 2 2 2 2 2 2 2 2 2 2 2 2 2 2 2 2 2 2 2 2 2 2 2 2 2
left_child=-1 2 4 19 9 15 10 16 -9 -2 11 -7 -12 -14 -15 -6 -8 18 -4 -3 24 23 27 -22 25 26 -17 -23 29 -27
right_child=1 3 17 -5 5 6 7 8 -10 -11 12 -13 13 14 -16 20 -18 -19 -20 -21 21 22 -24 -25 -26 28 -28 -29 -30 -31
leaf_value=0.041703034381044418 -0.017371695440897107 -0.015431469205560256 -0.042765421826359312 0.024760082024618046 -0.02486981454016533 0.044987751062299054 -0.002069935547295934 0.036369655589901032 -0.031582615636379228 0.044369911062933559 0.0048626991051191944 -0.0020291408865903376 -0.022386409070055398 0.013538496009576585 -0.0121235869956589 0.058648103735798957 -0.031675374961409812 0.019952822141707433 0.016703846830843316 0.0063623461503424976 -0.017625872955245279 -0.084430737325022986 0.012202265371300048 0.015852945002313698 0.032516803683586282 -0.055974915811865769 0.0094151080924595124 -0.010732037248729282 0.01785619419139187 0.031403549794829656
leaf_weight=570.47604498453438 2011.2434940957464 716.19978437479585 229.0758451372385 1028.9934547585435 366.70557833462954 507.90803856216371 70026.423490223475 178.83074774779379 1082.7365167438984 115.84773525781929 12556.100968900602 467.28071799688041 1314.2568900920451 1833.5786512512714 2184.2750411317684 237.27178619615734 382.96561508998275 1601.6174740912393 313.2845184057951 8805.8836627253331 1540.2244124612771 70.061492931097746 4621.5885901236907 589.13577455375344 930.75484141986817 260.95569838024676 809.05876048794016 362.43690228369087 132.34932072274387 58.285806586965919
leaf_count=62521 12605 5126 1011 44435 1852 2619 373970 1065 5310 608 85182 2263 9694 14333 14725 1576 1909 11404 1313 87426 8851 360 32726 4592 5566 1672 5078 3109 848 319
internal_value=0.000172984 -3.27937e-05 -0.000708592 0.00667809 -0.000990218 -0.00071498 -0.00146788 -0.00257843 -0.021929 -0.0139898 0.00275153 0.0224797 0.00167484 -0.00583146 -0.000412042 0.0061153 -0.00223141 0.0127681 -0.00844657 0.00472168 0.00729986 0.00399416 0.00919981 -0.00836011 0.0170717 0.00745932 0.0206248 -0.0228379 -0.0230231 -0.0399735
internal_weight=115906 115335 104784 10551.1 102640 100513 90534.4 71671 1261.57 2127.09 18863.4 975.189 17888.2 5332.11 4017.85 9978.83 70409.4 2143.98 542.36 9522.08 9612.12 7183.45 5054.09 2129.36 2428.68 1497.92 1046.33 432.498 451.591 319.242
internal_count=804068 741547 604560 136987 590832 577619 511070 382254 6375 13213 128816 4882 123934 38752 29058 66549 375879 13728 2324 92552 64697 49638 36195 13443 15059 9493 6654 3469 2839 1991
is_linear=0
shrinkage=0.05


Tree=82
num_leaves=31
num_cat=0
split_feature=15 1 18 13 12 18 21 14 12 12 22 5 21 12 14 18 14 22 13 21 22 13 21 22 13 12 14 9 12 14
split_gain=380.834 214.414 169.466 133.644 129.639 200.58 137.462 184.024 196.029 157.247 190.04 182.469 170.404 177.764 173.664 165.935 239.045 285.943 144.445 142.402 133.193 132.405 123.309 120.809 205.787 187.994 182.26 135.106 173.613 116.859
threshold=21.682642936706547 51.054771423339851 185.39170837402347 -58.495258846369218 2.1965944272445825 174.32843017578128 0.91939226000000007 256.50000000000006 4.0650154798761617 4.3544891640866874 1.3569536500000001 2.5000000000000004 -0.06070800124999999 2.3018575851393193 219.50000000000003 164.45683288574222 189.50000000000003 1.2243577000000003 -81.437098358380055 0.033785214650000006 -0.35569745499999994 -92.302003004844352 -0.58789157499999989 0.20379827500000003 -35.336988318284774 4.0650154798761617 262.50000000000006 25.500000000000004 6.3699690402476792 186.50000000000003
decision_type=2 2 2 2 2 2 2 2 2 2 2 2 2 2 2 2 2 2 2 2 2 2 2 2 2 2 2 2 2 2
left_child=1 2 4 22 5 -1 7 9 -9 10 11 -6 14 19 20 16 17 -11 -17 -14 -13 -7 -4 24 -8 -26 29 28 -28 -25
right_child=-2 -3 3 -5 6 21 23 8 -10 15 -12 12 13 -15 -16 18 -18 -19 -20 -21 -22 -23 -24 26 25 -27 27 -29 -30 -31
leaf_value=0.0092768059061882381 0.043187064144274374 0.019423483686922191 0.024006140803991965 -0.0067162351092179334 -0.0076840085068955221 0.022795139389698765 -0.013454349025649393 -0.0028565095795179407 0.014018952105619771 0.025893501575326029 0.026789578604644895 0.0099590572263700498 -0.12002008988462157 0.0001742172373362791 0.017887093863928172 -0.021680901252493754 -0.024961723546415092 -0.059398586059159965 -0.0011922439052759956 -0.024013551449648521 -0.0043825544447007028 -0.0019118382297864383 -0.00031827138700589062 -0.026222993392680236 -0.0038523149804723005 0.018440969463040267 -0.034967229747344834 -0.066188736962500078 0.019018363536142752 -0.0031050604357116822
leaf_weight=9594.7219458050095 508.46326047880575 1383.0138393417001 636.37048675492406 15347.380027142353 4171.3554682051763 571.11215793527663 2062.5237351963297 2720.0382947931066 4682.3862090809271 537.81444524135441 782.9937435425818 3721.4772943085991 43.429460304789245 7966.2903466923162 3222.2170663936995 885.009959731251 1765.2228019102477 119.20611512241885 29576.550717135891 303.15522427577525 2864.0733968890272 10391.120770943351 2853.8121766708791 645.20133644435555 2109.6396414460614 1712.5489203631878 569.56058921385556 208.98675823956728 200.80041314009577 3550.6649535205215
leaf_count=91523 59685 46257 2969 78366 20168 2847 9552 19894 35677 7945 4228 25978 244 46216 27402 3827 18998 1195 152148 1817 17469 64845 12938 3205 12988 10024 3258 1062 1364 19003
internal_value=5.27431e-05 -0.000138016 -0.000375883 -0.00470796 0.000483363 0.00399801 -0.000487511 0.000410313 0.00781848 -0.000569787 0.00259422 0.00174321 0.00391365 -0.00135295 0.0083772 -0.00279002 -0.0153828 0.0103518 -0.0017882 -0.0363545 0.00372213 -0.000622688 0.00412244 -0.00563063 -0.000729685 0.0061385 -0.0112022 -0.0306134 -0.0208891 -0.00666532
internal_weight=115707 115199 113816 18837.6 94978.1 20557 74421.1 63361.2 7402.42 55958.8 23075 22292 18120.6 8312.88 9807.77 32883.8 2422.24 657.021 30461.6 346.585 6585.55 10962.2 3490.18 11059.9 5884.71 3822.19 5175.21 979.348 770.361 4195.87
internal_count=803092 743407 697150 94273 602877 159215 443662 383206 55571 327635 143522 139294 119126 48277 70849 184113 28138 9140 155975 2061 43447 67692 15907 60456 32564 23012 27892 5684 4622 22208
is_linear=0
shrinkage=0.05


Tree=83
num_leaves=31
num_cat=0
split_feature=15 12 16 22 20 23 11 12 21 11 22 11 11 20 23 11 21 23 12 21 22 21 20 11 22 12 21 12 20 12
split_gain=326.88 170.621 202.308 202.48 193.277 179.882 373.516 274.759 201.632 229.894 228.121 470.533 397.447 243.293 222.126 195.681 193.396 183.714 175.926 216.797 202.189 172.379 171.291 179.048 162.039 170.389 210.975 386.475 313.604 244.204
threshold=21.682642936706547 2.1965944272445825 0.54411765933036815 -1.7176085499999998 -23.098388671874996 0.56494268500000011 20.325362273898474 8.1130030959752339 0.69073289500000012 37.513179078940361 0.16993466000000004 42.957109953562274 58.047414695861363 10.566963195800783 1.7114638000000002 38.133061216700106 1.8306496500000002 1.1452196500000003 2.8034055727554184 -0.54046523499999999 -0.42777149499999995 0.0095684877600000027 54.864372253417976 9.5080668581966847 0.28680163500000005 9.3421052631578956 -0.40757006499999998 6.7879256965944288 13.014709472656252 8.0216718266253881
decision_type=2 2 2 2 2 2 2 2 2 2 2 2 2 2 2 2 2 2 2 2 2 2 2 2 2 2 2 2 2 2
left_child=1 2 -1 -4 -3 6 7 -6 9 -7 11 14 15 -14 22 -12 17 -15 20 -20 -8 -21 -10 -24 -11 26 27 28 -26 -28
right_child=-2 4 3 -5 5 8 18 -9 10 24 12 -13 13 16 -16 -17 -18 -19 19 21 -22 -23 23 -25 25 -27 29 -29 -30 -31
leaf_value=0.022826654049132256 0.04099240948210732 -0.016816551684253681 -0.021509989430484221 0.0034120416314312933 0.025430266821923255 -0.0012444127515482707 -0.094258167377238855 -0.019230460440089494 0.0069251425941572924 0.0085024479742914338 -0.009824449630699254 -0.0094813444978147782 -0.032150520555420191 -0.010212125025578372 -0.010724393780787642 -0.028044089963480769 -0.043789609823623558 0.019832492748331293 -0.074442520057578579 0.00031909291612267982 -0.019027195699676428 -0.012629080073583139 -0.057400244620401435 0.030692817079205528 -0.018143506155726349 0.030518516883219132 0.0026356932726715075 -0.043965177708507122 0.014553538823851296 0.053696647232056686
leaf_weight=1294.6377551667392 487.07199862087145 1900.4906768389046 843.12747603934258 23624.860193647444 1449.0026709483936 28379.694815549999 92.808421139605343 450.8414995870553 1878.6849919129163 15508.468617433682 3644.6279875235632 4929.3397925854661 401.04974799696356 673.33940983004868 834.23269180720672 2475.1435097153299 160.77784046158195 2074.5252205054276 114.6872338289395 5611.7036663014442 1901.8045433987863 4741.8549524615519 58.585279405117035 1907.5376248159446 1540.1339708538726 447.7195772449486 5888.1646270970814 697.4396781725809 1398.1034190417267 242.86655784212053
leaf_count=30728 59607 9305 6272 171989 9514 177020 549 2811 9794 99421 20820 27831 1936 3781 4499 13554 971 11748 702 32687 12336 26222 367 12405 7856 2212 32171 3609 9733 1214
internal_value=0.000160094 -1.29527e-05 0.0035721 0.00255242 -0.00104605 -0.000703344 -0.00581893 0.0148275 0.000301277 0.00185857 -0.00412419 0.00129786 -0.00964866 0.0043091 0.0126533 -0.0171968 0.00934555 0.0124693 -0.00896722 -0.00637285 -0.0225731 -0.00561172 0.0177272 0.02804 0.00528197 0.000391996 -0.000992028 -0.0105334 -0.00258559 0.00466678
internal_weight=115653 115166 25762.6 24468 89403.6 87503.1 14362.7 1899.84 73140.4 54102.6 19037.8 9608.38 9429.46 3309.69 4679.04 6119.77 2908.64 2747.86 12462.9 10468.2 1994.61 10353.6 3844.81 1966.12 25722.9 10214.4 9766.71 3635.68 2938.24 6131.03
internal_count=803664 744057 208989 178261 535068 525763 84821 12325 440942 333236 107706 54896 52810 18436 27065 34374 16500 15529 72496 59611 12885 58909 22566 12772 156216 56795 54583 21198 17589 33385
is_linear=0
shrinkage=0.05


Tree=84
num_leaves=31
num_cat=0
split_feature=16 15 1 24 4 9 14 21 21 21 21 12 14 24 14 23 24 14 12 11 23 12 14 21 3 11 11 24 23 4
split_gain=343.28 157.909 173.19 147.671 143.929 134.91 125.815 208.031 113.508 109.385 136.883 178.122 230.118 374.122 244.622 210.107 202.522 180.931 176.595 171.113 163.135 167.838 211.945 177.446 158.846 151.921 129.524 170.066 128.167 127.998
threshold=0.1911764740943909 3.708223938941956 35.003659486770637 4.5000000000000009 208.38916902244094 1.0000000180025095e-35 248.50000000000003 1.5450766500000002 0.0095684877600000027 2.1251499500000004 0.70677247500000007 4.3544891640866874 177.50000000000003 7.5000000000000009 236.50000000000003 0.55684298000000021 6.5000000000000009 171.50000000000003 2.2801857585139325 145.48981178265885 1.8540950500000002 3.9659442724458209 170.50000000000003 0.050545455900000008 45.692466426640756 89.691619807248813 32.109559930549601 5.5000000000000009 0.21055318500000003 88.059555634856238
decision_type=2 2 2 8 2 2 2 2 2 2 2 2 2 8 2 2 10 2 2 2 2 2 2 2 2 2 2 10 2 2
left_child=-1 6 3 4 -3 -4 9 8 -8 10 11 12 13 17 16 -16 28 -2 -17 -18 21 22 -15 -23 -19 -24 27 -12 -14 -13
right_child=1 2 5 -5 -6 -7 7 -9 -10 -11 26 29 14 20 15 18 19 24 -20 -21 -22 23 25 -25 -26 -27 -28 -29 -30 -31
leaf_value=0.041049923103231516 0.0016891000259697108 0.0047144354832680153 0.034033137480054779 -0.00018783009840180357 0.023907514712589905 0.0061817777009780797 0.013680916199553165 -0.021515305742548466 0.0016622828104030836 0.02947369010373125 0.0087871648725535972 -0.0027132338452917496 0.028954442719080105 -0.013420380546878842 -0.034991114341594881 -0.014499429315899049 0.04145737158280538 0.045188386699442001 0.019078634936062697 -0.050666730298594531 0.015542281992658797 -0.017395467660214495 -0.049966597681314104 0.049904885538682747 -0.0052598960154707757 0.0047900971224876234 -0.0097860363523176591 -0.028503467823767805 0.0051173544172934075 -0.012306259039969512
leaf_weight=509.09206984099001 4023.5585018107668 10227.394938783254 733.84297574544325 29014.045709536877 1079.0550511120819 1066.277687093243 3208.6191819626838 729.27328784950078 5065.0195190645754 269.64964531734586 2039.8997267074883 20224.206051609479 587.43277745693922 3676.9828614685684 622.46358625590801 961.13144505023956 624.2116338070482 484.53765543643385 659.29705081414431 53.987045704387128 444.81380070094019 200.32508397102356 738.63126012124121 189.92872196342796 229.64210991933942 152.65050417091697 9603.819943998009 358.62703727558255 13567.823001112789 4198.4685513647273
leaf_count=62346 20039 77660 49702 195517 16626 11316 25470 4577 31216 1260 9357 92468 3055 18240 3434 7568 3807 2408 4135 263 2174 938 3700 904 1423 734 48049 1587 80606 23111
internal_value=0.000122972 -5.85066e-05 0.00237881 0.00170114 0.00654812 0.0175483 -0.00146648 0.00406708 0.00632435 -0.00224601 -0.00238086 -0.00126288 0.00151879 -0.00444685 0.00506164 -0.0103251 0.00738873 0.00580859 -0.00083432 0.0340602 -0.0134384 -0.0160408 -0.0187297 0.0154021 0.0289822 -0.0405935 -0.0071905 0.00320192 0.00610855 -0.00436279
internal_weight=115545 115036 42120.6 40320.5 11306.4 1800.12 72915 9002.91 8273.64 63912.1 63642.4 51640.1 27217.4 10141.1 17076.3 2242.89 14833.5 4737.74 1620.43 678.199 5403.33 4958.52 4568.26 390.254 714.18 891.282 12002.3 2398.53 14155.3 24422.7
internal_count=803690 741344 350821 289803 94286 61018 390523 61263 56686 329260 328000 269007 153428 50560 102868 15137 87731 23870 11703 4070 26690 24516 22674 1842 3831 4434 58993 10944 83661 115579
is_linear=0
shrinkage=0.05


Tree=85
num_leaves=31
num_cat=0
split_feature=15 18 0 1 5 25 25 25 11 21 11 12 12 3 21 11 2 12 21 8 11 18 0 12 12 21 4 21 11 11
split_gain=321.015 174.408 164.825 199.443 196.533 116.962 108.15 178.808 145.136 116.735 142.422 209.992 187.322 156.811 137.993 143.019 122.666 107.978 94.4201 92.3231 88.8673 88.4863 87.0873 82.8613 82.4191 171.522 81.8032 78.0806 77.7261 76.8955
threshold=21.682642936706547 190.41741943359378 1.3778134584426882 18.295722723007206 9.5000000000000018 25.14572632312775 21.65932177305222 21.653857684135442 49.851090743157435 0.31873576500000006 37.705012688695838 8.3266253869969056 7.93498452012384 3.7892491593956952 -0.48358499999999999 111.65133048040369 8.0000000596046466 1.8157894736842108 -1.0488714999999997 1.0000000180025095e-35 105.05147439454778 164.45683288574222 17.74709510803223 11.018575851393191 5.3777089783281742 -0.57886999499999992 77.805829681456103 -0.99229201999999994 32.347828984606572 63.239574884401854
decision_type=2 2 2 2 2 2 2 2 2 2 2 2 2 2 2 2 2 2 2 2 2 2 2 2 2 2 2 2 2 2
left_child=1 2 6 -4 21 -3 7 8 24 10 23 12 13 -12 17 -16 -11 18 29 -13 -18 -5 -23 -8 27 26 -26 -1 -6 -15
right_child=-2 5 3 4 28 -7 9 -9 -10 16 11 19 -14 14 15 -17 20 -19 -20 -21 -22 22 -24 -25 25 -27 -28 -29 -30 -31
leaf_value=0.012818714378760202 0.04198936429782784 -0.015505183736683662 0.0014610126597674831 0.036156474325617034 0.0019644383335806473 0.00021717325229553627 -0.0017613575390668192 -0.039804528883176316 -0.0089117306070098466 0.0010688700279352526 -0.0090288341196448577 0.041450190716120855 -0.041806653900867102 -0.042940107202396584 0.003121067708209949 -0.033282909582752554 -0.0078192607482153193 0.014240486578466008 0.0066193417774403967 0.0081899281750196437 0.01052574470706831 0.01060033156466598 -0.005258513467604576 0.01219931446196168 -0.0088550172144200578 0.0022784267166615292 -0.0281361469567111 0.00054171799428074405 0.02910126585144069 0.0094141672478357322
leaf_weight=1580.2414130605757 452.94152403343469 3003.8854745700955 22254.552190377377 216.01820749882609 314.31465780315921 1950.8499740855768 18769.195331949741 337.72807707637548 7502.7394744101912 10648.873688754626 1890.8518722653389 551.15878874063492 219.92111139651388 214.06911509204656 7913.504029745236 278.31990659981966 9676.5648267678916 5721.8570474088192 745.94372718688101 336.3105061352253 707.63237835559994 1865.8141496088356 1613.3401396488771 1125.6707458458841 2093.7461594454944 3838.2140148133039 745.97761605679989 7156.9810620676726 1648.0473611052148 103.61225834488869
leaf_count=9317 59981 14972 144649 7662 9465 9952 107943 1721 38639 50579 8431 2326 1018 1593 42540 1380 52555 34001 5742 1703 3604 23154 18221 7834 11037 19525 4351 36574 72406 922
internal_value=2.52908e-05 -0.000140316 0.000272796 0.00359225 0.011974 -0.00931596 -0.00085496 -0.00374198 -0.00320883 0.000284906 0.00194372 0.00516939 0.00393691 0.00453574 0.00624873 0.00188032 -0.00270177 0.0115215 -0.0031053 0.0288695 -0.00656824 0.00518007 0.00324693 -0.000970876 -0.000432768 -0.00461431 -0.0139282 0.00276339 0.0247579 -0.0258887
internal_weight=115479 115026 110071 27912.1 5657.53 4954.74 82159.1 23255.6 22917.9 58903.5 37870.4 17975.5 17088.1 16868.2 14977.3 8191.82 21033.1 6785.48 1063.63 887.469 10384.2 3695.17 3479.15 19894.9 15415.2 6677.94 2839.72 8737.22 1962.36 317.681
internal_count=803797 743816 718892 275557 130908 24924 443335 121164 119443 322171 215433 99656 95627 94609 86178 43920 106738 42258 8257 4029 56159 49037 41375 115777 80804 34913 15388 45891 81871 2515
is_linear=0
shrinkage=0.05


Tree=86
num_leaves=31
num_cat=0
split_feature=1 17 14 17 21 22 14 14 14 14 14 14 11 11 4 21 21 4 11 14 14 21 22 14 11 23 22 20 22 4
split_gain=293.873 148.657 137.266 136.473 124.5 174.659 322.933 323.313 276.336 216.397 160.126 155.618 255.522 186.975 180.775 168.025 204.125 147.287 181.833 181.455 145.707 142.244 131.654 158.073 130.986 129.005 333.965 208.077 166.806 202.368
threshold=58.156503468751914 157.66176605224612 236.50000000000003 217.55000305175784 0.91939226000000007 0.31588700500000005 260.50000000000006 232.50000000000003 217.50000000000003 200.50000000000003 171.50000000000003 266.50000000000006 53.090817768022937 27.905007794280266 43.315855957567699 1.3154362500000001 1.3646467500000001 63.550977360457189 33.014739663412236 266.50000000000006 258.50000000000006 1.1481375 1.4880200000000003 196.50000000000003 116.05492840440881 0.73998249000000016 -0.72863742999999992 4.3582839965820321 -0.56666779499999986 79.459737077355399
decision_type=2 2 2 2 2 2 2 2 2 2 2 2 2 2 2 2 2 2 2 2 2 2 2 2 2 2 2 2 2 2
left_child=1 2 -1 4 25 17 7 8 9 10 -7 -8 13 14 -13 -15 -17 18 -6 20 -20 -14 -12 -24 -10 26 -3 -28 -29 -30
right_child=-2 3 -4 -5 5 6 11 -9 24 -11 22 12 21 15 -16 16 -18 -19 19 -21 -22 -23 23 -25 -26 -27 27 28 29 -31
leaf_value=0.047920919128351731 0.025128745598443403 -0.086223118236325474 0.0074250829322367986 -0.01338150539532388 0.0056353324542296824 0.011026862607840788 -0.054361287964296096 0.012466562286166279 -0.038886067741295015 0.017946271603842563 -0.034762441592810285 -0.072526209865237778 -0.053822229588935969 -0.073356623184976391 0.0080186419707657958 0.065050791000194882 -0.0577838290054059 0.0054328512664327221 -0.012837298296736474 0.069387023896661473 -0.058066021149985041 0.060203711800497051 0.052127405638038186 -0.028264881431368613 0.034209848309153641 0.0016742074623753149 -0.0097725750473825757 -0.0149298426033988 -0.0027485897067889026 0.0071709312361769783
leaf_weight=283.68297256762162 1141.9279745700769 117.12805781327188 791.68616450857371 2026.860494592227 1930.8840475208126 427.63620889279991 475.72260191757232 1815.0167730171233 1017.7809866513126 759.38294040411711 821.50777868367732 85.289446253329515 33.581491499207914 312.98969937022775 360.77476841583848 56.693904206156731 80.758607087656856 5534.7464428376406 2832.4156067767181 63.033489974215627 189.14832037687302 132.22109436616302 107.54779996769503 139.05981666222215 64.463680087123066 64558.485324535053 6630.4935942119919 1665.2230278695934 11986.267850985285 9002.4475364540704
leaf_count=20037 72971 680 15886 9870 9627 2295 3033 10826 5205 4127 4453 469 182 1540 2304 348 358 38238 13131 300 846 892 643 766 421 407995 32890 10739 58694 73696
internal_value=-9.90977e-05 -0.000351351 0.0181425 -0.000527153 -0.000292738 -0.00419828 -0.0105173 -0.00451308 -0.0137483 -0.0037765 -0.0148096 -0.0306153 -0.0199403 -0.0304865 -0.00750967 -0.053173 -0.00701534 -0.000190477 -0.00639585 -0.0139265 -0.0156869 0.0369248 -0.0251543 0.00686385 -0.0345046 0.000423925 -0.00232135 -0.00198284 0.000297444 0.00150621
internal_weight=115445 114303 1075.37 113228 111201 17240.7 6690.43 5152.4 3337.38 2255.13 1495.75 1538.03 1062.31 896.506 446.064 450.442 137.453 10550.2 5015.48 3084.6 3021.56 165.803 1068.12 246.608 1082.24 93960 29401.6 29284.4 22653.9 20988.7
internal_count=803462 730491 35923 694568 684698 100004 37862 28736 17910 12284 8157 9126 6093 5019 2773 2246 706 62142 23904 14277 13977 1074 5862 1409 5626 584694 176699 176019 143129 132390
is_linear=0
shrinkage=0.05


Tree=87
num_leaves=31
num_cat=0
split_feature=16 15 1 22 12 20 14 24 17 12 14 22 22 22 5 14 22 12 3 12 22 14 22 12 14 24 22 12 14 9
split_gain=307.974 157.745 148.439 128.037 183.27 127.813 203.564 166.955 160.795 116.447 175.954 138.581 134.786 132.059 131.591 113.429 111.893 143.512 141.842 111.05 205.047 175.272 143.786 218.722 135.603 129.648 129.383 134.63 128.785 143.021
threshold=0.1911764740943909 3.8832997083663945 35.003659486770637 -1.7176085499999998 5.9969040247678027 77.815338134765639 249.50000000000003 4.5000000000000009 159.91176605224612 4.0650154798761617 262.50000000000006 -0.36151543499999994 -0.37704915999999994 0.32628046000000005 7.5000000000000009 254.50000000000003 -1.2466693999999998 11.018575851393191 1.0000000180025095e-35 4.3544891640866874 1.4880200000000003 249.50000000000003 -0.28485888499999995 4.9055727554179578 258.50000000000006 1.0000000180025095e-35 0.04601305725000001 4.2058823529411766 175.50000000000003 23.500000000000004
decision_type=2 2 2 2 2 2 2 8 2 2 2 2 2 2 2 2 2 2 2 2 2 2 2 2 2 10 2 2 2 2
left_child=-1 3 5 4 -2 8 7 -7 -3 10 -8 15 -12 -13 -14 -11 18 19 -5 20 26 28 23 24 -23 -25 -18 -28 -21 -30
right_child=1 2 -4 16 -6 6 9 -9 -10 11 12 13 14 -15 -16 -17 17 -19 -20 21 -22 22 -24 25 -26 -27 27 -29 29 -31
leaf_value=0.040529003848800559 -0.019028470500202677 0.044918729573400658 0.017006609527513608 -0.028858806107961363 0.043263771009789842 0.01002356179742812 0.0084722141286654017 -0.035565570459631796 0.0031323188471101544 -0.051563425331388114 0.0062327269333060644 0.022456489939188216 -0.034857226882917286 0.0017346551973411832 -0.0098626246343670454 -0.0038332479457987012 0.001621015633090275 0.015092464543355369 0.0093999088673911713 0.0013327099907851246 0.023540205651418629 -0.087616085585307063 0.012357449480330874 -0.014446640855854211 -0.015882167177453721 0.022868645322400929 -0.0052749984978848058 0.018274592461090089 -0.012764641874692501 -0.0042595378058914958
leaf_weight=464.82068907469511 1682.5164732336998 231.20558572839946 1663.5496856719255 258.05262652412057 126.0469346344471 269.15724499290809 1340.9085866669193 785.71388714527711 27003.858912319411 141.52864908333868 671.755126953125 1338.6530507560819 844.94660362415016 1804.979990247637 1398.0792175708339 984.27120449859649 22868.616052257828 1253.7213274566457 3744.2785421274602 5218.391751235351 886.90447509195656 120.00677622482181 2609.720847222954 501.18105476815253 145.82476593367755 432.91165337432176 14767.419035661034 631.94220928661525 7893.088301897049 13225.962252337486
leaf_count=62693 9521 8109 59456 1188 667 3907 12372 7399 184391 1034 6291 10103 4460 13278 10565 7824 135465 7488 23390 24118 4399 735 16681 2967 848 3051 79691 3227 40202 58651
internal_value=-4.41309e-05 -0.000208697 0.00240182 -0.00152407 -0.0146655 0.00174144 -0.00322569 -0.0239347 0.00348869 -0.000660711 -0.00651302 0.00517292 -0.0134073 0.010563 -0.0192894 -0.00987403 -0.0012051 -0.00166647 0.00692656 -0.00196986 -0.000213587 -0.00425082 0.00577224 -0.00854833 -0.0484727 0.00285335 -0.000764709 -0.00430747 -0.00570079 -0.00743871
internal_weight=115310 114845 38478.6 76366.6 1808.56 36815.1 9579.99 1054.87 27235.1 8525.12 4255.69 4269.43 2914.78 3143.63 2243.03 1125.8 74558 70555.7 4002.33 69302 39154.9 30147.1 3809.65 1199.92 265.832 934.093 38268 15399.4 26337.4 21119.1
internal_count=804171 741478 329189 412289 10188 269733 77233 11306 192500 65927 33688 32239 21316 23381 15025 8858 402101 377523 24578 370035 222782 147253 24282 7601 1583 6018 218383 82918 122971 98853
is_linear=0
shrinkage=0.05


Tree=88
num_leaves=31
num_cat=0
split_feature=15 20 21 14 10 10 6 6 14 11 6 21 12 14 11 19 14 10 12 11 21 12 14 18 21 21 11 21 11 14
split_gain=296.546 168.003 218.491 241.716 196.193 178.666 173.055 158.076 121.521 133.865 112.354 104.928 166.844 288.839 274.802 266.28 282.12 267.836 221.943 209.475 199.805 220.565 187.924 235.52 187.63 183.08 183.24 164.999 161.826 154.773
threshold=21.682642936706547 -10.190521240234373 -1.6487905499999997 208.50000000000003 46.458462734520445 -24.56918079704046 1.5000000000000002 5.5000000000000009 270.50000000000006 40.166163226999004 21.500000000000004 0.69073289500000012 5.3374613003095988 236.50000000000003 78.93579828544253 0.36764706671237951 217.50000000000003 -21.701666325330731 1.212074303405573 111.65133048040369 0.0095684877600000027 0.94582043343653266 255.50000000000003 164.17825317382815 -0.72949796999999983 -1.0392652499999999 28.886018813636749 0.36957310500000001 11.403051592271213 177.50000000000003
decision_type=2 2 2 2 8 10 2 2 2 2 2 2 2 2 2 2 2 10 2 2 2 2 2 2 2 2 2 2 2 2
left_child=1 5 3 7 10 -1 -6 -3 -5 -10 11 12 13 15 -15 -4 18 -18 29 -20 21 -19 23 -14 -21 26 -23 -16 -24 -17
right_child=-2 2 4 8 6 -7 -8 -9 9 -11 -12 -13 22 14 27 16 17 20 19 24 -22 25 28 -25 -26 -27 -28 -29 -30 -31
leaf_value=0.0021331782953364427 0.042598159421829672 0.015701783181902223 0.017698526081485515 0.041474793622272417 0.028388306804552201 -0.0086752103172893918 -0.0070145806217533253 -0.0088997574006698024 0.044861741524964194 -0.037378708642578327 -0.0079489995784875634 -0.002602124468311246 -0.022857922075227834 -0.0014318114453221562 -0.050719921475100217 -0.038151735726473041 0.031156673818369382 -0.036105887119463241 0.00021856078520003975 0.064976331109222768 -0.0064935495060660323 -0.04642333071743094 0.025715537775821036 -0.0021779724021955952 -0.041679278934245459 0.021103690408232203 0.0097936440306328962 0.0064729262177511682 0.0011727404842608131 0.026248696569365706
leaf_weight=6044.1195905841887 408.50225462717935 1454.2622931716032 4119.0268451604061 838.62692742282525 1123.9803400975652 10404.255903373472 497.48659066762775 1183.466817278415 86.024090213701129 113.69712445465848 4251.1206036284566 22247.26885149302 1480.4656105050817 11893.548598500434 462.25413033459336 100.63611692562699 1495.551587074995 211.69245377089828 16849.976623157039 44.346675873734057 1786.3619673801586 207.70391194615513 1039.1147974897176 19491.844144225121 465.24861055891961 3258.3160389363766 473.71440406888723 172.98820741428062 1896.2063089115545 1151.8689764849842
leaf_count=28013 59911 11617 51667 9638 48418 50172 4398 5724 789 1324 19483 131542 16339 90875 3488 693 8165 2224 87395 251 9301 1481 8993 98652 2307 23072 4160 1411 13771 9291
internal_value=0.000124983 -2.64626e-05 0.000755437 0.0127136 0.000291215 -0.00470367 0.0175286 0.00466465 0.0331363 -0.00190901 -9.18581e-06 0.000370796 0.00136389 0.00323659 -0.00314457 0.00588702 0.00401844 0.012252 0.000729607 -0.000737504 0.00748608 0.0135016 -0.00198029 -0.00363882 -0.0322887 0.0161757 -0.00738484 -0.0351596 0.00986678 0.021048
internal_weight=115254 114845 98396.8 3676.08 94720.7 16448.4 1621.47 2637.73 1038.35 199.721 93099.3 88848.1 66600.9 42693.2 12528.8 30164.4 26045.4 7433.34 18612.1 17359.6 5937.79 4151.43 23907.6 20972.3 509.595 3939.73 681.418 635.242 2935.32 1252.51
internal_count=804565 744654 666469 29092 637377 78185 52816 17341 11751 2113 584561 565078 433536 295781 95774 200007 148340 48403 99937 89953 40238 30937 137755 114991 2558 28713 5641 4899 22764 9984
is_linear=0
shrinkage=0.05


Tree=89
num_leaves=31
num_cat=0
split_feature=15 0 1 7 25 25 13 11 13 21 11 16 21 22 22 21 5 22 21 21 5 11 21 22 9 18 5 22 18 22
split_gain=259.871 150.012 175.482 223.729 147.604 166.867 149.104 125.662 81.9564 174.119 124.944 120.847 84.0273 95.8864 149.123 142.612 81.4527 77.1142 74.8223 100.477 72.7853 72.5053 79.5865 76.659 71.261 78.3479 68.8825 66.193 66.0756 63.3473
threshold=21.682642936706547 1.2219766378402712 24.532674551010135 1.0000000180025095e-35 21.65932177305222 21.653857684135442 -2.6026670459092762 51.624088383588266 -58.495258846369218 -0.58789157499999989 75.951033719080073 0.83823528885841381 -0.55150461499999992 1.2982029000000002 0.77527007500000011 1.9023737000000003 2.5000000000000004 1.6035561000000003 -1.6978661499999999 -1.2996536999999997 2.5000000000000004 15.793902891665141 -0.43871623499999995 -1.7667101999999997 37.500000000000007 163.66176605224612 1.5000000000000002 1.6035561000000003 190.41741943359378 -1.0613109499999998
decision_type=2 2 2 2 2 2 2 2 2 2 2 2 2 2 2 2 2 2 2 2 2 2 2 2 2 2 2 2 2 2
left_child=1 4 21 26 5 7 8 17 9 16 -11 27 -12 14 -14 -15 18 28 -6 -20 -9 -3 23 -23 -24 -26 -4 -10 -1 -25
right_child=-2 2 3 -5 6 -7 -8 20 11 10 12 -13 13 15 -16 -17 -18 -19 19 -21 -22 22 24 29 25 -27 -28 -29 -30 -31
leaf_value=-0.00025489484497561533 0.040737027918428731 0.010773479429347888 -0.025829819095193135 0.030091008548552012 0.044754771735215242 -0.039683393855616894 -0.0061194468426615046 -0.022751278600211852 0.0021086728714107099 0.011344126691979702 -0.053742865507239834 -0.0046363129790068704 0.00064078848594729672 0.035001394394825858 -0.022861722739123375 -0.047984741703418564 0.026869482518834899 -0.019895232356094809 -0.058762002496552217 0.0054575485844665598 -0.0075453025886058796 -0.024505051983740853 0.00059551323352046749 0.017554756724366533 -0.063217489568744831 -0.0065544262469700272 0.0065884354710379405 -0.010373868726418449 -0.018428770245437199 0.0041923683644597342
leaf_weight=15207.734860213473 392.50889240438119 2015.0794244324788 176.51540322694927 1290.3226434974931 86.995053239166737 329.49070952832699 7974.030939264223 903.82778336852789 32482.233061816543 2576.370810508728 76.394054245203733 9694.8137482590973 4175.4945872575045 337.1497743986547 804.04309132881463 60.230505526065826 1207.9739214889705 549.25248676910996 73.135761458426714 340.62875007092953 6063.619327666238 209.19779594428837 13904.169924175832 1036.8257768121548 61.221293494105339 3168.8771672211587 2131.6053978540003 1096.970881992951 516.14180623367429 6110.1016557873227
leaf_count=79719 59748 13917 1235 81207 378 1666 56662 3976 179612 11560 372 45047 19155 1462 3545 302 6335 2796 320 1474 31688 1665 98135 9843 344 14570 22507 5628 2459 46790
internal_value=0.000174232 3.50224e-05 0.00306598 0.013425 -0.00104409 -0.00440433 0.000254631 -0.00390248 0.00121351 0.00535747 0.00227226 0.000280843 -0.00201496 -0.00127016 -0.00315798 0.0223344 0.0198457 -0.00149651 0.00288243 -0.00600801 -0.00952083 0.00165916 0.000908824 0.00525856 -0.000958811 -0.00764762 0.00409911 0.00170059 -0.000852593 0.00613307
internal_weight=115053 114660 30103.9 3598.44 84556.5 23570.1 60986.5 23240.6 53012.4 9738.42 8029.68 43274 5453.31 5376.92 4979.54 397.38 1708.73 16273.1 500.76 413.765 6967.45 26505.5 24490.4 7356.13 17134.3 3230.1 2308.12 33579.2 15723.9 7146.93
internal_count=804117 744369 290213 104949 454156 122304 331852 120638 275190 44903 36396 230287 24836 24464 22700 1764 8507 84974 2172 1794 35664 185264 171347 58298 113049 14914 23742 185240 82178 56633
is_linear=0
shrinkage=0.05


Tree=90
num_leaves=31
num_cat=0
split_feature=15 17 0 10 18 20 14 18 10 14 17 20 18 11 5 24 12 11 5 11 5 12 12 14 15 11 14 14 14 14
split_gain=242.033 151.688 127.593 202.997 144.484 117.37 123.778 159.391 109.857 172.226 240.407 137.292 123.798 117.57 114.232 104.074 118.102 101.789 82.6941 80.9048 101.744 98.1003 87.4629 80.8824 77.8284 89.5115 153.376 117.675 93.6386 120.164
threshold=24.162032127380375 217.55000305175784 1.0037087798118594 30.647507146000866 166.48529052734378 -5.0147094726562491 189.50000000000003 163.92513275146487 -21.701666325330731 203.50000000000003 179.51923370361331 95.507575988769545 174.19981384277347 15.017229010400021 2.5000000000000004 3.5000000000000004 2.1965944272445825 20.03343528257712 1.0000000180025095e-35 58.047414695861363 4.5000000000000009 5.6671826625387007 4.7275541795665648 196.50000000000003 11.026379108428957 43.720096607660828 195.50000000000003 228.50000000000003 244.50000000000003 264.50000000000006
decision_type=2 2 2 8 2 2 2 2 10 2 2 2 2 2 2 8 2 2 2 2 2 2 2 2 2 2 2 2 2 2
left_child=1 2 8 5 -5 -4 7 -7 9 12 14 -12 -1 -13 -11 17 -17 -8 -10 20 -14 -21 -22 -24 25 26 -18 -27 -29 -30
right_child=-2 -3 3 4 -6 6 15 -9 18 10 11 13 19 -15 -16 16 24 -19 -20 21 22 -23 23 -25 -26 27 -28 28 29 -31
leaf_value=0.0046734594115341189 0.043780051198803918 -0.013693217698311369 -0.0064345613357838869 0.038978898593255609 0.010157094112033192 0.037007493985272179 0.035113584199450924 0.0069934041361508232 -0.01535341997000963 -0.0416989656744369 0.0090568595086151695 0.020457985288873375 -0.0045980958002873511 -0.055637510237912829 -0.005040277899918991 0.0058822509277231842 -0.035906670033723484 0.0060139706701322036 -0.0020051161915934251 -0.0019393180192624757 -0.0038288072221503672 0.022767502452620988 -0.0307965588314804 0.022084295979672108 -0.029622898170822216 -0.0028594716989548607 0.0032022929123178968 -0.032957560411770871 0.0021301515962084531 -0.047620860161848466
leaf_weight=4713.4313309881836 314.75114852515981 2002.5304861115292 3955.5470042256638 525.56093047745526 2504.1089032720774 493.92601625388488 326.6067913766019 4172.1806683959439 1187.6132324486971 231.85284395515919 11958.164635632187 75.70490849390626 6890.0363495051861 150.4460658505559 2437.7974565951154 4920.0239798473194 261.24569640960544 3645.0870994753204 48725.583495135419 2151.2963811010122 660.22445450723171 492.99792836606503 994.35965756326914 77.27652907371521 274.5801009000279 3839.9307346618734 5691.5584065616131 686.70396237913519 622.03776502329856 149.76860916335136
leaf_count=27566 53117 9907 20500 37945 39650 11936 3333 26990 5341 1153 62312 552 30336 830 18240 45367 1475 39278 268487 9500 2948 2081 4307 347 7062 24091 40101 4334 4543 1032
internal_value=6.42041e-05 -5.60144e-05 0.000186172 0.00285432 0.0151681 0.00156915 0.0028315 0.0101778 -0.000873517 0.00147293 0.00534863 0.00832606 -0.00212986 -0.0301863 -0.00823842 0.00115221 -0.000602216 0.00841517 -0.00232302 -0.00497632 -0.00732263 0.00267385 -0.018153 -0.0269662 -0.00337051 -0.00272726 0.00148021 -0.00745374 -0.0195392 -0.00757313
internal_weight=115133 114818 112816 32068.9 3029.67 29039.2 25083.6 4666.11 80746.8 30833.6 14854 12184.3 15979.6 226.151 2669.65 20417.5 16445.8 3971.69 49913.2 11266.2 8621.9 2644.29 1731.86 1071.64 11525.8 11251.2 5952.8 5298.44 1458.51 771.806
internal_count=804661 751544 741637 307637 77595 230042 209542 38926 434000 160172 83087 63694 77085 1382 19393 170616 128005 42611 273828 49519 37938 11581 7602 4654 82638 75576 41576 34000 9909 5575
is_linear=0
shrinkage=0.05


Tree=91
num_leaves=31
num_cat=0
split_feature=18 20 1 7 6 24 22 14 22 22 11 22 14 22 22 22 22 6 24 14 11 22 14 14 14 11 14 14 22 14
split_gain=226.376 153.984 151.832 147.271 119.851 109.644 123.357 119.844 132.941 150.346 108.509 103.175 99.2297 342.91 130.342 98.4268 142.318 92.3456 88.4192 168.28 115.862 360.958 256.893 321.573 297.184 247.607 229.685 182.226 273.177 286.341
threshold=156.30882263183597 -13.290626525878904 32.991193532943733 1.0000000180025095e-35 1.5000000000000002 1.5000000000000002 0.65944034000000007 164.50000000000003 -0.48156505999999993 -1.1913062499999998 20.8831020716474 2.7106600000000003 159.50000000000003 -0.11682939999999999 0.48771763000000007 -0.93620764999999995 -1.7176085499999998 21.500000000000004 4.5000000000000009 164.50000000000003 45.413500027202332 0.32628046000000005 171.50000000000003 196.50000000000003 252.50000000000003 46.315588174439718 272.50000000000006 233.50000000000003 -0.15288999499999997 220.50000000000003
decision_type=2 2 2 2 2 8 2 2 2 2 2 2 2 2 2 2 2 2 10 2 2 2 2 2 2 2 2 2 2 2
left_child=-1 5 11 -4 -5 7 10 8 9 -2 -7 17 13 -12 -15 16 -14 18 20 -20 21 -3 -22 -24 27 -26 -23 28 29 -25
right_child=1 2 3 4 -6 6 -8 -9 -10 -11 12 -13 15 14 -16 -17 -18 -19 19 -21 22 26 23 24 25 -27 -28 -29 -30 -31
leaf_value=0.026546762110501984 -0.03744383887651611 0.0013887094341502749 0.0027059427629759591 0.030740342202968691 -0.032960393960954952 -0.0028741580689108891 0.0041852079252656747 -0.015164309177114407 -0.0094720087985681566 0.029357799070332948 -0.034670317543477679 -0.024780045490659583 -0.026117716499404604 0.031179907300439354 -0.03905622909303149 -0.014571532739761188 0.014251489716022232 -0.0067345729102432934 0.022557744038591263 -0.002802286270784023 -0.01767704493401415 0.016999277287104056 0.0080611580728770591 -0.00065487783383759587 -0.063617594945248893 0.017678594811310858 -0.059188678758974413 -0.012904900835761905 -0.0089016791677085285 0.023625831366260008
leaf_weight=796.10489713959396 92.017131339758635 31994.974072111771 1699.5284576909617 1023.9563177125528 78.768488206900656 3592.8813623506576 1953.9595820140094 512.53894668072462 453.85901076719165 904.04604505561292 1466.4535172171891 412.5433846139349 298.9532460924238 327.14580833725631 81.794483857229352 2596.3380734007806 801.31961552985013 4516.281108058989 672.51997998496518 22745.721285343636 2084.7674547084607 5146.2220174716786 9554.2433561887592 4868.7718199021183 96.9504598332569 2154.0378584340215 99.905349560081959 5317.0360626825131 6879.4680821434595 1616.6339891757816
leaf_count=52077 419 206425 17224 78095 704 16140 9534 2318 2060 4049 7030 2276 1403 1758 416 13126 3738 20981 4891 126054 11954 29599 53652 31406 617 17643 695 35477 38972 13395
internal_value=-6.32486e-06 -0.000191915 0.000469432 0.0119432 0.0261644 -0.00529588 -0.00721896 0.00559795 0.0129427 0.0231552 -0.00965052 0.000141763 -0.0140187 -0.0233848 0.0170706 -0.00926194 0.00326909 0.000247198 0.000585475 -0.00207307 0.00147728 0.00338219 -0.00070073 0.000460684 -0.00300856 0.0141505 0.0155374 -0.0050767 -0.00196163 0.00540035
internal_weight=114840 114044 100962 2802.25 1102.72 13081.3 11118.8 1962.46 1449.92 996.063 9164.89 98160.1 5572 1875.39 408.94 3696.61 1100.27 97747.5 93231.3 23418.2 69813 37241.1 32571.9 30487.1 20932.9 2250.99 5246.13 18681.9 13364.9 6485.41
internal_count=804128 752051 690060 96023 78799 61991 53145 8846 6528 4468 43611 594037 27471 9204 2174 18267 5141 591761 570780 130945 439835 236719 203116 191162 137510 18260 30294 119250 83773 44801
is_linear=0
shrinkage=0.05


Tree=92
num_leaves=31
num_cat=0
split_feature=17 14 18 12 22 14 9 25 14 22 14 24 19 14 13 17 25 11 17 12 23 12 22 17 17 18 11 14 13 9
split_gain=211.217 151.984 131.91 133.621 127.768 121.834 119.892 108.3 315.712 187.554 182.365 145.054 165.23 144.88 186.812 183.455 153.469 141.678 128.221 136.445 126.069 127.904 124.133 122.39 113.964 147.925 107.787 122.851 105.838 105.181
threshold=157.66176605224612 235.50000000000003 182.33635711669925 2.1965944272445825 -1.7176085499999998 273.50000000000006 42.500000000000007 23.482144188880927 247.50000000000003 -0.48156505999999993 265.50000000000006 3.5000000000000004 0.48529411852359777 217.50000000000003 -86.071898981859604 187.78333282470706 23.44985077902675 60.43594982190168 198.69697570800784 5.7941176470588251 1.7182350000000002 3.0510835913312699 -1.1249007999999996 191.935417175293 173.88985443115237 172.2738952636719 52.834792444292155 258.50000000000006 -54.329523014060385 16.500000000000004
decision_type=2 2 2 2 2 2 2 2 2 2 2 8 2 2 2 2 2 2 2 2 2 2 2 2 2 2 2 2 2 2
left_child=1 -1 3 4 -2 7 -6 8 13 17 11 12 -9 14 -5 -15 20 26 19 24 -16 22 -22 -11 -12 -26 27 -10 -4 -3
right_child=2 29 28 5 6 -7 -8 10 9 23 18 -13 -14 15 16 -17 -18 -19 -20 -21 21 -23 -24 -25 25 -27 -28 -29 -30 -31
leaf_value=0.048042862333492503 -0.017099782629506777 0.014747618212066072 0.0028218266883427625 -0.028621094166968064 0.0068700749203353716 -0.058240092834614836 -0.0082497318312541746 0.020311839892423862 -0.020821743335433348 0.017174922136055603 -0.003759280807862172 0.0013495053302345541 0.0034902964074428403 -0.015275698417728953 0.0018896652022424524 9.1793017585166173e-05 -0.019554740724530967 -0.057724101478840266 0.020945447616060153 0.0029330766055673026 -0.01444747076106081 -0.013732831998038743 0.028098771026783501 -0.0014271823741534993 -0.062315841982560162 -0.017977533827300475 0.050488020053417793 0.0094670221805616787 -0.0043112323963548074 -0.048543284810607892
leaf_weight=363.34602217236534 640.92195793706924 745.79781014472246 6572.611454163678 629.70789469406009 15839.249555036891 88.911829626187682 1428.5787217505276 2409.7858119420707 687.37546377815306 3816.0093816705048 337.33838939340785 20506.965948692989 3702.0688387304544 5268.3162826211192 15899.631863913964 3075.5980082545429 1054.4624676536769 125.6407258817926 244.03731909208 530.97457481082529 294.75942544220015 2674.1025279089808 407.16939512826502 1150.625738744624 352.94753716513515 403.9922907454893 88.814980749972165 650.8875176589936 24895.510330173187 70.995343010872602
leaf_count=49653 5644 21865 30358 2747 144458 556 7607 32372 4414 24587 2719 141757 20543 31352 85145 16792 4729 705 1637 4112 1611 14188 2378 7479 2501 2622 561 4797 134032 830
internal_value=0.000150379 0.0211853 -6.79883e-05 0.000984687 0.00480483 -7.76983e-05 0.0056188 3.61694e-06 -0.00182611 0.00812469 0.00230444 0.00336471 0.0101249 -0.00404012 -0.00182171 -0.00961185 -0.000990259 -0.00703949 -0.0127876 -0.0178625 2.62608e-05 -0.00874752 0.0102373 0.0128659 -0.0279465 -0.0387066 -0.00253989 -0.00609421 -0.00282134 0.00919377
internal_weight=114957 1180.14 113777 82308.9 17908.8 64400.1 17267.8 64311.2 35823.1 6519.35 28488.1 26618.8 6111.85 29303.7 20959.8 8343.91 20330.1 1552.72 1869.29 1625.25 19275.7 3376.03 701.929 4966.64 1094.28 756.94 1427.08 1338.26 31468.1 816.793
internal_count=804751 72348 732403 568013 157709 410304 152065 409748 201485 42543 208263 194672 52915 158942 110798 48144 108051 10477 13591 11954 103322 18177 3989 32066 7842 5123 9772 9211 164390 22695
is_linear=0
shrinkage=0.05


Tree=93
num_leaves=31
num_cat=0
split_feature=15 18 12 5 22 5 18 11 20 22 11 24 11 20 24 22 22 20 11 22 22 10 11 18 18 20 11 22 10 5
split_gain=218.574 131.047 155.886 162.772 120.958 101.838 91.1114 101.588 135.578 106.727 87.0072 132.112 118.268 103.581 114.527 97.7219 157.402 127.08 100.502 115.481 90.991 86.9325 118.467 90.5181 84.0931 85.6932 192.982 219.75 80.8051 77.4892
threshold=24.162032127380375 182.33635711669925 2.1965944272445825 15.500000000000002 -1.7176085499999998 1.5000000000000002 180.75391387939456 103.36032366453911 39.940284729003913 -0.36151543499999994 67.867619931397982 7.5000000000000009 105.05147439454778 95.507575988769545 7.5000000000000009 0.48771763000000007 1.4297318500000002 84.656867980957045 83.542760797467778 -1.3993544999999998 -0.058308038899999991 -22.234870795905586 25.058431991205868 190.41741943359378 163.00000000000003 3.8894500732421879 44.552299488635718 -0.13903441999999996 -9.825594487786292 3.5000000000000004
decision_type=2 2 2 2 2 2 2 2 2 2 2 8 2 2 10 2 2 2 2 2 2 10 2 2 2 2 2 2 10 2
left_child=1 2 3 4 -1 -3 7 -4 9 -9 13 12 15 24 20 17 -17 18 19 -12 28 22 -7 -23 -6 26 -26 -28 -15 -13
right_child=-2 5 6 -5 10 21 -8 8 -10 -11 11 29 -14 14 -16 16 -18 -19 -20 -21 -22 23 -24 -25 25 -27 27 -29 -30 -31
leaf_value=-0.017622380212054565 0.04359625899735186 -0.0094760950267137791 -0.00047931064610492015 0.023681953838379101 0.028548563112468329 -0.007308299890324034 0.0065464686589315306 0.010018788597649673 0.017006230210818537 -0.03627729177547287 0.025690345139756588 -0.02056651319431569 0.012687300700827606 -0.054917067670574665 -0.081510427382318909 -0.043414377114657988 0.018950500105110676 0.023831117649008235 0.0088123170954108338 -0.03099235277125291 0.018259282007084932 -0.0021342421242999321 0.0062892181461834049 -0.01222072027254472 0.0069582786230192317 0.011586098966032571 -0.035683411423425015 0.01827038967792443 0.0019425033618518642 0.010395976798148633
leaf_weight=632.25136453937739 285.55774442153051 4925.9456108212471 59324.537946238415 1097.2915438071359 479.34864579350688 2187.5001154243946 4611.475356339477 156.22446334222332 229.57010933244601 604.66217657038942 102.2072503217496 221.80583825660869 509.7760764430277 125.05214941129088 56.40074451174587 495.46906487434171 126.45236257323995 270.24868962494656 333.71679165726528 704.29467560118064 203.21553568774834 15774.823931766674 5975.0093274489045 2588.5779756074771 4189.4834169819951 5305.9308258052915 602.71911302767694 273.80368553195149 123.77312305290252 2177.4914773032069
leaf_count=5150 53029 22919 390599 29548 10245 11562 23430 1115 2185 3471 1101 987 4411 883 615 3280 873 3551 3075 6600 1737 88758 27588 13613 21832 45693 3586 1745 1887 18696
internal_value=-1.71433e-05 -0.00012638 0.000915579 0.00502837 0.00381829 -0.00287459 -0.000226644 -0.000744592 -0.0166174 -0.0267712 0.0046509 -0.000887524 -0.00882828 0.00705998 -0.0149771 -0.0142285 -0.030724 -0.00693854 -0.0142459 -0.0237861 -0.00651423 -0.00164835 0.00264472 -0.00355666 0.00809382 0.00714582 0.00249389 -0.018828 -0.0267389 0.00752624
internal_weight=114695 114409 82957.2 18030.7 16933.4 31451.9 64926.5 60315 990.457 760.887 16301.2 4941.46 2542.16 11359.7 508.442 2032.39 621.921 1410.47 1140.22 806.502 452.041 26525.9 8162.51 18363.4 10851.3 10371.9 5066.01 876.523 248.825 2399.3
internal_count=803764 750735 586295 165495 135947 164440 420800 397370 6771 4586 130797 42574 22891 88223 5122 18480 4153 14327 10776 7701 4507 141521 39150 102371 83101 72856 27163 5331 2770 19683
is_linear=0
shrinkage=0.05


Tree=94
num_leaves=31
num_cat=0
split_feature=15 19 7 1 2 4 13 17 6 25 17 22 17 17 22 6 23 13 25 4 16 19 18 5 5 19 18 17 18 5
split_gain=210.635 138.761 158.202 181.714 154.218 114.455 162.024 115.76 107.983 95.4673 116.475 129.815 115.49 94.4253 78.902 73.8435 73.7991 72.0288 143.503 95.632 88.6408 71.8601 67.1251 66.192 64.427 62.8264 61.974 61.7109 108.507 112.055
threshold=21.682642936706547 0.57352942228317272 1.0000000180025095e-35 19.233471795916561 24.072276428341869 26.5664331689477 -23.024700004538236 169.697135925293 1.5000000000000002 20.001701545715335 179.88861083984378 0.14726732500000003 182.57035064697268 160.38234710693362 -1.9131074999999997 1.5000000000000002 2.1248558500000003 -56.700418385374284 23.020559215545656 4.3628793209791192 0.86764705181121837 0.36764706671237951 167.48529815673831 6.5000000000000009 1.5000000000000002 0.42647059261798864 173.8676452636719 196.83333587646487 182.81329345703128 2.5000000000000004
decision_type=2 2 2 2 2 2 2 2 2 2 2 2 2 2 2 2 2 2 2 2 2 2 2 2 2 2 2 2 2 2
left_child=1 2 5 -4 14 6 7 24 -5 23 11 16 -12 -8 -3 -6 21 18 -16 -20 -19 -11 -14 -7 -1 -23 -15 -24 -29 -30
right_child=-2 4 3 8 15 9 13 -9 -10 10 12 -13 22 26 17 -17 -18 20 19 -21 -22 25 27 -25 -26 -27 -28 28 29 -31
leaf_value=-0.012493729228971052 0.039747484179477932 -0.019534047600445567 0.0022204733839715344 0.028699404409204484 -0.0033803258903615102 0.0022002893458558151 0.048870084405676487 -0.0084290922280358619 -0.014644359977519207 0.0055687084747742012 0.014152862145301282 -0.0059966612189395665 -0.019148991793122142 0.0063938680394087961 -0.0047717324845967793 -0.011655567554118278 0.02527587567413328 -0.00034811447353047314 -0.027678363377949457 0.0093187814195387839 -0.0071907388969084012 -0.018675295676322531 0.0056766925981809359 -0.0079609011843136679 -0.077440784040208155 -0.00016861195279860644 -0.0038852326605009211 -0.020872129457661301 -0.028705739710287965 0.0048063091934814088
leaf_weight=64.07086828071624 330.60012180125341 545.84501407295465 2254.496193238534 1421.7250992562622 5660.0059620207176 2821.5898570083082 105.28447097446769 5476.8344629332423 159.22883496060967 5849.9407571470365 3142.1632595583797 6162.6077046152204 312.09830919653177 2967.5251515563577 3347.4435454905033 5148.6018628403544 370.49243936873972 28693.021714180708 179.22206610441208 5715.9167777374387 5666.8448956608772 595.58342445641756 14891.742787398398 3708.0818268414587 95.170731482096016 1982.697564765811 2896.8133012875915 601.44926665723324 269.96549205482006 3139.8592184372246
leaf_count=602 59723 2491 27105 82401 54103 14239 3744 24507 1553 57815 20090 41862 1685 18014 15097 25755 3948 140944 837 25723 26154 3921 82993 22348 723 12017 13228 2945 1302 15865
internal_value=-4.47585e-05 -0.000160254 0.0015174 0.0113368 -0.00197016 0.000838051 -0.00357706 -0.00965637 0.0243275 0.00200669 0.00298259 -0.000432081 0.00526758 0.00216323 -0.000659542 -0.00732289 0.00346558 -0.000422816 0.00349524 0.0081895 -0.00147682 0.00250395 0.00381395 -0.0035704 -0.0515504 -0.00444924 0.00131649 0.00419407 -0.00131016 0.00214543
internal_weight=114577 114246 59289.4 3835.45 54956.9 55454 11605.7 5636.08 1580.95 43848.3 37318.6 14961.3 22357.3 5969.62 44148.3 10808.6 8798.71 43602.4 9242.58 5895.14 34359.9 8428.22 19215.1 6529.67 159.242 2578.28 5864.34 18903 4011.27 3409.82
internal_count=803734 744011 452907 111059 291104 341848 60818 25832 83954 281030 244443 119563 124880 34986 211246 79858 77701 208755 41657 26560 167098 73753 104790 36587 1325 15938 31242 103105 20112 17167
is_linear=0
shrinkage=0.05


Tree=95
num_leaves=31
num_cat=0
split_feature=17 14 19 2 14 4 14 19 18 14 25 23 12 14 12 14 22 18 24 19 18 22 4 18 22 17 25 12 18 22
split_gain=176.447 150.43 118.703 149.948 148.159 146.976 187.954 173.409 163.495 163.482 226.229 214.696 283.001 185.288 141.387 155.155 136.127 135.728 131.607 129.242 121.485 111.67 108.113 102.703 102.465 123.869 114.902 144.422 94.5599 93.7977
threshold=157.66176605224612 237.50000000000003 0.57352942228317272 30.875260367989544 241.50000000000003 28.382455227896575 232.50000000000003 0.22058823704719546 169.43404388427737 249.50000000000003 24.332476454973225 0.79377040500000007 4.6671826625387007 237.50000000000003 5.0015479876161004 215.50000000000003 -0.26662154499999996 156.92646789550784 4.5000000000000009 0.22058823704719546 168.02986145019534 0.94406590000000012 243.7102416083217 161.1470642089844 1.0000000180025095e-35 195.50588226318362 26.426528140902523 5.7538699690402479 166.81893157958987 -0.26662154499999996
decision_type=2 2 2 2 2 2 2 2 2 2 2 2 2 2 2 2 2 2 10 2 2 2 2 2 2 2 2 2 2 2
left_child=1 -1 5 -4 -5 17 7 14 9 11 -11 13 -13 29 -7 -16 -17 -2 -6 -15 -12 -10 -18 -19 25 26 27 28 -9 -8
right_child=2 -3 3 4 18 6 8 24 21 10 20 12 -14 19 15 16 22 23 -20 -21 -22 -23 -24 -25 -26 -27 -28 -29 -30 -31
leaf_value=0.047201773990903473 -0.092510094385874847 0.0076012274302111301 -0.00071508338417007123 -0.012734111918478896 0.0086618832566512007 0.031112372532525936 0.036110534202831383 0.024616036237261541 0.0013461092704785394 0.010934213045822391 -0.0065171281031960425 0.012613538702027104 -0.025692594093352911 -0.072191361232389492 0.018037425200593208 0.035731846027684006 -0.01556087727916094 0.031568011525899851 -0.019023848493330303 -0.03056021774944645 -0.037362497727918026 0.020627502134983898 -0.094424266718592734 -0.0036610536689500907 0.0008917236654448755 -0.0022370288140641597 0.018814726193142881 -0.0056340656812841582 0.0077176801681470512 -0.021987021801381713
leaf_weight=345.15462703909725 41.557216825895011 782.25914708664641 47279.449810635298 5448.9047713810578 1834.4961287276819 1127.1137798815034 113.59215554175898 955.68173376983032 8600.1096620447934 2159.6580700068735 2126.2364604845643 1002.9269337654114 926.80757891992107 293.62575283739716 537.49115688819438 57.073876701295376 92.94804987963289 209.46952173579484 559.28432244248688 515.67130197864026 374.75579465180635 821.79516609106213 81.414462678832933 12156.589409219101 12508.133629712742 2857.2598400721326 2525.4075486008078 1866.4517407645471 6166.4404051573947 175.44723333232105
leaf_count=50788 487 21346 228627 39267 19060 39499 1062 11183 64452 16847 21439 13214 6729 3132 14228 915 781 4216 4739 3544 2839 5312 2126 58235 75359 15216 22971 11487 43205 1578
internal_value=8.19098e-05 0.0197559 -0.000113833 -0.00177728 -0.00817978 0.00145911 0.00276464 0.00523219 -0.00138518 -0.00679516 -0.000917605 -0.0158383 -0.0057878 -0.0334753 0.0198428 0.00330452 -0.0308418 -0.00336882 0.00218813 -0.0457351 -0.0111522 0.00302988 -0.0527127 -0.0030618 0.00420087 0.00708076 0.00939301 0.00674411 0.00998832 0.000891033
internal_weight=114543 1127.41 113416 55122.1 7842.69 58293.7 45886 28775.4 17110.6 7688.72 4660.65 3028.07 1929.73 1098.34 1896.04 768.928 231.436 12407.6 2393.78 809.297 2500.99 9421.9 174.363 12366.1 26879.4 14371.2 11514 8988.57 7122.12 289.039
internal_count=803883 72134 731749 291693 63066 440056 377118 236970 140148 70384 41125 29259 19943 9316 57549 18050 3822 62938 23799 6676 24278 69764 2907 62451 179421 104062 88846 65875 54388 2640
is_linear=0
shrinkage=0.05


Tree=96
num_leaves=31
num_cat=0
split_feature=15 12 5 13 11 23 23 23 23 23 21 11 21 12 21 11 21 21 23 21 10 5 23 11 21 12 21 21 12 12
split_gain=173.762 128.021 188.266 138.443 162.842 228.925 225.983 308.25 298.849 152.074 163.283 142.319 206.444 135.933 153.801 152.438 134.361 139.949 295.388 230.364 216.609 204.655 132.039 308.21 290.753 172.034 196.855 171.769 153.788 160.714
threshold=24.162032127380375 2.1965944272445825 15.500000000000002 -97.111095975438587 67.867619931397982 1.1724898500000003 0.79899701500000009 0.24819187000000004 1.3840513500000002 1.9981602000000003 1.8306496500000002 68.884798549692349 0.19533317500000003 2.1470588235294121 1.3154362500000001 49.474657544628514 0.76635733000000006 0.26034356500000005 0.61457589000000012 -0.34609783999999993 33.313863700628289 2.5000000000000004 0.56494268500000011 20.325362273898474 -0.40757006499999998 2.8034055727554184 -0.54046523499999999 0.39547174000000002 3.4721362229102173 3.2492260061919507
decision_type=2 2 2 2 2 2 2 2 2 2 2 2 2 2 2 2 2 2 2 2 8 2 2 2 2 2 2 2 2 2
left_child=1 2 3 -1 6 11 7 -5 -8 -7 -11 12 -6 14 15 -10 17 19 -19 21 -21 -9 23 24 -3 -25 -27 28 29 -28
right_child=-2 22 -4 4 5 9 8 16 13 10 -12 -13 -14 -15 -16 -17 -18 18 -20 20 -22 -23 -24 25 -26 26 27 -29 -30 -31
leaf_value=0.022441740599697228 0.041191788075364194 -0.050404853280163565 0.022961451324565715 0.029044673829581744 -0.0046819602714475187 -0.022065741030386998 0.0166008168812724 -0.017517085021018741 0.00052529169238754584 0.037447491167971039 -0.014725826170449048 0.0048907449789613562 -0.11390950473802497 0.049636436891080452 0.015897241404304697 -0.020128216483434991 -0.059823701412017122 0.037205870010787831 -0.011780774841847049 -0.032409879086997571 0.0063710557864065202 0.024323287763172149 -6.925398826387294e-05 -0.02140458192012203 0.019385790605794529 -0.066921845527797424 0.0006300859900601149 -0.025200461512877512 -0.0057798659986135897 0.033818311457674152
leaf_weight=813.3742097588256 255.30023077386431 162.23022144846618 1139.8279177772347 606.40425843163393 142.28781309211627 2206.7338611199521 5415.77640957525 553.56857410445809 3463.4940231346991 246.52435525180772 379.55499712564051 3779.4662226582877 61.213839197997004 135.62908478919417 1110.0294697689824 1202.9310759240761 124.73831234034151 486.12900498928502 834.75319361221045 1541.0936028715223 469.36123477574438 616.94752170471475 74511.437421598006 2046.7165796314366 1744.5445005146321 128.08277786057442 1195.2487804230768 936.31989316735417 7680.7061226218939 524.02467741235159
leaf_count=4128 53366 961 30331 4430 1134 18782 41182 2924 24149 2303 2863 29945 443 999 8159 10432 668 3123 5341 9992 3677 5594 454146 13358 11587 759 7690 5004 43513 3366
internal_value=6.86948e-05 -2.35502e-05 0.00311234 0.00217614 0.00147009 -0.0050344 0.00414721 -0.00444561 0.00811678 -0.0158973 0.00584484 0.00269372 -0.0379342 0.00034347 -0.000822302 -0.00480203 -0.00884049 -0.00741486 0.00626246 -0.0130945 -0.0233574 0.00453779 -0.000916774 -0.00529644 0.0134246 -0.0081505 -0.00555636 -0.00478954 -0.00275397 0.0107594
internal_weight=114514 114259 25329.8 24190 23376.6 6815.78 16560.9 5233 11327.9 2832.81 626.079 3982.97 203.502 5912.08 5776.45 4666.43 4626.59 4501.85 1320.88 3180.97 2010.45 1170.52 88929.3 14417.9 1906.77 12511.1 10464.4 10336.3 9399.98 1719.27
internal_count=804349 750983 210599 180268 176140 55470 120670 35749 84921 23948 5166 31522 1577 43739 42740 34581 31319 30651 8464 22187 13669 8518 540384 86238 12548 73690 60332 59573 54569 11056
is_linear=0
shrinkage=0.05


Tree=97
num_leaves=31
num_cat=0
split_feature=15 17 12 4 12 4 13 22 16 16 22 22 12 22 9 6 1 12 9 13 18 22 22 22 18 9 17 12 22 22
split_gain=169.792 118.063 91.6882 105.409 107.93 115.079 146.599 96.4663 119.178 92.8998 88.4138 86.9972 130.938 119.85 120.681 99.3643 85.5935 85.2628 128.695 119.948 101.423 97.6969 85.2896 84.9046 82.448 81.7653 168.744 117.491 108.912 113.532
threshold=24.162032127380375 217.55000305175784 11.018575851393191 179.52879112586382 5.5015479876161004 384.68553601205355 -16.810575834853175 -0.94543605999999991 0.45588235557079321 0.69117647409439098 2.7106600000000003 -1.7667101999999997 5.9969040247678027 -1.0697576499999999 7.5000000000000009 1.5000000000000002 30.015349507331852 2.1965944272445825 40.500000000000007 -92.302003004844352 166.92646789550784 0.47169341500000006 1.2243577000000003 0.28680163500000005 164.45683288574222 12.500000000000002 162.1801452636719 5.3777089783281742 0.58186933500000004 1.1985050500000003
decision_type=2 2 2 2 2 2 2 2 2 2 2 2 2 2 2 2 2 2 2 2 2 2 2 2 2 2 2 2 2 2
left_child=1 2 3 10 9 -6 -7 -4 -9 16 11 12 -1 14 15 -13 -5 18 19 23 -21 24 -23 -15 -20 27 -27 -19 -28 -30
right_child=-2 -3 7 4 5 6 -8 8 -10 -11 -12 13 -14 17 -16 -17 -18 25 21 20 -22 22 -24 -25 -26 26 28 -29 29 -31
leaf_value=-0.013704141414177804 0.041544516828379313 -0.012144870904111713 -0.012064417027145122 0.010061130663378012 0.0014332867455959077 -0.1273132485876585 -0.018113253091133905 -0.044039651714451386 0.017536145210567521 0.0016650846471431635 -0.025119595508565448 0.0071160449340449093 0.040251346450340231 0.042011010448379363 0.009156782090504521 -0.0099601818973731951 0.032258397455420189 -0.0022202501052723494 -0.072748424923686772 0.014980419561112047 0.0014356506425024429 -0.034373643091634251 0.029356512573732091 0.0071070833657971722 -0.0016283570037007975 -0.045315584414249724 -0.0017352937688629453 -0.010664374424876043 0.0072355795135962261 -0.0031876722333024051
leaf_weight=1979.4471760457382 243.29742324235849 2025.5533398818225 405.97053962294012 3608.2433654889464 1838.7490838046651 31.736964371521026 515.41962976218201 81.280361707322299 1775.5958041548729 3520.7239701715298 367.1848517395556 1509.4433335752692 118.2558272741735 337.3725704504177 6139.6056030448526 1953.02161704842 493.12293675704859 18310.303471471416 40.690875211730599 1539.4186046647374 13449.009601120371 479.18724894151092 58.17576789110899 360.18296796735376 1810.2408882714808 208.12798136565834 34111.168300745077 5314.5251175479498 7984.5357403438538 3882.0147491544485
leaf_count=12411 52941 10058 2431 45145 16837 318 10995 1245 12108 30293 1874 17236 627 1929 36721 11704 39465 113058 226 20387 90361 2266 262 1840 9152 1734 170731 32903 38733 18038
internal_value=-9.50221e-05 -0.000184058 3.19334e-05 -0.00017313 0.00471892 -0.0045603 -0.0246679 0.00999236 0.0148186 0.00762377 -0.000663004 -0.000572577 -0.0106447 -0.00035574 0.00494781 -0.00251599 0.0127372 -0.000935241 0.00212539 0.00377179 0.0028277 -0.00868494 -0.0274324 0.0240243 -0.0032303 -0.00172767 -0.000503806 -0.00412017 -0.000299974 0.00382574
internal_weight=114492 114248 112223 109960 10008 2385.91 547.157 2262.85 1856.88 7622.09 99951.9 99584.7 2097.7 97487 9602.07 3462.46 4101.37 87885 18074.3 15686 14988.4 2388.29 537.363 697.556 1850.93 69810.7 46185.8 23624.8 45977.7 11866.6
internal_count=804029 751088 741030 725246 143053 28150 11313 15784 13353 114903 582193 580319 13038 567281 65661 28940 84610 501620 126423 114517 110748 11906 2528 3769 9378 375197 229236 145961 227502 56771
is_linear=0
shrinkage=0.05


Tree=98
num_leaves=31
num_cat=0
split_feature=17 20 20 0 10 4 13 21 12 4 23 20 9 17 20 4 12 20 6 23 23 9 12 12 20 23 20 19 9 2
split_gain=161.53 128.192 100.974 99.7659 96.7976 125.585 138.499 111.254 268.037 123.576 110.55 98.6083 103.281 96.7494 175.046 294.285 159.617 134.512 106.667 94.2691 224.295 140.26 114.432 173.08 177.475 107.358 89.3687 162.794 149.053 134.055
threshold=157.66176605224612 81.731285095214858 -25.414283752441403 6.6956851482391366 -21.025110951066015 22.205187477171425 -36.917227279291062 -0.21211291499999999 6.7368421052631584 77.805829681456103 2.4967763500000006 80.784561157226577 63.500000000000007 179.88861083984378 25.014709472656254 87.171183388680234 5.2956656346749229 96.257354736328139 21.500000000000004 0.48919199500000005 0.36691397000000009 6.5000000000000009 2.3854489164086692 3.5959752321981431 20.640762329101566 0.40623313500000008 45.151657104492195 0.57352942228317272 39.500000000000007 33.787759780883796
decision_type=2 2 2 2 10 2 2 2 2 2 2 2 2 2 2 2 2 2 2 2 2 2 2 2 2 2 2 2 2 2
left_child=1 -1 -2 4 13 6 -6 8 19 11 26 12 -10 18 15 -15 -17 -16 -4 20 -7 22 -22 24 -24 -26 27 -9 -28 -29
right_child=2 -3 3 -5 5 7 -8 10 9 -11 -12 -13 -14 14 17 16 -18 -19 -20 -21 21 -23 23 -25 25 -27 28 29 -30 -31
leaf_value=0.046059215070029011 -0.0085651110556834841 0.0082250741984465203 -0.0023825980664966061 0.0053953501024024061 -0.016526241592752573 0.01837769245080572 -0.0024397763104903121 0.0049609296323829153 -0.0028644547149767204 -0.021125916113371376 -0.03027557035011598 0.030515694170171248 -0.041524648927660147 0.0019426067290297527 0.0075540244553933145 -0.0070676346622633966 -0.035381280998549723 -0.02916100500981067 -0.031698149710839556 0.0056628498932803171 -0.0032008291882592976 -0.0070849830809748913 0.00062178072223944159 -0.0060831469353894684 -0.18247750418835718 -0.086011028526557343 -0.0027742660596670461 -0.0017026734693149689 -0.015839676500887932 -0.017947395555944986
leaf_weight=314.49151410604827 3459.0992392599583 773.15988066513091 5928.0855668396689 8255.6532686317805 2732.5757956430316 538.02130622579716 4826.0056824628264 9124.812263609143 2268.2052166108042 1467.0923044413794 352.39229625789449 201.21011030301452 186.01843479275703 13746.452143035829 14131.722184110433 1266.2283278368413 819.90247146785259 252.98632142320275 326.45034409686923 17065.421800307464 106.89597218832932 597.78876234218478 38.303328486159444 83.785062260460109 46.581073896726593 83.358002447057515 14201.394797909539 7067.2338254693896 2578.5350473411381 1547.2670943234116
leaf_count=50580 16445 21545 41731 132134 11954 3439 22829 54750 11481 10864 1952 1671 983 60822 74333 5788 3706 1520 1604 123398 872 3138 241 716 303 614 92950 31085 11884 8741
internal_value=2.90497e-05 0.019197 -0.000155126 0.000109797 -0.000319802 -0.00147493 -0.00753382 -0.000679103 0.00204654 -0.00948463 -0.00245204 -0.00304744 -0.00581043 0.00174243 0.00291404 -0.000713357 -0.0182072 0.00690633 -0.00391752 0.00460819 -0.00742867 -0.0219453 -0.0466068 -0.0649317 -0.0940294 -0.121722 -0.00216713 0.000307224 -0.00478282 -0.00462216
internal_weight=114387 1087.65 113299 109840 101585 65112.9 7558.58 57554.3 22682.7 4122.53 34871.6 2655.43 2454.22 36471.8 30217.3 15832.6 2086.13 14384.7 6254.54 18560.2 1494.73 956.712 358.923 252.027 168.242 129.939 34519.2 17739.3 16779.9 8614.5
internal_count=804073 72125 731948 715503 583369 393865 34783 359082 157720 24999 201362 14135 12464 189504 146169 70316 9494 75853 43335 132721 9323 5884 2746 1874 1158 917 199410 94576 104834 39826
is_linear=0
shrinkage=0.05


Tree=99
num_leaves=31
num_cat=0
split_feature=3 19 3 24 4 12 22 3 11 10 12 22 24 22 24 12 4 4 11 11 12 11 22 11 11 12 11 17 24 11
split_gain=144.86 121.657 124.033 110.329 181.803 95.2791 80.6266 79.9008 90.5307 79.0307 70.0093 142.501 102.972 93.8816 128.292 116.404 222.856 88.1485 97.1341 133.39 111.105 104.093 79.099 75.2766 74.2472 74.8262 72.0654 66.7824 67.291 85.0576
threshold=364.24643816053873 0.60294118523597728 31.217749506235126 4.5000000000000009 208.38916902244094 0.78482972136222917 -2.0133645499999999 19.200000286102298 45.413500027202332 -22.884793478250501 4.5356037151702795 1.2243577000000003 5.5000000000000009 0.38392488500000005 6.5000000000000009 6.6269349845201253 33.333848420530565 4.3628793209791192 61.85164704809295 83.542760797467778 8.4334365325077432 27.905007794280266 -0.64515053999999983 11.403051592271213 51.28246849409706 8.0216718266253881 54.902615672167705 199.16666412353518 2.5000000000000004 27.620079198385081
decision_type=2 2 2 8 2 2 2 2 2 10 2 2 10 2 10 2 2 2 2 2 2 2 2 2 2 2 2 2 10 2
left_child=1 3 6 4 7 -5 -3 8 -1 -10 12 13 22 17 -15 -16 26 -12 20 -20 24 -22 -8 -13 25 -19 -17 28 -9 -30
right_child=-2 2 -4 5 -6 -7 10 27 9 -11 11 23 -14 14 15 16 -18 18 19 -21 21 -23 -24 -25 -26 -27 -28 -29 29 -31
leaf_value=0.0023366552673338491 0.035294484257993169 -0.030019716939627468 -0.0058207462788262415 0.012730174892773657 0.02159096862010627 -0.00046153855323937922 0.0065222044380432651 0.010373875199982951 0.0081682860062247519 -0.014850372193788867 -0.019484799159411564 0.012063023395072699 0.013616166004639638 0.0131195582524734 0.013567820283247141 -0.007246532868289678 -0.050425898457122614 -0.0034923534429657736 0.024150297165904812 -0.012180783335930676 0.0013342522163281851 0.033456664028106702 -0.0020636587806756711 -0.021084275772747102 -0.021840192268308301 -0.031202886215278371 0.043810598523916583 -0.0066389089898372111 0.018558065438771639 -0.00036857347648903862
leaf_weight=5937.7554707238451 289.24010373628698 223.79547438770533 15107.676189528778 1407.697184758028 1405.6770837758668 48309.835280118976 4082.1478129699826 5885.8767097122036 480.61454375088215 1654.1663785800338 769.45388247817755 195.81038409471512 1830.7533154953271 2289.6087810732424 388.69055841118097 230.1424349732697 322.51883243769407 4649.1229813806713 744.50549980998039 381.38939809799194 1222.999085796997 316.74891911447048 7819.2436552606523 1334.7815451100469 748.89359027892351 256.11880725622177 97.641392260789871 1011.9796136468649 693.67319561517797 4080.3361883927137
leaf_count=34799 46339 1034 93476 17899 35104 331428 19825 58972 2367 8408 3486 1589 8537 10715 2026 1112 1555 22471 3171 1667 6697 1361 36398 6169 3223 1225 405 6171 4896 30656
internal_value=1.57309e-05 -7.41819e-05 -0.00217186 0.00119898 0.00422364 -8.77812e-05 -0.000196177 0.00298617 -0.000838424 -0.00966666 4.60199e-05 -0.00244887 0.0025802 -0.000674017 0.00650884 -0.00805767 -0.0209844 -0.00330491 -0.00180635 0.0118435 -0.003944 0.00795973 0.000881572 -0.0168386 -0.00718648 -0.00494528 0.00804954 0.00563119 0.00679655 0.00238482
internal_weight=114169 113880 43012 70867.6 21150.1 49717.5 27904.4 19744.4 8072.54 2134.78 27680.6 13948.4 13732.1 12417.8 3328.6 1038.99 650.303 9089.23 8319.78 1125.89 7193.88 1539.75 11901.4 1530.59 5654.14 4905.24 327.784 11671.9 10659.9 4774.01
internal_count=803181 756842 226142 530700 181373 349327 132666 146269 45574 10775 131632 66872 64760 59114 15813 5098 3072 43301 39815 4838 34977 8058 56223 7758 26919 23696 1517 100695 94524 35552
is_linear=0
shrinkage=0.05


Tree=100
num_leaves=31
num_cat=0
split_feature=17 14 12 14 11 4 11 14 22 23 23 22 24 12 23 12 12 14 9 19 14 12 19 14 4 14 14 15 14 17
split_gain=143.603 129.686 104.187 215.381 147.184 101.735 201.225 197.441 122.387 121.608 170.69 128.637 138.637 110.725 107.93 107.557 228.83 106.833 103.434 218.555 190.203 255.875 210.725 185.982 173.187 159.802 126.212 129.139 126.04 112.573
threshold=157.66176605224612 242.50000000000003 11.018575851393191 192.50000000000003 19.651336420823366 27.168170973658565 45.808174089295072 171.50000000000003 0.62641051500000011 0.77340608500000008 1.7272303000000002 -1.52295315 1.5000000000000002 8.3266253869969056 1.5455405000000002 0.61145510835913319 1.3111455108359136 201.50000000000003 8.5000000000000018 0.57352942228317272 209.50000000000003 5.0882352941176476 0.33823530375957495 180.50000000000003 100.52732104808094 251.50000000000003 215.50000000000003 13.245591163635256 241.50000000000003 195.63392639160159
decision_type=2 2 2 2 2 2 2 2 2 2 2 2 10 2 2 2 2 2 2 2 2 2 2 2 2 2 2 2 2 2
left_child=1 -1 5 4 -4 6 9 8 -8 -2 11 -11 -13 -9 15 -14 -17 -15 19 20 22 24 -7 29 -22 26 -23 -28 -21 -24
right_child=2 -3 3 -5 -6 18 7 13 -10 10 -12 12 14 17 -16 16 -18 -19 -20 28 21 25 23 -25 -26 -27 27 -29 -30 -31
leaf_value=0.044286957072559356 -0.0071469530991923897 0.0066110308405281995 -0.027715468153054486 0.021745304222248251 0.017527623705257001 0.022342059760108977 -0.031180216059877509 -0.007712373962869873 0.007569033586388412 0.037681557755266278 -0.0078436052622000811 0.010527916224131269 -0.048581174276676409 0.028023843219907196 -0.018172260851568336 0.033337907705754087 -0.0012845081332463438 -0.037799119267961673 0.0018520826713866482 -0.010120156937470901 -0.010367245714540048 0.0077701490462454741 -0.001504227527882508 0.012467329048583511 0.0057044720339007185 0.00061243134993597221 -0.029163283600256391 -0.10526950777983485 0.00078469792951372922 -0.02853842192924589
leaf_weight=330.83495147107169 4729.887597322464 734.23453719401732 482.29359795758501 1475.3259703391232 285.36954637430608 1871.3782478622161 1374.8449707310647 5419.6384459342808 238.79505435749888 296.54858917556703 3251.7300656586885 4762.9019488478079 102.64661958068609 391.65171176195145 796.13818872626871 542.61560328118503 3908.1489495299757 72.226132750511169 53927.303286712617 8822.6306693647057 2273.0935569121502 226.96319043403491 2517.0012972494587 2711.0634700190276 6374.8393095880747 829.23339549265802 1251.3344599921256 57.535678012296557 3786.8476817235351 453.6608324162662
leaf_count=53487 22430 18690 2476 11603 1577 47678 6614 23650 1163 1509 16111 23017 560 1645 3863 2759 18959 328 295924 54720 16852 2730 17066 24288 83239 6800 9410 2143 30927 2404
internal_value=7.94394e-05 0.0183446 -9.25222e-05 0.0105739 -0.010896 -0.000308172 -0.00305276 -0.00995637 -0.0254448 -0.000238038 0.00215445 0.00527826 0.00432439 -0.00570485 -0.00119977 0.00177112 0.00294303 0.0177159 0.000526742 -0.00176581 0.00168429 -0.00250678 0.00779471 0.00300019 0.00147934 -0.0170766 -0.0266216 -0.0325866 -0.00684544 -0.00564093
internal_weight=114299 1065.07 113234 2242.99 767.663 110991 25887.8 7497.16 1613.64 18390.6 13660.7 10409 10112.5 5883.52 5349.55 4553.41 4450.76 463.878 85102.9 31175.6 18566.1 11013 7553.1 5681.73 8647.93 2365.07 1535.83 1308.87 12609.5 2970.66
internal_count=804622 72177 732445 15656 4053 716789 122608 33400 7777 89208 66778 50667 49158 25623 26141 22278 21718 1973 594181 298257 212610 121174 91436 43758 100091 21083 14283 11553 85647 19470
is_linear=0
shrinkage=0.05


Tree=101
num_leaves=31
num_cat=0
split_feature=16 20 21 14 23 14 24 6 21 6 10 6 21 22 22 20 5 21 22 21 23 14 2 9 19 22 14 23 22 23
split_gain=145.951 128.395 130.705 266.776 196.534 128.394 127.716 119.862 117.855 107.157 97.7253 162.544 95.4736 103.983 123.473 121.548 93.0788 91.2583 154.82 143.735 181.968 136.443 207.916 226.179 153.527 124.169 123.114 238.536 329.343 230.762
threshold=0.1911764740943909 -19.215438842773434 -1.6487905499999997 208.50000000000003 2.4967763500000006 270.50000000000006 1.5000000000000002 10.500000000000002 -1.3714820999999997 25.500000000000004 31.905198043584829 1.5000000000000002 -1.4577523499999998 0.3967179950000001 0.9894630900000001 14.868820190429689 12.500000000000002 -0.19011549499999997 -1.7667101999999997 -0.17945643499999997 0.22531373500000004 218.50000000000003 3.6000000387430195 35.500000000000007 0.22058823704719546 -0.78332125999999991 219.50000000000003 1.3495941000000002 -0.31765721499999994 1.6251929000000003
decision_type=2 2 2 2 2 2 8 2 2 2 8 2 2 2 2 2 2 2 2 2 2 2 2 2 2 2 2 2 2 2
left_child=-1 6 3 7 9 -5 8 -3 -2 10 12 16 13 15 -15 -4 -12 18 -14 20 -19 24 -23 -24 -21 -20 29 -28 -29 -27
right_child=1 2 4 5 -6 -7 -8 -9 -10 -11 11 -13 17 14 -16 -17 -18 19 25 21 -22 22 23 -25 -26 26 27 28 -30 -31
leaf_value=0.034018915732543974 -0.0032127908077786826 0.0069991341489215363 -0.015823651216510123 0.040384537231955502 -0.02170114489141731 -0.0037350090996773363 -0.0093579766450079451 -0.015537839523278814 0.030169942112001621 -0.0097862634822983453 0.011276347050323087 -0.0047014200053094347 -0.021267322683122262 -0.03652284515860979 0.01175205320433609 0.014010919786010451 0.036010275157513635 0.034922415770654393 0.0078040412910625944 0.024570861741084211 -0.046255877780789607 0.004220297267107662 -0.003190224376332667 -0.016252765218486995 0.0010467397701543371 -0.0037336446595964707 0.0075703374132294506 -0.06968464742154365 -0.0039445892793716691 0.020572435956829439
leaf_weight=310.41339677479118 736.95007104426622 2611.2517807248514 753.00547923939303 796.15994889591821 1048.4466290043201 207.70662857592106 6347.4532760418952 761.09681473765522 411.16609764657915 2694.7276529818773 1910.134071727749 1521.2634910494089 688.37999452860095 576.90043137874454 171.31040070718154 622.85978822549805 474.55328790098429 85.712314251810312 8803.8469080030918 710.49474251130596 340.85920945322141 6874.9772370001301 16458.569963561138 4148.5765362530947 27557.102145257872 13965.765692312038 10109.210428795544 223.58132434356958 1256.8886005592067 1048.9205900805537
leaf_count=62315 3263 17752 4086 9666 6330 2194 30478 3456 1794 12228 35510 10033 4713 3454 1028 5266 35349 534 67339 12708 1878 35750 113048 19307 138948 78325 71716 1718 9070 5262
internal_value=-0.000164255 -0.000257698 0.000187815 0.00864832 -0.000175092 0.0312613 -0.00658228 0.00190972 0.00875816 4.85801e-05 0.000318274 0.00806732 -2.447e-06 -0.0104805 -0.0254689 -0.00231705 0.0162114 0.000238863 0.00220044 -0.00102158 -0.0299009 -0.000800078 -0.00330869 -0.0058206 0.00163886 0.00265727 0.000953885 0.00482508 -0.013913 -0.00203437
internal_weight=114228 113918 106422 4376.22 102046 1003.87 7495.57 3372.35 1148.12 100998 98302.9 3905.95 94397 2124.08 748.211 1375.87 2384.69 92272.9 36096.6 56176.3 426.572 55749.7 27482.1 20607.1 28267.6 35408.2 26604.4 11589.7 1480.47 15014.7
internal_count=804518 742203 706668 33068 673600 11860 35535 21208 5057 667270 655042 80892 574150 13834 4482 9352 70859 560316 238143 322173 2412 319761 168105 132355 151656 233430 166091 82504 10788 83587
is_linear=0
shrinkage=0.05


Tree=102
num_leaves=31
num_cat=0
split_feature=1 17 5 1 11 23 4 3 23 25 4 3 23 6 24 11 11 3 11 17 11 25 6 18 3 5 11 23 6 18
split_gain=154.517 91.0718 76.4219 138.03 105.272 108.485 116.291 104.918 102.563 88.4499 98.3974 90.5368 88.4163 98.2272 88.823 94.3734 88.2837 88.0406 80.0715 78.961 78.6196 84.8752 75.3238 74.113 68.0355 77.1073 89.8955 67.4655 67.8351 75.6932
threshold=72.458122730255141 213.25555419921878 10.500000000000002 24.102101594209675 18.747223924407191 0.64900642500000016 80.259969934821143 54.169084802269943 0.24819187000000004 30.002519482374193 160.19815167784694 70.997384235262885 1.6099775000000003 10.500000000000002 1.5000000000000002 40.166163226999004 18.035498580788683 114.95708993822338 30.246955496827059 160.11765289306643 51.88454376086132 22.56165932118893 1.5000000000000002 173.1534118652344 43.513768479228027 26.500000000000004 26.375174039641063 1.1064166000000002 10.500000000000002 184.5334396362305
decision_type=2 2 2 2 2 2 2 2 2 2 2 2 2 2 10 2 2 2 2 2 2 2 2 2 2 2 2 2 2 2
left_child=1 2 4 9 8 6 -6 12 -1 10 11 18 -7 14 20 -16 19 -12 -4 -10 -14 -22 -5 -9 -11 -26 -27 28 29 -21
right_child=-2 -3 3 22 5 7 -8 23 16 24 17 -13 13 -15 15 -17 -18 -19 -20 27 21 -23 -24 -25 25 26 -28 -29 -30 -31
leaf_value=0.032270890297957266 0.027405877546278015 -0.0086495260483706368 -0.0065920425034297642 0.02375088142617748 -0.0069164244245744069 0.0020532574824393504 0.0027372263517297531 0.001383488864557399 0.048087333870827365 -0.025031893518892723 0.011310416892967672 -0.010556584521912042 0.015308219516127326 -0.011496170608675745 -0.009258653674834862 0.0019972101732122225 0.018274077816905356 -0.00041715575991389245 0.0058639834221787535 0.0056252016934061214 -0.025811055750796411 0.0099956844421850276 -0.013342765043294928 -0.0074036395707841474 0.00096454962816305573 -0.067483004470393571 0.0040675764403367391 -0.0013048549138662561 0.015797771709060781 -0.015069309891871278
leaf_weight=304.79765845625661 514.81322635198012 2977.7769912527874 1812.7930672345683 1098.9565012787934 13040.742320922203 37922.365327473031 4099.8921571138781 3556.7900291711558 90.959342108340934 447.47706562047824 4903.0533404173329 1760.8790834071115 1413.0199815775268 2582.5313068963587 3371.9214332781266 4157.137337480206 882.14094962971285 2375.4062569355592 4468.8827720889822 2979.3388663395308 289.93836160749197 382.96639488451183 155.65407469449565 7372.8314429540187 1400.474510562839 93.118615183513612 82.070150269893929 7750.9238213449717 1336.6469406373799 517.79611616954207
leaf_count=1946 55454 14752 12149 67914 63555 194090 26853 33368 3773 4726 39730 14049 8919 12001 18271 21115 4878 21601 32929 17077 1658 2217 1656 46886 22086 2228 3605 44616 7902 2739
internal_value=0.000101713 -2.22329e-05 0.000210015 0.00313325 -0.000380636 -0.0010926 -0.00460733 -0.000105726 0.0036349 0.00197421 0.00327182 -0.000540148 0.000862243 -0.00284051 -0.000514698 -0.00304434 0.00298879 0.00748346 0.00226889 0.00192368 0.00861301 -0.00544798 0.0191419 -0.00454421 -0.00784923 -0.0029567 -0.0341311 0.00158623 0.00622137 0.00255768
internal_weight=114144 113629 110652 18598.8 92052.7 78190.1 17140.6 61049.5 13862.6 17344.2 15321 8042.55 50119.9 12197.5 9614.98 7529.06 13557.8 7278.46 6281.68 12675.7 2085.92 672.905 1254.61 10929.6 2023.14 1575.66 175.189 12584.7 4833.78 3497.13
internal_count=804743 749289 734537 222673 511864 428933 90408 338525 82931 153103 120458 59127 258271 64181 52180 39386 80985 61331 45078 76107 12794 3875 69570 80254 32645 27919 5833 72334 27718 19816
is_linear=0
shrinkage=0.05


Tree=103
num_leaves=31
num_cat=0
split_feature=3 5 11 12 14 25 21 22 5 11 12 4 25 14 14 25 11 16 12 11 3 22 21 12 22 21 14 12 12 24
split_gain=131.889 101.717 127.487 210.695 112.86 105.471 102.198 196.371 203.982 165.094 163.517 205.882 171.567 150.6 269.52 412.28 212.816 184.95 181.968 180.524 178.445 213.738 358.886 220.766 317.515 322.772 174.879 171.476 154.921 153.36
threshold=345.03835487365728 2.5000000000000004 50.50536256878646 6.2523219814241502 155.50000000000003 32.285268002748502 0.69073289500000012 0.29689309000000008 12.500000000000002 29.054523943159328 5.3374613003095988 81.063779249787345 26.408613327145577 236.50000000000003 217.50000000000003 21.937666288018232 80.377632546720136 0.57352942228317272 1.6981424148606814 20.03343528257712 76.963583908975139 0.085721280400000016 -0.89375877499999989 3.4721362229102173 -0.7116301049999999 0.44911027000000009 259.50000000000006 3.6795665634674926 4.0650154798761617 1.5000000000000002
decision_type=2 2 2 2 2 2 2 2 2 2 2 2 2 2 2 2 2 2 2 2 2 2 2 2 2 2 2 2 2 8
left_child=1 2 5 -4 -3 -1 10 8 9 -8 13 12 -12 14 17 29 19 -6 -17 -15 21 22 -21 -24 25 26 -25 -26 -23 -16
right_child=-2 4 3 -5 6 -7 7 -9 -10 -11 11 -13 -14 16 15 18 -18 -19 -20 20 -22 28 23 24 27 -27 -28 -29 -30 -31
leaf_value=-0.0014499235656121124 0.03254398532092246 0.055703010680741974 -0.015203154736504238 0.0084976961895480967 0.019258603906901789 0.045099416183542608 0.013923513473076099 -0.0079918748477608159 0.018429082352446072 -0.0032587729780894797 -0.0006898210849864819 -0.008468394656736886 0.015073264831297157 0.025073810645823869 -0.035890902506121029 0.00055715374754670727 -0.029059583830896553 0.0012616888547491772 0.02492122776953308 0.028318677599354688 0.0093007393665014877 -0.00064416693876815777 -0.0064652822559828106 -0.097050400365301159 -0.066664643818050956 0.049413599681159492 -0.031433582607459917 -0.0094131022190994812 0.027383489799527524 0.0011625284149823941
leaf_weight=19345.795626451261 307.17918961704709 91.763425193727016 4157.7581502506509 1209.9790612496436 1522.4308182587847 121.4588656546548 1632.5553621370345 9222.6007143976167 1572.8325617702212 9694.5300410366617 11619.355921471491 7953.7832764876075 2026.3872416643426 682.80655454145744 316.53057476179674 922.7321262951009 657.90134159219451 22691.076749548782 4522.6119480093475 556.32831968739629 2911.6057793824002 1632.9606645749882 3629.841263379436 303.14565239381045 144.58722439501435 58.09641370549798 154.39334991574287 1292.5131410034373 705.24823978450149 2315.9221131661907
leaf_count=93556 49624 1030 19031 5235 37287 5044 9833 57282 23070 56133 59642 66607 11687 5760 3167 10797 6386 132348 36960 6490 38031 11797 26331 1856 750 358 971 7238 4280 15957
internal_value=-0.000121199 -0.000209759 -0.0030385 -0.00985999 0.000581083 -0.00115719 0.000523458 -0.00242097 0.00156218 -0.000781306 0.00150123 -0.00207499 0.00165192 0.003217 0.00503263 0.0129407 -0.00138883 0.002394 0.0207935 0.00012152 -0.00137656 -0.00504451 -0.00994396 -0.0137614 -0.0273135 -0.0609363 -0.0750253 -0.0152156 0.0078176 -0.00330478
internal_weight=113977 113670 24835 5367.74 88834.5 19467.3 88742.8 22122.5 12899.9 11327.1 66620.3 21599.5 13645.7 45020.7 32291.3 8077.8 12729.4 24213.5 5445.34 12071.5 11388.7 8477.11 6138.91 5582.58 1952.74 515.635 457.539 1437.1 2338.21 2632.45
internal_count=804538 754914 122866 24266 632048 98600 631018 146318 89036 65966 484700 137936 71329 346764 236516 66881 110248 169635 47757 103862 98102 60071 43994 37504 11173 3185 2827 7988 16077 19124
is_linear=0
shrinkage=0.05


Tree=104
num_leaves=31
num_cat=0
split_feature=3 21 23 20 10 17 6 14 22 21 21 23 21 11 20 14 11 14 14 14 23 21 11 11 20 8 9 11 23 9
split_gain=114.532 106.074 151.994 101.395 95.7781 188.72 118.174 92.8159 91.9052 214.174 117.624 173.213 142.073 123.584 96.0133 162.2 95.7504 160.63 130.674 98.6302 126.506 108.373 98.5138 181.386 141.634 134.756 115.783 111.387 103.539 103.129
threshold=432.62354162335401 -2.1536850999999992 2.4967763500000006 -25.414283752441403 31.905198043584829 166.70588684082034 1.5000000000000002 262.50000000000006 -1.0697576499999999 1.1001508500000001 -1.3268715999999998 1.7749508000000003 -0.33969499499999994 31.816619188781406 78.784561157226577 233.50000000000003 80.377632546720136 236.50000000000003 208.50000000000003 158.50000000000003 1.4070335000000003 0.27051234000000007 28.386584936119274 33.253394066733847 27.889450073242191 1.0000000180025095e-35 59.500000000000007 10.389228504554778 1.6251929000000003 36.500000000000007
decision_type=2 2 2 2 8 2 2 2 2 2 2 2 2 2 2 2 2 2 2 2 2 2 2 2 2 2 2 2 2 2
left_child=1 -1 3 -3 8 -6 -7 -4 9 10 -5 16 13 14 15 -13 19 18 -18 20 -12 -22 26 24 -24 28 27 -21 29 -25
right_child=-2 2 7 4 5 6 -8 -9 -10 -11 11 12 -14 -15 -16 -17 17 -19 -20 22 21 -23 23 25 -26 -27 -28 -29 -30 -31
leaf_value=0.017195019895504798 0.040303801582995825 -0.0087776267327074296 -0.020650091887179839 0.023287604869781736 0.04029629432632701 0.010526693503789956 -0.0050313898661138784 0.031602081970845512 -0.00069211728013551864 -0.028111406510172021 -0.053422426352567977 -0.032718948140971607 0.0042440264303614701 -0.0082013206403804828 0.013182727149353764 -0.11116206099113701 -0.022323403067434435 -0.080132092562618162 0.059207929239621038 -0.012226903228520462 0.025537601271839391 -0.043878452458131934 -0.029601425049048759 0.036105844838475433 0.013722473439178276 0.0044187994153342255 -0.022053770951434598 0.029273225550645356 -0.010356906984459246 0.0012685981293268499
leaf_weight=872.42011966765858 174.12482460774481 3263.7670637648553 1241.1924202057999 867.62394072511233 385.9680065352004 2934.068779646419 2088.6063268408179 90.35194119066 91786.079057197785 490.29604198760353 139.41362220095471 245.09048089827411 1093.4684089862276 664.23673977167346 62.689872425049543 89.88500494719483 166.30387995345518 79.685408391058445 68.586367504671216 182.13561910763383 190.01694097043946 78.691864774096757 542.10646771872416 983.96924564195797 288.31294522923417 2701.6274564161431 145.00355017185211 1405.3662258272525 196.94590245001018 270.95365371182561
leaf_count=6272 36808 15625 7852 7413 41673 49546 11052 1197 553773 3098 764 1666 6842 5777 667 593 1189 561 600 1193 1263 471 3113 5127 2616 23569 855 9939 1041 1363
internal_value=-0.000100196 -0.000162473 -0.000296939 -9.61609e-05 0.000165915 0.00665041 0.00405738 -0.0170835 -0.00017552 0.00415346 0.00566806 0.00407248 -0.00840581 -0.0214234 -0.0434329 -0.054036 0.00768851 -0.0192671 0.00163327 0.00888124 -0.0149585 0.00512167 0.0103319 0.00675915 -0.0145614 0.0110243 0.0205997 0.0245072 0.0233043 0.028591
internal_weight=113789 113615 112742 111411 108147 5408.64 5022.68 1331.54 102738 10952.4 10462.1 9594.49 2155.37 1061.9 397.665 334.975 7439.12 314.576 234.89 7124.54 408.122 268.709 6716.42 4983.92 830.419 4153.5 1732.51 1587.5 1451.87 1254.92
internal_count=803518 766710 760438 751389 735764 102271 60598 9049 633493 79720 76622 69209 15545 8703 2926 2259 53664 2350 1789 51314 2498 1734 48816 36829 5729 31100 11987 11132 7531 6490
is_linear=0
shrinkage=0.05


Tree=105
num_leaves=31
num_cat=0
split_feature=16 18 0 7 18 23 24 22 22 11 11 11 23 22 11 24 23 11 22 24 11 11 6 23 11 6 11 23 11 23
split_gain=108.204 90.003 87.6853 89.2971 86.5939 76.6171 102.588 92.4854 88.2226 125.887 131.062 113.925 104.996 91.4577 87.5094 110.298 93.451 132.9 140.335 113.614 90.1518 84.2205 82.405 81.0024 80.4104 92.6012 74.5665 91.8004 72.5581 101.246
threshold=0.16176471114158633 190.41741943359378 1.3778134584426882 1.0000000180025095e-35 169.79144287109378 1.7060800000000003 1.5000000000000002 -1.2068874999999999 1.0527500000000003 100.96431947589475 45.808174089295072 64.781364744050506 1.6251929000000003 1.1238994000000002 92.67470495860691 6.5000000000000009 1.9815817000000002 67.392728720886808 0.9894630900000001 7.5000000000000009 47.991097446288862 89.691619807248813 11.500000000000002 1.2767918500000002 6.8989440573627379 1.5000000000000002 74.360047715909261 1.5455405000000002 15.017229010400021 0.24819187000000004
decision_type=2 2 2 2 2 2 10 2 2 2 2 2 2 2 2 10 2 2 2 10 2 2 2 2 2 2 2 2 2 2
left_child=-1 2 5 -4 -5 7 -7 21 28 10 22 -12 13 -13 16 -16 17 20 -19 -18 -8 24 -10 -15 25 -2 27 -25 29 -9
right_child=1 -3 3 4 -6 6 14 8 9 -11 11 12 -14 23 15 -17 19 18 -20 -21 -22 -23 -24 26 -26 -27 -28 -29 -30 -31
leaf_value=0.034894700868113297 0.025903852529825983 -0.0066642031688014264 0.0016996766830254884 0.020939057362615556 0.0038182640361780693 0.0047515983187644403 -0.01119504516980434 0.038562558859188037 0.0059797587846816668 -0.04774613762593273 0.033347398867205003 0.02977132963647219 0.05492345235388546 0.049100098166382229 0.001501962720190368 0.060422252968062723 -0.0062035922397288661 -0.013576812533459316 0.034026489542488568 0.012508650741319328 -0.028111197440319799 -0.05888707502520496 -0.014832225099224076 -0.044488792273075534 0.0113450029947598 -0.037425600333168864 0.0032449595812039204 0.031882947811748517 -0.0013871594762799623 0.0031084037051849383
leaf_weight=221.14173733000644 83.769684175029397 4898.9080218104646 24171.221112156752 1241.3486017286777 1822.6340782791376 2635.9411931477953 3186.6579097672366 207.26098045241088 1816.3867532322183 102.94923905842006 738.47346287872642 220.53018861729652 103.25821079313755 57.293989650905132 330.36949066724628 103.59244377166033 4162.858955858741 319.72434735251591 298.44858055189252 1006.4800755614415 1046.5337844556198 45.225472854450345 643.22830442339182 232.15706254355609 3086.7819918852765 180.6464869286865 337.49254935234785 46.584142737090588 54338.809355266392 6093.402360974811
leaf_count=54597 460 24875 162309 72398 45075 17107 17254 1403 9762 492 3468 980 465 263 1641 543 22307 1881 1382 5750 5646 254 3210 1032 19334 1004 1529 199 288973 38143
internal_value=3.26712e-05 -3.55249e-05 0.000263386 0.00271924 0.0107592 -0.000558077 -0.00406216 0.00011324 -0.000307492 0.00661376 0.00795873 0.0184742 0.00743888 0.00189946 -0.00628462 0.0156736 -0.00723702 -0.0122206 0.00942349 -0.00255857 -0.0153827 0.00815513 0.000533279 -0.0072571 0.00907719 -0.0173402 -0.0125679 -0.031657 -0.000798197 0.00428061
internal_weight=113780 113559 108660 27235.2 3063.98 81424.9 13090.6 68334.3 64937.8 4298.35 4195.4 1735.79 997.316 894.058 10454.7 433.962 10020.7 4851.36 618.173 5169.34 4233.19 3396.42 2459.62 673.528 3351.2 264.416 616.234 278.741 60639.5 6300.66
internal_count=803736 749139 724264 279782 117473 444482 73511 370971 349919 21400 20908 7936 4468 4003 56404 2184 54220 26163 3263 28057 22900 21052 12972 3023 20798 1464 2760 1231 328519 39546
is_linear=0
shrinkage=0.05


Tree=106
num_leaves=31
num_cat=0
split_feature=15 18 12 18 13 22 14 23 12 14 12 14 12 14 12 22 22 22 5 13 23 12 22 23 12 23 22 14 12 23
split_gain=122.726 97.8138 94.3833 143.885 125.428 119.133 101.269 97.5675 196.316 174.469 256.951 188.545 287.014 289.132 197.912 170.645 160.78 316.662 181.181 146.632 165.551 168.95 144.942 120.321 213.53 147.811 241.079 206.402 204.009 187.731
threshold=24.162032127380375 189.99815368652347 2.1965944272445825 174.26782989501956 -92.302003004844352 0.37528550500000007 273.50000000000006 0.56494268500000011 2.8034055727554184 265.50000000000006 4.0650154798761617 239.50000000000003 8.1130030959752339 242.50000000000003 5.5015479876161004 0.12590616500000001 0.29689309000000008 0.25870698500000006 7.5000000000000009 -71.248739037547395 0.55684298000000021 3.9396284829721364 0.41218942500000005 0.87074590000000007 2.2461300309597529 1.1257050000000002 -0.89578321499999991 236.50000000000003 8.4334365325077432 1.1008879500000004
decision_type=2 2 2 2 2 2 2 2 2 2 2 2 2 2 2 2 2 2 2 2 2 2 2 2 2 2 2 2 2 2
left_child=1 2 3 -1 5 -5 7 8 16 11 -11 19 13 14 -13 -15 17 -4 -19 -10 -21 -22 -14 24 -9 26 27 -25 -28 -29
right_child=-2 -3 6 4 -6 -7 -8 23 9 10 -12 12 22 15 -16 -17 -18 18 -20 20 21 -23 -24 25 -26 -27 28 29 -30 -31
leaf_value=0.0079398119503303541 0.040090459246429573 -0.0060587466202052737 -0.019108172924568862 0.038823030610599669 -0.0011455327514708776 -0.0015857615400928183 -0.047384752677500766 -0.070635719063246491 -0.018654062183381684 -0.014553058816375709 0.041011060475478783 -0.083685590872444204 -0.06674390141948823 -0.010367815757873405 0.0035431338461093019 0.020460092441076893 0.01712405987542364 -0.039354946894235306 -0.17806436383567115 0.00479277496703032 0.009418689854653179 -0.061607710444313547 0.021182212798462167 -0.01174339014276011 0.0046394981628977714 0.0008484385243982622 -0.004893418525944433 -0.068206565066076225 0.014602394973695766 0.0005751072171761558
leaf_weight=9359.922865817789 189.9773932795506 6340.6094520883635 1640.6116816538852 392.39123697020113 13446.693492341787 339.937600270845 113.79717301949859 93.777965226909146 877.50199200678617 337.3509009485133 540.19266853481531 196.12154800305143 331.38381970487535 1712.1154307425022 96.920150829479098 607.29923791927285 270.28262800816447 45.554103085771203 49.37277024006471 6574.4678822399583 146.98434597579762 192.82319749053568 54.082601984962821 1352.5463756802492 15787.977858389495 39143.772013800684 11424.631137940101 361.43774207192473 1519.4420581364539 136.56788296415471
leaf_count=109056 53030 32389 10859 2052 89397 1638 745 524 4034 2169 4135 1084 1891 11823 545 4035 1694 232 296 37586 833 1004 362 8247 94885 246177 70068 2406 9400 1129
internal_value=4.23533e-05 -2.50402e-05 0.000332071 0.00312877 -4.74456e-05 0.0200892 -0.000455348 -0.000390819 -0.00425303 -0.0017682 0.0196585 -0.00351252 -0.0141659 -0.00821314 -0.0549218 -0.00229071 -0.0186985 -0.0242839 -0.112604 0.000587714 0.00303206 -0.0309476 -0.0543846 0.000365579 0.0041906 -0.000760726 -0.00501804 -0.0218934 -0.00260395 -0.0493812
internal_weight=113677 113487 107146 23538.9 14179 732.329 83607 83493.2 13673.1 11667.2 877.544 10789.7 2997.92 2612.46 293.042 2319.41 2005.82 1735.54 94.9269 7791.78 6914.28 339.808 385.466 69820.2 15881.8 53938.4 14794.6 1850.55 12944.1 498.006
internal_count=803725 750695 718306 202143 93087 3690 516163 515418 82582 69501 6304 63197 19740 17487 1629 15858 13081 11387 528 43457 39423 1837 2253 432836 95409 337427 91250 11782 79468 3535
is_linear=0
shrinkage=0.05


Tree=107
num_leaves=31
num_cat=0
split_feature=1 21 23 11 16 5 23 11 24 10 21 21 11 11 21 11 23 24 4 9 5 11 21 23 4 23 11 23 24 9
split_gain=118.576 98.49 176.24 92.6401 77.7617 77.4309 128.175 126.873 127.128 117.172 107.436 147.996 127.722 139.408 144.53 189.339 182.709 137.656 126.314 138.841 124.041 121.513 120.609 141.769 119.332 134.199 116.99 154.981 158.845 103.511
threshold=72.458122730255141 -2.1536850999999992 2.4967763500000006 36.983869110444573 0.83823528885841381 2.5000000000000004 0.78081134000000019 49.851090743157435 1.5000000000000002 229.16232490539554 0.3317518550000001 0.35373817500000004 31.623580255721567 26.853949906137249 -0.26192292499999997 25.058431991205868 1.4392760500000004 1.5000000000000002 61.503134973347194 68.500000000000014 14.500000000000002 20.03343528257712 0.033785214650000006 1.1008879500000004 105.98737020790578 0.43381632500000006 111.65133048040369 1.1992014000000002 2.5000000000000004 9.5000000000000018
decision_type=2 2 2 2 2 2 2 2 10 8 2 2 2 2 2 2 2 8 2 2 2 2 2 2 2 2 2 2 8 2
left_child=1 3 5 4 -1 6 -3 8 -8 10 12 -12 13 14 15 18 21 -17 19 -7 29 -16 -15 24 -24 -26 -14 28 -28 -13
right_child=-2 2 -4 -5 -6 9 7 -9 -10 -11 11 20 26 22 16 17 -18 -19 -20 -21 -22 -23 23 -25 25 -27 27 -29 -30 -31
leaf_value=0.016390204954393219 0.024649964058172495 -0.0085950423854275742 -0.018469033092714023 0.045121098869800827 -0.025159924740781943 0.0064018384390123516 0.00754902589445195 -0.0086756220391052824 -0.0021956548185381917 0.052130136287321528 -0.022465035144930354 -0.0057790625586054065 0.0040006252404494146 -0.0048734429317939644 0.01629579088822598 0.042679626194266664 0.035594229870765152 0.0051506221181825129 -0.010746551930001092 -0.020031941306030036 0.0094775178867155026 -0.0026284278696825304 -0.02071495900436239 0.0088589944197625514 -0.1099907528095532 -0.034810838002898047 0.053759812907299864 0.056265737623087148 -0.032755054297741733 0.00023564070779945228
leaf_weight=505.34905303549021 478.95195197523572 6625.3315614555031 1330.2062313950155 212.79974185815081 143.85876592621207 2920.3929980895482 5628.7688620733097 3688.5339600928128 8253.1170939551666 108.87351852166466 840.49997871322557 11748.735436007846 34729.68536827364 3766.433272454422 1381.8318364280276 347.7693891862873 551.10355203179643 817.2039689051453 4486.3078814893961 597.53376987203956 2497.4865739948582 2193.664667684352 480.5342210046947 238.57032080041245 94.697098966920748 160.27681914484128 57.691684015793726 64.563402444357052 560.38942814944312 18284.615785140544
leaf_count=3551 55082 31982 8998 1939 686 17369 28475 16580 42391 1297 5478 80844 264273 27367 10150 2462 4484 6102 37541 3613 39284 13903 2389 1608 821 1320 640 548 3556 89794
internal_value=-0.000150068 -0.000255106 -0.000384235 0.0165716 0.00715853 -0.000167589 -0.00266922 -0.000434394 0.00175584 0.000528738 0.00046343 -0.00176249 0.00185322 -0.00157154 0.00105338 -0.00244389 0.00882293 0.0163808 -0.00518543 0.00190754 -0.00122693 0.00468778 -0.00893237 -0.0246058 -0.0354578 -0.0630532 0.00359753 -0.0168861 -0.024606 -0.00211736
internal_weight=113796 113317 112455 862.008 649.208 111125 24195.8 17570.4 13881.9 86928.9 86820 33371.3 53448.6 18036.3 13295.8 9169.21 4126.6 1164.97 8004.23 3517.93 32530.8 3575.5 4740.51 974.078 735.508 254.974 35412.3 682.645 618.081 30033.4
internal_count=804527 749445 743269 6176 4237 734271 119428 87446 70866 614843 613546 215400 398146 129129 95624 67087 28537 8564 58523 20982 209922 24053 33505 6138 4530 2141 269017 4744 4196 170638
is_linear=0
shrinkage=0.05


Tree=108
num_leaves=31
num_cat=0
split_feature=1 18 18 21 14 23 14 14 3 11 14 22 11 21 23 11 22 14 22 21 20 23 16 13 21 21 22 11 21 22
split_gain=118.074 103.066 65.0278 62.1585 113.101 94.29 86.9972 71.1548 208.943 180.622 153.645 341.881 185.356 170.56 220.035 265.926 311.093 197.253 179.249 166.238 156.973 189.131 128.291 129.771 117.712 116.397 149.988 116.23 171.562 150.659
threshold=72.458122730255141 190.41741943359378 156.30882263183597 -2.1536850999999992 185.50000000000003 2.5483800000000003 163.50000000000003 265.50000000000006 16.651338875293735 60.975795745019212 249.50000000000003 -0.34745000499999995 75.951033719080073 1.5744800000000003 1.1772359000000001 40.694488838603355 -0.72863742999999992 252.50000000000003 -0.59998893499999995 2.0166322000000005 78.784561157226577 0.76724058500000014 0.63235294818878185 -43.081044325276324 0.49909551500000005 0.62234553500000012 -0.39234758499999994 36.983869110444573 1.6484033000000002 -0.35569745499999994
decision_type=2 2 2 2 2 2 2 2 2 2 2 2 2 2 2 2 2 2 2 2 2 2 2 2 2 2 2 2 2 2
left_child=1 2 -1 4 6 7 -4 10 25 27 19 13 -13 14 15 18 17 -17 -12 20 22 24 23 -5 -22 26 -9 28 -10 -29
right_child=-2 -3 3 5 -6 -7 -8 8 9 -11 11 12 -14 -15 -16 16 -18 -19 -20 -21 21 -23 -24 -25 -26 -27 -28 29 -30 -31
leaf_value=0.016742624290504129 0.025003180850542872 -0.0071712964979644342 0.01711433983326912 -0.0049198700105739382 0.040756818653708421 -0.014842347592273104 -0.023777840382148231 -0.0079927188328843529 -0.0044905683866069803 0.01852101849574345 -0.04045077668002689 0.013725647535864555 -0.025191410234333217 -0.082193074782072384 0.0094820999572936947 -0.065646421845356989 0.039734872620982971 0.0050034324094032703 -0.0080725601500718971 0.027498081337084049 -0.048517426777406392 -0.0022791742686261874 -0.00090733582272315696 0.007425605156799635 0.054080551894726339 -0.0060737287244453757 0.033020300613765513 0.0072462692806045149 -0.055988818798770462 -0.033642259663577499
leaf_weight=593.41458378708921 470.49065782735124 4888.1401783851907 326.7422494024504 2749.4165061302483 263.96111704711802 1050.7034892770462 214.64810943091288 322.02343946695328 2503.6667783590965 477.32820843299851 882.42963817389682 7424.7260613800026 318.21555132046342 70.008811073377728 1770.6970493653789 154.40795744070783 423.40169018693268 270.86084884451702 829.37160130310804 537.25673504290171 457.37507690675557 748.29655596218072 73431.921571667306 9417.7547338025179 28.964803123148158 692.08250883221626 720.92871155962348 280.6286116563715 171.91434146557003 1134.8817533659749
leaf_count=29018 55512 24622 1904 18370 2436 6582 1190 2349 18479 5620 5569 53755 3098 607 14864 1167 4132 2461 5464 3095 4026 8997 392426 117884 283 3602 4885 2682 916 8242
internal_value=3.37645e-05 -7.02756e-05 0.000250388 0.000159342 0.0139895 5.49901e-05 0.000887637 0.000203049 -0.00494817 -0.0105577 0.000529382 0.00579884 0.0121232 -0.00532778 -0.00406665 -0.0134364 0.00944108 -0.0207422 -0.0247773 -0.000203103 -0.00037481 -0.0180688 -0.000119393 0.00463572 -0.0423086 0.00981943 0.0203615 -0.0139541 -0.00781917 -0.0255366
internal_weight=113627 113156 108268 107675 805.351 106869 541.39 105819 6303.45 4568.42 99515.1 12144.1 7742.94 4401.18 4331.17 2560.47 848.67 425.269 1711.8 87371 86833.7 1234.64 85599.1 12167.2 486.34 1735.03 1042.95 4091.09 2675.58 1415.51
internal_count=804237 748725 724103 695085 5530 689555 3094 682973 46775 35939 636198 91117 56853 34264 33657 18793 7760 3628 11033 545081 541986 13306 528680 136254 4309 10836 7234 30319 19395 10924
is_linear=0
shrinkage=0.05


Tree=109
num_leaves=31
num_cat=0
split_feature=1 15 11 4 10 23 4 0 25 11 23 9 4 13 9 23 23 19 23 11 9 6 4 0 4 11 23 11 25 11
split_gain=119.898 73.9241 66.3476 62.9642 73.4997 71.4063 99.2425 65.2283 89.9116 74.7161 60.333 62.9875 110.811 78.6191 115.008 66.5434 65.2832 67.6016 59.4766 142.055 57.6787 55.8662 55.1475 55.0438 55.0398 53.7329 53.1365 52.6329 52.5481 51.6208
threshold=72.458122730255141 2.6626911163330083 1.0000000180025095e-35 160.19815167784694 -21.555816772580144 0.73998249000000016 76.196166023612037 9.0483694076538104 32.808040991425521 35.261407327714267 2.4041249500000004 10.500000000000002 28.990504510700706 -56.700418385374284 49.500000000000007 0.36691397000000009 0.38276721500000005 0.60294118523597728 0.72872141000000012 69.240060989413394 14.500000000000002 53.500000000000007 3.5484858155250554 2.3897628784179692 94.514131076633944 87.722411732163422 2.1829980500000006 14.008156353618409 21.65932177305222 87.722411732163422
decision_type=2 2 2 2 10 2 2 2 2 2 2 2 2 2 2 2 2 2 2 2 2 2 2 2 2 2 2 2 2 2
left_child=1 10 -3 4 21 6 20 8 27 -10 11 15 22 14 26 24 -17 -18 29 -20 -6 -4 -13 -2 -1 -22 28 -5 -14 -8
right_child=23 2 3 7 5 -7 18 -9 9 -11 -12 12 13 -15 -16 16 17 -19 19 -21 25 -23 -24 -25 -26 -27 -28 -29 -30 -31
leaf_value=-0.00169126648114038 -0.0033323601714008314 -0.074858486026990953 0.0030511284482429434 0.019586137853355282 -0.014995730159632834 0.00045139182682224526 0.0044051430507300645 0.018036602019671399 -0.015957425792423909 0.012551264655734938 -0.012755474747524732 -0.015549965072632699 0.0020161507952387646 0.00043210265385712688 -0.009767080602786601 -0.043034827210794331 -0.0015389039287376661 -0.0088467333967987213 0.016280133165367427 -0.084032706519321779 -0.003624626469085011 -0.04824646930131643 -0.0030564275719926659 0.036175425441349641 0.021762198694935137 -0.028911448764399546 -0.03052518153552617 0.0042052273197852206 0.015738091058604891 -0.017093226542803722
leaf_weight=596.350820671767 119.74190016672947 27.817541165277362 18758.530452984385 598.71842040587217 2144.5629434371367 26510.273410935421 3674.8024491949473 830.34496215870604 948.21379221184179 302.42555839731358 1180.9268009518273 968.76480210572481 932.54882080107927 16293.345435170457 767.63369804620743 111.32275444222614 7209.6155063835904 5640.1667083259672 75.663628689013422 64.710269108880311 4039.04789010901 52.229446515440941 9916.4811993688345 331.615392067004 429.73742018919438 220.64931453857571 72.998318113386631 7687.0948952788021 2773.2024328187108 301.19834362249821
leaf_count=3051 1935 148 103934 4970 12854 183983 29108 45216 18034 12707 6240 4463 4241 80950 3462 628 44513 31088 639 453 20074 238 44611 53264 2980 993 337 73424 12658 2501
internal_value=1.97732e-05 -8.29509e-05 0.000992473 0.00102547 0.000361079 -0.000931791 -0.0044169 0.00460391 0.00343254 -0.00905903 -0.00160197 -0.00131356 -8.11428e-05 0.00205451 0.00786754 -0.00410865 -0.00507912 -0.00474698 0.00164016 -0.0302299 -0.00830976 0.00290614 -0.00416965 0.0257101 0.00814294 -0.00494094 0.0114516 0.00531885 0.0122865 0.00277266
internal_weight=113581 113129 66236.3 66208.5 55841.7 37030.9 10520.6 10366.8 9536.45 1250.64 46893.1 45712.2 31725 20839.7 4546.38 13987.2 12961.1 12849.8 4116.37 140.374 6404.26 18810.8 10885.2 451.357 1026.09 4259.7 3778.75 8285.81 3705.75 3976
internal_count=803697 748498 509276 509128 354777 250605 66622 154351 109135 30741 239222 232982 150722 101648 20698 82260 76229 75601 32701 1092 33921 104172 49074 55199 6031 21067 17236 78394 16899 31609
is_linear=0
shrinkage=0.05


Tree=110
num_leaves=31
num_cat=0
split_feature=3 20 24 12 12 22 11 9 14 16 14 11 22 9 22 14 22 14 14 11 14 12 17 14 4 17 22 11 24 14
split_gain=102.822 89.5678 100.414 110.567 88.8057 217.315 184.528 183.011 170.696 131.117 126.429 123.178 118.199 116.317 128.021 182.674 118.706 145.519 204.337 149.681 111.996 97.555 99.4401 168.865 372.386 158.896 152.297 237.537 234.775 221.047
threshold=345.03835487365728 -22.078605651855465 1.5000000000000002 1.7941176470588238 2.7631578947368425 1.5679100000000001 103.36032366453911 41.500000000000007 265.50000000000006 0.48529411852359777 221.50000000000003 41.848222688509402 -1.7176085499999998 6.5000000000000009 0.45226171500000006 167.50000000000003 -0.75141000499999988 176.50000000000003 189.50000000000003 78.397701685042946 273.50000000000006 2.8436532507739942 179.88861083984378 203.50000000000003 93.541083924472346 185.78959655761722 -0.32743333499999999 35.482507067406701 3.5000000000000004 199.50000000000003
decision_type=2 2 8 2 2 2 2 2 2 2 2 2 2 2 2 2 2 2 2 2 2 2 2 2 2 2 2 2 10 2
left_child=1 2 -1 -4 5 7 20 9 11 -3 -8 -9 -11 14 -14 -16 -15 -18 19 -19 21 -6 -23 24 26 -26 27 -24 29 -29
right_child=-2 4 3 -5 6 -7 10 8 -10 12 -12 -13 13 16 15 -17 17 18 -20 -21 -22 22 23 -25 25 -27 -28 28 -30 -31
leaf_value=0.0097325732149379767 0.030852865032058488 0.023434935489509479 -0.0010841283828902559 -0.016695621626523018 -0.013930776439087881 0.034917401096158977 -0.028997781776085342 0.014749745510640976 -0.041585432604459655 -0.014510200749589806 0.013346305313353114 -0.0085166455496344228 0.0027861222026944587 0.014898891991078654 0.011334645407637726 -0.017495237743771899 -0.0074397382637662922 0.018332255636006111 0.0041665606141935291 0.066061556856229095 -0.052169853237630931 -0.0032682843880072598 -0.0037217962954009323 0.0036593978797287473 0.00086234609146673214 -0.02176233923935721 -0.003430604189277855 0.016456632801497065 -0.021433106725265692 -0.029486573104863575
leaf_weight=831.65099687129259 270.89432286005467 802.85826966282912 2193.5094238268211 2347.7468299418688 1268.2385798350442 509.57466208725236 899.64659173134714 683.20132381096482 336.92586491629481 935.49360161460936 218.54795368784107 3375.3059490639716 10942.186420018086 3477.8085358040407 764.99350782902911 1943.9543406986631 2117.0730882314965 708.22626726329327 5993.7142359949648 213.41837030649185 102.76678331336007 17201.093647853006 4549.3526171371341 29599.144988116808 1050.2671552849934 2970.4627637350932 10971.797676363029 5400.4690542938188 501.39904068782926 274.25005377735943
leaf_count=3651 49753 34162 10046 11980 8014 3431 4947 3771 1704 7270 1406 16362 108316 22793 5398 17319 10492 3612 35694 949 579 154003 20679 167444 7124 14396 49367 25262 2255 1434
internal_value=0.000141949 6.8174e-05 -0.00623179 -0.00915689 0.000382193 0.00255205 -0.000566824 0.00204031 -0.00744144 0.00353431 -0.0207172 -0.00459736 0.00294383 0.00356849 0.000376782 -0.00935264 0.00705097 0.00402792 0.00753921 0.0294442 -0.000261604 -0.000188602 5.1917e-05 0.00108439 -0.00187925 -0.0158537 0.00071098 0.00494761 0.0113331 0.0142315
internal_weight=113456 113185 5372.91 4541.26 107812 32804.7 75007.4 32295.2 4395.43 27899.7 1118.19 4058.51 27096.9 26161.4 13651.1 2708.95 12510.2 9032.43 6915.36 921.645 73889.2 73786.5 72518.2 55317.1 25718 4020.73 21697.3 10725.5 6176.12 5674.72
internal_count=803613 753860 25677 22026 728183 271273 456910 267842 21837 246005 6353 20133 211843 204573 131033 22717 73540 50747 40255 4561 450557 449978 441964 287961 120517 21520 98997 49630 28951 26696
is_linear=0
shrinkage=0.05


Tree=111
num_leaves=31
num_cat=0
split_feature=18 16 12 14 16 12 22 14 12 22 12 21 2 9 9 25 25 14 14 22 25 21 21 21 14 12 13 22 9 12
split_gain=105.937 97.1216 95.4611 97.8008 90.9629 79.1518 114.964 71.6708 207.053 216.288 147.752 141.063 132.798 123.846 112.367 121.074 102.507 181.085 279.849 214.074 190.959 127.096 125.216 109.473 102.218 189.821 119.021 102.051 160.294 148.549
threshold=156.30882263183597 0.83823528885841381 11.018575851393191 192.50000000000003 0.48529411852359777 0.65944272445820451 -0.5315448049999999 263.50000000000006 4.0650154798761617 -0.37704915999999994 3.6207430340557281 0.43916224000000009 17.195004343986515 41.500000000000007 7.5000000000000009 22.016543841362004 21.65932177305222 209.50000000000003 247.50000000000003 -0.53966259999999988 21.640113502740864 -0.49529029499999994 -0.17945643499999997 -1.6978661499999999 183.50000000000003 3.1006191950464399 -75.799971837573466 0.32628046000000005 24.500000000000004 5.5015479876161004
decision_type=2 2 2 2 2 2 2 2 2 2 2 2 2 2 2 2 2 2 2 2 2 2 2 2 2 2 2 2 2 2
left_child=-1 2 5 -4 -5 6 -2 16 9 10 -9 -10 27 14 15 -11 17 20 23 -20 22 -21 -7 -19 -24 -26 -27 29 -29 -13
right_child=1 -3 3 4 -6 7 -8 8 11 13 -12 12 -14 -15 -16 -17 -18 18 19 21 -22 -23 24 -25 25 26 -28 28 -30 -31
leaf_value=0.020293135847863613 -0.0080249610172199986 -0.0030829034976600661 -0.0055252053458595346 -0.034624371851063498 0.023056401496155586 -0.0019916530845500466 0.019014429613145013 0.017969141906064686 0.015430112071017599 0.0012460992364008942 -0.0383838029684423 -0.01482228092823807 -0.034950717600348201 -0.040851875329608954 -0.0038396332753609626 -0.0322651183669262 0.0018500018819077502 0.052526160113138001 -0.013126279182582369 0.038034613613584893 -0.03516915981841004 0.0086348364796820041 0.0018006121921890141 -0.011847703769465694 0.031084430247980341 -0.028753931186483742 0.0096065536470557895 0.0024687245800098078 -0.054740016008788243 0.037803195625007779
leaf_weight=644.38792064017616 567.02484570583329 21076.826683396939 549.91041629062966 71.660396696068347 1185.5516413953155 6408.2298418469727 1277.1905822488479 793.28434266662225 1637.7879811129533 362.9092994844541 135.31315603293478 218.72260434180498 308.22530419984832 486.03871197253466 1459.1582410447299 1045.7292601740919 56130.67730501527 65.603131595999002 962.49256338691339 476.28277007536963 336.13409304339439 1603.9413080615923 3325.4669379447587 8320.5919458749704 1100.6198644912802 227.35536567680538 1766.2258280692622 496.74338959902525 161.46188907325268 343.81940902769566
leaf_count=52237 7864 103047 3236 1235 9482 37792 15178 8232 12571 3041 978 1062 2506 2299 8919 9140 409710 639 6720 3761 1736 9985 17538 51443 7615 1007 9418 2996 878 2303
internal_value=9.34233e-05 -2.20463e-05 0.000680553 0.0120555 0.0197437 0.000452064 0.010701 0.000237579 -0.00445475 -0.011622 0.00972506 0.00523813 -0.00568215 -0.0175336 -0.0135687 -0.0236368 0.000670638 -0.0020211 -0.00662549 0.00636216 0.0019766 0.0153812 0.00295261 -0.0113379 0.00788761 0.0144269 0.00521956 0.0017304 -0.0116267 0.0173518
internal_weight=113545 112901 91824.2 1807.12 1257.21 90017 1844.22 88172.8 7449.19 4282.43 928.597 3166.76 1528.97 3353.84 2867.8 1408.64 80723.6 24592.9 11428.9 3042.72 13164 2080.22 12827.9 8386.2 6419.67 3094.2 1993.58 1220.75 658.205 562.542
internal_count=804568 752331 649284 13953 10717 635331 23042 612289 54925 32609 9210 22316 9745 23399 21100 12181 557364 147654 72548 20466 75106 13746 73370 52082 35578 18040 10425 7239 3874 3365
is_linear=0
shrinkage=0.05


Tree=112
num_leaves=31
num_cat=0
split_feature=20 10 18 21 20 23 22 23 23 22 24 11 22 21 21 21 11 24 3 4 11 20 22 23 22 23 23 11 21 10
split_gain=100.392 143.538 167.934 130.152 146.859 128.173 146.463 93.1751 117.114 172.736 111.092 170.4 149.217 112.486 92.1261 90.8504 85.1336 153.905 104.534 95.6128 98.9528 161.481 90.9922 130.566 102.298 87.3194 83.6553 79.4442 78.3393 76.6628
threshold=-11.365150451660154 31.905198043584829 161.1470642089844 -1.6487905499999997 5.3230590820312509 1.6978337000000001 -1.2466693999999998 0.78081134000000019 1.7272303000000002 -1.52295315 1.5000000000000002 50.76485803746403 -0.48156505999999993 -1.3714820999999997 0.56307989500000011 0.36153364000000004 57.337247666997996 6.5000000000000009 99.408423721790328 149.17377249151471 84.818206003472085 60.095260620117195 -0.92314603999999989 1.7358680000000002 -0.047694848849999992 1.8200016500000002 1.7060800000000003 61.85164704809295 -1.3945062499999998 -19.999984973669047
decision_type=2 8 2 2 2 2 2 2 2 2 8 2 2 2 2 2 2 10 2 2 2 2 2 2 2 2 2 2 2 10
left_child=7 3 -3 4 -2 6 -5 -1 9 15 11 12 -11 -12 -4 -9 22 18 19 20 -18 -22 -7 26 25 -25 -24 -15 -14 -17
right_child=1 2 14 5 -6 16 -8 8 -10 10 13 -13 28 27 -16 29 17 -19 -20 -21 21 -23 23 24 -26 -27 -28 -29 -30 -31
leaf_value=-0.010957923091917877 -0.0030309743652830682 0.04077010361445927 0.013645140185090266 0.011840119643731817 0.017846946416552836 -0.00013508755919404119 0.00024802336915020898 0.064980722708320365 -0.010025338614536 0.03144074053512718 -0.048123155362483121 -0.032755917078181505 -0.025740230103667845 -0.0034070280582832444 -0.0072191388682882364 0.050494196847512433 0.0056462038601164735 0.045211103355683707 -0.023746658131843089 0.025920003216805973 -0.02542169147973591 0.040326996780810004 0.00077693323616271237 0.013841877580920392 -0.005659196519064884 -0.04114206840970093 -0.037747309275164884 0.015356290739973136 0.015721341932414205 -0.04195163893768164
leaf_weight=3456.0550740947947 1378.909294748446 423.67010204994585 1569.7059643834364 2822.7875856901519 2162.3901674544904 2579.222831528401 77777.037689201534 159.0929538924247 3024.1961613250896 839.85332688316703 131.6850970312953 180.66340049356222 217.27173114940524 5926.9911011569202 797.032699579373 41.484627351164818 1690.1913240221329 189.65930213034153 436.59682060126215 376.99750890838914 653.25907183252275 108.01751888915896 178.64966158894822 89.046359137864783 4068.6657314831391 371.43403065414168 665.49709480232559 622.47563460469246 237.36095348373055 46.499853082001209
leaf_count=17077 7468 74225 32425 22898 20092 20012 485443 798 14377 3865 631 812 1000 28378 16797 196 9508 1213 3895 2987 3473 568 1034 560 22860 2071 3833 3272 1075 215
internal_value=6.14185e-05 0.000640652 0.0118167 0.000314145 0.00971895 -4.79425e-05 0.000654147 -0.00376547 -0.00158947 0.00144724 0.000197088 0.0126108 0.0189628 -0.00254526 0.00661872 0.0425492 -0.0050083 0.00154496 -0.00100457 0.00251301 -0.00109572 -0.0160519 -0.00785499 -0.0115599 -0.0081912 -0.0305025 -0.029603 -0.00162165 -0.0041064 0.00171412
internal_weight=113222 98338.8 2790.41 95548.4 3541.3 92007.1 80599.8 14883.6 11427.6 8403.38 8156.3 1475.15 1294.49 6681.15 2366.74 247.077 11407.2 3454.72 3265.06 2828.47 2451.47 761.277 7952.52 5373.29 4529.15 460.48 844.147 6549.47 454.633 87.9845
internal_count=803058 731362 123447 607915 27560 580355 508341 71696 54619 40242 39033 6752 5940 32281 49222 1209 72014 21644 20431 16536 13549 4041 50370 30358 25491 2631 4867 31650 2075 411
is_linear=0
shrinkage=0.05


Tree=113
num_leaves=31
num_cat=0
split_feature=4 20 10 21 2 14 22 14 18 25 14 22 21 13 21 14 21 14 21 22 3 18 13 5 20 22 25 21 22 14
split_gain=83.1971 106.535 89.3585 115.663 161.266 206.252 141.176 117.314 193.921 165.355 150.883 202.109 189.92 183.524 172.514 126.698 124.537 136.757 197.721 129.731 122.759 134.825 120.805 116.932 105.296 103.853 99.5788 97.6012 106.604 98.8655
threshold=181.99794530868533 9.1231079101562518 -21.701666325330731 -0.32651200499999994 5.4205292249098429 254.50000000000003 -1.6132802499999999 218.50000000000003 163.92513275146487 20.294582712650303 244.50000000000003 -0.41059787499999995 0.46197338500000007 -57.573885239995199 0.20585595000000004 165.50000000000003 2.0166322000000005 259.50000000000006 0.69073289500000012 0.41218942500000005 41.891059696674354 173.2002868652344 -29.590431919465583 5.5000000000000009 71.94028472900392 -0.36822707999999993 21.65932177305222 0.21633074500000002 -0.092493746449999983 235.50000000000003
decision_type=2 2 10 2 2 2 2 2 2 2 2 2 2 2 2 2 2 2 2 2 2 2 2 2 2 2 2 2 2 2
left_child=2 -2 -1 4 5 26 -6 8 -5 15 14 12 13 -12 22 -10 17 19 -19 -13 -15 -22 -9 -14 -24 -20 -4 -16 29 -29
right_child=1 -3 3 7 6 -7 -8 10 9 -11 11 16 23 20 27 -17 -18 18 25 -21 21 -23 24 -25 -26 -27 -28 28 -30 -31
leaf_value=0.0018948622605872417 -0.017441410209943161 0.005780962410384523 -0.011599676181524542 0.025936792582422003 -0.016160840141800109 0.02435376506375175 0.0047557449708930562 -0.011681402312758597 -0.010438546567776666 -0.003444108037584815 -0.07827777066016689 0.0046931855464542385 -0.021781417462877341 -0.030590409776416128 -0.065932140324765895 0.010069090561492704 -0.027521725039793818 0.011065604517250669 0.046307802057334473 0.026679446760211348 -0.028903848812116002 0.013927240170803799 0.010347638551759299 0.007996341843513121 -0.030725779260367965 -0.014597029884638141 0.0011587046717700144 0.0083217376901978269 -0.020976353938622003 -0.01438109899924866
leaf_weight=32686.942506805062 520.61758357798681 9298.8430590144126 4517.5519025027752 670.55722962156869 843.56036610133015 556.28523706272244 18018.637000398478 1700.5272729475982 908.8945394596085 19277.498533804901 136.27318783476949 1744.4467974100262 440.29148214124143 899.50107766315341 95.690126089379191 4374.1848163851537 308.90480261202902 1680.0722683337517 71.746159100905061 1089.8227708791383 306.52612947998568 455.48065384104848 1732.2301166844554 1302.4591391491704 170.50724322302267 1877.5931827295572 2311.619945410639 733.82380205602385 3195.4384264522232 1380.0123148709536
leaf_count=170382 6181 186593 22476 13398 6608 4368 133899 8743 4610 102870 648 11070 2258 4792 493 23112 1835 11408 466 6583 2851 3497 12122 10096 1200 11278 11499 4145 16323 8044
internal_value=0.000149918 0.00454809 -0.000267446 -0.00126575 0.00136715 -0.00489573 0.0038195 -0.0028169 -0.000571614 -0.00129638 -0.00574876 -0.00161898 -0.011298 -0.022695 -0.0104761 0.00653967 0.00344191 0.00492571 -0.00150151 0.0131537 -0.0180919 -0.00331737 -0.00200071 0.000465061 0.00665278 -0.0123328 -0.00728153 -0.0161248 -0.0152149 -0.00649954
internal_weight=113307 9819.46 103487 70800.1 26247.7 7385.46 18862.2 44552.5 25231.1 24560.6 19321.3 10313.1 3540.53 1797.78 9008.23 5283.08 6772.59 6463.68 3629.41 2834.27 1661.51 762.007 3603.26 1742.75 1902.74 1949.34 6829.17 5404.96 5309.27 2113.84
internal_count=803848 192774 611074 440692 178850 38343 140507 261842 143990 130592 117852 66782 24142 11788 51070 27722 42640 40805 23152 17653 11140 6348 22065 12354 13322 11744 33975 29005 28512 12189
is_linear=0
shrinkage=0.05


Tree=114
num_leaves=31
num_cat=0
split_feature=1 17 6 10 20 12 11 11 4 22 22 11 22 12 20 20 4 11 9 11 12 12 25 20 20 17 25 12 22 12
split_gain=88.4684 82.0698 67.6363 67.5094 112.786 111.937 155.309 130.009 130.872 120.837 122.962 137.045 117.846 112.135 106.373 129.309 214.416 101.754 139.053 117.058 180.751 109.258 99.9027 133.252 130.769 158.11 126.33 97.5749 108.484 95.8462
threshold=72.458122730255141 217.55000305175784 21.500000000000004 -22.670691892504689 -12.033370971679686 4.3544891640866874 92.67470495860691 21.823152354246602 443.1861704587937 1.3878511000000002 0.04601305725000001 32.347828984606572 -1.6132802499999999 4.2058823529411766 82.209007263183608 33.151657104492195 74.641859747469439 53.401806228566379 83.500000000000014 98.898445862815393 1.4659442724458207 3.2492260061919507 35.993842467665679 83.671569824218764 44.688575744628913 179.38796234130862 26.583925327658658 2.7352941176470593 -1.9131074999999997 9.806501547987617
decision_type=2 2 2 10 2 2 2 2 2 2 2 2 2 2 2 2 2 2 2 2 2 2 2 2 2 2 2 2 2 2
left_child=1 2 3 14 -5 7 22 -6 9 10 11 27 -13 -12 15 16 -1 21 19 -19 -21 -14 23 24 26 29 -7 28 -9 -26
right_child=-2 -3 -4 4 5 6 -8 8 -10 -11 13 12 17 -15 -16 -17 -18 18 -20 20 -22 -23 -24 -25 25 -27 -28 -29 -30 -31
leaf_value=0.0038883439452957317 0.022439033974748536 -0.010093436482863996 -0.0059055992605016455 -0.0062276423750954662 0.020509336170684914 -0.0012429182869177619 -0.031943365509234468 -0.051004861432236162 0.033105889826201565 0.019212363030994242 -0.0034760141254290113 -0.010844953312470387 0.0058652783257910675 0.017610779820561452 -0.0064490058625575669 0.0093921420704839702 -0.011663555673465333 0.0013418894831869793 -0.036738629200426497 0.054959754479098955 0.0070412525653419048 0.017867804105966046 -0.029700340699660301 0.008385304079938349 -0.020278849321304294 -0.0030611054172604577 0.014523675665762207 -0.010035430352757762 0.013640501595107865 0.015741729216396719
leaf_weight=13125.158691595774 439.30315362825058 1984.193507748656 4407.0530243590474 7289.7759832562879 916.3766990324948 15117.255353384651 428.70391997811384 69.344550782581791 323.81657592055853 915.09913874720223 15265.413765276549 1184.1875973227434 6798.5189505927265 656.63551901490428 2857.7481360277161 7085.7202177760191 2665.5493945959024 10238.493578814203 223.69030937179923 259.46347302733921 806.6496794577688 2629.307162304176 313.19986551720649 3127.4918591305614 2477.4696622721385 6209.0245519811288 1386.0483570140786 2988.3576942235231 840.16772907099221 198.8246892192401
leaf_count=67480 55367 9851 20670 35447 7309 77463 2506 589 20447 5814 102335 10370 56812 4021 21824 41004 14751 85979 1032 2580 5430 18092 17412 23461 18226 36416 13183 19934 6841 1530
internal_value=7.02588e-05 -1.70639e-05 0.000163465 0.000414902 -0.000296488 0.000292858 -0.00210516 0.00188327 0.00148769 0.00124813 0.000855901 0.00297242 0.00449445 -0.00260533 0.00264467 0.00378089 0.00126253 0.00536172 0.00221066 0.00298455 0.0187439 0.00921418 -0.00166036 -0.00135136 -0.00255105 -0.00744115 8.20564e-05 -0.00567176 0.0086611 -0.017598
internal_weight=113228 112789 110805 106397 80663.3 73373.5 29258 44115.5 43199.1 42875.3 41960.2 26038.2 22140.3 15922 25734.2 22876.4 15790.7 20956.1 11528.3 11304.6 1066.11 9427.83 28829.3 28516.1 25388.6 8885.32 16503.3 3897.87 909.512 2676.29
internal_count=804176 748809 738958 718288 573229 537782 190197 347585 340276 319829 314015 207659 180295 106356 145059 123235 82231 169925 95021 93989 8010 74904 187691 170279 146818 56172 90646 27364 7430 19756
is_linear=0
shrinkage=0.05


Tree=115
num_leaves=31
num_cat=0
split_feature=15 20 12 14 21 12 21 4 11 4 14 14 24 24 21 11 24 14 24 12 21 21 14 11 11 14 14 21 24 11
split_gain=95.6593 89.3399 101.247 161.726 270.435 248.243 185.731 176.58 160.944 223.755 161.711 380.852 193.037 173.418 146.333 212.723 140.65 145.672 318.685 204.102 141.963 140.218 139.885 137.005 124.175 117.744 117.489 116.915 117.085 113.289
threshold=25.586019515991214 -19.215438842773434 2.7631578947368425 264.50000000000006 1.2804896500000003 1.7941176470588238 0.023908165300000003 123.67467518523337 45.808174089295072 38.296355687081821 201.50000000000003 181.50000000000003 4.5000000000000009 1.5000000000000002 0.40264956500000004 111.65133048040369 6.5000000000000009 248.50000000000003 5.5000000000000009 1.1099071207430342 1.7000587500000002 1.4441750000000002 191.50000000000003 47.529523677051351 103.36032366453911 260.50000000000006 273.50000000000006 2.1251499500000004 3.5000000000000004 82.65392149874117
decision_type=2 2 2 2 2 2 2 2 2 2 2 2 10 10 2 2 10 2 8 2 2 2 2 2 2 2 2 2 10 2
left_child=1 -1 3 8 5 7 -7 -5 -3 -10 11 13 14 -11 15 -13 17 20 19 25 -12 -6 -14 -15 26 -19 -4 28 -21 -20
right_child=-2 2 24 4 21 6 -8 -9 9 10 16 12 22 23 -16 -17 -18 18 29 27 -22 -23 -24 -25 -26 -27 -28 -29 -30 -31
leaf_value=-0.0053059385157195604 0.039936387802249194 0.0095074094066532524 -0.00032014557946915786 -0.019512342474746619 0.054582686143739512 -0.0047681210624566737 -0.047061064121064415 0.028939644771658602 -0.010742865867121192 -0.018534297682826887 -0.0045536877879724554 0.024981869758481642 0.036348403247991344 -0.06346562337254151 0.049359504697058222 -0.073336979592631496 0.03081222788759971 -0.016471701475484976 0.04122400583255173 -0.012759682209218068 0.030550952958348816 0.0023462889323619413 -0.015850237835665373 0.014037808582548821 -0.017299529985829825 -0.075687193391919177 -0.052466040997965493 -0.029002268228338037 0.024163219730274701 -0.016919808508519971
leaf_weight=7446.2808640850708 149.04637031210586 8621.6907049351139 72961.505083854077 387.25742918392643 199.32418043888174 390.62275943672284 774.31137208617292 363.68116484722123 3215.9717090846971 1112.002730638138 8888.1489600944333 1556.4379716244293 176.51497929322068 59.453192333457991 668.41940816515125 56.080902385059744 369.43275224382523 322.54848142946139 765.13016726449132 295.39279663865454 296.64795811893418 358.41925576585345 462.42275368468836 1008.1511001021136 1102.0571790155955 112.88991495547816 107.17804677039385 184.12510273256339 779.97818025317974 93.514755851356313
leaf_count=35627 49956 69670 446005 3712 1557 3702 4885 6398 14934 9096 82273 13721 1324 396 5379 335 4008 4070 9240 3229 2542 3260 3701 7757 6751 1333 594 1366 6396 1374
internal_value=4.00483e-05 -1.28642e-05 0.000360103 0.00273405 -0.00953635 -0.0184552 -0.0328958 0.00396034 0.00377935 0.0013609 0.00362354 0.0110914 0.0228941 -0.00472307 0.0296957 0.0215192 0.000477609 -0.000479632 0.0100817 -0.00249383 -0.00341669 0.0210786 -0.00139541 0.00966641 -0.00064872 -0.0319619 -0.000397351 0.00771127 0.0140185 0.0348793
internal_weight=113285 113136 105689 31518.6 2473.62 1915.87 1164.93 750.939 29045 20423.3 17207.3 5099.48 2919.88 2179.61 2280.94 1612.52 12107.8 11738.4 2553.58 1694.93 9184.8 557.743 638.938 1067.6 74170.7 435.438 73068.7 1259.5 1075.37 858.645
internal_count=804591 754635 719008 265658 23514 18697 8587 10110 242144 172474 157540 41709 24460 17249 19435 14056 115831 111823 27008 16394 84815 4817 5025 8153 453350 5403 446599 10991 9625 10614
is_linear=0
shrinkage=0.05


Tree=116
num_leaves=31
num_cat=0
split_feature=15 17 10 4 11 22 14 14 14 22 9 5 14 10 16 22 15 22 14 14 17 23 14 22 25 23 14 22 11 9
split_gain=85.9655 69.7157 54.9316 89.6534 154.426 96.6237 107.11 98.1184 111.456 92.8015 91.5252 135.365 160.575 112.918 112.379 97.4831 109.64 90.3778 164.259 252.161 166.075 112.609 147.929 106.296 87.3692 80.9514 98.2514 117.566 127.684 87.5639
threshold=28.357535362243656 217.55000305175784 -23.560053740441798 35.810577183961875 45.235057061024868 1.0527500000000003 194.50000000000003 171.50000000000003 189.50000000000003 -1.9131074999999997 7.5000000000000009 14.500000000000002 209.50000000000003 21.72253132462502 0.42647059261798864 -0.76042082999999983 16.309750556945804 0.45226171500000006 178.50000000000003 196.50000000000003 175.98484802246097 0.92417368000000011 170.50000000000003 -0.90654119999999994 21.667294847965245 0.76724058500000014 244.50000000000003 0.94406590000000012 11.403051592271213 40.500000000000007
decision_type=2 2 10 2 2 2 2 2 2 2 2 2 2 10 2 2 2 2 2 2 2 2 2 2 2 2 2 2 2 2
left_child=1 2 -1 4 9 7 -7 -6 -9 -4 11 14 -13 15 -5 -14 -17 18 20 -20 -16 22 -22 -21 -24 -11 27 28 -27 -28
right_child=-2 -3 3 10 5 6 -8 8 -10 25 -12 12 13 -15 17 16 -18 -19 19 23 21 -23 24 -25 -26 26 29 -29 -30 -31
leaf_value=0.0023959556129587705 0.04293822292941861 -0.0093086181939707659 -0.033683139077853606 0.032935058236465496 -0.020750084490557357 0.034288351268621321 -0.0050488963359808132 0.0044349298717442798 -0.010991403195697583 -0.0055515665832136362 0.0020521626455523756 0.026850459973383596 0.020704613838815542 0.024846218750944178 0.016005685894473563 -0.0034723564683034761 -0.059874830427606024 -0.0097237393515262494 0.018406958876501213 -0.012582792849419325 -0.01730528646342051 -0.0086611164095569057 -0.016857946996486625 0.0002505590827565782 -0.076061730390628357 -0.016452107026120915 0.029968114147013714 -0.013275162203645444 0.0053135589965907313 0.0050461336162620773
leaf_weight=22508.244020691607 115.82419400976505 1964.8207677472383 199.5174028952606 209.12087026471272 1668.2771861813962 264.62109151110053 495.91759313642979 1566.7972613293678 4627.3541487902403 3926.5859774923883 40328.438885533251 779.01632098981645 413.26504953438416 457.10516406653915 468.57619131333195 2490.1231966975611 88.258050523465499 4929.612904306734 1733.1346901841462 1986.8156387852505 771.54270087834448 1893.2250027074479 89.115014157257974 8569.1126326073427 211.65442021470517 744.94724037591368 578.33692925982177 1256.9475027350709 6968.4226017207839 901.26599555835128
leaf_count=126882 43424 9852 1011 9967 8260 1198 2187 6953 20415 18575 232812 26167 7483 34170 6915 26713 3769 34647 15584 23251 4671 12361 519 72406 1326 3648 4030 5793 33859 5682
internal_value=6.9403e-05 2.51185e-05 0.000190232 -0.00037003 -0.00304056 -0.00834394 0.00866512 -0.00999013 -0.00708926 9.71979e-05 0.000577042 -0.00179401 0.00636327 0.00172911 -0.00344735 -0.00181016 -0.00542548 -0.00381732 -0.00196501 0.00073679 -0.0116309 -0.0160016 -0.0289413 -0.00216587 -0.0586342 0.000568312 0.00286818 0.000898483 0.0032096 0.0148011
internal_weight=113206 113090 111125 88617.1 23199 8622.97 760.539 7862.43 6194.15 14576 65418.1 25089.7 4227.77 3448.75 20861.9 2991.65 2578.38 20652.8 15723.2 12289.1 3434.11 2965.54 1072.31 10555.9 300.769 14376.5 10449.9 8970.32 7713.37 1479.6
internal_count=804530 761106 751254 624372 111611 39013 3385 35628 27368 72598 512761 279949 98302 72135 181647 37965 30482 171680 137033 111241 25792 18877 6516 95657 1845 71587 53012 43300 37507 9712
is_linear=0
shrinkage=0.05


Tree=117
num_leaves=31
num_cat=0
split_feature=18 25 10 22 16 21 23 4 3 22 21 16 13 22 23 9 21 21 22 18 21 21 22 22 9 22 5 11 23 22
split_gain=75.6348 72.3742 166.397 123.186 75.9859 77.8605 75.5736 66.2212 77.9913 108.523 88.8507 71.9841 64.0853 78.9103 117.823 80.2866 64.6359 63.595 70.4603 63.3359 61.6479 100.391 131.944 218.287 101.689 99.4866 98.8407 111.858 168.399 95.7741
threshold=156.30882263183597 36.871822619438184 23.705044347047806 0.5938871200000001 0.83823528885841381 -2.1536850999999992 2.5483800000000003 181.99794530868533 133.79256122931841 -0.0062803106849999993 0.29393150000000007 0.66176471114158641 -58.495258846369218 -0.087063040549999984 1.5895577000000003 38.500000000000007 -0.11925592499999998 -0.83962696999999986 -0.38673999999999992 159.69117736816409 0.31873576500000006 0.36153364000000004 -0.60950839499999987 -0.98463689999999982 12.500000000000002 -0.13172641999999998 1.5000000000000002 88.744555543150895 0.81184423000000006 -1.3993544999999998
decision_type=2 2 8 2 2 2 2 2 2 2 2 2 2 2 2 2 2 2 2 2 2 2 2 2 2 2 2 2 2 2
left_child=-1 4 3 -3 5 -2 7 20 10 11 -9 -10 13 14 15 17 -16 18 -6 -11 26 22 23 -22 -25 29 -7 -28 -29 -23
right_child=1 2 -4 -5 12 6 -8 8 9 19 -12 -13 -14 -15 16 -17 -18 -19 -20 -21 21 25 -24 24 -26 -27 27 28 -30 -31
leaf_value=0.017526328557084841 0.018100480955842446 -0.012488859346381607 0.041494871570431857 -0.062018997617005835 -0.047842259691602801 -0.0036479691188678123 -0.014096273284905212 0.0028041340047626259 0.022172372887681122 0.022517107500102513 0.015909208847775039 -0.0030437117051846777 -0.0040191918607292579 -0.0032121187206342948 0.0027327859907233781 -0.0026503407890814566 -0.039092458783813476 0.028640886166692216 0.035960749500539582 -0.014935457134780998 0.041852423591028601 -0.012116667065672699 -0.0049740472755245603 -0.082771924201913163 -0.026673359203816738 -0.0033552444577002651 0.0028643952596428945 -0.023281430350974762 0.0061701808043206699 0.0040144758117996336
leaf_weight=614.33064034057315 636.54045428941026 596.20402608823497 114.5460315697128 158.28903962881304 59.101385727524757 8316.4609804935753 869.40846659999806 2930.3336077975109 554.86483641155064 123.17769420100376 2315.008322815178 576.17416966427118 16818.423272640444 2273.1372979879379 236.30495712719858 364.90984325110912 150.52547532878816 940.82189176790416 42.116827793419361 1251.6321736273821 68.131756745278835 1004.8738435166888 1008.5677857077681 169.7852598472964 155.91309981793165 16715.307030270109 40947.908418692416 1028.7136101867072 917.47504983446561 10799.352009048685
leaf_count=52405 4681 13828 23256 2642 283 40294 5464 34264 18801 6290 21238 8035 83742 10380 1100 1625 742 4327 208 18213 522 5867 5598 1007 730 90863 270864 6008 6591 63277
internal_value=4.44451e-05 -5.1477e-05 -0.0144163 -0.0229484 6.08387e-05 0.000688901 0.000565216 0.000708783 0.00512388 -0.00213193 0.00858993 0.00933545 -0.00265725 0.00297453 0.0108119 0.017529 -0.0136013 0.0245913 -0.0129612 -0.0115659 0.000286918 -0.00151614 -0.0145717 -0.0390758 -0.0560812 -0.000873665 0.00134044 0.00230767 -0.00940127 0.00264035
internal_weight=112758 112144 869.039 754.493 111275 90389.6 89753.1 88883.7 7751.19 2505.85 5245.34 1131.04 20885.3 4066.92 1793.78 1406.95 386.83 1042.04 101.218 1374.81 81132.5 29921.9 1402.4 393.83 325.698 28519.5 51210.6 42894.1 1946.19 11804.2
internal_count=803145 750740 39726 16470 711014 608607 603926 598462 106841 51339 55502 26836 102407 18665 8285 6443 1842 4818 491 24503 491621 167864 7857 2259 1737 160007 323757 283463 12599 69144
is_linear=0
shrinkage=0.05


Tree=118
num_leaves=31
num_cat=0
split_feature=3 19 20 3 12 21 22 23 3 14 4 20 19 21 13 21 21 3 14 4 20 12 14 22 23 14 12 21 22 12
split_gain=83.4013 71.1693 137.195 144.507 119.578 185.543 124.155 105.016 101.565 95.2916 94.9955 141.268 209.095 136.952 115.374 104.678 130.68 98.1631 112.217 120.012 105.085 96.5179 125.893 168.19 345.509 226.445 176.403 189.758 175.632 156.111
threshold=432.62354162335401 0.60294118523597728 55.850708007812507 43.513768479228027 3.9953560371517032 1.1001508500000001 1.2243577000000003 0.36691397000000009 13.604646362364294 210.50000000000003 26.5664331689477 61.546920776367195 0.22058823704719546 -1.7407688499999998 -19.069171515377032 0.70677247500000007 2.1251499500000004 8.5114741958677786 212.50000000000003 72.991986483335509 -4.4447250366210929 1.8157894736842108 248.50000000000003 -0.48156505999999993 1.1008879500000004 263.50000000000006 2.8746130030959756 1.3154362500000001 -0.7116301049999999 3.9659442724458209
decision_type=2 2 2 2 2 2 2 2 2 2 2 2 2 2 2 2 2 2 2 2 2 2 2 2 2 2 2 2 2 2
left_child=1 10 3 4 5 -3 -6 9 -4 -5 14 12 -12 -13 -1 17 -17 18 19 -14 -19 -15 29 24 28 -25 27 -27 -24 -23
right_child=-2 2 8 7 6 -7 -8 -9 -10 -11 11 13 15 21 -16 16 -18 20 -20 -21 -22 22 23 25 -26 26 -28 -29 -30 -31
leaf_value=-0.0066927049454970607 0.038826277529074887 0.0041902141115920119 0.010566606635779347 -0.008513498802962937 -0.0032624745056017779 -0.015884831971748285 -0.018814717806649187 -0.011595332007413627 -0.00012890084100268981 0.036649263302770005 0.021894419566926976 0.031502973772971267 -0.0027361123656843294 0.0059393294764813163 0.0024038963252427216 -0.0036161713666403163 0.040481869159626975 -0.0020979095620694932 0.01043288147461594 -0.02811360017535371 0.0066976829838959421 -0.00015816187063227846 -0.052858819634967427 0.010849498976429393 0.0069488748970342601 -0.03670853719685984 -5.4927803354572136e-06 0.021001338237402387 -0.014747111465200601 -0.017190800283393082
leaf_weight=8313.4184506493621 135.86877078795806 10470.094414452091 3197.9679289981723 245.14981386065483 12307.683689055964 1292.1464273687452 1431.7515279054642 6348.6644130181521 7250.3238753117621 221.5567549970001 1484.4312023076927 303.41861985740252 1596.8877565637231 2993.04672977468 6001.2177861253731 7140.3855701757129 171.05211128410883 4076.6028513950296 937.63564228639007 656.9144668020308 20322.481151296059 2336.559795260895 515.79773896583356 4220.8037027728278 1210.1319259733427 720.35688465181738 2938.3037987682037 176.78986687376164 731.03196760918945 3169.9746367350454
leaf_count=38517 36720 49929 18083 1388 55413 6074 6702 37307 50343 1376 60689 4922 7239 43307 35714 42011 937 21738 5110 3220 144215 24246 3620 33829 11306 5297 21965 1193 5681 25511
internal_value=-0.000180569 -0.000227904 -0.00183501 -0.00344527 -0.00171664 0.0019837 -0.00488439 -0.00991224 0.00314543 0.0129589 0.000753703 0.00168733 0.00352191 -0.00176853 -0.00287918 0.0027399 -0.0025791 0.00414947 -0.00409583 -0.0101421 0.00522809 -0.00230113 -0.00384101 -0.000632904 -0.0120818 0.00285981 -0.00593316 -0.0253256 -0.0305432 -0.00996477
internal_weight=112918 112783 42765.3 32317 25501.7 11762.2 13739.4 6815.37 10448.3 466.707 70017.2 55702.6 36386.4 19316.2 14314.6 34902 7311.44 27590.5 3191.44 2253.8 24399.1 19012.8 16019.8 10513.2 2456.96 8056.25 3835.45 897.147 1246.83 5506.53
internal_count=803602 766882 226615 158189 118118 56003 62115 40071 68426 2764 540267 466036 285159 180877 74231 224470 42948 181522 15569 10459 165953 175955 132648 82891 20607 62284 28455 6490 9301 49757
is_linear=0
shrinkage=0.05


Tree=119
num_leaves=31
num_cat=0
split_feature=15 18 6 10 5 13 25 14 14 25 14 11 13 15 25 22 22 22 22 2 22 13 5 15 11 18 22 22 14 11
split_gain=85.3999 66.2073 58.5771 114.25 144.886 97.5895 116.266 225.112 190.306 134.202 107.025 99.0902 83.5694 82.6772 75.9158 68.8589 88.0127 64.8177 90.8381 62.838 62.8601 66.5405 62.4491 64.2364 65.7597 60.7816 61.5699 83.6952 60.584 60.5581
threshold=26.860466003417972 195.03845977783206 1.5000000000000002 17.309886181354525 14.500000000000002 -2.6026670459092762 21.65932177305222 249.50000000000003 217.50000000000003 21.640113502740864 264.50000000000006 100.96431947589475 -56.700418385374284 1.3918498158454897 21.600588315725329 0.60472849000000017 1.0894472500000003 -0.76042082999999983 -1.7667101999999997 5.4205292249098429 1.1985050500000003 -44.530055251664507 26.500000000000004 16.309750556945804 20.03343528257712 171.18182373046878 -1.6132802499999999 -1.21867025 171.50000000000003 15.017229010400021
decision_type=2 2 2 8 2 2 2 2 2 2 2 2 2 2 2 2 2 2 2 2 2 2 2 2 2 2 2 2 2 2
left_child=1 2 3 17 -5 6 7 8 9 11 -7 14 25 -14 19 -12 -17 18 -1 20 21 28 -19 -24 -25 -8 -27 -28 -4 -15
right_child=-2 -3 5 4 -6 10 12 -9 -10 -11 15 -13 13 29 -16 16 -18 22 -20 -21 -22 -23 23 24 -26 26 27 -29 -30 -31
leaf_value=-0.013067253484219946 0.042273985409919501 -0.0081577403261401549 -0.036705617200568967 0.0057590484207495594 0.03330846742009004 -0.0035409367809044593 -0.0069615918471764501 0.0084204603696005909 -0.01341644127714102 -0.03249878148891637 -0.012489707888542159 -0.029749238827325799 -0.0058004856575195572 0.0067545502762113054 0.030508347151930095 -0.05543434655120566 0.0046662956738931149 -0.00050655223042279441 0.0067971035574926585 0.0033172304966093413 -0.019450277451170783 0.0012693750767296137 -0.01332055838631367 -0.16944515258539816 -0.032875748199647996 -0.024353011453937236 0.03946169209086868 0.0065331569967420223 -0.0073461914214265961 0.00034298538313739109
leaf_weight=635.31078298925422 118.53740437142551 2438.3684786725789 201.58163517713547 5372.60940078157 522.86963279137854 6147.68855469767 892.89840268716216 3448.5304900370538 5320.0141452401876 347.88830084353685 794.36958672851324 290.87880113348365 4899.9648491442204 4216.2130341110751 196.26461985334754 236.28536698780954 81.756663277745247 22245.803848272422 6029.5790513455868 4942.1557809337974 617.24277598410845 3483.0696321949363 101.02021783194505 14.46167965326458 21.957242146832868 155.59214652329683 196.53755070269108 8442.2508810274303 1332.1449591293931 29066.373987368308
leaf_count=4789 46697 12372 930 76719 49369 39700 4847 20549 27711 1561 5544 1338 22577 27624 1088 1422 612 157575 52903 24533 2822 16172 1982 420 1249 751 952 38434 5810 154828
internal_value=3.4711e-05 -1.00941e-05 0.000170172 0.00186206 0.00820764 -0.000614877 -2.69386e-05 -0.00320999 -0.00560754 -0.00196611 -0.00612492 -0.00100315 0.00131493 0.000262602 -0.000224257 -0.0203892 -0.0400185 0.000573954 0.00490192 -0.000797398 -0.00440668 -0.00255228 -0.000714913 -0.0341927 -0.0901855 0.00546225 0.0067243 0.00728678 -0.0112264 0.00115538
internal_weight=112810 112692 110253 34943.6 5895.48 75309.7 68049.6 20179.8 16731.2 11411.2 7260.1 11063.3 47869.8 38182.6 10772.5 1112.41 318.042 29048.1 6664.89 10576.2 5634.04 5016.8 22383.2 137.439 36.4189 9687.28 8794.38 8638.79 1533.73 33282.6
internal_count=803880 757183 744811 345006 126088 399805 352527 102514 81965 54254 47278 52693 250013 205029 51355 7578 2034 218918 57692 50267 25734 22912 161226 3651 1669 44984 40137 39386 6740 182452
is_linear=0
shrinkage=0.05


Tree=120
num_leaves=31
num_cat=0
split_feature=12 18 12 23 12 21 23 21 20 11 12 21 12 11 11 24 2 20 20 11 18 9 11 11 11 20 23 21 12 21
split_gain=67.9412 120.849 146.384 183.243 109.334 120.085 106.591 119.901 265.821 118.289 288.726 168.591 135.089 109.531 102.269 157.852 118.025 113.703 100.855 138.859 108.401 104.349 97.149 95.3203 123.133 108.555 130.285 173.555 114.141 113.39
threshold=2.7631578947368425 175.55606079101565 2.5650154798761613 1.4903361500000003 2.8436532507739942 -0.06070800124999999 1.7114638000000002 -1.6777381999999998 35.621322631835945 92.67470495860691 4.2925696594427256 -0.54046523499999999 4.1563467492260076 30.010807182985843 95.065769839097669 5.5000000000000009 27.03549920022488 14.409004211425783 93.507575988769545 52.526247973239556 159.57353210449222 20.500000000000004 68.884798549692349 68.440097592586525 71.626220415770192 42.833152770996101 0.85595423000000015 0.76635733000000006 2.339009287925697 0.64818123000000016
decision_type=2 2 2 2 2 2 2 2 2 2 2 2 2 2 2 10 2 2 2 2 2 2 2 2 2 2 2 2 2 2
left_child=1 18 14 -4 5 -2 9 8 13 -6 11 -11 -13 -8 23 16 -16 -17 20 21 -1 -20 -5 25 -25 26 27 29 -27 -3
right_child=4 2 3 22 6 -7 7 -9 -10 10 -12 12 -14 -15 15 17 -18 -19 19 -21 -22 -23 -24 24 -26 28 -28 -29 -30 -31
leaf_value=0.031783511367033827 0.0038300996622865624 -0.013214364945127519 0.0028267849189007373 0.019645288194975304 0.00058844623705552415 -0.025891616472296188 -0.016514915008221987 -0.0083518611633854045 0.037955024856153 0.042844303917650643 -0.040402700049678136 -0.010867005429016538 0.063718513955216535 0.005111784763413711 0.025590233432470372 0.013913544169653175 -0.0024260359044806345 -0.041394065255479076 -0.0068848730326777647 0.012342225474629345 0.0057167742631716589 -0.041716618065985332 0.061129565242773756 -0.027207276235996891 -0.0056174517339821709 0.0090691976909567477 -0.00013828043249900575 -0.082102257089479977 -0.012666965982818638 0.033393809324001537
leaf_weight=410.00927999266423 551.02565157343633 2730.5529373916797 1824.2485577329062 402.8823556592688 62115.997931878548 884.77897539723199 940.15971662010998 7915.9062719168141 468.4977934443159 204.37130219314713 609.65382243634667 1035.7645329886582 63.493080451036803 1548.2424678656971 1025.619598178193 150.74805975332856 592.83703452348709 239.61200346890837 639.00101893348619 579.18894323240966 13540.894356454257 323.45626392774284 217.5412985207513 848.53669977607206 2970.2715472732671 3413.6242903107777 5577.2954227728769 87.484325929544866 732.83818464400247 136.10193526465446
leaf_count=36138 3865 14397 9598 2265 403800 5576 5526 50430 6375 1741 3891 7006 382 9947 4898 728 4653 1223 7999 10419 120920 2038 1051 5511 20117 28909 28972 406 4348 703
internal_value=1.97364e-05 0.00179587 -0.000680159 0.0108164 -0.000828182 -0.0144904 -0.000566099 -0.00514308 0.00344705 0.000211186 -0.0120307 0.00125849 -0.00650495 -0.00306249 -0.00219941 0.00844963 0.0153328 -0.0200546 0.00514398 -0.00698846 0.00648508 -0.018622 0.034266 -0.00349659 -0.0104206 -0.00141031 -0.00463567 -0.0131236 0.00522546 -0.0109906
internal_weight=112781 36442.7 20950.2 2444.67 76337.9 1435.8 74902.1 10872.8 2956.9 64029.3 1913.28 1303.63 1099.26 2488.4 18505.5 2008.82 1618.46 390.36 15492.5 1541.65 13950.9 962.457 620.424 16496.7 3818.81 12677.9 8531.43 2954.14 4146.46 2866.65
internal_count=803832 305293 127779 12914 498539 9441 489098 72278 21848 416820 13020 9129 7388 15473 114865 11502 9551 1951 177514 20456 157058 10037 3316 103363 25628 77735 44478 15506 33257 15100
is_linear=0
shrinkage=0.05


Tree=121
num_leaves=31
num_cat=0
split_feature=15 20 14 21 14 14 22 24 21 21 4 21 10 21 1 9 6 14 10 21 22 14 14 22 22 24 13 13 21 21
split_gain=74.3473 58.6994 137.046 113.781 153.149 121.837 101.577 98.3434 154.899 97.4336 85.214 83.6351 100.643 114.542 80.2809 161.157 119.191 91.6888 97.345 77.3671 73.116 92.3908 97.3502 82.0565 84.0434 74.7766 248.908 165.176 106.974 88.0511
threshold=24.162032127380375 -3.4393386840820308 162.50000000000003 -1.6487905499999997 208.50000000000003 270.50000000000006 0.9894630900000001 7.5000000000000009 -1.9959941999999999 0.44911027000000009 140.86816470324996 -1.3714820999999997 60.489645086228855 -1.2828898499999999 20.566105350852016 1.0000000180025095e-35 1.5000000000000002 173.50000000000003 -24.419686589390036 -1.9959941999999999 -1.7176085499999998 165.50000000000003 175.50000000000003 -0.6677691899999999 -0.65970697999999983 1.5000000000000002 -41.654936913147147 -50.83003577814889 -0.99229201999999994 -1.6487905499999997
decision_type=2 2 2 2 2 2 2 10 2 2 2 2 8 2 2 2 2 2 10 2 2 2 2 2 2 8 2 2 2 2
left_child=1 6 -3 4 -4 -6 7 10 -9 -8 19 -10 -13 -14 17 16 -16 18 -5 -1 21 -21 -23 25 -25 26 29 -27 -28 -22
right_child=-2 2 3 14 5 -7 9 8 11 -11 -12 12 13 -15 15 -17 -18 -19 -20 20 23 22 -24 24 -26 27 28 -29 -30 -31
leaf_value=-0.030952285649706486 0.035894552992765658 0.034342861709244825 0.00223189715995288 0.035368071429135221 0.03664092399347333 -0.008162661860969006 0.013341398832938188 0.011011118433712424 -0.035394996267604228 -0.013232076040162548 -0.026844932120318483 -0.021739847197603263 -0.046140134896068705 0.05449548202718682 0.023307570783473976 -0.00019976739492694241 -0.01804606819204263 -0.00079504909934704918 0.0052135840432204622 -0.02522556304373888 0.021546968574223401 0.034955911295821256 -0.028845570648710905 -0.045777974272447765 -0.0033340021976354349 0.032955044860205715 0.025460225766739931 -0.0019360311245311167 -0.025651091656832509 -0.043249200375634372
leaf_weight=228.05078397598118 141.54391970904544 294.44659092533402 1986.3207089733332 300.6163631924428 708.95907345227897 192.57361576985568 1695.904544739984 423.99429249018431 700.93282967898995 432.09940657857805 352.39106503874063 417.67786280997097 38.070338765159249 102.2787844678387 1506.8037100490183 3517.8467602559831 196.26710338983685 78153.36865912308 2381.2729766070843 665.33221182879061 66.832209166139364 153.94362418539822 96.424143768846989 116.93390396982431 10616.762632652652 361.51681445166469 1265.5070058344863 5273.1585327740759 110.58139090240002 233.76954505220056
leaf_count=1206 52964 9880 13582 2032 9743 2159 8400 2180 3431 2267 2197 1984 192 582 93697 34163 1755 451898 15053 3329 300 703 456 602 53435 1603 6468 26215 504 1008
internal_value=-0.000192669 -0.000238354 0.000345666 0.000232735 0.00999323 0.0270721 -0.00247006 -0.00351432 -0.0151083 0.00794187 -0.00251509 -0.0239066 -0.00943868 0.0270643 -9.49182e-05 0.00591361 0.0185341 -0.00048306 0.00860556 -0.00206691 -0.00171787 -0.0154933 0.010367 -0.00101802 -0.00380061 0.00306702 0.0123332 0.000308006 0.0213373 -0.0288195
internal_weight=112732 112591 89238.5 88944 2887.85 901.533 23352.2 21224.2 1682.95 2128 19541.2 1258.96 558.027 140.349 86056.2 5220.92 1703.07 80835.3 2681.89 19188.8 18960.8 915.7 250.368 18045.1 10733.7 7311.37 1676.69 5634.68 1376.09 300.602
internal_count=803988 751024 633962 624082 25484 11902 117062 106395 8369 10667 98026 6189 2758 774 598598 129615 95452 468983 17085 95829 94623 4488 1159 90135 54037 36098 8280 27818 6972 1308
is_linear=0
shrinkage=0.05


Tree=122
num_leaves=31
num_cat=0
split_feature=15 21 14 14 11 11 22 22 21 22 22 14 11 5 25 22 11 25 21 11 11 22 22 11 22 22 5 14 14 14
split_gain=79.7691 59.2566 205.852 125.571 135.493 119.937 100.883 89.8355 77.5872 80.8437 106.259 133.429 150.978 94.0274 93.4159 88.3369 84.4883 63.6952 61.5277 191.865 203.271 127.451 108.372 87.7447 135.552 217.924 97.1073 87.2555 209.222 143.641
threshold=28.357535362243656 -1.6487905499999997 208.50000000000003 270.50000000000006 40.166163226999004 15.502362214384931 0.65944034000000007 0.21535670000000004 -1.4417803499999997 1.3569536500000001 0.56587234500000017 234.50000000000003 3.2237280221661737 8.5000000000000018 24.382754701375966 0.81843450500000003 30.808626095796061 27.564457821846013 -1.2828898499999999 23.372189530774076 21.823152354246602 0.62641051500000011 -0.41059787499999995 15.017229010400021 -1.3625972 -1.2466693999999998 1.5000000000000002 184.50000000000003 257.50000000000006 163.50000000000003
decision_type=2 2 2 2 2 2 2 2 2 2 2 2 2 2 2 2 2 2 2 2 2 2 2 2 2 2 2 2 2 2
left_child=1 2 5 -4 -5 6 17 -6 9 10 11 12 -3 14 -14 -12 -17 -1 19 20 -10 22 -21 24 -20 -26 -25 29 -29 -27
right_child=-2 8 3 4 7 -7 -8 -9 18 -11 15 -13 13 -15 -16 16 -18 -19 23 21 -22 -23 -24 26 25 27 -28 28 -30 -31
leaf_value=-0.028099955175546251 0.044644757022047732 0.060514257302825447 0.036463806437516774 0.042053449583554003 0.0093017947212714076 0.0049740689039077654 0.023825097197995491 -0.080277590010643052 -0.003735342824420318 0.028662561567102403 -0.045263012884621007 0.029166163219881747 -0.024945272634035995 0.015201422331544555 -0.0010847534846288207 -0.0334813603812288 0.021398360497355801 0.01626733381753034 0.033903920405053606 0.010543421363714674 -0.084631134941956093 -0.011913310384112641 0.03626889226309693 -0.0060156649503202361 -0.04282766259886741 0.0058477663871634635 -0.00038632255279413569 -0.0071370920194877494 0.012865962528207642 0.033266736826097577
leaf_weight=673.60815940983593 98.223682892974466 73.86253213789314 708.19400821486488 76.32078635878861 47.211628861259669 3105.566595493583 135.94047131715342 67.066147466190159 1069.4442097452702 140.92965781362727 343.52152440184727 252.46391442941967 1102.0587409664877 277.66095631255303 653.21738046081737 146.41386894648895 132.83936657570302 91.257416059728712 367.45365198445506 950.0933971303748 82.744467579643242 339.84040276205633 719.94895302213263 8431.1967932339758 251.56422820151784 2617.8321960200556 83748.065601413604 3429.2887507944833 2111.1499785713386 583.44733785511926
leaf_count=3313 43789 404 9986 773 764 19879 771 599 6530 979 2236 2525 5609 3801 3996 919 891 940 2335 7250 556 2406 4787 40012 1356 14531 579754 23021 17232 3009
internal_value=-0.000166667 -0.000206108 0.00516799 0.0267793 -0.00920741 0.000314226 -0.0157385 -0.04351 -0.000450631 -0.00821538 -0.00996724 -0.00511252 -0.00923213 -0.0117947 -0.0160714 -0.0283207 -0.00739215 -0.0227921 -0.000218955 0.00664841 -0.00961323 0.0159707 0.0216486 -0.000432875 0.00417923 0.00296108 -0.000901271 0.00428351 0.000485895 0.0108538
internal_weight=112828 112730 4905.17 898.793 190.599 4006.37 900.806 114.278 107825 3122.97 2982.04 2359.26 2106.8 2032.94 1755.28 622.775 279.253 764.866 104702 3162.07 1152.19 2009.88 1670.04 101540 9360.74 8993.28 92179.3 8741.72 5540.44 3201.28
internal_count=804953 761164 37025 12122 2136 24903 5024 1363 724139 21360 20381 16335 13810 13406 9605 4046 1810 4253 702779 21529 7086 14443 12037 681250 61484 59149 619766 57793 40253 17540
is_linear=0
shrinkage=0.05


Tree=123
num_leaves=31
num_cat=0
split_feature=15 5 10 6 23 22 22 9 23 23 25 9 25 20 11 9 5 23 22 11 23 9 11 11 20 20 4 23 11 24
split_gain=70.3304 66.0308 84.2041 102.038 82.439 87.1522 93.5708 91.6799 81.0734 128.771 110.772 107.529 57.7907 91.053 62.2075 58.2286 109.871 86.2089 73.2741 101.241 77.4902 88.4119 95.1171 128.526 127.597 94.7864 88.0893 92.2169 88.9158 76.5815
threshold=24.162032127380375 1.5000000000000002 73.919373494386676 1.5000000000000002 0.78081134000000019 -0.76988989499999982 -0.62631416499999981 5.5000000000000009 2.1096805500000007 1.4551887000000001 25.979200281202797 23.500000000000004 35.993842467665679 62.476669311523445 45.413500027202332 7.5000000000000009 15.500000000000002 1.1008879500000004 -1.0697576499999999 10.389228504554778 1.9593707000000002 84.500000000000014 28.386584936119274 36.565737825728981 27.421218872070316 65.31754302978517 96.471147269010558 1.6251929000000003 46.041871786809565 2.5000000000000004
decision_type=2 2 8 2 2 2 2 2 2 2 2 2 2 2 2 2 2 2 2 2 2 2 2 2 2 2 2 2 2 10
left_child=1 4 12 -4 -1 -6 7 -7 9 -8 11 -11 15 -14 -15 16 -3 -18 19 -17 21 22 25 24 -24 -21 27 -25 -28 -27
right_child=-2 2 3 -5 5 6 8 -9 -10 10 -12 -13 13 14 -16 18 17 -19 -20 20 -22 -23 23 26 -26 29 28 -29 -30 -31
leaf_value=-0.0095252651636862397 0.036389782663405139 -0.0025226660994800468 0.021560051102863201 -0.018888681427032317 -0.0070395731022057182 0.041469700529409459 0.0047147526034825894 0.0059212433390183478 0.018423201801509817 -0.02529874931276101 0.008625795931469114 0.0010977169707442943 0.047939921378008885 -0.017782194018710833 0.015057046669376246 -0.023007893434881445 -0.00019175324722343396 0.016934925661117078 0.00073917698572709058 0.032649568321410881 -0.0029712091990978674 -0.026970000777143063 -0.018539646036803272 0.024442671806539442 0.017842137612879703 -0.019182221749913252 0.021646524015919988 0.0025569238393440942 -0.01619615643543838 0.039738851032932961
leaf_weight=3703.2946928562596 132.34010301611852 24599.537092881743 884.61506370897405 188.4189934656024 3766.6355961402878 280.5920373853296 3437.4837309257127 510.77182801347226 563.31305382028222 1186.318238761276 570.23542804596946 571.40322037041187 63.008474683389068 1045.3610065527027 166.48179098661058 284.97441784664989 1599.44055919128 1358.0874189266469 60827.946568410844 829.15953023312613 1427.5484909014776 154.80452131852508 747.44361776625738 1597.2424111636356 354.52890377305448 185.74337056837976 240.25153361819685 689.08503909874707 434.33207375602797 77.258951772004366
leaf_count=18227 53062 196283 31925 1241 18948 1534 16724 2511 3232 5698 3383 2762 4800 17728 6959 1662 26468 23030 324652 5065 8876 863 3883 9253 2735 1690 2003 4063 3288 559
internal_value=9.8395e-05 5.53211e-05 0.00052363 0.0144465 -0.00308223 -0.000889862 0.00236395 0.018562 0.000335887 -0.00143422 -0.010512 -0.016722 0.000368958 -0.010202 -0.0132621 0.000510315 -0.00142789 0.00767583 0.00129752 0.00613306 0.00736888 0.0101488 0.0112685 0.00774355 -0.00682926 0.0243625 0.0131676 0.0178504 -0.00270647 -0.00178874
internal_weight=112478 112345 97755.3 1073.03 14590 10886.8 7120.12 791.364 6328.75 5765.44 2327.96 1757.72 96682.2 1274.85 1211.84 95407.4 27557.1 2957.53 67850.3 7022.37 6737.4 5309.85 5155.05 4062.88 1101.97 1092.16 2960.91 2286.33 674.584 263.002
internal_count=803107 750045 677026 33166 73019 54792 35844 4045 31799 28567 11843 8460 643860 29487 24687 614373 245781 49498 368592 43940 42278 33402 32539 25225 6618 7314 18607 13316 5291 2249
is_linear=0
shrinkage=0.05


Tree=124
num_leaves=31
num_cat=0
split_feature=3 17 12 23 20 12 23 9 3 17 9 12 12 17 13 20 25 20 20 12 20 25 17 25 5 17 25 17 5 10
split_gain=68.0683 67.409 60.3843 129.868 220.33 151.47 124.564 108.378 105.182 139.203 125.784 104.458 91.2255 87.4194 128.363 127.901 156.818 142.283 112.85 251.482 120.434 262.419 129.02 155.675 143.9 119.322 117.14 110.404 121.674 106.171
threshold=458.48491396009928 217.55000305175784 2.7631578947368425 0.79899701500000009 -1.9687194824218748 1.4659442724458207 0.31938626000000009 82.500000000000014 114.95708993822338 168.56278228759768 40.500000000000007 2.6517027863777094 2.8436532507739942 179.88861083984378 -63.695709774691615 22.095260620117191 21.581031483411792 96.257354736328139 37.985290527343757 7.2941176470588243 87.224014282226577 24.131919300556188 166.70588684082034 25.290988522768025 14.500000000000002 167.31060028076175 24.145000123977663 181.87442016601565 7.5000000000000009 14.268172360956669
decision_type=2 2 2 2 2 2 2 2 2 2 2 2 2 2 2 2 2 2 2 2 2 2 2 2 2 2 2 2 2 10
left_child=1 2 3 4 5 -1 7 -6 10 -10 -5 -7 -4 14 -14 27 -17 -18 19 25 22 -22 29 24 26 -16 -24 -15 -29 -20
right_child=-2 -3 12 8 6 11 -8 -9 9 -11 -12 -13 13 15 18 16 17 -19 20 -21 21 -23 23 -25 -26 -27 -28 28 -30 -31
leaf_value=-0.0014938094093600335 0.04048720618584653 -0.0089491259917669364 -0.01303449982161272 0.0064888450924633946 0.018558803433980139 -0.026540651992330258 -0.00096166761308203038 -0.048046959086908592 0.035703702644511406 -0.010352043031061735 -0.0048284690263726039 0.036772286237614575 -0.022731272241146551 0.013098074341770006 0.033627845110148318 -0.0032655269158073808 0.0056045649016081226 -0.022284880671621193 -0.032048273550003704 -0.015405811990585811 0.016848217068150373 -0.0096887945360034835 -0.012945303501311204 0.0091661869919198082 0.0091573593601467738 0.0057617859107478298 -0.046829066783365493 -0.0012384642933429785 -0.011875125575894771 0.032016183170158093
leaf_weight=1351.22587491991 103.8122024392942 1987.6433625612408 1415.8654862254625 19621.358564886032 1322.5491220825352 1609.6519304621033 6739.3883023135131 63.087924741208553 178.01401409076061 1966.8365841275081 2805.530715581961 67.049668872728944 810.97065731696784 1178.0194602888077 418.14060447749216 7613.4077831036411 22170.520560619887 465.97909479821101 853.00011874758638 1471.968281090958 1588.5434651775286 2249.7100336001022 3194.1449509351514 1167.5676213442348 701.77226937073283 4613.8766559055075 276.45400490891188 21574.445786401629 3070.4114889195189 69.180974059971049
leaf_count=7700 33918 10013 8990 147510 11916 8591 58196 284 16823 25933 14501 327 4219 6696 21566 42122 128008 3332 12544 12564 11104 24305 17844 9322 7142 32216 1674 97683 16141 11837
internal_value=0.00021229 0.000174804 0.000338811 0.00203026 -0.00244426 -0.0139539 0.0018462 0.0154938 0.00406123 -0.00651474 0.00507293 -0.0239884 -0.000467924 -0.000225635 -0.00331992 0.000735445 0.00294173 0.00502949 -0.00237054 0.00276595 -0.00567806 0.00129564 -0.00995199 -0.0069666 -0.0114822 0.00808357 -0.0156571 -0.0018491 -0.00256407 -0.0272128
internal_weight=112720 112616 110629 35724.7 11153 3027.93 8125.03 1385.64 24571.7 2144.85 22426.9 1676.7 74904 73488.1 17415.3 56072.8 30249.9 22636.5 16604.4 6503.99 10100.4 3838.25 6262.12 5339.94 4172.37 5032.02 3470.6 25822.9 24644.9 922.181
internal_count=805021 771103 761090 291781 87014 16618 70396 12200 204767 42756 162011 8918 469309 460319 166337 293982 173462 131340 162118 66346 95772 35409 60363 35982 26660 53782 19518 120520 113824 24381
is_linear=0
shrinkage=0.05


Tree=125
num_leaves=31
num_cat=0
split_feature=15 17 6 20 22 21 14 25 14 23 17 17 22 14 21 23 22 14 20 14 19 22 22 23 23 22 14 14 22 9
split_gain=74.1223 65.4168 59.6688 50.2181 44.0275 123.179 161.014 279.703 156.834 198.889 170.873 138.274 121.116 113.82 113.739 111.761 199.989 165.704 328.686 160.591 165.236 157.687 182.37 123.088 127.532 166.077 119.789 185.837 312.312 113.881
threshold=24.162032127380375 207.09999847412112 31.500000000000004 73.966629028320327 -0.15288999499999997 0.43916224000000009 249.50000000000003 24.643231844902044 230.50000000000003 0.42142683000000009 168.56278228759768 191.47000122070315 0.77527007500000011 165.50000000000003 0.42728510500000005 0.74509108000000013 -0.72863742999999992 239.50000000000003 10.092330932617189 245.50000000000003 0.22058823704719546 -0.33686999999999995 -0.68458327999999991 0.92950195000000013 0.9502773550000001 -0.79341500999999981 221.50000000000003 214.50000000000003 -0.46755985499999991 14.500000000000002
decision_type=2 2 2 2 2 2 2 2 2 2 2 2 2 2 2 2 2 2 2 2 2 2 2 2 2 2 2 2 2 2
left_child=1 4 3 -3 15 6 8 11 14 -10 -11 -8 -12 -7 -6 16 -1 18 29 20 -19 22 -21 -17 25 -25 27 -20 -29 -18
right_child=-2 2 -4 -5 5 13 7 -9 9 10 12 -13 -14 -15 -16 23 17 19 26 21 -22 -23 -24 24 -26 -27 -28 28 -30 -31
leaf_value=-0.062448690545683985 0.03803553492208675 -0.0052627010159153921 -0.033337886212819176 0.011145441586985156 0.00086643887740970541 0.0094725983964762828 0.027811988542718925 -0.0047397973632596702 -0.027876845584378553 -0.038090012322413346 0.0064679345029565287 0.0064198815206415088 -0.014618718329435397 -0.0050114007851924172 0.04878082392140861 0.0085625593556133313 -0.016123950030591146 -0.10001521158105156 0.010151083145956315 0.04494394875776675 -0.02289305528356745 0.0094094077637848564 -0.017844873814800866 -0.053519033701763169 0.001623172879040195 -0.0018389965045670633 0.022057208498347067 -0.076102043514086087 0.0090738971167159694 0.0023469357016996954
leaf_weight=138.95049388939515 125.77564683509991 6548.0441255047917 177.89199431240559 501.13831940293312 23420.4159786948 1460.5007277801633 1766.4791713082232 2175.1229010238312 1066.49861135229 319.75590334355365 2276.7437367914245 1320.5253831166774 970.37329992465675 18871.666572618531 123.51481169892941 6804.2424288464244 2314.7377526524942 75.282634011586197 2526.6998556231847 122.40002320846543 793.50933971395716 1141.1295586908236 1851.799675533548 240.92907613655552 31622.032511025318 435.1268448648043 1542.0520859223325 177.46859325980768 270.6347608162323 1304.2418732792139
leaf_count=897 53103 33204 829 3400 138368 9056 14592 20418 6617 4683 14448 10316 5431 119430 797 45676 13673 1164 17928 902 4712 9188 13104 1382 237638 3347 10519 1275 1781 5839
internal_value=-0.000174879 -0.00021799 -0.00481912 -0.0040948 9.83455e-05 -0.000901656 0.000964398 0.00899214 -0.000535052 -0.00894275 -0.00327521 0.0186661 0.000163807 -0.00397057 0.00111987 0.00114527 -0.00302011 -0.00233369 0.00175766 -0.0106868 -0.0296832 -0.00538137 -0.0139312 0.0024512 0.00116349 -0.0203083 0.0107523 0.0048867 -0.0247539 -0.00946843
internal_weight=112486 112360 7227.07 7049.18 105133 53771.6 33439.4 5262.13 28177.3 4633.37 3566.87 3087 3247.12 20332.2 23543.9 51361.2 12258.9 12120 8135.83 3984.12 868.792 3115.33 1974.2 39102.3 32298.1 676.056 4516.86 2974.8 448.103 3618.98
internal_count=803717 750614 37433 36604 713181 344156 215670 45326 170344 31179 24562 24908 19879 128486 139165 369025 80982 80085 51015 29070 5876 23194 14006 288043 242367 4729 31503 20984 3056 19512
is_linear=0
shrinkage=0.05


end of trees

feature_importances:
doy=441
reg_rain_7d=369
rmm2=353
reg_dry=302
rmm1=287
onset_doy_anom=215
mjo_amp=191
mjo_phase=168
clim_first_cand_doy=164
wet_days_30d=142
rain_30d=134
clim_onset_doy=112
clim_false_rate=111
days_since_wet_spell=109
rain_3d=85
onset_threshold_mm=84
days_since_rain=82
clim_dryday_doy=70
rain_1d=68
rain_7d_vs_region=64
clim_rain_doy=59
rain_14d=52
spell_deficit=49
wet_spell_today=40
rain_7d=17
wet_spell_seen=12

parameters:
[boosting: gbdt]
[objective: binary]
[metric: binary_logloss]
[tree_learner: serial]
[device_type: cpu]
[data_sample_strategy: bagging]
[data: ]
[valid: ]
[num_iterations: 126]
[learning_rate: 0.05]
[num_leaves: 31]
[num_threads: 10]
[seed: 0]
[deterministic: 0]
[force_col_wise: 0]
[force_row_wise: 0]
[histogram_pool_size: -1]
[max_depth: -1]
[min_data_in_leaf: 200]
[min_sum_hessian_in_leaf: 0.001]
[bagging_fraction: 0.6]
[pos_bagging_fraction: 1]
[neg_bagging_fraction: 1]
[bagging_freq: 1]
[bagging_seed: 3]
[bagging_by_query: 0]
[feature_fraction: 0.6]
[feature_fraction_bynode: 1]
[feature_fraction_seed: 2]
[extra_trees: 0]
[extra_seed: 6]
[early_stopping_round: 0]
[early_stopping_min_delta: 0]
[first_metric_only: 0]
[max_delta_step: 0]
[lambda_l1: 0]
[lambda_l2: 1]
[linear_lambda: 0]
[min_gain_to_split: 0]
[drop_rate: 0.1]
[max_drop: 50]
[skip_drop: 0.5]
[xgboost_dart_mode: 0]
[uniform_drop: 0]
[drop_seed: 4]
[top_rate: 0.2]
[other_rate: 0.1]
[min_data_per_group: 100]
[max_cat_threshold: 32]
[cat_l2: 10]
[cat_smooth: 10]
[max_cat_to_onehot: 4]
[top_k: 20]
[monotone_constraints: ]
[monotone_constraints_method: basic]
[monotone_penalty: 0]
[feature_contri: ]
[forcedsplits_filename: ]
[refit_decay_rate: 0.9]
[cegb_tradeoff: 1]
[cegb_penalty_split: 0]
[cegb_penalty_feature_lazy: ]
[cegb_penalty_feature_coupled: ]
[path_smooth: 0]
[interaction_constraints: ]
[verbosity: -1]
[saved_feature_importance_type: 0]
[use_quantized_grad: 0]
[num_grad_quant_bins: 4]
[quant_train_renew_leaf: 0]
[stochastic_rounding: 1]
[linear_tree: 0]
[max_bin: 255]
[max_bin_by_feature: ]
[min_data_in_bin: 3]
[bin_construct_sample_cnt: 200000]
[data_random_seed: 1]
[is_enable_sparse: 1]
[enable_bundle: 1]
[use_missing: 1]
[zero_as_missing: 0]
[feature_pre_filter: 1]
[pre_partition: 0]
[two_round: 0]
[header: 0]
[label_column: ]
[weight_column: ]
[group_column: ]
[ignore_column: ]
[categorical_feature: ]
[forcedbins_filename: ]
[precise_float_parser: 0]
[parser_config_file: ]
[objective_seed: 5]
[num_class: 1]
[is_unbalance: 0]
[scale_pos_weight: 1]
[sigmoid: 1]
[boost_from_average: 1]
[reg_sqrt: 0]
[alpha: 0.9]
[fair_c: 1]
[poisson_max_delta_step: 0.7]
[tweedie_variance_power: 1.5]
[lambdarank_truncation_level: 30]
[lambdarank_norm: 1]
[label_gain: ]
[lambdarank_position_bias_regularization: 0]
[eval_at: ]
[multi_error_top_k: 1]
[auc_mu_weights: ]
[num_machines: 1]
[local_listen_port: 12400]
[time_out: 120]
[machine_list_filename: ]
[machines: ]
[gpu_platform_id: -1]
[gpu_device_id: -1]
[gpu_device_id_list: ]
[gpu_use_dp: 0]
[num_gpu: 1]

end of parameters

pandas_categorical:[]
