tree
version=v4
num_class=1
num_tree_per_iteration=1
label_index=0
max_feature_idx=25
objective=binary sigmoid:1
feature_names=rain_1d rain_3d rain_7d rain_14d rain_30d wet_days_30d days_since_rain wet_spell_today wet_spell_seen days_since_wet_spell spell_deficit reg_rain_7d reg_dry rain_7d_vs_region doy clim_rain_doy clim_dryday_doy clim_onset_doy clim_first_cand_doy clim_false_rate onset_doy_anom rmm1 rmm2 mjo_amp mjo_phase onset_threshold_mm
feature_infos=[0:346.57876586914062] [0:964.80462646484375] [0:1936.1752166748047] [0:3242.0305023193359] [0:5169.823317527771] [0:30] [0:90] [0:1] [0:1] [0:99] [-40:1526.9935302734375] [0:206.38006867099287] [0.049535603715170282:16.606811145510836] [-206.38006867099287:1790.3473903487895] [152:274] [0.039228077977895737:78.65045166015625] [0:1] [153.82353210449219:228] [153.82353210449219:203.72727966308594] [0:0.82352942228317261] [-51.727279663085938:120.17646789550781] [-2.7230477:2.6857595000000001] [-2.8039255000000001:4.0264211000000003] [0.026713300499999999:4.2046590000000004] [1:8] [20:40]
tree_sizes=3498 3548 3549 3589 3549 3556 3562 3562 3568 3533 3545 3565 3565 3572 3556 3561 3551 3558 3543 3576 3563 3555 3558 3554 3574 3541 3567 3546 3582 3566 3557 3559 3564 3561 3562 3567 3568 3556 3564 3576 3574 3572 3576 3563 3581 3552 3557 3557 3569 3577 3589 3554 3571 3580 3571 3564 3574 3581 3569 3556 3578 3550 3565 3569 3538 3556 3586 3561 3563 3549 3565 3563 3574 3554 3561 3594 3538 3573 3555 3565 3561 3541 3574 3565 3571 3553 3547 3560 3589 3554 3558 3550 3574 3559 3560 3518 3573 3539 3530 3563 3549 3569 3551 3561 3547 3551 3529 3550 3544 3560 3540 3561 3556 3572 3586 3552 3556 3582 3525 3557 3561 3555 3570 3546 3554 3532 3547 3543 3532 3572

Tree=0
num_leaves=31
num_cat=0
split_feature=1 7 1 16 0 16 7 13 15 0 22 0 22 17 16 18 16 1 13 1 7 11 22 13 0 0 1 5 0 0
split_gain=251762 30807.1 18384.1 5640.77 5640.66 4265.14 3236.14 2531.95 2095.51 2092.08 1620.16 1506.42 1438.66 1210.58 795.889 766.239 688.176 600.785 541.305 538.616 519.682 503.353 498.978 490.401 458.607 437.304 429.232 399.766 399.128 382.251
threshold=14.440095543861391 1.0000000180025095e-35 6.1290192008018503 0.66176471114158641 2.5366268157958989 0.60294118523597728 1.0000000180025095e-35 -41.654936913147147 10.599842071533205 2.4865337610244755 -0.033103309549999994 2.2470753192901616 -0.013681760949999998 175.14204406738284 0.30882354080677038 169.04412078857425 0.77941176295280468 24.532674551010135 -8.7928688629492857 23.269164085388187 1.0000000180025095e-35 17.239815477970215 -0.13903441999999996 -41.654936913147147 2.1166182756423955 0.49938528239727026 22.478994846343998 3.5000000000000004 3.6244082450866704 0.49938528239727026
decision_type=2 2 2 2 2 2 2 2 2 2 2 2 2 2 2 2 2 2 2 2 2 2 2 2 2 2 2 2 2 2
left_child=2 4 3 8 15 14 11 22 12 26 16 -7 25 -6 -4 -2 27 -15 -12 -11 28 -10 -5 -13 -8 -1 -3 -9 -16 -14
right_child=1 9 5 7 13 6 24 10 21 19 18 23 29 17 20 -17 -18 -19 -20 -21 -22 -23 -24 -25 -26 -27 -28 -29 -30 -31
leaf_value=-0.310633061520243 -0.25689370053118588 -0.22082090517234787 -0.22738552118307853 -0.34312747238106289 -0.20526305689375546 -0.31909667834935096 -0.26964763418833343 -0.32743610671005891 -0.2988348087260374 -0.18694098915526702 -0.34591794046891788 -0.3100135011219739 -0.33600628845291058 -0.2519256105947465 -0.28440893391067246 -0.29198625860492772 -0.3318960427879929 -0.22529521166432065 -0.32808827747548469 -0.16850048468289575 -0.23542773906938716 -0.25434007091035038 -0.35725090042126578 -0.28399069999027376 -0.23155163452932817 -0.29018127922239584 -0.1928371696104158 -0.31076572518587686 -0.25662539959803626 -0.31415102982816034
leaf_weight=8457.7471747398376 2102.67358481884 2124.4845345914364 1812.5144327878952 11371.837104469538 3733.5934807360172 10522.680464446545 1689.4908733963966 5637.0277153849602 975.61113533377647 4577.6037168800831 17762.445387840271 2508.5042906999588 7178.4982105493546 4518.0524719953537 2840.079740613699 5968.6031652987003 14628.530492424965 3994.3446106016636 5616.4420998692513 31444.772767096758 1212.3457137644291 1820.1115051805973 14008.021224737167 6499.4179653823376 1484.3699187934399 3783.8321852684021 3921.5597557425499 9961.477374792099 2371.266853928566 2781.5087631344795
leaf_count=34512 8580 8669 7396 46403 15235 42938 6894 23002 3981 18679 72480 10236 29292 18436 11589 24355 59692 16299 22918 128311 4947 7427 57160 26521 6057 15440 16002 40648 9676 11350
internal_value=-0.282889 -0.199829 -0.321294 -0.331362 -0.250391 -0.287459 -0.29864 -0.337913 -0.310659 -0.175412 -0.331751 -0.30625 -0.315796 -0.229004 -0.256639 -0.282842 -0.324103 -0.239424 -0.341637 -0.170841 -0.2649 -0.269867 -0.350925 -0.29124 -0.25182 -0.304313 -0.202658 -0.316793 -0.271764 -0.329907
internal_weight=197309 62385.7 134924 103983 20317.3 30940.7 22704.5 78985.8 24997.3 42068.4 53605.9 19530.6 22201.6 12246 8236.21 8071.28 30227 8512.4 23378.9 36022.4 6423.69 2795.72 25379.9 9007.92 3173.86 12241.6 6046.04 15598.5 5211.35 9960.01
internal_count=805125 254566 550559 424305 82905 126254 92646 322303 102002 171661 218740 79695 90594 49970 33608 32935 123342 34735 95398 146990 26212 11408 103563 36757 12951 49952 24671 63650 21265 40642
is_linear=0
shrinkage=1


Tree=1
num_leaves=31
num_cat=0
split_feature=1 7 1 16 19 18 7 22 1 16 16 8 12 10 16 12 12 11 12 11 23 12 11 12 12 11 1 16 22 1
split_gain=225410 29077.8 15266.7 4477.04 4389.89 2974.07 2396 2275.97 1680.33 1380.25 1263.28 1252.42 1099.76 967.889 910.237 821.272 819.17 660.815 693.551 659.343 647.389 617.357 538.869 536.367 504.437 492.243 418.842 403.768 366.076 349.449
threshold=13.748407185077669 1.0000000180025095e-35 4.67932302504778 0.66176471114158641 0.36764706671237951 164.17825317382815 1.0000000180025095e-35 -0.15288999499999997 23.269164085388187 0.42647059261798864 0.39705882966518408 1.0000000180025095e-35 1.0758513931888547 -1.8782618761062631 0.72058823704719555 4.2058823529411766 1.8157894736842108 48.568307223703847 2.7631578947368425 9.5080668581966847 1.2403435000000003 4.7275541795665648 48.929337142444808 4.0650154798761617 2.4318885448916414 67.867619931397982 22.074687719345096 0.75000000000000011 -0.23260509499999996 22.478994846343998
decision_type=2 2 2 2 2 2 2 2 2 2 2 2 2 8 2 2 2 2 2 2 2 2 2 2 2 2 2 2 2 2
left_child=2 5 4 9 10 29 16 11 -3 21 23 -6 -7 24 -14 -12 25 20 -19 -9 -13 -4 -18 -1 -11 -5 -16 -21 -17 -2
right_child=1 8 3 6 7 12 -8 19 -10 13 15 17 14 -15 26 28 22 18 -20 27 -22 -23 -24 -25 -26 -27 -28 -29 -30 -31
leaf_value=0.041157859834625804 0.05347778849674531 0.078545716497029738 0.056456420843573718 -0.0004020631883926239 -0.056049530411520866 0.047282638073357891 0.020855771033475762 -0.039822842306003935 0.10474284119447282 0.013301241221490276 -0.017778735684615882 -0.039811529856123157 0.027263120068489501 0.028001969377232806 -0.0094861394003030106 -0.028436521111797227 -0.027885729300439501 -0.032925285447845801 -0.061812310848855717 -0.05736749509993614 -0.018586110529559205 0.014180449126956544 -0.04684043755312059 -0.009154928583265368 -0.014121064857137015 -0.033222974032369734 0.014254929686397931 -0.068080950122986969 -0.049870112781548882 0.081814389778057967
leaf_weight=831.44451761245728 2539.6031023412943 7412.5912524163723 2027.382218837738 3176.0486188679934 14481.253887370229 3021.5477204620838 2619.9007550179958 3172.7778173983097 35594.919371277094 2359.5790814161301 6750.9189259856939 8586.5742357969284 6824.7461860179901 2774.9389175921679 3846.4064048230648 3334.8892896622419 9293.7876943051815 3854.8905094116926 4518.3225094974041 15145.283882468939 6181.439697638154 1505.2651488631964 6294.0176678001881 1455.8856233358383 5790.9865171313286 1783.1622163802385 3591.4044462144375 21171.874282613397 4967.4931789785624 1918.4030079543591
leaf_count=3387 10288 29952 8237 13011 59528 12284 10664 13039 143426 9639 27699 35235 27754 11299 15682 13664 38087 15842 18586 62351 25369 6117 25834 5947 23661 7318 14615 87291 20417 7765
internal_value=-1.38613e-05 0.0764061 -0.0374781 -0.010544 -0.0482069 0.0292791 -0.024169 -0.0533187 0.10023 0.0112881 -0.0254738 -0.0445153 0.0198852 0.0025023 0.0140781 -0.0307341 -0.0299107 -0.0372954 -0.0485187 -0.0617044 -0.0309291 0.0384517 -0.0355417 0.00914376 -0.00618168 -0.0122077 0.00197779 -0.0636148 -0.0412652 0.0656874
internal_weight=196828 64749.6 132078 37625.1 94453 21742.1 23166.9 77112.4 43007.5 14458.2 17340.6 37622.5 17284.1 10925.5 14262.6 15053.3 20547 23141.2 8373.21 39489.9 14768 3532.65 15587.8 2287.33 8150.57 4959.21 7437.81 36317.2 8302.38 4458.01
internal_count=803988 261766 542222 153867 388355 88388 94914 317241 173378 58953 71114 154560 70335 44599 58051 61780 84250 95032 34428 162681 60604 14354 63921 9334 33300 20329 30297 149642 34081 18053
is_linear=0
shrinkage=0.05


Tree=2
num_leaves=31
num_cat=0
split_feature=7 0 6 6 0 13 15 15 0 22 20 12 15 14 15 13 15 20 15 12 12 24 20 22 13 12 15 12 12 14
split_gain=195044 34109.2 9388.05 5856.61 4380.42 2778.64 2471.81 2227.17 2013.07 2005.14 2529.39 1133.14 1127.35 1086.1 981.539 970.233 843.428 717.195 698.945 696.738 625.819 619.069 573.68 696.576 507.799 497.441 479.994 475.571 454.417 441.68
threshold=1.0000000180025095e-35 2.4865337610244755 1.5000000000000002 2.5000000000000004 8.4039444923400897 -41.19255329425166 4.9859051704406747 5.0237715244293222 4.9896202087402353 -0.013681760949999998 -1.0000000180025095e-35 1.2863777089783284 8.9701395034790057 262.50000000000006 10.599842071533205 -36.138513235554051 10.599842071533205 13.014709472656252 12.646073341369631 2.3668730650154806 6.8452012383900938 2.5000000000000004 3.8894500732421879 0.014423421100000002 -33.493582063541957 2.1965944272445825 8.9701395034790057 3.5650154798761613 1.8157894736842108 187.50000000000003
decision_type=2 2 2 2 2 2 2 2 2 2 2 2 2 2 2 2 2 2 2 2 2 8 2 2 2 2 2 2 2 2
left_child=1 3 8 7 6 28 19 11 -2 10 -7 -1 17 26 20 -13 25 -6 -8 -3 21 29 -17 -24 -21 -9 -11 -18 -5 -12
right_child=2 4 -4 5 12 9 18 16 -10 13 14 15 -14 -15 -16 22 27 -19 -20 24 -22 -23 23 -25 -26 -27 -28 -29 -30 -31
leaf_value=-0.0073928988024401683 0.07472326856238487 0.0049544991431196622 -0.0058135623666482504 -0.041835540817399458 0.016206074018822497 -0.058466215401428545 0.018860717792022474 0.007855053493111953 0.098310360426872467 -0.059604021982052405 -0.038315141999992502 -0.05144451131000119 0.07912211190372731 -0.03062072464032824 0.018442840403432356 -0.043344087225023642 0.05776010586743191 0.043892891724204547 0.058041847558487916 -0.03535571098226889 -0.041856256166137036 -0.030835681172743903 -0.011817934953930598 -0.03828687947354837 -0.0094068347585311365 -0.019702402125491462 -0.021739437776160317 0.0046548741556003493 -0.065032854294245296 -0.0044038675999254016
leaf_weight=4126.1226247251034 12395.629421919584 4824.8529907613993 2592.8678426593542 2345.2347948253155 3489.7962102144957 8063.183164909482 4998.4186883717775 2536.2639055103064 33674.688896715641 19683.871918976307 1184.6262623369694 6924.3298570662737 1657.2669338136911 4404.2593219578266 1176.3198942393064 4694.1540511250496 785.37741672992706 7102.4604780673981 1473.6046499609947 3001.8890510648489 6250.8535309582949 10238.617523118854 6289.5109845548868 4110.3439219146967 5069.0124983489513 4618.3177629709244 875.69487516582012 909.19916957616806 21822.1807192415 5051.8620260059834
leaf_count=16946 49851 19762 10505 9737 14160 33389 20368 10373 134904 81898 4887 28649 6670 18286 4791 19312 3177 28801 5947 12390 25827 42272 25831 16931 20802 18932 3589 3688 90912 20823
internal_value=-5.88725e-05 -0.0286609 0.0867559 -0.0412 0.0173791 -0.0485772 0.00257781 -0.0241027 0.0919658 -0.0425454 -0.0342507 -0.031441 0.0407794 -0.0531647 -0.0260797 -0.035947 -0.00242066 0.0347734 0.0277894 -0.0100764 -0.028385 -0.0232716 -0.0288346 -0.022282 -0.0190614 -0.00993369 -0.0579924 0.0292869 -0.0627836 -0.0108505
internal_weight=196371 147708 48663.2 116090 31617.3 81096.7 19367.8 34993.6 46070.3 56929.3 31965.5 26144.5 12249.5 24963.8 23902.3 22018.3 8849.16 10592.3 6472.02 12895.8 22726 16475.1 15094 10399.9 8070.9 7154.58 20559.6 1694.58 24167.4 6236.49
internal_count=804410 609150 195260 480250 128900 336411 79269 143839 184755 235762 131989 107669 49631 103773 98600 90723 36170 42961 26315 52954 93809 67982 62074 42762 33192 29305 85487 6865 100649 25710
is_linear=0
shrinkage=0.05


Tree=3
num_leaves=31
num_cat=0
split_feature=7 6 6 2 19 6 13 10 19 18 10 22 8 22 13 6 6 19 10 17 22 6 6 9 19 10 13 10 18 13
split_gain=176614 31501.3 8352.18 7524.09 4322.15 3031.85 2216.14 2027.87 1664.58 1480.78 1928.06 1463.08 1330.67 981.788 898.097 796.306 669.578 586.261 690.195 581.791 491.308 480.07 403.62 375.328 342.747 336.981 329.876 297.957 244.574 236.341
threshold=1.0000000180025095e-35 1.5000000000000002 1.5000000000000002 18.263883747160438 0.36764706671237951 1.0000000180025095e-35 -38.593676229045016 14.989200115203859 0.36764706671237951 163.92513275146487 -2.9526132643222804 1.0000000180025095e-35 1.0000000180025095e-35 -0.25361239999999996 -42.114818479911911 1.0000000180025095e-35 1.0000000180025095e-35 0.33823530375957495 -2.5987070947885544 160.11765289306643 -0.13903441999999996 1.0000000180025095e-35 1.0000000180025095e-35 40.500000000000007 0.16176471114158633 -10.491503992676734 -9.3735463795116605 -3.673920798301697 174.6957702636719 -42.614684594005062
decision_type=2 2 2 2 2 2 2 10 2 2 8 2 2 2 2 2 2 2 8 2 2 2 2 2 2 8 2 8 2 2
left_child=1 3 7 8 13 9 20 15 22 27 29 12 23 19 28 -2 25 -7 -19 -3 -6 -9 -1 -8 -15 -16 -13 -5 -10 -11
right_child=2 4 -4 5 6 17 11 21 14 10 -12 26 -14 24 16 -17 -18 18 -20 -21 -22 -23 -24 -25 -26 -27 -28 -29 -30 -31
leaf_value=0.018633180525289044 0.075809688667320657 0.019911087552275906 -0.0044821137897810091 0.048695541357222649 -0.053448216590292856 0.019830337552709985 -0.056065075175031731 0.095104609202662935 -0.025877942583261884 -0.017816836274420145 0.041270161261663149 -0.057138304774774801 -0.027947150231153069 -0.018379628517143295 -0.014182289872166784 0.043867128817094196 -0.029737085578474057 -0.025859965659174047 0.0059682060184730028 -0.015748116240887566 -0.066872651943863146 0.077321296403801171 -0.0089998933741945383 -0.034488674590655584 -0.039235365325197613 0.0088210632956101653 -0.042952336870590357 0.074732734563527303 -0.048706728487442494 0.0077862742741602034
leaf_weight=3312.5008368939161 7968.6214025020599 1359.8039311915636 2622.4550326019526 3118.4192729592323 12399.851324081421 2515.5296731889248 7579.5341216623783 31342.329891353846 1764.0714182108641 1150.7606614977121 7841.1288960874081 15191.878259062767 18649.925093188882 2753.6464967727661 4756.1394513249397 2590.5663206279278 5461.1690076440573 3099.1487919539213 3779.5712756514549 7176.2037074565887 15233.031575709581 4352.2693070322275 2197.2918554842472 2754.6459393799305 6946.3856416791677 2392.0892116576433 5637.149443179369 1707.0622288137674 3527.0081181377172 4144.9009206444025
leaf_count=13491 31908 5547 10633 12554 52088 10239 31722 125420 7316 4716 31692 63981 77328 11356 19560 10399 22634 12803 15479 29625 64412 17434 9038 11480 28967 9757 23553 6854 14671 16892
internal_value=2.18507e-05 -0.0274451 0.0823204 0.00439076 -0.0443363 0.0221969 -0.0494931 0.0872419 -0.0164171 0.0342341 0.0255299 -0.0431915 -0.0359247 -0.0224348 -0.0238137 0.0679779 -0.0165567 -0.00081987 -0.00837338 -0.0100659 -0.0608508 0.0929385 0.00761354 -0.0503176 -0.0333173 -0.00648427 -0.0533013 0.05792 -0.0411018 0.00222034
internal_weight=195325 146449 48876.2 50766.8 95682.1 27356.5 77446 46253.8 23410.3 17962.3 13136.8 49813.1 28984.1 18236 17900.5 10559.2 12609.4 9394.25 6878.72 8536.01 27632.9 35694.6 5509.79 10334.2 9700.03 7148.23 20829 4825.48 5291.08 5295.66
internal_count=803549 607755 195794 207696 400059 111229 324564 185161 96467 72708 53300 208064 120530 75495 73938 42307 51951 38521 28282 35172 116500 142854 22529 43202 40323 29317 87534 19408 21987 21608
is_linear=0
shrinkage=0.05


Tree=4
num_leaves=31
num_cat=0
split_feature=1 7 1 0 16 16 14 24 0 15 7 16 24 18 18 0 20 14 1 0 1 0 14 24 14 18 7 14 11 1
split_gain=170689 20342.8 11556.8 4280.78 4012.13 3182.75 1615.04 1887.62 1572.4 1532.7 1434.75 1052.79 993.461 909.904 895.871 798.905 730.616 595.209 559.515 530.929 471.492 451.55 424.94 403.665 555.256 381.227 377.199 377.152 360.848 353.716
threshold=13.748407185077669 1.0000000180025095e-35 5.2702628672122964 2.0282436609268193 0.69117647409439098 0.66176471114158641 224.50000000000003 2.5000000000000004 2.3897628784179692 10.599842071533205 1.0000000180025095e-35 0.42647059261798864 4.5000000000000009 172.74019622802737 168.02986145019534 1.9523658752441408 -2.9402847290039058 261.50000000000006 24.102101594209675 2.2954241037368779 19.858687877655033 1.0564991235733034 237.50000000000003 3.5000000000000004 190.50000000000003 163.92513275146487 1.0000000180025095e-35 238.50000000000003 47.529523677051351 21.318968534469608
decision_type=2 2 2 2 2 2 2 8 2 2 2 2 10 2 2 2 2 2 2 2 2 2 2 8 2 2 2 2 2 2
left_child=2 3 4 16 9 11 13 28 29 12 15 27 21 -6 -5 -7 -2 -9 -16 -13 -10 -1 -11 24 -15 -18 -21 -4 -8 -3
right_child=1 8 5 14 6 10 7 17 20 22 -12 19 -14 23 18 -17 25 -19 -20 26 -22 -23 -24 -25 -26 -27 -28 -29 -30 -31
leaf_value=-0.02835060616618448 -0.029945490949171601 0.045651729376945727 0.044048567150060704 0.060402307515656922 -0.040525237569014716 -0.03486723034202107 0.0015754847017894797 -0.049864467878502072 0.070958231700129201 0.025412950731335173 0.015157374297821036 -0.0097410958250605875 -0.046643761861681426 -0.05789584074450891 0.022361837423584302 -0.013755749122963394 0.036602472806104069 -0.029653108113957272 0.047758050810261105 0.0078601231580871043 0.09161910208076679 -0.0092493293767556863 -0.017874033098505642 -0.062233749782081585 -0.032062392407432493 0.00092107924104751322 0.044646583916897298 0.0026804148791065921 -0.035660302539652321 0.071098535449637693
leaf_weight=16562.823000773787 1838.0111670345068 2050.4360914230347 2628.3248480111361 5061.8351363688707 8748.7472358942032 9884.4910981208086 3014.9001931548119 14574.982645764947 3027.2029091417789 1642.3342555761337 2493.4949350506067 4529.2767557054758 6978.7461933940649 6987.3437803834677 4752.0744800567627 8200.9070220291615 870.58836641907692 4864.0185596048832 3993.8759539276361 4546.5259554088116 33956.487960979342 3806.2447980642319 864.73275808990002 23459.879782810807 2968.145496994257 5304.6566079556942 822.13371928036213 697.19437827169895 828.67341542243958 4138.5896426141262
leaf_count=69401 7552 8215 10581 20302 37022 41320 12545 61769 12121 6685 10038 18601 29513 29597 19218 33783 3511 20492 16051 18506 136342 15776 3532 100202 12485 21728 3291 2810 3486 16572
internal_value=5.42015e-05 0.0661377 -0.0332139 0.0267895 -0.0421231 -0.00809503 -0.0490523 -0.0384787 0.0860246 -0.0269321 -0.0203934 0.0110442 -0.0303622 -0.0548899 0.0436593 -0.0252954 -0.00228104 -0.044809 0.0339633 0.00286539 0.0899299 -0.0247819 0.0104813 -0.0586495 -0.0501978 0.00595657 0.0135007 0.0353792 -0.00645973 0.0626767
internal_weight=194098 64993.8 129104 21821 95301.6 33802.3 65446.7 23282.6 43172.7 29854.9 20578.9 13223.5 27347.8 42164.1 13807.8 18085.4 8013.26 19439 8745.95 9897.94 36983.7 20369.1 2507.07 33415.4 9955.49 6175.24 5368.66 3325.52 3843.57 6189.03
internal_count=803047 261612 541435 88362 402505 138930 277598 98292 173250 124907 85141 53789 114690 179306 55571 75103 32791 82261 35269 40398 148463 85177 10217 142284 42082 25239 21797 13391 16031 24787
is_linear=0
shrinkage=0.05


Tree=5
num_leaves=31
num_cat=0
split_feature=7 0 19 0 10 13 18 12 12 22 20 20 17 10 20 10 17 12 13 22 24 20 10 20 20 12 22 18 11 12
split_gain=145400 26409.8 5852.6 5296.34 4109.82 3204.01 2673.34 2300.57 2023.13 1589.12 2346.33 1072.98 997.346 871.521 798.207 790.784 763.449 682.727 668.51 651.043 570.596 558.311 596.685 461.855 443.301 482.122 424.418 420.353 395.658 544.733
threshold=1.0000000180025095e-35 2.6329836845397954 0.33823530375957495 2.3897628784179692 -7.313553787767888 -40.2989838724558 163.92513275146487 2.1965944272445825 3.1563467492260067 -0.013681760949999998 12.029861450195314 5.8208541870117196 169.92362213134768 10.836196896620097 74.476669311523452 16.496585294604301 158.54411315917972 2.1269349845201244 -38.190369529021041 -0.0062803106849999993 3.5000000000000004 6.2876815795898446 1.2400485500693306 11.555274963378908 61.02986145019532 3.0789473684210531 -0.013681760949999998 175.53743743896487 39.150453789407628 7.0015479876161004
decision_type=2 2 2 2 8 2 2 2 2 2 2 2 2 10 2 10 2 2 2 2 8 2 10 2 2 2 2 2 2 2
left_child=1 2 8 15 6 17 24 11 16 10 -9 -7 -6 -5 -11 -2 -1 27 -8 -10 28 -14 -23 -20 -3 -26 -25 -4 29 -12
right_child=3 4 5 13 12 7 18 9 19 14 20 -13 21 -15 -16 -17 -18 -19 23 -21 -22 22 -24 26 25 -27 -28 -29 -30 -31
leaf_value=0.047484891906415923 0.024318142655976083 0.055104634961604219 -0.020026333914656053 0.06544247255010574 0.062526527347513641 -0.031427693027247683 -0.029139075462211974 -0.050079043751715194 -0.012422020652648406 -0.054797525426996098 0.0039706633092211063 -0.00034805742540424696 0.0119827923366728 0.086272746555068655 -0.034217100896797241 0.053687504806244415 0.003362416730558065 -0.05850502493285184 -0.023998118087170024 -0.035288614919974315 -0.029197666126838169 0.024061705196777187 0.050554868142632631 0.014149487582815052 0.045892053874187537 -0.0043259787655214772 -0.012960988932226969 -0.048687149857689016 -0.032782312895306767 -0.024777319298442773
leaf_weight=1194.0661146938801 3966.0207200795412 1678.3474595844746 1887.618877440691 5939.5243353098631 2704.998613268137 5070.6004853099585 4107.9556598067284 10980.390735059977 6851.9146123826504 16936.324437305331 4516.903066277504 6138.0432920753956 3465.4735403805971 33131.822862133384 6536.8458391278982 5438.1787702292204 5458.8081300258636 24120.869788751006 2192.6469751894474 5705.7352862656116 10049.263116598129 4823.0991997718811 3803.7492922544479 3462.5276121199131 921.79850035905838 991.11516636610031 2474.4646398872137 3982.6827806681395 1795.0697915405035 2593.011677801609
leaf_count=4849 15974 6745 8000 23896 10852 21403 17122 46776 28351 72897 18805 25571 14024 134009 27854 21870 22594 104520 9040 23973 42272 19542 15260 14180 3710 4000 10181 17038 7496 10896
internal_value=7.06643e-05 -0.0250758 -0.036166 0.0749993 0.0161394 -0.0412751 -0.00157012 -0.0350052 -0.011004 -0.0393273 -0.0316878 -0.0144095 0.0350823 0.0831079 -0.049068 0.0413055 0.0112875 -0.0547819 -0.0127018 -0.0228137 -0.0210315 0.0289385 0.0357476 -0.00439335 0.0363551 0.0198845 0.0028499 -0.0394761 -0.0118137 -0.00651584
internal_weight=192920 144444 113818 48475.5 30626.2 94607.6 15828.9 64616.5 19210.5 53407.8 29934.6 11208.6 14797.3 39071.3 23473.2 9404.2 6652.87 29991.2 12237.6 12557.6 18954.2 12092.3 8626.85 8129.64 3591.26 1912.91 5936.99 5870.3 8904.98 7109.91
internal_count=803700 607951 483295 195749 124656 403528 64978 273970 79767 226996 126245 46974 59678 157905 100751 37844 27443 129558 50523 52324 79469 48826 34802 33401 14455 7710 24361 25038 37197 29701
is_linear=0
shrinkage=0.05


Tree=6
num_leaves=31
num_cat=0
split_feature=9 6 6 0 15 17 10 10 22 15 14 17 10 22 13 14 12 0 13 17 15 14 24 12 14 17 14 22 10 12
split_gain=133060 24697.4 6842.63 6073.24 3053.47 2775.78 1965.47 1678.05 1482.44 1426.09 1355.32 1347.48 1178.01 1062.43 1011.81 837.575 818.284 646.036 615.407 591.186 582.435 575.599 566.057 515.618 503.94 422.062 417.509 498.269 381.191 380.923
threshold=1.0000000180025095e-35 1.5000000000000002 1.5000000000000002 7.0434880256652841 4.115276813507081 173.36931610107425 -7.8506229460239405 12.867585301399233 0.030713726750000003 10.599842071533205 191.50000000000003 175.14204406738284 -3.9870941221714022 -0.013681760949999998 -45.055139483116996 262.50000000000006 4.2275541795665648 3.1858092546463017 -42.114818479911911 186.32193756103518 8.55957078933716 236.50000000000003 2.5000000000000004 4.0650154798761617 194.50000000000003 175.14204406738284 185.50000000000003 -0.033103309549999994 -2.5987070947885544 1.7321981424148609
decision_type=2 2 2 2 2 2 8 10 2 2 2 2 8 2 2 2 2 2 2 2 2 2 8 2 2 2 2 2 10 2
left_child=2 3 7 5 8 16 18 17 10 13 19 -5 -13 -6 -12 -10 20 -1 -7 -3 -2 -18 -16 -11 -14 -9 -20 -28 -8 -15
right_child=1 4 -4 11 9 6 28 25 15 23 14 12 24 29 22 -17 21 -19 26 -21 -22 -23 -24 -25 -26 -27 27 -29 -30 -31
leaf_value=0.038061137021213255 0.018002225322631345 -0.03567654010328656 -0.0064458083155248926 0.056234895370290708 -0.020777561101630388 -0.039398492753092929 -0.0068923190901858241 0.08532679004298413 -0.057587979913015619 0.03520974983136279 -0.049329792020829114 0.0024627498523721158 0.017442051359794913 -0.0041427978054889543 -0.012060549333957822 -0.025856133987597549 0.014503970460097951 0.066484198397419106 -0.034550885661249406 -0.056560817555893921 0.053473765999639704 -0.032737680432200926 -0.031902104803102613 -0.0096602274185691849 0.046772709292964586 0.074073974639811455 -0.0023449802806354645 -0.027128762555434418 0.011431318008596156 -0.042763836637985247
leaf_weight=2966.5107329338789 2988.4323465228081 4881.1597399711609 2635.0905748605728 3871.6623484492302 14789.040734395385 5365.175610691309 6233.7242518663406 23136.395790249109 24148.623637720942 1078.5237972587347 5413.177686214447 4541.5935713201761 2330.2800132185221 675.65372154116631 5911.9748076200485 2278.0953148305416 1840.2737804800272 6164.0238401293755 3083.1721411496401 11138.044951543212 1889.3309738188982 991.24507722258568 9176.5119283944368 1572.7060005664825 3948.4066377729177 13149.852031573653 4720.228470236063 3554.9392392486334 5209.2224788367748 11665.868431568146
leaf_count=11907 12198 20956 10646 15544 62435 22845 25873 94568 106314 4362 23709 18512 9367 2870 24808 9775 7467 24957 12976 48560 7587 4046 39018 6445 15822 53510 19575 14926 21326 50478
internal_value=-0.000117645 -0.0242621 0.0718835 0.0038471 -0.0395907 -0.00724174 -0.0145179 0.0764282 -0.0458318 -0.0263984 -0.0393022 0.0309232 0.0218619 -0.0298186 -0.0307851 -0.0548536 0.0193406 0.0572547 -0.0254429 -0.0501999 0.0317498 -0.00203989 -0.0241291 0.00859933 0.0358914 0.081251 -0.018848 -0.0129939 0.0014495 -0.04065
internal_weight=191349 143297 48051.9 50567.7 92729.4 35875.7 28166.5 45416.8 62947.6 29781.8 36520.9 14691.9 10820.3 27130.6 20501.7 26426.7 7709.28 9130.53 16723.5 16019.2 4877.76 2831.52 15088.5 2651.23 6278.69 36286.2 11358.3 8275.17 11442.9 12341.5
internal_count=803382 607794 195588 208064 399730 148819 117521 184942 273140 126590 157051 59245 43701 115783 87535 116089 31298 36864 70322 69516 19785 11513 63826 10807 25189 148078 47477 34501 47199 53348
is_linear=0
shrinkage=0.05


Tree=7
num_leaves=31
num_cat=0
split_feature=1 7 1 16 16 16 16 13 1 24 7 14 24 14 12 12 13 12 15 13 16 12 12 12 16 12 14 14 12 12
split_gain=131275 14804.5 9789.39 3473.47 2555.97 1732.56 1441.83 1277.06 1119.81 994.568 953.709 860.643 1302.57 773.169 741.396 702.228 642.456 596.904 551.143 536.013 521.254 450.5 427.334 426.823 414.307 374.769 373.569 336.494 316.746 309.741
threshold=14.213365554809572 1.0000000180025095e-35 5.589600697159768 0.72058823704719555 0.66176471114158641 0.69117647409439098 0.48529411852359777 -43.081044325276324 22.855610132217411 4.5000000000000009 1.0000000180025095e-35 224.50000000000003 2.5000000000000004 226.50000000000003 4.0650154798761617 2.4318885448916414 -41.654936913147147 1.1934984520123841 21.682642936706547 -38.593676229045016 0.48529411852359777 6.8452012383900938 1.0758513931888547 6.1377708978328185 0.48529411852359777 1.8157894736842108 197.50000000000003 263.50000000000006 3.4721362229102173 4.5356037151702795
decision_type=2 2 2 2 2 2 2 2 2 10 2 2 8 2 2 2 2 2 2 2 2 2 2 2 2 2 2 2 2 2
left_child=2 5 3 6 15 20 14 -5 -3 16 17 23 -13 22 -1 24 -8 -6 26 -19 -2 -18 -7 -9 -4 -22 -17 28 -14 -11
right_child=1 8 4 7 10 13 9 11 -10 29 -12 12 27 -15 -16 18 21 19 -20 -21 25 -23 -24 -25 -26 -27 -28 -29 -30 -31
leaf_value=0.025324290587890853 0.056963168055248974 0.057667390341386099 0.052465882240243004 -0.056408726479276396 0.0045256776591051052 0.02821363393701963 -0.039793748933120002 -0.041772627393859903 0.079955275116328023 -0.032432041221216359 0.011307295686877949 0.00029001816917750177 -0.027618024571233076 0.027894931210642439 -0.015656607620652675 0.015988536173981001 -0.016188696692891365 -0.038619596690145024 0.04877851852692322 -0.018336567777185269 0.0461132390471682 -0.034204581157845908 -0.0056665479170502206 -0.056623071161797704 0.018208704951873166 0.022922577988520786 -0.007398760191374542 -0.022137449837170406 -0.047472029069323421 -0.05173032073020091
leaf_weight=1807.8360039740801 3009.4530809521675 6730.2296285480261 1219.7075594812632 17777.404041051865 1976.9781515449286 1120.6951122283936 5331.1228919923306 15564.019765108824 35074.091315701604 3476.4560120552778 2577.1566983610392 2724.2614268809557 2779.7229427397251 4034.673869997263 2829.8503729254007 2452.3826253116131 15414.361700862646 4741.0712867230177 615.01013235747814 10416.704494133592 2906.1192491352558 4479.0268536359072 5465.3480001091957 7040.576651930809 3193.9570877254009 4358.2707684189081 5614.9243746250868 2710.4364788532257 7294.8917374312878 5202.3825445175171
leaf_count=7389 12102 27340 4900 79870 8208 4522 23279 68137 145139 15163 10361 11391 12014 16369 11791 10010 65409 20325 2470 43647 11706 19195 22395 31193 13000 17622 22971 11651 31945 22902
internal_value=-2.30636e-05 0.0591919 -0.0292021 -0.0373765 -0.00567265 0.0248241 -0.0258275 -0.0453398 0.0763685 -0.0294042 -0.0170476 -0.0401756 -0.0311008 0.0106618 0.000320344 0.0114488 -0.0243792 -0.0213128 0.00319269 -0.0246829 0.0394621 -0.0202465 0.000101984 -0.0464003 0.0276853 0.0322051 -0.00028815 -0.0377891 -0.0419973 -0.0440047
internal_weight=189939 62698.9 127240 94432.3 32807.9 20894.6 38541 55891.3 41804.3 33903.4 19711.9 38113.9 15509.3 10620.7 4637.69 13096 25224.5 17134.8 8682.32 15157.8 10273.8 19893.4 6586.04 22604.6 4413.66 7264.39 8067.31 12785.1 10074.6 8678.84
internal_count=804416 257195 547221 411329 135892 84716 165128 246201 172479 145948 82541 166331 67001 43286 19180 53351 107883 72180 35451 63972 41430 84604 26917 99330 17900 29328 32981 55610 43959 38065
is_linear=0
shrinkage=0.05


Tree=8
num_leaves=31
num_cat=0
split_feature=7 6 6 0 19 19 22 10 10 19 10 12 16 16 12 0 22 16 11 16 5 12 11 0 0 16 11 23 11 12
split_gain=110236 21409.6 6235.94 5158.18 3360.13 2178.6 1687.34 1539.73 1452.7 1268.12 1269.96 1156.25 789.354 785.767 752.771 636.491 547.067 485.501 455.528 415.245 407.854 309.49 455.788 295.444 294.811 278.702 268.556 266.495 348.871 258.327
threshold=1.0000000180025095e-35 1.5000000000000002 1.5000000000000002 5.9283936023712167 0.39705882966518408 0.33823530375957495 -0.040968708699999988 17.309886181354525 -7.5763349793851367 0.36764706671237951 -5.5963176652789111 3.5959752321981431 0.51470589637756359 0.77941176295280468 4.2275541795665648 4.2473878860473642 -0.22252412499999999 0.48529411852359777 9.5080668581966847 0.72058823704719555 4.5000000000000009 2.3018575851393193 65.211102425164043 0.93042692542076122 1.0037087798118594 0.25000000745058065 72.489355760012359 0.53717247000000012 42.379285719833881 4.0913312693498467
decision_type=2 2 2 2 2 2 2 10 8 2 8 2 2 2 2 2 2 2 2 2 2 2 2 2 2 2 2 2 2 2
left_child=1 3 7 5 11 14 13 15 19 29 -11 12 -3 20 17 -2 25 -1 -8 -7 -6 22 -20 -9 -10 -13 -22 28 -23 -5
right_child=2 4 -4 9 6 8 18 23 24 10 -12 16 -14 -15 -16 -17 -18 -19 21 -21 26 27 -24 -25 -26 -27 -28 -29 -30 -31
leaf_value=0.045025142541353771 0.041267018581820872 0.025909951638572421 -0.0085220953641476464 0.052824349209489675 -0.036175152738251608 -0.014759822315940264 -0.029219213681741626 0.060095412709190665 -0.0079507185731925098 -0.0034083982297324015 0.03043622956793517 0.025511576439634611 -0.012286680864962542 -0.042017625884726434 -0.0050066037913879822 0.06502871489973798 -0.036708096266163802 0.014068733069626738 -0.019867522431375781 -0.031886135573325133 -0.018537652374501484 -0.028040176136152246 -0.054641655688333783 0.077951016249044172 0.0093985363677180998 -0.019264598674751138 -0.042172468002739556 -0.056141866492908088 -0.058231687775686436 0.029773436122453135
leaf_weight=2020.7781947553158 4744.8348823785782 1758.4161294102669 2613.1768034100533 3922.0361300855875 8062.3581026345491 5962.1037162840366 2374.5386897176504 2531.2191857546568 5440.0498818159103 4637.529919013381 6887.5322603285313 369.57228296995163 5848.4741685539484 18540.495590388775 3184.2384216487408 6970.6689462661743 7598.9694171845913 3394.6590295881033 1745.5459550023079 8719.2566183954477 9845.7844225764275 2095.6977038383484 2051.197188436985 29990.699240416288 4451.2580758184195 5622.2148913443089 1369.0721403509378 21715.260140433908 1765.5270837694407 1768.2968576550484
leaf_count=8119 19217 7182 10570 15810 35284 25111 10473 10358 22675 19046 27651 1503 24967 82267 13022 28870 33162 13888 7710 37595 42248 9378 9234 126222 18252 23807 6062 98755 8089 7132
internal_value=7.3411e-05 -0.0219847 0.0665289 0.00415037 -0.0364937 -0.00737426 -0.0418043 0.0709624 -0.0149544 0.0263563 0.0168185 -0.0190644 -0.00345487 -0.0346675 0.0142845 0.0554095 -0.0278003 0.0256263 -0.0503042 -0.0249326 -0.0275964 -0.0520077 -0.0386638 0.0765632 -0.000143096 -0.016499 -0.0214264 -0.053987 -0.0418566 0.0456677
internal_weight=188001 141151 46850.6 50387.7 90763.1 33172.3 69565.5 44237.4 24572.7 17215.4 11525.1 21197.6 7606.89 37817.7 8599.68 11715.5 13590.8 5415.44 31747.8 14681.4 19277.2 29373.2 3796.74 32521.9 9891.31 5991.79 11214.9 25576.5 3861.22 5690.33
internal_count=803659 608422 195237 208301 400121 138662 309500 184667 103633 69639 46697 90621 32149 165861 35029 48087 58472 22007 143639 62706 83594 133166 16944 136580 40927 25310 48310 116222 17467 22942
is_linear=0
shrinkage=0.05


Tree=9
num_leaves=31
num_cat=0
split_feature=1 9 1 16 19 14 16 1 24 15 13 14 24 14 15 17 1 17 24 1 14 11 15 21 1 1 23 9 14 16
split_gain=110221 14186.6 7200.37 2534.53 2482.59 1648.89 1564.36 1257.41 1128.17 1005.22 936.292 893.94 712.844 676.899 614.069 525.463 495.239 488.846 457.99 419.834 406.35 362.843 327.331 317.117 315.876 313.619 311.051 288.675 273.951 261.583
threshold=13.314293622970583 1.0000000180025095e-35 3.8905201554298405 0.60294118523597728 0.51470589637756359 224.50000000000003 0.60294118523597728 21.318968534469608 2.5000000000000004 12.646073341369631 -34.579891838479334 226.50000000000003 4.5000000000000009 262.50000000000006 15.478336334228517 188.74206542968753 9.3988972753286379 189.17443847656253 3.5000000000000004 30.015349507331852 190.50000000000003 47.529523677051351 4.0140707492828378 0.88908213500000011 21.696908652782444 8.634866416454317 1.2471615 1.0000000180025095e-35 237.50000000000003 0.60294118523597728
decision_type=2 2 2 2 2 2 2 2 8 2 2 2 10 2 2 2 2 2 8 2 2 2 2 2 2 2 2 2 2 2
left_child=2 7 4 14 9 18 24 -2 21 12 17 15 22 23 25 -8 -12 -5 20 -13 -6 26 -1 -10 -3 -4 -7 -18 -11 -9
right_child=1 6 3 10 5 8 11 29 13 28 16 19 -14 -15 -16 -17 27 -19 -20 -21 -22 -23 -24 -25 -26 -27 -28 -29 -30 -31
leaf_value=-0.028526560140940207 0.049682452178455655 0.032977566902923673 -0.0024936343647584602 -0.017922493347148374 -0.0478367310516703 -0.021949044411826043 0.016882189082299454 0.077632069768277343 -0.038241671497795338 0.030837805776168382 -0.016592326356517119 0.018615801365517385 -0.040572758435506062 -0.018245308906595689 0.039479948859043122 -0.0066164620124039668 0.021864073790438091 -0.038822650825529069 -0.053847822211314844 0.04480574243737357 -0.025786885047025657 -0.03695572376498444 -0.016153887143814657 -0.057549056191006809 0.055870051772866337 0.01682409854861755 0.015835969613110304 -0.0048980780196143867 -0.015753542812549634 0.068462253466468906
leaf_weight=10655.020602539182 5964.5715392529964 3376.3036198914051 4928.3833021074533 5185.6071196943521 6541.4967873990536 787.62065206468105 4266.6167954206467 23200.856746524572 10090.973295435309 980.20150049030781 13115.476838648319 4578.3792437314987 7131.9773263633251 3784.8693030327559 1598.9479162096977 5374.9030685573816 1262.5389057099819 6082.7080338150263 22377.118136495352 2299.5860467255116 3076.2171402722597 679.14885796606541 10738.87218400836 2701.2868203520775 2731.4257064014673 3661.0023486316204 1759.8784354031086 4974.446406468749 464.28349606692791 11847.849615216255
leaf_count=46966 24564 13621 20300 22253 29662 3344 17382 99554 45402 3989 55456 18592 32106 16647 6442 22051 5092 26588 103455 9284 13522 2992 46117 12295 11059 14850 7421 20782 1911 50279
internal_value=1.24602e-06 0.0533871 -0.027716 -0.010562 -0.036277 -0.0429042 0.0216032 0.0709214 -0.0315622 -0.0248219 -0.0177494 0.0136077 -0.0268825 -0.036827 0.0110394 0.00378296 -0.0110769 -0.029207 -0.0499233 0.0273774 -0.0407875 -0.00451092 -0.022317 -0.0423229 0.0432227 0.00574105 0.00414979 0.000521961 0.015862 0.0745344
internal_weight=186219 63640.5 122578 40809.1 81769 51798.6 22627.2 41013.3 19803.8 29970.4 30620.8 16519.5 28525.9 16577.1 10188.3 9641.52 19352.5 11268.3 31994.8 6877.97 9617.71 3226.65 21393.9 12792.3 6107.73 8589.39 2547.5 6236.99 1444.48 35048.7
internal_count=803978 266386 537592 171763 365829 234740 91989 174397 88101 131089 130171 67309 125189 74344 41592 39433 81330 48841 146639 27876 43184 13757 93083 57697 24680 35150 10765 25874 5900 149833
is_linear=0
shrinkage=0.05


Tree=10
num_leaves=31
num_cat=0
split_feature=1 7 6 18 1 6 6 14 15 18 7 18 13 13 18 15 11 14 21 1 15 14 18 14 21 11 14 13 14 11
split_gain=100657 10337.9 10027.9 2902.06 2438.7 2245.67 2065.37 1922.44 1205.51 1148.73 1100.09 831.903 687.042 647.136 535.871 471.302 430.303 429.811 429.611 407.5 405.389 366.775 348.973 368.08 346.891 320.454 284.302 339.75 260.66 249.878
threshold=15.719405412673952 1.0000000180025095e-35 1.5000000000000002 172.74019622802737 9.5519820898771304 1.0000000180025095e-35 1.5000000000000002 224.50000000000003 9.7743926048278826 170.00141906738284 1.0000000180025095e-35 171.7113952636719 -34.579891838479334 -40.744197211871288 171.93548583984378 12.646073341369631 17.239815477970215 226.50000000000003 -1.6777381999999998 27.307104259729389 3.6846599578857426 194.50000000000003 173.07765197753909 196.50000000000003 0.62234553500000012 6.8989440573627379 183.50000000000003 -47.872978040031597 226.50000000000003 19.299244392351842
decision_type=2 2 2 2 2 2 2 2 2 2 2 2 2 2 2 2 2 2 2 2 2 2 2 2 2 2 2 2 2 2
left_child=2 5 4 8 9 14 19 26 20 15 11 -6 -9 -11 -2 -1 -10 -16 -14 -3 -4 -15 -7 -24 -20 -26 -5 -28 -13 -22
right_child=1 6 3 7 10 22 -8 12 16 13 -12 28 18 21 17 -17 -18 -19 24 -21 29 -23 23 -25 25 -27 27 -29 -30 -31
leaf_value=-0.0029854267729588855 0.049506487165928238 0.061872907582442821 -0.031711609015979456 -0.053824936746966826 0.018677288093624091 0.0152035351228091 -0.0073234007156036552 -0.043881597145630141 -0.0190152491535623 -0.036843129092174728 0.036958544232953354 -0.015817820493299588 0.023459911055868865 -0.026257348721446052 0.01486795040375123 0.034106155143663462 0.020447074058972795 0.042446762733063317 -0.020796309123971807 0.074504781096551939 -0.030842817429189841 -0.0073915924139672301 -0.026333784619113221 0.0046272616706065023 0.034810871371004075 -0.04102019163795681 -0.051998744066563823 -0.038424841222568742 0.0054995406099916481 -0.016576569996068092
leaf_weight=7630.7366621494293 5473.7689259797335 8194.0481489300728 13916.399993956089 14623.169365048409 5626.0945876091719 3022.8360951244831 843.74058049917221 5901.6840883046389 1035.8960952162743 4807.8918584883213 3430.1986568719149 3872.6835857778788 465.22143068909645 4238.7310385853052 3066.9973178207874 963.68002580106258 2068.8799779117107 2620.9789347201586 11104.763519749045 29571.811311230063 4083.3961234986782 6569.234032407403 1554.8181570023298 2505.8452280312777 144.00668488442898 3723.5464593321085 8362.3156234025955 10324.189081057906 2276.2159836888313 12382.178645953536
leaf_count=31641 22154 34705 62492 68139 22912 12301 3387 27142 4303 21202 13996 16197 1998 18171 12308 3881 8436 10518 49058 129467 17949 27665 6515 10276 637 16709 39648 47216 9390 53974
internal_value=5.1071e-05 0.0553809 -0.024612 -0.0339873 -0.00364782 0.0243638 0.0700373 -0.0410896 -0.0223957 -0.0135039 0.0120452 0.0047851 -0.0293706 -0.0215833 0.038337 0.00117708 0.00727874 0.0275813 -0.0238206 0.0717658 -0.0254283 -0.0147922 0.00234346 -0.00723121 -0.0252912 -0.0381884 -0.0485962 -0.0445017 -0.00792689 -0.0201162
internal_weight=184406 56854.8 127551 88135.6 39415.5 18245.2 38609.6 54648.9 33486.8 24210.3 15205.2 11775 21339.2 15615.9 11161.7 8594.42 3104.78 5687.98 15437.5 37765.9 30382 10808 7083.5 4060.66 14972.3 3867.55 33309.7 18686.5 6148.9 16465.6
internal_count=804387 241631 562756 397701 165055 74072 167559 250547 147154 102560 62495 48499 95544 67038 44980 35522 12739 22826 68402 164172 134415 45836 29092 16791 66404 17346 155003 86864 25587 71923
is_linear=0
shrinkage=0.05


Tree=11
num_leaves=31
num_cat=0
split_feature=1 9 6 19 17 0 6 20 12 9 12 22 22 17 13 20 22 20 12 20 22 17 1 1 20 13 1 20 20 23
split_gain=92223.3 9980.09 9261.48 2967.27 2262.65 2088.46 1854.58 1472.16 1237.49 1133.83 969.75 793.274 706.534 686.492 678.456 599.361 593.008 666.207 553.098 531.596 528.781 518.895 470.288 438.664 410.977 401.322 397.494 362.369 358.249 313.067
threshold=15.719405412673952 1.0000000180025095e-35 1.5000000000000002 0.51470589637756359 181.87442016601565 0.98030513525009166 1.5000000000000002 45.151657104492195 3.187306501547988 1.0000000180025095e-35 3.2120743034055734 -0.033103309549999994 -0.14198879499999997 166.70588684082034 -41.19255329425166 74.476669311523452 -0.19567234999999997 8.1695404052734393 11.931888544891644 13.933258056640627 -0.033103309549999994 173.36931610107425 9.8725229203701037 9.3988972753286379 7.2383346557617196 -45.055139483116996 25.921092815697197 -2.9402847290039058 21.092330932617191 1.2403435000000003
decision_type=2 2 2 2 2 2 2 2 2 2 2 2 2 2 2 2 2 2 2 2 2 2 2 2 2 2 2 2 2 2
left_child=2 6 4 8 10 27 26 16 13 -6 23 18 -10 -4 -11 -13 17 -5 25 -16 -21 -7 -12 -1 -15 -9 -2 -3 -23 -27
right_child=1 5 3 7 9 21 -8 11 12 14 22 15 -14 24 19 -17 -18 -19 -20 20 -22 28 -24 -25 -26 29 -28 -29 -30 -31
leaf_value=0.011692344257520054 0.059035372283588378 -0.025583189576582201 0.019617312817049985 -0.048608337865524306 0.018211567935975986 0.050579449069254705 -0.0058320626153676915 -0.043991344515302094 -0.018415384481483107 -0.032176200281059053 -0.011276803771190377 -0.05051806945834017 -0.035688819629474962 -0.029368683958751932 -0.024439793689771731 -0.025779535722215443 -0.053440476036562483 -0.028287882844946738 0.073804195382186771 0.0060366767923554984 -0.018876851697450826 0.014853849188232994 0.013003244485791094 0.034527349544894823 -0.0049291507346968574 -0.023809444397267461 0.072254017869477993 0.0043360951654097422 0.035254291880747961 -0.0036808381319999614
leaf_weight=4576.1345223337412 7068.6518527716398 1347.9356006532907 2034.1959650367498 9541.4570506215096 2434.5207488834858 3434.8628743737936 830.31955769658089 1670.5107969045639 11449.326363220811 5887.6365339756012 5107.9426209330559 5644.5509402304888 12266.520383313298 2567.652395516634 5308.8359769135714 4330.4429288953543 16399.946828022599 6997.3590433746576 153.43431766331196 5090.6012303829193 3660.5079942643642 3385.5661423951387 3270.4326710402966 3893.2852576375008 5209.1656627357006 5936.4169617593288 29824.362410977483 4051.055051073432 5916.3545730262995 2863.9448549300432
leaf_count=18935 30305 5659 8411 44868 9896 14056 3332 7790 49826 25966 21256 26681 55825 11521 22743 19737 79205 31946 665 21192 15541 13634 13336 15864 22780 26139 133535 16579 23825 12279
internal_value=-8.87292e-05 0.0534061 -0.0237493 -0.032838 -0.00357801 0.0229236 0.0680599 -0.0401426 -0.0211725 -0.0139959 0.0102621 -0.0296554 -0.0273508 -0.0062367 -0.0179274 -0.039782 -0.0467 -0.0400132 -0.0201449 -0.0119588 -0.00438539 0.0339698 -0.00179886 0.0221921 -0.013001 -0.0215285 0.069723 -0.00313704 0.0278317 -0.0172601
internal_weight=182154 55859.1 126295 87064.9 39229.9 18135.8 37723.3 53538.1 33526.9 22382.1 16847.8 20599.3 23715.8 9811.01 19947.6 9974.99 32938.8 16538.8 10624.3 14059.9 8751.11 12736.8 8378.38 8469.42 7776.82 10470.9 36893 5398.99 9301.92 8800.36
internal_count=803327 240925 562402 397673 164729 73753 167172 249310 148363 95338 69391 93291 105651 42712 85442 46418 156019 76814 46873 59476 36733 51515 34592 34799 34301 46208 163840 22238 37459 38418
is_linear=0
shrinkage=0.05


Tree=12
num_leaves=31
num_cat=0
split_feature=1 7 1 16 18 0 13 22 0 10 22 20 14 15 0 20 21 19 0 22 20 14 0 14 0 0 14 1 20 22
split_gain=84843.3 9238.47 8744.61 3101.88 1895.45 1814.6 1402.71 1232.98 1015.01 819.913 753.451 1283.63 653.749 643.214 584.206 571.276 464.968 454.025 450.141 448.639 402.496 382.73 376.896 365.286 353.074 341.39 327.768 290.335 286.89 286.324
threshold=15.9887752532959 1.0000000180025095e-35 6.5985656678676614 0.69117647409439098 170.00141906738284 2.5366268157958989 -38.190369529021041 -0.013681760949999998 0.93042692542076122 -3.9870941221714022 -0.033103309549999994 12.029861450195314 263.50000000000006 13.94163751602173 1.8776789307594302 7.6948242187500009 -0.76345792499999987 0.36764706671237951 2.8965305089950566 -0.31765721499999994 -0.96871948242187489 241.50000000000003 0.30127990245819097 217.50000000000003 0.81382218003273021 0.41672818362712866 247.50000000000003 27.307104259729389 6.2876815795898446 0.055660221750000009
decision_type=2 2 2 2 2 2 2 2 2 8 2 2 2 2 2 2 2 2 2 2 2 2 2 2 2 2 2 2 2 2
left_child=2 5 3 7 14 20 19 13 -3 15 11 -8 -12 25 -4 -6 21 -7 -17 -5 -2 -13 -9 -16 -11 -1 -18 -10 -19 -22
right_child=1 8 4 6 9 17 10 22 27 24 12 16 -14 -15 23 18 26 28 -20 -21 29 -23 -24 -25 -26 -27 -28 -29 -30 -31
leaf_value=-0.016444797403775888 -0.019271260844646296 0.040327885902773045 0.0015617095786929756 -0.037662679140825911 -0.035839006425237088 0.048733205336967282 -0.038453242582529072 -0.034852237836226263 0.05948178272939058 -0.0097850104162670107 -0.04296352490330034 -0.010186627806052753 -0.014020206570678451 0.026530469481195806 0.03326856880656176 -0.021654904632376321 -0.01206388136616738 0.010839704801325912 0.00054954154574918159 -0.052064708675044681 0.016818867243156673 0.024285843434110176 -0.017182059078106406 0.011769316836290004 0.014802016359826918 -0.0013180987444272444 -0.031154825431468264 0.071229130043563779 0.033702587693765128 -0.0084335945057079104
leaf_weight=11095.235209539533 1646.4484826177359 3428.2080255150795 5098.8666547238827 8798.0433426946402 3170.9365427643061 3907.5405074357986 10221.237476557493 8885.6140403002501 6592.9452982246876 2444.0369247943163 14555.158984988928 2907.3412320613861 2254.3860697001219 1199.5545998215675 4239.5489852428436 4854.3278626352549 4759.1404029130936 1899.6169321686029 4307.297077357769 14098.169311985373 3645.1176541298628 1112.4192644804716 4574.5298572182655 3702.346090093255 3624.0601359009743 5618.9027946591377 4264.0476747304201 26855.333459064364 4952.1408245414495 1621.0726303607225
leaf_count=48390 6917 14608 21137 41838 13812 16061 47553 40910 28966 10239 69406 12656 10141 4856 17288 21174 21045 7615 17879 69399 14834 4759 20172 15079 14888 23825 18752 123618 19927 6649
internal_value=-6.38989e-05 0.0520147 -0.0226487 -0.0302593 0.00018789 0.0222887 -0.0366588 -0.0174142 0.066259 -0.0101469 -0.0310163 -0.0251864 -0.0390829 -0.00882134 0.01477 -0.0175499 -0.0147876 0.0351302 -0.0112167 -0.0465325 0.00229912 -0.000643128 -0.0288486 0.0232488 0.00489916 -0.0113599 -0.0210881 0.0689155 0.0273665 0.00904537
internal_weight=180334 54548.4 125785 94343.8 31441.4 17671.9 62969.9 31373.8 36876.5 18400.7 40073.7 23264.2 16809.5 17913.7 13040.8 12332.6 13042.9 10759.3 9161.62 22896.2 6912.64 4019.76 13460.1 7941.9 6068.1 16714.1 9023.19 33448.3 6851.76 5266.19
internal_count=804393 239195 565198 433702 131496 72003 295549 138153 167192 77992 184312 104765 79547 77071 53504 52865 57212 43603 39053 111237 28400 17415 61082 32367 25127 72215 39797 152584 27542 21483
is_linear=0
shrinkage=0.05


Tree=13
num_leaves=31
num_cat=0
split_feature=7 6 6 0 16 16 10 10 14 24 22 17 10 22 12 22 0 16 14 12 22 14 17 14 12 14 16 0 14 12
split_gain=72846.9 14175.4 4472.03 3558.99 2355.41 1493.01 1380.7 1343.31 1267.24 1262.35 947.113 879.774 746.894 634.376 631.994 538.869 532.737 503.848 464.27 402.305 385.856 382.829 391.172 361.611 359.131 353.046 329.944 325.47 303.716 301.279
threshold=1.0000000180025095e-35 1.5000000000000002 1.5000000000000002 6.3616042137146005 0.69117647409439098 0.51470589637756359 17.309886181354525 -3.673920798301697 224.50000000000003 2.5000000000000004 -0.013681760949999998 175.14204406738284 -5.5963176652789111 -0.17849789999999996 4.2275541795665648 0.030713726750000003 4.4786608219146737 0.42647059261798864 262.50000000000006 2.3668730650154806 -0.040968708699999988 191.50000000000003 188.31666564941409 253.50000000000003 1.3111455108359136 236.50000000000003 0.72058823704719555 1.1948816776275637 194.50000000000003 11.018575851393191
decision_type=2 2 2 2 2 2 10 8 2 8 2 2 8 2 2 2 2 2 2 2 2 2 2 2 2 2 2 2 2 2
left_child=1 3 6 5 10 14 16 15 13 29 17 -5 -13 21 -1 24 -2 -3 20 -12 -11 22 -6 -17 -7 -16 -26 -8 -14 -10
right_child=2 4 -4 11 8 7 27 -9 9 18 19 12 28 -15 25 23 -18 -19 -20 -21 -22 -23 -24 -25 26 -27 -28 -29 -30 -31
leaf_value=0.036366085163784381 0.033294886092574409 0.012949484273884522 -0.0070371608254155039 0.042053896471329462 -0.028248243167002036 0.012137705483975785 0.049705946011088187 0.0062574450445804109 -0.0040088982517935369 -0.027460403048579853 -0.0040208771281900367 -0.00011402816605860685 0.012060295213314247 -0.048742965526812142 0.012151291775125986 -0.032854895736028157 0.055421589464583421 -0.013779762306291821 -0.017273216976523419 -0.032450089060866966 -0.044247522730869342 -0.024970185701130087 -0.046613863623978763 -0.0059721572004172606 -0.004689146835180449 -0.033998779562317394 -0.022090793879686793 0.068121673014821679 0.033402390272772774 0.05596777719722841
leaf_weight=2623.2669338732958 4855.2026641815901 2022.0290121287107 2587.0442851036787 4242.684836268425 4415.4010660648346 1494.9964299350977 2651.3630727380514 8585.9724039882421 3610.7790831327438 6345.2322182357311 1413.204265370965 4644.4005335718393 2628.1358497589827 17395.523696184158 1503.1884705871344 6334.1028177291155 6206.0973246097565 13727.662251368165 4051.7638703882694 10437.022047191858 7452.7895560413599 5930.6394123136997 8480.2984639257193 1559.3510375022888 5101.6077190637589 570.99046842753887 5845.2915703058243 26647.008932799101 4564.9366822391748 221.26988320052624
leaf_count=10637 20382 8281 10556 17493 20575 6307 11543 35587 15604 28912 6268 19131 10562 87274 6095 27911 27821 60022 18292 48496 36300 27603 41332 6646 21416 2330 25756 125239 18447 937
internal_value=-4.08503e-05 -0.0180609 0.0566882 0.00317459 -0.030404 -0.00607911 0.060773 -0.0103257 -0.0361335 -0.0265706 -0.0183828 0.0225205 0.0155165 -0.0418568 0.0200631 -0.0173274 0.0457133 -0.0103475 -0.0321603 -0.0290604 -0.0365303 -0.0354918 -0.0403283 -0.0275456 -0.010843 -0.000563395 -0.0139822 0.0664569 0.0256074 -0.000532032
internal_weight=178149 135203 42946.7 49698.9 85503.6 33618.8 40359.7 28921.3 57903.7 21681.8 27599.9 16080.2 11837.5 36221.9 4697.45 20335.3 11061.3 15749.7 17849.8 11850.2 13798 18826.3 12895.7 7893.45 12441.9 2074.18 10946.9 29298.4 7193.07 3832.05
internal_count=803755 608214 195541 208318 399896 142685 184985 123623 276829 100045 123067 65633 48140 176784 19062 88036 48203 68303 83504 54764 65212 89510 61907 34557 53479 8425 47172 136782 29009 16541
is_linear=0
shrinkage=0.05


Tree=14
num_leaves=31
num_cat=0
split_feature=9 0 0 19 13 19 20 22 0 12 14 12 12 14 12 12 12 16 20 16 12 17 13 0 22 24 12 11 17 22
split_gain=66472.4 13137.2 3871.56 3065.15 2186.76 1834.67 1476.3 1967.73 1358.16 1329.22 775.775 684.915 617.685 547.738 541.634 539.895 529.98 488.863 486.392 472.853 460.724 427.177 408.661 360.039 336.909 332.721 302.224 298.636 297.7 288.685
threshold=1.0000000180025095e-35 1.9927217960357668 2.4865337610244755 0.36764706671237951 -41.19255329425166 0.33823530375957495 12.507575988769533 -0.033103309549999994 7.1740832328796396 3.1563467492260067 262.50000000000006 3.2120743034055734 2.6300309597523226 206.50000000000003 1.6160990712074306 3.0510835913312699 1.8157894736842108 0.39705882966518408 7.2383346557617196 0.1911764740943909 1.3111455108359136 173.88985443115237 -31.662249741205027 0.19415935873985293 -0.0062803106849999993 3.5000000000000004 2.3668730650154806 78.93579828544253 163.60294342041018 0.075349397950000022
decision_type=2 2 2 2 2 2 2 2 2 2 2 2 2 2 2 2 2 2 2 2 2 2 2 2 2 8 2 2 2 2
left_child=2 3 23 9 16 11 14 12 20 17 15 -3 -8 28 -6 -9 27 -2 -10 -11 -7 -4 -22 -1 -21 -14 -20 -5 -13 -28
right_child=1 5 21 4 6 8 7 10 18 19 -12 13 25 -15 -16 -17 -18 -19 26 24 22 -23 -24 -25 -26 -27 29 -29 -30 -31
leaf_value=0.015213168105371898 0.040293165049174108 0.03988062165863223 0.067219254499804509 -0.010804905998357922 -0.015990547049561307 0.012869902393316208 0.0063296071423430732 -0.015191387281553868 -0.0016151439465427434 0.0265272680664435 -0.012615320519211631 0.052944113982015095 -0.0064956120021571438 -0.0013408850228334469 -0.04054681106068108 -0.042985018254152553 -0.046832692542797184 0.0026883745388605958 0.03366318775579373 -0.013255806291490575 -0.022669668123901116 0.055481054359516294 -0.0040489851157579602 0.035179062082131701 -0.029310849900010174 -0.021352403440958605 0.023428240274737409 -0.041493263941165898 0.015780659153355404 -0.0043239051101812516
leaf_weight=4239.3047485202551 1004.8886023163795 5181.9336379617453 20374.972508817911 1727.0729788392782 2615.4811742156744 2209.7350506931543 4848.7214392572641 2091.7390144467354 2906.1762864291668 556.16503940522671 3774.9390629976988 973.06743068993092 7285.4669019877911 2689.1587547212839 15952.496701925993 10653.712384134531 20256.319289699197 6139.1045045554638 3339.3670694828033 7242.6156249344349 5122.6229593008757 12582.646017819643 6935.7499648928642 4836.4466650485992 5957.4366862177849 7808.3531759232283 2576.480961561203 1465.895846888423 1208.9340186268091 1471.9273615777493
leaf_count=17905 4052 21350 98202 8082 11786 9286 20763 9606 11801 2266 17153 4013 31707 11062 77231 52242 102068 26126 13568 31163 22870 58617 29475 20693 27227 35000 10462 6957 4965 5997
internal_value=-8.15727e-05 -0.0172904 0.0547765 -0.0265301 -0.0310615 0.00923671 -0.0256125 -0.0197675 0.00187205 -0.00951377 -0.0325287 0.0272283 -0.00919504 0.0137634 -0.0370889 -0.0384252 -0.0438478 0.00798284 0.0157134 -0.0186002 -0.00811443 0.0627396 -0.0119606 0.0258556 -0.0205034 -0.0141823 0.0225294 -0.0249025 0.0323704 0.0133395
internal_weight=176029 133996 42033.4 99380.4 78480.2 34615.2 55030.9 36462.9 24562.1 20900.2 16520.4 10053.1 19942.5 4871.16 18568 12745.5 23449.3 7143.99 10294 13756.2 14268.1 32957.6 12058.4 9075.75 13200.1 15093.8 7387.78 3192.97 2182 4048.41
internal_count=803695 608278 195417 463429 372595 144849 255488 166471 103459 90834 79001 41390 87470 20040 89017 61848 117107 30178 41828 60656 61631 156819 52345 38598 58390 66707 30027 15039 8978 16459
is_linear=0
shrinkage=0.05


Tree=15
num_leaves=31
num_cat=0
split_feature=1 7 1 16 6 16 22 6 22 20 14 17 12 24 12 10 16 1 20 12 14 16 15 14 17 12 20 11 14 6
split_gain=67062.6 7504.69 7044.46 2779.64 1631.42 1390.59 1294.77 1263.29 1008.06 1014.54 800.838 634.495 632.952 530.008 417.83 395.545 377.833 377.801 367.203 362.658 355.537 338.89 318.079 338.336 309.161 303.869 308.504 325.058 282.965 273.142
threshold=16.255827829241756 1.0000000180025095e-35 6.9850566089153299 0.72058823704719555 1.5000000000000002 0.72058823704719555 0.030713726750000003 1.0000000180025095e-35 -0.15288999499999997 8.1695404052734393 251.50000000000003 163.29412078857425 2.4318885448916414 2.5000000000000004 2.1687306501547994 -2.5987070947885544 0.30882354080677038 25.457864448428158 -3.4393386840820308 2.6517027863777094 237.50000000000003 0.51470589637756359 19.744426727294925 263.50000000000006 173.88985443115237 7.7383900928792579 7.6948242187500009 71.033626906423862 240.50000000000003 1.0000000180025095e-35
decision_type=2 2 2 2 2 2 2 2 2 2 2 2 2 8 2 8 2 2 2 2 2 2 2 2 2 2 2 2 2 2
left_child=2 7 3 6 17 12 11 24 9 -5 -10 20 21 -11 -8 -7 28 -3 -9 -20 -1 -4 23 -16 -2 26 -13 -28 -14 -18
right_child=1 4 5 8 -6 15 14 18 10 13 -12 25 16 -15 22 -17 29 -19 19 -21 -22 -23 -24 -25 -26 -27 27 -29 -30 -31
leaf_value=0.026031887336080847 0.04590070699491245 0.052026325541311313 0.043243077805170449 -0.038950284746484355 -0.0088117488117006298 -0.01781545884742353 -0.0052267829782586947 -0.018275782763699764 -0.045853725831801397 -0.0083177103948347108 -0.023684399431648104 -0.023243031417496174 0.033448004530004925 -0.026964874187085531 -0.035065643435962524 0.0017611744115978223 0.0065712666320362299 0.065939385056798777 0.022251989309100346 -0.0042430205852969369 -0.0075632882162242595 0.016138919047161509 0.028832348161326883 -0.014703251689026029 0.026625925757848379 -0.028374046930164206 -0.0041769022380261974 -0.027758748438400361 -0.036185668332573084 -0.01057555334717861
leaf_weight=1795.2123763114214 2878.1570849120617 5976.3345610797405 1474.4903789311647 11530.738843783736 800.03879073262215 8528.0537295341492 1829.4472997933626 1440.3758952319622 20580.997894257307 6382.9057189971209 5083.2550743073225 3649.364283144474 1337.2151347696781 9459.3160289376974 11728.198098763824 3699.1510989516973 5156.2870014458895 27188.205304846168 2847.3619619607925 2362.5193962007761 1401.7766194492579 5293.6324842870235 220.97372652590275 2472.021379545331 7533.6674675941467 2669.4179229289293 12484.377156257629 1654.13707049191 162.91810168325901 4224.3994926214218
leaf_count=7338 12198 27414 6060 57101 3223 37344 8147 6152 106088 28729 24205 16508 5493 44491 56310 15478 21194 134846 11593 9732 5871 21932 920 11368 30457 11899 54669 7579 663 17888
internal_value=-3.75201e-05 0.0481414 -0.0200544 -0.0268435 0.0617319 0.0010662 -0.0168742 0.0210855 -0.0343439 -0.0276672 -0.0414638 -0.00940854 0.0100447 -0.0194528 -0.02774 -0.0118932 0.00257614 0.0634339 0.00406103 0.0102388 0.0113037 0.0220493 -0.0305954 -0.0315222 0.031958 -0.0126458 -0.010284 -0.00693763 0.0258666 -0.00115076
internal_weight=173845 51026.7 122818 92942.1 33964.6 29876.1 39904.9 17062.1 53037.2 27373 25664.3 23654.3 17648.9 15842.2 16250.6 12227.2 10880.8 33164.5 6650.26 5209.88 3196.99 6768.12 14421.2 14200.2 10411.8 20457.3 17787.9 14138.5 1500.13 9380.69
internal_count=802890 235615 567275 441223 165483 126052 180609 70132 260614 130321 130293 103864 73230 73220 76745 52822 45238 162260 27477 21325 13209 27992 68598 67678 42655 90655 78756 62248 6156 39082
is_linear=0
shrinkage=0.05


Tree=16
num_leaves=31
num_cat=0
split_feature=1 0 0 10 13 1 22 20 6 15 14 10 8 10 15 18 18 13 18 18 18 23 15 15 16 22 22 14 14 23
split_gain=61442.6 6822.45 4685.23 2271.17 2168.98 1810.03 1371.79 1623.69 1281.28 945.576 732.016 637.887 633.288 545.461 521.878 445.941 424.423 417.202 402.477 385.262 357.187 326.515 323.915 322.686 309.729 275.977 262.45 254.581 237.811 240.652
threshold=16.255827829241756 0.90567889809608471 1.8391377925872805 7.8255080640316015 -47.317890566453649 9.0902608036994952 -0.0062803106849999993 -0.44994354248046869 1.5000000000000002 4.9859051704406747 262.50000000000006 12.163085103034975 1.0000000180025095e-35 1.2400485500693306 3.3613497018814091 173.1534118652344 169.10294342041018 -43.535206903971655 177.26871490478518 172.74019622802737 169.52228546142581 0.55684298000000021 11.026379108428957 19.744426727294925 0.60294118523597728 0.26599726000000007 0.055660221750000009 172.50000000000003 267.50000000000006 0.47509000000000007
decision_type=2 2 2 10 2 2 2 2 2 2 2 10 2 8 2 2 2 2 2 2 2 2 2 2 2 2 2 2 2 2
left_child=1 4 8 16 20 9 7 18 11 17 15 -2 -5 19 -9 27 -4 -3 -6 -7 -1 25 -11 -16 -14 -12 -19 -8 29 -27
right_child=2 5 3 12 6 13 10 14 -10 22 21 -13 24 -15 23 -17 -18 26 -20 -21 -22 -23 -24 -25 -26 28 -28 -29 -30 -31
leaf_value=-0.022671206535007128 0.012085257515736976 -0.02869745732589863 0.044659073599509595 0.017841788743582273 -0.024028993827423795 0.014913334593702475 -0.011018199038089154 -0.018755434112674607 -0.012460420082387354 0.00018888851965659554 -0.0080137925272745544 0.041188912946888305 0.066119878597733106 0.028731407934652155 -0.0068203881949295726 -0.041798545731699686 0.024130911777287732 -0.0060831877582708839 -0.044486516057598902 -0.0044191063561755698 -0.045827106117932621 -0.020381256377777001 0.027670924762791305 0.032366986205857255 0.055232283830035582 0.12670959325249592 -0.021517661464719218 -0.03156169098984931 0.00070546491445155045 0.0063162045145917778
leaf_weight=1875.929560944438 3641.8858821839094 4947.3010616004467 4723.1821657270193 822.84475387632847 4449.4399053454399 5922.2079495191574 1882.835074275732 13689.531889393926 2801.0946893692017 5526.9840563088655 564.39669696986675 3899.3041819632053 18950.0099144876 3745.2621137946844 15767.874997660518 12797.205242469907 5402.8275281637907 7896.8170902431011 5242.0295629799366 4561.1250897794962 15053.801269188523 3845.2993240058422 1329.257883220911 542.45010934770107 10043.593897402287 123.71815671026707 4229.3677093833685 7604.2780348807573 141.54688063263893 62.375412136316299
leaf_count=8744 15154 23815 20734 3343 20813 24257 8807 62837 11684 23606 2575 17434 97067 15775 69029 65787 22561 34648 26368 19122 78651 17753 5414 2194 48612 567 19470 36577 648 284
internal_value=-9.00489e-05 -0.0192867 0.046408 0.0541741 -0.0272793 -0.00176659 -0.0232226 -0.017306 0.0164125 -0.0101636 -0.0319124 0.0271373 0.0611227 0.0123552 -0.0115574 -0.0357068 0.0337095 -0.0164617 -0.0350977 0.00650249 -0.0432628 -0.0140597 0.00552024 -0.00551519 0.0623504 0.013183 -0.0114678 -0.0274862 0.04961 0.0866052
internal_weight=172086 121801 50284.7 39942.5 83642.7 38158.3 66713 39691.3 10342.3 23929.7 27021.7 7541.19 29816.4 14228.6 29999.9 22284.3 10126 17073.5 9691.47 10483.3 16929.7 4737.34 6856.24 16310.3 28993.6 892.037 12126.2 9487.11 327.64 186.094
internal_count=804330 567741 236589 192317 401634 166107 314239 181241 44272 106953 132998 32588 149022 59154 134060 111171 43295 77933 47181 43379 87395 21827 29020 71223 145679 4074 54118 45384 1499 851
is_linear=0
shrinkage=0.05


Tree=17
num_leaves=31
num_cat=0
split_feature=1 9 0 13 18 12 0 22 14 0 12 14 18 13 5 18 14 18 12 23 23 11 18 21 12 14 14 14 24 9
split_gain=56844 7508.06 5962.39 2262.19 1478.34 1454.39 1246.01 1087.44 1028.25 985.635 925.771 706.468 703.845 654.388 631.879 456.312 426.541 648.605 421.27 637.02 470.694 568.177 404.385 382.205 629.111 370.139 339.097 624.707 324.496 312.211
threshold=15.719405412673952 1.0000000180025095e-35 1.1360113024711611 -44.030353859920432 172.74019622802737 2.1965944272445825 1.0037087798118594 -0.013681760949999998 184.50000000000003 2.4865337610244755 3.2120743034055734 263.50000000000006 170.69117736816409 -34.223689303690151 6.5000000000000009 169.52228546142581 230.50000000000003 161.1470642089844 6.8452012383900938 1.8392467500000003 1.1008879500000004 40.385965296750662 172.2738952636719 0.50852495500000006 10.439628482972138 183.50000000000003 247.50000000000003 268.50000000000006 2.5000000000000004 8.5000000000000018
decision_type=2 2 2 2 2 2 2 2 2 2 2 2 2 2 2 2 2 2 2 2 2 2 2 2 2 2 2 2 8 2
left_child=2 9 3 15 10 14 -3 8 12 -2 -4 29 -7 -6 -5 -1 17 -12 20 -20 26 -22 -8 -13 -25 -15 -10 -28 -27 -9
right_child=1 6 4 5 13 7 22 11 18 -11 16 23 -14 25 -16 -17 -18 -19 19 -21 21 -23 -24 24 -26 28 27 -29 -30 -31
leaf_value=-0.020498070123737635 0.038449435769359885 -0.0017602774594514205 0.020446057812642481 -0.014880729330910798 -0.024350328174052555 -0.012861006432522302 0.036156811108713487 -0.026868256258069646 -0.0074503867230109669 0.062387312775387782 0.033161456132242112 -0.00011849278230400961 -0.041482079448640602 -0.019725100230566988 0.010040165368648941 -0.043523640764870718 -0.017462922142609791 -0.003985209040260426 -0.02829217531992851 0.034850247322146359 0.0099363059041526983 -0.021147101982148142 0.018119731087529622 -0.039906025604761974 0.077718503828100333 0.021298043881693433 -0.037458277739776578 0.015565947233355838 -0.0038839142020275692 -0.040686796234535041
leaf_weight=2458.4395806193352 5101.0594047605991 5389.5484372377396 8648.113676443696 5964.5781088769436 6549.6592882424593 3203.70380602777 6137.0492920875549 5803.8101181089878 4805.3978798985481 27603.580814376473 1561.7259311228991 2277.5909422636032 6525.3820776045322 2688.9287320077419 4433.3377501964569 17396.315700381994 3084.1217731535435 4737.0167322456837 5573.2776968181133 429.43575744330883 5202.0491602569818 2048.1844588965178 6301.8696268796921 1577.5105787962675 121.58133769035339 1673.1352208256721 2994.0787004828453 681.36739701032639 5423.3515532612801 13896.713877528906
leaf_count=11508 23157 22367 36319 27445 30553 14341 25756 28176 21834 144613 6426 10509 33307 11940 19229 92592 13090 20522 25391 1890 22606 9146 25598 7371 561 7040 13482 3014 23481 72249
internal_value=-4.55529e-05 0.0444254 -0.0188106 -0.025888 -0.00122432 -0.0214082 0.0183208 -0.0246426 -0.0185503 0.0586549 0.00864605 -0.032737 -0.0320597 -0.0121193 -0.00425532 -0.0406738 -0.00223095 0.00522883 -0.0125017 -0.0237699 -0.00820067 0.00115357 0.027021 -0.0135092 -0.0314484 -0.00393106 -0.0161968 -0.0276269 0.00205539 -0.0366174
internal_weight=170292 50533.1 119759 85392.8 34366.1 65538 17828.5 55140.1 31462.9 32704.6 18031 23677.2 9729.09 16335.1 10397.9 19854.8 9382.86 6298.74 21733.8 6002.71 15731.1 7250.23 12438.9 3976.68 1699.09 9785.42 8480.84 3675.45 7096.49 19700.5
internal_count=805513 241491 564022 414651 149371 310551 73721 263877 145011 167770 76357 118866 47648 73014 46674 104100 40038 26948 97363 27281 70082 31752 51354 18441 7932 42461 38330 16496 30521 100425
is_linear=0
shrinkage=0.05


Tree=18
num_leaves=31
num_cat=0
split_feature=9 6 6 0 19 14 0 12 12 18 2 21 15 12 16 18 23 18 12 18 14 16 12 14 14 15 17 12 12 14
split_gain=49379.4 9891.24 3717.31 2154.31 2087.67 1435.38 1075.18 1027.02 937.271 860.216 755.238 525.807 493.661 485.889 447.497 382.899 379.445 368.138 318.353 311.748 303.763 297.736 280.792 280.162 278.011 273.756 259.445 259.055 261.076 256.433
threshold=1.0000000180025095e-35 1.5000000000000002 1.5000000000000002 5.5370237827301034 0.51470589637756359 225.50000000000003 6.0228779315948495 2.3018575851393193 2.6517027863777094 175.53743743896487 25.540163844823841 0.51909596000000013 4.9859051704406747 6.6269349845201253 0.48529411852359777 163.92513275146487 1.2471615 180.07963562011722 10.439628482972138 176.29261016845706 198.50000000000003 0.51470589637756359 3.0510835913312699 249.50000000000003 239.50000000000003 11.53325414657593 177.64930725097659 12.851393188854491 7.7383900928792579 226.50000000000003
decision_type=2 2 2 2 2 2 2 2 2 2 2 2 2 2 2 2 2 2 2 2 2 2 2 2 2 2 2 2 2 2
left_child=2 3 6 8 7 17 -1 21 9 25 19 16 -10 14 -9 -12 27 22 -13 -5 -14 -3 -6 -20 -18 -2 -8 28 -7 -11
right_child=1 4 -4 10 5 11 26 13 12 29 15 18 20 -15 -16 -17 24 -19 23 -21 -22 -23 -24 -25 -26 -27 -28 -29 -30 -31
leaf_value=0.041844015037858354 0.01284968412926493 0.031271021893414262 -0.0079401936583208405 0.014403259447458593 -0.022380086385895687 -0.018551934637398845 0.063416937286162198 0.0064860630414987144 -0.018900439197456622 -0.016419663278540393 0.044831932321239776 -0.035908135746293694 0.01759728901446839 -0.029666744476598478 -0.017896986925310103 0.021030360082458316 -0.018258728506159273 -0.044522983055912096 -0.056470383079335065 -0.0044046646264644515 -0.0083190602699070738 -0.00073528730866359278 -0.037672345219707644 0.076133127729617833 0.0083077595040974145 0.047210389083074095 0.051770820037729204 0.066995165978950152 -0.041306662135048799 0.0046890685009791924
leaf_weight=12260.292555645108 7112.1432242691517 868.20153701305389 2609.6894682198763 5378.1494839191437 4178.3726933896542 7802.9659826904535 16889.358550623059 2131.9779256731272 11424.462204858661 4177.0000495314598 2291.2252423614264 5724.9202981293201 1615.9188117980957 8252.1855777204037 16000.471564814448 6446.4537045061588 1723.9537020027637 14821.981298074126 58.916988551616669 3731.0702847838402 3758.5730065107346 4428.9049592018127 10713.010853841901 118.34784339368343 2294.0048944801092 630.34516441822052 6721.7834019064903 81.121153190732002 1503.7580194324255 2193.8973083794117
leaf_count=57551 29897 3551 10690 22110 21327 37623 92265 8990 51125 18696 9987 28562 6704 39563 76056 26438 8076 80133 314 15502 15720 20040 56789 566 10717 2619 35076 375 7411 9305
internal_value=-5.54679e-05 -0.0148368 0.0496727 0.00294349 -0.0255793 -0.0320443 0.0538642 -0.0155752 -0.00504218 0.00445633 0.0167749 -0.0214287 -0.013022 -0.0196087 -0.0150299 0.0272761 -0.0159518 -0.0389414 -0.0338638 0.00670003 -0.00052511 0.00451549 -0.0333833 0.0319905 -0.00309262 0.0156529 0.0601038 -0.0214546 -0.0222326 -0.00915102
internal_weight=167943 129462 38481.1 48759.2 80703.1 49021.4 35871.4 31681.7 30912.3 14113.4 17846.9 19308 16799 26384.6 18132.4 8737.68 13405.8 29713.4 5902.19 9109.22 5374.49 5297.11 14891.4 177.265 4017.96 7742.49 23611.1 9387.85 9306.72 6370.9
internal_count=803778 608196 195582 208103 400093 251893 184892 148200 134066 60517 74037 93644 73549 124609 85046 36425 64202 158249 29442 37612 22424 23591 78116 880 18793 32516 127341 45409 45034 28001
is_linear=0
shrinkage=0.05


Tree=19
num_leaves=31
num_cat=0
split_feature=7 6 6 10 19 16 10 20 12 24 20 13 12 20 24 12 11 6 24 20 20 12 12 20 12 20 20 20 24 20
split_gain=45151.6 9050.86 3582.39 2075.4 2024.02 1531.09 1428.06 1246.37 842.618 785.632 712.424 624.916 624.602 494.222 460.899 443.349 480.098 436.885 413.828 411.437 402.766 382.756 363.811 348.608 338.899 337.801 326.719 289.964 282.499 287.779
threshold=1.0000000180025095e-35 1.5000000000000002 1.5000000000000002 -3.9870941221714022 0.48529411852359777 0.45588235557079321 19.867960040271281 42.833152770996101 2.1965944272445825 2.5000000000000004 -6.0307769775390616 -55.081675560147303 2.4040247678018578 -1.9687194824218748 3.5000000000000004 6.6269349845201253 49.240419371982021 1.0000000180025095e-35 4.5000000000000009 5.8208541870117196 82.209007263183608 4.2058823529411766 1.9922600619195048 -6.5469207763671866 1.9922600619195048 -6.0307769775390616 79.772979736328139 -1.9687194824218748 4.5000000000000009 78.265686035156264
decision_type=2 2 2 8 2 2 10 2 2 8 2 2 2 2 8 2 2 2 8 2 2 2 2 2 2 2 2 2 8 2
left_child=1 3 6 5 8 21 17 14 25 -9 -5 -7 13 -13 19 16 23 -2 27 -6 -11 -1 -12 -10 -16 -3 -23 -14 -25 -30
right_child=2 4 -4 10 7 11 -8 9 15 20 22 12 18 -15 24 -17 -18 -19 -20 -21 -22 26 -24 28 -26 -27 -28 -29 29 -31
leaf_value=0.037110840259392971 0.043628247946552332 -0.020887447619222163 -0.0088734461047061518 -0.0002195976213835866 -0.037652597047646341 -0.027692610825540778 0.05929522300923467 -0.00042507689310019149 -0.033477563784040369 -0.029993094347692491 0.031770749262133462 -0.02076630414483693 -0.025465260990041719 0.01307936485761552 -0.024087587782892845 -0.027684581149004607 -0.027603787829798627 0.021364916177194805 -0.017360558298571097 -0.016704328966635911 -0.012562619276439636 0.019032572019205628 0.01501986434469651 0.004758226826002185 -0.043766835725923638 0.013023219786650676 -0.028347572326957723 0.0053506312383900653 -0.002584361164556338 -0.023059224138892408
leaf_weight=2261.74850012362 8212.4851769804955 924.02672415971756 2563.8840205520391 4751.1283164322376 5065.0135861337185 3982.4404001682997 23770.458527415991 3730.8337843418121 1219.3146395981312 13349.036448821425 5774.2175766825676 1341.7081453800201 927.98519164323807 5483.1544354557991 2499.5063934475183 7464.1452300399542 4218.9929326325655 3015.8616930097342 10574.785908252001 4367.4505250602961 4411.4477526843548 1379.3881556391716 7396.5616354048252 4286.8262703567743 17774.763617277145 3563.278827637434 493.11674566566944 4280.9482133537531 3918.9384584277868 3052.5835919231176
leaf_count=9514 41084 4356 10512 20047 27154 18454 130797 16477 6095 68048 23961 5868 4217 23064 12959 36055 20733 13059 46420 21240 20998 5692 30639 18786 99517 15499 2036 18225 18529 14185
internal_value=-4.74439e-05 -0.0141442 0.0481734 0.00285673 -0.0245021 -0.00503072 0.0523525 -0.030457 -0.0138592 -0.0212833 0.0163785 -0.00943189 -0.00621423 0.00642354 -0.0370927 -0.0175546 -0.0130247 0.0376509 -0.0116788 -0.0279559 -0.0256646 0.0232725 0.0223655 -0.00809338 -0.041342 0.00603723 0.00654673 -0.000143135 -0.00534146 -0.0115516
internal_weight=166056 128493 37562.7 48647.2 79846.2 30725.3 34998.8 51198.1 28648.1 21491.3 17921.9 26591 22608.6 6824.86 29706.7 24160.8 16696.7 11228.3 15783.7 9432.46 17760.5 4134.25 13170.8 12477.7 20274.3 4487.31 1872.5 5208.93 11258.3 6971.52
internal_count=804220 608768 195452 208137 400631 133490 184940 266393 134238 105523 74647 116248 97794 28932 160870 114383 78328 54143 68862 48394 89046 17242 54600 57595 112476 19855 7728 22442 51500 32714
is_linear=0
shrinkage=0.05


Tree=20
num_leaves=31
num_cat=0
split_feature=1 7 1 19 13 6 18 12 0 14 22 12 12 22 14 14 22 12 14 1 19 18 18 12 21 22 21 14 14 12
split_gain=45292.8 6117.53 5123.76 2164.85 1343.76 1312.69 1059.54 936.49 934.185 828.464 673.729 588.357 570.78 496.656 465.937 443.137 449.348 418.712 413.732 391.441 378.792 371.764 354.368 351.969 396.159 318.352 298.6 294.302 384.588 280.799
threshold=16.791589200496677 1.0000000180025095e-35 6.9850566089153299 0.48529411852359777 -41.654936913147147 1.5000000000000002 171.66728210449222 3.1656346749226012 0.74781820178031932 224.50000000000003 0.33798368000000006 11.018575851393191 3.2120743034055734 -0.32743333499999999 250.50000000000003 183.50000000000003 -0.17849789999999996 1.2863777089783284 219.50000000000003 26.830171108245853 0.39705882966518408 156.69117736816409 163.92513275146487 7.578947368421054 -0.70725798499999992 -0.17849789999999996 0.22946334500000004 268.50000000000006 247.50000000000003 4.5681114551083608
decision_type=2 2 2 2 2 2 2 2 2 2 2 2 2 2 2 2 2 2 2 2 2 2 2 2 2 2 2 2 2 2
left_child=2 8 3 7 25 19 12 21 -2 17 11 23 -4 -9 -12 -8 -17 -6 22 -3 -10 -1 -14 24 -11 -5 29 28 -26 -16
right_child=1 5 6 4 9 -7 15 13 20 10 14 -13 18 -15 26 16 -18 -19 -20 -21 -22 -23 -24 -25 27 -27 -28 -29 -30 -31
leaf_value=0.034986999101083022 -0.0016170912647479883 0.046123194331652018 0.020786767676085286 -0.032337413964999888 -0.0033176150617082478 -0.0095435737012728901 -0.022907335052117846 -0.0090481140725774834 0.036648746354404398 0.01084350491331006 -0.048240008235685708 0.053313629642942666 0.02903191863966334 -0.024284572277020983 0.03393756339656722 0.0063246031557762086 -0.012872281777545022 -0.032256620825425159 -0.012440694393369575 0.06059273789246921 0.017983701902840887 -0.0024143525725746451 -0.00099718454943676662 -0.031238538881037822 -0.0039279268237803174 -0.045869815136658984 -0.033568934617512695 0.012296572589403448 -0.026853451027066391 -0.014837383333264207
leaf_weight=712.38786490261555 4559.898290336132 5908.2335629314184 7393.1992997080088 7819.9138425737619 1341.5943201184273 746.4450863301754 3655.996307566762 9059.377659663558 4402.2871623039246 2282.1042228341103 2172.8610231727362 363.66159392893314 1698.060955747962 13062.259544819593 389.17575876414776 6232.4646277874708 5964.8042578995228 18343.137059375644 3186.651981562376 22728.391667202115 7114.3578357249498 9675.2295269221067 2329.1986525803804 1850.9680725932121 3427.7855762690306 9824.9826771765947 1585.9517910331488 1035.5737145245075 3922.9476426541805 1209.790100350976
leaf_count=2904 19015 30292 31021 42209 6268 3010 16349 40933 19003 10104 11800 1616 7120 64164 1856 26718 26226 96920 13384 131108 29115 43477 9907 8966 16018 57001 7948 4657 18483 6073
internal_value=-9.45347e-05 0.0423359 -0.0163666 -0.0224797 -0.0284752 0.0559029 0.00131008 -0.0122305 0.0175375 -0.0231707 -0.0154924 -0.00929427 0.0110246 -0.0180455 -0.0303918 -0.00764093 -0.00306349 -0.0302846 0.00101827 0.0576091 0.0251211 0.000153771 0.0116684 -0.011117 -0.00762333 -0.0398747 -0.0182037 -0.0126493 -0.0161648 -0.00295215
internal_weight=164000 45459.6 118540 88079.7 55570.4 29383.1 30460.4 32509.3 16076.5 37925.6 18240.8 12883 14607.1 22121.6 5357.78 15853.3 12197.3 19684.7 7213.91 28636.6 11516.6 10387.6 4027.26 12519.4 10668.4 17644.9 3184.92 8386.31 7350.73 1598.97
internal_count=803665 231543 572122 441397 289919 164410 130725 151478 67133 190709 87521 59844 61432 105097 27677 69293 52944 103188 30411 161400 48118 46381 17027 58228 49262 99210 15877 39158 34501 7929
is_linear=0
shrinkage=0.05


Tree=21
num_leaves=31
num_cat=0
split_feature=1 9 0 22 20 16 14 0 19 0 10 19 1 18 18 17 9 11 11 14 14 22 25 14 20 10 5 11 14 11
split_gain=41149.1 5447.1 5306.07 1747.07 1437.27 1427.84 1138.93 856.439 827.091 767.435 756.936 489.175 468.137 364.452 362.97 361.702 352.174 341.241 332.779 300.977 275.723 265.379 264.658 253.071 232.962 233.81 250.468 221.029 220.428 213.246
threshold=17.660273194313053 1.0000000180025095e-35 0.90567889809608471 -0.17849789999999996 1.0000000180025095e-35 0.66176471114158641 263.50000000000006 2.4865337610244755 0.51470589637756359 0.22810353338718417 -8.3915332913398721 0.48529411852359777 10.381654500961305 161.1470642089844 177.9696960449219 158.54411315917972 9.5000000000000018 71.033626906423862 48.929337142444808 250.50000000000003 190.50000000000003 0.48771763000000007 25.014834511280064 248.50000000000003 7.2383346557617196 73.919373494386676 1.5000000000000002 5.7738242810447895 217.50000000000003 33.565862104112156
decision_type=2 2 2 2 2 2 2 2 2 2 8 2 2 2 2 2 2 2 2 2 2 2 2 2 2 8 2 2 2 2
left_child=2 7 3 4 14 12 8 -2 16 -3 18 22 15 -11 -1 -4 -5 20 -7 -10 -13 27 -6 -24 25 -15 -27 -8 -14 -23
right_child=1 9 5 6 11 10 21 -9 19 13 -12 17 28 24 -16 -17 -18 -19 -20 -21 -22 29 23 -25 -26 26 -28 -29 -30 -31
leaf_value=-0.021247801050634871 0.034540552937674586 -0.0030783458556195124 0.030358883487872364 -0.014773069222042282 -0.0094319032320464291 -0.0088710692533400907 0.082544622453697827 0.058909298034273805 -0.041559992999778347 0.042755004351334086 0.0036221375907722823 -0.027565171317963974 0.030482613405395195 -0.0028349888308900747 -0.04042181111301079 0.0010305715742873914 -0.031293293292704354 -0.03239285578303161 -0.024479817555085766 -0.024122457758353286 -0.0094459038176721525 -0.012017918066530197 0.011753027926332248 -0.01077421643301054 0.024531618972863191 -0.0063876650947678878 0.053795523243681524 0.0001373785215798099 0.012119967808440404 -0.048487900535830131
leaf_weight=4566.3255844265223 4259.4499259144068 3422.3608933389187 1186.7729460448027 6342.4821296334267 5956.1464390158653 8304.7066414058208 82.896822035312653 23673.270732760429 18457.74876447022 2095.8143940120935 8463.7741326987743 2480.0004925727844 3338.2647239714861 1815.2863163650036 5382.3651256412268 9148.778911575675 6571.4790802299976 2411.1015066504478 5800.6210632771254 2863.4460473656654 13675.286418169737 1736.0931463092566 4394.4037261158228 1739.450028449297 6747.078577786684 280.52578704059124 448.70777913928032 2700.4688770771027 3205.1739830523729 520.57929606735706
leaf_count=22394 20751 14290 4910 30177 26853 38257 370 140847 105648 9430 36533 13135 14274 7414 29741 39082 34108 12784 28629 14975 64404 8347 19192 7587 27952 1146 1828 12562 13566 2506
internal_value=0.000102699 0.042198 -0.0149757 -0.022385 -0.015112 2.77486e-05 -0.0299036 0.0551947 -0.0331705 0.0176829 -0.00819857 -0.00975259 0.0110271 0.0239222 -0.0316242 0.00440079 -0.0231814 -0.0148491 -0.0152912 -0.0392194 -0.0122289 -0.00771075 -0.00192539 0.00536399 0.0196701 0.00677458 0.0306669 0.00262047 0.0214913 -0.0204487
internal_weight=162071 42742.5 119328 79880.3 40605.1 39448.1 39275.2 27932.7 34235.2 14809.8 22569.1 30656.4 16879 11387.4 9948.69 10335.6 12914 18566.4 14105.3 21321.2 16155.3 5040.04 12090 6133.85 9291.6 2544.52 729.234 2783.37 6543.44 2256.67
internal_count=803692 223658 580034 404783 196090 175251 208693 161598 184908 62060 103419 143955 71832 47770 52135 43992 64285 90323 66886 120623 77539 23785 53632 26779 38340 10388 2974 12932 27840 10853
is_linear=0
shrinkage=0.05


Tree=22
num_leaves=31
num_cat=0
split_feature=7 10 16 10 22 20 16 16 20 12 12 24 20 16 22 10 18 12 22 20 12 11 23 12 12 11 12 21 11 18
split_gain=36313.3 5299.92 2921.81 1804.77 1274.02 1281.67 1217.95 1105.29 1026.45 799.554 775.573 741.14 683.557 520.475 518.358 424.746 392.054 384.797 381.988 345.908 321.001 413.202 384.487 303.829 302.492 302.123 331.55 297.303 290.554 261.926
threshold=1.0000000180025095e-35 -8.3915332913398721 0.66176471114158641 24.804563283920292 0.030713726750000003 6.2876815795898446 0.60294118523597728 0.33823530375957495 70.985290527343764 1.2863777089783284 6.6919504643962862 2.5000000000000004 6.2876815795898446 0.60294118523597728 0.030713726750000003 6.1079304873943334 173.25000000000003 4.2275541795665648 0.075349397950000022 81.731285095214858 6.8452012383900938 45.413500027202332 1.8392467500000003 1.7647058823529413 1.5928792569659445 75.48547650337359 1.2368421052631582 0.46197338500000007 8.531781322423706 176.29261016845706
decision_type=2 8 2 10 2 2 2 2 2 2 2 8 2 2 2 10 2 2 2 2 2 2 2 2 2 2 2 2 2 2
left_child=1 2 7 15 5 16 23 17 -6 29 18 20 -11 -5 -14 -2 -4 -1 -9 -19 21 -7 -22 -3 -23 26 -13 -10 -29 -8
right_child=3 6 4 13 8 11 9 10 27 12 -12 25 14 -15 -16 -17 -18 19 -20 -21 22 24 -24 -25 -26 -27 -28 28 -30 -31
leaf_value=0.038039614098122121 0.01840968138080936 0.036155124888201197 -0.015084735540182682 0.060041310131959395 -0.039561727059505725 0.01404578790078697 0.022280274423324368 0.0014369168899935969 -0.0065277458261763233 -0.018476381627232693 -0.025114913787245903 0.018606033777058665 0.0072759021432149094 0.04326174190543431 -0.01203559891821581 0.037124608043305599 -0.038089367991661335 0.017251732130034485 -0.014533447014451037 -0.032135288716748915 -0.025016024466586878 0.019298886064440357 0.0313525765994348 0.014461344136916403 -0.019959125574798838 -0.03775958231577245 -0.018602563032416711 0.018052331659114153 -0.035353452195032553 0.0032093315998583376
leaf_weight=1670.2724861949682 4414.8021485209465 2297.9401396811008 2339.4063812792301 13862.002997890115 19053.13670861721 4026.0484620034695 3735.0969047397375 11173.271592587233 3528.940411478281 7405.2433618307114 5803.3441267758608 625.48307317495346 9365.5495314598083 6955.2255391031504 5523.3114340752363 9700.1969411969185 8923.3893329054117 1456.4759593307972 5630.1533618420362 467.53987504541874 2156.5165400058031 634.89480850100517 350.97418384253979 5426.5432444363832 2149.1805699467659 1991.4236266613007 13600.536242172122 287.63761508464813 2185.2791163772345 3475.7931138128042
leaf_count=7052 20834 9850 11646 85793 109886 17695 15896 48858 17529 34582 27959 2863 40305 38640 25040 50360 49747 6099 26791 1991 10279 2880 1590 23217 10821 10991 66848 1376 11236 15080
internal_value=-7.2703e-07 -0.0125702 -0.0192571 0.0450785 -0.0251849 -0.0192627 0.00324542 -0.00526284 -0.0338817 -0.00138207 -0.00935781 -0.0130646 -0.00606316 0.0544375 0.0001116 0.0312728 -0.0333128 0.0204884 -0.00391466 0.00524012 -0.00182621 0.00380545 -0.0171167 0.0209188 -0.0110028 -0.019521 -0.0169654 -0.0158465 -0.0291368 0.0130894
internal_weight=160216 125283 88053.9 34932.2 61852.8 36797.9 37229.5 26201.1 25055 29505 22606.8 25535.1 22294.1 20817.2 14888.9 14115 11262.8 3594.29 16803.4 1924.02 9317.61 6810.12 2507.49 7724.48 2784.08 16217.4 14226 6001.86 2472.92 7210.89
internal_count=803734 608107 444137 195627 325387 185360 163970 118750 140027 130903 103608 123967 99927 124433 65345 71194 61393 15142 75649 8090 43265 31396 11869 33067 13701 80702 69711 30141 12612 30976
is_linear=0
shrinkage=0.05


Tree=23
num_leaves=31
num_cat=0
split_feature=1 9 0 13 6 1 24 8 0 19 18 14 9 13 17 1 19 14 14 14 18 18 24 24 10 14 24 10 18 24
split_gain=35628.5 5218.02 4741.81 1978.84 1165.07 1106.46 1069.16 740.312 733.04 628.24 578.952 479.178 402.793 376.238 344.687 329.057 322.63 393.513 312.983 294.307 289.969 284.99 275.272 269.638 309.735 230.66 215.362 212.108 204.137 188.435
threshold=17.660273194313053 1.0000000180025095e-35 1.2803452610969546 -45.594515514436054 1.5000000000000002 10.032814383506777 4.5000000000000009 1.0000000180025095e-35 1.0037087798118594 0.22058823704719546 163.66176605224612 250.50000000000003 14.500000000000002 -34.579891838479334 188.31666564941409 27.8181426525116 0.57352942228317272 183.50000000000003 266.50000000000006 233.50000000000003 161.1470642089844 169.52228546142581 2.5000000000000004 1.5000000000000002 -4.3322738856077185 262.50000000000006 4.5000000000000009 3.5058550462126736 172.37634277343753 5.5000000000000009
decision_type=2 2 2 2 2 2 10 2 2 2 2 2 2 2 2 2 2 2 2 2 2 2 8 10 10 2 8 8 2 10
left_child=2 4 3 18 15 9 7 10 -3 19 -5 12 -8 -11 27 -2 23 -18 21 -4 -10 -1 -19 24 -9 -24 -21 -7 -12 -23
right_child=1 8 5 6 -6 14 11 16 20 13 28 -13 -14 -15 -16 -17 17 22 -20 26 -22 29 25 -25 -26 -27 -28 -29 -30 -31
leaf_value=-0.019339048664319972 0.044322105582565649 -0.00048483151480139039 0.025897761920615478 0.010380039480473228 -0.011434163948992543 0.014211174329481999 -0.025582395412838823 -0.012088938688099262 0.041007482574776648 -0.018241916284130261 -0.01510166067222958 -0.01560640283004291 -0.045922874825302634 -0.0034934037142829106 0.0015531336947980079 0.058128313296764759 -0.037749763058569502 0.00014031003749458845 0.020177158034387122 0.024291589026176341 0.019592667055449951 -0.036325391923081755 -0.021115583360164766 0.0032947633841654725 0.0061242841141122004 -0.00063127259397853844 -0.017796304384453222 0.032260841931579097 -0.029161803635259827 -0.051314072773265933
leaf_weight=2137.1297890096903 5524.7806891351938 4523.3382427841425 2086.2495567500591 1220.7264214009047 674.03484135866165 6449.589472413063 5356.7806821018457 13709.383096188307 1954.1901476234198 7024.6219446212053 3473.9431370198727 4836.0171315968037 4468.7358132898808 11247.631326183677 4383.9143556058407 20046.00022135675 1723.0266314893961 3276.2621478736401 247.16145008802414 452.6962129175663 8286.4633459597826 12367.061936303973 6726.9439199566841 6123.3951223045588 2812.6336512714624 1727.1079291254282 919.92921294271946 2177.8642571568489 10090.513008236885 2533.7345256358385
leaf_count=10428 30577 18856 8642 5184 2739 26922 28231 64853 9037 34032 17045 24426 26367 49996 18663 127777 9490 14691 1232 1869 34345 72354 34068 27314 12268 8015 3884 9987 54832 15851
internal_value=-6.83567e-05 0.04006 -0.0140651 -0.0205682 0.0534369 0.0014392 -0.0165991 -0.0131708 0.0162789 -0.00546517 -0.0225942 -0.0284955 -0.0348372 -0.00916404 0.0129702 0.0551472 -0.00931062 -0.0154431 -0.0356173 0.0140719 0.0236828 -0.0364279 -0.0121636 -0.00566686 -0.00898822 -0.0169313 -0.003908 0.0187707 -0.0255623 -0.0388773
internal_weight=158582 41008.8 117573 82830.6 26244.8 34742.5 65545.5 50883.9 14764 21731.1 14785.2 14661.5 9825.52 18272.3 13011.4 25570.8 36098.8 13453.3 17285.1 3458.87 10240.7 17037.9 11730.3 22645.4 16522 8454.05 1372.63 8627.45 13564.5 14900.8
internal_count=803975 223331 580644 426649 161093 153995 326784 247760 62238 98423 77061 79024 54598 84028 55572 158354 170699 66264 99865 14395 43382 98633 56774 104435 77121 42083 5753 36909 71877 88205
is_linear=0
shrinkage=0.05


Tree=24
num_leaves=31
num_cat=0
split_feature=7 0 0 19 14 12 15 24 12 12 14 15 22 17 12 22 20 15 20 22 14 22 0 22 24 12 25 22 12 20
split_gain=30766.2 6387.54 2868.64 1836.59 1184.78 1090.72 1031.65 867.883 661.609 587.482 535.437 481.605 468.094 455.217 454.257 447.046 413.615 380.32 369.907 344.117 379.11 318.286 317.392 298.58 270.387 247.878 238.578 233.198 233.891 238.262
threshold=1.0000000180025095e-35 1.8391377925872805 2.8965305089950566 0.48529411852359777 225.50000000000003 2.3668730650154806 4.0902090072631845 2.5000000000000004 1.9303405572755421 2.0154798761609913 262.50000000000006 19.744426727294925 0.16082139000000004 175.55303192138675 1.3111455108359136 -0.0062803106849999993 -2.9402847290039058 18.030252456665043 4.8575057983398446 -0.040968708699999988 247.50000000000003 -0.91453793499999991 0.11143968626856805 0.014423421100000002 3.5000000000000004 11.018575851393191 25.070076999068263 -1.4317225999999998 7.7383900928792579 -1.9687194824218748
decision_type=2 2 2 2 2 2 2 8 2 2 2 2 2 2 2 2 2 2 2 2 2 2 2 2 10 2 2 2 2 2
left_child=1 3 22 5 8 16 14 25 -5 -8 19 15 18 -4 -3 27 -1 21 -10 20 24 -11 -2 -16 -9 -6 -18 -7 29 -29
right_child=2 6 13 4 7 11 9 10 12 17 -12 -13 -14 -15 23 -17 26 -19 -20 -21 -22 -23 -24 -25 -26 -27 -28 28 -30 -31
leaf_value=-0.010896626135499887 0.0071111645691669424 0.014843832456289502 0.056901696504782912 -0.013616529674766157 0.002865094616192733 0.011576252820285939 0.028266598193955418 -0.00060336259639005353 -0.036180398238162291 0.025310082710641141 -0.0051499605524113565 0.024556711724286921 -0.04205445001670742 0.042667715272729383 -7.466338993509917e-05 -0.02311743665355305 0.0041981361846798581 0.035398686919418741 -0.021886037465051245 -0.032713608373691964 -0.029342526649830419 0.0016169790272982103 0.026267579043422137 -0.014947710038606213 -0.046078615074767328 0.063673388613836715 0.025540417510422905 -0.02771057545995145 -0.026653183578374824 -0.0057472557489556047
leaf_weight=2140.6624395549297 3592.7000394463539 3314.8193593323231 15317.238578185439 5088.4076300859451 3938.6779815405607 1190.7177222073078 5831.3425245285034 3106.4061098992825 8409.7258656173944 1702.411989018321 4556.5935522019863 777.4974771887064 9767.2977723330259 8901.1735916137695 8940.1464927941561 10690.006377369165 2545.0904293656349 1195.6345099955797 9816.2160559743643 6968.0350623130798 3151.7790983766317 8445.1234259456396 5433.4199009090662 5419.3130799382925 364.31428678333759 174.04661457240582 2697.143712490797 1416.8135189414024 2138.1174590885639 9574.6752440184355
leaf_count=9831 16280 14037 100426 25783 17370 5307 24933 15131 49078 7140 21595 3198 61280 52649 39151 55261 11228 5293 52527 39559 15339 35881 26082 24657 1812 727 11428 7174 9981 43406
internal_value=1.58572e-05 -0.0114889 0.0427057 -0.0186279 -0.0242039 -0.00932447 0.0066434 -0.0152842 -0.0302051 0.0153702 -0.019984 -0.0141756 -0.0332198 0.0516722 -0.00183699 -0.0153806 0.00761978 0.00873841 -0.0284833 -0.0249568 -0.0167915 0.00559398 0.0186443 -0.00568846 -0.0053887 0.0054533 0.0151816 -0.00960393 -0.0115255 -0.00858061
internal_weight=156606 123361 33244.5 88512.2 55341.5 33170.7 34848.8 22259.9 33081.6 17174.5 18147.1 25787.8 27993.2 24218.4 17674.3 25010.3 7382.9 11343.2 18225.9 13590.5 6622.5 10147.5 9026.12 14359.5 3470.72 4112.72 5242.23 14320.3 13129.6 10991.5
internal_count=803544 608107 195437 457015 300201 156814 151092 111533 188668 73247 93436 124327 162885 153075 77845 121129 32487 48314 101605 71841 32282 43021 42362 63808 16943 18097 22656 65868 60561 50580
is_linear=0
shrinkage=0.05


Tree=25
num_leaves=31
num_cat=0
split_feature=7 6 6 18 10 0 14 12 12 18 18 11 14 17 18 0 12 11 25 14 12 12 11 14 17 14 11 12 11 15
split_gain=28296.2 6025.12 2897.38 1511.79 1395.89 1332.35 1176.48 894.877 640.321 578.772 510.074 444.167 438.303 387.66 362.307 349.813 347.94 329.447 306.422 297.319 283.32 275.691 390.582 283.394 255.921 249.293 222.281 230.354 330.893 217.906
threshold=1.0000000180025095e-35 1.5000000000000002 1.5000000000000002 172.74019622802737 16.496585294604301 5.4374144077301034 224.50000000000003 3.5959752321981431 2.6517027863777094 176.00270843505862 172.2738952636719 47.770250197269327 227.50000000000003 175.14204406738284 161.1470642089844 3.894195675849915 11.018575851393191 71.033626906423862 25.014834511280064 265.50000000000006 3.2120743034055734 6.8452012383900938 15.793902891665141 248.50000000000003 196.30833435058597 252.50000000000003 68.440097592586525 2.6068111455108363 47.266789810287982 22.931266784667972
decision_type=2 2 2 2 10 2 2 2 2 2 2 2 2 2 2 2 2 2 2 2 2 2 2 2 2 2 2 2 2 2
left_child=1 5 4 7 15 8 24 14 9 -1 20 -10 -12 -6 -3 -2 21 -11 19 -9 -7 22 23 -8 -5 -23 27 -24 -29 -20
right_child=2 3 -4 6 13 10 16 18 11 17 12 -13 -14 -15 -16 -17 -18 -19 29 -21 -22 25 26 -25 -26 -27 -28 28 -30 -31
leaf_value=0.013195471526903819 0.017570992477521457 0.018223121622860206 -0.0090986319938634822 -0.028130482844812454 0.058212304157506091 0.030613873519143665 0.057418251232486429 -0.025542125107528374 -0.0047709009319166868 -0.0011562594804280641 -0.0031668008016563056 -0.02274928884012083 0.018717503088821287 0.044172729186305437 -0.0043661524437315982 0.037764266010570285 0.018100756640473965 -0.029648665446372957 -0.012013483628674691 0.0055610119911238568 0.011806371168375962 -0.042088424787591151 -0.0021531746691669032 -0.0013864172965190726 -0.038106601423923969 -0.01541121741017519 -0.034248711124892195 -0.013646790942976215 -0.038338477624881441 0.028935108904040299
leaf_weight=7946.1418568640947 3721.9214632362127 2218.6202479749918 2597.6756282746792 14831.422342896461 13145.208456858993 4853.4237241744995 290.83423990011215 10095.229331970215 11297.551543444395 4525.7010259479284 5556.4243325740099 4936.1163427680731 3888.2834027260542 7889.7885308563709 8861.5539769530296 5069.7695002704859 716.28413355350494 1306.7127542495728 7592.8961946517229 831.28103084862232 3411.6108358502388 1922.987300157547 2963.9485919624567 687.50233900547028 11378.570679455996 1610.5734047293663 1570.5469767004251 7316.8326412439346 1665.4953889250755 338.47563049197197
leaf_count=33789 17165 9306 10675 86910 90368 21062 1299 52593 49874 20146 23229 23386 16214 48030 42689 28911 3489 6173 36967 3976 14505 10856 14195 3394 70079 8241 8708 36676 9551 1393
internal_value=6.83484e-06 -0.0109776 0.0415444 -0.019825 0.0459552 0.00290723 -0.0256222 -0.0111194 -0.00351045 0.00441671 0.0137827 -0.0102386 0.00584376 0.0529487 0.00015821 0.0292185 -0.0160563 -0.00754378 -0.0177453 -0.0231755 0.0228529 -0.0174143 -0.0143598 0.0161355 -0.0324627 -0.0299369 -0.016568 -0.0142409 -0.0182289 -0.0102626
internal_weight=155039 122615 32424.4 74893.1 29826.7 47722 44955 29938.1 30012.2 13778.6 17709.7 16233.7 9444.71 21035 11080.2 8791.69 18745 5832.41 18857.9 10926.5 8265.03 18028.7 14495.2 978.337 26210 3533.56 13516.8 11946.3 8982.33 7931.37
internal_count=803849 608700 195149 400322 184474 208378 253398 146924 133368 60108 75010 73260 39443 138398 51995 46076 96409 26319 94929 56569 35567 92920 73823 4693 156989 19097 69130 60422 46227 38360
is_linear=0
shrinkage=0.05


Tree=26
num_leaves=31
num_cat=0
split_feature=9 6 6 13 10 12 6 15 10 16 15 6 13 12 21 10 12 12 11 23 19 21 16 15 12 11 12 5 23 12
split_gain=26161.2 5615.65 2856.82 1558.65 1326.42 989.663 904.224 893.728 876.294 850.624 509.015 424.03 422.153 378.063 376.45 337.452 319.926 264.116 301.649 258.42 255.233 221.461 290.693 217.11 213.082 207.98 254.583 209.04 207.139 250.273
threshold=1.0000000180025095e-35 1.5000000000000002 1.0000000180025095e-35 -47.872978040031597 -4.9625230684876422 6.1377708978328185 1.5000000000000002 12.646073341369631 18.959673434495929 0.60294118523597728 3.6085225343704228 1.0000000180025095e-35 -11.642459943542406 1.9922600619195048 0.51909596000000013 8.416420447826388 1.1934984520123841 2.4318885448916414 48.733527244567505 1.8059088000000003 0.48529411852359777 -0.087392471699999988 0.42647059261798864 4.1443409919738778 4.0913312693498467 69.754337156104981 3.0510835913312699 6.5000000000000009 2.4041249500000004 11.018575851393191
decision_type=2 2 2 2 8 2 2 2 10 2 2 2 2 2 2 10 2 2 2 2 2 2 2 2 2 2 2 2 2 2
left_child=2 4 8 16 7 9 15 10 -1 21 25 20 23 19 -15 -4 -3 -12 -19 -11 -6 -5 -23 -7 -9 26 27 -2 29 -14
right_child=1 3 6 5 11 12 -8 24 -10 13 17 -13 28 14 -16 -17 -18 18 -20 -21 -22 22 -24 -25 -26 -27 -28 -29 -30 -31
leaf_value=0.034183086895609262 -0.011820872913463003 -0.0020344504647853211 0.0056935385364844972 -0.002519528648920139 0.026692035612420756 -0.036500632890984729 -0.0094913152855254871 0.04089776502830883 0.055404707837789217 0.0016597434165199526 0.010796877274629184 0.0033153246568330104 -0.018986523192496475 -0.013554785899800676 -0.026765184013740392 0.033531364978830282 -0.035972712900476843 0.00053370832112985646 -0.021143196023232322 -0.028294986767757803 0.012002473687310751 0.04719080434508769 0.0074433955280332701 -0.020773215617858005 0.0099551084336617097 -0.026703164065805904 -0.017220208158806975 0.0096104046772974433 -0.0449946993943902 0.0038574304110220539
leaf_weight=6889.5424352437258 2397.6130359619856 732.40374960005283 1478.4998637288809 3836.4316882044077 5407.6318385899067 7450.4135725200176 2594.9481087327003 1173.5483848303556 16604.661199852824 4862.8307687193155 4099.56353341043 7231.4328544586897 6307.3214205950499 21529.719177752733 7196.8262936919928 4132.3822261542082 13425.729661136866 6885.4754315763712 2091.6498964875937 844.12135449051857 6530.6535337120295 589.55064256489277 2083.2085914462805 3117.5422007143497 1058.7444580346346 2472.1287163794041 6194.2990590333939 2163.6865878552198 605.30781911313534 1479.9610035270452
leaf_count=39394 10979 3842 6465 16895 23446 44186 10664 5259 117534 23440 17378 30672 32176 113448 39216 21491 83780 29408 9381 4177 27029 2448 9601 16449 4494 12211 28919 9460 3210 7308
internal_value=-0.000146635 -0.0106797 0.0403127 -0.0192974 0.00269887 -0.0157706 0.0149123 -0.00413436 0.0491833 -0.0113967 -0.00671236 0.0128707 -0.0252144 -0.0145301 -0.0168652 0.0261983 -0.0342173 0.00028318 -0.00451875 -0.00277507 0.018658 0.00517859 0.0162252 -0.0318635 0.0262331 -0.0136275 -0.0106199 -0.00165491 -0.0168392 -0.0146451
internal_weight=153468 121768 31700 74061.4 47706.4 59903.2 8205.83 28536.7 23494.2 40942.7 26304.4 19169.7 18960.5 34433.5 28726.5 5610.88 14158.1 13076.7 8977.13 5706.95 11938.3 6509.19 2672.76 10568 2232.29 13227.7 10755.6 4561.3 8392.59 7787.28
internal_count=804360 608812 195548 400176 208636 312554 38620 127489 156928 209225 117736 81147 103329 180281 152664 27956 87622 56167 38789 27617 50475 28944 12049 60635 9753 61569 49358 20439 42694 39484
is_linear=0
shrinkage=0.05


Tree=27
num_leaves=31
num_cat=0
split_feature=1 7 1 13 12 20 18 12 12 24 11 20 1 20 19 11 14 19 24 20 12 24 25 14 5 20 23 14 11 18
split_gain=26809 4083.17 3532.78 1635.17 967.246 833.117 741.058 650.343 582.711 527.359 511.424 461.286 442.471 433.775 426.455 433.565 342.495 538.501 335.868 322.767 316.103 279.074 276.018 270.362 361.204 261.339 350.5 534.89 313.229 259.207
threshold=18.591101646423343 1.0000000180025095e-35 6.7228868901729593 -38.993787704145198 5.9674922600619196 -7.7343139648437491 175.53743743896487 1.7647058823529413 2.1687306501547994 3.5000000000000004 78.397701685042946 -6.0307769775390616 30.58022536337376 3.4155578613281254 0.51470589637756359 15.793902891665141 229.50000000000003 0.22058823704719546 2.5000000000000004 -0.44994354248046869 1.5402476780185761 2.5000000000000004 25.014834511280064 156.50000000000003 1.5000000000000002 -0.44994354248046869 1.6099775000000003 212.50000000000003 4.7379847955154757 159.779411315918
decision_type=2 2 2 2 2 2 2 2 2 10 2 2 2 2 2 2 2 2 8 2 2 8 2 2 2 2 2 2 2 2
left_child=2 11 3 8 5 20 7 -4 10 25 -1 23 -3 -8 22 -16 17 -9 -15 -10 -5 -17 -7 24 -2 -6 28 -28 -27 -13
right_child=1 12 6 4 9 14 13 16 19 -11 -12 29 -14 18 15 21 -18 -19 -20 -21 -22 -23 -24 -25 -26 26 27 -29 -30 -31
leaf_value=-0.001044227731004719 -0.018543186997788463 0.039038255116209966 0.022991580077150305 -0.006839819064995015 -0.036742523968622619 -0.0054786646722893677 -0.023850766085196529 0.025232007806119863 -0.047049954019435784 -0.033071651184604242 -0.035005360849502787 0.03781582326147416 0.054761122241773666 0.015738870929544121 0.034246156384932336 -0.00051278932101206365 -0.0072719260046419133 0.00062304119513541061 -0.0072639535050506481 -0.029640935058743496 -0.02957920285077717 -0.016080181241567824 0.0079388737172219389 -0.018706360990211938 0.041233711186050126 0.036662352370836794 -0.016786346804961976 0.044734490670355606 -0.01820007337914684 0.016783934419304661
leaf_weight=3096.705412209034 446.3552317917347 6137.976239785552 5124.3361548185349 2131.7029093652964 1352.5577215105295 7578.5690938681364 3151.3634243160486 3150.886635825038 3247.1009516865015 6848.4606657326221 1725.7146896570921 1738.2406475543976 16645.715203553438 2002.20448307693 523.03134809434414 3892.6439924389124 5730.8561525642872 7543.2521561533213 7634.948681384325 14874.849853307009 5404.7897583693266 11054.473025381565 7753.2118408530951 1364.2128409445286 580.15981803834438 266.21391040086746 824.54147140681744 616.72920562326908 10000.06184566021 9325.8768985420465
leaf_count=15977 1883 37292 22188 10238 8524 35652 14804 13844 21781 39736 9978 8241 121296 8699 2525 18306 24639 33309 34370 90573 31337 57989 34713 5780 2421 1180 4121 2675 51124 39186
internal_value=0.000108948 0.0376299 -0.0116606 -0.0173467 -0.0128928 -0.00824939 0.00178403 0.00744243 -0.0286522 -0.0218339 -0.013202 0.0157881 0.0505272 -0.00775051 -0.00460316 -0.0104598 0.00259023 0.00787543 -0.00248377 -0.0327627 -0.0231491 -0.0120263 0.0013066 -0.0041268 0.0152484 -0.015939 -0.0135326 0.00955159 -0.016774 0.0200913
internal_weight=151768 36238.5 115529 81191.4 58247 38338.4 34337.8 21549.3 22944.4 19908.6 4822.42 13454.8 22783.7 12788.5 30801.9 15470.1 16425 10694.1 9637.15 18122 7536.49 14947.1 15331.8 2390.73 1026.52 13060.1 11707.5 1441.27 10266.3 11064.1
internal_count=804381 216099 588282 436429 298120 190760 151853 93980 138309 107360 25955 57511 158588 57873 149185 78820 71792 47153 43069 112354 41575 76295 70365 10084 4304 67624 59100 6796 52304 47427
is_linear=0
shrinkage=0.05


Tree=28
num_leaves=31
num_cat=0
split_feature=7 6 6 13 10 22 14 10 17 6 15 22 6 14 22 17 22 14 14 14 17 22 10 22 14 9 5 13 10 14
split_gain=22637.1 4703.99 2673.15 1407.92 1047.39 827.597 855.257 822.616 821.488 814.515 803.891 487.638 377.611 365.278 358.261 345.917 341.908 436.826 341.419 319.118 384.466 291.176 269.1 265.802 262.73 511.554 257.133 234.242 214.947 204.392
threshold=1.0000000180025095e-35 1.5000000000000002 1.0000000180025095e-35 -46.151083725467089 -3.673920798301697 0.33798368000000006 184.50000000000003 21.72253132462502 167.31060028076175 1.5000000000000002 12.043208599090578 -0.15288999499999997 1.0000000180025095e-35 264.50000000000006 -0.11682939999999999 188.74206542968753 -0.71799501499999996 267.50000000000006 248.50000000000003 191.50000000000003 187.091667175293 -0.89578321499999991 8.416420447826388 -0.21093407999999997 250.50000000000003 11.500000000000002 3.5000000000000004 -68.591120305375952 5.5521471783518797 261.50000000000006
decision_type=2 2 2 2 8 2 2 10 2 2 2 2 2 2 2 2 2 2 2 2 2 2 10 2 2 2 2 2 10 2
left_child=1 4 7 14 10 6 8 28 -5 22 11 19 -6 -13 26 -10 -8 18 23 20 -1 -21 -4 -18 25 -7 -3 -28 -2 -20
right_child=2 3 9 5 12 24 16 -9 15 -11 -12 13 -14 -15 -16 -17 17 -19 29 21 -22 -23 -24 -25 -26 -27 27 -29 -30 -31
leaf_value=0.0032293003371878419 0.021257411097860043 -0.037067512630200181 0.0067296892335207761 0.014599011312548194 0.01824640368591899 -0.015066190484315345 0.0016115815063593019 0.054454471513871519 -0.017370865806757552 -0.0091504064275973827 0.024494407999623706 -0.015901986871089537 0.0029381242328476759 0.010178335679421086 -0.038986870136679619 -0.035048112971074644 -0.00035417957454560037 0.01230941805290414 -0.028741948784512639 0.017673643950517744 -0.023808908136218467 -0.00042458203403004452 0.031702317011446879 -0.015029126353304235 -0.014891924368089601 -0.037862260602684279 -0.032814875072637403 -0.0088120765016837486 0.039727892440824711 -0.0094983151525445397
leaf_weight=2826.2566557377577 2292.0543042421341 2286.3099008798599 1481.3357108533382 1384.2728805094957 10526.195970490575 4079.9358617514372 9674.4111924618483 14756.086863666773 5517.0700404495001 2583.573489934206 2423.1841191202402 11141.557721093297 6526.1781791597605 1525.8087279200554 7767.3572320044041 5559.794999986887 6378.3084747046232 2012.9613112807274 3912.5814763605595 3416.5693324953318 2457.0057832896709 6354.8703596144915 3974.7967930585146 5976.34680762887 5046.6283229738474 6208.8803340196609 1502.0985276997089 3142.9272714108229 5064.5630145668983 2133.3945881277323
leaf_count=12285 12491 14532 6527 5883 44869 22907 44592 112596 28905 10651 10749 51635 27627 6555 52469 34456 30611 9291 19928 14460 11913 27611 21374 32525 26667 39917 9113 18012 31800 10264
internal_value=-5.46647e-05 -0.00980233 0.0386671 -0.0177923 0.00248528 -0.0142828 -0.0106931 0.0476437 -0.0217078 0.0139749 -0.00311679 -0.00553108 0.0123882 -0.01276 -0.0316114 -0.0262459 -0.00613073 -0.00979986 -0.0122191 0.000551947 -0.00934707 0.0059046 0.0249247 -0.00745357 -0.0242412 -0.028825 -0.0233418 -0.0165794 0.0339768 -0.0219543
internal_weight=149933 119781 30152.4 72583.3 47197.6 57884.6 42549.1 22112.7 12461.1 8039.71 30145.3 27722.1 17052.4 12667.4 14698.7 11076.9 30088 20413.6 18400.6 15054.7 5283.26 9771.44 5456.13 12354.7 15335.4 10288.8 6931.34 4645.03 7356.62 6045.98
internal_count=803215 607776 195439 400072 207704 305946 216455 156887 69244 38552 135208 124459 72496 58190 94126 63361 147211 102619 93328 66269 24198 42071 27901 63136 89491 62824 41657 27125 44291 30192
is_linear=0
shrinkage=0.05


Tree=29
num_leaves=31
num_cat=0
split_feature=1 7 1 16 6 22 16 13 6 13 14 14 22 12 16 21 12 12 11 1 14 17 22 21 22 14 14 5 21 21
split_gain=23220.1 3891.05 3044.64 1602.41 1021.19 965.02 593.236 512.756 457.837 432.366 418.373 398.687 515.283 383.853 442.597 353.964 339.946 337.166 412.07 323.796 256.1 354.075 249.002 238.885 409.857 282.464 231.997 225.421 220.9 212.621
threshold=18.591101646423343 1.0000000180025095e-35 8.0656802654266375 0.77941176295280468 1.5000000000000002 0.030713726750000003 0.75000000000000011 -47.872978040031597 1.0000000180025095e-35 -68.591120305375952 263.50000000000006 184.50000000000003 -0.22252412499999999 7.7383900928792579 0.60294118523597728 0.25288889000000009 2.3668730650154806 4.2554179566563475 66.271986887747019 30.015349507331852 237.50000000000003 172.91567230224612 -1.52295315 0.50852495500000006 0.32628046000000005 268.50000000000006 181.50000000000003 8.5000000000000018 -0.79875919499999992 -0.67567974499999994
decision_type=2 2 2 2 2 2 2 2 2 2 2 2 2 2 2 2 2 2 2 2 2 2 2 2 2 2 2 2 2 2
left_child=2 8 3 5 19 9 16 -5 -2 -1 17 -9 28 14 15 -11 27 18 -7 -3 21 -18 -15 -12 25 -25 -16 -4 -13 -28
right_child=1 4 6 7 -6 10 -8 11 -10 13 23 12 -14 22 26 -17 20 -19 -20 -21 -22 -23 -24 24 -26 -27 29 -29 -30 -31
leaf_value=-0.031603926388212918 0.022057766964138175 0.040050678170224202 0.0065140483377417978 -0.036531358714514954 -0.013378614276489998 -0.0067003734580233804 -0.0077581551350490805 -0.029911347661829076 0.0032005522672739228 0.0013002336686506793 0.0082383552329305873 0.0074544106977227562 -0.025588375805743552 0.052258674199715929 -0.014530399100255113 0.025502306731514636 0.020817202302724897 -0.028016830819974109 -0.031437452073483856 0.054437897870039546 -0.0081223604805076566 -0.0005850109164151256 -0.020914190985131347 -0.011419568166642545 -0.032185652559494946 0.069148134775993575 0.0071362255322333316 0.023677185266132651 -0.012296830343878589 -0.006284150951931796
leaf_weight=1528.329667121172 8062.8453973978758 5252.7568909525871 3427.5706173479557 7532.1057475358248 638.59870599210262 5469.275275811553 8648.1514736413956 8342.2411390095949 5357.8865298777819 5395.0113813430071 1970.5659674704075 2114.9125251919031 6725.2054394334555 118.85228033363819 5849.1992257237434 2097.417333483696 3135.1750203818083 10416.426224589348 2431.6458671241999 15489.907547004521 3770.5400324910879 5034.9375897496939 3956.5218206048012 247.35445316135883 1235.7241314798594 192.86506721377373 3968.8245636820793 4331.7540503293276 4277.0286311358213 11503.153086200356
leaf_count=8911 35348 34075 14770 51138 2605 28839 39411 51580 22365 23261 9464 10136 39896 535 30354 9104 13937 61393 14220 121946 16198 22157 19358 1217 6326 863 18323 19201 21482 55534
internal_value=-0.000102749 0.0356341 -0.0110395 -0.0157538 0.0488794 -0.0108414 0.00315799 -0.0253065 0.0145303 -0.00561554 -0.0190297 -0.0213651 -0.015928 -0.00440695 -0.00237516 0.00807782 0.00795026 -0.0221086 -0.0143167 0.0507967 0.00265512 0.00762935 -0.0187679 -0.00356216 -0.0174338 0.0239548 -0.00604863 0.0160974 -0.00576156 -0.00284136
internal_weight=148523 34802 113721 85372.7 21381.3 56381.2 28348.1 28991.5 13420.7 34417.3 21963.9 21459.4 13117.1 32889 28813.6 7492.43 19700 18317.3 7900.92 20742.7 11940.7 8170.11 4075.37 3646.51 1675.94 440.22 21321.2 7759.32 6391.94 15472
internal_count=803947 216339 587608 461934 158626 287702 125674 174232 57713 165380 122322 123094 71514 156469 136576 32365 86263 104452 43059 156021 52292 36094 19893 17870 8406 2080 104211 33971 31618 73857
is_linear=0
shrinkage=0.05


Tree=30
num_leaves=31
num_cat=0
split_feature=7 10 19 10 20 15 13 20 10 17 16 11 21 17 21 11 15 20 10 5 21 21 13 10 17 13 19 21 20 11
split_gain=19256.1 3020.28 1785.13 1771.21 997.766 829.936 799.062 688.27 539.164 479.264 383.698 346.093 341.511 295.108 265.31 261.547 264.781 261.219 260.935 495.003 255.934 216.513 209.118 207.773 205.146 188.839 177.069 166.007 220.163 206.11
threshold=1.0000000180025095e-35 -9.1282546490430825 0.48529411852359777 39.144930362701423 8.6715698242187518 14.68165969848633 -46.151083725467089 -3.4393386840820308 6.1079304873943334 163.60294342041018 0.63235294818878185 67.867619931397982 0.90184903000000005 172.91567230224612 -1.6777381999999998 20.8831020716474 5.2621376514434823 81.731285095214858 63.412892231345182 1.5000000000000002 -0.21211291499999999 -0.22928500499999996 -11.049383616780979 8.416420447826388 157.279411315918 -29.590431919465583 0.51470589637756359 -1.2996536999999997 79.287681579589858 36.318281658408999
decision_type=2 8 2 10 2 2 2 2 10 2 2 2 2 2 2 2 2 2 8 2 2 2 2 8 2 2 2 2 2 2
left_child=1 2 5 8 25 15 -6 18 -2 27 -10 23 14 -5 -8 -1 -17 21 -3 20 -20 24 -16 -11 -7 -4 -13 -9 -29 -30
right_child=3 7 4 13 6 17 12 9 10 11 -12 26 -14 -15 22 16 -18 -19 19 -21 -22 -23 -24 -25 -26 -27 -28 28 29 -31
leaf_value=-0.015944537672697084 0.01018469749714313 -0.018207748407309082 -0.037822118769944325 0.0565402395719692 -0.028761539044599667 0.041544485940085175 0.015730190615932525 -0.0051430370183442806 0.040460495213304304 0.004509703135140551 0.022744154075504421 0.0036049404311132047 -0.026519746496334536 0.040043802004890029 -0.013202754803222706 -0.0091327970351323742 0.0022205179448447328 -0.0056078450182732997 -0.018450968064353028 0.031184071601655074 0.006953608489546995 0.052426836453083381 -0.0013423476048156459 0.016217985593775783 0.00072709292301806263 -0.025640431895258078 -0.014115140908014948 0.041407461296264055 -0.012165637197966072 0.03551877034977604
leaf_weight=7177.1094016581774 4046.329061076045 4259.2021116837859 7133.5653012543917 8285.1284416094422 9217.0535073429346 535.06128287315369 1002.1979532688856 377.6281756311655 5874.0681285113096 15143.581045001745 6382.2216239050031 2479.6216366738081 3347.6543981283903 4049.6686621233821 16781.076528221369 13964.203645154834 8121.8216979652643 661.54073515534401 2615.952039912343 945.71466168761253 1595.3224157691002 724.48387691378593 4773.9368699640036 5053.2756544351578 723.11284737288952 5763.7306476980448 3265.4826713576913 1622.3218785226345 473.36519700288773 433.07636718451977
leaf_count=35876 20639 20421 48216 69511 59625 2328 4776 1689 39348 66656 37453 11065 18521 28256 89244 70446 36830 2874 12585 4060 7659 3179 23856 22092 3099 35585 15560 7422 2105 1987
internal_value=4.75314e-05 -0.00886552 -0.0143958 0.0368321 -0.0204869 -0.00522872 -0.0161185 0.00268621 0.0260132 0.00651733 0.0312377 0.00435969 -0.0116192 0.0511279 -0.00940672 -0.00765292 -0.00495787 0.0215924 -0.00905061 -0.00148559 -0.0088278 0.0306664 -0.0105761 0.00743979 0.0181046 -0.0323806 -0.00646775 0.0257679 0.0303841 0.0106309
internal_weight=146829 118191 79926.5 28637.4 48019.2 31907.3 35121.9 38264.5 16302.6 28848.4 12256.3 25942 25904.9 12334.8 22557.2 29263.1 22086 2644.2 9416.19 5156.99 4211.27 1982.66 21555 20196.9 1258.17 12897.3 5745.1 2906.39 2528.76 906.442
internal_count=802963 607756 434455 195207 279823 154632 196022 173301 97440 128576 76801 115373 136397 97767 117876 143152 107276 11480 44725 24304 20244 8606 113100 88748 5427 83801 26625 13203 11514 4092
is_linear=0
shrinkage=0.05


Tree=31
num_leaves=31
num_cat=0
split_feature=1 9 1 22 6 14 19 14 17 17 24 11 19 14 6 9 19 23 22 14 14 19 24 11 22 24 14 11 14 11
split_gain=20261.3 3419.15 2649.57 1472.41 917.151 774.892 805.419 705.555 833.925 545.285 435.673 394.615 354.933 336.682 322.102 305.078 303.166 294.564 350.393 277.159 251.818 492.619 269.148 250.816 246.6 245.626 244.294 337.669 283.22 258.588
threshold=19.233471795916561 1.0000000180025095e-35 8.634866416454317 -0.15288999499999997 1.5000000000000002 263.50000000000006 0.51470589637756359 191.50000000000003 188.01666259765628 190.72883605957034 3.5000000000000004 47.991097446288862 0.33823530375957495 195.50000000000003 1.0000000180025095e-35 35.500000000000007 0.1911764740943909 0.50913557500000006 0.26599726000000007 250.50000000000003 231.50000000000003 0.22058823704719546 5.5000000000000009 24.852478495173319 0.014423421100000002 5.5000000000000009 244.50000000000003 32.570528774992241 261.50000000000006 54.480110909097803
decision_type=2 2 2 2 2 2 2 2 2 2 8 2 2 2 2 2 2 2 2 2 2 2 10 2 2 10 2 2 2 2
left_child=2 4 3 7 14 6 20 8 16 -4 11 -9 -3 -14 -2 26 -1 18 -7 -8 21 -5 -23 -20 -15 -21 27 -12 29 -28
right_child=1 12 9 5 -6 17 19 10 -10 -11 15 -13 13 24 -16 -17 -18 -19 23 25 -22 22 -24 -25 -26 -27 28 -29 -30 -31
leaf_value=0.012993342953804936 0.052467904813724209 0.029173698215097899 0.0088050555310000538 0.012245141417774545 -0.012749192897707914 0.0028165986518648989 -0.032592875905346749 0.008326646081895709 -0.027462776390353928 -0.0062230559398325763 0.02311472217042242 -0.010471720881614001 -0.0026692741032686871 0.024008224632511357 0.033799305055004399 -0.021354896046890143 -0.01003577783317537 -0.0087943914169496921 -0.0092238752383142705 -0.02540091262472596 -0.024404853992511799 -0.0086342831849898442 -0.027740291201130526 0.10083328392317942 0.0024229648475796875 0.0073571098763038391 -0.029342980436205153 -0.0049738037054985612 0.0041395067092991483 0.001151863288819035
leaf_weight=1762.9680582731962 16461.944788999856 3132.9586346596479 17935.072465866804 1939.7797626405954 603.32605047523975 657.47748810052872 17672.280903846025 10042.974808633327 8314.3405735343695 9096.9191491305828 1445.3126977533102 3865.4479912370443 3458.060413852334 4027.716629371047 2696.3871922940016 3844.1521262973547 7528.9489722698927 4396.0905449688435 70.691333711147308 1864.7418331950903 4688.6698370873928 4850.903975456953 2973.3886019587517 190.78261472284794 1970.6640194505453 824.8559043854475 2514.133825942874 4111.1530404835939 1669.5126232504845 960.61424247920513
leaf_count=7425 137553 14606 79678 8759 2471 3075 117968 45236 52228 41156 6781 19049 14567 16983 16708 20856 38406 21758 343 10782 24636 26265 17159 862 8326 4742 12239 20774 7686 4761
internal_value=6.11506e-05 0.0349572 -0.00991003 -0.0141936 0.0479309 -0.0211949 -0.0239096 -0.00809327 -0.01596 0.00374769 -0.00322515 0.0031018 0.0145901 0.00975596 0.0498423 -0.00927503 -0.0056655 -0.00341199 0.022318 -0.0303169 -0.0148812 -0.0103059 -0.0158976 0.0711568 0.0169183 -0.0153556 -0.00493385 0.00233525 -0.0127843 -0.0209146
internal_weight=145572 32351.1 113221 86189.2 19761.7 40129.7 34814.6 46059.6 17606.3 27032 28453.3 13908.4 12589.4 9456.44 19158.3 14544.9 9291.92 5315.04 918.951 20361.9 14452.7 9764.07 7824.29 261.474 5998.38 2689.6 10700.7 5556.47 5144.26 3474.75
internal_count=803838 211214 592624 471790 156732 236349 210311 235441 98059 120834 137382 64285 54482 39876 154261 73097 45831 26038 4280 133492 76819 52183 43424 1205 25309 15524 52241 27555 24686 17000
is_linear=0
shrinkage=0.05


Tree=32
num_leaves=31
num_cat=0
split_feature=1 7 6 13 6 1 12 20 12 13 24 12 7 13 20 12 14 12 17 6 16 20 24 14 17 24 12 12 24 23
split_gain=18569.9 3197.03 2827.02 1221.58 850.836 843.299 821.33 847.413 523.363 400.954 383.72 375.074 371.82 365.232 357.398 336.075 442.107 325.036 317.42 290.284 279.336 244.234 234.229 223.99 223.107 219.496 223.147 217.769 216.844 235.319
threshold=20.18502771854401 1.0000000180025095e-35 1.5000000000000002 -44.530055251664507 1.5000000000000002 11.480384007096292 6.6919504643962862 -7.7343139648437491 2.1965944272445825 -60.402960005432547 4.5000000000000009 1.2368421052631582 1.0000000180025095e-35 -8.7928688629492857 -5.0147094726562491 4.6981424148606825 190.50000000000003 3.1656346749226012 188.01666259765628 1.0000000180025095e-35 0.63235294818878185 -0.44994354248046869 5.5000000000000009 237.50000000000003 164.98430633544925 3.5000000000000004 5.2461300309597538 3.187306501547988 4.5000000000000009 2.2729268000000005
decision_type=2 2 2 2 2 2 2 2 2 2 8 2 2 2 2 2 2 2 2 2 2 2 10 2 2 10 2 2 10 2
left_child=2 14 5 11 19 9 7 -5 -9 -1 15 -4 -7 28 -2 -10 -17 18 -11 -3 23 -13 -23 -12 -16 -18 -27 -22 29 -8
right_child=1 4 3 6 -6 12 13 8 10 17 20 21 -14 -15 24 16 25 -19 -20 -21 27 22 -24 -25 -26 26 -28 -29 -30 -31
leaf_value=-0.023316908780024612 -0.0037581780808430276 0.052215164627162941 0.0026535203943803204 -0.025079299253026016 -0.013744503293615283 0.0052862678825053759 -0.02420502419180896 0.008353049590445338 -0.0069732546180992548 0.0098084053144806334 0.0087881609311948952 -0.044870374276394578 0.02235196257948896 -0.012255000504570172 0.035914321781820489 -0.01218190858299307 0.019911947201088111 -0.0085357968188272369 -0.0061090283375244093 0.033798408041424775 -0.0033465848211247846 -0.024022167818459936 -0.043251862923537249 -0.013548609554736827 0.015168536655772356 0.0049283072946460791 0.11781014843335079 -0.019194752984579195 -0.039842304362132375 0.062658749405112221
leaf_weight=2566.581721201539 2206.7942580729723 15522.303252026439 930.86586757004261 6347.2477074563503 544.53236661851406 11778.834274113178 6118.86069701612 5902.6495917513967 6823.3553336411715 7291.8836244791746 2401.8895578980446 2338.9547769576311 4377.5439572930336 5807.6804658472538 1552.6317045241594 1264.1762986332178 2229.2954339087009 11798.455096051097 5488.7750252336264 2490.4702130109072 2711.4713213518262 9742.4294244274497 1892.7246858850121 2105.07363691926 7842.4490680843592 69.490227222442627 117.75280547142029 10814.97275557369 2816.8037306666374 78.047193512320518
leaf_count=13294 9397 135332 5072 39770 2229 50001 35502 26995 32307 31411 11378 17856 23301 30218 7771 6748 9945 54163 25322 15855 14483 64040 13958 10145 33298 353 548 62207 19556 330
internal_value=5.49506e-05 0.034938 -0.00918866 -0.0153638 0.0478094 0.00086712 -0.0119563 -0.0082929 -0.00519856 -0.00451589 -0.00800175 -0.0280751 0.00991129 -0.0220364 0.0143476 -0.000404854 0.0117703 -0.00255179 0.00297257 0.0496709 -0.0124265 -0.0301221 -0.0271538 -0.0016454 0.0186004 0.0243004 0.0761658 -0.0160184 -0.0283366 -0.0231011
internal_weight=143975 30159.2 113816 70513.7 18557.3 43302.1 55608.8 40787.4 34440.1 27145.7 28537.5 14905 16156.4 14821.4 11601.9 10504.1 3680.71 24579.1 12780.7 18012.8 18033.4 13974.1 11635.2 4506.96 9395.08 2416.54 187.243 13526.4 9013.71 6196.91
internal_count=802785 203882 598903 401411 153416 197492 300485 214879 175109 124190 148114 100926 73302 85606 50466 49901 17594 110896 56733 151187 98213 95854 77998 21523 41069 10846 901 76690 55388 35832
is_linear=0
shrinkage=0.05


Tree=33
num_leaves=31
num_cat=0
split_feature=7 0 0 13 13 12 22 12 14 12 10 22 0 17 22 15 11 12 10 11 14 22 14 25 14 12 14 12 11 12
split_gain=15229.4 3717.27 2472.52 1263.04 886.16 863.885 577.085 525.561 479.553 474.857 461.97 448.838 448.741 409.547 397.045 387.088 362.959 313.837 304.686 291.98 284.344 281.062 270.137 256.692 252.814 241.45 229.483 228.533 222.81 219.918
threshold=1.0000000180025095e-35 0.81382218003273021 4.6368851661682138 -46.151083725467089 -32.353334184609139 5.9674922600619196 -1.4317225999999998 3.5959752321981431 182.50000000000003 1.6981424148606814 20.789829982817174 -0.013681760949999998 0.45057168602943426 174.4591979980469 -0.15288999499999997 10.599842071533205 11.857232115548266 2.1269349845201244 6.1079304873943334 84.818206003472085 199.50000000000003 0.72205493000000009 268.50000000000006 26.583925327658658 264.50000000000006 1.0758513931888547 270.50000000000006 1.2368421052631582 35.742389070360296 2.0572755417956663
decision_type=2 2 2 2 2 2 2 2 2 2 10 2 2 2 2 2 2 2 10 2 2 2 2 2 2 2 2 2 2 2
left_child=1 3 12 17 9 8 20 15 13 21 -4 25 -2 -5 -9 27 -8 19 -14 -1 -7 -3 23 -18 -16 -10 -27 -6 -15 -13
right_child=2 4 10 5 7 6 16 14 11 -11 -12 29 18 28 24 -17 22 -19 -20 -21 -22 -23 -24 -25 -26 26 -28 -29 -30 -31
leaf_value=-0.0011509145797683124 0.0030232428228119312 0.011127784331784376 0.033199858250472974 0.0020941689978036279 0.021994228438682348 -0.02813809534931035 -0.011360737229573632 0.0091284104970592288 0.026443291868774678 -0.013366301940949402 0.051963381443872171 0.0070019963894171035 0.0045035309398637913 -0.014361703871504001 -0.012039570502799399 0.037523213865302947 -0.032151086536967063 -0.032787193333018459 0.030063717055106826 -0.033930140554743637 0.053673728626625485 -0.033295600120837127 0.013928827057012223 -0.014519647113783403 0.017310616710527742 -0.0015809981817574818 0.028479227272968529 0.0081656948001944101 -0.029496629662603004 -0.015577288524340205
leaf_weight=1727.6347397863865 4313.0543333590031 3775.0670369938016 4621.4480499476194 2682.7745486795902 3985.7684512734413 146.56474083662033 5383.0348368734121 6880.3269145190716 880.90105006098747 9307.4014500230551 11370.922405436635 1242.4136700928211 1536.40693564713 6804.5473619252443 5560.9720938354731 1586.5461254864931 9335.4488551318645 10394.391641236842 4839.0345386341214 1118.6984478607774 379.76092366874218 392.15488473325968 391.44843715429306 2653.5382298007607 844.29536055028439 16123.772805415094 659.92611990869045 11932.689153149724 3786.8290005773306 8142.7333403155208
leaf_count=9775 20909 17001 32250 12003 17189 775 28988 30330 3740 47839 105521 5893 7327 39200 26133 7622 57780 74025 29443 6949 1667 1862 1834 14830 3746 75417 2916 52045 22739 46217
internal_value=3.68361e-05 -0.0077902 0.0341005 -0.0148117 0.00360765 -0.0116606 -0.0206735 0.00828755 -0.0075722 -0.00708613 0.0465435 -0.00375225 0.0154802 -0.0153555 0.000789097 0.0139782 -0.0222028 -0.0287588 0.0239057 -0.0140416 0.0308816 0.00694035 -0.0269156 -0.0282502 -0.00816875 0.000942498 -0.00039742 0.0116293 -0.0197753 -0.0125878
internal_weight=142801 116120 26680.9 71854.4 44265.2 58613.7 18289.8 30790.6 40323.9 13474.6 15992.4 27049.7 10688.5 13274.2 13285.6 17505 17763.5 13240.7 6375.44 2846.33 526.326 4167.22 12380.4 11989 6405.27 17664.6 16783.7 15918.5 10591.4 9385.15
internal_count=803965 608515 195450 404748 203767 313999 105874 137065 208125 66702 137771 134183 57679 73942 60209 76856 103432 90749 36770 16724 2442 18863 74444 72610 29879 82073 78333 69234 61939 52110
is_linear=0
shrinkage=0.05


Tree=34
num_leaves=31
num_cat=0
split_feature=7 0 0 13 13 12 12 12 22 10 0 15 22 12 15 19 22 11 10 14 14 22 14 19 12 22 22 14 24 12
split_gain=13919.9 3467.67 2435.03 1070.96 1050.57 634.677 622.189 584.895 466.567 448.018 437.601 429.997 396.44 386.872 368.269 307.205 306.59 359.503 294.24 259.519 240.965 293.944 237.102 227.074 217.026 211.19 195.87 192.405 323.531 244.852
threshold=1.0000000180025095e-35 0.38809782266616827 4.9896202087402353 -35.741852739220334 -32.708159159603682 6.8452012383900938 3.5959752321981431 1.2863777089783284 0.38392488500000005 24.804563283920292 0.93042692542076122 13.245591163635256 -0.15288999499999997 1.6640866873065019 3.4220036268234257 0.51470589637756359 -0.33686999999999995 9.5080668581966847 10.202516172826291 264.50000000000006 200.50000000000003 -1.3015830499999999 196.50000000000003 0.36764706671237951 1.2368421052631582 0.45226171500000006 2.0010872000000002 181.50000000000003 2.5000000000000004 3.187306501547988
decision_type=2 2 2 2 2 2 2 2 2 10 2 2 2 2 2 2 2 2 10 2 2 2 2 2 2 2 2 2 8 2
left_child=1 3 10 8 7 14 11 25 13 -4 -2 24 -8 -1 27 -9 20 -18 -12 22 -7 -22 23 -14 -6 -3 -24 -5 -29 -30
right_child=2 4 9 5 6 16 12 15 -10 -11 18 -13 19 -15 -16 -17 17 -19 -20 -21 21 -23 26 -25 -26 -27 -28 28 29 -31
leaf_value=0.0020583697816485753 0.0046275127954009329 0.016303631250899196 0.033568394938415257 -0.020332416036190463 0.020478758066334896 -0.029028924696342981 0.0071221168136589366 -0.004290009956255717 -0.037814862538042705 0.05189394249776233 0.0097628333071150403 0.040907271972793632 0.022388752490751871 -0.023645991924044041 -0.0028194391649638893 -0.020002264482269501 -0.009736824492247019 -0.033692382881110386 0.03328159333660103 0.015203014632170695 0.052680200679380389 -0.0068929174425688758 -0.019683153842354192 -0.01440639441561517 0.0078301847600663593 -0.020921727079195672 0.046807897095836458 0.0057061021269119785 -0.0015767913449285381 -0.021022410125777644
leaf_weight=1678.9634994342923 5314.7506086826324 2646.2721935063601 4983.0863575711846 5991.9421062767506 4484.3353642523289 1185.9854937791824 8130.6479541659355 5425.918200083077 5404.8158318847418 10137.736326113343 2113.8182704523206 1277.1580716371536 825.70983448624611 11415.769273526967 17995.109754279256 7292.6355298087001 2175.9364636093378 5597.0048624798656 3589.9605747014284 974.39463858306408 223.46919533610344 2669.6749355494976 4687.563642129302 849.88847118616104 13915.428775429726 444.18263764679432 112.51729187369347 2721.0706422030926 2435.0596777498722 4829.4244260042906
leaf_count=8697 25951 11841 36729 36160 19472 6783 36278 25971 39985 98609 10661 6216 3773 74188 87568 41548 11984 36646 23842 4368 991 13188 22739 4450 61376 2091 536 12271 11940 27396
internal_value=-0.0001145 -0.00757775 0.0328307 -0.0153006 0.0021502 -0.011201 0.00695235 -0.00855943 -0.0254545 0.0458574 0.0149515 0.0128626 -0.000512008 -0.0203504 -0.00772499 -0.0133001 -0.0211631 -0.0269884 0.0245688 -0.00884336 -0.0100586 -0.00227482 -0.0124634 0.00372824 0.0109138 0.0109483 -0.0181151 -0.0132495 -0.00899769 -0.0145053
internal_weight=141530 115391 26139.4 64324.2 51066.7 45824.7 35257.6 15809 18499.5 15120.8 11018.5 19676.9 15580.7 13094.7 33972.6 12718.6 11852.1 7772.94 5703.78 7450.07 4079.13 2893.14 6475.68 1675.6 18399.8 3090.45 4800.08 15977.5 9985.55 7264.48
internal_count=804248 608456 195792 367797 240659 244927 159208 81451 122870 135338 60454 87064 72144 82885 175335 67519 69592 48630 34503 35866 20962 14179 31498 8223 80848 13932 23275 87767 51607 39336
is_linear=0
shrinkage=0.05


Tree=35
num_leaves=31
num_cat=0
split_feature=7 0 0 22 13 6 16 18 17 18 13 0 24 5 22 11 13 13 22 5 6 16 24 17 22 2 23 18 22 22
split_gain=12794.7 3021.15 2413.23 1072.14 762.367 725.257 623.938 549.884 492.504 451.823 424.106 300.391 292.656 274.583 261.452 219.139 218.23 166.774 165.328 166.101 163.85 158.641 141.513 141.388 127.805 123.345 108.293 106.961 105.189 104.98
threshold=1.0000000180025095e-35 0.64515721797943126 4.3276679515838632 0.34739525500000007 -33.07917245738092 1.5000000000000002 0.77941176295280468 175.53743743896487 175.45454406738284 156.78584289550784 -35.336988318284774 3.894195675849915 7.5000000000000009 4.5000000000000009 0.9894630900000001 46.041871786809565 -50.183885513386763 -59.412463241317319 0.45226171500000006 6.5000000000000009 5.5000000000000009 0.48529411852359777 3.5000000000000004 159.91176605224612 0.85727200000000015 62.231499627232559 0.47509000000000007 163.92513275146487 0.055660221750000009 -1.2466693999999998
decision_type=2 2 2 2 2 2 2 2 2 2 2 2 10 2 2 2 2 2 2 2 2 2 8 2 2 2 2 2 2 2
left_child=1 3 5 6 7 25 12 14 -4 -6 -5 28 13 15 27 23 -8 -15 19 -13 26 -7 -18 -1 -9 -2 -12 -3 -11 -19
right_child=2 4 8 10 9 21 16 24 -10 11 20 18 -14 17 -16 -17 22 29 -20 -21 -22 -23 -24 -25 -26 -27 -28 -29 -30 -31
leaf_value=0.020063137692105305 0.015316292467272117 0.020063473771014837 0.051600453654195078 -0.035168175140582673 0.028162566746294956 0.018970355272879873 -0.029028183114580792 -0.01535227534095595 0.033068541513447444 0.0031759274146967633 0.022009078919522453 0.0064627534885124509 -0.034475412353539722 -0.018409997516485165 -0.027052238517962054 -0.025736831704357022 -0.0093870459954525469 0.0093449222784590304 -0.0004649323446587843 0.017871559709593126 -0.025439252440336926 -0.014913104542391788 -0.019254821423359707 -0.0093829974195145192 -0.037236559302005888 0.028096801697840786 -0.014752594941367686 0.002403764217590908 -0.0058167277995244482 -0.0018336663368601098
leaf_weight=427.78297364711761 4217.6469087004662 1003.1564547121525 9575.2784664407372 5943.4224656149745 2331.9419764727354 409.47149585187435 3320.1303890347481 5497.4168820232153 5744.4214795827866 9628.6998878493905 205.87724786251783 5965.54020434618 867.11873545497656 1382.2784099653363 700.9135003760457 2156.0643253624439 6587.5825536549091 2400.1084177643061 3003.8540830016136 6861.0525189489126 5228.8974700421095 2182.7642087936401 8110.2550675496459 8303.3840954080224 759.15143164247274 3424.7684129849076 6469.8924991562963 5870.5513467788696 4908.9332863688469 16761.497357495129
leaf_count=1761 22332 4368 93786 44617 10833 1667 24639 29516 46382 43324 1118 25402 5235 8607 3613 13390 36706 10669 12927 29759 34633 9039 48962 43546 4442 22353 35973 28211 24350 81519
internal_value=0.000102161 -0.0070263 0.0320958 -0.0137309 0.00279543 0.0132954 -0.00999581 -0.00704489 0.0446542 0.0069577 -0.0242594 0.00532852 -0.00583688 -0.00504573 0.00201599 -0.011465 -0.0174502 -0.00164347 0.0100938 0.0125663 -0.0188107 -0.0095556 -0.014833 -0.00793815 -0.0180132 0.0210465 -0.0136158 0.00498359 0.00013918 -0.000433065
internal_weight=140250 114696 25554.4 68164.3 46531.2 10234.7 50316.2 13831.2 15319.7 32700 17848.1 30368.1 32298.2 31431.1 7574.62 10887.2 18018 20543.9 15830.4 12826.6 11904.7 2592.24 14697.8 8731.17 6256.57 7642.42 6675.77 6873.71 14537.6 19161.6
internal_count=803679 608120 195559 391375 216745 55391 275034 70150 140168 146595 116341 135762 164727 159492 36192 58697 110307 100795 68088 55161 71724 10706 85668 45307 33958 44685 37091 32579 67674 92188
is_linear=0
shrinkage=0.05


Tree=36
num_leaves=31
num_cat=0
split_feature=10 0 0 18 13 12 16 22 20 12 12 14 13 20 21 12 5 14 11 23 22 12 12 23 11 14 14 13 14 23
split_gain=11650.1 2862.31 2564.22 998.388 986.687 676.69 668.832 591.825 689.128 527.267 514.455 455.89 425.796 405.282 374.192 469.906 362.741 358.918 352.667 292.062 270.857 306.604 265.703 298.767 388.608 310.067 492.613 259.404 238.296 377.563
threshold=6.1079304873943334 2.439024925231934 0.81382218003273021 163.92513275146487 -48.441655599261303 2.0154798761609913 0.54411765933036815 -0.0062803106849999993 -2.4217987060546871 1.6640866873065019 4.2275541795665648 263.50000000000006 -27.283185579447824 2.4766693115234379 0.44911027000000009 10.439628482972138 7.5000000000000009 234.50000000000003 67.867619931397982 1.7060800000000003 -0.32743333499999999 3.4938080495356041 7.5123839009287936 1.1008879500000004 47.770250197269327 247.50000000000003 267.50000000000006 -14.260915088014613 200.50000000000003 1.8392467500000003
decision_type=10 2 2 2 2 2 2 2 2 2 2 2 2 2 2 2 2 2 2 2 2 2 2 2 2 2 2 2 2 2
left_child=2 13 4 -3 20 19 10 8 -7 18 -4 -9 -11 -2 -13 -16 -5 -12 -8 -6 21 -1 23 25 -25 27 -27 -10 -24 -30
right_child=1 3 6 16 5 7 9 11 22 12 17 14 -14 -15 15 -17 -18 -19 -20 -21 -22 -23 28 24 -26 26 -28 -29 29 -31
leaf_value=-0.0033144193362089854 -0.014006593936347426 0.051969927453055099 0.024795529394741486 0.015602687740944789 0.0078596606701262488 -0.025598464583117254 0.016686727728645961 -0.023614453684333271 -0.0076284470632405474 -0.012264822332694379 0.010016847773922189 0.010609826542931567 0.00092721688465750092 0.011830800468014283 -0.03106807527962557 0.069158735825277054 0.035676502588823815 -0.024359409671477671 -0.0058185555814097871 -0.015642826201800752 -0.033080927503719708 -0.030299908574733136 -0.033795664070564883 0.0084313090507310701 -0.020017470716951601 -0.029988717827692704 0.015444536450242087 0.016031395034840613 -0.014042151569913614 0.041108336037090014
leaf_weight=2066.4090786427259 1808.715136513114 8719.8714860975742 5047.9464783072472 3419.9146744385362 6098.2420483678579 4945.4812169224024 5725.8659076467156 15589.301614508033 4672.5591739416122 10736.439369410276 2702.09924441576 1987.3174630701542 14213.425503470004 9409.9484152793884 1366.1006790101528 126.94532662630081 6594.330897346139 1054.9177069142461 2500.3277069702744 1686.6385520398617 7085.7962258011103 2144.9973290711641 1299.5956354737282 7795.1923215985298 1417.891043946147 2792.1172167807817 757.99932414293289 1539.3198570087552 3299.1510614007711 341.57788336277008
leaf_count=12686 9281 88704 23964 20799 29103 32101 25159 102378 24728 55659 12294 9890 64821 46082 7397 567 49799 4697 11864 8133 53937 15129 7355 36263 7273 14049 3472 7129 16916 1483
internal_value=2.13431e-05 0.0276388 -0.00756847 0.0395993 -0.0136385 -0.0109061 0.00212095 -0.0131268 -0.00861011 -0.00113043 0.0143705 -0.0199618 -0.00474985 0.00766432 -0.00359886 -0.0225058 0.0288234 0.000360563 0.00984644 0.00276636 -0.0271117 -0.0170629 -0.00509615 -0.00240664 0.00405135 -0.0085013 -0.0202865 -0.00176384 -0.0154236 -0.00885799
internal_weight=138946 29952.8 108994 18734.1 67012.6 55715.4 41981 47930.5 28860.9 33176.1 8804.96 19069.7 24949.9 11218.7 3480.36 1493.05 10014.2 3757.02 8226.19 7784.88 11297.2 4211.41 23915.4 18975.1 9213.08 9762 3550.12 6211.88 4940.32 3640.73
internal_count=803112 214665 588447 159302 389989 308237 198458 271001 150769 157503 40955 120232 120480 55363 17854 7964 70598 16991 37023 37236 81752 27815 118668 92914 43536 49378 17521 31857 25754 18399
is_linear=0
shrinkage=0.05


Tree=37
num_leaves=31
num_cat=0
split_feature=1 7 0 22 1 0 14 18 14 18 14 14 9 21 5 11 18 14 21 18 21 22 18 25 11 21 21 22 21 22
split_gain=13309.7 2581.07 2106.3 895.437 876.798 665.689 549.672 539.417 483.859 428.93 400.228 378.853 371.631 334.161 319.454 315.139 296.523 296.357 281.339 354.515 280.445 265.03 253.565 238.188 235.849 289.374 233.04 233.996 223.611 217.779
threshold=21.318968534469608 1.0000000180025095e-35 0.28832082450389868 0.34739525500000007 11.098193421959879 2.4865337610244755 266.50000000000006 173.07765197753909 250.50000000000003 180.2159118652344 190.50000000000003 215.50000000000003 14.500000000000002 0.43916224000000009 1.5000000000000002 15.793902891665141 175.53743743896487 183.50000000000003 -0.16974469999999997 164.17825317382815 -0.65693205499999985 0.77527007500000011 163.66176605224612 24.45667386054993 25.766815043259243 -1.9199379999999999 0.76635733000000006 0.30705543000000007 -0.19994983999999996 -0.99851524999999997
decision_type=2 2 2 2 2 2 2 2 2 2 2 2 2 2 2 2 2 2 2 2 2 2 2 2 2 2 2 2 2 2
left_child=2 14 3 6 7 -3 9 11 12 23 -11 18 -5 24 -2 -9 -6 -17 -4 -20 -12 -19 -16 -1 -10 -26 27 -8 -27 -13
right_child=1 5 4 8 16 -7 26 15 13 10 20 29 -14 -15 22 17 -18 21 19 -21 -22 -23 -24 -25 25 28 -28 -29 -30 -31
leaf_value=-0.012240811917042802 -0.020821718873971273 0.022667127884478933 0.00016928051375641082 -0.020139417131249671 0.01430128845078674 0.050081157625032846 0.00047716827653574464 0.011546309836979711 -0.0081394449687603784 -0.031312342933084304 0.00047052039447814084 0.012446566167161183 -0.038312177979010646 -0.02573695796838938 0.034257052557888495 -0.026681620648991617 1.2005357528853646e-05 -0.0067527362693100973 0.038900034304401025 0.0081619619166449411 -0.018892785917836101 -0.029029581476045632 0.011923885155132482 -0.0029680760166639407 0.15404449878964008 -0.0062984318991820415 0.037268189455046362 0.096153984365407674 0.050692470599359676 -0.0092414729208205263
leaf_weight=16174.293450802565 650.35934196412563 2685.9700877740979 5009.4416918233037 5373.41981921345 10752.829265400767 12680.153034053743 2261.5923715978861 1405.0981904268265 1839.6886500865221 4487.7439212873578 2695.4224713668227 1360.3811109662056 5914.1717744097114 2000.8116372078657 1500.0165360122919 3213.2357826158404 5481.048413477838 10493.649531185627 1343.010342463851 3108.0136779025197 6104.5386993288994 1529.0013142973185 8311.2393451035023 12111.86190494895 40.179818004369736 409.55493794381618 638.24020105600357 64.763725146651268 295.6409488171339 7730.6756623983383
leaf_count=89061 2842 16992 23283 34686 51320 132370 10441 6869 10185 32119 14524 5808 46369 11626 7804 18850 24773 54385 5832 15374 36089 9388 35617 62826 197 2232 2886 302 1627 35950
internal_value=-0.000101067 0.0322495 -0.00757228 -0.0139031 -0.00013516 0.045291 -0.0102686 -0.00456932 -0.0240996 -0.0117519 -0.0191618 0.00129353 -0.0296636 -0.0104009 0.0130916 -0.011105 0.00947709 -0.0131946 0.00829743 0.0174432 -0.0129624 -0.00958801 0.0153415 -0.00827056 0.00147442 0.0251819 0.0105296 0.0031809 0.0176319 -0.00599507
internal_weight=137666 25827.7 111838 60411.9 51426.4 15366.1 44538.5 35192.5 15873.5 41573.9 13287.7 18551.5 11287.6 4585.88 10461.6 16641 16233.9 15235.9 9460.47 4451.02 8799.96 12022.7 9811.26 28286.2 2585.06 745.376 2964.6 2326.36 705.196 9091.06
internal_count=802627 195625 607002 355170 251832 149362 248248 175739 106922 234619 82732 86247 81055 25867 46263 89492 76093 82623 44489 21206 50613 63773 43421 151887 14241 4056 13629 10743 3859 41758
is_linear=0
shrinkage=0.05


Tree=38
num_leaves=31
num_cat=0
split_feature=1 9 0 1 22 20 6 15 20 23 11 9 6 10 0 11 11 15 20 23 11 15 22 20 22 11 15 1 21 20
split_gain=12330.4 2330.33 2100.28 833.951 833.66 750.675 717.421 504.648 489.76 381.387 322.847 262.099 253.652 243.751 231.537 228.821 227.097 195.412 194.033 191.854 190.61 170.116 157.538 156.18 256.154 216.565 143.019 131.176 127.2 182.472
threshold=22.074687719345096 1.0000000180025095e-35 0.37249350547790533 11.480384007096292 -0.17849789999999996 -0.44994354248046869 1.5000000000000002 5.9711689949035653 68.123107910156264 1.0134015500000002 50.50536256878646 14.500000000000002 1.5000000000000002 5.5521471783518797 2.439024925231934 73.671558301492198 70.183957243874545 13.245591163635256 -5.5233306884765616 0.39037400500000002 28.886018813636749 3.4690937995910649 0.014423421100000002 -6.0307769775390616 -0.0062803106849999993 20.325362273898474 20.686647415161136 43.361064784228809 -0.96114000499999996 42.833152770996101
decision_type=2 2 2 2 2 2 2 2 2 2 2 2 2 8 2 2 2 2 2 2 2 2 2 2 2 2 2 2 2 2
left_child=2 6 4 7 5 20 14 16 9 10 19 -11 17 18 -2 21 23 27 -5 -6 -1 -7 -20 25 -25 -4 28 -3 -9 -30
right_child=1 12 3 13 8 15 -8 26 -10 11 -12 -13 -14 -15 -16 -17 -18 -19 22 -21 -22 -23 -24 24 -26 -27 -28 -29 29 -31
leaf_value=-0.01355417619919743 0.031415312464145438 0.010616844805365023 0.0030165574328097845 -0.014700748849764312 0.0067165601548770703 -0.0064474922518119766 -0.015734726658566379 -0.0086493053414941883 -0.010145564458678612 -0.022645847237652696 -0.02785721661705938 -0.038935891111067912 -0.0074753087452727497 0.021012376293307201 0.04967620657347345 -0.019467989593077887 -0.016697937152909952 0.045147227467912096 0.013188630432584558 -0.014452949725040451 -0.029486507215025815 0.0020908537637416027 0.00082954431042311667 0.0014679440307998725 -0.01055862194473175 -0.023909589532016069 0.029045354833523957 0.024865486255938804 0.021034193520130504 0.0018078964313560264
leaf_weight=3760.0504996702075 2036.7157896086574 5806.5290268957615 1133.3340910971165 979.6109099984169 1434.9436254277825 11497.709023825824 470.00232873857021 1250.455925449729 9823.4835792705417 4988.2014209255576 3844.4745129197836 4901.6975831314921 1255.940071746707 3895.5787757113576 12026.671769671142 2067.3066928237677 4806.1302055343986 558.69151921570301 6817.2480928972363 4204.4337024465203 3754.3472235053778 11839.956494055688 4146.6737873628736 11998.657857149839 7015.416414655745 2187.1312968879938 727.19133278727531 2238.6517271846533 1985.959893271327 3257.5003033801913
leaf_count=22181 14197 25260 5396 4270 8799 61409 1939 5453 54062 32191 27924 38915 5446 22515 131093 12663 26840 3158 30261 27853 25397 55627 18456 56312 37827 12162 3202 9893 8748 14416
internal_value=5.37577e-05 0.0322746 -0.00694422 0.000661382 -0.0130908 -0.00763527 0.0450032 -0.00371396 -0.0192413 -0.0238525 -0.0166856 -0.0307227 0.0135101 0.010153 0.047034 -0.00352854 -0.00683943 0.0165739 0.00660958 -0.00906612 -0.0215172 -0.00211581 0.00851479 -0.00471734 -0.00296969 -0.0147211 0.00803249 0.0145843 0.00567535 0.00909248
internal_weight=136711 24393.2 112317 50200.9 62116.6 32919.4 14533.4 34361.8 29197.2 19373.8 9483.85 9889.9 9859.81 15839.1 14063.4 25405 27140.7 8603.87 11943.5 5639.38 7514.4 23337.7 10963.9 22334.5 19014.1 3320.47 7221.11 8045.18 6493.92 5243.46
internal_count=803865 190986 612879 245858 367021 177277 147229 170356 189744 135682 64576 71106 43757 75502 145290 129699 138537 38311 52987 36652 47578 117036 48717 111697 94139 17558 31819 35153 28617 23164
is_linear=0
shrinkage=0.05


Tree=39
num_leaves=31
num_cat=0
split_feature=1 9 1 15 22 18 12 22 18 20 12 11 20 12 12 20 18 18 23 23 20 13 20 9 12 12 20 11 22 11
split_gain=11038.6 2445.23 1791.86 1139.12 597.049 471.298 419.076 416.236 413.369 377.094 354.612 446.626 347.306 348.63 336.556 322.513 302.925 291.506 274.625 317.11 279.726 249.278 249.181 236.065 235.479 218.859 215.396 213.592 192.062 280.902
threshold=22.074687719345096 1.0000000180025095e-35 9.3988972753286379 2.6426458358764653 0.34739525500000007 179.16573333740237 2.3668730650154806 -0.17849789999999996 163.92513275146487 -7.1311798095703116 2.1965944272445825 47.266789810287982 3.8894500732421879 2.7631578947368425 7.578947368421054 77.815338134765639 164.17825317382815 161.1470642089844 1.1008879500000004 0.15539592000000002 64.423660278320327 -35.336988318284774 2.9332580566406254 55.500000000000007 4.5681114551083608 1.6160990712074306 5.3230590820312509 48.929337142444808 -0.89578321499999991 7.4007831873655494
decision_type=2 2 2 2 2 2 2 2 2 2 2 2 2 2 2 2 2 2 2 2 2 2 2 2 2 2 2 2 2 2
left_child=2 8 3 7 9 6 -4 12 -2 25 23 14 -1 -14 18 16 -8 -3 19 -12 -21 -6 -7 -11 -23 -5 -19 -15 -16 -30
right_child=1 17 5 4 21 22 15 -9 -10 10 11 -13 13 27 28 -17 -18 26 -20 20 -22 24 -24 -25 -26 -27 -28 -29 29 -31
leaf_value=-0.022693988189516522 0.052286234515356238 0.034498678274448767 0.01697602982300106 -0.0012899247528709195 -0.025173926891613692 -0.022909784198732935 0.021026322596100502 -0.024865091189126626 0.035012196581006565 0.010864593233783582 0.043121558008551143 -0.014309058704286462 0.0082116625204690531 -0.0074752300301887502 0.010469423653739323 -0.011874588354357828 0.0011934680878960171 -0.0038998715666545762 0.010137407828611224 0.0055009065747484561 -0.011758271244825655 -0.0011313720700853837 -0.0011270590233947628 -0.027400094854427483 -0.016587923618012541 -0.025050549311286526 0.013628030533983648 -0.026632526716655371 0.0063093098384424734 -0.023755751580784201
leaf_weight=5574.3739620968699 7650.3934801742435 1240.2617734372616 8431.1268394142389 1474.7351911440492 4072.5972439199686 1760.9772483184934 2738.4991593062878 12898.144453316927 6348.3830566629767 6861.9149502664804 366.5855401456356 7428.3966935873032 2704.6454771161079 5207.7890879288316 812.04714530706406 2962.2401334866881 6478.7617206126451 2464.7303477674723 7703.6051342412829 4173.734780177474 5363.4699620902538 4033.9636557251215 5151.6511507481337 427.27125760167837 6331.7910066023469 2826.4762922301888 6063.3761310577393 2018.7979524433613 1040.3128594607115 3063.2249880805612
leaf_count=38157 88658 6742 39711 7257 28717 8505 13756 93490 58348 31344 1857 42481 13867 26780 3821 13388 29714 10546 35307 21047 26083 21105 23594 2149 38567 17746 26254 13434 5054 16884
internal_value=0.000112907 0.0310592 -0.00645977 -0.0100731 -0.00593489 0.0046184 0.00840748 -0.0182285 0.0444556 -0.00289052 -0.00127135 -0.00367834 -0.0127068 -0.00709925 -0.000171699 0.00247508 0.00708756 0.0118586 0.00305783 -0.00244944 -0.00420541 -0.0146933 -0.00667867 0.00861818 -0.0105735 -0.0169061 0.00856238 -0.0128299 -0.011738 -0.0161341
internal_weight=135674 23767.1 111907 84383.9 55980.1 27523.3 20610.6 28403.8 13998.8 41541.8 37240.6 29951.4 15505.6 9931.23 22523 12179.5 9217.26 9768.37 17607.4 9903.79 9537.2 14438.4 6912.63 7289.19 10365.8 4301.21 8528.11 7226.59 4915.58 4103.54
internal_count=804363 190548 613815 485147 299419 128668 96569 185728 147006 211030 186027 152534 92238 54081 110053 56858 43470 43542 84294 48987 47130 88389 32099 33493 59672 25003 36800 40214 25759 21938
is_linear=0
shrinkage=0.05


Tree=40
num_leaves=31
num_cat=0
split_feature=9 0 0 22 18 20 0 17 20 13 13 21 24 0 9 18 20 20 22 18 9 21 18 22 22 22 23 20 21 20
split_gain=8559.16 2092.92 2062.98 696.72 688.767 669.023 541.67 508.905 362.497 336.359 335.276 288.266 286.063 282.706 266.041 265.876 255.962 246.216 267.137 246.291 245.515 367.578 222.13 195.556 184.702 180.055 173.406 160.052 145.255 307.938
threshold=1.0000000180025095e-35 4.4786608219146737 0.21618565171957019 0.34739525500000007 156.78584289550784 1.492424011230469 3.7607816457748418 175.98484802246097 65.772979736328139 -63.695709774691615 -62.591906146333763 0.42728510500000005 7.5000000000000009 0.18351475149393084 15.500000000000002 176.00270843505862 82.68857574462892 8.6715698242187518 -0.16078418999999997 179.31085205078128 43.500000000000007 -1.3945062499999998 182.33635711669925 1.3569536500000001 0.030713726750000003 -2.2201040999999995 1.8200016500000002 -0.44994354248046869 0.25288889000000009 56.772979736328132
decision_type=2 2 2 2 2 2 2 2 2 2 2 2 10 2 2 2 2 2 2 2 2 2 2 2 2 2 2 2 2 2
left_child=1 13 3 5 16 15 9 -3 14 -6 25 -10 20 -1 -5 -2 -4 19 -19 -8 -12 26 24 -13 28 -7 -22 -24 -11 -30
right_child=2 7 4 8 6 10 17 -9 11 22 12 23 -14 -15 -16 -17 -18 18 -20 -21 21 -23 27 -25 -26 -27 -28 -29 29 -31
leaf_value=-0.00057319115702689021 -0.01091474040297994 0.048963060867992549 0.03910697687413018 -0.018739384468473962 -0.020775717658329147 0.089910696891426986 0.0050933362328350563 0.028462433019588448 -0.0011264866409998432 -0.00041065269495378122 -0.0011031700651667334 -0.029272369666602793 -0.03447639932237901 0.017025861506805906 -0.035469835354969698 -0.027390745673072675 0.0084121558487330484 0.015498481476750939 0.0023081169777076013 -0.016673603949575448 -0.0036583263950841745 -0.016232073165051038 -0.029086538036513468 0.026280872993572693 -0.0066260733850916189 -0.024747776157489923 0.065233855531040538 -0.0072650348975421527 0.02319952642137163 -0.0034079557546810597
leaf_weight=3560.9044338017702 4301.857484139502 8053.4434454664588 1556.1106339693069 4605.6794774234295 2781.0718183591962 33.765994690358639 3626.3920116424561 4859.4862998127937 3066.2461453676224 10488.667348183692 24001.055108085275 2010.0691729635 753.25097523629665 6351.7666072845459 4917.8450659662485 5689.1506227478385 1205.8169878870249 8424.0346401035786 7051.6567379385233 2024.0897214561701 161.51363109052181 5167.6953492835164 1116.0325460135937 171.19523201137781 8055.8814871683717 2455.1126606240869 208.93027645349503 3396.2722998261452 2268.4041737765074 2087.3897953778505
leaf_count=17592 23647 95035 7552 31877 17966 238 15802 44186 17427 49147 122924 12316 5077 38680 41200 41225 5487 36838 31151 9014 845 29097 7024 1111 43647 18175 907 17977 11131 9552
internal_value=8.88952e-05 0.0279863 -0.00561588 -0.0122055 0.00139558 -0.00897195 8.6339e-05 0.0412509 -0.0215675 -0.00421042 -0.00551939 -0.0110124 -0.00406955 0.0107044 -0.0273816 -0.0202984 0.025714 0.00622722 0.00948869 -0.00270549 -0.00329304 -0.0127815 -0.00252914 -0.0249023 -0.000531023 -0.0231567 0.0352679 -0.0126674 0.0027769 0.0104508
internal_weight=134451 22825.6 111625 57543.4 54081.8 42772.3 51319.9 12912.9 14771 30193.7 32781.3 5247.51 30292.4 9912.67 9523.52 9991.01 2761.93 21126.2 15475.7 5650.48 29539.2 5538.14 27412.6 2181.26 22900.3 2488.88 370.444 4512.3 14844.5 4355.79
internal_count=803847 195493 608354 346066 262288 242135 249249 139221 103931 156444 177263 30854 158850 56272 73077 64872 13039 92805 67989 24816 153773 30849 138478 13427 113477 18413 1752 25001 69830 20683
is_linear=0
shrinkage=0.05


Tree=41
num_leaves=31
num_cat=0
split_feature=1 9 16 12 6 22 13 12 12 13 5 0 22 22 19 24 0 22 12 1 5 22 23 22 16 23 9 19 12 12
split_gain=9889.15 2160.76 1673.18 1074.02 717.945 567.727 537.308 464.362 442.353 330.533 324.633 295.916 270.908 252.075 246.861 217.769 189.199 185.166 176.329 172.07 168.038 157.335 157.113 184.482 185.128 156.473 162.988 154.266 146.943 145.213
threshold=22.074687719345096 1.0000000180025095e-35 0.75000000000000011 2.1687306501547994 1.5000000000000002 0.47169341500000006 -33.862050147456088 6.6919504643962862 1.0758513931888547 -38.593676229045016 7.5000000000000009 2.439024925231934 0.075349397950000022 -0.48156505999999993 0.33823530375957495 5.5000000000000009 0.23925665020942691 -2.2201040999999995 1.9086687306501551 9.8725229203701037 3.5000000000000004 -1.0697576499999999 0.36691397000000009 0.19324044500000001 0.1911764740943909 1.8200016500000002 55.500000000000007 0.51470589637756359 4.5681114551083608 4.5681114551083608
decision_type=2 2 2 2 2 2 2 2 2 2 2 2 2 2 2 10 2 2 2 2 2 2 2 2 2 2 2 2 2 2
left_child=2 4 3 10 11 8 17 12 -4 20 25 -2 16 -9 -3 27 -8 -5 -16 -19 -10 -20 -15 -24 -25 26 -1 -12 -14 -7
right_child=1 14 5 6 -6 29 7 13 9 -11 15 -13 28 22 18 -17 -18 19 21 -21 -22 -23 23 24 -26 -27 -28 -29 -30 -31
leaf_value=0.0073718785111025129 0.027194598130942563 0.026551365636134264 0.0097868657017127735 0.081024484010851189 -0.018411205238019646 -0.019257160132625226 -0.00056794149755792192 0.0014634611778070691 -0.029976720509097401 -0.0091952026353196679 0.022774597501087637 0.048437329750638192 -0.00065707818173603048 0.021779576561543442 0.015832061606782671 -0.015662124119171502 0.009422276131652238 -0.017410129056400197 0.022680040270922203 -0.00052185844430857901 -0.01576770356443542 -0.0039139945000960094 -0.027176435070801277 0.032119315903561978 -0.013262195644451963 -0.014404786796929797 -0.02341537534860072 0.0086236361623338639 -0.013476590404464096 -0.031971048145923081
leaf_weight=5984.897533044219 1938.0736149773002 2235.0538312792778 2380.5427143424749 49.642642892897129 458.95068664848804 4913.937306381762 9104.8548062741756 2956.6156446486712 3064.9308121725917 22070.030027844012 5629.9832879975438 10799.808292001486 5597.5201436951756 269.66020210087299 3501.073396384716 510.44273916631937 9882.895602196455 9807.522453725338 665.4863468259573 1782.3945511728525 6494.203983001411 3358.620436668396 2805.0816917940974 235.49999160319567 4536.978808671236 1213.2114116922021 462.17989707738161 2929.7283134683967 3720.6464308947325 4147.9452239498496
leaf_count=28278 14225 11360 11476 277 1904 33197 43458 14067 24283 123379 26189 131372 28340 1408 15145 2564 44911 60902 2862 8266 43713 14412 14766 1135 27257 5741 2210 14020 20400 32572
internal_value=-5.87491e-05 0.0298025 -0.00625995 -0.00134553 0.0429939 -0.0139591 -0.00496736 -0.00216053 -0.0109954 -0.0125598 0.00964041 0.0452076 0.00120548 -0.0109787 0.0119638 0.0160406 0.00463207 -0.0143975 0.00762823 -0.0148132 -0.0203262 0.000488534 -0.0156662 -0.0170015 -0.0110166 0.00206118 0.0051615 0.0179327 -0.00577667 -0.0250796
internal_weight=133508 22957.1 110551 67479.8 13196.8 43071.6 50749.3 39109.8 34009.7 31629.2 16730.4 12737.9 28305.9 10803.8 9760.23 9070.15 18987.8 11639.6 7525.18 11589.9 9559.13 4024.11 7847.22 7577.56 4772.48 7660.29 6447.08 8559.71 9318.17 9061.88
internal_count=804089 191280 612809 344189 147501 268620 265187 195742 202851 191375 79002 145597 137109 58633 43779 42773 88369 69445 32419 69168 67996 17274 44566 43158 28392 36229 30488 40209 48740 65769
is_linear=0
shrinkage=0.05


Tree=42
num_leaves=31
num_cat=0
split_feature=7 12 10 13 18 20 12 20 22 14 16 17 22 17 11 11 15 14 11 22 4 14 13 12 16 14 10 11 20 17
split_gain=7498.71 1764.56 1645.98 1235.43 1031.74 584.306 753.734 445.889 363.805 401.809 361.449 356.737 353.553 331.46 331.414 308.872 308.269 298.615 296.112 279.246 278.778 263.687 273.036 335.562 260.457 246.589 228.187 221.038 218.351 194.564
threshold=1.0000000180025095e-35 2.3018575851393193 40.858126616477968 -31.29270957372275 180.10011291503909 -9.5233306884765607 6.8452012383900938 0.50757598876953136 0.075349397950000022 175.50000000000003 0.60294118523597728 177.64930725097659 -0.48156505999999993 157.66176605224612 8.0752066537030007 9.5080668581966847 4.0390989780426034 173.50000000000003 67.867619931397982 0.83071401500000019 81.932634789496674 197.50000000000003 -71.248739037547395 7.1718266253869976 0.33823530375957495 187.50000000000003 8.416420447826388 34.722900977490859 9.1231079101562518 187.091667175293
decision_type=2 2 10 2 2 2 2 2 2 2 2 2 2 2 2 2 2 2 2 2 2 2 2 2 2 2 10 2 2 2
left_child=1 4 10 7 13 -5 8 -3 16 27 26 -4 -8 -1 -11 29 -7 -17 25 21 -15 22 -9 28 -19 -6 -2 -10 -24 -14
right_child=2 3 11 5 18 6 12 19 9 14 -12 -13 15 20 -16 17 -18 24 -20 -21 -22 -23 23 -25 -26 -27 -28 -29 -30 -31
leaf_value=0.035621959579365384 0.01196772424425236 -0.033271822819586884 0.051538161222209035 -0.022889747571714164 -0.015439635890681494 -0.0017596677940407758 -0.00061871191109717587 -0.029615768449666992 0.041265756083489778 0.13035873498372333 0.0098085744002738059 0.028733912856181473 -0.015880410843611501 0.0037347033330468928 -0.010630873080963506 0.024909533495995922 0.0094103413188307491 0.0046097365807550635 -0.023513037201479535 -0.029190225169682019 0.015519658731922126 -0.017329566129143003 -0.0083886666021742908 -0.031319210757935305 -0.028218440845211707 0.0044913556187104837 0.03382409237243527 -0.0043333860889011519 0.014536069819778672 0.010052267021636634
leaf_weight=1274.8279300481081 1809.1499848738313 4203.9864943102002 5623.368488997221 4225.7517646327615 2590.1955226734281 12525.837961420417 4084.7765642255545 910.55903128534555 624.2890482917428 40.854941815137863 8522.8456333950162 2474.2061275690794 1589.9292557761073 10553.015061534941 10327.418437309563 308.48897274583578 12184.501213535666 664.05698126554489 2589.7232890725136 3130.7031136974692 9568.2662365138531 11783.747596926987 1727.3698311597109 726.03144361823797 6673.5078205093741 3868.2515419349074 3521.0855523347855 461.91143214702606 2602.3502796441317 1325.3064000084996
leaf_count=6222 11592 33866 73136 27888 13952 61429 20262 6611 3396 200 55879 22394 8587 50410 55811 1984 54546 3031 15217 24113 43986 74739 11213 5116 43298 18253 32705 2390 14391 7399
internal_value=-2.59955e-05 -0.00532564 0.0266674 -0.00921926 0.00492131 -0.00502745 -0.00354149 -0.0184156 0.00033401 -0.0070313 0.0161975 0.0445748 -0.0131104 0.0109069 -0.0100628 -0.0179413 0.00374835 -0.0232206 -0.00923231 -0.0154231 0.00933929 -0.0129934 -0.00442793 0.000113455 -0.0252472 -0.00350323 0.0264094 0.0218884 0.00539027 -0.00409165
internal_weight=132516 110566 21950.7 80121.4 30444.3 55036.6 50810.9 25084.7 36164.8 11454.5 13853.1 8097.57 14646.1 21396.1 10368.3 10561.3 24710.3 7646.05 9048.17 20880.8 20121.3 17750.1 5966.31 5055.75 7337.56 6458.45 5330.24 1086.2 4329.72 2915.24
internal_count=804016 608310 195706 460270 148040 290221 262333 170049 177772 61797 100176 95530 84561 100618 56011 64299 115975 48313 47422 136183 94396 112070 37331 30720 46329 32205 44297 5786 25604 15986
is_linear=0
shrinkage=0.05


Tree=43
num_leaves=31
num_cat=0
split_feature=1 9 1 16 6 22 13 19 5 16 9 13 11 24 19 6 5 25 11 22 6 22 15 24 11 11 6 15 24 11
split_gain=8648.76 1752.31 1584.48 875.355 599.658 425.746 332.394 331.84 272.144 269.384 248.38 246.178 213.175 211.773 195.313 189.21 186.66 174.862 166.044 164.2 162.751 158.534 152.687 143.527 142.11 142.093 141.722 139.777 144.951 297.068
threshold=24.532674551010135 1.0000000180025095e-35 8.9456876814365405 0.77941176295280468 1.5000000000000002 0.030713726750000003 -47.872978040031597 0.51470589637756359 1.5000000000000002 0.57352942228317272 36.500000000000007 -68.591120305375952 20.631915132800589 3.5000000000000004 0.13235294446349147 1.5000000000000002 23.500000000000004 26.426528140902523 67.392728720886808 -2.0133645499999999 1.5000000000000002 -0.31765721499999994 21.682642936706547 5.5000000000000009 41.550116399274252 21.823152354246602 1.0000000180025095e-35 21.682642936706547 6.5000000000000009 6.8989440573627379
decision_type=2 2 2 2 2 2 2 2 2 2 2 2 2 8 2 2 2 2 2 2 2 2 2 10 2 2 2 2 10 2
left_child=2 4 3 5 9 11 21 12 -3 -2 18 19 16 -8 -10 -9 -4 -13 27 -1 -16 -5 23 24 -14 -19 -11 28 29 -7
right_child=1 8 7 6 -6 10 13 15 14 26 -12 17 22 -15 20 -17 -18 25 -20 -21 -22 -23 -24 -25 -26 -27 -28 -29 -30 -31
leaf_value=0.08970925788190863 0.051839144738370473 -0.021842532112065514 0.0011846604478452137 -0.017060120872558163 -0.019382917880496287 0.029019855005910672 -0.0063898037378381598 0.0010809552376534947 0.038367908611265378 0.041313659184572797 -0.023389104061965729 -0.003602696847564273 0.004609693167842095 -0.017333756634157239 0.015528999904312658 -0.014377039733288697 -0.037237410808300814 -0.0047733876210623262 -0.021168411476891667 -0.025467164748996199 -0.0074397040760169845 -0.03345714933388013 0.031722559727864981 -0.0040234517818241496 0.015521280416014058 0.0085135534017400562 0.021234435386386193 0.031292278995203301 -0.015405620391987849 -0.0064256494713881276
leaf_weight=30.710849702358246 6559.202425532043 525.95365759730339 1459.0574954003096 2465.8754767328501 368.86442393064499 628.59669119119644 6762.2410020679235 11758.142346456647 819.21304340660572 3268.9740326330066 3504.742563508451 23683.356851764023 4787.0685125738382 12772.42665425688 5908.9718675017357 2379.3290913105011 402.50710240751505 2901.6243235096335 2327.0551639124751 1350.596563860774 886.38509722054005 3678.6021573320031 822.64430363476276 1707.6027106940746 7925.8603911846876 6559.2452095001936 1206.7310623824596 236.08729647099972 4069.4664203077555 9674.7775967940688
leaf_count=192 89643 2317 6512 18956 1536 3189 39088 55043 4741 38258 24923 119037 22065 86533 25875 11731 1939 13371 15216 9072 3820 33089 4899 8468 39889 30581 9145 1025 24949 57368
internal_value=-5.22335e-05 0.0306355 -0.00541293 -0.00911632 0.0432842 -0.00555562 -0.0167375 0.00414661 0.0129133 0.0453805 -0.0112744 -0.00216959 0.0088312 -0.0135459 0.0153165 -0.00152145 -0.00713848 -0.00130733 -0.00876618 -0.0228434 0.0125323 -0.0268806 0.0107818 0.00958512 0.0114132 0.00443841 0.0359059 -0.00678932 -0.00741697 -0.00426055
internal_weight=131432 19544.3 111888 80645.4 11403.8 54966.3 25679.1 31242.2 8140.52 11034.9 20440.7 34525.5 17104.7 19534.7 7614.57 14137.5 1861.56 33144.2 16936 1381.31 6795.36 6144.48 15243.2 14420.5 12712.9 9460.87 4475.71 14608.9 14372.8 10303.4
internal_count=802470 175335 627135 476589 138582 298923 177666 150546 36753 137046 126670 172253 83772 125621 34436 66774 8451 162989 101747 9264 29695 52045 75321 70422 61954 43952 47403 86531 85506 60557
is_linear=0
shrinkage=0.05


Tree=44
num_leaves=31
num_cat=0
split_feature=1 7 18 20 1 22 14 6 21 15 22 13 22 14 21 18 14 22 21 14 13 21 6 21 9 18 13 13 22 22
split_gain=7947.17 1776.99 1381.84 991.735 809.538 609.215 603.385 579.43 470.861 417.182 330.585 276.45 255.055 245.207 433.278 427.784 332.429 267.65 235.047 229.467 303.302 286.016 220.426 215.044 205.928 201.462 197.443 193.257 188.496 174.487
threshold=24.532674551010135 1.0000000180025095e-35 175.95359802246097 5.8208541870117196 11.480384007096292 -0.15288999499999997 251.50000000000003 1.0000000180025095e-35 -0.11077783999999999 18.856004714965824 -0.25984330499999997 -21.031460480505004 0.77527007500000011 206.50000000000003 -1.0077569499999999 163.92513275146487 265.50000000000006 1.7426737500000002 0.26034356500000005 184.50000000000003 -24.450221868837392 -0.19994983999999996 1.5000000000000002 0.50852495500000006 7.5000000000000009 160.38235473632815 -57.573885239995199 -66.013766264733221 0.94406590000000012 0.16993466000000004
decision_type=2 2 2 2 2 2 2 2 2 2 2 2 2 2 2 2 2 2 2 2 2 2 2 2 2 2 2 2 2 2
left_child=2 25 4 11 9 8 12 -3 -5 10 18 -4 -7 14 28 -16 -15 19 -1 20 -17 -21 -9 29 -18 -2 -10 -23 -12 -8
right_child=1 7 3 5 -6 6 23 22 26 -11 13 -13 -14 16 15 17 24 -19 -20 21 -22 27 -24 -25 -26 -27 -28 -29 -30 -31
leaf_value=-0.0028926716017065031 0.034365483367774556 0.048198817183139682 -0.030111103194959646 0.0068501703504799116 0.0099435199134384547 -0.015944400186859706 -0.0087555402355973325 0.026414160272941085 -0.029301700484295715 0.022855645197064643 -0.030024880053932113 -0.015386312316090915 -0.032896241067685926 -0.015196555724589176 0.033307123246305102 -0.023007649836994735 -0.014409170792077637 -0.042628791389248022 0.0083208704424014551 -0.017281286802839423 0.0089604214627648816 -0.0055108200905392415 -0.016129568825585489 -0.011565174401683059 0.014118724662439318 0.0092021160167253657 -0.0064689468307719232 0.033897452976239813 0.0068685593806091464 0.017390228832097381
leaf_weight=18184.895577996969 893.93557611107826 9092.7332322895527 7006.9859238117933 9565.3064122200012 14843.972715429962 7716.7066030576825 943.58223410695791 1622.8770733103156 1100.8558998629451 1474.8165920302272 1557.0714790076017 5854.6095593348145 3116.2713310346007 13185.920305497944 1091.096091195941 1494.5423662960529 984.16357050091028 358.79445642232895 6288.2624269351363 548.09448235481977 1471.6867058947682 411.29103624820709 374.00055748224258 2289.3205587640405 1766.6706050261855 7170.4517596513033 6737.076818600297 1272.8748131841421 444.70172766596079 1966.907336525619
leaf_count=88286 5221 125270 55293 48229 74661 52269 4970 12900 7581 6488 9312 35945 24596 75533 5012 10144 4807 2684 30873 3682 8667 2786 1552 13130 8784 31363 34104 7337 2747 10566
internal_value=0.000101378 0.0298564 -0.00500223 -0.0116115 -0.00032183 -0.00707241 -0.0141038 0.0428427 -0.00059432 -0.00333728 -0.00412513 -0.0234101 -0.0208234 -0.00821988 -0.00144208 0.00469878 -0.0118984 -0.000923061 -1.11826e-05 0.00196307 -0.0071491 0.0140691 0.0184419 -0.000103047 0.0039108 0.0119954 -0.00967919 0.024276 -0.0218295 0.00891366
internal_weight=130830 19154 111676 46297.6 65378.9 33436 16032.8 11089.6 17403.2 50534.9 49060.1 12861.6 10833 24586.9 8650.15 6648.38 15936.8 5557.28 24473.2 5198.49 2966.23 2232.26 1996.88 5199.81 2750.83 8064.39 7837.93 1684.17 2001.77 2910.49
internal_count=804792 176306 628486 286683 341803 195445 105531 139722 89914 267142 260654 91238 76865 141495 52371 40312 89124 35300 119159 32616 18811 13805 14452 28666 13591 36584 41685 10123 12059 15536
is_linear=0
shrinkage=0.05


Tree=45
num_leaves=31
num_cat=0
split_feature=1 16 0 6 18 12 20 5 12 20 18 12 20 18 18 1 12 20 20 12 12 12 20 20 1 15 5 10 10 10
split_gain=7421.96 1640.58 1397.22 625.713 519.435 627.341 477.578 465.691 435.591 424.758 423.203 295.482 293.838 268.451 215.716 192.931 179.43 182.016 302.876 174.227 205.733 174.154 174.043 155.361 146.389 144.155 143.888 182.569 141.871 140.669
threshold=22.478994846343998 0.51470589637756359 0.23925665020942691 1.5000000000000002 173.07765197753909 3.5959752321981431 7.6948242187500009 7.5000000000000009 2.6068111455108363 58.656867980957038 174.26782989501956 0.65944272445820451 6.7537841796875009 161.1470642089844 180.41287994384768 31.760971546173099 1.0758513931888547 44.238334655761726 11.059715270996096 6.6919504643962862 11.291021671826627 5.215170278637772 80.265686035156264 41.358283996582038 10.032814383506777 3.708223938941956 1.5000000000000002 93.063600182533278 55.21989285945893 37.669104519486432
decision_type=2 2 2 2 2 2 2 2 2 2 2 2 2 2 2 2 2 2 2 2 2 2 2 2 2 2 2 8 8 10
left_child=2 15 6 7 5 16 10 26 14 13 -1 -6 28 -7 -8 -2 -4 18 -18 25 -21 -12 24 -22 -14 -10 -3 -28 -13 -9
right_child=1 3 4 -5 11 9 8 29 19 -11 21 12 22 -15 -16 -17 17 -19 -20 20 23 -23 -24 -25 -26 -27 27 -29 -30 -31
leaf_value=-0.0077398871436532811 0.031347756497926427 -0.016385160993412952 0.024111672993627948 -0.012674057861554358 0.02174881308454488 0.021261117610392729 0.0076000303115856139 0.025310212070011853 -0.011788609263521861 -0.013970989853333823 -0.020603305726533353 -0.018741409987940466 -0.0082118123235110346 -0.00057869417559485662 -0.0091895483054043967 0.051956173103428982 0.005310437577175359 0.0040767003745070746 0.027600737390230331 -0.018642842027973394 -0.021735717317344121 -0.035855313301274644 0.010211942511263403 0.0096808721870688882 0.002283600609260326 -0.0036887457840823409 0.010010231552354736 0.04013770583163348 0.0056733731674267441 0.04087831181165693
leaf_weight=5806.7326054051518 1448.9405253827572 444.6265801936388 2557.4359798952937 1518.1207559704781 1004.8388969376683 1823.6801323071122 5832.4418227449059 4521.4367688149214 11501.990175515413 5178.3084201589227 6494.1081090718508 4978.1836323365569 9790.2419440448284 6147.1898363903165 2845.754994161427 5354.0273403227329 3203.7192441150546 6925.9199417755008 2906.5921193957329 9231.9077358990908 574.25995042175055 2633.5817824825644 2270.7461415380239 1244.5843395590782 5028.2071349620819 10516.271570712328 4757.9285431802273 561.50407908856869 675.31183785945177 2143.7131097763777
leaf_count=32915 13042 1900 12148 6532 4776 8855 29087 33297 73346 24890 49264 29569 54990 30911 16224 78252 15205 32776 14193 60265 3578 23280 10574 6647 23123 56304 28683 3095 3123 23411
internal_value=3.22569e-05 0.0274429 -0.00517788 0.0176219 0.000700109 0.00522108 -0.0106211 0.0213231 -0.00787576 -0.00282302 -0.0182945 -0.00477185 -0.00594451 0.00442014 0.00209397 0.0475721 0.0120039 0.00962698 0.0159164 -0.0104921 -0.015615 -0.0250074 -0.00267523 -0.000244716 -0.00465059 -0.00792033 0.010913 0.0131973 -0.0158246 0.0303228
internal_weight=129922 20750.3 109172 13947.3 52490.4 28742.8 56681.6 12429.2 41747.2 13149.2 14934.4 23747.5 22742.7 7970.87 8678.2 6802.97 15593.7 13036.2 6110.31 33069 11050.8 9127.69 17089.2 1818.84 14818.4 22018.3 5764.06 5319.43 5653.5 6665.15
internal_count=804255 188212 616043 96918 265133 138978 350910 90386 245451 64656 105459 126155 121379 39766 45311 91294 74322 62174 29398 200140 70490 72544 88687 10225 78113 129650 33678 31778 32692 56708
is_linear=0
shrinkage=0.05


Tree=46
num_leaves=31
num_cat=0
split_feature=1 7 1 19 14 24 11 14 16 17 14 21 25 14 21 14 5 20 11 11 14 20 21 17 5 24 24 21 5 14
split_gain=6662.31 1762.42 1299.6 816.266 646.388 641.098 423.103 449.425 410.278 312.61 301.542 326.942 264.538 247.109 235.267 234.259 237.308 231.286 229.272 224.065 220.759 257.421 335.826 211.866 211.309 204.636 192.583 188.216 176.254 216.094
threshold=24.532674551010135 1.0000000180025095e-35 10.032814383506777 0.51470589637756359 261.50000000000006 3.5000000000000004 21.205184842975978 186.50000000000003 0.54411765933036815 188.31666564941409 250.50000000000003 1.0291663500000003 25.014834511280064 247.50000000000003 -0.71756502999999994 217.50000000000003 9.5000000000000018 8.6715698242187518 21.823152354246602 48.568307223703847 266.50000000000006 61.970138549804695 -0.62302365999999998 158.54411315917972 1.5000000000000002 2.5000000000000004 2.5000000000000004 -1.5734585999999997 3.5000000000000004 206.50000000000003
decision_type=2 2 2 2 2 10 2 2 2 2 2 2 2 2 2 2 2 2 2 2 2 2 2 2 2 8 8 2 2 2
left_child=2 24 3 12 5 6 -5 -8 -3 15 -7 -12 20 19 -15 16 -4 -11 -14 -9 21 22 -1 -20 -2 -23 -19 -6 -21 -30
right_child=1 8 9 4 27 10 7 13 -10 17 11 -13 18 14 -16 -17 -18 26 23 28 -22 25 -24 -25 -26 -27 -28 -29 29 -31
leaf_value=-0.014754086199170013 -0.020769364120725151 0.050946793851713204 0.0074789541039645153 0.0024974979611754396 0.038227692111638352 -0.028509161407206964 -0.024319510535235032 -0.00071081491416538157 0.030917640222854689 -0.014026577999123305 0.019270904490757676 -0.026751015163704581 -0.0060273057975826173 0.040294149398032386 -0.02688976474845773 0.0030191779267019357 0.023938725660011879 0.017904755813673644 0.024707656350419081 -0.027112365371435784 0.014508197934013565 0.0032522224991527876 0.0027186145715103814 0.003719789373473495 0.012599727308927836 -0.020694552259855864 -0.0014278492990114511 0.0018488213718076648 0.0038370952267945181 -0.015570770216899805
leaf_weight=4243.7724928334355 505.60646884143353 5582.7318065613508 4919.4392769932747 5186.7375000938773 382.81703002750874 8786.7309089079499 6658.958860129118 7725.194583080709 4730.2340000011027 2820.314195483923 744.87315604090691 798.66080164909363 5833.6900976449251 136.65828277915716 2482.5021128579974 8029.3273252621293 3947.5090399309993 1639.8234405517578 1344.98643027246 1666.7904474884272 1202.5306715145707 1097.4226571917534 7808.6913383230567 11281.355973042548 7492.4821832329035 4762.2706580609083 5993.309549741447 4829.2626306191087 2195.582773566246 4133.4256307482719
leaf_count=22655 2234 86303 23170 30723 1731 71262 50778 43115 52825 13700 4740 5049 29319 654 13901 39450 21402 7540 5879 13491 5813 4867 42427 57271 34346 25522 28239 24664 14425 26070
internal_value=0.000168504 0.0281042 -0.00445457 -0.0075594 -0.0120459 -0.014178 -0.010498 -0.0131943 0.0417639 0.00500218 -0.0249291 -0.00454382 -0.00209922 -0.0091538 -0.0233703 0.00920663 0.0148086 -0.00179386 0.0021698 -0.00678396 -0.00622194 -0.00761438 -0.00343438 0.00595724 0.0104879 -0.0162099 0.00272717 0.0045276 -0.0126507 -0.00883849
internal_weight=128964 18311.1 110653 83302.9 45728.2 40516.1 30185.9 24999.1 10313 27349.7 10330.3 1543.53 37574.7 18340.2 2619.16 16896.3 8866.95 10453.4 18460 15721 19114.7 17912.2 12052.5 12626.3 7998.09 5859.69 7633.13 5212.08 7995.8 6329.01
internal_count=803565 175708 627857 494356 300603 274208 193157 162434 139128 133501 81051 9789 193753 111656 14555 84022 44572 49479 92469 97101 101284 95471 65082 63150 36580 30389 35779 26395 53986 40495
is_linear=0
shrinkage=0.05


Tree=47
num_leaves=31
num_cat=0
split_feature=10 18 10 13 15 18 15 14 14 18 21 14 15 14 18 14 14 9 23 23 14 21 14 10 14 14 21 4 14 21
split_gain=5227.88 1386.76 1204.97 766.1 543.818 420.292 346.793 290.573 290.517 340.162 207.252 316.722 198.05 163.858 153.043 151.226 170.655 150.676 142.388 139.006 136.522 134.426 233.131 135.672 132.726 181.467 128.572 127.574 127.069 180.123
threshold=19.867960040271281 163.92513275146487 -7.8506229460239405 -58.495258846369218 3.4690937995910649 179.79221343994143 19.744426727294925 175.50000000000003 183.50000000000003 175.58020782470706 -0.76345792499999987 241.50000000000003 11.53325414657593 218.50000000000003 178.55698394775393 230.50000000000003 225.50000000000003 35.500000000000007 0.13422438000000003 1.57960955 192.50000000000003 -1.0488714999999997 241.50000000000003 5.5521471783518797 262.50000000000006 256.50000000000006 -2.1536850999999992 25.399999752640728 269.50000000000006 -0.76345792499999987
decision_type=10 2 8 2 2 2 2 2 2 2 2 2 2 2 2 2 2 2 2 2 2 2 2 8 2 2 2 2 2 2
left_child=2 -2 3 14 8 12 18 -3 9 -5 11 15 21 -14 -1 16 26 24 -6 -17 -7 22 -4 -23 25 -12 27 -10 -20 -30
right_child=1 7 5 4 6 20 -8 -9 10 -11 17 -13 13 -15 -16 19 -18 -19 28 -21 -22 23 -24 -25 -26 -27 -28 -29 29 -31
leaf_value=-0.01529944533513607 0.047564309683846444 -0.0049601802493832474 -0.0079435034550851356 -0.0067787896628578913 0.031840743518434737 -0.013666784407416914 0.021671478822054002 0.019719059217772408 0.11491555134671597 -0.026460399977209104 -0.0067077725550732659 0.020066159305105736 0.031345010145899584 0.003467150845727145 -0.029002787050328833 -0.040930728232122744 0.018628271608739169 -0.01715874872522187 -0.0036508093711739419 0.0047366203867931344 -0.0011556231727231502 0.0036729599030507231 0.025571539082547775 0.011617536440535564 0.0066281915086035918 -0.028980782787984907 -0.0091148014080459916 0.0069507870114376494 0.04268737917918404 0.0028879701001934092
leaf_weight=4257.2046967372298 5549.0513101816177 1401.694919154048 3525.3916130810976 3841.0157316029072 299.19385067373514 3409.8658331334591 1559.5808828026056 7984.8542911894619 40.042007878422737 5125.799194201827 8029.6394298523664 1529.0494659617543 1387.5080072954297 850.06009697914124 3915.3391930088401 521.9724348038435 792.50576321035624 5467.929264202714 30645.368257082999 244.27375237643719 6045.0608602166176 13670.062443695962 607.40151561051607 8855.4529607370496 1539.9925001114607 1031.2312068790197 3195.821603178978 82.509307689964771 323.86502715945244 2277.4732044935226
leaf_count=30366 82927 9638 17634 24507 1512 18365 7299 61047 251 42146 49324 8051 9849 5922 34489 3130 3913 36190 160858 1310 29886 64752 3009 49695 7998 6098 19801 431 1476 10869
internal_value=-5.06349e-05 0.0277506 -0.00372314 -0.00742099 -0.00564657 0.00348146 -0.00136891 0.0160336 -0.0104225 -0.0180313 -0.00738612 0.000218257 0.00647554 0.0207604 -0.0218672 -0.00600719 -0.00220336 -0.0104176 -0.0024407 -0.0263851 -0.00566867 0.0052758 -0.00301276 0.00679659 -0.00693921 -0.00924562 -0.00718255 0.0428714 -0.00275015 0.00785747
internal_weight=128006 14935.6 113071 74719.8 66547.3 38350.8 35105.5 9386.55 31441.8 8966.81 22475 6406.17 28895.9 2237.57 8172.54 4877.12 4110.88 16068.8 33545.9 766.246 9454.93 26658.3 4132.79 22525.5 10600.9 9060.87 3318.37 122.551 33246.7 2601.34
internal_count=802743 153612 649131 450019 385164 199112 182014 70685 203150 66653 136497 36887 150861 15771 64855 28836 24396 99610 174715 4440 48251 135090 20643 114447 63420 55422 20483 682 173203 12345
is_linear=0
shrinkage=0.05


Tree=48
num_leaves=31
num_cat=0
split_feature=0 2 12 13 17 11 15 20 20 12 20 20 15 12 22 14 12 13 17 11 14 23 14 12 12 25 22 19 20 14
split_gain=4615.65 2210.49 1085.62 727.409 564.97 373.987 358.253 339.406 330.464 336.307 318.434 302.279 272.483 255.747 251.024 243.035 259.648 321.139 233.886 225.706 221.577 250.731 219.189 239.599 197.352 186.152 181.176 175.734 164.501 219.974
threshold=3.4395794868469243 81.892621934413924 2.6517027863777094 -30.252669634084118 188.74206542968753 78.93579828544253 3.1634618043899541 2.4766693115234379 -3.4393386840820308 2.3668730650154806 0.50757598876953136 -2.4217987060546871 24.162032127380375 6.8452012383900938 -0.15288999499999997 197.50000000000003 6.1377708978328185 -71.248739037547395 176.39368438720706 29.781702899261621 214.50000000000003 1.0344751000000001 184.50000000000003 5.9674922600619196 0.78482972136222917 25.070076999068263 -0.48156505999999993 0.51470589637756359 -11.365150451660154 245.50000000000003
decision_type=2 2 2 2 2 2 2 2 2 2 2 2 2 2 2 2 2 2 2 2 2 2 2 2 2 2 2 2 2 2
left_child=2 8 4 10 11 7 -5 19 24 27 -4 -1 13 28 -11 16 17 -12 -3 -6 21 -13 -19 -24 -2 -22 -15 -10 -8 -30
right_child=1 18 3 6 5 -7 12 -9 9 14 15 20 -14 26 -16 -17 -18 22 -20 -21 25 -23 23 -25 -26 -27 -28 -29 29 -31
leaf_value=-0.0040672893354762917 0.01877868239412965 0.047985347755778784 -0.032097699806283513 -0.011913828531741623 -0.00078890644168292756 -0.023476271569389112 -0.021550697794735525 0.004227321695600467 0.025410290545627323 0.013252774262249016 -0.031130195429346127 0.033618815051611649 0.026125267602245442 0.0018586147722202595 -2.7810070907362409e-05 -0.018891952911871377 -0.023835347536953915 -0.0083678748461868385 0.026448831370515069 -0.025370198515591105 0.0006118512819570423 0.0098111539020508051 0.013804688484658318 0.10183910681118771 -0.0086717643684090257 0.016158252205626781 -0.01542828867691398 0.012123529501326315 0.0058522252674262677 -0.0054062598943653275
leaf_weight=3725.1515816673636 810.61219770461321 4649.9130073376 3111.5004084408283 15492.583633437753 1734.6986932009459 2358.3718556389213 848.9473852366209 7911.028899461031 5061.0287919305265 7438.7791356444359 672.14950701594353 2107.0983400978148 812.05961875990033 2059.7192000932992 6819.6884969808161 11362.508638888597 1512.1563161835074 1414.2842963784933 1735.6153703182936 2021.9239733293653 4571.8149990774691 2328.7110351622105 1904.8525746464729 79.598599046468735 3387.3727642446756 3325.6784617193043 5735.1819847859442 4902.0492522530258 10001.84691273421 7660.868464525789
leaf_count=18868 3737 76889 29031 97179 9976 16045 5863 41512 33773 39802 5582 10718 4259 10100 37112 80924 11759 9066 17915 13688 22448 11384 11998 466 16786 16065 34880 28131 49355 38698
internal_value=2.96948e-05 0.015556 -0.00579659 -0.00954449 0.00201064 -0.00532072 -0.00584846 -0.00164926 0.00958236 0.0118269 -0.017396 0.00841403 -0.00238307 -0.00326406 0.00690124 -0.0146948 -0.00615092 0.000422309 0.0421367 -0.0140225 0.0121839 0.0211253 0.0066696 0.0173854 -0.003368 0.00715974 -0.0108608 0.0188748 -6.48258e-05 0.000969041
internal_weight=127558 34805.1 92752.7 62668.3 30084.5 14026 42611.2 11667.7 28419.5 24221.5 20057.1 16058.5 27118.6 26306.6 14258.5 16945.5 5583.04 4070.88 6385.53 3756.62 12333.3 4435.81 3398.74 1984.45 4197.98 7897.49 7794.9 9963.08 18511.7 17662.7
internal_count=804009 254145 549864 389160 160704 81221 240334 65176 159341 138818 148826 79483 143155 138896 76914 119795 38871 27112 94804 23664 60615 22102 21530 12464 20523 38513 44980 61904 93916 88053
is_linear=0
shrinkage=0.05


Tree=49
num_leaves=31
num_cat=0
split_feature=10 16 19 13 20 16 10 14 21 21 20 11 10 21 10 25 14 5 21 11 21 23 21 11 14 4 23 11 10 14
split_gain=4520.06 1217.38 1118.53 718.676 520.212 488.594 420.694 402.37 393.377 270.971 252.956 215.892 214.92 212.721 240.642 211.192 202.323 177.679 197.326 165.912 164.118 216.587 285.751 210.052 195.361 196.107 210.694 182.125 163.042 150.225
threshold=22.731988418102265 0.54411765933036815 0.51470589637756359 -27.609807453530582 1.492424011230469 0.25000000745058065 -5.9112220421433443 225.50000000000003 -1.5734585999999997 -0.087392471699999988 9.615272521972658 20.8831020716474 -8.1270688518881773 -0.39809499499999995 -16.024800756573676 21.937666288018232 206.50000000000003 1.5000000000000002 0.47868277500000006 19.299244392351842 0.54695698500000012 1.2220550500000003 -1.4417803499999997 8.531781322423706 237.50000000000003 98.471542552113547 0.29784916500000008 21.205184842975978 -5.9112220421433443 219.50000000000003
decision_type=10 2 2 2 2 2 8 2 2 2 2 2 8 2 10 2 2 2 2 2 2 2 2 2 2 2 2 2 10 2
left_child=2 -2 5 4 -4 9 11 12 -9 29 -3 -7 -5 -6 -15 -13 -16 18 -8 -11 21 24 -23 -22 -10 26 -26 -25 -19 -1
right_child=1 10 3 7 13 6 17 8 20 19 -12 15 -14 14 16 -17 -18 28 -20 -21 23 22 -24 27 25 -27 -28 -29 -30 -31
leaf_value=0.020308426542807657 0.047079372249072486 -0.0019988880940337776 -0.029231514212169615 -0.014727836858471351 -0.0036839604699951305 -0.0098764659158939797 -0.013256446817064189 0.036934354975030066 0.014762303850109995 -0.008434527784205911 0.020152434138909384 -0.0071285034755173039 -0.002971646544212708 -0.020215945497925169 0.0043036785062624131 0.0026269427059853853 -0.013680599025933479 0.036584232285757246 0.021840476719745115 0.048231384000447963 0.03268746754517525 -0.030140239161227468 0.01825247510236349 -0.031291758916304438 0.02069306229119855 0.0063612929231516499 -0.014807363097163767 -0.005193979163208128 0.0081401636088468329 -0.0057395669949085086
leaf_weight=1478.9129254706204 5026.9622217342257 1603.7212394848466 4668.3369144871831 7714.3689609244466 7034.4698644131422 7666.5732180252671 1844.1347281634808 782.19122794270515 1632.9193466231227 149.05427608639002 6558.5635473281145 7969.5696688815951 7837.2889862656593 7880.5994656682014 2398.0132735222578 18250.791791401803 4492.6815523207188 521.34219202399254 510.54778874665499 954.38153206929564 291.38967699557543 335.27466601878405 3293.4549800753593 873.05575265735388 467.69530460983515 2614.8209868371487 3867.5404592752457 2845.0360483452678 14270.765581641346 883.66470356658101
leaf_count=8804 81492 11309 40801 53130 45227 41437 8690 3564 8474 811 52086 42550 40621 62023 13903 92751 25151 2655 2390 6369 1547 1759 16243 5824 2359 13095 21288 14899 77614 4941
internal_value=2.04283e-05 0.0277248 -0.00319835 -0.00796704 -0.0140848 0.00196671 0.000732759 -0.00299174 0.00232434 0.02013 0.0158004 -0.00249647 -0.00880385 -0.0108409 -0.0142487 -0.000338343 -0.00742222 0.00711442 -0.00564061 0.0405761 0.000653261 0.00353508 0.0137742 -0.00812259 -0.000794938 -0.00445172 -0.0109736 -0.0113288 0.00914507 0.0105675
internal_weight=126718 13189.2 113529 59029.1 26474.1 54499.7 51033.7 32555 17003.4 3466.01 8162.28 33886.9 15551.7 21805.8 14771.3 26220.4 6890.69 17146.8 2354.68 1103.44 16221.2 12211.7 3628.73 4009.48 8582.98 6950.06 4335.24 3718.09 14792.1 2362.58
internal_count=803807 144887 658920 369908 187105 289012 268087 182803 89052 20925 63395 176738 93751 146304 101077 135301 39054 91349 11080 7180 85488 63218 18002 22270 45216 36742 23647 20723 80269 13745
is_linear=0
shrinkage=0.05


Tree=50
num_leaves=31
num_cat=0
split_feature=10 12 16 13 12 17 16 21 14 14 21 14 22 14 14 17 19 22 21 22 22 22 11 22 11 11 12 11 23 5
split_gain=4080.57 1355.44 1180.19 844.269 559.375 543.762 411.704 397.835 467.895 345.246 322.676 320.115 309.968 325.716 402.35 308.495 306.443 301.996 288.198 344.516 274.801 366.502 268.584 263.968 260.723 254.854 252.194 347.292 238.123 224.529
threshold=23.705044347047806 2.0154798761609913 0.54411765933036815 -33.493582063541957 6.8452012383900938 195.03556060791018 0.60294118523597728 -0.94070410999999987 240.50000000000003 217.50000000000003 -1.2828898499999999 179.50000000000003 0.47169341500000006 244.50000000000003 261.50000000000006 188.01666259765628 0.51470589637756359 -0.48156505999999993 -0.42715842999999992 -0.42777149499999995 0.93355476500000012 -0.20170999999999997 20.03343528257712 -2.2201040999999995 9.5080668581966847 67.867619931397982 0.65944272445820451 82.65392149874117 1.1838822000000004 5.5000000000000009
decision_type=10 2 2 2 2 2 2 2 2 2 2 2 2 2 2 2 2 2 2 2 2 2 2 2 2 2 2 2 2 2
left_child=1 5 -2 16 6 10 9 8 20 28 -1 15 13 -13 22 -9 23 -6 19 -18 21 -8 -15 -3 -19 29 -12 -28 -5 -7
right_child=2 3 -4 4 17 25 7 11 -10 -11 26 12 -14 14 -16 -17 18 24 -20 -21 -22 -23 -24 -25 -26 -27 27 -29 -30 -31
leaf_value=-0.0074227609564010673 0.046791546889522057 0.091141674012143514 0.015134786725893096 0.026684226614853299 0.00015165204191782452 -0.0079956312902678926 0.005286152806817622 -0.0053371236936290744 0.029905741544023225 -0.00019862088374710216 0.030929095167286598 0.0067507888148252843 -0.015169457869720996 0.011314519030606277 0.0042223258542058058 -0.027163835608724797 0.0040584305148599637 -0.0027464421164279653 -0.023136659648326317 -0.021511022801908072 0.045348104881439644 -0.024959109090100958 -0.022846731617211 -0.0072299898308366556 -0.020288311136051427 -0.018512249034490655 0.014257210045089187 -0.008945700952766051 0.0062363530768126414 0.013204109504427325
leaf_weight=2041.0276086628437 4751.4493024274707 67.736239202320576 7741.5832511857152 2905.7636168785393 4172.9752658642828 2748.5116979256272 3944.990396823734 3518.4409762620926 1755.3289319761097 6489.9803034067154 1870.7520698793232 9040.4643739573658 4072.5708806738257 681.56176432967186 4174.331724666059 2998.4861194640398 2640.3810851126909 2877.0395127944648 10052.262128069997 2627.5826356261969 318.66389334201813 1341.3588780090213 3673.7032425701618 8727.8577271476388 8033.5745895542204 2279.3767487928271 13492.557764668018 1830.9039602316916 2792.3085699081421 2287.5619340837002
leaf_count=10223 80501 374 60927 15476 21771 14458 20432 19127 8737 32385 10135 46227 24413 3572 20152 21070 18356 16108 82100 22201 2055 8253 19189 50890 54931 13869 68322 10750 14559 11376
internal_value=5.72199e-05 -0.00292925 0.0271775 -0.0059499 -0.00289571 0.00695799 -0.000242083 -0.00296291 0.00738663 0.00768686 0.0113706 -0.00566823 -0.00274258 0.000138553 -0.00686968 -0.0153824 -0.0139018 -0.0112883 -0.0181723 -0.0086969 0.000330213 -0.00239155 -0.0174994 -0.00646214 -0.0156633 -0.00464441 0.0136017 0.0114844 0.0166667 0.00163475
internal_weight=125951 113458 12493 86907.4 62791.5 26550.7 47708 35519.9 7360.34 12188.1 19235.2 28159.6 21642.6 17570.1 8529.6 6516.93 24115.8 15083.6 15320.2 5267.96 5605.01 5286.35 4355.27 8795.59 10910.6 7315.45 17194.2 15323.5 5698.07 5036.07
internal_count=802939 661511 141428 522378 348457 139133 255647 193227 39477 62420 99430 153750 113553 89140 42913 40197 173921 92810 122657 40557 30740 28685 22761 51264 71039 39703 89207 79072 30035 25834
is_linear=0
shrinkage=0.05


Tree=51
num_leaves=31
num_cat=0
split_feature=10 0 6 10 22 16 12 11 5 11 12 22 5 21 5 22 12 11 12 12 11 5 11 12 22 21 21 11 11 12
split_gain=3839.97 1766.57 895.42 646.877 587.34 449.036 414.271 335.64 340.008 283.551 549.526 282.281 258.865 242.945 232.049 217.429 205.527 237.556 191.471 212.999 257.029 337.763 185.779 183.996 283.034 170.69 182.086 296.335 285.537 169.712
threshold=33.313863700628289 1.4103196859359743 1.5000000000000002 4.4914487957954412 0.48771763000000007 0.54411765933036815 1.7647058823529413 47.770250197269327 3.5000000000000004 47.266789810287982 3.6795665634674926 -1.1087322999999998 6.5000000000000009 0.43916224000000009 9.5000000000000018 -0.19567234999999997 4.2554179566563475 66.271986887747019 7.5123839009287936 10.332817337461302 11.857232115548266 5.5000000000000009 9.5080668581966847 5.3374613003095988 0.87445149000000011 1.6484033000000002 1.2578024500000002 24.252350459250138 44.126377676085987 3.535603715170279
decision_type=10 2 2 8 2 2 2 2 2 2 2 2 2 2 2 2 2 2 2 2 2 2 2 2 2 2 2 2 2 2
left_child=1 4 5 15 6 -2 12 11 -9 10 -6 -8 -1 23 -5 -3 17 -17 25 -20 21 -21 -15 24 -12 26 -13 -28 -29 -10
right_child=2 3 -4 14 9 -7 7 8 29 -11 13 18 -14 22 -16 16 -18 -19 19 20 -22 -23 -24 -25 -26 -27 27 28 -30 -31
leaf_value=-0.0034678620712241207 0.050242449942723623 0.0059373196715091156 -0.0061525466080979531 0.00966536746271081 0.0099436092821861225 0.026175045413062006 0.0059434414191284514 -0.028274004404372607 -0.0038904248051854448 -0.025669020231555425 -0.020060011673805583 -0.0041335453214922683 0.013453487354083166 -0.00095175218395361313 0.024067576757210218 0.0074151519810397859 -0.01021021483212891 -0.010206302502149874 -0.019429416937612427 0.048806485256407281 -0.020984073288353382 -0.010223201189284617 -0.038224228691602337 -0.016800512524514016 0.027939373949981267 -0.033687656478898487 -0.041759017083056786 0.061053232793779888 -0.0098604044156594198 -0.01646396263642318
leaf_weight=4473.161808848381 3777.7287803217769 16708.003255605698 1355.3020539134741 6372.8837410248816 2382.1724680811167 3988.0389511920512 5961.6632560491562 2926.9429654106498 6466.6513050571084 4933.0439668819308 583.25579586625099 22438.773311778903 4566.9108277782798 409.17067284137011 4986.4418796412647 6379.468206487596 5353.4427992254496 2730.362490773201 4532.251679033041 466.39556425064802 734.5422256141901 502.66913648694754 1827.7981172502041 4215.3038522899151 646.51510459929705 470.91168693453074 152.17322224378586 399.4244215413928 219.52856884896755 4587.6417971998453
leaf_count=23124 71955 78858 6067 37043 13708 38307 30592 26024 39326 40860 4052 124934 21868 2593 44654 30636 26866 14220 28813 2326 4579 2471 14204 32007 4304 2946 1003 2443 1275 31519
internal_value=0.00010415 -0.00234346 0.0313439 0.00577484 -0.00701588 0.0378878 -0.0047664 -0.00655192 -0.0131234 -0.0158495 -0.0110343 -0.00399084 0.0050811 -0.0175399 0.0159891 0.0020522 -0.002436 0.00213318 -0.00597063 -0.013765 0.00130714 0.0182079 -0.0314101 -0.011837 0.00517642 -0.00391765 -0.00331221 0.0205618 0.0359264 -0.00910959
internal_weight=125549 116428 9121.07 42530.6 73896.9 7765.77 58899.6 49859.6 13981.2 14997.3 10064.2 35878.3 9040.07 7682.04 11359.3 31171.3 14463.3 9109.83 29916.7 6235.86 1703.61 969.065 2236.97 5445.07 1229.77 23680.8 23209.9 771.126 618.953 11054.3
internal_count=803577 687248 116329 232277 454971 110262 343243 298251 96869 111728 70868 201382 44992 57160 81697 150580 71722 44856 170790 38189 9376 4797 16797 40363 8356 132601 129655 4721 3718 70845
is_linear=0
shrinkage=0.05


Tree=52
num_leaves=31
num_cat=0
split_feature=1 7 6 6 13 1 20 24 7 22 20 19 25 6 20 25 20 19 11 25 21 22 20 11 21 4 20 22 23 11
split_gain=4718.83 1338.08 1012.33 516.632 516.074 445.632 324.983 363.348 285.19 223.419 210.977 292.103 205.863 204.542 190.672 186.954 243.885 247.778 182.49 168.671 168.212 200.356 177.598 159.848 154.373 149.69 144.665 129.166 124.185 124.092
threshold=27.307104259729389 1.0000000180025095e-35 1.5000000000000002 1.0000000180025095e-35 -47.872978040031597 12.063337847590448 -11.365150451660154 4.5000000000000009 1.0000000180025095e-35 -0.31765721499999994 64.864372253417983 0.39705882966518408 25.14572632312775 1.5000000000000002 9.1231079101562518 25.014834511280064 92.26871490478517 0.57352942228317272 78.93579828544253 31.871143794059758 0.62234553500000012 0.21535670000000004 105.83823394775392 29.290478826860898 0.76635733000000006 28.382455227896575 102.1791458129883 0.84008500000000008 1.9981602000000003 71.033626906423862
decision_type=2 2 2 2 2 2 2 10 2 2 2 2 2 2 2 2 2 2 2 2 2 2 2 2 2 2 2 2 2 2
left_child=2 19 5 -3 9 18 23 15 -7 25 11 -9 -10 -5 -11 26 17 -17 -1 -2 22 28 -12 -6 -18 -4 -8 -16 -22 -27
right_child=1 3 4 13 6 8 7 10 12 14 20 -13 -14 -15 27 16 24 -19 -20 -21 21 -23 -24 -25 -26 29 -28 -29 -30 -31
leaf_value=-0.00065216070200862109 0.0076997181251549224 0.046551514616326096 -0.025930904083312941 0.023048154309365583 -0.010520120357141271 0.0040083040083363029 -0.005358298664080453 -0.0025860924015321837 0.024611482262848153 -0.040610071993010866 0.00053051601122261829 -0.028207626069137005 0.0052120768822877207 -0.023624565135433748 -0.014629156129564828 0.0097104262764847182 -0.018726616997914607 -0.0057947174476829701 -0.014410371369785381 0.037587124723007508 0.03837826550954937 -0.020593856239923342 0.057655973602250804 -0.029423291232840695 0.019767107473340345 0.0067121798269089913 0.024083123134765974 -0.034034909550739879 -0.043022175858949546 -0.013443542845911444
leaf_weight=24509.952245667577 6012.0766022801399 6560.7503387853503 960.22243845462799 1196.8472056314349 2756.370025113225 14118.077598102391 23848.081468209624 1638.7755490168929 3572.4401224665344 1335.9450907409191 2252.0892719402909 3463.8169975504279 2216.4132533818483 291.09827637672424 3628.294092901051 8589.7885989025235 1829.9780627936125 3679.7429896146059 2672.0810080245137 511.41730538755655 245.78437459468842 2017.7313997298479 143.80537123978138 1883.0617518052459 302.80902796983719 1535.8755383267999 423.69890837371349 1123.4458397626877 56.956990070641041 1516.8913417682052
leaf_count=116233 27053 118624 8421 10980 20303 62453 135170 9816 25639 14797 13736 31243 18097 1228 31482 42338 8604 22377 14456 3360 1394 12973 763 15506 1376 10959 1986 11354 363 11108
internal_value=0.000139505 0.0268799 -0.00339279 0.0405192 -0.00752593 0.00215743 -0.00555626 -0.00434651 0.00784102 -0.0178854 -0.0129355 -0.019981 0.0171861 0.0139075 -0.0239226 -0.00216557 0.00234729 0.0050602 -0.00200512 0.0100482 -0.00531049 -0.0149025 0.0039819 -0.0181973 -0.0132546 -0.00872335 -0.00484339 -0.0192234 0.0229726 -0.00330413
internal_weight=124894 14572.2 110322 8048.7 63233.2 47089 53132.5 48493.1 19906.9 10100.7 9818.96 5102.59 5788.85 1487.95 6087.69 38674.1 14402.3 12269.5 27182 6523.49 4716.37 2320.47 2395.89 4639.43 2132.79 4012.99 24271.8 4751.74 302.741 3052.77
internal_count=804192 161245 642947 130832 406069 236878 317948 282139 106189 88121 70288 41059 43736 12208 57633 211851 74695 64715 130689 30413 29229 14730 14499 35809 9980 30488 137156 42836 1757 22067
is_linear=0
shrinkage=0.05


Tree=53
num_leaves=31
num_cat=0
split_feature=1 18 0 13 6 1 9 11 12 11 24 20 12 20 18 12 9 4 11 12 24 12 12 12 20 18 25 11 0 24
split_gain=4328.22 1314.74 1080.95 427.748 424.232 414.548 395.052 301.151 335.123 398.855 297.943 332.019 267.385 241.297 222.165 210.822 179.456 157.396 156.656 174.408 199.928 183.609 209.104 178.205 287.51 166.421 152.323 151.297 148.623 143.262
threshold=26.830171108245853 163.92513275146487 0.21618565171957019 -50.183885513386763 1.5000000000000002 12.474182009696962 1.0000000180025095e-35 70.183957243874545 3.1656346749226012 50.76485803746403 4.5000000000000009 1.0000000180025095e-35 4.5681114551083608 64.864372253417983 180.07963562011722 2.6300309597523226 1.0000000180025095e-35 34.580821022391326 52.327960417574225 7.7383900928792579 1.0000000180025095e-35 4.6981424148606825 6.8452012383900938 11.291021671826627 43.78456115722657 165.68841552734378 22.948210906982428 29.539231976915165 2.4865337610244755 5.5000000000000009
decision_type=2 2 2 2 2 2 2 2 2 2 10 2 2 2 2 2 2 2 2 2 10 2 2 2 2 2 2 2 2 10
left_child=2 -2 3 17 6 7 28 8 14 -10 11 27 -12 -14 -4 -13 26 -1 19 20 -17 -22 -23 -21 -25 -26 -7 -5 -3 -19
right_child=1 4 5 10 -6 16 -8 -9 9 -11 12 15 13 -15 -16 18 -18 29 -20 23 21 22 -24 24 25 -27 -28 -29 -30 -31
leaf_value=-0.031156163644314245 0.046921629683005957 0.014548764526379385 0.0098953926059624983 -0.0078049782184112446 -0.014738270444984845 0.026101400866684128 0.0097653737358033912 -0.011605597839180557 -0.00064159054214506781 -0.021390048019773258 -0.0047193674591387846 0.0060042503899861138 -0.031428182808387849 -0.010434734111241496 -0.0047237635234784921 -0.0053759083446982617 0.0049580107071611791 -0.011236712326983244 -0.019462464798579372 -0.015911380025234619 -0.0017567069367039807 0.019407517596847525 -0.016034388676947158 -0.020478649263084084 -0.016445748714941127 0.045571222001139368 0.0084392745517844411 -0.02196213573671758 0.037665372962784834 -0.035116851466519508
leaf_weight=2096.4853845462203 4897.1639702767134 949.10165091603994 10972.71638790518 4530.5696615353227 1058.7264770567417 2196.4762808308005 5030.4312083721161 5817.7542167976499 15088.920836605132 2735.2852410376072 4132.2445056214929 6321.1196794733405 2910.2483152151108 2586.0726941749454 3404.5400223359466 9847.3905979916453 11923.235142089427 4209.2861047461629 1581.9010903686285 4144.9233046248555 3926.2277362644672 2836.3714443892241 486.92004902660847 517.60752984136343 142.15250040590763 445.82694766670465 2749.709477327764 3235.7927799150348 2617.7974859401584 737.70054905116558
leaf_count=21613 88503 8371 51077 29612 4567 16185 22496 34547 77839 16616 26341 29886 27034 16948 18020 57112 52771 34177 9269 25943 18858 13498 2808 3007 668 2115 22133 24553 39601 7871
internal_value=0.000202839 0.0258211 -0.00319978 -0.00817483 0.015116 0.00175722 0.0187937 -0.00113725 0.000754335 -0.00382665 -0.00647436 -0.00448429 -0.0143305 -0.0215543 0.00643348 -0.0021165 0.00828027 -0.019675 -0.00426183 -0.003185 -0.000736944 0.00556427 0.0142114 -0.0111548 0.00667622 0.0305753 0.0162863 -0.0137055 0.0315202 -0.0148041
internal_weight=124131 14553.2 109577 54688.8 9656.06 54888.6 8597.33 38019.2 32201.5 17824.2 47645.4 38016.8 9628.57 5496.32 14377.3 30250.4 16869.4 7043.47 23929.3 22347.4 17096.9 7249.52 3323.29 5250.51 1105.59 587.979 4946.19 7766.36 3566.9 4946.99
internal_count=804039 163538 640501 351313 75035 289188 70468 198099 163552 94455 287652 217329 70323 43982 69097 163164 91089 63661 133278 124009 92276 35164 16306 31733 5790 2783 38318 54165 47972 42048
is_linear=0
shrinkage=0.05


Tree=54
num_leaves=31
num_cat=0
split_feature=1 7 12 13 23 6 12 17 11 16 21 23 22 21 16 11 11 11 11 11 9 23 21 22 21 12 22 10 16 21
split_gain=3969.01 1162.28 953.913 694.526 417.449 410.929 368.251 347.787 356.5 342.57 363.014 284.724 283.513 248.286 252.592 246.103 235.824 227.535 386.975 231.966 221.253 220.792 343.902 219.582 267.196 239.869 270.947 233.447 213.942 206.651
threshold=30.015349507331852 1.0000000180025095e-35 1.9922600619195048 -36.917227279291062 1.7060800000000003 1.0000000180025095e-35 6.8452012383900938 188.51110839843753 67.867619931397982 0.60294118523597728 0.62234553500000012 1.1257050000000002 -1.5525849499999997 -0.079274214799999992 0.33823530375957495 11.857232115548266 47.991097446288862 26.375174039641063 28.886018813636749 15.017229010400021 30.500000000000004 1.8642450000000002 1.0670309000000002 -0.31765721499999994 -0.42715842999999992 3.535603715170279 -2.2201040999999995 -13.514969441294671 0.1911764740943909 0.40264956500000004
decision_type=2 2 2 2 2 2 2 2 2 2 2 2 2 2 2 2 2 2 2 2 2 2 2 2 2 2 2 10 2 2
left_child=2 -2 4 23 7 -3 9 29 -9 13 11 -11 -8 -5 -15 -14 20 19 21 -12 -13 22 -19 24 -4 -26 -27 -25 -17 -1
right_child=1 5 3 6 -6 -7 12 8 -10 10 17 16 15 14 -16 28 -18 18 -20 -21 -22 -23 -24 27 25 26 -28 -29 -30 -31
leaf_value=0.0098893826283289674 0.009587981305304083 0.04634071973894361 0.002488285953200004 -5.8670776627543029e-05 -0.0075719567725039127 0.01431617049241758 0.045247470925627538 0.0086870197669596926 -0.011689344813326783 -0.0051412064979044414 0.0015548630341396961 0.0037259664526921271 -0.0022307809250381974 0.036597438088611274 0.00899190536658411 0.017477327762067296 -0.013532609225485256 0.0087449836425467949 -0.01311878797450099 -0.041983137642949933 0.021282415904503211 -0.033618900739332991 0.090662267953276948 -0.022774739410668991 -0.0021452805626639279 0.049413185355351413 -0.029483360259759651 -0.0076054159655042676 -0.017272680453205333 0.024465956888250567
leaf_weight=7352.8310235664248 5369.5453047081828 5639.5374204181135 3722.1074648424983 7163.8569908067584 4912.5813309140503 1219.3991901949048 228.73682207986712 6209.7191120907664 3279.3506457582116 17256.429365701973 419.23436012119055 9293.9890538528562 5428.5543174594641 1012.2393715009093 4555.1616913899779 464.93573513627052 1570.3965586163104 322.97715902328491 5457.9568725302815 1130.3210879527032 2223.1664543002844 119.73508538305759 211.63001804053783 8134.945589415729 1855.6490420661867 113.14830344170332 2380.6574421711266 3687.0191898457706 9049.1426183506846 3633.7835801504552
leaf_count=36797 25258 112284 24951 35889 25351 10460 1036 31578 19752 95076 2453 51929 30824 6155 22691 2747 8362 1784 30586 7198 10918 658 1121 75203 11928 831 17320 22266 61322 18930
internal_value=-2.37022e-05 0.0270126 -0.00299732 -0.00551649 0.00551632 0.0406502 -0.00304495 0.00865671 0.00164461 -0.00100115 -0.00337905 -0.000923403 -0.00987941 0.00609713 0.0140167 -0.0107262 0.0046379 -0.013103 -0.00876175 -0.0302105 0.00711646 0.0275455 0.0412816 -0.0137043 -0.00734559 -0.0157597 -0.0258853 -0.0180448 -0.0155729 0.0147123
internal_weight=123419 12228.5 111190 85802 25388.3 6858.94 65908.5 20475.7 9489.07 50737.1 38005.8 30344 15171.4 12731.3 5567.4 14942.6 13087.6 7661.85 6112.3 1549.56 11517.2 654.342 534.607 19893.5 8071.56 4349.45 2493.81 11822 9514.08 10986.6
internal_count=803658 148002 655656 523248 132408 122744 370749 107057 51330 274820 210085 166285 95929 64735 28846 94893 71209 43800 34149 9651 62847 3563 2905 152499 55030 30079 18151 97469 64069 55727
is_linear=0
shrinkage=0.05


Tree=55
num_leaves=31
num_cat=0
split_feature=1 9 0 0 22 14 14 1 12 17 13 12 17 0 13 14 17 12 1 9 24 17 6 5 22 12 14 14 14 22
split_gain=3773.28 1252.33 912.259 506.109 434.562 406.592 396.03 369.964 283.697 247.626 230.894 328.625 205.449 204.272 185.833 195.558 183.365 220.845 180.242 179.305 174.047 171.757 162.241 148.184 147.75 220.051 146.351 144.588 300.766 156.857
threshold=27.307104259729389 1.0000000180025095e-35 0.23925665020942691 2.439024925231934 -0.15288999499999997 262.50000000000006 190.50000000000003 12.474182009696962 14.165634674922602 157.66176605224612 -47.317890566453649 3.4721362229102173 197.48076629638675 17.74709510803223 -66.013766264733221 248.50000000000003 196.47499847412112 3.5959752321981431 19.536829054355625 43.500000000000007 2.5000000000000004 162.86765289306643 1.5000000000000002 1.5000000000000002 0.48771763000000007 8.6702786377709007 261.50000000000006 215.50000000000003 182.50000000000003 -1.0317606999999998
decision_type=2 2 2 2 2 2 2 2 2 2 2 2 2 2 2 2 2 2 2 2 8 2 2 2 2 2 2 2 2 2
left_child=2 3 4 22 6 8 12 9 10 -4 -6 -12 -1 18 -8 19 17 27 -9 -16 -17 -3 -2 -23 25 -7 -22 28 -11 -29
right_child=1 21 7 -5 5 24 14 13 -10 16 11 -13 -14 -15 15 20 -18 -19 -20 -21 26 23 -24 -25 -26 -27 -28 29 -30 -31
leaf_value=-0.0077710546267416693 0.020939234039741204 0.035932442101489021 0.018617297941118497 0.045507670974295353 -0.026813872062862065 0.0048475202215010295 -0.020924778714702375 0.0057959372117322846 0.077179424291437898 -0.0012265427410676113 -0.0029704337471691596 -0.01843396529773576 -0.024584349795639126 -0.0096220276293229531 0.008562547977827753 0.0074961125206757743 -0.009844629885610464 -0.0051405396271951183 0.017532912237009386 -0.005986214189965919 -0.017584542057390632 -0.024113829476911236 -0.020530594027454167 0.0082668476634912471 -0.0093576367691449915 0.061148514821812917 0.00069980272073347552 0.014054866271388623 0.017937282735229081 -0.0045146290169889225
leaf_weight=8633.8025468736887 1141.3709933832288 528.05944492667913 1503.597155675292 5843.3913322128356 4009.800717830658 2309.1250711679459 957.68078447878361 10703.163316383958 80.857497036457062 4175.1157370209694 5114.881941922009 10467.621943160892 2300.857371725142 1555.6901856549084 9586.1398441568017 1870.3954574540257 6285.4238758161664 13591.250488810241 4710.7852142266929 2717.4504838734865 2853.2441565915942 376.65451917052269 296.35191285610199 5491.4696276634932 1922.1946458369493 186.6806508153677 1774.8548973053694 1374.5034033879638 4016.3219186738133 6563.7379293143749
leaf_count=53409 10883 3646 6830 118645 41599 11856 7859 52161 511 20977 30010 82728 19768 8001 47532 8340 37314 72664 32562 15315 15436 1652 1248 24834 11004 872 8547 5983 20401 31402
internal_value=3.31082e-05 0.0247903 -0.00306608 0.0389695 -0.0076219 -0.0126483 -0.00367657 0.00151538 -0.0157263 -0.00125602 -0.0161137 -0.0133587 -0.0113108 0.00764105 0.000548425 0.00164321 -0.00208641 -0.000445418 0.00938388 0.00534899 -0.00537267 0.00864585 0.0123829 0.00618469 0.00105866 0.00908151 -0.0105739 0.00351088 0.00817066 -0.00129796
internal_weight=122942 13677.3 109265 7281.11 54785.6 24091.2 30694.4 54479.6 19673.2 37510 19592.3 15582.5 10934.7 16969.6 19759.8 18802.1 36006.4 29720.9 15413.9 12303.6 6498.49 6396.18 1437.72 5868.12 4418 2495.81 4628.1 16129.7 8191.44 7938.24
internal_count=803989 160908 643081 130776 354786 178580 176206 288295 154848 195571 154337 112738 73177 92724 103029 95170 188741 151427 84723 62847 32323 30132 12131 26486 23732 12728 23983 78763 41378 37385
is_linear=0
shrinkage=0.05


Tree=56
num_leaves=31
num_cat=0
split_feature=1 17 0 1 22 14 20 9 9 12 12 11 11 12 20 14 17 21 11 0 23 14 22 21 12 14 20 17 11 11
split_gain=3477.12 1109.91 906.832 441.949 423.019 399.263 361.2 311.614 303.483 267.577 258.264 387.083 256.14 225.66 233.421 276.69 324.649 454.602 315.319 225.639 214.462 390.637 210.784 193.255 233.335 188.98 322.332 194.311 181.768 349.165
threshold=30.58022536337376 168.56278228759768 0.38809782266616827 17.660273194313053 -0.17849789999999996 265.50000000000006 3.8894500732421879 1.0000000180025095e-35 1.0000000180025095e-35 2.7631578947368425 3.9659442724458209 63.239574884401854 52.327960417574225 1.0758513931888547 -8.9246292114257795 206.50000000000003 179.34230804443362 -0.92808919999999995 62.51571629758083 2.439024925231934 1.1008879500000004 247.50000000000003 -0.76988989499999982 -1.3945062499999998 14.165634674922602 263.50000000000006 81.731285095214858 177.58816528320315 38.133061216700106 52.526247973239556
decision_type=2 2 2 2 2 2 2 2 2 2 2 2 2 2 2 2 2 2 2 2 2 2 2 2 2 2 2 2 2 2
left_child=2 -2 4 13 6 10 -1 19 -5 -8 11 -6 20 -4 -15 16 17 -16 22 -3 21 -11 -17 -12 -25 26 -24 -28 -7 -30
right_child=1 7 3 8 5 28 9 -9 -10 12 23 -13 -14 14 15 18 -18 -19 -20 -21 -22 -23 25 24 -26 -27 27 -29 29 -31
leaf_value=-0.012140253764641701 0.048352582770360822 0.0075644011632392998 0.010930089568258899 0.023884261899099285 -0.0011333566229561253 0.01104387145242316 0.0085931884769238007 0.0071946041174656685 0.0052075664669524336 0.0030076319922742482 -0.03793259789140864 -0.022244007896426617 -0.017419875429186295 -0.014833442427068744 -0.009263066123211398 0.0093307350915060022 -0.0017813532787306768 0.021249684320420372 -0.016814319120420307 0.037107359079367096 0.0048309483021286796 -0.021779571971518762 -0.0023756153411402204 -0.017423762456305222 0.064680589288905008 0.0081055137401410647 -0.032458727726652016 -0.00031390454003440142 -0.036131549824801767 0.027577896131823251
leaf_weight=8257.6803942173719 3793.8786110244691 942.21948414295912 4196.3611769378185 3369.6209497265518 6652.8554121777415 2537.8615352287889 6555.8528796359897 4663.3318890631199 6134.4228504747152 3794.2016972377896 1193.7259658649564 3222.6077693924308 2697.9587057605386 2933.0207112804055 1632.2527893707156 3925.5253166332841 7411.1312779188156 4834.7053447291255 3770.0816530510783 2061.2479859963059 8015.6574299186468 2734.1859981194139 9263.2552734389901 11597.752903383225 86.227256432175636 2720.620322689414 1644.5927200391889 658.17978331446648 632.5373025983572 324.70465109497309
leaf_count=58142 81404 7808 19579 35217 41990 13363 32183 21053 28319 20318 9569 26255 19005 16665 7671 17391 42011 23086 21126 35919 39163 14528 46996 96838 521 12299 7742 3235 3273 1745
internal_value=1.92692e-05 0.0262361 -0.00269276 0.00207442 -0.00698485 -0.0116913 -0.00313079 0.015287 0.0118311 -4.19367e-06 -0.0141081 -0.00802384 -0.00327345 -8.27895e-05 -0.00127433 -0.000164943 0.00536236 0.0135481 -0.00365459 0.027845 -0.000648231 -0.00737536 -0.000929633 -0.0187729 -0.0168124 -0.00374932 -0.00653833 -0.0232752 0.00404176 -0.0145145
internal_weight=122258 11460.7 110798 52493.8 58303.8 26248.3 32055.5 7666.8 9504.04 23797.9 22753.2 9875.46 17242 42989.7 38793.4 35860.3 13878.1 6466.96 21982.3 3003.47 14544 6528.39 18212.2 12877.7 11684 14286.6 11566 2302.77 3495.1 957.242
internal_count=804414 146184 658230 281337 376893 193554 183339 64780 63536 125197 175173 68245 93014 217801 198222 181557 72768 30757 108789 43727 74009 34846 87663 106928 97359 70272 57973 10977 18381 5018
is_linear=0
shrinkage=0.05


Tree=57
num_leaves=31
num_cat=0
split_feature=1 0 19 1 13 9 24 14 12 9 20 0 12 11 14 20 12 12 14 21 14 20 14 24 11 21 12 21 19 14
split_gain=3214.13 930.969 913.644 444.711 418.945 322.99 281.1 318.706 350.088 279.114 267.823 230.342 212.953 268.831 191.521 285.721 190.576 184.145 194.04 178.681 177.378 175.221 275.327 333.81 264.199 190.226 174.92 168.418 231.304 168.052
threshold=33.635875463485725 0.41672818362712866 0.16176471114158633 16.791589200496677 -50.183885513386763 1.0000000180025095e-35 4.5000000000000009 250.50000000000003 3.9953560371517032 1.0000000180025095e-35 -0.96871948242187489 2.439024925231934 1.2368421052631582 48.929337142444808 217.50000000000003 7.2383346557617196 5.9969040247678027 3.4164086687306505 210.50000000000003 -0.56987914499999992 266.50000000000006 -9.5233306884765607 238.50000000000003 1.0000000180025095e-35 13.341808016478279 0.042616635550000011 2.1965944272445825 -0.69710293499999987 0.39705882966518408 264.50000000000006
decision_type=2 2 2 2 2 2 10 2 2 2 2 2 2 2 2 2 2 2 2 2 2 2 2 10 2 2 2 2 2 2
left_child=1 4 -2 12 20 -5 10 8 -8 11 -6 -4 -3 16 15 -15 21 18 19 -12 -1 -14 27 29 -25 -26 -16 -23 -29 -24
right_child=2 3 9 5 6 -7 7 -9 -10 -11 17 -13 13 14 26 -17 -18 -19 -20 -21 -22 22 23 24 25 -27 -28 28 -30 -31
leaf_value=-0.018740621174120571 0.049750583140833589 0.0094202126642563833 0.0067046185967544539 0.02253107973381786 -0.011520482337907022 0.0050442864432484573 -0.0053852213032079266 -0.0010643576375689253 -0.029156340193559088 0.0085805540782680871 -0.00067149013724588052 0.038890155273517066 -0.010174206153740047 -0.017970577533987672 -0.0034536405421556702 0.0028885000800857067 -0.0061971004218609486 -0.0039698427227392889 0.00010973509533753229 0.024785863127824936 0.043160495279085109 0.0022094949175121138 -0.021343109457400838 0.098527099233517573 0.020877876344350271 -0.0046863279607089929 -0.023515179311645915 0.026458667319963054 0.0072494971198644453 0.0034502084904002982
leaf_weight=7272.8743176199496 3150.3263777419925 5315.0047667250037 786.27639497816563 4059.8420001044869 7822.2954399287701 7552.7742055654526 2646.9192132055759 3837.0058340355754 3734.563547462225 3945.9563176035881 1120.1260925531387 1900.163023095578 1820.4091702848673 2229.5313062220812 1828.0169558599591 6217.9597913175821 5463.3432235121727 21748.191688731313 8833.9932648316026 1790.7504695728421 116.68539927899837 3199.3349889591336 2138.163600243628 80.794597253203392 1380.0011554658413 1537.5911827012897 2679.2343423292041 2962.9864922165871 3327.553707189858 1003.9810286611319
leaf_count=68387 73501 24697 6700 44468 55282 34923 17351 23459 35073 17966 5383 35526 9864 14132 8892 34021 28187 124128 43205 8924 666 14910 10135 355 6125 7144 15018 13477 17037 4413
internal_value=0.000102529 -0.002304 0.0275828 0.00251783 -0.00662442 0.0111592 -0.00502771 -0.0124527 -0.0192989 0.0170474 -0.00319104 0.029476 8.10149e-05 -0.00130308 -0.00705968 -0.00261827 0.00195164 -0.00124542 0.00379936 0.0149928 -0.0177575 0.00450298 0.00621291 -0.00203662 0.00989569 0.00740838 -0.0153813 0.0115505 0.0163002 -0.0134225
internal_weight=121503 111720 9782.72 52796.5 58923.4 11612.6 51533.8 10218.5 6381.48 6632.4 41315.4 2686.44 41183.9 35868.9 12954.7 8447.49 22914.2 33493.1 11744.9 2910.88 7389.56 17450.8 15630.4 6140.53 2998.39 2917.59 4507.25 9489.88 6290.54 3142.14
internal_count=803349 669656 133693 287798 381858 79391 312805 75883 52424 60192 236922 42226 208407 183710 72063 48153 111647 181640 57512 14307 69053 83460 73596 28172 13624 13269 23910 45424 30514 14548
is_linear=0
shrinkage=0.05


Tree=58
num_leaves=31
num_cat=0
split_feature=1 16 12 5 15 11 14 11 9 24 14 15 1 12 14 14 20 11 11 11 20 24 14 19 14 20 9 12 12 20
split_gain=2911.59 1087.01 779.542 566.385 543.647 426.52 408.491 254.39 254.374 250.369 375.828 242.673 235.157 227.51 227.27 243.717 225.817 295.673 222.813 204.846 177.951 177.47 220.972 306.758 304.607 242.112 202.533 185.271 287.591 167.584
threshold=30.58022536337376 0.54411765933036815 3.0510835913312699 7.5000000000000009 3.4005001783370976 72.489355760012359 212.50000000000003 68.440097592586525 1.0000000180025095e-35 4.5000000000000009 249.50000000000003 24.162032127380375 10.918641034513714 2.0154798761609913 249.50000000000003 261.50000000000006 -10.190521240234373 29.781702899261621 48.929337142444808 48.733527244567505 10.092330932617189 4.5000000000000009 197.50000000000003 0.22058823704719546 265.50000000000006 94.857505798339858 9.5000000000000018 8.0216718266253881 5.3374613003095988 24.029861450195316
decision_type=2 2 2 2 2 2 2 2 2 10 2 2 2 2 2 2 2 2 2 2 2 8 2 2 2 2 2 2 2 2
left_child=2 -2 3 7 9 6 20 16 -3 18 -11 21 -7 -8 19 -16 17 -1 -4 -15 -5 27 23 -23 25 -24 -26 28 -6 -25
right_child=1 8 4 5 11 12 13 -9 -10 10 -12 -13 -14 14 15 -17 -18 -19 -20 -21 -22 22 24 29 26 -27 -28 -29 -30 -31
leaf_value=0.00013010034944872337 0.047209232157081289 0.02563866257870695 -0.0057106053449612511 0.0052847283604781688 -9.8500832806773246e-05 -0.013357597974598394 0.014319383660827549 -0.014835433744053508 0.0064994806390172412 -0.027221591376488052 0.0019943455081966352 0.02129150355691168 0.0071770174855422253 0.021010651665768959 -0.025511011332490882 0.0050273072936611925 0.0033178162277024584 -0.020981430581173417 -0.016890571783913715 -0.0037540617089222984 0.031454707243445908 0.024628068136317221 -0.0086292225834380624 -0.0077037820383124263 -0.010518178094580435 -0.031821894844401538 0.015022702265101592 -0.011099865701561622 0.019503187232866735 0.026211331156623219
leaf_weight=4439.013631567359 3580.7250642925501 2773.608964137733 16919.005833279341 813.94826766103506 6170.6094313040376 2937.7099135220051 6564.434007640928 3692.4357083626091 4640.7921012938023 4536.6229904741049 1453.1282941997051 1103.360197506845 2651.8270641714334 1786.3148961365223 1304.3077420592308 1307.4786257632077 13128.013616312295 2646.7028534300625 6050.1987325958908 1566.7398245893419 3224.6431264206767 1365.8112119324505 13819.931077729911 2927.8396461904049 1196.1131558381021 1224.2462315633893 2206.8802923411131 1971.2571855708957 2684.6490059532225 414.98386289179325
leaf_count=23782 82641 41777 105635 4610 30727 17498 33142 25359 21130 43507 9306 6826 16595 8660 6898 6314 67033 17546 48908 8850 16752 7295 85005 19160 6304 6511 10960 9967 13004 2296
internal_value=5.75163e-05 0.0245902 -0.00239246 0.00256821 -0.00596036 0.00832697 0.0123561 -0.00276942 0.0136616 -0.0110309 -0.0201346 -0.00177509 -0.00361588 0.00789756 0.000828997 -0.0102272 -0.000564702 -0.00775746 -0.00865607 0.00944149 0.026183 -0.00252463 -0.00499527 0.00467176 -0.00746289 -0.0105186 0.00604492 0.00275955 0.00584567 -0.00348692
internal_weight=121103 10995.1 110108 46063.6 64044.6 22157.4 16567.9 23906.2 7414.4 28959 5989.75 35085.7 5589.54 12529.3 5964.84 2611.79 20213.7 7085.72 22969.2 3353.05 4038.59 33982.3 23155.8 4708.63 18447.2 15044.2 3402.99 10826.5 8855.26 3342.82
internal_count=803998 145548 658450 253039 405411 119319 85226 133720 62907 207356 52813 198055 34093 63864 30722 13212 108361 41328 154543 17510 21362 191229 137531 28751 108780 91516 17264 53698 43731 21456
is_linear=0
shrinkage=0.05


Tree=59
num_leaves=31
num_cat=0
split_feature=10 0 17 18 10 12 20 24 12 24 6 20 5 12 20 21 20 9 24 16 25 20 20 18 21 12 20 12 12 6
split_gain=2338.25 1123.01 584.623 560.635 406.396 402.353 244.748 244.079 203.925 202.566 201.13 200.961 200.784 195.439 166.876 166.779 186.662 164.697 170.041 143.45 141.429 238.468 138.944 143.343 137.269 358.376 135.559 129.344 127.281 125.525
threshold=40.858126616477968 2.1166182756423955 173.36931610107425 185.39170837402347 7.251045733690261 2.1965944272445825 -1.9687194824218748 4.5000000000000009 4.5681114551083608 4.5000000000000009 1.5000000000000002 3.4155578613281254 11.500000000000002 0.41950464396284837 -2.4217987060546871 0.77417108500000009 58.151657104492195 55.500000000000007 5.5000000000000009 0.51470589637756359 23.482144188880927 92.26871490478517 68.123107910156264 168.46301269531253 -1.5327152499999999 14.165634674922602 102.1791458129883 0.65944272445820451 4.0913312693498467 1.5000000000000002
decision_type=10 2 2 2 8 2 2 10 2 8 2 2 2 2 2 2 2 2 10 2 2 2 2 2 2 2 2 2 2 2
left_child=1 3 29 5 6 17 -3 14 15 -8 -4 -5 -6 -11 -7 16 -9 18 19 -1 26 -22 23 -10 25 -24 -16 -21 -18 -2
right_child=2 4 10 11 12 7 9 8 22 13 -12 -13 -14 -15 20 -17 28 -19 -20 27 21 -23 24 -25 -26 -27 -28 -29 -30 -31
leaf_value=0.022584297617970529 0.049636310603615216 -0.010962626391907744 0.022688445059146765 -0.027303373431050739 0.0096311223761187861 -0.012750770580385451 0.010423253240538976 -0.0047554005710812317 -0.0085033625803616619 0.049354823522935076 -0.0063690882098780682 -0.011615070968409531 0.025610908872925209 0.00021777094659937909 -0.0064621536393782448 -0.014180577117794061 0.012962971906306709 -0.021676322119431275 -0.012427480541863545 0.024676402739409558 0.0025773897481997272 -0.013708454960565317 0.1025365556767691 -0.03006870575545836 -0.012979385326640192 -0.016594640552028288 0.025293818728670609 0.0033790534971668029 0.058591508578715236 0.0064278173414701757
leaf_weight=1225.7668961621821 2625.2909360229969 2980.2543844804168 2506.4735377281904 2874.1321824640036 6041.2247652560472 4616.1132309362292 8529.7080497629941 1582.5244052745402 1074.7380051091313 204.03256154432893 780.52336703985929 7049.881996575743 2914.5582195408642 15550.593728542328 17561.699427548796 2111.7451465763152 579.42846395075321 619.21619299054146 1333.5550363138318 757.8923420086503 16366.15324331075 2604.5936800613999 94.688593484461308 2730.5238433815539 2411.1490078940988 184.87662875652313 341.65273907035589 11777.940327771008 207.02126381546259 179.92284446954727
leaf_count=5688 68791 14868 28364 27075 41720 35758 41081 12074 7289 1059 3507 47749 36416 76381 104978 15873 3421 3316 7475 3690 93553 12611 466 28813 15991 990 1592 60589 1168 788
internal_value=-7.49358e-05 -0.00168341 0.0301049 -0.00505803 0.00559352 -0.00344175 0.00255785 -0.0055438 -0.0121738 0.00421751 0.0157887 -0.0161609 0.0148338 0.00085722 -0.00378952 -0.00396675 0.00514017 0.00357643 0.00461369 0.00626583 -0.00266738 0.000340816 -0.0178332 -0.0239817 -0.00913217 0.0239767 -0.00585477 0.00466852 0.0250332 0.0468683
internal_weight=120418 114326 6092.21 78105.3 36220.4 68181.3 27264.6 52466.9 10976.7 24284.3 3287 9924.01 8955.78 15754.6 41490.2 4480.72 2368.97 15714.4 15095.2 13761.6 36874.1 18970.7 6495.98 3805.26 2690.71 279.565 17903.4 12535.8 786.45 2805.21
internal_count=803134 701684 101450 490159 211525 415335 133389 334577 86085 118521 31871 74824 78136 77440 248492 32536 16663 80758 77442 69967 212734 106164 53549 36102 17447 1456 106570 64279 4589 69579
is_linear=0
shrinkage=0.05


Tree=60
num_leaves=31
num_cat=0
split_feature=1 18 18 12 14 13 5 14 23 7 22 14 18 18 14 21 22 14 22 14 21 25 12 21 9 22 14 22 12 14
split_gain=2466.65 852.092 775.208 725.086 366.831 326.222 304.983 309.358 260.312 242.699 230.156 224.212 444.549 403.141 254.932 256.18 242.934 216.312 206.742 236.732 217.426 206.556 202.628 196.612 177.183 161.566 262.311 160.218 157.764 160.705
threshold=35.721507787704475 161.1470642089844 182.33635711669925 3.5959752321981431 183.50000000000003 -27.283185579447824 7.5000000000000009 210.50000000000003 2.4041249500000004 1.0000000180025095e-35 -2.2201040999999995 232.50000000000003 157.70588684082034 169.52228546142581 263.50000000000006 -1.0274821499999998 -0.75141000499999988 182.50000000000003 -0.15288999499999997 251.50000000000003 -0.65693205499999985 26.583925327658658 1.7321981424148609 -1.6777381999999998 50.500000000000007 0.77527007500000011 193.50000000000003 -0.73784845999999993 12.851393188854491 254.50000000000003
decision_type=2 2 2 2 2 2 2 2 2 2 2 2 2 2 2 2 2 2 2 2 2 2 2 2 2 2 2 2 2 2
left_child=2 -2 3 6 -4 10 24 17 11 -3 -5 12 -7 14 16 -16 -13 -8 20 -20 -6 -14 -9 -15 -1 -19 -27 -26 29 -25
right_child=1 9 4 5 18 8 7 22 -10 -11 -12 13 21 23 15 -17 -18 25 19 -21 -22 -23 -24 28 27 26 -28 -29 -30 -31
leaf_value=0.0016094598380400255 0.049123767495492639 0.0066452186638487794 -0.022386536126126483 0.067929430607316196 0.0090189803141439966 0.034055957763461285 0.00074000128690871565 0.011793168933922914 -0.03050055849835237 0.027854865856629975 -0.011820604970925299 0.0025627823825575395 -0.0030218777252154065 0.043744666559343018 0.047074446642380086 -0.0058759614913954841 -0.025305272982387928 0.025240488634830235 -0.019043213976594461 -0.00080383746475055278 -0.0072100822098747552 0.010173129585078015 0.0005680814935389776 -0.0087246608930528022 0.010679811798359969 0.070211094085645784 -0.023934698311442494 -0.022256309741349144 0.047772796599132784 0.0062246154345354503
leaf_weight=19634.955190610141 2713.6680308543146 3413.7496621236205 4955.3495147414505 90.136298310011625 3051.9974506795406 1082.8403802029788 1481.8311513662338 6479.4849929027259 768.48117180168629 2229.7154467329383 12742.494023606181 965.19382888451219 10122.51860255003 277.04962297901511 260.29662008583546 1814.8447157628834 4115.6718114614487 4661.52254762128 5277.9448305554688 2683.3951892852783 6368.6123904548585 4193.9272033981979 10590.375167787075 3148.8458863049746 490.39080382883549 90.96135089546442 377.62254356592894 1487.3313560783863 174.53418646007776 4187.0671663433313
leaf_count=108587 72593 15669 40835 613 16380 7200 9031 36182 5173 37563 92933 4529 61387 1187 1233 9268 23641 26410 43603 15646 37223 23727 57117 18373 2414 536 2529 8712 912 22602
internal_value=-9.46709e-05 0.0261042 -0.00205721 2.79574e-05 -0.0103872 -0.00454774 0.00446722 0.00838661 -0.00178081 0.0150285 -0.0112552 -0.00105245 0.00318142 -0.00541537 -0.0139817 0.00078538 -0.0200118 0.017568 -0.00696524 -0.0128964 -0.00195195 0.000843971 0.00482941 0.00245705 0.000172413 0.0224277 -0.00554855 -0.0140883 0.000928387 -0.000192483
internal_weight=119933 8357.13 111576 89238.4 22337.3 43943.9 45294.5 23681.8 31111.3 5643.47 12832.6 30342.8 15399.3 14943.5 7156.01 2075.14 5080.87 6611.94 17381.9 7961.34 9420.61 14316.4 17069.9 7787.5 21612.7 5130.11 468.584 1977.72 7510.45 7335.91
internal_count=803808 125825 677983 524296 153687 272778 251518 131805 179232 53232 93546 174059 92314 81745 38671 10501 28170 38506 112852 59249 53603 85114 93299 43074 119713 29475 3065 11126 41887 40975
is_linear=0
shrinkage=0.05


Tree=61
num_leaves=31
num_cat=0
split_feature=0 7 18 12 2 11 12 14 5 14 14 24 12 14 12 14 24 5 14 11 12 24 18 11 18 24 14 14 19 14
split_gain=1812.31 1317.81 565.373 465.161 444.874 256.104 303.984 207.614 191.964 208.65 229.748 269.669 239.014 260.75 233.05 253.941 226.105 186.178 181.846 180.97 179.96 157.39 152.076 151.041 148.393 146.916 271.934 248.123 258.811 258.685
threshold=3.4395794868469243 1.0000000180025095e-35 185.39170837402347 1.9922600619195048 111.73952697217466 47.770250197269327 6.6919504643962862 192.50000000000003 3.5000000000000004 228.50000000000003 240.50000000000003 7.5000000000000009 4.8374613003095979 246.50000000000003 4.2275541795665648 267.50000000000006 5.5000000000000009 7.5000000000000009 172.50000000000003 53.401806228566379 0.41950464396284837 2.5000000000000004 156.78584289550784 77.059271984725001 169.52228546142581 4.5000000000000009 180.50000000000003 239.50000000000003 0.25000000745058065 264.50000000000006
decision_type=2 2 2 2 2 2 2 2 2 2 2 8 2 2 2 2 10 2 2 2 2 8 2 2 2 8 2 2 2 2
left_child=2 20 3 17 24 6 25 -4 -7 16 -11 14 13 -13 15 -12 18 -1 -10 -17 -2 -9 -22 -19 -3 26 -5 28 -27 -29
right_child=1 4 7 5 -6 8 -8 21 9 10 11 12 -14 -15 -16 19 -18 23 -20 -21 22 -23 -24 -25 -26 27 -28 29 -30 -31
leaf_value=7.3780188219002072e-05 0.033733009110910019 0.027846511749185843 -0.025711268907918524 -0.0053584706636429199 0.044821303461880548 -0.021735888547496182 -0.0088156923579974684 0.0030254725601423053 -0.021901910808997376 -0.033830564063942956 -0.038736718606678912 0.052504493759644666 -0.052413852572890919 9.1823322214119039e-05 0.068083662225647767 -0.035397931027744557 -0.019887244419797178 0.014782911547559195 0.0019308139988835798 0.065533040639954535 0.020689850149674172 -0.014019699766730632 0.0024311782412929309 -0.0013603040504352926 0.011981025003674508 0.019596527251189915 0.0098721399028517121 -0.01520788608576723 -0.00092565507090030153 0.0028698487786135742
leaf_weight=8128.567558541894 499.5218114554882 2875.8756297994405 2969.1528997980058 4502.1995072588325 2517.4323297776282 2638.5382936410606 12300.6497634314 1751.3915517143905 885.31119225919247 1335.7726482897997 1043.8326009772718 337.97363957762718 143.83337692916393 791.11757393181324 63.855384837836027 73.456652168184519 1772.7201302759349 5961.9862983375788 8254.3252645619214 109.43660066276789 1204.540702201426 5967.4287831746042 21120.232682697475 1913.8432716242969 3027.492194313556 1891.3917477093637 8392.2664691731334 5451.3094394803047 8164.0262667611241 3105.889481652528
leaf_count=42359 2368 43121 28157 27782 70280 25683 82064 9026 6225 8519 6563 1917 1025 4502 498 411 14921 29299 55348 575 7017 43167 96533 11284 34341 9170 38797 31611 53681 15682
internal_value=-2.39785e-05 0.0103197 -0.00369874 -0.00220763 0.027224 -0.00419064 -0.00215011 -0.0144766 -0.00931286 -0.00709851 -0.0170246 -0.00825775 0.00806884 0.0158132 -0.0243548 -0.029218 -0.0035504 0.00538227 -0.000379887 0.0250234 0.00408214 -0.0101523 0.00341721 0.0108604 0.0197134 0.000452384 0.00455425 -0.00238941 0.00293607 -0.00864689
internal_weight=119195 31245.1 87950.3 77262.3 8420.8 61257.9 43807.7 10688 17450.2 14811.6 3899.28 2563.51 1272.92 1129.09 1290.58 1226.73 10912.4 16004.4 9139.64 182.893 22824.3 7718.82 22324.8 7875.83 5903.37 31507.1 12894.5 18612.6 10055.4 8557.2
internal_count=801926 253660 548266 467916 147742 384974 258787 80350 126187 100504 24010 15491 7444 6419 8047 7549 76494 82942 61573 986 105918 52193 103550 40583 77462 176723 66579 110144 62851 47293
is_linear=0
shrinkage=0.05


Tree=62
num_leaves=31
num_cat=0
split_feature=0 9 19 2 12 11 5 20 20 24 12 15 12 11 14 14 18 12 11 14 14 12 20 14 24 14 14 11 18 14
split_gain=1675.07 1247.64 497.72 463.335 339.2 297.062 229.018 207.24 195.435 208.368 188.341 174.02 155.74 212.59 232.435 218.107 156.787 160.906 161.952 153.635 145.332 149.558 143.711 199.736 153.696 163.03 143.577 165.717 142.254 139.022
threshold=2.8965305089950566 1.0000000180025095e-35 0.60294118523597728 105.26545584201814 2.3668730650154806 15.793902891665141 7.5000000000000009 -8.318016052246092 80.265686035156264 3.5000000000000004 0.41950464396284837 21.682642936706547 6.6919504643962862 48.929337142444808 247.50000000000003 261.50000000000006 169.52228546142581 4.1099071207430358 38.354455597295022 256.50000000000006 217.50000000000003 2.6068111455108363 -3.9687194824218746 156.50000000000003 4.5000000000000009 163.50000000000003 185.50000000000003 29.781702899261621 169.5933532714844 173.50000000000003
decision_type=2 2 2 2 2 2 2 2 2 10 2 2 2 2 2 2 2 2 2 2 2 2 2 2 8 2 2 2 2 2
left_child=2 3 4 28 6 -4 -1 -6 9 26 -3 12 13 14 -9 16 -16 -18 19 -19 -15 -22 23 -12 -24 -26 27 -7 -2 -14
right_child=1 10 5 -5 7 8 -8 11 -10 -11 22 -13 29 20 15 -17 17 18 -20 -21 21 -23 24 -25 25 -27 -28 -29 -30 -31
leaf_value=-0.0011139758141547349 0.025791073197072946 0.033207789436248018 0.0043240649024979374 0.042955518305655228 -0.017640161378944523 -0.0031924053131415359 0.010784370489587221 0.0051810923855477569 0.0016003746549984545 -0.022850486115775018 0.0089294704387629324 0.018606062526673621 0.02082046627226769 -0.0033899931125416539 -0.027376930821790563 0.0016224171379800719 -0.024102789600394456 -0.020520881695387246 0.061375895493970545 0.020796234840405152 0.0062465773652997658 -0.022395379486833795 0.010270566371161286 -0.014716446499700275 0.035797548477175492 0.00050927256800565701 -0.0077886088428680174 -0.026072497557819499 0.010586978064581611 -0.009699182412614844
leaf_weight=8066.7584172077477 2989.4651302695274 527.06031982600689 3277.0070245787501 2654.2484115362167 2486.483541931957 1138.0483252108097 8108.9578156396747 13595.096785269678 2414.5458615794778 4547.1951450929046 1423.7983897998929 928.8911607414484 386.73154524341226 5867.9888470135629 1508.108257394284 4248.9146758466959 676.50775085389614 452.27410384267569 121.03875162452459 445.74768086150289 561.8631091080606 2404.1073703467846 7706.5869354084134 2392.4614823460579 334.76546056568623 12983.109578683972 11188.426843121648 2599.3816044814885 3173.3872980996966 9965.9616824090481
leaf_count=42626 42882 2531 21021 74728 21010 8891 41029 72975 12768 41908 6190 4934 2608 41640 8145 21509 3753 2785 813 2536 3212 16312 35921 11233 1980 60341 72476 23314 34760 67004
internal_value=-5.56022e-05 0.00929098 -0.00381507 0.0254921 -0.00133342 -0.00971458 0.00485102 -0.00362531 -0.0118165 -0.0134802 0.00365916 -0.00277833 -0.00327248 -0.00144133 0.00129094 -0.00580527 -0.0156538 -0.00521671 0.00733223 -1.21405e-05 -0.00795059 -0.0169693 0.0030309 -0.00589443 0.00465119 0.00139892 -0.0106241 -0.0191082 0.0179651 -0.0085572
internal_weight=119175 34184.9 84990 8817.1 59825.4 25164.6 16175.7 43649.7 21887.6 19473.1 25367.8 41163.2 40234.3 29881.6 21047.7 7452.59 3203.68 1695.57 1019.06 898.022 8833.96 2965.97 24840.7 3816.26 21024.5 13317.9 14925.9 3737.43 6162.85 10352.7
internal_count=803835 270566 533269 152370 352891 180378 83655 269236 159357 146589 118196 248226 243292 173680 112516 39541 18032 9887 6134 5321 61164 19524 115665 17423 98242 62321 104681 32205 77642 69612
is_linear=0
shrinkage=0.05


Tree=63
num_leaves=31
num_cat=0
split_feature=10 0 17 10 22 12 11 11 12 17 19 12 6 8 11 17 22 12 24 21 11 11 12 11 11 12 11 23 23 23
split_gain=1749.63 865.102 535.946 395.613 278.368 271.095 313.898 229.151 280.672 206.463 199.138 231.202 193.312 187.504 161.345 159.808 155.741 152.1 149.854 141.918 156.324 243.395 138.054 128.737 119.791 149.704 152.095 163.091 121.841 170.318
threshold=42.643965759873396 0.16388748586177829 168.56278228759768 8.416420447826388 0.48771763000000007 0.65944272445820451 92.67470495860691 47.529523677051351 4.5681114551083608 175.14204406738284 0.60294118523597728 4.2275541795665648 1.5000000000000002 1.0000000180025095e-35 21.510219842207047 157.66176605224612 -0.40248454999999994 4.3544891640866874 7.5000000000000009 0.26034356500000005 42.732788166210021 25.058431991205868 3.6795665634674926 9.0522675820548493 88.744555543150895 2.6300309597523226 52.327960417574225 0.17156968000000003 1.2403435000000003 1.3495941000000002
decision_type=10 2 2 8 2 2 2 2 2 2 2 2 2 2 2 2 2 2 10 2 2 2 2 2 2 2 2 2 2 2
left_child=1 4 -2 5 13 -3 10 8 17 -5 11 15 -4 -1 -12 -7 19 22 24 -13 21 23 -6 -21 25 -15 27 -27 -29 -30
right_child=2 3 12 9 7 6 -8 -9 -10 -11 14 16 -14 18 -16 -17 -18 -19 -20 20 -22 -23 -24 -25 -26 26 -28 28 29 -31
leaf_value=-0.0095108743042326242 0.047278053805108085 0.023557850183384306 0.021941580502546708 0.021007141984404766 0.0082721646762892558 0.023996499884621224 -0.018538530165683121 -0.02537587127839766 -0.015862387977637685 0.006619994607022105 0.011215492040960196 0.00070046597086905664 -0.0068794989120495092 0.0053336997972961604 -0.0073447917078155144 0.0050006765347013491 -0.0065028260916467993 0.049332421905027825 -0.021388192869876615 0.072365984999950547 -0.012974276522988486 0.061057396909471207 -0.019397374635036851 -0.014531713755649628 -0.017985966533390293 0.028323960841158513 -0.014265440265340813 -0.0051944245653882948 0.020085527687198346 -0.00066892003762146067
leaf_weight=12057.290971942246 2152.3071163948625 1263.8011997304857 2382.1758457906544 3518.8821023683995 1785.4066992476583 1170.2998543344438 2154.8000341691077 2887.2096324302256 4828.6820418201387 8558.4698126129806 1338.8594509884715 4217.6120533794165 769.18500474095345 7253.2612529955804 9290.1084793433547 20260.490257721394 8395.7397092357278 175.96594690531492 975.20461720600724 50.574979089200497 230.79257799312472 379.73858769237995 601.9621277153492 244.51427438855171 1056.5196032114327 449.64031926542521 2622.623714428395 11376.041666001081 1241.5800279900432 4834.1119396798313
leaf_count=87941 65087 6483 29561 38188 10776 6949 13273 29112 41601 58220 6972 20773 3459 36700 53661 101673 46790 1171 7488 239 1236 1773 4478 1209 8412 2560 20304 65475 6334 25183
internal_value=-1.53119e-05 -0.00133024 0.0280501 0.00270824 -0.00606021 0.000710256 0.000104859 -0.0134325 -0.00876483 0.0108133 0.000986639 0.00280923 0.014907 -0.00424985 -0.00500604 0.00603908 -0.00231091 0.00460616 -0.00212159 0.00455855 0.0225057 0.0346411 0.00129024 0.00055568 -0.00146924 -0.000840398 -0.0030225 -0.00137466 -0.00214142 0.0035749
internal_weight=118524 113220 5303.67 61074.7 52145.5 48997.3 47733.5 10279.2 7392.02 12077.4 45578.7 34949.8 3151.36 41866.3 10629 21430.8 13519 2563.33 29809 5123.23 905.62 674.828 2387.37 295.089 28833.8 27777.3 20524 17901.4 17451.7 6075.69
internal_count=803081 704974 98107 357439 347535 261031 254548 87138 58026 96408 241275 180642 33020 260397 60633 108622 72020 16425 172456 25230 4457 3221 15254 1448 164968 156556 119856 99552 96992 31517
is_linear=0
shrinkage=0.05


Tree=64
num_leaves=31
num_cat=0
split_feature=1 16 18 12 16 21 24 12 11 5 13 14 14 22 14 21 11 12 22 23 12 21 11 11 23 14 21 12 22 21
split_gain=1999.21 675.791 606.626 536.796 336.504 332.19 318.39 316.942 390.493 424.706 248.213 241.414 223.216 221.427 211.193 219.186 242.808 208.743 237.157 204.071 382.437 198.779 198.619 210.766 193.697 192.558 179.435 174.944 169.369 187.948
threshold=38.799999505281455 0.54411765933036815 185.39170837402347 1.2863777089783284 0.1911764740943909 0.41705139000000008 4.5000000000000009 4.5681114551083608 32.570528774992241 1.5000000000000002 -60.402960005432547 193.50000000000003 213.50000000000003 0.22874807000000005 250.50000000000003 0.62234553500000012 9.5080668581966847 7.7383900928792579 -1.4815649999999998 1.5077936500000002 11.931888544891644 -1.3945062499999998 81.284812012300975 1.997763432919887 2.2303354500000006 258.50000000000006 1.6484033000000002 6.7368421052631584 -2.0133645499999999 -0.90578287999999996
decision_type=2 2 2 2 2 2 10 2 2 2 2 2 2 2 2 2 2 2 2 2 2 2 2 2 2 2 2 2 2 2
left_child=2 -2 3 5 21 22 10 8 9 24 28 -4 -7 -11 -9 19 27 26 -19 -16 -21 -5 23 -1 -8 -22 -12 -17 -6 -30
right_child=1 -3 11 4 6 12 7 14 -10 13 17 -13 -14 -15 15 16 -18 18 -20 20 25 -23 -24 -25 -26 -27 -28 -29 29 -31
leaf_value=-0.037806738332130059 0.04809269377959674 0.014958308353737055 -0.022756101229906872 -0.017197707914400596 0.047981445866974642 0.036493727603459279 -0.030920778215279322 -0.021263129864078752 -0.0076508869512748115 -0.021703131764684462 0.0015971585329755669 -0.0075041480661813143 0.012122422670903061 0.038376596177945088 -0.011048318853548256 0.11355546712556897 -0.039785234185193301 0.043303759934532032 -0.0096362141112461882 0.056109587364865779 0.056354595299367517 0.02477582804688622 -0.019971607209677292 0.0083788536961171955 0.028021332727343147 -0.028112727536114792 -0.023204601234603439 -0.00067307727635905511 0.017747521135897809 -0.016838073607677129
leaf_weight=256.06108041107655 2333.8831986468285 4518.0209223330021 3616.4100138917565 334.44362612813711 114.30140877515078 1550.4413126278669 525.18282614648342 5276.7968032155186 6961.9360633920878 172.6275131944567 55939.707537097856 9181.5036472529173 2386.1595599260181 1333.2791387997568 789.10641733556986 36.517747059464455 670.92525211162865 217.5182185433805 6652.8313746675849 446.96734507568181 84.045872684568167 1779.195957833901 787.69445110484958 6334.5521986465901 188.7348857074976 325.89905969798565 737.89575297012925 314.36766599491239 435.15040979161859 3967.6855895668268
leaf_count=1229 72399 43199 32186 2139 779 8761 3203 46628 47751 993 311492 59944 13934 7253 4951 171 4713 976 41259 2559 489 13848 5018 33647 1091 1880 4280 1870 3326 32308
internal_value=3.78437e-05 0.0262499 -0.00157435 -0.000245251 -0.00157329 0.010001 -0.00206232 -0.00815581 -0.00182834 0.0164279 -0.000528997 -0.0118155 0.021728 0.0314796 -0.0154674 -0.00400026 -0.0221787 0.000276091 -0.00795405 0.00729112 0.0241726 0.0181293 0.00374216 0.00657897 -0.0153211 -0.0107005 0.00127386 0.011504 -0.0118527 -0.0134166
internal_weight=118270 6851.9 111418 98620 87305.1 11314.9 85191.5 17126.4 9181.76 2219.82 68065.1 12797.9 3936.6 1505.91 7944.63 2667.83 1021.81 63548 6870.35 1646.02 856.912 2113.64 7378.31 6590.61 713.918 409.945 56677.6 350.885 4517.14 4402.84
internal_count=804276 115598 688678 596548 533959 62589 517972 123552 60291 12540 394420 92130 22695 8246 63261 16633 6754 358007 42235 9879 4928 15987 39894 34876 4294 2369 315772 2041 36413 35634
is_linear=0
shrinkage=0.05


Tree=65
num_leaves=31
num_cat=0
split_feature=1 18 18 12 6 7 14 24 21 18 21 14 18 14 14 24 14 24 7 14 15 21 12 21 21 23 12 21 12 14
split_gain=1870.37 1014.73 509.24 439.989 334.466 335.973 282.869 305.522 260.832 193.435 266.174 531.258 358.091 309.899 260.896 193.235 190.852 224.05 189.505 189.134 247.014 243.475 206.137 179.06 169.419 227.241 287.104 155.155 152.804 149.563
threshold=24.102101594209675 163.92513275146487 182.33635711669925 3.5959752321981431 1.5000000000000002 1.0000000180025095e-35 183.50000000000003 2.5000000000000004 1.6484033000000002 176.00270843505862 -0.17945643499999997 216.50000000000003 164.17825317382815 182.50000000000003 261.50000000000006 4.5000000000000009 193.50000000000003 4.5000000000000009 1.0000000180025095e-35 250.50000000000003 5.6338582038879403 0.62234553500000012 5.0479876160990722 -1.0274821499999998 1.3154362500000001 1.6599746000000002 4.3544891640866874 1.0000000180025095e-35 1.5928792569659445 265.50000000000006
decision_type=2 2 2 2 2 2 2 8 2 2 2 2 2 2 2 10 2 10 2 2 2 2 2 2 2 2 2 2 2 2
left_child=2 18 3 9 5 -3 -4 -8 15 10 14 12 -12 28 -1 24 -15 -18 -2 20 -17 22 -21 -22 -5 26 -26 -11 -14 -9
right_child=1 4 6 8 -6 -7 7 29 -10 27 11 -13 13 16 -16 19 17 -19 -20 21 23 -23 -24 -25 25 -27 -28 -29 -30 -31
leaf_value=-0.0023460010707097179 0.019526242126155887 0.0050312538127245234 -0.020659545498294699 -0.0025004643843254842 -0.014930000836840179 0.025021710768872399 0.0060121787350409222 -0.012353116519684092 -0.041146601821066331 0.003206034840669668 0.039317109750691998 0.00074078758037382422 0.018450199260842803 0.046678658158365333 0.021158590900845525 -0.021962189921507017 0.024958120909242144 -0.011416132277291399 0.045583622257864914 0.043576648575556244 -0.023109105041220358 -0.01845812361511243 0.0025004094463973439 0.010846985201590697 -0.032309734783837259 -0.040101349258709 0.091837779943534426 -0.0088459248301790642 -0.006513523312304626 0.0041039158389301863
leaf_weight=12576.943214125931 929.49595496058464 5861.4081657528877 4475.1348059587181 31997.487821552902 1296.3301527276635 3276.4900365099311 3767.5394362807274 10792.878958590329 475.6037626825273 5301.6749827824533 1661.5373840294778 8663.0901430249214 885.01970177516341 707.06499592587352 1301.8915642239153 4284.6560057848692 2014.3835881389678 535.28578274324536 2824.9343199860305 389.96248832717538 566.29484170675278 1093.5614523030818 1396.7603249400854 1229.0745656862855 63.02429323643446 76.428059212863445 172.84975372627378 5379.0829428210855 1988.3068710528314 1582.5635062456131
leaf_count=63715 6497 26667 39383 185858 5644 52707 20127 78598 3310 30381 8489 44124 4284 3928 5981 39290 10707 3139 86363 1944 3473 7076 8362 7532 389 459 965 33096 11426 8039
internal_value=-0.000170588 0.0168517 -0.00250704 -0.000755412 0.00882918 0.012201 -0.00953761 -0.00645331 -0.00436898 0.00292262 0.00496013 0.00926146 0.0187339 0.0131493 -0.000139808 -0.00394416 0.0237065 0.0173201 0.0391394 -0.0104406 -0.0154397 0.000113927 0.0114849 0.000129664 -0.00214228 0.0344473 0.0586699 -0.00286388 0.00117935 -0.0102484
internal_weight=117567 14188.7 103378 82760 10434.2 9137.9 20618.1 16143 41745.7 41014.3 30333.5 16454.7 7791.6 6130.06 13878.8 41270.1 3256.73 2549.67 3754.43 8960.31 6080.03 2880.28 1786.72 1795.37 32309.8 312.302 235.874 10680.8 2873.33 12375.4
internal_count=801953 177878 624075 477928 85018 79374 146147 106764 258658 219270 155793 86097 41973 33484 69696 255348 17774 13846 92860 67677 50295 17382 10306 11005 187671 1813 1354 63477 15710 86637
is_linear=0
shrinkage=0.05


Tree=66
num_leaves=31
num_cat=0
split_feature=16 6 7 18 2 12 11 11 12 11 12 12 20 11 22 20 14 14 14 22 17 24 14 11 12 14 24 14 11 12
split_gain=1206.29 818.214 578.197 333.652 327.814 232.215 240.011 213.513 191.781 223.165 184.853 166.25 242.776 187.471 197.436 166.237 155.316 152.849 148.929 148.557 144.313 142.789 175.099 142.615 162.943 143.813 164.408 138.021 137.644 132.204
threshold=0.25000000745058065 1.5000000000000002 1.0000000180025095e-35 185.39170837402347 111.73952697217466 0.65944272445820451 67.867619931397982 92.67470495860691 3.1563467492260067 52.327960417574225 11.018575851393191 2.6640866873065021 -1.9687194824218748 47.770250197269327 -0.85921498999999979 -5.0147094726562491 221.50000000000003 208.50000000000003 224.50000000000003 -0.98463689999999982 179.34230804443362 3.5000000000000004 170.50000000000003 48.568307223703847 2.6068111455108363 266.50000000000006 2.5000000000000004 219.50000000000003 51.28246849409706 6.6919504643962862
decision_type=2 2 2 2 2 2 2 2 2 2 2 2 2 2 2 2 2 2 2 2 2 10 2 2 2 2 10 2 2 2
left_child=4 2 5 7 10 -2 11 8 15 29 27 12 -7 14 -13 -3 21 -17 -5 -8 28 22 -11 -19 25 26 -25 -1 -4 -10
right_child=1 3 20 18 -6 6 19 -9 9 16 -12 13 -14 -15 -16 17 -18 23 -20 -21 -22 -23 -24 24 -26 -27 -28 -29 -30 -31
leaf_value=0.026322376230480206 0.016616783091133996 -0.0083433174876535992 0.0096339075978895874 -0.021429829053863328 0.043254323070363344 -0.0035773975614656257 0.0103760726075814 -0.021184318727608432 -0.0010107904522440119 -0.046329279122078078 -0.033631374397270285 0.012053115475947371 0.0099240026053432281 -0.011763743826456403 -0.0020367996391117346 0.012456717672375703 -0.032518044163967211 0.0073682712455847097 -0.0076447547595649527 -0.01276534739339006 0.0089347332464306903 -0.026620450556238663 -0.0011374511012798474 0.0032801972761535253 -0.025220390298786612 0.02448717240205546 -0.018431660969932897 0.0038241896616007715 0.027589538719246048 -0.0080814543418460914
leaf_weight=1925.4973406903446 2206.9082742780447 3462.251635633409 1744.4387241788208 3982.8833723366261 1583.7724130284041 4967.3695118278265 806.40601412951946 1667.6213764436543 18827.662991303951 232.25959593430161 180.46126967854798 3130.5776389315724 10094.770536661148 3641.0758200585842 12064.889047123492 3778.4018962495029 1007.6941862329841 4204.8718785345554 3858.7873788587749 4923.7825316786766 6375.0167821422219 1013.7435160540044 2643.3408366255462 2470.7914889156818 836.80179568007588 485.41734074056149 1346.176731005311 1055.6132785491645 2755.015458194539 10187.734181921929
leaf_count=16500 10329 23920 21882 40958 50848 23349 3908 14044 115121 2496 1060 14098 45953 18834 56797 20776 8559 20183 24941 26046 61833 11331 22035 12605 5899 2188 7515 7826 38853 73658
internal_value=-3.33638e-07 -0.00104008 0.00350517 -0.00503266 0.0246919 0.000835177 -4.40883e-05 -0.00358695 -0.0030054 -0.00516019 0.0153824 0.00155582 0.00547141 -0.00157531 0.000866614 0.00140075 -0.0150322 0.00397209 -0.0146482 -0.00950743 0.013776 -0.0104946 -0.00480239 0.000540238 -0.00504679 -0.00111813 -0.00438001 0.0183597 0.0206318 -0.0034936
internal_weight=117462 112717 52710.3 60006.4 4745.34 41835.8 39628.9 52164.8 50497.1 33912.4 3161.57 33898.7 15062.1 18836.5 15195.5 16584.7 4897.04 13122.5 7841.67 5730.19 10874.5 3889.34 2875.6 9344.06 5139.19 4302.39 3816.97 2981.11 4499.45 29015.4
internal_count=804345 728111 321882 406229 76234 199314 188985 340330 326286 233200 25386 159031 69302 89729 70895 93086 44421 69166 65899 29954 122568 35862 24531 48390 28207 22308 20120 24326 60735 188779
is_linear=0
shrinkage=0.05


Tree=67
num_leaves=31
num_cat=0
split_feature=1 15 0 13 1 0 7 12 11 11 0 12 20 14 20 12 11 14 12 9 7 25 14 14 11 12 11 20 11 14
split_gain=1682.29 751.543 500.002 265.378 261.371 254.484 225.43 194.049 278.847 185.058 179.05 170.519 153.552 142.526 246.542 180.795 163.009 152.753 145.023 141.659 139.147 137.349 290.242 130.088 127.298 124.061 156.121 116.724 111.41 110.48
threshold=33.635875463485725 9.2330470085144061 0.37249350547790533 -55.88892480083986 15.200000241398813 15.33950185775757 1.0000000180025095e-35 3.4721362229102173 52.327960417574225 47.770250197269327 2.439024925231934 0.56811145510835925 -1.439338684082031 216.50000000000003 6.2876815795898446 2.1965944272445825 95.065769839097669 228.50000000000003 4.3544891640866874 45.500000000000007 1.0000000180025095e-35 21.65932177305222 265.50000000000006 229.50000000000003 41.550116399274252 5.9969040247678027 11.857232115548266 0.50757598876953136 37.311321259802071 210.50000000000003
decision_type=2 2 2 2 2 2 2 2 2 2 2 2 2 2 2 2 2 2 2 2 2 2 2 2 2 2 2 2 2 2
left_child=2 6 3 27 9 20 -2 12 21 25 -8 -11 -5 14 -13 17 18 -15 -16 29 -6 22 -9 -17 -22 -4 -27 -1 -24 -14
right_child=1 -3 4 7 5 -7 10 8 -10 11 -12 13 19 15 16 23 -18 -19 -20 -21 24 -23 28 -25 -26 26 -28 -29 -30 -31
leaf_value=-0.034706829874982928 0.0057653225135482879 0.048089786682831696 0.0047486944881769645 -0.0067292263855334676 0.0072195651328801408 -0.004040390510275247 0.0050432470183418825 -0.014197861652038147 -0.023578445592926808 0.020941477104829714 0.034856041204610347 -0.015655954512880148 0.012127207375125253 -0.023934254522144222 0.011240078397957487 -0.0081717047303215325 -0.016662816012694537 0.0017627531033490565 -0.0057108039392256629 -0.012030876307557977 0.0042024957483535836 -0.002886314104505404 0.021052227436325014 -0.029634035779809127 0.024698227676195256 0.011846478536987767 -0.0088134378755826952 -0.012738348833050864 -0.050394569795207261 0.0016604643886451141
leaf_weight=700.33702258393168 3886.4021883755922 2043.5542494989932 17506.1195130907 6035.6506579481065 6260.008924163878 3359.1247549559921 736.77831315994263 6813.7948244437575 2174.786007232964 644.57584644109011 1593.1067298986018 2257.1087795980275 3427.445616196841 725.01297089457512 4302.7105110436678 1249.1798456273973 886.85602045059204 2842.1475270688534 1784.4859621785581 1452.6463436707854 1031.4963709916919 20713.013959988952 821.05612450093031 1625.8286508843303 2856.8686605226249 1186.1546322330832 3979.9435644857585 4411.7958856709301 57.50175902992487 9528.4705434143543
leaf_count=9387 18311 70585 84230 39712 28878 20535 6951 47621 18014 3041 37564 14957 17520 3785 22629 7614 5269 13325 10599 8525 11088 139884 4223 9077 30735 5825 21661 43390 312 48294
internal_value=4.01409e-05 0.0217919 -0.00161391 -0.00489422 0.0018938 0.00788755 0.0131403 -0.00380588 -0.00632698 -0.000182782 0.0254346 -0.00424297 -3.47177e-05 -0.00527997 -0.00129651 -0.0109869 0.00335242 -0.00346532 0.00627074 0.00276984 0.0118357 -0.00500538 -0.0107102 -0.0203148 0.0192636 0.00273952 -0.00406847 -0.0157541 0.016324 0.00443013
internal_weight=116894 8259.84 108634 56136.5 52497.6 13507.5 6216.29 51024.4 30580.2 38990.1 2329.89 16317.9 20444.2 15673.3 9231.16 6442.17 6974.05 3567.16 6087.2 14408.6 10148.4 28405.4 7692.35 2875.01 3888.37 22672.2 5166.1 5112.13 878.558 12955.9
internal_count=803541 133411 670130 376882 293248 91236 62826 324105 210054 202012 44515 90296 114051 87255 53454 33801 38497 17110 33228 74339 70701 192040 52156 16691 41823 111716 27486 52777 4535 65814
is_linear=0
shrinkage=0.05


Tree=68
num_leaves=31
num_cat=0
split_feature=15 0 7 18 0 21 14 13 18 0 21 20 11 14 14 23 21 11 11 23 20 21 20 14 25 20 25 13 21 11
split_gain=1151.88 766.303 458.801 307.664 257.573 182.894 160.433 159.098 156.163 160.641 128.598 125.452 213.894 220.178 175.468 357.644 186.831 184.258 152.868 137.832 120.433 120.124 121.677 118.369 221.06 182.352 195.214 177.47 159.861 157.161
threshold=21.682642936706547 2.3897628784179692 1.0000000180025095e-35 185.39170837402347 9.0483694076538104 1.7000587500000002 225.50000000000003 -63.695709774691615 169.52228546142581 8.4039444923400897 -0.087392471699999988 9.1231079101562518 35.742389070360296 174.50000000000003 197.50000000000003 1.1894188000000001 0.25288889000000009 35.742389070360296 10.389228504554778 0.29784916500000008 24.029861450195316 0.53773349500000012 0.50757598876953136 261.50000000000006 23.92355791628361 91.693748474121108 23.482144188880927 -8.7928688629492857 0.48634322000000002 56.648642875830838
decision_type=2 2 2 2 2 2 2 2 2 2 2 2 2 2 2 2 2 2 2 2 2 2 2 2 2 2 2 2 2 2
left_child=1 3 -3 5 10 7 -5 -1 9 -4 -2 12 13 18 15 16 -13 -17 19 -9 -18 22 -21 25 28 26 27 -16 -25 -27
right_child=4 2 8 6 -6 -7 -8 11 -10 -11 -12 14 -14 -15 23 17 20 -19 -20 21 -22 -23 -24 24 -26 29 -28 -29 -30 -31
leaf_value=-0.011247177475314826 0.009693284854245067 0.0025917752444492947 0.01446956030860151 -0.017883959554354113 0.047349076203846416 -0.019631273413435322 -0.0050331611015008611 0.054161565695408392 0.009663352299898292 0.035999367750187902 0.039617420230201914 0.012355697106592992 -0.012509087394774 -0.018883926520823689 -0.0082721652315901392 -0.016477471689816874 0.029284284385269244 0.006340505855816754 0.0073650883700645308 -0.018017617962180019 0.075237698248243917 0.010643491878927453 0.051004855450627801 0.019264038693780086 -0.0037613345334048319 -0.024341241442285184 0.0023548219722256494 0.004939038949235087 -0.00077064573397814934 0.028270240483971587
leaf_weight=4198.3640184178948 1290.8099180795252 27149.719183005393 1888.1397886034101 5040.6982748433948 1290.8068673051894 1471.6407988779247 4688.1887652948499 86.755144566297531 3745.1905271876603 1603.7257813084871 496.91913364268839 2631.1367635652423 5993.7247290089726 1381.4257752262056 12627.974823266268 1578.2640528529882 632.91767675429583 2010.8810555525124 5546.3336656801403 1834.9751720502973 184.19489364698529 563.72194097936153 65.206481754779816 2758.0989571548998 4548.5716854035854 1428.423236656934 14959.907763916999 3181.9317184761167 1557.7435724213719 156.75927455350757
leaf_count=39181 9838 127037 21992 47991 44960 9661 29245 449 44698 41848 4740 14816 45078 11548 77766 9782 3911 11798 34582 10641 925 2981 297 13647 23067 7766 86964 17465 8652 794
internal_value=0.000160743 -0.000657816 0.00557388 -0.00336598 0.0303338 -0.00219854 -0.0116925 -0.00182058 0.0167593 0.0243651 0.0180285 -0.00119941 -0.00511706 -0.000441852 5.67574e-05 0.00735301 0.0188503 -0.0036951 0.00270649 -0.00742242 0.0397225 -0.00961191 -0.0156235 -0.00118908 0.00392962 -0.00259155 -0.00173925 -0.00561311 0.0120343 -0.0191239
internal_weight=116593 113515 34386.8 79127.8 3078.54 69399 9728.89 67927.3 7237.06 3491.87 1787.73 63728.9 15472.1 9478.42 48256.8 7037.39 3448.25 3589.15 8096.99 2550.66 817.113 2463.9 1900.18 41219.4 8864.41 32355 30769.8 15809.9 4315.84 1585.18
internal_count=804120 744582 235575 509007 59538 431771 77236 422110 108538 63840 14578 382929 105576 60498 277353 41232 19652 21580 48950 14368 4836 13919 10938 236121 45366 190755 182195 95231 22299 8560
is_linear=0
shrinkage=0.05


Tree=69
num_leaves=31
num_cat=0
split_feature=1 17 12 20 0 11 12 18 11 24 12 11 21 11 21 12 12 21 21 21 23 20 18 23 23 11 11 21 23 25
split_gain=1467.39 611.66 460.212 398.06 325.882 301.115 277.084 252.517 251.79 252.088 232.833 230.31 226.91 209.278 200.826 182.655 217.81 250.534 309.266 191.924 190.077 182.062 177.458 171.626 153.008 152.999 164.262 150.685 148.924 153.973
threshold=38.799999505281455 168.56278228759768 1.0758513931888547 -1.9687194824218748 4.2473878860473642 92.67470495860691 3.4721362229102173 180.2159118652344 11.857232115548266 4.5000000000000009 6.7368421052631584 69.240060989413394 0.40264956500000004 48.929337142444808 0.83520734000000008 6.8452012383900938 4.6981424148606825 -1.0846349999999998 -1.0488714999999997 -1.6777381999999998 2.0135488500000003 26.453079223632816 169.52228546142581 0.78081134000000019 2.4041249500000004 81.284812012300975 1.997763432919887 -1.4577523499999998 1.7844480500000002 24.435188937187199
decision_type=2 2 2 2 2 2 2 2 2 8 2 2 2 2 2 2 2 2 2 2 2 2 2 2 2 2 2 2 2 2
left_child=2 -2 12 7 5 6 11 -4 10 13 22 -5 25 15 -11 16 -10 19 -19 -18 -17 28 23 -8 -12 26 -1 -7 -15 -30
right_child=1 -3 3 4 -6 27 8 -9 9 14 24 -13 -14 21 -16 20 17 18 -20 -21 -22 -23 -24 -25 -26 -27 -28 -29 29 -31
leaf_value=-0.031247695575972703 0.047524699927984672 0.013463777266713287 -0.00471531959814758 0.0044295650930846042 0.0056424680044843281 0.068111598689463634 -0.029491673590309034 -0.018376755002062279 -0.0018153636136721994 -0.0071452238985668069 0.0036548693936600748 -0.0086270956553219785 0.020089258466799126 -0.013620901683441431 -0.022287102734550458 -0.011421602182015947 0.025597886172907022 0.095357309205943694 0.018103764708082073 -0.025402084764335649 0.053522391198441703 -0.037755722804587874 0.048729052669200731 0.032724757511557179 -0.030379352922589326 -0.019436723036999417 0.0087432815911292257 -0.020210731443064803 -0.0045656334152748244 0.065218742569713439
leaf_weight=270.70183897018433 1883.2284865379333 4390.9859268981963 9087.1597610972822 21944.607757123187 15823.750582870096 48.227345865219831 196.86028979346156 5388.0590642020106 3768.3871557191014 21437.157649094239 4402.6855938509107 3990.8344448767602 3315.6843287944794 1105.2856637462974 2438.3060015756637 2488.9969120956957 269.6884178891778 134.44635881856084 3015.6131644807756 578.4921350479126 117.02367286756635 597.33892378397286 498.70317923277617 251.07889277487993 356.00908626616001 638.46417521685362 4681.9417022131383 2667.7754906546324 186.73141878470778 135.90900925546885
leaf_count=1358 71093 44382 58131 113802 96600 370 1028 49422 18247 150750 25819 26579 19780 7994 20632 14731 1212 601 14407 2937 494 3798 2680 1234 2379 4142 25172 21115 1344 889
internal_value=0.000177214 0.0236932 -0.00116631 -0.00212779 -0.000842884 -0.0022959 -0.00164289 -0.00980139 -0.00415317 -0.00568892 0.00561012 0.00242021 0.00972798 9.5455e-05 -0.00869247 0.00296626 0.00680952 0.014937 0.0214302 -0.00917503 -0.00848587 -0.0146019 0.0282428 0.0053771 0.00110284 0.00358096 0.00655159 -0.0186179 -0.00489647 0.024941
internal_weight=116110 6274.21 109836 100929 86453.9 70630.2 67914.2 14475.2 41978.7 36273.4 5705.34 25935.4 8906.79 12397.9 23875.5 10372.6 7766.63 3998.24 3150.06 848.181 2606.02 2025.27 946.642 447.939 4758.69 5591.11 4952.64 2716 1427.93 322.64
internal_count=803122 115475 687647 637195 529642 433042 411557 107553 271176 238036 33140 140381 50452 66654 171382 52629 37404 19157 15008 4149 15225 14025 4942 2262 28198 30672 26530 21485 10227 2233
is_linear=0
shrinkage=0.05


Tree=70
num_leaves=31
num_cat=0
split_feature=1 18 19 12 20 11 18 20 12 20 11 11 12 23 1 20 19 11 18 23 5 23 20 0 7 23 12 11 23 18
split_gain=1350.52 576.186 500.665 354.983 377.606 278.625 211.428 208.144 168.715 159.329 297.03 192.975 235.205 170.59 157.022 136.174 357.496 334.651 266.109 221.139 156.161 138.518 142.626 131.194 128.182 128.015 127.893 192.883 151.412 121.045
threshold=40.53534001111985 164.17825317382815 0.60294118523597728 3.5959752321981431 -1.439338684082031 15.793902891665141 156.69117736816409 81.246215820312514 0.65944272445820451 65.772979736328139 67.392728720886808 21.510219842207047 1.7321981424148609 1.5455405000000002 15.9887752532959 59.627311706542976 0.22058823704719546 29.290478826860898 167.32843017578128 1.2403435000000003 3.5000000000000004 1.11189 80.265686035156264 1.0000000180025095e-35 1.0000000180025095e-35 2.4623731000000002 6.1377708978328185 48.929337142444808 0.13422438000000003 163.92513275146487
decision_type=2 2 2 2 2 2 2 2 2 2 2 2 2 2 2 2 2 2 2 2 2 2 2 2 2 2 2 2 2 2
left_child=2 -2 3 4 -1 -4 -6 8 -7 10 13 -11 -13 29 -12 16 19 18 21 -5 -18 22 -17 -3 -25 -14 27 28 -10 -8
right_child=1 23 5 15 6 7 9 -9 26 11 14 12 25 -15 -16 17 20 -19 -20 -21 -22 -23 -24 24 -26 -27 -28 -29 -30 -31
leaf_value=-0.0051409151910248767 0.046915960976262876 -0.0048182976404546893 0.0058915678111213007 0.024768679520847284 0.024172717732685728 0.014465401499071618 0.029243537432607353 0.0043068697144329404 0.051723250265770362 0.038690265527128467 -0.0054836589285872615 0.0090148674843803598 -0.0062825274165884603 0.0018746271262457253 0.013177499847554196 0.0044432424159841092 -0.010842595620582452 -0.018753331041786302 0.0048208605540096157 0.00068862713257325427 -0.00041435234381808381 -0.0014671604019270688 -0.023695433513917119 0.0093853802096867181 0.030227059586450472 0.056249673788710167 -0.020209581978523097 -0.014507230024739899 -0.0053620082503628274 0.013748978113526576
leaf_weight=8732.6093907933682 1807.8777340762317 831.62559858709574 3827.3888156600296 2078.6240105517209 1623.3247246649116 682.22201795130968 1494.8327983561903 2828.1365838348866 116.43809419125319 332.36472583189607 4339.4040002934635 4529.7739570420235 7041.0250168200582 2667.2908696942031 1521.7350557595491 564.60686934180558 4752.6175489351153 3982.3543111607432 6433.8658278621733 1760.7187994532287 14665.825321527198 2331.8973252046853 2218.4079972524196 1887.2493051365018 1211.7090651299804 81.81596439704299 3096.4716509617865 9486.9193213954568 10724.207852296531 8053.774212853983
leaf_count=50380 70584 4602 23710 13231 11410 3977 9001 15081 667 1523 26518 25660 37101 13730 13157 3094 38486 24731 36266 10720 94904 12733 12252 9108 26216 377 29175 73749 67484 42868
internal_value=-8.31144e-05 0.0235618 -0.00131717 0.000785331 0.00406442 -0.00673065 0.00660153 -0.00852442 -0.0100299 0.00565192 0.0086157 0.00118129 0.000108205 0.0130549 -0.000637217 -0.00263149 -0.000210504 -0.00625664 -0.00194617 0.0137286 -0.00296707 -0.0104575 -0.0179872 0.0128108 0.0175417 -0.00555646 -0.0107439 -0.00930109 -0.00474415 0.0161775
internal_weight=115707 5738.46 109969 79206.9 40418 30761.8 31685.3 26934.4 24106.3 30062 18077 11985 11652.6 12215.9 5861.14 38788.9 23257.8 15531.1 11548.8 3839.34 19418.4 5114.91 2783.01 3930.58 3098.96 7122.84 23424 20327.6 10840.6 9548.61
internal_count=802495 110510 691985 478142 231725 213843 181345 190133 175052 169935 105274 64661 63138 65599 39675 246417 157341 89076 64345 23951 133390 28079 15346 39926 35324 37478 171075 141900 68151 51869
is_linear=0
shrinkage=0.05


Tree=71
num_leaves=31
num_cat=0
split_feature=1 17 0 1 7 20 11 17 14 20 24 14 19 20 14 14 17 11 18 24 20 14 14 24 0 25 24 6 19 20
split_gain=1215.48 523.762 469.856 330.047 322.219 194.223 183.868 174.362 164.536 252.117 164.227 386.176 178.105 136.081 132.267 281.912 196.339 236.288 195.518 165.265 220.98 171.045 138.455 179.139 129.609 129.452 143.758 125.516 123.416 122.837
threshold=42.379638433456428 169.697135925293 0.11947119235992433 18.295722723007206 1.0000000180025095e-35 11.059715270996096 67.867619931397982 198.69697570800784 206.50000000000003 10.092330932617189 3.5000000000000004 250.50000000000003 0.51470589637756359 78.784561157226577 235.50000000000003 261.50000000000006 179.38796234130862 21.205184842975978 156.69117736816409 5.5000000000000009 10.566963195800783 228.50000000000003 198.50000000000003 1.5000000000000002 25.719218254089359 23.451612102240329 1.5000000000000002 1.5000000000000002 0.48529411852359777 22.590995788574222
decision_type=2 2 2 2 2 2 2 2 2 2 10 2 2 2 2 2 2 2 2 10 2 2 2 8 2 2 8 2 2 2
left_child=2 -2 5 6 24 7 14 -1 9 -8 -7 12 -12 -10 18 16 -16 -18 -4 20 -20 -21 23 -22 -5 -11 -27 -6 -25 -3
right_child=1 29 3 4 27 10 8 -9 13 25 11 -13 -14 -15 15 -17 17 -19 19 21 22 -23 -24 28 -26 26 -28 -29 -30 -31
leaf_value=-0.0067409248674463991 0.047326444530643101 -0.00046391860076005521 0.026354504951150045 0.0059408275036779415 0.022885148227546073 -0.00075561859154134954 -0.016748457779375166 -0.020256807853591706 -0.01680172696964554 0.018645931039581821 -0.0069860202256607253 0.0017263926827522725 -0.027196065651369634 0.0060822080027038306 -0.015961455856954271 0.0077868833751750383 0.020437039287039851 -0.0063373663129369599 -0.0021897721115785368 -0.0034868905643103891 -0.002281340233753538 -0.038779005004676334 0.004906893230084898 0.029069833439261384 -0.012883652100710977 0.054529518320335993 -0.0093718832520887224 -0.014464763930475197 0.0082169420728941227 0.01939198938399244
leaf_weight=11052.050166223198 1612.8265963718295 1149.8267095647752 907.4544088691473 6600.8822016194463 3855.6186126265675 26695.718507856131 1356.5747741572559 3042.9677936993539 3865.4505132958293 1612.8663816154003 1847.8121101520956 4552.7565985620022 2660.760588683188 780.30667442828417 3925.0491568557918 4493.3038598299026 1017.2924504950643 4318.388949714601 8159.0735389962792 3017.1197981089354 1027.6208046786487 386.4389866553247 9666.2490067481995 2030.6576855704188 1060.4353368729353 95.611503608524799 988.45263599976897 238.21426579356194 1091.9082138836384 2413.3542036172003
leaf_count=81894 67872 9545 4841 31459 59275 155910 9596 32183 23222 9515 14062 28036 28960 3916 19161 20828 5088 21800 45344 19019 4861 2489 48967 9560 5320 518 5990 1046 5720 27937
internal_value=1.54384e-05 0.0236936 -0.00109543 0.00186635 0.00938612 -0.00468948 5.25652e-05 -0.00966009 -0.00653556 0.000826217 -0.00272991 -0.00854567 -0.0189165 -0.0129576 0.00148404 -0.00248865 -0.00747464 -0.00122973 0.0035627 0.00274675 0.00433468 -0.00750416 0.00818747 0.0158253 0.00333391 0.00966933 -0.00369089 0.0207088 0.0217829 0.0129862
internal_weight=115523 5176.01 110347 60495 11755.2 49852.1 48739.8 14095 8699.26 4053.51 35757 9061.33 4508.57 4645.76 40040.6 13754 9260.73 5335.68 26286.5 25379.1 21975.5 3403.56 13816.4 4150.19 7661.32 2696.93 1084.06 4093.83 3122.57 3563.18
internal_count=803934 105354 698580 357535 97100 341045 260435 114077 52757 25619 226968 71058 43022 27138 207678 66877 46049 26888 140801 135960 114452 21508 69108 20141 36779 16023 6508 60321 15280 37482
is_linear=0
shrinkage=0.05


Tree=72
num_leaves=31
num_cat=0
split_feature=1 16 16 0 14 5 21 22 22 17 21 14 11 11 23 22 21 14 17 11 25 22 6 9 5 21 22 21 22 14
split_gain=1125.27 761.021 442.531 241.105 239.226 412.915 223.792 217.361 216.011 191.376 329.743 181.593 190.323 186.448 175.406 174.937 173.33 169.275 205.464 309.479 174.264 169.087 163.852 171.603 146.759 191.923 167.033 144.503 143.576 176.994
threshold=33.635875463485725 0.51470589637756359 0.83823528885841381 0.11143968626856805 206.50000000000003 9.5000000000000018 0.40264956500000004 -0.76988989499999982 2.1169150000000005 179.44565582275393 -0.62958570999999985 265.50000000000006 33.014739663412236 52.526247973239556 1.0344751000000001 0.32628046000000005 1.7000587500000002 233.50000000000003 177.58816528320315 46.607583067169415 21.227954888343817 1.6775100000000001 1.5000000000000002 1.0000000180025095e-35 14.500000000000002 -0.13247221999999995 0.62641051500000011 1.4806700500000003 -0.21093407999999997 262.50000000000006
decision_type=2 2 2 2 2 2 2 2 2 2 2 2 2 2 2 2 2 2 2 2 2 2 2 2 2 2 2 2 2 2
left_child=2 -2 3 16 5 9 14 -6 11 10 -5 17 27 15 -7 -14 28 24 19 -19 -20 -8 23 -3 26 -26 -9 -13 -1 -30
right_child=1 22 -4 4 7 6 21 8 -10 -11 -12 12 13 -15 -16 -17 -18 18 20 -21 -22 -23 -24 -25 25 -27 -28 -29 29 -31
leaf_value=0.00017449986182222724 0.046248687862979455 0.024739714105773563 -0.01025254574658677 -0.0083277553482448956 0.0069798558291922471 0.023771472463390883 0.038962945913333602 0.00036306226521466939 0.099468746925934326 -0.0021865729530180823 0.016894160218879867 0.02237563492844577 -0.00091840306661629715 0.022074895659565229 0.0035010388525079637 -0.041218208757874492 -0.026077052501233617 -0.026943838346573653 -0.018478562529294435 0.0017914441186836173 0.00062801197353386544 -0.035716158571018945 -0.014032147179831431 0.0057644346689455341 -0.0027908646811419255 0.023603150766244977 -0.017467379213885022 -0.029276553116693495 -0.0082985533935529803 0.0036397401975394924
leaf_weight=21938.509424451739 1866.9016563259065 1853.9889598973095 12255.256865888834 1882.5213019605726 7066.2388610448688 1822.0192040391266 1338.036868551746 5383.0170189514756 50.34904246032238 10283.527462977916 4153.7244834881276 1712.4113493468612 727.03876719623804 449.64985643327236 2575.2561462018639 426.74874704517424 798.5749341621995 2922.9237556774169 1547.5227255821228 1378.7035802733153 5203.4309532083571 79.587956735864282 651.814218506217 3333.4900146014988 1468.6051932182163 1295.7006612829864 1736.3720641098917 146.17313398048282 14765.36896834895 3930.5746479704976
leaf_count=123297 76020 38345 98831 9696 36961 11193 8791 30327 320 59217 21800 8056 3634 2654 15227 2224 5727 16001 8663 8436 28236 531 2813 15999 8740 8697 11442 693 119095 21257
internal_value=1.45064e-05 0.0184686 -0.00131054 -0.000157906 0.00205473 0.00603854 0.0174779 -0.000743425 -0.00297583 0.00196175 0.00902814 -0.00319131 0.007415 -0.00520533 0.0119036 -0.0158468 -0.00302292 -0.00494544 -0.00919667 -0.0177357 -0.00375388 0.0347481 0.00958051 0.0125496 -0.000190987 0.00958475 -0.00398751 0.0182998 -0.00256921 -0.00578862
internal_weight=115044 7706.19 107338 95082.6 53649.6 22134.7 5814.9 31514.9 24448.6 16319.8 6036.25 24398.3 3462.02 1603.44 4397.28 1153.79 41433 20936.3 11052.6 4301.63 6750.95 1417.62 5839.29 5187.48 9883.69 2764.31 7119.39 1858.58 40634.5 18695.9
internal_count=802923 133177 669746 570915 301539 126455 35742 175084 138123 90713 31496 137803 17261 8512 26420 5858 269376 120542 61336 24437 36899 9322 57157 54344 59206 17437 41769 8749 263649 140352
is_linear=0
shrinkage=0.05


Tree=73
num_leaves=31
num_cat=0
split_feature=1 16 17 1 6 7 18 20 23 1 21 21 17 18 14 20 7 13 23 13 17 23 17 14 5 10 21 14 17 14
split_gain=992.249 457.254 411.701 369.429 368.201 326.695 158.641 158.519 154.759 149.903 149.593 139.218 108.427 108.113 106.444 104.857 99.7377 98.5306 108.696 96.1925 94.796 93.2945 90.9635 89.8719 87.7941 111.284 82.4105 264.188 351.489 235.674
threshold=49.798106789588935 0.80882352590560924 172.32727050781253 12.474182009696962 1.5000000000000002 1.0000000180025095e-35 156.45587921142581 4.8575057983398446 0.17156968000000003 23.269164085388187 -1.6777381999999998 1.7000587500000002 161.37132263183597 187.91379547119143 237.50000000000003 -0.44994354248046869 1.0000000180025095e-35 -71.248739037547395 2.4967763500000006 -35.336988318284774 177.4294357299805 2.6245776500000004 184.30517578125003 219.50000000000003 1.5000000000000002 78.200354421138783 0.13841605500000004 217.50000000000003 188.01666259765628 182.50000000000003
decision_type=2 2 2 2 2 2 2 2 2 2 2 2 2 2 2 2 2 2 2 2 2 2 2 2 2 8 2 2 2 2
left_child=1 3 -2 6 5 24 14 13 19 12 -9 16 23 -3 15 -1 17 18 -10 -8 -21 26 -11 -7 -5 -26 -19 28 29 -28
right_child=2 7 -4 4 -6 9 8 10 11 22 -12 -13 -14 -15 -16 -17 -18 21 -20 20 -22 -23 -24 -25 25 -27 27 -29 -30 -31
leaf_value=-0.0047798413780960588 0.047995327477727355 -0.010073520622046087 0.013165997119399362 -0.011938768244496665 -0.010176238578760662 0.016181335390050795 -0.0084225806219895335 0.022604900956494721 -0.011931966895344641 0.032821239168985314 -0.0051615183053174548 -0.017529262584733273 0.014173173817433316 -0.024778861813213857 0.003060145320484077 0.036942124957319432 -0.009975111858263809 -0.0017959015067684121 0.077736832429142602 0.002180115706012255 0.037721888449148581 -0.022303729927293112 0.01430871918841943 -0.030996758337939523 0.0043273041650932018 0.026751022533163193 0.0051944145746115793 -0.0026928712997997453 -0.0053751658357262533 0.025377547747090431
leaf_weight=198.78864543139935 1327.7667243760079 5777.1052320897579 2350.451659206301 782.1281863078475 3001.2320764288306 164.06265982240438 277.41744871810079 503.53081022575498 2453.0852469131351 1877.9614000171423 12593.752020543441 1370.8862340673804 3214.8020144179463 1595.1945135109127 1121.8074204176664 617.44356055557728 3234.985796533525 35731.292788978666 33.283088520169258 285.55182487517595 546.68455588817596 486.90007699653506 1029.641285168007 259.34860643744469 13075.430448882282 576.80101991072297 2729.9486101828516 11821.591529604048 2919.24832168594 3076.6488737799227
leaf_count=872 62087 49866 26167 3510 13483 1857 1970 2925 22269 41907 87946 8723 24143 16869 5310 3005 14956 203155 216 1409 2900 3230 15565 2238 60927 2855 15327 68925 22915 17265
internal_value=0.000201108 -0.000642966 0.0257483 0.000877583 0.00620194 0.00854523 -0.00103093 -0.00739407 -0.00145152 0.0178096 -0.00409238 -0.00177333 0.0110406 -0.0132583 0.0130619 0.0267876 -0.00142739 -0.000960548 -0.0107009 0.0170525 0.0255443 -0.000533735 0.0262728 -0.0127212 0.00434301 0.00527659 -0.000344997 0.00217804 0.0087766 0.0158911
internal_weight=115035 111357 3678.22 90887 23981.4 20980.2 66905.6 20469.6 64967.5 6545.82 13097.3 63857.9 3638.21 7372.3 1938.04 816.232 62487 59252 2486.37 1109.65 832.236 56765.6 2907.6 423.411 14434.4 13652.2 56278.7 20547.4 8725.85 5806.6
internal_count=804792 716538 88254 558932 166485 153002 392447 157606 383260 85710 90871 376981 28238 66735 9187 3877 368258 353302 22485 6279 4309 330817 57472 4095 67292 63782 327587 124432 55507 32592
is_linear=0
shrinkage=0.05


Tree=74
num_leaves=31
num_cat=0
split_feature=15 12 18 0 0 14 21 9 11 11 12 21 11 12 14 12 11 11 12 20 14 21 21 14 11 21 11 18 11 14
split_gain=805.629 498.571 385.527 294.723 236.016 232.606 199.666 194.185 182.315 175.191 247.966 285.448 172.33 181.106 202.93 205.41 153.203 143.466 181.671 142.184 241.211 359.366 209.787 192.522 191.688 168.111 151.748 140.183 136.053 135.774
threshold=21.682642936706547 1.0758513931888547 185.39170837402347 4.0308763980865487 9.0483694076538104 181.50000000000003 0.38595135500000005 1.0000000180025095e-35 48.568307223703847 88.744555543150895 3.0510835913312699 1.6484033000000002 51.88454376086132 6.6919504643962862 271.50000000000006 5.7058823529411775 1.997763432919887 67.867619931397982 0.69195046439628494 -0.96871948242187489 233.50000000000003 -0.64021539499999991 -0.044221688049999992 261.50000000000006 69.754337156104981 -0.32651200499999994 21.510219842207047 169.79144287109378 84.818206003472085 201.50000000000003
decision_type=2 2 2 2 2 2 2 2 2 2 2 2 2 2 2 2 2 2 2 2 2 2 2 2 2 2 2 2 2 2
left_child=1 6 3 9 -2 -4 16 27 -7 10 19 12 13 14 -12 -16 -1 -8 -19 -3 21 -21 23 25 29 -22 -24 -5 -14 -23
right_child=4 2 5 7 -6 8 17 -9 -10 -11 11 -13 28 -15 15 -17 -18 18 -20 20 22 24 26 -25 -26 -27 -28 -29 -30 -31
leaf_value=-0.033110811624855345 0.015374661931816518 -0.0041165845300048763 -0.02502590431703737 0.023479970357492455 0.045534439726178738 -0.0016637397648384762 0.029446802422797971 0.0024523486960656617 -0.01634431543456185 -0.013374475814578193 -0.00014477207732087671 -0.036886954924768851 -0.011765156992691587 -0.0068720764894712712 0.012348215933120452 0.077226632085480917 0.0061087368047364737 0.025441885672808369 -0.0041767492371625817 -0.0051236249933820392 -0.0071721494757457996 0.031390714306985389 0.08874636118978127 0.02551526462401002 -0.00021931334768384545 0.021882507151726023 -0.0079887861624126991 0.0040863711720037551 0.021113332442221508 0.014680053745514324
leaf_weight=258.80448848009109 1732.8674778155982 5835.79720630683 2174.2619399055839 2161.0020703431219 1037.4094877652824 5982.628548130393 1764.0042500719428 14833.312691878527 3270.4040828552097 3243.7146755717695 24293.628466093913 636.62892580777407 6879.7805328648537 11954.634402494878 524.17441638372838 158.22169825807214 5994.9998397175223 994.64278235845268 1078.0522186923772 2546.7425324227661 1846.7812572419643 2055.7980844322592 39.860689353197813 1124.857662960887 1271.6240404285491 680.46903237327933 5273.7069150004536 1638.4368444606662 328.83142862841487 2980.8118646629155
leaf_count=1321 14542 36215 21642 48975 44963 38503 10899 68409 28159 25699 143314 4875 56098 83714 2456 707 38386 9094 8328 12966 9057 10644 180 5234 8575 3298 27830 20976 3057 15799
internal_value=5.05535e-05 -0.0006094 -0.00166086 -0.000565932 0.0266812 -0.0103132 0.00999093 0.00503613 -0.00685367 -0.00202228 -0.001484 -0.00367167 -0.00319177 -0.00181135 0.000611119 0.027482 0.00448066 0.0189691 0.010042 0.00265671 0.0048749 0.0107278 -0.000906247 0.00831792 0.017127 0.000656457 -0.00724655 0.0151201 -0.0102626 0.0215057
internal_weight=114597 111827 101736 90308.8 2770.28 11427.3 10090.5 18632.8 9253.03 71676.1 68432.3 44775.9 44139.3 36930.7 24976 682.396 6253.8 3836.7 2072.7 23656.4 17820.7 8854.98 8965.68 3652.11 6308.23 2527.25 5313.57 3799.44 7208.61 5036.61
internal_count=803915 744410 676382 588078 59505 88304 68028 138360 66662 449718 424019 294221 289346 230191 146477 3163 39707 28321 17422 129798 93583 47984 45599 17589 35018 12355 28010 69951 59155 26443
is_linear=0
shrinkage=0.05


Tree=75
num_leaves=31
num_cat=0
split_feature=15 16 19 9 13 21 22 22 14 21 24 14 9 21 21 14 14 14 19 21 20 22 21 25 23 19 14 21 23 22
split_gain=766.339 387.378 244.515 211.873 181.047 159.316 153.41 145.467 137.965 201.684 135.105 128.862 119.079 194.035 165.67 364.793 252.834 231.813 291.397 240.678 212.236 326.677 214.762 187.809 182.435 249.715 220.55 169.556 161.83 227.9
threshold=21.682642936706547 0.83823528885841381 0.60294118523597728 1.0000000180025095e-35 -14.260915088014613 -0.079274214799999992 2.7106600000000003 0.47169341500000006 241.50000000000003 -0.76345792499999987 2.5000000000000004 183.50000000000003 44.500000000000007 -1.1248923499999999 -1.0846349999999998 240.50000000000003 233.50000000000003 238.50000000000003 0.22058823704719546 -0.16974469999999997 7.6948242187500009 0.80366650500000014 0.22946334500000004 23.510928463935858 1.1064166000000002 0.22058823704719546 265.50000000000006 -0.89375877499999989 1.7060800000000003 1.3255616000000001
decision_type=2 2 2 2 2 2 2 2 2 2 10 2 2 2 2 2 2 2 2 2 2 2 2 2 2 2 2 2 2 2
left_child=1 2 3 -1 10 -2 12 11 -6 -10 -4 -3 14 -14 15 16 -5 18 19 -16 -20 22 23 -22 25 26 -19 -26 29 -29
right_child=5 7 4 6 8 -7 -8 -9 9 -11 -12 -13 13 -15 17 -17 -18 24 20 -21 21 -23 -24 -25 27 -27 -28 28 -30 -31
leaf_value=0.0086521502373443967 0.017558015682134422 -0.013663148969521286 -0.0041997624983008573 -0.0070903057390673853 -0.0042420306488576481 0.043183773194750558 -0.051757785633909585 -0.020164421711816802 0.026369135040743716 0.001762656983850793 -0.014483804076304002 -0.002063034678699728 0.017724062696969033 -0.0093070538746687671 0.0052710140311307743 0.014265687952077378 -0.042978085068513062 -0.027495188934268219 -0.0032093602474677699 0.026458179272610682 -0.0014563489899303364 -0.011030076415982219 0.017661880477962379 0.012278805538142486 0.035787081254701203 -0.0013070001009896691 0.0026344246422789273 0.0045022249951578806 -0.011533901122570966 0.054458290076105531
leaf_weight=9768.491396535188 1823.2411376386881 3809.0098187439144 10018.653411848471 6896.0979141481221 5281.7341767698526 909.94497495517135 137.79851254075766 2350.1938710287213 1090.7598377764225 3510.8078566845506 4687.9398756362498 6443.3004927560687 759.91839849203825 5207.9274431578815 2670.2412193380296 2030.5679350160062 527.4550751671195 2031.110870923847 8795.8346591107547 2691.6487312577665 5402.0048223175108 2339.7572893761098 4881.1593056581914 4613.7112885899842 405.44161128997803 7817.2261598333716 866.07831331714988 4729.5137081518769 1561.4600205644965 238.89913852512836
leaf_count=117048 32111 34051 67354 38512 32678 27382 1210 24535 6262 21341 37988 44133 4264 32787 12706 10221 3101 10222 54422 13116 28489 17580 27157 23706 1962 41161 4198 24361 8520 1359
internal_value=-5.01128e-05 -0.000691036 0.000360397 0.00178949 -0.00396181 0.0261021 0.0007517 -0.00894688 0.00127165 0.00759986 -0.00747871 -0.0063737 0.000864742 -0.00586264 0.00155114 -0.00450896 -0.00964563 0.0027194 0.00529678 0.0159098 0.00311029 0.0063352 0.00906321 0.00487131 -0.00186514 -0.00595473 -0.0184905 0.00445286 0.00250213 0.00691477
internal_weight=114298 111565 98962.2 74372.3 24589.9 2733.19 64603.9 12602.5 9883.3 4601.57 14706.6 10252.3 64466.1 5967.85 58498.2 9454.12 7423.55 49044.1 31394.4 5361.89 26032.5 17236.6 14896.9 10015.7 17649.7 10714.4 2897.19 6935.31 6529.87 4968.41
internal_count=803937 744444 641725 476102 165623 59493 359054 102719 60281 27603 105342 78184 357844 37051 320793 51834 41613 268959 177176 25822 151354 96932 79352 52195 91783 55581 14420 36202 34240 25720
is_linear=0
shrinkage=0.05


Tree=76
num_leaves=31
num_cat=0
split_feature=16 6 9 21 11 20 11 22 21 14 2 23 21 13 23 4 22 14 11 2 24 23 14 11 22 20 14 22 21 22
split_gain=675.317 425.766 300.631 219.132 200.566 156.476 197.559 168.203 160.698 188.946 277.196 258.052 221.154 220.671 153.719 152.067 150.4 141.935 139.294 133.518 130.308 140.836 159.554 143.387 128.729 142.98 126.077 125.769 166.655 123.662
threshold=0.1911764740943909 1.5000000000000002 1.0000000180025095e-35 -1.3945062499999998 69.754337156104981 -8.318016052246092 30.246955496827059 0.58186933500000004 0.9413359750000001 249.50000000000003 5.6983447074890146 1.3684356000000002 -0.59581735499999999 -8.5235982531964201 2.1617061000000004 105.98737020790578 0.3967179950000001 164.50000000000003 67.867619931397982 102.29029154777528 7.5000000000000009 1.5186450000000002 184.50000000000003 49.474657544628514 0.28680163500000005 84.123107910156264 195.50000000000003 0.9894630900000001 -0.81418859999999993 0.75748989000000011
decision_type=2 2 2 2 2 2 2 2 2 2 2 2 2 2 2 2 2 2 2 2 10 2 2 2 2 2 2 2 2 2
left_child=3 2 -2 -1 5 6 -3 20 9 10 -9 12 15 29 -15 -11 24 -12 -4 -5 -7 -22 -23 -24 25 -6 -26 -8 -29 -13
right_child=1 4 18 19 16 7 27 8 -10 11 17 13 -14 14 -16 -17 -18 -19 -20 -21 21 22 23 -25 26 -27 -28 28 -30 -31
leaf_value=-0.011907429492259342 0.010290736737129462 -0.0025069397593370816 0.0020047450912498588 0.020274217153539956 -0.011527459829291329 0.00033968221967924583 -0.02558234563143745 -0.02305419937996625 -0.024373391151988045 0.096296824370171341 0.054875786076719418 -0.013246916157986371 -0.018107801803538867 0.023376147043715368 -0.026210325279594517 -0.026856372403607356 -0.023917585031339374 -0.00105899741168192 -0.0060864462451498151 0.044125581025180327 -0.027493094937644427 -0.028304143412954414 0.048772216026005566 -0.022171709126454563 -0.041364847442831081 0.025101950462423209 0.041042238661554403 0.097901960446178951 -0.0094562709221469206 0.064836019089305627
leaf_weight=371.27783779799938 10407.920698458329 3175.7709552273154 35555.135887347162 1569.1478371433914 4130.1870842687786 37806.785815592855 2042.4529714509845 2291.5893028564751 1289.0292435847223 75.003606155514717 119.43279162794352 59.101529955863953 971.48368337750435 471.44424759596586 232.60276488959789 36.856100372970104 1832.2698516771197 1945.3832596205175 6253.9568497873843 939.66457091830671 875.74916614964604 218.1330190487206 227.46814214065671 102.78071497753263 56.830671817064285 283.84891255944967 236.4698651060462 46.428293764591217 151.3879605345428 343.43638530373573
leaf_count=5109 131306 25923 168705 14176 34195 221469 21270 26727 10754 531 607 397 6557 2807 1361 233 19975 15649 33079 43269 7559 1937 1542 637 571 1261 2102 465 1944 2104
internal_value=1.76088e-05 -0.000601389 0.00268731 0.0239173 -0.00351092 -0.00248192 -0.0105294 -0.00155568 -0.0082435 -0.00506415 -0.011086 0.00691466 -0.0104278 0.023887 0.00697985 0.0558413 -0.0117673 0.00220137 0.000794319 0.0292217 -0.00021978 -0.0150618 0.00480454 0.0266926 -0.00703384 -0.00916682 0.0249885 -0.0218956 0.0161068 0.0533673
internal_weight=114119 111239 52217 2880.09 59021.9 52482.3 5416.04 47066.3 7835.36 6546.33 4356.41 2189.93 1083.34 1106.58 704.047 111.86 6539.61 2064.82 41809.1 2508.81 39230.9 1424.13 548.382 330.249 4707.34 4414.04 293.301 2240.27 197.816 402.538
internal_count=804221 741667 333090 62554 408577 350473 49602 300871 67727 56973 42983 13990 7321 6669 4168 764 58104 16256 201784 57445 233144 11675 4116 2179 38129 35456 2673 23679 2409 2501
is_linear=0
shrinkage=0.05


Tree=77
num_leaves=31
num_cat=0
split_feature=15 12 19 11 21 0 12 20 22 21 21 14 21 19 11 12 11 14 12 11 22 14 22 11 20 21 11 20 23 22
split_gain=651.803 427.953 306.695 309.544 247.328 243.828 240.47 210.392 203.139 215.733 200.048 198.582 268.747 338.521 252.852 182.111 168.811 187.055 217.04 165.472 162.218 203.277 156.981 156.747 153.47 148.764 143.95 138.26 144.188 210.185
threshold=21.682642936706547 1.0758513931888547 0.60294118523597728 29.290478826860898 -0.40757006499999998 9.0483694076538104 4.2058823529411766 -10.190521240234373 -1.4317225999999998 -0.079274214799999992 0.40264956500000004 215.50000000000003 -0.16974469999999997 0.27941177785396581 21.510219842207047 1.9086687306501551 85.685536006794266 181.50000000000003 3.1006191950464399 29.781702899261621 -0.42777149499999995 185.50000000000003 -0.69253640999999988 15.502362214384931 10.092330932617189 1.7000587500000002 84.235833273491266 57.22401428222657 0.78081134000000019 0.43984303000000008
decision_type=2 2 2 2 2 2 2 2 2 2 2 2 2 2 2 2 2 2 2 2 2 2 2 2 2 2 2 2 2 2
left_child=1 10 6 -4 20 -2 7 19 9 -8 27 12 23 -14 -13 -6 17 -15 -19 22 21 -5 -3 -9 -17 -10 -20 -1 29 -29
right_child=5 2 3 4 15 -7 8 11 25 -11 -12 14 13 16 -16 24 -18 18 26 -21 -22 -23 -24 -25 -26 -27 -28 28 -30 -31
leaf_value=-0.0016074615530212305 0.013118824918618875 0.016901331375721581 0.0013471317867116445 -0.013946496791670558 -0.0034491791787417815 0.044881337798800297 0.0041588712097285754 -0.030345314080205021 -0.0037689404378340357 0.050409605247220296 0.018274841782432182 0.030914306927964805 0.032237183506665303 -0.00067125925555805096 -0.00043795404080083732 -0.029482564018028613 -0.007794840257332205 0.029023443915763298 0.00094337714518168006 -0.018892196488803477 -0.011043594319196602 0.011092011719277192 -0.0096016624747410576 0.0027904132639531495 -0.014057021840996164 -0.04187055672072891 0.10467184281201956 -0.014681733116799562 0.023844769811203075 0.060825790332751463
leaf_weight=4131.8887079712003 1680.9688920471817 927.90363327041268 9460.5477643311024 1118.2107176147401 2969.0282082185149 943.41633139178157 1000.7907602414489 373.8116918951273 29452.616063529626 336.13206276856363 3782.2496333476156 663.0430434178561 1964.0388931818306 1788.9157875161618 20374.400628909469 2122.4936516918242 1268.7992556393147 2162.7679260857403 1330.3998202700168 1909.592345489189 3068.4072933979332 2939.2021715342999 1401.0269246418029 7467.5164733715355 6721.7246231175959 257.44377821311355 33.309988398104906 629.05686480551958 1354.3265776969492 106.95888044498861
leaf_count=24111 14510 5560 61683 9422 18634 45144 4989 1798 198002 1909 28276 3178 15795 10770 126150 22210 10041 12991 8537 14206 25409 16793 8546 45351 52143 2052 296 4475 10184 844
internal_value=-7.45405e-05 -0.000656336 -0.00163242 -0.00603858 -0.00972781 0.0245496 8.85693e-05 0.00257063 -0.00324237 0.0158163 0.00920782 0.00376634 0.00789245 0.0140241 0.000551606 -0.0141652 0.00858713 0.0124983 0.0191772 -0.00798613 -0.00237043 0.00418974 0.000960509 0.0012071 -0.0177619 -0.0041005 0.00355189 0.00369428 0.0141698 -0.00364123
internal_weight=113741 111117 101112 28399.6 18939.1 2624.39 72712.5 41665.5 31047 1336.92 10004.5 37427 16389.6 8548.23 21037.4 11813.2 6584.19 5315.39 3526.48 4238.52 7125.82 4057.41 2328.93 7841.33 8844.22 29710.1 1363.71 6222.23 2090.34 736.016
internal_count=804009 744355 676465 206294 144611 59654 470171 263219 206952 6898 67890 234907 105579 58430 129328 92987 42635 32594 21824 28312 51624 26215 14106 47149 74353 200054 8833 39614 15503 5319
is_linear=0
shrinkage=0.05


Tree=78
num_leaves=31
num_cat=0
split_feature=1 17 19 11 1 22 14 24 23 14 21 11 5 20 14 21 17 4 11 11 23 14 21 24 22 14 22 23 14 11
split_gain=850.005 358.99 337.537 273.823 264.199 208.02 177.592 154.383 146.078 143.159 142.057 134.082 161.167 125.472 275.887 240.995 443.823 271.536 187.66 165.455 143.487 132 272.726 144.695 144.429 122.538 169.063 156.845 138.907 137.082
threshold=49.798106789588935 172.32727050781253 0.57352942228317272 21.510219842207047 17.356195524334911 0.38392488500000005 261.50000000000006 3.5000000000000004 0.59148773500000007 241.50000000000003 -0.78959470999999992 36.318281658408999 9.5000000000000018 80.784561157226577 261.50000000000006 -0.17945643499999997 167.31060028076175 57.550731446594007 69.240060989413394 21.205184842975978 0.7227983750000001 241.50000000000003 -0.76345792499999987 7.5000000000000009 0.94406590000000012 248.50000000000003 1.3569536500000001 0.65570852000000002 270.50000000000006 32.347828984606572
decision_type=2 2 2 2 2 2 2 8 2 2 2 2 2 2 2 2 2 2 2 2 2 2 2 10 2 2 2 2 2 2
left_child=2 -2 4 7 13 6 -5 9 -9 -4 -11 -6 -13 15 20 21 19 -18 -19 -17 -15 23 -23 -1 -25 -7 27 28 29 -27
right_child=1 -3 3 5 11 25 -8 8 -10 10 -12 12 -14 14 -16 16 17 18 -20 -21 -22 22 -24 24 -26 26 -28 -29 -30 -31
leaf_value=-0.0019568486155185391 0.047223504180937015 0.013021955409192494 0.0060867153803848125 -0.0058104642718832984 0.0011774162371126328 -0.018168530864158532 0.0079138090143648868 0.015120230940506539 -0.0056177284920485328 0.047139567618394093 0.003609280134668583 0.0036462816916685175 0.018797419567167573 -0.024467232092651885 0.0023105051348256637 0.0034336907758112665 -0.0051153643433879152 0.011059101417542476 -0.0034227103935352008 0.032333880486046226 -0.0073214930632445902 0.030273954077866941 -0.0072808241419779311 -0.020657683834854737 0.017409627870169624 -0.0002485314543331486 0.075039160387719309 -0.011206492004405162 -0.038634553773735036 0.1119735731617315
leaf_weight=20540.190371870995 1149.8418454444036 2305.3719760458916 1777.9959418177605 23217.489163912833 4191.6687188111246 5019.551852568984 2622.5973009355366 1088.9481022506952 3842.9741417244077 518.22635141015053 293.56245697662234 3030.0265682209283 4172.6502671306953 1735.8096189647913 6972.151333168149 673.97659106180072 7297.3248633369803 8435.5479167848825 3043.634438842535 1869.1648664958775 4107.4889495000243 909.54039482027292 1029.9657241404057 1865.6776280365884 286.77302563562989 43.72165347263217 67.048065438866615 1308.7797689642757 39.128695158287883 71.046332839876413
leaf_count=113970 62288 26184 10534 158924 30726 49969 13783 6359 27332 2316 1342 20513 50302 9174 34355 3099 49939 47226 18744 9438 21673 4944 5606 13607 1866 211 445 8863 245 395
internal_value=-1.51166e-06 0.0244141 -0.000768139 -0.00443916 0.00132014 -0.00643492 -0.00441729 0.00415454 -0.00103674 0.0140373 0.0314218 0.0082878 0.012425 -3.09357e-05 -0.00440556 0.00118917 0.00508115 0.00242557 0.00721937 0.0246792 -0.0124181 -0.0021795 0.0103372 -0.00324969 -0.0155802 -0.0143936 -0.00200294 -0.00558335 0.042001 0.0695889
internal_weight=113528 3455.21 110073 39911.1 70161.6 32389.4 25840.1 7521.71 4931.92 2589.78 811.789 11394.3 7202.68 58767.2 12815.4 45951.8 21319.6 18776.5 11479.2 2543.14 5843.3 24632.1 1939.51 22692.6 2152.45 6549.28 1529.72 1462.68 153.897 114.768
internal_count=804372 88472 715900 280718 435182 232835 172707 47883 33691 14192 3658 101541 70815 333641 65202 268439 128446 115909 65970 12537 30847 139993 10550 129443 15473 60128 10159 9714 851 606
is_linear=0
shrinkage=0.05


Tree=79
num_leaves=31
num_cat=0
split_feature=1 18 18 12 20 24 9 23 12 9 11 20 23 20 24 6 7 11 20 18 11 19 24 23 12 9 20 12 11 20
split_gain=788.495 609.178 294.371 309.666 191.457 219.014 185.476 196.176 224.189 207.82 173.96 192.784 314.401 198.715 161.149 156.21 155.927 154.529 167.36 291.106 275.851 216.644 278.803 187.636 176.38 153.81 149.804 141.636 140.141 132.005
threshold=35.003659486770637 161.1470642089844 182.33635711669925 3.4721362229102173 -2.9402847290039058 2.5000000000000004 50.500000000000007 1.7272303000000002 1.3111455108359136 7.5000000000000009 69.754337156104981 -9.5233306884765607 1.6688709500000003 77.333641052246108 3.5000000000000004 1.0000000180025095e-35 1.0000000180025095e-35 50.76485803746403 60.573593139648445 169.52228546142581 26.681275045320444 0.39705882966518408 4.5000000000000009 2.4041249500000004 11.018575851393191 36.500000000000007 27.889450073242191 5.215170278637772 10.389228504554778 51.921394348144538
decision_type=2 2 2 2 2 8 2 2 2 2 2 2 2 2 8 2 2 2 2 2 2 2 10 2 2 2 2 2 2 2
left_child=2 -2 3 6 27 -6 7 8 -1 -9 11 12 -10 -13 -8 16 -3 18 21 -20 -21 23 -23 24 -5 28 -25 -4 -7 -19
right_child=1 15 4 17 5 25 14 9 10 -11 -12 13 -14 -15 -16 -17 -18 29 19 20 -22 22 -24 26 -26 -27 -28 -29 -30 -31
leaf_value=0.012947977876785338 0.045472789501691216 0.0070969950276487505 -0.011462780431609167 0.011628910556665826 0.0064597781232348123 0.025392908821758282 0.010907161900910043 -0.01077045866251398 -0.010725969029339189 0.0067259601497552824 -0.0058168457230368866 0.010345167199628552 0.073422499372888708 -0.0011928502121581841 -0.019738048854810317 -0.0015190317300706677 0.03027280811580163 -0.0063675953471500069 -0.011527385250054901 0.0080609276153451714 -0.011587967214889874 0.00093969564537034955 -0.020154117378154153 -0.051344873176833353 -0.023860592127609302 -0.014904061016768411 0.028896000985359618 -0.034956814305491156 -0.0046362775746614611 -0.02453544352560709
leaf_weight=7976.1254408955574 1438.4339443808421 1889.2311156913638 3690.8676267974079 7060.4856269918382 3904.2686071880162 407.70887972041965 595.9636847525835 4121.0785859040916 2621.5310671068728 2884.155788436532 4307.4086455665529 13102.619893597439 114.91589450091124 5217.3457566387951 1525.1920421645045 2170.7995037324727 1178.3409494264051 6436.6497136987746 8441.4160641785711 5528.2445916645229 2637.6724765449762 9467.5617028065026 1876.0503849312663 221.6008175984025 367.44698202423751 4197.2843110896647 78.004585318267345 776.05546597018838 7870.7031613476574 1183.0118462257087
leaf_count=44500 73182 9750 32369 39766 21183 2473 2882 24117 16875 15274 30009 71622 737 26750 9225 12837 32544 52157 47254 31328 15669 60994 19519 1445 2069 34145 418 9940 53620 9116
internal_value=-4.00234e-06 0.0166631 -0.00104797 0.000247389 -0.00637685 -0.00387409 0.00328107 0.00403882 0.00563698 -0.003567 0.00333749 0.00521033 -0.00716666 0.00705937 -0.0111268 0.00874492 0.0160064 -0.00272802 -0.0013475 -0.00501706 0.0017135 0.00184808 -0.00255035 0.00830423 0.00987033 -0.00710834 -0.0304269 -0.0155514 -0.00315446 -0.00919114
internal_weight=113288 6676.81 106611 85764.5 20846.9 16380 42466.3 40345.2 33339.9 7005.23 25363.8 21056.4 2736.45 18320 2121.16 5238.37 3067.57 43298.1 35678.5 16607.3 8165.92 19071.2 11343.6 7727.54 7427.93 12475.7 299.605 4466.92 8278.41 7619.66
internal_count=803769 128313 675456 521726 153730 111421 241991 229884 190493 39391 145993 115984 17612 98372 12107 55131 42294 279735 218462 94251 46997 124211 80513 43698 41835 90238 1863 42309 56093 61273
is_linear=0
shrinkage=0.05


Tree=80
num_leaves=31
num_cat=0
split_feature=10 17 12 17 11 21 12 20 21 17 21 11 11 12 3 21 12 15 11 21 20 20 20 12 21 24 24 21 21 11
split_gain=704.676 362.51 317.686 300.152 289.537 269.124 251.515 232.238 253.868 188.652 153.904 155.108 153.714 142.61 150.396 135.064 133.992 124.192 123.495 248.468 250.985 198.536 213.867 175.904 223.706 145.972 134.969 122.74 277.295 266.866
threshold=40.858126616477968 172.32727050781253 0.65944272445820451 196.47499847412112 15.793902891665141 -0.35631972499999992 3.5959752321981431 2.4766693115234379 1.0000000180025095e-35 155.60294342041018 1.6484033000000002 50.76485803746403 48.568307223703847 6.6919504643962862 86.916889090091004 -1.8709155499999999 6.8452012383900938 31.400850296020511 29.054523943159328 1.4806700500000003 13.933258056640627 55.850708007812507 5.8208541870117196 4.1563467492260076 -1.1066401999999997 4.5000000000000009 6.5000000000000009 0.98067301500000015 0.66002536000000012 26.484862307103892
decision_type=10 2 2 2 2 2 2 2 2 2 2 2 2 2 2 2 2 2 2 2 2 2 2 2 2 10 10 2 2 2
left_child=2 -2 5 6 -5 -1 9 -6 12 -4 11 13 16 14 18 -15 -9 -17 27 21 -21 22 23 24 -20 -24 -25 28 -8 -29
right_child=1 -3 3 4 7 -7 10 8 -10 -11 -12 -13 -14 15 -16 17 -18 -19 19 20 -22 -23 25 26 -26 -27 -28 29 -30 -31
leaf_value=-0.0039703060103662554 0.041196058961815503 0.010077707392962534 0.026990098687774029 0.0088506338292037856 -0.019015114245767132 0.026641016427569227 0.0083236291915023113 0.0092645194955880538 -0.012516629535503213 0.0025018855639838307 -0.031975625891613561 -0.0088965253220496237 -0.0089507748331559087 -0.034247960823694655 -0.0079088982848178422 -0.0048340040126187154 -0.013934328038726976 0.032228237894317578 0.12570508871837655 0.14313983258712668 -0.0051387641780322874 -0.013548221346189788 0.012291721077895787 -0.032178693759428417 0.0022893686854937151 -0.015251029287196094 0.014904469373510257 -0.0025204429080775757 -0.025477653951165094 0.073642639939837704
leaf_weight=1145.3568711960688 1368.7296604746953 2957.952928442508 800.71814749203622 2727.5426621101797 4152.7563212253153 1922.3014375111088 8812.3536505997181 4247.8677007760853 6986.0772003829479 41411.765943791717 437.30247905291617 7136.3544376511127 2698.488823954016 383.0539396237582 3463.1571134869009 11872.532855864614 728.33785707503557 229.43052747286856 40.24542174488306 58.641753446310759 54.595055263489485 2573.0150948129594 3741.2960328813642 873.22120703756809 334.85714667476714 551.14770132116973 183.67763727903366 251.03125716373324 650.65537733584642 211.16272255592048
leaf_count=6429 68231 33237 6374 17491 41218 13058 48114 23773 51486 242585 3433 57367 20193 2518 22200 80213 5942 2164 261 349 357 14940 20237 6664 2492 4282 1788 1667 4022 1064
internal_value=0.000143131 0.0199291 -0.000644757 -0.00110555 -0.00637131 0.0152142 0.000243741 -0.0085785 -0.00562117 0.00296702 -0.00250263 -0.0021907 0.000656406 -0.000794638 0.00164583 -0.00505553 0.00586692 -0.00412877 0.00345079 -0.00100676 0.0722308 -0.00201483 0.00317064 -0.0135555 0.0158299 0.00875252 -0.0239898 0.00722788 0.00599708 0.0323601
internal_weight=113006 4326.68 108679 105611 21541.1 3067.66 84070.2 18813.5 14660.8 42212.5 41857.7 41420.4 7674.69 34284.1 21799.1 12485 4976.21 12102 18335.9 8410.7 113.237 8297.46 5724.45 1432 375.103 4292.44 1056.9 9925.2 9463.01 462.194
internal_count=804149 101468 702681 683194 160103 19487 523091 142612 101394 248959 274132 270699 49908 213332 128437 84895 29715 82377 106237 51370 706 50664 35724 11205 2753 24519 8452 54867 52136 2731
is_linear=0
shrinkage=0.05


Tree=81
num_leaves=31
num_cat=0
split_feature=0 2 22 20 12 11 12 9 20 11 11 11 9 20 22 11 22 11 11 20 11 12 9 20 20 22 25 20 4 17
split_gain=507.968 551.668 211.6 227.282 209.198 187.034 240.964 156.067 133.757 131.312 123.412 128.665 121.589 119.285 120.772 117.885 149.858 134.292 293.345 137.15 126.367 126.761 122.673 120.415 116.41 115.537 103.15 187.218 117.792 102.949
threshold=3.9646896123886113 111.73952697217466 0.38392488500000005 0.98529052734375011 1.0758513931888547 66.618944849196154 4.772445820433437 44.500000000000007 -2.4217987060546871 29.781702899261621 37.705012688695838 33.789285444495953 1.0000000180025095e-35 29.864372253417972 -1.3625972 32.570528774992241 0.65944034000000007 41.215527243203375 42.379285719833881 91.693748474121108 9.9283420878805639 4.2058823529411766 7.5000000000000009 33.656867980957038 -14.578781127929686 -0.16078418999999997 21.65932177305222 92.901397705078139 27.168170973658565 189.62625885009768
decision_type=2 2 2 2 2 2 2 2 2 2 2 2 2 2 2 2 2 2 2 2 2 2 2 2 2 2 2 2 2 2
left_child=2 8 3 9 13 6 7 15 -2 -1 11 -8 -10 -5 -15 16 20 -17 23 29 -4 -22 -18 -19 -11 -14 27 28 -6 -20
right_child=1 -3 5 4 26 -7 10 -9 12 24 -12 -13 25 14 -16 17 22 18 19 -21 21 -23 -24 -25 -26 -27 -28 -29 -30 -31
leaf_value=-0.0016223158485860882 -0.0039327867109280523 0.035678113773846665 -0.053909199264596357 0.033456925238671741 -0.017352691369297547 -0.016574071920794249 -0.0087115832590489699 -0.019527671666538002 0.013792861447933714 -0.023713861784119671 -0.02118651206097636 0.01784750039520067 0.0079225696140740529 -0.017152973550403641 0.012594275384814051 -0.013580132773333357 0.012596556647566974 0.0096555252384927515 0.013560716986635003 -0.029241995437740989 0.013690305685731064 -0.049786743192391736 0.041579197133449042 0.084544560576679653 -0.0077343102685390845 -0.00052691166073665422 0.0015679156107529079 0.015214029878587974 -0.0032946386536568009 -0.0067412707688036437
leaf_weight=6350.8263124339283 3978.7396718095988 1500.633486523293 112.49483451247215 578.69717803038657 1701.0358552597463 3625.9433581698686 5608.9817257281393 728.16538651660085 4092.9160056049004 1557.8003508299589 1885.7961709629744 495.42665915936232 9080.6711196154356 392.48548854514956 2571.7208108566701 1290.9814565964043 1139.0887015163898 82.072494281455874 1492.7619733959436 327.41609347611666 498.08424488827586 92.366192281246185 537.33817658945918 155.70311025343835 4246.2361672800034 7295.879737354815 37097.443740017712 1243.2130973320454 11971.975489703938 1072.142481148243
leaf_count=41533 21276 70963 720 3133 11579 33603 45601 5629 69132 14717 19950 4584 43634 1997 13941 8343 6648 650 9630 1819 2845 563 3094 796 34430 34665 215472 6144 67272 9705
internal_value=0.00012353 0.00626193 -0.00171041 -0.000398112 0.000956885 -0.00635149 -0.00396209 0.00245638 0.00445498 -0.006591 -0.0100093 -0.00655351 0.00608546 0.0127111 0.00865104 0.00481287 0.0137838 -1.72268e-05 0.00557923 0.00118155 -0.00558878 0.00369298 0.0219055 0.058844 -0.0120266 0.00415846 0.000156017 -0.00335532 -0.00504472 0.00507507
internal_weight=112805 25948.8 86856.2 67711.4 55556.6 19144.8 15518.8 7528.62 24448.2 12154.9 7990.2 6104.41 20469.5 3542.9 2964.21 6800.45 2379.37 4421.08 3130.1 2892.32 702.945 590.45 1676.43 237.776 5804.04 16376.6 52013.7 14916.2 13673 2564.9
internal_count=804068 239670 564398 410218 319538 154180 120577 50442 168707 90680 70135 50185 147431 19071 15938 44813 13870 30943 22600 21154 4128 3408 9742 1446 49147 78299 300467 84995 78851 19335
is_linear=0
shrinkage=0.05


Tree=82
num_leaves=31
num_cat=0
split_feature=1 16 16 12 18 20 1 7 22 21 14 14 14 5 14 22 12 14 21 0 21 14 21 18 12 12 14 21 14 21
split_gain=682.709 320.637 290.981 227.096 179.153 156.368 173.828 201.351 147.819 157.844 228.009 225.841 201.752 234.925 166.724 236.741 160.063 236.107 151.063 140.735 138.357 137.469 393.112 325.146 321.272 296.741 314.951 228.246 354.463 406.484
threshold=49.798106789588935 0.48529411852359777 0.83823528885841381 0.78482972136222917 155.41176605224612 -5.0147094726562491 20.566105350852016 1.0000000180025095e-35 0.58186933500000004 0.64818123000000016 205.50000000000003 250.50000000000003 228.50000000000003 16.500000000000004 202.50000000000003 1.2243577000000003 4.2925696594427256 167.50000000000003 0.5992195600000001 2.4865337610244755 -0.35631972499999992 233.50000000000003 0.20585595000000004 175.55606079101565 11.018575851393191 6.8452012383900938 241.50000000000003 -0.67567974499999994 239.50000000000003 -1.0846349999999998
decision_type=2 2 2 2 2 2 2 2 2 2 2 2 2 2 2 2 2 2 2 2 2 2 2 2 2 2 2 2 2 2
left_child=2 -2 3 20 -5 -6 8 -8 21 11 14 12 13 16 -11 -16 18 -18 -10 -9 -1 22 -7 -24 25 27 -27 28 29 -23
right_child=1 -3 -4 4 5 6 7 19 9 10 -12 -13 -14 -15 15 -17 17 -19 -20 -21 -22 24 23 -25 -26 26 -28 -29 -30 -31
leaf_value=-0.00045463628403226355 0.048724016997627746 0.013218268746449114 -0.0078590984215134007 0.015955768016915197 -0.0064083962503003579 -0.00073012995720818797 0.001221868996431645 0.0039983965875320946 0.0022226621553608707 -0.00016554160988780587 -0.020736601734625982 0.012117112770600501 -0.023451395992687502 0.027201362996002572 0.15013814644123472 0.0025653855063217713 0.097729352831467858 -0.015768108805631852 0.072192390935319747 0.025788823366949001 0.017986469490382347 -0.054957790496802508 0.017999628693511367 -0.0018158103829838453 0.03732056389483647 -0.05319094967249971 -0.010337165817364623 -0.0032276483203450635 0.017806622997725834 0.0093201838840750138
leaf_weight=1578.918787942268 868.94234399031848 2367.6916211713105 12063.204191442579 1693.1088625574484 9835.1532023604959 24010.176656484604 5450.5076710730791 1225.4439086467028 1869.5097793526947 833.93833902105689 2927.5350820086896 2204.3930526636541 1368.176213812083 611.73054625466466 46.092266652733088 64.347529213875532 45.65991947799921 2597.9393438622355 79.463470753282309 1874.971836480312 2857.2586480211467 403.4890598282218 6192.6516777873039 3109.2775114178658 504.40007474273443 497.4603248462081 3072.2147318273783 18368.086393743753 3216.7971080951393 626.94735700637102
leaf_count=9026 58587 29540 100770 13726 66869 135590 26317 10098 12542 6523 22021 12632 10589 3315 361 528 304 24420 535 42730 19288 2075 34274 22747 2380 3687 18545 94898 15292 2883
internal_value=0.000135427 0.0227626 -0.000535257 0.000374076 -0.000154684 -0.000454481 0.000266732 0.00700941 -0.000526966 -0.00543891 -0.013847 -0.00172854 -0.00637348 -0.00188017 0.00750998 0.0649498 -0.00575891 -0.0137716 0.00511102 0.0171802 0.0114243 0.000508584 0.00265074 0.0113766 -0.00216513 -0.00292714 -0.0163224 -0.000812161 0.00963244 -0.0158781
internal_weight=112465 3236.63 109229 97165.6 92729.5 91036.4 81201.2 8550.92 72650.3 12648.8 3871.91 8776.87 6572.48 5204.3 944.378 110.44 4592.57 2643.6 1948.97 3100.42 4436.18 60001.5 33312.1 9301.93 26689.4 26185 3569.68 22615.3 4247.23 1030.44
internal_count=803092 88127 714965 614195 585881 572155 505286 79145 426141 93770 29433 64337 51705 41116 7412 889 37801 24724 13077 52828 28314 332371 192611 57021 139760 137380 22232 115148 20250 4958
is_linear=0
shrinkage=0.05


Tree=83
num_leaves=31
num_cat=0
split_feature=1 12 23 20 23 22 12 16 11 12 20 12 21 11 23 20 20 12 20 22 9 12 23 21 11 12 11 3 20 20
split_gain=558.99 265.985 364.857 292.857 262.765 254.376 246.441 202.463 197.244 219.958 179.121 246.297 193.18 168.158 303.641 303.906 240.419 173.293 210.68 180.591 166.837 165.925 222.126 229.669 206.421 272.377 183.065 174.684 232.935 172.408
threshold=63.541052341461189 1.9922600619195048 1.7060800000000003 -10.190521240234373 1.6003815000000003 -0.15288999499999997 4.9705882352941186 0.45588235557079321 82.65392149874117 0.65944272445820451 2.4766693115234379 1.8591331269349849 0.66002536000000012 47.770250197269327 1.1257050000000002 80.265686035156264 12.507575988769533 3.4938080495356041 51.42878723144532 -1.6132802499999999 38.500000000000007 5.0015479876161004 0.84993806500000002 -0.094839982699999978 9.5080668581966847 5.9674922600619196 40.001929172009973 42.436811368912466 74.936492919921889 37.524711608886726
decision_type=2 2 2 2 2 2 2 2 2 2 2 2 2 2 2 2 2 2 2 2 2 2 2 2 2 2 2 2 2 2
left_child=1 2 8 4 -3 13 -6 -2 -1 -10 12 -12 -4 14 15 16 -5 19 -19 -15 21 -7 23 29 25 -24 27 -25 -29 -23
right_child=7 3 10 5 6 20 -8 -9 9 -11 11 -13 -14 17 -16 -17 -18 18 -20 -21 -22 22 24 26 -26 -27 -28 28 -30 -31
leaf_value=0.0084941980712263856 0.05010222780867031 -0.020633325389469853 -0.028396296190909848 -0.011469931136141941 0.013561199803119562 0.00060811404915465158 -0.035974195226686045 0.015190859154453935 0.019419567872061665 -0.0119246690223513 -0.0056494214268773407 0.044192055948105435 0.026703518067082033 -0.035281956375475071 0.0079313424161350926 -0.014422279712243259 0.0066131648004064724 -0.0062374554815273174 -0.035352741320985745 0.0044364429819173726 -0.011752388021262088 0.012917657679563533 0.086238488177310085 0.032054985746965907 -0.015494906972433659 -0.00053337820831150893 -0.010850304660001127 0.037788809922353575 -0.02642933063451124 -0.018714489631755774
leaf_weight=18934.383542764001 634.41599272936583 3697.0319264531136 1402.1279936339706 2402.4933114610612 1265.0428435597569 16429.844764926471 312.20918736979365 1202.8667137688026 720.52117633074522 2495.2805563984439 3434.5959912436083 266.14091457240283 178.62136899679899 300.70585434325039 16725.200694535859 3664.8252039663494 7812.5719556501135 5082.6650699740276 706.98984399903566 5564.9617408728227 6190.4557700715959 595.85524390079081 95.869369901716709 1167.7782877385616 6825.950756973587 1362.0702622998506 613.54486274253577 230.99300211202353 359.84534423239529 1548.253491256386
leaf_count=112320 48118 34217 7867 14973 10162 116265 3601 17447 6274 18799 21698 1508 990 2015 89308 19999 43338 39726 5354 36320 52594 5053 455 7486 59747 8685 5290 1615 2123 10317
internal_value=-7.86125e-05 -0.000533988 0.00373403 -0.00194537 -0.0133455 -0.00117118 0.00373933 0.0272665 0.00654977 -0.00489794 -0.00807399 -0.00205407 -0.0221572 0.00144827 0.00339463 -0.00207227 0.00235947 -0.00366241 -0.00979829 0.0023946 -0.00429641 -0.00271701 -0.00698473 0.00193557 -0.0118476 0.00522766 0.0126527 0.020854 -0.0013013 -0.00992188
internal_weight=112224 110387 27431.7 82955.2 5274.28 77680.9 1577.25 1837.28 22150.2 3215.8 5281.49 3700.74 1580.75 42260.4 30605.1 13879.9 10215.1 11655.3 5789.65 5865.67 35420.5 29230 12800.2 4516.27 8283.89 1457.94 2372.16 1758.62 590.838 2144.11
internal_count=803664 738099 169456 568643 47980 520663 13763 65565 137393 25073 32063 23206 8857 251033 167618 78310 58311 83415 45080 38335 269630 217036 100771 31884 68887 9140 16514 11224 3738 15370
is_linear=0
shrinkage=0.05


Tree=84
num_leaves=31
num_cat=0
split_feature=1 16 16 12 21 11 23 14 23 24 12 5 14 21 21 24 11 14 14 23 11 16 21 14 13 23 14 11 21 14
split_gain=565.26 466.913 217.979 175.542 199.746 186.777 152.579 150.897 141.775 136.665 131.616 256.84 256.215 259.505 164.605 155.38 233.441 346.675 198.106 354.104 339.86 275.774 240.857 250.168 267.193 223.514 275.785 383.498 279.751 206.281
threshold=39.642807841300971 0.45588235557079321 0.83823528885841381 0.65944272445820451 -0.35631972499999992 88.744555543150895 0.17156968000000003 199.50000000000003 2.4967763500000006 1.5000000000000002 2.3668730650154806 7.5000000000000009 214.50000000000003 -0.85476556499999989 1.6484033000000002 4.5000000000000009 47.991097446288862 199.50000000000003 237.50000000000003 1.3684356000000002 6.8989440573627379 0.48529411852359777 0.9413359750000001 269.50000000000006 -38.190369529021041 0.8919598150000001 226.50000000000003 35.261407327714267 0.46197338500000007 228.50000000000003
decision_type=2 2 2 2 2 2 2 2 2 8 2 2 2 2 2 8 2 2 2 2 2 2 2 2 2 2 2 2 2 2
left_child=2 -2 3 4 -1 6 -5 -6 -7 -4 11 -8 13 -13 15 16 -12 -18 21 20 -20 -17 23 24 -21 26 28 -28 -23 -27
right_child=1 -3 9 5 7 8 10 -9 -10 -11 14 12 -14 -15 -16 18 17 -19 19 22 -22 25 -24 -25 -26 29 27 -29 -30 -31
leaf_value=-0.0053654683652842516 0.047719079932689312 0.0089356859196077585 0.0052014475408294816 0.015409251412373488 0.045622923598417055 -0.011789181303942325 -0.001972434081941506 0.013046943533839651 0.055652559755114822 -0.0095169425619730658 0.0047546889076511487 -0.0099604666572772008 0.0039259404267283238 0.027748611842518863 -0.021335422041179816 0.013257257914299004 0.004923996275305334 -0.02470661885619696 0.023295033756071809 0.10119051970716759 -0.012239215546664628 -0.0048510471283502443 -0.012168615036617498 0.081999387999746182 0.009490326080100614 -0.0055309497995841405 0.039757226107625332 -0.0066651046356442593 0.019567213452227009 -0.030018022364508973
leaf_weight=957.93097894825041 959.06015291623771 4052.5986608946696 1871.4229012914002 1601.029179492034 519.19944166392088 4224.5201380588114 12868.473338830285 1126.8586500370875 78.415201528929174 10010.463537858799 17870.055353282019 559.15965746808797 8840.3045119997114 2467.1245456533507 1016.8305066181347 3391.3682932397351 2155.9060652516782 1819.4698183350265 708.46548215672374 82.234213497489691 13084.448763928376 7626.041422188282 931.54939163010567 143.53311391361058 1751.0521384868771 7210.6893232800066 1055.9160285852849 767.84065750800073 1385.1319332793355 975.66664420254529
leaf_count=5234 65765 47268 13615 9465 2889 32870 69412 8053 538 86415 94158 3262 49816 15150 7618 22876 14831 11246 3859 706 78137 52053 6988 653 10627 61015 5582 5050 9696 8843
internal_value=-4.51852e-05 0.0163655 -0.00081325 -1.63993e-05 0.0127843 -0.000376441 0.000119248 0.0233435 -0.0105475 -0.00719852 -0.000163239 0.00292018 0.0082256 0.0207802 -0.00139388 -0.0010609 0.00231682 -0.00864029 -0.00294739 -0.00706938 -0.0104125 0.000124373 0.0087833 0.0186578 0.0136566 -0.00221771 0.00249349 0.0202195 -0.0010959 -0.00845268
internal_weight=112113 5011.66 107101 95219.2 2603.99 92615.2 88312.3 1646.06 4302.94 11881.9 86711.3 24735.1 11866.6 3026.28 61976.2 60959.4 21845.4 3975.38 39113.9 16701.3 13792.9 22412.7 2908.37 1976.82 1833.29 19021.3 10834.9 1823.76 9011.17 8186.36
internal_count=803690 113033 690657 590627 16176 574451 541043 10942 33408 100030 531578 137640 68228 18412 393938 386320 120235 26077 266085 100970 81996 165115 18974 11986 11333 142239 72381 10632 61749 69858
is_linear=0
shrinkage=0.05


Tree=85
num_leaves=31
num_cat=0
split_feature=1 17 17 12 21 21 11 5 11 12 24 12 11 12 21 12 21 11 0 0 21 12 11 12 24 21 11 21 12 11
split_gain=484.311 577.111 248.763 159.76 222.772 227.734 165.031 153.616 212.048 205.731 176.163 241.15 603.075 205.243 172.199 152.462 251.103 151.187 149.829 265.322 145.531 228.611 139.309 132.329 122.358 180.799 121.879 147.611 114.422 111.879
threshold=30.015349507331852 164.98430633544925 213.25555419921878 1.2863777089783284 0.41705139000000008 0.56307989500000011 81.284812012300975 2.5000000000000004 47.770250197269327 1.4195046439628485 4.5000000000000009 4.5681114551083608 32.570528774992241 8.5758513931888576 1.1793401000000003 3.1656346749226012 0.84858900000000015 66.991382313517434 1.2219766378402712 29.356949806213382 -0.81418859999999993 1.5402476780185761 98.898445862815393 0.69195046439628494 4.5000000000000009 0.90184903000000005 92.67470495860691 -1.4577523499999998 1.7941176470588238 42.379285719833881
decision_type=2 2 2 2 2 2 2 2 2 2 10 2 2 2 2 2 2 2 2 2 2 2 2 2 10 2 2 2 2 2
left_child=2 -2 3 4 6 -6 -1 8 9 -5 26 12 15 -13 -14 28 -17 24 -3 -20 -11 -22 29 -19 -7 -26 -9 -28 -12 -16
right_child=1 18 -4 7 5 17 -8 10 -10 20 11 13 14 -15 22 16 -18 23 19 -21 21 -23 -24 -25 25 -27 27 -29 -30 -31
leaf_value=0.0025024376499362118 0.040301262966995044 -0.0044100152606047554 -0.020040544309433736 -0.038409402216618233 0.047052789739966884 0.012104915165342832 -0.02148957535058385 0.0011567316053529061 -0.020693186401422505 0.006313216808981616 -0.0025309835789331285 -0.01754832041166458 -0.011431160646642201 0.0011325960697597653 0.036775136179766278 0.032049827767262923 -0.029755082364260634 0.019282012901542266 0.020312562210893104 -0.0048139156356893911 0.035233723309697498 -0.008117535885076247 0.078766277194578696 -0.009837646355231721 -0.02904735263301941 0.054391759099130889 0.08136569436136816 -0.012856844268249956 0.058500881307492147 -0.00042799312926508523
leaf_weight=6691.9032026566565 1447.0859750788659 2429.8989817500114 1670.0052088573575 405.29634942114353 475.32134714350104 1189.1189758647233 801.7239567860961 59879.676500491798 2138.3008621297777 3432.4788688234985 90.487405391409993 4974.2772774081677 4449.4158295411617 2086.9488845206797 224.90908678993583 642.75471473112702 219.80088345147669 584.36824695393443 2831.8711233269423 1669.4629457145929 317.21626041829586 6870.9113609269261 62.293360410258174 1168.7942264452577 76.039261505007744 422.03747437521815 41.422136425971985 2095.3574572894722 503.53753761574626 1915.8619890064001
leaf_count=34665 77799 13850 13870 2170 2656 6147 4939 346830 24079 23195 441 43196 32446 17205 1301 3567 1453 3755 40422 16425 1664 48636 528 6946 357 2157 286 16512 2581 13719
internal_value=3.14792e-05 0.0115929 -0.000905153 -0.000590925 0.00498391 0.0146475 -6.69311e-05 -0.00129495 -0.00628697 -0.00349149 -0.000443489 -0.00527292 0.000609862 -0.0120278 -0.00577151 0.0297387 0.0162842 0.010158 0.00559432 0.0109946 -0.00215549 -0.00619978 0.00565901 -0.000125954 0.0208378 0.0416208 0.000737938 -0.0109931 0.0492153 0.00349591
internal_weight=111809 8378.32 103430 101760 11409.3 3915.68 7493.63 90350.9 13164.2 11025.9 77186.7 15170.3 8109.06 7061.23 6652.48 1456.58 862.556 3440.36 6931.23 4501.33 10620.6 7188.13 2203.06 1753.16 1687.2 498.077 62016.5 2136.78 594.025 2140.77
internal_count=803797 148496 655301 641431 61622 22018 39604 579809 99744 75665 480065 116437 56036 60401 47994 8042 5020 19362 70697 56847 73495 50300 15548 10701 8661 2514 363628 16798 3022 15020
is_linear=0
shrinkage=0.05


Tree=86
num_leaves=31
num_cat=0
split_feature=1 16 17 0 21 1 0 14 20 21 22 14 21 6 17 22 20 11 11 11 23 21 17 22 22 14 22 22 21 11
split_gain=512.115 353.839 221.708 197.463 159.056 152.113 368.63 174.529 264.949 295.096 190.394 169.748 196.811 164.651 162.04 169.786 148.975 293.695 144.704 133.004 129.149 124.972 178.417 124.475 154.518 231.738 121.453 158.362 196.992 183.43
threshold=45.359429240226753 0.48529411852359777 213.25555419921878 0.15369303524494174 1.7000587500000002 24.102101594209675 25.072136878967289 206.50000000000003 12.507575988769533 0.26034356500000005 2.1169150000000005 261.50000000000006 0.023908165300000003 1.0000000180025095e-35 188.01666259765628 1.7426737500000002 80.784561157226577 65.211102425164043 94.320466111330532 52.16049636443703 0.17156968000000003 -0.67567974499999994 176.87500000000003 0.83071401500000019 0.54894245000000008 202.50000000000003 1.3569536500000001 0.32628046000000005 1.0670309000000002 14.008156353618409
decision_type=2 2 2 2 2 2 2 2 2 2 2 2 2 2 2 2 2 2 2 2 2 2 2 2 2 2 2 2 2 2
left_child=2 -2 3 4 18 7 13 8 -5 -10 11 16 -13 -7 15 -11 17 -9 20 21 -1 22 -18 24 -16 -26 27 28 -14 -29
right_child=1 -3 -4 5 -6 6 -8 10 9 14 -12 12 26 -15 23 -17 19 -19 -20 -21 -22 -23 -24 -25 25 -27 -28 29 -30 -31
leaf_value=0.017674994325779521 0.047278712265620949 0.0099980671090495674 -0.018339378633984379 -0.00068191797133023585 -0.023820458032638395 0.021518896598424656 -0.014247043247578249 0.0013295165934836895 0.003973798714337699 0.032924560326960076 0.093276942597235735 0.0176333613262218 -0.0059269702405373732 0.0020549088517229047 0.0054264054865060867 -0.032735741044987159 -0.01559154760829453 -0.013006658344020171 -0.019399444757976281 0.0033542928837315793 -0.002289205418215852 -0.023225971323376709 0.036472053245773892 -0.03282114975525461 -0.014453412157323584 0.13991636923236359 0.060393936500431768 0.027211900877117154 0.028253436851072778 -0.030644364354925437
leaf_weight=823.77100677415729 812.79509809613228 2924.9439243348315 1752.8861141260713 12683.333110295236 880.13951525837183 3345.8921417891979 1352.1003945944831 15370.934482423589 6129.1022690348327 2162.9662290979177 51.497152041643858 2174.9363693408668 1413.5381877720356 1609.1483015697449 681.34635317698121 102.37592067196965 557.31443953700364 4653.1416104454547 1216.0893869623542 1013.5670784357935 45507.082976933569 2359.5613663047552 232.32050202414393 173.50960269197822 42.943686828017235 54.522631268948317 74.876643002033234 165.263432495296 599.51027149707079 781.34483252465725
leaf_count=5460 62265 35456 14559 74146 6992 49221 9926 81256 33338 12006 330 10246 6733 10309 4068 644 2776 29084 12184 5642 313273 12234 1135 1310 333 388 362 790 2878 4118
internal_value=-7.73157e-05 0.0181155 -0.00070731 -0.000416147 -0.00277111 0.00155746 0.00888573 0.000659432 0.00402532 0.0104123 -0.00185866 -0.00202849 0.0061576 0.0151997 0.0226715 0.0299441 -0.00379183 -0.00200237 -0.00238097 -0.0123971 -0.00193386 -0.0174661 -0.000247027 0.0053586 0.0138957 0.072445 -0.0020705 -0.00367066 0.00426134 -0.0205255
internal_weight=111703 3737.74 107965 106212 48427.1 57785 6307.14 51477.9 22030.1 9346.77 29447.8 29396.3 5209.47 4955.04 3217.66 2265.34 24186.8 20024.1 47546.9 4162.76 46330.9 3149.2 789.635 952.322 778.813 97.4663 3034.53 2959.66 2013.05 946.608
internal_count=803462 97721 705741 691182 337909 353273 69456 283817 126233 52087 157584 157254 25127 59530 18749 12650 132127 110340 330917 21787 318733 16145 3911 6099 4789 721 14881 14519 9611 4908
is_linear=0
shrinkage=0.05


Tree=87
num_leaves=31
num_cat=0
split_feature=1 1 7 17 7 17 1 25 17 14 25 12 12 22 14 24 22 13 20 20 14 14 24 22 24 22 14 13 14 12
split_gain=434.824 265.2 233.86 184.487 156.325 149.235 168.265 253.213 141.966 134.118 217.33 223.848 216.509 305.271 277.44 172.864 146.836 139.622 128.772 139.937 128.306 206.52 200.927 156.864 248.853 125.959 195.526 216.307 170.091 150.983
threshold=72.458122730255141 12.063337847590448 1.0000000180025095e-35 213.25555419921878 1.0000000180025095e-35 188.01666259765628 26.830171108245853 26.107058528065686 169.697135925293 261.50000000000006 25.964672338962561 14.165634674922602 6.1377708978328185 -1.5525849499999997 247.50000000000003 1.5000000000000002 1.1238994000000002 -63.695709774691615 -11.365150451660154 93.507575988769545 215.50000000000003 182.50000000000003 3.5000000000000004 0.94406590000000012 7.5000000000000009 0.21535670000000004 242.50000000000003 -13.981228322555323 232.50000000000003 3.8808049535603719
decision_type=2 2 2 2 2 2 2 2 2 2 2 2 2 2 2 8 2 2 2 2 2 2 10 2 10 2 2 2 2 2
left_child=1 3 -3 4 9 6 7 -4 -2 10 11 12 14 -14 17 -16 -17 -1 -12 -20 21 23 25 -19 -25 26 -22 29 -27 -28
right_child=8 2 5 -5 -6 -7 -8 -9 -10 -11 18 -13 13 -15 15 16 -18 20 19 -21 22 -23 -24 24 -26 28 27 -29 -30 -31
leaf_value=-0.010126081432843218 0.049574897069380654 0.00074517074475533723 0.019466662794233414 -0.020275250311783597 -0.011539946820743484 0.001385759133057498 0.026979694294553422 -0.0071522509543132818 0.015062715856701443 0.0043663603525141686 -0.011347378290216354 0.065044342022309243 0.044496944765657548 -0.011838455940535481 0.063756306252240755 -0.016484890299254724 0.045557903686620077 -0.0034450132412662624 0.004932753076432852 -0.016202150764165216 -0.0017465136603885805 0.009223195120826087 -0.018785413695153758 0.0059738682838474397 0.07492378055167373 -0.0042140468199803388 0.018689061603480713 0.051684786905427209 -0.047036455530001853 -0.028817972698116968
leaf_weight=3408.8180324584246 511.24081246461719 21276.581328717992 2260.7131152506918 1348.4192713722587 3788.02776716277 2969.4356556236744 1981.0134366322309 1476.0282066743821 715.53835639450699 9666.8872229829431 1505.8532370999455 116.9785939604044 245.59379794076085 9740.2282109707594 69.636473581194878 4285.3100706152618 96.597455888986588 9292.7389619536698 16113.237428069115 822.24493236094713 6885.648004963994 7909.789289265871 1832.8696464970708 701.5774317830801 159.9287949167192 835.28344463184476 626.51575210690498 372.01634100079536 320.12781477347016 227.0439460799098
leaf_count=35198 45030 101103 18935 12444 17627 30953 61312 13808 10373 49423 11671 602 1110 81332 289 25892 684 66262 98319 4268 35260 47159 13678 5908 1180 5732 3121 1697 2335 1466
internal_value=-0.000117488 -0.000446768 0.00356785 -0.00194351 -0.00163045 0.0104802 0.0152023 0.00895298 0.0294738 -0.00113137 -0.00194197 -0.00374267 -0.00391522 -0.0104486 -0.00215284 -0.0138594 -0.0151071 -0.000552574 0.00265966 0.00390572 0.000566747 0.00316635 -0.00366391 -0.00155216 0.0188457 -0.000671292 0.00152949 0.0199215 -0.0161092 0.00603342
internal_weight=111562 110335 29963.8 80371.4 79023 8687.19 5717.75 3736.74 1226.78 75234.9 65568 47126.7 47009.7 9985.82 37023.9 4451.54 4381.91 32572.4 18441.3 16935.5 29163.5 18064 11099.5 10154.2 861.506 9266.64 8111.22 1225.58 1155.41 853.56
internal_count=804171 748768 226111 522657 510213 125008 94055 32743 55403 492586 443163 328905 328303 82442 245861 26865 26576 218996 114258 102587 183798 120509 63289 73350 7088 49611 41544 6284 8067 4587
is_linear=0
shrinkage=0.05


Tree=88
num_leaves=31
num_cat=0
split_feature=10 16 18 12 11 14 11 20 20 21 14 18 12 11 12 11 21 11 14 14 11 21 14 18 14 21 21 20 21 20
split_gain=430.237 287.696 214.947 243.165 166.415 179.566 148.016 163.108 195.959 391.974 386.947 232.857 201.815 195.736 135.842 148.246 134.464 126.935 263.821 184.276 299.807 230.739 252.092 288.747 205.387 242.477 212.606 169.728 161.888 204.852
threshold=44.43661360740662 0.42647059261798864 182.33635711669925 3.5959752321981431 11.857232115548266 181.50000000000003 67.867619931397982 -0.44994354248046869 78.784561157226577 -0.62958570999999985 242.50000000000003 173.07765197753909 2.339009287925697 23.969941462571779 7.7383900928792579 67.392728720886808 1.6484033000000002 32.109559930549601 226.50000000000003 174.50000000000003 18.035498580788683 0.54695698500000012 163.50000000000003 159.91176605224612 266.50000000000006 -0.72949796999999983 -1.3714820999999997 97.702941894531264 1.4806700500000003 7.2383346557617196
decision_type=10 2 2 2 2 2 2 2 2 2 2 2 2 2 2 2 2 2 2 2 2 2 2 2 2 2 2 2 2 2
left_child=2 -2 3 6 -4 -6 7 -1 9 10 -9 -11 -10 -14 15 -7 17 19 28 20 21 22 23 -5 26 -26 -21 -28 29 -19
right_child=1 -3 4 16 5 14 -8 8 12 11 -12 -13 13 -15 -16 -17 -18 18 -20 24 -22 -23 -24 -25 25 -27 27 -29 -30 -31
leaf_value=-0.00094717065131225088 0.043167072083581635 0.0093688784628006196 0.0092209360425406887 0.042513611407128303 -0.016679353704409882 -0.0002783103876895283 -0.0024302263440928837 -0.0052300227644265541 0.0079729573008532756 0.020448053894943991 0.047468969161454447 0.0067748744402412533 0.023830579298928786 -0.011744468352080706 -0.020968299742116323 -0.012805229899773535 -0.030336656375640838 -0.014692541727273863 -0.016904019177760226 -0.018335371219311957 0.025285135635727769 -0.061716426409870719 0.039411613635741971 -0.036398630776106874 0.04690496100508694 0.0053946328648151968 0.00036213512616995066 -0.019014414281460855 0.079066513541990346 0.00074515376846664581
leaf_weight=9580.8854931229725 824.062076440081 2661.894620411098 1869.1720640622079 153.98631277587265 3479.2541213668883 11575.727879948914 9356.5117951128632 5088.7476238599047 4098.4616600312293 7048.5537784704939 372.91782513260841 5579.8699343241751 433.26475210674107 3529.5002031754702 1110.7165962606668 2966.1500086188316 417.17844753712416 2665.6116519263014 3712.5631882380694 2004.1437243586406 1750.2281392375007 168.79358637053519 298.08446996379644 459.61840683966875 415.55054969899356 2265.6351495226845 15133.39390605595 1220.3731358759105 60.477778915315866 11068.024058732204
leaf_count=55187 59992 35530 11983 770 34576 74027 67246 28293 23813 42044 2034 31699 2005 19581 11103 26628 3479 23857 25417 12189 12192 1091 1910 3230 1955 11655 94671 6982 389 79037
internal_value=8.27312e-05 0.0173687 -0.000475973 0.000621308 -0.0050153 -0.00640658 0.00316796 0.00463388 0.00667853 0.00956766 -0.00162375 0.0144076 0.000194706 -0.00784988 -0.00412223 -0.00283417 -0.00212614 -0.00184098 -0.0050746 0.00053075 0.0125054 -0.00820032 0.00176462 -0.0165584 -0.00108089 0.0118433 -0.00296902 -0.00108488 -0.00188982 -0.00225206
internal_weight=111369 3485.96 107883 86882.4 21001 19131.8 45088.7 35732.2 26151.3 18090.1 5461.67 12628.4 8061.23 3962.76 15652.6 14541.9 41793.7 41376.5 17506.7 23869.8 2830.71 1080.48 911.689 613.605 21039.1 2681.19 18357.9 16353.8 13794.1 13733.6
internal_count=804565 95522 709043 550726 158317 146334 271902 204656 149469 104070 30327 73743 45399 21586 111758 100655 278824 275345 128700 146645 19193 7001 5910 4000 127452 13610 113842 101653 103283 102894
is_linear=0
shrinkage=0.05


Tree=89
num_leaves=31
num_cat=0
split_feature=1 0 1 7 22 11 23 7 5 0 21 11 22 9 11 23 5 11 1 25 7 0 21 23 22 11 18 18 5 23
split_gain=413.398 232.042 246.053 301.909 140.952 182.866 186.96 133.179 110.335 109.209 108.837 151.899 214.845 122.993 126.577 115.498 107.169 106.628 111.062 158.647 104.008 93.5382 93.5292 98.7838 92.0114 128.866 88.4681 88.4585 87.7268 87.6271
threshold=72.458122730255141 0.11947119235992433 24.102101594209675 1.0000000180025095e-35 -0.21093407999999997 51.88454376086132 0.50051710000000005 1.0000000180025095e-35 13.500000000000002 15.68286180496216 -0.071224827349999978 27.620079198385081 0.45747834000000004 10.500000000000002 21.823152354246602 0.17156968000000003 1.5000000000000002 12.778281696572909 12.474182009696962 23.271857500076297 1.0000000180025095e-35 25.072136878967289 1.1793401000000003 1.8920257000000003 0.24538857500000003 42.073485145293439 156.69117736816409 169.43404388427737 13.500000000000002 1.6251929000000003
decision_type=2 2 2 2 2 2 2 2 2 2 2 2 2 2 2 2 2 2 2 2 2 2 2 2 2 2 2 2 2 2
left_child=1 4 9 21 16 6 10 -2 -5 17 -6 13 15 14 -12 -13 -1 28 20 -20 26 -4 29 -24 -17 -26 -19 -15 -3 -7
right_child=7 2 3 8 5 22 -8 -9 -10 -11 11 12 -14 27 -16 24 -18 18 19 -21 -22 -23 23 -25 25 -27 -28 -29 -30 -31
leaf_value=-0.0079171543955071141 0.0074608018834796553 0.013583362152863218 0.0076266330708399752 0.014376601061885942 -0.0030146501487474586 -0.014791360223984647 -0.0057157327998387398 0.042720066194264335 0.033893977381547133 -0.011958273480622353 -0.018834586205892442 0.025410753130206687 0.12436537662246319 0.013629456864565518 0.043515621503853838 -0.022705181430605511 0.0010458928097891217 0.015284863715086017 0.01121910359423737 -0.00026176025957867191 -0.010400431522757662 -0.0063461189060928921 0.010238686175268043 -0.027042775406004246 -0.023533895205314827 0.067326640039295671 -0.0006082064598917419 0.057354013164622387 -0.0072275383000691834 -0.041746466344722045
leaf_weight=3905.1317478083074 421.56649897620082 2718.0951802879572 3454.515045683831 1697.7037289543077 1400.3944593183696 4058.6142362132668 13466.805456625298 735.65534416493028 1265.2702094726264 1659.126387450844 200.71554527431726 268.8727480340749 33.622480444610119 164.18439399451017 135.49858391284943 546.28124297037721 22809.173191769049 899.20032176375389 5183.2138024456799 7171.3186964858323 2688.2895531207323 1832.2463210709393 690.85704207979143 238.0810881704092 79.135281886905432 75.266006644815207 32054.185427300632 396.71747856959701 621.61825599521399 325.14889539405704
leaf_count=27413 2484 13362 17641 36167 9180 41376 106898 52803 46419 8485 1108 1591 154 967 741 3503 134963 4375 28800 40839 12973 9816 6020 2236 641 493 182537 2756 3073 4303
internal_value=0.00017731 -0.000135461 0.00191394 0.00994584 -0.00270777 -0.00566358 -0.0031019 0.0298929 0.0227197 0.000663455 0.00756103 0.0153521 0.00197796 0.0302886 0.00634787 -0.00238998 -0.000264584 0.0010716 0.000470409 0.00455543 -0.000945678 0.00278378 -0.0137464 0.000664873 -0.013079 0.0209061 -0.000174081 0.0446022 0.00970884 -0.0167997
internal_weight=111197 110039 61244.8 8249.74 48794.5 22080.2 16767.5 1157.22 2962.97 52995 3300.69 1900.29 1003.18 897.116 336.214 969.555 26714.3 51335.9 47996.2 12354.5 35641.7 5286.76 5312.7 928.938 700.683 154.401 32953.4 560.902 3339.71 4383.76
internal_count=804117 748830 404487 110043 344343 181967 128032 55287 82586 294444 21134 11954 6382 5572 1849 6228 162376 285959 269524 69639 199885 27457 53935 8256 4637 1134 186912 3723 16435 45679
is_linear=0
shrinkage=0.05


Tree=90
num_leaves=31
num_cat=0
split_feature=10 18 14 18 12 17 12 14 14 24 24 12 24 24 14 24 11 11 9 0 11 20 20 12 24 24 12 14 11 12
split_gain=372.842 239.554 210.839 184.326 184.539 159.043 158.966 153.8 341.886 211.845 160.242 166.451 175.391 154.522 232.378 151.753 148.15 159.005 146.821 139.114 120.69 171.27 162.053 159.007 151.303 130.693 129.733 124.229 118.734 115.981
threshold=78.200354421138783 156.78584289550784 238.50000000000003 185.39170837402347 3.0510835913312699 197.45076751708987 4.6981424148606825 182.50000000000003 208.50000000000003 2.5000000000000004 6.5000000000000009 1.4659442724458207 7.5000000000000009 2.5000000000000004 218.50000000000003 6.5000000000000009 44.867967678055223 5.147613305886833 35.500000000000007 0.98030513525009166 32.109559930549601 51.42878723144532 6.2876815795898446 3.535603715170279 1.5000000000000002 4.5000000000000009 7.5123839009287936 164.50000000000003 105.05147439454778 3.2492260061919507
decision_type=10 2 2 2 2 2 2 2 2 8 8 2 10 8 2 10 2 2 2 2 2 2 2 2 10 8 2 2 2 2
left_child=1 2 -1 4 5 7 -4 9 15 -3 -11 12 16 14 -10 -9 17 -12 -15 -2 26 22 25 29 -24 -22 -6 -27 -26 -23
right_child=19 3 6 -5 20 -7 -8 8 13 10 11 -13 -14 18 -16 -17 -18 -19 -20 -21 21 23 24 -25 28 27 -28 -29 -30 -31
leaf_value=0.022050528190864314 -0.00011793592406032679 -0.012508083079112876 0.012752219362841533 -0.0065909355998932445 0.0026427555421148835 -0.0057081769493830892 -0.014026217620325649 0.018128768833752688 -0.05150891831957382 0.013418190382475298 -0.0020140889073982176 -0.009455926396506012 -0.028289381991852991 0.0021765770330464062 0.013511508745121907 -0.027666369508851818 -0.0063927312349927367 0.036025937592836503 -0.012653709222133061 0.03853228272294288 -0.0006406213754402651 -0.013346279157709915 0.0046302096890942198 -0.016078900699857162 -0.0071965256564311955 0.016100698076720595 -0.0048359862817277605 -0.022974964511720562 0.042342143012160355 0.0094011741064601115
leaf_weight=2197.3950008759275 320.05898330174387 3048.9247709354386 1182.7334426725283 12188.714767133817 18541.558628142811 5202.6827608179301 1041.1087027005851 5465.1498005734757 141.38833541888744 2514.1320162191987 402.61073172837496 3049.2516740076244 277.08461006172001 13370.692361338995 3958.1972260279581 186.23272967338562 589.95866909436882 863.02374010533094 1905.8858473189175 853.01384694129229 1746.1864873645827 965.04604342579842 8793.2061945237219 4924.0326458355412 5205.1213399162516 226.02850430831313 8436.3452129391953 1975.1855501225218 122.84842241648585 1333.3145796367899
leaf_count=23898 2344 17404 10124 96294 107966 34112 6406 35563 782 15406 1858 19258 1474 85536 22663 1480 3928 4257 10345 55962 14101 6012 61675 34392 41454 1948 58405 20187 1033 8394
internal_value=-3.1093e-05 -0.000330631 0.01107 -0.000808807 -5.29139e-05 0.00245931 0.00021502 0.0036473 0.0057954 -0.00135618 0.00306289 -0.00196284 0.00875 0.00263897 0.011257 0.016615 0.0142931 0.023933 0.000325663 0.0279959 -0.00202234 -0.00450372 -0.00190208 -0.0110112 0.000601681 -0.0108567 0.000303962 -0.018957 -0.00604657 -0.00015178
internal_weight=111027 109854 4421.24 105433 93244.1 40975.2 2223.84 35772.5 25027.5 10745 7696.06 5181.93 2132.68 19376.2 4099.59 5651.38 1855.59 1265.63 15276.6 1173.07 52268.9 25291 18068.6 7222.39 14121.2 3947.4 26977.9 2201.21 5327.97 2298.36
internal_count=804661 746355 40428 705927 609633 254066 16530 219954 156369 63585 46181 30775 11517 119326 23445 37043 10043 6115 95881 58306 355567 189196 140398 48798 104162 36236 166371 22135 42487 14406
is_linear=0
shrinkage=0.05


Tree=91
num_leaves=31
num_cat=0
split_feature=1 18 24 1 6 7 14 20 11 9 17 9 11 18 11 14 17 24 24 18 11 14 24 17 14 22 11 17 11 24
split_gain=350.771 227.942 254.769 215.513 230.546 251.691 203.569 182.911 171.743 149.809 129.308 125.01 122.945 118.079 111.197 105.151 240.951 193.96 242.298 292.058 170.242 167.046 162.92 154.852 138.639 147.168 141.972 120.293 116.112 124.331
threshold=72.458122730255141 178.55698394775393 2.5000000000000004 18.591101646423343 1.5000000000000002 1.0000000180025095e-35 187.50000000000003 39.940284729003913 11.857232115548266 8.5000000000000018 169.697135925293 84.500000000000014 26.484862307103892 155.11765289306643 33.789285444495953 216.50000000000003 179.38796234130862 2.5000000000000004 5.5000000000000009 163.92513275146487 20.8831020716474 266.50000000000006 7.5000000000000009 177.58816528320315 175.50000000000003 0.94406590000000012 53.401806228566379 196.13889312744143 39.506411314737228 7.5000000000000009
decision_type=2 2 8 2 2 2 2 2 2 2 2 2 2 2 2 2 2 8 10 2 2 2 8 2 2 2 2 2 2 10
left_child=1 3 6 13 5 -5 12 -4 -9 -8 -2 -10 -3 -1 -7 17 21 23 19 20 -19 22 -17 -15 25 -20 -27 -21 29 -23
right_child=10 2 7 4 -6 14 9 8 11 -11 -12 -13 -14 15 -16 16 -18 18 24 27 -22 28 -24 -25 -26 26 -28 -29 -30 -31
leaf_value=0.016555740051053022 0.049404474505816767 0.0065330684081449505 -0.010358691310246632 0.0043541279533055059 -0.011062088641588703 0.002490192863594014 -0.0040156683690364308 0.015839519874858075 -0.002175770455376464 0.013696388213062552 0.014464375808758612 -0.021663124718319441 -0.016474522513826671 -0.011407283765490932 0.024789920539812386 -0.0029428712619445148 0.0021883096853181822 0.00090294990960849335 -0.01096540724086531 0.0055373403365915315 0.028077835415786102 0.008813762048806989 -0.014147566503325455 0.0014936068608243733 -0.013839245594896386 0.021930041551084065 -0.03649003449185248 -0.012196867447470757 -0.012912519851125135 0.061777701944539756
leaf_weight=1098.3569513522089 434.06891482975334 914.47346275672317 12468.583189133555 6396.0283280573785 1430.6330467164516 684.99079872481525 1637.5652171708643 1243.6420556306839 10207.270108452067 4400.8042889386415 679.85537092480808 894.16693041473627 1587.4600374195725 3998.1447538174689 3044.8117418317124 6283.0575058273971 16485.29282797128 769.41625471413136 925.47966321930289 13757.45367629081 2296.3976762481034 1592.9140469282866 6708.2937730289996 5559.3315505310893 2436.3119075968862 1010.8241020441055 115.00235955417156 1026.7051792293787 608.29905792698264 118.14721466600895
leaf_count=5611 44713 6697 112658 33124 6338 15860 10278 7485 67137 22823 10422 6125 14837 19434 71635 32462 94256 3523 6330 83418 11812 7725 36646 32445 21154 6386 962 8415 2867 550
internal_value=0.000207974 -7.56234e-05 -0.0035238 0.00143084 0.00772058 0.0103751 0.00392453 -0.00608741 -0.00177291 0.00889313 0.0281118 -0.00374719 -0.00806584 0.000308844 0.0206963 2.84094e-05 -0.00200631 0.00205681 0.00460721 0.00721821 0.0212604 -0.00652258 -0.00872924 -0.00390381 -0.00577758 0.00379923 0.0159354 0.00430502 0.00583592 0.0125048
internal_weight=110814 109700 33354 76345.9 11556.5 10125.8 8540.3 24813.7 12345.1 6038.37 1113.92 11101.4 2501.93 64789.4 3729.8 63691.1 31796 31895.1 22337.6 17850 3065.81 15310.7 12991.4 9557.48 4487.62 2051.31 1125.83 14784.2 2319.36 1711.06
internal_count=804128 748993 248040 500953 126957 120619 54635 193405 80747 33101 55135 73262 21534 373996 87495 368385 174506 193879 142000 107168 15335 80250 69108 51879 34832 13678 7348 91833 11142 8275
is_linear=0
shrinkage=0.05


Tree=92
num_leaves=31
num_cat=0
split_feature=10 18 19 11 12 23 22 23 14 23 14 22 14 23 24 11 22 14 14 24 22 14 23 11 18 12 9 12 11 19
split_gain=321.098 264.292 169.883 230.858 148.37 205.398 121.556 133.152 127.399 198.578 154.104 126.723 142.73 139.06 118.233 115.385 115.029 150.294 147.953 117.59 140.165 114.22 319.262 293.88 211.827 191.366 200.872 180.576 173.642 143.809
threshold=40.858126616477968 163.92513275146487 0.60294118523597728 29.290478826860898 1.6362229102167185 1.4392760500000004 -1.0965549999999997 0.41263689000000009 243.50000000000003 1.2163054000000002 173.50000000000003 -0.13172641999999998 203.50000000000003 1.6783351500000003 5.5000000000000009 81.848965866762242 0.77527007500000011 185.50000000000003 165.50000000000003 2.5000000000000004 -1.5525849499999997 236.50000000000003 1.2163054000000002 46.041871786809565 156.69117736816409 7.578947368421054 6.5000000000000009 8.5758513931888576 20.631915132800589 0.48529411852359777
decision_type=10 2 2 2 2 2 2 2 2 2 2 2 2 2 10 2 2 2 2 8 2 2 2 2 2 2 2 2 2 2
left_child=2 -2 4 6 5 15 -4 -8 10 -10 -9 12 -12 -14 -7 -1 17 -5 -18 20 -19 24 -23 25 -6 26 -24 -27 -26 -30
right_child=1 -3 3 16 21 14 7 8 9 -11 11 -13 13 -15 -16 -17 18 19 -20 -21 -22 22 23 -25 28 27 -28 -29 29 -31
leaf_value=0.012152476519909776 0.037155974228077829 0.0067134999578793613 0.016117942997714772 -0.014763610270714884 0.021222172020170432 -8.4324054203755512e-05 0.018953502103063641 0.0037134603902125619 -0.0034246055288805703 0.022501477553731448 -0.02694924044001756 -0.029667086735037918 -0.0021945658632814774 0.055188253536216272 -0.02385759217617428 -0.0035414670739920755 0.022691610936876237 -0.020395415463275002 -0.022783790731999442 -0.0058387911044258875 0.0083649417841902083 -0.0077633434709759447 2.2601292199369135e-05 -0.013966737295837013 -0.0079033412084423202 -0.03694888320979188 0.021978343065582745 0.0035503003299257071 0.0044625872015445619 -0.0020765375048499646
leaf_weight=7797.2971527222544 953.03685187641531 2823.9315749583766 1426.5194147229195 3501.7514308728278 1295.9270782945678 3636.9478830425069 861.79417270794511 1823.8463938012719 2087.5581817924976 1141.7805399782956 554.84441916644573 958.55694887042046 893.96702785417438 118.70829881355166 609.8403346715495 1377.7083613621071 198.14598615281284 487.94931980594993 1770.2900626119226 10841.120895516127 3171.7230058256537 13740.98238475807 1550.1198883736506 1658.0248513463885 5128.9940140843391 347.6667456869036 3175.5196078978479 1306.2502086497843 21779.433813148178 13693.534272264689
leaf_count=45899 67428 34063 7738 33316 11621 21424 5144 12781 12326 6430 3956 10571 4747 543 3539 10147 1629 2566 20204 77334 18021 79305 9002 10445 33453 2635 15687 7962 132140 102695
internal_value=7.69433e-05 0.0144028 -0.000429171 -0.00363253 0.000810624 0.00558796 0.00262404 0.000341956 -0.00177648 0.00574607 -0.00736118 -0.0153555 -0.00659039 0.0045798 -0.00350299 0.00979576 -0.00672385 -0.00546841 -0.018197 -0.00322288 0.00452576 -0.00019642 -0.00313353 0.00478154 0.00133033 0.00965558 0.0147779 -0.00498014 0.000694919 0.00193832
internal_weight=110714 3776.97 106937 29838.6 77098.2 13421.8 9867.58 8441.06 7579.26 3229.34 4349.92 2526.08 1567.52 1012.68 4246.79 9175.01 19971 18002.5 1968.44 14500.8 3659.67 63676.5 21778.6 8037.58 41897.9 6379.56 4725.64 1653.92 40602 35473
internal_count=804751 101491 703260 217306 485954 81009 64236 56498 51354 18756 32598 19817 9246 5290 24963 56046 153070 131237 21833 97921 20587 404945 125036 45731 279909 35286 24689 10597 268288 234835
is_linear=0
shrinkage=0.05


Tree=93
num_leaves=31
num_cat=0
split_feature=1 18 12 24 22 18 11 22 18 11 11 22 22 20 22 12 12 22 24 12 11 24 20 3 5 11 20 24 11 18
split_gain=339.846 184.144 171.578 194.499 184.589 166.899 141.524 225.242 145.838 124.109 119.622 115.805 107.805 101.346 142.946 128.373 156.01 125.217 166.874 118.679 187.411 108.244 107.393 259.743 222.888 150.687 133.392 125.963 151.509 134.892
threshold=61.776378810405738 185.39170837402347 1.7321981424148609 5.5000000000000009 -1.3625972 162.29412078857425 67.867619931397982 -0.047694848849999992 175.53743743896487 59.43888839127802 1.997763432919887 2.7106600000000003 -1.52295315 -1.439338684082031 -0.37704915999999994 2.7631578947368425 4.5681114551083608 0.93355476500000012 7.5000000000000009 3.5959752321981431 60.43594982190168 3.5000000000000004 79.772979736328139 105.81939951330425 15.500000000000002 26.853949906137249 39.483802795410163 7.5000000000000009 21.823152354246602 163.92513275146487
decision_type=2 2 2 10 2 2 2 2 2 2 2 2 2 2 2 2 2 2 10 2 2 8 2 2 2 2 2 10 2 2
left_child=1 2 3 4 12 -2 7 9 -8 -6 -9 13 -1 17 15 -15 19 21 -19 -17 -21 -4 24 25 -16 27 -26 29 -29 -24
right_child=5 -3 11 -5 6 -7 8 10 -10 -11 -12 -13 -14 14 22 16 -18 18 -20 20 -22 -23 23 -25 26 -27 -28 28 -30 -31
leaf_value=-0.00032321257437957951 0.047441463605680856 -0.0062832374327610992 -0.00089393252442775757 -0.012829636289026482 0.0045227761594041653 0.012269446719587986 0.0083909881835042104 -0.064958709141952675 -0.008896565687678314 0.021667101549038566 0.026103663420517592 -0.039024462112787178 -0.024623436644765698 0.008736633899398237 -0.0019878964368634554 0.0020192408319526811 0.004665042745124753 0.00050702733787311193 0.052276606193588621 -0.0051921001083370631 -0.03278683629514504 -0.01227938760695238 -0.01449715208089164 -0.021391830980151724 0.028425159991124438 -0.0094932463814458041 0.0059184919658158723 0.0081975056145522363 0.059960854994440732 0.0052027736029582761
leaf_weight=1519.9941018819809 475.38321242341772 11999.873393954709 3664.6500762002543 1483.6047991532832 6678.8174092695117 1158.9676987025887 2867.7305456632748 35.698967665433884 2121.6333470642567 1252.9904709635302 2361.8486717930064 196.19341443106532 651.29107241798192 6714.3958559939638 24057.015951181762 4727.3868979522958 12136.381929760799 673.43339553661644 201.46559888683259 4637.9205171000212 708.52249907050282 4850.3910732585937 1160.066570147872 2212.6188323367387 867.98485476523638 4154.3097879868001 2719.1707064863294 489.32066282816231 198.02260097302496 3452.8328926581889
leaf_count=8963 50751 95402 25563 9194 37691 17045 22659 169 14559 8612 13697 2180 3695 38229 178964 26964 70797 6117 1267 25512 5456 39301 6659 15837 8555 23677 22586 2853 967 19843
internal_value=-0.000101155 -0.000441219 0.00028308 0.00454628 0.00602086 0.0225227 0.00795472 0.0112946 0.00103947 0.00723346 0.0247212 -0.000756365 -0.0076202 -0.000659144 1.10711e-05 0.00267895 0.000847339 -0.00552903 0.0124742 -0.00375202 -0.00885446 -0.00738007 -0.00195193 -0.00597441 -0.000254095 -0.00236444 0.0113708 0.00322383 0.0231759 0.000246506
internal_weight=110430 108796 96795.7 18973.6 17490 1634.35 15318.7 10329.4 4989.36 7931.81 2397.55 77822.1 2171.29 77625.9 68236 28924.6 22210.2 9389.94 874.899 10073.8 5346.44 8515.04 39311.3 11667.2 27644.2 9454.55 3587.16 5300.24 687.343 4612.9
internal_count=803764 735968 640566 119239 110045 67796 97387 60169 37218 46303 13866 521327 12658 519147 446899 166958 128729 72248 7384 57932 30968 64864 279941 69836 210105 53999 31141 30322 3820 26502
is_linear=0
shrinkage=0.05


Tree=94
num_leaves=31
num_cat=0
split_feature=1 19 1 5 13 17 2 22 5 15 23 13 0 0 5 0 22 2 18 13 18 25 1 6 7 25 0 25 7 17
split_gain=302.741 209.556 148.247 231.591 124.266 123.545 109.284 100.583 83.0092 153.223 92.2595 88.8409 82.4054 213.293 76.4065 74.8906 67.1422 110.445 65.2634 65.1348 63.0753 78.0537 65.6272 125.269 120.951 115.561 107.783 78.4969 95.2078 61.7851
threshold=72.458122730255141 0.60294118523597728 26.830171108245853 14.500000000000002 -14.260915088014613 169.697135925293 24.072276428341869 0.77527007500000011 3.5000000000000004 16.309750556945804 2.7058399000000004 -47.872978040031597 2.439024925231934 25.719218254089359 26.500000000000004 2.439024925231934 -2.2201040999999995 6.265860080718995 189.99815368652347 -71.248739037547395 155.41176605224612 30.574545726180084 12.474182009696962 1.5000000000000002 1.0000000180025095e-35 25.964672338962561 16.308449745178226 23.271857500076297 1.0000000180025095e-35 179.98332977294925
decision_type=2 2 2 2 2 2 2 2 2 2 2 2 2 2 2 2 2 2 2 2 2 2 2 2 2 2 2 2 2 2
left_child=1 2 8 12 7 -2 -6 18 9 11 14 -1 -4 -14 16 -5 17 -10 -3 -9 -18 22 24 26 25 29 27 28 -24 -22
right_child=5 4 3 15 6 -7 -8 19 10 -11 -12 -13 13 -15 -16 -17 20 -19 -20 -21 21 -23 23 -25 -26 -27 -28 -29 -30 -31
leaf_value=-0.015379566468485248 0.049299760034903287 -0.0040368413615716166 -0.0039967877815928702 0.0084356494441679541 0.0056155252567583304 0.013647995178856676 -0.0041998526182192479 -0.039281969390366593 0.098103531397316854 0.038261448675683742 -0.026955596320131055 -0.0021961314192145746 0.021800381890640038 -0.0070397167316524692 -0.011351808310513469 0.034466340237766256 0.013932728589004484 0.010077536266261629 -0.015445394978779101 -0.013165042942325053 -0.0025214237876160592 -0.0047335325671950821 0.0082637628251874175 -0.0081014513421969036 -0.0091918498858415097 0.0064772801994058748 -0.0094891251721289302 0.0047929896608597741 0.024188229030897165 0.0022305875621428748
leaf_weight=1418.6025488302112 385.06325935991481 15550.342787858099 2079.1223257035017 389.42705948278308 5323.0499448217452 658.87164209876209 6066.9425534438342 275.75711301714182 45.625338189303875 221.96185405179858 285.1608346067369 12808.027813673019 1482.891855256632 1128.085690501146 1132.1412625461817 956.98554173950106 1026.767134193331 152.36746216192842 1362.700285429135 1758.4491237513721 12122.591378845274 4699.1013955660164 2423.3270484805107 1469.1770260408521 2678.2679853290319 9783.6046588532627 838.44532840326428 4521.1975820492953 1532.757301773876 15694.935073364526
leaf_count=15485 44986 116525 11954 4081 32228 10389 38283 4097 287 1190 2226 79372 23833 10101 7930 38530 5727 881 12235 20213 65373 25711 10675 6624 12457 55586 4873 26097 13357 102428
internal_value=4.78889e-05 -0.000208351 0.00114975 0.00867889 -0.00373994 0.026833 0.0003874 -0.00622094 0.000525787 -0.00286737 0.00136524 -0.0035117 0.00342929 0.00934195 0.00150465 0.0269493 0.00176025 0.0307533 -0.0049569 -0.016723 0.00165863 0.00143239 0.00199988 0.00546376 0.0010723 0.00180362 0.00760376 0.00929525 0.0144381 0.000159694
internal_weight=110272 109228 78890.6 6036.51 30337.2 1043.93 11390 18947.2 72854.1 14448.6 58405.5 14226.6 4690.1 2610.98 58120.3 1346.41 56988.2 197.993 16913 2034.21 56790.2 55763.4 51064.3 10784.9 40279.4 37601.1 9315.73 8477.28 3956.08 27817.5
internal_count=803734 748359 524778 88499 223581 55375 70511 153070 436279 96047 340232 94857 45888 33934 338006 42611 330076 1168 128760 24310 328908 323181 297470 61626 235844 223387 55002 50129 24032 167801
is_linear=0
shrinkage=0.05


Tree=95
num_leaves=31
num_cat=0
split_feature=10 0 1 9 2 18 0 22 14 22 17 14 14 24 14 4 1 14 10 2 23 12 14 23 0 23 23 12 0 14
split_gain=289.35 186.611 162.757 251.883 124.833 118.394 91.3983 90.4199 128.312 112.068 104.034 95.4848 103.434 176.201 109.317 164.754 163.496 128.769 101.922 93.9262 84.5774 95.2539 139.734 84.0204 83.942 83.4387 127.876 80.3527 78.806 93.6768
threshold=73.919373494386676 0.16388748586177829 18.591101646423343 1.0000000180025095e-35 30.354047082364563 163.92513275146487 18.906599044799808 0.48771763000000007 183.50000000000003 -1.52295315 179.38796234130862 164.50000000000003 237.50000000000003 5.5000000000000009 244.50000000000003 136.11850598454478 0.92917408049106609 249.50000000000003 10.836196896620097 4.2148407176136979 1.8200016500000002 1.9086687306501551 257.50000000000006 1.1724898500000003 2.4865337610244755 1.3840513500000002 1.3213951500000003 8.5758513931888576 2.5366268157958989 156.50000000000003
decision_type=10 2 2 2 2 2 2 2 2 2 2 2 2 10 2 2 2 2 8 2 2 2 2 2 2 2 2 2 2 2
left_child=1 7 4 24 -3 -2 28 8 9 10 -1 18 19 20 15 -15 -17 -16 -9 -13 21 22 -14 -19 -4 26 -20 -11 -5 -30
right_child=5 2 3 6 -6 -7 -8 11 -10 27 -12 12 13 14 17 16 -18 23 25 -21 -22 -23 -24 -25 -26 -27 -28 -29 29 -31
leaf_value=-0.011954254907342785 0.043124488165270772 0.0014919916932818456 0.0041838094972513409 -0.0016706094131141783 -0.0045812052360603272 0.011175968482794466 -0.0050037892525812179 0.024867090532157261 -7.1316590703213089e-05 -0.0073013232308229347 0.023289685536781474 -0.023588021884938613 0.077713997404619539 -0.00023765844124688223 -0.045520938940053955 0.14751487792808102 0.021808968344794257 -0.01916949242332501 -0.0028091404644227992 -0.0083299654123650899 -0.04702421838792039 -0.015344248031663649 -0.011557644114440184 0.010833230453853182 0.020880652919150214 -0.017107573937974515 0.094640175795593862 -0.033526016509350325 0.037987518145209363 0.0079180212358643618
leaf_weight=330.46479474753141 488.28442823188379 35496.464641649276 1001.574365420267 2221.128437217325 11108.298066597432 714.34101654868573 3249.9493526089936 450.70550439506769 30074.41365839541 9119.0004069507122 568.15002302080393 1703.3562619052827 70.173153012990952 120.96006878465414 128.42811643332243 51.68577804043889 51.613751016557217 275.64998754113913 122.72168083488941 2475.3097117487341 180.82767633348703 1458.144855119288 113.55670789629221 1491.527193877846 3036.1146149756387 465.51906936988235 45.361308850347996 300.859360601753 282.99974672496319 2958.7845411077142
leaf_count=1613 50222 196111 9588 9756 57634 11317 17292 3882 184073 71365 4416 26922 361 1463 1105 469 365 1978 643 24580 1682 11259 593 9368 82390 2933 243 3033 1595 15632
internal_value=-0.000208318 -0.000477653 0.0014139 0.00641932 4.43711e-05 0.0241726 0.00163472 -0.0027413 -0.00172205 -0.00653282 0.0103299 -0.00721298 -0.00907364 -0.00326311 0.00653713 0.0394674 0.085517 0.00262256 0.00671854 -0.0145538 -0.0146584 -0.0110674 0.0227746 0.00614511 0.016741 -0.00621006 0.0238941 -0.00814238 0.00558424 0.0105539
internal_weight=110156 108954 59355.3 12750.6 46604.8 1202.63 8712.86 49598.4 40392.9 10318.5 898.615 9205.54 8121.23 3942.57 2119.86 224.26 103.3 1895.61 1084.31 4178.67 1822.7 1641.87 183.73 1767.18 4037.69 633.602 168.083 9419.86 5462.91 3241.78
internal_count=803883 742344 389998 136253 253745 61539 44275 352346 264500 80427 6029 87846 80145 28643 14748 2297 834 12451 7701 51502 13895 12213 954 11346 91978 3819 886 74398 26983 17227
is_linear=0
shrinkage=0.05


Tree=96
num_leaves=31
num_cat=0
split_feature=10 12 11 21 12 17 23 21 11 5 21 17 12 3 21 21 11 21 21 12 25 23 19 12 23 23 21 21 19 12
split_gain=246.536 164.03 164.73 148.207 142.985 163.853 146.752 137.761 129.18 198.845 235.852 263.029 191.463 157.439 137.4 143.837 218.088 182.664 153.232 135.205 151.235 136.808 141.041 123.172 122.283 200.467 166.717 145.745 142.827 130.389
threshold=93.063600182533278 0.65944272445820451 95.065769839097669 -0.35631972499999992 6.6919504643962862 156.08823394775393 0.40623313500000008 0.26034356500000005 29.290478826860898 5.5000000000000009 -0.34609783999999993 188.31666564941409 3.1269349845201244 111.12837830185892 1.4806700500000003 0.98067301500000015 25.766815043259243 0.88908213500000011 1.0291663500000003 3.3235294117647065 22.161227166652683 1.1941400000000002 0.22058823704719546 5.9674922600619196 0.35652237000000003 1.0959892500000004 0.8261199600000001 -0.094839982699999978 0.27941177785396581 4.5123839009287936
decision_type=10 2 2 2 2 2 2 2 2 2 2 2 2 2 2 2 2 2 2 2 2 2 2 2 2 2 2 2 2 2
left_child=1 3 4 -1 5 -3 7 -6 13 10 19 23 -11 14 15 17 18 24 -17 21 -21 22 -10 -12 27 26 29 -7 -27 -26
right_child=-2 2 -4 -5 6 8 -8 -9 9 12 11 -13 -14 -15 -16 16 -18 -19 -20 20 -22 -23 -24 -25 25 28 -28 -29 -30 -31
leaf_value=-0.0032282874110148214 0.029638204170828998 0.015610410357054516 -0.011218602434325903 0.019028671646089956 0.0062277179794910618 -0.0010738888851758307 -0.0054003504374567444 0.058937988395602353 0.059798000324495573 0.003814535155253233 0.00072377904995021554 -0.016869442980807673 -0.0030517229914202261 -0.013145066423623951 -0.022985622196759661 0.071866344936767315 0.050354924615343966 -0.030239944182651187 -0.002926302356118753 -0.0069378019775348174 0.017380231302008387 -0.010252791331500886 0.0034080486685384628 -0.038221633750663918 -0.0077434513212543774 -0.004538550086643731 0.067029853876925075 0.029260123234814653 0.011619820911357668 0.0042920349188267275
leaf_weight=1174.2305077533238 698.07164853671566 1801.4377773860469 3458.4827075265348 2058.1054989998229 597.39525895286351 639.69289311207831 15842.312302398495 155.51462839730084 117.55262938700616 25234.885562574025 4443.5788586167619 6041.5129972100258 16985.838553063571 1335.4356599505991 443.75455129891634 75.857347771525383 431.42688268143684 378.39921313710511 627.77024287264794 927.70800248533487 2052.6595871895552 3022.1193125359714 1717.6944239102304 211.73847689572722 4981.8925895690918 1662.1092479438521 86.527422655373812 1038.0673232134432 7704.6611327026039 4102.7787949000485
leaf_count=7387 49000 20313 30956 17144 4716 3410 121983 1141 698 161745 27674 53911 117913 8814 3295 357 2342 2563 3852 7316 17081 18696 10900 1640 27385 8223 516 5502 43270 24606
internal_value=3.99671e-05 -0.00014925 -0.000487269 0.0109448 -0.00012564 0.000693767 -0.00437498 0.0171788 0.000374689 -0.00084309 -0.00516019 -0.00998783 0.00105216 0.00352183 0.00452619 0.00508907 0.0224094 0.00413342 0.00522756 0.00142894 0.0098109 -0.003715 0.00705058 -0.00105541 0.00477828 0.00360786 -0.00164675 0.0177007 0.00875238 -0.00230816
internal_weight=110049 109351 106119 3232.34 102660 86065.1 16595.2 752.91 84263.7 60755.3 18534.6 10696.8 42220.7 23508.4 22172.9 21729.2 1135.05 20594.1 703.628 7837.73 2980.37 4857.37 1835.25 4655.32 20215.7 18538 9171.2 1677.76 9366.77 9084.67
internal_count=804349 755349 730818 24531 699862 572022 127840 5857 551709 417574 137916 83225 279658 134135 125321 122026 6551 115475 4209 54691 24397 30294 11598 29314 112912 104000 52507 8912 51493 51991
is_linear=0
shrinkage=0.05


Tree=97
num_leaves=31
num_cat=0
split_feature=1 16 18 12 22 18 25 0 0 22 22 2 8 9 9 17 12 22 18 13 22 12 22 13 13 22 25 22 12 22
split_gain=246.332 225.852 158.415 126.807 166.606 135.761 102.139 94.0959 101.719 93.3135 88.7833 97.9096 87.5733 87.2028 119.467 112.161 107.045 134.26 106.233 93.808 96.9065 88.467 133.066 87.5616 82.6831 80.6788 81.8886 99.7271 78.6184 74.3401
threshold=52.36183166503907 0.45588235557079321 185.39170837402347 6.6919504643962862 -1.5525849499999997 155.41176605224612 21.65932177305222 2.5366268157958989 53.66070747375489 1.7426737500000002 1.4297318500000002 5.2815157026052484 1.0000000180025095e-35 46.500000000000007 24.500000000000004 169.697135925293 1.7321981424148609 -1.2068874999999999 174.09375000000003 -71.248739037547395 -2.2201040999999995 5.2956656346749229 -0.95834308999999984 -41.19255329425166 -12.470812891082312 -0.48156505999999993 36.871822619438184 1.0894472500000003 11.931888544891644 -0.43459500499999998
decision_type=2 2 2 2 2 2 2 2 2 2 2 2 2 2 2 2 2 2 2 2 2 2 2 2 2 2 2 2 2 2
left_child=2 -2 3 5 -5 -1 10 -3 -9 13 -6 -12 -4 14 16 -16 17 -7 -19 20 -17 22 -15 -23 -13 -8 29 -28 -29 -27
right_child=1 7 12 4 6 9 25 8 -10 -11 11 24 -14 21 15 19 -18 18 -20 -21 -22 23 -24 -25 -26 26 27 28 -30 -31
leaf_value=0.017300475508254119 0.047633223268573693 -0.005412393721565158 -0.011393342848718853 0.035726313884084288 -0.013835134327829469 -0.0066426532209120041 0.0047682361997006088 0.026242938282859365 -0.0068517726389701744 -0.017994190991565132 -0.0064847468821380748 0.10160168283697574 -0.0024889890694973602 0.01126994432372895 -0.014199069288970976 0.067314295703342006 -0.00056404867112856303 0.010093277676650801 0.0010204892158559179 0.009044078213626643 -0.012591162501129162 -0.024350461263395892 -0.011320024322927696 0.014503862739591273 0.01581557494542879 -0.027708948378514415 -0.027079671668170709 0.034156674479993709 -0.031746923874106006 -0.0017587674320015002
leaf_weight=1271.6908114007674 453.23458897601813 749.26714940927923 4411.8578743636608 259.21761497110128 3597.5733766239136 2404.32369809784 3056.1486006360501 854.254444017075 318.21022447384894 651.25291603896767 227.84960449114442 45.417869072407484 7379.7673029471189 775.16162730753422 624.68678347021341 38.914846394211054 46822.264660498593 7525.2734569106251 5647.7518637683243 9278.569764636457 772.21260095387697 172.15998615697026 4075.0450504459441 892.4011308811605 72.285561826080084 287.56017269659787 743.23295187810436 136.0149599974975 66.648419249802828 6337.393131962046
leaf_count=11539 55422 4946 41423 1182 26440 14367 18333 18734 3759 5777 2263 354 52841 3771 3005 265 301017 48544 34673 52571 7828 1965 26847 5254 511 1762 5646 1177 407 51406
internal_value=-1.26474e-06 0.0159233 -0.000352988 0.000320265 -0.00393022 0.00109894 -0.00463815 0.00842369 0.0172628 0.000840149 -0.0115097 0.0126709 -0.00582125 0.000995583 0.001468 0.00634529 0.000630457 0.0042207 0.00620382 0.00761854 -0.00867943 -0.00484339 -0.00770811 0.00820342 0.0494947 -0.00208765 -0.00485544 -0.0186095 0.012434 -0.00288916
internal_weight=109948 2374.97 107573 95781.1 14829.3 80951.7 14570.1 1921.73 1172.46 79680 3943.13 345.553 11791.6 79028.8 73114 10714.4 62399.6 15577.3 13173 10089.7 811.127 5914.77 4850.21 1064.56 117.703 10627 7570.85 945.896 202.663 6624.95
internal_count=804029 82861 721168 626904 109481 517423 108299 27439 22493 505884 29568 3128 94264 500107 462270 63669 398601 97584 83217 60664 8093 37837 30618 7219 865 78731 60398 7230 1584 53168
is_linear=0
shrinkage=0.05


Tree=98
num_leaves=31
num_cat=0
split_feature=1 19 21 20 21 20 17 4 4 12 12 12 2 13 9 20 4 21 21 12 23 12 23 20 17 4 20 12 23 12
split_gain=236.332 148.908 205.76 294.477 167.989 246.333 426.699 200.326 178.486 175.702 138.668 159.212 138.529 153.447 138.284 178.772 176.652 157.61 125.338 140.477 123.579 159.984 210.232 214.128 122.647 109.037 108.693 106.268 104.364 99.0101
threshold=72.458122730255141 0.57352942228317272 -0.76345792499999987 68.123107910156264 0.13841605500000004 80.265686035156264 177.4294357299805 66.980697385966792 126.26765157282354 1.4442724458204337 6.7368421052631584 9.806501547987617 3.136820994317532 -6.53272132332157 8.5000000000000018 20.119430541992191 41.390168797224767 -1.5327152499999999 -2.0836265999999992 4.4582043343653259 1.7272303000000002 1.7321981424148609 1.4349610000000002 -14.578781127929686 169.697135925293 51.474384054541595 22.095260620117191 4.2058823529411766 0.17156968000000003 5.0015479876161004
decision_type=2 2 2 2 2 2 2 2 2 2 2 2 2 2 2 2 2 2 2 2 2 2 2 2 2 2 2 2 2 2
left_child=1 4 3 10 -1 6 8 -8 29 -7 14 -12 13 -11 -3 16 17 18 19 -16 21 28 23 -23 -2 -5 -13 -18 -4 -6
right_child=24 2 20 25 5 9 7 -9 -10 12 11 26 -14 -15 15 -17 27 -19 -20 -21 -22 22 -24 -25 -26 -27 -28 -29 -30 -31
leaf_value=-0.00082764831528248529 0.04915310933984926 -0.0071316426498204315 0.047659038053320668 0.03469762727101347 0.015404331837886816 0.014525365165204501 -0.0058523524556693216 0.0072511025163188416 0.028725695581433858 0.00047476570757494377 -0.026809821045017737 -0.017615988589456243 -0.0099635420222722731 0.048302226880864191 -0.0017364272628380625 -0.0016851547359909458 0.017681659150586209 0.05149583486984334 -0.016568817217887822 0.11954404670938477 -0.015398748121413484 -0.028530069987678375 0.0081776838921335804 -0.0064219879207657151 0.011726220658306337 0.010330776336916614 0.022675525143217377 -0.013997038719043883 0.0021243583592201049 -0.0032529417999011771
leaf_weight=43357.893604219425 329.27271462092176 2359.823352901265 127.43775917217135 840.34623509272933 3396.4976783911698 1158.0591721874662 5057.0475338287652 6889.0970800695941 2315.0444271424785 867.23978925123811 957.3751326892525 299.141776682809 5291.181619355455 206.9145083129406 52.888918019831181 2249.5740835629404 712.51393980160356 562.40415179356933 196.91470112092793 42.482718091458082 2552.1611724346876 1170.1198741234839 2305.0223015267402 16933.772699901834 651.78689062315971 1013.2844235692173 377.49956770241261 419.98831771314144 6222.3899489548057 898.91882563801482
leaf_count=278277 44795 16038 746 4186 19798 8999 37151 46294 24921 5374 9606 2917 33444 1150 329 12503 4739 5159 2046 314 21667 12013 17685 127679 10418 5934 2253 3618 38375 5645
internal_value=-9.30175e-05 -0.000313352 -0.00276873 0.00339162 0.00107971 0.0042506 0.0073446 0.00170412 0.017536 -0.00338076 -0.000664001 -0.0136992 -0.00664023 0.00972413 0.0025665 0.00796864 0.0188924 0.0360391 0.00622366 0.0529671 -0.00488821 -0.00388521 -0.00604163 -0.00785241 0.0243251 0.0213903 0.00486302 0.00593163 0.00304558 0.0115
internal_weight=109814 108833 39395.1 10084.2 69437.9 26080 18556.6 11946.1 6610.46 7523.4 8230.61 1634.02 6365.34 1074.15 6596.59 4236.77 1987.19 854.69 292.286 95.3716 29310.9 26758.7 20408.9 18103.9 981.06 1853.63 676.641 1132.5 6349.83 4295.42
internal_count=804073 748860 287807 69642 461053 182776 133809 83445 50364 48967 59522 14776 39968 6524 44746 28708 16205 7848 2689 643 218165 196498 157377 139692 55213 10120 5170 8357 39121 25443
is_linear=0
shrinkage=0.05


Tree=99
num_leaves=31
num_cat=0
split_feature=10 5 19 11 12 22 22 5 10 11 24 19 24 22 12 12 11 22 10 22 12 11 24 2 12 5 22 22 11 12
split_gain=203.694 232.601 141.089 187.506 145.245 157.718 114.601 115.888 169.395 147.213 176.353 148.394 100.119 102.564 103.505 105.758 96.8882 96.8505 94.7027 83.9135 79.3572 96.6653 99.512 82.7458 79.3061 76.5729 74.1424 116.746 120.197 102.442
threshold=40.858126616477968 16.500000000000004 0.60294118523597728 29.290478826860898 5.9674922600619196 -1.4317225999999998 1.6775100000000001 2.5000000000000004 40.858126616477968 13.341808016478279 5.5000000000000009 0.22058823704719546 2.5000000000000004 -0.44051554499999995 1.8157894736842108 1.4659442724458207 46.940019882973239 -1.5525849499999997 -22.234870795905586 -1.1087322999999998 0.97832817337461309 88.744555543150895 5.5000000000000009 2.9015136212110524 14.165634674922602 4.5000000000000009 -0.37704915999999994 -0.63354348999999999 8.531781322423706 1.5928792569659445
decision_type=10 2 2 2 2 2 2 2 8 2 8 2 10 2 2 2 2 2 10 2 2 2 8 2 2 2 2 2 2 2
left_child=2 25 4 19 6 -6 7 16 9 10 -9 -12 13 17 15 -15 26 -5 -7 -4 -11 -22 23 -23 -20 -2 27 -1 -29 -28
right_child=1 -3 3 12 5 18 -8 8 -10 20 11 -13 -14 14 -16 -17 -18 -19 24 -21 21 22 -24 -25 -26 -27 29 28 -30 -31
leaf_value=-0.00069465118985097881 -0.014568968853470471 0.035494131753198425 0.013832410195505821 -0.01768885766466281 0.024443753792140102 0.0012011510883877822 -0.021984933848306985 0.068144420497169705 0.05347664102278249 0.0098409487425672841 -0.042216284594133631 0.031805084481440683 -0.011506561719904567 -0.0058758161994799671 -0.011553348786702951 0.020325185088014484 -0.017193723323948803 0.0026840693274356796 -0.0075545996470190203 0.00046417161153432365 0.002568702330152509 0.074396697095929623 -0.014424335550557206 0.0023348230262632903 0.032132169447509421 0.0084440230204480739 0.014004726909023985 -0.051620672614517561 -0.01113876017379732 -0.0035598670485137707
leaf_weight=3036.2210140433162 426.50053288275376 799.8202485665679 1363.0982498563826 645.51283250376582 489.73613789863884 5160.4742047153413 498.26527970191091 186.84083413984627 164.4717081990093 3469.3735014004633 102.49493405409157 194.873116761446 6031.1880232617259 1215.8696662709117 5201.8148320987821 562.49580213427544 1094.5567029640079 5970.8854449633509 10356.361318742856 8418.6994141563773 44531.865494326223 40.52551582083106 1723.3643446238711 981.29560440313071 126.46083872020245 2341.0488414778374 1492.2397084608674 231.64511808007956 869.87334238737822 1868.5856897048652
leaf_count=16921 3349 59836 7381 3993 2342 37865 3999 882 1151 24590 532 990 53102 7512 44629 3450 9936 39792 71799 56661 267305 412 13316 7294 682 37983 7351 1266 4805 12055
internal_value=1.23939e-05 0.0117624 -0.000383044 -0.00332693 0.000746962 -0.00346813 0.00187126 0.00206977 0.00296838 0.00280519 0.0302156 0.00623589 -0.00614525 -0.00376641 -0.0079939 0.00241831 -0.0033045 0.000694061 -0.00434346 0.00232827 0.00254305 0.00200731 -0.0070971 0.00526275 -0.00707281 0.00489356 -0.00127509 -0.00575527 -0.0196911 0.00424083
internal_weight=109596 3567.37 106029 29409.6 76619.5 16133 60486.5 59988.2 51395.1 51230.6 484.209 297.368 19627.8 13596.6 6980.18 1778.37 8593.12 6616.4 15643.3 9781.8 50746.4 47277.1 2745.19 1021.82 10482.8 2767.55 7498.56 4137.74 1101.52 3360.83
internal_count=803181 101168 702013 216520 485493 112688 372805 368806 316472 315321 2404 1522 152478 99376 55591 10962 52334 43785 110346 64042 312917 288327 21022 7706 72481 41332 42398 22992 6071 19406
is_linear=0
shrinkage=0.05


Tree=100
num_leaves=31
num_cat=0
split_feature=15 22 17 11 12 22 11 4 23 22 23 23 12 22 11 11 22 14 14 24 24 12 23 14 14 22 22 14 23 3
split_gain=214.083 149.258 141.924 126.66 120.493 133.71 127.396 238.205 211.739 202.553 153.133 180.312 174.668 316.776 164.78 151.034 190.419 144.2 221.611 181.555 144.061 148 142.289 472.51 343.94 209.886 254.77 318.81 223.591 210.445
threshold=28.357535362243656 2.7106600000000003 213.25555419921878 5.147613305886833 6.6919504643962862 -1.4815649999999998 48.929337142444808 68.435572814196362 0.13422438000000003 0.83071401500000019 1.7358680000000002 0.55684298000000021 3.2368421052631584 -0.5315448049999999 81.848965866762242 54.902615672167705 0.43984303000000008 182.50000000000003 201.50000000000003 4.5000000000000009 1.5000000000000002 1.1099071207430342 1.1064166000000002 238.50000000000003 226.50000000000003 0.58186933500000004 0.69818211000000008 250.50000000000003 1.2044423500000001 25.436236351728443
decision_type=2 2 2 2 2 2 2 2 2 2 2 2 2 2 2 2 2 2 2 8 10 2 2 2 2 2 2 2 2 2
left_child=1 2 4 -2 6 -6 8 -8 -1 10 11 14 17 -14 -9 -12 -17 -13 20 -20 21 -19 23 -10 -24 -26 -27 -28 -29 -30
right_child=3 -3 -4 -5 5 -7 7 9 22 -11 15 12 13 -15 -16 16 -18 18 19 -21 -22 -23 24 -25 25 26 27 28 29 -31
leaf_value=0.03321632712703098 -0.064504989114662667 -0.044877107546850835 -0.014379465665061592 0.024446286094774783 0.027441272403772574 -0.0045905925267033815 -0.0076436434534349288 0.00044545040919224054 0.0051205962344520713 -0.013068867389274767 -0.026342897232221732 -0.0082388821708415539 -0.01927485164169445 0.011110277335587046 -0.024132005272432529 0.003630372094385033 -0.046800651403647218 0.052648093253102435 0.00012512223063514732 0.014238358821290001 0.048489729783061458 0.006585536094512197 -0.00021872392040279853 -0.0083390490192838864 0.014496868369446367 -0.034617314842890955 -0.030134501283837645 -0.043945548664963426 0.04649187025253803 0.0077782748635552706
leaf_weight=547.63024356914684 40.551665049977601 185.57572323456407 1715.7664917111397 1128.457773507107 331.81181613169611 15476.174515875522 10988.025114275515 2756.101242207922 15283.570849474054 2248.510451386217 802.86792446859181 1038.532679611817 1622.5578359952196 1817.6087555717677 905.2013300252147 2015.9557633646764 205.32547682337463 224.76311704097316 3917.3593031610362 5446.7066601864062 576.82996154436842 767.90147939184681 16405.810764181428 11370.921917019878 9242.0943379341625 475.31720789987594 478.08618478290737 140.70706607541069 548.02260975539684 974.85495001031086
leaf_count=3095 193 2226 14852 43236 1563 118790 90107 21338 94041 22809 5432 9822 12828 16866 8065 16014 2064 1936 29985 42810 4329 6032 102526 67189 48976 3423 4340 950 2835 5950
internal_value=3.47377e-05 -0.00019464 -0.000117679 0.0213082 0.000111982 -0.00391655 0.000813362 -0.00153312 0.00230815 0.0012249 0.00267987 0.00433728 0.00670669 -0.00322233 -0.00563588 -0.00777154 -0.00105021 0.00955981 0.011251 0.00833488 0.0286333 0.0170577 0.00199934 -0.000621444 0.00447075 0.0109576 -0.00154229 0.00581104 0.0161531 0.0217311
internal_weight=109680 108511 108325 1169.01 106609 15808 90801.3 35334.2 55467 24346.2 22097.7 19073.6 15412.3 3440.17 3661.3 3024.15 2221.28 11972.1 10933.6 9364.07 1569.49 992.665 54919.4 26654.5 28264.9 11859.1 2616.99 2141.67 1663.58 1522.88
internal_count=804622 761193 758967 43429 744115 120353 623762 290437 333325 200330 177521 154011 124608 29694 29403 23510 18078 94914 85092 72795 12297 7968 330230 161230 169000 66474 17498 14075 9735 8785
is_linear=0
shrinkage=0.05


Tree=101
num_leaves=31
num_cat=0
split_feature=16 20 14 21 17 24 21 22 22 14 14 21 22 5 5 22 14 21 23 22 21 23 22 24 2 17 21 21 9 14
split_gain=199.078 133.643 170.624 350.798 354.015 209.463 199.763 272.122 209.205 253.395 220.273 255.255 198.995 186.332 178.052 176.96 176.705 264.063 183.414 174.849 377.471 275.523 235.363 167.216 151.356 150.25 145.167 294.946 160.59 136.791
threshold=0.13235294446349147 7.6948242187500009 206.50000000000003 0.26034356500000005 188.01666259765628 2.5000000000000004 -1.6777381999999998 2.1169150000000005 -0.15288999499999997 265.50000000000006 248.50000000000003 -0.70725798499999992 -0.84831767999999996 2.5000000000000004 9.5000000000000018 1.7426737500000002 261.50000000000006 0.86721292000000016 1.7114638000000002 0.32628046000000005 0.080794680850000009 0.82948699500000012 0.31588700500000005 7.5000000000000009 2.9015136212110524 196.47499847412112 1.0861206000000003 0.42728510500000005 11.500000000000002 226.50000000000003
decision_type=2 2 2 2 2 10 2 2 2 2 2 2 2 2 2 2 2 2 2 2 2 2 2 10 2 2 2 2 2 2
left_child=-1 25 3 5 15 13 14 8 10 -10 26 12 -12 -3 -4 -5 -13 -18 -19 21 -21 22 -11 -16 -23 -2 27 28 -8 -30
right_child=1 2 6 4 -6 -7 7 -9 9 19 11 16 -14 -15 23 -17 17 18 -20 20 -22 24 -24 -25 -26 -27 -28 -29 29 -31
leaf_value=0.019427652830320621 -0.0012956996457150951 -0.01769284331588997 0.026860208758799534 0.026380991929602544 -0.00079885335085787745 -0.014083805015226457 -0.0023397335790082004 0.084326886616109403 -0.0064602807259075828 -0.001873635562286866 0.026870619361970178 -0.012502286358000315 -0.0042290250223668653 0.0049578257593655669 -0.018983861402102079 -0.028964181027530556 -0.0058753175172896977 0.035745047719610727 -0.020199539773957137 0.018363581564633327 -0.018122902407220875 0.075502536268621703 0.081134753589565956 0.029650186788198619 0.026081674326134376 -0.010441612768368099 -0.01492942870501752 0.019943953115266852 -0.0003179354725720352 0.012662313375763618
leaf_weight=1301.1198482527398 19043.859781522769 992.68720502778888 1227.406032207422 3629.2123861899599 2269.678821997717 2123.0167833510786 7446.2789860009216 92.193738442379981 23860.219133065548 1586.1777848186903 1095.7229256555438 5953.3528961036354 968.22704169340432 10525.186794292182 548.79046072950587 149.62109809648246 3131.0795447234996 734.82371895667166 182.23009371291846 1209.2583255046047 1710.0507266875356 194.98942149430513 89.252136588096619 259.48722886620089 750.85618597175926 5875.3188068605959 886.8243400757201 3071.987688770052 3288.8601577617228 5300.2854488454759
leaf_count=46574 132362 7304 6237 28518 18489 19985 50392 712 188051 8552 5633 38545 5056 67240 2981 1386 17265 4034 981 6798 10793 916 408 1695 4610 57357 6475 20511 18694 25964
internal_value=-6.18003e-06 -0.000240059 0.000721202 0.00478831 0.0148098 0.000343912 -0.000538185 -0.00104794 -0.00117737 -0.0042235 0.00161617 -0.00371886 0.0122864 0.00300427 0.0148681 0.0241825 -0.00702266 0.00103699 0.0246183 0.00540849 -0.00300808 0.0147796 0.00259408 -0.00335318 0.0363389 -0.00345241 0.00483559 0.00575367 0.00303409 0.0076926
internal_weight=109498 108197 83277.8 19689.4 6048.51 13640.9 63588.4 61552.7 61460.5 29400.8 32059.7 12065.4 2063.95 11517.9 2035.68 3778.83 10001.5 4048.13 917.054 5540.58 2919.31 2621.28 1675.43 808.278 945.846 24919.2 19994.2 19107.4 16035.4 8589.15
internal_count=804518 757944 568225 142922 48393 94529 425303 414390 413678 220128 193550 71514 10689 74544 10913 29904 60825 22280 5015 32077 17591 14486 8960 4676 5526 189719 122036 115561 95050 44658
is_linear=0
shrinkage=0.05


Tree=102
num_leaves=31
num_cat=0
split_feature=1 17 7 18 11 3 1 5 11 24 23 1 3 18 23 23 11 11 7 6 10 23 23 1 6 5 17 11 23 24
split_gain=201.845 122.608 115.687 107.652 132.815 104.595 113.392 102.736 169.029 162.874 144.403 121.611 106.592 99.6331 92.3164 123.86 129.637 103.207 92.3056 116.642 90.4929 86.766 166.53 159.266 86.3941 86.1933 85.4434 82.7449 142.008 79.1639
threshold=72.458122730255141 206.93333435058597 1.0000000180025095e-35 156.78584289550784 26.484862307103892 157.02062760293487 27.307104259729389 5.5000000000000009 47.770250197269327 5.5000000000000009 0.13422438000000003 19.536829054355625 70.997384235262885 166.81893157958987 2.4041249500000004 1.4978700500000002 35.261407327714267 31.108582943158904 1.0000000180025095e-35 1.5000000000000002 16.496585294604301 1.6003815000000003 1.5455405000000002 1.6099744439125063 1.5000000000000002 26.500000000000004 179.38796234130862 27.079945701987018 0.36691397000000009 2.5000000000000004
decision_type=2 2 2 2 2 2 2 2 2 10 2 2 2 2 2 2 2 2 2 2 10 2 2 2 2 2 2 2 2 10
left_child=1 3 -2 4 25 7 -7 8 10 11 -5 12 26 -10 15 -11 17 -17 -13 -20 -12 22 -18 -24 -8 -1 29 28 -28 -9
right_child=2 -3 -4 5 -6 6 24 9 13 14 20 18 -14 -15 -16 16 21 -19 19 -21 -22 -23 23 -25 -26 -27 27 -29 -30 -31
leaf_value=0.0034815320524297548 0.0029587732684662081 -0.0080746656917316684 0.038443140291201459 0.040749201376134025 0.017168402305833719 -0.011837758338962789 0.01847792895799303 -0.0026315244551219797 0.010737455472154702 -0.010967019077328327 0.00026298879874419104 0.0040585651481960857 -0.0028074726360211182 -0.0093157728110447417 -0.03542776258118846 0.007653884057164541 -0.027281063058939299 0.043176390294502785 0.019230570244941722 -0.015860789148867162 -0.013882584341717611 -0.012316090696392949 0.11386853004792313 0.01359961669166139 -0.029510355033267523 -0.02455142528162816 0.041244537105996647 0.0030310533895921447 0.0080807077607492738 0.0078536484347980079
leaf_weight=1981.9516707663424 405.64018253982067 4794.1594356000423 529.09720912436023 214.49155009165406 2022.8319724891335 3379.2903647152707 566.4397757393308 9400.838541995734 667.3624819079414 3580.4660398592241 26533.579152470455 4545.1672236826271 11269.764538601041 8483.7656688764691 253.3093669898808 1102.0877075148746 120.35971824545413 250.2475334405899 2403.673218482174 261.92336540669203 1179.9305150508881 1302.0229998738505 60.379513550549746 112.53970634471625 111.43029838055372 317.2077607777901 347.26001938432455 16571.224118243903 4431.854410815984 2225.4939534328878
leaf_count=11966 2515 39177 52939 1267 26549 20374 17694 47601 4055 28103 171181 22320 59777 77296 2515 8040 1193 1643 46812 1119 7536 10578 514 737 499 3568 1822 99109 24525 11719
internal_value=-5.87507e-05 -0.000258182 0.0230639 0.000103268 0.00782727 -0.000232738 -0.00809426 0.000101966 -0.00195524 0.00141175 -2.27349e-05 0.00237168 0.00139032 -0.00785234 -0.00587143 -0.0047193 0.00287088 0.0142543 0.0083924 0.0157778 -0.000339752 -0.00678172 0.0177467 0.0490647 0.0105576 -0.000395079 0.00282496 0.00470302 0.0104986 -0.000623967
internal_weight=109426 108491 934.737 103697 4321.99 99374.9 4057.16 95317.7 37079.1 58238.6 27928 51457.2 44246.4 9151.13 6781.41 6528.1 2947.64 1352.34 7210.76 2665.6 27713.5 1595.3 293.279 172.919 677.87 2299.16 32976.7 21350.3 4779.11 11626.3
internal_count=804743 749289 55454 710112 42083 668029 38567 629462 261335 368127 179984 314804 244553 81351 53323 50808 22705 9683 70251 47931 178717 13022 2444 1251 18193 15534 184776 125456 26347 59320
is_linear=0
shrinkage=0.05


Tree=103
num_leaves=31
num_cat=0
split_feature=16 12 21 22 5 11 14 14 21 12 12 12 21 12 21 22 12 12 22 11 24 21 22 12 22 21 21 14 14 14
split_gain=179.537 141.043 136.309 135.976 97.9669 225.207 170.31 146.965 239.257 196.625 149.726 207.462 124.45 138.68 134.044 174.736 243.784 186.86 114.825 114.309 113.905 112.788 110.606 105.608 100.826 163.641 233.416 381.016 200.285 208.411
threshold=0.16176471114158633 0.47213622291021679 -0.094839982699999978 2.7106600000000003 2.5000000000000004 50.50536256878646 155.50000000000003 252.50000000000003 -0.72949796999999983 12.851393188854491 7.93498452012384 12.851393188854491 -2.1536850999999992 3.2120743034055734 -1.2414231999999996 -0.37704915999999994 1.5928792569659445 5.4690402476780191 0.16082139000000004 33.789285444495953 1.5000000000000002 0.8261199600000001 -0.96998232499999992 1.212074303405573 -0.17849789999999996 0.22946334500000004 -0.094839982699999978 247.50000000000003 248.50000000000003 254.50000000000003
decision_type=2 2 2 2 2 2 2 2 2 2 2 2 2 2 2 2 2 2 2 2 10 2 2 2 2 2 2 2 2 2
left_child=2 -2 -1 4 5 7 -6 10 9 20 12 22 13 -3 -14 19 21 -18 -19 -16 -9 23 -12 -17 25 26 -8 -28 -27 -30
right_child=1 3 -4 -5 6 -7 24 8 -10 -11 11 -13 14 -15 15 16 17 18 -20 -21 -22 -23 -24 -25 -26 28 27 -29 29 -31
leaf_value=0.006737715803304155 0.015417154556907613 0.0062581669042127966 0.03772188413066007 -0.044656736666417077 0.05478090564636319 -0.019699784708289456 0.0014610326384665408 0.022467846431628288 -0.0031824077539992033 -0.018258094464537137 0.0078830617065723044 0.042268943819560978 -0.01414151418297727 0.077525890059350497 -0.0095134166575049084 0.0064588944801732889 -0.010122791989270064 0.036375707633214245 -0.0037945665667719107 0.0086283157021170512 0.074827135326847788 0.057031056650741277 -0.031120118110708653 0.036346574705669973 -0.0018365712741201497 0.010360406181539163 -0.00070600036667701842 -0.028952356363105447 -0.017665060303448558 0.0046473127913723667
leaf_weight=1189.7882342170924 1389.2233557384461 209.23384642228484 505.2545697488822 173.94948934577405 141.25393881462514 2022.1183652840555 29404.339299096726 172.00398065894842 853.76606317609549 117.85227811336517 217.49819631874561 126.10178739577532 2037.9220552779734 100.45566805452108 4310.4097378384322 746.31781886890531 1796.5569002386183 430.4695002399385 302.40355660580099 1086.4134713020176 265.77640638500452 221.34029900282621 1094.6076757349074 488.96650191023946 39981.175337198656 9341.6352487262338 3715.0363045483828 1758.2547391369008 1495.04047984723 3482.6011739214882
leaf_count=28864 12225 1190 25899 2258 975 24034 176626 808 5142 610 1229 827 13293 617 25762 3610 13508 3277 3621 7570 1343 1074 10886 2498 308222 63293 24013 10845 10394 20025
internal_value=-0.000150733 -0.000405428 0.0159902 -0.000612757 -0.000540004 -0.00406714 0.000115561 -0.00189754 0.0134422 0.0389469 -0.0035402 -0.0187607 -0.00167266 0.0295508 -0.00252184 3.14279e-06 0.0079415 -0.00144346 0.0198178 -0.00586045 0.0543533 0.0242283 -0.0246538 0.0183093 2.83608e-05 0.00154395 -0.000303794 -0.00978357 0.00604424 -0.00205644
internal_weight=109178 107483 1695.04 106094 105920 16600.2 89319.3 14578.1 1409.4 555.633 13168.7 1438.21 11730.5 309.69 11420.8 9382.88 3986.05 2529.43 732.873 5396.82 437.78 1456.62 1312.11 1235.28 89178.1 49196.9 34877.6 5473.29 14319.3 4977.64
internal_count=804538 749775 54763 737550 735292 120899 614393 96865 7903 2761 88962 12942 76020 1807 74213 60920 27588 20406 6898 33332 2151 7182 12115 6108 613418 305196 211484 34858 93712 30419
is_linear=0
shrinkage=0.05


Tree=104
num_leaves=31
num_cat=0
split_feature=10 20 11 22 21 21 22 14 21 23 14 21 20 22 11 14 21 22 21 14 17 21 11 22 11 13 20 9 11 23
split_gain=168.814 125.065 163.862 166.51 153.644 143.932 143.445 179.389 175.878 174.734 154.568 317.708 396.179 295.085 256.701 223.533 219.649 284.102 212.323 244.99 193.136 190.634 168.147 162.853 230.728 159.112 146.182 141.033 140.7 140.109
threshold=93.063600182533278 -3.4393386840820308 29.781702899261621 0.9894630900000001 -0.81418859999999993 1.4806700500000003 -0.17849789999999996 161.50000000000003 -0.79875919499999992 2.4967763500000006 203.50000000000003 -1.0392652499999999 15.841232299804689 2.1169150000000005 27.079945701987018 262.50000000000006 0.44911027000000009 0.32628046000000005 -0.24765999499999997 268.50000000000006 179.34230804443362 1.1001508500000001 14.008156353618409 0.17966253000000001 38.133061216700106 -17.94683635020311 91.693748474121108 7.5000000000000009 5.7738242810447895 0.92950195000000013
decision_type=10 2 2 2 2 2 2 2 2 2 2 2 2 2 2 2 2 2 2 2 2 2 2 2 2 2 2 2 2 2
left_child=1 2 5 -4 -5 -1 -3 8 -8 10 11 -9 14 15 -13 26 18 21 23 25 -14 28 -19 -17 -25 -20 -12 -6 -18 -21
right_child=-2 6 3 4 27 -7 7 9 -10 -11 13 12 20 -15 -16 16 17 22 19 29 -22 -23 -24 24 -26 -27 -28 -29 -30 -31
leaf_value=0.0013684136547178253 0.025993263515002092 0.0022735272517119044 -0.012391950625814803 0.054233137602136598 0.025327642345799067 -0.043753022074387651 -0.011743867050843054 -0.016197688432907271 0.052167425344673085 -0.028864581834072447 -0.0049285463650202976 0.0232680772421309 0.034489177894246499 0.083486285089764523 -0.0084443956419718112 -0.018624148054713522 0.056241493821875925 0.007832528846543077 0.080092611843649089 0.010884900252445416 0.010207686849750127 0.032653232812129888 -0.026914826598390569 0.019369070649873352 -0.028052614236267006 0.030907051986482716 -0.021569876052861318 -0.030696078543998612 -0.0074433373283631062 -0.062059403076517361
leaf_weight=8112.7173082269728 618.1022599725984 51199.727921174373 6407.2300899587572 175.05931263417006 239.23492915742099 179.67373466491699 167.78677924629301 1563.9163839677349 297.75516602629796 596.49975511524826 22633.969440489076 798.94874620530754 1524.0127104055136 96.770026565995067 3153.5917790890671 690.55828336626291 93.361267402768135 458.74320226814598 209.07396808639169 763.00595689518377 1771.4368864800781 585.6989528965205 1438.4064676943235 1335.5101162246428 316.48914324585348 770.94166645361111 1400.4859186587855 210.00310360826552 1071.3889655675739 71.041530624032021
leaf_count=51588 48919 314995 56877 1311 1674 1809 884 13774 2319 5686 180637 6544 13489 719 28946 3785 385 2743 1050 4347 14560 3733 9702 6986 2033 4035 10383 3035 6181 389
internal_value=-4.16589e-05 -0.000190442 -0.00437566 -0.00998995 0.0146424 0.000385596 0.000499143 -0.00167377 0.0291572 -0.00202163 -0.00162798 0.00423419 0.00864445 -0.0032456 -0.00202992 -0.00351182 0.00384 -0.00511373 0.0116966 0.0245331 0.021444 0.00941077 -0.018513 0.00174985 0.0102726 0.0414711 -0.00589909 -0.000871502 -0.00229477 0.00460486
internal_weight=108951 108333 15323.9 7031.53 624.297 8292.39 93009.1 41809.4 465.542 41343.9 40747.4 8811.91 7247.99 31935.4 3952.54 31838.7 7804.22 3647.6 4156.62 1814.06 3295.45 1750.45 1897.15 2342.56 1652 980.016 24034.5 449.238 1164.75 834.047
internal_count=803518 754599 116294 62897 6020 53397 638305 323310 3203 320107 314421 77313 63539 237108 35490 236389 45369 22744 22625 9821 28049 10299 12445 12804 9019 5085 191020 4709 6566 4736
is_linear=0
shrinkage=0.05


Tree=105
num_leaves=31
num_cat=0
split_feature=18 11 18 0 23 11 22 18 5 0 22 2 19 9 11 11 22 0 18 11 23 24 11 4 22 22 9 9 5 22
split_gain=174.937 140.491 122.995 115.245 99.1915 127.01 90.4607 101.531 89.8744 86.7806 79.3065 70.2436 70.1864 78.6401 76.4791 75.7928 66.4214 54.2374 57.837 70.8066 51.4821 51.0834 50.4673 50.2781 50.0069 61.78 52.3559 49.6566 48.4236 55.5431
threshold=156.78584289550784 26.484862307103892 190.41741943359378 3.0097126960754399 0.17156968000000003 44.552299488635718 -0.10833403999999998 169.52228546142581 27.500000000000004 10.266709327697756 2.7106600000000003 180.30842041969302 0.63235294818878185 79.500000000000014 15.793902891665141 21.205184842975978 -0.13172641999999998 25.719218254089359 158.82353210449222 32.768276243663799 1.4551887000000001 2.5000000000000004 29.290478826860898 136.11850598454478 -0.040968708699999988 -0.06539430844999998 11.500000000000002 11.500000000000002 1.5000000000000002 -2.2201040999999995
decision_type=2 2 2 2 2 2 2 2 2 2 2 2 2 2 2 2 2 2 2 2 2 8 2 2 2 2 2 2 2 2
left_child=1 8 3 4 5 6 27 -8 -1 -3 12 17 13 28 -14 -15 -7 18 19 -5 -17 -4 -9 -19 25 26 -16 -2 -6 -30
right_child=2 9 21 11 10 16 7 22 -10 -11 -12 -13 14 15 24 20 -18 23 -20 -21 -22 -23 -24 -25 -26 -27 -28 -29 29 -31
leaf_value=0.0043542563407198203 -0.034772219403203485 0.013783639868735041 0.00051596930062388095 -0.02228085503941556 -0.0045978354586888835 0.033120184838988952 0.0054301649247486278 0.031160943347367423 -0.028629981643964991 0.038737199887917032 -0.039132637093617043 0.036428413101191402 0.0046688031993175113 0.0021308150037173774 -0.008817658408981242 -0.029482319285354615 -0.017972796165375234 -0.010921541731366138 0.0036311361237132259 0.0058793600554849024 -0.00041284761227193268 -0.014651355328462788 0.065393149206807763 0.0052045792848281203 -0.010124548243217518 0.028789827625732241 -0.0007671328950564593 0.018092383552442706 0.026585474915389887 0.00015178573365911955
leaf_weight=2076.2344673764892 86.802237346768379 1744.8721275581047 754.76959803700447 483.04941966524348 5712.4600831437856 75.983041251078248 233.462277286686 250.25303506851196 228.32086094561964 435.16699563059956 137.73047079145908 152.44425241323188 2025.0590298473835 534.00255829840899 3448.6052173282951 602.54813881590962 366.23646300006658 1359.5455020880327 23732.351330752019 413.64420776767656 203.75480394437909 2097.1907015778124 193.02997302263975 748.9267426491715 4374.7123059909791 144.24406391382217 4872.1787378620356 89.000837758183479 198.50053270813078 51183.918018558994
leaf_count=13729 453 16588 5530 3850 40912 507 1196 1391 3471 38544 2017 15015 13314 3341 22011 4195 2870 9814 156637 6555 1207 19345 1191 14478 45183 1065 35167 481 1287 322392
internal_value=1.54913e-05 0.00968427 -0.000399633 -0.000112183 -0.0011222 0.0125913 0.0238603 0.0321517 0.00107538 0.0187802 -0.00136415 0.00269479 -0.00129265 -0.00051227 -0.00436015 -0.0124793 -0.00913898 0.0025011 0.00316004 -0.00929849 -0.022146 -0.0106386 0.0461812 -0.00519381 -0.00578443 -0.00354053 -0.00410439 -0.00805839 -0.00023113 0.00025442
internal_weight=108959 4484.59 104474 101622 74732.5 1294.77 852.548 676.745 2304.56 2180.04 73437.7 26890 73300 58435.2 14864.8 1340.31 442.22 26737.5 24629 896.694 806.303 2851.96 443.283 2108.47 12839.7 8465.03 8320.78 175.803 57094.9 51382.4
internal_count=803736 72332 731404 706529 500180 8089 4712 3778 17200 55132 492091 206349 490074 373334 116740 8743 3377 191334 167042 10405 5402 24875 2582 24292 103426 58243 57178 934 364591 323679
is_linear=0
shrinkage=0.05


Tree=106
num_leaves=31
num_cat=0
split_feature=15 12 18 12 5 14 22 15 14 22 23 1 25 24 24 13 1 3 24 12 14 14 14 12 12 22 14 13 3 5
split_gain=168.819 132.354 128.812 101.246 129.656 144.647 113.445 102.037 99.6916 95.8225 84.7547 83.2518 82.1766 81.8222 104.111 81.5688 81.0852 99.2748 79.4777 128.665 128.373 127.586 104.59 124.242 157.632 99.5631 107.669 73.8587 71.4018 86.1492
threshold=31.400850296020511 0.47213622291021679 190.41741943359378 2.7198142414860684 8.5000000000000018 203.50000000000003 -2.2201040999999995 2.4544663429260258 183.50000000000003 -1.83664005 0.15539592000000002 27.8181426525116 22.602730011940007 6.5000000000000009 1.5000000000000002 -68.591120305375952 24.975162938237194 78.045776724815383 1.5000000000000002 4.2058823529411766 187.50000000000003 178.50000000000003 195.50000000000003 11.931888544891644 5.9674922600619196 -0.67678492999999984 162.50000000000003 -36.138513235554051 37.915394067764289 1.5000000000000002
decision_type=2 2 2 2 2 2 2 2 2 2 2 2 2 10 10 2 2 2 8 2 2 2 2 2 2 2 2 2 2 2
left_child=1 -1 3 4 9 8 12 18 -6 -3 -9 -2 -5 14 -10 -11 17 -7 19 21 -21 25 23 24 -22 26 -8 -19 29 -17
right_child=11 2 -4 6 5 16 7 10 13 15 -12 -13 -14 -15 -16 28 -18 27 -20 20 22 -23 -24 -25 -26 -27 -28 -29 -30 -31
leaf_value=0.015168579286422327 0.012228469499472809 -0.019178082775796506 -0.010962920764692763 -0.0028945892405044765 0.0012981606764664265 0.0056015261553616314 0.01537139251262592 0.017509472716605787 0.016297283752814785 -0.012306508501885364 -0.00054359726609484521 0.046668420020199636 0.058458616873635461 -0.03447973637693303 0.042604332221074126 -0.0022619939584038423 0.012004460850461892 -0.01535125804500501 -0.0066787670190225417 -0.018241774132283284 0.029307290506407874 0.0099130994618228559 -0.0018152113464216064 -0.024884811642539899 0.13517131652798556 0.0080441166613469603 0.13241568402345635 -0.0005474677865192416 -0.002649113283297479 0.0063870043940400661
leaf_weight=1390.2631132816896 617.88912598136812 665.98792467173189 2785.1830044109374 90.738536091521382 790.526830971241 6699.6339045446366 29.718150399625301 658.09330404410139 1202.4091078862548 1259.426251096651 47819.457281443756 244.70915233669803 135.60855353297666 59.893009587191045 547.89870861824602 4534.011676132679 2233.548919887282 1068.1260669548064 12551.568498423323 919.63311348110437 143.2207766212523 774.47278918325901 741.09155240654945 63.433024272322655 45.981837872415781 55.015125390142202 58.70084897056222 3976.0567607041448 8842.1955940588377 7885.1210183147341
leaf_count=12466 4819 3912 24445 677 7349 34818 257 4104 9648 11428 326350 32431 1179 554 4524 25524 41133 6207 111261 8210 820 4299 3998 483 244 507 462 21856 56465 43295
internal_value=2.24745e-05 -0.00015355 -0.00035345 -6.88134e-05 0.00191308 0.00528945 -0.00129856 -0.00142405 0.0161146 -0.000501088 -0.000298167 0.0220414 0.0339587 0.0225807 0.0245518 5.20584e-05 0.00327424 0.00161297 -0.00497193 0.0025945 -0.00478861 0.0179729 0.00766729 0.0353811 0.0556108 0.061122 0.0936882 -0.00368465 0.000784669 0.00322948
internal_weight=108890 108027 106637 103852 39764.8 16578.1 64086.7 63860.4 2600.73 23186.7 48477.6 862.598 226.347 1810.2 1750.31 22520.8 13977.4 11743.8 15382.8 2831.27 1913.36 917.907 993.727 252.636 189.203 143.434 88.419 5044.18 21261.3 12419.1
internal_count=803725 766475 754009 729564 266713 126089 462851 460995 22075 140624 330454 37250 1856 14726 14172 136712 104014 62881 130541 19280 13755 5525 5545 1547 1064 1226 719 28063 125284 68819
is_linear=0
shrinkage=0.05


Tree=107
num_leaves=31
num_cat=0
split_feature=1 16 6 0 0 1 0 11 24 21 23 21 13 23 16 23 11 11 4 21 21 9 21 23 11 11 10 11 11 23
split_gain=165.074 253.832 110.413 138.104 105.088 102.894 272.435 120.496 85.6634 89.4326 174.897 83.7422 80.3483 94.3755 74.2916 76.517 115.569 85.65 72.4006 70.2702 86.9954 177.236 171.571 124.791 139.791 229.57 162.257 148.599 95.804 88.2306
threshold=43.361064784228809 0.45588235557079321 1.0000000180025095e-35 41.627704620361335 25.719218254089359 26.830171108245853 2.4865337610244755 92.67470495860691 5.5000000000000009 0.35373817500000004 1.8392467500000003 0.48634322000000002 14.718759626703738 2.9098149500000003 0.86764705181121837 0.17156968000000003 44.552299488635718 22.113093404139715 64.929087564349189 1.7000587500000002 1.1793401000000003 39.500000000000007 1.1150733500000001 1.7272303000000002 23.68438548846142 45.413500027202332 -28.786844214797018 83.542760797467778 53.401806228566379 1.2903483500000001
decision_type=2 2 2 2 2 2 2 2 10 2 2 2 2 2 2 2 2 2 2 2 2 2 2 2 2 2 10 2 2 2
left_child=4 -2 3 -3 5 7 -7 12 9 10 -9 -11 13 14 15 16 17 -1 -13 20 22 23 -17 24 26 -26 -22 28 -27 -23
right_child=1 2 -4 -5 -6 6 -8 8 -10 11 -12 18 -14 -15 -16 19 -18 -19 -20 -21 21 29 -24 -25 25 27 -28 -29 -30 -31
leaf_value=0.002270197678910553 0.045040253270570652 0.024048893237066032 -0.0057964327237043098 -0.004628222091973287 -0.015232618691346062 -0.0038818279143896248 0.020645899969311963 -0.019248414137488734 -0.028210679088550707 0.034250966874894699 0.06323487150967097 -0.017466371259262915 -0.0053404343993704783 -0.03663417304398036 -0.0053667026283687469 0.0005739862953772762 -0.006760912219099028 0.033260656773790288 0.0043708700738152844 -0.0095302357825936389 0.022618603841176945 0.040269563747165511 -0.018934059052320415 -0.0079916168290283633 0.037931745433500912 -0.013531961119033526 -0.041071741309656552 0.062250131773998178 0.012676683506986714 -0.027911705718206836
leaf_weight=347.93632400035858 463.85416033770889 1129.2367119174451 1283.6851175092161 667.4937789128162 1175.0169555339962 2521.3360491320491 2053.3046743012965 1414.2905513048172 510.19653262384236 169.68125793896616 66.363120086491108 549.87987593002617 7006.4932117471471 172.36075761914253 5440.1836533304304 74360.304931901395 537.24673931486905 620.43339231610298 1219.6592229362577 1722.7573124244809 182.69056776538491 52.271666269749403 1143.4329033177346 693.22439192049205 1042.3696251213551 518.2767024859786 218.65820328518748 116.96835936978459 1060.6215067300946 440.88970230333507
leaf_count=1757 62574 24420 8212 7673 8275 15194 37318 11538 4521 1238 526 5465 42064 1955 51752 456269 3698 3305 8919 11859 941 373 7690 5039 6070 3330 1523 760 6767 3502
internal_value=-1.26525e-05 0.0105994 0.00540025 0.0133986 -0.000369744 -0.000201968 0.00712943 -0.000538744 -0.00911816 -0.00626241 -0.0155113 0.000803758 -0.000186241 0.000221084 0.000293277 0.000664058 0.0118294 0.0221396 -0.00242103 0.000457781 0.000673443 0.0075683 0.000278308 0.0111994 0.015438 0.0194767 -0.0120963 0.00811764 0.00407052 -0.0206181
internal_weight=108901 3544.27 3080.42 1796.73 105357 104182 4574.64 99607.2 3930.07 3419.87 1480.65 1939.22 95677.1 88670.6 88498.3 83058.1 1505.62 968.37 1769.54 81552.5 79829.7 4325.97 75503.7 3832.81 3139.58 2738.24 401.349 1695.87 1578.9 493.161
internal_count=804527 102879 40305 32093 701648 693373 52512 640861 32207 27686 12064 15622 608654 566590 564635 512883 8760 5062 14384 504123 492264 28305 463959 24430 19391 16927 2464 10857 10097 3875
is_linear=0
shrinkage=0.05


Tree=108
num_leaves=31
num_cat=0
split_feature=15 1 11 21 14 14 24 14 20 20 22 22 22 21 14 18 11 23 14 21 21 22 23 23 21 14 22 21 11 14
split_gain=169.404 107.004 143.218 111.684 144.704 160.984 208.369 102.598 101.114 94.3988 115.419 92.9969 90.9797 115.347 103.496 139.027 90.6271 88.1945 90.1139 97.2742 85.036 84.6548 96.6251 116.979 83.0752 137.759 139.183 196.72 143.397 175.879
threshold=31.400850296020511 11.480384007096292 68.440097592586525 -0.62958570999999985 221.50000000000003 184.50000000000003 1.5000000000000002 239.50000000000003 1.9701385498046877 89.952728271484389 0.19324044500000001 2.7106600000000003 -0.17849789999999996 1.1793401000000003 227.50000000000003 169.10294342041018 84.235833273491266 0.089801419500000021 156.50000000000003 0.8261199600000001 -1.3945062499999998 -2.0133645499999999 1.7272303000000002 1.6901442000000002 0.41705139000000008 204.50000000000003 -0.76988989499999982 1.0006730000000001 116.05492840440881 184.50000000000003
decision_type=2 2 2 2 2 2 10 2 2 2 2 2 2 2 2 2 2 2 2 2 2 2 2 2 2 2 2 2 2 2
left_child=1 2 11 4 5 -4 -7 -6 17 21 -11 -1 -10 14 15 -14 -8 -3 19 -19 -2 -5 23 24 -23 26 -26 -28 29 -29
right_child=20 8 3 9 7 6 16 -9 12 10 -12 -13 13 -15 -16 -17 -18 18 -20 -21 -22 22 -24 -25 25 -27 27 28 -30 -31
leaf_value=-0.00037417728652268823 -0.0093239654573394181 0.069125026466721015 -0.013820069505810845 0.031971789341059646 -0.03545431149549335 0.048879770066118378 0.020787650435948934 0.018082648029923383 0.0063971676059540183 0.039773074600008132 -0.022124124088406055 -0.041296651269316614 0.013893671217631843 0.012497583417619348 -0.0067000868864050302 -0.0035341166558265375 -0.030616990736577188 0.0014378478621333872 -0.0078938575004923461 0.039358320008615166 0.03043115112009543 -0.015187232641734461 -0.027931504213676985 0.047432600217107074 -0.036409288840964255 -0.013049797921416188 0.0023162421778053295 -0.018835943577798824 -0.018707022668398753 0.089936266575472462
leaf_weight=67187.567151319236 168.20518645551056 40.430944020394236 351.26221770606935 114.39348999783397 301.77383527159691 455.79540219902992 187.11857055313885 126.3079547919333 13497.847702558618 203.91290032863617 118.26992091536522 138.11801178753376 1933.2969052651897 1666.1181236901321 5060.6738612875342 2801.3127969210036 156.56095336005092 1502.1108774477616 4338.667172272224 189.58690589200705 662.60717998351902 3593.4797456562519 772.6610061712563 88.777937868610024 151.70257879421115 1765.1378688365221 851.47224721685052 46.210046598687768 59.735221557319164 182.57322080805898
leaf_count=430332 3338 265 3710 853 1925 3506 1494 605 114586 921 631 2134 28311 16832 39959 17991 1745 7996 26695 1155 34065 31243 6822 709 1380 14935 7651 445 558 1445
internal_value=-9.68436e-05 -0.000270152 -0.00127074 -0.00700824 0.00513584 0.0143664 0.0267523 -0.0196526 0.00220799 -0.00942083 0.0170531 -0.000458741 0.00361561 0.000339552 -0.00172952 0.00358365 -0.00265029 -0.0035789 -0.00407773 0.0057083 0.0223808 -0.0105414 -0.011193 -0.00926996 -0.0100339 -0.00397292 0.0084314 0.0144252 0.0500295 0.0679799
internal_weight=108714 107883 76852.8 9527.15 1578.82 1150.74 799.475 428.082 31030 7948.33 322.183 67325.7 24959.2 11461.4 9795.28 4734.61 343.68 6070.8 6030.36 1691.7 830.812 7626.14 7511.75 6739.09 6650.31 3056.83 1291.69 1139.99 288.518 228.783
internal_count=804237 766834 513044 80578 12985 10455 6745 2530 253790 67593 1552 432466 217679 103093 86261 46302 3239 36111 35846 9151 37403 66041 65188 58366 57657 26414 11479 10099 2448 1890
is_linear=0
shrinkage=0.05


Tree=109
num_leaves=31
num_cat=0
split_feature=10 5 0 25 11 4 11 1 7 5 10 5 6 13 6 5 13 23 19 23 23 23 11 19 25 1 23 23 23 11
split_gain=149.016 194.45 87.2511 119.093 80.0612 75.9944 72.4896 94.9991 140.195 83.9164 106.159 73.4764 67.2963 63.5246 61.2839 66.5261 59.8121 58.1606 56.9019 107.646 74.1337 67.6708 55.4659 81.8246 78.0603 101.903 77.3054 92.1245 76.9841 89.2654
threshold=40.858126616477968 16.500000000000004 0.11947119235992433 21.65932177305222 95.065769839097669 1.176242530345917 12.778281696572909 20.18502771854401 1.0000000180025095e-35 1.5000000000000002 -19.716644409298894 2.5000000000000004 1.5000000000000002 13.787750368390014 1.5000000000000002 4.5000000000000009 -0.31646641306925088 2.7058399000000004 0.1911764740943909 0.63108661500000018 2.0888086500000003 0.48919199500000005 46.940019882973239 0.13235294446349147 23.307967662811283 11.480384007096292 0.51782399000000012 0.46604304000000002 1.15603425 45.413500027202332
decision_type=10 2 2 2 2 2 2 2 2 2 10 2 2 2 2 2 2 2 2 2 2 2 2 2 2 2 2 2 2 2
left_child=2 14 3 -1 5 -5 18 13 9 -9 11 -11 -3 17 15 -2 -10 22 19 -4 21 -20 26 -24 25 -25 27 -8 29 -28
right_child=1 12 6 4 -6 -7 7 8 16 10 -12 -13 -14 -15 -16 -17 -18 -19 20 -21 -22 -23 23 24 -26 -27 28 -29 -30 -31
leaf_value=-0.0061371081928091225 -0.012508949172056517 0.040602104725034283 -0.041834737991092656 -0.0099117946625975738 -0.015513620889561749 0.00057828206775639691 0.0056141981277914197 -0.024944168408313871 0.02236133153353136 0.012039638598890262 0.00097035426377956469 0.060860759615675344 -0.00064695092125509335 -0.0075245596891842419 -0.0074205777684742879 0.013121750026616329 0.0073957756288556041 -0.031428064982567609 0.030508866723747165 0.0042991635538034388 0.041020076567767148 0.0060975456414415459 0.013791461010751793 -0.0025875849164484666 -0.0059611363950405304 0.0081816479732959215 -0.0038390778019587722 0.029547568330281784 0.0036962914265223227 0.019119178929177166
leaf_weight=12033.56943179667 299.42109710443765 588.86154511896893 146.01603359077126 1823.653336878866 849.97819268330932 32090.937776446342 2684.8940333724022 290.48556683212519 1330.3652788298205 210.84161608293653 6007.8982637468725 121.06856808625162 118.75455749034882 2896.4748427905142 792.61457104235888 1613.7359829056077 1342.1893826802261 144.51648407056928 324.88277425989509 902.73303292924538 196.9071301613003 2211.0938671324402 819.0986006706953 7729.0306210275739 8367.2589370682836 3067.6646227799356 8355.7562925517559 472.06675441935658 10267.94576895982 445.00557770580053
leaf_count=84775 2721 59175 789 12995 9633 231594 13492 1305 24010 1157 30995 931 581 15738 3672 34861 33571 947 1557 4924 1027 10972 4558 48184 50623 16415 43894 2452 53814 2335
internal_value=9.18434e-05 0.0103718 -0.000242016 -0.00185018 -0.000366142 1.39347e-05 0.00104813 0.000583993 0.00518545 0.00128777 0.00249344 0.0299771 0.0336884 -0.00036211 0.0042638 0.00910595 0.014851 0.000127886 0.00774163 -0.00215774 0.0115399 0.00923566 0.000236671 -0.0016748 -0.00233654 0.000472751 0.00195527 0.00920123 0.000755231 -0.00267617
internal_weight=108546 3413.39 105132 46798.1 34764.6 33914.6 58334.2 54552.6 9302.85 6630.29 6339.81 331.91 707.616 45249.7 2705.77 1913.16 2672.55 42353.2 3781.63 1048.75 2732.88 2535.98 42208.7 19983.1 19164 10796.7 22225.7 3156.96 19068.7 8800.76
internal_count=803697 101010 702687 338997 254222 244589 363690 344421 91969 34388 33083 2088 59756 252452 41254 37582 57581 236714 19269 5713 13556 12529 235767 119780 115222 64599 115987 15944 100043 46229
is_linear=0
shrinkage=0.05


Tree=110
num_leaves=31
num_cat=0
split_feature=15 1 14 11 11 12 24 12 11 11 12 12 22 12 19 20 11 24 11 17 12 14 11 12 1 14 14 12 11 12
split_gain=137.229 154.737 109.263 115.993 362.397 150.416 144.036 186.337 181.575 153.737 186.94 143.952 135.785 126.292 113.46 321.502 199.388 190.65 205.546 181.401 166.557 193.924 149.153 149.136 148.522 134.729 153.604 175.646 128.585 128.977
threshold=22.931266784667972 27.8181426525116 265.50000000000006 37.311321259802071 52.327960417574225 1.6160990712074306 6.5000000000000009 10.439628482972138 14.532123391300257 36.318281658408999 3.4938080495356041 1.6640866873065019 -0.53966259999999988 1.1934984520123841 0.48529411852359777 80.265686035156264 15.793902891665141 6.5000000000000009 49.851090743157435 177.64930725097659 7.7383900928792579 192.50000000000003 66.618944849196154 1.0758513931888547 15.200000241398813 206.50000000000003 199.50000000000003 1.258513931888545 111.65133048040369 4.3544891640866874
decision_type=2 2 2 2 2 2 10 2 2 2 2 2 2 2 2 2 2 8 2 2 2 2 2 2 2 2 2 2 2 2
left_child=2 -2 14 5 11 -4 7 9 -8 -7 -11 -5 -13 -6 15 24 -16 -17 19 -19 22 -22 23 -18 -1 26 27 -24 29 -28
right_child=1 -3 3 4 13 6 8 -9 -10 10 -12 12 -14 -15 16 17 20 18 -20 -21 21 -23 25 -25 -26 -27 28 -29 -30 -31
leaf_value=0.0015959512987975492 0.0063299267516618565 0.043247984530527667 0.066320413592672128 0.0078019824217443303 -8.2826400725154214e-05 0.0014292673381223683 -0.0035135486862361005 0.049187208170183724 0.046254490762077695 -0.0067869740772595099 0.10208578561266127 0.01920476117817848 -0.030589357430308935 0.030213812120936559 0.006380606557498095 0.0007993256244582834 0.0115587878461478 -0.025801105851682073 0.0085776732103327313 0.00064070071175114773 -0.03887975427261478 -0.0076695551328610605 0.017618378367173598 -0.0019361193207186427 0.009640706468108811 -0.013583924500271891 0.029791059343191567 -0.012654077371408147 -0.019544126752102126 -0.019253445952563477
leaf_weight=27877.398995865136 1370.0552635518834 357.15364373102784 110.73298648931086 432.97679060650989 630.06179579440504 5047.5605904902332 291.11405999585986 226.44059667736292 493.11864926666021 73.504446739330888 83.755774799734354 153.03070244379342 1251.7367189940996 756.54377653449774 5955.9314615912735 3531.3041022685356 2179.5633031465113 2820.1763347596861 777.28087681345642 842.22146615944803 663.74272774159908 1983.7004024647176 580.47284922655672 33502.424115450121 7223.1572383567691 5200.6626142710447 803.92681501246989 2724.2208923054859 235.10067973379046 160.11766583845019
leaf_count=152852 10047 46617 574 2708 5414 26546 1542 953 2355 402 401 786 7701 4987 39171 25657 13391 19336 7543 5038 8592 19104 4141 233113 80907 44761 6160 28309 2289 2216
internal_value=7.83351e-06 0.0139845 -0.00021873 0.00488383 -0.00283392 0.00881723 0.00778227 0.0048874 0.0277992 0.00295101 0.0514766 -0.0173904 -0.0251551 0.0164571 -0.000720852 0.00119307 -0.00224772 -0.00787131 -0.0147665 -0.0197219 -0.00331769 -0.015506 -0.00260641 -0.00111151 0.00325167 -0.00810225 -0.00177085 -0.00733297 0.013551 0.0216338
internal_weight=108339 1727.21 106612 9550.58 3224.35 6326.23 6215.49 5431.26 784.233 5204.82 157.26 1837.74 1404.77 1386.61 97061.4 43071.5 53989.9 7970.98 4439.68 3662.4 48033.9 2647.44 45386.5 35682 35100.6 9704.5 4503.84 3304.69 1199.15 964.044
internal_count=803613 56664 746949 54369 21596 32773 32199 28302 3897 27349 803 11195 8487 10401 692580 291333 401247 57574 31917 24374 362076 27696 334380 246504 233759 87876 43115 32450 10665 8376
is_linear=0
shrinkage=0.05


Tree=111
num_leaves=31
num_cat=0
split_feature=1 17 12 21 14 24 14 25 14 21 17 12 18 24 22 13 22 12 14 22 9 25 4 21 17 14 22 14 21 21
split_gain=145.082 124.881 102.261 127.797 106.717 109.715 102.151 217.107 175.886 498.191 243.237 195.373 165.754 161.338 164.071 165.214 159.516 204.686 167.124 200.045 157.414 143.886 125.229 124.792 149.915 138.802 204.484 199.009 121.859 148.28
threshold=72.458122730255141 213.25555419921878 1.0758513931888547 0.38595135500000005 213.50000000000003 3.5000000000000004 262.50000000000006 23.966627821326259 247.50000000000003 -0.71756502999999994 178.78430938720706 12.851393188854491 156.78584289550784 5.5000000000000009 0.12590616500000001 -34.956531882978069 -0.94543605999999991 9.5773993808049553 254.50000000000003 0.021143936550000002 16.500000000000004 21.276421880722051 49.63049931451679 -0.62958570999999985 176.87500000000003 240.50000000000003 0.89314475500000012 178.50000000000003 0.48634322000000002 0.98067301500000015
decision_type=2 2 2 2 2 8 2 2 2 2 2 2 2 10 2 2 2 2 2 2 2 2 2 2 2 2 2 2 2 2
left_child=1 2 3 -1 -5 -6 8 28 12 10 -10 21 -4 -14 15 -15 -12 18 19 -18 23 -11 -20 25 -25 26 -16 -28 -8 -30
right_child=-2 -3 6 4 5 -7 7 -9 9 11 16 -13 13 14 20 -17 17 -19 22 -21 -22 -23 -24 24 -26 -27 27 -29 29 -31
leaf_value=0.00050560543137472447 0.020489571177801577 -0.013818983002372437 0.013383297868021466 0.023085865870576146 -0.021735561433397783 0.01032235510290045 0.016341119820205335 -0.0028530126692317302 -0.0079061647393593951 -0.023687359440304683 0.055642968477261939 0.048199005307085464 0.00035978784954911034 0.016902387119503516 -0.0071424279212085181 -0.048877079570928961 0.039726625534616242 -0.039663529110674244 0.063649888280475048 -0.018068449959520949 -0.015059418966681296 -0.0092557775005833367 0.021264091128443009 0.0078104461848271557 -0.016614568833561487 0.042623881532889263 0.040749041375720524 -0.0090655484611943688 -0.013007480660580202 0.013331133830391868
leaf_weight=5744.2418948849663 853.03863749792799 1656.3481780644506 2204.3185796616599 1436.6293086940423 316.85493613639846 1664.6205087597482 3650.4932290809229 5879.6104526394047 979.65025112451985 2239.1983885029331 309.50144675932825 133.16905164718628 61494.121094708331 123.56073549948633 1555.4947950700298 412.38407883280888 238.78071626648307 146.72779746726155 297.01444425433874 397.66033241339028 2684.2596275415272 7555.0130278486758 423.53555582277477 982.87963281059638 1737.7081333957613 252.35240062233061 563.63710241531953 310.39796337066218 979.85754556115717 1172.8977820994332
leaf_count=37352 55229 14803 26623 9975 2382 13298 18862 32394 5883 14728 1528 764 415608 1250 13146 3542 1172 835 1604 2884 32723 50752 2411 7986 16260 1607 3790 2918 5627 6632
internal_value=-3.71675e-05 -0.000200176 1.29867e-05 0.00506126 0.0127148 0.00518764 -0.000465266 0.00391848 -0.00106754 -0.00648924 0.0121634 -0.0117375 -0.000113861 -0.000538367 -0.00694301 -0.0337086 0.0230051 0.0162549 0.022326 0.00364348 -0.00516519 -0.0125573 0.0387997 -0.000247287 -0.0077908 0.00740515 0.00373099 0.0230681 0.0107784 0.00134226
internal_weight=108396 107543 105887 9162.35 3418.1 1981.48 96724.2 11682.9 85041.4 12720.3 2792.87 9927.38 72321.1 70116.8 8622.67 535.945 1813.22 1503.72 1356.99 636.441 8086.73 9794.21 720.55 5402.47 2720.59 2681.88 2429.53 874.035 5803.25 2152.76
internal_count=804568 749339 734536 63007 25655 15680 671529 63515 608014 82561 16317 66244 525453 498830 83222 4792 10434 8906 8071 4056 78430 65480 4015 45707 24246 21461 19854 6708 31121 12259
is_linear=0
shrinkage=0.05


Tree=112
num_leaves=31
num_cat=0
split_feature=20 10 16 11 18 23 23 21 3 9 21 22 21 24 22 22 22 23 4 22 21 24 4 22 22 11 20 22 21 4
split_gain=130.209 170.003 156.258 146.344 182.363 188.073 156.343 137.109 136.609 151.769 335.799 153.003 128.705 127.155 119.643 215.337 173.027 143.35 262.604 190.497 170.464 117.546 117.125 114.183 102.273 104.735 98.9517 131.691 144.544 127.421
threshold=0.98529052734375011 34.694219493865972 0.42647059261798864 31.816619188781406 170.00141906738284 1.3568360000000002 1.6003815000000003 1.5744800000000003 111.12837830185892 45.500000000000007 -1.6487905499999997 -0.11682939999999999 1.0861206000000003 5.5000000000000009 -0.36151543499999994 -0.35569745499999994 -0.64515053999999983 1.3903600500000002 53.493124946951873 0.22874807000000005 -2.1536850999999992 1.5000000000000002 24.160131096839908 -1.0464816999999997 0.74209228000000016 18.435597973895888 66.725708007812514 1.2243577000000003 -0.033147301549999994 45.207011856138713
decision_type=2 8 2 2 2 2 2 2 2 2 2 2 2 10 2 2 2 2 2 2 2 8 2 2 2 2 2 2 2 2
left_child=3 8 -3 7 6 -6 -5 14 9 13 11 -11 23 -2 16 -16 -1 21 20 -20 -19 22 -17 -12 -22 -26 -15 28 29 -28
right_child=1 2 -4 4 5 -7 -8 -9 -10 10 12 -13 -14 26 15 17 -18 18 19 -21 24 -23 -24 -25 25 -27 27 -29 -30 -31
leaf_value=0.0016877627685203669 0.0027878995611646321 0.034421817311771345 0.0067189455441276514 0.013874611454555059 -0.019058879212406142 -0.002295306477724753 -0.02196513938413577 -0.046589785535906959 -0.0052921808048780987 0.060779140821591852 0.0090962944612929496 0.0027767136834040409 -0.026681659998163187 -0.0087537337201152154 0.10308810871824801 0.13564069853354915 -0.017313691417798517 0.030695498276073475 -0.048094361396146562 0.077713339602085263 -0.032101385804391806 0.011697439344867763 0.016323174610433411 -0.0067578462928377702 -0.017576213629737544 0.024118587101157447 0.034068638307003921 0.018169371062754677 -0.030133563999619861 -0.003483035116513997
leaf_weight=4262.0881860507652 56741.77070869226 602.63954710983671 3252.8154495893978 1359.0090708048083 4091.1930721160024 2830.8859672769904 391.0407831822522 152.96192651195452 9605.7089823344722 276.57233268022537 1305.2700701653957 192.7471902705729 711.70353448018432 4564.7492128293961 56.897634154185653 37.812611378729343 1665.4340062052943 206.38514937087893 37.212670173496008 144.35610420349985 659.28582134842873 2396.9530345066451 44.421173922717571 8700.3993868399411 486.23431691341102 217.03301753662527 266.85962472110987 962.37757789436728 425.66057831048965 1441.3772881515324
leaf_count=26655 339208 64600 43586 8752 40182 26597 2289 1549 66968 1311 6380 1110 6179 44832 332 298 10626 1200 388 1277 4616 15641 324 63893 3214 1872 1478 5804 3111 8786
internal_value=-1.36015e-05 0.000788832 0.0110569 -0.00376661 -0.00855911 -0.0122045 0.00585841 0.00024279 0.000324031 0.00103779 -0.00433763 0.0370144 -0.00615174 0.00197154 0.000948626 0.00731118 -0.00365303 0.00599873 -0.00495407 0.0518067 -0.0115517 0.0137312 0.072158 -0.00468892 -0.0179686 -0.00469294 -0.00407444 0.00282472 -0.00410092 0.00239976
internal_weight=108090 89050.7 3855.45 19039.2 8672.13 6922.08 1750.05 10367.1 85195.2 75589.5 11186.7 469.32 10717.4 64402.8 10214.1 4286.59 5927.52 4229.69 1750.51 181.569 1568.94 2479.19 82.2338 10005.7 1362.55 703.267 7661.02 3096.28 2133.9 1708.24
internal_count=803058 657246 108186 145812 77820 66779 11041 67992 549060 482092 78873 2421 76452 403219 66443 29162 37281 28830 12567 1665 10902 16263 622 70273 9702 5086 64011 19179 13375 10264
is_linear=0
shrinkage=0.05


Tree=113
num_leaves=31
num_cat=0
split_feature=18 14 20 14 21 18 13 22 14 21 22 14 21 3 21 22 25 25 22 21 21 21 14 14 21 22 13 4 21 4
split_gain=126.497 120.225 115.181 168.464 326.548 241.218 170.685 181.339 248.488 336.106 232.275 184.994 283.52 173.083 285.5 163.11 154.81 154.705 189.895 149.594 148.492 146.041 255.816 236.875 144.146 136.847 136.725 134.428 126.88 140.652
threshold=155.11765289306643 234.50000000000003 6.2876815795898446 206.50000000000003 0.26034356500000005 169.10294342041018 -34.579891838479334 -0.15288999499999997 248.50000000000003 -0.71756502999999994 -0.7116301049999999 260.50000000000006 0.86721292000000016 28.79827976226807 -0.06070800124999999 2.1169150000000005 24.145000123977663 21.640113502740864 0.83071401500000019 -1.6777381999999998 1.6484033000000002 -0.54046523499999999 239.50000000000003 231.50000000000003 -0.72949796999999983 1.7426737500000002 -8.7928688629492857 107.02760487049819 -0.67567974499999994 33.333848420530565
decision_type=2 2 2 2 2 2 2 2 2 2 2 2 2 2 2 2 2 2 2 2 2 2 2 2 2 2 2 2 2 2
left_child=1 -1 -2 4 16 25 -5 8 13 10 27 26 -13 -8 -15 19 28 -7 -19 -9 -14 22 23 -21 -24 -6 -11 -10 -4 -30
right_child=2 -3 3 6 5 17 7 15 9 11 -12 12 20 14 -16 -17 -18 18 -20 21 -22 -23 24 -25 -26 -27 -28 -29 29 -31
leaf_value=0.03223362988932485 -0.0031257762611710625 0.0031821866011984981 -0.010379152086877196 -0.0053296942604153172 0.029961345585652784 0.022091083628788807 0.015445169666840923 0.020699588002360464 0.041582975981166885 -0.021330569074383625 -0.003037675822226481 -0.0058135251617674917 0.035813023192428739 -0.0025517364403594175 0.014970697982136769 0.056618712587070942 0.0061907056611772045 0.0062612637330677727 -0.028685348996357399 -0.011079995357107464 -0.01941606306811159 -0.00088606023450276945 0.0043037035514156821 -0.044838557940174648 -0.01887894530852879 -0.028659192487122703 -0.0037347703298508347 0.007561681862285609 -0.020047715923494438 0.0061766989892194238
leaf_weight=587.55425946391188 23243.440608257893 902.38847987772897 4003.5868486184627 13936.904574040789 2158.7739376893733 1198.443617599085 5117.9895918369293 667.46698867529631 808.3768973685801 2493.4856821261346 983.08490912104025 3074.73702228209 722.21155221760273 6111.4356251617428 3750.4846791867167 115.87224840908311 6751.1858466039412 2477.7663093772717 460.02546613197774 1436.4470100789331 145.66294651757926 16235.922428785358 2591.3893645824865 813.98625574540347 903.48180502280593 103.60648474912159 1981.4647104460746 453.59655942814425 601.18229715153575 3387.1151353996247
leaf_count=20190 178741 9596 26035 103067 24063 8457 24608 3794 3982 14284 4976 17167 4040 40077 28347 801 59068 18329 4647 11789 771 121534 16582 6914 6004 1095 14855 2918 4766 22351
internal_value=0.000189162 0.0146525 -1.28812e-05 0.000853814 0.00471066 0.0141422 -0.000454147 0.000949655 0.00383302 -0.00200087 0.0151841 -0.00658556 0.00131146 0.00798541 0.00411288 -0.00229826 0.000616625 0.00695937 0.000781115 -0.00260217 0.0265318 -0.00331065 -0.0101611 -0.023305 -0.00169308 0.0272653 -0.0135419 0.0293702 -0.00409229 0.00221969
internal_weight=108219 1489.94 106729 83485.7 21141.7 6398.62 62344 48407.1 25642.5 10662.6 2245.06 8417.56 3942.61 14979.9 9861.92 22764.6 14743.1 4136.24 2937.79 22648.7 867.874 21981.2 5745.3 2250.43 3494.87 2262.38 4474.95 1261.97 7991.88 3988.3
internal_count=803848 29786 774062 595321 168811 56591 426510 323443 156025 62993 11876 51117 21978 93032 68424 167418 112220 31433 22976 166617 4811 162823 41289 18703 22586 25158 29139 6900 53152 27117
is_linear=0
shrinkage=0.05


Tree=114
num_leaves=31
num_cat=0
split_feature=12 10 17 0 1 17 0 0 20 17 11 19 11 25 12 4 12 6 12 22 22 11 22 11 25 12 20 20 17 11
split_gain=125.731 110.009 91.0104 79.7968 104.654 150.059 121.181 116.706 113.702 151.537 199.335 124.539 93.7302 119.058 93.7132 91.9228 91.5246 88.707 84.7183 84.0867 83.1132 132.557 94.8419 83.0565 81.1407 83.8207 84.679 80.1434 79.4358 74.8822
threshold=0.41950464396284837 121.95347533226014 211.72380828857425 0.11947119235992433 36.447374820709236 162.86765289306643 36.216108322143562 25.719218254089359 61.02986145019532 179.38796234130862 21.510219842207047 0.48529411852359777 46.940019882973239 21.667294847965245 3.6207430340557281 136.11850598454478 11.018575851393191 1.0000000180025095e-35 1.9922600619195048 0.77527007500000011 -0.5146114249999999 68.884798549692349 -0.76988989499999982 33.014739663412236 21.65932177305222 2.9613003095975237 92.901397705078139 -0.96871948242187489 194.28728485107425 49.240419371982021
decision_type=2 10 2 2 2 2 2 2 2 2 2 2 2 2 2 2 2 2 2 2 2 2 2 2 2 2 2 2 2 2
left_child=-1 2 3 24 7 -6 17 8 11 14 -11 16 -13 28 15 -10 27 -7 20 -15 22 -22 -12 -20 25 -2 -27 -5 -14 -29
right_child=1 -3 -4 4 5 6 -8 -9 9 10 18 12 13 19 -16 -17 -18 -19 23 -21 21 -23 -24 -25 -26 26 -28 29 -30 -31
leaf_value=0.017957662429973258 0.00085681670200729923 0.032212505870450818 -0.010999493147870194 -0.0012062900527191735 0.039469018481703394 0.019972343237235662 -0.0099084419119570884 -0.019317958345575644 -0.0097250963495172701 0.016842423478868877 0.0059299689555289241 0.0034337913245352843 0.0072459258067138731 -0.0058112698093703329 -0.012363176283781953 0.0035641471405029055 -0.022394501131914862 -0.001045649731686576 0.0019972107117478288 -0.024362574131242289 0.022942386311279858 -0.0092778696682428458 -0.020314130250230249 -0.011727760858076506 -0.00032330397176476674 -0.0097923786869713089 0.0065547093422552664 0.011205242961810032 -0.011514707265838529 0.0037976561573285481
leaf_weight=968.01482831034809 3980.0555509310216 261.20845483336598 1919.5766508206725 3014.9386925259605 376.04964600456879 1375.2279496761039 855.82013881579041 718.65187122998759 2324.3997814133763 1880.3867730051279 988.60902657732368 9073.3837000876665 2881.3298380635679 5356.3373322337866 4102.5614456259646 2953.7611239375547 284.13672417961061 790.14239496830851 1958.1249114014208 688.66748379170895 1068.8255185242742 454.32066714949906 526.92182462103665 2520.1888678260148 34258.841512272134 7226.948125699535 889.01720342040062 7412.1975615504198 700.63159197941422 6323.1822085366584
leaf_count=9779 23373 36155 17159 16065 33641 28681 8600 4286 12040 9188 5770 52129 18711 36544 23939 19471 1655 5306 10144 6208 5801 2948 2886 14638 247313 57129 4884 42645 5335 41753
internal_value=2.80321e-05 -0.000134092 -0.000213429 -1.61077e-05 0.00120961 0.00972599 0.00601203 0.00068561 0.000949669 -0.00220035 0.00228721 0.00260497 -0.000212252 -0.00364864 -0.00669563 -0.00228891 0.00569754 0.0123059 -0.00135556 -0.00792838 0.00508739 0.013332 -0.00320199 -0.00572747 -0.00156637 -0.0050867 -0.00800114 0.00617537 0.00357416 0.00779563
internal_weight=108132 107164 106903 104984 58628.8 3397.24 3021.19 55231.6 54512.9 18778.1 9397.38 35734.8 18700.3 9626.97 9380.72 5278.16 17034.5 2165.37 7516.99 6045 3038.68 1523.15 1515.53 4478.31 46354.9 12096 8115.97 16750.3 3581.96 13735.4
internal_count=804176 794397 758242 741083 408384 76228 42587 332156 327870 106825 51375 221045 118927 66798 55450 31511 102118 33987 42187 42752 17405 8749 8656 24782 332699 85386 62013 100463 24046 84398
is_linear=0
shrinkage=0.05


Tree=115
num_leaves=31
num_cat=0
split_feature=15 12 21 11 14 24 14 25 20 14 20 24 12 14 19 14 1 9 11 19 5 11 14 14 11 11 14 14 20 11
split_gain=117.879 98.7439 162.372 125.326 162.66 186.335 284.467 155.197 216.409 212.632 129.572 129.066 138.059 128.199 168.966 128.809 124.288 117.833 115.439 137.413 134.404 145.345 130.89 146.739 118.894 114.103 203.757 182.176 158.881 167.732
threshold=31.400850296020511 3.5959752321981431 1.6484033000000002 50.76485803746403 221.50000000000003 4.5000000000000009 241.50000000000003 21.65932177305222 95.507575988769545 266.50000000000006 0.50757598876953136 4.5000000000000009 7.7383900928792579 250.50000000000003 0.39705882966518408 244.50000000000003 1.8276613354682925 6.5000000000000009 67.867619931397982 0.48529411852359777 7.5000000000000009 53.79989594552125 206.50000000000003 266.50000000000006 21.510219842207047 15.017229010400021 163.50000000000003 160.50000000000003 15.344291687011721 9.0522675820548493
decision_type=2 2 2 2 2 10 2 2 2 2 2 10 2 2 2 2 2 2 2 2 2 2 2 2 2 2 2 2 2 2
left_child=1 18 3 7 10 -6 -7 9 11 -3 -5 12 17 14 15 -13 -8 -9 20 -20 -1 24 -21 -24 -22 26 -19 -27 29 -28
right_child=-2 2 -4 4 5 6 16 8 -10 -11 -12 13 -14 -15 -16 -17 -18 25 19 22 21 -23 23 -25 -26 27 28 -29 -30 -31
leaf_value=-2.0354019300330596e-05 0.019268664341309836 -0.0077422670050590128 -0.0304897017780578 -0.023059341321615971 -0.033437957866250673 -0.020861743464740741 0.13813034314786243 -0.00056166959066260378 -0.011012458280452858 0.016847624405490518 -0.001613613609044556 0.0066929939381035258 -0.0028865908162172891 0.0065048756462434479 -0.019650754236086868 -0.049047677595265599 0.025204071336190861 -0.020258554240118718 0.0037050448577781942 0.00080108108262070806 0.03264574834678656 0.011814252299485942 -0.014772230672950483 0.021739091584671157 0.0018384049742039583 0.06056843913562443 -0.039023182953778213 0.0064005835932637554 0.021263136377914289 0.0858400470442785
leaf_weight=25113.676541312132 782.29937664116733 9859.5900837075897 488.04899783595465 793.98500721994787 1025.9016051311046 224.79103392595425 47.437565449625254 4256.1678391764872 3138.0614770918619 964.24719233065844 6177.4922200283036 1413.7853799997829 4874.6148078611586 1839.2019578968175 1931.3590804897249 110.83842293825001 50.133535703644156 255.76993328519166 4698.0240536062047 3109.8983670109883 319.84125957963988 6225.6308674213942 4339.5992057891563 292.94860649108887 13124.636300319573 156.46697947382927 30.891665294766426 10965.557837318629 1276.8564685210586 183.38189363852143
leaf_count=151493 37172 67182 4911 11907 10417 2988 594 30199 19016 4912 60240 11772 33089 12034 24191 898 543 1748 48492 26428 1555 47200 35694 2413 81358 1174 199 67185 6298 1289
internal_value=-5.74684e-05 -0.000198564 -0.00182025 -0.00153741 -0.00713518 -0.0230262 0.0101096 -0.000408435 0.00142046 -0.00555031 -0.00405904 0.0028502 0.004537 -0.00415739 -0.00983186 0.00261122 0.0809514 0.00665015 0.00122023 -0.00304048 0.00240386 0.00549879 -0.00713353 -0.0124592 0.00257368 0.00903519 0.0209121 0.00716801 0.0279829 0.067741
internal_weight=108071 107289 50064.6 49576.5 8319.74 1348.26 322.362 41256.8 30433 10823.8 6971.48 27294.9 21999.7 5295.18 3455.98 1524.62 97.5711 17125.1 57224.3 12440.5 44783.8 19670.1 7742.45 4632.55 13444.5 12868.9 1746.9 11122 1491.13 214.274
internal_count=804591 767419 372786 367875 86689 14542 4125 281186 209092 72094 72147 190076 141181 48895 36861 12670 1137 108092 394633 113027 281606 130113 64535 38107 82913 77893 9534 68359 7786 1488
is_linear=0
shrinkage=0.05


Tree=116
num_leaves=31
num_cat=0
split_feature=15 17 22 11 0 0 10 5 14 17 11 0 22 14 11 5 9 25 23 14 14 11 11 25 14 22 9 22 14 11
split_gain=106.613 98.3742 78.7033 77.6931 67.9618 61.8407 101.61 83.743 82.2573 132.964 230.867 116.674 112.694 124.204 127.902 184.767 102.602 112.353 100.313 132.233 99.2038 91.6013 75.906 66.594 134.268 110.534 69.9172 116.22 150.773 76.9085
threshold=28.357535362243656 217.55000305175784 2.7106600000000003 5.147613305886833 8.8846516609191912 0.11947119235992433 40.858126616477968 14.500000000000002 233.50000000000003 178.78430938720706 26.681275045320444 18.906599044799808 -0.89578321499999991 267.50000000000006 49.851090743157435 12.500000000000002 82.500000000000014 20.997501736879354 1.2163054000000002 237.50000000000003 261.50000000000006 39.506411314737228 94.320466111330532 21.65932177305222 262.50000000000006 0.48771763000000007 12.500000000000002 0.21535670000000004 250.50000000000003 38.922266629043015
decision_type=2 2 2 2 2 2 10 2 2 2 2 2 2 2 2 2 2 2 2 2 2 2 2 2 2 2 2 2 2 2
left_child=1 2 5 -2 -5 22 8 -8 11 12 18 -7 -10 14 -14 -16 17 20 19 -11 -12 -15 23 24 -1 -26 -25 -28 29 -29
right_child=3 -3 -4 4 -6 6 7 -9 9 10 16 -13 13 21 15 -17 -18 -19 -20 -21 -22 -23 -24 26 25 -27 27 28 -30 -31
leaf_value=-0.0063654552941693511 -0.053328075818347587 -0.015130712203528613 -0.035604895076214303 0.010985822474011959 0.040823590320764096 0.002861063920961263 0.0059809211130001675 0.028604296814049024 0.0052075482323883909 0.066557060580884161 -0.01953786893857485 -0.0095235218866269542 -0.018138382044524219 0.015833395075433181 -0.020625250370613794 0.015658125812564216 -0.025846733262704254 0.0014670816353164282 0.023382308368154203 0.0030395800307300215 0.0074940196113730834 -0.015708393738111694 -0.013952520883831716 -0.0019830885514114114 0.015987442472275546 -0.012735498175914182 0.0051409499212982544 -0.003418957251985745 0.0076997726172236443 -0.020179715942254164
leaf_weight=10076.246698023751 37.793802523985505 1073.7184690628201 153.34625967685133 725.54869816405699 258.56147893611342 35148.577082566917 1533.1426867633127 557.28827599366195 1524.7856300664134 84.504221400246024 1332.0185327399522 2009.5497981444933 3669.0472142519429 712.58989940490574 630.37830082327127 788.76325652049854 456.58154515177011 6624.1131982877851 1312.3138818237931 1969.0583718474954 454.73211935907602 338.85416884953156 1143.792894249782 17405.002236116678 1304.3839799053967 449.7195838354528 11876.438195662573 1411.7581487540156 1616.8921550139785 1328.3816995844245
leaf_count=73812 186 9852 2269 8486 34752 218379 26962 34295 9364 407 7981 15546 22224 3750 3740 6659 2523 39800 6522 10170 2577 2479 12552 109985 6507 2748 81854 17344 10472 20333
internal_value=7.40841e-05 -7.95184e-05 7.32092e-05 0.0161395 0.0188588 0.000125277 0.00119861 0.0120229 0.000801819 -0.00179249 0.00144274 0.00219105 -0.00695582 -0.00997696 -0.0132093 -0.000462012 -0.00278927 -0.00153468 0.0125895 0.00568445 -0.0126578 0.005663 -0.00123666 -0.000916482 -0.00414295 0.00862035 0.000218326 0.00257859 -0.0044055 -0.0115487
internal_weight=108008 106986 105912 1021.9 984.11 105759 59146.3 2090.43 57055.9 19897.7 12233.3 37158.1 7664.42 6139.63 5088.19 1419.14 8867.45 8410.86 3365.88 2053.56 1786.75 1051.44 46612.6 45468.8 11830.4 1754.1 33638.5 16233.5 4357.03 2740.14
internal_count=804530 761106 751254 43424 43238 748985 413378 61257 352121 118196 69980 233925 48216 38852 32623 10399 52881 50358 17099 10577 10558 6229 335607 323055 83067 9255 239988 130003 48149 37677
is_linear=0
shrinkage=0.05


Tree=117
num_leaves=31
num_cat=0
split_feature=18 5 11 21 21 23 21 9 21 23 19 21 16 18 22 21 21 11 9 23 22 21 21 23 9 18 16 9 23 23
split_gain=114.746 81.9769 164.033 166.751 128.848 121.084 116.253 114.078 111.168 109.864 101.359 157.421 192.513 146.591 141.637 165.385 133.271 129.658 126.429 94.3844 116.804 99.4314 204.628 170.399 244.587 129.278 102.997 94.157 115.589 93.6003
threshold=155.41176605224612 4.5000000000000009 47.770250197269327 -0.42715842999999992 1.6484033000000002 0.87074590000000007 -1.9199379999999999 36.500000000000007 -2.1536850999999992 0.40623313500000008 0.57352942228317272 0.050545455900000008 0.39705882966518408 169.52228546142581 0.34739525500000007 0.3317518550000001 -1.6777381999999998 20.631915132800589 11.500000000000002 2.6245776500000004 -1.4317225999999998 -0.81418859999999993 -1.1594290499999997 1.6330332500000002 51.500000000000007 174.09375000000003 0.57352942228317272 8.5000000000000018 1.7272303000000002 2.0888086500000003
decision_type=2 2 2 2 2 2 2 2 2 2 2 2 2 2 2 2 2 2 2 2 2 2 2 2 2 2 2 2 2 2
left_child=-1 2 4 5 8 -4 7 -3 -2 -10 11 13 17 -8 -14 -16 -12 -13 -18 20 -11 22 23 -22 27 -23 -24 28 -25 -20
right_child=1 6 3 -5 -6 -7 10 -9 9 19 16 12 14 -15 15 -17 18 -19 29 -21 21 25 26 24 -26 -27 -28 -29 -30 -31
leaf_value=0.012654698513578 0.023458538896597044 -0.018241919614132532 0.025094369009581126 -0.015196056932215721 -0.036889412896114963 -0.0040251131195494739 -0.0034817715860949242 0.036894677223560886 0.010789284420421675 0.01033514793612101 0.024299136522859106 -0.014485061477601775 0.0068835662734163666 0.0037777103958142547 0.014641118284171906 -0.0064061890326747141 -0.0059228376594644815 0.027405913240159136 0.0023587539055407391 -0.032679742158852339 -0.016980401864466709 0.00063710472088435903 -0.024549106899005638 0.013949235107085742 0.043946707116085698 -0.009297533515222842 0.016310523844191179 0.0079156261161410311 -0.023240518192234154 -0.022395032465909792
leaf_weight=1749.1129865760449 487.6936078062281 1223.2953306597192 433.38950653932989 4317.866417536512 239.99370020185597 2002.6951421895064 15615.080892202677 100.67352691292763 1936.0008652955294 1967.244652482681 478.86210353299975 211.72264511161484 13690.712551287375 12535.73982905969 1156.0243800347671 4827.3001018720679 11854.683914148249 1417.8541672232095 10809.656171130016 241.05257248133421 1617.6246468881145 5844.3486429038458 164.01053950143978 287.44440628774464 329.13459555804729 7446.155813459307 2386.7620739936829 1102.2828939668834 758.57730614300817 394.87400756031275
leaf_count=34879 2851 8172 4126 44916 2321 18570 115848 490 12045 10687 3006 1515 88431 78041 8706 37384 85487 32167 73454 2038 10774 34346 837 1689 1619 57156 15405 8091 4836 3258
internal_value=-4.36172e-05 -0.00025351 -0.00238833 -0.00929601 -0.000507447 0.00116353 0.000653169 -0.0140247 -0.000150566 -0.000629664 0.000919591 0.002205 0.00544768 -0.000249059 0.00407913 -0.00233792 -0.00178108 0.0219577 -0.00232371 -0.00162841 -0.00128521 -0.00243232 0.00256092 -0.0043634 0.00387829 -0.00492917 0.0136747 -0.00227805 -0.0130173 0.00148445
internal_weight=107628 105879 31562.3 6753.95 24808.3 2436.08 74316.5 1323.97 24568.3 24080.6 72992.5 49454.4 21303.6 28150.8 19674 5983.32 23538.1 1629.58 23059.2 22144.6 21903.6 19936.3 6645.84 4095.06 2477.44 13290.5 2550.77 2148.3 1046.02 11204.5
internal_count=803145 768266 232307 67612 164695 22696 535959 8662 162374 159523 527297 362092 168203 193889 134521 46090 165205 33682 162199 147478 145440 134753 43251 27009 16235 91502 16242 14616 6525 76712
is_linear=0
shrinkage=0.05


Tree=118
num_leaves=31
num_cat=0
split_feature=12 22 23 22 22 21 14 21 21 14 21 20 14 5 14 14 21 13 12 4 23 14 14 22 12 20 21 12 12 4
split_gain=101.531 136.741 130.105 144.759 157.086 156.243 138.271 134.814 265.701 147.426 199.186 120.081 119.555 149.824 146.64 354.407 224.458 261.679 173.453 215.797 134.807 124.201 232.422 108.648 118.258 108.554 107.533 106.513 155.799 148.599
threshold=6.6919504643962862 -1.5525849499999997 2.4041249500000004 1.2982029000000002 0.72205493000000009 -0.70725798499999992 256.50000000000006 0.26034356500000005 0.90184903000000005 222.50000000000003 1.0291663500000003 83.16397857666017 177.50000000000003 12.500000000000002 211.50000000000003 217.50000000000003 -0.64732500999999987 -15.395231913786739 11.931888544891644 128.96987589448693 1.9593707000000002 232.50000000000003 241.50000000000003 -0.5315448049999999 10.439628482972138 -11.365150451660154 -0.38558338499999995 8.0216718266253881 8.4334365325077432 64.929087564349189
decision_type=2 2 2 2 2 2 2 2 2 2 2 2 2 2 2 2 2 2 2 2 2 2 2 2 2 2 2 2 2 2
left_child=25 -2 3 4 7 6 -6 12 -9 10 -10 -8 13 26 -14 16 17 -16 20 -20 21 -17 -23 -11 -25 -1 -3 -5 -29 -30
right_child=1 2 -4 27 5 -7 11 8 9 23 -12 -13 14 -15 15 18 -18 -19 19 -21 -22 22 -24 24 -26 -27 -28 28 29 -31
leaf_value=-0.0046379758555747256 0.030191105973480421 0.025622568154064929 -0.029190717509330194 -0.026511272381437263 -0.0097176295312077013 -0.027092307359779601 0.11720961552561059 0.019216707090590278 -0.033723959116898398 0.026480283536598755 0.04541956018394766 0.014695416151055997 -0.015161101124236191 0.077614973884752303 0.16969555662785998 0.0048925491539876702 -0.0060516900855896779 0.044601917156138315 0.050007179878937214 -0.044389987681918874 0.051365192598089984 -0.045232438513023374 -0.0085612211669583681 -0.041764948334783447 0.041588116530276102 0.0011075152800565917 -0.013107628841695931 0.11713438074414151 -0.0029901945554959451 0.032570326669250679
leaf_weight=9133.3479536958039 290.41087518120185 344.63004452642053 510.13981373445131 158.35366054275073 373.40214694128372 1389.0369810725097 43.25493211299181 1658.2288793704938 131.94114382169209 81.277872011065483 196.95027935900725 81.552112689241767 3606.7209038729779 79.217555175768211 56.576019883155823 1134.1113380116876 124.12136298650876 156.97420774120837 266.45044166222215 77.412986139766872 92.335906034335494 511.41270192340016 2761.3602370186709 525.12348555168137 45.506198301911354 82234.038103487343 371.31490125367418 36.642350065754727 623.33513470366597 554.40145544195548
leaf_count=68997 1347 3334 5071 1923 4585 14406 287 12979 1210 398 1920 499 30898 948 320 8591 975 831 1192 392 397 4228 17168 4303 200 601720 3469 391 5848 4775
internal_value=-0.0001151 -0.00375247 -0.00437074 -0.00355106 -0.00505935 -0.0184814 0.00553263 -0.00298541 0.00701953 -0.0136007 0.0136636 0.0508735 -0.00574118 0.0128138 -0.00742145 -0.0020314 0.0474181 0.0783795 -0.00548821 0.0286887 -0.00810606 -0.00936351 -0.0143036 -0.0273556 -0.0350566 0.000533135 0.00554542 0.0119436 0.0169757 0.0137628
internal_weight=107650 16282.2 15991.8 15481.6 14108.9 1887.25 498.209 12221.7 2639.03 980.799 328.891 124.807 9582.64 795.163 8787.48 5180.76 337.672 213.55 4843.08 343.863 4499.22 4406.88 3272.77 651.908 570.63 91367.4 715.945 1372.73 1214.38 1177.74
internal_count=803602 132885 131538 126467 113530 19777 5371 93753 21010 8031 3130 786 72743 7751 64992 34094 2126 1151 31968 1584 30384 29987 21396 4901 4503 670717 6803 12937 11014 10623
is_linear=0
shrinkage=0.05


Tree=119
num_leaves=31
num_cat=0
split_feature=10 19 11 9 14 6 14 18 5 11 14 11 18 15 25 14 22 14 11 18 25 14 5 11 22 14 14 14 14 22
split_gain=102.665 88.386 112.724 106.165 85.8887 84.5243 63.9126 170.324 150.064 136.172 130.092 122.991 135.06 116.263 99.9723 221.876 98.2637 127.531 119.446 157.444 163.286 100.457 97.3717 75.0077 126.707 242.136 113.723 159.378 107.659 91.5672
threshold=93.063600182533278 0.60294118523597728 21.510219842207047 80.500000000000014 261.50000000000006 1.5000000000000002 233.50000000000003 169.52228546142581 3.5000000000000004 11.857232115548266 271.50000000000006 5.147613305886833 156.69117736816409 15.478336334228517 21.276421880722051 262.50000000000006 -0.75141000499999988 263.50000000000006 46.607583067169415 163.92513275146487 25.28031854629517 252.50000000000003 12.500000000000002 23.372189530774076 -0.13172641999999998 177.50000000000003 212.50000000000003 220.50000000000003 181.50000000000003 1.6775100000000001
decision_type=10 2 2 2 2 2 2 2 2 2 2 2 2 2 2 2 2 2 2 2 2 2 2 2 2 2 2 2 2 2
left_child=1 3 -3 6 -4 -2 8 16 13 10 -9 -10 -13 -1 15 -11 21 18 19 -18 -21 -8 -20 24 26 -26 -14 -28 29 -25
right_child=5 2 4 -5 -6 -7 7 9 11 14 -12 12 23 -15 -16 -17 17 -19 22 20 -22 -23 -24 28 25 -27 27 -29 -30 -31
leaf_value=-0.0032889138134627738 0.032436763341900203 0.0038071516715415597 -0.0050935154162851937 -0.013329662598623239 0.0043897296618165358 -0.017571389430026587 0.011138073496346386 0.020481931478912679 -0.035450402482158132 -0.013841984992908261 -0.039164117666701109 0.02275911116958285 -0.0045015624356588421 0.031028843454549572 0.0040088349759818233 0.013314543896602558 -0.023231110035695446 0.00062063931545328771 -0.012674917159765781 -0.016557059963951157 0.011257255801213169 -0.0064797667255326284 0.009425168213504068 -0.00041758107864741929 0.041042472870513547 -0.023617053922504291 0.08593617884426813 0.011903103840227174 0.0057815301279692533 -0.048069626273417543
leaf_weight=12580.388094747439 409.32517622923478 5682.6696590799838 21221.166022669524 1326.3623459413648 2689.502359110862 105.72010162472725 1673.9619862323161 1468.4012748785317 198.64207057561725 2557.2284311335534 96.57134261354804 924.20219525299035 1199.7055876832455 250.74330843822099 8805.6248589893803 1064.4686777275056 2789.4847907999065 3380.8761674840935 933.67688352521509 1304.3710914803669 884.76312907226384 1564.3330243052915 1066.8116051969118 7459.6706508316565 164.26831340463832 1171.227820970118 82.663993161171675 558.54930850816891 23959.07532562525 101.19445410370827
leaf_count=86952 48238 37474 171879 8227 15709 520 11018 8121 1189 16235 554 18097 6755 1628 54330 6015 19449 19991 5717 8550 5274 8933 10237 53541 1234 9880 436 2716 163966 1015
internal_value=-9.04219e-05 -0.000197559 -0.00252232 0.0006894 -0.00402669 0.0221577 0.000933461 -0.000988864 0.00202365 0.00288384 0.0167786 0.00368566 0.00390489 -0.00261592 0.00113286 -0.00585882 -0.0049737 -0.00734985 -0.0112105 -0.0153562 -0.00531559 0.002628 -0.000890661 0.00340203 -0.00392031 -0.0156391 0.00458494 0.0215663 0.00414004 -0.00106163
internal_weight=107676 107161 29593.3 77567.3 23910.7 515.045 76240.9 27590.6 48650.3 13992.3 1564.97 35819.2 35620.6 12831.1 12427.3 3621.7 13598.3 10360 6979.11 4978.62 2189.13 3238.3 2000.49 34696.4 3176.42 1335.5 1840.92 641.213 31519.9 7560.87
internal_count=803880 755122 225062 530060 187588 48758 521833 174424 347409 85255 8675 258829 257640 88580 76580 22250 89169 69218 49227 33273 13824 19951 15954 239543 21021 11114 9907 3152 218522 54556
is_linear=0
shrinkage=0.05


Tree=120
num_leaves=31
num_cat=0
split_feature=18 1 12 21 18 25 21 20 11 23 20 23 23 20 11 24 11 21 21 23 11 23 12 12 12 23 18 12 23 20
split_gain=100.061 167.032 96.5795 136.907 90.5201 84.9953 126.791 202.872 98.5986 187.703 155.03 169.853 218.249 128.305 149.552 170.05 124.551 299.479 132.238 129.688 120.729 120.695 124.82 168.107 122.807 118.865 184.291 172.437 129.153 133.096
threshold=156.78584289550784 31.174995422363285 0.65944272445820451 -0.35631972499999992 195.03845977783206 35.993842467665679 -1.0846349999999998 60.573593139648445 47.770250197269327 0.13422438000000003 5.3230590820312509 1.1008879500000004 0.55684298000000021 28.857505798339847 54.902615672167705 5.5000000000000009 65.211102425164043 0.14982857000000002 0.47868277500000006 0.59889301500000014 59.618031340925135 0.59148773500000007 2.7848297213622297 1.7941176470588238 5.5015479876161004 1.25831 167.13235473632815 1.7647058823529413 0.56494268500000011 47.609481811523445
decision_type=2 2 2 2 2 2 2 2 2 2 2 2 2 2 2 10 2 2 2 2 2 2 2 2 2 2 2 2 2 2
left_child=1 -1 3 -2 5 8 -7 -8 9 -4 -10 12 -12 14 -13 -16 17 21 19 -19 -20 -14 23 -23 -24 27 -27 28 -11 -30
right_child=2 -3 4 -5 -6 6 7 -9 10 25 11 13 16 -15 15 -17 -18 18 20 -21 -22 22 24 -25 -26 26 -28 -29 29 -31
leaf_value=0.0042613263699392912 -0.0058994598241122586 0.038365620107696272 0.029988150921574405 0.016239694177499462 -0.013843173964821313 -0.032729124993282697 0.016066101962820795 -0.01657127543269335 -0.010477485722386498 0.023673280801681018 -0.0066815605247494388 -0.01228414445505057 -0.047696233420347255 -0.0083929487247275652 0.014355103846935261 -0.014416594309933355 0.00040284456298573238 0.093542609203017005 0.022733758306432733 0.031393147055293551 -0.0035314252384547316 -0.0034460143834117319 -0.018410189306413072 0.029104054785254088 0.0095421590556975643 -0.005063763020045158 0.0055921356039902795 -0.0023176984482818084 0.010455212063349928 -0.013482531700268793
leaf_weight=3875.8303181212395 1082.14879541751 394.72003611386754 551.01971319597214 1965.5214681278449 1283.3275860920548 477.69720042333938 769.72512418893166 1244.8139679080341 5036.3084336239845 1067.6933905431069 4692.5419088646304 1279.1070229671896 124.40491858078167 9379.059802031843 2363.8898196672089 655.14042574632913 5297.7951950607821 92.469431676436216 1499.274181373883 858.65815230365843 617.28105665766634 819.9481492487248 993.03029565978795 767.03731811395846 648.99602751247585 5121.786741822958 19514.531435591634 32249.278763531474 1909.8900736561045 833.20698838308454
leaf_count=24724 6975 47297 2992 17463 12033 4184 13133 11548 49951 5617 36286 8458 875 71344 17479 8201 45914 656 10801 5801 4438 4868 7036 4567 5887 28986 128182 203110 10375 4651
internal_value=-7.7199e-05 0.00742177 -0.000387598 0.0083793 -0.000654471 -0.000483135 -0.00959777 -0.00409924 -0.000247328 0.000963806 -0.00235915 -0.000999982 0.00242946 -0.00511489 0.00203853 0.00810884 0.006078 0.0107596 0.0220467 0.0375273 0.0150756 0.000430697 0.00229909 0.0122948 -0.00736319 0.000699824 0.0033767 -0.00112907 0.00892783 0.00318194
internal_weight=107466 4270.55 103196 3047.67 100148 98864.6 2492.24 2014.54 96372.3 61247.4 35124.9 30088.6 16411.4 13677.2 4298.14 3019.03 11718.9 6421.1 3067.68 951.128 2116.56 3353.42 3229.01 1586.99 1642.03 60696.4 24636.3 36060.1 3810.79 2743.1
internal_count=803832 72021 731811 24438 707373 695340 28865 24681 666475 383913 282562 232611 127129 105482 34138 25680 90843 44929 21696 6457 15239 23233 22358 9435 12923 380921 157168 223753 20643 15026
is_linear=0
shrinkage=0.05


Tree=121
num_leaves=31
num_cat=0
split_feature=1 16 20 14 21 22 14 22 5 24 22 9 22 22 9 21 14 22 21 22 21 14 24 13 14 21 13 13 22 22
split_gain=96.1287 87.8281 84.4548 196.391 184.44 119.569 161.117 133.72 115.967 113.756 112.628 130.226 188.49 150.491 122.263 305.717 121.897 185.626 147.796 262.486 209.078 261.304 194.611 164.402 122.332 359.731 121.597 121.482 134.67 115.813
threshold=72.458122730255141 0.48529411852359777 10.092330932617189 197.50000000000003 0.25288889000000009 -0.83013656999999996 182.50000000000003 2.0010872000000002 16.500000000000004 2.5000000000000004 -0.15288999499999997 12.500000000000002 -1.0464816999999997 -1.3625972 40.500000000000007 -1.6978661499999999 262.50000000000006 2.1169150000000005 0.50852495500000006 0.32628046000000005 -0.24765999499999997 269.50000000000006 4.5000000000000009 -18.785201202386023 203.50000000000003 -0.25585415999999994 -63.695709774691615 -104.66164683141159 1.4880200000000003 0.17966253000000001
decision_type=2 2 2 2 2 2 2 2 2 10 2 2 2 2 2 2 2 2 2 2 2 2 10 2 2 2 2 2 2 2
left_child=2 -2 -1 4 8 6 -6 -7 9 -4 11 13 -13 -5 -14 -16 17 24 20 22 29 23 -20 -22 25 -12 -15 -27 -29 -18
right_child=1 -3 3 10 5 7 -8 -9 -10 -11 16 12 14 26 15 -17 18 -19 19 -21 21 -23 -24 -25 -26 27 -28 28 -30 -31
leaf_value=-0.0026999787199360401 0.047987470986109476 0.0081966870913648213 0.0035241988843970704 -0.01254330743642024 0.052511478502474465 0.024769823867317076 -0.017968754306169305 -0.053545148758373184 0.019381313254736066 -0.013750111942880059 -0.027673565555862298 0.01315517017528485 0.0051730954571866904 -0.022800595759305431 0.065475679701548523 -0.0068837967906520761 -0.018482132312438046 0.062268927166473746 0.00086953601991805415 -0.017802910920336409 0.069967810953481355 -0.0063795607288499303 0.043608377529268869 0.025165181752421835 -0.0055330615661588357 -0.037631259843670196 0.0011659590559072298 0.032093078764246157 -0.030353845243377947 0.005996909922204887
leaf_weight=26275.408179544611 178.86065574432723 608.27967087877914 6311.9586134001147 2626.5927707548253 100.15085137006827 2203.8208642562386 407.85185134597123 54.977351760491729 959.16886288393289 1121.5057510384358 493.44226792221889 4663.6456766463816 8382.8701395280659 546.74816612433642 149.50676181912422 4848.1920066140592 660.88622510107234 103.32374335126951 1246.6713252528571 1826.0847098412924 254.06414285674691 580.35040186764672 337.73976939544082 1052.0654852865264 22912.697587793227 76.844058278948069 15661.291543147527 1049.9590006028302 93.283771626884118 1788.5951860388741
leaf_count=201110 43751 11525 37921 16300 833 16437 2884 585 11414 10543 4935 21811 43651 4172 689 28799 3547 736 7271 12108 1215 3390 2057 5413 185776 855 104071 9344 1104 9741
internal_value=-0.000110252 0.0172877 -0.000238652 0.000564612 0.00672049 0.0179134 -0.00399797 0.0228408 0.00302883 0.000916481 -0.000425973 0.00146482 0.00450028 -0.00144333 0.00148295 -0.00470649 -0.00257308 -0.00428751 0.00289985 -0.00488661 0.00902408 0.0215303 0.0100017 0.0339269 -0.00456928 0.00831382 0.000356135 0.022879 0.0269756 -0.000612544
internal_weight=107577 787.14 106790 80514.3 11159.4 2766.8 508.003 2258.8 8392.63 7433.46 69354.9 36878.8 18044.2 18834.6 13380.6 4997.7 32476 24729.6 7746.46 3410.5 4335.96 1886.48 1584.41 1306.13 24626.2 1713.53 16208 1220.09 1143.24 2449.48
internal_count=803988 55276 748712 547602 80617 20739 3717 17022 59878 48464 466985 219493 94950 124543 73139 29488 247492 202750 44742 21436 23306 10018 9328 6628 202014 16238 108243 11303 10448 13288
is_linear=0
shrinkage=0.05


Tree=122
num_leaves=31
num_cat=0
split_feature=1 16 16 21 4 14 21 16 21 11 3 11 14 22 14 11 21 11 5 14 21 11 22 21 11 5 21 11 22 14
split_gain=91.6635 79.7616 67.9968 72.6933 61.8453 56.9552 159.402 287.195 128.61 120.923 236.722 139.472 146.331 120.752 131.021 196.634 151.458 147.549 126.171 115.544 208.345 256.65 382.265 155.854 139.446 136.374 128.75 196.907 214.441 199.004
threshold=75.115890741348281 0.48529411852359777 0.83823528885841381 -0.33969499499999994 31.441071547567848 233.50000000000003 -0.70725798499999992 0.48529411852359777 1.0291663500000003 29.290478826860898 96.50266677141191 30.246955496827059 254.50000000000003 1.1985050500000003 229.50000000000003 62.154276787658048 -0.54046523499999999 32.570528774992241 8.5000000000000018 240.50000000000003 -1.0392652499999999 44.293974340700153 -0.7116301049999999 -0.57886999499999992 47.266789810287982 14.500000000000002 -0.62302365999999998 52.16049636443703 -0.43459500499999998 244.50000000000003
decision_type=2 2 2 2 2 2 2 2 2 2 2 2 2 2 2 2 2 2 2 2 2 2 2 2 2 2 2 2 2 2
left_child=2 -2 5 -4 -5 6 -1 8 -8 10 -7 12 -11 14 18 16 -16 -18 -9 20 -13 22 -22 -24 -23 -26 -21 28 29 -28
right_child=1 -3 3 4 -6 9 7 13 -10 11 -12 19 -14 -15 15 -17 17 -19 -20 26 21 24 23 -25 25 -27 27 -29 -30 -31
leaf_value=-0.0028512734612068311 0.04829593109101267 0.0083925198426922538 0.00015921107577530197 -0.017062355403322713 -0.0050165019844602438 0.0040666836032421634 0.011986466199339657 -0.00072669059336748828 0.04025702465411226 -0.056752149697359269 -0.013996834723267402 -0.038106800323427864 -0.0081130567427957698 -0.010222635291589706 -0.016106723494589685 -0.027639376703882897 0.054994193948129801 0.017772747296237765 0.0063233907693717771 0.0083483144115869771 0.052258447153798696 -0.052861862224601319 -0.034716112338856769 0.0084002076783919379 -0.017268109130607778 0.020474995074928493 0.011487020961960144 0.0032853645257795842 -0.0030166191732103188 -0.027449793908876887
leaf_weight=17833.978504349012 163.55545010138303 526.58462266204879 5488.2813107958063 1386.0228905752301 4604.1269938880578 14428.93664609082 3972.6907611328643 22115.471933882218 446.95539951906539 248.29539025807753 2073.4906194540672 590.45895004528575 408.30707770353183 2123.9790186900645 235.48879423551261 237.12584210839123 355.27611106075346 1061.0406659133732 8898.988432968501 2855.8971976093017 398.39569117408246 233.39106240542606 315.56075951410457 619.4454780400265 1749.4680298175663 276.37085324246436 391.78385339374654 6226.9615976151545 5222.4690443566069 2004.3097707186826
leaf_count=118938 42602 10297 45947 16406 40140 82446 41189 153026 5423 1617 13137 4302 2403 21071 1414 2183 1788 6172 59366 17053 2154 1414 2173 3913 11718 3218 2359 46357 33227 11500
internal_value=-0.000244956 0.0179054 -0.000362406 -0.00399789 -0.0078061 7.53958e-05 0.00107141 0.00284488 0.0148539 -0.00142426 0.00179634 -0.0038915 -0.0265643 0.00132924 0.00207523 0.0148565 0.0209701 0.0271418 0.00129633 -0.00317744 -0.0106076 -0.00607868 0.0113114 -0.00617292 -0.0163428 -0.0121115 -0.00131593 -0.00330982 -0.00870006 -0.0210811
internal_weight=107493 690.14 106803 11478.4 5990.15 95324.5 57281 39447 4419.65 38043.5 16502.4 21541.1 656.602 35027.4 32903.4 1888.93 1651.81 1416.32 31014.5 20884.5 4183.09 3592.63 1333.4 935.006 2259.23 2025.84 16701.4 13845.5 7618.56 2396.09
internal_count=804953 52899 752054 102493 56546 649561 410570 291632 46612 238991 95583 143408 4020 245020 223949 11557 9374 7960 212392 139388 28892 24590 8240 6086 16350 14936 110496 93443 47086 13859
is_linear=0
shrinkage=0.05


Tree=123
num_leaves=31
num_cat=0
split_feature=9 23 24 23 24 20 9 9 22 5 10 20 23 16 23 22 24 11 23 23 20 3 22 24 23 11 11 11 11 22
split_gain=71.6793 210.881 185.872 120.461 118.531 115.79 112.06 109.225 104.673 103.644 82.8822 141.721 228.945 108.138 106.294 101.316 95.1381 147.21 106.043 101.969 94.5921 90.9239 85.7315 84.1091 169.513 171.489 160.563 112.276 227.768 115.979
threshold=44.500000000000007 1.8392467500000003 1.5000000000000002 1.7272303000000002 7.5000000000000009 51.921394348144538 29.500000000000004 7.5000000000000009 0.21535670000000004 3.5000000000000004 40.858126616477968 -13.290626525878904 1.6978337000000001 0.27941177785396581 1.6783351500000003 1.3255616000000001 1.5000000000000002 26.375174039641063 1.4448999000000002 1.5455405000000002 64.864372253417983 105.81939951330425 0.77527007500000011 3.5000000000000004 1.2706497500000002 9.5080668581966847 22.724912485540287 23.68438548846142 28.886018813636749 -0.57567774999999988
decision_type=2 2 10 2 10 2 2 2 2 2 8 2 2 2 2 2 8 2 2 2 2 2 2 10 2 2 2 2 2 2
left_child=3 5 -3 4 10 9 8 -5 -6 -2 11 12 16 -12 -15 21 17 18 -1 -18 -17 22 23 -13 25 -25 -27 -26 -29 -30
right_child=1 2 -4 7 6 -7 -8 -9 -10 -11 13 15 -14 14 -16 20 19 -19 -20 -21 -22 -23 -24 24 27 26 -28 28 29 -31
leaf_value=0.087721456552641172 -0.0084539056667639906 0.055032239327890732 0.0054905245472475928 -0.0083327861087032756 -0.030858761578338847 -0.011452851011015135 0.021955848467335552 0.00024589768879554655 -0.0066679641910332658 0.0048800662313863413 0.03982599197803792 0.0017689339318446237 0.068685228289340955 0.0043507706487286675 0.038411509023965451 0.0052432946763176346 -0.016590583800001172 -0.019771795818456325 0.0083626467184061588 0.01913116573944125 0.035340683325552895 -0.0034800546803317729 -0.0052164028511795255 0.049827683918703063 -0.014372291154652132 -0.035433246646942668 0.00087627538298335665 0.059916988639351743 -0.0032862956746274037 0.019878510195943975
leaf_weight=81.031151819974184 2628.2467109765857 255.05905783176422 727.49498644284904 6976.8822144703008 559.14973256923258 4917.8309176191688 273.36799087002873 7923.5666275154799 2221.6741180049721 3268.7105320300907 240.2139508863911 47517.609990017954 91.324401170015335 5841.0479613209609 237.43256077775732 702.49412669613957 2743.2118486147374 161.14776557683945 86.945519793778658 214.64001130871475 414.84870079997927 8769.0549928054679 3858.124789825175 158.49767456948757 286.64669037191197 344.26591717917472 2576.4330790103413 296.34834215184674 728.29230921249837 2089.7934071891941
leaf_count=689 23705 1177 4841 58973 4774 30871 2458 55714 19617 23103 43279 292510 674 57828 2035 7051 26254 1732 699 1853 2383 64463 33225 809 1606 2458 17611 1798 4655 14262
internal_value=-9.6424e-05 -0.00377293 0.0183938 0.000358283 0.00112275 -0.00578836 -0.00853703 -0.00377121 -0.0115414 -0.00106325 0.00150383 0.00101621 -0.00897698 0.00699125 0.00568732 0.00151469 -0.011155 0.014314 0.0469375 -0.0139928 0.0164395 0.00126415 0.00198327 0.00249777 0.00784094 -0.000658384 -0.00341423 0.0155338 0.01829 0.0138929
internal_weight=107191 11797.3 982.554 95394 80493.6 10814.8 3054.19 14900.4 2780.82 5896.96 77439.4 71120.7 3378.3 6318.69 6078.48 67742.4 3286.98 329.124 167.977 2957.85 1117.34 66625.1 57856 53997.9 6480.28 3079.2 2920.7 3401.08 3114.43 2818.09
internal_count=803107 83697 6018 719410 604723 77679 26849 114687 24391 46808 577874 474732 31901 103142 59863 442831 31227 3120 1388 28107 9434 433397 368934 335709 43199 20878 20069 22321 20715 18917
is_linear=0
shrinkage=0.05


Tree=124
num_leaves=31
num_cat=0
split_feature=12 5 1 10 12 12 12 23 23 23 20 10 20 20 24 17 24 20 13 12 23 13 23 12 12 12 17 17 9 23
split_gain=117.683 128.004 93.2734 85.7868 78.3519 77.9785 150.382 80.6396 233.796 77.656 76.1976 77.0591 70.9496 70.8945 87.2461 76.6861 77.8725 106.673 303.458 146.829 90.7395 93.7224 125.711 115.051 93.032 91.8118 118.922 70.0133 69.5511 111.771
threshold=3.4721362229102173 15.500000000000002 27.307104259729389 -21.458196753263469 0.47213622291021679 3.3018575851393193 3.2120743034055734 0.90576759000000007 0.74509108000000013 0.80457514500000016 -13.290626525878904 93.063600182533278 76.857505798339858 96.257354736328139 7.5000000000000009 155.79412078857425 4.5000000000000009 61.970138549804695 -39.435043463627615 4.314241486068112 2.6245776500000004 -50.183885513386763 1.6688709500000003 6.4984520123839014 8.0216718266253881 12.851393188854491 184.48917388916018 196.47499847412112 8.5000000000000018 1.7272303000000002
decision_type=2 2 2 8 2 2 2 2 2 2 2 8 2 2 10 2 10 2 2 2 2 2 2 2 2 2 2 2 2 2
left_child=1 4 -3 13 -1 6 27 8 -8 -10 -5 -12 -7 15 -15 -2 20 -18 19 -19 21 22 23 -17 -23 -26 -27 28 29 -6
right_child=3 2 -4 10 5 12 7 -9 9 -11 11 -13 -14 14 -16 16 17 18 -20 -21 -22 24 -24 -25 25 26 -28 -29 -30 -31
leaf_value=0.013459272174406071 0.031558700021277558 0.006551011081007788 0.026027146807755877 -0.019629590378641357 0.0016034409493308676 0.01321888749386442 -0.024434951683436183 -0.025028545748376447 0.075058424089726516 0.0087229695717044847 -0.0027666126155330879 0.032344326184083665 -0.0057170901211457412 -0.012618247785615428 0.024782238433069387 -0.022746925816817309 -0.013732192084318874 0.019132429991587988 -0.00013294719347732657 0.17142738913317285 0.087011216228346844 0.0079968547146956528 0.040019675875959115 0.014324682422390982 -0.0051300246049232785 -0.018651971753059052 0.065690338937210088 -0.0028955518134574912 0.0043986123705708506 -0.0082275650763383012
leaf_weight=1228.4228622671217 222.55264945328236 4605.4682230846956 708.70760397519916 669.19475085660815 16179.810861261562 2128.7317302396987 342.61244620708749 888.9126017880626 99.717237285338342 79.032896285876632 34509.581002086867 155.98761503468268 643.69308619666845 1432.7270880192518 174.02484194934368 893.30612019635737 1637.6137461550534 26.99994545429945 1287.0362429656088 38.219882506877184 31.735006511211395 7765.6179463006556 117.31139810755849 272.4770160894841 2554.1173520646989 68.558110676705837 104.63186454027891 10406.9744126359 14620.575752205215 3519.1266246559098
leaf_count=10195 1067 27699 43239 7039 110973 15059 2324 6662 627 559 242641 21565 3552 7863 910 11982 26183 296 9934 366 199 52352 1294 3696 18320 349 524 73790 79717 24045
internal_value=0.000172641 0.0017747 0.00915279 -0.00153702 0.000992513 0.000679124 0.000189631 -0.0158804 -0.000264858 0.0459404 -0.00293061 -0.00260769 0.00882191 0.00142457 -0.00855456 0.00249256 0.00205331 -0.00515366 0.00523761 0.109621 0.00387849 0.00364709 -0.00910405 -0.0140774 0.00520704 -0.00273658 0.0323876 0.000696679 0.00178603 -0.000153153
internal_weight=107413 55451.8 5314.18 51961.7 50137.6 48909.2 46136.8 1410.28 521.363 178.75 35334.8 34665.6 2772.42 16626.9 1606.75 15020.2 14797.6 2989.87 1352.26 65.2198 11807.8 11776 1283.09 1165.78 10492.9 2727.31 173.19 44726.5 34319.5 19698.9
internal_count=805021 398441 70938 406580 327503 317308 298697 10172 3510 1186 271245 264206 18611 135335 8773 126562 125495 36779 10596 662 88716 88517 16972 15678 71545 19193 873 288525 214735 135018
is_linear=0
shrinkage=0.05


Tree=125
num_leaves=31
num_cat=0
split_feature=17 1 17 23 20 14 21 17 25 25 22 9 22 23 22 20 22 21 21 14 9 22 23 21 25 25 22 22 21 14
split_gain=93.3567 76.3496 84.667 70.9268 61.1836 146.698 179.522 184.915 135.48 126.796 111.185 255.941 139.641 109.542 105.25 105.636 99.5643 90.2605 202.225 110.245 247.183 191.598 235.115 298.612 122.281 113.175 107.196 212.201 91.0996 259.354
threshold=217.55000305175784 72.458122730255141 169.697135925293 0.17156968000000003 10.566963195800783 197.50000000000003 0.25288889000000009 188.01666259765628 25.070076999068263 23.482144188880927 -1.0464816999999997 10.500000000000002 -1.3625972 0.96336984500000011 2.1169150000000005 73.966629028320327 0.58186933500000004 0.8261199600000001 0.83520734000000008 167.50000000000003 5.5000000000000009 -0.17849789999999996 1.6599746000000002 1.4200350000000002 21.406202590465551 31.000421530008321 -0.93620764999999995 -1.1558719999999998 -0.28784333499999998 162.50000000000003
decision_type=2 2 2 2 2 2 2 2 2 2 2 2 2 2 2 2 2 2 2 2 2 2 2 2 2 2 2 2 2 2
left_child=1 3 -3 -1 17 6 9 8 -8 -6 11 12 -7 -9 -12 -16 -10 28 -19 20 -20 22 23 24 -21 26 27 -22 -5 -30
right_child=-2 2 -4 4 5 10 7 13 16 -11 14 -13 -14 -15 15 -17 -18 18 19 21 25 -23 -24 -25 -26 -27 -28 -29 29 -31
leaf_value=0.0098239491908660888 -0.014517779594636718 0.046812003853548612 0.0068527535253517201 -0.00071201880722501646 -0.0042958218307632733 -0.01208110613475879 0.036140020224835638 0.018344808712816001 0.019482388526942632 0.0083284497280281533 -0.0011549577488933055 0.012650704695327275 0.0053315368495608457 -0.020205755044610613 0.0798391041601757 -0.0087308608828985199 -0.022618585876730934 0.080269273665181565 0.015610396356091997 0.077572680978964095 -0.027072386922074657 -0.0053125586349423116 -0.0058315608834412494 0.11744508479415094 0.010971263416883757 0.040707435838195472 -0.035692134884886699 0.076153716702193369 0.0023713356699751427 -0.014750554926775121
leaf_weight=1848.5658105777111 1082.8730724677444 172.49701281473972 563.8307302640751 13534.380001271842 3779.3974053575657 2394.0998036800884 1173.6596030169167 321.42362020537257 552.38962617423385 4196.5322405090556 57312.111532580806 4961.3392610885203 2216.4898668043315 429.11291369609535 78.94965715543367 57.839633118361235 187.26243593683466 87.015432729385793 823.45078843715601 92.426983688026667 169.46490100026131 689.54865197092295 275.06058246362954 127.37550268881023 264.36528593674302 67.698232041671872 699.31592538021505 69.327185962349176 3952.4993074457161 5020.0914841350168
leaf_count=12009 9987 44951 10289 100065 24316 15194 7749 2195 5105 32676 397851 23195 15275 3173 599 313 1899 569 5991 616 1113 6814 1969 835 2154 464 6047 377 24835 45092
internal_value=8.20182e-05 0.000231137 0.0162647 0.000118953 -5.44223e-05 0.000647139 0.00610091 0.0173366 0.0255838 0.00234665 -0.000218743 0.00477015 -0.00371083 -0.00369371 -0.00105004 0.0425968 0.00880727 -0.00216026 0.00547641 0.00346716 -0.00469248 0.0137658 0.0310775 0.0520147 0.0283929 -0.0213134 -0.0258277 0.00308928 -0.00330222 -0.0072088
internal_weight=107200 106118 736.328 105381 103533 77660.6 10639.8 2663.85 1913.31 7975.93 67020.8 9571.93 4610.59 750.537 57448.9 136.789 739.652 25872 3365.05 3278.03 1829.26 1448.78 759.228 484.168 356.792 1005.81 938.108 238.792 22507 8972.59
internal_count=803717 793730 55240 738490 726481 529540 77113 20121 14753 56992 452427 53664 30469 5368 398763 912 7004 196941 26949 26380 13992 12388 5574 3605 2770 8001 7537 1490 169992 69927
is_linear=0
shrinkage=0.05


Tree=126
num_leaves=31
num_cat=0
split_feature=12 21 18 20 20 12 18 10 3 6 5 9 21 20 12 20 21 22 12 22 4 22 10 21 18 21 21 21 21 9
split_gain=88.7136 90.1241 85.1694 104.661 82.9304 175.104 92.4796 86.1477 147.061 143.143 135.549 85.3454 233.171 122.815 95.6938 90.5654 96.3347 87.4071 86.7624 86.1962 85.1377 86.2311 79.3298 81.4289 78.6775 75.4017 73.6327 73.327 71.1831 92.6735
threshold=0.41950464396284837 -1.5061045999999998 155.41176605224612 81.731285095214858 10.092330932617189 8.0216718266253881 171.83396911621097 18.106151986122132 128.45810649544003 1.5000000000000002 16.500000000000004 38.500000000000007 -0.92808919999999995 55.348884582519538 12.851393188854491 67.646110534667983 -1.6487905499999997 0.38392488500000005 9.806501547987617 -0.11682939999999999 39.58073244988919 -0.0062803106849999993 10.202516172826291 -2.1536850999999992 164.45683288574222 1.23086125 -1.0077569499999999 1.1793401000000003 -1.2226113499999998 10.500000000000002
decision_type=2 2 2 2 2 2 2 10 2 2 2 2 2 2 2 2 2 2 2 2 2 2 10 2 2 2 2 2 2 2
left_child=1 -1 3 -2 5 22 -7 8 11 10 -9 28 15 17 -15 16 19 25 20 -13 -17 -22 23 24 -4 27 -18 -14 -6 -30
right_child=2 -3 4 -5 7 6 -8 9 -10 -11 -12 12 13 14 -16 18 26 -19 -20 -21 21 -23 -24 -25 -26 -27 -28 -29 29 -31
leaf_value=-0.043568601093866018 0.025928185950497375 0.019155828164136645 -0.025935218918760827 0.00057588366495693567 -0.0039549617825348276 0.014374014963148777 -0.032584539313432637 0.0065310643246916213 -0.008245683493248071 -0.0051967472978612025 0.028246414696342089 0.042478390810845354 0.0021572340684644126 -0.013729082613673447 0.036842675916679904 0.047333450052871727 -0.0055938206718873229 -0.01204935678975641 -0.0021986371556243873 -0.018423965856383406 0.045189999661809026 -0.01537339425653185 -0.010168464085910435 -0.0015281156920441924 0.03122147785556062 -0.029964689865961319 0.022352932462486277 0.073097485670424081 -0.00011009663831783722 0.0043000266702991809
leaf_weight=60.268685655202717 688.08771986560896 889.72474836488254 72.556404797360301 994.884101343574 5472.0366418929771 122.74505842104554 698.43482093513012 3876.8004543602001 5132.6413062759675 2067.252947025001 881.44714987324551 253.2304230555892 4601.87201006338 4399.853810749948 94.639079071581364 388.38693391159177 1421.1680383291095 1586.935469597578 244.6622258760035 74.677046298980713 98.610002472996712 142.50937673076987 2713.9327010822017 21695.269846540876 334.91806261986494 182.44320409372449 281.51631694287062 35.718659169971943 24143.456742504612 23512.800373567268
leaf_count=389 23979 9451 364 10454 30883 1060 9360 51222 31554 9387 52166 1215 32266 27677 501 1927 9349 17763 1205 631 446 782 23687 163300 2203 1707 1872 250 144997 141959
internal_value=-6.85119e-05 0.0151349 -0.000204635 0.0109505 -0.000384339 -0.00285477 -0.0255565 0.000418506 -9.00048e-05 0.00578685 0.0105588 0.000535499 -0.00296672 -0.00632086 -0.0126563 0.0096191 0.003822 -0.00187531 0.0230653 0.0285948 0.0328723 0.00947941 -0.00210257 -0.00111177 0.0210054 0.00147618 -0.000962787 0.00271926 0.00144564 0.00206583
internal_weight=107163 949.993 106213 1682.97 104531 25637.9 821.18 78892.7 72067.2 6825.5 4758.25 66934.5 13806.2 10901.5 4494.49 2904.76 2030.59 6406.97 874.169 327.907 629.506 241.119 24816.7 22102.7 407.474 4820.03 1702.68 4637.59 53128.3 47656.3
internal_count=804006 9840 794166 34433 759733 199974 10420 559759 446984 112775 103388 415430 97591 80164 28178 17427 13067 51986 4360 1846 3155 1228 189554 165867 2567 34223 11221 32516 317839 286956
is_linear=0
shrinkage=0.05


Tree=127
num_leaves=31
num_cat=0
split_feature=12 11 5 12 23 17 11 5 11 25 20 11 1 24 3 12 23 12 11 24 23 23 17 23 23 23 24 20 12 24
split_gain=94.0851 123.173 118.329 113.263 149.825 110.807 106.964 132.374 134.278 117.856 132.011 116.705 92.69 91.3878 104.427 178.388 112.013 105.708 122.218 96.693 95.288 97.7535 93.6694 93.2393 91.1914 86.5099 80.59 80.4596 80.4349 79.8091
threshold=3.4721362229102173 67.867619931397982 7.5000000000000009 1.1934984520123841 0.42142683000000009 187.78333282470706 50.76485803746403 15.500000000000002 64.435121413435652 21.65932177305222 94.857505798339858 129.20073116478446 16.791589200496677 4.5000000000000009 62.599999666213996 10.162538699690405 0.50913557500000006 4.1563467492260076 36.017273381825298 2.5000000000000004 1.2471615 1.3058449500000002 175.45454406738284 0.46604304000000002 0.46604304000000002 1.4903361500000003 7.5000000000000009 94.161460876464858 4.3544891640866874 4.5000000000000009
decision_type=2 2 2 2 2 2 2 2 2 2 2 2 2 10 2 2 2 2 2 10 2 2 2 2 2 2 10 2 2 10
left_child=1 2 -1 4 -4 12 9 8 -8 27 13 -10 -3 14 16 19 17 24 22 -16 -18 -22 -19 -20 -11 29 -12 -2 -21 -6
right_child=6 5 3 -5 25 -7 7 -9 11 10 26 -13 -14 -15 15 -17 20 18 23 28 21 -23 -24 -25 -26 -27 -28 -29 -30 -31
leaf_value=0.00050389541230255557 -0.0061815785745000127 -0.0021268839103885427 -0.035642279600801539 0.0041806526934274309 0.020328026189068732 -0.0076916833851027036 -0.015204517096818243 0.011886757200139455 -0.0029458856055181552 -0.019622548452615657 -0.010528578452928811 0.085923325190570277 0.011421355561025373 -0.0035068613561879355 -0.0029435061679777713 -0.044239326563229098 0.00071014377103590233 -0.0036367762227871945 -0.01340888036104799 -0.0020661734677469424 0.026439289245740478 0.0064432125435180364 0.028181855633172211 0.040088751353638027 0.067177693011971892 0.00088958283499872791 0.015631379161519215 0.0084283355150829489 0.036123964010676558 0.06406759140983842
leaf_weight=24282.046192325652 10092.178949696012 4272.6056004166603 136.9507171753794 16040.365764233517 1918.3297748072073 6040.6201971592382 3838.6568662165664 883.12493898859248 3971.4934681504965 313.40362471714616 3131.4592030909844 36.289902057498693 1790.7404295951128 5510.611526429886 4463.3312193544116 243.35459026158787 9411.7994472142309 267.28797553665936 426.90455056168139 248.2475226346869 700.43586864415556 4762.3053159518167 1706.7472453154624 99.598023233935237 32.501787468791008 584.53960614860989 324.06249563163146 1038.5521841272712 308.8110192194581 109.58431448996998
leaf_count=146963 69436 24171 1092 110365 15740 51751 36204 21209 41976 2007 19106 398 41714 54359 37676 1799 62113 1410 3123 2203 3861 27633 10763 618 159 4582 1885 5555 2779 899
internal_value=0.000120171 0.00155698 0.0028093 0.0057884 0.0151632 -0.00289927 -0.00140994 -0.00645653 -0.00852234 -0.000387233 0.00115634 -0.00211995 0.00187566 0.0022756 0.00366204 -0.00252135 0.00549876 0.0145843 0.0181676 -0.000490735 0.00375925 0.00901149 0.0238739 -0.00323197 -0.0112965 0.0178392 -0.00807146 -0.00481777 0.0191317 0.022722
internal_weight=106987 55175.8 43071.8 18789.8 2749.4 12104 51811.2 8729.57 7846.44 43081.6 31950.9 4007.78 6063.35 28495.3 22984.7 5263.74 17721 2846.44 2500.54 5020.39 14874.5 5462.74 1974.04 526.503 345.905 2612.45 3455.52 11130.7 557.059 2027.91
internal_count=803549 397277 279641 132678 22313 117636 406272 99787 78578 306485 231494 42374 65885 210503 156144 44457 111687 18080 15914 42658 93607 31494 12173 3741 2166 21221 20991 74991 4982 16639
is_linear=0
shrinkage=0.05


Tree=128
num_leaves=31
num_cat=0
split_feature=18 14 5 14 20 23 22 23 23 23 23 14 23 14 14 25 22 18 5 1 5 3 14 22 24 22 24 23 22 22
split_gain=76.5039 87.4619 73.4247 116.125 122.142 110.941 82.0779 95.4309 75.3253 72.346 70.5722 69.5839 87.8644 109.484 93.621 126.734 76.8791 72.168 68.3111 67.0775 170.291 101.125 106.435 97.3062 84.0104 65.3349 63.4373 61.9824 72.2921 60.3627
threshold=155.11765289306643 237.50000000000003 1.5000000000000002 156.50000000000003 -16.793937683105465 1.4116550000000003 -0.83013656999999996 1.7272303000000002 1.6978337000000001 0.19178937000000004 2.2303354500000006 252.50000000000003 1.7749508000000003 175.50000000000003 158.50000000000003 26.408613327145577 -1.52295315 171.63603210449222 2.5000000000000004 33.635875463485725 16.500000000000004 121.32380667328836 250.50000000000003 2.7106600000000003 2.5000000000000004 0.28680163500000005 7.5000000000000009 0.40623313500000008 0.45226171500000006 -0.36151543499999994
decision_type=2 2 2 2 2 2 2 2 2 2 2 2 2 2 2 2 2 2 2 2 2 2 2 2 8 2 10 2 2 2
left_child=1 -1 10 18 5 9 7 8 -7 -5 11 12 13 16 -14 -16 -2 -17 -4 21 -21 23 24 -6 -23 -8 29 -24 -29 -18
right_child=2 -3 3 4 19 6 25 -9 -10 -11 -12 -13 14 -15 15 17 26 -19 -20 20 -22 22 27 -25 -26 -27 -28 28 -30 -31
leaf_value=0.026744472616786488 0.032763671035669822 0.0013475355241719328 0.0094073312615268866 0.043518658855125111 0.0006766591342863375 0.023785575797897772 -0.039686283596372413 -0.0083737706480358515 0.097181479776765584 -0.023665129829003796 0.012790792645369165 0.011933157276409936 -0.034874261319847936 -0.014497467767664991 -0.018587334029318912 0.081688315539574494 -0.0056465155854032879 0.00082560829586371561 0.038542448945115951 0.0028960333364441886 0.033394851836813837 -0.011469407775428824 -0.035849202245803936 -0.046359872434866528 0.002179267207860928 0.0071292697622788856 -0.027026370890374379 -0.0047514216681303423 -0.024789426570157251 0.0050498223560666005
leaf_weight=568.28167677531019 162.55730852112174 838.30794018483721 827.45630002953112 40.573943506926298 79449.28891358804 224.92320765741169 161.2119873277843 234.03728445246816 40.680157570168376 1190.3921794202179 573.82580775022507 552.58368462324142 523.06261035054922 2044.2036872133613 352.95999716222286 56.29727029055357 2957.8132045958191 53.262020725756884 265.27289312612265 4348.9636792985257 510.55213476880454 1551.967207796406 289.17052380461246 109.10624870657921 4113.7345118559897 137.3815488088876 241.50298234634101 1408.9086784441024 660.87171633820981 2378.9081335440278
leaf_count=20943 895 8829 4176 348 512753 1717 1705 1889 266 11352 3561 3196 3443 19889 3868 333 19250 634 2001 57729 50140 9726 1712 1968 29427 1252 1869 8390 4293 15873
internal_value=4.033e-05 0.01162 -0.000114222 0.000310363 0.000122825 -0.0120087 0.00250874 0.0148931 0.0353493 -0.0214172 -0.00421359 -0.00526145 -0.00634602 -0.00456389 -0.0204039 -0.00399952 -0.00102479 0.0427401 0.016509 0.000389251 0.00610652 7.19637e-05 -0.00527725 0.000611571 -0.00156079 -0.0181948 -0.00201513 -0.014199 -0.0111583 -0.000878441
internal_weight=106868 1406.59 105461 95564.5 94471.8 2029.2 798.234 499.641 265.603 1230.97 9896.98 9323.15 8770.57 7784.99 985.582 462.519 5740.78 109.559 1092.73 92442.6 4859.52 87583 8024.65 79558.4 5665.7 298.594 5578.22 2358.95 2069.78 5336.72
internal_count=803427 29772 773655 700844 694667 18529 6829 3872 1983 11700 72811 69250 66054 57776 8278 4835 37887 967 6177 676138 107869 568269 53548 514721 39153 2957 36992 14395 12683 35123
is_linear=0
shrinkage=0.05


Tree=129
num_leaves=31
num_cat=0
split_feature=17 1 17 3 22 5 10 22 21 17 21 13 19 21 17 1 21 22 6 9 15 17 21 21 9 19 25 21 24 22
split_gain=75.0641 72.2407 147.947 67.1751 89.7169 76.1201 113.408 113.046 82.7926 113.858 74.9449 78.8398 65.0593 145.069 67.8893 62.744 60.5259 67.2452 58.1287 81.7972 57.6954 54.4986 53.4208 51.7232 55.9954 50.5154 49.6719 49.5731 49.0129 48.0887
threshold=213.25555419921878 46.385453760623939 162.86765289306643 111.12837830185892 2.7106600000000003 10.500000000000002 -23.176934808492657 -2.2201040999999995 -0.16231458499999998 179.38796234130862 -0.32651200499999994 -6.7842478331743576 0.51470589637756359 -1.3714820999999997 177.35760498046878 28.870589315891269 -1.3268715999999998 0.42497292500000006 1.0000000180025095e-35 4.5000000000000009 12.646073341369631 179.88861083984378 -0.35631972499999992 -2.1536850999999992 34.500000000000007 0.48529411852359777 25.290988522768025 -2.0836265999999992 4.5000000000000009 -1.6627522999999997
decision_type=2 2 2 2 2 2 8 2 2 2 2 2 2 2 2 2 2 2 2 2 2 2 2 2 2 2 2 2 8 2
left_child=1 3 -3 4 5 6 7 -1 9 27 21 25 13 14 -5 -15 -14 28 19 -4 29 26 -23 24 -8 -12 -9 -7 -18 -10
right_child=-2 2 18 12 -6 8 23 10 20 -11 11 -13 16 15 -16 -17 17 -19 -20 -21 -22 22 -24 -25 -26 -27 -28 -29 -30 -31
leaf_value=0.069356992950064519 -0.010714646327825537 0.041654939557849748 0.023327558753907907 -0.028971615711912181 -0.045282822811260198 -0.033987311602685547 0.006750287198697723 -0.020082627871061333 0.031651042456152925 0.0060296020160506376 0.0040734063645407057 0.018348719607583254 0.018617729003476979 -0.00056476791129106657 0.012482114049493374 0.016440845780911748 -0.016285578498167093 -0.027298801666919593 -0.0048409629685502963 -0.0010001091223506757 0.023427178414629383 0.01028466152192405 0.045255893034197608 -0.0013505001336795808 0.048502174358556929 -0.0064788409979157809 0.0043277665449854589 -0.0039645145561051252 -0.0018004991487694123 0.0048696036239160049
leaf_weight=65.642195384949446 1615.8123541288078 293.52890200982802 671.26184815191664 622.17240341287106 106.48900406062603 139.8640941735357 512.84458866342902 258.43519870191813 169.40741762239486 4269.3207292873412 1898.9792081005871 515.62831570953131 174.97465963289142 6521.8901595855132 116.78206136077642 590.60725643811747 1012.9129462391138 551.78168477397412 1034.7816606415436 710.75030066072941 457.27296989550814 3725.999648263678 111.60873006656766 59467.766044238117 94.321726307272911 2813.089240655303 1058.449147965759 5788.5619179643691 1377.9523826455697 10379.683655496221
leaf_count=463 14999 58782 25642 4653 2056 753 3130 1667 995 25191 12816 3064 1134 41557 697 17588 6334 4281 6838 4226 3643 31175 916 388816 466 31137 5813 32469 8969 64731
internal_value=-2.27671e-05 0.000141067 0.00819703 -7.1401e-05 0.000370344 0.000423837 -0.000365972 0.00444174 0.00305056 -0.000195324 0.00402467 -0.000193773 -0.00376939 -0.00134245 -0.0224124 0.000849456 -0.00987904 -0.0115793 0.00411789 0.0108245 0.00605771 0.00830222 0.0113133 -0.00120216 0.0133054 -0.00222629 -0.000474315 -0.00467843 -0.00794148 0.00530264
internal_weight=107129 105513 2710.32 102802 91833.4 91726.9 70522.8 10447.8 21204.1 10197.7 10382.2 5227.7 10969.1 7851.45 738.954 7112.5 3117.62 2942.65 2416.79 1382.01 11006.4 5154.49 3837.61 60074.9 607.166 4712.07 1316.88 5928.43 2390.87 10549.1
internal_count=805001 790002 95488 694514 609301 607245 479463 87051 127782 58413 86588 47017 85213 64495 5350 59145 20718 19584 36706 29868 69369 39571 32091 392412 3596 43953 7480 33222 15303 65726
is_linear=0
shrinkage=0.05


end of trees

feature_importances:
doy=425
reg_dry=402
reg_rain_7d=355
rmm2=334
rmm1=285
onset_doy_anom=240
mjo_amp=183
clim_first_cand_doy=161
rain_3d=156
mjo_phase=153
rain_1d=140
clim_onset_doy=129
rain_7d_vs_region=117
clim_dryday_doy=103
spell_deficit=100
days_since_wet_spell=96
days_since_rain=89
wet_days_30d=87
clim_false_rate=80
clim_rain_doy=75
wet_spell_today=65
onset_threshold_mm=55
rain_30d=28
rain_7d=19
rain_14d=17
wet_spell_seen=6

parameters:
[boosting: gbdt]
[objective: binary]
[metric: binary_logloss]
[tree_learner: serial]
[device_type: cpu]
[data_sample_strategy: bagging]
[data: ]
[valid: ]
[num_iterations: 130]
[learning_rate: 0.05]
[num_leaves: 31]
[num_threads: 10]
[seed: 0]
[deterministic: 0]
[force_col_wise: 0]
[force_row_wise: 0]
[histogram_pool_size: -1]
[max_depth: -1]
[min_data_in_leaf: 200]
[min_sum_hessian_in_leaf: 0.001]
[bagging_fraction: 0.6]
[pos_bagging_fraction: 1]
[neg_bagging_fraction: 1]
[bagging_freq: 1]
[bagging_seed: 3]
[bagging_by_query: 0]
[feature_fraction: 0.6]
[feature_fraction_bynode: 1]
[feature_fraction_seed: 2]
[extra_trees: 0]
[extra_seed: 6]
[early_stopping_round: 0]
[early_stopping_min_delta: 0]
[first_metric_only: 0]
[max_delta_step: 0]
[lambda_l1: 0]
[lambda_l2: 1]
[linear_lambda: 0]
[min_gain_to_split: 0]
[drop_rate: 0.1]
[max_drop: 50]
[skip_drop: 0.5]
[xgboost_dart_mode: 0]
[uniform_drop: 0]
[drop_seed: 4]
[top_rate: 0.2]
[other_rate: 0.1]
[min_data_per_group: 100]
[max_cat_threshold: 32]
[cat_l2: 10]
[cat_smooth: 10]
[max_cat_to_onehot: 4]
[top_k: 20]
[monotone_constraints: ]
[monotone_constraints_method: basic]
[monotone_penalty: 0]
[feature_contri: ]
[forcedsplits_filename: ]
[refit_decay_rate: 0.9]
[cegb_tradeoff: 1]
[cegb_penalty_split: 0]
[cegb_penalty_feature_lazy: ]
[cegb_penalty_feature_coupled: ]
[path_smooth: 0]
[interaction_constraints: ]
[verbosity: -1]
[saved_feature_importance_type: 0]
[use_quantized_grad: 0]
[num_grad_quant_bins: 4]
[quant_train_renew_leaf: 0]
[stochastic_rounding: 1]
[linear_tree: 0]
[max_bin: 255]
[max_bin_by_feature: ]
[min_data_in_bin: 3]
[bin_construct_sample_cnt: 200000]
[data_random_seed: 1]
[is_enable_sparse: 1]
[enable_bundle: 1]
[use_missing: 1]
[zero_as_missing: 0]
[feature_pre_filter: 1]
[pre_partition: 0]
[two_round: 0]
[header: 0]
[label_column: ]
[weight_column: ]
[group_column: ]
[ignore_column: ]
[categorical_feature: ]
[forcedbins_filename: ]
[precise_float_parser: 0]
[parser_config_file: ]
[objective_seed: 5]
[num_class: 1]
[is_unbalance: 0]
[scale_pos_weight: 1]
[sigmoid: 1]
[boost_from_average: 1]
[reg_sqrt: 0]
[alpha: 0.9]
[fair_c: 1]
[poisson_max_delta_step: 0.7]
[tweedie_variance_power: 1.5]
[lambdarank_truncation_level: 30]
[lambdarank_norm: 1]
[label_gain: ]
[lambdarank_position_bias_regularization: 0]
[eval_at: ]
[multi_error_top_k: 1]
[auc_mu_weights: ]
[num_machines: 1]
[local_listen_port: 12400]
[time_out: 120]
[machine_list_filename: ]
[machines: ]
[gpu_platform_id: -1]
[gpu_device_id: -1]
[gpu_device_id_list: ]
[gpu_use_dp: 0]
[num_gpu: 1]

end of parameters

pandas_categorical:[]
