tree
version=v4
num_class=1
num_tree_per_iteration=1
label_index=0
max_feature_idx=25
objective=binary sigmoid:1
feature_names=rain_1d rain_3d rain_7d rain_14d rain_30d wet_days_30d days_since_rain wet_spell_today wet_spell_seen days_since_wet_spell spell_deficit reg_rain_7d reg_dry rain_7d_vs_region doy clim_rain_doy clim_dryday_doy clim_onset_doy clim_first_cand_doy clim_false_rate onset_doy_anom rmm1 rmm2 mjo_amp mjo_phase onset_threshold_mm
feature_infos=[0:346.57876586914062] [0:964.80462646484375] [0:1936.1752166748047] [0:3242.0305023193359] [0:5169.823317527771] [0:30] [0:90] [0:1] [0:1] [0:99] [-40:1526.9935302734375] [0:206.38006867099287] [0.049535603715170282:16.606811145510836] [-206.38006867099287:1790.3473903487895] [152:274] [0.039228077977895737:78.65045166015625] [0:1] [153.82353210449219:228] [153.82353210449219:203.72727966308594] [0:0.82352942228317261] [-51.727279663085938:120.17646789550781] [-2.7230477:2.6857595000000001] [-2.8039255000000001:4.0264211000000003] [0.026713300499999999:4.2046590000000004] [1:8] [20:40]
tree_sizes=3438 3559 3572 3582 3549 3554 3562 3566 3561 3559 3559 3548 3577 3553 3556 3557 3556 3564 3557 3569 3552 3556 3555 3545 3571 3541 3574 3545 3571 3569 3577 3572 3557 3566 3558 3575 3565 3581 3574 3555 3570 3562 3577 3569 3568 3550 3575 3567 3570 3568 3550 3550 3569 3573 3567 3536 3540 3554 3566 3566 3566 3566 3559 3570 3553 3556 3553 3532 3572 3561 3566 3569 3566 3590 3572 3542 3549 3550 3540 3563 3580 3572 3566 3567 3551 3557 3547 3566 3558 3572 3555 3541 3554 3534 3575 3550 3553 3555 3575 3547 3527 3581 3574 3551 3539 3539 3584 3559 3551 3570 3536 3551 3555 3581 3571 3556 3567 3559 3522 3567 3572 3578 3547 3548 3543 3563 3551

Tree=0
num_leaves=31
num_cat=0
split_feature=1 16 7 22 5 17 13 0 22 18 21 22 18 24 9 18 5 0 5 13 1 16 5 1 15 13 11 15 13 15
split_gain=145941 22123.9 18255.9 8623.9 6038.5 5493.09 3768.33 3559.11 3542.88 2544.49 1667.93 1418.23 1407.97 1340.69 1310.85 1295.19 1277.05 1192.91 1118.09 845.202 814.215 707.682 647.899 621.465 620.307 610.856 571.982 542.121 531.682 529.472
threshold=13.314293622970583 0.66176471114158641 1.0000000180025095e-35 0.16082139000000004 5.5000000000000009 167.31060028076175 -15.66016576073533 2.5366268157958989 0.16082139000000004 174.09375000000003 -0.14242072499999997 -0.23260509499999996 170.00141906738284 2.5000000000000004 34.500000000000007 169.5933532714844 5.5000000000000009 2.4865337610244755 6.5000000000000009 -63.695709774691615 6.3752079010009775 0.83823528885841381 2.5000000000000004 7.7943044900894174 9.7743926048278826 -36.917227279291062 22.476063048126807 1.9308430552482607 -26.964690820951208 12.646073341369631
decision_type=2 2 2 2 2 2 2 2 2 2 2 2 2 8 2 2 2 2 2 2 2 2 2 2 2 2 2 2 2 2
left_child=1 5 7 4 9 11 18 15 16 28 14 29 -9 21 22 -2 -7 -4 25 -15 -10 -6 -11 -21 -13 -5 -16 -24 -3 -1
right_child=2 3 17 6 13 8 -8 12 20 10 -12 24 -14 19 26 -17 -18 -19 -20 23 -22 -23 27 -25 -26 -27 -28 -29 -30 -31
leaf_value=0.33996797802849943 0.33066548130353163 0.26250688219741924 0.36118099182316077 0.21183557339572875 0.30981567073126837 0.2851629895425456 0.26571197694381055 0.36050764347334679 0.25890311723837445 0.23121218080962502 0.23087474117411849 0.2993317684156554 0.32780801380220137 0.25025183812007579 0.30621251318904558 0.2890337326380289 0.31550628892290528 0.38465120066105385 0.24167263335099434 0.27826002790453341 0.29325533229118084 0.27517407253855741 0.2412386885639673 0.30306948677768897 0.33472403775575416 0.23163911614122268 0.26790393747611507 0.27527497637422221 0.28737742442650932 0.37211343712080736
leaf_weight=3431.0386786311865 2639.0913024991751 3562.2966233789921 6376.1540906727314 9182.6787118911743 7008.4898505657911 5098.5278761535883 9193.1891245990992 5750.6623204499483 7179.3451641201973 4022.5549287050962 10117.616586491466 2764.2385421842337 7705.1102277189493 2254.6057399511337 1326.2674268186092 6388.8643572032452 10834.524504452944 36363.828115597367 9885.4097941070795 13601.696185067296 2270.9824295192957 1865.9648979604244 2295.6696779727936 3099.1051796227694 2241.1621888130903 6809.5252937227488 3668.8673196732998 2390.0189641416073 5418.4843932390213 2049.2860498428345
leaf_count=14037 10797 14574 26086 37568 28673 20859 37611 23527 29372 16457 41393 11309 31523 9224 5426 26138 44326 148771 40443 55647 9291 7634 9392 12679 9169 27859 15010 9778 22168 8384
internal_value=0.300811 0.270495 0.361965 0.257943 0.269359 0.303986 0.238208 0.325493 0.29141 0.254825 0.246275 0.334427 0.341786 0.286491 0.257649 0.301206 0.305796 0.381151 0.228439 0.278982 0.267157 0.30253 0.245937 0.282864 0.315182 0.220263 0.278074 0.25859 0.277509 0.351999
internal_weight=196795 131572 65223.7 95702.4 60631.6 35869.1 35070.8 22483.7 25383.4 32801.8 23821 10485.7 13455.8 27829.9 13703.4 9027.96 15933.1 42740 25877.6 18955.4 9450.33 8874.45 8708.24 16700.8 5005.4 15992.2 4995.13 4685.69 8980.78 5480.32
internal_count=805125 538283 266842 391536 248055 146747 143481 91985 103848 134198 97456 42899 55050 113857 56063 36935 65185 174857 105870 77550 38663 36307 35627 68326 20478 65427 20436 19170 36742 22421
is_linear=0
shrinkage=1


Tree=1
num_leaves=31
num_cat=0
split_feature=1 19 7 22 8 16 19 16 22 16 18 1 11 8 1 12 11 1 11 12 22 12 12 11 5 11 22 22 5 5
split_gain=132318 22304.5 15948.8 8640.31 7259.25 3583.99 3177.75 2330.05 2191.75 2023.47 1320.69 1160.68 1104.1 1055.18 890.814 858.601 788.659 774.911 765.988 756.516 750.013 727.867 717.265 701.869 625.253 726.863 567.057 547.346 530.953 492.642
threshold=13.748407185077669 0.36764706671237951 1.0000000180025095e-35 0.16082139000000004 1.0000000180025095e-35 0.42647059261798864 0.36764706671237951 0.75000000000000011 -0.23260509499999996 0.77941176295280468 180.10011291503909 6.1290192008018503 30.010807182985843 1.0000000180025095e-35 23.269164085388187 4.3544891640866874 80.377632546720136 7.3799193240702161 17.687629925646469 4.1842105263157903 -0.0062803106849999993 14.165634674922602 10.439628482972138 15.793902891665141 7.5000000000000009 18.035498580788683 -1.1087322999999998 -0.20170999999999997 4.5000000000000009 3.5000000000000004
decision_type=2 2 2 2 2 2 2 2 2 2 2 2 2 2 2 2 2 2 2 2 2 2 2 2 2 2 2 2 2 2
left_child=1 5 6 4 10 19 -2 17 -7 11 29 12 21 -8 -4 -10 24 18 -6 -1 -15 -5 28 -11 25 -9 -20 -21 -12 -3
right_child=2 3 14 9 7 8 13 16 15 23 22 -13 -14 20 -16 -17 -18 -19 26 27 -22 -23 -24 -25 -26 -27 -28 -29 -30 -31
leaf_value=0.063732400533845185 0.052559519770253652 -0.045456165065990525 0.061514762394041737 -0.040734138874926579 0.017525018479029538 0.017615662363506451 -0.0079928258533259969 0.00092110566795141312 0.00062919649111897117 -0.041810044316351512 -0.069740172107217488 -0.024430566248136484 -0.063547930417266349 0.030637848605922897 0.080840003664305299 -0.026129626229360037 -0.05533790237631564 0.01498255373167663 0.0097303812100774396 0.049156583559404526 0.0016473782914592011 0.054867543537666097 0.0093161090761824366 -0.074757945745745499 -0.01250656831253099 -0.035850649248493238 -0.017481051839454104 0.0091341436705037124 -0.041420914337414946 -0.02285731329201645
leaf_weight=2755.4619401544333 6875.2643672972918 7944.115350574255 7228.3046989440918 6636.7673938274384 2362.0460565090179 10836.613392472267 4757.6886845827103 1541.8672045469284 5720.8950034528971 1820.4081171452999 9281.6128610372543 4230.0473057925701 10812.496229827404 6483.8904418647289 34578.120672166348 6296.7520402669907 2263.3896141648293 4275.311773866415 2272.4764959812164 1655.7925825566053 3401.2345357090235 204.41855573654175 337.01679866015911 14734.044767767191 7221.349498718977 10462.77478761971 12134.910467997193 1764.7853956073523 2021.0167764574289 3467.5580458343029
leaf_count=11354 28345 32331 29952 26984 9653 44387 19506 6289 23343 7411 37685 17217 43868 26589 143426 25677 9209 17497 9293 6835 13948 832 1377 59728 29488 42605 49547 7245 8232 14135
internal_value=6.51965e-06 -0.0283076 0.0594982 -0.0391222 -0.0280897 0.0104439 0.0245208 -0.0158431 0.0013106 -0.0579453 -0.0506852 -0.0479629 -0.0535998 0.0113531 0.0775002 -0.0133923 -0.0274237 -0.00401716 -0.00886168 0.0442359 0.0206641 -0.0378699 -0.0625374 -0.0711376 -0.0241348 -0.031128 -0.0131886 0.0285164 -0.0646805 -0.0385919
internal_weight=196378 133054 63324.5 104024 65585.4 29030.3 21518.1 42534.1 22854.3 38438.2 23051.3 21883.7 17653.7 14642.8 41806.4 12017.6 21489.4 21044.7 16769.4 6176.04 9885.12 6841.19 11639.6 16554.5 19226 12004.6 14407.4 3420.58 11302.6 11411.7
internal_count=803988 542222 261766 423381 267341 118841 88388 173581 93407 156040 93760 88901 71684 60043 173378 49020 87591 85990 68493 25434 40537 27816 47294 67139 78382 48894 58840 14080 45917 46466
is_linear=0
shrinkage=0.05


Tree=2
num_leaves=31
num_cat=0
split_feature=7 6 15 15 14 6 22 24 0 20 24 15 15 22 14 20 22 13 20 13 0 0 14 14 20 22 20 22 14 24
split_gain=116341 22037.2 8569.82 7582.05 5396.53 4989.06 3713.48 3670.34 3073.91 2989.65 2167.26 1954.55 1869.56 1805.09 1740.97 1682.51 1672.81 1325.87 1236.17 1126.08 1047.34 836.263 799.824 791.503 723.546 1057.62 697.833 643.192 628.16 611.766
threshold=1.0000000180025095e-35 1.5000000000000002 3.708223938941956 4.9859051704406747 221.50000000000003 1.5000000000000002 0.14726732500000003 2.5000000000000004 6.2451779842376718 -7.7343139648437491 3.5000000000000004 10.599842071533205 9.7743926048278826 1.0000000180025095e-35 258.50000000000006 6.7537841796875009 0.16082139000000004 -28.604888029857864 5.3230590820312509 -41.19255329425166 4.7231981754302987 5.5370237827301034 262.50000000000006 253.50000000000003 -6.5469207763671866 0.16082139000000004 6.2876815795898446 -0.047694848849999992 249.50000000000003 2.5000000000000004
decision_type=2 2 2 2 2 2 2 8 2 2 8 2 2 2 2 2 2 2 2 2 2 2 2 2 2 2 2 2 2 8
left_child=1 3 4 8 10 20 9 -6 13 -4 18 19 21 15 16 -1 -9 -8 -3 -11 -2 -5 -19 -15 -12 -26 -10 -28 -18 -17
right_child=5 2 6 12 7 -7 17 14 26 11 24 -13 -14 23 -16 29 28 22 -20 -21 -22 -23 -24 -25 25 -27 27 -29 -30 -31
leaf_value=-0.03011428385689964 0.059977842792759521 -0.053993286588304212 -0.058502728165989205 0.011437649331165426 0.018478118342956359 0.0010312070541135907 -0.056010049449484803 -0.028692993847896722 -0.0046451276648313061 -0.026863764979420987 -0.078644724750844955 0.050356724448282653 0.060480098601348745 -0.040728703871529374 -0.009650112802585457 0.021818541034843091 -0.07513486979007597 -0.033879147145975452 -0.021725045699415579 0.0031272060698111104 0.077586481968759433 0.038121959670840956 -0.00087776388282097663 -0.0014595975973796744 -0.047987228202955423 -0.070818069302121339 0.036875519117453098 0.0050208874994086931 -0.037407085499646373 -0.0039644672407449406
leaf_weight=5120.890849262476 11438.386753544211 6817.3454722762108 2284.4140120148659 6938.4564809948206 3758.9385149925947 2547.3672809749842 5407.2394720166922 6659.9909480512142 2901.4409596771002 3944.2028418630362 7458.1581533402205 1879.4419362992048 4510.3621064275503 8050.0786016136408 4551.7271384596825 3538.4923186153173 4301.4309392869473 6687.2202482819557 5259.7405110746622 15144.204787760973 32506.468458041549 5090.6451790779829 2530.766860127449 1526.5701288431883 9317.6615912616253 11165.134066477418 4145.1850392073393 2565.5644018799067 1488.2188878655434 6572.8288463950157
leaf_count=20823 47751 27610 9255 28426 15341 10505 21845 27077 11875 16072 30107 7820 18767 32642 18472 14484 17355 27159 21399 61942 137004 21003 10274 6211 37778 44994 17058 10502 6014 26845
internal_value=-2.36119e-05 -0.0214915 -0.035283 0.0052079 -0.0469164 0.0690612 -0.0166152 -0.0262292 -0.00816105 -0.00419859 -0.0576475 0.00172027 0.0330294 -0.0174615 -0.0361143 -0.00676661 -0.0457883 -0.0363545 -0.039943 -0.00307086 0.0730046 0.0227325 -0.0248198 -0.0344698 -0.0652984 -0.0604351 0.0158425 0.0246998 -0.0654451 0.00505965
internal_weight=196109 149616 98655.8 50960.5 60778.3 46492.2 37877.5 20760.3 34421.1 23252.3 40018 20967.8 16539.5 24808.9 17001.4 15232.2 12449.6 14625.2 12077.1 19088.4 43944.9 12029.1 9217.99 9576.65 27941 20482.8 9612.19 6710.75 5789.65 10111.3
internal_count=804410 609150 400514 208636 246147 195260 154367 84259 140440 95089 161888 85834 68196 101005 68918 62152 50446 59278 49009 78014 184755 49429 37433 38853 112879 82772 39435 27560 23369 41329
is_linear=0
shrinkage=0.05


Tree=3
num_leaves=31
num_cat=0
split_feature=7 19 6 22 8 6 17 10 13 22 13 13 9 10 6 22 18 6 6 21 24 13 22 21 6 21 8 6 4 4
split_gain=105944 22949.3 10974 5128.7 4589.66 4578.39 4253.21 3907.63 2214.22 2191.09 1686.76 1511.55 1167.22 1096.97 1071.96 1067.15 908.214 874.021 816.9 808.394 778.723 764.125 758.036 734.825 632.188 546.694 450.189 432.39 427.887 381.014
threshold=1.0000000180025095e-35 0.36764706671237951 1.5000000000000002 0.16082139000000004 1.0000000180025095e-35 1.5000000000000002 163.60294342041018 -2.9526132643222804 -12.766736373824322 0.030713726750000003 -44.530055251664507 -33.862050147456088 33.500000000000007 14.989200115203859 1.0000000180025095e-35 -0.14198879499999997 174.26782989501956 1.0000000180025095e-35 1.0000000180025095e-35 -0.25585415999999994 2.5000000000000004 -36.917227279291062 0.04601305725000001 -0.16231458499999998 1.0000000180025095e-35 0.44911027000000009 1.0000000180025095e-35 1.0000000180025095e-35 35.810577183961875 111.5264671444893
decision_type=2 2 2 2 2 2 2 10 2 2 2 2 2 10 2 2 2 2 2 2 8 2 2 2 2 2 2 2 2 2
left_child=1 6 7 4 12 13 15 11 21 14 23 22 16 27 -8 -1 -4 -11 -13 -14 -12 -5 -3 -6 -9 -23 -17 -2 -16 -22
right_child=5 2 3 8 10 -7 9 24 -10 17 20 18 19 -15 28 26 -18 -19 -20 -21 29 25 -24 -25 -26 -27 -28 -29 -30 -31
leaf_value=0.054808139770750941 0.061944001976650259 -0.021455033620961815 -0.037472024256365526 -0.072269534309141722 -0.021789098012463044 0.001938970965456741 0.039754066397930658 0.029478844425277359 -0.03101645870759788 0.012872236096737395 -0.00062485791376521718 0.0014000290512912596 -0.020282623621031646 0.074875784060590381 -0.01127364002030834 0.057906483023544723 -0.070405544567217718 -0.024307456088126234 -0.021415447424694197 -0.053459705442080188 -0.025103352076135239 -0.047100130080847818 -0.049716694385171845 -0.052729782315893974 0.0027978987765363826 -0.07088835057857619 0.016864288019863175 0.037811851199900048 0.013413766129735126 -0.0083013395236578996
leaf_weight=6341.1145806014538 7487.5774082988501 5717.489834472537 2856.7659121155739 12949.745315879583 3335.6976628750563 2578.5716366320848 3564.4518917053938 6065.1717354208231 6457.295026704669 2055.2778104394674 8384.041049182415 9268.5338739305735 3928.7183769494295 33319.193189442158 2266.8390643149614 799.60223802924156 7874.8482529222965 6836.9350642114878 6801.7395340055227 3449.3136245459318 10272.372467502952 7818.4673541784286 4058.2161748856306 4524.3889756351709 3502.129262894392 3504.638695076108 4049.7603406012058 2476.4289934486151 7765.0304945856333 5026.2295515835285
leaf_count=26593 31908 23290 11535 51919 13512 10633 14788 25027 26067 8458 34189 37841 15899 142854 9248 3310 31632 27717 27606 13896 41679 31410 16377 18284 14305 14086 16751 10399 31880 20456
internal_value=0.000187941 -0.0202087 -0.0307745 -0.0409911 -0.0310541 0.0666647 0.0161186 -0.00758401 -0.0570452 0.00358399 -0.0195346 -0.017689 -0.0511162 0.0705205 0.0162051 0.0413058 -0.0616429 -0.0157135 -0.00825735 -0.0357984 -0.0128725 -0.0639681 -0.0331913 -0.0396035 0.0197135 -0.0544685 0.0236422 0.0559507 0.00783474 -0.0195841
internal_weight=195337 149475 115796 80382.5 49652.4 45861.8 33679 35413.3 30730.1 22488.5 31542.7 25846 18109.6 43283.2 13596.3 11190.5 10731.6 8892.21 16070.3 7378.03 23682.6 24272.9 9775.71 7860.09 9567.3 11323.1 4849.36 9964.01 10031.9 15298.6
internal_count=803549 607755 469010 324564 201082 195794 138745 144446 123482 92091 128120 105114 72962 185161 55916 46654 43167 36175 65447 29795 96324 97415 39667 31796 39332 45496 20061 42307 41128 62135
is_linear=0
shrinkage=0.05


Tree=4
num_leaves=31
num_cat=0
split_feature=1 16 7 20 18 24 18 0 24 14 14 24 5 14 24 20 18 0 1 14 21 1 24 9 24 20 14 11 18 1
split_gain=102802 16324.7 11898.8 6667.99 4971.75 4374.24 3296.98 2678.35 2489.33 2206.52 2124.36 1823.59 1566.41 1521.92 1275.8 1017.22 958.158 876.832 876.445 873.859 746.454 737.613 705.134 614.698 612.707 578.367 559.906 541.536 532.13 515
threshold=14.213365554809572 0.69117647409439098 1.0000000180025095e-35 35.621322631835945 161.1470642089844 2.5000000000000004 175.58020782470706 2.5366268157958989 4.5000000000000009 258.50000000000006 232.50000000000003 2.5000000000000004 6.5000000000000009 186.50000000000003 3.5000000000000004 -4.4447250366210929 169.5933532714844 2.4865337610244755 3.9799674749374394 244.50000000000003 0.48634322000000002 5.9182875156402597 3.5000000000000004 36.500000000000007 4.5000000000000009 23.059715270996097 242.50000000000003 50.76485803746403 169.52228546142581 8.634866416454317
decision_type=2 2 2 2 2 8 2 2 10 2 2 8 2 2 10 2 2 2 2 2 2 2 8 2 8 2 2 2 2 2
left_child=1 4 7 6 10 -5 18 15 12 14 -1 13 27 -8 23 -2 -9 -4 28 -16 -11 -13 -14 -7 -12 -18 -10 -6 -3 -24
right_child=2 3 17 5 8 9 11 16 26 20 24 21 22 -15 19 -17 25 -19 -20 -21 -22 -23 29 -25 -26 -27 -28 -29 -30 -31
leaf_value=0.053545712649280576 -0.032154551137467582 -0.018905202186919566 0.052750657446963535 0.017868756643596023 -0.0095161731950545378 -0.020194740396110317 -0.053531654151033406 0.055341242386938216 -0.039903742913120398 0.0079834669458639131 0.034987310404434938 -0.06797177451531615 0.023394368699104866 -0.0099316560771872345 -0.064325180939851789 0.010816510062816004 0.0090839103972782474 0.073898524255856954 -0.011928888629620622 -0.031439873707732095 -0.022267699735465492 -0.045521842109904613 -0.0044517556099310587 -0.04199111617058985 -0.0044472632151239351 0.038188918686938189 -0.013351727088602175 -0.035243649801610738 -0.044051310942574876 0.02146322798060693
leaf_weight=5119.9367591887712 1750.051526337862 2833.4525464475155 5754.2869967520237 6094.9848961830139 9013.7983014881611 9866.1616000682116 5454.4617627710104 5023.475792363286 6200.0046861469746 4377.7821438163519 1392.8704248964787 21328.988472625613 5406.6775318980217 3162.205753237009 5246.9620967954397 6450.1159028559923 2794.3931381553411 33552.600839972496 4765.2087115943432 3289.9284620732069 3815.7080744355917 4427.2345231920481 8558.6873643547297 4814.7594438046217 3357.3806892931461 4388.1583449840546 2922.6024169921875 2645.2429815232754 8194.9719078987837 2469.397189900279
leaf_count=21543 7106 11454 24747 24923 36607 39931 21937 21270 25038 17736 5866 85515 22290 12815 21078 26497 11534 147152 19334 13263 15439 17873 34853 19386 13905 18241 11810 10722 32978 10204
internal_value=0.000111313 -0.0240876 0.0547225 -0.036841 -0.000341182 -0.0208927 -0.0487638 0.0237438 -0.00870834 -0.0284143 0.0312056 -0.0574527 -0.00133916 -0.037534 -0.0362864 0.00164297 0.0385902 0.070804 -0.0298509 -0.0516571 -0.0061055 -0.0641148 0.00860479 -0.0273455 0.00712069 0.0268684 -0.0313997 -0.0153558 -0.037593 0.00135252
internal_weight=194472 134759 59713.1 87672.8 47086.6 37506.3 50166.5 20406.2 37216.4 31411.3 9870.19 34372.9 28093.8 8616.67 23217.8 8200.17 12206 39306.9 15793.6 8536.89 8193.49 25756.2 16434.8 14680.9 4750.25 7182.55 9122.61 11659 11028.4 11028.1
internal_count=803047 546500 256547 353662 192838 151756 201906 84648 151524 126833 41314 138140 114676 34752 93658 33603 51045 171899 63766 34341 33175 103388 67347 59317 19771 29775 36848 47329 44432 45057
is_linear=0
shrinkage=0.05


Tree=5
num_leaves=31
num_cat=0
split_feature=7 19 0 20 24 17 0 24 20 10 20 22 22 20 17 12 0 20 13 24 0 18 12 20 22 24 20 10 10 10
split_gain=89455.9 19369 9394.76 7459.6 4074.71 3614.75 3245.17 2882.64 2172.65 2169.68 1979.53 2043.33 1953.97 1791.65 1663.56 1069.25 871.866 842.657 804.388 791.538 787.06 683.851 657.963 648.355 846.544 594.475 562.977 484.995 454.802 450.988
threshold=1.0000000180025095e-35 0.36764706671237951 3.0643438100814824 39.940284729003913 2.5000000000000004 163.60294342041018 2.4865337610244755 3.5000000000000004 77.333641052246108 -4.6556401729583756 72.476669311523452 0.16082139000000004 0.030713726750000003 11.059715270996096 188.31666564941409 3.6207430340557281 2.5366268157958989 7.6948242187500009 -32.708159159603682 2.5000000000000004 3.894195675849915 172.2738952636719 3.187306501547988 4.8575057983398446 0.16082139000000004 6.5000000000000009 1.9701385498046877 16.496585294604301 16.496585294604301 -1.510983614623546
decision_type=2 2 2 2 8 2 2 8 2 8 2 2 2 2 2 2 2 2 2 8 2 2 2 2 2 8 2 10 10 8
left_child=1 5 3 7 -5 8 28 13 -1 17 11 18 16 21 22 -10 -7 -4 -6 -19 -14 -3 -9 29 -25 -12 -11 -8 -2 -16
right_child=6 2 9 4 10 12 27 14 15 26 25 -13 20 -15 23 -17 -18 19 -20 -21 -22 -23 -24 24 -26 -27 -28 -29 -30 -31
leaf_value=0.059543762697761363 0.022833272553267656 -0.012196203137547615 -0.034425439532536704 0.017273904446574544 -0.03615019437108502 0.0080565027749131893 0.058553300428110799 -0.021193838498014581 0.041950176959728233 0.0040495861337063628 -0.024525434050119421 -0.052455137825568793 -0.021240774970247664 -0.0062787153046119024 -0.072903986154287934 -0.0038785391834035791 0.037033044507804418 0.02896045814057556 -0.0083648004003727492 -0.0098672849718302799 0.019342882515715809 -0.045711566708902945 -0.046480130480598222 -0.039667792417488065 -0.064065749647391118 -0.0037750039732995042 0.033402732168055296 0.072654306711281369 0.045553240280603577 -0.048589700221441101
leaf_weight=5830.5850291252136 3848.3643749803305 1804.0650559961796 2651.530501678586 6781.5189384818077 4588.490690946579 10053.741548553109 7892.8857250511646 3973.7883735150099 2177.3802321404219 2326.4803833663464 5418.7265875786543 9331.4712833017111 7400.6951815038919 5721.1147751808167 10618.186344951391 3061.0966202318668 3498.9661370962858 1648.0203585624695 6025.2784784436226 6432.6152398884296 1423.7864939719439 9764.0233384817839 7309.2681982964277 6474.196133390069 7906.8423634022474 9506.0181604027748 5485.5043343305588 27275.830638796091 5161.598955988884 2335.4360572397709
leaf_count=24970 16260 7280 10714 27784 18496 41295 34829 15989 9210 9546 21867 37403 29917 23214 42531 12771 14713 6782 24403 26163 5916 39215 29353 26013 31666 38461 22897 122373 22287 9382
internal_value=0.000120684 -0.0183463 -0.0280042 -0.0342051 -0.0181863 0.0151792 0.0626319 -0.0461388 0.0385492 0.00461841 -0.0250829 -0.0353879 0.00361791 -0.0291678 -0.0537358 0.0151746 0.0155397 -0.00997287 -0.0203791 -0.00194588 -0.0146914 -0.0404863 -0.0375772 -0.0604041 -0.0530856 -0.01131 0.0246627 0.0694914 0.0358526 -0.0685244
internal_weight=193728 149549 116103 97558.4 41651.5 33446.3 44178.7 55906.9 11069.1 18544.2 34870 19945.2 22377.2 17289.2 38617.7 5238.48 13552.7 10732.2 10613.8 8080.64 8824.48 11568.1 11283.1 27334.7 14381 14924.7 7811.98 35168.7 9009.96 12953.6
internal_count=803700 607951 469159 393057 168414 138792 195749 224643 46951 76102 140630 80302 91841 69709 154934 21981 56008 43659 42899 32945 35833 46495 45342 109592 57679 60328 32443 157202 38547 51913
is_linear=0
shrinkage=0.05


Tree=6
num_leaves=31
num_cat=0
split_feature=9 17 6 14 17 6 24 10 14 14 22 21 15 24 14 22 12 22 10 17 14 24 14 5 0 21 22 14 9 14
split_gain=82577.8 15160 10186.8 5286.17 4328.6 4056.82 3529.53 3450.99 2264.95 1996.82 1799.39 1736.27 1723.22 1316.91 1336.83 1207.92 1149.58 988.654 986.193 828.547 799.658 767.158 739.28 640.908 590.705 578.185 709.364 544.027 537.493 511.323
threshold=1.0000000180025095e-35 168.56278228759768 1.5000000000000002 221.50000000000003 186.7349548339844 1.5000000000000002 2.5000000000000004 -3.3224043369293201 233.50000000000003 258.50000000000006 0.14726732500000003 -0.19994983999999996 3.0284491777420048 2.5000000000000004 184.50000000000003 -0.25361239999999996 3.5959752321981431 -0.047694848849999992 18.959673434495929 161.37132263183597 181.50000000000003 3.5000000000000004 246.50000000000003 2.5000000000000004 6.2451779842376718 0.48634322000000002 0.32628046000000005 189.50000000000003 38.500000000000007 262.50000000000006
decision_type=2 2 2 2 2 2 8 10 2 2 2 2 2 8 2 2 2 2 10 2 2 8 2 2 2 2 2 2 2 2
left_child=5 8 7 4 15 18 -5 12 19 10 11 -8 21 14 -6 23 -10 -14 -1 -2 -9 27 -12 -4 -22 -11 -27 -3 -13 -18
right_child=1 2 3 6 13 -7 9 20 16 25 22 28 17 -15 -16 -17 29 -19 -20 -21 24 -23 -24 -25 -26 26 -28 -29 -30 -31
leaf_value=0.052312299701461451 0.065437676549284521 -0.023533522509768489 -0.030244795229282914 0.015894463095693485 -0.053014278633748496 -0.00035565757654105177 0.0073756688171708017 -0.0044077720964369104 0.033109564545979048 0.0051247708477913691 -0.058475513953703408 -0.026135036644996126 0.0090941569569854101 -0.058361402827722536 -0.013094679382654391 -0.035601792770713188 -0.021811601942665387 -0.015040770625785524 0.069553983582498646 0.033269161426423319 0.014569542201406103 -0.032623582762986388 -0.030152232372199678 -0.0015352404717737279 0.04002908873349751 -0.00021182736597296191 -0.039901826172127917 0.013465733369666562 -0.05671698670912495 0.014987868743637341
leaf_weight=11632.193995520473 3694.4983842074871 2159.6263923048973 2780.6572651565075 6353.4655015766621 4857.1608715057373 2552.4243855327368 3886.6025784909725 2537.0926814377308 2891.1748374253511 5268.0524207353592 6662.7596047073603 6037.6669712662697 10043.248276561499 26449.66061976552 3691.7655677497387 9460.5195732414722 2545.4764837175608 7345.8765896260738 29060.161230862141 4376.798192024231 4548.7689148783684 9516.5687230974436 3527.2426638305187 6455.2793220281601 4567.0396506637335 2345.1937901973724 2164.0731920301914 1838.3617264181376 1886.3764588683844 1499.1142221093178
leaf_count=51813 16125 8725 11197 26107 19466 10646 15718 10438 12267 21324 26696 24415 41236 106049 14904 37992 10608 29789 133129 18522 18698 38355 14139 26213 19341 9485 8686 7537 7577 6185
internal_value=-5.3273e-05 -0.0176666 -0.0229894 -0.0323609 -0.0424704 0.0607914 -0.0181244 -0.00276753 0.0299952 -0.0249262 -0.0332814 -0.0199967 -0.0115107 -0.0528465 -0.035779 -0.0230454 0.00903871 -0.0011017 0.0646267 0.048 0.0204185 -0.0249029 -0.0486754 -0.0101811 0.0273278 -0.00612423 -0.0192644 -0.00652135 -0.0334215 -0.00817167
internal_weight=192635 149390 134383 91826.5 53695 43244.8 38131.4 42556.6 15007.1 31778 22000.6 11810.6 30903.7 34998.6 8548.93 18696.5 6935.77 17389.1 40692.4 8071.3 11652.9 13514.6 10190 9235.94 9115.81 9777.32 4509.27 3997.99 7924.04 4044.59
internal_count=803382 607794 544087 369968 215821 195588 154147 174119 63707 128040 88545 47710 125642 140419 34370 75402 29060 71025 184942 34647 48477 54617 40835 37410 38039 39495 18171 16262 31992 16793
is_linear=0
shrinkage=0.05


Tree=7
num_leaves=31
num_cat=0
split_feature=1 16 7 14 24 16 16 14 16 24 24 12 24 24 4 14 14 1 5 21 21 16 1 14 24 1 21 12 11 23
split_gain=80021.4 13015.1 9172.97 5241.84 3722.63 3166.31 2326.9 1938.49 1834.1 1469.73 1267.21 1055.22 954.834 941.899 954.067 885.498 827.285 824.078 822.435 759.024 715.656 701.182 622.339 600.096 522.636 510.014 501.331 442.275 439.711 414.027
threshold=14.947151184082033 0.66176471114158641 1.0000000180025095e-35 222.50000000000003 2.5000000000000004 0.48529411852359777 0.77941176295280468 258.50000000000006 0.66176471114158641 4.5000000000000009 3.5000000000000004 4.3854489164086692 3.5000000000000004 3.5000000000000004 82.781527869403376 245.50000000000003 225.50000000000003 8.0656802654266375 6.5000000000000009 -0.19011549499999997 0.44911027000000009 0.25000000745058065 23.269164085388187 189.50000000000003 3.5000000000000004 5.3780717700719842 -1.0149756999999997 6.3018575851393193 80.377632546720136 1.0070672000000003
decision_type=2 2 2 2 8 2 2 2 2 10 10 2 8 10 2 2 2 2 2 2 2 2 2 2 8 2 2 2 2 2
left_child=1 5 8 6 28 11 10 13 -2 17 18 -1 23 14 19 26 -10 24 29 -6 -9 -13 -4 27 -7 -14 -15 -8 -5 -3
right_child=2 3 22 4 7 9 12 20 16 -11 -12 21 25 15 -16 -17 -18 -19 -20 -21 -22 -23 -24 -25 -26 -27 -28 -29 -30 -31
leaf_value=0.048501460573830556 0.04202726458893339 -0.035952885166296404 0.050565807621696324 0.022323552565152088 -0.015173953905353352 0.010166893172980487 -0.036084278071117186 0.0090664143652252616 -0.00092229390078978209 -0.023238009436709731 -0.04524631821123206 0.046284405774483978 -0.056803207632123036 -0.023930092898258381 -0.0065710806281337342 -0.0256537455092067 0.026510194771221775 0.02165798583323331 -0.0061505051771750929 -0.04599452116290479 -0.017885440270962723 0.0021559681749745534 0.068454594844412103 -0.013689161548697516 -0.008449240508644245 -0.037917589880611592 -0.066198792677462176 -0.065991041940185791 -0.034995322963807494 -0.017738812004795653
leaf_weight=4326.1031953245401 7391.3165112286806 7431.4482800960541 5798.9496991038322 6107.3571784049273 3386.6910648047924 5739.3546055406332 6487.2649094313383 5092.4226246923208 6856.70441660285 7012.703271985054 7570.3044045716524 1231.3194790780544 19144.404235392809 862.51864153146744 5559.5443326532841 3724.4003592133522 4585.7039538472891 4688.1388253718615 6225.6890113949776 4874.3273815959692 4768.3650498539209 3340.4091402441263 30581.445684060454 2490.018385514617 10983.870217218995 4406.6560741215944 3792.5914800912142 1529.172030583024 353.10436670482159 5383.4610933512449
leaf_count=18766 31755 29879 26506 25223 13650 23685 26054 20666 28229 28363 30451 5386 76938 3465 22543 14987 19197 19616 25283 19606 19273 14016 143799 10067 44690 17761 15252 6137 1454 21719
internal_value=0.000150286 -0.0203931 0.0509414 -0.0298632 -0.0154379 0.00477542 -0.0390222 -0.0224151 0.0226151 -0.00337306 -0.0279425 0.0308031 -0.0476782 -0.0306088 -0.0225866 -0.0438357 0.010073 0.00313394 -0.0210607 -0.0333627 -0.00396714 0.0140488 0.0656046 -0.0351371 -0.00206002 -0.0532713 -0.0583739 -0.0417966 0.0191858 -0.0283033
internal_weight=191726 136512 55214.1 99189.7 38521.3 37321.9 60668.4 32060.9 18833.7 28424.1 26610.9 8897.83 34057.5 22200.1 13820.6 8379.51 11442.4 21411.4 19040.6 8261.02 9860.79 4571.73 36380.4 10506.5 16723.2 23551.1 4655.11 8016.44 6460.46 12814.9
internal_count=804416 554930 249486 400408 156119 154522 244289 129442 79181 116354 107332 38168 136957 89503 55799 33704 47426 87991 76881 33256 39939 19402 170305 42258 68375 94699 18717 32191 26677 51598
is_linear=0
shrinkage=0.05


Tree=8
num_leaves=31
num_cat=0
split_feature=7 19 0 22 6 5 0 22 12 10 11 12 11 10 17 16 16 12 11 17 11 17 21 5 9 22 12 22 0 21
split_gain=69965.1 14696.7 7335.75 4718.84 3852.69 3579 2834.69 1886.6 1610.29 1595.79 1358.2 1103.23 995.342 932.108 866.322 852.586 759.144 692.918 838.826 676.358 625.662 579.866 505.835 476.245 439.78 428.307 423.729 407.742 400.631 390.494
threshold=1.0000000180025095e-35 0.36764706671237951 3.3772941827774052 0.16082139000000004 1.5000000000000002 5.5000000000000009 2.2954241037368779 -0.17849789999999996 10.332817337461302 -4.6556401729583756 49.240419371982021 14.165634674922602 80.377632546720136 17.309886181354525 196.05555725097659 0.42647059261798864 0.75000000000000011 5.4272445820433441 12.778281696572909 163.60294342041018 45.808174089295072 158.54411315917972 0.30427013500000005 7.5000000000000009 24.500000000000004 -0.19567234999999997 2.1965944272445825 -1.0697576499999999 4.7231981754302987 0.38595135500000005
decision_type=2 2 2 2 2 2 2 2 2 8 2 2 2 10 2 2 2 2 2 2 2 2 2 2 2 2 2 2 2 2
left_child=1 6 3 5 13 8 7 15 14 25 11 17 16 28 20 -1 -7 29 -19 -8 -3 -9 24 -12 -16 -4 -18 -17 -2 -5
right_child=4 2 9 10 -6 12 19 21 -10 -11 23 -13 -14 -15 22 27 26 18 -20 -21 -22 -23 -24 -25 -26 -27 -28 -29 -30 -31
leaf_value=0.045361227689576941 0.037944623096311171 -0.021210922210783942 0.0026175510191710906 -0.020251603333142066 -0.0022375587026243109 0.0038207134188871445 0.049934149598413351 0.019365963986660465 0.022669244004234736 0.023137552982046124 -0.062950382163771065 0.057690356589767011 -0.036321264928440122 0.066260264210334222 -0.050301257190326014 0.028816223524555748 0.0037796072618835452 -0.020958519043255387 -0.052409290265085777 0.024076431509071784 -0.040119771935806958 -0.015179161806575265 -0.059432763932941751 -0.043566899218826644 -0.028399218547084576 -0.018206394516338306 -0.018324895469649376 0.0049359767625467583 0.057640613174260495 -0.041088309809516471
leaf_weight=2260.4475695192814 4706.5859459489584 13014.522737711668 5090.0228670686483 6339.7168447971344 2521.1157860457897 12627.465715125203 4446.1596392840147 1384.3416760265827 1291.3847757875919 7468.6184193789959 9024.4518748223782 307.39934557676315 2789.9888652414083 28324.542686700821 4039.3253410458565 2412.7194639444351 2774.0164673030376 2723.7461928874254 9594.7748217433691 5871.9441753178835 6593.3892669975758 9871.7094290405512 3839.9214014858007 4902.4681445658207 5311.4881591498852 4794.4257040321827 9918.7148369550705 6892.1211187690496 5746.7876581549644 3487.2215808779001
leaf_count=9992 21051 52438 20805 25502 10570 51431 19781 5835 5248 31433 36466 1246 11241 136580 16263 10051 11235 10937 38605 24813 26505 40096 15449 19712 21422 19376 40030 28492 27036 14018
internal_value=6.67959e-05 -0.0158877 -0.0242813 -0.0295582 0.0576549 -0.0211914 0.0134758 0.00364247 -0.0320823 0.00569592 -0.0438622 -0.0362502 -0.00798301 0.0615487 -0.0342387 0.0178243 -0.00485915 -0.0375568 -0.0454575 0.0352225 -0.027571 -0.0109292 -0.0441474 -0.0561307 -0.0378647 -0.00748387 -0.013494 0.0111305 0.0487771 -0.0276492
internal_weight=190372 149073 115933 98580 41299 62200.2 33139.4 22821.3 34090 17353.1 36379.8 22452.9 28110.2 38777.9 32798.6 11565.3 25320.2 22145.5 12318.5 10318.1 19607.9 11256.1 13190.7 13926.9 9350.81 9884.45 12692.7 9304.84 10453.4 9826.94
internal_count=803659 608422 469362 397748 195237 251262 139060 94466 137325 71614 146486 90308 113937 184667 132077 48535 102696 89062 49542 44594 78943 45931 53134 56178 37685 40181 51265 38543 48087 39520
is_linear=0
shrinkage=0.05


Tree=9
num_leaves=31
num_cat=0
split_feature=1 19 9 14 19 21 19 24 14 14 24 14 14 1 8 24 1 24 17 14 13 24 17 1 11 24 17 14 14 11
split_gain=68222.8 10348.5 10242.9 5497.64 3341.81 2682.64 2009.89 1878.26 1791.51 1629.36 1242.31 1046.96 998.342 890.856 874.691 871.446 867.865 864.963 687.148 671.123 506.83 501.496 479.939 450.237 428.358 420.18 414.331 390.668 389.142 356.356
threshold=12.898411482572557 0.51470589637756359 1.0000000180025095e-35 220.50000000000003 0.1911764740943909 1.0000000180025095e-35 0.33823530375957495 4.5000000000000009 234.50000000000003 243.50000000000003 3.5000000000000004 225.50000000000003 189.50000000000003 21.318968534469608 1.0000000180025095e-35 3.5000000000000004 3.0845344066619877 2.5000000000000004 188.74206542968753 258.50000000000006 -18.501915153300519 4.5000000000000009 190.72883605957034 6.8471797704696664 18.435597973895888 2.5000000000000004 159.17646789550784 248.50000000000003 261.50000000000006 38.354455597295022
decision_type=2 2 2 2 2 2 2 10 2 2 8 2 2 2 2 8 2 8 2 2 2 8 2 2 2 8 2 2 2 2
left_child=1 4 13 10 8 17 -4 14 26 -7 12 18 -3 -2 -6 -16 -12 -5 -8 -19 -11 -10 -18 -17 -14 -13 -1 -9 29 -23
right_child=2 3 6 5 7 9 11 27 21 20 16 25 24 -15 15 23 22 19 -20 -21 -22 28 -24 -25 -26 -27 -28 -29 -30 -31
leaf_value=0.063749726415339172 0.043204943724384888 -0.038941340328343364 0.043324309514732151 0.015065115037859504 -0.017242130720878893 -0.051777870025970257 0.014909065425516883 -0.033191980275289239 0.026518607953609122 -0.027786984897437556 -0.053210585011099737 0.046814407055877388 0.064079652939839971 0.065112211697725297 0.015247000020343099 -0.0097015477689805715 -0.020275015654254467 -0.016101907093755547 -0.012144926098913525 0.013469067817769839 -0.0055037547153151895 -0.035280810363653291 -0.043416694141914895 0.010413252785939053 -0.013275251574583325 0.01774275168310159 0.03361448982447892 -0.010712782751055784 0.010250695523881786 0.013045314174650324
leaf_weight=1660.1430925279856 5492.4669477641582 9481.4308925122023 6087.0609975457191 5391.9624708294868 7949.4298817068338 5628.2900069504976 4016.0445759743452 7670.9580260366201 1408.7046686410904 6069.8761323690414 22549.834251359105 1626.3805854022503 186.09438374638557 30221.111046776175 8081.3624584078789 11895.799892306328 3415.593863427639 8464.1169780790806 5644.8235595524311 2480.2511359006166 4403.2128516286612 1514.0563382208347 6527.2152169942856 3630.1436520516872 4127.160320147872 5272.6450694203377 3659.8096942305565 2585.394201785326 1536.5421085953712 509.24920602142811
leaf_count=7531 25732 38115 26927 22241 32117 22734 16683 30930 6077 24429 91242 6920 757 149833 33487 48172 13782 34097 23124 10047 17805 6287 26313 15038 16689 22104 15834 10409 6349 2173
internal_value=0.000109621 -0.0199443 0.0450641 -0.0313843 -0.00265839 -0.0156 0.0187583 -0.00893983 0.0228681 -0.0300827 -0.0424453 0.00972629 -0.0298696 0.0617444 -0.00289805 0.00193264 -0.0477831 -0.0013245 -0.000898142 -0.00939981 -0.0184198 0.00127742 -0.0354698 -0.00499811 -0.00992371 0.0246019 0.0430287 -0.0275271 -0.00871567 -0.0231171
internal_weight=189187 130827 58360.5 78725 52101.6 32437.7 22647 41813.1 10288.5 16101.4 46287.3 16559.9 13794.7 35713.6 31556.7 23607.3 32492.6 16336.3 9660.87 10944.4 10473.1 4968.55 9942.81 15525.9 4313.25 6899.03 5319.95 10256.4 3559.85 2023.31
internal_count=803978 532655 271323 318251 214404 131353 95758 170153 44251 64968 186898 68831 55561 175565 128814 96697 131337 66385 39807 44144 42234 20886 40095 63210 17446 29024 23365 41339 14809 8460
is_linear=0
shrinkage=0.05


Tree=10
num_leaves=31
num_cat=0
split_feature=1 18 7 14 17 21 14 1 6 1 14 6 14 13 5 18 21 18 11 13 21 17 4 17 21 14 14 9 2 11
split_gain=62316.4 10218.8 7440.08 5704.69 3427.67 2815.33 1890.23 1825.32 1624.36 1605.99 1416.68 1335.15 743.941 737.269 659.793 655.031 594.626 562.761 537.271 527.856 449.707 437.622 433.646 432.331 429.346 428.66 417.66 401.938 377.386 371.898
threshold=15.719405412673952 172.74019622802737 1.0000000180025095e-35 221.50000000000003 167.31060028076175 1.0000000180025095e-35 232.50000000000003 7.5189951807260522 1.0000000180025095e-35 4.2372688353061685 244.50000000000003 1.5000000000000002 183.50000000000003 -35.336988318284774 7.5000000000000009 171.93548583984378 -0.12487920499999999 172.48621368408206 50.095855824868472 -13.981228322555323 -1.6777381999999998 159.17646789550784 63.550977360457189 157.66176605224612 -1.1594290499999997 191.50000000000003 225.50000000000003 56.500000000000007 27.834084674715999 49.474657544628514
decision_type=2 2 2 2 2 2 2 2 2 2 2 2 2 2 2 2 2 2 2 2 2 2 2 2 2 2 2 2 2 2
left_child=1 4 8 9 6 20 21 13 15 12 28 -4 18 22 -11 -2 -14 -10 -3 -12 29 -1 -6 -8 -23 -19 -17 -22 -7 -5
right_child=2 3 11 5 7 10 23 -9 17 14 19 -13 16 -15 -16 26 -18 25 -20 -21 27 24 -24 -25 -26 -27 -28 -29 -30 -31
leaf_value=0.062981241858912504 0.047081747004013276 -0.047033063380561846 0.063254065591690792 0.056244731032605771 -0.035279305129854846 -0.052232839535747623 0.022095356998351211 0.01236916103260299 0.020121189636770061 -0.031664925313458075 -0.024492202878401381 -0.0035696893511632829 -0.02904875127338867 -0.0076929126508346844 -0.0073600153848408668 0.0089462062104782095 -0.046803069427661471 -0.029861203784108416 -0.067299852428058582 -0.0012859129399757339 0.0046681815588020146 0.0018341592828733317 -0.014572335004590731 -0.0067653695579296506 0.041543276145843994 0.0032264978185509541 0.036936878598097571 -0.013841274083054744 -0.016887450990786909 -0.02804041495311841
leaf_weight=1823.858707010746 4929.918535143137 12368.179938286543 32253.651812255383 628.4675368219614 4544.3798322379589 4954.5629715025425 1935.517096221447 9376.8836552500725 2811.0773952305317 9382.1314865648746 6879.7996374666691 765.12491120398045 9428.0864428281784 23568.582504421473 3976.3186449706554 2896.8508851826191 9452.2865808904171 1531.1139317154884 4456.7373044341803 3805.9617028832436 12120.568084970117 847.02143341302872 5703.4830446094275 3932.060620740056 3468.0243988484144 2710.2501173019409 2468.6013399660587 3868.2128944993019 892.42031279206276 164.5673845410347
leaf_count=8488 22154 50077 164172 2589 18345 20052 8328 39150 11823 37903 27723 3387 38130 95579 16248 12127 38378 6157 18178 15456 49490 3724 23116 16529 15267 11112 10699 15672 3656 678
internal_value=0.00019312 -0.0172271 0.0477764 -0.0283816 -0.000580179 -0.0124134 0.0230507 -0.00714926 0.0212625 -0.0392237 -0.0270569 0.0617055 -0.0447571 -0.0125617 -0.0244313 0.0339246 -0.0379393 0.00277587 -0.0524052 -0.0162277 0.00201352 0.042444 -0.0237573 0.00275696 0.0337508 -0.00872224 0.021829 0.000189549 -0.0468419 0.0387409
internal_weight=187945 137578 50366.6 82378.3 55199.8 33314.6 12006.5 43193.3 17347.8 49063.7 16532.7 33018.8 35705.3 33816.4 13358.5 10295.4 18880.4 7052.44 16824.9 10685.8 16781.8 6138.9 10247.9 5867.58 4315.05 4241.36 5365.45 15988.8 5846.98 793.035
internal_count=804387 562756 241631 334230 228526 135316 52336 176190 74072 198914 66887 167559 144763 137040 54151 44980 76508 29092 68255 43179 68429 27479 41461 24857 18991 17269 22826 65162 23708 3267
is_linear=0
shrinkage=0.05


Tree=11
num_leaves=31
num_cat=0
split_feature=1 19 9 20 22 22 17 20 21 22 0 6 4 10 20 19 20 17 12 21 20 4 1 0 11 1 21 20 22 20
split_gain=57425.4 9983.85 7114.83 4561.57 2879.46 2476.74 1800.42 1766.34 1568.61 1529.49 1501.74 1241.07 1114.16 1096.2 1085.1 896.019 704.475 679.066 627.243 625.766 596.618 567.437 548.81 519.015 518.123 515.602 474.308 445.882 409.874 402.816
threshold=15.719405412673952 0.48529411852359777 1.0000000180025095e-35 36.092330932617195 0.030713726750000003 0.055660221750000009 163.60294342041018 68.123107910156264 -0.19994983999999996 -0.61916297999999992 0.95438385009765636 1.5000000000000002 49.010599318891771 -12.762688983976838 3.4155578613281254 0.22058823704719546 69.119430541992202 173.36931610107425 2.6919504643962853 0.46197338500000007 83.16397857666017 88.059555634856238 8.634866416454317 1.1096200346946719 76.554730456576181 8.7907625436782855 0.62234553500000012 -2.9402847290039058 0.055660221750000009 -0.44994354248046869
decision_type=2 2 2 2 2 2 2 2 2 2 2 2 2 8 2 2 2 2 2 2 2 2 2 2 2 2 2 2 2 2
left_child=1 4 11 9 6 8 20 -7 24 14 27 -2 -8 29 -3 16 -6 -12 -16 -9 -1 -10 -14 -15 -5 -17 -20 -4 -29 -11
right_child=2 3 10 5 15 7 12 19 21 13 17 -13 22 23 18 25 -18 -19 26 -21 -22 -23 -24 -25 -26 -27 -28 28 -30 -31
leaf_value=0.050615041065441041 0.061944058346970976 -0.036306691921516913 -0.025732675206396868 0.014540828875415241 0.024124094371400926 -0.042542629145719484 -0.010440057281348565 0.0023234831915133454 -0.025648343229183437 -0.05828851887919826 0.05087449737978611 -0.0029912085557831508 0.0075715430811720405 -0.038077561768705748 0.017261000793761402 -0.023532423295640075 -0.012013041853061429 0.023414232950399429 -0.01347321441242199 -0.026040319513078503 0.016569216438375552 -0.0037385117950704859 0.029100553869927794 -0.0128886205517939 -0.033986203438105642 0.0014492908004571821 -0.066674109855289751 0.017875328481900824 -0.016906039923463272 -0.044439383692418122
leaf_weight=3251.8539136648178 31237.440200507641 8623.5589719414711 1396.2868897467852 9322.6309694498777 2434.040609523654 9684.5646215379238 7772.9265373498201 4263.1423310488462 6242.0936348885298 8209.4008145034313 3030.5118613988161 753.48180969059467 13161.444549888372 5409.1326908320189 1643.0961484014988 12790.677646592259 3021.914041519165 8765.7443512231112 4785.6556314677 3574.232851549983 2131.259741216898 5611.9354614764452 3818.5794643759727 3290.1586132496595 583.60441429913044 2463.0100151002407 458.27532930672169 2736.7727897912264 1225.5679173916578 14661.689239904284
leaf_count=15213 163840 34901 5632 38285 10527 39317 31593 17208 25175 33683 14092 3332 54110 21930 6681 51550 12537 37584 19293 14395 9237 22832 16379 13394 2386 10215 1851 11426 5019 59710
internal_value=0.000107417 -0.0165039 0.0464836 -0.0268526 0.00107392 -0.0142719 0.0109375 -0.0282625 -0.00300553 -0.0373489 0.0205026 0.0604146 0.00523761 -0.043666 -0.024489 -0.0132791 0.00411012 0.0304726 -0.0096885 -0.0106135 0.0371413 -0.015277 0.0124146 -0.0285534 0.0116788 -0.0194988 -0.0181343 -0.0014467 0.00711576 -0.0494128
internal_weight=186355 137209 49145.8 86363.2 50845.7 39282.2 30136.1 17521.9 21760.3 47081 17154.9 31990.9 24753 31570.4 15510.6 20709.6 5455.95 11796.3 6887.03 7837.38 5383.11 11854 16980 8699.29 9906.24 15253.7 5243.93 5358.63 3962.34 22871.1
internal_count=803327 562402 240925 351041 211361 159598 126532 70920 88678 191443 73753 167172 102082 128717 62726 84829 23064 51676 27825 31603 24450 48007 70489 35324 40671 61765 21144 22077 16445 93393
is_linear=0
shrinkage=0.05


Tree=12
num_leaves=31
num_cat=0
split_feature=1 19 7 14 16 21 22 18 20 22 19 14 22 20 22 20 1 0 22 14 1 22 14 14 20 22 22 21 13 0
split_gain=53415.7 9375.6 6152.98 4353.08 3177.87 2274.17 2089.43 1550.73 1550.33 1509.09 1255.81 1110.41 941.771 923.21 797.975 792.223 751.696 716.988 704.352 669.046 656.5 652.461 613.072 603.285 581.796 631.603 580.189 449.615 444.024 382.795
threshold=16.791589200496677 0.51470589637756359 1.0000000180025095e-35 218.50000000000003 0.48529411852359777 1.0000000180025095e-35 0.038758732350000012 180.07963562011722 70.524711608886733 -0.047694848849999992 0.36764706671237951 253.50000000000003 0.04601305725000001 -7.7343139648437491 -0.16837660999999995 5.3230590820312509 7.5189951807260522 0.90567889809608471 0.51160311500000011 185.50000000000003 8.9456876814365405 -1.2466693999999998 261.50000000000006 232.50000000000003 -0.44994354248046869 -0.19567234999999997 0.014423421100000002 0.41705139000000008 -69.939918195269414 2.7894325256347661
decision_type=2 2 2 2 2 2 2 2 2 2 2 2 2 2 2 2 2 2 2 2 2 2 2 2 2 2 2 2 2 2
left_child=1 4 10 7 14 9 13 12 -7 -5 -2 18 19 -6 -1 -12 21 -4 -11 -3 22 -15 -8 -16 -9 -26 -17 -24 -23 -14
right_child=2 3 17 5 6 8 20 24 -10 11 15 -13 29 16 23 26 -18 -19 -20 -21 -22 28 27 -25 25 -27 -28 -29 -30 -31
leaf_value=0.04074177656062071 0.04294243416555197 -0.029126522494624975 0.035406847690092204 0.012040812338484464 -0.021757021728813993 -0.04028334576843183 -0.025970089585435247 -0.053538373204908243 -0.010606892764661551 -0.015449141286454094 -0.0088595959906083901 0.0091509644955991981 -0.043769984713343507 0.0266541187941291 0.025118458433878284 0.030317823348129602 0.022164488216541198 0.062131911097952255 -0.053242165806841373 -0.0076624447209033848 0.0028609951131144474 -0.038396164747278042 0.019040117630753056 -0.015102947359035449 -0.024376223129517528 -0.048169515355684506 0.0010695637485139346 -0.021152076341782816 0.00033821344372316902 -0.013512858532481407
leaf_weight=4987.2866127938032 4596.5536072403193 8085.0326709747314 2763.8842159062624 10248.590659245849 3139.6309979707003 9029.4650689959526 13553.072580620646 11466.714432477951 8586.3034758269787 3040.587608486414 3258.4246156811714 2638.2785719782114 8067.8566848486662 2352.8905889093876 2640.6734055429697 5094.8637582808733 6159.0447114557028 27783.726421609521 2074.0184154212475 6590.6029218435287 3302.8809904307127 775.5923340767622 1451.2338598072529 1439.9185580611229 5046.737474784255 6245.0370254516602 2541.1293559968472 1334.9006817638874 15644.628275066614 1202.1917659193277
leaf_count=23004 21134 32728 13853 42165 12701 36780 54776 47175 34727 12280 13376 10686 33144 9793 11707 21883 26395 150877 8413 26703 13835 3132 5874 6087 20431 25747 10704 5381 64005 4897
internal_value=1.60404e-05 -0.0154346 0.0466985 -0.0262152 0.000195263 -0.0130485 -0.00496149 -0.0362558 -0.0258198 -0.000550094 0.0210281 -0.0171935 -0.0273716 0.00379078 0.0273269 0.011779 0.00700868 0.0597151 -0.030782 -0.0194885 -0.0174695 0.00203548 -0.0215791 0.0109253 -0.0456019 -0.0375385 0.0205859 -0.00021756 -0.00149359 -0.039848
internal_weight=185142 139103 46038.6 82321.4 56781.8 35617.2 47713.9 46704.2 17615.8 18001.5 15491 7752.88 23945.7 28071.8 9067.88 10894.4 24932.2 30547.6 5114.61 14675.6 19642.1 18773.1 16339.2 4080.59 22758.5 11291.8 7635.99 2786.13 16420.2 9270.05
internal_count=804393 572566 231827 335876 236690 145051 195892 190825 71507 73544 67097 31379 97472 116026 40798 45963 103325 164730 20693 59431 79866 76930 66031 17794 93353 46178 32587 11255 67137 38041
is_linear=0
shrinkage=0.05


Tree=13
num_leaves=31
num_cat=0
split_feature=7 16 6 13 6 22 22 17 14 5 24 6 22 10 16 14 14 22 5 14 14 24 11 17 12 12 25 14 0 14
split_gain=48017.6 9889.36 4072.62 3135.64 3018.74 2077.58 1955.85 1586.11 1501.06 1223.85 1214.43 1083.15 1006.81 875.546 856.287 787.552 732.976 749.397 610.848 591.737 584.228 593.182 566.581 562.012 487.606 479.59 459 456.602 452.987 412.406
threshold=1.0000000180025095e-35 0.72058823704719555 1.5000000000000002 -27.609807453530582 1.5000000000000002 0.021143936550000002 0.16082139000000004 163.60294342041018 223.50000000000003 3.5000000000000004 2.5000000000000004 1.5000000000000002 0.04601305725000001 12.163085103034975 0.42647059261798864 235.50000000000003 261.50000000000006 0.14726732500000003 2.5000000000000004 261.50000000000006 187.50000000000003 2.5000000000000004 80.377632546720136 188.31666564941409 4.3854489164086692 10.439628482972138 32.285268002748502 248.50000000000003 6.6956851482391366 183.50000000000003
decision_type=2 2 2 2 2 2 2 2 2 2 8 2 2 10 2 2 2 2 2 2 2 10 2 2 2 2 2 2 2 2
left_child=1 2 7 5 13 9 14 15 11 -3 -10 -5 28 -2 -4 -1 17 -12 26 -8 -11 22 -22 -13 -17 -21 -16 -19 -9 -7
right_child=4 3 6 8 -6 29 19 12 10 20 16 23 -14 -15 18 24 -18 27 -20 25 21 -23 -24 -25 -26 -27 -28 -29 -30 -31
leaf_value=0.0562656578072167 0.039482182194586483 -0.040624941216488478 0.031495949011565931 -0.0077192510797856042 -0.0018159928384493694 -0.059240216720998044 -0.027988858798403651 0.012256458133413049 0.023831140426050484 -0.030108503105440183 -0.0056207121094713096 -0.017006757243457824 -0.0037598997743996335 0.059301411682449671 -0.023772851875708795 0.035732590836312909 0.0074033208796144591 -0.0494505919675838 0.0013277444660552402 -0.01022187582759702 0.0029914936456978819 -0.032616949108077685 -0.029768524922903078 -0.037733362000800769 -0.011985867556461109 0.052574796681178051 0.049159444303754213 -0.015938829173998994 0.03155274047262957 -0.042164595027108086
leaf_weight=3235.7080251723528 7030.0450401604176 7576.0384688079357 1987.4250797629356 7704.6276608407497 2489.9408857822418 4834.309563472867 11892.871497169137 9331.4160744547844 3322.9546725749969 5063.7428514510393 5696.4700512588024 4899.6441341042519 7968.2507241517305 27041.615149602294 3999.3399125188589 1433.1649644523859 4312.5183651298285 2161.1062137782574 17559.54495151341 2466.7787963300943 6754.598771288991 2191.4484262764454 1639.2882099598646 9852.0591095685959 853.56890277564526 345.77002269029617 227.11092355847359 1920.8440147936344 4512.8790215849876 13262.357044816017
leaf_count=15793 35252 30987 9189 31451 10556 20232 48414 38864 13983 20546 23181 19817 32862 149733 16255 6587 17544 8821 71864 9956 27442 8865 6649 40449 3712 1407 1062 7760 19775 54747
internal_value=5.28719e-05 -0.0127003 0.00170373 -0.0243761 0.0513296 -0.0340279 -0.00877946 0.0164605 -0.0143723 -0.0241297 -0.0033549 -0.0229152 0.0103992 0.0552134 8.65455e-05 0.040395 -0.00976721 -0.0173398 -0.00278009 -0.0231117 -0.0161419 -0.00945848 -0.00340917 -0.0308508 0.0179233 -0.00248582 -0.0198431 -0.0336887 0.0185484 -0.0467292
internal_weight=183567 147006 65813.8 81192 36561.6 41321.8 38478.8 27335 39870.2 23225.1 17413.9 22456.3 21812.5 34071.7 23773.4 5522.44 14090.9 9778.42 21786 14705.4 15649.1 10585.3 8393.89 14751.7 2286.73 2812.55 4226.45 4081.95 13844.3 18096.7
internal_count=803755 608214 275740 332474 195541 169468 158147 117593 163006 94489 71289 91717 91501 184985 98370 26092 57306 39762 89181 59777 63502 42956 34091 60266 10299 11363 17317 16581 58639 74979
is_linear=0
shrinkage=0.05


Tree=14
num_leaves=31
num_cat=0
split_feature=9 19 0 20 22 0 14 12 24 16 17 16 13 13 22 20 5 22 13 12 22 22 11 12 0 16 12 12 14 17
split_gain=43836.2 8951.84 5024.77 3805.11 4241.43 2800.96 2290.11 1846.29 1326.56 1222.92 1122.44 991.066 969.522 936.805 578.969 559.136 544.962 528.762 516.991 512.56 502.58 495.608 458.837 424.5 411.386 405.155 400.93 1148.53 787.374 364.015
threshold=1.0000000180025095e-35 0.33823530375957495 2.8965305089950566 11.059715270996096 0.16082139000000004 2.439024925231934 249.50000000000003 4.2275541795665648 2.5000000000000004 0.48529411852359777 188.31666564941409 0.25000000745058065 -33.07917245738092 -29.258199989922549 -0.71799501499999996 7.2383346557617196 6.5000000000000009 -0.25984330499999997 -31.999912161772183 14.165634674922602 -0.033103309549999994 0.77527007500000011 80.377632546720136 5.4690402476780191 5.4374144077301034 0.63235294818878185 6.8452012383900938 10.332817337461302 193.50000000000003 173.88985443115237
decision_type=2 2 2 2 2 2 2 2 8 2 2 2 2 2 2 2 2 2 2 2 2 2 2 2 2 2 2 2 2 2
left_child=5 7 3 10 8 25 21 9 22 -2 18 -9 -4 16 -12 -14 -10 -13 -3 -8 -17 23 26 -6 -11 -1 -5 -28 -29 -7
right_child=1 2 12 4 6 29 19 11 13 24 14 17 15 -15 -16 20 -18 -19 -20 -21 -22 -23 -24 -25 -26 -27 27 28 -30 -31
leaf_value=0.038802411496069944 0.048049214829008847 -0.03898622803517434 -0.011271494085350636 0.016434080181126794 -0.025155207360979683 0.061873569657894062 -0.011370867700053612 0.039846161314215367 -0.030387303624736291 0.011672329921277078 -0.031229817929044685 0.0087429873679926925 -0.0028344118712459398 -0.0023820868415427238 -0.048214456570657274 0.028109642083005315 -0.01046990177617866 -0.013833796907862015 -0.014953661989986163 0.053059561973246322 0.0045489263464882444 -0.049640745916316731 -0.029236915198022684 -0.045994900318792588 0.038345230923917749 0.015258519071256605 -0.030576230196951465 -0.049714539467771303 0.052185524516403216 0.050054738905147049
leaf_weight=2842.9578024744987 4503.0840040892363 3292.7132737934589 6292.0413182675838 8481.66934466362 6283.9618691951036 17012.806087598205 7785.8351081460714 1386.55460549891 7031.9804989695549 7947.7326774597168 7519.0859437137842 4253.3563719540834 4180.7443239092827 14305.637312874198 15132.634518966079 5905.8846983760595 6714.9078506827354 6642.2813533991575 6988.1058960407972 320.43748813867569 3670.2807387411594 8414.0302737653255 758.70233328640461 4003.9417899996042 1766.5238265246153 5118.3722203224897 1768.9432397335768 234.06483928859234 981.23351521790028 10618.637720957398
leaf_count=13934 21545 13435 25794 35016 25908 98355 31335 6713 28502 33252 30734 18279 17144 57943 63191 25452 27087 27343 28236 1315 15268 34878 3068 16503 8103 24326 7240 946 4048 58802
internal_value=3.20127e-05 -0.0120552 -0.0178604 -0.0224399 -0.0156065 0.0498046 -0.0310163 0.0142471 -0.00534931 0.0265132 -0.0363591 4.74391e-05 0.00498535 -0.0113393 -0.0425781 0.0124211 -0.0206598 -0.00502045 -0.0226538 -0.00881773 0.0190809 -0.0406372 0.00839611 -0.0332695 0.0165262 0.0236698 0.0108886 -0.00487262 0.032535 0.0573336
internal_weight=182159 146566 120067 100018 67085.3 35592.8 26808.2 26499.5 40277.1 14217.3 32932.5 12282.2 20049 28052.5 22651.7 13756.9 13746.9 10895.6 10280.8 8106.27 9576.17 18701.9 12224.6 10287.9 9714.26 7961.33 11465.9 2984.24 1215.3 27631.4
internal_count=803695 608278 493043 409385 273789 195417 109939 115235 163850 62900 135596 52335 83658 113532 93925 57864 55589 45622 41671 32650 40720 77289 50318 42411 41355 38260 47250 12234 4994 157157
is_linear=0
shrinkage=0.05


Tree=15
num_leaves=31
num_cat=0
split_feature=1 16 7 20 22 24 17 16 24 14 6 6 22 14 12 1 20 10 14 12 17 11 15 12 12 17 4 20 11 11
split_gain=42644.8 7482.08 5504.67 2790.77 2270.35 1965.8 1573.77 1448.28 1174.56 1154.44 1144.7 1056.44 953.327 900.019 782.709 778.002 591.29 523.088 471.085 463.646 437.3 428.091 416.626 405.936 402.676 402.265 396.952 396.936 377.463 364.879
threshold=16.515074744820598 0.69117647409439098 1.0000000180025095e-35 34.646110534667976 0.04601305725000001 2.5000000000000004 188.01666259765628 0.51470589637756359 2.5000000000000004 260.50000000000006 1.0000000180025095e-35 1.5000000000000002 0.14726732500000003 185.50000000000003 2.7631578947368425 8.7907625436782855 -8.9246292114257795 -12.952300751209258 250.50000000000003 2.1965944272445825 158.54411315917972 47.266789810287982 17.153710365295414 4.1842105263157903 6.2523219814241502 175.14204406738284 73.814968451857581 -11.365150451660154 75.951033719080073 25.230167303280474
decision_type=2 2 2 2 2 8 2 2 8 2 2 2 2 2 2 2 2 8 2 2 2 2 2 2 2 2 2 2 2 2
left_child=1 4 10 6 7 28 14 22 13 12 25 -4 26 24 -3 20 -9 -10 -14 -18 -6 -21 23 -1 -8 -2 -7 -12 -5 -11
right_child=2 3 11 5 15 9 8 16 17 29 27 -13 18 -15 -16 -17 19 -19 -20 21 -22 -23 -24 -25 -26 -27 -28 -29 -30 -31
leaf_value=0.037975915235307196 0.047639878491494224 0.00036616513201437057 0.058045210265118941 0.01681370244396321 0.014553014339967783 -0.021907370216389093 -0.026793295032646894 -0.022677050168320285 -0.045522830392100193 0.013766695335523752 -0.025042747867077678 -0.0043342948856792624 -0.038385657466939449 -0.0010690733193132475 -0.024414613895132133 0.008583784817956212 0.021188051875068808 -0.029314745174544202 -0.014909146120740388 0.0085713771905539787 -0.018228036683496731 -0.0095827059947930556 0.05463722259241021 0.010120196626709406 -0.061804989600933537 0.024246059261503153 -0.0049727217583766265 0.0086967641632047354 -0.02802719909049229 -0.0091568280108910698
leaf_weight=2750.5716803520918 2548.9488953649998 4747.551520973444 27206.273251712322 5828.3404246121645 1092.7522881925106 6817.7261612564325 4538.9973160028458 1785.2579950988293 19199.42388895154 3024.0452262163162 1038.2021189332008 695.96152298152447 8848.978985697031 3614.1963701695204 9689.5366148799658 4069.1379370689392 4649.6335777789354 6731.1218208521605 2819.3869464695454 10970.183666661382 14613.532153278589 4611.6767620593309 1497.8126539736986 2494.6026272624731 1002.9353026896715 6599.1202821135521 7027.4875793755054 5408.7071153372526 509.51205551624298 4072.4186069965363
leaf_count=12836 12706 19366 161514 24465 4719 27547 18616 7246 81029 12233 4172 3141 36727 14587 39526 17618 19805 27782 11390 45486 59478 19103 7646 11070 4142 28999 28592 22694 2094 16561
internal_value=6.02188e-05 -0.0136335 0.0431917 -0.0222878 0.00214207 -0.0122736 -0.030163 0.0111092 -0.0358805 -0.0172257 0.0193979 0.0564892 -0.022187 -0.0204818 -0.0162661 -0.0108988 0.00489909 -0.0413168 -0.0327149 0.00733346 -0.0159465 0.00319814 0.0313821 0.0247322 -0.0331394 0.0307688 -0.0133127 0.00326035 0.013205 0.00061223
internal_weight=180504 137007 43497.2 88471.7 48535.2 38947.9 49523.8 28759.7 35086.7 32610 15595 27902.2 25513.6 9156.13 14437.1 19775.4 22016.8 25930.5 11668.4 20231.5 15706.3 15581.9 6742.99 5245.17 5541.93 9148.07 13845.2 6446.91 6337.85 7096.46
internal_count=802890 569664 233226 364657 205007 159609 205048 123192 146156 133050 68571 164655 104256 37345 58892 81815 91640 108811 48117 84394 64197 64589 31552 23906 22758 41705 56139 26866 26559 28794
is_linear=0
shrinkage=0.05


Tree=16
num_leaves=31
num_cat=0
split_feature=1 16 0 22 20 22 14 16 18 2 1 20 13 6 13 6 22 5 1 22 13 23 22 5 22 15 10 18 14 13
split_gain=39018.8 6986.06 3690.6 2467.64 2233.46 2548.57 1553.91 1482.8 1350.28 1184.44 1139.58 876.16 825.072 786.384 708.234 600.491 509.198 480.751 419.344 415.287 382.267 370.988 346.642 378.089 332.854 319.726 309.151 308.892 303.462 299.651
threshold=17.660273194313053 0.72058823704719555 2.0282436609268193 -0.17849789999999996 6.2876815795898446 0.16082139000000004 250.50000000000003 0.48529411852359777 173.1534118652344 45.926201596856124 8.0656802654266375 -8.318016052246092 -24.974369790762566 1.5000000000000002 -44.030353859920432 1.5000000000000002 -0.83013656999999996 8.5000000000000018 7.1185624599456796 0.77527007500000011 -38.993787704145198 1.2403435000000003 0.89314475500000012 6.5000000000000009 -1.2466693999999998 15.478336334228517 1.2400485500693306 172.74019622802737 247.50000000000003 -44.030353859920432
decision_type=2 2 2 2 2 2 2 2 2 2 2 2 2 2 2 2 2 2 2 2 2 2 2 2 2 2 8 2 2 2
left_child=1 3 13 7 8 14 19 25 29 27 12 -9 22 17 -6 -13 -10 -2 21 -7 -18 -16 23 -5 -17 -1 -12 -4 -24 -3
right_child=2 4 9 10 5 6 -8 11 16 -11 26 15 -14 -15 18 24 20 -19 -20 -21 -22 -23 28 -25 -26 -27 -28 -29 -30 -31
leaf_value=0.026596404638375967 0.010842480353915078 -0.042424507842901561 0.04450802132765027 -0.032291842960154922 -0.019286107676929853 -0.031690241409696861 -0.0077917819642727669 -0.02233734722256242 -0.027528599302990588 0.057106611637309214 0.001006715239032776 0.019052371234660626 -0.0068292677853977165 -0.0089177879835316658 -0.011591494362773019 0.020472779763422207 -0.054648220122578819 0.038204102825627508 0.010501243947836945 -0.049002786706868161 -0.038432216564657694 0.0039314835549711449 -0.047629928816131553 -0.010585196783787474 -0.00092706532225676893 0.054035587173501348 0.023730075929396206 0.025460998139775922 0.0029967460348818043 -0.0060545794685769264
leaf_weight=3286.6865747570992 3315.5896961092949 651.71308609843254 4408.3874826282263 3618.0081705600023 9083.0310069620609 7782.5781075954437 5374.0472893714905 2571.1200912892818 5998.7830685377121 23111.251498922706 5514.9946557730436 8419.1340145766735 13540.987013041973 2506.2998846173286 11317.855195313692 2132.0326913148165 5945.0588747560978 3113.370479747653 4730.0934846103191 6257.4278358370066 9397.1533713191748 5831.7054342776537 2299.9046369642019 4504.5455102473497 12266.47883631289 1570.5955662727356 2053.4253614991903 4126.995778247714 339.56347565352917 4283.3637847006321
leaf_count=15449 15077 2709 22981 14834 37074 32727 21741 10481 24753 139849 23321 36440 55492 10570 45848 8924 25580 15962 19927 26595 39501 23897 9502 18320 50265 8257 9635 19801 1375 17443
internal_value=9.02365e-05 -0.0125214 0.0432153 -5.91894e-05 -0.0226204 -0.0164559 -0.0306579 0.0101705 -0.034438 0.0512272 -0.00976722 0.00532756 -0.0150432 0.0148364 -0.00755028 0.00844572 -0.0398884 0.0240969 -0.00267766 -0.0394091 -0.044719 -0.00631299 -0.0253765 -0.0202567 0.00224288 0.0354781 0.00717422 0.0353025 -0.0411182 -0.0108651
internal_weight=179352 138770 40581.9 62117.5 76652.8 50376.7 19414.1 30246 26276.1 31646.6 31871.4 25388.8 24303 8935.26 30962.7 22817.6 21341 6428.96 21879.7 14040 15342.2 17149.6 10762 8122.55 14398.5 4857.28 7568.42 8535.38 2639.47 4935.08
internal_count=804330 580090 224240 262295 317795 207809 81063 129816 109986 182631 132479 106110 99523 41609 126746 95629 89834 31039 89672 59322 65081 69745 44031 33154 59189 23706 32956 42782 10877 20152
is_linear=0
shrinkage=0.05


Tree=17
num_leaves=31
num_cat=0
split_feature=1 18 9 14 12 21 22 5 18 14 22 0 24 13 0 14 22 14 13 24 0 22 14 14 14 5 23 21 21 12
split_gain=36436.1 6392.48 4856.03 3353.82 2253.83 2130.18 1435.57 1236.12 1100.79 1066.98 936.732 915.231 810.321 786.105 675.619 623.25 620.69 615.503 552.751 551.531 514.482 502.839 462.441 527.112 557.56 493.183 490.989 486.538 434.84 433.998
threshold=17.356195524334911 172.74019622802737 1.0000000180025095e-35 216.50000000000003 3.0789473684210531 1.0000000180025095e-35 -0.11682939999999999 6.5000000000000009 163.66176605224612 260.50000000000006 -0.047694848849999992 2.0282436609268193 3.5000000000000004 -24.450221868837392 2.3413845300674443 253.50000000000003 0.51160311500000011 185.50000000000003 -30.610610145072076 5.5000000000000009 1.4103196859359743 0.38392488500000005 174.50000000000003 261.50000000000006 230.50000000000003 15.500000000000002 0.75092938500000006 0.41705139000000008 -1.2089223499999997 1.2863777089783284
decision_type=2 2 2 2 2 2 2 2 2 2 2 2 8 2 2 2 2 2 2 10 2 2 2 2 2 2 2 2 2 2
left_child=1 4 14 7 8 10 18 12 -1 -7 -5 -4 -3 -8 -2 16 -12 -9 -6 28 -10 -11 -15 24 25 26 -24 -25 -19 -14
right_child=2 3 11 5 6 9 13 17 20 21 15 -13 29 22 -16 -17 -18 19 -20 -21 -22 -23 23 27 -26 -27 -28 -29 -30 -31
leaf_value=0.0346864848566431 0.035203025344750456 -0.0236032252732628 0.0029162910431551588 0.011797724647022017 -0.011090754922338944 -0.029253663291921896 -0.029287134091106049 -0.032844508134838392 0.00015408583563924404 0.0099970708947728984 -0.0070458777020306175 0.028824323120095342 -0.014415108995547403 0.023035964215050869 0.058277027386840152 0.0088408949626984125 -0.041528073960705528 0.039801330007559116 0.0090882312699741858 -0.038789810255955334 0.019702525205923305 -0.023069725002796512 0.01600517889437612 0.026565485168477471 -0.031327980542820343 0.021260669815599403 -0.029346261501502248 -0.015874357658699007 -0.0055132310128850944 -0.041911778864784893
leaf_weight=5097.6120241582394 3710.0584257692099 10976.28609585762 5617.4177349507809 10588.48910561204 4576.9392291605473 13465.268061667681 6972.600331351161 3426.8864858597517 8816.9502178579569 3139.163696333766 3377.2445160597563 8669.9521492421627 1538.1184406280518 1080.778446495533 22130.203752055764 2730.6907076835632 2126.4701056778431 583.95822997391224 13118.309182137251 1159.3488163501024 5442.9749575555325 1812.7852210402489 837.79861959815025 1518.7577141672373 3882.7375548779964 1250.8864645063877 2069.1436687856913 1214.4974288344383 5574.4142955690622 21697.445915341377
leaf_count=23895 20526 45136 23466 43943 18837 55634 28746 14245 36156 12764 13803 40453 6374 4551 142111 11081 8862 2391 56589 4897 23260 7313 3448 6230 15892 5689 8532 4941 23057 92691
internal_value=9.42373e-05 -0.012094 0.0420323 -0.0209643 0.00095402 -0.00986702 -0.00635647 -0.0301565 0.0147466 -0.0219559 0.00196187 0.0186389 -0.0348029 -0.0159664 0.0549656 -0.0106858 -0.0203739 -0.0153601 0.00386853 -0.00716876 0.00761653 -0.00211007 -0.00812965 -0.0112579 -0.0177055 -0.00497975 -0.0162747 0.00770881 -0.00121058 -0.0400923
internal_weight=178204 138077 40127.6 82196.6 55880 37240.1 36522.4 44956.5 19357.5 18417.2 18822.9 14287.4 34211.9 18827.2 25840.3 8234.41 5503.71 10744.6 17695.2 7317.72 14259.9 4951.95 11854.6 10773.8 8040.57 4157.83 2906.94 2733.26 6158.37 23235.6
internal_count=805513 578957 226556 342191 236766 153400 153455 188791 83311 75711 77689 63919 144201 78029 162637 33746 22665 44590 75426 30345 59416 20077 49283 44732 33561 17669 11980 11171 25448 99065
is_linear=0
shrinkage=0.05


Tree=18
num_leaves=31
num_cat=0
split_feature=9 19 14 6 0 21 6 15 20 12 0 12 18 18 12 14 20 14 12 2 15 20 20 12 23 21 0 21 12 12
split_gain=33282.4 6650.03 3114.29 2683.13 2463.34 1862.69 1741.75 1438.94 1247.29 1014.82 791.596 668.175 639.665 633.143 611.881 503.243 484.734 466.548 448.16 423.776 399.757 377.669 373.878 410.866 368.366 364.387 356.374 344.171 338.597 337.056
threshold=1.0000000180025095e-35 0.48529411852359777 222.50000000000003 1.5000000000000002 4.2473878860473642 1.0000000180025095e-35 1.5000000000000002 9.7743926048278826 68.123107910156264 2.1965944272445825 4.4074904918670663 10.332817337461302 180.07963562011722 180.07963562011722 6.1037151702786394 215.50000000000003 -1.439338684082031 251.50000000000003 2.3018575851393193 29.061819136142734 10.156138420104982 -11.365150451660154 -9.5233306884765607 4.3854489164086692 0.6373728500000001 0.76635733000000006 3.2439117431640629 -0.78959470999999992 3.5959752321981431 2.7198142414860684
decision_type=2 2 2 2 2 2 2 2 2 2 2 2 2 2 2 2 2 2 2 2 2 2 2 2 2 2 2 2 2 2
left_child=3 4 6 10 7 11 13 9 19 21 -1 14 29 18 26 -9 -14 -16 -3 -7 -6 -2 -11 -24 -10 -18 -4 -19 -17 -8
right_child=1 2 5 -5 20 8 12 15 24 22 -12 -13 16 -15 17 28 25 27 -20 -21 -22 -23 23 -25 -26 -27 -28 -29 -30 -31
leaf_value=0.037127353498997373 -0.011424986962783597 0.0088083669331120735 0.0031080562409458966 -0.0036382902995476703 0.021664459630699795 -0.039834927547273177 -0.013483970326214052 0.043665911705189756 0.0094567023406782157 -0.03135311897149836 0.055398667755945076 0.046246239227609405 -0.047694765575805154 -0.023772859889737694 -0.026284585500089788 0.037411448325164881 -0.026863167370446986 0.036532897480600401 -0.013399434597953156 -0.0070903994842157359 0.047231831447857191 0.017340008138151407 0.00033002448522812607 -0.011496606836924023 -0.012797566902746331 -0.05260800473060237 0.023706711408549606 -0.010388747998033382 -0.0048683281267274219 -0.029247553975451396
leaf_weight=8216.0620105415583 1391.8934680819511 3989.7838064581156 10639.931012451649 2497.5533258914948 7623.7287836074829 6148.707431897521 4363.639087036252 2122.0744537562132 2407.6090368032455 1632.4140172302723 21376.155726402998 884.25240428745747 8276.8949753791094 6982.530955478549 2877.027576521039 709.94947074353695 8104.4482529163361 617.36123345792294 5273.1430511772633 1177.8313601315022 1912.9981753826141 6316.8071533739567 12177.145826086402 18500.503641456366 8157.5056000798941 1656.2147327363491 2615.144653186202 1061.1863624453545 1417.5045830607414 15254.63597998023
leaf_count=45204 5643 16457 43804 10690 34257 25643 18111 10654 9826 6735 139688 3706 36210 28812 11862 3464 34322 2534 21643 4933 10187 26647 50430 75947 33236 7203 11421 4324 6312 63873
internal_value=7.16746e-05 -0.010171 -0.018448 0.0461271 0.0037491 -0.00718886 -0.02609 -0.00121672 -0.0187207 -0.00415447 0.0503272 0.00384792 -0.0319935 -0.012405 0.00174048 0.0264433 -0.038791 -0.0140658 -0.00383404 -0.0345725 0.0267975 0.0121454 -0.00804362 -0.0068023 -0.00772578 -0.0312366 0.00717353 0.00688027 0.00925174 -0.0257422
internal_weight=176383 144293 90487.8 32089.8 53805 36586.6 53901.3 44268.3 17891.7 40018.8 29592.2 18694.9 37655.8 16245.5 17810.7 4249.53 18037.6 4555.58 9262.93 7326.54 9536.73 7708.7 32310.1 30677.6 10565.1 9760.66 13255.1 1678.55 2127.45 19618.3
internal_count=803778 608196 377920 195582 230276 151289 226631 185832 73638 165402 184892 77651 159719 66912 73945 20430 77735 18720 38100 30576 44444 32290 133112 126377 43062 41525 55225 6858 9776 81984
is_linear=0
shrinkage=0.05


Tree=19
num_leaves=31
num_cat=0
split_feature=7 19 20 6 6 13 10 24 10 24 12 24 12 13 19 24 20 20 6 12 20 18 25 18 10 4 6 4 24 20
split_gain=30565 5944.6 2960.35 2622.63 2495.8 1670.05 1395.33 1348.44 964.011 855.463 838.144 818.887 585.597 579.072 574.897 552.434 526.371 483.642 472.911 534.838 426.229 409.945 401.919 397.645 393.765 346.546 339.205 333.014 322.242 304.648
threshold=1.0000000180025095e-35 0.51470589637756359 36.092330932617195 1.5000000000000002 1.0000000180025095e-35 -15.66016576073533 -14.565434187650679 3.5000000000000004 19.867960040271281 2.5000000000000004 2.339009287925697 2.5000000000000004 1.2863777089783284 -29.258199989922549 0.1911764740943909 7.5000000000000009 6.7537841796875009 71.476669311523452 1.0000000180025095e-35 10.332817337461302 67.646110534667983 159.91176605224612 25.070076999068263 182.44009399414065 -3.3224043369293201 93.541083924472346 1.0000000180025095e-35 64.929087564349189 3.5000000000000004 -11.365150451660154
decision_type=2 2 2 2 2 2 8 8 10 8 2 8 2 2 2 8 2 2 2 2 2 2 2 2 8 2 2 2 10 2
left_child=1 4 6 8 14 9 11 22 26 -4 21 16 -8 -12 17 20 -3 -1 -7 28 -11 -9 -6 -14 -16 -23 -2 -17 -20 -13
right_child=3 2 5 -5 7 18 12 10 -10 15 13 29 23 -15 24 27 -18 -19 19 -21 -22 25 -24 -25 -26 -27 -28 -29 -30 -31
leaf_value=0.050562020591030599 0.041785869440383171 -0.030441002563129534 0.0069893202886907625 -0.0046903189596281328 0.0021232430108149578 0.022265254154674844 0.0025504030140095068 0.039392608901912513 0.055478429349855342 -0.040542181831402069 -0.023482536687501228 -0.050874425889718834 -0.014370414059049073 -0.0074984653779169019 0.0071456525522968321 -0.021343474139263269 -0.0037622075490027053 0.016914326394068716 0.0022491822141776289 0.030450492233439437 -0.017118482170967796 -0.0087201459432414783 0.020230622685444913 -0.032277277020996982 0.028197486059468813 0.017632252236874268 0.020449209949221468 -0.0055318690251441958 -0.018107845562413922 -0.035624637446441426
leaf_weight=2438.2469046860933 6792.8903363794088 4487.062381953001 3516.988137871027 2458.7190255969763 6455.1074489206076 3288.5138447135687 3542.4705267995596 889.65739566087723 19376.19757860899 4373.6974954009056 8377.8843537569046 4066.1803844571114 9560.3251961916685 17507.328313007951 6769.1753966361284 6652.6133836358786 3144.53294031322 1902.2643673568964 6969.7801987081766 1323.5890289545059 3496.972017839551 2898.1321253925562 5833.8944444060326 4589.636843919754 3305.8752952516079 2188.9615285545588 2570.7516944855452 6668.5043042749166 2694.8328124433756 16983.151494115591
leaf_count=13027 41084 18813 14718 10512 26839 14468 14662 4190 130797 18626 34489 18204 39536 72315 28599 27351 12666 9281 28583 5486 14204 11829 25731 19252 15167 9048 13059 27204 10968 73512
internal_value=6.5917e-06 -0.00971889 -0.0181359 0.0448711 0.00254877 -0.00798016 -0.0266734 -0.00334919 0.0491111 -0.0158463 -0.00877585 -0.0334854 -0.0156293 -0.0126725 0.0206116 -0.0196362 -0.0194502 0.0358229 0.00563389 0.000654936 -0.0301384 0.00809977 0.0107202 -0.0201805 0.0140554 0.00262045 0.0359308 -0.0134293 -0.00342836 -0.0385728
internal_weight=175124 143925 85358.9 31198.6 58566.5 38985.5 46373.4 44151 28739.8 24708.8 31862 28680.9 17692.4 25885.2 14415.6 21191.8 7631.6 4340.51 14276.7 10988.2 7870.67 5976.75 12289 14150 10075.1 5087.09 9363.64 13321.1 9664.61 21049.3
internal_count=804220 608768 358253 195452 250515 161608 196645 184441 184940 102103 131871 123195 73450 106804 66074 87385 31479 22308 59505 45037 32830 25067 52570 58788 43766 20877 54143 54555 39551 91716
is_linear=0
shrinkage=0.05


Tree=20
num_leaves=31
num_cat=0
split_feature=1 19 7 22 14 14 21 22 4 6 18 18 12 19 10 0 14 12 11 21 4 1 6 11 13 18 21 22 11 22
split_gain=29376.2 5385.12 4244.71 2563.64 2888.66 1937.1 1477.06 1345.88 1165.78 878.424 828.493 775.381 724.314 636.73 602.523 532.905 497.062 497.946 522.93 486.369 485.672 458.253 422.683 409.535 403.761 380.167 375.487 357.08 354.483 351.289
threshold=17.964315414428714 0.39705882966518408 1.0000000180025095e-35 0.38392488500000005 184.50000000000003 246.50000000000003 -0.43871623499999995 -0.17849789999999996 65.620665103197112 1.5000000000000002 180.10011291503909 164.45683288574222 4.3544891640866874 0.044117647223174579 -5.9112220421433443 1.9141832590103152 260.50000000000006 1.6640866873065019 67.867619931397982 0.22946334500000004 22.205187477171425 7.7943044900894174 1.5000000000000002 21.823152354246602 -41.19255329425166 156.92646789550784 0.91939226000000007 -0.16837660999999995 80.377632546720136 -1.2825376499999999
decision_type=2 2 2 2 2 2 2 2 2 2 2 2 2 2 8 2 2 2 2 2 2 2 2 2 2 2 2 2 2 2
left_child=1 7 11 4 10 14 20 13 24 -4 22 -2 25 -1 -5 -13 17 18 -10 -7 23 -15 -3 -6 -8 -9 -19 28 -22 -26
right_child=2 3 9 5 6 19 8 12 16 -11 -12 15 -14 21 -16 -17 -18 26 -20 -21 27 -23 -24 -25 29 -27 -28 -29 -30 -31
leaf_value=0.039397761626599685 0.043913782958825927 -0.0050770108705523983 0.054510311461024974 -0.040424655579034852 0.012171477179276621 0.0091003270684759299 -0.031542824529814446 0.039796007133622878 0.030649420174866972 -0.0069524980402849816 -0.039268832447250317 -0.00076668357006690925 -0.012933584433156273 0.0066848065894054166 -0.016978902181369774 0.021439254601390956 0.014534458096868109 -0.0074532589577252714 -0.0085173623850978413 -0.018226058802058336 0.016195826467573143 0.025838899890630981 -0.025173150004910962 -0.024795678801638365 0.019612773219153175 0.0036997579410452787 -0.029824666616938431 -0.002459073695240923 -0.016175716190861538 -0.017941963432771081
leaf_weight=2454.5428647696972 2302.7323179095984 3777.1186136901379 22517.460297420621 17817.470091924071 1143.0735455453396 3006.8301550149918 6453.4704173356295 807.06629148125648 1579.7239156514406 596.511644333601 8550.4980753660202 4689.67027297616 9638.6801803559065 11252.609975963831 3240.6518343091011 6372.6645870357752 3237.8054766654968 8734.0726369023323 1848.4087030291557 3549.5625565648079 10781.663648679852 4321.6224816292524 8519.0613845586777 2170.570669695735 675.16830889880657 7499.9571884125471 2387.9957281202078 4865.9515539556742 916.86580295860767 7898.338084384799
leaf_count=12865 12260 15520 158012 78139 4717 12237 27184 3868 6658 2714 37242 19374 40242 47697 13746 29079 13357 35937 7813 14466 44966 20285 35553 8922 2788 31924 9861 20063 3773 32403
internal_value=7.80385e-05 -0.0105302 0.0399547 -0.0164391 -0.0115611 -0.0294286 -0.00532787 0.00608461 -0.0118432 0.0529239 -0.0273155 0.0175232 -0.0036088 0.015733 -0.0368175 0.0120262 -0.00318091 -0.00712378 0.00953483 -0.00569442 0.00542772 0.0120011 -0.019001 -0.0120437 -0.0220961 0.00721105 -0.0122588 0.0089233 0.0136576 -0.0149826
internal_weight=173608 137129 36479 101154 73539.8 27614.5 52693.1 35974.5 32815 23114 20846.7 13365.1 17945.7 18028.8 21058.1 11062.3 17788 14550.2 3428.13 6556.39 19878.1 15574.2 12296.2 3313.64 15027 8307.02 11122.1 16564.5 11698.5 8573.51
internal_count=803665 582226 221439 425345 306757 118588 218442 156881 136001 160726 88315 60713 76034 80847 91885 48453 73626 60269 14471 26703 82441 67982 51073 13639 62375 35792 45798 68802 48739 35191
is_linear=0
shrinkage=0.05


Tree=21
num_leaves=31
num_cat=0
split_feature=1 19 9 20 22 1 14 22 11 5 16 0 18 10 22 20 22 11 22 17 14 20 11 22 22 16 14 14 17 22
split_gain=26872.2 5092.82 3883.93 2246.59 2328.26 1797.83 1656.2 1269.76 707.883 704.293 695.989 651.421 650.375 558.598 482.076 462.33 446.904 419.917 412.192 405.504 377.949 352.331 318.217 313.65 308.667 276.87 276.423 271.771 295.207 266.977
threshold=18.591101646423343 0.51470589637756359 1.0000000180025095e-35 8.6715698242187518 0.16082139000000004 8.634866416454317 248.50000000000003 -0.17849789999999996 18.035498580788683 5.5000000000000009 0.60294118523597728 2.3897628784179692 173.07765197753909 -8.3915332913398721 0.77527007500000011 3.8894500732421879 -0.64515053999999983 80.377632546720136 -0.14198879499999997 158.54411315917972 203.50000000000003 -7.7343139648437491 47.770250197269327 -1.2466693999999998 1.3255616000000001 0.39705882966518408 245.50000000000003 228.50000000000003 173.36931610107425 -0.6536029299999998
decision_type=2 2 2 2 2 2 2 2 2 2 2 2 2 8 2 2 2 2 2 2 2 2 2 2 2 2 2 2 2 2
left_child=1 5 11 13 8 7 14 10 -5 29 -1 -2 -4 16 -6 -14 -3 -11 25 26 -19 -12 -18 -23 -8 -7 -9 28 -20 -10
right_child=2 3 12 4 6 18 24 19 9 17 21 -13 15 -15 -16 -17 22 20 27 -21 -22 23 -24 -25 -26 -27 -28 -29 -30 -31
leaf_value=0.018783161587181345 0.031425561399780817 -0.024574823343612051 0.029946772479625339 0.016006018154844776 -0.02640866199561619 0.046788364651553623 -0.0082310930858479712 0.045967283110397737 -0.0060312887412228558 0.0026009647683544594 -0.018807433645572393 0.055852899968222375 -0.012234070213520368 -0.017236855327122651 -0.044530345407263944 0.015789410807603144 -0.033452150960590156 0.013476646845272559 0.033944759972790568 -0.013306264255138598 -0.031969855126275266 0.021680674349135214 -0.050142591379880579 -0.00066104859684745884 0.02578660156911999 0.021261571272244789 -0.0019666901098926285 -0.0046426867701379118 0.005528135454149586 -0.021277832192523716
leaf_weight=6737.0038202106953 3198.6831496804953 6953.8422830104828 5678.8777955472469 3868.2218899875879 8377.3145350366831 1295.8805873543024 5937.5900644361973 472.11745597422123 4474.432891830802 15638.681482329965 2255.7748524695635 18778.141729533672 2135.2025797069073 6150.2838158756495 6540.8356439769268 4731.789661437273 6694.0877329707146 620.0128671079874 1501.3600924313068 20777.405608698726 1739.0743869394064 1845.774290189147 4997.0619481801987 10516.18001870811 750.21001566946507 5901.6100306659937 825.40637892484665 2456.2137591987848 2334.7724593579769 8017.7867454439402
leaf_count=30749 19335 29559 27693 15977 36239 7339 24201 2271 18401 64869 9228 139189 8836 25869 29060 20894 29725 2599 7429 85462 7227 7765 22743 43203 3076 27106 3459 10954 10107 33128
internal_value=0.000184441 -0.00970619 0.0396281 -0.0177794 -0.0122281 0.00174845 -0.0250882 -0.00320411 -0.00414057 -0.00669698 0.00548817 0.0522991 0.0174296 -0.0303079 -0.0343565 0.00707536 -0.0346184 -0.000365719 0.017692 -0.0116127 -0.020025 -0.000640083 -0.0405897 0.0026763 -0.00441184 0.0258634 0.0154965 0.00834241 0.0166556 -0.0158178
internal_weight=172202 137679 34522.7 80759.4 55964.2 56919.5 21606 43429.7 34358.2 30490 21354.7 21976.8 12545.9 24795.3 14918.2 6866.99 18645 17997.8 13489.8 22074.9 2359.09 14617.7 11691.1 12362 6687.8 7197.49 1297.52 6292.35 3836.13 12492.2
internal_count=803692 587745 215947 342673 234777 245072 92576 182137 142201 126224 90945 158524 57423 107896 65299 29730 82027 74695 62935 91192 9826 60196 52468 50968 27277 34445 5730 28490 17536 51529
is_linear=0
shrinkage=0.05


Tree=22
num_leaves=31
num_cat=0
split_feature=7 16 22 20 22 16 20 16 21 18 9 12 12 12 10 12 20 11 12 11 20 22 21 5 11 18 10 11 11 12
split_gain=24840.4 4935.6 2086.37 2191.36 1772.42 1516.17 1354.78 1258.02 1213.06 726.436 610.531 598.344 571.566 536.481 506.007 493.774 490.242 467.22 455.784 455.894 401.672 420.904 397.365 374.734 403.324 348.195 347.501 335.285 291.838 274.556
threshold=1.0000000180025095e-35 0.69117647409439098 0.17966253000000001 3.4155578613281254 0.16082139000000004 0.51470589637756359 68.123107910156264 0.39705882966518408 -0.13247221999999995 172.2738952636719 38.500000000000007 2.1965944272445825 2.1965944272445825 2.3668730650154806 7.251045733690261 0.76315789473684215 -6.5469207763671866 52.327960417574225 1.1099071207430342 70.183957243874545 -5.5233306884765616 -1.0965549999999997 0.46197338500000007 2.5000000000000004 21.823152354246602 171.66728210449222 -7.313553787767888 30.010807182985843 66.991382313517434 1.6640866873065019
decision_type=2 2 2 2 2 2 2 2 2 2 2 2 2 2 10 2 2 2 2 2 2 2 2 2 2 2 8 2 2 2
left_child=1 4 3 9 7 -2 15 -1 11 -3 18 -5 16 28 -7 -4 -9 20 -10 29 -14 -22 -8 24 -13 -17 -11 -15 -6 -20
right_child=5 2 6 8 13 14 22 12 10 26 -12 23 17 27 -16 25 -18 -19 19 -21 21 -23 -24 -25 -26 -27 -28 -29 -30 -31
leaf_value=0.037609023373799073 0.055048935688241311 -0.0030095080017747684 0.018269427481250915 0.021987991570212848 0.02055156144901462 0.014551556750912704 0.0035083669524372794 -0.0053158107973376202 0.019895459026541062 -0.033211518922786197 -0.027237975275164767 0.01077105540653522 -0.023638479422684159 -0.0045743041247445311 0.03660499308692941 -0.018433306042823415 0.025003251721141408 -0.012223979858465425 0.021226716110020319 -0.030598101059107603 0.027437888594126533 0.0050685302543002865 -0.020249885526962271 0.003975150865357587 -0.027217473035263937 -0.03546568250778797 -0.016783780805807304 -0.01951397632214185 -0.013509161009387233 -0.0082546765477803357
leaf_weight=3883.547868937254 13050.56707175076 3389.3527062982321 481.44747532904148 4000.6711935698986 2146.9484986513853 3291.3475148826838 3992.6675994694233 1687.0938443392515 1392.0646190941334 11281.468338221312 5249.3285156339407 1032.1947852820158 1028.1679667681456 7118.9657456576824 12433.894958898425 3546.5665504187346 6350.7403124570847 4080.558354228735 860.27197541296482 2257.5228701978922 2496.0079419016838 13327.996553137898 3145.8919022679329 14670.18960775435 2158.6110355854034 19619.363815575838 4509.2349081039429 7949.7376809865236 888.44044914841652 9510.7690629810095
leaf_count=21032 97237 13937 2022 16911 9424 17584 16312 7061 5840 49324 21990 4285 4238 29750 80806 15008 28626 17007 3579 9372 10902 56303 12851 60613 8889 87819 18849 33433 3769 38961
internal_value=8.79757e-05 -0.00849332 -0.0154638 -0.0100573 0.00396775 0.0424496 -0.0260546 0.0108898 -0.0035489 -0.0240138 -0.0126944 0.00451264 0.00730685 -0.00859379 0.0319904 -0.0318174 0.0186396 0.00295457 -0.00724776 -0.0102411 0.00663039 0.00859848 -0.00696303 0.000597337 -0.014929 -0.032859 -0.0285217 -0.0124567 0.010581 -0.0058074
internal_weight=170832 142056 91097.6 60311.7 50958.2 28775.8 30785.9 32854.1 41131.6 19180.1 19270 21861.7 28970.6 18104.1 15725.2 23647.4 8037.83 20932.7 14020.6 12628.6 16852.2 15824 7138.56 17861 3190.81 23165.9 15790.7 15068.7 3035.39 10371
internal_count=803734 608107 386562 252550 221545 195627 134012 145169 170440 82110 79742 90698 124137 76376 98390 104849 35687 88450 57752 51912 71443 67205 29163 73787 13174 102827 68173 63183 13193 42540
is_linear=0
shrinkage=0.05


Tree=23
num_leaves=31
num_cat=0
split_feature=1 19 9 14 1 6 24 24 14 6 24 0 19 14 24 14 18 18 14 18 24 4 0 14 11 4 17 14 13 4
split_gain=23464.9 4319.7 3510.73 1901.86 1637.24 1042.59 1027.62 916.605 835.929 737.45 668.518 629.811 592.174 641.819 534.937 511.883 422.49 417.801 384.173 327.89 311.85 370.728 302.871 302.671 285.37 337.761 278.12 264.434 275.178 260.176
threshold=19.536829054355625 0.51470589637756359 1.0000000180025095e-35 218.50000000000003 8.634866416454317 1.5000000000000002 2.5000000000000004 3.5000000000000004 259.50000000000006 1.5000000000000002 2.5000000000000004 1.0037087798118594 0.13235294446349147 233.50000000000003 7.5000000000000009 185.50000000000003 182.33635711669925 179.01704406738284 243.50000000000003 164.45683288574222 4.5000000000000009 64.248382057994618 1.6144228577613833 261.50000000000006 86.487190067987243 66.980697385966792 160.11765289306643 239.50000000000003 -60.402960005432547 22.893705449998382
decision_type=2 2 2 2 2 2 8 8 2 2 8 2 2 2 8 2 2 2 2 2 10 2 2 2 2 2 2 2 2 2
left_child=1 4 9 5 7 17 -5 26 14 -2 15 -4 13 -9 18 -7 -12 -3 -8 -13 21 -14 -6 -15 25 -16 -1 28 -23 -28
right_child=2 3 11 6 22 10 8 12 -10 -11 16 19 20 23 24 -17 -18 -19 -20 -21 -22 27 -24 -25 -26 -27 29 -29 -30 -31
leaf_value=0.034569858629966005 0.053105206334837646 -0.0020037912109816839 0.00034154533306094835 0.011151723204149361 0.0066311883165329757 -0.026289988440342055 -0.037987448524412638 0.03701730295576388 0.0023922880657686607 -0.0085364945166144096 -0.027232052698235726 0.045561490734812464 -0.014634984869731568 -0.021928865599558759 -0.016396962773472377 -0.0014346897398722636 -0.041135165331925447 -0.020186952852413977 -0.0154252783922886 0.01992415572267691 -0.017679838126642308 -0.019756994939665477 0.02194620393292037 0.013343495336667122 -0.038952601489445175 -0.00055371960766892575 -0.0091158242362063546 -0.0096421039187874081 0.010849263366801148 0.010185654557259713
leaf_weight=948.93151330947876 19555.375024005771 6378.4336985051632 3826.7381363064051 5999.2036217153072 5028.2528561651707 4982.6162101477385 3984.97332470119 1445.0090161114931 7930.7437060177326 497.2836649864912 15027.878055140376 1568.8863668888807 7845.2661560475826 1268.7306820452213 7322.0550111830235 3545.079176440835 8598.3589712679386 6258.774053812027 3586.6684581637383 6088.6706450283527 9303.03835965693 854.38650469481945 9022.5947653651237 1166.4217695742846 851.12214235961437 6222.6700549125671 2175.2497158944607 4347.6220032572746 5193.561864823103 8831.3088789880276
leaf_count=5119 152757 26743 16059 25707 22442 21441 17687 7151 32554 2322 66465 9031 32212 5486 30307 14343 40004 26471 14832 28017 38469 3506 44685 4889 3608 25761 9010 17725 21458 37714
internal_value=3.7873e-05 -0.00884761 0.0389517 -0.0163075 0.00163346 -0.0231795 -0.0077325 -0.00317128 -0.0115219 0.0515762 -0.0279618 0.0169056 -0.00765426 0.0106311 -0.0165452 -0.0159587 -0.0322934 -0.0110102 -0.0273033 0.025182 -0.0102304 -0.00643041 0.0164664 -0.0050351 -0.0108853 -0.00911889 0.00861152 -0.000237825 0.006523 0.00637058
internal_weight=169656 138119 31537 80688.6 57430.4 44791.1 35897.4 43379.5 29898.2 20052.7 32153.9 11484.3 31424 3880.16 21967.5 8527.7 23626.2 12637.2 7571.64 7657.56 27543.9 18240.8 14050.8 2435.15 14395.8 13544.7 11955.5 10395.6 6047.95 11006.6
internal_count=803975 595789 208186 345923 249866 195467 150456 182739 124749 155079 142253 53107 130896 17526 92195 35784 106469 53214 32519 37048 113370 74901 67127 10375 59676 56068 51843 42689 24964 46724
is_linear=0
shrinkage=0.05


Tree=24
num_leaves=31
num_cat=0
split_feature=7 0 19 0 14 21 19 22 22 14 12 14 15 22 14 12 20 22 24 12 17 14 21 14 9 20 12 12 19 9
split_gain=21420.1 4374.01 2374.7 2317.6 1580.32 1120.24 1074.24 992.805 720.238 634.245 600.515 588.507 586.856 492.475 943.876 487.103 458.951 460.762 456.652 408.603 394.844 355.356 409.216 422.661 326.043 323.198 322.678 318.823 313.194 306.301
threshold=1.0000000180025095e-35 2.1629724502563481 0.48529411852359777 2.5833921432495122 218.50000000000003 0.51909596000000013 0.22058823704719546 0.17966253000000001 -0.61916297999999992 244.50000000000003 2.0154798761609913 233.50000000000003 10.156138420104982 0.5938871200000001 249.50000000000003 11.018575851393191 -8.9246292114257795 -1.1087322999999998 3.5000000000000004 2.1965944272445825 175.55303192138675 184.50000000000003 0.74276534000000016 212.50000000000003 38.500000000000007 -12.666358947753904 10.332817337461302 1.3111455108359136 0.27941177785396581 23.500000000000004
decision_type=2 2 2 2 2 2 2 2 2 2 2 2 2 2 2 2 2 2 8 2 2 2 2 2 2 2 2 2 2 2
left_child=1 2 7 28 8 13 11 12 21 -7 -8 -3 16 15 -15 24 -1 -18 -12 -19 -5 -4 23 -23 29 -20 -11 -10 -2 -6
right_child=3 6 4 20 5 9 10 -9 27 26 18 -13 -14 14 -16 -17 17 19 25 -21 -22 22 -24 -25 -26 -27 -28 -29 -30 -31
leaf_value=-0.020073895456626661 0.03398670169483814 0.04371020766800493 -0.022068130073295156 0.054797460427950723 -0.0013101656175891008 -0.042537181889489323 0.015290445916509954 -0.013453090508523422 -0.0081509452920457675 -0.017283938009791576 0.012210281201659704 0.0091493152363027082 0.028921477221762679 -0.041220197857372749 0.0092045541840948646 0.050673347328671917 0.020351353386478213 0.017476096837797168 -0.039484943690168722 -0.0032822392600548272 0.040273717922324516 0.0032004229829818301 -0.051147382183708505 -0.045601282799246579 -0.011614555139988256 -0.0039551635419044434 0.039824815858243573 -0.030763953503542531 0.010206412397804355 0.017134787699172201
leaf_weight=2305.5475447624922 1864.3914333805442 3030.180972635746 7623.814587816596 12490.174665383995 9614.8013698458672 3114.102370351553 8699.7318016886711 13499.335118725896 1664.0795871764421 6032.1698493659496 4840.5460034012794 2075.9953533113003 2061.7276724427938 2193.3496539145708 1607.6455735713243 458.95950590074062 3369.6902052909136 2837.1144735515118 675.94458977878094 14389.761458411813 7511.5199961587787 4646.8347065597773 449.72035823762417 489.49417698383331 5474.1253985911608 11757.108917042613 256.99367187917233 24824.769135937095 5377.897737428546 2937.6799358427525
leaf_count=9486 10848 16943 32861 101762 39554 13744 37976 56043 7041 24583 21009 10320 10897 9786 6540 1969 14543 12126 2852 59421 54416 19071 1923 2003 22646 49863 1046 111773 28411 12088
internal_value=-1.39731e-05 -0.00785973 -0.012545 0.0405704 -0.0179411 -0.00961423 0.00870053 -0.00252968 -0.0245876 -0.0240859 0.00457838 0.0296635 0.00337751 -0.00350746 -0.019896 -0.000136753 0.00107679 0.00344523 -0.000817253 0.000137292 0.0493454 -0.015049 -0.00546716 -0.00145837 -0.00143312 -0.00588982 -0.0149443 -0.0293437 0.016332 0.00300756
internal_weight=168175 140931 109852 27244 71388.5 31689.8 31079.5 38463.2 39698.7 9403.27 25973.3 5106.18 24963.8 22286.6 3801 18485.6 22902.1 20596.6 17273.6 17226.9 20001.7 13209.9 5586.05 5136.33 18026.6 12433.1 6289.16 26488.8 7242.29 12552.5
internal_count=803544 608107 469144 195437 306628 131956 138963 162516 174672 39373 111700 27263 106473 92583 16326 76257 95576 86090 73724 71547 156178 55858 22997 21074 74288 52715 25629 118814 39259 51642
is_linear=0
shrinkage=0.05


Tree=25
num_leaves=31
num_cat=0
split_feature=7 6 6 18 14 15 11 10 15 6 12 18 9 10 25 14 11 12 12 12 17 18 11 12 18 14 14 12 11 9
split_gain=19571.8 4009.83 2318.68 1772.11 1697.14 1450.63 811.41 686.801 665.034 657.839 633.27 561.151 507.6 495.324 444.808 480.156 441.029 393.367 376.002 351.518 334.516 322.232 314.427 310.728 296.755 239.742 233.101 231.6 315.56 265.72
threshold=1.0000000180025095e-35 1.5000000000000002 1.0000000180025095e-35 172.48621368408206 187.50000000000003 4.2549915313720712 15.793902891665141 -2.5987070947885544 13.245591163635256 1.5000000000000002 4.2925696594427256 163.66176605224612 37.500000000000007 16.496585294604301 26.426528140902523 261.50000000000006 75.951033719080073 2.0154798761609913 10.439628482972138 6.0541795665634686 196.13889312744143 184.5334396362305 88.744555543150895 6.5588235294117654 173.07765197753909 213.50000000000003 216.50000000000003 8.1130030959752339 50.095855824868472 31.500000000000004
decision_type=2 2 2 2 2 2 2 8 2 2 2 2 2 10 2 2 2 2 2 2 2 2 2 2 2 2 2 2 2 2
left_child=1 5 13 10 21 7 18 20 17 -4 11 25 16 -2 15 -12 19 24 23 -8 -1 27 -13 -6 -7 -3 -22 28 -5 -30
right_child=2 3 9 4 6 8 12 -9 -10 -11 14 22 -14 -15 -16 -17 -18 -19 -20 -21 26 -23 -24 -25 -26 -27 -28 -29 29 -31
leaf_value=-0.0035175203021977665 0.035140934790938785 0.036242469595304146 0.026244035481138225 -0.019783039596994127 0.023144622734216688 0.032191926908509493 -0.0050214227349527664 0.0094521881477066753 0.042094853459055635 -0.0057594612509523054 -0.019169840001015848 0.00051790930522755741 -0.023534974625757633 0.053324612419736128 0.0010491594465750187 0.0104587397665383 -0.027361488739565055 0.006437511710878422 0.027372402450872524 -0.02228213655463385 -0.026235309314619953 -0.04252462585931422 -0.031078056679107291 -0.010554042639641437 0.009729232511407471 0.0091632058165514504 -0.0056381782861104172 -0.050466947818463885 -0.04197704666764164 0.0011881835970774515
leaf_weight=14244.05997531116 5082.5553231239319 1509.440412119031 4629.9457354918122 8023.0976061373949 889.45803093910217 3358.3419950455427 15880.028150081635 8371.1886291205883 2059.7233015298843 2457.4821647107601 11310.391942381859 11398.314781337976 13013.271450251341 14326.967036344111 5840.7289316058159 1554.8104171454906 3561.2602939456701 11066.759607732296 1418.4441957473755 3621.8094543069601 3376.2235756218433 4822.6379934251308 844.83173897862434 2950.3739345222712 2616.8979780822992 1783.2851294577122 2316.5061280727386 998.35168893635273 3341.5708172023296 399.03898447751999
leaf_count=59325 34918 7320 27874 35557 3639 16386 66221 36158 12321 10675 47138 47030 56752 121682 24893 6318 15520 48969 5952 15658 14273 22912 3546 12169 11289 7997 9657 4493 15468 1739
internal_value=0.00021093 -0.00721915 0.0396276 -0.0132433 -0.0185004 0.00461853 -0.012965 -0.002566 0.0152653 0.015148 -0.00419732 0.00326378 -0.0156394 0.0485651 -0.0103938 -0.0155886 -0.0111835 0.0120203 0.00538363 -0.008228 -0.00761249 -0.0315105 -0.00166471 -0.0027441 0.0223575 0.021584 -0.0178563 -0.0273454 -0.025379 -0.0373732
internal_weight=167068 140571 26497 93161.1 58919.3 47409.7 41334.6 28308 19101.7 7087.43 34241.8 15535.9 36076.4 19409.5 18705.9 12865.2 23063.1 17042 5258.28 19501.8 19936.8 17584.7 12243.1 3839.83 5975.24 3292.73 5692.73 12762.1 11763.7 3740.61
internal_count=803849 608700 195149 400322 256080 208378 175911 119413 88965 38549 144242 65893 154151 156600 78349 53456 97399 76644 21760 81879 83255 80169 50576 15808 27675 15317 23930 57257 52764 17207
is_linear=0
shrinkage=0.05


Tree=26
num_leaves=31
num_cat=0
split_feature=9 13 6 6 5 16 12 11 6 21 15 10 12 15 12 17 12 12 17 10 12 17 21 19 21 21 17 11 12 12
split_gain=18101 3757.43 2293.74 2266.28 1781.44 972.912 756.193 732.638 620.65 618.151 602.417 566.914 491.594 478.741 434.842 419.516 401.041 451.622 450.309 395.619 366.848 353.895 324.731 335.275 283.499 275.937 258.123 230.43 335.519 228.943
threshold=1.0000000180025095e-35 -29.258199989922549 1.0000000180025095e-35 1.0000000180025095e-35 5.5000000000000009 0.72058823704719555 2.1470588235294121 67.392728720886808 1.5000000000000002 -0.087392471699999988 18.856004714965824 18.959673434495929 10.439628482972138 12.646073341369631 7.93498452012384 196.47499847412112 4.3854489164086692 10.439628482972138 187.49073791503909 -2.9526132643222804 6.5588235294117654 185.78959655761722 -0.044221688049999992 0.57352942228317272 -0.61522114499999991 -1.5327152499999999 188.31666564941409 80.377632546720136 5.0015479876161004 8.0216718266253881
decision_type=2 2 2 2 2 2 2 2 2 2 2 10 2 2 2 2 2 2 2 8 2 2 2 2 2 2 2 2 2 2
left_child=2 4 11 13 9 10 7 -6 -4 20 16 -1 14 19 15 -7 18 29 -5 -3 -2 -9 27 -24 -22 -19 -11 28 -8 -18
right_child=1 3 8 5 6 12 22 21 -10 26 -12 -13 -14 -15 -16 -17 17 25 -20 -21 24 -23 23 -25 -26 -27 -28 -29 -30 -31
leaf_value=0.0341826149363572 -0.014082896679351385 0.0063203537730731896 0.025027102234064735 0.013421078054464864 0.019101190042847171 -0.0054631208123242774 0.0029885986908670778 0.0090985804159191587 -0.0061082658575927224 -0.023548586252958904 0.042302586554471763 0.053239710191037896 0.014169581934421947 0.042036412824152797 -0.026713242409012523 -0.018735262006957378 -0.0038183704967138313 0.053537197686031435 -0.006204857424457446 0.021635549328116063 -0.044009180854390588 -0.019055384234513705 -0.012302867524436857 -0.029746113873949181 -0.010158439684283167 0.0079344031302292714 -0.038599263087054234 -0.023713951692039999 -0.017866906957502707 -0.01783255865793636
leaf_weight=5541.4390507936478 10039.834011375904 10219.127252131701 4591.8244005665183 8914.5840723216534 4086.9185009151697 18543.962306857109 5734.8200283944607 1691.3766350597143 2456.2442474663258 4124.124500349164 888.19731630384922 13259.835232660174 1890.9671049267054 1504.2024247348309 4369.0359955877066 8769.6160840839148 10254.778970897198 422.46847733855247 4347.4486977308989 7179.3923777192831 2104.1978167146444 3278.4012154042721 6549.2704754918814 4756.9779949039221 876.88693816959858 1533.230924859643 9259.3261154145002 1793.7182686924934 2904.3781039267778 4070.7325780689716
leaf_count=39394 43784 44369 27956 38759 17643 77621 24135 7424 10664 17653 4948 117534 7972 9406 18925 37997 42697 1807 18065 33909 9428 13908 27562 20649 3877 6374 43009 7601 12367 16923
internal_value=6.27226e-05 -0.00703013 0.038506 -0.000228895 -0.0168879 -0.00472139 -0.00871694 0.00342163 0.0141771 -0.0264171 0.00175357 0.047625 -0.0105902 0.0149822 -0.0120684 -0.00972496 0.000533099 -0.0047245 0.00698749 0.012641 -0.0186585 -0.00947377 -0.0137739 -0.0196439 -0.0340587 0.0178078 -0.0339635 -0.00741121 -0.00402399 -0.0078016
internal_weight=165957 140108 25849.3 82907.7 57200.2 64005 30795.9 9056.7 7048.07 26404.4 30431.4 18801.3 33573.6 18902.7 31682.6 27313.6 29543.2 16281.2 13262 17398.5 13020.9 4969.78 21739.2 11306.2 2981.08 1955.7 13383.5 10432.9 8639.2 14325.5
internal_count=804360 608812 195548 359772 249040 272088 131289 38975 38620 117751 129573 156928 142515 87684 134543 115618 124625 67801 56824 78278 57089 21332 92314 48211 13305 8181 60662 44103 36502 59620
is_linear=0
shrinkage=0.05


Tree=27
num_leaves=31
num_cat=0
split_feature=1 18 7 20 12 24 14 24 5 18 12 11 13 14 13 20 25 23 14 23 14 4 4 12 18 12 14 18 18 11
split_gain=17924.6 3413.32 2801.78 2173.98 1533.95 1424.8 904.889 800.144 799.229 711.477 642.124 609.491 531.587 796.802 523.632 481.668 467.782 433.051 413.089 397.375 434.203 381.787 364.558 350.456 335.293 321.953 307.414 305.689 301.719 278.975
threshold=20.566105350852016 173.07765197753909 1.0000000180025095e-35 5.8208541870117196 3.0789473684210531 2.5000000000000004 243.50000000000003 3.5000000000000004 4.5000000000000009 163.66176605224612 10.332817337461302 80.377632546720136 -23.024700004538236 236.50000000000003 -38.993787704145198 -6.5469207763671866 25.014834511280064 1.1257050000000002 262.50000000000006 1.2471615 258.50000000000006 95.450759366154685 66.980697385966792 14.165634674922602 169.5933532714844 7.7910216718266261 238.50000000000003 184.5334396362305 163.92513275146487 68.440097592586525
decision_type=2 2 2 2 2 10 2 10 2 2 2 2 2 2 2 2 2 2 2 2 2 2 2 2 2 2 2 2 2 2
left_child=1 4 15 14 9 8 -7 12 10 26 -5 17 -6 16 -3 -2 -14 21 -9 20 -15 -10 -11 -8 -4 27 -1 -16 -17 -24
right_child=2 3 24 5 7 6 23 18 11 22 -12 -13 13 19 25 28 -18 -19 -20 -21 -22 -23 29 -25 -26 -27 -28 -29 -30 -31
leaf_value=0.038652084699670332 -0.0055140072672867062 -0.037796401673081237 0.054052448475354224 -0.016409505941922472 -0.0079873944072517376 -0.028925898605749054 -0.0087057081439614378 -0.019015935912089842 -0.0054818704107521404 -0.0011021365130093892 0.026915510828784756 -0.018260688459603065 0.0056711539787617175 -0.023482197985319798 -0.014756632403544507 0.042485127468869906 0.028589605419292653 0.018051304342838883 0.0072021873624455376 0.021684865985873908 0.0036954646121230626 0.0099854531889939507 0.02066636943932099 0.054769843838200251 0.038797122617940397 -0.04396318698910287 0.013376691186735229 -0.031035889583905515 0.017422896793135616 0.0012686524695365712
leaf_weight=3205.698598369956 2002.4503543525934 7424.4932264685631 11956.918320380151 11511.169418215752 10317.496105767787 11119.358282901347 7878.2787644267082 9714.0416682735085 8985.792366489768 6686.5939150154591 922.96845245361328 3118.1938572525978 4722.3049549311399 3234.3696462661028 10186.104518637061 1453.6558429449797 4212.6360812559724 5135.4722578376532 1776.6754566058517 1091.0757705494761 2692.3723940104246 7173.8501686826348 5817.8996450453997 222.63476832211018 5174.893625728786 1468.0106347799301 1927.6932412385941 4024.0783109068871 6907.7434919625521 2720.1674971282482
leaf_count=17447 8524 35283 109347 49169 43408 50575 32671 42201 37761 28019 3872 13532 20378 13772 44566 8810 20868 22087 7343 4903 11375 30173 25658 950 42865 6872 9470 18478 31633 12371
internal_value=0.00018527 -0.00719467 0.0370332 -0.0139495 0.0020069 -0.00863069 -0.0196664 -0.00395746 -0.0028739 0.0130695 -0.0131916 0.00238144 0.0008563 0.00657613 -0.0268567 0.0165101 0.0164787 0.00540473 -0.0149619 -0.00603219 -0.0111375 0.00138483 0.00764086 -0.00695469 0.0494469 -0.0216741 0.0291651 -0.0193685 0.0217846 0.0144873
internal_weight=164785 137289 27495.7 79170.4 58119 56067.7 19220.3 37761 36847.4 20358.1 12434.1 24413.3 26270.3 15952.8 23102.7 10363.8 8934.94 21295.1 11490.7 7017.82 5926.74 16159.6 15224.7 8100.91 17131.8 15678.2 5133.39 14210.2 8361.4 8538.07
internal_count=804381 603202 201179 345989 257213 240790 84196 164248 156594 92965 53041 103553 114704 71296 105199 48967 41246 90021 49544 30050 25147 67934 66048 33621 152212 69916 26917 63044 40443 38029
is_linear=0
shrinkage=0.05


Tree=28
num_leaves=31
num_cat=0
split_feature=7 6 6 13 15 22 15 15 6 22 10 14 24 22 5 14 22 22 24 5 25 14 13 14 22 24 14 14 14 14
split_gain=15955.6 3301.26 2115.58 1674.55 1142.36 1071.08 742.909 623.696 579.956 577.18 548.439 496.896 521.84 492.181 493.961 452.233 445.964 376.533 372.63 358.662 349.081 324.497 323.834 311.547 301.888 276.424 396.504 285.804 275.577 274.755
threshold=1.0000000180025095e-35 1.5000000000000002 1.0000000180025095e-35 -36.917227279291062 3.8595376014709477 -0.16078418999999997 2.5416612625122075 13.94163751602173 1.5000000000000002 0.021143936550000002 13.562836229056121 186.50000000000003 2.5000000000000004 0.14726732500000003 2.5000000000000004 262.50000000000006 0.075349397950000022 1.3878511000000002 6.5000000000000009 5.5000000000000009 32.285268002748502 185.50000000000003 -74.162986720067323 195.50000000000003 1.0095930500000001 2.5000000000000004 201.50000000000003 262.50000000000006 246.50000000000003 258.50000000000006
decision_type=2 2 2 2 2 2 2 2 2 2 10 2 10 2 2 2 2 2 8 2 2 2 2 2 2 8 2 2 2 2
left_child=1 4 10 5 9 11 25 16 -4 21 -2 -3 22 14 20 -15 -6 18 -17 -7 -8 -1 -13 -24 -21 26 -5 -27 -16 -30
right_child=2 3 8 6 7 19 13 -9 -10 -11 -12 12 -14 15 28 17 -18 -19 -20 24 -22 -23 23 -25 -26 27 -28 -29 29 -31
leaf_value=-0.0066671684941934945 0.030275473013609791 -0.025541254135857668 0.024457395208144897 -0.015978524101911511 0.01563560153086831 -0.03747807935538848 -0.014531941925111739 0.041041718848019687 -0.0058442690711174141 -0.013186344820144455 0.051213619676550748 -0.022686666787675881 -0.028338940147821973 -0.015435319172853621 0.0086425782848807923 -0.021525820682876142 0.00013929188644812234 0.051980873957577091 0.012491268548045269 -0.01792741716191466 0.04164308316444118 0.0081400003269791049 0.02575172737875088 -0.00073144553585723136 -0.043025386717713721 -0.021428326433362576 0.012221728609965635 0.0067341032472987873 -0.014360591133795933 0.0046478147600706133
leaf_weight=5876.286904156208 4073.3711843416095 4375.648709192872 4449.6673662289977 3547.3008192777634 12921.271538898349 8500.93560308218 5930.9579117149115 1766.9099078327417 2446.8839794993401 9018.0087878704071 13547.12868399173 1254.7159671634436 1954.1956035345793 11975.154261559248 12895.293350875378 1321.6404204964638 7246.4039324074984 374.12689298391342 2056.2223038077354 6375.3306689858437 289.12691110372543 9987.2194706946611 1419.3120496273041 5091.0268696546555 1475.6054023951292 12516.530813753605 1920.559395045042 970.29927256703377 3251.4974317252636 4574.395983889699
leaf_count=24612 29207 19734 27901 15179 59569 41074 25246 11296 10651 38173 127680 5271 8312 51104 55176 5347 31466 1573 8308 27937 1666 42588 5958 21260 6910 55588 8049 3927 13446 19007
internal_value=6.63753e-07 -0.00656389 0.0371868 -0.0120608 0.00424645 -0.0216538 -0.00732078 0.0125647 0.0137071 -0.00308685 0.0463753 -0.0115516 -0.00525143 -0.00366155 0.00044146 -0.0106898 0.0100679 0.00445667 -0.000820869 -0.0303603 -0.0119145 0.00265494 0.000561796 0.00504519 -0.0226495 -0.0155574 -0.0060729 -0.0194019 0.00415087 -0.00325061
internal_weight=163403 138886 24517.1 92069.9 46816.1 30446.8 61623.1 21934.6 6896.55 24881.5 17620.5 14094.9 9719.25 42668.4 26941.3 15727.1 20167.7 3751.99 3377.86 16351.9 6220.08 15863.5 7765.05 6510.34 7850.94 18954.7 5467.86 13486.8 20721.2 7825.89
internal_count=803215 607776 195439 400072 207704 136456 263616 102331 38552 105373 156887 60535 40801 180873 114541 66332 91035 15228 13655 75921 26912 67200 32489 27218 34847 82743 23228 59515 87629 32453
is_linear=0
shrinkage=0.05


Tree=29
num_leaves=31
num_cat=0
split_feature=1 16 7 1 22 22 14 21 14 6 16 18 13 6 12 12 5 14 12 16 14 12 12 12 14 21 13 21 14 14
split_gain=15653.1 3093.94 2511.24 1601.87 1087.79 1008.97 917.094 811.282 792.207 648.39 641.675 523.262 417.132 403.061 390.87 374.417 395.242 393.041 370.299 318.955 449.121 301.132 351.311 271.054 266.297 262.489 259.183 255.956 272.16 372.483
threshold=21.318968534469608 0.75000000000000011 1.0000000180025095e-35 10.032814383506777 0.36488128000000003 0.17966253000000001 184.50000000000003 -0.43871623499999995 250.50000000000003 1.5000000000000002 0.60294118523597728 179.23841094970706 -26.964690820951208 1.0000000180025095e-35 1.1099071207430342 10.439628482972138 3.5000000000000004 192.50000000000003 4.1563467492260076 0.54411765933036815 233.50000000000003 14.165634674922602 4.4907120743034072 3.6207430340557281 261.50000000000006 0.40264956500000004 -36.917227279291062 -0.19994983999999996 260.50000000000006 232.50000000000003
decision_type=2 2 2 2 2 2 2 2 2 2 2 2 2 2 2 2 2 2 2 2 2 2 2 2 2 2 2 2 2 2
left_child=1 3 13 4 10 6 11 -8 26 -4 18 -3 -6 -2 -9 16 -12 -17 -1 20 -5 22 -14 -22 -16 -10 -7 -18 29 -29
right_child=2 5 9 19 12 8 7 14 25 -11 15 -13 21 -15 24 17 27 -19 -20 -21 23 -23 -24 -25 -26 -27 -28 28 -30 -31
leaf_value=0.019722965170237316 0.024982753306783217 -0.011419430610097489 0.050202003655840856 0.036886461717452988 -0.023202020733133936 -0.035451122096561559 0.0063384118346632885 0.016237825442237484 0.0083044822594568243 -0.011773636714582935 -0.013367054132705012 -0.030167367856523349 0.0046208426045271133 0.0043974823051928886 -0.016806908716042207 -0.049257126796444367 0.0051571757749253643 0.04187040369761847 0.0020025359789010455 0.0098468019283635046 0.023455210717224166 0.042724174342645575 -0.015588051895393258 -0.020632522408968769 0.0039775727428516565 -0.017660658031462908 -0.022771112312051641 0.00068928077634066115 0.0097531520019293466 -0.018876042379703112
leaf_weight=5682.0091578140855 5517.822895988822 7785.4188141822815 15240.871185496449 2933.3684424906969 7394.4007197022438 8142.6675619259477 9980.4088486805558 1135.8267361223698 2043.3281151652336 433.68668854236603 8331.3217539042234 7133.0213303416967 3177.1443492621183 4179.0998976528645 12444.340243473649 138.37655276060104 10347.074088156223 786.63971027731895 6126.5822942405939 11441.49535305053 729.92153260111809 288.06128327548504 6652.0155968517065 665.55966205149889 1758.5023149251938 1857.06818895787 7997.8817285001278 4793.2708850353956 2338.6423794329166 4938.2068794369698
leaf_count=26849 28439 33366 147837 17857 32543 40213 41866 4995 8350 2058 35213 33502 13465 17833 53108 567 43177 3315 27122 53877 4198 1225 27802 3404 7245 7705 36909 20006 9586 20315
internal_value=3.96809e-05 -0.00663926 0.0361144 1.81128e-05 -0.0036546 -0.0151172 -0.0105514 -0.00475683 -0.0242832 0.0484866 0.000582963 -0.0203849 -0.0141761 0.0161125 -0.0119761 -0.00312577 -0.00406904 0.0281998 0.0105301 0.0142221 0.0257814 -0.00757761 -0.00905599 0.00242833 -0.0142334 -0.00405947 -0.0291698 -0.000613 -0.00555948 -0.00924
internal_weight=162414 137043 25371.5 76764.1 60993.7 60278.5 40237.5 25319.1 20040.9 15674.6 43482.1 14918.4 17511.6 9696.92 15338.7 31673.5 30748.5 925.016 11808.6 15770.3 4328.85 10117.2 9829.16 1395.48 14202.8 3900.4 16140.5 22417.2 12070.1 9731.48
internal_count=803947 607780 196167 340521 261185 267259 174082 107214 93177 149895 186150 66868 75035 46272 65348 132179 128297 3882 53971 79336 25459 42492 41267 7602 60353 16055 77122 93084 49907 40321
is_linear=0
shrinkage=0.05


Tree=30
num_leaves=31
num_cat=0
split_feature=7 13 20 16 15 5 15 20 11 21 10 21 23 20 21 10 23 20 20 21 17 21 21 19 11 10 10 2 11 10
split_gain=13723.9 2794.02 1561.05 1513.18 1267.52 898.629 755.679 551.982 529.945 509.111 465.916 410.057 397.262 549.764 468.985 377.581 336.434 300.191 484.26 388.251 366.068 310.93 299.418 331.62 287.475 256.668 245.212 221.791 220.865 216.025
threshold=1.0000000180025095e-35 -27.609807453530582 -1.0000000180025095e-35 0.51470589637756359 4.9050927162170419 4.5000000000000009 18.856004714965824 -16.078605651855465 75.951033719080073 0.54695698500000012 16.496585294604301 0.29393150000000007 1.2471615 24.029861450195316 -1.6777381999999998 -27.304639473557469 2.7058399000000004 -10.775985717773436 52.393394470214851 -1.5734585999999997 167.31060028076175 -1.2089223499999997 -0.044221688049999992 0.57352942228317272 50.095855824868472 -2.9526132643222804 -2.9526132643222804 1.0738605856895449 9.5080668581966847 -10.705362141132353
decision_type=2 2 2 2 2 2 2 2 2 2 10 2 2 2 2 10 2 2 2 2 2 2 2 2 2 8 10 2 2 8
left_child=1 2 24 -2 7 11 17 15 22 12 -5 -4 29 16 -15 -3 27 -6 20 -20 21 -19 -7 -24 -1 28 -21 -14 -11 -9
right_child=3 4 5 10 6 8 -8 9 -10 25 -12 -13 13 14 -16 -17 -18 18 19 26 -22 -23 23 -25 -26 -27 -28 -29 -30 -31
leaf_value=-0.022724901312863019 0.050474147984174336 -0.0041100543697090387 -0.014567392400697885 0.01406771449438525 -0.010838681931525925 0.0028749994424609967 0.042724170705663395 -0.0071122899295454015 -0.016602235774472798 0.013595123513226663 0.032885493977196326 -0.032060494571533309 -0.017765609056744385 0.048761325817042817 0.011518931503510117 -0.028625676438720851 -0.045482193186453662 0.0037090345477823181 0.041008355202462279 -0.0015452042560509087 0.010861851601685069 0.043523868114550536 -0.0010865504140797554 -0.017053181469920835 -0.039982171810146662 0.0017664604993045769 0.015896124447625479 0.0046829132090374275 -0.019588722768336134 0.002945901826367794
leaf_weight=4323.7253713905811 9848.3851073905826 2795.051912009716 8998.9981114715338 5856.6695411279798 2080.3260718584061 12747.22590187937 1607.0109494253993 15236.573326796293 9126.0863150507212 541.04397568106651 7510.1011036708951 5339.088630720973 1417.9843227863312 971.87918622791767 6457.697802811861 3585.3040148466825 440.99217936396599 643.14088916778564 659.353998452425 10750.076567173004 4552.6456229239702 2065.8214393407106 7683.7027450054884 5637.5941146314144 5476.8756343126297 2388.5387470126152 2479.1102812439203 4898.0811998099089 6739.4842662662268 8216.3581857532263
leaf_count=20415 97158 11900 39640 36314 8878 54643 10326 63950 39824 2191 61735 24737 6137 4267 27904 16341 2019 3419 3005 46474 19801 11428 32808 24343 26519 10332 11808 20820 28585 35242
internal_value=3.78471e-05 -0.00595132 -0.0141401 0.0356023 0.000236096 -0.0105322 0.00957546 -0.00408456 -0.0062333 -0.00222254 0.0246421 -0.0210831 0.00040647 0.00701077 0.0163966 -0.0178884 -0.00331011 0.0072806 0.00906323 0.00359202 0.0195255 0.0340762 -0.00260283 -0.00784443 -0.0323719 -0.0124557 0.0017242 -0.000358893 -0.0171212 -0.00358859
internal_weight=161075 137860 59333.3 23215.2 78526.5 49532.7 24837.5 53689 35194.6 47308.6 13366.8 14338.1 37639.6 14186.6 7429.58 6380.36 6757.06 23230.5 21150.1 13888.5 7261.61 2708.96 26068.5 13321.3 9800.6 9669.07 13229.2 6316.07 7280.53 23452.9
internal_count=802963 607756 262929 195207 344827 215995 115139 229688 151618 201447 98049 64377 160339 61147 32171 28241 28976 104813 95935 61287 34648 14847 111794 57151 46934 41108 58282 26957 30776 99192
is_linear=0
shrinkage=0.05


Tree=31
num_leaves=31
num_cat=0
split_feature=1 19 9 14 22 14 22 1 6 11 22 11 5 24 23 6 25 17 17 22 14 1 14 24 23 14 22 14 22 14
split_gain=13618.9 2594.63 2403.87 1204.33 1552.58 1126.44 1121.74 627.175 615.429 559.867 507.171 506.719 538.607 447.853 447.469 436.178 386.38 375.994 344.635 344.522 296.396 288.833 281.346 258.132 313.021 256.018 245.212 240.729 298.797 275.824
threshold=21.318968534469608 0.51470589637756359 1.0000000180025095e-35 184.50000000000003 0.16082139000000004 246.50000000000003 -0.17849789999999996 9.5519820898771304 1.5000000000000002 50.095855824868472 0.77527007500000011 18.035498580788683 2.5000000000000004 2.5000000000000004 1.5588021500000002 1.0000000180025095e-35 25.070076999068263 167.31060028076175 198.80808258056643 -0.70384755499999996 265.50000000000006 8.634866416454317 196.50000000000003 5.5000000000000009 0.56494268500000011 207.50000000000003 0.20379827500000003 262.50000000000006 1.2243577000000003 229.50000000000003
decision_type=2 2 2 2 2 2 2 2 2 2 2 2 2 8 2 2 2 2 2 2 2 2 2 8 2 2 2 2 2 2
left_child=1 6 8 9 11 10 7 16 -2 18 -6 14 -13 -14 19 -8 -1 -4 -3 20 -5 23 -19 -15 -25 -16 -24 29 -29 -17
right_child=2 3 17 4 5 -7 15 -9 -10 -11 -12 12 13 21 25 27 -18 22 -20 -21 -22 -23 26 24 -26 -27 -28 28 -30 -31
leaf_value=-0.00097567686990926634 0.049186583137716962 -0.012219095786477639 0.041685405125576475 -0.0052060389797419912 -0.018662837585251488 -0.002667410719537923 0.0066278504356521778 0.022611306886562738 -0.011466730766376916 -0.035549400458865225 -0.037625611917161822 -0.020116629388085148 0.0088373372071037844 -0.019050798534233578 -0.036217337259491916 -0.0060394963758428413 0.012410907828769616 0.00014496280766423191 -0.028710057891129678 0.01736816130276668 -0.079174835563625756 0.0056635754500867237 0.025419368060349185 -0.014961287407659229 0.0018924013590080877 0.06450258836619574 0.00052546976232102107 -0.0010246994575513484 0.047412259487390869 -0.018796641161647684
leaf_weight=11988.094255581498 14215.992787964642 10559.435337796807 1174.2543679475784 741.33133766800165 8067.7421073615551 7156.3549282327294 6393.9900328293443 6625.0035472139716 430.54813370108604 5713.3008024990559 6268.4061829298735 4470.651550874114 7705.1428807526827 4252.4866533428431 70.356149658560753 12363.621636077762 9792.9637977480888 3312.7266695201397 4527.1833203285933 2436.8952340632677 164.74728192389011 4643.7905625477433 3753.9357884675264 4502.1109585016966 7096.4444949030876 565.42093539983034 1343.1058900207281 3084.5211516469717 354.03608034551144 6446.4644310548902
leaf_count=50423 147964 47381 7670 3118 37512 29766 31230 35615 2062 28105 30776 19265 32935 17900 289 53459 44750 14462 21712 10066 687 20770 18002 18806 29499 2484 6059 12709 1469 26893
internal_value=0.000130218 -0.00602316 0.034664 -0.0118943 -0.00820018 -0.0188693 0.00210109 0.00914129 0.047403 -0.0222194 -0.0269563 -0.00194308 -0.00399491 -0.00143844 0.0149018 -0.00488103 0.00504335 0.015193 -0.0171693 0.00758204 -0.0187278 -0.00530192 0.0114894 -0.00851458 -0.00465028 0.0533174 0.018861 -0.00818869 0.00397474 -0.0104123
internal_weight=160221 135990 24230.6 78941.8 58141.9 21492.5 57048.7 28406.1 14646.5 20799.9 14336.1 36649.4 32670.6 28200 3978.75 28642.6 21781.1 9584.02 15086.6 3342.97 906.079 20494.8 8409.77 15851 11598.6 635.777 5097.04 22248.6 3438.56 18810.1
internal_count=803838 607619 196219 351071 253873 98054 256548 130788 150026 97198 68288 155819 139175 119910 16644 125760 95173 46193 69093 13871 3805 86975 38523 66205 48305 2773 24061 94530 14178 80352
is_linear=0
shrinkage=0.05


Tree=32
num_leaves=31
num_cat=0
split_feature=1 16 7 24 20 15 14 12 24 9 6 13 16 17 12 17 20 24 12 12 12 14 14 14 14 13 23 23 4 13
split_gain=12760.5 2584.63 2241.17 1328.7 1208.83 921.881 915.564 872.743 592.222 626.175 585.176 532.3 511.263 488.602 461.848 375.661 345.689 331.138 326.512 297.551 607.536 578.182 283.876 305.62 262.323 252.572 246.053 263.532 239.415 238.742
threshold=22.074687719345096 0.66176471114158641 1.0000000180025095e-35 3.5000000000000004 4.3582839965820321 18.856004714965824 245.50000000000003 4.2925696594427256 2.5000000000000004 33.500000000000007 1.5000000000000002 -40.744197211871288 0.54411765933036815 196.05555725097659 3.0510835913312699 188.31666564941409 -5.5233306884765616 4.5000000000000009 14.165634674922602 6.9272445820433441 10.332817337461302 194.50000000000003 261.50000000000006 237.50000000000003 212.50000000000003 -45.055139483116996 1.3275677500000003 1.6330332500000002 96.471147269010558 -31.662249741205027
decision_type=2 2 2 10 2 2 2 2 8 2 2 2 2 2 2 2 2 10 2 2 2 2 2 2 2 2 2 2 2 2
left_child=1 5 16 4 11 7 14 12 19 22 -4 26 24 -13 15 -5 -2 -9 -8 -6 -21 -22 23 25 -1 -10 -3 -28 -25 -16
right_child=2 3 10 6 8 -7 18 17 9 -11 -12 13 -14 -15 29 -17 -18 -19 -20 20 21 -23 -24 28 -26 -27 27 -29 -30 -31
leaf_value=0.034185882642026759 -0.0038006887310797332 -0.038691432545102183 0.049149368519602048 -7.0630080497591997e-05 0.010509303309633542 0.040612645202650892 -0.0072971342380596972 -0.00018846589487315861 -0.0072531043556574764 -0.015160341201528699 -0.012669217065278932 -0.0057130628355432263 0.0055003497250896045 -0.025146146106470754 -0.03812088667703864 -0.023900941426535982 0.020323627237371199 -0.015252571923442832 0.047657958536768359 -0.023999726336603029 -0.031608717544303749 0.044344466856011094 0.011889505487462227 -0.0208971570769385 0.012909712612177136 0.0069019244086580278 0.012295592603481426 -0.031732722339791901 -0.0030663394867738677 -0.024274513698948123
leaf_weight=2793.1153223663568 1878.1533034443855 3395.3286461159587 13398.769260384142 2640.5374009534717 10706.078677095473 1749.4724026471376 8110.0518026947975 12326.219148665667 5222.6308114975691 11653.029969200492 393.69538405537605 9681.559267424047 13990.975204959512 4856.9643525108695 6057.576300188899 4424.4744445905089 7087.0769579783082 5180.6335638538003 278.6140733063221 1966.8070426285267 358.80250769853592 825.1056314855814 3601.40711466223 3504.1162124201655 3012.8914393857121 7943.0419553816319 572.65110052376986 833.54356272518635 4067.6713218316436 6423.7307175993919
leaf_count=15154 8071 16960 145388 11532 46030 11723 33891 54180 22969 50808 1879 42026 62498 22873 30608 20975 35508 22300 1208 8176 1464 3609 14999 14581 15688 34174 2629 3889 17189 29806
internal_value=7.86716e-05 -0.0057131 0.0347341 -0.0100811 -0.0063649 0.00514984 -0.0192847 0.00348566 -0.0022482 -0.00562971 0.047384 -0.016975 0.0106773 -0.0122065 -0.0252145 -0.0149957 0.0152699 -0.00464686 -0.00546644 0.00653476 -0.0069697 0.0213184 -0.00106617 -0.0033166 0.0231492 0.00128671 -0.031408 -0.0138069 -0.0113199 -0.0309971
internal_weight=158935 136177 22757.7 97123.7 69188.7 39053.3 27935 37303.8 49848.7 35991.9 13792.5 19340 19797 14538.5 19546.3 7065.01 8965.23 17506.9 8388.67 13856.8 3150.72 1183.91 24338.9 20737.5 5806.01 13165.7 4801.52 1406.19 7571.79 12481.3
internal_count=802785 611939 190846 430396 302376 181543 128020 169820 213999 154720 147267 88377 93340 64899 92921 32507 43579 76480 35099 59279 13249 5073 103912 88913 30842 57143 23478 6518 31770 60414
is_linear=0
shrinkage=0.05


Tree=33
num_leaves=31
num_cat=0
split_feature=7 0 0 13 22 15 10 15 19 14 24 11 22 14 22 14 24 14 14 14 12 23 4 12 9 22 12 12 14 23
split_gain=11080.1 2583.37 1950.17 1590.83 1043.28 735.104 561.373 511.317 470.463 469.101 520.828 542.024 444.55 443.894 618.591 399.981 391.225 378.821 363.185 342.321 356.228 327.125 325.198 308.226 304.924 298.684 255.767 374.433 338.341 295.406
threshold=1.0000000180025095e-35 3.561622262001038 2.439024925231934 -31.29270957372275 -0.16078418999999997 3.1634618043899541 21.72253132462502 19.744426727294925 0.22058823704719546 187.50000000000003 2.5000000000000004 80.377632546720136 -1.0965549999999997 182.50000000000003 1.0095930500000001 195.50000000000003 3.5000000000000004 261.50000000000006 233.50000000000003 200.50000000000003 5.7941176470588251 1.3058449500000002 53.493124946951873 10.332817337461302 34.500000000000007 0.45226171500000006 10.439628482972138 6.2523219814241502 264.50000000000006 1.0829919500000003
decision_type=2 2 2 2 2 2 10 2 2 2 10 2 2 2 2 2 8 2 2 2 2 2 2 2 2 2 2 2 2 2
left_child=1 3 -2 4 9 16 -4 12 18 21 11 15 -7 -6 22 -11 19 -18 -3 20 -5 -1 -15 -21 -17 -10 27 -14 -28 -29
right_child=2 8 6 5 13 7 -8 -9 25 10 -12 -13 26 14 -16 24 17 -19 -20 23 -22 -23 -24 -25 -26 -27 28 29 -30 -31
leaf_value=-0.028844713027683617 0.010393549623362169 0.04140389985279231 0.030075327201257964 -0.0015012921003657877 -0.037401105580935616 0.014188050786527904 0.050271724847252314 0.04004085536217019 0.01058784734686829 0.028397988722012421 -0.021545997338529008 -0.021273293128283091 0.00045765100095323342 -0.023816173440213199 -0.038648172744520426 0.0092318142056383532 -0.016155102485674255 0.0056993792433806291 0.0085346035085552604 0.0048994684609675668 -0.030118902646597175 -0.0072786798420270034 -0.0091085336681503357 0.047251674151256313 -0.011389827877444039 -0.0049160211822579201 0.0052604886577525267 -0.0030525854359610988 0.056403249341046194 -0.020516322146374912
leaf_weight=3591.5627982765436 6476.155134961009 1978.2478072047234 5307.4735120758414 4136.5553710460663 4305.7022525668144 4881.8123682662845 9814.7627567127347 814.7991084009409 14758.800035342574 1781.8383058011532 2907.5440661907196 2052.7137355208397 23218.923101902008 6497.864396288991 3479.9716085493565 5256.8021848648787 17176.173523381352 2241.1256891489029 1461.6769560724497 3275.3979601562023 1474.3006770461798 3445.8654507100582 8917.8667703419924 493.50113174319267 2718.9797720164061 3933.9847533106804 1692.9027441591024 5173.1829700917006 398.82985685765743 4552.135352358222
leaf_count=16609 38163 12966 44244 17756 22134 21793 113043 5141 65928 7490 12473 8603 99305 30745 17334 22141 75912 9127 7919 13846 6369 15502 38946 2171 11518 16948 7182 21532 1742 19383
internal_value=7.68536e-05 -0.00518423 0.0333542 -0.0082073 -0.015537 -0.00346788 0.0431858 0.000854915 0.0104529 -0.0076706 -0.00259318 0.00207417 5.40709e-05 -0.0229125 -0.0196092 0.00698746 -0.00958217 -0.0136325 0.0274438 -0.00119687 -0.00902484 -0.0182875 -0.0153091 0.0104561 0.00220126 0.0073249 -0.00191567 -0.00299229 0.0150342 -0.0112281
internal_weight=158217 136619 21598.4 114486 44956.7 69529.6 15122.2 40732.6 22132.7 21755.3 14717.9 11810.3 39917.8 23201.4 18895.7 9757.62 28797.1 19417.3 3439.92 9379.76 5610.86 7037.43 15415.7 3768.9 7975.78 18692.8 35036 32944.2 2091.73 9725.32
internal_count=803965 608515 195450 504754 203495 301259 157287 176078 103761 94336 62225 49752 170937 109159 87025 41149 125181 85039 20885 40142 24125 32111 69691 16017 33659 82876 149144 140220 8924 40915
is_linear=0
shrinkage=0.05


Tree=34
num_leaves=31
num_cat=0
split_feature=7 0 0 13 22 13 22 12 12 14 10 14 12 24 11 14 22 22 14 19 14 12 14 0 22 12 15 15 4 22
split_gain=10103.6 2370.41 1971.9 1329.81 967.534 705.16 522.113 594.914 563.768 559.195 464.796 457.305 434.09 418.615 448.865 407.027 467.099 382.584 381.7 374.016 359.963 352.248 306.605 278.442 273.852 312.373 271.664 271.177 257.727 243.36
threshold=1.0000000180025095e-35 1.4103196859359743 3.1209185123443608 -29.258199989922549 -0.16078418999999997 -34.579891838479334 -1.1087322999999998 10.439628482972138 8.0216718266253881 193.50000000000003 21.72253132462502 187.50000000000003 2.1965944272445825 2.5000000000000004 80.377632546720136 182.50000000000003 1.0312679500000002 -0.15288999499999997 258.50000000000006 0.57352942228317272 267.50000000000006 0.56811145510835925 225.50000000000003 0.40101435780525213 0.38392488500000005 14.165634674922602 4.9446737766265878 9.4815282821655291 49.010599318891771 -1.1249007999999996
decision_type=2 2 2 2 2 2 2 2 2 2 10 2 2 10 2 2 2 2 2 2 2 2 2 2 2 2 2 2 2 2
left_child=1 3 23 4 11 21 -5 8 19 -9 -4 29 -7 14 -13 -6 28 26 -10 27 -20 -3 -21 -2 -11 -26 -14 -8 -17 -1
right_child=2 5 10 6 15 12 7 9 18 24 -12 13 17 -15 -16 16 -18 -19 20 22 -22 -23 -24 -25 25 -27 -28 -29 -30 -31
leaf_value=-0.003002872787348029 0.0013371362347363855 0.035921528691080021 0.030527329740726791 0.0084521851968104612 -0.037597085222672119 0.019593621303163302 -0.0024205565345843394 -0.034401045767864978 -0.024558937628239876 0.037401849489767318 0.04986361928036049 0.006011116177230799 0.0063831533956238574 -0.020603861611713941 -0.02199895150195838 -0.024471687350315355 -0.037843131191179741 -0.0019529990106040178 0.028607985152519184 -0.01802603321695764 -0.029520186379453667 -0.0067872345183918924 -0.0040198927790569784 0.020892137498737268 -0.01084195399248827 0.04292150610108874 0.024296934259896215 0.019041172911674491 -0.010731576498759979 -0.024419848594082499
leaf_weight=1817.6838406324387 3637.8383163586259 505.23752333968878 4724.6147500425577 7257.047988422215 4014.7778229564428 8500.3515868335962 22370.617788597941 492.98774367570877 6424.859824873507 1543.5683080852032 9119.8582852482796 9180.8280581906438 5856.0051433742046 2622.5024677664042 1693.2250862568617 5637.7503706663847 3004.0972341001034 8308.6374197229743 711.33098593354225 7735.3802093267441 424.41236324608326 10426.353970587254 7896.139739215374 3642.9227084890008 863.92047956585884 391.92550946772099 3314.104822255671 1574.5033426657319 8653.6061500161886 4909.5160708278418
leaf_count=8120 20506 2288 41074 32001 21120 41122 94192 2189 28327 6721 110091 38639 25554 11276 7126 27078 15303 37033 2876 35139 1724 45421 32662 24121 3579 1720 18018 8248 38142 22838
internal_value=1.86158e-05 -0.00497403 0.03219 -0.00899819 -0.0158199 0.00584337 -0.00408643 -0.00589092 -0.00732625 0.0146546 0.0432675 -0.00798565 0.0103262 -0.00267696 0.00164798 -0.023254 -0.0199226 0.00581841 -0.019836 -0.00493597 0.00687939 -0.00481021 -0.0109517 0.011123 0.0233027 0.00595739 0.0128592 -0.00100861 -0.0161532 -0.0186343
internal_weight=157257 136131 21125.2 99220.7 41534 36910.7 57686.7 50429.6 47137.2 3292.4 13844.5 20223.8 25979.1 13496.6 10874.1 21310.2 17295.5 17478.7 7560.6 39576.6 1135.74 10931.6 15631.5 7280.76 2799.41 1255.85 9170.11 23945.1 14291.4 6727.2
internal_count=804248 608456 195792 439020 189642 169436 249378 217377 203168 14209 151165 87999 121727 57041 45765 101643 80523 80605 32927 170241 4600 47709 67801 44627 12020 5299 43572 102440 65220 30958
is_linear=0
shrinkage=0.05


Tree=35
num_leaves=31
num_cat=0
split_feature=7 0 0 13 18 22 5 22 18 6 16 17 22 13 5 13 22 16 22 11 11 24 24 22 23 22 23 11 17 24
split_gain=9277.3 2123.15 1968.4 1282.83 841.312 702.664 612.756 596.038 587.57 521.46 441.167 408.853 347.579 330.225 313.418 296.188 256.39 251.183 236.36 227.563 213.348 308.688 250.237 206.743 203.828 199.466 198.711 226.623 195.156 176.265
threshold=1.0000000180025095e-35 2.0282436609268193 4.0308763980865487 -43.535206903971655 185.39170837402347 0.16082139000000004 3.5000000000000004 0.38392488500000005 175.53743743896487 1.5000000000000002 0.60294118523597728 175.45454406738284 0.030713726750000003 -30.967407623461614 2.5000000000000004 -12.470812891082312 -0.55802616499999991 0.27941177785396581 -1.2068874999999999 15.793902891665141 87.722411732163422 2.5000000000000004 4.5000000000000009 -0.49492500499999997 0.53717247000000012 -0.32743333499999999 1.7358680000000002 95.065769839097669 162.86765289306643 5.5000000000000009
decision_type=2 2 2 2 2 2 2 2 2 2 2 2 2 2 2 2 2 2 2 2 2 10 10 2 2 2 2 2 2 8
left_child=1 3 9 6 5 10 16 20 12 -2 -5 -4 17 -10 -12 24 -1 -3 -16 23 21 25 -22 -20 -7 -8 27 29 -11 -9
right_child=2 8 11 4 -6 15 7 26 13 28 14 -13 -14 -15 18 -17 -18 -19 19 -21 22 -23 -24 -25 -26 -27 -28 -29 -30 -31
leaf_value=-0.015328088810550181 0.020635646213042751 0.044956122834445195 0.051196505692319809 0.011727068559335691 -0.01782473767121669 0.0034146498381097848 0.0085234855443383894 0.0062363783979767487 -0.011508783260376904 0.031553664532601097 -0.0094898739833972484 0.032481180931015437 0.0039337465314368564 0.0049429804896610864 0.012225391621354317 -0.0030789311749476163 -0.036178170653511997 0.016180944191633583 -0.0049833391232887471 -0.0025306447753880891 -0.023677087035730647 -0.020935596356491122 0.02553905036093276 0.02206861260921934 -0.016502086658343254 -0.0080165718086605536 -0.048830489936197111 -0.044567182677073797 -0.01215547942026415 -0.022107712505438928
leaf_weight=2073.3010945916176 5811.5581738948822 818.49910339713097 7645.9647145271301 7684.0670580342412 10829.246436446905 1430.4715110510588 4294.1456713080406 671.35307365655899 4811.3819874972105 288.9824575483799 9114.5520562529564 4732.5182735845447 6776.7850456833839 8328.7207827717066 4126.7163057327271 9642.8613779246807 5122.6196625828743 10243.408382467926 1117.9004796594381 21372.647300958633 2563.2908513993025 1927.7750564217567 286.37673160433769 1915.6578171253204 12569.259733870625 3165.6681852340698 850.60771384835243 928.35436500608921 2140.5807139128447 2987.273021042347
leaf_count=9445 42317 6288 94910 36103 49077 6188 18303 3180 20735 1430 39465 47626 30867 36601 17644 40739 26626 49076 4723 89369 11275 8520 1338 7967 56863 13842 4296 4611 9276 14979
internal_value=0.000193456 -0.0045563 0.03144 -0.00795926 -0.00486907 -0.00283474 -0.0178742 -0.0128653 0.00694184 0.0125045 0.000809878 0.0440445 0.0128516 -0.00108142 -0.00141864 -0.00982255 -0.0301738 0.018314 0.00115988 -0.000711552 -0.00674376 -0.0031055 -0.0187239 0.0121013 -0.0144669 0.00150437 -0.0266382 -0.0225131 -0.00694569 -0.0169063
internal_weight=156273 135653 20619.6 104674 79803.4 68974.1 24870.8 17674.8 30978.8 8241.12 45331.5 12378.5 17838.7 13140.1 37647.5 23642.6 7195.92 11061.9 28532.9 24406.2 12237.3 9387.59 2849.67 3033.56 13999.7 7459.81 5437.59 4586.98 2429.56 3658.63
internal_count=803679 608120 195559 464553 348138 299061 116415 80344 143567 53023 195271 142536 86231 57336 159168 103790 36071 55364 119703 102059 53278 40665 12613 12690 63051 32145 27066 22770 10706 18159
is_linear=0
shrinkage=0.05


Tree=36
num_leaves=31
num_cat=0
split_feature=0 10 18 20 12 22 21 15 14 18 22 15 14 11 18 14 14 21 14 22 5 12 21 17 0 13 12 23 12 13
split_gain=8106.36 2395.3 1962.48 1529.03 1226.97 1057.59 818.49 772.787 724.439 627.855 506.411 483.693 428.451 374.937 349.034 335.611 351.441 360.171 350.716 330.103 318.598 311.712 311.282 307.537 302.744 275.389 274.366 508.4 311.691 260.041
threshold=5.4374144077301034 18.959673434495929 172.74019622802737 3.4155578613281254 2.6068111455108363 0.16082139000000004 -0.12487920499999999 21.682642936706547 248.50000000000003 164.17825317382815 -0.17849789999999996 7.5017826557159433 260.50000000000006 50.095855824868472 169.79144287109378 164.50000000000003 261.50000000000006 1.1315167500000001 223.50000000000003 0.77527007500000011 2.5000000000000004 1.1099071207430342 0.40264956500000004 179.38796234130862 0.28832082450389868 -8.7928688629492857 5.2956656346749229 1.2250030000000003 1.7321981424148609 -52.190253269192603
decision_type=2 10 2 2 2 2 2 2 2 2 2 2 2 2 2 2 2 2 2 2 2 2 2 2 2 2 2 2 2 2
left_child=2 9 4 13 11 6 20 10 19 -2 -6 -1 21 26 -3 -12 18 -18 24 -7 -5 -8 -10 -20 -17 29 27 28 -4 -24
right_child=1 14 3 5 7 8 12 -9 22 -11 15 -13 -14 -15 -16 16 17 -19 23 -21 -22 -23 25 -25 -26 -27 -28 -29 -30 -31
leaf_value=0.010656289164029761 0.033373839923882785 0.052228350403204185 -0.0056627947735340915 -0.0082815935368741028 0.0026818002761204453 -0.014895115758852032 0.010487317273313996 0.041971347121108005 0.0092476507511693538 0.0093457438937721311 0.023420509758361074 0.035844892807679871 0.0095293485671580531 -0.033085181002011917 0.031240656719815543 -0.015036897059169888 0.0093619572076397949 -0.047132253618073432 -0.030443367918357334 -0.030535463383779961 0.0095322051060414102 -0.014502510964070021 0.020162564598306065 -0.0087509131189470752 0.0032215674750538307 0.0084740900388272072 -0.029298166619939267 -0.0043845185301271085 -0.035143266200913688 -0.029301409478734355
leaf_weight=12527.825316779315 3402.5465899407864 6436.501751281321 1257.9491374120116 3005.6626485586166 17376.103264860809 7845.2969176843762 1379.9657206311822 953.69440976530313 3338.9429960697889 13518.85873067379 769.26503826677799 2247.3152758479118 2723.6846260428429 5629.0804418772459 2870.4561777859926 5132.500430084765 3130.0754728168249 309.06931640952826 4151.9473754242063 5923.1556874290109 15197.975414305925 12971.126340076327 307.79558777809143 2695.3938031345606 4070.0045863166451 1064.9595643132925 3838.3820212259889 6133.874566167593 3123.9865633919835 1913.8630952164531
leaf_count=58758 26221 84777 5590 12707 78179 37580 6730 7451 14031 68351 3402 14452 11637 29697 26987 22664 13235 1361 18384 30533 66103 56759 1332 11621 19301 4662 19360 28241 14900 8106
internal_value=4.66153e-05 0.0253864 -0.00510489 -0.0102838 0.00223763 -0.006025 -0.000785203 -0.00245386 -0.0150885 0.014179 -0.00358072 0.0144897 -0.00864859 -0.0221479 0.0457594 -0.00895214 -0.0102311 0.00427271 -0.013339 -0.0216253 0.00659062 -0.012099 -0.00150341 -0.0219069 -0.00696223 -0.0124251 -0.0178567 -0.0136781 -0.0266833 -0.0224425
internal_weight=155247 26228.4 129019 75655.7 53363.2 55672.4 35278.4 38588.1 20394 16921.4 37634.4 14775.1 17074.8 19983.3 9306.96 20258.3 19489 3439.14 16049.8 13768.5 18203.6 14351.1 6625.56 6847.34 9202.51 3286.62 14354.2 10515.8 4381.94 2221.66
internal_count=803112 206336 596776 347968 248808 250180 153936 175598 96244 94572 168147 73210 75126 97788 111764 89968 86566 14596 71970 68113 78810 63489 28131 30005 41965 14100 68091 48731 20490 9438
is_linear=0
shrinkage=0.05


Tree=37
num_leaves=31
num_cat=0
split_feature=1 18 7 14 1 21 22 14 22 4 11 0 25 18 5 22 14 14 21 22 14 14 18 18 21 0 18 14 18 11
split_gain=9131.69 1964.77 1791.14 1282.86 1047.75 1023.58 635.281 683.835 605.164 578.177 481.752 437.939 430.031 352.931 345.341 319.835 289.101 326.772 308.363 321.633 342.55 288.072 369.592 269.776 265.755 263.423 258.362 249.566 387.001 287.565
threshold=24.102101594209675 172.74019622802737 1.0000000180025095e-35 183.50000000000003 10.210135102272035 1.0000000180025095e-35 0.14726732500000003 252.50000000000003 -1.1087322999999998 87.171183388680234 50.095855824868472 1.3131805062294009 26.426528140902523 184.31765747070315 2.5000000000000004 0.77527007500000011 260.50000000000006 233.50000000000003 -1.1820513499999998 0.72205493000000009 172.50000000000003 237.50000000000003 163.92513275146487 169.43404388427737 -0.14242072499999997 1.0000000180025095e-35 163.92513275146487 243.50000000000003 156.78584289550784 61.285361430489523
decision_type=2 2 2 2 2 2 2 2 2 2 2 2 2 2 2 2 2 2 2 2 2 2 2 2 2 2 2 2 2 2
left_child=1 4 25 10 8 6 14 15 -1 -7 13 -4 16 -3 -5 -8 17 18 -10 26 -21 22 -6 -19 -12 -2 -20 28 -14 -30
right_child=2 3 11 5 21 9 7 -9 12 -11 24 -13 27 -15 -16 -17 -18 23 19 20 -22 -23 -24 -25 -26 -27 -28 -29 29 -31
leaf_value=0.015565488904460202 -0.0021935872517061575 -0.011202655296864227 0.018916666616761717 -0.0089043055302413278 0.035777710188279015 -0.018619937562924096 -0.010170275696351929 0.013097943957563737 -0.019935149887024134 -0.004138456610776174 -0.022102826612881019 0.049443355170820734 0.048137637337549138 -0.028694142052928053 0.0082363029013590421 -0.032532170648088908 0.0072223171730562453 -0.025876693116292589 0.019867444428187407 0.020371508246452508 -0.023457570890808258 0.0042570979467175321 0.013484226892645232 -0.0049972882735225448 -0.04472217989363509 0.019495933749858547 -0.001152420108481748 -0.0043315769361199586 0.012202838371318438 -0.01455244557552419
leaf_weight=4959.8927151784301 1849.1619025617838 10854.562345057726 1338.3914080485702 3527.0170871168375 2754.3854021802545 16637.788171932101 4477.691370151937 2335.8422588855028 2815.6352841258049 11767.963811062276 2571.6990374028683 9715.4891309812665 632.27316073328257 3927.6871665939689 17590.604518026114 2487.4735738858581 3444.1594459265471 4010.0433238595724 1706.3349526748061 535.68976955115795 2636.0439696758986 3863.4447653889656 5722.6346697509289 2519.3480798602104 2629.9808269515634 5758.3474180623889 10167.330440320075 4367.4602355584502 5394.9624444842339 1233.056168153882
leaf_count=22702 7864 50063 10781 15059 20075 77150 20632 9740 12010 52128 13102 129634 3998 19692 76005 12680 14160 16697 7621 2343 11965 21225 29102 10505 14303 29920 42939 18785 24479 5268
internal_value=0.000108083 -0.00440584 0.0328992 -0.00951422 0.00268659 -0.00579581 0.000577854 -0.0103093 -0.000893914 -0.0126209 -0.0204588 0.0457493 -0.00296298 -0.0158518 0.00537323 -0.0181599 -0.00633645 -0.00825129 -0.0047516 -0.00190898 -0.016051 0.0155744 0.0207313 -0.0178224 -0.0335456 0.0142243 0.00186971 0.00511228 0.0107931 0.00722392
internal_weight=154232 135571 18661.4 78808.3 56762.7 58824.4 30418.6 9301.01 44422.2 28405.8 19983.9 11053.9 39462.3 14782.2 21117.6 6965.16 27834.6 24390.4 17861 15045.4 3171.73 12340.5 8477.02 6529.39 5201.68 7607.51 11873.7 11627.8 7260.29 6628.02
internal_count=802627 624428 178199 360554 263874 263394 134116 43052 193472 129278 97160 140415 170770 69755 91064 33312 118240 104080 76878 64868 14308 70402 49177 27202 27405 37784 50560 52530 33745 29747
is_linear=0
shrinkage=0.05


Tree=38
num_leaves=31
num_cat=0
split_feature=1 0 9 22 20 1 11 6 11 15 9 21 22 10 21 11 20 21 25 22 21 20 25 23 20 20 22 20 23 11
split_gain=8594.2 1792.66 1653.81 967.142 1203.38 828.93 583.476 463.874 452.773 356.368 342.722 456.758 328.637 290.562 262.931 386.732 296.43 305.508 281.904 236.717 266.887 252.321 240.58 233.872 239.13 231.357 222.68 264.321 216.346 206.864
threshold=24.532674551010135 0.81382218003273021 1.0000000180025095e-35 0.16082139000000004 -2.4217987060546871 10.381654500961305 49.240419371982021 1.5000000000000002 87.722411732163422 4.9446737766265878 37.500000000000007 -0.65693205499999985 -0.93620764999999995 5.0374625027179727 0.20585595000000004 14.008156353618409 84.656867980957045 -1.5734585999999997 26.408613327145577 -1.2466693999999998 0.59002947500000003 17.262786865234379 32.808040991425521 1.7182350000000002 59.627311706542976 -6.0307769775390616 0.075349397950000022 -1.9687194824218748 1.5707905000000002 45.808174089295072
decision_type=2 2 2 2 2 2 2 2 2 2 2 2 2 8 2 2 2 2 2 2 2 2 2 2 2 2 2 2 2 2
left_child=1 3 7 4 12 9 14 -2 10 -3 19 -12 -1 26 16 -16 18 -18 -5 20 28 22 -21 24 -8 -4 27 -7 -6 -14
right_child=2 5 25 6 8 13 23 -9 -10 -11 11 -13 29 -15 15 -17 17 -19 -20 21 -22 -23 -24 -25 -26 -27 -28 -29 -30 -31
leaf_value=-0.0071096363692840798 0.04724527683500554 -0.0046068187930393837 -0.0027446657856026401 -0.014025237022414441 0.035181542659990558 -0.0097472006453827933 -0.025217650718718832 -0.013411894815969742 -0.022034801747866067 0.0081473956777510792 0.0072075858198175349 -0.015343481964233713 -0.020171900414467991 0.024391302596711004 0.0035450008967578168 -0.023163413245080082 0.055974256073454111 0.0026500423247678194 0.0053848807977330644 -0.0086263087301234956 -0.026431241115437543 0.0037223728548606292 0.043885990834960087 -0.042621969852460945 -0.0016859706674609001 0.019037198360435 0.00028003422241185301 0.017587334317959679 0.0096672665275320899 -0.039474057008132196
leaf_weight=4054.7317672371864 10215.941213808954 20734.970139823854 1544.1255732923746 8734.3173678442836 1212.9433382973075 1012.6488375365734 7407.4702369421721 324.82169061899185 2383.3360712826252 7441.6329356431961 3377.8046192228794 6693.7719857245684 5969.1050637364388 4098.4872316867113 1708.9242901057005 6545.4275619834661 303.85118884593248 2260.1084332838655 2379.774030059576 7002.7913595363498 374.91321688890457 22920.132864452899 224.14079248905182 1595.7820616140962 1263.9533083811402 5786.1365812942386 4585.7156928703189 6951.4507261812687 2636.6432413682342 1810.3548346161842
leaf_count=18332 137806 90286 6697 40432 5465 4467 38482 1572 10727 34954 14108 28806 27961 29673 7110 30405 1337 9234 10878 30557 1637 97727 1518 8207 5527 29917 21893 36642 11933 9575
internal_value=9.89851e-05 -0.00419396 0.0326914 -0.00823062 -0.00440859 0.00398837 -0.0151932 0.045375 -0.000808296 -0.00123817 0.00033048 -0.00778034 -0.0186532 0.0128336 -0.0105873 -0.0176341 -0.00633369 0.00898878 -0.00986899 0.00270728 0.0137904 0.00115379 -0.00699181 -0.0250302 -0.0217882 0.0144491 0.00905752 0.0141109 0.0177135 -0.0246682
internal_weight=153556 135685 17871 90860.3 58660.7 44824.9 32199.6 10540.8 46826.5 28176.6 44443.1 10071.6 11834.2 16648.3 21932.4 8254.35 13678.1 2563.96 11114.1 34371.6 4224.5 30147.1 7226.93 10267.2 8671.42 7330.26 12549.8 7964.1 3849.59 7779.46
internal_count=803865 627873 175992 409958 258346 217915 151612 139378 202478 125240 191751 42914 55868 92675 99396 37515 61881 10571 51310 148837 19035 129802 32075 52216 44009 36614 63002 41109 17398 37536
is_linear=0
shrinkage=0.05


Tree=39
num_leaves=31
num_cat=0
split_feature=1 19 9 12 20 22 15 20 22 12 15 4 9 18 18 24 11 12 18 20 11 12 13 1 12 24 11 23 20 20
split_gain=7825.99 1727.47 1714.21 991.369 913.459 928.371 818.419 738.086 501.132 472.225 414.969 410.682 404.437 390.518 303.785 292.319 269.569 265.056 253.677 252.49 435.498 378.734 366.155 251.115 243.031 236.454 230.507 226.95 222.207 215.96
threshold=24.532674551010135 0.51470589637756359 1.0000000180025095e-35 4.2275541795665648 7.6948242187500009 0.38392488500000005 8.55957078933716 62.970138549804695 -1.3625972 10.439628482972138 21.682642936706547 67.669071562588229 39.500000000000007 180.2159118652344 163.92513275146487 3.5000000000000004 50.095855824868472 2.1965944272445825 161.1470642089844 65.772979736328139 15.793902891665141 7.0015479876161004 -22.73482267252939 9.3988972753286379 14.165634674922602 5.5000000000000009 75.951033719080073 0.98345544500000015 6.7537841796875009 77.815338134765639
decision_type=2 2 2 2 2 2 2 2 2 2 2 2 2 2 2 10 2 2 2 2 2 2 2 2 2 10 2 2 2 2
left_child=1 3 14 6 13 9 11 27 -5 12 15 -1 23 16 -2 19 -3 25 -4 22 -21 -22 -10 26 -17 -13 -6 -7 -20 -19
right_child=2 4 18 8 5 7 -8 -9 10 -11 -12 17 -14 -15 -16 24 -18 29 28 20 21 -23 -24 -25 -26 -27 -28 -29 -30 -31
leaf_value=-0.0014661768405721863 0.052567793605473083 -0.0057921316845563628 0.041553365708988779 0.029194716579380438 0.00035557908041792814 -0.013869746755395238 0.031992734422654608 -0.0017049896593912665 -0.0076722264989939858 0.029444163800602816 0.034100476020154959 0.021908090081995339 -0.010382100798857404 -0.023755505827449508 0.035065483078596901 -0.015813666848275228 -0.024073199915597903 0.010801426860598148 -0.0033223374671744223 0.0036611721592561697 -0.016377160881009434 -0.065103922268846495 0.010809924311562986 0.0098719413442104366 0.037026165790955932 -0.019439069192317082 -0.014508272590592328 -0.030284250069373755 0.016412852744398972 -0.0053257934196571837
leaf_weight=11054.32939786464 5751.9757156446576 7916.3082454428077 709.95257103443146 1070.1126439347863 19423.595103561878 3214.4268040508032 3393.4941607862711 5624.72294601053 5282.9203700944781 1198.9281251057982 637.52713806182146 5632.9052346125245 11325.786779254675 11474.991457477212 4376.2155044153333 8086.5790992230177 2705.2640995904803 7100.0365895032883 2096.0010141432285 2786.5695273205638 2933.7223126813769 460.79496182501316 5436.440865881741 6003.4517165720463 222.70501461625099 367.63429815322161 3011.9137768447399 6119.9129827693105 4461.113767169416 2932.6266412883997
leaf_count=48621 85957 35939 5325 5158 81356 15752 22630 24020 22726 5226 4825 28331 49366 59196 53247 35855 13792 32740 9166 11920 12906 2034 25157 29570 967 1765 13247 32281 22028 13260
internal_value=0.000145455 -0.00391005 0.031715 0.00267391 -0.00875381 -0.00535284 0.00884881 -0.016013 -0.00431857 -0.00145966 -0.00570714 0.00594829 -0.00239215 -0.0173605 0.0450096 -0.00671515 -0.0104501 0.0110601 0.0131825 -0.00293954 -0.0109868 -0.0230089 0.00170133 0.0007901 -0.0143932 0.0193721 -0.00164042 -0.0246337 0.0101049 0.00608725
internal_weight=152813 135418 17395.3 57398.4 78019.3 55922.7 30481 14959.1 26917.4 40963.7 25847.3 27087.5 39764.7 22096.6 10128.2 25209.7 10621.6 16033.2 7267.07 16900.4 6181.09 3394.52 10719.4 28439 8309.28 6000.54 22435.5 9334.34 6557.11 10032.7
internal_count=804363 628640 175723 268895 359745 250818 147347 72053 121548 178765 116390 124717 173539 108927 139204 111565 49731 76096 36519 74743 26860 14940 47883 124173 36822 30096 94603 48033 31194 46000
is_linear=0
shrinkage=0.05


Tree=40
num_leaves=31
num_cat=0
split_feature=9 0 0 13 22 20 13 20 17 22 15 4 21 22 20 22 20 22 0 9 25 20 22 18 21 23 0 21 20 23
split_gain=6382.29 1746.07 1585.74 834.037 622.84 653.558 577.267 511.321 453.888 427.724 372.715 338.447 354.134 258.794 325.153 251.708 337.986 251.141 241.031 236.937 226.306 224.409 216.19 213.28 206.08 188.233 186.062 182.007 307.698 173.37
threshold=1.0000000180025095e-35 3.3772941827774052 0.95438385009765636 -27.609807453530582 0.45226171500000006 -0.44994354248046869 -34.579891838479334 -10.190521240234373 175.55303192138675 0.16082139000000004 18.030252456665043 26.5664331689477 -0.42715842999999992 1.0312679500000002 -1.0000000180025095e-35 0.055660221750000009 -7.7343139648437491 -1.2466693999999998 0.17329434305429461 5.5000000000000009 21.65932177305222 61.970138549804695 -0.35569745499999994 184.17951202392581 -1.6777381999999998 2.5483800000000003 6.0228779315948495 -1.6487905499999997 23.560661315917972 1.5520628000000001
decision_type=2 2 2 2 2 2 2 2 2 2 2 2 2 2 2 2 2 2 2 2 2 2 2 2 2 2 2 2 2 2
left_child=1 18 3 4 5 22 13 23 -3 17 15 -7 20 14 -4 16 19 29 -1 -8 -13 -6 -2 -5 -11 -26 -18 28 -19 -9
right_child=2 8 6 7 21 11 10 9 -10 24 -12 12 -14 -15 -16 -17 26 27 -20 -21 -22 -23 -24 -25 25 -27 -28 -29 -30 -31
leaf_value=-0.002186453848493022 -0.017664400502594445 0.04840221336019878 -0.024452160609238355 -0.0099200102890455947 -0.026721226846853598 -0.018108726664933451 0.0090485744282587915 0.034765597908540995 0.027888348468582444 0.019592391385877393 0.038856610222879825 -0.0069655593712989938 -0.0079672777040076734 -0.027610540297202064 0.00086202128297022779 0.0008453660618431433 0.0095287541805015863 -0.0044746852684929032 0.016329748675695747 -0.018616651334082315 0.011914976336503 -0.007300142521447936 -0.03941637686115939 -0.028521936300919072 -0.0078900821580255992 -0.040919064151394492 0.021038633622759654 -0.00016813850258560347 0.044519458893498454 0.0088942556232492059
leaf_weight=3038.9163115620613 3041.6734002530575 6650.1771419271827 1444.9803425818682 5825.3295404464006 8543.3957023173571 4578.6246981620789 1609.9671583026648 847.70567768067122 4544.8022830635309 663.16543056070805 964.92503968626261 2345.9215923398733 13112.092348694801 1098.3846296519041 10336.073556549847 9869.718135073781 9242.9973465502262 663.50835777074099 4166.5764128491282 1488.6146691441536 4902.1825666949153 1802.0465580970049 1831.5315188616514 2095.1366762369871 14514.0957570225 443.6543780118227 5664.5235424488783 23123.16215351969 618.52882588654757 2737.2241044715047
leaf_count=17445 15248 98770 6829 25743 46437 21118 6937 3839 49920 2993 7830 9882 57083 5180 45248 43905 41782 2918 29358 6467 20938 7849 10244 10650 63182 2190 29883 98739 2906 12334
internal_value=0.000117338 0.0277214 -0.00369014 -0.00736724 -0.0127692 -0.00910045 0.00439105 -0.00315744 0.0400775 -0.00103475 0.0083213 -0.00582735 -0.00306475 -0.00440988 -0.00224465 0.00726296 0.0107804 0.00266441 0.00852132 -0.00424402 0.00580398 -0.0233393 -0.025846 -0.0148436 -0.0076628 -0.00887241 0.0139034 0.000848947 0.0191792 0.0150199
internal_weight=151810 18400.5 133409 91689 40157.5 29812 41720.2 51531.5 11195 43611 28840.7 24938.8 20360.2 12879.4 11781.1 27875.8 18006.1 27990.1 7205.49 3098.58 7248.1 10345.4 4873.2 7920.47 15620.9 14957.8 14907.5 24405.2 1282.04 3584.93
internal_count=803847 195493 608354 414293 188799 134513 194061 225494 148690 189101 136804 109021 87903 57257 52077 128974 85069 120736 46803 13404 30820 54286 25492 36393 68365 65372 71665 104563 5824 16173
is_linear=0
shrinkage=0.05


Tree=41
num_leaves=31
num_cat=0
split_feature=1 9 16 12 13 0 22 16 16 11 22 12 5 5 19 12 24 12 5 22 22 5 24 22 6 24 12 23 22 23
split_gain=6925.66 1686.43 1500.59 816.557 619.7 510.476 499.82 459.778 449.585 425.317 342.567 333.871 293.976 293.855 259.939 252.597 264.308 222.681 221.296 264.147 206.892 202.238 201.2 194.334 188.582 188.08 181.006 168.653 164.278 266.81
threshold=23.269164085388187 1.0000000180025095e-35 0.75000000000000011 2.1687306501547994 -33.493582063541957 2.3897628784179692 1.0000000180025095e-35 0.1911764740943909 0.54411765933036815 49.240419371982021 0.16082139000000004 1.2863777089783284 1.5000000000000002 2.5000000000000004 0.33823530375957495 2.339009287925697 5.5000000000000009 14.165634674922602 8.5000000000000018 0.71033275500000015 -0.23260509499999996 6.5000000000000009 3.5000000000000004 -1.0965549999999997 1.5000000000000002 6.5000000000000009 5.4272445820433441 1.5895577000000003 1.0741876000000001 1.6688709500000003
decision_type=2 2 2 2 2 2 2 2 2 2 2 2 2 2 2 2 8 2 2 2 2 2 10 2 2 8 2 2 2 2
left_child=2 5 3 8 20 24 11 -6 -1 15 12 -4 -9 -13 -3 16 -8 26 -10 -20 22 -16 -5 -14 -2 -17 28 -11 -12 -30
right_child=1 14 6 4 7 -7 9 10 18 27 17 13 23 -15 21 25 -18 -19 19 -21 -22 -23 -24 -25 -26 -27 -28 -29 29 -31
leaf_value=0.03002462657025683 0.026564251195602163 0.03054069478885222 0.0097189663120757948 -0.0004366848852375585 0.034146164794886635 0.048317376100217094 0.057396414858640221 -0.013808458907488634 0.0018269642440564026 -0.020798612751540119 -0.0037164631033230078 -0.016367176961592716 0.015736501910013603 -0.0050470862173747797 -0.00013681482523991782 -0.023080182512703554 0.00011433692830198077 0.038941381168737459 0.017645895274844788 -0.022357464709993752 -0.015144577963225832 0.017824619442600425 -0.030022729867089516 0.0034521461906413028 -0.014840871168757007 -0.0088455190342522708 -0.01104754675326905 -0.038300441051308289 0.03350285981437983 -0.016712275372171775
leaf_weight=2511.711637571454 1341.5174204036593 1545.5160144865513 3009.7448973059654 5643.4517675191164 1025.9038015753031 8163.2942898049951 237.00970213860273 2165.3005859404802 8294.1644843146205 7529.935462474823 5826.6758898943663 7485.4277803748846 3836.1932387799025 24482.846117250621 3597.575154542923 3131.1600567400455 1308.4614218324423 276.43994878232479 5348.3100809082389 446.30982849001884 9501.500430136919 2775.8261293768883 638.78533947467804 20005.352987289429 345.14302498102188 8965.8575833812356 8740.4089830443263 1686.1400437727571 788.8453866019845 396.9838348403573
leaf_count=15912 13237 10220 13601 24098 8137 128685 1031 9582 37235 39611 26153 35389 18307 108053 16357 15471 5849 1254 26116 2158 43899 13612 2795 90394 1687 42292 38245 9237 3572 1900
internal_value=1.15209e-05 0.0293327 -0.00389768 0.000747438 -0.00201538 0.0431433 -0.00995703 0.00109109 0.0105407 -0.0157067 0.000283579 -0.00619921 0.00382714 -0.00769813 0.012151 -0.0100998 0.00893041 -0.00546555 0.00706523 0.0145615 -0.0104902 0.00768755 -0.00344933 0.00542932 0.0180877 -0.0125316 -0.00624725 -0.0240045 -0.000263417 0.0166923
internal_weight=151052 17768.9 133283 75446.3 58845.8 9849.95 57836.6 43062.1 16600.5 22858.6 42036.2 34978 26006.8 31968.3 7918.92 13642.5 1545.47 16029.4 14088.8 5794.62 15783.7 6373.4 6282.24 23841.5 1686.66 12097 15752.9 9216.08 7012.51 1185.83
internal_count=804089 183798 620291 349757 268336 143609 270534 197544 81421 113491 189407 157043 118283 143442 40189 64643 6880 71124 65509 28274 70792 29969 26893 108701 14924 57763 69870 48848 31625 5472
is_linear=0
shrinkage=0.05


Tree=42
num_leaves=31
num_cat=0
split_feature=7 16 16 12 13 18 18 15 20 22 17 20 10 22 13 14 14 17 23 12 11 22 12 10 11 4 14 22 11 20
split_gain=5659 1358.12 1308.13 841.384 655.69 600.245 448.472 436.969 401.211 493.625 368.004 332.98 316.237 313.808 299.187 249.469 672.748 533.33 440.985 456.524 342.026 258.547 246.2 240.453 235.825 345.81 234.982 233.713 233.801 231.856
threshold=1.0000000180025095e-35 0.48529411852359777 0.77941176295280468 2.1687306501547994 -27.609807453530582 174.09375000000003 185.39170837402347 21.682642936706547 -11.365150451660154 -1.0965549999999997 157.66176605224612 -5.0147094726562491 6.1079304873943334 -0.22252412499999999 -44.530055251664507 237.50000000000003 260.50000000000006 177.58816528320315 0.75092938500000006 4.9705882352941186 16.244831388937339 1.2243577000000003 2.2461300309597529 16.496585294604301 67.867619931397982 100.52732104808094 220.50000000000003 -0.98463689999999982 25.230167303280474 -4.4447250366210929
decision_type=2 2 2 2 2 2 2 2 2 2 2 2 10 2 2 2 2 2 2 2 2 2 2 10 2 2 2 2 2 2
left_child=2 23 3 5 13 10 14 8 -6 -10 -1 -8 -3 -5 -4 18 17 -17 -11 -20 -19 27 -16 -2 25 -7 -21 -18 -29 -14
right_child=1 12 6 4 7 24 11 -9 9 15 -12 -13 29 -15 22 16 21 20 19 26 -22 -23 -24 -25 -26 -27 -28 28 -30 -31
leaf_value=0.049610192775942481 0.026469520111150127 0.00090765264779915319 -0.015185575081099065 -0.0024686648988379023 -0.019801793426499095 -0.0023900657932322718 -0.031328681454535427 0.037971630007346706 0.01821590127502792 0.017811752676926945 0.014482002988857171 -0.013079233854048118 -0.0048140180031694541 -0.013889384053102437 0.0054088187414010535 -0.028173751170516605 -0.046090194866459155 0.0097652862889442572 0.010560872587439084 -0.0035191532804242512 -0.012824165910407234 0.035110898052117055 -0.0071096620307042717 0.050820268410559914 -0.013313345300961375 0.02296127110729081 -0.024314638982291359 0.012508327464254961 -0.0053233663465253028 0.023440736116828422
leaf_weight=804.89188607782125 1287.0202926918864 2516.1848984882236 9087.3093661367893 10415.979193590581 2308.288964882493 4855.446809887886 3676.6000373512506 790.02399307489395 4034.4667171612382 4410.1514438688755 9999.8671145215631 7812.3035015314817 795.90376943722367 14235.203957013786 4943.2749935388565 3577.1264943927526 227.36627617478371 2640.149198576808 5276.6779191792011 5320.4579410105944 4583.2070221602917 716.42845524847507 19102.399148896337 4839.184367723763 2515.5164816528559 1859.5568764060736 1823.3837827146053 4511.9519021213055 3100.8428066000342 8237.0003203451633
leaf_count=5932 13370 15727 45345 44373 10366 21306 20391 6286 18987 19533 47331 36562 6753 65788 21541 15551 973 11070 24285 23739 19401 3114 86473 79708 11145 8320 8150 19004 13344 80148
internal_value=0.000106062 0.0266813 -0.00343576 0.000100096 -0.00255417 0.00910465 -0.0104093 0.00115033 0.000465481 0.00162905 0.0171032 -0.0189215 0.0165846 -0.00906403 -0.00745721 -0.000220621 -0.00409157 -0.0123878 0.00423137 -0.000591665 -0.00456747 0.00638046 -0.00453601 0.0457097 -0.000258866 0.00463274 -0.00882962 0.00375095 0.00524538 0.0209509
internal_weight=150304 17675.3 132629 88007 67971.7 20035.3 44621.9 43320.5 42530.5 40222.2 10804.8 11488.9 11549.1 24651.2 33133 36187.7 19357.1 10800.5 16830.7 12420.5 7223.36 8556.59 24045.7 6126.2 9230.52 6715 7143.84 7840.16 7612.79 9032.9
internal_count=804016 195706 608310 397998 303964 94034 210312 193803 187517 177151 53263 56953 102628 110161 153359 158164 82457 46022 75707 56174 30471 36435 108014 93078 40771 29626 31889 33321 32348 86901
is_linear=0
shrinkage=0.05


Tree=43
num_leaves=31
num_cat=0
split_feature=1 16 1 16 24 6 11 5 11 16 5 11 22 6 22 22 15 22 22 22 22 5 22 11 9 11 6 25 22 11
split_gain=5939.33 1517.27 1301.28 835.759 601.384 539.587 519.786 432.548 378.999 365.101 355.725 340.584 438.444 244.76 219.309 216.157 205.085 187.797 165.904 163.519 257.281 162.436 159.736 205.357 156.968 155.641 253.817 143.617 141.105 234.808
threshold=24.532674551010135 0.57352942228317272 9.3988972753286379 0.83823528885841381 3.5000000000000004 1.5000000000000002 88.744555543150895 6.5000000000000009 49.240419371982021 0.60294118523597728 6.5000000000000009 21.510219842207047 -0.46755985499999991 1.5000000000000002 1.0312679500000002 -0.17849789999999996 19.744426727294925 0.17966253000000001 0.45226171500000006 -0.44051554499999995 -1.3625972 8.5000000000000018 -0.72863742999999992 57.337247666997996 1.0000000180025095e-35 18.035498580788683 2.5000000000000004 26.408613327145577 -0.16837660999999995 80.377632546720136
decision_type=2 2 2 2 10 2 2 2 2 2 2 2 2 2 2 2 2 2 2 2 2 2 2 2 2 2 2 2 2 2
left_child=2 -2 3 4 6 7 10 -3 27 15 11 19 -13 18 22 -4 28 -5 21 20 -1 -11 -10 -24 -9 26 -22 -6 29 -12
right_child=1 5 9 17 8 -7 -8 24 14 13 16 12 -14 -15 -16 -17 -18 -19 -20 -21 25 -23 23 -25 -26 -27 -28 -29 -30 -31
leaf_value=0.026444380465725392 0.048426983319398147 0.0078173883235598662 0.025291203938841607 -0.012437774260934087 -0.0087535595129553043 -0.01447057532796104 -0.022154640578196071 0.038667854045206965 -0.039940965795006778 0.0036404159033047662 0.007121833665312681 0.00016797300448062998 -0.013622858377718797 -0.0084546063672860782 -0.032081352784784169 0.0076349056646973033 0.037313011491387237 -0.023763939283421871 -0.0039418330864215015 0.01151957542460528 0.010279837523589568 0.015049456393438302 -0.026823225736021951 -0.0055282262564439084 0.020962720027400752 0.011458028121024155 -0.021407278525643496 0.0015371101068874854 -0.0012663306420040536 -0.026739749079198918
leaf_weight=675.8147843554616 6138.6549315080047 3571.5979408286512 3414.2878194004297 11666.38992638886 13207.689147040248 1212.8263845592737 2838.6954540163279 2734.7895811386406 541.24419419467449 7653.3737010248005 16662.878310151398 10979.712498940527 12129.901235535741 3770.3017553538084 2315.8280415907502 3522.600025434047 449.10605458915234 5335.7967618256807 3527.2233722321689 4255.479018740356 888.28929350525141 5266.7023891955614 1573.9369456768036 4029.3277199715376 2317.0580632090569 892.82482235878706 2184.8516241014004 4560.8979827240109 10537.582700543106 527.22426645457745
leaf_count=3009 96981 22713 23944 54913 59541 5294 13048 38397 2425 35922 72782 47841 55363 16363 12499 21611 3324 29598 16824 18388 3992 28543 7346 19106 11950 3968 9648 20395 44517 2225
internal_value=0.000112683 0.0289228 -0.00333737 -0.00583376 -0.0038982 0.0167469 -0.00125037 0.0211386 -0.0102601 0.00643066 -0.00026402 -0.00387068 -0.00707091 0.00303427 -0.0189698 0.0163276 0.00383289 -0.0159935 0.00566828 0.00444142 -0.00204877 0.00829197 -0.0140238 -0.0115136 0.0305531 -0.00690954 -0.0122478 -0.00611218 0.00328928 0.0060818
internal_weight=149383 15974.9 133408 106253 89251.3 9836.27 63022.4 8623.45 26228.9 27154.5 60183.7 32006.9 23109.6 20217.6 8460.34 6936.89 28176.8 17002.2 16447.3 8897.26 4641.78 12920.1 6144.51 5603.26 5051.85 3965.97 3073.14 17768.6 27727.7 17190.1
internal_count=802470 175335 627135 483928 399417 78354 278105 73060 121312 143207 265057 142209 103204 97652 41376 45555 122848 84511 81289 39005 20617 64465 28877 26452 50347 17608 13640 79936 119524 75007
is_linear=0
shrinkage=0.05


Tree=44
num_leaves=31
num_cat=0
split_feature=1 7 19 20 1 21 22 14 22 21 6 17 15 4 18 6 14 21 14 14 14 18 22 20 20 14 20 19 21 21
split_gain=5580.09 1329.41 1324.63 816.005 697.197 637.338 486.314 474.609 707.975 400.162 384.41 340.374 296.755 281.277 250.875 250.871 275.192 500.481 246.641 294.248 236.467 305.881 216.528 244.778 208.397 206.534 199.296 445.334 353.647 271.476
threshold=26.830171108245853 1.0000000180025095e-35 0.51470589637756359 74.476669311523452 12.063337847590448 0.29393150000000007 -1.0697576499999999 187.50000000000003 0.38392488500000005 -0.78959470999999992 1.0000000180025095e-35 190.72883605957034 19.744426727294925 42.67626283317805 182.41428375244143 30.500000000000004 243.50000000000003 -0.76345792499999987 242.50000000000003 156.50000000000003 237.50000000000003 163.92513275146487 0.9662500300000002 -13.290626525878904 3.8894500732421879 249.50000000000003 54.358283996582038 0.22058823704719546 -1.5734585999999997 -1.2226113499999998
decision_type=2 2 2 2 2 2 2 2 2 2 2 2 2 2 2 2 2 2 2 2 2 2 2 2 2 2 2 2 2 2
left_child=2 -2 4 5 6 7 -1 14 15 13 -3 -7 26 -5 -4 16 -9 -18 19 -13 21 -6 23 -21 -23 -10 27 29 -28 -8
right_child=1 10 3 9 20 11 12 8 25 -11 -12 18 -14 -15 -16 -17 17 -19 -20 22 -22 24 -24 -25 -26 -27 28 -29 -30 -31
leaf_value=0.013883377929675408 0.01242973202269621 0.048325628818299909 -0.008659807023184446 0.049434263339596322 0.034683607311244882 -0.0066084335661017492 -0.0085556100544469712 0.0050295416800598541 -0.020671716850437619 0.00071419993137449684 0.018833730345086935 0.012235306019060505 0.031399270305936249 0.0099890435337736967 -0.02197677958788587 -0.028620643367171933 0.021982339094517973 -0.023417660210053926 -0.0076629311686365323 -0.042298485753422446 0.0034035710817577197 -0.0039944608855257083 -0.04256752733122162 -0.019604859860039764 0.018967641783648324 0.01264950743676801 0.032946252001514804 -0.0019086192241709488 -0.0073027509478817716 0.026455814736932055
leaf_weight=5703.5066568776965 6055.616233125329 6703.1384881697595 11075.321650311351 750.76233591884375 2280.3732475265861 5872.8494395837188 717.8734637349844 18709.259583894163 5299.5122663900256 10572.278206948191 1325.0658435001969 532.2949580848217 665.68646920472383 1134.8759776465595 5196.5112106613815 655.40607230365276 831.78990707919002 2239.1570246256888 2848.2182340435684 1390.724556453526 3307.9503409676254 1375.0061239264905 1642.3148043751717 8173.9654544591904 3507.9856227599084 509.10359400510788 561.96152947843075 19125.080151125789 17882.533276513219 2413.5556676313281
leaf_count=26997 31281 119828 52333 3311 20070 27998 3557 82354 27642 45360 12729 2448 4849 5147 27933 2892 3629 9597 12576 7981 20430 6765 9913 40876 20504 2138 2535 82769 76315 12035
internal_value=0.000172692 0.0301203 -0.00295234 -0.00722216 0.00279364 -0.00946961 0.000197658 -0.00611219 -0.00219341 0.00449963 0.0434609 -0.0167738 -0.00168958 0.0257119 -0.0129138 0.00183471 0.00275244 -0.0111176 -0.0208655 -0.0240678 0.0144619 0.0195673 -0.0257931 -0.0229086 0.0125022 -0.0177496 -0.00223152 0.000953576 -0.00607474 0.0184294
internal_weight=149060 14083.8 134976 77434.3 57541.5 64976.4 47070.2 44516.1 28244.2 12457.9 8028.2 20460.4 41366.7 1885.64 16271.8 22435.6 21780.2 3070.95 14587.5 11739.3 10471.3 7163.36 11207 9564.69 4882.99 5808.62 40701 22256.5 18444.5 3131.43
internal_count=804792 163838 640954 364128 276826 310310 209057 208518 128252 53818 132557 101792 182060 8458 80266 98472 95580 13226 73794 61218 67769 47339 58770 48857 27269 29780 177211 98361 78850 15592
is_linear=0
shrinkage=0.05


Tree=45
num_leaves=31
num_cat=0
split_feature=1 18 18 12 20 5 15 5 0 6 17 20 17 25 20 17 12 17 6 12 12 20 5 20 20 20 12 20 5 20
split_gain=5130.42 1607.46 1066.39 961.066 657.034 557.177 477.557 422.328 309.961 303.695 250.471 234.363 379.952 230.888 353.423 218.107 214.019 193.439 182.987 181.654 165.437 241.877 204.297 148.619 179.816 157.705 148.144 532.557 144.17 186.399
threshold=22.478994846343998 163.92513275146487 182.33635711669925 2.1965944272445825 -3.4393386840820308 7.5000000000000009 21.682642936706547 13.500000000000002 1.0037087798118594 1.5000000000000002 198.69697570800784 58.656867980957038 173.36931610107425 23.482144188880927 88.302230834960952 159.17646789550784 4.3854489164086692 217.55000305175784 1.5000000000000002 0.65944272445820451 10.439628482972138 11.059715270996096 5.5000000000000009 -1.9687194824218748 89.952728271484389 105.83823394775392 10.332817337461302 27.889450073242191 7.5000000000000009 33.656867980957038
decision_type=2 2 2 2 2 2 2 2 2 2 2 2 2 2 2 2 2 2 2 2 2 2 2 2 2 2 2 2 2 2
left_child=2 -2 3 7 -4 18 8 10 13 -7 15 12 -10 14 16 -1 -5 20 -3 -17 22 -22 -6 -15 -25 -26 -18 -28 -21 -30
right_child=1 5 4 6 17 9 -8 -9 11 -11 -12 -13 -14 23 -16 19 26 -19 -20 28 21 -23 -24 24 25 -27 27 -29 29 -31
leaf_value=0.043516931082498475 0.047888865855549217 0.0078680663351607394 -0.024603533801033216 -0.0054227091879521967 -0.012381483718519853 0.030107643899443759 0.034223458866324462 0.025056244103228126 0.022175657013237413 -0.0075454428977362242 -0.012436362707641799 -0.0056725910366288955 0.001197992243550247 -0.012307094244076023 0.0058052552144447741 0.024539508489498089 -0.01615334497537195 -0.026081618770189892 -0.017159560092282047 0.0010461485650849467 -0.02644930790825617 0.032109605235322934 -0.0024244862722175077 0.0010908142595196398 -0.016201708651817658 0.0057412043021039597 -0.037957610394881693 0.025882265884335079 0.025917571398701923 0.0058041823910863341
leaf_weight=408.2207544259727 5596.4382135756314 4822.6978828199208 7264.316908210516 10914.410726591945 9717.0749661549926 5129.2449336610734 836.17722821980715 3276.9243313670158 2656.3493450209498 597.54006825387478 1745.4616117328405 7766.1956049129367 11499.327744979411 3275.2164351865649 3668.8596691787243 1292.6492718458176 13837.969548374414 1297.6176313683391 859.67606095969677 9086.6995591297746 246.6524550318718 612.2030728161335 10964.791270427406 19354.654736936092 3064.8141701593995 1116.6514532491565 533.43030069023371 839.3717298656702 1556.6590570025146 4425.4225922487676
leaf_count=3058 95561 31928 39625 48922 46093 54368 7216 18847 15426 2692 8090 36694 52208 16106 15171 6148 62655 6050 3663 40703 1241 2704 49290 87496 12936 4834 2505 3656 7527 20842
internal_value=0.000102468 0.0259419 -0.00324541 -0.000786866 -0.0115067 0.0151731 -0.0033407 0.00851354 -0.00374112 0.0261782 0.00558451 0.00130666 0.00513579 -0.00569599 -0.00872518 0.00746084 -0.0107659 -0.00734002 0.00407933 0.00655863 -0.00620986 0.015281 -0.00710301 -0.0023296 -0.000940699 -0.0103419 -0.0145993 0.0010664 0.00501464 0.0110416
internal_weight=148264 17005.6 131258 101155 30102.7 11409.2 79363.4 21792 78527.3 5726.79 18515.1 21921.9 14155.7 56605.4 29794 16769.7 26125.2 22838.3 5682.37 16361.4 21540.7 858.856 20681.9 26811.3 23536.1 4181.47 15210.8 1372.8 15068.8 5982.08
internal_count=804255 188212 616043 471040 145003 92651 365825 105215 358609 57060 86368 104328 67634 254281 132909 78278 117738 105378 35591 75220 99328 3945 95383 121372 105266 17770 68816 6161 69072 28369
is_linear=0
shrinkage=0.05


Tree=46
num_leaves=31
num_cat=0
split_feature=1 1 7 11 20 24 17 20 14 21 24 14 21 11 14 14 5 21 16 21 5 5 25 16 11 11 19 21 14 20
split_gain=4725.58 1273.69 1112.93 742.963 676.322 494.336 477.664 413.1 428.192 366.217 339.931 481.193 409.862 297.268 394.962 627.429 519.728 459.407 261.419 251.837 247.209 247.077 243.659 238.236 230.022 229.692 226 225.367 308.078 211.93
threshold=30.015349507331852 9.3988972753286379 1.0000000180025095e-35 48.929337142444808 -0.44994354248046869 5.5000000000000009 189.05049133300784 -9.5233306884765607 172.50000000000003 -0.42715842999999992 4.5000000000000009 242.50000000000003 -1.3714820999999997 16.244831388937339 240.50000000000003 254.50000000000003 2.5000000000000004 -0.90578287999999996 0.63235294818878185 0.0095684877600000027 5.5000000000000009 2.5000000000000004 23.482144188880927 0.1911764740943909 90.762973746602029 35.742389070360296 0.57352942228317272 0.29393150000000007 221.50000000000003 8.6715698242187518
decision_type=2 2 2 2 2 10 2 2 2 2 10 2 2 2 2 2 2 2 2 2 2 2 2 2 2 2 2 2 2 2
left_child=1 3 -2 7 19 9 23 -1 -9 21 13 -12 -13 -10 16 17 -15 -16 -4 -5 -11 -6 -18 -3 -23 -19 -24 28 -28 -8
right_child=2 6 18 4 5 -7 29 8 10 20 11 12 -14 14 15 -17 22 25 -20 -21 -22 24 26 -25 -26 -27 27 -29 -30 -31
leaf_value=-0.011726480576085829 0.012383871539197233 0.037662436141331607 0.050463883362806543 -0.018544839629552303 -0.022635366065335741 -0.02523033127124287 -0.011089753557955316 0.013156947961677988 0.0091365344161433749 -0.017631415788656634 -0.017688945973282782 0.030397479901374081 -0.0042650084363859133 -0.015270665408390255 0.05221649531979683 -0.00014028702413625764 0.00038595583973059094 -0.034526102063673084 0.029310337477969867 -0.042269649216456706 -0.0055680470396780868 0.010508801939061327 0.018041563857212489 0.010514669978173191 -0.021454695829587752 -0.010673715588159124 -0.0062711533803971389 -0.02979019847203257 0.029377617599839412 0.003241154692122104
leaf_weight=9683.7096530199051 4819.2316969633102 847.68576177209616 4649.598549541086 2529.1600997000933 776.82722599804401 3793.0873882621527 3645.0506750419736 5167.9891530275345 7818.1815066933632 6258.7081841751933 7155.6585659384727 1006.7061038315296 5547.6072385758162 3488.2975704967976 192.79967108368874 7965.0325408801436 9765.1916689053178 2971.7260238453746 2137.3461072444916 2008.6932201609015 13212.1242345348 5548.1415325477719 5472.9835800677538 16991.668847646564 625.46099079400301 1529.9556563720107 1624.4722114801407 494.17163394391537 965.46090878546238 8820.6638367585838
leaf_count=46805 25229 9535 91370 13931 3550 20414 16792 24580 33612 30655 35794 4378 23034 16028 916 33106 42340 12538 31230 12106 58233 24153 25206 100523 2728 6566 7381 2261 4116 44455
internal_value=0.000139332 -0.00247595 0.0307617 -0.00506895 -0.011057 -0.00835327 0.00655956 -0.00213165 -0.000612453 -0.0059295 -0.00188342 -0.0087249 0.00106278 0.000334759 -0.00166178 -0.00868651 0.00241579 -0.0231836 0.0438075 -0.0290537 -0.0094464 0.00392263 0.00578368 0.0118067 0.00726756 -0.0264237 0.0119427 0.00111746 0.00702401 -0.000949843
internal_weight=147513 135907 11606.2 105602 34752.2 30214.3 30305.1 70849.9 61166.2 26421.3 55998.2 13710 6554.31 42288.3 34470.1 12659.5 21810.6 4694.48 6786.94 4537.85 19470.8 6950.43 18322.3 17839.4 6173.6 4501.68 8557.09 3084.1 2589.93 12465.7
internal_count=803565 655736 147829 484431 165770 139733 171305 318661 271856 119319 247276 63206 27412 184070 150458 53126 97332 20020 122600 26037 88888 30431 81304 110058 26881 19104 38964 13758 11497 61247
is_linear=0
shrinkage=0.05


Tree=47
num_leaves=31
num_cat=0
split_feature=7 15 13 5 18 17 14 10 21 4 10 14 21 21 14 17 21 14 19 21 2 14 21 18 19 21 23 3 5 19
split_gain=3868.89 1180.9 957.009 628.628 544.995 475.707 467.504 302.853 274.603 328.635 299.45 275.868 363.623 318.57 270.005 264.293 256.444 259.358 240.89 227.372 215.063 228.83 802.657 427.379 275.864 318.428 267.956 241.667 207.967 192.504
threshold=1.0000000180025095e-35 10.599842071533205 -33.862050147456088 4.5000000000000009 186.53615570068362 157.66176605224612 233.50000000000003 6.1079304873943334 0.54695698500000012 99.503752443939462 29.410181543231015 262.50000000000006 -1.5734585999999997 -0.24765999499999997 203.50000000000003 184.30517578125003 0.18159368500000003 246.50000000000003 0.60294118523597728 0.50852495500000006 5.9843813776969919 238.50000000000003 -0.55150461499999992 163.92513275146487 0.39705882966518408 -0.81418859999999993 1.1772359000000001 81.236787132918849 13.500000000000002 0.16176471114158633
decision_type=2 2 2 2 2 2 2 10 2 2 8 2 2 2 2 2 2 2 2 2 2 2 2 2 2 2 2 2 2 2
left_child=2 7 3 16 5 6 -4 -2 11 10 -10 19 -13 -14 -6 -9 17 -1 28 20 -7 24 29 -24 25 -22 27 -25 -5 -23
right_child=1 -3 4 18 14 8 -8 15 9 -11 -12 12 13 -15 -16 -17 -18 -19 -20 -21 21 22 23 26 -26 -27 -28 -29 -30 -31
leaf_value=-0.013363596226025587 0.00047237629218219342 0.046416497978189447 0.049994324142548931 -0.0030850442654903297 -0.022938291603914977 -0.0034057025361784671 0.0068050119433772996 0.027887751609173457 -0.014140799717275433 0.0034644225492924418 0.01444720802896312 0.045347615760788405 -0.0048372164024066203 0.018989131942366632 -0.0048560639299793859 0.010970893680940855 -0.025032610024933545 0.0318274828728803 -0.010800534935546651 0.029851093515877045 0.00025379341535374374 -0.016100893496173153 -0.052094231393358142 -0.023302267996525343 0.0017665239088839599 0.019795977313011835 0.021396462363697452 0.006617945591116072 0.013054934970729105 0.021062936725426966
leaf_weight=8627.1719321608543 2666.4725885428488 4104.5853089615703 968.93768607825041 16675.33502137661 3235.7971071153879 18636.284048594534 1771.0425914973021 4713.2105833552778 8303.4829260483384 6797.8255909383297 1028.7536090165377 734.71239124983549 2609.0571159496903 3032.8471061736345 5702.0332795083523 4529.0401021800935 6044.0074608176947 328.69461257010698 9827.8076402023435 686.01778561621904 3287.2879897207022 401.44025917351246 727.31095980107784 2632.6194898635149 16579.325513109565 5696.2979487776756 565.74514524638653 906.90724557638168 2266.2055771276355 2606.7272242158651
leaf_count=43547 17500 78902 8508 74777 16651 82525 9290 54888 37339 30419 4574 3580 11297 12893 25086 43881 33106 1389 46354 3055 16580 1890 3408 11184 73212 28253 2633 3948 10498 11576
internal_value=9.56183e-05 0.0232913 -0.00274691 -0.00877624 0.000289607 0.00163018 0.0220907 0.0153175 0.000884722 -0.00489744 -0.0109881 0.00246283 0.0122848 0.00797191 -0.0114043 0.0196 -0.0170745 -0.0117016 -0.00444921 0.00127476 0.000897487 0.00329832 -0.00417363 -0.016794 0.00559021 0.0126459 -0.0105289 -0.0156363 -0.00115344 0.0160997
internal_weight=146693 16013.3 130680 43769.2 86910.5 77972.6 2739.98 11908.7 75232.6 16130.1 9332.24 59102.6 6376.62 5641.9 8937.83 9242.25 14999.9 8955.87 28769.3 52726 52039.9 33403.7 7840.75 4832.58 25562.9 8983.59 4105.27 3539.53 18941.5 3008.17
internal_count=802743 195171 607572 209671 397901 356164 17798 116269 338366 72332 41913 266034 27770 24190 41737 98769 78042 44936 131629 238264 235209 152684 34639 21173 118045 44833 17765 15132 85275 13466
is_linear=0
shrinkage=0.05


Tree=48
num_leaves=31
num_cat=0
split_feature=0 2 16 15 22 20 12 14 20 22 17 4 11 22 12 20 13 17 12 14 14 12 14 14 12 14 14 13 14 3
split_gain=3666.55 1655.37 825.181 521.864 446.302 400.12 408.819 398.351 365.322 403.373 336.533 328.049 303.987 300.955 278.348 278.974 252.841 231.499 227.964 237.165 222.573 277.01 253.153 222.481 261.571 220.655 202.611 255.929 216.911 248.286
threshold=4.2473878860473642 73.733986616134658 0.77941176295280468 18.030252456665043 0.38392488500000005 -7.7343139648437491 2.1965944272445825 202.50000000000003 0.50757598876953136 0.16082139000000004 175.45454406738284 150.94562266767028 50.095855824868472 -1.2466693999999998 1.2863777089783284 -3.9687194824218746 -31.29270957372275 177.64930725097659 14.165634674922602 162.50000000000003 237.50000000000003 10.439628482972138 269.50000000000006 233.50000000000003 4.4256965944272446 215.50000000000003 246.50000000000003 -52.190253269192603 224.50000000000003 58.209805190563209
decision_type=2 2 2 2 2 2 2 2 2 2 2 2 2 2 2 2 2 2 2 2 2 2 2 2 2 2 2 2 2 2
left_child=2 10 3 4 5 -1 7 -7 12 -10 25 -9 -4 -8 -12 -16 23 -3 19 -6 -18 22 -22 24 -15 -2 28 -28 -21 -30
right_child=1 17 8 -5 18 6 13 11 9 -11 14 -13 -14 16 15 -17 20 -19 -20 26 21 -23 -24 -25 -26 -27 27 -29 29 -31
leaf_value=-0.011497423159685327 0.033125947273077806 0.048219989563822854 -0.011578785651448547 0.030247922697924902 0.010692328690612219 0.028647167138913923 0.014845095059721328 -0.0011763281976590043 -0.0020090254378789594 -0.01446711789396773 0.019486005061524855 0.019718483175366664 -0.029023557476739605 0.004995364376314983 -0.012718830302902086 0.007048427653420012 0.0065854121704092888 0.025491297996180409 0.036206178100738375 -0.0093257291562842144 -0.0075613269394188389 0.028669664304886468 0.012912183003856118 -0.019628385881620396 -0.011951363975832687 0.011771821499740064 0.043526561152688756 -0.0046300610149923203 -0.032034776449653246 -0.00022701171493759868
leaf_weight=5606.8646944388747 2362.0394124947488 3843.9674699380994 8801.8744153305888 1348.6706691868603 1558.4118471220136 2507.8687768429518 3242.7671197503805 5521.9488447383046 19122.71625430882 9840.6303433887661 3575.1165057457983 2845.8492028303444 3487.0258194245398 4638.5592165142298 2149.8730712234974 10489.781271904707 12345.107322525233 1586.6328826397657 294.295719653368 8879.4333994165063 10304.465748980641 660.45369669049978 1768.1208521164954 2714.6180819496512 4470.5773258209229 2482.1931162066758 287.60073006898165 6268.1810506023467 2518.87641954422 810.97998716682196
leaf_count=25556 21551 80924 45262 11974 7360 12993 15197 26219 84908 50949 22792 16082 21216 20392 10395 57334 56634 19650 1406 44532 44573 2970 7715 11524 19651 19574 1282 27118 12251 4025
internal_value=0.000140111 0.0169742 -0.00358084 -0.000574987 -0.00111353 0.00117977 0.00257313 0.0111717 -0.00930743 -0.00624216 0.0106259 0.00593141 -0.0165308 0.000243457 0.00717025 0.00368548 -0.00104003 0.0415854 -0.00741189 -0.00804526 0.00180182 -0.00283619 -0.00456201 -0.00706724 -0.00332214 0.0221887 -0.00960187 -0.00251112 -0.0134087 -0.0242905
internal_weight=146336 26489.6 119846 78593.7 77245 56627.2 51020.3 10875.7 41252.2 28963.3 21059 8367.8 12288.9 40144.7 16214.8 12639.7 36901.9 5430.6 20617.8 20323.5 25078.1 12733 12072.6 11823.8 9109.14 4844.23 18765.1 6555.78 12209.3 3329.86
internal_count=804009 232220 571789 369454 357480 259506 233950 55294 202335 135857 131646 42301 66478 178656 90521 67729 163459 100574 97974 96568 111892 55258 52288 51567 40043 41125 89208 28400 60808 16276
is_linear=0
shrinkage=0.05


Tree=49
num_leaves=31
num_cat=0
split_feature=10 16 16 21 4 14 14 19 10 23 11 20 16 10 4 23 5 25 11 11 11 14 14 21 11 25 14 21 11 14
split_gain=3386.58 1098.79 876.558 645.623 618.335 562.024 510.374 676.233 398.032 381.744 333.858 312.278 256.532 237.141 231.788 228.625 200.324 200.897 199.929 177.074 174.153 226.16 201.919 197.185 200.377 173.304 487.447 180.428 179.68 243.189
threshold=28.212906321883207 0.60294118523597728 0.54411765933036815 0.0095684877600000027 89.018010266125216 217.50000000000003 215.50000000000003 0.16176471114158633 -7.313553787767888 1.8392467500000003 98.898445862815393 -17.53835296630859 0.83823528885841381 7.251045733690261 64.929087564349189 1.7060800000000003 2.5000000000000004 22.598803603649142 49.474657544628514 87.722411732163422 28.886018813636749 262.50000000000006 236.50000000000003 0.54695698500000012 26.484862307103892 21.65932177305222 257.50000000000006 -0.70725798499999992 74.360047715909261 243.50000000000003
decision_type=10 2 2 2 2 2 2 2 8 2 2 2 2 10 2 2 2 2 2 2 2 2 2 2 2 2 2 2 2 2
left_child=1 6 -2 5 8 10 7 -1 11 25 12 -5 16 -8 -9 19 -3 -18 -11 -6 21 22 23 -13 -25 26 -7 -28 29 -27
right_child=2 3 -4 4 15 9 13 14 -10 18 -12 20 -14 -15 -16 -17 17 -19 -20 -21 -22 -23 -24 24 -26 28 27 -29 -30 -31
leaf_value=0.035874514861742889 0.048628241895039087 -0.0077985335229988949 0.016971482143897276 -0.040447399779933835 0.0031796634341149498 -0.0094894117477611964 -0.0014623402064092112 -0.002773408578511917 -0.002381800593523763 0.032041026394787946 -0.043292477680201752 0.0094128668128366962 -0.011886858098220876 0.021166578727879942 0.014856683631070709 -0.0142139151092189 -0.0047464112827967902 0.0059859700804549866 -0.0085264123043132609 -0.012784701270373792 -0.017249522703361424 0.011784418476004926 -0.022785465274592298 -0.025199410839949633 0.036135017021552321 0.012598228334901169 0.040907632209682701 0.0071497284150956178 -0.014131021168166228 0.00053190818851234223
leaf_weight=3028.3867051973939 3596.9455897323787 9310.7181701436639 5579.5070353001356 1220.0071119293571 13904.852702807635 6314.8841191492975 10960.202416602522 3029.5071784444153 7191.8515792489052 1752.3008685857058 554.65483159199357 1491.0292921289802 8356.5207737535238 1293.4906905591488 4845.1710898838937 2840.1128031723201 7788.0785732455552 9904.5101464428008 366.89863574504852 1983.8993843346834 15997.335493192077 1230.6768540889025 2362.8950934261084 1077.0665461719036 151.03477200865746 8920.5598576106131 676.26280813664198 953.7603212185204 1074.6262364424765 7850.0988789536059
leaf_count=27518 76879 43110 52084 7422 64684 28330 54860 13823 34807 8410 2992 7086 42695 13654 26554 14046 35909 46927 1960 10618 80216 5003 10122 5247 694 40962 3024 4177 4992 35002
internal_value=-1.62969e-05 -0.00199399 0.0293841 -0.00402281 -0.00831118 -0.0007001 0.00793004 0.0157988 -0.0126765 0.00462231 -0.00483619 -0.0158228 -0.00423176 0.000927884 0.00807463 -0.00115024 -0.00186244 0.0012617 0.0250168 0.00118564 -0.0144745 -0.0074404 -0.0120973 -0.00280449 -0.0176331 0.00294557 -0.00319693 0.0211717 0.0056803 0.00695053
internal_weight=145608 136431 9176.45 113275 49450.8 63823.9 23156.8 10903.1 30721.9 27909.4 35914.5 23530 35359.8 12253.7 7874.68 18728.9 27003.3 17692.6 2119.2 15888.8 22310 6312.7 5082.03 2719.13 1228.1 25790.2 7944.91 1630.02 17845.3 16770.7
internal_count=803807 674844 128963 538435 239945 298490 136409 67895 150597 126857 171633 115790 168641 68514 40377 89348 125946 82836 10370 75302 108368 28152 23149 13027 5941 116487 35531 7201 80956 75964
is_linear=0
shrinkage=0.05


Tree=50
num_leaves=31
num_cat=0
split_feature=9 16 22 5 14 21 17 21 14 21 14 12 21 12 12 11 12 12 12 21 11 14 14 22 23 22 10 11 14 12
split_gain=3104.7 1173.52 807.078 635.285 492.787 769.677 489.333 431.245 513.572 354.043 516.009 352.533 348.346 332.355 304.389 301.754 506.189 298.383 284.553 279.74 277.49 327.563 263.375 405.493 260.107 252.672 252.338 250.621 284.54 276.761
threshold=1.0000000180025095e-35 0.42647059261798864 0.055660221750000009 8.5000000000000018 261.50000000000006 0.41705139000000008 160.11765289306643 -0.24765999499999997 271.50000000000006 -0.06070800124999999 219.50000000000003 0.56811145510835925 -1.6978661499999999 1.258513931888545 9.4938080495356054 49.474657544628514 3.0789473684210531 1.1934984520123841 4.636222910216719 1.2043300000000003 45.808174089295072 172.50000000000003 184.50000000000003 1.0312679500000002 0.71315962000000011 -0.40248454999999994 37.669104519486432 18.035498580788683 162.50000000000003 3.9953560371517032
decision_type=2 2 2 2 2 2 2 2 2 2 2 2 2 2 2 2 2 2 2 2 2 2 2 2 2 2 10 2 2 2
left_child=1 -1 3 6 11 7 -2 -6 18 10 24 -4 -12 -11 -7 16 19 -5 -9 -13 -15 -22 -17 -24 -8 -26 -3 28 -27 -29
right_child=2 26 4 17 5 14 9 8 -10 13 12 15 -14 20 -16 22 -18 -19 -20 -21 21 -23 23 -25 25 27 -28 29 -30 -31
leaf_value=0.04423683172518094 0.042392145319380521 0.0087717046540483068 0.041164246445452274 0.023504757349686229 0.0062267176484019846 -0.016711126200458962 -0.015159991377541447 0.07058097025027249 -0.073600188412513923 0.012698742228244665 0.055380272861771801 0.0027761000788791815 0.0076402521520620246 -0.0046637540698077672 0.037708790367018803 -0.028821969508727497 -0.01033995986382746 0.0055421369395061634 0.026504948738572443 0.03929248598336376 -0.043810670750936365 -0.013048878457397217 -0.0073237492256184814 -0.029591600474799702 0.0012490687357617867 -0.020917671023982631 0.026253363646628176 0.0057280650398590155 0.042693374617918278 -0.0314836010559221
leaf_weight=4110.9110899716616 606.71570421755314 8507.5892487056553 338.65974070876837 2587.9037239328027 2506.7122289091349 3354.6950188577175 4134.9276310279965 680.10768595337868 93.269462272524834 1805.127569489181 395.49608052521944 4959.0778630673885 10558.110329516232 11261.099221028388 277.3216754347086 3041.6164498627186 21065.381708905101 21623.954913981259 796.26413427293301 585.52316339313984 985.63917986303568 7060.7148242965341 9124.2070838660002 2634.1835031583905 15947.337025679648 335.66955454647541 2725.3924930766225 684.70380567014217 367.08045995235443 1845.286770619452
leaf_count=85717 5367 72542 1589 13356 10851 14072 19268 2916 394 8034 1959 23007 45551 50466 1132 17721 100484 101063 3271 2722 5277 32499 44716 14934 71694 1485 37496 3114 1689 8553
internal_value=0.000115188 0.0213823 -0.00240176 0.000696078 -0.00742515 0.00418957 -0.00223033 0.0191009 0.039644 -0.00271994 0.000417995 -0.00956972 0.00936887 -0.00781302 -0.0125467 -0.00998561 -0.00680208 0.00746298 0.0468431 0.00663871 -0.0097313 -0.016822 -0.0157087 -0.0123144 -0.00378743 -0.00133502 0.0130151 -0.014079 0.0123229 -0.0214145
internal_weight=145001 15343.9 129657 80199.8 49457 7708.37 55987.9 4076.35 1569.64 55381.2 34268.6 41748.6 10953.6 21112.6 3632.02 41410 26610 24211.9 1476.37 5544.6 19307.5 8046.35 14800 11758.4 23315 19180.1 11233 3232.74 702.75 2529.99
internal_count=802939 195755 607184 369375 237809 32636 254956 17432 6581 249589 153313 205173 47510 96276 15204 203584 126213 114419 6187 25729 88242 37776 77371 59650 105803 86535 110038 14841 3174 11667
is_linear=0
shrinkage=0.05


Tree=51
num_leaves=31
num_cat=0
split_feature=0 7 19 12 21 17 17 12 11 22 22 22 8 11 12 4 4 11 16 12 12 17 11 22 12 22 12 11 12 22
split_gain=3118.37 1445.61 726.33 562.356 527.517 457.59 373.407 362.856 403.31 328.267 305.066 293.325 279.097 264.829 258.14 254.634 215.062 193.403 191.399 190.94 226.663 189.291 179.911 179.464 179.282 172.52 170.371 167.26 384.093 162.7
threshold=5.5370237827301034 1.0000000180025095e-35 0.48529411852359777 4.3854489164086692 0.51909596000000013 158.54411315917972 175.98484802246097 1.9086687306501551 67.867619931397982 -1.2466693999999998 -1.3625972 -1.7667101999999997 1.0000000180025095e-35 6.8989440573627379 10.65015479876161 80.259969934821143 51.474384054541595 97.424542144990468 0.1911764740943909 5.0882352941176476 2.6919504643962853 177.64930725097659 28.886018813636749 -0.95834308999999984 1.2863777089783284 0.3967179950000001 1.2368421052631582 16.244831388937339 5.4272445820433441 -1.2068874999999999
decision_type=2 2 2 2 2 2 2 2 2 2 2 2 2 2 2 2 2 2 2 2 2 2 2 2 2 2 2 2 2 2
left_child=2 24 3 5 9 -1 -3 8 29 11 -5 -4 -11 -13 16 23 -9 27 -12 20 -15 -20 -18 -7 -2 -10 -17 -14 -29 -6
right_child=1 6 4 10 7 15 -8 14 25 12 18 13 17 19 -16 26 22 -19 21 -21 -22 -23 -24 -25 -26 -27 -28 28 -30 -31
leaf_value=0.033401706802773025 0.019553440804383135 0.047050130850479273 -0.013374406945225984 0.026190245873104763 -0.02470759366894551 0.011630259030559956 0.023253584178150488 -0.024398689654056688 -0.0045713838185591563 -0.0098523160132662907 0.024770021532869252 -0.033370892473663691 0.0077947538642908314 0.021730695222147146 0.038462149374749323 0.024690827664189039 0.0013349483586356126 -0.023400844695251385 -0.010188195958846867 0.038637213727628912 -0.0061071872493095661 -0.00054165455708241603 -0.015946018577820065 -0.0037853112399909416 0.0060472728733018764 -0.033851161234832589 0.0078100650070701333 0.0006349898154662274 -0.012833200971094914 0.020504858924046503
leaf_weight=1546.1544877439737 3142.478949546814 3911.1526602245867 1229.8270649760962 811.59068486467004 221.82525875419378 2432.277540858835 2855.3194990344346 6188.9060021415353 1416.4091518335044 17072.127733938396 524.32253684476018 272.10838688910007 4351.6563275158405 2073.858291208744 210.14603446424007 1715.3983666524291 1908.6017159037292 1022.6223499104381 11166.834640003741 844.95969880744815 1128.5972695276141 9337.4388950206339 7138.7538904137909 8423.7784066908062 11259.98652869463 779.53229692578316 11591.641576755792 21151.924969319254 7059.735428545624 1869.0653000064194
leaf_count=12905 16920 90376 5693 4149 1006 11112 40122 33167 7264 85862 5129 1197 18943 9897 881 10524 8591 5192 51519 3787 5098 41057 34448 37574 57041 4353 59217 98062 33620 8871
internal_value=0.0002221 0.0179524 -0.00281739 0.00202861 -0.00585164 0.0070402 0.0370134 -0.0128846 -1.43421e-05 -0.00338234 -0.00387086 0.00816156 -0.00464706 0.0142948 -0.0164562 0.00535207 -0.0172162 -0.00200095 -0.00503224 0.0175068 0.0119213 -0.0057955 -0.0123007 -0.000330731 0.00899534 -0.014976 0.00998784 -0.0013282 -0.00273565 0.0156987
internal_weight=144659 21168.9 123490 47549.4 75940.7 25709.3 6766.47 19733.2 4286.83 56207.4 21840.2 5549.35 50658.1 4319.52 15446.4 24163.1 15236.3 33585.9 21028.6 4047.42 3202.46 20504.3 9047.36 10856.1 14402.5 2195.94 13307 32563.3 28211.7 2090.89
internal_count=803577 204459 599118 233186 365932 131332 130498 98581 21494 267351 101854 25672 241679 19979 77087 118427 76206 155817 97705 18782 14995 92576 43039 48686 73961 11617 69741 150625 131682 9877
is_linear=0
shrinkage=0.05


Tree=52
num_leaves=31
num_cat=0
split_feature=1 19 6 20 22 1 11 6 11 7 23 7 11 21 13 22 23 11 5 20 22 21 11 24 22 20 21 21 24 11
split_gain=3466.44 937.114 888.75 517.484 570.633 488.663 353.338 311.468 303.844 295.955 260.678 257.466 254.177 286.926 271.38 226.086 291.723 242.466 240.862 210.537 209.239 215.155 200.713 194.896 193.771 198.928 193.569 186.572 182.816 168.078
threshold=30.58022536337376 0.27941177785396581 1.5000000000000002 -4.4447250366210929 0.38392488500000005 11.67929492890835 49.240419371982021 1.5000000000000002 50.50536256878646 1.0000000180025095e-35 1.8283003500000004 1.0000000180025095e-35 47.991097446288862 0.22946334500000004 -21.308541379499911 -1.2466693999999998 1.5640419500000002 46.315588174439718 2.5000000000000004 96.985290527343764 0.94406590000000012 -0.61522114499999991 95.065769839097669 3.5000000000000004 0.075349397950000022 -4.4447250366210929 -1.2603949499999998 0.13841605500000004 3.5000000000000004 8.0752066537030007
decision_type=2 2 2 2 2 2 2 2 2 2 2 2 2 2 2 2 2 2 2 2 2 2 2 8 2 2 2 2 8 2
left_child=2 -2 5 8 15 28 12 11 20 24 22 -3 13 19 -15 16 -5 -18 -17 27 23 -22 -8 -4 25 -7 -19 -6 -1 -25
right_child=1 7 3 4 6 9 10 -9 -10 -11 -12 -13 -14 14 -16 18 17 26 -20 -21 21 -23 -24 29 -26 -27 -28 -29 -30 -31
leaf_value=0.0058446604860624175 0.048093830167157292 0.012043512679089886 -0.0049751533651144295 0.027943888308283888 -0.0060148599519199274 -0.0048048699081874686 -0.012271505195934132 -0.013843988228482196 -0.030255972268145116 0.01995682241033267 -0.046341988382403915 0.033811434192718148 0.036914657053686739 -0.030427073798379535 -0.007151574685506464 -0.010197889735221398 0.011466613905739812 0.026054310099533157 -0.0003251393015397475 0.022816475764109907 0.039400817789440823 -0.0072327409020638035 -0.038690470267272944 -0.040051848201604817 -0.0021247043161579438 0.013756777374992084 -0.023845547678496459 0.027217288801397302 -0.0032305025324867766 -0.015533005494057879
leaf_weight=7663.5319200642407 3752.3898609615862 3451.1558757349849 4102.3428252786398 1481.0913101360202 7299.3648351356387 1788.6398802474141 4588.5169190987945 740.26902197301388 2437.0473778620362 5105.5230882875621 839.59443634748459 2241.1407461725175 333.31216134130955 2083.7717944681644 3138.5021485164762 7253.7812544852495 2319.2466330975294 234.4036076515913 41614.706528939307 801.14773344993591 399.09375670552254 647.19030734151602 852.0028465166688 842.41147994995117 4900.244296386838 7469.0165621265769 1116.3448548316956 447.29984721541405 20108.103025361896 4102.1419970616698
leaf_count=36041 86162 17610 19539 6742 34656 7806 25156 3268 15905 53689 4820 38892 1680 10649 14029 34003 10713 1036 181369 3352 2062 3533 4775 3991 22982 39834 5054 2186 90696 21962
internal_value=0.000119877 0.0282388 -0.00201806 -0.00501359 -0.00343038 0.00351846 -0.0105585 0.0166508 -0.0144135 0.00963749 -0.0204228 0.0206183 -0.00616487 -0.00721024 -0.0164429 -0.000740533 0.00922157 0.0016603 -0.00179078 -0.00156829 -0.0105856 0.0105758 -0.0164151 -0.0130339 0.00591505 0.0101704 -0.0151733 -0.00409274 -0.000726108 -0.0197176
internal_weight=144153 10185 133968 86933.3 74403.1 47035.1 20383.5 6432.57 12530.2 19263.4 6280.11 5692.3 14103.4 13770.1 5222.27 54019.6 5151.09 3670 48868.5 8547.81 10093.2 1046.28 5440.52 9046.9 14157.9 9257.66 1350.75 7746.66 27771.6 4944.55
internal_count=804192 145932 658260 407212 340220 251048 101303 59770 66992 124311 34751 56502 66552 64872 24678 238917 23545 16803 215372 40194 51087 5595 29931 45492 70622 47640 6090 36842 126737 25953
is_linear=0
shrinkage=0.05


Tree=53
num_leaves=31
num_cat=0
split_feature=1 0 16 1 18 13 0 9 12 20 24 11 12 20 12 20 20 12 20 24 11 18 12 20 11 16 12 24 24 25
split_gain=3189.95 1013.46 791.4 517.03 457.739 350.386 277.869 255.535 232.994 227.748 236.215 216.395 213.611 411.575 240.761 209.8 202.942 202.268 205.766 194.636 182.166 181.039 259.951 184.695 166.243 158.313 156.164 154.694 153.559 148.622
threshold=33.635875463485725 0.95438385009765636 0.54411765933036815 11.67929492890835 185.39170837402347 -44.530055251664507 2.4865337610244755 1.0000000180025095e-35 2.1965944272445825 0.50757598876953136 5.5000000000000009 15.793902891665141 11.018575851393191 24.546920776367191 8.0216718266253881 -11.365150451660154 -5.5233306884765616 8.5232198142414877 18.169540405273441 7.5000000000000009 27.079945701987018 178.55698394775393 4.3544891640866874 60.095260620117195 8.531781322423706 0.42647059261798864 6.1037151702786394 5.5000000000000009 4.5000000000000009 25.926900374889378
decision_type=2 2 2 2 2 2 2 2 2 2 10 2 2 2 2 2 2 2 2 10 2 2 2 2 2 2 2 8 10 2
left_child=1 4 -2 11 5 9 -4 -5 19 -1 -11 -3 14 -14 15 24 -6 27 -19 -7 -17 22 25 29 -10 -13 -22 -16 -15 -24
right_child=2 3 6 7 16 8 -8 -9 12 10 -12 21 13 28 17 20 -18 18 -20 -21 26 -23 23 -25 -26 -27 -28 -29 -30 -31
leaf_value=-0.02625068203769847 0.049849283846894375 0.014200618242317387 0.0044994307778604969 0.021825690602340291 -0.024275900326489585 0.0071844805472555092 0.027374143904839346 0.0077341977502517886 -0.037211209940521614 -0.0051064930977551617 -0.024030861420894247 0.027803447008904764 -0.021707174835747162 0.036688319221644457 -0.054431323538992361 0.0035565688371764857 -0.0098388075379580234 -0.025908253641074842 -0.0030968302115071344 -0.020828412552232747 -0.0020008644807287261 -0.0076140716717867755 -0.0067568609663892706 -0.021200072554572347 -0.0087398497007945206 0.0043997922530373537 -0.013262633568099896 -0.018562744709538559 0.0074476839363433649 0.01481424661936954
leaf_weight=1881.2610545456409 3095.7405106164515 2571.3051939755678 2202.9862093664706 4448.8524803854525 3195.2961823195219 9477.6720970869064 3341.7997291795909 11621.708878010511 635.51208290457726 11966.164267487824 1911.6751734167337 771.01681796461344 685.20597864687443 1012.8542500734329 398.91520194709301 13566.268299151212 10222.710613690317 1230.6932225525379 5010.1666405983269 662.52627676725388 20723.228831019253 7378.7127890363336 3243.7997064143419 1631.9334989450872 2641.5118839517236 11299.828302316368 3614.4143639877439 1218.92707227543 807.01803118735552 1058.1548120118678
leaf_count=11990 79009 11675 13591 53029 19877 44322 40961 60325 2991 55765 11359 5669 3091 4740 1768 59417 49037 6239 22328 3029 92984 33993 14378 7198 13377 50416 16986 5645 3561 5289
internal_value=0.00015066 -0.00173602 0.0296005 0.00449017 -0.00475281 -0.00327552 0.0182883 0.0116363 -0.00157554 -0.00992913 -0.00771487 0.000381757 -0.00293852 0.0113001 -0.00366608 -0.0021355 -0.0132783 -0.0116853 -0.00759866 0.00535234 -0.00108596 -0.00101858 0.00168467 -0.00688343 -0.014271 0.00589686 -0.00367384 -0.0274351 0.0237328 -0.00144879
internal_weight=143528 134887 8640.53 44025.3 90862 77444 5544.79 16070.6 61684.9 15759.1 13877.8 27954.8 51544.7 2505.08 49039.6 41180.9 13418 7858.7 6240.86 10140.2 37903.9 25383.4 18004.7 5933.89 3277.02 12070.8 24337.6 1617.84 1819.87 4301.95
internal_count=804039 670478 133561 241972 428506 359592 54552 113354 280478 79114 67124 128618 233127 11392 221735 185755 68914 35980 28567 47351 169387 116943 82950 26865 16368 56085 109970 7413 8301 19667
is_linear=0
shrinkage=0.05


Tree=54
num_leaves=31
num_cat=0
split_feature=1 6 17 1 24 11 7 11 12 22 12 16 22 6 11 12 12 12 11 22 12 23 17 22 10 12 23 12 7 12
split_gain=2942.59 826.627 744.83 433.336 420.494 415.924 372.259 303.905 352.591 349.094 306.104 244.538 222.522 221.269 201.276 201.887 201.045 193.313 241.052 194.161 222.635 220.904 190.518 188.923 188.719 173.712 242.973 184.487 173.037 164.908
threshold=35.003659486770637 1.5000000000000002 173.36931610107425 11.480384007096292 3.5000000000000004 87.722411732163422 1.0000000180025095e-35 46.041871786809565 4.4907120743034072 1.3255616000000001 14.165634674922602 0.83823528885841381 1.5224150000000003 1.5000000000000002 67.392728720886808 2.6517027863777094 4.2554179566563475 11.018575851393191 32.768276243663799 -1.2466693999999998 5.8823529411764719 1.5707905000000002 186.7349548339844 0.066633861500000016 6.1079304873943334 7.93498452012384 1.3275677500000003 9.4938080495356054 1.0000000180025095e-35 11.931888544891644
decision_type=2 2 2 2 10 2 2 2 2 2 2 2 2 2 2 2 2 2 2 2 2 2 2 2 10 2 2 2 2 2
left_child=1 3 -2 14 5 11 23 8 9 16 -10 17 -9 28 15 -1 22 19 29 20 21 -3 -6 -5 -8 -21 -27 -28 -4 -19
right_child=2 4 13 6 7 -7 24 12 10 -11 -12 -13 -14 -15 -16 -17 -18 18 -20 25 -22 -23 -24 -25 -26 26 27 -29 -30 -31
leaf_value=0.0074225714000061673 0.048873094596292022 0.020826534708474679 0.013017133858700578 0.0089646754649411412 0.0088015774884228678 -0.020458021282654944 0.0054341228794434213 -0.015455683556896076 -0.012563087857620711 0.042211843427524154 0.034185172486825254 -0.0086188490025658135 -0.048958221330969422 -0.012805736238491343 -0.0096012827998214565 -0.0023769592333407097 0.042100233998002418 0.040531831289019604 -0.073244267085812484 -0.00050016287503825199 0.038865414673779818 -0.0025895929806803528 -0.012495415742480287 -0.0026407476653864535 0.025654632426211389 -0.0054449224356746279 -0.060574553155931188 -0.01380604570569844 0.033360136873789664 0.0061833653627261708
leaf_weight=8600.8255695961416 3071.0342714637518 1491.3252194523811 2605.8814326748252 10000.848415285349 2006.2991735339165 3033.8645393103361 1614.9168703779578 8540.422444857657 10491.196041636169 559.24880678206682 361.31896208226681 9951.4739337339997 525.46581682562828 537.17531867325306 5079.4809378646314 13510.481815434992 269.86761589348316 657.79799922555685 68.300306588411331 37091.383379228413 542.59918089210987 3097.6803918406367 2201.2653660997748 5399.4727005884051 4046.7361714653671 4255.9794236496091 379.87870854884386 474.14304772764444 1747.0792723409832 745.05233047902584
leaf_count=39721 79845 6880 13613 52049 8785 15229 14558 45786 50313 2652 1732 49707 3491 2372 23402 61168 1250 2988 300 165322 2451 14239 10849 25433 51017 18920 1674 2131 32368 3413
internal_value=3.95618e-05 -0.00170256 0.0295772 0.00354332 -0.00462065 -0.00240824 0.00892686 -0.0100983 -0.00592985 0.00500268 -0.0110037 -0.0014759 -0.0174027 0.0174517 -0.000626943 0.00143501 0.000346721 -1.92635e-05 0.017824 -0.000574211 0.00860827 0.00502301 -0.00234066 0.00489582 0.019889 -0.00169096 -0.0103327 -0.0346557 0.0211877 0.0223068
internal_weight=142958 134997 7961.17 48252.8 86744.6 61789.5 21062 24955.1 15889.2 5036.68 10852.5 58755.6 9065.89 4890.14 27190.8 22111.3 4477.43 48804.1 1471.15 47333 5131.6 4589.01 4207.56 15400.3 5661.65 42201.4 5110 854.022 4352.96 1402.85
internal_count=803658 675460 128198 267348 408112 283254 143057 124858 75581 23536 52045 268025 49277 48353 124291 100889 20884 218318 6701 211617 23570 21119 19634 77482 65575 188047 22725 3805 45981 6401
is_linear=0
shrinkage=0.05


Tree=55
num_leaves=31
num_cat=0
split_feature=1 17 0 22 14 17 1 14 24 6 14 3 22 22 17 5 14 22 13 15 12 14 12 9 12 5 17 14 12 22
split_gain=2746.77 920.469 754.709 415.052 476.009 386.528 377.09 337.326 438.061 301.596 284.34 383.76 260.921 254.006 236.726 232.246 212.586 202.764 201.443 198.543 194.712 193.476 286.741 188.989 326.243 162.994 157.052 152.555 158.735 146.6
threshold=30.58022536337376 173.36931610107425 0.64515721797943126 0.16082139000000004 183.50000000000003 167.31060028076175 12.063337847590448 262.50000000000006 5.5000000000000009 1.5000000000000002 267.50000000000006 31.217749506235126 0.30705543000000007 -0.83013656999999996 188.31666564941409 6.5000000000000009 163.50000000000003 0.21535670000000004 -81.437098358380055 4.9859051704406747 5.0479876160990722 236.50000000000003 2.3668730650154806 38.500000000000007 10.332817337461302 25.500000000000004 169.697135925293 196.50000000000003 5.9272445820433441 1.5679100000000001
decision_type=2 2 2 2 2 2 2 2 8 2 2 2 2 2 2 2 2 2 2 2 2 2 2 2 2 2 2 2 2 2
left_child=2 -2 3 4 5 -1 19 16 12 15 17 -12 -9 20 21 -3 -5 -10 -6 -4 -7 26 -23 -20 27 -24 -8 28 -25 -18
right_child=1 9 6 7 18 13 14 8 10 -11 11 -13 -14 -15 -16 -17 29 -19 23 -21 -22 22 25 24 -26 -27 -28 -29 -30 -31
leaf_value=0.021575527049007729 0.047393073086101065 0.0066605811127351993 -0.0019828433296463612 0.0028761258331525246 -0.016991927064193349 0.00074167942991998619 0.032907838712656998 0.050921904970982562 -0.03003453103993144 -0.014866568593985675 0.019895365295083085 -0.027851724363223029 -0.029150628686575881 -0.016637991640007045 0.0020868000247221746 0.027674752314300416 -0.011797857389160893 0.032398013580828423 0.0036596654065504247 0.0068346254423532447 -0.02279169542758322 0.021025090155725068 -0.0037899198399776409 0.0010583655856875711 0.027407817123206335 -0.050371478416318109 0.015048411638607246 -0.0096973706066482007 0.051425269414128186 -0.02568748071707444
leaf_weight=953.835618712008 3321.3851271234453 2264.2868934571743 24291.942410461605 2297.0908555015922 1501.2491108998656 5024.9735237509012 1689.4670501723886 110.71841255575418 141.32943888008595 754.37589102983475 919.07247346639633 774.56735591590405 1147.3850534856319 8865.7821862325072 5927.1902261860669 3137.1896106787026 20442.781557578593 1532.0532062351704 28949.7968361862 8659.0925645753741 1064.2718451693654 1371.2084778547287 1351.3954758197069 745.23843456059694 733.52795816957951 217.14262502267957 4544.4997417107224 7541.8924171328545 197.00494381785393 2094.4258042946458
leaf_count=5859 86353 15961 109211 11258 7261 23339 19954 465 581 3329 3822 3266 4895 44344 32734 39820 106118 6471 127461 43131 5168 10992 8732 3402 3256 2020 29540 32806 862 11578
internal_value=0.000176276 0.0261826 -0.00167581 -0.00450614 -0.00196288 -0.00926947 0.00333298 -0.00930398 0.00309333 0.0147327 0.0124991 -0.00194479 -0.0220691 -0.0112381 0.0098756 0.0188685 -0.0116129 0.0271103 0.000967538 0.000334407 -0.00337453 0.0149072 0.00433127 0.00167437 -0.00456055 -0.0102665 0.019893 -0.0073274 0.0116325 -0.0130897
internal_weight=142566 9477.24 133089 85037 55577.6 15908.9 48051.9 29459.4 4625.13 6155.85 3367.02 1693.64 1258.1 14955 15100.9 5401.48 24834.3 1673.38 39668.7 32951 6089.25 9173.71 2939.75 38167.5 9217.66 1568.54 6233.97 8484.14 942.243 22537.2
internal_count=803989 145463 658526 402212 253758 78710 256314 148454 19500 59110 14140 7088 5360 72851 103972 55781 128954 7052 175048 152342 28507 71238 21744 167787 40326 10752 49494 37070 4264 117696
is_linear=0
shrinkage=0.05


Tree=56
num_leaves=31
num_cat=0
split_feature=1 17 0 20 22 1 14 21 21 14 11 11 12 0 11 9 11 9 22 14 14 17 12 21 12 23 21 23 21 12
split_gain=2581.73 911.65 735.34 374.157 538.676 373.812 310.312 702.944 342.75 329.545 289.53 271.021 262.511 262.285 231.664 225.832 218.032 216.769 208.411 194.606 173.465 306.988 226.985 232.2 174.034 172.656 168.837 178.381 162.488 160.231
threshold=30.58022536337376 168.56278228759768 0.79209432005882274 -4.4447250366210929 0.16082139000000004 10.918641034513714 262.50000000000006 0.43916224000000009 -0.43871623499999995 270.50000000000006 50.095855824868472 87.722411732163422 9.4938080495356054 2.439024925231934 11.403051592271213 1.0000000180025095e-35 15.793902891665141 1.0000000180025095e-35 0.94406590000000012 161.50000000000003 232.50000000000003 181.87442016601565 6.9272445820433441 -0.12487920499999999 4.2275541795665648 1.9593707000000002 -0.59581735499999999 1.8763792500000001 -0.24765999499999997 1.3606811145510838
decision_type=2 2 2 2 2 2 2 2 2 2 2 2 2 2 2 2 2 2 2 2 2 2 2 2 2 2 2 2 2 2
left_child=2 -2 3 10 11 16 19 8 25 14 18 -5 -9 -3 -10 -7 -4 -15 -1 -6 21 24 23 -22 -18 -8 27 -20 -12 -25
right_child=1 13 5 4 6 15 7 12 9 -11 28 -13 -14 17 -16 -17 20 -19 26 -21 22 -23 -24 29 -26 -27 -28 -29 -30 -31
leaf_value=-0.010994577697820624 0.049023888406586398 0.0029986365583511477 0.013595074266050389 0.0010357277439931502 0.040969847534428866 0.01933489722208484 -0.0068588565728668954 -0.021941222616516792 0.0021905751209501498 -0.025682428847134939 -0.013748726112291682 -0.016476995729624522 0.035458128144333523 0.037104964855956803 0.064494266886907084 0.0059555731281385272 0.016366074690443905 0.013034002032892279 0.07960779462458184 -0.011733902902397141 0.0059785234922517787 -0.0039022278728562156 -0.046108050516983058 0.0071675847375252252 0.00029223147335878907 0.034921126621572991 -0.0048507512627565426 0.014201894317044036 -0.039600975608854713 -0.016354011087800834
leaf_weight=10245.015756510198 2847.9600963741541 2653.408774100244 2645.5501350536942 44796.237156081945 175.64227268844843 4218.860285948962 943.59564453363419 2138.1882382631302 184.11110894382 154.915154106915 1137.8929055705667 2322.8047586008906 218.74657740443945 1651.474421331659 787.47681996226311 12493.244144424796 3967.9701614528894 2159.122399866581 143.43493577092886 21410.734176564962 2727.9720913022757 11036.147463038564 363.72126935422421 879.60805106908083 2925.0577822588384 333.98221095651388 734.39384284615517 376.80466757714748 1307.6614896580577 4079.2975317835808
leaf_count=50991 81404 16351 12025 199218 930 48041 3863 9025 752 641 6958 11141 907 35919 3241 64112 19531 12510 709 109329 12389 50952 1582 4025 13590 1660 3896 1872 9257 17593
internal_value=1.05201e-05 0.0254588 -0.00177478 -0.00445481 -0.0030295 0.00339236 -0.00875493 0.00279881 0.0218174 0.0419098 -0.0119629 0.00017208 -0.0166012 0.0150703 0.0527024 0.00933405 -7.67347e-05 0.0234731 -0.008639 -0.0113032 -0.00146942 0.00126837 -0.00756605 -0.00573659 0.00954617 0.00408197 0.0105895 0.032353 -0.0275827 -0.0121812
internal_weight=142061 9311.97 132749 87411.6 73466.4 45337.4 26347.4 4761.02 2404.08 1126.5 13945.2 47119 2356.93 6464.01 971.588 16712.1 28625.3 3810.6 11499.6 21586.4 25979.8 17929.2 8050.6 7686.88 6893.03 1277.58 1254.63 520.24 2445.55 4958.91
internal_count=804414 146184 658230 414390 340707 243840 130348 20089 10157 4634 73683 210359 9932 64780 3993 112153 131687 48429 57468 110259 119662 84073 35589 34007 33121 5523 6477 2581 16215 21618
is_linear=0
shrinkage=0.05


Tree=57
num_leaves=31
num_cat=0
split_feature=1 0 19 1 11 20 22 9 24 14 14 21 14 12 12 12 14 21 14 22 12 12 21 12 21 12 12 11 14 22
split_gain=2328.32 810.947 566.088 454.402 363.006 349.876 433.254 325.002 258.593 247.004 245.027 234.559 348.51 367.019 341.931 327.173 250.305 289.876 241.593 250.738 272.28 232.029 211.363 208.908 201.53 344.781 194.702 209.387 215.552 190.662
threshold=38.799999505281455 0.79209432005882274 0.22058823704719546 14.440095543861391 88.744555543150895 -9.5233306884765607 0.16082139000000004 1.0000000180025095e-35 7.5000000000000009 250.50000000000003 171.50000000000003 0.50852495500000006 263.50000000000006 8.0216718266253881 9.4938080495356054 4.2275541795665648 269.50000000000006 -0.43871623499999995 264.50000000000006 0.53639948500000012 3.6795665634674926 2.4690402476780191 1.7000587500000002 4.4907120743034072 0.24118209000000004 1.9086687306501551 2.1965944272445825 47.266789810287982 229.50000000000003 1.5679100000000001
decision_type=2 2 2 2 2 2 2 2 8 2 2 2 2 2 2 2 2 2 2 2 2 2 2 2 2 2 2 2 2 2
left_child=1 4 -2 26 5 8 -7 -5 23 10 -8 12 13 15 18 -11 17 -14 19 -13 22 -20 -21 24 -1 -26 -3 -28 -29 -12
right_child=2 3 -4 7 -6 6 9 -9 -10 11 29 14 16 -15 -16 -17 -18 -19 21 20 -22 -23 -24 -25 25 -27 27 28 -30 -31
leaf_value=0.0071004898150239916 0.049296206410265817 0.0068663271702480589 0.018331354691836832 0.023945231950097977 -0.018282277478999961 0.00064573186575856963 0.0090566375497864674 0.0067207621764629813 -0.021373632971939002 -0.027836030870842084 -0.010843351642663349 -0.02373375175833109 0.0060735467089975299 -0.031164140171548612 0.036553870412630855 0.021741225729884305 -0.0027590950388307533 0.050157622312934406 0.0090965015821576484 0.062872728119922602 -0.0068601875079521511 -0.037416719374470726 -0.032135161630036463 -0.025020132905885548 0.023061070684416041 -0.027426050388132745 0.0021784930602732531 -0.0038694848321345677 -0.024195028265330917 -0.029206644573878768
leaf_weight=3020.0876650884748 2332.010241901502 10089.885481823236 4023.8769992683083 3976.2587608322501 4289.3569837398827 47829.342632651329 1411.8642807863653 8797.9321589618921 4302.6491229906678 457.96348397433758 14094.02444941923 737.44895780831575 626.05480640381575 922.85105143487453 357.91385974735022 1209.712147526443 754.95376818627119 922.2920286282897 333.87407973408699 333.70154475420713 593.68814562633634 1353.3332401178777 70.296723917126656 1084.9099438115954 457.11005465686321 1291.641186773777 15168.00721411407 7395.8890584297478 1582.8587612509727 1570.6709953583777
leaf_count=14306 72372 48185 43775 59506 22989 214790 7191 48158 23718 1940 74246 3280 2832 3834 1481 5066 3156 3818 1449 1464 2630 5736 319 6539 2042 7192 70005 35012 7097 9221
internal_value=0.000126528 -0.00126557 0.0296985 0.00403646 -0.00409718 -0.00337034 -0.00216949 0.0120837 -0.0120691 -0.0073983 -0.0108883 -0.000527228 0.00669859 -0.00588239 -0.0098809 0.0081182 0.0208449 0.0323482 -0.0147464 -0.00164352 0.0146921 -0.0282125 0.0463026 -0.00522754 -0.000720429 -0.0142235 0.00103364 -0.00140378 -0.00745496 -0.0126864
internal_weight=141392 135037 6355.89 47010.8 88025.7 83736.4 73580 12774.2 10156.4 25750.6 17076.6 8674.08 4893.83 2590.53 3780.26 1667.68 2303.3 1548.35 3422.34 1735.14 997.686 1687.21 403.998 5853.75 4768.84 1748.75 34236.6 24146.8 8978.75 15664.7
internal_count=803349 687202 116147 267963 419239 396250 342453 107664 53797 127663 90658 37005 20646 10840 16359 7006 9806 6650 14878 7693 4413 7185 1783 30079 23540 9234 160299 112114 42109 83467
is_linear=0
shrinkage=0.05


Tree=58
num_leaves=31
num_cat=0
split_feature=1 16 19 12 16 20 5 11 15 24 14 14 20 5 13 20 14 19 13 19 11 24 12 11 24 14 14 14 14 11
split_gain=2135.77 832.018 696.232 615.891 527.19 434.121 316.104 360.036 311.129 277.544 261.48 260.693 226.166 222.919 199.57 323.968 359.686 305.799 266.07 239.945 200.237 214.026 193.151 252.618 187.996 182.035 185.815 176.177 167.301 177.537
threshold=32.356247782707221 0.54411765933036815 0.60294118523597728 3.0789473684210531 0.54411765933036815 72.964897155761733 6.5000000000000009 68.884798549692349 24.162032127380375 3.5000000000000004 211.50000000000003 181.50000000000003 -13.290626525878904 5.5000000000000009 -23.598412770189732 63.469665527343757 258.50000000000006 0.22058823704719546 -8.7928688629492857 0.27941177785396581 25.058431991205868 6.5000000000000009 1.6640866873065019 28.125387869683031 3.5000000000000004 205.50000000000003 184.50000000000003 245.50000000000003 186.50000000000003 27.620079198385081
decision_type=2 2 2 2 2 2 2 2 2 10 2 2 2 2 2 2 2 2 2 2 2 8 2 2 10 2 2 2 2 2
left_child=2 -2 3 4 -1 9 -6 10 12 28 11 -8 -5 -3 -14 19 17 -17 -19 -16 21 -18 -12 -24 -21 26 -9 -11 29 -4
right_child=1 13 5 8 6 -7 7 25 -10 27 22 -13 14 -15 15 16 20 18 -20 24 -22 -23 23 -25 -26 -27 -28 -29 -30 -31
leaf_value=0.023409898955710849 0.048478007428489636 0.00090848028932860288 -0.0025416095691338028 -0.021399655424376988 -0.0013029241904960653 0.0045508923164514214 0.00401702589536622 -0.014777654718040024 0.034133757953505171 -0.019443023263262225 0.021311416031581831 0.039137994069221194 -0.0053548638313458555 0.021629658175766554 0.017550775849848113 -0.02560462831871075 -0.0041757004906756226 -0.015285249540918172 0.0061923275114146381 0.0061188535306968333 -0.0093049017357375984 0.01649663487704451 0.043680073963416138 0.0016713140734036507 -0.0081729003491295971 -0.0079869153341190127 0.023994145757426876 0.0013972386549995135 -0.0036489397792382732 -0.017723102897984178
leaf_weight=4055.9153797216713 2575.3791256546974 2027.7883500531316 3020.0228609368205 1522.8330432623625 13879.553839441389 7182.0845282897353 759.00404964387417 434.36749606207013 587.89589333720505 7579.6490643620491 2547.4266753718257 1739.6858098171651 23566.773875124753 3605.7067226842046 3408.914178673178 2614.6024901643395 1992.9589961841702 3009.0977027826011 2767.23958311975 9243.569686204195 2132.0285959113389 3365.4485357180238 384.05452067777514 5070.4685415253043 3062.5782061740756 3577.8156401887536 1065.1281647980213 1170.5697708129883 17911.299008462578 5315.5964017771184
leaf_count=31812 80200 13358 15087 8569 65480 32006 3932 2464 7217 44437 14006 8679 111390 44575 21449 14232 8780 12913 12317 42216 10053 14644 1779 24331 14957 19461 5889 5338 83402 29025
internal_value=0.000190144 0.0249398 -0.00133799 0.00112813 0.0065117 -0.00664601 0.00418432 0.00907308 -0.00202208 -0.00894389 0.0143583 0.0284755 -0.00239765 0.0141725 -0.0018727 0.000724615 -0.0043116 -0.0114205 -0.00499681 0.00581408 0.00365234 0.0088086 0.00994706 0.00463663 0.00256175 -0.00185821 0.0127605 -0.0166553 -0.00637253 -0.0122238
internal_weight=141175 8208.87 132967 90787.4 33513.4 42179.2 29457.5 15578 57273.9 34997.1 10500.6 2498.69 56686 5633.5 55163.2 31596.4 15881.4 8390.94 5776.34 15715.1 7490.44 5358.41 8001.95 5454.52 12306.1 5077.31 1499.5 8750.22 26246.9 8335.62
internal_count=803998 138133 665865 456570 177833 209295 146021 80541 278737 177289 52727 12611 271520 57933 262951 151561 72939 39462 25230 78622 33477 23424 40116 26110 57173 27814 8353 49775 127514 44112
is_linear=0
shrinkage=0.05


Tree=59
num_leaves=31
num_cat=0
split_feature=16 0 10 18 10 20 12 24 24 18 12 12 12 20 24 5 20 20 21 24 12 20 4 17 20 21 21 12 9 12
split_gain=1852.97 967.73 865.79 413.65 320.423 302.459 257.256 253.774 249.49 212.605 208.598 237.496 293.583 206.409 196.087 175.217 178.314 215.37 286.713 196.749 175.095 174.938 170.52 157.029 151.933 146.664 146.328 143.134 143.12 151.755
threshold=0.27941177785396581 1.6871629357337954 18.106151986122132 185.39170837402347 14.268172360956669 -2.9402847290039058 2.339009287925697 5.5000000000000009 3.5000000000000004 170.41477203369143 14.165634674922602 4.4907120743034072 4.0913312693498467 -3.9687194824218746 3.5000000000000004 2.5000000000000004 0.98529052734375011 55.348884582519538 -0.76345792499999987 1.0000000180025095e-35 6.4984520123839014 56.297058105468757 100.52732104808094 196.47499847412112 66.262786865234389 0.51909596000000013 -1.1594290499999997 2.7198142414860684 41.500000000000007 3.9659442724458209
decision_type=2 2 8 2 10 2 2 10 10 2 2 2 2 2 8 2 2 2 2 10 2 2 2 2 2 2 2 2 2 2
left_child=4 3 5 8 21 -3 7 23 15 -4 11 12 28 -5 -8 -2 19 -18 -19 20 -17 -1 -20 -7 -14 -15 -13 -23 29 -10
right_child=1 2 9 13 -6 6 14 -9 10 -11 -12 26 24 25 -16 16 17 18 22 -21 -22 27 -24 -25 -26 -27 -28 -29 -30 -31
leaf_value=0.033924531298048628 -0.0059421336540260265 -0.010838024768705363 0.03432230800700066 -0.022103515109006003 0.048687426419350782 0.016992824309062682 0.0099177201101888057 -0.017561817061055248 -0.0016996124744600928 0.015497204634273632 0.033790715054193274 -0.001580525592920825 0.0065734343007803828 -0.0044499704491055836 -0.0022054453712330719 -0.024305600676372108 0.0051703781032825151 0.010448131316525455 -0.0098498960798743557 0.0011028060310676704 0.014496584704637048 0.035459331270181159 0.000160386871289768 0.00072352195654779797 0.044762250024845296 -0.017552065422848172 -0.015327292429242724 -0.0061763662330108155 -0.023005940057993987 -0.032432322088247166
leaf_weight=1128.962330289185 12017.055981099606 3767.8884592019022 2427.6156779229641 3447.3676051422954 1860.2710768710822 6701.4927242454141 4422.878226371482 716.45673886314034 9934.0502713769674 3930.6436487287283 315.2659586109221 2478.1501586697996 614.85445073992014 7794.7568930462003 13556.109076865017 2006.916336003691 22910.170981425792 3864.0184176824987 8165.3546707518399 2699.0328008569777 339.2807162553072 284.92126053199172 8880.5212906524539 1904.7135248146951 451.3728953525424 2941.6633680462837 8848.8614017255604 741.5827944688499 971.39606639742851 417.61423261091113
leaf_count=12294 57224 18248 42469 22109 62044 41036 23213 4010 48895 39249 1581 12048 3323 36832 67828 10776 104242 17983 34887 12711 1873 3040 40312 9887 1946 15339 44787 5652 5128 2168
internal_value=1.52373e-05 -0.000969516 0.00588014 -0.00355657 0.0334864 0.00243965 0.00427243 0.0110121 -0.00223623 0.022689 -0.00654993 -0.00708759 -0.00230307 -0.0114603 0.000777271 -0.00053344 0.000796772 0.00182169 -0.00184741 -0.00810369 -0.0186907 0.0203507 -0.00463506 0.0133926 0.0227669 -0.0080411 -0.0123201 0.0054035 -0.00466557 -0.00294247
internal_weight=140541 136526 37427.8 99097.7 4015.74 31069.5 27301.7 9322.66 84913.9 6358.26 24031.6 23716.3 12389.3 14183.8 17979 60882.4 48865.3 43820.1 20909.9 5045.23 2346.2 2155.47 17045.9 8606.21 1066.23 10736.4 11327 1026.5 11323.1 10351.7
internal_count=803134 720104 245940 474164 83030 164222 145974 54933 399884 81718 119876 118295 61460 74280 91041 280008 222784 197424 93182 25360 12649 20986 75199 50923 5269 52171 56835 8692 56191 51063
is_linear=0
shrinkage=0.05


Tree=60
num_leaves=31
num_cat=0
split_feature=1 18 12 19 14 5 13 21 12 21 14 22 18 7 9 22 23 14 19 14 21 12 25 14 14 21 22 21 13 14
split_gain=1839.49 704.411 643.668 595.73 385.11 373.218 351.779 286.612 233.76 217.156 199.015 194.779 188.435 170.368 168.508 191.885 165.099 438.744 406.545 296.778 316.533 334.817 260.005 244.887 226.123 261.691 195.024 159.17 155.489 199.611
threshold=38.799999505281455 182.33635711669925 2.1687306501547994 0.22058823704719546 182.50000000000003 15.500000000000002 -23.598412770189732 1.0000000180025095e-35 9.1253869969040267 0.91939226000000007 261.50000000000006 -0.56666779499999986 176.00270843505862 1.0000000180025095e-35 41.500000000000007 0.3967179950000001 1.2471615 238.50000000000003 0.27941177785396581 255.50000000000003 -0.76345792499999987 3.4721362229102173 24.601461446285253 263.50000000000006 229.50000000000003 -0.47047499999999992 1.5679100000000001 0.30427013500000005 -92.302003004844352 222.50000000000003
decision_type=2 2 2 2 2 2 2 2 2 2 2 2 2 2 2 2 2 2 2 2 2 2 2 2 2 2 2 2 2 2
left_child=1 2 5 -2 -3 12 8 -6 28 16 -9 -10 -1 -5 15 -12 17 18 -8 20 -19 -22 -21 26 25 -20 -18 -26 29 -4
right_child=3 4 6 13 7 -7 9 10 11 -11 14 -13 -14 -15 -16 -17 23 19 24 22 21 -23 -24 -25 27 -27 -28 -29 -30 -31
leaf_value=0.0092077029507554968 0.04905741759531991 -0.018540210055446139 -0.036693749624307298 0.0074589457080335847 0.00024941786890427648 0.027506641535855275 0.022758287600174801 -0.013969335364918987 0.043660504307107377 -0.0078123843654190981 0.022729626653053878 -0.033325470817816477 -0.00084292853525026561 0.029064586696747413 -0.029076527543560729 -0.012291543832270269 0.0073585762686968099 0.0068671976074489707 -0.012527424038841484 0.0095383269654811635 0.0039902912047498724 -0.030310823909127427 -0.0099638188045123866 0.0294711312828385 0.030310895310837672 0.0056579963189465525 -0.012284287617303389 -0.01685638801886127 -0.0038318067694427813 0.022531859817122798
leaf_weight=14332.118935165927 2043.6258682943881 6720.6776985861361 716.11526749655604 2397.6843070909381 12416.006937365979 2213.8076066300273 3054.0119409151375 9067.5279600508511 88.245596650987864 5440.332318495959 1062.0462470054626 1054.1295262910426 6912.4882004745305 1472.9170071613044 332.16805052757263 618.00497159734368 11608.047136172652 1213.7644495144486 3132.3955730628222 3635.4588783681393 927.91070944815874 3045.3819454405457 3223.5072356816381 1130.5722846873105 1006.0481987856328 5365.1747266892344 1417.0573762841523 216.81084809824824 34132.692516878247 176.75340475142002
leaf_count=77555 72215 39790 3798 12787 58923 19183 24038 47441 400 27913 4703 5496 34944 30732 1421 2741 60986 5354 14701 15969 4759 14045 15459 5590 4562 25857 7567 1041 163013 825
internal_value=-6.42216e-05 -0.00126647 0.000685308 0.0272237 -0.00798674 0.00797417 -0.00143658 -0.00496739 -0.00509742 0.00154446 -0.0108129 -0.0273455 0.00593758 0.0156861 0.00341083 0.00984748 0.00285067 0.000393044 0.00684816 -0.00645241 -0.0154759 -0.0223013 0.00037279 0.00715952 0.00184761 -0.00104624 0.00522077 0.0219413 -0.00437103 -0.0249573
internal_weight=140173 134259 104043 5914.23 30216.4 23458.4 80584.4 23495.8 36167.9 44416.5 11079.7 1142.38 21244.6 3870.6 2012.22 1680.05 38976.1 24820.5 12774.4 12046 5187.06 3973.29 6858.97 14155.7 9720.43 8497.57 13025.1 1222.86 35025.6 892.869
internal_count=803808 688074 533055 115734 155019 131682 401373 115229 173532 227841 56306 5896 112499 43519 8865 7444 199928 125785 70199 55586 24158 18804 31428 74143 46161 40558 68553 5603 167636 4623
is_linear=0
shrinkage=0.05


Tree=61
num_leaves=31
num_cat=0
split_feature=16 0 7 18 0 11 12 12 11 24 12 14 12 11 12 11 14 14 24 14 14 11 14 24 12 14 24 14 12 5
split_gain=1617.98 818.063 675.39 333.38 282.156 256.217 252.1 234.851 208.883 234.168 202.203 417.049 295.549 197.94 241.53 186.197 246.459 181.864 178.62 177.162 168.246 271.705 161.554 216.904 216.36 247.63 218.709 212.779 187.655 171.737
threshold=0.27941177785396581 1.2512428760528567 1.0000000180025095e-35 185.39170837402347 8.4039444923400897 88.744555543150895 0.65944272445820451 2.1965944272445825 29.290478826860898 2.5000000000000004 10.332817337461302 192.50000000000003 8.0216718266253881 67.392728720886808 1.8157894736842108 10.389228504554778 169.50000000000003 182.50000000000003 7.5000000000000009 233.50000000000003 258.50000000000006 9.9283420878805639 174.50000000000003 1.0000000180025095e-35 6.6269349845201253 225.50000000000003 1.5000000000000002 235.50000000000003 6.45046439628483 2.5000000000000004
decision_type=2 2 2 2 2 2 2 2 2 10 2 2 2 2 2 2 2 2 10 2 2 2 2 10 2 2 8 2 2 2
left_child=4 3 6 5 19 7 -3 18 10 22 12 -12 15 14 -8 16 -9 -5 -2 -1 -14 -22 23 28 27 26 -26 29 -10 -24
right_child=1 2 -4 17 -6 -7 13 8 9 -11 11 -13 20 -15 -16 -17 -18 -19 -20 -21 21 -23 24 -25 25 -27 -28 -29 -30 -31
leaf_value=0.028998720661890451 0.0057908143105057271 0.021387225389994803 0.019495415770003115 -0.021685490230541778 0.047580935972704311 -0.014710727420507759 0.012195206328713754 -0.026562611531874711 -0.032834818120636246 -0.01117693756004225 -0.027197106914981301 0.020764569535355694 -0.015476014303844366 -0.007214961604113973 0.00060750662490576142 0.0038478191761958155 0.0046985152106278003 -0.0076595457729004739 -0.018969419604370482 -0.0031655018647624138 -0.0098904400952153915 0.045875970942652271 -0.013243847478712918 0.00099623075833018214 -0.037272440215868972 -0.047717670190105463 -0.00088944321898900159 -0.0075412181317111807 0.010768102045672162 0.0066480804231199651
leaf_weight=1553.1818576455116 12754.754546098411 1625.2592259012163 6698.5409352686256 2948.5670352429152 1666.4835872557014 3916.2808182276785 5657.2493553049862 1246.4006764516234 1405.8969264701009 11770.122019253671 548.7309907823801 2583.7161688990891 4496.0733987912536 5746.0356884934008 21910.713107161224 16111.613920588046 1274.3268726207316 10688.66085319221 771.53228192403913 590.63463484682143 726.88027159124613 311.09390161558986 1199.4081128761172 1473.858167398721 500.90360067039728 437.30044556409121 2333.686663877219 4914.9546440839767 298.73195807263255 11296.428091853857
leaf_count=19614 60929 8457 100998 19485 58413 20818 29036 5972 7994 61283 2562 11806 20779 26648 102394 71653 5328 52674 3592 4851 3009 1291 5828 7020 2266 1926 11266 21529 1581 50924
internal_value=2.14779e-05 -0.000881259 0.00495312 -0.00346538 0.0321509 -0.00223883 0.0021646 -0.0015998 -0.00288456 -0.00540594 0.000406506 0.0123568 -0.00114294 0.00122619 0.00298579 0.00187064 -0.0107633 -0.0106935 0.00437721 0.0201399 -0.0112877 0.00685152 -0.0025589 -0.0130519 -0.000945795 -0.0127405 -0.0073296 0.00127132 -0.0251917 0.00473785
internal_weight=139458 135648 41637.8 94009.9 3810.3 80372.7 34939.3 76456.4 62930.1 35631.3 27298.8 3132.45 24166.4 33314 27568 18632.3 2520.73 13637.2 13526.3 2143.82 5534.05 1037.97 23861.2 3178.49 20682.7 3271.89 2834.59 17410.8 1704.63 12495.8
internal_count=801926 719048 267533 451515 82878 379356 166535 358538 294017 171617 122400 14368 108032 158078 131430 82953 11300 72159 64521 24465 25079 4300 110334 16595 93739 15458 13532 78281 9575 56752
is_linear=0
shrinkage=0.05


Tree=62
num_leaves=31
num_cat=0
split_feature=15 0 9 19 11 12 5 14 24 18 20 20 14 11 24 11 18 11 14 12 24 14 12 11 14 12 24 12 14 12
split_gain=1628.01 815.051 604.609 386.214 287.214 252.432 266.155 264.017 212.045 221.316 309.443 211.293 203.026 193.418 185.058 173.463 172.953 171.977 187.582 171.893 182.056 164.217 157.874 280.737 215.268 217.092 197.874 169.14 263.276 168.159
threshold=18.030252456665043 2.8965305089950566 1.0000000180025095e-35 0.60294118523597728 15.793902891665141 4.3854489164086692 8.5000000000000018 209.50000000000003 2.5000000000000004 166.81893157958987 50.940284729003913 78.784561157226577 185.50000000000003 24.252350459250138 2.5000000000000004 50.76485803746403 169.5933532714844 23.68438548846142 244.50000000000003 1.6362229102167185 3.5000000000000004 159.50000000000003 6.1377708978328185 24.852478495173319 226.50000000000003 6.6919504643962862 1.5000000000000002 10.162538699690405 192.50000000000003 6.45046439628483
decision_type=2 2 2 2 2 2 2 2 8 2 2 2 2 2 10 2 2 2 2 2 8 2 2 2 2 2 8 2 2 2
left_child=1 3 16 5 -5 6 8 12 -1 10 -10 14 -8 -9 -6 21 -3 18 -2 -4 -21 -7 -23 27 26 29 -25 -24 -29 -26
right_child=17 2 19 4 11 15 7 13 9 -11 -12 -13 -14 -15 -16 -17 -18 -19 -20 20 -22 22 23 24 25 -27 -28 28 -30 -31
leaf_value=0.0070867248213504382 0.02768257563886635 0.031549923631747537 0.010509479831740928 0.0047708203939397847 -0.0074013691646607179 -0.04696953273674459 0.0013688399708666017 0.033713175804544936 0.019979841636139639 -0.0064228809194413899 -0.016034307404542765 0.0033566361227769918 0.026624086847723317 0.0022087750804640834 -0.01623593965458767 -0.011926672281556999 0.013599336392497699 0.044238213942595368 -0.03966329067300195 0.0091082660145432454 -0.0025416253591698046 0.0027509613362467523 -0.0039360131772347758 -0.03283529082584271 -0.025610242276350399 -0.044722996890322581 -0.0035229062676689852 -0.023503584848663248 0.017370891857150888 0.034035804267004227
leaf_weight=5681.8638358507305 590.37586940079927 2479.7848323900253 6000.5887864790857 4543.8576294481754 19549.887721180916 202.59150157123804 1156.9157816134393 507.25825745984912 1936.7566647920758 14963.779171761125 860.8080025576055 3265.4502920173109 2549.0354290325195 11756.375086050481 8508.3597896359861 5534.6903389506042 2928.8977359775454 2165.2596092447639 124.38834493048489 4620.4358145035803 12222.301594205201 10964.420089807361 7985.7211526595056 685.85349717363715 329.86597748473287 945.41912088170648 3561.0155805982649 474.28502982109785 2303.4747083708644 182.82890322431922
leaf_count=26205 8099 54064 31673 21021 96037 965 5878 2307 9664 71605 3719 14359 13088 57395 48961 28273 41889 62657 861 23279 57311 49228 35361 3064 1507 4301 17499 2222 10518 825
internal_value=2.30884e-05 -0.000760816 0.00680328 -0.00273135 -0.00697585 -0.000633823 0.00207124 0.00704932 -0.00132001 -0.00400957 0.00889655 -0.00867994 0.0187425 0.00351453 -0.0100808 -0.00384794 0.0218337 0.037219 0.0159235 0.00324368 0.000654618 -0.0022296 -0.0018975 -0.00499234 -0.0139582 -0.0305278 -0.00826336 -0.000239302 0.0103859 -0.00431539
internal_weight=139583 136703 28252 108451 35867.6 72583 39412.8 15969.6 23443.2 17761.3 2797.56 31323.7 3705.95 12263.6 28058.2 33170.2 5408.68 2880.02 714.764 22843.3 16842.7 27635.5 27432.9 16468.5 5704.98 1458.11 4246.87 10763.5 2777.76 512.695
internal_count=803835 732218 208216 524002 180378 343624 189861 78668 111193 84988 13383 159357 18966 59702 144998 153763 95953 71617 8960 112263 80590 125490 124525 75297 27196 6633 20563 48101 12740 2332
is_linear=0
shrinkage=0.05


Tree=63
num_leaves=31
num_cat=0
split_feature=10 0 17 10 22 17 11 17 12 22 23 11 12 12 22 12 23 11 12 22 23 21 12 12 12 23 21 8 25 12
split_gain=1420.74 625.988 452.856 401.213 288.416 250.68 246.451 216.893 224.556 200.177 193.676 193.39 178.12 176.971 260.344 183.937 159.346 181.297 170.803 157.794 321.787 262.261 199.21 209.272 190.348 519.274 272.201 216.873 168.275 162.093
threshold=42.643965759873396 0.64515721797943126 175.14204406738284 6.1079304873943334 0.16082139000000004 175.14204406738284 49.240419371982021 196.47499847412112 0.65944272445820451 -0.83013656999999996 1.7182350000000002 87.722411732163422 10.332817337461302 5.4272445820433441 1.0095930500000001 14.165634674922602 0.96336984500000011 12.778281696572909 11.018575851393191 -1.2466693999999998 1.7272303000000002 0.59002947500000003 5.0882352941176476 2.6919504643962853 7.2461300309597538 1.0896113000000003 -0.56987914499999992 1.0000000180025095e-35 31.871143794059758 6.4102167182662546
decision_type=10 2 2 8 2 2 2 2 2 2 2 2 2 2 2 2 2 2 2 2 2 2 2 2 2 2 2 2 2 2
left_child=1 4 -2 7 11 -5 13 8 -3 -10 -8 12 19 14 -6 16 17 -15 -19 20 21 22 23 -1 26 -26 -21 28 29 -28
right_child=2 3 -4 5 6 -7 10 -9 9 -11 -12 -13 -14 15 -16 -17 -18 18 -20 24 -22 -23 -24 -25 25 -27 27 -29 -30 -31
leaf_value=0.026673370224403227 0.046469465689459914 0.030712582890574699 0.014033082931433774 0.026330430109482206 -0.0035407946296160948 0.0080506705396755692 -0.011361545820368597 -0.0061288811229698844 0.010187100315960677 0.00052459566788139471 -0.032295820696688182 -0.015391953490200351 0.014066219367529095 0.017928154604491275 0.017621251572906588 0.027790276327015286 -0.013895471220773909 -0.009231778302652871 0.070201474183654675 0.0048867684089782936 -0.0056881671468127287 -0.030854380303184499 0.046009327148915292 -0.0022720354461043114 0.0030098273574845199 -0.026751985630857816 -0.014225481046355222 -0.0010642875962326784 0.042786194101539526 0.015083455194405663
leaf_weight=1469.7988862581551 1909.0458571705967 725.51736014708877 2467.4132785946131 2507.4341010767967 6789.9300086311996 7439.625453595072 7284.3296193704009 7651.3877879306674 6824.3043837212026 24969.753572484478 1302.0158048868179 2324.7186369895935 1975.5447903424501 924.87262063473463 1848.0915617793798 338.67811353504658 7350.0262836106122 2919.5266721248627 68.289667785167694 12990.367363970727 3086.9115325808525 268.19264646619558 618.14311910793185 1084.9024596959352 3191.531243417412 2708.8773078247905 6832.3600407317281 18393.906131144613 140.85574668645859 505.92480537295341
leaf_count=7120 69720 4325 28387 39502 31738 58548 42630 36356 36448 123161 8059 11757 9160 3964 9085 1734 37094 14605 295 59817 14610 1196 2818 5064 14186 12177 34440 81426 1082 2577
internal_value=0.000156827 -0.00075528 0.0281895 0.00367111 -0.0033832 0.0126608 -0.00744173 0.00144484 0.00322697 0.00259882 -0.0145394 -0.00127866 -0.000662439 -0.00443007 0.000988309 -0.00846416 -0.00955672 -0.00140487 -0.00739337 -0.00122999 0.0060316 0.0165438 0.0205588 0.0143851 -0.00228906 -0.010656 -0.00101851 -0.00398352 -0.0111618 -0.012203
internal_weight=138912 134536 4376.46 50118 84417.8 9947.06 28825.8 40171 32519.6 31794.1 8586.35 55592 53267.3 20239.4 8638.02 11601.4 11262.7 3912.69 2987.82 51291.8 6527.95 3441.04 3172.84 2554.7 44763.8 5900.41 38863.4 25873 7479.14 7338.28
internal_count=803081 704974 98107 298340 406634 98050 149204 200290 163934 159609 50689 257430 245673 98515 40823 57692 55958 18864 14900 236513 30808 16198 15002 12184 205705 26363 179342 119525 38099 37017
is_linear=0
shrinkage=0.05


Tree=64
num_leaves=31
num_cat=0
split_feature=1 18 16 12 18 13 18 21 11 14 14 14 22 21 24 16 14 14 22 23 24 14 21 21 5 14 14 11 23 11
split_gain=1531.63 544.173 540.117 427.8 409.986 355.636 288.895 252.573 239.551 288.901 232.1 207.557 317.035 204.997 202.504 186.21 175.482 173.165 303.077 273.639 226.499 443.206 466.24 438.181 296.246 302.463 254.348 243.083 241.911 264.407
threshold=38.799999505281455 185.39170837402347 0.54411765933036815 2.6640866873065021 173.25000000000003 -23.598412770189732 156.63235473632815 0.91939226000000007 67.392728720886808 176.50000000000003 177.50000000000003 203.50000000000003 0.085721280400000016 1.7710663000000002 7.5000000000000009 0.16176471114158633 235.50000000000003 264.50000000000006 -0.92314603999999989 1.9593707000000002 4.5000000000000009 239.50000000000003 -0.71756502999999994 -0.76345792499999987 8.5000000000000018 198.50000000000003 240.50000000000003 8.0752066537030007 2.4041249500000004 18.435597973895888
decision_type=2 2 2 2 2 2 2 2 2 2 2 2 2 2 10 2 2 2 2 2 8 2 2 2 2 2 2 2 2 2
left_child=1 3 -2 4 6 13 -1 15 9 -6 -3 12 -10 -5 16 -7 -8 20 19 -19 26 22 24 -23 -22 -26 -17 -24 29 -29
right_child=2 10 -4 5 8 7 14 -9 11 -11 -12 -13 -14 -15 -16 17 -18 18 -20 -21 21 23 27 -25 25 -27 -28 28 -30 -31
leaf_value=0.041868052927078153 0.048649920973367775 -0.021628486884094272 0.015112206394542202 -0.0051551855170337097 -0.00648670739836406 0.029571990850348968 0.013783415813530786 -0.0093318274903757912 0.025230706121876462 0.0089331118278948348 -0.0065821810448502618 -0.015750451698010641 -0.017046822295373219 -0.039743492684186921 -0.014255752019633984 0.0030721972835965807 0.0027852855576633523 -0.048024795979348077 0.015773683054142503 0.036330941046897186 0.0012386325005126428 0.0095156932288037403 -0.035289361878360188 -0.016058751923702028 0.003539483655362087 -0.045145545810555028 0.02254746877519288 0.031338266408837238 -0.035689841347764921 0.0084020785014484508
leaf_weight=686.75074614956975 1762.5178704652935 3119.9166438169777 3765.0579282362014 35135.902639491484 4833.2656582333148 625.30220725387335 10813.232593057677 5075.5023681838065 923.1525919996202 8172.5570878610015 14349.191343139857 3811.8095681406558 851.5224041454494 432.69438812509179 900.24146379157901 8925.3400678541511 5457.9980494193733 362.46585075743496 4038.998651759699 129.88067591935396 1754.2217512577772 2168.8141949959099 294.61546052619815 7344.6434345263988 472.91041874140501 978.50737985223532 2063.3483250066638 1498.6081772297621 271.4514710213989 7761.1967879012227
leaf_count=7879 72399 19722 43199 171745 23105 9520 61958 25636 4787 40826 72408 20412 5234 2260 4564 45264 31935 1566 18499 741 8425 9564 1492 33418 2758 4914 9983 7182 1502 41379
internal_value=2.516e-05 -0.00104474 0.0258129 0.000196393 0.00468009 -0.00186369 0.0100905 0.00115423 -0.000516983 0.00320269 -0.00927048 -0.00917573 0.00494698 -0.00557706 0.00881725 0.00253003 0.0100946 0.00208504 0.011258 -0.0257433 0.000845206 -0.00202367 0.00396615 -0.0102281 -0.0125892 -0.0292912 0.00673079 0.00936797 0.0107519 0.0121171
internal_weight=138782 133254 5527.58 115785 36450.5 79334.4 17858.2 43765.8 18592.3 13005.8 17469.1 5586.48 1774.67 35568.6 17171.5 38690.3 16271.2 38065 4531.35 492.347 33533.7 22545 13031.5 9513.46 3205.64 1451.42 10988.7 9825.87 9531.26 9259.8
internal_count=804276 688678 115598 596548 200700 395848 106336 221843 94364 63931 92130 30433 10021 174005 98457 196207 93893 186687 20806 2307 165881 110634 67652 42982 16097 7672 55247 51555 50063 48561
is_linear=0
shrinkage=0.05


Tree=65
num_leaves=31
num_cat=0
split_feature=1 19 15 12 18 5 18 21 14 14 14 14 14 21 25 14 12 1 18 5 24 24 23 24 14 21 14 14 19 12
split_gain=1352.31 549.852 461.351 436.067 388.691 387.387 313.987 288.828 311.184 295.492 275.034 320.102 244.759 271.953 238.687 273.681 224.925 223.353 212.753 201.719 199.975 199.151 184.398 183.053 270.101 257.256 197.572 179.019 163.956 163.259
threshold=46.385453760623939 0.60294118523597728 21.682642936706547 4.3854489164086692 164.45683288574222 6.5000000000000009 169.5933532714844 0.0095684877600000027 244.50000000000003 217.50000000000003 208.50000000000003 185.50000000000003 215.50000000000003 -1.2226113499999998 21.65932177305222 261.50000000000006 1.9086687306501551 20.566105350852016 163.66176605224612 24.500000000000004 5.5000000000000009 2.5000000000000004 1.2975052 3.5000000000000004 236.50000000000003 -0.78959470999999992 159.50000000000003 193.50000000000003 0.25000000745058065 3.2120743034055734
decision_type=2 2 2 2 2 2 2 2 2 2 2 2 2 2 2 2 2 2 2 2 10 8 2 10 2 2 2 2 2 2
left_child=1 2 3 5 -2 6 12 9 16 22 11 28 13 -1 15 -5 -9 -12 -15 23 29 -8 -3 24 26 -26 -16 -22 -7 -13
right_child=4 7 -4 14 -6 10 21 8 -10 -11 17 20 -14 18 19 -17 -18 -19 -20 -21 27 -23 -24 -25 25 -27 -28 -29 -30 -31
leaf_value=-0.010645095935208074 0.049043141304999385 -0.012367525187817136 0.033436510478422506 -0.011613709369893031 0.016568884303423556 0.028685145887283166 0.0046245012831118209 -0.0032035366802967051 -0.0013727177454213218 0.0041246003751776788 0.0025895883561132382 0.032339296705305408 -0.0099526513540344579 0.034074313925996386 -0.06257384624519377 0.01248674387788455 -0.018928018613949996 0.017993988172947718 0.010519963180374266 -0.024262062853845634 0.04596781901429764 -0.0086032705980119348 -0.00047412934290628399 -0.0061267556922656036 0.015837557750668023 -0.010409920687301477 0.0082675728108000234 -0.025522596104088493 -0.0022888014707883276 0.012815084426588434
leaf_weight=1053.1719942949712 1479.8377099521458 7278.7946018185467 1097.5542278382927 10858.321208637208 2443.7520177140832 507.16981378383934 3799.9977606870234 3026.9131359197199 6358.4572095833719 10756.801870506257 18845.841169718653 3184.6280382275581 1587.7405153624713 1363.2949620485306 98.296653946861625 1320.4764821343124 9149.7085994631052 2687.9383402299136 3229.8014993071556 863.90149084292352 114.58334653265774 11319.978952256963 5900.6785298399627 7699.1138190943748 1152.2199805546552 4900.6976007185876 11320.957853524014 360.49776481278241 2682.1061805821955 1615.7140349503607
leaf_count=5513 65169 37971 18546 51115 29961 4941 17485 16038 29335 50420 90813 20200 7243 9684 498 5679 52956 32038 14765 6733 661 56446 30387 39097 5337 21680 55993 2308 14249 8692
internal_value=-0.000103608 -0.000950047 0.00122902 0.000838341 0.0288264 0.0038025 -0.00117998 -0.00565295 -0.0103385 -0.00202444 0.0075152 0.0151508 0.0073865 0.0122632 -0.00322249 -0.00899983 -0.0150197 0.00451318 0.0175171 -0.000519714 0.0227097 -0.00527874 -0.00704309 0.000296077 0.00312649 -0.00541172 0.00765235 -0.00821971 0.00264423 0.0257718
internal_weight=138059 134135 91664 90566.4 3923.59 52352.5 22354 42471.4 18535.1 23936.3 29998.5 8464.7 7234.01 5646.27 38214 12178.8 12176.6 21533.8 4593.1 26035.2 5275.42 15120 13179.5 25171.3 17472.2 6052.92 11419.3 475.081 3189.28 4800.34
internal_count=801953 706823 489716 471170 95130 285038 111136 217107 98329 118778 173902 51051 37205 29962 186132 56794 68994 122851 24449 129338 31861 73931 68358 122605 83508 27017 56491 2969 19190 28892
is_linear=0
shrinkage=0.05


Tree=66
num_leaves=31
num_cat=0
split_feature=16 6 7 20 22 11 12 22 22 24 14 14 13 9 24 14 22 22 11 20 14 12 12 14 5 14 14 11 12 14
split_gain=1231.17 619.111 546.803 285.622 307.862 304.759 242.803 293.237 231.39 241.803 193.906 322.544 273.964 238.28 255.055 229.602 229.5 205.402 251.514 211.333 191.593 188.106 182.696 680.634 186.759 264.546 319.094 203.556 290.356 413.87
threshold=0.1911764740943909 1.5000000000000002 1.0000000180025095e-35 -6.0307769775390616 0.38392488500000005 98.898445862815393 0.65944272445820451 -0.83013656999999996 0.94406590000000012 3.5000000000000004 245.50000000000003 223.50000000000003 -55.88892480083986 8.5000000000000018 7.5000000000000009 255.50000000000003 1.2243577000000003 1.7426737500000002 21.510219842207047 41.358283996582038 235.50000000000003 3.9953560371517032 10.439628482972138 192.50000000000003 2.5000000000000004 235.50000000000003 258.50000000000006 20.631915132800589 8.0216718266253881 248.50000000000003
decision_type=2 2 2 2 2 2 2 2 2 8 2 2 2 2 10 2 2 2 2 2 2 2 2 2 2 2 2 2 2 2
left_child=-1 2 6 8 22 10 -2 -8 9 -3 11 17 15 14 -13 -12 -14 18 -6 -19 -16 -10 24 -24 -5 -26 27 28 29 -27
right_child=1 3 -4 4 5 -7 7 -9 21 -11 12 13 16 -15 20 -17 -18 19 -20 -21 -22 -23 23 -25 25 26 -28 -29 -30 -31
leaf_value=0.038548459219464599 0.01840395575754741 -0.0040206896559871093 0.015075237981258713 -0.0081202858220521534 0.021865402071259449 -0.040088941533927371 0.0082881138487918404 -0.0018075696426910074 0.02689645314865487 -0.019879510247250088 0.083127594179344788 -0.017076018426098093 -0.0063121604791955572 -0.031455079796267896 -0.033074818323843909 -0.013881163377084893 0.016478098540012028 -0.031956186412014469 -0.0057460272994859949 0.081273278718350814 0.072259439895533087 -0.016491526489257221 -0.038708508751953738 0.029604569434313263 0.0037658445948464073 0.044316431707608898 0.0041010006118694401 -0.012824605714709289 -0.016156135977446865 -0.0069898411576761361
leaf_weight=2037.5937076099217 1996.4730096012354 4167.7750241979957 8820.4398231562227 7366.5628092326224 939.86712842434645 689.6500708013773 9376.0282144583762 30875.031394314021 689.39432369172573 5679.3190645426512 175.82436826825142 624.97751513123512 5443.0270597860217 2435.4286173135042 57.588965013623238 92.725443199276924 1384.8634804561734 916.04570390284061 6682.5165795236826 42.209411464631557 165.69679449498653 390.60699465870857 468.92933299392462 1627.0317681804299 25840.590831231326 729.42192498594522 7431.6439751833677 8910.7464833036065 1167.8663778975606 850.52903450280428
leaf_count=62472 10416 21038 131726 35667 4773 4193 46764 144892 3466 34537 887 3144 23294 13848 276 413 6139 5602 38776 246 773 2875 2062 7582 117006 3293 31251 38524 4888 3522
internal_value=-2.00917e-05 -0.000598052 0.00375285 -0.00321298 -0.00209928 -0.00746313 0.00138866 0.000544253 -0.0107587 -0.0131684 -0.00627439 -0.0101847 0.000263586 -0.023509 -0.000684836 0.049705 -0.001688 -0.0050835 -0.00233902 -0.0268891 0.0450657 0.0112035 -0.000161404 0.0143097 -0.000741637 0.000468273 -0.0039953 -0.00915612 0.00274055 0.01671
internal_weight=138076 136039 51068 84970.8 74043.7 19650.4 42247.5 40251.1 10927.1 9847.09 18960.8 11864.3 7096.44 3283.69 848.263 268.55 6827.89 8580.64 7622.38 958.255 223.286 1080 54393.3 2095.96 52297.4 44930.8 19090.2 11658.6 2747.82 1579.95
internal_count=804345 741873 333798 408075 346159 102364 202072 191656 61916 55575 98171 67438 30733 18041 4193 1300 29433 49397 43549 5848 1049 6341 243795 9644 234151 198484 81478 50227 11703 6815
is_linear=0
shrinkage=0.05


Tree=67
num_leaves=31
num_cat=0
split_feature=1 5 15 15 20 0 11 12 11 14 14 12 11 12 14 14 12 0 12 14 9 5 14 12 12 12 14 14 11 14
split_gain=1246.4 511.898 423.507 320.089 220.119 187.662 174.847 225.036 269.797 308.269 277.074 175.414 161.097 200.312 211.964 400.345 152.416 148.673 144.242 156.72 142.871 138.048 133.481 126.952 123.833 169.17 179.578 121.806 120.026 119.6
threshold=38.799999505281455 14.500000000000002 3.5360423326492314 18.030252456665043 -14.578781127929686 4.1764333248138437 97.424542144990468 2.7631578947368425 67.392728720886808 203.50000000000003 184.50000000000003 1.2368421052631582 15.793902891665141 7.7383900928792579 229.50000000000003 212.50000000000003 1.2863777089783284 0.13559445738792422 4.2925696594427256 244.50000000000003 38.500000000000007 1.5000000000000002 234.50000000000003 2.8436532507739942 1.3421052631578949 2.7352941176470593 200.50000000000003 187.50000000000003 27.079945701987018 200.50000000000003
decision_type=2 2 2 2 2 2 2 2 2 2 2 2 2 2 2 2 2 2 2 2 2 2 2 2 2 2 2 2 2 2
left_child=2 17 4 5 16 20 7 8 11 10 -10 -6 -9 23 15 27 -1 -2 -5 -20 -4 -19 -13 -14 29 26 -26 -15 -24 -12
right_child=1 -3 3 18 6 -7 -8 12 9 -11 24 22 13 14 -16 -17 -18 21 19 -21 -22 -23 28 -25 25 -27 -28 -29 -30 -31
leaf_value=0.0025746124711187187 -0.0051217604471668239 0.047413155871416077 0.0013653657617459813 0.041488590431488705 0.019658139815506369 0.0076937187610704658 -0.014519140252679752 0.004112427985092218 -0.016310580589890416 -0.015961959990779578 0.080118202661530719 0.0076978874998970565 -0.026209308657162911 -0.030449114674081915 -0.039054166611079716 0.021032094812136429 -0.016787593066631672 -0.037170852916104301 0.019987460282022751 -0.038825058631516515 -0.006375809441598059 0.021190726700437427 0.041085775221435139 -0.0033494250448247997 -0.0055574199121675837 0.077940144541448569 0.057044378328665657 -0.010569942355468246 -0.0065028078708617501 0.0097154531888623899
leaf_weight=1292.4656645134091 822.67315947264433 1611.6766823902726 43464.065219108015 693.78598038293421 2126.7029168326408 10356.488428866491 2966.9042892735451 5332.0315752997994 615.98361945524812 3326.0347536634654 171.2043398655951 7235.0376941245049 617.907744448632 1224.6141379736364 750.4440782032907 821.97765067219734 4753.1607643477619 104.35582984983921 725.77856394462287 133.23385887034237 6906.5564444214106 2722.0555854868144 137.37562291696668 32566.270840277895 555.3501118272543 95.641571681946516 143.2827782779932 2080.3775887079537 3123.0771696083248 93.320872293785214
leaf_count=5959 4985 68706 206524 10995 11364 74841 17022 24156 3468 17788 903 34709 3052 6975 3673 4333 28458 581 9994 821 31554 41595 622 160113 3027 506 738 10708 14830 541
internal_value=8.7058e-05 0.0239522 -0.000862022 0.00213761 -0.00352972 0.00156422 -0.00266793 -0.00209144 0.00267326 -0.00715447 0.0103358 0.00656719 -0.00402649 -0.00516675 -0.0146271 -0.0101769 -0.0126485 0.0135802 0.0245466 0.010831 0.000303831 0.0190235 0.00391295 -0.00377587 0.0258388 0.0159327 0.00734478 -0.0179428 -0.00448573 0.0554112
internal_weight=137570 5260.76 132309 62279.9 70029.2 60727.1 63983.5 61016.6 17623 5000.82 1674.78 12622.2 43393.6 38061.6 4877.41 4126.97 6045.63 3649.08 1552.8 859.012 50370.6 2826.41 10495.5 33184.2 1058.8 794.274 698.633 3304.99 3260.45 264.525
internal_count=803541 115867 687674 334729 352945 312919 318528 301506 88496 26971 9183 61525 213010 188854 25689 22016 34417 47161 21810 10815 238078 42176 50161 163165 5715 4271 3765 17683 15452 1444
is_linear=0
shrinkage=0.05


Tree=68
num_leaves=31
num_cat=0
split_feature=15 0 7 18 13 20 21 4 11 20 14 18 23 14 14 14 21 21 14 21 0 14 18 21 18 21 20 21 14 14
split_gain=1132.48 541.541 378.763 341.369 264.387 319.687 238.308 199.595 212.534 144.328 150.565 143.744 143.436 170.804 166.843 236.144 195.008 153.315 142.763 141.917 137.6 221.029 207.125 195.819 256.837 165.479 150.026 275.224 181.868 204.121
threshold=19.744426727294925 6.1346659660339364 1.0000000180025095e-35 190.41741943359378 -43.535206903971655 -0.44994354248046869 1.9023737000000003 27.168170973658565 88.744555543150895 -3.9687194824218746 156.50000000000003 169.52228546142581 1.0344751000000001 196.50000000000003 226.50000000000003 252.50000000000003 -0.65693205499999985 -0.024982789499999995 200.50000000000003 0.98067301500000015 0.45057168602943426 232.50000000000003 169.52228546142581 -0.70725798499999992 169.79144287109378 -0.12487920499999999 19.151657104492191 -1.2603949499999998 201.50000000000003 219.50000000000003
decision_type=2 2 2 2 2 2 2 2 2 2 2 2 2 2 2 2 2 2 2 2 2 2 2 2 2 2 2 2 2 2
left_child=1 3 9 4 5 -1 20 -7 12 10 -3 -4 14 -14 16 -16 18 -17 -9 -10 26 23 -23 -22 -25 -24 -6 28 -28 -30
right_child=-2 2 11 -5 6 7 -8 8 19 -11 -12 -13 13 -15 15 17 -18 -19 -20 -21 21 22 25 24 -26 -27 27 -29 29 -31
leaf_value=-0.021236000298683867 0.036661247728160359 0.0087587308362915145 0.034858839892177806 -0.015974467226346961 -0.0043476113958977004 -0.014500855571217953 -0.023895064223014618 0.0059214914144632754 -0.015390082465075573 0.0070159174394904492 -0.016323137109555897 0.013819586870161493 0.0081876894180842562 -0.0089836391864263881 -0.01451403662883217 -0.0083116739255499686 0.0075623799912904301 0.052295253410810316 0.05664965528265678 0.0051794451935121876 -0.0011546478810340304 -0.010333666646585329 0.012939390330541759 0.019059099314136956 0.0042580375277428651 -0.003160163621466705 -0.013735027374221099 -0.00049719762813941668 0.046845512270320355 0.012571005142828702
leaf_weight=2904.9018607065082 2082.3582637272775 986.5222644098103 1490.894209658727 4004.4405752271414 21033.895303640515 3548.2221361324191 1018.542157324031 220.29593360424042 3687.9180813971907 9727.7115700356662 1517.6321704760194 1785.963360786438 2082.2610663585365 4750.2294573113322 1626.8751308321953 177.9039032459259 4761.3400510810316 250.54342269897461 374.59768548607826 1084.6842523925006 5395.855018241331 4620.7685901839286 2713.6095222793519 4948.21182795614 7189.3874709326774 3872.8839368168265 527.77945845574141 35647.541976228356 512.22802773118019 2838.588659748435
leaf_count=20054 65958 4878 45167 22013 104304 19488 5314 1020 19111 52967 6766 31462 10267 23981 7218 761 22464 1053 1709 5902 28160 26159 13919 29708 35507 19397 2522 160930 2348 13613
internal_value=7.77109e-05 -0.000485592 0.00830558 -0.00162378 -0.00112734 -0.00562642 0.000141437 -0.00361606 -0.00158446 0.00426036 -0.00644248 0.0233997 0.00147537 -0.00375009 0.00629243 -0.00581597 0.0109389 0.0271687 0.0379059 -0.0107151 0.000415856 0.00326482 -0.00221948 0.00677027 0.0102932 0.00347375 -0.000936242 0.000879187 0.0135262 0.0178228
internal_weight=137385 135302 15508.7 119794 115789 25469.8 90319.3 22564.9 19016.6 12231.9 2504.15 3276.86 14244 6832.49 7411.56 2055.32 5356.23 428.447 594.894 4772.6 89300.7 28740.7 11207.3 17533.5 12137.6 6586.49 60560 39526.1 3878.6 3350.82
internal_count=804120 738162 141240 596922 574909 133028 441881 112974 93486 64611 11644 76629 68473 34248 34225 9032 25193 1814 2729 25013 436567 152850 59475 93375 65215 33316 283717 179413 18483 15961
is_linear=0
shrinkage=0.05


Tree=69
num_leaves=31
num_cat=0
split_feature=1 17 18 12 17 20 21 24 5 13 11 20 20 11 21 20 20 17 18 21 11 21 12 11 23 12 23 11 11 21
split_gain=1123.35 588.42 406.287 426.069 318.142 288.153 266.873 258.41 221.244 210.079 190.279 187.195 182.67 177.679 175.501 307.977 197.272 421.918 349.26 295.859 282.992 276.186 178.391 207.102 159.367 157.44 156.523 153.899 150.327 148.978
threshold=35.003659486770637 168.56278228759768 182.33635711669925 2.1965944272445825 157.66176605224612 -3.4393386840820308 0.0095684877600000027 5.5000000000000009 8.5000000000000018 -28.927935623658971 19.299244392351842 5.3230590820312509 32.702941894531257 67.867619931397982 -1.6777381999999998 32.702941894531257 63.469665527343757 172.66364288330081 169.52228546142581 -1.2226113499999998 10.389228504554778 -0.76345792499999987 5.3374613003095988 15.793902891665141 0.6373728500000001 7.1377708978328185 0.63108661500000018 32.768276243663799 14.008156353618409 0.54695698500000012
decision_type=2 2 2 2 2 2 2 10 2 2 2 2 2 2 2 2 2 2 2 2 2 2 2 2 2 2 2 2 2 2
left_child=2 -2 3 4 -1 -4 24 8 10 -5 -6 -3 -10 -14 15 -11 17 19 22 -16 26 -20 -18 -24 -7 -25 -19 -17 -8 -22
right_child=1 11 5 9 7 6 28 -9 12 14 -12 -13 13 -15 16 27 18 20 21 -21 29 -23 23 25 -26 -27 -28 -29 -30 -31
leaf_value=0.042541939247557552 0.047659316069171807 -0.0053203600490910642 -0.015093631574800627 -0.0045199390445826411 0.016942093037223802 -0.0088947554393164451 0.013939566181926481 -0.011343548326749836 0.028925047839275471 0.0010851158909309273 5.3942203265002208e-05 0.018006399687248827 0.01640207077526222 5.4126113285709396e-05 -0.016749487311198793 0.048108221062500567 -0.002912888128911668 0.03865009926326915 0.019451537902800364 0.022171411741841219 0.0037455249065674943 -0.00075978166277585271 -0.007311427397172077 -0.01796068823379891 0.004878402587224163 -0.044983871153767035 -0.027273405932351776 -0.0089052172971507432 -0.010614110197656547 -0.0075817606093986538
leaf_weight=601.3545456957072 1558.9644666425884 1155.7439819779247 6706.2211285941303 28185.110372202471 2012.3380756825209 2706.5182305648923 664.15620735660195 2018.0813795663416 1570.7394024189562 1602.6087402757257 9720.7181470971555 3356.2489243298769 4282.3938054591417 2715.9273892715573 558.22275774739683 697.40116985142231 5268.1187982801348 96.464248016476631 2069.9089778698981 3859.5592987500131 16409.8060771171 9195.2918370962143 3249.3736722338945 1722.1218031626195 9363.27129618451 785.35574253089726 1201.1775677911937 142.17740862444043 9956.219708699733 3525.5555669404566
leaf_count=7094 75371 8787 41541 138746 9001 12537 2805 10352 9889 8142 48679 43830 26311 17435 3979 3893 28928 422 9323 29994 77418 40349 14524 8498 44749 4050 5552 1006 51924 17993
internal_value=0.000162654 0.0211867 -0.000812667 0.000686601 0.00668436 -0.00598867 -0.0032971 0.00571642 0.00741269 -0.00106325 0.00295163 0.0120314 0.0135199 0.0100586 0.000870523 0.0139424 0.000204344 0.00319418 -0.00323625 0.0172508 0.000268866 0.00295532 -0.00956242 -0.0156459 0.00178944 -0.0264391 -0.0223468 0.0384542 -0.00907745 0.00174202
internal_weight=136957 6070.96 130886 101490 22921.6 29396.4 22690.2 22320.2 20302.1 78568.3 11733.1 4511.99 8569.06 6998.32 50383.1 2442.19 47941 25650.8 22290.2 4417.78 21233 11265.2 11025 5756.85 12069.8 2507.48 1297.64 839.579 10620.4 19935.4
internal_count=803122 127988 675134 521578 128761 153556 112015 121667 111315 392817 57680 52617 53635 43746 254071 13041 241030 135358 105672 33973 101385 49672 56000 27072 57286 12548 5974 4899 54729 95411
is_linear=0
shrinkage=0.05


Tree=70
num_leaves=31
num_cat=0
split_feature=1 19 18 12 20 17 11 18 25 20 17 20 18 11 11 12 25 11 20 4 23 23 12 12 11 18 23 23 20 11
split_gain=1003.05 446.196 406.444 348.708 452.147 341.341 266.998 268.442 218.673 233.504 346.915 216.167 313.929 222.348 205.673 219.221 205.104 196.425 162.909 159.076 158.587 147.568 285.061 141.143 139.377 136.697 128.636 125.021 134.796 121.4
threshold=45.359429240226753 0.57352942228317272 164.45683288574222 4.3854489164086692 -4.4447250366210929 157.66176605224612 15.793902891665141 189.99815368652347 21.65932177305222 59.123107910156257 179.44565582275393 75.866523742675795 163.92513275146487 68.440097592586525 22.724912485540287 1.7647058823529413 26.426528140902523 54.902615672167705 81.246215820312514 40.194611735641963 1.4620874500000001 0.79899701500000009 1.4659442724458207 3.0510835913312699 29.290478826860898 188.54431152343753 0.86293548500000006 1.3568360000000002 51.42878723144532 27.905007794280266
decision_type=2 2 2 2 2 2 2 2 2 2 2 2 2 2 2 2 2 2 2 2 2 2 2 2 2 2 2 2 2 2
left_child=1 3 -2 4 21 -6 -3 18 24 16 20 12 27 19 -13 -16 26 -18 -8 -14 -11 22 -1 -21 -5 -23 -10 28 -7 -22
right_child=2 6 -4 8 5 11 7 -9 9 10 -12 14 13 -15 15 -17 17 -19 -20 23 29 25 -24 -25 -26 -27 -28 -29 -30 -31
leaf_value=0.0066719426043822805 0.048678557913374276 0.0052018618328143525 0.013792908659828513 -0.002732219655578543 0.0312755150760992 0.040934970947317691 -0.0055549019114021631 -0.019924533309854275 0.0090978148353883983 -0.017985059066218816 0.0053659616691927687 0.028688185796706085 -0.0026627928028375245 -0.0012420548722010488 0.010005461255084884 -0.0072857913363686307 0.016840367125015639 -0.0069601670347686859 0.0045352615708688137 0.016149151919077686 0.0098101754775770447 -5.6699196796788596e-05 -0.031607187668925368 0.0058571615206647444 -0.014441732672614949 -0.028706653745709989 -0.0046276779731925146 0.0096646160819621497 0.013934270654139345 -0.028206208826675218
leaf_weight=771.69016667455435 1255.5444093365222 6598.9794682301581 2492.0593707282096 5355.2092127930373 1387.8251989576966 1242.0527611356229 40176.415068937466 3031.3548777997494 2477.06141811423 4377.7442384772003 4313.3400171212852 568.651432428509 2265.9259083159268 6750.4619563315064 2575.0125822201371 6354.5586171112955 4434.3304177001119 1076.8901510052383 4441.8268429674208 7620.1391172986478 1020.5824789162725 5850.5805329848081 1312.9666573107243 5920.9463753011078 4836.3426058441401 447.24091351404786 5485.5838126130402 1070.7769602444023 738.2048212364316 263.34059816412628
leaf_count=3710 66074 30602 31770 23809 17388 11415 209212 16983 12237 22643 19144 2713 10367 38911 17094 31788 27654 6086 21276 41340 5391 27883 6841 28132 23749 2655 28339 9083 6453 1753
internal_value=-1.60794e-05 -0.00073624 0.0254904 0.00167311 0.004558 0.00696329 -0.00422341 -0.0055288 -0.00217542 0.000482287 -0.00531631 0.00600132 0.0083907 0.0063541 -0.000440964 -0.00229897 0.00477519 0.0121893 -0.00455033 0.00959794 -0.0134541 -0.00591338 -0.0174408 0.0116497 -0.00828977 -0.00209552 -0.000357273 0.0234411 0.0308817 0.0019969
internal_weight=136514 132766 3747.6 78517.5 44877 36494.6 54248.6 47649.6 33640.4 23448.9 9975.01 35106.7 25608.5 22557.5 9498.22 8929.57 13473.9 5511.22 44618.2 15807 5661.67 8382.48 2084.66 13541.1 10191.6 6297.82 7962.65 3051.03 1980.26 1283.92
internal_count=802495 704651 97844 426578 255773 214684 278073 247471 170805 123247 48931 197296 145701 118750 51595 48882 74316 33740 230488 79839 29787 41089 10551 69472 47558 30538 40576 26951 17868 7144
is_linear=0
shrinkage=0.05


Tree=71
num_leaves=31
num_cat=0
split_feature=1 17 18 0 1 0 11 20 24 11 17 14 20 11 14 11 25 24 14 11 25 11 18 14 11 24 3 19 14 11
split_gain=928.066 391.602 385.725 326.106 272.813 270.065 189.566 175.801 166.055 179.154 156.671 151.019 150.815 278.173 262.19 266.112 221.299 196.017 191.824 244.468 196.119 186.785 157.006 155.53 188.947 154.434 150.509 142.283 143.759 131.482
threshold=45.359429240226753 169.697135925293 185.39170837402347 2.8965305089950566 21.318968534469608 21.178570747375492 88.744555543150895 -8.318016052246092 3.5000000000000004 48.929337142444808 217.55000305175784 262.50000000000006 5.3230590820312509 52.834792444292155 233.50000000000003 20.631915132800589 23.482144188880927 1.5000000000000002 254.50000000000003 41.848222688509402 23.751822867989542 25.230167303280474 169.79144287109378 267.50000000000006 52.327960417574225 2.5000000000000004 169.95429773628715 0.60294118523597728 217.50000000000003 57.337247666997996
decision_type=2 2 2 2 2 2 2 2 10 2 2 2 2 2 2 2 2 8 2 2 2 2 2 2 2 8 2 2 2 2
left_child=2 -2 3 6 -5 -6 8 -4 12 11 -9 -10 13 22 16 26 17 -14 20 21 -17 -20 -1 -21 -25 -15 -16 -18 -29 -11
right_child=1 -3 7 4 5 -7 -8 10 9 29 -12 -13 14 25 15 18 27 -19 19 23 -22 -23 -24 24 -26 -27 -28 28 -30 -31
leaf_value=0.0089144043217779575 0.049045833905226294 0.013813118514890244 -0.017636473995696875 0.0029851195212119968 0.025265222688247258 -0.00051440995431209665 -0.010681002824529055 -0.0033556502903757898 -0.0033962961147647203 -0.020384348489548836 -0.021445490182308194 0.0087081917074424021 -0.0098931547130160641 -0.00052866214849405218 0.0083780766844896506 -0.017194441686453506 0.013750359265636043 0.0043565892910360331 0.012761435254838581 0.024827304278442583 -0.0018496499022481504 -0.010177713440052732 -0.0039988371077127874 -0.032701712120450505 0.019788918214819009 -0.028381023114935917 -0.036967581753205421 -0.0055891177413518525 0.016380887392643442 -0.0059028233404144056
leaf_weight=3210.9302906412631 1144.1630911566317 2537.5028266888112 3505.5533825308084 18799.820800280198 3028.5163145568222 1528.3995333891362 4762.8903047628701 12446.44385911338 14057.688248554245 2316.1846732441336 1323.3329466208816 3154.0840101242065 3052.5338391475379 729.21920764818788 5959.7740538734943 4707.0705038532615 8986.3109637573361 11510.282569946721 1136.6362956613302 1385.5321299172938 3734.0039345212281 4034.6811755113304 8810.4416783116758 315.0735458098352 373.69305870868266 1566.7613883111626 187.81270753964782 2246.8664305470884 1112.3950474373996 4848.0095763765275
leaf_count=15562 64986 32956 23217 101641 50183 14764 25754 63293 69955 12780 6773 13754 13318 3665 25861 21113 45732 52435 4885 6424 18107 17572 42775 1451 1997 9455 980 10607 4990 26949
internal_value=1.34572e-05 0.0247728 -0.000672978 0.000368827 0.00564598 0.0166205 -0.000968081 -0.00764129 -0.000438874 -0.00394346 -0.00509559 -0.00117775 0.000915871 -0.00359565 0.0022411 -0.00182983 0.00554433 0.0013692 -0.00528534 0.000682573 -0.0104075 -0.00513428 -0.000549232 0.0151797 -0.00423531 -0.019539 0.00698695 0.0104688 0.0016888 -0.0105869
internal_weight=136513 3681.67 132831 115556 23356.7 4556.92 92198.9 17275.3 87436 24376 13769.8 17211.8 63060 14317.4 48742.7 21834.3 26908.4 14562.8 15686.7 7245.62 8441.07 5171.32 12021.4 2074.3 688.767 2295.98 6147.59 12345.6 3359.26 7164.19
internal_count=803934 97942 705992 612709 166588 64947 446121 93283 420367 123438 70066 83709 296929 71457 225472 98390 127082 65753 71549 32329 39220 22457 58337 9872 3448 13120 26841 61329 15597 39729
is_linear=0
shrinkage=0.05


Tree=72
num_leaves=31
num_cat=0
split_feature=15 1 16 9 22 0 1 5 14 21 21 11 25 14 17 14 21 23 11 25 11 21 22 11 21 11 14 22 5 11
split_gain=899.91 416.993 319.156 315.263 239.005 235.317 220.705 207.798 254.75 354.861 243.328 272.444 272.308 229.237 221.972 216.753 524.364 255.844 372.419 216.39 180.264 167.512 160.554 156.722 207.169 466.192 285.7 270.5 228.847 224.146
threshold=18.030252456665043 31.174995422363285 0.83823528885841381 1.0000000180025095e-35 0.055660221750000009 2.4865337610244755 26.830171108245853 3.5000000000000004 236.50000000000003 -0.89375877499999989 -0.81418859999999993 29.290478826860898 22.490291622281077 196.50000000000003 182.42893218994143 260.50000000000006 0.86721292000000016 1.5077936500000002 46.940019882973239 21.276421880722051 43.720096607660828 1.5450766500000002 -0.047694848849999992 30.010807182985843 0.25288889000000009 40.001929172009973 203.50000000000003 1.6775100000000001 7.5000000000000009 91.238301613520932
decision_type=2 2 2 2 2 2 2 2 2 2 2 2 2 2 2 2 2 2 2 2 2 2 2 2 2 2 2 2 2 2
left_child=1 2 4 5 7 -3 -2 20 10 -10 12 13 -9 14 -12 19 -17 -18 -19 -11 21 -1 -15 -6 29 26 -26 28 -27 -25
right_child=6 3 -4 -5 23 -7 -8 8 9 15 11 -13 -14 22 -16 16 17 18 -20 -21 -22 -23 -24 24 25 27 -28 -29 -30 -31
leaf_value=0.00057359115438224259 0.017663016870173281 0.0019327450896747006 -0.0072571021422942793 0.0034444724232322028 0.00078278400310465934 0.036854941972222145 0.049436228234368579 -0.010715791921713343 0.018319597167736314 -0.018645814779848658 0.028862081668336148 0.0068862394810518604 0.0068692770807308083 0.038602315216955875 -0.0095324357481076788 -0.0037359694394855699 0.049544053047916536 -0.033214592771026077 0.052279173622909174 -0.0031933438953328647 -0.012081129350304164 -0.046542863461646065 -0.037447393208053348 0.00053656280017405904 0.0076814797967240216 -0.012382152561460844 -0.037718932429646031 -0.045860259769115737 0.0027974090835527722 -0.028782686978603422
leaf_weight=13109.795744713396 1250.8920783605427 681.37578075565398 18127.457937959582 3915.7268132679164 16479.135945957154 1651.6736929547042 972.17084264755249 3782.2068111468107 2130.9398402292281 2998.6446530967951 711.05205484479666 17407.02736518532 5264.4566858559847 1623.3677496481687 797.91497801244259 4196.964186007157 820.55800692550838 287.2816162314266 227.23308352939785 9260.5204572733492 4112.3818983584642 190.39655348658562 71.734613442793489 12361.564224051312 419.39958801865578 4391.9054193347692 1984.9192778300494 396.36471526697278 5710.0830137562007 687.16368741169572
leaf_count=61377 15514 8830 98312 22753 76094 57378 56398 17746 11031 13985 3740 88609 26788 7444 3649 20100 3735 1283 1299 45304 20496 931 313 64616 2236 25384 9900 2629 30929 4120
internal_value=2.98189e-05 -0.000494513 -0.00111238 0.0121155 -9.43583e-05 0.026661 0.0315738 0.00176534 0.0034156 -0.000957341 0.006353 0.00935335 -0.000483017 0.0227503 0.00856688 -0.00326713 0.00494783 0.0322288 0.00457151 -0.0069743 -0.00293347 -0.000104345 0.0353638 -0.00303057 -0.00545198 -0.00994431 -0.0297996 -0.00539468 -0.00380258 -0.00100952
internal_weight=136022 133799 127550 6248.78 109423 2333.05 2223.06 66992.5 49579.9 19922.1 29657.8 20611.1 9046.66 3204.07 1508.97 17791.2 5532.04 1335.07 514.515 12259.2 17412.6 13300.2 1695.1 42430.5 25951.4 12902.7 2404.32 10498.4 10102 13048.7
internal_count=802923 731011 642050 88961 543738 66208 71912 327830 245026 96737 148289 103755 44534 15146 7389 85706 26417 6317 2582 59289 82804 62308 7757 215908 139814 71078 12136 58942 56313 68736
is_linear=0
shrinkage=0.05


Tree=73
num_leaves=31
num_cat=0
split_feature=15 1 5 17 6 16 7 6 14 20 17 21 18 19 21 17 5 20 19 14 21 14 21 23 14 21 18 21 13 23
split_gain=910.194 417.083 450.255 315.139 249.638 205.809 158.352 137.735 136.993 327.498 273.56 253.75 249.34 202.371 261.948 190.687 182.806 234.285 202.351 170.422 166.937 161.822 148.248 185.527 192.311 151.865 147.012 135.858 189.745 183.255
threshold=21.682642936706547 24.975162938237194 8.5000000000000018 213.25555419921878 1.0000000180025095e-35 0.83823528885841381 1.0000000180025095e-35 1.5000000000000002 261.50000000000006 85.693748474121108 179.34230804443362 -1.5734585999999997 156.69117736816409 0.57352942228317272 -0.094839982699999978 189.62625885009768 3.5000000000000004 55.850708007812507 0.22058823704719546 224.50000000000003 -1.2603949499999998 156.50000000000003 -0.48358499999999999 0.75663212000000013 265.50000000000006 0.43916224000000009 179.01704406738284 -0.70725798499999992 -62.591906146333763 1.6436854000000001
decision_type=2 2 2 2 2 2 2 2 2 2 2 2 2 2 2 2 2 2 2 2 2 2 2 2 2 2 2 2 2 2
left_child=1 3 7 5 6 8 -4 -3 9 12 -11 -10 -1 16 15 -15 -14 18 20 -17 -18 -16 23 24 -13 -24 -23 -20 -29 -30
right_child=-2 2 4 -5 -6 -7 -8 -9 11 10 -12 22 13 14 21 19 17 -19 27 -21 -22 26 25 -25 -26 -27 -28 28 29 -31
leaf_value=0.036119477138496406 0.038422056365423209 0.0035101891657488235 0.015567376222230703 -0.018810337405649132 0.0058017483137752556 -0.0059698343229877427 0.040852004212736305 -0.018872013361316275 0.031761517492179217 -0.019104877149683282 0.0090363595284399158 -0.084044291579236458 -0.0035274626795061808 -0.0074234229714122803 0.017341284499709675 -0.00035403530600166747 -0.0090590243065697806 -0.0018606545876564723 -0.0012454519226487463 0.011548802072623985 0.024610136305217412 -0.0039981894796765052 0.013382419774652963 -0.0013408130826757427 -0.014560341781457209 0.0006151063382866793 -0.013850215373400919 -0.0046899935479440304 0.011220410699519262 -0.0066439415023843498
leaf_weight=475.72306999750435 1526.7203730698675 4394.67757988628 994.72014889493585 2475.3175031393766 1500.2796787265688 16608.869124580175 1647.4872947148979 813.75693583488464 818.28877322748303 3977.769948605448 1102.3383004814386 144.15000037103891 12615.188930939883 4868.4479818716645 610.14000732451677 7839.1049848981202 439.88344196416438 14233.966769780964 7036.0003679729998 4877.771191816777 2242.5414396505803 7606.9048484265804 3943.0131718404591 2067.8312746286392 318.97439523041248 5688.796146094799 7540.7784547246993 2913.6184906922281 13151.34916004166 1610.78277024813
leaf_count=4644 59701 38958 7684 13685 12786 89397 60627 3610 4598 19582 4869 597 60005 22387 2817 38763 2703 69112 32869 22142 15514 38015 17664 9505 1420 25179 40158 14407 63074 8320
internal_value=4.57167e-05 -0.000389989 0.00979567 -0.00115076 0.0220961 -0.000794444 0.0313425 1.02806e-05 1.55801e-05 -0.000655085 -0.0129979 0.00482745 5.70832e-05 -0.000139199 -0.00320461 0.00099056 0.00174512 0.00334299 0.00604677 0.00421205 0.0190875 -0.00788607 0.00301291 -0.00775364 -0.0363221 0.00584256 -0.00890329 0.0046305 0.00696942 0.00927081
internal_weight=136085 134558 9350.92 125208 4142.49 122732 2642.21 5208.43 106123 93142.3 5080.11 12981.1 88062.2 87586.5 33343.1 17585.3 54243.3 41628.1 27394.2 12716.9 2682.42 15757.8 12162.8 2530.96 463.124 9631.81 15147.7 24711.8 17675.8 14762.1
internal_count=804792 745091 123665 621426 81097 607741 68311 42568 518344 459381 24451 58963 434930 430286 164282 83292 266004 205999 136887 60905 18217 80990 54365 11522 2017 42843 78173 118670 85801 71394
is_linear=0
shrinkage=0.05


Tree=74
num_leaves=31
num_cat=0
split_feature=15 12 20 0 11 11 12 14 11 21 9 11 25 14 3 21 11 18 12 21 4 12 4 14 21 14 11 12 11 12
split_gain=811.052 433.043 358.159 393.001 310.005 256.377 293.451 478.291 327.042 281.259 230.826 221.289 209.629 382.662 205.3 247.311 217.479 199.4 185.332 307.515 309.797 228.763 178.976 178.751 228.481 200.371 184.288 175.049 171.804 171.317
threshold=24.162032127380375 0.65944272445820451 -3.9687194824218746 6.1346659660339364 51.88454376086132 88.744555543150895 3.0789473684210531 206.50000000000003 28.125387869683031 1.5744800000000003 1.0000000180025095e-35 67.867619931397982 21.65932177305222 262.50000000000006 29.16982509940863 0.18159368500000003 70.183957243874545 180.2159118652344 1.2368421052631582 -0.071224827349999978 124.94380021095277 2.8746130030959756 87.171183388680234 249.50000000000003 1.4200350000000002 247.50000000000003 38.354455597295022 5.1625386996904039 26.064441246721586 6.0541795665634686
decision_type=2 2 2 2 2 2 2 2 2 2 2 2 2 2 2 2 2 2 2 2 2 2 2 2 2 2 2 2 2 2
left_child=1 -1 4 5 17 6 7 -4 -9 12 -5 18 13 27 15 16 -14 -3 -10 -20 21 23 -17 24 25 26 -21 -8 -29 -7
right_child=-2 2 3 10 -6 29 9 8 11 -11 -12 -13 14 -15 -16 22 -18 -19 19 20 -22 -23 -24 -25 -26 -27 -28 28 -30 -31
leaf_value=0.018019917172286265 0.040389688361460098 0.00015973512281032936 0.015557610841335712 0.022197172094737434 -0.020860509631007162 -0.012184237797910155 -0.0028190103091133827 0.030847737571804743 0.01554032397715794 -0.028237776627454188 0.0052032063196966044 -0.011180622666077392 0.0049174776435396321 0.01381623228586136 -0.0035866480330667815 -0.0088988691810291762 0.027589656386097772 -0.011177580604191717 0.0082572506784186362 -0.048759087883107767 0.0055723133305686894 0.013545602838879987 0.0082539232532644318 -0.032735956386971306 0.056750349801177158 0.049676934698519151 -0.011228482615139361 -0.0059152408478028561 -0.019445888516170892 0.04245954933048858
leaf_weight=3111.6238459898159 1228.055725608021 10055.541945939884 6939.3467708854005 2558.2254213541746 3371.8945182245225 5799.0202358877286 7657.5219098702073 844.52968344092369 2123.2482160655782 999.91051435749978 9119.4899461101741 4144.2645370168611 17603.088852755725 2178.5372575744987 19544.340511473827 5704.03381819278 1124.4236254543066 6312.2923647165298 5896.3854425568134 393.27931247279048 3023.6075423397124 611.83364219404757 2072.6209909170866 1529.1873378697783 117.31705550476909 115.22752937301993 1925.9642482325435 4481.4291951861233 4925.359226455912 146.11503698304296
leaf_count=25610 53044 48005 37789 72168 23467 32808 35358 3949 11899 5099 50342 22325 81926 9373 96839 29959 5598 37090 29592 1798 15771 2765 9460 6857 575 537 9033 20158 23868 853
internal_value=-4.29784e-05 -0.000412641 -0.00084954 0.000248796 -0.00705755 -0.000765783 -0.000128576 0.00419693 0.000392439 -0.0019337 0.00892764 -0.00090281 -0.00153044 -0.00591298 0.000301038 0.00316787 0.00628014 -0.00421294 0.00180451 -0.000338915 -0.00690777 -0.0149482 -0.00432686 -0.0192224 -0.0111146 -0.014407 -0.0176109 -0.0084324 -0.0130012 -0.0108343
internal_weight=135658 134430 131318 111578 19739.7 99900.6 93955.5 27664.2 20724.8 66291.3 11677.7 19880.3 65291.4 19242.8 46048.5 26504.2 18727.5 16367.8 15736.1 13612.8 7716.42 4692.81 7776.65 4080.98 2551.79 2434.47 2319.24 17064.3 9406.79 5945.14
internal_count=803915 750871 725261 616699 108562 494189 460528 142890 105101 317638 122510 101152 312539 88757 223782 126943 87524 85095 78827 66928 37336 21565 39419 18800 11943 11368 10831 79384 44026 33661
is_linear=0
shrinkage=0.05


Tree=75
num_leaves=31
num_cat=0
split_feature=15 22 20 23 23 22 9 14 21 14 14 23 21 23 14 22 19 21 4 21 16 14 21 23 25 4 14 21 22 21
split_gain=755.271 360.909 586.786 268.197 317.126 418.921 254.83 274.93 545.45 384.921 311.243 303.384 258.943 338.234 255.179 407.851 250.352 248.646 244.908 307.782 242.829 215.805 279.2 304.119 205.46 191.481 185.297 228.029 393.508 287.58
threshold=24.162032127380375 -0.17849789999999996 -2.4217987060546871 0.79899701500000009 1.7646245500000002 -1.52295315 1.0000000180025095e-35 236.50000000000003 -0.78959470999999992 223.50000000000003 239.50000000000003 1.5707905000000002 -1.1594290499999997 1.7749508000000003 269.50000000000006 -0.43459500499999998 0.48529411852359777 0.36153364000000004 160.19815167784694 0.21633074500000002 0.83823528885841381 161.50000000000003 -1.1820513499999998 2.2303354500000006 21.276421880722051 93.541083924472346 261.50000000000006 0.40264956500000004 0.32628046000000005 -0.24765999499999997
decision_type=2 2 2 2 2 2 2 2 2 2 2 2 2 2 2 2 2 2 2 2 2 2 2 2 2 2 2 2 2 2
left_child=1 2 3 -1 5 17 -4 9 10 16 11 -9 -11 24 18 -16 -8 -5 -10 -20 21 22 23 -3 -14 -12 -23 29 -29 -28
right_child=-2 20 6 4 -6 -7 7 8 14 12 25 -13 13 -15 15 -17 -18 -19 19 -21 -22 26 -24 -25 -26 -27 27 28 -30 -31
leaf_value=-0.020645726649917494 0.039675764737948954 -0.031526463896667474 0.015555226849681487 0.08271836548138338 -0.018426410763610828 -0.0010071203839303801 0.0098706518700628579 -0.061005627698779652 -0.010699183864538969 -0.004085152896325067 0.036027184513354391 0.020893334576977129 0.0074783224085327839 -0.036591378181785011 -0.0042871274939698381 0.053993160537592469 -0.00044450205019249837 -0.0086566809747902224 -0.012676234009493931 0.017826312891229101 -0.011046406759317885 -0.0040621307530407085 0.017080821921745516 0.0234021501979687 0.030285509503289273 0.0077820898374750917 0.0014925044734114467 0.01228590375725061 -0.016384709007459607 0.026881360262325262
leaf_weight=2833.0269171316177 1190.521050048992 718.20736301876605 4799.8097967831418 242.58015750534832 2680.5620837174356 8178.4384758453816 9517.9815829861909 224.6790579855442 10858.867113728076 1184.0627873428166 1548.0268872082233 225.8711764216423 1331.0311789810658 236.82919146120548 866.79501668736339 458.12807156890631 15395.994749180973 106.96878213435411 1448.93402986601 1924.0999936945736 8149.3464148472995 43468.458218921907 3014.6420056438074 387.0222072340548 3833.6441792994738 980.54502737149596 2820.1214263513684 2114.720181577839 2754.5779253207147 1844.211769355461
leaf_count=15467 53040 3543 71617 1168 13681 42838 48828 1053 47676 5828 7573 1100 5884 1216 3949 2045 69310 508 7288 9261 49115 251272 16990 1936 17979 5336 14420 11327 13437 9252
internal_value=4.33584e-05 -0.000308659 0.00221597 -0.00690371 -0.0034288 0.00128693 0.00455132 0.00349545 -0.00133607 0.00633851 0.0182603 -0.0199925 0.0170881 0.0217294 -0.00508969 0.0158904 0.00349647 0.0548109 -0.00704382 0.00472364 -0.00297275 -0.00182074 0.009201 -0.0122881 0.0244103 0.0250815 -0.00267762 0.00363481 -0.00393319 0.0115345
internal_weight=135339 134148 68876.9 14041.6 11208.5 8527.99 54835.3 50035.5 18535.9 31499.5 2979.12 450.55 6585.57 5401.5 15556.8 1324.92 24914 349.549 14231.9 3373.03 65271.3 57122 4119.87 1105.23 5164.68 2528.57 53002.1 9533.63 4869.3 4664.33
internal_count=803937 750897 379605 73662 58195 44514 305943 234326 85281 149045 15062 2153 30907 25079 70219 5994 118138 1676 64225 16549 371292 322177 22469 5479 23863 12909 299708 48436 24764 23672
is_linear=0
shrinkage=0.05


Tree=76
num_leaves=31
num_cat=0
split_feature=16 6 9 22 20 14 14 22 23 23 22 21 21 14 21 13 21 14 14 22 22 13 21 22 11 21 11 23 25 14
split_gain=717.121 347.368 314.546 223.968 294.193 194.105 212.164 217.575 180.767 209.219 315.089 180.03 323.312 261.872 312.9 372.002 273.94 370.103 232.954 197.398 191.754 187.059 184.716 174.697 171.487 170.534 168.768 164.161 161.476 321.442
threshold=0.1911764740943909 1.0000000180025095e-35 1.0000000180025095e-35 0.16082139000000004 -0.44994354248046869 163.50000000000003 248.50000000000003 1.2982029000000002 0.79899701500000009 1.7272303000000002 -1.52295315 0.50852495500000006 0.70677247500000007 262.50000000000006 -0.54046523499999999 -24.974369790762566 -0.43871623499999995 269.50000000000006 253.50000000000003 0.43984303000000008 0.81843450500000003 -58.495258846369218 0.7559146550000001 1.5679100000000001 8.0752066537030007 0.36153364000000004 8.531781322423706 0.69593900500000017 21.65932177305222 260.50000000000006
decision_type=2 2 2 2 2 2 2 2 2 2 2 2 2 2 2 2 2 2 2 2 2 2 2 2 2 2 2 2 2 2
left_child=-1 2 -2 4 8 -5 23 11 -3 10 25 13 -13 14 18 19 -15 -18 -8 -16 -20 -14 -23 -7 -9 -10 -24 -21 29 -6
right_child=1 3 -4 5 28 6 7 24 9 -11 -12 12 21 16 15 -17 17 -19 20 27 -22 22 26 -25 -26 -27 -28 -29 -30 -31
leaf_value=0.03388292426800469 0.015709407492408654 -0.016824645697442749 0.0020680008224442216 0.0078818098081519759 -0.005141088262694213 -0.0074653864397297171 -0.013298188234037493 0.00062775798821627254 0.080394978766127029 -0.0154401481884591 -0.0011691519599304817 -0.047479301297292248 0.040473469934422947 -0.00079648204840493853 -0.055145506194742101 -0.044021873050164272 0.049105023664438516 -0.016536378582065848 0.050932698218248786 0.10989153822467108 -0.0012874990899075808 0.036503957078226554 0.018529773769259333 -0.023354508581810395 0.037380009186272059 -0.0056331489794714433 -0.015038570153382315 0.015854378866128296 0.0033491491654151157 0.016583983480486172
leaf_weight=1545.843145949766 5104.8586641801521 3276.7275055907667 24518.306875897571 2714.8838102780282 14430.836299549788 20040.769530164078 612.57705410011113 628.18195298314095 185.41255567222834 2687.529389411211 7647.0691200867295 514.24935983866453 210.01712211966515 1243.1743835620582 77.970697239041328 849.98189289495349 873.51760938391089 284.0704841632396 411.0106235332787 56.266290053725243 306.54121915996075 218.52680889889598 427.42045353353024 1892.7101736925542 640.62237073481083 83.189101949334145 2976.6066839396954 247.38818794488907 38595.982801575214 1929.3854541629553
leaf_count=62554 105048 18458 122924 13954 64087 113353 2642 2994 863 13997 40083 2309 970 5309 328 3684 3714 1251 1694 241 1305 950 1794 12044 2772 389 13688 1111 181208 8503
internal_value=3.39878e-05 -0.000357667 0.00441923 -0.00171752 -5.81384e-05 -0.00496002 -0.00603259 -0.000216374 -0.00656204 -0.00338929 0.000703658 -0.00286434 -0.0102925 0.003643 -0.0074749 -0.025625 0.0155045 0.0329963 0.00933748 0.0153577 0.0286533 -0.00529173 -0.0079554 -0.00883751 0.0191989 0.053829 -0.0108194 0.0335827 0.0015846 -0.00257816
internal_weight=135232 133686 29623.2 104063 68836.1 35226.5 32511.6 10578.1 13879.9 10603.2 7915.67 9309.32 4346.82 4962.5 2561.74 1231.61 2400.76 1157.59 1330.13 381.625 717.552 3832.57 3622.55 21933.5 1268.8 268.602 3404.03 303.654 54956.2 16360.2
internal_count=804221 741667 227972 513695 327588 186107 172153 46756 73790 55332 41335 40990 19711 21279 11005 5364 10274 4965 5641 1680 2999 17402 16432 125397 5766 1252 15482 1352 253798 72590
is_linear=0
shrinkage=0.05


Tree=77
num_leaves=31
num_cat=0
split_feature=15 12 22 20 23 23 22 0 14 21 12 14 11 12 24 21 23 14 14 11 21 14 21 14 19 12 21 14 21 23
split_gain=688.483 393.531 363.354 424.883 324.943 296.792 322.645 294.151 291.716 445.504 413.693 390.997 289.078 297.352 515.51 257.455 325.602 256.221 255.175 354.709 320.149 253.321 251.998 262.667 242.18 234.07 232.916 229.169 220.641 213.028
threshold=21.682642936706547 0.65944272445820451 -0.17849789999999996 -3.4393386840820308 0.79899701500000009 1.7646245500000002 -1.52295315 6.1346659660339364 236.50000000000003 -0.89375877499999989 2.9891640866873068 222.50000000000003 49.240419371982021 1.9086687306501551 7.5000000000000009 -1.1594290499999997 1.7749508000000003 154.50000000000003 255.50000000000003 6.8989440573627379 1.1001508500000001 230.50000000000003 -0.06070800124999999 161.50000000000003 0.57352942228317272 4.5356037151702795 1.5015317500000001 238.50000000000003 0.36153364000000004 0.93985930000000006
decision_type=2 2 2 2 2 2 2 2 2 2 2 2 2 2 10 2 2 2 2 2 2 2 2 2 2 2 2 2 2 2
left_child=1 -1 3 4 -3 6 28 8 10 27 -5 -12 13 14 -4 21 -17 -8 20 -20 -11 -13 25 29 -14 -19 -22 -10 -6 -24
right_child=-2 2 12 7 5 -7 17 -9 9 18 11 15 24 -15 -16 16 -18 22 19 -21 26 -23 23 -25 -26 -27 -28 -29 -30 -31
leaf_value=0.017332784440273748 0.035460952017435043 -0.022321502064334465 0.023047103211840968 0.014468388684452951 0.075424593666501824 -0.017573877559987013 0.02537831940194098 0.014140681963817577 -0.024031139831356869 -0.0076458592094225137 -0.0017582463194408607 0.00066764599621092378 -0.0036421765983500731 -0.0023635652390982965 -0.023107243123533329 0.024292525254599975 -0.051110293122111516 0.011651638685824127 -0.05899384854402772 0.0042274876698921134 -0.051493701759560688 -0.082496766717425729 0.029214481644204648 -0.0013470557430966363 -0.014229382006716555 -0.015350827022784695 0.0059705649042515801 0.026717991346570675 -0.0079374202956220205 -0.041061110187471071
leaf_weight=3054.0437215371057 1350.5156285949051 2568.7020000386983 2736.023176215589 8832.7687820345163 243.6355341244489 2471.6002705935389 881.32745064795017 5978.5966507261619 255.78447501920164 8239.235864338465 17288.650804977864 812.29872388299555 12670.130833146162 37629.214593360201 775.80028972122818 3353.074693987146 148.63882736489177 2990.6888518314809 228.87252078205347 6367.5198232820258 745.26316898502409 102.19731912761927 119.98455583304167 1430.0017689000815 9415.7843535467982 1095.8426018133759 230.64279541932046 1671.5625798748806 117.23918246105313 1010.9962902646512
leaf_count=25406 59654 14203 15256 46717 1158 12726 4088 62888 1271 39196 81640 3853 86266 191177 4310 15346 697 15244 942 29482 3492 468 627 8104 57887 6076 1268 8795 545 5227
internal_value=-4.63951e-05 -0.000405949 -0.000821492 0.0017388 -0.00640583 -0.00245837 0.00227848 0.0036799 0.00238416 -0.00271535 0.00534639 0.0016337 -0.00354204 -0.00106487 0.0128474 0.01491 0.0210782 6.18599e-05 -0.00548215 0.00202531 -0.0108558 -0.00870615 -0.00329791 -0.0155922 -0.00815621 0.00440868 -0.0379206 0.0199739 0.0483953 -0.0335864
internal_weight=134817 133466 130412 67185.1 12930 10361.3 7889.72 54255.1 48276.5 17738.9 30537.6 21704.9 63227 41141 3511.82 4416.21 3501.71 7528.84 15811.5 6596.39 9215.14 914.496 6647.51 2560.98 22085.9 4086.53 975.906 1927.35 360.875 1130.98
internal_count=804009 744355 718949 364053 67998 53795 41069 296055 233167 84446 148721 102004 354896 210743 19566 20364 16043 39366 74380 30424 43956 4321 35278 13958 144153 21320 4760 10066 1703 5854
is_linear=0
shrinkage=0.05


Tree=78
num_leaves=31
num_cat=0
split_feature=1 17 17 22 20 1 14 21 14 19 22 14 4 4 23 23 22 11 5 11 21 23 11 11 21 14 21 23 14 20
split_gain=697.774 304.709 290.307 268.719 380.338 301.583 214.652 325.6 279.78 255.256 248.094 351.611 256.687 237.716 203.267 241.452 276.681 202.777 256.206 191.752 196.077 240.015 172.04 201.97 169.606 167.993 225.976 183.832 175.697 165.928
threshold=49.798106789588935 213.25555419921878 174.79044342041018 -0.17849789999999996 -2.9402847290039058 14.440095543861391 236.50000000000003 -1.2414231999999996 223.50000000000003 0.1911764740943909 -0.60950839499999987 269.50000000000006 195.66084747016433 96.471147269010558 0.79899701500000009 1.7358680000000002 -1.52295315 49.240419371982021 8.5000000000000018 74.692760363878577 -1.1594290499999997 1.7749508000000003 59.618031340925135 55.569428578272884 0.36153364000000004 172.50000000000003 -1.1820513499999998 2.2303354500000006 155.50000000000003 -15.328430175781248
decision_type=2 2 2 2 2 2 2 2 2 2 2 2 2 2 2 2 2 2 2 2 2 2 2 2 2 2 2 2 2 2
left_child=1 3 -2 4 14 6 8 13 9 -6 12 -12 22 -8 -1 16 24 25 -19 20 -10 -22 23 -9 -16 26 27 28 -5 -28
right_child=2 -3 -4 17 5 -7 7 10 19 -11 11 -13 -14 -15 15 -17 -18 18 -20 -21 21 -23 -24 -25 -26 -27 29 -29 -30 -31
leaf_value=-0.018303977013538416 0.046766615545462339 -0.017734558567699104 0.012855768627940526 -0.042712561415553622 0.023839754657460469 0.012730476330731927 0.049763470470717351 -0.011881571029176009 -0.0042149961909746176 0.0010557972462611749 -0.00058491173181820383 0.038655350635177069 0.011851054684203898 -0.0018937254239210083 0.070722120332670793 -0.016091721300388488 -0.00026898646349616552 -0.011298693000989943 -0.0004945986428752274 -0.013415963072469186 0.02453269962846092 -0.029538776065930028 -0.029116121148162023 0.027201895411353927 -0.0058421262262253046 -0.001858682116816855 0.0021778795309314132 0.018812181604084415 -0.0034798836344106855 0.02192251093409572
leaf_weight=2582.7092056963593 968.57135585974902 2550.8825808931142 1811.4389841705561 465.59891956672072 1302.2188170515001 8033.9135267380625 501.43983571976423 5569.8833095133305 861.46083144471049 21675.81079993397 6457.3129968643188 625.23337174206972 1179.0876171700656 399.89015452936292 225.83061645552516 2515.7994547989219 7481.1206628736109 12275.859233438969 9922.0705742994323 550.37488048896194 4167.7378115281463 215.03847232833505 1388.64552269876 350.47108367085457 105.98393407464027 34898.605751199648 1901.005435038358 447.09812870249152 735.23856327682734 2416.5200546039268
leaf_count=14042 64280 14469 24192 2213 11621 78629 2624 24325 4168 97683 28054 2699 5946 2244 1072 12803 38536 73627 63424 2393 19232 1070 6225 1557 497 177240 9787 2257 3995 13468
internal_value=-0.000102108 -0.000625065 0.0246831 -0.000287262 0.00193802 0.00380385 0.00221853 -0.00233305 0.00482425 0.002348 -0.00402503 0.00288411 -0.00978974 0.0268682 -0.00576091 -0.00262304 0.00171544 -0.00262292 -0.0064697 0.0146415 0.0175881 0.0218736 -0.013282 -0.00956372 0.0463229 -0.000533188 0.00722011 -0.0085279 -0.0187144 0.0132315
internal_weight=134583 131803 2780.01 129252 66190 53278.5 45244.6 16472 28772.6 22978 15570.6 7082.55 8488.09 901.33 12911.4 10328.7 7812.94 63062 22197.9 5794.61 5244.24 4382.78 7309 5920.35 331.815 40864.1 5965.46 1647.94 1200.84 4317.53
internal_count=804372 715900 88472 701431 355420 288470 209841 73674 136167 109304 68806 30753 38053 4868 66950 52908 40105 346011 137051 26863 24470 20302 32107 25882 1569 208960 31720 8465 6208 23255
is_linear=0
shrinkage=0.05


Tree=79
num_leaves=31
num_cat=0
split_feature=1 12 19 12 18 3 18 4 20 18 11 20 24 11 20 24 24 12 24 12 11 11 20 11 12 12 4 23 23 24
split_gain=651.978 322.479 294.605 283.686 276.311 268.498 254.078 242.191 186.792 294.08 229.579 197.622 330.94 215.822 156.255 150.085 148.848 146.13 145.919 170.087 148.718 145.014 168.414 301.185 403.173 240.906 228.398 193.185 221.133 197.568
threshold=52.36183166503907 0.65944272445820451 0.60294118523597728 4.3854489164086692 156.63235473632815 31.217749506235126 163.92513275146487 43.315855957567699 64.423660278320327 163.92513275146487 24.582699336849689 4.8575057983398446 7.5000000000000009 88.744555543150895 70.524711608886733 4.5000000000000009 5.5000000000000009 1.7321981424148609 2.5000000000000004 6.8452012383900938 145.48981178265885 92.67470495860691 59.123107910156257 15.793902891665141 7.0015479876161004 4.4907120743034072 23.527066297829155 0.99467701000000008 1.5707905000000002 3.5000000000000004
decision_type=2 2 2 2 2 2 2 2 2 2 2 2 8 2 2 10 8 2 8 2 2 2 2 2 2 2 2 2 2 8
left_child=1 -1 3 4 -3 14 -2 -6 9 -9 -10 12 -11 -13 18 21 -15 -12 19 -4 -20 22 26 -24 25 -25 -5 -27 29 -29
right_child=6 2 5 15 7 -7 -8 8 10 11 17 13 -14 16 -16 -17 -18 -19 20 -21 -22 -23 23 24 -26 27 -28 28 -30 -31
leaf_value=0.016276827399633834 0.048975854978273031 0.029761081190604173 0.0083222725808820616 -0.0087050635999829044 -0.0032979001826140353 -0.0095920197724637807 0.014403478282613289 0.027186490802236087 0.022388193300164932 0.0080082713812799685 0.0069717869165799489 0.01094178536578563 -0.019026564766580503 0.012162372892568335 0.0075399373036880817 -0.0076599811766619123 -0.013109866273437904 -0.0050977591365175198 -0.0058505200413542565 -0.011947763943786747 0.091321052709650172 -0.034757828134339107 0.0046618790989523566 -0.046943181275927809 -0.041850965893283541 -0.010469479339894418 0.0057196959576298863 0.012083589474190186 -0.01636487281845533 0.064408724254656283
leaf_weight=2786.8951814649627 784.66125958319753 958.58646299690008 4526.9997900351882 3433.0622960589826 12629.083595680073 15556.129340780899 1646.5591443497688 1750.7858467502519 1064.8218909893185 2724.1384737212211 3457.4543704511598 13802.246516751125 1935.3475266583264 872.16685306280851 4218.9377278015018 10384.61880350858 1750.362183585763 9122.8922984050587 15101.996377442032 1340.5822296440601 38.481689371168613 306.6164251063019 4437.0536576993763 347.18479742947966 978.85269989725202 3299.4701112210751 13660.175608028658 701.5991571964696 470.54242856614292 242.15317217633128
leaf_count=20612 59208 14617 21175 17105 62034 82475 23952 20089 5260 14337 23523 73451 10849 5037 18238 56675 10427 48284 85317 6314 259 1811 20342 1754 5099 16131 72088 3622 2578 1106
internal_value=-7.47274e-05 -0.000547742 -0.000911024 0.00071189 0.00318893 -0.00442591 0.025577 0.00266966 0.0047356 0.00750123 0.000107138 0.0058654 -0.0032225 0.00844355 -0.00123999 -0.0025295 -0.00470372 -0.0017804 -0.00300349 0.00368988 -0.00559753 -0.000618088 -0.000237162 -0.00522844 -0.0124938 -0.00680859 0.00282224 -0.00384321 0.011612 0.0255634
internal_weight=134330 131899 129112 88329.2 50067.9 40783.1 2431.22 49109.3 36480.2 22835 13645.2 21084.3 4659.49 16424.8 25227 38261.3 2622.53 12580.3 21008.1 5867.58 15140.5 27876.7 27570.1 10476.9 6039.8 5060.95 17093.2 4713.76 1414.29 943.752
internal_count=803769 720609 699997 486219 287908 213778 83160 273291 211257 134190 77067 114101 25186 88915 131303 198311 15464 71807 113065 27489 85576 141636 139825 50632 30290 25191 89193 23437 7306 4728
is_linear=0
shrinkage=0.05


Tree=80
num_leaves=31
num_cat=0
split_feature=10 17 12 17 11 21 4 12 17 20 11 11 21 12 15 24 20 20 11 17 21 11 11 21 20 21 4 12 21 21
split_gain=583.7 325.178 274.372 269.331 236.308 216.181 267.086 214.112 238.295 236.524 236.146 272.337 262.117 224.954 218.593 202.562 442.268 266.901 248.814 243.443 398.343 202.309 207.147 345.201 190.335 186.781 180.624 179.11 390.963 219.053
threshold=42.643965759873396 172.32727050781253 0.65944272445820451 213.25555419921878 88.744555543150895 0.91939226000000007 89.018010266125216 4.3544891640866874 179.38796234130862 15.841232299804689 50.76485803746403 64.781364744050506 -1.6777381999999998 7.7383900928792579 13.94163751602173 7.5000000000000009 -3.4393386840820308 56.772979736328132 23.68438548846142 188.15000152587893 -0.37096172499999996 8.0752066537030007 26.484862307103892 -0.42715842999999992 1.492424011230469 -0.34609783999999993 100.52732104808094 1.4659442724458207 -0.28784333499999998 -0.96114000499999996
decision_type=10 2 2 2 2 2 2 2 2 2 2 2 2 2 2 8 2 2 2 2 2 2 2 2 2 2 2 2 2 2
left_child=2 -2 25 4 5 7 -7 14 -9 13 12 -12 -11 21 15 -4 27 19 -19 -18 -21 -10 -23 24 -24 -1 -20 29 -29 -17
right_child=1 -3 3 -5 -6 6 -8 8 9 10 11 -13 -14 -15 -16 16 17 18 26 20 -22 22 23 -25 -26 -27 -28 28 -30 -31
leaf_value=-0.0015282716432972528 0.044137810219668505 0.010406638068354781 0.0062079945557163762 -0.017126435254121893 -0.0095877135541022479 -0.011692060942875579 0.0015265396191635444 -0.0068773656084673233 -0.046934105323204904 0.038254543466207817 -0.021816719083381394 0.0067761696957949168 0.0047121373194265546 -0.018061125813220079 0.028602896797908298 -0.039008868661408888 0.015080647708040133 0.023991574095069416 -0.011420819145996269 0.020906152599386406 -0.0057253472949665889 0.014521621326431963 -0.0073721557864372999 -0.018264662129579223 0.016704878054833165 0.025390633918436635 0.0012745339109199482 -0.0029323684292675016 -0.032681178132724906 0.0090458483393276654
leaf_weight=1036.0580121073872 1020.3194905482233 2381.4269235497341 22822.103667707182 2469.5123537778854 6704.741808982566 8129.6862210519612 7209.7088131420314 14644.886628131382 233.93794108182192 599.9957651719451 1803.6943320967257 1545.6631860099733 18888.066724464297 2632.6930716838688 820.4724059002474 280.68063173256814 6199.9732916094363 831.22008683532476 5016.1735206674784 1927.5265510752797 5162.8403515592217 1897.6543899849057 1461.6405358836055 2561.7770990990102 1869.9381068982184 1703.1845588944852 6344.4787023561075 2281.6617925595492 2139.9392276778817 1499.0131043642759
leaf_count=6685 67049 31289 122080 14046 39928 43829 40094 79933 1330 3339 9478 8086 86719 14849 15540 1335 34571 3809 23004 9498 26015 9608 8556 14915 8803 13120 34319 12427 12436 7459
internal_value=8.97746e-05 0.020534 -0.000442405 -0.00077759 -0.00045578 5.96537e-05 -0.00547946 0.000880902 -0.00155747 0.000768653 0.0036389 -0.00862357 0.00574675 -0.00538153 0.00300255 0.00261667 2.96794e-05 0.00294396 -0.00239865 0.00784481 0.00151639 -0.00122009 0.000158401 -0.00446822 0.00614268 0.0152123 -0.00433147 -0.0119442 -0.0173341 0.00144935
internal_weight=134121 3401.75 130719 127980 125510 118805 15339.4 103466 48139.9 33495.1 22837.4 3349.36 19488.1 10657.6 55326.1 54505.6 31683.5 25482.2 12191.9 13290.3 7090.37 8024.95 7791.01 5893.36 3331.58 2739.24 11360.7 6201.29 4421.6 1779.69
internal_count=804149 98338 705811 686006 671960 632032 83923 548109 245616 165683 107622 17564 90058 58061 302493 286953 164873 131216 61132 70084 35513 43212 41882 32274 17359 19805 57323 33657 24863 8794
is_linear=0
shrinkage=0.05


Tree=81
num_leaves=31
num_cat=0
split_feature=16 0 9 17 25 12 11 22 20 11 20 13 11 12 12 11 12 20 20 11 20 11 20 17 11 17 12 17 20 12
split_gain=572.829 291.406 267.969 158.375 153.581 209.184 201.269 141.018 194.116 167.836 169.808 276.486 142.795 138.562 128.304 139.728 123.18 174.314 117.719 129.739 117.607 114.975 119.872 198.419 145.372 130.176 110.622 107.614 104.165 102.011
threshold=0.1911764740943909 1.0037087798118594 1.0000000180025095e-35 217.55000305175784 21.65932177305222 4.3544891640866874 29.054523943159328 0.36488128000000003 -2.4217987060546871 49.474657544628514 58.656867980957038 -54.329523014060385 145.48981178265885 2.535603715170279 1.2863777089783284 66.991382313517434 10.332817337461302 25.48380279541016 92.26871490478517 53.401806228566379 -16.078605651855465 92.67470495860691 52.868820190429695 167.31060028076175 26.681275045320444 177.58816528320315 3.4721362229102173 188.01666259765628 72.476669311523452 4.1842105263157903
decision_type=2 2 2 2 2 2 2 2 2 2 2 2 2 2 2 2 2 2 2 2 2 2 2 2 2 2 2 2 2 2
left_child=-1 3 -3 4 5 -2 16 8 -6 -9 -11 13 18 -12 15 -4 -7 -18 -10 -20 -16 22 23 -22 25 -24 -26 29 -13 -25
right_child=1 2 14 -5 7 6 -8 9 12 10 11 28 -14 -15 20 -17 17 -19 19 -21 21 -23 24 27 26 -27 -28 -29 -30 -31
leaf_value=0.032085926097747401 -0.00060805131231811296 0.012635419799510234 0.014004843822786448 -0.018926379080493688 -0.0056994509082452143 -0.006835475287184538 -0.017213267991254149 -0.00097901885292839405 0.0033954391775653046 -0.016378278006931125 -0.0022970000033136271 0.019481035959726261 0.071937309182682346 0.076817386718064942 -0.013215524269897319 -0.0025537934349865593 -0.026631774668910448 0.024106415092547521 -0.0099374208574418664 0.02263823043622315 0.026090459656923706 -0.013412716655764937 -0.0060369104122516195 0.011680309845948143 -0.0020433956227140586 0.012291744650871652 -0.014698960903838879 -0.0014074862816946137 -0.022298455462988573 0.00061674701606634938
leaf_weight=1382.0947792725638 13091.937386855483 6287.4708842877299 3758.8147030789405 1344.5065051876009 8518.9631973132491 5713.1986668966711 5145.5155584476888 11709.47851877287 34052.055543214083 4050.5045106355101 81.093779273331165 216.17252954281867 73.243297807872295 172.91573619097471 1544.3445165231824 1926.5605023968965 218.49710582196712 740.06231782585382 2927.1510984934866 340.32479234039783 982.09650611691177 1334.8295733071864 1561.6074102073908 4736.9696528725326 5123.692239060998 2548.6139835342765 2603.7116982135922 7514.7208422794938 476.0837420001626 3719.0928584262729
leaf_count=62521 61700 116406 20850 7825 47355 25870 26081 59302 159889 27765 415 1118 407 869 7407 9773 1033 3492 13299 1872 8368 6361 7719 22210 25769 11954 11925 35317 2319 16877
internal_value=7.47211e-05 -0.000259388 0.00308648 -0.00190247 -0.00164075 -0.00496142 -0.0097839 -0.000319746 0.00111158 -0.00425311 -0.0119239 0.00714023 0.0026634 0.0516498 0.00147894 0.00839428 -0.00405237 0.0125253 0.00252552 -0.00653861 0.000237266 0.000927326 0.00159262 0.00428849 -0.00226821 0.00532832 -0.00630898 0.00294626 -0.00924259 0.00681505
internal_weight=133896 132514 43642.5 88871.7 87527.2 24909.2 11817.3 62618 45911.7 16706.2 4996.77 946.266 37392.8 254.01 37355.1 5685.38 6671.76 958.559 37319.5 3267.48 31669.7 30125.3 28790.5 16952.9 11837.6 4110.22 7727.4 15970.8 692.256 8456.06
internal_count=804068 741547 300936 440611 432786 118176 56476 314610 222822 91788 32486 4721 175467 1284 184530 30623 30395 4525 175060 15171 153907 146500 140139 82772 57367 19673 37694 74404 3437 39087
is_linear=0
shrinkage=0.05


Tree=82
num_leaves=31
num_cat=0
split_feature=1 16 18 12 18 22 21 22 20 18 14 12 12 14 21 9 22 22 14 21 14 14 20 21 22 4 12 21 21 13
split_gain=548.379 319.55 265.371 243.042 204.987 193.115 292.731 273.424 188.853 223.752 200.348 184.234 177.474 428.956 258.332 230.232 219.104 230.935 227.714 209.852 209.977 209.816 464.435 441.616 297.461 229.648 209.115 202.984 199.78 192.175
threshold=46.385453760623939 0.54411765933036815 190.41741943359378 1.0758513931888547 175.53743743896487 -1.2466693999999998 0.59002947500000003 -1.7667101999999997 7.2383346557617196 169.79144287109378 174.50000000000003 3.1563467492260067 3.4721362229102173 207.50000000000003 -0.22205014999999997 34.500000000000007 0.9894630900000001 -1.1377592999999997 193.50000000000003 1.3646467500000001 242.50000000000003 254.50000000000003 81.731285095214858 -0.78959470999999992 -1.0087099999999998 50.246719270944602 9.5773993808049553 1.2804896500000003 0.40264956500000004 -116.11397403056499
decision_type=2 2 2 2 2 2 2 2 2 2 2 2 2 2 2 2 2 2 2 2 2 2 2 2 2 2 2 2 2 2
left_child=2 -2 3 4 -1 6 7 11 9 -7 -10 -5 13 16 -15 27 17 -12 -18 21 -21 22 -14 25 -25 -23 -26 -16 -28 -17
right_child=1 -3 -4 5 -6 8 -8 -9 10 -11 12 -13 19 14 15 29 18 -19 -20 20 -22 23 -24 24 26 -27 28 -29 -30 -31
leaf_value=0.015960031397361581 0.047804858581675942 0.011163853861963995 -0.01283430649574503 -0.021520540840457635 2.8792170638837121e-05 0.0038445546820876902 -0.018210138477587925 0.014051272591265099 0.02750449224400808 -0.0077297657570871928 -0.046308725051977306 0.0097733637265889125 -0.0022359412885285131 0.0067738170273170008 -0.0044096945010726595 0.083959656930311932 0.039897502574790362 0.017982877282687548 -0.039077356849434849 -0.044902506693189015 -0.0049303175006438381 0.042827251436847541 -0.027738264464364139 -0.045822627511773073 0.0034721937631785934 0.010704803579781881 -0.036279770333827809 0.010848112425196487 0.0098080280926460678 -0.018621408340050185
leaf_weight=4199.4983854275197 814.00151591468602 2208.248046872206 4215.3839792106301 1045.9947047615424 3888.1410413309932 5368.4060425516218 1093.5538137787953 6625.7773117758334 649.21793178282678 18783.168235028163 142.08319373149425 853.07697694282979 36227.493537524715 8311.1755156368017 10781.99526917655 45.439561687409878 122.09542041178793 5982.0520562473685 352.9343708883971 562.0409540226683 789.54222436714917 932.3203766271472 1876.8329145321622 347.99658598098904 9335.5159956496209 1380.0679531963542 673.39020146429539 2731.1231621494517 360.45959960110486 2806.0959844440222
leaf_count=30615 64650 30934 24107 5725 22499 29333 5822 36232 6384 106062 816 4480 189050 45365 59199 252 837 34417 2436 3477 3730 4500 9763 1479 41275 6749 2852 14837 1539 13676
internal_value=-7.14625e-06 0.0210452 -0.000494918 -8.28747e-05 0.00830202 -0.000656761 0.00613323 0.00925773 -0.0012584 -0.00515698 -0.000142876 -0.00746534 -0.000357493 0.00262398 -0.000404396 -0.00405021 0.0139461 0.016484 -0.0187375 -0.0021341 -0.0215732 -0.00161987 -0.00349276 0.00385706 -0.000419398 0.023669 0.00110861 -0.00132538 -0.020217 -0.0169579
internal_weight=133505 3022.25 130483 126267 8087.64 118180 9618.4 8524.85 108561 24151.6 84409.9 1899.07 83760.7 31275 24675.8 16364.7 6599.17 6124.14 475.03 52485.7 1351.58 51134.1 38104.3 13029.8 10717.4 2312.39 10369.4 13513.1 1033.85 2851.54
internal_count=803092 95584 707508 683401 53114 630287 52259 46437 578028 135395 442633 10205 436249 171835 133329 87964 38506 35233 3273 264414 7207 257207 198813 58394 47145 11249 45666 74036 4391 13928
is_linear=0
shrinkage=0.05


Tree=83
num_leaves=31
num_cat=0
split_feature=15 1 7 16 22 20 11 12 21 21 23 11 12 22 23 23 23 21 12 23 11 22 12 12 23 12 21 11 22 21
split_gain=498.49 260.673 352.869 208.3 181.155 260.635 234.808 222.704 445.271 234.786 208.817 208.185 247.018 303.327 221.443 302.086 207.887 201.521 224.027 264.635 209.081 311.96 263.096 201.51 198.205 215.251 196.299 184.513 182.255 194.064
threshold=24.162032127380375 24.975162938237194 1.0000000180025095e-35 0.63235294818878185 -0.17849789999999996 -6.5469207763671866 49.240419371982021 1.9086687306501551 -0.90578287999999996 0.90184903000000005 1.7182350000000002 80.377632546720136 6.5588235294117654 -1.5525849499999997 1.0780397000000002 1.1675285000000002 0.64900642500000016 -0.34609783999999993 1.0758513931888547 1.6099775000000003 28.886018813636749 -1.3625972 3.9396284829721364 6.9272445820433441 0.79899701500000009 1.4938080495356039 0.21633074500000002 30.246955496827059 -1.0317606999999998 0.46197338500000007
decision_type=2 2 2 2 2 2 2 2 2 2 2 2 2 2 2 2 2 2 2 2 2 2 2 2 2 2 2 2 2 2
left_child=1 4 -3 -4 5 24 7 8 -6 26 -8 12 17 -14 23 -16 -13 -7 19 -19 21 -20 -23 -15 25 -1 -10 -22 -24 -30
right_child=-2 2 3 -5 6 11 10 -9 9 -11 -12 16 13 14 15 -17 -18 18 20 -21 27 22 28 -25 -26 -27 -28 -29 29 -31
leaf_value=0.0028283993540242302 0.035909211228617989 0.00082264813830842563 0.037144310502178986 0.010711942550280861 -0.016233725403751717 0.0089498164124050296 -0.0052745195072016315 -0.0016909214997033611 0.025928560750352159 0.051537808614810748 -0.02078685095452773 -0.038018061062783132 0.046163635214008576 -0.022543650956959285 -0.041262016015511604 -0.0074049281696737194 -0.0041288627654178589 0.030905630894357383 0.042573194402014486 -0.019090761044291377 -0.027521867478591856 0.026050496361331821 -0.035649103189662815 0.0089011220626231732 -0.0028839150357082119 -0.032122590709571242 -0.0096842195281420951 -0.00124030257967571 -0.0052013462470938982 0.026797898005513368
leaf_weight=659.26748216152191 958.12211046274751 5928.7815576940775 1275.6847524810582 1793.7786800861359 996.91774851828814 17874.080971211195 18585.835560606793 36083.302367094904 1225.0944465883076 569.6967435348779 2455.4145579244941 517.61547863483429 288.4764516595751 612.50186843238771 778.39932566694915 4263.6276845317334 3553.9391224402934 1219.9392755208537 619.59901727363467 337.19169768877327 698.26548273861408 1068.1365848630667 368.36715348251164 3004.7999168056995 8060.2557582557201 1325.7433898411691 564.73067609593272 14857.531967978925 2188.7011906430125 603.65131446532905
leaf_count=3149 53182 34612 55715 38273 4895 88757 104912 175263 5991 2714 15125 2635 1440 2814 3486 20125 17941 7192 3257 1883 3186 5433 1734 13567 41513 7916 2757 71830 9662 2705
internal_value=-7.24415e-06 -0.000267466 0.00794792 0.0217059 -0.000866678 0.00101201 -0.00282049 -0.000544893 0.0117723 0.0236069 -0.00708564 0.00241516 0.00332176 -0.00418504 -0.00586749 -0.012639 -0.00844546 0.005008 0.00179954 0.0200738 0.000404045 0.00946886 0.00460959 0.00357196 -0.00637042 -0.020519 0.0146928 -0.00242172 -0.00264211 0.00172337
internal_weight=133337 132379 8998.24 3069.46 123381 62900.1 60481 39439.7 3356.44 2359.52 21041.3 52854.8 48783.3 8947.81 8659.33 5042.03 4071.55 39835.5 21961.4 1557.13 20404.3 4848.46 4228.86 3617.3 10045.3 1985.01 1789.83 15555.8 3160.72 2792.35
internal_count=803664 750482 128600 93988 621882 310225 311657 191620 16357 11462 120037 257647 237071 41432 39992 23611 20576 195639 106882 9075 97807 22791 19534 16381 52578 11065 8748 75016 14101 12367
is_linear=0
shrinkage=0.05


Tree=84
num_leaves=31
num_cat=0
split_feature=15 1 5 12 11 21 12 11 9 12 5 14 24 14 14 21 11 11 14 21 11 12 21 4 14 11 11 24 14 21
split_gain=467.806 239.169 280.533 164.122 215.999 195.72 250.742 419.291 176.944 165.174 210.254 319.206 234.169 215.402 326.668 246.748 212.95 183.033 181.393 343.41 343.456 208.582 219.686 187.88 170.818 164.689 158.888 156.536 339.629 472.145
threshold=24.162032127380375 34.31973600387574 14.500000000000002 0.65944272445820451 88.744555543150895 0.91939226000000007 1.9086687306501551 60.078988253193749 34.500000000000007 4.3544891640866874 9.5000000000000018 212.50000000000003 7.5000000000000009 178.50000000000003 197.50000000000003 -0.17945643499999997 54.128781830597873 24.582699336849689 255.50000000000003 -0.78959470999999992 41.848222688509402 9.2260061919504661 0.76635733000000006 60.814195066690452 243.50000000000003 42.732788166210021 45.808174089295072 3.5000000000000004 243.50000000000003 -0.76345792499999987
decision_type=2 2 2 2 2 2 2 2 2 2 2 2 8 2 2 2 2 2 2 2 2 2 2 2 2 2 2 10 2 2
left_child=1 3 -3 -1 5 9 7 8 -7 10 12 -12 -5 16 -15 24 -14 -13 27 23 21 -21 -23 -20 25 -16 -27 28 -11 -30
right_child=-2 2 -4 4 -6 6 -8 -9 -10 18 11 17 13 14 15 -17 -18 -19 19 20 -22 22 -24 -25 -26 26 -28 -29 29 -31
leaf_value=0.01226708710135486 0.035596330794434847 0.0054131038273560082 0.037936763814904947 0.0047616378951922979 -0.009496272645331566 0.033883719210468385 -0.008551534505823008 -0.01136080979675178 -0.025820512579480766 0.00059006081779324837 0.020064351643486043 0.028809537025747536 -0.0056138497277258654 0.017239916571351061 0.029715003863904212 -0.0084162426831077396 -0.02647932944036531 0.001688323198139231 0.039961711343093648 0.0015911772042594707 0.083173281348197375 -0.036297067107161456 0.033233729154703948 0.0076134851362275498 -0.004951667276151716 -0.035256465280699638 0.010603548258591444 -0.0089301274341640324 0.015197774569335945 -0.025090890669275556
leaf_weight=2429.8911191644147 918.9797172229737 4135.7703136838973 788.71707402355969 17094.764086220413 6828.2473846655339 1220.7884387271479 12709.309647453018 1370.0301689272746 137.39719115942717 26816.346858261153 3704.9735055770725 658.33987573999912 5706.539379440248 2416.4427082277834 1064.0612044092268 7599.1543365288526 1555.6071252934635 11013.265980808996 928.12704883515835 5806.6844526920468 120.15869102440774 702.65969065949321 134.65881688520312 869.51480819284916 1963.3090681135654 217.88184835016727 1376.9570284076035 8957.0778420548886 964.02435052581131 2951.9972316082567
leaf_count=15725 52979 51875 36886 85802 40239 6473 67156 7725 615 133374 23427 3452 29942 12308 4837 35594 10451 61764 4660 24976 531 2923 587 4176 8806 997 6446 51364 4369 13231
internal_value=6.52463e-05 -0.000181933 0.0106288 -0.000600158 -0.000850606 -0.000350489 -0.0055992 0.00815225 0.0278293 0.000439122 0.00232878 0.00728001 0.000376255 -0.00304697 0.000445917 -0.00287578 -0.0100864 0.00322044 -0.00169022 0.00490996 -0.000253374 -0.00177446 -0.0250887 0.0243279 0.00623288 0.0144902 0.00432013 -0.0031141 -0.00141876 -0.0151715
internal_weight=133162 132243 4924.49 127318 124888 118060 15437.5 2728.22 1358.19 102623 54371.3 15376.6 38994.7 21900 14637.8 12221.4 7262.15 11671.6 48251.2 8561.8 6764.16 6644 837.319 1797.64 4622.21 2658.9 1594.84 39689.4 30732.4 3916.02
internal_count=803690 750711 88761 661950 646225 605986 81969 14813 7088 524017 283826 88643 195183 109381 68988 56680 40393 65216 240191 37853 29017 28486 3510 8836 21086 12280 7443 202338 150974 17600
is_linear=0
shrinkage=0.05


Tree=85
num_leaves=31
num_cat=0
split_feature=15 18 12 5 11 21 11 24 11 5 17 5 24 5 21 17 11 21 12 21 21 12 11 25 1 12 11 21 12 11
split_gain=445.949 259.425 251.753 293.001 247.278 238.459 175.532 156.983 145.673 146.148 137.048 138.097 133.683 129.507 155.706 126.487 121.42 123.964 144.863 134.531 121.286 285.206 115.869 121.983 114.142 111.681 126.059 124.761 169.039 145.733
threshold=25.586019515991214 185.39170837402347 2.7198142414860684 14.500000000000002 67.392728720886808 1.5744800000000003 97.424542144990468 7.5000000000000009 29.290478826860898 25.500000000000004 159.91176605224612 5.5000000000000009 4.5000000000000009 3.5000000000000004 -2.1536850999999992 217.55000305175784 31.108582943158904 1.4200350000000002 2.8436532507739942 1.5015317500000001 -0.071224827349999978 1.2368421052631582 45.235057061024868 25.014834511280064 17.660273194313053 5.9272445820433441 56.648642875830838 -0.36164028999999992 2.9613003095975237 36.318281658408999
decision_type=2 2 2 2 2 2 2 10 2 2 2 2 10 2 2 2 2 2 2 2 2 2 2 2 2 2 2 2 2 2
left_child=1 2 3 4 7 8 22 10 9 -4 -1 12 -12 14 -10 -3 -15 18 -18 -19 -13 -22 23 -7 -5 27 -27 -20 29 -29
right_child=-2 15 5 24 -6 6 -8 -9 13 -11 11 20 -14 16 -16 -17 17 19 25 -21 21 -23 -24 -25 -26 26 -28 28 -30 -31
leaf_value=0.035523189700170966 0.036922795428186848 -0.004534527084615836 0.0023444086517156442 0.011205278374199695 -0.004725739859594083 -0.027132203127610277 0.072462446221101956 -0.010201371385229079 0.069851832432474698 -0.0231985339584082 -7.0372239475046628e-05 0.015082550543830592 0.017378949127837683 -0.013285701060781316 -0.0088721272990743942 -0.018885994197931896 -0.017105259821353927 0.051614980328385941 0.0056480395409714721 -2.3925920860727339e-06 0.026492602846838954 -0.00046478049426432449 -0.042080105741278129 0.010143252735935006 0.029713826813753452 -0.010471723187664988 0.0060725678049500451 -0.02227421734723898 -0.002771762929596187 0.03388534626775757
leaf_weight=385.83098229113966 811.61351226083934 15504.673874964938 31951.72893494647 2698.9534732159227 8849.271028473042 576.94737347494811 48.072692405432463 1593.8750525321811 62.319049466401339 568.99801586940885 10633.971602912992 5188.7178925154731 1222.973281645216 1965.1376226916909 7992.9424623372033 1703.2433818560094 1318.1447355533019 235.21487672626972 9911.79116595909 271.11550141498446 1215.6647150861099 5068.9342460231856 541.54313011467457 353.17282398510724 1205.3982925526798 4526.9438384501263 1543.2353772548959 144.79439195804298 14224.893827771768 558.94517746567726
leaf_count=5586 50296 87406 153043 16321 57949 2898 341 8499 280 5208 52704 32480 6190 10328 44343 9975 7811 1387 54494 1725 8743 27524 3630 2179 31120 25285 9500 777 82561 3214
internal_value=-3.73789e-06 -0.000230946 0.000626817 0.00395174 0.00246839 -0.0010212 -0.0206235 0.0049838 -0.00062518 0.0018968 0.00600473 0.00551506 0.00173074 -0.00254345 -0.00825449 -0.00595605 -0.0012175 -0.000492641 -0.000878651 0.0240308 0.00942543 0.00475312 -0.0237113 -0.0129828 0.0169256 -0.000186156 -0.00626532 0.00129958 -0.00158774 0.0223153
internal_weight=132879 132067 114860 38063.6 34159.2 76795.9 1519.74 25310 75276.2 32520.7 23716.1 23330.3 11856.9 42755.5 8055.26 17207.9 34700.2 32735.1 32228.7 506.33 11473.3 6284.6 1471.66 930.12 3904.35 30910.6 6070.18 24840.4 14928.6 703.74
internal_count=803797 753501 656120 247116 199675 409004 9048 141726 399956 158251 133227 127641 58894 241705 44623 97381 197082 186754 183642 3112 68747 36267 8707 5077 47441 175831 34785 141046 86552 3991
is_linear=0
shrinkage=0.05


Tree=86
num_leaves=31
num_cat=0
split_feature=1 17 14 17 22 20 1 14 14 14 11 23 20 22 23 23 3 11 4 11 3 21 21 23 14 22 22 23 14 21
split_gain=427.784 229.26 319.952 219.481 187.241 262.609 249.098 192.567 197.849 258.16 246.112 269.873 315.643 243.699 228.912 239.026 223.016 237.546 212.97 205.055 201.872 220.591 183.531 179.573 177.123 204.998 163.981 168.734 158.849 174.022
threshold=63.541052341461189 157.66176605224612 233.50000000000003 217.55000305175784 0.45226171500000006 2.4766693115234379 10.748703956604006 164.50000000000003 245.50000000000003 223.50000000000003 36.017273381825298 1.2220550500000003 1.0000000180025095e-35 1.1680100000000002 2.0540985000000007 1.4903361500000003 26.911975465714935 66.271986887747019 39.58073244988919 16.61007971562238 65.762258857488646 -1.2996536999999997 -0.11925592499999998 0.51782399000000012 168.50000000000003 1.2243577000000003 0.45747834000000004 0.69593900500000017 263.50000000000006 0.70677247500000007
decision_type=2 2 2 2 2 2 2 2 2 2 2 2 2 2 2 2 2 2 2 2 2 2 2 2 2 2 2 2 2 2
left_child=1 2 -1 4 5 -3 -7 -6 9 10 14 12 -12 16 15 19 17 22 -17 -9 -11 -22 -10 -14 25 -13 -18 -28 29 -29
right_child=-2 3 -4 -5 7 6 -8 8 13 20 11 24 23 -15 -16 18 26 -19 -20 -21 21 -23 -24 -25 -26 -27 27 28 -30 -31
leaf_value=0.041043510107711033 0.027279675015282008 -0.0043633231175048848 0.0031888616822978721 -0.01859412617858219 0.0089476878214341821 0.00044001599812205677 0.0073613217723851798 0.047212025223111333 0.017891134827341872 -0.023853641094102887 -0.031482269792227513 -0.017376512819277674 -0.055142975087675156 0.016552657921402522 -0.017944968746824639 0.0017566999350001119 -0.064549869535726223 0.06963005090342915 0.050934096296454928 -0.0024710568841509826 0.057025926875549852 -0.0085931770013170303 -0.0086074888326255258 0.0055933962595086512 -0.020421795732953101 0.071877188585495175 0.03177627315141026 -0.019938035809431025 -0.025127034737197969 0.010070222484430874
leaf_weight=776.38269233517349 1409.4857965232804 21084.01166771166 1980.4209585562348 1691.8341919761151 2619.2421468105167 60088.672035032883 16587.543016600423 231.30301796086133 1221.5459829419851 3613.4542771466076 736.67362991534173 144.94279245380312 124.27231198549271 1950.4084822507575 808.77620638906956 348.18900120258331 139.52798734419048 143.26856353878975 598.05442692525685 1958.5770657006651 153.04270385764539 758.83796939253807 1402.7844344154 4269.044662010856 4256.6895765857771 114.24323686677963 230.89232217520475 860.66386038344353 1408.0792976878583 1098.8084250176325
leaf_count=20447 65324 113930 17544 9915 13865 272167 136172 1172 5172 20547 5533 979 767 9068 4909 2109 686 687 3279 10832 846 5386 6337 26748 29962 673 1320 4134 6977 5975
internal_value=-0.000109522 -0.000403522 0.0138607 -0.000709306 -0.000470818 0.000578484 0.00193739 -0.00398477 -0.00525983 -0.00820733 -0.00476246 -0.0090651 -0.0012176 0.00105512 0.00575777 0.0118742 -0.00359296 0.00716431 0.0328593 0.0027958 -0.0185499 0.00247021 0.00372893 0.00386321 -0.0179775 0.0220895 -0.0115574 -0.00948532 -0.012323 -0.00311383
internal_weight=132810 131400 2756.8 128643 126952 97760.2 76676.2 29191.3 26572.1 18116.1 13590.8 9645.87 5129.99 8455.98 3944.9 3136.12 6505.57 2767.6 946.243 2189.88 4525.33 911.881 2624.33 4393.32 4515.88 259.186 3737.97 3598.44 3367.55 1959.47
internal_count=803462 738138 37991 700147 690232 522269 408339 167963 154098 113742 86963 64662 33048 40356 22301 17392 31288 12196 5388 12004 26779 6232 11509 27515 31614 1652 19092 18406 17086 10109
is_linear=0
shrinkage=0.05


Tree=87
num_leaves=31
num_cat=0
split_feature=16 16 12 22 12 5 14 20 25 9 22 12 14 3 22 14 20 25 22 14 1 1 14 13 20 14 22 20 17 24
split_gain=388.413 252.42 235.606 174.529 156.242 202.261 167.757 314.1 254.074 161.68 153.948 150.041 542.544 149.132 145.248 138.492 128.175 143.684 133.755 163.229 108.139 108.085 104.517 103.76 152.567 362.3 256.807 174.453 166.37 236.562
threshold=0.16176471114158633 0.83823528885841381 0.65944272445820451 -1.0697576499999999 3.4721362229102173 14.500000000000002 255.50000000000003 76.348884582519545 26.583925327658658 50.500000000000007 1.1680100000000002 10.332817337461302 201.50000000000003 15.069379203021528 1.2982029000000002 159.50000000000003 53.872985839843757 23.499214434623724 1.7426737500000002 217.50000000000003 26.830171108245853 22.855610132217411 263.50000000000006 -72.637069093841959 -3.4393386840820308 208.50000000000003 0.94406590000000012 12.507575988769533 189.36110687255862 1.5000000000000002
decision_type=2 2 2 2 2 2 2 2 2 2 2 2 2 2 2 2 2 2 2 2 2 2 2 2 2 2 2 2 2 8
left_child=20 2 -2 -4 5 9 7 8 11 23 -9 15 -13 -8 -15 -6 18 -18 -17 -20 -1 -7 -16 -5 26 27 -25 -26 29 -29
right_child=1 -3 3 4 6 21 13 10 -10 -11 -12 12 -14 14 22 16 17 -19 19 -21 -22 -23 -24 24 25 -27 -28 28 -30 -31
leaf_value=0.015490347646119965 0.015418279389374659 -0.0057232912604624911 0.0055071086493113861 -0.0083353261178769292 -0.037894454240513922 0.0083829366026879262 0.010595490766692431 -0.020543744500551873 0.0053601026415407305 -0.01011895407306854 0.014044827710853658 -0.021799543629732649 0.03449256414053134 -0.0026059735496760713 0.0055329094003934978 -0.0024536771787363981 -0.016346078469494416 -0.0011741056402785972 -0.038041881352416013 0.040862052953586761 0.049759494818826189 0.029138128135568705 0.056333652905337053 -0.0070602700372774151 0.005195415641853828 0.00044342310594920039 0.018460893674438105 -0.0048957962998526549 0.0073930509910207073 0.036161975069141587
leaf_weight=471.62553908489645 2627.4607544224709 18177.006634464487 13921.600595800206 2423.5914207715541 321.70156595576555 3656.6296362848952 4183.0893683433533 3482.1157001862302 8374.1521793343127 3198.0593833774328 353.73865616321564 761.53447565995157 974.92029295302927 7625.1728794742376 230.38570341002196 21279.686537268572 4382.3761037643999 2423.4123866874725 479.44759477116168 75.060058666393161 451.19139135722071 756.5909695699811 179.97329876665026 7039.2064160173759 3088.5932948822156 16688.409202110022 1145.2073184233159 424.3410134408623 1397.5386675652117 2017.9999323785305
leaf_count=9132 23452 102951 80833 13461 1721 22045 17967 19155 50833 15553 1790 4148 4554 36856 1189 111738 21079 11810 3046 467 45635 24601 921 37089 22143 91744 5469 2401 7382 13006
internal_value=-2.64439e-05 -0.000253085 0.000622918 0.000272199 -0.00047946 0.00182446 -0.00222792 -0.00369978 -0.00235917 0.000630443 -0.0173512 -0.00446502 0.00980693 0.00294068 -0.00104504 -0.00532103 -0.00495383 -0.0109446 -0.00308608 -0.0273068 0.0322812 0.0119469 0.0278956 0.00163516 0.00239525 0.00443394 -0.00348739 0.0140443 0.0211587 0.0290294
internal_weight=132612 131689 113512 110885 96962.9 41836.2 55126.8 42908.1 39072.3 37422.9 3835.85 30698.1 1736.45 12218.6 8035.53 28961.7 28640 6805.79 21834.2 554.508 922.817 4413.22 410.359 34224.9 31801.3 23616.9 8184.41 6928.47 3839.88 2442.34
internal_count=804171 749404 646453 623001 542168 254894 287274 230341 209396 208248 20945 158563 8702 56933 38966 149861 148140 32889 115251 3513 54767 46646 2110 192695 179234 136676 42558 44932 22789 15407
is_linear=0
shrinkage=0.05


Tree=88
num_leaves=31
num_cat=0
split_feature=15 18 12 18 21 14 18 21 12 1 14 20 11 21 14 12 11 1 4 11 14 12 11 14 21 12 12 12 12 14
split_gain=384.288 225.755 267.962 193.31 176.348 162.126 153.035 137.892 155.331 125.635 125.661 462.677 137.957 167.74 137.031 134.168 129.832 125.424 117.606 116.497 173.915 145.216 213.558 171.467 161.113 154.324 146.646 146.046 138.595 135.582
threshold=21.682642936706547 182.33635711669925 3.0789473684210531 156.45587921142581 1.9023737000000003 176.50000000000003 175.53743743896487 0.51909596000000013 10.65015479876161 38.799999505281455 209.50000000000003 9.615272521972658 69.754337156104981 -0.59581735499999999 203.50000000000003 2.7631578947368425 28.125387869683031 26.830171108245853 38.90565703064204 50.50536256878646 176.50000000000003 6.1037151702786394 24.852478495173319 224.50000000000003 -1.0488714999999997 7.1718266253869976 7.6532507739938085 3.2492260061919507 3.382352941176471 227.50000000000003
decision_type=2 2 2 2 2 2 2 2 2 2 2 2 2 2 2 2 2 2 2 2 2 2 2 2 2 2 2 2 2 2
left_child=1 2 3 -1 19 -3 9 -7 18 10 11 -5 13 -13 15 -14 -12 -2 -9 21 -21 27 -23 24 26 -25 -24 -4 -29 -22
right_child=17 5 4 6 -6 7 -8 8 -10 -11 16 12 14 -15 -16 -17 -18 -19 -20 20 29 22 23 25 -26 -27 -28 28 -30 -31
leaf_value=0.034987597667183658 0.014428102204010463 -0.012077884950764065 -0.010818626386414391 0.0019593885848961795 -0.034957449011771349 -6.6664166558061123e-05 -0.00054582422875602756 -0.021841715671007775 0.060630678504633009 0.021258600821985069 0.02668623329833977 0.01042742373587531 0.028011933361368369 0.039754337049508981 -0.010782263321514284 -0.026006317808057816 0.0007283101651230536 0.049381284363218675 -0.0057167415748538217 -0.020752287770461609 -0.00058234428632618926 0.00087056505705147922 -0.001345585359067709 -0.010435559900771274 -0.00022490328780492826 -0.038938221475091919 -0.03573965752842282 0.02188674605170858 0.0029163087108673401 -0.014443341570896624
leaf_weight=502.33809207938612 563.19988646730781 5142.8157757818699 1868.6843603858724 7753.1218231618404 380.58366212900728 17965.807787459344 13293.275648742914 1477.5672271214426 78.957340585067868 1292.3698621792719 500.92136040888727 700.2195145348087 944.93970965780318 1611.3391021164134 474.35109612718225 130.05497005209327 11961.31992452126 472.38522176863626 4812.3598084188998 1533.0301802707836 10461.855282778852 13376.838629599661 550.38745426107198 1126.0993825299665 4019.0267025018111 821.55918700061738 708.57153043244034 1000.7738771894947 24766.219787257724 2121.0906663201749
leaf_count=9877 10730 33428 9948 39742 2176 94258 74526 9357 351 29285 2557 4383 6460 10105 3235 792 70102 49181 26978 11047 61677 63451 3019 5760 21647 4299 3559 5251 124759 12625
internal_value=8.01408e-05 -0.000159122 0.000955667 0.00420074 -0.00107021 -0.00401267 0.00379982 -0.00230776 -0.00862862 0.00607689 0.00526112 0.00900271 0.0231423 0.030879 0.0115871 0.0214586 0.00177375 0.0304044 -0.00950753 -0.000862819 -0.00485782 0.000306317 -0.0028709 -0.00979664 -0.00511574 -0.0224723 -0.0207164 0.00267496 0.00365393 -0.00291984
internal_weight=132412 131376 101899 39164.3 62734.7 29477.5 38661.9 24334.7 6368.88 25368.6 24076.3 11614 3860.9 2311.56 1549.35 1074.99 12462.2 1035.59 6289.93 62354.1 14116 48238.2 20602.5 7225.64 5277.99 1947.66 1258.96 27635.7 25767 12582.9
internal_count=804565 744654 580282 251064 329218 164372 241187 130944 36686 166661 137376 64717 24975 14488 10487 7252 72659 59911 36335 327042 85349 241693 101735 38284 28225 10059 6578 139958 130010 74302
is_linear=0
shrinkage=0.05


Tree=89
num_leaves=31
num_cat=0
split_feature=1 0 1 7 11 22 21 22 23 23 25 21 11 11 5 18 22 21 22 23 22 11 11 22 21 11 21 21 5 11
split_gain=375.033 209.11 205.958 343.043 141.632 213.77 224.657 215.349 171.641 191.293 157.701 149.745 136.929 124.616 143.91 124.969 120.348 118.871 115.816 110.907 133.473 163.547 164.893 111.436 129.285 184.739 147.299 123.065 122.308 120.199
threshold=72.458122730255141 0.41672818362712866 24.102101594209675 1.0000000180025095e-35 48.929337142444808 -0.16078418999999997 0.84858900000000015 -0.83829995999999996 0.57171410500000008 1.1368207000000001 22.142363941669469 0.13841605500000004 84.235833273491266 15.793902891665141 25.500000000000004 178.55698394775393 -0.79341500999999981 -0.33969499499999994 2.7106600000000003 1.2643609500000001 -1.0214239499999997 16.244831388937339 27.079945701987018 -0.85921498999999979 -0.33969499499999994 41.848222688509402 -0.58789157499999989 -0.36164028999999992 2.5000000000000004 28.604480915371298
decision_type=2 2 2 2 2 2 2 2 2 2 2 2 2 2 2 2 2 2 2 2 2 2 2 2 2 2 2 2 2 2
left_child=1 4 13 -4 18 6 8 -8 -6 11 -11 -10 -9 14 -3 -15 -13 -17 19 20 21 -1 -23 24 25 27 -27 -21 -26 -30
right_child=-2 2 3 -5 5 -7 7 12 9 10 -12 16 -14 15 -16 17 -18 -19 -20 23 -22 22 -24 -25 28 26 -28 -29 29 -31
leaf_value=-0.05248119792477747 0.031326341498980427 0.011452222996016989 0.0020523549988611211 0.026671683135665331 -0.014149088738165855 -0.010026904964685735 -0.047213132423125886 -0.015223253382433109 0.0037873643016477876 -0.017346167037920242 0.003211561449330587 -0.0033133560366325923 0.027894903481851498 0.0021052874340114713 -0.040832543796696541 0.0023270786544094474 0.027140164728189798 -0.0076797673798511728 -0.032014126880329841 -0.00085225037842688264 -0.0013568979838734234 0.01878604275352154 -0.021985620427389187 -0.0001616534993998694 0.0028491380496142166 0.032926204267517897 -0.029400660255104488 -0.068611969098387168 0.038648924278310952 0.012667253803802236
leaf_weight=264.34825369715691 954.12323801824823 3827.2432204000652 3937.7121414598078 2207.6788382972591 1411.2006747564301 11166.504457740113 451.82131268456578 896.59157581813633 2831.490625907667 1336.5337355807424 3082.7387114530429 399.91980257630348 230.67910926043987 30832.398650804535 135.32950166799128 4832.3576528020203 1712.7820656327531 7688.4657869823277 286.59070977568626 4026.7123941984028 31230.885559835471 364.84061793610454 769.23497053235769 13485.756013639271 1168.5374337136745 685.9909500759095 109.17546669766307 67.143344569951296 766.0120910173282 1064.4968749117106
leaf_count=1172 55287 18578 26072 81227 7170 67324 2382 4569 13719 6354 15465 1899 1222 168725 932 23630 8489 39226 1822 19529 146547 1687 3639 68744 5633 3349 511 307 3800 5107
internal_value=0.000108645 -0.000118492 0.00228901 0.0108995 -0.00177263 -0.00501348 -0.000481427 -0.018088 0.00210036 0.00455062 -0.00300829 0.0113063 -0.00638286 0.00117047 0.00965675 0.000394597 0.0213767 -0.00381779 -0.000368513 -0.000199982 -0.00203387 -0.0171408 -0.00886408 0.00259959 0.00731975 0.00230525 0.0243426 -0.00198006 0.0154909 0.023555
internal_weight=132225 131271 53461.2 6145.39 77810 23520.3 12353.8 1579.09 10774.7 9363.46 4419.27 4944.19 1127.27 47315.8 3962.57 43353.2 2112.7 12520.8 54289.7 54003.1 32629.3 1398.42 1134.08 21373.8 7888.07 4889.02 795.166 4093.86 2999.05 1830.51
internal_count=804117 748830 358390 107299 390440 128593 61269 8173 53096 45926 21819 24107 5791 251091 19510 231581 10388 62856 261847 260025 153045 6498 5326 106980 38236 23696 3860 19836 14540 8907
is_linear=0
shrinkage=0.05


Tree=90
num_leaves=31
num_cat=0
split_feature=15 0 10 5 20 14 18 24 14 5 12 15 17 12 11 12 5 14 14 11 24 12 12 14 9 20 14 17 11 12
split_gain=333.759 204.387 291.021 183.164 167.231 119.263 230.325 137.976 244.387 133.279 122.559 111.232 100.811 142.858 138.886 139.022 135.399 105.354 157.533 105.833 100.499 137.324 97.458 289.691 136.489 129.109 183.251 119.523 119.444 128.168
threshold=25.586019515991214 0.81382218003273021 29.410181543231015 11.500000000000002 -16.078605651855465 206.50000000000003 163.92513275146487 2.5000000000000004 225.50000000000003 9.5000000000000018 7.7910216718266261 1.5373497009277346 179.38796234130862 2.339009287925697 48.568307223703847 1.3111455108359136 12.500000000000002 233.50000000000003 263.50000000000006 39.506411314737228 1.5000000000000002 9.1253869969040267 10.332817337461302 192.50000000000003 42.500000000000007 70.524711608886733 264.50000000000006 173.88985443115237 75.951033719080073 7.1718266253869976
decision_type=2 2 8 2 2 2 2 8 2 2 2 2 2 2 2 2 2 2 2 2 8 2 2 2 2 2 2 2 2 2
left_child=1 11 4 -4 -3 6 20 8 10 -8 -7 -1 13 16 15 -14 -9 -15 -19 -20 21 -6 24 -24 28 -25 -27 -26 29 -13
right_child=-2 2 3 -5 5 7 9 12 -10 -11 -12 22 14 17 -16 -17 -18 18 19 -21 -22 -23 23 25 27 26 -28 -29 -30 -31
leaf_value=-0.0066147515193654086 0.03421147313983959 -0.015528261754311554 0.0085205864224753968 0.031534723773539081 0.0095465947481907336 -0.020160658422458969 0.0005299559866125649 -0.0084367207687514219 0.015172271174247191 0.012812567106560849 0.036680682842988005 0.0011003479887691824 0.035165712264240853 -0.0018239617722722069 -0.0054045566016251096 0.0033639435603260263 0.017287366741842513 -0.023550745671431051 0.007494640102443096 -0.041326721219601431 0.027963989269878611 -0.090088155392901242 -0.024610723670653555 0.024827309783453912 -0.031924366746272609 -0.0067416279844514917 0.033813494720179492 -0.0056492493393010788 -0.0074916001843456093 -0.005748537980431929
leaf_weight=10395.37750492245 702.53159578656778 1468.2277755457908 3455.8441470218822 1152.5681118709035 233.24057129118592 853.29997242521495 11193.56134884432 1037.4735480323434 2958.1043402208015 2750.5605620909482 105.74938444420695 47501.876863993704 360.05387226305902 1849.7083846982569 5805.822239132598 7139.8327871467918 1007.2296634539962 2375.5496615003794 800.69183003064245 127.84460064489394 1402.9486572109163 39.577225097455084 593.63098538666964 1367.3605415821075 451.65147846192122 1102.535846337676 371.60428708791733 9909.4758947491646 5688.3997617755085 7977.197171991691
leaf_count=60476 49882 7917 35942 47198 2490 4968 56860 6322 20511 17453 601 230055 2180 11836 32733 35064 10624 13704 4423 760 14793 318 3184 6707 1999 5026 2122 49464 31041 38008
internal_value=-0.000135275 -0.000319061 0.00236292 0.014282 0.00103934 0.00164722 0.00505911 -0.000535151 0.00806215 0.00295352 -0.0138614 -0.0017681 -0.0021779 -0.00694398 0.000400909 0.00489516 0.00423733 -0.01138 -0.0167275 0.000735492 0.0225676 -0.00518347 -0.00109592 0.00712948 -0.00149104 0.0137668 0.00349758 -0.00679758 -0.000592069 0.000115478
internal_weight=132180 131477 46117.9 4608.41 41509.5 40041.2 15619.9 24421.4 3917.15 13944.1 959.049 85359.1 20504.2 7198.5 13305.7 7499.89 2044.7 5153.79 3304.09 928.536 1675.77 272.818 74963.7 3435.13 71528.6 2841.5 1474.14 10361.1 61167.5 55479.1
internal_count=804661 754779 326697 83140 243557 235640 91914 143726 26080 74313 5569 428082 117646 47669 69977 37244 16946 30723 18887 5183 17601 2808 367606 17039 350567 13855 7148 51463 299104 268063
is_linear=0
shrinkage=0.05


Tree=91
num_leaves=31
num_cat=0
split_feature=1 20 22 14 1 7 6 14 14 11 14 13 9 24 22 11 14 14 11 24 18 14 14 22 14 17 14 11 9 24
split_gain=323.787 220.564 225.593 256.431 187.371 169.743 199.695 157.243 266.151 241.111 248.84 230.108 193.499 193.458 176.038 171.631 169.88 167.557 167.227 163.481 151.885 149.322 139.81 138.496 169.835 156.657 178.778 274.131 129.401 127.669
threshold=72.458122730255141 -14.578781127929686 0.38392488500000005 163.50000000000003 18.591101646423343 1.0000000180025095e-35 1.5000000000000002 246.50000000000003 223.50000000000003 35.261407327714267 184.50000000000003 -57.573885239995199 8.5000000000000018 6.5000000000000009 1.2243577000000003 8.531781322423706 255.50000000000003 174.50000000000003 95.065769839097669 7.5000000000000009 188.21967315673831 238.50000000000003 222.50000000000003 1.3878511000000002 206.50000000000003 179.34230804443362 202.50000000000003 84.818206003472085 16.500000000000004 5.5000000000000009
decision_type=2 2 2 2 2 2 2 2 2 2 2 2 2 10 2 2 2 2 2 10 2 2 2 2 2 2 2 2 2 8
left_child=1 20 4 -4 -3 -6 -7 8 9 17 -11 16 19 18 28 -16 -9 -5 23 -10 -1 -21 -15 24 25 -12 -27 -28 -13 -26
right_child=-2 2 3 7 5 6 -8 11 12 10 13 14 -14 22 15 -17 -18 -19 -20 21 -22 -23 -24 -25 29 26 27 -29 -30 -31
leaf_value=-0.0043149399347425614 0.029687913598074246 0.00099107939246093654 0.020637581958424241 0.030388057453073047 0.0038461384325588024 0.022728783827239765 -0.018662346566111314 0.074008833052126036 -0.011175265394513389 -0.020136367540610389 0.047432324253892211 -0.0085387182520945317 -0.023632963020933088 -0.021599133849309282 -0.0018696431318964417 0.029540621968896702 -0.0058071297264098171 0.0026923532868964473 -0.016819027827641546 -0.010082830132349951 -0.020333060132136496 0.052543467483778972 0.084115166816224024 -0.0164742487232028 -0.029025076017002955 -7.9826976369933638e-05 0.023378746242956702 0.14566632094211801 0.0047066759948781603 0.0042005206864804065
leaf_weight=7914.3831225857139 919.5258124130778 81084.613816015422 1087.5717754373327 648.41345621598884 6426.9069381803274 2681.9678933648393 326.15166883170605 182.99128293991089 1392.0831440417096 2751.6839140155353 406.37471214774996 4792.5760362432338 3312.2693699114025 1402.2042329865508 852.75223451945931 886.31447810307145 104.33041740208864 3434.5917013632134 1084.2946436339989 166.929649988655 1819.5347346328199 219.59624893218279 31.023552784696221 672.16790352202952 323.99173381179571 914.05901587754488 321.03395737335086 52.584070205688477 2995.8373351357877 2618.5777166970074
leaf_count=41963 55135 390414 6606 3724 39706 77911 1860 875 10129 19610 3033 25375 18961 9979 4049 4294 470 20702 8267 1316 13030 1120 186 5341 2281 5501 1961 354 13282 16693
internal_value=0.00013773 -7.0062e-05 0.000511655 -0.00319555 0.00176711 0.00843552 0.0182363 -0.00407289 -0.00664313 -0.00322249 -0.00720602 0.00109976 -0.0164915 -0.00265779 -0.000231962 0.0141464 0.045107 0.00709701 0.0010652 -0.00318631 -0.00731094 0.0255407 -0.0192538 0.00472045 0.00779592 0.0204028 0.0118425 0.0409327 -0.00344389 0.000533597
internal_weight=131827 130908 121174 30654.3 90519.6 9435.03 3008.12 29566.7 19751.9 14661 10578 9814.8 5090.88 7826.31 9527.48 1739.07 287.322 4083.01 6393.08 1778.61 9733.92 386.526 1433.23 5308.79 4636.62 1694.05 1287.68 373.618 7788.41 2942.57
internal_count=804128 748993 694000 184109 509891 119477 79771 177503 129158 97632 73206 48345 31526 53596 47000 8343 1345 24426 43431 12565 54993 2436 10165 35164 29823 10849 7816 2315 38657 18974
is_linear=0
shrinkage=0.05


Tree=92
num_leaves=31
num_cat=0
split_feature=15 19 10 9 11 12 22 11 17 25 18 23 14 14 23 13 23 9 22 14 13 12 23 11 22 14 12 14 17 17
split_gain=306.356 197.972 208.228 193.227 192.083 168.814 187.534 195.328 175.681 175.58 164.999 162.128 160.336 205.14 159.98 192.398 139.586 136.583 161.58 170.099 155.373 130.336 127.86 139.121 134.723 136.056 274.424 207.606 193.869 127.719
threshold=28.357535362243656 0.60294118523597728 44.43661360740662 72.500000000000014 20.631915132800589 4.3544891640866874 -1.3625972 92.67470495860691 179.88861083984378 21.406202590465551 156.45587921142581 1.0896113000000003 218.50000000000003 261.50000000000006 2.2729268000000005 -23.598412770189732 1.6436854000000001 14.500000000000002 0.055660221750000009 248.50000000000003 -52.190253269192603 4.2275541795665648 0.73998249000000016 87.722411732163422 -0.70384755499999996 177.50000000000003 1.4938080495356039 212.50000000000003 177.4294357299805 181.87442016601565
decision_type=2 2 10 2 2 2 2 2 2 2 2 2 2 2 2 2 2 2 2 2 2 2 2 2 2 2 2 2 2 2
left_child=1 2 3 5 -3 10 16 8 12 -10 -1 -11 14 -14 15 -8 -7 -6 -19 -20 -21 -22 23 24 -12 26 -26 29 -28 -27
right_child=-2 4 -4 -5 17 6 7 -9 9 11 22 -13 13 -15 -16 -17 -18 18 19 20 21 -23 -24 -25 25 27 28 -29 -30 -31
leaf_value=0.026928959777620484 0.037371891767210084 0.0045233169066018182 0.017910519177294606 -0.012399391612386051 -0.0079525618390284703 0.037033553971342337 -0.0076740407786471884 -0.040593164715053587 -0.0063416412337166002 0.0097019722676135109 -0.043923227779516044 -0.0011337267879182788 -0.015066709924904262 0.0023721634892319519 -0.03301745402858669 0.0090448914902541873 0.0046157685182459784 0.0016620443922309687 -0.011935964111012234 0.076384655333137805 -0.012044493671292346 0.02226490344079041 0.004506456906677672 -0.017919426394931982 0.012486589657235099 0.030243694747297902 0.0028391748392933907 -0.00068257736359481438 -0.033452677384124371 0.0068964352767393383
leaf_weight=725.52315298933536 548.87928775092587 7246.4591297525913 1846.117676215712 2629.6735804080963 15303.956072740257 524.11590806813911 3108.1275386642665 322.96232893876731 5024.0388061925769 7287.102219492197 168.70016995351762 6558.3443808276206 6053.9346023583785 2337.0142454653978 349.9895611749962 3852.5843482930213 904.13122581783682 12674.489635165781 5244.7793376035988 78.836192891001701 585.26657947897911 523.46180398762226 34919.586612132844 1144.7045161379501 933.48137528542429 980.56751167075709 550.87768421089277 6867.6207328815944 1106.489397412166 1454.6552436836064
leaf_count=10396 43824 35168 53898 12268 89627 2729 14767 1938 24737 34729 897 33728 30558 10749 1792 23779 4840 61910 34904 367 2645 2329 199925 6884 4921 6899 3397 36387 6202 7557
internal_value=0.000129137 -2.6825e-05 0.00129659 0.000947074 -0.0028749 0.00135927 -0.00122222 -0.00194927 -0.0015871 0.00166426 0.00327864 0.00456958 -0.00549429 -0.01021 -8.11167e-05 0.00157945 0.0165295 -0.00443295 -0.00161359 -0.00806725 0.00901429 0.0041594 0.00292155 -0.00126896 0.000312499 0.000943578 -0.0091877 0.00376583 -0.0213955 0.016306
internal_weight=131856 131308 89650.3 87804.2 41657.2 85174.6 36322.3 34894.1 34571.1 18869.5 48852.2 13845.4 15701.7 8390.95 7310.7 6960.71 1428.25 34410.8 19106.8 6432.34 1187.56 1108.73 48126.7 13207.1 12062.4 11893.7 2590.85 9302.84 1657.37 2435.22
internal_count=804751 760927 533977 480079 226950 467811 184346 176777 174839 93194 283465 68457 81645 41307 40338 38546 7569 191782 102155 40245 5341 4974 273069 73144 66260 65363 14520 50843 9599 14456
is_linear=0
shrinkage=0.05


Tree=93
num_leaves=31
num_cat=0
split_feature=1 18 12 5 11 24 22 11 20 12 22 22 22 18 11 22 20 22 24 12 11 22 20 20 11 22 18 12 12 22
split_gain=302.803 161.033 169.611 218.844 248.553 196.622 197.41 179.528 257.772 194.452 159.629 158.503 156.854 153.577 150.338 148.45 142.041 247.476 240.483 184.612 140.866 139.635 136.407 162.912 133.951 127.304 126.182 123.415 123.181 127.074
threshold=61.776378810405738 190.41741943359378 2.1687306501547994 14.500000000000002 67.867619931397982 7.5000000000000009 -0.076082348799999991 11.857232115548266 -5.0147094726562491 2.1470588235294121 -0.087063040549999984 -1.2825376499999999 -1.3625972 162.29412078857425 49.474657544628514 -0.11682939999999999 -10.775985717773436 1.3569536500000001 2.5000000000000004 3.3916408668730655 9.0522675820548493 0.43984303000000008 26.933258056640629 3.4155578613281254 1.997763432919887 -0.23260509499999996 173.8676452636719 1.5773993808049538 1.3947368421052635 -0.95834308999999984
decision_type=2 2 2 2 2 10 2 2 2 2 2 2 2 2 2 2 2 2 8 2 2 2 2 2 2 2 2 2 2 2
left_child=1 2 3 4 5 6 7 20 9 15 12 -4 14 -2 -10 28 17 18 25 -19 -1 22 23 -6 -8 -13 -24 -12 29 -9
right_child=13 -3 11 -5 21 -7 24 8 10 -11 27 16 -14 -15 -16 -17 -18 19 -20 -21 -22 -23 26 -25 -26 -27 -28 -29 -30 -31
leaf_value=0.013521317490036941 0.049204595807925237 -0.0099726045863451802 0.0069280774616691243 0.016920067141049728 -0.011891797505188708 -0.013519573400860406 -0.028991569106009887 -0.046085387516100418 0.0080208396861263555 0.061477849332875006 0.020672987046042889 0.010070100582136325 0.0099272115692045169 0.01237927008406514 -0.025618358018871152 0.063407996784355034 -0.0010057870216575008 0.064210997589639746 -0.019396712093263553 -0.010892971125371135 0.057353866720242321 -0.018552825291038282 0.003281427179467509 0.018788924860010235 0.017559600845486561 -0.041791769977901072 -0.014584816441766513 -0.083389243948268993 -0.0062165471536321359 -0.012884937217545835
leaf_weight=1273.4450192078948 407.3124616839923 4150.043845327571 5952.6370319491252 2701.6098307799548 642.63960446137935 1324.3118872381747 159.69544606283307 483.81843206845224 663.22541386075318 91.332708589732647 41.989722043275833 1260.0413993448019 7036.6214560139924 926.80471209296957 663.59609334077686 62.912538655102253 85538.219182433095 190.40994905866683 3476.879593655467 142.47279427200556 213.36600221507251 1635.9419825728983 1669.4819809887558 1319.8221347853541 4109.3743057549 129.59247828647494 2419.8605943247676 85.466915789991617 2090.5892873909324 713.53543462790549
leaf_count=6148 50751 24447 32716 31509 4123 7134 756 2338 4310 424 307 6657 43201 17045 4146 284 458963 955 23170 974 1096 11130 11432 7733 22389 716 14251 406 10701 3552
internal_value=-3.99389e-05 -0.000282788 3.62051e-05 0.00336158 0.00198915 0.00505661 0.00644803 0.0034683 0.00142623 -0.0101137 0.00610512 -0.000975037 0.00695393 0.0236507 -0.00881008 -0.0120828 -0.00149357 -0.00951668 -0.0123715 0.0321304 0.0198459 -0.00559693 -0.00209216 0.00874109 0.0158119 0.00520707 -0.00729187 -0.0492126 -0.0135461 -0.0263276
internal_weight=131577 130243 126093 29402.6 26701 19013.3 17689 13419.9 11933.1 3442.19 8490.9 96690.3 8363.44 1334.12 1326.82 3350.86 90737.6 5199.4 4866.51 332.883 1486.81 7687.75 6051.8 1962.46 4269.07 1389.63 4089.34 127.457 3287.94 1197.35
internal_count=803764 735968 711521 187370 155861 107192 100058 76913 69669 17299 52370 524151 51657 67796 8456 16875 491435 32472 30543 1929 7244 48669 37539 11856 23145 7373 25683 713 16591 5890
is_linear=0
shrinkage=0.05


Tree=94
num_leaves=31
num_cat=0
split_feature=15 5 1 17 0 22 5 17 23 13 22 4 23 23 2 19 22 22 7 25 23 25 6 22 13 23 25 22 23 22
split_gain=311.632 188.937 345.652 198.584 169.209 155.302 130.024 124.925 97.6458 88.4904 161.332 161.647 113.555 121.648 106.603 140.344 90.9141 85.5142 83.4977 82.8328 81.3261 78.7703 72.833 93.4478 72.6209 68.8238 63.9893 63.0488 60.0535 80.7573
threshold=28.357535362243656 10.500000000000002 27.307104259729389 158.54411315917972 2.439024925231934 -0.047694848849999992 25.500000000000004 213.25555419921878 1.4267945000000002 -43.535206903971655 1.1985050500000003 21.585746940225366 0.73998249000000016 0.90576759000000007 24.443652600049976 0.57352942228317272 0.04601305725000001 2.7106600000000003 1.0000000180025095e-35 21.65932177305222 1.5707905000000002 21.653857684135442 1.5000000000000002 1.1238994000000002 -88.962283738061259 0.29784916500000008 25.926900374889378 -0.076082348799999991 1.8392467500000003 -1.4317225999999998
decision_type=2 2 2 2 2 2 2 2 2 2 2 2 2 2 2 2 2 2 2 2 2 2 2 2 2 2 2 2 2 2
left_child=1 3 5 -1 -4 -3 -7 9 -8 10 11 -5 24 16 17 -16 -14 19 -6 21 -12 -11 -17 -24 -13 27 -15 -21 29 -27
right_child=-2 2 4 7 18 6 8 -9 -10 14 20 12 13 26 15 22 -18 -19 -20 25 -22 -23 23 -25 -26 28 -28 -29 -30 -31
leaf_value=0.030281513973660985 0.03849335593535673 0.0054639866591929837 0.0032718790973914713 -0.013237309508820141 0.015195450451192184 -0.0010085829328189842 -0.039773242726406435 -0.012741328226061846 0.011854316208436617 -0.0014783941121986298 -0.0045999650107499956 -0.024088730947855005 0.017566640267705762 -0.0030365690024889043 0.00040313587329132846 -0.0042186489473729971 -0.002204388327213324 -0.027882406371319099 0.040501253882824939 -0.001218465759970911 -0.031170388965967716 -0.030001041375100009 -0.014702170713686531 0.036294959522078667 -0.0051192422642334853 0.01421461375966448 0.0069608311657663171 0.0188485991641828 0.0072066932680624474 0.0005258202913216366
leaf_weight=495.7923420900479 521.57909216871485 14156.539356242865 781.41672052349895 3184.8294213265181 490.97163656074554 14012.361626848578 371.97540623135865 2373.1186814159155 120.87973743490875 17840.078798301518 455.19560506939888 564.60099309124053 1781.8074783738703 7739.3813105067238 10256.439573117532 4906.1208371408284 862.56615834310651 257.97025585919619 979.26998389558867 595.3998766168952 784.84298252873123 244.39378712326288 3680.0173088014126 91.149382531642914 4684.2374896081164 1116.0699194446206 2016.8249488174915 1140.9192081913352 4465.6771974042058 30370.453718040138
leaf_count=7943 43745 82063 8313 19925 4625 71072 2765 14251 836 82644 3325 3240 8421 41689 67424 34578 5132 1709 59339 2731 6296 1075 17062 479 24064 5237 10756 5116 23148 144731
internal_value=-4.11274e-05 -0.000195056 0.00322087 -0.00125203 0.0220796 0.00173861 -0.00189734 -0.0014096 -0.0271125 -0.00113235 -0.00391474 -0.00287136 -0.00100018 0.00160914 -0.000312998 -0.00355646 0.0111191 0.000783063 0.0320667 0.000916149 -0.0214284 -0.00186549 -0.00823616 -0.0134603 -0.00716393 0.0022509 -0.000969382 0.0119707 0.00178117 0.00101147
internal_weight=131343 130821 30913.4 99907.9 2251.66 28661.8 14505.2 99412.1 492.855 97039 22074.3 20834.2 17649.4 12400.6 74964.7 18933.7 2644.37 56031 1470.24 55773 1240.04 18084.5 8677.29 3771.17 5248.84 37688.5 9756.21 1736.32 35952.2 31486.5
internal_count=803734 759989 229013 530976 72277 156736 74673 523033 3601 508782 122848 113227 93302 65998 385934 119543 13553 266391 63964 264682 9621 83719 52119 17541 27304 180963 52445 7847 173116 149968
is_linear=0
shrinkage=0.05


Tree=95
num_leaves=31
num_cat=0
split_feature=16 19 1 16 9 14 9 12 12 23 25 17 14 14 22 23 14 23 22 4 4 23 4 23 24 12 4 22 9 22
split_gain=257.238 169.726 171.644 198.899 149.286 132.662 155.754 135.918 130.22 159.222 152.206 175.23 189.838 174.47 166.783 181.652 147.59 119.242 115.984 114.114 110.552 109.355 108.864 107.001 99.3528 98.7824 99.632 277.732 91.4671 91.0941
threshold=0.13235294446349147 0.60294118523597728 33.635875463485725 0.48529411852359777 72.500000000000014 254.50000000000003 24.500000000000004 5.215170278637772 4.3854489164086692 0.73998249000000016 21.65932177305222 173.88985443115237 197.50000000000003 261.50000000000006 -1.2466693999999998 1.0896113000000003 261.50000000000006 1.7272303000000002 -0.72863742999999992 26.5664331689477 280.28621579706675 2.1829980500000006 145.89662785828116 1.2471615 4.5000000000000009 11.291021671826627 24.160131096839908 -0.92314603999999989 13.500000000000002 -0.93620764999999995
decision_type=2 2 2 2 2 2 2 2 2 2 2 2 2 2 2 2 2 2 2 2 2 2 2 2 10 2 2 2 2 2
left_child=-1 2 4 -4 8 6 7 19 9 18 16 12 21 -14 -13 29 22 20 -2 -3 -11 25 -10 -17 -18 26 27 -12 -15 -16
right_child=1 5 3 -5 -6 -7 -8 -9 10 17 11 14 13 28 15 23 24 -19 -20 -21 -22 -23 -24 -25 -26 -27 -28 -29 -30 -31
leaf_value=0.032741136200980681 -0.070520578429720149 0.0037417339140145551 0.043360487087222392 0.0073435789319517778 -0.011402673773226389 0.0032769803032330728 -0.00011452009261942128 -0.015820194606925766 -0.0098951312729839702 0.0051725052997273653 -0.11556053639602547 0.024164555621485742 -0.016734359247196122 -0.0059088150938237331 -0.028131976021388363 -0.012746896790156267 0.021584070655173274 -0.001338209067097945 -0.0017235356726087688 -0.0070113129398406597 0.019616665235497436 -0.029922186235835136 0.0072816639631054659 0.00034729869755940911 -0.0089947907680251512 -0.047738930307186643 0.022019379162410271 0.014454794231686574 0.020664715689729381 0.0079055816126743714
leaf_weight=592.89227572223172 60.550642345100641 3006.2870912514627 441.16483462555334 2885.6624391498044 2530.9778864309192 7225.6751252636313 13979.794603168964 3574.9784046392888 9023.7683493122458 26036.363683310337 51.098638918250799 919.84343643672764 3598.1756465286016 848.58256465382874 177.98392416350543 2150.4026238881052 745.66128119453788 7159.3587756166235 13153.498547896743 13745.466710023582 1394.9086646651849 163.44003080856055 1026.7440613247454 5676.9348706472665 411.60917944274843 62.87853573821485 1151.2602168396115 193.34667421132326 522.33378359675407 8746.8197758831084
leaf_count=46809 310 16761 36282 43593 11768 35687 74659 20805 43627 139191 295 4417 19736 3964 808 10230 3234 40143 70331 79066 11875 926 5137 29356 1837 406 8113 994 2355 41168
internal_value=-9.1007e-05 -0.000240232 0.000989856 0.0121313 0.000557751 -0.00288011 -0.00417699 -0.00697082 0.000921394 0.00262451 -0.00137393 0.00085216 -0.00610495 -0.0109526 0.00344715 0.0023082 -0.00619273 0.00440799 -0.0020441 -0.00508145 0.00590769 0.00874346 -0.00813983 -0.00325124 0.0107096 0.0130936 0.0158664 -0.0130836 0.00422367 0.00718383
internal_weight=131258 130666 89133.4 3326.83 85806.5 41532.2 34306.5 20326.7 83275.6 47804.7 35470.9 24263.1 6591.12 4969.09 17672 16752.1 11207.8 34590.6 13214 16751.8 27431.3 1622.02 10050.5 7827.34 1157.27 1458.58 1395.71 244.445 1370.92 8924.8
internal_count=803883 757074 530096 79875 450221 226978 191291 116632 438453 261850 176603 122768 36789 26055 85979 81562 53835 191209 70641 95827 151066 10734 48764 39586 5071 9808 9402 1289 6319 41976
is_linear=0
shrinkage=0.05


Tree=96
num_leaves=31
num_cat=0
split_feature=15 17 12 10 5 1 21 11 23 21 21 5 25 21 5 23 11 11 11 11 12 11 21 11 21 25 11 23 23 23
split_gain=258.471 162.162 155.392 143.083 176.442 293.451 181.84 192.686 189.212 174.347 155.57 144.306 139.351 127.257 123.363 128.253 122.131 134.136 121.682 120.875 156.378 168.546 107.21 105.98 102.503 179.006 148.908 139.091 128.909 123.42
threshold=31.400850296020511 217.55000305175784 0.65944272445820451 -23.176934808492657 14.500000000000002 29.429925799369816 0.91939226000000007 94.320466111330532 2.4967763500000006 1.1793401000000003 1.1150733500000001 2.5000000000000004 32.808040991425521 -0.35631972499999992 3.5000000000000004 1.3495941000000002 119.69848180428473 38.534988952967872 45.413500027202332 26.681275045320444 5.4272445820433441 75.951033719080073 1.2578024500000002 50.76485803746403 -0.071224827349999978 22.423001325130468 40.001929172009973 1.1064166000000002 1.4709324000000004 0.62443945000000012
decision_type=2 2 2 10 2 2 2 2 2 2 2 2 2 2 2 2 2 2 2 2 2 2 2 2 2 2 2 2 2 2
left_child=1 2 13 -4 6 12 7 11 9 10 -8 23 -6 -1 -11 16 17 -16 -19 -13 24 -22 -14 -5 -21 26 27 29 -28 -26
right_child=-2 -3 3 4 5 -7 8 -9 -10 14 -12 19 22 -15 15 -17 -18 18 -20 20 21 -23 -24 -25 25 -27 28 -29 -30 -31
leaf_value=-0.0025927082276615645 0.040634255314388606 -0.01551765752988067 0.0033195432094246117 -0.0031522835298017876 0.0055319798268074951 0.033437985983882187 -0.008063910505749344 -0.013055094867217554 -0.05427617120215094 -0.017047444381424047 -0.027519023827438795 0.0047728420568431363 -0.014788274140768548 0.019759054640998711 -0.019603270979045125 -0.0011369505608792407 -0.042194423010708873 0.082127492639129371 0.025483223144397899 0.0029584958193756197 -0.0088398531492020951 0.018412063439800872 0.034354387290411931 -0.016017658115027828 0.00063381888140854844 -0.0065647129571261009 0.010204378916898255 0.015375362084647015 -0.019866303287499564 -0.028373307990503239
leaf_weight=979.74797514732927 393.02117360848933 1645.0451141782105 26046.510785169899 8990.0496407933533 7818.7791233155876 853.53659286350012 3926.0560031691566 3002.7749315085821 208.14373906794935 1043.7202820633538 1391.51699857926 14566.630154074635 1415.2182417856529 1817.053690508008 121.16910387901589 5316.5965450792573 67.909700994379818 122.43878487451002 416.49344403715804 23843.836983595509 7467.9786509638652 613.0829500714317 119.47842042706907 1946.7147623226047 656.69336712080985 9730.6307716374286 5007.820955241099 479.85985455662012 382.78513632714748 829.30299943499267
leaf_count=7492 37381 9915 134514 44923 47640 48566 21670 18870 1349 6127 7834 70654 12844 17970 646 31180 413 659 2297 132570 38666 3317 1018 11847 3038 55899 26429 2472 2397 3752
internal_value=0.00019872 7.69372e-05 0.000275642 1.76294e-05 -0.000839521 0.0053907 -0.00154511 -0.000639133 -0.00711223 -0.00631661 -0.0131592 -0.000138634 0.00282799 0.0119309 -0.00118225 0.00155955 0.0212264 0.0278049 0.0384804 0.000773985 -0.00041457 -0.00677032 -0.0109426 -0.00544354 0.000840391 -0.00211528 0.00377023 -0.00800678 0.00806578 -0.0155626
internal_weight=131221 130828 129183 126386 100339 10207 90132.2 77518.2 12614 12405.9 5317.57 74515.4 9353.48 2796.8 7088.33 6044.61 728.011 660.101 538.932 63578.6 49012 8081.06 1534.7 10936.8 40930.9 17087.1 7356.46 1965.86 5390.61 1486
internal_count=804349 766968 757053 731591 597077 110068 487009 414834 72175 70826 29504 395964 61502 25462 41322 35195 4015 3602 2956 339194 268540 41983 13862 56770 226557 93987 38088 9262 28826 6790
is_linear=0
shrinkage=0.05


Tree=97
num_leaves=31
num_cat=0
split_feature=17 1 18 12 6 10 1 18 25 12 13 9 22 22 12 22 12 25 18 22 12 12 13 17 22 4 9 13 22 6
split_gain=230.256 205.475 146.565 131.625 121 183.355 154.861 149.024 112.921 126.693 128.943 101.03 144.856 98.6233 106.959 94.7494 118.656 105.873 105.055 93.8609 88.3139 85.1685 82.1311 78.1052 81.7615 86.5352 82.5654 134.624 148.142 108.61
threshold=157.66176605224612 30.015349507331852 190.41741943359378 2.3668730650154806 1.5000000000000002 31.905198043584829 13.979817897081377 168.02986145019534 21.65932177305222 5.4272445820433441 -23.308858712921751 8.5000000000000018 -1.2466693999999998 1.3255616000000001 8.0216718266253881 -0.83013656999999996 3.4721362229102173 36.871822619438184 176.29261016845706 1.6775100000000001 9.4938080495356054 11.018575851393191 -32.353334184609139 169.697135925293 0.48771763000000007 26.5664331689477 22.500000000000004 -44.530055251664507 -1.0613109499999998 12.500000000000002
decision_type=2 2 2 2 2 10 2 2 2 2 2 2 2 2 2 2 2 2 2 2 2 2 2 2 2 2 2 2 2 2
left_child=1 3 4 -1 5 15 8 -7 9 -6 -11 13 -13 14 -10 -2 18 -18 -17 -15 -12 23 -23 -14 25 26 27 28 -25 -29
right_child=2 -3 -4 -5 6 7 -8 -9 11 10 20 12 21 19 -16 16 17 -19 -20 -21 -22 22 -24 24 -26 -27 -28 29 -30 -31
leaf_value=0.032439759158885279 0.005592591298314676 0.045914510360853082 -0.0095058816992760042 0.0026575293844907418 -0.00084702062834994356 0.034770585557664324 -0.012126256957100264 0.0077665137347782652 -0.0024685904049200503 -0.01687632695765481 -0.00797609885496358 0.013996374148390146 -0.0096215765189087057 0.026925784833075336 -0.021544920166584033 0.0055358198859258049 -0.002916042684107163 -0.032402380749784847 -0.001793581418419827 -0.017352264906382149 0.0065536024299104731 -0.02672469145318428 0.016421383861527011 0.082772970392977208 -0.0034132014349229074 0.0045600891993143036 -0.0060210193972618118 0.0069724770452186495 -0.036608034556577684 0.0434550398555998
leaf_weight=458.81584742013365 9796.9911683346145 430.52398923411965 4178.0954761449248 1921.6202556481585 14102.664899338037 690.13244761433452 3105.4046449512243 1962.5712936166674 15858.318130303174 3018.2746319547296 3691.4071845039725 2371.5124250724912 1746.0020321495831 500.90672343224287 769.53144581615925 11624.692395154852 13340.221564507112 310.55143481818959 8436.4082476664335 156.40144389867783 1458.215839356184 119.13643696904182 1359.2369911000133 28.089608810842037 7123.6517480164766 16734.299592722207 4331.8134655281901 988.97301511466503 246.23772377893329 256.20588666945696
leaf_count=6785 60642 49017 24958 16252 66283 36386 14537 31445 75748 16030 16823 11483 8193 2545 3595 74519 70064 3439 45059 888 6901 815 6638 176 44514 78808 22232 5540 2247 1467
internal_value=1.41842e-05 0.0141677 -0.000296002 0.0084091 1.40728e-05 0.00204285 -0.00118712 0.0148024 -0.000733183 -0.00371722 -0.00867218 0.000530521 0.00206392 -0.0026014 -0.00335268 0.00126459 6.7031e-06 -0.00358917 0.00245361 0.0163798 -0.00386126 0.00120428 0.0129287 0.000652847 0.00125697 0.00273006 -0.00250355 0.00752144 -0.0241278 0.0145079
internal_weight=131117 2810.96 128306 2380.44 124128 46161.6 77966.3 2652.7 74860.9 22270.6 8167.9 52590.3 35305.2 17285.2 16627.8 43508.9 33711.9 13650.8 20061.1 657.308 5149.62 32933.6 1478.37 31455.3 29709.3 22585.6 5851.32 1519.51 274.327 1245.18
internal_count=804029 72054 731975 23037 707017 321554 385463 67831 370926 106037 39754 264889 182113 82776 79343 253723 193081 73503 119578 3433 23724 170630 7453 163177 154984 110470 31662 9430 2423 7007
is_linear=0
shrinkage=0.05


Tree=98
num_leaves=31
num_cat=0
split_feature=1 20 12 19 20 19 21 17 25 9 4 20 10 20 20 9 21 25 25 21 17 19 21 17 12 23 21 12 12 12
split_gain=219.356 132.953 171.437 134.406 245.857 284.669 350.502 250.101 221.108 171.931 150.533 150.514 147.116 159.067 129.043 139.553 124.863 176.999 153.184 137.127 128.125 124.483 117.011 228.745 110.93 204.742 156.036 228.53 195.217 179.236
threshold=72.458122730255141 -12.666358947753904 0.56811145510835925 0.57352942228317272 55.850708007812507 0.22058823704719546 -1.0488714999999997 179.44565582275393 21.073137927055363 10.500000000000002 32.078610006719835 83.671569824218764 16.496585294604301 103.28768157958986 95.507575988769545 76.500000000000014 -0.70725798499999992 25.070076999068263 22.061906616389756 0.29393150000000007 175.45454406738284 0.073529412969946875 -0.10662768499999999 188.74206542968753 1.2863777089783284 0.81184423000000006 0.27051234000000007 2.0572755417956663 1.4195046439628485 4.5356037151702795
decision_type=2 2 2 2 2 2 2 2 2 2 2 2 10 2 2 2 2 2 2 2 2 2 2 2 2 2 2 2 2 2
left_child=1 24 -3 4 5 6 -4 12 11 -5 -7 -9 13 -6 15 -10 17 -12 -18 -20 -21 -8 23 -11 -1 -26 28 -28 -27 -30
right_child=-2 2 3 9 7 10 21 8 14 22 16 -13 -14 -15 -16 -17 18 -19 19 20 -22 -23 -24 -25 25 26 27 -29 29 -31
leaf_value=0.0031531638064397267 0.025892131505585211 0.017232615646784532 -0.007659985486422498 -0.006518915594716102 -0.0097505352620349452 -0.0039532900448723532 0.042152618124774298 -0.014915311391111408 0.0097896730935198156 -0.0077754279302880876 -0.0063859887232449375 0.0070036522190267073 0.012301277671522995 0.0033846907347148021 -0.010508925694013613 -0.012877841527807713 0.011874891283438865 0.0090942767344414192 0.0074229726976167967 0.019594101901023758 -0.0059056223633328735 0.01885104999569806 -0.0033093542140180746 0.0058017604189270489 -0.022828945229398726 -0.04101200036753215 0.012730945766635235 -0.024932998108894187 0.0083580688620456308 -0.018809797016050785
leaf_weight=2895.6191916652024 813.10777109023184 1484.3412519656122 1196.0189554695971 14276.06936862506 12460.150838461705 7081.0604762844741 724.06257135933265 2436.141197505407 9296.2348505938426 3993.7647612541914 5321.1648774296045 1153.3686259258538 1017.966993546579 2827.3919209362939 1021.9369928697124 731.64867272973061 7670.5781407654285 2826.5358409434557 7069.1372953960672 549.17164591979235 4708.7652764767408 2758.7116746632382 14213.959504000843 13884.250573948026 1861.2363140601665 257.78817085362971 540.68670386821032 1571.698649296537 3546.0004883091897 731.48205535113811
leaf_count=13798 55213 15036 12781 80407 67138 35017 19380 11902 48298 18729 26981 5532 25514 14824 5303 3339 41324 14892 37632 3776 26173 24766 76714 68662 12292 1281 2963 10574 18723 5109
internal_value=1.89753e-05 -0.000142918 0.000352523 0.000138624 0.0015083 0.00410197 0.0156882 -0.0018364 0.00290745 -0.00195422 0.00256267 -0.0078724 -0.00609542 -0.00732115 0.00640966 0.0081347 0.0042021 -0.00101524 0.00632776 0.00287534 -0.00323905 0.0237061 7.65138e-05 0.00276849 -0.00529923 -0.00817566 -0.00407016 -0.0152911 0.0011584 0.00370885
internal_weight=130920 130107 118702 117218 70850 39905.2 4678.79 30944.8 14639.3 46368 35226.4 3589.51 16305.5 15287.5 11049.8 10027.9 28145.4 8147.7 19997.7 12327.1 5257.94 3482.77 32092 17878 11404.5 8508.89 6647.66 2112.39 4535.27 4277.48
internal_count=804073 748860 684120 669084 424572 242722 56927 181850 74374 244512 185795 17434 107476 81962 56940 51637 150778 41873 108905 67581 29949 44146 164105 87391 64740 50942 38650 13537 25113 23832
is_linear=0
shrinkage=0.05


Tree=99
num_leaves=31
num_cat=0
split_feature=16 17 12 5 11 5 22 22 22 12 5 11 22 22 4 12 12 3 12 19 12 12 11 11 11 12 24 22 11 11
split_gain=200.278 132.512 124.525 186.984 213.568 215.11 166.902 153.016 147.918 137.79 115.432 146.093 115.519 187.081 178.533 154.847 147.034 139.063 188.079 197.835 129.685 125.935 175.437 113.117 112.829 110.024 109.081 107.519 122.868 107.386
threshold=0.16176471114158633 217.55000305175784 2.1687306501547994 15.500000000000002 67.867619931397982 7.5000000000000009 0.43984303000000008 -1.3625972 -1.2825376499999999 1.6640866873065019 2.5000000000000004 50.76485803746403 1.5679100000000001 1.3255616000000001 109.19565428793432 8.0216718266253881 4.3544891640866874 24.727126851677898 6.1037151702786394 0.57352942228317272 10.332817337461302 7.93498452012384 15.793902891665141 71.626220415770192 70.692184278597324 8.1130030959752339 7.5000000000000009 -0.62631416499999981 6.8989440573627379 37.513179078940361
decision_type=2 2 2 2 2 2 2 2 2 2 2 2 2 2 2 2 2 2 2 2 2 2 2 2 2 2 8 2 2 2
left_child=-1 2 3 4 5 -2 23 -7 -4 -9 11 -10 13 17 -15 16 24 20 19 -19 21 22 -12 -6 -14 -13 -23 28 -20 -16
right_child=1 -3 8 -5 6 7 -8 9 10 -11 12 25 15 14 29 -17 -18 18 27 -21 -22 26 -24 -25 -26 -27 -28 -29 -30 -31
leaf_value=0.026327340709401993 0.001140230456789608 -0.01414705667291879 0.0068150900551123108 0.01770484819875328 -0.01343063999229363 -0.01021424165814986 -0.0182542521326561 0.021418484735445591 -0.0029271651621631326 0.0057715356474447891 0.015797812843261792 -0.019149810592216418 0.027852991524234025 0.0031841378651770915 0.051336476715554261 0.0026892783882612368 -0.034979675891414118 0.0019347399216779759 -0.039140897246444199 -0.0059916756610381402 0.016941068296303218 -0.015923801494343144 0.0014042677190104962 0.002384674004825582 -0.022483968071627322 0.016091634281378452 0.0002664247350835701 -0.01176278954496408 0.0080860441498540325 0.013804453103004136
leaf_weight=724.37692485703155 13521.83569822181 1637.6717859487981 6127.5771766216494 2006.5699150688015 1447.8687529861927 678.85150261223316 1802.5924468650483 3360.2797257369384 11844.887498048134 2421.6911809141748 2350.1715991143137 2407.1600298248231 202.99449258903041 1229.9043761291541 410.16814348101616 1085.722899065353 857.03631795197725 23560.867498958483 152.79302544519305 11820.761094638146 1410.6481911987066 1783.4527082704008 21260.327073251829 5146.1618428453803 244.0546796778217 243.14989276975393 2494.8582724556327 6768.7722496269271 1317.1835132110864 357.0851596724242
leaf_count=54442 73180 10000 33631 29259 9374 4840 13286 25110 61703 14411 10152 16601 1418 7279 2204 5995 6025 146136 727 61222 6859 8570 103367 35304 2013 1609 11983 36464 7305 2712
internal_value=0.000127672 -1.85704e-05 0.000161858 0.00295808 0.00191481 0.00472642 -0.00477613 0.0122306 -0.000705782 0.0148671 -0.00120785 -0.00530221 -0.000440092 -9.48136e-05 0.014999 -0.0112595 -0.0228658 -0.00050841 -0.00229791 -0.000713516 0.00215575 0.00140731 0.0028376 -0.00108945 0.00038401 -0.0159118 -0.00648476 -0.00910126 0.00315389 0.0339095
internal_weight=130677 129953 128315 30385.9 28379.3 19982.7 8396.62 6460.82 97929.6 5781.97 91802 14495.2 77306.8 74917 1997.16 2389.81 1304.09 72919.8 43620.4 35381.6 29299.5 27888.8 23610.5 6594.03 447.049 2650.31 4278.31 8238.75 1469.98 767.253
internal_count=803181 748739 738739 204764 175505 117541 57964 44361 533975 39521 500344 79913 420431 404980 12195 15451 9456 392785 251854 207358 140931 134072 113519 44678 3431 18210 20553 44496 8032 4916
is_linear=0
shrinkage=0.05


Tree=100
num_leaves=31
num_cat=0
split_feature=17 14 22 17 12 11 9 11 22 23 12 12 11 22 14 12 22 12 24 22 9 22 4 11 14 11 22 11 23 14
split_gain=222.95 273.496 122.808 120.964 104.935 95.5471 219.319 110.677 153.994 181.823 249.644 181.922 189.131 123.557 109.791 100.765 175.265 159.833 186.057 157.511 142.434 153.791 135.029 125.694 145.023 139.293 125.408 208.207 127.34 121.745
threshold=157.66176605224612 232.50000000000003 2.7106600000000003 213.25555419921878 3.4164086687306505 145.48981178265885 61.500000000000007 88.744555543150895 0.93355476500000012 0.64900642500000016 6.0541795665634686 3.9086687306501551 129.20073116478446 0.68539762500000012 247.50000000000003 2.7198142414860684 -1.7667101999999997 2.535603715170279 3.5000000000000004 0.68539762500000012 17.500000000000004 -1.2644603999999997 84.52066266164185 72.489355760012359 181.50000000000003 29.290478826860898 -1.52295315 27.905007794280266 1.7943998000000001 269.50000000000006
decision_type=2 2 2 2 2 2 2 2 2 2 2 2 2 2 2 2 2 2 8 2 2 2 2 2 2 2 2 2 2 2
left_child=1 -1 3 5 -3 7 -7 15 9 10 -9 12 14 -14 -11 16 -2 22 -19 -20 -17 23 26 24 -22 -26 27 28 -18 -23
right_child=2 4 -4 -5 -6 6 -8 8 -10 11 -12 -13 13 -15 -16 20 17 18 19 -21 21 29 -24 -25 25 -27 -28 -29 -30 -31
leaf_value=0.039032072917624276 -0.015687135727781645 0.022735895860049617 -0.029945179175991474 -0.011288206305988691 -0.003046625222253459 0.010941700039475815 0.1432168163554576 -0.023054429761461916 -0.027900368626982294 0.01198145579049696 0.045357211575112834 -0.020508346346564257 -0.036767695628622157 0.025343083853543943 -0.036483730726403693 -0.0027901270294084747 0.07294637295138863 0.031021061784329302 6.8670309815413956e-05 0.027913280894140004 0.052081388101557172 0.0001084834387129941 0.0054841725821810133 0.061869109618495004 0.018660690151642494 -0.010617640419879903 -0.0019284782557960197 0.00023811694472972698 -0.0056378567270348673 0.015180975092531005
leaf_weight=781.10793009167537 1296.883277841378 544.51303242566064 348.96326236659661 2449.0989063438028 1426.3367340941913 202.6526578143239 36.114888288080692 1608.0144742950797 732.16236805776134 3219.1396269337274 144.48029747465625 776.4840013794601 372.93433437868953 101.11918800044805 120.30277137318626 41753.534158790484 206.59923919662833 1007.9007852529176 2319.9482756261714 649.24429871700704 196.54932087659836 35088.317466034554 14283.811532171909 131.97839526832104 1000.7652873285115 682.49288127571344 17274.286747522186 550.45993137173355 68.398833248764277 1391.9241450577974
leaf_count=47560 7784 12486 2251 14852 12131 2041 208 11095 6353 24310 1034 5571 2734 866 1058 236793 1010 5608 13244 3933 968 175226 108748 592 4853 3189 88953 2804 326 6041
internal_value=-6.38709e-05 0.0140145 -0.000366625 -0.00028554 0.00408457 -7.02519e-05 0.0314629 -0.000130747 -0.00620454 -0.00369601 -0.0173917 0.00153579 0.0060285 -0.0234935 0.0102251 0.000233754 0.00236748 0.00301186 0.01247 0.00616453 -0.000767577 0.00142636 0.00184993 0.0148811 0.011551 0.00679026 -0.00101826 0.018009 0.0534509 0.000683983
internal_weight=130767 2751.96 128015 127666 1970.85 125216 238.768 124978 7074.64 6342.47 1752.49 4589.98 3813.5 474.054 3339.44 117903 37657.5 36360.6 3977.09 2969.19 80245.6 38492 32383.6 2011.79 1879.81 1683.26 18099.7 825.458 274.998 36480.2
internal_count=804622 72177 732445 730194 24617 715342 2249 713093 53021 46668 12129 34539 28968 3600 25368 660072 232410 224626 22785 17177 427662 190869 201841 9602 9010 8042 93093 4140 1336 181267
is_linear=0
shrinkage=0.05


Tree=101
num_leaves=31
num_cat=0
split_feature=17 14 20 9 21 14 22 9 14 17 5 19 22 14 21 20 20 21 19 14 20 14 22 17 23 23 22 21 17 23
split_gain=204.8 261.627 156.685 126.702 193.85 172.378 134.751 134.562 276.939 236.704 234.759 195.618 149.817 155.225 230.093 144.871 135.628 218.247 333.439 216.884 178.068 187.426 144.105 143.382 133.634 131.974 124.963 140.1 124.712 130.768
threshold=157.66176605224612 243.50000000000003 -19.215438842773434 38.500000000000007 0.51909596000000013 222.50000000000003 0.69818211000000008 24.500000000000004 219.50000000000003 176.87500000000003 1.5000000000000002 0.60294118523597728 1.1238994000000002 194.50000000000003 -0.62958570999999985 74.476669311523452 78.784561157226577 -0.72949796999999983 0.22058823704719546 257.50000000000006 12.507575988769533 237.50000000000003 1.5679100000000001 174.79044342041018 0.88105851500000021 1.6180181500000004 0.075349397950000022 -0.83962696999999986 179.38796234130862 0.73998249000000016
decision_type=2 2 2 2 2 2 2 2 2 2 2 2 2 2 2 2 2 2 2 2 2 2 2 2 2 2 2 2 2 2
left_child=1 -1 -2 7 -5 24 -7 11 10 -10 -9 16 13 14 25 -13 17 23 -19 28 -20 22 -22 -4 -6 -12 -11 -28 29 -18
right_child=2 -3 3 4 5 6 -8 8 9 26 12 15 -14 -15 -16 -17 19 18 20 -21 21 -23 -24 -25 -26 -27 27 -29 -30 -31
leaf_value=0.034182849652322586 -0.0080601284695978916 0.0018796142353294338 -0.011007858355480238 -0.00083553852156265063 0.014526476791231853 -0.026692389218578024 0.0042034503584086683 -0.023142404923824501 -0.007265118318459338 0.02230978777708937 -0.014252458343580505 -0.006154746035316478 -0.019863134449169977 -0.0068275301309699181 0.016225039184999551 0.0039616479887955519 -0.032062828208836554 0.018902467487695251 -0.0021779416589993443 0.0016097118010387529 0.0097931663653572504 -0.0019461733091319178 -0.017193355381324788 0.00047313210180247191 -0.010843457631468012 0.010897537115943936 0.031014899641586303 0.0014902419659714185 0.0015709027993642212 -0.010423827188105606
leaf_weight=981.27032958157361 6203.3739072829485 1732.3922193590552 3734.1608994356357 16548.242413066328 772.04928448051214 2058.0730275958776 425.61662657558918 1033.5455898195505 1282.9106018505991 3592.2528682053089 1327.1002516299486 17265.07459857408 716.76891395077109 2359.668894905597 3566.7155109150335 4450.535833330825 990.20343533484265 3738.4880874152295 10535.907260011416 8779.9009831277654 14002.578966254368 5573.2886739997193 511.91102911159396 9999.7575772982091 1578.9412715770304 858.06899537146091 506.46278561651707 1930.201616384089 1271.6665186677128 2367.6128122103401
leaf_count=54175 35535 17888 28712 80286 4187 10225 2391 6272 5895 16394 6539 98681 5080 11583 18868 23343 6351 49023 55957 48289 83425 31259 3130 52917 9868 4266 2363 9079 6861 15676
internal_value=-2.1117e-05 0.0135689 -0.000309378 8.55095e-05 -0.00340902 -0.0122156 -0.0213984 0.00082983 0.00485928 0.0122325 -0.000608057 -1.74475e-06 0.0020324 0.00396938 0.00839915 -0.00408134 0.00143867 0.00267843 0.00480773 -0.00300788 0.00308651 0.00584765 0.00884026 -0.00264905 -0.00250951 -0.00437613 0.0163819 0.00763717 -0.0117637 -0.0168127
internal_weight=130695 2713.66 127981 121778 21382.9 4834.68 2483.69 100395 17173.7 7311.83 9861.87 83221.1 8828.32 8111.55 5751.88 21715.6 61505.5 48096.1 34362.2 13409.4 30623.7 20087.8 14514.5 13733.9 2350.99 2185.17 6028.92 2436.66 4629.48 3357.82
internal_count=804518 72063 732455 696920 106957 26671 12616 589963 86339 33731 52608 503624 46336 41256 29673 122024 381600 304423 222794 77177 173771 117814 86555 81629 14055 10805 27836 11442 28888 22027
is_linear=0
shrinkage=0.05


Tree=102
num_leaves=31
num_cat=0
split_feature=1 17 17 10 5 1 11 23 23 3 0 11 11 23 11 24 7 23 5 23 23 11 23 11 4 24 25 11 23 11
split_gain=187.295 125.642 106.395 104.116 145.215 205.008 150.423 141.611 241.903 135.355 125.635 100.848 125.916 116.261 100.83 99.5511 99.4713 99.4244 103.583 94.1357 94.6946 131.171 180.317 94.1248 94.2949 99.3425 97.8657 93.358 89.5467 204.431
threshold=72.458122730255141 206.93333435058597 169.697135925293 -23.176934808492657 9.5000000000000018 25.457864448428158 48.929337142444808 0.61457589000000012 1.2403435000000003 107.53681546449663 2.439024925231934 66.271986887747019 23.68438548846142 1.6688709500000003 64.435121413435652 5.5000000000000009 1.0000000180025095e-35 1.4620874500000001 26.500000000000004 0.13422438000000003 1.2403435000000003 21.205184842975978 1.0780397000000002 54.902615672167705 25.399999752640728 2.5000000000000004 22.142363941669469 66.271986887747019 0.41263689000000009 22.113093404139715
decision_type=2 2 2 10 2 2 2 2 2 2 2 2 2 2 2 10 2 2 2 2 2 2 2 2 2 10 2 2 2 2
left_child=1 3 -2 -1 6 9 19 14 -9 15 -7 12 17 -14 -8 -6 -12 18 -11 -5 21 22 -21 -10 -25 26 -26 -16 29 -23
right_child=2 -3 -4 4 5 10 7 8 23 11 16 -13 13 -15 27 -17 -18 -19 -20 20 -22 28 -24 24 25 -27 -28 -29 -30 -31
leaf_value=0.0031663360478635509 0.050054593725247988 -0.006698648174838194 0.011066672123655334 0.02558233264638568 0.0043326739890237531 0.0021950201498681073 -0.020520668572926976 0.0018129042107536747 -0.017980925271100637 -0.016192847279038594 0.0097191994429033091 -0.014917890630894715 0.0066075841960792072 -0.017016475949994933 0.026665634425805142 -0.0049819404687596438 0.035280286040535694 0.012270598487020072 -0.062489900502242672 0.0092526102217772178 0.0026422315521350348 -0.083431883241001037 -0.012320551966254319 -0.023619297745761905 -0.0088714019861729915 -0.0091034936725035067 0.013711827857094173 -0.0087126058839356851 -0.0055895051541034095 0.0065045001589649895
leaf_weight=25102.103562572971 267.32340614730492 6777.6223280578852 505.3407522700727 356.31438690377399 19324.984501047991 1026.5269623808563 2210.2059134114534 11031.6308124559 2325.7321072937921 421.25101694092155 651.10658127628267 1905.6468449225649 3093.1282634586096 625.21049732342362 203.1776247182861 3367.6227996572852 918.57870407681912 186.65251333545893 169.03693459648639 4395.0864646583796 17284.475734212436 63.765718728303909 1241.4168249121867 687.70188054814935 788.45083086006343 3478.3326771371067 1222.1003654617816 2153.0706650284119 16187.220606777351 2592.2098749941215
leaf_count=129880 45010 39177 10444 1695 99568 10477 11715 61159 13199 2406 6337 12223 21775 4306 1192 16883 54223 1451 1254 20508 91103 272 5762 4488 4065 21712 6612 12542 80837 12468
internal_value=7.45817e-05 -7.16276e-05 0.0246028 0.000293552 -0.00044299 0.00234051 -0.00177504 -0.00492534 -0.00307188 0.00113891 0.0158002 -0.00528197 -0.00119468 0.00263187 -0.0128515 0.00295021 0.0246905 -0.0194879 -0.0295339 2.75642e-05 -0.000191066 -0.00219161 0.00449987 -0.00940928 -0.00617933 -0.00399037 0.00485566 -0.00565195 -0.00419334 0.00431468
internal_weight=130563 129790 772.664 123013 97910.6 31689.7 66220.9 24100.4 19533.9 29093.5 2596.21 6400.93 4495.28 3718.34 4566.45 22692.6 1569.69 776.94 590.288 42120.5 41764.2 24479.7 5636.5 8502.32 6176.59 5488.88 2010.55 2356.25 18843.2 2655.98
internal_count=804743 749289 55454 710112 580232 230903 349329 136684 111235 159866 71037 43415 31192 26081 25449 116451 60560 5111 3660 212645 210950 119847 26270 50076 36877 32389 10677 13734 93577 12740
is_linear=0
shrinkage=0.05


Tree=103
num_leaves=31
num_cat=0
split_feature=16 12 11 14 22 14 12 11 22 25 11 22 14 24 5 12 11 22 12 14 24 14 14 14 21 11 11 24 21 22
split_gain=184.875 116.071 112.228 245.918 241.711 210.962 321.041 219.037 189.743 328.211 197.459 213.604 230.79 200.668 176.54 151.141 292.605 181.736 168.899 426.826 224.593 277.804 156.242 319.934 155.886 155.612 294.597 148.682 162.504 143.681
threshold=0.16176471114158633 0.52012383900928805 48.929337142444808 176.50000000000003 1.0312679500000002 201.50000000000003 2.7631578947368425 92.67470495860691 0.26599726000000007 21.640113502740864 54.902615672167705 -0.65970697999999983 191.50000000000003 2.5000000000000004 14.500000000000002 6.2523219814241502 38.534988952967872 -1.5525849499999997 10.162538699690405 194.50000000000003 1.5000000000000002 241.50000000000003 255.50000000000003 264.50000000000006 1.0523938500000003 45.413500027202332 45.808174089295072 7.5000000000000009 0.96495300500000003 -1.3625972
decision_type=2 2 2 2 2 2 2 2 2 2 2 2 2 8 2 2 2 2 2 2 8 2 2 2 2 2 2 8 2 2
left_child=-1 -2 15 27 5 6 8 -8 10 -10 13 -12 -13 -5 29 -3 17 -17 20 -20 21 -19 -21 -24 -22 -18 -27 28 -4 -7
right_child=1 2 3 4 -6 14 7 -9 9 -11 11 12 -14 -15 -16 16 25 18 19 22 24 -23 23 -25 -26 26 -28 -29 -30 -31
leaf_value=0.026082414503101975 0.013361608219108027 0.0019916308698443509 0.0033860164329210375 -0.048844489486374862 -0.015669857122423771 -0.020994732839825923 0.0028428028563609441 -0.02276612742867036 0.042600044554178193 -0.022776011873792655 0.04708378625680229 -0.0037043623909489027 0.036456263841409119 0.020824798904516797 0.0083055169951121912 0.037909418100972862 -0.026948735028352391 -0.028932380711151697 -0.020769294180756695 0.02354993242574013 -0.00012848096939587728 0.01743923679690642 -0.020685346384324219 0.034366606425110226 -0.019659440292932904 0.080395945317323858 -0.012121458367562591 -0.021543081135159875 -0.023569066219323521 -0.0032793707553257822
leaf_weight=667.08474640129134 1538.1120811668225 59245.538940288126 1893.4833100996912 173.29336718190461 2664.7060584304854 1210.658499028068 6926.4937204518355 948.41043432150036 277.05810225522146 619.16707113478333 997.76355371344835 695.92512078816071 734.75886940956116 253.01635648403317 3203.5000811610371 297.48668299755082 1762.755127497483 1576.2873361879028 1030.6952146617696 2254.5188903994858 14066.511273921467 405.42283542267978 680.43591019930318 429.72044474072754 1100.6625552307814 98.713039414491504 626.68683441495523 2484.3688582391478 792.33197628613561 20687.498441347387
leaf_count=54763 15417 317336 13173 997 21136 7536 39998 6622 1744 4616 6072 4582 5108 1549 38633 1586 10403 7562 5500 10863 69884 1941 3196 2531 5654 509 3817 19999 6240 115571
internal_value=-0.000152357 -0.000287515 -0.000451456 -0.00247788 -0.0011321 -7.69354e-05 0.00549098 -0.000243896 0.0175278 -0.00254077 0.0238268 0.0293346 0.0169321 -0.00754355 -0.00265584 0.00062905 -0.00268891 -0.000837834 -0.0013746 0.0073689 -0.00361591 -0.0194416 0.015992 0.00063597 -0.00154702 -0.0189313 0.000561735 -0.0127294 -0.00457171 -0.00425969
internal_weight=130343 129676 128138 44562.4 39392.2 36727.5 11625.9 7874.9 3750.98 896.225 2854.76 2428.45 1430.68 426.31 25101.7 83575.4 24329.9 21841.7 21544.3 4395.37 17148.9 1981.71 3364.68 1110.16 15167.2 2488.16 725.4 5170.18 2685.82 21898.2
internal_count=804538 749775 734358 293576 254164 233028 71288 46620 24668 6360 18308 15762 9690 2546 161740 440782 123446 108717 107131 22090 85041 9503 16590 5727 75538 14729 4326 39412 19413 123107
is_linear=0
shrinkage=0.05


Tree=104
num_leaves=31
num_cat=0
split_feature=16 20 10 0 14 21 22 14 11 11 11 22 23 23 21 14 14 14 17 14 14 21 22 11 21 14 11 14 21 23
split_gain=165.506 138.086 147.255 216.478 139.604 145.815 115.925 237.497 138.203 114.487 126.081 139.922 105.549 121.827 104.556 334.32 177.784 346.329 226.064 184.608 176.494 200.786 242.687 222.661 382.25 358.739 186.11 176.213 219.344 219.105
threshold=0.10294117778539659 -17.53835296630859 42.643965759873396 0.15369303524494174 156.50000000000003 0.24118209000000004 0.38392488500000005 164.50000000000003 98.898445862815393 10.895356289350397 27.302392981219867 1.2243577000000003 1.1894188000000001 1.7358680000000002 0.22946334500000004 264.50000000000006 184.50000000000003 193.50000000000003 188.31666564941409 264.50000000000006 244.50000000000003 0.36957310500000001 0.67365861000000005 41.848222688509402 1.5450766500000002 253.50000000000003 89.691619807248813 270.50000000000006 -0.50585707999999985 1.9593707000000002
decision_type=2 2 8 2 2 2 2 2 2 2 2 2 2 2 2 2 2 2 2 2 2 2 2 2 2 2 2 2 2 2
left_child=-1 4 6 -4 -2 9 -3 -8 14 -6 12 -12 -11 -14 15 -9 -16 18 -18 20 -19 -22 23 -23 25 -25 -27 28 -17 -29
right_child=1 2 3 -5 5 -7 7 8 -10 10 11 -13 13 -15 16 27 17 19 -20 -21 21 22 -24 24 -26 26 -28 29 -30 -31
leaf_value=0.034799705650293 4.3166967268082003e-05 0.00076026805854917054 -0.0034271048878524845 0.018805970705966471 -0.043791619440393711 -0.029368014450829857 0.021127069105176963 -0.0028974306184473692 -0.01956144944968503 -0.0059477800418999832 -0.016018453083279035 0.03948094922786187 0.053671100863505516 -0.0065907486905856559 -0.02333669809895806 0.0059777586994141704 0.068498036430432341 -0.0082477129437492445 0.00075639844856813818 -0.019413867063300255 -0.05225563727701367 -0.037301938780049768 0.022167637984729208 -0.057787069172397135 -0.040944420624054872 0.067095561406063084 -0.036174215794717413 -0.025177305781017456 0.046616838116145531 0.055898050994518826
leaf_weight=337.47049300419167 3640.2309242356569 88332.672909799032 1940.3964253636077 2510.7183081866242 198.42165436595678 1063.7266576364636 996.92021118383855 13338.409608394839 1307.4006082960404 367.08323844149709 1545.1305695232004 121.62349936924875 232.43190469779074 130.58546935766935 1369.7361217122525 584.59974798792973 261.02940830215812 5310.4608371495269 232.42137851193547 2098.7425996181555 135.25673981383443 408.96766495332122 1652.9633538248017 85.773009224794805 254.53958454774693 351.96739587234333 49.141420162748545 360.57641348894686 768.53599041886628 107.30113471578807
leaf_count=37497 17284 472222 11010 68885 1293 8114 5817 75287 9483 2236 10139 817 1264 737 9857 3112 1545 34838 1572 9666 607 2001 7963 508 1427 1860 368 1857 3707 545
internal_value=-0.000118442 -0.000209523 0.00018872 0.0091152 -0.00688992 -0.0137856 -0.000148052 -0.00285178 -0.00368606 -0.00738993 -0.00435944 -0.0119474 0.0129558 0.032035 -0.00292705 -0.000153413 -0.00637011 -0.00422452 0.036657 -0.00617737 -0.00280777 0.00702241 0.00990008 -0.00773079 0.00860891 0.034546 0.0543851 0.0199363 0.0290768 -0.00650425
internal_weight=130095 129758 122459 4451.11 7299.23 3659 118007 29674.7 28677.8 2595.28 2396.85 1666.75 730.101 363.017 27370.4 15159.4 12211 10841.3 493.451 10347.8 8249.07 2938.61 2803.35 1150.39 741.421 486.882 401.109 1821.01 1353.14 467.878
internal_count=803518 766021 724137 79895 41884 24600 644242 172020 166203 16486 15193 10956 4237 2001 156720 84508 72212 62355 3117 59238 49572 14734 14127 6164 4163 2736 2228 9221 6819 2402
is_linear=0
shrinkage=0.05


Tree=105
num_leaves=31
num_cat=0
split_feature=18 5 11 22 11 5 0 9 19 18 11 9 22 23 22 23 11 22 11 22 23 22 22 11 11 22 2 23 4 16
split_gain=167.157 107.078 167.187 163.37 110.578 137.181 104.12 106.353 147.68 120.473 96.0512 114.547 100.931 125.782 150.814 119.519 122.503 98.1788 123.749 123.817 106.818 98.1206 94.5274 91.7965 88.7228 86.7193 83.1006 82.0139 81.3467 80.6727
threshold=156.30882263183597 2.5000000000000004 50.76485803746403 0.38392488500000005 145.48981178265885 8.5000000000000018 5.4374144077301034 8.5000000000000018 0.60294118523597728 160.38235473632815 26.681275045320444 81.500000000000014 -0.30655443499999996 0.21055318500000003 0.14726732500000003 1.57960955 4.0024652567118322 -0.39234758499999994 6.8989440573627379 -0.98463689999999982 1.5362299500000003 -0.75141000499999988 -0.076082348799999991 26.484862307103892 15.793902891665141 0.19324044500000001 108.36288268119098 0.73998249000000016 239.04111241549256 0.83823528885841381
decision_type=2 2 2 2 2 2 2 2 2 2 2 2 2 2 2 2 2 2 2 2 2 2 2 2 2 2 2 2 2 2
left_child=23 2 -2 4 6 -6 7 8 -3 -9 12 -12 15 22 -15 17 -17 18 21 -20 -21 -11 -14 28 -19 -16 27 -8 -1 -5
right_child=1 3 -4 29 5 -7 26 9 -10 10 11 -13 13 14 25 16 -18 24 19 20 -22 -23 -24 -25 -26 -27 -28 -29 -30 -31
leaf_value=0.031446210168216859 -0.0015011723687274299 0.00053887639845017269 -0.013328094259595642 -0.0019749888702963896 0.11095164434219769 0.0069247402747308938 -0.0015272308600180983 -0.011756249660962738 -0.0079447162309153746 -0.060330803486496512 0.0019409603941106879 -0.016159913003119732 -0.057756593603813557 0.020557542587958014 -0.028487196934877859 -0.024495358793521334 0.021478880177055876 0.01373195095532545 0.021217453352953844 0.00055325277715681444 -0.046619715921771623 0.009873761853759204 -0.0013868144602674423 0.02892288924395674 -0.034585432285209071 0.0061896379484529217 0.028389604657526143 0.0082995657489473851 -0.0017682443787179194 -0.010695922861223603
leaf_weight=237.45092628337443 19010.549702136777 19512.72249245597 3544.4751007240266 23631.922235778067 50.535685669630766 82.678541300818324 3070.3974997280166 1459.6296171844006 6958.3840043377131 140.08040180802345 28933.820022515953 900.25386193394661 94.930809929966927 3170.7128689810634 206.77386359125376 165.28757812082767 1132.3786066323519 126.38322897255421 756.29542402178049 2780.1898950189352 124.41667336970568 76.511122852563858 331.15156649798155 722.85011300630867 376.19890678673983 1362.2146533802152 403.4551324849017 6880.1208839733154 811.9677950241603 2986.1048316536471
leaf_count=3732 96765 110163 23843 146976 290 753 26662 8287 35760 574 135250 4148 400 13753 917 744 5788 557 3459 12322 586 371 1408 39943 1643 6088 27746 65590 8699 20519
internal_value=-2.20236e-05 -0.000232796 -0.00336026 0.000434504 0.00157476 0.0469207 0.00149766 0.000792292 -0.0016914 0.00235258 0.00285912 0.00139424 0.00688899 0.0119456 0.0142851 0.00228705 0.0156087 -0.00166234 0.00103482 0.00321136 -0.00148272 -0.0355996 -0.0140518 0.0152243 -0.022432 0.00160441 0.00617113 0.0052675 0.00576994 -0.0029537
internal_weight=130041 128269 22555 105714 79095.5 133.214 78962.3 68608.3 26471.1 42137.2 40677.6 29834.1 10843.5 5165.78 4739.7 5677.74 1297.67 4380.08 3877.49 3660.9 2904.61 216.592 426.082 1772.27 502.582 1568.99 10354 9950.52 1049.42 26618
internal_count=803736 751362 120608 630754 463259 1043 462216 342218 145923 196295 188008 139398 48610 22566 20758 26044 6532 19512 17312 16367 12908 945 1808 52374 2200 7005 119998 92252 12431 167495
is_linear=0
shrinkage=0.05


Tree=106
num_leaves=31
num_cat=0
split_feature=15 18 12 18 24 22 3 15 22 5 14 23 14 23 14 14 23 25 12 25 18 12 13 22 24 23 14 18 12 22
split_gain=155.804 128.564 122.059 175.717 147.766 122.466 105.251 103.609 97.018 94.5805 203.416 169.985 136.72 324.344 319.022 256.527 268.51 232.897 162.31 160.874 145.051 144.416 143.435 202.485 135.934 129.642 213.019 242.661 186.747 275.113
threshold=31.400850296020511 190.41741943359378 2.1687306501547994 175.58020782470706 7.5000000000000009 -1.6132802499999999 131.09632103145125 12.043208599090578 2.7106600000000003 2.5000000000000004 246.50000000000003 1.2105088500000003 237.50000000000003 1.4448999000000002 253.50000000000003 253.50000000000003 1.5520628000000001 23.92355791628361 5.5015479876161004 22.997423905134205 164.45683288574222 2.8746130030959756 -38.190369529021041 -0.16837660999999995 3.5000000000000004 0.87074590000000007 175.50000000000003 163.92513275146487 4.1842105263157903 -0.99851524999999997
decision_type=2 2 2 2 10 2 2 2 2 2 2 2 2 2 2 2 2 2 2 2 2 2 2 2 10 2 2 2 2 2
left_child=1 2 3 4 7 -5 -7 -1 9 10 -4 -12 25 14 19 22 -17 -16 -18 -14 -21 -19 23 -15 -24 26 27 -11 -27 -30
right_child=-2 -3 8 5 -6 6 -8 -9 -10 12 11 -13 13 15 17 16 18 21 -20 20 -22 -23 24 -25 -26 28 -28 -29 29 -31
leaf_value=0.0072535645686429371 0.035721098238190467 -0.0087354885261557765 -0.006493567594400217 -0.02052655137988002 -0.013697150356047558 0.0014768400245447231 -0.014809421641187346 0.032920942385502167 -0.027072723588273687 0.036935467001658409 -0.0017537635256665162 0.027563074349055239 -0.020737080032795167 -0.032430677437282181 0.0056614716431717359 0.022941281546438694 -0.018470271692394326 -0.027712966603139606 0.0059776939744336944 -0.022415200289876522 -0.0024145179214833494 -0.0046123356387549391 0.031009380308766911 0.061106562323267812 0.0041713951156973341 0.0041275963650118166 0.0072865633309892753 -0.015339744555285063 0.0083181601904776786 -0.0064551248664916393
leaf_weight=14065.184011513367 304.61721865739673 4097.5537358950824 12845.043228255585 753.79627671092749 831.10908508114517 12371.545469502918 1077.4977381927893 403.57184752402827 343.87717124493793 249.67037233803421 1179.1682050079107 850.34266766160727 3675.7830022703856 68.049885034561157 7233.5180458966643 913.16949184238911 1627.4490687027574 754.52383688930422 1163.6077889702283 1176.880336551927 3935.9285646481439 6480.7842876468785 773.10738256713375 365.51064063794911 1209.1456246674061 14796.036328654736 15380.128100997303 1942.2735488237813 3985.2941835103557 15045.818621917628
leaf_count=100191 37250 24834 72293 4451 5187 70367 9387 15363 2245 3582 5126 4100 17008 324 32508 4594 8778 4760 5920 10014 18730 32459 4759 1841 6941 92014 85699 11378 21714 89908
internal_value=6.29791e-05 -2.11112e-05 0.000263484 0.00307617 0.00679382 -0.000928835 0.000171029 0.00797172 -0.000600976 -0.000505525 -0.00416931 0.0105372 0.000169182 -0.00255168 -0.0052467 0.00768913 -0.000578644 -0.00068252 -0.00827928 -0.0127599 -0.00702181 -0.00702485 0.0203613 0.0463845 0.014649 0.00172432 0.00520825 -0.00937128 -8.55579e-05 -0.00336119
internal_weight=129900 129595 125498 29502.7 15299.9 14202.8 13449 14468.8 95995.1 95651.2 14874.6 2029.51 80776.7 29377.5 23257.4 6120.04 3704.23 14468.8 2791.06 8788.59 5112.81 7235.31 2415.81 433.561 1982.25 51399.2 17572.1 2191.94 33827.1 19031.1
internal_count=803725 766475 741641 204946 120741 84205 79754 115554 536695 534450 81519 9226 452931 148636 115479 33157 19292 69727 14698 45752 28744 37219 13865 2165 11700 304295 100659 14960 203636 111622
is_linear=0
shrinkage=0.05


Tree=107
num_leaves=31
num_cat=0
split_feature=1 16 16 21 10 5 1 25 21 16 23 21 21 21 23 23 11 23 11 23 24 11 11 11 25 25 21 21 11 4
split_gain=150.539 105.818 104.622 92.9063 87.6381 108.414 203.841 103.815 102.914 109.736 114.01 118.354 139.667 111.899 103.884 101.712 98.7825 129.041 126.767 100.934 96.2354 87.6345 86.2602 84.2453 82.8092 79.9261 117.902 84.5066 148.196 85.9119
threshold=72.458122730255141 0.54411765933036815 0.83823528885841381 0.36153364000000004 -22.884793478250501 14.500000000000002 24.102101594209675 29.389901089668278 0.69073289500000012 0.60294118523597728 1.6502280500000002 1.1793401000000003 1.1150733500000001 1.2043300000000003 2.4967763500000006 2.4623731000000002 45.413500027202332 1.6003815000000003 38.7119807903035 1.3568360000000002 4.5000000000000009 62.96864587203499 9.5080668581966847 94.320466111330532 24.274647629261022 21.65932177305222 0.13841605500000004 0.30427013500000005 20.325362273898474 147.49697974324229
decision_type=2 2 2 2 10 2 2 2 2 2 2 2 2 2 2 2 2 2 2 2 10 2 2 2 2 2 2 2 2 2
left_child=2 -2 4 -4 -1 8 7 -7 23 -10 11 12 22 -12 15 21 17 18 -13 -20 -19 -15 -11 25 -5 26 -6 -27 -29 -30
right_child=1 -3 3 24 5 6 -8 -9 9 10 13 16 -14 14 -16 -17 -18 20 19 -21 -22 -23 -24 -25 -26 27 -28 28 29 -31
leaf_value=0.0029319473718640615 0.049528923439675548 0.0090430206757230649 -0.0016581908157674127 -0.0045722179623276194 -0.004173095166954458 0.0049832191792384857 0.024770944992044682 -0.0076133475186337986 0.0055640439123647708 0.026453956665624979 -0.031999034088766476 -0.0019182458991025006 -0.025876245372702333 -0.016610086566348652 -0.050061627640281298 0.040999617171423003 -0.0016648153156346751 0.10997208614126097 0.083542484407893747 0.017844588422476989 0.022347572126779111 0.0025412072817120063 -0.0054676999335840498 -0.010379381741499471 -0.018286954058785075 0.0027503146120193196 0.0044465406555776006 0.021524776556265113 -0.0091568196204535358 0.008276011626656022
leaf_weight=24977.370217019692 241.67744956538081 483.64698312291875 13101.137523538433 2838.1536430567503 16799.148666760419 6805.8715018685907 1098.2350111957639 2152.090090425685 2306.5958323432133 217.34261604398489 695.03912142105401 592.73447214625776 854.18758405931294 1555.4914752971381 148.90155329369009 103.86066058650613 1869.0549883395433 60.443291855975986 86.804751647636294 177.23374896124005 65.26168398372829 968.9579043649137 6904.8871734002605 1930.1119018280879 1797.8257320187986 30168.038761131 5192.7284546121955 522.4943764670752 4420.2728104107082 840.39142619678751
leaf_count=127137 44969 10113 73003 17514 83794 38879 47995 18934 15764 933 4114 3012 4543 8105 945 622 10681 295 465 885 353 6369 37097 11823 11933 165929 26201 2540 24203 5377
internal_value=-0.000116808 0.0225825 -0.000244365 -0.00381112 0.000322985 -0.000430078 0.00445025 0.00195647 -0.00107183 -0.00455433 -0.00618669 -0.00365786 -0.00678319 -0.0140693 -0.00957222 -0.00726021 0.00508374 0.0179108 0.0109318 0.039677 0.0650159 -0.00926116 -0.00449 -0.000105842 -0.00989357 0.000236547 -0.00213771 0.00168894 -0.00384729 -0.00637088
internal_weight=129976 725.324 129251 17737.1 111514 86536.2 10056.2 8957.96 76480 16606.8 14300.2 10828 7976.42 3472.25 2777.21 2628.31 2851.53 982.478 856.773 264.039 125.705 2524.45 7122.23 59873.2 4635.98 57943.1 21991.9 35951.2 5783.16 5260.66
internal_count=804527 55082 749445 102450 646995 519858 105808 57813 414050 94183 78419 58264 42573 20155 16041 15096 15691 5010 4362 1350 648 14474 38030 319867 29447 308044 109995 198049 32120 29580
is_linear=0
shrinkage=0.05


Tree=108
num_leaves=31
num_cat=0
split_feature=1 18 8 1 11 23 23 22 11 22 23 22 14 23 14 14 22 13 14 14 14 22 11 14 23 14 4 23 21 23
split_gain=142.949 111.864 129.836 99.8642 123.283 156.348 190.195 188.553 125.126 145.058 112.429 112.3 108.357 152.826 117.456 134.174 142.67 125.99 109.611 106.581 114.152 133.911 171.171 148.517 150.879 105.612 102.082 129.355 101.977 116.029
threshold=72.458122730255141 182.33635711669925 1.0000000180025095e-35 12.26904618740082 48.929337142444808 1.7182350000000002 0.57171410500000008 0.27487151000000004 54.902615672167705 0.49563800000000008 0.47509000000000007 0.055660221750000009 183.50000000000003 1.0344751000000001 201.50000000000003 205.50000000000003 0.49563800000000008 -68.591120305375952 205.50000000000003 251.50000000000003 227.50000000000003 -0.13172641999999998 58.047414695861363 247.50000000000003 0.82527256000000015 173.50000000000003 154.63015320524576 1.4448999000000002 -0.22205014999999997 0.94514796000000012
decision_type=2 2 2 2 2 2 2 2 2 2 2 2 2 2 2 2 2 2 2 2 2 2 2 2 2 2 2 2 2 2
left_child=1 3 -3 4 -1 6 7 -6 -7 25 -9 -5 28 14 17 16 -16 -14 -15 20 -17 22 23 24 -22 -10 -20 -28 -8 -30
right_child=-2 2 -4 11 5 8 12 10 9 -11 -12 -13 13 18 15 19 -18 -19 26 -21 21 -23 -24 -25 -26 -27 27 -29 29 -31
leaf_value=0.0012272526511008901 0.02229423190581005 -0.0072013396653172789 -0.00026876396525931729 0.0068171957857378132 -0.015301324681525248 -0.028059641527231463 0.00095282098851013166 0.028393384805285516 -0.037532254770226883 -0.024669509543585402 -0.010108480316064879 -0.0011363084469853265 -0.000640569753689027 0.0058300048583817526 -0.03414147594895893 0.010909670629632162 0.029064897407249025 0.027543528291130954 -0.011210598046880859 0.030103821871125792 -0.028121826349685849 -0.024545973527866177 -0.010202154362682363 0.073320829012227876 0.04114864763952969 0.0054450457287279321 -0.0050404895730593634 0.02929672803226549 -0.032002477972772107 -0.0043558985499679379
leaf_weight=55128.842073061503 713.41775142773986 10840.176393579692 17913.367427047342 12121.967321077827 3723.2158184535801 973.0114675052464 1719.7178094927222 439.84076957032084 156.76727918162942 780.64916155859828 331.99644691869617 7000.9341062356252 576.83857168629766 2658.9109582621604 401.03191773686558 2680.0590486377478 113.93266452848911 1267.180414961651 3544.423452090472 440.79476170614362 141.46839757636189 603.60302646458149 756.30174980685115 131.07114905118942 174.48171591386199 1520.7943813856691 929.39608014933765 387.98203671351075 688.31422001868486 845.23007221147418
leaf_count=261838 55512 65269 96957 125159 18185 5102 9047 2229 896 5075 1823 66926 2987 13854 1989 12943 626 6018 17854 2018 643 3003 3371 571 811 7340 4719 1980 4163 5329
internal_value=-9.85996e-06 -0.000133389 -0.00288253 0.000655223 -0.00011106 -0.00295009 -0.0014372 -0.0106392 -0.0128921 -0.00687945 0.0118406 0.00390549 0.000853511 0.00266889 0.00782888 0.00413226 -0.0201282 0.0187315 -0.00233096 0.00667111 0.00436292 -0.00534798 0.00429438 0.0287887 0.0101415 0.00140887 -0.00679445 0.00508674 -0.00740761 -0.0167775
internal_weight=129706 128992 28753.5 100239 81115.9 25987 22555.8 4495.05 3431.22 2458.21 771.837 19122.9 18060.7 14807.5 7286.76 5442.74 514.965 1844.02 7520.71 4927.78 4486.99 1806.93 1203.32 447.021 315.95 1677.56 4861.8 1317.38 3253.26 1533.54
internal_count=804237 748725 162226 586499 394414 132576 114163 22237 18413 13311 4052 192085 91926 73387 34980 25975 2615 9005 38407 23360 21342 8399 5396 2025 1454 8236 24553 6699 18539 9492
is_linear=0
shrinkage=0.05


Tree=109
num_leaves=31
num_cat=0
split_feature=15 10 6 5 10 5 11 19 9 9 11 23 5 11 0 0 0 23 5 11 11 23 11 11 23 23 23 9 11 9
split_gain=148.44 89.1827 151.971 126.134 92.7106 108.471 117.4 101.686 97.8034 94.6199 87.5589 82.1383 70.8451 85.5992 65.6348 63.1206 62.7432 60.6114 60.4052 73.6509 55.1048 55.0018 170.389 157.106 59.0336 58.0713 54.9613 53.1011 154.412 72.0986
threshold=31.400850296020511 42.643965759873396 1.5000000000000002 11.500000000000002 -22.781430703401565 3.5000000000000004 50.76485803746403 0.66176471114158641 13.500000000000002 71.500000000000014 62.51571629758083 2.4967763500000006 27.500000000000004 18.747223924407191 0.55294013023376476 18.906599044799808 5.5370237827301034 1.6330332500000002 10.500000000000002 72.489355760012359 1.0000000180025095e-35 1.6783351500000003 46.041871786809565 55.889192541778648 1.4349610000000002 1.4116550000000003 2.1248558500000003 25.500000000000004 103.36032366453911 35.500000000000007
decision_type=2 10 2 2 10 2 2 2 2 2 2 2 2 2 2 2 2 2 2 2 2 2 2 2 2 2 2 2 2 2
left_child=1 4 3 -3 14 6 15 9 18 11 -8 12 16 -14 20 -6 21 -12 -9 -20 -1 24 -23 26 25 27 -24 -7 29 -29
right_child=-2 2 -4 -5 5 7 10 8 -10 -11 17 -13 13 -15 -16 -17 -18 -19 19 -21 -22 22 23 -25 -26 -27 -28 28 -30 -31
leaf_value=-0.056856761710685072 0.036190662330376953 0.0064033502476598019 -0.0090526433932544385 0.03368409375846796 -0.0015167318018241152 3.9969747191846098e-05 -0.019106934892779981 -0.012571724595821827 0.00012146070369769811 -0.010528313500766877 -0.0014314389727933792 -0.014369511940233002 -0.058091972987666697 -0.0055171430945066486 0.0075562590359114397 -0.02151837828233388 0.0051692646433965823 -0.024481907482504912 0.0065597935937065782 -0.019998494761240083 0.0014121783826772101 0.0038142013019099026 -0.029407601472622526 -0.0031257386768862023 0.0059564441972480651 -0.013981353008081216 -0.0043987364964345943 0.011475678667531762 -0.031482996110849704 0.0016786886810080332
leaf_weight=39.641857411712408 284.96655046730302 1036.2935611668508 771.47270177304745 716.46346956328489 14236.243992506526 32091.486775042955 2002.7461325777695 3876.0954323429614 5579.90778940171 1811.8322091028094 1956.83679731749 851.19175955979154 106.0775067973882 280.42634738376364 5077.4563782736659 404.68934513675049 9352.1723245237954 332.87531713023782 1006.962352687493 351.28251430764794 24743.81428597495 4210.2516656643711 1089.0007362165488 2404.3736695400439 6152.5378762027249 661.4332972727716 275.63358360528946 3336.0938607826829 284.63381574675441 4295.7867764346302
leaf_count=186 37257 19901 3802 45211 71825 161858 12126 21575 27688 8472 12216 5306 933 5864 27650 2497 85151 2296 5379 2179 129391 21871 5792 13552 31953 3370 1462 15430 1599 19905
internal_value=0.000206737 0.000127174 0.00943136 0.0175676 -5.81021e-05 -0.000808399 -0.00420324 1.55117e-05 -0.00448413 0.000739647 -0.0114737 0.00105201 0.00125562 -0.0200592 0.00237786 -0.00207103 0.00138435 -0.00479171 -0.00939287 -0.000318629 0.00131669 0.000738343 -0.00309854 -0.0108195 0.00139227 0.000701659 -0.0243631 0.00094475 0.00461203 0.00596215
internal_weight=129621 129336 2524.23 1752.76 126811 96950.6 18933.4 78017.2 10814.2 67202.9 4292.46 65391.1 64539.9 386.504 29860.9 14640.9 64153.4 2289.71 5234.34 1358.24 24783.5 54801.2 7979.26 3769.01 46822 40669.4 1364.63 40008 7916.51 7631.88
internal_count=803697 766440 68914 65112 697526 540299 100960 439339 56821 382518 26638 374046 368740 6797 157227 74322 361943 14512 29133 7558 129577 276792 42677 20806 234115 202162 7254 198792 36934 35335
is_linear=0
shrinkage=0.05


Tree=110
num_leaves=31
num_cat=0
split_feature=15 20 22 22 11 12 11 14 14 24 4 14 19 11 22 14 24 14 24 1 14 11 22 12 4 12 14 14 14 22
split_gain=156.081 97.8941 114.187 159.548 124.379 122.399 261.126 308.112 287.361 234.319 153.302 149.77 131.615 121.622 112.685 103.757 98.7899 103.789 110.594 96.1733 95.3903 86.9612 83.5755 81.2535 106.188 81.1899 346.528 142.707 307.101 145.199
threshold=31.400850296020511 -23.098388671874996 -1.2466693999999998 -1.7667101999999997 46.315588174439718 1.9643962848297216 67.867619931397982 203.50000000000003 196.50000000000003 7.5000000000000009 119.94234003126623 265.50000000000006 0.13235294446349147 69.240060989413394 0.16082139000000004 166.50000000000003 4.5000000000000009 243.50000000000003 2.5000000000000004 14.213365554809572 249.50000000000003 26.484862307103892 0.030713726750000003 1.6640866873065019 181.99794530868533 10.162538699690405 194.50000000000003 255.50000000000003 264.50000000000006 0.19324044500000001
decision_type=2 2 2 2 2 2 2 2 2 10 2 2 2 2 2 2 10 2 8 2 2 2 2 2 2 2 2 2 2 2
left_child=1 21 3 4 15 6 9 8 -8 10 16 12 -9 -14 -10 -3 17 -4 -19 -6 23 -1 -22 24 -15 -7 -27 -28 29 -29
right_child=-2 2 5 -5 19 25 7 11 14 -11 -12 -13 13 20 -16 -17 -18 18 -20 -21 22 -23 -24 -25 -26 26 27 28 -30 -31
leaf_value=-0.0023832694595006931 0.037597636871646974 -0.011614721194889589 0.0069306937739366057 0.0087297109336870304 -0.024952947843931986 -0.001299078861766313 -0.00036985807239873646 0.034977875489633548 0.057761066458139027 -0.016970910852434889 0.018443755606668007 0.024920470974021152 -0.04240657884149221 -0.01667091617755978 0.015302929700584465 0.017498217594109942 0.021729845592313536 0.020575948633683189 -0.014105904636287296 0.01159479872220825 -0.010412684706036471 -0.018071433059408313 -0.038401718033407015 0.0066915334047656849 0.0086933034801475653 -0.019047008603504077 0.020742131905228452 0.017986526315012095 0.032870677758943992 -0.034442663394547789
leaf_weight=2556.0740838944912 275.46194776287302 537.56707254424691 6268.5178105202504 7859.3111554195639 926.45590011961758 90276.395128066186 1432.4417903667782 140.07278238190338 370.57894369168207 903.51722505665384 3382.1912740657572 279.3264176431112 349.39394477335736 2166.2730454439297 271.33135783672333 708.00916751287878 883.25674515822902 281.54863944090903 1233.1258072890341 222.71528469654731 518.36211672704667 1349.08347514458 550.60853764787316 758.24984011938795 509.01770778652281 1078.040274635423 2255.3048910875805 175.58465568628162 416.09978773444891 525.28457629680634
leaf_count=13331 37532 2897 35533 48225 4596 509498 11776 5129 2924 5427 32632 2514 2292 14280 2404 4022 5040 1917 6800 2973 4071 9262 4045 4770 6143 6600 11193 948 2510 2329
internal_value=6.89642e-05 -1.13496e-05 0.000231689 0.0052872 -0.0060097 -0.000219035 0.00330438 -0.00422579 0.0120944 0.00757502 0.00941695 -0.0106491 -0.012644 -0.0140258 0.039866 0.00493439 0.0058924 0.00409257 -0.0076499 -0.0178659 -0.0118145 -0.00780617 -0.0248518 -0.00774955 -0.0118435 -0.00097405 0.0056181 0.0135063 -0.00110928 -0.021301
internal_weight=129459 129184 125279 10254.1 2394.75 115025 20297.8 7345.66 2074.35 12952.2 12048.6 5271.3 4991.98 4851.91 641.91 1245.58 8666.45 7783.19 1514.67 1149.17 4502.51 3905.16 1068.97 3433.54 2675.29 94726.7 4450.31 3372.27 1116.97 700.869
internal_count=803613 766081 743488 62713 14488 680775 147697 60348 17104 87349 81922 43244 40730 35601 5328 6919 49290 44250 8717 7569 33309 22593 8116 25193 20423 533078 23580 16980 5787 3277
is_linear=0
shrinkage=0.05


Tree=111
num_leaves=31
num_cat=0
split_feature=18 14 9 18 12 21 25 14 21 14 21 4 12 25 14 14 12 13 14 12 9 4 14 21 21 17 12 22 14 14
split_gain=142.205 208.877 183.936 108.622 101.591 127.747 95.279 173.474 227.894 98.2769 93.9176 214.058 211.749 149.729 206.791 208.372 223.58 205.295 191.514 173.77 148.109 169.072 190.997 240.565 163.462 144.292 133.093 185.437 216.249 244.589
threshold=156.78584289550784 243.50000000000003 23.500000000000004 190.41741943359378 0.97832817337461309 -0.22205014999999997 35.993842467665679 214.50000000000003 -1.1594290499999997 261.50000000000006 0.51909596000000013 89.018010266125216 8.5232198142414877 23.455767762660983 217.50000000000003 167.50000000000003 1.9086687306501551 -71.248739037547395 261.50000000000006 10.332817337461302 24.500000000000004 22.205187477171425 247.50000000000003 -0.77317857499999987 -2.0836265999999992 188.74206542968753 5.4272445820433441 1.0095930500000001 177.50000000000003 264.50000000000006
decision_type=2 2 2 2 2 2 2 2 2 2 2 2 2 2 2 2 2 2 2 2 2 2 2 2 2 2 2 2 2 2
left_child=1 2 -1 4 5 -2 10 8 -8 -9 20 13 -13 14 15 16 -12 -17 19 -16 26 22 24 -24 -22 -19 27 -6 -29 -30
right_child=3 -3 -4 -5 6 -7 7 9 -10 -11 11 12 -14 -15 18 17 -18 25 -20 -21 21 -23 23 -25 -26 -27 -28 28 29 -31
leaf_value=0.031604331554764463 -0.0028854934042471087 0.00043290020004195951 -0.10794113817032712 -0.0082661159003671655 -0.00011257952820870705 0.011183621980301657 -0.042672349001205007 -0.032682656806732345 0.036480794333448738 -0.0034775513776187472 0.029060328972639368 0.00075019677331453498 0.031052315002390193 -0.01210877343709515 -0.020951411695016891 -0.01395880898605913 -0.020468798867029778 0.026790478107364898 0.0061277953899985657 0.03599169861259531 0.066400546979248257 0.0059105373057704528 0.039260536915746297 -0.0023135591263177433 -0.0083300484714122162 0.0040600441267567905 -0.0047188704644137314 0.028234779757787112 -0.01314270082095842 0.057847947321269244
leaf_weight=1047.0203958030324 2580.3241035714746 1745.2144392016344 23.202178109437227 4096.7414447031915 39994.6140841702 4303.333945839433 125.22143782489002 774.86507760896347 324.71573994634673 458.56552113592625 279.60025353170931 11893.2193486162 604.89623375004157 6838.2949891937897 2618.0823148246855 660.84863239899278 1212.4945460855961 1613.885389204137 1165.1548289433122 140.31228395178914 73.175918214023113 20858.325013609603 544.58082684874535 960.3264291882515 5472.591429002583 1230.6511189136654 15684.385213160422 1271.2813503537327 844.89935969654471 140.65145646594465
leaf_count=54010 18326 17900 108 24999 229744 35719 2382 10519 11790 2758 1399 73672 2963 38783 13797 4242 6789 8376 5079 599 357 100564 2687 4094 28924 7709 82802 6679 6082 716
internal_value=-1.12663e-05 0.0111011 0.0284811 -0.000258154 9.35015e-06 0.00591019 -0.000341513 -0.0121466 0.014406 -0.0218364 -0.000167247 -0.00266746 0.00221916 -0.00654275 -0.00227531 0.00446957 -0.0111744 0.0111298 -0.0108653 -0.0180429 0.000655769 0.003648 -0.00304527 0.0127469 -0.00733219 0.0169613 -0.000785693 0.00067444 0.0146155 -0.00296301
internal_weight=129581 2815.44 1070.22 126766 122669 6883.66 115786 1683.37 449.937 1233.43 114102 28257.4 12498.1 15759.3 8921.03 4997.48 1492.09 3505.39 3923.55 2758.39 85844.8 27909 7050.67 1504.91 5545.77 2844.54 57935.8 42251.4 2256.83 985.551
internal_count=804568 72018 54118 732550 707551 54045 653506 27449 14172 13277 626057 163408 76635 86773 47990 28515 8188 20327 19475 14396 462649 136626 36062 6781 29281 16085 326023 243221 13477 6798
is_linear=0
shrinkage=0.05


Tree=112
num_leaves=31
num_cat=0
split_feature=15 20 10 3 5 18 22 11 23 22 24 9 11 9 21 20 20 22 9 9 22 9 4 21 18 19 20 18 21 20
split_gain=131.508 118.87 124.477 131.202 115.287 115.112 120.649 141.62 152.285 150.254 122.781 128.479 164.392 114.4 190.659 263.711 150.377 138.09 146.006 122.903 119.15 116.02 178.64 185.326 169.805 168.132 162.525 180.302 244.047 150.718
threshold=31.400850296020511 -11.365150451660154 42.643965759873396 133.79256122931841 16.500000000000004 189.99815368652347 0.74209228000000016 30.246955496827059 1.7358680000000002 -1.52295315 1.5000000000000002 8.5000000000000018 6.357137902244788 38.500000000000007 -0.77317857499999987 51.921394348144538 69.119430541992202 0.51160311500000011 56.500000000000007 74.500000000000014 2.7106600000000003 25.500000000000004 18.909645237028602 -1.9959941999999999 160.38235473632815 0.57352942228317272 53.872985839843757 163.66176605224612 -1.1066401999999997 15.344291687011721
decision_type=2 2 8 2 2 2 2 2 2 2 8 2 2 2 2 2 2 2 2 2 2 2 2 2 2 2 2 2 2 2
left_child=1 5 3 13 -4 6 7 8 9 -1 11 12 -11 20 16 -16 17 18 -15 -20 21 25 23 -23 -24 26 27 28 -3 -29
right_child=-2 2 4 -5 -6 -7 -8 -9 -10 10 -12 -13 -14 14 15 -17 -18 -19 19 -21 -22 22 24 -25 -26 -27 -28 29 -30 -31
leaf_value=0.044699817577709078 0.035542266964419381 -0.0096186757054887474 0.0065984795307380663 -0.007209167460804973 0.035379224977574932 -0.020465809996262765 0.0096864063138674544 -0.01304769826343174 -0.01743386507528891 0.042930858601356266 -0.0025439266007501798 0.054642784194644772 -0.0086205248896441388 0.013318660092540513 -0.00014381580694723157 -0.013303346273237183 0.022106355389105992 -0.024563613182825687 -0.019001258111360029 0.0092628955524879947 -0.029781955887717607 0.077969221242178047 -0.029953658683449846 -0.0097646719625189421 0.0086156238416238255 -0.0027160945035120789 -0.00079327703565701792 -0.00072872097097335768 0.025470299402581616 0.0075113178513767269
leaf_weight=206.76284181512892 258.82595730619505 647.68595568323508 2722.6805785223842 5734.9807604411617 398.07596474164166 1060.1061405017972 1555.7034705821425 3679.8598805712536 1104.3023178223521 228.27367334067822 3914.3737366460264 187.77248622477055 474.34976238757372 2031.151661798358 9366.8889847397804 6412.8731142133474 1085.9057700224221 461.13934877514839 902.62898518890142 668.82944162935019 305.21512570232153 60.865578979253769 291.05639366433024 2234.2697615399957 12538.441424164921 24700.599414067343 21579.695099746343 10474.976673129946 2102.1672795074992 11800.349263408221
leaf_count=962 37243 4841 40810 47026 33048 8295 8625 23963 5637 1003 19979 996 2236 9403 50857 29578 5396 3063 4097 3042 2031 335 1519 12295 61595 130578 116812 52914 20500 64379
internal_value=6.35372e-06 -6.52584e-05 0.000430249 0.000159101 0.0102798 -0.00471679 -0.00324432 -0.0052987 -0.000634797 0.00306965 0.00126926 0.0180169 0.00816509 0.00055165 -0.00276619 -0.00549233 0.00558681 0.00116814 0.00446774 -0.00697349 0.00135227 0.00146256 0.00544003 -0.00740508 0.00773836 0.000618837 0.00238637 0.00512817 0.0172051 0.00363658
internal_weight=129191 128932 116520 113400 3120.76 12411.5 11351.4 9795.69 6115.83 5011.53 4804.77 890.396 702.623 107665 20929.4 15779.8 5149.66 4063.75 3602.61 1571.46 86735.3 86430.1 15124.6 2295.14 12829.5 71305.5 46604.9 25025.2 2749.85 22275.3
internal_count=803058 765815 694119 620261 73858 71696 63401 54776 30813 25176 24214 4235 3239 573235 105436 80435 25001 19605 16542 7139 467799 465768 75744 12630 63114 390024 259446 142634 25341 117293
is_linear=0
shrinkage=0.05


Tree=113
num_leaves=31
num_cat=0
split_feature=18 14 22 20 14 21 4 14 22 25 21 25 18 14 21 18 25 21 22 22 22 21 14 14 25 21 13 21 14 14
split_gain=128.246 145.443 94.3771 139.167 157.475 378.058 291.861 290.873 333.187 276.912 260.579 289.623 187.446 184.089 290.876 384.476 262.608 229.91 181.187 231.165 179.433 172.707 168.027 164.85 164 157.244 144.759 179.2 133.244 129.427
threshold=156.30882263183597 232.50000000000003 0.38392488500000005 1.9701385498046877 233.50000000000003 -1.2089223499999997 126.26765157282354 258.50000000000006 0.14726732500000003 21.276421880722051 0.86721292000000016 23.92355791628361 163.66176605224612 225.50000000000003 0.080794680850000009 169.52228546142581 23.482144188880927 0.76635733000000006 -0.099670693299999988 -0.50443315499999986 -0.8865730799999999 0.27051234000000007 261.50000000000006 188.50000000000003 21.276421880722051 -0.70725798499999992 -38.593676229045016 1.1001508500000001 164.50000000000003 201.50000000000003
decision_type=2 2 2 2 2 2 2 2 2 2 2 2 2 2 2 2 2 2 2 2 2 2 2 2 2 2 2 2 2 2
left_child=1 -1 3 -2 13 6 -6 8 9 -7 11 25 -11 14 16 -16 -5 18 19 -17 -19 -20 -12 -22 -15 -9 -14 -28 -4 -18
right_child=2 -3 28 4 5 7 -8 10 -10 12 22 -13 26 24 15 17 29 20 21 -21 23 -23 -24 -25 -26 -27 27 -29 -30 -31
leaf_value=0.041403936497341837 -0.0029366532590532637 0.0060322421269711464 0.0079262251780538376 -0.0058379565161147994 0.031753778667899898 -0.014177209546074916 -0.0080114173337360317 0.031093892630732995 -0.024378844275350097 -0.015279387781846522 -0.0052944583992897525 -0.0096771289669239403 -0.009273183324739526 -0.002016970164315506 0.024151570680303609 0.014501582377139742 0.0094695326916617462 -0.043077131500915286 0.048272831413617261 -0.010873466380413378 0.039929473127665815 0.013180128083370053 0.024436673331675565 -0.0062470417956582997 0.016181450120425715 0.0048027577358044126 0.006909248862628295 -0.018823510533437848 -0.0034447568415929709 -0.0013550761354977842
leaf_weight=370.86786314914934 20418.070687319152 1332.28547546966 2829.0754946942907 12475.032995773945 1487.0811775941402 4600.7276325263083 668.33062756038271 667.82190631330013 2154.034983641468 1742.489315778017 613.59161236928776 4086.6794711588882 2201.3899186421186 1665.6927901390009 3019.238189204596 2087.9688631538302 6275.7812240102794 308.38845529127866 492.39105852041394 1572.7065882068127 206.34262522496283 1215.7661271756515 2101.5556278233416 2849.6344415508211 4818.0261842356995 3803.6135657643899 8849.8865852593444 731.59855655860156 28732.749044597149 4930.3657328053378
leaf_count=34565 114691 17708 16099 62251 8299 23485 4660 3696 11885 15324 3769 21722 10266 8383 30677 10956 44587 1725 2615 8308 1051 6626 11412 16488 27986 18591 48871 4747 181749 30656
internal_value=0.000128676 0.0137543 -5.32912e-05 0.000726206 0.00171516 -0.000829114 0.0194257 -0.0022133 -0.00579241 -0.00358245 0.00422533 -5.70255e-05 2.22001e-05 0.00376116 0.0023436 0.00877388 -0.000847841 0.00345535 0.0098767 0.00359991 -0.00679169 0.0233182 0.0177183 -0.00311712 0.0115066 0.00873549 0.00228615 0.00494265 -0.00242529 0.00470734
internal_weight=129309 1703.15 127606 96044.2 75626.1 33708.8 2155.41 31553.4 20280.1 18126.1 11273.3 8558.11 13525.4 41917.3 35433.6 11752.4 23681.2 8733.2 5368.83 3660.68 3364.37 1708.16 2715.15 3055.98 6483.72 4471.44 11782.9 9581.49 31561.8 11206.1
internal_count=803848 52273 751575 553727 439036 186727 12959 173768 114578 102693 59190 44009 79208 252309 215940 78446 137494 47769 28505 19264 19264 9241 15181 17539 36369 22287 63884 53618 197848 75243
is_linear=0
shrinkage=0.05


Tree=114
num_leaves=31
num_cat=0
split_feature=1 12 17 11 12 22 20 11 22 12 22 11 12 25 12 25 20 11 12 20 12 22 12 12 22 10 22 20 12 12
split_gain=110.039 97.363 96.8519 89.2343 166.403 151.778 131.53 155.351 148.239 131.694 130.212 154.633 212.764 125.372 119.626 134.558 305.505 135.295 146.56 231.965 116.186 186.821 124.171 119.486 116.152 112.925 110.269 155.233 109.349 130.119
threshold=72.458122730255141 0.52012383900928805 169.697135925293 29.290478826860898 0.61145510835913319 -1.1087322999999998 -12.033370971679686 31.108582943158904 0.90906459000000017 3.3018575851393193 -0.16078418999999997 80.377632546720136 9.1253869969040267 21.65932177305222 4.8622291021671833 21.640113502740864 35.119430541992195 49.474657544628514 1.9922600619195048 72.964897155761733 2.6640866873065021 0.58186933500000004 4.5356037151702795 3.535603715170279 0.71033275500000015 -22.985972572863101 -1.21867025 28.348884582519535 1.9303405572755421 10.162538699690405
decision_type=2 2 2 2 2 2 2 2 2 2 2 2 2 2 2 2 2 2 2 2 2 2 2 2 2 10 2 2 2 2
left_child=1 -1 -2 4 -3 -6 8 26 -5 -10 11 12 13 -9 15 16 -12 18 -17 -20 24 22 23 -22 -21 -16 27 -8 -7 -30
right_child=2 3 -4 6 5 28 7 10 9 -11 14 -13 -14 -15 25 17 -18 -19 19 20 21 -23 -24 -25 -26 -27 -28 -29 29 -31
leaf_value=0.012838488978628408 0.049834830346547974 -0.040270185510442938 0.0080264481120287563 -0.012264914617047746 0.01030449303165871 0.0096459930795298448 -0.065752296488395201 -0.0013116029791880057 0.037458003258492203 -0.017916186613892254 0.017546658097093271 -0.0072598755736473317 -0.044851109698343189 0.005159993303211062 0.0019197985705911584 0.017230780817763768 -0.0028165949066917485 -0.0063890975508611586 0.0059515725226735863 -0.045020528585780449 0.015685361641028035 -0.036105514195978239 0.081032083244591602 -0.018527201990605525 0.033510389550211739 -0.010873982085477053 -0.0075780987650815104 -0.0062977523125411945 -0.0010102274942495209 0.0088252081603440082
leaf_weight=1448.5031653353944 195.00545739405788 234.63780156336725 474.07822948740795 4205.9993936512619 4741.4017641746905 3223.0007883466315 206.69856404978782 10795.980575861409 296.54801331460476 167.2367874532938 2932.4855222995393 4224.5257998486049 231.14471296174452 24388.66362455301 2355.5767430476844 1342.9143218679819 4949.2052907613106 11526.545693538617 3937.4149867661763 427.55522057181224 531.62858453113586 426.23558934684843 47.676416587550193 488.96768192760646 52.168360558338463 6437.0292989015579 3090.2462042011321 233.39405287569389 31811.69901672937 3759.2116316691972
leaf_count=13891 44924 1156 10443 28422 25750 16707 1090 55298 1751 1544 17484 25590 1380 153434 14837 8975 26880 79128 23107 2575 3100 2265 272 2541 315 41626 16737 1413 161752 19789
internal_value=5.85672e-05 -4.68048e-05 0.0202678 -0.000193792 0.00163406 0.00186082 -0.00115429 -0.000670019 -0.00930617 0.017495 -0.000188064 0.00178098 0.00285958 0.00317428 -0.00238951 -0.000721599 0.00476108 -0.0030226 0.00232648 -0.00106159 -0.0150446 -0.00816075 0.00301242 -0.000707969 -0.0364286 -0.00744665 -0.010919 -0.0343076 0.000828595 2.94217e-05
internal_weight=129183 128514 669.084 127066 43770 43535.3 83295.8 78626.1 4669.78 463.785 75095.7 39640.3 35415.8 35184.6 35455.4 26662.8 7881.69 18781.1 7254.56 5911.65 1974.23 1494.51 1068.27 1020.6 479.724 8792.61 3530.34 440.093 38793.9 35570.9
internal_count=804176 748809 55367 734918 225154 223998 509764 478047 31717 3295 458807 235702 210112 208732 223105 166642 44364 122278 43150 34175 11068 8178 5913 5641 2890 56463 19240 2503 198248 181541
is_linear=0
shrinkage=0.05


Tree=115
num_leaves=31
num_cat=0
split_feature=20 1 5 12 24 11 14 3 11 14 12 5 21 9 21 21 12 11 12 21 24 1 12 12 19 24 14 20 12 21
split_gain=113.348 116.054 181.359 96.7967 128.797 79.6158 122.224 77.8258 83.3847 139.645 345.41 164.392 148.408 122.67 124.848 119.306 154.962 118.123 146.215 154.072 177.998 144.124 117.511 114.834 110.377 108.781 171.535 180.738 166.003 121.18
threshold=-23.098388671874996 43.361064784228809 16.500000000000004 2.0572755417956663 1.5000000000000002 12.319892726561788 153.50000000000003 133.79256122931841 26.681275045320444 233.50000000000003 6.9272445820433441 9.5000000000000018 -1.2414231999999996 36.500000000000007 -0.11077783999999999 1.2578024500000002 4.5928792569659445 80.377632546720136 1.7647058823529413 0.25288889000000009 4.5000000000000009 0.60853371024131786 1.258513931888545 1.4659442724458207 0.16176471114158633 5.5000000000000009 209.50000000000003 15.344291687011721 9.1253869969040267 -1.8284060999999998
decision_type=2 2 2 2 8 2 2 2 2 2 2 2 2 2 2 2 2 2 2 2 8 2 2 2 2 10 2 2 2 2
left_child=3 7 -3 5 -5 6 -1 8 -2 11 12 24 -11 15 -15 17 -17 18 19 23 22 -20 -21 -14 -10 26 27 -13 29 -29
right_child=1 2 -4 4 -6 -7 -8 -9 9 10 -12 25 13 14 -16 16 -18 -19 21 20 -22 -23 -24 -25 -26 -27 -28 28 -30 -31
leaf_value=-0.00013028503836337083 0.0025521765848050475 0.0056413241569871573 0.044644119726490981 0.0144075103557821 -0.025006767549506675 -0.010601382517727352 0.042745277517868566 -0.0052232842498791503 0.023701344699798461 0.012158082885784533 -0.036442290241406682 0.00067900423393131592 -0.0085117924628955507 0.0023785095354094468 -0.018023778074604778 0.010911967701176743 -0.032567902274044408 -0.022268763506378873 0.0029057338734866898 0.020641246450437547 0.035443032308404836 -0.0089657094873930084 -0.024071377923760521 0.017001883149897219 -0.00073849290538507896 -0.0053624834784186054 0.0018971869335450192 -0.030174095790502394 -0.05771490890334649 0.023794161740965381
leaf_weight=923.97787710279226 33253.374860236887 2200.6693744009826 343.8193329742644 248.56468926370144 1229.6503288019449 1291.5870539564639 201.67690877616405 6408.1519735271577 465.8167018503882 1616.4320078948513 771.22828815411776 1651.6970758847892 1667.364434177056 1064.6565125510097 2533.035822942853 2624.0783530254848 221.30883937329054 802.28777683805674 3709.5093327388167 300.26289471052587 764.28322590142488 8222.4146726890467 285.8776967106387 598.51255805557594 44578.529249389656 1834.0671801189892 5847.7600148967467 106.46943903248757 65.361542983911932 3405.7014451865107
leaf_count=4242 162553 43556 58268 1537 8757 7111 968 58624 5475 8868 3992 9428 11775 4789 12174 14433 1099 4915 16045 2127 4771 41288 1625 3623 243005 10899 33410 632 399 24203
internal_value=9.87305e-05 0.000359803 0.010927 -0.00829965 -0.0183739 -0.00213388 0.0075826 0.000140755 0.000436128 -0.000410279 -0.00351902 0.000940485 -0.00247736 -0.00351574 -0.0119872 -0.00192748 0.00751993 -0.00357192 -0.00260579 0.00620046 0.0195622 -0.00527507 -0.00117025 -0.00176804 -0.000485233 0.00591421 0.00778166 0.0143605 0.0206752 0.02215
internal_weight=129238 125343 2544.49 3895.46 1478.22 2417.24 1125.65 122798 116390 83136.7 25181.3 57955.4 24410 22793.6 3597.69 19195.9 2845.39 16350.5 15548.2 3616.3 1350.42 11931.9 586.141 2265.88 45044.3 12911.1 11077 5229.23 3577.53 3512.17
internal_count=804591 781976 101824 22615 10294 12321 5210 680152 621528 458975 131524 327451 127532 118664 16963 101701 15532 86169 81254 23921 8523 57333 3752 15398 248480 78971 68072 34662 25234 24835
is_linear=0
shrinkage=0.05


Tree=116
num_leaves=31
num_cat=0
split_feature=15 17 10 5 22 14 17 23 25 14 5 14 14 14 22 14 11 11 22 14 9 23 22 17 10 11 11 14 2 22
split_gain=101.31 84.8133 84.7848 90.2346 95.5764 174.519 270.361 325.491 155.797 149.894 143.75 143.624 131.324 131.015 130.524 128.606 122.897 115.537 139.321 131.898 115.394 107.498 104.716 102.836 117.81 110.713 153.38 182.302 150.676 123.251
threshold=34.422899246215827 217.55000305175784 -23.560053740441798 1.5000000000000002 -0.17849789999999996 203.50000000000003 179.34230804443362 1.2643609500000001 21.667294847965245 177.50000000000003 14.500000000000002 180.50000000000003 158.50000000000003 215.50000000000003 2.1169150000000005 161.50000000000003 25.058431991205868 32.109559930549601 0.19324044500000001 195.50000000000003 21.500000000000004 1.3213951500000003 -0.18673216999999998 179.38796234130862 18.959673434495929 49.240419371982021 59.43888839127802 212.50000000000003 25.893640875816349 1.0000000180025095e-35
decision_type=2 2 10 2 2 2 2 2 2 2 2 2 2 2 2 2 2 2 2 2 2 2 2 2 10 2 2 2 2 2
left_child=1 2 -1 -4 10 6 7 9 11 15 12 -8 -5 -12 23 -6 -17 -10 19 -19 -21 -13 -14 24 -7 -25 -27 29 -29 -28
right_child=-2 -3 3 4 5 14 8 -9 17 -11 13 21 22 -15 -16 16 -18 18 -20 20 -22 -23 -24 25 -26 26 27 28 -30 -31
leaf_value=0.0028070875883730341 0.037272749853860962 -0.011554260120203916 -0.0063469839638194067 -0.018537699422070914 0.048941457523296567 -0.0095063769326484381 -0.0037476254291219898 -0.002274776837062314 0.0077475955429206714 0.038817974420135647 0.024460800280068556 0.027841203110560639 0.00074233833953934048 0.0048757217629675203 0.054997541663485798 0.042904262692176537 -0.0049541708760008777 -0.0064619670926485615 -0.015320955670219722 0.052208729480724171 0.0036511901676526816 9.1553351723672982e-05 0.027314175943161302 0.00070559197915746853 0.011179581956809712 -0.017148678831658697 -0.045365166340116593 0.011150156204373769 -0.0069299310768339345 -0.010044304887211135
leaf_weight=24310.621260622516 181.65540267596953 1565.5468709710985 6151.9296428393573 879.193113286281 199.16439845855348 9428.6909834360704 1376.098352663219 1719.9867793021258 1245.4364097490907 1186.984906299971 1160.9937941369135 1027.2040612651035 44288.227143509779 3223.3941611619666 93.662186681525782 165.70038462313823 686.03273455542512 1308.1832172488794 3313.83171858266 206.73827535193413 298.06995775550604 528.33630795497447 372.90715101873502 14566.970079831779 741.66095703630708 2407.630515711382 293.69650054164231 2523.3546339161694 2119.2813202552497 1532.1220782399178
leaf_count=127451 30703 9852 33683 5702 2042 49976 8710 14160 6980 11074 19821 5790 242302 36801 591 1100 6543 7938 22797 1197 1530 3496 2109 72677 25968 13613 1637 13458 14879 9950
internal_value=6.15952e-05 8.87457e-06 0.000151106 -0.000475518 -0.000102667 -0.00172166 0.00313716 0.0140811 -0.00151938 0.0266472 0.00142048 0.00801805 0.000587901 0.0100663 -0.00363336 0.0128766 0.00439584 -0.00590776 -0.00922586 0.00191722 0.0236013 0.0184222 0.000964812 -0.00379837 -0.00799693 -0.00197664 -0.00637815 -0.00236721 0.0028972 -0.0157477
internal_weight=129103 128922 127356 103045 96893.6 46968.8 13261.8 3957.87 9303.9 2237.88 49924.7 2931.64 45540.3 4384.39 33707.1 1050.9 851.733 6372.26 5126.82 1812.99 504.808 1555.54 44661.1 33613.4 10170.4 23443.1 8876.09 6468.45 4642.64 1825.82
internal_count=804530 773827 763975 636524 602841 296106 93357 34919 58438 20759 306735 17996 250113 56622 202749 9685 7643 40442 33462 10665 2727 9286 244411 202158 75944 126214 53537 39924 28337 11587
is_linear=0
shrinkage=0.05


Tree=117
num_leaves=31
num_cat=0
split_feature=18 16 10 21 22 22 22 22 23 11 5 10 25 11 23 21 22 22 21 11 9 22 22 22 23 23 22 21 5 21
split_gain=126.067 85.4348 85.3564 82.3389 77.3023 110.282 76.4527 69.5901 96.2295 73.5257 68.1957 175.416 114.54 91.3149 151.501 142.575 121.176 107.295 183.636 153.623 135.266 108.695 107.158 100.656 153.145 104.793 137.882 101.502 88.9963 139.747
threshold=156.30882263183597 0.83823528885841381 42.643965759873396 -0.32651200499999994 1.0095930500000001 1.0527500000000003 0.075349397950000022 -1.1249007999999996 1.5895577000000003 47.266789810287982 1.5000000000000002 87.715940445661559 36.871822619438184 15.793902891665141 0.92417368000000011 -1.5734585999999997 2.7106600000000003 -1.0697576499999999 0.5992195600000001 46.041871786809565 13.500000000000002 -1.7667101999999997 -0.71799501499999996 0.42497292500000006 0.87074590000000007 0.81184423000000006 -0.047694848849999992 0.35373817500000004 8.5000000000000018 -0.31750278499999995
decision_type=2 2 8 2 2 2 2 2 2 2 2 8 2 2 2 2 2 2 2 2 2 2 2 2 2 2 2 2 2 2
left_child=2 10 6 4 -3 -6 -1 8 -5 -10 -2 12 13 14 23 22 17 18 20 -20 21 -15 -16 25 -25 26 -12 -28 29 -19
right_child=1 3 -4 7 5 -7 -8 -9 9 -11 11 -13 -14 16 15 -17 -18 28 19 -21 -22 -23 -24 24 -26 -27 27 -29 -30 -31
leaf_value=0.019974115350378865 -0.0032960489666588877 -0.0010017657090438175 0.042148902677915316 0.02034477087448467 0.090564459725889723 0.011520709733384683 -0.003201012981620534 -0.0082236133500234645 0.0079548512090867867 -0.031382828870436356 0.017815120738364797 0.02005196171072654 -0.012081122132792083 -0.012644299174011334 -0.011124153386434641 -0.001897255600561059 -0.057829630339117449 0.0016648700199978718 0.0025698331245877244 -0.031450349703233529 0.01406890892412776 0.0055147839636375219 0.032096699087331294 0.048986114810548792 -0.029856556478180942 0.027366545473220778 -0.017319662575337597 0.017273772902068323 0.001698414828363044 -0.00413379788950562
leaf_weight=764.84280970087275 11269.160588427447 7962.1872483780608 227.22338423063047 530.32262725755572 48.141615800559521 437.41360249742866 664.31899545877241 8070.9735798770562 251.12391227297485 223.86440981738269 1061.5453093443066 1169.3704679533839 1753.4641270234715 1009.468101345934 191.20554578956217 5511.1948482361622 88.573296137154102 17398.05520964507 756.73907553683966 589.79687314108014 4230.1041456516832 4466.6808879459277 567.63287551887333 376.05424883216619 72.916635118424892 703.86786252073944 761.33011425565928 292.8489630036056 31451.736918907147 25792.960764602758
leaf_count=12568 57728 43055 32995 2702 317 2993 6842 50756 1300 1307 4703 32681 23760 6378 1032 25419 523 87901 3941 3879 20883 30739 3328 1689 309 3089 3382 1239 197258 138449
internal_value=4.78579e-05 -0.000130885 0.0137486 -0.00337223 0.00018039 0.0195277 0.00920689 -0.00667848 0.00572225 -0.0106122 0.000387805 0.000810388 0.000578401 0.000811398 0.00545205 0.000901777 0.000295332 0.000356083 0.00495352 -0.0123436 0.00735416 0.00216566 0.021206 0.0141778 0.0361435 0.0106686 0.00510315 -0.00770241 -0.000324743 -0.00179801
internal_weight=128695 127039 1656.39 17524 8447.74 485.555 1429.16 9076.28 1005.31 474.988 109515 98245.5 97076.2 95322.7 9538.6 6270.03 85784.1 85695.5 11052.8 1346.54 9706.25 5476.15 758.838 3268.56 448.971 2819.59 2115.72 1054.18 74642.8 43191
internal_count=803145 750740 52405 102430 46365 3310 19410 56065 5309 2607 648310 590582 557901 534141 44190 29779 489951 489428 65820 7820 58000 37117 4360 14411 1998 12413 9324 4621 423608 226350
is_linear=0
shrinkage=0.05


Tree=118
num_leaves=31
num_cat=0
split_feature=20 22 0 1 7 13 24 12 23 21 21 23 14 22 12 12 20 22 19 19 0 3 0 23 22 12 14 20 12 4
split_gain=96.4416 116.476 113.275 134.984 197.945 108.493 112.728 150.157 132.757 137.651 192.842 111.074 229.448 143.374 127.726 116.053 102.21 93.6063 91.5431 84.059 83.3411 83.2982 82.0704 80.9614 80.9161 158.113 142.219 81.0753 189.398 94.368
threshold=-10.190521240234373 0.65944034000000007 5.3417844772338876 24.102101594209675 1.0000000180025095e-35 -55.88892480083986 1.5000000000000002 2.2461300309597529 0.19178937000000004 0.8261199600000001 0.87846228500000012 1.3903600500000002 167.50000000000003 -0.52191111499999987 1.8157894736842108 4.9705882352941186 -17.53835296630859 -1.0214239499999997 0.57352942228317272 0.39705882966518408 28.600408554077152 161.03115606307986 17.017292022705082 2.2303354500000006 1.5679100000000001 8.0216718266253881 256.50000000000006 35.621322631835945 10.65015479876161 33.333848420530565
decision_type=2 2 2 2 2 2 8 2 2 2 2 2 2 2 2 2 2 2 2 2 2 2 2 2 2 2 2 2 2 2
left_child=1 5 21 22 -5 -1 11 8 -8 20 -11 12 -7 14 -13 17 -9 -16 -19 -6 -10 24 -4 -3 -2 26 -26 -27 29 -29
right_child=2 23 3 4 19 6 7 16 9 10 -12 13 -14 -15 15 -17 -18 18 -20 -21 -22 -23 -24 -25 25 27 -28 28 -30 -31
leaf_value=-0.030875652294612435 0.00017507134937597276 0.0034883951213794417 0.0028236287175678696 0.0035127948816179953 0.039555664438787559 0.057276000979429288 0.051483481906924505 -0.023818643798829475 -0.0049239264273914984 0.092166917286313502 0.0083528336105447229 -0.01307461384904289 -0.027983827557283 -0.021987239414226187 -0.00045692098571521251 -0.033226031586276593 -0.0078435996697246227 0.01712559579960319 0.060769122640066633 0.014839692016735795 -0.044563561022716136 -0.0080632571743297684 -0.014487022642659894 0.036455359633210158 -0.025854961263574901 -0.0092665593087798547 0.039746653277502653 0.014801361044713583 0.0014528021644879987 0.097727273913230883
leaf_weight=426.87216736003757 95474.541717306012 1782.0913886530325 9633.8754459978081 2190.3052827562205 716.42106490861624 248.85723410919309 113.67110094986856 1751.7647269256413 3978.8033026810735 77.884868638589978 530.00077829137444 405.00013504177332 114.60731809027493 515.89999988861382 198.39320440590382 84.947207137942314 2338.924308123067 227.56902048364282 256.11715437471867 664.56889648875222 136.19563227426261 3361.6784555201884 736.08872706955299 207.00927186012268 1186.4045013827272 627.0979340961203 87.916588440537453 56.046799920499325 508.2172466814518 89.142513954080641
leaf_count=4230 483921 10921 60800 18319 88741 1234 621 12442 19852 389 2965 1900 739 2715 968 577 14040 1098 1370 23695 828 28751 5044 982 8569 4118 410 331 2591 441
internal_value=-0.000210739 -0.00422643 0.000255673 0.00448131 0.0128636 -0.00617356 -0.00521037 -0.00763896 -0.00167452 -0.00296456 0.0192252 0.00535695 0.0303889 -4.80341e-05 0.00961963 0.0216039 -0.0146888 0.0284712 0.040313 0.027681 -0.0062464 -0.000325391 0.00159359 0.00693592 -5.99599e-05 -0.00883977 -0.0213014 0.00356865 0.0158824 0.066036
internal_weight=128727 13394.6 115332 13941.3 3571.3 11405.5 10978.6 8927.24 4836.56 4722.88 607.886 2051.39 363.465 1687.93 1172.03 767.027 4090.69 682.079 483.686 1380.99 4115 101391 10370 1989.1 98029.4 2554.83 1274.32 1280.5 653.407 145.189
internal_count=803602 77871 725731 196599 130755 65968 61738 51137 24655 24034 3354 10601 1973 8628 5913 4013 26482 3436 2468 112436 20680 529132 65844 11903 500381 16460 8979 7481 3363 772
is_linear=0
shrinkage=0.05


Tree=119
num_leaves=31
num_cat=0
split_feature=15 14 25 22 11 25 5 14 25 14 25 18 19 11 0 11 22 25 0 13 22 14 22 9 9 9 22 25 19 14
split_gain=95.9451 77.4297 240.316 130.122 228.262 127.881 168.078 120.436 114.542 111.959 304.31 240.052 125.794 131.12 121.734 121.323 148.042 113.774 103.725 95.1948 91.1659 128.692 88.8316 134.859 93.4471 140.405 137.591 87.8864 87.071 145.264
threshold=31.400850296020511 260.50000000000006 23.92355791628361 0.5938871200000001 33.565862104112156 26.583925327658658 14.500000000000002 211.50000000000003 26.743294256925587 233.50000000000003 21.276421880722051 169.52228546142581 0.51470589637756359 75.951033719080073 26.391065597534183 18.035498580788683 -0.90654119999999994 25.28031854629517 0.19415935873985293 -63.695709774691615 -0.64515053999999983 223.50000000000003 1.2243577000000003 18.500000000000004 6.5000000000000009 22.500000000000004 -0.37704915999999994 21.014617684483532 0.45588235557079321 245.50000000000003
decision_type=2 2 2 2 2 2 2 2 2 2 2 2 2 2 2 2 2 2 2 2 2 2 2 2 2 2 2 2 2 2
left_child=1 5 3 -3 -5 6 9 -8 -7 14 15 17 -13 19 18 16 -11 -12 20 -14 21 -1 24 -24 26 -26 -4 -23 29 -10
right_child=-2 2 22 4 -6 8 7 -9 28 10 11 12 13 -15 -16 -17 -18 -19 -20 -21 -22 27 23 -25 25 -27 -28 -29 -30 -31
leaf_value=-0.00088067098780119941 0.032615683651744436 0.012640599935175224 0.006686740813237938 0.006813513070579225 -0.036071553128264267 0.015749243937681172 0.019429125589208337 0.0025520444180906882 0.0067903814638004675 0.05003316260085653 -0.02231642608407064 0.01412582454159393 0.042786798747173629 -0.020918434170885472 -0.022016171578475359 -0.017122823719135656 -0.0058262329493843201 0.0059935388628861892 0.0015564692911596365 0.00053880254622493769 -0.0044475868688295976 -0.0059895014896684312 0.041475946421234478 -0.015416094927709963 0.0063752669761207113 -0.01122323495774373 -0.018384561518166483 0.023147196288758307 -0.0024341123826405724 -0.0057527719779808563
leaf_weight=10158.877786295488 223.26360990875401 6256.2583034918644 750.90795508818701 1417.6067501362413 396.15913995867595 1570.5343808392063 1454.9202697761357 3859.9637088612653 10967.404292191379 130.18536609783769 1705.8722266545519 1736.1869049053639 134.16884926706553 723.52255981601775 675.44793750438839 5484.2574963485822 1236.6594409532845 447.59896059706807 28019.681060794741 9825.0480624651536 22042.995427215472 349.22166391834617 262.46332983393222 171.58004797250032 3095.3611354585737 1786.7438194863498 2012.3151585669257 994.77397026494145 7859.8581710979342 2922.6831354480237
leaf_count=49720 37165 32631 6278 6612 2188 8806 14582 26756 107713 623 8532 9282 656 4749 6568 28222 5486 2421 153971 50254 127278 1574 1344 902 14443 8211 14806 4649 44281 23177
internal_value=-5.98903e-05 -0.000116939 0.00312015 0.0092225 -0.00256807 -0.000582475 -0.00144626 0.00717484 0.00271323 -0.00199401 -0.00511153 -0.00102526 0.00164744 -0.000381714 -0.000920887 -0.0138017 -0.000473207 -0.0164321 -0.000689092 0.0011122 -0.00256472 0.00104349 -0.00297553 0.0190024 -0.00422559 -6.63799e-05 -0.0115715 0.0155775 0.00177124 0.00415089
internal_weight=128673 128449 16149.4 8070.02 1813.77 112300 88979.4 5314.88 23320.5 83664.5 21423.5 14572.4 12418.9 10682.7 62241 6851.1 1366.84 2153.47 61565.5 9959.22 33545.9 11502.9 8079.37 434.043 7645.33 4882.1 2763.22 1344 21749.9 13890.1
internal_count=803880 766715 87415 41431 8800 679300 495323 41338 183977 453985 110225 75894 64941 55659 343760 34331 6109 10953 337192 50910 183221 55943 45984 2246 43738 22654 21084 6223 175171 130890
is_linear=0
shrinkage=0.05


Tree=120
num_leaves=31
num_cat=0
split_feature=18 20 9 12 18 11 12 23 23 21 20 23 23 11 12 20 23 12 12 20 20 12 23 11 21 21 23 11 12 12
split_gain=118.264 152.818 166.217 86.5393 79.2023 76.2524 149.833 130.894 153.549 116.954 106.267 159.82 125.109 106.31 104.062 179.952 160.257 104.959 192.618 126.138 133.332 125.035 110.875 269.988 283.379 231.047 167.442 201.388 166.731 176.651
threshold=156.78584289550784 89.358283996582045 23.500000000000004 0.52012383900928805 195.03845977783206 29.290478826860898 0.61145510835913319 1.6783351500000003 1.8392467500000003 1.5744800000000003 -15.328430175781248 1.5640419500000002 0.19178937000000004 31.108582943158904 3.1563467492260067 -3.9687194824218746 0.30975498500000004 10.162538699690405 8.0216718266253881 24.546920776367191 71.476669311523452 8.3266253869969056 1.2342374500000002 23.072045487435336 0.96495300500000003 -0.10662768499999999 0.57830724000000011 14.008156353618409 7.6532507739938085 3.2492260061919507
decision_type=2 2 2 2 2 2 2 2 2 2 2 2 2 2 2 2 2 2 2 2 2 2 2 2 2 2 2 2 2 2
left_child=1 2 -1 -2 5 6 -5 9 -9 10 11 12 -7 -12 15 -8 -17 18 22 -19 -21 -20 25 24 -24 -16 -27 -28 29 -25
right_child=3 -3 -4 4 -6 7 14 8 -10 -11 13 -13 -14 -15 17 16 -18 19 21 20 -22 -23 23 28 -26 26 27 -29 -30 -31
leaf_value=0.028712570170328213 0.011800973494930381 0.0010268383862520128 -0.10030110924951384 -0.039430573228123489 -0.010430360727317298 0.050288482756299595 0.0025300534737550525 -0.012944007288201631 -0.0016783984597983543 0.037187832706626643 -0.009760388219550567 0.029750023391762054 -0.017601539521410692 0.0004328140580615328 -0.0066028723076618882 -0.028974879040993929 0.024134825133924953 -0.0077071856410202023 -0.025923677976649257 0.023884652655533606 0.0027022828926231254 -0.0053815247153130496 0.0046251808683376869 -0.034323267281148165 -0.028761314579042147 0.014670968446610894 0.024340299643409842 -0.0054875451688889019 -0.031585114918752447 0.024013803029170333
leaf_weight=1000.6815662789159 1471.6675847969018 1679.4392738593742 24.644910493865609 221.22996811196208 1933.0835452638566 69.314143499359488 5876.1075226692483 4688.1837448354345 8521.9215209574904 207.11121845128946 2665.7081303005107 216.90088316053152 1986.3197479341179 62715.651897377567 8041.7846148770768 153.24801886361092 1816.5051377573982 944.54056512564421 849.3082886186894 1480.520623621298 1490.6552139539272 5758.0262144864537 3737.6194353122264 135.53483942756429 764.75443595810793 3029.664449241478 672.19705862738192 3549.038836205611 157.23839955963194 2672.1187850802671
leaf_count=54908 14903 16996 117 1020 12202 502 28009 30312 55304 1381 13806 1236 14417 383274 38660 751 10423 4721 4165 7884 7467 28451 19166 710 3945 14146 2925 17189 844 13998
internal_value=-2.60945e-05 0.0103166 0.0255169 -0.000248501 -0.000391194 -0.000232587 0.00151467 -0.00112378 -0.00567717 -0.000237329 -0.000352447 -0.0109791 -0.015289 1.70771e-05 0.00173587 0.00691554 0.0199903 0.000514686 -0.000510694 0.00820305 0.0132618 -0.00802554 0.00167116 0.00666489 -0.00105084 -0.000767498 0.00570438 -0.000733067 0.0183781 0.0211865
internal_weight=128531 2704.77 1025.33 125826 124354 122421 41350.1 81071.1 13210.1 67861 67653.9 2272.53 2055.63 65381.4 41128.9 7845.86 1969.75 33283 29367.3 3915.72 2971.18 6607.33 22760 7467.27 4502.37 15292.7 7250.9 4221.24 2964.89 2807.65
internal_count=803832 72021 55025 731811 716908 704706 204474 500232 85616 414616 413235 16155 14919 397080 203454 39183 11174 164271 144199 20072 15351 32616 111583 38663 23111 72920 34260 20114 15552 14708
is_linear=0
shrinkage=0.05


Tree=121
num_leaves=31
num_cat=0
split_feature=15 20 22 9 5 24 21 14 10 21 0 20 22 14 22 21 4 21 16 21 14 21 21 21 14 22 14 22 21 21
split_gain=79.6522 72.9029 138.507 151.805 154.585 140.532 129.568 118.88 98.327 104.896 92.2396 90.825 90.1506 138.583 235.984 195.845 231.651 186.606 267.231 147.443 168.589 279.757 176.29 263.655 330.391 283.333 159.798 193.494 175.574 152.418
threshold=31.400850296020511 -2.4217987060546871 0.83071401500000019 13.500000000000002 1.5000000000000002 5.5000000000000009 -1.9959941999999999 162.50000000000003 -25.474572429060931 0.24118209000000004 15.025290012359621 -19.215438842773434 -0.16078418999999997 203.50000000000003 1.6775100000000001 -1.1248923499999999 58.181410104036338 -0.46109361999999993 0.57352942228317272 1.2578024500000002 261.50000000000006 1.1315167500000001 -0.51266261999999985 0.40264956500000004 270.50000000000006 0.14726732500000003 228.50000000000003 0.26599726000000007 0.64818123000000016 -0.55150461499999992
decision_type=2 2 2 2 2 10 2 2 10 2 2 2 2 2 2 2 2 2 2 2 2 2 2 2 2 2 2 2 2 2
left_child=1 2 5 4 -4 8 -7 -3 -1 10 -10 -11 -9 14 17 16 -15 -14 -19 20 26 22 -22 24 25 -24 27 -17 -29 -28
right_child=-2 7 3 -5 -6 6 -8 12 9 11 -12 -13 13 15 -16 19 -18 18 -20 -21 21 -23 23 -25 -26 -27 29 28 -30 -31
leaf_value=0.0026363967468657607 0.030505446667567684 0.022227751851648471 0.002304799095670444 -0.015719007625156298 0.030465253901795997 0.0058399733875248031 -0.030737181842830166 0.0016596266317287175 -0.0013177453317963904 -0.028300052103468615 -0.026122134750732912 -0.0087397940712145138 -0.0030945595748154376 0.025913013596534407 -0.019287330666822117 -0.010912096618506475 -0.00036686431865265635 0.035414745326608904 0.0067546248169889495 0.0050522823919946303 -0.014013970191223824 -0.036170697192892613 0.0005024832978547313 -0.0018570604104024156 -0.01105322966282829 0.041255054377443402 -0.0020177379434051408 0.0051214598493376966 -0.012773575016085732 -0.014334335092119083
leaf_weight=5082.1325748600066 210.58045753906481 615.29986237245612 1128.728599620983 526.12759136408567 856.86046212073416 332.48461958300322 886.96969576086849 53262.018802931765 8021.9466128209606 728.18820889852941 392.17897958587855 3199.0882745077834 3816.4815503330901 1242.6281373668462 1029.7507350975648 4886.5400749791879 2574.3031366127543 942.2627892929595 5911.2399840126745 4277.5900096858386 1134.1602111463435 457.9581463849172 607.52039527194574 3393.0677337101661 682.94932634499855 1430.6657147477381 3505.8845901153982 6869.600478165783 1711.289468360832 8861.3773784951773
leaf_count=26549 37115 9251 5484 4508 5277 1941 5831 314167 45833 5793 2749 19597 24444 6202 7556 27811 14710 11984 34815 28258 5542 2498 2865 16167 3789 7029 18416 43246 13195 51366
internal_value=-0.000147593 -0.000198115 -0.00288051 0.00813972 0.0144664 -0.00436559 -0.0207678 0.000331185 -0.00321649 -0.0056267 -0.00247683 -0.0123729 0.000204587 -0.00124846 0.00355931 -0.00259951 0.00819328 0.00576582 0.0106996 -0.00368899 -0.00480391 0.00168638 0.00408288 0.00744152 0.0190326 0.0291142 -0.00673991 -0.00297123 0.00155158 -0.0108433
internal_weight=128578 128367 21154.7 2511.72 1985.59 18643 1219.45 107213 17423.5 12341.4 8414.13 3927.28 106597 53335.3 11699.7 41635.5 3816.93 10670 6853.5 37818.6 33541 7706.32 7248.36 6114.2 2721.14 2038.19 25834.7 13467.4 8580.89 12367.3
internal_count=803988 766873 123562 15269 10761 108293 7772 643311 100521 73972 48582 25390 634060 319893 78799 241094 20912 71243 46799 220182 191924 37890 35392 29850 13683 9894 154034 84252 56441 69782
is_linear=0
shrinkage=0.05


Tree=122
num_leaves=31
num_cat=0
split_feature=1 16 5 14 22 21 22 14 14 20 21 11 22 21 4 11 14 21 5 11 14 11 11 14 22 21 21 21 22 14
split_gain=83.4862 86.0534 68.6961 269.081 153.95 170.418 145.658 226.771 230.756 135.14 130.314 120.406 103.294 174.457 127.454 119.424 301.772 135.72 131.622 128.322 106.585 209.792 182.164 178.686 223.168 156.838 141.47 139.791 166.655 247.964
threshold=72.458122730255141 0.57352942228317272 9.5000000000000018 209.50000000000003 1.0894472500000003 0.042616635550000011 1.3255616000000001 225.50000000000003 260.50000000000006 13.014709472656252 -2.1536850999999992 48.929337142444808 -0.087063040549999984 0.35373817500000004 280.28621579706675 19.651336420823366 232.50000000000003 -0.38558338499999995 27.500000000000004 24.252350459250138 243.50000000000003 34.118159608252284 52.16049636443703 218.50000000000003 -0.96998232499999992 -1.0846349999999998 -1.2996536999999997 -0.67567974499999994 -0.49492500499999997 259.50000000000006
decision_type=2 2 2 2 2 2 2 2 2 2 2 2 2 2 2 2 2 2 2 2 2 2 2 2 2 2 2 2 2 2
left_child=2 -2 11 4 5 10 12 -8 -9 -7 -4 -1 13 20 -15 16 17 -14 -18 -17 21 25 27 24 -23 -5 -25 -22 29 -29
right_child=1 -3 3 6 -6 9 7 8 -10 -11 -12 -13 15 14 -16 19 18 -19 -20 -21 22 23 -24 26 -26 -27 -28 28 -30 -31
leaf_value=0.00020735095513964541 0.046431500870385833 0.0058316140554200676 -0.044770843202976626 -0.0090703110532723875 -0.010245385654138787 0.00034371964361851849 0.065997116493438604 -0.010446072090210892 0.044386247580992723 0.028137169808758567 0.007561667121759247 -0.0036743877070974582 -0.059452947616512319 0.006419758116758198 0.03090705565008417 0.017374115573591205 -0.004192481591641534 0.018713164974410126 -0.073408480313415847 -0.003587591044224161 0.0027317976108376957 -0.087460877112848098 0.0096160811517600302 -0.034573960792440968 -0.012487627772353641 0.026656482502468277 0.0036341690677380205 -0.051139165689639624 -0.0084848156428915713 0.0081206062569884174
leaf_weight=61326.028137823101 185.87017461261712 433.9526703725569 121.10658695874736 413.30933234514669 882.82558017363772 557.19672749307938 194.02260459400713 620.25252916058525 276.64837686857209 2032.9792451548856 4630.6912037250586 29628.061603023903 425.27576610073447 3687.3428446124308 620.05683743045665 783.20914214593358 2335.004036469385 63.375787836033851 69.773165698163211 10584.4174210364 800.63900131406263 130.59202229813673 1018.5434915325604 263.9357431428507 405.74824163643643 1190.6656908020377 2830.2522505465895 736.97417473024689 1092.9382414454594 231.69953672401607
leaf_count=314752 46201 9325 855 2961 7355 4120 1420 4071 1430 20305 40831 173693 2311 22619 7243 4242 10408 464 503 68660 5016 935 8270 1733 3239 7654 22670 4339 5936 1392
internal_value=-0.00022948 0.0180617 -0.000318225 0.0014982 0.00947308 0.0118452 -0.000781549 0.0171304 0.00649751 0.0221607 0.00621876 -0.00105714 -0.00148799 0.00166007 0.0099511 -0.00445089 -0.0135183 -0.0492977 -0.00623042 -0.00214197 -0.00225849 0.00239683 -0.00853669 -0.00425691 -0.0308715 0.0174506 0.00036488 -0.0149975 -0.0218808 -0.0369709
internal_weight=128573 619.823 127954 36999.5 8224.8 7341.97 28774.7 1090.92 896.901 2590.18 4751.8 90954.1 27683.8 13422.7 4307.4 14261.1 2893.43 488.652 2404.78 11367.6 9115.3 5234.5 3880.79 3630.53 536.34 1603.98 3094.19 2862.25 2061.61 968.674
internal_count=804953 55526 749427 260982 73466 66111 187516 6921 5501 24425 41686 488445 180595 94007 29862 86588 13686 2775 10911 72902 64145 39192 24953 28577 4174 10615 24403 16683 11667 5731
is_linear=0
shrinkage=0.05


Tree=123
num_leaves=31
num_cat=0
split_feature=5 10 6 20 23 22 11 11 3 11 5 3 23 20 9 16 4 20 23 11 23 4 22 11 24 24 10 11 9 23
split_gain=78.3652 214.665 120.083 100.218 111.582 91.0049 106.045 95.2829 137.984 83.7941 81.845 81.3738 79.0256 78.3451 157.012 134.953 130.881 98.2686 153.658 181.373 179.539 161.817 158.199 107.149 94.5071 91.5027 91.1629 103.053 134.453 101.442
threshold=1.5000000000000002 93.063600182533278 1.5000000000000002 -17.53835296630859 1.1608809500000004 0.38392488500000005 98.898445862815393 145.48981178265885 20.881982162594799 50.76485803746403 2.5000000000000004 26.517391942441467 0.57171410500000008 55.348884582519538 42.500000000000007 0.42647059261798864 33.990159798413522 10.092330932617189 1.2403435000000003 23.072045487435336 1.7358680000000002 87.171183388680234 -0.32743333499999999 29.054523943159328 7.5000000000000009 1.5000000000000002 23.705044347047806 72.489355760012359 10.500000000000002 0.29784916500000008
decision_type=2 8 2 2 2 2 2 2 2 2 2 2 2 2 2 2 2 2 2 2 2 2 2 2 10 8 10 2 2 2
left_child=9 3 10 4 -2 7 -7 13 -9 11 -3 -1 -8 15 16 24 -15 18 21 -20 22 -17 23 -21 25 -5 27 -18 29 -29
right_child=1 2 -4 5 -6 6 12 8 -10 -11 -12 -13 -14 14 -16 17 26 -19 19 20 -22 -23 -24 -25 -26 -27 -28 28 -30 -31
leaf_value=-0.0011624410939947373 -0.022236719443459459 0.014222317115463266 -0.0215772538913056 -0.00024133067980667083 -0.00093173961116848952 -0.0013093740403233522 -0.054863299887316808 0.12963980823313911 0.012486467085460116 -0.014404085181317462 0.042186515127571059 -0.019644660637095815 -0.011845610365714455 0.01543235656046142 -0.0093446255402935292 -0.0018766772656084764 7.7785574205754154e-05 0.0037753312236268157 -0.016197208812686815 0.039938485804548035 -0.0032740640581349692 -0.018098127849939038 -0.0099074182230980846 0.013840460171526632 -0.038554821055745536 0.02919313542468719 0.010409649368376767 -0.066973510573038603 0.014761043044282491 -0.014956241089544573
leaf_weight=11219.003902166151 1032.9143623104319 559.75400269636884 141.63629110809416 366.58808079664595 1515.4925223365426 26496.245420741616 115.62360014300793 33.66323721408844 92.353715014411137 1578.4990624524653 492.91851199348457 627.94557615555823 1279.7171211349778 1434.9136864282191 4462.5979931727052 6568.0182467564009 25066.423986224225 30095.385968256509 982.33102230913937 446.6202489072457 2755.660548246 2006.3469422250055 640.39951210329309 3268.2357737841085 69.388811824843287 942.67512544570491 1948.5195341657382 99.205613964470103 382.05438103526831 1478.6205144017003
leaf_count=58371 7712 3204 777 6983 9770 162278 806 184 580 11458 49635 3363 10373 6360 20568 36235 131044 158204 4921 2168 14654 11412 3803 17013 903 23032 35735 510 1900 9151
internal_value=2.81849e-05 0.000450991 0.0215294 0.000229161 -0.00957236 0.000454211 -0.00201717 0.00128332 0.0445562 -0.00358615 0.0273443 -0.00214366 -0.015447 0.00121709 -0.000587665 0.00252439 0.000697676 0.00206963 -0.00101025 0.0039309 0.00671337 -0.00567406 0.0130319 0.016988 0.0179366 0.0209577 -3.25341e-05 -0.000785743 -0.0118245 -0.0182672
internal_weight=128200 114774 1194.31 113580 2548.41 111032 27891.6 83140 126.017 13425.4 1052.67 11846.9 1395.34 83014 34872.3 48141.7 30409.7 46763 16667.6 8093.25 7110.92 8574.37 4355.26 3714.86 1378.65 1309.26 28974.8 27026.3 1959.88 1577.83
internal_count=803107 729915 53616 676299 17482 658817 173457 485360 764 73192 52839 61734 11179 484596 205268 279328 184700 248410 90206 42559 37638 47647 22984 19181 30918 30015 178340 142605 11561 9661
is_linear=0
shrinkage=0.05


Tree=124
num_leaves=31
num_cat=0
split_feature=12 5 10 17 23 23 20 23 17 20 6 12 23 1 24 9 13 12 6 13 17 20 20 3 23 23 9 9 23 13
split_gain=93.7059 170.768 130.04 104.704 81.1969 132.754 107.822 81.4947 80.7788 125.417 93.416 76.1736 73.4979 72.8716 72.0544 68.7392 89.7916 110.524 107.681 89.1262 86.6202 67.8109 105.538 99.8177 98.4363 107.892 82.3453 80.3547 70.3211 66.3477
threshold=3.4721362229102173 15.500000000000002 -21.701666325330731 196.47499847412112 0.73998249000000016 1.0344751000000001 84.123107910156264 0.73569989000000013 179.88861083984378 22.590995788574222 23.500000000000004 1.8869969040247681 1.0509969500000003 26.830171108245853 7.5000000000000009 32.500000000000007 -44.030353859920432 8.1130030959752339 12.500000000000002 -16.810575834853175 187.78333282470706 6.7537841796875009 25.936492919921879 28.412618353962902 0.93985930000000006 0.78081134000000019 12.500000000000002 2.5000000000000004 0.74509108000000013 -60.402960005432547
decision_type=2 2 10 2 2 2 2 2 2 2 2 2 2 2 8 2 2 2 2 2 2 2 2 2 2 2 2 2 2 2
left_child=1 3 8 4 7 6 21 -1 10 15 -2 -8 -7 -3 -11 16 -10 18 20 -19 -18 23 -23 24 25 27 -27 -6 -24 -17
right_child=2 13 -4 -5 5 12 11 -9 9 14 -12 -13 -14 -15 -16 29 17 19 -20 -21 -22 22 28 -25 -26 26 -28 -29 -30 -31
leaf_value=-0.001138984022663734 -0.0021492389974793044 0.0090979404198158371 -0.0027070635402070518 -0.0027832679997957326 -0.05244882133433796 -0.022190615142545323 0.017923628195125937 -0.047152042998068473 -0.015449122621419207 0.002083796485302099 -0.03944244335585112 -0.016681071289579054 0.0019171128203361058 0.029615530208754699 0.010118688859060402 0.022808498724657237 0.014230427599041404 -0.036621093813131625 0.022803019077191691 -0.0020499576675467221 -0.0073389659443006978 0.028085946044823559 -0.036939768206443763 -0.0086058543157325161 -0.0080430080496566268 0.04585711538426538 -0.0021101109594380114 0.014768987835669446 0.011474112678132631 0.0010608119688935692
leaf_weight=10610.339552875375 5802.4923817384988 3387.1849647010677 45217.236068119062 14423.696243766695 64.906528443098068 319.79782108333893 213.3064202205278 96.111065824516118 1437.5911695733666 4863.215699031949 171.93113370239735 616.29026885190979 21872.131128744455 495.55566626577638 6546.8862053900957 457.06896767020226 651.99637913703918 340.25127790495753 590.61811174824834 411.20553148537874 1619.7620588131249 1107.1026798277162 75.661431402433664 911.64185048057698 349.34151820652187 425.11417557206005 113.14415271952748 135.74691210873425 3571.5639144871384 1496.7157411836088
leaf_count=61272 28228 27332 277526 83890 323 2080 1639 671 10803 25156 821 3058 134055 43606 30591 3160 3001 2361 3821 2272 10273 7384 464 6166 1856 2217 643 736 21049 8567
internal_value=0.000121478 0.00159126 -0.00111988 0.000874544 0.00217785 0.00352058 0.00923119 -0.00155641 0.00182267 0.00346161 -0.00322888 -0.00777262 0.00156872 0.0117236 0.00669454 -0.00180439 -0.0048845 -0.000678764 0.00380264 -0.0177312 -0.001145 0.0113205 0.0145694 0.00359366 0.0138119 0.0241413 0.035789 -0.00712661 0.0104599 0.00615754
internal_weight=128396 58788.6 69607 54905.9 40482.2 29775.7 7583.82 10706.5 24389.7 18415.3 5974.42 829.597 22191.9 3882.74 11410.1 7005.21 5051.42 3613.83 2862.38 751.457 2271.76 6754.22 4754.33 1999.9 1088.25 738.912 538.258 200.653 3647.23 1953.78
internal_count=805021 398441 406580 327503 243613 181670 45535 61943 129054 100005 29049 4697 136135 70938 55747 44258 32531 21728 17095 4633 13274 40838 28897 11941 5775 3919 2860 1059 21513 11727
is_linear=0
shrinkage=0.05


Tree=125
num_leaves=31
num_cat=0
split_feature=17 20 17 5 5 10 1 20 25 14 21 14 21 14 21 5 14 10 10 5 14 21 14 21 23 22 9 17 9 9
split_gain=76.0718 121.004 71.8287 61.258 58.0913 138.332 91.207 87.2636 89.5502 127.096 175.623 77.5858 121.533 90.5314 106.683 75.5588 73.5698 80.7877 73.0783 91.6175 146.972 126.112 112.2 81.8643 113.714 116.691 104.144 110.887 100.965 97.1613
threshold=156.08823394775393 88.846115112304702 217.55000305175784 26.500000000000004 1.5000000000000002 121.95347533226014 23.681603431701664 -21.101730346679684 32.808040991425521 215.50000000000003 -1.1594290499999997 246.50000000000003 -0.77317857499999987 174.50000000000003 -2.0836265999999992 2.5000000000000004 262.50000000000006 24.804563283920292 -23.176934808492657 15.500000000000002 210.50000000000003 0.050545455900000008 246.50000000000003 0.72620400500000015 2.4967763500000006 -1.2644603999999997 22.500000000000004 176.87500000000003 39.500000000000007 80.500000000000014
decision_type=2 2 2 2 2 8 2 2 2 2 2 2 2 2 2 2 2 10 10 2 2 2 2 2 2 2 2 2 2 2
left_child=1 -1 4 -3 6 7 11 -6 18 10 -10 13 -13 -2 -15 -7 17 -11 -9 23 -21 -22 -23 26 25 -25 -20 -28 -27 -29
right_child=2 3 -4 -5 5 15 -8 8 9 16 -12 12 -14 14 -16 -17 -18 -19 19 20 21 22 -24 24 -26 28 27 29 -30 -31
leaf_value=0.034851867195419883 -0.00061391542588197143 0.007162290827541367 -0.010731536834325817 -0.028709883039638281 -0.012198914546883462 0.0095829197469259123 -0.02526584623387686 0.0036712703927832754 -0.036205492535338189 -0.023020246232010211 0.032154968572316887 0.0370774137566144 -0.00074948532755205919 0.071191037085500009 -0.011108538254470668 0.040650002069457659 -0.001201133828377653 0.026876648502410391 -0.0010988735565173097 0.020590651355974748 -0.005494799859553836 0.02207850324159176 -0.00040783311277885198 -0.025782995885071755 -0.03647563922143076 -0.00069814132019199802 -0.0063142784089440076 0.0052370508316858721 -0.012218391571427664 -0.0067663636240671626
leaf_weight=397.30149688641541 8146.6447836495936 896.92998922918923 1583.506241813302 136.20081553724594 1401.4268343281001 575.23506528325379 449.81797614321113 16236.882989933714 125.68459364934824 1391.1497341860086 363.31944268988445 307.89081166684628 679.22046320140362 38.839617870748043 3504.6519338451326 296.34551981370896 788.03676019585691 85.324704513885081 42672.52203257056 1334.0239855030086 2651.5978016890585 1091.24329981138 1127.2193478466943 541.40324631240219 255.8873018254526 14436.18757005129 2827.8726288396865 19763.085571303964 2189.5081328079104 1842.2299336865544
leaf_count=35462 43019 8740 9987 2859 9589 3053 2239 82529 3062 11088 14413 1573 2991 198 20221 21019 5189 6555 243722 17167 19284 10531 8360 2751 1714 85039 13386 97451 11850 8676
internal_value=-2.31802e-05 0.0114387 -0.000152667 0.00240996 -1.87002e-05 0.00035015 -0.00316541 0.000194435 0.000352837 -0.0085486 0.0145468 -0.0023793 0.0110747 -0.0035162 -0.0101866 0.0201805 -0.0135401 -0.0201205 0.000582048 2.91883e-05 0.00589331 0.00186396 0.010658 -0.000401281 -0.00345493 -0.00296063 0.000391592 0.00299463 -0.00221594 0.00421328
internal_weight=128137 1430.43 126707 1033.13 125123 111996 13127.1 111125 109723 2753.52 489.004 12677.2 987.111 11690.1 3543.49 871.581 2264.51 1476.47 106970 90732.8 6204.08 4870.06 2218.46 84528.7 17423 17167.1 67105.7 24433.2 16625.7 21605.3
internal_count=803717 47061 756656 11599 746669 676428 70241 652356 642767 40307 17475 68002 4564 63438 20419 24072 22832 17643 602460 519931 55342 38175 18891 464589 101354 99640 363235 119513 96889 106127
is_linear=0
shrinkage=0.05


Tree=126
num_leaves=31
num_cat=0
split_feature=12 21 22 21 21 22 12 12 22 10 20 5 9 20 12 22 21 12 9 10 22 21 12 20 5 22 21 9 21 12
split_gain=93.7974 132.184 95.3335 219.61 165.538 200.959 207.951 136.444 113.647 81.0467 78.3409 76.31 75.2177 74.5053 154.699 165.898 275.791 148.59 145.783 119.175 118.849 114.13 155.336 192.334 162.727 125.628 134.982 123.205 117.094 111.612
threshold=0.65944272445820451 -0.35631972499999992 -1.2466693999999998 0.59002947500000003 -0.2753926049999999 -1.3335217999999998 1.5773993808049538 0.78482972136222917 -1.7667101999999997 121.95347533226014 -4.4447250366210929 1.5000000000000002 47.500000000000007 8.6715698242187518 7.7383900928792579 1.0095930500000001 -0.57886999499999992 6.4984520123839014 10.500000000000002 16.496585294604301 1.0527500000000003 -0.28784333499999998 1.5402476780185761 -17.53835296630859 3.5000000000000004 -0.25984330499999997 -1.9959941999999999 1.5000000000000002 0.25288889000000009 6.2523219814241502
decision_type=2 2 2 2 2 2 2 2 2 8 2 2 2 2 2 2 2 2 2 8 2 2 2 2 2 2 2 2 2 2
left_child=1 -1 3 4 8 6 7 -6 -2 11 -9 -8 -3 14 15 17 20 21 19 -18 -17 25 24 -24 27 -4 -27 -23 -29 -25
right_child=2 12 13 -5 5 -7 9 10 -10 -11 -12 -13 -14 -15 -16 16 18 -19 -20 -21 -22 22 23 29 -26 26 -28 28 -30 -31
leaf_value=-0.0056503582906269195 -0.012451618442745364 0.019588262763056679 0.0028458696850563437 -0.015357855262648086 0.077012565445966422 0.045085905657679386 -0.0054845328968591844 -0.048182389974168877 0.0051480596868011819 0.068564647083786082 -0.0088994851897369071 0.018837079543699006 -0.029611081209759124 0.00013885357516027635 -0.017184080502138543 0.080016221575357982 0.022395671869966674 0.011592388465150977 -0.025763363381530919 -0.013300073978374705 0.025417630120293536 -0.0070781149296427238 -0.027674807983669378 -0.0064543805297978584 -0.017611299990684729 0.013143337723651019 -0.012959679065531752 0.0068378344651216826 0.045132826658867614 -0.045937947369280245
leaf_weight=967.73854994727299 1157.2363811470568 1687.0459283313248 7739.9314214184415 1244.2178508047946 37.303373204544187 483.78974421462044 376.44711145758629 177.74732255376875 4407.6864579266403 72.609927810495719 439.88042157841846 2233.4712431121152 80.569731175899506 87263.958294737153 1759.7135036557447 113.30687106586993 585.92774126119912 1594.2989209727384 467.31436784937978 387.80978380329907 799.31192846200429 388.63251111190766 1392.0808873921633 7256.7725854518358 514.60885902773589 595.28612352372147 2926.0157752835657 375.90751131437719 425.64375146385282 182.54873186233453
leaf_count=7749 6987 18670 42101 7747 186 3235 1823 824 28296 896 3657 13489 401 542618 11258 572 3357 9285 4088 2370 4530 2030 10770 46031 3896 3456 18275 2054 2298 1057
internal_value=4.30422e-05 0.00920086 -0.00015679 0.00437282 0.00698965 0.0150013 0.0106281 -0.0146147 0.00148659 0.0167942 -0.0202643 0.0153282 0.0173302 -0.000576376 -0.00284547 -0.00186479 0.0107856 -0.00313807 -0.00283756 0.00818009 0.0322765 -0.00421596 -0.00795611 -0.0106233 0.00585913 -0.000716227 -0.00854441 0.0160135 0.0272043 -0.00742929
internal_weight=128135 2735.35 125399 10630.4 9386.17 3821.25 3337.46 654.931 5564.92 2682.53 617.628 2609.92 1767.62 114769 27505.1 25745.4 2353.67 23391.7 1441.05 973.738 912.619 21797.4 10536.2 8831.4 1704.79 11261.2 3521.3 1190.18 801.551 7439.32
internal_count=804006 26820 777186 67140 59393 24110 20875 4667 35283 16208 4481 15312 19071 710046 167428 156170 14917 141253 9815 5727 5102 131968 68136 57858 10278 63832 21731 6382 4352 47088
is_linear=0
shrinkage=0.05


end of trees

feature_importances:
doy=468
rmm2=377
reg_dry=374
reg_rain_7d=346
rmm1=298
onset_doy_anom=227
mjo_amp=178
mjo_phase=149
clim_onset_doy=133
clim_first_cand_doy=133
wet_days_30d=125
rain_3d=124
days_since_wet_spell=98
rain_1d=92
rain_7d_vs_region=91
clim_dryday_doy=85
clim_false_rate=75
spell_deficit=74
days_since_rain=73
rain_30d=71
clim_rain_doy=69
onset_threshold_mm=69
wet_spell_today=46
rain_14d=18
rain_7d=9
wet_spell_seen=8

parameters:
[boosting: gbdt]
[objective: binary]
[metric: binary_logloss]
[tree_learner: serial]
[device_type: cpu]
[data_sample_strategy: bagging]
[data: ]
[valid: ]
[num_iterations: 127]
[learning_rate: 0.05]
[num_leaves: 31]
[num_threads: 10]
[seed: 0]
[deterministic: 0]
[force_col_wise: 0]
[force_row_wise: 0]
[histogram_pool_size: -1]
[max_depth: -1]
[min_data_in_leaf: 200]
[min_sum_hessian_in_leaf: 0.001]
[bagging_fraction: 0.6]
[pos_bagging_fraction: 1]
[neg_bagging_fraction: 1]
[bagging_freq: 1]
[bagging_seed: 3]
[bagging_by_query: 0]
[feature_fraction: 0.6]
[feature_fraction_bynode: 1]
[feature_fraction_seed: 2]
[extra_trees: 0]
[extra_seed: 6]
[early_stopping_round: 0]
[early_stopping_min_delta: 0]
[first_metric_only: 0]
[max_delta_step: 0]
[lambda_l1: 0]
[lambda_l2: 1]
[linear_lambda: 0]
[min_gain_to_split: 0]
[drop_rate: 0.1]
[max_drop: 50]
[skip_drop: 0.5]
[xgboost_dart_mode: 0]
[uniform_drop: 0]
[drop_seed: 4]
[top_rate: 0.2]
[other_rate: 0.1]
[min_data_per_group: 100]
[max_cat_threshold: 32]
[cat_l2: 10]
[cat_smooth: 10]
[max_cat_to_onehot: 4]
[top_k: 20]
[monotone_constraints: ]
[monotone_constraints_method: basic]
[monotone_penalty: 0]
[feature_contri: ]
[forcedsplits_filename: ]
[refit_decay_rate: 0.9]
[cegb_tradeoff: 1]
[cegb_penalty_split: 0]
[cegb_penalty_feature_lazy: ]
[cegb_penalty_feature_coupled: ]
[path_smooth: 0]
[interaction_constraints: ]
[verbosity: -1]
[saved_feature_importance_type: 0]
[use_quantized_grad: 0]
[num_grad_quant_bins: 4]
[quant_train_renew_leaf: 0]
[stochastic_rounding: 1]
[linear_tree: 0]
[max_bin: 255]
[max_bin_by_feature: ]
[min_data_in_bin: 3]
[bin_construct_sample_cnt: 200000]
[data_random_seed: 1]
[is_enable_sparse: 1]
[enable_bundle: 1]
[use_missing: 1]
[zero_as_missing: 0]
[feature_pre_filter: 1]
[pre_partition: 0]
[two_round: 0]
[header: 0]
[label_column: ]
[weight_column: ]
[group_column: ]
[ignore_column: ]
[categorical_feature: ]
[forcedbins_filename: ]
[precise_float_parser: 0]
[parser_config_file: ]
[objective_seed: 5]
[num_class: 1]
[is_unbalance: 0]
[scale_pos_weight: 1]
[sigmoid: 1]
[boost_from_average: 1]
[reg_sqrt: 0]
[alpha: 0.9]
[fair_c: 1]
[poisson_max_delta_step: 0.7]
[tweedie_variance_power: 1.5]
[lambdarank_truncation_level: 30]
[lambdarank_norm: 1]
[label_gain: ]
[lambdarank_position_bias_regularization: 0]
[eval_at: ]
[multi_error_top_k: 1]
[auc_mu_weights: ]
[num_machines: 1]
[local_listen_port: 12400]
[time_out: 120]
[machine_list_filename: ]
[machines: ]
[gpu_platform_id: -1]
[gpu_device_id: -1]
[gpu_device_id_list: ]
[gpu_use_dp: 0]
[num_gpu: 1]

end of parameters

pandas_categorical:[]
