tree
version=v4
num_class=1
num_tree_per_iteration=1
label_index=0
max_feature_idx=25
objective=binary sigmoid:1
feature_names=rain_1d rain_3d rain_7d rain_14d rain_30d wet_days_30d days_since_rain wet_spell_today wet_spell_seen days_since_wet_spell spell_deficit reg_rain_7d reg_dry rain_7d_vs_region doy clim_rain_doy clim_dryday_doy clim_onset_doy clim_first_cand_doy clim_false_rate onset_doy_anom rmm1 rmm2 mjo_amp mjo_phase onset_threshold_mm
feature_infos=[0:346.57876586914062] [0:964.80462646484375] [0:1936.1752166748047] [0:3242.0305023193359] [0:5169.823317527771] [0:30] [0:90] [0:1] [0:1] [0:99] [-40:1526.9935302734375] [0:206.38006867099287] [0.049535603715170282:16.606811145510836] [-206.38006867099287:1790.3473903487895] [152:274] [0.039228077977895737:78.65045166015625] [0:1] [153.82353210449219:228] [153.82353210449219:203.72727966308594] [0:0.82352942228317261] [-51.727279663085938:120.17646789550781] [-2.7230477:2.6857595000000001] [-2.8039255000000001:4.0264211000000003] [0.026713300499999999:4.2046590000000004] [1:8] [20:40]
tree_sizes=3433 3556 3563 3557 3536 3564 3552 3553 3555 3566 3552 3559 3564 3556 3538 3553 3558 3559 3559 3568 3561 3558 3574 3556 3571 3558 3575 3568 3579 3564 3580 3567 3555 3572 3557 3577 3562 3567 3567 3561 3571 3570 3567 3571 3562 3564 3559 3572 3562 3573 3557 3588 3554 3552 3564 3555 3565 3553 3566 3565 3594 3555 3577 3565 3560 3549 3580 3550 3554 3571 3574 3574 3561 3551 3556 3565 3563 3560 3546 3568 3563 3553 3574 3573 3565 3571 3554 3556 3537 3556 3560 3547 3555 3562 3574 3555 3558 3595 3575 3548 3549 3576 3549 3538 3547 3561 3567 3556 3543 3557 3541 3555 3568 3542 3579 3551 3553 3544 3570 3549 3564 3560 3563 3543 3572 3558 3543 3507 3553 3571 3513 3555

Tree=0
num_leaves=31
num_cat=0
split_feature=1 18 7 5 17 22 21 22 18 9 11 4 21 11 11 0 13 5 5 24 11 15 16 11 24 15 5 0 18 5
split_gain=93852.2 26153.8 11959 11621.6 6954.81 4305.42 4139.57 4015.3 3277.74 2361.76 2342.96 1938.71 1723.22 1719.78 1420.9 1375.55 1095.73 1071.94 1044.73 940.963 910.344 900.141 895.054 841.572 759.275 739.618 731.507 696.866 647.754 605.859
threshold=13.314293622970583 172.74019622802737 1.0000000180025095e-35 5.5000000000000009 167.31060028076175 0.3967179950000001 -0.13247221999999995 0.16082139000000004 171.93548583984378 25.500000000000004 15.017229010400021 66.980697385966792 -0.40757006499999998 9.5080668581966847 20.03343528257712 2.3413845300674443 -22.73482267252939 3.5000000000000004 9.5000000000000018 2.5000000000000004 49.240419371982021 2.561894536018372 0.80882352590560924 50.50536256878646 2.5000000000000004 9.7743926048278826 5.5000000000000009 2.3897628784179692 163.92513275146487 9.5000000000000018
decision_type=2 2 2 2 2 2 2 2 2 2 2 2 2 2 2 2 2 2 2 8 2 2 2 2 8 2 2 2 2 2
left_child=1 4 8 6 25 12 9 11 28 17 -8 19 22 -11 -14 26 29 -3 -16 -6 -7 -15 -5 -12 -13 -1 -10 -4 -2 -9
right_child=2 3 27 5 7 20 10 16 15 13 23 24 14 21 18 -17 -18 -19 -20 -21 -22 -23 -24 -25 -26 -27 -28 -29 -30 -31
leaf_value=0.77500799440723656 0.80568271191551633 0.66752596898268757 0.79948612495086435 0.76597229279089085 0.75702476178075151 0.71061310164956992 0.71831715940584584 0.69400884502450921 0.7099519411687536 0.7814838152587803 0.67109851327643666 0.78261684662419428 0.78387632295895537 0.69635732082333057 0.71106700270270284 0.76563544311462051 0.73371927244655055 0.70341816831262538 0.74063586001936077 0.72593473117051321 0.67824411583192823 0.72547814275168498 0.7314998803060051 0.64837470309897849 0.75702773319260164 0.80186967421004518 0.74865605136972713 0.81865609677389495 0.77865446883161915 0.72493587781192914
leaf_weight=5889.682140827179 3966.1467604637146 5718.9193060398102 5564.7311525344849 5704.5255038738251 3786.4423213005066 4660.1024951934814 2011.6428966522217 4563.0533745288849 2340.301379442215 889.58059144020081 9357.9341990947723 4460.9882318973541 986.8478000164032 6028.6041405200958 8332.0486629009247 6167.5261402130127 6121.5095908641815 3276.7708718776703 4657.4854402542114 6808.9226882457733 4075.8449800014496 4744.0663411617279 2809.6265652179718 7260.3646652698517 8278.1809487342834 4541.4626712799072 2550.7562141418457 32569.466807126999 5036.0860548019409 2428.4088957309723
leaf_count=27006 18186 26223 25516 26157 17362 21368 9224 20923 10731 4079 42909 20455 4525 27643 38205 28280 28069 15025 21356 31221 18689 21753 12883 33291 37958 20824 11696 149341 23092 11135
internal_value=0.747503 0.721765 0.799421 0.702523 0.75071 0.725292 0.684426 0.740407 0.768169 0.699843 0.667335 0.752848 0.736864 0.714696 0.726062 0.749933 0.71827 0.680594 0.721668 0.737045 0.695505 0.709178 0.754596 0.661165 0.765991 0.786707 0.730133 0.81586 0.790568 0.704746
internal_weight=175588 117393 58195 70514.4 46878.7 31226.5 39287.9 36447.5 20060.8 20657.9 18629.9 23334.5 22490.5 11662.3 13976.4 11058.6 13113 8995.69 12989.5 10595.4 8735.95 10772.7 8514.15 16618.3 12739.2 10431.1 4891.06 38134.2 9002.23 6991.46
internal_count=805125 538283 266842 323330 214953 143183 180147 167123 91985 94723 85424 106996 103126 53475 64086 50707 60127 41248 59561 48583 40057 49396 39040 76200 58413 47830 22427 174857 41278 32058
is_linear=0
shrinkage=1


Tree=1
num_leaves=31
num_cat=0
split_feature=1 19 7 5 22 11 19 5 8 22 18 18 22 5 16 11 23 16 11 11 8 4 11 1 18 22 16 22 22 12
split_gain=85739.5 24359.1 11642.1 11312.1 4617.21 4520.13 3272.08 2868.94 2616.3 2462.18 2399.3 2016.77 1455.6 1380.11 1107.7 1076.48 908.626 826.847 756.17 712.425 824.682 658.775 653.279 589.531 555.763 546.792 515.347 512.417 491.598 488.479
threshold=12.898411482572557 0.36764706671237951 1.0000000180025095e-35 6.5000000000000009 0.43984303000000008 16.244831388937339 0.36764706671237951 3.5000000000000004 1.0000000180025095e-35 0.04601305725000001 161.1470642089844 175.53743743896487 0.16082139000000004 6.5000000000000009 0.77941176295280468 49.851090743157435 1.6180181500000004 0.83823528885841381 75.951033719080073 50.50536256878646 1.0000000180025095e-35 36.424846217036254 50.76485803746403 19.233471795916561 175.13873291015628 -0.57567774999999988 0.27941177785396581 0.45226171500000006 1.3878511000000002 3.4164086687306505
decision_type=2 2 2 2 2 2 2 2 2 2 2 2 2 2 2 2 2 2 2 2 2 2 2 2 2 2 2 2 2 2
left_child=1 10 6 5 14 8 -2 11 -3 17 26 22 21 24 -5 28 18 -9 -6 20 -13 -12 -7 -4 -8 -21 -1 -15 -11 -28
right_child=2 3 23 4 16 7 13 9 -10 15 12 19 -14 27 -16 -17 -18 -19 -20 25 -22 -23 -24 -25 -26 -27 29 -29 -30 -31
leaf_value=0.061043541236856749 0.048717278936341459 -0.041978254145483972 0.048480251211006214 0.0042960887623671312 -0.02563063613162524 -0.035428266056154782 0.010816827961075744 -0.024100613734364403 0.012432592441146103 -0.042764638180521217 -0.0049186094130986395 -0.078100491957828283 -0.012362463505676907 0.029069008880084898 -0.017576279308158752 -0.08140183691200728 -0.068815775528043036 -0.051366662612313707 -0.065077899668502845 -0.065504568134417782 -0.046489573359637576 0.02553788623604571 -0.072690808682160352 0.068599862803964295 -0.018253864631604576 -0.099647096114737571 0.048581811804175618 -0.007006235666431649 -0.090080520011208018 0.021203911563253939
leaf_weight=2207.0987865924835 6608.2793879061937 4940.5509270131588 4101.0434427112341 16912.871550142765 5502.0174652785063 4738.6923399865627 2447.9685881584883 10681.283192768693 3995.1101915687323 4707.4121099412441 2269.8034645169973 8048.3697878420353 5792.5402998626232 5482.2578361779451 8799.4726171940565 4567.0171858072281 2624.2161023318768 3760.2760996967554 1559.2839803546667 1570.0306587815285 2782.2677437663078 8146.8736327886581 1566.0336795002222 33267.583755165339 5002.0062264353037 4736.3633634746075 2888.871387720108 1199.2916405647993 621.7390468865633 3741.5960230827332
leaf_count=10322 30811 22341 19229 77543 24885 21467 11279 48386 18232 21244 10360 36066 26346 25279 40184 20454 11852 16959 7005 7033 12500 37515 7064 156502 22883 21117 13421 5526 2800 17383
internal_value=6.4112e-05 -0.0245644 0.0497204 -0.0364528 -0.0142733 -0.0502954 0.0196779 -0.0563997 -0.0176526 -0.0443716 0.0191566 -0.068885 0.00772894 0.00609581 -0.00318963 -0.0635834 -0.0436939 -0.0312032 -0.0343494 -0.0777818 -0.069985 0.0189016 -0.044694 0.0663932 -0.00870143 -0.0911588 0.0401132 0.0225937 -0.0483007 0.0331379
internal_weight=175268 117160 58108.4 92113 35397.9 56715.1 20739.8 47779.5 8935.66 24337.7 25046.8 23441.8 16209.2 14131.5 25712.3 9896.17 9685.52 14441.6 7061.3 17137 10830.6 10416.7 6304.73 37368.6 7449.97 6306.39 8837.57 6681.55 5329.15 6630.47
internal_count=803988 532479 271509 417132 161469 255663 95778 215090 40573 109843 115347 105247 74221 64967 117727 44498 43742 65345 31890 76716 48566 47875 28531 175731 34162 28150 41126 30805 24044 30804
is_linear=0
shrinkage=0.05


Tree=2
num_leaves=31
num_cat=0
split_feature=7 15 20 15 24 0 24 20 24 6 14 6 13 20 20 24 4 22 5 12 14 13 14 0 14 22 24 23 12 20
split_gain=77238.7 21249.8 10214.5 7021.83 4615.31 4275.09 4197.62 3825.26 3857.71 2916.71 2815.71 2722.91 2620.34 1973.14 1527.03 1452.82 1312.27 1216.27 1106.1 1032.99 742.543 742.283 710.873 648.68 622.45 572.704 560.991 559.78 559.337 762.201
threshold=1.0000000180025095e-35 3.5128124952316289 36.092330932617195 8.3714632987976092 2.5000000000000004 2.5833921432495122 2.5000000000000004 -12.666358947753904 2.5000000000000004 1.5000000000000002 252.50000000000003 1.5000000000000002 -33.493582063541957 3.8894500732421879 -8.318016052246092 7.5000000000000009 72.991986483335509 0.94406590000000012 6.5000000000000009 4.5681114551083608 243.50000000000003 -10.796363293882939 216.50000000000003 4.2473878860473642 156.50000000000003 -0.62631416499999981 2.5000000000000004 1.6901442000000002 1.2863777089783284 -11.365150451660154
decision_type=2 2 2 2 8 2 8 2 8 2 2 2 2 2 2 8 2 2 2 2 2 2 2 2 2 2 8 2 2 2
left_child=1 2 6 5 -4 7 13 -3 -9 28 15 23 18 19 24 20 -17 -16 -10 -1 25 27 -5 -2 -11 -6 -7 -14 -8 -30
right_child=11 3 4 22 10 26 9 8 12 14 -12 -13 21 -15 17 16 -18 -19 -20 -21 -22 -23 -24 -25 -26 -27 -28 -29 29 -31
leaf_value=-0.028715908513970392 0.051967091645830014 -0.061652077642704965 0.030920913002885297 0.057598675834524021 -0.020420362657462499 0.041151280437710269 -0.010405064388069367 0.026311611107547497 -0.053697762390392346 -0.049844559965493147 0.0020127129632177272 0.0070128831818561613 -0.0084090055033297466 -0.0035763249526971097 -0.055578876183303774 -0.040383591682374986 -0.003818005792912717 -0.08929474139696858 -0.020086858514903754 -0.069740131355015819 -0.018831819907801303 0.0069255350398386151 0.029784403797299731 0.067198191719838776 -0.096382434088676749 -0.076417839984725164 0.015936279922722677 -0.041293860585431004 -0.074632752867707292 -0.034427113577899224
leaf_weight=4009.4777453839779 9221.8136817514896 3502.7648387849331 4987.2708577215672 4550.8521108329296 534.37649974226952 2852.8882814347744 1682.1617572754622 7036.9380892366171 4645.2794989645481 827.53425937891006 7798.4636937826872 2255.6317074298859 10061.497269272804 5421.226878285408 14162.998886525631 5616.9965277761221 4356.7358079999685 3301.7313937991858 5177.2889264523983 2487.4738693386316 952.39744524657726 8354.8586395680904 4646.7047022283077 29179.53484967351 5631.2240798771381 3172.1280513256788 9727.8680480122566 1484.2787256985903 1466.9402773529291 6012.0065640509129
leaf_count=17963 43846 15529 22838 21550 2425 13231 7605 32447 20582 3693 35444 10505 45702 24590 62951 25147 19864 14544 23528 11084 4307 38341 21875 140909 24723 14133 44760 6693 6536 27065
internal_value=1.85486e-05 -0.0182409 -0.0366381 0.00323438 -0.0125803 -0.00378358 -0.0512949 -0.0117332 -0.00697504 -0.0604602 -0.0222532 0.060406 -0.0148562 -0.0258493 -0.0696475 -0.0351849 -0.024413 -0.0619577 -0.0359859 -0.0444311 -0.0582352 -0.00442575 0.0435514 0.063542 -0.0904284 -0.0683522 0.021657 -0.0126398 -0.0364633 -0.0423221
internal_weight=175119 134462 72421.1 62041.2 27418.4 52843.7 45002.8 40262.9 36760.1 33084.6 22431.1 40657 29723.2 11918.2 23923.5 14632.6 9973.73 17464.7 9822.57 6496.95 4658.9 19900.6 9197.56 38401.3 6458.76 3706.5 12580.8 11545.8 9161.11 7478.95
internal_count=804410 609150 324912 284238 124158 240813 200754 182822 167293 147117 101320 195260 134846 53637 105911 65876 45011 77495 44110 29047 20865 90736 43425 184755 28416 16558 57991 52395 41206 33601
is_linear=0
shrinkage=0.05


Tree=3
num_leaves=31
num_cat=0
split_feature=7 19 8 21 13 18 19 6 22 22 9 24 6 4 24 6 6 13 6 22 10 6 4 13 24 24 24 22 24 9
split_gain=70615.6 24226.2 9545.98 6469.26 4356.11 3351.18 2804.47 2620.46 2272.75 2212.59 1846.51 1661.85 1544.47 1355.09 1344.47 1281.88 914.349 861.73 759.226 710.578 660.102 647.654 634.228 632.573 606.356 492.41 491.944 459.15 448.974 439.851
threshold=1.0000000180025095e-35 0.36764706671237951 1.0000000180025095e-35 -0.12487920499999999 -15.66016576073533 179.01704406738284 0.16176471114158633 1.5000000000000002 0.055660221750000009 0.45747834000000004 30.500000000000004 3.5000000000000004 1.5000000000000002 76.196166023612037 2.5000000000000004 1.5000000000000002 1.5000000000000002 -36.138513235554051 1.0000000180025095e-35 1.0095930500000001 18.106151986122132 1.0000000180025095e-35 92.663445204496398 -24.450221868837392 2.5000000000000004 4.5000000000000009 2.5000000000000004 -0.41059787499999995 7.5000000000000009 48.500000000000007
decision_type=2 2 2 2 2 2 2 2 2 2 2 8 2 2 8 2 2 2 2 2 10 2 2 2 8 8 8 2 8 2
left_child=1 6 5 9 8 12 25 20 13 15 16 -8 -3 -5 -12 -4 -7 -11 -13 22 -2 -6 -10 28 -14 -1 -17 -15 -16 -25
right_child=7 2 3 4 21 10 11 -9 19 17 14 18 24 27 23 26 -18 -19 -20 -21 -22 -23 -24 29 -26 -27 -28 -29 -30 -31
leaf_value=0.057654517888625856 0.051101467338437949 -0.0094164563015914464 0.021660825798371176 -0.044167747967995476 0.019492369732876959 -0.054219167830884367 0.034871093949302844 0.0067390355960885275 -0.059861056058706591 -0.054643707260807001 -0.015945789278363952 0.023194620594096209 -0.022822737500541507 -0.023049718443060137 -0.085443525205022741 0.0063160197327432254 -0.087021586486655617 -0.014991574796166638 -0.0043026459013277354 -0.07576455995279513 0.066031418273497289 -0.010536522891526892 -0.033687534724594001 -0.073873095454039944 -0.050104311477581723 0.035249684865527209 -0.010341502871920474 0.003144478784599189 -0.056132812312332241 -0.021083991712742334
leaf_weight=3975.8863812834024 10194.227103531361 5252.8197762221098 8266.2779274880886 6400.3212732225657 2361.242532774806 3024.2535870075226 5478.8047640621662 2278.4706200957298 6015.4423655122519 2005.4180079102516 2560.0766337960958 3303.6894685775042 2795.4498733133078 4046.0618491172791 1983.2279337793589 8690.3717957139015 7196.4348339736462 4324.775528177619 10442.70883153379 3606.8741630762815 27266.666606381536 7484.4294088035822 3770.1755496114492 523.97247672080994 7529.0102906823158 6422.288333684206 9044.1707097440958 2851.4658275544643 3867.996036618948 1594.7508389353752
leaf_count=19173 49904 23574 38046 28317 10877 13335 25736 10633 26337 8765 11407 15411 12461 18340 8548 39770 30914 19336 47697 15660 135257 33877 16827 2295 32861 30728 40651 12925 16811 7076
internal_value=0.000229094 -0.0170368 -0.0282843 -0.0173443 -0.0317599 -0.049022 0.0229037 0.0588036 -0.0422454 -0.00105338 -0.06218 0.0115885 -0.0314913 -0.0275998 -0.047477 0.00540079 -0.0773218 -0.0275601 0.00230701 -0.0567844 0.06197 -0.00333358 -0.0497815 -0.0576021 -0.0427205 0.0438212 -0.002179 -0.012222 -0.0660804 -0.0341677
internal_weight=174558 134818 105195 68867 36536 36328 29623.4 39739.4 26690.3 32331 20750.7 19225.2 15577.3 13297.8 10530 26000.8 10220.7 6330.19 13746.4 13392.5 37460.9 9845.67 9785.62 7969.95 10324.5 10398.2 17734.5 6897.53 5851.22 2118.72
internal_count=803549 607755 469010 309728 163160 159282 138745 195794 118406 146568 90386 88844 68896 59582 46137 118467 44249 28101 63108 58824 185161 44754 43164 34730 45322 49901 80421 31265 25359 9371
is_linear=0
shrinkage=0.05


Tree=4
num_leaves=31
num_cat=0
split_feature=1 18 20 7 21 18 14 24 24 18 20 18 20 24 14 24 11 20 5 14 24 0 9 5 1 5 0 11 2 5
split_gain=67792.1 17713.3 13833.2 8283.69 6090.55 4347.76 3235.27 2714.66 2636.71 2242.27 1789.66 1584.51 1582.56 1419.35 1259.7 1050.38 955.37 918.328 829.826 765.193 764.573 713.028 653.283 634.713 629.831 588.595 566.53 552.842 530.431 493.817
threshold=14.213365554809572 171.66728210449222 28.348884582519535 1.0000000180025095e-35 1.0000000180025095e-35 161.1470642089844 242.50000000000003 2.5000000000000004 3.5000000000000004 169.5933532714844 23.059715270996097 179.01704406738284 4.8575057983398446 2.5000000000000004 221.50000000000003 3.5000000000000004 14.532123391300257 -3.4393386840820308 9.5000000000000018 252.50000000000003 7.5000000000000009 1.9141832590103152 42.500000000000007 5.5000000000000009 3.9799674749374394 3.5000000000000004 2.3413845300674443 45.413500027202332 4.4834719151258478 2.5000000000000004
decision_type=2 2 2 2 2 2 2 8 8 2 2 2 2 8 2 10 2 2 2 2 8 2 2 2 2 2 2 2 2 2
left_child=1 5 7 9 13 14 15 12 29 -2 21 24 28 -4 -1 -6 -8 -13 27 25 -19 -11 -18 -22 -9 -15 -5 -10 -3 -7
right_child=3 2 4 26 6 8 16 11 18 10 -12 17 -14 19 -16 -17 22 20 -20 -21 23 -23 -24 -25 -26 -27 -28 -29 -30 -31
leaf_value=0.0586488133373049 0.044557199665059208 -0.061993112181184674 0.026428758153287449 0.046797900747683044 -0.038233079112450497 -0.0036184746604156419 0.021456860114238408 -0.055456827456528059 -0.010895831339547231 -0.03632045839780116 0.024285673480565515 -0.0833694109813818 -0.0075621134899640924 -0.032094919264515596 0.020808217214949125 -0.071257472090743387 -0.013838154164524767 -0.078970514561959484 0.001055804537843458 0.016520752160301074 -0.062026194152870695 0.0020998765109407308 -0.049757348387219326 -0.028001143888850718 -0.029838212291538008 -0.0030535314962994941 0.065379302351812982 -0.031179321966004148 -0.03403755917532101 0.026845538134897262
leaf_weight=3886.3866980224848 6415.9980157166719 3279.657776966691 6229.55762116611 4795.4206619560719 5356.3538738042116 1631.8542872220278 1661.0324126929045 7956.8050667047501 9325.8823862671852 2215.1374950259924 6830.4679628461599 8612.9923798441887 3898.2518753409386 2278.8220470994711 5068.9892972111702 4380.8283432126045 7736.6150648295879 3625.5715584456921 9072.7101348638535 3828.6207845807076 3826.9472975879908 2653.3458794057369 1512.900997787714 2139.3407537341118 3440.7054942697287 7434.2368606626987 28889.549220100045 5251.429003983736 3526.0438915938139 7191.0179128348827
leaf_count=19087 31022 14173 28745 23961 23487 7427 7568 34325 41814 9852 31644 36487 17608 9974 24457 18883 34641 15454 41591 17318 16358 12130 6578 9441 15188 33249 147938 23345 15488 33814
internal_value=0.000140775 -0.0201853 -0.0338251 0.0480729 -0.0131555 0.00639263 -0.0321476 -0.0545515 -0.00211389 0.0208056 0.00777691 -0.0623547 -0.0329676 0.00667905 0.0372347 -0.0530968 -0.0134481 -0.07151 -0.0108161 -0.00240766 -0.0608533 -0.0153851 -0.019718 -0.0498325 -0.0477263 -0.00986966 0.0627355 -0.0182045 -0.0475164 0.0212112
internal_weight=173953 122154 80725.3 51799.9 40419 41428.3 20647.7 40306.3 32472.9 18114.9 11699 29602.4 10704 19771.2 8955.38 9737.18 10910.5 18204.9 23650 13541.7 9591.86 4868.48 9249.52 5966.29 11397.5 9713.06 33685 14577.3 6805.7 8822.87
internal_count=803047 546500 354965 256547 180443 191535 91157 174522 147991 84648 53626 127253 47269 89286 43544 42370 48787 77740 106750 60541 41253 21982 41219 25799 49513 43223 171899 65159 29661 41241
is_linear=0
shrinkage=0.05


Tree=5
num_leaves=31
num_cat=0
split_feature=7 19 20 24 18 13 19 24 0 24 22 5 0 20 20 0 13 0 24 20 24 24 22 5 12 20 0 20 12 20
split_gain=60410.7 20363.2 12758.7 5395.18 4119.56 3937.81 3238.95 2209.17 2075.62 1890.75 1709.76 1420.39 1361.29 1308.32 1287.69 1261.97 998.538 930.296 847.628 847.001 774.462 627.948 575.668 567.606 544.098 543.8 541.977 531.305 514.459 505.557
threshold=1.0000000180025095e-35 0.39705882966518408 29.333641052246097 2.5000000000000004 175.58020782470706 -12.766736373824322 0.16176471114158633 2.5000000000000004 2.2954241037368779 3.5000000000000004 1.0095930500000001 7.5000000000000009 2.439024925231934 3.4155578613281254 64.423660278320327 2.8965305089950566 -34.579891838479334 5.9283936023712167 3.5000000000000004 -0.44994354248046869 7.5000000000000009 6.5000000000000009 0.16082139000000004 3.5000000000000004 6.1377708978328185 63.469665527343757 5.2516279220581064 65.772979736328139 11.018575851393191 12.507575988769533
decision_type=2 2 2 8 2 2 2 8 2 8 2 2 2 2 2 2 2 2 10 2 8 8 2 2 2 2 2 2 2 2
left_child=1 6 4 -4 15 10 14 13 -2 -8 11 16 19 24 -1 18 -5 22 29 -9 -21 27 -11 -22 -6 -12 28 -13 -7 -3
right_child=8 2 3 5 7 26 9 12 -10 17 25 21 -14 -15 -16 -17 -18 -19 -20 20 23 -23 -24 -25 -26 -27 -28 -29 -30 -31
leaf_value=0.061092168292309616 0.032579404678963725 -0.029750705124376716 0.027406597507615885 -0.044493677575391459 -0.04033400282022559 -0.00036834358084779145 0.030175088996975907 -0.07633450946924189 0.061959700025206427 0.004632750828772722 -0.068997389806624662 -0.048198820563507772 -0.034614105880252703 -0.00740837672485661 0.025235599003713319 0.0079357491043888662 -0.019332452493232455 0.031305357262391496 -0.050082265650013384 -0.073806753480998716 -0.064361309002033615 -0.00025636289251738757 -0.014607551418300533 -0.034226179733334409 -0.081554061760133967 -0.023948023161983224 0.030749409122951755 -0.0098653205467012645 0.04155766717871999 -0.0043922582428582357
leaf_weight=4596.2826646119356 7510.4033871889114 6011.652184844017 8401.2293412387371 7481.4956369400024 4846.8874965012074 8818.6215972602367 6844.4005038440228 11087.528856739402 30193.496065095067 7817.9693349897861 2739.8872182816267 1494.00715957582 3914.4924788326025 3216.6888404041529 5504.2617722898722 2696.8182745873928 8341.9718017876148 1997.503064095974 3642.2774742692709 4035.3786191046238 2561.532163143158 7924.1521648466587 7731.405496135354 4018.6249634027481 959.8046785145998 888.47181065380573 2173.9055180698633 2287.929968431592 796.88397844135761 2920.5467889159918
leaf_count=23191 37173 26378 39307 32192 20855 40022 32583 46315 158576 35787 11587 6571 17091 14434 26985 12252 36650 9489 15666 16934 10768 35742 34772 17335 4079 3869 10172 10243 3634 13048
internal_value=0.000118895 -0.0154319 -0.0267339 -0.00923545 -0.0447353 -0.0164037 0.0177481 -0.0542728 0.0561083 0.00788759 -0.0257165 -0.0214628 -0.0617671 -0.0329917 0.0415567 -0.0230985 -0.031231 -0.000807181 -0.0297545 -0.0666628 -0.0565548 -0.00825742 -0.00493417 -0.0459652 -0.0471603 -0.0579758 0.00820893 -0.0250172 0.00311023 -0.0214607
internal_weight=173457 135753 101261 51348.6 49912.2 42947.3 34491.8 34640.9 37703.9 24391.3 31157.9 27529.6 25617.6 9023.38 10100.5 15271.3 15823.5 17546.9 12574.5 21703.1 10615.5 11706.1 15549.4 6580.16 5806.69 3628.36 11789.4 3781.94 9615.51 8932.2
internal_count=803700 607951 445144 229989 215155 190682 162807 147811 195749 112631 136854 121398 108443 39368 50176 67344 68842 80048 55092 91352 45037 52556 70559 28103 24934 15456 53828 16814 43656 39426
is_linear=0
shrinkage=0.05


Tree=6
num_leaves=31
num_cat=0
split_feature=9 17 14 17 21 24 14 6 6 0 14 24 14 5 13 24 22 24 10 14 10 5 5 14 12 12 17 14 12 24
split_gain=56012 15165 11780.2 6515.62 5182.77 3024.33 2700.53 2387.98 2356.12 1849.22 1422.83 1358.01 1280.31 1177.68 1085.73 974.101 949.566 911.44 866.803 824.606 682.938 672.985 663.52 641.803 953.894 702.17 609.798 598.808 538.958 522.582
threshold=1.0000000180025095e-35 187.091667175293 213.50000000000003 167.31060028076175 -0.12487920499999999 3.5000000000000004 242.50000000000003 1.5000000000000002 1.5000000000000002 3.561622262001038 215.50000000000003 2.5000000000000004 252.50000000000003 2.5000000000000004 -13.666838580909708 7.5000000000000009 -0.16078418999999997 3.5000000000000004 -7.313553787767888 184.50000000000003 12.163085103034975 4.5000000000000009 6.5000000000000009 249.50000000000003 5.1625386996904039 8.4334365325077432 157.66176605224612 188.50000000000003 3.535603715170279 2.5000000000000004
decision_type=2 2 2 2 2 8 2 2 2 2 2 8 2 2 2 8 2 10 8 2 10 2 2 2 2 2 2 2 2 8
left_child=8 3 7 10 16 13 17 18 20 12 -2 19 15 -5 -8 -7 -4 -6 29 -9 -1 -13 -17 24 -18 -26 -12 -23 -24 -3
right_child=1 2 4 5 6 9 14 11 -10 -11 26 21 -14 -15 -16 22 23 -19 -20 -21 -22 27 28 -25 25 -27 -28 -29 -30 -31
leaf_value=0.043784445070197478 0.056615369194494114 -0.016809801552129324 0.025889123891640949 -0.013372544709521079 -0.032838849222473723 -0.037378910612969621 -0.021234678321953592 -0.050481552970507597 0.0050915654616024309 0.01399829198293002 0.043319969932019808 -0.068437766339510514 0.003713921488966215 0.023624712934891053 0.011358870356671201 -0.025439741702326685 0.010787463474757897 -0.066351184695145574 -0.014169020102092004 -0.016258452553697105 0.061593726842475119 -0.065005201207019747 0.010469120222400428 0.020661454478107997 -0.050393110210713757 0.010539387208351835 0.011569455430063262 -0.037035792511887489 -0.015752722987823719 -0.05019773100834251
leaf_weight=6695.3197445720434 5160.4718953967094 1579.2948126792908 7645.3513574451208 2701.0723216980696 4801.9160222262144 7288.4248223304749 6950.0745179504156 4497.763058707118 2229.6434904932976 5763.4024020731449 2240.3051334321499 14019.158147901297 5983.8531399071217 10549.02451248467 4039.2526364326477 8221.5202011018991 2663.3213996440172 3517.7047611922026 5420.4522471874952 2893.5741706192493 27726.294797718525 3575.8958246260881 3252.4665380418301 2692.3260209560394 1660.3656554371119 660.46490359306335 4652.5779981315136 4129.1914494037628 4926.7625444680452 4558.0535693764687
leaf_count=35031 26474 6986 35493 12150 20831 31606 30513 19129 10646 26720 11200 57893 27087 49875 18527 35691 11831 14772 23856 12861 149911 15037 14740 12264 7307 2931 22788 17577 22219 19436
internal_value=4.42699e-05 -0.0147358 -0.0297283 0.00385183 -0.00829605 -0.00429653 -0.0255259 -0.0479759 0.0549047 -0.0119166 0.0367628 -0.0556094 -0.0169504 0.0160823 -0.0092546 -0.0221701 0.0134177 -0.0470148 -0.0287431 -0.0370878 0.058131 -0.0619091 -0.0154095 0.000995034 -0.00963033 -0.0330558 0.0218937 -0.050023 -0.00532561 -0.0416103
internal_weight=172695 136044 75304.2 60739.9 34630.8 48686.5 19308.9 40673.4 36651.3 35436.4 12053.4 29115.6 29673 13250.1 10989.3 23689.2 15321.8 8319.62 11557.8 7391.34 34421.6 21724.2 16400.7 7676.48 4984.15 2320.83 6892.88 7705.09 8179.23 6137.35
internal_count=803382 607794 327244 280550 154469 220088 84643 172775 195588 158063 60462 122497 131343 62025 49040 104256 69826 35603 50278 31990 184942 90507 72650 34333 22069 10238 33988 32614 36959 26422
is_linear=0
shrinkage=0.05


Tree=7
num_leaves=31
num_cat=0
split_feature=1 16 14 7 21 16 14 24 5 16 24 13 13 14 4 21 21 14 4 24 24 14 12 14 12 14 4 5 1 16
split_gain=53664.5 13393.6 7167.73 7027.71 4671.21 3221.68 2129.91 1974.63 1845.56 1708.82 1238.91 1062.03 928.842 859.121 744.461 701.164 655.188 997.555 655.59 649.777 597.335 726.08 839.562 544.644 521.816 469.604 467.944 460.786 430.896 421.218
threshold=14.440095543861391 0.69117647409439098 216.50000000000003 1.0000000180025095e-35 -0.19011549499999997 0.48529411852359777 251.50000000000003 2.5000000000000004 6.5000000000000009 0.69117647409439098 2.5000000000000004 -34.579891838479334 -20.480352920932756 218.50000000000003 52.151261270046241 1.7710663000000002 0.57696247500000009 239.50000000000003 78.639281980693355 3.5000000000000004 2.5000000000000004 251.50000000000003 5.4272445820433441 187.50000000000003 8.4334365325077432 215.50000000000003 98.471542552113547 3.5000000000000004 23.269164085388187 0.83823528885841381
decision_type=2 2 2 2 2 2 2 8 2 2 8 2 2 2 2 2 2 2 2 10 8 2 2 2 2 2 2 2 2 2
left_child=1 5 8 9 20 25 16 27 10 -2 29 14 -12 -11 -9 26 18 -18 -6 23 -4 22 -22 -10 -24 -1 -8 -7 -5 -3
right_child=3 2 4 28 6 7 15 11 19 13 12 -13 -14 -15 -16 -17 17 -19 -20 -21 21 -23 24 -25 -26 -27 -28 -29 -30 -31
leaf_value=0.047732072480879337 0.036115037171979204 -0.023020962904405081 0.024494001764896047 0.0460031501304718 -0.04310499486767172 0.0015495168766068001 -0.017635741998110865 -0.042343767377209969 -0.030066205547583311 -0.0081876935633702231 -0.05804925787554284 -3.0310906724045462e-05 -0.037802959861725827 0.02265064367554636 -0.011024495863237017 -0.067129964738291414 -0.072951841766613679 -0.0263749329632617 -0.0079625940425544894 -0.043402901790478295 0.010265531130086436 0.022757275493388032 -0.041260709274259733 -0.0044384619756250819 0.0064617079224867507 0.022407283436763115 0.00598292030030745 0.030953664992779358 0.061877211163052309 -0.045167664488163894
leaf_weight=3875.7117494493723 8232.7440419346094 5922.6799179762602 5016.8731623888016 5148.7850410491228 3768.9379805773497 1805.1466638892889 4112.3295014351606 2803.1756025254726 3930.7604068815708 5358.8370644748211 19548.261929675937 18969.942831024528 7988.3460170924664 3902.1720218509436 5871.009905025363 488.9760726839304 3075.9220679700375 1837.8586662858725 2048.9284119009972 3090.7485103756189 3199.8954295665026 3064.7205068916082 1960.8584433794022 4386.4899334013462 808.6813241392374 3474.3489400446415 4277.6398738324642 5087.260458663106 25655.868864998221 3371.352057248354
leaf_count=19893 40548 25872 23927 28048 16059 8295 18304 11926 17367 23999 80772 86317 33652 18418 26059 2172 12924 8011 9126 13130 14231 14002 8596 19551 3605 17349 19413 24750 143799 14301
internal_value=0.00015292 -0.0172881 -0.0290498 0.0448529 -0.0113422 0.00570969 -0.0271078 -0.000687697 -0.041406 0.0195422 -0.0468492 -0.0066576 -0.0521774 0.00480724 -0.0211494 -0.00899048 -0.0420952 -0.05554 -0.0307321 -0.0238301 0.0106617 0.00297843 -0.00717818 -0.0165524 -0.0273289 0.0357658 -0.00559445 0.023254 0.0592256 -0.0310585
internal_weight=172085 123787 81900.3 48298.4 33661.6 41886.6 19610.6 34536.5 48238.6 17493.8 36830.6 27644.1 27536.6 9261.01 8674.19 8878.95 10731.6 4913.78 5817.87 11408 14051 9034.16 5969.44 8317.25 2769.54 7350.06 8389.97 6892.41 30804.7 9294.03
internal_count=804416 549604 355015 254812 150370 194589 86009 157347 204645 82965 154597 124302 114424 42417 37985 39889 46120 20935 25185 50048 64361 40434 26432 36918 12201 37242 37717 33045 171847 40173
is_linear=0
shrinkage=0.05


Tree=8
num_leaves=31
num_cat=0
split_feature=7 19 5 19 22 6 11 22 21 5 0 5 21 11 12 10 10 16 12 12 0 0 22 23 11 21 16 11 9 23
split_gain=47795.8 15586.6 4733.51 4116.3 3106.55 2349.85 2244.6 2160.67 1695.98 1516.98 1197.5 1142.88 1068.69 1052.96 1000.48 726.772 657.392 605.604 614.879 594.337 575.068 567.879 565.488 533.435 492.581 471.582 455.948 447.812 439.023 486.38
threshold=1.0000000180025095e-35 0.48529411852359777 5.5000000000000009 0.1911764740943909 0.45226171500000006 1.5000000000000002 21.510219842207047 0.16082139000000004 -0.24765999499999997 3.5000000000000004 5.642298936843873 2.5000000000000004 -0.41576999499999995 20.03343528257712 10.439628482972138 -7.313553787767888 17.309886181354525 0.30882354080677038 3.4164086687306505 2.0154798761609913 5.3417844772338876 2.9541023969650273 0.41218942500000005 1.6502280500000002 75.951033719080073 -0.094839982699999978 0.83823528885841381 9.5080668581966847 23.500000000000004 2.4041249500000004
decision_type=2 2 2 2 2 2 2 2 2 2 2 2 2 2 2 8 10 2 2 2 2 2 2 2 2 2 2 2 2 2
left_child=1 3 6 17 10 16 14 9 11 -5 12 -8 26 -14 28 -10 -2 -1 -19 -15 25 27 -13 24 -6 -11 -4 -9 -3 -30
right_child=5 2 4 7 23 -7 8 21 15 20 -12 22 13 19 -16 -17 -18 18 -20 -21 -22 -23 -24 -25 -26 -27 -28 -29 29 -31
leaf_value=0.053859191996570188 0.044299864301101749 -0.031404996928234077 0.011700482921355136 -0.012202657283489377 -0.022725861922752444 0.0025235461908383414 -0.046125163217261456 0.013494921386868038 -0.055140957865619414 0.021162862462360509 0.023354427760691691 -0.013293180667466023 0.033017529423814911 -0.0029658582808603129 0.020885128336363169 -0.029018285635664543 0.060355271553898152 0.042615743233619996 0.014805594971748423 -0.025650572385220713 0.038485829500521825 0.0074472458008126704 -0.042797435161565645 -0.055743403834676956 -0.053668924875982932 0.0037480329527156543 -0.014641373037383193 -0.022289414393601614 -0.00595096611064667 -0.087896048008035993
leaf_weight=3309.9219531267881 8751.216695100069 5678.4463381916285 7023.0280392169952 5682.114081248641 5794.3816150873899 2191.7275830954313 6595.3250077217817 955.27484062314034 18125.603842765093 9024.2163394987583 3472.221311673522 7964.6759232580662 1023.2095708996058 3976.4051907062531 1542.8651652932167 3125.3239198923111 23644.058994233608 3888.7681457400322 4067.7240214645863 10544.795399323106 2735.1205714941025 2426.2404419332743 2039.603093534708 2646.7331042587757 1653.5010613203049 6829.6012149751186 2143.2500812411308 10234.666797414422 3837.8598260879517 189.06014344096184
leaf_count=17832 48087 23972 32558 25153 25105 10570 27790 4270 74576 42750 16256 34711 4743 17611 7029 13505 136580 19998 20230 46163 13331 11235 8551 11140 6892 31013 9497 44632 17105 774
internal_value=0.000128652 -0.0131717 -0.0258427 0.00935245 -0.0126618 0.0526298 -0.036118 0.00146187 -0.0419459 0.0104051 -0.00413642 -0.0299675 -0.00800008 -0.0159845 -0.0165051 -0.0513007 0.0560196 0.0358848 0.0284016 -0.0194393 0.017316 -0.0144792 -0.019312 -0.0364608 -0.0296018 0.0136615 0.00554033 -0.0192336 -0.0224506 -0.00981908
internal_weight=171117 136530 87376.3 49153.6 38277.5 34587 49098.8 37887.2 37850.5 24271.1 28182.9 16599.6 24710.7 15544.4 11248.2 21250.9 32395.3 11266.4 7956.49 14521.2 18588.9 13616.2 10004.3 10094.6 7447.88 15853.8 9166.28 11189.9 9705.37 4026.92
internal_count=803659 608422 377978 230444 169965 195237 208013 172384 159133 112247 126828 71052 110572 68517 48880 88081 184667 58060 40228 63774 87094 60137 43262 43137 31997 73763 42055 48902 41851 17879
is_linear=0
shrinkage=0.05


Tree=9
num_leaves=31
num_cat=0
split_feature=1 19 14 9 21 19 14 24 19 17 14 14 24 21 14 23 13 13 8 24 14 14 3 16 1 17 17 24 14 23
split_gain=46396.1 11991.3 7637.76 6847.75 3835.82 3156.11 2433.7 1934.19 1734.43 1391.51 1237.86 1114.09 1082.41 840.203 802.842 781.544 695.116 678.649 654.34 589.629 563.531 539.749 503.308 474.043 472.939 436.148 423.425 410.76 351.46 347.875
threshold=13.748407185077669 0.51470589637756359 214.50000000000003 1.0000000180025095e-35 -0.12487920499999999 0.1911764740943909 242.50000000000003 2.5000000000000004 0.39705882966518408 197.80952453613284 234.50000000000003 218.50000000000003 3.5000000000000004 0.51909596000000013 183.50000000000003 1.6502280500000002 -16.222819706269366 -43.081044325276324 1.0000000180025095e-35 2.5000000000000004 252.50000000000003 185.50000000000003 14.181249499320986 0.63235294818878185 22.855610132217411 157.66176605224612 190.8796310424805 2.5000000000000004 243.50000000000003 0.9502773550000001
decision_type=2 2 2 2 2 2 2 8 2 2 2 2 10 2 2 2 2 2 2 8 2 2 2 2 2 2 2 10 2 2
left_child=1 5 9 24 19 10 13 18 -5 12 -1 26 14 -6 29 17 -8 -9 -7 -4 -21 -11 -16 -19 -2 -12 -10 -23 -17 -3
right_child=3 2 4 8 6 7 16 15 11 21 25 -13 -14 -15 22 28 -18 23 -20 20 -22 27 -24 -25 -26 -27 -28 -29 -30 -31
leaf_value=0.048617276427424701 0.043021842358493718 -0.049534755669222913 0.022480460341397376 0.039881136829721192 -0.03070495624338726 -0.0028012356621235461 -0.019964297469335118 -0.0198910015321579 0.0088267182044303866 -0.063471764135898862 0.033620221158454817 0.023667465443466328 -0.051775153886331304 -0.06268055992845116 -0.033079702787952164 -0.036038076789127023 0.0059823453942840455 0.010755938524148995 0.028119778532514586 -0.0062258362956844095 0.020547776102144005 -0.035745679845301866 -0.008993928611994946 -0.0058839848690911021 0.059962595243265054 -0.00016694551680855461 -0.0168472249810242 -0.061057287467832212 -0.0049170067882213812 -0.030331921197193485
leaf_weight=4565.2551543861628 4981.1148320287466 4532.515366896987 4894.196991443634 6134.4041775763035 4248.5773297101259 2433.5647380948067 6894.2570893913507 5933.194287031889 2690.5343961417675 8338.1375759392977 1437.5526502728462 5657.0369533002377 7602.5818056315184 3983.909595951438 3628.1060148328543 3312.6037111133337 4125.1925325840712 6264.7312765270472 5759.5954053252935 7061.5120147019625 2722.1855515986681 4566.3457985669374 5393.5642403811216 13505.157078817487 24186.707025438547 2842.3648777455091 3981.0695664733648 2475.8381768167019 1249.704889267683 4933.3425858467817
leaf_count=24383 28368 18729 23454 31784 17898 10949 29733 25756 12295 34027 7447 26913 31224 16495 15328 14266 18762 28827 28384 31048 12490 19171 23468 59901 144817 14067 17450 10068 5644 20832
internal_value=0.000104907 -0.0161534 -0.0285337 0.041988 -0.01094 0.00358054 -0.0256186 -0.00261345 0.0181579 -0.0429276 0.0305091 0.00734668 -0.0358927 -0.0461845 -0.0293589 -0.00844762 -0.0102514 -0.00506197 0.0189363 0.00831341 0.00122491 -0.0548582 -0.0186827 -0.000610807 0.0570711 0.0111868 -0.00649363 -0.044652 -0.0275164 -0.039531
internal_weight=170335 122704 75400.3 47630.9 33929.8 47303.7 19251.9 38458.6 18463 41470.4 8845.17 12328.6 26090.1 8232.49 18487.5 30265.4 11019.4 25703.1 8193.16 14677.9 9783.7 15380.3 9021.67 19769.9 29167.8 4279.92 6671.6 7042.18 4562.31 9465.86
internal_count=803978 542351 322727 261627 149880 219624 82888 173727 88442 172847 45897 56658 109581 34393 78357 134394 48495 114484 39333 66992 43538 63266 38796 88728 173185 21514 29745 29239 19910 39561
is_linear=0
shrinkage=0.05


Tree=10
num_leaves=31
num_cat=0
split_feature=1 18 14 7 21 18 14 5 6 14 18 1 14 6 21 13 18 18 9 4 4 14 21 14 6 14 21 15 11 21
split_gain=42172.9 10660.8 7277.94 5555.98 3929.13 3152.33 2081.79 2012 1469.01 1378.64 1124.51 1024.51 966.41 841.982 824.807 780.6 584.944 581.003 538.335 533.306 519.896 518.829 499.688 509.837 489.196 422.982 412.998 389.277 361.577 355.937
threshold=15.719405412673952 172.48621368408206 212.50000000000003 1.0000000180025095e-35 1.0000000180025095e-35 163.66176605224612 241.50000000000003 6.5000000000000009 1.0000000180025095e-35 216.50000000000003 184.5334396362305 8.2015538215637225 184.50000000000003 1.5000000000000002 0.27051234000000007 -13.666838580909708 172.2738952636719 172.2738952636719 56.500000000000007 215.00924082472923 134.64440439268949 182.50000000000003 0.7559146550000001 221.50000000000003 2.5000000000000004 211.50000000000003 -1.2996536999999997 2.4162021875381474 50.50536256878646 0.27051234000000007
decision_type=2 2 2 2 2 2 2 2 2 2 2 2 2 2 2 2 2 2 2 2 2 2 2 2 2 2 2 2 2 2
left_child=1 5 7 8 18 9 22 10 17 -1 24 14 -9 -5 27 -8 -10 -2 -4 -11 28 -18 23 -6 -3 -19 -14 -7 -16 -26
right_child=3 2 4 13 6 11 15 12 16 19 -12 -13 26 -15 20 -17 21 25 -20 -21 -22 -23 -24 -25 29 -27 -28 -29 -30 -31
leaf_value=0.046940652391463715 0.045391497257291143 -0.028495111425125119 0.012617800938109762 0.058236408545827491 -0.016052586491128697 -0.01412136830778358 -0.020156352491313118 -0.041197718127746225 0.02091070181562394 -0.0027646209691394043 -0.059100247860372102 0.014787350349951918 0.034874647560193213 0.00037279043843825512 -0.016353765837522388 0.008345502128703091 -0.037174119468314205 0.0039325866351623828 -0.0073907081311860362 0.025389114718111602 0.0024575155649747583 0.001441656071737333 -0.05996320865196212 -0.048552216093959988 -0.03891591855906304 0.033845978448411473 -0.010878976074183526 0.0029127967916264905 -0.038650306331552253 -0.054984090752525777
leaf_weight=4966.8791061490774 4299.9132868647575 7320.0782636851072 13372.198422044516 26584.936980158091 2138.7560523152351 4312.0413745939732 7375.4883571118116 3089.1745952367783 2253.0539554804564 3155.7249081879854 10238.676430135965 6678.4211367070675 542.82072114944458 643.92305888235569 4875.593026548624 3561.7569252997637 1279.8868220448494 2197.6507167220116 4489.8147791028023 3600.6047097891569 2283.5074384212494 2710.2528820037842 3138.7390243262053 2772.4196305721998 10605.619171202183 2556.2256180644035 5301.7521847039461 15081.824251309037 2901.4895661473274 5121.0751963406801
leaf_count=26857 22612 30607 61609 164172 8901 19028 31761 13102 11202 15446 41596 31682 2481 3387 21228 16359 5415 9935 19929 18718 10276 12475 12919 11625 43697 12433 23052 68786 12401 20696
internal_value=0.000229349 -0.0142091 -0.0254825 0.0433223 -0.00924482 0.0044171 -0.02508 -0.0396543 0.0192084 0.0269451 -0.0453092 -0.00289259 -0.0185826 0.0568681 -0.00690166 -0.0108747 0.000548783 0.032074 0.00758831 0.0122407 -0.0185178 -0.010951 -0.0443767 -0.0344052 -0.0391801 0.0200212 -0.00662432 -0.00087512 -0.0246761 -0.0441514
internal_weight=169450 126924 79068.4 42525.8 36849.2 47856.1 18987.2 42219.2 15297 11723.2 33285.4 36132.9 8933.75 27228.9 29454.5 10937.2 6243.19 9053.79 17862 6756.33 10060.6 3990.14 8049.91 4911.18 23046.8 4753.88 5844.57 19393.9 7777.08 15726.7
internal_count=804387 562756 338334 241631 163103 224422 81565 175231 74072 61021 136596 163401 38635 167559 131719 48120 29092 44980 81538 34164 43905 17890 33445 20526 95000 22368 25533 87814 33629 64393
is_linear=0
shrinkage=0.05


Tree=11
num_leaves=31
num_cat=0
split_feature=1 19 20 9 21 19 20 22 4 17 0 20 22 6 20 22 22 20 12 19 22 20 20 11 21 9 12 12 22 13
split_gain=39098.9 10877.5 6339.87 4968.94 3357.86 2574.54 1757.65 1578.54 1408.38 1368.59 1288.66 1137.24 988.782 830.543 738.138 700.481 621.443 601.454 590.536 565.9 546.478 512.936 503.817 473.879 468.74 457.942 455.928 534.68 424.328 412.806
threshold=16.255827829241756 0.48529411852359777 32.22956848144532 1.0000000180025095e-35 -0.12487920499999999 0.1911764740943909 67.646110534667983 0.16082139000000004 67.669071562588229 195.50588226318362 1.0037087798118594 62.476669311523445 -0.61916297999999992 1.5000000000000002 -2.4217987060546871 -0.16078418999999997 0.14726732500000003 65.772979736328139 1.2863777089783284 0.51470589637756359 0.038758732350000012 -14.578781127929686 -11.365150451660154 15.502362214384931 -0.43871623499999995 40.500000000000007 5.1625386996904039 8.4334365325077432 -0.75141000499999988 -37.755582872801234
decision_type=2 2 2 2 2 2 2 2 2 2 2 2 2 2 2 2 2 2 2 2 2 2 2 2 2 2 2 2 2 2
left_child=1 5 9 13 15 11 20 8 21 12 22 -1 -3 -2 -11 -4 24 26 -14 -12 -6 -7 -5 -8 -16 -25 -17 -28 -13 -23
right_child=3 2 4 10 6 7 23 -9 -10 14 19 28 18 -15 16 17 -18 -19 -20 -21 -22 29 -24 25 -26 -27 27 -29 -30 -31
leaf_value=0.049357765589878935 0.057551451786157372 -0.013565810380712237 0.018161450348175588 -0.036026930240676887 -0.023222733612968255 -0.03574417698811292 0.017206256739908485 -0.013416508204445213 0.019586354409053885 -0.055813343279343501 0.041607448014684918 0.041084396752803398 0.0012456470197851563 -0.0018436109078658 -0.013420137411745987 0.0012122705153279503 -0.051571781280537687 0.013894374367417009 -0.038763994994250942 0.017532727635971228 -0.044605900382065987 -0.019066745723868531 0.0058315832054776215 -0.006426484867898462 -0.039385704677586869 -0.037290999798830653 -0.04244978117297013 0.011471819573065107 0.0069601177057158244 0.0052215453181876708
leaf_weight=4110.1074870973825 25388.088086813688 7489.9526763409376 8110.1916816234589 890.31979031860828 5440.4918615818024 1233.753964856267 1706.9996623247862 13280.084224656224 12427.031643226743 10208.933810308576 4983.8567375987768 1163.4399709403515 990.84203593432903 602.48017881810665 3083.8308738023043 2595.156746417284 4672.6565681546926 3376.0808607041836 13312.977445572615 4787.9646629840136 6638.7280957698822 2396.8220050632954 3714.3836253732443 7120.1839711368084 3986.4694938659668 1445.0005492568016 1826.5546456873417 613.76965376734734 4188.2195377349854 6468.3763613700867
leaf_count=23200 162455 31941 38518 3739 23231 5180 7878 58396 59640 41310 26407 6147 4198 3172 13145 11502 19004 15479 55154 22552 27446 10511 17593 31459 16436 6080 7842 2722 21466 29524
internal_value=0.000227437 -0.0133142 -0.024108 0.0431279 -0.00941454 0.0063857 -0.0220485 0.000255823 0.00831652 -0.0371643 0.0195392 0.0295804 -0.0282861 0.0561746 -0.045977 0.00767753 -0.0374215 -0.00243173 -0.0359926 0.0298144 -0.0349776 -0.00555189 -0.00226783 -0.00684293 -0.0280639 -0.0116373 -0.0133783 -0.0288887 0.014385 -0.00134652
internal_weight=168254 127887 82618.8 40367.1 38873.2 45267.8 22351.4 35806.1 22526 43745.7 14376.5 9461.77 21793.8 25990.6 21951.9 16521.8 11743 8411.56 14303.8 9771.82 12079.2 10099 4604.7 10272.2 7070.3 8565.18 5035.48 2440.32 5351.66 8865.2
internal_count=803327 567409 353345 235918 172157 214064 96094 163251 104855 181188 70291 50813 91293 165627 89895 76063 48585 37545 59352 48959 50677 45215 21332 45417 29581 37539 22066 10564 27613 40035
is_linear=0
shrinkage=0.05


Tree=12
num_leaves=31
num_cat=0
split_feature=1 19 20 7 22 21 14 18 5 22 22 19 16 20 22 21 13 5 21 14 13 0 14 14 21 10 20 18 14 0
split_gain=36384.8 10042.1 6428.24 4673.13 3916.36 2453.75 2403.89 1726.57 1724.34 1486.48 1345.48 1187.55 1031.12 815.493 693.142 671.642 588.863 567.632 552.748 532.527 530.054 500.919 472.609 439.098 555.16 387.68 423.762 381.684 537.963 363.395
threshold=16.791589200496677 0.36764706671237951 9.1231079101562518 1.0000000180025095e-35 0.14726732500000003 -0.44844999999999996 244.50000000000003 175.58020782470706 7.5000000000000009 0.16082139000000004 0.9662500300000002 0.51470589637756359 0.48529411852359777 35.119430541992195 -0.93620764999999995 0.50852495500000006 -45.594515514436054 2.5000000000000004 0.27051234000000007 236.50000000000003 -38.593676229045016 2.4865337610244755 250.50000000000003 264.50000000000006 1.7710663000000002 -7.8506229460239405 -10.190521240234373 161.1470642089844 222.50000000000003 2.2954241037368779
decision_type=2 2 2 2 2 2 2 2 2 2 2 2 2 2 2 2 2 2 2 2 2 2 2 2 2 8 2 2 2 2
left_child=1 9 7 11 5 17 10 20 16 12 18 -2 -1 29 -9 22 -7 19 -6 -4 -3 -5 -8 24 -17 26 -16 28 -11 -13
right_child=3 2 4 21 6 8 15 14 -10 27 -12 13 -14 -15 25 23 -18 -19 -20 -21 -22 -23 -24 -25 -26 -27 -28 -29 -30 -31
leaf_value=0.043181597709929104 0.034984550221825853 -0.041828120548677031 -0.023625458398714445 0.038161882741071254 -0.017863382567216819 -0.035501769699958018 -0.023566164919879257 -0.029129367893444776 0.00454557376708204 0.043154812710019412 -0.054453076161265518 -0.027232390396621228 0.015969173307816741 0.022578362184932352 -0.063023679880713154 0.0033147418134564753 -0.014478142914484441 0.019027029836287655 -0.038584651525244665 0.027876495586025125 -0.013863265371952524 0.058461895082507501 0.016258859963996855 -0.038487131395536764 -0.064917014445227836 -0.034987359188917343 -0.045836561731929515 -0.0078723409435115244 -0.0020513548515387458 0.0039651521361675421
leaf_weight=4922.6287017613649 6321.1375189721584 2182.7835101336241 1623.5502381622791 3551.1710691004992 7988.775627374649 5017.2000084668398 918.37471351027489 5234.6405820548534 10996.651535913348 1023.232632920146 6163.2790789306164 1783.5166923254728 11889.611519128084 3533.3649170994759 6421.5372730791569 2267.1197365224361 9913.2151639759541 12760.955743193626 5392.6650851368904 725.37137331068516 7571.7508720159531 21394.037469193339 3927.0202296227217 1669.7849273681641 342.23808316886425 3563.6106237471104 8170.091880440712 6355.3856235444546 1840.8125082403421 1956.6749842762947
leaf_count=27621 33364 9065 7028 21812 33999 20680 4046 21537 49961 5927 25171 7632 58250 17195 25815 9825 42816 60255 22298 3403 32164 142918 17913 7365 1464 14684 33165 28674 9440 8906
internal_value=9.63274e-05 -0.01265 -0.0196715 0.0427207 -0.0110517 -0.00114562 -0.0252307 -0.0377989 -0.0104791 0.0150917 -0.0351228 0.0191342 0.0239391 0.00535648 -0.0451686 -0.00404014 -0.0215448 0.0148694 -0.0262162 -0.00771603 -0.0201246 0.0555737 0.0087073 -0.0184731 -0.00565584 -0.0497913 -0.0534041 -0.00104304 0.0141088 -0.0109148
internal_weight=167422 128882 102851 38539.9 69706.2 41036.9 28669.3 33144.4 25927.1 26031.7 19544.7 13594.7 16812.2 7273.56 23389.9 9124.54 14930.4 15109.9 13381.4 2348.92 9754.53 24945.2 4845.39 4279.14 2609.36 18155.2 14591.6 9219.43 2864.05 3740.19
internal_count=804393 572566 442654 231827 306224 184143 122081 136430 113457 129912 81468 67097 85871 33733 95201 40613 63496 70686 56297 10431 41229 164730 21959 18654 11289 73664 58980 44041 15367 16538
is_linear=0
shrinkage=0.05


Tree=13
num_leaves=31
num_cat=0
split_feature=7 16 14 17 24 24 6 17 14 0 14 22 4 22 12 24 4 5 11 0 12 12 13 24 11 12 2 14 5 14
split_gain=33605.9 9517.93 3929.37 3297.04 2260.83 2143.33 1906.24 1823.88 1434.55 1428.71 1084.1 1037.29 962.764 907.801 806.465 704.028 763.253 680.763 677.571 657.767 524.067 510.089 467.245 458.176 422.278 366.547 364.035 363.075 351.307 342.069
threshold=1.0000000180025095e-35 0.72058823704719555 214.50000000000003 163.60294342041018 2.5000000000000004 2.5000000000000004 1.5000000000000002 196.13889312744143 251.50000000000003 4.0308763980865487 238.50000000000003 -0.57567774999999988 89.018010266125216 0.45226171500000006 1.2863777089783284 7.5000000000000009 74.641859747469439 1.5000000000000002 43.720096607660828 4.6368851661682138 8.9767801857585159 1.2863777089783284 -37.345665130805507 2.5000000000000004 15.502362214384931 2.4040247678018578 4.081677921116353 243.50000000000003 4.5000000000000009 255.50000000000003
decision_type=2 2 2 2 8 8 2 2 2 2 2 2 2 2 2 8 2 2 2 2 2 2 2 8 2 2 2 2 2 2
left_child=1 3 7 10 17 -4 19 11 15 12 -1 26 18 -14 -13 27 20 -5 -6 -2 -17 -9 28 -23 -10 -12 -3 -7 -16 -27
right_child=6 2 5 4 9 8 -8 21 24 -11 25 14 13 -15 22 16 -18 -19 -20 -21 -22 23 -24 -25 -26 29 -28 -29 -30 -31
leaf_value=0.051750514881802503 0.039153738915428143 -0.023561915085700536 0.022251440562939331 -0.01227049172066802 -0.0095145080927997172 -0.044705562699547202 0.0026713527745209215 -0.013877308315493372 0.020061926207069865 0.014940005423717442 0.041656474247260787 0.0058230306207015942 0.0098404511269268267 -0.017101856586174715 -0.053437726939229817 -0.030053350514737107 0.0012237896817838237 0.026091428916188854 -0.028841716031655459 0.056309483257196175 0.02701782398558188 -0.031689946560758596 -0.02546862204597581 -0.050369564184586796 -0.0046062209897223599 -0.018465867149051091 -0.0034653328522523136 -0.010511906951723162 -0.032082689792202281 0.018381014413548242
leaf_weight=4282.2995302528143 7757.3086079210043 3390.6983688622713 4888.7918688505888 1329.1928893476725 11869.197997152805 4223.28332015872 2150.6511748582125 1372.4913396537304 2193.5294377952814 7181.6571114510298 956.26468233764172 1427.3737340271473 8949.3341415375471 4803.9927954375744 3703.0745707005262 6210.9437605291605 4029.3769894391298 8872.0061178952456 7339.2102546691895 20079.964472442865 429.34183456003666 4427.6425305455923 8812.7522907853127 12775.358189433813 8281.5652960538864 955.00557087361813 6715.5903175622225 952.01865354180336 4027.7150706797838 1845.5830217897892
leaf_count=25771 47436 14203 24082 5841 51820 17310 10556 5723 10225 34399 5283 6173 41338 20999 14972 26234 18002 44545 31005 137549 1897 18318 36772 51664 37112 5107 29006 4130 16651 9632
internal_value=0.00010857 -0.0104386 -0.0218821 0.00482286 7.45626e-05 -0.00814863 0.0480265 -0.0310689 -0.0137959 -0.00526682 0.034555 -0.0230263 -0.00966978 0.000429031 -0.0302331 -0.0232865 -0.0159438 0.0210922 -0.0169002 0.0515303 -0.0263598 -0.0432236 -0.0333441 -0.045564 0.000560816 0.014946 -0.0102095 -0.0384187 -0.0423174 0.00581406
internal_weight=166233 136245 77861.5 58383.7 50344.6 31208.9 29987.9 46652.7 26320.1 40143.4 8039.15 28077.2 32961.7 13753.3 17970.9 15845 10669.7 10201.2 19208.4 27837.3 6640.29 18575.5 16543.5 17203 10475.1 3756.85 10106.3 5175.3 7730.79 2800.59
internal_count=803755 608214 332474 275740 229947 138992 195541 193482 114910 179561 45793 117777 145162 62337 74568 67573 46133 50386 82825 184985 28131 75705 68395 69982 47337 20022 43209 21440 31623 14739
is_linear=0
shrinkage=0.05


Tree=14
num_leaves=31
num_cat=0
split_feature=9 19 20 24 13 22 0 5 24 17 17 0 24 12 14 13 11 0 14 0 5 19 14 14 14 24 14 12 25 19
split_gain=30738.2 9292.6 5725.89 3750.3 2438.12 1965.66 1948.58 1541.21 1439.66 1399.2 969.763 752.629 612.493 584.423 567.08 566.598 565.353 498.619 468.957 464.052 462.762 441.855 439.408 513.126 438.441 413.935 406.818 403.86 400.575 381.291
threshold=1.0000000180025095e-35 0.36764706671237951 10.092330932617189 2.5000000000000004 -12.766736373824322 1.0095930500000001 2.439024925231934 5.5000000000000009 3.5000000000000004 188.31666564941409 159.91176605224612 2.8965305089950566 2.5000000000000004 2.4040247678018578 223.50000000000003 -29.590431919465583 51.28246849409706 3.3114246129989628 240.50000000000003 6.2451779842376718 3.5000000000000004 0.25000000745058065 220.50000000000003 254.50000000000003 240.50000000000003 7.5000000000000009 229.50000000000003 11.291021671826627 25.926900374889378 0.1911764740943909
decision_type=2 2 2 8 2 2 2 2 8 2 2 2 8 2 2 2 2 2 2 2 2 2 2 2 2 8 2 2 2 2
left_child=6 8 9 14 5 7 21 16 28 15 18 12 -11 -12 20 -3 -5 25 -10 26 -4 -1 29 -24 -7 -9 -6 -28 -2 -15
right_child=1 2 3 4 19 24 -8 17 10 11 13 -13 -14 22 -16 -17 -18 -19 -20 -21 -22 -23 23 -25 -26 -27 27 -29 -30 -31
leaf_value=0.046118066141336927 0.021428123907409183 -0.032872159495065764 -0.017641780526516809 -0.01847422081100801 -0.017707816099708281 -0.05132550323304326 0.0537741937146776 -0.020632365666370573 0.058100872038296648 -0.029064691448907939 0.021472097067681079 -0.017504886637942071 -0.047260277144779872 0.034798808563628054 0.02660011464609421 -0.0084466221433871034 -0.037012829728780811 0.010165482773656011 0.018077339001139621 0.02628138394216184 0.013827685175788612 0.015809566821701409 -0.022608783658856102 0.005561678916326817 -0.014083521767224961 -0.0050072964207151715 0.0026534475368169357 0.040164191757812023 0.044495417500065179 0.0027504087761071484
leaf_weight=1574.3787081390619 3300.1182577013969 3655.536273598671 1600.3393874466419 9461.6731244623661 2280.453058168292 5093.7177990227938 22418.80001167953 6131.6952062547207 1280.0116419047117 6489.7961682677269 3795.5111888945103 3626.2964906543493 16153.044629707932 1140.5437245219946 6642.8354259729385 6773.3225442320108 7279.0373326092958 3696.4428061246872 1710.5703543126583 2193.3149316310883 4318.3695317357779 5090.0194343626499 3586.6369727551937 2941.5789257436991 936.47938299179077 13727.48559550941 8212.1932033449411 785.28515619039536 4389.3036310821772 4964.1255937665701
leaf_count=9536 17242 15185 6929 39501 9868 20615 157157 25905 7963 26548 18822 15310 65149 6524 33317 28920 29655 16733 9261 10876 20428 28724 16920 13997 3976 59750 37598 3713 24958 22615
internal_value=5.77233e-05 -0.0099085 -0.0164207 -0.00826148 -0.0134786 -0.0189229 0.0467177 -0.0149379 0.0162898 -0.032508 0.0090382 -0.0386596 -0.0420466 0.00426998 0.0165733 -0.0170106 -0.0265367 -0.00669401 0.0352217 0.00524366 0.00531722 0.0229754 -0.00089964 -0.00991642 -0.0455452 -0.00983247 0.00115031 0.00593142 0.0345996 0.00874277
internal_weight=165249 136166 109057 72359.3 59797.8 46326.5 29083.2 40296.3 27108.4 36698 19419 26269.1 22642.8 16428.4 12561.5 10428.9 16740.7 23555.6 2990.58 13471.2 5918.71 6664.4 12632.9 6528.22 6030.2 19859.2 11277.9 8997.48 7689.42 6104.67
internal_count=803695 608278 469976 318864 258190 196135 195417 171544 138302 151112 96102 107007 91697 78878 60674 44105 69156 102388 17224 62055 27357 38260 60056 30917 24591 85655 51179 41311 42200 29139
is_linear=0
shrinkage=0.05


Tree=15
num_leaves=31
num_cat=0
split_feature=1 16 7 20 24 17 22 14 20 16 6 22 6 22 4 20 12 11 24 24 1 20 24 12 4 20 20 24 12 17
split_gain=29112.9 7611.9 4108.57 3760.34 2114.9 2018.49 1696.3 1443.21 1140.56 1075.47 1017.37 942.911 680.739 637.511 699.577 616.848 614.283 550.894 510.464 500.879 491.41 440.107 411.582 409.144 383.402 366.141 343.334 331.201 354.377 325.81
threshold=17.061446547508243 0.66176471114158641 1.0000000180025095e-35 33.151657104492195 2.5000000000000004 188.01666259765628 0.16082139000000004 252.50000000000003 -3.4393386840820308 0.42647059261798864 1.0000000180025095e-35 0.80366650500000014 1.5000000000000002 1.0095930500000001 72.991986483335509 -8.318016052246092 2.7631578947368425 15.502362214384931 2.5000000000000004 3.5000000000000004 8.7907625436782855 -12.666358947753904 3.5000000000000004 10.332817337461302 34.580821022391326 -7.7343139648437491 -7.7343139648437491 6.5000000000000009 5.1625386996904039 158.54411315917972
decision_type=2 2 2 2 8 2 2 2 2 2 2 2 2 2 2 2 2 2 8 10 2 2 8 2 2 2 2 8 2 2
left_child=1 6 10 5 -5 16 9 13 -7 -1 25 18 -4 14 23 -11 26 -9 -10 -18 29 -12 -17 -6 -20 -2 -3 -16 -29 -8
right_child=2 3 12 4 7 8 20 17 11 15 21 -13 -14 -15 27 22 19 -19 24 -21 -22 -23 -24 -25 -26 -27 -28 28 -30 -31
leaf_value=0.043527247199235633 0.0046065919372759957 -0.010281535679667152 0.05482053553042824 0.01968199682581117 -0.026354201271544666 -0.04391753000959206 0.022505559175818451 0.020361927095955367 -0.007617219838385922 -0.022142212292167018 -0.030474481394715591 -0.048546135381562619 -0.0015663501037535259 -0.041529485163524463 -0.021487153985829451 0.025888053970960286 -0.012020409451702754 -0.0040418419343854544 -0.038333489628370611 -0.035607816697791693 0.013879867223777532 0.0078434584418598068 0.0094939023763803351 0.031867858406704246 -0.020031970139940639 0.034662579860348056 0.015357156584532017 0.0060539226562306633 -0.02100715093814905 -0.012847181274271525
leaf_weight=3544.9910760819912 1205.5975071787834 2758.900156840682 21721.555187553167 6304.7275396585464 10667.778271690011 15267.409018442035 702.25990650057793 2959.3971827328205 5007.0005350857973 1145.5034475624561 897.45305122435093 3813.9371774941683 548.72612965106964 2822.5596489757299 2529.0739920586348 6229.7332092225552 7583.7905641794205 10566.833321154118 4429.8852917701006 3200.6353988498449 2699.3714990913868 4515.0150551944971 9934.7441472411156 309.71900741755962 8096.1015508472919 6361.8063524216413 2477.3168480992317 5171.5689342021942 1578.1534241139889 8906.5859408825636
leaf_count=21553 5561 11815 159988 31950 44712 61829 3962 13894 21430 4872 3709 15401 2985 11551 10889 32457 32922 47519 17820 13220 13824 21817 47047 1419 33456 34189 11173 23346 6977 39603
internal_value=0.000140754 -0.0108854 0.0403996 -0.0180491 -0.00706289 -0.0270051 0.00975336 -0.0116697 -0.0334819 0.0184404 0.0180381 -0.0260166 0.0534312 -0.01927 -0.0161664 0.0133005 -0.0122017 0.00129856 -0.0211132 -0.0190234 -0.00496614 0.00148542 0.0158134 -0.0247088 -0.0265069 0.0298755 0.00184905 -0.00605868 -0.000275405 -0.0102614
internal_weight=163958 128708 35250.2 95544.8 42909.8 52635 33163.2 36605.1 36614.3 20855 12979.9 21346.9 22270.3 23078.9 20256.3 17310 16020.6 13526.2 17533 10784.4 12308.2 5412.47 16164.5 10977.5 12526 7567.4 5236.22 9278.8 6749.72 9608.85
internal_count=802890 574641 228249 411323 192257 219066 163318 160307 149936 105929 65276 88107 162973 98894 87343 84376 69130 61413 72706 46142 57389 25526 79504 46131 51276 39750 22988 41212 30323 43565
is_linear=0
shrinkage=0.05


Tree=16
num_leaves=31
num_cat=0
split_feature=1 18 20 0 16 22 14 5 22 5 5 22 23 13 18 5 22 13 15 6 5 18 13 6 14 14 13 22 8 10
split_gain=26876.8 6784.33 4608.74 3032.53 2095.53 1960.33 1450.99 1170.85 1059.15 1012.8 914.291 869.778 852.377 576.417 560.785 550.152 483.148 433.021 402.053 387.445 384.663 381.119 338.256 324.51 315.452 314.539 290.538 287.284 280.391 267.631
threshold=17.660273194313053 172.74019622802737 4.8575057983398446 2.0735383033752446 0.57352942228317272 0.14726732500000003 241.50000000000003 4.5000000000000009 0.16082139000000004 7.5000000000000009 8.5000000000000018 0.16082139000000004 1.5895577000000003 -10.796363293882939 185.6957702636719 8.5000000000000018 1.2982029000000002 -20.480352920932756 14.68165969848633 1.5000000000000002 10.500000000000002 169.79144287109378 -15.112637258673967 1.5000000000000002 214.50000000000003 177.50000000000003 -35.336988318284774 -0.7116301049999999 1.0000000180025095e-35 10.202516172826291
decision_type=2 2 2 2 2 2 2 2 2 2 2 2 2 2 2 2 2 2 2 2 2 2 2 2 2 2 2 2 2 10
left_child=1 4 14 10 11 7 12 17 15 21 23 18 26 -10 19 22 -8 -4 24 -3 -9 -5 -6 -2 -1 -13 -7 -21 -23 -11
right_child=3 2 5 9 8 6 16 20 13 29 -12 25 -14 -15 -16 -17 -18 -19 -20 27 -22 28 -24 -25 -26 -27 -28 -29 -30 -31
leaf_value=0.036352207221030816 0.0067038243422843759 -0.019704537936044719 -0.02300411186570199 0.049270643588600255 -0.0068890453405630603 -0.031194965143421679 -0.0090126097699447343 -4.6547188620006014e-05 -0.019071849453586285 0.041930975445941397 0.031864597590423531 0.038298319611940253 -0.05374492890994606 0.0039966594171099625 -0.04868591678876269 0.014871118084725308 0.032753808887197318 -0.0012641028092229456 0.053234333983940868 -0.025883626451045014 0.01627265495372951 0.0054504295188015049 0.0091783127162734859 -0.022527323281720392 0.014858040143647618 -0.0011227988378780087 -0.014818425509539558 -0.041891582253760058 0.031981431015551925 0.056552981722219536
leaf_weight=3432.4981020689011 2927.3742050975561 4552.083737835288 7782.1812898665667 1858.9022017717361 9250.4800374209881 7329.1552156507969 6922.705667167902 17010.485900014639 9982.7903299182653 3919.6860689967871 3399.4050582498312 578.90074229240417 3357.0721162706614 3715.3495358377695 7400.6232958585024 8476.0039592832327 768.37035821378231 3245.8202223926783 1640.1486064940691 4157.4943495541811 4583.0599507689476 1583.9455774277449 5070.1841190904379 1404.0202751457691 3399.3320652395487 3970.6150794923306 4300.2497211545706 8645.2124475836754 2683.3983546048403 15841.263076260686
leaf_count=19012 15181 18920 32369 12452 41324 29986 30546 76518 42739 24920 20310 3356 13640 17092 29981 41910 3545 14716 10763 16898 21714 7289 23880 6462 18237 20003 18004 34937 16909 120717
internal_value=0.000105497 -0.0102304 -0.0192284 0.0399413 0.00431708 -0.0112012 -0.0224918 -0.00335187 -0.00182714 0.0481476 0.0124593 0.021536 -0.0315517 -0.0128151 -0.0371585 0.00477565 -0.00483626 -0.0166062 0.0310048 -0.0322404 0.00341767 0.0303771 -0.00120021 -0.00277446 0.025661 0.00390063 -0.0251411 -0.0366957 0.0221373 0.0536549
internal_weight=163189 129571 80054.5 33618 49516.3 55299.1 22677.6 32621.5 36494.8 25887.2 7730.8 13021.5 14986.5 13698.1 24755.4 22796.7 7691.08 11028 8471.98 17354.8 21593.5 6126.25 14320.7 4331.39 6831.83 4549.52 11629.4 12802.7 4267.34 19760.9
internal_count=804330 580090 341774 224240 238316 241038 95721 145317 166945 182287 41953 71371 61630 59831 100736 107114 34091 47085 48012 70755 98232 36650 65204 21643 37249 23359 47990 51835 24198 145637
is_linear=0
shrinkage=0.05


Tree=17
num_leaves=31
num_cat=0
split_feature=1 18 9 14 21 18 22 5 14 18 14 24 5 0 11 14 18 14 14 22 14 12 21 13 9 22 13 12 4 11
split_gain=25196.2 5721.46 4524.78 3917.66 2599.14 1803.08 1346.47 1235.54 1139.66 1054.92 975.359 783.894 750.54 614.565 566.72 529.246 514.819 505.906 427.809 465.657 418.318 589.659 415.751 401.063 397.196 367.616 358.012 336.875 335.963 398.276
threshold=15.200000241398813 172.74019622802737 1.0000000180025095e-35 212.50000000000003 1.0000000180025095e-35 161.1470642089844 0.16082139000000004 7.5000000000000009 242.50000000000003 172.2738952636719 217.50000000000003 2.5000000000000004 8.5000000000000018 2.3413845300674443 14.532123391300257 177.50000000000003 180.61546325683597 185.50000000000003 221.50000000000003 -0.15288999499999997 183.50000000000003 5.0479876160990722 0.78214648000000009 -8.7928688629492857 56.500000000000007 0.83071401500000019 -39.861644593843081 2.1687306501547994 98.471542552113547 68.884798549692349
decision_type=2 2 2 2 2 2 2 2 2 2 2 8 2 2 2 2 2 2 2 2 2 2 2 2 2 2 2 2 2 2
left_child=1 5 13 7 24 10 12 11 18 -4 -1 20 26 -2 -10 -11 -13 -9 22 -20 21 -3 -6 27 -5 -19 -7 -8 -16 -30
right_child=2 3 9 4 8 6 23 17 14 15 -12 16 -14 -15 28 -17 -18 25 19 -21 -22 -23 -24 -25 -26 -27 -28 -29 29 -31
leaf_value=0.047923989143054346 0.031648077906791097 -0.018740839509385963 0.031208468345144832 0.011574689206056419 -0.0070053255330437148 -0.014883605388082545 0.0059228575364303057 -0.028262467549489374 0.019877380820492001 -0.01522180422569097 0.011359419013636038 -0.029665168009882528 0.016949907544605049 0.054699901836945841 -0.023794770419038359 0.011974733552733943 -0.043620360798566078 0.0083571615392007293 -0.019542095082954812 -0.052398403553769637 -0.0068374215316264839 -0.054361849687439304 -0.044504340823182803 0.0028492770160660364 -0.0057146437184981596 -0.033295653342784816 0.0033537337022489567 -0.020307826192106693 0.0029135867189130069 -0.033087584104051576
leaf_weight=2940.4645976275206 3439.6813820451498 4202.8753466755152 6243.1552668362856 12937.703962802887 2238.6426849961281 3524.7571548819542 1387.0506276190281 2123.672881424427 1496.4525743871927 2478.6189269274473 4802.3625706136227 12353.057748928666 9626.20895627141 18301.9958294034 4137.15934035182 6420.4804773181677 14242.735816478729 3407.3564809113741 1550.9548081457615 3550.8349104523659 3565.6260192543268 1605.7199344933033 1102.8574626296759 3157.259334102273 4468.7082214653492 626.20035363733768 11365.078014731407 10387.923096835613 3816.8137519210577 960.77841444313526
leaf_count=19306 23046 17098 35335 60416 9173 15393 6069 8807 7027 10651 26201 50101 48068 146320 17411 31292 57766 14934 6500 14422 15117 6506 4517 14301 19812 2558 52084 44200 16839 4243
internal_value=0.000107596 -0.0105638 0.0364399 -0.0188445 -0.00679602 0.00319114 -0.00113902 -0.0292147 -0.0196577 0.0154539 0.0252498 -0.0327574 0.00607019 0.0510546 -0.00858613 0.00439897 -0.0371399 -0.00851663 -0.0333071 -0.0424158 -0.0203211 -0.0285955 -0.0193914 -0.0129749 0.00713597 0.00188401 -0.000964162 -0.0172177 -0.0133658 -0.00433169
internal_weight=162463 125579 36883.9 78388.2 36260.9 47191.1 39448.3 42127.2 18854.5 15142.3 7742.83 35970 24516 21741.7 10411.2 8899.1 26595.8 6157.23 8443.29 5101.79 9374.22 5808.6 3341.5 14932.2 17406.4 4033.56 14889.8 11775 8914.75 4777.59
internal_count=805513 558869 246644 333247 160360 225622 180115 172887 80132 77278 45507 146588 115545 169366 45520 41943 107867 26299 34612 20922 38721 23604 13690 64570 80228 17492 67477 50269 38493 21082
is_linear=0
shrinkage=0.05


Tree=18
num_leaves=31
num_cat=0
split_feature=9 19 20 21 17 20 6 0 14 12 5 21 21 16 18 12 21 20 12 23 14 23 9 6 12 20 5 12 21 14
split_gain=23423.1 6622.36 3622.51 2111.09 2102.19 1920.28 1798.96 1091.34 1017.88 993.911 965.459 921.076 747.693 664.24 553.399 535.927 606.75 498.742 430.775 427.898 450.93 417.231 382.454 361.375 353.266 343.704 337.612 337.337 315.545 310.096
threshold=1.0000000180025095e-35 0.51470589637756359 65.772979736328139 0.27051234000000007 163.60294342041018 10.092330932617189 1.5000000000000002 4.5559403896331796 233.50000000000003 1.6362229102167185 3.5000000000000004 -0.62302365999999998 0.27051234000000007 0.57352942228317272 180.2159118652344 5.4272445820433441 -0.38558338499999995 -12.666358947753904 2.6300309597523226 1.6330332500000002 235.50000000000003 1.6901442000000002 34.500000000000007 1.5000000000000002 11.018575851393191 -15.328430175781248 10.500000000000002 2.339009287925697 2.0166322000000005 201.50000000000003
decision_type=2 2 2 2 2 2 2 2 2 2 2 2 2 2 2 2 2 2 2 2 2 2 2 2 2 2 2 2 2 2
left_child=6 4 3 5 8 14 13 12 -2 29 24 -4 17 -1 23 16 -12 -6 -19 25 -21 26 28 -3 -7 -11 -14 -10 -13 -5
right_child=1 2 11 9 7 10 -8 -9 27 19 15 22 21 -15 -16 -17 -18 18 -20 20 -22 -23 -24 -25 -26 -27 -28 -29 -30 -31
leaf_value=0.05527506203171087 0.04961599062678889 -0.0038310677474120668 0.027138616808348205 0.0064969474624990281 -0.022059104779377406 -0.025836563922255786 -0.00029393622393595513 0.021494708454072444 0.038185256081482988 -0.056108087107787787 0.015347275048410082 0.0041310736692561851 -0.012766481311124782 0.038477154067878008 -0.03449252712604977 -0.014429937509897964 -0.0066707370050910963 0.018931816363619208 0.0021117391865186123 -0.06161494929908256 -0.0042356604867410125 -0.031036942961392745 -0.017213841116669622 -0.024718401775803485 0.015376377901054165 -0.03290481702754313 0.0065952086936317562 0.0045500054438220678 -0.054759618639149188 -0.024049650058236789
leaf_weight=12991.132812641561 3572.3100646436214 3019.8870791196823 3414.9226183742285 1569.9677352160215 1753.591959849 6137.9602621942759 2131.2608372569084 6013.3915877491236 990.21116268634796 1815.1776030063629 6897.4275626242161 9820.9419675767422 7702.7379778772593 10784.315276570618 11265.579257816076 4691.2320565134287 5725.2909668982029 4797.0747963041067 18422.48038931191 3066.6133466213942 385.59758223593235 2187.1897636055946 3142.622606754303 6590.6507693380117 567.43227082490921 13325.029942050576 3180.5130939632654 3007.8513589501381 231.85607068240643 1762.8955952823162
leaf_count=106158 24355 12744 16626 6525 7304 25831 10690 30978 5923 7435 32341 44417 33381 78734 45879 20390 24723 23174 85341 12516 1607 9449 13792 26804 2484 54523 14682 16498 1006 7468
internal_value=0.000164639 -0.008189 -0.0168984 -0.0220928 0.00588565 -0.0158816 0.043713 0.00170305 0.0302235 -0.0348101 -0.00624072 0.00399809 -0.00142581 0.0476576 -0.0269731 -2.02895e-06 0.00536082 0.00364525 0.00558737 -0.0393172 -0.055209 -0.0111144 -0.00199219 -0.0181561 -0.0223472 -0.0356902 -0.00710815 0.012888 0.00276752 -0.00966284
internal_weight=160965 135058 83431.1 66820.7 51627.4 44895.5 25906.7 44057 7570.37 21925.3 24019.3 16610.3 38043.6 23775.4 20876.1 17314 12622.7 24973.1 23219.6 18592.4 3452.21 13070.4 13195.4 9610.54 6705.39 15140.2 10883.3 3998.06 10052.8 3332.86
internal_count=803778 608196 357111 281270 251085 191196 195582 204309 46776 90074 105769 75841 173331 184892 85427 77454 57064 115819 108515 76081 14123 57512 59215 39548 28315 61958 48063 22421 45423 13993
is_linear=0
shrinkage=0.05


Tree=19
num_leaves=31
num_cat=0
split_feature=7 19 20 24 6 24 20 6 6 3 19 24 24 4 6 18 13 20 18 11 20 4 10 12 20 12 16 24 20 25
split_gain=21585.9 6047.04 3404.79 1949.12 1804.39 1515.11 1164.59 1127.45 1119.83 706.66 609.284 583.98 559.918 694.429 547.949 404.555 385.693 377.818 452.655 356.279 349.255 344.719 340.76 340.386 331.418 326.687 317.272 293.941 291.086 289.05
threshold=1.0000000180025095e-35 0.51470589637756359 30.333641052246097 3.5000000000000004 1.0000000180025095e-35 2.5000000000000004 71.94028472900392 1.0000000180025095e-35 1.5000000000000002 19.531755417585376 0.33823530375957495 2.5000000000000004 7.5000000000000009 79.459737077355399 1.5000000000000002 180.07963562011722 -31.662249741205027 52.868820190429695 161.1470642089844 15.502362214384931 5.8208541870117196 47.099999405443675 18.106151986122132 2.3668730650154806 -13.290626525878904 6.3699690402476792 0.45588235557079321 7.5000000000000009 2.4766693115234379 27.883711895346647
decision_type=2 2 2 8 2 8 2 2 2 2 2 8 8 2 2 2 2 2 2 2 2 2 10 2 2 2 2 8 2 2
left_child=1 3 8 9 22 -4 12 23 15 29 17 20 16 -14 -6 -3 -7 18 -9 -8 25 -12 -2 -5 -13 -10 -11 -26 -29 -1
right_child=4 2 5 7 14 6 19 10 11 26 21 24 13 -15 -16 -17 -18 -19 -20 -21 -22 -23 -24 -25 27 -27 -28 28 -30 -31
leaf_value=-0.00044129719138867796 0.039305681263423799 -0.0038885875999972635 0.017752786021419331 0.029322406268395735 0.029956438864962295 -0.037283439238524084 0.020593515388478589 0.043493764179704526 -0.021000920075873314 0.04843828657291082 -0.020345651513550958 -0.045871807456429103 -0.018438778008244224 0.0041815320496024714 -0.0013756938958743308 -0.021931622945417305 -0.014425308893673595 -0.0035434085218313512 0.0066178177026646441 -0.0011486112605108749 -0.0054600279105388033 -0.0056465764989290373 0.054517533864414582 0.0084760469683728013 -0.039839294984794688 -0.052737253759209082 0.025194388210704771 -0.037194491964435632 -0.020301133999768076 0.03162626438468677
leaf_weight=3662.5236552804708 5039.3540132269263 6135.5244494229555 5951.0817791223526 2997.4652384519577 4172.8011948689818 4248.8251277953386 2367.051702350378 1084.9803554564714 4303.0710242539644 1835.0646041184664 5979.9728733301163 5280.5774568617344 9831.719474375248 5180.0061021745205 2096.0982160568237 6293.3366869240999 3265.3493820130825 6321.98934276402 3563.0618706792593 9221.1060566753149 2921.9382996112108 11977.498665079474 13807.17503259331 5647.8082915842533 6700.0680207163095 999.21231853961945 7365.5375135689974 4044.0418398082256 6916.0136544406414 868.54953594505787
leaf_count=17494 37941 26161 30283 16258 28030 17390 11306 7249 17432 12398 24955 21684 41384 23187 10512 26022 13838 31189 16143 41189 12600 52335 118969 29122 27273 4036 38424 16412 28056 4948
internal_value=0.000161602 -0.00775894 -0.016047 0.00575587 0.042723 -0.00552499 -0.00958612 -0.00013594 -0.0257169 0.0218759 -0.00487096 -0.0307777 -0.016212 -0.0106336 0.0194815 -0.0130257 -0.0273535 0.00441296 0.0152332 0.00329393 -0.0193426 -0.0105423 0.0504524 0.0157064 -0.0348761 -0.0269904 0.0298352 -0.0315859 -0.0265373 0.00571127
internal_weight=160079 134963 83658.9 51304.5 25115.4 40065.1 34114.1 37572.8 43593.8 13731.7 28927.5 31164.9 22525.9 15011.7 6268.9 12428.9 7514.17 10970 4648.04 11588.2 8224.22 17957.5 18846.5 8645.27 22940.7 5302.28 9200.6 17660.1 10960.1 4531.07
internal_count=804220 608768 358253 250515 195452 178577 148294 177251 179676 73264 131871 127493 95799 64571 38542 52183 31228 54581 23392 52495 34068 77290 156910 45380 93425 21468 50822 71741 44468 22442
is_linear=0
shrinkage=0.05


Tree=20
num_leaves=31
num_cat=0
split_feature=1 19 7 14 21 19 14 18 22 4 14 0 21 12 14 6 22 14 11 22 12 21 4 11 12 12 14 22 23 11
split_gain=20619.8 5347.97 3306.64 2831.82 2255.65 1346.78 981.352 974.006 956.253 910.08 863.036 837.019 755.361 707.569 594.096 589.72 574.878 482.361 470.288 452.492 457.611 355.194 354.564 373.182 381.061 343.284 667.066 451.763 334 327.024
threshold=17.964315414428714 0.48529411852359777 1.0000000180025095e-35 214.50000000000003 -0.19011549499999997 0.13235294446349147 241.50000000000003 180.07963562011722 1.0000000180025095e-35 47.718493178486831 236.50000000000003 2.2470753192901616 0.29393150000000007 2.1052631578947372 237.50000000000003 1.5000000000000002 -0.36151543499999994 178.50000000000003 20.631915132800589 0.14726732500000003 1.258513931888545 -1.6777381999999998 100.52732104808094 68.884798549692349 2.1687306501547994 5.4272445820433441 253.50000000000003 0.77527007500000011 1.1008879500000004 28.886018813636749
decision_type=2 2 2 2 2 2 2 2 2 2 2 2 2 2 2 2 2 2 2 2 2 2 2 2 2 2 2 2 2 2
left_child=1 5 11 7 21 10 12 13 9 -7 -1 -2 -6 -3 -11 -4 -15 -9 -8 20 -19 -5 -20 24 -24 29 27 -27 -16 -23
right_child=2 3 15 4 6 8 18 17 -10 14 -12 -13 -14 16 28 -17 -18 19 22 -21 -22 25 23 -25 -26 26 -28 -29 -30 -31
leaf_value=0.045556358597447527 0.00062393727218116831 0.00021117852860451939 0.052117573311244218 0.043737624796579964 -0.010832780329558348 -0.0063308083123954284 0.011005273625826789 -0.040816656614181705 -0.0070846059767300691 0.022910994321748503 0.0091261923128473903 0.027847529030750853 -0.039609598575042267 -0.012062161696872806 -0.009631282013972375 -0.0036349636599872673 -0.029196248910510626 0.027176399166224864 -0.021383306805014018 -0.0378583012215623 -0.021554285865315534 -0.0039751870692630994 0.031725269676931366 -0.028652834564781255 -0.0042525129982352791 -0.0056398541097867254 0.02818526909990663 -0.055096241582992839 0.017027805758843356 0.019130395452950356
leaf_weight=3084.8742994368076 4817.5804622620344 4596.7948084548116 17894.64226270467 705.42764607816935 3805.8648642227054 6778.3373407945037 2843.2818757146597 9071.4238647893071 16951.364936314523 9791.5173867046833 3437.1329405233264 6820.4445471316576 5691.9783363491297 8832.713520526886 2817.0102955847979 487.08713015913963 10987.754531808197 514.36341081559658 5075.2884909361601 4789.1771594062448 7421.4242676943541 1994.3051173016429 953.69197776913643 1107.4964497983456 3211.8441472053528 3873.5462066084146 1390.269808024168 523.29321563988924 2013.9809671193361 6592.105605147779
leaf_count=21843 22985 19729 158012 3581 15999 30614 13084 37311 75669 50017 19277 37728 23494 37251 13721 2714 45130 2225 21371 19626 30485 9511 4449 4989 14216 17542 6771 2154 10452 31715
internal_value=0.000117954 -0.00857639 0.0374364 -0.0160222 -0.00586582 0.00535852 -0.0158268 -0.0243223 0.0017862 0.00881266 0.0263618 0.0165793 -0.0280808 -0.0174629 0.0158324 0.0506401 -0.0215617 -0.0320054 -0.00700257 -0.0257212 -0.0183927 0.00912267 -0.0119509 -0.00286998 0.00399017 0.0074209 -0.00199118 -0.0115371 0.00148379 0.013764
internal_weight=158876 128856 30019.8 83982 37768.4 44874.2 22689.4 46213.7 38352.2 21400.8 6522.01 11638 9497.84 24417.3 14622.5 18381.7 19820.5 21796.4 13191.6 12725 7935.79 15078.9 10348.3 5273.03 4165.54 14373.5 5787.11 4396.84 4830.99 8586.41
internal_count=803665 582226 221439 360633 168876 221593 97602 191757 180473 104804 41120 60713 39493 102110 74190 160726 82381 89647 58109 52336 32710 71274 45025 23654 18665 67693 26467 19696 24173 41226
is_linear=0
shrinkage=0.05


Tree=21
num_leaves=31
num_cat=0
split_feature=1 19 20 9 22 14 5 18 11 22 16 0 22 22 5 22 11 0 14 14 18 18 10 20 19 20 4 1 11 22
split_gain=18873.6 4979.85 3071.32 3026.62 2374.06 1217.51 1115.04 1062.4 1006.87 820.755 774.53 645.235 604.062 593.793 566.253 523.45 476.8 473.146 393.949 424.247 363.165 318.447 309.068 359.262 306.995 268.477 255.981 253.771 234.205 226.355
threshold=18.591101646423343 0.33823530375957495 8.6715698242187518 1.0000000180025095e-35 0.14726732500000003 244.50000000000003 7.5000000000000009 174.09375000000003 20.631915132800589 0.9662500300000002 0.30882354080677038 1.0037087798118594 -0.76988989499999982 1.3255616000000001 2.5000000000000004 -0.94543605999999991 50.095855824868472 2.3897628784179692 218.50000000000003 254.50000000000003 161.1470642089844 172.2738952636719 -7.313553787767888 -7.1311798095703116 0.57352942228317272 76.857505798339858 28.382455227896575 8.634866416454317 31.278282797085154 -1.7176085499999998
decision_type=2 2 2 2 2 2 2 2 2 2 2 2 2 2 2 2 2 2 2 2 2 2 8 2 2 2 2 2 2 2
left_child=1 10 7 17 6 9 8 16 -4 24 -1 -5 -12 -7 -10 29 -3 -2 20 25 -14 -13 23 -17 26 -20 -6 -8 -27 -9
right_child=3 2 4 11 5 13 27 15 14 -11 12 21 18 -15 -16 22 -18 -19 19 -21 -22 -23 -24 -25 -26 28 -28 -29 -30 -31
leaf_value=0.041165849910503968 0.030308411115457602 -0.0029185606436003806 0.017210288813885154 -0.0004517073944311095 -0.034238616302172967 -0.0065491138360706984 0.0070033419760722089 -0.039076924555306536 -0.0261213002470028 -0.038577137907211623 0.028460871014676599 0.037177144302360542 0.040292056860747244 0.035513997490448972 -0.0059298243371715695 -0.043913356098187688 -0.030335152813723249 0.053517373411910568 -0.00061694604556587036 0.011028728058878069 0.0098168143075071466 0.015974407869425066 -0.021286537341023468 -0.028799518062506482 -0.024224172497041317 -0.041617768745226769 -0.0058148743015492858 0.02054572399697582 -0.0060398775378850732 -0.011811216941733252
leaf_weight=2427.3769493848085 2582.4459898173809 6624.1784093752503 4047.7006651237607 3706.3823085427284 912.82531279325485 8837.0270660594106 13480.277915790677 907.52262903004885 4331.7176453620195 6569.3226847723126 3927.9662403464317 3140.8297002315521 1217.1764570102096 926.02914707362652 17489.624305091798 8244.7164184749126 2084.036834821105 14849.210112065077 2348.2931092604995 3866.5285639092326 4955.4012042358518 4064.8750756829977 4104.3896720558405 7536.2452302724123 7519.6639643386006 1051.4965497776866 5952.5282351076603 4653.4900854825974 825.96895768493414 4706.6051540821791
leaf_count=17470 19335 28140 19215 17509 3719 39296 63382 3713 18014 27126 22654 19595 8267 4385 76660 34091 8883 139189 11662 19617 23927 20319 17042 30683 31119 5252 25488 24407 4256 19277
internal_value=0.000197161 -0.00788885 -0.0121541 0.0371541 -0.00647315 -0.01714 0.000973339 -0.0245624 -0.00569049 -0.0239344 0.0146419 0.0165012 0.0111009 -0.00255619 -0.00993901 -0.0297116 -0.00948259 0.050081 0.00631901 -0.000938162 0.0158318 0.0252202 -0.0335182 -0.036698 -0.0172451 -0.0118878 -0.00959856 0.0104795 -0.0259772 -0.0162249
internal_weight=157892 129548 108928 28343.7 74720.2 30717.4 44002.8 34207.7 25869 20954.3 20620.2 10912.1 18192.8 9763.06 21821.3 25499.5 8708.22 17431.7 14264.9 8092.29 6172.58 7205.7 19885.4 15781 14385 4225.76 6865.35 18133.8 1877.47 5614.13
internal_count=803692 587745 474640 215947 332811 131133 201678 141829 113889 87452 113105 57423 95635 43681 94674 104806 37023 158524 72981 40787 32194 39914 81816 64774 60326 21170 29207 87789 9508 22990
is_linear=0
shrinkage=0.05


Tree=22
num_leaves=31
num_cat=0
split_feature=7 16 20 24 21 16 18 12 24 11 18 18 11 5 23 12 5 23 12 10 21 21 20 12 20 20 22 21 16 22
split_gain=17606.8 4613.01 1925.15 1802.78 1746.55 1275.84 948.904 939.661 751.914 697.025 640.132 564.305 539.292 510.811 498.095 491.085 436.749 438.423 410.16 397.771 392.016 378.719 369.022 409.086 356.04 351.487 358.96 342.756 338.852 304.688
threshold=1.0000000180025095e-35 0.72058823704719555 32.22956848144532 3.5000000000000004 -0.12487920499999999 0.54411765933036815 175.58020782470706 2.1687306501547994 2.5000000000000004 49.240419371982021 163.66176605224612 166.58823394775393 14.008156353618409 2.5000000000000004 1.6099775000000003 1.1377708978328176 4.5000000000000009 0.36691397000000009 2.3018575851393193 15.710434529185298 -1.5327152499999999 1.1001508500000001 -3.4393386840820308 4.5356037151702795 -2.4217987060546871 76.857505798339858 -0.16078418999999997 -0.044221688049999992 0.25000000745058065 -0.64515053999999983
decision_type=2 2 2 8 2 2 2 2 8 2 2 2 2 2 2 2 2 2 2 10 2 2 2 2 2 2 2 2 2 2
left_child=1 3 6 10 25 -2 18 11 22 14 -1 -5 -6 -12 28 -10 -14 -18 -3 -7 -16 24 23 -8 -17 26 -4 -11 -9 -20
right_child=5 2 4 7 12 19 8 9 15 27 13 -13 16 -15 20 21 17 -19 29 -21 -22 -23 -24 -25 -26 -27 -28 -29 -30 -31
leaf_value=0.039423424139598762 0.053055316582298222 0.0061303537581619653 0.012906525879100995 0.034935000205022604 0.015644449239967464 0.01841484761442919 -0.012460944318250884 0.038392484703694885 -0.0020544151183293875 -0.0034451585100701019 -0.0063750806555566046 0.00596486123919375 -0.031769134399314385 0.019587620638456444 0.012701789932708868 -0.037280301984591369 0.015190863894507571 -0.01623981510463236 -0.0024473685726405007 0.036878673063597933 -0.0253175113771682 -0.050790754763730399 -0.0028592305478622217 -0.045427597581069103 -0.023910265395732291 0.023175002102857195 -0.0054318537899743077 -0.023560022769190572 0.0015855088714781321 -0.021000529241724655
leaf_weight=3153.0900819301605 10873.153457485139 3078.0505990684032 5461.1742513179779 2303.9049555808306 1294.9109933078289 4874.4387746378779 2779.5094915479422 644.53158289194107 1444.0924018919468 3274.7447798028588 2427.761269852519 6211.4552476704121 4210.7580193728209 8617.9001790732145 874.01449847966433 9004.2826774567366 1229.4304634034634 11305.56120146811 3334.3484278172255 7276.2857758775353 3014.2722072899342 2428.1157239973545 4353.8263264149427 1422.6176147162914 11161.974717393517 3056.7735791802406 5216.5352119356394 5995.6757512763143 19958.841515526175 6580.091627523303
leaf_count=21516 102293 13523 26999 13826 6146 33218 11289 4661 6020 14664 10656 28191 17329 44879 4243 37451 5416 48760 14416 60116 13711 10097 18371 5784 45658 15051 22835 25958 93411 27246
internal_value=0.000225142 -0.00672278 -0.0146539 0.00414152 -0.00520625 0.0406121 -0.0212389 -0.00103561 -0.0257934 -0.00477925 0.0195556 0.0138062 -0.015434 0.0138811 -0.000359082 -0.0303241 -0.017838 -0.0131561 -0.00981211 0.0294738 -0.0167704 -0.0321307 -0.013062 -0.0236299 -0.0298816 0.00822838 0.00394774 -0.0164557 0.00273874 -0.0147617
internal_weight=156862 133838 77362.1 56476.2 31775.1 23023.9 45586.9 42277.4 32594.4 33762.1 14198.8 8515.36 18040.7 11045.7 24491.7 24038.5 16745.7 12535 12992.5 12150.7 3888.29 22594.4 8555.95 4202.13 20166.3 13734.5 10677.7 9270.42 20603.4 9914.44
internal_count=803734 608107 332391 275716 142536 195627 189855 198665 134670 156648 77051 42017 77651 55535 116026 99226 71505 54176 55185 93334 17954 93206 35444 17073 83109 64885 49834 40622 98072 41662
is_linear=0
shrinkage=0.05


Tree=23
num_leaves=31
num_cat=0
split_feature=1 19 9 14 24 4 18 11 24 24 24 14 19 0 6 4 14 14 18 13 14 14 14 11 14 19 0 24 14 4
split_gain=16622 4324.22 2624.34 2128.09 2092.59 1373.9 1304.24 955.089 814.54 730.314 693.288 640.544 611.365 560.482 494.75 492.005 446.551 382.842 358.743 355.232 337.905 327.598 539.567 312.143 310.755 402.888 286.761 286.442 275.518 269.272
threshold=20.18502771854401 0.33823530375957495 1.0000000180025095e-35 185.50000000000003 2.5000000000000004 91.775153197348132 175.58020782470706 12.778281696572909 3.5000000000000004 7.5000000000000009 7.5000000000000009 222.50000000000003 0.16176471114158633 2.2954241037368779 1.5000000000000002 27.756468869745735 239.50000000000003 223.50000000000003 184.98538208007815 -38.993787704145198 254.50000000000003 237.50000000000003 250.50000000000003 59.071394312365605 244.50000000000003 0.60294118523597728 0.38809782266616827 3.5000000000000004 206.50000000000003 123.67467518523337
decision_type=2 2 2 2 8 2 2 2 8 8 8 2 2 2 2 2 2 2 2 2 2 2 2 2 2 2 2 10 2 2
left_child=1 8 14 6 17 7 19 28 -1 24 16 12 -10 -4 -2 -12 27 23 -8 -3 29 -17 -23 -5 25 -7 -21 -9 -6 -13
right_child=2 3 13 4 5 9 18 10 11 -11 15 20 -14 -15 -16 21 -18 -19 -20 26 -22 22 -24 -25 -26 -27 -28 -29 -30 -31
leaf_value=0.030244957451448312 0.051379509175099827 -0.02422306382458124 0.0023124645722518377 -0.0023979747165420004 -0.059683957626248729 -0.0099160336789606493 -0.025257241789419117 -0.011121670728353392 0.044152534868896857 0.0070546258213002771 -0.0245673996181235 -0.028337722398359584 0.010362110940425348 0.026963134694887293 -0.0063698143652408563 -0.0042637090674230507 -0.011441991281302067 0.020841145667854773 -0.039784091879528111 -0.011139141508998106 0.0087829555770987441 -0.034141655693810856 -0.0037852645515006364 0.023111153280228697 -0.0020802333509693295 -0.041189097650839432 0.006539020966544698 -0.036112477244512407 0.014315524588273065 -0.0020581947336393391
leaf_weight=5519.8019449934363 15209.580634139478 3148.1515535786748 3982.3751974105835 5111.2910138815641 130.4174956381321 3112.8386734575033 13472.209615677595 1331.829337246716 1782.5524657443166 13544.797509968281 6713.5965133309364 1521.6820976659656 5369.748123690486 5477.3187238574028 379.93473343551159 12710.448473006487 3343.651028200984 6199.5755495280027 6216.2018982470036 6594.8404847458005 3977.0493342876434 2849.8343188539147 3009.2366830408573 1565.7871555536985 4743.0884884595871 1538.761548422277 3516.3945842906833 8293.9080559909344 2946.9116980805993 2709.3268847540021
leaf_count=35155 150763 13204 19062 23601 531 13611 55570 5623 13470 63064 27575 7149 26422 31343 2201 53717 14196 33315 26042 27780 20473 12198 13544 7476 21460 6460 15793 34405 13916 14856
internal_value=4.87375e-05 -0.00708842 0.0373653 -0.011045 -0.00650185 -0.0101879 -0.021682 -0.0156341 0.0137726 -0.000375171 -0.0177899 0.00785165 0.0187886 0.016587 0.0499718 -0.012968 -0.0271883 0.0118949 -0.0298456 -0.00955883 -0.00167969 -0.0087733 -0.0185538 0.00358653 -0.0110867 -0.0202679 -0.00499115 -0.0326562 0.0111611 -0.0115141
internal_weight=156023 130974 25049.2 110094 77146 64269.3 32947.8 41329.8 20880.2 22939.5 38252.5 15360.4 7152.3 9459.69 15589.5 25283.1 12969.4 12876.7 19688.4 13259.4 8208.06 18569.5 5859.07 6677.08 9394.69 4651.6 10111.2 9625.74 3077.33 4231.01
internal_count=803975 600606 203369 483081 344692 280300 138389 175705 117525 104595 161258 82370 39892 50405 152964 107034 54224 64392 81612 56777 42478 79459 25742 31077 41531 20071 43573 40028 14447 22005
is_linear=0
shrinkage=0.05


Tree=24
num_leaves=31
num_cat=0
split_feature=7 19 20 0 21 24 20 22 17 12 4 21 25 0 12 14 20 22 23 12 21 19 23 14 21 17 20 3 20 22
split_gain=15358.5 3997.38 2254.68 1696.54 1560.15 1398.42 1145.38 1002.97 835.297 827.711 708.867 688.726 579.045 569.832 565.697 438.537 404.332 395.599 383.875 476.59 426.612 377.117 338.376 384.524 338.23 331.822 323.453 319.233 308.261 376.418
threshold=1.0000000180025095e-35 0.48529411852359777 68.646110534667983 2.439024925231934 0.27051234000000007 3.5000000000000004 7.2383346557617196 0.45747834000000004 160.11765289306643 1.6640866873065019 28.382455227896575 -0.56987914499999992 25.070076999068263 3.4976265430450444 9.4938080495356054 239.50000000000003 -7.7343139648437491 0.055660221750000009 0.73998249000000016 4.5356037151702795 -1.4417803499999997 0.48529411852359777 1.6901442000000002 235.50000000000003 -0.071224827349999978 173.36931610107425 -11.365150451660154 19.531755417585376 -8.318016052246092 0.16082139000000004
decision_type=2 2 2 2 2 8 2 2 2 2 2 2 2 2 2 2 2 2 2 2 2 2 2 2 2 2 2 2 2 2
left_child=1 5 4 21 6 12 18 10 15 17 14 -4 27 28 -8 -7 -14 -6 -3 -20 -21 -2 26 -24 -12 -5 -11 -1 -10 -30
right_child=3 2 11 25 9 8 7 -9 13 22 24 -13 16 -15 -16 -17 -18 -19 19 20 -22 -23 23 -25 -26 -27 -28 -29 29 -31
leaf_value=-0.0055553149248046933 0.027979955285989396 -0.03283983347419251 0.024363399387788628 0.053545928266393143 0.0091140716020692934 0.051114499994409437 -0.02394668259499547 -0.022324584201798874 -0.022434020131669424 -0.044623876042185463 0.0086966913629092039 -0.00096625773608546243 -0.0049889666877086583 0.013111004552331995 0.019899923507122455 0.010737344333164867 0.036037816071198554 -0.02390171534384539 -0.00920799418499447 -0.050086966277783689 -0.019605717103421644 0.0023770779347170256 -0.052081430321169297 -0.0021350292817609215 -0.0095194242726763488 0.038891134643748299 -0.025028970686724102 0.018299298635985169 0.0033180604669197653 -0.0093871178467032843
leaf_weight=2237.0395120233297 3026.0542426332831 4691.6262453049421 3414.1274054348469 9326.050761885941 2103.5763003528118 1102.5570264160633 4114.6989860981703 6243.1864848583937 2298.047461643815 2477.1391439884901 13708.572223007679 12529.423408284783 677.00449651479721 5251.9426868706942 894.91138261556625 1723.3319209963083 5300.496265463531 1593.934879347682 9074.8948296606541 1534.3145027756691 4560.8562707006931 2740.6480928659439 2889.0144157856703 444.73750126361847 3129.1625456959009 6622.6794365718961 14115.53235258162 3756.7835904359818 11285.44608527422 12057.277590952814
leaf_count=10861 20856 19510 17195 97292 8972 8632 17299 25810 9627 10519 63792 56513 3029 27805 3952 9967 33297 6628 37527 6314 18799 17128 12129 1864 13266 60161 58186 20468 53162 52984
internal_value=6.96489e-05 -0.00628667 -0.0125448 0.0390599 -0.0163324 0.00570085 -0.0111507 -0.00465254 0.000488547 -0.0268494 0.000398282 0.00445898 0.0203806 -0.00189193 -0.0161116 0.0265035 0.0313911 -0.00512109 -0.0203403 -0.0164727 -0.0272856 0.0158146 -0.0308808 -0.045421 0.005311 0.0474634 -0.0279568 0.00939674 -0.00496534 -0.0032447
internal_weight=154925 133210 87519.7 21715.4 71576.2 45689.9 47952.2 28090.5 33718.6 23623.9 21847.3 15943.6 11971.3 30892.7 5009.61 2825.89 5977.5 3697.51 19861.7 15170.1 6095.17 5766.7 19926.4 3333.75 16837.7 15948.7 16592.7 5993.82 25640.8 23342.7
internal_count=803544 608107 378275 195437 304567 229832 206269 124119 162177 98298 98309 73708 67655 143578 21251 18599 36326 15600 82150 62640 25113 37984 82698 13993 77058 157453 68705 31329 115773 106146
is_linear=0
shrinkage=0.05


Tree=25
num_leaves=31
num_cat=0
split_feature=7 0 18 14 0 25 15 12 18 10 14 12 6 9 9 4 10 15 4 12 15 18 14 14 11 14 11 14 3 14
split_gain=14154.8 3405.72 2135.19 1919.26 1749.89 930.132 845.177 753.264 533.085 485.742 468.656 655.39 463.922 407.746 418.247 431.048 347.404 313.084 299.296 296.072 283.475 280.004 242.421 237.603 235.286 324.547 217.695 272.298 215.552 273.723
threshold=1.0000000180025095e-35 2.4865337610244755 172.48621368408206 211.50000000000003 2.439024925231934 26.426528140902523 5.1323759555816659 11.018575851393191 186.89593505859378 -3.673920798301697 255.50000000000003 4.3544891640866874 1.5000000000000002 37.500000000000007 14.500000000000002 111.5264671444893 16.496585294604301 18.856004714965824 37.044651158154018 6.7879256965944288 13.245591163635256 163.92513275146487 229.50000000000003 171.50000000000003 49.851090743157435 176.50000000000003 33.565862104112156 223.50000000000003 3.540536761283875 179.50000000000003
decision_type=2 2 2 2 2 2 2 2 2 8 2 2 2 2 2 2 10 2 2 2 2 2 2 2 2 2 2 2 2 2
left_child=1 2 5 8 12 10 9 13 18 23 11 21 -2 14 15 -5 -6 -7 24 -12 -8 22 -1 -3 -4 -26 -13 -28 -20 -30
right_child=4 6 3 7 16 17 20 -9 -10 -11 19 26 -14 -15 -16 -17 -18 -19 28 -21 -22 -23 -24 -25 25 -27 27 -29 29 -31
leaf_value=0.033002573023793086 0.025303095827489609 -0.018033932611511497 -0.020884581868521962 -0.019038178730774083 0.034452602862183719 0.010164691179444348 0.020454956003556415 0.039557325092060162 -0.035038430865253815 0.016776152136526917 0.0029785075262557898 -0.010523245434334631 -0.0043462491054753012 -0.015600450112047751 0.0049115093587187523 -0.00086142437842133134 0.05155500161663349 0.046019499761350419 -0.036811405154440806 0.034554442409968737 0.047056246191142764 -0.0027624894723195449 -0.010702044363673476 0.0019265226190199455 -0.055475039987177566 -0.025575436386419327 -0.019397129634767363 -0.051123856236352752 -0.021851927649136536 -0.008107097810443253
leaf_weight=1081.0134560316801 3680.8027700632811 1735.2493500709534 9667.7347763329744 6012.0220685303211 4040.7755156233907 10084.310815766454 6298.2553360462189 876.95867025852203 7085.419006690383 5689.7243310362101 3244.2824554592371 6013.7618017941713 2055.7213790118694 10278.364340052009 8788.6232827454805 7128.2904531508684 11298.107172049582 647.0952146500349 1072.7042813748121 961.74745625257492 1191.0390854477882 10076.435511350632 448.36117185652256 10550.131907105446 1330.4702003449202 2863.4417048245668 3958.9947016313672 815.46638311445713 6047.9117490202188 9033.9779645502567
leaf_count=5924 27501 7462 39739 26489 35092 52768 35262 4406 29790 28576 15099 27571 10605 44045 39559 32127 121951 5185 4443 4603 9515 44838 2272 47835 5622 11822 17427 3524 24929 37868
internal_value=0.000172207 -0.00586141 -0.0097555 -0.0148942 0.0382417 -9.41414e-05 0.0105802 -0.00613811 -0.0227019 0.0046998 -0.00510707 -0.00798333 0.0146792 -0.00738352 -0.00353161 -0.00917856 0.0470522 0.0123308 -0.0197887 0.0102051 0.0246911 0.000263753 0.0201912 -0.000894031 -0.0251792 -0.0350717 -0.0168546 -0.0248255 -0.0151621 -0.0136199
internal_weight=154057 132982 107517 70185.9 21075.4 37331.5 25464.4 33084.3 37101.7 17975.1 26600.1 22394 5736.52 32207.3 21928.9 13140.3 15338.9 10731.4 30016.2 4206.03 7489.29 11605.8 1529.37 12285.4 13861.6 4193.91 10788.2 4774.46 16154.6 15081.9
internal_count=803849 608700 480050 300839 195149 179211 128650 146626 154213 83873 121258 101556 38106 142220 98175 58616 157043 57953 124423 19702 44777 53034 8196 55297 57183 17444 48522 20951 67240 62797
is_linear=0
shrinkage=0.05


Tree=26
num_leaves=31
num_cat=0
split_feature=9 16 6 21 5 15 12 11 11 12 16 11 13 5 10 6 6 23 23 5 23 21 12 11 11 23 5 19 12 21
split_gain=12912 3460.12 1753.1 1601.27 1305.68 1003.58 929.514 771.529 727.486 642.583 575.309 519.656 440.711 421.108 405.543 394.346 385.954 354.863 330.809 316.179 306.736 290.864 231.279 277.287 231.268 231.256 223.436 218.78 213.203 320.761
threshold=1.0000000180025095e-35 0.66176471114158641 1.0000000180025095e-35 0.27051234000000007 2.5000000000000004 12.646073341369631 1.6640866873065019 28.886018813636749 67.867619931397982 2.1687306501547994 0.83823528885841381 21.205184842975978 -34.579891838479334 4.5000000000000009 18.959673434495929 1.5000000000000002 1.5000000000000002 1.7646245500000002 1.6978337000000001 4.5000000000000009 1.2842400000000003 1.1315167500000001 5.3374613003095988 14.008156353618409 9.0522675820548493 0.77340608500000008 10.500000000000002 0.39705882966518408 5.4272445820433441 -0.36164028999999992
decision_type=2 2 2 2 2 2 2 2 2 2 2 2 2 2 10 2 2 2 2 2 2 2 2 2 2 2 2 2 2 2
left_child=2 5 14 4 11 9 8 17 -5 27 15 -3 -11 -9 -1 -6 -4 19 26 -8 -10 -14 -21 -24 -17 -13 -15 -2 29 -26
right_child=1 3 16 6 10 -7 7 13 20 12 -12 25 21 18 -16 24 -18 -19 -20 22 -22 -23 23 -25 28 -27 -28 -29 -30 -31
leaf_value=0.033369361995253075 0.028869120956704016 -0.0056113823999584039 0.023335457474982411 0.01768145901801645 0.0092348016963186372 0.037991678983689561 -0.015620367891477225 -0.035834926413829141 -0.0047758465355233204 -0.0098700110288707388 -0.011293133882260215 -0.034556765869783797 0.0077524848242679512 -0.02172156866240366 0.051545014520934164 0.019394794325703305 -0.0036544858386503183 -0.036464860619202309 -0.038429392345581827 0.02630136214659445 -0.039963267383264361 -0.015543326790548741 0.02267514316765892 -0.014005321705882243 0.0069780755733507178 -0.018962396606697449 -0.0046877226786899671 0.010712200395555449 -0.0094917999206221119 -0.0076458235261648508
leaf_weight=4364.3371887877584 3253.7277040705085 5957.0601040571928 3685.811804227531 2839.4057917445898 11832.214519321918 2635.2465030476451 3146.9289594739676 8372.4510040730238 1529.2597458660603 5868.7825929820538 11041.836478665471 3504.7577048912644 16730.090933546424 8925.6030755639076 10407.268836997449 1214.0043091475964 2066.8886820226908 980.72848990559578 2413.4504544883966 1018.6924503147602 1040.2597102820873 1455.6306801810861 758.86592137813568 1599.377287119627 8491.9957161992788 7408.0304489433765 2455.3487786501646 3387.9111458957195 8172.2103794366121 6712.8865307122469
leaf_count=39394 19776 26140 27956 12646 55878 20770 13377 35227 6574 26248 47170 14719 84824 37275 117534 5942 10664 4179 10178 4567 4476 6847 3677 6903 39059 31158 10803 15884 35583 28932
internal_value=0.000152074 -0.00555437 0.0370586 -0.0102285 -0.00554257 0.00838677 -0.0188218 -0.0222967 0.000240686 0.00584405 -0.00129593 -0.0174901 0.00204244 -0.0269878 0.0461776 0.00173497 0.0136393 -0.00843835 -0.0216159 -0.0042202 -0.0190313 0.00588708 0.00640497 -0.0021972 -0.00187386 -0.0239734 -0.0180474 0.0196103 -0.00297915 0.000521612
internal_weight=153271 132747 20524.3 99415.4 64335 33331.4 35080.4 29671.4 5408.93 30696.1 47465.1 16869.8 24054.5 22166.9 14771.6 36423.3 5752.7 7504.59 13794.4 6523.86 2569.52 18185.7 3376.94 2358.24 24591.1 10912.8 11381 6641.64 23377.1 15204.9
internal_count=804360 608812 195548 434463 284581 174349 149882 126186 23696 153579 212564 72017 117919 93483 156928 165394 38620 32703 58256 28524 11050 91671 15147 10580 109516 45877 48078 35660 103574 67991
is_linear=0
shrinkage=0.05


Tree=27
num_leaves=31
num_cat=0
split_feature=1 19 7 20 24 24 20 1 5 20 25 23 12 4 24 24 23 13 18 19 14 23 12 12 14 11 9 23 14 14
split_gain=12866.5 3349.25 2157.09 1743.23 1232.87 1063.2 1058.71 867.231 628.259 459.102 447.364 434.409 426.649 392.386 385.949 376.425 343.37 302.298 289.347 285.841 271.964 259.162 258.763 242.999 240.216 289.513 234.216 305.852 231.437 688.302
threshold=20.566105350852016 0.51470589637756359 1.0000000180025095e-35 66.725708007812514 2.5000000000000004 3.5000000000000004 2.9332580566406254 9.8725229203701037 3.5000000000000004 -6.5469207763671866 26.426528140902523 1.6901442000000002 9.4938080495356054 43.960497617721565 2.5000000000000004 2.5000000000000004 0.79899701500000009 -31.662249741205027 163.92513275146487 0.39705882966518408 245.50000000000003 1.6599746000000002 11.018575851393191 2.7631578947368425 236.50000000000003 80.377632546720136 36.500000000000007 1.7060800000000003 255.50000000000003 236.50000000000003
decision_type=2 2 2 2 8 10 2 2 2 2 2 2 2 2 8 8 2 2 2 2 2 2 2 2 2 2 2 2 2 2
left_child=1 4 9 5 13 6 16 10 12 -2 11 28 -8 -1 -10 -5 -3 20 -11 -4 -7 -19 26 -18 -16 -26 27 -17 29 -6
right_child=2 3 19 15 7 17 8 -9 14 18 -12 -13 -14 -15 24 22 23 21 -20 -21 -22 -23 -24 -25 25 -27 -28 -29 -30 -31
leaf_value=0.0050214311629061432 -0.0056681359778084925 -0.03259818250977646 0.052797735232232614 0.027413646830466133 -0.001592696204494161 -0.033137174981015101 -0.021757809876658384 0.015163249636319601 0.0089164274321138718 0.044997042832281856 0.0050897642913486241 -0.02520204588533792 0.013781976434769092 0.026352530388799613 -0.0031848060573405968 0.0058102457983009994 -0.0071888332039454512 -0.01154807642601936 0.017621386656084818 0.037013456532660173 0.0085432317992849907 -0.029989741832914169 0.037598702749867201 -0.022952168623315977 -0.014619077438613487 -0.073783858659255422 -0.013177576625144051 -0.020659433692756836 0.0074602009261620144 -0.027651622937346756
leaf_weight=3096.7507471516728 1888.074787132442 5305.7735948860645 9253.5232940688729 1428.3893347159028 11672.871281832457 9999.406491138041 7580.9070456251502 7933.4607517570257 6065.2237418070436 1152.1404108926654 10548.734267808497 2981.3358413949609 949.62586454302073 7099.0671248733997 13408.498992182314 9334.2514596879482 3946.5871587991714 4981.1863953173161 5946.7948558181524 4174.7974631115794 406.92980597913265 3086.1796341836452 453.18480353057384 6429.2864382639527 2393.5950584039092 225.44130672514439 2968.0899516791105 1234.8077652677894 3257.3709384053946 3235.6663940474391
leaf_count=15576 8524 22475 108346 7965 51556 42451 31444 47203 29874 8810 53219 12914 4161 43669 57336 42997 16449 20993 31633 43866 1674 13024 2373 26626 10405 1004 12815 5519 14999 14481
internal_value=0.000220165 -0.00581129 0.035205 -0.0121365 0.00436964 -0.0157329 -0.0116865 0.000380087 -0.00627594 0.0162426 -0.00332048 -0.00751575 -0.0178003 0.0198748 -0.0018255 0.00297315 -0.0222513 -0.0258742 0.0220701 0.0478936 -0.0315066 -0.0186058 0.000476035 -0.0169577 -0.00589082 -0.0197381 -0.00076941 0.00271607 -0.0046119 -0.00724986
internal_weight=152438 130023 22415.3 80197.4 49825.3 64778.6 46304.9 39629.4 30623.3 8987.01 31696 21147.2 8530.53 10195.8 22092.8 15418.7 15681.6 18473.7 7098.94 13428.3 10406.3 8067.37 13990.3 10375.9 16027.5 2619.04 13537.1 10569.1 18165.9 14908.5
internal_count=804381 603202 201179 349585 253617 277916 199774 194372 134224 48967 147169 93950 35605 59245 98619 71669 65550 78142 40443 152212 44125 34017 63704 43075 68745 11409 61331 48516 81036 66037
is_linear=0
shrinkage=0.05


Tree=28
num_leaves=31
num_cat=0
split_feature=7 5 13 6 22 22 17 6 14 17 14 24 15 4 14 10 6 13 6 24 2 24 14 14 14 14 13 10 22 17
split_gain=11494.2 2786.76 1658.26 1605.33 1584.34 1256.59 1113.67 840.781 823.847 847.053 652.284 613.692 506.93 452.48 419.773 398.54 372.337 349.125 328.109 318.907 309.267 294.371 522.538 290.792 290.116 334.696 292.901 265.048 242.897 230.747
threshold=1.0000000180025095e-35 8.5000000000000018 -31.999912161772183 1.0000000180025095e-35 0.16082139000000004 -0.32743333499999999 167.31060028076175 1.0000000180025095e-35 200.50000000000003 188.31666564941409 205.50000000000003 2.5000000000000004 12.646073341369631 27.168170973658565 246.50000000000003 12.163085103034975 1.5000000000000002 -12.766736373824322 1.0000000180025095e-35 2.5000000000000004 4.6145184263587007 7.5000000000000009 172.50000000000003 263.50000000000006 223.50000000000003 211.50000000000003 -88.962283738061259 -3.673920798301697 -1.0697576499999999 198.80808258056643
decision_type=2 2 2 2 2 2 2 2 2 2 2 10 2 2 2 10 2 2 2 8 2 8 2 2 2 2 2 10 2 2
left_child=1 2 5 15 12 11 10 -8 9 -9 -4 13 19 -1 21 -2 -5 28 -6 -3 -19 -7 -23 -16 25 26 -24 -21 -10 -11
right_child=3 4 6 16 18 14 7 8 17 29 -12 -13 -14 -15 23 -17 -18 20 -20 27 -22 22 24 -25 -26 -27 -28 -29 -30 -31
leaf_value=-0.01611667738360107 0.0287143744110363 0.022185661572266629 0.044275890002592064 0.023247585588186667 0.0071864200427417813 -0.034171575325629533 0.0077179839605287645 -0.0042684996420322583 0.014344995736518826 -0.018981147214610083 -0.024823433744056034 -0.025912605441435393 0.043212947805831875 0.0054029532225489327 0.011565301348192484 0.049572160759404321 -0.0034766624047962999 0.017677487494590978 -0.010114484245786971 0.0052769084465920093 -0.0016926187700813809 -0.044166430073258323 -0.045349462954951514 -0.033897347089367674 -0.034192241860458009 0.0013766236720933935 -0.015534879010316575 0.021289069292889734 -0.0091621339295722051 -0.033188640217524594
leaf_weight=3492.6242560297251 2907.203717559576 6115.9672956243157 1747.2928221672773 3555.4697053432465 3543.1427100151777 8426.3081491738558 9498.7704001367092 9293.315467864275 1210.2517141848803 7644.0465770661831 423.75260996818542 3162.354852668941 1434.8165424093604 8119.3719336539507 1244.5614689290524 10881.189549818635 2056.9501909762621 3411.7691030949354 12086.223851948977 12124.293360076845 5200.8809232860804 2268.9667249694467 965.70994901657104 489.14572048187256 2195.1273544430733 2562.7300715595484 5590.525278814137 3283.977561198175 11857.803774356842 4570.4138635993004
leaf_count=14677 26330 35264 13672 27901 18140 35949 45244 40247 5829 31600 2215 13384 11928 35741 5183 130557 10651 16632 53970 57962 24217 9802 3992 2103 9052 10557 23188 17064 50885 19279
internal_value=6.73318e-05 -0.00521572 -0.00988662 0.036001 0.00608682 -0.0178384 -0.00430325 -0.00574961 -0.00871174 -0.0156449 0.0307836 -0.00638918 0.0144457 -0.00107049 -0.0249622 0.0451768 0.0134543 -0.00183344 -0.0061922 0.0125261 0.00598171 -0.0268281 -0.0222703 -0.00127361 -0.0178757 -0.0139446 -0.0199327 0.00869075 -0.00698417 -0.0242996
internal_weight=151365 131964 93375.7 19400.8 38588.4 38517.4 54858.3 52687.3 43188.5 21507.8 2171.05 14774.4 22959.1 11612 23743.1 13788.4 5612.42 21680.7 15629.4 21524.2 8612.65 22009.4 13583.1 1733.71 11314.1 9118.97 6556.24 15408.3 13068.1 12214.5
internal_count=803215 607776 413448 195439 194328 163628 249820 233933 188689 91126 15887 63802 122218 50418 99826 156887 38552 97563 72110 110290 40849 92540 56591 7286 46789 37737 27180 75026 56714 50879
is_linear=0
shrinkage=0.05


Tree=29
num_leaves=31
num_cat=0
split_feature=1 16 7 22 21 14 16 14 22 5 12 21 6 6 14 11 12 11 22 23 14 21 23 14 21 22 18 14 14 18
split_gain=11127.7 2946.99 1986.99 1168.5 1123.59 1276.38 1027.15 758.19 546.784 539.076 515.285 480.221 472.13 412.921 384.729 366.043 346.597 367.994 350.13 351.568 384.377 335.256 330.89 354.889 328.671 281.242 278.993 277.735 273.952 257.467
threshold=21.318968534469608 0.72058823704719555 1.0000000180025095e-35 0.36488128000000003 0.27051234000000007 214.50000000000003 0.42647059261798864 240.50000000000003 -0.61916297999999992 8.5000000000000018 1.1099071207430342 -0.31750278499999995 1.5000000000000002 1.0000000180025095e-35 211.50000000000003 50.76485803746403 5.4272445820433441 67.392728720886808 -1.7667101999999997 1.2643609500000001 182.50000000000003 0.46197338500000007 1.5077936500000002 219.50000000000003 -0.19011549499999997 -0.65970697999999983 178.55698394775393 262.50000000000006 262.50000000000006 182.33635711669925
decision_type=2 2 2 2 2 2 2 2 2 2 2 2 2 2 2 2 2 2 2 2 2 2 2 2 2 2 2 2 2 2
left_child=1 3 13 6 5 8 -1 10 16 11 -6 -8 -4 -2 -11 -13 18 25 -3 20 -20 27 23 26 -7 -18 -12 -5 -26 -10
right_child=2 4 12 21 7 24 9 -9 29 14 22 15 -14 -15 -16 -17 17 -19 19 -21 -22 -23 -24 -25 28 -27 -28 -29 -30 -31
leaf_value=0.034267721382973959 0.025320399455068466 -0.029965098666628699 0.048790755200639496 -0.0052082094587859295 0.0070991389755618575 0.0080905012495806373 0.0093126882437926922 -0.006871485802736027 -0.01438356858008286 0.02749716934216246 -0.011399985057091409 0.0002004055443465091 -0.010361358819589847 0.0029596981033041016 0.0084944933833826612 -0.018426476273895803 -0.030129599458755669 0.028359113180077847 -0.021969474700791036 0.01258048213854923 0.012536864376996066 -0.017031117111374072 -0.039480975394164008 -0.04373871524011444 -0.010136616568710769 0.041677286139826825 -0.027266368322445628 0.019936011241026501 0.02286247832371761 -0.026644091723010029
leaf_weight=3462.503256008029 4711.9459630846977 874.59963768720627 11902.477998442948 9210.8006265982985 1139.8037444576621 12076.400026589632 9061.7963263094425 7763.374644421041 12039.53310918808 3554.1359521448612 4972.3863596394658 7976.5571066215634 346.84520044922829 3674.6597506478429 10627.910403013229 3939.3956038653851 2473.5942372754216 349.90646657347679 2101.9091996699572 4473.2426499575377 1308.8363090679049 6007.8757078424096 4386.5654609128833 1876.3204832673073 5295.8246179670095 143.46114413440228 6262.8115969076753 1245.8952099978924 712.72873460501432 6649.8445449098945
leaf_count=27472 28439 3762 147837 43318 5076 58265 44625 34387 50729 19781 20940 36599 2058 17833 57053 17336 10367 1477 8901 19263 5650 27568 18982 7873 23079 602 26824 6159 3314 28378
internal_value=0.000169988 -0.00524493 0.0342778 0.00353368 -0.0117012 -0.00718271 0.00828826 -0.0200013 -0.0134372 0.00572892 -0.0254697 0.000638271 0.0471151 0.0155244 0.0132583 -0.00595864 -0.00497284 -0.0197396 3.10665e-05 0.00336203 -0.00872825 -0.00761934 -0.0275914 -0.023611 0.00333618 -0.0261789 -0.020246 -0.0022107 -0.00621914 -0.0187472
internal_weight=150624 129988 20635.9 55086.9 74901.1 48499.9 38622.3 26401.3 30414.9 35159.8 18637.9 20977.7 12249.3 8386.61 14182 11916 11725.5 2966.96 8758.59 7883.99 3410.75 16464.6 17498.1 13111.5 18085 2617.06 11235.2 10456.7 6008.55 18689.4
internal_count=803947 607780 196167 279911 327869 213787 202866 114082 129129 175394 79695 98560 149895 46272 76834 53935 50022 12446 37576 33814 14551 77045 74619 55637 84658 10969 47764 49477 26393 79107
is_linear=0
shrinkage=0.05


Tree=30
num_leaves=31
num_cat=0
split_feature=7 16 16 17 20 21 13 5 20 20 20 5 21 23 10 17 11 10 21 23 20 23 21 9 11 20 19 23 10 20
split_gain=9911.29 2538.56 1301.38 1138.62 938.621 926.392 749.694 558.794 493.266 488.894 456.382 428.805 407.181 406.918 381.551 371.757 359.737 353.036 341.633 340.253 316.568 273.983 245.327 237.047 197.944 395.631 385.065 228.711 191.604 176.606
threshold=1.0000000180025095e-35 0.75000000000000011 0.54411765933036815 159.91176605224612 -3.9687194824218746 0.27051234000000007 -32.708159159603682 6.5000000000000009 -10.190521240234373 82.68857574462892 77.815338134765639 2.5000000000000004 -1.6487905499999997 1.6978337000000001 16.496585294604301 199.67500305175784 50.095855824868472 -7.8506229460239405 -0.49529029499999994 2.4041249500000004 68.123107910156264 1.6688709500000003 0.12514465500000002 37.500000000000007 15.017229010400021 67.646110534667983 0.39705882966518408 1.1008879500000004 -27.304639473557469 48.075370788574226
decision_type=2 2 2 2 2 2 2 2 2 2 2 2 2 2 10 2 2 8 2 2 2 2 2 2 2 2 2 2 10 2
left_child=1 3 -2 9 15 10 7 22 28 -1 11 -6 -10 20 -4 16 -3 21 -9 -13 -7 24 -5 -22 -14 26 -26 -27 -8 -20
right_child=2 4 14 6 5 13 8 18 12 -11 -12 19 17 -15 -16 -17 -18 -19 29 -21 23 -23 -24 -25 25 27 -28 -29 -30 -31
leaf_value=0.051664324786445039 0.049509925352668856 -0.011719094740667325 0.011784029495002608 -0.0080669833626108595 -0.018150690978304691 -0.019188492825441592 -0.0012467462008916724 0.015611806700534537 0.029447226430679325 0.013507268611495407 0.015344286378612307 -0.0011739029764725069 0.013704700301137775 -0.036034568777290527 0.031229799441392904 -0.033040463118259686 -0.033235632320677583 0.012762402721580912 0.0020405522813848934 -0.041531225752792909 0.0039163821807270552 -0.010982911364929194 -0.023690922832638038 -0.027524645329928502 0.019075803111353241 -0.013673475783486565 0.0001166583891718075 0.00548221739249629 -0.020195505165305688 -0.012203589968667248
leaf_weight=1479.5165606439114 8093.6605984717607 7966.7568044215441 4503.9545541033149 5071.8999294862151 5193.6540120616555 10030.534169539809 2884.5424024611712 2772.3800804242492 1790.333062030375 1941.080279648304 2989.8129575699568 21268.058567404747 4226.6492826715112 2616.2455018311739 5738.5267324745655 5466.9540869444609 2568.9896813333035 10531.136190190911 4720.7518731951714 534.42290377616882 3057.9085357189178 3553.9207354709506 4980.9577031582594 744.62213535606861 4405.2510995790362 4835.967695645988 6828.7546079456806 2298.1157288998365 2481.2211188077927 4035.552766494453
leaf_count=13601 102193 33644 34533 21943 21919 41894 12300 14124 9920 12381 14659 93370 20984 11312 58481 23819 11023 56637 20967 2281 13696 16915 20800 3153 23977 22482 29967 11147 10471 18370
internal_value=9.21844e-05 -0.00471754 0.0345254 0.00190434 -0.0120181 -0.00841893 0.00043368 -0.00719462 0.00418937 0.0300217 -0.00318803 -0.00524097 0.00617024 -0.0179537 0.0226808 -0.0224607 -0.0169682 0.00503332 0.000318484 -0.002165 -0.0145317 0.00192014 -0.0158099 -0.00224611 0.00395005 0.0017048 0.00755225 -0.00750291 -0.0100111 -0.00452485
internal_weight=149612 131276 18336.1 68838 62438 46435.3 65417.4 21581.5 43835.9 3420.6 29985.9 26996.1 38470.1 16449.3 10242.5 16002.7 10535.7 36679.8 11528.7 21802.5 13833.1 26148.7 10052.9 3802.53 22594.7 18368.1 11234 7134.08 5365.76 8756.3
internal_count=802963 607756 195207 336986 270770 202284 311004 96204 214800 25982 132229 117570 192029 70055 93014 68486 44667 182109 53461 95651 58743 125472 42743 16849 108557 87573 53944 33629 22771 39337
is_linear=0
shrinkage=0.05


Tree=31
num_leaves=31
num_cat=0
split_feature=1 19 9 5 22 11 22 14 19 14 11 17 14 6 24 1 17 4 6 4 14 24 24 24 14 22 14 23 23 14
split_gain=9788.44 2546.63 1881.67 1450.69 988.557 823.173 904.494 741.515 663.79 641.481 682.934 614.255 527.677 462.767 436.994 353.606 341.939 339.356 316.293 309.454 302.294 349.709 290.648 275.929 265.975 256.317 235.999 235.787 228.606 246.58
threshold=21.318968534469608 0.33823530375957495 1.0000000180025095e-35 7.5000000000000009 0.43984303000000008 50.095855824868472 -0.15288999499999997 227.50000000000003 0.16176471114158633 200.50000000000003 16.244831388937339 198.80808258056643 168.50000000000003 1.5000000000000002 2.5000000000000004 8.634866416454317 175.98484802246097 139.19583822786811 11.500000000000002 22.893705449998382 257.50000000000006 2.5000000000000004 2.5000000000000004 3.5000000000000004 196.50000000000003 -1.0697576499999999 178.50000000000003 0.64358318000000014 1.5895577000000003 265.50000000000006
decision_type=2 2 2 2 2 2 2 2 2 2 2 2 2 2 8 2 2 2 2 2 2 8 10 10 2 2 2 2 2 2
left_child=1 7 13 5 15 9 12 8 -1 11 -11 18 -7 -2 -9 20 -4 -16 -3 -14 21 -5 27 -10 -18 -12 -23 -21 -6 -30
right_child=2 3 16 4 28 6 -8 14 23 10 25 -13 19 -15 17 -17 24 -19 -20 22 -22 26 -24 -25 -26 -27 -28 -29 29 -31
leaf_value=0.042038883985943243 0.047981335894579868 -0.0062709261849593113 0.036015992870467979 0.012247114554056492 -0.0078554199651681266 -0.041025474467828643 -0.028121194498991593 0.02609225083886221 0.019435638695222482 0.01449213757906532 0.012168925371753677 -0.026996378800502402 -0.023530463870915334 -0.010982063988018423 -0.01505784164540463 0.015844262544969158 -0.0019043777842103139 0.0057147812956115313 -0.023598403840559216 -0.015675983947292093 0.016611514454762191 -0.039711995203580625 -0.019846341015627444 -0.0010225749005730509 0.018311410251823267 -0.0082715355956923895 -0.0035825795602571677 0.0074298652279094551 -0.019863525612712259 -0.070290889988504565
leaf_weight=2704.0185679718852 11067.314083009958 16410.479547478259 1554.0381769165397 3924.2054369002581 7131.636130951345 1168.0496490299702 13211.778886251152 1511.645839266479 5513.9534335508943 4944.3251967653632 1685.959490172565 6308.2751059234142 1974.6928428113461 342.73191989958286 3444.9956647008657 6657.6840419471264 2764.1440201029181 4577.4465240463614 3136.4694170057774 1371.1326464638114 3085.7025525867939 471.18409016728401 1750.9879568144679 2350.5392848029733 3953.5504358783364 16890.822229512036 10578.208692781627 5652.1258099228144 2588.3412124663591 266.74821628630161
leaf_count=24219 147964 69329 11671 20558 31224 5105 56503 10506 30792 24152 8214 27142 8263 2062 16878 37079 12837 26363 13124 5777 14737 1985 7465 11408 21685 72646 46845 24950 11201 1154
internal_value=0.000198082 -0.00480185 0.0330467 -0.0078123 0.000631424 -0.0117453 -0.0191123 0.0115523 0.0206725 -0.0079957 -0.00202042 -0.0134313 -0.00912301 0.0462094 0.0014414 0.00599551 0.0148867 -0.00320616 -0.00905233 -0.00565278 0.00236403 -0.000572956 -0.00162709 0.0133217 0.00999413 -0.00641588 -0.00512672 0.00291738 -0.0126439 -0.0245979
internal_weight=148993 129311 19681.8 109209 34703.7 74505.1 25128.8 20102.6 10568.5 49376.3 23521.1 25855.2 11917 11410 9534.09 24717 8271.73 8022.44 19546.9 10748.9 18059.3 14973.6 8774.25 7864.49 6717.69 18576.8 11049.4 7023.26 9986.73 2855.09
internal_count=803838 607619 196219 487453 164783 322670 108063 120166 66419 214607 105012 109595 51560 150026 53747 121204 46193 43241 82453 46455 84125 69388 38192 42200 34522 80860 48830 30727 43579 12355
is_linear=0
shrinkage=0.05


Tree=32
num_leaves=31
num_cat=0
split_feature=1 16 7 14 24 24 12 20 23 1 14 12 6 6 14 13 14 12 23 14 23 4 14 9 17 23 17 14 17 17
split_gain=9089.16 2265.34 1868.79 1102.63 1075.95 744.801 592.8 815.096 559.429 542.116 499.768 756.445 440.698 354.111 351.716 301.786 356.776 296.684 303.86 295.501 283.982 282.784 280.335 277.473 260.442 244.884 243.996 239.433 236.167 235.863
threshold=21.318968534469608 0.66176471114158641 1.0000000180025095e-35 252.50000000000003 2.5000000000000004 3.5000000000000004 2.1269349845201244 -14.578781127929686 1.6502280500000002 8.7907625436782855 189.50000000000003 6.3699690402476792 1.5000000000000002 1.5000000000000002 237.50000000000003 -97.111095975438587 220.50000000000003 11.291021671826627 1.6688709500000003 227.50000000000003 0.29784916500000008 156.50173271447423 180.50000000000003 40.500000000000007 157.66176605224612 1.6099775000000003 167.31060028076175 198.50000000000003 196.05555725097659 196.13889312744143
decision_type=2 2 2 2 8 8 2 2 2 2 2 2 2 2 2 2 2 2 2 2 2 2 2 2 2 2 2 2 2 2
left_child=1 5 13 4 10 21 20 -8 15 24 11 22 -4 26 -10 16 -9 18 23 -11 27 -1 28 -5 -7 -26 -2 -6 -3 -22
right_child=2 3 12 17 6 9 7 8 14 19 -12 -13 -14 -15 -16 -17 -18 -19 -20 -21 29 -23 -24 -25 25 -27 -28 -29 -30 -31
leaf_value=0.014123750706929462 0.043718786320259218 0.00096017989253004111 0.047658650195588008 0.0091264992133592519 -0.0046631207474375569 0.023648916018465131 -0.037295824507842266 -0.057229418650064236 -0.031591983730264624 0.024417330652175405 0.009022160712483995 -0.035305405336646799 -0.010355057366589499 -0.010571365335355173 0.00990716422741824 -0.011470243930741331 0.021544815590187505 0.041457820433515861 -0.014672209903462184 0.0032336220204656398 -0.00092684804681943632 0.035005242326356295 0.017378454145059785 -0.010357751523791325 -0.00071599434539118708 -0.017110126889635289 0.015143231934915673 0.052833411751745364 -0.019006247383715473 -0.015491962200962914
leaf_weight=5482.0719889178872 850.40182863175869 4593.0417189821601 10609.091301649809 10236.733293280005 338.93589955568314 946.0222397595644 4254.6844736635685 699.4055011048913 5918.13901155442 3628.0916037410498 8209.6305168494582 1976.8029939234257 337.44235633313656 1218.6656232848763 558.31225337833166 37995.032688453794 180.28082847595215 508.65720581263304 2157.1190105900168 3013.6712513491511 7772.0225157812238 2302.9433447495103 1671.5873033255339 2223.3276615589857 14553.929711379111 2699.5204735696316 6120.6816976293921 387.37613950669765 2184.7551917955279 4326.1453364416957
leaf_count=32456 7442 20140 147715 48936 1484 6606 19066 2948 25521 23647 41529 8465 2016 5836 2403 161592 763 2771 10245 18102 35103 17833 7294 9875 68188 12211 32916 1761 9038 18883
internal_value=0.000202578 -0.00457398 0.0323551 -0.00843552 -0.0107479 0.00681091 -0.013895 -0.0163723 -0.0144085 0.00258147 -0.000204671 -0.00747009 0.0458695 0.0142882 -0.0280135 -0.0121413 -0.0410795 0.00395724 0.00264953 0.0148072 -0.00431222 0.0203046 -0.000954384 0.00564925 -0.0018808 -0.00328191 0.0186349 0.0260329 -0.00547765 -0.00613599
internal_weight=147955 128818 19136.3 96192 81066.2 32626.3 62430.3 49605.9 45351.2 24841.2 18635.8 10426.2 10946.5 8189.75 6476.45 38874.7 879.686 15125.8 14617.2 6641.76 12824.5 7785.02 8449.38 12460.1 18199.5 17253.5 6971.08 726.312 6777.8 12098.2
internal_count=802785 606860 195925 427817 355990 179043 269524 212293 193227 128754 86466 44937 149731 46194 27924 165303 3711 71827 69056 41749 57231 50289 36472 58811 87005 80399 40358 3245 29178 53986
is_linear=0
shrinkage=0.05


Tree=33
num_leaves=31
num_cat=0
split_feature=0 7 19 14 15 24 24 22 14 12 12 19 25 22 11 4 17 12 23 14 22 22 11 23 14 14 17 19 12 4
split_gain=8123.21 2555.54 1988.06 1083.29 850.224 631.881 612.556 556.651 452.416 431.896 384.958 376.638 376.37 310.618 306.934 289.872 279.618 276.749 398.939 273.537 261.217 482.663 260.676 356.886 337.968 552.51 317.158 279.649 238.693 238.024
threshold=4.3276679515838632 1.0000000180025095e-35 0.48529411852359777 211.50000000000003 15.478336334228517 2.5000000000000004 3.5000000000000004 -0.64515053999999983 252.50000000000003 2.3854489164086692 1.2863777089783284 0.22058823704719546 21.276421880722051 1.0095930500000001 36.565737825728981 43.960497617721565 178.60713958740237 4.8003095975232215 1.6901442000000002 199.50000000000003 -1.6132802499999999 -1.2466693999999998 12.778281696572909 1.6599746000000002 236.50000000000003 254.50000000000003 179.38796234130862 0.22058823704719546 8.9767801857585159 101.70197010785343
decision_type=2 2 2 2 2 8 8 2 2 2 2 2 2 2 2 2 2 2 2 2 2 2 2 2 2 2 2 2 2 2
left_child=2 11 4 7 6 -5 15 14 12 29 -9 -2 -7 28 19 -1 -3 18 -10 -4 -16 -22 -11 24 27 26 -26 -24 -14 -8
right_child=1 16 3 5 -6 8 9 10 17 22 -12 -13 13 -15 20 -17 -18 -19 -20 -21 21 -23 23 -25 25 -27 -28 -29 -30 -31
leaf_value=0.00029624833810546706 0.031809634159448055 0.050621471056153833 -0.018748039862543385 0.012073271371664621 0.040138789649661527 -0.022492468292752022 0.0012679512782084613 0.00094691722054131451 0.00036073732823070371 0.0096620708087512604 -0.021523431546752611 0.0099810996212050113 -0.0059983300839684933 -0.026256636165475467 -0.027147487432189189 0.018965890477228929 0.03282244776143628 0.011107602341556687 -0.033164425930102701 0.020306452085612405 0.031046372066689629 -0.003759760004818727 0.022074524574375018 -0.023802283440620051 -0.043621611487695118 -0.00025211113126992333 -0.010214827569242024 -0.0017762632864683039 0.025878870304981073 0.020723875219203765
leaf_weight=3047.4989206269383 2288.2679142430425 6795.4254814684391 5753.0828666761518 5245.0020429193974 1518.9821929559112 5231.3884580284357 3460.2537139803171 2060.5624634027481 5664.4533146470785 2826.4506523683667 25403.634243935347 14464.565863631666 14129.700053222477 1878.7460408210754 829.34635768830776 6541.9709380343556 3280.2520454004407 4522.5502752959728 1051.1984212026 485.42290932685137 1217.2312484681606 5459.9702406302094 1395.5210977643728 2611.0378380417824 1666.864933386445 3697.2433173283935 1239.0516806691885 10243.632126145065 611.73058716207743 2879.9713919907808
leaf_count=15289 18283 100423 24339 29087 15002 22800 17100 9295 26583 13817 109764 71956 61518 8132 3620 40721 39850 21327 4805 2129 5410 23555 8904 11811 8168 18679 5566 45996 2732 17304
internal_value=4.85148e-05 0.0249332 -0.00548414 -0.0100989 0.00344091 -0.00404892 0.00203261 -0.0157266 -0.00660471 -0.00148175 -0.0198376 0.0129644 -0.0107973 -0.007115 -0.00751142 0.0130334 0.0448306 0.00154762 -0.0048911 -0.0157064 -0.000699575 0.00258898 -0.00458503 -0.00651645 -0.00404114 -0.0130757 -0.0293857 0.00108507 -0.00467384 0.0101074
internal_weight=147501 26828.5 120672 79544 41128.5 38334.8 39609.5 41209.3 33089.8 30020 27464.2 16752.8 21851.6 16620.2 13745.1 9589.47 10075.7 11238.2 6715.65 6238.51 7506.55 6677.2 23679.8 20853.4 18242.3 6603.16 2905.92 11639.2 14741.4 6340.23
internal_count=803965 230512 573453 355096 218357 176984 203355 178112 147897 147345 119059 90239 95182 72382 59053 56010 140273 52715 31388 26468 32585 28965 112941 99124 87313 32413 13734 54900 64250 34404
is_linear=0
shrinkage=0.05


Tree=34
num_leaves=31
num_cat=0
split_feature=7 0 0 19 14 24 14 22 4 15 22 10 22 25 19 11 12 4 12 10 11 12 15 14 24 14 14 14 12 11
split_gain=7362.48 2053.04 1479.32 1179.98 865.553 551.04 575.771 505.078 480.971 467.652 461.703 369.613 341.708 334.812 312.142 302.105 291.694 286.462 340.713 266.347 264.648 246.602 244.862 216.604 215.101 208.652 340.054 207.837 207.508 203.67
threshold=1.0000000180025095e-35 2.5833921432495122 2.8965305089950566 0.51470589637756359 248.50000000000003 3.5000000000000004 186.50000000000003 0.16082139000000004 117.3863361105323 4.2549915313720712 0.04601305725000001 21.72253132462502 -0.91453793499999991 25.162268304824831 0.22058823704719546 33.789285444495953 8.4334365325077432 34.580821022391326 9.6934984520123866 -4.6556401729583756 8.531781322423706 10.439628482972138 13.245591163635256 239.50000000000003 2.5000000000000004 257.50000000000006 233.50000000000003 178.50000000000003 2.1687306501547994 19.651336420823366
decision_type=2 2 2 2 2 10 2 2 2 2 2 10 2 2 2 2 2 2 2 8 2 2 2 2 8 2 2 2 2 2
left_child=1 3 14 7 5 6 12 8 13 19 17 -4 -5 25 -2 -7 29 18 -8 24 -9 -6 -11 -10 -3 26 -1 -16 -22 -12
right_child=2 9 11 4 21 15 10 20 23 22 16 -13 -14 -15 27 -17 -18 -19 -20 -21 28 -23 -24 -25 -26 -27 -28 -29 -30 -31
leaf_value=-0.0031296856914843408 0.034838747594375406 0.012999359533572161 0.029529935514935792 -0.007376700772484342 -0.0003631074843478601 -0.011886340843647548 -0.015206167417567952 0.015491344789344677 0.023264936652139488 0.015160368765390425 -0.070884051365343689 0.048857275268813657 -0.023082999931567736 0.0095224089394587794 -0.018975122056707122 -0.026451822732126779 0.012916007870765682 0.0032736763445765124 0.02088036527688375 0.013240172627121505 0.0092066220533137452 0.033206450446622765 0.041828811303900038 0.0058399734237732683 -0.0052541100008927496 0.013990922286270913 -0.027054831025066423 0.0097402036554591464 -0.011201570278362849 -0.018171420924313373
leaf_weight=7198.3566411286592 1084.8205350339413 2061.8718690723181 3785.5153918452561 5195.3158063441515 11771.268605440855 5465.4806503653526 4915.7198145836592 1191.6250706389546 4001.1884179189801 8810.5527665838599 187.95811739563942 7173.3935215808451 10392.021477818489 5849.4390354752541 752.97612901777029 10224.2655184865 765.41628690063953 11767.961464479566 753.57121595740318 4733.5284597799182 1388.7517228797078 572.73718547821045 953.45211033523083 3218.6034085080028 7415.6649214997888 1214.9440471678972 1870.370539650321 3836.664980687201 12022.855394534767 6219.9221965968609
leaf_count=33347 10109 10118 42302 21546 53175 23285 20751 5938 24309 50148 784 110995 44374 30060 4975 44437 3231 53081 3400 23982 6512 3157 9464 17722 32361 5882 8779 27411 52845 25768
internal_value=0.000132235 -0.00387071 0.0314553 -0.0068545 -0.0107856 -0.0134322 -0.01033 0.000212303 0.00477326 0.00934448 -0.00556727 0.0421844 -0.0178488 -2.72023e-05 0.0107307 -0.0213791 -0.0162438 -0.00117449 -0.0104067 0.00355571 -0.00708122 0.00119702 0.0177686 0.0154987 -0.00128205 -0.0054595 -0.00806654 0.00502606 -0.0090878 -0.0197284
internal_weight=146796 130163 16633.4 106188 68231.6 55887.6 40197.9 37956.1 23352.9 23975.1 24610.5 10958.9 15587.3 16133.1 5674.46 15689.7 7173.3 17437.3 5669.29 14211.1 14603.2 12344 9764 7219.79 9477.54 10283.7 9068.73 4589.64 13411.6 6407.88
internal_count=804248 608456 195792 482383 296989 240657 172935 185394 120099 126073 107015 153297 65920 78068 42495 67722 29783 77232 24151 66461 65295 56332 59612 42031 42479 48008 42126 32386 59357 26552
is_linear=0
shrinkage=0.05


Tree=35
num_leaves=31
num_cat=0
split_feature=7 0 0 18 13 22 5 18 17 17 22 24 22 23 6 5 11 13 16 24 11 24 11 17 19 5 5 11 13 22
split_gain=6833.69 1849.81 1473.81 1074.99 798.281 729.936 556.513 479.454 388.028 376.808 374.858 361.504 300.369 290.245 289.727 272.791 272.078 225.148 213.686 209.74 209.596 372.757 206.083 180.392 178.166 177.2 161.157 157.898 155.459 152.622
threshold=1.0000000180025095e-35 2.0282436609268193 2.8407058715820317 185.39170837402347 -23.308858712921751 0.04601305725000001 2.5000000000000004 175.53743743896487 175.98484802246097 158.07353210449222 0.038758732350000012 2.5000000000000004 2.7106600000000003 1.6099775000000003 1.5000000000000002 3.5000000000000004 44.867967678055223 -31.999912161772183 0.39705882966518408 2.5000000000000004 15.017229010400021 3.5000000000000004 49.474657544628514 163.60294342041018 0.51470589637756359 7.5000000000000009 6.5000000000000009 50.50536256878646 -97.111095975438587 0.37528550500000007
decision_type=2 2 2 2 2 2 2 2 2 2 2 10 2 2 2 2 2 2 2 10 2 8 2 2 2 2 2 2 2 2
left_child=1 3 14 4 5 6 27 10 -4 -6 18 -8 20 22 -2 -5 -13 -9 -3 -17 -11 24 -7 -16 -22 -24 -19 -1 -15 -25
right_child=2 7 8 15 9 13 11 17 -10 12 -12 16 -14 28 23 19 -18 26 -20 -21 21 -23 25 29 -26 -27 -28 -29 -30 -31
leaf_value=-0.011169017178910785 0.018597494544437081 0.041207111962905663 0.049519060614812024 -0.025559717342564094 0.027468447220037752 -0.0062641537071454704 0.0037521971358966547 -0.0081710668963215459 0.029961136295952453 0.0062188808768238102 0.0039821853250322226 0.0061565892690895289 -0.045342249236538762 0.046887094432022505 0.036091902462366002 -0.0069706555238850387 -0.020872208569628362 -3.6412945242240203e-05 0.017387288874854353 -0.022580447779592672 0.015569364164925714 -0.0057267262991679835 -0.02333340303803192 -0.0017062709123872044 0.00046235051713906962 -0.0091147727622768546 0.014621108359775101 -0.02919345099550464 -0.028955081946065525 -0.034779607920708243
leaf_weight=3161.0817381814122 3580.1287097670138 1064.3201921507716 6391.6985390596092 7352.2503797709942 1271.0774817094207 6606.1054949760437 16126.235878542066 4609.01387552917 4215.2339248917997 10601.194691069424 5877.2359306737781 1349.2164194360375 363.83196650445461 67.815815284848213 234.36014439165592 5900.1311293691397 3000.4663248360157 4749.7132814824581 8155.7254413068295 3387.6854195296764 3486.0390210673213 19735.814045593143 5662.6618132069707 1316.6473156884313 4432.6972941756248 3577.1768994703889 3097.7154013365507 1974.9586986675858 4176.6769670248032 473.59614704549313
leaf_count=13537 31473 10278 101398 32723 9681 27941 74296 19987 51982 50534 30640 5868 1577 289 1593 25941 12950 21540 45313 14694 20094 88608 24091 6841 20179 15097 15809 8409 18044 2272
internal_value=0.000185951 -0.00363728 0.0307922 -0.00673621 -0.00447543 -0.00898658 -0.00338986 0.00786055 0.0417502 0.000693053 0.0138513 0.000301709 -0.000188888 -0.016121 0.0100504 -0.0183642 -0.0124887 0.000599235 0.0201411 -0.0126661 0.000241718 -0.00204973 -0.0130091 -0.00506513 0.00711399 -0.0178303 0.00575066 -0.0181043 -0.0277326 -0.0104701
internal_weight=145999 129787 16211.7 102233 85593.1 45702.4 25612 27553.7 10606.9 39890.7 15097.3 20475.9 38619.6 20090.4 5604.73 16640.1 4349.68 12456.4 9220.05 9287.82 38255.7 27654.6 15845.9 2024.6 7918.74 9239.84 7847.43 5136.04 4244.49 1790.24
internal_count=803679 608120 195559 464553 391195 200522 115060 143567 153380 190673 86231 93114 180992 85462 42179 73358 18818 57336 55591 40635 179415 128881 67129 10706 40273 39188 37349 21946 18333 9113
is_linear=0
shrinkage=0.05


Tree=36
num_leaves=31
num_cat=0
split_feature=0 10 5 21 22 20 11 18 16 22 11 22 21 14 20 12 10 18 11 12 22 18 20 5 22 14 20 21 18 14
split_gain=6143.9 1794.12 1780.85 1090.68 972.865 821.669 643.66 549.309 470.49 440.6 533.208 394.281 377.464 470.326 335.309 398.393 328.107 320.952 297.448 388.417 281.079 276.301 293.837 287.939 269.291 426.513 361.647 295.448 263.616 249.494
threshold=5.4374144077301034 18.959673434495929 8.5000000000000018 0.27051234000000007 0.16082139000000004 -11.365150451660154 14.008156353618409 164.17825317382815 0.30882354080677038 -0.98463689999999982 9.5080668581966847 1.2711852500000003 0.47868277500000006 258.50000000000006 -11.365150451660154 1.9086687306501551 5.5521471783518797 180.2159118652344 33.014739663412236 8.0216718266253881 -0.092493746449999983 163.66176605224612 26.453079223632816 2.5000000000000004 0.77527007500000011 181.50000000000003 4.3582839965820321 -0.31750278499999995 169.79144287109378 210.50000000000003
decision_type=2 10 2 2 2 2 2 2 2 2 2 2 2 2 2 2 10 2 2 2 2 2 2 2 2 2 2 2 2 2
left_child=2 7 3 5 8 17 -5 -2 -4 -7 -11 14 13 -6 15 -8 -10 -1 19 -16 -20 22 -12 -23 26 -26 -25 -28 -3 -27
right_child=1 28 4 6 12 9 11 -9 16 10 21 -13 -14 -15 18 -17 -18 -19 20 -21 -22 23 -24 24 25 29 27 -29 -30 -31
leaf_value=-0.0073674923170713256 0.035337943488373227 0.051335045309147148 0.041329957898876446 0.0093216721911101637 -0.0034188515512011924 0.0094887686290041056 0.0089202158135839368 0.0098786271496580196 0.007013951218932165 0.019447879154462971 0.040576264869795112 -0.039292658682307864 -0.014006749641938472 0.026094885663124762 0.0015552054989121263 -0.040490247960516861 0.0237525772836466 -0.025646641643053025 -0.01056915085089332 -0.034965992845994713 -0.023825985878228512 -0.01393729616704994 -0.014115094265971665 -0.013645954293401609 0.016162305708843729 -0.035107704425231305 0.0071753729367367951 -0.0059100998983049073 0.031004370560585706 -0.0096376988944056226
leaf_weight=4389.157389305532 2579.1866357177496 4974.332897387445 1255.3278371356428 2298.8038687184453 7675.9848062545061 7774.434455472976 488.63431673869491 11853.801928635687 17430.538539282978 2369.3505130000412 659.65432086214423 2054.113577015698 6391.9901107922196 1636.8615373447537 4592.1616052612662 2460.0132032930851 3518.0671853609383 5304.5545717701316 7392.6129897870123 864.17756287753582 8714.7636763341725 8273.9082457870245 390.24797085672617 4542.7218562290072 939.31745456159115 1783.8810020014644 11171.266381457448 7025.6642386727035 2355.9106259010732 2086.5181462429464
leaf_count=18681 26221 84777 13666 10714 38532 38643 2237 68351 90708 12705 5077 9362 31369 8447 20404 11433 27351 23500 32452 3631 37864 35261 1967 19761 4029 7596 51959 30437 26987 8990
internal_value=0.000168366 0.024663 -0.00414879 -0.00814518 0.00487271 -0.0041179 -0.016057 0.0144304 0.0116089 -0.00138497 -0.00353938 -0.0182533 -0.00465124 0.00177084 -0.0164887 -0.032302 0.009826 -0.0173717 -0.014325 -0.00423439 -0.0177427 -0.00501696 0.0202534 -0.00575812 -0.00330125 -0.0140487 -0.00102752 0.00212315 0.044806 -0.021383
internal_weight=145248 21763.2 123485 85576 37908.8 56710.7 28865.3 14433 22203.9 47017 39242.5 26566.5 15704.8 9312.85 24512.4 2948.65 20948.6 9693.71 21563.7 5456.34 16107.4 36873.2 1049.9 35823.3 27549.4 4809.72 22739.7 18196.9 7330.24 3870.4
internal_count=803112 206336 596776 386703 210073 258606 128097 94572 131725 216425 177782 117383 78348 46979 108021 13670 118059 42181 94351 24035 70316 165077 7044 158033 122772 20615 102157 82396 111764 16586
is_linear=0
shrinkage=0.05


Tree=37
num_leaves=31
num_cat=0
split_feature=1 5 7 21 22 11 14 25 18 14 5 22 22 25 18 11 0 21 14 11 14 11 22 14 14 14 0 16 22 14
split_gain=6660.39 1665.64 1391.45 1097.14 873.332 639.059 565.858 623.231 729.787 501.898 461.132 434.22 410.763 401.507 344.33 339.934 337.736 321.93 463.272 315.772 299.119 277.355 272.982 268.808 520.154 266.106 254.327 246.198 245.62 236.866
threshold=24.102101594209675 9.5000000000000018 1.0000000180025095e-35 0.27051234000000007 -0.0062803106849999993 14.008156353618409 252.50000000000003 26.583925327658658 172.2738952636719 233.50000000000003 2.5000000000000004 1.2711852500000003 -0.76988989499999982 23.92355791628361 178.30302429199222 49.851090743157435 0.49938528239727026 0.51909596000000013 259.50000000000006 12.778281696572909 179.50000000000003 20.03343528257712 -1.0697576499999999 215.50000000000003 226.50000000000003 253.50000000000003 1.0000000180025095e-35 0.69117647409439098 -1.7667101999999997 216.50000000000003
decision_type=2 2 2 2 2 2 2 2 2 2 2 2 2 2 2 2 2 2 2 2 2 2 2 2 2 2 2 2 2 2
left_child=1 3 26 6 9 -5 7 10 -9 27 15 14 19 -8 29 -1 -4 18 21 -12 -16 23 -11 -6 -25 -24 -2 -3 -21 -7
right_child=2 4 16 5 17 11 13 8 -10 22 12 -13 -14 -15 20 -17 -18 -19 -20 28 -22 -23 25 24 -26 -27 -28 -29 -30 -31
leaf_value=-0.010596956562101641 -0.0028202074015466535 0.030553943552297388 0.013426570159706056 0.010067078475580542 0.013741909548385004 -0.0043165430582373506 0.020467549855112264 0.026550489573822361 -0.0029203315578021373 0.024765810859082169 -0.043629827941553477 -0.036943594880395315 -0.0071584003858629341 -0.0039256752272699737 -0.034881030237609405 -0.029752642505197865 0.047938385082685525 -0.011059522945894736 0.027011043662614261 -0.018064760268237345 -0.016487440185547569 0.0028551153409707582 -0.0082200239707990955 -0.090886932399447312 -0.01290692283782994 0.011639835011600617 0.019890018455438085 0.013260623531167734 0.0099672803911748341 -0.017143297970175258
leaf_weight=11478.37322653085 1650.253391712904 4647.6572761274874 780.90597080439329 2499.7263264581561 405.40384943038225 9164.001143489033 4101.6548393703997 3187.800053909421 6155.3272896185517 1504.5208161063492 316.15562842786312 2334.8841967023909 23893.598274454474 2864.4374703317881 2812.6302294284105 2901.2629990428686 7788.4942767694592 6173.5803934819996 1726.6970276720822 867.33465087786317 10333.552207477391 6720.8446333520114 3546.3444850817323 291.92594186589122 793.75365487113595 3214.7954041287303 4869.6799022778869 3697.8506043478847 7814.092617072165 5927.1978488229215
leaf_count=49602 7864 34661 7793 11783 2372 41383 20587 19600 27137 9879 1477 10692 105583 14515 13209 12565 132622 30548 9091 4089 44430 34897 20200 1420 4095 18309 29920 18846 37398 26060
internal_value=0.000117284 -0.00354927 0.0315523 -0.00685035 0.00620075 -0.0142365 -0.00300819 -0.00466284 0.00713664 0.0142451 -0.00699512 -0.0162239 -0.00372963 0.010438 -0.0145094 -0.0144636 0.0447954 -0.00209304 0.00347723 0.00537546 -0.0204251 -0.00147384 0.00551099 -0.0209748 -0.0339391 0.00122329 0.0141423 0.0228939 0.00716493 -0.00935516
internal_weight=144465 129375 15089.3 96652 32723.4 33072 63580 56613.9 9343.13 16611.2 47270.8 30572.3 32891.2 6966.09 28237.4 14379.6 8569.4 16112.2 9938.63 8997.58 13146.2 8211.93 8265.66 1491.08 1085.68 6761.14 6519.93 8345.51 8681.43 15091.2
internal_count=802627 624428 178199 440110 184318 147557 292553 257451 46737 101895 210714 135774 148547 35102 125082 62167 140415 82423 51875 42964 57639 42784 48388 7887 5515 38509 37784 53507 41487 67443
is_linear=0
shrinkage=0.05


Tree=38
num_leaves=31
num_cat=0
split_feature=1 20 22 9 15 21 21 9 11 11 1 20 20 11 6 11 22 21 22 22 0 22 6 1 11 20 21 15 11 21
split_gain=6152.71 1498.28 1483.85 1388.99 862.906 727.841 704.301 545.499 434.421 391.619 376.465 376.276 349.37 556.91 344.029 341.092 383.986 309.606 310.377 259.345 249.612 242.02 219.064 218.872 204.25 200.324 200.126 194.349 191.54 194.003
threshold=24.102101594209675 -5.5233306884765616 0.14726732500000003 1.0000000180025095e-35 6.291325807571412 0.50852495500000006 -0.44844999999999996 36.500000000000007 45.808174089295072 20.03343528257712 9.2377621904015559 45.671569824218757 11.059715270996096 20.325362273898474 1.5000000000000002 9.5080668581966847 1.5679100000000001 -0.15315947999999999 0.62641051500000011 -1.1087322999999998 0.21618565171957019 -0.33686999999999995 1.5000000000000002 8.7907625436782855 96.005895777764081 57.22401428222657 0.60944152000000018 18.030252456665043 96.005895777764081 0.35373817500000004
decision_type=2 2 2 2 2 2 2 2 2 2 2 2 2 2 2 2 2 2 2 2 2 2 2 2 2 2 2 2 2 2
left_child=1 8 4 14 6 15 12 9 20 -8 -11 -6 13 -3 -2 -4 28 19 -19 -10 -1 -15 -5 25 -20 -7 -27 -13 -17 -30
right_child=3 2 5 22 11 23 7 -9 17 10 -12 27 -14 21 -16 16 -18 18 24 -21 -22 -23 -24 -25 -26 26 -28 -29 29 -31
leaf_value=-0.015662545312279338 0.046253122432888427 -0.041555416776515405 0.018755023435153541 0.017321718841663069 0.033257937992903407 -0.026393323942683223 0.021496202325757014 -0.013861755461562202 0.019046446513254989 -0.0044172940829005176 0.010388838815509147 0.0079804644528155503 0.012492126408898503 0.0098614009381082883 -0.011527236832264027 -0.0019789873338846038 -0.024300614125141323 -0.048245601941943016 -0.026021542943722872 -0.022485753464600924 -0.0020356741171406473 -0.014541380876834559 -0.0084184044583852334 -0.0050051897794508859 0.036137486517386339 -0.054883237044514949 -0.011291369292261084 0.041768775835308469 -0.031247188300079515 0.042181627118322129
leaf_weight=10438.518321737647 7995.9990830980241 757.84919074177742 1631.780015334487 5494.4209326282144 2939.2987534552813 6177.7201244011521 2086.8661987930536 8468.6912719979882 454.66315601021051 18945.772560037673 5550.041253503412 4838.3903855383396 15984.592684891075 4286.7075730599463 265.82264222204685 22929.311821326613 2301.5511940158904 2177.871605835855 490.78090408816934 2150.1073983348906 4956.4190405830741 1330.6338340975344 972.30788040161133 2984.7396500557661 179.76701001822948 275.77527253329754 5442.6913171708584 465.74917669221759 921.89939302206039 98.799386214464903
leaf_count=45620 139111 3371 8661 33108 24101 27250 10446 36003 1907 84131 32892 29765 84611 19160 1628 105067 10526 10184 2376 9683 22019 5797 4668 16537 851 1180 23485 4998 4238 491
internal_value=0.000191317 -0.00329747 -0.000936922 0.0308093 0.00378391 -0.00818458 0.00161169 -0.00281146 -0.0155727 0.00070933 -0.00106237 0.0189103 0.00854526 -0.00135117 0.0443929 -0.00341904 -0.00479803 -0.0276991 -0.0390906 -0.0152318 -0.0112758 0.00407932 0.0134508 -0.0171133 -0.00932835 -0.0201505 -0.0134028 0.0109547 -0.00292293 -0.0241053
internal_weight=143996 129267 108419 14728.6 65654.6 42764.3 57411.2 35051.4 20848.1 26582.7 24495.8 8243.44 22359.8 6375.19 8261.82 27883.3 26251.6 5453.19 2848.42 2604.77 15394.9 5617.34 6466.73 14880.9 670.548 11896.2 5718.47 5304.14 23950 1020.7
internal_count=803865 625350 532710 178515 335275 197435 276411 163472 92640 127469 117023 58864 112939 28328 140739 128983 120322 25001 13411 11590 67639 24957 37776 68452 3227 51915 24665 34763 109796 4729
is_linear=0
shrinkage=0.05


Tree=39
num_leaves=31
num_cat=0
split_feature=1 19 9 20 1 20 22 24 18 11 4 12 24 22 19 20 22 11 20 23 11 18 9 3 23 20 20 13 9 19
split_gain=5684.28 1545.39 1404.22 895.312 735.85 500.008 636.429 407.745 396.539 329.67 286.685 414.62 258.63 281.557 255.051 236.129 234.632 231.354 265.936 276.913 221.12 200.016 268.547 190.392 178.261 248.549 317.213 308.834 202.393 194.49
threshold=24.102101594209675 0.51470589637756359 1.0000000180025095e-35 71.476669311523452 9.5519820898771304 0.50757598876953136 1.0095930500000001 2.5000000000000004 180.2159118652344 49.851090743157435 28.382455227896575 10.439628482972138 2.5000000000000004 0.04601305725000001 0.39705882966518408 -3.9687194824218746 -0.17849789999999996 31.623580255721567 19.151657104492191 1.57960955 15.017229010400021 157.70588684082034 22.500000000000004 29.16982509940863 1.6502280500000002 49.516838073730476 -6.5469207763671866 -77.496403778957955 34.500000000000007 0.22058823704719546
decision_type=2 2 2 2 2 2 2 8 2 2 2 2 10 2 2 2 2 2 2 2 2 2 2 2 2 2 2 2 2 2
left_child=1 4 14 5 7 8 10 23 9 -3 11 -7 13 17 -2 -4 -6 18 -12 -20 -5 22 -9 -1 25 26 -23 -28 -27 -29
right_child=2 3 15 20 16 6 -8 21 -10 -11 12 -13 -14 -15 -16 -17 -18 -19 19 -21 -22 24 -24 -25 -26 28 27 29 -30 -31
leaf_value=0.0039699908719367854 0.050277811247660842 -0.0031971703654857068 -0.0038756864442289333 0.018023283048911137 0.022443465464513018 -0.015703284081942992 -0.02384839730839268 0.021798787695915398 -0.022877884914026883 -0.025989871886845178 -0.029923370318670518 0.023048270372939585 -0.010264951234715443 -0.0085067176105580473 0.030995685192151786 0.01823866667907446 0.0078773346303099064 0.0064019220396997244 -0.007565939365725298 0.031215700907947164 0.0014690199733465312 -0.01240330447413864 -0.088222095336915912 0.020033840148079435 -0.011895504837757602 -0.0037181497613553607 -0.024281872434917966 0.03047509037614804 -0.022477533419700987 0.0074140919978496009
leaf_weight=4196.6790771558881 5406.8808353692293 6727.7054267376661 1613.713454015553 2511.5349598675966 5559.7128390930593 8707.7877455279231 4983.2019829377532 1270.2628611773252 10776.514967650175 2075.1395145989954 983.0058883652091 748.80363507568836 8503.8332833759487 7122.5884632766247 2521.6587316319346 4785.8352678567171 5501.5161561965942 13440.993537224829 2299.9381323046982 574.39405611157417 10233.108973033726 2474.4113696739078 57.020287871360779 3290.9317834489048 4576.4840355440974 10481.447678588331 710.44412858039141 1021.5178887173533 1665.5167985111475 8652.9116622284055
leaf_count=22824 102441 28353 7641 13172 41251 36978 22399 9338 48830 9238 4152 3378 36831 30465 38077 29986 36140 62921 10900 3080 48088 10585 300 22009 20368 49583 2991 7011 7207 37826
internal_value=0.000210141 -0.00310484 0.0300881 -0.00741374 0.00383771 -0.00972615 -0.00694762 0.000564235 -0.016447 -0.00857255 -0.00495991 -0.0126327 -0.00275583 -0.000140692 0.0441498 0.0126626 0.0152001 0.00330431 -0.00748825 0.000192176 0.00473246 -0.00197175 0.0170094 0.0110321 -0.00282392 -0.00116329 0.00368139 0.00751473 -0.00629196 0.00985199
internal_weight=143475 129147 14328.1 79688.6 49458.9 66943.9 47364.5 38397.6 19579.4 8802.84 42381.3 9456.59 32924.8 24420.9 7928.54 6399.55 11061.2 17298.3 3857.34 2874.33 12744.6 30910 1327.28 7487.61 29582.7 25006.2 12859.3 10384.9 12147 9674.43
internal_count=804363 626218 178145 358785 267433 297525 211104 190042 86421 37591 188705 40356 148349 111518 140518 37627 77391 81053 18132 13980 61260 145209 9638 44833 135571 115203 58413 47828 56790 44837
is_linear=0
shrinkage=0.05


Tree=40
num_leaves=31
num_cat=0
split_feature=0 9 18 13 21 18 20 4 4 22 20 18 18 20 21 20 24 22 20 21 23 25 4 20 20 20 13 22 20 20
split_gain=4846.48 2083.61 1053.69 847.723 619.729 478.678 454.267 399.293 397.783 392.37 407.265 337.231 304.449 252.603 241.725 223.862 239.716 217.919 233.935 240.156 217.839 217.391 209.125 197.088 192.825 189.377 179.038 174.797 161.661 171.183
threshold=4.0308763980865487 1.0000000180025095e-35 185.39170837402347 -15.66016576073533 -0.19011549499999997 157.70588684082034 -9.5233306884765607 27.168170973658565 57.550731446594007 0.77527007500000011 5.3230590820312509 169.52228546142581 161.1470642089844 85.693748474121108 0.18159368500000003 7.2383346557617196 3.5000000000000004 2.7106600000000003 -16.078605651855465 1.1150733500000001 0.47509000000000007 23.499214434623724 179.52879112586382 76.857505798339858 6.2876815795898446 89.952728271484389 -43.535206903971655 -0.40248454999999994 45.151657104492195 1.0000000180025095e-35
decision_type=2 2 2 2 2 2 2 2 2 2 2 2 2 2 2 2 8 2 2 2 2 2 2 2 2 2 2 2 2 2
left_child=2 11 3 4 7 13 -4 -1 26 10 27 -2 23 -5 -8 -14 -17 18 -7 -20 -10 -12 -22 -3 -11 -23 28 -9 29 -6
right_child=1 12 6 5 8 17 14 9 20 24 21 -13 15 -15 -16 16 -18 -19 19 -21 22 25 -24 -25 -26 -27 -28 -29 -30 -31
leaf_value=-0.010298218816307601 0.047928500961130285 0.045248579367891083 -0.029596583178550424 0.047811387880621781 -0.033827874150811101 -0.0083378116896663437 -0.0052434189158057911 0.00072859427565073601 0.0071241862708672447 0.013141040904665236 0.0047358514018918585 0.026283573310985409 -0.0015417627303310161 0.011791150292466933 -0.018643651605947512 0.024361001702078715 0.0073409527778033404 -0.037301434223248608 0.0061105049408316662 -0.010173473461768867 -0.0096143780112478271 0.019943298226196924 0.0059042288828121021 0.011463553576625148 -0.019606231462885759 -0.010231643336620215 -0.011100548075051626 -0.021169434542587299 -0.035872046736272679 -0.012673579144844838
leaf_weight=6955.5393866300583 5472.6439388766885 948.97602827847004 4223.3096667341888 890.31364058330655 1246.3455566763878 3904.2176726721227 8030.8800825662911 2183.6433746777475 3068.770069912076 553.25668423622847 8158.7463677190244 2687.7779622748494 4499.9589903652668 1074.235751952976 5793.4200810082257 2786.7871762439609 8027.4695826619864 335.47874994948506 26237.953736659139 2477.1171248815954 14743.645942706615 5627.5545429997146 2545.0271986760199 792.81284646689892 2382.681098792702 572.28124072775245 9242.363394331187 1562.9401384070516 1565.3600228764117 4110.569778483361
leaf_count=30144 104927 10175 19939 10056 5818 16531 36471 9303 14215 2389 40437 38053 20741 7855 25789 16846 40836 1484 141322 12790 65913 28739 12493 6135 10243 3330 39700 6768 6585 17820
internal_value=0.000137415 0.0200262 -0.00413154 -0.00211417 -0.00551048 0.004161 -0.015246 8.65148e-05 -0.00980084 0.00351971 0.00626934 0.0408035 0.0100836 0.0281312 -0.0108601 0.0078295 0.0117288 0.00273124 0.00314409 0.00470546 -0.00515062 0.0100999 -0.00732971 0.029886 -0.0134329 0.0171568 -0.0156566 -0.00840969 -0.0217371 -0.0176008
internal_weight=142702 25216.4 117486 99438 64518.7 34919.3 18047.6 27996.6 36522.1 21041.1 18105.2 8160.42 17056 1964.55 13824.3 15314.2 10814.3 32954.8 32619.3 28715.1 20357.4 14358.6 17288.7 1741.79 2935.94 6199.84 16164.6 3746.58 6922.28 5356.92
internal_count=803847 237713 566134 483935 293897 190038 82199 131353 162544 101209 88577 142980 94733 17911 62260 78423 57682 172127 170643 154112 92621 72506 78406 16310 12632 32069 69923 16071 30223 23638
is_linear=0
shrinkage=0.05


Tree=41
num_leaves=31
num_cat=0
split_feature=1 5 16 1 22 4 16 0 11 0 12 16 16 4 11 4 9 11 22 23 11 0 12 11 12 24 12 22 9 23
split_gain=5036.51 1365.59 1296.4 752.943 431.886 463.457 376.36 358.693 314.441 240.608 214.185 213.933 202.729 202.086 200.149 293.742 188.805 177.491 175.428 175.254 172.185 166.933 166.581 165.848 161.454 150.903 189.624 149.411 137.673 137.321
threshold=23.269164085388187 9.5000000000000018 0.75000000000000011 9.8725229203701037 0.36488128000000003 150.94562266767028 0.83823528885841381 1.4103196859359743 51.624088383588266 2.439024925231934 10.439628482972138 0.1911764740943909 0.60294118523597728 52.151261270046241 14.008156353618409 37.044651158154018 1.0000000180025095e-35 8.531781322423706 0.3967179950000001 1.6502280500000002 97.424542144990468 0.21618565171957019 2.7198142414860684 50.50536256878646 10.65015479876161 2.5000000000000004 4.5681114551083608 -0.17849789999999996 25.500000000000004 1.1008879500000004
decision_type=2 2 2 2 2 2 2 2 2 2 2 2 2 2 2 2 2 2 2 2 2 2 2 2 2 8 2 2 2 2
left_child=2 7 3 4 5 8 14 -2 10 -3 12 -5 -1 -10 -4 23 -9 24 -17 20 22 -13 -19 -16 -6 26 -8 -23 -28 -7
right_child=1 9 6 11 17 29 25 16 13 -11 -12 21 -14 -15 15 18 -18 19 -20 -21 -22 27 -24 -25 -26 -27 28 -29 -30 -31
leaf_value=0.011658149907503221 -0.0028245950280084116 0.024863721716147657 0.0054168564961000537 0.045291566741328088 -0.0016771298497856595 0.0079894318717559972 0.0023357743290545784 0.036567105246451251 -0.018851697017785805 0.047247764038454543 0.026887427102435559 0.00013072506400926088 -0.00080340859956569812 -0.0028369541831050021 -0.0088948195051168511 -0.00071376986177620211 0.013765391851303413 0.0093795719362163577 -0.010375637519842093 -0.018332744585208501 -0.033575409363764692 0.020042777553118313 -0.007300964828942132 -0.021641060757439368 0.036800797561521013 -0.016083710478565848 -0.027964519358214097 0.0080482030509345156 -0.0047023350027448462 0.022372107796390667
leaf_weight=4054.3420038037002 2561.4095013812184 1500.8231353312731 3858.6496098265052 472.54761140048504 860.22931645810604 4088.7666581757367 2886.2298585474491 1319.2581996358931 3108.5463037639856 6075.1211461387575 873.65999162197113 2752.1831485927105 16718.765188291669 5375.8354995585978 7698.3979004248977 17043.143012143672 2914.0307893753052 1778.6089276224375 6485.0173103883862 3801.5105879157782 538.34054408222437 5137.0047050081193 9418.4975551739335 3818.6959918960929 398.05534003674984 16009.913754608482 1277.0752591192722 5252.9004921726882 1267.1193021684885 2794.5271628163755
leaf_count=23529 14713 13396 17925 6035 4185 22460 13038 23980 13399 113871 4660 14794 76898 25329 33128 78533 17838 8000 28397 16774 2319 36325 41277 16935 2177 71456 5629 33083 5493 18513
internal_value=0.000158531 0.0282216 -0.00299803 0.00176669 -0.00089113 0.00212628 -0.00832173 0.0119438 -0.000547977 0.0428173 0.0026498 0.0122706 0.00162919 -0.00870604 -0.00539012 -0.00658014 0.0208783 -0.00754081 -0.00337718 -0.00900366 -0.00598035 0.0110799 -0.00465074 -0.0131226 0.0105148 -0.0136407 -0.00643661 0.01398 -0.0163853 0.013831
internal_weight=142139 14370.6 127769 67424.3 53809.7 37014.4 60344.2 6794.7 30131.1 7575.94 21646.8 13614.6 20773.1 8484.38 38903.9 35045.3 4233.29 16795.2 23528.2 15537 11735.4 13142.1 11197.1 11517.1 1258.28 21440.3 5430.42 10389.9 2544.19 6883.29
internal_count=804089 183798 620291 349757 259520 184788 270534 56531 143815 127267 105087 90237 100427 38728 174918 156993 41818 74732 106930 68370 51596 84202 49277 50063 6362 95616 24160 69408 11122 40973
is_linear=0
shrinkage=0.05


Tree=42
num_leaves=31
num_cat=0
split_feature=7 16 15 17 20 22 14 18 12 14 22 12 13 22 12 13 14 14 11 20 12 14 11 20 22 14 11 11 13 22
split_gain=4259.28 1175.02 1129.67 545.224 539.657 676.142 511.414 423.774 355.354 405.01 350.775 316.047 314.55 312.379 303.585 298.092 293.088 373.434 355.862 283.909 269.247 264.074 263.385 251.738 257.959 315.425 446.275 306.876 268.55 243.714
threshold=1.0000000180025095e-35 0.48529411852359777 4.115276813507081 157.66176605224612 -9.5233306884765607 0.16082139000000004 249.50000000000003 184.5334396362305 3.0510835913312699 257.50000000000006 -1.0697576499999999 1.8374613003095976 -88.962283738061259 -1.1087322999999998 10.439628482972138 -13.666838580909708 200.50000000000003 177.50000000000003 67.867619931397982 -4.4447250366210929 1.3421052631578949 242.50000000000003 9.9283420878805639 -3.9687194824218746 0.14726732500000003 236.50000000000003 20.631915132800589 59.618031340925135 -77.496403778957955 1.2243577000000003
decision_type=2 2 2 2 2 2 2 2 2 2 2 2 2 2 2 2 2 2 2 2 2 2 2 2 2 2 2 2 2 2
left_child=2 -2 4 21 7 8 -7 15 16 12 -5 -12 -10 22 -15 -1 17 -6 20 -3 -18 -4 -14 -13 25 28 -27 -28 -25 -8
right_child=1 19 3 10 5 6 29 -9 9 -11 11 23 13 14 -16 -17 18 -19 -20 -21 -22 -23 -24 24 -26 26 27 -29 -30 -31
leaf_value=-0.018624063674222615 0.047020790303274128 -0.011157070861947361 0.051021190663942985 0.016111348727867986 -0.0017546604801939446 -0.01383319386307057 -0.00099280768573153 -0.027920353123348632 -0.036808996678754403 0.013981584825502902 0.012072784283787306 -0.016776966336190146 -0.049337285766414773 -0.0081519082721562674 0.02211975556144196 -6.3242967983579241e-06 0.024530034089243542 0.026367623057865205 -0.013831527279101889 0.01896837632815615 0.0016735242099070978 0.014183387908594311 0.011214288494839178 -0.028674797744326377 -0.0047501381593543432 0.016740344897333739 -0.0067192934653305296 -0.04952636051016468 0.0145755309167531 0.029413859467778053
leaf_weight=4107.0020387917757 4628.4484792426229 861.87639647722244 832.99829473719001 4387.1331124939024 1918.5443588122725 22198.839696660638 4603.1308734565973 4422.0378078371286 785.41465313732624 2908.3044562265277 5537.8892572745681 2312.697956122458 187.6849938929081 21600.796043843031 860.30104563385248 4510.7839897200465 1636.1345728337765 3066.9595026522875 2971.2412274107337 8384.4313993677497 6050.5638181790709 1170.2773552834988 3732.4940221831203 377.71888029575348 12816.601692505181 2110.7229545041919 4496.6338720023632 460.71912438422441 6890.8564149439335 768.09119430929422
leaf_count=18257 93078 7983 9931 26252 8753 95644 20715 20933 3426 14284 29579 10313 829 95725 4070 19178 8343 13737 13652 94645 28913 8460 17557 1703 59439 11402 21769 2021 39563 3862
internal_value=0.000147401 0.026457 -0.00271085 0.00407984 -0.00596698 -0.00429934 -0.0104836 -0.0153387 -0.000569842 -0.00374901 0.00278539 0.00111479 -0.00564759 -0.0047185 -0.00699152 -0.00888016 0.00554206 0.0155473 0.000860852 0.0161594 0.00654115 0.029519 0.00830344 -0.000945013 0.000403995 0.00501167 -0.00250913 -0.0107068 0.0123243 0.00336005
internal_weight=141597 13874.8 127723 41394.2 86328.3 73288.5 27570.1 13039.8 45718.4 30075 39391 35003.8 27166.7 26381.3 22461.1 8617.79 15643.4 4985.5 10657.9 9246.31 7686.7 2003.28 3920.18 29466 27153.3 14336.7 7068.08 4957.35 7268.58 5371.22
internal_count=804016 195706 608310 220432 387878 329510 120221 58368 209289 135891 202041 175789 121607 118181 99795 37435 73398 22490 50908 102628 37256 18391 18386 146210 135897 76458 35192 23790 41266 24577
is_linear=0
shrinkage=0.05


Tree=43
num_leaves=31
num_cat=0
split_feature=1 5 16 1 25 5 11 6 24 11 22 4 16 6 24 9 5 19 6 9 5 11 13 22 22 11 9 22 11 22
split_gain=4383.38 1219.15 1154.65 743.892 408.391 345.574 326.526 322.451 313.016 337.582 237.264 225.032 220.762 218.58 218.306 190.592 309.681 166.381 162.66 157.308 148.512 192.372 138.307 137.469 157.934 145.306 144.971 216.723 129.014 173.028
threshold=24.532674551010135 9.5000000000000018 0.75000000000000011 10.210135102272035 26.426528140902523 3.5000000000000004 21.205184842975978 1.0000000180025095e-35 2.5000000000000004 33.014739663412236 0.36488128000000003 149.17377249151471 0.48529411852359777 1.0000000180025095e-35 3.5000000000000004 17.500000000000004 7.5000000000000009 0.39705882966518408 1.5000000000000002 1.0000000180025095e-35 2.5000000000000004 15.017229010400021 -71.248739037547395 -0.96998232499999992 -1.7176085499999998 45.808174089295072 24.500000000000004 0.67365861000000005 9.5080668581966847 1.6035561000000003
decision_type=2 2 2 2 2 2 2 2 10 2 2 2 2 2 8 2 2 2 2 2 2 2 2 2 2 2 2 2 2 2
left_child=2 7 3 4 10 6 -4 19 15 -10 11 20 -5 -3 17 16 -7 -6 -14 -2 -1 -22 -16 24 -8 -25 27 -27 -12 -30
right_child=1 13 5 12 14 8 23 -9 9 -11 28 -13 18 -15 22 -17 -18 -19 -20 -21 21 -23 -24 25 -26 26 -28 -29 29 -31
leaf_value=-0.0095488978666439933 0.037311363084903085 0.047106355426324437 -0.0019872878595738495 0.026610640136105208 0.027417316258307445 -0.014037217997646982 -0.036126201896043063 -0.0012087482368046286 0.001140301411848569 -0.015917881910325598 0.00765756876884494 0.010631925825476913 0.012091482946227748 0.02462164485990111 -0.019160260331026076 0.003126445500121566 0.0012468711902640364 0.0033411901852543413 -0.0045585026223273631 0.014559577806802252 0.017078820583121719 -0.0018416197652671247 0.0047205663947663748 -0.0135473472530716 -0.00087078531859441366 -0.043253482080037466 -0.018772023388280323 -0.0013655153567883106 -0.0087501559742655822 -0.030914051431563335
leaf_weight=5752.6987086832523 1116.968844152987 5384.8195780478418 5255.5591811053455 2264.4066566452384 1918.4062172584236 6017.1994108743966 368.92118692398071 2681.5061837770045 4109.9598962888122 9852.9154456369579 1053.3142141699791 3746.6205196380615 9348.537080347538 1356.8750453516841 644.25733703374863 11639.136587671936 7375.8402650542557 1146.5237475931644 1739.2984007894993 2378.9247483834624 1457.1692497432232 17073.881731256843 10045.137479752302 7240.3176840990782 2248.9755684398115 1595.2616920694709 4278.7123374938965 382.93779015168548 10393.053830683231 961.35014286637306
leaf_count=25096 22059 109626 23508 24094 15535 27117 1624 15838 18263 44165 4997 20219 59551 12691 2784 51260 36057 5745 8741 15121 7654 79966 51935 31775 9636 7775 19052 1893 44523 4170
internal_value=0.00012841 0.0278837 -0.00267511 0.00181588 -0.000788762 -0.00770012 -0.0128103 0.011835 -0.00489932 -0.0108971 -0.00332018 -0.000771945 0.0123865 0.0425853 0.00665337 -0.00155348 -0.00562047 0.018415 0.0094795 0.0218376 -0.00253176 -0.00035299 0.00327959 -0.0163396 -0.00585097 -0.0183733 -0.0239548 -0.0351496 -0.00907638 -0.0106293
internal_weight=140829 12919.1 127910 67544.7 54192.4 60365.7 21370.7 6177.4 38995.1 13962.9 40438.1 28030.4 13352.2 6741.69 13754.3 25032.2 13393 3064.93 11087.8 3495.89 24283.7 18531.1 10689.4 16115.1 2617.9 13497.2 6256.91 1978.2 12407.7 11354.4
internal_count=802470 175335 627135 355010 262624 272125 95263 53018 176862 62428 186625 132935 92386 122317 75999 114434 63174 21280 68292 37180 112716 87620 54719 71755 11260 60495 28720 9668 53690 48693
is_linear=0
shrinkage=0.05


Tree=44
num_leaves=31
num_cat=0
split_feature=1 19 17 20 1 21 21 20 22 22 6 4 7 15 15 14 13 20 22 14 22 14 22 14 22 22 22 22 4 9
split_gain=4079.79 1230.23 903.49 768.995 733.057 650.961 424.039 397.627 426.671 352.851 273.161 261.83 236.539 233.814 223.473 218.784 223.009 218.257 207.826 319.335 203.921 186.492 198.41 239.508 188.277 186.24 184.015 206.749 177.382 173.7
threshold=30.015349507331852 0.51470589637756359 175.45454406738284 66.725708007812514 9.8725229203701037 0.70677247500000007 -0.56987914499999992 6.7537841796875009 1.3878511000000002 -1.0697576499999999 1.5000000000000002 34.580821022391326 1.0000000180025095e-35 19.744426727294925 18.030252456665043 235.50000000000003 -58.495258846369218 -11.365150451660154 0.9894630900000001 179.50000000000003 -0.90654119999999994 239.50000000000003 0.7935755550000001 168.50000000000003 -0.33686999999999995 -0.37704915999999994 0.13537843500000005 -1.7667101999999997 35.810577183961875 25.500000000000004
decision_type=2 2 2 2 2 2 2 2 2 2 2 2 2 2 2 2 2 2 2 2 2 2 2 2 2 2 2 2 2 2
left_child=1 4 -2 5 9 7 28 18 11 17 12 -9 -4 -11 25 26 -17 -1 20 -20 -3 22 -7 -24 -23 -6 27 -13 -5 -22
right_child=2 3 10 6 14 21 -8 8 -10 13 -12 15 -14 -15 -16 16 -18 -19 19 -21 29 24 23 -25 -26 -27 -28 -29 -30 -31
leaf_value=-0.015134963551999026 0.04899455066702102 -0.0050692074109248836 0.013442908275875376 0.038032352293397541 0.020891245529634919 -0.01769190609066822 -0.0002739589214441704 -0.0085368043326366078 -0.03026845839769067 -0.0014924764678601805 -0.011718707279562127 -0.02868367453833158 0.035544198829184873 0.039472087188136405 0.041206175560730918 -0.053617244265944011 -0.0060256580718912947 0.01874856490564614 0.015593841467176142 -0.027886220434620204 -0.019565203104506403 -0.02734913434931488 0.034344553712355542 -0.038388614613416146 0.012849222242815695 0.0076375542991337191 -0.0030916382428908384 0.0087618306149110353 0.012334734047500278 -0.0052917006947965075
leaf_weight=546.08834260702133 4124.7189901918173 5413.4380579479039 3035.1788943633437 965.39996356517076 4480.8124380931258 8378.3058578036726 12670.600915681571 9122.364219609648 1336.8875582739711 34117.580446943641 668.98143168538809 380.03466659411788 2015.247872069478 350.92555354163051 752.47414228320122 263.58253458142281 3540.4800877645612 3629.2530242055655 1505.3377549722791 585.79692447558045 10324.619404125959 444.29783321917057 118.86007377505302 2106.9303032159805 841.20753793418407 6491.8403825126588 6217.7479896061122 11355.225878641009 2206.4539950750768 2687.0499862730503
leaf_count=2316 90628 23109 17447 5123 35601 38223 60045 39034 6048 164264 3335 1913 37088 4004 11077 1108 17273 22386 6839 2827 46442 1966 553 10287 3570 46633 26920 54719 12276 11738
internal_value=0.000119161 -0.00221657 0.0311593 -0.00605257 0.00391145 -0.00847274 0.00381933 -0.00608964 -0.00262469 0.000588744 0.0182906 -0.00142694 0.0222672 -0.00107428 0.0148615 0.00155436 -0.00933649 0.0143144 -0.0115302 0.00340611 -0.0132255 -0.0190408 -0.0212209 -0.0344909 -0.00105464 0.0130513 0.00386241 0.00754685 0.0201657 -0.0166182
internal_weight=140678 130834 9844.13 80464.6 50369 64622.2 15842.5 52732.6 32216.3 38643.8 5719.41 30879.4 5050.43 34468.5 11725.1 21757.1 3804.06 4175.34 20516.2 2091.13 18425.1 11889.6 10604.1 2225.79 1285.51 10972.7 17953 11735.3 3171.85 13011.7
internal_count=804792 656294 148498 370013 286281 292569 77444 237970 147015 192970 57870 140967 54535 168268 93311 101933 18381 24702 90955 9666 81289 54599 49063 10840 5536 82234 83552 56632 17399 58180
is_linear=0
shrinkage=0.05


Tree=45
num_leaves=31
num_cat=0
split_feature=1 18 6 20 5 25 16 20 1 18 12 4 20 6 12 6 15 18 12 3 20 25 4 12 20 20 20 12 18 20
split_gain=3762.15 1377.94 928.4 596.857 527.164 382.795 380.664 341.627 300.475 299.217 286.129 296.919 241.926 216.922 206.585 188.672 169.45 154.848 176.898 141.934 156.481 162.161 147.077 141.965 128.884 124.123 123.888 112.302 131.017 126.521
threshold=22.478994846343998 164.45683288574222 1.5000000000000002 -6.5469207763671866 8.5000000000000018 26.583925327658658 0.48529411852359777 76.348884582519545 9.3988972753286379 180.41287994384768 11.291021671826627 28.382455227896575 22.095260620117191 1.5000000000000002 3.6207430340557281 1.5000000000000002 19.744426727294925 178.55698394775393 1.8157894736842108 29.951151214540008 94.161460876464858 21.65932177305222 121.16777024045588 4.3544891640866874 75.866523742675795 -11.365150451660154 41.857505798339851 2.1687306501547994 176.00270843505862 -8.318016052246092
decision_type=2 2 2 2 2 2 2 2 2 2 2 2 2 2 2 2 2 2 2 2 2 2 2 2 2 2 2 2 2 2
left_child=2 -2 6 9 13 10 7 -1 27 -4 11 24 -12 26 -9 -6 -7 18 -10 20 21 23 -21 -13 -5 -19 -3 28 -8 -29
right_child=1 4 3 5 15 16 8 14 17 -11 12 19 -14 -15 -16 -17 -18 25 -20 22 -22 -23 -24 -25 -26 -27 -28 29 -30 -31
leaf_value=0.031401300687802051 0.048012022574982452 0.0023989182043255832 -0.0076654438044908672 -0.014992235921690692 0.032431763735645908 0.0027584288526574657 0.010840601265982484 0.01975700976176073 0.020681195553601896 -0.022939191421773874 -0.011284750235751883 -1.057448105567145e-05 0.027208122139148746 -0.018317832402736916 -0.027499940253436557 -0.0047820783496866238 0.039983671857105219 -0.014752296474315113 0.0066252674865829187 -0.010605892203433139 0.015967839186131996 0.00053613503083375729 -0.0022323522857734847 -0.013082318695221093 0.0016955614379408374 0.0042814497689135939 0.019025935182747061 -0.019403492762965307 -0.0034879702878357526 -0.0028493842143962403
leaf_weight=2175.3268433474004 4381.3252749964595 2983.0888024866581 6273.8566683828831 10644.539245121181 3349.1155029572546 13915.961818847805 3168.8283402919769 442.87222016975284 3243.5131954550743 6560.7656792253256 620.06824941933155 3382.0883635953069 1191.0105928629637 883.05357067286968 481.86327121034265 378.87544512748718 311.58401881530881 1057.8541562333703 7224.1049900576472 13194.784181460738 1184.9686327278614 14864.764204092324 8703.5265582129359 5382.0271925032139 1297.8934074044228 4481.7566893920302 1793.4361639656126 1276.1365926861763 3211.2144879028201 12000.178460516036
leaf_count=22384 97396 21800 26987 46513 46408 70012 15817 3972 20615 31426 2669 15056 6430 4105 3737 2166 3596 4662 42311 59089 5593 66014 40901 23844 5879 23326 16337 5563 14204 55443
internal_value=4.46422e-05 0.0248617 -0.00266121 -0.00551411 0.0140532 -0.00380247 0.00378059 0.0205834 0.00231946 -0.0154742 -0.00553875 -0.00614321 0.0140302 0.00443514 -0.00487085 0.0286495 0.00357642 0.00740499 0.0109822 -0.00434429 -0.00175503 -0.00264446 -0.00727807 -0.00803849 -0.0131786 0.000644724 0.00864452 -0.00182212 0.0036293 -0.00444193
internal_weight=140060 13768.9 126291 87527.8 9387.57 74693.2 38763.6 3100.06 35663.6 12834.6 60465.7 58654.6 1811.08 5659.58 924.735 3727.99 14227.5 16007.2 10467.6 46712.2 24813.8 23628.9 21898.3 8764.12 11942.4 5539.61 4776.52 19656.4 6380.04 13276.3
internal_count=804255 188212 616043 404009 90816 345596 212034 30093 181941 58413 271988 262889 9099 42242 7709 48574 73608 90914 62926 210497 110507 104914 99990 38900 52392 27988 38137 91027 30021 61006
is_linear=0
shrinkage=0.05


Tree=46
num_leaves=31
num_cat=0
split_feature=1 1 7 21 11 14 25 5 20 20 19 5 17 14 14 25 14 24 21 16 20 14 24 21 14 14 14 21 19 11
split_gain=3462.49 1046.85 887.058 690.896 535.122 484.503 507.394 479.05 464.83 376.918 563.337 349.958 291.149 287.53 286.912 278.187 265.221 242.591 237.386 219.052 204.644 207.958 290.911 281.53 312.427 260.017 456.431 224.699 207.465 206.631
threshold=30.015349507331852 8.2015538215637225 1.0000000180025095e-35 0.27051234000000007 28.886018813636749 255.50000000000003 21.65932177305222 9.5000000000000018 -9.5233306884765607 81.731285095214858 0.51470589637756359 14.500000000000002 166.70588684082034 258.50000000000006 235.50000000000003 22.642625969648364 213.50000000000003 4.5000000000000009 -0.55150461499999992 0.45588235557079321 -16.078605651855465 263.50000000000006 4.5000000000000009 1.1793401000000003 267.50000000000006 245.50000000000003 219.50000000000003 2.1251499500000004 0.60294118523597728 116.05492840440881
decision_type=2 2 2 2 2 2 2 2 2 2 2 2 2 2 2 2 2 10 2 2 2 2 8 2 2 2 2 2 2 2
left_child=1 3 -2 5 13 6 -1 12 -8 10 -10 20 -3 -5 19 -7 -12 -15 -14 -9 -6 25 -23 -24 -25 26 28 -27 -22 -28
right_child=2 7 -4 4 11 15 8 14 9 -11 16 -13 18 17 -16 -17 -18 -19 -20 -21 21 22 23 24 -26 27 29 -29 -30 -31
leaf_value=-0.010151358730686668 0.01202457515811107 0.034713802723209113 0.043120362189394412 -0.0060888910057711179 -0.038171123430452973 0.023676491880593547 -0.011859413286624428 0.038294696424509958 0.012932246228582606 -0.027875502084115791 -0.0060090667938265604 0.010416208706400035 0.0084302959075875806 0.023845947395448555 0.0053179742215070493 0.0033171819737442716 0.0049526435080758649 -0.0040274522356071266 -0.0039526736464758558 0.016231221623749948 -0.0058233798775857333 0.001447604823538241 -0.059698569369496905 -0.063012119217229795 0.026845342862967442 -0.0002368071994156906 -0.032127118813994354 -0.069875142683588354 -0.01882035717844717 0.017377526723898046
leaf_weight=16955.716137945652 4069.0116032101214 625.17467892542481 5257.9081740751863 6470.4149333573878 932.71440134942532 2669.0891914442182 6725.3580192029476 1450.0580908022821 10601.812150321901 988.47267566621304 12241.709195278585 1408.4818684272468 5699.8628979623318 1869.5349280387163 5096.7740741446614 4516.0577839165926 10045.236164294183 1339.2552806437016 12052.18726381287 5023.1684159003198 7768.8934142999351 500.62426064163446 860.88760475814342 159.84233868122101 241.76103007793427 4292.5678446441889 4172.99729924649 118.04888842254877 5077.4808396324515 221.39478968083858
leaf_count=76542 25229 6852 122600 29424 4896 13294 30163 19428 58265 5692 52281 7079 30856 9013 38037 23600 45486 6103 61606 34674 34203 2227 3661 657 1025 18257 18051 489 22931 944
internal_value=0.000130598 -0.0019788 0.0295571 -0.0044308 -0.0100434 -0.00135885 -0.00288711 0.00622343 0.000146628 0.00253037 0.00344503 -0.01381 0.00120548 -2.03381e-05 0.0141929 0.0108824 -0.00106837 0.0122148 2.35253e-05 0.0211788 -0.0152118 -0.0142957 -0.030806 -0.0435868 -0.00898655 -0.0129498 -0.0157211 -0.00211607 -0.0109615 -0.0296296
internal_weight=139452 130126 9326.92 100178 35434.9 64743.5 57558.3 29947.2 40602.6 33877.2 32888.8 25755.7 18377.2 9679.21 11570 7185.15 22286.9 3208.79 17752.1 6473.23 24347.2 23414.5 1763.12 1262.49 401.603 21651.4 17240.8 4410.62 12846.4 4394.39
internal_count=803565 655736 147829 464283 158960 305323 268429 191453 191887 161724 156032 114420 99314 44540 92139 36894 97767 15116 92462 54102 107341 102445 7570 5343 1682 94875 76129 18746 57134 18995
is_linear=0
shrinkage=0.05


Tree=47
num_leaves=31
num_cat=0
split_feature=7 18 18 21 14 4 10 14 17 23 3 14 18 14 17 14 17 10 13 14 10 17 14 21 23 23 23 21 14 21
split_gain=2980.61 1033.48 808.631 600.84 623.526 467.492 439.063 410.336 373.862 354.677 327.806 302.72 513.28 467.193 381.467 367.549 253.183 221.016 216.444 233.26 209.673 200.058 235.717 194.625 194.043 215.51 191.71 190.477 243.951 188.947
threshold=1.0000000180025095e-35 163.66176605224612 185.39170837402347 -0.19011549499999997 251.50000000000003 174.82670840620997 31.905198043584829 182.50000000000003 158.54411315917972 1.6901442000000002 5.8671893626451501 221.50000000000003 169.52228546142581 256.50000000000006 179.38796234130862 181.50000000000003 217.55000305175784 -23.467296767234799 -43.535206903971655 252.50000000000003 14.268172360956669 185.78959655761722 179.50000000000003 0.0095684877600000027 0.58422529500000009 1.0959892500000004 1.9378600000000001 0.70677247500000007 188.50000000000003 0.24118209000000004
decision_type=2 2 2 2 2 2 8 2 2 2 2 2 2 2 2 2 2 10 2 2 10 2 2 2 2 2 2 2 2 2
left_child=2 20 3 4 8 6 9 -4 -1 11 17 12 -5 14 -13 -14 -9 -10 19 23 -2 -3 -23 -16 -15 -26 -6 -17 -29 -11
right_child=1 21 7 5 26 -7 -8 16 10 29 -12 13 15 24 18 27 -18 -19 -20 -21 -22 22 -24 -25 25 -27 -28 28 -30 -31
leaf_value=0.03642617752308043 0.022144324969247151 0.021095044530361221 -0.024275172819242602 0.012660712991054644 0.014713657331252196 0.007660961879126689 0.016015239911222938 -0.0051691820092372052 -0.00046216241128033532 0.0018989208168707088 0.0028917424347252117 -0.032637571872789366 -0.014637511035589796 0.014644044818298632 0.0081165510742440931 0.0041515466513695753 -0.026535229243574116 -0.016431585793113393 -0.0058665462669179342 0.048648796539602315 0.048989684819980131 -0.021713683240335145 0.010508895081553896 -0.032719842379582219 -0.016161096305068626 0.0059373388908655058 0.04048208259253832 0.039960893060135901 -0.012452005934936894 -0.021987344017262742
leaf_weight=743.78344320505857 931.13461880013347 3921.4360937364399 4848.7538577914238 5021.3108389824629 5482.4093352034688 7371.3101021274924 2196.3424932546914 12899.454074069858 4605.3601806461811 988.09089978411794 34341.886541806161 2723.8162661418319 6788.7508640214801 1787.341609120369 340.78732241690159 8306.6519155204296 1552.6365410685539 4090.6432192549109 5872.7939582914114 106.1862410902977 3364.0207759663463 671.32551229000092 3642.4176823273301 2013.1681209802628 2159.9306732341647 2253.3516435474157 830.85363582521677 235.43154454231262 3646.2385080903769 5101.2338998243213
leaf_count=9073 13896 48443 23345 25638 30035 40599 10963 57974 20640 4684 170643 12561 30158 8625 1450 35417 6936 17966 25722 444 85719 6153 40960 8552 10082 10613 5071 1018 15878 23485
internal_value=3.71263e-05 0.0232957 -0.00227039 -0.000571283 0.00342214 -0.00408632 -0.00583433 -0.01169 0.0013037 -0.00684825 0.000695876 -0.00518536 -0.00155324 -0.0102359 -0.0163962 -0.00531471 -0.00746629 -0.00797528 -0.011084 -0.0235316 0.0431765 0.0129227 0.00549039 -0.0268069 0.000749867 -0.0048792 0.0181108 -0.000121239 -0.00926358 -0.0181117
internal_weight=138839 12530.3 126309 107008 50094.9 56912.7 49541.4 19300.8 43781.7 47345.1 43037.9 41255.8 23998.4 17257.4 11056.8 18977.1 14452.1 8696 8332.94 2460.14 4295.16 8235.18 4313.74 2353.96 6200.62 4413.28 6313.26 12188.3 3881.67 6089.32
internal_count=802743 195171 607572 519317 253428 265889 225290 88255 218322 214327 209249 186158 108109 78049 48729 82471 64910 38606 36168 10446 99615 95556 47113 10002 29320 20695 35106 52313 16896 28169
is_linear=0
shrinkage=0.05


Tree=48
num_leaves=31
num_cat=0
split_feature=16 0 20 22 2 11 12 19 12 22 11 23 14 23 14 14 22 14 3 20 23 12 11 20 12 11 22 11 14 25
split_gain=2901.09 1657.94 622.104 739.556 568.99 354.708 321.631 315.722 316.552 327.755 321.417 312.092 305.843 286.248 284.148 348.418 284.608 281.316 325.693 256.39 253.148 371.206 351.937 241.407 240.775 232.998 225.197 214.93 198.124 196.991
threshold=0.30882354080677038 2.5833921432495122 -7.7343139648437491 0.16082139000000004 45.926201596856124 8.531781322423706 1.8157894736842108 0.57352942228317272 3.4721362229102173 -1.0828951499999997 15.793902891665141 1.5895577000000003 236.50000000000003 0.77340608500000008 232.50000000000003 255.50000000000003 -0.59998893499999995 239.50000000000003 45.692466426640756 -6.5469207763671866 0.42142683000000009 5.5773993808049545 52.16049636443703 73.966629028320327 2.7198142414860684 92.67470495860691 -0.5315448049999999 79.642589872178192 240.50000000000003 23.482144188880927
decision_type=2 2 2 2 2 2 2 2 2 2 2 2 2 2 2 2 2 2 2 2 2 2 2 2 2 2 2 2 2 2
left_child=28 2 13 7 6 -5 -3 8 12 -10 -11 -7 -4 -2 25 16 -16 -13 -19 -8 -18 22 -22 -9 -15 29 -21 -14 -1 -12
right_child=1 4 3 5 -6 11 19 23 9 10 14 17 27 24 15 -17 20 18 -20 26 21 -23 -24 -25 -26 -27 -28 -29 -30 -31
leaf_value=0.045394478693845865 -0.025830443475993045 0.015847316755879744 0.017584000140127086 0.015256610943675267 0.023936355115635365 -0.006356074682471082 -0.015746712547129546 -0.004917938337281662 0.017265954298914359 0.013809207949027564 -0.0060956721223718556 -0.02384777488940755 0.0044008732770792645 -0.0023719987449019142 -0.062472660226644827 -0.00093467135479005864 -0.057215078117467955 0.013604928627401997 -0.022391055531531444 0.014430750763139681 0.030514228526306003 -0.039557961336659134 -0.0682778548053357 0.0085966887445526625 -0.016421280073974465 -0.041291547248820157 0.00038369554538921147 -0.035427896405570633 0.013741073389149306 0.0091669583123414455
leaf_weight=3624.3265925459564 3458.2640137188137 6130.459538128227 7156.2669801190495 1575.8999468684196 5707.6983247473836 26332.543771523982 1743.9378325678408 21496.998936299235 2504.8603671900928 2596.6391321457922 4440.2426900453866 5573.7600757144392 4714.068651560694 5982.7514345385134 521.17003987729549 1900.1100191436708 353.6074130423367 1306.0649081319571 1209.3174727521837 4082.4330088533461 582.15919157117605 558.88214118406177 105.66629035398364 3903.5113754831254 6220.0910405814648 334.88048819452524 9470.6351611241698 363.94095914810896 573.66244582086802 4033.7099256254733
leaf_count=80833 16284 38219 39758 8536 81884 117712 8060 96508 13772 14285 20759 25881 25970 26530 2518 9611 1569 5768 5669 25379 2816 2580 455 19365 28930 1568 51807 2032 8746 20205
internal_value=0.000147571 -0.00113142 -0.00392549 -0.00235034 0.00990917 -0.00793318 0.00617176 0.00126645 0.00472478 0.000493996 -0.00223017 -0.00899527 0.0109254 -0.013134 -0.00547707 -0.0164877 -0.0304107 -0.0175848 -0.00370284 0.00229338 -0.0199367 -0.00932597 0.0152603 -0.00284077 -0.00953402 -0.000448972 0.00461568 0.00153993 0.0410733 0.00116976
internal_weight=138559 134361 107225 91564.3 27135.2 35997.6 21427.5 55566.7 30166.2 17931.9 15427.1 34421.7 12234.3 15661.1 12830.4 4021.6 2121.49 8089.14 2515.38 15297 1600.32 1246.71 687.825 25400.5 12202.8 8808.83 13553.1 5078.01 4197.99 8473.95
internal_count=804009 714430 509081 437337 205349 163566 123465 273771 157898 90138 76366 155030 67760 71744 62081 19549 9938 37318 11437 85246 7420 5851 3271 115873 55460 42532 77186 28002 89579 40964
is_linear=0
shrinkage=0.05


Tree=49
num_leaves=31
num_cat=0
split_feature=16 10 21 14 4 10 21 19 20 5 11 10 11 14 23 20 14 11 11 20 14 25 14 3 14 14 23 25 23 23
split_gain=2726.6 1030.71 654.734 824.907 541.923 478.671 463.084 424.851 419.13 372.686 347.447 330.722 327.512 291.422 410.352 279.337 277.364 281.844 270.833 270.444 262.059 259.154 246.871 241.962 232.42 227.555 307.133 225.891 215.356 206.628
threshold=0.33823530375957495 18.106151986122132 -0.19011549499999997 221.50000000000003 89.018010266125216 -30.854274389147758 -1.6777381999999998 0.33823530375957495 -17.53835296630859 14.500000000000002 44.126377676085987 8.416420447826388 28.886018813636749 220.50000000000003 1.5895577000000003 -4.4447250366210929 250.50000000000003 28.125387869683031 100.96431947589475 82.68857574462892 212.50000000000003 21.10047067403794 221.50000000000003 5.3361409306526193 183.50000000000003 261.50000000000006 0.96886367000000007 22.213739967346196 1.8200016500000002 1.6180181500000004
decision_type=2 10 2 2 2 10 2 2 2 2 2 10 2 2 2 2 2 2 2 2 2 2 2 2 2 2 2 2 2 2
left_child=11 2 3 7 5 -4 -5 21 -7 -3 22 20 16 14 15 -12 17 19 23 27 -1 -2 28 -9 -6 26 -24 -8 -10 -26
right_child=1 9 4 6 24 8 12 18 10 -11 13 -13 -14 -15 -16 -17 -18 -19 -20 -21 -22 -23 25 -25 29 -27 -28 -29 -30 -31
leaf_value=0.042432089635583335 -0.010307352562705112 0.010770502226651242 0.014057769893370179 0.039302744342442936 -0.016244575842350839 -0.031127035017837302 -0.016831383631936793 -0.012246011905960188 0.0036510601623917591 0.038316644076064311 -0.024822561204319638 0.050022192622450924 0.013601824036063663 -0.023346432879076857 -0.031776965484474971 -0.0033867323508579628 0.010521520190317562 -0.082732371826551757 -0.04377375086129779 -0.055621461418959711 0.006806088847248426 0.019091549327018991 -0.024898027570182071 -0.0020641449434374111 0.0037750535758440014 0.0024575904753880492 -0.0032094435924609928 0.0052865692267263301 -0.022637919033741811 -0.0088819222895841453
leaf_weight=948.38578612357378 985.35346646234393 6703.2658716328442 2098.2096123471856 1209.3918404281139 1993.075055450201 2305.9613311439753 1770.8961523026228 7644.865848749876 8720.039728179574 1502.7069881148636 1782.5756626315415 2514.7170849181712 10398.654069319367 5706.1864991746843 1860.906294349581 10280.003703866154 4158.4448349401355 117.98588964343071 443.48154883831739 249.68180209025741 1132.2654658034444 3125.0354028493166 3611.4644829928875 24637.081204861403 18498.787671938539 2563.8139262124896 2978.5053758136928 3311.4843665398657 854.43729067966342 3904.2546698600054
leaf_count=13467 5534 67019 10340 7612 9899 11689 8652 33295 39582 26672 8742 71719 57359 25581 9160 46378 22622 601 2014 1407 11705 22181 15662 113609 95649 11871 13469 16752 3988 19577
internal_value=-4.23309e-05 -0.00134676 -0.00247187 0.00141698 -0.00583341 -0.00922584 0.00927019 -0.00310641 -0.0104276 0.0158189 -0.0091824 0.037821 0.00745291 -0.0138304 -0.0099291 -0.00655626 0.00079761 -0.00662241 -0.00500955 -0.00492308 0.0230574 0.0120432 -0.0043102 -0.00447567 0.000113071 -0.0101807 -0.0150973 -0.00242197 0.00130288 0.00156898
internal_weight=138012 133417 125211 58052.4 67158.2 42762.1 21216.5 36835.8 40663.9 8205.97 38357.9 4595.37 20007.1 19629.7 13923.5 12062.6 9608.49 5450.05 32725.4 5332.06 2080.65 4110.39 18728.3 32281.9 24396.1 9153.78 6589.97 5082.38 9574.48 22403
internal_count=803807 706916 613225 291638 321587 196462 115005 176633 186122 93691 174433 96891 107393 89861 64280 55120 50034 27412 148918 26811 25172 27715 84572 146904 125125 41002 29131 25404 43570 115226
is_linear=0
shrinkage=0.05


Tree=50
num_leaves=31
num_cat=0
split_feature=16 9 21 12 14 11 12 14 11 14 22 14 22 12 14 14 19 14 23 4 16 11 4 22 22 22 23 23 22 14
split_gain=2525.79 1070.55 652.781 751.587 979.693 680.816 617.328 523.53 485.111 1196.1 467.932 461.16 380.596 583.239 547.931 442.488 345.746 411.288 428.235 376.171 337.679 336.967 345.399 306.13 299.681 296.419 304.235 271.093 269.933 262.762
threshold=0.27941177785396581 1.0000000180025095e-35 -0.44844999999999996 6.5588235294117654 250.50000000000003 20.03343528257712 1.6640866873065019 176.50000000000003 20.325362273898474 230.50000000000003 0.94406590000000012 215.50000000000003 0.45747834000000004 9.6934984520123866 188.50000000000003 184.50000000000003 0.57352942228317272 236.50000000000003 1.1008879500000004 36.424846217036254 0.72058823704719555 67.867619931397982 84.52066266164185 -0.087063040549999984 -0.31765721499999994 -1.3625972 1.1368207000000001 0.59148773500000007 1.0095930500000001 264.50000000000006
decision_type=2 2 2 2 2 2 2 2 2 2 2 2 2 2 2 2 2 2 2 2 2 2 2 2 2 2 2 2 2 2
left_child=-1 20 3 7 12 25 21 10 9 11 24 -9 13 -5 -15 -14 17 19 -19 -8 -2 22 -7 -21 -3 -4 -27 -23 -10 -29
right_child=1 2 5 4 -6 6 16 8 28 -11 -12 -13 15 14 -16 -17 -18 18 -20 23 -22 27 -24 -25 -26 26 -28 29 -30 -31
leaf_value=0.042185852022176479 0.02240529295813886 0.0010535302948381526 0.041588718811336758 -0.017155417705264086 0.026522475374608192 0.0014976218497083247 -0.012343548248402701 -0.027851968778159455 0.014553024939058454 0.014317125058734776 0.028883916542320327 -0.11091370245161494 0.012455646720090989 -0.031338451319043538 0.025685737845770818 -0.037856843569873115 -0.012982128989956685 -0.02153250483223149 0.00047533290271808271 0.010551093536353418 0.0032685309554405777 0.018014019166108643 0.026393004873191253 -0.0035575771254202047 -0.01705172375469325 0.011636421402873012 -0.00529806850412719 -0.016195325145891268 -0.014517029296154419 0.035562239978317478
leaf_weight=3480.2456793095917 5972.8384505286813 5847.9634793177247 566.04552840068936 5191.4321797452867 1767.2305667996407 3091.7708014473319 5687.7804558873177 357.09257225319743 19169.75513054058 1393.3448080345988 1065.8040787577629 314.59609618782997 531.77197197824717 544.79344497621059 1846.1548759564757 2440.4758197367191 26820.115670591593 6265.4902460873127 3414.8693131357431 6888.6668990515172 3754.2943297214806 942.16706129908562 2535.2318451479077 8698.8507019989192 3750.7683778367937 6298.6638465598226 4579.8971501067281 3194.6253747604787 832.49130300432444 264.66550073772669
leaf_count=82981 89321 27782 3014 24061 10181 14539 25848 1609 99213 7648 4987 1448 2368 2546 9442 10614 119024 29455 16093 33841 39206 4308 14122 38902 17822 30897 21746 14768 3705 1448
internal_value=0.000139045 -0.000953059 -0.00220315 0.00260239 -0.00792266 -0.00493514 -0.0068391 0.00656465 0.0109604 -0.0121075 -0.00253139 -0.0668623 -0.013692 -0.00774551 0.0126847 -0.0288542 -0.00882675 -0.00522622 -0.0137697 -0.00133842 0.0150203 0.00461184 0.0127169 0.00267781 -0.00602226 0.00634465 0.00450713 -0.00575049 0.0133425 -0.0122263
internal_weight=137510 134030 124303 45053.7 12321.9 79248.8 67804.2 32731.8 22067.3 2065.03 10664.5 671.689 10554.6 7582.38 2390.95 2972.25 57775.8 30955.7 9680.36 21275.3 9727.13 10028.5 5627 15587.5 9598.73 11444.6 10878.6 4401.46 20002.2 3459.29
internal_count=802939 719958 591431 223426 59212 368005 312348 164214 113623 10705 50591 3057 49031 36049 11988 12982 263163 144139 45548 98591 128527 49185 28661 72743 45604 55657 52643 20524 102918 16216
is_linear=0
shrinkage=0.05


Tree=51
num_leaves=31
num_cat=0
split_feature=0 7 19 16 12 21 21 17 4 22 17 11 11 22 4 11 19 21 22 17 21 22 21 11 11 21 12 11 11 11
split_gain=2448.33 1132.11 601.367 415.385 413.861 383.564 332.947 310.125 279.674 269.791 226.265 219.84 213.67 210.641 207.738 239.543 201.457 189.13 183.642 175.979 147.167 144.116 165.292 336.758 162.018 146.294 145.646 169.316 142.337 140.368
threshold=5.5370237827301034 1.0000000180025095e-35 0.57352942228317272 0.1911764740943909 2.1965944272445825 0.27051234000000007 1.4441750000000002 175.98484802246097 72.226299822330489 -1.0697576499999999 217.55000305175784 67.867619931397982 33.014739663412236 0.055660221750000009 26.5664331689477 50.76485803746403 0.073529412969946875 -0.54046523499999999 0.43984303000000008 175.14204406738284 -1.2603949499999998 0.36488128000000003 0.50852495500000006 52.526247973239556 15.017229010400021 -0.69710293499999987 4.314241486068112 92.67470495860691 48.733527244567505 22.113093404139715
decision_type=2 2 2 2 2 2 2 2 2 2 2 2 2 2 2 2 2 2 2 2 2 2 2 2 2 2 2 2 2 2
left_child=2 19 3 -1 8 10 9 -3 16 -6 -4 -10 -7 -14 15 -11 -5 -18 -13 -2 -16 24 25 28 -22 -23 -26 29 -24 -28
right_child=1 7 5 4 6 12 -8 -9 11 14 -12 18 13 -15 20 -17 17 -19 -20 -21 21 22 23 -25 26 -27 27 -29 -30 -31
leaf_value=0.041663373275856209 0.022436140043401963 0.047767819203298124 -0.0022429323217925323 0.047234036275186776 0.010524032397831815 -0.003454032237072753 -0.021428082013612348 0.023081205061710505 0.022804688115046254 -0.0049585877033368033 -0.02416398138174123 0.011668340219340861 -0.0089757062746141335 -0.021279965179892391 0.0090573902419615066 -0.027157853175417912 0.011851791806789219 -0.0069728787221256267 -0.01849355177512951 0.0067301933624812531 0.014341621731681416 -0.013572606626224363 -0.020862027533465416 0.0053631895350099747 0.0038365960214985723 0.0018815007330499963 -0.018342244795073726 -0.054990667307059628 -0.059630430603133548 -0.0012337637271780128
leaf_weight=619.19029019214213 2160.7631202414632 2991.8320374432951 33219.731052257121 224.60206067562103 4866.9654930401593 5488.6717435121536 2006.1389105897397 2218.7210462316871 4086.6753677483648 6036.0134577900171 1219.424277830869 2175.8336945082992 6987.1270466186106 6930.4986391440034 3746.6950555853546 1520.7346196398139 1971.6472169943154 4122.1068223305047 655.998569522053 10203.376050055027 2090.602876573801 1994.0315830651671 2302.3993530496955 1437.0460476260632 10032.962371384725 6588.3496303204447 1426.339760100469 164.64937141537666 263.39055356383324 7492.1689274404198
leaf_count=10725 19899 90376 153764 2628 27833 24802 9492 40122 26983 27711 5655 14725 32159 32817 20903 6876 9761 19179 3896 54062 11779 9371 10626 6797 52224 30972 7217 831 1254 38138
internal_value=0.000290379 0.0177162 -0.00226889 0.000936846 0.000549474 -0.00618776 -0.00146094 0.0372624 0.00844196 -0.000658787 -0.00301979 0.0153866 -0.0118093 -0.0151039 -0.00186591 -0.00942901 0.000836411 -0.000881171 0.00467723 0.00947656 -0.000343203 -0.00138573 -0.00562414 -0.0140133 0.00112971 -0.00171027 -0.00031586 -0.00490244 -0.0248635 -0.00397168
internal_weight=137245 17574.7 119670 65824.5 65205.4 53845.5 51968.5 5210.55 13236.9 49962.3 34439.2 6918.51 19406.3 13917.6 45095.4 7556.75 6318.36 6093.75 2831.83 12364.1 37538.6 33791.9 12585.2 4002.84 21206.7 8582.38 19116.1 9083.16 2565.79 8918.51
internal_count=803577 204459 599118 349921 339196 249197 262024 130498 77172 252532 159419 45604 89778 64976 224699 34587 31568 28940 18621 73961 190112 169209 59020 18677 110189 40343 98410 46186 11880 45355
is_linear=0
shrinkage=0.05


Tree=52
num_leaves=31
num_cat=0
split_feature=1 19 6 20 21 11 5 22 25 20 22 4 19 21 1 5 22 20 4 22 11 23 20 22 23 11 20 13 21 23
split_gain=2506.13 798.606 767.455 457.633 441.24 424.203 387.401 332.804 297.626 568.456 270.612 320.151 263.785 259.945 250.2 239.914 200.543 199.41 196.933 196.974 318.683 203.329 187.862 186.73 180.418 226.01 181.77 223.959 168.636 156.982
threshold=30.58022536337376 0.33823530375957495 1.5000000000000002 -12.666358947753904 0.27051234000000007 33.014739663412236 11.500000000000002 0.055660221750000009 21.65932177305222 84.123107910156264 0.36488128000000003 98.471542552113547 0.16176471114158633 -0.44844999999999996 14.947151184082033 7.5000000000000009 0.74209228000000016 74.936492919921889 208.38916902244094 -0.83829995999999996 47.266789810287982 1.1008879500000004 -3.9687194824218746 -0.047694848849999992 1.9028643500000002 41.550116399274252 60.573593139648445 -56.700418385374284 0.38595135500000005 0.89765158500000009
decision_type=2 2 2 2 2 2 2 2 2 2 2 2 2 2 2 2 2 2 2 2 2 2 2 2 2 2 2 2 2 2
left_child=2 -2 6 16 8 10 12 18 9 -5 11 -6 17 22 23 -3 -4 -1 19 20 21 -7 -14 -8 25 -9 -27 -28 -29 -30
right_child=1 15 3 4 5 7 14 24 -10 -11 -12 -13 13 -15 -16 -17 -18 -19 -20 -21 -22 -23 -24 -25 -26 26 27 28 29 -31
leaf_value=0.042828686586504718 0.046585667212316856 0.0047004796160049021 -0.018485325191351105 -0.0093515937686500759 -5.5046718523629641e-05 -0.045881510560752958 0.015980228034302352 -0.035074073202150696 0.0022669671706426705 0.023139619129578105 -0.0096057026749820813 0.0263293239116844 -0.0031013833441956417 -0.0026480873602991849 0.024540819422999849 0.026663590591216091 0.0052095359821150615 -0.020143347688572975 0.023019371697201335 -0.0030100275739819767 -0.035237865318801888 0.017667220542330029 0.011277661806548309 -0.00074894423484250447 -0.037755385886013001 -0.017452005575166653 0.037458897674728507 0.050237028688774811 -0.055768129466447318 -0.0059496376615983289
leaf_weight=622.26474589295685 3185.5117192678154 2764.4302620179951 7055.93109382689 13524.611912429333 3776.5083336494863 156.56975326314569 3234.1381337121129 1345.4707299359143 35822.975099209696 1494.0231488570571 3664.4883487895131 1651.9882622286677 3245.8279298692942 20178.437231341377 3101.3345842007548 2259.6018383093178 1021.900618031621 156.84028864279389 570.26409931480885 6583.7528690584004 1346.5240872614086 624.83183816075325 7563.7478836048394 3443.31094109267 1093.3972618952394 5503.0105129778385 335.04996687173843 116.61469930410385 178.81324214488268 1314.1762389242649
leaf_count=8193 91635 21423 33169 61410 16857 706 23313 5780 173154 7547 16301 8415 14897 101670 39568 32874 4906 1081 3001 28545 5928 2828 43109 19217 5232 25190 1375 518 753 5597
internal_value=0.00022136 0.0270043 -0.00148692 -0.00415202 -0.00299428 -0.00800284 0.00410555 -0.0122217 -0.00021006 -0.00611811 0.000891197 0.00797756 0.0014266 0.000703672 0.0128073 0.0145819 -0.0154875 0.0301423 -0.00542143 -0.00728559 -0.0205064 0.00489157 0.00696013 0.0073548 -0.018605 -0.0162197 -0.0128093 0.000330996 -0.00741589 -0.0119497
internal_weight=136936 8209.54 128727 87180.9 79103.1 28261.5 41545.9 19168.5 50841.6 15018.6 9092.98 5428.5 31767.1 30988 9778.78 5024.03 8077.83 779.105 9281.94 8711.68 2127.93 781.402 10809.6 6677.45 9886.53 8793.14 7447.66 1944.65 1609.6 1492.99
internal_count=804192 145932 658260 407212 369137 127026 251048 85453 242111 68957 41573 25272 168950 159676 82098 54297 38075 9274 41008 38007 9462 3534 58006 42530 44445 39213 33433 8243 6868 6350
is_linear=0
shrinkage=0.05


Tree=53
num_leaves=31
num_cat=0
split_feature=1 0 18 1 18 12 5 11 20 5 0 25 24 12 11 11 12 11 18 20 18 11 24 20 11 12 11 12 20 11
split_gain=2348.08 905.488 667.049 458.525 419.682 286.203 301.69 349.145 289.062 261.07 241.243 217.389 208.601 199.988 184.09 176.747 197.404 171.733 167.8 154.427 153.666 152.364 148.726 350.995 235.175 306.672 234.979 199.5 172.491 154.597
threshold=33.635875463485725 1.0293335318565371 164.17825317382815 11.67929492890835 190.41741943359378 11.018575851393191 3.5000000000000004 50.76485803746403 21.092330932617191 9.5000000000000018 2.2037545442581181 32.285268002748502 2.5000000000000004 6.7879256965944288 88.744555543150895 49.240419371982021 2.1269349845201244 18.035498580788683 165.29412078857425 18.169540405273441 174.09375000000003 16.61007971562238 7.5000000000000009 0.98529052734375011 44.867967678055223 5.2461300309597538 26.681275045320444 4.0913312693498467 51.42878723144532 20.325362273898474
decision_type=2 2 2 2 2 2 2 2 2 2 2 2 8 2 2 2 2 2 2 2 2 2 8 2 2 2 2 2 2 2
left_child=1 4 -2 15 5 6 7 11 21 18 -4 20 13 17 22 -3 -17 -8 -5 -15 -1 -7 24 27 25 26 -14 -24 29 -25
right_child=2 3 10 9 -6 8 12 -9 -10 -11 -12 -13 14 19 -16 16 -18 -19 -20 -21 -22 -23 23 28 -26 -27 -28 -29 -30 -31
leaf_value=0.00010879831468707577 0.049843878841120771 0.0047070483086928544 0.0029640030077848481 0.031051232147437925 -0.019974631460319775 -0.035885532060138788 0.035459630455488243 -0.018902074922507062 0.024963680579740244 0.020922505882996933 0.026474389946025259 0.040922974764526339 0.038793317831903089 -0.032122021600091165 -0.013862559660712443 0.0048917594377970372 -0.0091882964246046191 0.0056411173425692795 0.0043473707322423108 0.00098321852377204755 -0.0090691161546889963 0.0078197828582439958 -0.030162257694630434 -0.014921172091002992 -0.012793163028536548 -0.0091784247800314918 0.0045615546478459728 -0.0018468634915665893 -0.0020910649910991712 0.0076763684386029034
leaf_weight=7132.707103613764 2385.6122433524579 14419.176609192044 1799.0275069624186 642.08785011805594 3979.3500949293375 353.97875605523586 511.3399602137506 6020.944011349231 1700.4974827580154 5527.4098504185677 2773.0396165288985 251.58105396851897 589.63307820633054 597.60439915582538 3774.0006610266864 4027.0298241451383 6516.3064775653183 8409.4785157628357 6910.1698503307998 855.86631188541651 12646.511322654784 454.38395327329636 1443.6737935133278 813.43917543441057 7362.6824658438563 4743.7593014165759 3317.5528221577406 1092.7250915393233 14664.266694717109 10720.22566691041
leaf_count=31822 79230 73648 12802 7321 18693 1566 3239 28126 9718 62521 41529 2970 2821 2742 17098 20312 30414 46996 42594 5610 56389 1977 6551 3763 33873 21528 15099 4857 70284 47946
internal_value=0.000121432 -0.00139919 0.0284155 0.00508317 -0.00409621 -0.00337352 -0.00386512 -0.00834524 0.0132669 0.0126662 0.0172261 -0.00517124 -0.00188331 0.00455178 -0.00325924 0.00110953 -0.00381046 0.00735409 0.00662153 -0.012641 -0.00575957 -0.0113393 -0.00236468 -0.000212732 -0.0062258 -0.000635584 0.00973607 -0.017969 0.001507 0.00608147
internal_weight=136436 129478 6957.68 38042.2 91436.2 87456.9 84948 26051.7 2508.86 13079.7 4572.07 20030.8 58896.2 10374.3 48522 24962.5 10543.3 8920.82 7552.26 1453.47 19779.2 808.363 44748 28734.3 16013.6 8650.95 3907.19 2536.4 26197.9 11533.7
internal_count=804039 670478 133561 236810 433668 414975 401714 119307 13261 112436 54331 91181 282407 58587 223820 124374 50726 50235 49915 8352 88211 3543 206722 133401 73321 39448 17920 11408 121993 51709
is_linear=0
shrinkage=0.05


Tree=54
num_leaves=31
num_cat=0
split_feature=1 16 17 16 12 21 24 16 11 23 12 17 12 13 22 6 11 23 22 22 22 22 11 24 22 21 25 22 23 23
split_gain=2173 718.651 625.138 519.864 472.703 382.95 302.603 262.782 260.529 249.765 231.401 227.375 209.4 205.588 198.224 181.022 174.454 201.569 212.239 194.973 161.639 179.729 212.634 160.451 159.389 155.532 155.499 154.586 179.351 150.843
threshold=35.003659486770637 0.75000000000000011 174.08485412597659 0.1911764740943909 2.1687306501547994 0.57696247500000009 3.5000000000000004 0.48529411852359777 48.929337142444808 1.6599746000000002 11.291021671826627 211.72380828857425 1.9086687306501551 -92.302003004844352 -0.53966259999999988 1.5000000000000002 68.440097592586525 0.79899701500000009 -1.7176085499999998 0.77527007500000011 -0.98463689999999982 -0.15288999499999997 108.20369620633893 4.5000000000000009 0.066633861500000016 -0.94070410999999987 23.482144188880927 -0.60950839499999987 0.78081134000000019 1.3684356000000002
decision_type=2 2 2 2 2 2 8 2 2 2 2 2 2 2 2 2 2 2 2 2 2 2 2 10 2 2 2 2 2 2
left_child=1 3 -2 -1 7 11 26 -5 12 13 14 -3 23 -8 -11 -4 17 24 -19 27 -10 22 -22 -7 -9 -12 -6 28 -18 -28
right_child=2 5 15 4 6 8 9 16 20 10 25 -13 -14 -15 -16 -17 19 18 -20 -21 21 -23 -24 -25 -26 -27 29 -29 -30 -31
leaf_value=0.041935099053056757 0.048658105535320566 -0.0022745867471230213 0.02023953538428834 0.033851777676929103 0.00089556820254335266 0.0040238522991860358 -0.033058616295804553 -0.004962695295723428 -0.049203617398784476 -0.063223917278504405 0.051869665246763202 -0.018588590600080564 -0.008390324062609724 -0.00053698950192454748 -0.013794938804968258 -0.01303759024319923 -0.084755448759484514 -0.018206813018070343 0.018110697515884372 -0.030605385267057535 -0.0089830140683666692 -0.022306590237653977 0.057359868792820692 0.053963572945006581 0.020775912438899497 -0.0024821310403202253 0.0040539731687578686 0.010337020113411323 -0.0067349278696953625 0.020665459184425375
leaf_weight=812.11176914535463 2404.6595274601132 44206.375384066254 3545.4765698518604 1026.9828958865255 5479.5534936264157 514.80038628354669 491.66293004155159 2586.2011116016656 412.43355776369572 211.12307001836598 210.07259984873235 2243.2712618224323 6056.0682994369417 35672.941534340382 4683.7569759208709 461.21477687358856 78.21131531894207 427.61825994588435 6597.9448908343911 494.38622866757214 2062.1913839336485 4953.0047001820058 127.29324968159199 233.0423478372395 782.68954367190599 349.45056559890509 2594.8668904807419 2317.4363597929478 1054.8412063494325 2887.6110038943589
leaf_count=15678 80920 205255 44939 11914 30940 2362 2172 14398 1951 1051 1289 10514 27562 181211 23030 2339 429 2648 38914 2799 9818 24309 598 1072 4301 1727 17507 14502 7381 20128
internal_value=9.66873e-05 -0.00130942 0.0285087 0.00219241 0.00171679 -0.0052691 -0.000537747 0.00943098 -0.0124054 -0.00248443 -0.0124572 -0.00306285 -0.00530727 -0.000980027 -0.0159394 0.0164067 0.00767972 0.011077 0.0158979 -0.00127231 -0.0187964 -0.0170339 -0.00510152 0.0196373 0.00102151 0.0179803 0.00685269 0.00293819 -0.0121904 0.0128054
internal_weight=135979 129568 6411.35 68759.5 67947.4 60808.5 52581 15366.3 14358.8 41619 5454.4 46449.6 6803.91 36164.6 4894.88 4006.69 14339.3 10394.5 7025.56 3944.88 7554.92 7142.49 2189.48 747.843 3368.89 559.523 10962 3450.49 1133.05 5482.48
internal_count=803658 675460 128198 392019 376341 283441 279055 97286 67672 210480 27097 215769 30996 183383 24081 47278 85372 60261 41562 25111 36676 34725 10416 3434 18699 3016 68575 22312 7810 37635
is_linear=0
shrinkage=0.05


Tree=55
num_leaves=31
num_cat=0
split_feature=1 0 17 1 17 14 12 22 9 9 5 24 12 17 22 12 14 12 6 14 13 12 14 24 22 22 14 24 24 13
split_gain=2117.27 713.703 582.971 371.294 338.749 298.794 315.713 275.983 256.218 251.382 244.326 251.233 249.637 239.757 238.416 268.03 225.276 335.069 199.95 197.684 181.717 198.724 180.309 262.884 174.055 172.49 163.01 411.033 293.398 278.452
threshold=35.003659486770637 1.2512428760528567 173.36931610107425 10.032814383506777 213.25555419921878 253.50000000000003 4.8003095975232215 1.5679100000000001 43.500000000000007 1.0000000180025095e-35 2.5000000000000004 2.5000000000000004 6.8452012383900938 160.38234710693362 0.38392488500000005 11.291021671826627 189.50000000000003 9.3421052631578956 1.5000000000000002 220.50000000000003 -44.030353859920432 8.3266253869969056 269.50000000000006 7.5000000000000009 -1.7667101999999997 1.3255616000000001 237.50000000000003 4.5000000000000009 6.5000000000000009 -38.190369529021041
decision_type=2 2 2 2 2 2 2 2 2 2 2 8 2 2 2 2 2 2 2 2 2 2 2 10 2 2 2 10 8 2
left_child=1 4 -2 -3 5 7 8 10 25 -5 13 12 24 -1 -8 22 -14 -18 -4 -19 21 -15 -16 -24 -12 -7 28 -28 -13 -29
right_child=2 3 18 9 -6 6 14 -9 -10 -11 11 26 16 20 15 -17 17 19 -20 -21 -22 -23 23 -25 -26 -27 27 29 -30 -31
leaf_value=0.044946817336061588 0.048896596773634782 0.00027087247210560447 0.021142568804032529 0.02205813534745394 -0.022036252562358846 -0.0010384394245883043 0.018626512104728498 -0.020467561664235041 -0.026994857788454164 0.007017748229360337 -0.015644836229089392 -0.010090271673379683 -0.028450082313374377 -0.021977042582103409 0.00090663872986692935 0.03716261739524742 -0.028548245756404852 0.048064399622725677 -0.013436636456608978 -0.0060768975803637323 -0.0066649038191078968 0.014922997666527117 -0.044300199762517228 0.062561047199467021 0.0095602231796356133 0.061157012604590937 -0.016058644147837694 0.038689681430853592 0.00046374236351852724 -0.0014134575567752638
leaf_weight=204.0594130679965 2242.2052692249417 20166.706315167248 3532.572559453547 3644.3019989077002 2424.1151337698102 7355.2955419868231 4192.0460075102746 2578.6980037242174 1003.3467487096786 11686.513289082795 740.14557599276304 8953.3645187430084 1003.2019726149738 3845.123312279582 1895.0999402366579 411.70735795050859 474.20782255381346 410.73770446702838 473.46195609867573 285.16443811357021 13933.459335554391 402.41752518713474 483.32292424142361 64.426418319344521 9046.6633270792663 112.1929455883801 6870.6580253057182 561.5183856934309 24887.077274478972 1877.3952760361135
leaf_count=2606 79949 99505 45837 57197 11427 36587 21940 12322 4335 70933 3792 42013 4913 18240 8827 2606 2665 2455 2403 1849 62119 1795 2307 313 49561 517 31284 2336 112910 8446
internal_value=6.07067e-05 -0.00131088 0.0284865 0.00472953 -0.00359159 -0.00310319 0.00321985 -0.00439297 -0.00328485 0.0105942 -0.0038287 -0.00216351 0.00424856 -0.0088198 0.0110386 -0.000107192 -0.0110771 0.00382934 0.0170534 0.0259017 -0.0094257 -0.0184784 -0.00640112 -0.0316401 0.00765264 -9.59397e-05 -0.00394084 -0.00979971 -0.00232881 0.00783168
internal_weight=135761 129513 6248.24 35497.5 94015.4 91591.3 15517.4 76073.9 8470.84 15330.8 73495.2 55110.1 11960.1 18385.1 7046.6 2854.56 2173.31 1170.11 4006.03 695.902 18181 4247.54 2442.85 547.749 9786.81 7467.49 43150 9309.57 33840.4 2438.91
internal_count=803989 675800 128189 227635 448165 436738 77432 359306 41439 128130 346984 262224 65235 84760 35993 14053 11882 6969 48240 4304 82154 20035 11447 2620 53353 37104 196989 42066 154923 10782
is_linear=0
shrinkage=0.05


Tree=56
num_leaves=31
num_cat=0
split_feature=1 5 0 21 1 11 20 23 22 4 22 21 22 17 14 12 14 23 12 20 12 14 20 11 22 22 11 0 11 14
split_gain=1892.61 757.797 664.718 383.881 345.064 339.021 338.017 320.287 300.935 283.023 272.714 261.07 258.657 216.372 209.086 354.845 259.985 327.716 244.254 208.888 197.996 224.291 291.598 217.288 195.431 191.478 190.139 184.729 176.004 218.376
threshold=30.58022536337376 11.500000000000002 1.2803452610969546 0.27051234000000007 9.8725229203701037 14.008156353618409 -0.96871948242187489 1.6901442000000002 0.9662500300000002 89.018010266125216 0.055660221750000009 -1.2603949499999998 -0.7116301049999999 190.8796310424805 201.50000000000003 4.9458204334365332 219.50000000000003 1.8059088000000003 7.93498452012384 80.784561157226577 3.4721362229102173 255.50000000000003 76.348884582519545 15.017229010400021 -1.1087322999999998 -1.7667101999999997 33.789285444495953 1.1948816776275637 86.487190067987243 233.50000000000003
decision_type=2 2 2 2 2 2 2 2 2 2 2 2 2 2 2 2 2 2 2 2 2 2 2 2 2 2 2 2 2 2
left_child=2 27 3 6 -4 -5 8 9 12 -7 -11 14 -1 -6 15 -8 -16 18 -18 -20 25 22 24 -24 -22 -13 -23 -2 -27 -30
right_child=1 -3 4 5 13 7 11 -9 -10 10 -12 20 -14 -15 16 -17 17 -19 19 -21 21 26 23 -25 -26 28 -28 -29 29 -31
leaf_value=-0.0018675077343701949 -0.0019743747896655939 0.043837703684487132 0.0002194000270917142 0.0087491551054606053 0.015093011048543764 -0.011277969914708752 0.021908567959827804 -0.021199748411471056 0.014231754724452601 0.0080165674736962719 -0.0090553821013595152 -0.031321804286600197 -0.016431691774112588 0.0024808286160664019 0.047002029524259172 -0.012146972048701221 0.0098885552637720114 0.03341089478000784 -0.047884829133045641 0.029275144480391785 0.010703121565889172 0.0034189011039030374 -0.0041950728067538167 -0.042417314592183439 -0.0050084293368306328 0.0081891374690541818 0.034699353832887199 0.01904895556706911 -0.0024053178380680721 -0.058155176072804952
leaf_weight=5156.0397179797292 1637.0852573849261 3003.9932452328503 19567.709309179336 2783.5905398949981 9116.0995477493852 15903.992094505578 1216.9447640515864 4888.3407875560224 1364.5378845259547 4789.5395062491298 4570.6904961131513 355.35402410104871 7458.2911449186504 5424.3653893508017 633.74211014062166 2055.3005441352725 1440.4990601986647 1115.9291744120419 389.48968707770109 112.38564918190241 2192.196931257844 3822.6842822059989 649.07122578844428 870.26958010345697 20291.278734654188 9869.3361841440201 555.58813492208719 2886.7202467862517 1092.7347192466259 208.31994078308344
leaf_count=22934 10640 94760 96421 13469 83228 71718 6538 23330 6369 23285 20683 1997 34877 32182 3412 9737 7455 6986 1818 744 11341 20039 3691 4214 92187 50760 2693 40784 5144 978
internal_value=1.16457e-05 0.0243739 -0.00142248 -0.00359629 0.00455471 -0.00794424 -0.00124279 -0.00948556 -0.00806628 -0.00721825 -0.000319907 0.000792375 -0.0104793 0.0103885 0.0097243 0.000521073 0.0178787 0.0118304 -0.000578791 -0.0305824 -0.000766573 -0.00301093 -0.00490932 -0.0261021 -0.0034761 0.00475972 0.0073953 0.0114422 0.00591025 -0.0113696
internal_weight=135422 7527.8 127894 93786.1 34108.2 32936.2 60850 30152.6 13978.9 25264.2 9360.23 46871.1 12614.3 14540.5 6964.29 3272.25 3692.05 3058.3 1942.37 501.875 39906.8 28381.1 24002.8 1519.34 22483.5 11525.7 4378.27 4523.81 11170.4 1301.05
internal_count=804414 146184 658230 446399 211831 152485 293914 139016 64180 115686 43968 229734 57811 115410 36690 16275 20415 17003 10017 2562 193044 134165 111433 7905 103528 58879 22732 51424 56882 6122
is_linear=0
shrinkage=0.05


Tree=57
num_leaves=31
num_cat=0
split_feature=1 0 19 20 21 1 11 12 14 9 24 11 21 14 12 5 22 12 14 12 24 14 12 11 14 21 11 14 11 12
split_gain=1724.39 674.973 486.24 363.93 386.441 360.59 352.702 352.094 481.462 270.012 262.101 202.824 197.375 331.213 220.099 193.412 189.494 271.074 377.613 265.178 342.838 273.637 215.374 270.277 192.326 295.583 192.547 394.029 201.601 187.237
threshold=38.799999505281455 1.3778134584426882 0.25000000745058065 -14.578781127929686 -0.19011549499999997 12.063337847590448 20.325362273898474 4.2925696594427256 251.50000000000003 1.0000000180025095e-35 3.5000000000000004 92.67470495860691 -0.71756502999999994 242.50000000000003 4.8374613003095979 14.500000000000002 0.45226171500000006 9.806501547987617 187.50000000000003 6.7368421052631584 7.5000000000000009 203.50000000000003 7.8544891640866883 18.747223924407191 235.50000000000003 -0.96114000499999996 24.852478495173319 175.50000000000003 16.244831388937339 8.5758513931888576
decision_type=2 2 2 2 2 2 2 2 2 2 10 2 2 2 2 2 2 2 2 2 10 2 2 2 2 2 2 2 2 2
left_child=1 3 -2 -1 7 -3 10 -5 11 -7 -6 12 16 -14 -15 -8 17 19 -19 24 29 -22 23 -18 26 -26 27 -9 -29 -21
right_child=2 5 -4 4 6 9 15 8 -10 -11 -12 -13 13 14 -16 -17 22 18 -20 20 21 -23 -24 -25 25 -27 -28 28 -30 -31
leaf_value=-0.013014618876084523 0.049142035840942073 0.0012061815581613901 0.017051685052394648 0.0071784779730740961 0.015940846739654981 0.024042864322742434 -0.0078084723918175657 0.019379608083915718 0.015417476574203141 0.0074128385282512914 -0.0044731138032487313 -0.055991682299954132 0.0045180508044957313 -0.10422836544702892 -0.019892851609630207 0.006741425743422496 -0.048128608823920463 -0.029696366516475826 0.023286691437361867 -0.039751771640988746 -0.026424340221952017 0.037783807208749368 -0.035487038656905882 0.0015100388143030655 0.055516674314307568 -0.036129473450747504 0.00093445237673082699 0.020599097191520782 -0.065310306383799685 -0.010353832238336975
leaf_weight=8440.2120382636786 1848.4551143627614 21901.615255277604 3268.3110831659287 16109.259703557938 3161.1086595654488 3331.064436275512 38098.788921527565 299.90527056157589 3281.9639200009406 9131.6217615157366 3126.8597041107714 193.63425049558282 7536.8956646546721 85.35048595815897 753.07775110378861 2428.9571781866252 340.56118445843458 432.44784303754568 1500.1893176175654 1574.648621995002 286.8340227343142 390.95947525650263 1253.8903178013861 1390.7523279450834 314.13569688051939 121.2641176097095 2920.7237370684743 80.030518911778927 448.70128851756454 826.69085963815451
leaf_count=39672 73723 110480 42424 84409 16120 61223 171927 1531 18161 58448 14736 884 34535 370 3347 14161 1515 2093 8128 7223 1296 1769 5599 6066 1921 532 14274 480 2197 4105
internal_value=0.000184412 -0.000938324 0.0286518 -0.00310265 -0.00214045 0.00506993 -0.00522686 0.00145914 -0.00237471 0.0118593 0.00579036 -0.00518936 -0.00470814 0.00120049 -0.028592 -0.00693631 -0.00877026 -0.0052162 0.0114219 -0.00964392 -0.0207786 0.0106128 -0.0197139 -0.00827637 -0.0014481 0.0299678 -0.00510333 -0.0263604 -0.0522924 -0.0296397
internal_weight=134879 129762 5116.77 95397.8 86957.6 34364.3 46815.7 40141.9 24032.7 12462.7 6287.97 20750.7 20557.1 8375.32 838.428 40527.7 12181.7 9196.53 1932.64 7263.89 3079.13 677.793 2985.2 1731.31 4184.76 435.4 3749.36 828.637 528.732 2401.34
internal_count=803349 687202 116147 457051 417379 230151 216944 200435 116026 119671 30856 97865 96981 38252 3717 186088 58729 45549 10221 35328 14393 3065 13180 7581 20935 2453 18482 4208 2677 11328
is_linear=0
shrinkage=0.05


Tree=58
num_leaves=31
num_cat=0
split_feature=16 1 9 20 1 24 11 12 11 14 14 12 11 14 14 12 20 11 14 24 3 24 12 14 11 11 14 10 20 14
split_gain=1697.75 762.397 500.407 352.416 276.425 271.661 263.022 295.748 393.243 327.036 292.939 296.537 260.646 256.469 245.254 244.835 211.461 210.6 206.026 393.832 261.818 353.737 201.655 180.794 179.892 396.152 178.976 173.323 204.063 343.219
threshold=0.27941177785396581 9.8725229203701037 1.0000000180025095e-35 -9.5233306884765607 22.855610132217411 2.5000000000000004 15.793902891665141 3.4721362229102173 68.440097592586525 265.50000000000006 258.50000000000006 6.7368421052631584 103.36032366453911 270.50000000000006 222.50000000000003 1.6640866873065019 -16.078605651855465 67.867619931397982 231.50000000000003 4.5000000000000009 47.993512723594911 3.5000000000000004 1.3111455108359136 246.50000000000003 53.090817768022937 40.166163226999004 267.50000000000006 -21.798627541214227 51.42878723144532 252.50000000000003
decision_type=2 2 2 2 2 8 2 2 2 2 2 2 2 2 2 2 2 2 2 10 2 10 2 2 2 2 2 10 2 2
left_child=-1 3 4 22 -3 -4 10 8 9 -8 11 -5 27 -12 -14 17 -17 -7 19 -10 21 -20 -2 -23 25 -11 -22 -9 -29 -30
right_child=1 2 5 6 -6 15 7 12 18 24 13 -13 14 -15 -16 16 -18 -19 20 -21 26 23 -24 -25 -26 -27 -28 28 29 -31
leaf_value=0.038944969105233658 0.0034675596004530478 0.0086208975535347048 0.013385178023387937 0.019300794156606741 0.028534992144480589 0.016375822957142915 0.0071713586195739894 -0.00069717555951367841 0.0041901879049467423 -0.0011347666832197362 0.025742510247790226 -0.0053543219404796512 -0.056713152922852977 -0.0086220234587081925 0.023584394668921354 -0.028777060482058272 -0.0022748039513925053 -0.0053563298691277524 -0.029790069554548427 -0.023366334752623348 -0.037050780658479207 -0.0040741294036868185 -0.013208453384180599 0.057679365913091522 0.020653266798645514 -0.047192899263946653 0.033147428212754577 -0.0038572618926598322 -0.020153261762651947 -0.0020661220181948919
leaf_weight=2757.8267013803124 2179.3403463736176 3636.3682464491576 4720.8392949365079 1573.9845467843115 3347.2972294520587 3331.0801382660866 19158.830943781883 18230.87296783179 5102.4792755544186 1244.087284527719 2544.0041344463825 5403.2769171856344 431.04782195389271 689.64674805849791 121.31921419501305 806.23996339738369 11138.236310724169 1674.6707026585937 474.06825865805149 1737.2114229388535 1419.0343304686248 208.59353920817375 10768.831060402095 273.1063045784831 344.85259691625834 746.34552255272865 96.247154131531715 19874.612267483026 6131.8562167435884 4583.1868990212679
leaf_count=83060 9290 34803 29688 9677 81859 19427 91866 82639 23021 5926 14389 26472 1956 3456 520 3526 59000 8591 2236 8170 6507 924 51054 1134 1718 3526 590 89677 28173 21123
internal_value=0.000125265 -0.000686121 0.00653008 -0.00268718 0.0181685 0.00277884 -0.00158198 -0.00254453 0.00129994 0.00501801 0.00597559 0.000209538 -0.00494315 0.0184131 -0.0390662 -0.000175767 -0.00406594 0.00910573 -0.00728295 -0.00281128 -0.0196541 0.000840381 -0.0104016 0.0309848 -0.0126437 -0.01842 -0.032573 -0.00455629 -0.00685615 -0.0124177
internal_weight=134749 131992 28654.7 103337 6983.67 21671.1 90388.7 80177.8 30804.9 21494.1 10210.9 6977.26 49372.9 3233.65 552.367 16950.2 11944.5 5005.75 9310.74 6839.69 2471.05 955.768 12948.2 481.7 2335.29 1990.43 1515.28 48820.5 30589.7 10715
internal_count=803998 720938 236894 484044 116662 120232 423700 369706 145618 103036 53994 36149 224088 17845 2476 90544 62526 28018 42582 31191 11391 4294 60344 2058 11170 9452 7097 221612 138973 49296
is_linear=0
shrinkage=0.05


Tree=59
num_leaves=31
num_cat=0
split_feature=16 0 10 18 20 21 12 5 20 21 24 12 25 20 18 12 25 21 17 18 4 24 24 20 12 12 12 3 25 12
split_gain=1578.61 840.154 653.867 392.404 339.498 235.592 220.776 214.134 202.509 202.05 198.756 152.911 201.144 478.105 189.314 173.471 156.114 156.102 146.193 141.469 134.989 245.556 133.64 124.278 119.971 176.071 296.217 121.078 119.491 117.878
threshold=0.25000000745058065 2.2470753192901616 20.789829982817174 185.39170837402347 -7.7343139648437491 0.91939226000000007 2.339009287925697 8.5000000000000018 -17.53835296630859 1.0861206000000003 5.5000000000000009 2.7198142414860684 21.65932177305222 88.302230834960952 163.92513275146487 11.291021671826627 21.653857684135442 -0.56170388999999987 217.55000305175784 176.38038635253909 66.980697385966792 6.5000000000000009 5.5000000000000009 75.866523742675795 1.9086687306501551 4.0913312693498467 4.4256965944272446 109.28695774078371 22.338983133435253 0.97832817337461309
decision_type=2 2 8 2 2 2 2 2 2 2 10 2 2 2 2 2 2 2 2 2 2 8 8 2 2 2 2 2 2 2
left_child=-1 3 4 5 -3 11 19 -4 -5 22 24 14 13 16 23 -14 -13 -16 28 -6 21 -19 -8 -2 27 -26 -27 -7 -10 -22
right_child=1 2 7 8 6 10 9 -9 18 -11 -12 12 15 -15 17 -17 -18 20 -20 -21 29 -23 -24 -25 25 26 -28 -29 -30 -31
leaf_value=0.040991037029667415 0.032161112962922192 -0.014211106969701027 0.015124256902427602 -0.022872421240589979 0.018428002718708449 0.01084285338489663 0.011720725597130539 0.037107318767786869 -0.014587957175727523 -0.016337295125388018 -0.028909194739409141 -0.0083197284138917024 -0.00030987946452255409 0.019391934406558342 0.0089423862744245786 0.018415046652536394 -0.05064340357784556 0.008846966755326811 -0.022697757602276658 0.004524926796772368 0.023426966569945962 -0.012830644806556837 0.00049456074652078259 0.0022782081911056113 -0.013982807499394692 0.037313032404608606 -0.0052594123816478745 -0.017562009751238762 -0.0029582633390391102 0.0016564652504747182
leaf_weight=2314.4949961639941 903.72441504895687 2392.1017357520759 2650.3562532216311 2535.8342140838504 4333.8883816767484 1715.8054411225021 3807.3523835446686 1905.3775897789747 2895.4507218748331 1366.1108629051596 1018.9150668829679 15293.944401022047 36505.356351975352 1648.3436016403139 5650.6307092495263 1279.2540037073195 220.07286132127047 1866.6125995628536 1414.096139319241 3167.4760367237031 694.5639656111598 4347.0952636152506 8723.9376976173371 565.60441460460424 5588.7451909556985 465.10060606151819 3310.748723089695 479.11099375411868 9305.2090281434357 5863.4647032357752
leaf_count=76152 7931 11586 26153 13310 35431 8323 25489 50316 13322 8058 4951 69544 175720 8285 29039 7132 967 8338 6531 19173 4254 18850 50903 4187 25862 2137 15232 2927 43353 29678
internal_value=6.43702e-05 -0.000654012 0.00697304 -0.00274159 0.00364951 -0.00141866 0.00564666 0.0243245 -0.0099016 0.0019151 -0.00774981 -0.00035447 -0.00171432 -0.00620285 0.00340175 0.000324551 -0.00892333 0.00202363 -0.0074842 0.0125588 -0.00103791 -0.00631826 0.00390604 0.0206673 -0.00588237 -0.00834827 -6.94368e-06 0.00463741 -0.00571918 0.00396541
internal_weight=134229 131914 28346.6 103568 23790.9 87417.1 21398.8 4555.73 16150.6 13897.4 12578.4 74838.7 54947 17162.4 19891.7 37784.6 15514 18422.4 13614.8 7501.36 12771.7 6213.71 12531.3 1469.33 11559.5 9364.59 3775.85 2194.92 12200.7 6558.03
internal_count=803134 726982 227109 499873 150640 423357 139054 76469 76516 84450 59432 363925 261648 78796 102277 182852 70511 90159 63206 54604 61120 27188 76392 12118 54481 43231 17369 11250 56675 33932
is_linear=0
shrinkage=0.05


Tree=60
num_leaves=31
num_cat=0
split_feature=1 18 12 19 14 21 19 22 14 25 25 12 21 14 19 18 21 23 23 14 13 21 25 18 23 5 14 22 22 22
split_gain=1391.49 644.717 544.915 504.718 335.662 331.824 324.447 274.126 234.377 365.262 268.419 266.82 257.581 252.108 474.081 242.715 233.614 230.413 207.346 289.576 280.487 258.03 204.848 198.902 191.442 197.335 187.086 183.533 182.53 172.435
threshold=38.799999505281455 182.33635711669925 2.1965944272445825 0.22058823704719546 176.50000000000003 1.1150733500000001 0.073529412969946875 -0.98463689999999982 253.50000000000003 23.482144188880927 24.601461446285253 4.3544891640866874 -0.17945643499999997 243.50000000000003 0.22058823704719546 156.69117736816409 0.27051234000000007 1.6599746000000002 1.7943998000000001 221.50000000000003 -23.024700004538236 -0.41576999499999995 25.926900374889378 176.00270843505862 0.50913557500000006 12.500000000000002 228.50000000000003 -0.41909230999999997 0.54894245000000008 0.30705543000000007
decision_type=2 2 2 2 2 2 2 2 2 2 2 2 2 2 2 2 2 2 2 2 2 2 2 2 2 2 2 2 2 2
left_child=1 2 6 -2 -3 7 -1 22 9 11 12 24 -10 15 -15 -11 -6 29 19 20 -13 28 -4 -8 26 -26 -9 -14 -21 -7
right_child=3 4 5 -5 16 17 23 8 10 13 -12 18 27 14 -16 -17 -18 -19 -20 21 -22 -23 -24 -25 25 -27 -28 -29 -30 -31
leaf_value=0.038823774749033813 0.049439758721707812 -0.017428717277658098 0.0037352917177753222 0.014955509534931709 -0.00092881869728204133 0.0031201789257018437 0.010406511670618259 -0.0054746217553845317 0.026218221470325806 0.042471580870607456 -0.0037134393995284713 -0.010378775230701657 -0.015935962753390206 -0.052423201946485636 -0.00036048662618459455 0.0030980695125003409 -0.010737170300826653 -0.022346502046467352 -0.027448312644044806 0.00027856985600842706 0.0073366724758646201 -0.032076656132529337 0.021047841553239827 2.4080216911727742e-05 -0.00019467895899570635 0.02254579457828761 -0.039238087226274233 0.010302135043397699 -0.033373366839781558 -0.020629849807197329
leaf_weight=823.88392053171992 1591.1960862800479 6374.3075701072812 6518.8928700033575 3185.2200280874968 16134.194088857621 2721.8939846307039 13422.381386684254 1625.060211872682 2162.6960454564542 398.30283479765058 4529.1935125626624 6166.8342341724783 840.83206714503467 584.73981216736138 1724.9898001495749 19818.877893226221 9732.3023896645755 2863.0585794858634 1662.8694319892675 1706.1907895021141 3502.6264733690768 2102.9449749365449 2314.8454717509449 7028.2755982745439 8019.9033909700811 1081.7944240588695 548.05191034264863 3199.4794512875378 526.53488065861166 1061.5063007939607
leaf_count=12245 72215 31877 34339 43519 77095 14039 84863 7840 12155 8224 26843 27592 4067 4366 8326 107124 46047 14349 7863 8224 17126 9197 17608 36764 37514 7098 2530 15427 2189 5143
internal_value=-4.76088e-05 -0.00102747 0.00100931 0.0264514 -0.00715246 -0.000978084 0.00807899 4.92591e-05 -0.00115769 -0.00261081 0.00554001 -0.00653925 0.012296 0.0020878 -0.0135579 0.00387584 -0.0046195 -0.0116473 -0.0107599 -0.00877667 -0.00396151 -0.0195121 0.00827384 0.00683856 -0.000673553 0.00251035 -0.0140038 0.00483911 -0.00766882 -0.00354704
internal_weight=133974 129197 96956.7 4776.42 32240.8 75682.1 21274.5 69035.7 60201.9 49469.7 10732.2 26942.8 6203.01 22526.9 2309.73 20217.2 25866.5 6646.46 15668 14005.1 9669.46 4335.67 8833.74 20450.7 11274.8 9101.7 2173.11 4040.31 2232.73 3783.4
internal_count=803808 688074 533055 115734 155019 399183 133872 365652 313705 255213 58492 127173 31649 128040 12692 115348 123142 33531 72191 64328 44718 19610 51947 121627 54982 44612 10370 19494 10413 19182
is_linear=0
shrinkage=0.05


Tree=61
num_leaves=31
num_cat=0
split_feature=16 0 7 17 12 12 14 5 11 11 18 24 9 19 14 24 5 14 17 24 17 14 14 18 14 18 9 14 24 12
split_gain=1406.08 752.147 594.287 314.966 244.935 233.106 431.595 233.306 296.116 212.058 198.576 184.063 178.481 390.385 159.301 151.459 136.17 133.08 129.258 125.249 120.786 116.424 138.409 130.077 115.678 112.134 111.327 178.091 109.9 108.072
threshold=0.25000000745058065 1.2512428760528567 1.0000000180025095e-35 213.25555419921878 1.8157894736842108 11.018575851393191 193.50000000000003 3.5000000000000004 50.50536256878646 67.867619931397982 173.1534118652344 3.5000000000000004 9.5000000000000018 0.57352942228317272 269.50000000000006 5.5000000000000009 7.5000000000000009 185.50000000000003 160.38234710693362 2.5000000000000004 184.16620635986331 223.50000000000003 264.50000000000006 167.89705657958987 216.50000000000003 175.55606079101565 24.500000000000004 188.50000000000003 1.5000000000000002 4.3544891640866874
decision_type=2 2 2 2 2 2 2 2 2 2 2 8 2 2 2 10 2 2 2 10 2 2 2 2 2 2 2 2 8 2
left_child=-1 3 4 5 9 7 -7 8 10 16 18 24 13 14 29 21 25 -15 -2 -19 -4 -11 23 -23 -6 -3 -10 28 -28 -9
right_child=1 2 20 -5 11 6 -8 12 26 15 -12 -13 -14 17 -16 -17 -18 19 -20 -21 -22 22 -24 -25 -26 -27 27 -29 -30 -31
leaf_value=0.040038413919062765 0.043013879828158214 0.018964354034861158 0.027606391984688047 -0.020664431031151363 0.0031361807099394359 -0.017300284583872325 0.026983794989485374 0.0047766597425642652 -0.026254766575921126 0.010641695520449204 -0.0072429081258546012 -0.0023343528301596069 0.0010238830805822797 -0.023542954236427181 -0.021446935628292217 -0.042645482842159306 0.025791587129373534 -0.0041312265074423989 0.0019913958729155519 -0.017158365845227529 0.012489762352077254 0.017581271078469869 0.033639641391235237 -0.032589053422788172 0.018488808171484929 0.0019290099704617287 -0.033618434352150832 -0.017068183898649832 0.014604818567388218 -0.0039640348361440437
leaf_weight=2160.9205367993563 196.91041071340442 1795.1864077411592 2952.4868971966207 2453.5096532963216 3843.5981886535883 815.86250783875585 1685.1814015321434 9557.9995926395059 1932.3877761699259 1382.1187631711364 14293.778054464608 17634.504165016115 36192.866460889578 2067.5842801891267 791.87669499963522 210.34392680600286 2026.4959857873619 4686.6450179591775 6461.3029539659619 3043.0749025270343 2396.5916314646602 166.33252166211605 135.21168904751539 569.32513912022114 1801.6319357380271 2090.5804494395852 137.65944717824459 3481.3490386456251 798.77871930599213 5612.0306279417127
leaf_count=76064 2707 11521 66964 11785 20693 3715 9679 52678 9994 6736 64443 87126 167233 9524 4536 955 13782 23415 29404 14120 38131 1169 966 2906 12193 9891 592 16201 3666 29137
internal_value=4.32786e-05 -0.000615692 0.00542442 -0.00298823 0.00281942 -0.00251535 0.0125368 -0.00293727 -0.00678796 0.0101514 -0.00392087 0.000181196 -0.0012402 -0.00442126 0.000401247 -0.0021736 0.0152861 -0.0122774 0.00321087 -0.00926137 0.0208372 0.00162219 -0.0126881 -0.0212371 0.00803826 0.00980203 -0.0162456 -0.0118626 0.00748754 0.00154306
internal_weight=133374 131213 37004.4 94208.8 31655.3 91755.3 2501.04 89254.2 27302.2 8375.59 20952 23279.7 61952.1 25759.2 15961.9 2463.33 5912.26 9797.3 6658.21 7729.72 5349.08 2252.99 870.869 735.658 5645.23 3885.77 6350.17 4417.79 936.438 15170
internal_count=801926 725862 273033 452829 167938 441044 13394 427650 127007 47926 96554 120012 300643 133410 86351 12732 35194 47059 32111 37535 105095 11777 5041 4075 32886 21412 30453 20459 4258 81815
is_linear=0
shrinkage=0.05


Tree=62
num_leaves=31
num_cat=0
split_feature=15 0 9 16 14 12 14 12 9 18 24 12 20 12 14 11 11 11 12 11 11 14 24 11 18 14 20 18 19 24
split_gain=1345.69 634.951 433.536 348.33 256.649 216.024 281.852 195.53 180.236 271.308 186.221 206.398 243.205 194.303 249.174 181.618 269.801 173.333 212.824 152.649 151.221 147.699 162.444 389.792 145.68 142.653 356.949 205.977 174.522 147.179
threshold=15.478336334228517 3.3114246129989628 1.0000000180025095e-35 0.83823528885841381 240.50000000000003 11.018575851393191 193.50000000000003 3.8312693498452015 46.500000000000007 164.89794921875003 2.5000000000000004 0.78482972136222917 -9.5233306884765607 6.7879256965944288 248.50000000000003 47.266789810287982 97.424542144990468 88.744555543150895 3.4721362229102173 43.720096607660828 35.482507067406701 264.50000000000006 5.5000000000000009 42.732788166210021 169.52228546142581 257.50000000000006 67.646110534667983 169.10294342041018 0.60294118523597728 3.5000000000000004
decision_type=2 2 2 2 2 2 2 2 2 2 8 2 2 2 2 2 2 2 2 2 2 2 8 2 2 2 2 2 2 10
left_child=1 3 24 5 -2 8 -7 -6 10 -10 13 -12 15 20 -15 -13 -17 18 21 -11 -1 22 23 -14 -3 26 28 -28 -20 -29
right_child=4 2 -4 -5 7 6 -8 -9 9 19 11 12 17 14 -16 16 -18 -19 25 -21 -22 -23 -24 -25 -26 -27 27 29 -30 -31
leaf_value=0.00090659442149698905 0.045243125829322911 0.033773466585179705 0.0039096024848504973 -0.0081839112117546211 0.039401483281609528 -0.013540695649659477 0.025703798914812961 -0.028816004579889004 -0.059363094072013602 -0.00084723668797534804 0.016610831852648934 -0.0071588959495174232 0.022060769067494119 -0.018537889075580887 0.029725049285048807 -0.034893022825474164 0.060866000137401101 -0.01124364726705477 0.0014602675134834844 -0.012611447671497286 0.012052716628976327 -0.0071822126951918324 0.0095006443063253149 -0.0097888564482454896 0.014026092280227576 0.0041011264856382649 -0.026880201140228589 -0.015320266275950579 -0.0089792158963939127 0.0094118355325572833
leaf_weight=5493.5174245480448 1930.0765027292073 1627.8408186528832 18071.402270209044 19795.629562515765 191.5030848197639 640.12372376769781 1598.1956878714263 230.20291044004261 241.987927518785 6346.5752752199769 1524.2179857753217 5274.2651160396636 1300.2445813603699 1548.2505877334625 322.29428936168551 1127.4591484628618 77.788662634789944 3770.7587561570108 14976.499259155244 4875.181039378047 6821.2991043161601 2456.1823950503021 10613.596952652559 3669.1898061204702 2195.2854337301105 6375.8493682816625 2379.044873541221 1699.8472077175975 5462.9435930810869 929.86714885383844
leaf_count=30131 72488 46628 102123 92695 4913 3006 9319 3283 1132 27888 8794 23849 6719 8024 2231 6003 400 18399 68476 21790 40687 12716 54148 18097 40749 31709 11615 7680 24056 4087
internal_value=4.65845e-05 -0.000625443 0.00714634 -0.00218201 0.037526 -0.000854803 0.0144795 0.00218252 -0.00124818 -0.00709114 -0.000364703 -0.00155344 -0.00201427 0.00480029 -0.0102108 -0.0111634 -0.0286672 -0.000908775 -0.000127022 -0.00595875 0.00708102 0.00421154 0.00600775 -0.00145269 0.0224409 -0.00258635 -0.00426195 -0.0162228 -0.00133024 -0.00657474
internal_weight=133567 131215 21894.5 109321 2351.78 89525.2 2238.32 421.706 87286.9 11463.7 75823.1 61637.8 60113.5 14185.4 1870.54 6479.51 1205.25 53634 49863.3 11221.8 12314.8 18039.2 15583 4969.43 3823.13 31824.1 25448.2 5008.76 20439.4 2629.71
internal_count=803835 723151 189500 533651 80684 440956 12325 8196 428631 50810 377821 296748 287954 81073 10255 30252 6403 257702 239303 49678 70818 91680 78964 24816 87377 147623 115914 23382 92532 11767
is_linear=0
shrinkage=0.05


Tree=63
num_leaves=31
num_cat=0
split_feature=10 19 17 0 17 21 25 22 3 12 23 11 12 22 6 12 11 21 11 23 17 12 17 11 21 12 2 17 10 11
split_gain=1129.44 570.983 459.404 436.964 272.905 241.231 227.482 264.524 208.685 249.457 198.902 197.203 221.636 171.672 166.242 162.481 271.693 212.159 161.158 167.482 157.138 149.102 148.05 117.307 112.716 136.236 118.974 110.323 108.208 107.316
threshold=37.669104519486432 0.60294118523597728 175.45454406738284 5.4374144077301034 217.55000305175784 -0.44844999999999996 25.070076999068263 -0.64515053999999983 38.415232762694366 6.5588235294117654 1.7844480500000002 21.205184842975978 1.0758513931888547 -1.3625972 1.5000000000000002 3.0510835913312699 68.440097592586525 1.5744800000000003 35.261407327714267 0.84468061000000005 173.36931610107425 11.501547987616101 188.74206542968753 100.96431947589475 -1.5734585999999997 2.1687306501547994 13.12591275572777 183.28147888183597 2.1298721939325334 36.565737825728981
decision_type=10 2 2 2 2 2 2 2 2 2 2 2 2 2 2 2 2 2 2 2 2 2 2 2 2 2 2 2 8 2
left_child=1 3 -2 6 5 8 15 27 9 29 11 13 -13 -7 -4 16 22 23 -11 -20 28 -21 -1 -17 -9 -26 -27 -8 -5 -3
right_child=2 4 14 20 -6 10 7 24 -10 18 -12 12 -14 -15 -16 17 -18 -19 19 21 -22 -23 -24 -25 25 26 -28 -29 -30 -31
leaf_value=0.010566523314294113 0.046624930288788155 0.0022459792711702095 0.021019190828540979 0.014395293855149899 -0.023497815187202953 0.059034775513376853 0.019532585180043041 0.017148443440286262 -0.010231555804142478 -0.00044118395408410458 -0.021060050716111264 0.011318104632734917 -0.009008534375455712 0.002882917602127652 -0.006631226331437326 -0.0026775876478604358 -0.0084459877240504033 -0.03203580706056252 0.023752711485434778 -0.037303826598279979 0.0082498626037010043 0.043151849780494578 -0.00054962927203863992 -0.030234613891597886 0.010547084008268558 0.0023970800363781837 -0.0065609809914561352 0.0062956513239413861 0.036730061014909519 0.013743174333141921
leaf_weight=7580.7835094798356 1614.4641478508711 3666.2471100389957 1775.6429857257754 1357.6462127380073 1954.6038334444165 140.94440199434757 3282.0778838414699 1066.9893263112754 3443.5005099363625 2685.7566613145173 2365.6272560898215 1435.1893817353994 20278.723825406283 3319.3618879541755 782.67710556089878 31269.752628676593 4255.5139244496822 641.70422250404954 158.88283763825893 839.42081124335527 7273.3379443250597 61.000993713736534 4951.2814860120416 390.02911941893399 2804.8739353101701 8632.9290883988142 6493.712054412812 3026.6332135982811 904.57326549105346 4547.002320766449
leaf_count=39184 73721 17092 29589 14874 9500 690 27422 6877 19322 12830 11978 8469 94558 15502 3992 147755 22221 2925 705 3725 55172 266 23641 1879 17577 40705 39479 15041 25161 21229
internal_value=0.000149895 -0.000679438 0.0257483 0.00175511 -0.00523067 -0.00439866 0.000463444 0.00431404 0.000612537 0.00373578 -0.00720112 -0.00589801 -0.00766458 0.00518648 0.0125607 -0.00152173 0.00246839 -0.00359546 -0.00695748 -0.0234629 0.0118315 -0.0318114 0.00617496 -0.00301802 0.00136807 0.000428179 -0.0014487 0.0131841 0.0233384 0.00861193
internal_weight=133001 128828 4172.78 83931.8 44896.3 42941.7 74396.3 25307.2 15401.8 11958.3 27539.8 25174.2 21713.9 3460.31 2558.32 49089.1 16787.6 32301.5 3745.06 1059.3 9535.56 900.422 12532.1 31659.8 18998.5 17931.5 15126.6 6308.71 2262.22 8213.25
internal_count=803081 695779 107302 479913 215866 206366 384706 147101 75169 55847 131197 119219 103027 16192 33581 237605 85046 152559 17526 4696 95207 3991 62825 149634 104638 97761 80184 42463 40035 38321
is_linear=0
shrinkage=0.05


Tree=64
num_leaves=31
num_cat=0
split_feature=16 1 18 12 14 21 18 14 12 23 23 23 7 22 14 13 12 11 11 14 12 21 12 11 22 14 11 5 23 23
split_gain=1179.4 551.348 415.726 426.766 330.524 267.34 253.378 235.294 312.185 252.151 380.029 231.028 227.251 224.137 316.486 270.748 274.148 216.719 207.077 212.504 189.622 186.184 189.434 209.053 185.487 167.151 166.725 243.3 159.033 157.571
threshold=0.25000000745058065 38.799999505281455 182.33635711669925 2.1965944272445825 178.50000000000003 1.1150733500000001 167.89705657958987 257.50000000000006 6.8452012383900938 1.1724898500000003 0.48919199500000005 1.6599746000000002 1.0000000180025095e-35 -0.64515053999999983 249.50000000000003 -13.666838580909708 3.3018575851393193 96.005895777764081 42.732788166210021 269.50000000000006 3.9953560371517032 -0.48358499999999999 6.6919504643962862 35.482507067406701 0.16993466000000004 267.50000000000006 67.867619931397982 7.5000000000000009 0.79899701500000009 0.44444790500000003
decision_type=2 2 2 2 2 2 2 2 2 2 2 2 2 2 2 2 2 2 2 2 2 2 2 2 2 2 2 2 2 2
left_child=-1 2 3 6 -4 7 -2 13 9 10 -9 18 -3 14 -5 16 -16 -15 24 25 -19 22 23 -6 -7 -20 27 28 -8 -10
right_child=1 12 4 5 21 11 26 8 29 -11 -12 -13 -14 17 15 -17 -18 20 19 -21 -22 -23 -24 -25 -26 -27 -28 -29 -30 -31
leaf_value=0.038577998839000198 0.016956696739949449 0.0082008479591351002 -0.015683611083105991 0.0055865133733800764 -0.0052797160379980312 0.022503616500725479 -0.0089052643256283155 0.01483909727740223 -0.055255673759313312 0.018385157477336198 -0.012962012869239946 -0.021529420662804485 0.033708197177447635 -0.0026112004769284517 -0.0027542777544252708 0.0040233388709001719 -0.075942608586285543 -0.011771735784526623 -0.012249301681433691 -0.081264002457741638 -0.055555683042969685 -0.0062660705132031591 -0.0082059901988441163 0.015133231332528939 -0.011253346335218677 0.073796044814571637 -0.0034758481591428991 0.018263358722248428 0.0071368029333594464 0.027798448059740185
leaf_weight=1961.9106667395681 4867.6616040281951 2093.0231202021241 6842.0922130979598 14827.014698591083 1909.3217150829732 1097.5253408048302 2222.048777397722 1914.8055722620338 58.021472005173564 1856.5530193839222 3429.0923334509134 2829.413769396022 1498.3804298955947 41738.995884353295 209.18199894763529 482.0720537584275 328.80507464706898 901.75676150247455 1850.3377352543175 108.51037181541324 340.13659368269145 17057.465791318566 2606.9778123609722 3652.4353233799338 645.60177767276764 57.228974962607026 5151.6678919102997 3512.1894972361624 5063.7559833917767 1852.2784972134978
leaf_count=76046 40647 14549 34599 80620 9496 5508 10236 10455 292 10690 18348 14026 49619 203700 984 3259 1490 4621 9347 548 1690 80362 12252 18375 2999 265 30218 23314 24574 11147
internal_value=0.000108099 -0.000468313 -0.00101296 0.000643416 -0.00593754 -0.00112456 0.00697263 -0.00019192 0.00728469 0.00251607 -0.00299951 -0.01074 0.0188493 -0.00134994 0.00373265 -0.0231932 -0.0475432 -0.00322393 -0.00261566 -0.0135244 -0.0237986 -0.0032936 0.00291335 0.00812589 0.0100018 -0.00963054 0.00392473 0.00745551 0.00224369 0.0252483
internal_weight=132966 131004 127413 95344.7 32068.3 74527.3 20817.3 67938.7 9110.75 7200.45 5343.9 6588.62 3591.4 58828 15847.1 1020.06 537.987 42980.9 3759.2 2016.08 1241.89 25226.2 8168.73 5561.76 1743.13 1907.57 15949.7 10798 7285.8 1910.3
internal_count=804276 728230 664062 508978 155084 379989 128989 347296 50932 39493 28803 32693 64168 296364 86353 5733 2474 210011 18667 10160 6311 120485 40123 27871 8507 9612 88342 58124 34810 11439
is_linear=0
shrinkage=0.05


Tree=65
num_leaves=31
num_cat=0
split_feature=15 0 7 1 18 21 12 14 25 23 14 14 25 18 14 23 14 12 4 12 14 14 4 21 23 14 23 14 18 25
split_gain=1139.93 536.558 411.546 371.051 315.921 208.666 300.185 582.273 263.24 251.048 246.109 224.227 218.104 218.116 184.666 177.301 173.409 169.547 160.976 154.907 221.301 713.74 195.929 178.197 269.392 173.75 168.124 180.161 153.127 161.432
threshold=18.030252456665043 3.3772941827774052 1.0000000180025095e-35 21.318968534469608 185.39170837402347 -0.44844999999999996 5.4272445820433441 250.50000000000003 23.499214434623724 1.7844480500000002 216.50000000000003 261.50000000000006 22.061906616389756 164.17825317382815 240.50000000000003 0.59148773500000007 179.50000000000003 3.8312693498452015 76.972490612417474 6.7879256965944288 258.50000000000006 248.50000000000003 181.99794530868533 0.36153364000000004 0.68788874000000011 226.50000000000003 0.47944142000000006 255.50000000000003 162.54412078857425 22.016543841362004
decision_type=2 2 2 2 2 2 2 2 2 2 2 2 2 2 2 2 2 2 2 2 2 2 2 2 2 2 2 2 2 2
left_child=1 4 -3 -4 5 6 10 8 -8 19 15 28 -13 -14 -2 -1 -6 -16 -9 22 21 23 -7 25 -25 -21 -23 -28 -12 -30
right_child=14 2 3 -5 16 9 7 18 -10 -11 11 12 13 -15 17 -17 -18 -19 -20 20 -22 26 -24 24 -26 -27 27 -29 29 -31
leaf_value=-0.040087552536444394 0.046630158083712715 0.0035706128482563236 0.0038539349013381047 0.03569303730791544 -0.01809389184770294 -0.0038448841971871167 -0.014600108020046751 0.034847333735203712 0.00049480325410307337 -0.013000981358498857 -0.010344161199608258 0.025216877743975175 0.024468375209146166 -0.03025092192732767 0.045745815787862854 0.0029117596593918414 -0.0056001940052606905 -0.035490542332479023 0.0062297418458042361 0.020333150640024895 0.023726151723372668 -0.076963907270904602 0.006306201928444756 -0.057806044865236023 0.0030177193215366006 -0.010553722987162761 -0.037337257865297339 0.012481071265753487 0.0094484972431818619 0.027149642755682202
leaf_weight=243.60520934686065 1508.0137540325522 17716.374471610412 1618.842581672594 2104.6478696558625 3515.2402414567769 40453.784330019727 6201.2374583259225 1073.7702735885978 5405.2380918916315 5226.4478635769337 440.80874668061733 439.19432098045945 239.19296051748097 753.83872711099684 115.17917760834098 12039.416178664193 13225.637864951044 142.63760695233941 906.2883548270911 2972.0594617575407 1301.5252937283367 189.12868138030171 5385.5171666685492 200.27814175188541 1904.3182391189039 537.01853024214506 771.18224890902638 236.68331806361675 2106.9217772874981 3319.2218737658113
leaf_count=1151 66303 101684 18691 73088 18924 189154 28392 6316 26602 25781 3631 2615 1768 4466 3473 60134 61295 2222 5424 13339 7123 877 32144 927 8601 2411 3445 1233 11694 19045
internal_value=5.60801e-05 -0.000483905 0.006747 0.0218553 -0.0019051 -0.000759422 0.00241522 -0.00329517 -0.00757084 -0.00253879 0.00637717 0.0136479 -0.00408666 -0.0170593 0.0399486 0.00205577 -0.00822454 0.000838179 0.0217586 -0.00152507 0.00484328 0.00123179 -0.00265215 0.00870722 -0.00279511 0.0156047 -0.0338046 -0.0256373 0.0179772 0.0202795
internal_weight=132293 130527 21439.9 3723.49 109088 92346.7 33168.7 13586.5 11606.5 59177.9 19582.2 7299.18 1432.23 993.032 1765.83 12283 16740.9 257.817 1980.06 53951.5 8112.19 6810.67 45839.3 5613.67 2104.6 3509.08 1196.99 1007.87 5866.95 5426.14
internal_count=801953 729955 193463 91779 536492 456273 171238 66734 54994 285035 104504 43219 8849 6234 71998 61285 80219 5695 11740 259254 37956 30833 221298 25278 9528 15750 5555 4678 34370 30739
is_linear=0
shrinkage=0.05


Tree=66
num_leaves=31
num_cat=0
split_feature=16 6 7 20 22 22 24 12 22 11 20 22 14 14 22 20 17 14 22 14 11 22 12 11 22 11 14 22 22 11
split_gain=1064.12 506.773 431.829 255.748 268.656 216.694 213.609 258.014 200.774 189.803 340.597 226.33 189.729 232.227 199.892 210.475 184.212 193.688 182.787 180.525 277.114 266.557 231.273 258.969 202.354 172.734 235.012 172.115 169.944 167.736
threshold=0.22058823704719546 1.5000000000000002 1.0000000180025095e-35 -6.0307769775390616 0.14726732500000003 0.74209228000000016 3.5000000000000004 0.56811145510835925 -1.7667101999999997 18.035498580788683 16.297058105468754 -0.47345999999999994 270.50000000000006 249.50000000000003 1.5679100000000001 77.815338134765639 178.78430938720706 178.50000000000003 -0.7116301049999999 235.50000000000003 77.785250096994204 -0.48156505999999993 3.9953560371517032 92.67470495860691 -1.5525849499999997 49.240419371982021 175.50000000000003 1.0312679500000002 1.2243577000000003 58.414153906490789
decision_type=2 2 2 2 2 2 8 2 2 2 2 2 2 2 2 2 2 2 2 2 2 2 2 2 2 2 2 2 2 2
left_child=-1 2 6 5 9 18 8 -8 -2 10 11 -5 13 14 15 -6 -4 -18 -3 22 -21 -22 24 29 -11 -9 -27 -28 -15 -24
right_child=1 3 16 4 12 -7 7 25 -10 19 -12 -13 -14 28 -16 -17 17 -19 -20 20 21 -23 23 -25 -26 26 27 -29 -30 -31
leaf_value=0.04096109464762044 -0.014442291436523631 -0.0040899159436254872 0.026297253652316846 -0.033317079217777296 -0.0046250325843175859 0.0074713274829862376 0.027469267747909917 0.002076060961775583 0.010342446956157202 -0.016764928283644821 0.015943546890316615 0.016332169088839672 -0.026493679860724841 0.00018173864450020416 -0.021803785921897946 -0.039289872979004992 -0.015089323024742602 0.013892441128838535 -0.017066177259903975 -0.0035228903750098243 -0.061581843113514306 0.013028413206843038 -0.003513459614272007 -0.039711648142447847 0.0094750407838719176 -0.025623554248820998 -0.0010108384056845769 -0.022522823977791567 0.021744010655881628 0.010162684396440592
leaf_weight=1572.974228891544 896.83756119012833 4647.4022184088826 2510.1510556060821 665.50367836654186 19270.480731971562 1703.5661352425814 805.48788882791996 16077.466663939878 9099.7563896868378 790.14016173407435 4330.3906494751573 349.36441129073501 1005.1467666476965 5976.4106346443295 2053.0591658875346 447.09407281130552 686.45847742445767 3574.3447916768491 6524.6331382319331 11946.829017903656 398.08390750735998 170.5698621943593 11279.465758327395 439.87878117337823 10319.411087721586 1345.2489386275411 8637.5659465808421 1040.9996672086418 1077.7593193948269 2797.1623338386416
leaf_count=69343 5054 21028 63598 3527 85481 8417 4642 83402 54752 4288 24501 1854 4645 27157 10018 1996 8044 55426 32471 56812 1756 766 52207 2017 49890 6345 41786 4730 5896 12496
internal_value=9.42232e-05 -0.000397292 0.00392448 -0.00263733 -0.0014959 -0.00913625 0.0018466 -0.000400001 0.00811768 0.00101087 0.00983379 -0.0162263 -0.00515024 -0.00440509 -0.00695965 -0.00541301 0.0155544 0.00922074 -0.0116691 -0.000225828 -0.00514777 -0.0392186 0.0021781 -0.00197724 0.00760745 -0.0012293 -0.00604968 -0.0033267 0.00347871 -0.000795348
internal_weight=132440 130867 44674.3 86192.4 73316.8 12875.6 37903.4 27906.8 9996.59 43486.8 5345.26 1014.87 29830 28824.8 21770.6 19717.6 6770.95 4260.8 11172 38141.5 12515.5 568.654 25626.1 14516.5 11109.6 27101.3 11023.8 9678.57 7054.17 14076.6
internal_count=804345 735002 327779 407223 345307 61916 200711 140905 59806 210114 29882 5381 135193 130548 97495 87477 127068 63470 53499 180232 59334 2522 120898 66720 54178 136263 52861 46516 33053 64703
is_linear=0
shrinkage=0.05


Tree=67
num_leaves=31
num_cat=0
split_feature=15 1 15 5 0 14 20 12 11 14 14 14 20 12 14 11 12 5 5 14 3 12 14 12 25 20 12 25 11 20
split_gain=1031.03 491.415 351.466 284.857 176.773 173.234 168.866 165.181 140.211 169.689 273.622 236.209 133.295 121.952 138.729 154.001 160.857 125.487 120.373 110.889 167.724 134.467 197.563 269.712 250.51 271.964 228.765 134.649 129.261 110.471
threshold=18.030252456665043 33.635875463485725 2.4365237951278691 11.500000000000002 1.2803452610969546 240.50000000000003 -19.215438842773434 3.8808049535603719 75.951033719080073 227.50000000000003 212.50000000000003 266.50000000000006 -14.578781127929686 2.1269349845201244 236.50000000000003 16.61007971562238 7.0758513931888549 9.5000000000000018 1.5000000000000002 269.50000000000006 25.436236351728443 3.4721362229102173 257.50000000000006 6.8452012383900938 21.65932177305222 79.772979736328139 3.5959752321981431 26.583925327658658 53.090817768022937 75.866523742675795
decision_type=2 2 2 2 2 2 2 2 2 2 2 2 2 2 2 2 2 2 2 2 2 2 2 2 2 2 2 2 2 2
left_child=1 2 6 18 8 -2 -1 -7 12 10 -10 -11 -4 -6 17 -16 -17 -15 -3 21 -21 -14 24 26 -23 27 -24 -26 -22 -18
right_child=5 3 4 -5 13 7 -8 -9 9 11 -12 -13 19 14 15 16 29 -19 -20 20 28 22 23 -25 25 -27 -28 -29 -30 -31
leaf_value=-0.017591450836414873 0.046135462594738282 -0.02763397612574725 -0.0078953298475755909 0.036347512072153358 0.0095857442761598157 0.045963374846752038 -0.0039459740808344976 -0.03543513142724506 -0.01068548097332821 -0.028730888281953873 0.017817346227318509 0.055389991983228887 0.0055124268304804899 0.0014019358134997326 0.013173181709017219 -0.0060860723448079856 -0.012181496813051553 0.012762103480258045 0.010651032361454114 0.0057323789598389295 -0.023785560766541647 -0.0098888686606619994 -0.095434757500669765 0.025431813118986887 -0.00020135638875844089 -0.019516420319323702 0.002647974592805768 0.009287408926934259 0.018301853438127454 -0.078026122243932072
leaf_weight=2404.661759223789 1404.1063717138022 218.60854639858007 4638.6998010575771 1219.9784220894799 7895.7912637684494 111.73991163447499 39449.442548437044 138.3772516772151 3191.1493956036866 1289.9331991299987 1142.7018023654819 88.305666867643595 14713.599253984168 7061.6825574990362 1011.2399298548698 4234.9313718173653 121.5082466378808 3706.2374559678137 3163.423448911868 1207.6511598303914 1489.5899594277143 7348.601095020771 59.428142763674259 1631.1090095154941 12128.626198023558 1490.5534915216267 3668.4597908966243 5403.7733079977334 207.12917379662395 133.91263899020851
leaf_count=12523 66836 1205 21170 39744 59044 3478 185405 2148 15048 6219 5470 471 75920 37535 6300 26614 550 31009 39160 5862 7472 33306 272 9705 56063 7667 17904 27328 1230 883
internal_value=9.73728e-05 -0.000400681 -0.000988172 0.0156452 0.000879465 0.0393109 -0.00473036 0.000967897 -0.000581045 -0.00802979 -0.0031678 -0.0233049 0.000207201 0.00448746 0.00201277 -0.00444605 -0.008416 0.00531284 0.00816892 0.000968973 -0.00850732 0.00156174 -0.000270327 0.00848082 -0.00204891 0.000980037 0.00105921 0.0027236 -0.0186399 -0.0468723
internal_weight=131975 130321 125719 4602.01 83864.6 1654.22 41854.1 250.117 59699.3 5712.09 4333.85 1378.24 53987.2 24165.3 16269.5 5501.59 4490.35 10767.9 3382.03 49348.5 2904.37 46444.2 31730.6 5359 26371.6 19023 3727.89 17532.4 1696.72 255.421
internal_count=803541 731079 650970 80109 453042 72462 197928 5626 291107 27208 20518 6690 263899 161935 102891 34347 28047 68544 40365 242729 14564 228165 152245 27881 124364 91058 18176 83391 8702 1433
is_linear=0
shrinkage=0.05


Tree=68
num_leaves=31
num_cat=0
split_feature=15 0 18 5 21 23 4 14 23 20 14 14 21 11 18 25 14 11 4 11 14 11 7 23 14 18 20 11 14 14
split_gain=959.283 467.878 344.998 308.115 250.707 347.818 254.197 259.751 232.127 296.473 317.015 707.258 234.906 230.491 180.296 179.807 161.832 398.656 237.338 164.36 157.756 155.768 154.52 150.966 162.962 150.647 145.731 226.145 218.322 327.336
threshold=19.744426727294925 7.0434880256652841 190.41741943359378 8.5000000000000018 0.27051234000000007 1.6901442000000002 126.26765157282354 156.50000000000003 0.73998249000000016 -2.4217987060546871 237.50000000000003 253.50000000000003 -0.55150461499999992 20.325362273898474 169.43404388427737 23.92355791628361 220.50000000000003 111.65133048040369 81.063779249787345 32.347828984606572 243.50000000000003 23.372189530774076 1.0000000180025095e-35 0.44444790500000003 219.50000000000003 164.17825317382815 -14.578781127929686 96.005895777764081 216.50000000000003 240.50000000000003
decision_type=2 2 2 2 2 2 2 2 2 2 2 2 2 2 2 2 2 2 2 2 2 2 2 2 2 2 2 2 2 2
left_child=1 2 4 25 8 6 7 -6 9 -1 16 12 20 -14 -15 -13 17 23 19 -18 -12 -16 -5 -11 -25 -3 27 -9 -28 -30
right_child=-2 3 -4 22 5 -7 -8 26 -10 10 11 15 13 14 21 -17 18 -19 -20 -21 -22 -23 -24 24 -26 -27 28 -29 29 -31
leaf_value=-0.016479536566120744 0.041831547278139099 0.034336179984569691 -0.014672269909412962 0.012899123117512288 0.018252026524023888 -0.01419201639546919 0.005639693841967751 -0.027266245616497597 0.0029995746065993364 0.0099573348172816416 0.035696787602420177 0.015233336416804553 -0.0025424544730954348 -0.058411967013565061 -0.074499627451544218 -0.0056349842068861445 0.025822776052569531 -0.076406158495824952 0.028001853205353783 -0.0065825151622005487 -0.041609793006402669 -0.023507311618826909 0.032589092469860186 -0.0023150044102222623 -0.061854936644075258 0.0011368369084777021 4.1090338805730719e-05 0.060400271595027401 -0.022036860942927419 -0.0035849688493237264
leaf_weight=3493.351595742628 1366.300268038176 359.74761855043471 4558.7376079875976 2799.7236415669322 1224.131803587079 6694.3475595861673 8723.6895776204765 1188.0320552922785 50501.298078908585 3514.9288802566007 241.5558800585568 2174.9812812507153 630.96322705037892 676.26673583406955 164.0336941331625 1963.0112188840285 531.40958194434643 163.60767922177911 1560.4541751714423 1475.3733557034284 89.725728171877563 1654.0074240397662 1548.117601073347 4362.0659171948209 117.03745416179299 6472.2231792099774 12602.527312457561 77.484966892749071 3569.8979380205274 7353.8974429611117
leaf_count=17156 65958 6459 22267 21283 5895 34530 51258 6665 266503 17051 1313 11200 2830 3751 675 11076 2296 929 8599 6338 524 7634 55355 21398 563 44875 59571 427 16460 33281
internal_value=0.000168802 -0.000267757 -0.0011843 0.00951245 -0.000648321 -0.0037571 -0.00174593 -0.0042226 0.00110865 -0.00307728 -0.000653148 -0.00861074 -0.0253022 -0.0295454 -0.0363723 0.0053347 0.00450151 0.000616589 0.013383 0.00200721 0.0146965 -0.0281465 0.0199159 0.00220231 -0.00388422 0.00288977 -0.00533301 -0.0218552 -0.00444337 -0.00961652
internal_weight=131853 130487 119307 11179.8 114748 41434 34739.7 26016 73314.1 22812.8 19319.4 7594.55 3456.55 3125.27 2494.31 4137.99 11724.9 8157.64 3567.24 2006.78 331.282 1818.04 4347.84 7994.03 4479.1 6831.97 24791.8 1265.52 23526.3 10923.8
internal_count=804120 738162 610190 127972 587923 208087 173557 122299 379836 113333 96177 39003 16727 14890 12060 22276 57174 39941 17233 8634 1837 8309 76638 39012 21961 51334 116404 7092 109312 49741
is_linear=0
shrinkage=0.05


Tree=69
num_leaves=31
num_cat=0
split_feature=1 20 12 11 18 24 21 23 11 12 18 23 21 23 11 11 25 20 20 18 11 20 18 23 11 12 11 24 12 11
split_gain=880.447 375.88 360.738 512.107 349.58 294.522 272.93 325.834 256.744 287.268 255.133 221.361 314.86 240.058 217.493 193.679 170.745 276.658 162.976 192.031 161.574 215.842 668.892 336.138 564.533 283.722 229.936 249.14 216.985 203.246
threshold=43.361064784228809 -3.9687194824218746 2.1470588235294121 67.867619931397982 164.45683288574222 2.5000000000000004 -1.2603949499999998 1.7646245500000002 96.005895777764081 4.2925696594427256 180.2159118652344 0.79899701500000009 -0.33969499499999994 0.31938626000000009 44.552299488635718 58.729286920959744 23.482144188880927 81.246215820312514 41.358283996582038 176.38038635253909 15.793902891665141 53.358283996582038 163.92513275146487 1.1608809500000004 59.618031340925135 3.4721362229102173 64.435121413435652 4.5000000000000009 7.6532507739938085 40.912814533885793
decision_type=2 2 2 2 2 10 2 2 2 2 2 2 2 2 2 2 2 2 2 2 2 2 2 2 2 2 2 10 2 2
left_child=1 10 3 11 -2 18 16 8 20 -10 14 12 -3 -14 -1 -15 17 -4 -5 -20 -8 22 -22 24 25 -23 27 28 29 -25
right_child=4 2 6 5 -6 -7 7 -9 9 -11 -12 -13 13 15 -16 -17 -18 -19 19 -21 21 23 -24 26 -26 -27 -28 -29 -30 -31
leaf_value=0.0018007863856265031 0.048841493664059189 0.032919711414132753 -0.0032336281364592277 0.012970152643177753 0.014238334569156059 -0.014657594291286111 0.0064651680083087186 -0.013020709260609473 -0.0087982033585126754 -0.054766863691213231 -0.012497924072355374 0.018296189844972926 0.024148521379546744 -0.019251486314482757 -0.014025301227384636 0.011370330946105676 0.01503321462485855 0.040139995449019215 0.0072230402395678369 -0.023191838148303844 0.031680469009038474 0.0035006517545298436 -0.00020840939529843161 0.02401061173034167 -0.040610869763336055 -0.010619953125605514 0.036010444006112634 -0.0074009273972688531 -0.038977589366180738 -0.0064649450850220976
leaf_weight=9659.9021057691425 1071.8147861743346 741.61761158518493 3933.8831194872037 2709.7448016675189 2287.5981609104201 3229.2838747948408 7916.0049927867949 5890.8553716875613 1761.7368037067354 420.26775001548231 9934.3207771033049 7762.1127980193123 634.00749776232988 1762.5875725541264 2799.1254119258374 729.38190302625299 4117.5341361956671 404.53884406015277 1239.0993827302009 891.5376793295145 1723.0875894064084 5302.6651569409296 35594.803545655683 2058.461634542793 1267.935500100255 10804.573897400871 534.25880723260343 3384.8976485980675 191.428213451989 744.50327713601291
leaf_count=44942 68195 5190 19987 16150 34660 20136 43711 32207 9083 2176 50298 56836 4276 11026 14060 4645 27040 2672 10745 5457 22423 29175 167351 13067 6951 55800 2770 16537 1001 4555
internal_value=2.55368e-05 -0.000636977 0.000609169 0.00671246 0.0252897 -0.00296527 -0.000788091 -0.00171769 -0.000788923 -0.0176731 -0.00652157 0.0134274 0.00365359 -0.00329792 -0.00175564 -0.0102877 0.00774146 0.00081909 0.00483673 -0.00550858 -0.000258758 -0.00112282 0.00126481 -0.00479116 -0.00850135 -0.00597138 0.0045332 0.00189178 0.0123953 0.0159165
internal_weight=131504 128144 105751 19699.4 3359.41 8069.67 86051.4 77595.5 71704.6 2182 22393.3 11629.7 3867.59 3125.98 12459 2491.97 8455.96 4338.42 4840.38 2130.64 69522.6 61606.6 37317.9 24288.7 17375.2 16107.2 6913.55 6379.29 2994.39 2802.96
internal_count=803122 700267 590967 134461 102855 52488 456506 406807 374600 11259 109300 81973 25137 19947 59002 15671 49699 22659 32352 16202 363341 319630 189774 129856 91926 84975 37930 35160 18623 17622
is_linear=0
shrinkage=0.05


Tree=70
num_leaves=31
num_cat=0
split_feature=16 20 1 7 18 19 12 20 19 17 20 11 20 11 12 17 6 11 12 4 23 12 18 25 23 23 20 11 23 12
split_gain=869.106 437.252 557.797 304.522 264.722 249.867 312.694 255.709 349.076 311.896 238.886 232.417 226.201 225.621 220.311 223.959 214.525 178.095 175.686 175.388 167.647 180.874 155.695 155.575 155.296 152.475 172.124 196.831 152.122 180.326
threshold=0.1911764740943909 -4.4447250366210929 24.532674551010135 1.0000000180025095e-35 174.09375000000003 0.60294118523597728 2.1965944272445825 52.868820190429695 0.22058823704719546 179.44565582275393 60.573593139648445 67.867619931397982 96.257354736328139 96.005895777764081 4.3544891640866874 166.70588684082034 1.5000000000000002 20.631915132800589 7.7910216718266261 101.70197010785343 1.1008879500000004 2.2461300309597529 189.99815368652347 24.131919300556188 0.87074590000000007 0.79899701500000009 74.476669311523452 52.16049636443703 0.79899701500000009 4.1099071207430358
decision_type=2 2 2 2 2 2 2 2 2 2 2 2 2 2 2 2 2 2 2 2 2 2 2 2 2 2 2 2 2 2
left_child=-1 4 5 -4 -2 6 11 8 -8 12 -7 25 14 24 19 -16 -5 -11 20 -9 21 -19 28 -14 -10 26 -3 -28 29 -6
right_child=1 2 3 16 22 10 7 9 13 17 -12 -13 23 -15 15 -17 -18 18 -20 -21 -22 -23 -24 -25 -26 -27 27 -29 -30 -31
leaf_value=0.043157837300174709 0.0019010634458747875 0.013441367579475803 0.0064005525174372557 0.032854847185046387 -0.024987063099820184 -0.0061913476019490963 0.023770405930071757 -0.018111907141273319 0.0079819689086544406 0.010515117989162019 0.0029288062941194393 0.00035008115705530271 0.016221297386265311 -0.018745579216087958 -0.040615280554266685 -0.015055246766666117 -0.023987335401376177 -0.083171970288840255 -0.034339249108074746 0.0056608862816041848 0.0075560822218787198 -0.0052352787983321707 -0.02385057783800271 -0.0064103695652853497 0.00011397685240843323 0.020174485219905221 -0.038847356089262625 0.013900812257738799 -0.0055439555382678874 0.0011955525522804426
leaf_weight=1154.3042096709833 6279.7474387697875 1669.1532694511116 3804.9142917152494 2336.7107408726588 2397.84389629215 23975.817197781056 1943.9399772882462 1319.3859085384756 9579.466628793627 3961.0080132521689 10248.525799056515 4461.3682997338474 1135.1005219817162 1265.8744472377002 1123.7334882169962 3611.4847337305546 177.97213756665587 74.523058760911226 404.01298995316029 1880.4594180006534 3663.0555426515639 5243.657515078783 1851.0299892239273 2288.9279436506331 18158.073619585484 4676.5087073259056 404.10182945616543 313.17435925081372 10759.995710527524 905.85641631111503
leaf_count=62317 31280 9875 27974 83375 12086 109898 18397 6302 43542 20653 49351 26107 5846 6116 7735 17779 1321 368 1738 12394 17842 24266 10037 14682 87779 32100 2443 2079 52108 4705
internal_value=-1.74986e-05 -0.000401443 0.000915248 0.0153264 -0.00679176 1.69645e-05 0.00178853 0.000236145 0.00326429 -0.00355706 -0.0034603 0.0092846 -0.00964626 0.00188911 -0.0142807 -0.0211283 0.028824 0.00162583 -0.00212658 -0.0041439 -0.000673857 -0.00634283 -0.0102217 0.00109481 0.00283146 0.0149273 0.00464068 -0.0158294 -0.00842637 -0.0178097
internal_weight=131070 129915 107721 6319.6 22194.5 101401 67177 55652.7 30947.4 24705.3 34224.3 11524.3 11359.1 29003.4 7935.06 4735.22 2514.68 13346.3 9385.25 3199.85 8981.24 5318.18 15914.7 3424.03 27737.5 7062.94 2386.43 717.276 14063.7 3303.7
internal_count=802495 740178 629962 112670 110216 517292 358043 285439 155834 129605 159249 72604 64738 137437 44210 25514 84696 64867 44214 18696 42476 24634 78936 20528 131321 46497 14397 4522 68899 16791
is_linear=0
shrinkage=0.05


Tree=71
num_leaves=31
num_cat=0
split_feature=1 18 18 6 1 7 11 14 14 6 20 11 14 24 10 25 20 20 11 14 14 19 14 3 3 11 24 24 17 14
split_gain=755.577 349.569 325.538 291.987 210.547 217.827 150.158 185.663 262.628 152.161 136.506 134.547 150.97 133.154 130.246 122.819 210.07 129.429 122.502 140.142 142.374 115.588 159.334 134.169 120.507 113.94 110.987 110.385 103.43 102.009
threshold=45.359429240226753 190.41741943359378 164.45683288574222 1.5000000000000002 12.063337847590448 1.0000000180025095e-35 15.017229010400021 258.50000000000006 270.50000000000006 21.500000000000004 -8.9246292114257795 51.624088383588266 175.50000000000003 1.0000000180025095e-35 5.5521471783518797 23.482144188880927 91.693748474121108 107.39705657958986 75.951033719080073 226.50000000000003 212.50000000000003 0.57352942228317272 213.50000000000003 10.733306229114534 38.881517410278327 52.327960417574225 2.5000000000000004 3.5000000000000004 184.30517578125003 200.50000000000003
decision_type=2 2 2 2 2 2 2 2 2 2 2 2 2 10 10 2 2 2 2 2 2 2 2 2 2 2 8 8 2 2
left_child=1 3 -2 4 11 27 7 -5 -9 10 13 -1 -13 -8 -7 18 21 25 -12 20 -20 26 24 -24 -23 -18 -17 -6 -16 -14
right_child=2 -3 -4 6 5 14 9 8 -10 -11 15 12 29 -15 28 16 17 -19 19 -21 -22 22 23 -25 -26 -27 -28 -29 -30 -31
leaf_value=0.0033360935122773838 0.049023881422278877 -0.01378492737449977 0.013574771137591563 8.9830579026963813e-05 0.011989688060126834 0.0011575177050872913 -0.01802687723331901 0.024644807486347162 -0.014184057307384632 -0.012656546526012098 -0.0022493740619610103 -0.021840089423026343 0.0059342096411676487 -0.0036481832334665852 0.030583949482296022 0.014714651917494796 -0.02478635255261865 0.010141850827228259 -0.013062345369896694 -0.030239227822037803 0.010940860825427202 -0.0034018983161715442 0.01610447591288992 -0.00025223973553010923 -0.020615928535781172 0.013299554837215032 0.0032719566280657178 0.0014787494480732752 0.012408998253733323 -0.0058927176195091658
leaf_weight=15419.961758676916 950.35319488774985 4815.3009437602013 2032.4814019398764 7776.0415085069835 3483.0657713990659 916.3457299740985 2456.2433080375195 1912.2917005717754 563.08938620984554 3560.6633196771145 28272.795938558877 1080.4545037243515 2728.0819862410426 4672.3680222481489 1772.7600296074525 2569.4400454778224 1528.9223413653672 449.84097495675087 2410.4009664729238 803.02993627637625 829.70923878252506 4256.544783167541 1690.7341037988663 4842.011761046946 1334.9656362533569 224.65355008468032 12075.129023719579 8825.6447730660439 1405.0381339173764 5491.9048602897674
leaf_count=80431 66264 23914 31678 39156 25145 13073 12844 11803 2849 15994 127946 5133 13102 22561 48742 17120 7912 2716 10959 3648 3836 19282 7512 21898 5871 1267 57266 52770 23183 28059
internal_value=8.97499e-06 -0.000570078 0.0248818 -5.41018e-05 0.00338576 0.00777764 -0.00177442 0.00388691 0.01581 -0.00258078 -0.00205622 0.000471394 -0.00427807 -0.00860436 0.0177669 -0.00129446 0.00106943 -0.0137668 -0.00341374 -0.0115533 -0.00691426 0.00229111 -0.00131981 0.00398284 -0.00751468 -0.0199023 0.00528048 0.00445382 0.0225545 -0.00196731
internal_weight=131150 128167 2982.83 123352 41123.3 16402.9 82228.9 10251.4 2475.38 71977.5 68416.8 24720.4 9300.44 7128.61 4094.14 61288.2 28972.2 2203.42 32315.9 4043.14 3240.11 26768.8 12124.3 6532.75 5591.51 1753.58 14644.6 12308.7 3177.8 8219.99
internal_count=803934 705992 97942 682078 289638 162913 392440 53808 14652 338632 322638 126725 46294 35405 84998 287233 140844 11895 146389 18443 14795 128949 54563 29410 25153 9179 74386 77915 71925 41161
is_linear=0
shrinkage=0.05


Tree=72
num_leaves=31
num_cat=0
split_feature=15 5 1 11 22 14 14 21 25 6 17 17 22 21 21 22 11 9 9 21 23 21 14 22 14 11 11 14 11 22
split_gain=777.178 377.252 568.526 358.134 282.678 250.177 385.278 240.043 242.733 237.54 233.169 224.541 223.475 229.073 222.806 198.953 202.045 197.284 192.937 179.742 219.591 173.883 216.686 182.095 209.548 231.714 191.582 166.667 251.015 161.532
threshold=21.682642936706547 7.5000000000000009 19.536829054355625 50.50536256878646 0.45226171500000006 176.50000000000003 195.50000000000003 0.69073289500000012 21.305684790015224 1.5000000000000002 160.11765289306643 213.25555419921878 -0.46755985499999991 -0.77317857499999987 -0.44844999999999996 0.62641051500000011 92.67470495860691 1.0000000180025095e-35 15.500000000000002 -1.2603949499999998 2.1096805500000007 -0.62302365999999998 211.50000000000003 -0.15288999499999997 249.50000000000003 52.834792444292155 103.36032366453911 269.50000000000006 40.166163226999004 -1.1913062499999998
decision_type=2 2 2 2 2 2 2 2 2 2 2 2 2 2 2 2 2 2 2 2 2 2 2 2 2 2 2 2 2 2
left_child=1 3 4 10 19 15 7 12 -9 17 -1 -12 13 29 -15 -5 -17 -4 27 -3 -21 22 -8 26 -25 -26 -23 -6 -29 -7
right_child=-2 2 9 5 18 6 21 8 -10 -11 11 -13 -14 14 -16 16 -18 -19 -20 20 -22 23 -24 24 25 -27 -28 28 -30 -31
leaf_value=0.03947491436860906 0.04345623631772455 0.016610246728654392 0.032443015706672275 -0.021840710841600997 -0.0062819164215882368 0.065065846637720678 -0.014135983826562538 0.025338496473625516 -0.029115475595208176 -0.0097050081510173698 0.00018693044924977722 -0.018531812989456498 -0.00043830191055500102 0.046818274162410585 0.013521468923748859 -0.0088589871783203711 0.045181786521255672 0.012073669340382447 0.0071229615329286775 0.0034306021722112891 -0.027017979982728032 -0.0066404857739361667 0.017700793915259427 -0.019340738951079441 -0.053192945956587016 0.042016357954351352 0.042197981500498076 -0.050173743136090722 0.018329396739694161 -0.019101971900200593
leaf_weight=368.55663862172514 1024.0898109776899 2560.5783699844033 2405.6673427997157 4206.9876445513219 9626.9801150299609 64.017274152487516 956.08711370639503 271.75940857455134 819.85543823149055 656.01734613627195 53470.051152318716 1650.5545625947416 2466.7848937213421 899.41659751906991 1139.3161613745615 806.99501777160913 219.07183152716607 2352.6108382362872 2661.8778642974794 27444.620049539953 604.19953386858106 4826.3093518540263 1209.401249203831 6278.0237143253908 82.251745427027345 274.80233970656991 208.52800036221743 498.86766856536269 181.97133951634169 462.23408150114119
leaf_count=6627 59489 17070 85177 23860 46209 316 4576 1299 4108 4089 258814 8104 11386 4101 5123 4448 1255 19561 11907 153307 3134 23941 6851 30113 385 1363 990 2320 905 2095
internal_value=9.12142e-05 -0.000251589 0.00320916 -0.00235314 0.00131049 -0.00729704 -0.00474519 0.00569633 -0.0155483 0.0184884 -0.000108537 -0.000373917 0.0103074 0.0206379 0.0282266 -0.017027 0.00271182 0.0223766 -0.00487569 0.00393174 0.00277377 -0.00936656 0.00364447 -0.011781 -0.0172212 0.0199964 -0.00460976 -0.00797459 -0.0318645 -0.00875916
internal_weight=130698 129674 48993.4 80681 43579.1 25191.8 19958.8 6123.38 1091.61 5414.3 55489.2 55120.6 5031.77 2564.98 2038.73 5233.05 1026.07 4758.28 12969.7 30609.4 28048.8 13835.4 2165.49 11669.9 6635.08 357.054 5034.84 10307.8 680.839 526.251
internal_count=802923 743434 343679 399755 234852 126210 96647 28428 5407 108827 273545 266918 23021 11635 9224 29563 5703 104738 61341 173511 156441 68219 11427 56792 31861 1748 24931 49434 3225 2411
is_linear=0
shrinkage=0.05


Tree=73
num_leaves=31
num_cat=0
split_feature=15 6 1 7 21 21 23 14 14 20 19 21 14 14 14 21 18 17 5 23 23 14 23 23 20 17 19 21 21 13
split_gain=787.277 341.856 368.545 351.445 228.476 264.453 191.723 192.496 184.326 241.454 230.952 188.402 170.169 180.763 179.246 202.538 154.473 152.916 172.453 139.79 155.333 185.586 141.332 135.087 149.326 190.358 171.345 145.947 132.921 128.674
threshold=21.682642936706547 1.0000000180025095e-35 24.102101594209675 1.0000000180025095e-35 1.1150733500000001 1.1604920000000003 1.6901442000000002 250.50000000000003 255.50000000000003 82.68857574462892 0.60294118523597728 -1.2828898499999999 256.50000000000006 266.50000000000006 272.50000000000006 1.3154362500000001 163.92513275146487 159.91176605224612 2.5000000000000004 1.2044423500000001 0.71783736500000017 259.50000000000006 0.75092938500000006 2.4041249500000004 52.868820190429695 179.38796234130862 0.22058823704719546 -0.087392471699999988 1.23086125 -31.999912161772183
decision_type=2 2 2 2 2 2 2 2 2 2 2 2 2 2 2 2 2 2 2 2 2 2 2 2 2 2 2 2 2 2
left_child=1 2 -1 -4 8 -6 7 29 9 10 17 -11 28 -14 -15 -16 -13 -3 -19 20 -10 -22 -23 24 26 -26 -20 -27 -9 -7
right_child=-2 4 3 -5 5 6 -8 12 19 11 -12 16 13 14 15 -17 -18 18 23 -21 21 22 -24 -25 25 27 -28 -29 -30 -31
leaf_value=0.0021446541665028069 0.044618201159150307 0.03715496290932619 0.0065864714864884268 0.035251391599031477 -0.030409810448649956 -0.016098919455902475 -0.013951343098161496 -0.027762492109786624 0.0077188156012808068 0.035129159815003565 -0.0047305068459153905 -0.037628992399033272 -0.010985561065626606 0.050963291249140147 -0.084116917709603473 0.026660821277339264 -0.0074607412867222847 -0.0048466080953184359 0.023676220969364385 0.013150807643396462 0.017132288146987824 -0.057556716905784414 -0.0078622425421519 -0.017746409439670558 -0.010709673950338602 0.010158540852875543 0.0038356717835221869 -0.0045684820701058903 0.05160540821126524 0.0041462574549010504
leaf_weight=21191.709259509109 983.12132327072322 287.1748087015003 2700.2395164743066 1769.9878683593124 1234.2466676868498 1620.4984422065318 3879.4834896065295 60.333451882004738 4854.6548939310014 144.81670202128589 29781.386700518429 945.1677680183202 721.3423158749938 314.53383095189929 61.80311144143343 119.38210735842586 770.43070686236024 11143.476409371942 1135.9571935366839 3588.2703776843846 767.82089774124324 148.15417158231139 3533.1926922630519 827.63961496204138 4138.1584386155009 3420.1465026512742 25399.193234562874 3309.063672427088 390.04327220097184 1520.471829643473
leaf_count=131151 59701 4682 22081 78290 5999 7897 19127 250 24774 883 138608 5860 3584 1543 269 562 3721 51350 9670 21435 4005 683 18003 4155 22966 18108 121173 15128 1802 7332
internal_value=6.6004e-05 -0.000271836 0.00489704 0.0179417 -0.00154586 -0.00876218 -0.00568366 0.000988314 -0.00078563 -0.00166641 -0.0012493 -0.0194671 0.0147139 0.00498496 0.0281997 -0.0113803 -0.0240935 0.000838418 0.000626439 0.00476859 0.00153469 -0.00521325 -0.00987726 0.00222183 0.00266415 -0.00227239 0.0046859 0.00291698 0.0409352 -0.00630049
internal_weight=130762 129779 25661.9 4470.23 104117 9922.14 8687.89 4808.41 94194.7 81302.6 79442.2 1860.42 1667.44 1217.06 495.719 181.185 1715.6 49660.8 49373.6 12892.1 9303.82 4449.17 3681.35 38230.2 37402.5 10867.4 26535.2 6729.21 450.377 3140.97
internal_count=804792 745091 231522 100371 513569 48365 42366 23239 465204 396304 385840 10464 8010 5958 2374 831 9581 247232 242550 68900 47465 22691 18686 191200 187045 56202 130843 33236 2052 15229
is_linear=0
shrinkage=0.05


Tree=74
num_leaves=31
num_cat=0
split_feature=16 0 9 21 14 14 11 11 25 14 21 18 14 12 12 14 11 12 11 21 14 11 11 4 21 20 12 21 11 12
split_gain=734.424 329.007 277.311 197.025 232.139 237.136 272.539 240.212 214.043 425.11 207.867 197.106 199.559 260.21 251.934 179.995 231.934 274.956 169.873 166.226 252.561 207.582 200.715 164.805 164.56 153.613 151.623 201.372 166.182 151.069
threshold=0.1911764740943909 1.0293335318565371 1.0000000180025095e-35 0.27051234000000007 240.50000000000003 216.50000000000003 116.05492840440881 37.705012688695838 21.65932177305222 253.50000000000003 2.1251499500000004 169.52228546142581 202.50000000000003 1.6640866873065019 3.6207430340557281 264.50000000000006 28.886018813636749 1.7321981424148609 96.005895777764081 1.1604920000000003 267.50000000000006 40.001929172009973 36.318281658408999 109.19565428793432 0.78214648000000009 -23.098388671874996 1.8157894736842108 -0.43871623499999995 67.867619931397982 8.5758513931888576
decision_type=2 2 2 2 2 2 2 2 2 2 2 2 2 2 2 2 2 2 2 2 2 2 2 2 2 2 2 2 2 2
left_child=-1 3 -3 8 5 11 7 -7 9 -2 15 -5 13 -13 -14 23 -17 -18 -16 21 -21 -19 -22 24 -6 -10 28 -28 -4 -15
right_child=1 2 26 4 10 6 -8 -9 25 -11 -12 12 14 29 18 16 17 19 -20 20 22 -23 -24 -25 -26 -27 27 -29 -30 -31
leaf_value=0.042418897997012629 -0.0081518073430865302 0.014444198814440479 0.012124393935974878 0.0068287182373230303 -0.012944272361054094 -0.0056240740328409233 0.030605389155038888 -0.030190061604898039 -0.012244526701599895 0.016224684102527288 -0.043646707098698223 0.010316647175250764 -0.012581464824101891 -0.014279350570438363 0.01670472222198606 0.0043949505254718257 0.034750559960410758 -0.022279117090357244 -0.050965926950744311 -0.047608650311497004 -0.033089508101783446 -0.069463301979835343 0.044927471870585399 0.01267562443532403 0.0066732942267738573 0.0021802107799681436 0.0058832178699293651 -0.0034588418657605642 -0.003025960832703367 -0.04896744794198378
leaf_weight=1006.7267762422562 14624.763781689107 4973.7996789049357 5983.4253026731312 2637.8671262841672 1821.8861665353179 1538.0457440279424 265.15993953496218 2820.6952865347266 1933.1755276396871 2036.7847605198622 263.86517244949937 1092.0128719210625 1732.2758839130402 7096.0393243022263 1912.9841839782894 1809.691521294415 195.86566081643105 603.57744986377656 96.505125381052494 234.68651977553964 123.44553905539215 380.32192458771169 243.74479867517948 3895.1469734534621 2583.7886600494385 40334.997455317527 8927.1462187059224 16297.928249880672 2594.3171855472028 327.62344299256802
leaf_count=62368 67831 116027 37072 13498 7894 7047 1271 13576 9494 11052 1236 4965 8083 35496 8781 8895 1046 2760 505 1040 557 1701 1140 19302 11171 202411 50481 81999 13611 1605
internal_value=-0.000100525 -0.000431696 0.00342239 -0.00208117 -0.00526136 -0.00863913 -0.0185295 -0.0215249 -0.000371726 -0.00517112 0.000162679 -0.00556787 -0.00823602 -0.0124646 0.00138827 0.00113832 -0.00821222 -0.0210132 0.0134311 -0.0279183 -0.00720345 -0.04057 0.0186803 0.00518431 -0.00144029 0.00152021 0.00180024 -0.000152588 0.00754239 -0.0158166
internal_weight=130388 129382 38776.6 90605 31675.2 19519.2 4623.9 4358.74 58929.7 16661.5 12156 14895.3 12257.4 8515.68 3741.77 11892.2 3591.33 1781.64 2009.49 1585.78 601.877 983.899 367.19 8300.82 4405.67 42268.2 33802.8 25225.1 8577.74 7423.66
internal_count=803915 741547 299190 442357 151569 94827 21894 20623 290788 78883 56742 72933 59435 42066 17369 55506 17139 8244 9286 7198 2737 4461 1697 38367 19065 211905 183163 132480 50683 37101
is_linear=0
shrinkage=0.05


Tree=75
num_leaves=31
num_cat=0
split_feature=15 16 22 4 21 14 14 19 14 21 25 13 14 21 14 23 13 21 20 14 14 14 19 23 22 21 23 23 14 23
split_gain=683.642 328.464 259.584 424.315 340.493 279.365 349.784 336.421 258.758 238.711 236.662 232.806 212.021 292.732 208.924 175.335 210.169 191.019 174.109 173.226 234.15 172.898 192.385 172.571 217.757 189.62 157.921 160.33 151.619 299.176
threshold=21.682642936706547 0.83823528885841381 0.45226171500000006 145.89662785828116 -0.46109361999999993 237.50000000000003 258.50000000000006 0.22058823704719546 166.50000000000003 0.70677247500000007 21.276421880722051 -34.223689303690151 188.50000000000003 -1.2226113499999998 162.50000000000003 0.52511170500000015 -55.88892480083986 1.4806700500000003 7.6948242187500009 235.50000000000003 219.50000000000003 211.50000000000003 0.48529411852359777 1.8200016500000002 -1.52295315 0.39547174000000002 0.62443945000000012 0.44444790500000003 269.50000000000006 1.9593707000000002
decision_type=2 2 2 2 2 2 2 2 2 2 2 2 2 2 2 2 2 2 2 2 2 2 2 2 2 2 2 2 2 2
left_child=1 2 3 4 12 7 10 -6 11 26 -7 -9 -1 19 -4 -12 17 -17 -5 20 -14 22 -20 24 25 -13 27 -10 -16 -30
right_child=-2 -3 14 18 5 6 -8 8 9 -11 15 23 13 -15 28 16 -18 -19 21 -21 -22 -23 -24 -25 -26 -27 -28 -29 29 -31
leaf_value=-0.00054168791235786559 0.043083456307996322 -0.0060510030506808971 0.011453035288703275 -0.01790930192747062 0.027005961538474552 -0.028059933143429458 0.0021529661603754981 -0.03235525562866131 0.0064159254137913548 -0.0066063596200138094 -0.022300542113461313 0.074431982563824647 0.025198733911769439 0.0050765807952251807 -0.0036344320904422647 -0.046818009408446874 0.00078400599159355862 0.04114040526048901 0.033398712849220323 0.03796613629186496 -0.0081704311044005062 0.0085959435879028687 0.0026575440233671116 -0.032485398222796162 -0.0049962803115233233 -0.0084813108763310396 0.01119919321351482 -0.0083756300215795682 -0.02675018863377935 0.054459588620042888
leaf_weight=9574.1568570975214 911.60262535512447 21100.032144912519 2205.1881394479424 535.21548328269273 1154.4472749046981 2337.8803149908781 5015.0164291681722 918.73813860677183 4801.7158810049295 5455.4363745171577 1779.5500410944223 165.01123923435807 1568.8943398715928 11123.81968713738 24801.308792790398 421.81312387436628 3550.0749924695119 71.481305805966258 1584.7258581863716 1112.4229160882533 789.77968425489962 11399.49689267762 749.76892546378076 530.65970625728369 5094.1837095459923 117.63076043874025 6826.239419715479 2960.7871485194191 1369.5247056530789 122.71339847147465
leaf_count=50784 59493 102719 12393 4376 12441 11594 26809 4809 22551 27690 8616 807 8583 63532 134069 1799 18881 308 24027 7870 5023 103992 5104 2532 24851 547 34794 14361 7788 794
internal_value=-4.01925e-05 -0.000344704 0.000768765 0.00223421 0.000529002 -0.00223483 -0.00823917 0.000588289 -0.000547671 0.00231574 -0.0146249 -0.00895475 0.00524036 0.00903313 -0.00332632 -0.00922687 -0.00346885 -0.0340149 0.0100455 0.0217075 0.0140267 0.0111361 0.0235309 -0.00531062 -0.0026231 0.0400166 0.00565237 0.000773753 -0.00456622 -0.0200399
internal_weight=130149 129238 108138 79638.9 65369.7 41200.7 13175.8 28024.8 26870.4 20044.2 8160.8 6826.22 24169.1 14594.9 28498.7 5822.92 4043.37 493.294 14269.2 3471.1 2358.67 13734 2334.49 5907.49 5376.83 282.642 14588.7 7762.5 26293.5 1492.24
internal_count=803937 744444 641725 486681 349182 213390 68007 145383 132942 99396 41198 33546 135792 85008 155044 29604 20988 2107 137499 21476 13606 133123 29131 28737 26205 1354 71706 36912 142651 8582
is_linear=0
shrinkage=0.05


Tree=76
num_leaves=31
num_cat=0
split_feature=16 6 9 21 21 11 14 22 11 14 14 25 25 20 20 21 16 4 21 21 6 11 14 14 23 14 14 22 22 4
split_gain=631.552 305.117 245.026 186.69 213.087 193.491 221.175 175.469 170.837 165.748 165.462 257.418 251.947 244.446 228.509 198.272 177.64 159.871 154.619 149.393 131.298 129.396 127.62 285.694 152.673 133.059 342.917 293.074 232.736 156.203
threshold=0.1911764740943909 1.0000000180025095e-35 1.0000000180025095e-35 1.1150733500000001 1.1604920000000003 45.235057061024868 267.50000000000006 0.48771763000000007 53.090817768022937 255.50000000000003 254.50000000000003 21.65932177305222 23.92355791628361 49.031280517578132 80.784561157226577 -0.48358499999999999 0.83823528885841381 144.2718035578728 -0.17945643499999997 -0.22205014999999997 12.500000000000002 39.506411314737228 177.50000000000003 189.50000000000003 2.1829980500000006 256.50000000000006 245.50000000000003 0.45747834000000004 -0.96998232499999992 49.63049931451679
decision_type=2 2 2 2 2 2 2 2 2 2 2 2 2 2 2 2 2 2 2 2 2 2 2 2 2 2 2 2 2 2
left_child=-1 2 -2 10 7 21 22 9 -8 -5 11 13 18 19 16 -15 -13 -14 -12 20 -3 -6 -7 -24 25 26 -25 29 -28 -27
right_child=1 3 -4 4 5 6 8 -9 -10 -11 12 14 17 15 -16 -17 -18 -19 -20 -21 -22 -23 23 24 -26 27 28 -29 -30 -31
leaf_value=0.04093319694106367 0.016228223806960606 -0.0046731368558884491 0.0025380071029704131 -0.024109643022711274 -2.9613257991765798e-05 -0.034191409301193333 -0.024230682468104205 -0.051908378412481006 0.052521871503519606 0.034812925131358148 0.020659015409451528 0.0021725852735979385 -0.0097012980569493 -0.0031710904459449798 -0.019328261916694924 -0.02072626065279648 -0.0046142727898308032 0.0060436238797739279 0.0052824065348145901 0.0024197763486389213 -0.021899054403832788 0.028155044547407228 0.048281425283308303 -0.017845055326035142 -0.039311214536052741 -0.064830106200380766 -0.051814855283517453 -0.06254627053872211 0.029591080283485484 0.0098552089384664268
leaf_weight=934.46237376146019 3854.0826257411391 7743.4897934813052 21479.163935083896 625.0612501502037 3087.4849580097944 686.23035499081016 106.00442018546164 459.73763688094914 225.11006898246706 146.53592547774315 2546.7219835277647 43029.382084649056 3677.9526394437999 2594.4801447112113 1467.9196685915813 4232.5912188347429 12424.560433037579 2869.0219259299338 4565.6665988545865 7476.5676457602531 1289.7659195736051 468.09547603689134 193.30891502462327 1637.2979769473895 510.39172004535794 83.110254108905792 97.747024038806558 344.83977190963924 796.1943476125598 416.66713661700487
leaf_count=62554 105048 36197 122924 3095 14572 3732 486 2234 1188 687 14961 215522 19049 13382 8746 19333 58944 17283 21725 34365 5766 2289 934 8247 2700 341 470 1593 3605 2249
internal_value=-1.72117e-06 -0.000298254 0.00462133 -0.00149893 -0.00803499 -0.00526381 -0.0115079 -0.0274877 0.027951 -0.0128889 -0.000811005 -0.00167681 0.00427596 -0.00609912 0.000136335 -0.0140562 0.000651921 -0.00280167 0.0107904 -0.00280807 -0.0071348 0.0036878 -0.0142547 -0.0108936 -0.0138487 -0.00998855 -0.00425009 -0.0271608 0.0206419 -0.00266921
internal_weight=130070 129135 25333.2 103802 9883.82 8652.48 5096.9 1231.33 331.114 771.597 93918.1 80258.8 13659.4 23336.9 56921.9 6827.07 55453.9 6546.97 7112.39 16509.8 9033.26 3555.58 4765.79 4079.56 3886.25 3375.86 2531.24 844.617 893.941 499.777
internal_count=804221 741667 227972 513695 48422 42406 25545 6016 1674 3782 465273 392255 73018 109043 283212 32715 274466 36332 36686 76328 41963 16861 23871 20139 19205 16505 12322 4183 4075 2590
is_linear=0
shrinkage=0.05


Tree=77
num_leaves=31
num_cat=0
split_feature=15 15 0 5 23 21 22 20 22 12 22 23 22 20 21 14 19 4 14 14 23 11 21 22 12 21 20 4 14 14
split_gain=609.433 299.652 233.99 180.31 156.558 152.06 152.95 144.775 288.849 160.945 161.408 143.243 133.748 207.099 229.076 252.734 298.45 201.855 188.21 186.018 276.656 306.708 166.421 213.695 163.833 161.543 156.062 152.635 152.37 212.391
threshold=20.686647415161136 2.4365237951278691 6.3616042137146005 11.500000000000002 2.4041249500000004 0.57696247500000009 -1.2068874999999999 1.492424011230469 0.9662500300000002 3.45046439628483 0.74209228000000016 0.75663212000000013 0.45226171500000006 -6.5469207763671866 -1.2603949499999998 196.50000000000003 0.27941177785396581 147.49697974324229 188.50000000000003 268.50000000000006 1.9593707000000002 52.526247973239556 -0.19011549499999997 -1.7667101999999997 2.3668730650154806 -0.50585707999999985 12.029861450195314 96.471147269010558 233.50000000000003 258.50000000000006
decision_type=2 2 2 2 2 2 2 2 2 2 2 2 2 2 2 2 2 2 2 2 2 2 2 2 2 2 2 2 2 2
left_child=1 4 12 -4 5 6 -1 8 -8 10 11 -9 13 -3 18 16 -16 22 -15 -14 21 24 23 -17 25 -21 27 -18 -24 -30
right_child=-2 2 3 -5 -6 -7 7 9 -10 -11 -12 -13 19 14 15 17 26 -19 -20 20 -22 -23 28 -25 -26 -27 -28 -29 29 -31
leaf_value=0.0087827949444726893 0.040272819171673663 -0.0059295800171792444 0.0047622979298073166 0.020572279733987772 -0.022681755098665921 -0.008993752768414914 -0.010832938792432974 0.0010998491440740677 0.017952249646341675 -0.0036485026897482829 -0.019486275815962253 0.016324006931006475 -0.0016214978785307078 -0.0015034708428236683 0.028874494302037292 -0.051756547687474633 0.003830913171757776 0.0065792415946179352 0.021611831113800439 -0.052168944400843999 0.053699112846855503 0.05840470327988119 0.0010697437244988684 0.0037275450105541427 -0.03941994267817267 0.043958340877769821 0.014507815684680176 -0.019825415390080155 -0.014329321725529818 0.00061663060478766207
leaf_weight=3160.5443154852837 930.70076809078455 7614.3792604599148 7152.3769744997844 2410.8801830857992 1064.8725924734026 9059.5579343717545 8484.96895509772 3298.6943583190441 970.35170656628907 12756.23308105953 572.86349341273308 2905.62837007083 19473.068021196872 1288.4061110010371 1622.5756091009825 175.52193158306181 3506.3280510734767 8845.0582560524344 2780.4026856832206 65.990997393615544 117.6588571369648 99.635106488130987 5966.3427859051153 10276.491794609465 1129.6090511325747 124.8366945758462 2713.8448258219287 845.42197111062706 6622.7668946161866 3707.323214828968
leaf_count=15803 62881 35410 64997 58593 5451 46034 41374 16170 4862 57669 2907 16312 95378 8244 15563 1063 15899 61800 18584 376 755 639 28416 55360 5253 680 14410 4414 30717 17995
internal_value=-2.0206e-05 -0.000311643 0.00137386 0.0087497 -0.003762 -0.00327256 -0.00166011 -0.00279893 -0.00787727 -0.000340439 0.00588572 0.00823116 0.000457401 0.00173443 0.00294148 0.00189808 0.00954314 3.17495e-05 0.0142937 -0.00294404 -0.0196801 -0.0257934 -0.00213351 0.00279093 -0.032186 0.0106175 0.00510034 -0.000768341 -0.00529187 -0.00896589
internal_weight=129743 128813 86538.9 9563.26 42273.7 41208.8 32149.3 28988.7 9455.32 19533.4 6777.19 6204.32 76975.7 55964.9 48350.5 44281.7 8688.17 35593.5 4068.81 21010.8 1537.73 1420.07 26748.4 10452 1320.44 190.828 7065.59 4351.75 16296.4 10330.1
internal_count=804009 741128 534546 123590 206582 201131 155097 139294 46236 93058 35389 32482 410956 307875 272465 245637 50286 195351 26828 103081 7703 6948 133551 56423 6309 1056 34723 20313 77128 48712
is_linear=0
shrinkage=0.05


Tree=78
num_leaves=31
num_cat=0
split_feature=16 1 17 22 20 11 1 23 23 22 22 14 22 23 11 11 14 21 14 14 22 23 14 20 22 14 11 22 19 14
split_gain=557.894 292.085 244.787 201.341 365.154 322.748 211.598 192.956 267.024 208.161 197.798 185.537 186.492 292.272 230.568 183.443 288.262 262.396 248.673 434.329 338.143 301.088 175.753 563.239 181.741 207.484 167.179 163.267 151.668 148.262
threshold=0.1911764740943909 49.798106789588935 213.25555419921878 0.04601305725000001 -2.9402847290039058 49.474657544628514 12.26904618740082 0.79899701500000009 1.7358680000000002 -0.13172641999999998 -1.52295315 270.50000000000006 0.26599726000000007 1.4551887000000001 12.778281696572909 57.337247666997996 267.50000000000006 1.7710663000000002 242.50000000000003 259.50000000000006 0.3967179950000001 1.0240603500000003 251.50000000000003 74.476669311523452 1.5679100000000001 181.50000000000003 47.991097446288862 1.3255616000000001 0.13235294446349147 220.50000000000003
decision_type=2 2 2 2 2 2 2 2 2 2 2 2 2 2 2 2 2 2 2 2 2 2 2 2 2 2 2 2 2 2
left_child=-1 2 3 4 7 11 -6 9 10 -2 -9 22 -13 -14 -15 -7 17 18 -17 21 -21 -20 23 24 29 -26 27 -24 -25 -5
right_child=1 -3 -4 5 6 15 -8 8 -10 -11 -12 12 13 14 -16 16 -18 -19 19 20 -22 -23 26 28 25 -27 -28 -29 -30 -31
leaf_value=0.039820232448373849 -0.021111954489364069 0.019332482723151093 -0.01503014527550238 0.0057491604823563967 0.0019228573941263085 -0.017060009210247418 0.01012294311980398 0.040236487744896347 -0.015760780771532559 0.010568988876748116 0.00045263826907862434 0.014301641913388452 -0.049157296313646556 -0.038625691134304835 0.029315168210387228 -0.0066933211467660285 0.055256920327627357 -0.038705493612506442 -0.024848833459704241 0.020453384439922149 -0.069436142768962886 0.052877234840843029 0.0040720560519962173 -0.061975595169124556 0.0094280667357636815 -0.022680723514304311 0.064197370121646086 0.02664715849252914 -0.022719086047848072 -0.0034887576239768197
leaf_weight=870.61334679089487 2955.0723351053894 1862.8283726042137 2873.6517308391631 12639.541672371328 47436.822325564921 4184.6039293091744 9430.4181703999639 323.07599698938429 2812.7368990238756 628.13471107929945 8692.5879254583269 367.58162547554821 637.70531273074448 210.5500301644206 303.78998049069196 12939.894703784026 193.50409167632461 588.29095017164946 153.06822860985994 208.23667980730534 208.54890275653452 656.94608458131552 7048.4305696357042 316.5950384195894 742.91696215141565 1554.7911800937727 127.20181775745004 902.66326570976526 1103.8818797543645 6616.0702193146572
leaf_count=62715 14752 47649 14469 61720 239592 22024 97048 1569 13646 3290 41821 2159 3177 931 1719 70642 1387 3463 1215 1491 1180 3432 37078 2670 3783 7753 704 5659 5071 30563
internal_value=-4.72092e-05 -0.000317164 -0.000605859 -0.000271419 0.00143275 -0.00265368 0.00328285 -0.00539371 -0.00231389 -0.0155569 0.0018826 0.000374033 -0.0166786 -0.0265673 0.00148194 -0.00780773 -0.00521673 -0.0060135 -0.00465328 0.0168523 -0.0245836 0.0381768 0.00120907 -0.00102158 0.000988868 -0.0122994 0.00755214 0.00663797 -0.031506 0.00257507
internal_weight=129591 128720 126857 123984 72278.8 51704.8 56867.2 15411.6 11828.4 3583.21 9015.66 32571.7 1519.63 1152.05 514.34 19133.1 14948.5 14755 14166.7 1226.8 416.786 810.014 31052.1 22973.8 21553.3 2297.71 8078.3 7951.09 1420.48 19255.6
internal_count=804372 741657 694008 679539 411718 267821 336640 75078 57036 18042 43390 162987 7986 5827 2650 104834 82810 81423 77960 7318 2671 4647 155001 111560 103819 11536 43441 42737 7741 92283
is_linear=0
shrinkage=0.05


Tree=79
num_leaves=31
num_cat=0
split_feature=10 18 19 12 3 20 4 20 19 11 12 23 23 23 4 20 23 13 11 11 20 20 11 20 12 11 23 18 11 19
split_gain=549.858 294.577 276.486 286.454 280.314 219.061 196.849 194.764 381.166 274.097 322.686 229.347 232.559 224.552 201.189 183.837 204.35 160.952 159.39 169.733 146.743 141.141 133.776 162.023 127.5 152.631 127.314 137.352 127.218 124.11
threshold=42.643965759873396 164.17825317382815 0.60294118523597728 2.1965944272445825 41.377302616834648 -16.793937683105465 181.99794530868533 55.348884582519538 0.22058823704719546 15.793902891665141 7.4040247678018583 1.1008879500000004 1.0565619500000003 0.64900642500000016 28.990504510700706 61.970138549804695 0.36691397000000009 -22.440938972882439 59.618031340925135 30.246955496827059 59.627311706542976 69.621322631835952 100.96431947589475 37.524711608886726 5.5773993808049545 40.385965296750662 1.7272303000000002 189.99815368652347 68.884798549692349 0.22058823704719546
decision_type=10 2 2 2 2 2 2 2 2 2 2 2 2 2 2 2 2 2 2 2 2 2 2 2 2 2 2 2 2 2
left_child=2 -2 3 6 20 -5 -1 8 -7 29 11 12 18 -12 17 16 -6 -10 19 -11 26 -20 -16 -24 -21 -26 27 -4 -17 -9
right_child=1 -3 4 5 15 7 -8 9 14 10 13 -13 -14 -15 22 28 -18 -19 21 24 -22 -23 23 -25 25 -27 -28 -29 -30 -31
leaf_value=0.0047307364030983986 0.047862961273227859 0.011683882714831994 -0.00023107651828972785 -0.016968802569491036 0.01367183294857152 0.021803247585887447 0.020138876451868324 -0.0063629792955093899 -0.0107682120721126 -0.012800262431520243 -0.068096682552807319 0.0027622052608607707 -0.04880415116980158 -0.018979508074527043 0.0037413798330652075 0.0030086730090680114 -0.016792102226866962 0.0039535267061665018 -0.014649871066647353 0.0038177695734186281 0.0051169946074564876 -0.063241958030567744 -0.028223708881931975 0.023330683662345041 0.00089559738552232753 -0.051722982546550722 -0.011586960854674059 -0.01315324216100563 -0.02143292290392947 0.011069449835215402
leaf_weight=15398.44205914624 788.48914814461023 1961.5215788474306 19405.899021008983 1925.0153347682208 593.47508095763624 2365.1491881348193 2394.5509328767657 1371.3175487238914 5455.5313759148121 4484.4591372627765 281.77006549574435 7006.5265788119286 352.96963779162616 1323.2041380694136 26958.691163721494 3117.5626367144287 7479.5035141967237 2813.450496904552 442.23152057826519 4149.7152962721884 6974.6078621484339 225.38517315778881 658.67850663885474 197.3549001486972 323.32482654880732 239.16141957137734 3740.6710402332246 2299.1202465780079 640.9881635364145 3989.585467511788
leaf_count=98771 66339 31625 89414 9707 3052 33738 28475 9828 24704 24365 1391 42531 2163 7103 135831 17807 39917 12466 2424 23997 33430 1264 3352 1033 1768 1256 18883 11313 3870 21952
internal_value=-4.38562e-05 0.0220709 -0.000524372 0.00118837 -0.00371189 -0.000359687 0.00680535 0.000151009 0.00236243 -0.00336395 -0.00620389 -0.00420495 -0.00898251 -0.0276396 0.00108759 -0.010299 -0.0145512 -0.00575939 -0.00755278 -0.00583844 -0.00130775 -0.0311244 0.00312326 -0.0163247 0.000788227 -0.0215292 -0.00306889 -0.00160041 -0.00116422 0.00660988
internal_weight=129358 2750.01 126608 82356.5 44251.8 64563.5 17793 62638.5 38448.9 24189.7 18828.7 17223.8 10217.2 1604.97 36083.7 11831.5 8072.98 8268.98 9864.28 9196.66 32420.3 667.617 27814.7 856.033 4712.2 562.486 25445.7 21705 3758.55 5360.9
internal_count=803769 97964 705805 488119 217686 360873 127246 351166 211124 140042 108262 99768 57237 8494 177386 64646 42969 37170 55074 51386 153040 3688 140216 4385 27021 3024 119610 100727 21677 31780
is_linear=0
shrinkage=0.05


Tree=80
num_leaves=31
num_cat=0
split_feature=15 12 17 20 24 4 12 21 11 4 11 11 20 21 11 11 11 4 13 12 21 11 11 11 21 21 12 21 20 11
split_gain=498.514 282.345 330.872 238.546 219.533 185.496 183.49 177.247 204.97 171.898 161.318 185.517 168.625 185.234 292.983 149.535 141.968 254.474 166.328 134.406 280.154 241.06 199.25 183.013 285.981 195.743 350.615 194.102 172.946 178.421
threshold=21.682642936706547 2.1965944272445825 188.31666564941409 -18.344085693359371 1.5000000000000002 179.52879112586382 11.018575851393191 1.1150733500000001 42.732788166210021 27.168170973658565 57.682358524332479 58.414153906490789 60.573593139648445 1.4441750000000002 71.626220415770192 50.76485803746403 67.867619931397982 92.663445204496398 -92.302003004844352 4.3544891640866874 -1.1066401999999997 20.03343528257712 92.67470495860691 31.623580255721567 0.31873576500000006 -0.06070800124999999 2.2461300309597529 -1.0488714999999997 45.671569824218757 38.133061216700106
decision_type=2 2 2 2 8 2 2 2 2 2 2 2 2 2 2 2 2 2 2 2 2 2 2 2 2 2 2 2 2 2
left_child=1 2 5 4 -3 -1 7 9 -9 15 -10 -12 -13 -14 -15 -5 17 -4 -18 20 -11 -22 -21 24 27 28 -27 -23 29 -25
right_child=-2 3 16 6 -6 -7 -8 8 10 19 11 12 13 14 -16 -17 18 -19 -20 22 21 23 -24 25 -26 26 -28 -29 -30 -31
leaf_value=0.0075127188395583107 0.040425588052153794 0.013053304821778544 -0.0020884851168980014 -0.0024430670122690752 -0.020314793663462335 0.023723793816682451 0.011951171399638926 0.00035478156824671718 -0.025846600723521809 0.01549490007449615 0.051238113646066313 -0.018491171190225746 0.041908850749621203 -0.058833142883598949 0.036385904250315848 -0.013449463138325728 0.013405615230235902 0.014901230136007339 -0.010478371204716341 -0.0011723583578183172 0.034259591662626571 -0.067159223135143983 -0.036913407345053086 -0.018063572262163489 0.012081833222922202 -0.068589983085508996 -0.00045875785576533751 -0.012078535771978711 0.017834751051988111 0.0067215069060898554
leaf_weight=11042.898533440195 762.52902057673782 598.0472617931664 7563.529822813347 12281.066676700488 2787.3015137575567 2099.7429555663839 2692.3375630173832 3680.1842823652551 2058.0553393112496 3867.4333665585145 129.62592510133982 1618.1628874270245 282.61524644587189 168.49440443422645 153.42959681712091 4120.9387480169535 856.55137986503541 3109.2269234620035 4863.1060753446072 36553.020927673206 537.20039294287562 165.81012870650738 393.15171814803034 845.54417723882943 1366.9470491008833 190.76440372504294 12354.683906400576 3925.6138430098072 3052.8231019303203 5103.9551200065762
leaf_count=78126 59443 2834 38077 56701 15346 34986 15590 18887 11273 24569 715 9908 1591 981 933 19795 4161 23625 30352 195938 3398 1007 2451 4782 7313 1130 68834 22494 21038 27871
internal_value=0.00014377 -9.56488e-05 0.0041943 -0.00137646 -0.014418 0.0101043 -0.000914211 -0.00128739 -0.00835779 -0.000612403 -0.0156263 -0.00667737 -0.0100765 0.0124404 -0.0134794 -0.00520903 -0.000544371 0.00286195 -0.00689989 0.000490602 0.00289511 0.00112544 -0.00155367 0.000465095 -0.00771211 0.00253677 -0.00150014 -0.0143266 0.00816205 0.0031966
internal_weight=129225 128462 29535.1 98927.2 3385.35 13142.6 95541.9 92849.5 8090.57 84759 4410.38 2352.33 2222.7 604.539 321.924 16402 16392.4 10672.8 5719.66 68356.9 31410.8 27543.3 36946.2 27006.1 5458.37 21547.8 12545.4 4091.42 9002.32 5949.5
internal_count=804149 744706 209327 535379 18180 113112 517199 501609 44288 457321 25401 14128 13413 3505 1914 76496 96215 61702 34513 380825 182436 157867 198389 154469 30814 123655 69964 23501 53691 32653
is_linear=0
shrinkage=0.05


Tree=81
num_leaves=31
num_cat=0
split_feature=16 5 22 17 20 11 20 22 5 12 11 12 12 11 12 11 22 11 20 4 20 11 20 12 22 22 22 22 12 20
split_gain=509.333 265.164 363.166 231.47 217.796 197.968 206.872 225.976 183.843 169.299 210.577 144.321 143.715 137.697 131.326 211.829 264.786 196.71 297.025 128.671 121.231 114.933 114.084 113.812 109.52 150.68 166.066 129.813 121.158 296.428
threshold=0.1911764740943909 10.500000000000002 -0.0062803106849999993 159.91176605224612 54.358283996582038 18.747223924407191 -17.53835296630859 0.36488128000000003 1.5000000000000002 7.5123839009287936 15.793902891665141 4.3544891640866874 10.439628482972138 145.48981178265885 8.866873065015481 31.816619188781406 1.0741876000000001 35.261407327714267 34.646110534667976 165.97175014764073 9.1231079101562518 25.058431991205868 81.246215820312514 4.3854489164086692 -0.41909230999999997 -1.4815649999999998 -1.9131074999999997 2.7106600000000003 2.7848297213622297 14.409004211425783
decision_type=2 2 2 2 2 2 2 2 2 2 2 2 2 2 2 2 2 2 2 2 2 2 2 2 2 2 2 2 2 2
left_child=-1 3 4 -2 20 24 -7 8 -8 19 -11 21 13 -10 17 -16 -17 18 -9 -6 -3 -4 -12 -13 25 26 -5 -26 -27 -30
right_child=1 2 11 5 9 6 7 14 12 10 22 23 -14 -15 15 16 -18 -19 -20 -21 -22 -23 -24 -25 27 28 -28 -29 29 -31
leaf_value=0.040056292119598241 0.036179630055399523 -0.0045525204744098517 0.03118594332622996 -0.030441212757516562 -0.00022447787969493116 -0.012520998334554842 -0.0090495720451428483 0.020152560854603419 0.00037065235896163967 0.0015246663459088643 -0.028346897652373013 -0.068344643385679624 0.034767055239207555 0.064093968958760225 -0.034955338947887681 0.029159399304292545 -0.030151248235103224 -0.0080346050340715357 -0.0048369412901108737 0.013241491979953916 0.021826630632107432 0.0019247686521220372 -0.10844582686442875 -0.0063805732046969517 0.0076720764145353773 0.0083075458480473593 0.039896822347886551 -0.026261189980675406 -0.023134206137010151 0.0043249554697541758
leaf_weight=790.84109240584075 409.24698672629893 485.9202256500721 351.74454575683922 106.44478367641568 3157.8056701896712 4773.7425811365247 5349.9761811159551 1735.5642672246322 53620.493390550837 322.61656301375479 96.138137781061232 74.067589110694826 306.21404764987528 83.909454519860446 962.24612876027822 387.91828953102231 363.58072187192738 14730.140442694537 3770.9826173111796 4046.9492857996374 4174.3954492826015 6902.0603061839938 83.282756727188826 5859.8311913330108 10034.484464793466 1406.0886681228876 384.75079174898565 289.0294057354331 1879.8082611197606 2058.033785007894
leaf_count=62521 8808 3168 2127 500 22339 25834 24587 8284 280791 2473 728 478 1604 437 4369 1660 1786 73512 17589 45948 41758 56083 592 35687 49569 6562 2057 1419 8834 11964
internal_value=7.88454e-05 -0.000168064 0.00438926 -0.00130262 0.010544 -0.001453 -0.00240621 -0.00181223 -0.000209327 0.00538306 -0.0226629 -0.00138289 0.000666487 0.000471407 -0.00614675 -0.0194329 0.000462539 -0.00502071 0.00304153 0.00734022 0.0190758 0.00334778 -0.0659218 -0.0071654 0.00362506 -0.00185 0.0246233 0.00671959 -0.00428749 -0.00878577
internal_weight=128998 128207 25554.8 102653 12367.1 102243 86084.8 81311 59360.6 7706.79 502.037 13187.7 54010.6 53704.4 21950.4 1713.75 751.499 20236.7 5506.55 7204.75 4660.32 7253.8 179.421 5933.9 16158.6 5835.13 491.196 10323.5 5343.93 3937.84
internal_count=804068 741547 211381 530166 117006 521358 440453 414619 307419 72080 3793 94375 282832 281228 107200 7815 3446 99385 25873 68287 44926 58210 1320 36165 80905 29917 2557 50988 27360 20798
is_linear=0
shrinkage=0.05


Tree=82
num_leaves=31
num_cat=0
split_feature=1 18 12 5 22 21 16 22 12 5 14 14 18 14 14 14 14 3 12 13 14 21 12 18 22 21 22 14 14 21
split_gain=479.047 254.217 199.815 282.293 236.451 234.44 193.96 193.466 205.896 185.114 181.068 346.593 168.276 158.275 166.369 153.34 343.966 187.855 149.356 201.507 188.249 258.009 201.884 184.761 202.799 182.054 262.349 167.938 503.39 364.564
threshold=52.36183166503907 190.41741943359378 2.1965944272445825 15.500000000000002 -1.7176085499999998 1.1001508500000001 0.54411765933036815 -1.0697576499999999 11.291021671826627 2.5000000000000004 220.50000000000003 213.50000000000003 176.00270843505862 246.50000000000003 238.50000000000003 191.50000000000003 197.50000000000003 9.6250452846288699 4.3544891640866874 -92.302003004844352 178.50000000000003 -0.40757006499999998 2.3018575851393193 163.92513275146487 0.62641051500000011 -0.91873112499999987 -0.30655443499999996 253.50000000000003 243.50000000000003 -0.68600228499999993
decision_type=2 2 2 2 2 2 2 2 2 2 2 2 2 2 2 2 2 2 2 2 2 2 2 2 2 2 2 2 2 2
left_child=1 2 3 4 -1 7 -2 10 9 -9 11 15 -6 14 -12 17 -17 -4 20 -20 23 -22 -23 -11 25 26 -25 28 -21 -30
right_child=6 -3 5 -5 12 -7 -8 8 -10 18 13 -13 -14 -15 -16 16 -18 -19 19 27 21 22 -24 24 -26 -27 -28 -29 29 -31
leaf_value=-0.022421892994261356 0.049074724192209429 -0.011567675149783484 -0.0082310034677445573 0.024381543950340721 0.0078593502528811424 -0.0087705372583471424 0.014405556072482638 -0.0067000966350936764 0.01576347701848025 0.031116859389821651 0.018425959894817989 -0.069244122614758694 -0.00038005144005146143 0.0013323429343691572 0.055942145152537183 -0.057440603480432617 0.0054427577528934224 0.013424343912353235 -0.060503550549695043 -0.0014987039237591062 0.012704705369708176 -0.028998531937952279 0.0020476469476378516 0.030387182202382526 0.012104267738040988 -0.023006335787845202 -0.021593149856712339 0.0049617811970815162 0.0028139732638825291 -0.035032624114745961
leaf_weight=903.98582496028394 580.66834831424057 4785.3905788194388 1371.0676368940622 1590.6098586902954 11979.800644775853 8616.060110530816 1321.0939870644361 13240.541282963008 1802.0820128824562 297.74398805573583 1425.9623202024959 164.84613967547193 12835.955915689468 990.30287401936948 372.46980081684887 310.72497548116371 718.65564290620387 3708.2931568189524 147.31325983256102 25031.811756491661 6667.3401867724024 541.04895770410076 15410.522601886652 456.69751021079719 851.46050422172993 2283.099874811247 515.86802335269749 6779.958620027639 923.07100965734571 2046.1215282138437
leaf_count=5942 59094 24269 6252 24441 82057 45884 23892 63222 11415 4800 10209 1018 70567 6595 2783 1875 4568 20965 705 133807 41835 2978 81347 2223 4240 11516 2573 37438 4973 9609
internal_value=0.000109529 -0.000264239 0.000179285 0.00394697 0.00268231 -0.000907609 0.0250114 -0.000120277 -0.000933639 -0.00133401 0.00678949 0.00207642 0.00359767 0.0173875 0.0262226 0.00401205 -0.0135763 0.00757846 -0.000187067 -0.00234647 0.00260394 0.00444555 0.000992864 -0.00685155 -0.00961096 -0.0152922 0.00282193 -0.00209841 -0.00380803 -0.0232698
internal_weight=128671 126769 121983 27310.4 25719.7 94673.1 1901.76 86057 76994.7 75192.6 9062.32 6273.59 24815.8 2788.73 1798.43 6108.74 1029.38 5079.36 61952.1 34928.3 27023.8 22618.9 15951.6 4404.87 4107.13 3255.67 972.566 34781 28001 2969.19
internal_count=803092 720106 695837 183007 158566 512830 82986 466946 412681 401266 54265 34678 152624 19587 12992 33660 6443 27217 338044 186532 151512 126160 84325 25352 20552 16312 4796 185827 148389 14582
is_linear=0
shrinkage=0.05


Tree=83
num_leaves=31
num_cat=0
split_feature=15 12 16 22 11 23 23 20 4 23 21 12 20 22 21 11 21 12 23 22 23 20 12 11 11 11 20 12 12 22
split_gain=453.176 230.132 238.192 238.555 276.256 357.714 249.493 222.423 216.776 208.554 178.775 233.961 202.267 168.887 285.812 212.148 173.788 400.252 223.787 216.204 234.839 324.853 196.76 160.297 157.759 273.67 308.022 161.533 156.171 151.96
threshold=21.682642936706547 2.1965944272445825 0.54411765933036815 -1.7176085499999998 67.867619931397982 0.79899701500000009 0.24819187000000004 -23.098388671874996 91.775153197348132 0.45602451000000005 -0.34609783999999993 1.5402476780185761 -20.127014160156246 -1.0697576499999999 1.0861206000000003 15.017229010400021 -0.31750278499999995 5.3374613003095988 1.6901442000000002 -0.8865730799999999 1.1008879500000004 44.238334655761726 3.3018575851393193 10.389228504554778 27.905007794280266 32.768276243663799 28.348884582519535 3.5650154798761613 1.4442724458204337 -0.53966259999999988
decision_type=2 2 2 2 2 2 2 2 2 2 2 2 2 2 2 2 2 2 2 2 2 2 2 2 2 2 2 2 2 2
left_child=1 2 -1 -4 5 6 -5 -3 10 -6 12 28 -8 14 23 -15 17 -17 19 20 21 -18 -23 -9 -25 26 27 -26 -12 -20
right_child=-2 7 3 4 9 -7 8 13 -10 -11 11 -13 -14 15 -16 16 18 -19 29 -21 -22 22 -24 24 25 -27 -28 -29 -30 -31
leaf_value=0.021887756532048008 0.040269579182323822 -0.019346085318197766 -0.021865989486337584 0.025346150114537138 0.016106241887765788 0.011981441386454152 -0.028179241734362342 -0.02125866815736159 0.0089786259322587013 -0.0068090235332874498 -0.0095842993153000197 -0.034031192078831776 0.019779299160528091 0.0051781998167882287 -0.03874657598789457 0.0053759713072754657 -0.012425776363765496 -0.0061051564578005982 -0.050911110355330129 -0.0025855891751678491 0.00036332575424004396 -0.012665667585720073 -0.085850546837263508 0.019311887820708008 -0.061594125375978574 0.0093670365599470128 0.015371915036375437 -0.013812676517539186 0.055132997159642677 -0.012907044757395647
leaf_weight=1702.7311160434037 696.39384320285171 1677.8885976392776 958.82833910826594 682.30826636124402 1141.9436474684626 12061.349454106763 321.75358824431896 472.60588420275599 1534.9657212747261 7564.4068020014092 1131.1866785725579 1421.0730948289856 688.67658250778913 9994.3176674535498 352.67100072372705 17336.000734550413 706.79372935835272 13502.797388113104 280.90954505000263 40263.065499828197 876.11045355908573 126.10600798670202 340.85904482007027 2464.0144555512816 358.38203707896173 5029.6631591627374 434.92462535575032 349.77901575341821 100.58667572028935 3964.3055905066431
leaf_count=30728 59607 9305 6272 4252 7095 76879 1513 2604 12167 53245 5747 6825 3797 54829 2071 99094 3718 68484 1506 212064 4843 906 1785 15094 1890 29697 3012 1748 469 22418
internal_value=7.35738e-05 -0.000145701 0.00374382 0.00262399 0.00350595 0.00705212 -0.00305852 -0.00130273 -0.006791 -0.0038019 -0.0133993 -0.0202142 0.00449499 -0.000989951 0.00535501 -0.00167699 -0.00256226 0.000348914 -0.0044905 -0.00339229 -0.0192284 -0.0338398 -0.0661559 0.00706648 0.00861872 0.00434783 -0.017726 -0.0380464 -0.00425905 -0.0154332
internal_weight=128537 127841 29309.8 27607.1 26648.3 17941.9 5880.55 98531.2 5198.24 8706.35 3663.28 2652.85 1010.43 96853.3 9462.04 87391.3 77396.9 30838.8 46558.1 42312.9 2049.87 1173.76 466.965 9109.37 8636.76 6172.75 1143.09 708.161 1231.77 4245.22
internal_count=803664 744057 208989 178261 171989 111649 34770 535068 30518 60340 18351 13041 5310 525763 56116 469647 414818 167578 247240 223316 11252 6409 2691 54045 51441 36347 6650 3638 6216 23924
is_linear=0
shrinkage=0.05


Tree=84
num_leaves=31
num_cat=0
split_feature=16 15 1 9 23 21 5 11 9 12 14 11 14 14 21 14 23 14 23 14 11 12 11 14 11 12 14 12 11 11
split_gain=426.719 201.211 217.377 188.005 149.422 119.892 131.344 135.244 109.643 151.72 118.713 109.6 113.165 123.89 108.841 228.37 137.036 153.066 269.963 258.733 223.702 318.921 271.149 208.885 201.719 433.145 365.664 242.367 193.312 315.054
threshold=0.1911764740943909 2.6028802394866948 35.003659486770637 1.0000000180025095e-35 2.4041249500000004 0.57696247500000009 2.5000000000000004 21.510219842207047 17.500000000000004 2.7198142414860684 254.50000000000003 48.929337142444808 179.50000000000003 186.50000000000003 -1.6487905499999997 208.50000000000003 1.6436854000000001 236.50000000000003 1.2163054000000002 253.50000000000003 80.377632546720136 3.535603715170279 21.205184842975978 242.50000000000003 46.315588174439718 2.8034055727554184 266.50000000000006 1.8157894736842108 28.125387869683031 30.246955496827059
decision_type=2 2 2 2 2 2 2 2 2 2 2 2 2 2 2 2 2 2 2 2 2 2 2 2 2 2 2 2 2 2
left_child=-1 4 14 -4 5 6 7 -2 9 -8 -11 -7 -13 -14 15 -3 17 -16 19 20 21 28 -23 -24 25 27 -26 -21 -19 -30
right_child=1 2 3 -5 -6 11 8 -9 -10 10 -12 12 13 -15 16 -17 -18 18 -20 24 -22 22 23 -25 26 -27 -28 -29 29 -31
leaf_value=0.038571292078225607 0.004298338510315157 0.00090499696443445204 0.030316078730151699 0.0046944411009087559 -0.020618051754724576 -0.0012856803090100922 0.0044497841077228845 -0.01024578336448635 0.003812319206276268 -0.0085238358707230757 0.012299417437792611 -0.02615616903692769 0.029596784007072774 -0.010054693708689414 0.0033091643878829231 0.029314057517534339 -0.0048166099722126172 0.046643169026708092 0.0073238496427100279 0.020373849272283175 -0.044354881668286682 -0.0040852616677269559 -0.0079845539577849504 -0.037740596960087192 0.03549001887280874 0.0021201410197279574 -0.019295713178191495 -0.042934766073051474 -0.059824770031105957 0.0029068785478485073
leaf_weight=714.09797077765688 2160.7964742258191 2281.3812443893403 1157.5854864306748 1875.318996861577 1142.820615530014 4510.0162365911528 4893.3384040379897 6134.9446898847818 13999.443163022399 7574.5991966156289 751.55563936661929 1095.6836835136637 205.33737518265843 4372.0227607451379 38442.974328706972 1024.3768022963777 10613.925503060222 226.68413973227143 6260.2377236485481 182.12141235824674 469.97190317697823 2113.2972992677242 876.23763143923134 1807.2142849303782 971.80173396319151 7700.482043643482 442.62677802331746 874.11017962358892 212.07365689054132 3298.4677672395483
leaf_count=62346 9932 13025 57454 14896 5966 21746 29517 29374 64065 36273 4105 6481 988 23062 215074 8202 61187 1240 36039 1292 2754 10438 4010 8216 6462 41526 2884 4750 1061 19325
internal_value=5.49407e-05 -0.000160791 0.00135023 0.0144804 -0.00276827 -0.00232144 -0.000949994 -0.00645741 0.000728721 -0.00253685 -0.00664299 -0.00710397 -0.0117284 -0.00826988 0.000838181 0.0097145 0.00044415 0.00131833 -0.00169063 -0.00463388 -0.0108064 -0.00895385 -0.0174842 -0.0280308 0.00083081 -0.00199978 0.018344 -0.0320098 0.00199666 -0.000898731
internal_weight=128386 127671 80830.9 3032.9 46840.6 45697.7 35514.7 8295.74 27218.9 13219.5 8326.15 10183.1 5673.04 4577.36 77798 3305.76 74492.2 63878.3 25435.3 19175.1 9003.95 8533.97 4796.75 2683.45 10171.1 8756.71 1414.43 1056.23 3737.23 3510.54
internal_count=803690 741344 509835 72350 231509 225543 173266 39306 133960 69895 40378 52277 30531 24050 437485 21227 416258 355071 139997 103958 47044 44290 22664 12226 56914 47568 9346 6042 21626 20386
is_linear=0
shrinkage=0.05


Tree=85
num_leaves=31
num_cat=0
split_feature=15 18 12 5 21 5 11 25 25 13 12 21 12 24 11 1 21 24 11 11 11 11 24 12 17 12 24 12 5 1
split_gain=396.263 232.57 257.088 242.068 214.649 184.121 176.288 148.206 148.769 136.351 174.143 130.461 225.922 137.752 129.904 129.698 118.645 115.486 113.775 110.898 123.499 101.801 116.143 99.1962 93.716 93.225 91.9689 90.7569 86.7676 86.533
threshold=21.682642936706547 182.33635711669925 2.7198142414860684 14.500000000000002 1.5015317500000001 2.5000000000000004 67.867619931397982 23.482144188880927 30.28137938678265 -31.29270957372275 4.3544891640866874 -0.37096172499999996 1.2368421052631582 1.5000000000000002 71.626220415770192 27.307104259729389 0.51909596000000013 2.5000000000000004 31.623580255721567 45.235057061024868 97.424542144990468 6.8989440573627379 7.5000000000000009 1.3947368421052635 189.05049133300784 2.8436532507739942 4.5000000000000009 2.6068111455108363 26.500000000000004 22.855610132217411
decision_type=2 2 2 2 2 2 2 2 2 2 2 2 2 10 2 2 2 8 2 2 2 2 10 2 2 2 10 2 2 2
left_child=1 2 3 6 7 -3 11 9 25 10 -4 13 -13 -1 -8 28 18 -14 -7 -6 -21 22 -15 -24 -12 -9 -19 -28 -10 -5
right_child=-2 5 4 29 19 16 14 8 15 -11 24 12 17 21 -16 -17 -18 26 -20 20 -22 -23 23 -25 -26 -27 27 -29 -30 -31
leaf_value=0.01700115030199854 0.038909280941569459 -0.010444988446446309 -3.2856924912033645e-05 0.014443133960687585 -0.0069295586577666117 -0.0055230174551690846 -0.017502446175967454 -0.014128995823737014 -0.0077541863273829711 -2.719785603760452e-06 -0.016292075398519498 0.016488009326901282 0.017914339836584525 0.0011656081191495241 -9.8014792469068977e-05 0.028062506965586577 -0.0072008624127376979 -0.0042473959415866526 0.0032884988603102969 -0.036888949501826612 0.044200127634415935 0.0075084377400077579 -0.083172368816411157 -0.014580121204905261 -0.0045074820105645858 0.0041872020030682064 0.016206656586257546 -0.018153806474474583 -0.040762388583697275 0.036306305065412568
leaf_weight=4242.8421854409389 650.71688487939537 7982.3365856930614 5718.2206937707961 2203.1842707628384 1054.0101310219616 5311.0259863622487 1305.183164447546 713.41171607933939 3047.3811474805698 21197.604252602905 4375.4499286143109 2381.1912227673456 771.68157051503658 396.5493569560349 5983.0836550113745 240.51827409071848 6928.5775893684477 7887.4659199025482 11802.851919133216 736.23668371373788 49.323409211821854 2968.2622047578916 92.576656669378281 121.90313519537449 2746.9271908458322 25240.023830641061 1073.8442106298171 233.14583696424961 212.10663142148405 569.70737688755617
leaf_count=27895 59981 40182 27174 19082 5470 26382 8732 4285 22546 109891 20113 16764 4958 2045 40727 12748 36306 45115 61664 4476 301 20854 468 619 12488 138693 5896 1153 2598 24191
internal_value=2.03415e-05 -0.000178303 0.00105749 0.00486987 -0.000706651 -0.00386583 0.00344766 -0.000218683 0.0023782 -0.00246578 -0.00653155 0.00585591 0.00265487 0.0109078 -0.00321677 -0.007297 -0.00168114 -0.000651578 0.000553819 -0.0175393 -0.0317478 0.00368209 -0.0148874 -0.0444354 -0.0117483 0.0036832 -0.00221158 0.0100681 -0.00991399 0.0189465
internal_weight=128237 127587 95561.8 30230.6 65331.2 32024.8 27457.7 63491.6 29453.4 34038.2 12840.6 20169.5 12347.3 7822.13 7288.27 3500.01 24042.5 9966.14 17113.9 1839.57 785.56 3579.29 611.029 214.48 7122.38 25953.4 9194.46 1306.99 3259.49 2772.89
internal_count=803797 743816 579282 218499 360783 164534 175226 350536 180870 169666 59775 125767 73886 51881 49459 37892 124352 57122 88046 10247 4777 23986 3132 1087 32601 142978 52164 7049 25144 43273
is_linear=0
shrinkage=0.05


Tree=86
num_leaves=31
num_cat=0
split_feature=15 17 1 22 11 20 23 23 22 1 22 14 22 21 17 22 22 21 14 21 14 11 14 21 14 14 22 14 14 22
split_gain=372.029 221.383 214.586 172.229 294.382 266.232 205.628 250.019 175.594 174.946 174.57 166.442 188.654 200.65 152.293 148.005 173.242 145.909 157.41 241.524 183.357 181.976 290.392 174.913 291.5 174.724 171.896 251.483 643.36 248.726
threshold=24.162032127380375 217.55000305175784 45.359429240226753 0.04601305725000001 49.474657544628514 -2.9402847290039058 0.75663212000000013 1.7358680000000002 -0.13172641999999998 10.748703956604006 -1.52295315 270.50000000000006 0.22874807000000005 -0.76345792499999987 169.697135925293 0.71033275500000015 0.74209228000000016 1.7710663000000002 184.50000000000003 -1.0660805999999998 161.50000000000003 52.526247973239556 267.50000000000006 -0.19994983999999996 193.50000000000003 260.50000000000006 0.23699499500000001 260.50000000000006 245.50000000000003 0.3967179950000001
decision_type=2 2 2 2 2 2 2 2 2 2 2 2 2 2 2 2 2 2 2 2 2 2 2 2 2 2 2 2 2 2
left_child=1 2 3 5 11 6 8 10 -1 -7 -8 -5 -13 -14 -4 -15 -17 18 20 25 -6 -21 23 -23 -25 -20 -26 28 -28 -29
right_child=-2 -3 14 4 17 9 7 -9 -10 -11 -12 12 13 15 -16 16 -18 -19 19 21 -22 22 -24 24 26 -27 27 29 -30 -31
leaf_value=-0.02165078260529479 0.042244927947101447 -0.017052573982384654 0.048047987085605641 0.0010961797950071518 0.020866616166867889 0.0014388706245015452 0.037926216571918317 -0.014739534661966184 0.0078365297881749993 0.0085336261320572981 0.00093662318310566814 0.022266047951470275 0.030153599168774622 -0.049790631952506659 0.010084947829362317 0.057092270326259645 -0.024239635475983425 -0.029596059786445941 0.03026163143840312 -0.024495119478865235 -0.018909230199828285 -0.015984628179418373 0.052548263591139933 0.029162470701763754 -0.019783465815220457 -0.048890019229515601 -0.0036843560910416379 0.022607246595893485 0.050694255571675222 -0.068585030639004327
leaf_weight=2580.9498635623604 513.17676300415769 1957.4474455695599 307.20156549382955 30948.072577281389 314.81057955510914 45833.444124578498 329.54366406612098 2816.7822434613481 627.03591658547521 10720.745361381676 9112.1480692010373 266.24894909188151 149.52614512760192 548.40876473579556 1856.7087141042575 74.968761935830116 474.31160423345864 719.52121717762202 714.91084525780752 1190.3031768375076 3530.7181696016341 2825.0354875451885 221.65656338166445 702.27551148319617 1486.3376244525425 76.345211820676923 6327.4844219968654 105.24431941565126 594.06932439655066 253.83839856926352
leaf_count=13142 52699 10101 26833 155830 2006 231820 1611 13806 3308 104845 44142 1582 980 2712 32540 367 2279 4244 3821 5891 19808 14549 1490 3786 8406 510 34986 739 3280 1349
internal_value=-0.000200347 -0.000371293 -0.00011141 -0.000384867 -0.00259201 0.00119415 -0.00461876 -0.00166899 -0.0158865 0.00278392 0.00223155 0.000304217 -0.0158803 -0.0240348 0.0154941 -0.0314371 -0.0130554 -0.00752373 -0.00665636 -0.00427025 -0.0156484 -0.00582141 -0.00404367 -0.00506817 -0.00181003 0.0225725 -0.00429412 -0.00112969 0.000989549 -0.0418687
internal_weight=128179 127666 125709 123545 51524.1 72020.6 15466.5 12258.5 3207.99 56554.2 9441.69 32461.5 1513.46 1247.22 2163.91 1097.69 549.28 19062.6 18343 14497.5 3845.53 13706.2 12515.9 12294.3 9469.25 791.256 8766.97 7280.64 6921.55 359.083
internal_count=803462 750763 740662 681289 268615 412674 76009 59559 16450 336665 45753 163750 7920 6338 59373 5358 2646 104865 100621 78807 21814 74476 68585 67095 52546 4331 48760 40354 38266 2088
is_linear=0
shrinkage=0.05


Tree=87
num_leaves=31
num_cat=0
split_feature=15 17 5 12 14 14 1 15 25 22 22 14 15 12 14 9 17 25 9 22 17 14 14 17 12 13 12 24 12 14
split_gain=355.771 210.684 189.214 319.382 237.906 142.902 135.633 131.333 120.649 114.04 111.749 120.888 109.461 104.51 107.735 102.858 315.843 133.334 111.545 207.169 128.128 150.589 104.483 194.554 186.323 117.246 223.954 120.465 100.373 121.66
threshold=21.682642936706547 217.55000305175784 14.500000000000002 4.3544891640866874 214.50000000000003 257.50000000000006 29.429925799369816 2.6028802394866948 32.808040991425521 1.1238994000000002 0.13537843500000005 213.50000000000003 13.245591163635256 11.291021671826627 194.50000000000003 44.500000000000007 173.88985443115237 23.482144188880927 14.500000000000002 -1.2068874999999999 162.86765289306643 247.50000000000003 211.50000000000003 178.78430938720706 7.7910216718266261 -83.69497687933567 2.6640866873065021 1.0000000180025095e-35 0.81578947368421062 269.50000000000006
decision_type=2 2 2 2 2 2 2 2 2 2 2 2 2 2 2 2 2 2 2 2 2 2 2 2 2 2 2 10 2 2
left_child=1 2 7 6 -5 8 10 -1 9 -6 11 -4 13 15 -15 18 17 -17 20 -20 21 -9 24 -24 25 26 -21 -27 -22 -30
right_child=-2 -3 3 4 5 -7 -8 12 -10 -11 -12 -13 -14 14 -16 16 -18 -19 19 22 28 -23 23 -25 -26 27 -28 -29 29 -31
leaf_value=-0.0026218977658553806 0.038282273477449225 -0.016589012388533306 0.039537027573483638 0.01938745794883286 -0.014724667603147657 0.0059417456834469171 0.038193935397519641 0.035865160675179426 -0.036370817002130289 0.025912289851232985 0.0028219666361874842 0.013433763133841948 0.033064278598227914 -0.0088388163380630751 0.0237410048952791 -0.024906269758408706 -0.0022437428297863715 -0.080900276615204353 0.022466475568338858 0.021421407772382578 0.0093800885582016463 -0.016543533398874457 -0.0052612374980597447 0.0094693257465921551 -0.016848671807421483 0.010711318110032371 -0.049638477369265584 -0.0024747448482284416 -0.0008545309617183632 -0.01522392122363464
leaf_weight=44574.832580648363 602.80054911505431 1927.6436522547156 546.7909646006301 883.02181689115241 1474.4407818852924 991.60897718276829 558.44170815777034 485.86454253969714 584.07211644481868 194.60040706349537 1920.0724767753854 2343.3908831132576 261.51544438069686 348.0662437081337 931.03776006959379 314.95741582289338 9574.1293957903981 160.63238389417529 1425.714465148747 179.8833140283823 2258.5733498614281 190.08760635275394 2977.4728833772242 9060.7438272088766 1585.2405402511358 3235.9255561940372 286.15384978801012 3725.126733167097 32860.859835962765 1541.1668407870457
leaf_count=218584 59865 9992 6547 11717 10067 7363 29691 8333 7282 1195 13501 21662 7051 1720 6156 1499 44438 792 8713 802 19523 1686 15635 44650 7145 15323 1330 18603 193532 9774
internal_value=-7.39596e-06 -0.000188862 6.32212e-05 0.00684824 -0.00360877 -0.00987104 0.0148873 -0.0004924 -0.0168299 -0.00997396 0.0121742 0.0183842 0.000836999 0.000718069 0.0148755 0.000458653 -0.00422154 -0.0439485 0.00124507 0.00402793 -0.00043024 0.0211244 0.00277811 0.00582581 -0.00129304 0.00202898 -0.0222233 0.00365561 -0.000828232 -0.00149869
internal_weight=128005 127402 125474 9496.44 4127.74 3244.72 5368.7 115978 2253.11 1669.04 4810.25 2890.18 71403.2 71141.6 1279.1 69862.5 10049.7 475.59 59812.8 22476.3 37336.6 675.952 21050.5 12038.2 9012.33 7427.09 466.037 6961.05 36660.6 34402
internal_count=804171 744306 734314 109025 37624 25907 71401 625289 18544 11262 41710 28209 406705 399654 7876 391778 46729 2291 345049 112201 232848 10019 103488 60285 43203 36058 2132 33926 222829 203306
is_linear=0
shrinkage=0.05


Tree=88
num_leaves=31
num_cat=0
split_feature=15 18 12 16 20 11 14 14 14 20 21 12 14 21 21 14 20 21 11 21 11 20 21 21 11 14 12 14 14 11
split_gain=355.113 190.682 225.591 162.656 137.283 123.014 182.95 222.144 169.611 121.939 128.849 156.215 152.536 128.98 128.55 143.436 156.785 147.891 161.744 119.981 118.353 221.948 112.816 158.983 143.697 159.894 121.808 106.292 109.9 103.259
threshold=21.682642936706547 182.33635711669925 2.1965944272445825 0.48529411852359777 -16.793937683105465 67.867619931397982 203.50000000000003 265.50000000000006 182.50000000000003 -7.1311798095703116 -0.34609783999999993 1.2368421052631582 266.50000000000006 -0.51266261999999985 0.86721292000000016 211.50000000000003 49.516838073730476 0.023908165300000003 48.249919299797476 0.042616635550000011 100.96431947589475 39.940284729003913 1.4441750000000002 1.4200350000000002 45.235057061024868 265.50000000000006 2.339009287925697 186.50000000000003 162.50000000000003 25.54010236654258
decision_type=2 2 2 2 2 2 2 2 2 2 2 2 2 2 2 2 2 2 2 2 2 2 2 2 2 2 2 2 2 2
left_child=1 2 3 -1 -3 9 8 -8 -7 -5 12 19 -11 -14 15 27 -17 -18 -19 -12 22 -22 23 -4 25 29 -26 28 -13 -24
right_child=-2 4 20 5 -6 6 7 -9 -10 10 11 14 13 -15 -16 16 17 18 -20 -21 21 -23 24 -25 26 -27 -28 -29 -30 -31
leaf_value=0.026484083043814922 0.039074482993736198 -0.011350360734570682 0.00027300459514064009 0.0011169400347769956 -0.0020419743739647001 -0.0063105683342036456 -0.0099876218764574365 0.0364371576472853 0.022915413621358953 0.022219525589398697 -0.0011892219267343159 0.022878349952172639 -0.034433462492340652 0.043071460378675396 0.015432533030790414 -0.043686445063789166 0.015553940256682159 -0.032905835480457883 0.0051704319361136515 0.028366349038009882 -0.028272092830732978 0.020315866194400348 -0.0084856220177188333 0.038692219056769638 0.018100717770165423 -0.033598988708672305 -0.027878370806076309 0.023657094732571368 -0.035744172918055858 0.020929910518802528
leaf_weight=893.46658316487446 581.70051933731884 4633.7557695135474 69907.544202485122 5069.0621155323461 27254.469068992883 830.90548830665648 3993.7242689402774 274.46983408089727 1230.9083945443854 2939.8108541890979 492.52910764701664 135.6299754017964 220.7321811337024 69.896233916282654 1128.3108628122136 325.70900448318571 545.1552235679701 631.9340808019042 498.20524040237069 1132.3387275533751 904.13914151815698 316.6629588692449 516.17139950487763 269.31564825586975 164.38391308439896 275.68676353897899 1129.2802513847128 624.34748425614089 191.93718505464494 704.55609618965536
leaf_count=21861 59911 25455 391462 24673 138917 5811 30823 3300 8913 24889 4358 1482 2252 584 7119 1766 3749 3958 3270 10224 5371 2355 2583 1571 988 1369 6908 3782 1108 3753
internal_value=0.000130613 -4.76404e-05 0.00107104 0.00561575 -0.00339491 0.00469762 -0.0010868 -0.0069944 0.0111401 0.00731186 0.0108253 0.00630606 0.0188034 -0.0157097 0.00108458 -0.00440114 -0.012 -0.00581715 -0.0161307 0.0194123 -0.000229504 -0.0156626 2.89164e-05 0.000420994 -0.00982935 0.000722786 -0.0220264 0.0115681 -0.0114756 0.00849511
internal_weight=127887 127305 95416.8 21229.1 31888.2 20335.6 6330.01 4268.19 2061.81 14005.6 8936.54 5706.1 3230.44 290.628 4081.23 2952.92 2001 1675.29 1130.14 1624.87 74187.7 1220.8 72966.9 70176.9 2790.08 1496.41 1293.66 951.915 327.567 1220.73
internal_count=804565 744654 580282 163922 164372 142061 48847 34123 14724 93214 68541 40816 27725 2836 26234 19115 12743 10977 7228 14582 416360 7726 408634 393033 15601 7705 7896 6372 2590 6336
is_linear=0
shrinkage=0.05


Tree=89
num_leaves=31
num_cat=0
split_feature=15 0 1 7 25 21 13 21 22 5 11 9 5 22 11 23 11 19 22 23 22 25 23 11 11 21 21 5 22 23
split_gain=332.523 210.019 228.038 132.557 118.258 141.185 132.974 121.667 113.67 144.828 119.713 111.067 115.684 109.204 108.011 167.462 103.685 99.9584 104.028 116.948 154.408 104.434 96.5712 92.4376 119.488 88.8336 99.7902 85.4954 85.0722 83.6187
threshold=24.162032127380375 0.68625673651695263 43.361064784228809 1.0000000180025095e-35 21.65932177305222 0.27051234000000007 -44.530055251664507 0.27952314500000003 0.055660221750000009 10.500000000000002 26.064441246721586 13.500000000000002 1.5000000000000002 -1.1087322999999998 38.133061216700106 1.6251929000000003 136.89156054385907 0.60294118523597728 -0.16078418999999997 0.73998249000000016 -0.7116301049999999 22.820096373558048 1.2471615 28.386584936119274 6.8989440573627379 0.50852495500000006 -0.31750278499999995 2.5000000000000004 -1.7667101999999997 1.6599746000000002
decision_type=2 2 2 2 2 2 2 2 2 2 2 2 2 2 2 2 2 2 2 2 2 2 2 2 2 2 2 2 2 2
left_child=1 4 17 -4 6 11 27 -7 9 -9 -10 28 -13 14 23 22 -12 18 19 20 -3 -21 -16 24 -14 26 -22 -1 -6 -25
right_child=-2 2 3 -5 5 7 -8 8 10 -11 16 12 13 -15 15 -17 -18 -19 -20 21 25 -23 -24 29 -26 -27 -28 -29 -30 -31
leaf_value=-0.026470388266235191 0.042395668875176117 -0.074291588214970838 0.0080911894384392263 0.036150242274755953 -0.021215546471278938 -0.038428939590208475 -0.0025483996881203261 -0.0020754526559550817 0.0021199682833531984 0.01368485634351033 -0.010626519953983112 -0.0049194599200193343 -0.026236431532239948 0.0039449480033009561 0.0022686423311582588 0.0036964494543421499 0.043677822547636018 -0.0016612652241122226 0.00078855044287889269 0.0042559142174415122 0.013652120547153798 0.014038743966042403 0.052091857081792051 -0.035344087437690144 0.027746498486964189 0.027215841907823224 -0.0075482632622081592 -0.0088328361989838036 -0.00091378595113573286 0.010523353386039599
leaf_weight=833.00501776486635 463.6778268115595 70.139737748540938 929.67965226992965 769.30843044444919 531.60697830654681 246.09089239314198 18420.913155851886 8919.5659727733582 2758.7201144732535 1741.4072898989543 7672.9082646202296 3254.61806884408 129.23233206942677 17143.943391244859 119.05619007721543 463.67548825219274 87.95247458294034 12262.669688947499 14828.925632364117 5320.537756386213 734.83444703463465 5600.4782099463046 532.48228586837649 218.29544747620821 482.51663966104388 276.79816508712247 2258.5614639474079 3913.8754617385566 16566.355397322215 181.02885250747204
leaf_count=4167 53304 483 8371 49910 2903 1177 87355 42480 13243 10098 38194 15482 619 81107 548 2350 429 66136 98457 35911 5224 52091 2588 1070 2746 2110 15842 18085 90635 1002
internal_value=0.000176119 2.19692e-05 0.00286274 0.0208102 -0.00143025 -0.000276015 -0.00447163 -0.00354571 -0.00313862 0.000499943 -0.00682578 0.00149217 0.00379848 0.00527106 0.0159564 0.0266796 -0.0100056 0.00212488 0.00372088 0.00676965 -0.00141699 0.00927354 0.043005 0.00411415 0.0163184 0.000168271 -0.00234106 -0.0119329 -0.00154621 -0.0145763
internal_weight=127733 127269 43051.9 1698.99 84217.2 61049.5 23167.8 21426.6 21180.6 10661 10519.6 39622.8 22524.8 19270.2 2126.29 1115.21 7760.86 41352.9 29090.3 14261.3 3340.33 10921 651.538 1011.07 611.749 3270.19 2993.4 4746.88 17098 399.324
internal_count=804117 750813 334535 58281 416278 306671 109607 105621 104444 52578 51866 201050 107512 92030 10923 5486 38623 276254 210118 111661 23659 88002 3136 5437 3365 23176 21066 22252 93538 2072
is_linear=0
shrinkage=0.05


Tree=90
num_leaves=31
num_cat=0
split_feature=15 0 10 20 18 15 10 14 18 12 17 11 12 12 9 18 18 24 17 6 14 14 17 5 18 14 11 20 11 12
split_gain=314.396 202.429 280.675 173.428 169.863 125.092 121.562 115.515 289.223 146.709 127.409 178.273 168.082 128.247 104.797 100.374 92.7383 92.1142 89.1324 136.599 107.519 138.513 108.832 86.7922 85.3051 84.6649 84.5039 94.4264 83.2365 103.471
threshold=24.162032127380375 0.81382218003273021 30.647507146000866 -16.078605651855465 171.10748291015628 1.5373497009277346 -21.701666325330731 200.50000000000003 163.92513275146487 0.78482972136222917 177.4294357299805 49.240419371982021 4.2275541795665648 1.3421052631578949 27.500000000000004 169.79144287109378 190.41741943359378 5.5000000000000009 179.88861083984378 22.500000000000004 209.50000000000003 267.50000000000006 181.87442016601565 6.5000000000000009 159.779411315918 175.50000000000003 15.793902891665141 63.469665527343757 88.744555543150895 2.7198142414860684
decision_type=2 2 8 2 2 2 8 2 2 2 2 2 2 2 2 2 2 10 2 2 2 2 2 2 2 2 2 2 2 2
left_child=1 5 3 -3 -4 -1 18 8 17 -10 12 13 14 -12 -9 -11 28 -5 19 25 22 -22 -20 -13 -16 -7 -14 -28 29 -8
right_child=-2 2 4 7 -6 6 16 10 9 15 11 23 26 -15 24 -17 -18 -19 20 -21 21 -23 -24 -25 -26 -27 27 -29 -30 -31
leaf_value=-0.0060815836739604385 0.042159223620736389 -0.014814279341541798 0.029824289802419347 0.039159024121600217 0.0077672164752415193 0.01229602913011409 0.0022256444880526223 0.004203788305467881 0.034224033728855095 0.01077066823632845 0.032143818062861526 -0.010783435966737781 0.0022155268344809498 0.0056780638005335263 -0.080183727262023746 -2.9264493568219318e-05 -0.01536273251439089 0.0012626431847598879 0.020246637903541781 -0.04254155633118975 0.0085471191606093771 -0.010677292284950981 -0.002193401113082645 0.00044290363829771587 -0.013282406098673125 -0.0049721633887485888 -0.0081444348576992908 -0.030462077188815787 -0.010243881942435553 -0.0029015350090215025
leaf_weight=12454.137529026717 441.18995115393773 1558.6977143585682 1375.2747910474427 812.55527414148673 2389.1177799617872 857.79497006163001 14548.562013335526 3080.3199474485591 382.81212885025889 2908.1571652041748 482.38821274507791 2544.29528879188 492.45673272758722 8651.2167481919751 52.39890393614769 8259.5313260462135 1285.1208849214017 199.79892781702802 579.78231277316809 215.6317397877574 10474.130448810756 1028.160380423069 7753.8954320773482 5320.1322586797178 449.57871221378446 4091.4103808347136 825.87600780557841 1114.3071539788507 2722.5976387746632 30400.208755936474
leaf_count=60476 53117 7974 50373 13444 28738 5242 76923 33526 2838 19301 3615 12868 3702 49644 371 41551 6260 2410 2634 999 49112 4952 37039 36058 2458 23103 6457 8453 13522 147501
internal_value=7.19214e-05 -7.42608e-05 0.00282374 0.00150475 0.0158313 -0.00144591 -0.000665212 0.00222014 0.00607608 0.00382872 0.000114995 0.0023281 -0.00613853 0.00707921 0.000749791 0.00278384 -0.0021138 0.0316884 0.00217139 -0.00367883 0.00369476 0.00682792 -0.000629983 -0.00318994 -0.0204114 -0.00197737 -0.0162784 -0.0209712 -0.00175633 -0.00124201
internal_weight=127752 127310 40898.9 37134.5 3764.39 86411.4 73957.3 35575.8 12562.9 11550.5 23013 16998 6014.94 9133.6 3582.3 11167.7 48956.5 1012.35 25000.8 5164.84 19836 11502.3 8333.68 7864.43 501.978 4949.21 2432.64 1940.18 47671.4 44948.8
internal_count=804661 751544 323781 244670 79111 427763 367287 236696 79544 63690 157152 102185 54967 53259 36355 60852 244206 15854 123081 29344 93737 54064 39673 48926 2829 28345 18612 14910 237946 224424
is_linear=0
shrinkage=0.05


Tree=91
num_leaves=31
num_cat=0
split_feature=1 20 22 22 16 14 9 11 9 18 22 14 14 20 22 22 22 14 11 24 22 11 11 11 9 14 11 4 22 11
split_gain=284.332 196.254 320.141 305.165 223.298 288.46 198.999 156.175 154.532 143.202 140.167 134.666 136.98 270.264 194.21 163.723 161.625 273.887 271.005 180.881 191.028 161.103 146.58 215.912 133.943 175.73 196.945 132.425 130.985 257.591
threshold=72.458122730255141 -2.9402847290039058 0.16082139000000004 0.72205493000000009 0.60294118523597728 214.50000000000003 13.500000000000002 50.50536256878646 24.500000000000004 180.41287994384768 -1.2466693999999998 271.50000000000006 249.50000000000003 80.265686035156264 1.2243577000000003 1.3255616000000001 0.48771763000000007 258.50000000000006 49.851090743157435 5.5000000000000009 0.83071401500000019 63.239574884401854 41.215527243203375 34.118159608252284 22.500000000000004 262.50000000000006 74.360047715909261 37.657605178654201 0.21535670000000004 22.113093404139715
decision_type=2 2 2 2 2 2 2 2 2 2 2 2 2 2 2 2 2 2 2 8 2 2 2 2 2 2 2 2 2 2
left_child=1 3 4 7 5 6 -3 9 10 -1 -9 12 13 14 28 16 24 19 22 20 21 -18 23 -19 25 26 -14 -21 29 -4
right_child=-2 2 11 -5 -6 -7 -8 8 -10 -11 -12 -13 15 -15 -16 -17 17 18 -20 27 -22 -23 -24 -25 -26 -27 -28 -29 -30 -31
leaf_value=-0.00030119992731411226 0.030874135340742865 0.030111675970003766 -0.065759574218577199 0.010201339595993524 0.0018835162973534249 0.0028149203449759157 0.0069700679569452695 0.018748903207225991 0.0091210995646809918 -0.010009548870849866 -0.021067201940660338 -0.019608232929065408 0.0078747094137283265 -0.039377833803175319 -0.011578240987141544 0.021631632407837942 0.035953805716697172 -0.005933792875931411 -0.047846608875272006 0.026665290114607016 0.077924784197122843 -0.023666256803107678 0.026810996467418025 -0.05076936208051 -0.0065229954443220065 0.027383335260884246 -0.058677206395782777 -0.012062527794323071 -0.00017790793320175176 -0.0069799851625315049
leaf_weight=9568.1054560663179 746.61467951722443 2293.1497742757201 215.93380020791665 3182.4339181855321 53529.567317727022 5372.6239721211605 1562.398131230846 235.08347475342453 581.1399512514472 6298.0192021541297 3521.8681594468653 1127.5227724248543 1192.1745280926116 523.06215504650027 5530.9283413854428 1053.8758957907557 337.33733024913818 2237.863552482333 488.48709309007972 301.84574365615845 164.49247731734067 169.52361602894962 278.85846121003851 304.19256332423538 1033.1830470860004 1344.8963188612834 121.58536331681535 813.10042199958116 21983.168907325715 1326.1181465880945
leaf_count=46337 55135 44334 1053 16689 293246 56669 10332 1099 2979 32145 20115 6344 7636 4133 32006 6659 1873 11667 2847 1340 880 907 1688 1447 4962 8231 1021 4082 118965 7307
internal_value=0.000129735 -5.16883e-05 0.000884642 -0.0041876 0.00312195 0.0103047 0.0207382 -0.00645445 -0.0148605 -0.00415529 -0.0185715 -0.00257811 -0.00209052 -0.00379059 -0.00314862 0.00301903 0.000784645 -0.0049868 -0.0135018 0.0107873 0.0312705 0.0160061 -0.0075396 -0.0113168 0.00874993 0.0146854 0.00167554 -0.00156337 -0.00116635 -0.0152482
internal_weight=127439 126693 103306 23386.7 62757.7 9228.17 3855.55 20204.2 4338.09 15866.1 3756.95 40548.2 39420.6 29579.2 29056.1 9841.42 8787.54 5095.7 3309.4 1786.3 671.353 506.861 2820.91 2542.06 3691.84 2658.66 1313.76 1114.95 23525.2 1542.05
internal_count=804128 748993 629629 119364 404581 111335 54666 102675 24193 78482 21214 225048 218704 163464 159331 55240 48581 26731 17649 9082 3660 2780 14802 13114 21850 16888 8657 5422 127325 8360
is_linear=0
shrinkage=0.05


Tree=92
num_leaves=31
num_cat=0
split_feature=10 18 17 10 19 9 12 14 14 18 22 23 13 25 18 14 14 23 14 11 9 11 9 12 22 11 11 11 11 9
split_gain=269.357 246.693 164.776 130.974 156.044 167.818 155.704 189.664 215.223 248.982 191.311 183.898 208.789 178.524 174.656 364.414 291.212 309.36 182.487 150 147.649 142.926 141.861 130.396 152.639 150.687 123.873 123.19 127.471 122.015
threshold=40.858126616477968 164.17825317382815 217.55000305175784 -22.670691892504689 0.60294118523597728 71.500000000000014 4.3544891640866874 257.50000000000006 224.50000000000003 169.10294342041018 0.41218942500000005 1.8200016500000002 -23.024700004538236 20.294582712650303 166.81893157958987 206.50000000000003 176.50000000000003 1.1516866000000003 193.50000000000003 50.50536256878646 8.5000000000000018 88.744555543150895 28.500000000000004 2.9891640866873068 -0.65970697999999983 35.742389070360296 92.67470495860691 75.48547650337359 84.235833273491266 19.500000000000004
decision_type=10 2 2 10 2 2 2 2 2 2 2 2 2 2 2 2 2 2 2 2 2 2 2 2 2 2 2 2 2 2
left_child=2 -2 3 -1 5 6 14 8 11 -10 -9 12 26 -11 15 -5 17 -16 21 -19 -6 23 -17 24 -18 -25 -8 -27 -29 -12
right_child=1 -3 -4 4 20 -7 7 10 9 13 29 -13 -14 -15 16 22 18 19 -20 -21 -22 -23 -24 25 -26 27 -28 28 -30 -31
leaf_value=0.0028590039684815542 0.045068498335684819 0.0078528909048153524 -0.014876317417231583 0.026444522408539308 -0.009225593949621233 -0.013472090267460763 -0.002606077311055866 0.020013541316613068 -0.022821062123278585 -0.019078046999011309 -0.017492165768502151 -0.014469551530821091 0.0089620042467764213 0.0049158712874487198 -0.020652189279076368 0.0051609501106829308 0.053732688055096484 0.0064864982870039226 0.0022301078241814903 -0.015455819988132766 -0.0015813095361033929 -0.0088164805849776217 -0.022748986321380074 -0.031504533603364013 0.018389628266690987 0.020125318534403809 -0.038469194956737229 -0.055915281931127506 0.046161061093007265 0.015328784601523485
leaf_weight=30381.296989855357 571.0311062047258 2012.6463384767994 1886.4001364856958 2304.9310971321538 9055.8876594416797 2078.7998523563147 7272.6605548914522 1795.1529402751476 2748.2100590639748 1140.5082653146237 781.24341487511992 2045.2657680250704 5592.6811047480442 2415.2096341596916 2731.6802025679499 3739.6969770924188 458.98663071822375 3118.0559194525704 19198.738630574197 1037.100871110335 20880.715622700751 549.23558666184545 517.38426158204675 197.99279167875648 915.06126387044787 1253.2425232883543 248.03470711316913 108.93798426911235 41.512436416000128 442.91823052987456
leaf_count=155940 67711 33780 9655 26957 51761 9871 34220 11041 16971 5363 4237 11763 38340 12089 13956 40041 2889 15403 115249 5563 99141 3051 2733 1035 5117 6304 1318 518 212 2522
internal_value=0.000115741 0.0160923 -0.000214778 1.01059e-05 -0.00092391 0.000493448 0.000972301 -0.00210697 -0.0037577 -0.0115211 0.00962449 -0.00052863 0.00164664 -0.00278346 0.00305638 0.0104361 0.00142066 -0.00758566 0.00415041 0.00100743 -0.00389395 0.0146057 0.00176437 0.0189303 0.0302261 0.00922705 -0.00379381 0.0149906 -0.0276314 -0.00561428
internal_weight=127521 2583.68 124938 123051 92669.8 62733.2 60654.4 24481.9 21462.6 6303.93 3019.31 15158.6 13113.4 3555.72 36172.6 6562.01 29610.5 6886.84 22723.7 4155.16 29936.6 3524.97 4257.08 2975.73 1374.05 1601.69 7520.7 1403.69 150.45 1224.16
internal_count=804751 101491 703260 693605 537665 386763 376892 137864 120064 34423 17800 85641 73878 17452 239028 69731 169297 34922 134375 20966 150902 19126 42774 16075 8006 8069 35538 7034 730 6759
is_linear=0
shrinkage=0.05


Tree=93
num_leaves=31
num_cat=0
split_feature=1 22 20 12 22 12 11 5 12 3 11 25 11 12 22 20 18 11 12 13 11 11 22 11 20 22 24 12 22 11
split_gain=289.04 150.374 266.784 192.868 176.397 245.801 204.847 171.968 160.859 156.045 146.486 146.127 145.123 165.41 140.715 137.78 307.861 181.386 159.106 145.783 178.762 142.453 342.152 223.181 204.482 143.456 146.771 256.087 267.384 236.972
threshold=61.776378810405738 0.45226171500000006 -1.439338684082031 3.4721362229102173 -1.1087322999999998 11.018575851393191 15.017229010400021 15.500000000000002 3.535603715170279 44.046547606587417 24.582699336849689 21.65932177305222 27.079945701987018 3.3235294117647065 0.45747834000000004 34.151657104492195 175.58020782470706 35.742389070360296 2.6640866873065021 -77.496403778957955 39.709729274025555 68.440097592586525 -0.59998893499999995 105.05147439454778 82.209007263183608 -1.7667101999999997 2.5000000000000004 1.2368421052631582 -1.3993544999999998 30.246955496827059
decision_type=2 2 2 2 2 2 2 2 2 2 2 2 2 2 2 2 2 2 2 2 2 2 2 2 2 2 10 2 2 2
left_child=1 2 -1 7 8 6 -6 12 -5 -3 -8 -12 -4 15 -11 16 18 -18 -14 -20 -21 25 23 24 -23 -17 29 28 -28 -27
right_child=-2 9 3 4 5 -7 10 -9 -10 14 11 -13 13 -15 -16 21 17 -19 19 20 -22 22 -24 -25 -26 26 27 -29 -30 -31
leaf_value=-0.0044293608015004348 0.025661929165947457 -0.0008774014173964517 0.022174690788231838 -0.071273798711143671 0.0077437376767212412 0.021191186301236543 -0.010469097152878703 0.018129584497335885 0.010665828193836479 -0.047026607053466014 -0.0075460278589273054 0.00073780756538463044 0.02712939018676257 0.018553771577889133 -0.0074294677530839489 -0.034214916922947688 -0.03569242525538089 0.0025518803144053172 -0.04698883952669472 -0.024661827588023131 0.023223361140122745 -0.037837796628450916 0.0026170404951186225 0.03216058513829257 0.014167498079042152 -0.028996799163031162 -0.058301180630451713 -0.010725898241715621 0.035129370133203351 0.0085004458422835404
leaf_weight=19645.758275477216 1082.0307814739645 22722.428031016141 1059.6019482892007 59.775387570261955 4707.5617033019662 1181.4903770727105 5994.497500136029 2323.1123303836212 4202.7121342429891 228.57327607600018 7638.3866509702057 17561.273330600001 2240.3340049027465 1681.8843450616114 9971.3858569413424 259.2553818738088 328.34247808530927 5287.1894900808111 123.5091194845736 265.27066384069622 726.79157989891246 1373.9758115587756 3047.7795097469352 154.15019927266985 218.61029264796525 441.56293791159987 87.04054475016892 3226.0291372579522 590.71907539945096 8801.2420668667182
leaf_count=99896 67796 109346 7843 345 28079 7522 32781 38206 26925 1476 36994 99434 19117 8895 67243 1927 1643 26956 595 1880 4857 9164 19001 1031 2285 2485 612 17549 4858 57023
internal_value=-5.81385e-05 -0.000278949 0.000746907 0.00212897 -0.000131383 -0.00123871 -0.00197743 0.00502795 0.00950029 -0.00318385 -0.00344467 -0.00177334 0.00400989 0.00334207 -0.00832133 0.00239985 0.00747069 0.000309763 0.0194496 0.00401632 0.0104072 -9.99763e-05 -0.0074958 -0.0251325 -0.0306947 0.00254545 0.00327293 -0.0048553 0.0230624 0.00670612
internal_weight=127232 126150 93227.9 73582.1 41345.7 37083.2 35901.7 32236.4 4262.49 32922.4 31194.2 25199.7 29913.3 28853.7 10200 27171.8 8971.44 5615.53 3355.91 1115.57 992.062 18200.4 4794.52 1746.74 1592.59 13405.8 13146.6 3903.79 677.76 9242.81
internal_count=803764 735968 557903 458007 232080 204810 197288 225927 27270 178065 169209 136428 187721 179878 68719 170983 55048 28599 26449 7332 6737 115935 31481 12480 11449 84454 82527 23019 5470 59508
is_linear=0
shrinkage=0.05


Tree=94
num_leaves=31
num_cat=0
split_feature=15 5 1 23 17 17 25 17 23 22 5 23 22 13 22 22 13 6 19 22 23 22 22 13 2 13 23 22 22 2
split_gain=266.758 154.915 251.535 140.648 135.219 113.664 107.061 114.58 106.552 105.243 97.3868 164.921 164.779 154.869 103.263 95.7856 94.647 91.0161 121.121 90.171 89.5192 145.381 115.768 94.135 89.2699 87.6034 149.51 100.817 86.1726 82.8672
threshold=24.162032127380375 14.500000000000002 27.307104259729389 1.1008879500000004 217.55000305175784 158.54411315917972 31.871143794059758 156.08823394775393 2.4041249500000004 0.5938871200000001 2.5000000000000004 0.77340608500000008 0.36488128000000003 -45.594515514436054 -1.0464816999999997 -0.21093407999999997 -23.598412770189732 9.5000000000000018 0.60294118523597728 2.1169150000000005 1.5895577000000003 0.84008500000000008 1.0527500000000003 -28.604888029857864 25.160860389471058 -55.081675560147303 0.64358318000000014 -0.30655443499999996 0.9894630900000001 32.81129181385041
decision_type=2 2 2 2 2 2 2 2 2 2 2 2 2 2 2 2 2 2 2 2 2 2 2 2 2 2 2 2 2 2
left_child=1 4 3 6 5 -1 -3 -8 10 -5 11 15 17 14 -13 29 -17 18 -12 20 24 -22 28 -24 -14 26 -19 -27 -23 -7
right_child=-2 2 -4 9 -6 8 7 -9 -10 -11 12 13 19 -15 -16 16 -18 25 -20 -21 21 22 23 -25 -26 27 -28 -29 -30 -31
leaf_value=0.025072837889818601 0.04057431528702482 0.0018482686441391198 0.033797721395269813 0.017281546226552487 -0.013906597025718271 -0.01460349046687873 0.0080441422026831938 -0.027181634106696936 -0.010397311305878343 0.00089440302936379622 0.0028490217657542514 0.010676137136675591 0.00014564877696921161 0.0015810448068865484 -0.014769098390827762 -0.012804165086434092 0.0036267147933517797 -0.0097275144864054416 -0.0020578697931040615 0.033440878650474751 -0.021133393912012091 -0.002070306782979597 -0.01570379427873753 0.00041453127406232746 -0.0082733281118547199 -0.0011442562688050984 0.027878950893585643 0.011262326928796973 0.034980185309399954 -0.046317726983054079
leaf_weight=434.26241184165701 402.35047086514533 3540.7416160842404 749.24243025900796 2346.0504763186909 1890.7868061959743 2460.8826797045767 335.27225978346542 737.48650048254058 2669.4174784994684 1682.0823467643932 35620.657481987961 470.7620004452765 15880.789715034887 14043.174719033763 2581.9531422667205 1779.420987829566 1725.5224687363952 354.72373252362013 19438.190001865849 168.61639199405909 1649.5096826893277 318.50238535925746 1691.0012744488195 1949.46700361697 3926.3211905108765 3645.6798534598202 1030.8340393155813 2971.3399634100497 308.17054696474224 224.13432404398918
leaf_count=8821 53263 25751 44872 23332 9884 11767 3243 6857 15548 10249 217862 2083 71138 67315 13382 8823 8038 1551 102888 835 8945 1692 8965 10565 26573 18027 4679 14048 1592 1146
internal_value=-2.2988e-05 -0.000152305 0.00602652 0.00361509 -0.000647299 -0.000429825 -0.00234525 -0.0161752 -0.000526421 0.0104405 -0.000291569 -0.00317011 0.000461986 -0.000637942 -0.010843 -0.0101624 -0.00471633 0.00184091 0.00111667 -0.00289636 -0.00313584 -0.00853207 -0.00365708 -0.0070747 -0.00152356 0.00682306 0.0182511 0.00442772 0.0161762 -0.0172671
internal_weight=127027 126625 9390.88 8641.63 117234 115343 4613.5 1072.76 114909 4028.13 112240 23285.9 88953.8 17095.9 3052.72 6189.96 3504.94 63061.4 55058.8 25892.4 25723.8 5916.65 4267.14 3640.47 19807.1 8002.58 1385.56 6617.02 626.673 2685.02
internal_count=803734 750471 114304 69432 636167 626283 35851 10100 617462 33581 601914 112554 489360 82780 15465 29774 16861 359055 320750 130305 129470 31759 22814 19530 97711 38305 6230 32075 3284 12913
is_linear=0
shrinkage=0.05


Tree=95
num_leaves=31
num_cat=0
split_feature=17 14 18 12 22 18 25 23 10 4 22 23 12 0 24 12 14 14 14 14 17 9 14 4 18 23 19 12 17 23
split_gain=255.589 245.142 134.584 115.267 184.502 118.672 109.311 107.379 106.264 119.044 115.351 116.871 119.451 97.3077 101.57 95.1345 91.9714 91.7498 341.12 191.13 82.869 133.273 86.4826 235.166 146.452 90.9932 89.3672 94.7638 84.9513 81.8721
threshold=157.66176605224612 241.50000000000003 190.41741943359378 2.1965944272445825 -1.7176085499999998 176.00270843505862 24.483230042457585 0.24819187000000004 -21.701666325330731 22.205187477171425 -0.98463689999999982 1.1257050000000002 3.8808049535603719 1.3452118039131167 5.5000000000000009 2.339009287925697 266.50000000000006 224.50000000000003 191.50000000000003 246.50000000000003 162.1801452636719 21.500000000000004 202.50000000000003 80.259969934821143 171.66728210449222 1.7844480500000002 0.48529411852359777 5.3777089783281742 179.44565582275393 1.7646245500000002
decision_type=2 2 2 2 2 2 2 2 8 2 2 2 2 2 10 2 2 2 2 2 2 2 2 2 2 2 2 2 2 2
left_child=1 -1 3 4 -2 13 -4 -7 20 16 11 -11 17 -6 -15 -3 -10 18 -13 -19 21 -5 23 24 -22 -26 -25 -28 -24 -14
right_child=2 15 6 8 5 7 -8 -9 9 10 -12 12 29 14 -16 -17 -18 19 -20 -21 22 -23 28 26 25 -27 27 -29 -30 -31
leaf_value=0.045352738028386914 -0.018594940373378204 0.03727404454994121 -0.017706754602497328 -0.0065121418453246253 0.0032653059510081429 0.023888544482462137 -0.002266259946884776 -0.0004328590166881345 -0.008400597512817326 -0.019155035158174731 -0.0018960206574854272 0.0039020224812881029 0.018413031092440014 0.014087337153279471 -0.0088985980079040548 -0.00054920423982615586 0.023868988685820523 0.032825817647041337 -0.045617262118203925 -0.0094651417769012827 0.015872436677732506 -0.071384519445989697 -0.0039664890638025346 -0.0029779159129865334 0.002126675832786481 -0.012461507144338097 -0.012278042261973508 -0.037994647627610054 0.0061639005646101849 0.000273383676567808
leaf_weight=584.66976334294304 958.44470116682351 198.8773011113517 1916.8060976713896 527.49520818050951 7223.3754241215065 469.35078712832183 2850.0326582156122 12910.709858931601 7953.0191572289914 466.52033342188224 49654.66459703166 1773.5529175838456 2348.0866811829619 5233.0690730703063 528.51844962267205 987.98867912543938 226.1653218716383 542.59818570595235 431.56554065924138 524.67202418111265 1702.2691011251882 92.206593328155577 2443.7501338031143 988.95332582108676 6283.6279262825847 1286.9930392950773 919.45409084111452 587.48742531239986 13488.998443856835 846.12421732675284
leaf_count=53158 6981 6120 9981 4621 41127 2739 14990 76777 37188 2895 287227 10552 15445 63465 5486 12856 1171 4303 2931 3616 8168 543 12700 5414 30407 6725 4208 2618 63759 5712
internal_value=2.84653e-05 0.0188819 -0.000238498 8.77333e-05 0.00294308 0.00372673 -0.00847749 0.000422018 -0.000750398 -0.0018675 -0.00105247 0.00498844 0.00673291 0.00713169 0.0119776 0.0058147 -0.00750549 1.84471e-05 -0.00580572 0.0120461 0.00180424 -0.0162641 0.00220901 -0.00104154 0.00262566 -0.000354609 -0.0146617 -0.0223223 0.00460996 0.0136096
internal_weight=126950 1771.54 125179 120412 27323.5 26365 4766.84 13380.1 93088.2 64767 56587.8 6933.12 6466.6 12985 5761.59 1186.87 8179.18 3272.39 2205.12 1067.27 28321.2 619.702 27701.5 11768.8 9272.89 7570.62 2495.89 1506.94 15932.7 3194.21
internal_count=803883 72134 731749 706778 196575 189594 24971 79516 510203 371040 332681 45454 42559 110078 68951 18976 38359 21402 13483 7919 139163 5164 133999 57540 45300 37132 12240 6826 76459 21157
is_linear=0
shrinkage=0.05


Tree=96
num_leaves=31
num_cat=0
split_feature=3 12 23 17 21 23 11 12 12 12 23 11 23 12 12 23 21 24 12 23 23 11 12 12 23 12 12 21 11 23
split_gain=241.796 141.615 189.265 177.299 144.991 194.781 214.979 213.713 162.71 162.604 159.438 156.354 151.979 150.168 160.366 137.892 136.065 125.316 140.159 119.331 124.417 258.317 120.579 131.347 190.185 142.742 203.084 290.934 215.757 200.015
threshold=345.03835487365728 2.1052631578947372 0.17156968000000003 159.17646789550784 1.1150733500000001 0.64900642500000016 20.325362273898474 8.5758513931888576 11.018575851393191 3.0510835913312699 0.64358318000000014 92.67470495860691 1.6599746000000002 4.0650154798761617 4.4256965944272446 0.70163381000000014 0.33863845500000006 4.5000000000000009 2.4845201238390096 0.089801419500000021 0.37449388500000008 22.113093404139715 2.4318885448916414 5.5773993808049545 0.38276721500000005 4.6671826625387007 4.314241486068112 -0.35631972499999992 58.047414695861363 0.63108661500000018
decision_type=2 2 2 2 2 2 2 2 2 2 2 2 2 2 2 2 2 10 2 2 2 2 2 2 2 2 2 2 2 2
left_child=1 2 -1 -4 5 6 7 9 -9 -3 16 19 13 -6 -15 -7 -11 -14 -19 -8 21 -21 -22 24 -24 26 28 -28 -26 -27
right_child=-2 4 3 -5 12 15 11 8 -10 10 -12 -13 17 14 -16 -17 -18 18 -20 20 22 -23 23 -25 25 29 27 -29 -30 -31
leaf_value=0.036989602050194574 0.034743941138015821 -0.037787060334469935 0.036155170110542513 0.0022166354884286697 -0.0072046739144503921 0.012077457419402261 -0.037521530074267201 -0.043206633184844433 0.042910127413773924 0.010920310962450068 -0.058801458621093788 -0.026447604207895589 -0.028662923502380051 0.046156638739624244 0.0040842164668748061 0.00056767948264700751 0.03783896434741546 0.026180198173389416 -0.012572622183908328 -0.062776446510844866 -0.02489943468472737 0.0027748693656608411 -0.042501663756788925 -0.015325690243430196 -0.0071874323053076608 0.017586391178139798 -0.10499745127524725 -0.016223892471231034 0.016588510768768078 -0.066778372443868861
leaf_weight=408.23365643853322 502.05328754708171 149.89910695143044 389.64270514622331 25851.493871415034 3451.6596160382032 2706.3848319048993 283.85012933984399 304.38583023659885 66.013329650275409 1860.0324499839917 69.022731984965503 930.89699348108843 1124.0868948954158 273.60167347639799 1294.2666099225171 66996.393063968979 627.57814821554348 258.97325791278854 2279.6107127033174 153.37620826717466 959.75895756809041 5677.1157213477418 289.04178002290428 2932.8768989066593 3568.1196040613577 1323.976560131181 105.08013813523576 714.90673913108185 1301.3548859078437 73.216322533320636
leaf_count=3006 49704 781 14508 181915 19829 14375 1612 1499 345 9994 366 5106 6360 1443 6756 376677 3681 1635 12731 717 5657 30684 1399 14833 19825 6888 541 3818 7293 371
internal_value=0.000147962 1.03017e-05 0.00324824 0.00272193 -0.000854553 -0.000266081 -0.00443961 0.00778743 -0.0277845 0.0126641 0.0156357 -0.00649423 -0.00702804 -0.00137644 0.0114508 0.00101474 0.0177239 -0.0147708 -0.00861051 -0.0054242 -0.00488921 0.00104002 -0.00795694 -0.00637728 -0.00281744 -0.00119308 -0.00470992 -0.0277141 -0.00083127 0.0131209
internal_weight=126927 126425 26649.4 26241.1 99775.5 91093.3 21390.5 3076.93 370.399 2706.53 2556.63 18313.6 8682.2 5019.53 1567.87 69702.8 2487.61 3662.67 2538.58 17382.7 17098.8 5830.49 11268.3 10308.6 7375.7 7086.65 5689.46 819.987 4869.47 1397.19
internal_count=804349 754645 199429 196423 555216 506462 115410 16666 1844 14822 14041 98744 48754 28028 8199 391052 13675 20726 14366 93638 92026 31401 60625 54968 40135 38736 31477 4359 27118 7259
is_linear=0
shrinkage=0.05


Tree=97
num_leaves=31
num_cat=0
split_feature=15 18 0 10 18 25 12 22 22 10 17 6 13 4 22 22 18 12 18 13 25 4 12 22 4 22 22 13 1 18
split_gain=236.552 136.749 129.907 212.904 158.498 104.274 99.472 86.9159 99.5764 84.3402 99.7321 136.509 75.3186 128.203 89.1031 116.491 73.6449 73.532 121.463 100.595 95.1484 78.9749 73.4022 93.8681 83.6774 70.7129 81.0556 68.0911 67.8956 67.0123
threshold=24.162032127380375 190.41741943359378 0.95438385009765636 31.905198043584829 165.68841552734378 25.14572632312775 0.56811145510835925 -0.76988989499999982 -1.7667101999999997 -21.025110951066015 179.88861083984378 21.500000000000004 -40.744197211871288 25.399999752640728 -1.6132802499999999 0.085721280400000016 173.94117736816409 4.2275541795665648 163.00000000000003 -36.917227279291062 22.016543841362004 45.207011856138713 2.7198142414860684 -1.7176085499999998 6.0297707021236429 0.20379827500000003 0.21535670000000004 -59.412463241317319 15.9887752532959 166.58823394775393
decision_type=2 2 2 8 2 2 2 2 2 8 2 2 2 2 2 2 2 2 2 2 2 2 2 2 2 2 2 2 2 2
left_child=1 2 9 6 -5 -3 -4 8 -8 10 11 -1 13 -11 -15 -16 -12 20 -19 -20 -9 -22 23 -14 -24 -23 -27 -18 -26 -25
right_child=-2 5 3 4 -6 -7 7 17 -10 12 16 -13 22 14 15 -17 27 18 19 -21 21 25 24 29 28 26 -28 -29 -30 -31
leaf_value=-0.0028596301246392995 0.039953241788988007 -0.014499179074848895 0.018762551604679434 0.038021860081773502 0.0095373567806878706 0.00065074982288153705 -0.012682123878895477 0.006718696639926647 0.0075405647705864337 -0.017934546100275804 0.0074833734084006455 -0.035957894800961336 -0.018142889013978189 -0.033275239055151194 0.0019449999308769252 -0.0085328585051713587 0.0071340912525336688 -0.018028569616428076 -0.011320995367487097 0.0015697641929356147 -0.0092693659985275921 0.0049462700069313401 -0.017536328738208977 0.013079229211618727 -0.001386083104003132 -0.066153439224041238 -0.0034771749478003087 -0.00038515294970775898 -0.011125828835382975 0.0015098926712444668
leaf_weight=5949.9054732723162 366.6215125429444 2881.5537865385413 803.14632991608232 594.22671990282834 2727.4735725764185 1874.1595186721534 667.83834763290361 5869.3176749395207 6781.3454038058408 1795.6938652470708 5640.0063381642103 327.75468426942825 557.6205141460523 244.98478802293539 5811.3556282203645 4879.0460308603942 3696.4954030141234 1313.3135906732641 2014.2336996849626 6077.0362716699019 2363.5692414147779 4882.0454928739928 910.7613284997642 1408.0629521212541 23692.005827912129 51.395976414438337 3349.6270701941103 16211.146698981524 1934.5385722112842 11206.513252777979
leaf_count=33596 52941 15027 8385 36510 38375 9931 4844 35863 52539 8930 26120 1534 2985 1186 27190 22861 18186 13620 9364 32722 12192 39512 4254 11168 113318 364 22839 77464 12487 57722
internal_value=-9.67508e-05 -0.000213124 0.000111781 0.0025601 0.0146429 -0.00852992 0.00138522 0.000966436 0.00572609 -0.000977631 0.00105288 -0.00459313 -0.00220991 -0.00555634 -0.00352227 -0.00283739 0.00244036 -0.000401587 -0.00393049 -0.00164025 0.00160797 -0.00120985 -0.00113691 0.00191424 -0.00265141 0.00109076 -0.0044435 0.00101133 -0.00212174 0.00280222
internal_weight=126883 126516 121760 37494.6 3321.7 4755.71 34172.9 33369.7 7449.18 84265.9 31825.3 6277.66 52440.6 12731.1 10935.4 10690.4 25547.6 25920.5 9404.58 8091.27 16516 10646.6 39709.5 13172.2 26537.3 8283.07 3401.02 19907.6 25626.5 12614.6
internal_count=804029 751088 726130 307129 74885 24958 232244 223859 57383 419001 156900 35130 262101 60167 51237 50051 121770 166476 55706 42086 110770 74907 201934 71875 130059 62715 23203 95650 125805 68890
is_linear=0
shrinkage=0.05


Tree=98
num_leaves=31
num_cat=0
split_feature=17 20 17 0 20 10 10 20 20 4 21 12 21 4 23 4 23 9 21 12 23 21 21 17 25 20 0 20 23 23
split_gain=225.565 210.629 127.739 112.098 145.679 110.301 109.17 102.696 135.116 146.992 149.93 95.0421 131.772 133.819 131.647 125.686 122.763 109.905 106.005 113.107 101.894 96.6341 94.4553 132.96 93.6527 92.5822 91.6722 90.4815 90.009 127.632
threshold=157.66176605224612 85.179145812988295 217.55000305175784 6.2451779842376718 1.492424011230469 -22.670691892504689 31.905198043584829 82.209007263183608 21.092330932617191 80.259969934821143 0.39547174000000002 3.4721362229102173 -0.56170388999999987 85.398522458970561 1.3754500500000002 5.1523886770010003 0.44444790500000003 7.5000000000000009 -1.6064002499999999 1.8157894736842108 1.7943998000000001 1.5744800000000003 0.7158442450000001 193.66269683837893 36.871822619438184 62.476669311523445 18.492912292480472 60.573593139648445 0.79899701500000009 0.36691397000000009
decision_type=2 2 2 2 2 8 10 2 2 2 2 2 2 2 2 2 2 2 2 2 2 2 2 2 2 2 2 2 2 2
left_child=1 -1 3 5 26 7 -6 8 9 10 -2 12 14 28 -7 -13 -15 20 19 -16 -18 24 23 -9 -17 -20 -5 -26 29 -14
right_child=2 -3 -4 4 6 11 -8 22 -10 -11 -12 15 13 16 18 21 17 -19 25 -21 -22 -23 -24 -25 27 -27 -28 -29 -30 -31
leaf_value=0.044367277871696885 0.0061646042594782459 0.0063660693098579468 -0.013066551456924848 0.00035021767294766927 0.0061360073593385578 0.011662892704209494 0.024904773425679649 -0.016201913470153952 0.0074476219842818329 -0.01317130116658493 -0.010245386246959434 -0.018483269973435378 0.0024125860611893613 0.014190200952941096 -0.0074608301240938722 -0.0020009109917405467 -0.00050071614659708843 0.0073152831444476367 -0.0072408243811502883 0.017745020488460935 -0.016609290692437714 -0.021066629389405681 0.0077390385018353998 0.015262422031782977 0.043318516533694298 0.014928972707853802 -0.020070873620774535 -0.053172597393262605 -0.0011518415733228278 -0.012500870533312515
leaf_weight=526.74129710998386 6112.0589749533683 1181.2157187182456 1894.0861797500402 2067.9517442244105 7575.7985031837597 4540.3228000286035 862.24073949456215 1997.9959173947573 11492.772134800442 1865.1515945233405 1801.3143036384135 1256.4056682437658 1978.5995402168483 1923.9505627676845 653.34803775511682 42868.474270436447 6734.6457406957634 4012.5085916584358 3508.4520603809506 1392.0274811764248 1148.2173982849345 685.0945885530673 944.3793075978756 402.70979546755552 28.086722326464951 542.94925580499694 747.4596813027747 152.36605047574267 10594.469673233572 5214.5616901954636
leaf_count=52618 30011 19507 9968 12950 74299 27448 46404 10975 55620 9174 9945 5988 9316 11887 4077 213406 45566 20013 19672 7963 7014 3398 4517 2148 1355 4472 6319 1514 52020 24509
internal_value=6.26131e-05 0.0181049 -0.000184057 1.42583e-05 0.00477077 -0.000464339 0.00805662 0.00249138 0.00377208 -0.000548131 0.00242839 -0.00129842 0.000404762 -0.00121527 0.00521818 -0.00289761 0.00247571 0.000579977 0.000417627 0.00969388 -0.0028489 -0.00244945 -0.00565127 -0.0109197 -0.00215268 -0.00426678 -0.00507655 -0.0379982 -0.0040828 -0.00839891
internal_weight=126706 1707.96 124998 123104 11253.5 111851 8438.04 24616.4 21271.3 9778.52 7913.37 87234.5 42244.1 31607 10637.1 44990.4 13819.3 11895.4 6096.78 2045.38 7882.86 43734 3345.09 2400.71 43048.9 4051.4 2815.41 180.453 17787.6 7193.16
internal_count=804073 72125 731948 721980 139972 582008 120703 122390 104750 49130 39956 459618 233957 170325 63632 225661 84480 72593 36184 12040 52580 219673 17640 13123 216275 24144 19269 2869 85845 33825
is_linear=0
shrinkage=0.05


Tree=99
num_leaves=31
num_cat=0
split_feature=16 19 3 4 11 12 22 4 17 10 17 22 12 12 5 11 12 24 17 13 12 22 11 12 11 22 3 24 8 3
split_gain=179.366 161.316 248.671 150.926 203.898 160.704 168.223 130.018 129.931 151.217 126.367 111.303 107.495 121.587 98.5772 98.5639 93.6762 86.284 81.4862 81.3691 77.4587 74.4114 117.074 80.41 85.6518 71.6287 70.9855 70.9508 87.1261 68.0689
threshold=0.13235294446349147 0.60294118523597728 31.217749506235126 41.390168797224767 43.720096607660828 3.0789473684210531 -1.1087322999999998 443.1861704587937 179.88861083984378 13.562836229056121 160.38234710693362 -1.9131074999999997 3.8808049535603719 11.018575851393191 26.500000000000004 68.440097592586525 8.3266253869969056 1.5000000000000002 196.83333587646487 -22.440938972882439 9.1253869969040267 1.3878511000000002 10.389228504554778 3.7074303405572762 49.240419371982021 1.0741876000000001 49.190656423568733 7.5000000000000009 1.0000000180025095e-35 121.32380667328836
decision_type=2 2 2 2 2 2 2 2 2 8 2 2 2 2 2 2 2 8 2 2 2 2 2 2 2 2 2 8 2 2
left_child=-1 3 11 4 10 7 12 15 9 14 -2 -3 -7 -14 19 17 -6 -5 -12 20 -8 -13 -23 24 -24 -19 -10 -18 -29 -17
right_child=1 2 -4 5 16 6 8 -9 26 -11 18 21 13 -15 -16 29 27 25 -20 -21 -22 22 23 -25 -26 -27 -28 28 -30 -31
leaf_value=0.039356630124701315 0.037862701642246574 -0.031410757833009985 -0.0073834821867881208 0.021328077647180223 -0.0106593318717308 -0.004421132147529371 -0.0080792339731814503 0.033633188332236504 0.0043509661684702008 0.016680222386305767 0.001883388605239737 0.0013078693387102184 0.02231414980093217 -0.022397249580876341 -0.035684445221536361 0.0028423934999765327 -0.010372854085572225 0.0061740967062831713 -0.0080781821547048129 -0.0014539612364235714 -0.038831551856466251 0.021592501540326495 0.06441905077231308 -0.022471939705124483 -0.0090301084776489484 0.030449619443701104 -0.0022987994577386575 0.057424192406820479 -0.0032809002898506624 -0.010438772880515843
leaf_weight=288.44854103820398 227.38115561660379 271.49405976384878 16326.74419697281 1098.886926850304 6650.6408365918323 680.39763430738822 5087.0228100279346 419.00374000007287 13739.460599774495 851.14686662517488 13881.079239618033 26157.259847810492 1824.2965002097189 165.07450503855944 256.11329576466233 5442.9519197801128 175.14775086939335 12855.731276890263 2408.1765784993768 8663.7441985034384 212.45013951137662 236.88268492370844 55.943913653492928 998.61900074779987 130.36574853211641 310.30855924542993 5668.3070062603801 136.78014701604843 103.33336354792118 1171.5489360084757
leaf_count=46638 5239 1349 93501 10713 32309 5243 25789 16674 65196 29230 66395 123268 13902 1059 2980 38606 805 97838 11588 54474 1002 1418 271 5561 799 2204 30726 602 442 17360
internal_value=4.17835e-05 -4.8383e-05 -0.00248421 0.00126346 -0.00211287 0.00262579 0.000640512 0.00608825 -0.000295929 -0.003779 0.000928142 0.000388038 0.0127296 0.0185947 -0.00500474 0.0055339 -0.00922039 0.00787305 0.000410281 -0.0044395 -0.00931915 0.0007022 -0.0104335 -0.0168487 0.0132509 0.00674851 0.00240879 0.0137953 0.0313944 0.000488834
internal_weight=126495 126206 44177.3 82029 23582.5 58446.4 37148 21298.4 34478.2 15070.5 16516.6 27850.6 2669.77 1989.37 14219.3 20879.4 7065.9 14264.9 16289.3 13963.2 5299.47 27579.1 1421.81 1184.93 186.31 13166 19407.8 415.261 240.114 6614.5
internal_count=803181 756543 226167 530376 117380 412996 229601 183395 209397 113475 83222 132666 20204 14961 84245 166721 34158 110755 77983 81265 26791 131317 8049 6631 1070 100042 95922 1849 1044 55966
is_linear=0
shrinkage=0.05


Tree=100
num_leaves=31
num_cat=0
split_feature=17 14 15 12 14 12 4 11 9 14 14 11 11 12 22 22 14 17 12 23 22 24 23 0 17 3 24 12 12 14
split_gain=209.078 185.037 120.394 98.2811 172.221 93.3441 86.5322 130.448 128.792 124.312 200.216 198.544 174.712 127.606 126.874 124.499 116.55 114.596 180.116 161.32 113.056 144.602 129.368 109.961 131.749 99.7384 95.6528 197.195 95.2531 95.0175
threshold=157.66176605224612 230.50000000000003 1.9085775017738345 11.018575851393191 193.50000000000003 0.52012383900928805 158.38477348536256 51.624088383588266 80.500000000000014 176.50000000000003 195.50000000000003 78.397701685042946 96.005895777764081 2.6640866873065021 -0.092493746449999983 1.6035561000000003 167.50000000000003 188.51110839843753 4.2554179566563475 0.67403534000000009 0.75748989000000011 1.5000000000000002 1.8642450000000002 8.7084975242614764 161.37132263183597 121.32380667328836 7.5000000000000009 7.2941176470588243 0.56811145510835925 214.50000000000003
decision_type=2 2 2 2 2 2 2 2 2 2 2 2 2 2 2 2 2 2 2 2 2 8 2 2 2 2 10 2 2 2
left_child=1 -1 -2 5 -5 -4 7 28 9 12 11 20 -9 14 -13 17 -14 18 -12 -20 21 22 -11 24 29 -26 -19 -28 -7 -8
right_child=2 -3 3 4 -6 6 23 8 -10 10 15 13 16 -15 -16 -17 -18 26 19 -21 -22 -23 -24 -25 25 -27 27 -29 -30 -31
leaf_value=0.047072859024618996 -0.0033355873706420822 0.0081510429001402911 0.014626205726235084 -0.011804696287863058 0.020626336503546193 -0.053953065562753137 0.033413191687506692 -0.015146185630762938 -0.028680101160711027 -0.031074622597958984 -0.0034772045348724261 0.058015343210311182 0.069703399884697329 -0.017407466685173383 -0.0031560306743818769 -0.035080719970379245 0.0011115717425990025 -0.00068979698184939953 -0.046305647588850425 -0.012912093494990274 -0.0087308038053145586 0.023300559736774973 0.036621333254972167 0.017149767074216098 0.0065102887870788139 -0.0030297969312905355 0.049893259722200017 -0.05395509853075954 0.00089696197628639737 -0.022161550311589034
leaf_weight=400.77723996900022 25782.034102645703 1274.9802114821505 1118.6824432862923 570.64932492561638 1442.4530438822694 78.26592390332371 84.46629124507308 3142.8761707912199 496.98290145397186 243.21333016362041 5470.550694623962 123.39822046458721 99.269203802570701 992.79312101611868 265.75377935823053 316.38390045147389 162.06095410184935 9112.5857319906354 480.63128607952967 1457.476409854833 433.76510362001136 2300.4137179986574 98.314209355972707 1360.0660633817315 8748.8378943717107 3987.8047120133415 224.29895751737058 56.470050035044551 55509.502220920287 776.40761958854273
leaf_count=46390 127589 25787 13284 3142 9654 458 3989 18808 2280 1409 35636 801 654 5268 1619 1830 1075 47848 2317 7236 2228 12336 642 48127 53893 32760 1049 252 288311 7950
internal_value=-5.64098e-05 0.0174822 -0.000291791 0.00049968 0.0114319 0.000273012 0.000105643 -0.000539111 -0.00350172 -0.00299967 -0.00159837 0.0078392 -0.0118781 -0.0078993 0.0163401 -0.00405624 0.0273333 -0.00346999 -0.00811912 -0.021213 0.0149109 0.0187944 -0.0115372 0.00359979 0.00224332 0.00352331 0.000197307 0.0288893 0.000818766 -0.0166763
internal_weight=126612 1675.76 124936 99154.4 2013.1 97141.3 96022.6 81065 25477.2 24980.3 21576 4457.65 3404.21 1381.95 389.152 17118.4 261.33 16802 7408.66 1938.11 3075.71 2641.94 341.528 14957.6 13597.5 12736.6 9393.35 280.769 55587.8 860.874
internal_count=804622 72177 732445 604856 12796 592060 578776 432057 143288 141008 120471 24303 20537 7688 2420 96168 1729 94338 45189 9553 16615 14387 2051 146719 98592 86653 49149 1301 288769 11939
is_linear=0
shrinkage=0.05


Tree=101
num_leaves=31
num_cat=0
split_feature=17 20 5 23 22 20 14 21 22 23 14 23 23 21 19 22 23 22 23 22 14 22 22 23 21 14 23 21 14 14
split_gain=181.762 209.051 148.295 141.559 134.337 153.15 221.335 269.662 210.576 246.049 204.7 345.244 298.745 209.02 186.321 170.32 161.24 176.548 176.353 156.976 189.495 208.014 147.803 302.653 202.532 183.966 162.107 147.772 202.824 262.612
threshold=157.66176605224612 86.217178344726577 3.5000000000000004 0.79377040500000007 0.16082139000000004 2.9332580566406254 233.50000000000003 -1.5734585999999997 -0.43459500499999998 0.52511170500000015 248.50000000000003 0.42142683000000009 0.41263689000000009 0.38595135500000005 0.48529411852359777 -0.46755985499999991 1.2403435000000003 -0.32743333499999999 1.8200016500000002 -0.33686999999999995 241.50000000000003 0.085721280400000016 -0.59998893499999995 1.1772359000000001 -0.11077783999999999 248.50000000000003 0.93623566500000011 0.50852495500000006 264.50000000000006 232.50000000000003
decision_type=2 2 2 2 2 2 2 2 2 2 2 2 2 2 2 2 2 2 2 2 2 2 2 2 2 2 2 2 2 2
left_child=1 -1 3 -2 5 16 14 -8 9 -9 11 12 -10 -13 -7 22 -4 18 -18 -15 -21 -22 23 24 -11 -26 -24 -6 29 -29
right_child=2 -3 4 -5 27 6 7 8 10 15 -12 13 -14 19 -16 -17 17 -19 -20 20 21 -23 26 -25 25 -27 -28 28 -30 -31
leaf_value=0.043870255544672776 -0.0080906650179290059 0.0048640331163852333 -0.011269674554341236 -0.001056514574679301 0.00082035915830377915 0.012278636348802831 0.036764364148584326 -0.064899657416371132 -0.021397831416142966 0.0035866074077567332 0.0093031878747550992 0.018445781554461981 -0.1262905995726632 -0.049185312995629372 0.0033563663693302439 -0.038481739060890828 0.015116519860808256 -0.022671541399138313 -0.008106152481799505 -0.021961686539391373 0.029940373848978897 -0.0729214011063124 0.020910338478367582 0.0028714637200853298 -0.0097608100762854155 -0.033786552988327515 -0.013959979866098274 -0.0095969707150467404 -0.019789933032878015 0.0064676166759340611
leaf_weight=486.93750556977466 9981.6092416392639 1161.3993366253562 3941.068194701802 25229.54148647096 22140.001218949445 9164.7900446874555 478.01896928856149 174.26484889863059 1097.2381751341745 998.0135799665004 6494.3883340782486 1354.0698266113177 71.433705940842628 208.81513913627714 16184.014165339991 368.74802654748783 2331.3750113225542 582.71922540757805 1257.9215176384896 572.47516408096999 478.93309281859547 53.80225075641647 1082.9641313757747 4243.2083017956465 1538.5705960220657 1654.0323436032049 480.45587628334761 6254.4287500753999 2187.978875095956 4286.8593642138876
leaf_count=53189 48133 18874 20625 125750 122410 91631 4957 1017 6050 7875 40645 8521 327 1130 85488 2473 12233 3092 6579 3338 2749 298 6860 33394 9735 9269 3254 40006 11081 23535
internal_value=-8.33628e-05 0.0164065 -0.000301128 -0.00305072 0.000778462 0.00232194 0.00342357 -0.000327309 -0.00117854 -0.00615044 0.00389409 -0.00526178 -0.0279118 0.00466605 0.00658255 -0.00515663 -0.0040186 0.00283214 0.0069778 -0.00953684 -0.00200808 0.0194349 -0.00392371 -0.00654135 -0.0160707 -0.0222148 0.0101922 -0.00164774 -0.00594023 -0.00306394
internal_weight=126540 1648.34 124892 35211.2 89680.6 54811.3 46698.2 21349.4 20871.4 10540.3 10331.2 3836.77 1168.67 2668.1 25348.8 10366 8113.08 4172.02 3589.3 1314.03 1105.21 532.735 9997.24 8433.82 4190.62 3192.6 1563.42 34869.3 12729.3 10541.3
internal_count=804518 72063 732455 173883 558572 361540 319011 141892 136935 73877 63058 22413 6377 16036 177119 72860 42529 21904 18812 7515 6385 3047 70387 60273 26879 19004 10114 197032 74622 63541
is_linear=0
shrinkage=0.05


Tree=102
num_leaves=31
num_cat=0
split_feature=1 18 5 3 23 5 0 11 23 4 5 11 24 5 1 5 24 16 11 17 23 11 5 5 16 17 17 25 11 11
split_gain=177.424 116.026 114.602 132.969 101.637 100.311 99.0346 81.7481 133.445 102.762 82.9701 86.481 86.9107 80.3976 96.9545 78.1215 74.2476 72.5328 69.8171 67.6859 74.6294 84.1139 78.2314 65.4439 64.9202 62.4458 77.0513 66.7106 60.8895 88.137
threshold=72.458122730255141 182.33635711669925 5.5000000000000009 15.69248151779175 0.34389150000000007 1.0000000180025095e-35 5.4374144077301034 50.50536256878646 1.25831 26.5664331689477 14.500000000000002 52.834792444292155 6.5000000000000009 13.500000000000002 24.975162938237194 24.500000000000004 4.5000000000000009 0.54411765933036815 61.85164704809295 188.51110839843753 0.51782399000000012 67.392728720886808 13.500000000000002 1.5000000000000002 0.83823528885841381 200.71794891357425 201.23076629638675 22.338983133435253 85.685536006794266 83.542760797467778
decision_type=2 2 2 2 2 2 2 2 2 2 2 2 10 2 2 2 8 2 2 2 2 2 2 2 2 2 2 2 2 2
left_child=1 6 3 5 -4 -3 7 15 9 18 11 12 -10 -8 -15 24 -17 -2 -9 20 -11 -22 -23 -5 -1 -7 -27 -28 29 -13
right_child=17 2 4 23 -6 25 13 8 10 19 -12 28 -14 14 -16 16 -18 -19 -20 -21 21 22 -24 -25 -26 26 27 -29 -30 -31
leaf_value=0.0021331564747594229 0.049605898036178958 -0.012358260017864706 0.017368360039181692 -0.027628597834253477 -0.00030352368863639074 -0.0036730007524996364 0.0034400203626921179 -0.020281846638275928 -0.02932873786684205 -0.0088930581087070647 0.0078423040192588701 -0.0055759314794182752 0.0093156979222094038 0.0077715053101584247 0.034029834362705354 0.016704805900049715 -0.024778213712398529 0.01402338477227175 -0.0017603523802518974 0.0055913482622967662 0.0067397326756924412 -0.0072911978937773604 0.012863971401889412 -0.0090826752781374299 -0.0032690382573691487 0.026581395477124289 -0.014092412608529586 0.0050479881483912834 -0.015464934345030386 0.02282101810706811
leaf_weight=49224.733050694922 219.42303392151371 1844.6032793149352 871.83354905433953 509.25214377045631 11994.38727025874 4612.1583165004849 8249.0448223119602 916.91281634196639 793.34153893310577 2235.5511016878299 887.82671102625318 6062.9484535325319 177.61289027146995 1221.8811903386377 493.03834348381497 136.1636935074348 507.24927335302345 412.42746606748551 1142.0639748871326 6929.0283921062946 3768.2293974119239 2950.4133614723105 574.34655158850364 7087.1433141473681 6268.7685525584966 365.18884309381247 519.25493320822716 3642.6031937301159 1510.4271456743591 285.16561273345724
leaf_count=259382 45297 9555 4461 2618 64150 22197 77071 4405 4130 12854 8462 32744 943 17561 38522 3307 6267 10157 5490 33511 23070 15482 5440 36379 28862 1804 2626 18366 8143 1487
internal_value=3.09821e-05 -0.000101885 -0.00273204 -0.00524371 0.000895205 -0.0017258 0.000774894 0.000218133 -0.00197641 0.000513824 -0.00672116 -0.00818627 -0.0222574 0.00548883 0.0153362 0.00132188 -0.015987 0.026439 -0.0100143 0.0018315 -0.000902906 0.00154723 -0.00400427 -0.0103294 0.00152285 0.000421314 0.00459249 0.00265712 -0.00644512 -0.00429691
internal_weight=126413 125781 31446.4 18580.2 12866.2 10983.8 94334.7 84370.8 28233.9 18516.5 9717.32 8829.5 970.954 9963.96 1714.92 56136.9 643.413 631.85 2058.98 16457.6 9528.54 7292.99 3524.76 7596.4 55493.5 9139.21 4527.05 4161.86 7858.54 6348.11
internal_count=804743 749289 162156 93545 68611 54548 587133 453979 156161 100252 55909 47447 5073 133154 56083 297818 9574 55454 9895 90357 56846 43992 20922 38997 288244 44993 22796 20992 42374 34231
is_linear=0
shrinkage=0.05


Tree=103
num_leaves=31
num_cat=0
split_feature=3 5 11 22 12 21 24 14 14 11 14 21 14 21 25 14 14 21 12 14 14 11 14 22 11 11 14 14 11 16
split_gain=167.712 117.899 204.084 149.164 146.235 133.212 191.829 317.136 229.265 189.924 187.109 336.455 292.989 184.804 180.458 161.535 225.443 294.561 262.833 213.856 251.349 213.663 150.363 148.477 197.954 192.294 134.39 133.517 231.799 127.537
threshold=345.03835487365728 2.5000000000000004 50.76485803746403 0.16082139000000004 8.2213622291021693 0.50852495500000006 5.5000000000000009 267.50000000000006 258.50000000000006 9.5080668581966847 262.50000000000006 -0.43871623499999995 269.50000000000006 0.080794680850000009 31.871143794059758 259.50000000000006 232.50000000000003 1.7710663000000002 4.636222910216719 205.50000000000003 199.50000000000003 58.414153906490789 249.50000000000003 0.21535670000000004 22.113093404139715 14.532123391300257 217.50000000000003 267.50000000000006 53.090817768022937 0.63235294818878185
decision_type=2 2 2 2 2 2 8 2 2 2 2 2 2 2 2 2 2 2 2 2 2 2 2 2 2 2 2 2 2 2
left_child=1 2 -1 29 -4 10 15 8 -8 -9 14 -12 -13 -14 23 16 19 18 22 20 -7 -19 -18 24 25 -5 -16 -17 -29 -3
right_child=-2 3 4 5 -6 6 7 9 -10 -11 11 12 13 -15 26 27 17 21 -20 -21 -22 -23 -24 -25 -26 -27 -28 28 -30 -31
leaf_value=-0.0011685101839025908 0.030681895369696705 0.0067596495789899388 -0.015445853898184456 -0.010098542528573421 0.018763894261785243 -0.003510062516684254 -0.012223621979958519 0.0066378372700233827 0.017324753990473975 -0.06086626758994023 -0.0051856181786998305 0.044898364303473125 0.018810646436375564 -0.060280458345264493 0.024622839863257626 -0.024466212899556423 0.016979758438040154 0.01524325322088995 0.0012799816880679886 -0.019827316124766924 0.042980550675896137 -0.0413651405293433 0.057158916660350535 0.00048820327218421493 -0.0053821831144855439 -0.086310285474667292 -0.043865795653749547 -0.010924899594432588 0.049427274116667058 0.00095370415987008721
leaf_weight=19961.531511951704 439.21049410430714 11633.395762964152 4207.369798079133 157.53358281590044 336.5996308401227 1241.5557937342674 5214.8225316554308 132.77552349120378 750.09014990460128 480.01685367478058 1260.5273998212069 962.19336155289784 197.32359449379146 116.73072794172913 86.822722126729786 1058.4643076444045 360.06485713575967 348.73524069762789 594.95817891089246 1302.8864581824746 378.57121785613708 317.64072719262913 663.92738273693249 20904.736452880781 943.77780484687537 174.09331490425393 393.63994375127368 804.8154516601935 197.23868769221008 50582.007735408377
leaf_count=99002 49624 129796 22276 797 1588 8718 30402 730 3915 2261 8201 5677 1546 564 4883 6054 2254 1749 2723 8311 2180 2046 4249 106686 5020 740 4678 4193 1258 282417
internal_value=-0.000126091 -0.000233926 -0.00334579 0.000519194 -0.0129082 -0.00190324 -0.00584282 -0.0120287 -0.00850562 -0.046253 0.000261801 0.0131366 0.031223 -0.0106847 -0.00118 -0.000244207 0.00444409 0.0162053 0.027717 -0.00475368 0.0073731 -0.0117618 0.0430611 -0.000522607 -0.0170779 -0.0502464 -0.031464 -0.0120912 0.000991916 0.00203942
internal_weight=126204 125765 24505.5 101259 4543.97 39043.9 13846.6 6577.71 5964.91 612.792 25197.4 2536.78 1276.25 314.054 22660.6 7268.86 5208.34 2285.33 1618.95 2923.01 1620.13 666.376 1023.99 22180.1 1275.4 331.627 480.463 2060.52 1002.05 62215.4
internal_count=804538 754914 122866 632048 23864 219835 81043 37308 34317 2991 138792 15988 7787 2110 122804 43735 32230 13021 9226 19209 10898 3795 6503 113243 6557 1537 9561 11505 5451 412213
is_linear=0
shrinkage=0.05


Tree=104
num_leaves=31
num_cat=0
split_feature=10 17 20 22 22 11 23 21 11 22 23 11 13 23 21 14 17 9 14 22 11 17 23 23 14 22 21 21 21 11
split_gain=154.485 180.836 111.581 118.2 171.201 139.219 118.136 134.775 275.146 131.183 114.417 133.445 156.463 124.554 110.658 184.684 314.524 278.598 254.171 201.924 194.265 170.166 149.678 139.704 183.661 238.864 147.804 137.2 129.062 128.324
threshold=48.454633158445361 169.697135925293 -24.24568939208984 -1.0697576499999999 -1.7667101999999997 14.008156353618409 1.2471615 0.59002947500000003 46.041871786809565 -1.0965549999999997 1.25831 80.377632546720136 -53.604130311923861 1.2643609500000001 -0.31750278499999995 221.50000000000003 179.34230804443362 38.500000000000007 182.50000000000003 -1.0464816999999997 45.808174089295072 179.34230804443362 1.1008879500000004 0.63108661500000018 217.50000000000003 -0.30655443499999996 0.62234553500000012 0.70677247500000007 -0.23682564999999997 89.691619807248813
decision_type=10 2 2 2 2 2 2 2 2 2 2 2 2 2 2 2 2 2 2 2 2 2 2 2 2 2 2 2 2 2
left_child=2 -2 -1 4 -4 -5 9 10 -9 -6 -8 12 -12 -14 -7 16 -16 19 20 -17 -18 -21 23 24 26 -26 28 -25 -20 -22
right_child=1 -3 3 5 6 14 7 8 -10 -11 11 -13 13 -15 15 17 18 -19 22 21 29 -23 -24 27 25 -27 -28 -29 -30 -31
leaf_value=-0.0088493377203381542 0.046683518133588897 0.0066093056438131393 -0.008481476960821752 0.0049366822148586122 -0.012683390577290607 0.00098878708777935917 0.059656782103969325 0.011492890186381817 -0.033910279548101448 0.019063174650407768 0.035263926388911779 -0.029246938737994256 -0.047065637788491835 0.010414859453883164 0.0098502267822985594 -0.062692348968835326 -0.0026948878398854355 -0.015954104126751249 -0.027877315609135839 -0.0095278822878211364 -0.022624173095775659 3.7060033948455999e-05 -0.0063396064625973391 0.012997991298421352 -0.07033693078358641 0.027352982223696816 -0.085594569694923128 -0.0018796290110486985 -0.0020206255620053822 0.0024083096112128533
leaf_weight=3700.6660907808691 350.69899390381761 1412.9171213842928 2179.8974992195144 10282.049232383026 1349.3764564471785 36507.619778449181 120.39476224384271 910.23982101911679 525.4944863258861 427.75894323992543 649.4220726378262 202.46902248216793 94.53491080715321 7134.0445886540692 6558.9596914267167 140.25399031909183 4342.5900839185342 5168.1430934369564 548.95699011627585 6536.457942242967 3010.9893486276269 16105.333858866245 5060.0171862291172 4986.5264247264713 67.209479285404086 762.11649938765913 56.89370887260884 2247.7971705067903 3942.5107443202287 616.59059465676546
leaf_count=18973 62126 26658 13600 58928 8390 212175 868 5408 3504 2794 3176 1533 699 50680 51486 835 21331 23140 2754 45931 16744 82978 26828 24213 351 3531 268 11322 18919 3375
internal_value=-9.00342e-05 0.0146001 -0.000298688 -3.60936e-05 0.00435538 -0.000594344 0.00680761 0.00899196 -0.0051372 -0.00503553 0.0114659 0.0107406 0.0117719 0.00965673 -0.00118275 -0.00250071 8.04928e-05 -0.00547439 -0.00241877 -0.00309646 -0.00983067 -0.00272454 0.000924395 0.00383903 -0.00226434 0.0193609 -0.00621078 0.0083757 -0.00518639 -0.0183698
internal_weight=125999 1763.62 124235 120535 13593.6 106941 11413.7 9636.6 1435.73 1777.14 8200.87 8080.47 7878 7228.58 96659 60151.3 32201.2 27950.2 25642.2 22782 7970.17 22641.8 17672 12612 5377.69 829.326 4548.36 7234.32 4491.47 3627.58
internal_count=803518 88784 714734 695761 90652 605109 77052 65868 8912 11184 56956 56088 54555 51379 546181 334006 181122 152884 129636 129744 41450 128909 88186 61358 25823 3882 21941 35535 21673 20119
is_linear=0
shrinkage=0.05


Tree=105
num_leaves=31
num_cat=0
split_feature=18 18 0 7 11 23 22 5 23 11 24 11 13 16 0 11 13 9 22 24 11 9 11 4 22 23 9 5 11 23
split_gain=152.615 111.202 103.284 134.497 111.675 102.36 174.575 94.9238 96.9011 96.0867 92.7784 99.0462 96.5859 91.5264 72.3827 66.9119 67.4542 87.2773 66.6101 62.1729 69.2742 60.661 60.1472 76.5494 67.7039 77.6988 67.4805 62.1336 76.9627 61.8258
threshold=156.30882263183597 190.41741943359378 0.66518798470497142 1.0000000180025095e-35 12.778281696572909 1.7182350000000002 -1.2825376499999999 1.5000000000000002 1.5520628000000001 23.372189530774076 1.5000000000000002 4.0024652567118322 -69.939918195269414 0.69117647409439098 8.8846516609191912 33.565862104112156 -92.302003004844352 36.500000000000007 0.16993466000000004 4.5000000000000009 45.413500027202332 7.5000000000000009 49.240419371982021 43.315855957567699 -2.0133645499999999 1.2163054000000002 40.500000000000007 24.500000000000004 20.631915132800589 0.35652237000000003
decision_type=2 2 2 2 2 2 2 2 2 2 10 2 2 2 2 2 2 2 2 8 2 2 2 2 2 2 2 2 2 2
left_child=19 2 5 4 -4 6 7 -2 9 -9 11 -7 -13 14 -5 -12 17 -17 21 -1 -21 -18 24 -24 -6 27 -27 29 -29 -26
right_child=1 -3 3 13 22 10 -8 8 -10 -11 15 12 -14 -15 -16 16 18 -19 -20 20 -22 -23 23 -25 25 26 -28 28 -30 -31
leaf_value=0.03935470052494118 -0.0049398548492212762 -0.0076643425596803656 0.012228627623500151 0.01107473157087329 -0.026134312132528034 -0.03027244694936676 -0.00063003116829310176 -0.012007003654227823 0.0069707864588334657 0.035726189153189272 -0.0031491520729986229 -0.032033591291858565 0.0090497591675994023 0.0025313811797094774 0.029522301304729211 -0.00056299506574013962 -0.016180178563032135 0.084540146098496763 -0.018434959308631791 0.0056379183090029391 0.047029687145629918 0.0008841924624529324 -0.0086967586458773539 -1.1965015195423658e-05 0.010626758084980653 0.0082762731204932896 -0.0062983441419986567 -0.097791875230895137 -0.012538365828436962 -0.00086831930630314842
leaf_weight=272.86819056072272 569.05451031401753 4705.2709425240755 2152.2103165304288 1768.242321700789 205.63396484777331 200.23845578916371 64832.624959924724 120.35700081475079 939.96196054760367 825.22912749275565 4527.9315500897355 152.31589963287115 2143.1647652327083 2110.6471103304066 760.87713942769915 126.91630290262401 901.28882415499538 38.498417675495148 2436.4085160875693 686.40001792623661 117.62239004136063 1231.5435606390238 3235.1969011183828 11747.682431533001 1323.3264141045511 6722.2972639175132 899.8291405364871 33.109700865112245 119.98702822439373 10019.505535913631
leaf_count=17736 2653 24875 12405 36918 1137 991 316058 660 5529 4600 23425 762 12594 35805 59403 670 4936 196 13004 17873 16765 6045 15199 64281 7172 40961 4908 293 1459 54423
internal_value=3.69153e-05 -0.000124819 0.000170517 0.0022036 0.00118309 -0.000886568 -0.000134393 0.0129517 0.018351 0.0296443 -0.00519053 0.00336479 0.00631092 0.0102206 0.0166341 -0.0074958 -0.0116511 0.0196328 -0.0127877 0.0187703 0.0117441 -0.00633104 0.00048982 -0.0018877 0.00233326 0.00264081 0.00655507 4.52005e-05 -0.0314908 0.000473588
internal_weight=125926 124849 120144 41098.5 36458.8 79045.5 67287.2 2454.6 1885.55 945.586 11758.3 2495.72 2295.48 4639.77 2529.12 9262.59 4734.66 165.415 4569.24 1076.89 804.022 2132.83 34306.6 14982.9 19323.7 19118.1 7622.13 11495.9 153.097 11342.8
internal_count=803736 751362 726487 334364 202238 392123 329500 13442 10789 5260 62623 14347 13356 132126 96321 48276 24851 866 23985 52374 34638 10981 189833 79480 110353 109216 45869 63347 1752 61595
is_linear=0
shrinkage=0.05


Tree=106
num_leaves=31
num_cat=0
split_feature=16 18 12 23 22 22 23 22 3 18 23 22 14 22 4 4 22 22 22 12 23 23 14 12 23 14 14 12 12 23
split_gain=146.244 115.801 110.356 172.008 143.275 135.175 112.235 226.836 184.664 163.637 159.721 228.105 142.131 312.087 137.629 131.162 114.292 112.966 220.145 105.537 102.158 102.007 220.235 344.005 200.801 168.768 351.462 480.264 274.516 217.313
threshold=0.1911764740943909 190.41741943359378 2.1052631578947372 0.17156968000000003 -1.6132802499999999 -1.5738755999999998 0.79899701500000009 -0.36151543499999994 104.19091138243677 163.92513275146487 1.0134015500000002 -0.19567234999999997 265.50000000000006 0.26599726000000007 179.52879112586382 81.932634789496674 -0.36822707999999993 -0.89578321499999991 -0.8116650299999999 1.8591331269349849 1.2903483500000001 0.64900642500000016 264.50000000000006 3.1006191950464399 0.64358318000000014 239.50000000000003 248.50000000000003 7.7910216718266261 5.5015479876161004 0.56494268500000011
decision_type=2 2 2 2 2 2 2 2 2 2 2 2 2 2 2 2 2 2 2 2 2 2 2 2 2 2 2 2 2 2
left_child=-1 2 3 -2 19 -6 7 -7 10 -10 11 16 15 -14 -12 -9 17 -8 -19 -5 -11 22 25 -24 -25 -4 28 -28 29 -27
right_child=1 -3 21 4 5 6 8 12 9 20 14 -13 13 -15 -16 -17 -18 18 -20 -21 -22 -23 23 24 -26 26 27 -29 -30 -31
leaf_value=0.029422899429517958 0.036491782680661777 -0.0078214588841753266 -0.0023880420885084215 -0.0069014067230557044 0.046502898350961247 -0.014083066369690755 0.053451010521597286 -0.0010213861735338275 0.037275844606364433 -0.0001464182837352146 0.0034181632657143499 -0.00074859091149711687 -0.056617933285400462 0.056765304810630315 0.026268708973936655 0.015434167481337449 0.055168486488023354 -0.021838674386466656 0.027953924429726364 -0.044117056871866331 -0.022968174167970964 0.00026077236773083834 -0.025138874768822844 0.025188039837820333 -0.088651524409088453 -0.052432362797416948 0.0041473666973016656 -0.048146007472189889 -0.004411199082399877 0.008693096470524268
leaf_weight=419.34511451888829 379.35125111509115 4695.4936424577609 13018.851131228963 1058.6635699667968 180.33768610353582 2517.7797312585171 250.66770040523261 2724.1389595661312 181.60099308961071 927.83628448052332 9912.1785256043077 1022.0611163689755 239.48155080666766 80.285814341623336 704.93038421310484 2178.8293023116421 333.15594681026414 285.65164263406768 985.19423507479951 231.45157313067466 1039.0136069180444 74842.130644573364 492.65320804994553 1605.7733475430869 38.734084915369749 1068.3228596562985 3000.4049525861628 513.30313857924193 671.46915494371206 167.98720157099888
leaf_count=62321 2836 24834 68927 8657 1531 17523 1723 14178 8027 10978 64327 6271 1898 929 7169 20069 2089 1765 7016 1385 11348 416330 3021 9306 194 5304 17338 2455 3069 907
internal_value=-1.99386e-05 -0.000118672 0.000181164 0.00312171 0.00261092 0.00349941 0.00316578 -0.00175845 0.00560246 -0.00800977 0.0077702 0.0182188 0.00418457 -0.0280619 0.00493767 0.00629295 0.028666 0.0228305 0.0167535 -0.013607 -0.0122078 -0.000596454 -0.00371412 0.0114767 0.0224545 -0.00547521 -0.0128867 -0.00350348 -0.0301578 -0.0441265
internal_weight=125767 125348 120652 25232.6 24853.3 23563.1 23382.8 7740.52 15642.3 2148.45 13493.8 2876.73 5222.74 319.767 10617.1 4902.97 1854.67 1521.51 1270.85 1290.12 1966.85 95419.6 20577.5 2137.16 1644.51 18440.3 5421.49 3513.71 1907.78 1236.31
internal_count=803725 741404 716570 189719 186883 176841 175310 54597 120713 30353 90360 18864 37074 2827 71496 34247 12593 10504 8781 10042 22326 526851 110521 12521 9500 98000 29073 19793 9280 6211
is_linear=0
shrinkage=0.05


Tree=107
num_leaves=31
num_cat=0
split_feature=1 16 21 23 13 25 9 9 11 11 9 1 6 10 5 25 11 23 11 21 21 9 24 25 21 2 21 4 11 0
split_gain=153.565 101.673 101.956 136 129.844 94.306 101.185 88.7977 95.7289 93.5316 90.305 136.292 170.175 151.687 154.317 120.848 110.947 89.4712 78.4565 78.118 77.9402 142.989 101.146 82.1578 102.483 80.1422 79.1564 78.851 77.936 76.5409
threshold=72.458122730255141 0.83823528885841381 -1.6487905499999997 2.5483800000000003 -66.013766264733221 27.787069579958921 33.500000000000007 54.500000000000007 116.05492840440881 54.673052540296929 14.500000000000002 10.032814383506777 1.5000000000000002 5.0374625027179727 11.500000000000002 32.285268002748502 92.67470495860691 0.64900642500000016 35.482507067406701 -0.35631972499999992 0.91939226000000007 39.500000000000007 5.5000000000000009 21.65932177305222 0.21633074500000002 16.936235859990123 1.4441750000000002 128.96987589448693 136.89156054385907 26.391065597534183
decision_type=2 2 2 2 2 2 2 2 2 2 2 2 2 8 2 2 2 2 2 2 2 2 10 2 2 2 2 2 2 2
left_child=1 2 4 7 -1 6 -6 10 9 -9 11 -4 13 -13 29 16 20 -18 -8 -3 23 22 27 24 -12 -25 -23 -22 -19 -15
right_child=-2 19 3 -5 5 -7 18 8 -10 -11 15 12 -14 14 -16 -17 17 28 -20 -21 21 26 -24 25 -26 -27 -28 -29 -30 -31
leaf_value=-0.038385255438582545 0.025356926327740961 -6.0079470906858313e-05 -0.0021068640617422194 -0.021923040149341658 0.0028627766778719622 0.028008162803622616 0.044463906646635437 -0.0019853811915512085 0.052079054830652519 -0.013570283428029104 -0.0025215492488800928 0.00082835213403581118 -0.0081894044995866663 0.0089840058664612515 0.024325459914586609 -0.024337307114841111 -0.02954826599337524 0.0010731051419052035 0.0084000442553405462 -0.0062545259644683398 0.0022916149238363863 -0.012757050593312766 -0.020950915099778918 0.0079040258191740761 0.0089343411973562964 0.00020294454636451267 -0.049172540667084465 0.028270977818663747 -0.04204689261061792 -0.013696177353145622
leaf_weight=146.69376106187701 588.28130115685053 9315.4791983291507 39415.182459309697 696.95312539325096 3202.1055489326827 582.16683233412914 280.46241078525782 7143.0567414984107 73.533425763249397 2303.5042279623449 6987.3677330762148 6218.0252044559456 2511.3357503321022 3223.4090946966317 1781.3307751696557 409.76523802382872 421.13271176069975 1132.8495305348188 326.13499294221401 11218.633503991645 2786.6132587194443 709.65649004653096 425.40335991233587 15974.927079604939 2708.0347947403789 4284.3191762343049 188.39933894574642 325.30193521641195 114.46656745672226 419.61308770463802
leaf_count=766 55082 45481 202753 4302 19788 7437 1921 33263 342 10909 33976 51064 14510 42452 69280 3514 1941 5542 1660 56969 13170 3439 2225 76221 12486 24194 900 1683 551 6706
internal_value=-0.000107665 -0.000227398 0.000403026 7.11918e-05 0.00773302 0.00928217 0.00641327 0.000225382 -0.0043666 -0.00481145 0.000710959 -0.000595562 0.00361295 0.00615928 0.0122689 0.0026301 0.00293722 -0.00965083 0.02512 -0.0034445 0.0035482 -0.00263721 0.00188775 0.00446412 0.000678801 0.00627553 -0.0204427 0.00501556 -0.00291454 0.0063686
internal_weight=125914 125326 104792 100254 4537.56 4390.87 3808.7 99557.2 9520.09 9446.56 90037.1 53568.9 14153.7 11642.4 5424.35 36468.2 36058.5 1668.45 606.597 20534.1 34390 4435.37 3537.32 29954.6 9695.4 20259.2 898.056 3111.92 1247.32 3643.02
internal_count=804527 749445 646995 615423 31572 30806 23369 611121 44514 44172 566607 386765 184012 169502 118438 179842 176328 8034 3581 102450 168294 21417 17078 146877 46462 100415 4339 14853 6093 49158
is_linear=0
shrinkage=0.05


Tree=108
num_leaves=31
num_cat=0
split_feature=1 18 14 3 14 22 11 22 11 11 11 21 14 14 11 11 13 14 14 1 11 14 14 11 23 22 4 24 22 22
split_gain=151.007 102.323 94.2372 100.908 116.091 148.39 160.763 93.6799 110.573 137.304 116.466 89.9617 188.362 180.018 172.661 154.243 130.094 98.7881 88.8564 86.3344 110.844 122.793 164.164 208.456 153.633 150.068 139.103 127.491 130.507 119.837
threshold=72.458122730255141 182.33635711669925 211.50000000000003 14.181249499320986 221.50000000000003 -0.5146114249999999 65.685129954811245 -0.64515053999999983 36.565737825728981 27.905007794280266 25.230167303280474 0.19533317500000003 244.50000000000003 233.50000000000003 20.03343528257712 75.951033719080073 -61.463395828098605 224.50000000000003 199.50000000000003 9.8725229203701037 50.50536256878646 176.50000000000003 196.50000000000003 78.397701685042946 1.57960955 0.62641051500000011 72.991986483335509 1.5000000000000002 0.75748989000000011 -0.91453793499999991
decision_type=2 2 2 2 2 2 2 2 2 2 2 2 2 2 2 2 2 2 2 2 2 2 2 2 2 2 2 8 2 2
left_child=1 19 7 4 5 6 -4 8 9 10 -3 13 -13 14 17 -15 -16 -5 -11 20 -1 24 23 27 25 -22 -24 -23 -29 -28
right_child=-2 2 3 11 -6 -7 -8 -9 -10 18 -12 12 -14 15 16 -17 -18 -19 -20 -21 21 22 26 -25 -26 -27 29 28 -30 -31
leaf_value=0.0012744446396766513 0.025503745073699419 -0.005218097154071827 -0.055640615062770307 -0.067485723010604765 0.0019784528297953764 0.028814183611753565 0.033852358102293978 -0.0082503651451497247 0.0061889176153268732 -0.026825960808041106 0.030509841789114891 -0.018496543224591017 0.0011519322350124258 -0.0036151508602535439 0.043958349699089412 -0.054975953115642684 0.010505277198004826 0.019446363896214867 0.02548617619479986 0.0036685409328234006 -0.013172583740626187 -0.011814547625469185 -0.0099320331861823333 -0.0087818941593871807 -0.032160720294845353 0.015387425467953903 -0.017071385436212502 0.01981379481400513 -0.0085536264889983175 0.0020099814108870554
leaf_weight=50508.806201777421 578.39879888272844 1146.2575476691127 119.10638012737036 100.84065711125731 4478.3199610263109 899.19863697141409 85.318981990218163 9899.3794345390052 3073.5280141886324 917.62289151363075 283.70932065695524 2212.0336713753641 2717.4160423539579 2965.2843189602718 345.9642055798322 152.77104921452701 1797.2097044726834 47.572467721998692 88.260554628446698 19899.493475960102 1835.482996233739 476.41700127441436 6164.3444134518504 1675.8515949845314 728.93964777141809 612.71834372822195 922.19931227061898 2872.3383998018689 471.47690335847437 7567.4716263473965
leaf_count=253958 55512 5563 528 447 21064 4052 385 52942 15156 4559 1380 11171 14147 17800 1631 1009 9744 230 418 219177 9222 2476 28820 7682 3649 2996 6089 13389 2226 36815
internal_value=3.68215e-05 -8.11602e-05 -0.00255489 0.000142886 0.00555978 0.0200772 -0.0183069 -0.00534219 -0.000116162 -0.00807111 0.00188679 -0.00278188 -0.00766706 0.00167026 0.0123068 -0.00614842 0.0159235 -0.0396768 -0.0222151 0.000745669 -4.21113e-05 -0.00289269 -0.00145194 0.00591658 -0.0120269 -0.00602142 -0.00421577 0.0123651 0.0158126 -6.45183e-05
internal_weight=125644 125065 31329.8 15921 5581.94 1103.62 204.425 15408.8 5509.38 2435.85 1429.97 10339.1 4929.45 5409.64 2291.59 3118.06 2143.17 148.413 1005.88 93735.5 73836 23327.2 20150.1 5496.08 3177.14 2448.2 14654 3820.23 3343.82 8489.67
internal_count=804237 748725 162226 82208 26029 4965 913 80018 27076 11920 6943 56179 25318 30861 12052 18809 11375 677 4977 586499 367322 113364 97497 25773 15867 12218 71724 18091 15615 42904
is_linear=0
shrinkage=0.05


Tree=109
num_leaves=31
num_cat=0
split_feature=15 6 23 10 5 10 23 11 9 5 11 19 1 11 23 4 6 25 9 23 23 9 23 4 5 19 9 9 23 9
split_gain=156.08 98.6612 99.6086 84.6352 132.431 174.286 100.896 97.0683 88.756 139.913 181.166 128.11 95.0605 78.7742 77.1922 73.99 66.7033 65.1992 63.9545 61.6332 111.325 64.2629 70.1567 60.7371 59.0548 56.1238 53.8568 56.0786 53.0399 104.287
threshold=24.162032127380375 24.500000000000004 2.5483800000000003 -22.234870795905586 14.500000000000002 15.710434529185298 0.65570852000000002 41.215527243203375 10.500000000000002 4.5000000000000009 45.413500027202332 0.60294118523597728 7.7943044900894174 16.61007971562238 1.1008879500000004 21.585746940225366 1.5000000000000002 20.190455985069281 22.500000000000004 1.6599746000000002 0.8183680200000002 15.500000000000002 2.1829980500000006 1.9516198039054873 26.500000000000004 0.42647059261798864 12.500000000000002 21.500000000000004 0.57171410500000008 18.500000000000004
decision_type=2 2 2 10 2 10 2 2 2 2 2 2 2 2 2 2 2 2 2 2 2 2 2 2 2 2 2 2 2 2
left_child=1 2 3 -1 8 6 -6 14 11 10 13 12 17 26 24 18 -7 -5 -12 20 28 -21 -23 -3 -8 -17 -10 -28 29 -15
right_child=-2 23 -4 4 5 16 7 -9 9 -11 15 -13 -14 19 -16 25 -18 -19 -20 21 -22 22 -24 -25 -26 -27 27 -29 -30 -31
leaf_value=0.0026468758943953056 0.037858615565024026 -0.023636241661213774 -0.012411984974339188 -0.0094682858972383755 -0.0084630200525534979 0.032361918573956233 -0.0074956996715225006 0.013471861785842601 -0.020026299167271021 0.002598144515651866 -0.03239165508677385 -0.0075525709212632582 0.0032289075935061462 0.035374384431318344 0.0070068902826028933 -0.020370094327526646 0.0042813500719911688 -0.0014512434674201805 -0.011973527712072248 -0.024959752626025206 0.0055839284073675582 -0.0081744904102366515 0.027142977927829656 -0.0054651289406609342 -0.050644398478197031 -0.0040624504327998077 0.034129739423487231 0.0089877546967640637 -0.012582573883215925 -0.0043020667160349269
leaf_weight=31759.562244122848 272.511678612791 560.05333734303713 1527.7863372387365 3377.6341458149254 1491.8208691189066 777.2887905407697 928.65017156396061 2419.2434387886897 133.74655049853027 29268.811533473432 502.09966394305229 10357.16787453182 8776.8137972978875 184.92349473387003 1366.7957788854837 590.46693251188844 290.85267715062946 10170.806341406889 1624.4762635827065 480.97874191962183 5128.9977418258786 1011.5279271434993 162.3031015843153 2555.938503600657 85.772569094784558 4896.0027712956071 260.7558691650629 1462.7291073985398 1633.4776653563604 1515.3349220938981
leaf_count=162530 53241 2720 9781 15754 11903 46404 6363 21755 651 146578 2869 62934 92299 882 11582 2929 2100 50226 7875 2416 24050 5020 927 12254 968 23627 1245 7748 7351 6715
internal_value=0.00012897 4.66131e-05 0.000270698 0.000431388 -0.000360122 0.00606254 0.00289078 0.00642018 -0.000939954 0.000409266 -0.0028614 -0.00295684 -0.00082454 0.000972759 -0.000746753 -0.00889159 0.0247268 -0.00345045 -0.0168074 -0.000765059 0.000960942 -0.00958711 -0.00327227 -0.00873765 -0.0111903 -0.00582091 0.0104351 0.0128092 -0.00615113 3.14797e-05
internal_weight=125575 125303 122187 120659 88899.5 7360.42 6292.28 4800.46 81539.1 48856.6 19587.8 32682.4 22325.3 11974.8 2381.22 7613.05 1068.14 13548.4 2126.58 10117.5 8462.73 1654.81 1173.83 3115.99 1014.42 5486.47 1857.23 1723.48 3333.74 1700.26
internal_count=803697 750456 735482 725701 563171 101075 52571 40668 462096 240883 94305 221213 158279 57005 18913 37300 48504 65980 10744 47361 38998 8363 5947 14974 7331 26556 9644 8993 14948 7597
is_linear=0
shrinkage=0.05


Tree=110
num_leaves=31
num_cat=0
split_feature=15 17 1 20 22 24 12 22 22 12 12 11 12 20 14 24 22 14 14 24 14 11 22 14 14 14 12 12 14 22
split_gain=131 106.061 86.2314 83.0856 114.951 157.61 119.775 95.5081 151.671 115.432 107.743 114.832 122.9 288.271 256.631 266.135 332.321 164.085 267.49 237.573 213.134 164.473 163.975 171.039 163.504 160.604 140.035 129.376 119.652 155.538
threshold=31.400850296020511 217.55000305175784 72.458122730255141 -19.215438842773434 0.74209228000000016 1.5000000000000002 1.7321981424148609 -1.0697576499999999 -1.7667101999999997 6.1037151702786394 0.56811145510835925 15.017229010400021 7.7910216718266261 75.415557861328139 186.50000000000003 6.5000000000000009 0.16082139000000004 227.50000000000003 212.50000000000003 5.5000000000000009 196.50000000000003 39.150453789407628 0.48771763000000007 178.50000000000003 218.50000000000003 258.50000000000006 9.5773993808049553 8.1130030959752339 258.50000000000006 0.74209228000000016
decision_type=2 2 2 2 2 8 2 2 2 2 2 2 2 2 2 10 2 2 2 8 2 2 2 2 2 2 2 2 2 2
left_child=1 2 3 4 5 -1 -7 8 9 -5 -9 28 -13 14 22 17 -17 18 20 24 -16 -19 27 -24 -20 -15 -22 -14 -12 -30
right_child=-2 -3 -4 7 -6 6 -8 10 -10 -11 11 12 13 25 15 16 -18 21 19 -21 26 -23 23 -25 -26 -27 -28 -29 29 -31
leaf_value=0.0096941854800627336 0.046690143205878887 -0.011779917475644653 0.021236409955453613 -0.01042823565730187 0.010867466117573969 -0.0028977923733888942 -0.019161294366589934 0.015441344440945316 0.006944722653304496 0.046169972450907371 0.0014681814644176129 -0.00017895756694849413 -0.0024226848259057982 -0.046732732096385787 0.025319278362433851 0.051182680048710905 -0.023093678326035406 -0.0027288848527422258 0.056949655471947226 0.042518755007253772 -0.018348670001218377 -0.061870451422306516 0.018241774297755541 -0.029491934939370246 -0.029098186005674126 0.036955994600739762 0.012210424197640839 -0.043129817093281127 0.023583027158670927 -0.00012996749817939358
leaf_weight=1023.9949945639819 149.73514887085184 1865.3955193925649 485.56989817949943 1974.0848376138601 937.59785712324083 2025.1941411793232 2567.2705494761467 1109.7215236669872 10662.12075685407 93.41346087353304 7430.1405165139586 83429.23638938251 258.56455113086849 582.13635984342545 693.89866164769046 165.75956981815398 1556.9590408366639 919.16624148515984 71.776955184992403 974.23964537680149 1073.8023063465953 133.81566215632483 426.58418634417467 333.47045523254201 227.8238299919758 62.837980384938419 574.82005424145609 796.89366594073363 1632.6698824819177 1199.0599024780095
leaf_count=4752 37532 9920 32107 12755 4720 9471 14528 12451 75024 565 41332 486186 1363 3257 3548 767 7404 4098 526 4797 5317 642 2130 1870 1372 307 2927 4195 10660 7090
internal_value=0.000106165 5.01188e-05 0.000229011 0.000145865 -0.00533118 -0.0080368 -0.0119916 0.000454345 0.0045414 -0.00784994 -4.76228e-05 -0.000215392 -0.000773368 -0.00637462 -0.00384302 0.000869763 -0.0159213 0.00706677 0.0121239 0.0305546 0.00209264 -0.0102963 -0.0204271 -0.0027124 -0.00836237 -0.0385346 -0.00769278 -0.0331692 0.00480189 0.0135456
internal_weight=125438 125288 123423 122937 6554.06 5616.46 4592.46 116383 12729.6 2067.5 103653 102544 92281.8 8852.55 8207.57 6392.06 1722.72 4669.34 3616.36 1273.84 2342.52 1052.98 1815.51 760.055 299.601 644.974 1648.62 1055.46 10261.9 2831.73
internal_count=803613 766081 756161 724054 33471 28751 23999 690583 88344 13320 602239 589788 530706 44520 40956 31398 8171 23227 18487 6695 11792 4740 9558 4000 1898 3564 8244 5558 59082 17750
is_linear=0
shrinkage=0.05


Tree=111
num_leaves=31
num_cat=0
split_feature=18 18 14 12 21 22 12 21 12 18 14 18 13 22 12 14 14 14 22 12 14 22 14 14 24 21 3 14 17 14
split_gain=133.861 102.683 100.872 97.6059 159.757 154.521 137.527 113.39 173.748 137.988 207.839 217.862 136.516 127.109 209.042 119.303 161.067 134.799 181.708 102.906 98.2595 252.649 219.564 140.211 118.869 128.143 98.1863 253.982 192.956 180.545
threshold=156.30882263183597 190.41741943359378 234.50000000000003 2.7198142414860684 1.5744800000000003 -1.7176085499999998 5.8823529411764719 -0.55150461499999992 1.0030959752321984 176.00270843505862 235.50000000000003 163.92513275146487 -39.435043463627615 0.69818211000000008 1.8591331269349849 172.50000000000003 161.50000000000003 264.50000000000006 -0.36822707999999993 0.86842105263157909 182.50000000000003 0.81843450500000003 202.50000000000003 192.50000000000003 1.5000000000000002 -0.50585707999999985 24.727126851677898 265.50000000000006 177.18951416015628 209.50000000000003
decision_type=2 2 2 2 2 2 2 2 2 2 2 2 2 2 2 2 2 2 2 2 2 2 2 2 10 2 2 2 2 2
left_child=2 3 -1 5 26 -2 -6 8 12 10 11 -9 -7 14 -12 16 -10 -17 -19 -14 24 22 -22 -23 -13 -26 27 28 -5 -30
right_child=1 -3 -4 4 6 7 -8 9 15 -11 13 20 19 -15 -16 17 -18 18 -20 -21 21 23 -24 -25 25 -27 -28 -29 29 -31
leaf_value=0.048522209092245 -0.01424674028985834 -0.0073796552182888754 0.0099518688501820524 -0.0091701717942367419 -0.021682895737604766 -0.039128105567450194 0.018005030660289387 0.034216786465936365 0.013673913309150141 -0.002257596900056199 0.0034855993726318406 -0.0082368232192710448 0.007412362824599646 0.022172165183844877 -0.018325121126706496 0.019353389072561553 -0.0086719505314119833 0.024616038579531072 -0.044119638636533509 -0.023627828481218246 0.036212382635814194 0.047797553596398763 0.0093579892752609813 -0.025052284064640652 -0.073329822230074143 0.011931431974716238 -0.0024170335997249007 0.017195881412946638 -0.0017885660555488851 0.0052654498432286008
leaf_weight=212.8296736869961 1368.2795835067518 4693.1002496732399 821.97350781224668 4848.2166177248582 1477.989093423821 273.40261472389102 255.29084054334089 801.50200571073219 1819.5027741254307 13869.818536045961 2532.9530163893942 1817.2782746520825 1039.468243875308 439.72030493873172 1938.6333339803386 3820.2807902896311 1446.7405089226086 181.1790134976618 202.74263605521992 358.19375646067783 1054.9596374598332 73.585162424016744 2730.3922966760583 580.15798863489181 44.201080679893494 1779.7734200898558 36196.720950952498 2320.7832198441029 19787.81607156992 16747.242247864604
leaf_count=35391 9410 24999 16846 24980 8637 1932 1230 20559 9705 78590 25250 9596 9331 3254 13207 32024 9077 1895 1544 2905 8421 438 20044 3685 214 9632 237143 12645 92805 79179
internal_value=2.36136e-05 -0.00012531 0.0179239 0.000158918 -0.000816989 0.0022459 -0.0158303 0.00285942 0.00768688 0.00126392 0.00480491 0.00936857 -0.0068846 -0.00344847 -0.00597231 0.0109469 0.00377648 0.0165153 -0.0117024 -0.000553844 0.00689991 0.0118927 0.0168498 -0.0167918 0.000811518 0.00982621 -0.000491112 0.001104 0.00020117 0.00144497
internal_weight=125535 124500 1034.8 119807 81634.1 38172.8 1733.28 36804.5 9141.51 27663 13793.2 8881.85 1671.06 4911.31 4471.59 7470.45 3266.24 4204.2 383.922 1397.66 8080.35 4439.1 3785.35 653.743 3641.25 1823.97 79900.8 43704.1 41383.3 36535.1
internal_count=804568 752331 52237 727332 456619 270713 9867 261303 68413 192890 114300 72589 14168 41711 38457 54245 18782 35463 3439 12236 52030 32588 28465 4123 19442 9846 446752 209609 196964 171984
is_linear=0
shrinkage=0.05


Tree=112
num_leaves=31
num_cat=0
split_feature=10 18 19 3 20 18 18 4 22 23 20 20 9 11 18 11 9 5 11 19 4 22 20 11 9 4 24 21 18 11
split_gain=115.906 152.969 89.7473 217.08 180.009 319.526 223.742 198.072 180.208 170.465 142.918 138.909 123.739 123.317 102.747 176.157 116.503 103.259 102.659 96.8604 93.5596 92.1892 90.8838 113.145 87.6113 148.597 88.8161 86.9328 111.076 105.381
threshold=48.454633158445361 163.92513275146487 0.57352942228317272 40.338381957262762 54.358283996582038 163.66176605224612 169.43404388427737 35.810577183961875 1.1680100000000002 0.36691397000000009 63.940284729003913 95.507575988769545 39.500000000000007 68.884798549692349 163.92513275146487 31.108582943158904 26.500000000000004 13.500000000000002 43.720096607660828 0.1911764740943909 273.07877713069325 -1.9131074999999997 19.151657104492191 33.253394066733847 20.500000000000004 67.669071562588229 6.5000000000000009 -0.44844999999999996 176.59913635253909 36.318281658408999
decision_type=10 2 2 2 2 2 2 2 2 2 2 2 2 2 2 2 2 2 2 2 2 2 2 2 2 2 8 2 2 2
left_child=2 -2 4 21 5 8 11 18 19 22 -11 14 24 -12 15 -6 -17 20 -7 -1 -16 -4 -5 -24 25 26 -8 28 -23 -30
right_child=1 -3 3 9 6 7 12 -9 -10 10 13 -13 -14 -15 17 16 -18 -19 -20 -21 -22 27 23 -25 -26 -27 -28 -29 29 -31
leaf_value=0.034899199724641027 0.044949931162502982 0.0058985155634404861 -0.023087248577149791 -0.013506971932262466 -0.028784536987343009 -0.00016887078025933392 0.0043392992801138475 0.0044648427955304897 -0.017563734754281142 -0.011389323032337216 0.0033724286220681542 0.00063784796080333173 -0.0082986649430228602 -0.018599719326935514 -0.0087057281556784244 -0.0014586742206612784 -0.048302057701381448 0.0060124605655834801 -0.0098929200639709183 0.014386746658251688 -0.060917958479430073 -0.0026801834665938647 -0.011715900871853556 0.028408450567329692 0.013379208973812085 0.0049446894621203094 -0.02733763927274839 -0.0013544479196062201 0.0015976588382857306 0.011591478829928252
leaf_weight=1160.0692395309452 306.1042513914872 1369.3092610486783 416.1260628439486 285.71024087071419 1635.8667752295732 8929.5063451174647 344.24047005921602 26059.461389859673 282.21078954357654 10186.339674483053 3568.4058043006808 4512.2748229214922 2133.2983115836978 776.72559486329556 4627.875564398244 1499.0403487316798 144.63647682964802 1348.1354388413019 3898.5383893586695 1145.8548696213402 86.455311696045101 5017.8956537786871 231.8489078450948 718.36603121366352 2362.9410569779575 7023.6810899255797 617.27841775864363 23866.200989503413 5544.8697288092226 5030.8818484079093
leaf_count=33599 62505 26318 2062 1561 14192 40878 2056 147313 3544 56114 21330 34226 10357 4911 25720 21926 756 9995 18875 10623 490 24266 1291 4016 12323 43212 3047 114112 27072 24368
internal_value=-2.92086e-06 0.0130559 -0.000180248 -0.00166847 0.00104093 0.00309368 -0.0021919 0.00196125 0.0201016 -0.00663475 -0.00815104 -0.00656601 0.00266346 -0.000558637 -0.0100452 -0.0171737 -0.00560755 -0.00618684 -0.00312462 0.0247169 -0.00967596 0.000295374 0.0111854 0.0186162 0.00492392 0.00242051 -0.016004 0.000542536 0.00344578 0.00635236
internal_weight=125130 1675.41 123455 55643.4 67811.4 41475.6 26335.7 38887.5 2588.13 15767.4 14531.5 13854.3 12481.4 4345.13 9342.01 3279.54 1643.68 6062.47 12828 2305.92 4714.33 39876 1235.93 950.215 10348.1 7985.2 961.519 39459.8 15593.6 10575.8
internal_count=803058 88823 714235 281103 433132 254832 178300 207066 47766 89223 82355 107305 70995 26241 73079 36874 22682 36205 59753 44222 26210 191880 6868 5307 60638 48315 5103 189818 75706 51440
is_linear=0
shrinkage=0.05


Tree=113
num_leaves=31
num_cat=0
split_feature=3 22 20 14 14 21 14 21 14 18 14 14 14 22 21 21 4 4 22 21 21 20 14 20 21 20 14 22 13 22
split_gain=116.388 100.383 155.693 143.358 108.78 103.362 209.088 258.861 267.935 191.338 185.098 210.674 255.425 228.969 190.954 157.877 142.535 141.6 193.578 180.195 170.098 140.863 215.8 130.397 129.868 128.626 126.644 121.132 128.888 117.908
threshold=345.03835487365728 0.16082139000000004 -1.439338684082031 160.50000000000003 165.50000000000003 0.50852495500000006 262.50000000000006 -0.43871623499999995 269.50000000000006 163.00000000000003 264.50000000000006 236.50000000000003 217.50000000000003 0.53639948500000012 1.9023737000000003 0.7158442450000001 545.79983105883014 43.315855957567699 0.60472849000000017 1.0523938500000003 1.0523938500000003 13.933258056640627 172.50000000000003 63.469665527343757 0.080794680850000009 55.850708007812507 249.50000000000003 0.49563800000000008 -27.609807453530582 0.21535670000000004
decision_type=2 2 2 2 2 2 2 2 2 2 2 2 2 2 2 2 2 2 2 2 2 2 2 2 2 2 2 2 2 2
left_child=1 2 -1 -3 -4 6 9 -8 -9 23 11 12 21 -13 25 -12 -15 -17 20 -20 -19 22 27 -5 -10 -14 -25 28 -7 -11
right_child=-2 3 4 5 -6 10 7 8 24 29 15 13 14 16 -16 17 -18 18 19 -21 -22 -23 -24 26 -26 -27 -28 -29 -30 -31
leaf_value=-0.0030254218054421127 0.027987281437827461 0.0093226475492991633 0.028629022580288255 -0.0018698828797235026 0.00212153682030327 -0.041197891784756871 -0.0027561189116267018 0.040435021717838873 0.013301089386811358 -0.015449020960147046 -0.049335349554924357 -0.0087930365534109618 -0.035886505912417661 0.016385308189216245 0.016772110023652378 -0.049420114494061494 -0.072850694862160642 -0.02035006630906231 0.0059621979748833353 -0.037285686553656223 0.028010122253552136 0.0033727892798660953 -0.024855990941555842 -0.048120046612220642 -0.051896243206685226 -0.0077835423677886503 -0.010753659467061312 0.028204658739854522 0.021288391741730833 -0.00028471851328055277
leaf_weight=17809.142043197062 371.41918777301908 2703.9155473161954 388.5470979665406 640.94199048168957 60249.312206513714 181.71192383114249 1396.4344640951604 1024.8964787097648 196.85976735083386 1354.9803207856603 354.51738338312134 1698.3116727452725 1420.978753940668 2546.7134964435827 272.0806965273805 238.87476762011647 44.577384565491229 285.94176654377952 366.62707411916927 699.71118723647669 495.70329589443281 3594.688597163884 1341.040455182083 502.28974486747757 123.4935430851765 571.44361252849922 414.02180315973237 384.21449743676931 149.64344393345527 23449.334100855747
leaf_count=92195 49190 15708 9232 10995 394032 1112 9212 6187 1551 6710 1684 10118 7862 13367 1609 1114 613 1706 1685 3451 3036 23052 7777 4764 585 3990 2709 2425 1006 115171
internal_value=7.71362e-05 -6.08386e-06 0.0010847 -0.00184808 0.00229186 -0.00253867 -0.000814498 0.0123243 0.0279689 -0.00218139 -0.00596431 -0.00344971 -0.00828506 0.00547303 -0.0224698 -0.0185293 0.0148227 -0.0132748 -0.00857833 -0.0224246 0.0103156 -0.0025982 -0.0130313 -0.0191764 -0.0119152 -0.0278343 -0.0312667 0.00913303 -0.0129993 -0.00111369
internal_weight=125272 124901 78447 46453.9 60637.9 43750 29103.3 2741.68 1345.25 26361.6 14646.8 12205.4 7915.8 4289.6 2264.5 2441.38 2591.29 2086.86 1847.98 1066.34 781.645 5651.3 2056.61 1557.25 320.353 1992.42 916.312 715.57 331.355 24804.3
internal_count=803848 754658 495459 259199 403264 243491 157884 17535 8323 140349 85607 72931 48833 24098 13461 12676 13980 10992 9878 5136 4742 35372 12320 18468 2136 11852 7473 4543 2118 121881
is_linear=0
shrinkage=0.05


Tree=114
num_leaves=31
num_cat=0
split_feature=1 17 0 10 20 19 17 11 22 12 20 4 19 12 11 19 11 10 17 20 4 19 20 20 25 22 12 12 22 11
split_gain=109.751 91.8191 79.7597 131.236 118.716 215.021 181.862 178.433 158.372 143.871 131.731 115.849 110.608 107.896 91.1481 89.0377 87.9519 80.7657 84.7747 120.98 173.032 106.803 88.0655 86.8984 79.4308 79.1201 73.3332 72.1254 72.024 162.583
threshold=72.458122730255141 213.25555419921878 0.41672818362712866 31.905198043584829 52.868820190429695 0.16176471114158633 179.34230804443362 74.360047715909261 -0.52191111499999987 4.2275541795665648 -8.9246292114257795 239.04111241549256 0.57352942228317272 1.3606811145510838 15.793902891665141 0.22058823704719546 15.793902891665141 -21.025110951066015 179.88861083984378 21.092330932617191 80.259969934821143 0.33823530375957495 57.22401428222657 96.257354736328139 20.594189301133159 0.14726732500000003 5.3374613003095988 7.2941176470588243 -0.36822707999999993 18.747223924407191
decision_type=2 2 2 8 2 2 2 2 2 2 2 2 2 2 2 2 2 8 2 2 2 2 2 2 2 2 2 2 2 2
left_child=1 2 17 4 5 -4 9 13 -9 11 -7 -6 -12 -8 -15 -5 -11 18 21 20 28 22 -1 25 -16 -21 -22 -25 -20 -30
right_child=-2 -3 3 15 6 10 7 8 -10 16 12 -13 -14 14 24 -17 -18 -19 19 23 26 -23 -24 27 -26 -27 -28 -29 29 -31
leaf_value=0.012914911738753462 0.022693266847410659 -0.0089660773205493278 0.034463531003646929 0.03441702821974079 -0.0070641074072471492 -0.0064851894903980014 0.017966828578623983 -0.045532816483401434 -0.0023205210339495826 -0.0020076466198052142 0.0069047959953318907 0.014007507673824594 -0.00017110885203050144 0.017175409252799614 -0.011546073493408842 0.0085284060743669905 -0.02319186462375954 -0.0020777250125178417 0.0064650170824178763 0.0097695502287183517 -0.0072023276349006101 -0.011932810843047922 -0.0042571345789285172 -0.038170186414679771 0.0026424672255207574 0.0021579493087945461 -0.027564346367589317 0.026138639226078147 0.020344710364967947 -0.006805067624547927
leaf_weight=1149.9525628015399 535.6762321870774 2770.048047952354 537.15903258323669 373.49576145294122 3128.6675464436412 3504.5955971777439 1241.9764464730397 346.38486121594906 544.48367814347148 656.18411061982624 13135.498756834771 823.05115030100569 9528.9892935920507 877.06390266865492 1209.1567887384444 2949.5126855615526 1935.5035421154462 45859.960782922572 3873.9599851891398 7132.1649085730314 1089.0823594629765 2508.6314684376121 2124.4037122679874 192.11902190744877 5333.8219994278625 6549.5847498551011 744.59558007866144 55.539817117154598 644.11757659912109 3796.1558684557676
leaf_count=8215 55367 14736 19482 29611 24212 18048 10608 2373 3472 5121 83467 15434 48555 5515 6483 35606 14944 230323 18184 34677 5073 11777 12954 921 31667 30377 3388 336 3115 20135
internal_value=0.000130862 3.36933e-05 0.000238366 0.00187739 0.00113415 0.00317841 -0.00225759 0.00214099 -0.0191544 -0.00867855 0.00253495 -0.00267295 0.00392995 0.00433313 0.00204899 0.0114477 -0.0178311 -0.00076007 0.00126361 0.00256927 -0.00158307 -0.00417197 0.00177578 0.00559425 1.90302e-05 0.00612623 -0.0154812 -0.0237012 0.0014836 -0.00286296
internal_weight=125152 124616 121846 46125.5 42802.5 26706.2 16096.3 9552.89 890.869 6543.41 26169.1 3951.72 22664.5 8662.02 7420.04 3323.01 2591.69 75720.3 29860.3 24077.3 10147.9 5782.99 3274.36 13929.4 6542.98 13681.7 1833.68 247.659 8314.23 4440.27
internal_count=804176 748809 734073 354598 289381 169552 119829 60118 5845 59711 150070 39646 132022 54273 43665 65217 20065 379475 149152 116206 49895 32946 21169 66311 38150 65054 8461 1257 41434 23250
is_linear=0
shrinkage=0.05


Tree=115
num_leaves=31
num_cat=0
split_feature=15 20 12 11 14 14 14 21 12 21 21 20 21 14 14 14 25 25 19 4 24 11 25 12 14 24 14 14 12 21
split_gain=118.18 97.7654 98.7587 151.505 235.834 232.485 224.655 195.411 192.639 182.781 165.118 163.182 209.46 174.302 219.579 307.381 176.331 171.971 202.603 161.769 201.381 158.265 153.943 147.906 177.535 177.141 225.009 213.711 193.64 145.533
threshold=25.586019515991214 -23.098388671874996 2.7198142414860684 68.440097592586525 264.50000000000006 266.50000000000006 202.50000000000003 1.3154362500000001 0.78482972136222917 -0.34609783999999993 0.080794680850000009 -5.0147094726562491 -0.43871623499999995 252.50000000000003 214.50000000000003 226.50000000000003 22.061906616389756 21.640113502740864 0.33823530375957495 101.70197010785343 4.5000000000000009 47.991097446288862 21.714705145359044 2.6300309597523226 248.50000000000003 2.5000000000000004 224.50000000000003 214.50000000000003 0.97832817337461309 -0.21211291499999999
decision_type=2 2 2 2 2 2 2 2 2 2 2 2 2 2 2 2 2 2 2 2 8 2 2 2 2 10 2 2 2 2
left_child=1 -1 3 4 11 6 8 10 -5 -8 22 -3 -13 14 17 21 -17 -14 -19 20 -15 -16 -6 25 -25 26 27 -11 -28 -30
right_child=-2 2 -4 5 7 -7 9 -9 -10 23 -12 12 13 19 15 16 -18 18 -20 -21 -22 -23 -24 24 -26 -27 28 -29 29 -31
leaf_value=-0.0074671969347214241 0.037329558736450559 -0.00046893824792986833 -0.00078389488633899378 0.035945468158747149 0.027630913115953282 0.038262505167137473 -0.029846450075720284 0.019086157524522016 0.0018609081128586468 0.00062448316551918061 -0.036092341949031055 0.017171136992722106 0.027340438807305679 -0.024427548566243171 -0.0045616798781762972 -0.012063002396216186 0.008643249960564434 0.035082778413722662 -0.0018891538466104492 0.030247065624955646 0.030249430842732367 -0.04325953784379416 -0.016235499786537981 -0.0019476367976882635 0.084857918736527052 -0.016012766132843845 0.01990313819295924 0.038940372269900957 0.038762775915189257 -0.028560547531888681
leaf_weight=4350.2300802264363 210.19901384646073 6976.7323533557355 83969.296180403093 479.6005475060083 262.99796539545059 336.98185832495801 908.85629904386587 437.23453975003213 3016.8755995626561 1043.2173819134478 750.6818161746487 5016.1701415553689 1176.4722786708735 382.30144855380058 440.81667944882065 1552.7569288038649 3038.5855049972888 444.87185414507985 2192.8280761716887 1166.626079589827 299.36899709422141 659.45777697465383 824.34120124205947 150.33110888581723 95.802522304467857 3012.7606950660702 337.69485337822698 557.9149380819872 86.243201799923554 1022.8061396286357
leaf_count=22615 49956 36055 464163 4871 2429 4091 8735 3454 20392 7567 4686 44726 6981 2096 2621 9209 24102 9213 12976 10464 1614 3999 7081 885 598 23387 3864 3950 755 7056
internal_value=-4.09226e-05 -0.000104067 0.000161503 0.00232622 0.00443661 -0.00256764 -0.00385552 -0.0109263 0.00654512 -0.00889557 -0.0180723 0.00593419 0.00866296 0.00490292 0.00217034 -0.00405044 0.00163945 0.0114518 0.00435743 0.0189478 -0.00040594 -0.0277738 -0.00560976 -0.00587213 0.0320463 -0.0074171 0.00108199 0.0139916 -0.0132051 -0.0232951
internal_weight=125201 124991 120641 36671.3 25622.2 11049.1 10712.1 2275.26 3496.48 7215.63 1838.02 23347 16370.3 11354.1 9505.79 5691.62 4591.34 3814.17 2637.7 1848.3 681.67 1100.27 1087.34 6306.77 246.134 6060.64 3047.88 1601.13 1446.74 1109.05
internal_count=804591 754635 732020 267857 181706 86151 82060 17650 25263 56797 14196 164056 128001 83275 69101 39931 33311 29170 22189 14174 3710 6620 9510 48062 1483 46579 23192 11517 11675 7811
is_linear=0
shrinkage=0.05


Tree=116
num_leaves=31
num_cat=0
split_feature=15 17 22 10 5 11 9 5 14 22 10 17 14 14 16 11 23 11 22 15 22 14 11 14 23 14 22 22 14 14
split_gain=98.7262 90.2161 81.1651 79.0139 113.091 108.604 98.8571 153.259 231.353 212.56 145.442 116.423 122.493 135.614 99.5944 80.1732 87.2407 72.9779 71.9886 108.738 77.2639 98.1803 146.968 90.3241 72.2828 84.1197 158.162 88.4861 73.4034 85.1781
threshold=28.357535362243656 217.55000305175784 2.7106600000000003 -23.560053740441798 3.5000000000000004 50.76485803746403 8.5000000000000018 11.500000000000002 209.50000000000003 0.9894630900000001 12.867585301399233 166.70588684082034 193.50000000000003 254.50000000000003 0.45588235557079321 61.85164704809295 1.6330332500000002 98.898445862815393 0.021143936550000002 16.309750556945804 -1.7667101999999997 237.50000000000003 80.377632546720136 232.50000000000003 0.42142683000000009 254.50000000000003 -0.33686999999999995 -1.3015830499999999 263.50000000000006 244.50000000000003
decision_type=2 2 2 10 2 2 2 2 2 2 10 2 2 2 2 2 2 2 2 2 2 2 2 2 2 2 2 2 2 2
left_child=1 2 3 -1 5 -5 7 14 9 -9 18 12 -8 -14 -6 -7 -17 -11 20 -20 23 -22 24 -10 28 26 27 -26 29 -23
right_child=-2 -3 -4 4 6 15 11 8 10 17 -12 -13 13 -15 -16 16 -18 -19 19 -21 21 22 -24 -25 25 -27 -28 -29 -30 -31
leaf_value=0.002815994476723148 0.039404329012866425 -0.010982013605171606 -0.021353275633982545 -0.0014743390077827931 0.026748041464205785 -0.016329044083983918 0.026390057221019472 0.023000342040671605 -0.11324529469454579 -0.0028340771750004095 0.012759694108323906 0.0025156709364946139 -0.034195119439334391 0.00040540358289097234 -0.0046723724902475094 -0.0009416430249696889 -0.024447516900671967 -0.048640234113718622 -0.0067451360702061374 -0.0588788074591442 0.012909233104110476 -0.064341581338453094 -0.055274130169945535 0.012975178763152876 0.042064439857706436 0.015609427026552981 0.02750912439194288 -0.02272238243831675 -0.070352015932349007 0.0044557070180275601
leaf_weight=24112.582228055224 158.24026817455888 1838.2798355463892 435.30488520208746 16610.791803799802 254.49529130593874 2439.7194704094436 174.07114053098485 2083.306912075961 30.297088827937841 322.48326848540455 1657.2178154892754 42989.202548904344 624.639594219625 517.33759074285626 19685.972659986466 2756.1443788055331 459.73765061888844 118.12364144669846 4076.504003662616 101.55908806575462 1388.3072695299052 56.6365982349962 130.61038727173582 25.565863462164998 56.087996649090201 768.53084742743522 256.68822798551992 698.35770313302055 63.284924785606563 204.55802478967234
leaf_count=126174 43424 9852 2269 81431 7256 12677 2528 36089 316 3825 53366 212987 4904 3741 131510 14099 2627 1320 23172 1636 12474 377 831 286 712 5999 1693 5120 464 1371
internal_value=5.99016e-05 9.75429e-06 0.000173987 0.000250556 -0.000377159 -0.00351214 0.00053794 -0.00158066 0.00287412 0.0163288 -0.000696455 0.0020671 -0.0125763 -0.0185338 -0.00427004 -0.00949594 -0.00430856 -0.0151967 -0.00353593 -0.00802617 0.00156433 0.0024713 -0.00401597 -0.0562678 -0.000809485 0.00315108 -0.00632418 -0.0178566 -0.0224748 -0.0106506
internal_weight=125095 124936 123098 122663 98550.2 22266.4 76283.8 31978.6 12038.1 2523.91 9514.21 44305.3 1316.05 1141.98 19940.5 5655.6 3215.88 440.607 7856.99 4178.06 3678.92 3623.06 2234.75 55.863 2104.14 1779.66 1011.13 754.446 324.48 261.195
internal_count=804530 761106 751254 748985 622811 110834 511977 287817 149051 41234 107817 224160 11173 8645 138766 29403 16726 5145 54451 24808 29643 29041 16567 602 15736 13524 7525 5832 2212 1748
is_linear=0
shrinkage=0.05


Tree=117
num_leaves=31
num_cat=0
split_feature=18 22 23 21 11 23 11 5 11 22 10 11 21 23 10 23 19 23 23 23 21 23 22 9 9 22 23 9 11 11
split_gain=101.693 85.9398 122.897 168.909 134.776 118.156 102.242 127.79 122.033 117.727 206.325 149.445 118.869 154.851 135.444 133.055 114.187 111.451 96.641 116.967 109.721 114.604 119.863 104.182 100.776 98.9502 97.0091 95.4692 90.1493 238.402
threshold=156.30882263183597 -1.0697576499999999 1.7646245500000002 -1.1820513499999998 6.8989440573627379 1.3134066000000002 14.008156353618409 4.5000000000000009 43.720096607660828 -0.42777149499999995 -32.893044561147683 43.371500721841407 1.5744800000000003 1.5640419500000002 1.2400485500693306 1.5299225000000003 0.22058823704719546 2.4967763500000006 1.3355400000000002 1.2528702 -0.22928500499999996 0.70163381000000014 0.27487151000000004 30.500000000000004 39.500000000000007 0.45226171500000006 1.4200684500000003 36.500000000000007 18.747223924407191 27.079945701987018
decision_type=2 2 2 2 2 2 2 2 2 2 10 2 2 2 8 2 2 2 2 2 2 2 2 2 2 2 2 2 2 2
left_child=-1 2 5 4 -4 28 16 8 9 11 -11 12 13 14 15 -8 -3 -9 19 20 21 22 -18 -22 -20 -23 -26 -7 -2 -30
right_child=1 6 3 -5 -6 27 7 17 -10 10 -12 -13 -14 -15 -16 -17 18 -19 24 -21 23 25 -24 -25 26 -27 -28 -29 29 -31
leaf_value=0.015911079795316793 -0.026982638607202548 -0.010547535458296483 -0.026885416656932028 -0.0096001581231550271 0.015594788027504126 0.012640969972552258 -0.0046605791778168747 0.00031577629997566213 -0.0073054818634683133 0.030899493455395402 0.00025224102586704977 0.057190142241956766 -0.046860486515418812 0.01286703347377822 -0.02686460394444648 -0.06689748602040492 -0.028761260277578155 -0.02253846367964291 -0.0035644044318657872 0.034030940510952921 0.019484648738832894 0.011022213201382039 0.04194828058378023 -0.0056349382550648537 -0.037593928290995372 -0.013317131427862366 0.029458979524905855 -0.0047109309993832805 0.037544066760115659 -0.0056254333627700388
leaf_weight=990.40661890851334 319.03888249513693 1222.1171015193686 213.75868699350394 3239.7384344153106 1432.1558848528657 5875.5260905206669 4287.6827663276345 64420.454007131513 13689.21467528143 573.69265234097838 12367.70790177607 89.427565726451576 185.66283351695165 895.12799441372044 935.27622205228545 86.641114206984639 473.65635845437646 536.90185940009542 3401.5043136756867 450.93882000818849 2221.358154963702 1867.9315199917182 67.698098957538605 506.44843687862158 61.011253423988819 536.811249980703 419.24980373680592 915.77450672537088 379.7470690512564 1997.3930042248685
leaf_count=52405 1839 9479 1076 21735 11447 41336 20650 422944 70714 3228 58857 442 997 4548 5391 415 2318 3562 16996 2566 11363 9985 304 2448 329 2470 2791 4748 2195 13567
internal_value=-3.87673e-05 -0.000166629 0.00346789 -0.00297458 0.0100648 0.00678545 -0.000644617 -0.00116209 -0.0036901 -0.00114152 0.00161312 -0.00664244 -0.00754452 -0.00636072 -0.00960408 -0.0059083 0.00387455 0.000126532 0.00563681 0.00954808 0.00759663 0.000905199 -0.0198578 0.0148206 -0.000535448 0.00558566 0.0208803 0.0103008 -0.00206977 0.00128376
internal_weight=124660 123670 14373.1 4885.65 1645.91 9487.48 109297 98067.8 33110.4 19421.2 12941.4 6479.82 6390.39 6204.73 5309.6 4374.32 11228.7 64957.4 10006.6 6124.84 5673.9 2946.1 541.354 2727.81 3881.77 2404.74 480.261 6791.3 2696.18 2377.14
internal_count=803145 750740 97943 34258 12523 63685 652797 591748 165242 94528 62085 32443 32001 31004 26456 21065 61049 426506 51570 31454 28888 15077 2622 13811 20116 12455 3120 46084 17601 15762
is_linear=0
shrinkage=0.05


Tree=118
num_leaves=31
num_cat=0
split_feature=3 19 3 20 19 21 4 20 23 19 14 12 4 4 21 14 4 21 19 14 20 12 23 21 13 13 13 14 23 12
split_gain=103.395 95.5726 159.597 115.82 287.379 207.577 206.053 113.64 130.636 111.796 204.244 204.338 120.898 118.579 119.267 94.6423 135.351 99.4635 92.52 91.6097 89.7784 89.1137 147.973 125.457 108.601 167.413 88.3516 118.001 93.1721 153.5
threshold=432.62354162335401 0.60294118523597728 31.217749506235126 62.476669311523445 0.13235294446349147 -1.5734585999999997 35.810577183961875 63.469665527343757 0.36691397000000009 0.22058823704719546 256.50000000000006 3.8312693498452015 316.24879143387085 101.70197010785343 -0.19011549499999997 214.50000000000003 95.450759366154685 -0.19011549499999997 0.22058823704719546 211.50000000000003 -5.5233306884765616 3.9953560371517032 1.7943998000000001 1.0861206000000003 -56.700418385374284 -92.302003004844352 -17.663705143777669 226.50000000000003 1.4116550000000003 6.1037151702786394
decision_type=2 2 2 2 2 2 2 2 2 2 2 2 2 2 2 2 2 2 2 2 2 2 2 2 2 2 2 2 2 2
left_child=1 3 15 4 20 -5 -6 8 19 10 11 12 -7 14 -11 16 21 26 -8 -4 -1 23 24 -3 25 -23 28 -28 -17 -30
right_child=-2 2 7 5 6 9 18 -9 -10 13 -12 -13 -14 -15 -16 17 -18 -19 -20 -21 -22 22 -24 -25 -26 -27 27 -29 29 -31
leaf_value=-0.019309529421286904 0.03609532641191391 0.0054248256422451437 -0.0078850337369863657 0.024724255565865518 -0.0029607693924561225 -0.012488321026408591 0.01599918572670379 0.00063401398492419559 -0.010143915212730862 0.0023194098124912064 0.0013916722645594692 -0.029234701590150049 0.023339094766584589 0.0030680965704505572 -0.0088055452459697876 0.01782931836730145 -0.019941148917819417 -0.00059610062910924909 0.0032043837239421288 0.025136802621021883 0.032734104754337516 -0.041658810397124248 -0.021625647499085437 -0.0183359149996036 -0.0051819074503375064 0.015409552506427374 -0.031505859412488256 0.0048476972662711542 0.011752117832952861 -0.037867322110473257
leaf_weight=90.158115956932306 195.71197242080234 5994.1234114319086 381.89264335669577 709.53438070905395 16808.684860863723 782.25394576904364 1470.2691008585971 4606.8587376615033 10725.007686697878 3833.1802453268319 2456.3503175114747 1701.4503136877902 335.68462618486956 9509.6094945324585 6482.351688795723 2681.0666689798236 1016.4016440063715 6458.0639557968825 35660.365964445285 464.68561722896993 946.70999502181076 140.9862799718976 1101.8410126045346 611.29629652947187 5465.2867100201547 1356.4537121392787 254.99730768427253 1742.3361379168928 571.65442192181945 213.1521563231945
leaf_count=999 36720 28421 2073 7437 79699 8431 18601 29332 59816 22129 21939 15896 13712 65053 31008 12446 4573 29692 207941 2330 47422 828 5994 3599 25828 6725 1232 9627 3171 928
internal_value=-0.000125869 -0.000183064 -0.0020642 0.000836521 0.00213369 -0.00192643 0.00163222 -0.00600735 -0.00865122 -0.00268073 -0.00914853 -0.0183288 -0.00171914 -0.000959185 -0.00467176 0.000246666 -0.00230538 0.00360464 0.00371144 0.0102489 0.0281945 -0.00108222 -0.00460881 0.00322345 -0.0019132 0.0100123 0.00856953 0.000193036 0.0133953 -0.00175548
internal_weight=124768 124573 43786.1 80786.6 54976.2 25810.4 53939.3 16178.4 11571.6 25100.9 5275.74 2819.39 1117.94 19825.1 10315.5 27607.7 15686.4 11921.3 37130.6 846.578 1036.87 14670 8064.57 6605.42 6962.73 1497.44 5463.21 1997.33 3465.87 784.807
internal_count=803602 766882 226615 540267 354662 185605 306241 93551 64219 178168 59978 38039 22143 118190 53137 133064 75968 57096 226542 4403 48421 71395 39375 32020 33381 7553 27404 10859 16545 4099
is_linear=0
shrinkage=0.05


Tree=119
num_leaves=31
num_cat=0
split_feature=5 10 14 15 10 11 22 14 22 14 14 13 11 14 14 22 22 11 11 11 11 14 11 14 14 22 14 14 22 14
split_gain=107.067 209.561 155.154 106.531 99.478 107.041 182.201 158.66 194.79 167.333 279.09 169.96 139.97 124.396 164.507 174.836 160.663 151.04 123.378 143.069 119.584 102.885 102.115 105.085 100.091 99.0937 99.0129 244.717 133.291 120.95
threshold=14.500000000000002 20.789829982817174 211.50000000000003 12.043208599090578 -22.670691892504689 49.240419371982021 -0.15288999499999997 176.50000000000003 -1.6132802499999999 234.50000000000003 253.50000000000003 -34.223689303690151 80.377632546720136 220.50000000000003 200.50000000000003 -0.55802616499999991 -0.41059787499999995 73.671558301492198 119.69848180428473 103.36032366453911 53.401806228566379 215.50000000000003 53.401806228566379 231.50000000000003 161.50000000000003 -0.55802616499999991 181.50000000000003 193.50000000000003 0.69818211000000008 185.50000000000003
decision_type=2 10 2 2 10 2 2 2 2 2 2 2 2 2 2 2 2 2 2 2 2 2 2 2 2 2 2 2 2 2
left_child=4 2 -2 -4 -1 -6 7 -7 -9 13 11 12 -11 14 15 20 17 21 19 -17 -10 -16 -15 -24 -8 -14 -26 28 -28 -30
right_child=1 -3 3 -5 5 6 24 8 9 10 -12 -13 25 22 16 18 -18 -19 -20 -21 -22 -23 23 -25 26 -27 27 -29 29 -31
leaf_value=0.0020920567754324267 0.018498576499183232 0.02792803831098481 0.0019798108489424249 -0.017108063103533657 0.00018163533429098238 -0.012199623776618592 0.01804744105670204 -0.01929317429852179 -0.0048860148481814931 -0.013807511676871038 0.018727197678678809 0.001025524853254563 -0.057202851318300288 0.055005604162436009 -0.01615374540619964 -0.00028591573901436492 0.010688503393319379 0.0070558244537001534 0.078241674499449368 -0.063415006285589659 0.021502760493646009 -0.052940623804930857 0.021211372505989257 -0.023581949391982888 -0.015854664302209397 0.0053973514772421424 0.020990359722131091 -0.0083094060715578882 -0.054390697807024657 0.0026065279423182039
leaf_weight=29179.091219257098 1303.359449937474 910.62208033329807 6150.2894903593697 828.5531700309366 50960.072953319876 2234.9766192398965 390.99539359449409 996.61080450750887 507.79406391666271 1473.4360648095608 1008.5143303526565 1574.5996549930423 356.25857716985047 190.45686507085338 1080.4600665387698 1840.6012496773619 1137.3480351115577 634.57724542357028 46.452593946829438 93.349411008413881 2765.1371485489653 230.15269189374521 1053.6108156966511 148.65416629146785 2949.4015671870438 76.60982851497829 1203.867783939233 12675.502298427047 110.13238128018565 572.37363204197027
leaf_count=148547 19219 82856 44414 13949 279058 15294 3310 6996 2777 7053 9030 13891 1715 1200 6492 10005 6143 3838 279 522 15929 1564 6928 1549 19673 375 6610 71040 572 3052
internal_value=-1.83295e-05 0.00517466 0.00266988 -0.000288496 -0.000431721 -0.00128494 -0.00339896 0.000236878 0.00206444 0.00356275 -0.00442151 -0.0111318 -0.0211689 0.00724729 0.00493488 0.0103147 -0.00423385 -0.0129599 -0.0014116 -0.00336428 0.0174083 -0.0226492 0.0210744 0.0156579 -0.00694268 -0.0461369 -0.00750167 -0.00580886 0.0109891 -0.00665693
internal_weight=124684 9192.82 8282.2 6978.84 115491 86311.9 35351.9 17449.6 15214.6 14218 4489.42 3480.9 1906.3 9728.59 8335.87 5253.33 3082.54 1945.19 1980.4 1933.95 3272.93 1310.61 1392.72 1202.26 17902.3 432.868 17511.3 14561.9 1886.37 682.506
internal_count=803880 160438 77582 58363 643442 494895 215837 111580 96286 89290 32064 23034 9143 57226 47549 29512 18037 11894 10806 10527 18706 8056 9677 8477 104257 2090 100947 81274 10234 3624
is_linear=0
shrinkage=0.05


Tree=120
num_leaves=31
num_cat=0
split_feature=18 12 5 12 23 21 12 11 12 23 20 24 12 23 9 18 12 19 3 23 20 20 18 9 18 20 21 23 23 11
split_gain=94.7916 89.5276 79.28 118.326 101.058 120.829 102.335 109.932 95.7339 90.3335 119.064 88.4494 151.278 110.322 86.2533 188.461 163.046 165.704 121.395 114.327 124.627 106.563 192.055 102.298 156.857 102.236 100.672 199.582 143.883 135.621
threshold=156.30882263183597 3.4164086687306505 1.5000000000000002 0.56811145510835925 0.77340608500000008 -0.16974469999999997 0.61145510835913319 49.851090743157435 0.78482972136222917 2.4967763500000006 87.224014282226577 1.5000000000000002 0.81578947368421062 1.25831 15.500000000000002 159.91176605224612 5.2461300309597538 0.57352942228317272 32.053785145282752 0.36691397000000009 64.864372253417983 82.68857574462892 163.92513275146487 44.500000000000007 164.45683288574222 47.123107910156257 -0.72949796999999983 0.73998249000000016 1.1008879500000004 20.325362273898474
decision_type=2 2 2 2 2 2 2 2 2 2 2 10 2 2 2 2 2 2 2 2 2 2 2 2 2 2 2 2 2 2
left_child=1 -1 4 -4 5 -2 -6 11 -7 14 -11 -8 13 -13 16 -16 17 21 -19 -20 -21 22 25 -17 -25 -5 27 -18 29 -29
right_child=2 -3 3 9 6 8 7 -9 -10 10 -12 12 -14 -15 15 23 26 18 19 20 -22 -23 -24 24 -26 -27 -28 28 -30 -31
leaf_value=0.037378952741236107 -0.022164442509305628 0.0050071429366554251 0.015082479152198208 0.030608542901724153 -0.028695969040510416 0.029332058653869481 0.0076114145619991472 -0.012975864843751354 -0.0068051193298791432 -0.015182900671931513 0.039219414156162737 -0.028871218626516145 -0.0045252693400033564 0.043804342363870798 -0.023671316461933295 0.0036652987617765472 -0.13156776275107779 0.0042568205251042185 0.010096041870047194 -0.0098992882515884246 0.0011935763226350422 -0.0039320385396387067 0.0029860968670490651 -0.04152038901055094 -0.00063134770361474371 0.0078691114406605027 -0.0031599079032670705 -0.04247662383854809 -0.0056245368218538622 -0.0051857426683943886
leaf_weight=316.09986756835133 1428.4835967421532 655.41807472461369 1346.3892428304534 998.81335696135648 327.95884504169226 202.3976187761873 3717.5954875331372 1489.5196666643023 1852.0977281248197 1507.6182926485781 106.80995089747012 63.758897475898266 5120.3511193729937 273.26114579290152 712.73700675647706 35305.053344049491 34.211025915574282 4137.0975889768451 1080.4358251150697 9182.9835553020239 3495.5273276651278 4511.785838938551 18826.584668299183 237.3991554453969 14518.743971388787 979.45514527440537 8591.6758128718939 618.71912052831613 2575.3719791080803 402.46678205137141
leaf_count=25362 6971 26761 17079 31634 1653 1010 17855 7945 9395 9417 1095 313 25334 1378 5153 174900 170 20210 6326 52751 22923 38645 126561 1175 68261 23214 54847 3256 19079 3159
internal_value=1.8377e-05 0.0155675 -0.000103922 0.000357117 -0.00358074 -0.0110013 -0.00122874 -0.000381449 -0.00323254 0.000173104 -0.0115616 0.0016644 -0.0023874 0.0300105 0.000351584 0.00184041 -0.00101206 0.000430107 -0.00325239 -0.00551044 -0.00684108 0.00303325 0.00454387 0.00220409 -0.00129195 0.0193597 -0.00611051 -0.0130899 -0.0119266 -0.0277991
internal_weight=124617 971.518 123645 109170 14475.4 3482.98 10992.4 10664.5 2054.5 107823 1614.43 9174.97 5457.37 337.02 106209 50773.9 55435.1 43212.7 17896 13758.9 12678.5 25316.6 20804.9 50061.2 14756.1 1978.27 12222.4 3630.77 3596.56 1021.19
internal_count=803832 52123 751709 679855 71854 17376 54478 52825 10405 662776 10512 44880 27025 1691 652264 249489 402775 322264 102210 82000 75674 220054 181409 244336 69436 54848 80511 25664 25494 6415
is_linear=0
shrinkage=0.05


Tree=121
num_leaves=31
num_cat=0
split_feature=15 22 20 22 24 21 21 14 10 0 24 21 14 22 14 22 14 14 22 22 13 14 21 21 13 14 14 21 20 21
split_gain=88.55 76.1959 72.4257 98.843 113.674 106.735 87.1008 85.6126 82.2117 164.938 81.5042 76.9608 177.39 236.513 168.528 160.511 203.301 347.534 156.446 190.419 113.641 89.2429 185.776 225.218 233.534 153.434 144.21 264.295 226.356 178.434
threshold=24.162032127380375 2.7106600000000003 -17.53835296630859 0.65944034000000007 1.5000000000000002 -1.2996536999999997 -1.9199379999999999 165.50000000000003 33.313863700628289 0.14457013458013537 7.5000000000000009 -1.2603949499999998 185.50000000000003 0.62641051500000011 240.50000000000003 -0.36822707999999993 236.50000000000003 229.50000000000003 -0.83829995999999996 1.0095930500000001 -43.081044325276324 235.50000000000003 0.70677247500000007 -0.70725798499999992 -62.591906146333763 211.50000000000003 251.50000000000003 1.4806700500000003 81.246215820312514 2.0166322000000005
decision_type=2 2 2 2 8 2 2 2 8 2 10 2 2 2 2 2 2 2 2 2 2 2 2 2 2 2 2 2 2 2
left_child=1 2 3 4 6 -6 -1 -8 11 -10 -7 12 18 15 20 16 17 -14 -4 -20 -15 22 23 24 25 -13 27 28 -23 -28
right_child=-2 -3 8 -5 5 10 7 -9 9 -11 -12 21 13 14 -16 -17 -18 -19 19 -21 -22 26 -24 -25 -26 -27 29 -29 -30 -31
leaf_value=-0.031122463037525888 0.032297787143364197 -0.021605414320992635 0.0137968340498053 0.0081604404461214555 -0.034230706452368281 -0.008980066468931229 0.016217087647795839 -0.024457201912405985 -0.0038632414992198476 0.015622274035583174 0.04166282844048011 0.0048168805148094606 0.0028380574825958285 0.047814410038946716 0.0056408887895316962 0.022551508348400515 0.03515291464031544 -0.094453758266931809 -0.012771616979328959 0.031137449901728509 -0.036216588051462904 -0.0057301794815647761 -0.0048784184300267206 0.0036936567988014681 -0.0061090602046905036 0.043939895435373869 0.00079617054801622714 0.022494117088161743 -0.026515592272119262 -0.032489816636490865
leaf_weight=137.22365165688097 208.70836837333627 414.13346898090094 952.76018864754587 1256.4750620629638 425.17889133654535 5050.0726960226893 989.72966874390841 147.89729329384863 1968.8681714166887 2420.0801507061115 79.744508098810911 765.28301000595093 1996.1664393867832 42.647403873503208 782.48473639972508 2647.6578609705903 456.75374121870846 95.209629295393825 3029.4259886029176 267.86541204759851 535.04220101679675 12344.542052322999 12639.626714584883 40283.432038984494 11464.348831656389 371.8512890599668 20230.684022793546 751.45573607413098 1464.4781357673928 409.7943286979571
leaf_count=644 52964 2213 5291 6499 2120 27180 4512 833 13537 72755 412 3655 12797 184 4929 15764 4924 813 16256 1312 2609 65322 70774 214919 66097 1799 115498 3950 11156 2270
internal_value=-0.000165363 -0.000220077 -0.000148485 -0.00472326 -0.0070943 -0.0101842 0.00636695 0.0109124 0.000170678 0.00688225 -0.00818484 -9.34925e-05 0.00391629 0.00907375 -0.00948232 0.0139323 0.00497114 -0.00163417 -0.00403966 -0.00919617 -0.0299412 -0.000523704 0.000567141 0.00186871 -0.00396496 0.0176378 -0.00255421 -0.00636435 -0.00793628 0.000133771
internal_weight=124630 124421 124007 8086.32 6829.85 5555 1274.85 1137.63 115920 4388.95 5129.82 111532 10806 6555.96 1360.17 5195.79 2548.13 2091.38 4250.05 3297.29 577.69 100725 65524.5 52884.9 12601.5 1137.13 35201 14560.5 13809 20640.5
internal_count=803988 751024 748811 42200 35701 29712 5989 5345 706611 86292 27592 620319 64879 42020 7722 34298 18534 13610 22859 17568 2793 555440 357244 286470 71551 5454 198196 80428 76478 117768
is_linear=0
shrinkage=0.05


Tree=122
num_leaves=31
num_cat=0
split_feature=15 15 21 14 11 25 14 22 13 14 11 22 14 14 14 13 5 22 11 22 14 25 16 14 14 11 22 21 21 21
split_gain=94.8717 67.9576 79.352 195.862 129.615 92.1358 83.216 90.2212 75.4274 60.4637 159.776 262.229 157.817 189.231 163.076 151.187 126.809 240.143 193.197 351.106 332.672 120.132 115.443 103.261 129.095 100.395 118.618 115.238 149.79 201.672
threshold=28.357535362243656 1.9085775017738345 -1.6487905499999997 208.50000000000003 28.604480915371298 27.787069579958921 270.50000000000006 0.21535670000000004 -68.591120305375952 233.50000000000003 75.951033719080073 -0.52191111499999987 266.50000000000006 250.50000000000003 244.50000000000003 -29.928125768992182 9.5000000000000018 -0.047694848849999992 20.03343528257712 0.27487151000000004 215.50000000000003 34.480136424303062 0.48529411852359777 222.50000000000003 226.50000000000003 20.631915132800589 -1.4815649999999998 0.8261199600000001 -0.19011549499999997 -0.25585415999999994
decision_type=2 2 2 2 2 2 2 2 2 2 2 2 2 2 2 2 2 2 2 2 2 2 2 2 2 2 2 2 2 2
left_child=1 -1 3 5 -5 8 -6 -8 -3 16 22 15 13 14 -13 -12 21 -18 19 20 -19 -4 -11 -21 -25 26 -24 28 29 -27
right_child=-2 2 9 4 6 -7 7 -9 -10 10 11 12 -14 -15 -16 -17 17 18 -20 23 -22 -23 25 24 -26 27 -28 -29 -30 -31
leaf_value=-0.002455261967467278 0.041068407725380902 -0.046610681026457705 -0.00022745425749658035 0.044306811286628021 0.020047442647471467 0.023787718403995083 0.015383002130177093 -0.061432104788491128 -0.001081994395293931 -0.012580600317940921 -0.050419828165521124 -0.0086623430411514792 0.056748082625017918 -0.030331361335264324 0.044318057494039755 0.00085476202629259995 0.013757532412022048 0.058191824182183993 0.0024504155247146954 0.016391015172531432 -0.10814907289993175 0.036258046362973632 0.044151027108460535 -0.076341157219521005 0.0014072229839032686 5.4146689088190981e-05 0.0038302536330583775 0.0041448088587339232 -0.0072642526318056682 0.038258423442648772
leaf_weight=25398.287684433628 138.77549792930949 93.293269246816635 45331.580095244804 488.08110150974244 500.91549491509795 373.64704943494871 77.695169975049794 73.645165167748928 2583.0515469799284 1917.1949047183152 586.2767548491247 371.49933262786362 108.35056167817675 463.79650610289536 237.21305121690966 190.32043242221698 5248.6358858011663 35.691316440701485 6097.2619028670015 298.89031204581261 172.45776994363405 225.73884215846192 185.49015218019485 85.529221471399069 139.31915852450766 6983.2828179409262 8352.477975979913 6514.67759553832 11072.815946423216 362.40832127491012
leaf_count=127378 43789 486 233706 4522 5197 4013 956 595 14258 28557 3153 3216 977 4401 1697 3720 62793 306 54147 1798 859 8778 1344 382 739 45783 45322 37264 62340 2477
internal_value=-0.000101451 -0.000147645 0.000443367 0.00717617 0.0248452 0.000564077 0.0102365 -0.0221546 -0.00268587 0.000146259 -0.00142091 -0.0153227 -0.000475567 -0.00630408 0.0120228 -0.037869 0.00116174 0.0057165 -0.000464655 -0.0247199 -0.0794847 -4.58748e-05 -0.000651539 -0.00284479 -0.0283743 3.21018e-05 0.0047113 -0.00157034 -0.00359192 0.00194395
internal_weight=124708 124570 99171.2 4190.33 1140.34 3049.99 652.256 151.34 2676.34 94980.9 37345.8 1957.46 1180.86 1072.51 608.712 776.597 57635.1 12077.8 6829.15 731.888 208.149 45557.3 35388.3 523.739 224.848 33471.2 8537.97 24933.2 18418.5 7345.69
internal_count=804953 761164 633786 30027 11270 18757 6748 1551 14744 603759 240251 17164 10291 9314 4913 6873 363508 121024 58231 4084 1165 242484 223087 2919 1121 194530 46666 147864 110600 48260
is_linear=0
shrinkage=0.05


Tree=123
num_leaves=31
num_cat=0
split_feature=5 10 6 22 20 22 23 3 22 23 23 11 11 23 22 22 23 11 22 11 22 25 4 22 13 4 23 20 11 11
split_gain=83.9398 140.54 148.408 109.001 124.854 202.207 107.278 105.68 102.116 100.367 169.82 184.168 219.9 142.528 169.862 138.692 105.699 153.096 134.639 113.65 101.305 95.7596 94.1469 91.1479 93.3119 89.1128 85.8699 85.5286 84.8328 81.1292
threshold=1.5000000000000002 73.919373494386676 1.5000000000000002 0.36488128000000003 1.9701385498046877 -0.96998232499999992 1.7646245500000002 47.993512723594911 0.65944034000000007 0.64900642500000016 0.36691397000000009 81.848965866762242 108.20369620633893 0.70163381000000014 -0.099670693299999988 -0.62631416499999981 0.38276721500000005 66.271986887747019 -0.17849789999999996 36.017273381825298 -0.67678492999999984 22.288666212558748 142.59615984559062 -0.6677691899999999 -7.382308996913971 81.063779249787345 1.2528702 -17.53835296630859 50.76485803746403 32.570528774992241
decision_type=2 8 2 2 2 2 2 2 2 2 2 2 2 2 2 2 2 2 2 2 2 2 2 2 2 2 2 2 2 2
left_child=8 3 -3 4 5 6 26 -5 28 10 29 15 -13 14 20 -12 17 18 19 -17 -11 -15 27 24 -22 -18 -2 -7 -1 -6
right_child=1 2 -4 7 9 22 -8 -9 -10 13 11 12 -14 21 -16 16 25 -19 -20 -21 23 -23 -24 -25 -26 -27 -28 -29 -30 -31
leaf_value=-0.0035573771211214011 -0.0050455076012549784 0.024428830777690296 -0.021068592960314443 -8.6821621470129984e-05 -0.0022941654569984564 -0.016954054392502495 -0.0042099970559353302 -0.0062334589233689758 0.0059493023203622177 0.074610199495172655 -0.074753658360663403 -0.0405156876268273 0.014683692100364682 -0.00016666718277786466 0.037931371609725782 -0.077591198316321053 -0.0053838267649405532 -0.11701706444587534 0.0003926027989846106 -0.011171786053123838 -0.082776875429305771 0.0048093506728044402 -0.031330396950627844 0.0081864761310493066 0.012948140102690138 0.0042761636737954391 0.016700189187408582 -0.0037891818134747402 -0.015231814674148584 0.009343514665798509
leaf_weight=10202.200720843393 574.04763426817954 1085.8372256879229 213.8288494204171 22054.556425717659 2231.8492610066896 1464.6997103188187 1583.639520023251 10238.658820604207 2402.8055591545999 53.034099757787772 65.159870732575655 678.70524918765295 245.03179171332158 15109.031071424717 631.05224169197027 126.55307946086396 4888.0692190018017 37.407313477015123 503.86766696011182 130.88646984135266 56.574583138339221 26849.15888906701 377.02557719126344 1445.1638528088806 45.21244559972547 4664.7956849413458 2162.3086322986055 7802.0123230514582 1835.3924714177847 4548.7059886112111
leaf_count=50857 2744 64589 1327 106784 12396 8930 8163 72669 12541 370 329 3952 1487 90098 3752 668 22598 217 2802 823 266 200992 2082 8954 332 33793 11039 40322 9794 27437
internal_value=0.000123712 0.000594766 0.0169329 0.000399027 0.00142989 -0.00284326 0.00614556 -0.00203576 -0.00346 0.00238754 -0.000746094 -0.0044887 -0.0258734 0.00367256 0.0159843 -0.00259004 -0.00212862 -0.0195901 -0.0146558 -0.0439964 0.00730988 0.00301754 -0.0068701 0.00495591 -0.0405448 -0.000666766 0.0121381 -0.00587163 -0.00533852 0.00551315
internal_weight=124307 109867 1299.67 108567 76274 13963.7 4320 32293.2 14440.4 62310.3 18121 11340.5 923.737 44189.2 2231.04 10416.7 10351.6 798.715 761.307 257.44 1599.98 41958.2 9643.74 1546.95 101.787 9552.86 2736.36 9266.71 12037.6 6780.56
internal_count=803107 729915 65916 663999 484546 73280 21946 179453 73192 411266 106502 66669 5439 304764 13674 61230 60901 4510 4293 1491 9922 291090 51334 9552 598 56391 13783 49252 60651 39833
is_linear=0
shrinkage=0.05


Tree=124
num_leaves=31
num_cat=0
split_feature=3 17 12 23 5 12 23 23 20 3 17 17 20 12 25 9 17 12 20 13 12 20 9 25 13 17 20 13 23 12
split_gain=92.251 81.9618 75.5925 184.646 142.409 113.196 136.538 111.986 124.861 107.403 166.633 105.895 137.678 180.412 135.403 125.768 116.525 115.713 114.396 104.415 99.3265 129.691 98.7766 97.9307 96.2702 116.839 93.1563 159.862 119.647 112.475
threshold=364.24643816053873 217.55000305175784 2.7198142414860684 0.75663212000000013 5.5000000000000009 2.8436532507739942 1.4620874500000001 0.31938626000000009 13.933258056640627 89.416091926395907 167.31060028076175 179.88861083984378 21.092330932617191 11.018575851393191 21.581031483411792 32.500000000000007 162.1801452636719 4.3544891640866874 89.358283996582045 -4.784710712038879 1.4659442724458207 -10.190521240234373 40.500000000000007 23.482144188880927 -59.412463241317319 189.05049133300784 50.940284729003913 -22.440938972882439 2.1617061000000004 9.1253869969040267
decision_type=2 2 2 2 2 2 2 2 2 2 2 2 2 2 2 2 2 2 2 2 2 2 2 2 2 2 2 2 2 2
left_child=1 2 3 4 20 6 -4 8 -6 22 -11 15 19 14 -14 17 -17 -7 -18 -13 -1 -22 -5 -20 25 -16 27 29 -29 -19
right_child=-2 -3 5 9 7 11 -8 -9 -10 10 -12 12 13 -15 24 16 18 26 23 -21 21 -23 -24 -25 -26 -27 -28 28 -30 -31
leaf_value=-0.000498208834962368 0.028340198333177077 -0.010344660319848056 -0.019417533990958941 0.0068831355133390009 -0.032038738702083673 0.0037139954188633614 0.0058553928063329128 -0.0017052507540255329 0.020600717700290094 0.031326178551798464 -0.0053632269419575827 -0.00094850321982917424 -0.0032665202225130221 0.023975836343450161 -0.0051345498144437333 -0.086411791407312408 -0.016018206789079593 -0.005155918276428334 0.022011275301333812 -0.011541753753421063 -0.029744856729615462 -0.0077815034552769146 -0.0029825965339800747 -0.023242659739147426 0.0029110892661733498 0.018081626151960222 -0.0086864946937594157 0.012142397645689723 -0.020395996568441897 -0.040220594693771962
leaf_weight=1713.2750005474081 288.58056850382127 1854.0626444052905 1646.3851263748948 20210.522919688839 124.83326817699708 6419.991716112243 790.4630378006259 5404.2039762791246 1082.1069472308736 332.5942889128346 4279.719058042625 21587.555253877304 8485.032387169078 978.06591268628836 713.23806264251471 51.601310199126601 2462.3869644403458 2667.9876640038565 406.4243530407548 2606.1520206686109 1047.4580046962947 1875.4946640555281 2900.7035837247968 168.27004997804761 22589.84008605592 2250.4017490781844 6478.2178366568405 2521.4590218350058 317.24140247306786 249.19197407923639
leaf_count=9583 46602 10013 9716 129533 925 53857 4813 42404 9012 17431 43294 104439 41122 6612 3366 276 11580 13871 2215 13542 5645 9611 14514 900 113943 10897 43674 27905 2544 1182
internal_value=0.000152134 8.64188e-05 0.000244558 0.00206245 -0.00334077 -0.000605018 -0.0112205 0.00137081 0.0151342 0.00425456 -0.00271133 -0.000285337 0.000810519 0.00281458 0.00220584 -0.00326949 -0.0126132 -0.0017218 -0.0113313 -0.00209004 -0.0100582 -0.0156597 0.00564481 0.0087436 0.004023 0.0124945 -0.00457436 5.45257e-05 0.00850014 -0.00816398
internal_weight=124503 124215 122361 38970.9 11247.4 83389.9 2436.85 6611.14 1206.94 27723.5 4612.31 80953.1 59210.3 35016.6 34038.5 21742.8 3088.68 18654.1 3037.08 24193.7 4636.23 2922.95 23111.2 574.694 25553.5 2963.64 12234.1 5755.88 2838.7 2917.18
internal_count=805021 758419 748406 281952 77180 466454 14529 52341 9937 204772 60725 451925 293921 175940 169328 158004 14971 143033 14695 117981 24839 15256 144047 3115 128206 14263 89176 45502 30449 15053
is_linear=0
shrinkage=0.05


Tree=125
num_leaves=31
num_cat=0
split_feature=15 6 22 14 23 21 20 21 14 14 14 14 17 17 25 14 14 14 22 23 14 21 22 14 14 1 25 9 22 22
split_gain=87.9223 71.9084 64.9816 137.725 181.069 127.023 107.256 172.433 185.547 145.109 286.416 123.427 334.894 194.333 159.714 212.596 201.393 184.008 324.571 294.613 191.889 142.914 199.529 165.158 136.143 143.056 135.138 175.646 126.946 140.592
threshold=24.162032127380375 22.500000000000004 0.45226171500000006 268.50000000000006 1.9593707000000002 1.3154362500000001 0.98529052734375011 -1.2603949499999998 235.50000000000003 219.50000000000003 202.50000000000003 197.50000000000003 174.79044342041018 179.44565582275393 20.997501736879354 217.50000000000003 257.50000000000006 234.50000000000003 -0.15288999499999997 0.42142683000000009 221.50000000000003 -0.22205014999999997 0.16993466000000004 213.50000000000003 258.50000000000006 17.061446547508243 24.131919300556188 19.500000000000004 0.25870698500000006 0.26599726000000007
decision_type=2 2 2 2 2 2 2 2 2 2 2 2 2 2 2 2 2 2 2 2 2 2 2 2 2 2 2 2 2 2
left_child=1 2 6 -4 5 -5 -1 8 9 10 -8 12 -9 24 16 21 -15 18 20 -20 -17 22 -16 28 25 -13 -26 -28 -24 -30
right_child=-2 -3 3 4 -6 -7 7 11 -10 -11 -12 13 -14 14 15 17 -18 -19 19 -21 -22 -23 23 -25 26 -27 27 -29 29 -31
leaf_value=-0.0023013716715011351 0.033619811039497412 -0.0067926912909884347 -0.0010409880756501548 -0.025182141600483862 0.048186144832973496 0.013965851218539299 0.0039572863813900211 0.025072518690504825 0.027326189168209149 -0.01199366910786316 0.044703377461345575 -0.010671338902746644 0.0020388281446926059 -0.0089801072537403631 -0.020065091472643615 0.00072348438844040065 0.012103716352274951 0.0028154676316187069 0.021366134761721261 -0.0097982787281570942 0.029630249214011709 0.0011976975199300926 0.042508605383515946 0.054268492790932703 0.015175334977398026 0.008882754126527297 0.0036399395720119014 -0.033712673719260559 -0.10026034449077466 -0.0061381684450471877
leaf_weight=21234.260297014611 192.50257768889423 3898.0031898915768 29609.509724811302 1414.9541428403463 104.26422363892198 242.06488490011543 2796.6524982885458 1854.1463252585381 1234.5572312579025 941.98070181906223 508.97856269450858 8342.7090330021456 10566.43092268426 5885.0983503935859 2141.604855239857 729.31844057701528 1401.5830481462181 15578.851162350737 1187.4684721473604 2094.4926298251376 2697.4986131554469 4928.2724719187245 104.22122170776129 170.6886643525213 1389.537214177195 1052.6686878628097 1218.2667361120693 423.282545812428 46.515198037028313 241.39376567862928
leaf_count=112528 53103 18983 165581 7985 831 1368 18526 25984 11459 7325 3441 50538 54734 31937 11673 4108 8121 93913 5634 10506 17330 26402 447 817 8834 34829 12944 2503 206 1127
internal_value=-5.75186e-05 -0.000110055 0.000106819 -0.00184924 -0.0154288 -0.0194583 0.000798089 0.00177262 0.0102718 0.00530975 0.0102427 0.0010216 0.00547904 -9.39412e-05 0.00171415 0.00333078 -0.00492356 0.00579717 0.0127197 0.0014806 0.0234801 -0.00387092 -0.0131045 0.0133702 -0.00550739 -0.00847976 0.00370577 -0.0060063 -0.00452506 -0.0216391
internal_weight=124232 124039 120141 31370.8 1761.28 1657.02 88770.5 67536.2 5482.17 4247.61 3305.63 62054 12420.6 49633.5 37207 29920.3 7286.68 22287.6 6708.78 3281.96 3426.82 7632.7 2704.42 562.819 12426.5 9395.38 3031.09 1641.55 392.13 287.909
internal_count=803717 750614 731631 175765 10184 9353 555866 443338 40751 29292 21967 402587 80718 321869 212221 172163 40058 131491 37578 16140 21438 40672 14270 2597 109648 85367 24281 15447 1780 1333
is_linear=0
shrinkage=0.05


Tree=126
num_leaves=31
num_cat=0
split_feature=12 18 21 12 21 21 12 21 20 20 18 1 22 22 10 5 20 18 5 3 21 21 12 21 9 22 21 12 20 12
split_gain=83.5743 145.242 121.582 143.692 98.3832 142.053 136.983 112.916 93.9041 183.317 110.969 110.476 98.8812 87.8222 87.8112 135.692 86.41 86.0464 85.2183 130.619 104.107 91.0136 82.9856 78.7125 76.8517 76.7072 72.0553 68.7214 67.1906 65.7479
threshold=2.7198142414860684 173.25000000000003 1.5015317500000001 5.0882352941176476 1.4200350000000002 1.4441750000000002 2.7848297213622297 -1.4169934999999998 37.02986145019532 9.615272521972658 163.92513275146487 12.474182009696962 0.26599726000000007 -0.55092459999999999 -21.701666325330731 1.5000000000000002 59.627311706542976 169.52228546142581 6.5000000000000009 48.577589623630054 0.57696247500000009 -0.43871623499999995 2.6919504643962853 1.4806700500000003 8.5000000000000018 0.65944034000000007 -2.1536850999999992 1.0758513931888547 89.358283996582045 2.6640866873065021
decision_type=2 2 2 2 2 2 2 2 2 2 2 2 2 2 8 2 2 2 2 2 2 2 2 2 2 2 2 2 2 2
left_child=1 8 4 24 6 -6 7 -2 9 10 -1 -10 29 -5 -8 26 -15 -14 22 21 -21 -20 -3 27 -4 -12 -16 -23 -7 -11
right_child=2 18 3 13 5 28 14 -9 11 12 25 -13 17 16 15 -17 -18 -19 19 20 -22 23 -24 -25 -26 -27 -28 -29 -30 -31
leaf_value=0.024241802733111214 0.056233028680133516 -0.003461847004016741 -0.0079890282048915226 -0.045324029246468819 0.048447658983506746 0.0086738304118286393 0.001848712780187499 -0.020710011050227638 -0.0018183215813665447 0.034725370919231786 -0.00032364180892276704 0.01109209042453555 0.030237567670500481 0.047847111537838077 0.038554348332044831 -0.00094010936299072196 0.0019728713953373312 -0.0090208348145270727 0.022304921191149608 0.0038475213506806889 -0.0085956259594682557 0.021152171179788345 0.025724941393850499 0.029485901245625147 -0.028933358133819947 0.018867723639742782 -0.011717427028442213 -0.00070530925476281587 -0.049033607695369907 -0.033670609462002919
leaf_weight=671.73215268808417 48.810324288439006 13808.28387754783 833.78732398618013 59.001851363340393 246.42336115706712 474.264822662808 27291.945665441919 1144.1619961863616 5347.1885354903061 1127.973658951465 3673.9987910627387 2399.9411463252036 237.11831780290231 163.39256453968119 71.718555735424161 49326.050666168681 273.56525504542515 336.4642573390156 1098.4016385991126 4097.2868119045161 2848.9187619155273 426.26893827691674 246.92250385321677 305.78333255648613 924.08474552957341 605.63897676020861 3718.4642801978625 2270.5807625632733 55.432728247251362 35.507353026769124
leaf_count=14060 390 70466 6103 379 1543 2625 139089 7421 32312 15653 20106 59775 3934 930 364 321216 1393 2115 6923 33681 20373 2332 1208 1549 5029 3355 18020 10924 272 466
internal_value=3.571e-05 0.00193351 -0.000850918 -0.0123056 -0.000537374 0.0171689 -0.00070599 -0.0175174 0.00592954 0.0102693 0.00536405 0.00218204 0.02424 0.0114453 -0.000456353 -0.00164074 0.0191968 0.00723292 -0.000364614 0.00292126 -0.00125642 0.00999586 -0.0029473 0.00548712 -0.0190093 0.00239602 -0.0107563 0.00275608 0.00255374 0.0326109
internal_weight=124169 39538 84631.1 2253.83 82377.3 776.121 81601.2 1192.97 14435.6 6688.43 4951.37 7747.13 1737.06 495.96 80408.2 53116.2 436.958 573.583 25102.4 11047.2 6946.21 4101.03 14055.2 3002.63 1757.87 4279.64 3790.18 2696.85 529.698 1163.48
internal_count=804006 299232 504774 13834 490940 4440 486500 7811 151776 59689 37521 92087 22168 2702 478689 339600 2323 6049 147456 75782 54054 21728 71674 14805 11132 23461 18384 13256 2897 16119
is_linear=0
shrinkage=0.05


Tree=127
num_leaves=31
num_cat=0
split_feature=12 5 11 20 23 3 23 12 20 5 12 20 12 11 11 9 19 12 11 23 23 20 10 5 23 12 23 23 23 9
split_gain=87.2075 131.394 122.669 226.856 113.565 180.475 137.67 169.782 152.935 107.045 98.2057 96.7804 103.49 100.813 93.9097 91.6914 91.3584 85.4925 169.789 95.2809 107.641 83.0618 82.7255 103.159 110.211 73.9356 71.9613 71.8158 69.6602 111.169
threshold=2.7198142414860684 15.500000000000002 100.96431947589475 37.02986145019532 0.79899701500000009 47.993512723594911 0.31938626000000009 1.4195046439628485 16.297058105468754 7.5000000000000009 2.4318885448916414 -6.5469207763671866 1.7647058823529413 26.484862307103892 1.997763432919887 50.500000000000007 0.57352942228317272 2.7848297213622297 25.058431991205868 1.4709324000000004 1.8540950500000002 -1.439338684082031 -20.404867605864997 1.5000000000000002 2.1419693000000004 1.4659442724458207 1.25831 2.4623731000000002 0.42142683000000009 5.5000000000000009
decision_type=2 2 2 2 2 2 2 2 2 2 2 2 2 2 2 2 2 2 2 2 2 2 8 2 2 2 2 2 2 2
left_child=1 4 17 -4 6 9 7 14 -9 -6 25 12 -8 -13 -1 -15 -7 18 -2 26 21 -21 -19 24 -24 -10 28 -22 29 -20
right_child=2 -3 3 -5 5 16 11 8 10 -11 -12 13 -14 15 -16 -17 -18 22 19 20 27 -23 23 -25 -26 -27 -28 -29 -30 -31
leaf_value=-0.04522610698623715 -0.085699065065699936 0.014876987179201023 -0.027760878395347223 0.022040937431303569 0.0045104967323722602 0.0028009036834138966 -0.0066548672506062407 -0.022916141008584273 -0.040586560367590618 0.014707864049372382 -0.012394076821605975 0.037567195600489892 -0.030284784860060324 -0.0013111436095279308 0.033150837292899818 -0.017926741519596716 -0.0067608049412317493 0.0014987027512399472 -0.079643618447088171 -0.0077548232412765136 -0.022424336781817752 0.063130642435713549 -0.0131706666082139 -0.0011143539614673701 0.030124855351964477 0.026537844737290442 -0.049811052234819915 0.055797929974902717 -0.0028746342699178403 0.0019432542323321808
leaf_weight=39.67156995087862 74.855844631791115 1902.0706445026444 979.99581886851229 297.34485741250683 12422.07000135188 4999.8576134431642 1332.3469425914809 516.08971478138119 43.15580112952739 3245.652306730859 306.28702349262312 151.92933205096051 710.07013552915305 6463.714707657462 671.66094040614553 951.71576238423586 4990.9001685073599 34890.309319066815 84.529547742684372 61.936075027100742 206.36026801716071 121.99553857964929 2741.8226867220365 44246.771549791796 154.37951151840389 599.31380108627491 148.56753002875485 33.207870565587655 540.3748606776353 81.48282321728766
leaf_count=201 418 53219 6062 2881 66345 50880 6830 3341 288 20450 1583 1555 3921 42057 4557 4263 35249 176537 609 359 1342 978 13201 296694 853 3851 974 193 3493 365
internal_value=0.00011561 0.00206055 -0.000788292 -0.0161596 0.00140914 0.00327533 -0.00265357 0.00869957 -0.00103649 0.00662374 0.0108769 -0.00522517 -0.0148809 -0.00261749 0.0287223 -0.00344576 -0.00197586 -0.000552639 -0.0130127 -0.0086931 0.0106844 0.0393482 -0.000346928 -0.00171287 -0.0108532 0.0219729 -0.018293 -0.0113946 -0.0116031 -0.039827
internal_weight=124010 39346.5 84663.9 1277.34 37444.4 25658.5 11786 2176.18 1464.85 15667.7 948.757 9609.78 2042.42 7567.36 711.333 7415.43 9990.76 83386.6 1353.31 1278.45 423.5 183.932 82033.3 47143 2896.2 642.47 854.955 239.568 706.387 166.012
internal_count=803549 298590 504959 8943 245371 172924 72447 13821 9063 86795 5722 58626 10751 47875 4758 46320 86129 496016 8731 8313 2872 1337 487285 310748 14054 4139 5441 1535 4467 974
is_linear=0
shrinkage=0.05


Tree=128
num_leaves=31
num_cat=0
split_feature=5 1 20 23 3 16 22 14 24 23 23 14 22 13 14 22 13 4 4 22 18 14 23 18 14 24 14 1 22 22
split_gain=81.6258 212.216 130.105 96.3225 87.3587 98.1834 91.273 194.421 141.871 89.1389 91.2596 233.064 98.1133 102.59 94.1852 118.459 170.801 118.42 92.8209 95.9199 103.417 88.9636 220.553 130.498 131.679 97.44 145.553 142.4 118.126 104.394
threshold=14.500000000000002 29.429925799369816 47.123107910156257 1.1008879500000004 49.774866141378887 0.36764706671237951 0.3967179950000001 169.50000000000003 7.5000000000000009 2.4041249500000004 0.64900642500000016 264.50000000000006 -0.29544110999999995 -34.223689303690151 226.50000000000003 -0.30655443499999996 -19.069171515377032 26.5664331689477 81.932634789496674 -0.5146114249999999 169.10294342041018 180.50000000000003 1.2105088500000003 165.29412078857425 170.50000000000003 4.5000000000000009 193.50000000000003 22.074687719345096 -0.15288999499999997 0.066633861500000016
decision_type=2 2 2 2 2 2 2 2 8 2 2 2 2 2 2 2 2 2 2 2 2 2 2 2 2 8 2 2 2 2
left_child=4 2 -2 -4 9 -6 21 8 -8 10 11 14 -13 -14 15 -1 17 -17 -16 -20 -21 22 23 -7 -25 26 -23 -28 -27 -30
right_child=1 -3 3 -5 5 6 7 -9 -10 -11 -12 12 13 -15 18 16 -18 -19 19 20 -22 25 -24 24 -26 28 27 -29 29 -31
leaf_value=-0.010682636617426099 0.014682744818077 0.03422373352418679 -0.0060118488529246044 0.0059785489741314502 0.033508226480991804 0.021087888394152474 0.034595516190987115 -0.010928143854485371 -0.0063677896587375745 -0.0097353775824781802 0.0015865068372675891 -0.0085292401137516734 -0.023022118649824952 0.028294426955705915 -0.012503934227153691 -0.013280446705906661 0.014809124390420271 0.0018093926208477128 -0.040695163573170663 -0.016355228406653516 0.01616559839337162 0.014760640657150921 0.002891523688339516 -0.012163456909707847 -0.038267107773883952 0.0094222888671911739 -0.011755216099125457 0.0086290955695235635 -0.010609640087788551 0.0042693340653213218
leaf_weight=2587.4332432984374 1777.8355868149083 566.80338414583821 3654.7483124365099 3090.2664810940623 184.45398365345318 186.69258229713887 432.39504412375391 6240.692086778814 412.08232785435393 2084.1381083750166 66868.366817405447 301.13513647392392 106.68677246756852 1041.3364647906274 4574.4638002328575 1777.8867382025346 1884.5255416599102 4830.5556678343564 115.55823979154229 342.07889791671187 849.98700380325317 849.66467421036214 2485.1085136842448 1219.8805148890242 800.52217595372349 4617.5064522582106 4144.0935972640291 1079.1939962999895 1972.7236996274441 2926.4623317862861
leaf_count=13114 21386 81122 30038 28048 12366 3004 3253 36165 2817 11883 341534 1555 492 5719 20503 9235 9638 22221 537 1804 4385 6349 16493 7402 4571 31708 24972 18804 13344 18965
internal_value=6.51355e-05 0.00462607 0.00265393 -0.000518309 -0.000295665 -0.00275048 -0.00299608 -0.00788113 0.0146226 0.000478516 0.000728242 -0.00238876 0.0168507 0.0235097 -0.00403335 -0.00131847 0.0015353 -0.00225166 -0.0091464 0.00259985 0.00682744 -0.00128925 -0.0073245 -0.0188235 -0.02252 0.000527605 -0.00442035 -0.00754273 0.00368521 -0.00172283
internal_weight=124005 9089.65 8522.85 6745.01 114916 27551.5 27367 7085.17 844.477 87364.2 85280 18411.6 1449.16 1148.02 16962.5 11080.4 8492.97 6608.44 5882.09 1307.62 1192.07 20281.8 4692.2 2207.1 2020.4 15589.6 6072.95 5223.29 9516.69 4899.19
internal_count=803427 160594 79472 58086 642833 200213 187847 42235 6070 442620 430737 89203 7766 6211 81437 54208 41094 31456 27229 6726 6189 145612 31470 14977 11973 114142 50125 43776 64017 32309
is_linear=0
shrinkage=0.05


Tree=129
num_leaves=31
num_cat=0
split_feature=15 22 21 24 22 21 13 22 13 21 9 21 22 21 5 22 22 22 21 21 21 2 5 24 10 21 21 21 2 21
split_gain=74.676 61.8322 107.633 147.975 178.028 112.703 109.45 94.2972 90.4601 100.293 173.104 117.264 141.555 112.546 111.053 110.58 107.637 90.6843 121.378 152.892 118.879 90.2376 84.1551 93.4028 81.7823 80.0651 78.6629 144.721 78.4507 73.7105
threshold=25.586019515991214 0.04601305725000001 0.48634322000000002 5.5000000000000009 0.055660221750000009 0.9413359750000001 -34.956531882978069 0.066633861500000016 -39.435043463627615 -1.0846349999999998 34.500000000000007 -0.19994983999999996 0.23699499500000001 0.13841605500000004 6.5000000000000009 0.20379827500000003 0.93355476500000012 0.066633861500000016 -0.56170388999999987 -0.38558338499999995 -0.70725798499999992 34.283709585666664 1.5000000000000002 4.5000000000000009 44.43661360740662 0.88908213500000011 -0.75609549999999992 -0.74160954499999987 13.785349927842619 -0.61522114499999991
decision_type=2 2 2 8 2 2 2 2 2 2 2 2 2 2 2 2 2 2 2 2 2 2 2 10 8 2 2 2 2 2
left_child=1 22 8 4 -4 6 25 -5 9 10 14 15 13 -13 -3 -11 -14 18 -10 -20 26 -17 23 -1 -24 -6 -19 -28 -22 -30
right_child=-2 2 3 7 5 -7 -8 -9 17 11 -12 12 16 -15 -16 21 -18 20 19 -21 28 -23 24 -25 -26 -27 27 -29 29 -31
leaf_value=-0.0041742834802890316 0.034166095712113299 -0.016359106793400104 0.055316009110576991 -0.042548353689848023 0.0185213837076461 -0.0028009694185539692 -0.0040870471988568424 -0.0083969696371711013 0.04409013529734683 0.014415039120842752 0.046310210803365698 -0.0013980532043356775 0.0081634180310810132 -0.038927713628912779 0.020871091268162639 -0.014143191103046363 -0.0097331160960920302 -0.0012035378181404885 -0.12715523316085126 -0.020674783241153016 0.0077839297530845376 -0.058854525096755608 0.0011917517228304342 0.040364558965151356 0.012698191889525964 0.063217878950468959 -0.079727818918570351 -0.0092149422228117242 0.020194970003679796 -0.0011127845275586399
leaf_weight=9216.1043961322866 158.00660676928237 478.4449471347034 141.90795703837648 206.07122332905419 322.02283072285354 7847.211769835907 361.37813858001027 8591.9898728274275 61.373743755277246 333.82591339293867 254.58079481869936 401.46376289613545 2877.7483879770152 396.76768363919109 343.02620473690331 2994.4689575973898 1185.4759938889183 8573.1011654705508 36.475759864784777 343.35637922398746 9228.4963017832488 116.40072350949049 61313.306405830663 118.24187696818262 1583.1637100990629 145.35626258887351 87.073514522518963 420.76957764383405 436.79428404709324 5566.205081616994
leaf_count=46187 50055 2504 989 1240 1711 49225 2446 50179 343 1548 1115 1945 14129 2086 1594 13895 6151 49349 173 2075 42826 739 373272 634 39369 663 397 2405 3302 42455
internal_value=-7.71317e-05 -0.000121047 -0.00144019 -0.00461425 -3.66711e-05 -0.000948314 0.0165761 -0.00920162 0.00019789 -0.00398266 0.0103736 -0.00584353 -0.000842071 -0.0200779 -0.000806215 -0.0128997 0.00294086 0.00178251 -0.020657 -0.0312073 0.00219056 -0.0158345 0.000824094 -0.00360583 0.00148158 0.0325274 -0.00233736 -0.0214378 0.00489006 0.00044073
internal_weight=124141 123983 51751.8 17615.9 8817.88 8675.97 828.757 8798.06 34135.8 9382.2 1076.05 8306.15 4861.46 798.231 821.471 3444.7 4063.22 24753.6 441.206 379.832 24312.4 3110.87 72230.8 9334.35 62896.5 467.379 9080.94 507.843 15231.5 6003
internal_count=805001 754946 295484 106453 55034 54045 4820 51419 189031 45706 5213 40493 24311 4031 4098 16182 20280 143325 2591 2248 140734 14634 459462 46821 412641 2374 52151 2802 88583 45757
is_linear=0
shrinkage=0.05


Tree=130
num_leaves=31
num_cat=0
split_feature=18 20 18 25 25 20 18 20 18 20 20 5 3 21 2 24 5 1 24 21 4 20 24 24 20 4 20 20 25 5
split_gain=86.3165 76.2262 60.2561 70.3554 61.1693 105.945 101.972 121.455 96.0348 127.663 94.087 85.1205 87.0732 83.0612 87.9988 80.9625 71.9734 70.2718 66.6426 65.7981 62.1666 56.7448 56.5602 56.1944 56.0356 54.824 54.3532 53.8982 62.8518 51.4747
threshold=156.30882263183597 85.179145812988295 190.41741943359378 24.483230042457585 30.28137938678265 81.731285095214858 179.23841094970706 95.507575988769545 179.23841094970706 61.02986145019532 56.297058105468757 15.500000000000002 169.95429773628715 -0.72949796999999983 25.893640875816349 5.5000000000000009 19.500000000000004 17.660273194313053 1.0000000180025095e-35 -1.3714820999999997 422.72699279338127 47.609481811523445 5.5000000000000009 4.5000000000000009 65.31754302978517 103.80737090855838 103.28768157958986 -16.078605651855465 26.685620248317722 26.500000000000004
decision_type=2 2 2 2 2 2 2 2 2 2 2 2 2 2 2 8 2 2 10 2 2 2 8 8 2 2 2 2 2 2
left_child=1 -1 4 -4 11 8 7 15 9 -6 -10 12 -2 14 -11 -7 22 21 -18 -17 -15 -13 -9 -12 -16 -3 -24 -5 -29 -27
right_child=2 25 3 27 5 6 -8 16 10 13 23 17 -14 20 24 19 18 -19 -20 -21 -22 -23 26 -25 -26 29 -28 28 -30 -31
leaf_value=0.044423068266711357 0.00022284800864040501 -0.087948001034721335 -0.013272525093527908 -0.01490367615863504 0.020063699343669219 -0.0054923568457516687 0.032696687617204061 -0.037625087124510466 -0.015927725049908331 -0.092080495972022849 -0.019488254896858095 0.01450231268030764 -0.014058106421763901 -0.014912758469127058 -0.12619937986055804 0.028433559609479259 -0.012951653781403833 0.02270344450911772 0.025815601332280315 -0.051346900381891714 0.03316423754016052 0.0010818490953993436 -0.031330610638500948 0.030595777443053303 0.002910092869075244 0.015361778177841122 0.0034707987007846133 -0.00093751258665068251 0.021776626734668375 -0.021909222091273883
leaf_weight=178.35766311490443 108036.69343548245 13.555194328539072 1837.9991464978084 533.28342178277671 964.7710168735357 165.22053375886753 106.92911832779646 237.16716711292975 1021.0755747724324 56.074214307591319 76.556757449172437 1064.2612095656805 1077.0084964004345 183.04638972633984 8.4523120217490924 26.92086817685049 205.41426578583196 614.48060522857122 238.65511030447669 419.60111549485009 104.95254575018771 3023.0542033771053 166.6573500931263 202.01579771470279 75.414802565355785 647.33283025445417 338.63810597569682 1859.3206774229184 363.19492900092155 107.18087436340284
leaf_count=38089 585613 121 9875 3496 39063 2961 666 2415 5211 573 499 8589 11531 2257 470 283 2304 24619 2957 4511 5856 19310 1135 1103 2626 10113 2372 9483 1926 4031
internal_value=3.50165e-05 0.0150691 -8.07791e-05 -0.00569864 0.00013721 -0.00551639 -0.0145359 -0.017361 0.00086912 0.00998787 -0.00890276 0.000365633 8.17601e-05 -0.0127214 -0.0441739 -0.03544 -0.00801799 0.006952 0.00789413 -0.0464841 0.00266159 0.00457898 -0.0175329 0.0168113 -0.0114355 0.0082038 -0.00804667 -0.000644198 0.00278247 0.0100453
internal_weight=123953 946.427 123007 4593.8 118413 4597.56 1905.2 1798.27 2692.36 1392.71 1299.65 113815 109114 427.94 139.941 611.743 1186.53 4701.8 444.069 446.522 287.999 4087.32 742.463 278.573 83.8671 768.069 505.295 2755.8 2222.52 754.514
internal_count=804058 52354 751704 24780 726924 77262 19604 18938 57658 50845 6813 649662 597144 11782 3669 7755 11183 52518 5261 4794 8113 27899 5922 1602 3096 14265 3507 14905 11409 14144
is_linear=0
shrinkage=0.05


Tree=131
num_leaves=31
num_cat=0
split_feature=18 11 12 6 3 12 20 11 11 11 17 23 18 11 23 12 24 13 23 11 24 12 12 12 11 24 11 20 11 24
split_gain=75.5709 72.0557 106.994 111.371 82.4688 79.3481 140.234 296.293 147.833 173.013 145.545 143.452 135.427 120.867 117.327 115.725 113.729 120.275 114.715 102.1 94.2928 107.163 204.488 103.459 127.984 98.4939 106.162 90.9598 89.3407 86.4322
threshold=195.03845977783206 15.017229010400021 11.501547987616101 21.500000000000004 364.24643816053873 5.3374613003095988 48.609481811523445 41.848222688509402 92.67470495860691 59.618031340925135 188.15000152587893 1.4709324000000004 163.00000000000003 15.502362214384931 1.8540950500000002 5.5773993808049545 6.5000000000000009 -17.94683635020311 1.6099775000000003 59.071394312365605 4.5000000000000009 8.5232198142414877 7.0015479876161004 5.5433436532507754 22.113093404139715 1.5000000000000002 36.318281658408999 83.16397857666017 43.371500721841407 6.5000000000000009
decision_type=2 2 2 2 2 2 2 2 2 2 2 2 2 2 2 2 10 2 2 2 8 2 2 2 2 10 2 2 2 10
left_child=1 -1 3 4 5 29 8 12 9 11 -11 13 -8 -7 16 -16 17 27 -18 20 21 22 -15 24 -22 -24 -27 -14 -26 -3
right_child=-2 2 -4 -5 -6 6 7 -9 -10 10 -12 -13 14 19 15 -17 18 -19 -20 -21 23 -23 25 -25 28 26 -28 -29 -30 -31
leaf_value=0.0035239534504271719 -0.0090760841788249391 8.4084399818484313e-05 0.018618606377198723 -0.0094379088474734908 0.028944945784076088 -0.067801578817844918 -0.020755966239148705 -0.035556568876738991 -0.047776309952210896 -0.0010778288777355931 0.023612755516243915 -0.010564792754751232 0.0028588492167223038 0.0010209744677857437 -0.040637564976841456 0.032608253742773284 -0.0093919690688639909 -0.0073610811723920366 -0.045527770020659046 -0.052780139413504894 -0.063386836838791261 0.015505318168989594 -0.058821539707875604 0.0062784583503061294 0.017547672864938985 0.0067376203515839093 -0.044649972482143939 0.02707547752930535 -0.023938187383571771 0.0066536345364895935
leaf_weight=13566.230708446703 2290.4154970981181 73141.119405618636 737.98268414638005 3354.4604691341519 241.43609760317486 61.894923478364944 1134.9482362915296 861.68739628465846 158.78482248121873 1057.3308539558202 1369.2828587237746 3378.9298610272817 1854.0045589990914 1035.6055604914436 61.710839273408055 388.83304917998612 1091.9294588696212 2851.04651232576 274.19443812221289 84.212734105531126 110.62309658713639 414.94471630558837 255.82322767039295 7455.0290775916073 244.88745790871326 199.70959922508337 200.86875536979642 489.40624236315489 273.86716491531115 5373.5131690505659
leaf_count=77609 12517 481962 4560 15778 45462 260 9920 5324 982 6322 6334 19052 8152 5898 437 2264 4967 14138 1204 424 457 2508 1321 37534 1249 1062 1118 2221 1428 31837
internal_value=-8.01613e-05 8.91829e-05 -0.000341668 -0.000472098 -0.000183006 -0.000251019 -0.00268553 -0.00769199 8.11549e-05 0.000554818 0.0128585 -0.00162265 -0.00474048 0.00130095 -0.00214534 0.022508 -0.00384156 -0.000464441 -0.0166728 0.00172374 0.00217925 -0.00723933 -0.0128231 0.00463451 -0.0148173 -0.0346331 -0.0190775 0.00792573 -0.00435796 0.000533781
internal_weight=124015 121724 108158 107420 104066 103824 25309.6 9007.76 16301.8 16143 2426.61 13716.4 8146.07 10337.5 7011.13 450.544 6560.58 5194.46 1366.12 10275.6 10191.4 2106.95 1692.01 8084.41 629.378 656.402 400.578 2343.41 518.755 78514.6
internal_count=804301 791784 714175 709615 693837 648375 134576 48627 85949 84967 12656 72311 43303 53259 33383 2701 30682 24511 6171 52999 52575 11907 9399 40668 3134 3501 2180 10373 2677 513799
is_linear=0
shrinkage=0.05


end of trees

feature_importances:
doy=511
reg_rain_7d=387
rmm2=377
reg_dry=317
rmm1=265
onset_doy_anom=262
mjo_amp=240
mjo_phase=165
clim_first_cand_doy=157
wet_days_30d=141
clim_onset_doy=119
rain_30d=114
clim_false_rate=98
rain_7d_vs_region=96
rain_3d=95
days_since_wet_spell=95
rain_1d=79
clim_dryday_doy=77
onset_threshold_mm=75
days_since_rain=73
spell_deficit=62
clim_rain_doy=56
rain_14d=41
wet_spell_today=41
rain_7d=11
wet_spell_seen=6

parameters:
[boosting: gbdt]
[objective: binary]
[metric: binary_logloss]
[tree_learner: serial]
[device_type: cpu]
[data_sample_strategy: bagging]
[data: ]
[valid: ]
[num_iterations: 132]
[learning_rate: 0.05]
[num_leaves: 31]
[num_threads: 10]
[seed: 0]
[deterministic: 0]
[force_col_wise: 0]
[force_row_wise: 0]
[histogram_pool_size: -1]
[max_depth: -1]
[min_data_in_leaf: 200]
[min_sum_hessian_in_leaf: 0.001]
[bagging_fraction: 0.6]
[pos_bagging_fraction: 1]
[neg_bagging_fraction: 1]
[bagging_freq: 1]
[bagging_seed: 3]
[bagging_by_query: 0]
[feature_fraction: 0.6]
[feature_fraction_bynode: 1]
[feature_fraction_seed: 2]
[extra_trees: 0]
[extra_seed: 6]
[early_stopping_round: 0]
[early_stopping_min_delta: 0]
[first_metric_only: 0]
[max_delta_step: 0]
[lambda_l1: 0]
[lambda_l2: 1]
[linear_lambda: 0]
[min_gain_to_split: 0]
[drop_rate: 0.1]
[max_drop: 50]
[skip_drop: 0.5]
[xgboost_dart_mode: 0]
[uniform_drop: 0]
[drop_seed: 4]
[top_rate: 0.2]
[other_rate: 0.1]
[min_data_per_group: 100]
[max_cat_threshold: 32]
[cat_l2: 10]
[cat_smooth: 10]
[max_cat_to_onehot: 4]
[top_k: 20]
[monotone_constraints: ]
[monotone_constraints_method: basic]
[monotone_penalty: 0]
[feature_contri: ]
[forcedsplits_filename: ]
[refit_decay_rate: 0.9]
[cegb_tradeoff: 1]
[cegb_penalty_split: 0]
[cegb_penalty_feature_lazy: ]
[cegb_penalty_feature_coupled: ]
[path_smooth: 0]
[interaction_constraints: ]
[verbosity: -1]
[saved_feature_importance_type: 0]
[use_quantized_grad: 0]
[num_grad_quant_bins: 4]
[quant_train_renew_leaf: 0]
[stochastic_rounding: 1]
[linear_tree: 0]
[max_bin: 255]
[max_bin_by_feature: ]
[min_data_in_bin: 3]
[bin_construct_sample_cnt: 200000]
[data_random_seed: 1]
[is_enable_sparse: 1]
[enable_bundle: 1]
[use_missing: 1]
[zero_as_missing: 0]
[feature_pre_filter: 1]
[pre_partition: 0]
[two_round: 0]
[header: 0]
[label_column: ]
[weight_column: ]
[group_column: ]
[ignore_column: ]
[categorical_feature: ]
[forcedbins_filename: ]
[precise_float_parser: 0]
[parser_config_file: ]
[objective_seed: 5]
[num_class: 1]
[is_unbalance: 0]
[scale_pos_weight: 1]
[sigmoid: 1]
[boost_from_average: 1]
[reg_sqrt: 0]
[alpha: 0.9]
[fair_c: 1]
[poisson_max_delta_step: 0.7]
[tweedie_variance_power: 1.5]
[lambdarank_truncation_level: 30]
[lambdarank_norm: 1]
[label_gain: ]
[lambdarank_position_bias_regularization: 0]
[eval_at: ]
[multi_error_top_k: 1]
[auc_mu_weights: ]
[num_machines: 1]
[local_listen_port: 12400]
[time_out: 120]
[machine_list_filename: ]
[machines: ]
[gpu_platform_id: -1]
[gpu_device_id: -1]
[gpu_device_id_list: ]
[gpu_use_dp: 0]
[num_gpu: 1]

end of parameters

pandas_categorical:[]
